075INCH	075INCH	amazon.in	HTTPS://WWW.AMAZON.IN/ALUMINUM-DIAMOND-0-075INCH-BRIGHT-THICKNESS/DP/B0CMXYK57K
1HOMEFURNIT	1HOMEFURNIT	amazon.in	HTTPS://WWW.AMAZON.IN/1HOMEFURNIT-COMPATIBLE-HARDWARE-CAPACITY-INCLUDED/DP/B08C2JV8X8
1HOMEFURNIT	1HOMEFURNIT	amazon.in	HTTPS://WWW.AMAZON.IN/1HOMEFURNIT-BRACKET-CURVED-EXTENSION-400X400MM/DP/B08C2DRQWZ
318NETECH	318NETECH	amazon.in	HTTPS://WWW.AMAZON.IN/318NETECH-BULLET-CAMERAS/DP/B0D81711ML
3DYYCX	3DYYCX	amazon.in	HTTPS://WWW.AMAZON.IN/3DYYCX-ESDEATH-BEDROOM-BRITHDAY-ACRYLIC/DP/B097F42HVD
3IDEAIMAGINECREATEPRINT	3IDEAIMAGINECREATEPRINT	amazon.in	HTTPS://WWW.AMAZON.IN/STORES/3IDEAIMAGINECREATEPRINT/PAGE/3B5E76A2-6D8B-4B3D-9003-E88B002B2D26
3IDEAIMAGINECREATEPRINT	3IDEAIMAGINECREATEPRINT	amazon.in	HTTPS://WWW.AMAZON.IN/STORES/3IDEAIMAGINECREATEPRINT/3IDEAFILAMENTS_3DPRINTINGMATERIALS/PAGE/3C5F52DE-4714-491C-BA56-4505583EBB78
3IDEAIMAGINECREATEPRINT	3IDEAIMAGINECREATEPRINT	amazon.in	HTTPS://WWW.AMAZON.IN/STORES/3IDEAIMAGINECREATEPRINT/INDUSTRIALPRINTER_3DPRINTERS/PAGE/EDE0029E-D865-4846-9788-9ADADB4ADC02
47KRATE	47KRATE	amazon.in	HTTPS://WWW.AMAZON.IN/47KRATE-VICTORIAS-SECRET-VANILLA-FRAGRANCE/DP/B0197GP2T6
4AJBAZAAR	4AJBAZAAR	amazon.in	HTTPS://WWW.AMAZON.IN/4AJ-BAZAAR/DP/B0CJMTBLTG
4AJBAZAAR	4AJBAZAAR	amazon.in	HTTPS://WWW.AMAZON.IN/STORES/4AJBAZAAR/PAGE/25C70A69-4970-4857-9A40-DE5014648DB7
4PAWSLIFE	4PAWSLIFE	amazon.in	HTTPS://WWW.AMAZON.IN/4PAWSLIFE-TIMING-FEEDER-AUTOMATICALLY-MUSIC/DP/B07QPVPZYH
5PILLARS	5PILLARS	amazon.in	HTTPS://WWW.AMAZON.IN/5PILLARS-BOARD-GAME-ULTIMATE-EXPERIENCE/DP/B009O821GU
685AC	685AC	amazon.in	HTTPS://WWW.AMAZON.IN/OLD-DUTCH-685AC-HAMMERED-ANTIQUE/DP/B07KK44K84
6XIGOUMA	6XIGOUMA	amazon.in	HTTPS://WWW.AMAZON.IN/6XIGOUMA-DECOMPRESSION-BACK-BELT-TRACTION/DP/B0BFCTV9SF
7OCLOCK	7OCLOCK	amazon.in	HTTPS://WWW.AMAZON.IN/7OCLOCK-SUPER-PLATINUM-PREMIUM-BLADES/DP/B07JC7PVYL
7WINS	7WINS	amazon.in	HTTPS://WWW.AMAZON.IN/7WINS-SPAGHETTI-STRAPPED-BODYSUIT-JUMPSUIT/DP/B06XKJ563F
8HMOON	8HMOON	amazon.in	HTTPS://WWW.AMAZON.IN/8HMOON-STRIPE-FITTED-SHEET-QUEEN/DP/B09CPFVGXJ
8WASAI	8WASAI	amazon.in	HTTPS://WWW.AMAZON.IN/8WASAI-TRIANGLE-LIGHTS-COMPATIBLE-BEDROOM/DP/B08SW9JR2F
AABOLI	AABOLI	amazon.in	HTTPS://WWW.AMAZON.IN/AABOLI-COTTON-STRAIGHT-FIT-KURTI/DP/B014W5AW7O
AADAR	AADAR	amazon.in	HTTPS://WWW.AMAZON.IN/AADAR-STRAIGHT-STRENGTH-ASHWAGANDHA-FENUGREEK/DP/B09M38YV1F
AADAR	AADAR	amazon.in	HTTPS://WWW.AMAZON.IN/STORES/AADAR/PAGE/2FEEF55E-A58F-4143-B04B-FE1B31773CFE
AAIVI	AAIVI	amazon.in	HTTPS://WWW.AMAZON.IN/AAIVI-WOMEN-ORANGE-STRIPED-DESIGN/DP/B09TH8ZYHR
AAOVEFOX	AAOVEFOX	amazon.in	HTTPS://WWW.AMAZON.IN/AAOVEFOX-EDUCATIONAL-IMAGINATION-CREATIVITY-ACCESSORIES/DP/B0D9P3RRLZ
AAOVEFOX	AAOVEFOX	amazon.in	HTTPS://WWW.AMAZON.IN/AAOVEFOX-PRESSURE-MULTIPURPOSE-RECHARGEABLE-ADJUSTABLE/DP/B0F847YTCV
AAOVEFOX	AAOVEFOX	amazon.in	HTTPS://WWW.AMAZON.IN/FLICKERING-WATERPROOF-DECORATION-LIGHTING-ATTACHMENT/DP/B0CYT6SG9Q
AARAL	AARAL	amazon.in	HTTPS://WWW.AMAZON.IN/AARAL-FASHION-WOMEN-COTTON-STRAIGNT/DP/B0B4B3Y2ZK
AARU2K	AARU2K	amazon.in	HTTPS://WWW.AMAZON.IN/AARU2K-ADJUSTABLE-DUMBBELLS-BARBELL-WEIGHTS/DP/B096R3SC6J
AASTIN	AASTIN	amazon.in	HTTPS://WWW.AMAZON.IN/AASTIN-TENDONITIS-ARTHRITIS-ADJUSTABLE-ALUMINUM/DP/B098N5RSD4
AASTIN	AASTIN	amazon.in	HTTPS://WWW.AMAZON.IN/AASTIN-THUMB-BRACE-LIGHTWEIGHT-SUPPORT/DP/B0D89RD83Z
AASTIN	AASTIN	amazon.in	HTTPS://WWW.AMAZON.IN/AASTIN-THUMB-BRACE-LIGHTWEIGHT-SUPPORT/DP/B0D8B7GVPY
ABACAD	ABACAD	amazon.in	HTTPS://WWW.AMAZON.IN/ABACAD-MICROWAVE-EXPANDABLE-TOASTER-3-TIER/DP/B09TRFBJK6
ABAXACA	ABAXACA	amazon.in	HTTPS://WWW.AMAZON.IN/ABAXACA-DOG-STAINLESS-TRAINING-NECKLACE/DP/B07TGJ5GNQ
ABCDEF	ABCDEF	amazon.in	HTTPS://WWW.AMAZON.IN/ABCDEF/S?K=ABCDEF
ABDQPC	ABDQPC	amazon.in	HTTPS://WWW.AMAZON.IN/ABDQPC-SWING-FRAME-HEIGHT-LENGTH/DP/B07W1Z8SSG
ABENDEDIAN	ABENDEDIAN	amazon.in	HTTPS://WWW.AMAZON.IN/ABENDEDIAN-COLORBLOCK-SWEATSHIRT-BLACK-WHITE-XXX-LARGE/DP/B08CDJGBPW
ABESSLON	ABESSLON	amazon.in	HTTPS://WWW.AMAZON.IN/ABESSLON-6PCS-SET-MARIO-FIGURES/DP/B0CSCVXR3K
ABIMY	ABIMY	amazon.in	HTTPS://WWW.AMAZON.IN/ABIMY-SILICONE-MULTIFUNCTION-INCREASE-FRICTION/DP/B09CKPBXXQ
ABIOSER	ABIOSER	amazon.in	HTTPS://WWW.AMAZON.IN/ADJUSTABLE-ABIOSER-MULTI-FUNCTION-ANTI-ROLLOVER-FOLDING/DP/B09NVF2T5W
ABITONCC	ABITONCC	amazon.in	HTTPS://WWW.AMAZON.IN/ABITONCC-NECKLACE-MERMAID-WEDDING-DECORATION/DP/B085SYFVQX
ABIZOE	ABIZOE	amazon.in	HTTPS://WWW.AMAZON.IN/ABIZOE-NON-STICK-REMOVABLE-EFFICIENT-EXCELLENT/DP/B0B2W7ZT7Y
ABLEDIY	ABLEDIY	amazon.in	HTTPS://WWW.AMAZON.IN/ABLEDIY-TRANSLUCENT-PLASTIC-DIFFUSER-BACKGROUND/DP/B00XJT7N9A
ABODEN	ABODEN	amazon.in	HTTPS://WWW.AMAZON.IN/ABODEN-NON-STICK-SILICONE-BAKING-ORANGE/DP/B01G9CJMPG
ABOE	ABOE	amazon.in	HTTPS://WWW.AMAZON.IN/ABOE-HASSAN-EMMANUEL-HIEL/DP/1377007456
ABOIL	ABOIL	amazon.in	HTTPS://WWW.AMAZON.IN/ABOIL-HEATSET-TRADITIONAL-CLASSICAL-90X150CM/DP/B08NJSQ92X
ABOIL	ABOIL	amazon.in	HTTPS://WWW.AMAZON.IN/ABOIL-TRADITIONAL-KASHMIRI-CLASSICAL-90X150CM/DP/B08N6QNHTV
ABOONLYS	ABOONLYS	amazon.in	HTTPS://WWW.AMAZON.IN/BUDDHIST-MEDITATION-NEPAL-100-HANDMADE-DECORATION/DP/B09KC3SGM3
ABRIMELODI	ABRIMELODI	amazon.in	HTTPS://WWW.AMAZON.IN/ABRIMELODI-APPROVED-CONTAINER-ORGANIZER-COLLAPSIBLE/DP/B08XJ2QLZ2
ABROCA	ABROCA	amazon.in	HTTPS://WWW.AMAZON.IN/ABROCA-CUSHIONS-SCIATICA-TAILBONE-WHEELCHAIR/DP/B0B938DQGH
ABROZ	ABROZ	amazon.in	HTTPS://WWW.AMAZON.IN/ABROZ-POWER-BADMINTON-RACKET-STRUNG/DP/B09HMDJQ7K
ABSUPER	ABSUPER	amazon.in	HTTPS://WWW.AMAZON.IN/ABSUPER-PORTABLE-RESISTANCE-EQUIPMENT-BODYBUILDING/DP/B086ZR5Z42
ABSUPER	ABSUPER	amazon.in	HTTPS://WWW.AMAZON.IN/ABSUPER-VEGETABLE-MANDOLINE-MULTIFUNCTIONAL-SEPARATOR/DP/B0BXNCWXJS
ABTSICA	ABTSICA	amazon.in	HTTPS://WWW.AMAZON.IN/-/HI/ABTSICA-%E0%A4%A1%E0%A4%BE%E0%A4%89%E0%A4%A8%E0%A4%B2%E0%A4%BE%E0%A4%87%E0%A4%9F-RECESSED-%E0%A4%B0%E0%A5%87%E0%A4%9F%E0%A5%8D%E0%A4%B0%E0%A5%8B%E0%A4%AB%E0%A4%BF%E0%A4%9F-%E0%A4%AB%E0%A4%BF%E0%A4%95%E0%A5%8D%E0%A4%B8%E0%A5%8D%E0%A4%9A%E0%A4%B0/DP/B08J3L6W8D
ACADEMYWONDERTRACK	ACADEMYWONDERTRACK	amazon.in	HTTPS://WWW.AMAZON.IN/ACADEMY-WONDER-TRACK/DP/B00KXB6O0Q
ACBAETA	ACBAETA	amazon.in	HTTPS://WWW.AMAZON.IN/ACBAETA-Q12-PRO-DIGITAL-CAMERA/DP/B0DPQCN9ZL
ACCELEAH	ACCELEAH	amazon.in	HTTPS://WWW.AMAZON.IN/ACCELEAH-REFILLS-REPLACEMENT-DRAGONFLY-ASSORTED/DP/B0BHZJS9RF
ACCFORE	ACCFORE	amazon.in	HTTPS://WWW.AMAZON.IN/ACCFORE-SPREADER-4-PIECE-STAINLESS-MULTIPURPOSE/DP/B09NBC3657
ACCGUYS	ACCGUYS	amazon.in	HTTPS://WWW.AMAZON.IN/ACCGUYS-HEADPHONE-EARPHONE-SUPPORTS-COMPATIBLE/DP/B07KXPMF1T
ACEBAFF	ACEBAFF	amazon.in	HTTPS://WWW.AMAZON.IN/ACEBAFF-ALL-METAL-MULTIMEDIA-ANTI-GHOSTING-WATERPROOF/DP/B0CH9ZP1Q6
ACEELITE	ACEELITE	amazon.in	HTTPS://WWW.AMAZON.IN/ACEELITE-COFFEE-POTTERY-EMBOSSED-PORCELAIN/DP/B0B5WJZJGC
ACENGXI	ACENGXI	amazon.in	HTTPS://WWW.AMAZON.IN/ACENGXI-ACRYLIC-PAINTING-NUMBERS-CHRISTMAS/DP/B0991HYSL9
ACHAMUSI	ACHAMUSI	amazon.in	HTTPS://WWW.AMAZON.IN/ACHAMUSI-CURL-BAR-COMMERCIAL-EXTENSION/DP/B09KRJVM1Y
ACHHAGO	ACHHAGO	amazon.in	HTTPS://WWW.AMAZON.IN/ACHHAGO-BOILER-ELECTRIC-STEAMER-AUTOMATIC/DP/B07RRNXLY1
ACICIHENN	ACICIHENN	amazon.in	HTTPS://WWW.AMAZON.IN/ACICIHENN-FILTER-REPLACEMENT-EBERSPACHER-WEBASTO/DP/B0CJRWXQCQ
ACMYSLAT	ACMYSLAT	amazon.in	HTTPS://WWW.AMAZON.IN/PROJECTOR-PORTABLE-SUPPORTED-OUTDOOR-COMPATIBLE/DP/B0B12MXP7N
ACNCTOP	ACNCTOP	amazon.in	HTTPS://WWW.AMAZON.IN/ACNCTOP-DESK-LAMP-OFFICE-HOME/DP/B0BGNJS7FQ
ACOHUIKE	ACOHUIKE	amazon.in	HTTPS://WWW.AMAZON.IN/ACOHUIKE-BRIGHT-REPLACEMENT-TRAILER-INTERIOR/DP/B08TX3N2CR
ACOHUIKE	ACOHUIKE	amazon.in	HTTPS://WWW.AMAZON.IN/ACOHUIKE-CEILING-TRAILER-MOTORHOME-INTERIOR/DP/B08HWCHFP2
ACONIYA	ACONIYA	amazon.in	HTTPS://WWW.AMAZON.IN/ACONIYA-WOMENS-VINTAGE-RUFFLED-CHIFFON/DP/B082MV16HY
ACOSEN	ACOSEN	amazon.in	HTTPS://WWW.AMAZON.IN/ACOSEN-TENNIS-BAG-BACKPACK-COMPARTMENT/DP/B096MD8SDY
ACTBOT	ACTBOT	amazon.in	HTTPS://WWW.AMAZON.IN/ACTBOT-TELESCOPE-ASTRONOMY-BEGINNERS-LANDSCAPE/DP/B09MZGPJ59
ACTCUT	ACTCUT	amazon.in	HTTPS://WWW.AMAZON.IN/ACTCUT-SUPER-SOLID-CARPET-LIVING/DP/B0768YCGKF
ACTENT	ACTENT	amazon.in	HTTPS://WWW.AMAZON.IN/ACTENT-TENT-FOR-CAMPING/DP/B083RYCWZT
ACTIONELITERS	ACTIONELITERS	amazon.in	HTTPS://WWW.AMAZON.IN/ACTIONELITERS-DUMBBELLS-EXERCISE-EQUIPMENT-RESISTANCE/DP/B0B14DYHDC
ACTIONELITERS	ACTIONELITERS	amazon.in	HTTPS://WWW.AMAZON.IN/ACTIONELITERS-DUMBELLS-RESISTANCE-EXERCISES-EQUIPMENT/DP/B08CN9SWBM
ACTIVNA	ACTIVNA	amazon.in	HTTPS://WWW.AMAZON.IN/ACTIVNA-SMART-WEIGHTED-HULA-HOOP/DP/B09HQK5HYK
ACUTEYE	ACUTEYE	amazon.in	HTTPS://WWW.AMAZON.IN/ACUTEYE-1000PCS-7-5-INCH-FASTENER-CLOTHES/DP/B0957S2JVP
ADAB	ADAB	amazon.in	HTTPS://WWW.AMAZON.IN/ADAB/DP/5511495786
ADAVIDSOURCE	ADAVIDSOURCE	amazon.in	HTTPS://WWW.AMAZON.IN/ADAVIDSOURCE-STAINLESS-NECKLACE-DECORATION-FASHION/DP/B0834V5DQ2
ADAWLERT	ADAWLERT	amazon.in	HTTPS://WWW.AMAZON.IN/ADAWLERT-COLORS-CHANGEABLE-DUELING-SABERS/DP/B081CJLTJ3
ADDCEAN	ADDCEAN	amazon.in	HTTPS://WWW.AMAZON.IN/ADDCEAN-DIE-CASTING-BIRTHDAY-LOVERS-COLLECTION/DP/B0C5DJX38C
ADDPLUS	ADDPLUS	amazon.in	HTTPS://WWW.AMAZON.IN/ADDPLUS-CHECKED-BLAZER-WEDDING-TWO-BUTTON/DP/B0FTLFNBMN
ADECOR	ADECOR	amazon.in	HTTPS://WWW.AMAZON.IN/ADECOR-FROSTED-FINISH-MICROWAVE-COFFEE/DP/B0CX8Y3J6Y
ADFO	ADFO	amazon.in	HTTPS://WWW.AMAZON.IN/ADFO-LIFELIKE-REBORN-DOLLS-REALISTIC-NEWBORN/DP/B0CNGM4L5X
ADFO	ADFO	amazon.in	HTTPS://WWW.AMAZON.IN/ADFO-WANGTU2/DP/B0CJ92J4PQ
ADISEN	ADISEN	amazon.in	HTTPS://WWW.AMAZON.IN/ADISEN-AESTHETIC-IRREGULAR-ASYMMETRICAL-DECORATIVE/DP/B0B42FMNX6
ADLORYEA	ADLORYEA	amazon.in	HTTPS://WWW.AMAZON.IN/STIRRING-COOKING-JAPANESE-ADLORYEA-FRIENDLY/DP/B07CXNKTD4
ADORRR	ADORRR	amazon.in	HTTPS://WWW.AMAZON.IN/ADORRR-SWEAT-PANTS-FOR-WOMEN/DP/B09J6RM7KH
ADRIFIT	ADRIFIT	amazon.in	HTTPS://WWW.AMAZON.IN/ADRIFIT-SMART-WEIGHTED-INFINITY-HULA/DP/B097STMRVP
ADULAHI	ADULAHI	amazon.in	HTTPS://WWW.AMAZON.IN/CLIPPERS-STAINLESS-FINGERNAIL-TOENAIL-INGROWN/DP/B08TM125RR
ADUTY	ADUTY	amazon.in	HTTPS://WWW.AMAZON.IN/ADUTY-ELASTIC-BANQUET-SPECIAL-DECORATION/DP/B07JJX4G4L
ADUTY	ADUTY	amazon.in	HTTPS://WWW.AMAZON.IN/ADUTY-BATHROOM-ACCESSORY-ORGANIZER-DISPENSER/DP/B07QXWYZMM
ADWAXDA	ADWAXDA	amazon.in	HTTPS://WWW.AMAZON.IN/ADWAXDA-AFRICAN-FABRIC-MATERIAL-CLOTHING/DP/B09CZGCMJT
AECOYKE	AECOYKE	amazon.in	HTTPS://WWW.AMAZON.IN/AECOYKE-ADHESIVE-WATERPROOF-WASHABLE-REFRIGERATOR/DP/B09N6MNMSX
AEIMIJPQ	AEIMIJPQ	amazon.in	HTTPS://WWW.AMAZON.IN/AEIMIJPQ-CARTONS-CHICKEN-STORAGE-CONTAINERS/DP/B0BWHG9LB3
AEIOU	AEIOU	amazon.in	HTTPS://WWW.AMAZON.IN/AEIOU-I-SAY-HELLO-YOU/DP/1482896850
AENOKO	AENOKO	amazon.in	HTTPS://WWW.AMAZON.IN/IPHONE-13-CAMERA-LENS-PROTECTOR/DP/B09CYW1PKH
AEON	AEON	amazon.in	HTTPS://WWW.AMAZON.IN/AEON-SHIAN-C-LEE/DP/0645068608
AEOOZGR	AEOOZGR	amazon.in	HTTPS://WWW.AMAZON.IN/SILICONE-DRAINING-ACCESSORIES-ABSORBENT-BATHROOM/DP/B09Z2C7KQF
AEROSQUAD	AEROSQUAD	amazon.in	HTTPS://WWW.AMAZON.IN/AEROSQUAD-LIGHT-UP-ASTRONAUT-MOVABLE-MISSION/DP/B0CK9DLL2B
AESH	AESH	amazon.in	HTTPS://WWW.AMAZON.IN/AESH-ENSEIGNANT-COLLABORER-ECOLE-INCLUSIVE/DP/2240051442
AEVUM	AEVUM	amazon.in	HTTPS://WWW.AMAZON.IN/AEVUM-COTTON-TRADITIONAL-PRINTED-WITHOUT/DP/B0CV4LNRXD
AFDECOR	AFDECOR	amazon.in	HTTPS://WWW.AMAZON.IN/STORES/AFDECOR/AFDECOR/PAGE/F671ACB6-F7B6-481B-8A8C-337BEF5E5F57
AFEMOLY	AFEMOLY	amazon.in	HTTPS://WWW.AMAZON.IN/AFEMOLY-SPRAYER-COOKING-MISTER-BOTTLE/DP/B0D588FSZS
AFGSSM	AFGSSM	amazon.in	HTTPS://WWW.AMAZON.IN/AFGSSM-PLAYGROUND-PLAYSTAND-PARAKEET-EXERCISE/DP/B0CC3P44M3
AFKOMST	AFKOMST	amazon.in	HTTPS://WWW.AMAZON.IN/AFKOMST-DRAWSTRING-SHOULDER-HANDBAGS-DETACHABLE/DP/B098D677NF
AFOLIRY	AFOLIRY	amazon.in	HTTPS://WWW.AMAZON.IN/AFOLIRY-WOMENS-WAISTED-SWIMSUIT-BOTTOMS/DP/B0C9HZMSGQ
AFORCLI	AFORCLI	amazon.in	HTTPS://WWW.AMAZON.IN/AFORCLI-HILLING-CREATE-FURROWS-LOOSEN/DP/B089B8RYNB
AFOSKCE	AFOSKCE	amazon.in	HTTPS://WWW.AMAZON.IN/AFOSKCE-OUTDOOR-RECHARGEABLE-LIGHTING-HURRICANE/DP/B08NW48VL4
AFUPGB	AFUPGB	amazon.in	HTTPS://WWW.AMAZON.IN/AFUPGB-AMAZING-GUMBALL-CARTOON-BIRTHDAY/DP/B0CH3DHF4Q
AFXOBO	AFXOBO	amazon.in	HTTPS://WWW.AMAZON.IN/AFXOBO-COSTUMES-HALLOWEEN-CHRISTMAS-DECORATION/DP/B09FNT2DQB
AGEK	AGEK	amazon.in	HTTPS://WWW.AMAZON.IN/AGEK-CREATIVE-TEMPERATURE-MULTICOLOR-SWITCHING/DP/B082516BZ3
AGHUVWO	AGHUVWO	amazon.in	HTTPS://WWW.AMAZON.IN/AGHUVWO-UNIVERSAL-COVERING-HANDRAIL-ACCESSORIES/DP/B0C1NPJBXK
AGMIBRELR	AGMIBRELR	amazon.in	HTTPS://WWW.AMAZON.IN/AGMIBRELR-WOMENS-FLUTTER-SLEEVE-DRESSES/DP/B07WLYLJQ6
AGOLAND	AGOLAND	amazon.in	HTTPS://WWW.AMAZON.IN/AGOLAND-ROUND-SHAPE-STAINLESS-SLIDING-GARAGES/DP/B085WRF7V6
AGWIM	AGWIM	amazon.in	HTTPS://WWW.AMAZON.IN/AGWIM-V17-AIRPLANE-BATTERIES-DROP-RESISTANT/DP/B0CZLK5XZL
AHEADSTRONG	AHEADSTRONG	amazon.in	HTTPS://WWW.AMAZON.IN/AHEADSTRONG-FITNESS-ACTIVITY-TRACKER-BRACELET/DP/B07RPW43D7
AHEVO	AHEVO	amazon.in	HTTPS://WWW.AMAZON.IN/AHEVO-TYPE-WATT-78MM-HALOGEN/DP/B08F4YH1RQ
AHOMASH	AHOMASH	amazon.in	HTTPS://WWW.AMAZON.IN/CUTTING-MAKING-NUMBERS-SCRAPBOOKING-BIRTHDAY/DP/B097F188K6
AHSADO	AHSADO	amazon.in	HTTPS://WWW.AMAZON.IN/AHSADO-ARTIFICIAL-GYPSOPHILA-BOUQUETS-DECORATION/DP/B07ZG7DPRR
AHURGND	AHURGND	amazon.in	HTTPS://WWW.AMAZON.IN/AHURGND-GRIP-COOL-STRESS-RELIEVING-MULTIFUNCTION-MANUFACTURED/DP/B096PCPDFG
AIANHUA	AIANHUA	amazon.in	HTTPS://WWW.AMAZON.IN/LANDSCAPE-PAINTED-PAINTING-COUNTRY-ARTWORK/DP/B09C8LHZ9H
AIBEAJOY	AIBEAJOY	amazon.in	HTTPS://WWW.AMAZON.IN/AIBEAJOY-WATERPROOF-COLORFUL-MULTIPACK-ADHESIVE/DP/B0CDKJ812L
AICHENGZI	AICHENGZI	amazon.in	HTTPS://WWW.AMAZON.IN/ROBLOX-SUPPLIES-BIRTHDAY-CUPCAKE-DECORATIONS/DP/B08FD4FPRX
AIDDKK	AIDDKK	amazon.in	HTTPS://WWW.AMAZON.IN/AIDDKK-HAND-PAINTED-CERAMIC-TEANSPOON-FRIENDS/DP/B08LNGD7CS
AIDIA	AIDIA	amazon.in	HTTPS://WWW.AMAZON.IN/AIDIA-EXPLORER-SAFETY-BOOSTER-GREEN/DP/B01D20GB8E
AIDIYA	AIDIYA	amazon.in	HTTPS://WWW.AMAZON.IN/AIDIYA-ELEPHANT-PERSONALIZED-INTERACTIVE-ADJUSTABLE/DP/B0928B1ZM9
AIDOOL	AIDOOL	amazon.in	HTTPS://WWW.AMAZON.IN/AIDOOL-CONTROL-OPTICAL-ILLUSION-CHANGING/DP/B07RYFGR9F
AIELOAR	AIELOAR	amazon.in	HTTPS://WWW.AMAZON.IN/AIELOAR-OPTIC-FIBER-DYNAMIC-HDCP2-2/DP/B092LTY5XH
AIFIEEGO	AIFIEEGO	amazon.in	HTTPS://WWW.AMAZON.IN/AIFIEEGO-NOTEBOOK-PORTABLE-INSPIRATIONAL-STATIONERY/DP/B0BL6S61QT
AIGEMEI	AIGEMEI	amazon.in	HTTPS://WWW.AMAZON.IN/AIGEMEI-SENEGALESE-HAIRSTYLES-PRETWIST-EXTENSIONS/DP/B072WMLBS1
AIGLEYA	AIGLEYA	amazon.in	HTTPS://WWW.AMAZON.IN/OUTDOOR-AIGLEYA-3000LM180-SECURITY-EXTERIORES/DP/B09Y8JLXZS
AIGULAR	AIGULAR	amazon.in	HTTPS://WWW.AMAZON.IN/AIGULAR-LP2-PORTABLE-AIR-COMPRESSOR/DP/B0C4DQLYLW
AIKESI	AIKESI	amazon.in	HTTPS://WWW.AMAZON.IN/AIKESI-FACTORY-DRINKING-STRAIGHT-DUAL-USE/DP/B09TVTY1FV
AIKUASS	AIKUASS	amazon.in	HTTPS://WWW.AMAZON.IN/AIKUASS-CHARGABLE-ROLLER-WHEELED-SNEAKER/DP/B082QMNYMB
AIKWI	AIKWI	amazon.in	HTTPS://WWW.AMAZON.IN/AIKWI-STORAGE-NATURAL-CONTAINERS-KITCHEN/DP/B093H7LNYF
AIKY	AIKY	amazon.in	HTTPS://WWW.AMAZON.IN/AIKY-FOLDING-CANE-COLLAPSIBLE-LIGHTWEIGHT/DP/B08F3DKTW6
AILEVANT	AILEVANT	amazon.in	HTTPS://WWW.AMAZON.IN/AILEVANT-HEATLESS-HEADBAND-SLEEPING-OVERNIGHT/DP/B09KLLV3BD
AILIBOO	AILIBOO	amazon.in	HTTPS://WWW.AMAZON.IN/AILIBOO-ENAMEL-CAST-IRON-DUTCH/DP/B0C7KKYJYH
AILLOVCOL	AILLOVCOL	amazon.in	HTTPS://WWW.AMAZON.IN/AILLOVCOL-PORTABLE-FOLDING-GARDENING-CAMOUFLAGE/DP/B077LP45FQ
AILOUIS	AILOUIS	amazon.in	HTTPS://WWW.AMAZON.IN/AILOUIS-EXPANDABLE-TRAVELLING-FOLDABLE-SUITCASE/DP/B0CGVQKVCL
AIMADO	AIMADO	amazon.in	HTTPS://WWW.AMAZON.IN/AIMADO-WOMENS-CHRISTMAS-ANIMAL-PATTERN/DP/B07BRJTJKS
AIMASHA	AIMASHA	amazon.in	HTTPS://WWW.AMAZON.IN/AIMASHA-BATHROOM-FAUCET-BRUSHED-SINGLE/DP/B09D9LBN7T
AIMEIO	AIMEIO	amazon.in	HTTPS://WWW.AMAZON.IN/AIMEIO-PENTAGRAM-BODYSUIT-JUMPSUIT-FESTIVAL/DP/B083Q5CVWW
AIMENGXI	AIMENGXI	amazon.in	HTTPS://WWW.AMAZON.IN/AIMENGXI-MICRODERMABRASION-PROFESSIONAL-EQUIPMENT-PERSONAL/DP/B082F96T78
AIMISICAR	AIMISICAR	amazon.in	HTTPS://WWW.AMAZON.IN/AIMISICAR-SOCCER-SHIN-GUARDS-PROTECTION/DP/B09DFDW15R
AIMIUR	AIMIUR	amazon.in	HTTPS://WWW.AMAZON.IN/CHANGABLE-LETTERS-NUMBERS-CHANGEABLE-AIMIUR/DP/B074Y39NVX
AIN	AIN	amazon.in	HTTPS://WWW.AMAZON.IN/AIN/DP/2739950012
AINFTIME	AINFTIME	amazon.in	HTTPS://WWW.AMAZON.IN/AINFTIME-ELDERLY-3-CALENDAR-DEMENTIA-ALZHEIMERS/DP/B0BKV7TVNL
AINOSTONE	AINOSTONE	amazon.in	HTTPS://WWW.AMAZON.IN/AINOSTONE-PORTABLE-WATERPROOF-BLUETOOTH-HANDS-FREE/DP/B0DT9D5R91
AINSWEI	AINSWEI	amazon.in	HTTPS://WWW.AMAZON.IN/AINSWEI-WITCHCRAFT-SUPPLIES-VERSATILE-EXPERIENCED/DP/B0D3VD82VR
AIPOTER	AIPOTER	amazon.in	HTTPS://WWW.AMAZON.IN/AIPOTER-SOAP-DISPENSER-WATERPROOF-ADJUSTABLE/DP/B07VLPWTZ3
AIPUTAO	AIPUTAO	amazon.in	HTTPS://WWW.AMAZON.IN/AIPUTAO-WEATHERPROOF-DUST-PROOF-UNIVERSAL-WRANGLER/DP/B095BWW5TL
AIRBUYW	AIRBUYW	amazon.in	HTTPS://WWW.AMAZON.IN/INSULATED-AIRBUYW-COOLER-CONTAINER-ADJUSTABLE/DP/B08YP5LTBN
AIRTROT	AIRTROT	amazon.in	HTTPS://WWW.AMAZON.IN/AIRTROT-STOPPER-BEDROOM-BATHROOM-KITCHEN/DP/B08BX42KMQ
AIRTTUZ	AIRTTUZ	amazon.in	HTTPS://WWW.AMAZON.IN/AIRTTUZ-BACKPACK-BASKETBALL-VOLLEYBALL-COMPARTMENT/DP/B0B7KQ7L24
AIRUIFU	AIRUIFU	amazon.in	HTTPS://WWW.AMAZON.IN/AIRUIFU-LEARNING-CLASSROOM-PLAYROOM-COLORFUL/DP/B0BWW965N9
AIRWILL	AIRWILL	amazon.in	HTTPS://WWW.AMAZON.IN/AIRWILL-COTTON-TABLE-CLOTH-140X180/DP/B0DHHGL5VY?S=BAZAAR
AIRWILL	AIRWILL	amazon.in	HTTPS://WWW.AMAZON.IN/AIRWILL-COTTON-PATTERN-TABLE-CLOTH/DP/B0925PPDGY?S=BAZAAR
AIRWILL	AIRWILL	amazon.in	HTTPS://WWW.AMAZON.IN/AIRWILL-COTTON-DESIGNED-SEATER-TABLE/DP/B081T5HV8Q?S=BAZAAR
AISLPC	AISLPC	amazon.in	HTTPS://WWW.AMAZON.IN/AISLPC-UPGRADE-R36MAX-HANDHELD-PORTABLE/DP/B0DRFG3NW4
AISMRII	AISMRII	amazon.in	HTTPS://WWW.AMAZON.IN/PROPANE-PORTABLE-WELDING-SOLDERING-APPLICATION/DP/B09PMX9J7D
AISUNGOO	AISUNGOO	amazon.in	HTTPS://WWW.AMAZON.IN/AISUNGOO-VALENTINES-CLASSROOM-PARTIES-FAVORS/DP/B0CM5ZVZ5H
AITECHNY	AITECHNY	amazon.in	HTTPS://WWW.AMAZON.IN/AITECHNY-DIGITAL-CAMERA-1080P-POINT/DP/B0CM6MVW2B
AITISOR	AITISOR	amazon.in	HTTPS://WWW.AMAZON.IN/AITISOR-ARTIFICIAL-CENTERPIECES-DECORATION-MULTI-COLOR/DP/B0893QTJR5
AIUKIU	AIUKIU	amazon.in	HTTPS://WWW.AMAZON.IN/HOUSE-HOODIE%EF%BC%8CDREW-CLOTHING-BIEBER%EF%BC%8CSMILY-SWEATSHIRT/DP/B09MDTNYHF
AIUNG	AIUNG	amazon.in	HTTPS://WWW.AMAZON.IN/AIUNG-LEGGINGS-WAISTED-CONTROL-LIFTING/DP/B0915DX72S
AIWIKIDE	AIWIKIDE	amazon.in	HTTPS://WWW.AMAZON.IN/AIWIKIDE-ANTI-ANXIETY-CUDDLER-MACHINE-WASHABLE/DP/B0B2DHZZS5
AIXY	AIXY	amazon.in	HTTPS://WWW.AMAZON.IN/AIXY-VINTAGE-SWIMSUITS-BIKINIS-UNDERWIRED/DP/B07BB2RRG3
AJAYR	AJAYR	amazon.in	HTTPS://WWW.AMAZON.IN/AJAYR-BUBBLE-FIDGET-KEYCHAIN-SIMPLE/DP/B091Q44YX7
AJDHDGA	AJDHDGA	amazon.in	HTTPS://WWW.AMAZON.IN/2003%E2%80%912006-AUTOMATIC-54130-SDA-A51-54130-SDA-A84ZB-ACCESSORY/DP/B0BKSW7SXX
AJLDN	AJLDN	amazon.in	HTTPS://WWW.AMAZON.IN/AJLDN-CHECKERBOARD-NON-SLIP-BLUE_0-6X1-8M-1-8X5-4FT/DP/B09G31JRWQ
AKAAYUKO	AKAAYUKO	amazon.in	HTTPS://WWW.AMAZON.IN/AKAAYUKO-OUTDOOR-TABLES-SPINNER-HOLOGRAPHIC/DP/B0C7P5L32Q
AKAHA	AKAHA	amazon.in	HTTPS://WWW.AMAZON.IN/AKAHA-MATH-WALL-CLOCK-12-INCH/DP/B07P8RQBLQ
AKANARIKA	AKANARIKA	amazon.in	HTTPS://WWW.AMAZON.IN/AKANARIKA-PAINTINGS-ARTWORK-GALLERY-WRAPPED/DP/B082NXBZL8
AKANARIKA	AKANARIKA	amazon.in	HTTPS://WWW.AMAZON.IN/AKANARIKA-TAPESTRY-HANGING-XXX-TENTACION-DECORATION/DP/B0882S23NW
AKANARIKA	AKANARIKA	amazon.in	HTTPS://WWW.AMAZON.IN/AKANARIKA-TAPESTRY-HANGING-XXX-TENTACION-DECORATION/DP/B0882X7VHN
AKIROOD	AKIROOD	amazon.in	HTTPS://WWW.AMAZON.IN/AKIROOD-FUJIFILM-DIGITAL-CAMERA-SILVER/DP/B09ND1Q5BG
AKIVASUPERFOODS	AKIVASUPERFOODS	amazon.in	HTTPS://WWW.AMAZON.IN/STORES/AKIVASUPERFOODS/PAGE/3EA3F6D0-58FA-40B1-AD17-8508F66D1B24
AKLIMIDA	AKLIMIDA	amazon.in	HTTPS://WWW.AMAZON.IN/AKLIMIDA-WATERFAL-AESTHETIC-LANDSCAPE-TAPESTRYS/DP/B08TRMBMDM
AKORBOM	AKORBOM	amazon.in	HTTPS://WWW.AMAZON.IN/INTRUDER-DETERRENT-SECURITY-REPELLENT-IMPROVEMENT/DP/B0CRT8NW6Q
AKROBO	AKROBO	amazon.in	HTTPS://WWW.AMAZON.IN/AKROBO-MAGNETIC-SLICEABLE-CUTTING-CHOPPING/DP/B07CNSKCJL
AKROBO	AKROBO	amazon.in	HTTPS://WWW.AMAZON.IN/AKROBO-EDUCATIONAL-DRAWING-COMBINATION-PENCILS/DP/B0787ZWZKV
AKROBO	AKROBO	amazon.in	HTTPS://WWW.AMAZON.IN/AKROBO-HIPPO-SOFT-PLUSH-TOY/DP/B084YYBJW6
AKROBO	AKROBO	amazon.in	HTTPS://WWW.AMAZON.IN/AKROBO-ACTION-OUTDOOR-MULTIPLE-ACCESSORIES/DP/B07D9KTW84
AKROBO	AKROBO	amazon.in	HTTPS://WWW.AMAZON.IN/AKROBO-WOODEN-BOARD-XXXXX-LARGE/DP/B0788GSXQJ
AKROBO	AKROBO	amazon.in	HTTPS://WWW.AMAZON.IN/AKROBO-DIE-CAST-METAL-SPORTS-LIGHT/DP/B07SSGP7ZK
AKSIT	AKSIT	amazon.in	HTTPS://WWW.AMAZON.IN/AKSIT-RELAXED-STRAIGHT-COTTON-MULTI-POCKETS/DP/B09LXGXQHX
AKUSETY	AKUSETY	amazon.in	HTTPS://WWW.AMAZON.IN/AKUSETY-SPORTS-12-PACK-RELAXABLE-SQUEEZE/DP/B07FRVDNVS
AKUSETY	AKUSETY	amazon.in	HTTPS://WWW.AMAZON.IN/AKUSETY-VOLLEYBALLS-12-PACK-RELAXABLE-SQUEEZE/DP/B07FRTHDFV
AKUTI	AKUTI	amazon.in	HTTPS://WWW.AMAZON.IN/AKUTI-JUDITH-SCHOLZ/DP/3710325641
ALASTECH	ALASTECH	amazon.in	HTTPS://WWW.AMAZON.IN/ALASTECH-SOCKET-SOCKETS-TAMPER-PROOF-CERTIFIED/DP/B0C9WQJDB4
ALBISAI	ALBISAI	amazon.in	HTTPS://WWW.AMAZON.IN/ALBISAI-TERRIER-COFFEE6-KNITTED-FASHION/DP/B09JW286MY
ALCATROZ	ALCATROZ	amazon.in	HTTPS://WWW.AMAZON.IN/ALCATROZ-AIRMOUSE-WIRELESS-OPTICAL-BLACK/DP/B01M1OID74
ALEICX	ALEICX	amazon.in	HTTPS://WWW.AMAZON.IN/STRETCHABLE-HEADPHONE-WASHABLE-SANITARY-HEADPHONES/DP/B07BP4PCVY
ALEMOZALA	ALEMOZALA	amazon.in	HTTPS://WWW.AMAZON.IN/ALEMOZALA-ALADDIN-VINTAGE-ARABIAN-COLLECTABLE/DP/B07V52GFV3
ALGITOCARE	ALGITOCARE	amazon.in	HTTPS://WWW.AMAZON.IN/ALGITOCARE-CALCIUM-ALGINATE-WOUND-DRESSING/DP/B0B9RSF9YX
ALGITOCARE	ALGITOCARE	amazon.in	HTTPS://WWW.AMAZON.IN/ALGITOCARE-CALCIUM-ALGINATE-WOUND-DRESSING/DP/B0B9RBJFTJ
ALGRANBEN	ALGRANBEN	amazon.in	HTTPS://WWW.AMAZON.IN/ALGRANBEN-INSULATED-REUSABLE-THERMAL-LUNCHBOX/DP/B0BRQN5PX9
ALHOM	ALHOM	amazon.in	HTTPS://WWW.AMAZON.IN/ALHOM-ORGANIZER-CABINET-COUNTERTOP-PANTRY/DP/B07WZR2HXM
ALHOM	ALHOM	amazon.in	HTTPS://WWW.AMAZON.IN/ALHOM-BAMBOO-CUTTING-STAINLESS-14-5X9X9/DP/B07VH4GK4H
ALHXF	ALHXF	amazon.in	HTTPS://WWW.AMAZON.IN/ALHXF-REFILLABLE-PERFUME-ATOMISER-BOTTLE/DP/B07CZF5F52
ALIKEKE	ALIKEKE	amazon.in	HTTPS://WWW.AMAZON.IN/ALIKEKE-ADJUSTABLE-CURTAIN-BRACKET-DRAPERY/DP/B06XB96W7Q
ALINBAIST	ALINBAIST	amazon.in	HTTPS://WWW.AMAZON.IN/ALINBAIST-WOMENS-BODYSUIT-SHAPEWEAR-CONTROL/DP/B0C9J21YWD
ALINKEY	ALINKEY	amazon.in	HTTPS://WWW.AMAZON.IN/ALINKEY-BACKLIGHT-BLUETOOTH-LIGHTING-DECORATION/DP/B09ZH228KG
ALINKVITE	ALINKVITE	amazon.in	HTTPS://WWW.AMAZON.IN/ADAPTER-DESKTOP-ALINKVITE-ADAPTERS-WIRELESS/DP/B09JBZZ8VF
ALIOBC	ALIOBC	amazon.in	HTTPS://WWW.AMAZON.IN/ALIOBC-PORTABLE-16000PA-CORDLESS-HANDHELD/DP/B0DK4MD7NH
ALIOKEE	ALIOKEE	amazon.in	HTTPS://WWW.AMAZON.IN/ALIOKEE-ADJUSTABLE-SECURITY-WIRELESS-COURTYARD/DP/B09YRJ7RQY
ALIOPIS	ALIOPIS	amazon.in	HTTPS://WWW.AMAZON.IN/CONDITIONER-ALIOPIS-EVAPORATIVE-AUTOMATIC-TEMPERATURE/DP/B08V5G36NP
ALISADABOY	ALISADABOY	amazon.in	HTTPS://WWW.AMAZON.IN/ALISADABOY-CHANDELIERS-FARMHOUSE-CHANDELIER-INDUSTRIAL/DP/B099RG5BYD
ALIWLHOF	ALIWLHOF	amazon.in	HTTPS://WWW.AMAZON.IN/ALIWLHOF-KEYBOARD-GENERATION-DETACHABLE-WIRELESS/DP/B0BS9TTTV1
ALIZIWAY	ALIZIWAY	amazon.in	HTTPS://WWW.AMAZON.IN/ALIZIWAY-MONSTER-COSTUME-DELUXE-CHRISTMAS/DP/B09KQ23SZZ
ALKISTA	ALKISTA	amazon.in	HTTPS://WWW.AMAZON.IN/ALKISTA-TRANSMISSION-ELECTROMAGNETIC-ELECTRICA-ARTIFICIAL/DP/B0C2PT1XBN
ALKISTA	ALKISTA	amazon.in	HTTPS://WWW.AMAZON.IN/ALKISTA-UV-ULTRAVIOLET-PROTECTIVE-CIRCUIT/DP/B0C73WZQPP
ALLAIND	ALLAIND	amazon.in	HTTPS://WWW.AMAZON.IN/ALLAIND-WATERPROOF-CHRYSANTHEMUM-BACKYARD-DECORATION/DP/B095GXPPDY
ALLAIND	ALLAIND	amazon.in	HTTPS://WWW.AMAZON.IN/ALLAIND-ADHESIVE-FURNITURE-HANDBAGS-SMALL-DARK/DP/B09NVPZRY9
ALLERELIEF	ALLERELIEF	amazon.in	HTTPS://WWW.AMAZON.IN/ALLERELIEF-MICROFIBER-PROTECTORS-HYPOALLERGENIC-ANTI-MICROBIAL/DP/B07HWY5RHG
ALLFWIN	ALLFWIN	amazon.in	HTTPS://WWW.AMAZON.IN/ALLFWIN-BLACKPINK-AUTOGRAPHED-PRINTING-SWEATSHIRT/DP/B082NQZ1JF
ALLNOVA	ALLNOVA	amazon.in	HTTPS://WWW.AMAZON.IN/ALLNOVA-WATERPROOF-FOUNDATION-PALLETTE-EYESHADOW/DP/B0C6FJWN2Q
ALLTOU	ALLTOU	amazon.in	HTTPS://WWW.AMAZON.IN/ALLTOU-ELECTRIC-AUTOMATIC-CAPPUCCINOS-MACCHIATO/DP/B0CGQX4CMW
ALLTRIPAL	ALLTRIPAL	amazon.in	HTTPS://WWW.AMAZON.IN/ALLTRIPAL-KNIFE-SET-WHITE/DP/B088CXVS96
ALLUSEIT	ALLUSEIT	amazon.in	HTTPS://WWW.AMAZON.IN/ALLUSEIT-CERAMIC-PORCELAIN-DISHWASHER-MICROWAVE/DP/B0D1FVRNT8
ALLUWANT	ALLUWANT	amazon.in	HTTPS://WWW.AMAZON.IN/ALLUWANT-STYLISH-PINK-CANDLE-LANTERN/DP/B08N12QPVH
ALLYARD	ALLYARD	amazon.in	HTTPS://WWW.AMAZON.IN/ALLYARD-CUSTOMIZABLE-WATERPROOF-PROTECTION-PERFORMANCE/DP/B07YYXHBDC
ALMENT	ALMENT	amazon.in	HTTPS://WWW.AMAZON.IN/ALMENT-ARTIFICIAL-EXPANDABLE-GRASS-FENCE/DP/B08QDCGYHQ
ALMENT	ALMENT	amazon.in	HTTPS://WWW.AMAZON.IN/ALMENT-RECHARGEABLE-MOSQUITO-RACKET-DELIVER/DP/B08548NMQB
ALOIYUE	ALOIYUE	amazon.in	HTTPS://WWW.AMAZON.IN/ALOIYUE-THICKNESS-SLIPPERS-NON-SLIP-LIGHTWEIGHT/DP/B0D4VF749T
ALPHAHOM	ALPHAHOM	amazon.in	HTTPS://WWW.AMAZON.IN/ALPHAHOM-PERSONAL-EMERGENCY-REAL-TIME-LOCATION/DP/B088WXH94B
ALPHYSE	ALPHYSE	amazon.in	HTTPS://WWW.AMAZON.IN/MAGNETIC-STAINLESS-SPACE-SAVING-REFRIGERATOR-ORGANIZER/DP/B08DKHK73T
ALPSNOW	ALPSNOW	amazon.in	HTTPS://WWW.AMAZON.IN/DP/B0FQV7FRKQ
ALSETRIA	ALSETRIA	amazon.in	HTTPS://WWW.AMAZON.IN/ALSETRIA-GB24-36K-BRACKET-DUCTLESS-CONDITIONER/DP/B0B5BBRFHB
ALSISK	ALSISK	amazon.in	HTTPS://WWW.AMAZON.IN/ALSISK-JOURNALISTS-WATCHES-RECORDING-WATERPROOF/DP/B07GDCPB9R
ALSOMTEC	ALSOMTEC	amazon.in	HTTPS://WWW.AMAZON.IN/ALSOMTEC-SANITARY-PORTABLE-BALLS-EASY-REUSABLE/DP/B09TVZVT9R
ALSOO	ALSOO	amazon.in	HTTPS://WWW.AMAZON.IN/ALSOO-RECTANGLE-WATERPROOF-TABLECLOTH-CHRISTMAS/DP/B0CDBX8DCQ
ALTLER	ALTLER	amazon.in	HTTPS://WWW.AMAZON.IN/ALTLER-ADJUSTABLE-DUMBBELL-STRENGTH-ANTI-SLIP/DP/B09D7YZ17K
ALTUNY	ALTUNY	amazon.in	HTTPS://WWW.AMAZON.IN/PAINTING-NUMBERING-JAPANESE-RHINESTONE-DECORATION/DP/B087FG51CS
ALUCKMAO	ALUCKMAO	amazon.in	HTTPS://WWW.AMAZON.IN/ALUCKMAO-PUZZLE-STIMULATION-DISPENSING-INTERACTIVE/DP/B0B58VFM6J
AMAID	AMAID	amazon.in	HTTPS://WWW.AMAZON.IN/AMAID-UPS-BATTERY-SOLAR-MONTH-WARRANTY/DP/B0C98TPP78
AMAK	AMAK	amazon.in	HTTPS://WWW.AMAZON.IN/AMAK-INC-EXPANDABLE-LIGHTWEIGHT-WATERPROOF/DP/B0C4B8TNBV
AMASSLOVE	AMASSLOVE	amazon.in	HTTPS://WWW.AMAZON.IN/AMASSLOVE-PT-53334/DP/B07PGW61QB
AMAWOOD	AMAWOOD	amazon.in	HTTPS://WWW.AMAZON.IN/AMAWOOD-SPINNING-ACTIVITY-TOYS-BIGGER-SIZE-20-3/DP/B0C7ZMYHTV
AMAXSHIIRCHY	AMAXSHIIRCHY	amazon.in	HTTPS://WWW.AMAZON.IN/AMAXSHIIRCHY-ADULTS-RECHARGEABLE-DUELING-COSPLAY/DP/B09Q6FRYG6
AMAZINGHIND	AMAZINGHIND	amazon.in	HTTPS://WWW.AMAZON.IN/STORES/AMAZINGHIND/HOMEPAGE/PAGE/E5FB21EB-8762-4208-9680-9726BB0F0743
AMBESI	AMBESI	amazon.in	HTTPS://WWW.AMAZON.IN/AMBESI-CLASSIC-LAMBSKIN-LEATHER-DRIVING/DP/B018SMC4WS
AMBESI	AMBESI	amazon.in	HTTPS://WWW.AMAZON.IN/AMBESI-FLEECE-LEATHER-BUCKLED-WINTER/DP/B018SMC8AQ
AMBOSS	AMBOSS	amazon.in	HTTPS://WWW.AMAZON.IN/AMBOSS-QBANK-USMLE/DP/B07DPQ6GVC
AMCONSURE	AMCONSURE	amazon.in	HTTPS://WWW.AMAZON.IN/AMCONSURE-HUMIDIFIER-MOISTURIZING-STAINLESS-SCRUBBERS/DP/B089NKPNFD
AMDONGKING	AMDONGKING	amazon.in	HTTPS://WWW.AMAZON.IN/AMDONGKING-GARLIC-STAINLESS-CRUSHER-OPENER/DP/B07MJQZ76L
AMDONGKING	AMDONGKING	amazon.in	HTTPS://WWW.AMAZON.IN/AMDONGKING/B/REF=BL_DP_S_MW_19401530031?IE=UTF8&NODE=19401530031&FIELD-LBR_BRANDS_BROWSE-BIN=AMDONGKING
AMELEGANT	AMELEGANT	amazon.in	HTTPS://WWW.AMAZON.IN/AMELEGANT-PREMIUM-FACIAL-REMOVAL-WOMEN/DP/B07GXSLZPM
AMERITINS	AMERITINS	amazon.in	HTTPS://WWW.AMAZON.IN/SHAPES-BISCUIT-COOKIE-CUTTERS-AMERITINS/DP/B07VVZ4R7P
AMESEDAK	AMESEDAK	amazon.in	HTTPS://WWW.AMAZON.IN/AMESEDAK-PLUMBING-REMOVER-BATHROOM-KITCHEN/DP/B0B39MK8H1
AMESEDAK	AMESEDAK	amazon.in	HTTPS://WWW.AMAZON.IN/AMESEDAK-VLOGGING-KIT-IPHONE-ACCESSORIES/DP/B0C2C5MVYZ
AMISS	AMISS	amazon.in	HTTPS://WWW.AMAZON.IN/AMISS-L-MCCALL/DP/166415079X
AMJDCOE	AMJDCOE	amazon.in	HTTPS://WWW.AMAZON.IN/AMJDCOE-SMOKE-FREE-BRAZILIAN-ROTISSERIE-APARTMENT/DP/B0CPXW9B43
AMLIYWAVE	AMLIYWAVE	amazon.in	HTTPS://WWW.AMAZON.IN/AMLIYWAVE-INFINITY-DESIGN-SIMPLE-PRESSURE-REDUCTION/DP/B08XQ7FD65
AMLIYWAVE	AMLIYWAVE	amazon.in	HTTPS://WWW.AMAZON.IN/AMLIYWAVE-INFINITY-CUBE-FIDGET-STARRY/DP/B08XQ97FKW
AMONOY	AMONOY	amazon.in	HTTPS://WWW.AMAZON.IN/AMONOY-CONCENTRATOR-MACHINE-ADJUSTABLE-30-90/DP/B08JTW2XWR
AMOOLY	AMOOLY	amazon.in	HTTPS://WWW.AMAZON.IN/AMOOLY-RATN-%E0%A4%85%E0%A4%AE%E0%A5%82%E0%A4%B2%E0%A5%8D%E0%A4%AF-NIRAV-VIBHANI/DP/1647838231
AMORBASE	AMORBASE	amazon.in	HTTPS://WWW.AMAZON.IN/AMORBASE-PET-GATES-SPINDLE-RODS/DP/B0BCK5S3T5
AMORBASE	AMORBASE	amazon.in	HTTPS://WWW.AMAZON.IN/NETTING-PROTECTION-VEGETABLE-GREENHOUSE-AMORBASE/DP/B0D1CBG77F
AMOURRI	AMOURRI	amazon.in	HTTPS://WWW.AMAZON.IN/AMOURRI-SEAMLESS-MATERNITY-BRALETTE-EXTENDERS/DP/B096LXLLXM
AMSOPTO	AMSOPTO	amazon.in	HTTPS://WWW.AMAZON.IN/AMSOPTO-HEADBAND-MAGNIFIER-MAGNIFYING-REPAIRING/DP/B09V46XGN5
AMUSFLYNNEL	AMUSFLYNNEL	amazon.in	HTTPS://WWW.AMAZON.IN/AMUSFLYNNEL-WARNING-FUCKING-BUSINESS-ALUMINUM/DP/B095WG7HS9
AMUSFLYNNEL	AMUSFLYNNEL	amazon.in	HTTPS://WWW.AMAZON.IN/AMUSFLYNNEL-WARNING-ROLLERS-BUSINESS-ALUMINUM/DP/B0977LRXV6
AMUSFLYNNEL	AMUSFLYNNEL	amazon.in	HTTPS://WWW.AMAZON.IN/AMUSFLYNNEL-WARNING-WEIGHTS-BUSINESS-ALUMINUM/DP/B0964VTMYV
AMUSFLYNNEL	AMUSFLYNNEL	amazon.in	HTTPS://WWW.AMAZON.IN/AMUSFLYNNEL-STRICTLY-DEFLATED-BUSINESS-ALUMINUM/DP/B096L9G865
AMUYA	AMUYA	amazon.in	HTTPS://WWW.AMAZON.IN/AMUYA-PATTERNED-TODDLERS-ANTI-SLIP-EXTERNAL/DP/B0B7H96XS1
AMWBSR	AMWBSR	amazon.in	HTTPS://WWW.AMAZON.IN/MECHANICAL-SEWING-MACHINES-EXTENSION-SINGER/DP/B0B8RCPTGB
AMYDREAMSTORE	AMYDREAMSTORE	amazon.in	HTTPS://WWW.AMAZON.IN/AMYDREAMSTORE-FLOATING-ANTI-SLIP-BALCONY-C-28X94INCH/DP/B07CMZGTFS
AMYNEO	AMYNEO	amazon.in	HTTPS://WWW.AMAZON.IN/AMYNEO-WOMENS-UNISEX-LIGHTWEIGHT-SANDALS/DP/B09723JRQR
AMYSTY	AMYSTY	amazon.in	HTTPS://WWW.AMAZON.IN/AMYSTY-SIDED-PLAYING-BOARD-POKER/DP/B0BSP3HMS7
AMZENTIALS	AMZENTIALS	amazon.in	HTTPS://WWW.AMAZON.IN/AMZENTIALS-DOG-SEAT-COVER-BACK/DP/B0BN4YP68V
AMZGEAR	AMZGEAR	amazon.in	HTTPS://WWW.AMAZON.IN/AMZGEAR-INSULATED-STAINLESS-ECO-FRIENDLY-GREEN/DP/B0B5B3B567
AMZGEAR	AMZGEAR	amazon.in	HTTPS://WWW.AMAZON.IN/AMZGEAR-COOKWARE-PAN-COMFERTABLE-SQUARE/DP/B0BJ5TBLSR
AMZGEAR	AMZGEAR	amazon.in	HTTPS://WWW.AMAZON.IN/AMZGEAR-STAINLESS-NAVRATRI-CONTAINS-UTENSILS/DP/B0BGHXJ8L6
AMZGEAR	AMZGEAR	amazon.in	HTTPS://WWW.AMAZON.IN/AMZGEAR-BRUSHING-EXFOLIATING-CELLULITE-DETATCHABLE/DP/B09VNWKNFF
AMZGEAR	AMZGEAR	amazon.in	HTTPS://WWW.AMAZON.IN/AMZGEAR-SHIVLING-FOUNTAIN-CYLINDER-BACKFLOW/DP/B0BLKFWD4G
AMZGEAR	AMZGEAR	amazon.in	HTTPS://WWW.AMAZON.IN/AMZGEAR-STATUE-DECORATIVE-SHOWPIECE-DECORATION/DP/B0CFL9ZTPW
AMZPETS	AMZPETS	amazon.in	HTTPS://WWW.AMAZON.IN/AMZPETS-POPULAR-TOYS-PUPPIES-SQUEAKY/DP/B074N3RQRM
ANAFETTIE	ANAFETTIE	amazon.in	HTTPS://WWW.AMAZON.IN/ANAFETTIE-WAISTED-LEGGINGS-POCKETS-CONTROL/DP/B09J4SVFZD
ANAGRAM	ANAGRAM	amazon.in	HTTPS://WWW.AMAZON.IN/ANAGRAM-SOLVER-C-BLACK/DP/0713675101
ANALOI	ANALOI	amazon.in	HTTPS://WWW.AMAZON.IN/ANALOI-DIGITAL-CLOCK-LARGE-DISPLAY/DP/B0CRYTQ4VZ
ANAYRAS	ANAYRAS	amazon.in	HTTPS://WWW.AMAZON.IN/STORES/ANAYRAS/HOMEPAGE/PAGE/ADCF9725-8769-4DAF-BB99-5AD0BA285BC1
ANCBACE	ANCBACE	amazon.in	HTTPS://WWW.AMAZON.IN/ANCBACE-FISHING-ACCESSORIES-LOBSTER-PORTABLE/DP/B07Q7W5S62
ANCBACE	ANCBACE	amazon.in	HTTPS://WWW.AMAZON.IN/ANCBACE-FISHING-LOBSTER-PORTABLE-ACCESSORIES/DP/B08F7XR2FF
ANCESFUN	ANCESFUN	amazon.in	HTTPS://WWW.AMAZON.IN/ANCESFUN-POWER-HOVER-SOCCER-INDOOR/DP/B097ZPSSNF
ANDALSO	ANDALSO	amazon.in	HTTPS://WWW.AMAZON.IN/ANDALSO-BATTERY-OPERATED-MUSICAL-GUITAR/DP/B005VTFPZK
ANDALSO	ANDALSO	amazon.in	HTTPS://WWW.AMAZON.IN/SAHIBUY-ANDALSO-JAZZ-DRUM-MUSICAL/DP/B00HY87UZ4
ANDALSO	ANDALSO	amazon.in	HTTPS://WWW.AMAZON.IN/ANDALSO-HAND-PRESSING-FLASH-LIGHT/DP/B00J1G26QA
ANDOLAK	ANDOLAK	amazon.in	HTTPS://WWW.AMAZON.IN/AGALI-ANDOLANE-VEGALE-ANDOLAK-MARATHI/DP/B07RDYJF9W
ANDRAW	ANDRAW	amazon.in	HTTPS://WWW.AMAZON.IN/ANDRAW-STAINLESS-STEEL-KITCHEN-MEASURING/DP/B08N4ZMJT3
ANDRIMAX	ANDRIMAX	amazon.in	HTTPS://WWW.AMAZON.IN/ANDRIMAX-SKATEBOARD-COMPLETE-SKATEBOARDS-BEGINNERS-YOUTH-COMPLETE/DP/B085G6F1YK
ANETAOISE	ANETAOISE	amazon.in	HTTPS://WWW.AMAZON.IN/ANETAOISE-KALIMBA-POCKET-FINGER-ADULTS/DP/B09L4BCBHN
ANEYHOZ	ANEYHOZ	amazon.in	HTTPS://WWW.AMAZON.IN/ANEYHOZ-ACOUSTIC-BEGINNERS-GUITARISTS-SHDU/DP/B09P2SKM8Y
ANFLY	ANFLY	amazon.in	HTTPS://WWW.AMAZON.IN/ANFLY-PILATES-RING-EXERCISE-STRENGTH/DP/B083P4HXNF
ANGELABABYHAIR	ANGELABABYHAIR	amazon.in	HTTPS://WWW.AMAZON.IN/ANGELABABYHAIR-11MM-EYELASHES-THICKNESS-EXTENSIONS/DP/B076GYPST5
ANGLERBASICS	ANGLERBASICS	amazon.in	HTTPS://WWW.AMAZON.IN/ANGLERBASICS-FISHING-SHRIMP-MINNOW-CRAYFISH/DP/B09W8V6PD5
ANGUSHY	ANGUSHY	amazon.in	HTTPS://WWW.AMAZON.IN/ANGUSHY-BREATHABLE-NON-SLIP-WHEELCHAIR-HONEYCOMB/DP/B07Q7NKHW7?S=BAZAAR
ANIMACORD	ANIMACORD	amazon.in	HTTPS://WWW.AMAZON.IN/ANIMACORD-MASHA-SUPER-BERRY-COMFORTER/DP/B0743W5L78
ANIMETRONIX	ANIMETRONIX	amazon.in	HTTPS://WWW.AMAZON.IN/ANIMETRONIX-TOSHIBA-TRANSMEMORY-FLASH-PFU064U-1BRG/DP/B00X5X294O
ANIRUDDHA	ANIRUDDHA	amazon.in	HTTPS://WWW.AMAZON.IN/ANIRUDDHA-CHITRA-KATHA-KAMALA-CHANDRAKANT/DP/8184821972
ANKBOY	ANKBOY	amazon.in	HTTPS://WWW.AMAZON.IN/ANKBOY-RECHARGEABLE-WIRELESS-PORTABLE-CHARGING/DP/B0BCYSMWJJ
ANKII	ANKII	amazon.in	HTTPS://WWW.AMAZON.IN/ANKII-COTTON-STYLISH-DESIGN-LENGTH/DP/B0BNG8KKBW
ANKODA	ANKODA	amazon.in	HTTPS://WWW.AMAZON.IN/ANKODA-ENTERPRISE-RAJASTHANI-TRADITIONAL-BANDHANI/DP/B0C46H38WK
ANKUNABA	ANKUNABA	amazon.in	HTTPS://WWW.AMAZON.IN/ULTRASONIC-VIBRATION-CLEANING-REPLACEMENT-CONTAINERS/DP/B0CHFVKZ55
ANLEMIN	ANLEMIN	amazon.in	HTTPS://WWW.AMAZON.IN/ANLEMIN-DECORATIVE-ORNAMENTS-CHRISTMAS-DECORATION/DP/B08TR1TYB4
ANLOLI	ANLOLI	amazon.in	HTTPS://WWW.AMAZON.IN/ANLOLI-WOMEN-DRESS-SHOULDER-ELEGANT/DP/B098KR63M4
ANMADE	ANMADE	amazon.in	HTTPS://WWW.AMAZON.IN/ANMADE-CAMERA-WIFI-IP-SURVEILLANCE/DP/B07H2SL3GB
ANMOSE	ANMOSE	amazon.in	HTTPS://WWW.AMAZON.IN/ANMOSE-SPORTS-SEAMLESS-WITHOUT-CAMI%EF%BC%8CEVERYDAY/DP/B08ZMC91GF
ANNBITION	ANNBITION	amazon.in	HTTPS://WWW.AMAZON.IN/ANNBITION-ACADEMIA-COLLAGE-BEDSPREAD-MICROFIBER/DP/B08C4RCD3P
ANNBITION	ANNBITION	amazon.in	HTTPS://WWW.AMAZON.IN/ANNBITION-HAIKYUU-INARIZAKI-DECORATIVE-CUSHION/DP/B08G8S3K69
ANNBITION	ANNBITION	amazon.in	HTTPS://WWW.AMAZON.IN/ANNBITION-KIMETSU-COLLAGE-BEDSPREAD-MICROFIBER/DP/B08F5GMDYS
ANNIFREE	ANNIFREE	amazon.in	HTTPS://WWW.AMAZON.IN/ANNIFREE-RAIN-PONCHOS-ADULTS-DISPOSABLE/DP/B07LGXZ66Q
ANNSM	ANNSM	amazon.in	HTTPS://WWW.AMAZON.IN/ANNSM-ROTATABLE-LOCKING-TRIPODS-MONOPODS/DP/B07Y55CY5Q
ANNURSSY	ANNURSSY	amazon.in	HTTPS://WWW.AMAZON.IN/ANNURSSY-MULTI-FUNCTION-PLASTIC-LONG-FUNNEL/DP/B07W6T6MV7
ANOTWENER	ANOTWENER	amazon.in	HTTPS://WWW.AMAZON.IN/ANOTWENER-SWEATSUITS-TRACKSUIT-JOGGING-CLOTHING/DP/B0BJYZ7GBT
ANOWONA	ANOWONA	amazon.in	HTTPS://WWW.AMAZON.IN/ANOWONA-LIFEPO4-OVERLAND-OFF-GRID-APPLICATIO/DP/B09834FDR5
ANPBAORE	ANPBAORE	amazon.in	HTTPS://WWW.AMAZON.IN/ANPBAORE-H260EBM-00-H7X3F-260W-CONNECTOR/DP/B0CMDW9DPQ
ANPOPO	ANPOPO	amazon.in	HTTPS://WWW.AMAZON.IN/BFSMILE-TRAINING-PARACHUTE-ADJUSTABLE-RESISTANCE/DP/B07H1FQ488
ANQILA	ANQILA	amazon.in	HTTPS://WWW.AMAZON.IN/ANQILA-EMBROIDERY-LIGHTWEIGHT-COMFORTABLE-SNEAKERS/DP/B08JZDMPSX
ANRIK	ANRIK	amazon.in	HTTPS://WWW.AMAZON.IN/ANRIK-COFFEE-MAKER-STAINLESS-STEEL/DP/B082HHMQV5
ANSCHE	ANSCHE	amazon.in	HTTPS://WWW.AMAZON.IN/MONITOR-ANSCHE-DIMMABLE-COMPUTER-BLUE-RAY/DP/B09JZ4XVRR
ANSIMIDA	ANSIMIDA	amazon.in	HTTPS://WWW.AMAZON.IN/ANSIMIDA-5-SHELF-SHELVING-STORAGE-ADJUSTABLE/DP/B0B5QYB9LH
ANTOYO	ANTOYO	amazon.in	HTTPS://WWW.AMAZON.IN/ANTOYO-ADJUSTABLE-BREATHABLE-EQUIPMENT-BASKETBALL/DP/B086M9XH2P
ANTRANFOUR	ANTRANFOUR	amazon.in	HTTPS://WWW.AMAZON.IN/ANTRANFOUR-WATERPROOF-ENCASEMENT-PROTECTION-INCONTINENCE/DP/B09996QK8C
ANTU	ANTU	amazon.in	HTTPS://WWW.AMAZON.IN/ANTU-PANKAJ-SARKAR/DP/1482838400
ANTWALKING	ANTWALKING	amazon.in	HTTPS://WWW.AMAZON.IN/ANTWALKING-RESISTANCE-ASSISTANCE-SHOULDERS-STRENGTH/DP/B086QNX3R1
ANXVERS	ANXVERS	amazon.in	HTTPS://WWW.AMAZON.IN/ANXVERS-PERSONALIZED-CARVING-DECORATIVE-SUITABLE/DP/B096Z7Y2M6
ANYLINCON	ANYLINCON	amazon.in	HTTPS://WWW.AMAZON.IN/WIRELESS-CHARGER-ANYLINCON-STATION-AIRPODS/DP/B09Q2CPJYG
ANZIR	ANZIR	amazon.in	HTTPS://WWW.AMAZON.IN/ANZIR/S?K=ANZIR
AOBOPAR	AOBOPAR	amazon.in	HTTPS://WWW.AMAZON.IN/ADJUSTABLE-BOOKENDS-HOLDER-STANDER-SUITABLE/DP/B08RYCF3ZY
AODIGESA	AODIGESA	amazon.in	HTTPS://WWW.AMAZON.IN/AODIGESA-RETAINER-PLASTIC-POPULAR-FASTENER/DP/B0922LNGKB
AOFO	AOFO	amazon.in	HTTPS://WWW.AMAZON.IN/AOFO-EXTENSION-WIDELY-SPACED-OUTLETS/DP/B0B3XGKW4D
AOGEK	AOGEK	amazon.in	HTTPS://WWW.AMAZON.IN/AOGEK-TOUCHSCREEN-DEVICE-APPLE-27-INCH/DP/B088WP95XQ
AOGGY	AOGGY	amazon.in	HTTPS://WWW.AMAZON.IN/AOGGY-MACBOOK-INCH-CASE-MODEL/DP/B07MP95XRS
AOGSY	AOGSY	amazon.in	HTTPS://WWW.AMAZON.IN/AOGSY-ZYBK0002-BOOKMARKET-SILVER/DP/B0CJ4SP9XJ
AOHEUO	AOHEUO	amazon.in	HTTPS://WWW.AMAZON.IN/AOHEUO-MAGNETIC-DIVERSION-ROTATING-SEMI-AUTOMATIC/DP/B09666PDKP
AOKPRO	AOKPRO	amazon.in	HTTPS://WWW.AMAZON.IN/AOKPRO-WORKSTATION-ERGONOMIC-ADJUSTABLE-CONTROLLER/DP/B09G2Y39BQ
AOLIPLUS	AOLIPLUS	amazon.in	HTTPS://WWW.AMAZON.IN/AOLIPLUS-BRIGHTNESS-MULTIFUNCTIONAL-BOOKMARK-MAGAZINES/DP/B0745B7J99
AOLLIEPAWER	AOLLIEPAWER	amazon.in	HTTPS://WWW.AMAZON.IN/AOLLIEPAWER-DANCING-FITTINGS-FLANGE-TOOLS/DP/B08PKVM9LV
AOMCK	AOMCK	amazon.in	HTTPS://WWW.AMAZON.IN/DIFFUSER-HUMIDIFIER-AROMATHERAPY-ESSENTIAL-PORTABLE/DP/B07YXR9FNP
AOMIDA	AOMIDA	amazon.in	HTTPS://WWW.AMAZON.IN/AOMIDA-LIGHT-POLISH-CURING-TIMERS/DP/B0B639TKFN
AOMOMO	AOMOMO	amazon.in	HTTPS://WWW.AMAZON.IN/AOMOMO-UNISEX-BABY-NEWBORN-MUMMY-BODYSUIT/DP/B083QHR5Y8
AONEWOE	AONEWOE	amazon.in	HTTPS://WWW.AMAZON.IN/AONEWOE-ARTIFICIAL-ARRANGEMENTS-DECORATION-CHAMPAGNE/DP/B07G75SZRF
AONOUR	AONOUR	amazon.in	HTTPS://WWW.AMAZON.IN/AONOUR-LONGLINE-CRISS-CROSS-STRAPPY-REMOVABLE/DP/B0962TPJY3
AONOUR	AONOUR	amazon.in	HTTPS://WWW.AMAZON.IN/AONOUR-WORKOUT-ACTIVEWEAR-TRAINING-SHIRTS/DP/B0883F2355
AOOAR	AOOAR	amazon.in	HTTPS://WWW.AMAZON.IN/AOOAR-WOMENS-SOLID-BLACK-PARTY/DP/B01LXN0RKT
AOODIL	AOODIL	amazon.in	HTTPS://WWW.AMAZON.IN/AOODIL-SCOOTERS-ADJUSTABLE-HEIGHT-WIDE-CHILDREN/DP/B084TLZ4PM
AOORY	AOORY	amazon.in	HTTPS://WWW.AMAZON.IN/AOORY-NATURAL-GRAPEVINE-WEDDING-GARLAND/DP/B07S9XN7PF
AOORY	AOORY	amazon.in	HTTPS://WWW.AMAZON.IN/ADJUSTABLE-FITNESS-WORKOUT-STRETCHING-PHYSICAL/DP/B08BCM2TGH
AOOTOOSPORT	AOOTOOSPORT	amazon.in	HTTPS://WWW.AMAZON.IN/AOOTOOSPORT-VALENTINES-ANNIVERSARY-BIRTHDAY-PROPOSAL/DP/B0839G4PWW
AOPOY	AOPOY	amazon.in	HTTPS://WWW.AMAZON.IN/BLUETOOTH-HEADPHONES-AOPOY-EARPHONES-WATERPROOF/DP/B0828FLV9T
AOROM	AOROM	amazon.in	HTTPS://WWW.AMAZON.IN/AOROM-HERBAL-SMOKES-NICOTINE-ADDICTIVE/DP/B09PHRH3LP
AOSIFU	AOSIFU	amazon.in	HTTPS://WWW.AMAZON.IN/AOSIFU-LIGHT-BREATHABLE-FLASHING-SNEAKERS/DP/B079YRYD8H
AOSNTTOL	AOSNTTOL	amazon.in	HTTPS://WWW.AMAZON.IN/AOSNTTOL-FERMENTATION-FERMANTING-SAUERKRAUT-VEGETABLES/DP/B08YRVYLV3
AOVIKOOD	AOVIKOOD	amazon.in	HTTPS://WWW.AMAZON.IN/AOVIKOOD-ROBOT-BLUE/DP/B0BLNKWX8S
AOWEER	AOWEER	amazon.in	HTTPS://WWW.AMAZON.IN/AOWEER-WOMENS-WAISTED-POCKETS-TROUSERS/DP/B083FHMFY3
AOYATE	AOYATE	amazon.in	HTTPS://WWW.AMAZON.IN/AOYATE-MOTIVATIONAL-LEAKPROOF-FITNESS-OUTDOOR/DP/B099NRHCBF
AOZINTL	AOZINTL	amazon.in	HTTPS://WWW.AMAZON.IN/AOZINTL-PICKLEBALL-HONEYCOMB-EQUIPMENT-ADDITIONAL/DP/B09QXCK5HH
AOZISTECH	AOZISTECH	amazon.in	HTTPS://WWW.AMAZON.IN/AOZISTECH-FIBER-18GBPS-DYNAMIC-COMPATIBLE/DP/B09NQYN7B1
APEXSCNVIEW	APEXSCNVIEW	amazon.in	HTTPS://WWW.AMAZON.IN/APEXSCNVIEW-BARKING-ULTRASONIC-DETERRENT-COVERAGE/DP/B0G149LF8L
APIXO	APIXO	amazon.in	HTTPS://WWW.AMAZON.IN/APIXO-PORTABLE-SMOOTHIE-CRUSHING-RECHARGEABLE/DP/B0CBWZKQHY
APMIEK	APMIEK	amazon.in	HTTPS://WWW.AMAZON.IN/APMIEK-CALIFORNIA-KING-FITTED-SHEET/DP/B099RTTF4B
APMRUMGO	APMRUMGO	amazon.in	HTTPS://WWW.AMAZON.IN/APMRUMGO-WESTSIDE-FAIRWAY-DRIVER-COLORS/DP/B01AMDZ8LU
APOBATK	APOBATK	amazon.in	HTTPS://WWW.AMAZON.IN/APOBATK-SMART-RING-DISPLAY-WATERPROOF/DP/B0F297KVSV
APORIO	APORIO	amazon.in	HTTPS://WWW.AMAZON.IN/PORTABLE-CONDITIONER-RECHARGEABLE-PERSONAL-DURATION-CONDITIONER/DP/B09PL38H5V
APSARA	APSARA	amazon.in	HTTPS://WWW.AMAZON.IN/APSARA-%E0%A4%85%E0%A4%AA%E0%A5%8D%E0%A4%B8%E0%A4%B0%E0%A4%BE-SURYAKANT-TRIPATHI-NIRALA/DP/9355990588?S=BAZAAR
APSTOUR	APSTOUR	amazon.in	HTTPS://WWW.AMAZON.IN/APSTOUR/B/REF=BL_DP_S_MW_83433145031?IE=UTF8&NODE=83433145031&FIELD-LBR_BRANDS_BROWSE-BIN=APSTOUR
APTESOL	APTESOL	amazon.in	HTTPS://WWW.AMAZON.IN/APTESOL-SNEAKERS-FLASHING-TODDLER-LITTLER/DP/B082SXS36R
APTIMCITY	APTIMCITY	amazon.in	HTTPS://WWW.AMAZON.IN/APTIMCITY-BADGE-PASSOPORT-DOUBLE-PASSPORT/DP/B0CPB5XS3L
AQIQUUT	AQIQUUT	amazon.in	HTTPS://WWW.AMAZON.IN/AQIQUUT-BRIGHT-INTEGRATED-V-SHAPE-LINKABLE/DP/B086Z24BX7
AQISI	AQISI	amazon.in	HTTPS://WWW.AMAZON.IN/AQISI-EFFECTIVE-PERMANENT-INHIBITOR-REMOVAL/DP/B084SZH5RZ
ARAIERD	ARAIERD	amazon.in	HTTPS://WWW.AMAZON.IN/ARAIERD-CONNECTOR-KICKSTAND-EXTENSION-GTX1080TI/DP/B0BD4T6JMQ
ARAINLO	ARAINLO	amazon.in	HTTPS://WWW.AMAZON.IN/ARAINLO-FASHION-PULLOVER-SWEATER-POCKETS/DP/B083NXLZGV
ARANOY	ARANOY	amazon.in	HTTPS://WWW.AMAZON.IN/ARANOY-SUMMER-DRESSES-SUNDRESS-POCKETS/DP/B08XBLV52C
AREILIYA	AREILIYA	amazon.in	HTTPS://WWW.AMAZON.IN/AREILIYA-REPLACEMENT-MACBOOK-ASSEMBLY-2560X1600/DP/B0B83SWDMR
AREILIYA	AREILIYA	amazon.in	HTTPS://WWW.AMAZON.IN/AREILIYA-REPLACEMENT-LM270QQ1-COMPATIBLE-ASSEMBLY/DP/B0B842MC5C
AREILIYA	AREILIYA	amazon.in	HTTPS://WWW.AMAZON.IN/AREILIYA-COMPATIBLE-ASSEMBLY-REPLACEMENT-LM215UH1/DP/B0B83ZK9QK
ARGUSTZA	ARGUSTZA	amazon.in	HTTPS://WWW.AMAZON.IN/AUTOMATIC-CRAWL-FOUNDATION-306MGR-ARGUSTZA/DP/B01J45USIA
ARIXINKS	ARIXINKS	amazon.in	HTTPS://WWW.AMAZON.IN/ARIXINKS-RECHARGEABLE-OPERATED-PAINTING-WIRELESS/DP/B09JPDBLS6
ARJSTY	ARJSTY	amazon.in	HTTPS://WWW.AMAZON.IN/ARJSTY-400X500X0-5MM-CARBON-GLOSSY-FINISH/DP/B0C36KC5C7
ARNCMIV	ARNCMIV	amazon.in	HTTPS://WWW.AMAZON.IN/ARNCMIV-GREEN-GLASS-BANKERS-REPLACEMENT/DP/B081YYF2DL
ARTBISONS	ARTBISONS	amazon.in	HTTPS://WWW.AMAZON.IN/ARTBISONS-RUNNER-COTTON-KITCHEN-ABSTRACT/DP/B07J643ZVN
ARTCIETY	ARTCIETY	amazon.in	HTTPS://WWW.AMAZON.IN/ARTCIETY-FOLDABLE-BLUETOOTH-KEYBOARD-SMARTPHONE/DP/B0BK4PL17R
ARTHAXI	ARTHAXI	amazon.in	HTTPS://WWW.AMAZON.IN/ARTHAXI-FOLDING-MIRROR-COMPACT-BACKPACK/DP/B09KGND6SN
ARTHOPT	ARTHOPT	amazon.in	HTTPS://WWW.AMAZON.IN/ARTHOPT-TODDLERS-ACTIVITIES-MONTESSORI-EDUCATIONAL/DP/B0B3MHRN1N
ARTILECTION	ARTILECTION	amazon.in	HTTPS://WWW.AMAZON.IN/ARTILECTION-BINOCULARS-WATERPROOF-PROFESSIONAL-SIGHTSEEING/DP/B07WH8P6XC
ARTKISSER	ARTKISSER	amazon.in	HTTPS://WWW.AMAZON.IN/ARTKISSER-PROGRESS-PAINTING-PICTURES-DECORATION/DP/B01D1GWH28
ARTLEO	ARTLEO	amazon.in	HTTPS://WWW.AMAZON.IN/ARTLEO-FREEZER-TRAPEZIUM-CONTAINER-FLEXIBLE/DP/B095GBGQ5S
ARTOLO	ARTOLO	amazon.in	HTTPS://WWW.AMAZON.IN/ARTOLO-BEVERAGE-SERVEWARE-GLASS-JAR/DP/B09BBQNDSF
ARTTYMA	ARTTYMA	amazon.in	HTTPS://WWW.AMAZON.IN/ARTTYMA-ASSORTMENT-DUCKIES-DUCKING-FLOATER/DP/B0B4KBJ2X1
ASCISM	ASCISM	amazon.in	HTTPS://WWW.AMAZON.IN/ASCISM-SMART-CLIMBING-TRIANGLE-RAMP/DP/B0BC8K4ZG1
ASCLE	ASCLE	amazon.in	HTTPS://WWW.AMAZON.IN/AWL-ASCLE-WELLNESS-AYURVEDIC-ALRGYDOC/DP/B08YR7LD7B
ASHLONE	ASHLONE	amazon.in	HTTPS://WWW.AMAZON.IN/ASHLONE-TRAINER-UNDERBUST-CINCHER-WORKOUT/DP/B082QZC9RH
ASHWINI	ASHWINI	amazon.in	HTTPS://WWW.AMAZON.IN/ASHWINI/S?K=ASHWINI
ASLIDECOR	ASLIDECOR	amazon.in	HTTPS://WWW.AMAZON.IN/ASLIDECOR-ACRYLONITRILE-ILLUMINATED-WATERPROOF-DECORATIONS/DP/B0BRTPFRR9
ASLINY	ASLINY	amazon.in	HTTPS://WWW.AMAZON.IN/ASLINY-DISTRESSED-HANGING-FLOATING-SHELVES/DP/B07HQBPKB6
ASLNSONG	ASLNSONG	amazon.in	HTTPS://WWW.AMAZON.IN/ASLNSONG-POCKET-WALLET-PATTERN-STUDENTS/DP/B083N935P2
ASMOTIM	ASMOTIM	amazon.in	HTTPS://WWW.AMAZON.IN/ASMOTIM-BLUETOOTH-HEADPHONES-WATERPROOF-EARPHONES/PRODUCT-REVIEWS/B07FQCRQS9
ASTITVA	ASTITVA	amazon.in	HTTPS://WWW.AMAZON.IN/ASTITVA-SUDHA-MURTY/DP/8177667653
ASTORYOU	ASTORYOU	amazon.in	HTTPS://WWW.AMAZON.IN/LUCARIO-DISH-ASTORYOU-STAINLESS-DRAINING/DP/B0D7MS3JDQ
ASTOTSELL	ASTOTSELL	amazon.in	HTTPS://WWW.AMAZON.IN/ASTOTSELL-STORAGE-HANGING-ORGANIZER-BATHROOM/DP/B07FS3117W
ASTRAET	ASTRAET	amazon.in	HTTPS://WWW.AMAZON.IN/ASTRAET-PROFESSIONAL-SCISSORS-HAIRDRESSING-STAINLESS/DP/B086SN8FXZ
ASTRAMINDS	ASTRAMINDS	amazon.in	HTTPS://WWW.AMAZON.IN/ASTRAMINDS-SMART-WATCH-KIDS-FLASHLIGHT/DP/B0CJ2DK51N
ASUFEGUCD	ASUFEGUCD	amazon.in	HTTPS://WWW.AMAZON.IN/ASUFEGUCD-TURBAN-BEANIE-BOHEMIA-HEADWEAR/DP/B083NYJH34
ASVERD	ASVERD	amazon.in	HTTPS://WWW.AMAZON.IN/ASVERD-WOMENS-SUPPORT-ADJUSTABLE-SANDALS/DP/B08WKM9G59
ASVERT	ASVERT	amazon.in	HTTPS://WWW.AMAZON.IN/ASVERT-BUTTER-MELTING-TRI-PLY-STAINLESS/DP/B07X352SVT
ASWINN	ASWINN	amazon.in	HTTPS://WWW.AMAZON.IN/ASWINN-ADJUSTABLE-ROTATION-FLEXIBLE-COMPATIBLE/DP/B0BY5MCP73
ASYXSTAR	ASYXSTAR	amazon.in	HTTPS://WWW.AMAZON.IN/ASYXSTAR-GOLF-ALIGNMENT-STICKS-PACK/DP/B08T82GPNH
ATAHANA	ATAHANA	amazon.in	HTTPS://WWW.AMAZON.IN/ATAHANA-NATURAL-THERAPY-PUFFINESS-CUSTOMIZE/DP/B07CTY1W1D
ATERNOON	ATERNOON	amazon.in	HTTPS://WWW.AMAZON.IN/ATERNOON-FLUFFY-CHILDREN-BEDROOM-NURSERY/DP/B08ZSCHXNR
ATEVON	ATEVON	amazon.in	HTTPS://WWW.AMAZON.IN/ATEVON-DDR3-LAPTOP-WARRANTY-MST-1859L/DP/B0BS1C1TJP
ATEVON	ATEVON	amazon.in	HTTPS://WWW.AMAZON.IN/ATEVON-PRE-SEASONED-CAST-IRON-INDUCTION-FRIENDLY/DP/B0BYPCTXFJ
ATEVON	ATEVON	amazon.in	HTTPS://WWW.AMAZON.IN/ATEVON-CORNFLAKES-WALL-MOUNTED-AIRTIGHT-CONTAINER/DP/B0C5QVR2J4
ATHLCHAMP	ATHLCHAMP	amazon.in	HTTPS://WWW.AMAZON.IN/ATHLCHAMP-CONTROL-DUELING-LIGHTSABER-ACRYLIC/DP/B0C81DZW72
ATHPIK	ATHPIK	amazon.in	HTTPS://WWW.AMAZON.IN/ATHPIK-GOALKEEPER-OUTDOOR-PROTECTION-WARRANTY/DP/B083PRKSGM
ATICASPORT	ATICASPORT	amazon.in	HTTPS://WWW.AMAZON.IN/ATICASPORT-WRESTLING-EXERCISER-EQUIPMENT-DEVELOPER/DP/B07PJ7X43Q
ATIGO	ATIGO	amazon.in	HTTPS://WWW.AMAZON.IN/ATIGO-INDUSTRIAL-ALARM-SAFETY-SYSTEM/DP/B07GCHB7YH
ATIMING	ATIMING	amazon.in	HTTPS://WWW.AMAZON.IN/ATIMING-ELEGANT-HANDMADE-DECORATION-FARMHOUSE/DP/B087FWCZMD
ATOD	ATOD	amazon.in	HTTPS://WWW.AMAZON.IN/ATOD-PRIMARY-PREVENTION-ALCOHOL-STUDENTS/DP/384737625X
ATOMBUD	ATOMBUD	amazon.in	HTTPS://WWW.AMAZON.IN/MISTOUCH-PREVENTION-MAGNETISM-RECHARGE-COMPATIBLE/DP/B083QBQL1N
ATOOTFUSION	ATOOTFUSION	amazon.in	HTTPS://WWW.AMAZON.IN/ATOOTFUSION-MULTICOLOUR-MATTRESS-SLEEPING-CAPACITY/DP/B084T34SN9
ATOOTFUSION	ATOOTFUSION	amazon.in	HTTPS://WWW.AMAZON.IN/ATOOTFUSION-PLASTIC-MANUAL-AUTOMATIC-MAKER/DP/B07XM2XSZF
ATOOTFUSION	ATOOTFUSION	amazon.in	HTTPS://WWW.AMAZON.IN/ATOOTFUSION-PROFESSIONAL-WRINKLE-RESISTANT-LABORATORY/DP/B0CJP9CDJC
ATOOTFUSION	ATOOTFUSION	amazon.in	HTTPS://WWW.AMAZON.IN/ATOOTFUSION-MICROFIBER-SEATER-SATIN-DINING/DP/B092J9KLNR
ATOOTFUSION	ATOOTFUSION	amazon.in	HTTPS://WWW.AMAZON.IN/ATOOTFUSION-LIGHTWEIGHT-3-SEATER-CUSHION-150/DP/B09GNJP4ZS
ATOZHUB	ATOZHUB	amazon.in	HTTPS://WWW.AMAZON.IN/STORES/ATOZHUB/PAGE/CBCC6A1F-E5DD-4ABE-B970-639722F13B53
ATOZHUB	ATOZHUB	amazon.in	HTTPS://WWW.AMAZON.IN/STORES/ATOZHUB/PAGE/E88032C3-21ED-44C2-8ED7-34C7015737A4
ATTBEA	ATTBEA	amazon.in	HTTPS://WWW.AMAZON.IN/ATTBEA-HALLOWEEN-COSTUME-COMPATIBLE-DOCTORS/DP/B0B77JKFS4
ATUTEN	ATUTEN	amazon.in	HTTPS://WWW.AMAZON.IN/ATUTEN-SECURITY-CAMERA-SURVEILLANCE-DETECTION/DP/B07C6CKBXG
AUAM	AUAM	amazon.in	HTTPS://WWW.AMAZON.IN/STAINLESS-DUMPLING-RAVIOLI-EMPANADA-AUAM/DP/B07W6FC48X
AUANLAY	AUANLAY	amazon.in	HTTPS://WWW.AMAZON.IN/AUANLAY-RAMEN-BOWL-SET-CHOPSTICKS/DP/B09X8LRGH7
AUBADDY	AUBADDY	amazon.in	HTTPS://WWW.AMAZON.IN/AUBADDY-HORIZONTAL-HOLSTER-PHONES-SAMUSNG/DP/B07YBBRWGF
AUBADDY	AUBADDY	amazon.in	HTTPS://WWW.AMAZON.IN/AUBADDY-HORIZONTAL-HOLSTER-PHONES-SAMUSNG/DP/B07MWBG11V
AUBASIC	AUBASIC	amazon.in	HTTPS://WWW.AMAZON.IN/AUBASIC-GLASS-FIBERGLASS-STAINLESS-6-INCH/DP/B083PP6QXC
AUBE	AUBE	amazon.in	HTTPS://WWW.AMAZON.IN/AUBE/DP/2812141034
AUCARE	AUCARE	amazon.in	HTTPS://WWW.AMAZON.IN/AUCARE-ACTIVITY-TRACKER-BLUETOOTH-BLACK/DP/B084RTYZD9
AUCOCU	AUCOCU	amazon.in	HTTPS://WWW.AMAZON.IN/AUCOCU-STRETCH-INVISIBLE-UNIVERSAL-STANDARD/DP/B074C73P8V
AUCOO	AUCOO	amazon.in	HTTPS://WWW.AMAZON.IN/WARMERS-BOTTLES-PORTABLE-WARMING-BREASTMILK/DP/B0CBC2T1QZ
AUDBOS	AUDBOS	amazon.in	HTTPS://WWW.AMAZON.IN/AUDBOS-ISOLATING-EARPHONES-HEADPHONES-EARBUDS/DP/B01MTU0GVO
AUISS	AUISS	amazon.in	HTTPS://WWW.AMAZON.IN/AUISS-BLANKET-THERMAL-LOUNGING-LUXURIOUS/DP/B08137WBQV
AUITRONCARE	AUITRONCARE	amazon.in	HTTPS://WWW.AMAZON.IN/AUITRONCARE-TOOTHPASTE-TOOTHBRUSH-AUTOMATIC-FLUORIDE-FREE/DP/B08RB2B3B5
AUKEH	AUKEH	amazon.in	HTTPS://WWW.AMAZON.IN/AUKEH-KEYBOARD-LENOVO-THINKPAD-T540/DP/B0827RF1H4
AUKEH	AUKEH	amazon.in	HTTPS://WWW.AMAZON.IN/AUKEH-KEYBOARD-LENOVO-THINKPAD-E550/DP/B0827SQTJB
AUKL	AUKL	amazon.in	HTTPS://WWW.AMAZON.IN/AUKL-INTERACTIVE-ELECTRIC-AUTOMATIC-ACCESSORY/DP/B0CB617TYJ
AUKOR	AUKOR	amazon.in	HTTPS://WWW.AMAZON.IN/AUKOR-BACKPACK-VENTILATED-BACKPACKS-SWITCHABLE/DP/B07H6WNYZK
AUKTU	AUKTU	amazon.in	HTTPS://WWW.AMAZON.IN/ADJUSTABLE-FOLDABLE-STABILIZER-AUKTU-S2002/DP/B0BN7L1SQ5
AULIYA	AULIYA	amazon.in	HTTPS://WWW.AMAZON.IN/AQWALE-AULIYA-ALLAH-NAYAB-MAJMUA/DP/B08475RNN7
AULIYA	AULIYA	amazon.in	HTTPS://WWW.AMAZON.IN/AULIYA-HAZRAT-MAULANA-ASHRAF-THANWI/DP/B082VCWCCV
AULKER	AULKER	amazon.in	HTTPS://WWW.AMAZON.IN/AULKER-WIRELESS-BLUETOOTH-SPEAKER-RECHARGEABLE/DP/B01K7CE0EM
AUMARIC	AUMARIC	amazon.in	HTTPS://WWW.AMAZON.IN/AUMARIC-FLATS-KNIT-TEXTURE-WALKING-FLEXIBLE/DP/B09RGW1HCB
AUMVEYI	AUMVEYI	amazon.in	HTTPS://WWW.AMAZON.IN/AUMVEYI-ASSORTED-ARTIFICIAL-RESISTANT-DECORATION/DP/B0B3DJVT6Q
AUOXER	AUOXER	amazon.in	HTTPS://WWW.AMAZON.IN/AUOXER-EXERCISE-WEIGHTED-DETACHABLE-ADJUSTABLE/DP/B07KCXM8H5
AUPRACT	AUPRACT	amazon.in	HTTPS://WWW.AMAZON.IN/AUPRACT-ADJUSTABLE-ATTACHMENT-EXTENSIONS-ACCESSORIES/DP/B0C49TYQDM
AUPUS	AUPUS	amazon.in	HTTPS://WWW.AMAZON.IN/AUPUS-CORDLESS-COMPUTER-RECHARGEABLE-COMPRESSED/DP/B0BCX5Z4DM
AUPUS	AUPUS	amazon.in	HTTPS://WWW.AMAZON.IN/AUPUS-COMPRESSED-AIR-DUSTER-AD15RDB/DP/B0BN16MWVS
AURUMBIRD	AURUMBIRD	amazon.in	HTTPS://WWW.AMAZON.IN/AURUMBIRD-LIGHTWEIGHT-TREADMILL-FOLDABLE-PLACEMENT/DP/B0951PTHKY
AUSHUCU	AUSHUCU	amazon.in	HTTPS://WWW.AMAZON.IN/AUSHUCU-12INCH-SMOKER-TUBES-2PCS/DP/B09MSZDW96
AUSHUCU	AUSHUCU	amazon.in	HTTPS://WWW.AMAZON.IN/AUSHUCU-SPIKES-STAINLESS-PIGEONS-REPELLENT/DP/B08V8P8WHW
AUSOGO	AUSOGO	amazon.in	HTTPS://WWW.AMAZON.IN/AUSOGO-ARTIFICIAL-DIY-CENTERPIECES-ARRANGEMENTS/DP/B09N3DS26Z
AUSOGO	AUSOGO	amazon.in	HTTPS://WWW.AMAZON.IN/AUSOGO-ARTIFICIAL-CENTERPIECES-ARRANGEMENTS-DECORATIONS/DP/B09P8HZ1CY
AUSPA	AUSPA	amazon.in	HTTPS://WWW.AMAZON.IN/AUSPA-T003-TITANIUM-SHOULDER-SCRAPING/DP/B07FTCM9WV
AUSPISEEDLING	AUSPISEEDLING	amazon.in	HTTPS://WWW.AMAZON.IN/AUSPISEEDLING-MEMORY-FOAM-PILLOW-QUEEN-SIZE-SET/DP/B09NNKK1HN
AUTBYE	AUTBYE	amazon.in	HTTPS://WWW.AMAZON.IN/AUTBYE-HANDHELD-PORTABLE-RECHARGEABLE-LIGHTWEIGHT/DP/B0D4DJHN4J
AUTOINBOX	AUTOINBOX	amazon.in	HTTPS://WWW.AMAZON.IN/AUTOINBOX-UNIVERSAL-MOTORCYCLE-MOUNTING-HARDWARE/DP/B06XPZXMLJ
AUTOTIPPS	AUTOTIPPS	amazon.in	HTTPS://WWW.AMAZON.IN/AUTOTIPPS-SCRAPER-STAINLESS-BLENDER-PROFESSIONAL/DP/B08L11ZWJ5
AUTOTIPPS	AUTOTIPPS	amazon.in	HTTPS://WWW.AMAZON.IN/AUTOTIPPS-ALUMINUM-CRISPER-BAKEWARE-RESTAURANT/DP/B08KXV85LW
AUTOTIPPS	AUTOTIPPS	amazon.in	HTTPS://WWW.AMAZON.IN/AUTOTIPPS-STAINLESS-WATERMELON-YOGURT-SORBET-SPHERICAL/DP/B08K4DKZT1
AUTOTIPPS	AUTOTIPPS	amazon.in	HTTPS://WWW.AMAZON.IN/AUTOTIPPS-ALUMINUM-CRISPER-BAKEWARE-RESTAURANT/DP/B08KXRVKHK
AUTUMNWELL	AUTUMNWELL	amazon.in	HTTPS://WWW.AMAZON.IN/AUTUMNWELL-CROSSBODY-SHOULDER-PURSES-FANDBAGS/DP/B09MFQVXJV
AUU	AUU	amazon.in	HTTPS://WWW.AMAZON.IN/AUU-LEGGINGS-STRETCH-POCKETS-WORKOUT/DP/B082RHFD6D
AUU	AUU	amazon.in	HTTPS://WWW.AMAZON.IN/AUU-POCKETS-RUNNING-WORKOUT-LEGGINGS/DP/B082MVY5TZ
AUYE	AUYE	amazon.in	HTTPS://WWW.AMAZON.IN/AUYE-STORAGE-KITCHEN-CONTAINER-SILICONE/DP/B0771KT4NP
AUZNCU	AUZNCU	amazon.in	HTTPS://WWW.AMAZON.IN/AUZNCU-DIGITAL-PICTURE-AUTO-ROTATE-REMOTELY/DP/B0BFWFNGTV
AVELER	AVELER	amazon.in	HTTPS://WWW.AMAZON.IN/AVELER-LIGHTWEIGHT-PERFORMANCE-BACKPACK-INTEGRATED/DP/B096W9YZ75
AVEYAL	AVEYAL	amazon.in	HTTPS://WWW.AMAZON.IN/AVEYAL-PILLOWCASE-SENSATIVE-ENVELOPE-STANDARD/DP/B07KZKHZ4B
AVIKOIT	AVIKOIT	amazon.in	HTTPS://WWW.AMAZON.IN/AVIKOIT-GRIP-HOOKS-GLASSES-ANTI/DP/B07VK4DLSC
AVSOG	AVSOG	amazon.in	HTTPS://WWW.AMAZON.IN/AVSOG-WINDSHIELD-PROTECTOR-SUN-SHADE-WINDSCREEN/DP/B099ZDG5L2
AVYXM	AVYXM	amazon.in	HTTPS://WWW.AMAZON.IN/AVYXM-DELIVERY-MARKER-MACBOOK-SAMSUNG/DP/B08F9YFTRM
AWANI	AWANI	amazon.in	HTTPS://WWW.AMAZON.IN/AWANI-TRENDS-FRIENDSHIP-BESTIEE-MICROFIBER/DP/B0BYSWBZY5?S=BAZAAR
AWCVIRE	AWCVIRE	amazon.in	HTTPS://WWW.AMAZON.IN/AWCVIRE-REMOVABLE-BEDTIME-STUFFED-PLUSHIES/DP/B0CGXRJTML
AWELUX	AWELUX	amazon.in	HTTPS://WWW.AMAZON.IN/AWELUX-WATERPROOF-ANTI-SCRATCH-RESISTANT-CLASSROOM/DP/B0CPLLB89Y
AWVV	AWVV	amazon.in	HTTPS://WWW.AMAZON.IN/AWVV-VACCC/DP/B0BWWBNK8V
AXCONE	AXCONE	amazon.in	HTTPS://WWW.AMAZON.IN/AXCONE-CUSHION-ATHLETIC-SNEAKERS-US7-US13/DP/B08QCWTPRS
AXEARTE	AXEARTE	amazon.in	HTTPS://WWW.AMAZON.IN/AXEARTE-DRAWING-PENCILS-SET-75PCS/DP/B083NRHBKZ
AXGUTER	AXGUTER	amazon.in	HTTPS://WWW.AMAZON.IN/AXGUTER-CONTROL-WATERPROOF-ELECTRIC-BATTERIES/DP/B0BZVG574R
AXIESO	AXIESO	amazon.in	HTTPS://WWW.AMAZON.IN/AXIESO-SILICONE-BAR-MAT-HEAT-RESISTANT/DP/B08N4HQNVJ
AYCCNH	AYCCNH	amazon.in	HTTPS://WWW.AMAZON.IN/AYCCNH-MULTIFUNCTIONAL-TRIANGLE-HEART-TRIANGLE-MAKING-STORAGE/DP/B0BR46ZXVH
AYENNUR	AYENNUR	amazon.in	HTTPS://WWW.AMAZON.IN/AYENNUR-DECORATIVE-MULTICOLOR-HANDMADE-ORNAMENT/DP/B07X1X4R7H
AYENNUR	AYENNUR	amazon.in	HTTPS://WWW.AMAZON.IN/AYENNUR-TURKISH-DECORATIVE-HANDMADE-ORNAMENT/DP/B07RT6TVY2
AYGIENCE	AYGIENCE	amazon.in	HTTPS://WWW.AMAZON.IN/AYGIENCE-WOMENS-SLEEVE-STRIPED-T-SHIRT/DP/B082WD33ZR
AYGIENCE	AYGIENCE	amazon.in	HTTPS://WWW.AMAZON.IN/AYGIENCE-PULLOVER-SWEATERS-SWEATSHIRTS-BLOUSES/DP/B082RH63W3
AYLAMAE	AYLAMAE	amazon.in	HTTPS://WWW.AMAZON.IN/AYLAMAE-REFILLABLE-CONDITIONER-DISPENSERS-PRE-APPLIED/DP/B07VBHK6Z9
AYNUMA	AYNUMA	amazon.in	HTTPS://WWW.AMAZON.IN/AYNUMA-SILICONE-DRAINING-COUNTERTOP-FARMHOUSE/DP/B09XVHXX38
AYTRAHOME	AYTRAHOME	amazon.in	HTTPS://WWW.AMAZON.IN/THERAPEDIC-CLASSIC-CONTOUR-PILLOW-AYTRAHOME/DP/B00H5LMT42
AYVAN	AYVAN	amazon.in	HTTPS://WWW.AMAZON.IN/AYVAN-STRAIGHTENER-POSTURE-CORRECTOR-DEVICE/DP/B0C9STQLM8
AYWEWII	AYWEWII	amazon.in	HTTPS://WWW.AMAZON.IN/AYWEWII-FINGER-GLOVES-SHOELACES-FLASHING/DP/B08VRPYRZG
AZAMINE	AZAMINE	amazon.in	HTTPS://WWW.AMAZON.IN/AZAMINE-RECHARGEABLE-FLASHLIGHTS-990000-LUMENS/DP/B0DM8QS7H3
AZANU	AZANU	amazon.in	HTTPS://WWW.AMAZON.IN/GERIVIT-FORTE-CAPSULES-AZANU-5/DP/B0DRFRRJS1
AZARTON	AZARTON	amazon.in	HTTPS://WWW.AMAZON.IN/AZARTON-EXPANDABLE-FUNCTIONS-LIGHTWEIGHT-GARDENING/DP/B081J9VRQ7
AZEITE	AZEITE	amazon.in	HTTPS://WWW.AMAZON.IN/AZEITE-LUCIANO-PERCUSSI/DP/655536341X
AZMKIMI	AZMKIMI	amazon.in	HTTPS://WWW.AMAZON.IN/AZMKIMI-RM-YD102-RM-YD103-UNIVERSAL-CONTROL/DP/B07RYT4JYV
AZMKIMI	AZMKIMI	amazon.in	HTTPS://WWW.AMAZON.IN/AZMKIMI-REMOTE-CONTROL-REPLACEMENT-INCLUDE/DP/B0BMG9C44B
AZPXZPY	AZPXZPY	amazon.in	HTTPS://WWW.AMAZON.IN/AZPXZPY-CIRCULAR-CHOCOLATE-HANDHELD-GIROLLE/DP/B0CTSTB22B
AZROSAP	AZROSAP	amazon.in	HTTPS://WWW.AMAZON.IN/MOTIVATIONAL-INSPIRATIONAL-EXECUTION-PAINTING-ENTREPRENEUR/DP/B08CL2C1LN
AZTRONA	AZTRONA	amazon.in	HTTPS://WWW.AMAZON.IN/AZTRONA-BASEBALL-CAP-MEN-WOMEN/DP/B08B85D25F
AZUIZUIF	AZUIZUIF	amazon.in	HTTPS://WWW.AMAZON.IN/BLACK-STAIR-HANDRAIL-RAILING-TRANSITIONAL/DP/B09N91BZVG
AZUMIC	AZUMIC	amazon.in	HTTPS://WWW.AMAZON.IN/AZUMIC-IDENTITY-PROTECTION-ROLLER-REFILLS/DP/B07FD1CP6M
AZUUNYE	AZUUNYE	amazon.in	HTTPS://WWW.AMAZON.IN/AZUUNYE-SNORKEL-FLIPPERS-TRAINING-DIVING/DP/B096XVFKTF
AZXRHWYGS	AZXRHWYGS	amazon.in	HTTPS://WWW.AMAZON.IN/PROJECTOR-SCREEN-OUTDOOR-INDOOR-PROJECTION/DP/B09JSP7B6N
AZZAART	AZZAART	amazon.in	HTTPS://WWW.AMAZON.IN/AZZAART-COPPER-BUTTA-BROCADE-BLOUSE/DP/B0CBHMHPVJ
BABAMATE	BABAMATE	amazon.in	HTTPS://WWW.AMAZON.IN/BABAMATE-NATURAL-BAMBOO-BABY-SPONGE/DP/B06XDKY1S6
BABLOCVID	BABLOCVID	amazon.in	HTTPS://WWW.AMAZON.IN/BABLOCVID-TODDLER-MAGNETIC-DRAWING-ERASABLE/DP/B08QV42TVD
BABOIES	BABOIES	amazon.in	HTTPS://WWW.AMAZON.IN/BABOIES-NON-STICK-FRYING-PANCAKE-BURGER/DP/B08HMPFYJV
BABYFUNY	BABYFUNY	amazon.in	HTTPS://WWW.AMAZON.IN/BABYFUNY-CRAWLING-MUSICAL-TODDLER-STUFFERS/DP/B0B4CFRQWP
BACABY	BACABY	amazon.in	HTTPS://WWW.AMAZON.IN/BACABY-POSITIONING-REUSABLE-REPOSITIONING-INCONTINENCE/DP/B08727573T
BACABY	BACABY	amazon.in	HTTPS://WWW.AMAZON.IN/HOT-STONES-ESSENTIAL-PROFESSIONAL-RELAXING/DP/B08TBRDB2M
BACKUP	BACKUP	amazon.in	HTTPS://WWW.AMAZON.IN/SYSTEM-BACKUP-UTILITIES/B?IE=UTF8&NODE=5490198031
BAGCO	BAGCO	amazon.in	HTTPS://WWW.AMAZON.IN/BAGCO-SIGNATURE-HANDBAG-MATCHING-CROSSBODY/DP/B0FLYCXJRK
BAIJLE	BAIJLE	amazon.in	HTTPS://WWW.AMAZON.IN/SUPPLIES-GLASSES-BRACELETS-WEDDING-CONCERT/DP/B0CHYNC4NL
BAIJLE	BAIJLE	amazon.in	HTTPS://WWW.AMAZON.IN/BAIJLE-SUPPLIES-GLASSES-BRACELETS-SCRUNCHIES/DP/B0D3TZ9LW4
BAILINGHAI	BAILINGHAI	amazon.in	HTTPS://WWW.AMAZON.IN/RECHARGEABLE-HEADLAMP-HEADLAMPS-LIGHTING-ADJUSTABLE/DP/B0CH3G5L35
BAIMIL	BAIMIL	amazon.in	HTTPS://WWW.AMAZON.IN/BAIMIL-BOW-KNOT-INTERLOCK-BUCKLE-ELASTIC/DP/B07B295NZS
BAIRAY	BAIRAY	amazon.in	HTTPS://WWW.AMAZON.IN/CEILING-REALISTIC-STICKERS-SHINING-DECORATION/DP/B07VZVZFTX
BAISIDIWEI	BAISIDIWEI	amazon.in	HTTPS://WWW.AMAZON.IN/BAISIDIWEI-VOLLEYBALL-VOLLEYBALLS-UNMARKED-TRAINING/DP/B09Z24YVMQ
BAISIHAN	BAISIHAN	amazon.in	HTTPS://WWW.AMAZON.IN/BAISIHAN-OVERCLOUDTM-COMFORTER-COLLECTION-TABS-47-97OZ/DP/B0BDFKX1BC
BAISUN	BAISUN	amazon.in	HTTPS://WWW.AMAZON.IN/BAISUN-UPLIGHTS-CONTROL-ACTIVATED-HALLOWEEN/DP/B099W7LNDK
BAITHNA	BAITHNA	amazon.in	HTTPS://WWW.AMAZON.IN/BAITHNA-30A-CONNECTORS-WATERPROOF-ANTI-BACKFLOW/DP/B0BGLN6HL7
BAITOP	BAITOP	amazon.in	HTTPS://WWW.AMAZON.IN/BAITOP-REMOVAL-FASTENER-DASHBOARD-DISMANTLE/DP/B09G2VZ76N
BAJAOEY	BAJAOEY	amazon.in	HTTPS://WWW.AMAZON.IN/BAJAOEY-SEAMLESS-UNDERWEAR-STRETCH-INVISIBLES/DP/B0C9HP2Z3V
BAJI	BAJI	amazon.in	HTTPS://WWW.AMAZON.IN/GENERIC-BAJI/DP/B0B3DX335G
BAKOUSTAR	BAKOUSTAR	amazon.in	HTTPS://WWW.AMAZON.IN/CERAMIC-BAKOUSTAR-CASSEROLE-COOKWARE-HEAT-RESISTANT/DP/B07XPW6NBZ
BAKSONS	BAKSONS	amazon.in	HTTPS://WWW.AMAZON.IN/DR-BAKSHIS-BAKSONS-HOMOEOPATHY-REVIVER-100/DP/B0BZCR4KMG
BALEPHA	BALEPHA	amazon.in	HTTPS://WWW.AMAZON.IN/BALEPHA-REPLACEMENT-SAMSUNG-WITHOUT-BLUETOOTH/DP/B0CHJTJR1C
BALLEBEEAUTIFUL	BALLEBEEAUTIFUL	amazon.in	HTTPS://WWW.AMAZON.IN/BALLEBEEAUTIFUL-SHOE-CLEANER-WHITENING-CLEANSING/DP/B0C4XY4SVB
BALLMIE	BALLMIE	amazon.in	HTTPS://WWW.AMAZON.IN/BALLMIE-FURRY-RATTLE-CATNIP-EASTER/DP/B07TF66SSD
BALWOO	BALWOO	amazon.in	HTTPS://WWW.AMAZON.IN/BALWOO-CHOPSTICKS-SILVERWARE-STAINLESS-FLATWARE/DP/B0BL6MLT13
BALZANO	BALZANO	amazon.in	HTTPS://WWW.AMAZON.IN/BALZANO-SPEED-NUTRI-BLENDER-SMOOTHIE/DP/B08S6RKT4L
BANANMELONBM	BANANMELONBM	amazon.in	HTTPS://WWW.AMAZON.IN/BANANMELONBM-PRETEND-PREMIUM-CREATIVE-BUILDING/DP/B0CSS3ZTY1
BANBLUE	BANBLUE	amazon.in	HTTPS://WWW.AMAZON.IN/BANBLUE-FULL-BAMBOO-SUNGLASSES-SHADES/DP/B083QV83Y3
BANBRICK	BANBRICK	amazon.in	HTTPS://WWW.AMAZON.IN/BANBRICK-LUNCH-FOLDABLE-INSULATED-COOLER-THERMAL/DP/B07XCM3246
BANGCHEER	BANGCHEER	amazon.in	HTTPS://WWW.AMAZON.IN/ORGANIZER-DECO-INSTALL-WALL-MOUNTED/DP/B08SVX112J
BANGERSMILE	BANGERSMILE	amazon.in	HTTPS://WWW.AMAZON.IN/BANGERSMILE-SAUSAGE-STUFFER-STAINLESS-ATTACHMENT/DP/B0B6ML3KKY
BANZARA	BANZARA	amazon.in	HTTPS://WWW.AMAZON.IN/BANZARA-SIBSHANKAR-BHATTACHARYYA/DP/B09L581VVM
BAOLU	BAOLU	amazon.in	HTTPS://WWW.AMAZON.IN/STAINLESS-INSULATED-DISHWASHER-LEAK-PROOF-BPA-FREE/DP/B09CD2Z6KL
BAPAMA	BAPAMA	amazon.in	HTTPS://WWW.AMAZON.IN/BAPAMA-DIMMABLE-BREASTFEEDING-RECHARGEABLE-ADJUSTABLE/DP/B0BCVLVSD3
BAPAMA	BAPAMA	amazon.in	HTTPS://WWW.AMAZON.IN/BAPAMA-HOMEMADE-PROCESSOR-DEFROSTING-FUNCTIONS/DP/B078HV1747
BARAKARA	BARAKARA	amazon.in	HTTPS://WWW.AMAZON.IN/BARAKARA-CHILDREN-FREESTANDING-BASKETBALL-PLAYGROUND/DP/B08HRH926T
BARBICAN	BARBICAN	amazon.in	HTTPS://WWW.AMAZON.IN/BARBICAN-ALCOHOLIC-MALT-BEERS-330ML/DP/B072HCGXPX
BARGEN	BARGEN	amazon.in	HTTPS://WWW.AMAZON.IN/BARGEN-MARI-TUDOR/DP/1905699379
BARHOMO	BARHOMO	amazon.in	HTTPS://WWW.AMAZON.IN/BARHOMO-INTERACTIVE-ACTIVATED-AUTOMATIC-RECHARGEABLE/DP/B0CFXSQSKH
BARHOMO	BARHOMO	amazon.in	HTTPS://WWW.AMAZON.IN/BARHOMO-INTERACTIVE-AUTOMATED-ELECTRONIC-MOTORIZED/DP/B089NCP6R8
BARHON	BARHON	amazon.in	HTTPS://WWW.AMAZON.IN/BARHON-EXTRA-LARGE-PHOTO-CASE/DP/B08VJK5GRW
BARSONE	BARSONE	amazon.in	HTTPS://WWW.AMAZON.IN/BARSONE-SILICONE-SPATULA-PRODUCTS-MULTICOLOR/DP/B09K59XD9H
BASIC	BASIC	amazon.in	HTTPS://WWW.AMAZON.IN/BASIC-MOBILES/B?IE=UTF8&NODE=1805559031
BASMILE	BASMILE	amazon.in	HTTPS://WWW.AMAZON.IN/INSOLES-ORTHOTIC-PROVIDING-ABSORPTION-EVERYDAY/DP/B07D5YVTR7
BASUMIU	BASUMIU	amazon.in	HTTPS://WWW.AMAZON.IN/BASUMIU-WATCHES-WATERPROOF-ELECTRONIC-TACTICAL/DP/B09T3FWMH8
BATAUU	BATAUU	amazon.in	HTTPS://WWW.AMAZON.IN/BATAUU-PEDOMETER-OPERATION-CALORIES-COUNTING/DP/B083PYFD3F
BAUDELUN	BAUDELUN	amazon.in	HTTPS://WWW.AMAZON.IN/BAUDELUN-ATTACHING-THREADED-MOUNTING-VERTICAL/DP/B0C277T3TS
BAYWYI	BAYWYI	amazon.in	HTTPS://WWW.AMAZON.IN/BAYWYI-CASTERS-ACCESSORIES-PLASTIC-UNIVERSAL/DP/B09XJ9Q13G
BAZERGA	BAZERGA	amazon.in	HTTPS://WWW.AMAZON.IN/BAZERGA-PORTABLE-CAMPING-FESTIVALS-ULTRA-THIN/DP/B09W32Q3BT
BBBB	BBBB	amazon.in	HTTPS://WWW.AMAZON.IN/BBBB-BBBBB/DP/B077G3HG5Y
BBBITEME	BBBITEME	amazon.in	HTTPS://WWW.AMAZON.IN/BBBITEME-BABY-SIPPY-CUP-LIDS/DP/B0778MQH31
BBTINKER	BBTINKER	amazon.in	HTTPS://WWW.AMAZON.IN/BBTINKER-MULTICOLOR-DOLLHOUSE-ACCESSORIES-EDUCATIONAL/DP/B095W9HS3N
BCBYOU	BCBYOU	amazon.in	HTTPS://WWW.AMAZON.IN/BCBYOU-PRINCESS-CANOPY-NETTING-MOSQUITO/DP/B07RZJS4YQ
BCCPL	BCCPL	amazon.in	HTTPS://WWW.AMAZON.IN/BCCPL-SUBMERSIBLE-CABLE-SQMM-90MTR/DP/B07BP89VYP
BCCPL	BCCPL	amazon.in	HTTPS://WWW.AMAZON.IN/BCCPL-SINGLE-CORE-WIRE-SQMM/DP/B07BP4VG9R
BCROKORY	BCROKORY	amazon.in	HTTPS://WWW.AMAZON.IN/BCROKORY-HDMI-EXTENDER-TRANSMITTER-TRANSMISSION/DP/B0B73Y8G39
BEARJOY	BEARJOY	amazon.in	HTTPS://WWW.AMAZON.IN/BOYDS-BEARS-BABY-BEARJOY/DP/B00ENNEUMY
BEAUCARES	BEAUCARES	amazon.in	HTTPS://WWW.AMAZON.IN/BEAUCARES-PORTABLE-PERFECTLY-SWIMMING-TRAVELING/DP/B08WCD6W6B
BEAUTYOVO	BEAUTYOVO	amazon.in	HTTPS://WWW.AMAZON.IN/BEAUTYOVO-FRIENDLY-CERTIFIED-WORKOUT-EXERCISES/DP/B08CXGKZQP
BEBCOO	BEBCOO	amazon.in	HTTPS://WWW.AMAZON.IN/BEBCOO-DIGITAL-WIRELESS-CHARGING-SURFACE/DP/B09XHLFMPP
BEBINCA	BEBINCA	amazon.in	HTTPS://WWW.AMAZON.IN/COSTAS-BEBINCA-500G-TRADITIONAL-DELICACY/DP/B091FQXJTQ
BEBUL	BEBUL	amazon.in	HTTPS://WWW.AMAZON.IN/BEBUL-ASPIRATOR-ELECTRIC-FLASHLIGHT-OPERATED/DP/B07R6CS1QT
BECAPRO	BECAPRO	amazon.in	HTTPS://WWW.AMAZON.IN/BECAPRO-BALANCE-HEAVY-DUTY-ADJUSTABLE-STOPPERS/DP/B096VF66RN
BEDJIMI	BEDJIMI	amazon.in	HTTPS://WWW.AMAZON.IN/BEDJIMI-MEDIEVAL-RENAISSANCE-BANDANA-COSTUMES/DP/B0D112TNXY
BEDPE	BEDPE	amazon.in	HTTPS://WWW.AMAZON.IN/BEDPE-PREMIUM-MATTRESS-PROTECTOR-36X78/DP/B0CJF8W4L2
BEESEALY	BEESEALY	amazon.in	HTTPS://WWW.AMAZON.IN/BEESEALY-ANTIQUE-VINTAGE-OPERATED-FIREPLACE/DP/B08YK5L87X
BEGICAL	BEGICAL	amazon.in	HTTPS://WWW.AMAZON.IN/BEGICAL-CUSHIONS-COMPATIBLE-CIRCULAR-SPECTRA/DP/B09LQKLGR4
BEHENO	BEHENO	amazon.in	HTTPS://WWW.AMAZON.IN/BEHENO-Q-HANGER-CEILING-HANGING-OUTDOOR/DP/B08RXVW757
BEIERLI	BEIERLI	amazon.in	HTTPS://WWW.AMAZON.IN/BEIERLI-RECTANGLE-POLARIZED-SUNGLASSES-GLASSES/DP/B0D1VGMBHT
BEJARM	BEJARM	amazon.in	HTTPS://WWW.AMAZON.IN/BEJARM-EXCITING-ANIMAL-FIGURES-PLAYSET/DP/B0CT2KWMCC
BELAROKO	BELAROKO	amazon.in	HTTPS://WWW.AMAZON.IN/BELAROKO-PNEUMATIC-CAULKING-ALUMINUM-CYLINDER/DP/B07F7W5Y69
BELCOSD	BELCOSD	amazon.in	HTTPS://WWW.AMAZON.IN/BELCOSD-POSITIVE-POTATO-POTATOES-INSPIRING/DP/B0CJ856RLW
BELICEY	BELICEY	amazon.in	HTTPS://WWW.AMAZON.IN/BELICEY-22800PCS-RHINESTONE-RHINSTONES-DIY-MAKEUP/DP/B09XH2P8PF
BELLEMAX	BELLEMAX	amazon.in	HTTPS://WWW.AMAZON.IN/STORES/BELLEMAX/PAGE/D245B073-3DF2-4D4A-920F-BC2D747C07B9
BELLEMAX	BELLEMAX	amazon.in	HTTPS://WWW.AMAZON.IN/BELLEMAX-REUSABLE-AIRTIGHT-SMOOTHIES-BEVERAGE/DP/B08WRC49XQ
BELLEMAX	BELLEMAX	amazon.in	HTTPS://WWW.AMAZON.IN/BELLEMAX-COFFEE-GLASS-GREEN-LEMON/DP/B09KPFYV66
BELLEMAX	BELLEMAX	amazon.in	HTTPS://WWW.AMAZON.IN/BELLEMAX-COFFEE-GLASS-GREEN-LEMON/DP/B09KPFGK4L
BELLOSY	BELLOSY	amazon.in	HTTPS://WWW.AMAZON.IN/BELLOSY-FAIRYTALE-PREMIUM-FRAGRANCE-PARABEN/DP/B0BSNPM8HH
BELLYQUEEN	BELLYQUEEN	amazon.in	HTTPS://WWW.AMAZON.IN/BELLYQUEEN-WALTZ-BALLROOM-DANCEWEAR-COSTUMES/DP/B0BXTXDQ6V
BELNK	BELNK	amazon.in	HTTPS://WWW.AMAZON.IN/BELNK-A9C-MICROPHONE-ADJUSTABLE-BRIGHTNESS/DP/B08ZDDP57G
BELPINK	BELPINK	amazon.in	HTTPS://WWW.AMAZON.IN/BELPINK-TELESCOPIC-HANDLED-TRIMMER-PRUNING/DP/B07C4PFGF9
BELSUN	BELSUN	amazon.in	HTTPS://WWW.AMAZON.IN/BELSUN-WOMENS-STYLISH-SUNGLASSES-TRANSPARENT/DP/B0DH2LR832
BELUPAID	BELUPAID	amazon.in	HTTPS://WWW.AMAZON.IN/BELUPAID-AUTOMATIC-BRAIDING-HAIRDRESSING-ACCESSORIES/DP/B07T46TN8T
BEMKWG	BEMKWG	amazon.in	HTTPS://WWW.AMAZON.IN/BEMKWG-DINOSAUR-DECOMPRESSION-HANDHELD-AUTOMATIC/DP/B0CHW416V2
BEMORERGO	BEMORERGO	amazon.in	HTTPS://WWW.AMAZON.IN/BEMORERGO-UNIVERSAL-NON-VESA-CONVERTER-INSTALLATION/DP/B085DQ39KS
BENALA	BENALA	amazon.in	HTTPS://WWW.AMAZON.IN/BENALA-LEATHER-HARNESS-SHEPHERD-RETRIEVER/DP/B074W39YQM
BENALA	BENALA	amazon.in	HTTPS://WWW.AMAZON.IN/BENALA-ADJUSTABLE-EMBELLISHED-RHINESTONES-RHINESTONE/DP/B0829JZ3F5
BENIBELA	BENIBELA	amazon.in	HTTPS://WWW.AMAZON.IN/BENIBELA-DIGITAL-PICTURE-AUTOMATIC-ROTATION/DP/B0BX9YJZGM
BENIFICER	BENIFICER	amazon.in	HTTPS://WWW.AMAZON.IN/BENIFICER-MOUNTED-STATION-EXERCISE-EQUIPMENT/DP/B07TSR6FT2
BENIR	BENIR	amazon.in	HTTPS://WWW.AMAZON.IN/BENIR-GLASS-NURSER-CLEAR-WHITE/DP/B01DSPXK1E
BENSE	BENSE	amazon.in	HTTPS://WWW.AMAZON.IN/MEN-BENSE-ARTIFICIAL-LEATHER-791262026821/DP/B07PGT8KJW
BENZHI	BENZHI	amazon.in	HTTPS://WWW.AMAZON.IN/BENZHI-PARROT-CARRIER-CARRIERS-LIGHTWEIGHT/DP/B07WNJYGJK
BERDENG	BERDENG	amazon.in	HTTPS://WWW.AMAZON.IN/BERDENG-BASKETS-STORAGE-SERVING-SEAGRASS/DP/B0CL46JN4S
BERIA	BERIA	amazon.in	HTTPS://WWW.AMAZON.IN/BERIA-STALIN%60S-LIEUTENANT-AMY-KNIGHT/DP/0691010935
BERITLE	BERITLE	amazon.in	HTTPS://WWW.AMAZON.IN/BERITLE-RESTAURANT-COMMERCIAL-WASHABLE-SOLUTION/DP/B09SZ975FY
BERTHAN	BERTHAN	amazon.in	HTTPS://WWW.AMAZON.IN/BERTHAN-STAINLESS-SPINNER-MANDOLINE-SLICERS/DP/B09QYG1B4P
BESEGO	BESEGO	amazon.in	HTTPS://WWW.AMAZON.IN/BESEGO-LEATHER-ADHESIVE-DRIVERS-HANDBAGS/DP/B07FVNW8TQ
BESPRO	BESPRO	amazon.in	HTTPS://WWW.AMAZON.IN/STORES/BESPRO/HOMEPAGE/PAGE/9F994B54-12D6-43F5-B932-949030E89040
BESSOME	BESSOME	amazon.in	HTTPS://WWW.AMAZON.IN/BESSOME-TODDLERS-REMOTE-CONTROL-BIRTHDAY/DP/B0CZ9KD6PX
BESTEELY	BESTEELY	amazon.in	HTTPS://WWW.AMAZON.IN/BESTEELY-FLEXIBLE-ADHESIVE-THUMB-TAPE/DP/B0829CB8WY
BESTJING	BESTJING	amazon.in	HTTPS://WWW.AMAZON.IN/BESTJING-BAMBOO-HOLDER-ARMREST-DETACHABLE/DP/B0D129721S
BESTOWALS	BESTOWALS	amazon.in	HTTPS://WWW.AMAZON.IN/BESTOWALS-HAND-PICKED-PRESERVATIVES-IMMUNITY-NUTRITION/DP/B0G6FLVX2F
BESTOWALS	BESTOWALS	amazon.in	HTTPS://WWW.AMAZON.IN/BESTOWALS-HANDPICKED-NUTRITIOUS-ARTIFICIAL-PRESERVATIVES/DP/B0G6FVMFT7
BESTRO	BESTRO	amazon.in	HTTPS://WWW.AMAZON.IN/BESTRO-MENS-BLACK-SPORTS-SHOES/DP/B08FCJCNM2
BESTSELLER2888	BESTSELLER2888	amazon.in	HTTPS://WWW.AMAZON.IN/BESTSELLER2888-JOY-CONTROLLER-REPLACEMENT-CONTROLLERS/DP/B08QRMTHPM
BETTWILL	BETTWILL	amazon.in	HTTPS://WWW.AMAZON.IN/BETTWILL-KITCHEN-UTENSIL-HOLDER/DP/B09WW43W11
BETWOO	BETWOO	amazon.in	HTTPS://WWW.AMAZON.IN/BETWOO-NATURAL-WOODEN-KITCHEN-STORAGE/DP/B0719G7DDN
BETYKA	BETYKA	amazon.in	HTTPS://WWW.AMAZON.IN/BETYKA-VLONE-HOODIE-FRIENDS-HOODIES/DP/B09F65GVGM
BETYKA	BETYKA	amazon.in	HTTPS://WWW.AMAZON.IN/BETYKA-SWEATER-SWEATSHIRTS-PULLOVER-TRACKSUIT/DP/B09C524BPJ
BETYKA	BETYKA	amazon.in	HTTPS://WWW.AMAZON.IN/BETYKA-FASHION-PULLOVER-SWEATSHIRTS-TRACKSUIT/DP/B09P4S8WXK
BETYKA	BETYKA	amazon.in	HTTPS://WWW.AMAZON.IN/BETYKA-BACKWOODS-PULLOVER-SWEATSHIRT-TRACKSUIT/DP/B09NV7FLNQ
BEVGO	BEVGO	amazon.in	HTTPS://WWW.AMAZON.IN/BEVGO-INFUSER-WATER-BOTTLE-LARGE/DP/B01KJCX61S
BEVISKKKI	BEVISKKKI	amazon.in	HTTPS://WWW.AMAZON.IN/BEVISKKKI-PICTURE-FRAMING-PROFESSIONAL-LIGHTWEIGHT/DP/B0CMM1J3ZD
BEVOGUE	BEVOGUE	amazon.in	HTTPS://WWW.AMAZON.IN/BEVOGUE-GEOMETRIC-EARRING-STYLISH-JEWELLERY/DP/B0B3N13WHT
BEVOGUE	BEVOGUE	amazon.in	HTTPS://WWW.AMAZON.IN/BEVOGUE-TRADITIONAL-GOLD-PLATED-NECKLACE-EARRING/DP/B0F8BMPJZD
BEVOGUE	BEVOGUE	amazon.in	HTTPS://WWW.AMAZON.IN/BEVOGUE-HANDCRAFTED-EARRINGS-TRADITIONAL-STATEMENT/DP/B0G6ZFFY95
BEVOGUE	BEVOGUE	amazon.in	HTTPS://WWW.AMAZON.IN/BEVOGUE-EARRINGS-DIFFERENT-JEWELLERY-MULTICOLOUR/DP/B0B39DJMZ3
BEVOLL	BEVOLL	amazon.in	HTTPS://WWW.AMAZON.IN/BEVOLL-BATHROOM-WARDROBE-PROTECTED-FRAGRANCE/DP/B09WSNS6DG
BEWBOW	BEWBOW	amazon.in	HTTPS://WWW.AMAZON.IN/BAMBOO-UTENSILS-CUTLERY-SET-BEWBOW/DP/B07MGVXFWJ
BEXBCHH	BEXBCHH	amazon.in	HTTPS://WWW.AMAZON.IN/BEXBCHH-NEOPRENE-FLOATING-HOLDER-COASTER/DP/B099PPZKDQ
BEYME	BEYME	amazon.in	HTTPS://WWW.AMAZON.IN/KLAUS-VON-BEYME-COMPARATIVE-SPRINGERBRIEFS/DP/3319015346
BEYOUNG	BEYOUNG	amazon.in	HTTPS://WWW.AMAZON.IN/BEYOUNG-COTTON-DETAILED-RELAXED-TROUSERS/DP/B0DW9BD89S
BFFDD	BFFDD	amazon.in	HTTPS://WWW.AMAZON.IN/BFFDD-PORTABLE-DIGITAL-ELECTRONIC-WEIGHTING/DP/B08DCYPFWB
BFRIENDIT	BFRIENDIT	amazon.in	HTTPS://WWW.AMAZON.IN/BFRIENDIT-COMFORTABLE-CHOCOLATE-ULTRA-SLIM-KB1430/DP/B075C8W6P7
BFRIENDIT	BFRIENDIT	amazon.in	HTTPS://WWW.AMAZON.IN/BFRIENDIT-KEYBOARD-COMFORTABLE-CHOCOLATE-ULTRA-SLIM/DP/B07QQJM538
BFU	BFU	amazon.in	HTTPS://WWW.AMAZON.IN/BFU-PORCELAIN-CONTAINERS-HEALTHIER-PLATE/DP/B0BKGXKW2F
BFU	BFU	amazon.in	HTTPS://WWW.AMAZON.IN/BFU-HAND-PAINTED-HANDLE-CERAMIC-CAPPUCCINO/DP/B08C2JZ7Y5
BFUNTOYS	BFUNTOYS	amazon.in	HTTPS://WWW.AMAZON.IN/BFUNTOYS-DINOASUR-CHRISTMAS-BIRTHDAY-TODDLERS/DP/B0B7B83B22
BGBG	BGBG	amazon.in	HTTPS://WWW.AMAZON.IN/BGBG-CERAMIC-COFFEE-THANK-GIFTS/DP/B09DSBKKZN
BGJOY	BGJOY	amazon.in	HTTPS://WWW.AMAZON.IN/BGJOY-HEADBAND-HEADPHONES-HEADPHONE-BLACK/DP/B07MZX3NB8
BHUPEN	BHUPEN	amazon.in	HTTPS://WWW.AMAZON.IN/BHUPEN-HAZARIKA-2/DP/B0087DVJCA
BHUPEN	BHUPEN	amazon.in	HTTPS://WWW.AMAZON.IN/BHUPEN-KHAKHAR-TIMOTHY-HYMAN/DP/0944142362
BHUPEN	BHUPEN	amazon.in	HTTPS://WWW.AMAZON.IN/BHUPEN-HAZARIKAR-JIBON-CHARIOT-HAZARIKAS/DP/1887276653
BHWIN	BHWIN	amazon.in	HTTPS://WWW.AMAZON.IN/BHWIN-WOMEN-WINTER-KNITTED-BEANIE/DP/B07B9YF1BN
BIAOLING	BIAOLING	amazon.in	HTTPS://WWW.AMAZON.IN/BIAOLING-ACCURATE-FORMALDEHYDE-MULTIFUNCTIONAL-RECORDING/DP/B08CD39HHC
BIAOSU	BIAOSU	amazon.in	HTTPS://WWW.AMAZON.IN/BIAOSU-MICROFIBER-POCKET-QUICK-ABSORBENT-LIGHTWEIGHT/DP/B0919CR2NY
BIEAY	BIEAY	amazon.in	HTTPS://WWW.AMAZON.IN/BIEAY-FOLDING-VINTAGE-HANDHELD-ELGA-BTD0169BK/DP/B07VCMT7NZ
BIEAY	BIEAY	amazon.in	HTTPS://WWW.AMAZON.IN/LUMINOUS-CRYSTAL-PEBBLES-WALKWAYS-DRIVEWAY/DP/B07W7T1845
BIGAIM	BIGAIM	amazon.in	HTTPS://WWW.AMAZON.IN/-/HI/DP/B0C4STCTV1
BIGBCART	BIGBCART	amazon.in	HTTPS://WWW.AMAZON.IN/OPTIMUM-HIGHLY-NUTRITIOUS-AQUARIUM-BIGBCART/DP/B08HNC66DW
BIGBCART	BIGBCART	amazon.in	HTTPS://WWW.AMAZON.IN/BIGBCART-ASTROPHYTUM-CACTUS-MIX-SEEDS/DP/B08F5CHVBR
BIGBCART	BIGBCART	amazon.in	HTTPS://WWW.AMAZON.IN/BIGBCART-CUSTARD-SHARIFA-ANNONA-SQUAMOSA/DP/B08L23LKMP
BIGOLL	BIGOLL	amazon.in	HTTPS://WWW.AMAZON.IN/OUTDOOR-WATERPROOF-LIGHTING-SECURITY-BACKYARD/DP/B09WHPY33G
BIGPIPI	BIGPIPI	amazon.in	HTTPS://WWW.AMAZON.IN/BIGPIPI-CERAMIC-JEWELRY-DECORATIVE-AESTHETIC/DP/B0BYVLD2VV
BILINOTT	BILINOTT	amazon.in	HTTPS://WWW.AMAZON.IN/BILINOTT-REALISTIC-WIGGLING-TWITCHING-STUFFERS/DP/B0CRTV4ZPB
BILLKAQ	BILLKAQ	amazon.in	HTTPS://WWW.AMAZON.IN/STAINLESS-ACCESSORIES-ORGANISER-MULTI-PURPOSE-ORGANIZER/DP/B084ZMKYH4
BILLROAD	BILLROAD	amazon.in	HTTPS://WWW.AMAZON.IN/BILLROAD-PACK-METAL-BI-FOLD-DOOR/DP/B09F8JLGJY
BIMVER	BIMVER	amazon.in	HTTPS://WWW.AMAZON.IN/BIMVER-NON-STICK-EGG-PAN-DETACHABLE/DP/B0CHSLZPV6
BINPON123	BINPON123	amazon.in	HTTPS://WWW.AMAZON.IN/XXXX-DTJSCL-GIRLS-APHMAU-HOODIES/DP/B08399442Q
BIOGRIND	BIOGRIND	amazon.in	HTTPS://WWW.AMAZON.IN/GRINDING-MOUTH-GUARD-SLEEP-BIOGRIND/DP/B00D3LKWNI
BIOWINA	BIOWINA	amazon.in	HTTPS://WWW.AMAZON.IN/BIOWINA-PARKING-REFLECTIVE-STOPPER-23INCHES/DP/B0995QZDXL
BIPIN	BIPIN	amazon.in	HTTPS://WWW.AMAZON.IN/BIPIN-UNIFORM-RACHNA-BISHT-RAWAT/DP/0670097195
BIRRAY	BIRRAY	amazon.in	HTTPS://WWW.AMAZON.IN/BIRRAY-SILICONE-EXTRUSION-SUBSTITUTES-WATERPROOF/DP/B07ZLMXS4C
BITDEFENDER	BITDEFENDER	amazon.in	HTTPS://WWW.AMAZON.IN/BITDEFENDER-SECURITY-LATEST-VERSION-WINDOWS/DP/B073VLNGJW
BIUBIUCAT	BIUBIUCAT	amazon.in	HTTPS://WWW.AMAZON.IN/BIUBIUCAT-CHRISTMAS-INTERACTIVE-STUFFED-TEETHING/DP/B0B9RG5N4Q
BIWASE	BIWASE	amazon.in	HTTPS://WWW.AMAZON.IN/BIWASE-YX-5007-PVC-ANIMAL-OCEAN/DP/B0BB9D91X9
BIZANZZIO	BIZANZZIO	amazon.in	HTTPS://WWW.AMAZON.IN/BIZANZZIO-STAINLESS-SILICONE-COOKING-UTENSIL/DP/B01COXFZ1O
BJIAX	BJIAX	amazon.in	HTTPS://WWW.AMAZON.IN/BJIAX-BACKPACK-DURABLE-RESISTANT-COMPUTER/DP/B09CKPMKF8
BKISY	BKISY	amazon.in	HTTPS://WWW.AMAZON.IN/BKISY-TRICYCLE-7-SPEED-FOLDING-FOLDABLE/DP/B084Q7LWT5
BKISY	BKISY	amazon.in	HTTPS://WWW.AMAZON.IN/BKISY-TRICYCLE-7-SPEED-FOLDING-FOLDABLE/DP/B083ZN2HDG
BLAAZE	BLAAZE	amazon.in	HTTPS://WWW.AMAZON.IN/BLAAZE-MIXER-GRINDER-BLZ-8003-BLACK/DP/B09BJX4CPC
BLACICO	BLACICO	amazon.in	HTTPS://WWW.AMAZON.IN/BLACICO-POLISH-COLORS-DECORATIONS-MANICURE/DP/B09TNFN9YL
BLACKOUT365	BLACKOUT365	amazon.in	HTTPS://WWW.AMAZON.IN/BLACKOUT365-QUINCY-BLACKOUT-WINDOW-CURTAIN/DP/B07JY7LPFD
BLAYAADD	BLAYAADD	amazon.in	HTTPS://WWW.AMAZON.IN/BLAYAADD-DECORATIVE-CREATIVE-DECORATION-PAULANER/DP/B07Z1HNYNS
BLEKRASI	BLEKRASI	amazon.in	HTTPS://WWW.AMAZON.IN/PROJECTOR-CONTROL-ADJUSTABLE-MAGNETIC-ASTRONAUT/DP/B09XJ16T1K
BLENDWORKS	BLENDWORKS	amazon.in	HTTPS://WWW.AMAZON.IN/BLENDWORKS-SPEED-BLENDER-INDUSTRIAL-STRENGTH/DP/B01LZMJJTF
BLEOAVRE	BLEOAVRE	amazon.in	HTTPS://WWW.AMAZON.IN/BLEOAVRE-VOCALOID02-KAGAMINE-COSPLAY-HALLOWEEN/DP/B0BLYNBKKY
BLETY	BLETY	amazon.in	HTTPS://WWW.AMAZON.IN/BLETY-29-5-46-BABY-GATE%EF%BC%8C36-HEIGHT/DP/B0BR86573M
BLISSON	BLISSON	amazon.in	HTTPS://WWW.AMAZON.IN/BLISSON-HAIR-CONTROL-COMBO-SHAMPOO/DP/B0CWY9PRVB
BLKGJTF	BLKGJTF	amazon.in	HTTPS://WWW.AMAZON.IN/BLKGJTF-J2534-CABLE-TOYOTA-TECHSTREAM/DP/B0C7V7MTRC
BLNBOIMRUN	BLNBOIMRUN	amazon.in	HTTPS://WWW.AMAZON.IN/BLNBOIMRUN-TEASER-FEATHER-INTERACTIVE-TRAINING%EF%BC%8CKITTEN/DP/B07SSPDQGH
BLOMED	BLOMED	amazon.in	HTTPS://WWW.AMAZON.IN/RECHARGEABLE-HEARING-AMPLIFIERS-PERSONAL-REDUCTION/DP/B088K9XW7F
BLOOMAIR	BLOOMAIR	amazon.in	HTTPS://WWW.AMAZON.IN/BLOOMAIR-FRAGRANCE-DIFFUSERS-REVITALIZERS-LONG-LASTING/DP/B0DHH1FYDT
BLOVESS	BLOVESS	amazon.in	HTTPS://WWW.AMAZON.IN/BLOVESS-UNISEX-STAINLESS-PIERCING-EARRINGS/DP/B0181QBSEG
BLOWIND	BLOWIND	amazon.in	HTTPS://WWW.AMAZON.IN/BLOWIND-RUNNING-SNEAKERS-BREATHABLE-LIGHTWEIGHT/DP/B084ZX2QLT
BLSMU	BLSMU	amazon.in	HTTPS://WWW.AMAZON.IN/BLSMU-REPTILE-COCONUT-SUBSTRATE-TORTOISES/DP/B07PXJVVQJ
BLSMU	BLSMU	amazon.in	HTTPS://WWW.AMAZON.IN/BLSMU-REPTILES-TERRARIUM-ACCESSORIES-SUBSTRATE/DP/B07PRBTZ8M
BLUEHRESY	BLUEHRESY	amazon.in	HTTPS://WWW.AMAZON.IN/BLUEHRESY-BLUETOOTH-BEANIE-WIRELESS-SPEAKERS/DP/B07XR7MR92
BLUENECTAR	BLUENECTAR	amazon.in	HTTPS://WWW.AMAZON.IN/STORES/BLUENECTAR/PAGE/C4846281-CE2D-4F10-9A30-68C08A57E7E9
BLUENIDO	BLUENIDO	amazon.in	HTTPS://WWW.AMAZON.IN/BLUENIDO-PAJAMAS-MERMAID-COTTON-12M-8Y/DP/B083P1RJFK
BLUFLY	BLUFLY	amazon.in	HTTPS://WWW.AMAZON.IN/BLUFLY-HEADBAND-STRETCHY-SEAMLESS-BANDANAS/DP/B089LNYN4L
BMARLF	BMARLF	amazon.in	HTTPS://WWW.AMAZON.IN/BMARLF-FIDGETS-TEXTURED-NOODLES-CATERPILLAR/DP/B099S9VMWG
BNING	BNING	amazon.in	HTTPS://WWW.AMAZON.IN/BNING-MOUSE-MOVER-JIGGLER-UNDETECTABLE/DP/B09ZJX4RWB
BOARDEST	BOARDEST	amazon.in	HTTPS://WWW.AMAZON.IN/BOARDEST-ROLLING-MAGNETIC-WHITEBOARD-PORTABLE/DP/B0BXSMLH2B
BOAZSMART	BOAZSMART	amazon.in	HTTPS://WWW.AMAZON.IN/BOAZ-SMART/DP/B08227NV9L
BOBEINI	BOBEINI	amazon.in	HTTPS://WWW.AMAZON.IN/BOBEINI-WATERPROOF-LONG-LASTING-MASCARA-PRODUCT/DP/B0F1Y9TCPG
BOBILIKE	BOBILIKE	amazon.in	HTTPS://WWW.AMAZON.IN/BOBILIKE-YARUODA-PLUSH-BUNNY-COSTUME/DP/B083PST6VP
BODLED	BODLED	amazon.in	HTTPS://WWW.AMAZON.IN/BODLED-LIGHTS-UNDER-CABINET-ULTRA-SLIM/DP/B08H3Y775F
BODYRITE	BODYRITE	amazon.in	HTTPS://WWW.AMAZON.IN/BODYRITE-BEAUTY-HEALTHCARE-EXCLUSIVE-CUSTOMERS/DP/B09DG6DB9P
BOERFMO	BOERFMO	amazon.in	HTTPS://WWW.AMAZON.IN/BOERFMO-PACKS-BUBBLE-GUNS-AUTOMATIC/DP/B0CPV84K77
BOFEIFS	BOFEIFS	amazon.in	HTTPS://WWW.AMAZON.IN/BOFEIFS-DECORATIVE-POLYVINYL-CHLORIDE-17-7X78-7/DP/B011NOIIJG
BOFESSOR	BOFESSOR	amazon.in	HTTPS://WWW.AMAZON.IN/ESSENTIAL-OIL-ROLLER-BOTTLES-REFILLABLE/DP/B09VSX6VGT
BOFIDAR	BOFIDAR	amazon.in	HTTPS://WWW.AMAZON.IN/BOFIDAR-DIGITAL-BATTERIES-VINTAGE-CHILDREN/DP/B0D4DMRPFL
BOFYTR	BOFYTR	amazon.in	HTTPS://WWW.AMAZON.IN/BOFYTR-BALLOONS-TRANSPARENT-FILLABLE-ANNIVERSARY/DP/B0C6QHHJVC
BOGESI	BOGESI	amazon.in	HTTPS://WWW.AMAZON.IN/BOGESI-WALLET-FOR-MENS-BLACK/DP/B01MT8WFPQ
BOGLIA	BOGLIA	amazon.in	HTTPS://WWW.AMAZON.IN/BOGLIA-FLOATIES-TODDLERS-FLOATION-ADJUSTABLE/DP/B09C4LYKK1
BOJDOPIE	BOJDOPIE	amazon.in	HTTPS://WWW.AMAZON.IN/TOOTHBRUSH-BOJDOPIE-ABSORPTION-COUNTERTOP-TOOTHPASTE/DP/B092D7TPBC
BOJOD	BOJOD	amazon.in	HTTPS://WWW.AMAZON.IN/BOJOD-RECTANGLE-SUNGLASSES-FASHION-TRENDY/DP/B08NF7DTHP
BOKHOT	BOKHOT	amazon.in	HTTPS://WWW.AMAZON.IN/BOKHOT-BARTENDER-KIT-COCKTAIL-CORKSCREW/DP/B09B3RCRFK
BOLALA	BOLALA	amazon.in	HTTPS://WWW.AMAZON.IN/BOLALA-ITIHAS-EKANKIKA-ANDHARATUN-PRAKASHAKADE/DP/B079SWWL6Z
BOLEGNER	BOLEGNER	amazon.in	HTTPS://WWW.AMAZON.IN/BOLEGNER-ESSENTIAL-MULTI-COLOR-ULTRASONIC-HUMIDIFIER/DP/B01EM5DI7U
BOLET	BOLET	amazon.in	HTTPS://WWW.AMAZON.IN/BOLET-MEMORIAL-CHOPIN-NOT-AVAILABLE/DP/0898988136
BOLLOVI	BOLLOVI	amazon.in	HTTPS://WWW.AMAZON.IN/BOLLOVI-MAGNETIC-TIEBACKS-DECORATIVE-HOLDBACKS/DP/B083J2B7QY
BOLYUM	BOLYUM	amazon.in	HTTPS://WWW.AMAZON.IN/BOLYUM-WOMEN-BRACELETS-BANGLES-BRACELET/DP/B0C1VNQN99
BOLYUM	BOLYUM	amazon.in	HTTPS://WWW.AMAZON.IN/BOLYUM-PROTECTION-LEARNING-ENERGY-SAVING-GIFTS%EF%BC%8CBEDSIDE/DP/B0C1VKT44Z
BOMGAROTO	BOMGAROTO	amazon.in	HTTPS://WWW.AMAZON.IN/BOMGAROTO-PORTABLE-PET-MAT-WATERPROOF/DP/B07SZB449D
BONAWEN	BONAWEN	amazon.in	HTTPS://WWW.AMAZON.IN/BONAWEN-BATHROBE-ABSORBENT-LUXURIOUSLY-MICROFIBER/DP/B077SY2YF9
BONERGY	BONERGY	amazon.in	HTTPS://WWW.AMAZON.IN/BONERGY-PORTABLE-CAMPING-FOLDING-SPACE-SAVING/DP/B09GG8Z38J
BONERGY	BONERGY	amazon.in	HTTPS://WWW.AMAZON.IN/BONERGY-PORTABLE-OUTDOOR-REMOVABLE-STORAGE/DP/B09H4VFK14
BONIYEE	BONIYEE	amazon.in	HTTPS://WWW.AMAZON.IN/BONIYEE-TRAVEL-BACKPACK-APPROVED-COLLEGE/DP/B0B4F8Q69B
BONTIP	BONTIP	amazon.in	HTTPS://WWW.AMAZON.IN/BONTIP-ACCESSORIES-NON-TOXIC-AROMATHERAPY-HYDRATION/DP/B0833TGWWS
BOOEUDI	BOOEUDI	amazon.in	HTTPS://WWW.AMAZON.IN/BOOEUDI-SHOCKPROOF-PROTECTIVE-COMPUTER-BRIEFCASE/DP/B0CXDJH317
BOOEUDI	BOOEUDI	amazon.in	HTTPS://WWW.AMAZON.IN/BOOEUDI-SHOCKPROOF-PROTECTIVE-COMPUTER-BRIEFCASE/DP/B0BC8K5VR8
BOOGEM	BOOGEM	amazon.in	HTTPS://WWW.AMAZON.IN/BOOGEM-SPRINKLER-INFLATABLE-BACKYARD-CHILDREN/DP/B08SGQBRLY
BOOJALOO	BOOJALOO	amazon.in	HTTPS://WWW.AMAZON.IN/BOOJALOO-PULL-AIRPLANE-PLANE-PLAYSET/DP/B0D3PVMLFK
BOOMSHY	BOOMSHY	amazon.in	HTTPS://WWW.AMAZON.IN/BOOMSHY-WOMENS-COTTON-PADDED-EVERYDAY/DP/B0BW421GYN
BOOMSHY	BOOMSHY	amazon.in	HTTPS://WWW.AMAZON.IN/BOOMSHY-WOMENS-PADDED-SOLID-COVERAGE/DP/B0C8Z7NLYS
BOOVAX	BOOVAX	amazon.in	HTTPS://WWW.AMAZON.IN/BOOVAX-ACRYLIC-DISPLAY-CENTRAL-FRIENDS/DP/B0B1WM62LZ
BOPFIMER	BOPFIMER	amazon.in	HTTPS://WWW.AMAZON.IN/BOPFIMER-ARTIFICIAL-TROPICAL-DECORATIONS-SUPPLIES/DP/B0BK4TS95K
BOQORAD	BOQORAD	amazon.in	HTTPS://WWW.AMAZON.IN/BOQORAD-FOLDABLE-STANDING-COLLAPSIBLE-RETRACTABLE/DP/B0CXF69BJR
BOQORAD	BOQORAD	amazon.in	HTTPS://WWW.AMAZON.IN/BOQORAD-MOUNTED-CLOTHES-SPACE-SAVER%EF%BC%8CRETRACTABLE-RACK%EF%BC%8CCOLLAPSIBLE/DP/B091L66V5C
BOQUBOO	BOQUBOO	amazon.in	HTTPS://WWW.AMAZON.IN/BOQUBOO-MASSAGER-RECHARGEABLE-VIBRATION-COMPRESS/DP/B0B1QBZH2S
BORLVIAS	BORLVIAS	amazon.in	HTTPS://WWW.AMAZON.IN/BORLVIAS-DUELING-CONTROL-BLASTER-HALLOWEEN/DP/B0CQXRM992
BORNFEEL	BORNFEEL	amazon.in	HTTPS://WWW.AMAZON.IN/STORES/BORNFEEL/ALLPRODUCTS/PAGE/5BAC7161-63A7-44D0-BF4C-76EBD92448C3
BOROSIL	BOROSIL	amazon.in	HTTPS://WWW.AMAZON.IN/STORES/BOROSIL/PAGE/7A7B2B5B-D1A8-43F4-96E1-BF784EFEF848
BOROSIL	BOROSIL	amazon.in	HTTPS://WWW.AMAZON.IN/BOROSIL-STORE/B?IE=UTF8&NODE=8463802031
BOSGLADEK	BOSGLADEK	amazon.in	HTTPS://WWW.AMAZON.IN/FOOTBALL-HELMET-HEADGEAR-SPECIAL-PROTECTION/DP/B09JZ7S417
BOSSTECH	BOSSTECH	amazon.in	HTTPS://WWW.AMAZON.IN/BOSSTECH-MULTIMEDIA-SPEAKER-PORTABLE-COMPATIBLE/DP/B08V5JZS9P
BOSTTOR	BOSTTOR	amazon.in	HTTPS://WWW.AMAZON.IN/BOSTTOR-BLUETOOTH-HEADPHONE-SPEAKERS-CHRISTMAS/DP/B092PNJQRT
BOSVIN	BOSVIN	amazon.in	HTTPS://WWW.AMAZON.IN/BIOTICSLIFE-BOSVIN-TABLETS-PACK-30/DP/B09G9CGPZ2
BOUMBI	BOUMBI	amazon.in	HTTPS://WWW.AMAZON.IN/BOUMBI-REVERSIBLE-CUTTING-15-6X9-1X1-05-RM_MEDIUM/DP/B07Q5X2HG8
BOUSH	BOUSH	amazon.in	HTTPS://WWW.AMAZON.IN/BOUSH/S?K=BOUSH
BOWDANIE	BOWDANIE	amazon.in	HTTPS://WWW.AMAZON.IN/BOWDANIE-ADHESIVE-MOP-ORGANIZATION-ORGANIZER/DP/B091DJWDBW
BOWRAIN	BOWRAIN	amazon.in	HTTPS://WWW.AMAZON.IN/BOWRAIN-FABRIC-SPREAD-COLLAR-SLEEVE/DP/B0BK4X1829
BOYADKA	BOYADKA	amazon.in	HTTPS://WWW.AMAZON.IN/BOYADKA-WATERPROOF-STAINLESS-JAPANESE-ENTHUSIAST/DP/B0BP1PLQ96
BOYADKA	BOYADKA	amazon.in	HTTPS://WWW.AMAZON.IN/BOYADKA-JAPANESE-STAINLESS-WATERPROOF-ENTHUSIAST/DP/B0C13FJJHH
BOYADKA	BOYADKA	amazon.in	HTTPS://WWW.AMAZON.IN/BOYADKA-SPINNING-STAINLESS-WATERPROOF-ENTHUSIAST/DP/B0CN1ZR8HC
BOYIKSH	BOYIKSH	amazon.in	HTTPS://WWW.AMAZON.IN/BOYIKSH-FURNITURE-HEAVY-PERFECT-CABINETS/DP/B0BVB2C7NY
BOYOU	BOYOU	amazon.in	HTTPS://WWW.AMAZON.IN/GENERIC-BOYOU-NAIL-CUTTER/DP/B07N3Z9JVS
BQF	BQF	amazon.in	HTTPS://WWW.AMAZON.IN/BQF-WOMENS-REGULAR-FLEECE-MATERIAL/DP/B0CKT9M3MF
BRABLEEWEAR	BRABLEEWEAR	amazon.in	HTTPS://WWW.AMAZON.IN/BRABLEEWEAR-CHRISTMAS-MONSTER-COSTUME-COSPLAY/DP/B0CPT2SNL6
BRANDWAY	BRANDWAY	amazon.in	HTTPS://WWW.AMAZON.IN/STORES/BRANDWAY/HOMEPAGE/PAGE/63CBCFE6-D668-45C2-9ED8-E8566B4BD501
BRANTICS	BRANTICS	amazon.in	HTTPS://WWW.AMAZON.IN/BRANTICS-INFLATABLE-COOLER-FLOATING-ULTIMATE/DP/B08HY4XWCR
BRATEAYA	BRATEAYA	amazon.in	HTTPS://WWW.AMAZON.IN/BRATEAYA-FITTED-HAT-BRIM-BENDER/DP/B0BZZFRJVQ
BRAVEYCZC	BRAVEYCZC	amazon.in	HTTPS://WWW.AMAZON.IN/BRAVEYCZC-VENTING-ENCLOSURE-NETWORK-CABINET/DP/B0CCM2NZWQ
BRAVINDEW	BRAVINDEW	amazon.in	HTTPS://WWW.AMAZON.IN/BRAVINDEW-MOTORCYCLE-PROTECTIVE-WATERPROOF-LIGHTWEIGHT/DP/B07FT8BQB1
BRAVMATE	BRAVMATE	amazon.in	HTTPS://WWW.AMAZON.IN/BRAVMATE-ACTIVITY-MONTESSORI-TODDLERS-BIRTHDAY/DP/B0B588K67J
BRAW1STORE	BRAW1STORE	amazon.in	HTTPS://WWW.AMAZON.IN/BRAW1STORE-MAGIC-TRICKS-STUBBORN-EDUCATIONAL/DP/B07TCG3D38
BRAYQU	BRAYQU	amazon.in	HTTPS://WWW.AMAZON.IN/BRAYQU-M1010-PARTY-INVITATIONS-110/DP/B0CSJDG9JJ
BRESII	BRESII	amazon.in	HTTPS://WWW.AMAZON.IN/BLUETOOTH-BRESII-AMBIDEXTROUS-ERGONOMIC-ADJUSTABLE/DP/B09CYG88XB
BRIDAWN	BRIDAWN	amazon.in	HTTPS://WWW.AMAZON.IN/BRIDAWN-WATER-SHOES-QUICK-DRY-BAREFOOT/DP/B0836GX8FY
BRIDAWN	BRIDAWN	amazon.in	HTTPS://WWW.AMAZON.IN/BRIDAWN-WATER-SHOES-QUICK-DRY-BAREFOOT/DP/B082VLDL6W
BRIFE	BRIFE	amazon.in	HTTPS://WWW.AMAZON.IN/MENS-COTTON-BRIFE-PLAIN_BRIFE_BRN_MAR_2PCS-90-MULTICOLOUR/DP/B0D8J6MQRG
BRIFE	BRIFE	amazon.in	HTTPS://WWW.AMAZON.IN/MENS-COTTON-BRIFE-PLAIN_BRIFE_5PCS-85-MULTICOLOUR/DP/B0D8J4S8WX
BRIFE	BRIFE	amazon.in	HTTPS://WWW.AMAZON.IN/MENS-COTTON-BRIFE-PACK-PLAIN_BRIFE_SNF_BLU_2PCS-100/DP/B0D8J6R4N5
BRIFE	BRIFE	amazon.in	HTTPS://WWW.AMAZON.IN/MENS-COTTON-BRIFE-PACK-PLAIN_BRIFE_BLUE-85/DP/B0D8J8LPJ3
BRIFE	BRIFE	amazon.in	HTTPS://WWW.AMAZON.IN/MENS-COTTON-BRIFE-PACK-PLAIN_BRIFE_NAV_SNF_BLU_3PCS-100/DP/B0D8J9D19X
BRIGTLAIFF	BRIGTLAIFF	amazon.in	HTTPS://WWW.AMAZON.IN/BRIGTLAIFF-BLOCKING-GLASSES-COMPUTER-EYESTRAIN/DP/B08K8HM9TK
BRIUNN	BRIUNN	amazon.in	HTTPS://WWW.AMAZON.IN/BRIUNN-CHARACTER-HALLOWEEN-ACCESSORIES-COSPLAYJAPANESE/DP/B0BPHHSS9S
BRIVILAS	BRIVILAS	amazon.in	HTTPS://WWW.AMAZON.IN/BRIVILAS-INSULATED-HOLDER-POCKET-REUSABLE/DP/B08MZ95WBD
BRMEDAY	BRMEDAY	amazon.in	HTTPS://WWW.AMAZON.IN/BRMEDAY-BLACKOUT-CURTAINS-118-57/DP/B0C5J1PPJ2
BRMEDAY	BRMEDAY	amazon.in	HTTPS://WWW.AMAZON.IN/UNFINISHED-BRMEDAY-CIRCLES-DECORATIONS-CHRISTMAS/DP/B09K3SHST8
BROBERY	BROBERY	amazon.in	HTTPS://WWW.AMAZON.IN/BROBERY-CHRISTMAS-ORNAMENT-STORAGE-BAG/DP/B07TS1SMFG
BROTOU	BROTOU	amazon.in	HTTPS://WWW.AMAZON.IN/BROTOU-INFLATE-BASKETBALL-VOLLEYBALL-BALLOONS/DP/B0BBQQ41XT
BRTON	BRTON	amazon.in	HTTPS://WWW.AMAZON.IN/GREENHOUSE-PORTABLE-GARDENING-OUTDOOR-SHELVES/DP/B099ZR1RN7
BRUCHAI	BRUCHAI	amazon.in	HTTPS://WWW.AMAZON.IN/BRUCHAI-BREWER-BUILT-NON-STICK-BURN-PROOF/DP/B09BZZHPD6
BRUCTHUN	BRUCTHUN	amazon.in	HTTPS://WWW.AMAZON.IN/BRUCTHUN-BRCDO-BRUCTHUN-CLOTHE-ORGANIZERS/DP/B0BCHFSV2D
BSIGO	BSIGO	amazon.in	HTTPS://WWW.AMAZON.IN/BSIGO-ELECTRIC-BEVERAGE-SETTINGS-GREEN/DP/B0C2XZ2Y32
BSTANG	BSTANG	amazon.in	HTTPS://WWW.AMAZON.IN/BSTANG-HALLOWEEN-COSTUME-ACCESSORIES-BLACK/DP/B09B54GGKD
BSTANG	BSTANG	amazon.in	HTTPS://WWW.AMAZON.IN/BSTANG-COSPLAY-ANIMAL-COSTUME-ANIME/DP/B09DB57N3R
BSTANG	BSTANG	amazon.in	HTTPS://WWW.AMAZON.IN/BSTANG-LOLITA-COSPLAY-COSTUME-CHILDREN/DP/B0831TWDS7
BSYZYANI	BSYZYANI	amazon.in	HTTPS://WWW.AMAZON.IN/BSYZYANI-BLASTERS-REALISTIC-EJECTING-SHOOTING/DP/B0CNKP36BX
BTBSZ	BTBSZ	amazon.in	HTTPS://WWW.AMAZON.IN/BTBSZ-OUTDOOR-BACKPACK-RUCKSACK-HYDRATION/DP/B07L4MG4FX
BTEDZSW	BTEDZSW	amazon.in	HTTPS://WWW.AMAZON.IN/BTEDZSW-RECHARGEABLE-ACCESSORY-REPLACEMENT-CAPACITY%EF%BC%89/DP/B0BFHCTKCS
BUBSIE	BUBSIE	amazon.in	HTTPS://WWW.AMAZON.IN/BUBSIE-STERILIZER-STERILIZE-DISINFECT-ACCESSORIES/DP/B0DR5MSBYK
BUDDSBUDDY	BUDDSBUDDY	amazon.in	HTTPS://WWW.AMAZON.IN/STORES/BUDDSBUDDY/PAGE/6762472D-8881-4ACE-9794-CA5026AA1BCC
BUECMUE	BUECMUE	amazon.in	HTTPS://WWW.AMAZON.IN/BUECMUE-RUSTLESS-NON-STICK-BREAKFAST-SWEDISH/DP/B091KNGWC8
BUECMUE	BUECMUE	amazon.in	HTTPS://WWW.AMAZON.IN/BUECMUE-BLENDER-SPANNER-WRENCH-BL681A/DP/B07ZJ447GW
BULFYSS	BULFYSS	amazon.in	HTTPS://WWW.AMAZON.IN/BULFYSS-RECHARGEABLE-DIGITAL-TEMPERATURE-BACKLIGHT/DP/B08CFW3ZGY
BULFYSS	BULFYSS	amazon.in	HTTPS://WWW.AMAZON.IN/BULFYSS-WATERPROOF-POLYESTER-REVERSIBLE-ADJUSTABLE/DP/B0D3XC3R5V
BULUT	BULUT	amazon.in	HTTPS://WWW.AMAZON.IN/BULUT/S?K=BULUT
BUNGERT	BUNGERT	amazon.in	HTTPS://WWW.AMAZON.IN/ADIDAS-ORIGINALS-WILHELM-BUNGERT-TENNIS/DP/B000K2IPGE
BUNGERT	BUNGERT	amazon.in	HTTPS://WWW.AMAZON.IN/ADIDAS-ORIGINALS-WILHELM-BUNGERT-TENNIS/DP/B000F9YTV2
BURKEMANY	BURKEMANY	amazon.in	HTTPS://WWW.AMAZON.IN/ETHERNET-SPLITTER-BURKEMANY-SUITABLE-CATEGORY/DP/B07S35J3WP
BURLIHOME	BURLIHOME	amazon.in	HTTPS://WWW.AMAZON.IN/BURLIHOME-DESSERT-BIRTHDAY-WEDDING-GRADUATION/DP/B08SKLCRZX
BURNLAB	BURNLAB	amazon.in	HTTPS://WWW.AMAZON.IN/BURNLAB-MULTIFUNCTIONAL-WEIGHT-TRAINING-KIT/DP/B0DWMRW3RS
BUSCBEAR	BUSCBEAR	amazon.in	HTTPS://WWW.AMAZON.IN/BUSCBEAR-GORGEOUS-SCENERY-PUZZLES-INTELLECTUAL/DP/B09B71GSCC
BUSSGO	BUSSGO	amazon.in	HTTPS://WWW.AMAZON.IN/BUSSGO-HELICOPTERS-X11C-AIRPLANE-HELICOPTER/DP/B0C1NFP66H
BVNSOZ	BVNSOZ	amazon.in	HTTPS://WWW.AMAZON.IN/BVNSOZ-MENS-WORKOUT-SHIRTS-LIGHTWEIGHT/DP/B096VV1TFF
BVNSOZ	BVNSOZ	amazon.in	HTTPS://WWW.AMAZON.IN/BVNSOZ-MENS-RUNNING-SHORTS-POCKETS/DP/B094FZQP4H
BVRORERE	BVRORERE	amazon.in	HTTPS://WWW.AMAZON.IN/BVRORERE-CAMOUFLAGE-9-CHANNEL-MILIRTARY-REALISTIC/DP/B0B1V3RWY7
BVSER	BVSER	amazon.in	HTTPS://WWW.AMAZON.IN/BVSER-PORTABLE-ORGANIZER-ADJUSTABLE-COSMETICS/DP/B083MYXRKN
BW0057	BW0057	amazon.in	HTTPS://WWW.AMAZON.IN/BW0057-AMERICAN-EMBROIDERY-TREATMENT-DRAPERIES/DP/B07L48F62S
BWOGEEYA	BWOGEEYA	amazon.in	HTTPS://WWW.AMAZON.IN/BWOGEEYA-WORKOUT-SCRUNCH-LIFTING-LEGGINGS/DP/B0874T1L1T
BXUFEI	BXUFEI	amazon.in	HTTPS://WWW.AMAZON.IN/BXUFEI-AUTOMATIC-SUCTION-SECRETION-CANISTER/DP/B08121RQCV
BYHAI	BYHAI	amazon.in	HTTPS://WWW.AMAZON.IN/BYHAI-HASHIBIRA-INOSUKE-COSPLAY-JAPANESE/DP/B09RB9QP3K
BYKOOC	BYKOOC	amazon.in	HTTPS://WWW.AMAZON.IN/BYKOOC-STAINLESS-BISCUIT-CUTTERS-PROFESSIONAL/DP/B08Y7V7FGM
BYLION	BYLION	amazon.in	HTTPS://WWW.AMAZON.IN/BYLION-CHRISTMAS-STOCKING-STOCKINGS-ORNAMENTS/DP/B0DCVNHVFQ
BYLION	BYLION	amazon.in	HTTPS://WWW.AMAZON.IN/BYLION-UMBRELLA-HANDLES-PORTABLE-CANTILEVER/DP/B0D9K4BV8H
BYMEE	BYMEE	amazon.in	HTTPS://WWW.AMAZON.IN/BYMEE-NEOPRENE-CROSSBODY-ADJUSTABLE-CAMOUFLAGE/DP/B09W2HMTYL
BYMEE	BYMEE	amazon.in	HTTPS://WWW.AMAZON.IN/BYMEE-CROSSBODY-WESTERN-SHOULDER-MESSENGER/DP/B09WQWX3JW
BYOOWNDIY	BYOOWNDIY	amazon.in	HTTPS://WWW.AMAZON.IN/BYOOWNDIY-ELECTRIC-MELTING-TEMPERATURE-CONTROLLER/DP/B09XXM389Q
BYWOKY	BYWOKY	amazon.in	HTTPS://WWW.AMAZON.IN/BYWOKY-MULTI-FUNCTIONAL-AUTOMATIC-WEARABLE-ELECTRIC/DP/B0DQLTGR1Y
BYWOKY	BYWOKY	amazon.in	HTTPS://WWW.AMAZON.IN/BYWOKY-HUMIDIFIER-MOISTURIZING-ATOMIZER-HYDRATION/DP/B0DQPR944X
BYZANE	BYZANE	amazon.in	HTTPS://WWW.AMAZON.IN/BYZANE-ADIRONDACK-RESISTANT-RECTANGULAR-COMPANION/DP/B0B46MXGGJ
BZZTER	BZZTER	amazon.in	HTTPS://WWW.AMAZON.IN/BZZTER-TRAMPOLINE-REPLACEMENT-RINGS%EF%BC%8CTRAMPOLINE-STITCHING/DP/B0BBBPLR7S
BZZTER	BZZTER	amazon.in	HTTPS://WWW.AMAZON.IN/BZZTER-REPLACEMENT-TRAMPOLINE-SPRINGS-JUMPING/DP/B09ZHX1TBN
CABURYWE	CABURYWE	amazon.in	HTTPS://WWW.AMAZON.IN/JAPANESE-EXTENDED-MOUSEPAD-STITCHED-CABURYWE/DP/B09PZS93VL
CABURYWE	CABURYWE	amazon.in	HTTPS://WWW.AMAZON.IN/JAPANESE-EXTENDED-MOUSEPAD-STITCHED-CABURYWE/DP/B09TGNHB1S
CACA	CACA	amazon.in	HTTPS://WWW.AMAZON.IN/CACA-PROUT/DP/2070576736
CACISE	CACISE	amazon.in	HTTPS://WWW.AMAZON.IN/CACISE-ARTIFICIAL-ENKIANTHUS-PERULATUS-GREENERY/DP/B0BS42HR66
CACOON	CACOON	amazon.in	HTTPS://WWW.AMAZON.IN/CACOON-STACKABLE-BOWL-SET-160ML/DP/B0BWJRTMTD
CAIVIMVN	CAIVIMVN	amazon.in	HTTPS://WWW.AMAZON.IN/CAIVIMVN-ACTIVATED-MULTIPLE-PATTERNS-CHRISTMAS/DP/B0B6138R3Z
CAIYI	CAIYI	amazon.in	HTTPS://WWW.AMAZON.IN/CAIYI-PAD%EF%BC%8CPROFESSIONAL-WARCRAFT-EXTENDED-NON-SLIP/DP/B07HF3V96M
CAKILA	CAKILA	amazon.in	HTTPS://WWW.AMAZON.IN/CAKILA-ELECTRIC-REPLACEABLE-DETACHABLE-C501/DP/B0CL5XZY79
CAKKA	CAKKA	amazon.in	HTTPS://WWW.AMAZON.IN/CAKKA-RESEALABLE-ZIPLOCK-ALUMINUM-HOLOGRAHIC/DP/B091N1DC5H
CAKUNI	CAKUNI	amazon.in	HTTPS://WWW.AMAZON.IN/CAKUNI-DIVING-SWIMMING-UNDERWATER-CHILDREN/DP/B08SHP2PMV
CALISTOUK	CALISTOUK	amazon.in	HTTPS://WWW.AMAZON.IN/CALISTOUK-COMPUTER-MECHANICAL-OPTICAL-ADJUSTABLE/DP/B09539M582
CAMNOON	CAMNOON	amazon.in	HTTPS://WWW.AMAZON.IN/CAMNOON-WEARABLE-CAMCORDER-ANTI-SHAKE-RECORDING/DP/B0BJVLMN15
CAMOCA	CAMOCA	amazon.in	HTTPS://WWW.AMAZON.IN/CAMOCA-GRINDERS-STAINLESS-ELECTRIC-GRINDING/DP/B08CZQVT4S
CAMPLALA	CAMPLALA	amazon.in	HTTPS://WWW.AMAZON.IN/CAMPLALA-MACBOOK-13-6-INCH-A2681/DP/B0CFLDBVNQ
CANBEISI	CANBEISI	amazon.in	HTTPS://WWW.AMAZON.IN/CANBEISI-MULTI-FUNCTION-BACKPACK-INSULATED-WATERPROOF/DP/B07B9MB3XX
CANDOFLY	CANDOFLY	amazon.in	HTTPS://WWW.AMAZON.IN/CANDOFLY-RECHARGEABLE-LED-DOG-COLLARS/DP/B097XQLZW7
CANDYMOSA	CANDYMOSA	amazon.in	HTTPS://WWW.AMAZON.IN/CANDYMOSA-TURKISH-EVIL-DECOR-ORNAMENT/DP/B0B7K9MB6T
CANDYMOSA	CANDYMOSA	amazon.in	HTTPS://WWW.AMAZON.IN/CANDYMOSA-TURKISH-EVIL-DECOR-ORNAMENT/DP/B09P6CQWSW
CANMALCHI	CANMALCHI	amazon.in	HTTPS://WWW.AMAZON.IN/ADJUSTABLE-DUMBBELLS-CANMALCHI-CONNECTOR-KETTLEBELL/DP/B0B2MBJ4JT
CANSNOW	CANSNOW	amazon.in	HTTPS://WWW.AMAZON.IN/CANSNOW-BLACK-DIAL-BRACELET-WATCH/DP/B0B8TFSKY3
CANSNOW	CANSNOW	amazon.in	HTTPS://WWW.AMAZON.IN/CANSNOW-WOMENS-BLACK-BRACELET-ANALOG/DP/B0B6JBW6C5
CAOANTRY	CAOANTRY	amazon.in	HTTPS://WWW.AMAZON.IN/CAOANTRY-ICE-BUCKET-LID-INSULATED/DP/B0CNQ6SPPP
CAPSTONA	CAPSTONA	amazon.in	HTTPS://WWW.AMAZON.IN/STORES/CAPSTONA/SALE/PAGE/1E4F5FDA-532D-480A-9FF6-DBAFFA0FDEC8
CAREFLECTION	CAREFLECTION	amazon.in	HTTPS://WWW.AMAZON.IN/STORES/CAREFLECTION/HOMEPAGE/PAGE/3D6B569F-53DC-4244-BE4C-2843F1258E32
CAREFLECTION	CAREFLECTION	amazon.in	HTTPS://WWW.AMAZON.IN/CAREFLECTION-CROSSBODY-LIGHTWEIGHT-MESSENGER-MULTICOLOR/DP/B0G39SRTBR
CAREMOO	CAREMOO	amazon.in	HTTPS://WWW.AMAZON.IN/CAREMOO-SPACE-SAVING-PERFECT-MANAGEMENT-ASSISTANT/DP/B07THRGHVX
CARENEL	CARENEL	amazon.in	HTTPS://WWW.AMAZON.IN/CARENEL-LIP-SLEEPING-MASK-B2/DP/B078RKMPZR
CARESOME	CARESOME	amazon.in	HTTPS://WWW.AMAZON.IN/CARESOME-COMPRESSOR-NEBULIZER-MACHINE-CHILD/DP/B0CBPBS1X6
CARISDER	CARISDER	amazon.in	HTTPS://WWW.AMAZON.IN/CARISDER-FLORAL-COMFORTER-PIECES-BEDDING/DP/B07TNHXMTP
CARLOUMERN	CARLOUMERN	amazon.in	HTTPS://WWW.AMAZON.IN/ZQD-SUNGLASSES-DOFLAMINGO-COSPLAY-GLASSES/DP/B09KPZXFSZ
CARLTINA	CARLTINA	amazon.in	HTTPS://WWW.AMAZON.IN/CARLTINA-SLIPCOVER-FURNITURE-PROTECTOR-WASHABLE/DP/B08924N76G
CARNOT	CARNOT	amazon.in	HTTPS://WWW.AMAZON.IN/CARNOT-PERFORMANCE-MONITORING-CONNECTED-SOLUTION/DP/B01N308G30
CARROLLAR	CARROLLAR	amazon.in	HTTPS://WWW.AMAZON.IN/CARROLLAR-FLEXIBLE-NON-POROUS-ANTI-SKID-DISHWASHER/DP/B07V28JKFQ
CARTBAE	CARTBAE	amazon.in	HTTPS://WWW.AMAZON.IN/CARTBAE-UNICORN-COMBO-MATERIALS-SCHOOL/DP/B09PBV9WP9
CASACOSA	CASACOSA	amazon.in	HTTPS://WWW.AMAZON.IN/CASACOSA-PROFESSIONAL-COUNTERTOP-CONTAINER-COMMERCIAL/DP/B08N4SC3MX
CASASO	CASASO	amazon.in	HTTPS://WWW.AMAZON.IN/CASASO-KAWAII-SLIPPERS-CREATIVE-ALL-MATCH/DP/B0CD1TS2SR
CASEMART	CASEMART	amazon.in	HTTPS://WWW.AMAZON.IN/CASEMART-CASE-SHOCKPROOF-PROTECTIVE-DEFENDER/DP/B0932399PS
CASENKE	CASENKE	amazon.in	HTTPS://WWW.AMAZON.IN/CASENKE-CEILING-PROFILE-ENCLOSED-DIMMABLE/DP/B09W1Z9CQD
CASETHRONE	CASETHRONE	amazon.in	HTTPS://WWW.AMAZON.IN/CASETHRONE-MOUSE-BUNGEE-SPACE-SAVING-MANAGEMENT/DP/B07LBKG77P
CASINOITE	CASINOITE	amazon.in	HTTPS://WWW.AMAZON.IN/CASINOITE-BILLIUM-CLAY-POKER-CHIPS/DP/B07JLHTJVT
CASOL	CASOL	amazon.in	HTTPS://WWW.AMAZON.IN/CASOL-FOOTWEAR-COMFORTABLE-LIGHTWEIGHT-SCOT-520_P/DP/B0C8Z5M3JF
CASTURU	CASTURU	amazon.in	HTTPS://WWW.AMAZON.IN/CASTURU-CAR-TRASH-CAN-GOLDEN-2/DP/B09NVR8VPP
CASTURU	CASTURU	amazon.in	HTTPS://WWW.AMAZON.IN/CASTURU-CAR-TRASH-CAN-BLACK-1/DP/B09NVS3DDT
CASTURU	CASTURU	amazon.in	HTTPS://WWW.AMAZON.IN/CASTURU-CAR-TRASH-CAN-BLACK-2/DP/B09NVS4PCR
CATHYLIFE	CATHYLIFE	amazon.in	HTTPS://WWW.AMAZON.IN/CATHYLIFE-UPGRADED-DOORBELLS-HOUSEBREAKING-SUPPLIES/DP/B0C3CB8PJ7
CATTSHO	CATTSHO	amazon.in	HTTPS://WWW.AMAZON.IN/CATTSHO-SHOWER-TRIM-KIT-CHROME/DP/B09KBVJPGG
CAWYPETY	CAWYPETY	amazon.in	HTTPS://WWW.AMAZON.IN/BACKPACK-CARRIER-BREATHABLE-FOLDABLE-TRANSPARENT/DP/B0BR7LHM3V
CAYBAY	CAYBAY	amazon.in	HTTPS://WWW.AMAZON.IN/DIESEL-CAYBAY-PRINTED-SHORT-12INCH/DP/B06Y3BW5RQ
CAZOXDOLL	CAZOXDOLL	amazon.in	HTTPS://WWW.AMAZON.IN/CAZOXDOLL-PLATINUM-SILICONE-BABY-DOLL/DP/B0CHWNLG72
CBSE	CBSE	amazon.in	HTTPS://WWW.AMAZON.IN/CBSE-SCHOOLBOOKS/B?IE=UTF8&NODE=4149808031
CCBODILY	CCBODILY	amazon.in	HTTPS://WWW.AMAZON.IN/CCBODILY-PEARL-BODY-CHINA-BRA/DP/B085T9VKGT
CCHENGVEY	CCHENGVEY	amazon.in	HTTPS://WWW.AMAZON.IN/CCHENGVEY-CAPSULES-PORTAFILTER-ESPRESSO-MACHINE/DP/B0CQKFZ3NF
CCINNOE	CCINNOE	amazon.in	HTTPS://WWW.AMAZON.IN/CCINNOE-ERASABLE-KIDS-TODDLERS-WATERCOLOR-PRESCHOOL/DP/B08YP233BN
CCKHDD	CCKHDD	amazon.in	HTTPS://WWW.AMAZON.IN/FINGERPRINT-CCKHDD-BIOMETRIC-PASSWORD-FREE-ENCRYPTION/DP/B0C6G9212D
CDFVF	CDFVF	amazon.in	HTTPS://WWW.AMAZON.IN/CHICKEN-GARDEN-DECORATION-ANIMAL-POTTERY/DP/B092WH4BQ7
CDYMKF	CDYMKF	amazon.in	HTTPS://WWW.AMAZON.IN/CDYMKF-BUILDING-ENGINEERING-COLLECTIONS-ENTHUSIASTS/DP/B0CHS6SW41
CEFIRATURE	CEFIRATURE	amazon.in	HTTPS://WWW.AMAZON.IN/CEFIRATURE-COSTUME-JUMPSUIT-HALLOWEEN-COSPLAY/DP/B099D8RDG5
CEGOUT	CEGOUT	amazon.in	HTTPS://WWW.AMAZON.IN/LINERS-NON-STICK-SILICONE-BAKING-ACCESSORIES/DP/B0D471PNZJ
CEIEC3D	CEIEC3D	amazon.in	HTTPS://WWW.AMAZON.IN/CEIEC3D-LENTICULAR-POSTCARDS-KINDERGARTEN-ELEMENTARY/DP/B07DFG6PCX
CELIVESGG	CELIVESGG	amazon.in	HTTPS://WWW.AMAZON.IN/CELIVESGG-CHRISTMAS-COUNTRY-DECORATIONS-ORNAMENTS/DP/B07K6ZHV2Q
CENMORISE	CENMORISE	amazon.in	HTTPS://WWW.AMAZON.IN/CENMORISE-OLIVE-BATTERY-OPERATED-19-7IN/DP/B0B3GXWKW4
CENSHI	CENSHI	amazon.in	HTTPS://WWW.AMAZON.IN/CENSHI-BLUETOOTH-WIRELESS-FUNCTION-SPEAKERS/DP/B071NGLS6M
CERANEE	CERANEE	amazon.in	HTTPS://WWW.AMAZON.IN/CERANEE-GEOMETRIC-TEXTURED-PORCELAIN-CENTERPIECE/DP/B098SVZ6Z4
CERANEE	CERANEE	amazon.in	HTTPS://WWW.AMAZON.IN/CERANEE-GEOMETRIC-CERAMIC-DECORATION-PORCELAIN/DP/B09CFV8Z1M
CESTLAIVE	CESTLAIVE	amazon.in	HTTPS://WWW.AMAZON.IN/CESTLAIVE-12-CUP-REPLACEMENT-COMPATIBLE-COFFEEMAKER/DP/B09LHHQ9Y2
CESUDEN	CESUDEN	amazon.in	HTTPS://WWW.AMAZON.IN/CESUDEN-COMPLETE-SKATEBAORD/DP/B08595BPRP
CETRD	CETRD	amazon.in	HTTPS://WWW.AMAZON.IN/CETRD-ARTIFICIAL-OUTDOOR-REALISTIC-INDOOR%EF%BC%881PACK%EF%BC%89/DP/B0D8BQJX7X
CETRD	CETRD	amazon.in	HTTPS://WWW.AMAZON.IN/CETRD-BRANCH-ARTIFICIAL-INDOOR-POT%EF%BC%886FT/DP/B0CS6B2LXH
CFVKPT	CFVKPT	amazon.in	HTTPS://WWW.AMAZON.IN/CFVKPT-ATHLETIC-SNEAKERS-BREATHABLE-LIGHTWEIGHT/DP/B09QKSY56S
CGJDZMD	CGJDZMD	amazon.in	HTTPS://WWW.AMAZON.IN/-/HI/%E0%A4%B8%E0%A5%8D%E0%A4%95%E0%A5%8D%E0%A4%B5%E0%A4%BE%E0%A4%AF%E0%A4%B0-%E0%A4%B5%E0%A4%BE%E0%A4%9F%E0%A4%B0%E0%A4%AA%E0%A5%8D%E0%A4%B0%E0%A5%82%E0%A4%AB-%E0%A4%B0%E0%A5%87%E0%A4%A8%E0%A4%AA%E0%A5%8D%E0%A4%B0%E0%A5%82%E0%A4%AB-%E0%A4%8F%E0%A4%B2%E0%A5%8D%E0%A4%AF%E0%A5%81%E0%A4%AE%E0%A4%BF%E0%A4%A8%E0%A4%BF%E0%A4%AF%E0%A4%AE-%E0%A4%AB%E0%A4%BF%E0%A4%95%E0%A5%8D%E0%A4%B8%E0%A5%8D%E0%A4%9A%E0%A4%B0/DP/B095JXF1NH
CGNIONE	CGNIONE	amazon.in	HTTPS://WWW.AMAZON.IN/PROJECTOR-CGNIONE-BEDROOM-CEILING-THEATER/DP/B0B73Q5WZ3
CHAHOT	CHAHOT	amazon.in	HTTPS://WWW.AMAZON.IN/COCKTAIL-FLAVORS-BOURBON-OLD-FASHIONED-WHISKEY/DP/B0BTY5B8GY
CHALIWINI	CHALIWINI	amazon.in	HTTPS://WWW.AMAZON.IN/MULTICOLOR-RHINESTONE-CLUTCHES-SHOULDER-MINAUDIERE/DP/B09FZSSHZF
CHANHYD	CHANHYD	amazon.in	HTTPS://WWW.AMAZON.IN/CHANHYD-HYDRAULIC-FITTINGS-CRIMPING-STAINLESS/DP/B0CMTC1KC8
CHANHYD	CHANHYD	amazon.in	HTTPS://WWW.AMAZON.IN/CHANHYD-HYDRAULIC-HYDRA-KRIMP-CONDITIONER-BEADLOCK/DP/B0CJ733KHV
CHANHYD	CHANHYD	amazon.in	HTTPS://WWW.AMAZON.IN/CHANHYD-FITTINGS-HYDRAULIC-CRIMPING-CRIMPERS/DP/B0CVGLJ8JZ
CHAOBING	CHAOBING	amazon.in	HTTPS://WWW.AMAZON.IN/CHAOBING-VOLLEYBALL-REBOUNDER-ADJUSTABLE-HIGH-TENSION/DP/B0DYHPWJWX
CHAOJIESI	CHAOJIESI	amazon.in	HTTPS://WWW.AMAZON.IN/CHAOJIESI-PUSH-WOMEN-SEAMLESS-EVERYDAY/DP/B096WNG9MN
CHAOMINGZHEN	CHAOMINGZHEN	amazon.in	HTTPS://WWW.AMAZON.IN/CHAOMINGZHEN-PENDANT-NECKLACE-UNIVERSE-GALILEO/DP/B082RVQYHC
CHARYJOD	CHARYJOD	amazon.in	HTTPS://WWW.AMAZON.IN/CHARYJOD-DIMMABLE-CHARGING-LIGHTING-ARCHITECT/DP/B0C7KFH3Y3
CHBKT	CHBKT	amazon.in	HTTPS://WWW.AMAZON.IN/CHBKT-FLOWER-REGULAR-ORGANIZER-CANNING/DP/B07FCXMB4L
CHCYWJGJ	CHCYWJGJ	amazon.in	HTTPS://WWW.AMAZON.IN/CARBIDE-TIPPED-MASONRY-CHISELS-CONCRETE-STORAGE/DP/B0D4DY3GN4
CHDGIOHA	CHDGIOHA	amazon.in	HTTPS://WWW.AMAZON.IN/CHDGIOHA-STUFFED-ANIMALS-CREATURES-X-LARGE/DP/B0B3N5GJZB
CHEABOOM	CHEABOOM	amazon.in	HTTPS://WWW.AMAZON.IN/SLIDING-CHEABOOM-KITCHEN-APPLIANCE-COUNTERTOP/DP/B08BHH4ZXK
CHEABOOM	CHEABOOM	amazon.in	HTTPS://WWW.AMAZON.IN/GDT-CHEABOOM-PEGBOARD-PEGBOARD-100PC%EF%BC%8CPEG/DP/B07R9K8MCT
CHEDE	CHEDE	amazon.in	HTTPS://WWW.AMAZON.IN/CHEDE-HARNESS-REFLECTIVE-ADJUSTABLE-CONTROL/DP/B08ZK9RKRK
CHEFSTAR	CHEFSTAR	amazon.in	HTTPS://WWW.AMAZON.IN/CHEFSTAR-MULTIPURPOSE-KITCHEN-VEGETABLE-CHOPPER/DP/B07RL81YSV
CHEFTICK	CHEFTICK	amazon.in	HTTPS://WWW.AMAZON.IN/CHEFTICK-MAGNIFYING-TABLETOP-MAGNIFIED-TRANSPARENT/DP/B07R16LYBL
CHEFTOON	CHEFTOON	amazon.in	HTTPS://WWW.AMAZON.IN/CHEFTOON-DISPENSER-CONTAINER-LEAKPROOF-NON-SLIP/DP/B09GFJZLZ5
CHEFTOR	CHEFTOR	amazon.in	HTTPS://WWW.AMAZON.IN/CHEFTOR-COPPER-TRADITIONAL-KETTLE-AYURVEDA/DP/B07JKJHM1N
CHEGIF	CHEGIF	amazon.in	HTTPS://WWW.AMAZON.IN/CHEGIF-TRAINING-EQUIPMENT-BEGINNERS-EXERCISE-BLUE/DP/B0CD7WL46G
CHELVEE	CHELVEE	amazon.in	HTTPS://WWW.AMAZON.IN/CHELVEE-ANTIQUE-NIGHTLIGHT-MECHANISM-OPERATED/DP/B01LH131QU
CHENGZUI	CHENGZUI	amazon.in	HTTPS://WWW.AMAZON.IN/CHENGZUI-ERTICAL-REPLACEMENT-REPLACE-VERTICAL/DP/B09P5V5FHK
CHENRLIAN	CHENRLIAN	amazon.in	HTTPS://WWW.AMAZON.IN/CHENRLIAN-COMPATIBLE-IPHONE-14-PRO/DP/B0C774KG2J
CHIKURA	CHIKURA	amazon.in	HTTPS://WWW.AMAZON.IN/MAHARSHI-HERBALS-ANTI-HAIR-CHIKURA-BOTTLES/DP/B01IHLSQ36
CHILDIKE	CHILDIKE	amazon.in	HTTPS://WWW.AMAZON.IN/CHILDIKE-PORCELAIN-TEA-ONE-FLORAL/DP/B09WZXGYRP
CHILLTREADS	CHILLTREADS	amazon.in	HTTPS://WWW.AMAZON.IN/CHILLTREADS-UNCLE-COFFEE-FUNNY-BIRTHDAY/DP/B07KC1MN4Y
CHILPALS	CHILPALS	amazon.in	HTTPS://WWW.AMAZON.IN/CHILPALS-CRICKET-BEEPING-LRRITATING-LIFE%EF%BC%8CSUITABLE/DP/B0CLJC8QH1
CHIMOON	CHIMOON	amazon.in	HTTPS://WWW.AMAZON.IN/CHIMOON-OPTICAL-ILLUSION-BEDROOM-DECORATION/DP/B0794V4HJN
CHINGBOR	CHINGBOR	amazon.in	HTTPS://WWW.AMAZON.IN/CHINGBOR-DEFORMATION-ROBOT-ACTION-FIGURE/DP/B0CNYW2V2X
CHINJONG	CHINJONG	amazon.in	HTTPS://WWW.AMAZON.IN/CHINJONG-12X12INCH-FLEXIBLE-DOUBLE-SIDED-FRAMELESS/DP/B0BRSFYS3P
CHIPAK	CHIPAK	amazon.in	HTTPS://WWW.AMAZON.IN/CHIPAK/S?K=CHIPAK
CHIPHELL	CHIPHELL	amazon.in	HTTPS://WWW.AMAZON.IN/CHIPHELL-WORKOUT-SEAMLESS-ACTIVEWEAR-TRACKSUIT/DP/B099S3NC5G
CHNB	CHNB	amazon.in	HTTPS://WWW.AMAZON.IN/ACME-CHNB-SW10-CHNB-KASTMASTER-4-OUNCE/DP/B0000AUV38
CHNEWAUTO	CHNEWAUTO	amazon.in	HTTPS://WWW.AMAZON.IN/M12X1-5-M12-1-50-SPLINE-12X1-5-12MMX1-5/DP/B098THVPV4
CHOCHOCHO	CHOCHOCHO	amazon.in	HTTPS://WWW.AMAZON.IN/CHOCHOCHO-CLOTHES-WAISTCOAT-STYLISH-OUTFITS/DP/B089RNLM2Q
CHOIYUBELLA	CHOIYUBELLA	amazon.in	HTTPS://WWW.AMAZON.IN/CHOIYUBELLA-MATERNITY-SLEEVES-SWEETHEART-PHOTOGRAPHY/DP/B08YRFWBHC
CHOIYUBELLA	CHOIYUBELLA	amazon.in	HTTPS://WWW.AMAZON.IN/CHOIYUBELLA-MATERNITY-SWEETHEART-SLEEVES-PHOTOGRAPHY/DP/B08TB4ZGQX
CHOMUNCE	CHOMUNCE	amazon.in	HTTPS://WWW.AMAZON.IN/CHOMUNCE-INFLATABLE-SPRINKLER-CHILDRENS-GIRLS%EF%BC%88SMALL/DP/B08TR1R5SP
CHONIC	CHONIC	amazon.in	HTTPS://WWW.AMAZON.IN/CHONIC-FATIGUE-COOKBOOK-MARILYN-SIDNEY/DP/B09KN9VPQK
CHORHA	CHORHA	amazon.in	HTTPS://WWW.AMAZON.IN/CHORHA-SATIN-DOUBLE-SIDED-ADJUSTABLE-BONNET/DP/B0CHDS61P3
CHOSMOYI	CHOSMOYI	amazon.in	HTTPS://WWW.AMAZON.IN/CHOSMOYI-SUNGLASSES-ACCESSORIES-UNIVERSAL-EYEGLASSES/DP/B0C36VB1GQ
CHOTUNE	CHOTUNE	amazon.in	HTTPS://WWW.AMAZON.IN/CHOTUNE-COLOURS-PERMANENT-EQUIPPED-SKETCHING/DP/B0BT9Y4R5J
CHOWMI	CHOWMI	amazon.in	HTTPS://WWW.AMAZON.IN/CHOWMI-WINTER-FLEECE-WINDPROOF-OUTDOOR/DP/B0BXRX1YT2
CHOWZZ	CHOWZZ	amazon.in	HTTPS://WWW.AMAZON.IN/CHOWZZ-HOCKEY-DISPLAY-HOLDER-HANGER/DP/B0CPM1FDPC
CHRUI	CHRUI	amazon.in	HTTPS://WWW.AMAZON.IN/CHRUI-RENAISSANCE-COLLECTION-RELIGIOUS-DECORATION/DP/B0B672VQD8
CHYOU	CHYOU	amazon.in	HTTPS://WWW.AMAZON.IN/CHYOU-DISPOSABLE-BREATHABLE-PROTECTIVE-BANDANA/DP/B08G8TG2F8
CIELTEAR	CIELTEAR	amazon.in	HTTPS://WWW.AMAZON.IN/CIELTEAR-STERLING-SILVER-NECKLACE-ITALIAN/DP/B08948J5YL
CIFITERY	CIFITERY	amazon.in	HTTPS://WWW.AMAZON.IN/CIFITERY-CIFITERY-POLICE-OFFICER-COSTUME-FOR-KIDS-NAVY-BLUE-POLICE-COSTUME-CARRER-DAY-POLICE-DRESS-UP-HALLOWEEN-GIFTS/DP/B0CQ67Z3FD
CIFITERY	CIFITERY	amazon.in	HTTPS://WWW.AMAZON.IN/CIFITERY-POLICE-OFFICER-COSTUME-HALLOWEEN/DP/B0CKQTHB9K
CIGERA	CIGERA	amazon.in	HTTPS://WWW.AMAZON.IN/CIGERA-GARAGE-MOVEMENT-BATTERY-OPERATED/DP/B0CSWNC9DC
CIJOKA	CIJOKA	amazon.in	HTTPS://WWW.AMAZON.IN/CIJOKA-SUNGLASSES-RECTANGULAR-POLARIZED-PROTECTION/DP/B0B2F9LR6X
CIJOKA	CIJOKA	amazon.in	HTTPS://WWW.AMAZON.IN/CIJOKA-SUNGLASSES-LIGHTWEIGHT-SUNGLASSES-PROTECTION/DP/B0B2F9V1Z9
CIJOKA	CIJOKA	amazon.in	HTTPS://WWW.AMAZON.IN/CIJOKA-RECTANGLE-SUNGLASSES-POLARIZED-VINTAGE/DP/B0CPB4R984
CILLE	CILLE	amazon.in	HTTPS://WWW.AMAZON.IN/CILLE-STAINLESS-INSULATED-CYCLING-THERMOS/DP/B0876Y8BRX
CIMALAB	CIMALAB	amazon.in	HTTPS://WWW.AMAZON.IN/CIMALAB-HYDROMETER-TRIPLE-ALCOHOL-KOMBUCHA/DP/B0BXCJC6B2
CIMLAGA	CIMLAGA	amazon.in	HTTPS://WWW.AMAZON.IN/CIMLAGA-BROCHURE-BUSINESS-COUNTERTOP-PAMPHLET/DP/B0CKWV5KT4
CINDOU	CINDOU	amazon.in	HTTPS://WWW.AMAZON.IN/CINDOU-3-PIECES-ZESTERS-STAINLESS-CHOCOLATE/DP/B0998PZPQQ
CINDOU	CINDOU	amazon.in	HTTPS://WWW.AMAZON.IN/CINDOU-HANDHELD-GRATERS-STAINLESS-CHOCOLATE/DP/B09FG7KLR1
CINDOU	CINDOU	amazon.in	HTTPS://WWW.AMAZON.IN/CINDOU-TRAINER-STOMACH-BANDAGE-TRAINING/DP/B0BLKC321M
CINHEYU	CINHEYU	amazon.in	HTTPS://WWW.AMAZON.IN/CINHEYU-PRINCESS-ACCESSORIES-HALLOWEEN-CHRISTMAS/DP/B099MHC566
CINIDY	CINIDY	amazon.in	HTTPS://WWW.AMAZON.IN/CINIDY-MAKEUP-MAKE-UP-TOILETRY-COFFEE/DP/B01N6A2GBX
CINSEER	CINSEER	amazon.in	HTTPS://WWW.AMAZON.IN/CINSEER-CORDLESS-AUTOMATIC-RECHARGEABLE-TEMPERATURE/DP/B092LF1KTG
CIPHANDS	CIPHANDS	amazon.in	HTTPS://WWW.AMAZON.IN/CIPLA-CIPHANDS-ANTISEPTIC-INSTANT-SANITIZER/DP/B089KFGP4X
CIPHANDS	CIPHANDS	amazon.in	HTTPS://WWW.AMAZON.IN/CIPHANDS-ANTISEPTIC-INSTANT-LIQUID-SANITIZER/DP/B088DD7Z2Q
CIPHANDS	CIPHANDS	amazon.in	HTTPS://WWW.AMAZON.IN/CIPLA-CIPHANDS-PROFESSIONAL-HAND-500ML/DP/B0874VK3LM
CIPHANDS	CIPHANDS	amazon.in	HTTPS://WWW.AMAZON.IN/CIPHANDS-ANTISEPTIC-INSTANT-LIQUID-SANITIZER/DP/B087C2GYNT
CIRCLOOPHS	CIRCLOOPHS	amazon.in	HTTPS://WWW.AMAZON.IN/CIRCLOOPHS-100-PACK-RESEALABLE-ALUMINUM-PACKAGING/DP/B0891LP5H2
CIROASES	CIROASES	amazon.in	HTTPS://WWW.AMAZON.IN/CIROASES-3-5INCH-DECORATIVE-SPHERICAL-WEDDING/DP/B08FHJVP5J
CIRYASR	CIRYASR	amazon.in	HTTPS://WWW.AMAZON.IN/IRRIGATION-AUTOMATIC-WATERING-2200MAH-BALCONIES/DP/B0CT827DQ8
CIVOSE	CIVOSE	amazon.in	HTTPS://WWW.AMAZON.IN/CIVOSE-SUV-CAR-COVER/DP/B09L85PW26
CIVOSE	CIVOSE	amazon.in	HTTPS://WWW.AMAZON.IN/CIVOSE-SUV-CAR-COVER-YXXL/DP/B0BNQB2JKF
CIWENKAI	CIWENKAI	amazon.in	HTTPS://WWW.AMAZON.IN/EPOXY-SHEET-RESIN-GLASS-FIBER-INSULATION-PLATE-335%C3%97300%C3%974MM/DP/B0CMZKTWCY
CIWENKAI	CIWENKAI	amazon.in	HTTPS://WWW.AMAZON.IN/EPOXY-SHEET-RESIN-GLASS-FIBER-INSULATION-PLATE-235X235X1-5MM/DP/B0CJFY6RX6
CKVIHAV	CKVIHAV	amazon.in	HTTPS://WWW.AMAZON.IN/CKVIHAV-STAINLESS-SHEETS-CRAFTING-STOVETOP/DP/B0CQ22PYCS
CLAIRLA	CLAIRLA	amazon.in	HTTPS://WWW.AMAZON.IN/CLAIRLA-PORTABLE-COLLAPSIBLE-CRAYFISH-AUTOMATIC/DP/B085TCJBD2
CLEANICA360	CLEANICA360	amazon.in	HTTPS://WWW.AMAZON.IN/CLEANICA360-VERSATILE-DETACHABLE-HANDHELD-STANDARD/DP/B08NRKQKCN
CLERIS	CLERIS	amazon.in	HTTPS://WWW.AMAZON.IN/CLERIS-SWINGING-KITCHEN-PENDULUM-DECORATIVE/DP/B0BSVPMNS6
CLOSEUP	CLOSEUP	amazon.in	HTTPS://WWW.AMAZON.IN/CLOSEUP-DEEP-ACTION-RED-TOOTHPASTE/DP/B00UFF4CUY
CLOUDFINO	CLOUDFINO	amazon.in	HTTPS://WWW.AMAZON.IN/STORES/CLOUDFINO/HOMEPAGE/PAGE/6765AC40-2F24-489E-953E-F41B5A30EC51
CLREDG	CLREDG	amazon.in	HTTPS://WWW.AMAZON.IN/TRIANGLE-SIX-LEVEL-DIMMABLE-POWERED-BEDROOM/DP/B0BZPYDP7S
CLUBLANE	CLUBLANE	amazon.in	HTTPS://WWW.AMAZON.IN/CLUBLANE-PLASTIC-BASIN-PUSH-SHOWER/DP/B0757H7S38
CLYROOM	CLYROOM	amazon.in	HTTPS://WWW.AMAZON.IN/CLYROOM-VACUUM-SEALERS/DP/B0B52XL4HB
CMCMCM	CMCMCM	amazon.in	HTTPS://WWW.AMAZON.IN/CMCMCM-CF228A-CF228ACF228ACF228A/DP/B0CBKDVJ27
CMEGKE	CMEGKE	amazon.in	HTTPS://WWW.AMAZON.IN/CMEGKE-SPRING-TABLE-RUNNER-FARMHOUSE/DP/B0BP8DX1F3
CMICHO	CMICHO	amazon.in	HTTPS://WWW.AMAZON.IN/CMICHO-BLACK-SATIN-TABLE-RUNNERS/DP/B09BYXZTTV
CMICHO	CMICHO	amazon.in	HTTPS://WWW.AMAZON.IN/CMICHO-ROYAL-BLUE-TABLE-RUNNERS/DP/B098NKCD6B
CMISMPRT	CMISMPRT	amazon.in	HTTPS://WWW.AMAZON.IN/CMISMPRT-GRIPPERS-STICKINESS-NON-SLIP-RENEWABLE/DP/B0839DH2LW
CMXIKJ	CMXIKJ	amazon.in	HTTPS://WWW.AMAZON.IN/CMXIKJ-CABINET-DEFIBRILLATOR-EMERGENCY-DEFIBRILLATORS/DP/B0CZ6J8PTG
CNMUDONSI	CNMUDONSI	amazon.in	HTTPS://WWW.AMAZON.IN/CNMUDONSI-PORTABLE-LIGHTWEIGHT-FOLDABLE-FURNITURE/DP/B0BPQ9ZC9J
CNTLIFE	CNTLIFE	amazon.in	HTTPS://WWW.AMAZON.IN/CNTLIFE-STATIONARY-ADJUSTABLE-RESISTANCE-ELECTRONIC/DP/B082LMW3NZ
COBABIES	COBABIES	amazon.in	HTTPS://WWW.AMAZON.IN/ONCARNIVAL-COBABIES-CONVERTIBLE-DETACHABLE-ACCESSORY/DP/B0DP9666RV
COBALLE	COBALLE	amazon.in	HTTPS://WWW.AMAZON.IN/COBALLE-FOLDING-TRAVEL-STROLLER-STARANDDAISY/DP/B0977521PJ
COBALLE	COBALLE	amazon.in	HTTPS://WWW.AMAZON.IN/COBALLE-FOLDING-STROLLER-STARANDDAISY-GRAFFITI/DP/B09775JNHL
COBEEGLOW	COBEEGLOW	amazon.in	HTTPS://WWW.AMAZON.IN/COBEEGLOW-GLOW-BRACELETS-PARTY-SUPPLIES/DP/B07W535HMN
COCERA	COCERA	amazon.in	HTTPS://WWW.AMAZON.IN/COCERA-TREASURE-SHU-SWA038-CHANGING-PORCELAIN/DP/B00PAJ2BRQ
COCNI	COCNI	amazon.in	HTTPS://WWW.AMAZON.IN/COCNI-EXTENDED-MOUSEPAD-WATERPROOF-31-5X15-7INCH/DP/B095LJDDPG
COCOBOSS	COCOBOSS	amazon.in	HTTPS://WWW.AMAZON.IN/COCOBOSS-PREMIUM-CUTTING-KITCHEN-CHOPPING/DP/B0CFFNC5XW
COCOBUY	COCOBUY	amazon.in	HTTPS://WWW.AMAZON.IN/COCOBUY-COLLAPSIBLE-SHOPPING-FOLDABLE-REUSABLE/DP/B075L66BKV
COCOISM	COCOISM	amazon.in	HTTPS://WWW.AMAZON.IN/COCOISM-BELGIAN-CHOCOLATES-DECADENT-INTENSE/DP/B09DQ8CHK2
COCOWIN	COCOWIN	amazon.in	HTTPS://WWW.AMAZON.IN/HERBOWIN-COCOWIN-SHAMPOO/DP/B07CGD47TH
CODANT	CODANT	amazon.in	HTTPS://WWW.AMAZON.IN/JEWELRY-TABLETOP-NECKLACE-FOLDABLE-MANNEQUIN/DP/B0BD4KMK1Z
COESTAI	COESTAI	amazon.in	HTTPS://WWW.AMAZON.IN/COESTAI-PAINTING-ADJUSTABLE-CANVASES-PAINTBRUSH/DP/B08Z7BH1G6
COGURD	COGURD	amazon.in	HTTPS://WWW.AMAZON.IN/COGURD-PROFESSIONAL-CONSTRUCTION-GARDENING-CLEANING/DP/B07LF3XZ5B
COHOMA	COHOMA	amazon.in	HTTPS://WWW.AMAZON.IN/COHOMA-COFFEE-ROASTED-ORIGINAL-CUSTOM/DP/B07P9TWVP6
COHOTEK	COHOTEK	amazon.in	HTTPS://WWW.AMAZON.IN/COHOTEK-COUNTERTOP-6-8MINS-PORTABLE-STAINLESS/DP/B08QV7L5HT
COIIJOII	COIIJOII	amazon.in	HTTPS://WWW.AMAZON.IN/COIIJOII-MUSLIN-SHEETS-BREATHABLE-NEUTRAL/DP/B0BWRMBM6T
COIWIN	COIWIN	amazon.in	HTTPS://WWW.AMAZON.IN/COIWIN-KITCHEN-CUTLERY-CERAMIC-RESISTANT/DP/B06W9JF7PW
COKLE	COKLE	amazon.in	HTTPS://WWW.AMAZON.IN/COKLE-HALLOWEEN-GLITTERED-DECORATIONS-DECORATION/DP/B096FT7S81
COLEBA	COLEBA	amazon.in	HTTPS://WWW.AMAZON.IN/COLEBA-FAMILIES-BLUEBIRD-CARDINALS-BIRDHOUSE/DP/B0BCDMSC1Z
COLIN	COLIN	amazon.in	HTTPS://WWW.AMAZON.IN/COLIN-GLASS-CLEANER-SHINE-BOOSTERS/DP/B00HJ2DJFA?S=BAZAAR
COLIN	COLIN	amazon.in	HTTPS://WWW.AMAZON.IN/STORES/COLIN/PAGE/C89F6F47-CDC4-4319-86EB-CD55744E6A02
COLLWAIT	COLLWAIT	amazon.in	HTTPS://WWW.AMAZON.IN/COLLWAIT-INSERTS-SHELVING-PLASTIC-COMPATIBLE/DP/B0C3DD6P4S
COLO	COLO	amazon.in	HTTPS://WWW.AMAZON.IN/COLO-WOMENS-SLIPPER/DP/B08RY2LCLJ
COLORHOME	COLORHOME	amazon.in	HTTPS://WWW.AMAZON.IN/COLORHOME-SMART-LIGHTING-CBU07AS097-EMERGENCY/DP/B097LG61TZ
COLYANDA	COLYANDA	amazon.in	HTTPS://WWW.AMAZON.IN/COLYANDA-3-LAYERED-PLEATED-PETTICOAT-COSPLAY/DP/B082YSPN2J
COLYANDA	COLYANDA	amazon.in	HTTPS://WWW.AMAZON.IN/COLYANDA-PETTISKIRT-3-LAYERED-CHIFFON-PETTICOAT/DP/B0838LJ28X
COM4SPORT	COM4SPORT	amazon.in	HTTPS://WWW.AMAZON.IN/COM4SPORT-COLLAPSIBLE-BATHTUB-FOLDABLE-SILICONE/DP/B0DK1VW453
COM4SPORT	COM4SPORT	amazon.in	HTTPS://WWW.AMAZON.IN/COM4SPORT-RUNNING/DP/B06WWGFH68
COMELLOW	COMELLOW	amazon.in	HTTPS://WWW.AMAZON.IN/COMELLOW-KITCHEN-ADJUSTABLE-COUNTERTOP-CAPACITY/DP/B08DXN7C3R
COMFOME	COMFOME	amazon.in	HTTPS://WWW.AMAZON.IN/COMFOME-FILTRATION-STAINLESS-RESISTANT-BOROSILICATE/DP/B091XSX34D
COMFYTAILS	COMFYTAILS	amazon.in	HTTPS://WWW.AMAZON.IN/COMFYTAILS-SNOOZLE-ORTHOPEDIC-HUMAN-GRADE-WATERPROOF/DP/B0D73RKQQ5
COMFYTOUCH	COMFYTOUCH	amazon.in	HTTPS://WWW.AMAZON.IN/COMFYTOUCH-7-PCS-SNACKS-PILLOW/DP/B08P7MTPC8
COMFYTOUCH	COMFYTOUCH	amazon.in	HTTPS://WWW.AMAZON.IN/COMFYTOUCH-PCS-DOUBLE-FLEECE-BLANKET/DP/B08QCPFVWT
COMFYTOUCH	COMFYTOUCH	amazon.in	HTTPS://WWW.AMAZON.IN/COMFYTOUCH-PCS-DOUBLE-FLEECE-BLANKET/DP/B08QD6CQPV
COMIGAL	COMIGAL	amazon.in	HTTPS://WWW.AMAZON.IN/BEGINNERS-FLOWER-MATERIAL-PRESSER-FLOWERS/DP/B09DWS3G2W
COMIRTH	COMIRTH	amazon.in	HTTPS://WWW.AMAZON.IN/COMIRTH-KITCHEN-ARTIFICIAL-TODDLERS-ACCESSORIES/DP/B094VXXRJR
COMOISTAR	COMOISTAR	amazon.in	HTTPS://WWW.AMAZON.IN/COMOISTAR-AMY-GREEN-CAMPING-20000/DP/B0CRRM7P9W
COMOISTAR	COMOISTAR	amazon.in	HTTPS://WWW.AMAZON.IN/COMOISTAR-MOUNTED-SPEEDS-ULTRA-OSCILLATING/DP/B0C2PSQ67P
COMROLL	COMROLL	amazon.in	HTTPS://WWW.AMAZON.IN/COMROLL-BEIGE-INFLATING-TRAVEL-PILLOW/DP/B06XPGJ62H
COMSHION	COMSHION	amazon.in	HTTPS://WWW.AMAZON.IN/SHOULDER-BACKPACK-WATERPROOF-CROSSBODY-RIGHT-HANDED/DP/B094N92M24
CONGELA	CONGELA	amazon.in	HTTPS://WWW.AMAZON.IN/CONGELA-STAINLESS-INSULATED-HANDLE-TRITAN/DP/B087CXW9XF
CONGELA	CONGELA	amazon.in	HTTPS://WWW.AMAZON.IN/CONGELA-STAINLESS-INSULATED-HANDLE-SEAFOAM/DP/B087CZP9B2
CONGERATE	CONGERATE	amazon.in	HTTPS://WWW.AMAZON.IN/CONGERATE-BATHROOM-BASKETBALL-DECOMPRESS-EDUCATION/DP/B06Y1KP8VM
CONGERATE	CONGERATE	amazon.in	HTTPS://WWW.AMAZON.IN/CONGERATE-PORTABLE-TELESCOPIC-HOUSEHOLD-SUPERMARKET/DP/B06Y1HTSGF
CONGNI	CONGNI	amazon.in	HTTPS://WWW.AMAZON.IN/WSD60TORCH-FUTI/DP/B0CP2ZM87N
CONGNI	CONGNI	amazon.in	HTTPS://WWW.AMAZON.IN/CONGNI-E71TGS-030-DIAMETER-2-2-POUND-GASLESS/DP/B0CLPDLWXX
CONNECTED	CONNECTED	amazon.in	HTTPS://WWW.AMAZON.IN/CONNECTED-DISCONNECTED-ART-OPERATING-WORLD/DP/9386602776?S=BAZAAR
CONOFA	CONOFA	amazon.in	HTTPS://WWW.AMAZON.IN/CONOFA-ELASTICS-SCRUNCHIES-WATERPROOF-PERFORMANCE/DP/B082QR1CVK
CONOFA	CONOFA	amazon.in	HTTPS://WWW.AMAZON.IN/CONOFA-METAL-CLIPS-BARRETTE-HAIRPINS/DP/B07WMTRY5P
CONPRU	CONPRU	amazon.in	HTTPS://WWW.AMAZON.IN/BREATHABLE-SILICONE-PROTECTOR-TOENAILS-BLISTERS/DP/B088QFBVBX
CONVIT	CONVIT	amazon.in	HTTPS://WWW.AMAZON.IN/MADATHIL-CONVIT-CAPSULE-REMOVER-CAPSULES/DP/B0B7NZZ21G
COOAK	COOAK	amazon.in	HTTPS://WWW.AMAZON.IN/COOAK-REMOVABLE-SWITCHABLE-PORTABLE-TRAVELING/DP/B07R77Z42X
COOBLE	COOBLE	amazon.in	HTTPS://WWW.AMAZON.IN/COOBLE-INSULATED-REUSABLE-LUNCHBAG-ADJUSTABLE/DP/B0CDGMR377
COOKGEN	COOKGEN	amazon.in	HTTPS://WWW.AMAZON.IN/COOKGEN-CUTTING-REVERSIBLE-PRE-OILED-CHARCUTERIE/DP/B09164GQTP
COOKJOY	COOKJOY	amazon.in	HTTPS://WWW.AMAZON.IN/COOKJOY-CJ2000WTC-INDUCTION-COOKTOP-CONTROL/DP/B09NBYVK2Z
COOKSTYLE	COOKSTYLE	amazon.in	HTTPS://WWW.AMAZON.IN/COOKSTYLE-NONSTICK-SILICONE-RESISTANT-SUPPLIERS/DP/B0BWN1QHQR
COOKSTYLE	COOKSTYLE	amazon.in	HTTPS://WWW.AMAZON.IN/COOKSTYLE-NONSTICK-SILICONE-RESISTANT-SUPPLIERS/DP/B0BWMY7VPB
COOKTAITAI	COOKTAITAI	amazon.in	HTTPS://WWW.AMAZON.IN/COOKTAITAI-VEGETABLE-PEELER-Y-SHAPED-STAINLESS/DP/B09MW12BGK
COOLCHA	COOLCHA	amazon.in	HTTPS://WWW.AMAZON.IN/QUALITY-MAGNETIC-COOLCHA-SAMSUNG-DEVICES/DP/B01MZ4JZ0K
COOLEEDTEK	COOLEEDTEK	amazon.in	HTTPS://WWW.AMAZON.IN/COOLEEDTEK-CLASSIC-WIRELESS-CONTROLLER-NINTENDO/DP/B071JF818J
COOLEEDTEK	COOLEEDTEK	amazon.in	HTTPS://WWW.AMAZON.IN/CONTROLLER-COOLEEDTEK-NUNCHUK-NINTENDO-SILICON/DP/B0D4WKRGBZ
COOLERTASTE	COOLERTASTE	amazon.in	HTTPS://WWW.AMAZON.IN/COOLERTASTE-REALTOR-REALTORS-SALESMAN-BIRTHDAY/DP/B0CGWVFKVG
COOLJEEN	COOLJEEN	amazon.in	HTTPS://WWW.AMAZON.IN/COOLJEEN-HOLLYWOOD-BLUETOOTH-DIMMABLE-CHARGING/DP/B08X3B5TX2
COOMENG	COOMENG	amazon.in	HTTPS://WWW.AMAZON.IN/COOMENG-CONVERSION-MULTI-SPEED-ALUMINUM-CASSETTE/DP/B0D54F6XRS
COORI	COORI	amazon.in	HTTPS://WWW.AMAZON.IN/COORI-INDIA-UPHOLSTERED-LOUNGE-COLOUR/DP/B08FTL6Z9S
COORYDA	COORYDA	amazon.in	HTTPS://WWW.AMAZON.IN/COORYDA-ADJUSTABLE-ATTACHMENT-THICKENED-PROTECTION/DP/B0DS5LQP3N
COPDREL	COPDREL	amazon.in	HTTPS://WWW.AMAZON.IN/COPDREL-HIGHBALL-GLASSES-DRINKING-COCKTAILS/DP/B087B2HVL2
COPPERVEDA	COPPERVEDA	amazon.in	HTTPS://WWW.AMAZON.IN/COPPERVEDA-COPPER-WATER-BOTTLE-500ML/DP/B073G9M28B
COPPERVEDA	COPPERVEDA	amazon.in	HTTPS://WWW.AMAZON.IN/COPPERVEDA/DP/B07585QDKP
CORCAR	CORCAR	amazon.in	HTTPS://WWW.AMAZON.IN/CORCAR-MODEL-ALLOY-VEHICLES-LIGHTS/DP/B09H2S8K32
CORODE	CORODE	amazon.in	HTTPS://WWW.AMAZON.IN/PUMA-MENS-CORODE-RUNNING-SHOES/DP/B09S6NT55K
COROMOSE	COROMOSE	amazon.in	HTTPS://WWW.AMAZON.IN/COROMOSE-BICYCLE-WATERPROOF-HANDLEBAR-PANNIER/DP/B07T96MXTC
COROMOSE	COROMOSE	amazon.in	HTTPS://WWW.AMAZON.IN/COROMOSE-WATERPROOF-SURVEILLANCE-SECURITY-STANDARD/DP/B082NBMRGM
COROMOSE	COROMOSE	amazon.in	HTTPS://WWW.AMAZON.IN/COROMOSE-UNIVERSAL-WATERPROOF-WEAR-RESISTANT-SLIP-RESISTANT/DP/B07N2HMPRX
COROMOSE	COROMOSE	amazon.in	HTTPS://WWW.AMAZON.IN/COROMOSE-LIGHT-FESTIVAL-COSPLAY-COSTUME/DP/B07MJGH14S
COROMOSE	COROMOSE	amazon.in	HTTPS://WWW.AMAZON.IN/COROMOSE-MOTORCYCLE-VEHICLE-FILLING-FUNNEL/DP/B07M995GWK
CORSICADESIGNS	CORSICADESIGNS	amazon.in	HTTPS://WWW.AMAZON.IN/STORES/CORSICADESIGNS/PAGE/E32479B9-8AD3-4745-B5BC-4EC1E177378F
COSILYT	COSILYT	amazon.in	HTTPS://WWW.AMAZON.IN/COSILYT-ENTRANCE-WATERPROOF-INTERIOR-WASHABLE/DP/B0B42F8XDT
COSYEASY	COSYEASY	amazon.in	HTTPS://WWW.AMAZON.IN/COSYEASY-BRIGHTNESS-RECHARGEABLE-EMERGENCY-WORKLIGHT/DP/B09W21T7CT
COSYVIE	COSYVIE	amazon.in	HTTPS://WWW.AMAZON.IN/COSYVIE-BLACKOUT-DARKENING-PREVENTION-REMOVABLE/DP/B07FMNPFKV
COTABATY	COTABATY	amazon.in	HTTPS://WWW.AMAZON.IN/COTABATY-MATTRESS-QUILTED-TOPPER-POCKET/DP/B0CT3DB9ZP
COTAM	COTAM	amazon.in	HTTPS://WWW.AMAZON.IN/COTAM-PICTURE-DETACHABLE-DEFINITION-ENVIRONMENTAL/DP/B07YLYXDB1
COTAM	COTAM	amazon.in	HTTPS://WWW.AMAZON.IN/COTAM-PICTURE-2-PACK-DEFINITION-ENVIRONMENTAL/DP/B07YLZYB4S
COVOI	COVOI	amazon.in	HTTPS://WWW.AMAZON.IN/COVOI-CORDLESS-HANDHELD-PORTABLE-CLEANERS/DP/B08QCJ7WNS
COWASTO	COWASTO	amazon.in	HTTPS://WWW.AMAZON.IN/COWASTO-WOMENS-CASUAL-ELASTIC-SWEATER/DP/B09GZLCK2Z
COXFOX	COXFOX	amazon.in	HTTPS://WWW.AMAZON.IN/COXFOX-EYEGLASS-LEATHER-SPECTACLE-SUNGLASSES/DP/B083R9XYHT
COYZHAIVN	COYZHAIVN	amazon.in	HTTPS://WWW.AMAZON.IN/COYZHAIVN-60041-53060001-STAINLESS-REPLACEMENT/DP/B0CT8ZXDWT
COZARY	COZARY	amazon.in	HTTPS://WWW.AMAZON.IN/COZARY-MACHINE-NON-STICK-COATING-REMOVABLE/DP/B0FGJ79G9H
COZOQ	COZOQ	amazon.in	HTTPS://WWW.AMAZON.IN/COZOQ-CUSTOMIZED-JERSEY-NUMBER-UNISEX/DP/B09WLR6YLV
COZPLEN	COZPLEN	amazon.in	HTTPS://WWW.AMAZON.IN/COZPLEN-OUTDOOR-BISTRO-CUSHIONS-15-INCH/DP/B095K1BRDS
COZROOM	COZROOM	amazon.in	HTTPS://WWW.AMAZON.IN/COZROOM-FRAMELESS-LIVING-BEDROOM-DECORATION/DP/B016WFFRPY
COZYMAT	COZYMAT	amazon.in	HTTPS://WWW.AMAZON.IN/COZYMAT-SHEET-WATERPROOF-BREATHABLE-PROTECTOR/DP/B016IQR2FK
COZZMTS	COZZMTS	amazon.in	HTTPS://WWW.AMAZON.IN/COZZMTS-T-SHANK-STORAGE-BLISTER-INCLUDE/DP/B09GV62M7F
COZZYLIFE	COZZYLIFE	amazon.in	HTTPS://WWW.AMAZON.IN/COZZYLIFE-COTTON-COMFORTABLE-LIGHTWEIGHT-BLANKETS/DP/B09BNJCJ79
CQNET	CQNET	amazon.in	HTTPS://WWW.AMAZON.IN/CQNET-ANNIVERSARY-VALENTINES-GRADUATIONS-ENGAGEMENTS/DP/B087637332
CRADREAM	CRADREAM	amazon.in	HTTPS://WWW.AMAZON.IN/CRADREAM-ROBOT-INFRARED-REMOTE-CONTROL/DP/B08DCGXKR8
CRALA	CRALA	amazon.in	HTTPS://WWW.AMAZON.IN/CRALA-WOMENS-COTTON-SLEEVELESS-CAMISOLE/DP/B09H35XJNQ
CRAZYRIMCOS	CRAZYRIMCOS	amazon.in	HTTPS://WWW.AMAZON.IN/CRAZYRIMCOS-REBIRTH-COSPLAY-HALLOWEEN-COSTUME/DP/B0C2CKVCS9
CREATIBURG	CREATIBURG	amazon.in	HTTPS://WWW.AMAZON.IN/CREATIBURG-SELF-STICK-INDIVIDUALLY-WRAPPED-SUPPLIES/DP/B083QKS4W7
CREDDEAL	CREDDEAL	amazon.in	HTTPS://WWW.AMAZON.IN/CREDDEAL-SILVERTONE-SKELETON-POCKET-MECHANICAL/DP/B00B7ZA2DW
CREPROLY	CREPROLY	amazon.in	HTTPS://WWW.AMAZON.IN/CREPROLY-STAINLESS-DISPENSER-RESTAURANT-UNWRAPPED/DP/B08LKRT6DF
CRESAWIS	CRESAWIS	amazon.in	HTTPS://WWW.AMAZON.IN/CRESAWIS-FLEXIBLE-ABSORPTION-RESISTANT-PROTECTIVE/DP/B01MQQ02RP
CREYU	CREYU	amazon.in	HTTPS://WWW.AMAZON.IN/CREYU-H-001-MOTORCYCLE-CUP-HOLDER/DP/B09G6M1HNM
CREYU	CREYU	amazon.in	HTTPS://WWW.AMAZON.IN/CREYU-MOTORCYCLE-VIEW%EF%BC%8CMIRRORS-ADJUSTMENT-COMPATIBLE/DP/B09GB7YP2T
CRIZCAPE	CRIZCAPE	amazon.in	HTTPS://WWW.AMAZON.IN/CRIZCAPE-UNISEX-HALLOWEEN-COSTUME-HOODED/DP/B083PWWCK8
CRIZCAPE	CRIZCAPE	amazon.in	HTTPS://WWW.AMAZON.IN/CRIZCAPE-HALLOWEEN-COSTUMES-WITCHES-VAMPIRES/DP/B083NDV63G
CRMETA	CRMETA	amazon.in	HTTPS://WWW.AMAZON.IN/CRMETA-GAMER-BRIGHTNESS-ADJUSTABLE-GAMING/DP/B0BFDVMJHN
CROMIFY	CROMIFY	amazon.in	HTTPS://WWW.AMAZON.IN/CROMIFY-MACHINE-AUTOMATIC-DETACHABLE-INDICATOR/DP/B08XZ8BWHV
CROSFEN	CROSFEN	amazon.in	HTTPS://WWW.AMAZON.IN/CROSFEN-RF-DETECTOR-SECURITY-ANTI-SPY/DP/B07L8GLG6N
CRRD	CRRD	amazon.in	HTTPS://WWW.AMAZON.IN/CRRD-PUNCHING-INFLATABLE-FREESTANDING-CHILDREN/DP/B07S9WXFC9
CRTWDMAN	CRTWDMAN	amazon.in	HTTPS://WWW.AMAZON.IN/CRTWDMAN-240PCS-LUMINOUS-MINIATURE-FIGURES/DP/B0CYHHTM8H
CRUSIN	CRUSIN	amazon.in	HTTPS://WWW.AMAZON.IN/CRUSIN-GWYNETH-PALTROW/DP/B000051TQV
CSGTSWGS	CSGTSWGS	amazon.in	HTTPS://WWW.AMAZON.IN/CSGTSWGS-MULTIFUNCTIONAL-THERMOMETER-MAGNIFIER-FLASHLIGHT/DP/B09FJSZDR5
CTBSME	CTBSME	amazon.in	HTTPS://WWW.AMAZON.IN/PLATFORM-SUPPORT-MATTRESS-ASSEMBLY-TOOL-FREE/DP/B099ZC1WD3
CUEPLO	CUEPLO	amazon.in	HTTPS://WWW.AMAZON.IN/CUEPLO-100PCS-CRUCIBLE-ALUMINA-CRUCIBLE/DP/B0BTPCBH82
CUIHUR	CUIHUR	amazon.in	HTTPS://WWW.AMAZON.IN/CUIHUR-WOMENS-SUMMER-WAISTED-SHORTS/DP/B083Q6HZB4
CUIMEI	CUIMEI	amazon.in	HTTPS://WWW.AMAZON.IN/CUIMEI-FLEECE-NECK-WARMER-GAITER/DP/B083NF3ZSZ
CULOVITY	CULOVITY	amazon.in	HTTPS://WWW.AMAZON.IN/BRACELET-GEMSTONE-ASTRONOMY-GUARDIAN-BRACELETS/DP/B07CN7ZJ2X
CULTERMAN	CULTERMAN	amazon.in	HTTPS://WWW.AMAZON.IN/CULTERMAN-SILVERWARE-STAINLESS-DINNERWARE-DISHWASHER/DP/B07HVLT5Y6
CUN	CUN	amazon.in	HTTPS://WWW.AMAZON.IN/CUN-J/DP/1723987573
CUNSENR	CUNSENR	amazon.in	HTTPS://WWW.AMAZON.IN/CUNSENR-INCH-ICE-CREAM-SCOOP/DP/B0BWW3FNFR
CUPOJITO	CUPOJITO	amazon.in	HTTPS://WWW.AMAZON.IN/CUPOJITO-CORDUROY-SWEATSHIRT-PATCHES-PULLOVER/DP/B0D83HQ1CH
CUSKIP	CUSKIP	amazon.in	HTTPS://WWW.AMAZON.IN/CUSKIP-RIDDANCE-SKATEBOARD-LONGBOARD-SKATEBOARDS/DP/B081YNFR76
CUSLINYA	CUSLINYA	amazon.in	HTTPS://WWW.AMAZON.IN/CUSLINYA-STEAMPUNK-VICTORIAN-VINTAGE-TAILCOAT/DP/B09CPB4285
CUTEHUG	CUTEHUG	amazon.in	HTTPS://WWW.AMAZON.IN/CUTEHUG-COTTON-PRINTED-SLEEVES-T-SHIRT/DP/B0CRZ2PZ23
CUTEMELON	CUTEMELON	amazon.in	HTTPS://WWW.AMAZON.IN/BLOCKS-YELLOW-BUILDING-BRICKS-ARCHITECTURE/DP/B0B4WJM9Y4
CUTESAFETY	CUTESAFETY	amazon.in	HTTPS://WWW.AMAZON.IN/CUTESAFETY-FURNITURE-METAL-SAFETY-STRAP/DP/B0776G9ZHG
CUTESPREE	CUTESPREE	amazon.in	HTTPS://WWW.AMAZON.IN/CUTESPREE-HORIZONTAL-MULTIPLE-DEPARTMENT-8X12INCH/DP/B09GN5DZF3
CUTOOLCAR	CUTOOLCAR	amazon.in	HTTPS://WWW.AMAZON.IN/CUTOOLCAR-ENGINE-TIMING-TOOLS-GJ-005-01/DP/B0B4VYHYX4
CWKJTOP	CWKJTOP	amazon.in	HTTPS://WWW.AMAZON.IN/CWKJTOP-BARRIER-BIOLOGICAL-FILTERS-SUBMERSIBLE/DP/B095GPGYC9
CXCC	CXCC	amazon.in	HTTPS://WWW.AMAZON.IN/CXCC-WEIGHTED-SKIPPING-ADJUSTABLE-ENDURANCE/DP/B094NF696S
CXJOIGXI	CXJOIGXI	amazon.in	HTTPS://WWW.AMAZON.IN/CXJOIGXI-SUCTION-DURABILITY-BIRTHDAY-AIRPLANE/DP/B0B9GJCS37
CYANOE	CYANOE	amazon.in	HTTPS://WWW.AMAZON.IN/CYANOE-COLLAPSIBLE-DRAINAGE-FOLDABLE-SUPPORTIVE/DP/B093HDJX4J
CYBERLAND	CYBERLAND	amazon.in	HTTPS://WWW.AMAZON.IN/CYBERLAND/DP/B0766C87SQ
CYBORPON	CYBORPON	amazon.in	HTTPS://WWW.AMAZON.IN/CYBORPON-WINGED-SKULL-CHRISTMAS-REALISTIC/DP/B097BGQ27P
CYISONAL	CYISONAL	amazon.in	HTTPS://WWW.AMAZON.IN/CYISONAL-HIGHLAND-STUFFED-ANIMALS-FLUFFY/DP/B0BF93P3YX
CYMNER	CYMNER	amazon.in	HTTPS://WWW.AMAZON.IN/CYMNER-FASHIONED-TICKING-SLEEPERS-OPERATED/DP/B0BQYH4GLL
CYNLINK	CYNLINK	amazon.in	HTTPS://WWW.AMAZON.IN/ASTRONAUT-GALAXY-PROJECTOR-BEDROOM-CEILING/DP/B09KRTY86S
CYNZIA	CYNZIA	amazon.in	HTTPS://WWW.AMAZON.IN/CYNZIA-DECORATIVE-SEASHELL-WATERPROOF-OPERATED/DP/B07XNQCB8F
CYTTR	CYTTR	amazon.in	HTTPS://WWW.AMAZON.IN/CYTTR-4-33-THERMAL-TRANSFER-RIBBON/DP/B07PNL7VZF
CYWLIFE	CYWLIFE	amazon.in	HTTPS://WWW.AMAZON.IN/BLACK-CYWLIFE-CHILDREN-PONYTAIL-ELASTICS/DP/B075FQPRLC
CZDIDEXI	CZDIDEXI	amazon.in	HTTPS://WWW.AMAZON.IN/OIL-SPRAYER-COOKING-OLIVE-MISTER/DP/B0D4C56LR2
CZHO	CZHO	amazon.in	HTTPS://WWW.AMAZON.IN/CZHO-DECORATIVE-PILLOW-LEATHER-GEOMETRIC/DP/B07TVRDVZC
DAADA	DAADA	amazon.in	HTTPS://WWW.AMAZON.IN/DAADA/DP/B07CKPW7QZ
DACHUN	DACHUN	amazon.in	HTTPS://WWW.AMAZON.IN/JI-DACHUN-LI-XIANTING/DP/988972622X
DAFISKY	DAFISKY	amazon.in	HTTPS://WWW.AMAZON.IN/DAFISKY-BASKETBALL-BACKPACK-BALL-COMPARTMENT/DP/B0BYHQK7Z7
DAISYANER	DAISYANER	amazon.in	HTTPS://WWW.AMAZON.IN/DAISYANER-SHOULDER-DRESSES-WEDDING-COCKTAIL/DP/B09P1JK62C
DAKVO	DAKVO	amazon.in	HTTPS://WWW.AMAZON.IN/DAKVO-SOFA-BED-LOVE-SEAT-SLEEPER-BED-CONVERTIBLE-FURNITURE/DP/B0C1CD2B9Q
DALAOCU	DALAOCU	amazon.in	HTTPS://WWW.AMAZON.IN/DALAOCU-VAMPIRE-NECKLACE-TALISMAN-ACCESSORIES/DP/B08Z8CG9XB
DALDA	DALDA	amazon.in	HTTPS://WWW.AMAZON.IN/DALDA-VANASPATI-GHEE-1L-PACK/DP/B01IA0UNOY
DALETU	DALETU	amazon.in	HTTPS://WWW.AMAZON.IN/DALETU-TOOTHBRUSH-BIODEGRADABLE-TOOTHBRUSHES-SENSITIVE/DP/B08P79HBLD
DALEYZAY	DALEYZAY	amazon.in	HTTPS://WWW.AMAZON.IN/DALEYZAY-H7-HEADLIGHT-HEADLIGHTS-REPLACEMENT/DP/B0C6MHCVXG
DAMCONME	DAMCONME	amazon.in	HTTPS://WWW.AMAZON.IN/DAMCONME-SMOOTHIE-COCKTAIL-GLASSES-TUMBLER/DP/B0CQR2VS9M
DAMCONME	DAMCONME	amazon.in	HTTPS://WWW.AMAZON.IN/DAMCONME-DRINKING-GLASSES-TUMBLER-COCKTAIL/DP/B0CGHR5F7Y
DAMCONME	DAMCONME	amazon.in	HTTPS://WWW.AMAZON.IN/DAMCONME-TUMBLER-SMOOTHIE-COCKTAIL-WHISKEY/DP/B0DB1DZRDY
DAMNGUD	DAMNGUD	amazon.in	HTTPS://WWW.AMAZON.IN/DAMNGUD-WOMENS-REGULAR-SLEEVE-T-SHIRT/DP/B0B3TRK9LS
DAMNGUD	DAMNGUD	amazon.in	HTTPS://WWW.AMAZON.IN/DAMNGUD-CHANGING-EXPERIENCE-SENSITIVE-CHANGING/DP/B0BZD64H9Z
DANIMARCA	DANIMARCA	amazon.in	HTTPS://WWW.AMAZON.IN/DANIMARCA-GLENDA-BENDURE/DP/8870634442
DANISSE	DANISSE	amazon.in	HTTPS://WWW.AMAZON.IN/DANISSE-PORTABLE-TEMPERATURE-OUTDOOR-SHOPPING/DP/B08RHV9VQ7
DANMERS	DANMERS	amazon.in	HTTPS://WWW.AMAZON.IN/DANMERS-18-PIECE-KITCHEN-DINNERWARE-RESISTANT/DP/B08THMP4PJ
DANMITEX	DANMITEX	amazon.in	HTTPS://WWW.AMAZON.IN/DANMITEX-EURO-DOWN-FEATHER-PILLOW-INSERT-COTTON/DP/B07WJ3JT67
DAQQ	DAQQ	amazon.in	HTTPS://WWW.AMAZON.IN/DAQQ-DESIGNED-PRESENCE-INSPIRED-ENTHUSIASTS/DP/B01D8IVKE0
DARHEY	DARHEY	amazon.in	HTTPS://WWW.AMAZON.IN/DARHEY-POLYMER-CLAY-MULTICOLOUR-ACCESSORIES/DP/B0BV72L5P3
DARMOMOON	DARMOMOON	amazon.in	HTTPS://WWW.AMAZON.IN/DARMOMOON-FENGSHUI-FIGURINE-SCULPTURE-DECORATIVE/DP/B0B1M32W8H
DARTIGIANO	DARTIGIANO	amazon.in	HTTPS://WWW.AMAZON.IN/DARTIGIANO-VINTAGE-DISTRESSED-BRONZE-MEDIEVAL/DP/B09VKYQH69
DASFDMY	DASFDMY	amazon.in	HTTPS://WWW.AMAZON.IN/DASFDMY-PORTABLE-EXHAUST-ADJUSTABLE-UNIVERSAL/DP/B09SF7KXK8
DASIYOKI	DASIYOKI	amazon.in	HTTPS://WWW.AMAZON.IN/DASIYOKI-TWIRLING-SPINNING-GYMNASTICS-MAJORETTE/DP/B08RJBFYYY
DASKSHA	DASKSHA	amazon.in	HTTPS://WWW.AMAZON.IN/DASKSHA-REALISTIC-FAKE-APPLES-DECORATION/DP/B07HCPTVBH
DASKSHA	DASKSHA	amazon.in	HTTPS://WWW.AMAZON.IN/DASKSHA-DOG-LEG-BRACE-HIND/DP/B07GX8BG1H
DASUY	DASUY	amazon.in	HTTPS://WWW.AMAZON.IN/DASUY-JUMPSUIT-SHOULDER-JUMPSUITS-CLUBWEAR/DP/B082Y8WVV7
DAUERHAFT	DAUERHAFT	amazon.in	HTTPS://WWW.AMAZON.IN/DAUERHAFT-MOTHERBOARD-GAMING-MICRO-DESKTOP/DP/B0CFT9YSQT
DAVEINMIC	DAVEINMIC	amazon.in	HTTPS://WWW.AMAZON.IN/DAVEINMIC-22-PIECES-CERAMIC-FLOWERS-CREAMER/DP/B08Q427DX7
DAVEROSE	DAVEROSE	amazon.in	HTTPS://WWW.AMAZON.IN/DAVEROSE-WEARABLE-BLANKET-SWEATSHIRT-LENGTHENED/DP/B08H56TLMR
DAVIN	DAVIN	amazon.in	HTTPS://WWW.AMAZON.IN/DAVIN-DAN-GORDON/DP/0385322216
DAVOCY	DAVOCY	amazon.in	HTTPS://WWW.AMAZON.IN/DAVOCY-EYELASHES-APPLICATOR-GLUE-FREE-EYELASHES/DP/B088F332CY
DAVSOLLY	DAVSOLLY	amazon.in	HTTPS://WWW.AMAZON.IN/DAVSOLLY-COSTUME-HALLOWEEN-MILITARY-BIRTHDAY/DP/B0CJ34VZHD
DAWAN	DAWAN	amazon.in	HTTPS://WWW.AMAZON.IN/DAWAN-STORAGE-KITCHEN-CONDIMENT-PLASTIC/DP/B07NTKZJN1
DAWNRISER	DAWNRISER	amazon.in	HTTPS://WWW.AMAZON.IN/DAWN-RISER-TABLE-COMPUTER-OFFICE-SPACE-DESIGN-DAWNRISER-WALNUT/DP/B0BKTGLGST
DAWNRISER	DAWNRISER	amazon.in	HTTPS://WWW.AMAZON.IN/DAWN-RISER-UNIT-WRITING-SHELVES-ALL-OFFICE-DAWNRISER-NATURAL/DP/B0BKTF32WG
DAXVENS	DAXVENS	amazon.in	HTTPS://WWW.AMAZON.IN/DAXVENS-POCKET-ELASTIC-CHECKERED-TARTAN/DP/B08393GF4K
DAYAGO	DAYAGO	amazon.in	HTTPS://WWW.AMAZON.IN/DAYAGO-PLATFORM-HEADBOARD-CHARGING-ASSEMBLY/DP/B0CTHSVPHH
DAYMEET	DAYMEET	amazon.in	HTTPS://WWW.AMAZON.IN/DAYMEET-BACKLIGHT-LIGHTS-MONITOR-BLUETOOTH/DP/B098XYCFPF
DAYMEET	DAYMEET	amazon.in	HTTPS://WWW.AMAZON.IN/DAYMEET-TV-BACKLIGHT-LED-LIGHTS/DP/B0CD259K28
DCARSETCV	DCARSETCV	amazon.in	HTTPS://WWW.AMAZON.IN/DCARSETCV-COVERS-BUCKET-UNIVERSAL-ACCESSORIES/DP/B086J8YKF5
DCCPAA	DCCPAA	amazon.in	HTTPS://WWW.AMAZON.IN/DCCPAA-DIGGING-PLANTING-WEEDING-SEEDING/DP/B08RWH55L8
DCOLCO	DCOLCO	amazon.in	HTTPS://WWW.AMAZON.IN/DCOLCO-REBORN-BABY-DOLLS-SLEEPING/DP/B0B4FWWT4Z
DCOLCO	DCOLCO	amazon.in	HTTPS://WWW.AMAZON.IN/DCOLCO-REALISTIC-NEWBORN-BABY-DOLL/DP/B0BHY8Q7JH
DDFE	DDFE	amazon.in	HTTPS://WWW.AMAZON.IN/DDFE-ADJUSTABLE-LIFTING-SET-2-8LB-FOUR-3-3LB-WEIGHTS/DP/B083GP713G
DDUO	DDUO	amazon.in	HTTPS://WWW.AMAZON.IN/DDUO-EXTENSION-BASKETBALL-VOLLEYBALL-INFLATABLES/DP/B07Z1R96TH
DEAFCO	DEAFCO	amazon.in	HTTPS://WWW.AMAZON.IN/DEAFCO-DESIGNER-STYLISH-BEDROOM-MWC-540/DP/B09QKZ97Q2
DEAOTEK	DEAOTEK	amazon.in	HTTPS://WWW.AMAZON.IN/DEAOTEK-LITER-COLLAPSIBLE-STORAGE-CRATES/DP/B07R2N31FZ
DEARUP	DEARUP	amazon.in	HTTPS://WWW.AMAZON.IN/DEARUP-SLEEPSACK-WINTER-WEARABLE-BLANKET/DP/B08BFGCXG1
DECOBEE	DECOBEE	amazon.in	HTTPS://WWW.AMAZON.IN/DECOBEE-HOMES-STUFFED-PLUSH-SWEATER/DP/B0BN56M7J1
DECOBEE	DECOBEE	amazon.in	HTTPS://WWW.AMAZON.IN/DECOBEE-HOMES-METAL-MAINTENANCE-PLANTER/DP/B0BQZ46HFP
DECOBRITE	DECOBRITE	amazon.in	HTTPS://WWW.AMAZON.IN/PHILIPS-PLASTIC-30168-DECOBRITE-CEILING/DP/B07FN19FMM
DECODREAM	DECODREAM	amazon.in	HTTPS://WWW.AMAZON.IN/STORES/DECODREAM/HOMEPAGE/PAGE/90C93042-9CC7-4070-A36F-7A8AC60F8884
DECOHOLIC	DECOHOLIC	amazon.in	HTTPS://WWW.AMAZON.IN/STORES/DECOHOLIC/PAGE/03111360-6FAD-4AA6-83B5-A918079F2AC2
DECORELAX	DECORELAX	amazon.in	HTTPS://WWW.AMAZON.IN/DECORELAX-LIFE-TREE-RESTAURANT-ORGANIZER/DP/B0B9227F37
DECORELAX	DECORELAX	amazon.in	HTTPS://WWW.AMAZON.IN/DECORELAX-NAPKIN-HOLDER-KITCHEN-RESTAURANT/DP/B0BSG9KTRN
DECORKING	DECORKING	amazon.in	HTTPS://WWW.AMAZON.IN/STORES/DECORKING/PAGE/79E2C9F5-FE8C-4C74-A1A3-FC6E2AF4799D
DECORTINAS	DECORTINAS	amazon.in	HTTPS://WWW.AMAZON.IN/DECORTINAS-BLACKOUT-SOUNDPROOF-INSULATED-DARKENING/DP/B09GV338K4
DECORTINAS	DECORTINAS	amazon.in	HTTPS://WWW.AMAZON.IN/DECORTINAS-BLACKOUT-SOUNDPROOF-INSULATED-DARKENING/DP/B09GTZY5NG
DECOSTATUE	DECOSTATUE	amazon.in	HTTPS://WWW.AMAZON.IN/DECOSTATUE-WIDE-MOUTH-REGULAR-MOUTH-REGULAR-ACCESSORY/DP/B0BJPHVHS5
DECOVIBE	DECOVIBE	amazon.in	HTTPS://WWW.AMAZON.IN/DECOVIBE-ACACIA-DIVIDED-MAGNETIC-SWIVEL/DP/B08MQRY7SD
DECTINSIGN	DECTINSIGN	amazon.in	HTTPS://WWW.AMAZON.IN/DECTINSIGN-METAL-PHOEBE-BUFFAY-FRIEND/DP/B09LYJ5L1K
DEEDAV	DEEDAV	amazon.in	HTTPS://WWW.AMAZON.IN/DEEDAV-ELECTRIC-SCOOTER-BATTERY-APPROX/DP/B0CNDFB3TL
DEEG	DEEG	amazon.in	HTTPS://WWW.AMAZON.IN/DEEG-PALACE-ITS-ROMANCE-WONDER/DP/9383098538
DEEPES	DEEPES	amazon.in	HTTPS://WWW.AMAZON.IN/DEEPES-PHOTOGRAPHY-SPRING-DEVICE-PERSONAL/DP/B0792T5P3T
DEEPMALA	DEEPMALA	amazon.in	HTTPS://WWW.AMAZON.IN/DEEPMALA-TAPER-STAMBH-DIYAS-BLACK/DP/B09B8PJR1S
DEEPMALA	DEEPMALA	amazon.in	HTTPS://WWW.AMAZON.IN/DEEPMALA/S?K=DEEPMALA
DEEPSEAFIT	DEEPSEAFIT	amazon.in	HTTPS://WWW.AMAZON.IN/DEEPSEAFIT-SUPPLEMENT-HAND-HELD-BATTERIES-INCLUDED/DP/B09JR1FVXY
DEEVAN	DEEVAN	amazon.in	HTTPS://WWW.AMAZON.IN/DEEVAN-GHALIB-JEEVAN-BEHATAREEN-SHAYARI/DP/812160205X
DEFMATE	DEFMATE	amazon.in	HTTPS://WWW.AMAZON.IN/DEFMATE-EXTENDABLE-STANDARD-SIZE-LOOKING/DP/B08KG3DLQ1
DEFMATE	DEFMATE	amazon.in	HTTPS://WWW.AMAZON.IN/DEFMATE-WOMENS-SLING-HAND-BAG/DP/B08KBRGNT4
DEFURHOME	DEFURHOME	amazon.in	HTTPS://WWW.AMAZON.IN/DEFURHOME-RECHARGEABLE-BICYCLE-TAILLIGHTS-WATERPROOF/DP/B08BRS516D
DEHOMY	DEHOMY	amazon.in	HTTPS://WWW.AMAZON.IN/DEHOMY-COCKTAIL-FLAVORS-FASHIONED-BIRTHDAY/DP/B0BYCYNV9D
DEHOMY	DEHOMY	amazon.in	HTTPS://WWW.AMAZON.IN/DEHOMY-CLOTHES-ALUMINUM-BATHROOM-ORGANIZER/DP/B08866L7MZ
DEIAO	DEIAO	amazon.in	HTTPS://WWW.AMAZON.IN/DEIAO-3SIZE-13C-100-MYLAR-BAGS/DP/B09XXHQ18S
DEKODOTS	DEKODOTS	amazon.in	HTTPS://WWW.AMAZON.IN/DEKODOTS-SMART-SPEAKER-TABLE-STAND/DP/B07Y765R6N
DEKOKEA	DEKOKEA	amazon.in	HTTPS://WWW.AMAZON.IN/DEKOKEA-INCENSE-BURNER-DK5059/DP/B08SMDWDZQ
DEKORFIX	DEKORFIX	amazon.in	HTTPS://WWW.AMAZON.IN/DEKORFIX-PRIVACY-NON-ADHESIVE-CONTROL-ANTI-UV/DP/B07DKCVW26
DELAUV	DELAUV	amazon.in	HTTPS://WWW.AMAZON.IN/DELAUV-PORTABLE-INFANT-LOUNGER-BABY/DP/B093FGYKN4
DELBOUTREE	DELBOUTREE	amazon.in	HTTPS://WWW.AMAZON.IN/DELBOUTREE-LIGHTWEIGHT-MICROFIBER-DELBOU-TREE/DP/B01FP6IPI2
DELICLI	DELICLI	amazon.in	HTTPS://WWW.AMAZON.IN/DELICLI-REFRIGERATOR-TIMEKEEPING-ORGANIZER-CONTAINER/DP/B098442BCS
DELISOGA	DELISOGA	amazon.in	HTTPS://WWW.AMAZON.IN/DELISOGA-AESTHETIC-DURABLE-CRYSTAL-CLEAR/DP/B07GJP3PQP
DELIZON	DELIZON	amazon.in	HTTPS://WWW.AMAZON.IN/DELIZON-DOUBLE-SIDED-ACTIVITIES-CLASSROOM-EDUCATION/DP/B0BPCM9T52
DELMERA	DELMERA	amazon.in	HTTPS://WWW.AMAZON.IN/DELMERA-EMERGENCY-LIGHTWEIGHT-WATERPROOF-DRAWSTRING/DP/B07G36MNCB
DELMOAR	DELMOAR	amazon.in	HTTPS://WWW.AMAZON.IN/ADJUSTABLE-PREVENTS-ACCIDENTAL-RESISTANT-NON-EGRESS/DP/B0B818Z9MG
DENCERT	DENCERT	amazon.in	HTTPS://WWW.AMAZON.IN/DENCERT-HOLLYWOOD-MAGNIFYING-COSMETIC-TABLETOP/DP/B0DL2B7CGC
DENEN	DENEN	amazon.in	HTTPS://WWW.AMAZON.IN/DENEN-STABILIZER-WORKING-RANGE-90V-300V/DP/B071DFC3S7
DENIFERYMAKEUP	DENIFERYMAKEUP	amazon.in	HTTPS://WWW.AMAZON.IN/DENIFERYMAKEUP-CRYSTAL-ACCESSORIES-WEDDING-HEADPIECE/DP/B07PF853FR
DENKERM	DENKERM	amazon.in	HTTPS://WWW.AMAZON.IN/DENKERM-PNEUMATIC-SANDBLASTER-SANDBLASTING-ABRASIVES/DP/B08QS7S3B2
DENLYDOM	DENLYDOM	amazon.in	HTTPS://WWW.AMAZON.IN/DENLYDOM-HAMSTRING-EXERCISE-ASSISTED-ADJUSTABLE/DP/B09DBGGTP2
DEOU	DEOU	amazon.in	HTTPS://WWW.AMAZON.IN/DEOU-LANGKHUI-RITA-CHOUDHURY/DP/8192006123
DEPDREAM	DEPDREAM	amazon.in	HTTPS://WWW.AMAZON.IN/DEPDREAM-COWGIRL-CHUNLY-POINTY-WESTERN/DP/B08KJ7BZ2T
DEPETS	DEPETS	amazon.in	HTTPS://WWW.AMAZON.IN/DEPETS-CLEANING-SLICKER-GROOMING-SHEDDING/DP/B08FJ655HL
DEPHNES	DEPHNES	amazon.in	HTTPS://WWW.AMAZON.IN/DEPHNES-SWIMMING-TRAINING-FLIPPERS-EQUIPMENT/DP/B094NW4DVR
DEQIANG	DEQIANG	amazon.in	HTTPS://WWW.AMAZON.IN/DEQIANG-WOMENS-SLEEVE-SHIRTS-T-SHIRT/DP/B08GNJB142
DEQIS	DEQIS	amazon.in	HTTPS://WWW.AMAZON.IN/DEQIS-TRAINING-MAGNETIC-PORTABLE-REMOVABLE/DP/B0CFXP7P9W
DERGUAM	DERGUAM	amazon.in	HTTPS://WWW.AMAZON.IN/DERGUAM-ONE-BUTTON-AUTOMATIC-CONVENIENT-ACCESSORIES/DP/B0CCHQ6NBN
DERKSIC	DERKSIC	amazon.in	HTTPS://WWW.AMAZON.IN/DERKSIC-5701155-NI5/DP/B08GPP9NML
DERMISHINE	DERMISHINE	amazon.in	HTTPS://WWW.AMAZON.IN/DERMASMOOTHE-REJUVENATION-COLLAGEN-WRINKLES-SCARRING/DP/B079GSBBH7
DERTHWER	DERTHWER	amazon.in	HTTPS://WWW.AMAZON.IN/DERTHWER-HEART-SHAPED-EUROPEAN-DECORATION-COMBINATION/DP/B082J8P1Y4
DESAMVAP	DESAMVAP	amazon.in	HTTPS://WWW.AMAZON.IN/DESAMVAP-CORRECTOR-ADJUSTABLE-BREATHABLE-STRAIGHTENER/DP/B093LHCYFD
DESIGNIUM	DESIGNIUM	amazon.in	HTTPS://WWW.AMAZON.IN/DESIGNIUM-HANDMADE-CHARCUTERIE-CHOPPING-VEGETABLE/DP/B09V85LSHM
DETUCK	DETUCK	amazon.in	HTTPS://WWW.AMAZON.IN/DETUCK-FLUORESCENT-WATERPROOF-NAVIGATION-BACKPACKING/DP/B07VYKZMVT
DEVENTORZ	DEVENTORZ	amazon.in	HTTPS://WWW.AMAZON.IN/DEVENTORZ-HANDHELD-FROTHER-ELECTRIC-BATTERY/DP/B09PFTMZ8V
DEVRNEZ	DEVRNEZ	amazon.in	HTTPS://WWW.AMAZON.IN/DEVRNEZ-ROTATING-STARLIGHT-PROJECTOR-ROMANTIC/DP/B09CDGRZ4S
DEVSON	DEVSON	amazon.in	HTTPS://WWW.AMAZON.IN/DEVSON-SEWING-MACHINE/DP/B0763P27F6
DEVSON	DEVSON	amazon.in	HTTPS://WWW.AMAZON.IN/DEVODASE-CAPSULE-STOMACH-PROBLEMS-DEVSON/DP/B0B6PJZMY1
DEWORD	DEWORD	amazon.in	HTTPS://WWW.AMAZON.IN/DEWORD-ANUBHAV-TULASI/DP/8193850513
DEZHXHE	DEZHXHE	amazon.in	HTTPS://WWW.AMAZON.IN/INCUBATOR-HATCHING-AUTOMATIC-INCUBATORS-CHICKEN/DP/B0CMYK9QXZ
DFGH	DFGH	amazon.in	HTTPS://WWW.AMAZON.IN/DFGH-SENSORY-SPECIAL-SILICONE-NOVELTY/DP/B09QKYGGCK
DFUGUO	DFUGUO	amazon.in	HTTPS://WWW.AMAZON.IN/REPLACEMENT-REPLACEMENT-DFUGUO-BLENDERS-ORIGINAL/DP/B08XNWP67M
DGG	DGG	amazon.in	HTTPS://WWW.AMAZON.IN/DGG-GAMING-KEYBOARD-MECHANICAL-COMPUTER/DP/B09ZP3KHRD
DGHVIN	DGHVIN	amazon.in	HTTPS://WWW.AMAZON.IN/HEAD-SHAVER-BALD-MEN-FASTER-CHARGING/DP/B0B3T73Z8Q
DGHVIN	DGHVIN	amazon.in	HTTPS://WWW.AMAZON.IN/MENS-ELECTRIC-HEAD-SHAVER-BALD/DP/B0948KYC58
DGJM	DGJM	amazon.in	HTTPS://WWW.AMAZON.IN/ADHESIVE-HANGING-PLASTIC-RETAIL-DISPLAY/DP/B09B3BG8TQ
DGPCT	DGPCT	amazon.in	HTTPS://WWW.AMAZON.IN/DGPCT-ACCESSORY-CONTROLLER-UNOBSTRUCTED-ATTACHMENT/DP/B0CNP3TNT3
DGRENA	DGRENA	amazon.in	HTTPS://WWW.AMAZON.IN/DGRENA-LUMINOUS-ROTATING-BIRTHDAY-SPIRITED/DP/B0863TFF12
DHEER	DHEER	amazon.in	HTTPS://WWW.AMAZON.IN/DHEER-SAMEERE-GOVIND-MISHRA/DP/9388434900?S=BAZAAR
DHELINK	DHELINK	amazon.in	HTTPS://WWW.AMAZON.IN/OUTDOOR-WATERPROOF-POWERED-LIGHTING-PATHWAY/DP/B08D2Z1LW5
DHERJU	DHERJU	amazon.in	HTTPS://WWW.AMAZON.IN/DHERJU-SMART-MOTORIZED-CURTAIN-ROD/DP/B09T9TVPV6
DHFD	DHFD	amazon.in	HTTPS://WWW.AMAZON.IN/GENERIC-DHFD-CCTV/DP/B08GZGJWJP
DHRUVPRO	DHRUVPRO	amazon.in	HTTPS://WWW.AMAZON.IN/STORES/DHRUVPRO/HOMEPAGE/PAGE/81188E3D-FF5B-4E2D-B967-F8C276497B45
DHSBTLS	DHSBTLS	amazon.in	HTTPS://WWW.AMAZON.IN/DHSBTLS-CAPSULES-BORDEAUX-BEVERAGE-SPARKLING/DP/B0C27SS7TZ
DIATEKLITY	DIATEKLITY	amazon.in	HTTPS://WWW.AMAZON.IN/RETRACTABLE-BADGE-HOLDER-CARABINER-BLACK/DP/B07Z3L4MMB
DIBU	DIBU	amazon.in	HTTPS://WWW.AMAZON.IN/DIBU-BB4450-PARENT-SKU-SNEAKERS/DP/B06XVTB7J7
DICTAMNI	DICTAMNI	amazon.in	HTTPS://WWW.AMAZON.IN/DICTAMNI-HEMORELIEF-HEMORRHOIDS-INTERNAL-EXTERNAL/DP/B084LG7SH6
DIDIEYES	DIDIEYES	amazon.in	HTTPS://WWW.AMAZON.IN/DIDIEYES-BRIGHT-SWITCHBACK-RESISTOR-COMPATIBLE/DP/B07FQH9R3J
DIDIJIN	DIDIJIN	amazon.in	HTTPS://WWW.AMAZON.IN/DIDIJIN-KARBO-CODING-PROGRAMMING-SCREEN/DP/B09SZ4DKYG
DIDIMO	DIDIMO	amazon.in	HTTPS://WWW.AMAZON.IN/DIDIMO-MACHINE-AUTOMATIC-DIGITAL-CONTROL/DP/B0BKVXCHZQ
DIDITIME	DIDITIME	amazon.in	HTTPS://WWW.AMAZON.IN/DIDITIME-MILITARY-TACTICAL-TEMPERATURE-ALTIMETER/DP/B0CBMBK91X
DIDNDID	DIDNDID	amazon.in	HTTPS://WWW.AMAZON.IN/DIDNDID-DISPENSING-CUPCAKE-DISPENSER-DISHWASHER/DP/B0BFGWJX3J
DIERTUDMY	DIERTUDMY	amazon.in	HTTPS://WWW.AMAZON.IN/DIERTUDMY-REPLACEMENT-COMPLETE-PHILIPS-SHAVERS/DP/B0CH4WFL89
DIGGTEK	DIGGTEK	amazon.in	HTTPS://WWW.AMAZON.IN/FASCIITIS-DIGGTEK-ORTHOTIC-ADJUSTABLE-TENDONITIS/DP/B083FBWN74
DIILAAR	DIILAAR	amazon.in	HTTPS://WWW.AMAZON.IN/DIILAAR-ADJUSTABLE-STRETCHING-LIGHTWEIGHT-DESIGN%EF%BC%88BLACK%EF%BC%89/DP/B0BJQMBQCN
DIIQII	DIIQII	amazon.in	HTTPS://WWW.AMAZON.IN/DIIQII-AIRBRUSH-DECORATING-CUPCAKES-DESSERTS/DP/B08TMDT1DG
DIKEIUTA	DIKEIUTA	amazon.in	HTTPS://WWW.AMAZON.IN/DIKEIUTA-INTERACTIVE-DOG%EF%BC%8CTHICKEN-DURABLE-NATURAL/DP/B09M9VT8WK
DIKETIGEEY	DIKETIGEEY	amazon.in	HTTPS://WWW.AMAZON.IN/DIKETIGEEY-HANDHELD-MULTIPLE-SIMULATORS-PORTABLE/DP/B0BPR4FNXB
DILOBIO	DILOBIO	amazon.in	HTTPS://WWW.AMAZON.IN/DILOBIO-BAMBOO-BEADING-JEWELRY-BRACELET/DP/B0BXKF83MD
DILOKEKE	DILOKEKE	amazon.in	HTTPS://WWW.AMAZON.IN/DILOKEKE-DILOKEKE1012-BANANA-CLEANER-MACHINE/DP/B0BN64GZ6F
DIMROM	DIMROM	amazon.in	HTTPS://WWW.AMAZON.IN/DIMROM-10-FINGER-HANDS/DP/B092VZFFL6
DINANA	DINANA	amazon.in	HTTPS://WWW.AMAZON.IN/DINANA-COMMERCIAL-PROFESSIONAL-ALIGNMENT-INFLATABLE/DP/B0B3RD6TF4
DINTNCCM	DINTNCCM	amazon.in	HTTPS://WWW.AMAZON.IN/WIRELESS-CHARGER-DINTNCCM-CHARGING-FOLDABLE/DP/B0BJ6T2CL9
DIOLLO	DIOLLO	amazon.in	HTTPS://WWW.AMAZON.IN/DIOLLO-TOURBILLON-MECHANICAL-MOVEMENT-AUTOMATIC/DP/B084M7R9XX
DIOTUSS	DIOTUSS	amazon.in	HTTPS://WWW.AMAZON.IN/DIOTUSS-STRENGTH-DIGITAL-PROGRESS-STRENGTHENER/DP/B0DKS9QJC5
DISCIPBUSH	DISCIPBUSH	amazon.in	HTTPS://WWW.AMAZON.IN/DISCIPBUSH-PARACHUTE-TRENDY-STREETWEAR-POCKETS/DP/B0C9JBN8P7
DISIAO	DISIAO	amazon.in	HTTPS://WWW.AMAZON.IN/DISIAO-MERMAIDS-COSTUME-CHRISTMAS-COSPLAY/DP/B083PVV7FN
DIVESAIL	DIVESAIL	amazon.in	HTTPS://WWW.AMAZON.IN/DIVESAIL-WETSUIT-NEOPRENE-SWIMMING-KAYAKING/DP/B099QTXSGN
DIVYAMANTRA	DIVYAMANTRA	amazon.in	HTTPS://WWW.AMAZON.IN/STORES/DIVYAMANTRA/PAGE/CA4FFD03-75D4-4DAA-9B7A-41723D5B3042
DIYGODY	DIYGODY	amazon.in	HTTPS://WWW.AMAZON.IN/DIYGODY-PROTECTOR-CHARGER-PROTECTORS-MAX-BEIGE/DP/B0BTHRQXS9
DIYURFEELING	DIYURFEELING	amazon.in	HTTPS://WWW.AMAZON.IN/DIYURFEELING-TY9063-ROCK-A-STACK/DP/B07FF346WL
DIYURFEELING	DIYURFEELING	amazon.in	HTTPS://WWW.AMAZON.IN/DIYURFEELING-SF8808-10-INTERACTIVE-TODDLERS-EDUCATION/DP/B07FDDZHSQ
DJAER	DJAER	amazon.in	HTTPS://WWW.AMAZON.IN/DJAER-BACKPACK-COCKATIEL-STANDING-PARAKEET/DP/B0CLDKFM8Y
DKIIGAME	DKIIGAME	amazon.in	HTTPS://WWW.AMAZON.IN/DKIIGAME-DURABLE-UNIVERSAL-TRUCKS-STANDARD/DP/B0CQJNM27F
DLLJ	DLLJ	amazon.in	HTTPS://WWW.AMAZON.IN/DLLJ-ALUMINUM-PLATFORM-ANTI-SLIP-LIGHTWEIGHT/DP/B07S1B3CZH
DMTSE	DMTSE	amazon.in	HTTPS://WWW.AMAZON.IN/DMTSE-CHINESE-FIGURINES-SCULPTURE-COLLECTIBLES/DP/B08QVGVZY1
DNINE	DNINE	amazon.in	HTTPS://WWW.AMAZON.IN/DNINE-CANNON-1-CRICKET-SHOES-WHITE/DP/B0CJRTMBDM
DNJKSA	DNJKSA	amazon.in	HTTPS://WWW.AMAZON.IN/DNJKSA-LANDSCAPE-PAINTING-PICTURES-50X70CMX3PCS-NO/DP/B083R9GDKF
DNWRZBF	DNWRZBF	amazon.in	HTTPS://WWW.AMAZON.IN/DNWRZBF-COMPATIBLE-PROTECTOR-KICKSTAND-ALUMINUM/DP/B0CTWX16ZV
DOALBUN	DOALBUN	amazon.in	HTTPS://WWW.AMAZON.IN/OUTDOOR-CAMPING-PORTABLE-BURNING-ICE-FISHING/DP/B09MJ7W1G3
DOCIUEON	DOCIUEON	amazon.in	HTTPS://WWW.AMAZON.IN/DOCIUEON-OUTDOOR-FARMHOUSE-GOOSENECK-ENTRYWAY/DP/B0B1V94ZRF
DOCNACHT	DOCNACHT	amazon.in	HTTPS://WWW.AMAZON.IN/DOCNACHT-STAINLESS-BATHROOM-HARDWARE-ACCESSORIES/DP/B089Y5L4FJ
DOFIRA	DOFIRA	amazon.in	HTTPS://WWW.AMAZON.IN/DOFIRA-DECORATIVE-CHARCUTERIE-CHRISTMAS-BIRTHDAY/DP/B09YNMJBM4
DOGVINGPK	DOGVINGPK	amazon.in	HTTPS://WWW.AMAZON.IN/DOGVINGPK-ABSORBENT-MICROFIBER-DRYING-EMBROIDERED/DP/B09GS93J5S
DOHEEM	DOHEEM	amazon.in	HTTPS://WWW.AMAZON.IN/DOHEEM-WALL-MIRROR-BATHROOM-HORIZONTAL/DP/B09495LZB6
DOILYKOREA	DOILYKOREA	amazon.in	HTTPS://WWW.AMAZON.IN/DOILYKOREA-PREMIUM-DOILIES-NON-DUST-SIMPLE/DP/B07SQ7Y8TG
DOLAK	DOLAK	amazon.in	HTTPS://WWW.AMAZON.IN/DOLAK/S?K=DOLAK
DOLBLOCK	DOLBLOCK	amazon.in	HTTPS://WWW.AMAZON.IN/DOLBLOCK-ARCHITECTURE-BUILDING-BLOCKS-ADULTS/DP/B09TNC857N
DOLGIX	DOLGIX	amazon.in	HTTPS://WWW.AMAZON.IN/DOLGIX-3200MHZ-LAPTOP-SODIMM-MEMORY/DP/B08VN6W6SB
DOLGIX	DOLGIX	amazon.in	HTTPS://WWW.AMAZON.IN/DOLGIX-GB-DDR4-MEMORY-DESKTOPS/DP/B019FC2CD6
DOLPKING	DOLPKING	amazon.in	HTTPS://WWW.AMAZON.IN/DOLPKING-KEYBOARD-GENERATION-MULTI-TOUCH-CANTILEVER/DP/B0DX6VGFWV
DOMARY	DOMARY	amazon.in	HTTPS://WWW.AMAZON.IN/DOMARY-JIGGLER-SHAKER-ONLINE-MEETINGS/DP/B0DMFR3VR4
DOMELAS	DOMELAS	amazon.in	HTTPS://WWW.AMAZON.IN/DOMELAS-RESISTANCE-MOBILITY-POWERLIFTING-STRETCHING/DP/B083PVPXNQ
DOMEZO	DOMEZO	amazon.in	HTTPS://WWW.AMAZON.IN/DOMEZO-WATERING-REVITALISOR-FRESHNER-HUMIDIFIER/DP/B07HW1KD3N
DONGA	DONGA	amazon.in	HTTPS://WWW.AMAZON.IN/STAINLESS-STEEL-DONGA-810ML-PIECE/DP/B015BCRPTK
DONSAJI	DONSAJI	amazon.in	HTTPS://WWW.AMAZON.IN/DONSAJI-CHRISTMAS-FLAMELESS-CANDLES-LIGHTS/DP/B0CFKWHRLM
DONYU	DONYU	amazon.in	HTTPS://WWW.AMAZON.IN/DONYU-DRINKING-TUMBLERS-GLASSWARE-BEVERAGES/DP/B0B25N2SYF
DOOHALO	DOOHALO	amazon.in	HTTPS://WWW.AMAZON.IN/DOOHALO-SWIMMING-TODDLER-CHILDREN-SUITABLE/DP/B08GH2LNXQ
DOOMI	DOOMI	amazon.in	HTTPS://WWW.AMAZON.IN/DOOMI-LEATHERS-LEATHER-STYLISH-BRANDED/DP/B0B2P3JXBB
DOOREASY	DOOREASY	amazon.in	HTTPS://WWW.AMAZON.IN/DOOREASY-MAGNETIC-ROLLS-NYLON-MADE-HEAVY-ACCESSORY/DP/B01KUIEMP0
DOPAKE	DOPAKE	amazon.in	HTTPS://WWW.AMAZON.IN/DOPAKE-GRINDER-GUNNICKEL-MATERIAL-SCRAPER/DP/B089T4TXVR
DOPMEP	DOPMEP	amazon.in	HTTPS://WWW.AMAZON.IN/DOPMEP-RC-01-RICE-WASHING-BOWL/DP/B0BS6ZGG95
DORAFO	DORAFO	amazon.in	HTTPS://WWW.AMAZON.IN/DORAFO-BRACELETS-MATCHING-DAUGHTER-GRANDMOTHER/DP/B086C6NDR7
DOREMIHOME	DOREMIHOME	amazon.in	HTTPS://WWW.AMAZON.IN/DOREMIHOME-PLACEMAT-PLACEMATS-WASHABLE-MATERIAL/DP/B08G879TL4
DORMIR	DORMIR	amazon.in	HTTPS://WWW.AMAZON.IN/DORMIR-SLEEP-BUENOS-HABITOS-HABITS/DP/8498250714
DOSHENG	DOSHENG	amazon.in	HTTPS://WWW.AMAZON.IN/CREATIVE-EXPLOSION-SCRAPBOOK-ANNIVERSARY-VALENTINE/DP/B07P82M6C2
DOSURBAN	DOSURBAN	amazon.in	HTTPS://WWW.AMAZON.IN/DOSURBAN-INFLATABLE-ADJUSTABLE-SNORKELING-SWIMMING/DP/B092D2ZCCS
DOTERNITY	DOTERNITY	amazon.in	HTTPS://WWW.AMAZON.IN/TORTILLA-WARMER-COMBINATION-CONTAINER-MICROWAVE/DP/B0756C62QG
DOUBLEFLY	DOUBLEFLY	amazon.in	HTTPS://WWW.AMAZON.IN/LAPTOP-ADJUSTABLE-PORTABLE-WORKSTATION-REMOVABLE/DP/B07PFB7ZR9
DOUBLESMT	DOUBLESMT	amazon.in	HTTPS://WWW.AMAZON.IN/DOUBLESMT-SUITCASE-LUGGAGE-WASHERS-WRENCHES/DP/B083NRH3N9
DOUBLESMT	DOUBLESMT	amazon.in	HTTPS://WWW.AMAZON.IN/DOUBLESMT-PORTABLE-INFLATOR-EXTENSION-SKATEBOARD/DP/B07W74DPPT
DOUGEZ	DOUGEZ	amazon.in	HTTPS://WWW.AMAZON.IN/DOUGEZ-EXTRA-STRONG-CHEWING-POINTED/DP/B08GQ3HLTG
DOUKOU	DOUKOU	amazon.in	HTTPS://WWW.AMAZON.IN/DOUKOU-VINTAGE-LEATHER-GOLD-TONE-QDK7-GREY/DP/B0CBC42C66
DOULLA	DOULLA	amazon.in	HTTPS://WWW.AMAZON.IN/DOULLA-CORDLESS-JUMP-ROPE/DP/B08Z3S98HS
DOUNGURI	DOUNGURI	amazon.in	HTTPS://WWW.AMAZON.IN/DOUNGURI-BAMBOO-TUMBLER-STRAINER-INFUSER/DP/B07ZSK67MV
DOUYUYU	DOUYUYU	amazon.in	HTTPS://WWW.AMAZON.IN/CERVICAL-CYLINDER-REMOVABLE-WASHABLE-15CMX60CM/DP/B08DG52FGG
DOVODA	DOVODA	amazon.in	HTTPS://WWW.AMAZON.IN/DOVODA-CLASSIC-TWO-HANDS-WATERPROOF-LEATHER/DP/B01B94K032
DOWSWIN	DOWSWIN	amazon.in	HTTPS://WWW.AMAZON.IN/DOWSWIN-COVER-STAND-ROTATING-HANDHELD-PROTECTOR/DP/B018VIASQS
DOXRMURU	DOXRMURU	amazon.in	HTTPS://WWW.AMAZON.IN/DOXRMURU-COWGIRL-COSTUME-HALLOWEEN-WESTERN-COWGIRL/DP/B0BD631R6M
DQQH	DQQH	amazon.in	HTTPS://WWW.AMAZON.IN/DQQH-CUSTOMIZED-PERSONALIZED-SIGNATURE-PRINT-A1932/DP/B07MTYZTMS
DQQH	DQQH	amazon.in	HTTPS://WWW.AMAZON.IN/MACBOOK-DQQH-RUBBERIZED-KEYBOARD-ID-BLACK/DP/B07RLPQ8H1
DQQH	DQQH	amazon.in	HTTPS://WWW.AMAZON.IN/CUSTOMIZED-DQQH-PERSONALIZED-SIGNATURE-EXCLUSIVE/DP/B07H33FNHR
DRAINSOON	DRAINSOON	amazon.in	HTTPS://WWW.AMAZON.IN/DRAINSOON-REMOVER-PLUMPING-DISPOSABLE-BATHROOM/DP/B09GK99MQ4
DRAPEXPERT	DRAPEXPERT	amazon.in	HTTPS://WWW.AMAZON.IN/DRAPEXPERT-100-BLACKOUT-CURTAIN-PANELS/DP/B09P1DBTYY
DREAMQI	DREAMQI	amazon.in	HTTPS://WWW.AMAZON.IN/DREAMQI-TRI-FOLD-MATTRESS-REMOVABLE-LIGHTWEIGHT/DP/B09BC6PTPD
DREAMSOAR	DREAMSOAR	amazon.in	HTTPS://WWW.AMAZON.IN/DREAMSOAR-V-NECK-BABYDOLL-CHEMISES-LINGERIE/DP/B079KFWMP5
DRIAC	DRIAC	amazon.in	HTTPS://WWW.AMAZON.IN/DRIAC-PORTABLE-RECHARGEABLE-INTELLIGENT-TRAVELING/DP/B0D3Q2Y8H2
DRIBET	DRIBET	amazon.in	HTTPS://WWW.AMAZON.IN/DRIBET-PORTABLE-CHANGING-DETACHABLE-WATERPROOF/DP/B09294NWMG
DROGRACE	DROGRACE	amazon.in	HTTPS://WWW.AMAZON.IN/DROGRACE-WATERPROOF-CAMCORDER-BIRTHDAY-ACCESSORIES/DP/B073QNVQK5
DRPET	DRPET	amazon.in	HTTPS://WWW.AMAZON.IN/DRPET-PROFESSIONAL-CUDDLING-INTERACTION-SQUEAKY/DP/B08247KT9Z
DRPORONYN	DRPORONYN	amazon.in	HTTPS://WWW.AMAZON.IN/DRPORONYN-MONOGRAM-BEVERAGE-STOPPERS-DECORATIVE/DP/B08S6WFQGZ
DRTONK	DRTONK	amazon.in	HTTPS://WWW.AMAZON.IN/DRTONK-ENCLOSURE-ALUMINUM-COMPATIBLE-3-5-INCH/DP/B0CWGN8DYJ
DSDZKJ	DSDZKJ	amazon.in	HTTPS://WWW.AMAZON.IN/CROSSCUT-SAW-ONE-USED-LOGGING/DP/B09TZTR7C3
DSTHISAR	DSTHISAR	amazon.in	HTTPS://WWW.AMAZON.IN/DSTHISAR-STAINLESS-HAMBURGER-NON-STICK-GRILLING/DP/B09NH3KKBC
DSWEFGY	DSWEFGY	amazon.in	HTTPS://WWW.AMAZON.IN/DSWEFGY-SUMMER-SHORTS-BREATHABLE-POCKETS/DP/B09XDV1V1S
DUDHOIK	DUDHOIK	amazon.in	HTTPS://WWW.AMAZON.IN/LIFEPO4-BATTERY-CHARGER-LITHIUM-COOLING/DP/B09YYQPGVX
DUDHOIK	DUDHOIK	amazon.in	HTTPS://WWW.AMAZON.IN/LIFEPO4-ALLIGATOR-MULTIPLE-PROTECTION-FUNCTIONS/DP/B09YYQRTDC
DUDIFFY	DUDIFFY	amazon.in	HTTPS://WWW.AMAZON.IN/CONDITIONERS-DUDIFFY-CONDITIONER-EVAPORATIVE-CONTROLLER/DP/B0CRHDZ2RW
DUEO	DUEO	amazon.in	HTTPS://WWW.AMAZON.IN/DUEO/S?K=DUEO
DUEO	DUEO	amazon.in	HTTPS://WWW.AMAZON.IN/AMEZING-DUEO-T-R-MAHALINGAM/DP/B00L7RP136
DUGPIT	DUGPIT	amazon.in	HTTPS://WWW.AMAZON.IN/DUGPIT-6PACK-6FT-SPANDEX-TABLECLOTH-BLACK/DP/B0CPPSVD5D
DUHEL	DUHEL	amazon.in	HTTPS://WWW.AMAZON.IN/DUHEL-COFFEE-WARMER-SETTINGS-BROWN/DP/B0BFR5SFHS
DUHEL	DUHEL	amazon.in	HTTPS://WWW.AMAZON.IN/DUHEL-ESSENTIAL-DIFFUSERS-AROMATHERAPY-INTELLIGENT/DP/B0BVB4G873
DUHKP	DUHKP	amazon.in	HTTPS://WWW.AMAZON.IN/DUHKP-NEARSIGHTED-DISTANCE-EYESTRAIN-EYEGLASSES/DP/B094W6LK2D
DUKETEA	DUKETEA	amazon.in	HTTPS://WWW.AMAZON.IN/DUKETEA-HALLOWEEN-COSTUME-COSPLAY-MASQUERADE/DP/B083P7BZQ1
DUKYA	DUKYA	amazon.in	HTTPS://WWW.AMAZON.IN/DUKYA-ESSENTIAL-ULTRASONIC-AROMATHERAPY-HUMIDIFIER/DP/B09D7LRF5L
DUKYMIK	DUKYMIK	amazon.in	HTTPS://WWW.AMAZON.IN/DUKYMIK-DECORATIVE-PILLOW-COVERS-CUSHION/DP/B0B2WPT9X5
DUKYMIK	DUKYMIK	amazon.in	HTTPS://WWW.AMAZON.IN/DUKYMIK-FARMHOUSE-ACCENT-DECORATIVE-PILLOW/DP/B0B8NVTN4N
DULI	DULI	amazon.in	HTTPS://WWW.AMAZON.IN/STORES/DULI/PAGE/A2305B2D-5068-45BD-8C29-A9B2052DD4D4
DUNKGO	DUNKGO	amazon.in	HTTPS://WWW.AMAZON.IN/DUNKGO-PICKLEBALLS-OUTDOOR-INDOOR/DP/B08FL84ZTB
DUOAMARE	DUOAMARE	amazon.in	HTTPS://WWW.AMAZON.IN/DUOAMARE-SILENT-BASKETBALL-DRIBBLING-INDOOR/DP/B0CPDLRCK6
DUOAMARE	DUOAMARE	amazon.in	HTTPS://WWW.AMAZON.IN/DUOAMARE-FINGERLESS-LIGHTWEIGHT-STRETCHY-MULTICOLOR/DP/B0BL3ZHR6D
DUOLEIMI	DUOLEIMI	amazon.in	HTTPS://WWW.AMAZON.IN/DUOLEIMI-LANTERNS-LIGHTS-DECORATIVE-DISPOSABLE/DP/B0B3VN7J7R
DUOMY	DUOMY	amazon.in	HTTPS://WWW.AMAZON.IN/DUOMY-CARROT-HARVEST-ORCHARD-GAME/DP/B0B143JPXW
DUPADSTORY	DUPADSTORY	amazon.in	HTTPS://WWW.AMAZON.IN/DUPADSTORY-WIRELESS-KEYBOARD-RECHARGEABLE-RASPBERRY/DP/B07GPPRYD9
DUPUCI	DUPUCI	amazon.in	HTTPS://WWW.AMAZON.IN/DUPUCI-STUFFED-EDUCATIONAL-PLUSHIE-BEDTIME/DP/B0CG95Q7RN
DUPUCI	DUPUCI	amazon.in	HTTPS://WWW.AMAZON.IN/DUPUCI-CARTOON-SCOCCER-SOCCER-JERSEY/DP/B0CHDSKYRR
DURIOR	DURIOR	amazon.in	HTTPS://WWW.AMAZON.IN/DURIOR/S?K=DURIOR
DUSVALLY	DUSVALLY	amazon.in	HTTPS://WWW.AMAZON.IN/DUSVALLY-CERAMIC-COFFEE-TRAVEL-PORCELAIN/DP/B0922JGFTT
DUTERID	DUTERID	amazon.in	HTTPS://WWW.AMAZON.IN/TRANSLATOR-TRANSLATION-FUNCTION-INTERPRETER-TRAVELING/DP/B082FW5RWK
DVARN	DVARN	amazon.in	HTTPS://WWW.AMAZON.IN/DVARN-BACKPACK-WATERPROOF-CHARGING-COLLEGE/DP/B0BM46SM44
DVISUV	DVISUV	amazon.in	HTTPS://WWW.AMAZON.IN/DVISUV-7INCH-SLIM-LED-LIGHT/DP/B08X6JHWCD
DXBVIEX	DXBVIEX	amazon.in	HTTPS://WWW.AMAZON.IN/DXBVIEX-JAPANESE-OMELETTE-RECTANGLE-TAMAGOYAKI/DP/B09TWJRJ22
DXPIIOY	DXPIIOY	amazon.in	HTTPS://WWW.AMAZON.IN/DXPIIOY-FIBERGLASS-CHOPSTICKS-LIGHTWEIGHT-INCHES-BLACK/DP/B0B4BP9NZ5
DYSETCS	DYSETCS	amazon.in	HTTPS://WWW.AMAZON.IN/DYSETCS-OBELISK-TRELLIS-GARDENING-CLIMBING/DP/B09NQYDMCL
DYTECUE	DYTECUE	amazon.in	HTTPS://WWW.AMAZON.IN/DYTECUE-PORTABLE-CONDITIONER-REFRIGERATING-RECHARGEABLE/DP/B0BVVYLY3R
DYTECUE	DYTECUE	amazon.in	HTTPS://WWW.AMAZON.IN/DYTECUE-CONDITIONER-REFRIGERATING-RECHARGEABLE-BLADELESS/DP/B09PYCHN91
DYVIO	DYVIO	amazon.in	HTTPS://WWW.AMAZON.IN/GARMENT-STEAMER-MULTIFUNCTIONAL-CONTINUOUS-OPTIONAL/DP/B09KH111RF
DZANKEN	DZANKEN	amazon.in	HTTPS://WWW.AMAZON.IN/DZANKEN-PARALLETTES-ANTI-SLIP-HANDSTAND-CALISTHENICS/DP/B0CDZZQJNB
DZH	DZH	amazon.in	HTTPS://WWW.AMAZON.IN/DZH-DIGITAL-SILICONE-RESISTANT-6870/DP/B0FKPWWSHT
DZTRELFK	DZTRELFK	amazon.in	HTTPS://WWW.AMAZON.IN/DZTRELFK-SGHT-BN-1993-HAPPY-BIRTHDAY-BANNER/DP/B0BNBHYS92
EAAGLO	EAAGLO	amazon.in	HTTPS://WWW.AMAZON.IN/EAAGLO-COOLING-MULTIPURPOSE-EVAPORATIVE-WORKOUT/DP/B076BXRW89
EAAGLO	EAAGLO	amazon.in	HTTPS://WWW.AMAZON.IN/VILLAGE-HOMEWARE-CANDLES-TEALIGHTS-WRAPPED/DP/B07NVGVQDF
EAAGLO	EAAGLO	amazon.in	HTTPS://WWW.AMAZON.IN/CRYSTAL-PAINLESS-EXFOLIATION-WASHABLE-EPILATOR/DP/B0B2K7TG2M
EACONN	EACONN	amazon.in	HTTPS://WWW.AMAZON.IN/EACONN-TELESCOPES-TELESCOPE-BEGINNERS-REFRACTOR/DP/B0F98Z41F2
EAFCAR	EAFCAR	amazon.in	HTTPS://WWW.AMAZON.IN/EAFCAR-INTELLIGENT-TEMPERATURE-COMPENSATION-MAINTENANCE/DP/B0D2ZDQ4FB
EAIVEN	EAIVEN	amazon.in	HTTPS://WWW.AMAZON.IN/EAIVEN-CHRISTMAS-WATERPROOF-THANKSGIVING-DECORATION/DP/B07KT6TDZN
EASARS	EASARS	amazon.in	HTTPS://WWW.AMAZON.IN/EASARS-YISAI-HEADSET-SHOCK-GAMING/DP/B00IKGVWIU
EASEMO	EASEMO	amazon.in	HTTPS://WWW.AMAZON.IN/EASEMO-LIGHTING-WATERPROOF-NON-SLIP-KEYBOARD/DP/B0C1FD698P
EASEMO	EASEMO	amazon.in	HTTPS://WWW.AMAZON.IN/EASEMO-CUSTOMIZATION-LIGHTING-WATERPROOF-NON-SLIP/DP/B0C1FX1GMV
EASONOVE	EASONOVE	amazon.in	HTTPS://WWW.AMAZON.IN/EASONOVE-DEMITASSE-ESPRESSO-STAINLESS-APPETIZER/DP/B075SW9F5P
EASTINEAR	EASTINEAR	amazon.in	HTTPS://WWW.AMAZON.IN/EASTINEAR-MAGNETIC-RECHARGEABLE-REMOVABLE-ADJUSTABLE/DP/B0B9BLVNQK
EASTINEAR	EASTINEAR	amazon.in	HTTPS://WWW.AMAZON.IN/EASTINEAR-TAILLIGHT-COMMUTER-BREATHABLE-ADJUSTABLE/DP/B08FBG6KL4
EASTKING	EASTKING	amazon.in	HTTPS://WWW.AMAZON.IN/EASTKING-LIGHTWEIGHT-RESISTANT-WALKING-CYCLING/DP/B083PPG2TR
EASYBUY	EASYBUY	amazon.in	HTTPS://WWW.AMAZON.IN/STORES/EASYBUY/PAGE/53D47FBD-DF33-40F5-B755-DAB6ACE746BE
EASYCOZY	EASYCOZY	amazon.in	HTTPS://WWW.AMAZON.IN/EASYCOZY-COWHIDE-THICKENED-ELASTIC-BEDROOM/DP/B09W2PQTR5
EASYXQ	EASYXQ	amazon.in	HTTPS://WWW.AMAZON.IN/EASYXQ-CHILDREN-REMOVABLE-SPLICING-MEASUREMENT/DP/B0953BNVV7
EAVOQLB	EAVOQLB	amazon.in	HTTPS://WWW.AMAZON.IN/EAVOQLB-NATIONAL-DRAWSTRING-BURLAP-HANDBAGS-CHRISTMAS/DP/B07W6WVB3G
EAXIUCE	EAXIUCE	amazon.in	HTTPS://WWW.AMAZON.IN/EAXIUCE-131X-CARTRIDGES-COMPATIBLE-REPLACEMENT/DP/B0C85MH7SN
EAZIELIFE	EAZIELIFE	amazon.in	HTTPS://WWW.AMAZON.IN/EAZIELIFE-OUTDOOR-LIGHTING-BACKYARD-DECORATIONS/DP/B0B6QNPYYY
EBASICS	EBASICS	amazon.in	HTTPS://WWW.AMAZON.IN/EBASICS-WINTER-BATTLE-LUCK-HODDIES/DP/B08PL5311T
EBYPHAN	EBYPHAN	amazon.in	HTTPS://WWW.AMAZON.IN/EBYPHAN-DIMMABLE-FLEXIBLE-ADJUSTABLE-BRIGHTNESS/DP/B07PDZGY8J
ECESIA	ECESIA	amazon.in	HTTPS://WWW.AMAZON.IN/ECESIA-HANDHELD-POWERFUL-LIGHTWEIGHT-RECHARGEABLE/DP/B09332697V
ECOBUDDY	ECOBUDDY	amazon.in	HTTPS://WWW.AMAZON.IN/STORES/ECOBUDDY/PAGE/D648A776-6017-41D2-91CD-F309254BB11E
ECOFIVES	ECOFIVES	amazon.in	HTTPS://WWW.AMAZON.IN/ECOFIVES-LUXURY-SILVERWARE-ORGANIZER-KITCHEN/DP/B0BBZYPYMY
ECOGRAM	ECOGRAM	amazon.in	HTTPS://WWW.AMAZON.IN/ECOGRAM-WOMENS-PASHMINA-EVENING-DRESSES/DP/B0BL3T6BNQ
ECOHAGOU	ECOHAGOU	amazon.in	HTTPS://WWW.AMAZON.IN/ECOHAGOU-SERVING-KITCHEN-VEGETABLE-LIGHTWEIGHT/DP/B0BFHCL5N2
ECOJIA	ECOJIA	amazon.in	HTTPS://WWW.AMAZON.IN/ECOJIA-REUSABLE-ECO-FRIENDLY-SUSTAINABLE-PAPERLESS/DP/B09C4WTP56
ECOLAND	ECOLAND	amazon.in	HTTPS://WWW.AMAZON.IN/ECOLAND-WOMENS-FLIP-FLOPS-SLIPPERS-COMFORTABLE/DP/B0DGLKPL7R
ECOMAHOLICS	ECOMAHOLICS	amazon.in	HTTPS://WWW.AMAZON.IN/ECOMAHOLICS-ADJUSTABLE-ALUMINIUM-TRIPOD-BRACKET/DP/B08ZRQRMKD
ECOREV	ECOREV	amazon.in	HTTPS://WWW.AMAZON.IN/ECOREV-ECOPOLIS-ECOR27/DP/B00O40ADCM
ECOREV	ECOREV	amazon.in	HTTPS://WWW.AMAZON.IN/ECOREV-DISPOSABLE-PALM-LEAF-TRAYS/DP/B092538FXQ
ECOREV	ECOREV	amazon.in	HTTPS://WWW.AMAZON.IN/ECOREV-%C3%A9COLOGIE-DS-MONDIALISAT-ECOR11/DP/B00O40AJUS
ECOTHINK	ECOTHINK	amazon.in	HTTPS://WWW.AMAZON.IN/ECOTHINK-155033-OUTDOOR-SOLAR-LIGHT/DP/B073Q1NSRD
ECOTION	ECOTION	amazon.in	HTTPS://WWW.AMAZON.IN/DISPOSABLE-ECOTION-ECO-FRIENDLY-BIODEGRADABLE-ALL-NATURAL/DP/B07L4G96HP
ECOTRIBE	ECOTRIBE	amazon.in	HTTPS://WWW.AMAZON.IN/ECOTRIBE-SHOPPING-REUSABLE-ECOFRIENDLY-TBAG-PRT_02/DP/B09QKT2T2G
ECRAFTINDIA	ECRAFTINDIA	amazon.in	HTTPS://WWW.AMAZON.IN/STORES/ECRAFTINDIA/PAGE/8FD7C82B-434D-4D39-9B82-895D1209D32E
ECURSON	ECURSON	amazon.in	HTTPS://WWW.AMAZON.IN/ECURSON-COMPUTER-CREATIVE-STUDENT-120X50X76CM/DP/B084VLCNZ6
ECVTOP	ECVTOP	amazon.in	HTTPS://WWW.AMAZON.IN/ECVTOP-MULTI-COLOR-COSPLAY-RESISTANT-SYNTHETIC/DP/B01LVUB2GG
ECVTOP	ECVTOP	amazon.in	HTTPS://WWW.AMAZON.IN/LIGHT-PINK-ECVTOP-COSPLAY-RESISTANT/DP/B00ZHTUFTU
EDCRFV	EDCRFV	amazon.in	HTTPS://WWW.AMAZON.IN/EDCRFV-512GB-MEMORY-ADAPTER-95MB-512GB/DP/B099WW9W6Z
EDCRFV	EDCRFV	amazon.in	HTTPS://WWW.AMAZON.IN/EDCRFV-MEMORY-R277MB-ADAPTER-512GB-150M/DP/B099WT7L3B
EDDORUNNING	EDDORUNNING	amazon.in	HTTPS://WWW.AMAZON.IN/SOLAR-FENCE-LIGHTS/DP/B0D2X2G8FB
EDNZION	EDNZION	amazon.in	HTTPS://WWW.AMAZON.IN/EDNZION-LEARNING-EDUCATIONAL-CHRISTMAS-BIRTHDAY/DP/B09LD1F2ZD
EDTARA	EDTARA	amazon.in	HTTPS://WWW.AMAZON.IN/EDTARA-LETTERS-PRINTING-BREATHABLE-STRETCH/DP/B07PLZ15V1
EDTARA	EDTARA	amazon.in	HTTPS://WWW.AMAZON.IN/EDTARA-NICEESHOP-ELECTRIC-SHOCKING-RELOADED-SILVER/DP/B07MQ5KNH9
EDYCARX	EDYCARX	amazon.in	HTTPS://WWW.AMAZON.IN/EDYCARX-VACUUM-SEALER-STORAGE-COMMERCIAL/DP/B0C6GF2YPK
EDYELL	EDYELL	amazon.in	HTTPS://WWW.AMAZON.IN/STORES/EDYELL/PAGE/E7C78485-A498-4047-BD0A-487415F71661
EEAULD	EEAULD	amazon.in	HTTPS://WWW.AMAZON.IN/NECKBAND-PORTABLE-BLUETOOTH-SPEAKERS-CANCELLING/DP/B08KDDHLQ5
EGJOEY	EGJOEY	amazon.in	HTTPS://WWW.AMAZON.IN/EGJOEY-BACK-BRACE-LOWER-RELIEF/DP/B09QM52KSZ
EGMEN	EGMEN	amazon.in	HTTPS://WWW.AMAZON.IN/EGMEN-PRECISION-SCREWDRIVER-ELECTRONIC-MAINTENANCE/DP/B0BX8NYR2X
EHOBROC	EHOBROC	amazon.in	HTTPS://WWW.AMAZON.IN/EHOBROC-PRINTING-GLOWING-BIRTHDAY-BEDSIDE/DP/B076JWBDZ7
EHOBROC	EHOBROC	amazon.in	HTTPS://WWW.AMAZON.IN/EHOBROC-PRINTING-DIMMABLE-BRIGHTNESS-CHILDREN/DP/B07HD4YGXF
EHYSELI	EHYSELI	amazon.in	HTTPS://WWW.AMAZON.IN/EHYSELI-BOOTCUT-POCKETS-LEGGINGS-FLARED/DP/B09WFXXXGY
EIGNO	EIGNO	amazon.in	HTTPS://WWW.AMAZON.IN/EIGNO-CONNECTOR-CORROSION-RESISTANT-MOISTURE-PROOF-CONNECTOR/DP/B09RZWSPGX
EIGNO	EIGNO	amazon.in	HTTPS://WWW.AMAZON.IN/EIGNO-CORROSION-RESISTANT-MOISTURE-PROOF-CONNECTION-LOUDSPEAKER/DP/B09BV92GVZ
EINFAC	EINFAC	amazon.in	HTTPS://WWW.AMAZON.IN/EINFAC-STAINLESS-VEGETABLE-CUTTER-SHAPES/DP/B01KFL1DW2
EIOUHENG	EIOUHENG	amazon.in	HTTPS://WWW.AMAZON.IN/EIOUHENG-SPOTLIGHT-ROTATING-PROTECTION-EMERGENCY/DP/B096FN3VB8
EIRMEON	EIRMEON	amazon.in	HTTPS://WWW.AMAZON.IN/EIRMEON-HALLOWEEN-REALISTIC-ACCESSORIES-DECORATION/DP/B08JLJD4V3
EIRSTY	EIRSTY	amazon.in	HTTPS://WWW.AMAZON.IN/EIRSTY-UNIVERSAL-MOUTHGUARD-TRIMMABLE-CUSTOMIZABLE/DP/B07VN6HW11
EITIPOK	EITIPOK	amazon.in	HTTPS://WWW.AMAZON.IN/EITIPOK-SOUNDSYNC-BLUETOOTH-TRANSMITTER-TRANSCEIVER/DP/B0CSK7VKBF
EIWEI	EIWEI	amazon.in	HTTPS://WWW.AMAZON.IN/EIWEI-GITTA-WITTE/DP/3837087743
EKADA	EKADA	amazon.in	HTTPS://WWW.AMAZON.IN/EKADA-BHARATVARSHE-HEMANT-SHARMA/DP/9390101980
EKADA	EKADA	amazon.in	HTTPS://WWW.AMAZON.IN/EKADA-GOPAL-HALDER/DP/B08R7JL1V1
EKDSPW	EKDSPW	amazon.in	HTTPS://WWW.AMAZON.IN/EKDSPW-TEAPOT-NORDIC-COFFEE-HEAT-RESISTANT/DP/B09X9VSW6T
EKDSPW	EKDSPW	amazon.in	HTTPS://WWW.AMAZON.IN/EKDSPW-DOUBLE-STAINLESS-TITANIUM-DRIPPER/DP/B09SNS9R43
EKKOVLA	EKKOVLA	amazon.in	HTTPS://WWW.AMAZON.IN/EKKOVLA-SMALL-CLEAR-BOTTLES-LIQUIDS/DP/B0CSSCVXNW
EKOOL	EKOOL	amazon.in	HTTPS://WWW.AMAZON.IN/EKOOL-EPS-ICE-BOX-30L/DP/B0DSJHZZDY
ELADECO	ELADECO	amazon.in	HTTPS://WWW.AMAZON.IN/ELADECO-ARTIFICIAL-TROPICAL-DECORATION-DECORATIONS/DP/B07NRGG1Q1
ELADECO	ELADECO	amazon.in	HTTPS://WWW.AMAZON.IN/ELADECO-ARTIFICIAL-FARMHOUSE-GREENERY-DECORATION/DP/B07JBYK2NJ
ELAMCCOR	ELAMCCOR	amazon.in	HTTPS://WWW.AMAZON.IN/ELAMCCOR-GIRLS-SKIRT-TODDLER-LAYERED/DP/B082R4MRZG
ELARIA	ELARIA	amazon.in	HTTPS://WWW.AMAZON.IN/ELARIA-PREMIUM-WHITE-BEAUTY-SOAP/DP/B074P49S6B
ELCYCO	ELCYCO	amazon.in	HTTPS://WWW.AMAZON.IN/ELCYCO-MOTORCYCLE-RIDING-COMBAT-OUTDOOR/DP/B0833SWW6N
ELECHELF	ELECHELF	amazon.in	HTTPS://WWW.AMAZON.IN/ELECHELF-PORTABLE-SMOOTHIES-RECHARGEABLE-CORDLESS/DP/B0BZNQL5TW
ELECKFUN	ELECKFUN	amazon.in	HTTPS://WWW.AMAZON.IN/ELECKFUN-ELECTRIC-PORTABLE-CORDLESS-HEATABLE/DP/B0BZ3CVX1Y
ELECTROSILK	ELECTROSILK	amazon.in	HTTPS://WWW.AMAZON.IN/VIVIAN-SILICONE-ELECTROSILK-BRUSH-BLUE/DP/B00IN0P19E
ELEESPIRIT	ELEESPIRIT	amazon.in	HTTPS://WWW.AMAZON.IN/STORES/ELEESPIRIT/HEADSETSEARPHONES/PAGE/AFE43335-563A-4DCB-B81A-D56411742802
ELEESPIRIT	ELEESPIRIT	amazon.in	HTTPS://WWW.AMAZON.IN/STORES/ELEESPIRIT/HOMEPAGE/PAGE/04B6D80A-7D62-45A1-9054-A38F4C57A5DC
ELEGA	ELEGA	amazon.in	HTTPS://WWW.AMAZON.IN/ELEGA-WOMEN-HANDBAG-SATCHELS/DP/B0D79LZZ6Q
ELEGANA	ELEGANA	amazon.in	HTTPS://WWW.AMAZON.IN/ELEGANA-ADJUSTABLE-CHAKRA-BEAD-BRACELETS/DP/B083Q1B2BL
ELEGRAFY	ELEGRAFY	amazon.in	HTTPS://WWW.AMAZON.IN/ELEGRAFY-FULL-SET-GIFT-VERSION/DP/B0CHRL3ZJ6
ELISEL	ELISEL	amazon.in	HTTPS://WWW.AMAZON.IN/ELISEL-SILICONE-SPATULA-STAINLESS-RESISTANT/DP/B07RRNXYPC
ELITOKY	ELITOKY	amazon.in	HTTPS://WWW.AMAZON.IN/ELITOKY-KIDS-TOOL-BOX-SET/DP/B08PTX6GS2
ELIVERN	ELIVERN	amazon.in	HTTPS://WWW.AMAZON.IN/ELIVERN-DAYLIGHT-DEFORMABLE-60W-6000-WAREHOUSE/DP/B07GPTTXLN
ELIZ	ELIZ	amazon.in	HTTPS://WWW.AMAZON.IN/ELIZ-ES8791G2GWG-CASE-WATCH-BRACELET/DP/B0BTLKLP54
ELLEMENTRY	ELLEMENTRY	amazon.in	HTTPS://WWW.AMAZON.IN/STORES/ELLEMENTRY/PAGE/21A8D3A3-4FCD-4AB0-AE1A-BBB9C4DADF9C
ELLZK	ELLZK	amazon.in	HTTPS://WWW.AMAZON.IN/ELLZK-SANGUOSHA-DELUXE-CARD-PROTECT/DP/B01N2VLV9P
ELNMLHT	ELNMLHT	amazon.in	HTTPS://WWW.AMAZON.IN/ELNMLHT-OBSERVATION-LEARNING-STUDENTS-CHILDREN/DP/B0C1Z6L5BR
ELOER	ELOER	amazon.in	HTTPS://WWW.AMAZON.IN/ELOER-FLAMELESS-CANDLES-WATERPROOF-OPERATED/DP/B0BYNGTSC6
ELOPAW	ELOPAW	amazon.in	HTTPS://WWW.AMAZON.IN/ELOPAW-ULTRASONIC-RECHARGEABLE-FREQUENCY-DETERRENT/DP/B08CXL32GN
ELOVFORU	ELOVFORU	amazon.in	HTTPS://WWW.AMAZON.IN/ELOVFORU-SHINGEKI-SNEAKERS-LUMINOUS-ESPADRILLES/DP/B083MXGLRD
ELOVIEN	ELOVIEN	amazon.in	HTTPS://WWW.AMAZON.IN/ELOVIEN-TODDLERS-ROTATING-FOUNTAIN-BATHROOM/DP/B08PNMFYF7
ELSANN	ELSANN	amazon.in	HTTPS://WWW.AMAZON.IN/ELSANN-GOLF-UMBRELLA-WINDPROOF-LARGE/DP/B085LM1LK4
ELVALLEY	ELVALLEY	amazon.in	HTTPS://WWW.AMAZON.IN/ELVALLEY-HD-CAM-SPY-INTERCHANGEABLE/DP/B07QPF8XFM
EMAAS	EMAAS	amazon.in	HTTPS://WWW.AMAZON.IN/EMAAS-PIECE-JAZZ-DRUM-KIDS/DP/B083KBNJ63
EMACHI	EMACHI	amazon.in	HTTPS://WWW.AMAZON.IN/EMACHI-PREGNANCY-PREGNANT-DISCOMFORT-DETACHABLE/DP/B0BMY8YHLC
EMANIS	EMANIS	amazon.in	HTTPS://WWW.AMAZON.IN/EMANIS-CHOICE-C-SHANI-LANIER/DP/1413729940
EMCGICC	EMCGICC	amazon.in	HTTPS://WWW.AMAZON.IN/EMCGICC-RETRACTABLE-MICROFIBER-APPLIANCE-TELESCOPIC/DP/B0BB7KTV7R
EMHUMN	EMHUMN	amazon.in	HTTPS://WWW.AMAZON.IN/EMHUMN-TRAINING-MULTIPLE-NON-SLIP-ACTIVITIES/DP/B0BSCX85FW
EMMCRAM	EMMCRAM	amazon.in	HTTPS://WWW.AMAZON.IN/EMMCRAM-1600MHZ-PC3L-12800S-NOTEBOOK-UNBUFFERED/DP/B095YF2VMD
EMOSN	EMOSN	amazon.in	HTTPS://WWW.AMAZON.IN/EMOSN-AQUARIUM-OXYGENATING-FOUNTAIN-HYDROPONICS/DP/B092HM8Q6S
ENAJUCY	ENAJUCY	amazon.in	HTTPS://WWW.AMAZON.IN/ENAJUCY-28PCS-MEDIEVAL-KNIGHTS-SOLDIER/DP/B0BV9Q2MN4
ENCASAXO	ENCASAXO	amazon.in	HTTPS://WWW.AMAZON.IN/STORES/ENCASAXO/PAGE/5FFFB18B-7606-48E9-992C-4018DF96A907
ENIKEE	ENIKEE	amazon.in	HTTPS://WWW.AMAZON.IN/ENIKEE-ASSASSINS-WEAPONS-SLEEVES-EJECTION/DP/B086K5BYFS
ENJOCASES	ENJOCASES	amazon.in	HTTPS://WWW.AMAZON.IN/ENJOCASES-20-PIECES-INVISIBLE-HALLOWEEN/DP/B09W8SNFHV
ENKEY	ENKEY	amazon.in	HTTPS://WWW.AMAZON.IN/EVM-ENKEY-WIRELESS-KEYBOARD-MOUSE/DP/B0DBZ3VW7M
ENKOR	ENKOR	amazon.in	HTTPS://WWW.AMAZON.IN/IMMUNITY-BOOSTING-PROBIOTIC-PREVENTS-INFECTIONS/DP/B09JSTF9LS
ENMAKI	ENMAKI	amazon.in	HTTPS://WWW.AMAZON.IN/ENMAKI-COMPATIBLE-SILICONE-SCHOCKPROOF-PROTECTIVE/DP/B0BLVHGTQL
ENMENG	ENMENG	amazon.in	HTTPS://WWW.AMAZON.IN/YUANMINGYUAN-PARK-MONUMENT-ZHANG-ENMENG/DP/7507104672
ENPEI	ENPEI	amazon.in	HTTPS://WWW.AMAZON.IN/SOUNDLINK-REVOLVE-CHARGER-CHARGING-CRADLE/DP/B086VSV251
ENRICHFUN	ENRICHFUN	amazon.in	HTTPS://WWW.AMAZON.IN/ENRICHFUN-RECHARGEABLE-ILLUMINATING-COLLECTION-HALLOWEEN/DP/B0CQ7PLZ37
ENUSUNG	ENUSUNG	amazon.in	HTTPS://WWW.AMAZON.IN/ENUSUNG-DRIVER-FREE-UNDETECTABLE-MOVEMENT-SIMULATOR/DP/B09F9H1XC6
ENVIUS	ENVIUS	amazon.in	HTTPS://WWW.AMAZON.IN/ENVIUS-BRIDAL-EMBROIDERED-PARTY-READY/DP/B0CRQFZ925
ENVIUS	ENVIUS	amazon.in	HTTPS://WWW.AMAZON.IN/ENVIUS-BLACK-LAYER-SILVERBLK-MUSLIM-COTTON/DP/B0CHMGZVXW
ENVIUS	ENVIUS	amazon.in	HTTPS://WWW.AMAZON.IN/ENVIUS-DAILY-WHITE-COTTON-MUSLIM/DP/B0C441K8XB
EOCOM	EOCOM	amazon.in	HTTPS://WWW.AMAZON.IN/EOCOM-PAIRS-CHILDRENS-WINTER-ANIMAL/DP/B07B9J87SP
EOIVSH	EOIVSH	amazon.in	HTTPS://WWW.AMAZON.IN/EOIVSH-MEGALODON-REALISTIC-COGNITIVE-COLLECTION/DP/B07SSKXC7J
EOJN	EOJN	amazon.in	HTTPS://WWW.AMAZON.IN/EOJN-CATSUIT-SLEEVELESS-JUMPSUITS-PLAYSUIT/DP/B0BPH649HM
EOVFANS	EOVFANS	amazon.in	HTTPS://WWW.AMAZON.IN/EOVFANS-PORTABLE-NEMA14-50-220V-240V-UPGRADED/DP/B08WWJWWPZ
EPESIRI	EPESIRI	amazon.in	HTTPS://WWW.AMAZON.IN/EPESIRI-AGGRESSIVE-CHEWERS-DURABLE-CLEANING/DP/B0CG9F28JN
EPHIIONIY	EPHIIONIY	amazon.in	HTTPS://WWW.AMAZON.IN/EPHIIONIY-PORTABLE-MS-7-EXTREME-CARRYING/DP/B07Y84TPZM
EPICSEREN	EPICSEREN	amazon.in	HTTPS://WWW.AMAZON.IN/EPICSEREN-HANDHELD-OPERATED-ADJUSTABLE-RECHARGEABLE/DP/B0CTDMLKZY
EPIPGALE	EPIPGALE	amazon.in	HTTPS://WWW.AMAZON.IN/EPIPGALE-AIRPLANE-BEGINNERS-AIRCRAFT-LUMINOUS/DP/B09VNZVYPZ
EPOGG	EPOGG	amazon.in	HTTPS://WWW.AMAZON.IN/EPOGG-PICKLEBALL-SET-PICKLEBALLS-PROFESSIONAL/DP/B0B5XCV6BN
EPQUEEN	EPQUEEN	amazon.in	HTTPS://WWW.AMAZON.IN/EPQUEEN-PORTABLE-TOILETRY-WATERPROOF-ORGANIZER/DP/B07H7DGK77
EPSKY	EPSKY	amazon.in	HTTPS://WWW.AMAZON.IN/EPSKY-DIGITAL-DESKTOP-TEMPERATURE-CK-LED1305/DP/B09W2J8CG1
EQUIRO	EQUIRO	amazon.in	HTTPS://WWW.AMAZON.IN/EQUIRO-BLACKHEAD-CONNECTED-SKIN-FRIENDLY-RECHARGEABLE/DP/B099987LDX
EQVAL	EQVAL	amazon.in	HTTPS://WWW.AMAZON.IN/EQVAL-LIGHTWEIGHT-JOGGERS-WEIGHTLIFTING-TRACKPANTS/DP/B09S3WKMVW
ERALCNA	ERALCNA	amazon.in	HTTPS://WWW.AMAZON.IN/ERALCNA-TACTICAL-CARRIER-ATTACHMENTS-UNIVERSAL/DP/B0CB5ZB9L3
ERDIEGLE	ERDIEGLE	amazon.in	HTTPS://WWW.AMAZON.IN/ERDIEGLE-ADJUSTABLE-COMPATIBLE-ASSISTANT-BUSSINESS/DP/B0DGQH59WL
ERFAIRDEAL	ERFAIRDEAL	amazon.in	HTTPS://WWW.AMAZON.IN/ERFAIRDEAL-GRAPHENE-COMPRESSION-PREVENTS-INJURIES/DP/B09STBVP8S
ERGOPOLLO	ERGOPOLLO	amazon.in	HTTPS://WWW.AMAZON.IN/ERGOPOLLO-UNDETECTABLE-SIMULATE-AUTOMATIC-MOVEMENT/DP/B0BFHCRPJS
ERGOSHOPPING	ERGOSHOPPING	amazon.in	HTTPS://WWW.AMAZON.IN/ERGOSHOPPING-ADJUSTABLE-COMPUTER-STEPLESS-ORGANIZER/DP/B07B3D5XYV
ERKEISEHN	ERKEISEHN	amazon.in	HTTPS://WWW.AMAZON.IN/ERKEISEHN-BLUETOOTH-WATERPROOF-WIRELESS-COLORFUL/DP/B0BVQNX1CK
ERONLI	ERONLI	amazon.in	HTTPS://WWW.AMAZON.IN/ERONLI-WIRELESS-CHARGING-PRODUCTS-COMPATIBLE/DP/B09Y9D1WF9
ESBOLM	ESBOLM	amazon.in	HTTPS://WWW.AMAZON.IN/LIXIN-TECH-EXPANDABLE-STAINLESS-SILICONE/DP/B0B7BJGYND
ESDABEM	ESDABEM	amazon.in	HTTPS://WWW.AMAZON.IN/ESDABEM-LED-AUTOMATIC-FLASHING-CUP/DP/B01F3EX3LK
ESETAY	ESETAY	amazon.in	HTTPS://WWW.AMAZON.IN/ESETAY-DRAWSTRING-WIRELESS-SEAMLESS-32B-50DD/DP/B082ZL1K5D
ESKEAR	ESKEAR	amazon.in	HTTPS://WWW.AMAZON.IN/ESKEAR-SHACKLES-UNBREAKABLE-SCREW%EF%BC%8CAPPLICABLE-RECOVERY/DP/B09XRG5N9T
ESKONI	ESKONI	amazon.in	HTTPS://WWW.AMAZON.IN/ESKONI-FLAT-TOP-FLATOPPER-LEVELLING-PROFESSIONAL/DP/B01FZZOT4M
ESNOWLEE	ESNOWLEE	amazon.in	HTTPS://WWW.AMAZON.IN/ESNOWLEE-INFLATABLE-PUNCHING-CHRISTMAS-BIRTHDAYS/DP/B0CJ4NM55B
ESPACIO	ESPACIO	amazon.in	HTTPS://WWW.AMAZON.IN/ESPACIO-SPACE-SIMPLEMENTE-CIENCIA-STEVE/DP/8444141577
ESRAN	ESRAN	amazon.in	HTTPS://WWW.AMAZON.IN/ESRAN-WEARABLE-SWEATSHIRT-DARK-GREEN/DP/B0BNQ8GLQD
ESRAN	ESRAN	amazon.in	HTTPS://WWW.AMAZON.IN/PRINCE-TERRANA-HEIRS-ESRAN/DP/B0C92RTJQD
ESTAND	ESTAND	amazon.in	HTTPS://WWW.AMAZON.IN/STORES/ESTAND/HOMEPAGE/PAGE/78B95412-5FE8-4127-B75F-669D184B56F1
ESUKAR	ESUKAR	amazon.in	HTTPS://WWW.AMAZON.IN/MACHINE-ENERGIZER-SECURITY-AGRICULTURAL-PROTECTION/DP/B0BGBC71BT
ESYLIF	ESYLIF	amazon.in	HTTPS://WWW.AMAZON.IN/ESYLIF-INTERACTIVE-TEETHING-AGGRESSIVE-INDESTRUCTIBLE/DP/B0D2PW78H6
ETAMIBEL	ETAMIBEL	amazon.in	HTTPS://WWW.AMAZON.IN/ETAMIBEL-WIRELESS-BLUETOOTH-QI-ENABLED-ATMOSPHERE/DP/B0BXJSCVVW
ETHENTIC	ETHENTIC	amazon.in	HTTPS://WWW.AMAZON.IN/ETHENTIC-WOMENS-PERFORMANCE-CUSHIONED-ATHLETIC/DP/B098KHHQJ3
ETOPIYA	ETOPIYA	amazon.in	HTTPS://WWW.AMAZON.IN/ETOPIYA-WEIGHTED-ADULTS-WEIGHT-RESISTANCE/DP/B0BPTP5HWC
ETRY	ETRY	amazon.in	HTTPS://WWW.AMAZON.IN/ETRY-CLEANING-CLEANER-SUCTION-WINDOWS/DP/B0CPWGD3KS
ETWAR	ETWAR	amazon.in	HTTPS://WWW.AMAZON.IN/CANCELLING-MICROPHONE-PLAYSTATION-STEELSERIES-COMPATIBLE/DP/B08GWHGT96
EUCAZ	EUCAZ	amazon.in	HTTPS://WWW.AMAZON.IN/EUCAZ-EXTREME-BATTERY-SUPPORTS-MINUTES/DP/B0C65QZT54
EULOCA	EULOCA	amazon.in	HTTPS://WWW.AMAZON.IN/EULOCA-RECHARGEABLE-FLASHLIGHT-WATERPROOF-SEARCHLIGHT/DP/B07CM4GCJ3
EUME	EUME	amazon.in	HTTPS://WWW.AMAZON.IN/EUME-TROLLEY-LUGGAGE-POLYCARBONATE-HINOMOTO/DP/B0D7QHB3F5
EURCOOL	EURCOOL	amazon.in	HTTPS://WWW.AMAZON.IN/EURCOOL-SHOULDER-CROSSBODY-BACKPACK-RUCKSACK/DP/B088B8FTKB
EURGEEN	EURGEEN	amazon.in	HTTPS://WWW.AMAZON.IN/EURGEEN-MID-SIZED-DEHUMIDIFIER-COMPRESSOR-TECHNOLOGY/DP/B01GL79HVS
EUROPEUTIC	EUROPEUTIC	amazon.in	HTTPS://WWW.AMAZON.IN/EUROPEUTIC-COOL-GEL-MEMORY-FOAM-MATTRESS/DP/B00WHPLBAO
EUROPEUTIC	EUROPEUTIC	amazon.in	HTTPS://WWW.AMAZON.IN/EUROPEUTIC-COOL-GEL-MEMORY-FOAM-MATTRESS/DP/B00WHOULT2
EUXOR	EUXOR	amazon.in	HTTPS://WWW.AMAZON.IN/EUXOR-BLACKHEAD-REMOVER-COMEDONE-EXTRACTOR/DP/B0D8CJM4J8
EVADOW	EVADOW	amazon.in	HTTPS://WWW.AMAZON.IN/FITTINGS-FURNITURE-BUILDING-GREENHOUSE-CONNECTION/DP/B08FZK2LFP
EVAHOM	EVAHOM	amazon.in	HTTPS://WWW.AMAZON.IN/SILICONE-HOLDERS-SKILLETS-GRIDDLES-COOKWARE/DP/B08S2XC3KG
EVALAND	EVALAND	amazon.in	HTTPS://WWW.AMAZON.IN/EVALAND-NON-SLIP-KITCHEN-NON-ADHESIVE-STAIN-PROOF/DP/B0BHPWQMLL
EVEDMOT	EVEDMOT	amazon.in	HTTPS://WWW.AMAZON.IN/EVEDMOT-LATTICE-CUTTER-STAINLESS-TIME-SAVER/DP/B0BY6YJW44
EVENICE	EVENICE	amazon.in	HTTPS://WWW.AMAZON.IN/EVENICE-FLAMELESS-FLICKERING-OPERATED-DECORATIVE/DP/B07N1GQPWC
EVENICE	EVENICE	amazon.in	HTTPS://WWW.AMAZON.IN/EVENICE-FLAMELESS-CANDLES-FLICKERING-DECORATIVE/DP/B07PFFGHSK
EVERCRYO	EVERCRYO	amazon.in	HTTPS://WWW.AMAZON.IN/EVERCRYO-CRYO-CUFF-THERAPY-MACHINE/DP/B08THBDMFS
EVERDOSS	EVERDOSS	amazon.in	HTTPS://WWW.AMAZON.IN/EVERDOSS-CABINET-RECHARGABLE-OPERATED-WIRELESS/DP/B0B8Y8F33S
EVERSTORE	EVERSTORE	amazon.in	HTTPS://WWW.AMAZON.IN/EVERSTORE-SURVEILLANCE-HARD-7200RPM-WARRANTY/DP/B0BST9QKZZ
EVERSTORE	EVERSTORE	amazon.in	HTTPS://WWW.AMAZON.IN/EVERSTORE-DESKTOP-HARD-7200RPM-WARRANTY/DP/B0BT9SV6M3
EVERVIBES	EVERVIBES	amazon.in	HTTPS://WWW.AMAZON.IN/EVERVIBES-CRYSTALS-NECKLACE-HANDMADE-SPIRITUAL/DP/B08391YLKZ
EVETIS	EVETIS	amazon.in	HTTPS://WWW.AMAZON.IN/AMAZONE-WIRELESS-CLEANER-12000PA-BLACK1002/DP/B0BGX1LDRK
EVETIS	EVETIS	amazon.in	HTTPS://WWW.AMAZON.IN/PORTABLE-POWER-VACUUM-CLEANER-BLACK/DP/B09RWP6VY7
EVIONSITS	EVIONSITS	amazon.in	HTTPS://WWW.AMAZON.IN/EVIONSITS-ADJUSTABLE-DUMBBELLS-DUMBBELL-EXERCISE/DP/B08QH7685F
EVIONSITS	EVIONSITS	amazon.in	HTTPS://WWW.AMAZON.IN/EVIONSITS-ADJUSTABLE-DUMBBELL-DUMBBELLS-STRENGTH/DP/B08QVSGL48
EVURSUA	EVURSUA	amazon.in	HTTPS://WWW.AMAZON.IN/EVURSUA-INDUSTRIAL-OPERATED-SKELETON-NUMERALS/DP/B084RQ9C1V
EWDGOES	EWDGOES	amazon.in	HTTPS://WWW.AMAZON.IN/EWDGOES-HANDHELD-PREINSTALLED-EMULATOR-TRANSPARENT/DP/B0CMJ9XC82
EWDGOES	EWDGOES	amazon.in	HTTPS://WWW.AMAZON.IN/EWDGOES-HANDHELD-CONSOLE-PREINSTALLED-EMULATOR/DP/B0CMH2C5C7
EWDSQS	EWDSQS	amazon.in	HTTPS://WWW.AMAZON.IN/EWDSQS-WELCOME-FARMHOUSE-GREETING-BLACK%EF%BC%8CSET/DP/B08D6MV8XQ
EWINVOS	EWINVOS	amazon.in	HTTPS://WWW.AMAZON.IN/MANAGEMENT-EWINVOS-CAPACITY-ORGANIZER-POLYESTER/DP/B0BYXP9C86
EXCEREY	EXCEREY	amazon.in	HTTPS://WWW.AMAZON.IN/EXCEREY-BREATHABLE-TOUCHSCREEN-ALL-SEASON-MOUNTAIN/DP/B09NZ72B75
EXCOLIFE	EXCOLIFE	amazon.in	HTTPS://WWW.AMAZON.IN/EXCOLIFE-ELEGANT-ERGONOMIC-DELICIOUS-WATERMELON/DP/B0746F5HNZ
EXGINGLE	EXGINGLE	amazon.in	HTTPS://WWW.AMAZON.IN/EXGINGLE-ROLLER-SKATES-OUTDOOR-ARTISTIC/DP/B08S6XK45X
EXGINGLE	EXGINGLE	amazon.in	HTTPS://WWW.AMAZON.IN/EXGINGLE-OUTDOOR-INLINE-ILLUMINATING-BLADING/DP/B08SK6GQGL
EXIBRYONY	EXIBRYONY	amazon.in	HTTPS://WWW.AMAZON.IN/EXIBRYONY-TRAVEL-PILLOW-COMFORTABLY-ANTI-ASPHYXIATION/DP/B0BWCLVMCD
EXPEKE	EXPEKE	amazon.in	HTTPS://WWW.AMAZON.IN/EXPEKE-WOMENS-SWEATER-COSPLAY-COSTUME/DP/B083DHT9Q9
EXREBON	EXREBON	amazon.in	HTTPS://WWW.AMAZON.IN/EXREBON-WOMENS-LOUNGEWEAR-NIGHTGOWN-BATHROBE/DP/B09RSRFGTP
EXSHOW	EXSHOW	amazon.in	HTTPS://WWW.AMAZON.IN/EXSHOW-EXH78C-EXSHOW-CAMERA-MOUNT/DP/B074Z7F4WQ
EYRAEVOR	EYRAEVOR	amazon.in	HTTPS://WWW.AMAZON.IN/EYRAEVOR-RHINESTONE-CRYSTAL-PENDANT-PIERCING/DP/B0836ZPL8P
EYSL	EYSL	amazon.in	HTTPS://WWW.AMAZON.IN/EYSL-BURRITOS-TORTILLA-BLANKET-5FT-60INCHES/DP/B085TB2LSZ
EYUEPU	EYUEPU	amazon.in	HTTPS://WWW.AMAZON.IN/EYUEPU-CLEANING-PRINTER-OPTICAL-EQUIPMENT/DP/B0B76BYXVK
EZLIFE	EZLIFE	amazon.in	HTTPS://WWW.AMAZON.IN/EZLIFE-FACIAL-STEAMER-UNISEX-MULTIPURPOSE/DP/B09372L57C
EZORG	EZORG	amazon.in	HTTPS://WWW.AMAZON.IN/EZORG-UNDER-ORGANIZER-WHITE-STORAGE/DP/B0BVQ13WBQ
EZYDECOR	EZYDECOR	amazon.in	HTTPS://WWW.AMAZON.IN/EZYDECOR-CHRISTMAS-STAND-ARTIFICIAL-REPLACEMENT/DP/B08FXKQQNP
FABPAD	FABPAD	amazon.in	HTTPS://WWW.AMAZON.IN/FABPAD-REUSABLE-ECO-FRIENDLY-MENSTRUAL-SOLUTIONS/DP/B08MTCDNS7
FABURAA	FABURAA	amazon.in	HTTPS://WWW.AMAZON.IN/FABURAA-JUTE-WASHABLE-KITCHEN-RESTAURANT/DP/B0B34WTR2W
FACAIMAO	FACAIMAO	amazon.in	HTTPS://WWW.AMAZON.IN/FACAIMAO-TRAVERSE-PLASTIC-TRAVERSING-SLIDESFOR/DP/B09SDQZJHT
FACAIMAO	FACAIMAO	amazon.in	HTTPS://WWW.AMAZON.IN/FACAIMAO-11MM-FASTENERS-OPEN-RING-CLOTHING/DP/B09XL6JC8K
FACAIMAO	FACAIMAO	amazon.in	HTTPS://WWW.AMAZON.IN/FACAIMAO-RUBBER-NEOPRENE-STAINLESS-SCREWS/DP/B09NYJ68JZ
FACAIMAO	FACAIMAO	amazon.in	HTTPS://WWW.AMAZON.IN/FACAIMAO-HEADBOARD-FOOTBOARD-REPLACEMENT-CONSTRUCTIONS/DP/B09NYLK8YD
FAERDUO	FAERDUO	amazon.in	HTTPS://WWW.AMAZON.IN/FAERDUO-WATCHES-FASHION-LEATHER-WATCH%EF%BC%88BLACK%EF%BC%89/DP/B07H9N5JPF
FAGOBYX	FAGOBYX	amazon.in	HTTPS://WWW.AMAZON.IN/FAGOBYX-ANGRY-STAR-PLUSH-MOVING/DP/B0D91LBYQS
FAGOMFER	FAGOMFER	amazon.in	HTTPS://WWW.AMAZON.IN/FAGOMFER-TOUCHSCREEN-MECHANICAL-KEYBOARD-MULTIFUNCTIONAL/DP/B09PMKF4HH
FAHANER	FAHANER	amazon.in	HTTPS://WWW.AMAZON.IN/FAHANER-HAIRCUT-PROFESSIONAL-STYLIST-ADJUSTABLE/DP/B088TS1K4X
FAHANER	FAHANER	amazon.in	HTTPS://WWW.AMAZON.IN/FAHANER-PROFESSIONAL-HAIRBRUSH-HAIRDRESSER-ADJUSTABLE/DP/B07XGPWLBJ
FAHOTE	FAHOTE	amazon.in	HTTPS://WWW.AMAZON.IN/FAHOTE-DIABETIC-SLIPPERS-ADJUSTABLE-SNEAKERS/DP/B086JCQYFX
FAHOTE	FAHOTE	amazon.in	HTTPS://WWW.AMAZON.IN/FAHOTE-DIABETIC-SLIPPERS-ADJUSTABLE-SWOLLEN/DP/B082R2B1GL
FALARY	FALARY	amazon.in	HTTPS://WWW.AMAZON.IN/FALARY-WOMENS-COTTON-UNDERWEAR-PANTIES/DP/B08FR9Z6BD
FALUCKYY	FALUCKYY	amazon.in	HTTPS://WWW.AMAZON.IN/FALUCKYY-JEWELRY-PLIERS-MAKING-SUPPLIES/DP/B08GNV52YL
FANATU	FANATU	amazon.in	HTTPS://WWW.AMAZON.IN/FANATU-PISTACHIO-PEDESTAL-SUNFLOWER-CHERRIES/DP/B08Z7Q5FPR
FANCASA	FANCASA	amazon.in	HTTPS://WWW.AMAZON.IN/COMPUTER-FANCASA-MINIMALIST-STUDYING-WORKSTATION/DP/B07THLFD8H
FANGKAI	FANGKAI	amazon.in	HTTPS://WWW.AMAZON.IN/CARPLAY-NAVIGATION-MIRRORLINK-SMARTPHONE-FANGKAI/DP/B0BVBN7S3J
FANGKAI	FANGKAI	amazon.in	HTTPS://WWW.AMAZON.IN/FANGKAI-BLADELESS-ELECTRIC-HOUSEHOLD-DESKTOP/DP/B0BVZKKJMY
FANGKAI	FANGKAI	amazon.in	HTTPS://WWW.AMAZON.IN/FANGKAI-BLADELESS-ELECTRIC-SHAKING-PURIFICATION/DP/B0BVZK9YWX
FANGKAI	FANGKAI	amazon.in	HTTPS://WWW.AMAZON.IN/EXPANDABLE-PIPELINE-INSPECTION-PIPELINES-FANGKAI/DP/B0BVBNQWNJ
FANGKAI	FANGKAI	amazon.in	HTTPS://WWW.AMAZON.IN/MULTIFUNCTIONAL-ELECTRONICS-SPEAKER-EXPERIMENTAL-FANGKAI/DP/B0BVQ3MXJC
FANQUEXY	FANQUEXY	amazon.in	HTTPS://WWW.AMAZON.IN/FANQUEXY-PROJECTOR-HALLOWEEN-CHRISTMAS-ANNIVERSARIES/DP/B0D3LWJ781
FANQUEXY	FANQUEXY	amazon.in	HTTPS://WWW.AMAZON.IN/FANQUEXY-FIGURINES-DECORATIONS-BIRTHDAY-CHRISTMAS/DP/B0CH37DYSG
FANREL	FANREL	amazon.in	HTTPS://WWW.AMAZON.IN/FANREL-ADHESIVE-FLEXIBLE-PLASTIC-STICKERS/DP/B07JLGR9FJ
FANWILL	FANWILL	amazon.in	HTTPS://WWW.AMAZON.IN/FANWILL-TRAINING-SNORKELING-SWIMMING-COMFORTABLE/DP/B0B7CQTT61
FANXIEAST	FANXIEAST	amazon.in	HTTPS://WWW.AMAZON.IN/FANXIEAST-MAGNETIC-LEVITATING-FLOATING-WIRELESS/DP/B07KXP6MBK
FANYUANFDS	FANYUANFDS	amazon.in	HTTPS://WWW.AMAZON.IN/FANYUANFDS-FRAMELESS-DECORATION-WARRANTY-WL03-BLACK/DP/B07P6C42P6
FANZI	FANZI	amazon.in	HTTPS://WWW.AMAZON.IN/FANZI-WHITE-SOLID-KURTA-DHOTI/DP/B06WWNQYYG
FAREECEEK	FAREECEEK	amazon.in	HTTPS://WWW.AMAZON.IN/JADE-ROLLER-BEAUTIFUL-SKIN-DETOX/DP/B07RKVR7TL
FAROOT	FAROOT	amazon.in	HTTPS://WWW.AMAZON.IN/FAROOT-ARTIFICIAL-TROPICAL-GREENERY-ARRANGEMENT/DP/B08DCM9VSY
FARRIDORO	FARRIDORO	amazon.in	HTTPS://WWW.AMAZON.IN/FARRIDORO-BLANKET-51INCHES-67INCHES-BLANKETS/DP/B07Z2GNJXY
FARSLER	FARSLER	amazon.in	HTTPS://WWW.AMAZON.IN/FARSLER-BASEBALL-ALUMINUM-THICKENED-SELF-DEFENSE/DP/B0874HYW4K
FARSLER	FARSLER	amazon.in	HTTPS://WWW.AMAZON.IN/FARSLER-BASEBALL-ALUMINUM-ALLOY-DEFENSE/DP/B085DK1YWM
FARZI	FARZI	amazon.in	HTTPS://WWW.AMAZON.IN/FARZI-BIRYANI-MRIDULA-SONI/DP/9357049002
FASHION888	FASHION888	amazon.in	HTTPS://WWW.AMAZON.IN/FASHION888-REUSABLE-WASHABLE-DOUBLE-SIDED-CLEANSING/DP/B08PQLT4JK
FASHMADE	FASHMADE	amazon.in	HTTPS://WWW.AMAZON.IN/FASHMADE-DESIGN-MICRO-FORMAL-MULTICOLOUR/DP/B07MY4QLFZ
FASHMADE	FASHMADE	amazon.in	HTTPS://WWW.AMAZON.IN/FASHMADE-PRINTED-PATTERN-NECKTIES-VISIBLE/DP/B07SKBPGBS
FASHMADE	FASHMADE	amazon.in	HTTPS://WWW.AMAZON.IN/FASHMADE-OPTIONS-FORMAL-CASUAL-COLORS/DP/B08522DMJW
FASHMADE	FASHMADE	amazon.in	HTTPS://WWW.AMAZON.IN/FASHMADE-PURPLE-FORMAL-CASUAL-SATIN/DP/B084TNFRM5
FASHMADE	FASHMADE	amazon.in	HTTPS://WWW.AMAZON.IN/FASHMADE-DESIGN-PREMIUM-VISIBLE-PICTURE/DP/B07TSJJ627
FASHMADE	FASHMADE	amazon.in	HTTPS://WWW.AMAZON.IN/FASHMADE-PRINTED-PATTERN-BROAD-98-OPTIONS/DP/B07MZVC35J
FASHMADE	FASHMADE	amazon.in	HTTPS://WWW.AMAZON.IN/FASHMADE-WHERE-FASHION-MADE-MULTICOLOUR/DP/B07SBVT94N
FASHMADE	FASHMADE	amazon.in	HTTPS://WWW.AMAZON.IN/FASHMADE-ADJUSTABLE-BASEBALL-COMBO-UNISEX/DP/B0859YS9T2
FASHMADE	FASHMADE	amazon.in	HTTPS://WWW.AMAZON.IN/FASHMADE-BASEBALL-COMBO-WOMEN-GILRS/DP/B07QWRSJL1
FASHMADE	FASHMADE	amazon.in	HTTPS://WWW.AMAZON.IN/FASHMADE-WHERE-FASHION-IS-MADE/DP/B07MZT3BNR
FASHMADE	FASHMADE	amazon.in	HTTPS://WWW.AMAZON.IN/FASHMADE-FORMAL-CAUSAL-POCKET-SQUARE-OPTIONS/DP/B07N7NN8DB
FASIGO	FASIGO	amazon.in	HTTPS://WWW.AMAZON.IN/FASIGO-MAGNETIC-STONES-MAGNET-STRATEGY/DP/B0CMQFBWZP
FASISA	FASISA	amazon.in	HTTPS://WWW.AMAZON.IN/FASISA-WATERPROOF-THICKNESS-SCRATCH-RESISTANCE/DP/B071K5RDK2
FASTEP	FASTEP	amazon.in	HTTPS://WWW.AMAZON.IN/FASTEP-PANEL-URINE-DRUG-TEST/DP/B0FMFJNY2L
FASTORM	FASTORM	amazon.in	HTTPS://WWW.AMAZON.IN/FASTORM-ATHLETIC-ACTIVEWEAR-WORKOUT-SWEATSHIRT/DP/B083R786M6
FASTSPOK	FASTSPOK	amazon.in	HTTPS://WWW.AMAZON.IN/FASTSPOK-SANDWICH-CUTTER-SEALER-SET/DP/B0B31JS5J1
FASUNRY	FASUNRY	amazon.in	HTTPS://WWW.AMAZON.IN/FASUNRY-10-PIECE-INVISIBLE-DECORATIVE-12-PIECE/DP/B07FXQ1ZM4
FATIYA	FATIYA	amazon.in	HTTPS://WWW.AMAZON.IN/FATIYA-STAMPING-PERMANENT-FINGERPRINT-WASHABLE/DP/B0DPMGVPFT
FATIZONE	FATIZONE	amazon.in	HTTPS://WWW.AMAZON.IN/FATIZONE-WACKY-TRACKS-FIDGET-SENSORY/DP/B08Q8SCFPY
FATUDOZ	FATUDOZ	amazon.in	HTTPS://WWW.AMAZON.IN/FATUDOZ-CH-27-FL-ACTUATOR-REPLACEMENT-2007-2011/DP/B09FF3PNK1
FAUNOW	FAUNOW	amazon.in	HTTPS://WWW.AMAZON.IN/FAUNOW-MICROPHONE-CONNECTION-CONFERENCING-COMMENTATION/DP/B0CKHP45KC
FAUROREST	FAUROREST	amazon.in	HTTPS://WWW.AMAZON.IN/PUT-TAKE-SPINNER-GAMBLING-FAUROREST/DP/B095PQKB33
FAVEAUX	FAVEAUX	amazon.in	HTTPS://WWW.AMAZON.IN/FAVEAUX-TEALIGHT-CYLINDER-STANDARD-BIRTHDAY/DP/B09Q1F4T92
FAVFACTORY	FAVFACTORY	amazon.in	HTTPS://WWW.AMAZON.IN/FAVFACTORY-READING-PILLOW-POCKETS-SITTING/DP/B07D2LGLMH
FAYMIZSA	FAYMIZSA	amazon.in	HTTPS://WWW.AMAZON.IN/FAYMIZSA-TACHOMETER-COLOR-WATERPROOF-MARINE%EF%BC%88BLACK%EF%BC%89/DP/B0C81FGK8J
FAYOMIR	FAYOMIR	amazon.in	HTTPS://WWW.AMAZON.IN/FAYOMIR-TABLESPOON-SELECTED-STAINLESS-MEATBALL/DP/B07MGRJZ3Z
FAYOMIR	FAYOMIR	amazon.in	HTTPS://WWW.AMAZON.IN/FAYOMIR-COOKIE-SCOOP-SET-TABLESPOON/DP/B07SR7M6Y9
FAYQUAZE	FAYQUAZE	amazon.in	HTTPS://WWW.AMAZON.IN/FAYQUAZE-PORTABLE-FOLDABLE-STORAGE-SERVING/DP/B09HBYS44P
FBB	FBB	amazon.in	HTTPS://WWW.AMAZON.IN/STORES/FBB/PAGE/6390B257-5F8C-49D0-B7C8-870130EB2CF0
FBDCYIA	FBDCYIA	amazon.in	HTTPS://WWW.AMAZON.IN/FBDCYIA-CHARLES-8-7INCH-SPIDER-STUFFED/DP/B0BW3MV49D
FBDCYIA	FBDCYIA	amazon.in	HTTPS://WWW.AMAZON.IN/FBDCYIA-CHARLES-8-7INCH-FORM%EF%BC%8CGIFT-STUFFED/DP/B0BXJ7VHX7
FDJHD	FDJHD	amazon.in	HTTPS://WWW.AMAZON.IN/FDJHD-ARTIFICIAL-FLOWERS-DECORATION-SCRAPBOOKING/DP/B07NSXRFWS
FDSAG	FDSAG	amazon.in	HTTPS://WWW.AMAZON.IN/FDSAG-WIRELESS-DIMMABLE-ADJUSTABLE-EYE-CARING/DP/B0CBFP93Z3
FEASTEERY	FEASTEERY	amazon.in	HTTPS://WWW.AMAZON.IN/HANGERS-TROUSERS-NON-SLIP-MULTIPLE-ORGANIZER/DP/B093FW23ZP
FEATHERVIEW	FEATHERVIEW	amazon.in	HTTPS://WWW.AMAZON.IN/FEATHERVIEW-CLASSIC-HARMFUL-GLASSES-MAGNIFICATION/DP/B01L0IH4MM
FEAYA	FEAYA	amazon.in	HTTPS://WWW.AMAZON.IN/FEAYA-SUMMER-SUITS-PIECES-SHORTS/DP/B083P6TF67
FECHIX	FECHIX	amazon.in	HTTPS://WWW.AMAZON.IN/FECHIX-UPGRADED-REMOVABLE-SWITCHABLE-TRAVELING/DP/B084Z7DG8K
FEDARFOX	FEDARFOX	amazon.in	HTTPS://WWW.AMAZON.IN/KEYBOARD-FEDARFOX-BACKLIT-ILLUMINATED-COMPUTER/DP/B0BMPJ61VN
FEDIO	FEDIO	amazon.in	HTTPS://WWW.AMAZON.IN/FEDIO-PRINCESS-BUTTERFLY-COSTUME-BIRTHDAY/DP/B083PXX5RY
FEELFRESH	FEELFRESH	amazon.in	HTTPS://WWW.AMAZON.IN/FEELFRESH-MOUTHCARE-MOUTHWASH-ARTIFICIAL-FLAVOUR/DP/B08GS1TBTG
FEELJULY	FEELJULY	amazon.in	HTTPS://WWW.AMAZON.IN/FEELJULY-ELECTRIC-RECHARGEABLE-BATTERY-TOUCHSCREEN/DP/B0CGXB4CS3
FEELMEM	FEELMEM	amazon.in	HTTPS://WWW.AMAZON.IN/FEELMEM-COMPUTER-BRACELET-PROGRAMMER-SOFTWARE/DP/B07F91HY4W
FEEYAA	FEEYAA	amazon.in	HTTPS://WWW.AMAZON.IN/FEEYAA-ADJUSTABLE-DUMBBELLS-CONNECTING-EXERCISE/DP/B096BDBZF4
FEFELIGHTUP	FEFELIGHTUP	amazon.in	HTTPS://WWW.AMAZON.IN/FEFELIGHTUP-STRING-LIGHTS-9-8-FEET-METERS/DP/B01NBQK24A
FEIDIAO	FEIDIAO	amazon.in	HTTPS://WWW.AMAZON.IN/FEIDIAO-EMBOSSED-NOTEBOOKS-BALLPOINT-HARDCOVER/DP/B0C5ZRCG86
FEIERYA	FEIERYA	amazon.in	HTTPS://WWW.AMAZON.IN/FEIERYA-AUTOMATIC-SHUFFLER-PLAYING-ELECTRIC/DP/B09Q69K331
FEIFEIER	FEIFEIER	amazon.in	HTTPS://WWW.AMAZON.IN/FEIFEIER/B/REF=BL_DP_S_MW_19664620031?IE=UTF8&NODE=19664620031&FIELD-LBR_BRANDS_BROWSE-BIN=FEIFEIER
FEIFULL	FEIFULL	amazon.in	HTTPS://WWW.AMAZON.IN/FEIFULL-FISHING-HUNTING-WATERPROOF-BOOTFOOT/DP/B09KQ2DM2W
FEILIX	FEILIX	amazon.in	HTTPS://WWW.AMAZON.IN/FEILIX-ARTIFICIAL-BRANCHES-DECORATIVE-FARMHOUSE/DP/B08R225FF5
FEILU	FEILU	amazon.in	HTTPS://WWW.AMAZON.IN/FEILU-WOMENS-V-NECK-EMBROIDERED-CROCHET/DP/B082MTJLRH
FEIORN	FEIORN	amazon.in	HTTPS://WWW.AMAZON.IN/FEIORN-ADJUSTABLE-VIBRATION-ARTHRITIS-MASSAGING/DP/B0CNRQC5HN
FEISHIBANG	FEISHIBANG	amazon.in	HTTPS://WWW.AMAZON.IN/FEISHIBANG-RESISTANCE-TRAINING-SHOULDER-EQUIPMENT/DP/B086DG8GDS
FEISMAN	FEISMAN	amazon.in	HTTPS://WWW.AMAZON.IN/FEISMAN-13-13-3-WATER-RESISTANT-MACBOOK-BRIEFCASE/DP/B071G14FB8
FEISMAN	FEISMAN	amazon.in	HTTPS://WWW.AMAZON.IN/FEISMAN-COMPUTER-COMPATIBLE-MACBOOK-SURFACE/DP/B071WK651V
FEIYOUNG	FEIYOUNG	amazon.in	HTTPS://WWW.AMAZON.IN/FEIYOUNG-WOMENS-SWIMSUIT-DRESSES-BACKLESS/DP/B09TW5YVDR
FELACIA	FELACIA	amazon.in	HTTPS://WWW.AMAZON.IN/FELACIA-WOMENS-FASHION-SLEEVE-T-SHIRT/DP/B07B9ZTQVX
FELACIA	FELACIA	amazon.in	HTTPS://WWW.AMAZON.IN/FELACIA-PRIYA-RESIN-CLOCK-INCHES/DP/B0DCT38NP4
FELISHINE	FELISHINE	amazon.in	HTTPS://WWW.AMAZON.IN/FELISHINE-BATTERY-OPERATED-CHRISTMAS-DECORATIONS/DP/B07RL5F4TS
FELISHINE	FELISHINE	amazon.in	HTTPS://WWW.AMAZON.IN/FELISHINE-BUTTERFLY-VALENTINES-CHRISTMAS-MULTICOLOR/DP/B08M3JM1QD
FELISUN	FELISUN	amazon.in	HTTPS://WWW.AMAZON.IN/FELISUN-MICROFIBER-CLEANING-REPLACEMENT-REUSABLE/DP/B0BG2C1TH9
FELIZER	FELIZER	amazon.in	HTTPS://WWW.AMAZON.IN/FELIZER-DUAL-MULTI-TIME-ANALOG/DP/B0DWSBVGZX
FELIZER	FELIZER	amazon.in	HTTPS://WWW.AMAZON.IN/FELIZER-DIGITAL-WATCH-SPORTS-METAL/DP/B0DWSR7WQ5
FEMFADY	FEMFADY	amazon.in	HTTPS://WWW.AMAZON.IN/FEMFADY-SLEEVELESS-SPAGHETTI-SUNDRESSES-POCKETS/DP/B09QX99VJQ
FEMIVO	FEMIVO	amazon.in	HTTPS://WWW.AMAZON.IN/FEMIVO-DIGITAL-AUTOFOCUS-MEGAPIXELS-RESOLUTION/DP/B0BCPCSTNB
FENGFENGDENG	FENGFENGDENG	amazon.in	HTTPS://WWW.AMAZON.IN/FENGFENGDENG-EMBROIDERED-BASEBALL-SNAPBACK-ADJUSTABLE/DP/B09WVN3S3S
FENGLEMA	FENGLEMA	amazon.in	HTTPS://WWW.AMAZON.IN/FENGLEMA-PROTECTION-SUNSCREEN-BREATHABLE-BANDANA/DP/B087F5MMH2
FENGYOO	FENGYOO	amazon.in	HTTPS://WWW.AMAZON.IN/FENGYOO-PERFORATED-SHEETS-EXPANDED-SHEETS-PERFORATED-VENTILATION/DP/B09SF1PG6L
FENJAR	FENJAR	amazon.in	HTTPS://WWW.AMAZON.IN/FENJAR-ELEGANCE-HEPBURN-DRESSES-PLEATED/DP/B07TPBPFPM
FENVELLA	FENVELLA	amazon.in	HTTPS://WWW.AMAZON.IN/FENVELLA-HALLOWEEN-STAINLESS-DECORATION-LANTERN/DP/B09C619MR9
FEPOREN	FEPOREN	amazon.in	HTTPS://WWW.AMAZON.IN/DOG-CAR-SEAT-SMALL-BOOSTER/DP/B0CCJ3FXQ8
FERDIM	FERDIM	amazon.in	HTTPS://WWW.AMAZON.IN/FERDIM-SKATEBOARD-SKATEBOARDING-ROLLERBLADE-HOVERBOARD/DP/B08336Q3J2
FERENU	FERENU	amazon.in	HTTPS://WWW.AMAZON.IN/PACK-REUSABLE-ICED-COFFEE-SLEEVES/DP/B09C87ZJ1K
FERRICOS	FERRICOS	amazon.in	HTTPS://WWW.AMAZON.IN/FERRICOS-MULTI-FUNCTION-CAPACITY-GENUINE-LEATHER/DP/B083Q8YTRJ
FERRTYE	FERRTYE	amazon.in	HTTPS://WWW.AMAZON.IN/FERRTYE-OVERSIZED-CARDIGAN-SWEATERS-CARDIGANS/DP/B08JZB6XKK
FESTIKIT	FESTIKIT	amazon.in	HTTPS://WWW.AMAZON.IN/FESTIKIT-AMAZING-DIGITAL-CIRCUS-BIRTHDAY/DP/B0CP41KR6P
FETTORLER	FETTORLER	amazon.in	HTTPS://WWW.AMAZON.IN/KITCHEN-ABSORBENT-FETTORLER-MICROFIBER-CATCHER/DP/B09MD5SJY8
FGBNM	FGBNM	amazon.in	HTTPS://WWW.AMAZON.IN/FGBNM-TRAINING-EXERCISE-EQUIPMENT-BASKETBALL/DP/B0BXSPGTPJ
FGDFGDG	FGDFGDG	amazon.in	HTTPS://WWW.AMAZON.IN/FGDFGDG-BATTERY-OPERATED-VINTAGE-CHIMENEA/DP/B095WVMGGW
FGERTTS	FGERTTS	amazon.in	HTTPS://WWW.AMAZON.IN/FGERTTS-RAINBOW-FANCY-PRIDE-WREATH/DP/B0992NG7LH
FGGG	FGGG	amazon.in	HTTPS://WWW.AMAZON.IN/FGGG/S?K=FGGG
FGHJ	FGHJ	amazon.in	HTTPS://WWW.AMAZON.IN/FGHJ-SNEAKERS-LIGHTWEIGHT-BREATHABLE-TRAINING/DP/B086ZJQZGP
FGHJ	FGHJ	amazon.in	HTTPS://WWW.AMAZON.IN/FGHJ-SNEAKERS-LIGHTWEIGHT-BREATHABLE-TRAINING/DP/B086ZHYVRM
FGSTYLE	FGSTYLE	amazon.in	HTTPS://WWW.AMAZON.IN/ULTRA-THICK-FARMHOUSE-OUTDOOR-BATHROOM-12%C3%9712INCH%EF%BC%89/DP/B0B11SX4ZB
FGZKJ	FGZKJ	amazon.in	HTTPS://WWW.AMAZON.IN/FGZKJ-SCISSOR-MAXIMUM-CAPACITY-REPLACEMENT/DP/B09MVGQMKJ
FHASSO	FHASSO	amazon.in	HTTPS://WWW.AMAZON.IN/FHASSO-LUXURY-BAMBOO-ECO-FRIENDLY-NATURAL/DP/B07ZG2SRWJ
FHINE	FHINE	amazon.in	HTTPS://WWW.AMAZON.IN/FHINE-LEGGINGS-POCKETS-WOMEN-COMPRESSION/DP/B09VCQ9GMY
FHINE	FHINE	amazon.in	HTTPS://WWW.AMAZON.IN/FHINE-BUTTERY-WORKOUT-RUNNING-LEGGINGS/DP/B0CP6K8V24
FHTEC	FHTEC	amazon.in	HTTPS://WWW.AMAZON.IN/FHTEC-SPOTLIGHT-WATERPROOF-FLASHLIGHT-HUNTING/DP/B08R37NW2G
FIDICO	FIDICO	amazon.in	HTTPS://WWW.AMAZON.IN/FIDICO-ELECTRIC-BRUSHLESS-MPH%EF%BC%8C20-23-LONG-RANGE/DP/B08SJLVWFT
FIEIYOB	FIEIYOB	amazon.in	HTTPS://WWW.AMAZON.IN/ADULTS-NAPPING-REMOVABLE-MACHINE-WASHABLE/DP/B0BYN4WKHZ
FIEMAOVES	FIEMAOVES	amazon.in	HTTPS://WWW.AMAZON.IN/FIEMAOVES-WOMENS-SPAGHETTI-SLEEVELESS-DRESSES/DP/B083XCJ75D
FIEMAOVES	FIEMAOVES	amazon.in	HTTPS://WWW.AMAZON.IN/FIEMAOVES-BACKLESS-WEDDING-COCKTAIL-DRESSES/DP/B09DZ5BSV3
FIFU	FIFU	amazon.in	HTTPS://WWW.AMAZON.IN/FIFU-REVERSIBLE-COVERLET-GEOMETRIC-2-MATCHING/DP/B09RV9Z626
FIINER	FIINER	amazon.in	HTTPS://WWW.AMAZON.IN/FIINER-WEIGHTED-HULA-ADULTS-WEIGHT/DP/B095SDYWM9
FILHOME	FILHOME	amazon.in	HTTPS://WWW.AMAZON.IN/FILHOME-COLLAR-STAINLESS-WALKING-TRAINING/DP/B08C9JN2F2
FILWO	FILWO	amazon.in	HTTPS://WWW.AMAZON.IN/FILWO-COMFORTABLE-SHOCK-ABSORBING-TRAINERS-EVERYDAY/DP/B091V2CTXD
FIMGHSOO	FIMGHSOO	amazon.in	HTTPS://WWW.AMAZON.IN/FIMGHSOO-ERGONOMIC-BABY-CARRIER-BREASTFEEDING/DP/B08B1K4PHL
FIMGHSOO	FIMGHSOO	amazon.in	HTTPS://WWW.AMAZON.IN/FIMGHSOO-WATERPROOF-APRON-ADJUSTABLE-RESISTANT-BARBECUE/DP/B0BZHFL5DT
FINDMYDUCK	FINDMYDUCK	amazon.in	HTTPS://WWW.AMAZON.IN/FINDMYDUCK-ANTI-FATIGUE-WATERPROOF-CUSHIONED-ERGONOMIC/DP/B095JLL56M
FINDTICI	FINDTICI	amazon.in	HTTPS://WWW.AMAZON.IN/FACIAL-REMOVAL-FINDTICI-EPILATOR-SIDEBURNS/DP/B0BFBHVPBZ
FINEBELY	FINEBELY	amazon.in	HTTPS://WWW.AMAZON.IN/FINEBELY-AMUSEMENT-BUILDING-FAIRGROUND-ROLLERCOASTER/DP/B0BCTDJ5B6
FINEFEY	FINEFEY	amazon.in	HTTPS://WWW.AMAZON.IN/FINEFEY-RING-WOMEN-STERLING-SILVER/DP/B083R4VT3N
FINEFRARM	FINEFRARM	amazon.in	HTTPS://WWW.AMAZON.IN/FINEFRARM-DISPLAY-PICTURE-WITHOUT-MOUNTING/DP/B083VZBLVV
FINEFRARM	FINEFRARM	amazon.in	HTTPS://WWW.AMAZON.IN/FINEFRARM-PICTURES-PAINTINGS-FARMHOUSE-DISTRESSED/DP/B0BYT7XR6W
FINEFRARM	FINEFRARM	amazon.in	HTTPS://WWW.AMAZON.IN/FINEFRARM-PICTURES-FARMHOUSE-DISTRESSED-MOUNTING/DP/B09TW2RT36
FINEWARE	FINEWARE	amazon.in	HTTPS://WWW.AMAZON.IN/FINEWARE-MELAMINE-SERVING-RESTAURANT-TABLEWARE/DP/B0FY6QMK1Q
FINIZO	FINIZO	amazon.in	HTTPS://WWW.AMAZON.IN/FINIZO-SWIMSUIT-BEACHWEAR-THROUGH-SWIMWEAR/DP/B0953Z5MQK
FINROS	FINROS	amazon.in	HTTPS://WWW.AMAZON.IN/FINROS-FASHION-DECORATIVE-SHOWER-CURTAIN/DP/B072R6GX6X
FIOLEES	FIOLEES	amazon.in	HTTPS://WWW.AMAZON.IN/FIOLEES-PORTABLE-CASSETTE-MICROPHONE-RECORDING/DP/B0CMJDZ3PX
FIPPURK	FIPPURK	amazon.in	HTTPS://WWW.AMAZON.IN/FIPPURK-MASSAGER-RELIE%EF%BC%8CHEATED-RELIEF%EF%BC%8CCRAMPS-RECHARGEABLE/DP/B098L6TQQL
FIRKIAL	FIRKIAL	amazon.in	HTTPS://WWW.AMAZON.IN/FIRKIAL-FIRKIAL-WOMEN-AND-GIRL-SWIMSUIT-COVER-UPS-BELL-SLEEVE-RUFFLE-HEM-MATCHING-OUTFIT-BATHING-SWIMWEAR-FAMILY-BEACH-DRESS/DP/B09Y23S1GQ
FIROK	FIROK	amazon.in	HTTPS://WWW.AMAZON.IN/GENERIC-FIROK-FOR-BABY-GIRAL/DP/B09ZL869YQ
FIRST2SAVVV	FIRST2SAVVV	amazon.in	HTTPS://WWW.AMAZON.IN/FIRST2SAVVV-BATTERIES-FUNCTION-WATERPROOF-REPLACEMENT/DP/B08XJLS4TK
FIRSTALL	FIRSTALL	amazon.in	HTTPS://WWW.AMAZON.IN/FIRSTALL-KITCHEN-APRONS-YELLOW-5-9/DP/B09SG2NDTS
FIRSTINFOTOOLSFITYOURNEEDS	FIRSTINFOTOOLSFITYOURNEEDS	amazon.in	HTTPS://WWW.AMAZON.IN/STORES/FIRSTINFOTOOLSFITYOURNEEDS/PAGE/F92FF4F0-7611-4A90-93D0-B2C5E6CA525F
FIRSTINFOTOOLSFITYOURNEEDS	FIRSTINFOTOOLSFITYOURNEEDS	amazon.in	HTTPS://WWW.AMAZON.IN/STORES/FIRSTINFOTOOLSFITYOURNEEDS/TORQUETOOLS/PAGE/97AD12B0-5D75-45A5-987D-FA7FFAB1367B
FIRSTLIKE	FIRSTLIKE	amazon.in	HTTPS://WWW.AMAZON.IN/FIRSTLIKE-ELECTRIC-DEGREE-LANTERN-EMERGENCY/DP/B0BZWSXMCY
FIRSTSIX	FIRSTSIX	amazon.in	HTTPS://WWW.AMAZON.IN/FIRSTSIX-3PCS-ARTIFICIAL-FILLING-FLUFFY-NON-SHEDDING-DETACHABLE/DP/B09WN3ZVD6
FIRVRE	FIRVRE	amazon.in	HTTPS://WWW.AMAZON.IN/FIRVRE-FLOOR-ADJUSTABLE-ARCHITECT-STANDING/DP/B09BYVMVRG
FITATH	FITATH	amazon.in	HTTPS://WWW.AMAZON.IN/FITATH-WOMENS-LOUNGE-PAJAMA-BOTTOMS/DP/B08TRKLKSX
FITBOX	FITBOX	amazon.in	HTTPS://WWW.AMAZON.IN/FITBOX-SPORTS-DUMBBELLS-WEIGTH-PLATES/DP/B09Z354M7K
FITGURU	FITGURU	amazon.in	HTTPS://WWW.AMAZON.IN/FITGURU-MYOFASCIAL-PRESSURE-RELIEF-PERFECT-ATHLETES/DP/B07S8H33C6
FITGURU	FITGURU	amazon.in	HTTPS://WWW.AMAZON.IN/FITGURU-EXERCISE-MULTICOLOR-FITNESS-STABILITY/DP/B07MQ1X9Q3
FITLASTICS	FITLASTICS	amazon.in	HTTPS://WWW.AMAZON.IN/FITLASTICS-RESISTANCE-STRETCHING-STRENGTH-EXERCISES/DP/B084BXT26J
FITLASTICS	FITLASTICS	amazon.in	HTTPS://WWW.AMAZON.IN/FITLASTICS-RESISTANCE-PILATES-FITNESS-WORKOUTS/DP/B07QDNJH4Z
FITLASTICS	FITLASTICS	amazon.in	HTTPS://WWW.AMAZON.IN/STORES/FITLASTICS/HOMEPAGE/PAGE/0825A045-B1B5-4F4A-BF4E-933D01686E5D
FITLASTICS	FITLASTICS	amazon.in	HTTPS://WWW.AMAZON.IN/STORES/FITLASTICS/ATSD255B082A59B8E6589F5E46FE2BD88F1PRODUCT/PAGE/BB397C51-8215-43DA-9D89-279F39759915
FITLYIEE	FITLYIEE	amazon.in	HTTPS://WWW.AMAZON.IN/FITLYIEE-BALCONY-RAILING-WINDOWS-DECORATE/DP/B07MGTLGCW
FITONFORM	FITONFORM	amazon.in	HTTPS://WWW.AMAZON.IN/FIT-FORM-WEIGHTED-FITNESS-FITONFORM/DP/B099WJCM17
FLASHSEEN	FLASHSEEN	amazon.in	HTTPS://WWW.AMAZON.IN/FLASHSEEN-RECHARGEABLE-GLOWING-WEBBING-PERFECT/DP/B0912JBXGR
FLASHSEEN	FLASHSEEN	amazon.in	HTTPS://WWW.AMAZON.IN/FLASHSEEN-COLLAR-RECHARGEABLE-ADJUSTABLE-COMFORTABLE/DP/B07P9YJDYS
FLEEKEN	FLEEKEN	amazon.in	HTTPS://WWW.AMAZON.IN/FLEEKEN-CANCELLING-BLUETOOTH-WIRELESS-EARPHONES/DP/B07RS2HM4L
FLENWGO	FLENWGO	amazon.in	HTTPS://WWW.AMAZON.IN/FLENWGO-WOMENS-COTTON-THERMAL-UNDERWEAR/DP/B08P8RXXP6
FLIBYT	FLIBYT	amazon.in	HTTPS://WWW.AMAZON.IN/FLIBYT-ALTERNATIVE-PROTECTION-PREVENTION-10FT-2PACK/DP/B0B7ZR2R2H
FLOATGO	FLOATGO	amazon.in	HTTPS://WWW.AMAZON.IN/FLOATGO-LEVITATING-CONUTERTOP-SNEAKERHEAD-DECORATION/DP/B09QRXY44K
FLORAUSPICIOUS	FLORAUSPICIOUS	amazon.in	HTTPS://WWW.AMAZON.IN/FLORAUSPICIOUS-OIL-SPRAYER-COOKING-REFILLABLE/DP/B0BR4DTGPG
FLYANT	FLYANT	amazon.in	HTTPS://WWW.AMAZON.IN/FLYANT-12X25-HIGH-POWERED-BINOCULARS/DP/B0DK953J5Q
FLYWIND	FLYWIND	amazon.in	HTTPS://WWW.AMAZON.IN/FLYWIND-INSULATED-LEAKPROOF-OFFICE-SCHOOL/DP/B0BRNLFRS2
FLYWIND	FLYWIND	amazon.in	HTTPS://WWW.AMAZON.IN/FLYWIND-COLORFUL-PRINCESS-CROSSBODY-HANDBAGS/DP/B0BVLVYNRW
FLYZOE	FLYZOE	amazon.in	HTTPS://WWW.AMAZON.IN/FLYZOE-REMOTE-CONTROL-CAR-2-4GHZ/DP/B078HD2RFN
FLZOAVEUS	FLZOAVEUS	amazon.in	HTTPS://WWW.AMAZON.IN/FLZOAVEUS-EDUCATIONAL-CARDS-TEACH-SUBTRACTION-PRESCHOOL/DP/B07TDZF91W
FMNNFP	FMNNFP	amazon.in	HTTPS://WWW.AMAZON.IN/FMNNFP-LARGE-DECORATIVE-WALL-CLOCK/DP/B0BBRHVDRZ
FOCHST	FOCHST	amazon.in	HTTPS://WWW.AMAZON.IN/FOCHST-CRYSTAL-HAIR-ERASER-EXFOLIATION/DP/B0BFHPFJM1
FOCUSIFY	FOCUSIFY	amazon.in	HTTPS://WWW.AMAZON.IN/FOCUSIFY-DIGITAL-PHOTOGRAPHY-AUTOFOCUS-BEGINNERS/DP/B0D5H9XTZW
FOCUSIFY	FOCUSIFY	amazon.in	HTTPS://WWW.AMAZON.IN/FOCUSIFY-DIGITAL-PHOTOGRAPHY-AUTOFOCUS-BEGINNERS/DP/B0D2CT2FXR
FOCUSIFY	FOCUSIFY	amazon.in	HTTPS://WWW.AMAZON.IN/FOCUSIFY-DIGITAL-AUTOFOCUS-BEGINNERS-CDF5S/DP/B0CSFGKYH1
FOIBURELY	FOIBURELY	amazon.in	HTTPS://WWW.AMAZON.IN/FOIBURELY-HATCHING-GOULDIAN-SOCIETY-EGGS%EF%BC%8816MM12MM%EF%BC%89/DP/B08NJVLPPZ
FOIBURELY	FOIBURELY	amazon.in	HTTPS://WWW.AMAZON.IN/FOIBURELY-HATCHING-COCKATOO-ECLECTUS-EGGS%EF%BC%8837MM27MM%EF%BC%89/DP/B08NTBRQN1
FOKIMDO	FOKIMDO	amazon.in	HTTPS://WWW.AMAZON.IN/FOKIMDO-ADJUSTABLE-DETACHABLE-THERMOELECTRIC-ULTRA-QUIET/DP/B0D6YGSXTD
FOLHAOTH	FOLHAOTH	amazon.in	HTTPS://WWW.AMAZON.IN/FOLHAOTH-TODDLERS-NON-SLIP-BREATHABLE-LIGHTWEIGHT/DP/B08CZQPW4H
FOLLEXMOE	FOLLEXMOE	amazon.in	HTTPS://WWW.AMAZON.IN/AUTOMATIC-PROFESSIONAL-ANTI-TANGLE-TEMPERATURE-ROTATING/DP/B0B3JC9596
FOLOME	FOLOME	amazon.in	HTTPS://WWW.AMAZON.IN/FOLOME-COMPATIBLE-TEMPERED-PROTECTOR-DIAMONDS/DP/B09H2BT15C
FOLUVUR	FOLUVUR	amazon.in	HTTPS://WWW.AMAZON.IN/FOLUVUR-FRAMELESS-CEILING-PERFECT-CENTERPIECES/DP/B09W4Q6KF9
FOMAILE	FOMAILE	amazon.in	HTTPS://WWW.AMAZON.IN/FOMAILE-UPGRADE-ORGANIZER-FOLDABLE-ORGANIZER-WASHABLE/DP/B09L8KRSFZ
FOMFRIENDSOFMEDITATION	FOMFRIENDSOFMEDITATION	amazon.in	HTTPS://WWW.AMAZON.IN/STORES/FOMFRIENDSOFMEDITATION/PAGE/4368EE0F-9966-4BE1-BB3C-85C68E96A310
FOMFRIENDSOFMEDITATION	FOMFRIENDSOFMEDITATION	amazon.in	HTTPS://WWW.AMAZON.IN/STORES/FOMFRIENDSOFMEDITATION/PAGE/5F2BFB02-BA06-44B4-8612-3F6F4F1AF62B
FOMOX	FOMOX	amazon.in	HTTPS://WWW.AMAZON.IN/FOMOX-BACKPACKS-FRIENDLY-RESISTANT-BUSINESS/DP/B086997Q3B
FONDDI	FONDDI	amazon.in	HTTPS://WWW.AMAZON.IN/FONDDI-FURNITURE-SELF-ADHESIVE-CABINET-SUPPORTS/DP/B08RYGZDBD
FONETA	FONETA	amazon.in	HTTPS://WWW.AMAZON.IN/ELECTRIC-DISPENSER-SILICONE-AUTOMATIC-DECANTER/DP/B09S5ZMXP1
FONICER	FONICER	amazon.in	HTTPS://WWW.AMAZON.IN/FONICER-MULTIMEDIA-TRACKBALL-CONTROLLER-STRUCTURE/DP/B094VVL7Q9
FONYVE	FONYVE	amazon.in	HTTPS://WWW.AMAZON.IN/FONYVE-SCARFS-LIGHTWEIGHT-FASHION-SLEEPING/DP/B08FSWNPK2
FOONEE	FOONEE	amazon.in	HTTPS://WWW.AMAZON.IN/FOONEE-WIRELESS-BLUETOOTH-SOUND-PROOF-PERFORMANCE/DP/B07HVT1CHG
FOONEE	FOONEE	amazon.in	HTTPS://WWW.AMAZON.IN/FOONEE-REUSABLE-SILICONE-WATERPROOF-SITUATIONS/DP/B07SPWVVTH
FORABAMB	FORABAMB	amazon.in	HTTPS://WWW.AMAZON.IN/FORABAMB-CABINET-MEDICINE-ADJUSTABLE-COMPARTMENTS/DP/B0BBG4VWXL
FORESH	FORESH	amazon.in	HTTPS://WWW.AMAZON.IN/FORESH-MULTIFLORAL-HONEY-250-GM/DP/B097QTP6Y2
FORESH	FORESH	amazon.in	HTTPS://WWW.AMAZON.IN/FORESH-WHITE-CREAM-HONEY-250/DP/B097QV83PT
FOREV	FOREV	amazon.in	HTTPS://WWW.AMAZON.IN/FOREV-MECHANICAL-KEYBOARD-HOTSWAP-SWITCHES/DP/B0DLJ2MKJZ
FORHAHA	FORHAHA	amazon.in	HTTPS://WWW.AMAZON.IN/FORHAHA-PROTECTION-COOLING-SLEEVES-PAIRS/DP/B094PLPWQV
FORICX	FORICX	amazon.in	HTTPS://WWW.AMAZON.IN/FORICX-MUSICIANS-ATHLETES-REHABILITATION-EXERCISING/DP/B07F5JSCP8
FORICX	FORICX	amazon.in	HTTPS://WWW.AMAZON.IN/FORICX-RUBBER-REACTION-BALL-MULTI-COLOUR/DP/B07BP7RR4W
FORICX	FORICX	amazon.in	HTTPS://WWW.AMAZON.IN/FORICX-REACTION-MULTI-COLOUR-COORDINATION-MULTI-COLOR/DP/B07BP7K943
FORICX	FORICX	amazon.in	HTTPS://WWW.AMAZON.IN/FORICX-PROFESSIONAL-SCIENTIFIC-INSTRUMENTS-STOPWATCH/DP/B07BP86K42
FORICX	FORICX	amazon.in	HTTPS://WWW.AMAZON.IN/FORICX-PACK-MARKER-CONES-INCH/DP/B07FXQRSFG
FORITY	FORITY	amazon.in	HTTPS://WWW.AMAZON.IN/PORTABLE-FORITY-TRAVELING-ADDITIONAL-APARTMENT/DP/B09B14XR9N
FORKALER	FORKALER	amazon.in	HTTPS://WWW.AMAZON.IN/FORKALER-STAINLESS-DEEPER-DISHWASHER-4-9INCHES/DP/B09SZ5T45Y
FORLRFIT	FORLRFIT	amazon.in	HTTPS://WWW.AMAZON.IN/FORLRFIT-STABILITY-EXERCISE-NON-SLIP-PHYSICAL/DP/B083Q3J873
FORLRFIT	FORLRFIT	amazon.in	HTTPS://WWW.AMAZON.IN/FORLRFIT-PHYSICAL-NON-SLIP-TRAINING-STABILITY/DP/B083Q4G5TY
FOROLY	FOROLY	amazon.in	HTTPS://WWW.AMAZON.IN/FOROLY-EDUCATIONAL-BUILDING-BLOCKS-APPROX/DP/B09NZVRFHG
FORSTREE	FORSTREE	amazon.in	HTTPS://WWW.AMAZON.IN/FORSTREE-TRANSPARENT-BACKPACK-RAINBOW-BLACK-LARGE/DP/B09ZXXNCHG
FORTGESCHE	FORTGESCHE	amazon.in	HTTPS://WWW.AMAZON.IN/FORTGESCHE-MULTIFUNCTION-DECORATION-RECHARGEABLE-BLACK-UPDATED/DP/B083W3S5D6
FORTGESCHE	FORTGESCHE	amazon.in	HTTPS://WWW.AMAZON.IN/FORTGESCHE-REFILLABLE-TOILETRIES-CONTAINERS-ACCESSORIES/DP/B07TT54X9S
FORTIKPO	FORTIKPO	amazon.in	HTTPS://WWW.AMAZON.IN/FORTIKPO-GLOW-DARK-FLYING-DISC/DP/B0CLM7LXS9
FORWISH	FORWISH	amazon.in	HTTPS://WWW.AMAZON.IN/FORWISH-MATTRESS-POCKETED-SPRING-INFUSED/DP/B09HN49SD8
FOSENHL	FOSENHL	amazon.in	HTTPS://WWW.AMAZON.IN/FOSENHL-HIGH-SPEED-FULL-SCALE-DIFFERENTIAL/DP/B0CNGMCXDK
FOSTUDORK	FOSTUDORK	amazon.in	HTTPS://WWW.AMAZON.IN/FOSTUDORK-SOCIAL-T-SHIRT-WOMENS-UNISEX/DP/B086MLTS1F
FOTEMIX	FOTEMIX	amazon.in	HTTPS://WWW.AMAZON.IN/INCH-BREAD-PROOFING-BASKET-PROFESSIONAL/DP/B07K7GLW21
FOUJOY	FOUJOY	amazon.in	HTTPS://WWW.AMAZON.IN/FOUJOY-NOSELESS-WIDENED-COMFORT-BICYCLE/DP/B07WZLZHLW
FOUMECH	FOUMECH	amazon.in	HTTPS://WWW.AMAZON.IN/FOUMECH-TRAINER-BELT-WAIST-TRIMMER-SLIMMING-BELT-SPORT/DP/B07K29SH4Q
FOURPLUSONE	FOURPLUSONE	amazon.in	HTTPS://WWW.AMAZON.IN/FOURPLUSONE-RESISTANCE-BUILDING-EXERCISE-TRAINING/DP/B083R63NTH
FOVYI	FOVYI	amazon.in	HTTPS://WWW.AMAZON.IN/FOVYI-GENSHIN-SCARAMOUCHE-STUFFED-PLUSHIE/DP/B0BX8MX3Z5
FOXDISK	FOXDISK	amazon.in	HTTPS://WWW.AMAZON.IN/FOXDISK-TABLES-REPELLENT-ENTERTAINING-OUTDOOR/DP/B09F964DKF
FOXTALE	FOXTALE	amazon.in	HTTPS://WWW.AMAZON.IN/STORES/FOXTALE/PAGE/F9C5E291-D956-49E8-AABF-8EE970E30262
FOYINBET	FOYINBET	amazon.in	HTTPS://WWW.AMAZON.IN/FOYINBET-SWIMMING-TRAINING-FLIPPERS-SNORKELING/DP/B0B79LJ472
FRAFUO	FRAFUO	amazon.in	HTTPS://WWW.AMAZON.IN/FRAFUO-SILICONE-WATERPROOF-DRILLING-TECHNOLOGY/DP/B08Q84NBQS
FRAMODO	FRAMODO	amazon.in	HTTPS://WWW.AMAZON.IN/FRAMODO-COFFEE-STACKING-NESTING-TEMPERED/DP/B07FNQ43BS
FRANFUSION	FRANFUSION	amazon.in	HTTPS://WWW.AMAZON.IN/FRANFUSION-INFLATABLE-GAMING-HOLDERS-POCKET/DP/B0CYP5CBYL
FREDYSU	FREDYSU	amazon.in	HTTPS://WWW.AMAZON.IN/FREDYSU-RECHARGEABLE-MULTIFUNCTIONAL-BLUETOOTH-LUXURIOUS/DP/B0CGTSS2C3
FREEPRANCE	FREEPRANCE	amazon.in	HTTPS://WWW.AMAZON.IN/FREEPRANCE-WOMENS-TROUSER-ELASTIC-POCKETS/DP/B082RQQCT3
FREIHAFEN	FREIHAFEN	amazon.in	HTTPS://WWW.AMAZON.IN/FREIHAFEN/DP/1248746295
FRESCORR	FRESCORR	amazon.in	HTTPS://WWW.AMAZON.IN/FRESCORR-BRIDAL-GOLDEN-FLOWER-WEDDING/DP/B0BZ591RRW
FRESCORR	FRESCORR	amazon.in	HTTPS://WWW.AMAZON.IN/FRESCORR-12PCS-PEARL-ACCESSORIES-WOMEN/DP/B0BZ563VQX
FRESHME	FRESHME	amazon.in	HTTPS://WWW.AMAZON.IN/FRESHME-MOISTURIZING-MAKEUP-FOUNDATION-PACK/DP/B09GYDR2N7
FRICHO	FRICHO	amazon.in	HTTPS://WWW.AMAZON.IN/FRICHO-CHRISTMAS-STOCKING-ACCESSORIES-EVERYTHING/DP/B08CB2PP3W
FRIKE	FRIKE	amazon.in	HTTPS://WWW.AMAZON.IN/FRIKE-29-MOUNTAIN-BIKE-SPEEDS/DP/B09KV37MQ9
FRINGEKITT	FRINGEKITT	amazon.in	HTTPS://WWW.AMAZON.IN/FRINGEKITT-SLACKER-FLOOR-CHAIR-NON-ASSEMBLY/DP/B08CHKY189
FROJULY	FROJULY	amazon.in	HTTPS://WWW.AMAZON.IN/FROJULY-EGYPTIAN-POWERFUL-COSTUMES-HALLOWEEN/DP/B0CGRRXJWM
FROUXOUL	FROUXOUL	amazon.in	HTTPS://WWW.AMAZON.IN/FROUXOUL-INSTANT-CREAM-MAKER-SCRAPER/DP/B094D8TLJ1
FSJEE	FSJEE	amazon.in	HTTPS://WWW.AMAZON.IN/CONNECTOR-FSJEE-CONNECTORS-EXTENSION-SPLITTER/DP/B07Y7ZX5T3
FSJEE	FSJEE	amazon.in	HTTPS://WWW.AMAZON.IN/FSJEE-CONNECTOR-INCLUDE-SOLDERLESS-CONNECTION/DP/B0BTY4Q1BD
FSSQBFLC	FSSQBFLC	amazon.in	HTTPS://WWW.AMAZON.IN/FSSQBFLC-ASTRONAUT-PROJECTOR-DECORATION-HR-F3/DP/B0BZ4VNYCF
FTYQUEE	FTYQUEE	amazon.in	HTTPS://WWW.AMAZON.IN/FTYQUEE-STRETCHY-ADJUSTABLE-COMPATIBLE-WRISTBANDS/DP/B0DFKTK44X
FTYTEK	FTYTEK	amazon.in	HTTPS://WWW.AMAZON.IN/FTYTEK-COLORFUL-BIRTHDAY-GIRLFRIEND-CLASSMATES/DP/B078TVQQSR
FUAMEY	FUAMEY	amazon.in	HTTPS://WWW.AMAZON.IN/FUAMEY-RECOVERY-SURGICAL-ALTERNATIVE-ANTI-LICKING/DP/B09V7723YD
FUDUO	FUDUO	amazon.in	HTTPS://WWW.AMAZON.IN/FUDUO-CANCELLING-HEADPHONES-MOTORCYCLES-PROTECTION/DP/B092Q71DBJ
FUELLI	FUELLI	amazon.in	HTTPS://WWW.AMAZON.IN/FUELLI-SUNVISOR-TISSUE-PAPER-BIEGE/DP/B07PBBVB3D
FUHUIM	FUHUIM	amazon.in	HTTPS://WWW.AMAZON.IN/FUHUIM-MAGNIFYING-HANDHELD-PORTABLE-FOLDING/DP/B0BJ6TS3DS
FULAIDA	FULAIDA	amazon.in	HTTPS://WWW.AMAZON.IN/FULAIDA-LADIES-BRACELET-FASHION-ANALOG/DP/B0DQ5F356B
FULAIDA	FULAIDA	amazon.in	HTTPS://WWW.AMAZON.IN/FULAIDA-WOMENS-WATCH-CARTOON-SILICONE/DP/B0DX1W16GX
FULAIDA	FULAIDA	amazon.in	HTTPS://WWW.AMAZON.IN/FULAIDA-WOMENS-CROWN-SHAPED-CRYSTAL-BRACELET/DP/B0DX1SYRKX
FULAIDA	FULAIDA	amazon.in	HTTPS://WWW.AMAZON.IN/FULAIDA-WOMENS-DIGITAL-TOUCHSCREEN-SPORTS/DP/B0DX1X4L42
FULIE	FULIE	amazon.in	HTTPS://WWW.AMAZON.IN/FULIE-FLUFFY-LIVING-BEDSIDE-BEDROOM/DP/B091FMSLZB
FULIM	FULIM	amazon.in	HTTPS://WWW.AMAZON.IN/FULIM-BUILDING-ENGINEERING-CONSTRUCTION-VEHICLES/DP/B093GTQ828
FULLCCI	FULLCCI	amazon.in	HTTPS://WWW.AMAZON.IN/FULLCCI-15OZ-CREATIVE-CONSTELLATION-CAPACITY-ARIES-WHITE/DP/B089KQBR6W
FULLET	FULLET	amazon.in	HTTPS://WWW.AMAZON.IN/FULLET-SOUS-VIDE-WEIGHT-ACCESSORIES/DP/B09QPG3TGL
FULLOVE	FULLOVE	amazon.in	HTTPS://WWW.AMAZON.IN/AMBY-LONDON-FULLOVE-FOLLICLE-STIMULATOR/DP/B08V5H5HP6
FULLWARE	FULLWARE	amazon.in	HTTPS://WWW.AMAZON.IN/FULLWARE-INCH-LCD-WRITING-TABLET/DP/B0BBQSVLFW
FULUWT	FULUWT	amazon.in	HTTPS://WWW.AMAZON.IN/CAT-TUNNEL-BED-FULUWT-ANTI-COLLAPSE/DP/B0BV29SDL7
FUMAT	FUMAT	amazon.in	HTTPS://WWW.AMAZON.IN/FUMAT-LIVING-CONTRAL-BEDROOM-BEDSIDE/DP/B0BF41MMFR
FUMELPRO	FUMELPRO	amazon.in	HTTPS://WWW.AMAZON.IN/FUMELPRO-MOUNTED-POINTS-NUMBERS-ADHESIVE-WITHOUT/DP/B0CJQ1M4PY
FUNBLAST	FUNBLAST	amazon.in	HTTPS://WWW.AMAZON.IN/STORES/FUNBLAST/FUNBLAST/PAGE/EC41D83F-A3EE-4B79-B401-4E31C376628D
FUNBLAST	FUNBLAST	amazon.in	HTTPS://WWW.AMAZON.IN/FUNBLAST-WATCH-KIDS-WATERPROOF-BIRTHDAY/DP/B0BRKR73BZ
FUNGREEN	FUNGREEN	amazon.in	HTTPS://WWW.AMAZON.IN/FUNGREEN-TWO-WAY-PUTTER-GOLFERS-FOLDABLE/DP/B07X4WQ5FL
FUNIVALS	FUNIVALS	amazon.in	HTTPS://WWW.AMAZON.IN/FUNIVALS-COSTUME-HEADBAND-RED%EF%BC%8CHALLOWEEN-CLASSIC/DP/B0BGC5HNBF
FUNIVALS	FUNIVALS	amazon.in	HTTPS://WWW.AMAZON.IN/FUNIVALS-GLADIATOR-KIDS%EF%BC%8CSPARTAN-CHILD%EF%BC%8CFEARLESS-BOYS%EF%BC%8CKHAKI/DP/B095WKQSML
FUNMAYPOON	FUNMAYPOON	amazon.in	HTTPS://WWW.AMAZON.IN/FUNMAYPOON-ALUMINUM-TRANSITION-THRESHOLDS-THRESHOLD/DP/B0C4KTZPCK
FUNMAYPOON	FUNMAYPOON	amazon.in	HTTPS://WWW.AMAZON.IN/FUNMAYPOON-ALUMINUM-TRANSITION-THRESHOLD-INTERIOR/DP/B0BRSYM7YD
FUNNLI	FUNNLI	amazon.in	HTTPS://WWW.AMAZON.IN/FUNNLI-GIRLFRIEND-VALENTINES-ANNIVERSARY-BOYFRIEND/DP/B0BGQ9MSWR
FUNNYHOUSE	FUNNYHOUSE	amazon.in	HTTPS://WWW.AMAZON.IN/FUNNYHOUSE-NEGRO-ADRIENNE-KENNEDY/DP/0573621667
FUNOC	FUNOC	amazon.in	HTTPS://WWW.AMAZON.IN/FUNOC-REVERSIBLE-SEQUIN-PILLOWCASE-CUSHION/DP/B01MDT9WBL
FUNOURS	FUNOURS	amazon.in	HTTPS://WWW.AMAZON.IN/FUNOURS-IMPULSE-SEALING-MACHINE-HANDHELD/DP/B097PXLVN3
FUNSPONSOR	FUNSPONSOR	amazon.in	HTTPS://WWW.AMAZON.IN/FUNSPONSOR-SCRAPBOOK-VALENTINES-ANNIVERSARY-CLASSIC-5/DP/B07BLTGYBM
FUNTABEE	FUNTABEE	amazon.in	HTTPS://WWW.AMAZON.IN/FUNTABEE-SKELETON-OVERSIZED-NON-TICKING-KITCHENS/DP/B081TMS1ZW
FUNTABEE	FUNTABEE	amazon.in	HTTPS://WWW.AMAZON.IN/FUNTABEE-MID-CENTURY-HANGING-PLANTER-BASKETS/DP/B08XJRVC5B
FUNTEREST	FUNTEREST	amazon.in	HTTPS://WWW.AMAZON.IN/FUNTEREST-CLOCK-FLORAL-DECORATION-BEDROOM-ENTRYWAY/DP/B0D4HZXSDV
FUNTEREST	FUNTEREST	amazon.in	HTTPS://WWW.AMAZON.IN/FUNTEREST-HANGING-DECORATION-LIVING-BEDROOM/DP/B0B5QL42QF
FUNUS	FUNUS	amazon.in	HTTPS://WWW.AMAZON.IN/FUNUS-MOTIVATIONAL-FITNESS-OUTDOOR-WORKOUT/DP/B0917D324T
FUNVZU	FUNVZU	amazon.in	HTTPS://WWW.AMAZON.IN/FUNVZU-FISHING-NET-FOLDING-LANDING/DP/B089Y11FQQ
FUOCCI	FUOCCI	amazon.in	HTTPS://WWW.AMAZON.IN/FUOCCI-DEMITASSE-ESPRESSO-CUPS-SET/DP/B0BZB93R73
FUQILALA	FUQILALA	amazon.in	HTTPS://WWW.AMAZON.IN/FUQILALA-TORTOISEON-TORTOISE-FIGURINE-COINS%EF%BC%884-5/DP/B09G93L84G
FURADO	FURADO	amazon.in	HTTPS://WWW.AMAZON.IN/FURADO-RECHARGABLE-WIRELESS-RECEIVER-MACBOOK/DP/B0779BFZFL
FUTDO	FUTDO	amazon.in	HTTPS://WWW.AMAZON.IN/FUTDO-DIATOMACEOUS-BATHROOM-NON-SLIP-ABSORBENT/DP/B0CL44XKS1
FUTURETEC	FUTURETEC	amazon.in	HTTPS://WWW.AMAZON.IN/FUTURETEC-STAINLESS-COOKWARE-SET-INDUCTION/DP/B0DFSX32Y5
FUTURHYDRO	FUTURHYDRO	amazon.in	HTTPS://WWW.AMAZON.IN/FUTURHYDRO-CARPET-OFFICE-PROTECTOR-TRANSPARENT/DP/B0BBKWQBLL
FUXAFU	FUXAFU	amazon.in	HTTPS://WWW.AMAZON.IN/FUXAFU-PRESS%EF%BC%8CBOOKS-MATERIALS-BOOKBINDING-BOOKREPAIR/DP/B0F13N53RW
FUXISTE	FUXISTE	amazon.in	HTTPS://WWW.AMAZON.IN/EMBROIDERY-BEGINNER-HANDBAG-INSTRUCTIONS-INCLUDED/DP/B08ZRXXM5B
FVVMEED	FVVMEED	amazon.in	HTTPS://WWW.AMAZON.IN/FVVMEED-GEOMETRIC-REMOVABLE-PERSONALIZED-HEXAGONAL/DP/B08DD9DDHG
FVYVYV	FVYVYV	amazon.in	HTTPS://WWW.AMAZON.IN/FVYVYV-SQUISHY-TOYS%EF%BC%8CCUTE-TOY%EF%BC%8CSTRESS-RELIEVER/DP/B0C6F4BST1
FVYVYV	FVYVYV	amazon.in	HTTPS://WWW.AMAZON.IN/FVYVYV-SQUISHY-SQUEEZE-SENSORY-RELIEVER/DP/B0C6F3F96W
FXTNKYY	FXTNKYY	amazon.in	HTTPS://WWW.AMAZON.IN/FXTNKYY-HALLOWEEN-DECORATIONS-BANDAGE-ACCESSORIES/DP/B0B9XN6DS1
FYANER	FYANER	amazon.in	HTTPS://WWW.AMAZON.IN/FYANER-STAINLESS-TENDERIZER-INJECTION-ACCESSORIES/DP/B08SWP6PZ3
FYIYI	FYIYI	amazon.in	HTTPS://WWW.AMAZON.IN/FYIYI-GX120-CARBURETOR-HONDA-ENGINE/DP/B074G34DTQ
FYSCEMZZ	FYSCEMZZ	amazon.in	HTTPS://WWW.AMAZON.IN/FYSCEMZZ-20-UNIVERSAL-WELDING-REPLACEMENT/DP/B0BKVF8GVS
FYSCEMZZ	FYSCEMZZ	amazon.in	HTTPS://WWW.AMAZON.IN/FYSCEMZZ-20-UNIVERSAL-WELDING-REPLACEMENT/DP/B0BKVDH32L
FYSCEMZZ	FYSCEMZZ	amazon.in	HTTPS://WWW.AMAZON.IN/FYSCEMZZ-20-UNIVERSAL-WELDING-REPLACEMENT/DP/B0BKVFLWW7
FYWZXED	FYWZXED	amazon.in	HTTPS://WWW.AMAZON.IN/FYWZXED-ANIMATION-COMBINATION-NOTEBOOK-GRADUATION/DP/B0CS94YYTF
FYWZXED	FYWZXED	amazon.in	HTTPS://WWW.AMAZON.IN/NOTEBOOK-ANIMATION-COSPLAY-BIRTHDAY-GRADUATION/DP/B0BX92KT9T
FYZUX	FYZUX	amazon.in	HTTPS://WWW.AMAZON.IN/FYZUX-PORTABLE-PERSONAL-SMOOTHIES-RECHARGEABLE/DP/B0CPPTKNTH
FZROEZZ	FZROEZZ	amazon.in	HTTPS://WWW.AMAZON.IN/FZROEZZ-STAINLESS-JEWELRY-PIERCING-CARTILAGE/DP/B087ZMW927
GAAYEE	GAAYEE	amazon.in	HTTPS://WWW.AMAZON.IN/GAAYEE/S?K=GAAYEE
GAESCA	GAESCA	amazon.in	HTTPS://WWW.AMAZON.IN/GAESCA-SHOWER-CHAIR-ADJUSTABLE-LIGHTWEIGHT/DP/B0C7JKGG4C
GAHAYA	GAHAYA	amazon.in	HTTPS://WWW.AMAZON.IN/GAHAYA-SEAMLESS-MATERIAL-RECHARGE-DIAMETER/DP/B083JDN51Y
GAHENWO	GAHENWO	amazon.in	HTTPS://WWW.AMAZON.IN/GAHENWO-SMARTPHONE-LIGHTWEIGHT-RECORDING-COMPATIBLE/DP/B0CZDV9GGH
GAICAAK	GAICAAK	amazon.in	HTTPS://WWW.AMAZON.IN/BIRTHDAY-SHAPED-INVITATIONS-SHOWER-ENVELOPES/DP/B0B6H86MV2
GALAXYINDIACRAFT	GALAXYINDIACRAFT	amazon.in	HTTPS://WWW.AMAZON.IN/STORES/GALAXYINDIACRAFT/HOMEPAGE/PAGE/E7F1F4C9-C0F2-4E5F-8A24-D53C8D1F8FAD
GALIYEN	GALIYEN	amazon.in	HTTPS://WWW.AMAZON.IN/GALIYEN-PACK-AFRICAN-SCULPTURE-YELLOW/DP/B08YN6VY6M
GANGJI	GANGJI	amazon.in	HTTPS://WWW.AMAZON.IN/GANGJI-TEXTILE-SHOWROOM-MAYURPANKH-MULTICOLOUR/DP/B076HMS2B4
GANGJI	GANGJI	amazon.in	HTTPS://WWW.AMAZON.IN/GANGJI-HIMALAYAN-PINK-ROCK-SALT/DP/B09J8LXT5R
GANGJI	GANGJI	amazon.in	HTTPS://WWW.AMAZON.IN/GANGJI-SOLAPUR-SATRANJI-MULTICOLOURS-MULTIPURPOSE/DP/B00NA3I5RO
GANGJI	GANGJI	amazon.in	HTTPS://WWW.AMAZON.IN/GANGJI-SOLAPUR-SATRANJI-MULTICOLOURS-MULTIPURPOSE/DP/B00NA3I5RO?S=BAZAAR
GANGJI	GANGJI	amazon.in	HTTPS://WWW.AMAZON.IN/GANGJI-HIMALAYAN-PINK-ROCK-POWDER/DP/B09J8VGL5L
GANLINIA	GANLINIA	amazon.in	HTTPS://WWW.AMAZON.IN/GANLINIA-BLANKET-KNITTED-HANDMADE-DECORATE/DP/B09GYKW4MR
GARDIRECT	GARDIRECT	amazon.in	HTTPS://WWW.AMAZON.IN/GARDIRECT-LUXURIOUS-INSECT-HOTEL-HOUSE/DP/B01M3OAHW3
GARHWAL	GARHWAL	amazon.in	HTTPS://WWW.AMAZON.IN/HISTORY-GARHWAL-HIMALAYAS-ANCIENT-MODERN/DP/939479719X
GARNIFEX	GARNIFEX	amazon.in	HTTPS://WWW.AMAZON.IN/FIBERGLASS-ELECTRIC-TEMPORARY-FENCING-PROTECTION/DP/B07YSXCBYB
GAWEKIQE	GAWEKIQE	amazon.in	HTTPS://WWW.AMAZON.IN/GAWEKIQE-READING-HOARDING-DECORATIVE-PATTERN/DP/B07KW2Y7HX
GAZEROPTICS	GAZEROPTICS	amazon.in	HTTPS://WWW.AMAZON.IN/TELESCOPE-EYEPIECE-COATED-THREADED-STANDARD/DP/B07PR89Q7X
GBASICS	GBASICS	amazon.in	HTTPS://WWW.AMAZON.IN/GBASICS-PORTABLE-RECHARGEABLE-PERSONAL-SMOOTHIES/DP/B0BRH1P55K
GBEOSMO	GBEOSMO	amazon.in	HTTPS://WWW.AMAZON.IN/GBEOSMO-PREMIUM-AUTEL-DRONE-INLAY/DP/B09259HZFN
GBSYU	GBSYU	amazon.in	HTTPS://WWW.AMAZON.IN/GBSYU-INTERACTIVE-WINDMILL-TOYS-CATNIP/DP/B09GLRXZKL
GCSYO	GCSYO	amazon.in	HTTPS://WWW.AMAZON.IN/PROFESSIONAL-MOUSE-LOGITECH-GAMER-SPECIAL-PRECISION/DP/B0BG86HBDL
GDDGCUO	GDDGCUO	amazon.in	HTTPS://WWW.AMAZON.IN/GDDGCUO-MADELEINE-6-CAVITY-NON-STICK-CHAMPAGNE/DP/B09L7M9DMG
GDDOCHN	GDDOCHN	amazon.in	HTTPS://WWW.AMAZON.IN/GDDOCHN-PLASTIC-FILLABLE-ORNAMENTS-CHRISTMAS/DP/B09ZTSGL28
GDGY	GDGY	amazon.in	HTTPS://WWW.AMAZON.IN/GDGY-GRADUATED-CHEMICAL-CONTAINER-MEDICINE/DP/B07FKZZT63
GDHJ	GDHJ	amazon.in	HTTPS://WWW.AMAZON.IN/GDHJ-SUMMER-DRESSES-SLEEVE-POCKETS/DP/B09D62DDM7
GDRABO	GDRABO	amazon.in	HTTPS://WWW.AMAZON.IN/GDRABO-BIDEN-PRESIDENT-GROMMETS-DEMOCRATS/DP/B088DQC37Q
GEANLIAN	GEANLIAN	amazon.in	HTTPS://WWW.AMAZON.IN/GEANLIAN-VELVET-LOOPED-WATERPROOF-OUTSIDE/DP/B09BYQTQN4
GEBRA	GEBRA	amazon.in	HTTPS://WWW.AMAZON.IN/GEBRA-SPRINKLER-OUTSIDE-BACKYARD-TODDLERS/DP/B08S74Q93V
GEBULIN	GEBULIN	amazon.in	HTTPS://WWW.AMAZON.IN/GEBULIN-ALUMINUM-ASSEMBLY-IGNITION-MOTORCYCLE/DP/B09634CSGN
GEBULIN	GEBULIN	amazon.in	HTTPS://WWW.AMAZON.IN/GEBULIN-HYDRAULIC-CALIPER-CYLINDER-ASSEMBLY/DP/B094N3BJ2Y
GECKOPADZ	GECKOPADZ	amazon.in	HTTPS://WWW.AMAZON.IN/GECKOPADZ-ADHESIVE-REUSABLE-CLASSROOM-SUPPLIES/DP/B07HM5FQH2
GECXGY	GECXGY	amazon.in	HTTPS://WWW.AMAZON.IN/GECXGY-GU5-3-HALOGEN-DIMMABLE-DICHROIC/DP/B09R1MRF3X
GEEBAT	GEEBAT	amazon.in	HTTPS://WWW.AMAZON.IN/GEEBAT-TEC1-12706-THERMOELECTRIC-HEATSINK-COOLING/DP/B01IT8SAZG
GEECELER	GEECELER	amazon.in	HTTPS://WWW.AMAZON.IN/INGROWN-CORRECTION-ERADICATE-PROFESSIONAL-BRAND-GEECELER/DP/B09XK6FSWH
GEEDUO	GEEDUO	amazon.in	HTTPS://WWW.AMAZON.IN/GEEDUO-SILICONE-ADHESIVE-SMARTPHONES-ANDROID/DP/B078GDC7BR
GEEDUO	GEEDUO	amazon.in	HTTPS://WWW.AMAZON.IN/GEEDUO-PAINTING-STRETCHING-INCLUDE-ACCESSORIES/DP/B07VSNXYTK
GEEJA	GEEJA	amazon.in	HTTPS://WWW.AMAZON.IN/WOMENS-GEEJA-COTTON-ETHNIC-TROUSER/DP/B07PHFT67F
GEEKPRO	GEEKPRO	amazon.in	HTTPS://WWW.AMAZON.IN/GEEKPRO-GEEKCLOCK-ELECTRONIC-BLUETOOTH-BRIGHTNESS/DP/B0BHP83JVY
GEEKPRO	GEEKPRO	amazon.in	HTTPS://WWW.AMAZON.IN/GEEKPRO-SPORTS-CAMERA-WATERPROOF-CAMCORDER/DP/B010LSAYMY
GEFRYCO	GEFRYCO	amazon.in	HTTPS://WWW.AMAZON.IN/GEFRYCO-LITTER-SEMI-ENCLOSED-KITTEN-SMALL/DP/B09BZLJH8F
GEFRYCO	GEFRYCO	amazon.in	HTTPS://WWW.AMAZON.IN/GEFRYCO-LITTER-ANTI-SPLASHING-TOOL-FREE-ASSEMBLY/DP/B0DCVFN23J
GEGATE	GEGATE	amazon.in	HTTPS://WWW.AMAZON.IN/GEGATE-ORGANIZER-SEASONING-KITCHEN-DRAWERS/DP/B09W2GMM9M
GEGEMAOYI	GEGEMAOYI	amazon.in	HTTPS://WWW.AMAZON.IN/ASSORTED-CREATIVE-CRAFTS-DECORATIONS-COLORS/DP/B0819932HZ
GEILIHOME	GEILIHOME	amazon.in	HTTPS://WWW.AMAZON.IN/SILICONE-BREATHING-NIGHTLIGHT-RECHARGEABLE-CHANGING/DP/B08H8BY4NM
GEIN	GEIN	amazon.in	HTTPS://WWW.AMAZON.IN/GEIN-SCOTT-BOWSER/DP/1638770808
GELBESTY	GELBESTY	amazon.in	HTTPS://WWW.AMAZON.IN/GELBESTY-REUSABLE-INJURIES-SHOULDER-COMPRESS/DP/B08FBXZYRK
GELFAVOR	GELFAVOR	amazon.in	HTTPS://WWW.AMAZON.IN/GELFAVOR-GELPOLISH-SEMI-PERMANENT-GLITTER-BELLE/DP/B0CJPDR3XB
GELGEY	GELGEY	amazon.in	HTTPS://WWW.AMAZON.IN/GELGEY-BIOMETRIC-FINGERPRINT-ELECTRONIC-INSTALLATION/DP/B0CTCFNRTS
GELONGLE	GELONGLE	amazon.in	HTTPS://WWW.AMAZON.IN/GELONGLE-DRYERSNAIL-ENHANCEMENT-PROFESSIONAL-TECHNICIAN/DP/B07S837WKC
GEMAXVOLED	GEMAXVOLED	amazon.in	HTTPS://WWW.AMAZON.IN/GEMAXVOLED-CELL-PHONE-JAIL-PHONE-CAGE/DP/B08DCR16WM
GEMERGLITY	GEMERGLITY	amazon.in	HTTPS://WWW.AMAZON.IN/GEMERGLITY-CERAMIC-PORCELAIN-WATERCOLOR-PAINTING/DP/B0979DCMP3
GENAYGE	GENAYGE	amazon.in	HTTPS://WWW.AMAZON.IN/GENAYGE-WOMENS-SHOULDER-CASUAL-BLOUSE/DP/B09FHR4ZZP
GENERATIC	GENERATIC	amazon.in	HTTPS://WWW.AMAZON.IN/GENERATIC-DYKE/DP/B0DKC16WPT
GENIUSCELLS	GENIUSCELLS	amazon.in	HTTPS://WWW.AMAZON.IN/GENIUSCELLS-SITTING-CHILDREN-TODDLERS-FURNITURE/DP/B0B9Y32TC9
GENLESTRUS	GENLESTRUS	amazon.in	HTTPS://WWW.AMAZON.IN/GENLESTRUS-ELECTRIC-FAIRY-WINGS-LIGHTS/DP/B0CG3BTMVY
GENORTH	GENORTH	amazon.in	HTTPS://WWW.AMAZON.IN/GENORTH-SMALL-UPGRADED-BOOSTER-STURDY/DP/B08RYNB8VK
GEOKRAFT	GEOKRAFT	amazon.in	HTTPS://WWW.AMAZON.IN/GEOKRAFT-EDUCATIONAL-POLITICAL-LAMINATED-ROTATING/DP/B07X518NR2
GEOKRAFT	GEOKRAFT	amazon.in	HTTPS://WWW.AMAZON.IN/GEOKRAFT-GEOGRAPHY-EDUCATIONAL-KNOWLEDGE-MULTICOLOR/DP/B09MJPWXQM
GEOKRAFT	GEOKRAFT	amazon.in	HTTPS://WWW.AMAZON.IN/GEOKRAFT-ROLL-UP-TOURNAMENT-STORAGE-PREMIUM/DP/B0FL3ZJXYS
GEOKRAFT	GEOKRAFT	amazon.in	HTTPS://WWW.AMAZON.IN/GEOKRAFT-COMBO-GEOGRAPHY-LEARNING-KIT/DP/B08GJSDKGD
GEPORAY	GEPORAY	amazon.in	HTTPS://WWW.AMAZON.IN/GEPORAY-STRAIGHTENER-NEGATIVE-STRAIGHTENING-TEMPERATURE/DP/B07YFFH4J4
GERERIC	GERERIC	amazon.in	HTTPS://WWW.AMAZON.IN/GERERIC-ADVANCED-CHEMISTRY-INORGANIC-PHYSICAL/DP/B0C3QZTCNZ
GERNAL	GERNAL	amazon.in	HTTPS://WWW.AMAZON.IN/GERNAL-KNOWLEDGE-BOOK-AMIT-SHARMA/DP/B07NBKTG54
GERNAL	GERNAL	amazon.in	HTTPS://WWW.AMAZON.IN/GERNAL-KNOWLEDGE-RAJESH-SHARMA/DP/B0C735NVSQ
GERUI	GERUI	amazon.in	HTTPS://WWW.AMAZON.IN/GERUI-CIGARETTE-MACHINE-AUTOMATIC-ROLLER/DP/B01A7ZWSWU
GESHUPOR	GESHUPOR	amazon.in	HTTPS://WWW.AMAZON.IN/GESHUPOR-VHS-C-VHS-ADAPTER-CAMCORDER/DP/B0CSRZXW49
GESHUPOR	GESHUPOR	amazon.in	HTTPS://WWW.AMAZON.IN/GESHUPOR-ADAPTER-DEWALT-BATTERY-CONNECTOR/DP/B0CCTWD9C6
GETNOIVAS	GETNOIVAS	amazon.in	HTTPS://WWW.AMAZON.IN/GETNOIVAS-CHINESE-TRADITIONAL-HEADWEAR-ACCESSORIES/DP/B082NJKPTH
GETREY	GETREY	amazon.in	HTTPS://WWW.AMAZON.IN/GETREY-MENS-40MM-FASHIONABLE-LEATHER/DP/B0196QHPO2
GETSETSTYLE	GETSETSTYLE	amazon.in	HTTPS://WWW.AMAZON.IN/BRONZY-TEXTURED-PREMIUM-LEATHER-GETSETSTYLE/DP/B01N0ART1J
GETUBACK	GETUBACK	amazon.in	HTTPS://WWW.AMAZON.IN/GETUBACK-BOARD-SHORTS-FLAG-DESIGN/DP/B0838472YH
GEWINY	GEWINY	amazon.in	HTTPS://WWW.AMAZON.IN/GEWINY-RECHARGEABLE-WATERPROOF-BEDROOM%E3%80%81GARDEN%E3%80%81DINING-TABLE%E3%80%81CAMPING/DP/B0CQNZW49D
GEYANG	GEYANG	amazon.in	HTTPS://WWW.AMAZON.IN/GEYANG-BLOCKS-BUILDING-CHINESE-ARCHITECTURE/DP/B0BVMF1V3S
GEYSER	GEYSER	amazon.in	HTTPS://WWW.AMAZON.IN/WATER-HEATERS/B?IE=UTF8&NODE=2083425031
GFDESIGN	GFDESIGN	amazon.in	HTTPS://WWW.AMAZON.IN/GFDESIGN-MOMOS-MAKER-TOOLS-KOZHUKATTAI/DP/B0G57CG7FG
GHEREL	GHEREL	amazon.in	HTTPS://WWW.AMAZON.IN/STORES/GHEREL/PAGE/16F80DE7-EE19-43BF-A842-E872F535E5AB
GHEREL	GHEREL	amazon.in	HTTPS://WWW.AMAZON.IN/GHEREL-ORIGINAL-CHARGER-ADAPTER-COMPATIBLE/DP/B0DG5L2VTG
GHEREL	GHEREL	amazon.in	HTTPS://WWW.AMAZON.IN/GHEREL-ORIGINAL-CHARGER-COMPATIBLE-INCLUDED/DP/B0DH287711
GHFHGF	GHFHGF	amazon.in	HTTPS://WWW.AMAZON.IN/GHFHGF-BEAUTIFUL-STAINLESS-RESISTANT-DECORATION/DP/B08DCN48P9
GHILEO	GHILEO	amazon.in	HTTPS://WWW.AMAZON.IN/GHILEO-NETTING-CAMOUFLAGE-DECORATION-SUNSHADE/DP/B09JT7GRXJ
GIBLY	GIBLY	amazon.in	HTTPS://WWW.AMAZON.IN/GIBLY-WOMENS-SUMMER-TSHIRT-DRESSES/DP/B099P7PT3V
GIBLY	GIBLY	amazon.in	HTTPS://WWW.AMAZON.IN/GIBLY-STRIPED-PULLOVER-SWEATSHIRT-POCKETS/DP/B096Y1FZJ8
GIBLY	GIBLY	amazon.in	HTTPS://WWW.AMAZON.IN/GIBLY-FASHION-V-NECK-SLEEVES-CASUAL/DP/B099MFJ1HN
GICEEPO	GICEEPO	amazon.in	HTTPS://WWW.AMAZON.IN/GICEEPO-SPRAYER-KITCHEN-PULL-DOWN-COMMERCIAL/DP/B071X6MD4V
GIFTALK	GIFTALK	amazon.in	HTTPS://WWW.AMAZON.IN/GIFTALK/S?K=GIFTALK
GIFTEQ	GIFTEQ	amazon.in	HTTPS://WWW.AMAZON.IN/GIFTEQ-HELLO-KITTY-MUSICAL-MULTICOLOUR/DP/B08K861G7J
GIFTICIAN	GIFTICIAN	amazon.in	HTTPS://WWW.AMAZON.IN/GIFTICIAN-MENS-PERSONALIZED-LEATHER-COMBO/DP/B0D78XH8VS
GIGADECK	GIGADECK	amazon.in	HTTPS://WWW.AMAZON.IN/COSMETICS-PREVENTION-TRANSPARENT-PORTABLE-DRESSERS/DP/B09B1TTPRW
GIGOITLY	GIGOITLY	amazon.in	HTTPS://WWW.AMAZON.IN/GIGOITLY-CHEERLEADER-COSTUME-HALLOWEEN-CHEERLEADER/DP/B0BXWRYYNW
GIGRIN	GIGRIN	amazon.in	HTTPS://WWW.AMAZON.IN/GIGRIN-STAINLESS-GLASSES-STEMLESS-INSULATED/DP/B07J4Y8LXY
GIHOO	GIHOO	amazon.in	HTTPS://WWW.AMAZON.IN/GIHOO-CHRISTMAS-DECORATIONS-WEDDINGS-HOLIDAY/DP/B09FJN3X6G
GIJK	GIJK	amazon.in	HTTPS://WWW.AMAZON.IN/GIJK-NON-WOVEN-HYPOALLERGENIC-STUFFING-MICROFIBER/DP/B096MBQF27
GILLYA	GILLYA	amazon.in	HTTPS://WWW.AMAZON.IN/GILLYA-LENGTH-ANTI-EMBOLISM-COMPRESSION-CLOSED/DP/B07T2XB25W
GILLYA	GILLYA	amazon.in	HTTPS://WWW.AMAZON.IN/GILLYA-SEAMLESS-LEGGINGS-WORKOUT-CONTROL/DP/B083ZY8XVW
GINISFOTO	GINISFOTO	amazon.in	HTTPS://WWW.AMAZON.IN/APUTURE-ULTIMATE-SUPPORTS-PRE-PROGRAMMED-GINISFOTO/DP/B07GSX1CTQ
GIOPACO	GIOPACO	amazon.in	HTTPS://WWW.AMAZON.IN/GIOPACO-STORAGE-SHELVES-HALLWAY-TABLE%EF%BC%8CINDUSTRIAL/DP/B0928X5LMZ
GIOVAR	GIOVAR	amazon.in	HTTPS://WWW.AMAZON.IN/GIOVAR-STAINLESS-SILICONE-HANDHELD-DISHWASHER/DP/B07SNTFZFG
GIOVENT	GIOVENT	amazon.in	HTTPS://WWW.AMAZON.IN/GIOVENT-DOMENICO-CARUTTI/DP/1246689561
GIOVENT	GIOVENT	amazon.in	HTTPS://WWW.AMAZON.IN/GIOVENT-MISSIONARIA-VOL-GENNAIO-CLASSIC/DP/1391825136
GIRLIBER	GIRLIBER	amazon.in	HTTPS://WWW.AMAZON.IN/GIRLIBER-HANDMADE-HEADBANDS-COMFORTABLE-HEADBANDS/DP/B078227SHP
GISCO	GISCO	amazon.in	HTTPS://WWW.AMAZON.IN/GISCO-CRICKET-FIELDING-BOWLING-PRACTICES/DP/B0BHP7Z1Z9
GISKIEO	GISKIEO	amazon.in	HTTPS://WWW.AMAZON.IN/GISKIEO-UNIVERSAL-ADJUSTABLE-COMPATIBLE-MOBILITY/DP/B09ZNV667K
GITSENSE	GITSENSE	amazon.in	HTTPS://WWW.AMAZON.IN/GITSENSE-PROFESSIONAL-TUMBLER-BARREL-SCIENCE/DP/B0BFCHXH6S
GITTCOLL	GITTCOLL	amazon.in	HTTPS://WWW.AMAZON.IN/ADJUSTABLE-FURNITURES-INDUSTRIAL-ANTI-SLIP-PROTECTOR/DP/B097T4DJ47
GIVISION	GIVISION	amazon.in	HTTPS://WWW.AMAZON.IN/GIVISION-HUMIDIFIER-ULTRASONIC-HUMIDIFIERS-HUMIDIFIER/DP/B07JM582R8
GIZWIN	GIZWIN	amazon.in	HTTPS://WWW.AMAZON.IN/GIZWIN-LIGHTS-EFFECTS-ACTIVATED-CONTROL/DP/B0C1SMC2YC
GJUYC	GJUYC	amazon.in	HTTPS://WWW.AMAZON.IN/GJUYC-SNEAKERS-ATHLETIC-BASKETBALL-BREATHABLE/DP/B09HX55M4F
GJZZ	GJZZ	amazon.in	HTTPS://WWW.AMAZON.IN/GJZZ-DRAWING-WRITING-LEARNING-SCRIBBLE/DP/B08113LFM1
GKI	GKI	amazon.in	HTTPS://WWW.AMAZON.IN/GKI-TABLE-TENNIS-COMBO-SET/DP/B01MA0W3QE
GKIDOER	GKIDOER	amazon.in	HTTPS://WWW.AMAZON.IN/GKIDOER-WRITING-MAGNETIC-DIGITAL-NOTEBOOK/DP/B09B1VMT1K
GLAMEFOUR	GLAMEFOUR	amazon.in	HTTPS://WWW.AMAZON.IN/GLAMEFOUR-BEADS-VIOLETS-2MM/DP/B09SWG5H2N
GLAMLINE	GLAMLINE	amazon.in	HTTPS://WWW.AMAZON.IN/HAFELE-GLAMLINE-MULTIFUNCTIONAL-ATTACHMENTS-TRANSMISSION/DP/B07X59HLN3
GLAMONCHA	GLAMONCHA	amazon.in	HTTPS://WWW.AMAZON.IN/GLAMONCHA-GLITTER-GARLAND-BACHELORETTE-DECORATIONS/DP/B07D3M481V
GLCSC	GLCSC	amazon.in	HTTPS://WWW.AMAZON.IN/GLCSC-LEAK-PROOF-BPA-FREE-STACKABLE-CONTAINER/DP/B09S3CM3MF
GLCSC	GLCSC	amazon.in	HTTPS://WWW.AMAZON.IN/GLCSC-STACKABLE-CONTAINERS-PORTABLE-MICROWAVE/DP/B09MLWD63P
GLEAMART	GLEAMART	amazon.in	HTTPS://WWW.AMAZON.IN/GLEAMART-LACE-UP-CORSET-ELASTIC-LEATHER/DP/B09L7SSP38
GLIKUR	GLIKUR	amazon.in	HTTPS://WWW.AMAZON.IN/GLIKUR-TRAINING-PUNCHING-EQUIPMENT-ELECTRONIC/DP/B0CG3J6MS1
GLINDAR	GLINDAR	amazon.in	HTTPS://WWW.AMAZON.IN/GLINDAR-POLARIZED-SHIELD-SUNGLASSES-GLASSES/DP/B08QHKV4G4
GLINDAR	GLINDAR	amazon.in	HTTPS://WWW.AMAZON.IN/GLINDAR-AVIATOR-BLOCKING-COMPUTER-GLASSES/DP/B07XCM12K7
GLLBTPT	GLLBTPT	amazon.in	HTTPS://WWW.AMAZON.IN/GLLBTPT-REFILLABLE-PEPPERCORN-ADJUSTABLE-COARSENESS/DP/B09TZYGSC1
GLOBAMBOO	GLOBAMBOO	amazon.in	HTTPS://WWW.AMAZON.IN/GLOBAMBOO-GROOMING-PROFESSIONAL-STAINLESS-ACCESSORIES/DP/B0BYT8GBSJ
GLOCHYRA	GLOCHYRA	amazon.in	HTTPS://WWW.AMAZON.IN/GLOCHYRA-CAMP-DUTCH-LIFTER-STAND/DP/B08ZH2H22X
GLOCITI	GLOCITI	amazon.in	HTTPS://WWW.AMAZON.IN/GLOCITI-KIDS-SCIENCE-EXPERIMENT-COAT/DP/B08BFHLG85
GLOERA	GLOERA	amazon.in	HTTPS://WWW.AMAZON.IN/GLOERA-ALUMINUM-LIGHTWEIGHT-PANASONIC-CAMCORDER/DP/B074FZKWRB
GLONOVA	GLONOVA	amazon.in	HTTPS://WWW.AMAZON.IN/GLONOVA-MARBLE-TRACK-GLASS-PIECES/DP/B074M2LGDQ
GLOWGEEK	GLOWGEEK	amazon.in	HTTPS://WWW.AMAZON.IN/GLOWGEEK-24PCS-MONOTUB-ADHESIVE-FILTER/DP/B0F65962PG
GLOWHERO	GLOWHERO	amazon.in	HTTPS://WWW.AMAZON.IN/GLOWHERO-LED-DOG-COLLAR-GLOWCOLLAR/DP/B01M046S43
GLOWHERO	GLOWHERO	amazon.in	HTTPS://WWW.AMAZON.IN/GLOWHERO-LED-LIGHT-DOG-LEASH/DP/B01CUSO776
GLTIRE	GLTIRE	amazon.in	HTTPS://WWW.AMAZON.IN/GLTIRE-AIR-CUSHION-MECHANISM-SUPPORTS-COMPATIBLE/DP/B0BL8L196N
GLUUTOYASHOP	GLUUTOYASHOP	amazon.in	HTTPS://WWW.AMAZON.IN/GLUUTOYASHOP-KEYCHAIN-MARSHALL-KEY-MARSHALL/DP/B0CPB6CNN5
GMHEHLY	GMHEHLY	amazon.in	HTTPS://WWW.AMAZON.IN/BATHROOM-GMHEHLY-ANTI-FOG-BRIGHTNESS-HORIZONTAL/DP/B095NR8QHK
GMILLIONS	GMILLIONS	amazon.in	HTTPS://WWW.AMAZON.IN/GMILLIONS-TEARDROP-EARRINGS-HANDMADE-LIGHTWEIGHT/DP/B083P4SRR7
GNARBOR	GNARBOR	amazon.in	HTTPS://WWW.AMAZON.IN/GNARBOR-PORTABLE-WATERPROOF-WASHABLE-28%C3%A2%C3%A2%C2%AC%C3%82DARK/DP/B0CGXN418R
GNIYUIX	GNIYUIX	amazon.in	HTTPS://WWW.AMAZON.IN/PACK-WIRE-DISHWASHING-RAGS-MULTIFUNCTIONAL/DP/B0CMLDMRLN?S=BAZAAR
GNMDNR	GNMDNR	amazon.in	HTTPS://WWW.AMAZON.IN/GNMDNR-BLUETOOTH-CONDUCTION-SPEAKERS-SLEEPING/DP/B0BPGY42Y7
GNOWANN	GNOWANN	amazon.in	HTTPS://WWW.AMAZON.IN/GNOWANN-WOMENS-PADDED-UNDERWIRE-T-SHIRT/DP/B07C2Y6G77
GNOWE	GNOWE	amazon.in	HTTPS://WWW.AMAZON.IN/GNOWE-CORDLESS-HANDHELD-RECHARGEABLE-LIGHTWEIGHT/DP/B0BZ7JJM7D
GOAYCER	GOAYCER	amazon.in	HTTPS://WWW.AMAZON.IN/GOAYCER-BANANA-PLATED-SPEAKER-CONNECTOR/DP/B0882TRYDD
GOBATT	GOBATT	amazon.in	HTTPS://WWW.AMAZON.IN/GOBATT-STAINLESS-INSULATED-THERMOSES-OUTDOORS/DP/B09P9KM2NX
GOCAMPTOO	GOCAMPTOO	amazon.in	HTTPS://WWW.AMAZON.IN/GOCAMPTOO-FOLDING-OUTDOOR-PORTABLE-PLASTIC/DP/B09GXZ59ZJ
GOCOHHI	GOCOHHI	amazon.in	HTTPS://WWW.AMAZON.IN/GOCOHHI-BICYCLE-CHILDREN-MOTORCYCLE-PROPELLER/DP/B07TSZKD4Q
GOCOOP	GOCOOP	amazon.in	HTTPS://WWW.AMAZON.IN/GOCOOP-HANDLOOM-WOMENS-COTTON-SAREE/DP/B07SDBV23F
GODOOD	GODOOD	amazon.in	HTTPS://WWW.AMAZON.IN/GODOOD-SAMSUNG-MILITARY-KICKSTAND-SHOCKPROOF/DP/B09L54DPFV
GODOOD	GODOOD	amazon.in	HTTPS://WWW.AMAZON.IN/GODOOD-SAMSUNG-GLITTER-SPARKLE-PROTECTIVE/DP/B09MS1KP2T
GOETTIN	GOETTIN	amazon.in	HTTPS://WWW.AMAZON.IN/GOETTIN-PROFESSIONAL-DANCER-BALLROOM-DANCING/DP/B083P5R7YY
GOFADY	GOFADY	amazon.in	HTTPS://WWW.AMAZON.IN/GOFADY-WATER-BOTTLE-BOTTLES-MOTIVATIONAL/DP/B0C22RQZ7J
GOFIKA	GOFIKA	amazon.in	HTTPS://WWW.AMAZON.IN/GOFIKA-OUTDOOR-FLEECE-WARMER-EARMUFFS/DP/B08B598S85
GOFINDIT	GOFINDIT	amazon.in	HTTPS://WWW.AMAZON.IN/GOFINDIT-OUTDOOR-NATURE-SCAVENGER-FAMILIES/DP/B00XKO5RPQ
GOGENIC	GOGENIC	amazon.in	HTTPS://WWW.AMAZON.IN/GOGENIC-STORAGE-AIRTIGHT-CONTAINERS-CANISTERS/DP/B094HNRFQJ
GOGODOGYA	GOGODOGYA	amazon.in	HTTPS://WWW.AMAZON.IN/INTERACTIVE-RAINBOW-FEATHERS-CHARGING-CONTROL/DP/B0B8J52PF4
GOGOGOMOTO	GOGOGOMOTO	amazon.in	HTTPS://WWW.AMAZON.IN/GOGOGOMOTO-49CC-2-STROKE-YEARS-GREEN/DP/B0CL4NKVCN
GOGONFLY	GOGONFLY	amazon.in	HTTPS://WWW.AMAZON.IN/GOGONFLY-DISCONNECT-ISOLATOR-WATERPROOF-TERMINALS/DP/B09J25P42X
GOHFEOEO	GOHFEOEO	amazon.in	HTTPS://WWW.AMAZON.IN/GOHFEOEO-PROJECTOR-ROTATION-ROMANTIC-PHOTOGRAPHY/DP/B09KG1FRNT
GOHIGH	GOHIGH	amazon.in	HTTPS://WWW.AMAZON.IN/GOHIGH-CONTROL-ASSISTANT-MULTICOLOR-DIMMABLE/DP/B09LMLWHTC
GOHIGH	GOHIGH	amazon.in	HTTPS://WWW.AMAZON.IN/GOHIGH-DREAM-STRIP-LIGHTS-VOLTS/DP/B0D41MTJX6
GOHIGH	GOHIGH	amazon.in	HTTPS://WWW.AMAZON.IN/GOHIGH-DREAM-STRIP-LIGHTS-VOLTS/DP/B0D3FPQZ8K
GOHOMO	GOHOMO	amazon.in	HTTPS://WWW.AMAZON.IN/GOHOMO-NECK-BRACE-RELIEF-SUPPORT/DP/B0BGKNTYQN
GOHOMO	GOHOMO	amazon.in	HTTPS://WWW.AMAZON.IN/GOHOMO-ANKLE-BRACE-WOMEN-MEN/DP/B0B5GNRVRC
GOLDACE	GOLDACE	amazon.in	HTTPS://WWW.AMAZON.IN/GOLDACE-CAMPING-GEAR-EQUIPMENT-ACCESSORIES/DP/B08HKDG1V5
GOLDPKF	GOLDPKF	amazon.in	HTTPS://WWW.AMAZON.IN/GOLDPKF-WOMENS-CREWNECK-PULLOVER-SWEATSHIRT/DP/B0833HLGN1
GOLETIO	GOLETIO	amazon.in	HTTPS://WWW.AMAZON.IN/GOLETIO-GARDEN-PLANT-PROTECTOR-WEATHER-RESISTANT/DP/B097L7CZ21
GOLREAN	GOLREAN	amazon.in	HTTPS://WWW.AMAZON.IN/GOLREAN-COMMERCIAL-COFFEE-PART-DOME/DP/B0F7QHGK6X
GOMALL	GOMALL	amazon.in	HTTPS://WWW.AMAZON.IN/GOMALL-MEMORIAL-PICTURE-KEEPSAKE-DISPLAY/DP/B08FMVYGPT
GONHUI	GONHUI	amazon.in	HTTPS://WWW.AMAZON.IN/GONHUI-SLEEVES-PROTECTION-COMPRESSION-SLEEVES/DP/B081RFTYKS
GOOBON	GOOBON	amazon.in	HTTPS://WWW.AMAZON.IN/GOOBON-NURSING-WALKING-SLIPPERS-US5-5-14/DP/B0899CX3BH
GOOCHOO	GOOCHOO	amazon.in	HTTPS://WWW.AMAZON.IN/GOOCHOO-DISPENSER-COLLAPSIBLE-CLEAR-DRINK-CONTAINERS/DP/B09FJWZ6ZX
GOODXY	GOODXY	amazon.in	HTTPS://WWW.AMAZON.IN/RUBBER-STRONG-SUCTION-REPLACEMENTS-EXTENSION/DP/B07RRYJYMY
GOOLA	GOOLA	amazon.in	HTTPS://WWW.AMAZON.IN/GOOLA-SQUEAKY-INTERACTIVE-STUFFED-SQUEAKERS/DP/B0BRWH53LB
GOOQ	GOOQ	amazon.in	HTTPS://WWW.AMAZON.IN/GOOQ-STAINLESS-SMARTWATCH-WATCHBAND-BRUSHED/DP/B00Q7X2MGE
GOORANGESY	GOORANGESY	amazon.in	HTTPS://WWW.AMAZON.IN/EXERCISE-GOORANGESY-STAINLESS-GYMNASTICS-ADJUSTABLE/DP/B0918D6N9J
GOORANGESY	GOORANGESY	amazon.in	HTTPS://WWW.AMAZON.IN/GOORANGESY-GYMNASTICS-EXERCISE-ADJUSTABLE-NON-SLIP/DP/B08DHY6HZS
GOOTOOP	GOOTOOP	amazon.in	HTTPS://WWW.AMAZON.IN/GOOTOOP-PROJECTION-CHANGING-PHOTOGRAPHY-PICTURES/DP/B0923NLZYT
GORGESTER	GORGESTER	amazon.in	HTTPS://WWW.AMAZON.IN/GORGESTER-HELMET-PLASTIC-MOTORCYCLES-PROTECTION/DP/B01M3REU3G
GORISPI	GORISPI	amazon.in	HTTPS://WWW.AMAZON.IN/GORISPI-MAGIC-POTION-CHISTMAS-BIRTHDAY/DP/B0D9VQ31F7
GOSALISU	GOSALISU	amazon.in	HTTPS://WWW.AMAZON.IN/GOSALISU-WALLET-BLOCKING-WALLETS-WINDOWS/DP/B0BC5V81RB
GOSPT	GOSPT	amazon.in	HTTPS://WWW.AMAZON.IN/GOSPT-WOMENS-ELASTIC-WALKING-SNEAKERS/DP/B092NVTL2P
GOSUOA	GOSUOA	amazon.in	HTTPS://WWW.AMAZON.IN/GOSUOA-CHRISTMAS-BERRIES-ARTIFICIAL-ORNAMENTS/DP/B0BB7575SP
GOTEBLE	GOTEBLE	amazon.in	HTTPS://WWW.AMAZON.IN/THERMAL-COFFEE-GOTEBLE-CAPACITY-SUITABLE/DP/B0BB33FMLC
GOTERY	GOTERY	amazon.in	HTTPS://WWW.AMAZON.IN/GOTERY-TRADITIONAL-COLORFUL-MUKHWAS-FRESHENER/DP/B0C7N43SNZ
GOTERY	GOTERY	amazon.in	HTTPS://WWW.AMAZON.IN/GOTERY-TRADITIONAL-COLORFUL-MUKHWAS-FRESHENER/DP/B0C7NDNSVK
GOTINSN	GOTINSN	amazon.in	HTTPS://WWW.AMAZON.IN/GOTINSN-SMART-BIKE-LIGHT-REMOTE/DP/B0C7WJNCC3
GOUPGO	GOUPGO	amazon.in	HTTPS://WWW.AMAZON.IN/GOUPGO-WELDLESS-RADIATOR-COMPATIBLE-2013-2020/DP/B08H4Y972C
GOVETOM	GOVETOM	amazon.in	HTTPS://WWW.AMAZON.IN/GOVETOM-EST-HY-18-EASTER-EGGS/DP/B0CRKVC1D2
GOWIZDREAM	GOWIZDREAM	amazon.in	HTTPS://WWW.AMAZON.IN/GOWIZDREAM-BUDDIES-BARKING-DETERRENT-DEVICES/DP/B09PFPQ1RV
GOWONE	GOWONE	amazon.in	HTTPS://WWW.AMAZON.IN/GOWONE-HALLOWEEN-PROTAGONIST-VINTAGE-CHARACTERS/DP/B083RWG8SQ
GOXU	GOXU	amazon.in	HTTPS://WWW.AMAZON.IN/GOXU-GIRLS-RACERBACK-COTTON-YEARS/DP/B08PS9XN3P
GOYUWEN	GOYUWEN	amazon.in	HTTPS://WWW.AMAZON.IN/GOYUWEN-PARKING-LOCK-FOLDING-BARRIER/DP/B0BWJJLM67
GPJOY	GPJOY	amazon.in	HTTPS://WWW.AMAZON.IN/GPJOY-PRINTING-ADJUSTABLE-BRIGHTNESS-DIAMETER/DP/B079J3MDB8
GRACECODE	GRACECODE	amazon.in	HTTPS://WWW.AMAZON.IN/GRACECODE-WOMENS-SYNTHETIC-SLIP-SANDALS/DP/B0CZNCMLVG
GRACEMIND	GRACEMIND	amazon.in	HTTPS://WWW.AMAZON.IN/BLUETOOTH-WIRELESS-KEYBOARD-TOUCHPAD-MICROSOFT/DP/B08N6FQLMV
GRACEPROM	GRACEPROM	amazon.in	HTTPS://WWW.AMAZON.IN/GRACEPROM-WOMENS-SLEEVES-MERMAID-EVENING/DP/B082QS8Z2B
GRACERT	GRACERT	amazon.in	HTTPS://WWW.AMAZON.IN/GRACERT-MENS-KING-HENRY-COSTUME/DP/B083NZD89K
GRACFULCUB	GRACFULCUB	amazon.in	HTTPS://WWW.AMAZON.IN/GRACFULCUB-BASEBALL-CLASSIC-TRAINING-TEENAGERS/DP/B0B9MVTBGV
GRAFINGY	GRAFINGY	amazon.in	HTTPS://WWW.AMAZON.IN/GRAFINGY-PENGUIN-PLUSHIES-BIRTHDAY-VALENTINE/DP/B0BXP11S6R
GRANARBOL	GRANARBOL	amazon.in	HTTPS://WWW.AMAZON.IN/GRANARBOL-SCREENS-CAPACITIVE-TABLETS-UNIVERSAL/DP/B09DXY2716
GRANTPARTY	GRANTPARTY	amazon.in	HTTPS://WWW.AMAZON.IN/GRANTPARTY-GLITTER-ANNIVERSARY-RENEWAL-WEDDING/DP/B07FNXHQKZ
GRATHIA	GRATHIA	amazon.in	HTTPS://WWW.AMAZON.IN/GRATHIA-PORTABLE-RECHARGEABLE-WIRELESS-BEDROOM/DP/B0CYGYJ9N2
GRAUER	GRAUER	amazon.in	HTTPS://WWW.AMAZON.IN/GRAUER-STAR-CO-C-FAEGER/DP/3837089584
GRAUSHING	GRAUSHING	amazon.in	HTTPS://WWW.AMAZON.IN/GRAUSHING-SLIDING-FLUSH-HANDLE-HARDWARE/DP/B07SNZCGKC
GREATDEAL68	GREATDEAL68	amazon.in	HTTPS://WWW.AMAZON.IN/STRAIGHT-CURVE-RODS-GREATDEAL68-DECORATION/DP/B07H8RHCFV
GREENERIA	GREENERIA	amazon.in	HTTPS://WWW.AMAZON.IN/GREENERIA-ELEGANT-MODERN-OUTDOOR-PLANTER/DP/B0BKH27HTS
GREENHOUZZ	GREENHOUZZ	amazon.in	HTTPS://WWW.AMAZON.IN/GREENHOUZZ-ARTIFICIAL-CENTERPIECES-ARRANGEMENT-DECORATION/DP/B09P32CV59
GREENREX	GREENREX	amazon.in	HTTPS://WWW.AMAZON.IN/GREENREX-SUPPLEMENT-RESEARCHED-DEVELOPED-ICAR-CMFRI/DP/B0CY4X1QVW
GREEOGIN	GREEOGIN	amazon.in	HTTPS://WWW.AMAZON.IN/GREEOGIN-6000K-VOLTAGE-REPLACEMENT-INCANDESCENT/DP/B0C7VN9VCG
GREEUP	GREEUP	amazon.in	HTTPS://WWW.AMAZON.IN/GREEUP-STORAGE-STACKABLE-ORGANIZERS-ORGANIZATION/DP/B08SQCCLMH
GRELEX	GRELEX	amazon.in	HTTPS://WWW.AMAZON.IN/GRELEX-TODDLERS-FOLDABLE-BOXSPRING-REINFORCED/DP/B0CB18DVZJ
GRELEX	GRELEX	amazon.in	HTTPS://WWW.AMAZON.IN/PROOFING-4CORNERS-ADHENSIVE-PROTECTOR-FURNITURE/DP/B0BXP21TP8
GREPARPY	GREPARPY	amazon.in	HTTPS://WWW.AMAZON.IN/GREPARPY-PRINCESS-PARTY-DECORATIONS-TABLECLOTH/DP/B0B2WDGHV3
GRESHARE	GRESHARE	amazon.in	HTTPS://WWW.AMAZON.IN/GRESHARE-WIRELESS-BLUETOOTH-CONNECTION-COLORFUL/DP/B08RHS9LB4
GREZEA	GREZEA	amazon.in	HTTPS://WWW.AMAZON.IN/GREZEA-MULTIFUNCTIONAL-SMOKELESS-RECHARGEABLE-ELIMINATOR/DP/B088QVFYQH
GREZEA	GREZEA	amazon.in	HTTPS://WWW.AMAZON.IN/GREZEA-AROMATHERAPY-FRAGRANS-MULTIFUNCTIONAL-SMOKELESS/DP/B08HLXD66N
GRIDAMEA	GRIDAMEA	amazon.in	HTTPS://WWW.AMAZON.IN/GRIDAMEA-ELSA-DRESS-UP-GIRLS/DP/B0BMGFBHNK
GRIKAI	GRIKAI	amazon.in	HTTPS://WWW.AMAZON.IN/HEDGEHOG-FIGURES-KNUCKLES-DR-EGGMAN-BIRTHDAY-DECORATIONS/DP/B08F4357KC
GRILONG	GRILONG	amazon.in	HTTPS://WWW.AMAZON.IN/GRILONG-STAINLESS-ANTI-FOG-PROTECTION-WATERPROOF/DP/B07C1L2LHT
GRINTOU	GRINTOU	amazon.in	HTTPS://WWW.AMAZON.IN/GRINTOU-THREE-PACK-STRETCHING-MULTIFUNCTIONAL-FLEXIBILITY/DP/B09BLQ7K1K
GRIPWAY	GRIPWAY	amazon.in	HTTPS://WWW.AMAZON.IN/GRIPWAY-DELUX-STAND-ROUTER-BLACK/DP/B07L3VT8SP
GRJYLS	GRJYLS	amazon.in	HTTPS://WWW.AMAZON.IN/GRJYLS-PORTABLE-TIRE-INFLATOR-MOTORCYCLE/DP/B0BZ7M933G
GROJIMTS	GROJIMTS	amazon.in	HTTPS://WWW.AMAZON.IN/GROJIMTS-COSPLAY-COSTUME-CHARACTERS-HALLOWEEN/DP/B0BB7CPGRC
GROPINFLY	GROPINFLY	amazon.in	HTTPS://WWW.AMAZON.IN/GROPINFLY-SLIDING-CONTROL-COLORS-RECHARGEABLE/DP/B0B9MX1H3J
GROWINER	GROWINER	amazon.in	HTTPS://WWW.AMAZON.IN/GROWINER-5-9INCH-GALAXY-BIRTHDAY-COLORS/DP/B098NWT6QX
GROWUPSMART	GROWUPSMART	amazon.in	HTTPS://WWW.AMAZON.IN/GROWUPSMART-ANCIENT-CHINESE-STONES-STRATEGY/DP/B07F5VV873
GROXKOX	GROXKOX	amazon.in	HTTPS://WWW.AMAZON.IN/GROXKOX-BACKPACK-CARRIER-COMPARTMENT-TRAVELING/DP/B0B7G41JF9
GRTLPOK	GRTLPOK	amazon.in	HTTPS://WWW.AMAZON.IN/GRTLPOK-ALPHABET-TRACING-MONTESSORI-LETTERS/DP/B08LV3251J
GRUHUM	GRUHUM	amazon.in	HTTPS://WWW.AMAZON.IN/GRUHUM-COLLECTION-HANDWOVEN-HALLWAYS-ENTERWAYS/DP/B0C2TRVQBB
GRVCN	GRVCN	amazon.in	HTTPS://WWW.AMAZON.IN/GRVCN-MILITARY-CAMOUFLAGE-WATERPROOF-LIGHTWEIGHT/DP/B0BP2GXLSG
GRYNKER	GRYNKER	amazon.in	HTTPS://WWW.AMAZON.IN/GARDEN-GLOVES-FINGERTIPS-CLAWS-DIGGING/DP/B083F97X3B
GSHUBB	GSHUBB	amazon.in	HTTPS://WWW.AMAZON.IN/GSHUBB-FULL-FACE-RESPIRATOR-60926-CARTRIDGES/DP/B0BZHM482Z
GSHUBB	GSHUBB	amazon.in	HTTPS://WWW.AMAZON.IN/GSHUBB-RESPIRATOR-FACEPIECE-PROFESSIONAL-FORMALDEHYDE/DP/B0BZC6DBZ2
GTYORUS	GTYORUS	amazon.in	HTTPS://WWW.AMAZON.IN/GTYORUS-10-30X50-MONOCULAR-TELESCOPE-MONOCULARS/DP/B0BY8MB4P7
GUANDOO	GUANDOO	amazon.in	HTTPS://WWW.AMAZON.IN/GUANDOO-WINTER-JACKET-COLLAR-OVERCOAT/DP/B083PVGGS8
GUANZO	GUANZO	amazon.in	HTTPS://WWW.AMAZON.IN/GUANZO-PROFESSIONAL-NON-GREASY-RESISTANT-DEFINITION/DP/B0FTMFQ8SY
GUANZO	GUANZO	amazon.in	HTTPS://WWW.AMAZON.IN/GUANZO-MOROCCO-TREATMENT-COLLAGEN-FRIZZY/DP/B0FH2FTH8W
GUCGRES	GUCGRES	amazon.in	HTTPS://WWW.AMAZON.IN/GUCGRES-TUMBLER-LEAK-PROOF-REUSABLE-SMOOTHIE/DP/B0F9NZRP17
GUCHOL	GUCHOL	amazon.in	HTTPS://WWW.AMAZON.IN/GUCHOL-SUSPENDERS-STRENGTHEN-ADJUSTABLE-COLOURS/DP/B0761GMH3Y
GUHEAKE	GUHEAKE	amazon.in	HTTPS://WWW.AMAZON.IN/GUHEAKE-ARTIFICIAL-PLANTER-BRANCHES-FIREPLACE/DP/B0BX85YL2R
GUNAP	GUNAP	amazon.in	HTTPS://WWW.AMAZON.IN/GUNAP-GEOMETRIC-STRUCTURED-VENTILATED-CERTIPUR-US/DP/B07RN876Q7
GUNLAR	GUNLAR	amazon.in	HTTPS://WWW.AMAZON.IN/GUNLAR-MODERN-WHITE-CERAMIC-VASE/DP/B09JSY8YMP
GUODPSL	GUODPSL	amazon.in	HTTPS://WWW.AMAZON.IN/GUODPSL-ICE-BATH-COLD-PLUNGE/DP/B0C742NNZZ
GUOZYUN	GUOZYUN	amazon.in	HTTPS://WWW.AMAZON.IN/GUOZYUN-BEANIE-COTTON-TODDLERS-LITTLE/DP/B083NDT2T2
GURITHE	GURITHE	amazon.in	HTTPS://WWW.AMAZON.IN/GURITHE-DRIP-IRRIGATION-KITS/DP/B09MQCF56R
GUSTAVE	GUSTAVE	amazon.in	HTTPS://WWW.AMAZON.IN/STORES/GUSTAVE/PAGE/50F6340D-227E-4FAA-A442-2B5A3086A7E0
GUTIQUANJJ	GUTIQUANJJ	amazon.in	HTTPS://WWW.AMAZON.IN/GUTIQUANJJ-DUMPLING-FINGERTIP-SIMULATED-CLASSROOM/DP/B0BTVTWH2Z
GUUVOR	GUUVOR	amazon.in	HTTPS://WWW.AMAZON.IN/GUUVOR-NOISE-PROOF-WATERCOLORED-LETTERING-WATERPROOF/DP/B08197GFH8
GVIMENOS	GVIMENOS	amazon.in	HTTPS://WWW.AMAZON.IN/GVIMENOS-INFINITY-RELIEVING-FIDGETING-ANXIETY/DP/B0B2159H6K
GVIMENOS	GVIMENOS	amazon.in	HTTPS://WWW.AMAZON.IN/GVIMENOS-TODDLERS-ACTIVITY-BREATHABLE-PLAYPEN-B/DP/B0B63GH73R
GWFVA	GWFVA	amazon.in	HTTPS://WWW.AMAZON.IN/GWFVA-SUSPENSION-RESTAURANT-HOUSEHOLD-WINEGLASS/DP/B07YF8N5C9
GWRTOZX	GWRTOZX	amazon.in	HTTPS://WWW.AMAZON.IN/GWRTOZX-BOOSTER-OFFICIAL-COLLECTABLE-PLAYING/DP/B0BV9TCTNR
GXONE	GXONE	amazon.in	HTTPS://WWW.AMAZON.IN/GXONE-COOKING-UTENSILS-STAINLESS-RESISTANT/DP/B08QVJWLJT
GXYY	GXYY	amazon.in	HTTPS://WWW.AMAZON.IN/UOBOEUQ-SWIVEL-CASTER-THREADED-CAPACITY/DP/B08NYLNQMC
GYANM	GYANM	amazon.in	HTTPS://WWW.AMAZON.IN/GYANM-GENERAL-AWARENESS-MAGAZINE-AUGUST/DP/B09QYZWVNG
GYANM	GYANM	amazon.in	HTTPS://WWW.AMAZON.IN/GYANM-COMPLETE-BANKING-ENGLISH-MEDIUM/DP/8195294634
GYANM	GYANM	amazon.in	HTTPS://WWW.AMAZON.IN/GYANM-GENERAL-AWARENESS-MAGAZINE-AUGUST/DP/9384175862
GYQWJPC	GYQWJPC	amazon.in	HTTPS://WWW.AMAZON.IN/GYQWJPC-ARTIFICIAL-FLOWERS-BOUQUET-DECORATION/DP/B09JBVTNG5
GYRUT	GYRUT	amazon.in	HTTPS://WWW.AMAZON.IN/GYRUT-FL-WHISKEY-GLASSES-SET/DP/B09CD8R8VZ
GZLXS	GZLXS	amazon.in	HTTPS://WWW.AMAZON.IN/GZLXS-LOVELY-COTTON-SMILEY-SMILING/DP/B0CS437JGT
GZNIGHT	GZNIGHT	amazon.in	HTTPS://WWW.AMAZON.IN/GZNIGHT-STAINLESS-COFFEE-TANKARD-301-400/DP/B0755JWQM2
GZPCXMZ	GZPCXMZ	amazon.in	HTTPS://WWW.AMAZON.IN/GZPCXMZ-HANDMADE-CROCHET-HANDING-ORCHID/DP/B0BPR6QTCQ
HABISON	HABISON	amazon.in	HTTPS://WWW.AMAZON.IN/HABISON-BATHROOM-SHATTER-PROOF-SETTINGS-DIMMABLE/DP/B088ZPTBBB
HABITER	HABITER	amazon.in	HTTPS://WWW.AMAZON.IN/HABITER-HABITE/DP/286260304X
HABOM	HABOM	amazon.in	HTTPS://WWW.AMAZON.IN/HABOM-RUSTIC-MASON-DECOR-SCONCES/DP/B083PP8833
HACHETTEINDIA	HACHETTEINDIA	amazon.in	HTTPS://WWW.AMAZON.IN/STORES/HACHETTEINDIA/PAGE/069FA295-BD28-4DC3-803B-DEDBE2E74670
HADSKISS	HADSKISS	amazon.in	HTTPS://WWW.AMAZON.IN/HADSKISS-NECKLACE-EARRINGS-BRACELET-BRIDESMAID/DP/B087WTPVBQ
HAETINGCARE	HAETINGCARE	amazon.in	HTTPS://WWW.AMAZON.IN/HAETINGCARE-HANDBLOWN-CLEAR-GLASS-HANDLES/DP/B097C4D15N
HAHAYOO	HAHAYOO	amazon.in	HTTPS://WWW.AMAZON.IN/BISCUIT-GRADUATED-CUTTERS-COMMERCIAL-STAINLESS/DP/B08RDKD1QG
HAI	HAI	amazon.in	HTTPS://WWW.AMAZON.IN/CONDITIONERS/B?IE=UTF8&NODE=1374306031
HAINO	HAINO	amazon.in	HTTPS://WWW.AMAZON.IN/GERMANY-SCREEN-DISPLAY-BLUETOOTH-EARBUDS/DP/B0CLVLT8N9
HAITU	HAITU	amazon.in	HTTPS://WWW.AMAZON.IN/HAITU-SONGDOG/DP/B000087HYD
HAIYUE	HAIYUE	amazon.in	HTTPS://WWW.AMAZON.IN/HAIYUE-INFRARED-PORTABLE-ADJUSTABLE-WIRELESS/DP/B0F7LR5H4K
HAIZHIXING	HAIZHIXING	amazon.in	HTTPS://WWW.AMAZON.IN/HAIZHIXING-DESIGNER-SIDED-STATION-CLOCK/DP/B01L1D1PQM
HAIZHIXING	HAIZHIXING	amazon.in	HTTPS://WWW.AMAZON.IN/HAIZHIXING-BEAUTIFUL-INDOOR-CORRIDOR-STATION/DP/B079FMKKKZ
HAKKAGIRL	HAKKAGIRL	amazon.in	HTTPS://WWW.AMAZON.IN/HAKKAGIRL-ABCD-BLUE-WHITE-PORCELAIN/DP/B01MT27EG2
HAKUSOH	HAKUSOH	amazon.in	HTTPS://WWW.AMAZON.IN/HAKUSOH-SPARK-SLUGGER-MAPLE-DROPWEIGHT/DP/B0953HZ4QB
HALEEMS	HALEEMS	amazon.in	HTTPS://WWW.AMAZON.IN/HALEEMS-SPIDER-BOX-PRANK-SURPRISE/DP/B082BFZS4Y
HALENCE	HALENCE	amazon.in	HTTPS://WWW.AMAZON.IN/HALENCE-HEADBOARD-PLATFORM-MATTRESS-FOUNDATION/DP/B0CFYCJDK8
HALLAROMA	HALLAROMA	amazon.in	HTTPS://WWW.AMAZON.IN/DIFFUSERS-ESSENTIAL-AROMATHERAPY-HUMIDIFIER-WATERLESS/DP/B09TR6NDYD
HALOTRIBE	HALOTRIBE	amazon.in	HTTPS://WWW.AMAZON.IN/HALOTRIBE-MEDITATION-BENCH-DESIGN-HANDCRAFTED/DP/B0BXKK9PF3
HAMBLI	HAMBLI	amazon.in	HTTPS://WWW.AMAZON.IN/HAMBLI-WORLD-MAP-WALL-CLASSROOM/DP/B09K5RX3X5
HAMKAW	HAMKAW	amazon.in	HTTPS://WWW.AMAZON.IN/HAMKAW-REUSABLE-SILICONE-WATERPROOF-REDUCTION/DP/B07S73JLDD
HAMKAW	HAMKAW	amazon.in	HTTPS://WWW.AMAZON.IN/HAMKAW-DIFFERENT-ARTIFICIAL-TEXTURED-SUCCULENT/DP/B07QTJSSR9
HAMKAW	HAMKAW	amazon.in	HTTPS://WWW.AMAZON.IN/HAMKAW/S?K=HAMKAW&PAGE=3
HAMNOR	HAMNOR	amazon.in	HTTPS://WWW.AMAZON.IN/HAMNOR-PROFESSIONAL-INTERNATIONAL-HOLLYWOOD-CLAPBOARD/DP/B08XMD2DG8
HANAMONO	HANAMONO	amazon.in	HTTPS://WWW.AMAZON.IN/HANAMONO-ARTIFICIAL-PARADISE-TROPICAL-SEAGRASS/DP/B0BDYJTCNH
HANDICRAFTSPARADISE	HANDICRAFTSPARADISE	amazon.in	HTTPS://WWW.AMAZON.IN/STORES/HANDICRAFTSPARADISE/PAGE/1DF3A287-85E3-464F-AEBB-B687C6C391E4
HANERREAL	HANERREAL	amazon.in	HTTPS://WWW.AMAZON.IN/HANERREAL-HALLOWEEN-CHILD-COSTUME-GROGU/DP/B0CDSRH3L9
HANJIAONI	HANJIAONI	amazon.in	HTTPS://WWW.AMAZON.IN/HANJIAONI-ASTRONOMICAL-FOLDABLE-JEWELRY-GIFT%EF%BC%88GOLD/DP/B083SC7QW3
HANLU	HANLU	amazon.in	HTTPS://WWW.AMAZON.IN/HANLU-HL-8206-2-PORTABLE-INSTALLATION-HEXAGONAL/DP/B00XRA7C1A
HANMENGXUAN	HANMENGXUAN	amazon.in	HTTPS://WWW.AMAZON.IN/HANMENGXUAN-ULTRA-LITE-WATERPROOF-PROTECTIVE-WORKWEAR/DP/B08LNXCZVK
HANNEX	HANNEX	amazon.in	HTTPS://WWW.AMAZON.IN/HANNEX-ESON431S-ELECTRIC-STEAMER-SILVER/DP/B00VGT7KLG
HANOTE	HANOTE	amazon.in	HTTPS://WWW.AMAZON.IN/HANOTE-HARDCOVER-NOTEBOOK-NOTEBOOKS-3-5X5-75/DP/B07SW2C5K4
HANSTORM	HANSTORM	amazon.in	HTTPS://WWW.AMAZON.IN/HANSTORM-STRENGTH-ADJUSTABLE-ABDOMINAL-EQUIPMENT/DP/B08Z7C3DKZ
HANTOPTIK	HANTOPTIK	amazon.in	HTTPS://WWW.AMAZON.IN/HANTOPTIK-HP-5059MC-DUAL-OPTIC-MOUNT/DP/B0CZ3SZTQM
HANTURE	HANTURE	amazon.in	HTTPS://WWW.AMAZON.IN/HANTURE-ACRYLIC-BEDROOM-CHRISTMAS-WEDDING/DP/B09614GPW3?S=BAZAAR
HANWER	HANWER	amazon.in	HTTPS://WWW.AMAZON.IN/HANWER-COMPOSTABLE-DISPOSABLE-ECO-FRIENDLY-BIODEGRADABLE/DP/B0C1V4WZFX
HANYOER	HANYOER	amazon.in	HTTPS://WWW.AMAZON.IN/HANYOER-IRRIGATION-ADJUSTABLE-CONNECTOR-SPRINKLER/DP/B07VK2W4LS
HANZHIQIANG	HANZHIQIANG	amazon.in	HTTPS://WWW.AMAZON.IN/HANZHIQIANG-5-5X2-5MM-CAMCORDER-RECEIVER-CHARGERS/DP/B0798SGPD2
HAOBEIBEI	HAOBEIBEI	amazon.in	HTTPS://WWW.AMAZON.IN/HAOBEIBEI-GERMAIN-NEYMAR-2018-2019-ARMBANDS/DP/B083QJN9MW
HAOHAINA	HAOHAINA	amazon.in	HTTPS://WWW.AMAZON.IN/HAOHAINA-ORNAMENTS-COLLECTIBLE-CREATIVE-CHRISTMAS/DP/B0CG37QWGF
HAOHAINA	HAOHAINA	amazon.in	HTTPS://WWW.AMAZON.IN/HAOHAINA-MEMORY-VENDING-MACHINE-COLLECTIBLE/DP/B0C2PGVKW5
HAOKANDE	HAOKANDE	amazon.in	HTTPS://WWW.AMAZON.IN/HAOKANDE-ORIGINAL-3000MAH-ZT-GY974745-WIRELESS/DP/B0DMW1225H
HAOKEKE	HAOKEKE	amazon.in	HTTPS://WWW.AMAZON.IN/HAOKEKE-COCKTAIL-SCALLOP-ELEGANT-SLEEVES/DP/B09Y956J5W
HAOPAPA	HAOPAPA	amazon.in	HTTPS://WWW.AMAZON.IN/HAOPAPA-HANDHELD-PORTABLE-RECHARGEABLE-EARPHONE/DP/B07Y5GSNCW
HAOPONER	HAOPONER	amazon.in	HTTPS://WWW.AMAZON.IN/HAOPONER-PORTABLE-DIGITAL-DISPLAY-SPEAKER/DP/B010AUWVLK
HAORIDUL	HAORIDUL	amazon.in	HTTPS://WWW.AMAZON.IN/HAORIDUL-MOUNTING-BRACKET-POSITION-ALUMINUM/DP/B08MXTW8RN
HAOXAOON	HAOXAOON	amazon.in	HTTPS://WWW.AMAZON.IN/HAOXAOON-EXHAUST-HANGER-RUBBER-UNIVERSAL/DP/B09WHBMYBM
HAOYUEER	HAOYUEER	amazon.in	HTTPS://WWW.AMAZON.IN/HAOYUEER-STUDDED-LABRADOR-ROTTWEILER-SHEPHERD/DP/B07HNVQLX8
HAOYUEER	HAOYUEER	amazon.in	HTTPS://WWW.AMAZON.IN/HAOYUEER-LEATHER-STUDDED-HARNESSES-MATCHING/DP/B07D5BF32M
HAPCHRON	HAPCHRON	amazon.in	HTTPS://WWW.AMAZON.IN/HAPCHRON-ROLLERS-HANDLES-REMOVER-FURNITURE/DP/B094VSFD56
HAPITO	HAPITO	amazon.in	HTTPS://WWW.AMAZON.IN/HAPITO-FOOTWEAR-ULTIMATE-PROTECTOR-BACTERIA/DP/B09WRMWK3B
HAPPBUY	HAPPBUY	amazon.in	HTTPS://WWW.AMAZON.IN/HAPPYBUY-COLLAPSIBLE-REMOVABLE-OVERSIZED-ADJUSTABLE/DP/B08KXTLVX9
HAPPEPT	HAPPEPT	amazon.in	HTTPS://WWW.AMAZON.IN/HAPPEPT-WATERPROOF-PROTECTOR-NON-SLIP-UNIVERSAL/DP/B0B7G9KGMZ
HAPURS	HAPURS	amazon.in	HTTPS://WWW.AMAZON.IN/HAPURS-REMOVER-MECHANICAL-KEYBOARD-REMOVING/DP/B011BNCUH0
HARATY	HARATY	amazon.in	HTTPS://WWW.AMAZON.IN/HARATY-BRIDAL-VEILS-LAYER-WEDDING/DP/B096X67DGX
HARBENDI	HARBENDI	amazon.in	HTTPS://WWW.AMAZON.IN/REPLACEMENT-FAIRYWILL-ELECTRIC-TOOTHBRUSH-CHARGING/DP/B09MQQFF9J
HARISTAR	HARISTAR	amazon.in	HTTPS://WWW.AMAZON.IN/HARISTAR-POTTY-TRAINER-BABIES-SUITABLE/DP/B09G3BCXQ2
HARISTAR	HARISTAR	amazon.in	HTTPS://WWW.AMAZON.IN/HARISTAR-SCOOTER-STYLE-REMOVABLE-AVAILABLE/DP/B0977P1PF6
HARISTAR	HARISTAR	amazon.in	HTTPS://WWW.AMAZON.IN/HARISTAR-DISPENSER-SHAMPOO-HANDWASH-BATHROOM/DP/B0BZHYKQV5
HARISTAR	HARISTAR	amazon.in	HTTPS://WWW.AMAZON.IN/HARISTAR-DISPENSER-BATHROOM-HANDWASH-ACCESSORIES/DP/B0CQRY1JB4
HARISTAR	HARISTAR	amazon.in	HTTPS://WWW.AMAZON.IN/HARISTAR-DISPENSER-BATHROOM-SANITIZER-HANDWASH/DP/B0C2LKGWKL
HARISTAR	HARISTAR	amazon.in	HTTPS://WWW.AMAZON.IN/HARISTAR-LOVING-ROCKER-1-5YEARS-BIRTHDAY/DP/B096C8PSJR
HARISTAR	HARISTAR	amazon.in	HTTPS://WWW.AMAZON.IN/HARISTAR-KICHEN-LIQUID-DISPENSER-DISPENSER15/DP/B0CR8HC1KK
HARISTAR	HARISTAR	amazon.in	HTTPS://WWW.AMAZON.IN/-/HI/HARISTAR-%E0%A4%B8%E0%A4%BF%E0%A4%AA%E0%A4%BE%E0%A4%B9%E0%A5%80-%E0%A4%85%E0%A4%B2%E0%A5%8D%E0%A4%9F%E0%A5%8D%E0%A4%B0%E0%A4%BE-%E0%A4%B8%E0%A5%8D%E0%A4%9F%E0%A5%87%E0%A4%A8%E0%A4%B2%E0%A5%87%E0%A4%B8-%E0%A4%B8%E0%A4%AC%E0%A5%8D%E0%A4%9C%E0%A4%BF%E0%A4%AF%E0%A4%BE%E0%A4%82/DP/B0CGVZJC96
HARNNHALO	HARNNHALO	amazon.in	HTTPS://WWW.AMAZON.IN/HARNNHALO-ERGONOMIC-CHILD-CARRIER-DETACHABLE/DP/B07FXDZ7KQ
HAROLDELECTRICALS	HAROLDELECTRICALS	amazon.in	HTTPS://WWW.AMAZON.IN/STORES/HAROLDELECTRICALS/PAGE/6F64E0AF-29D9-4CAE-BF4B-29DFF6135D47
HARVAKIDS	HARVAKIDS	amazon.in	HTTPS://WWW.AMAZON.IN/HARVAKIDS-BLOCKING-EXPLOSION-PROOF-MATERIAL-BLACK-17-5/DP/B0CFFDC7GC
HASTHIP	HASTHIP	amazon.in	HTTPS://WWW.AMAZON.IN/STORES/HASTHIP/PAGE/0E6FFEF7-3BC2-4DEE-8909-81D3C0ED7F03
HATBUTIK	HATBUTIK	amazon.in	HTTPS://WWW.AMAZON.IN/HATBUTIK-HATBUTIK-ANIMAL-SPIRIT-MITTENS/DP/B07H8PTMWC
HAULMATE	HAULMATE	amazon.in	HTTPS://WWW.AMAZON.IN/HAULMATE-AIRTIGHT-MICROWAVE-TEAR-RESISTANT-MATERIAL/DP/B08T915NVV
HAVULHUA	HAVULHUA	amazon.in	HTTPS://WWW.AMAZON.IN/HAVULHUA-VEGETABLE-STAINLESS-MUSHROOM-REPLACEMENT/DP/B09Q7VTZ4J
HAYMARO	HAYMARO	amazon.in	HTTPS://WWW.AMAZON.IN/HAYMARO-MONACHO-PAUL-DOUARD-DIDIER-RIANT/DP/127321904X
HBHHB	HBHHB	amazon.in	HTTPS://WWW.AMAZON.IN/HBHHB-UMBRELLA-WINDPROOF-THICKENED-TRANSPARENT/DP/B08L15QYMG
HBJH	HBJH	amazon.in	HTTPS://WWW.AMAZON.IN/HBJH-ULTRA-THIN-BRIGHTNESS-TEMPERATURE-ADJUSTABLE/DP/B0BNQ7T6QV
HBKEEN	HBKEEN	amazon.in	HTTPS://WWW.AMAZON.IN/HBKEEN-CONCRETE-DIAMOND-THREADED-INCH%C3%AF%C2%BC%C3%A2%E2%82%AC%C2%B0/DP/B0BBW7GGBQ
HBOKIT	HBOKIT	amazon.in	HTTPS://WWW.AMAZON.IN/HBOKIT-ADJUSTABLE-STRETCHER-PROFESSIONAL-STRETCHING/DP/B0957GQ2GS
HBSOWEA	HBSOWEA	amazon.in	HTTPS://WWW.AMAZON.IN/HBSOWEA-SQUIRREL-LANDING-STUFFED-ANIMAL/DP/B0BNQX5GKD
HCDOUJOY	HCDOUJOY	amazon.in	HTTPS://WWW.AMAZON.IN/HCDOUJOY-PATTERN-INTERACTIVE-ELECTRONIC-BIRTHDAY/DP/B095JNY23J
HCHANA	HCHANA	amazon.in	HTTPS://WWW.AMAZON.IN/HCHANA-SERUM-SHEET-PROTECTION-360GM/DP/B08KWJB7JP
HCHERBALINGREDIENTSEXPERT	HCHERBALINGREDIENTSEXPERT	amazon.in	HTTPS://WWW.AMAZON.IN/STORES/HCHERBALINGREDIENTSEXPERT/HOMEPAGE/PAGE/F1E2188D-C675-4870-BA5F-1448CD531B5F
HCHERBALINGREDIENTSEXPERT	HCHERBALINGREDIENTSEXPERT	amazon.in	HTTPS://WWW.AMAZON.IN/STORES/HCHERBALINGREDIENTSEXPERT/PAGE/D3AA082D-6008-4662-BF22-DD316325D97C
HCSXMY	HCSXMY	amazon.in	HTTPS://WWW.AMAZON.IN/HCSXMY-PLAYING-ELECTRONIC-DECORATION-ORIGINAL/DP/B09PQV999G
HDSMNGY	HDSMNGY	amazon.in	HTTPS://WWW.AMAZON.IN/HDSMNGY-CROSSBODY-SLING-BAG-RECHARGING/DP/B0C4F5FD8L
HDYAR	HDYAR	amazon.in	HTTPS://WWW.AMAZON.IN/HDYAR-SHORTSIGHTED-LEAKPROOF-PROTECTION-ADJUSTABLE/DP/B0BQR5J2T5
HEALTHGENIE	HEALTHGENIE	amazon.in	HTTPS://WWW.AMAZON.IN/HEALTHGENIE-TEMPERED-WARRANTY-SPORTY-RED/DP/B0B1QXJG9Z
HEANDI	HEANDI	amazon.in	HTTPS://WWW.AMAZON.IN/HEANDI-12PCS-CIRCUS-HALLOWEEN-COSTUME/DP/B01L3FEF7Y
HEANO	HEANO	amazon.in	HTTPS://WWW.AMAZON.IN/HEANO-DESIGNED-SPECIFICALLY-EXTENSIONS-ADJUSTABLE/DP/B09XXC398C
HEAPAO	HEAPAO	amazon.in	HTTPS://WWW.AMAZON.IN/HEAPAO-KEYBOARD-MULTI-ANGLE-KICKSTAND-DETACHABLE/DP/B0CX1262FP
HEAPETBON	HEAPETBON	amazon.in	HTTPS://WWW.AMAZON.IN/HEAPETBON-POOPER-SCOOPER-FOLDING-HANDLE/DP/B09KC4D3R5
HEARTGOWN	HEARTGOWN	amazon.in	HTTPS://WWW.AMAZON.IN/HEARTGOWN-CAPELETS-CHIFFON-EVENING-WEDDING/DP/B09MJCQ99R
HEATAK	HEATAK	amazon.in	HTTPS://WWW.AMAZON.IN/HEATAK-TURKEY-APPROVED-000BTU-REGULATOR/DP/B0C95GBLT8
HEAUNZY	HEAUNZY	amazon.in	HTTPS://WWW.AMAZON.IN/HEAUNZY-APERTURE-TAKOYAKI-SILICONE-POFFERTJES/DP/B0C4XG692P
HEBELYX	HEBELYX	amazon.in	HTTPS://WWW.AMAZON.IN/HEBELYX-HEALTHCARE-REVERSAL-TABLETS-WOMEN/DP/B0B9K3PB85
HEBERRY	HEBERRY	amazon.in	HTTPS://WWW.AMAZON.IN/HEBERRY-SEQUINS-SUMMER-FEMALE-ELEGANT/DP/B0878WFNRF
HEBERRY	HEBERRY	amazon.in	HTTPS://WWW.AMAZON.IN/HEBERRY-LADIES-LINING-WINTER-JACKET/DP/B07X8T8SPF
HEBERRY	HEBERRY	amazon.in	HTTPS://WWW.AMAZON.IN/HEBERRY-SLEEVE-HOODED-CARDIGAN-JACKET/DP/B087C9V55S
HEBRAEOS	HEBRAEOS	amazon.in	HTTPS://WWW.AMAZON.IN/EPISTOLAE-DICITUR-HEBRAEOS-INDOLE-PECULIARI/DP/1160499772
HECCEON	HECCEON	amazon.in	HTTPS://WWW.AMAZON.IN/HECCEON-8X10-FOLDABLE-WASHABLE-PLAYROOM/DP/B0C73XGDJL
HECTOLIFE	HECTOLIFE	amazon.in	HTTPS://WWW.AMAZON.IN/HECTOLIFE-CONTAINER-SUCCULENTS-SEEDLINGS-TRANSPLANTING/DP/B094D2JW6V
HECTOLIFE	HECTOLIFE	amazon.in	HTTPS://WWW.AMAZON.IN/HECTOLIFE-PLANTER%EF%BC%8CINDOOR-POT%EF%BC%8CPLANT-CONTAINERS-DRAINAGE/DP/B0BVQ1Y5KV
HECTOLIFE	HECTOLIFE	amazon.in	HTTPS://WWW.AMAZON.IN/HECTOLIFE-POTS%EF%BC%8CTHICKENED-CONTAINER-SUCCULENTS-TRANSPLANTING/DP/B094D8WBDH
HEEBZPET	HEEBZPET	amazon.in	HTTPS://WWW.AMAZON.IN/HEEBZPET-FEEDER-INSERT-SUCTION-ADJUSTABLE/DP/B09THXT293
HEELOO	HEELOO	amazon.in	HTTPS://WWW.AMAZON.IN/HEELOO-UPDATED-VERSION-CHOPSTICKS-CHOPSTICKS/DP/B09R1VDMDS
HEEZEEBEEZEE	HEEZEEBEEZEE	amazon.in	HTTPS://WWW.AMAZON.IN/HEEZEEBEEZEE-COMBINATION-CONTAINER-PORTABLE-MULTIPURPOSE/DP/B097TPZKZZ
HEFLYCCTV	HEFLYCCTV	amazon.in	HTTPS://WWW.AMAZON.IN/HEFLYCCTV-DOMECAMERA-SECURITY-DETECTION-WEATHERPROOF/DP/B0CHF8P87H
HEGEO	HEGEO	amazon.in	HTTPS://WWW.AMAZON.IN/HEGEO-DRESSES-ELEGANT-ROUND-NECK-FASHION/DP/B09MCYPB2V
HEHEN	HEHEN	amazon.in	HTTPS://WWW.AMAZON.IN/HEHEN-ADJUSTABLE-TRACTION-SUITABLE-LEASHES/DP/B075CZGC43
HEIDEE	HEIDEE	amazon.in	HTTPS://WWW.AMAZON.IN/HEIDEE-NATURAL-FLAVOUR-CHEMICAL-PESTICIDES/DP/B0BQ3F8CB9
HEIHUOHUA	HEIHUOHUA	amazon.in	HTTPS://WWW.AMAZON.IN/HEIHUOHUA-CASUAL-BUTTON-DOWN-TRUCKER-JACKET/DP/B082XP2MSN
HEILAIYI	HEILAIYI	amazon.in	HTTPS://WWW.AMAZON.IN/HEILAIYI-RETROFIT-MODIFYIED-OVERHEAD-CONNECT/DP/B09L4KVKTQ
HELALIFE	HELALIFE	amazon.in	HTTPS://WWW.AMAZON.IN/HELALIFE-WATERPROOF-ACTIVITY-SMARTWATCHES-PEDOMETER/DP/B0B3SSPD7H
HELFIS	HELFIS	amazon.in	HTTPS://WWW.AMAZON.IN/HELFIS-ASSESSME-SMART-SCALE-BLACK/DP/B07GNCH9WC
HELFIS	HELFIS	amazon.in	HTTPS://WWW.AMAZON.IN/HELFIS-HLR949-CYCLIST-CONDUCTION-HEADSET/DP/B0776WJV7T
HELHUNLEE	HELHUNLEE	amazon.in	HTTPS://WWW.AMAZON.IN/RECHARGEABLE-HELHUNLEE-WATERPROOF-HEADLIGHT-ILLUMINATED/DP/B07TY86TRG
HELISOPUS	HELISOPUS	amazon.in	HTTPS://WWW.AMAZON.IN/HELISOPUS-WOMENS-CASUAL-TROUSERS-ELASTIC/DP/B0836C7YLC
HELLCUP	HELLCUP	amazon.in	HTTPS://WWW.AMAZON.IN/HELLCUP-PROTECTORS-SILICONE-CALLUSES-BLISTERS/DP/B07V5TN2T7
HELLODIY	HELLODIY	amazon.in	HTTPS://WWW.AMAZON.IN/HELLODIY-MATCHING-BRACELETS-BOYFRIEND-GIRLFRIEND/DP/B0CQVLDZWX
HELLOSAY	HELLOSAY	amazon.in	HTTPS://WWW.AMAZON.IN/HELLOSAY-PORTABLE-RECHARGEABLE-BLADELESS-CONDITIONER/DP/B0C33CGHSG
HELMFIT	HELMFIT	amazon.in	HTTPS://WWW.AMAZON.IN/HELM-HELMFIT-FITNESS-STRENGTH-TRAINING/DP/B01A7O30SM
HELOIA	HELOIA	amazon.in	HTTPS://WWW.AMAZON.IN/HELOIA-CUSTOM-KEYCAPS-ESC-KEY/DP/B09MT3Z5TJ
HELTID	HELTID	amazon.in	HTTPS://WWW.AMAZON.IN/HELTID-WOMENS-GLADIATOR-SANDALS%EF%BC%8CSLIP-SANDALS/DP/B093MGGH9D
