0HEZE	0HEZE	amazon.ae	HTTPS://WWW.AMAZON.AE/0HEZE-SAMSUNG-GALAXY-NOTE-20-CASE-RUGGED-MILITARY-GRADE-PHONE-CASES-SAMSUNG-NOTE20-CAR-MAGNETIC-RING-HOLDER-FINGER-PROTECTIVE-HEAVY-DUTY-ARMOR-COVER/DP/B08HMP1FG7
1C1K0022	1C1K0022	amazon.ae	HTTPS://WWW.AMAZON.AE/1C1K0022-A4339-A4340-A4350-11360-JA000/DP/B07H26CGSD
1STMALL	1STMALL	amazon.ae	HTTPS://WWW.AMAZON.AE/1STMALL-BATHROBE-BRIDESMAID-WEDDING-DRESSING/DP/B08DRDRP8L
2BCONNECT	2BCONNECT	amazon.ae	HTTPS://WWW.AMAZON.AE/2BCONNECT-MAGNETIC-WIRELESS-CHARGER-STICKER/DP/B07LB6BFXJ
2BEONE	2BEONE	amazon.ae	HTTPS://WWW.AMAZON.AE/2BEONE-PORTABLE-RECHARGABLE-ADJUSTABLE-BRIGHTNESS/DP/B073VFSVRP
2NLF	2NLF	amazon.ae	HTTPS://WWW.AMAZON.AE/2NLF-SECURITY-WIRELESS-DETECTION-WATERPROOF/DP/B0DJ2DKNP2
2NLF	2NLF	amazon.ae	HTTPS://WWW.AMAZON.AE/2NLF-SECURITY-WIRELESS-DETECTION-MONITORING/DP/B0DJ2L7Q8J
2NLF	2NLF	amazon.ae	HTTPS://WWW.AMAZON.AE/2NLF-SECURITY-WIRELESS-PANORAMIC-TRACKING/DP/B0DJ2Q6F7T
2NLF	2NLF	amazon.ae	HTTPS://WWW.AMAZON.AE/2NLF-SECURITY-DETECTION-TRACKING-SUPPORTS/DP/B0DS11XJDG
365OMNI	365OMNI	amazon.ae	HTTPS://WWW.AMAZON.AE/365OMNI-ELECTRIC-GRAVITY-PEPPER-GRINDER/DP/B09PB5QGFW
4ACTIVEU	4ACTIVEU	amazon.ae	HTTPS://WWW.AMAZON.AE/4ACTIVEU-ADJUSTABLE-DUMBBELLS-ANTI-SLIP-HANDLE/DP/B08DKXV1Y3
5ARTH	5ARTH	amazon.ae	HTTPS://WWW.AMAZON.AE/5ARTH-NATURAL-WOOD-SLICES-UNFINISHED/DP/B07QJ51WK8
5ARTH	5ARTH	amazon.ae	HTTPS://WWW.AMAZON.AE/5ARTH-NATURAL-WOOD-SLICES-UNFINISHED/DP/B082HR4RV3
7CDXD	7CDXD	amazon.ae	HTTPS://WWW.AMAZON.AE/7CDXD-MUG-CUSTOMIZABLE-FUNCTION-TEMPERATURE/DP/B0BHVKZHS4
9HORN	9HORN	amazon.ae	HTTPS://WWW.AMAZON.AE/9HORN-HOME-CINEMA-BOOKSHELF-SATELLITE-SPEAKERS/DP/B087ZRYWNT
9HORN	9HORN	amazon.ae	HTTPS://WWW.AMAZON.AE/9HORN-MASSAGE-TRIGGER-MYOFASCIAL-RELEASE/DP/B0796QJFSJ
AAGEME	AAGEME	amazon.ae	HTTPS://WWW.AMAZON.AE/AAGEME-STAINLESS-CURTAIN-TRAVERSE-BATHROOM/DP/B094NRV6RZ
AAOCLO	AAOCLO	amazon.ae	HTTPS://WWW.AMAZON.AE/AAOCLO-SHOCKPROOF-PROTECTIVE-COMPATIBLE-BUSINESS/DP/B0BZ6V4TWG
AAOCLO	AAOCLO	amazon.ae	HTTPS://WWW.AMAZON.AE/AAOCLO-SHOCKPROOF-BUSINESS-COMPATIBLE-NORDCE3LITE/DP/B0C2XT6TRB
AASINUOZTEC	AASINUOZTEC	amazon.ae	HTTPS://WWW.AMAZON.AE/AASINUOZTEC-TOUCHSCREEN-NAVIGATION-BLUETOOTH-WIRELESS/DP/B0BD5ZPXNQ
AASINUOZTEC	AASINUOZTEC	amazon.ae	HTTPS://WWW.AMAZON.AE/AASINUOZTEC-TOUCHSCREEN-NAVIGATION-BLUETOOTH-WIRELESS/DP/B0BG76WFLN
ABALAGU	ABALAGU	amazon.ae	HTTPS://WWW.AMAZON.AE/ABALAGU-DELUXE-CHRISTMAS-VELVET-COSTUME/DP/B07Y1B2ZHQ
ABAUND	ABAUND	amazon.ae	HTTPS://WWW.AMAZON.AE/DIAPER-CADDY-ORGANIZER-ABAUND-DURABLE/DP/B07LCJ3SCG
ABBITTAR	ABBITTAR	amazon.ae	HTTPS://WWW.AMAZON.AE/ABBITTAR-CERAMIC-FARMHOUSE-BOOKSHELF-ENTRYWAY/DP/B09VDDFVDS
ABBITTAR	ABBITTAR	amazon.ae	HTTPS://WWW.AMAZON.AE/ABBITTAR-CERAMIC-FARMHOUSE-BOOKSHELF-ENTRYWAY/DP/B09HHG99M5
ABCCAMPING	ABCCAMPING	amazon.ae	HTTPS://WWW.AMAZON.AE/ABCCAMPING-COOLER-BACKPACK-LIGHTWEIGHT-INSULATED/DP/B09VKFLXPM
ABETAMMY	ABETAMMY	amazon.ae	HTTPS://WWW.AMAZON.AE/ABETAMMY-1001-NAVY-TABLE-MATS/DP/B07YM4WX15
ABETAMMY	ABETAMMY	amazon.ae	HTTPS://WWW.AMAZON.AE/ABETAMMY-BLUE-LINE-1210-TABLE/DP/B082L59Y21
ABIRAA	ABIRAA	amazon.ae	HTTPS://WWW.AMAZON.AE/ABIRAA-PROJECTOR-SYNCHRONIZE-SMARTPHONE-ENTERTAINMENT/DP/B0BLH7YPYY
ABMAPA	ABMAPA	amazon.ae	HTTPS://WWW.AMAZON.AE/ABMAPA-HALLOWEEN-ARTICULATED-ACCESSORIES-PAIR-BLACK/DP/B09F6V5NZ5
ABNII	ABNII	amazon.ae	HTTPS://WWW.AMAZON.AE/ABNII-CLAMPS-DURABLE-10MM-MANAGEMENT/DP/B08RMNPCYN
ABODEN	ABODEN	amazon.ae	HTTPS://WWW.AMAZON.AE/ABODEN-NON-STICK-SILICONE-BAKING-AK011-RED/DP/B01G9CJNPK
ABOODAH	ABOODAH	amazon.ae	HTTPS://WWW.AMAZON.AE/ABOODAH-JELLYFISH-SCULPTURE-PAPERWEIGHT-DECORATION/DP/B08HLX9YYJ
ABOOLON	ABOOLON	amazon.ae	HTTPS://WWW.AMAZON.AE/ABOOLON-PROJECTOR-P6-CORRECTION-COMPATIBLE/DP/B0B659QN18
ABOOLY	ABOOLY	amazon.ae	HTTPS://WWW.AMAZON.AE/ABOOLY-POWERED-WORKSHOP-BIRTHDAY-15-7X11-8IN/DP/B0BK972XV2
ABRAFIT	ABRAFIT	amazon.ae	HTTPS://WWW.AMAZON.AE/ABRAFIT-BARBELL-CLAMPS-WEIGHTLIFTING-BODYBUILDING/DP/B07CPTHRHP
ABRATO	ABRATO	amazon.ae	HTTPS://WWW.AMAZON.AE/PORTABLE-SUBWOOFER-BLUETOOTH-MICROPHONES-WIRELESS/DP/B08NSRPF9G
ABSKRYO	ABSKRYO	amazon.ae	HTTPS://WWW.AMAZON.AE/ABSKRYO-PORTABLE-BLADELESS-WEARABLE-ADJUSTABLE/DP/B0B2DGXWGT
ABSOVETU	ABSOVETU	amazon.ae	HTTPS://WWW.AMAZON.AE/ABSOVETU-GLASS-JUICE-BOTTLES-AIRTIGHT/DP/B0D9SBSSXT
ABTONG	ABTONG	amazon.ae	HTTPS://WWW.AMAZON.AE/POWERED-16-54FT-BLUETOOTH-CONNECTED-WATERPROOF/DP/B07PHJF83N
ABTOR	ABTOR	amazon.ae	HTTPS://WWW.AMAZON.AE/ABTOR-INDESTRUCTIBLE-AGGRESSIVE-HEDGEHOG-NON-TOXIC/DP/B07Y2ZJQ77
ABTOR	ABTOR	amazon.ae	HTTPS://WWW.AMAZON.AE/ABTOR-ULTRA-DURABLE-DOG-CHEW/DP/B08547MPFZ
ABURRORI	ABURRORI	amazon.ae	HTTPS://WWW.AMAZON.AE/ABURRORI-TABLEWARE-BIRTHDAY-TABLECLOTH-SPEAKEASY/DP/B0CHZ41MGY
ABUYTWO	ABUYTWO	amazon.ae	HTTPS://WWW.AMAZON.AE/ABUYTWO-HEATED-VESTS-TEMPERATURE-WAISTCOAT/DP/B09H2T8Z92
ABYANK	ABYANK	amazon.ae	HTTPS://WWW.AMAZON.AE/ABYANK-SILICONE-DISHWASHING-GLOVES%EF%BC%8CREUSABLE-HOUSEHOLD/DP/B07PPQVXMB
ABYSUP	ABYSUP	amazon.ae	HTTPS://WWW.AMAZON.AE/ABYSUP-INFLATABLE-BOUNCER-BACKYARD-MULTIPLE/DP/B093RR1V9P
ACALEPH	ACALEPH	amazon.ae	HTTPS://WWW.AMAZON.AE/ACALEPH-PROGRAMMABLE-CONTROLLED-RECHARGEABLE-CUSTOMIZABLE/DP/B09K6N8FWB
ACCFOD	ACCFOD	amazon.ae	HTTPS://WWW.AMAZON.AE/ACCFOD-WOMENS-RUFFLE-FRILLY-QUARTER/DP/B0C2DGW4CT
ACCFORE	ACCFORE	amazon.ae	HTTPS://WWW.AMAZON.AE/ACCFORE-COUNTER-WHISTLE-MECHANICAL-HANDHELD/DP/B09NWCZ8GH
ACCODONE	ACCODONE	amazon.ae	HTTPS://WWW.AMAZON.AE/ACCODONE-SYNTHETIC-KICKBOXING-SPARRING-SUITABLE/DP/B08XJQJVL9
ACCWORK	ACCWORK	amazon.ae	HTTPS://WWW.AMAZON.AE/ACCWORK-ELECTRIC-SCREWDRIVER-68-PRECISION/DP/B0DFGSPRKW
ACDOSLOW	ACDOSLOW	amazon.ae	HTTPS://WWW.AMAZON.AE/ACDOSLOW-CHRISTMAS-DECORATIVE-SNOWFLAKE-REINDEER/DP/B08H18BCJB
ACDSAF	ACDSAF	amazon.ae	HTTPS://WWW.AMAZON.AE/ACDSAF-WATERPROOF-COMFORTABLE-ANTI-FATIGUE-CONSTRUCTION/DP/B09D3K2KGN
ACDSAF	ACDSAF	amazon.ae	HTTPS://WWW.AMAZON.AE/ACDSAF-WATERPROOF-COMFORTABLE-ANTI-FATIGUE-CONSTRUCTION/DP/B09CM9LKSZ
ACEACR	ACEACR	amazon.ae	HTTPS://WWW.AMAZON.AE/ACEACR-BALLET-GYMNASTIC-X-SMALL-WHITE-FOOTED/DP/B08NJDJ1WM
ACEACR	ACEACR	amazon.ae	HTTPS://WWW.AMAZON.AE/ACEACR-GYMNASTIC-STIRRUP-STRETCH-BALLERINA/DP/B07QCQCDN9
ACHIRARKO	ACHIRARKO	amazon.ae	HTTPS://WWW.AMAZON.AE/ACHIRARKO-RECHARGEABLE-ELECTRIC-COMFORTABLE-SOCKS-WINTER/DP/B07X878SPX
ACHTSIX	ACHTSIX	amazon.ae	HTTPS://WWW.AMAZON.AE/ACHTSIX-NAIL-ART-BRUSHES/DP/B09N3HW1LL
ACMETHINK	ACMETHINK	amazon.ae	HTTPS://WWW.AMAZON.AE/ACMETHINK-HDMI-ADAPTER-CABLE-BLACK/DP/B07FQ94FJ4
ACOKAC	ACOKAC	amazon.ae	HTTPS://WWW.AMAZON.AE/ACOKAC-WATERPROOF-TOUCHSCREEN-3M-THINSULATE-SNOWBOARDING/DP/B07FZZHJ5P
ACOKAC	ACOKAC	amazon.ae	HTTPS://WWW.AMAZON.AE/ACOKAC-3M-THINSULATE-SNOW-SKI-GLOVES/DP/B07FZZMS25
ACOKI	ACOKI	amazon.ae	HTTPS://WWW.AMAZON.AE/ACOKI-PORTABLE-ELECTRONIC-ACCESSORIES-ORGANIZER/DP/B07Z82NG4Y
ACOKI	ACOKI	amazon.ae	HTTPS://WWW.AMAZON.AE/ELECTRONIC-ACCESSORIES-ORGANIZER-ACOKI-WATERPROOF/DP/B0874TFGCX
ACONDE	ACONDE	amazon.ae	HTTPS://WWW.AMAZON.AE/ACONDE-PLASTIC-BOTTLES-REUSABLE-FILLING/DP/B0CQSZ5SCV
ACOSEN	ACOSEN	amazon.ae	HTTPS://WWW.AMAZON.AE/ACOSEN-TENNIS-BAG-BACKPACK-ACCESSORIES/DP/B088DSZJ4K
ACOUTSHINE	ACOUTSHINE	amazon.ae	HTTPS://WWW.AMAZON.AE/ACOUTSHINE-17IN%EF%BC%88GENERAL-SIZE%EF%BC%89DOUBLE-CONTROLLED-WATERPROOF-4PCS/DP/B08YJX58ZS
ACROSSSEA	ACROSSSEA	amazon.ae	HTTPS://WWW.AMAZON.AE/ACROSSSEA-1500ML-CAPACITY-COMPARTMENT-DISHWASHER/DP/B09JJXJHBG
ACRYNEO	ACRYNEO	amazon.ae	HTTPS://WWW.AMAZON.AE/ACRYNEO-WC-3P-SETS-X9-X10/DP/B0CJNKN82N
ACTIONELITERS	ACTIONELITERS	amazon.ae	HTTPS://WWW.AMAZON.AE/ACTIONELITERS-EXPANDABLE-FUNCTIONS-LIGHTWEIGHT-PROTECTION/DP/B07SF5Z1GK
ACTIVEPROZONE	ACTIVEPROZONE	amazon.ae	HTTPS://WWW.AMAZON.AE/ACTIVEPROZONE-THERAPY-MASSAGE-BALL-TREATMENTS/DP/B01DID2TN6
ACTIVO2	ACTIVO2	amazon.ae	HTTPS://WWW.AMAZON.AE/BREAKOUT-SALICYLIC-PROACTIVE-CLEANSING-TREATMENT/DP/B07DY18DSY
ACTPO	ACTPO	amazon.ae	HTTPS://WWW.AMAZON.AE/ACTPO-PUZZLES-EDUCATIONAL-INTERLOCK-ASSORTED/DP/B092CJQ2L4
ACUBZ	ACUBZ	amazon.ae	HTTPS://WWW.AMAZON.AE/ACUBZ-MACRAME-HANGING-TAPESTRY-WEDDING/DP/B09GYCXCG4
ACUEWUJA	ACUEWUJA	amazon.ae	HTTPS://WWW.AMAZON.AE/ACUEWUJA-1GALLON-PLASTIC-PORTABLE-DRINKING/DP/B09FSPR1KX
ACULEVER	ACULEVER	amazon.ae	HTTPS://WWW.AMAZON.AE/ACULEVER-PSOAS-MUSCLE-RELEASE-TOOL/DP/B0BN13ZT99
ACUMAS	ACUMAS	amazon.ae	HTTPS://WWW.AMAZON.AE/ACUMAS-ADJUSTABLE-ORIGINAL-STRETCHY-CHILDREN/DP/B0C3LXDTB9
ACVCY	ACVCY	amazon.ae	HTTPS://WWW.AMAZON.AE/ACVCY-SUPPORT-BREATHABLE-COMFORTABLE-CUSHION/DP/B074TW2YXF
ADABUING	ADABUING	amazon.ae	HTTPS://WWW.AMAZON.AE/ADABUING-SH502-REPLACEMENT-REFRIGERATOR-REFRIGERATORS/DP/B0CCFCC58M
ADADMEI	ADADMEI	amazon.ae	HTTPS://WWW.AMAZON.AE/ADADMEI-LARGE-PRINT-OVERSIZED-INDIVIDUALS/DP/B09MLW731L
ADDACHIC	ADDACHIC	amazon.ae	HTTPS://WWW.AMAZON.AE/ADDACHIC-RHINESTONE-HANDMADE-ACCESSORIES-GROOMING/DP/B08XPKSLY9
ADDMIRRE	ADDMIRRE	amazon.ae	HTTPS://WWW.AMAZON.AE/ADDMIRRE-DH-441-223-DISH-BLACK-ADDMIRRE/DP/B07FSJDVHN
ADDSHINY	ADDSHINY	amazon.ae	HTTPS://WWW.AMAZON.AE/ADDSHINY-IMPERIAL-CLASS-DESTROYER-COLLECTIBLE-INTERSTELLAR/DP/B0BZV5MH9Z
ADDUBEAU	ADDUBEAU	amazon.ae	HTTPS://WWW.AMAZON.AE/ADDUBEAU-IQ-40-REPLACEMENT-FILTER/DP/B0BW8P4WJT
ADDZOE	ADDZOE	amazon.ae	HTTPS://WWW.AMAZON.AE/ADDZOE-SCULPTURE-CREATIVE-FIGURINE-DECORATION/DP/B0B861X43B
ADEPTICO	ADEPTICO	amazon.ae	HTTPS://WWW.AMAZON.AE/ADEPTICO-DISPLAY-T%C3%9CV-CERTIFIED%E3%80%91PROJECTOR-BLUETOOTH-PROJECTOR/DP/B0C6LWNPLL
ADESI	ADESI	amazon.ae	HTTPS://WWW.AMAZON.AE/CEILING-ACRYLIC-INDOOR-BEDROOM-DIMENSION/DP/B0CBW5WHZR
ADKIDO	ADKIDO	amazon.ae	HTTPS://WWW.AMAZON.AE/ADKIDO-STREAMING-SIMULTANEOUS-AUTO-TRACKING-CONFERENCES/DP/B0BXSLCY6K
ADONAFY	ADONAFY	amazon.ae	HTTPS://WWW.AMAZON.AE/ADONAFY-PRACTICE-ADJUSTABLE-EXTENSION-ART-NATURE/DP/B0CN6TXVZF
ADORBO	ADORBO	amazon.ae	HTTPS://WWW.AMAZON.AE/ADORBO-INFUSER-BOTTLE-TUMBLER-STRAINER/DP/B07YZ23QKB
ADOREL	ADOREL	amazon.ae	HTTPS://WWW.AMAZON.AE/ADOREL-GIRLS-SPORTS-LEGGINGS-LENGTH/DP/B09K3QWZMH
ADOUIRY	ADOUIRY	amazon.ae	HTTPS://WWW.AMAZON.AE/ADOUIRY-COMPATIBLE-CARTRIDGE-REPLACEMENT-LASERJET/DP/B07D8R2RL7
ADOUIRY	ADOUIRY	amazon.ae	HTTPS://WWW.AMAZON.AE/ADOUIRY-REMANUFACTURED-CARTRIDGE-OFFICEJET-MAGENTA/DP/B079KC3BVT
ADUARJO	ADUARJO	amazon.ae	HTTPS://WWW.AMAZON.AE/ADUARJO-COMPRESSED-180000RPM-ADJUSTABLE-ELECTRIC/DP/B0D3T62BWW
ADVGEARS	ADVGEARS	amazon.ae	HTTPS://WWW.AMAZON.AE/ADVGEARS-PROTECTOR-UNIVERSAL-SCRATCH-RESISTANT-ACCESSORY/DP/B07DDC6MFN
ADWORTE	ADWORTE	amazon.ae	HTTPS://WWW.AMAZON.AE/ADWORTE-CORDLESS-ELECTRIC-VACUUM-STORAGE/DP/B0DDSFSCLS
ADWORTE	ADWORTE	amazon.ae	HTTPS://WWW.AMAZON.AE/ADWORTE-FLEXSTYLE-DOUBLE-LAYER-ACCESSORIES-HAIRDRYER/DP/B0CHYNDX87
AEARY	AEARY	amazon.ae	HTTPS://WWW.AMAZON.AE/AEARY-SHOE-RACK-ORGANIZER-ADJUSTABLE/DP/B0BY1NFY2R
AEDGOYE	AEDGOYE	amazon.ae	HTTPS://WWW.AMAZON.AE/AEDGOYE-OUTDOOR-MEMORIAL-BEREAVEMENT-SYMPATHY/DP/B08ZMV1Z99
AEEISHOMEREFORM	AEEISHOMEREFORM	amazon.ae	HTTPS://WWW.AMAZON.AE/AEEISHOMEREFORM-WASHABLE-FRIENDLY-DARKCOFFEE-27-6X70-9/DP/B0F3X53HCM
AEEQUE	AEEQUE	amazon.ae	HTTPS://WWW.AMAZON.AE/AEEQUE-BACKPACK-CROSSBODY-SHOULDER-BACKPACKS/DP/B07S23ZCDF
AEIFOND	AEIFOND	amazon.ae	HTTPS://WWW.AMAZON.AE/AEIFOND-PEDOMETER-SMARTWATCH-BLUETOOTH-COMPATIBLE/DP/B09XK2W54C
AEKAHTAY	AEKAHTAY	amazon.ae	HTTPS://WWW.AMAZON.AE/AEKAHTAY-HOMEMADE-FRIENDLY-PACKAGING-STORAGE/DP/B09ZTTY43B
AEKAHTAY	AEKAHTAY	amazon.ae	HTTPS://WWW.AMAZON.AE/AEKAHTAY-HOMEMADE-FRIENDLY-PACKAGING-STORAGE/DP/B09413D434
AELFLANE	AELFLANE	amazon.ae	HTTPS://WWW.AMAZON.AE/AELFLANE-DISPENSING-INTERACTIVE-ALTERNATIVE-BARBELL-SHAPED/DP/B0936VP45H
AENOKO	AENOKO	amazon.ae	HTTPS://WWW.AMAZON.AE/AENOKO-COMPUTER-SCREEN-PROTECTOR-DIAGONAL/DP/B08G8S7DPY
AEPOTUMN	AEPOTUMN	amazon.ae	HTTPS://WWW.AMAZON.AE/AEPOTUMN-COSTUME-HALLOWEEN-COSPLAY-JUMPSUIT/DP/B0BG9WR8ZB
AERBEE	AERBEE	amazon.ae	HTTPS://WWW.AMAZON.AE/AERBEE-THICKENED-STAINLESS-SECURITY-FURNITURE/DP/B0C582CPKJ
AERYMLI	AERYMLI	amazon.ae	HTTPS://WWW.AMAZON.AE/AERYMLI-UNICORN-CARTOON-SILICONE-INCH-PINK/DP/B0B7QJJ79V
AETORGC	AETORGC	amazon.ae	HTTPS://WWW.AMAZON.AE/AETORGC-HAIRBANDS-HEADBANDS-HEADWEAR-ACCESSORIES/DP/B08HHW681Y
AETTL	AETTL	amazon.ae	HTTPS://WWW.AMAZON.AE/AETTL-AUTOMATIC-SOAP-DISPENSER-DISPENSING/DP/B097MTDKFT
AETWHY	AETWHY	amazon.ae	HTTPS://WWW.AMAZON.AE/AETWHY-STRIPPING-MACHINE-STRIPPER-RECYCLING/DP/B0CNR2TJRL
AETWHY	AETWHY	amazon.ae	HTTPS://WWW.AMAZON.AE/AETWHY-STRIPPING-STRIPPER-PORTABLE-RECYCLING-SILVER/DP/B0D3HJHHLK
AEWIO	AEWIO	amazon.ae	HTTPS://WWW.AMAZON.AE/AEWIO-KITCHEN-UTILITY-FUNCTION-ORGANIZER/DP/B082M38KRN
AEWIO	AEWIO	amazon.ae	HTTPS://WWW.AMAZON.AE/AEWIO-SANDPAPER-AUTOMOTIVE-FURNITURE-FINISHING/DP/B07V6SYZ54
AEWIO	AEWIO	amazon.ae	HTTPS://WWW.AMAZON.AE/AEWIO-SANDPAPER-AUTOMOTIVE-FURNITURE-FINISHING/DP/B07V3PYDZZ
AEWIO	AEWIO	amazon.ae	HTTPS://WWW.AMAZON.AE/AEWIO-KITCHEN-FUNCTION-ORGANIZER-OAK-COLOR/DP/B0825P7YZS
AEWIO	AEWIO	amazon.ae	HTTPS://WWW.AMAZON.AE/AEWIO-SANDING-SANDPAPER-COMPATIBLE-ORBITAL/DP/B09QL353M5
AEWIO	AEWIO	amazon.ae	HTTPS://WWW.AMAZON.AE/AEWIO-UNIVERSAL-ADJUSTMENT-VERTICAL-DISTANCE/DP/B07VKN2QWD
AEWIO	AEWIO	amazon.ae	HTTPS://WWW.AMAZON.AE/AEWIO-SANDPAPER-SANDING-ORBITAL-SANDERS/DP/B0829M72XT
AEWIO	AEWIO	amazon.ae	HTTPS://WWW.AMAZON.AE/AEWIO-100FT-FIBERGLASS-ELECTRICAL-PULLER/DP/B07P1J9BXX
AFDFAD	AFDFAD	amazon.ae	HTTPS://WWW.AMAZON.AE/AFDFAD-INUMAKI-TOGE-BLUE-XL-BLUE-XL/DP/B09785GLCH
AFEETSING	AFEETSING	amazon.ae	HTTPS://WWW.AMAZON.AE/AFEETSING-WOMENS-BALLET-COMFORTABLE-SILVER/DP/B09H2ND6WB
AFFENLASKAN	AFFENLASKAN	amazon.ae	HTTPS://WWW.AMAZON.AE/AFFENLASKAN-EQUIPMENT-CROSSFIT-TRAINING-EXERCISES/DP/B08FZY6L85
AFFHENY	AFFHENY	amazon.ae	HTTPS://WWW.AMAZON.AE/AFFHENY-ATTACHMENT-NON-ELECTRIC-ADJUSTABLE-INSTALLATION%EF%BC%88BLACK/DP/B091Q48XVV
AFGSSM	AFGSSM	amazon.ae	HTTPS://WWW.AMAZON.AE/AFGSSM-BASKING-PLATFORM-ACCESSORIES-FLOATING/DP/B0CBZ7J5L1
AFHT	AFHT	amazon.ae	HTTPS://WWW.AMAZON.AE/AFHT-BACKDROP-STAND%EF%BC%8CGREEN-STAND%EF%BC%8CCHROMAKEY-BACKGROUND/DP/B08PTW45PB
AFNWQI	AFNWQI	amazon.ae	HTTPS://WWW.AMAZON.AE/AFNWQI-GLASSES-COMPUTER-BLACK-TRANSPARENT/DP/B0BSF4PL2Q
AFOMIDA	AFOMIDA	amazon.ae	HTTPS://WWW.AMAZON.AE/AFOMIDA-BUILDING-EDUCATIONAL-CONSTRUCTION-ENGINEERING/DP/B08KDW1FJT
AFRIOZ	AFRIOZ	amazon.ae	HTTPS://WWW.AMAZON.AE/AFRIOZ-MAGNETIC-FARMHOUSE-ORGANIZING-CONTAINER/DP/B081D1DY8M
AFUNTUO	AFUNTUO	amazon.ae	HTTPS://WWW.AMAZON.AE/AFUNTUO-BALLOONS%EF%BC%8CTEDDY-DECORATIONS-WOODLAND-BIRTHDAY/DP/B0BW8ZSKKW
AFUPGB	AFUPGB	amazon.ae	HTTPS://WWW.AMAZON.AE/AFUPGB-FIGURES-CARTOON-FIGURINES-SUPPLIES/DP/B0B2NVB9B5
AFUVEN	AFUVEN	amazon.ae	HTTPS://WWW.AMAZON.AE/AFUVEN-REFLECTIVE-ALUMINUM-PROTECTED-WATERPROOF/DP/B096KJWBZV
AFVETUT	AFVETUT	amazon.ae	HTTPS://WWW.AMAZON.AE/AFVETUT-SUMMER-EYELETS-PATTERN-FASHION/DP/B0BYT7YL8R
AGAOTIAN	AGAOTIAN	amazon.ae	HTTPS://WWW.AMAZON.AE/AGAOTIAN-ENVIRONMENTALLY-FRIENDLY-INDUSTRIAL-STRONGER/DP/B08562GP4Q
AGAOTIAN	AGAOTIAN	amazon.ae	HTTPS://WWW.AMAZON.AE/AGAOTIAN-BLACK-EXTRA-LARGE-OUTDOOR/DP/B09DFYWHHR
AGITATESAND	AGITATESAND	amazon.ae	HTTPS://WWW.AMAZON.AE/AGITATESAND-ROTATING-DECOMPRESSION-INTELLECTUAL-EDUCATIONAL/DP/B08Z8K2Q9H
AGNUK	AGNUK	amazon.ae	HTTPS://WWW.AMAZON.AE/AGNUK-THICKENED-CHAINS-TRUCK-195-225MM/DP/B09FHPGX74
AGOAL	AGOAL	amazon.ae	HTTPS://WWW.AMAZON.AE/AGOAL-BATTERY-PORTABLE-ADJUSTABLE-SOLDERING/DP/B0C6T8KZZF
AGRATU	AGRATU	amazon.ae	HTTPS://WWW.AMAZON.AE/AGRATU-THERMOS-CONTAINERS-INSULATED-CONTAINER/DP/B0BD8D1PXJ
AGRIFILM	AGRIFILM	amazon.ae	HTTPS://WWW.AMAZON.AE/AGRIFILM-REPLACEMENT-COMPATIBLE-SOUNDCORE-HEADPHONES/DP/B0CWGQ4BYJ
AGRIFILM	AGRIFILM	amazon.ae	HTTPS://WWW.AMAZON.AE/AGRIFILM-COMPATIBLE-SOUNDCORE-FULL-BODY-PROTECTION/DP/B0DNJ64MQZ
AGRIGLE	AGRIGLE	amazon.ae	HTTPS://WWW.AMAZON.AE/AGRIGLE-CHILDRENS-AUTOMATIC-ACTIVITIES-CAMOUFLAGE1/DP/B093GSF9FL
AGUIFLGS	AGUIFLGS	amazon.ae	HTTPS://WWW.AMAZON.AE/AGUIFLGS-DONALD-AMERICA-BANNER-GROMMETS/DP/B08XX2BY3Y
AHASTI	AHASTI	amazon.ae	HTTPS://WWW.AMAZON.AE/AHASTI-BLUETOOTH-PONYTAIL-HEADPHONES-GIRLS-GREY/DP/B0BLT4XPGG
AHATOPIA	AHATOPIA	amazon.ae	HTTPS://WWW.AMAZON.AE/AHATOPIA-NATURAL-STAINLESS-FINGERNAIL-SAPPHIRE/DP/B0C16SGSV4
AHAWOSO	AHAWOSO	amazon.ae	HTTPS://WWW.AMAZON.AE/AHAWOSO-ASHEVILLE-APPALACHIAN-TENNESSEE-DECORATIVE/DP/B07P8PF6MC
AHBLQD	AHBLQD	amazon.ae	HTTPS://WWW.AMAZON.AE/AHBLQD-STAINLESS-STEEL-STAND-LABORATORY/DP/B07KDXJGX9
AHJDL	AHJDL	amazon.ae	HTTPS://WWW.AMAZON.AE/UPGRADE-VERSION-RECHARGEABLE-VIBRATION-DETECTION/DP/B012VYRL04
AHJOBOY	AHJOBOY	amazon.ae	HTTPS://WWW.AMAZON.AE/AHJOBOY-M-INEC-RAFT-BLANKET-MACHINEWASH-BEDROOM/DP/B08QTP49HK
AHLRSYY	AHLRSYY	amazon.ae	HTTPS://WWW.AMAZON.AE/AHLRSYY-MECHANICAL-STATIONERY-ORIGINAL-UNI05-8COLOR/DP/B07DHDGL95
AHLSENL	AHLSENL	amazon.ae	HTTPS://WWW.AMAZON.AE/AHLSENL-HAIRBAND-MULTI-STYLE-FLEXIBLE-ACCESSORIES/DP/B07RWBN1QR
AHOMASH	AHOMASH	amazon.ae	HTTPS://WWW.AMAZON.AE/SOIKOI-AHOMASH-PLASTIC-RIVETS-FASTENER/DP/B07PQ2Q7SF
AHOMDOO	AHOMDOO	amazon.ae	HTTPS://WWW.AMAZON.AE/AHOMDOO-SCRATCHING-SCRATCH-HANDMADE-ULTIMATE/DP/B0DMSDPSCH
AHSADO	AHSADO	amazon.ae	HTTPS://WWW.AMAZON.AE/AHSADO-TRANSPARENT-RAINCOAT-WATERPROOF-ACCESSORIES/DP/B0BDFFK27X
AIBAOLO	AIBAOLO	amazon.ae	HTTPS://WWW.AMAZON.AE/AIBAOLO-MACHINE-SLEEPING-SOOTHING-FUNCTION/DP/B08FYS3F2B
AIBEAU	AIBEAU	amazon.ae	HTTPS://WWW.AMAZON.AE/INFLATOR-PORTABLE-COMPRESSOR-MOTORCYCLE-INFLATABLES/DP/B08YN5SKSV
AIBERLE	AIBERLE	amazon.ae	HTTPS://WWW.AMAZON.AE/UF-REPLACEMENT-CARTRIDGE-APPLICABLE-CONTERTOP/DP/B09V58JR1G
AIBOKEE	AIBOKEE	amazon.ae	HTTPS://WWW.AMAZON.AE/AIBOKEE-PORTABLE-ELECTRIC-SELF-HEATING-EXTRACTION/DP/B0DNZ1VJT3
AICHONG	AICHONG	amazon.ae	HTTPS://WWW.AMAZON.AE/AICHONG-LIGHTNING-THREE-POLE-DETACHABLE-PROTECTION/DP/B0CFXQ559B
AICLUZE	AICLUZE	amazon.ae	HTTPS://WWW.AMAZON.AE/AICLUZE-TAPESTRY-MEDITATION-SKELETON-TAPESTRIES/DP/B07VJG6JLM
AIDAIYA	AIDAIYA	amazon.ae	HTTPS://WWW.AMAZON.AE/AIDAIYA-BRAZILIAN-UNPROCESSED-EXTENSIONS-BLEACHED/DP/B0813981CV
AIDESEN	AIDESEN	amazon.ae	HTTPS://WWW.AMAZON.AE/AIDESEN-MULTI-CORNER-SHELF/DP/B07MQLGN5V
AIDIXUN	AIDIXUN	amazon.ae	HTTPS://WWW.AMAZON.AE/AIDIXUN-MINI-VCI-FIRMWARE-TECHSTREAM-SOFTWARE/DP/B084P3WCJC
AIDUNMIS	AIDUNMIS	amazon.ae	HTTPS://WWW.AMAZON.AE/AIDUNMIS-FASTENING-ADJUSTABLE-EXTENSION-ORGANIZATION/DP/B09K7197HN
AIEEFUN	AIEEFUN	amazon.ae	HTTPS://WWW.AMAZON.AE/AIEEFUN-MOUNTAIN-GREETING-GROMMETS-OUTDOOR/DP/B09XDLWDQJ
AIELES	AIELES	amazon.ae	HTTPS://WWW.AMAZON.AE/AIELES-ATHLETIC-SNEAKERS-ALLBLACK-ALLBLACK/DP/B09Y5HQBVD
AIFEELIFE	AIFEELIFE	amazon.ae	HTTPS://WWW.AMAZON.AE/AIFEELIFE-HAND-STEEL-CONCRETE-FASTENING-ACCESSORIES/DP/B0BF5Y9LH7
AIFEIVICO	AIFEIVICO	amazon.ae	HTTPS://WWW.AMAZON.AE/AIFEIVICO-CELLULITE-LYMPHATIC-DRAINAGE-MADEROTHERAPY/DP/B0B6B6X6W1
AIFOALIY	AIFOALIY	amazon.ae	HTTPS://WWW.AMAZON.AE/AIFOALIY-WATERPROOF-PROTECTOR-REUSABLE-UPDATED/DP/B07RX58S56
AIFULO	AIFULO	amazon.ae	HTTPS://WWW.AMAZON.AE/AIFULO-RECHARGEABLE-WATERPROOF-TACTICAL-FLASHLIGHTS/DP/B07PGP3JQ7
AIGOCEER	AIGOCEER	amazon.ae	HTTPS://WWW.AMAZON.AE/ESSENTIAL-HIMALAYAN-HUMIDIFIER-ULTRASONIC-HUMIDIFIER/DP/B07CF7NMT2
AIGURD	AIGURD	amazon.ae	HTTPS://WWW.AMAZON.AE/AIGURD-FINGERPRINT-BIOMETRIC-TOUCHSCREEN-ELECTRONIC/DP/B07MKD7P2F
AIHONKON	AIHONKON	amazon.ae	HTTPS://WWW.AMAZON.AE/AIHONKON-WATERPROOF-BLUETOOTH-FUNCTION-CHANGING/DP/B0DCYY8SXK
AIIKES	AIIKES	amazon.ae	HTTPS://WWW.AMAZON.AE/AIIKES-PHOTOGRAPHY-BACKDROP-BACKGROUND-DECORATION/DP/B07QK7MB8Y
AIJIEGUANG	AIJIEGUANG	amazon.ae	HTTPS://WWW.AMAZON.AE/AIJIEGUANG-TENSION-CURTAIN-141-161-MOUNTED/DP/B08N6CVS37
AIKENR	AIKENR	amazon.ae	HTTPS://WWW.AMAZON.AE/MATCHSTICK-PERMANENT-WATERPROOF-REFILLABLE-666/DP/B08FMSWQ68
AIKTOTA	AIKTOTA	amazon.ae	HTTPS://WWW.AMAZON.AE/AIKTOTA-BATHROOM-MULTI-PURPOSE-STANDING-FURNITURE/DP/B09GYNMKDV
AIKTUPSY	AIKTUPSY	amazon.ae	HTTPS://WWW.AMAZON.AE/AIKTUPSY-PROJECTS-MEDIEVAL-TREBUCHET-CONSTRUCTION/DP/B0BJQ6W4W4
AIKUASS	AIKUASS	amazon.ae	HTTPS://WWW.AMAZON.AE/AIKUASS-ROLLER-SNEAKERS-RECHARGEABLE-WHEEL/DP/B07W1YDXP1
AIKWI	AIKWI	amazon.ae	HTTPS://WWW.AMAZON.AE/AIKWI-INCH-CAKE-PAN-SET/DP/B096KFXZQY
AILITOR	AILITOR	amazon.ae	HTTPS://WWW.AMAZON.AE/AILITOR-COOKER-CAMPFIRE-SANDWICH-MAKER/DP/B0BQ6RF42G
AILIWEI	AILIWEI	amazon.ae	HTTPS://WWW.AMAZON.AE/AILIWEI-CHANGING-FOUNDATION-CONCEALER-MOISTURISING/DP/B07STVWR5M
AILOUIS	AILOUIS	amazon.ae	HTTPS://WWW.AMAZON.AE/AILOUIS-EXPANDABLE-WHEELED-TRAVEL-LUGGAGE/DP/B01L8BY6NG
AIMASI	AIMASI	amazon.ae	HTTPS://WWW.AMAZON.AE/AIMASI-SCENTED-BLOSSOMS-GARDENIA-PORTABLE/DP/B076LF8N8X
AIMILY	AIMILY	amazon.ae	HTTPS://WWW.AMAZON.AE/AIMILY-WOMENS-LEATHER-CHARM-HANDBAG/DP/B07X8X3TDG
AIMINUO	AIMINUO	amazon.ae	HTTPS://WWW.AMAZON.AE/AIMINUO-CLASSIC-LEATHER-SNEAKERS-BREATHABLE/DP/B0DH4GF5BD
AIMSENTIO	AIMSENTIO	amazon.ae	HTTPS://WWW.AMAZON.AE/AIMSENTIO-BUSINESS-BACKPACK-COMPUTER-WATERPROOF/DP/B0796M9CFY
AIMXIN	AIMXIN	amazon.ae	HTTPS://WWW.AMAZON.AE/AIMXIN-INCONTINENCE-DISPOSABLE-ABSORBENCY-DISABILITY/DP/B07W3YRTJF
AINAFIX	AINAFIX	amazon.ae	HTTPS://WWW.AMAZON.AE/AINAFIX-BARRICADE-BRACKETS-SECURITY-UNAUTHORIZED/DP/B0C4YJVZ3X
AINVIATA	AINVIATA	amazon.ae	HTTPS://WWW.AMAZON.AE/AINVIATA-WATERPROOF-MICRO-FORK-APPLICATORS-MICROBLADING/DP/B07ZR6XR13
AIPETY	AIPETY	amazon.ae	HTTPS://WWW.AMAZON.AE/AIPETY-DRINKING-CAPACITY-ANTI-CHOKING-AI-BW-002/DP/B07SLKYY6H
AIQUDOU	AIQUDOU	amazon.ae	HTTPS://WWW.AMAZON.AE/AIQUDOU-QUILTED-CROSSBODY-BAG-WOMEN/DP/B0DGT62QHW
AIQUDOU	AIQUDOU	amazon.ae	HTTPS://WWW.AMAZON.AE/AIQUDOU-CROSSBODY-SATCHEL-PURSE-WOMEN/DP/B09KR6LWWW
AIRINO	AIRINO	amazon.ae	HTTPS://WWW.AMAZON.AE/AIRINO-ELECTRIC-BOTTLE-BRUSH-INTERCHANGEABLE/DP/B09MVHDJ9M
AIRKE	AIRKE	amazon.ae	HTTPS://WWW.AMAZON.AE/FOLDING-BINOCULARS-WATCHING-CONCERTS-BINOCULAR/DP/B07CXY9R35
AIRLLANTRY	AIRLLANTRY	amazon.ae	HTTPS://WWW.AMAZON.AE/AIRLLANTRY-CUSHION-DUAL-LAYER-SITTING-COOLING/DP/B0DLWP8X5K
AIRWIT	AIRWIT	amazon.ae	HTTPS://WWW.AMAZON.AE/AIRWIT-CEILING-CONTROL-REVERSIBLE-BEDROOM/DP/B0D1KPLM4V
AIRZSNRY	AIRZSNRY	amazon.ae	HTTPS://WWW.AMAZON.AE/AIRZSNRY-JEWELRY-STACKABLE-STACKING-ACCESSORIES/DP/B0B83T6DSM
AIRZSNRY	AIRZSNRY	amazon.ae	HTTPS://WWW.AMAZON.AE/AIRZSNRY-STACKABLE-ORGANIZER-MULTI-PURPOSE-STACKING/DP/B09TFCBBYS
AISAMCO	AISAMCO	amazon.ae	HTTPS://WWW.AMAZON.AE/AISAMCO-COTTON-FLORAL-DECORATION-BRANCHES/DP/B07W5QLDPR
AISCOOL	AISCOOL	amazon.ae	HTTPS://WWW.AMAZON.AE/AISCOOL-NIGHT-LIGHT-BLUETOOTH-SPEAKER/DP/B0816K8P3M
AISEY	AISEY	amazon.ae	HTTPS://WWW.AMAZON.AE/AISEY-REFLECTIVE-SAFETY-WARNING-WATERPROOF/DP/B072PTX8R2
AISFA	AISFA	amazon.ae	HTTPS://WWW.AMAZON.AE/AISFA-BACKPACK-BUSINESS-RESISTANT-COMPUTER/DP/B082PCSZC8
AITMEXCN	AITMEXCN	amazon.ae	HTTPS://WWW.AMAZON.AE/AITMEXCN-MEDIUM-CHEWERS-INDESTRUCTIBLE-CLEANING/DP/B09WRGJGVD
AIUKIU	AIUKIU	amazon.ae	HTTPS://WWW.AMAZON.AE/AIUKIU-HOODIE%EF%BC%8CDREW-CLOTHING-%EF%BC%8CSMILY-SWEATSHIRT/DP/B09M9JBPKQ
AIUPHING	AIUPHING	amazon.ae	HTTPS://WWW.AMAZON.AE/AIUPHING-INSERTION-UNIVERSAL-MOUNTING-SYSTEMS/DP/B0BKPPZ61D
AIUPHING	AIUPHING	amazon.ae	HTTPS://WWW.AMAZON.AE/AIUPHING-CATCHER-UNIVERSAL-SEPARATOR-CONTAINER/DP/B0B4P51VMR
AIXIANGPAI	AIXIANGPAI	amazon.ae	HTTPS://WWW.AMAZON.AE/AIXIANGPAI-COSMETIC-MAGNIFICATION-ROTATION-CHARGING/DP/B075RV7WGJ
AIXIAOYA	AIXIAOYA	amazon.ae	HTTPS://WWW.AMAZON.AE/AIXIAOYA-MRBULLOCK-SILICONE-WATERFALL-ACCESSORIES/DP/B0B74JNF9S
AIXINGYUN	AIXINGYUN	amazon.ae	HTTPS://WWW.AMAZON.AE/AIXINGYUN/S?K=AIXINGYUN
AIYMO	AIYMO	amazon.ae	HTTPS://WWW.AMAZON.AE/AIYMO-TRAINING-POSTURE-CORRECTION-BEGINNER/DP/B07N824CT4
AIZMEI	AIZMEI	amazon.ae	HTTPS://WWW.AMAZON.AE/AIZMEI-MATTRESS-CLEANER-HANDHELD-EFFECTIVELY/DP/B097XC9NFT
AJDVART	AJDVART	amazon.ae	HTTPS://WWW.AMAZON.AE/AJDVART-EXPANDABLE-ADJUSTABLE-ORGANIZER-COUNTERTOPS/DP/B0C53XLM5T
AJFWM	AJFWM	amazon.ae	HTTPS://WWW.AMAZON.AE/AJFWM-MICROCHIP-BLUETOOTH-WIRELESS-ISO11784/DP/B0CDSJGCXL
AJIUSMM	AJIUSMM	amazon.ae	HTTPS://WWW.AMAZON.AE/AJIUSMM-SWEATPANTS-VINTAGE-COSTUMES-XX-LARGE/DP/B09ZP5PMD2
AJIXIEHC	AJIXIEHC	amazon.ae	HTTPS://WWW.AMAZON.AE/AJIXIEHC-PURIFYING-BLACKHEAD-MOISTURIZES-EGGPLANTX2/DP/B09P2X3C1L
AKAIGU	AKAIGU	amazon.ae	HTTPS://WWW.AMAZON.AE/AKAIGU-EYEBROW-DRAWING-TEMPLATE-STENCILS/DP/B08XX2PDRQ
AKANARIKA	AKANARIKA	amazon.ae	HTTPS://WWW.AMAZON.AE/AKANARIKA-BANDANA-WASHABLE-REUSABLE-ROBLOX-2/DP/B08QVCS8Z1
AKARDEN	AKARDEN	amazon.ae	HTTPS://WWW.AMAZON.AE/AKARDEN-SCRATCHING-SCRATCHER-HANGING-FURNITURE/DP/B089QDJ261
AKARDEN	AKARDEN	amazon.ae	HTTPS://WWW.AMAZON.AE/AKARDEN-SQUEAK-PUPPY-TEETHING-MEDIUM/DP/B07TD7QT79
AKCOON	AKCOON	amazon.ae	HTTPS://WWW.AMAZON.AE/AKCOON-STAINLESS-STEEL-SHOWER-HEAD/DP/B00S137T8E
AKINGER	AKINGER	amazon.ae	HTTPS://WWW.AMAZON.AE/AKINGER-KALEIDOSCOPE-FILTERS-TELEPHOTO-MOBILEPHONE/DP/B076M4TR8G
AKIRAWANG	AKIRAWANG	amazon.ae	HTTPS://WWW.AMAZON.AE/AKIRAWANG-OVERSIZED-FUTURISTIC-SUNGLASSES-OVERSIZE/DP/B0BMTB1S75
AKITBAHOME	AKITBAHOME	amazon.ae	HTTPS://WWW.AMAZON.AE/AKITBAHOME-RAINFALL-STAINLESS-SINGLE-SPRAY-SHOWERHEAD/DP/B093141R17
AKONE	AKONE	amazon.ae	HTTPS://WWW.AMAZON.AE/AKONE-PORTABLE-OUTDOOR-BLUETOOTH-SPEAKER/DP/B0CGKXR6Q9
AKSIPO	AKSIPO	amazon.ae	HTTPS://WWW.AMAZON.AE/AKSIPO-FIBERGLASS-EMERGENCY-SUPPRESSION-RETARDANT/DP/B07KP5RD9Y
AKSONMN	AKSONMN	amazon.ae	HTTPS://WWW.AMAZON.AE/AKSONMN-POT-RACK-EXPANDABLE-ANTI-SCRATCH/DP/B0CRDLPJ6L
AKSONMN	AKSONMN	amazon.ae	HTTPS://WWW.AMAZON.AE/AKSONMN-EXPANDABLE-POT-ORGANIZER-RACK/DP/B0D14LZ4F7
AKUGE	AKUGE	amazon.ae	HTTPS://WWW.AMAZON.AE/AKUGE-STABILITY-INCREASING-LIGHTWEIGHT-ADJUSTABLE/DP/B07TYXR37N
AKUNSZ	AKUNSZ	amazon.ae	HTTPS://WWW.AMAZON.AE/AKUNSZ-TRAVEL-STRAIGHT-COATING-DESIGNED/DP/B07GQZS8RQ
AKUTATA	AKUTATA	amazon.ae	HTTPS://WWW.AMAZON.AE/AKUTATA-DREAMER-CALMING-WASHABLE-CUDDLER/DP/B08XQ3TJQY
ALALIMINI	ALALIMINI	amazon.ae	HTTPS://WWW.AMAZON.AE/ALALIMINI-HOODIES-TODDLER-PULLOVER-SWEATSHIRTS/DP/B083987X8G
ALAOHU	ALAOHU	amazon.ae	HTTPS://WWW.AMAZON.AE/ALAOHU-FS-I6X-TRANSMITTER-QUADROTOR-LEFT-HAND/DP/B0BYK9Y149
ALASHI	ALASHI	amazon.ae	HTTPS://WWW.AMAZON.AE/ALASHI-THICKENED-MULTI-ANGLES-ADJUSTABLE-UNIVERSAL/DP/B0BD52W6PC
ALAVIKING	ALAVIKING	amazon.ae	HTTPS://WWW.AMAZON.AE/ALAVIKING-UNISEX-T-SHIRT-TAGLESS-CREWNECK/DP/B08HVG71PN
ALAVIKING	ALAVIKING	amazon.ae	HTTPS://WWW.AMAZON.AE/ALAVIKING-STRIPED-T-SHIRT-CREWNECK-STRIPE-S/DP/B0CQYLZ51M
ALAVIKING	ALAVIKING	amazon.ae	HTTPS://WWW.AMAZON.AE/ALAVIKING-GRAPHIC-T-SHIRTS-CREWNECK-GREEN-XS/DP/B08NJPF6VQ
ALCHIAUTO	ALCHIAUTO	amazon.ae	HTTPS://WWW.AMAZON.AE/ALCHIAUTO-DIAGNOSTIC-MOTORCYCLE-COMPATIBLE-MOTORBIKE/DP/B0F945S3WS
ALDHOFA	ALDHOFA	amazon.ae	HTTPS://WWW.AMAZON.AE/ALDHOFA-IPHONE-PROTECTIVE-KICKSTAND-2020-BLACK/DP/B0814VW93R
ALDHOFA	ALDHOFA	amazon.ae	HTTPS://WWW.AMAZON.AE/ALDHOFA-IPHONE-PROTECTIVE-HYBRID-KICKSTAND/DP/B0814W8GHN
ALDHOFA	ALDHOFA	amazon.ae	HTTPS://WWW.AMAZON.AE/ALDHOFA-IPHONE-PROTECTIVE-KICKSTAND-2020-GREEN/DP/B0894L3V83
ALEANU	ALEANU	amazon.ae	HTTPS://WWW.AMAZON.AE/ALEANU-DIAGNOSTIC-ENHANCED-VEHICLES-UPGRADED/DP/B0CYP2LLWR
ALEBERY	ALEBERY	amazon.ae	HTTPS://WWW.AMAZON.AE/ALEBERY-KNOTLESS-BRAIDED-LIGHTWEIGHT-SYNTHETIC/DP/B0BPT93XSV
ALEBERY	ALEBERY	amazon.ae	HTTPS://WWW.AMAZON.AE/ALEBERY-BRAIDED-LIGHTWEIGHT-SYNTHETIC-BURGUNDY/DP/B09NVYLKYD
ALEECYN	ALEECYN	amazon.ae	HTTPS://WWW.AMAZON.AE/ALEECYN-COMPATIBLE-ANTI-SCRATCH-ANTI-FINGERPRINT-BUBBLE-FREE/DP/B09R1WBC54
ALEECYN	ALEECYN	amazon.ae	HTTPS://WWW.AMAZON.AE/ALEECYN-PROTECTORS-PROTECTIVE-ANTI-SCRATCH-PROTECTOR/DP/B0BKZRH47W
ALEYHA	ALEYHA	amazon.ae	HTTPS://WWW.AMAZON.AE/ALEYHA-ORGANIZING-DECORATIVE-RECTANGULAR-COUNTERTOP/DP/B0C498828V
ALGOK	ALGOK	amazon.ae	HTTPS://WWW.AMAZON.AE/ALGOK-KOREAN-GARDENING-DIGGING-NEJIRI/DP/B07QGTNT5L
ALHXF	ALHXF	amazon.ae	HTTPS://WWW.AMAZON.AE/ALHXF-BATHROOM-SHOWER-CURTAIN-LINER/DP/B07T136T7C
ALINBAIST	ALINBAIST	amazon.ae	HTTPS://WWW.AMAZON.AE/ALINBAIST-TRAINER-TRIMMER-CINCHER-WORKOUT/DP/B08D9GF95C
ALINFU	ALINFU	amazon.ae	HTTPS://WWW.AMAZON.AE/ALINFU-SWEATER-LIGHTWEIGHT-PULLOVER-X-LARGE/DP/B0CXX8Y848
ALINKVITE	ALINKVITE	amazon.ae	HTTPS://WWW.AMAZON.AE/AC1300MBPS-ALINKVITE-WIRELESS-802-11AC-ADAPTERS/DP/B09HZ8DJWW
ALIOBC	ALIOBC	amazon.ae	HTTPS://WWW.AMAZON.AE/ALIOBC-CORDLESS-RECHARGEABLE-HANDHELD-PORTABLE/DP/B0D7VZR2NS
ALIOBC	ALIOBC	amazon.ae	HTTPS://WWW.AMAZON.AE/ALIOBC-CLEANING-KEYBOARD-CLEANER-INTERIOR/DP/B0CJBW576Y
ALIOPIS	ALIOPIS	amazon.ae	HTTPS://WWW.AMAZON.AE/EVAPORATIVE-AUTOMATIC-TEMPERATURE-ALIOPIS-HOUSEHOLD/DP/B08V5G36NP
ALISHEBUY	ALISHEBUY	amazon.ae	HTTPS://WWW.AMAZON.AE/ALISHEBUY-CASUAL-SHEATH-DRESS-WOMEN/DP/B07MQQDJW4
ALISWAT	ALISWAT	amazon.ae	HTTPS://WWW.AMAZON.AE/-/AR/FP6X8/DP/B0DCW5PDS4
ALITOPO	ALITOPO	amazon.ae	HTTPS://WWW.AMAZON.AE/ALITOPO-BREAKAWAY-FLOWERS-PENDANT-COLLARS/DP/B0CB7NVXR7
ALIWENDY	ALIWENDY	amazon.ae	HTTPS://WWW.AMAZON.AE/ALIWENDY-LEATHER-SANDALS-SLIPPERS-NON-SLIP/DP/B07T3ZVSVD
ALLADAGA	ALLADAGA	amazon.ae	HTTPS://WWW.AMAZON.AE/ALLADAGA-ZIPPER-SHELL-PLASTIC-CARABINER/DP/B07W6PRKGP
ALLARALLVR	ALLARALLVR	amazon.ae	HTTPS://WWW.AMAZON.AE/ALLARALLVR-POLARIZED-SUNGLASSES-CLASSIC-AR82027/DP/B09KMT22MK
ALLDRIEY	ALLDRIEY	amazon.ae	HTTPS://WWW.AMAZON.AE/ALLDRIEY-BREATHABLE-ADJUSTABLE-PROTECTION-DUSTPROOF/DP/B08FJ72M8L
ALLDRIEY	ALLDRIEY	amazon.ae	HTTPS://WWW.AMAZON.AE/ALLDRIEY-SLEEVE-SHIRTS-COMFORTABLE-WEDDING/DP/B0FH9Z85QM
ALLGETC	ALLGETC	amazon.ae	HTTPS://WWW.AMAZON.AE/NONSTICK-ALLGETC-KITCHENWARE-INDUCTION-COMPATIBLE/DP/B08YRCD9P3
ALLHERCOM	ALLHERCOM	amazon.ae	HTTPS://WWW.AMAZON.AE/ALLHERCOM-HANDLES-12X16INCHES-SPILL-DECORATIVE-ORGANISER-COUNTERTOP/DP/B094MH1V4H
ALLHERCOM	ALLHERCOM	amazon.ae	HTTPS://WWW.AMAZON.AE/ALLHERCOM-SILVERWARE-ORGANIZER-COUNTERTOP-TABLEWARE/DP/B0F93L6MHQ
ALLILUYAA	ALLILUYAA	amazon.ae	HTTPS://WWW.AMAZON.AE/ALLILUYAA-COMPRESS-COOLING-SHOULDER-PERIARTHRITIS/DP/B0D41RX1P7
ALLINTHREE	ALLINTHREE	amazon.ae	HTTPS://WWW.AMAZON.AE/ALLINTHREE-CONFETTI-BIRTHDAY-FESTIVAL-CELEBRATION/DP/B08DJ9LV3G
ALLOECH	ALLOECH	amazon.ae	HTTPS://WWW.AMAZON.AE/ALLOECH-SUPPORTIVE-RELIEVING-CERTIPUR-US-MATTRESS-10/DP/B09QHS3J75
ALLPRETTYALL	ALLPRETTYALL	amazon.ae	HTTPS://WWW.AMAZON.AE/ALLPRETTYALL-INNOVATIVE-CONVERSION-WATERPROOF-PROTECTION/DP/B08L7NR7N9
ALLTOPE	ALLTOPE	amazon.ae	HTTPS://WWW.AMAZON.AE/ALLTOPE-LIGHTWEIGHT-ULTRALIGHT-FRESHWATER-INTERCHANGEABLE/DP/B09QSM7ZX9
ALLYLANG	ALLYLANG	amazon.ae	HTTPS://WWW.AMAZON.AE/ALLYLANG-AQUA-SUBMERSIBLE-TEMPERATURE-10-20GALLON/DP/B0B6NRJBPG
ALMEARA	ALMEARA	amazon.ae	HTTPS://WWW.AMAZON.AE/ALMEARA-CRYSTAL-INFUSED-TEMPERED-BOTTLE/DP/B09TW4T78M
ALMOSTAQIM	ALMOSTAQIM	amazon.ae	HTTPS://WWW.AMAZON.AE/ALMOSTAQIM-ISLAMIC-PREMIUM-QUALITY-BURGUNDY/DP/B09FCQC5DV
ALOCIAM	ALOCIAM	amazon.ae	HTTPS://WWW.AMAZON.AE/ALOCIAM-SPLITTER-CHARGING-ULTRABOOKS-NOTEBOOKS/DP/B09MFN8F68
ALODDY	ALODDY	amazon.ae	HTTPS://WWW.AMAZON.AE/ALODDY-TRACELESS-PONYTAIL-TELEPHONE-ACCESSORIES/DP/B07HRJ76P4
ALPHANIZE	ALPHANIZE	amazon.ae	HTTPS://WWW.AMAZON.AE/ALPHANIZE-HEAVY-JUMP-ROPE-FITNESS/DP/B0B8P91F7P
ALPHELIGANCE	ALPHELIGANCE	amazon.ae	HTTPS://WWW.AMAZON.AE/ALPHELIGANCE-GLITTER-WEDDING-PRINCESS-TODDLER/DP/B0C289T1W1
ALPHELIGANCE	ALPHELIGANCE	amazon.ae	HTTPS://WWW.AMAZON.AE/ALPHELIGANCE-SCHOOL-UNIFORM-BLACK-2-TODDLER/DP/B07QH92M6L
ALPHELIGANCE	ALPHELIGANCE	amazon.ae	HTTPS://WWW.AMAZON.AE/ALPHELIGANCE-SPARKLE-PRINCESS-FLOWER-WEDDING/DP/B0BYDFYK6Z
ALPOME	ALPOME	amazon.ae	HTTPS://WWW.AMAZON.AE/ALPOME-RATTAN-BEDROOM-BALCONYTEA-OUTDOOR/DP/B0C99252CS
ALSUZYIOT	ALSUZYIOT	amazon.ae	HTTPS://WWW.AMAZON.AE/ALSUZYIOT-POLARIZED-SUNGLASSES-PROTECTION-WINDPROOF/DP/B0B4JVJLZC
ALTIMOS	ALTIMOS	amazon.ae	HTTPS://WWW.AMAZON.AE/ALTIMOS-MICROFIBER-FLOOR-MOP-MULTIFUNCTIONAL/DP/B01N132GV8
ALUCKMAO	ALUCKMAO	amazon.ae	HTTPS://WWW.AMAZON.AE/ALUCKMAO-INTERACTIVE-STIMULATION-ENRICHMENT-DISPENSER/DP/B0BJNXYZYM
ALVADE	ALVADE	amazon.ae	HTTPS://WWW.AMAZON.AE/ALVADE-6602-DIFFERENTIAL-REPLACEMENT-CHRYSLER/DP/B08TRCZCT3
ALVAZA	ALVAZA	amazon.ae	HTTPS://WWW.AMAZON.AE/DECORATIVE-RHINESTONE-BREATHABLE-ANTI-SLIP-UNIVERSAL/DP/B07KYKM34C
ALVAZA	ALVAZA	amazon.ae	HTTPS://WWW.AMAZON.AE/CRYSTAL-STEERING-RHINESTONES-LEATHER-BREATHABLE/DP/B07DZX196H
ALWAYSGO	ALWAYSGO	amazon.ae	HTTPS://WWW.AMAZON.AE/ALWAYSGO-SALTWATER-FRESHWATER-TELESCOPIC-BEGINNER/DP/B09BVMWC24
ALWUD	ALWUD	amazon.ae	HTTPS://WWW.AMAZON.AE/ALWUD-WATERPROOF-TARPAULIN-REINFORCED-GREEN_21X15FT/DP/B07VL493Q8
AMAFOX	AMAFOX	amazon.ae	HTTPS://WWW.AMAZON.AE/AMAFOX-SUPERBEAM-TITANIUM-EXTREMELY-DIMMABLE/DP/B08PCB9LTS
AMAGENIUS	AMAGENIUS	amazon.ae	HTTPS://WWW.AMAZON.AE/AMAGENIUS-SENSORY-PREMIUM-BLACK-OUT-PORTABLE/DP/B09TWDRP4P
AMAKKFY	AMAKKFY	amazon.ae	HTTPS://WWW.AMAZON.AE/AMAKKFY-FERRARI-RACING-TAPESTRY-COLLEGE/DP/B0BL38FGRC
AMAKUTE	AMAKUTE	amazon.ae	HTTPS://WWW.AMAZON.AE/HEADPHONES-DETACHABLE-REPLACEABLE-NOISE-ISOLATING-SWEATPROOF/DP/B07KT16Z9K
AMALLINO	AMALLINO	amazon.ae	HTTPS://WWW.AMAZON.AE/STEMLESS-GLASSES-AMALLINO-TUMBLERS-WHISKY/DP/B07MXV8KL3
AMANELY	AMANELY	amazon.ae	HTTPS://WWW.AMAZON.AE/KITEENAL-AMANELY-SNOWFLAKE-MULTI-TOOL-19/DP/B07J9LZM25
AMASTICK	AMASTICK	amazon.ae	HTTPS://WWW.AMAZON.AE/AMASTICK-SMARTPHONE-TABLET-WALL-MOUNT/DP/B08RDD586F
AMAVIP	AMAVIP	amazon.ae	HTTPS://WWW.AMAZON.AE/AMAVIP-MEDITATION-WATERFALL-AUTOMATIC-DECORATION/DP/B0953CVDKZ
AMBBERDR	AMBBERDR	amazon.ae	HTTPS://WWW.AMAZON.AE/AMBBERDR-PROTECTOR-ONEPLUS-COVERAGE-REPLACEMENT/DP/B07RPS7YCK
AMEOLELA	AMEOLELA	amazon.ae	HTTPS://WWW.AMAZON.AE/AMEOLELA-PORCELAIN-INFUSER-SAUCER-SETS/DP/B08YKC5RLL
AMERIGOODS	AMERIGOODS	amazon.ae	HTTPS://WWW.AMAZON.AE/AMERIGOODS-SILICONE-BOTTLE-CLEANING-HANDLE/DP/B0728B2GC4
AMFLIP	AMFLIP	amazon.ae	HTTPS://WWW.AMAZON.AE/AMFLIP-AUTOMATIC-ULTRALIGHT-WATERPROOF-WINDPROOF/DP/B09NX3VNZQ
AMFUN	AMFUN	amazon.ae	HTTPS://WWW.AMAZON.AE/AMFUN-FIBERGLASS-CHOPSTICK-CHOPSTICKS-DISHWASHER-SAFE/DP/B0F4KMBP4N
AMGNGALA	AMGNGALA	amazon.ae	HTTPS://WWW.AMAZON.AE/AMGNGALA-ARCHED-BATHROOM-BEDROOM-ENTRYWAY/DP/B0BNZ96M32
AMIGLO	AMIGLO	amazon.ae	HTTPS://WWW.AMAZON.AE/AMIGLO-ORGANIZER-CHARGING-NIGHTSTAND-ACCESSORIES/DP/B07Y494X21
AMINFUN	AMINFUN	amazon.ae	HTTPS://WWW.AMAZON.AE/AMINFUN-DINOSAUR-LEARNING-COLLECTIBLE-EDUCATIONAL/DP/B09KM3XCML
AMITFO	AMITFO	amazon.ae	HTTPS://WWW.AMAZON.AE/AMITFO-FISHING-TACKLE-WATER-RESISTANT-OUTDOOR/DP/B07S3P72F4
AMJUDOT	AMJUDOT	amazon.ae	HTTPS://WWW.AMAZON.AE/AMJUDOT-KEYBOARD-OSU-MECHANICAL-PROGRAMMING-%EF%BC%88TYPE-C-SILVER/DP/B09LS38BGX
AMLIK	AMLIK	amazon.ae	HTTPS://WWW.AMAZON.AE/AMLIK-VOL6697-MIRACLE-PINK-SERUM/DP/B0CP7QL246
AMOSKAMAR	AMOSKAMAR	amazon.ae	HTTPS://WWW.AMAZON.AE/AMOSKAMAR-WIRELESS-RECEIVER-WATERPROOF-UNIVERSAL/DP/B09CYSVZTM
AMOSKAMAR	AMOSKAMAR	amazon.ae	HTTPS://WWW.AMAZON.AE/AMOSKAMAR-KLS-998X-WIRELESS-INDICATOR-UNIVERSAL/DP/B09D3CZ8WF
AMOSTBY	AMOSTBY	amazon.ae	HTTPS://WWW.AMAZON.AE/AMOSTBY-WEATHER-STRIPPING-SILICONE-SEALING/DP/B0BXT4CG4G
AMOSTBY	AMOSTBY	amazon.ae	HTTPS://WWW.AMAZON.AE/AMOSTBY-WOMEN-REUSABLE-SILICONE-INVISIBLE-ULTRATHIN/DP/B0BRCSF69S
AMOSTBY	AMOSTBY	amazon.ae	HTTPS://WWW.AMAZON.AE/AMOSTBY-CLIPPER-FISHING-RETRACTOR-ASSISTANT/DP/B07Z1BCXX5
AMOTIE	AMOTIE	amazon.ae	HTTPS://WWW.AMAZON.AE/AMOTIE-ALUMINUM-COMPATIBLE-NOTEBOOK-ERGONOMIC/DP/B08DG24YCK
AMOURRI	AMOURRI	amazon.ae	HTTPS://WWW.AMAZON.AE/AMOURRI-VINTAGE-UNDERWIRE-WAISTED-SWIMSUIT/DP/B07817176P
AMOYJEBIT	AMOYJEBIT	amazon.ae	HTTPS://WWW.AMAZON.AE/AMOYJEBIT-MCX-2715-BLUETOOTH-CARPLAY-MULTIMEDIA/DP/B09ZLPGVVN
AMUMO	AMUMO	amazon.ae	HTTPS://WWW.AMAZON.AE/AMUMO-BEDSIDE-TABLE-LAMP-DESK/DP/B07K6YYV35
AMUOU	AMUOU	amazon.ae	HTTPS://WWW.AMAZON.AE/PROJECTOR-ADJUSTABLE-ROTATION-PROJECTION-PHOTOGRAPHY/DP/B0932SCPN3
AMUP	AMUP	amazon.ae	HTTPS://WWW.AMAZON.AE/EPP-AMUP-S1-5A-AMERICAN-UPGRADE-DRUMHEAD-MULTICOLOR/DP/B00O907EJW
AMUSANTLY	AMUSANTLY	amazon.ae	HTTPS://WWW.AMAZON.AE/AMUSANTLY-ROSE-GOLD-CONFETTI-BALLOONS/DP/B07KYNN1BW
AMUVEC	AMUVEC	amazon.ae	HTTPS://WWW.AMAZON.AE/AMUVEC-CHARGER-CHARGING-LIGHTNING-CONNECTOR/DP/B07W922XL6
AMUVEC	AMUVEC	amazon.ae	HTTPS://WWW.AMAZON.AE/AMUVEC-CHARGING-BRAIDED-CHARGER-LIGHTNING/DP/B0831KBZVQ
AMUVEC	AMUVEC	amazon.ae	HTTPS://WWW.AMAZON.AE/AMUVEC-RETRACTABLE-CHARGING-LIGHTNING-CONNECTOR/DP/B07SDNV5DC
AMYMAMI	AMYMAMI	amazon.ae	HTTPS://WWW.AMAZON.AE/AMYMAMI-ARTWORK-EVRAIKI-GOPHERS-HIGHLANDS/DP/B082TS957H
AMYZAVLS	AMYZAVLS	amazon.ae	HTTPS://WWW.AMAZON.AE/AMYZAVLS-AUTOMATIC-DISPENSER-NON-CONTACT-RECHARGEABLE/DP/B0CNZ2Q3M6
AMYZAVLS	AMYZAVLS	amazon.ae	HTTPS://WWW.AMAZON.AE/AMYZAVLS-AUTOMATIC-DISPENSER-NON-CONTACT-RECHARGEABLE/DP/B0CBM35LW1
AMYZOR	AMYZOR	amazon.ae	HTTPS://WWW.AMAZON.AE/AMYZOR-CALORIES-SLIMMING-MASSAGER-COMPRESSION/DP/B07CYNRPH7
AMZCARS	AMZCARS	amazon.ae	HTTPS://WWW.AMAZON.AE/AMZCARS-TODDLERS-ADJUSTABLE-EXTRA-WIDE-FLASHING/DP/B08QCCN2MW
AMZXART	AMZXART	amazon.ae	HTTPS://WWW.AMAZON.AE/AMZXART-WATERPROOF-MULTIMODE-SUITABLE-BALCONIES/DP/B0C6X1VCTM
AMZYIGOU	AMZYIGOU	amazon.ae	HTTPS://WWW.AMAZON.AE/AMZYIGOU-FLASHLIGHTS-RECHARGEABLE-EMERGENCIES-1915B/DP/B09HBCKC91
ANAAN	ANAAN	amazon.ae	HTTPS://WWW.AMAZON.AE/ANAAN-MOUNTED-HANGERS-CLOTHES-DECORATION/DP/B09MNKH4XP
ANAFETTIE	ANAFETTIE	amazon.ae	HTTPS://WWW.AMAZON.AE/ANAFETTIE-BOOTCUT-LEGGINGS-WAISTED-STRETCH/DP/B09GF5NHLK
ANANBROS	ANANBROS	amazon.ae	HTTPS://WWW.AMAZON.AE/ANANBROS-CONTROL-PROJECTOR-ROTATING-OPTIONS/DP/B07867SF8Q
ANAZALEA	ANAZALEA	amazon.ae	HTTPS://WWW.AMAZON.AE/ANAZALEA-ANDROID-SCREWED-TOGETHER-SAMSUNG/DP/B07L48DT59
ANBILIWOBO	ANBILIWOBO	amazon.ae	HTTPS://WWW.AMAZON.AE/ANBILIWOBO-COSPLAY-COSTUME-HALLOWEEN-ACCESSORIES/DP/B07MDW8YNN
ANBNCN	ANBNCN	amazon.ae	HTTPS://WWW.AMAZON.AE/ANBNCN-DINNER-INCH-SET-6-DIFFERENT-CERAMIC/DP/B07VNM8STF
ANBORRY	ANBORRY	amazon.ae	HTTPS://WWW.AMAZON.AE/ANBORRY-BATHROOM-TOUCHLESS-AUTOMATIC-WATERPROOF/DP/B0BG6DJLQ3
ANCECTREE	ANCECTREE	amazon.ae	HTTPS://WWW.AMAZON.AE/ANCECTREE-HANGING-KIT%EF%BC%8CGUIDE-STAINLESS-TURNBUCKLE/DP/B0877X1FC4
ANCHIOO	ANCHIOO	amazon.ae	HTTPS://WWW.AMAZON.AE/ANCHIOO-INSTANT-DIGITAL-CHRISTMAS-BIRTHDAY/DP/B0CQQYGWFB
ANCHIOO	ANCHIOO	amazon.ae	HTTPS://WWW.AMAZON.AE/ANCHIOO-INSTANT-CAMERA-SCREEN-BIRTHDAY/DP/B0CCCYB4F2
ANCHIOO	ANCHIOO	amazon.ae	HTTPS://WWW.AMAZON.AE/ANCHIOO-INSTANT-CAMERA-CHRISTMAS-BIRTHDAY/DP/B0CCCZB4FB
ANCLLE	ANCLLE	amazon.ae	HTTPS://WWW.AMAZON.AE/ANCLLE-PARALLETTES-PERSONALISED-HANDSTAND-CALISTHENICS/DP/B07JMYCMST
ANCLLO	ANCLLO	amazon.ae	HTTPS://WWW.AMAZON.AE/ANCLLO-STAINLESS-RECEIVER-CONTAINER-ACCESSORIES/DP/B091YBSBP3
ANCOKIO	ANCOKIO	amazon.ae	HTTPS://WWW.AMAZON.AE/ANCOKIO-REPELLENT-ULTRASONIC-FLASHING-WATERPROOF/DP/B08B67M2LR
ANDDYAM	ANDDYAM	amazon.ae	HTTPS://WWW.AMAZON.AE/ANDDYAM-UNICORN-SLIPPERS-HOUSEHOLD-ANTI-SLIP/DP/B07HBWKLVH
ANDRIMAX	ANDRIMAX	amazon.ae	HTTPS://WWW.AMAZON.AE/ANDRIMAX-SKATEBOARDS-COMPLETE-SKATEBOARDS-BEGINNERS-YOUTH-STANDARD/DP/B08595BPRP
ANECTRIA	ANECTRIA	amazon.ae	HTTPS://WWW.AMAZON.AE/ANECTRIA-BACKPACK-BUSINESS-BACKPACKS-RESISTANT/DP/B09J4NQ7RF
ANFEICHEN	ANFEICHEN	amazon.ae	HTTPS://WWW.AMAZON.AE/ANFEICHEN-INSULATED-WATERPROOF-LEAKPROOF-COOLER-LARGE/DP/B0B5Y8NXQS
ANGEDZ	ANGEDZ	amazon.ae	HTTPS://WWW.AMAZON.AE/ANGEDZ-PRESSURE-UNDERCARRIAGE-ATTACHMENT-EXTENSION/DP/B0BR2NLTW8
ANGELANGIE	ANGELANGIE	amazon.ae	HTTPS://WWW.AMAZON.AE/ANGELANGIE-CATHOLIC-BEAUTY-ENGRAVINGS-PROTECTIVE/DP/B093BF89VW
ANGELANGIE	ANGELANGIE	amazon.ae	HTTPS://WWW.AMAZON.AE/ANGELANGIE-CATHOLIC-BEAUTY-ENGRAVINGS-PROTECTIVE/DP/B093FYN49N
ANGELIOX	ANGELIOX	amazon.ae	HTTPS://WWW.AMAZON.AE/ANGELIOX-WIRELESS-CHARGING-RECEIVER-PROTECTIVE/DP/B07H4GF2MW
ANGILIFAN	ANGILIFAN	amazon.ae	HTTPS://WWW.AMAZON.AE/ANGILIFAN-CUTTING-ILLUMINATED-ADJUSTABLE-HAIRCUTTING/DP/B097PS1L96
ANIGU	ANIGU	amazon.ae	HTTPS://WWW.AMAZON.AE/ANIGU-BACKPACK-INNOVATIVE-PORTABLE-SWITCHABLE/DP/B07R6DXBGQ
ANIUHL	ANIUHL	amazon.ae	HTTPS://WWW.AMAZON.AE/ANIUHL-FRIENDSHIP-INFINITY-DRAGONFLY-HORSESHOE/DP/B07PLQVX6Q
ANKEO	ANKEO	amazon.ae	HTTPS://WWW.AMAZON.AE/ANKEO-ATTACHMENT-WASHING-CONNECTOR-BASINSHOWERKIT/DP/B07HH96TT9
ANKONG	ANKONG	amazon.ae	HTTPS://WWW.AMAZON.AE/ANKONG-PLANT-WHEELS-ROLLING-GARDEN/DP/B0952487RZ
ANLEBUY	ANLEBUY	amazon.ae	HTTPS://WWW.AMAZON.AE/ANLEBUY-PORTABLE-FOLDABLE-LIGHTWEIGHT-SPACE-SAVING/DP/B0FFH441T2
ANLEIJUR	ANLEIJUR	amazon.ae	HTTPS://WWW.AMAZON.AE/ANLEIJUR-BATHROOM-MOUNTED-TOUCH-CLEAN-FUNCTION/DP/B091CMSJFY
ANLOKE	ANLOKE	amazon.ae	HTTPS://WWW.AMAZON.AE/ANLOKE-EMERGENCY-BLANKETS-GIGANTIC-SURVIVAL/DP/B09V7W74NQ
ANMASEVEN	ANMASEVEN	amazon.ae	HTTPS://WWW.AMAZON.AE/ANMASEVEN-PICTURE-CUSTOMIZED-PERSONALIZED-CREWNECK/DP/B0D48H8B8R
ANMASEVEN	ANMASEVEN	amazon.ae	HTTPS://WWW.AMAZON.AE/ANMASEVEN-PICTURE-SLEEVELESS-PERSONALIZED-HEATHER/DP/B0D48XPQB8
ANMASEVEN	ANMASEVEN	amazon.ae	HTTPS://WWW.AMAZON.AE/ANMASEVEN-CUSTOM-PICTURE-PERSONALIZED-PRINTED/DP/B0D47B5VL3
ANMERY	ANMERY	amazon.ae	HTTPS://WWW.AMAZON.AE/ANMERY-BLUETOOTH-MICROPHONE-CANCELLING-HEADPHONES/DP/B0BRW2TJYH
ANMULA	ANMULA	amazon.ae	HTTPS://WWW.AMAZON.AE/ANMULA-SHOCK-ABSORBING-PROTECTIVE-PROTECTION-COMPATIBLE/DP/B09VK2TFLS
ANNAKIDEYA	ANNAKIDEYA	amazon.ae	HTTPS://WWW.AMAZON.AE/ANNAKIDEYA-ALUMINUM-SECURITY-REINFORCEMENT-OXIDIZED/DP/B08N4WJBL3
ANNAKIDEYA	ANNAKIDEYA	amazon.ae	HTTPS://WWW.AMAZON.AE/ANNAKIDEYA-ALUMINUM-SECURITY-REINFORCEMENT-OXIDIZED/DP/B08N4F9MLD
ANNAKIDEYA	ANNAKIDEYA	amazon.ae	HTTPS://WWW.AMAZON.AE/ANNAKIDEYA-STAINLESS-LIFTING-RIGGING-LENGTHENED/DP/B08MW23Y5D
ANNBITION	ANNBITION	amazon.ae	HTTPS://WWW.AMAZON.AE/ANNBITION-COLLAGE-MUICHIRO-BEDSPREAD-MICROFIBER/DP/B08F5GMKHC
ANNIDO	ANNIDO	amazon.ae	HTTPS://WWW.AMAZON.AE/ANNIDO-CHRISTMAS-REINDEER-DECORATIONS-VEHICLE/DP/B08GZ25LN7
ANNMEXX	ANNMEXX	amazon.ae	HTTPS://WWW.AMAZON.AE/ANNMEXX-PREMIUM-STAINLESS-PAPERLESS-FLAVOUR/DP/B089M8S55V
ANOMASU	ANOMASU	amazon.ae	HTTPS://WWW.AMAZON.AE/ANOMASU-TACTICAL-HEAVYWEIGHT-BALACLAVA-OUTDOOR/DP/B076F2BTZD
ANOTWENER	ANOTWENER	amazon.ae	HTTPS://WWW.AMAZON.AE/ANOTWENER-TRACKSUIT-OUTFITS-JACKETS-JW-064-M/DP/B0B37CYR9W
ANOUTON	ANOUTON	amazon.ae	HTTPS://WWW.AMAZON.AE/ANOUTON-DEHUMIDIFIER-BASEMENTS-OVERHEAT-PROTECTION/DP/B09T74PYJF
ANPARC	ANPARC	amazon.ae	HTTPS://WWW.AMAZON.AE/ANPARC-NEOPRENE-SWIMMING-SUITABLE-SNORKELINGAND/DP/B0CBBLZ4WK
ANPEAN	ANPEAN	amazon.ae	HTTPS://WWW.AMAZON.AE/ANPEAN-OVERFLOW-BATHROOM-STOPPER-STRAINER/DP/B08CVRS6GL
ANPEAN	ANPEAN	amazon.ae	HTTPS://WWW.AMAZON.AE/ANPEAN-FREESTANDING-BATHTUB-ROUGH-ADAPTER/DP/B0B1PLS63V
ANPEAN	ANPEAN	amazon.ae	HTTPS://WWW.AMAZON.AE/ANPEAN-L-SHAPED-SHOWER-MOUNTED-EXTENSION/DP/B08YD4T2LJ
ANPOPO	ANPOPO	amazon.ae	HTTPS://WWW.AMAZON.AE/ANPOPO-TRAINING-PARACHUTE-ADJUSTABLE-RESISTANCE/DP/B07H1FQ488
ANPROOR	ANPROOR	amazon.ae	HTTPS://WWW.AMAZON.AE/ANPROOR-DECORATION-FLOWERS-BOUQUET-WEDDING/DP/B0CKF4HF7C
ANPVEES	ANPVEES	amazon.ae	HTTPS://WWW.AMAZON.AE/ANPVEES-2-8MM-12MM-VARIFOCAL-MONITORING-COMPATIBLE/DP/B06ZYBM5MQ
ANRANJU	ANRANJU	amazon.ae	HTTPS://WWW.AMAZON.AE/ANRANJU-DISPENSER-COUNTERTOP-CONTAINERS-ORGANIZER/DP/B0B9NXCYDP
ANSWET	ANSWET	amazon.ae	HTTPS://WWW.AMAZON.AE/ANSWET-ABSORBENT-COLORFUL-PAINTING-WASHCLOTHS/DP/B07HQM3W1F
ANTHUN	ANTHUN	amazon.ae	HTTPS://WWW.AMAZON.AE/ANTHUN-ESSENTIAL-DIFFUSERS-ULTRASONIC-SPA-WOODEN/DP/B07NMQK6LV
ANTOSIYA	ANTOSIYA	amazon.ae	HTTPS://WWW.AMAZON.AE/ANTOSIYA-DIRECTIONAL-WIRELESS-ENHANCED-DISTANCE/DP/B0BWM9X2HJ
ANTOYO	ANTOYO	amazon.ae	HTTPS://WWW.AMAZON.AE/ANTOYO-PINNIES-PINNIES-SOCCER-MESH-BASKETBALL-JERSEYS/DP/B08597M4T6
ANUINIT	ANUINIT	amazon.ae	HTTPS://WWW.AMAZON.AE/ANUINIT-CLEANING-DETAILING-INTERIOR-EXTERIOR/DP/B0C2CMW4CJ
ANUPOW	ANUPOW	amazon.ae	HTTPS://WWW.AMAZON.AE/ANUPOW-AMIIBOLINK-UNLIMITED-REWRITABLE-RECHARGEABLE/DP/B0DGKXYV6Y
ANUWSASA	ANUWSASA	amazon.ae	HTTPS://WWW.AMAZON.AE/ANUWSASA-CALMING-CUDDLER-NON-SLIP-WASHABLE/DP/B08CRS3LPB
ANXUNJIM	ANXUNJIM	amazon.ae	HTTPS://WWW.AMAZON.AE/ANXUNJIM-SHRIMP-FEEDING-CRYSTAL-AQUARIUM/DP/B08LB8WQJC
ANYANDO	ANYANDO	amazon.ae	HTTPS://WWW.AMAZON.AE/ANYANDO-WIRELESS-EMULATORS-DEFINITION-CONTROLLERS/DP/B09PBJ4KNG
ANYFEEL	ANYFEEL	amazon.ae	HTTPS://WWW.AMAZON.AE/ANYFEEL-AUTOMATIC-SELFMADE-SOYA-BEAN-BEVERAGES/DP/B0BYSCF8KN
ANYIFAN	ANYIFAN	amazon.ae	HTTPS://WWW.AMAZON.AE/ANYIFAN-AUTOMATIC-DISPENSER-DETACHABLE-STAINLESS/DP/B07TMZ4P1Z
ANYMONYPF	ANYMONYPF	amazon.ae	HTTPS://WWW.AMAZON.AE/ANYMONYPF-BALLOONS-DECORATIONS-BOHEMIAN-BIRTHDAY/DP/B097D9XDZR
ANYPICRT	ANYPICRT	amazon.ae	HTTPS://WWW.AMAZON.AE/ANYPICRT-MIYAMOTO-MUSASHI-JAPANESE-MOTIVATIONAL/DP/B0B7WCJC1K
ANYSINY	ANYSINY	amazon.ae	HTTPS://WWW.AMAZON.AE/ANYSINY-LEPRECHAUN-PATRICKS-COSTUME-ACCESSORIES/DP/B0BQ96SKSK
ANYWEST	ANYWEST	amazon.ae	HTTPS://WWW.AMAZON.AE/ANYWEST-COMPATIBLE-TRANSLUCENT-ANTI-SLIDE-SHOCKPROOF/DP/B0BMVMSVVR
ANYWEST	ANYWEST	amazon.ae	HTTPS://WWW.AMAZON.AE/ANYWEST-COMPATIBLE-DROP-PROOF-SHOCKPROOF-PROTECTIVE/DP/B0BGSFXTYC
ANYWEST	ANYWEST	amazon.ae	HTTPS://WWW.AMAZON.AE/ANYWEST-COMPATIBLE-DROP-PROOF-SHOCKPROOF-PROTECTIVE/DP/B0BGSKBYZZ
ANZITINLAN	ANZITINLAN	amazon.ae	HTTPS://WWW.AMAZON.AE/ANZITINLAN-STUFFED-ANIMAL-STORAGE-BEANBAG/DP/B09635LHPL
AOAOGYM	AOAOGYM	amazon.ae	HTTPS://WWW.AMAZON.AE/AOAOGYM-EXERCISE-BACKPACKS-STRAPS%EF%BC%8CWORKOUT-EXERCISES/DP/B08K36HMZ6
AOBIK	AOBIK	amazon.ae	HTTPS://WWW.AMAZON.AE/AOBIK-FIREFLY-HANGERS-INCLUDED-LATERNS/DP/B074YXYSLF
AOBRODZO	AOBRODZO	amazon.ae	HTTPS://WWW.AMAZON.AE/AOBRODZO-FLAGPOLE-STAINLESS-OUTSIDE-OUTDOOR/DP/B095GZRR7H
AOBRODZO	AOBRODZO	amazon.ae	HTTPS://WWW.AMAZON.AE/AOBRODZO-FLAG-POLE-HOUSE-FLAGPOLE/DP/B095GWKXSM
AOBRODZO	AOBRODZO	amazon.ae	HTTPS://WWW.AMAZON.AE/AOBRODZO-FLAGPOLE-STAINLESS-MOUNTING-NO-TANGLE/DP/B09332GDMH
AOCORAY	AOCORAY	amazon.ae	HTTPS://WWW.AMAZON.AE/AOCORAY-DETERRENT-OUTDOOR-INDOOR-PLASTIC/DP/B0BHPKD82Y
AOESIN	AOESIN	amazon.ae	HTTPS://WWW.AMAZON.AE/AOESIN-PRECISION-SCREWDRIVER-REPAIR-MULTI-BITS/DP/B0BP71D3WH
AOFORZ	AOFORZ	amazon.ae	HTTPS://WWW.AMAZON.AE/AOFORZ-ETHERNET-INTERNET-SNAGLESS-CONNECTORS/DP/B07C14M5C1
AOFORZTECH	AOFORZTECH	amazon.ae	HTTPS://WWW.AMAZON.AE/AOFORZTECH-ETHERNET-INTERNET-COMPUTER-CONNECTORS/DP/B08DRK1JQH
AOGBRA	AOGBRA	amazon.ae	HTTPS://WWW.AMAZON.AE/AOGBRA-CARBIDE-REPLACEMENT-FINISHER-HOLLOWING/DP/B099KM8GFV
AOGEK	AOGEK	amazon.ae	HTTPS://WWW.AMAZON.AE/AOGEK-TOUCHSCREEN-DEVICE-TOUCHPAD-27-INCH/DP/B088WP95XQ
AOHE	AOHE	amazon.ae	HTTPS://WWW.AMAZON.AE/AOHE-ANTENNA-DIGITAL-AMPLIFIER-BOOSTER/DP/B08X4B24P4
AOHEUO	AOHEUO	amazon.ae	HTTPS://WWW.AMAZON.AE/AOHEUO-KUNGFU-DIVERSION-ROTATING-SEMI-AUTOMATIC/DP/B08RVT3FFY
AOKEOU	AOKEOU	amazon.ae	HTTPS://WWW.AMAZON.AE/AOKEOU-CHARGING-TEMPERATURE-ADJUSTABLE-WASHABLE/DP/B08ZGNWZ8V
AOKPRO	AOKPRO	amazon.ae	HTTPS://WWW.AMAZON.AE/AOKPRO-ELECTRIC-STAND-WORKSTATION-SINGLE-MOTOR/DP/B09G2Y39BQ
AOLAILIYA	AOLAILIYA	amazon.ae	HTTPS://WWW.AMAZON.AE/AOLAILIYA-PREMIUM-ENHANCER-EYELASH-EXTENSION/DP/B08DHRD75N
AOLAILIYA	AOLAILIYA	amazon.ae	HTTPS://WWW.AMAZON.AE/AOLAILIYA-PRESSED-GLITTER-EYESHADOW-PALETTE/DP/B07MT8P8QW
AOLIAO7	AOLIAO7	amazon.ae	HTTPS://WWW.AMAZON.AE/AOLIAO7-COMPATIBLE-ANTI-FINGERPRINTS-SEMITRANSPARENT-PROTECTION/DP/B0B6V2ZGVX
AOLIY	AOLIY	amazon.ae	HTTPS://WWW.AMAZON.AE/AOLIY-ANDROID-SMARTPHONES-TABLETS-DEVICES/DP/B07XCT6SGK
AOLUNO	AOLUNO	amazon.ae	HTTPS://WWW.AMAZON.AE/AOLUNO-BATTERY-TERMINAL-COVER-PACK/DP/B083P2K9P6
AOMIL	AOMIL	amazon.ae	HTTPS://WWW.AMAZON.AE/AOMIL-HALLOWEEN-CANDLES-FLAMELESS-OPERATED/DP/B0CFKK3RZN
AOMOON	AOMOON	amazon.ae	HTTPS://WWW.AMAZON.AE/AOMOON-ADJUSTABLE-PONYTAIL-BASEBALL-PROTECTION/DP/B096HQ7FJ8
AONEWOE	AONEWOE	amazon.ae	HTTPS://WWW.AMAZON.AE/AONEWOE-EUCALYPTUS-BRANCHES-ARTIFICIAL-CENTERPIECE/DP/B091YSXWYT
AONTESS	AONTESS	amazon.ae	HTTPS://WWW.AMAZON.AE/AONTESS-BEDSIDE-LAMP-WIRELESS-CHARGER/DP/B0BRB676JH
AOODIL	AOODIL	amazon.ae	HTTPS://WWW.AMAZON.AE/AOODIL-ADJUSTABLE-SCOOTERS-ABSORPTION-MECHANISM/DP/B0B6ZK7RSM
AOODIL	AOODIL	amazon.ae	HTTPS://WWW.AMAZON.AE/AOODIL-ELLIPTICAL-ELECTRIC-EXERCISER-ADJUSTABLE/DP/B0CGTXXMX9
AOODIL	AOODIL	amazon.ae	HTTPS://WWW.AMAZON.AE/AOODIL-LIGHTWEIGHT-PUSHCHAIR-ADJUSTABLE-BACKREST/DP/B0DBH4J277
AOODIL	AOODIL	amazon.ae	HTTPS://WWW.AMAZON.AE/AOODIL-REVERSIBLE-PUSHCHAIR-OVERSIZED-RECLINING/DP/B0DZXDBPCW
AOOGD	AOOGD	amazon.ae	HTTPS://WWW.AMAZON.AE/AOOGD-BLUETOOTH-PORTABLE-HEADPHONES-INCLUDED/DP/B09CQ151SK
AOOTOO	AOOTOO	amazon.ae	HTTPS://WWW.AMAZON.AE/AOOTOO-WIREFREE-PADDED-SEAMLESS-COMFORT/DP/B07CJLW5X4
AOOXIMI	AOOXIMI	amazon.ae	HTTPS://WWW.AMAZON.AE/AOOXIMI-STADIUM-SEATS-BLEACHERS-BASKETBALL/DP/B0BNHFPXBB
AOPIUUO	AOPIUUO	amazon.ae	HTTPS://WWW.AMAZON.AE/AOPIUUO-WIRELESS-BLUETOOTH-HEADPHONES-CANCELLING/DP/B0874P5MGS
AORDA	AORDA	amazon.ae	HTTPS://WWW.AMAZON.AE/AORDA-REUSABLE-INSULATED-LUNCH-BAG/DP/B098WLLHB1
AOROZHI	AOROZHI	amazon.ae	HTTPS://WWW.AMAZON.AE/AOROZHI-DANIEL-CAESAR-PICTURES-UNFRAMED/DP/B0B7JDKPZX
AOROZHI	AOROZHI	amazon.ae	HTTPS://WWW.AMAZON.AE/AOROZHI-POSTERS-DECORATION-PAINTING-UNFRAMED/DP/B0CND7XN5V
AOSANT	AOSANT	amazon.ae	HTTPS://WWW.AMAZON.AE/AOSANT-SOLAR-PENDANT-LIGHTS-SHED/DP/B09XQWLR2T
AOSLEN	AOSLEN	amazon.ae	HTTPS://WWW.AMAZON.AE/BLUETOOTH-HEADPHONES-AOSLEN-CANCELLING-SWEATPROOF/DP/B076ZKB1KJ
AOTREE	AOTREE	amazon.ae	HTTPS://WWW.AMAZON.AE/AOTREE-IRON-BALUSTERS-SPINDLES-RAILING/DP/B08ZXNJZH3
AOVOWOG	AOVOWOG	amazon.ae	HTTPS://WWW.AMAZON.AE/AOVOWOG-TODDLER-MONSTER-FRICTION-DINOSAUR/DP/B093WPG1F1
AOWASI	AOWASI	amazon.ae	HTTPS://WWW.AMAZON.AE/AOWASI-CALENDAR-NON-ABBREVIATIONS-ELECTRONIC-ALZHEIMER/DP/B07R5Y6LB7
AOWASI	AOWASI	amazon.ae	HTTPS://WWW.AMAZON.AE/AOWASI-AUTO-DIMMING-CALENDAR-NON-ABBREVIATIONS-ALZHEIMER/DP/B07VQXN7LK
AOWOTO	AOWOTO	amazon.ae	HTTPS://WWW.AMAZON.AE/AOWOTO-ALLOY-STAINLESS-STEEL-CREAM/DP/B08CXK6LRV
AOZER	AOZER	amazon.ae	HTTPS://WWW.AMAZON.AE/AOZER-VAMPIRE-DENTURE-HALLOWEEN-SUPPLIES/DP/B07XKX9V5V
APAIX	APAIX	amazon.ae	HTTPS://WWW.AMAZON.AE/APAIX-FAUCET-MATTE-BLACK-FILTRATION/DP/B08T8HXMHT
APARESSE	APARESSE	amazon.ae	HTTPS://WWW.AMAZON.AE/APARESSE-FURNITURE-COVERS-WATERPROOF-DURABLE/DP/B07L913SMN
APBFH	APBFH	amazon.ae	HTTPS://WWW.AMAZON.AE/APBFH-PORTABLE-ANTI-STATIC-KEYBOARD-CLEANING/DP/B074LZ649V
APCVM	APCVM	amazon.ae	HTTPS://WWW.AMAZON.AE/APCVM-CHOKING-EMERGENCY-DECHOKER-COMPRESSOR/DP/B0BVY41MB2
APCVM	APCVM	amazon.ae	HTTPS://WWW.AMAZON.AE/APCVM-CHOKING-EMERGENCY-DECHOKER-COMPRESSOR/DP/B0BVYV4NBX
APEOCOSE	APEOCOSE	amazon.ae	HTTPS://WWW.AMAZON.AE/APEOCOSE-ACTIVATED-SUPPLIES-DECORATIONS-BIRTHDAY/DP/B0DJNMSGLT
APMIEK	APMIEK	amazon.ae	HTTPS://WWW.AMAZON.AE/APMIEK-TWIN-SIZE-FITTED-SHEET/DP/B099RW3L74
APNINO	APNINO	amazon.ae	HTTPS://WWW.AMAZON.AE/APNINO-JAPANESE-MATTRESS-FOLDABLE-SLEEPING/DP/B0BYVYP44S
APOBOB	APOBOB	amazon.ae	HTTPS://WWW.AMAZON.AE/APOBOB-TEMPERATURE-RADIATOR-2-63-3-46-SEMICONDUCTOR/DP/B093BFQBHN
APOCHON	APOCHON	amazon.ae	HTTPS://WWW.AMAZON.AE/APOCHON-PROTECTIVE-THICKENING-SHOCKPROOF-CUSHIONING/DP/B0BVWPCSSW
APOCHON	APOCHON	amazon.ae	HTTPS://WWW.AMAZON.AE/APOCHON-GALVANIZED-STRAIGHT-PNEUMATIC-GUNS10000-PACK/DP/B0CCCVYK4K
APORANA	APORANA	amazon.ae	HTTPS://WWW.AMAZON.AE/APORANA-HARDWOOD-LOW-PILE-ANTI-SLIP-MULTI-PURPOSE/DP/B0B7J2W1Q6
APORANA	APORANA	amazon.ae	HTTPS://WWW.AMAZON.AE/APORANA-OFFICE-HARDWOOD-COMPUTER-RESISTANT/DP/B0C2KBQW93
APOSU	APOSU	amazon.ae	HTTPS://WWW.AMAZON.AE/APOSU-AGGRESSIVE-DOGTOOTHBRUSH-CLEANING-BRUSHING/DP/B08CR6DBB3
APPLYSU	APPLYSU	amazon.ae	HTTPS://WWW.AMAZON.AE/APPLYSU-BALACLAVA-WINDPROOF-SKATEBOARD-MOTORCYCLE/DP/B0BPY6DZSJ
APPLYSU	APPLYSU	amazon.ae	HTTPS://WWW.AMAZON.AE/APPLYSU-BIRTHDAY-HELLOWEEN-COLLECTIBLE-MERCHANDISE/DP/B0D3B6WXM4
APROTII	APROTII	amazon.ae	HTTPS://WWW.AMAZON.AE/APROTII-SECURITY-1024X600-PORTABLE-RASPBERRY/DP/B09C82JHCL
APUNOL	APUNOL	amazon.ae	HTTPS://WWW.AMAZON.AE/APUNOL-RECHARGEABLE-WATERPROOF-HEADLAMP-HEADLIGHT/DP/B07F645C9F
APWONE	APWONE	amazon.ae	HTTPS://WWW.AMAZON.AE/APWONE-2000GRAM-ELECTRIC-STAINLESS-COFFEE/DP/B07RSR5CLH
AQAWAS	AQAWAS	amazon.ae	HTTPS://WWW.AMAZON.AE/AQAWAS-GROMMETS-GARDENING-TRAVELING-GREEN_3X3M/DP/B07X61F198
AQAWAS	AQAWAS	amazon.ae	HTTPS://WWW.AMAZON.AE/AQAWAS-CORDLESS-DARKENING-GREEN_28X36IN-72-5X92-5CM/DP/B07TMCTLTK
AQAWAS	AQAWAS	amazon.ae	HTTPS://WWW.AMAZON.AE/AQAWAS-SUNBLOCK-WINDSCREEN-RESISTANCE-BLUE_2X2M/DP/B07WDH59FP
AQAWAS	AQAWAS	amazon.ae	HTTPS://WWW.AMAZON.AE/AQAWAS-TARPAULIN-WATERPROOF-MATERIAL-ARMYGREEN_2X3M/DP/B07WHYJ416
AQHH	AQHH	amazon.ae	HTTPS://WWW.AMAZON.AE/AQHH-HANDHELD-CONSOLE-PORTABLE-PRE-INSTALLED/DP/B0DSZYMZ5Z
AQINK	AQINK	amazon.ae	HTTPS://WWW.AMAZON.AE/AQINK-COMPATIBLE-CARTRIDGES-REPLACEMENT-L2680W-HIGH/DP/B07WYG5GPN
AQJD	AQJD	amazon.ae	HTTPS://WWW.AMAZON.AE/AQJD-BRUSHED-KITCHEN-DERMOUNT-STAINLESS/DP/B08K49PM87
AQTECKNO	AQTECKNO	amazon.ae	HTTPS://WWW.AMAZON.AE/AQTECKNO-FULL-FACE-SNORKEL-DIVING/DP/B07C7ST5ZK
AQUENTURE	AQUENTURE	amazon.ae	HTTPS://WWW.AMAZON.AE/AQUENTURE-PF6007-CH-WS-TWO-HANDLE-QUICKNUT-MORGANITE/DP/B07RM5PYX3
AQUENTURE	AQUENTURE	amazon.ae	HTTPS://WWW.AMAZON.AE/AQUENTURE-PF6006-CH-KITCHEN-INSTALL-QUICKNUT/DP/B07RHVTQ95
ARAIERD	ARAIERD	amazon.ae	HTTPS://WWW.AMAZON.AE/ETHERNET-CONVERTER-WIRELESS-INDUSTRIAL-AUTOMATION/DP/B0B6HK99GS
ARALANA	ARALANA	amazon.ae	HTTPS://WWW.AMAZON.AE/ARALANA-MAGNETIC-CHARGING-ROTATING-COMPATIBLE/DP/B08KFW478M
ARALANA	ARALANA	amazon.ae	HTTPS://WWW.AMAZON.AE/MAGNETIC-CHARGING-ARALANA-COMPATIBLE-IPRODUCT/DP/B08JY5F7B7
ARANZYEC	ARANZYEC	amazon.ae	HTTPS://WWW.AMAZON.AE/ARANZYEC-OUTDOOR-POWERED-ALUMINUM-WATERPROOF/DP/B0CGXTJ95P
ARAST	ARAST	amazon.ae	HTTPS://WWW.AMAZON.AE/ARAST-PORTABLE-TRANSPORT-ADJUSTABLE-LOAD-BEARING/DP/B0CNGT3W73
ARAZOOYI	ARAZOOYI	amazon.ae	HTTPS://WWW.AMAZON.AE/ARAZOOYI-FALAFEL-SCOOP-MAKER-STAINLESS-STEEL/DP/B0CFJKVZ36
ARAZOOYI	ARAZOOYI	amazon.ae	HTTPS://WWW.AMAZON.AE/ARAZOOYI-FALAFEL-SCOOP-MAKER-SPATULA/DP/B0DN22ZMP7
ARCBLD	ARCBLD	amazon.ae	HTTPS://WWW.AMAZON.AE/ARCBLD-SILICONE-ECO-FRIENDLY-SUSTAINABLE-VEGETABLES/DP/B07Q23YHDG
ARCOOLOR	ARCOOLOR	amazon.ae	HTTPS://WWW.AMAZON.AE/ARCOOLOR-TELESCOPIC-REUSABLE-STAINLESS-PORTABLE/DP/B07T6KTRF4
AREAWA	AREAWA	amazon.ae	HTTPS://WWW.AMAZON.AE/AREAWA-MANDALA-WINDOW-DECALS-STRIKES/DP/B0B6HNPH9C
AREILIYA	AREILIYA	amazon.ae	HTTPS://WWW.AMAZON.AE/AREILIYA-REPLACEMENT-MACBOOK-ASSEMBLY-2560X1600/DP/B0B83PJBW3
AREKE	AREKE	amazon.ae	HTTPS://WWW.AMAZON.AE/AREKE-PERFORMANCE-CUSHION-ATHLETIC-ASSORTED/DP/B07QYS1TJ9
AREKE	AREKE	amazon.ae	HTTPS://WWW.AMAZON.AE/AREKE-PERFORMANCE-CUSHIONED-ATHLETIC-ASSORTED/DP/B07QWT9Z24
ARILACA	ARILACA	amazon.ae	HTTPS://WWW.AMAZON.AE/ARILACA-TUMBLERS-IRIDESCENT-BPA-FREE-DOUBLE-WALL/DP/B0BLTY6L9F
ARILACA	ARILACA	amazon.ae	HTTPS://WWW.AMAZON.AE/ARILACA-STUDDED-REUSABLE-TUMBLERS-INSULATED/DP/B0C3QGTS3K
ARIMEPI	ARIMEPI	amazon.ae	HTTPS://WWW.AMAZON.AE/ARIMEPI-SLING-BAG-WATERPROOF-CROSSBODY/DP/B0C713XYD1
ARMSKY	ARMSKY	amazon.ae	HTTPS://WWW.AMAZON.AE/ARMSKY-STEPS-COMPATIBLE-BRONCO-ACCESSORIES/DP/B0CBWN24F4
ARNUIXTY	ARNUIXTY	amazon.ae	HTTPS://WWW.AMAZON.AE/ARNUIXTY-COLORFUL-STORAGE-CAPACITY-ORGANIZER/DP/B09S3XYR8G
AROMANDINA	AROMANDINA	amazon.ae	HTTPS://WWW.AMAZON.AE/AROMANDINA-TEALS-SHAMPOO-MELATONIN-ESSENTIAL/DP/B085LVCHK8
ARONCLUB	ARONCLUB	amazon.ae	HTTPS://WWW.AMAZON.AE/ARONCLUB-ASSAULT-ANIMATION-EFFECTS-BATTERY/DP/B098LPMHW7
ARROZON	ARROZON	amazon.ae	HTTPS://WWW.AMAZON.AE/ARROZON-SLIPCOVERS-SUITABLE-FURNITURE-DIRECTIONS-3/DP/B09ZTT11JT
ARROZON	ARROZON	amazon.ae	HTTPS://WWW.AMAZON.AE/ARROZON-BRIGHTNESS-ADJUSTABLE-BACKLIGHTS-DECORATION/DP/B09WHV6C3R
ARSSOO	ARSSOO	amazon.ae	HTTPS://WWW.AMAZON.AE/ARSSOO-GOLD-COCKTAIL-SHAKER-SET/DP/B087C5Q452
ARTEACO	ARTEACO	amazon.ae	HTTPS://WWW.AMAZON.AE/ARTEACO-HYDROPHOBIC-COMFORTER-LIGHTWEIGHT-FLUFFY/DP/B096W3MJD2
ARTECORS	ARTECORS	amazon.ae	HTTPS://WWW.AMAZON.AE/ARTECORS-COOLING-RECHARGEABLE-PORTABLE-PERSONAL/DP/B08T752188
ARTHOME520	ARTHOME520	amazon.ae	HTTPS://WWW.AMAZON.AE/ARTHOME520-LANDSCAPE-PRINTED-PAINTING-DECORATIONS/DP/B08H7Z6L5Y
ARTIOMO	ARTIOMO	amazon.ae	HTTPS://WWW.AMAZON.AE/ARTIOMO-POACHER-MICROWAVE-SILICONE-BLUE%EF%BC%8CGREEN%EF%BC%8CORANGE/DP/B09SYW4H56
ARTIZWARE	ARTIZWARE	amazon.ae	HTTPS://WWW.AMAZON.AE/ARTIZWARE-COUNTERTOP-ORGANIZER-CAPACITY-TRANSPARENT/DP/B0B136S78B
ARTLEO	ARTLEO	amazon.ae	HTTPS://WWW.AMAZON.AE/ARTLEO-STORAGE-SPILL-RESISTANT-CONTAINER-FLEXIBLE/DP/B09NHNKRNH
ARTRELLO	ARTRELLO	amazon.ae	HTTPS://WWW.AMAZON.AE/ARTRELLO-CHAIR-COVERS-DINING-ROOM/DP/B089MB9RX1
ARUINAER	ARUINAER	amazon.ae	HTTPS://WWW.AMAZON.AE/ARUINAER-SLIPPER-SLIPPERS-GRIPPER-CHRISTMAS/DP/B0B65WSJNM
ARUNGOR	ARUNGOR	amazon.ae	HTTPS://WWW.AMAZON.AE/ARUNGOR-SCHOOL-BACKPACK-MEN-WOMEN/DP/B07QXP38NP
ARUOXIN	ARUOXIN	amazon.ae	HTTPS://WWW.AMAZON.AE/ARUOXIN-CORDLESS-20-30MINS-RECHARGEABLE-LIGHTWEIGHT/DP/B0BP2XMG6J
ARUOXIN	ARUOXIN	amazon.ae	HTTPS://WWW.AMAZON.AE/ARUOXIN-CORDLESS-HANDHELD-20-30MINS-RECHARGEABLE/DP/B0BG9VXPCX
ARVINKEY	ARVINKEY	amazon.ae	HTTPS://WWW.AMAZON.AE/ARVINKEY-FLUTED-NONSTICK-LEAKPROOF-MOULDING/DP/B09YS8FDQY
ARWANG	ARWANG	amazon.ae	HTTPS://WWW.AMAZON.AE/ARWANG-TROUSERS-BLOOMERS-CALF-LENGTH-STREETWEAR/DP/B0C7M972PJ
ARWANG	ARWANG	amazon.ae	HTTPS://WWW.AMAZON.AE/ARWANG-HANDMADE-COWHIDE-BUSINESS-CLASSIC/DP/B0C54YPV8N
ARWANG	ARWANG	amazon.ae	HTTPS://WWW.AMAZON.AE/ARWANG-TROUSERS-BREATHABLE-MILITARY-CLOTHING/DP/B0C4XWB5FM
ARYATRION	ARYATRION	amazon.ae	HTTPS://WWW.AMAZON.AE/ARYATRION-PROFESSIONAL-BALLROOM-PRACTICE-PERFORMANCE/DP/B0BJ6RLVWS
ARYSIEER	ARYSIEER	amazon.ae	HTTPS://WWW.AMAZON.AE/ARYSIEER-WATERPROOF-CONDUCTION-HEADPHONES-BLUETOOTH/DP/B0B6H5JPW5
ARYSIEER	ARYSIEER	amazon.ae	HTTPS://WWW.AMAZON.AE/ARYSIEER-BLUETOOTH-WIRELESS-MICROPHONES-HEADPHONES/DP/B0B42VLHS7
ASABOCAI	ASABOCAI	amazon.ae	HTTPS://WWW.AMAZON.AE/ASABOCAI-PROFESSIONAL-SIPHON-FURNITURE-AUTOMOBILE/DP/B093D96V6T
ASABRIGHT	ASABRIGHT	amazon.ae	HTTPS://WWW.AMAZON.AE/ASABRIGHT-CORRECTOR-UNDERARM-ALL-BODY-DISCOLORED/DP/B09FVQR3BP
ASAOHAO	ASAOHAO	amazon.ae	HTTPS://WWW.AMAZON.AE/ASAOHAO-JUMPSUIT-HALLOWEEN-CLOTHING-5-12YEARS/DP/B0CGLLL3FB
ASEFUOIRK	ASEFUOIRK	amazon.ae	HTTPS://WWW.AMAZON.AE/ASEFUOIRK-CONSOLE-MODELLO-BIANCO-SCHERMO/DP/B098RJXBTY
ASEKER	ASEKER	amazon.ae	HTTPS://WWW.AMAZON.AE/COMPATIBLE-CARTRIDGE-6510DNM-WORKCENTRE-CAPACITY/DP/B08SQMGHCJ
ASEKER	ASEKER	amazon.ae	HTTPS://WWW.AMAZON.AE/ASEKER-COMPATIBLE-101R00664-CARTRIDGE-PRINTERS/DP/B0932GMJMZ
ASEKER	ASEKER	amazon.ae	HTTPS://WWW.AMAZON.AE/ASEKER-CARTRIDGE-COMPATIBLE-MS610DTE-MS610DTN/DP/B0CNR1WRCP
ASEKER	ASEKER	amazon.ae	HTTPS://WWW.AMAZON.AE/ASEKER-WITHOUT-COMPATIBLE-CARTRIDGE-LASERJET/DP/B0B963768L
ASHIPHER	ASHIPHER	amazon.ae	HTTPS://WWW.AMAZON.AE/ASHIPHER-SANDALS-CLOUDY-UNISEX-PATCHWORK/DP/B0B4PDLF82
ASHIPHER	ASHIPHER	amazon.ae	HTTPS://WWW.AMAZON.AE/ASHIPHER-SLIDES-SLIPPERS-SANDALS-TODDLER/DP/B0B4PD3TFB
ASHLONE	ASHLONE	amazon.ae	HTTPS://WWW.AMAZON.AE/ASHLONE-BODYSUIT-SHAPEWEAR-BRIEFER-CONTROL/DP/B07MQSVLFD
ASHUAQI	ASHUAQI	amazon.ae	HTTPS://WWW.AMAZON.AE/ASHUAQI-CEILING-BEDROOM-KITCHEN-HALLWAY/DP/B0952RYSTZ
ASHUTB	ASHUTB	amazon.ae	HTTPS://WWW.AMAZON.AE/ASHUTB-BLUETOOTH-WIRELESS-SHUTTER-ANDROID/DP/B07NDQZYBK
ASIINNSY	ASIINNSY	amazon.ae	HTTPS://WWW.AMAZON.AE/ASIINNSY-ABSTRACT-MODERN-BEDROOM-NON-SLIP/DP/B0BTYPGGW9
ASIYUHY	ASIYUHY	amazon.ae	HTTPS://WWW.AMAZON.AE/ASIYUHY-BALLOONS-CARNIVAL-BIRTHDAY-DECORATIONS/DP/B0DG8Y45G1
ASKILT	ASKILT	amazon.ae	HTTPS://WWW.AMAZON.AE/ASKILT-EYEGLASS-ANTI-SLIP-EYEGLASSES-SUNGLASSES/DP/B07RWX75P5
ASKSCICI	ASKSCICI	amazon.ae	HTTPS://WWW.AMAZON.AE/ASKSCICI-12-PIECE-STAINLESS-STEEL-COOKWARE/DP/B0DCVV5PXX
ASLIDECOR	ASLIDECOR	amazon.ae	HTTPS://WWW.AMAZON.AE/ASLIDECOR-ILLUMINATE-EXTERIOR-WATERPROOF-LIGHTING/DP/B09SYGV4NB
ASMANJUNE	ASMANJUNE	amazon.ae	HTTPS://WWW.AMAZON.AE/JOHNSONS-SMOOTH-CONTROL-POWDER-ASMANJUNE/DP/B07JK4YPV3
ASOEOSA	ASOEOSA	amazon.ae	HTTPS://WWW.AMAZON.AE/ASOEOSA-AROMATHERAPY-CANDLES-SCENTED-BIRTHDAY/DP/B07R8P1HT3
ASOEOSA	ASOEOSA	amazon.ae	HTTPS://WWW.AMAZON.AE/ASOEOSA-HALLOWEEN-CANDLES-FLUORESCENT-STICKERS/DP/B0B9RXV2TT
ASSEMHOME	ASSEMHOME	amazon.ae	HTTPS://WWW.AMAZON.AE/ASSEMHOME-APPROVED-COMBINATION-ADJUSTABLE-SUITCASES/DP/B09H34DN3G
ASSEMHOME	ASSEMHOME	amazon.ae	HTTPS://WWW.AMAZON.AE/ASSEMHOME-LUGGAGE-APPROVED-ADJUSTABLE-SUITCASES/DP/B08RDHM6CH
ASSRID	ASSRID	amazon.ae	HTTPS://WWW.AMAZON.AE/ASSRID-USB-TO-HDMI-ADAPTER/DP/B07QN5NT1Z
ASTONLINK	ASTONLINK	amazon.ae	HTTPS://WWW.AMAZON.AE/ASTONLINK-SHIELDS-ACRYLIC-REUSABLE-CLEANABLE/DP/B08DLR1K3K
ASTORELA	ASTORELA	amazon.ae	HTTPS://WWW.AMAZON.AE/ASTORELA-STRIPPER-PORTABLE-ADJUSTABLE-EQUIPMENT/DP/B09KS48W9J
ASTUAFIA	ASTUAFIA	amazon.ae	HTTPS://WWW.AMAZON.AE/ASTUAFIA-WIRELESS-BLUETOOTH-WATERPROOF-HEADPHONES/DP/B0892HJX2P
ASTYLWAY	ASTYLWAY	amazon.ae	HTTPS://WWW.AMAZON.AE/ASTYLWAY-8CR14MOV-STAINLESS-FOLDING-PORTABLE/DP/B0CN91X4PC
ASTYLWAY	ASTYLWAY	amazon.ae	HTTPS://WWW.AMAZON.AE/ASTYLWAY-ALUMINUM-HEATSINK-SILICONE-THERMAL/DP/B0BJBJMQQQ
ASXMHGO	ASXMHGO	amazon.ae	HTTPS://WWW.AMAZON.AE/MONOCULAR-TELESCOPE-MONOCULARS-SMARTPHONE-STARGAZING/DP/B0D41QNF8Y
ASYH	ASYH	amazon.ae	HTTPS://WWW.AMAZON.AE/ASYH-REPLACEMENT-TOOTHBRUSH-COMPATIBLE-TOOTHBRUSHES/DP/B0FDPXQKZ9
ASZWOR	ASZWOR	amazon.ae	HTTPS://WWW.AMAZON.AE/ASZWOR-HAIR-CUTTING-SCISSORS-HAIRDRESSING/DP/B08ZD7QXB3
ATAQUS	ATAQUS	amazon.ae	HTTPS://WWW.AMAZON.AE/ATAQUS-MINIATURE-DOLLHOUSE-ACCESSORIES-HAMBURGER/DP/B00RI5E8VC
ATAVYST	ATAVYST	amazon.ae	HTTPS://WWW.AMAZON.AE/ATAVYST-SNORING-STRAP-WOMEN-USERS/DP/B07S19K7JX
ATBITER	ATBITER	amazon.ae	HTTPS://WWW.AMAZON.AE/ATBITER-WOMENS-ATHLETIC-RUNNING-8-PAIRS/DP/B0BLXPYMJJ
ATELIYISHU	ATELIYISHU	amazon.ae	HTTPS://WWW.AMAZON.AE/ATELIYISHU-COLORFUL-BUTTERFLY-DECORATION-24/DP/B092VFYPWB
ATELIZ	ATELIZ	amazon.ae	HTTPS://WWW.AMAZON.AE/ATELIZ-WHITE-BREAD-KITCHEN-COUNTERTOP/DP/B0CQ2CHJWW
ATHETOP	ATHETOP	amazon.ae	HTTPS://WWW.AMAZON.AE/ATHETOP-CONTEMPORARY-BRUSHED-HORIZONTAL-VERTICAL/DP/B09CYW66Y6
ATHOON	ATHOON	amazon.ae	HTTPS://WWW.AMAZON.AE/ATHOON-FRIENDLY-EXERCISE-OUTDOOR-INDOOR/DP/B07DNLPB2H
ATHPIK	ATHPIK	amazon.ae	HTTPS://WWW.AMAZON.AE/ATHPIK-ASSISTANT-SELF-SUCTION-EQUIPMENT-ABDOMINAL/DP/B089N1GLZ2
ATINUS	ATINUS	amazon.ae	HTTPS://WWW.AMAZON.AE/ATINUS-PINGPONG-PERFECT-PROFESSIONAL-RECREATIONAL/DP/B07RWDDNGP
ATMAMA	ATMAMA	amazon.ae	HTTPS://WWW.AMAZON.AE/ATMAMA-STAINLESS-CUTTING-KITCHEN-CHOPPING/DP/B082ZGJD6T
ATOFUL	ATOFUL	amazon.ae	HTTPS://WWW.AMAZON.AE/ATOFUL-REUSABLE-SILICONE-WATERPROOF-PROTECTORS/DP/B07WV7R46F
ATOFUL	ATOFUL	amazon.ae	HTTPS://WWW.AMAZON.AE/ATOFUL-PROTECTION-WINDPROOF-LIGHTWEIGHT-UMBRELLAS/DP/B07W5WQHWF
ATOMZING	ATOMZING	amazon.ae	HTTPS://WWW.AMAZON.AE/ATOMZING-MULTIFUNCTION-STAINLESS-BATTERIES-INCLUDED/DP/B07875VPJP
ATOOTFUSION	ATOOTFUSION	amazon.ae	HTTPS://WWW.AMAZON.AE/ATOOTFUSION-PREMIUM-POLYESTER-FIBER-FILLING/DP/B08GC2Y2V7
ATOPEFROA	ATOPEFROA	amazon.ae	HTTPS://WWW.AMAZON.AE/-/AR/ATSLP0001/DP/B0BFFV5TK4
ATOZONE	ATOZONE	amazon.ae	HTTPS://WWW.AMAZON.AE/ATOZONE-OVER-SIZED-ORGANIZER-DECORATIVE-BATHROOM/DP/B0983HNH9L
ATPIEN	ATPIEN	amazon.ae	HTTPS://WWW.AMAZON.AE/ATPIEN-RUSTIC-WOOD-SERVING-TRAY/DP/B07W9B99L5
ATPOSH	ATPOSH	amazon.ae	HTTPS://WWW.AMAZON.AE/ATPOSH-KITCHEN-CABINET-ORGANIZER-ROTATING/DP/B08T645VVR
ATREPIN	ATREPIN	amazon.ae	HTTPS://WWW.AMAZON.AE/ATREPIN-INTERIOR-AUTOMOBILE-ATMOSPHERE-BLUETOOTH/DP/B09WDNVBH6
ATRYX	ATRYX	amazon.ae	HTTPS://WWW.AMAZON.AE/ATRYX-BRACELET-STRETCHY-COLORFUL-BRACELETS/DP/B0CLBB1DPG
ATTEMART	ATTEMART	amazon.ae	HTTPS://WWW.AMAZON.AE/ATTEMART-COMPATIBLE-T30-OMNI-REPLACEMENT/DP/B0DSPZ712B
ATURMON	ATURMON	amazon.ae	HTTPS://WWW.AMAZON.AE/ATURMON-DISPOSABLE-TISSUES-NAPKINS-MATERIAL/DP/B0C3VPN6Q4
ATYFUNIBY	ATYFUNIBY	amazon.ae	HTTPS://WWW.AMAZON.AE/ATYFUNIBY-WOMENS-SKIRTS-WAISTED-ASYMMETRICAL/DP/B0B3N3BM86
AUANLAY	AUANLAY	amazon.ae	HTTPS://WWW.AMAZON.AE/AUANLAY-DIPPING-BOWLS-CONDIMENT-APPETIZER/DP/B0C394NKYH
AUBEU	AUBEU	amazon.ae	HTTPS://WWW.AMAZON.AE/AUBEU-INTERIOR-LIGHTING-SYMPHONY-MULTICOLOR/DP/B09PRQQ1Q7
AUBEU	AUBEU	amazon.ae	HTTPS://WWW.AMAZON.AE/AUBEU-INTERIOR-SYMPHONY-LIGHTING-FUNCTION/DP/B0CM3YKXSS
AUFRUH	AUFRUH	amazon.ae	HTTPS://WWW.AMAZON.AE/AUFRUH-SLOUCHY-HIP-HOP-LIGHTWEIGHT-RUNNING/DP/B0B3D7SJ57
AUGLTAIR	AUGLTAIR	amazon.ae	HTTPS://WWW.AMAZON.AE/AUGLTAIR-AUTOMATIC-CHICKEN-POWERED-ALUMINUM/DP/B0C4FG7H24
AUGMAXI	AUGMAXI	amazon.ae	HTTPS://WWW.AMAZON.AE/AUGMAXI-ELECTRIC-SPIDER-SUPERHERO-ROLE-PLAYING/DP/B0DHYJR36C
AUISS	AUISS	amazon.ae	HTTPS://WWW.AMAZON.AE/AUISS-BLANKET-TEENAGER-FLANNEL-SLEEVES/DP/B07Z1V3XPD
AUKL	AUKL	amazon.ae	HTTPS://WWW.AMAZON.AE/AUKL-INTERACTIVE-ACTIVATE-ELECTRIC-RECOMMEND/DP/B0B9M5KKSZ
AUKOR	AUKOR	amazon.ae	HTTPS://WWW.AMAZON.AE/AUKOR-4-PACK-KITCHEN-SINK-STRAINER/DP/B07NYT2QLT
AUKOR	AUKOR	amazon.ae	HTTPS://WWW.AMAZON.AE/AUKOR-WRITING-8-5-INCH-ELECTRONIC-HANDWRITING/DP/B07L5CRBHZ
AUKOR	AUKOR	amazon.ae	HTTPS://WWW.AMAZON.AE/AUKOR/S?K=AUKOR
AUKUZI	AUKUZI	amazon.ae	HTTPS://WWW.AMAZON.AE/AUKUZI-SILICONE-POTHOLDERS-RESISTANT-SKILLETS/DP/B07Q4W8T7C
AUMAYCHEER	AUMAYCHEER	amazon.ae	HTTPS://WWW.AMAZON.AE/AUMAYCHEER-WATERCOLOR-PAINTING-NON-TOXIC-BEGINNER/DP/B0886K962W
AUNCT	AUNCT	amazon.ae	HTTPS://WWW.AMAZON.AE/AUNCT-WATERPROOF-TRIANGLE-UMBRELLA-PROTECTION/DP/B0B2Q8R7B9
AUOXER	AUOXER	amazon.ae	HTTPS://WWW.AMAZON.AE/FITNESS-EXERCISE-WEIGHTED-DETACHABLE-ADJUSTABLE/DP/B088FG58KN
AUPALLA	AUPALLA	amazon.ae	HTTPS://WWW.AMAZON.AE/AUPALLA-ACTIVITY-SATURATION-PRESSURE-COUNTING/DP/B08JYMGX33
AUPERF	AUPERF	amazon.ae	HTTPS://WWW.AMAZON.AE/AUPERF-BREATHABLE-ELASTICITY-COMFORTABLE-LIGHTWEIGHT/DP/B07VGWZSX3
AURALTO	AURALTO	amazon.ae	HTTPS://WWW.AMAZON.AE/AURALTO-SILICONE-PROTECTIVE-SHOCKPROOF-PROTECTION/DP/B0949GB8V5
AURIANI	AURIANI	amazon.ae	HTTPS://WWW.AMAZON.AE/AURIANI-2700-7000K-SHOOTING-ATMOSPHERE-RINGLIGHT/DP/B09NDM9RF2
AURUVEBY	AURUVEBY	amazon.ae	HTTPS://WWW.AMAZON.AE/AURUVEBY-ELECTRIC-REPLACEMENT-STAINLESS-HARDNESS/DP/B09ZQHDJDL
AUSANAT	AUSANAT	amazon.ae	HTTPS://WWW.AMAZON.AE/PURIFIERS-PURIFIER-PERSONAL-PORTABLE-RECHARGEABLE/DP/B08DCS6CWT
AUSAROX	AUSAROX	amazon.ae	HTTPS://WWW.AMAZON.AE/AUSAROX-HANDHELD-SEWING-MACHINE-PORTABLE/DP/B08QGVBSDM
AUSOTUSO	AUSOTUSO	amazon.ae	HTTPS://WWW.AMAZON.AE/AUSOTUSO-VOICE-CONTROL-REMOTE-REPLACEMENT-CONTROLLER-PRIME-VIDEO/DP/B099MJFZN8
AUSOTUSO	AUSOTUSO	amazon.ae	HTTPS://WWW.AMAZON.AE/AUSOTUSO-UNIVERSAL-REMOTE-CONTROL-REMOTE-REPLACEMENT-PRIME-VIDEO/DP/B093WB5VPT
AUSQO	AUSQO	amazon.ae	HTTPS://WWW.AMAZON.AE/AUSQO-SUPPORTS-OMNIDIRECTIONAL-RECEPTION-STABILITY/DP/B0BWRDKLC7
AUSQO	AUSQO	amazon.ae	HTTPS://WWW.AMAZON.AE/AUSQO-HIDDEN-CAMERA-DETECTOR-LISTENING/DP/B0BC379RYH
AUSQO	AUSQO	amazon.ae	HTTPS://WWW.AMAZON.AE/AUSQO-CONDUCTION-TECHNOLOGY-TRANSMISSION-WATERPROOF/DP/B0BLYS7V51
AUTAI	AUTAI	amazon.ae	HTTPS://WWW.AMAZON.AE/AUTAI-CEILING-BLUETOOTH-CHANGING-DIMMABLE/DP/B088JRD6MX
AUTONISE	AUTONISE	amazon.ae	HTTPS://WWW.AMAZON.AE/AUTONISE-UNIVERSAL-CLASSIC-HEADREST-COMPATIBLE/DP/B07G6KLSWB
AUTRICTOP	AUTRICTOP	amazon.ae	HTTPS://WWW.AMAZON.AE/AUTRICTOP-DETECTORS-DETECTOR-PROFESSIONAL-SENSITIVITY/DP/B09G9FNGJ9
AUXHDK	AUXHDK	amazon.ae	HTTPS://WWW.AMAZON.AE/AUXHDK-KETTLEBELL-STORAGE-RACK-DUMBBELL/DP/B0DHH4SSPP
AUXHDK	AUXHDK	amazon.ae	HTTPS://WWW.AMAZON.AE/AUXHDK-ATTACHMENT-EXERCISE-MULTI-GRIP-ATTACHMENTS/DP/B0DQPPG6TM
AUZKY	AUZKY	amazon.ae	HTTPS://WWW.AMAZON.AE/GLITTERS-SEQUINS-AUZKY-THANKSGIVING-CHRISTMAS/DP/B07ZHW7KRR
AVANEXPRESS	AVANEXPRESS	amazon.ae	HTTPS://WWW.AMAZON.AE/AVANEXPRESS-USB-SC09-COMPATIBLE-PROGRAMMING-ADAPTER/DP/B07QQT9VDC
AVELER	AVELER	amazon.ae	HTTPS://WWW.AMAZON.AE/AVELER-VERSATILE-LIGHTWEIGHT-PERFORMANCE-INTEGRATED/DP/B082XGD6RM
AWAHITAWA	AWAHITAWA	amazon.ae	HTTPS://WWW.AMAZON.AE/AWAHITAWA-AIRPLANE-ESSENTIALS-ACCESSORIES-01/DP/B0BMPYN6BG
AWECOT	AWECOT	amazon.ae	HTTPS://WWW.AMAZON.AE/CLIPPERS-AWECOT-PROFESSIONAL-CORDLESS-RECHARGEABLE/DP/B08JCX75HG
AWEIR	AWEIR	amazon.ae	HTTPS://WWW.AMAZON.AE/AWEIR-AUTOMOTIVE-UNIVERSAL-DIAMETER-YS-QJDJD-125/DP/B08575QKXJ
AWEKLIY	AWEKLIY	amazon.ae	HTTPS://WWW.AMAZON.AE/AWEKLIY-BEDSIDE-CHARGING-BEDROOM-LIGHTING/DP/B0CL2GWCXR
AWEKLIY	AWEKLIY	amazon.ae	HTTPS://WWW.AMAZON.AE/AWEKLIY-ADJUSTABLE-INDUSTRIAL-VINTAGE-RESTAURANT/DP/B0B4VQDKKW
AWENDIETOU	AWENDIETOU	amazon.ae	HTTPS://WWW.AMAZON.AE/AWENDIETOU-OUTDOORS-BIRDBATHS-BIRDFEEDER-DETACHABLE/DP/B0B9N2NLJ9
AWENDIETOU	AWENDIETOU	amazon.ae	HTTPS://WWW.AMAZON.AE/AWENDIETOU-ELEPHANT-ELEPHANTS-FIGURINE-CENTERPIECE/DP/B0DG35JGBB
AWIAUB	AWIAUB	amazon.ae	HTTPS://WWW.AMAZON.AE/AWIAUB-BREAD-LOAF-PLASTIC-BAGS/DP/B08V4B5VDF
AWIAUB	AWIAUB	amazon.ae	HTTPS://WWW.AMAZON.AE/AWIAUB-PIECES-107MM60MM-HOLDER-CABINET/DP/B07GRT7Z9K
AWINNASEY	AWINNASEY	amazon.ae	HTTPS://WWW.AMAZON.AE/AWINNASEY-CANCELLING-HEADPHONES-REMOVABLE-MICROPHONE/DP/B0FNRK2JLL
AWLSYJ	AWLSYJ	amazon.ae	HTTPS://WWW.AMAZON.AE/AWLSYJ-WOMENS-FINGERLESS-HALLOWEEN-COSTUMES/DP/B07Y1LZ2Q1
AWLUKER	AWLUKER	amazon.ae	HTTPS://WWW.AMAZON.AE/AWLUKER-YELLOW-DRIVING-LIGHTS-WATERPROOF/DP/B09P4RSC5M
AWOLIMEI	AWOLIMEI	amazon.ae	HTTPS://WWW.AMAZON.AE/AWOLIMEI-C2-TEMPERATURE-CONSUMPTION-OVERSPEED/DP/B0BG4XQFKM
AWVV	AWVV	amazon.ae	HTTPS://WWW.AMAZON.AE/AWVV-MACHINE-SEALERS-STORAGE-INDICATOR/DP/B0BLSR5FCT
AXCONE	AXCONE	amazon.ae	HTTPS://WWW.AMAZON.AE/RUNNING-LIGHTWEIGHT-ATHLETIC-BREATHABLE-FITNESS/DP/B07XMGMM45
AXEARTE	AXEARTE	amazon.ae	HTTPS://WWW.AMAZON.AE/AXEARTE-GLASS-18-PIECES-CALLIGRAPHY-PENS/DP/B085736VZW
AXIAOLU	AXIAOLU	amazon.ae	HTTPS://WWW.AMAZON.AE/AXIAOLU-SPOONS-KOREAN-STAINLESS-HANDLE/DP/B08C268JH9
AXIQUE	AXIQUE	amazon.ae	HTTPS://WWW.AMAZON.AE/ADJUSTABLE-MEASURING-MEASURING-TEASPOON-HOUSEHOULD/DP/B08FTBDSDZ
AXNCVFVR	AXNCVFVR	amazon.ae	HTTPS://WWW.AMAZON.AE/AXNCVFVR-PORTABLE-PERSONAL-RECHARGEABLE-SMOOTHIES/DP/B0BTXZZZDB
AXRUNZE	AXRUNZE	amazon.ae	HTTPS://WWW.AMAZON.AE/AXRUNZE-ERGONOMIC-HIGH-BACK-ADJUSTABLE-BREATHABLE/DP/B08NPB6Z2P
AYAOCH	AYAOCH	amazon.ae	HTTPS://WWW.AMAZON.AE/AYAOCH-NECKLACE-SACRIFICE-PENDANT-NECKLACES/DP/B08KGC84Z5
AYCCNH	AYCCNH	amazon.ae	HTTPS://WWW.AMAZON.AE/AYCCNH-POUNDER-TENDERIZER-STAINLESS-PREMIUM/DP/B08C35WHM6
AYCEAN	AYCEAN	amazon.ae	HTTPS://WWW.AMAZON.AE/AYCEAN-OPERATED-CHILDREN-ROTATING-HELICOPTER/DP/B09PN31BWX
AYCWJZM	AYCWJZM	amazon.ae	HTTPS://WWW.AMAZON.AE/AYCWJZM-REPAIR-EMERGENCY-PLASTIC-26MM-29MM/DP/B0BB9644JV
AYDILOUP	AYDILOUP	amazon.ae	HTTPS://WWW.AMAZON.AE/AYDILOUP-DECORATIONS-BULLETIN-CLASSROOM-KINDERGARTEN/DP/B0CR46Z28F
AYDILOUP	AYDILOUP	amazon.ae	HTTPS://WWW.AMAZON.AE/AYDILOUP-CHRISTMAS-BALLOONS-DECORATIONS-BIRTHDAY/DP/B0BCR2KG1R
AYDILOUP	AYDILOUP	amazon.ae	HTTPS://WWW.AMAZON.AE/AYDILOUP-BALLOONS-DECORATIONS-BIRTHDAY-SUPPLIES/DP/B0BXYG3B32
AYDILOUP	AYDILOUP	amazon.ae	HTTPS://WWW.AMAZON.AE/AYDILOUP-DECORATIONS-COMMUNION-CHRISTENING-AYDILOUP-1/DP/B0BWSGPK6L
AYDILOUP	AYDILOUP	amazon.ae	HTTPS://WWW.AMAZON.AE/AYDILOUP-BALLOONS-DECORATIONS-BIRTHDAY-DECORATION/DP/B0BXY8465N
AYETEA	AYETEA	amazon.ae	HTTPS://WWW.AMAZON.AE/AYETEA-CONTROLLER-REGULATOR-ATTEMPERATION-THERMOREGULATION/DP/B087JBGHXG
AYETEA	AYETEA	amazon.ae	HTTPS://WWW.AMAZON.AE/AYETEA-ANTI-SLIP-FOREARMS-STRENGTH-COMPATIBLE/DP/B08866ZGSJ
AYFLOR	AYFLOR	amazon.ae	HTTPS://WWW.AMAZON.AE/AYFLOR-UTENSILS-SUSTAINABLE-CHOPSTICKS-EXCELLENT/DP/B08PYKX5VV
AYJIB	AYJIB	amazon.ae	HTTPS://WWW.AMAZON.AE/AYJIB-GOTTA-HUELL-FUNNY-COLLEGE/DP/B0BVGPLWT6
AYJK7	AYJK7	amazon.ae	HTTPS://WWW.AMAZON.AE/AYJK7-HAIKYUU-TETSUROU-COSPLAY-VOLLEYBALL/DP/B08RX4FH55
AYMALOY	AYMALOY	amazon.ae	HTTPS://WWW.AMAZON.AE/AYMALOY-STYLING-ANTI-FRIZZ-FINISHING-UNSCENTED/DP/B085MYYWQB
AYPZUKE	AYPZUKE	amazon.ae	HTTPS://WWW.AMAZON.AE/AYPZUKE-PACK-PWM-SPLITTER-CABLE/DP/B09WZRTZ51
AYPZUKE	AYPZUKE	amazon.ae	HTTPS://WWW.AMAZON.AE/AYPZUKE-PACK-COMPUTER-SPLITTER-CABLE/DP/B09WZRQ5YV
AYTRAHOME	AYTRAHOME	amazon.ae	HTTPS://WWW.AMAZON.AE/INDULGENCE-SIDE-SLEEPER-PILLOW-AYTRAHOME/DP/B005GMGBQO
AYVEVTA	AYVEVTA	amazon.ae	HTTPS://WWW.AMAZON.AE/AYVEVTA-PORTABLE-LIGHTWEIGHT-GENERATOR-PROTECTION/DP/B0B3F4T68F
AYWEWII	AYWEWII	amazon.ae	HTTPS://WWW.AMAZON.AE/AYWEWII-FINGER-GLOVES-SHOELACES-FLASHING/DP/B07ZK4MXRP
AZATEMGO	AZATEMGO	amazon.ae	HTTPS://WWW.AMAZON.AE/AZATEMGO-COLLECTABLE-WALL-DISPLAY-CABINET/DP/B0CHF9T57N
AZATEMGO	AZATEMGO	amazon.ae	HTTPS://WWW.AMAZON.AE/AZATEMGO-PIECES-CARTONS-REUSED-CONTAINER/DP/B0C1737CB1
AZATEMGO	AZATEMGO	amazon.ae	HTTPS://WWW.AMAZON.AE/AZATEMGO-ADHESIVE-SPICE-STICKERS-KITCHEN/DP/B091CJ98GK
AZAUVC	AZAUVC	amazon.ae	HTTPS://WWW.AMAZON.AE/AZAUVC-CUTTING-NATURAL-SERVING-CHOPPING/DP/B09FJCKW9Z
AZAZCCM	AZAZCCM	amazon.ae	HTTPS://WWW.AMAZON.AE/AZAZCCM-LAYERED-CHAIN-NIGHTCLUB-SHOULDER-NECKLACE/DP/B09D76HBCC
AZCHOSE	AZCHOSE	amazon.ae	HTTPS://WWW.AMAZON.AE/AZCHOSE-WATERLESS-RINSE-FREE-DISPOSABLE-HYPOALLERGENIC/DP/B0C1S4NCGC
AZFINER	AZFINER	amazon.ae	HTTPS://WWW.AMAZON.AE/AZFINER-BUBBLE-MACHINE-GUN-BATTERIES/DP/B09X1FL6MF
AZHURIA	AZHURIA	amazon.ae	HTTPS://WWW.AMAZON.AE/AZHURIA-WEIGHTED-DIAMETER-EXERCISE-BEGINNERS/DP/B0B5T6GQRQ
AZTRONA	AZTRONA	amazon.ae	HTTPS://WWW.AMAZON.AE/AZTRONA-BASEBALL-CAP-MEN-WOMEN/DP/B07DD3WHF8
AZUCYZI	AZUCYZI	amazon.ae	HTTPS://WWW.AMAZON.AE/AZUCYZI-REPLACEMENT-TOUCH-SCREEN-NAVIGATION-LA084X01/DP/B0BJP57C8H
AZUMASUN	AZUMASUN	amazon.ae	HTTPS://WWW.AMAZON.AE/JAPANESE-WOODEN-CLOGS-SOCKS-WOMEN/DP/B07G2DJYRB
AZUMASUN	AZUMASUN	amazon.ae	HTTPS://WWW.AMAZON.AE/AZUMASUN-JAPANESE-WOODEN-CLOGS-SOCKS/DP/B07L3D2GNM
AZXRHWYGS	AZXRHWYGS	amazon.ae	HTTPS://WWW.AMAZON.AE/AZXRHWYGS-MOUNTING-BRACKET-SCREWS-COMPATIBLE/DP/B09QCPZHGJ
AZXU	AZXU	amazon.ae	HTTPS://WWW.AMAZON.AE/AZXU-ROSE-BEAR-ANNIVERSARYS-INCLUDED/DP/B07Z9HCCXQ
AZZORI	AZZORI	amazon.ae	HTTPS://WWW.AMAZON.AE/AZZORI-CLIPPERS-TOENAIL-PODIATRIST-PROFESSIONAL/DP/B087G1L2LT
BABAHU	BABAHU	amazon.ae	HTTPS://WWW.AMAZON.AE/BABAHU-WOMENS-COTTON-BLACK-WHTIE/DP/B0BTSJNR3S
BABAMATE	BABAMATE	amazon.ae	HTTPS://WWW.AMAZON.AE/BABAMATE-NATURAL-BABY-BATH-SPONGE/DP/B073S5QG4P
BABAMATE	BABAMATE	amazon.ae	HTTPS://WWW.AMAZON.AE/INFANT-GIRLS-COTTON-ANKLE-YELLOW/DP/B07P2CQ64X
BABYEZZ	BABYEZZ	amazon.ae	HTTPS://WWW.AMAZON.AE/BABYEZZ-OUTDOOR-WATERPROOF-WASHABLE-INDOOR/DP/B0CR5N6W4N
BABYFERE	BABYFERE	amazon.ae	HTTPS://WWW.AMAZON.AE/BABYFERE-CLOTHES-EMBROIDERED-CLOTHING-ACCESSORIES/DP/B0CBV528D7
BABYFERE	BABYFERE	amazon.ae	HTTPS://WWW.AMAZON.AE/BABYFERE-CLOTHES-ELEPHANT-CLOTHING-NEWBORN/DP/B095VN5R4Z
BAEELYY	BAEELYY	amazon.ae	HTTPS://WWW.AMAZON.AE/BAEELYY-ELECTRIC-LUNCH-BOX-GREEN/DP/B09QP9D3ZF
BAFEI	BAFEI	amazon.ae	HTTPS://WWW.AMAZON.AE/BAFEI-PCS-BATHROOM-ACCESSORIES-SET/DP/B0936CZ3P7
BAFIWU	BAFIWU	amazon.ae	HTTPS://WWW.AMAZON.AE/BAFIWU-SILICONE-AF500UK-ACCESSORIES-INSERTS/DP/B0CZ3L9XVS
BAFIWU	BAFIWU	amazon.ae	HTTPS://WWW.AMAZON.AE/BAFIWU-MICROFIBRE-BEACH-TOWEL-OVERSIZED/DP/B0C16B6N7J
BAFIWU	BAFIWU	amazon.ae	HTTPS://WWW.AMAZON.AE/BAFIWU-MENS-POCKET-SQUARE-EINHEITSGR%C3%B6%C3%9FE/DP/B0DXFCPWPK
BAFIWU	BAFIWU	amazon.ae	HTTPS://WWW.AMAZON.AE/BAFIWU-TOILETRIES-TOILETRY-COSMETIC-WATERPROOF/DP/B0C4YN1R59
BAFVT	BAFVT	amazon.ae	HTTPS://WWW.AMAZON.AE/BAFVT-WINE-GLASS-HOLDER-STAINLESS/DP/B07DCMQ2ZG
BAGTOPIA	BAGTOPIA	amazon.ae	HTTPS://WWW.AMAZON.AE/BAGTOPIA-CAPACITY-CROSSBODY-WATERPROOF-MESSENGER/DP/B07HBWT5BN
BAGTOPIA	BAGTOPIA	amazon.ae	HTTPS://WWW.AMAZON.AE/BAGTOPIA-LIGHTWEIGHT-MULTIPLE-CROSSBODY-SHOULDER/DP/B08DMFPGJ8
BAHOULOER	BAHOULOER	amazon.ae	HTTPS://WWW.AMAZON.AE/BAHOULOER-DISPOSABLE-NON-STICK-OIL-PROOF-PARCHMENT/DP/B0BBFRYV8C
BAIHETU	BAIHETU	amazon.ae	HTTPS://WWW.AMAZON.AE/BAIHETU-WAIST-LEGGINGS-INNER-POCKET/DP/B07L867XDQ
BAIJIEXUN	BAIJIEXUN	amazon.ae	HTTPS://WWW.AMAZON.AE/BAIJIEXUN-BLUETOOTH-HEADPHONES%EF%BC%8CBLUETOOTH-WATERPROOF-LIGHTWEIGH/DP/B07VQM88HB
BAILUK	BAILUK	amazon.ae	HTTPS://WWW.AMAZON.AE/BAILUK-POLISHING-BUFFING-PROFESSIONAL-ACCESSORIES/DP/B09BTTNPZD
BAISINE	BAISINE	amazon.ae	HTTPS://WWW.AMAZON.AE/BAISINE-YELLOW-COMPATIBLE-LASERJET-CARTRIDGE/DP/B07M81RX6F
BAITHNA	BAITHNA	amazon.ae	HTTPS://WWW.AMAZON.AE/BAITHNA-BONATECH-UPGRADED-STARTERS-RASPBERRY/DP/B07D5BMG5F
BAIYUAN	BAIYUAN	amazon.ae	HTTPS://WWW.AMAZON.AE/BAIYUAN-PUNCHING-ADJUSTABLE-BRACKET-WORKOUT/DP/B0CNLS1G4F
BAIYUNPOY	BAIYUNPOY	amazon.ae	HTTPS://WWW.AMAZON.AE/BAIYUNPOY-GYROS-10-PACK-PERFORMANCE/DP/B08B154M31
BALANZZE	BALANZZE	amazon.ae	HTTPS://WWW.AMAZON.AE/BALANZZE-COLLAPSIBLE-TELESCOPIC-SALTWATER-FRESHWATER/DP/B0CQNZBKK3
BALLENZE	BALLENZE	amazon.ae	HTTPS://WWW.AMAZON.AE/BALLENZE-ENTRYWAY-INDUSTRIAL-DESIGN-WOOD-FURNITURE/DP/B08CT9KX6L
BALMOST	BALMOST	amazon.ae	HTTPS://WWW.AMAZON.AE/BALMOST-LEATHER-CATCHER-ORGANIZER-DISTRACTED/DP/B07V6TDRYR
BALOBOO	BALOBOO	amazon.ae	HTTPS://WWW.AMAZON.AE/BALOBOO-INSULATED-WATER-RESISTANT-MULTI-POCKET-ADJUSTABLE/DP/B07XYCSTX4
BANBBUR	BANBBUR	amazon.ae	HTTPS://WWW.AMAZON.AE/BANBBUR-REFILLABLE-PRECISION-MECHANISMS-ADJUSTABLE/DP/B07YHHL2VW
BANBRICK	BANBRICK	amazon.ae	HTTPS://WWW.AMAZON.AE/BANBRICK-FOLDABLE-INSULATED-COOLER-THERMAL/DP/B07XCLMXVT
BANDEZID	BANDEZID	amazon.ae	HTTPS://WWW.AMAZON.AE/BANDEZID-LEATHERETTE-LEATHERCLOTH-UPHOLSTERED-LINING-BROWN/DP/B09FK54V2B
BANERLE	BANERLE	amazon.ae	HTTPS://WWW.AMAZON.AE/BANERLE-DINOSAUR-HANDHELD-CHRISTMAS-STOCKING/DP/B0BJDT3VR5
BANGBANGSING	BANGBANGSING	amazon.ae	HTTPS://WWW.AMAZON.AE/BANGBANGSING-ATTACK-TITAN-STICKERS-100/DP/B08GXDNGY1
BANGMENG	BANGMENG	amazon.ae	HTTPS://WWW.AMAZON.AE/BANGMENG-CUTTER-TRIMMER-CUTTING-STYLING/DP/B07M7JSNNC
BANGPU	BANGPU	amazon.ae	HTTPS://WWW.AMAZON.AE/BANGPU-BATHROOM-ADJUSTABLE-HANDHELD-STAINLESS/DP/B0B76CPBHM
BANGYEE	BANGYEE	amazon.ae	HTTPS://WWW.AMAZON.AE/BANGYEE-COMPATIBLE-REPLACEMENT-WRISTBANDS-SMARTWATCH/DP/B09872Q45Y
BANLILU	BANLILU	amazon.ae	HTTPS://WWW.AMAZON.AE/BANLILU-PREMIUM-BAMBOO-BATH-CADDY/DP/B0C3VLZ8F2
BANNAD	BANNAD	amazon.ae	HTTPS://WWW.AMAZON.AE/BANNAD-WATERPROOF-OUTDOOR-DECORATIONS-PATHWAY/DP/B089M6WG8W
BANRIA	BANRIA	amazon.ae	HTTPS://WWW.AMAZON.AE/BANRIA-STEPPER-CONTROLLER-INTEGRATED-COMMUNICATION/DP/B0B1HNS9L2
BANWEI	BANWEI	amazon.ae	HTTPS://WWW.AMAZON.AE/BANWEI-ADJUSTABLE-OVERSIZED-PERFORMANCE-SKATING/DP/B0CP6MLRN1
BAONI	BAONI	amazon.ae	HTTPS://WWW.AMAZON.AE/BAONI-CARTILAGE-SUPPORT-INSULATED-FOLDABLE/DP/B01FDJ3EEG
BAOSADI	BAOSADI	amazon.ae	HTTPS://WWW.AMAZON.AE/BAOSADI-FORAGING-DRAWSTRING-COLLAPSIBLE-COLLECTING/DP/B09N739H79
BAOSHILAI	BAOSHILAI	amazon.ae	HTTPS://WWW.AMAZON.AE/BAOSHILAI-RUCAS-MATTRESS-CERTIPUR-US-CERTIFIED/DP/B08S6TCN1S
BAOSIA	BAOSIA	amazon.ae	HTTPS://WWW.AMAZON.AE/BAOSIA-RECTANGULAR-WASTEBASKET-3-2GALLON-KITCHEN%EF%BC%8CPOWDER/DP/B0C4GBHD23
BAOSIA	BAOSIA	amazon.ae	HTTPS://WWW.AMAZON.AE/BAOSIA-RECTANGULAR-WASTEBASKET-BATHROOM-KITCHEN%EF%BC%8CPOWDER/DP/B0C4G944HK
BAPIFY	BAPIFY	amazon.ae	HTTPS://WWW.AMAZON.AE/BAPIFY-BAMBOO-HOODED-BABY-TOWEL/DP/B07K6VGXCY
BARBIENADO	BARBIENADO	amazon.ae	HTTPS://WWW.AMAZON.AE/BARBIENADO-ELECTRIC-CHARCOAL-FIREPLACE-FIRESTARTER/DP/B08FBG8F28
BARBLING	BARBLING	amazon.ae	HTTPS://WWW.AMAZON.AE/BARBLING-ACCESSORIES-JUMPSUIT-NECKLACES-CHILDREN/DP/B098NGFMB9
BARDESTU	BARDESTU	amazon.ae	HTTPS://WWW.AMAZON.AE/ETHERNET-BARDESTU-INTERNET-NETWORK-GIGABIT/DP/B08JV74GZ6
BARKINBUDDY	BARKINBUDDY	amazon.ae	HTTPS://WWW.AMAZON.AE/BARKINBUDDY-BACK-SEAT-COVER-DOGS/DP/B078JKBCZ1
BARKLO	BARKLO	amazon.ae	HTTPS://WWW.AMAZON.AE/BARKLO-RECHARGEABLE-WEATHERPROOF-VIBRATING-TRAINING/DP/B0752FNG3L
BARRETLGQ	BARRETLGQ	amazon.ae	HTTPS://WWW.AMAZON.AE/BARRETLGQ-SILICONE-MICROWAVE-POPCORN-COLLAPSIBLE/DP/B01MT1JJVQ
BASENSE	BASENSE	amazon.ae	HTTPS://WWW.AMAZON.AE/BASENSE-1920X1080-PORTABLE-MONITOR-RASPBERRY/DP/B07PZSC99J
BASICLIST	BASICLIST	amazon.ae	HTTPS://WWW.AMAZON.AE/BASICLIST-MENS-SLEEVE-BASEBALL-SHIRT/DP/B0BQZN6FKM
BASONCBS	BASONCBS	amazon.ae	HTTPS://WWW.AMAZON.AE/BASONCBS-PADDED-TRAVEL-PROTECTIVE-SLIDING/DP/B0BZWL9T55
BATKIHO	BATKIHO	amazon.ae	HTTPS://WWW.AMAZON.AE/BATKIHO-ORGANIZERS-BATHROOM-ORGANIZER-COSMETICS/DP/B0B52WFV98
BATOHO	BATOHO	amazon.ae	HTTPS://WWW.AMAZON.AE/BATOHO-ACTIVITY-STROLLER-LADYBIRD-DISTORTING/DP/B098R6BZW8
BAUFAS	BAUFAS	amazon.ae	HTTPS://WWW.AMAZON.AE/BAUFAS-STANDARD-BRACKET-ULTRA-LIGHT-PORTABLE/DP/B0CNDFDHQV
BAVEEL	BAVEEL	amazon.ae	HTTPS://WWW.AMAZON.AE/MICROPHONE-BAVEEL-360%C2%B0ROTATING-110%C2%B0WIDE-ANGLE-ONLINELEARNING/DP/B09C86LLZK
BAWASEEHI	BAWASEEHI	amazon.ae	HTTPS://WWW.AMAZON.AE/BAWASEEHI-MASQUERADE-MYTHOLOGICAL-VENTIAN-HALLOWEEN/DP/B07K9P6PC7
BAWUIE	BAWUIE	amazon.ae	HTTPS://WWW.AMAZON.AE/BAWUIE-ORGANIZER-ADJUSTABLE-COUNTERTOP-ORGANIZATION/DP/B09PNX1B2V
BAYINBULAK	BAYINBULAK	amazon.ae	HTTPS://WWW.AMAZON.AE/BAYINBULAK-PORTABLE-FOOTBALL-GOAL-CHILDREN/DP/B08J6V6CXC
BAYINBULAK	BAYINBULAK	amazon.ae	HTTPS://WWW.AMAZON.AE/BAYINBULAK-FOLDABLE-FOOTBALL-FIBREGLASS-CHILDREN/DP/B0BNKXD5LF
BAYTING	BAYTING	amazon.ae	HTTPS://WWW.AMAZON.AE/BAYTING-BAMBOO-VANITY-BATHROOM-COUNTER/DP/B0BPL5MJSP
BAZAHEI	BAZAHEI	amazon.ae	HTTPS://WWW.AMAZON.AE/BAZAHEI-TRACTION-STRETCHER-PORTABLE-DECOMPRESSION/DP/B0CQX5L5J8
BBLOOP	BBLOOP	amazon.ae	HTTPS://WWW.AMAZON.AE/INFORMATION-ONLY-SELF-INKING-RUBBER-BBLOOP/DP/B07CRQDD2X
BBSTARZ	BBSTARZ	amazon.ae	HTTPS://WWW.AMAZON.AE/BBSTARZ-SEPARATOR-DISPENSER-SPERATATOR-MEASURING/DP/B08LC581LJ
BBYESE	BBYESE	amazon.ae	HTTPS://WWW.AMAZON.AE/BBYESE-VOLLEYBALL-WATERPROOF-BEGINNERS-COMPETITION/DP/B0B9RXS4R3
BCCPL	BCCPL	amazon.ae	HTTPS://WWW.AMAZON.AE/BCCPL-PLAYPEN-DETACHABLE-CHILDRENS-ENCLOSURE/DP/B0BY8XS1PS
BDKING	BDKING	amazon.ae	HTTPS://WWW.AMAZON.AE/BDKING-TRIMMER-GUILLOTINE-ROUNDER-12-CAPACITY/DP/B09J8Z4C3S
BEALLURE	BEALLURE	amazon.ae	HTTPS://WWW.AMAZON.AE/BEALLURE-DESIGNER-GENUINE-LEATHER-MINIMALIST/DP/B07PXBS94M
BEALLURE	BEALLURE	amazon.ae	HTTPS://WWW.AMAZON.AE/BEALLURE-SHOULDER-FASHION-DESIGNER-HOLIDAYS/DP/B07RVJD69X
BEALUFFE	BEALUFFE	amazon.ae	HTTPS://WWW.AMAZON.AE/BEALUFFE-COMPONENT-AUDIO-VIDEO-COMPOSITE/DP/B07VCT41QV
BEARUN	BEARUN	amazon.ae	HTTPS://WWW.AMAZON.AE/BEARUN-REPLACEMENT-SILICONE-COMPATIBILITY-AUTOMATIC/DP/B07PF5LTFV
BEATTYMAMA	BEATTYMAMA	amazon.ae	HTTPS://WWW.AMAZON.AE/BEATTYMAMA-MICRONEEDLING-DERMAROLLER-MICRONEEDLE-REPLACEABLE/DP/B07NR1884V
BEAUGARDEN	BEAUGARDEN	amazon.ae	HTTPS://WWW.AMAZON.AE/BEAUGARDEN-IRREGULAR-CERAMIC-VASE-WHITE/DP/B0BXKN2LHL
BEAVERVE	BEAVERVE	amazon.ae	HTTPS://WWW.AMAZON.AE/SHOWAY-BEAVERVE-HANGING-DECORATION-CARTBOX01B/DP/B07P3KY9M5
BEBECOM	BEBECOM	amazon.ae	HTTPS://WWW.AMAZON.AE/BEBECOM-GLYCERIN-CREAM-50-ML/DP/B09LC4H3TP
BECAMIO	BECAMIO	amazon.ae	HTTPS://WWW.AMAZON.AE/BECAMIO-HIKVISION-DS-2CD2543G2-ACUSENSE-INTERNATIONAL/DP/B07SGBQC19
BECAPRO	BECAPRO	amazon.ae	HTTPS://WWW.AMAZON.AE/BECAPRO-ADJUSTABLE-DIFFERENT-OPTIONS-BALANCE-EQUIPMENT/DP/B096VF66RN
BECHELN	BECHELN	amazon.ae	HTTPS://WWW.AMAZON.AE/BECHELN-REUSABLE-WATERPROOF-CANCELLING-AIRPLANES/DP/B0DNQ3JLWL
BECKOOL	BECKOOL	amazon.ae	HTTPS://WWW.AMAZON.AE/PORTABLE-BECKOOL-PERSONAL-RECHARGEABLE-BATTERY-BLACK/DP/B074ZNN46Z
BEEAGER	BEEAGER	amazon.ae	HTTPS://WWW.AMAZON.AE/BEEAGER-MICKEY-MINNIE-MOUSE-HEADBAND/DP/B07PPL6GJ5
BEEDECK	BEEDECK	amazon.ae	HTTPS://WWW.AMAZON.AE/BEEDECK-ADJUSTABLE-INCLINE-MULTI-POSITION-DUMBBELLS/DP/B09FSTJ9FQ
BEEDECOR	BEEDECOR	amazon.ae	HTTPS://WWW.AMAZON.AE/BEEDECOR-GLASS-PRESSED-FLOWERS-ARTWORK/DP/B08925M6SC
BEEFETA	BEEFETA	amazon.ae	HTTPS://WWW.AMAZON.AE/BEEFETA-COMPARTMENT-CONTAINERS-MICROWAVABLE-DISHWASHER/DP/B092ZDNJQT
BEEFETA	BEEFETA	amazon.ae	HTTPS://WWW.AMAZON.AE/BEEFETA-125PCS-STORAGE-ABSORBERS-RESEALABLE/DP/B0B1J4H5PG
BEELEEVE	BEELEEVE	amazon.ae	HTTPS://WWW.AMAZON.AE/BEELEEVE-50-PACK-COMPOSTABLE-DISPOSABLE-BAGASSE/DP/B08KTCM4R6
BEENBARKS	BEENBARKS	amazon.ae	HTTPS://WWW.AMAZON.AE/BEENBARKS-ENCLOSURE-FURNITURE-ENTRANCES-NIGHTSTAND/DP/B08NJ8MG56
BEESEALY	BEESEALY	amazon.ae	HTTPS://WWW.AMAZON.AE/BEESEALY-CLOCK-RETRO-CLOCK-DECORATIVE-CLOCK-ROUND-CLOCK-WATERPROOF/DP/B08KD8GN5R
BEEZOK	BEEZOK	amazon.ae	HTTPS://WWW.AMAZON.AE/BEEZOK-LANDSCAPE-LIGHTING-PARADISE-ALUMINUM/DP/B083M2WJLJ
BEHENO	BEHENO	amazon.ae	HTTPS://WWW.AMAZON.AE/BEHENO-Q-HANGER-OUTDOOR-STRING-LIGHTS/DP/B08RXVH379
BEIDELI	BEIDELI	amazon.ae	HTTPS://WWW.AMAZON.AE/BEIDELI-MULTI-FUNCTIONAL-NEWBORNS-TODDLERS-ERGONOMIC/DP/B083PVPV4J
BEIERLI	BEIERLI	amazon.ae	HTTPS://WWW.AMAZON.AE/BEIERLI-RECTANGLE-POLARIZED-SUNGLASSES-GLASSES/DP/B0CSYFRSLX
BEIGEEWY	BEIGEEWY	amazon.ae	HTTPS://WWW.AMAZON.AE/BEIGEEWY-ADHESIVE-BATHROOM-STAINLESS-MOUNTED/DP/B08N4381QK
BEIJITA	BEIJITA	amazon.ae	HTTPS://WWW.AMAZON.AE/BEIJITA-LIGHTWEIGHT-FOLDABLE-WATERPROOF-WEAR-RESISTANT/DP/B09LCZZMVV
BEIKAL	BEIKAL	amazon.ae	HTTPS://WWW.AMAZON.AE/BEIKAL-HIGHLIGHT-COLORING-PROFESSIONAL-HAIRDRESSING/DP/B07F8W5ZHL
BEIKALONE	BEIKALONE	amazon.ae	HTTPS://WWW.AMAZON.AE/BEIKALONE-UNIVERSAL-PRECISION-AUTOMOTIVE-DIAGNOSTIC/DP/B07H5HXNLS
BEINBEAUTY	BEINBEAUTY	amazon.ae	HTTPS://WWW.AMAZON.AE/BEINBEAUTY-SHAKERS-TWIST-ADJUSTABLE-DISPENSER-STAINLESS/DP/B07KNPM3B3
BEIUTAO	BEIUTAO	amazon.ae	HTTPS://WWW.AMAZON.AE/BEIUTAO-LIGHTWEIGHT-UNBREAKABLE-DINNERWARE-DISHWASHER/DP/B091SPWZPX
BEIYASHOPP	BEIYASHOPP	amazon.ae	HTTPS://WWW.AMAZON.AE/BEIYASHOPP-TRI-COLOR-DECORATION-ACCESSORIES-HIGHLANDER/DP/B09SVYYB1G
BEKZILY	BEKZILY	amazon.ae	HTTPS://WWW.AMAZON.AE/BEKZILY-300-POOL-TABLE-CLOTH/DP/B08D7DZTJ6
BELEBOOM	BELEBOOM	amazon.ae	HTTPS://WWW.AMAZON.AE/BELEBOOM-EXERCISE-TRAINING-EQUIPMENT-SUPERIOR/DP/B07MX9LK3V
BELIEFLUO	BELIEFLUO	amazon.ae	HTTPS://WWW.AMAZON.AE/BELIEFLUO-UBIQUITI-MACHINE-COMPATIBLE-UDM-US/DP/B08WWN1S2K
BELIEFLUO	BELIEFLUO	amazon.ae	HTTPS://WWW.AMAZON.AE/BELIEFLUO-GOOGLE-COMPATIBLE-SPEAKER-BRACKET/DP/B094HMLTX2
BELIJA	BELIJA	amazon.ae	HTTPS://WWW.AMAZON.AE/BELIJA-KITCHEN-CLAMSHELL-DUSTPROOF-AESTHETICS/DP/B0C3CFWS6M
BELIUEYES	BELIUEYES	amazon.ae	HTTPS://WWW.AMAZON.AE/BELIUEYES-ROSE-GOLD-BALLOON-GARLAND/DP/B09B6W98QL
BELIUEYES	BELIUEYES	amazon.ae	HTTPS://WWW.AMAZON.AE/BELIUEYES-BLACK-ANNIVERSARY-GRADUATION-BACKGROUND/DP/B09B6VC34G
BELLEGUPPY	BELLEGUPPY	amazon.ae	HTTPS://WWW.AMAZON.AE/BELLEGUPPY-ZESTER-CHEESE-GRATER-STAINLESS/DP/B077Q9NJXN
BELLEMAX	BELLEMAX	amazon.ae	HTTPS://WWW.AMAZON.AE/BELLEMAX-PREMIUM-GLASS-TEA-TRANSPARENT/DP/B09KPGGS9N
BELLOSY	BELLOSY	amazon.ae	HTTPS://WWW.AMAZON.AE/BELLOSY-BIRTHDAY-INVITATIONS-SUPPLIES-DECORATION/DP/B0C54792TN
BEMOOR	BEMOOR	amazon.ae	HTTPS://WWW.AMAZON.AE/BEMOOR-ANNIVERSARY-WEEDING-BOYFRIEND-GIRLFRIEND/DP/B08C78DFQB
BENAVVY	BENAVVY	amazon.ae	HTTPS://WWW.AMAZON.AE/BENAVVY-POLISHING-COMPOUND-AUTOMOTIVE-POLISHER/DP/B07JDK4CS7
BENGMXJ	BENGMXJ	amazon.ae	HTTPS://WWW.AMAZON.AE/BENGMXJ-RECHARGEABLE-FLASHLIGHT-FLASHLIGHTS-EMERGENCIES/DP/B0BY4M6ZLM
BENGMXJ	BENGMXJ	amazon.ae	HTTPS://WWW.AMAZON.AE/BENGMXJ-RECHARGEABLE-FLASHLIGHT-FLASHLIGHTS-EMERGENCIES/DP/B09SD1QM3P
BENITAKU	BENITAKU	amazon.ae	HTTPS://WWW.AMAZON.AE/BENITAKU-SHOE-STORAGE-ORGANIZER-INSTALLATION/DP/B099PSJ2PR
BENKRYFREJA	BENKRYFREJA	amazon.ae	HTTPS://WWW.AMAZON.AE/TRIANGLE-FOLDABLE-MONTESSORI-YEAR-OLD-BENKRYFREJA/DP/B09XQYPTYG
BENNTOP	BENNTOP	amazon.ae	HTTPS://WWW.AMAZON.AE/BENNTOP-INVERTER-VOLTAGE-CONVERTER-MOTORHOME/DP/B0F32H2T4D
BENOOA	BENOOA	amazon.ae	HTTPS://WWW.AMAZON.AE/BENOOA-ACUPRESSURE-ACUPUNCTURE-INSOMNIA-RELAXATION/DP/B07W416FDW
BENOZIT	BENOZIT	amazon.ae	HTTPS://WWW.AMAZON.AE/BENOZIT-RESISTANT-PROTECTIVE-BLACKSMITH-IMPROVEMENT/DP/B07NZVFDKD
BENTMAX	BENTMAX	amazon.ae	HTTPS://WWW.AMAZON.AE/BENTMAX-BLUETOOTH-FUNCTION-STREAMING-SMARTPHONE/DP/B09QJTGTJF
BENYIJS	BENYIJS	amazon.ae	HTTPS://WWW.AMAZON.AE/BENYIJS-FIREWOOD-KINDLING-SPLITTING-REMOVABLE/DP/B09J3NZQTD
BEONER	BEONER	amazon.ae	HTTPS://WWW.AMAZON.AE/BEONER-BOACCY-GLOSSY-COFFIN-BUTTERFLY/DP/B08K45L8YW
BERITLE	BERITLE	amazon.ae	HTTPS://WWW.AMAZON.AE/BERITLE-WASHABLE-18-22-COMMERCIAL/DP/B0B51HPDRD
BERKLIA	BERKLIA	amazon.ae	HTTPS://WWW.AMAZON.AE/BERKLIA-TRANSPARENT-STICKY-NOTES-NOTES%EF%BC%8CWATERPROOF/DP/B09JJNDX3X
BERTHAN	BERTHAN	amazon.ae	HTTPS://WWW.AMAZON.AE/JOE-LEAH-BERTHAN-STAINLESS-SPINNER/DP/B09JLVRPC4
BERTORK	BERTORK	amazon.ae	HTTPS://WWW.AMAZON.AE/BERTORK-CENTURY-MODERN-BIRD-FIGURINES/DP/B0C5M466XB
BESBOMIG	BESBOMIG	amazon.ae	HTTPS://WWW.AMAZON.AE/BESBOMIG-MENS-TWEED-DRIVING-NEWSBOY/DP/B07JJRLTMN
BESBOMIG	BESBOMIG	amazon.ae	HTTPS://WWW.AMAZON.AE/BESBOMIG-STEAMPUNK-SUNGLASSES-POLARISED-PROTECTION/DP/B0DSJ7JPRY
BESEGO	BESEGO	amazon.ae	HTTPS://WWW.AMAZON.AE/BESEGO-AIR-FRYER-LINERS-PERFORATED/DP/B07QBZQ1WY
BESELOA	BESELOA	amazon.ae	HTTPS://WWW.AMAZON.AE/BESELOA-ADAPTER-CONVERTER-PROJECTOR-COMPATIBLE/DP/B0DZNZ8JVX
BESITURE	BESITURE	amazon.ae	HTTPS://WWW.AMAZON.AE/BESITURE-BOOKSHELF-SHELVING-INDUSTRIAL-BOOKCASE/DP/B08T25C5N6
BESLKB	BESLKB	amazon.ae	HTTPS://WWW.AMAZON.AE/BESLKB-ROTATOR-CUFF-PILLOW-SHOULDER/DP/B097T4DYX6
BESTCOSY	BESTCOSY	amazon.ae	HTTPS://WWW.AMAZON.AE/BESTCOSY-BATTERY-OPERATED-PORTABLE-TRANSFER/DP/B0CY44TVNJ
BESTHUNTINER	BESTHUNTINER	amazon.ae	HTTPS://WWW.AMAZON.AE/BESTHUNTINER-SURVIVAL-BLANKET-MULTIFUNCTIONAL-INSULATED/DP/B0BV5QW6CM
BESTHUNTINER	BESTHUNTINER	amazon.ae	HTTPS://WWW.AMAZON.AE/BESTHUNTINER-ALUMINIUM-SURVIVAL-MULTIFUNCTIONAL-REFLECTIVE/DP/B0BV9SPB5N
BESTMARS	BESTMARS	amazon.ae	HTTPS://WWW.AMAZON.AE/BESTMARS-COMPATIBLE-REPLACEMENT-INSTRUCTIONS-PROTECTOR/DP/B07T66Z7ND
BESTUHL	BESTUHL	amazon.ae	HTTPS://WWW.AMAZON.AE/BESTUHL-HOME-OFFICE-DESK-CHAIR/DP/B09MGGFPPL
BETERZACK	BETERZACK	amazon.ae	HTTPS://WWW.AMAZON.AE/BETERZACK-BLACK-HALLOWEEN-SPOOKY-TREES/DP/B0FFB55Z36
BETIDOM	BETIDOM	amazon.ae	HTTPS://WWW.AMAZON.AE/BETIDOM-CORDLESS-RECHARGEABLE-BLEPHARITIS-CHALAZION/DP/B09NTWW52Y
BETLLEMORY	BETLLEMORY	amazon.ae	HTTPS://WWW.AMAZON.AE/BETLLEMORY-ORGANIZERS-WATERPROOF-COMPRESSION-29X19X10CENTIMETERS/DP/B07HMJBSQ7
BETTER18	BETTER18	amazon.ae	HTTPS://WWW.AMAZON.AE/BETTER18-C24-1-OFF-ROAD-HEADLIGHT-CHILDREN/DP/B08D6RJDRS
BETTERCHOI	BETTERCHOI	amazon.ae	HTTPS://WWW.AMAZON.AE/BETTERCHOI-REPLACEMENT-COMPATIBLE-TOOTHBRUSHES-PRECISION/DP/B07V2KSZTL
BETWEEX	BETWEEX	amazon.ae	HTTPS://WWW.AMAZON.AE/BETWEEX-360-DEGREE-PROFESSIONAL-STAINLESS-FINGERNAILS/DP/B07H6HMC4B
BEULPTN	BEULPTN	amazon.ae	HTTPS://WWW.AMAZON.AE/BEULPTN-WEEKENDER-COMPARTMENT-PURPLISH-TOILETRY/DP/B0BP7XXTTW
BEVGO	BEVGO	amazon.ae	HTTPS://WWW.AMAZON.AE/BEVGO-FRUIT-INFUSER-WATER-BOTTLE/DP/B01KJCX61S
BEVISUN	BEVISUN	amazon.ae	HTTPS://WWW.AMAZON.AE/BEVISUN-REUSABLE-INSULATION-INSULATED-METALIZED/DP/B088CWWCF4
BEWELLAERO	BEWELLAERO	amazon.ae	HTTPS://WWW.AMAZON.AE/BEWELLAERO-RECHARGEABLE-ELECTRIC-INFLATABLE-PADDLEBOARDS/DP/B09ZDY7LJF
BEWTHU	BEWTHU	amazon.ae	HTTPS://WWW.AMAZON.AE/BEWTHU/S?K=BEWTHU
BEXBCHH	BEXBCHH	amazon.ae	HTTPS://WWW.AMAZON.AE/BEXBCHH-NEOPRENE-FLOATING-COASTER-HOLDERS/DP/B092VW8NKG
BEYAHELA	BEYAHELA	amazon.ae	HTTPS://WWW.AMAZON.AE/BEYAHELA-PICTURE-WITHOUT-COLLAGE-TABLETOP/DP/B0CJ991YNY
BEYYON	BEYYON	amazon.ae	HTTPS://WWW.AMAZON.AE/BEYYON-MAGNETIC-DASHBOARD-WINDSHIELD-MAGNETS/DP/B07GNKSX71
BEZANO	BEZANO	amazon.ae	HTTPS://WWW.AMAZON.AE/BEZANO-DOLMEN-COMPOST-MIXER-AERATOR/DP/B0050I2FB4
BEZANO	BEZANO	amazon.ae	HTTPS://WWW.AMAZON.AE/BEZANO-INDOOR-CONTROL-DEVICE-RODENTS/DP/B09C8P94MC
BFOEL	BFOEL	amazon.ae	HTTPS://WWW.AMAZON.AE/BFOEL-BOYS-LIGHT-SNEAKERS-BLACK-GREEN/DP/B08KDRS8QD
BGFHOME	BGFHOME	amazon.ae	HTTPS://WWW.AMAZON.AE/BGFHOME-CRYSTAL-CHANGING-%EF%BC%8CROMANTIC-HOUSEWARMING/DP/B09G6LZPGJ
BGOKTA	BGOKTA	amazon.ae	HTTPS://WWW.AMAZON.AE/BGOKTA-HALLOWEEN-PAJAMAS-COSTUME-HOMEWEAR/DP/B0CC4FL52C
BGOOO	BGOOO	amazon.ae	HTTPS://WWW.AMAZON.AE/BGOOO-PROFESSIONAL-ISOLATION-HEADPHONES-SURROUND/DP/B079DLTTZB
BGTLGIO	BGTLGIO	amazon.ae	HTTPS://WWW.AMAZON.AE/BGTLGIO-SCAFFOLDING-COUPLERS-SWIVEL-COUPLERA/DP/B0D6TTZ31S
BHONY	BHONY	amazon.ae	HTTPS://WWW.AMAZON.AE/WATERPROOF-FUNCTION-OUTDOOR-CHRISTMAS-HALLOWEEN/DP/B099VV4NKC
BHUATO	BHUATO	amazon.ae	HTTPS://WWW.AMAZON.AE/UPGRADED-VERSION-BHUATO-PORTABLE-HOUSEHOLD/DP/B07GD9VZH8
BICABBAGY	BICABBAGY	amazon.ae	HTTPS://WWW.AMAZON.AE/BICABBAGY-STOPPER-COLORFUL-NURSERY-DECORATION/DP/B0BGQ9V89D
BICASUU	BICASUU	amazon.ae	HTTPS://WWW.AMAZON.AE/BICASUU-SILICONE-SPATULA-COSMETIC-MULTICOLOR/DP/B08SL4N33F
BICENTPLA	BICENTPLA	amazon.ae	HTTPS://WWW.AMAZON.AE/BICENTPLA-REPLACEMENT-754-04044-754-04044A-954-04044A/DP/B07TMXXTNR
BICZZYIY	BICZZYIY	amazon.ae	HTTPS://WWW.AMAZON.AE/BICZZYIY-HANDHELD-CORDLESS-PORTABLE-KEYBOARD/DP/B098B6TLKX
BIDIHOME	BIDIHOME	amazon.ae	HTTPS://WWW.AMAZON.AE/BIDIHOME-NEWOSTER-490261-REPLACEMENT-ACCESSORY/DP/B07DD66BPF
BIDIHOME	BIDIHOME	amazon.ae	HTTPS://WWW.AMAZON.AE/BIDIHOME-GASKET-REPLACEMENT-COMPATIBLE-NUTRIBULLET/DP/B08LLDTJLG
BIDPONDS	BIDPONDS	amazon.ae	HTTPS://WWW.AMAZON.AE/BIDPONDS-GENUINE-LEATHER-TRIPLE-ZIPPER/DP/B0BXGVMBS3
BIEAR	BIEAR	amazon.ae	HTTPS://WWW.AMAZON.AE/BIEAR-TOUCHLESS-HANDS-FREE-COMMERCIAL-TEMPERATURE/DP/B09Y1GN7RX
BIEAR	BIEAR	amazon.ae	HTTPS://WWW.AMAZON.AE/BIEAR-TOUCHLESS-ACTIVATED-3-FUNCTION-STAINLESS/DP/B09YY9LSKR
BIEBIES	BIEBIES	amazon.ae	HTTPS://WWW.AMAZON.AE/BIEBIES-FOREHEAD-EAR-THERMOMETER-TEMPERATURE/DP/B083TDWB2K
BIENSOUND	BIENSOUND	amazon.ae	HTTPS://WWW.AMAZON.AE/BIENSOUND-HEADPHONES-HW50C-MICROPHONE-SMARTPHONES/DP/B01EORGE9A
BIEWOOS	BIEWOOS	amazon.ae	HTTPS://WWW.AMAZON.AE/BIEWOOS-ORGANIZER-NECKLACES-BRACELET-CARBONIZED/DP/B0832XKDXH
BIFOHEEK	BIFOHEEK	amazon.ae	HTTPS://WWW.AMAZON.AE/BIFOHEEK-REPLACEMENT-ELECTRIC-SCRUBBER-SUITABLE/DP/B0B7VYBFV9
BIFRECHO	BIFRECHO	amazon.ae	HTTPS://WWW.AMAZON.AE/BIFRECHO-MACHINE-AUTOMATIC-COMPACT-REMOVABLE/DP/B083DLP715
BIFRECHO	BIFRECHO	amazon.ae	HTTPS://WWW.AMAZON.AE/BIFRECHO-COMMERCIAL-BPA-FREE-STORAGE-MACHINES/DP/B07VFZV536
BIFULDYO	BIFULDYO	amazon.ae	HTTPS://WWW.AMAZON.AE/BIFULDYO-ELECTRONIC-QUARTZ-INCHES-PATTERN/DP/B07SDPJXXS
BIGHOUGH	BIGHOUGH	amazon.ae	HTTPS://WWW.AMAZON.AE/BIGHOUGH-MULTI-TOOL-FLASHLIGHT-MULTI-PLIERS-SCREWDRIVER/DP/B09P9PTGQ1
BIGXIAN	BIGXIAN	amazon.ae	HTTPS://WWW.AMAZON.AE/BIGXIAN-HOODED-COSTUME-HALLOWEEN-COSTUMES/DP/B0C3J7LJ4P
BIGXIAN	BIGXIAN	amazon.ae	HTTPS://WWW.AMAZON.AE/BIGXIAN-LENGTH-HALLOWEEN-CHRISTMAS-COSTUMES/DP/B073RK9GQR
BIILAFLOR	BIILAFLOR	amazon.ae	HTTPS://WWW.AMAZON.AE/BIILAFLOR-PORTABLE-CHARGING-DIMMABLE-CHANGING/DP/B07SM6G1PD
BIJOOT	BIJOOT	amazon.ae	HTTPS://WWW.AMAZON.AE/BIJOOT-LIVINGROOM-DETACHABLE-HOUSEHOLD-CLEANING/DP/B0CNLRQPSF
BIKATHLON	BIKATHLON	amazon.ae	HTTPS://WWW.AMAZON.AE/BIKATHLON-MOUNTAIN-ALUMINUM-INCLUDED-SHIFTING/DP/B09X7GTCX1
BIKSSARTI	BIKSSARTI	amazon.ae	HTTPS://WWW.AMAZON.AE/BIKSSARTI-YOGA-MAT-BAG-JUNGLE/DP/B0CFKD5XLY
BIKUER	BIKUER	amazon.ae	HTTPS://WWW.AMAZON.AE/BIKUER-HANDHELD-WIRELESS-BATTERIES-HOUSEHOLD/DP/B0BB7KRBSX
BILIMILY	BILIMILY	amazon.ae	HTTPS://WWW.AMAZON.AE/BILIMILY-SILENT-BASKETBALL-UPGRADED-DRIBBLING/DP/B0D4MGBGYX
BILIPLE	BILIPLE	amazon.ae	HTTPS://WWW.AMAZON.AE/BILIPLE-TRADING-DIVIDERS-DRAWERS-STORAGE/DP/B0DK2TTYL5
BILLAMB	BILLAMB	amazon.ae	HTTPS://WWW.AMAZON.AE/BILLAMB-STAINLESS-SUITABLE-VEGETABLES-LARGE-SIZED/DP/B0C7CV5CQR
BILLKAQ	BILLKAQ	amazon.ae	HTTPS://WWW.AMAZON.AE/BILLKAQ-WIRELESS-ADJUSTABLE-COMPATIBLE-SMARTPHONE/DP/B08GHFKDYL
BILLROAD	BILLROAD	amazon.ae	HTTPS://WWW.AMAZON.AE/BILLROAD-METAL-BIFOLD-DOOR-LOCK/DP/B09F8JLGJY
BILSAV	BILSAV	amazon.ae	HTTPS://WWW.AMAZON.AE/BILSAV-FARMHOUSE-CHANDELIER-HANGING-PENDANT/DP/B0C66K16PT
BIMUVA	BIMUVA	amazon.ae	HTTPS://WWW.AMAZON.AE/BIMUVA-ELECTRIC-BLUETOOTH-PROTABLE-POSITIONS/DP/B0DCJXX13F
BIMUVA	BIMUVA	amazon.ae	HTTPS://WWW.AMAZON.AE/ELECTRIC-INFANTS-BLUETOOTH-PROTABLE-POSITIONS/DP/B0DCJXX13F
BINGXMF	BINGXMF	amazon.ae	HTTPS://WWW.AMAZON.AE/BINGXMF-NITRO-SPEED-POWER-ADULTS/DP/B0D4HPW17N
BINICHIC	BINICHIC	amazon.ae	HTTPS://WWW.AMAZON.AE/MARTEX-1C02542-BINICHIC-TERRACOTTA-COMFORTER/DP/B01058DNHI
BINICRD	BINICRD	amazon.ae	HTTPS://WWW.AMAZON.AE/BINICRD-CONTROLLER-WIRELESS-GAMEPAD-COMPATIBLE/DP/B0BG5L7WZY
BINSHUN	BINSHUN	amazon.ae	HTTPS://WWW.AMAZON.AE/BINSHUN-CYCLING-SHOES-PELOTON-RACING/DP/B08R8T53V4
BINVERTAOCIER	BINVERTAOCIER	amazon.ae	HTTPS://WWW.AMAZON.AE/BINVERTAOCIER-BOHEMIA-DINNERWARE-COLORFUL-HOUSEWARMING/DP/B0CN8SBRHY
BIOWINA	BIOWINA	amazon.ae	HTTPS://WWW.AMAZON.AE/BIOWINA-PARKING-REFLECTIVE-STOPPER-22INCHES/DP/B0B68D1T3N
BIRITY	BIRITY	amazon.ae	HTTPS://WWW.AMAZON.AE/BIRITY-STRAW-WIDE-REUSABLE-DRINKING-SMOOTHIE/DP/B0CZ9R162K
BISHKJOK	BISHKJOK	amazon.ae	HTTPS://WWW.AMAZON.AE/BISHKJOK-ACTIVATED-HOMELIFE-ANYWHERE-OPERATED/DP/B0B44VGV9T
BISNICK	BISNICK	amazon.ae	HTTPS://WWW.AMAZON.AE/BISNICK-PICKLEBALL-APPROVED-CARRYING-BEGINNERS/DP/B0CSW7V11Z
BITFINIC	BITFINIC	amazon.ae	HTTPS://WWW.AMAZON.AE/BITFINIC-PORTABLE-PERCUSSION-HIGH-INTENSITY-RECHARGEABLE/DP/B0999LTSVS
BITLIFUN	BITLIFUN	amazon.ae	HTTPS://WWW.AMAZON.AE/BITLIFUN-HANGING-LETTERS-ARTIFICIAL-DECOR%EF%BC%8CFARMHOUSE/DP/B092CMBD6F
BITMEE	BITMEE	amazon.ae	HTTPS://WWW.AMAZON.AE/BITMEE-TODDLER-ERGONOMIC-ECO-FRIENDLY-DURABLE/DP/B08L224L4W
BITOWAT	BITOWAT	amazon.ae	HTTPS://WWW.AMAZON.AE/BITOWAT-INCUBATOR-FULLY-AUTOMATIC-CHICKEN/DP/B0983YJWL3
BIUHOREY	BIUHOREY	amazon.ae	HTTPS://WWW.AMAZON.AE/BIUHOREY-PROTEIN-CORRECTING-STRAIGHTENING-MAIGOOLE/DP/B0BRPBTJTZ
BIUTTIF	BIUTTIF	amazon.ae	HTTPS://WWW.AMAZON.AE/BIUTTIF-CONDITIONER-COVER-OUTSIDE-UNITS/DP/B0B81XW5XR
BIVIZKU	BIVIZKU	amazon.ae	HTTPS://WWW.AMAZON.AE/BIVIZKU-PORTABLE-COLLAPSIBLE-35-4X15-7X55-CLOTHESPINS/DP/B0BYSL2SVK
BJMEDYM	BJMEDYM	amazon.ae	HTTPS://WWW.AMAZON.AE/BJMEDYM-GLASSESWARE-DRINKING-GLASSWARE-COCKTAIL/DP/B0BYJRJ4P4
BJONKZ	BJONKZ	amazon.ae	HTTPS://WWW.AMAZON.AE/BJONKZ-COMPLETE-EVERYTHING-DISPOSABLE-PRE-PUNCHED/DP/B0B6ZTZQPV
BKTD	BKTD	amazon.ae	HTTPS://WWW.AMAZON.AE/BKTD-IRONING-RESISTANT-NON-SLIP-FOLDABLE/DP/B08ZNW8FP8
BLACKSWERN	BLACKSWERN	amazon.ae	HTTPS://WWW.AMAZON.AE/BLACKSWERN-GLUELESS-BLOWOUT-FEATHERED-SYNTHETIC/DP/B0BG89V4SR
BLDMR	BLDMR	amazon.ae	HTTPS://WWW.AMAZON.AE/BLDMR-PROP-MNEY-100-PCS/DP/B0BG932ZQ1
BLEAKTEIR	BLEAKTEIR	amazon.ae	HTTPS://WWW.AMAZON.AE/BLEAKTEIR-PROTECTOR-NOISELESS-COMPATIBLE-SEMITRANSPARENT-WHITE/DP/B07SC3YJLJ
BLEMOACHA	BLEMOACHA	amazon.ae	HTTPS://WWW.AMAZON.AE/BLEMOACHA-KITCHEN-STAINLESS-BATHROOM-POLISHED/DP/B099ZQYGQM
BLEOAVRE	BLEOAVRE	amazon.ae	HTTPS://WWW.AMAZON.AE/BLEOAVRE-VOCALOID02-KAGAMINE-COSPLAY-HALLOWEEN/DP/B0BLYPMC8V
BLIENCE	BLIENCE	amazon.ae	HTTPS://WWW.AMAZON.AE/BLIENCE-SQUARE-TISSUE-BOX-COVER/DP/B0BP77X8XR
BLIIFUU	BLIIFUU	amazon.ae	HTTPS://WWW.AMAZON.AE/BLIIFUU-MOTORCYCLE-BLUETOOTH-CONTROLLERS-ATMOSPHERE/DP/B07PVHN5YZ
BLISSVENT	BLISSVENT	amazon.ae	HTTPS://WWW.AMAZON.AE/BLISSVENT-HYGIE-RINSE-TOTOTHU004-CP-ST701CST854884/DP/B08NPTMVVG
BLKGJTF	BLKGJTF	amazon.ae	HTTPS://WWW.AMAZON.AE/BLKGJTF-J2534-CABLE-TOYOTA-TECHSTREAM/DP/B0BV2XB5KG
BLOBABE	BLOBABE	amazon.ae	HTTPS://WWW.AMAZON.AE/CHAINSAW-SHARPENER-PORTABLE-UNIVERSAL-SHARPENING/DP/B07XJBLVR7
BLOBUSTE	BLOBUSTE	amazon.ae	HTTPS://WWW.AMAZON.AE/BLOBUSTE-INJURIES-REUSABLE-FLEXIBLE-COMPRESS/DP/B0BZYTYZQM
BLOBUSTE	BLOBUSTE	amazon.ae	HTTPS://WWW.AMAZON.AE/BLOBUSTE-SHOULDERS-REUSABLE-COMPRESS-SWELLING/DP/B0BZYJXFDS
BLOBUSTE	BLOBUSTE	amazon.ae	HTTPS://WWW.AMAZON.AE/BLOBUSTE-INJURIES-REUSABLE-FLEXIBLE-INFLAMMATION/DP/B0BZRMYXP5
BLOBUSTE	BLOBUSTE	amazon.ae	HTTPS://WWW.AMAZON.AE/BLOBUSTE-REUSABLE-ICE-PACKS-COOLER/DP/B0CFX9FMKF
BLOFUN	BLOFUN	amazon.ae	HTTPS://WWW.AMAZON.AE/BLOFUN-BEDROOM-BLUETOOTH-CHANGING-DECORATION/DP/B0982VQL38
BLUENIYA	BLUENIYA	amazon.ae	HTTPS://WWW.AMAZON.AE/BLUENIYA-TERMEH-ELEGANCE-TABLECLOTH-RECTANGLE/DP/B0CRVHGBK2
BLUEPLE	BLUEPLE	amazon.ae	HTTPS://WWW.AMAZON.AE/BLUEPLE-RECHARGEABLE-COLORS-EMAZING-SPARKLE/DP/B08WJYJP6D
BLUETTEK	BLUETTEK	amazon.ae	HTTPS://WWW.AMAZON.AE/BLUETTEK-MODERN-SIMPLE-GEOMETRIC-BTK65-0440/DP/B01M1KS9JH
BLUMOKER	BLUMOKER	amazon.ae	HTTPS://WWW.AMAZON.AE/BLUMOKER-GENERATOR-ACCESSORY-VEGETABLE-STAINLESS/DP/B0B5QVXKTK
BLUNOA	BLUNOA	amazon.ae	HTTPS://WWW.AMAZON.AE/BLUNOA-ROASTING-STAINLESS-ROASTERS-HOUSEHOLD/DP/B0BSGYQJRX
BLUNOA	BLUNOA	amazon.ae	HTTPS://WWW.AMAZON.AE/BLUNOA-ELECTRIC-TEMPERATURE-ADJUSTABLE-STAINLESS/DP/B0C5LRBD2D
BLWGROW	BLWGROW	amazon.ae	HTTPS://WWW.AMAZON.AE/BLWGROW-MIRROR-REPLACEMENT-MIRRORS-CARBON/DP/B0CCH7JX76
BLYPHOO	BLYPHOO	amazon.ae	HTTPS://WWW.AMAZON.AE/BLYPHOO-SHOWER-BARRIER-THRESHOLD-STOPPER/DP/B0BZBX6KGB
BLYPHOO	BLYPHOO	amazon.ae	HTTPS://WWW.AMAZON.AE/BLYPHOO-METAL-COAT-RACK-STANDING/DP/B0BX36BXQ3
BLYPHOO	BLYPHOO	amazon.ae	HTTPS://WWW.AMAZON.AE/BLYPHOO-LEATHER-BLOCKING-MINIMALIST-CAPACITY/DP/B0CM63JSQQ
BLYPHOO	BLYPHOO	amazon.ae	HTTPS://WWW.AMAZON.AE/BLYPHOO-MENS-LEATHER-WALLETS-BLOCKING/DP/B0C4NLZKML
BMUUPY	BMUUPY	amazon.ae	HTTPS://WWW.AMAZON.AE/BMUUPY-ACCESSORIES-CARRYING-WATERPROOF-PROTECTOR/DP/B08FD7Y9DR
BNBKIKO	BNBKIKO	amazon.ae	HTTPS://WWW.AMAZON.AE/BNBKIKO-COMPATIBLE-AIRPODS-SILICONE-SUITABLE/DP/B08NPG972X
BNMXTEK	BNMXTEK	amazon.ae	HTTPS://WWW.AMAZON.AE/BNMXTEK-ADAPTER-MICROSD-COMPACT-PICTURE/DP/B0DKF58NF7
BNZAQ	BNZAQ	amazon.ae	HTTPS://WWW.AMAZON.AE/BNZAQ-FISH-TANK-AQUARIUM-HEATER/DP/B07RM4YM8P
BOAIEIRSA	BOAIEIRSA	amazon.ae	HTTPS://WWW.AMAZON.AE/BOAIEIRSA-PROFESSIONAL-CARRYING-BATTERY-REPLACEMENT/DP/B0C7468TSH
BOAIEIRSA	BOAIEIRSA	amazon.ae	HTTPS://WWW.AMAZON.AE/BOAIEIRSA-OPENER-CLOSER%EF%BC%8C-WATCHMAKE%EF%BC%8C-REPAIR/DP/B0BPHD71PC
BOBILIKE	BOBILIKE	amazon.ae	HTTPS://WWW.AMAZON.AE/BOBILIKE-PLUSH-BUNNY-COSTUME-CHRISTMAS/DP/B07FM1HX86
BOBOCAWA	BOBOCAWA	amazon.ae	HTTPS://WWW.AMAZON.AE/BOBOCAWA/S?K=BOBOCAWA
BOCASE	BOCASE	amazon.ae	HTTPS://WWW.AMAZON.AE/BOCASE-TODDLER-TOOL-SET-ELECTRIC/DP/B0BDT5PTNP
BOCASE	BOCASE	amazon.ae	HTTPS://WWW.AMAZON.AE/NBD-CORP-BOCASE-TOOLS-BUILDING/DP/B07CK1FYHQ
BOCHANI	BOCHANI	amazon.ae	HTTPS://WWW.AMAZON.AE/BOCHANI-AUTO-FOCUS-SUPPLEMENTAL-EXCELLENT-CONFERENCING/DP/B08L5XYWXS
BODQEMR	BODQEMR	amazon.ae	HTTPS://WWW.AMAZON.AE/BODQEMR-TOUCHLESS-AUTOMATIC-ACTIVATED-HANDS-FREE/DP/B09MVT81KS
BOEALZHL	BOEALZHL	amazon.ae	HTTPS://WWW.AMAZON.AE/BOEALZHL-PICKLEBALL-GRAPHITE-HONEYCOMB-COMPOSITE/DP/B07HRL83WL
BOEEA	BOEEA	amazon.ae	HTTPS://WWW.AMAZON.AE/BOEEA-REPLACEMENT-CHARGER-CHARGING-ADAPTER/DP/B0CWY1STJ4
BOESHIBA	BOESHIBA	amazon.ae	HTTPS://WWW.AMAZON.AE/BOESHIBA-JACQUARD-OTTOMAN-SLIPCOVERS-PROTECTOR/DP/B0CKJ6MMHS
BOGALEN	BOGALEN	amazon.ae	HTTPS://WWW.AMAZON.AE/BOGALEN-ADJUSTABLE-BADMINTON-VOLLEYBALL-PORTABLE/DP/B074LH7SRL
BOHOFAM	BOHOFAM	amazon.ae	HTTPS://WWW.AMAZON.AE/BOHOFAM-ESSENTIAL-DIFFUSER-HUMIDIFIER-COLLECTION/DP/B0B9NQ7CMH
BOKEEDO	BOKEEDO	amazon.ae	HTTPS://WWW.AMAZON.AE/BOKEEDO-GROW-LIGHTS-INDOOR-PLANTS/DP/B09SFP51C1
BOLATUS	BOLATUS	amazon.ae	HTTPS://WWW.AMAZON.AE/BOLATUS-RUBBER-VALVES-TR413-VALVE/DP/B08QZD3MSK
BOLEEFUN	BOLEEFUN	amazon.ae	HTTPS://WWW.AMAZON.AE/BOLEEFUN-MULTI-FUNCTIONAL-GRILLING-ACCESSORY-PLATFORM/DP/B08K4677XW
BOLEEFUN	BOLEEFUN	amazon.ae	HTTPS://WWW.AMAZON.AE/BOLEEFUN-CHARCOAL-VERTICAL-OUTDOOR-SMOKERS/DP/B08K4DMS8Z
BOLERPE	BOLERPE	amazon.ae	HTTPS://WWW.AMAZON.AE/BOLERPE-WOMENS-BOHEMIAN-NECKLACE-H047-048/DP/B07FMYT1J2
BOMACH	BOMACH	amazon.ae	HTTPS://WWW.AMAZON.AE/BOMACH-EXPANDABLE-FLEXIBLE-EXPANDING-BLACK-ORANGE/DP/B08HD2921Z
BOMAZ	BOMAZ	amazon.ae	HTTPS://WWW.AMAZON.AE/BOMAZ-BN59-01312A-UNIVERSAL-CONTROL-BLUETOOTH/DP/B09G2NXZ61
BOMEIQEE	BOMEIQEE	amazon.ae	HTTPS://WWW.AMAZON.AE/BOMEIQEE-COMPUTER-CURRENCY-BITCOIN-ACCESSORIES/DP/B09CNG58R1
BOMFLORE	BOMFLORE	amazon.ae	HTTPS://WWW.AMAZON.AE/BOMFLORE-MILITARY-ISO7816-COMPATIBLE-10-6-10-10/DP/B09Z2N5SDL
BOMFLORE	BOMFLORE	amazon.ae	HTTPS://WWW.AMAZON.AE/BOMFLORE-PROGRAMMER-MILITARY-ISO7816-COMPATIBLE/DP/B09Y58JC2L
BOMID	BOMID	amazon.ae	HTTPS://WWW.AMAZON.AE/BOMID-ZLCHAIR-NURSERY-BOOKSHELVES-FLOATING/DP/B09PLL96V6
BONADECOR	BONADECOR	amazon.ae	HTTPS://WWW.AMAZON.AE/BONADECOR-HALLOWEEN-INFLATABLES-GHOST-SELF-INFLATING/DP/B0B4WW75YL
BONBEEDESIGN	BONBEEDESIGN	amazon.ae	HTTPS://WWW.AMAZON.AE/BONBEEDESIGN-SCIENCE-PARTY-FAVORS-STICKERS/DP/B08YXHZM43
BONBELONG	BONBELONG	amazon.ae	HTTPS://WWW.AMAZON.AE/BONBELONG-PORTABLE-BLUETOOTH-PLAYBACK-SUITABLE/DP/B0DDXWCV46
BONBELONG	BONBELONG	amazon.ae	HTTPS://WWW.AMAZON.AE/BONBELONG-HEADPHONES-MICROPHONE-COMPATIBLE-SAMSUNG/DP/B0D45DV1GZ
BONBELONG	BONBELONG	amazon.ae	HTTPS://WWW.AMAZON.AE/BONBELONG-MICROFIBER-REPLACEMENT-COMPATIBLE-S86-SF-CC/DP/B09833TG1Z
BONCERAM	BONCERAM	amazon.ae	HTTPS://WWW.AMAZON.AE/BONCERAM-LARGE-CERAMIC-COFFEE-MUG/DP/B08T14CVMQ
BONFQERT	BONFQERT	amazon.ae	HTTPS://WWW.AMAZON.AE/BONFQERT-T20-SIDE-LIGHT-7443/DP/B0CLRKD7X3
BONOOL	BONOOL	amazon.ae	HTTPS://WWW.AMAZON.AE/BONOOL-TROUSERS-REGULAR-CLASSIC-SIMPLE/DP/B0CNPCD38X
BONSEK	BONSEK	amazon.ae	HTTPS://WWW.AMAZON.AE/BONSEK-OVERNIGHT-EXTRA-TOTAL-COUNT/DP/B07HZ3SJZ1
BONSEM	BONSEM	amazon.ae	HTTPS://WWW.AMAZON.AE/BONSEM-TRAINING-BOXING-TAEKWONDO-GLOVES/DP/B088FHHJ1R
BONVIGOR	BONVIGOR	amazon.ae	HTTPS://WWW.AMAZON.AE/BONVIGOR-MATERNITY-LEGGINGS-WORKOUT-RUNNING/DP/B0CDXW6GLN
BOOBAALOO	BOOBAALOO	amazon.ae	HTTPS://WWW.AMAZON.AE/BOOBAALOO-PADDING-AIRPLANE-COMPLIANT-LUGGAGE/DP/B07MVVFGJ9
BOOMYOU	BOOMYOU	amazon.ae	HTTPS://WWW.AMAZON.AE/BOOMYOU-PROTRACTOR-TRIANGLE-TRIANGULAR-MEASUREMENT/DP/B07G321G4C
BOORISS	BOORISS	amazon.ae	HTTPS://WWW.AMAZON.AE/DOGNNAK-BOORISS-INSTRUCTION-BRACELET-CRAFTING/DP/B09XDP2QP2
BOOSOLO	BOOSOLO	amazon.ae	HTTPS://WWW.AMAZON.AE/BOOSOLO-SUPPLIES-GUEST-INCLUDE-DISPOSABLE-BACHELORETTE/DP/B08TBDTZJF
BORELTH	BORELTH	amazon.ae	HTTPS://WWW.AMAZON.AE/ORGANIC-NATURAL-EXFOLIATING-COCONUT-VITAMIN/DP/B01BECW9N8
BORNBAY	BORNBAY	amazon.ae	HTTPS://WWW.AMAZON.AE/BORNBAY-COTTON-OVERSIZED-BEACH-TOWEL/DP/B09THFTYDY
BORVIN	BORVIN	amazon.ae	HTTPS://WWW.AMAZON.AE/BORVIN-H2-PORTABLE-BLUETOOTH-RESISTANT-MICROPHONE/DP/B092RPQVY5
BOSENHULU	BOSENHULU	amazon.ae	HTTPS://WWW.AMAZON.AE/BOSENHULU-CHARGING-HALLOWEEN-LUMINOUS-TRAINERS/DP/B0C6JSR5DR
BOSENHULU	BOSENHULU	amazon.ae	HTTPS://WWW.AMAZON.AE/BOSENHULU-FASHION-SNEAKERS-WALKING-ACTIVITIES/DP/B0D31LJGNF
BOSGLADEK	BOSGLADEK	amazon.ae	HTTPS://WWW.AMAZON.AE/BOSGLADEK-MOTORIZED-RECHARGABLE-PHOTOGRAPHY-LIVESTREAM/DP/B0CJXSLJL1
BOSGLADEK	BOSGLADEK	amazon.ae	HTTPS://WWW.AMAZON.AE/BOSGLADEK-HEADGUARDS-FOOTBALL-HEADGUARD-PROTECTION/DP/B09B4XH27L
BOSGLADEK	BOSGLADEK	amazon.ae	HTTPS://WWW.AMAZON.AE/BOSGLADEK-LED-ELECTRONIC-PHOTOGRAPHY-LIVESTREAM/DP/B0C9CGJ4K6
BOSIWO	BOSIWO	amazon.ae	HTTPS://WWW.AMAZON.AE/OUTDOOR-SECURITY-WEATHERPROOF-DETECTION-COMPATIBLE/DP/B07HRN6DBN
BOSQUEEN	BOSQUEEN	amazon.ae	HTTPS://WWW.AMAZON.AE/BOSQUEEN/S?K=BOSQUEEN
BOSQUEEN	BOSQUEEN	amazon.ae	HTTPS://WWW.AMAZON.AE/BOSQUEEN-FURNITURE-SLIDERS-APPLIANCE-LIFTING/DP/B07FBX4QXX
BOSTTOR	BOSTTOR	amazon.ae	HTTPS://WWW.AMAZON.AE/BOSTTOR-BLUETOOTH-HEADLAMP-HEADPHONES-SPEAKER/DP/B08HKC24QQ
BOTEFEI	BOTEFEI	amazon.ae	HTTPS://WWW.AMAZON.AE/BOTEFEI-STAINLESS-CHAINMAIL-SCRUBBER-PRE-SEASONED/DP/B07QGC4X4Y
BOTOKON	BOTOKON	amazon.ae	HTTPS://WWW.AMAZON.AE/BOTOKON-SEALING-OCTAGON-MELTING-BEADS001/DP/B07H6VM712
BOUTIRAY	BOUTIRAY	amazon.ae	HTTPS://WWW.AMAZON.AE/BOUTIRAY-AGGRESSIVE-INDESTRUCTIBLE-INTERACTIVE-TEETHING/DP/B0BTYCSMN3
BOVBAZO	BOVBAZO	amazon.ae	HTTPS://WWW.AMAZON.AE/CAT-SCRATCH-FURNITURE-PROTECTORS-SCRATCHING/DP/B0B1QKZ28F
BOVIVANEN	BOVIVANEN	amazon.ae	HTTPS://WWW.AMAZON.AE/MHWTS-BOVIVANEN-CHARGER-UNIVERSAL-CONNECTOR/DP/B0BCGKWVYZ
BOWAVAT	BOWAVAT	amazon.ae	HTTPS://WWW.AMAZON.AE/BOWAVAT-FRINGE-MICROFIBER-BREATHABLE-CLOSURE/DP/B08S7DP9L1
BOWEIQI	BOWEIQI	amazon.ae	HTTPS://WWW.AMAZON.AE/BOWEIQI-BADMINTON-LIGHTWEIGHT-BEGINNERS-INTERMEDIATE/DP/B0BS8PVYM4
BOWKA	BOWKA	amazon.ae	HTTPS://WWW.AMAZON.AE/BOWKA-WARMWHITE-BATTERIE-WATERPROOF-CHRISTMAS/DP/B07VHPCZGL
BOXEDHOME	BOXEDHOME	amazon.ae	HTTPS://WWW.AMAZON.AE/BOXEDHOME-PLASTIC-NESTING-MICROWAVE-DISHWASHER/DP/B0CFX3LQ9K
BOYKIM	BOYKIM	amazon.ae	HTTPS://WWW.AMAZON.AE/BOYKIM-20000LUMENS-WATERPROOF-ADJUSTABLE-CONSTRUCTION/DP/B0C8G43JPV
BOYKIM	BOYKIM	amazon.ae	HTTPS://WWW.AMAZON.AE/BOYKIM-CEILING-19-7INCH-DIMMABLE-DECORATIVE/DP/B0CHVFWHHF
BOYKIM	BOYKIM	amazon.ae	HTTPS://WWW.AMAZON.AE/BOYKIM-20000LUMENS-PORTABLE-ADJUSTABLE-CONSTRUCTION/DP/B0C8G43JPV
BOYKIM	BOYKIM	amazon.ae	HTTPS://WWW.AMAZON.AE/BOYKIM-CABINET-RECHARGEABLE-NIGHTLIGHT-CUPBOARD/DP/B0BKVM2VPJ
BOYORC	BOYORC	amazon.ae	HTTPS://WWW.AMAZON.AE/BOYORC-BUILDING-ARTIFICIAL-TEENAGERS-CHILDREN/DP/B0CT2R4Y1L
BOZKAA	BOZKAA	amazon.ae	HTTPS://WWW.AMAZON.AE/BOZKAA-COASTERS-GLASSES-SILICONE-DESIGN/DP/B09P5Y3166
BOZTX	BOZTX	amazon.ae	HTTPS://WWW.AMAZON.AE/MUSICAL-LEARNING-ELEPHANT-CHRISTMAS-BIRTHDAY/DP/B09CM1ZKR4
BPAGO	BPAGO	amazon.ae	HTTPS://WWW.AMAZON.AE/BPAGO-ELEPHANT-DECORATIVE-VERSAILLES-FANERSAIGONG-A009-30%C3%9745/DP/B01H85IOX4
BQYPOWER	BQYPOWER	amazon.ae	HTTPS://WWW.AMAZON.AE/BQYPOWER-HANDHELD-VACUUM-RECHARGEABLE-ACCESSORIES/DP/B0F9WTL2RP
BRA1NST0RM	BRA1NST0RM	amazon.ae	HTTPS://WWW.AMAZON.AE/BRA1NST0RM-GENUINE-LEATHER-MESSENGER-BAG/DP/B07KPT3WDZ
BRAVEYCZC	BRAVEYCZC	amazon.ae	HTTPS://WWW.AMAZON.AE/BRAVEYCZC-2U-16-DEEP%EF%BC%8CWEIGHT-50LB%EF%BC%8CBLACK/DP/B0B5WSJ8BW
BRECLAR	BRECLAR	amazon.ae	HTTPS://WWW.AMAZON.AE/BRECLAR-SAMSUNG-GALAXY-FOLD-ALL-INCLUSIVE/DP/B0BBBQ3T8J
BRECLAR	BRECLAR	amazon.ae	HTTPS://WWW.AMAZON.AE/BRECLAR-SAMSUNG-PROTECTION-PLATING-ALL-INCLUSIVE/DP/B0B8S3JJS1
BRECLAR	BRECLAR	amazon.ae	HTTPS://WWW.AMAZON.AE/BRECLAR-SAMSUNG-GALAXY-FOLD-ALL-INCLUSIVE/DP/B0BB9RXHC6
BREJKDO	BREJKDO	amazon.ae	HTTPS://WWW.AMAZON.AE/BREJKDO-LUMINOUS-RECHARGEABLE-FESTIVAL-HALLOWEEN/DP/B0D8HQMPW4
BREJKDO	BREJKDO	amazon.ae	HTTPS://WWW.AMAZON.AE/BREJKDO-PERFECT-FESTIVALS-HALLOWEEN-COSTUME/DP/B0BZP3R34P
BRENKUMOTY	BRENKUMOTY	amazon.ae	HTTPS://WWW.AMAZON.AE/BRENKUMOTY-ANCHOR-ACCESSORIES-PLATFORM-ANCHORS/DP/B0BBH8YDLF
BRENKUMOTY	BRENKUMOTY	amazon.ae	HTTPS://WWW.AMAZON.AE/BRENKUMOTY-SECURITY-OUTDOOR-20000MAH-RECHARGEABLE/DP/B0B9T3VCNN
BRICOBE	BRICOBE	amazon.ae	HTTPS://WWW.AMAZON.AE/BRICOBE-PAW-PRINT-STAMP-CHART/DP/B08SPX4Z59
BRIIWII	BRIIWII	amazon.ae	HTTPS://WWW.AMAZON.AE/BRIIWII-TOPPERS-EUROPEAN-THINNING-NATURAL/DP/B09BYXGGXR
BRIIWII	BRIIWII	amazon.ae	HTTPS://WWW.AMAZON.AE/BRIIWII-TOPPERS-SILKTOP-THINNING-NATURAL/DP/B093W23W8H
BRIIWII	BRIIWII	amazon.ae	HTTPS://WWW.AMAZON.AE/BRIIWII-TOPPERS-EUROPEAN-THINNING-NATURAL/DP/B0B1D4RY82
BRILLABOO	BRILLABOO	amazon.ae	HTTPS://WWW.AMAZON.AE/BRILLABOO-ORGANIC-HEALTHY-HYPOALLERGENIC-SENSITIVE/DP/B089N6WVWM
BRILLABOO	BRILLABOO	amazon.ae	HTTPS://WWW.AMAZON.AE/BRILLABOO-ORGANIC-HEALTHY-HYPOALLERGENIC-SENSITIVE/DP/B089NJ429C
BRILLENTI	BRILLENTI	amazon.ae	HTTPS://WWW.AMAZON.AE/BRILLENTI-FERMENTATION-WATERLESS-FERMENTING-AUTOMATICALLY/DP/B07JMNMZN2
BRLJUNEO	BRLJUNEO	amazon.ae	HTTPS://WWW.AMAZON.AE/BRLJUNEO-MECHANIC-LOCKABLE-INDUSTRIAL-WAREHOUSE/DP/B0C9Z6SMHH
BRNEWO	BRNEWO	amazon.ae	HTTPS://WWW.AMAZON.AE/BRNEWO-BLUETOOTH-HEADPHONES-WIRELESS-SUBWOOFER/DP/B09DT1BPJ2
BRONEVO	BRONEVO	amazon.ae	HTTPS://WWW.AMAZON.AE/BRONEVO-CENTRIC-56-1MM-ALUMINIUM-HUBRINGS/DP/B0BNBJLPNB
BROOJO	BROOJO	amazon.ae	HTTPS://WWW.AMAZON.AE/BROOJO-IRREGULAR-ASYMMETRICAL-BATHROOM-ENTRYWAY/DP/B0B68PW43W
BRTBEE	BRTBEE	amazon.ae	HTTPS://WWW.AMAZON.AE/BRTBEE-IRREGULAR-ASHTRAY-UNIQUE-DECORATIVE-ASHTRAY/DP/B08F322XFC
BRVATOE	BRVATOE	amazon.ae	HTTPS://WWW.AMAZON.AE/BRVATOE-DIGITAL-1920X1080-EFFORTLESS-INSTANTLY/DP/B09DLDM5Q1
BRZOXIN	BRZOXIN	amazon.ae	HTTPS://WWW.AMAZON.AE/BRZOXIN-UNIVERSAL-CATALYTIC-CONVERTER-83166/DP/B0B7QJ259N
BSARTE	BSARTE	amazon.ae	HTTPS://WWW.AMAZON.AE/BSARTE-FOLDING-WOODFIRE-OUTDOOR-GRILLS/DP/B0CRYSL29N
BSTYHOME	BSTYHOME	amazon.ae	HTTPS://WWW.AMAZON.AE/STORES/BESTYHOME/PAGE/CB7494E3-1966-43CF-8712-84F8094D5C7E
BTAIDI	BTAIDI	amazon.ae	HTTPS://WWW.AMAZON.AE/BTAIDI-WEDDING-BLAZER-GROOMSMEN-PIECES/DP/B07GWJVJF4
BTFING	BTFING	amazon.ae	HTTPS://WWW.AMAZON.AE/BTFING-ADJUSTABLE-STRENGTH-EQUIPMENT-EXERCISES/DP/B08M67STP8
BTFSOUL	BTFSOUL	amazon.ae	HTTPS://WWW.AMAZON.AE/BTFSOUL-HAND-GRIP-STRENGTHENER-ADJUSTABLE/DP/B09MNPL377
BTNTVEN	BTNTVEN	amazon.ae	HTTPS://WWW.AMAZON.AE/BTNTVEN-HFT600-HUMIDIFIER-REPLACEMENT-HONEYWELL/DP/B082ZYSFPF
BTSHOW	BTSHOW	amazon.ae	HTTPS://WWW.AMAZON.AE/BTSHOW-SOLDERING-RESISTANT-MATERIALS-ELECTRONICS/DP/B0746M6WM6
BUBURUSA	BUBURUSA	amazon.ae	HTTPS://WWW.AMAZON.AE/BUBURUSA-PORTABLE-REFRIGERATOR-OVERNIGHT-CONNECTS/DP/B094N7TJQJ
BUCASA	BUCASA	amazon.ae	HTTPS://WWW.AMAZON.AE/BUCASA-FLASHLIGHTS-FLASHLIGHT-ACCESSORIES-EMERGENCIES/DP/B0B3SWSK5X
BUDEFO	BUDEFO	amazon.ae	HTTPS://WWW.AMAZON.AE/BUDEFO-PORTABLE-BAITCASTING-SPINNING-6FT-11FT/DP/B09V2LQ98W
BUIMPOME	BUIMPOME	amazon.ae	HTTPS://WWW.AMAZON.AE/BUIMPOME-WOOD-PLASTIC-COMPOSITE-INTERLOCKING-RESISTANT/DP/B09KJP3GYL
BUIMPOME	BUIMPOME	amazon.ae	HTTPS://WWW.AMAZON.AE/BUIMPOME-WOOD-PLASTIC-COMPOSITE-TILES%EF%BC%88ANTIQUE-INTERLOCKING/DP/B09KJP33J8
BUIMPOME	BUIMPOME	amazon.ae	HTTPS://WWW.AMAZON.AE/BUIMPOME-WOOD-PLASTIC-COMPOSITE-TILES%EF%BC%88ANTIQUE-INTERLOCKING/DP/B096XV7NHC
BUIMPOME	BUIMPOME	amazon.ae	HTTPS://WWW.AMAZON.AE/BUIMPOME-PLASTIC-INTERLOCKING-DECKING-RESISTANT/DP/B095S9HYJ6
BUKEER	BUKEER	amazon.ae	HTTPS://WWW.AMAZON.AE/BUKEER-GRAPHICS-CONVERTER-PROJECTOR-COMPATIBLE/DP/B083TFX3QV
BUKHOON	BUKHOON	amazon.ae	HTTPS://WWW.AMAZON.AE/BUKHOON-RECHARGEABLE-ELECTRIC-BAKHOOR-MABKHARA/DP/B0D6KJYFFQ
BULCKREW	BULCKREW	amazon.ae	HTTPS://WWW.AMAZON.AE/BULCKREW-STAINLESS-MILKSHAKE-SMOOTHIES-CLEANER-SILVER/DP/B0963DN9SX
BULCKREW	BULCKREW	amazon.ae	HTTPS://WWW.AMAZON.AE/BULCKREW-NECKLACES-BRACELETS-STATEMENT-PENDANT-6PACK/DP/B09WCV1HPT
BULUWIE	BULUWIE	amazon.ae	HTTPS://WWW.AMAZON.AE/BULUWIE-DISTRESSED-STRETCH-TRUCKER-JACKETS/DP/B0FJS98M33
BUQUEHM	BUQUEHM	amazon.ae	HTTPS://WWW.AMAZON.AE/BUQUEHM-BACKPACK-NOTEBOOK-SUPPLIES-BIRTHDAY/DP/B09YGYM87Q
BURDURRY	BURDURRY	amazon.ae	HTTPS://WWW.AMAZON.AE/BURDURRY-ACOUSTIC-SOUNDPROOF-ABSORBING-INSULATION/DP/B07VDTR22R
BURELCO	BURELCO	amazon.ae	HTTPS://WWW.AMAZON.AE/BURELCO-FOLDABLE-PORTABLE-NOTEBOOK-PCPAPER-THIN/DP/B09D8H9C58
BURGINWIN	BURGINWIN	amazon.ae	HTTPS://WWW.AMAZON.AE/BURGINWIN-AP-00003-ORB-FUNCTION-RAINFALL-HEADOIL/DP/B07MDCPCBN
BURKMAX	BURKMAX	amazon.ae	HTTPS://WWW.AMAZON.AE/BURKMAX-SPLITTING-SPLITTER-PORTABILITY-FIREWOOD/DP/B0B2DH32W7
BURSUN	BURSUN	amazon.ae	HTTPS://WWW.AMAZON.AE/BURSUN-VENTILATION-ADJUSTABLE-TODDLER-MULTI-SPORT/DP/B083LDCLRG
BUSELF	BUSELF	amazon.ae	HTTPS://WWW.AMAZON.AE/BUSELF-DISPOSABLE-RECYCLABLE-WATERPROOF-PROTECTORS/DP/B08LBB2RT2
BUSMKO	BUSMKO	amazon.ae	HTTPS://WWW.AMAZON.AE/BUSMKO-MOTIVATIONAL-INSPIRATIONAL-SKYDIVING-ENCOURAGING/DP/B09QHDGSWV
BUSMKO	BUSMKO	amazon.ae	HTTPS://WWW.AMAZON.AE/BUSMKO-LACROSSE-VINTAGE-PAINTING-12X18INCH/DP/B09QHDWC5F
BUTISHOP	BUTISHOP	amazon.ae	HTTPS://WWW.AMAZON.AE/BUTISHOP-ADJUSTABLE-FRIENDSHIP-RELATIONSHIP-GIRLFRIEND/DP/B08BFZ14PZ
BUTTZO	BUTTZO	amazon.ae	HTTPS://WWW.AMAZON.AE/BUTTZO-BLANKET-BACKING-TODDLER-NEWBORN/DP/B09VFB5DRZ
BUVELIFE	BUVELIFE	amazon.ae	HTTPS://WWW.AMAZON.AE/BUVELIFE-CREDIT-LEATHER-STORAGE-CAPACITY/DP/B07BRFTNGL
BUXTOM	BUXTOM	amazon.ae	HTTPS://WWW.AMAZON.AE/BUXTOM-ENTRYWAY-UPHOLSTERED-HALLWAY-DOORWAY/DP/B0CQ87QKGZ
BUYINEAST	BUYINEAST	amazon.ae	HTTPS://WWW.AMAZON.AE/BUYINEAST-COMBINATION-LOCKABLE-MEDICINE-L11-6XW7-1XH7-1/DP/B08PTZ2RG5
BVENDANO	BVENDANO	amazon.ae	HTTPS://WWW.AMAZON.AE/BVENDANO-PROFESSIONAL-SINGLE-MAKEUP-ADULTS/DP/B09LTKL4Q5
BVGAUXD	BVGAUXD	amazon.ae	HTTPS://WWW.AMAZON.AE/BVGAUXD-STAINLESS-RELEASE-PONTOON-SHALLOW/DP/B09FFSY1DL
BVIIE	BVIIE	amazon.ae	HTTPS://WWW.AMAZON.AE/BVIIE-MOTHERS-HEADDRESS-STYLING-ACCESSORIES/DP/B09PK6X6ZG
BVPOW	BVPOW	amazon.ae	HTTPS://WWW.AMAZON.AE/BVPOW-CONDITIONER-CAPACITOR-ELECTROLYTIC-WITHSTAND/DP/B07DFCYVXC
BVRILA	BVRILA	amazon.ae	HTTPS://WWW.AMAZON.AE/BVRILA-REPAIR-UNIVERSAL-PUNCTURES-TRUCKS/DP/B09N9M2KCT
BXROIU	BXROIU	amazon.ae	HTTPS://WWW.AMAZON.AE/BXROIU-OPERATED-CHRISTMAS-DECORATION-ES-LCL-088/DP/B07CRL2G2M
BYAWAY	BYAWAY	amazon.ae	HTTPS://WWW.AMAZON.AE/BYAWAY-RIBBED-SPORTS-BRA-WOMEN/DP/B0CQQRP6L8
BYCARM	BYCARM	amazon.ae	HTTPS://WWW.AMAZON.AE/BYCARM-MICROFIBER-COMPATIBLE-WASHABLE-REPLACEMENT/DP/B09YNJ524C
BYCARM	BYCARM	amazon.ae	HTTPS://WWW.AMAZON.AE/BYCARM-PLUMBING-CLEANER-REMOVER-BATHROOM/DP/B093Q9JKTR
BYGYTYO	BYGYTYO	amazon.ae	HTTPS://WWW.AMAZON.AE/BYGYTYO-HEAVY-DUTY-TENDERIZER-PROFESSION-TENDERIZING/DP/B098W8DM29
BYHUME	BYHUME	amazon.ae	HTTPS://WWW.AMAZON.AE/BYHUME-MATTRESS-ULTRASONIC-HANDHELD-CAPACITY/DP/B0DJR2PCXR
BYTAOQIPET	BYTAOQIPET	amazon.ae	HTTPS://WWW.AMAZON.AE/BYTAOQIPET-EXPANDABLE-APPROVED-TRANSPORT-REMOVABLE/DP/B09LQMKGJG
BYTCEW	BYTCEW	amazon.ae	HTTPS://WWW.AMAZON.AE/BYTCEW-FENCING-FASTENERS-QUICKLY-INSTALL/DP/B0CC947C7J
BYTTME	BYTTME	amazon.ae	HTTPS://WWW.AMAZON.AE/BYTTME-REUSABLE-BEESWAX-WRAP-ECO-FRIENDLY/DP/B0B6W6D815
BYUQDF	BYUQDF	amazon.ae	HTTPS://WWW.AMAZON.AE/CONTROLLED-BYUQDF-RECHARGEABLE-BOOMERANG-ROTATING/DP/B09FDJ85DQ
BYZANE	BYZANE	amazon.ae	HTTPS://WWW.AMAZON.AE/ETHERNET-2000MHZ-CONNECTOR-WEATHERPROOF-OUTDOOR/DP/B099R9YWQF
BZXYN	BZXYN	amazon.ae	HTTPS://WWW.AMAZON.AE/BZXYN-RAIN-SHOWER-THERMOSTATIC-SYSTEM/DP/B0BN42G1WZ
CAARANY	CAARANY	amazon.ae	HTTPS://WWW.AMAZON.AE/CAARANY-VERSATILE-ALUMINUM-CHARGING-COMPARTMENT/DP/B0BZHP591K
CABTICK	CABTICK	amazon.ae	HTTPS://WWW.AMAZON.AE/CABTICK-SUNRISE-BLUETOOTH-SPEAKER-SIMULATION/DP/B0BBMDCH3S
CACUINA	CACUINA	amazon.ae	HTTPS://WWW.AMAZON.AE/CACUINA-OPERATED-DECORATIVE-MARQUEE-GARAGE/DP/B09GFW4Z51
CACUSN	CACUSN	amazon.ae	HTTPS://WWW.AMAZON.AE/CACUSN-MAGNETIC-ANTI-POP-STRUCTURE-ADJUSTABLE/DP/B07RTWKLW8
CADOC	CADOC	amazon.ae	HTTPS://WWW.AMAZON.AE/CADOC-138149-NATURE-EXCLUSIVE-ZISTROSE/DP/B07Z65HQZF
CAIRHORNCE	CAIRHORNCE	amazon.ae	HTTPS://WWW.AMAZON.AE/CAIRHORNCE-ELECTRIC-COMPRESSOR-VEHICLES-MOTORCYCLES/DP/B0BCFDYRFP
CAISANG	CAISANG	amazon.ae	HTTPS://WWW.AMAZON.AE/CAISANG-CROSSBODY-BACKPACK-LIGHTWEIGHT-ANTI-THEFT/DP/B0BRXPV7SX
CAITEAM	CAITEAM	amazon.ae	HTTPS://WWW.AMAZON.AE/CAITEAM-RG35XX-H-1-BLACK-64G/DP/B0CTCGJ26T
CAKMSMAO	CAKMSMAO	amazon.ae	HTTPS://WWW.AMAZON.AE/CAKMSMAO-SQUARE-ARMREST-ADJUSTABLE-RESISTANT/DP/B07TGBG8X9
CAKOSSY	CAKOSSY	amazon.ae	HTTPS://WWW.AMAZON.AE/CAKOSSY-PLAYPEN-OUTDOOR-RUSTPROOF-CAMPING/DP/B09F9GVTGD
CAKUJA	CAKUJA	amazon.ae	HTTPS://WWW.AMAZON.AE/FITNESS-TRACKERS-NOTIFICATION-PRESSURE-SMARTWATCH/DP/B09NVVGGMV
CALATOUR	CALATOUR	amazon.ae	HTTPS://WWW.AMAZON.AE/CALATOUR-MIDNIGHT-HALLOWEEN-NOVELTY-PORCELAIN/DP/B099MZL9LW
CALOREDUCE	CALOREDUCE	amazon.ae	HTTPS://WWW.AMAZON.AE/CALOREDUCE-CLIMBING-FURNITURE-SCRATCHING-LOUNGING/DP/B0C32R92H6
CALOREDUCE	CALOREDUCE	amazon.ae	HTTPS://WWW.AMAZON.AE/CALOREDUCE-CAT-SCRATCHING-CLIMBING-PERCHING/DP/B0C7C2R96F
CALUMINA	CALUMINA	amazon.ae	HTTPS://WWW.AMAZON.AE/CALUMINA-COCKTAIL-INFUSER-WHISKEY-FASHIONED/DP/B0B23RD94Z
CAMAQUI	CAMAQUI	amazon.ae	HTTPS://WWW.AMAZON.AE/PLANTAS-MEDICINALES-BOLIVIA-ALBERTO-CAMAQUI/DP/1985132419
CAMAQUI	CAMAQUI	amazon.ae	HTTPS://WWW.AMAZON.AE/ANIME-CAR-STEREOSCOPIC-WATERBOTTLES-STICKER/DP/B09NBS2RQ9
CAMBAVERD	CAMBAVERD	amazon.ae	HTTPS://WWW.AMAZON.AE/CAMBAVERD-NATURAL-ECO-FRIENDLY-SUPPORT-CLIMBING/DP/B08TZS19XM
CAMCISION	CAMCISION	amazon.ae	HTTPS://WWW.AMAZON.AE/CAMCISION-HIKVISION-DS-2CD2543G0-OUTDOOR-ENGLISH/DP/B07RBR71WN
CANCOFAM	CANCOFAM	amazon.ae	HTTPS://WWW.AMAZON.AE/CANCOFAM-PLANT-POT-MOVER-LANDSCAPING/DP/B08Y7YDFRF
CANFOD	CANFOD	amazon.ae	HTTPS://WWW.AMAZON.AE/CANFOD-STORAGE-RESISTANCE-EQUIPMENT-ORGANIZER/DP/B0BNPN66DN
CANGBI	CANGBI	amazon.ae	HTTPS://WWW.AMAZON.AE/CANGBI-SUNSHINE-FLOWER-BLACK-GOLDEN/DP/B0D93FXHXX
CANICOVE	CANICOVE	amazon.ae	HTTPS://WWW.AMAZON.AE/CANICOVE-TEEPEE-TENT-KIDS-WINNING/DP/B078BGGWC8
CANMALCHI	CANMALCHI	amazon.ae	HTTPS://WWW.AMAZON.AE/CANMALCHI-ADJUSTABLE-KETTLEBELL-DUMBBELLS-MULTIFUNCTIONAL/DP/B09TT9FJ68
CANMIYOU	CANMIYOU	amazon.ae	HTTPS://WWW.AMAZON.AE/MOTORCYCLE-CANMIYOU-BONNEVILLE-SCRAMBLER-BLACK2-L-FBA/DP/B096K4XSXF
CANVUNTHY	CANVUNTHY	amazon.ae	HTTPS://WWW.AMAZON.AE/CANVUNTHY-AQUARIUM-EXTERNAL-CANISTER-CIRCULATION/DP/B09MRKXJF9
CANWELUM	CANWELUM	amazon.ae	HTTPS://WWW.AMAZON.AE/CANWELUM-FLASHLIGHT-TACTICAL-FLASHLIGHTS-BATTERIES/DP/B01NBOGNYB
CANYAVE	CANYAVE	amazon.ae	HTTPS://WWW.AMAZON.AE/CANYAVE-ORGANIZER-STACKABLE-DISPENSER-REFRIGERATOR/DP/B0BFR2JXMF
CANYAVE	CANYAVE	amazon.ae	HTTPS://WWW.AMAZON.AE/CANYAVE-BATHROOM-MOUNTED-HOLDER-STORAGE/DP/B0B9LTSFLN
CANYAVE	CANYAVE	amazon.ae	HTTPS://WWW.AMAZON.AE/CANYAVE-TOWEL-BATHROOM-TRIPLE-HOOKS/DP/B0CRYNSX4Y
CANYLA	CANYLA	amazon.ae	HTTPS://WWW.AMAZON.AE/CANYLA-OVERSIZED-QUICK-MICROFIBER-TRAVEL/DP/B0881Y86KG
CANYLA	CANYLA	amazon.ae	HTTPS://WWW.AMAZON.AE/RANDOM-CANYLA-OVERSIZED-MICROFIBER-TRAVEL/DP/B07DP8NWQV
CANZILLA	CANZILLA	amazon.ae	HTTPS://WWW.AMAZON.AE/CANZILLA-CARBURETOR-MICROQUIET-4KYFA26100P-4KYFA26100K/DP/B08K74XXHZ
CAOJING	CAOJING	amazon.ae	HTTPS://WWW.AMAZON.AE/CAOJING-THOUSAND-MULTIFUNCTION-CREATIVITY-HOUSEHOLD/DP/B08SBNNQ6C
CAPARK	CAPARK	amazon.ae	HTTPS://WWW.AMAZON.AE/CAPARK-INCHES-CLIMBING-LANYARD-WEBBING/DP/B0BHNF99NN
CAPTAINSHLD	CAPTAINSHLD	amazon.ae	HTTPS://WWW.AMAZON.AE/CAPTAINSHLD-TEMPERED-PROTECTOR-SCRATCH-HARDNESS/DP/B083S47JHR
CARBATO	CARBATO	amazon.ae	HTTPS://WWW.AMAZON.AE/CARBATO-INSULATED-REUSABLE-COOLER-ADULTS/DP/B07KK8WL3D
CARISDER	CARISDER	amazon.ae	HTTPS://WWW.AMAZON.AE/CARISDER-BEDDING-COMFORTER-PILLOWCASES-%EF%BC%88PEACH/DP/B08FFMG8PK
CARLLG	CARLLG	amazon.ae	HTTPS://WWW.AMAZON.AE/CARLLG-AGGRESSIVE-CHEWERS-INDESTRUCTIBLE-INTERACTIVE/DP/B08NJJQ1KW
CARMONMON	CARMONMON	amazon.ae	HTTPS://WWW.AMAZON.AE/CARMONMON-PROTECTORS-KEYLESS-PANAMERA-2017-2018/DP/B085L4RNM4
CAROCHERI	CAROCHERI	amazon.ae	HTTPS://WWW.AMAZON.AE/UUSHOP-CAROCHERI-SILICONE-JOYSTICK-CONTROLLERS/DP/B073ZWZVLT
CARRWARD	CARRWARD	amazon.ae	HTTPS://WWW.AMAZON.AE/CARRWARD-BATHROOM-BEDROOM-NON-SLIP-ABSORBENT/DP/B0BXRXNCGH
CARSTUUS	CARSTUUS	amazon.ae	HTTPS://WWW.AMAZON.AE/CARSTUUS-DISPENSER-HANGING-MULTI-USE-DECORATION/DP/B07VCXBK2W
CARSTUUS	CARSTUUS	amazon.ae	HTTPS://WWW.AMAZON.AE/CARSTUUS-FREDYSU-LEATHER-BACKSEAT-CARTBOX02B/DP/B07VK32BNL
CARVANCHY	CARVANCHY	amazon.ae	HTTPS://WWW.AMAZON.AE/CARVANCHY-STRENGTH-50-200LB-STRENGTHENER-TRAINING/DP/B0C6P7H7P8
CASATIMO	CASATIMO	amazon.ae	HTTPS://WWW.AMAZON.AE/CASATIMO-AUTOMATIC-COUNTERTOP-WALL-MOUNTED-WATERPROOF/DP/B085MZF3KQ
CASEFROMME	CASEFROMME	amazon.ae	HTTPS://WWW.AMAZON.AE/CASEFROMME-TOUCHPAD-REMOVABLE-DETACHABLE-BLUETOOTH/DP/B08K2VZPDZ
CASEJOLY	CASEJOLY	amazon.ae	HTTPS://WWW.AMAZON.AE/CASEJOLY-COMPATIBLE-PROTECTION-TRANSLUCENT-SHOCKPROOF/DP/B08GLQTJCL
CASFELREN	CASFELREN	amazon.ae	HTTPS://WWW.AMAZON.AE/CASFELREN-WOMENS-CLASSIC-BALLET-LEATHER/DP/B0B1MG8GGJ
CASINTERES	CASINTERES	amazon.ae	HTTPS://WWW.AMAZON.AE/CASINTERES-ACPLASTIC-PAR-CACA/DP/B08TQ8897M
CASLONEE	CASLONEE	amazon.ae	HTTPS://WWW.AMAZON.AE/CASLONEE-FLIGHTS-STEEL-ACCESSORY-SUPPLIES/DP/B07LDFFBJM
CASLONEE	CASLONEE	amazon.ae	HTTPS://WWW.AMAZON.AE/CASLONEE-PROFESSIONAL-EXQUISITE-TUNGSTEN-ALUMINIU/DP/B08F51G29F
CASOTER	CASOTER	amazon.ae	HTTPS://WWW.AMAZON.AE/CASOTER-SOCKET-COVERS-SAFETY-PROTECTORS/DP/B09CKTC1CY
CASTUVY	CASTUVY	amazon.ae	HTTPS://WWW.AMAZON.AE/CASTUVY-BLACK-DEGREE-INCLINED-JOINT/DP/B08M5Z2SNF
CATHEIVE	CATHEIVE	amazon.ae	HTTPS://WWW.AMAZON.AE/CATHEIVE-TAILCOAT-JACKET-TUXEDO-SWALLOW/DP/B0CLK8CBWX
CATTSHO	CATTSHO	amazon.ae	HTTPS://WWW.AMAZON.AE/CATTSHO-SHOWER-TRIM-KIT-MATTE/DP/B09KBV7M26
CAVSOIR	CAVSOIR	amazon.ae	HTTPS://WWW.AMAZON.AE/CAVSOIR-TODDLERS-MULTI-ADJUSTABLE-GUARDRAIL-FULL-SIZE/DP/B0BMG214F3
CAWUWE	CAWUWE	amazon.ae	HTTPS://WWW.AMAZON.AE/CAWUWE-ADJUSTABLE-INSTANT-VENTILATED-WINDOWS/DP/B0DZNM35XF
CAWUWE	CAWUWE	amazon.ae	HTTPS://WWW.AMAZON.AE/CAWUWE-ELEVATED-STAINLESS-ADJUSTABLE-SQUEAKY/DP/B0FJXWRZVX
CAYBE	CAYBE	amazon.ae	HTTPS://WWW.AMAZON.AE/CAYBE-MACHINE-PARTIES-AUTOMATIC-ROTATING/DP/B0BV2FK9KB
CAYBE	CAYBE	amazon.ae	HTTPS://WWW.AMAZON.AE/CAYBE-SIMULATION-ACCESSORIES-TRACKIR5-SIMULATOR/DP/B0BVMGNP63
CAYBE	CAYBE	amazon.ae	HTTPS://WWW.AMAZON.AE/CAYBE-TERMINAL-REGISTER-RESTAURANT-SOFTWARE/DP/B0BVG1PP2T
CAYXENFUL	CAYXENFUL	amazon.ae	HTTPS://WWW.AMAZON.AE/CAYXENFUL-360%C2%B0DEGREE-ORGANIZERS-ACCESSORIES-STATIONERY/DP/B0CGMZBHRH
CCGGAD	CCGGAD	amazon.ae	HTTPS://WWW.AMAZON.AE/CONFETTI-BIRTHDAYS-FESTIVALS-CHRISTMAS-DECORATIONS/DP/B07JJD8M27
CCILAND	CCILAND	amazon.ae	HTTPS://WWW.AMAZON.AE/CCILAND-WATERPROOF-DIMMABLE-SELF-ADHESIVE-CUTTABLE/DP/B07X7FMQDS
CCKHDD	CCKHDD	amazon.ae	HTTPS://WWW.AMAZON.AE/CCKHDD-FINGERPRINT-BIOMETRIC-PASSWORD-FREE-ENCRYPTION/DP/B0CQNWR2DB
CDHYX	CDHYX	amazon.ae	HTTPS://WWW.AMAZON.AE/CDHYX-STILETTO-WEDDING-CLASSIC-SANDALS/DP/B0BW4PLCQC
CDHYX	CDHYX	amazon.ae	HTTPS://WWW.AMAZON.AE/CDHYX-POINTY-ZIPPER-PADLOCK-DESIGN/DP/B0C1KNGWRB
CEAVMLSR	CEAVMLSR	amazon.ae	HTTPS://WWW.AMAZON.AE/CEAVMLSR-BRUSHED-KITCHEN-FAUCETS-STAINLESS/DP/B08GJFRY5S
CEDIO	CEDIO	amazon.ae	HTTPS://WWW.AMAZON.AE/CEDIO-INGROUND-CHANGING-WATERPROOF-REPLACEMENT/DP/B0B7173QRG
CEITHER	CEITHER	amazon.ae	HTTPS://WWW.AMAZON.AE/CEITHER-ELECTRIC-10000RPM-COMPRESSED-ELECTRONICS/DP/B0D4VFQ5TH
CELAFORM	CELAFORM	amazon.ae	HTTPS://WWW.AMAZON.AE/CELAFORM-CONSOLE-ENTRYWAY-INDUSTRIAL-STORAGE/DP/B0DDTYVCWS
CELEZAR	CELEZAR	amazon.ae	HTTPS://WWW.AMAZON.AE/CELEZAR-BASKETS-ORGANIZING-DECORATIVE-FARMHOUSE/DP/B08XW85W9R
CELOMT	CELOMT	amazon.ae	HTTPS://WWW.AMAZON.AE/CELOMT-HANGER-HANDLEBARS-MATTED-BLACK/DP/B0C1K72HC8
CEMIRK	CEMIRK	amazon.ae	HTTPS://WWW.AMAZON.AE/CEMIRK-MINI-ANIMAL-PLUSH-TOY/DP/B0BWWSP8L3
CEMIRK	CEMIRK	amazon.ae	HTTPS://WWW.AMAZON.AE/CEMIRK-PROJECTOR-ROTATING-CHILDRENS-CHRISTMAS/DP/B0FBT12QDK
CEMIRK	CEMIRK	amazon.ae	HTTPS://WWW.AMAZON.AE/CEMIRK-INFLATABLE-BABY-PLAY-MAT/DP/B0CNNCYJNM
CENYB	CENYB	amazon.ae	HTTPS://WWW.AMAZON.AE/DIAMOND-CUTTING-PORCELAIN-CERAMIC-GRANITE/DP/B0D3VG7SWJ
CERANEE	CERANEE	amazon.ae	HTTPS://WWW.AMAZON.AE/CERANEE-GEOMETRIC-TEXTURED-PORCELAIN-CENTERPIECE/DP/B098SMJ8M3
CERCOVEU	CERCOVEU	amazon.ae	HTTPS://WWW.AMAZON.AE/CERCOVEU-TODDLER-PLAYHOUSE-WASHABLE-FOLDABLE/DP/B0B99TTKYS
CESANTO	CESANTO	amazon.ae	HTTPS://WWW.AMAZON.AE/CESANTO-RETRO-CONSOLE-STICK-GAMES/DP/B0D9R3X1F4
CESHUMD	CESHUMD	amazon.ae	HTTPS://WWW.AMAZON.AE/BRACELET-SPRING-STANDARD-REMOVAL-CESHUMD/DP/B07X5Z6LGR
CESTAME	CESTAME	amazon.ae	HTTPS://WWW.AMAZON.AE/CESTAME-PIECES-END-PROTECTOR-COVER/DP/B093YWV6R2
CESTLAIVE	CESTLAIVE	amazon.ae	HTTPS://WWW.AMAZON.AE/CESTLAIVE-12-CUP-REPLACEMENT-COMPATIBLE-HAMILTON/DP/B09CNCWKNX
CEUPLON	CEUPLON	amazon.ae	HTTPS://WWW.AMAZON.AE/CEUPLON-KNITTED-OVERSIZED-PULLOVER-SWEATERS/DP/B0B6HLG7G1
CEVHZOE	CEVHZOE	amazon.ae	HTTPS://WWW.AMAZON.AE/CEVHZOE-SUBLIMATION-BUSINESS-CARDS-CARD%EF%BC%8CPET/DP/B0D5B6ZQ9K
CEVILLO	CEVILLO	amazon.ae	HTTPS://WWW.AMAZON.AE/CEVILLO-STYLISH-WIRE-METAL-PANEL/DP/B07F22FKPF
CEWUIDY	CEWUIDY	amazon.ae	HTTPS://WWW.AMAZON.AE/CEWUIDY-CHRISTMAS-LIGHTS-CHARGER-AVAILABLE/DP/B07GVPGCQN
CEZOM	CEZOM	amazon.ae	HTTPS://WWW.AMAZON.AE/CEZOM-PETTICOAT-CRINOLINE-UNDERSKIRT-ACCESSORIES/DP/B06XFTZGV5
CFHBF	CFHBF	amazon.ae	HTTPS://WWW.AMAZON.AE/CFHBF-CUPPING-THERAPY-MASSAGE-CELLULITE/DP/B08QRNMR4Q
CFLITY	CFLITY	amazon.ae	HTTPS://WWW.AMAZON.AE/CFLITY-WATERPROOF-LIGHTWEIGHT-BACKPACKING-EXTENDABLE/DP/B0BMPJVKP2
CFYUSEU	CFYUSEU	amazon.ae	HTTPS://WWW.AMAZON.AE/CFYUSEU-857S-PSU-MINING-RIG/DP/B09NLK9XNF
CGVOVOT	CGVOVOT	amazon.ae	HTTPS://WWW.AMAZON.AE/CGVOVOT-LANTERNS-HANGING-OUTDOOR-LIGHTING/DP/B08QFQGL3Z
CHALIWINI	CHALIWINI	amazon.ae	HTTPS://WWW.AMAZON.AE/CHALIWINI-EVENING-RHINESTONE-ELEGANT-HANDBAGS/DP/B0BGSL3R45
CHALKLIT	CHALKLIT	amazon.ae	HTTPS://WWW.AMAZON.AE/CHALKLIT-COMPRESSED-150000RPM-PORTABLE-DUSTER-REPLACE/DP/B0D45BDSZ4
CHALKNETIC	CHALKNETIC	amazon.ae	HTTPS://WWW.AMAZON.AE/ADHESIVE-CHALKBOARD-RECEPTIVE-BLACKBOARD-CHALKNETIC/DP/B07L4NP955
CHALKNETIC	CHALKNETIC	amazon.ae	HTTPS://WWW.AMAZON.AE/CHALKNETIC-CHALKBOARD-CONTACT-PAPER-BLACKBOARD/DP/B07DHFQRM4
CHALPR	CHALPR	amazon.ae	HTTPS://WWW.AMAZON.AE/CHALPR-120-INCH-PROJECTOR-SCREEN/DP/B07H5BSJZH
CHAMPLONG	CHAMPLONG	amazon.ae	HTTPS://WWW.AMAZON.AE/CHAMPLONG-CLASS-MICRO-RECORDING-TAKING/DP/B0B4WSDFBY
CHANBLY	CHANBLY	amazon.ae	HTTPS://WWW.AMAZON.AE/CHANBLY-UNIVERSAL-ORGANIZER-RECTANGULAR-MULTIFUNCTIONAL/DP/B07H8KS1QS
CHANGCUN	CHANGCUN	amazon.ae	HTTPS://WWW.AMAZON.AE/CHANGCUN-BINOCULARS-DURABLE-SIGHTSEEING-CONCERTS/DP/B08DTRH61L
CHANJARHILL	CHANJARHILL	amazon.ae	HTTPS://WWW.AMAZON.AE/CHANJARHILL-ORGANIZER-MULTI-FUNCTIONAL-COLLAPSIBLE-ORGANIZATION/DP/B0CD1K1LJD
CHANMOL	CHANMOL	amazon.ae	HTTPS://WWW.AMAZON.AE/BACKSPLASH-WALLPAPER-STICKERS-ADHESIVE-WATERPROOF/DP/B07GBSFM7G
CHANMOL	CHANMOL	amazon.ae	HTTPS://WWW.AMAZON.AE/CHANMOL-WALLPAPER-SELF-ADHESIVE-WATERPROOF-WHITEBOARD/DP/B0BQ6G82HZ
CHANPELL	CHANPELL	amazon.ae	HTTPS://WWW.AMAZON.AE/CHANPELL-GIRLS-COTTON-COMFORT-CUSHION/DP/B07BC6LPK3
CHANSEON	CHANSEON	amazon.ae	HTTPS://WWW.AMAZON.AE/CHANSEON-SOLDERING-SIX-FLEXIBLE-METAL/DP/B07L5DDVKB
CHAOJIN	CHAOJIN	amazon.ae	HTTPS://WWW.AMAZON.AE/CHAOJIN-REINFORCED-WATERPROOF-CAMPING-CH0101/DP/B079HMT5RC
CHARAHOME	CHARAHOME	amazon.ae	HTTPS://WWW.AMAZON.AE/CHARAHOME-DRESSER-ORGANIZER-DRAWERS-ENTRYWAY/DP/B07WFGGBBM
CHARAPID	CHARAPID	amazon.ae	HTTPS://WWW.AMAZON.AE/CHARAPID-DEFLECTOR-CERAMIC-SETTER-SMOKING/DP/B08D9FDLVX
CHARLUX	CHARLUX	amazon.ae	HTTPS://WWW.AMAZON.AE/CHARLUX-ACCESSORY-COMPATIBLE-CLEANER-ATTACHMENT/DP/B07JZ899V5
CHARMUO	CHARMUO	amazon.ae	HTTPS://WWW.AMAZON.AE/CHARMUO-BITCOIN-COIN-COLLECTORS-CASE/DP/B0799RGJXT
CHASSTOO	CHASSTOO	amazon.ae	HTTPS://WWW.AMAZON.AE/TCHIPIE-CHASSTOO-BARBECUE-GRILLING-FIREPLACE/DP/B07Y4CBSCT
CHBIAO	CHBIAO	amazon.ae	HTTPS://WWW.AMAZON.AE/CHBIAO-WORKBENCH-ELECTRIC-COMMERCIAL-BUTCHERING/DP/B09BPVVCKY
CHCHMU	CHCHMU	amazon.ae	HTTPS://WWW.AMAZON.AE/CHCHMU-FIXATOR-ADHESIVE-PUNCH-FREE-ORGANIZERS/DP/B0B4RV1TJH
CHEERPET	CHEERPET	amazon.ae	HTTPS://WWW.AMAZON.AE/CHEERPET-ULTRASONIC-DETERRENTOUTDOOR-DEVICETRAINING-TOOLWATERPROOFNO/DP/B07C3H7FLZ
CHEFENSTY	CHEFENSTY	amazon.ae	HTTPS://WWW.AMAZON.AE/CHEFENSTY-DOLPHIN-MACHINE-OUTDOOR-COLORFUL/DP/B096ZRR7ZP
CHEFOH	CHEFOH	amazon.ae	HTTPS://WWW.AMAZON.AE/CHEFOH-WIDE-MOUTH-GLASS-JAR/DP/B07V5QFBL4
CHEFOOD	CHEFOOD	amazon.ae	HTTPS://WWW.AMAZON.AE/CHEFOOD-CERAMIC-KAMADO-PORTABLE-CHARCOAL/DP/B07STDCQMF
CHEKTIN	CHEKTIN	amazon.ae	HTTPS://WWW.AMAZON.AE/CHEKTIN-UNICORN-COSTUME-PRINCESS-HEADBAND/DP/B099WGBX86
CHELVEE	CHELVEE	amazon.ae	HTTPS://WWW.AMAZON.AE/CHELVEE-VINTAGE-QUARTZ-BATTERY-OPERATED/DP/B082794LJB
CHELVEE	CHELVEE	amazon.ae	HTTPS://WWW.AMAZON.AE/CHELVEE-NON-TICKING-BATTERY-POWERED-PW3256/DP/B07VJFRNWK
CHELVEE	CHELVEE	amazon.ae	HTTPS://WWW.AMAZON.AE/CHELVEE-TEMPERATURE-HUMIDITY-FUNCTION-OPERATED/DP/B07BTFJ3TT
CHENLIGHT	CHENLIGHT	amazon.ae	HTTPS://WWW.AMAZON.AE/CHENLIGHT-SLIPCOVER-FURNITURE-PROTECTOR-RESISTANT/DP/B07T9C97SZ
CHENMAY	CHENMAY	amazon.ae	HTTPS://WWW.AMAZON.AE/CHENMAY-COMPRESSION-NURSING-ATHLETIC-TRAVEL/DP/B08L4CY1XY
CHENMAY	CHENMAY	amazon.ae	HTTPS://WWW.AMAZON.AE/CHENMAY-UNIVERSAL-SHOULDER-HARNESS-2-PACK%C3%AF%C2%BC%C5%92BLACK/DP/B08KZNGQHX
CHENMAY	CHENMAY	amazon.ae	HTTPS://WWW.AMAZON.AE/CHENMAY-NEEDLE-ADAPTER-INFLATION-INFLATING/DP/B08L4GQ7VF
CHEPHON	CHEPHON	amazon.ae	HTTPS://WWW.AMAZON.AE/CHEPHON-UPGRADED-BIRD-REPELLENT-DISCS/DP/B01LYEI23V
CHERPET	CHERPET	amazon.ae	HTTPS://WWW.AMAZON.AE/CHERPET-DOG-POOPER-SCOOPER-SCOOPERS/DP/B07WH3C8TG
CHESBUNG	CHESBUNG	amazon.ae	HTTPS://WWW.AMAZON.AE/CHESBUNG-ALUMINUM-CHANNELS-DIFFUSERS-MOUNTING/DP/B07RJVV9MY
CHESBUNG	CHESBUNG	amazon.ae	HTTPS://WWW.AMAZON.AE/CHESBUNG-ALUMINUM-CHANNELS-DIFFUSERS-CONNECTORS/DP/B07RDKKHSV
CHESBUNG	CHESBUNG	amazon.ae	HTTPS://WWW.AMAZON.AE/CHESBUNG-ALUMINUM-LED-CHANNELS-DIFFUSERS/DP/B0BS6L7W3D
CHEZISAM	CHEZISAM	amazon.ae	HTTPS://WWW.AMAZON.AE/CHEZISAM-CALIFORNIA-PLATFORM-MATTRESS-UNDERBED/DP/B0C1V1JSZ9
CHFQ	CHFQ	amazon.ae	HTTPS://WWW.AMAZON.AE/CHFQ-WATERPROOF-BOOTIES-ZIPPERS-THICKENING/DP/B09LQXFVK2
CHFQ	CHFQ	amazon.ae	HTTPS://WWW.AMAZON.AE/CHFQ-WATERPROOF-PROTECTOR-ANTI-SLIP-MAT-100X50CM-WHITE/DP/B09DTX9D1F
CHFQ	CHFQ	amazon.ae	HTTPS://WWW.AMAZON.AE/CHFQ-ANTI-STATIC-PROTECTOR-ANTI-SLIP-HOME-120X60CM-LIGHT/DP/B09DTYKSKG
CHFQ	CHFQ	amazon.ae	HTTPS://WWW.AMAZON.AE/CHFQ-RECTANGLE-REPLACEMENT-FURNITURE-MATTRESS/DP/B097R6YCNG
CHICAROUSAL	CHICAROUSAL	amazon.ae	HTTPS://WWW.AMAZON.AE/CHICAROUSAL-CROSSBODY-HANDBAGS-LEATHER-SHOULDER/DP/B0C3C6QTMN
CHICGROWTH	CHICGROWTH	amazon.ae	HTTPS://WWW.AMAZON.AE/CHICGROWTH-PENDANT-NECKLACE-ADJUSTABLE-ENGRAVED/DP/B0CT2H1T1Q
CHICRINUM	CHICRINUM	amazon.ae	HTTPS://WWW.AMAZON.AE/CHICRINUM-NON-STICK-REINFORCED-LONG-LASTING-PERFORMANCE/DP/B098TKKDNF
CHICTI	CHICTI	amazon.ae	HTTPS://WWW.AMAZON.AE/CHICTI-MOUNTAIN-WHEELSET-BICYCLE-RELEASE/DP/B0956C834N
CHICYA	CHICYA	amazon.ae	HTTPS://WWW.AMAZON.AE/CHICYA-WIRELESS-MAGNETIC-LEVITATING-FLOATING/DP/B08M5NVCZK
CHIEMOT	CHIEMOT	amazon.ae	HTTPS://WWW.AMAZON.AE/CHIEMOT-CREMATION-LOVING-DECORATIVE-FUNERAL/DP/B09B23WHYS
CHIEMOT	CHIEMOT	amazon.ae	HTTPS://WWW.AMAZON.AE/CHIEMOT-MALE-FEMALE-LOVING-DECORATIVE-CREMATION/DP/B09MP9NXJS
CHIENTUNG	CHIENTUNG	amazon.ae	HTTPS://WWW.AMAZON.AE/CHIENTUNG-PROFESSIONAL-BRIEFCASE-COMPARTMENTS-CAPACITY/DP/B0BRB1ZGHZ
CHIENTUNG	CHIENTUNG	amazon.ae	HTTPS://WWW.AMAZON.AE/BACKPACK-CHIENTUNG-INSULATED-CHANGING-MATERNITY/DP/B07VNCM3G7
CHIENTUNG	CHIENTUNG	amazon.ae	HTTPS://WWW.AMAZON.AE/CHIENTUNG-LEATHER-PROFESSIONAL-BRIEFCASE-COMPARTMENTS/DP/B0D48NXNLS
CHILARTALENT	CHILARTALENT	amazon.ae	HTTPS://WWW.AMAZON.AE/CHILARTALENT-CARS-REMOTE-CONTROL-KIDS/DP/B07W3R8G5L
CHIMOO	CHIMOO	amazon.ae	HTTPS://WWW.AMAZON.AE/CHIMOO-AEINIWER-EPL-TOTTENHAM-AUTHENTIC/DP/B08LVC3QJG
CHIREE	CHIREE	amazon.ae	HTTPS://WWW.AMAZON.AE/CHIREE-OPERATED-COLORFUL-PLAYHOUSE-CHRISTMAS/DP/B09M5YYYPQ
CHIRISEN	CHIRISEN	amazon.ae	HTTPS://WWW.AMAZON.AE/CHIRISEN-TELESCOPIC-X11-5-20-6-MULTIPURPOSE-20-59X12-8/DP/B0962YDN5L
CHISANA	CHISANA	amazon.ae	HTTPS://WWW.AMAZON.AE/WIRELESS-EARBUDS-CHISANA-C1L-MICROPHONES/DP/B07QPY4WZ8
CHIVOLONA	CHIVOLONA	amazon.ae	HTTPS://WWW.AMAZON.AE/CHIVOLONA-DOUBLE-WITHOUT-SUITABLE-SHAPING/DP/B0C6737SVM
CHIZOYA	CHIZOYA	amazon.ae	HTTPS://WWW.AMAZON.AE/YOFORI-CHIZOYA-RECTANGLE-TABLECLOTH-KITCHEN/DP/B07Q59DBPB
CHLEBEM	CHLEBEM	amazon.ae	HTTPS://WWW.AMAZON.AE/ZA-CHLEBEM-HENRYK-SIENKIEWICZ/DP/1784352233
CHLIVE	CHLIVE	amazon.ae	HTTPS://WWW.AMAZON.AE/CHLIVE-VERSION-PICKUP-STURDY-COWBOY/DP/B0BL1J19CZ
CHLSD	CHLSD	amazon.ae	HTTPS://WWW.AMAZON.AE/CHLSD-TRI-COLOR-COLOR-SPORT-HIGHLANDER-STAINLESS/DP/B09HBFTCZX
CHMYWJ	CHMYWJ	amazon.ae	HTTPS://WWW.AMAZON.AE/CHMYWJ-BIRTHDAY-LIGHTWEIGHT-AIRPLANES-INDIVIDUALLY/DP/B09XQW6P4Z
CHNB	CHNB	amazon.ae	HTTPS://WWW.AMAZON.AE/CHNB-VERTIGO-CEILING-CHANDELIERS-LIGHTING/DP/B0BXSWHRB1
CHNEEU	CHNEEU	amazon.ae	HTTPS://WWW.AMAZON.AE/CHNEEU-CERVICAL-HEADACHE-MASSAGER-TENSION/DP/B07RP1315D
CHNEEU	CHNEEU	amazon.ae	HTTPS://WWW.AMAZON.AE/CHNEEU-AUTOMATIC-FRESHENER-DISPENSER-RESTAURANTS/DP/B07T4LDFH8
CHOARY	CHOARY	amazon.ae	HTTPS://WWW.AMAZON.AE/CHOARY-ECO-FRIENDLY-UNBREAKABLE-BIODEGRADABLE-DISHWASHER/DP/B082RYNM21
CHODIA	CHODIA	amazon.ae	HTTPS://WWW.AMAZON.AE/CHODIA-SPORT-BUILDING-BLOCK-ADULTS/DP/B0FB2MXQYX
CHODIA	CHODIA	amazon.ae	HTTPS://WWW.AMAZON.AE/CHODIA-ELECTRIC-WATER-GUN-ADULTS/DP/B09ZPHYXTQ
CHOICARE	CHOICARE	amazon.ae	HTTPS://WWW.AMAZON.AE/CHOICARE-LITERATURE-FOLDABLE-FLOOR-STANDING-EXHIBITION/DP/B0BGHBXFDB
CHOLENA	CHOLENA	amazon.ae	HTTPS://WWW.AMAZON.AE/CHOLENA-PLAYPEN-FOLDABLE-BABIES-TODDLERS/DP/B0CR74CFRX
CHONSE	CHONSE	amazon.ae	HTTPS://WWW.AMAZON.AE/CHONSE-SUSPENSION-MERCEDES-2005-2015-GL-CLASS/DP/B0CRB36BN6
CHOOBLY	CHOOBLY	amazon.ae	HTTPS://WWW.AMAZON.AE/CHOOBLY-100-PACK-CELEBRATION-BEREAVEMENT-REMEMBRANCE/DP/B0CJCWDJYC
CHOTUNE	CHOTUNE	amazon.ae	HTTPS://WWW.AMAZON.AE/CHOTUNE-ALCOHOL-PERMANENT-CARRYING-SKETCHING/DP/B0C1HD5WZK
CHPRETY	CHPRETY	amazon.ae	HTTPS://WWW.AMAZON.AE/CHPRETY-TRAINER-ADJUSTABLE-SLIMMING-AEROBICS/DP/B089NGHJKL
CHSMONB	CHSMONB	amazon.ae	HTTPS://WWW.AMAZON.AE/CHSMONB-RECHARGEABLE-ADJUSTABLE-BRIGHTNESS-PHOTOGRAPHY/DP/B01F34GS44
CHUANGFA	CHUANGFA	amazon.ae	HTTPS://WWW.AMAZON.AE/CHUANGFA-TOYS-RABBIT-MUSIC-UNISEX/DP/B07NF8QNVS
CHUANGFENG	CHUANGFENG	amazon.ae	HTTPS://WWW.AMAZON.AE/CHUANGFENG-CHICKEN-DECORATIVE-OUTDOOR-DECORATION/DP/B08T9B4FZR
CHUNBLING	CHUNBLING	amazon.ae	HTTPS://WWW.AMAZON.AE/CHUNBLING-COMPATIBLE-PROJECTOR-HIGHLANDER-ACCESSORIES/DP/B07HR4GBC7
CHUQIANTONG	CHUQIANTONG	amazon.ae	HTTPS://WWW.AMAZON.AE/CHUQIANTONG-POINTER-FLASHLIGHT-INTERACTIVE-TRAINING/DP/B09NFSLNWL
CHUYIREN	CHUYIREN	amazon.ae	HTTPS://WWW.AMAZON.AE/CHUYIREN-DISPENSER-MEASUREMENTS-DRIP-FREE-BBQ%EF%BC%8CBLACK/DP/B08ZNTRZWL
CHVONTTOW	CHVONTTOW	amazon.ae	HTTPS://WWW.AMAZON.AE/CHVONTTOW-WRINKLE-RESISTANT-PILLOWCASES-WOODLAND/DP/B08KQDB8Q8
CHZHVAN	CHZHVAN	amazon.ae	HTTPS://WWW.AMAZON.AE/CHZHVAN-DETECTOR-INDICATOR-CONFORMS-STANDARD/DP/B0F5B8ZPLY
CIBAABO	CIBAABO	amazon.ae	HTTPS://WWW.AMAZON.AE/CIBAABO-CONTAINER-ACCESSORIES-ESSENTIALS-NECESSITIES/DP/B0BZQZZP7Q
CICICOOIE	CICICOOIE	amazon.ae	HTTPS://WWW.AMAZON.AE/CICICOOIE-FLOOR-CENTERPIECES-BLUE-GOLD/DP/B09PYYB53Q
CICIKE	CICIKE	amazon.ae	HTTPS://WWW.AMAZON.AE/CICIKE-SILICONE-REUSABLE-BEVERAGES-INCLUDING/DP/B08YDLX7NH
CICINUJOY	CICINUJOY	amazon.ae	HTTPS://WWW.AMAZON.AE/CICINUJOY-MULTIPURPOSE-EXFOLIATING-DERMAPLANING-PRECISION/DP/B07MHWNBJC
CICINY	CICINY	amazon.ae	HTTPS://WWW.AMAZON.AE/CICINY-BLACKLIGHT-385-400NM-PARTIES-FLUORESCENT/DP/B081F61VNJ
CICYSTORE	CICYSTORE	amazon.ae	HTTPS://WWW.AMAZON.AE/CICYSTORE-CONSOLE-OUTPUT-ARCADE-CHILDREN/DP/B08Z3Z3PFT
CIEMGNZOC	CIEMGNZOC	amazon.ae	HTTPS://WWW.AMAZON.AE/CIEMGNZOC-BRACKETS-SELF-ADHESIVE-DRILLING-ADJUSTABLE/DP/B0BW2XY55V
CIENFY	CIENFY	amazon.ae	HTTPS://WWW.AMAZON.AE/CIENFY-PROTECTION-PROTECTOR-SKATEBOARDING-SNOWBOARDING/DP/B0CD7MFMRV
CIJOKA	CIJOKA	amazon.ae	HTTPS://WWW.AMAZON.AE/CIJOKA-INFLATED-SUNGLASSES-GLASSES-FESTIVAL/DP/B0BZH4V7G9
CIJOKA	CIJOKA	amazon.ae	HTTPS://WWW.AMAZON.AE/CIJOKA-RECTANGLE-SUNGLASSES-POLARIZED-VINTAGE/DP/B0BZHHVKBF
CILARE	CILARE	amazon.ae	HTTPS://WWW.AMAZON.AE/CILARE-CERVICAL-SLEEPER-ORTHOPEDIC-SHOULDER/DP/B0B81QX7R3
CILEONBE	CILEONBE	amazon.ae	HTTPS://WWW.AMAZON.AE/WOODEN-HANDLE-COPPER-CLEANING-WELDING/DP/B09MM831F7
CILKOO	CILKOO	amazon.ae	HTTPS://WWW.AMAZON.AE/CILKOO-FLOUNCE-SWIMSUITS-SWIMWEAR-SWIMDRESS/DP/B07MRB7X45
CINDEAR	CINDEAR	amazon.ae	HTTPS://WWW.AMAZON.AE/CINDEAR-SQUEAKY-CLOSED-TOE-ANTI-SLIP-1302-WHITE/DP/B07PRCVB8D
CINDOU	CINDOU	amazon.ae	HTTPS://WWW.AMAZON.AE/CINDOU-WIDE5-5IN-LONG13-1FT-SHAPEWEAR-INVISIBLE/DP/B09T66GRKG
CINERY	CINERY	amazon.ae	HTTPS://WWW.AMAZON.AE/CINERY-MASSAGER-VIBRATION-ACUPRESSURE-TEMPERATURE/DP/B0BHZQHYSQ
CINGFANLU	CINGFANLU	amazon.ae	HTTPS://WWW.AMAZON.AE/CINGFANLU-BIKE-SEAT/DP/B099RM43F2
CINHEYU	CINHEYU	amazon.ae	HTTPS://WWW.AMAZON.AE/CINHEYU-CINDERELLA-PRINCESS-HALLOWEEN-CHRISTMAS/DP/B0BBM2WTJR
CINHEYU	CINHEYU	amazon.ae	HTTPS://WWW.AMAZON.AE/CINHEYU-CINDERELLA-PRINCESS-HALLOWEEN-CHRISTMAS/DP/B0BBM2JYWX
CINYIUZE	CINYIUZE	amazon.ae	HTTPS://WWW.AMAZON.AE/CINYIUZE-MAGNIFIER-PROJECTOR-COMPATIBLE-SMARTPHONES/DP/B0818QDW68
CINYIUZE	CINYIUZE	amazon.ae	HTTPS://WWW.AMAZON.AE/CINYIUZE-PHONE-SCREEN-MAGNIFIER-SMARTPHONES/DP/B08L6WH1QJ
CINYIUZE	CINYIUZE	amazon.ae	HTTPS://WWW.AMAZON.AE/CINYIUZE-PHONE-SCREEN-MAGNIFIER-SMARTPHONES/DP/B08LY8J12P
CIODAT	CIODAT	amazon.ae	HTTPS://WWW.AMAZON.AE/CIODAT-HEADPHONES-WIRELESS-BLUETOOTH-WATERPROOF/DP/B0BYYXPM88
CIREAROA	CIREAROA	amazon.ae	HTTPS://WWW.AMAZON.AE/CIREAROA-PROFESSIONAL-SIMULATOR-LOGITECH-FANATECH/DP/B09WR31VG9
CIRYASR	CIRYASR	amazon.ae	HTTPS://WWW.AMAZON.AE/CIRYASR-WIRELESS-UPGRADED-MULTIMEDIA-NAVIGATION/DP/B0FJS5ZQL7
CISAY	CISAY	amazon.ae	HTTPS://WWW.AMAZON.AE/CISAY-DETECTOR-RECHARGEABLE-SECURITY-BASEMENT/DP/B08DKFTS69
CISMMY	CISMMY	amazon.ae	HTTPS://WWW.AMAZON.AE/CISMMY-CROCODILE-WALLPAPER-EMBOSSED-REMOVABLE/DP/B0C2N7Y8KR
CIVIKYLE	CIVIKYLE	amazon.ae	HTTPS://WWW.AMAZON.AE/CIVIKYLE-RECHARGEABLE-FLICKERING-WEATHERPROOF-DECORATION/DP/B0CL9PNPTS
CIYAGPOOU	CIYAGPOOU	amazon.ae	HTTPS://WWW.AMAZON.AE/CIYAGPOOU-ADHESIVE-BREATHABLE-COHESIVE-PROTECTION/DP/B0B4SX7F1X
CIZIYIHENG	CIZIYIHENG	amazon.ae	HTTPS://WWW.AMAZON.AE/CIZIYIHENG-INDUSTRIAL-PRECISION-SUITABLE-ELECTRONIC/DP/B0B9FQ7336
CJXM	CJXM	amazon.ae	HTTPS://WWW.AMAZON.AE/CJXM-WEIGHTED-BLANKET-ADULTS-CMTZ-8287-22-DSL/DP/B07Q22XB8M
CJYMMFAN	CJYMMFAN	amazon.ae	HTTPS://WWW.AMAZON.AE/CJYMMFAN-ELEVATED-POWERFUL-ANTI-SLIP-PORTABLE/DP/B0DYNKXYG1
CKEURERI	CKEURERI	amazon.ae	HTTPS://WWW.AMAZON.AE/CKEURERI-STERLING-EARRINGS-HYPOALLERGENIC-SENSITIVE/DP/B0CM6K792C
CKEURERI	CKEURERI	amazon.ae	HTTPS://WWW.AMAZON.AE/CKEURERI-CHECKERED-EARRINGS-STERLING-HYPOALLERGENIC/DP/B0D39YTPSZ
CLCCON	CLCCON	amazon.ae	HTTPS://WWW.AMAZON.AE/CLCCON/S?K=CLCCON
CLCYICEN	CLCYICEN	amazon.ae	HTTPS://WWW.AMAZON.AE/CLCYICEN-PURIFIER-COVERAGE-WIRELESS-ALLERGENS/DP/B097YBH51R
CLEECLI	CLEECLI	amazon.ae	HTTPS://WWW.AMAZON.AE/CLEECLI-WOMENS-BALLROOM-T-STRAP-SANDALS/DP/B0796BZMCT
CLESOO	CLESOO	amazon.ae	HTTPS://WWW.AMAZON.AE/CLESOO-ADJUSTABLE-ORGANIZER-CUPHOLDER-HEADPHONE/DP/B0CT3DJ118
CLIMBOSE	CLIMBOSE	amazon.ae	HTTPS://WWW.AMAZON.AE/CLIMBOSE-HUNTING-WILDLIFE-WATERPROOF-SURVEILLANCE/DP/B07ML2BX26
CLIUSNRA	CLIUSNRA	amazon.ae	HTTPS://WWW.AMAZON.AE/CLIUSNRA-MEMORY-FOAM-TRAVEL-PILLOW/DP/B08CXMK9PT
CLOFY	CLOFY	amazon.ae	HTTPS://WWW.AMAZON.AE/CLOFY-MEASUREMENT-TECHNOLOGY-440POUNDS-CLASSICAL/DP/B07J9VRLXB
CLOUCOMFT	CLOUCOMFT	amazon.ae	HTTPS://WWW.AMAZON.AE/CLOUCOMFT/S?K=CLOUCOMFT
CLOUCOMFT	CLOUCOMFT	amazon.ae	HTTPS://WWW.AMAZON.AE/CLOUCOMFT-U-SHAPED-BAMBOO-CHARCOAL-ADJUSTABLE-AIRPLANE/DP/B07FSQ2C3L
CLYMEN	CLYMEN	amazon.ae	HTTPS://WWW.AMAZON.AE/CLYMEN-Q7-SELF-CHARGING-SUITABLE-POWERFUL/DP/B07DPBT2DQ
CMARTE	CMARTE	amazon.ae	HTTPS://WWW.AMAZON.AE/CMARTE-CAMPING-WATERPROOF-INSTANT-ASSEMBLY/DP/B079NWC5SG
CMMT44808	CMMT44808	amazon.ae	HTTPS://WWW.AMAZON.AE/CRAFTSMAN-RATCHET-8-INCH-DRIVE-CMMT44808/DP/B07QJ82NKG
CMOOD	CMOOD	amazon.ae	HTTPS://WWW.AMAZON.AE/CMOOD-MOTORCYCLE-BAR-END-MIRRORS/DP/B0B8X9CDM2
CMUBH	CMUBH	amazon.ae	HTTPS://WWW.AMAZON.AE/CMUBH-RECHARGEABLE-ANTI-ADJUSTABLE-SENSITIVITY-INTENSITY/DP/B0CDX17KC9
CMWWYFC	CMWWYFC	amazon.ae	HTTPS://WWW.AMAZON.AE/CMWWYFC-REPLACEMENT-TOOTHBRUSH-CBA1001-COMPATIBLE/DP/B09HC6SQFN
CMXIKJ	CMXIKJ	amazon.ae	HTTPS://WWW.AMAZON.AE/CMXIKJ-DEFIBRILLATOR-STORAGE-STAINLESS-HOSPITAL/DP/B09WK89ZGN
CMXLTECH	CMXLTECH	amazon.ae	HTTPS://WWW.AMAZON.AE/CMXLTECH-CORDED-WAITING-LANDLINE-CALLING/DP/B09SZ42NKT
CMXSEVENDAY	CMXSEVENDAY	amazon.ae	HTTPS://WWW.AMAZON.AE/CMXSEVENDAY-SHOULDER-MESSENGER-CROSSBODY-VERTICAL/DP/B07G87M6K4
CNMUDONSI	CNMUDONSI	amazon.ae	HTTPS://WWW.AMAZON.AE/CNMUDONSI-SWEATPANTS-ELASTIC-DRAWSTRING-KN731DKGRAY8T/DP/B077YPSR8Z
COBFDHA	COBFDHA	amazon.ae	HTTPS://WWW.AMAZON.AE/COBFDHA-PROJECTS-SCIENCE-BUILDING-EXPERIMENTS/DP/B09WW3S4T3
COCOWIND	COCOWIND	amazon.ae	HTTPS://WWW.AMAZON.AE/COCOWIND-OUTDOOR-CUSHIONS-JAPANESE-CUSHION-CEMENT/DP/B094XXYTPD
COCOWIND	COCOWIND	amazon.ae	HTTPS://WWW.AMAZON.AE/COCOWIND-OUTDOOR-CONTROL-WATERPROOF-PATHWAY-160W/DP/B09BVP972X
COFFEE4U	COFFEE4U	amazon.ae	HTTPS://WWW.AMAZON.AE/FROTHING-COFFEE4U-STAINLESS-ESPRESSO-MACHINES/DP/B07DVHV1ZY
COHOTEK	COHOTEK	amazon.ae	HTTPS://WWW.AMAZON.AE/COHOTEK-MASSAGER-CORDLESS-COMPRESSION-INTENSITIES/DP/B08ND5B1C1
COISMO	COISMO	amazon.ae	HTTPS://WWW.AMAZON.AE/COISMO-MULTI-LENGTH-FLOATING-SHELVES/DP/B06XS8PMZ5
COLEGRY	COLEGRY	amazon.ae	HTTPS://WWW.AMAZON.AE/COLEGRY-TELESCOPIC-ROBOTICS-CREATIVE-LEARNING/DP/B0CBTG6HKJ
COLLABELL	COLLABELL	amazon.ae	HTTPS://WWW.AMAZON.AE/COLLABELL-CHRISTMAS-AROMATHERAPY-BIRTHDAY-THANKSGIVING/DP/B0CJLPSLWK
COLLWAIT	COLLWAIT	amazon.ae	HTTPS://WWW.AMAZON.AE/COLLWAIT-SERVING-HANDLES-APPETIZER-UNBREAKABLE/DP/B0C42XQ3MK
COLMANDA	COLMANDA	amazon.ae	HTTPS://WWW.AMAZON.AE/COLMANDA-CHILDRENS-ROLLER-SKATES-ADJUSTABLE/DP/B08S6LMZGD
COLOBLES	COLOBLES	amazon.ae	HTTPS://WWW.AMAZON.AE/COLOBLES-WATERLESS-DIFFUSER-ESSENTIAL-OILS/DP/B0CR3YJ2B6
COLORSAVVY	COLORSAVVY	amazon.ae	HTTPS://WWW.AMAZON.AE/COLORSAVVY-WATERLESS-DIFFUSERS-ESSENTIAL-AROMATHERAPY/DP/B0CB8B21DT
COLORSPRING	COLORSPRING	amazon.ae	HTTPS://WWW.AMAZON.AE/COLORSPRING-STICKER-WATERPROOF-REMOVABLE-REUSABLE/DP/B07WBYBQCY
COMARKIS	COMARKIS	amazon.ae	HTTPS://WWW.AMAZON.AE/COMARKIS-BEDROOM-CIRCLE-NURSERY-CARPETS/DP/B09MDYVSWW
COMDOX	COMDOX	amazon.ae	HTTPS://WWW.AMAZON.AE/COMDOX-300PCS-SOCKET-ASSORTMENT-PLASTIC/DP/B078RX1GJ9
COMEBS	COMEBS	amazon.ae	HTTPS://WWW.AMAZON.AE/COMEBS-MULTI-ANGLE-UNIVERSAL-EREADERS-SMARTPHONES/DP/B082G4WP7K
COMEE	COMEE	amazon.ae	HTTPS://WWW.AMAZON.AE/COMEE-HEAVY-DUTY-TRANSOM-TIE-DOWNS1/DP/B07MP1YQN7
COMFICASA	COMFICASA	amazon.ae	HTTPS://WWW.AMAZON.AE/COMFICASA-SUPPORT-EXTENDER-COMFORTABLE-COMPUTER/DP/B07ZXJ3JK1
COMFICLOUDS	COMFICLOUDS	amazon.ae	HTTPS://WWW.AMAZON.AE/COMFICLOUDS-SUPPORT-WHEELCHAIR-COMPUTER-ERGONOMIC/DP/B07XNP26PR
COMFINE	COMFINE	amazon.ae	HTTPS://WWW.AMAZON.AE/COMFINE-IPL-HAIR-REMOVAL-WOMEN/DP/B08S6V76V8
COMOSSO	COMOSSO	amazon.ae	HTTPS://WWW.AMAZON.AE/COMOSSO-WATERPROOF-CERTIFIED-DUSTPROOF-FULL-BODY/DP/B084VG1C4L
COMUNITE	COMUNITE	amazon.ae	HTTPS://WWW.AMAZON.AE/COMUNITE-GERMAN-STEEL-HELMET-ET68/DP/B08S6ZGDNS
COMVIEE	COMVIEE	amazon.ae	HTTPS://WWW.AMAZON.AE/COMVIEE-AUTOMATIC-STAINLESS-LIVESTOCK-DISPENSER/DP/B0C7Z7RCDL
COMZINN	COMZINN	amazon.ae	HTTPS://WWW.AMAZON.AE/COMZINN-SHOULDER-REUSABLE-INJURIES-TENDONITIS/DP/B0B5YYVQ8D
CONDAKE	CONDAKE	amazon.ae	HTTPS://WWW.AMAZON.AE/CONDAKE-ROTISSERIE-CONVECTION-COUNTERTOP-DEHYDRATE/DP/B0B64F1L8J
CONFIBONA	CONFIBONA	amazon.ae	HTTPS://WWW.AMAZON.AE/CONFIBONA-LIGHTWEIGHT-COMFORTER-NOISELESS-WASHABLE/DP/B07BT4N8CD
CONIENGK	CONIENGK	amazon.ae	HTTPS://WWW.AMAZON.AE/CONIENGK-KITCHEN-ACCESSORIES-AUTOMATIC-FLUSHING/DP/B09TVG1GFM
CONNCHE	CONNCHE	amazon.ae	HTTPS://WWW.AMAZON.AE/CONNCHE-QUINEE-MATERNITY-NURSING-BREASTFEEDING/DP/B07G8365HZ
CONOFA	CONOFA	amazon.ae	HTTPS://WWW.AMAZON.AE/CONOFA-INTERLOCKING-NON-SLIP-PONYTAIL-ACCESSORY/DP/B08L84DQX5
CONPRU	CONPRU	amazon.ae	HTTPS://WWW.AMAZON.AE/-/AR/%D9%83%D9%88%D9%86%D8%A8%D8%B1%D9%88-C-094/DP/B07TJQYGP8
CONVIV	CONVIV	amazon.ae	HTTPS://WWW.AMAZON.AE/CONVIV-BIANCO-NON-ALCOHOLIC-VERMOUTH-SPIRIT/DP/B08Y1KSXDR
COOBLE	COOBLE	amazon.ae	HTTPS://WWW.AMAZON.AE/COOBLE-CHENILLE-WATERPROOF-ORGANIZER-WHITE-SNACK/DP/B0C2ZJG5KJ
COOFIZO	COOFIZO	amazon.ae	HTTPS://WWW.AMAZON.AE/COOFIZO-BRUSH-NICKEL-CUPBOARD-HANDLE/DP/B07GDG5LY9
COOLAPA	COOLAPA	amazon.ae	HTTPS://WWW.AMAZON.AE/COOLAPA-RECHARGEABLE-HEADLAMP-FLASHLIGHT-WATERPROOF/DP/B07ZWY96ZB
COOLLOOG	COOLLOOG	amazon.ae	HTTPS://WWW.AMAZON.AE/COOLLOOG-KIDS-SNEAKERS-LIGHTWEIGHT-BREATHABLE/DP/B0921F2562
COOLLOOG	COOLLOOG	amazon.ae	HTTPS://WWW.AMAZON.AE/COOLLOOG-KIDS-SNEAKERS-LIGHTWEIGHT-BREATHABLE/DP/B0921DCYZM
COOLSTEK	COOLSTEK	amazon.ae	HTTPS://WWW.AMAZON.AE/COOLSTEK-NUMBERS-BEGINNER-DIY-PAINTING/DP/B08HH651RN
COOMHOME	COOMHOME	amazon.ae	HTTPS://WWW.AMAZON.AE/COOMHOME-ORGANIZER-FOLDABLE-COLLAPSIBLE-BATHROOM/DP/B085M3XNG5
COOWAYZE	COOWAYZE	amazon.ae	HTTPS://WWW.AMAZON.AE/COOWAYZE-STICKERS-WATERPROOF-SELF-LAMINATING-DISHWASHER/DP/B09B94LNKY
CORODE	CORODE	amazon.ae	HTTPS://WWW.AMAZON.AE/PUMA-CORODE-RUNNING-BLACK-HIGH-37310101/DP/B07V2BSLD7
CORYSEL	CORYSEL	amazon.ae	HTTPS://WWW.AMAZON.AE/CORYSEL-KITCHEN-SPRAYER-SINGLE-HANDLE-BRUSHED/DP/B0851615RG
COSKAKA	COSKAKA	amazon.ae	HTTPS://WWW.AMAZON.AE/COSKAKA-SWIMSUIT-SWIMMING-CONTROL-BATHING/DP/B07K5SLL4H
COSPNT	COSPNT	amazon.ae	HTTPS://WWW.AMAZON.AE/COSPNT-ENDODONTIC-LOCATOR-INSTRUMENTS-PORTABLE/DP/B0BM4DVGWX
COSPRING	COSPRING	amazon.ae	HTTPS://WWW.AMAZON.AE/COSPRING-HANDMADE-COFFEE-DECORATION-JUJUBE/DP/B01CVA26GM
COSSNISS	COSSNISS	amazon.ae	HTTPS://WWW.AMAZON.AE/COSSNISS-MEDIUM-DARK-BLUE-ATHLETIC/DP/B07DN7XKQS
COSTHAT	COSTHAT	amazon.ae	HTTPS://WWW.AMAZON.AE/COSTHAT-UNIFORM-COSPLAY-COSTUME-XX-LARGE/DP/B078783KFZ
COSYFAME	COSYFAME	amazon.ae	HTTPS://WWW.AMAZON.AE/COSYFAME-PORTABLE-RELAXATION-SUPPORTER-HEADACHES/DP/B07VSCXX6Z
COTABATY	COTABATY	amazon.ae	HTTPS://WWW.AMAZON.AE/COTABATY-MATTRESS-BUILT-PUMP-INFLATABLE/DP/B0CXD96WY4
COTAIWA	COTAIWA	amazon.ae	HTTPS://WWW.AMAZON.AE/COTAIWA-CRYSTAL-KEYCAP%EF%BC%8CABS-MECHANICAL-KEYBOARD/DP/B0B97QFHM5
COTATERO	COTATERO	amazon.ae	HTTPS://WWW.AMAZON.AE/COTATERO-SUPERHERO-WRISTBANDS-BIRTHDAY-CHRISTMAS/DP/B087N4B4W8
COTILL	COTILL	amazon.ae	HTTPS://WWW.AMAZON.AE/COTILL-SPLINTS-SUPPORT-ADJUSTABLE-BREATHABLE/DP/B01M8PTXSA
COTRIO	COTRIO	amazon.ae	HTTPS://WWW.AMAZON.AE/COTRIO-PRINCESS-HEADBAND-COLOURFUL-HALLOWEEN/DP/B07RDK6ZB2
COUCREK	COUCREK	amazon.ae	HTTPS://WWW.AMAZON.AE/COUCREK-STANDING-TEMPERATURES-MINIMALIST-CHILDRENS/DP/B09YPPRY42
COUNLISHA	COUNLISHA	amazon.ae	HTTPS://WWW.AMAZON.AE/COUNLISHA-ACCESSORIES-SPEAKER-DURABLE-PROTECT/DP/B0B8DXRY4P
COVBOARD	COVBOARD	amazon.ae	HTTPS://WWW.AMAZON.AE/COVBOARD-MAGNETIC-CHESS-GAME-MULTIPLAYER/DP/B0CPBHD68W
COVFEVER	COVFEVER	amazon.ae	HTTPS://WWW.AMAZON.AE/COVFEVER-LIGHTED-CHRISTMAS-OPERATED-DECORATIONS/DP/B08D3TLJM1
COVPAW	COVPAW	amazon.ae	HTTPS://WWW.AMAZON.AE/COVPAW-WOMEN-SKIRT-COTTON-HOLIDAY/DP/B0B2DL9VS3
COYETH	COYETH	amazon.ae	HTTPS://WWW.AMAZON.AE/MONOCULAR-TELESCOPE-SMARTPHONE-WATCHING-WILDLIFE/DP/B095C9MFHH
COZEASY	COZEASY	amazon.ae	HTTPS://WWW.AMAZON.AE/COZEASY-ASSORTED-NO-METAL-PONYTAIL-MULTICOLOR/DP/B0915T4XH1
COZEASY	COZEASY	amazon.ae	HTTPS://WWW.AMAZON.AE/COZEASY-BREATHING-ADJUSTABLE-RESISTANCE-DETACHABLE/DP/B0CY2Z376K
COZEASY	COZEASY	amazon.ae	HTTPS://WWW.AMAZON.AE/COZEASY-NO-METAL-PONYTAIL-SNAGGING-MULTICOLOR/DP/B09NDWQT2D
COZSEDY	COZSEDY	amazon.ae	HTTPS://WWW.AMAZON.AE/COZSEDY-CALFSKIN-WALLETS-BLOCKING-LEATHER/DP/B08HHWH3YK
COZYMASS	COZYMASS	amazon.ae	HTTPS://WWW.AMAZON.AE/COZYMASS-3950PCS-ARCHITECTURE-COLLECTION-BUILDING/DP/B094RJ5HHJ
COZZYWARE	COZZYWARE	amazon.ae	HTTPS://WWW.AMAZON.AE/COZZYWARE-FOOD-CHOPPER-VEGETABLES-PROCESSOR/DP/B08FKWHJNR
CPCGER	CPCGER	amazon.ae	HTTPS://WWW.AMAZON.AE/CPCGER-WIRELESS-CARPLAY-ADAPTER-I-PHONE/DP/B0BZ8DRN9R
CPDZ	CPDZ	amazon.ae	HTTPS://WWW.AMAZON.AE/CPDZ-ELECTRIC-VEGETABLE-ZUCCHINI-AUTOMATIC/DP/B0BX2QB2LK
CPLID	CPLID	amazon.ae	HTTPS://WWW.AMAZON.AE/CPLID-BACKLIGHT-MONITOR-AMBIENT-LIGHTING/DP/B01KVP4J8W
CPOKOH	CPOKOH	amazon.ae	HTTPS://WWW.AMAZON.AE/CPOKOH-EXERCISE-RESISTANT-BALANCE-WORKOUT/DP/B086WV2Q49
CPYOSN	CPYOSN	amazon.ae	HTTPS://WWW.AMAZON.AE/CPYOSN-DOG-SQUEAKY-TOYS-OCTOPUS/DP/B08G44DRSC
CPYOSN	CPYOSN	amazon.ae	HTTPS://WWW.AMAZON.AE/CPYOSN-SQUEAKY-OCTOPUS-STUFFING-INTERACTIVE/DP/B08PFK3Z7L
CQMMA	CQMMA	amazon.ae	HTTPS://WWW.AMAZON.AE/CQMMA-PLATE-SUITABLE-DOORS-THICKNESS/DP/B09GV95QP8
CQSJX	CQSJX	amazon.ae	HTTPS://WWW.AMAZON.AE/CQSJX-MITSUBISHI-2007-2020-CHALLENGER-ALUMINUM/DP/B0CKR7CR74
CQSJX	CQSJX	amazon.ae	HTTPS://WWW.AMAZON.AE/CQSJX-MITSUBISHI-2016-2022-ALUMINUM-LUGGAGE/DP/B0CKT3VNRJ
CQSJX	CQSJX	amazon.ae	HTTPS://WWW.AMAZON.AE/CQSJX-HOUSING-MITSUBISHI-DECORATION-CAP-SIDE/DP/B0CRRHR6C3
CRAYBG	CRAYBG	amazon.ae	HTTPS://WWW.AMAZON.AE/CRAYBG-PILLOW-TRAVEL-AIRPLANE-WASHABLE/DP/B0CBBS4GL6
CRAYLINE	CRAYLINE	amazon.ae	HTTPS://WWW.AMAZON.AE/CRAYLINE-PRINCESS-BIRTHDAY-TODDLERS-ASSEMBLE/DP/B085ZZ5L59
CRAZYRIMCOS	CRAZYRIMCOS	amazon.ae	HTTPS://WWW.AMAZON.AE/CRAZYRIMCOS-KILLJOY-ACCESSORIES-CLOTHING-COLLECTION/DP/B09QKGBHV9
CREATART	CREATART	amazon.ae	HTTPS://WWW.AMAZON.AE/CREATART-BASSINET-AUTOMATIC-FUNCTION-ADJUSTABLE/DP/B09ZNZM542
CREATWO	CREATWO	amazon.ae	HTTPS://WWW.AMAZON.AE/CREATWO-HALLOWEEN-COSTUMES-ADULTS-COSPLAY/DP/B0D9QVRJY2
CREHOMFY	CREHOMFY	amazon.ae	HTTPS://WWW.AMAZON.AE/CREHOMFY-LAUNDRY-SYNTHETIC-HANDWOVEN-REMOVABLE/DP/B08NSS4YVH
CREHOMFY	CREHOMFY	amazon.ae	HTTPS://WWW.AMAZON.AE/CREHOMFY-LAUNDRY-SYNTHETIC-HANDWOVEN-FOLDABLE/DP/B08NTG1BVY
CREPROLY	CREPROLY	amazon.ae	HTTPS://WWW.AMAZON.AE/CREPROLY-VOLLEYBALL-TRAINING-EQUIPMENT-ADJUSTMENT/DP/B0DG586ZG9
CRETOPWIN	CRETOPWIN	amazon.ae	HTTPS://WWW.AMAZON.AE/CRETOPWIN-SHREDDED-SLEEPING-REMOVABLE-SLEEPERS/DP/B0B2KJTGB7
CRFNI	CRFNI	amazon.ae	HTTPS://WWW.AMAZON.AE/CRFNI-120CM-LENGTH-PAMPAS-GRASS/DP/B08L8R118G
CRGHS	CRGHS	amazon.ae	HTTPS://WWW.AMAZON.AE/CRGHS-ATTACHMENT-PULLDOWN-ROTATION-STRENGTH/DP/B08F2LYZMJ
CRILEAL	CRILEAL	amazon.ae	HTTPS://WWW.AMAZON.AE/CRILEAL-DEVILS-EYE-2-PACK-PROGRAMMABLE/DP/B0DP7NTN14
CRILEAL	CRILEAL	amazon.ae	HTTPS://WWW.AMAZON.AE/CRILEAL-SUITABLE-SEMI-TRAILERS-APP-BASED-MANAGEMENT/DP/B0F219PNV5
CRISSCHIRS	CRISSCHIRS	amazon.ae	HTTPS://WWW.AMAZON.AE/CRISSCHIRS-CUSHION-HANDMADE-BEDROOM-WHITE02/DP/B08QDFSWTX
CRIXNY	CRIXNY	amazon.ae	HTTPS://WWW.AMAZON.AE/CRIXNY-FRUIT-BASKET-KITCHEN-COUNTER/DP/B0CF1XYR83
CROSPACK	CROSPACK	amazon.ae	HTTPS://WWW.AMAZON.AE/CROSPACK-BUSINESS-GARMENT-CAPACITY-WEEKENDER/DP/B079GWYDNP
CROSPACK	CROSPACK	amazon.ae	HTTPS://WWW.AMAZON.AE/CROSPACK-UPGRADE-GARMENT-SHOULDER-FOLDABLE/DP/B07JFTTNFY
CRRD	CRRD	amazon.ae	HTTPS://WWW.AMAZON.AE/KAWAII-BOTTLE-PORTABLE-BOTTLES-CAMPING/DP/B09YSZKQJR
CRUCISRESIN	CRUCISRESIN	amazon.ae	HTTPS://WWW.AMAZON.AE/CRUCISRESIN-SHAVING-BRUSH-RAZOR-STAND/DP/B0BX6RY6L1
CRUIANAR	CRUIANAR	amazon.ae	HTTPS://WWW.AMAZON.AE/CRUIANAR-BMW-740-G11-G12/DP/B09HTMYTF6
CRUODA	CRUODA	amazon.ae	HTTPS://WWW.AMAZON.AE/ACRYLIC-DISPLAY-SHOWCASE-TRANSPARENT-HL-20190405/DP/B073VL2X71
CRUSHANUG	CRUSHANUG	amazon.ae	HTTPS://WWW.AMAZON.AE/CRUSHANUG-PRESS-GRADE-ANODIZED-ALUMINUM/DP/B08R86YD83
CRUSIO	CRUSIO	amazon.ae	HTTPS://WWW.AMAZON.AE/CRUSIO/S?K=CRUSIO
CRUZYO	CRUZYO	amazon.ae	HTTPS://WWW.AMAZON.AE/CRUZYO-FLEA-TICK-PREVENTION-CATS/DP/B089DT9LY2
CSDUST2	CSDUST2	amazon.ae	HTTPS://WWW.AMAZON.AE/INDUSTRIAL-COLLECTOR-MULTIPURPOSE-COLLECTION-HEAVY-DUTY/DP/B07HM5LZ5N
CSENS	CSENS	amazon.ae	HTTPS://WWW.AMAZON.AE/ENDURANCE-PIERCER-SEPERATER-BAKERY-PUNCHER/DP/B083NKWTDJ
CSTESVN	CSTESVN	amazon.ae	HTTPS://WWW.AMAZON.AE/CSTESVN-COMPATIBLE-NINTENDO-COMPOSITE-GOLD-PLATED/DP/B09Z9DBCMP
CTBSME	CTBSME	amazon.ae	HTTPS://WWW.AMAZON.AE/CTBSME-PLATFORM-MATTRESS-ASSEMBLY-TOOL-FREE/DP/B099YZ93JX
CTIZNE	CTIZNE	amazon.ae	HTTPS://WWW.AMAZON.AE/CTIZNE-DISPOSABLE-FRYER-PAPER-LINERS/DP/B09YMB66ZJ
CTIZNE	CTIZNE	amazon.ae	HTTPS://WWW.AMAZON.AE/CTIZNE-FRYER-PAPER-LINER-DISPOSABLE/DP/B09YM9JSP9
CTVISON	CTVISON	amazon.ae	HTTPS://WWW.AMAZON.AE/CTVISON-WIRELESS-SECURITY-DETECTION-SURVEILLANCE/DP/B07RS5MR6B
CTYSTALLOVE	CTYSTALLOVE	amazon.ae	HTTPS://WWW.AMAZON.AE/CTYSTALLOVE-HANGING-UTENSILS-ORGANIZER-DRAINING/DP/B07H2B7PHD
CUBESPRINGS	CUBESPRINGS	amazon.ae	HTTPS://WWW.AMAZON.AE/CUBESPRINGS-WHEELBARROW-4-00-8-BEARINGS-ADAPTER/DP/B0CKM7CJTQ
CUCICU	CUCICU	amazon.ae	HTTPS://WWW.AMAZON.AE/CUCICU-WIRELESS-CHARGING-MULTIPLE-MAG-SAFE/DP/B0CHHVL9Y5
CUCUUN	CUCUUN	amazon.ae	HTTPS://WWW.AMAZON.AE/CUCUUN-LIGHTWEIGHT-COMFORTER-EGYPTIAN-HYPO-ALLERGENIC/DP/B07Q7NTQV6
CUEPLO	CUEPLO	amazon.ae	HTTPS://WWW.AMAZON.AE/VEGETABLE-CUEPLO-PORTABLE-RECHARGEABLE-PURIFIER/DP/B09YHBMDGW
CUIMEI	CUIMEI	amazon.ae	HTTPS://WWW.AMAZON.AE/CUIMEI-FLEECE-NECK-WARMER-GAITER/DP/B07XCP4CMD
CUIMEI	CUIMEI	amazon.ae	HTTPS://WWW.AMAZON.AE/CUIMEI-COOLING-GAITER-BANDANAS-BREATHABLE/DP/B07SPYRN4X
CULBUTT	CULBUTT	amazon.ae	HTTPS://WWW.AMAZON.AE/CULBUTT-RESISTANCE-EXERCISE-WORKOUT-FITNESS/DP/B00XUZOPW6
CUNGUV	CUNGUV	amazon.ae	HTTPS://WWW.AMAZON.AE/CUNGUV-COPPER-EXTENSION-JOINT-CONNECTORS/DP/B0C74N5R88
CUNGUV	CUNGUV	amazon.ae	HTTPS://WWW.AMAZON.AE/CUNGUV-AQUATIC-WEED-CUTTER-STAINLESS/DP/B0C74MQ3H6
CUNGUV	CUNGUV	amazon.ae	HTTPS://WWW.AMAZON.AE/CUNGUV-SPRINKLER-REPLACEMENT-AUTOMATIC-IRRIGATION/DP/B0B4991CKD
CUNHUY	CUNHUY	amazon.ae	HTTPS://WWW.AMAZON.AE/CUNHUY-PULLER-SUCTION-POWERFUL-REMOVAL/DP/B09VX1ZBN8
CUNQN	CUNQN	amazon.ae	HTTPS://WWW.AMAZON.AE/CUNQN-CONDIMENT-SQUEEZING-REUSABLE-CONTAINERS/DP/B09Z5NFPSJ
CUPALL	CUPALL	amazon.ae	HTTPS://WWW.AMAZON.AE/CUPALL-12-CUP-COFFEE-REPLACEMENT-COMPATIBLE/DP/B09NNBL8T3
CUPIDIAN	CUPIDIAN	amazon.ae	HTTPS://WWW.AMAZON.AE/ENERGETIX-04011-CUPIDIAN-SUDOPO-ADRENAPATH/DP/B0158URBJO
CUQY	CUQY	amazon.ae	HTTPS://WWW.AMAZON.AE/CUQY-SHOULDER-COCKTAIL-WEDDING-DRESSES/DP/B07RNFVH61
CUQY	CUQY	amazon.ae	HTTPS://WWW.AMAZON.AE/CUQY-SLEEVELESS-COCKTAIL-POCKETS-GREEN-XL/DP/B076Q745TP
CURVYMOON	CURVYMOON	amazon.ae	HTTPS://WWW.AMAZON.AE/CURVYMOON-CORDLESS-LIGHTWEIGHT-HANDHELD-HARDWOOD/DP/B0CQRDGLMP
CURYSAMJUN	CURYSAMJUN	amazon.ae	HTTPS://WWW.AMAZON.AE/CURYSAMJUN-PATTERN-ABSTRACT-STRIPES-DECORATIVE/DP/B08XYSBYNS
CUSFULL	CUSFULL	amazon.ae	HTTPS://WWW.AMAZON.AE/CUSFULL-SOUVENIR-DECORATIONS-CHRISTMAS-ORNAMENTS/DP/B0836R3M6S
CUSMOR	CUSMOR	amazon.ae	HTTPS://WWW.AMAZON.AE/CUSMOR-ADJUSTABLE-ORGANIZER-ASSEMBLE-ENTRYWAY/DP/B08NK3L69C
CUUYQ	CUUYQ	amazon.ae	HTTPS://WWW.AMAZON.AE/CUUYQ-WATERPROOF-TARPAULIN-REINFORCED-RESISTANT/DP/B07W8FNKZW
CUUYQ	CUUYQ	amazon.ae	HTTPS://WWW.AMAZON.AE/CUUYQ-SIMULATION-ARTIFICIAL-PRACTICE-PROFESSIONAL/DP/B0829YZL3R
CUWINY	CUWINY	amazon.ae	HTTPS://WWW.AMAZON.AE/CUWINY-INVERTER-VOLTAGE-CUTTING-ACCESSORIES/DP/B0827LWXHR
CXFDDV	CXFDDV	amazon.ae	HTTPS://WWW.AMAZON.AE/CXFDDV-RADIATOR-RETAINING-SPRING-HORSE/DP/B0C7ZGX2RH
CXJFF	CXJFF	amazon.ae	HTTPS://WWW.AMAZON.AE/SINGLE-CHAIR-COMPUTER-WITHOUT-CXJFF/DP/B07WXPCW7G
CXLL	CXLL	amazon.ae	HTTPS://WWW.AMAZON.AE/CXLL-REPLACEMENT-ADVENTURE-QUENCHER-ACCESSORIES/DP/B0CNTT52NL
CYCLEPARTNER	CYCLEPARTNER	amazon.ae	HTTPS://WWW.AMAZON.AE/CYCLEPARTNER-ELITE-700-HEADLIGHT-RECHARGEABLE-WATERPROOF/DP/B01LYMZUNK
CYECTTR	CYECTTR	amazon.ae	HTTPS://WWW.AMAZON.AE/CYECTTR-LRMI-EMERGENCY-CAR-ROADSIDE/DP/B07M8LS7MP
CYLIVELY	CYLIVELY	amazon.ae	HTTPS://WWW.AMAZON.AE/CYLIVELY-TODDLER-TRAMPOLINE-ENCLOSURE-GENDERS/DP/B0CZLKSH9N
CYLIVELY	CYLIVELY	amazon.ae	HTTPS://WWW.AMAZON.AE/CYLIVELY-EXERCISER-SCRATCHER-TREADMILL-FURNITURE/DP/B0BVMMXTZ8
CYSSJF	CYSSJF	amazon.ae	HTTPS://WWW.AMAZON.AE/CYSSJF-NUMBER-DISPENSER-MACHINE-DIGITS%EF%BC%8800-99%EF%BC%89-RECTANGLE/DP/B0BF4VLCHY
CYTTR	CYTTR	amazon.ae	HTTPS://WWW.AMAZON.AE/CYTTR-THERMAL-TRANSFER-RIBBONS-DATAMAX/DP/B07SPJMGHX
CYWLIFE	CYWLIFE	amazon.ae	HTTPS://WWW.AMAZON.AE/CYWLIFE-SEAMLESS-PONYTAIL-SCRUNCHIE-ELASTICS/DP/B076YF5MJW
CZFWIN	CZFWIN	amazon.ae	HTTPS://WWW.AMAZON.AE/CZFWIN-CONTAINER-AIRTIGHT-STORAGE-COOKIES/DP/B0936RC7M1
CZNGY	CZNGY	amazon.ae	HTTPS://WWW.AMAZON.AE/ALUMINUM-CZNGY-WATERPROOF-ACCURATE-CONTROL/DP/B088H92LNS
CZZZ	CZZZ	amazon.ae	HTTPS://WWW.AMAZON.AE/CZZZ-WEIGHTED-BLANKET-20-LBS/DP/B07PJR23PT
DACNOD	DACNOD	amazon.ae	HTTPS://WWW.AMAZON.AE/DACNOD-HALLOWEEN-GHOSTFACE-HORROR-OUTDOOR/DP/B0CD5SFGSZ
DADABOX	DADABOX	amazon.ae	HTTPS://WWW.AMAZON.AE/DADABOX-DECORATIVE-PAINTING-TRADITIONAL-ABSTRACT/DP/B07ZTWJFG3
DADOP	DADOP	amazon.ae	HTTPS://WWW.AMAZON.AE/KOLINSKY-ACRYLIC-BRUSHES-APPLICATION-CUTICLE/DP/B092ZMVCXQ
DAEKPAEK	DAEKPAEK	amazon.ae	HTTPS://WWW.AMAZON.AE/DAEKPAEK-CPAP-HANGER-ANTI-UNHOOK-FEATURE/DP/B0C2D8H153
DAETNG	DAETNG	amazon.ae	HTTPS://WWW.AMAZON.AE/DAETNG-MASSAGER-VIBRATION-PHYSIOTHERAPY-ARTHRITIS/DP/B08Y8K8QZV
DAETNG	DAETNG	amazon.ae	HTTPS://WWW.AMAZON.AE/DAETNG-AUTOMATIC-ALMOND-HEALTHY-PORRIDGE/DP/B07ZMBP67H
DAFATPIG	DAFATPIG	amazon.ae	HTTPS://WWW.AMAZON.AE/DAFATPIG-CHAINSAW-HALLOWEEN-COSPLAY-MASQUERADE/DP/B0BRNDQCF1
DAFDAG	DAFDAG	amazon.ae	HTTPS://WWW.AMAZON.AE/DAFDAG-SKYLINE-ARCHITECTURE-COLLECTION-BUILDING/DP/B09TGK1KX4
DAFLYMACO	DAFLYMACO	amazon.ae	HTTPS://WWW.AMAZON.AE/DAFLYMACO-ELEVATED-DOG-BOWLS-ADJUSTABLE/DP/B09VCJ75XX
DAGCUXIN	DAGCUXIN	amazon.ae	HTTPS://WWW.AMAZON.AE/DAGCUXIN-UNIVERSAL-SPEAKERS-MOUNTS%EF%BC%8CBOOKSHELF-BRACKETS/DP/B0B6JR22JQ
DAHTEC	DAHTEC	amazon.ae	HTTPS://WWW.AMAZON.AE/DAHTEC-PROFESSIONAL-ELECTRIC-DEHUMIDIFIER-HOURS/DP/B0FGCY9PLK
DAIDOM	DAIDOM	amazon.ae	HTTPS://WWW.AMAZON.AE/DAIDOM-WINDOW-HAMMOCK-TWO-LEVEL-MULTIPLE/DP/B08Q8RTBD5
DAILYLUX	DAILYLUX	amazon.ae	HTTPS://WWW.AMAZON.AE/DAILYLUX-IPHONE-LASER-GREEN-CA0109-07-US/DP/B07B9TSTSM
DAILYREST	DAILYREST	amazon.ae	HTTPS://WWW.AMAZON.AE/DAILYREST-PLASTIC-REUSABLE-ACCESSORIES-RESTAURANTS/DP/B09PN12J94
DAISLEEP	DAISLEEP	amazon.ae	HTTPS://WWW.AMAZON.AE/DAISLEEP-VAC-VACUUM-CLEANER-FRESHENER/DP/B07VGQWPRS
DAISYANER	DAISYANER	amazon.ae	HTTPS://WWW.AMAZON.AE/DAISYANER-WOMENS-FORMAL-SLEEVE-FLORAL/DP/B09MVSJNBJ
DAISYANER	DAISYANER	amazon.ae	HTTPS://WWW.AMAZON.AE/DAISYANER-WOMENS-FORMAL-FLORAL-WEDDING/DP/B09MVS4GJ8
DAISYANER	DAISYANER	amazon.ae	HTTPS://WWW.AMAZON.AE/DAISYANER-WOMENS-FORMAL-FLORAL-V-NECK/DP/B09MVRV51G
DAJITRE	DAJITRE	amazon.ae	HTTPS://WWW.AMAZON.AE/DAJITRE-WASTEBASKET-RECYCLING-PROFILE-BATHROOM/DP/B09MZWB5CC
DAKULY	DAKULY	amazon.ae	HTTPS://WWW.AMAZON.AE/DAKULY-WATERPROOF-COMPUTER-BRIEFCASE-CROCODILE/DP/B09NVQ51QQ
DALIVOL	DALIVOL	amazon.ae	HTTPS://WWW.AMAZON.AE/DALIVOL-FARMHOUSE-CYLINDER-PENDANT-LIGHTING/DP/B0BVY2MFY5
DALIZHAI777	DALIZHAI777	amazon.ae	HTTPS://WWW.AMAZON.AE/DALIZHAI777-BIRTHDAY-HANDMADE-INVITATION-GREETING/DP/B09DY7RZRT
DALOJOE	DALOJOE	amazon.ae	HTTPS://WWW.AMAZON.AE/DALOJOE-MOISSANITE-NECKLACE-ANNIVERSARY-GIRLFRIEND/DP/B0CK7287CC
DAMEIOL	DAMEIOL	amazon.ae	HTTPS://WWW.AMAZON.AE/DAMEIOL-REPLACEMENT-COMPATIBLE-BK-15D-BB-15WHT/DP/B093DNT87V
DAMETUL	DAMETUL	amazon.ae	HTTPS://WWW.AMAZON.AE/DAMETUL-BLANKETS-ROMANTIC-DECORATIVE-RECLINER/DP/B08M46ZP63
DANALLAN	DANALLAN	amazon.ae	HTTPS://WWW.AMAZON.AE/DANALLAN-16OZ-BOTTLES-JUICE-CONTAINERS/DP/B0CN79C4S8
DANCEWHALE	DANCEWHALE	amazon.ae	HTTPS://WWW.AMAZON.AE/DANCEWHALE-CALMING-MEDIUM-CUDDLER-ANXIETY/DP/B08ZXTKQ8K
DANSITWELL	DANSITWELL	amazon.ae	HTTPS://WWW.AMAZON.AE/BLUE-DANSITWELL-FOOTREST-ERGONOMIC-ADJUSTABLE/DP/B07CWRPY6H
DANSOONY	DANSOONY	amazon.ae	HTTPS://WWW.AMAZON.AE/DANSOONY-VINTAGE-OLD-FASHIONED-LANDLINE-MECHANICAL/DP/B0B45NGF15
DANWKEIJI	DANWKEIJI	amazon.ae	HTTPS://WWW.AMAZON.AE/DANWKEIJI-STORAGE-OUTDOOR-WATERPROOF-LAWNMOWER/DP/B0BBRJHQ8T
DANWKEIJI	DANWKEIJI	amazon.ae	HTTPS://WWW.AMAZON.AE/DANWKEIJI-CONNECTION-OFF-ROAD-VEHICLES-WATERPROOF/DP/B0BBRF6G3Y
DAREFLOW	DAREFLOW	amazon.ae	HTTPS://WWW.AMAZON.AE/DAREFLOW-ULTRASONIC-STAINLESS-CARBURETOR-AUTOMOTIVE/DP/B07H5N8SRB
DASDAX	DASDAX	amazon.ae	HTTPS://WWW.AMAZON.AE/DASDAX-ADJUSTABLE-ERGONOMIC-COOKBOOKS-MAGAZINES/DP/B087BJT6BL
DASEEY	DASEEY	amazon.ae	HTTPS://WWW.AMAZON.AE/DASEEY-AGILITY-FOOTBALL-BASKETBALL-TRAINING/DP/B0945T5TG3
DASHENGDIANZI	DASHENGDIANZI	amazon.ae	HTTPS://WWW.AMAZON.AE/DASHENGDIANZI-3-6-TWO-MAN-CROSSCUT/DP/B07WJHYSP4
DASKSHA	DASKSHA	amazon.ae	HTTPS://WWW.AMAZON.AE/DASKSHA-ORIGINAL-PET-HAIR-REMOVER/DP/B07F18TB1Y
DASKSHA	DASKSHA	amazon.ae	HTTPS://WWW.AMAZON.AE/DASKSHA-PROFESSIONAL-TOILET-CLEANING-SURFACES/DP/B07F1SLL5J
DASKSHA	DASKSHA	amazon.ae	HTTPS://WWW.AMAZON.AE/DASKSHA-RABBIT-GROOMING-KIT-BRUSH/DP/B07BZTXX28
DATONI	DATONI	amazon.ae	HTTPS://WWW.AMAZON.AE/DATONI-MERCHANDISE-COMFORTABLE-ADJUSTABLE-LIGHTWEIGHT/DP/B08W9LHJL8
DATOUA	DATOUA	amazon.ae	HTTPS://WWW.AMAZON.AE/DATOUA-ZIPPERED-PERFECT-ACCESSORIES-SUPPLIES/DP/B0B53HZ1KT
DAULPELL	DAULPELL	amazon.ae	HTTPS://WWW.AMAZON.AE/DAULPELL-UNIVERSAL-BATHROOM-STRAINER-ANTI-CLOGGING/DP/B0B9RC5T6N
DAUPIN	DAUPIN	amazon.ae	HTTPS://WWW.AMAZON.AE/DAUPIN-ROTATION-SUPPORT-MAGNETIC-PROTECTIVE/DP/B0BN7M5RLD
DAVCREATOR	DAVCREATOR	amazon.ae	HTTPS://WWW.AMAZON.AE/DAVCREATOR-EXERCISER-ADJUSTABLE-RESISTANCE-PORTABLE/DP/B0B5KWYK2B
DAVIDNILE	DAVIDNILE	amazon.ae	HTTPS://WWW.AMAZON.AE/DAVIDNILE-MESSENGER-CROSSBODY-WATERPROOF-SHOULDER/DP/B07RZQZ81R
DAVOCY	DAVOCY	amazon.ae	HTTPS://WWW.AMAZON.AE/DAVOCY-EYELASH-GLUE-WATERPROOF-HYPOALLERGENIC/DP/B07T8TN51D
DAVOCY	DAVOCY	amazon.ae	HTTPS://WWW.AMAZON.AE/DAVOCY-SENSITIVE-WATERPROOF-OIL-PROOF-COMPATIBLE/DP/B08HD23CSY
DAVOCY	DAVOCY	amazon.ae	HTTPS://WWW.AMAZON.AE/DAVOCY-MAGNETIC-EYELASHES-APPLICATOR-EYELASH/DP/B087C6CLN7
DAWNI	DAWNI	amazon.ae	HTTPS://WWW.AMAZON.AE/DAWNI/S?K=DAWNI
DAWWOTI	DAWWOTI	amazon.ae	HTTPS://WWW.AMAZON.AE/DAWWOTI-CAILEK-BALACLAVA-SKI-MASK/DP/B01J7OGIRS
DAYIMADO	DAYIMADO	amazon.ae	HTTPS://WWW.AMAZON.AE/DAYIMADO-STURDY-HORSES-4X4-5X5-3X3X8-4X4X8/DP/B0CN74F59C
DAYLIGHTIR	DAYLIGHTIR	amazon.ae	HTTPS://WWW.AMAZON.AE/DAYLIGHTIR-POWERED-OUTDOOR-WATERPROOF-CHRISTMAS/DP/B088GRWYVS
DAYMEET	DAYMEET	amazon.ae	HTTPS://WWW.AMAZON.AE/DAYMEET-BACKLIGHT-MONITOR-LIGHTING-BLUETOOTH/DP/B09TGVL7TJ
DAZHWA	DAZHWA	amazon.ae	HTTPS://WWW.AMAZON.AE/DAZHWA-CHARGER-BRAIDED-CHARGING-COMPATIBLE/DP/B07Q2SJNZ5
DAZZCOOL	DAZZCOOL	amazon.ae	HTTPS://WWW.AMAZON.AE/DAZZCOOL-MAGNETIC-TODDLERS-PRESCHOOL-CLASSROOM/DP/B0BCK1KP8J
DB1800SV	DB1800SV	amazon.ae	HTTPS://WWW.AMAZON.AE/DECKER-VACUUM-DB1440SV-DB1800SV-DBSVF10/DP/B01BONUMR2
DBPBTOU	DBPBTOU	amazon.ae	HTTPS://WWW.AMAZON.AE/DBPBTOU-OUTDOOR-UMBRELLA-COURTYARD-BLEACHERS/DP/B0BZYBXLK5
DBPBTOU	DBPBTOU	amazon.ae	HTTPS://WWW.AMAZON.AE/DBPBTOU-HANGING-LEATHER-SHOULDER-ADJUSTABLE/DP/B0DSP9BHQ1
DBSDXQ	DBSDXQ	amazon.ae	HTTPS://WWW.AMAZON.AE/DBSDXQ-2023UPGRADE-WATERPROOF-SELF-CHARGING-BACKYARD/DP/B0C4H63GPW
DCFLAT	DCFLAT	amazon.ae	HTTPS://WWW.AMAZON.AE/WATERPROOF-DIGITAL-VOLTMETER-OVERLOAD-PROTECTION/DP/B07HGZC2MR
DCSEC	DCSEC	amazon.ae	HTTPS://WWW.AMAZON.AE/DCSEC-OUTDOOR-DEGREE-VIEWER-SECURITY/DP/B07H7XCWRL
DCUTERQ	DCUTERQ	amazon.ae	HTTPS://WWW.AMAZON.AE/DCUTERQ-HALLOWEEN-MEDIEVAL-COSPLAY-COSTUMES/DP/B08G4KD5L7
DDIOYIUR	DDIOYIUR	amazon.ae	HTTPS://WWW.AMAZON.AE/DDIOYIUR-SMARTWATCH-BLUETOOTH-PEDOMETER-SUITABLE/DP/B0B2WK11Q5
DDIOYIUR	DDIOYIUR	amazon.ae	HTTPS://WWW.AMAZON.AE/DDIOYIUR-SMARTWATCH-BLUETOOTH-RECORDING-PEDOMETER/DP/B0B378HN53
DDONGLAI	DDONGLAI	amazon.ae	HTTPS://WWW.AMAZON.AE/DDONGLAI-PREMIUM-BEGINNER-INCLUDED-MIDRANGE/DP/B09312NSHJ
DDONGLAI	DDONGLAI	amazon.ae	HTTPS://WWW.AMAZON.AE/DDONGLAI-STARTER-INCLUDED-MID-RANGE-BEGINNER/DP/B08T7NJ1B6
DDONGLAI	DDONGLAI	amazon.ae	HTTPS://WWW.AMAZON.AE/DDONGLAI-1-38-35MM-FOOSBALL-BALLS/DP/B08QJJ2M4K
DDSNTY	DDSNTY	amazon.ae	HTTPS://WWW.AMAZON.AE/SQUEEGEE-DDSNTY-MICROFIBER-SCRUBBER-EXTENSION/DP/B0C1NMVN1G
DDZMZ	DDZMZ	amazon.ae	HTTPS://WWW.AMAZON.AE/DDZMZ-ECO-FRIENDLY-REUSABLE-HANDHELD-CLEANING/DP/B07SS6BDHF
DEACIBER	DEACIBER	amazon.ae	HTTPS://WWW.AMAZON.AE/DEACIBER-FOLDING-PLASTIC-PORTABLE-OUTDOOR/DP/B0969WLSBQ
DEAGUI	DEAGUI	amazon.ae	HTTPS://WWW.AMAZON.AE/DEAGUI-UNISEX-ADULT-ONESIES-HALLOWEEN-CHRISTMAS/DP/B07S1Z6JK3
DEAGUI	DEAGUI	amazon.ae	HTTPS://WWW.AMAZON.AE/DEAGUI-DIGITAL-CLOCK-BLACK-12-INCH/DP/B0BM9KQVTK
DEALION	DEALION	amazon.ae	HTTPS://WWW.AMAZON.AE/DEALION-BUBBLE-ADULTS-INFLATABLE-OUTDOOR/DP/B091C8WXH3
DEANEEK	DEANEEK	amazon.ae	HTTPS://WWW.AMAZON.AE/DEANEEK-MECHANICAL-TENKEYLESS-HOT-SWAPPABLE-ULTRA-SLIM/DP/B0BKFDDMK9
DEAOTEK	DEAOTEK	amazon.ae	HTTPS://WWW.AMAZON.AE/DEAOTEK-FOLDABLE-STORAGE-HOUSEHOLD-NEWSPAPERS/DP/B07R2N31FZ
DEARITHE	DEARITHE	amazon.ae	HTTPS://WWW.AMAZON.AE/DEARITHE-FULL-TANG-STAINLESS-RESTAURANT-DISHWASHER/DP/B08K2N1MY7
DEARLIVES	DEARLIVES	amazon.ae	HTTPS://WWW.AMAZON.AE/DEARLIVES-BADMINTON-PERFORATED-ABSORBENT-OVERGRIP/DP/B07Y2NKTS8
DEARRAY	DEARRAY	amazon.ae	HTTPS://WWW.AMAZON.AE/DEARRAY-BOROSILICATE-BOTTLE-PROTECTIVE-SILICONE/DP/B07RQ4VJZF
DEBAIJIA	DEBAIJIA	amazon.ae	HTTPS://WWW.AMAZON.AE/DEBAIJIA-FIRST-WALKING-TRAINERS-BREATHABLE-LIGHTWEIGHT/DP/B07PT8BJ4K
DEBAIJIA	DEBAIJIA	amazon.ae	HTTPS://WWW.AMAZON.AE/DEBAIJIA-UNISEX-CHILDRENS-PLATFORM-RABBIT/DP/B08M5SLV9R
DEBATLOG	DEBATLOG	amazon.ae	HTTPS://WWW.AMAZON.AE/DEBATLOG-ULTRASONIC-DENTURES-RETAINER-TOOTHBRUSH/DP/B0C1G2GB9J
DEBISPAX	DEBISPAX	amazon.ae	HTTPS://WWW.AMAZON.AE/DEBISPAX-VACCINATION-IMMUNIZATION-HORIZONTAL-WATERPROOF/DP/B08YMTBBW9
DEBOIZ	DEBOIZ	amazon.ae	HTTPS://WWW.AMAZON.AE/DEBOIZ-STAINLESS-DETACHABLE-CAPACITY-ORGANIZER/DP/B0C1VY7WKP
DECARTMALL	DECARTMALL	amazon.ae	HTTPS://WWW.AMAZON.AE/DECARTMALL-FLOATING-HANGING-BATHROOM-BEDROOM/DP/B08G85SX1H
DECARTMALL	DECARTMALL	amazon.ae	HTTPS://WWW.AMAZON.AE/DECARTMALL-FLOATING-SHELVES-BATHROOM-BEDROOM/DP/B08G474HGP
DECEBAYA	DECEBAYA	amazon.ae	HTTPS://WWW.AMAZON.AE/DECEBAYA-NON-YELLOWING-ULTRA-THIN-PROTECTOR-SHOCKPROOF/DP/B09TR7R85Z
DECELI	DECELI	amazon.ae	HTTPS://WWW.AMAZON.AE/DECELI-UNDER-DESK-PEDAL-EXERCISER/DP/B083SKHN3Z
DECERAM	DECERAM	amazon.ae	HTTPS://WWW.AMAZON.AE/DECERAM-COASTERS-ABSORBENT-DECORATIVE-BEVERAGES/DP/B0CZ6RS421
DECERAM	DECERAM	amazon.ae	HTTPS://WWW.AMAZON.AE/DECERAM-COASTER-ABSORBENT-COASTERS-CERAMIC/DP/B091PYL8BV
DECFLOW	DECFLOW	amazon.ae	HTTPS://WWW.AMAZON.AE/DECFLOW-CAPACITY-ANTI-CHOKING-VEHICLE-CARRIED/DP/B0B6NPLLVV
DECMIOX	DECMIOX	amazon.ae	HTTPS://WWW.AMAZON.AE/DECMIOX-ORGANIZER-FLOATING-CORDLESS-SCREWDRIVER/DP/B09SZ1MB3G
DECORVELLA	DECORVELLA	amazon.ae	HTTPS://WWW.AMAZON.AE/DECORVELLA-20X15-27X5-35-BATHROOM-COUNTER-PORCELAIN/DP/B0B2P1Q3KR
DECOSY	DECOSY	amazon.ae	HTTPS://WWW.AMAZON.AE/DECOSY-BLANKET-LUMINOUS-BIRTHDAY-CHRISTMAS/DP/B07X6FKNB7
DECPTY	DECPTY	amazon.ae	HTTPS://WWW.AMAZON.AE/DECPTY-CONFETTI-BIRTHDAY-SUPPLIES-DECORATIONS/DP/B098YQ381J
DEDEX	DEDEX	amazon.ae	HTTPS://WWW.AMAZON.AE/DEDEX-ORGANIZER-ROTATING-TURNTABLE-ORGANISER/DP/B09XV1BY3X
DEEAWAI	DEEAWAI	amazon.ae	HTTPS://WWW.AMAZON.AE/DEEAWAI-OVER-DOOR-HOOK-USA/DP/B0BJF13D81
DEEAWAI	DEEAWAI	amazon.ae	HTTPS://WWW.AMAZON.AE/DEEAWAI-CLASSIC-METAL-DETECTOR-LIGHTWEIGHT/DP/B081SKZPNW
DEEDOSE	DEEDOSE	amazon.ae	HTTPS://WWW.AMAZON.AE/DEEDOSE-CHRISTMAS-KERCHIEF-TRIANGLE-BIRTHDAY/DP/B0827D8XNS
DEEIPET	DEEIPET	amazon.ae	HTTPS://WWW.AMAZON.AE/DEEIPET-FOUNTAIN-AUTOMATIC-DISPENSER-INDICATOR/DP/B0B1TKT97X
DEEKTRION	DEEKTRION	amazon.ae	HTTPS://WWW.AMAZON.AE/DEEKTRION-THERAPY-INFRARED-FULL-BODY-RELIEF/DP/B0B75GZ7V8
DEETU	DEETU	amazon.ae	HTTPS://WWW.AMAZON.AE/DEETU-JURASSIC-SPARE-UNIVERSAL-TRAILER/DP/B07Z7W8HDC
DEEVIKE	DEEVIKE	amazon.ae	HTTPS://WWW.AMAZON.AE/DEEVIKE-WATER-QUICK-DRY-BAREFOOT-PAINT-36/DP/B0CZ8FSKP2
DEEWOW	DEEWOW	amazon.ae	HTTPS://WWW.AMAZON.AE/DEEWOW-RAISED-TOILET-SEAT-HANDLES/DP/B0D1CBVJBF
DEFADIKE	DEFADIKE	amazon.ae	HTTPS://WWW.AMAZON.AE/DEFADIKE-ADJUSTABLE-EMBROIDERY-BASEBALL-TEENAGER/DP/B09C5ZGVD5
DEFMATE	DEFMATE	amazon.ae	HTTPS://WWW.AMAZON.AE/DEFMATE-STAMPING-THERMAL-TRANSFER-PRINTER/DP/B0B2DTS2NS
DEGRUAND	DEGRUAND	amazon.ae	HTTPS://WWW.AMAZON.AE/DEGRUAND-45-3FT-GARDEN-OUTDOOR-WATERPROOF/DP/B0C53TQ5WT
DEILALY	DEILALY	amazon.ae	HTTPS://WWW.AMAZON.AE/DEILALY-SURFACE-COMPUTER-MONITOR-STATION/DP/B0BPP8596R
DEIRIS	DEIRIS	amazon.ae	HTTPS://WWW.AMAZON.AE/DUMBBELLS-ADJUSTABLE-20-45LBS-EXERCISE-WEIGHTLIFTING/DP/B07GZM778R
DEIRIS	DEIRIS	amazon.ae	HTTPS://WWW.AMAZON.AE/DEIRIS-DUMBBELLS-ADJUSTABLE-EXERCISE-TRAINING/DP/B08DNTPCVD
DEIRIS	DEIRIS	amazon.ae	HTTPS://WWW.AMAZON.AE/DEIRIS-ADJUSTABLE-DUMBBELLS-WEIGHTSFOR-QUICK-ADJUST/DP/B0F2HQ9CCV
DEKERO	DEKERO	amazon.ae	HTTPS://WWW.AMAZON.AE/WINDPROOF-UMBRELLA-PROTECTION-PORTABLE-ALUMINUM/DP/B08BCRRCTZ
DEKREI	DEKREI	amazon.ae	HTTPS://WWW.AMAZON.AE/DEKREI-ETOLINE-HYDRATING-BRIGHTENING-SERUM/DP/B07WCX8MLR
DELIMUX	DELIMUX	amazon.ae	HTTPS://WWW.AMAZON.AE/DELIMUX-DIGITAL-PICTURE-1280X800-REMOTELY/DP/B0B5ZWSBLS
DELISIX	DELISIX	amazon.ae	HTTPS://WWW.AMAZON.AE/DELISIX-MAGNETIC-DECORATIVE-HOLDBACK-CURTAINS/DP/B07J66SJ8P
DELIYA	DELIYA	amazon.ae	HTTPS://WWW.AMAZON.AE/PROFESSIONAL-DELIYA-POWERFUL-HAIRDRYERS-ACCESSORIES/DP/B09W9BZN3X
DELMOG	DELMOG	amazon.ae	HTTPS://WWW.AMAZON.AE/DELMOG-CHARGING-CABLE-4-9-1-5M/DP/B09WMX6L36
DELTUCCI	DELTUCCI	amazon.ae	HTTPS://WWW.AMAZON.AE/DELTUCCI-PORTABLE-WIRELESS-CHARGING-COMPATIBLE/DP/B09PHHYV2L
DEMEUBLE	DEMEUBLE	amazon.ae	HTTPS://WWW.AMAZON.AE/DEMEUBLE-SILICONE-WATERLESS-TRANSPARENT-FERMENTATION/DP/B0BFDF7DBF
DEMEUBLE	DEMEUBLE	amazon.ae	HTTPS://WWW.AMAZON.AE/DEMEUBLE-PICKLING-AIRLOCK-FERMENTATION-AIR-RELEASE/DP/B0912TT54T
DEMOMENT	DEMOMENT	amazon.ae	HTTPS://WWW.AMAZON.AE/DEMOMENT-RESISTANCE-UTILITY-TEACHER-SHOULDER/DP/B08DKV84KT
DENGOFNG	DENGOFNG	amazon.ae	HTTPS://WWW.AMAZON.AE/DENGOFNG-WASHING-CONNECTOR-BATHROOM-STRAINERS/DP/B09JWJHKHM
DENOFFI	DENOFFI	amazon.ae	HTTPS://WWW.AMAZON.AE/DENOFFI-MASSIVE-CUTTING-KITCHEN-GRIZZLY/DP/B0D32F96MG
DENZUS	DENZUS	amazon.ae	HTTPS://WWW.AMAZON.AE/DENZUS-STORAGE-WATERPROOF-FOLDABLE-ORGANIZER/DP/B089RK86V2
DEPHNES	DEPHNES	amazon.ae	HTTPS://WWW.AMAZON.AE/DEPHNES-SIMULATION-CRANKBAITS-SALTWATER-ACCESSORY/DP/B093WFTXDY
DERGH	DERGH	amazon.ae	HTTPS://WWW.AMAZON.AE/DERGH-CONTAINER-STORAGE-CONTAINERS-MOISTURE-PROOF/DP/B091GGPZNQ
DERGH	DERGH	amazon.ae	HTTPS://WWW.AMAZON.AE/DERGH-CONTAINERS-DISPENSER-CONTAINER-MEASURING/DP/B094NH9ZGP
DERKNIEL	DERKNIEL	amazon.ae	HTTPS://WWW.AMAZON.AE/DERKNIEL-CABINET-EXTENDABLE-HOLDER-ORGANIZERS/DP/B09WZRH664
DERSOY	DERSOY	amazon.ae	HTTPS://WWW.AMAZON.AE/DERSOY-SECURITY-WATERPROOF-FORECOURT-BACKYARD/DP/B089D1LWJS
DESAINOPH	DESAINOPH	amazon.ae	HTTPS://WWW.AMAZON.AE/DESAINOPH-DECORATIVE-FREESTANDING-WOODEN-LETTERS/DP/B098DVFSFB
DESDFCER	DESDFCER	amazon.ae	HTTPS://WWW.AMAZON.AE/DESDFCER-HUGGING-SLEEPING-PLUSHIES-GIRLFRIEND/DP/B0BFRBJV9H
DESKDOC	DESKDOC	amazon.ae	HTTPS://WWW.AMAZON.AE/DESKDOC-0101314-PREMIUM-STANDING-DESK/DP/B01N2QRGWG
DESTURE	DESTURE	amazon.ae	HTTPS://WWW.AMAZON.AE/DESTURE-WOMENS-SANDALS-LIGHTWEIGHT-BLACK-WHITE/DP/B07TBZBKK9
DETII	DETII	amazon.ae	HTTPS://WWW.AMAZON.AE/DETII-LEAK-PROOF-TRAVEL-SOAP-CASE-STURDY-DRAINING-MINIMALIST-TRAVEL-BAR-SOAP-DISH-HOLDER-CONTAINER-PERFECT/DP/B0D6BGL5H7
DEUIOSNA	DEUIOSNA	amazon.ae	HTTPS://WWW.AMAZON.AE/DEUIOSNA-MELANIN-CORRECTING-FACIAL-STIMULATING/DP/B0C4NCXBWY
DEVANSI	DEVANSI	amazon.ae	HTTPS://WWW.AMAZON.AE/DEVANSI-SILICONE-SWEATPROOF-LIGHTPROOF-ANTI-LEAKAGE/DP/B08P194FX9
DEVEBOR	DEVEBOR	amazon.ae	HTTPS://WWW.AMAZON.AE/DEVEBOR-TRAINER%EF%BC%882ND-GENERATION%EF%BC%89-RESISTANCE-ARENACEOUS/DP/B07FXGTXBZ
DEVEOSA	DEVEOSA	amazon.ae	HTTPS://WWW.AMAZON.AE/DEVEOSA-HOOKS-HOLDER-WALL-DECORATIVE/DP/B08QGHFR4W
DEVESANTER	DEVESANTER	amazon.ae	HTTPS://WWW.AMAZON.AE/DEVESANTER-PICTURE-DISPLAY-DECORATIVE-PHOTOGRAPH/DP/B07GV9XD59
DEVISEV	DEVISEV	amazon.ae	HTTPS://WWW.AMAZON.AE/DEVISEV-BARITONE-UKULELE-PADDING-GUITALELE/DP/B09HS537B9
DEVIVAE	DEVIVAE	amazon.ae	HTTPS://WWW.AMAZON.AE/DEVIVAE-CARS-SPEED-REMOTE-CONTROL/DP/B09FF6YYKH
DEVIVAE	DEVIVAE	amazon.ae	HTTPS://WWW.AMAZON.AE/DEVIVAE-CONTROL-ELECTRIC-OFFROAD-BATTERIES/DP/B094ZD6YZJ
DEVIVAE	DEVIVAE	amazon.ae	HTTPS://WWW.AMAZON.AE/DEVIVAE-CARS-REMOTE-CONTROL-ADULTS/DP/B093Y9T712
DEWANGLI	DEWANGLI	amazon.ae	HTTPS://WWW.AMAZON.AE/DEWANGLI-BUTTON-REMOTE-SMART-SHELL/DP/B08ZND5KB2
DEWIFIER	DEWIFIER	amazon.ae	HTTPS://WWW.AMAZON.AE/DEWIFIER-REPLACEMENT-CARTRIDGE-SOFTENER-HANDHELD/DP/B06XPYJ81M
DEWIFIER	DEWIFIER	amazon.ae	HTTPS://WWW.AMAZON.AE/DEWIFIER-MANDOLIN-SUNBURST-ACOUSTIC-ELECTRIC-42500/DP/B072P727C5
DEXDE	DEXDE	amazon.ae	HTTPS://WWW.AMAZON.AE/DEXDE-BATHROOM-NON-SLIP-WASHABLE-ACCESSORIES/DP/B0CFL7QSSX
DEYASHOPIN	DEYASHOPIN	amazon.ae	HTTPS://WWW.AMAZON.AE/DEYASHOPIN-LEISURE-COMFORT-WALKING-CHOCOLATE/DP/B0B8ZTDP3D
DEYMOGS	DEYMOGS	amazon.ae	HTTPS://WWW.AMAZON.AE/DEYMOGS-KITCHEN-DRILLING-STAINLESS-BATHROOM/DP/B0B8ZJM1L9
DEYMOGS	DEYMOGS	amazon.ae	HTTPS://WWW.AMAZON.AE/DEYMOGS-DRILLING-STAINLESS-BATHROOM-RECTANGLE/DP/B0B1Q944RJ
DFJU	DFJU	amazon.ae	HTTPS://WWW.AMAZON.AE/DFJU-BEDROOM-OUTDOOR-WATERPROOF-BALCONY/DP/B08R885Q1X
DFJU	DFJU	amazon.ae	HTTPS://WWW.AMAZON.AE/DFJU-DELUXE-HEAVY-DUTY-BUCKET/DP/B08ZHVYRCH
DFJU	DFJU	amazon.ae	HTTPS://WWW.AMAZON.AE/DFJU-GET-CANE-CONVENIENT-TWO-HANDLE/DP/B09Q8PT1CM
DGYEZHAO	DGYEZHAO	amazon.ae	HTTPS://WWW.AMAZON.AE/DGYEZHAO-FINGERPRINT-CONTROLLER-RAINPROOF-PROTECTOR/DP/B0DCFPGSKK
DGYJJZ	DGYJJZ	amazon.ae	HTTPS://WWW.AMAZON.AE/DGYJJZ-SILICONE-LINERS-FOLDABLE-REUSABLE/DP/B0BK46Z4JC
DHLDWQ	DHLDWQ	amazon.ae	HTTPS://WWW.AMAZON.AE/DHLDWQ-INDUSTRIAL-72-144-BLACKOUT-BLACK/DP/B0BLDMHL3J
DHMXDC	DHMXDC	amazon.ae	HTTPS://WWW.AMAZON.AE/DHMXDC-ELECTRIC-TOOTHBRUSH-HYGIENIC-TOOTHBRUSHES/DP/B08P2PR8C7
DHNVCUD	DHNVCUD	amazon.ae	HTTPS://WWW.AMAZON.AE/DHNVCUD-DINNERWARE-UNBREAKABLE-LIGHTWEIGHT-DISHWASHER/DP/B0B7RBLKCZ
DHXXSC	DHXXSC	amazon.ae	HTTPS://WWW.AMAZON.AE/DHXXSC-DECORATION-PHOTOGRAPHY-BACKGROUND-DH-21/DP/B096WY6JYF
DIAOJIA	DIAOJIA	amazon.ae	HTTPS://WWW.AMAZON.AE/DIAOJIA-PACK-QUICK-DRYING-DARK-GREY/DP/B0BXNWFCWN
DIAOJIA	DIAOJIA	amazon.ae	HTTPS://WWW.AMAZON.AE/DIAOJIA-ABSORBENT-QUICK-DRYING-LIGHTWEIGHT-WASHCLOTH/DP/B08F9WJ1GL
DIAOJIA	DIAOJIA	amazon.ae	HTTPS://WWW.AMAZON.AE/DIAOJIA-BATH-TOWELS-SOFT-COTTON/DP/B098R5VJFY
DIBIEECN	DIBIEECN	amazon.ae	HTTPS://WWW.AMAZON.AE/DIBIEECN-LANTERNS-DECORATIONS-WATERPROOF-LANDSCAPE/DP/B0C2CLQVBS
DICHENG	DICHENG	amazon.ae	HTTPS://WWW.AMAZON.AE/DICHENG-DURUP-LIGHTED-HOLLYWOOD-360%C2%B0ROTATION/DP/B08K8D9CSV
DICTEA	DICTEA	amazon.ae	HTTPS://WWW.AMAZON.AE/DICTEA-TRADITIONAL-JINGDEZHEN-PORCELAIN-TEASET/DP/B01HKSFEXC
DICTUMOTION	DICTUMOTION	amazon.ae	HTTPS://WWW.AMAZON.AE/DICTUMOTION-ILLUMINATING-KIDS%EF%BC%8CADJUSTABLE-OUTDOOR-WOMEN%EF%BC%8CROLLER/DP/B08TLK5QCD
DIFINES	DIFINES	amazon.ae	HTTPS://WWW.AMAZON.AE/ANTI-GLARE-EXTENDER-AUTOMOBILE-UNIVERSAL-WINDSHIELD/DP/B07H24SGQY
DIFINI	DIFINI	amazon.ae	HTTPS://WWW.AMAZON.AE/DIFINI-LIGHTNING-CONNECTOR-COMPATIBLE-A01-1/DP/B07Q1L12D8
DIFINI	DIFINI	amazon.ae	HTTPS://WWW.AMAZON.AE/DIFINI-LIGHTNING-COMPATIBLE-EXTERNAL-EXPANSION/DP/B07FNHG7N1
DIHUMK	DIHUMK	amazon.ae	HTTPS://WWW.AMAZON.AE/DIHUMK-TURNTABLE-ORGANIZER-MEDICINE-COUNTERTOP/DP/B0BW9TWTY6
DIIGER	DIIGER	amazon.ae	HTTPS://WWW.AMAZON.AE/DIIGER-ARTIFICIAL-EUCALYPTUS-HOUSEWARES-DECORATION/DP/B08JLSRN7Q
DIILAAR	DIILAAR	amazon.ae	HTTPS://WWW.AMAZON.AE/DIILAAR-ADJUSTABLE-FOLDABLE-STRENGTH-HOME%C3%AF%C2%BC%C5%92DEDICATED/DP/B0B8HY2TVP
DIKAKO	DIKAKO	amazon.ae	HTTPS://WWW.AMAZON.AE/DIKAKO-TEMPERATURE-ADJUSTABLE-BRIGHTNESS-ROTATABLE/DP/B09WVNDTLC
DIKAYI	DIKAYI	amazon.ae	HTTPS://WWW.AMAZON.AE/DIKAYI-AQIQQ-MULTI-LEVEL-CRACKER-RELIEF/DP/B0B1DDR9FC
DIKENLAND	DIKENLAND	amazon.ae	HTTPS://WWW.AMAZON.AE/DIKENLAND-DIATOMACEOUS-NON-SLIP-BATHROOM-ABSORBENT/DP/B0CG573WNV
DILCAMRITA	DILCAMRITA	amazon.ae	HTTPS://WWW.AMAZON.AE/DILCAMRITA-BACKDROP-BIRTHDAY-BACHELORETTE-DECORATIONS/DP/B0DBZ58DR3
DILCAMRITA	DILCAMRITA	amazon.ae	HTTPS://WWW.AMAZON.AE/DILCAMRITA-BALLOON-STICK-STAND-CENTERPIECE/DP/B0C4HQ4K31
DINBIN	DINBIN	amazon.ae	HTTPS://WWW.AMAZON.AE/DINBIN-COMPLETE-SKATEBOARDS-BEGINNERS-PROFESSIONAL/DP/B07DYG8C5L
DINGQU	DINGQU	amazon.ae	HTTPS://WWW.AMAZON.AE/DINGQU-CASUAL-SOFTSHELL-SPORTSWEAR-LIGHTWEIGHT/DP/B07DX8MTB9
DINHAND	DINHAND	amazon.ae	HTTPS://WWW.AMAZON.AE/DINHAND-REMOVER-PATCHES-STANDARD-REMOVAL/DP/B09GYSZQWT
DININES	DININES	amazon.ae	HTTPS://WWW.AMAZON.AE/DININES-SCREENS-DININES-PRECISION-UNIVERSAL-CAPACITIVE/DP/B07MLJVZ12
DININES	DININES	amazon.ae	HTTPS://WWW.AMAZON.AE/DININES-CAPACITIVE-PEN-DININES-SCREENS-REPLACEMENT/DP/B07N1BGBF2
DINVES	DINVES	amazon.ae	HTTPS://WWW.AMAZON.AE/DINVES-PORTABLE-WALKING-LIGHTWEIGHT-MOBILITY/DP/B09MSYT7GQ
DIOJU	DIOJU	amazon.ae	HTTPS://WWW.AMAZON.AE/DIOJU-PROJECTS-BUILDING-ROBOTICS-BIRTHDAY/DP/B09Q12LH4C
DIOTEM	DIOTEM	amazon.ae	HTTPS://WWW.AMAZON.AE/DIOTEM-OUTDOOR-MOSQUITO-POWERED-WATERPROOF/DP/B093PJMWX9
DIPTEN	DIPTEN	amazon.ae	HTTPS://WWW.AMAZON.AE/DIPTEN-PRO-WATERPROOF-RACK-700D-REINFORCED/DP/B0B5GYG77P
DISHIBEI	DISHIBEI	amazon.ae	HTTPS://WWW.AMAZON.AE/DISHIBEI-MILITARY-KICKSTAND-SHOCKPROOF-PROTECTION/DP/B07QZR4L5B
DISIAO	DISIAO	amazon.ae	HTTPS://WWW.AMAZON.AE/DISIAO-MERMAID-COSTUME-HALLOWEEN-CHRISTMAS/DP/B074DXHW9F
DISPLAYSWORKER	DISPLAYSWORKER	amazon.ae	HTTPS://WWW.AMAZON.AE/DISPLAYSWORKER-ADJUSTABLE-PEDESTAL-ALUMINUM-HORIZONTAL/DP/B0863NF127
DIUERMA	DIUERMA	amazon.ae	HTTPS://WWW.AMAZON.AE/DIUERMA-CARRIER-TODDLERS-FOLDABLE-TRANSPORT/DP/B0CCTFZN77
DIWFDYS	DIWFDYS	amazon.ae	HTTPS://WWW.AMAZON.AE/DIWFDYS-OUTDOOR-GUSSETS-PLAYGROUND-BACKYARD/DP/B0C6R5RY8S
DIWFDYS	DIWFDYS	amazon.ae	HTTPS://WWW.AMAZON.AE/DIWFDYS-GUSSETS-SUITABLE-BACKYARD-PLAYGROUND-112/DP/B0BWWLP8CZ
DIYADE	DIYADE	amazon.ae	HTTPS://WWW.AMAZON.AE/DIYADE-TARGARYEN-CROWN-STYLE-DRAGON/DP/B0CKRBFM43
DIYIMI	DIYIMI	amazon.ae	HTTPS://WWW.AMAZON.AE/DIYIMI-WHITE-TEDDY-HOLDING-WRITTEN/DP/B078VBNKDT
DIYJTS	DIYJTS	amazon.ae	HTTPS://WWW.AMAZON.AE/DIYJTS-FASHION-SNEAKERS-RECHARGEABLE-LUMINOUS/DP/B08P3B3739
DIYURFEELING	DIYURFEELING	amazon.ae	HTTPS://WWW.AMAZON.AE/DIYURFEELING-TY9063-ROCK-A-STACK/DP/B07FF346WL
DIYUSI	DIYUSI	amazon.ae	HTTPS://WWW.AMAZON.AE/DIYUSI-PORTABLE-HANDHELD-FOLDABLE-RECHARGEABLE/DP/B0CY8CJ1C1
DIZIKZO	DIZIKZO	amazon.ae	HTTPS://WWW.AMAZON.AE/DIZIKZO-MATTRESS-POWERFUL-HANDHELD-EFFECTIVELY/DP/B0BJ8D2ZFY
DIZIKZO	DIZIKZO	amazon.ae	HTTPS://WWW.AMAZON.AE/DIZIKZO-CORDLESS-MATTRESS-EFFECTIVELY-SURFACES/DP/B0BJ8BYNQ6
DJBOOMY	DJBOOMY	amazon.ae	HTTPS://WWW.AMAZON.AE/DJBOOMY-REFLECTIVE-HANGING-DECORATION-GATHERING/DP/B09Y99MFS6
DJDK	DJDK	amazon.ae	HTTPS://WWW.AMAZON.AE/DJDK-SEMI%E2%80%91METAL-REPLACEMENT-ELECTRIC-MOUNTAIN/DP/B09FZ2DTXL
DJGLKREJG	DJGLKREJG	amazon.ae	HTTPS://WWW.AMAZON.AE/DJGLKREJG-MOTORCYCLE-SCOOTER-CRUISER-UNPACKING/DP/B0BC5MNSDT
DKVAESS	DKVAESS	amazon.ae	HTTPS://WWW.AMAZON.AE/DKVAESS-UNIVERSAL-ABSORBER-BUFFERS-BUMPERS/DP/B07GFD5STF
DLAZM	DLAZM	amazon.ae	HTTPS://WWW.AMAZON.AE/DLAZM-COMPOST-REPLACEMENT-DIAMETER-MEASURES/DP/B0751DQQ77
DLITIME	DLITIME	amazon.ae	HTTPS://WWW.AMAZON.AE/DLITIME-TURNTABLE-BLUETOOTH-HEADPHONE-USBPLAYER/DP/B083BBPD78
DLLJ	DLLJ	amazon.ae	HTTPS://WWW.AMAZON.AE/DLLJ-DIAMOND-GRINDING-CONCENTRATION-THICKNESS/DP/B09CYSH1Y1
DLSIXNCO	DLSIXNCO	amazon.ae	HTTPS://WWW.AMAZON.AE/DLSIXNCO-NECKLACE-PENDANT-RELIGIOUS-RHINESTONE/DP/B0BXWMX1NS
DMISOCHR	DMISOCHR	amazon.ae	HTTPS://WWW.AMAZON.AE/DMISOCHR-DOG-TIE-CABLE-STAKE/DP/B08J46L6FV
DMIZ	DMIZ	amazon.ae	HTTPS://WWW.AMAZON.AE/DMIZ-BACKPACKS-ELEMENTARY-SCHOOLBAG-WATERPROOF/DP/B07X539G7M
DMKYDM	DMKYDM	amazon.ae	HTTPS://WWW.AMAZON.AE/DMKYDM-DECORATIVE-STREAMING-INFLUENCERS-DECORATION/DP/B09MDZ15YR
DMLIANKE	DMLIANKE	amazon.ae	HTTPS://WWW.AMAZON.AE/DMLIANKE-NVME-ENCLOSURE-CASE-0-31INCH/DP/B07Q36BQPQ
DMZTZMJ	DMZTZMJ	amazon.ae	HTTPS://WWW.AMAZON.AE/DMZTZMJ-LEATHER-VEHICLE-COMPATIBLE-INLCUDED/DP/B08W35KV5K
DNNAL	DNNAL	amazon.ae	HTTPS://WWW.AMAZON.AE/DNNAL/S?K=DNNAL
DNSBABI	DNSBABI	amazon.ae	HTTPS://WWW.AMAZON.AE/DNSBABI-BROADCAST-FLEXIBLE-CAMERA-MICROPHONE/DP/B0CFTFKT11
DOCALON	DOCALON	amazon.ae	HTTPS://WWW.AMAZON.AE/DOCALON-PREGNANCY-DETECTION-SENSITIVITY-INDIVIDUALLY/DP/B07QKVJLF2
DODAUG	DODAUG	amazon.ae	HTTPS://WWW.AMAZON.AE/DODAUG-CHARGER-REPLACEMENT-COMPATIBLE-2009-2012/DP/B0CD7J24DV
DODOCOCA	DODOCOCA	amazon.ae	HTTPS://WWW.AMAZON.AE/DODOCOCA-CARTON-CREAMER-PITCHER-CONTAINER/DP/B09BQFDLWC
DOEPSILON	DOEPSILON	amazon.ae	HTTPS://WWW.AMAZON.AE/DOEPSILON-TRIMMING-WATERPROOF-ADJUSTABLE-CUPS-WHITE/DP/B07464V87T
DOFLY	DOFLY	amazon.ae	HTTPS://WWW.AMAZON.AE/DOFLY-HANDHELD-CORDLESS-RECHARGEABLE-LIGHTWEIGHT/DP/B09TW4H79H
DOFLY	DOFLY	amazon.ae	HTTPS://WWW.AMAZON.AE/DOFLY-PURIFIER-TECHNOLOGY-IONIZATION-ALLERGIES/DP/B08JYHRB2D
DOFOWORK	DOFOWORK	amazon.ae	HTTPS://WWW.AMAZON.AE/DOFOWORK-SKI-GLOVES-WATERPROOF-BREATHABLE/DP/B0C9DXC6RK
DOGDAN	DOGDAN	amazon.ae	HTTPS://WWW.AMAZON.AE/DOGDAN-INSOLES-ATHLETIC-BASKETBALL-INSOLES/DP/B077N2439J
DOGDAN	DOGDAN	amazon.ae	HTTPS://WWW.AMAZON.AE/DOGDAN-CUSHION-SANDALS-TOEPOST-SLIPPERS/DP/B087JQYJ7Z
DOHOII	DOHOII	amazon.ae	HTTPS://WWW.AMAZON.AE/DOHOII-PROJECTOR-BLUETOOTH-RECHARGEABLE-PROJECTION/DP/B09YRGCGXD
DOHONESBEST	DOHONESBEST	amazon.ae	HTTPS://WWW.AMAZON.AE/DOHONESBEST/S?K=DOHONESBEST
DOINGBAG	DOINGBAG	amazon.ae	HTTPS://WWW.AMAZON.AE/DOINGBAG/S?K=DOINGBAG
DOINOW	DOINOW	amazon.ae	HTTPS://WWW.AMAZON.AE/DOINOW-PRECISION-ELECTRIC-SCREWDRIVER-MAGNETIC/DP/B0BX61VZTL
DOISPON	DOISPON	amazon.ae	HTTPS://WWW.AMAZON.AE/DOISPON-WORKOUT-FITNESS-EXERCISE-183X80X10MM/DP/B08LMM1LHN
DOJOBKINB	DOJOBKINB	amazon.ae	HTTPS://WWW.AMAZON.AE/DOJOBKINB-STAINLESS-EXHAUST-FLEXIBLE-DIAMETER/DP/B09KRMZ67H
DOJOBKINB	DOJOBKINB	amazon.ae	HTTPS://WWW.AMAZON.AE/DOJOBKINB-PRESSURE-AUTOMOTIVE-SYSTEMS-ENGINES/DP/B09KRVYLMS
DOJOBKINB	DOJOBKINB	amazon.ae	HTTPS://WWW.AMAZON.AE/DOJOBKINB-TERMINAL-EXTRACTORS-STAINLESS-APPLICATION/DP/B09NDNN7R1
DOKYW	DOKYW	amazon.ae	HTTPS://WWW.AMAZON.AE/DOKYW-UNIVERSAL-TV-REMOTE-ERF3N90H-FORHISENSE/DP/B0DRNZ77BV
DOLAMOTY	DOLAMOTY	amazon.ae	HTTPS://WWW.AMAZON.AE/DOLAMOTY-SMOKING-GRILLING-ACCESSORIES-STAINLESS/DP/B08K96XJ5Q
DOLGOCI	DOLGOCI	amazon.ae	HTTPS://WWW.AMAZON.AE/DOLGOCI-CUSHION-WHEELCHAIR-SCIATICA-PROTECTS/DP/B097XLT1HW
DOLINVO	DOLINVO	amazon.ae	HTTPS://WWW.AMAZON.AE/DOLINVO-BATHROOM-UNIVERSAL-STAINLESS-RECTANGULAR/DP/B08ZSSWV1J
DOMARY	DOMARY	amazon.ae	HTTPS://WWW.AMAZON.AE/DOMARY-PRINTING-LEVELING-EXTRUDER-MAINBOARD/DP/B0CRBDWM9W
DOMARY	DOMARY	amazon.ae	HTTPS://WWW.AMAZON.AE/DOMARY-FLIPPERS-SWIMMING-SNORKELING-TRAINING/DP/B09Q1732XM
DONEWISH	DONEWISH	amazon.ae	HTTPS://WWW.AMAZON.AE/DONEWISH-PACK-MYLAR-BAGS-STORAGE/DP/B08XBXH4ZB
DONEXCASEO	DONEXCASEO	amazon.ae	HTTPS://WWW.AMAZON.AE/DONEXCASEO-INDOOR-SOCCER-SHOES-BOYS/DP/B07W8M3JQ1
DONGBUZHIPIN	DONGBUZHIPIN	amazon.ae	HTTPS://WWW.AMAZON.AE/DONGBUZHIPIN-KITCHEN-ORGANIZER-UTENSILS-STAINLESS/DP/B07TWK53BG
DONGQIMI	DONGQIMI	amazon.ae	HTTPS://WWW.AMAZON.AE/DONGQIMI-COMMERCIAL-ELIMINATOR-INDUSTRIAL-DEODORIZER/DP/B08GWVHC1S
DONLEEVING	DONLEEVING	amazon.ae	HTTPS://WWW.AMAZON.AE/DONLEEVING-PONYTAIL-BUCKLE-NONSLIP-ACCESSORIES/DP/B0C13Y5BBL
DONMNEMB	DONMNEMB	amazon.ae	HTTPS://WWW.AMAZON.AE/DONMNEMB-PLACEMATS-COUNTERTOP-ANTI-SLIP-KITCHEN/DP/B0DM94B822
DONMNEMB	DONMNEMB	amazon.ae	HTTPS://WWW.AMAZON.AE/DONMNEMB-ADJUSTABLE-HEIGHT-SUPPORT-FURNITURE/DP/B0CR1G2YLY
DONMNEMB	DONMNEMB	amazon.ae	HTTPS://WWW.AMAZON.AE/DONMNEMB-SMALL-SCRATCHING-GROOMER-INDOOR/DP/B0CG8YWS19
DONMNEMB	DONMNEMB	amazon.ae	HTTPS://WWW.AMAZON.AE/DONMNEMB-FLEXIBLE-MOULDING-0-6-CM/DP/B0CM5L3XBN
DONWIND	DONWIND	amazon.ae	HTTPS://WWW.AMAZON.AE/DONWIND-ELECTRODES-HYPERTHERM-POWERMAX-CUTTING/DP/B07S3K57TD
DONYU	DONYU	amazon.ae	HTTPS://WWW.AMAZON.AE/DONYU-GLASS-COFFEE-CUP%EF%BC%8C/DP/B09DGTM4BD
DOOISEK	DOOISEK	amazon.ae	HTTPS://WWW.AMAZON.AE/DOOISEK-THINNING-THICKENING-CONCEALS-CONCEALER/DP/B08ZHS81Y8
DOORADAR	DOORADAR	amazon.ae	HTTPS://WWW.AMAZON.AE/DOORADAR-HARNESS-ADJUSTABLE-REFLECTIVE-BREATHABLE/DP/B08975MVXZ
DOOTOPER	DOOTOPER	amazon.ae	HTTPS://WWW.AMAZON.AE/EXTENDER-DOOTOPER-REPEATER-AMPLIFIER-WIRELESS/DP/B07DJ9TDZ1
DOQXD	DOQXD	amazon.ae	HTTPS://WWW.AMAZON.AE/DOQXD-OUTLET-MOUNT-GOOGLE-GENERATION/DP/B08D5D4N9V
DORAMAGIC	DORAMAGIC	amazon.ae	HTTPS://WWW.AMAZON.AE/DORAMAGIC-NATURAL-FLOWERS-JEWELRY-LAVENDER/DP/B09L6YR3RX
DORATASIA	DORATASIA	amazon.ae	HTTPS://WWW.AMAZON.AE/DORATASIA-VINTAGE-LEATHER-OXFORDS-BOOTIES/DP/B07F9M3HLJ
DORBETAR	DORBETAR	amazon.ae	HTTPS://WWW.AMAZON.AE/DORBETAR-STICKERS-SCRAPBOOK-SCRAPBOOKING-JOURNALING/DP/B0D8KCMBPB
DORIMIS	DORIMIS	amazon.ae	HTTPS://WWW.AMAZON.AE/DORIMIS-WOMENS-SHOULDER-DRESSES-SWEATSHIRT/DP/B07J12X6QF
DORISUBE	DORISUBE	amazon.ae	HTTPS://WWW.AMAZON.AE/DORISUBE-BASKETBALL-JERSEY-CLOTHING-X-SMALL/DP/B0CDLW62VN
DORNANEN	DORNANEN	amazon.ae	HTTPS://WWW.AMAZON.AE/DORNANEN-BASKETBALL-COMPATIBLE-WATERPROOF-REPLACEMENT/DP/B0CQSXWD49
DORNANEN	DORNANEN	amazon.ae	HTTPS://WWW.AMAZON.AE/DORNANEN-COMPATIBLE-WATERPROOF-REPLACEMENT-WRISTBANDS/DP/B0D2J9J9C4
DOROIM	DOROIM	amazon.ae	HTTPS://WWW.AMAZON.AE/WATCHES-DOROIM-BLUETOOTH-SMARTWATCH-STUDENTS/DP/B07FFY2RD7
DORUIMI	DORUIMI	amazon.ae	HTTPS://WWW.AMAZON.AE/DORUIMI-ORGANIZER-LEATHER-DROPPING-UNIVERSAL/DP/B0CPHRHRZ1
DOSSAC	DOSSAC	amazon.ae	HTTPS://WWW.AMAZON.AE/DOSSAC-BATHROOM-FAUCET-MODERN-WATERFALL/DP/B09N18GQNX
DOSTEAR	DOSTEAR	amazon.ae	HTTPS://WWW.AMAZON.AE/DOSTEAR-WALLPAPER-SELF-ADHESIVE-STICKERS-DECORATIVE/DP/B0D632LZXK
DOTALA	DOTALA	amazon.ae	HTTPS://WWW.AMAZON.AE/DOTALA-CARRIER-PORTABLE-FOLDABLE-APPROVED/DP/B076P3Y7QL
DOUBAY	DOUBAY	amazon.ae	HTTPS://WWW.AMAZON.AE/DOUBAY-CYLINDER-CENTERPIECES-DIAMETER-DECORATIONS/DP/B0CZWN9WVR
DOUBAY	DOUBAY	amazon.ae	HTTPS://WWW.AMAZON.AE/DOUBAY-CYLINDER-CENTERPIECES-DECORATIONS-FLOATING/DP/B0CR74PYS8
DOUBLE4U	DOUBLE4U	amazon.ae	HTTPS://WWW.AMAZON.AE/DOUBLE4U-STAINLESS-STEEL-BALL-VALVE/DP/B07D2G9V9V
DOUJIAZ	DOUJIAZ	amazon.ae	HTTPS://WWW.AMAZON.AE/DOUJIAZ-COMPATIBLE-SILICONE-SAMSUNG-YK-DUO/DP/B07RRS4KFS
DOURARY	DOURARY	amazon.ae	HTTPS://WWW.AMAZON.AE/DOURARY-COLLAPSIBLE-CAPACITY-ALL-TERRAIN-WHEELS-BLACK/DP/B0BXPKVZJ6
DOUZINO	DOUZINO	amazon.ae	HTTPS://WWW.AMAZON.AE/DOUZINO-ANTI-SNORING-ADJUSTABLE-PROFESSIONAL-MOUTHPIECE/DP/B0D878X7S4
DOXWATER	DOXWATER	amazon.ae	HTTPS://WWW.AMAZON.AE/DOXWATER-CAPACITY-SHOULDER-TOP-HANDLE-ALL-MATCH/DP/B0BXGY1WVC
DPFIT	DPFIT	amazon.ae	HTTPS://WWW.AMAZON.AE/DPFIT-FOLDABLE-STATIONARY-RESISTANCE-ADJUSTABLE/DP/B08HCV5JMR
DQGHQME	DQGHQME	amazon.ae	HTTPS://WWW.AMAZON.AE/COLLARS-DQGHQME-RECHARGEABLE-DOGS%EF%BC%8CFLASHING-COLLARS/DP/B09VPDNWP2
DQGHQME	DQGHQME	amazon.ae	HTTPS://WWW.AMAZON.AE/DQGHQME-FLASHING-RECHARGEABLE-COLLARS-ILLUMINATED/DP/B09XTTMDRG
DQQH	DQQH	amazon.ae	HTTPS://WWW.AMAZON.AE/SUPPORT-DQQH-ERGONOMIC-NON-SLIP-CUSHION/DP/B082XCZDM9
DQXY	DQXY	amazon.ae	HTTPS://WWW.AMAZON.AE/DQXY-HYDROGEN-GENERATOR-PORTABLE-CAPACITY/DP/B081KVHVGS
DRAINSOON	DRAINSOON	amazon.ae	HTTPS://WWW.AMAZON.AE/DRAINSOON-PLUMBING-REMOVER-BATHTUB-BATHROOM/DP/B07VF4WTFV
DRAMEDIC	DRAMEDIC	amazon.ae	HTTPS://WWW.AMAZON.AE/DRAMEDIC-DISPOSABLE-MASK-DENTAL-SURGICAL-ANTIVIRAL/DP/B07BN3R5RS
DRAPEXPERT	DRAPEXPERT	amazon.ae	HTTPS://WWW.AMAZON.AE/DRAPEXPERT-SILVERY-BLACKOUT-CURTAIN-PANELS/DP/B09NY6D665
DRASEX	DRASEX	amazon.ae	HTTPS://WWW.AMAZON.AE/DRASEX-CUSHION-SOCKS-ATHLETIC-BASKETBALL/DP/B07DHB2FH8
DRASEX	DRASEX	amazon.ae	HTTPS://WWW.AMAZON.AE/DRASEX-SOCKS-ATHLETIC-OUTDOOR-BASKETBALL/DP/B07BFQ4B25
DRASEX	DRASEX	amazon.ae	HTTPS://WWW.AMAZON.AE/DRASEX-SOCKS-ANCHOR-STRIPED-PATTERNED/DP/B07DH9YRVX
DRAWPAW	DRAWPAW	amazon.ae	HTTPS://WWW.AMAZON.AE/DRAWPAW-STARTER-COMPRESSOR-INFLATOR-VEHICLES/DP/B0B3RDHMCZ
DREAMINGO	DREAMINGO	amazon.ae	HTTPS://WWW.AMAZON.AE/DREAMINGO-PROTECTOR-LOVESEAT-WASHABLE-SECTIONAL/DP/B0BGS65P5Q
DREAMSYARD	DREAMSYARD	amazon.ae	HTTPS://WWW.AMAZON.AE/DREAMSYARD/S?K=DREAMSYARD
DREIWASSER	DREIWASSER	amazon.ae	HTTPS://WWW.AMAZON.AE/DREIWASSER-PORTABLE-WORKOUT-FITNESS-TRAINING/DP/B083RWLSFN
DREIWASSER	DREIWASSER	amazon.ae	HTTPS://WWW.AMAZON.AE/DREIWASSER-SANITIZER-DISPENSER-TOUCHLESS-AUTOMATIC/DP/B087JWZV5L
DRIMMAKS	DRIMMAKS	amazon.ae	HTTPS://WWW.AMAZON.AE/DRIMMAKS-SLEEVE-FITTED-BODYCON-DM023-BLACK/DP/B07L56RG34
DRIMOOR	DRIMOOR	amazon.ae	HTTPS://WWW.AMAZON.AE/DRIMOOR-PACK-WIRELESS-CONTROLLER-PS3/DP/B0C2HYQCW8
DRNM	DRNM	amazon.ae	HTTPS://WWW.AMAZON.AE/DRNM-SOCCER-REBOUND-NET-REBOUNDER/DP/B084Q3GVG7
DRODALALA	DRODALALA	amazon.ae	HTTPS://WWW.AMAZON.AE/DRODALALA-GENERATION-POCKET-ANTI-SLIP-MULTI-ANGLE/DP/B08W4TRVX1
DRODALALA	DRODALALA	amazon.ae	HTTPS://WWW.AMAZON.AE/DRODALALA-GENERATION-LEATHER-COVER-AUTO-%EF%BC%88TRI-FOLD/DP/B07Y878LGP
DRODALALA	DRODALALA	amazon.ae	HTTPS://WWW.AMAZON.AE/DRODALALA-GENERATION-PENCIL-HOLDER-MARBLE/DP/B08CMKP1H4
DROIEE	DROIEE	amazon.ae	HTTPS://WWW.AMAZON.AE/DROIEE-HANDHELD-BATHROOM-CLEANING-STAINLESS/DP/B087DZW5H7
DROMIX	DROMIX	amazon.ae	HTTPS://WWW.AMAZON.AE/DROMIX-EWH-01-ELECTRIC-HEATER-TUNE-UP/DP/B07D7NBBY9
DROSICA	DROSICA	amazon.ae	HTTPS://WWW.AMAZON.AE/DROSICA-LAPTOP-ADJUSTABLE-LAPTOPS-SILVER/DP/B0BDL3ZN4S
DRSMAN	DRSMAN	amazon.ae	HTTPS://WWW.AMAZON.AE/DRSMAN-GOGGLES-UPGRADED-ANTI-FOG-PLUGS/DP/B0D8FJDRGF
DRYFAL	DRYFAL	amazon.ae	HTTPS://WWW.AMAZON.AE/DRYFAL-THRESHOLD-WHEELCHAIRS-BICYCLES-DRIVEWAYS/DP/B0CHDHBD72
DSDSF	DSDSF	amazon.ae	HTTPS://WWW.AMAZON.AE/DSDSF-DESIGN-COWBOY-NOVELTY-CASQUETTE/DP/B0856QMKX2
DSKAOO	DSKAOO	amazon.ae	HTTPS://WWW.AMAZON.AE/DSKAOO-ELECTRIC-INFLATABLES-MATTRESS-PORTABLE/DP/B0BXWWS74X
DSKGSJH	DSKGSJH	amazon.ae	HTTPS://WWW.AMAZON.AE/DSKGSJH-PAINTING-ABSTRACT-PROTECTOR-31-5X15-75/DP/B0B3T8SJBZ
DSKKWS	DSKKWS	amazon.ae	HTTPS://WWW.AMAZON.AE/DSKKWS-KEYBOARD-WOODEN-SUPPORT-HOLDER/DP/B07QYRBPNL
DSQSTMR	DSQSTMR	amazon.ae	HTTPS://WWW.AMAZON.AE/DSQSTMR-CONTROL-STARLING-CHICKEN-TRAPPING/DP/B0BCGS8XQZ
DTXMX	DTXMX	amazon.ae	HTTPS://WWW.AMAZON.AE/DTXMX-FS-I6X-TRANSMITTER-CONTROLLER-QUADCOPTER/DP/B0B3R1K9KC
DUADELI	DUADELI	amazon.ae	HTTPS://WWW.AMAZON.AE/DUADELI-MARBLE-WATERPROOF-NON-SLIP-MOUSEPADS/DP/B0BV2JW54R
DUANFEE	DUANFEE	amazon.ae	HTTPS://WWW.AMAZON.AE/DUANFEE-COUNTERTOP-MULTIFUNCTIONAL-STORAGE-VEGETABLES/DP/B092LLLYRR
DUDHOIK	DUDHOIK	amazon.ae	HTTPS://WWW.AMAZON.AE/DUDHOIK-36V-8A-CHARGER-PROTECTION/DP/B09YYQRTDC
DUIJINYU	DUIJINYU	amazon.ae	HTTPS://WWW.AMAZON.AE/DUIJINYU-RULERS-PLASTIC-CENTIMETERS-ASSORTED/DP/B0BFCHQHTM
DUMPILL	DUMPILL	amazon.ae	HTTPS://WWW.AMAZON.AE/DUMPILL-CLEANING-CLEANER-REMOVER-GROOMING/DP/B0CC2R4C1Z
DUNNTA	DUNNTA	amazon.ae	HTTPS://WWW.AMAZON.AE/DUNNTA-TACTICAL-BACKPACK-MILITARY-TREKKING/DP/B07K3VMPKB
DUOAMARE	DUOAMARE	amazon.ae	HTTPS://WWW.AMAZON.AE/DUOAMARE-ITACHI-AKATSUKI-GAMING-KEYBOARD/DP/B09NL6GPW5
DUPEAKYA	DUPEAKYA	amazon.ae	HTTPS://WWW.AMAZON.AE/DUPEAKYA-PROFESSIONAL-SELECTOR-PORTABLE-ELECTRONIC/DP/B07QT8WW82
DURFII	DURFII	amazon.ae	HTTPS://WWW.AMAZON.AE/DURFII-SMALL-FOOTSTOOL-OTTOMAN-RECTANGULAR/DP/B0BGHNDMFS
DUSONE	DUSONE	amazon.ae	HTTPS://WWW.AMAZON.AE/DUSONE-CHANDELIER-ARTICHOKE-MINIMALIST-RESTAURANT/DP/B096XJNN1B
DUTTAO	DUTTAO	amazon.ae	HTTPS://WWW.AMAZON.AE/DUTTAO-FUNCTION-SQUARE-RAINFALL-SHOWER/DP/B07MDGSSH6
DUYFIOA	DUYFIOA	amazon.ae	HTTPS://WWW.AMAZON.AE/DUYFIOA-REPLACEMENT-SENNHEISER-PXC-HEADPHONES/DP/B0DPH54TN7
DVECUE	DVECUE	amazon.ae	HTTPS://WWW.AMAZON.AE/DVECUE-FITTINGS-STORAGE-ADAPTOR-6-42INCH/DP/B09XBGMBJH
DWEYKA	DWEYKA	amazon.ae	HTTPS://WWW.AMAZON.AE/DWEYKA-STICKS-TRANSPARENT-REPAIRING-DECORATING/DP/B0CPF29KBQ
DXGJOKR	DXGJOKR	amazon.ae	HTTPS://WWW.AMAZON.AE/DXGJOKR-BATHROOM-2X3FT-FARMHOUSE-RUG/DP/B08Y6YSVW3
DXJKDZA	DXJKDZA	amazon.ae	HTTPS://WWW.AMAZON.AE/DXJKDZA-BUILDING-CREATIVE-COMPATIBLE-ARCHITECTURE/DP/B0B4TB6LFS
DXJKDZA	DXJKDZA	amazon.ae	HTTPS://WWW.AMAZON.AE/DXJKDZA-BUILDING-CREATIVE-LIGHTING-COMPATIBLE/DP/B0B4TRKPVY
DYXIA	DYXIA	amazon.ae	HTTPS://WWW.AMAZON.AE/DYXIA-WOMENS-EGYPTIAN-PERFORMANCE-OUTFITS/DP/B0BCFGDX26
DZ372211	DZ372211	amazon.ae	HTTPS://WWW.AMAZON.AE/DZ372211-ROUND-ULTRABLACK-NERF-STEPS/DP/B001OCVBF6
DZANNC	DZANNC	amazon.ae	HTTPS://WWW.AMAZON.AE/DZANNC-SK-11015-TEMPERATURE-SOLEPLATE-SELF-CLEANING/DP/B0CKV7TWDW
DZDOV	DZDOV	amazon.ae	HTTPS://WWW.AMAZON.AE/DZDOV-FOOD-VACUUM-SEALER/DP/B0B8XN9R1C
DZUEKOMI	DZUEKOMI	amazon.ae	HTTPS://WWW.AMAZON.AE/DZUEKOMI-AUTOMATIC-FRESHENER-DISPENSER-COMMERCIAL/DP/B09XKF4CX9
EAAGLO	EAAGLO	amazon.ae	HTTPS://WWW.AMAZON.AE/EAAGLO-GRADUATION-CEREMONIES-ACCESSORIES-GRADUATES/DP/B083TRDTQ2
EACHAVE	EACHAVE	amazon.ae	HTTPS://WWW.AMAZON.AE/EACHAVE-0-75-1-2-DIAMETER-FLAGPOLE-CARABINER/DP/B0B1TVX6L6
EACHAVE	EACHAVE	amazon.ae	HTTPS://WWW.AMAZON.AE/EACHAVE-SAUCEPAN-SAUCEPANS-CASSEROLE-STOCKPOTS/DP/B0B61BJFW9
EACHAVE	EACHAVE	amazon.ae	HTTPS://WWW.AMAZON.AE/EACHAVE-GLASS-SAUCEPANS-CASSEROLE-HEAT-RESISTANT/DP/B0BHY4TDR6
EACHAVE	EACHAVE	amazon.ae	HTTPS://WWW.AMAZON.AE/EACHAVE-1-5L-TRANSPARENT-HEAT-RESISTANT-VEGETABLES/DP/B0B5SMVZ2G
EAGEUS	EAGEUS	amazon.ae	HTTPS://WWW.AMAZON.AE/EAGEUS-PORTFOLIO-WATERPROOF-SOFT-SIDED-ORGANIZATION/DP/B0CB1KF3X8
EAINB	EAINB	amazon.ae	HTTPS://WWW.AMAZON.AE/EAINB-PERSONALIZED-BACKDROPS-CUSTOMIZED-ANNIVERSARY/DP/B0CBFC455X
EAINB	EAINB	amazon.ae	HTTPS://WWW.AMAZON.AE/EAINB-BOHO-MINIMALISM-PILLOWCASE-DECORATIVE/DP/B0B73R99GC
EAMY	EAMY	amazon.ae	HTTPS://WWW.AMAZON.AE/EAMY-BATHROOM-ACCESSORIES-STAINLESS-STEEL/DP/B07XH435SP
EARLLER	EARLLER	amazon.ae	HTTPS://WWW.AMAZON.AE/EARLLER-MAGNETIC-EYELASHES-EYELINER-REUSABLE/DP/B09X2HVQ8G
EARLYLIT	EARLYLIT	amazon.ae	HTTPS://WWW.AMAZON.AE/EARLYLIT-HOT-SWAPPABLE-MECHANICAL-KEYBOARD-PROGRAMMABLE/DP/B0CCMN8ZXJ
EARTHSPORT	EARTHSPORT	amazon.ae	HTTPS://WWW.AMAZON.AE/EARTHSPORT-BLANKET-OVERSIZED-WATERPROOF-SANDPROOF/DP/B07VF97NYH
EASDRIL	EASDRIL	amazon.ae	HTTPS://WWW.AMAZON.AE/EASDRIL-ULTRALIGHT-AVIATION-ALUMINUM-FOLDABLE/DP/B09LVDQ8P7
EASEKING	EASEKING	amazon.ae	HTTPS://WWW.AMAZON.AE/EASEKING-PROJECTOR-BLUETOOTH-ROTATIONAL-PROJECTIONS/DP/B0B93LDSM1
EASEURLIFE	EASEURLIFE	amazon.ae	HTTPS://WWW.AMAZON.AE/EASEURLIFE-REPLACEMENT-NUTRIBULLET-PARTS-BULLET/DP/B077SDRG7F
EASIERHIKE	EASIERHIKE	amazon.ae	HTTPS://WWW.AMAZON.AE/EASIERHIKE-SUNSHADE-WINDPROOF-PORTABLE-BACKYARD/DP/B0C13PP9Z8
EASNWLLIM	EASNWLLIM	amazon.ae	HTTPS://WWW.AMAZON.AE/EASNWLLIM-CANOPY-WEIGHT-WEIGHTS-GAZEBO/DP/B097JPQ63M
EASTAVE	EASTAVE	amazon.ae	HTTPS://WWW.AMAZON.AE/EASTAVE-BRUSHED-COMPLETE-WALL-MOUNTED-INCLUDING/DP/B08JG3VQL5
EASTIII	EASTIII	amazon.ae	HTTPS://WWW.AMAZON.AE/EASTIII-POCKETS-TRADING-SLEEVES-COLLECTOR/DP/B07P7VSRTD
EASYUM	EASYUM	amazon.ae	HTTPS://WWW.AMAZON.AE/EASYUM-PILLOW%EF%BC%8CPILLOWCASE-COVERS-CUSHION-CHILDRENS/DP/B07KXPD9B4
EASYXQ	EASYXQ	amazon.ae	HTTPS://WWW.AMAZON.AE/EASYXQ-COLLAPSIBLE-SILICONE-FOLDING-PORTABLE/DP/B0914Q445N
EAWELLPR	EAWELLPR	amazon.ae	HTTPS://WWW.AMAZON.AE/EAWELLPR-TRANSFER-GASOLINE-AUTOMOBILES-TRACTORS/DP/B093RCMTBD
EAZYLYFE	EAZYLYFE	amazon.ae	HTTPS://WWW.AMAZON.AE/EAZYLYFE-DUMBBELLS-ADJUSTABLE-BARBELL-EXERCISE/DP/B08KFTLFBJ
ECAGEWILL	ECAGEWILL	amazon.ae	HTTPS://WWW.AMAZON.AE/ECAGEWILL-PROFESSIONAL-35000RPM-ELECTRIC-POLISHING/DP/B09P5LGHVB
ECBUY	ECBUY	amazon.ae	HTTPS://WWW.AMAZON.AE/ECBUY-SNORKELING-ANTI-LEAK-UNDERWATER-BREATHING/DP/B06Y592K7T
ECCFUTLL	ECCFUTLL	amazon.ae	HTTPS://WWW.AMAZON.AE/ECCFUTLL-150W-LED-HIGH-LIGHT/DP/B0BKPJRG5T
ECFAC	ECFAC	amazon.ae	HTTPS://WWW.AMAZON.AE/ECFAC-WINDSHIELD-RETRACTABLE-INSTALL-UNIVERSAL/DP/B07HF9HMQ6
ECFVTP	ECFVTP	amazon.ae	HTTPS://WWW.AMAZON.AE/ECFVTP-DISPOSABLE-RECTANGLE-ACCESSORIES-PARCHMENT/DP/B0C61VJV53
ECOFIVES	ECOFIVES	amazon.ae	HTTPS://WWW.AMAZON.AE/ECOFIVES-ADJUSTABLE-EXPANDABLE-SPRING-LOADED-SILVERWARE/DP/B0DFWM2VZS
ECOJIA	ECOJIA	amazon.ae	HTTPS://WWW.AMAZON.AE/VERTICAL-STAINLESS-BRAZILIAN-BARBECUE-GRILLING/DP/B091V5P2ZM
ECOJIA	ECOJIA	amazon.ae	HTTPS://WWW.AMAZON.AE/REUSABLE-WASHABLE-ECO-FRIENDLY-SUSTAINABLE-PAPERLESS/DP/B09C4WTP56
ECVTOP	ECVTOP	amazon.ae	HTTPS://WWW.AMAZON.AE/PINK-ECVTOP-DEATH-COSTUME-COSPLAY/DP/B010D4SEDM
ECVTOP	ECVTOP	amazon.ae	HTTPS://WWW.AMAZON.AE/DARK-PINK-ECVTOP-COSPLAY-RESISTANT/DP/B00ZHTUG1W
EDEEY	EDEEY	amazon.ae	HTTPS://WWW.AMAZON.AE/LEGGINGS-POCKETS-WORKOUT-REFLECTOR-CONTROL/DP/B07N1L9RY5
EDEEY	EDEEY	amazon.ae	HTTPS://WWW.AMAZON.AE/EDEEY-WAISTED-WORKOUT-RUNNING-SEE-THROUGH/DP/B07QS9V97B
EDEKOY	EDEKOY	amazon.ae	HTTPS://WWW.AMAZON.AE/EDEKOY-EXTENSION-CORD-ORGANIZER-STRAPS/DP/B09XRDJC1S
EDICC	EDICC	amazon.ae	HTTPS://WWW.AMAZON.AE/EDICC-AUTOMATIC-ANTI-PINCH-OPERATED-ALUMINUM/DP/B0D3F313T6
EDICC	EDICC	amazon.ae	HTTPS://WWW.AMAZON.AE/EDICC-ELECTRIC-WARMING-TRAY-LARGE/DP/B0D21YTYYS
EDINOEL	EDINOEL	amazon.ae	HTTPS://WWW.AMAZON.AE/EDINOEL-DREAM-HALLOWEEN-MASQUERADE-UNISEX/DP/B09DKVL7N1
EDODAY	EDODAY	amazon.ae	HTTPS://WWW.AMAZON.AE/EDODAY-LEATHER-HANGING-TRAVEL-TOILETRY/DP/B09NQ76KY4
EDUROMI	EDUROMI	amazon.ae	HTTPS://WWW.AMAZON.AE/EDUROMI-BOX-HINGED-DECORATIVE-KEEPSAKES/DP/B09GTXYYK4
EEEJUMPE	EEEJUMPE	amazon.ae	HTTPS://WWW.AMAZON.AE/EEEJUMPE-CABLE-NIKON-CAMERA-COMPUTER/DP/B01075A9T4
EFFELTCH	EFFELTCH	amazon.ae	HTTPS://WWW.AMAZON.AE/EFFELTCH-TODDLER-SLIPPERS-UNICORN-SANDALS/DP/B08H1Z7M5M
EFFENX	EFFENX	amazon.ae	HTTPS://WWW.AMAZON.AE/EFFENX-PROTECTIVE-SHOCKPROOF-PROFESSIONAL-ANTI-SCRATCH/DP/B07V4QTB26
EFFENX	EFFENX	amazon.ae	HTTPS://WWW.AMAZON.AE/EFFENX-IPHONE-XR-ANTI-YELLOW-PROTECTIVE/DP/B07T231PJY
EFFILEX	EFFILEX	amazon.ae	HTTPS://WWW.AMAZON.AE/EFFILEX-REPLACEMENT-HANDHELD-ELECTRIC-CHAINSAW/DP/B093RNKRCC
EFILRA	EFILRA	amazon.ae	HTTPS://WWW.AMAZON.AE/EFILRA-CROSSBODY-LEATHER-CROSS-BODY-SHOULDER/DP/B0C2HK1PLZ
EFISDAY	EFISDAY	amazon.ae	HTTPS://WWW.AMAZON.AE/K510-KEYBOARD-ERGONOMIC-MECHANICAL-ULTRA-SLIM/DP/B083ZCJN43
EFOLKI	EFOLKI	amazon.ae	HTTPS://WWW.AMAZON.AE/EFOLKI-DECORATIVE-LEATHER-MUDCLOTH-FARMHOUSE/DP/B08562ZWR3
EFOLKI	EFOLKI	amazon.ae	HTTPS://WWW.AMAZON.AE/EFOLKI-DECORATIVE-THROW-PILLOW-COVERS/DP/B085DGGYDN
EGIFI	EGIFI	amazon.ae	HTTPS://WWW.AMAZON.AE/EGIFI-STOCKING-MULTITOOL-SCREWDRIVER-EVERYTHING/DP/B0D9NPHHSK
EGOBUY	EGOBUY	amazon.ae	HTTPS://WWW.AMAZON.AE/EGOBUY-MEDITATION-THICKEN-SITTING-PILLOWS/DP/B07SP7RRRD
EGOMYRON	EGOMYRON	amazon.ae	HTTPS://WWW.AMAZON.AE/EGOMYRON-ENGRAVING-PROFESSIONAL-HIGH-PRECISION-EYE-PROTECTION/DP/B097XMQQBW
EGORUN	EGORUN	amazon.ae	HTTPS://WWW.AMAZON.AE/TREADMILL-WALKING-CAPACITY-PORTABLE-CONTROL/DP/B0CVXDTFB8
EGURS	EGURS	amazon.ae	HTTPS://WWW.AMAZON.AE/EGURS-MERMAID-STOCKINGS-SWIMSUIT-SEQUINS/DP/B07PDYQSCF
EHAUUO	EHAUUO	amazon.ae	HTTPS://WWW.AMAZON.AE/EHAUUO-RECHARGEABLE-RETRACTABLE-FLASHING-BEGINNERS/DP/B07MD92C97
EHAUUO	EHAUUO	amazon.ae	HTTPS://WWW.AMAZON.AE/EHAUUO-RECHARGEABLE-RETRACTABLE-FLASHING-BEGINNERS/DP/B0964PSPMH
EIAKE	EIAKE	amazon.ae	HTTPS://WWW.AMAZON.AE/EIAKE-EXTENSIONS-EXTENSION-AMERICAN-NATURALWAVE/DP/B08HCTRPNB
EIINEE	EIINEE	amazon.ae	HTTPS://WWW.AMAZON.AE/EIINEE-CHANDELIER-DIMMABLE-LIGHTING-ADJUSTABLE/DP/B09QPJ8QDK
EIINEE	EIINEE	amazon.ae	HTTPS://WWW.AMAZON.AE/EIINEE-LIGHTING-CHANDELIER-ADJUSTABLE-DIMMABLE/DP/B09QPTHV6Z
EIINEE	EIINEE	amazon.ae	HTTPS://WWW.AMAZON.AE/EIINEE-LIGHTING-DIMMABLE-CHANDELIER-BREAKFAST/DP/B09S8T85WZ
EIINEE	EIINEE	amazon.ae	HTTPS://WWW.AMAZON.AE/EIINEE-LEAKPROOF-TABLEWARE-3-COMPARTMENT-CONTAINERS/DP/B09W2JR5H1
EIKOSCH	EIKOSCH	amazon.ae	HTTPS://WWW.AMAZON.AE/EIKOSCH-HOFEINZ-TURNTABLE-BLUETOOTH-3-SPEED/DP/B09G34CJ4X
EIQER	EIQER	amazon.ae	HTTPS://WWW.AMAZON.AE/EIQER-ADHESIVE-BATHROOM-DRILLING-REQUIRED/DP/B083NT1ZTL
EIRSTY	EIRSTY	amazon.ae	HTTPS://WWW.AMAZON.AE/EIRSTY-MOLDABLE-GRINDING-CLENCHING-WHITENING/DP/B07VN6HW11
EJCC	EJCC	amazon.ae	HTTPS://WWW.AMAZON.AE/EJCC-MICROPHONE-MICROPHONES-RECORDING-INTERVIEW/DP/B0CQP35XP3
EKOFECK	EKOFECK	amazon.ae	HTTPS://WWW.AMAZON.AE/EKOFECK-DECORATIVE-COLLEGE-TAILGATES-PARTIES/DP/B08X3K3G5S
EKOROPSHOP	EKOROPSHOP	amazon.ae	HTTPS://WWW.AMAZON.AE/EKOROPSHOP-COSTUME-HEADBAND-LAVALIERE-HALLOWEEN/DP/B0FHP33T2H
EKOROPSHOP	EKOROPSHOP	amazon.ae	HTTPS://WWW.AMAZON.AE/EKOROPSHOP-UNICORN-BIRTHDAY-PRINCESS-HALLOWEEN/DP/B0BG65JKH3
ELATANY	ELATANY	amazon.ae	HTTPS://WWW.AMAZON.AE/ELATANY-WASHABLE-DIAPERS-REUSABLE-DOGGIE/DP/B08D6LTXKB
ELCSSUY	ELCSSUY	amazon.ae	HTTPS://WWW.AMAZON.AE/ELCSSUY-UNICORN-SLIPPERS-COMFORTABLE-ANTI-SLIP/DP/B08L8M7VKS
ELCSSUY	ELCSSUY	amazon.ae	HTTPS://WWW.AMAZON.AE/ELCSSUY-WATERPOOF-OUTDOOR-PRINCESS-SLIPPERS/DP/B07JHP1X1L
ELCSSUY	ELCSSUY	amazon.ae	HTTPS://WWW.AMAZON.AE/ELCSSUY-TODDLER-LITTLE-MOCCASIN-SLIPPERS/DP/B07TSTF8JB
ELCSSUY	ELCSSUY	amazon.ae	HTTPS://WWW.AMAZON.AE/ELCSSUY-WATERPOOF-OUTDOOR-PRINCESS-SLIPPERS/DP/B07J5DMBTM
ELCSSUY	ELCSSUY	amazon.ae	HTTPS://WWW.AMAZON.AE/ELCSSUY-GLITTER-TODDLER-LITTLE-WINTER/DP/B07J5MRD16
ELEBUILD	ELEBUILD	amazon.ae	HTTPS://WWW.AMAZON.AE/ELEBUILD-BRUSHED-CABINET-DRESSER-CUPBOARD/DP/B08Y5DFB9K
ELECDOLPH	ELECDOLPH	amazon.ae	HTTPS://WWW.AMAZON.AE/WIRELESS-ELECDOLPH-BLUETOOTH-HEADPHONES-WATERPROOF/DP/B08QYZQ8K3
ELECXLINK	ELECXLINK	amazon.ae	HTTPS://WWW.AMAZON.AE/ELECXLINK-ALUMINUM-UNIVERSAL-TEMPERATURE-CHEMISTRY/DP/B0818SRX5M
ELEGEET	ELEGEET	amazon.ae	HTTPS://WWW.AMAZON.AE/ELEGEET-PROTECTIVE-SKATING-SNOWBOARDING-TORTOISE/DP/B07ML6GXDK
ELEGRAFY	ELEGRAFY	amazon.ae	HTTPS://WWW.AMAZON.AE/ELEGRAFY-INSTRUMENT-BOTANICAL-COLLECTION-VALENTINES/DP/B0CLHVTX3V
ELEGRAFY	ELEGRAFY	amazon.ae	HTTPS://WWW.AMAZON.AE/ELEGRAFY-MECHANICAL-FORTUNE-BUILDING-BLOCKS/DP/B0C5CNGW4N
ELEKHOMI	ELEKHOMI	amazon.ae	HTTPS://WWW.AMAZON.AE/ELEKHOMI-ACTIVATED-CONFERENCES-INTERVIEWS-DICTAPHONE/DP/B0CP4G4PSW
ELEKPIA	ELEKPIA	amazon.ae	HTTPS://WWW.AMAZON.AE/ELEKPIA-RMT-B126A-COMPATIBLE-RMTB126A-149267811/DP/B07N1TV5NP
ELEKPIA	ELEKPIA	amazon.ae	HTTPS://WWW.AMAZON.AE/ELEKPIA-DX-RC02A-12-DX-32E250A12-DX-19LD150A11-DX-24E310NA15/DP/B07L5Y1ZW7
ELEKPIA	ELEKPIA	amazon.ae	HTTPS://WWW.AMAZON.AE/ELEKPIA-URMT34JHG001-CONTROL-COMPATIBLE-PHILIPS/DP/B07NSHPN6M
ELEKPIA	ELEKPIA	amazon.ae	HTTPS://WWW.AMAZON.AE/ELEKPIA-REPLACEMENT-ELEMENT-REMOTE-CONTROL/DP/B08R18B7QX
ELEKPIA	ELEKPIA	amazon.ae	HTTPS://WWW.AMAZON.AE/ELEKPIA-REPLACEMENT-ROKU-REMOTE-CONTROL/DP/B08M9L25NS
ELEKPIA	ELEKPIA	amazon.ae	HTTPS://WWW.AMAZON.AE/ELEKPIA-UNIVERSAL-REMOTE-SAMSUNG-REPLACEMENT/DP/B08GBXTPGJ
ELEMANGO	ELEMANGO	amazon.ae	HTTPS://WWW.AMAZON.AE/ELEMANGO-ALUMINUM-ARCHED-TOP-STANDING-DRESSING/DP/B0C6K452WD
ELEMINIKIN	ELEMINIKIN	amazon.ae	HTTPS://WWW.AMAZON.AE/YAIZK-ELEMINIKIN-ELEMINIKIN-DVB50-TELEVISIONS/DP/B07K1W37K4
ELENOOZ	ELENOOZ	amazon.ae	HTTPS://WWW.AMAZON.AE/ELENOOZ-SUPPORT-PLATFORM-ASSEMBLY-STANDARD/DP/B09Z8C469R
ELEROR	ELEROR	amazon.ae	HTTPS://WWW.AMAZON.AE/ELEROR-INVISIBLE-WIRELESS-HEADPHONE-AUDIOBOOKS/DP/B09M6FWWLW
ELESTY	ELESTY	amazon.ae	HTTPS://WWW.AMAZON.AE/ELESTY-SYNTHETIC-RESISTANT-PURPLE-GLUELESS/DP/B07X81T2HR
ELESUIT	ELESUIT	amazon.ae	HTTPS://WWW.AMAZON.AE/ELESUIT-HOODIE-FLANNEL-JACKET-SWEATSHIRT/DP/B0CP3X2JBR
ELEVANS	ELEVANS	amazon.ae	HTTPS://WWW.AMAZON.AE/ELEVANS-JEWELRY-TRAY-POLYRESIN-NECKLACES/DP/B09SYG5PDP
ELEZENIOC	ELEZENIOC	amazon.ae	HTTPS://WWW.AMAZON.AE/ELEZENIOC-ADJUSTABLE-OPEN-END-SPANNERS-ULTRA-THIN/DP/B07VJJXY15
ELEZENIOC	ELEZENIOC	amazon.ae	HTTPS://WWW.AMAZON.AE/ELEZENIOC-ROUND-CABLE-CLIPS-ELECTRICAL/DP/B08S79XC5G
ELEZENIOC	ELEZENIOC	amazon.ae	HTTPS://WWW.AMAZON.AE/ELECTRIC-SHAVER-REPLACEMENT-ELEZENIOC-ES-32A/DP/B07X9T3711
ELIMTEC	ELIMTEC	amazon.ae	HTTPS://WWW.AMAZON.AE/ELIMTEC-MATCHA-WHISK-SET-JAPANESE/DP/B0CR1KBV5X
ELLENDI	ELLENDI	amazon.ae	HTTPS://WWW.AMAZON.AE/ELLENDI-COMFORT-MEMORY-FOAM-RUNNER/DP/B07MXZKRKR
ELLSANG	ELLSANG	amazon.ae	HTTPS://WWW.AMAZON.AE/ELLSANG-PORTABLE-MEDICINE-MOTORCYCLE-EMERGENCY/DP/B07VYLXPXY
ELSNU	ELSNU	amazon.ae	HTTPS://WWW.AMAZON.AE/ELSNU-VEHICLE-REVERSE-DISTANCE-DETECTION/DP/B098L9X7L4
ELSOFER	ELSOFER	amazon.ae	HTTPS://WWW.AMAZON.AE/ELSOFER-STRIPED-PAJAMAS-STRETCH-PALAZZO/DP/B07MRGK75N
ELSTAROA	ELSTAROA	amazon.ae	HTTPS://WWW.AMAZON.AE/ELSTAROA-WOMENS-SUEDE-BUTTON-PENCIL/DP/B0CL2QQQ6C
EMARRY	EMARRY	amazon.ae	HTTPS://WWW.AMAZON.AE/EMARRY-ADJUSTABLE-CONTOURED-COMFORTABLE-BLINDFOLD/DP/B07H6BHWKS
EMISTEM	EMISTEM	amazon.ae	HTTPS://WWW.AMAZON.AE/EMISTEM-LATCH-HOOK-KITS-ADULTS/DP/B0928D62NS
EMLIFEPAK	EMLIFEPAK	amazon.ae	HTTPS://WWW.AMAZON.AE/EMLIFEPAK-32OZ-ECO-FRIENDLY-COMPOSTABLE-BIODEGRADABLE/DP/B0C1WQL3BY
EMMAKO	EMMAKO	amazon.ae	HTTPS://WWW.AMAZON.AE/EMMAKO-DIGITAL-WIRELESS-BACKUP-MONITOR/DP/B07F8Q4NHY
EMONDORA	EMONDORA	amazon.ae	HTTPS://WWW.AMAZON.AE/EMONDORA-WOMENS-BEANIE-WINTER-SLOUCHY/DP/B079KBN7QX
EMOSN	EMOSN	amazon.ae	HTTPS://WWW.AMAZON.AE/EMOSN-AQUARIUM-OXYGENATING-FOUNTAIN-HYDROPONICS/DP/B092HQQVCC
EMOSON	EMOSON	amazon.ae	HTTPS://WWW.AMAZON.AE/EMOSON-VERTICAL-STEAMBOARD-STEAMER-STEAMBOARD/DP/B08KXNZCWY
EMOUSPORT	EMOUSPORT	amazon.ae	HTTPS://WWW.AMAZON.AE/EMOUSPORT-BEVERAGE-STATION-DISPENSER-MACHINE/DP/B07D5CV2MY
EMSECKO	EMSECKO	amazon.ae	HTTPS://WWW.AMAZON.AE/EMSECKO-CLASSIC-TRAVELLER-WITHOUT-BUILD-UP/DP/B0CXP9Z417
EMSECKO	EMSECKO	amazon.ae	HTTPS://WWW.AMAZON.AE/EMSECKO-COLLAPSIBLE-FOLDABLE-CARABINER-REUSABLE/DP/B0B5STYZKK
EMSLIMNEORF	EMSLIMNEORF	amazon.ae	HTTPS://WWW.AMAZON.AE/EMSLIMNEORF-FOCUSED-SHOCKWAVE-MULTIFUNCTIONAL-EXTRACORPOREAL/DP/B0BK1DJ14X
EMYVSVO	EMYVSVO	amazon.ae	HTTPS://WWW.AMAZON.AE/EMYVSVO-ADHESIVE-POLYESTER-FURNITURE-HARDWOOD/DP/B08HHYKXN1
ENBEI	ENBEI	amazon.ae	HTTPS://WWW.AMAZON.AE/ENBEI-FOLDABLE-WASHABLE-LIGHTWEIGHT-ECO-FRIENDLY/DP/B0C5ZV81GH
ENBIA	ENBIA	amazon.ae	HTTPS://WWW.AMAZON.AE/ENBIA-ETHERNET-NETWORK-COMPATIBLE-CHARGING/DP/B07JN8ZXBJ
ENBIA	ENBIA	amazon.ae	HTTPS://WWW.AMAZON.AE/ENBIA-ETHERNET-ADAPTER-NETWORK-INTERNET/DP/B084MCVVP9
ENBUER	ENBUER	amazon.ae	HTTPS://WWW.AMAZON.AE/ENBUER-GUANGDA-HDMI-SPLITTER-1081P/DP/B081GL1CMV
ENCOZY	ENCOZY	amazon.ae	HTTPS://WWW.AMAZON.AE/LAUNDRY-WATERPROOF-FOLDABLE-STORAGE-BASKETS/DP/B083NTTB1H
ENFMAY	ENFMAY	amazon.ae	HTTPS://WWW.AMAZON.AE/ENFMAY-STAINLESS-FILTRATION-INSULATED-CAFFETTIERE/DP/B09M8NQ75P
ENFORTEN	ENFORTEN	amazon.ae	HTTPS://WWW.AMAZON.AE/ENFORTEN-500PCS-PLASTIC-FRENCH-FASHION/DP/B00CL45EQI
ENGLORY	ENGLORY	amazon.ae	HTTPS://WWW.AMAZON.AE/ENGLORY-PICTURE-CERTIFICATE-PAINTING-DECORATION/DP/B0DKNWY2R4
ENHOPTY	ENHOPTY	amazon.ae	HTTPS://WWW.AMAZON.AE/ENHOPTY-UPGRADED-STUFFED-ANIMAL-REALISTIC/DP/B08JCZCBT5
ENILYM	ENILYM	amazon.ae	HTTPS://WWW.AMAZON.AE/ENILYM-FENGHUANG-AROMATHERAPY-ESSENTIAL-ES2022/DP/B0BCX3HCS3
ENKUDC	ENKUDC	amazon.ae	HTTPS://WWW.AMAZON.AE/ENKUDC-PRINTED-WORKING-WOMEN-STYLE/DP/B07DMLLJ51
ENMOGO	ENMOGO	amazon.ae	HTTPS://WWW.AMAZON.AE/ENMOGO-TODDLERS-SQUARE-CHILDREN-KIDDIE/DP/B09H25H4T3
ENMUJOY	ENMUJOY	amazon.ae	HTTPS://WWW.AMAZON.AE/ENMUJOY-PREMIUM-COMFORTER-LUXURIOUS-FEATHER/DP/B08FWVH9N3
ENOCHT	ENOCHT	amazon.ae	HTTPS://WWW.AMAZON.AE/ENOCHT-CLOTHES-OUTFIT-DRESSES-SWIMSUITS/DP/B09HH26M7X
ENQINN	ENQINN	amazon.ae	HTTPS://WWW.AMAZON.AE/ENQINN-HYPERVOLT-WATERPROOF-RESISTANT-CARRYING/DP/B0919KMT48
ENSTPHJOY	ENSTPHJOY	amazon.ae	HTTPS://WWW.AMAZON.AE/ENSTPHJOY-BENTO-BOX-ADULT-LUNCH/DP/B0CCJJWMG2
ENTEENLY	ENTEENLY	amazon.ae	HTTPS://WWW.AMAZON.AE/ENTEENLY-DIMMABLE-FLEXIBLE-LIGHTING-CUPBOARD/DP/B08VNP7FGS
ENTPI	ENTPI	amazon.ae	HTTPS://WWW.AMAZON.AE/ENTPI-ULTRA-THIN-ADJUSTABLE-BRIGHTNESS-90%C2%B0BRACKET/DP/B09L8DL2R3
ENVIZINS	ENVIZINS	amazon.ae	HTTPS://WWW.AMAZON.AE/ENVIZINS-SPA-GIFT-100-NATURAL/DP/B08SQP35LL
ENYEE	ENYEE	amazon.ae	HTTPS://WWW.AMAZON.AE/WATERPROOF-SANDPROOF-SANDFREE-OVERSIZED-PORTABLE/DP/B09TP1WX8Z
ENYEE	ENYEE	amazon.ae	HTTPS://WWW.AMAZON.AE/SPRAYER-COOKING-SILICONE-BASTING-PREMIUM/DP/B09TP1VH4W
ENYEE	ENYEE	amazon.ae	HTTPS://WWW.AMAZON.AE/ENYEE-PROFESSIONAL-COMPRESSION-STABILIZERS-ARTHRITIS/DP/B0B4S4PR4Z
ENYEE	ENYEE	amazon.ae	HTTPS://WWW.AMAZON.AE/ENYEE-TABLETOP-IRONING-FOLDABLE-RESISTANT/DP/B0CMGT5CYF
ENYEE	ENYEE	amazon.ae	HTTPS://WWW.AMAZON.AE/ENYEE-WATERPROOF-WEEKENDER-COMPARTMENT-TRAINING/DP/B0C37B8YKR
ENYEE	ENYEE	amazon.ae	HTTPS://WWW.AMAZON.AE/ENYEE-PORTABLE-NEBULIZER-MACHINE-ADULTS/DP/B0CJBB4GWD
ENYEE	ENYEE	amazon.ae	HTTPS://WWW.AMAZON.AE/ENYEE-FLASHLIGHT-HEADLIGHT-TAILLIGHT-RECHARGEABLE/DP/B08BS4YH24
ENYKE	ENYKE	amazon.ae	HTTPS://WWW.AMAZON.AE/ENYKE-OFFICE-PREMIUM-CASTERS-HARDWOOD/DP/B07H91TX9K
ENYKE	ENYKE	amazon.ae	HTTPS://WWW.AMAZON.AE/ENYKE-CASTERS-UPGRADE-BEARINGS-HARDWOOD/DP/B07KPCGGQL
EOEXN	EOEXN	amazon.ae	HTTPS://WWW.AMAZON.AE/EOEXN-THICKNESS-FOAMBOARD-MOUNTING-ACID-FREE/DP/B094VRC62B
EOFEEL	EOFEEL	amazon.ae	HTTPS://WWW.AMAZON.AE/EOFEEL-MONTESSORI-MATERIALS-ACCESSORIES-CHILDREN/DP/B07J6RF6LH
EOLIURR	EOLIURR	amazon.ae	HTTPS://WWW.AMAZON.AE/EOLIURR-YELLOW-WINNIE-BACKPACK-STATIONERY/DP/B0C578FTYY
EONBON	EONBON	amazon.ae	HTTPS://WWW.AMAZON.AE/EONBON-MBF-010-AUTOMATIC-BREAD-PREMIUM/DP/B08MTLYRWC
EOOWOY	EOOWOY	amazon.ae	HTTPS://WWW.AMAZON.AE/EOOWOY-TRICYCLE-ADJUSTABLE-REMOVABLE-HARNESS/DP/B08F7BK1RB
EOVOLA	EOVOLA	amazon.ae	HTTPS://WWW.AMAZON.AE/EOVOLA-PORTABLE-CARRY-NINTENDO-SWITCH/DP/B07VB3QSH1
EPARTSWIDE	EPARTSWIDE	amazon.ae	HTTPS://WWW.AMAZON.AE/EPARTSWIDE-BINDER-CLIPS-PAPER-CLAMP/DP/B07HF21KT7
EPIPGALE	EPIPGALE	amazon.ae	HTTPS://WWW.AMAZON.AE/EPIPGALE-AIRPLANE-BEGINNERS-AIRCRAFT-LUMINOUS/DP/B0B3QMZ7SV
EPREC	EPREC	amazon.ae	HTTPS://WWW.AMAZON.AE/EPREC-CONTROLLER-DISPLAY-COMPATIBLE-BATTERIES/DP/B07WFMC5NC
EQIVEI	EQIVEI	amazon.ae	HTTPS://WWW.AMAZON.AE/EQIVEI-KITCHEN-WASHABLE-ABSORBENT-FARMHOUSE/DP/B0BY2LPH8N
EQUASON	EQUASON	amazon.ae	HTTPS://WWW.AMAZON.AE/INDUSTRIAL-BRACKETS-EQUASON-SHELVING-FLOATING/DP/B07PMGCR7F
ERALOVE	ERALOVE	amazon.ae	HTTPS://WWW.AMAZON.AE/MOCAL-ERALOVE-MEDIEVAL-FASTENERS-STAINLESS/DP/B07M7V32P5
ERDANER	ERDANER	amazon.ae	HTTPS://WWW.AMAZON.AE/ERDANER-FAUCET-INSTALLATION-BATHROOM-DIAMETER/DP/B09MQF756Q
ERDIEGLE	ERDIEGLE	amazon.ae	HTTPS://WWW.AMAZON.AE/ERDIEGLE-DETECTOR-BASEMENTS-BATHROOMS-BATTERIES/DP/B0CR19Y6MN
ERFEI	ERFEI	amazon.ae	HTTPS://WWW.AMAZON.AE/ERFEI-15-75INCH-ADJUSTABLE-22-64-33-46IN-MULTIFUNCTIONAL/DP/B0B2VX542V
ERGAOBOY	ERGAOBOY	amazon.ae	HTTPS://WWW.AMAZON.AE/ERGAOBOY-FEMALE-NICKEL-PLATED-COPPER/DP/B0CF8GPFNT
ERGAOBOY	ERGAOBOY	amazon.ae	HTTPS://WWW.AMAZON.AE/ERGAOBOY-BLUE-POLYURETHANE-WITHOUT-FITTINGS/DP/B097H8R5CR
ERGAOBOY	ERGAOBOY	amazon.ae	HTTPS://WWW.AMAZON.AE/ERGAOBOY-DEGREE-ROTATING-DECORATIVE-DANCING/DP/B094QJ3S38
ERLLE	ERLLE	amazon.ae	HTTPS://WWW.AMAZON.AE/ERLLE-DOMINOS-PREMIUM-CLASSIC-DOMINOES/DP/B08DL6Z1GX
ERLSIG	ERLSIG	amazon.ae	HTTPS://WWW.AMAZON.AE/ERLSIG-STACKING-TRAINING-CHALLENGE-COMPETITION/DP/B07PHF6X5C
EROBOO	EROBOO	amazon.ae	HTTPS://WWW.AMAZON.AE/EROBOO-NB3-WATERPROOF-INVISIBLE-BLUETOOTH/DP/B07HC84KGM
ERONDE	ERONDE	amazon.ae	HTTPS://WWW.AMAZON.AE/ERONDE-PVC-PLANT-GREENHOUSE-COVER/DP/B0761WM9C9
ERPANG	ERPANG	amazon.ae	HTTPS://WWW.AMAZON.AE/ERPANG-WATERPROOF-INSULATED-CONCEALED-COLLAPSIBLE/DP/B0DJVL981G
ERSIMAN	ERSIMAN	amazon.ae	HTTPS://WWW.AMAZON.AE/ERSIMAN-MANNEQUIN-PROFESSIONAL-COSMETOLOGY-EYEGLASSES/DP/B07VS5ZX5H
ERTZINLA	ERTZINLA	amazon.ae	HTTPS://WWW.AMAZON.AE/ERTZINLA-BLACK-SOCKET-COVERS-SOCKETS/DP/B0C58YLLTH
ERUW	ERUW	amazon.ae	HTTPS://WWW.AMAZON.AE/ERUW-BLUETOOTH-HANDSFREE-HEADPHONES-COMPATIBLE/DP/B07MLZ4NMQ
ESBOLM	ESBOLM	amazon.ae	HTTPS://WWW.AMAZON.AE/ESBOLM-EXPANDABLE-KITCHEN-STAINLESS-SILICONE/DP/B0B7BJGYND
ESCCBOO	ESCCBOO	amazon.ae	HTTPS://WWW.AMAZON.AE/ESCCBOO-DACHSHUND-TURTLENECK-SUITABLE-DACHSHUNDS/DP/B0D9Y2PMD5
ESCPALATS	ESCPALATS	amazon.ae	HTTPS://WWW.AMAZON.AE/ESCPALATS-LANDSCAPE-DECORATION-DRIVEWAY-WATERPROOF/DP/B09BQH2S8L
ESENLONG	ESENLONG	amazon.ae	HTTPS://WWW.AMAZON.AE/ESENLONG-DOPPELKOPF-GEOLOGICAL-EXAMINATION-DUCKBILL/DP/B08X1H28B1
ESINFY	ESINFY	amazon.ae	HTTPS://WWW.AMAZON.AE/ESINFY-WEIGHTED-BLANKET-BREATHABLE-IMPROVE/DP/B07QZBZYNG
ESONAL	ESONAL	amazon.ae	HTTPS://WWW.AMAZON.AE/ESONAL-NURSERY-FLOATING-BOOKSHELF-BATHROOM/DP/B0BGPNWV8L
ESOTTE	ESOTTE	amazon.ae	HTTPS://WWW.AMAZON.AE/ESOTTE-MODERN-WALL-MOUNTED-CAT-FURNITURE/DP/B0BTYDDKSP
ESPSENT	ESPSENT	amazon.ae	HTTPS://WWW.AMAZON.AE/ESPSENT-NIGHTSTAND-STORAGE-COMPARTMENT-NATURAL/DP/B08HZ2TG24
ESSBAG	ESSBAG	amazon.ae	HTTPS://WWW.AMAZON.AE/ESSBAG-CENTRIFUGAL-SOUNDPROOF-BLENDERCRUSHED-TEACOMMERCIAL/DP/B0BS9H53KC
ESSILNN	ESSILNN	amazon.ae	HTTPS://WWW.AMAZON.AE/ESSILNN-AUTOMATIC-DISPENSER-STAINLESS-STEEL-LIVESTOCK/DP/B0BDRLX1NB
ESTODER	ESTODER	amazon.ae	HTTPS://WWW.AMAZON.AE/ESTODER-PORTABLE-CONDITIONER-ADJUSTABLE-HORIZONTAL/DP/B0BQRJYWMZ
ESUFEIR	ESUFEIR	amazon.ae	HTTPS://WWW.AMAZON.AE/REPLACEMENT-EXCLUDER-SOUNDPROOFING-INSULATION-STRIPPING/DP/B0CKR1T9KT
ESUKAR	ESUKAR	amazon.ae	HTTPS://WWW.AMAZON.AE/ESUKAR-LIGHTWEIGHT-SAFARI-MULTI-POCKET-OUTWEAR/DP/B0CJRW2ZCC
ESWHAREYR	ESWHAREYR	amazon.ae	HTTPS://WWW.AMAZON.AE/ESWHAREYR-SUSPENSION-8R0513025J-8R0513025K-8R0513026J/DP/B0BB7DRF4J
ETAREWILT	ETAREWILT	amazon.ae	HTTPS://WWW.AMAZON.AE/ETAREWILT-RETRACTABLE-SWATTER-STAINLESS-OUTDOOR/DP/B095XDV2KS
ETECHYDRA	ETECHYDRA	amazon.ae	HTTPS://WWW.AMAZON.AE/ETECHYDRA-DETACHABLE-COMFORTABLE-WATERPROOF-CLOTHES/DP/B08H7VTT92
ETECHYDRA	ETECHYDRA	amazon.ae	HTTPS://WWW.AMAZON.AE/ETECHYDRA-DETACHABLE-REFLECTIVE-CLOTHING-WATERPROOF/DP/B08H88WT5S
ETERISH	ETERISH	amazon.ae	HTTPS://WWW.AMAZON.AE/ETERISH-ADJUSTABLE-ROLLER-SKATES-GIRLS/DP/B092MN6WY6
ETERISH	ETERISH	amazon.ae	HTTPS://WWW.AMAZON.AE/ETERISH-ORTHOPEDIC-EGG-CRATE-REMOVABLE-WASHABLE/DP/B08CDBCXFV
ETMURY	ETMURY	amazon.ae	HTTPS://WWW.AMAZON.AE/ETMURY-CARABINER-PORTABLE-ADVENTURE-EMERGENCY/DP/B08DKLCZW1
ETMURY	ETMURY	amazon.ae	HTTPS://WWW.AMAZON.AE/ETMURY-BATHROOM-RECTANGULAR-SCRUBBER-SPONGES/DP/B08FX7TM8F
ETSAMOR	ETSAMOR	amazon.ae	HTTPS://WWW.AMAZON.AE/ETSAMOR-PROTECTION-POLYPROPYLENE-PROTECTING-FREEZING/DP/B08JTMNC13
ETUOJI	ETUOJI	amazon.ae	HTTPS://WWW.AMAZON.AE/ETUOJI-WATERPROOF-HOODED-SLEEVE-RAINCOAT/DP/B076DZB17G
ETUOLIFE	ETUOLIFE	amazon.ae	HTTPS://WWW.AMAZON.AE/ETUOLIFE-SCENTED-CANDLES-RELAXING-VALENTINES/DP/B0CFTMBN9H
EUBSWA	EUBSWA	amazon.ae	HTTPS://WWW.AMAZON.AE/EUBSWA-CHILDREN-RECHARGEABLE-DIMMABLE-SILICONE/DP/B0F1JTNCSJ
EUGENYS	EUGENYS	amazon.ae	HTTPS://WWW.AMAZON.AE/EUGENYS-CALIFORNIA-STATE-FLAG-FOOT/DP/B08VGNG72S
EUIEN	EUIEN	amazon.ae	HTTPS://WWW.AMAZON.AE/EUIEN-SILICONE-CHILLING-COCKTAILS-HOMEMADE/DP/B09YTPHB45
EULUMAP	EULUMAP	amazon.ae	HTTPS://WWW.AMAZON.AE/EULUMAP-EXERCISE-BIKE-STATIONARY-COMFORTABLE/DP/B09Z2MJB4X
EUNVABIR	EUNVABIR	amazon.ae	HTTPS://WWW.AMAZON.AE/EUNVABIR-STENCILS-PAINTING-REUSABLE-FURNITURE/DP/B08PB9F2MK
EURCRBU	EURCRBU	amazon.ae	HTTPS://WWW.AMAZON.AE/EURCRBU-MECHANICAL-KEYBOARD-ANTI-GHOSTING-COMPETITIVE/DP/B0DMSWHHVC
EURCRBU	EURCRBU	amazon.ae	HTTPS://WWW.AMAZON.AE/EURCRBU-MAGNETIC-COMPATIBLE-PROTECTION-COVER-BLACK/DP/B0C5J93VFB
EURCRBU	EURCRBU	amazon.ae	HTTPS://WWW.AMAZON.AE/EURCRBU-KEYBOARD-LIGHTWEIGHT-MAGNETICALLY-DETACHABLE/DP/B09F6F7VQ8
EURIZEN	EURIZEN	amazon.ae	HTTPS://WWW.AMAZON.AE/EURIZEN-CABINET-LATCHES-TRAILOR-REPLACEMENT/DP/B07WD57XH1
EUSTREER	EUSTREER	amazon.ae	HTTPS://WWW.AMAZON.AE/EUSTREER-NAIL-GRINDER-REPLACEMENT-HEAD/DP/B0CBBWFYXN
EVCIKLU	EVCIKLU	amazon.ae	HTTPS://WWW.AMAZON.AE/EVCIKLU-KUSTOMZ-KRATOS-PREMIUM-KEYCHAIN/DP/B091BBJJCP
EVENICE	EVENICE	amazon.ae	HTTPS://WWW.AMAZON.AE/EVENICE-FLAMELESS-REALISTIC-ARTIFICIAL-OPERATED/DP/B09V888X17
EVERCIO	EVERCIO	amazon.ae	HTTPS://WWW.AMAZON.AE/EVERCIO-MAGNETIC-REFRIGERATOR-ORGANIZER-GIRLFRIEND/DP/B09ZYS7NFB
EVERFLYING	EVERFLYING	amazon.ae	HTTPS://WWW.AMAZON.AE/EVERFLYING-AUTOMATIC-RECHARGEABLE-ADJUSTABLE-WATERPROOF/DP/B08GWWY9KC
EVERRYSEA	EVERRYSEA	amazon.ae	HTTPS://WWW.AMAZON.AE/EVERRYSEA-WAISTED-SWIMSUIT-BATHING-SWIMWEAR/DP/B081YR8G4V
EVERWEEKEND	EVERWEEKEND	amazon.ae	HTTPS://WWW.AMAZON.AE/EVERWEEKEND-GIRLS-MAXI-DRESS-TWIRLY/DP/B07NYXYYBK
EVEXMAS	EVEXMAS	amazon.ae	HTTPS://WWW.AMAZON.AE/EVEXMAS-INJECTION-ARTIFICIAL-CHRISTMAS-POLYETHYLENE/DP/B0CYLS9B5S
EVINTER	EVINTER	amazon.ae	HTTPS://WWW.AMAZON.AE/EVINTER-LIGHTWEIGHT-COMFORTABLE-ATHLETIC-SNEAKERS/DP/B07SN2D2MX
EVYTTA	EVYTTA	amazon.ae	HTTPS://WWW.AMAZON.AE/EVYTTA-TANNING-APPLICATOR-PATENTED-ELASTIC/DP/B09MLW2SW7
EVZOM	EVZOM	amazon.ae	HTTPS://WWW.AMAZON.AE/EVZOM-VOLLEYBALL-TRAINING-VOLLEYBALLS-CHILDREN/DP/B09N8PYRLL
EVZOM	EVZOM	amazon.ae	HTTPS://WWW.AMAZON.AE/EVZOM-VOLLEYBALL-EQUIPMENT-DURABILITY-STABILITY/DP/B0C6KH2QM5
EWAIIRA	EWAIIRA	amazon.ae	HTTPS://WWW.AMAZON.AE/EWAIIRA-STAINLESS-COUNTERTOP-ORGANIZERS-ESSENTIALS/DP/B0F2MPG79V
EWALOS	EWALOS	amazon.ae	HTTPS://WWW.AMAZON.AE/EWALOS-ACCESSORIES-ACCESSORY-CONTROLLER-DISPOSABLE/DP/B0BLNDVNSY
EWISEELIVE	EWISEELIVE	amazon.ae	HTTPS://WWW.AMAZON.AE/WIRELESS-EWISEELIVE-DETECTION-RECHARGEABLE-BATTERIES/DP/B07PY78R6D
EXABANG	EXABANG	amazon.ae	HTTPS://WWW.AMAZON.AE/EXABANG-CORNER-BAMBOO-STORAGE-CONTAINER/DP/B0CYLC84QM
EXABANG	EXABANG	amazon.ae	HTTPS://WWW.AMAZON.AE/EXABANG-DRILLING-BATHROOM-SELF-ADHESIVE-NATURAL/DP/B0CRT4835B
EXCEGUCOK	EXCEGUCOK	amazon.ae	HTTPS://WWW.AMAZON.AE/EXCEGUCOK-CHEMICAL-STIR-FRY-COOKWARE-ACCESSORIES/DP/B093PPK87P
EXCUTY	EXCUTY	amazon.ae	HTTPS://WWW.AMAZON.AE/EXCUTY-DECIMATOR-12G-CROSS-CONVERTER-CONVERSION/DP/B07XB2GZVR
EXECCZO	EXECCZO	amazon.ae	HTTPS://WWW.AMAZON.AE/EXECCZO-MICROPHONE-CANCELLATION-HEADPHONES-COMPATIBLE/DP/B08Y8XS7C1
EXECCZO	EXECCZO	amazon.ae	HTTPS://WWW.AMAZON.AE/EXECCZO-SEEEDSTUDIO-GROVE-UNIVERSAL-BUCKLED/DP/B01CNZ9RJO
EXMIUN	EXMIUN	amazon.ae	HTTPS://WWW.AMAZON.AE/EXMIUN-CHRISTMAS-GRAPHIC-SHIRTS-HOLIDAY/DP/B0DD3VW8D6
EXMIUN	EXMIUN	amazon.ae	HTTPS://WWW.AMAZON.AE/EXMIUN-HAPPENED-SHIRTS-WESTERN-COUNTRY/DP/B0CD2Q9K9G
EXNEMAV	EXNEMAV	amazon.ae	HTTPS://WWW.AMAZON.AE/EXNEMAV-AUTOMATIC-REBOUND-ABDOMINAL-WHEEL/DP/B0BWT6L31X
EXPOPROX	EXPOPROX	amazon.ae	HTTPS://WWW.AMAZON.AE/EXPOPROX-EXPOROX-WRIST-PADS-ERGONOMIC-KEYBOARD-SUPPORT-TENSION-ADJUSTABLE/DP/B0BNKD7YSR
EXREBON	EXREBON	amazon.ae	HTTPS://WWW.AMAZON.AE/EXREBON-TOUCHABLE-MULTIFUNCTIONAL-ARMBAND-WATERPROOF/DP/B07V9DK8V7
EXREBON	EXREBON	amazon.ae	HTTPS://WWW.AMAZON.AE/EXREBON-SKIPPING-TANGLE-FREE-BEARINGS-EXERCISE/DP/B07VCR6B4S
EXREBON	EXREBON	amazon.ae	HTTPS://WWW.AMAZON.AE/EXREBON-VIBRATING-ELECTRIC-RECOVERY-PLIABILITY/DP/B07SNJ45H3
EXSHOW	EXSHOW	amazon.ae	HTTPS://WWW.AMAZON.AE/EXSHOW-ADJUSTABLE-ALUMINUM-ROTATION-OVERHEAD/DP/B0D9W2Z83L
EXTAUM	EXTAUM	amazon.ae	HTTPS://WWW.AMAZON.AE/EXTAUM-EXTENSION-COMPATIBLE-SPOTLIGHT-WEATHERPROOF/DP/B07TSCN42D
EXTAUM	EXTAUM	amazon.ae	HTTPS://WWW.AMAZON.AE/EXTAUM-DOORBELL-CHARGER-ADAPTER-SPOTLIGHT/DP/B07X1PQ8BB
EXTAUM	EXTAUM	amazon.ae	HTTPS://WWW.AMAZON.AE/EXTAUM-SWITCH-CONTROL-SUPPORT-EXTERNAL/DP/B07X1Q88PR
EXZYCKE	EXZYCKE	amazon.ae	HTTPS://WWW.AMAZON.AE/EXZYCKE-PHOTOGRAPHY-BACKGROUND-WATERPROOF-AROMATHERAPY/DP/B0BQHP4LK8
EYAENGZ	EYAENGZ	amazon.ae	HTTPS://WWW.AMAZON.AE/EYAENGZ-SUNSHADE-WINDSHIELD-PROTECTION-160X85CM/DP/B09ND269GP
EYEKOP	EYEKOP	amazon.ae	HTTPS://WWW.AMAZON.AE/EYEKOP-AIRPODS-PROTECTIVE-COMPATIBLE-TRANSPARENT/DP/B07X49GW4V
EYNSHOO	EYNSHOO	amazon.ae	HTTPS://WWW.AMAZON.AE/EYNSHOO-BLUETOOTH-TRANSLATION-LANGUAGES-SUNGLASSES/DP/B0FFST8FBJ
EYRIZON	EYRIZON	amazon.ae	HTTPS://WWW.AMAZON.AE/EYRIZON-OUTDOOR-SHEPHERDS-ADJUSTABLE-HUMMINGBIRD/DP/B0FKN1BRTZ
EYSOO	EYSOO	amazon.ae	HTTPS://WWW.AMAZON.AE/EYSOO-UTENSILS-NON-STICK-HEAT-RESISTANT-STAINLESS/DP/B0B4FSQ5C1
EYSOO	EYSOO	amazon.ae	HTTPS://WWW.AMAZON.AE/EYSOO-CERAMIC-TURKISH-ESPRESSO-CAPPUCCINO/DP/B0B8XCP5N1
EYSOO	EYSOO	amazon.ae	HTTPS://WWW.AMAZON.AE/EYSOO-SILICONE-FUNNEL-EASY-RELEASE-FREEZER/DP/B09QD2PYGP
EYSOO	EYSOO	amazon.ae	HTTPS://WWW.AMAZON.AE/EYSOO-STAINLESS-CAPPUCCINO-PERCOLATOR-INDUCTION/DP/B0BG2FJW1N
EYYAO	EYYAO	amazon.ae	HTTPS://WWW.AMAZON.AE/EYYAO-REMOVER-PORTABLE-REUSABLE-SCRAPER/DP/B0BPN26PPN
EZCASA	EZCASA	amazon.ae	HTTPS://WWW.AMAZON.AE/EZCASA-STAINLESS-AVOCADO-POTATO-MASHER/DP/B07N4NYMBT
EZISE	EZISE	amazon.ae	HTTPS://WWW.AMAZON.AE/EZISE-STUDLESS-MOUNT-DRILL-SUPPORTS/DP/B0DLB5K3DZ
EZISE	EZISE	amazon.ae	HTTPS://WWW.AMAZON.AE/EZISE-NO-STUD-DRYWALL-UNIVERSAL-MONITORS/DP/B0C2C8X92R
EZKINDHEIT	EZKINDHEIT	amazon.ae	HTTPS://WWW.AMAZON.AE/EZKINDHEIT-STROLLER-ACCESSORIES-BABYZEN-LEATHER/DP/B07DWZPVYX
EZPAPER	EZPAPER	amazon.ae	HTTPS://WWW.AMAZON.AE/EZPAPER-WALLPAPER-INTERIOR-COUNTERTOP-ADHESIVE/DP/B074NYXFCJ
EZPOUNDS	EZPOUNDS	amazon.ae	HTTPS://WWW.AMAZON.AE/EZPOUNDS-BATHROOM-TECHNOLOGY-BACKLIGHT-BATTERIES/DP/B07DFRS5K1
EZPROUSA	EZPROUSA	amazon.ae	HTTPS://WWW.AMAZON.AE/EZPROUSA-INDUSTRIAL-RESISTANT-HEAVY-DUTY-JANITORIAL/DP/B07LGYNBXT
EZSHE	EZSHE	amazon.ae	HTTPS://WWW.AMAZON.AE/EZSHE-WOMENS-LOOSE-HAREM-PANTS/DP/B07SDRG9KQ
EZSHE	EZSHE	amazon.ae	HTTPS://WWW.AMAZON.AE/EZSHE-WOMENS-COLLAR-RUFFLE-BLOUSE/DP/B07HT5664W
EZSSKJ	EZSSKJ	amazon.ae	HTTPS://WWW.AMAZON.AE/EZSSKJ-YOUTH-SHORT-SLEEVE-STRIPED/DP/B07DCB3FYL
EZYDECOR	EZYDECOR	amazon.ae	HTTPS://WWW.AMAZON.AE/EZYDECOR-BRACKETS-INDUSTRIAL-SHELVING-SUPPORTS/DP/B07VGWHXPK
EZZKE	EZZKE	amazon.ae	HTTPS://WWW.AMAZON.AE/EZZKE-CPAP-MASK-LINERS-COVERS/DP/B07W3ZKF5H
EZZKE	EZZKE	amazon.ae	HTTPS://WWW.AMAZON.AE/EZZKE-CPAP-HEADGEAR-STRAP-COVERS/DP/B07TWTMHM8
F1TNERGY	F1TNERGY	amazon.ae	HTTPS://WWW.AMAZON.AE/F1TNERGY-RUNNING-RESISTANCE-PARACHUTE-TRAINING/DP/B073PLH9S5
F1TNERGY	F1TNERGY	amazon.ae	HTTPS://WWW.AMAZON.AE/F1TNERGY-AGILITY-LADDER-TRAINING-EQUIPMENT/DP/B06XQ44CF2
F4GOGO	F4GOGO	amazon.ae	HTTPS://WWW.AMAZON.AE/F4GOGO-REALISTIC-SIMULATION-UTENSILS-ACCESSORIES/DP/B08G159416
F7F9	F7F9	amazon.ae	HTTPS://WWW.AMAZON.AE/F7F9-OBSTACLE-SLACKLINE-PROTECTIVE-OBSTACLES/DP/B09GY72DX2
FAATCOI	FAATCOI	amazon.ae	HTTPS://WWW.AMAZON.AE/FAATCOI-SLIDING-HARDWARE-INDUSTRIAL-MACHINES/DP/B08RDJZ5YQ
FAATCOI	FAATCOI	amazon.ae	HTTPS://WWW.AMAZON.AE/FAATCOI-POPSICLE-SUPPLIES-HANDCRAFTS-EDUCATIONAL/DP/B08RBMM9JN
FABOHO	FABOHO	amazon.ae	HTTPS://WWW.AMAZON.AE/COMPATIBLE-MAGNETIC-CHARGING-PORTABLE-WIRELESS/DP/B09XTLVZ6T
FACAXEDRE	FACAXEDRE	amazon.ae	HTTPS://WWW.AMAZON.AE/FACAXEDRE-SMILEY-SLIPPERS-PREPPY-CUSHION/DP/B0BQXZN819
FACELYFT	FACELYFT	amazon.ae	HTTPS://WWW.AMAZON.AE/FACELYFT-PILLOW-DR-KENNETH-WHITE/DP/B07QC8G85Q
FACILCASA	FACILCASA	amazon.ae	HTTPS://WWW.AMAZON.AE/FACILCASA-REPLACEMENT-PARTS-CHAIRS-THONET/DP/B073FXQN8M
FACILCASA	FACILCASA	amazon.ae	HTTPS://WWW.AMAZON.AE/FACILCASA-REPLACEMENT-METAL-BISTRO-CHAIR/DP/B01KB3QXK6
FADYSHOW	FADYSHOW	amazon.ae	HTTPS://WWW.AMAZON.AE/FADYSHOW-BED-RISERS-FURNITURE-RISER/DP/B0781HQL71
FAGOBYX	FAGOBYX	amazon.ae	HTTPS://WWW.AMAZON.AE/FAGOBYX-FLYHUGZ-PILLOW-WANDER-TRAVEL/DP/B0D5CBFDN2
FAICHEE	FAICHEE	amazon.ae	HTTPS://WWW.AMAZON.AE/FAICHEE-PHOTOGRAPHY-BACKGROUND-CHROMAKEY-STREAMING/DP/B08ZY4S1RW
FAIMO	FAIMO	amazon.ae	HTTPS://WWW.AMAZON.AE/FAIMO-WAISTCOAT-HANDKERCHIEF-WORKING%EF%BC%8CPARTY-PAISLEY-PURPLE/DP/B0B4JWY8Q4
FAIRYCECE	FAIRYCECE	amazon.ae	HTTPS://WWW.AMAZON.AE/FAIRYCECE-CHOKER-COSTUMES-ATTENDANT-COSTUME/DP/B07ZKMJVRW
FAIRYMEI	FAIRYMEI	amazon.ae	HTTPS://WWW.AMAZON.AE/FAIRYMEI-STRIPED-JUMPSUIT-ROMPERS-PLEATED/DP/B07G34DP1Q
FAIRYRAIN	FAIRYRAIN	amazon.ae	HTTPS://WWW.AMAZON.AE/FAIRYRAIN-SHADE-SAIL-POLES-ACCESSORIES/DP/B0986VCB6F
FAITHORSE	FAITHORSE	amazon.ae	HTTPS://WWW.AMAZON.AE/FAITHORSE-CORDLESS-OPERATED-WATERPROOF-RECHARGEABLE/DP/B0D2D8G2SH
FALAMIAO	FALAMIAO	amazon.ae	HTTPS://WWW.AMAZON.AE/FALAMIAO-ADAPTER-CHARGER-MACBOOK-SAMSUNG/DP/B0B5N8Y8DD
FALARY	FALARY	amazon.ae	HTTPS://WWW.AMAZON.AE/FALARY-WOMENS-COTTON-UNDERWEAR-PANTIES/DP/B07Z9VJV81
FALUBER	FALUBER	amazon.ae	HTTPS://WWW.AMAZON.AE/FALUBER-TENKEYLESS-MECHANICAL-KEYBOARD-ERGONOMIC/DP/B09DPGVPG1
FAMAID	FAMAID	amazon.ae	HTTPS://WWW.AMAZON.AE/ELITE-STAINLESS-17-PIECE-COOKWARE-FAMAID/DP/B0791XVZDR
FAMEBIRD	FAMEBIRD	amazon.ae	HTTPS://WWW.AMAZON.AE/FAMEBIRD-LIGHTWEIGHT-PACKABLE-BACKPACK-RESISTANT/DP/B07L9MNWXD
FAMEDIO	FAMEDIO	amazon.ae	HTTPS://WWW.AMAZON.AE/FAMEDIO-ADJUSTABLE-CERVICAL-PILLOW-ORTHOPEDIC/DP/B0BG54NTB4
FAMEDY	FAMEDY	amazon.ae	HTTPS://WWW.AMAZON.AE/FAMEDY-EARPHONES-PROFESSIONAL-ISOLATING-HEADPHONES/DP/B09JVYJ98C
FAMICOOP	FAMICOOP	amazon.ae	HTTPS://WWW.AMAZON.AE/FAMICOOP-100-BEESWAX-TAPERS-CANDLES/DP/B07NC8LZV5
FAMOLAY	FAMOLAY	amazon.ae	HTTPS://WWW.AMAZON.AE/FAMOLAY-LANTERNS-MULTICOLOR-ASSORTED-DECORATIONS/DP/B089FRWRCK
FAMSINGO	FAMSINGO	amazon.ae	HTTPS://WWW.AMAZON.AE/FAMSINGO-EXECUTIVE-COMPUTER-ADJUSTABLE-ERGONOMIC/DP/B0B55M2K1G
FANATU	FANATU	amazon.ae	HTTPS://WWW.AMAZON.AE/FANATU-COCONUT-OPENER-YOUNG-COCONUTS/DP/B07CM5RD56
FANCHIK	FANCHIK	amazon.ae	HTTPS://WWW.AMAZON.AE/FANCHIK-MATTRESS-TODDLER-BEDDING-BREATHABLE/DP/B0CC68SWX9
FANCHOSE	FANCHOSE	amazon.ae	HTTPS://WWW.AMAZON.AE/FANCHOSE-WQDM%EF%BC%8CEXTRA-LARGE-BLACK-GRID/DP/B0BYNHBWHC
FANCYMAY	FANCYMAY	amazon.ae	HTTPS://WWW.AMAZON.AE/FANCYMAY-VALUE-INVISIBLE-NATURAL-PROTECTION/DP/B07MQVJ362
FANCYTAN	FANCYTAN	amazon.ae	HTTPS://WWW.AMAZON.AE/FANCYTAN-VINTAGE-FLOWERS-BOHEMIAN-BEDROOM/DP/B07TKRCFMP
FANCYTAN	FANCYTAN	amazon.ae	HTTPS://WWW.AMAZON.AE/FANCYTAN-MODERN-SHAGGY-SPARKLE-BEDROOM/DP/B07Z25CVDV
FANCYTAN	FANCYTAN	amazon.ae	HTTPS://WWW.AMAZON.AE/FANCYTAN-CRAWLING-NURSERY-CHILDREN-EXERCISE/DP/B07XSJ6DWM
FANCYTAN	FANCYTAN	amazon.ae	HTTPS://WWW.AMAZON.AE/FANCYTAN-TRADITIONAL-VINTAGE-ORIENTAL-BEDROOM/DP/B087D5LGCX
FANDATURE	FANDATURE	amazon.ae	HTTPS://WWW.AMAZON.AE/FANDATURE-FOLDING-LUGGAGE-FOLDABLE-SUITCASE/DP/B0BDK85KC6
FANFOLOU	FANFOLOU	amazon.ae	HTTPS://WWW.AMAZON.AE/FANFOLOU-STORAGE-ROLLING-CONTAINERS-BLANKETS/DP/B0BS3K7J8S
FANJEIS	FANJEIS	amazon.ae	HTTPS://WWW.AMAZON.AE/FANJEIS-REPLACEMENT-FINISHING-GOLD-PLATED-GENERATION/DP/B09YDPJDCX
FANJURNEY	FANJURNEY	amazon.ae	HTTPS://WWW.AMAZON.AE/FANJURNEY-VINTAGE-OCTOPUS-ADJUSTABLE-JEWELRY/DP/B08HCMGJSQ
FANNAY	FANNAY	amazon.ae	HTTPS://WWW.AMAZON.AE/FANNAY-SILICONE-SCRUBBER-EXFOLIATOR-BEARDRUFF/DP/B0CCYZL4CK
FANSHULE	FANSHULE	amazon.ae	HTTPS://WWW.AMAZON.AE/FANSHULE-FOLDING-LAPTOP-TABLE-BROWN/DP/B088FFQ3MF
FANSHULE	FANSHULE	amazon.ae	HTTPS://WWW.AMAZON.AE/FANSHULE-SMALL-FOLDABLE-WALL-MOUNTED-DESK/DP/B08F3DYW56
FANSHULE	FANSHULE	amazon.ae	HTTPS://WWW.AMAZON.AE/FANSHULE-ADJUSTABLE-WEIGHTS-DUMBBELLS-DUMBBELL/DP/B08FMNXR1H
FANXUS	FANXUS	amazon.ae	HTTPS://WWW.AMAZON.AE/FANXUS-PILLOW%EF%BC%8C-%D8%A7%D9%84%D8%B9%D8%B8%D8%A7%D9%85-%D8%A7%D9%84%D9%84%D8%A7%D8%AA%D9%83%D8%B3-%D9%84%D9%84%D8%B1%D9%82%D8%A8%D8%A9/DP/B0C613FFKX
FANZIR	FANZIR	amazon.ae	HTTPS://WWW.AMAZON.AE/FANZIR-CHRISTMAS-FLAMELESS-FESTIVALS-DECORATIONS/DP/B0FNR6RR3Z
FANZKO	FANZKO	amazon.ae	HTTPS://WWW.AMAZON.AE/FANZKO-CARBURETOR-ADJUSTMENT-CLEANING-CHAINSAW/DP/B075943CHC
FAOMSEBS	FAOMSEBS	amazon.ae	HTTPS://WWW.AMAZON.AE/FAOMSEBS-MAGNETIC-COMPATIBLE-SHOCKPROOF-PROTECTIVE/DP/B0CXCR85KR
FAOMSEBS	FAOMSEBS	amazon.ae	HTTPS://WWW.AMAZON.AE/FAOMSEBS-WITHOUT-TRANSPARENT-COMPATIBLE-POWERFUL/DP/B0CXCVSYJ2
FARIOS	FARIOS	amazon.ae	HTTPS://WWW.AMAZON.AE/FARIOS-MICROWAVE-KITCHEN-ORGANIZER-PRINTERS/DP/B08K8HDXSX
FARIOS	FARIOS	amazon.ae	HTTPS://WWW.AMAZON.AE/FARIOS-ROLLING-LAUNDRY-REMOVABLE-WHEELS-BLACK/DP/B08JC5TD2H
FARRDUN	FARRDUN	amazon.ae	HTTPS://WWW.AMAZON.AE/FARRDUN-INSPIRATIONAL-MOTIVATIONAL-PERSONALIZED-ACTIVATED/DP/B0B38319Y9
FARSEE	FARSEE	amazon.ae	HTTPS://WWW.AMAZON.AE/PRESSURE-DIAPHRAGM-BOOSTER-3-CHAMBER-BATHROOM/DP/B0C9KQND9P
FASIGO	FASIGO	amazon.ae	HTTPS://WWW.AMAZON.AE/FASIGO-MAGNETIC-CHESS-GAME-MAGNET/DP/B0CMQFBWZP
FASTELLONG	FASTELLONG	amazon.ae	HTTPS://WWW.AMAZON.AE/FASTELLONG-PORCELAIN-CONSTELLATION-RESTAURANT-MICROWAVE/DP/B0D3LZVVZT
FASTRUGGLE	FASTRUGGLE	amazon.ae	HTTPS://WWW.AMAZON.AE/FASTRUGGLE-BATTERY-OPERATED-DECORATIVE-CHANDELIER/DP/B09Q33P99M
FATCATPARADISE	FATCATPARADISE	amazon.ae	HTTPS://WWW.AMAZON.AE/FATCATPARADISE-XIAOMI-MI-CASE-FATCATPARADISE-YTGJ-XMM8-0420053/DP/B07ZR6BMBV
FATCATPARADISE	FATCATPARADISE	amazon.ae	HTTPS://WWW.AMAZON.AE/FATCATPARADISE-CASE-XIAOMI-MIX-FATCATPARADISE-YT-XMMX3-1018089/DP/B082VTZ35T
FATCATPARADISE	FATCATPARADISE	amazon.ae	HTTPS://WWW.AMAZON.AE/FATCATPARADISE-CASE-SAMSUNG-GALAXY-FATCATPARADISE-YT-SMA50-1018157/DP/B082VTJ987
FATDAA	FATDAA	amazon.ae	HTTPS://WWW.AMAZON.AE/FATDAA-ELECTRIC-SCRUBBER-CORDLESS-CLEANING/DP/B0CJBY9VHK
FATIZONE	FATIZONE	amazon.ae	HTTPS://WWW.AMAZON.AE/FATIZONE-FINGEARS-MAGNETIC-SPINNER-ANXIETY/DP/B08TCD29LS
FAUKAIT	FAUKAIT	amazon.ae	HTTPS://WWW.AMAZON.AE/FAUKAIT-TEENIE-STRESS-SQUEEZE-RELIEVE/DP/B09M61Z2KD
FAVALIVE	FAVALIVE	amazon.ae	HTTPS://WWW.AMAZON.AE/FAVALIVE-WOMENS-SLEEVE-CASUAL-SHIRTS/DP/B07P4DPBHX
FAVBAL	FAVBAL	amazon.ae	HTTPS://WWW.AMAZON.AE/FAVBAL-GARAGE-STORAGE-RACKS-HOOKS/DP/B07QTHZ56R
FAVFULLY	FAVFULLY	amazon.ae	HTTPS://WWW.AMAZON.AE/FAVFULLY-DEDICATED-CORDIERITE-TERRACOTTA-REPLACEMENT/DP/B0CT52M235
FAVIDE	FAVIDE	amazon.ae	HTTPS://WWW.AMAZON.AE/MULTICOLOR-BALLPOINT-PEN%EF%BC%8C4-COLOR-RETRACTABLE-SUPPLIES/DP/B07J6TQSF5
FAVORFISHFANS	FAVORFISHFANS	amazon.ae	HTTPS://WWW.AMAZON.AE/FAVORFISHFANS-BASEBALL-PROTECTED-AUTOGRAPHED-MEMORABILIA/DP/B0BNY83YFH
FBWSM	FBWSM	amazon.ae	HTTPS://WWW.AMAZON.AE/FBWSM-CREATIVE-DECORATION-SCHOOL-CLOCK-B/DP/B09MP23FVR
FBWSM	FBWSM	amazon.ae	HTTPS://WWW.AMAZON.AE/FBWSM-3-PIECE-KITCHEN-COUNTERTOP-FINISHING-PINK/DP/B09NBHP94G
FBWSM	FBWSM	amazon.ae	HTTPS://WWW.AMAZON.AE/FBWSM-TABLEWARE-DESSERT-KITCHEN-DECORATIVE/DP/B09MKBFN7S
FCDYLBD	FCDYLBD	amazon.ae	HTTPS://WWW.AMAZON.AE/FCDYLBD-FINGERBOARD-CARRYING-SKATEBOARDS-COMPATIBLE/DP/B0D9MCH9DB
FCDYLBD	FCDYLBD	amazon.ae	HTTPS://WWW.AMAZON.AE/FCDYLBD-ORGANIZER-COMPATIBLE-BAKUCORES-FC-1/DP/B0BXHDQQFR
FCSWEET	FCSWEET	amazon.ae	HTTPS://WWW.AMAZON.AE/FCSWEET-STIRRING-RECHARGEABLE-WATERPROOF-AUTOMATIC/DP/B09V7L57QX
FDIDC	FDIDC	amazon.ae	HTTPS://WWW.AMAZON.AE/FDIDC-CORDLESS-RECHARGEABLETABLE-OPERATED-NIGHTSTAND/DP/B0B46J6XQT
FDIDC	FDIDC	amazon.ae	HTTPS://WWW.AMAZON.AE/FDIDC-CORDLESS-PORTABLE-RECHARGEABLE-RESTAURANT/DP/B0B46J6XQT
FDIDC	FDIDC	amazon.ae	HTTPS://WWW.AMAZON.AE/FDIDC-CORDLESS-RECHARGEABLE-PORTABLE-BURNISHED/DP/B0B46LZ783
FDJAMY	FDJAMY	amazon.ae	HTTPS://WWW.AMAZON.AE/FDJAMY-HOLDER-STORAGE-INSTALLED-COUNTERTOP/DP/B09D7PMP5T
FDSAG	FDSAG	amazon.ae	HTTPS://WWW.AMAZON.AE/FDSAG-200WATT-35000LM-OUTDOOR-WATERPROOF/DP/B09BL3Q7HJ
FEACOLE	FEACOLE	amazon.ae	HTTPS://WWW.AMAZON.AE/FEACOLE-SET-GRANDMOTHER-EYEGLASS-RETAINER-NECKLACE/DP/B07MYCXP2F
FEACOLE	FEACOLE	amazon.ae	HTTPS://WWW.AMAZON.AE/FEACOLE-SAILOR-CAPTAIN-COSTUME-ACCESSORIES/DP/B07SMVHD1B
FEAYEA	FEAYEA	amazon.ae	HTTPS://WWW.AMAZON.AE/FEAYEA/S?K=FEAYEA
FEDARFOX	FEDARFOX	amazon.ae	HTTPS://WWW.AMAZON.AE/FEDARFOX-WIRED-GAMING-KEYBOARD-MOUSE/DP/B0BL3CXZN9
FEDIKER	FEDIKER	amazon.ae	HTTPS://WWW.AMAZON.AE/FEDIKER-WIRELESS-EARBUDS-COMPUTER-LAPTOP/DP/B09TKZTM1M
FEELGRACE	FEELGRACE	amazon.ae	HTTPS://WWW.AMAZON.AE/FEELGRACE-CLOSURE-BUNDLES-VIRGIN-BRAZILIAN/DP/B076GLH8R7
FEFELIGHT	FEFELIGHT	amazon.ae	HTTPS://WWW.AMAZON.AE/FEFELIGHT/S?K=FEFELIGHT
FEIFULL	FEIFULL	amazon.ae	HTTPS://WWW.AMAZON.AE/FEIFULL-FISHING-HUNTING-WATERPROOF-BOOTFOOT/DP/B09HKC3YYH
FEILIX	FEILIX	amazon.ae	HTTPS://WWW.AMAZON.AE/FEILIX-LIFELIKE-BRANCHES-DECORATIVE-ARTIFICIAL/DP/B08G1RGVR9
FEILY	FEILY	amazon.ae	HTTPS://WWW.AMAZON.AE/FEILY-PROFESSIONAL-SAMSUNG-WATERPROOF-SNORKELING/DP/B0875YBK5M
FEINOAR	FEINOAR	amazon.ae	HTTPS://WWW.AMAZON.AE/FEINOAR-BASKETBALL-SOFT-TECH-FASCIITIS-RECOVERY/DP/B0CSFYMXVH
FEISATE	FEISATE	amazon.ae	HTTPS://WWW.AMAZON.AE/FEISATE-WAY-MIRROR-RECHARGEABLE-ACCESSORIES/DP/B0B4WHGR84
FEISHIBANG	FEISHIBANG	amazon.ae	HTTPS://WWW.AMAZON.AE/FEISHIBANG-SNOOKER-GREEN-BILLIARD-CLOTH/DP/B087CXS513
FEIWEI	FEIWEI	amazon.ae	HTTPS://WWW.AMAZON.AE/WATERPROOF-OUTDOOR-MULTIFUNCTION-DIGITAL-MILITARY/DP/B07LBY5661
FELAMP	FELAMP	amazon.ae	HTTPS://WWW.AMAZON.AE/FELAMP-PIECE-INDUCTION-COOKWARE-DISHWASHER/DP/B0BLVNGC1L
FELHCC	FELHCC	amazon.ae	HTTPS://WWW.AMAZON.AE/FELHCC-POSTERS-TRACKLIST-SIGNATURE-BATHROOM/DP/B0CRYGHX57
FELIFE	FELIFE	amazon.ae	HTTPS://WWW.AMAZON.AE/FELIFE-BREATHABLE-ANTI-BITING-BARKING-CHEWING/DP/B0CB8ZS3VM
FELISUN	FELISUN	amazon.ae	HTTPS://WWW.AMAZON.AE/FELISUN-CRYSTAL-WATERPROOF-EXTERNAL-STORAGE/DP/B07JLX542M
FELIXAIM	FELIXAIM	amazon.ae	HTTPS://WWW.AMAZON.AE/FELIXAIM-BLOCKING-READING-COMPUTER-EYEGLASSES/DP/B0C62GXN1R
FEMEDO	FEMEDO	amazon.ae	HTTPS://WWW.AMAZON.AE/FEMEDO-STAINLESS-POWERFUL-SUCTION-POTATOES/DP/B09BFYQZ4C
FEMOCOC	FEMOCOC	amazon.ae	HTTPS://WWW.AMAZON.AE/FEMOCOC-DOWNSPOUT-EXTENSIONS-UNIVERSAL-EXTENDABLE/DP/B0BTH8G7CR
FENGLEMA	FENGLEMA	amazon.ae	HTTPS://WWW.AMAZON.AE/FENGLEMA-PROTECTION-SUNSCREEN-BREATHABLE-BANDANA/DP/B0876HGSSD
FENGRISE	FENGRISE	amazon.ae	HTTPS://WWW.AMAZON.AE/FENGRISE-DECORATIONS-BALLOON-TRANSPARENT-BIRTHDAY/DP/B07XX6R8YP
FENGRISE	FENGRISE	amazon.ae	HTTPS://WWW.AMAZON.AE/FENGRISE-SAFARI-BABY-BOXES-LETTERS/DP/B0C6XL2LDX
FENGWANGLI	FENGWANGLI	amazon.ae	HTTPS://WWW.AMAZON.AE/FENGWANGLI-ADHESIVE-HOLDER-MANAGEMENT-SYSTEM/DP/B084SW5X7K
FENLDY	FENLDY	amazon.ae	HTTPS://WWW.AMAZON.AE/FENLDY-RHINESTONE-NECKLACE-JEWELRY-PENDANT/DP/B08QYQMDHR
FENLOGFT	FENLOGFT	amazon.ae	HTTPS://WWW.AMAZON.AE/FENLOGFT-LEATHER-BUSINESS-PARTIES-SLIPPERS/DP/B0C3M9BDJH
FENLOGFT	FENLOGFT	amazon.ae	HTTPS://WWW.AMAZON.AE/FENLOGFT-LIGHTWEIGHT-COMFORTABLE-SNEAKERS-BREATHABLE/DP/B0BNPY3FTC
FENNOMA	FENNOMA	amazon.ae	HTTPS://WWW.AMAZON.AE/FENNOMA-KITCHEN-COOKING-ABSORBENT-TURQUOISE/DP/B08D9KS488
FENSMILE	FENSMILE	amazon.ae	HTTPS://WWW.AMAZON.AE/FENSMILE-SYSTEMS-STAINLESS-PORTABLE-ELECTRIC/DP/B0BYJ3B36R
FEOIE	FEOIE	amazon.ae	HTTPS://WWW.AMAZON.AE/FEOIE-MOTOCROSS-MOTORCYCLE-WINDPROOF-DIRTBIKE/DP/B09QC5BB9M
FEOIE	FEOIE	amazon.ae	HTTPS://WWW.AMAZON.AE/FEOIE-COMPATIBLE-SILVERADO-2007-2013-REPLACEMENT/DP/B09VL4WNFF
FERAHI	FERAHI	amazon.ae	HTTPS://WWW.AMAZON.AE/FERAHI-DECORATIVE-BATHROOM-COUNTERTOP-FARMHOUSE/DP/B0BL39ZFKV
FERENU	FERENU	amazon.ae	HTTPS://WWW.AMAZON.AE/FERENU-PROFESSIONAL-CLIPPERS-RECHARGEABLE-BARBERSHOP/DP/B09GKDVBKB
FERMAO	FERMAO	amazon.ae	HTTPS://WWW.AMAZON.AE/FERMAO-BACKPACK-CARRIERS-COLLAPSIBLE-VENTILATED/DP/B0D3V6YJ62
FERSTNOR	FERSTNOR	amazon.ae	HTTPS://WWW.AMAZON.AE/FERSTNOR-UNIVERSAL-COMPATIBLE-MICROFIBRE-INSTALLATION/DP/B09K6HGD2F
FERTGO	FERTGO	amazon.ae	HTTPS://WWW.AMAZON.AE/FERTGO-BREATHABLE-ADJUSTABLE-ANTI-BARKING-ANTI-CHEWING/DP/B07XYZ1141
FESTAR	FESTAR	amazon.ae	HTTPS://WWW.AMAZON.AE/INFLATABLE-SERVING-COOLERS-PARTIES-OUTDOOR/DP/B07CRLX577
FETEULO	FETEULO	amazon.ae	HTTPS://WWW.AMAZON.AE/FETEULO-2025-2026-CALENDAR-MOVE-PAGE/DP/B0DBHH7RDF
FETTORLER	FETTORLER	amazon.ae	HTTPS://WWW.AMAZON.AE/FETTORLER-ABSORBENT-KITCHEN-DRAINER-REVERSIBLE/DP/B09W9P8GGM
FEUVISION	FEUVISION	amazon.ae	HTTPS://WWW.AMAZON.AE/FEUVISION-24-5INCH-RESPONSE-ADAPTIVE-FRAMELESS/DP/B0DRC23S4W
FEUYMOENT	FEUYMOENT	amazon.ae	HTTPS://WWW.AMAZON.AE/FEUYMOENT-SELFIE-STICK-FOR-IPHONE/DP/B09B6QRZBQ
FEXTTEN	FEXTTEN	amazon.ae	HTTPS://WWW.AMAZON.AE/FEXTTEN-THICK-FELT-CUBE-SHELF/DP/B07YZ7G13T
FFTROC	FFTROC	amazon.ae	HTTPS://WWW.AMAZON.AE/FFTROC-COLORFUL-INTELLIGENCE-EDUCATIONAL-TODDLERS/DP/B0B466QXVD
FFZM	FFZM	amazon.ae	HTTPS://WWW.AMAZON.AE/FFZM-FOLDING-BACKPACK-WATERPROOF-PORTABLE/DP/B07VSN5L6X
FGCVX	FGCVX	amazon.ae	HTTPS://WWW.AMAZON.AE/FGCVX-SOCCER-ATHLETIC-SNEAKER-FOOTBALL/DP/B09SHGS448
FHQSX	FHQSX	amazon.ae	HTTPS://WWW.AMAZON.AE/FHQSX-STEERING-WHEEL-CUSHION-UNIVERSAL/DP/B07RM1PRLS
FIBETTER	FIBETTER	amazon.ae	HTTPS://WWW.AMAZON.AE/FIBETTER-HANDHELD-COMPUTER-HONEYWELL-COLLECTOR/DP/B0BQ71NFDF
FICHENY	FICHENY	amazon.ae	HTTPS://WWW.AMAZON.AE/FICHENY-MONEY-DOLLAR-MOVIES-VIDEOS/DP/B08BYVQT9J
FIEIYOB	FIEIYOB	amazon.ae	HTTPS://WWW.AMAZON.AE/FIEIYOB-ORTHOPEDIC-NAPPING-REMOVABLE-WASHABLE/DP/B0CJ8RNQVL
FIFOKICHO	FIFOKICHO	amazon.ae	HTTPS://WWW.AMAZON.AE/FIFOKICHO-REUSABLE-PROCTER-DISHWASHER-ECO-FRIENDLY/DP/B08LGSKWPX
FIGUREGRAIN	FIGUREGRAIN	amazon.ae	HTTPS://WWW.AMAZON.AE/FIGUREGRAIN-ORGANIZER-HARDWOOD-NECKLACES-BRACELETS/DP/B0CL7VLKVP
FIICO	FIICO	amazon.ae	HTTPS://WWW.AMAZON.AE/FIICO-HEROLD-SOLINGEN-LEATHER-HS193J/DP/B076BNPYWT
FIKOWO	FIKOWO	amazon.ae	HTTPS://WWW.AMAZON.AE/FIKOWO-ROUND-ARCH-BACKDROP-STAND/DP/B09JC4QQMH
FILSADAE	FILSADAE	amazon.ae	HTTPS://WWW.AMAZON.AE/FILSADAE-REPLACEMENT-MEMBRANE-CULLIGAN-REVERSE/DP/B09ND9NFL3
FIMGHSOO	FIMGHSOO	amazon.ae	HTTPS://WWW.AMAZON.AE/FIMGHSOO-PORTABLE-CAMPING-TABLES-ALUMINUM/DP/B08BY6RTQP
FIMKER	FIMKER	amazon.ae	HTTPS://WWW.AMAZON.AE/FIMKER-INTERIOR-LIGHTING-FLASHING-ACCESSORIES/DP/B0DN6276QQ
FIMKER	FIMKER	amazon.ae	HTTPS://WWW.AMAZON.AE/FIMKER-UNDERGLOW-MULTICOLOR-BLUETOOTH-FLASHING/DP/B0DCW1GJKZ
FINESTEP	FINESTEP	amazon.ae	HTTPS://WWW.AMAZON.AE/FINESTEP-CORDLESS-RECHARGEABLE-PORTABLE-IRRIGATOR/DP/B09CD85PDM
FINITYPRO	FINITYPRO	amazon.ae	HTTPS://WWW.AMAZON.AE/FINITYPRO-FINITYPRO-ANTI-DUCUBITUS-MATTRESS/DP/B0CC4T4YF8
FINMOR	FINMOR	amazon.ae	HTTPS://WWW.AMAZON.AE/FINMOR-LAPTOP-BAG-WOMEN-15-6-WORK-TOTE-BAGS-COMPUTER-BAGS/DP/B07S1Y4BSV
FINOSEN	FINOSEN	amazon.ae	HTTPS://WWW.AMAZON.AE/FINOSEN-SLIDING-ASSEMBLY-INTERIOR-BATHROOM/DP/B09K3GRDCN
FINYPA	FINYPA	amazon.ae	HTTPS://WWW.AMAZON.AE/FINYPA-DECORATIONS-BALLOONS-PERFECTION-BIRTHDAY/DP/B0C68LKJDB
FIOVIEL	FIOVIEL	amazon.ae	HTTPS://WWW.AMAZON.AE/FIOVIEL-AUTOMATIC-PROGRAMMABLE-CLOG-FREE-RECORDER/DP/B0918D1WJ7
FIRECOW	FIRECOW	amazon.ae	HTTPS://WWW.AMAZON.AE/FIRECOW-CERAMIC-CHARCOAL-HEAVY-DUTY-WATER-RESISTANT/DP/B07H545H1X
FIRSERMO	FIRSERMO	amazon.ae	HTTPS://WWW.AMAZON.AE/FIRSERMO-ELECTRIC-SLEEPING-LIGHTWEIGHT-WATERPROOF/DP/B07WLY8M62
FIRSTZI	FIRSTZI	amazon.ae	HTTPS://WWW.AMAZON.AE/FIRSTZI-CONTINUOUS-CARBONLESS-COMPUTER-PRINTING/DP/B08168M7VM
FIRVRE	FIRVRE	amazon.ae	HTTPS://WWW.AMAZON.AE/FIRVRE-BANKERS-WIRELESS-CHARGING-NIGHTSTAND/DP/B09H5RNMZW
FISHYUAN	FISHYUAN	amazon.ae	HTTPS://WWW.AMAZON.AE/FISHYUAN-STRUCTURAL-CONNECTOR-GALVANIZED-STAINLESS/DP/B0D9H89LDQ
FITAOLOGY	FITAOLOGY	amazon.ae	HTTPS://WWW.AMAZON.AE/FITAOLOGY-SWEAT-CREAM-WEIGHT-LOSS/DP/B078X2S5DF
FITGOODS	FITGOODS	amazon.ae	HTTPS://WWW.AMAZON.AE/FITGOODS-002-WEIGHT-BENCH/DP/B0CR5XKWJ3
FITMOUNT	FITMOUNT	amazon.ae	HTTPS://WWW.AMAZON.AE/FITMOUNT-TOOTHBRUSH-REPLACEMENT-COMPATIBLE-WATER-PIC/DP/B0CZDL9XJV
FITNIUBI	FITNIUBI	amazon.ae	HTTPS://WWW.AMAZON.AE/FITNIUBI-COMPATIBLE-SAMSUNG%EF%BC%8C-WATERPROOF-SMARTWATCH/DP/B08G1GCP79
FITNIUBI	FITNIUBI	amazon.ae	HTTPS://WWW.AMAZON.AE/FITNIUBI-CONDENSER-MICROPHONE-STREAMING-RECORDING/DP/B0BYVJ211F
FITNIV	FITNIV	amazon.ae	HTTPS://WWW.AMAZON.AE/BLUETOOTH-HEADPHONES-WATERPROOF-WIRELESS-CANCELING/DP/B09BCKT5T2
FITZLADD	FITZLADD	amazon.ae	HTTPS://WWW.AMAZON.AE/FITZLADD-WIRELESS-ERGONOMIC-PORTABLE-COMPUTER/DP/B085158DG2
FIVEBOY	FIVEBOY	amazon.ae	HTTPS://WWW.AMAZON.AE/FIVEBOY-ORIENTATION-BLUETOOTH-PROTECTION-WATERPROOF/DP/B085CDQ37C
FIVETAS	FIVETAS	amazon.ae	HTTPS://WWW.AMAZON.AE/FIVETAS-CUTTING-BOARDS-12-X9/DP/B09K7J2XJ7
FIVTEK	FIVTEK	amazon.ae	HTTPS://WWW.AMAZON.AE/FIVTEK-GAME-CASE-SWITCH-CARTRIDGE/DP/B0C4KYH63X
FIXSCAD	FIXSCAD	amazon.ae	HTTPS://WWW.AMAZON.AE/FIXSCAD-HEADPHONES-CANCELLING-HEADPHONE-ERGONOMIC/DP/B08MZ8QQ17
FIYIDYM	FIYIDYM	amazon.ae	HTTPS://WWW.AMAZON.AE/FIYIDYM-SANDALS-LEATHER-ADJUSTABLE-FISHERMAN/DP/B0BD7YC3FX
FJHEE	FJHEE	amazon.ae	HTTPS://WWW.AMAZON.AE/FJHEE-HANDHELD-CORDLESS-RECHARGEBLE-PORTABLE/DP/B0B848WPMS
FJXMFRAME	FJXMFRAME	amazon.ae	HTTPS://WWW.AMAZON.AE/FJXMFRAME-PICTURE-ANTIQUE-HANGING-TABLETOP/DP/B0CJ9T39CF
FLAGMAX	FLAGMAX	amazon.ae	HTTPS://WWW.AMAZON.AE/FLAGMAX-ROMANIA-FLAG-90CM-150CM/DP/B0CWPMQ4XP
FLANTREE	FLANTREE	amazon.ae	HTTPS://WWW.AMAZON.AE/FLANTREE-LIGHTWEIGHT-WATERPROOF-COMPRESSION-THICK-PURPLE-PINK/DP/B0FB2K1HBX
FLASHOWL	FLASHOWL	amazon.ae	HTTPS://WWW.AMAZON.AE/FLASHOWL-WIRELESS-REPEATER-AMPLIFIER-EXTENDER/DP/B09JK91RWL
FLATASY	FLATASY	amazon.ae	HTTPS://WWW.AMAZON.AE/FLATASY-SILVERWARE-STAINLESS-RESTAURANT-HOUSEWARMING/DP/B09Q32CDD7
FLBETYY	FLBETYY	amazon.ae	HTTPS://WWW.AMAZON.AE/FLBETYY-WEIGHTED-COMFORTABLE-BREATHABLE-FLYZXX190118ZLT1-2/DP/B07MX89MVX
FLENDY	FLENDY	amazon.ae	HTTPS://WWW.AMAZON.AE/RECHARGEABLE-HANDHELD-INTEGRATED-CHARGING-ELECTRIC/DP/B0BWX4WZKF
FLEURAPANCE	FLEURAPANCE	amazon.ae	HTTPS://WWW.AMAZON.AE/FLEURAPANCE-SYNTHETIC-RESISTANT-HAIRLINE-SILVER-WHITE/DP/B07Z4BB7WR
FLOERROYALE	FLOERROYALE	amazon.ae	HTTPS://WWW.AMAZON.AE/FLOERROYALE-STICKERS-DIGITAL-HANGING-47X21INCHES/DP/B07WS5X9Q7
FLORASHOW	FLORASHOW	amazon.ae	HTTPS://WWW.AMAZON.AE/FLORASHOW-STRAWBERRY-ULTRA-BREATHABLE-WATER-PERMEABLE-SUCCULENTS/DP/B0768VB4LN
FLYAUTO	FLYAUTO	amazon.ae	HTTPS://WWW.AMAZON.AE/FLYAUTO-CAR-BATTERY-JUMP-STARTER/DP/B09NFQ8G3P
FLYINGAMZ	FLYINGAMZ	amazon.ae	HTTPS://WWW.AMAZON.AE/FLYINGAMZ-DIFFERENTIAL-COVER-GASKET-LLR-D044/DP/B07Y7S9X8Z
FLYLONG	FLYLONG	amazon.ae	HTTPS://WWW.AMAZON.AE/FLYLONG-COMPATIBLE-REPLACEMENT-18445-VINYL/DP/B07SZ79WGH
FLYNEEI	FLYNEEI	amazon.ae	HTTPS://WWW.AMAZON.AE/FLYNEEI-FEEDERS-OUTSIDE-SUCTION-ELDERLY/DP/B0B9XPY95H
FLYONEER	FLYONEER	amazon.ae	HTTPS://WWW.AMAZON.AE/UNIVERSAL-BLUETOOTH-TRANSMITTER-HANDSFREE-MICROPHONE/DP/B0168CUAYO
FLYSKIP	FLYSKIP	amazon.ae	HTTPS://WWW.AMAZON.AE/FLYSKIP-INFLATABLE-HIGH-DENSITY-FREE-STANDING-FOLDABLE/DP/B083M7GH2S
FLYTON	FLYTON	amazon.ae	HTTPS://WWW.AMAZON.AE/FLYTON-KIDS-DESERT-SAND-ARMY/DP/B07MG57ZPZ
FLYTON	FLYTON	amazon.ae	HTTPS://WWW.AMAZON.AE/FLYTON-BLACK-SAFETY-BOOT-MEN/DP/B07M82BRF6
FMPCUON	FMPCUON	amazon.ae	HTTPS://WWW.AMAZON.AE/FMPCUON-APPLE-IPHONE-13-PRO/DP/B09984MKZ4
FO32WON	FO32WON	amazon.ae	HTTPS://WWW.AMAZON.AE/FO32WON-FLAMELESS-OPERATED-PLEXIGLASS-FLICKERING/DP/B09SLWGWGK
FOANCIE	FOANCIE	amazon.ae	HTTPS://WWW.AMAZON.AE/FOANCIE-UNIVERSAL-CONDITIONER-ADJUSTABLE-HORIZONTAL/DP/B09T3LSFDY
FOCCALLI	FOCCALLI	amazon.ae	HTTPS://WWW.AMAZON.AE/PHOTOGRAPHY-FOCCALLI-CHROMAKEY-BACKGROUND-STREAMING/DP/B09JP542WD
FOCOLUX	FOCOLUX	amazon.ae	HTTPS://WWW.AMAZON.AE/FOCOLUX-HANDMADE-LIGHTING-FARMHOUSE-CHANDELIER/DP/B09GY6F32G
FODAYUSE	FODAYUSE	amazon.ae	HTTPS://WWW.AMAZON.AE/FODAYUSE-%F0%9D%90%92%F0%9D%90%A1%F0%9D%90%A8%F0%9D%90%AB%F0%9D%90%AD-%F0%9D%90%92%F0%9D%90%B0%F0%9D%90%9E%F0%9D%90%9E%F0%9D%90%AD-CARPENTER-ACCESSORIES/DP/B0DJP1HMMH
FODUE	FODUE	amazon.ae	HTTPS://WWW.AMAZON.AE/FODUE-INDUSTRIAL-SHELVES-SHELVING-BOOKSHELF/DP/B07L6LXVD6
FOIARE	FOIARE	amazon.ae	HTTPS://WWW.AMAZON.AE/FOIARE-USED-LIKE-CARTRIDGE-INCLUDED-APPERANCE/DP/B0CX528V6X
FOKKAH	FOKKAH	amazon.ae	HTTPS://WWW.AMAZON.AE/FOKKAH-INVERTER-CHARGER-CONVERTER-SUITABLE/DP/B0BWRLQZV7
FOKKAH	FOKKAH	amazon.ae	HTTPS://WWW.AMAZON.AE/FOKKAH-CHARGER-RETRACTABLE-CHARGING-ADAPTER/DP/B0BTSQ7NR4
FOLADION	FOLADION	amazon.ae	HTTPS://WWW.AMAZON.AE/FOLADION-MOISTURIZING-HUMIDIFIER-RECHARGING-VALENTINES/DP/B075SYQSNK
FOLANY	FOLANY	amazon.ae	HTTPS://WWW.AMAZON.AE/FOLANY-TERMINAL-ELECTRICAL-CONNECTION-TECHNICIANS/DP/B09NC97GZR
FOLANY	FOLANY	amazon.ae	HTTPS://WWW.AMAZON.AE/FOLANY-CAMERA-SENSOR-VISION-WATERPROOF/DP/B09N3P88YM
FOLANY	FOLANY	amazon.ae	HTTPS://WWW.AMAZON.AE/FOLANY-MEMORY-ADAPTER-READER-INDICATOR/DP/B09NBYGGZQ
FOLANY	FOLANY	amazon.ae	HTTPS://WWW.AMAZON.AE/FOLANY-PASSIVE-SPEAKER-DIAPHRAGM-BLUETOOTH/DP/B09MSX1135
FOLANY	FOLANY	amazon.ae	HTTPS://WWW.AMAZON.AE/FOLANY-CAMERA-RECORDER-CAMCORDER-GATHERINGS/DP/B09N1ZLCYM
FOLANY	FOLANY	amazon.ae	HTTPS://WWW.AMAZON.AE/FOLANY-PUNCHING-PRACTICAL-FLEXIBLE-HOUSEHOLD/DP/B09D7TN4RR
FOLLOOK	FOLLOOK	amazon.ae	HTTPS://WWW.AMAZON.AE/FOLLOOK-CUCUMBER-OUTDOOR%EF%BC%8CGARDEN-VEGETABLES%EF%BC%8CFLOWER-PE-COATED/DP/B0D385RFH2
FOLNG	FOLNG	amazon.ae	HTTPS://WWW.AMAZON.AE/FOLNG-KITCHEN-ESSENTIAL-UTENSILS-STAINLESS/DP/B087G21MZK
FOLOHAOS	FOLOHAOS	amazon.ae	HTTPS://WWW.AMAZON.AE/FOLOHAOS-INTERIOR-KEYLESS-ELECTRONIC-APARTMENT/DP/B0B74P6N1H
FOLOHAOS	FOLOHAOS	amazon.ae	HTTPS://WWW.AMAZON.AE/FOLOHAOS-FINGERPRINT-TOUCHSCREEN-ANTI-SLIP-APARTMENTS/DP/B0B78JZ4X3
FOMGEELY	FOMGEELY	amazon.ae	HTTPS://WWW.AMAZON.AE/FOMGEELY-WOODWORKING-MEASURING-PROTRACTOR-CARPENTERS/DP/B0928KFF1G
FONEDA	FONEDA	amazon.ae	HTTPS://WWW.AMAZON.AE/FONEDA/S?K=FONEDA
FONUNO	FONUNO	amazon.ae	HTTPS://WWW.AMAZON.AE/FONUNO-BASEBOARD-FLEXIBLE-ADHESIVE-MOULDING/DP/B0D5H6VJB3
FOOBONG	FOOBONG	amazon.ae	HTTPS://WWW.AMAZON.AE/IPHONE-PLUS-SCREEN-REPLACEMENT-DISPLAY/DP/B0B1CB8TY1
FOONEE	FOONEE	amazon.ae	HTTPS://WWW.AMAZON.AE/FOONEE/S?K=FOONEE
FOONEE	FOONEE	amazon.ae	HTTPS://WWW.AMAZON.AE/FOONEE-AUTOMATIC-RABBITS-SEMI-MOIST-DISPENSER/DP/B07SC11FR7
FOOTIU	FOOTIU	amazon.ae	HTTPS://WWW.AMAZON.AE/FOOTIU-COMPRESSION-COPPER-SUPPORT-BRACE/DP/B06XR4RLJT
FOPHOP	FOPHOP	amazon.ae	HTTPS://WWW.AMAZON.AE/FOPHOP-FOLDABLE-ENCLOSED-ANTI-SPLASHING-INCLUDING/DP/B0C81CR3F6
FORADOM	FORADOM	amazon.ae	HTTPS://WWW.AMAZON.AE/FORADOM-ORGANIZER-BATHROOM-ANTI-RUST-MULTI-PURPOSE/DP/B0C7M8P5GF
FORDWALT	FORDWALT	amazon.ae	HTTPS://WWW.AMAZON.AE/FORDWALT-CORDLESS-CULTIVATOR-ELECTRIC-PORTABLE/DP/B0CJ6RSPDF
FOREPITTA	FOREPITTA	amazon.ae	HTTPS://WWW.AMAZON.AE/FOREPITTA-BIRTHDAY-DECORATIONS-CRISTIANO-SUPPLIES/DP/B0C4H5WY7Y
FORICX	FORICX	amazon.ae	HTTPS://WWW.AMAZON.AE/FORICX-BRANDED-JOGGERS-LEISURE-TRACKPANTS/DP/B08SMMQ86C
FORSISCO	FORSISCO	amazon.ae	HTTPS://WWW.AMAZON.AE/FORSISCO-UPGRADED-THICKNESS-PROTECTOR-CLEAN-0-3MM/DP/B08BHNYWK1
FORSONE	FORSONE	amazon.ae	HTTPS://WWW.AMAZON.AE/FORSONE-RESISTANT-ORGANIZER-NON-WOVEN-BLACK-24PCS-ACCESSORIES/DP/B0BBFCL9Z2
FORSPEEDER	FORSPEEDER	amazon.ae	HTTPS://WWW.AMAZON.AE/FORSPEEDER-SOAP-DISPENSING-DISH-BRUSH/DP/B08YCWHS6J
FORTSTIX	FORTSTIX	amazon.ae	HTTPS://WWW.AMAZON.AE/FORTSTIX-KIDS-FORT-BUILDING-KIT/DP/B0BGQGG784
FORTVTM	FORTVTM	amazon.ae	HTTPS://WWW.AMAZON.AE/FORTVTM-SQUARE-PLASTIC-BOTTLES-EVIDENT/DP/B07DPVB1Q8
FORUNIQUE	FORUNIQUE	amazon.ae	HTTPS://WWW.AMAZON.AE/FORUNIQUE-MASQUERADE-MASK-COUPLES-WOMEN/DP/B07C19R2LW
FORWEWAY	FORWEWAY	amazon.ae	HTTPS://WWW.AMAZON.AE/FORWEWAY-LEAKPROOF-PORTABLE-PLASTIC-BOTTLES/DP/B09JFX7FTV
FORWEWAY	FORWEWAY	amazon.ae	HTTPS://WWW.AMAZON.AE/FORWEWAY-LEAKPROOF-BPA-FREE-REUSABLE-CONTAINER/DP/B088BX832K
FORWEWAY	FORWEWAY	amazon.ae	HTTPS://WWW.AMAZON.AE/FORWEWAY-ECO-FRIENDLY-LEAK-PROOF-EXTRA-STRONG-CONTAINER/DP/B08783TXYX
FORZATI	FORZATI	amazon.ae	HTTPS://WWW.AMAZON.AE/FORZATI-FZV600-HANDCRAFTED-HAND-VARNISHED-INTERMEDIATE/DP/B0851PMXNV
FOSTAK	FOSTAK	amazon.ae	HTTPS://WWW.AMAZON.AE/LIGHTWEIGHT-ADJUSTABLE-ULTRABOOK-BRIEFCASE-LH-STUS-FO8002FB-15-DGY/DP/B07P62DT8Y
FOSTUDORK	FOSTUDORK	amazon.ae	HTTPS://WWW.AMAZON.AE/BEDDING-FOSTUDORK-COMFORTABLE-COMFORTER-WHITE-150X200CM/DP/B08D9B6L64
FOTOUZY	FOTOUZY	amazon.ae	HTTPS://WWW.AMAZON.AE/FOTOUZY-CHOPPING-FLEXIBLE-NON-POROUS-DISHWASHER/DP/B083TW37H9
FOXWAKE	FOXWAKE	amazon.ae	HTTPS://WWW.AMAZON.AE/FOXWAKE-DRESSER-ADJUSTABLE-SCANDI-MODERN-UNFINISHED/DP/B0CM927439
FPAKDH	FPAKDH	amazon.ae	HTTPS://WWW.AMAZON.AE/FPAKDH-SOCCER-BREATHABLE-TRAINING-FOOTBALL/DP/B0C1V73L5G
FQARX	FQARX	amazon.ae	HTTPS://WWW.AMAZON.AE/FQARX-STAINLESS-CAMPFIRE-PORTABLE-TAILGATING/DP/B09TVM4J3Z
FRAYLON	FRAYLON	amazon.ae	HTTPS://WWW.AMAZON.AE/FRAYLON-EGYPTIAN-SET-600-MATTRESS-PILLOWCASES/DP/B07ZNLLKCC
FREDYSU	FREDYSU	amazon.ae	HTTPS://WWW.AMAZON.AE/CARSTUUS-FREDYSU-LEATHER-BACKSEAT-CARTBOX02B/DP/B07VK32BNL
FREEKITE	FREEKITE	amazon.ae	HTTPS://WWW.AMAZON.AE/FREEKITE-RELAXED-LIGHTWEIGHT-WATERPROOF-TACTICAL/DP/B09HFW6RMS
FREESOOTH	FREESOOTH	amazon.ae	HTTPS://WWW.AMAZON.AE/HONEYGIFTS-FREESOOTH-WEDDING-PILLOW-CRYSTAL/DP/B076Q15NBZ
FRELETRY	FRELETRY	amazon.ae	HTTPS://WWW.AMAZON.AE/FRELETRY-UTILITY-ORGANIZER-MULTIFUNCTION-BATHROOM/DP/B08Y8DYKVS
FRIEYSS	FRIEYSS	amazon.ae	HTTPS://WWW.AMAZON.AE/FRIEYSS-FORAGING-MUSHROOM-WATERPROOF-BUSHCRAFT/DP/B091GWBVLQ
FRIORANGE	FRIORANGE	amazon.ae	HTTPS://WWW.AMAZON.AE/FRIORANGE-WORKOUT-HYPOXIC-RUNNING-REGULATOR/DP/B078HY39X8
FRIUSATE	FRIUSATE	amazon.ae	HTTPS://WWW.AMAZON.AE/FRIUSATE-MOONCAKE-BIRTHDAY-CUPCAKES-DESSERTS/DP/B08NV7DK8Z
FROECTRY	FROECTRY	amazon.ae	HTTPS://WWW.AMAZON.AE/FROECTRY-26-8IN-MACHINE-MOTION-ROTATING/DP/B0CJRF9SNV
FRUEO	FRUEO	amazon.ae	HTTPS://WWW.AMAZON.AE/FRUEO-SLEEVELESS-BREATHABLE-BODYBUILDING-WHITE-2XL/DP/B091PVTZ52
FRYZOO	FRYZOO	amazon.ae	HTTPS://WWW.AMAZON.AE/EXTERNAL-FRYZOO-REWRITER-TRANSFER-COMPATIBLE/DP/B07SMNF43F
FRYZOO	FRYZOO	amazon.ae	HTTPS://WWW.AMAZON.AE/EXTERNAL-FRYZOO-PORTABLE-TRANSFER-REWRITER/DP/B07XXPQKT1
FSHANEE	FSHANEE	amazon.ae	HTTPS://WWW.AMAZON.AE/FSHANEE-COLORFUL-ALUMINUM-PROFESSIONAL-INSTRUMENT/DP/B0C45FPNH6
FSHANEE	FSHANEE	amazon.ae	HTTPS://WWW.AMAZON.AE/FSHANEE-THERAPEUTIC-MEDICAL-HEALING-REPAIRING/DP/B09PHDG7JN
FSKNIGHT	FSKNIGHT	amazon.ae	HTTPS://WWW.AMAZON.AE/FSKNIGHT-BACKPACK-LIGHTWEIGHT-DAYPACK-RUCKSACK/DP/B07S2JYL2B
FSQYMYGS	FSQYMYGS	amazon.ae	HTTPS://WWW.AMAZON.AE/FSQYMYGS-ELECTRIC-NASAL-IRRIGATOR-IRRIGATION/DP/B0B9MVHLBK
FSXTMMM	FSXTMMM	amazon.ae	HTTPS://WWW.AMAZON.AE/FSXTMMM-SCREWDRIVER-HUAWEI-ONEPLUS-OPENING/DP/B07X5KBFRH
FSXTMMM	FSXTMMM	amazon.ae	HTTPS://WWW.AMAZON.AE/FSXTMMM-H0-7-H0-9-H1-0-MICRO/DP/B07X5JBZ93
FSXTMMM	FSXTMMM	amazon.ae	HTTPS://WWW.AMAZON.AE/FSXTMMM-SCREWDRIVER-J000-REPAIR-TEARDOWN/DP/B07X3CYNMV
FTABERNAM	FTABERNAM	amazon.ae	HTTPS://WWW.AMAZON.AE/FTABERNAM-BEGINNERS-CHILDREN-TRAINING-SPARRING/DP/B0B1D8BHBN
FTEOX	FTEOX	amazon.ae	HTTPS://WWW.AMAZON.AE/FTEOX-RESISTANT-CELLPHONE-NON-SLIP-LIGHTWEIGHT/DP/B079L5GQX7
FTFCASE	FTFCASE	amazon.ae	HTTPS://WWW.AMAZON.AE/FTFCASE-COMPATIBLE-CHRISTMAS-REPLACEMENT-WRISTBAND/DP/B07Z4ZLXCQ
FTFVASKA	FTFVASKA	amazon.ae	HTTPS://WWW.AMAZON.AE/FTFVASKA-CONTROLLER-WIRELESS-COMPATIBLE-VIBRATION/DP/B09MQK3C75
FTFVASKA	FTFVASKA	amazon.ae	HTTPS://WWW.AMAZON.AE/CONTROLLER-WIRELESS-COMPATIBLE-FTFVASKA-VIBRATION/DP/B09MQK3C75
FTYQUEE	FTYQUEE	amazon.ae	HTTPS://WWW.AMAZON.AE/FTYQUEE-ADJUSTABLE-COMPATIBLE-INSPIRE-WRISTBANDS/DP/B0DDY58FH4
FUBULLISH	FUBULLISH	amazon.ae	HTTPS://WWW.AMAZON.AE/FUBULLISH-CLOTHES-CLOTHING-COLLAPSIBLE-FOLDABLE/DP/B09893VJRW
FUBULLISH	FUBULLISH	amazon.ae	HTTPS://WWW.AMAZON.AE/FUBULLISH-MACHINE-ACCESSORIES-KITCHEN-ESPRESSO/DP/B0B3CNKG2L
FUCOPALES	FUCOPALES	amazon.ae	HTTPS://WWW.AMAZON.AE/FUCOPALES-MEMORY-CARD%EF%BC%8C3DS-FLASHCARD-ADAPTER/DP/B0BVYKJCL4
FUETI	FUETI	amazon.ae	HTTPS://WWW.AMAZON.AE/FUETI-ATTACHMENT-STRENGTH-TRAINING-EQUIPMENT/DP/B08PKF36PN
FUGADY	FUGADY	amazon.ae	HTTPS://WWW.AMAZON.AE/FUGADY-STRAIGHT-SYNTHETIC-COSPLAY-RESISTANT/DP/B08CDM3JH4
FUGJAOJO	FUGJAOJO	amazon.ae	HTTPS://WWW.AMAZON.AE/FUGJAOJO-MOISTURIZER-CONTROL-PURIFYING-PIECES/DP/B08TBFJKSJ
FUHAYA	FUHAYA	amazon.ae	HTTPS://WWW.AMAZON.AE/FUHAYA-VEETONE-CERTIFIED-LIGHTNING-ADAPTER/DP/B092JFCY78
FUHUY	FUHUY	amazon.ae	HTTPS://WWW.AMAZON.AE/FUHUY-BATHTUB-COLLAPSIBLE-FOLDABLE-INFANT/DP/B07QJ24RPG
FUJINZHU	FUJINZHU	amazon.ae	HTTPS://WWW.AMAZON.AE/FUJINZHU-MOUNTED-VINTAGE-ORGANIZER-HANGING/DP/B08CD2HGN3
FULUSOR	FULUSOR	amazon.ae	HTTPS://WWW.AMAZON.AE/FULUSOR-BASEBALL-BAT-30-BLACK/DP/B0B1W7XXNQ
FULYEE	FULYEE	amazon.ae	HTTPS://WWW.AMAZON.AE/FULYEE-INTERFACE-BRACKET-LEATHER-REPLACEMENT/DP/B08VNQLH3C
FUNACOLA	FUNACOLA	amazon.ae	HTTPS://WWW.AMAZON.AE/FUNACOLA-JAPANESE-EXTENDED-MOUSEPAD-KEYBOARD/DP/B09XJ7D564
FUNDOUNS	FUNDOUNS	amazon.ae	HTTPS://WWW.AMAZON.AE/FUNDOUNS-COFFEE-DOUBLE-INSULATED-CAPPUCCINO/DP/B07VBR8D2X
FUNDREM	FUNDREM	amazon.ae	HTTPS://WWW.AMAZON.AE/FUNDREM-ELECTRONIC-MUSIC-BOXING-MACHINE/DP/B0C1BZHPG6
FUNITRIC	FUNITRIC	amazon.ae	HTTPS://WWW.AMAZON.AE/FUNITRIC-SLOGGING-SPANNER-STRIKING-WRENCH/DP/B07QM51PDG
FUNITRIC	FUNITRIC	amazon.ae	HTTPS://WWW.AMAZON.AE/FUNITRIC-19-21MM-SCAFFOLD-SPANNER-RATCHETING/DP/B07S33V76V
FUNNYBSG	FUNNYBSG	amazon.ae	HTTPS://WWW.AMAZON.AE/FUNNYBSG-ROTATABLE-ADJUSTABLE-TRIANGLE-MICROFIBER/DP/B0BD3RQDMC
FUNPLAYSMART	FUNPLAYSMART	amazon.ae	HTTPS://WWW.AMAZON.AE/FUNPLAYSMART-BRACKET-ALUMINUM-MOUNTING-GRILLE/DP/B09ZHRBR51
FUNSPONSOR	FUNSPONSOR	amazon.ae	HTTPS://WWW.AMAZON.AE/FUNSPONSOR-SCRAPBOOK-FATHERS-VALENTINES-ANNIVERSARY/DP/B07GZK9K8V
FUNSPREAD	FUNSPREAD	amazon.ae	HTTPS://WWW.AMAZON.AE/FUNSPREAD-DIRNDL-COSTUME-FASHION-OKTOBERFEST/DP/B0D2WXYSFX
FUNTASIT	FUNTASIT	amazon.ae	HTTPS://WWW.AMAZON.AE/FUNTASIT-TRAVEL-STORAGE-TABLET-DETACHABLE/DP/B07HP4Z232
FUNVZU	FUNVZU	amazon.ae	HTTPS://WWW.AMAZON.AE/FUNVZU-LIGHTWEIGHT-ADJUSTABLE-ALUMINIUM-FLOATING/DP/B0D2H71V2C
FUNVZU	FUNVZU	amazon.ae	HTTPS://WWW.AMAZON.AE/FUNVZU-FISHING-BACKPACK-INCLUDED-WATERPROOF/DP/B0D4VQHWXC
FUONGEE	FUONGEE	amazon.ae	HTTPS://WWW.AMAZON.AE/FUONGEE-SMALL-REPTILE-FEEDING-FEEDER/DP/B094QYX9F9
FUPYWP	FUPYWP	amazon.ae	HTTPS://WWW.AMAZON.AE/FUPYWP-CHARGING-CERTIFIED-CHARGER-COMPATIBLE/DP/B0BXKZ2JV6
FURFITT	FURFITT	amazon.ae	HTTPS://WWW.AMAZON.AE/FURFITT-DIAMETER-CUPBOARD-FURNITURE-HARDWARE/DP/B0C1Y7Y2RL
FURTOM	FURTOM	amazon.ae	HTTPS://WWW.AMAZON.AE/FURTOM-PERSONALIZED-SHOPPING-REUSABLE-GROCERY/DP/B0DSSNGGY6
FURTROP	FURTROP	amazon.ae	HTTPS://WWW.AMAZON.AE/FURTROP-UNDERWEAR-BOXER-CLASSIC-BOXERSHORTS/DP/B08ZMWR5CW
FUSHIONSEA	FUSHIONSEA	amazon.ae	HTTPS://WWW.AMAZON.AE/FUSHIONSEA-WIRELESS-MOMENTARY-TRANSMITTER-CONTROLLER/DP/B0B1PQM791
FUTTEST	FUTTEST	amazon.ae	HTTPS://WWW.AMAZON.AE/FUTTEST-ENVIRONMENTAL-PROTECTION-DUMBBELLS-ALL-PURPOSE/DP/B08P18178R
FUUNSOO	FUUNSOO	amazon.ae	HTTPS://WWW.AMAZON.AE/SQUEEGEE-FUUNSOO-TELESCOPIC-EXTENSION-CLEANING/DP/B085RR2Y9T
FUUZIO	FUUZIO	amazon.ae	HTTPS://WWW.AMAZON.AE/FUUZIO-UNIVERSAL-INSOLUTION-FLUX-CORED-TEMPERATURE/DP/B0B6J9D1KY
FUWINET	FUWINET	amazon.ae	HTTPS://WWW.AMAZON.AE/FUWINET-UMBRELLA-WINDPROOF-BLOSSOM-FOLDING-UMBRELLA/DP/B07CRK1CD8
FUYXAN	FUYXAN	amazon.ae	HTTPS://WWW.AMAZON.AE/FUYXAN-INSTRUMENT-HAWAIIAN-BEGINNERS-STUDENTS/DP/B07RTK4LG6
FVILIPUS	FVILIPUS	amazon.ae	HTTPS://WWW.AMAZON.AE/FVILIPUS-STAINLESS-PINEAPPLE-REMOVER-PINEAPPLE/DP/B08CVJ55XV
FVLERZ	FVLERZ	amazon.ae	HTTPS://WWW.AMAZON.AE/FVLERZ-BREATHABLE-REPLACEMENT-SMARTWATCH-ACCESSORIES/DP/B08HZDVDTZ
FVWWE	FVWWE	amazon.ae	HTTPS://WWW.AMAZON.AE/FVWWE-POWERED-IDENTIFY-SPECIES-NOTIFICATIONS/DP/B0DHCQVQ4G
FWIYCXE	FWIYCXE	amazon.ae	HTTPS://WWW.AMAZON.AE/-/AR/161236/DP/B0BRTPRKRJ
FXBZA	FXBZA	amazon.ae	HTTPS://WWW.AMAZON.AE/FXBZA-STRIPED-SECTIONAL-FURNITURE-PROTECTORS/DP/B0F4Y192KX
FXYXGYC	FXYXGYC	amazon.ae	HTTPS://WWW.AMAZON.AE/FXYXGYC-TRANSLATOR-BLUETOOTH-REAL-TIME-LANGUAGES/DP/B08HT4MV3P
FYACCD	FYACCD	amazon.ae	HTTPS://WWW.AMAZON.AE/FYACCD-STRAINER-KITCHEN-CATCHER-BATHROOM/DP/B09FPHXBBR
FYANGE	FYANGE	amazon.ae	HTTPS://WWW.AMAZON.AE/FYANGE-REPLACEMENT-TRIMMER-TRIMMERS-AUTOFEED/DP/B0826W4QSM
FYGL	FYGL	amazon.ae	HTTPS://WWW.AMAZON.AE/FYGL-WEIGHT-LIFTING-STRAPS-GYM/DP/B0FBLW5XFK
FYGL	FYGL	amazon.ae	HTTPS://WWW.AMAZON.AE/FYGL-HIP-THRUST-BELT-DIP-BELT-PULL-UP-BELT-KETTLEBELLS/DP/B0CQRK5VGH
FYLARFLY	FYLARFLY	amazon.ae	HTTPS://WWW.AMAZON.AE/FYLARFLY-HAPPINESS-KEYCHAINS-KEYTAGS-EMBROIDERED/DP/B07CB1JQ9S
FYSCEMZZ	FYSCEMZZ	amazon.ae	HTTPS://WWW.AMAZON.AE/FYSCEMZZ-20PCS-KP2897-1-INSIDE-CLEAR/DP/B0BKVFLWW7
FYSCEMZZ	FYSCEMZZ	amazon.ae	HTTPS://WWW.AMAZON.AE/FYSCEMZZ-10PCS-WELDING-HELMET-REPLACEMENT/DP/B0C14SN5HP
FYUFY	FYUFY	amazon.ae	HTTPS://WWW.AMAZON.AE/FYUFY/S?K=FYUFY
FZITIY	FZITIY	amazon.ae	HTTPS://WWW.AMAZON.AE/FZITIY-BREATHABLE-HONEYCOMB-CHAIR%C3%A3%C2%AF%C3%A5-WHEELCHAIR/DP/B08J3KGMZ3
GAAYEE	GAAYEE	amazon.ae	HTTPS://WWW.AMAZON.AE/GAAYEE-MICROSD-FLASH-MEMORY-ADAPTER/DP/B07H182C4M
GABETLET	GABETLET	amazon.ae	HTTPS://WWW.AMAZON.AE/GABETLET-UNDERMOUNT-STAINLESS-WORKSTATION-ACCESSORIES/DP/B0B2QQVG29
GABETLET	GABETLET	amazon.ae	HTTPS://WWW.AMAZON.AE/GABETLET-UNDERMOUNT-STAINLESS-WORKSTATION-ACCESSORIES/DP/B0B2QST5VL
GAGAMO	GAGAMO	amazon.ae	HTTPS://WWW.AMAZON.AE/GAGAMO-CHILDRENS-DINOSAUR-PRINTED-NON-WOVEN/DP/B08D6S3FWV
GAILEX	GAILEX	amazon.ae	HTTPS://WWW.AMAZON.AE/GAILEX-BASKETBALL-APPARATUS-LIGHTWEIGHT-180%C2%B0ROTATING/DP/B09S3LL14R
GALAROES	GALAROES	amazon.ae	HTTPS://WWW.AMAZON.AE/GALAROES/S?K=GALAROES
GALDAL	GALDAL	amazon.ae	HTTPS://WWW.AMAZON.AE/GALDAL-FRAGRANCE-DIFFUSER-ESSENTIAL-MINIMALIST/DP/B091K2RK3C
GALDAL	GALDAL	amazon.ae	HTTPS://WWW.AMAZON.AE/GALDAL-DISPENSER-BATHROOM-COUNTERTOP-KITCHEN/DP/B0CJC33CTY
GALLYPEK	GALLYPEK	amazon.ae	HTTPS://WWW.AMAZON.AE/GALLYPEK-PORTABLE-BLUETOOTH-PRESETS-OPERATION/DP/B0DGLBTPMD
GALORI	GALORI	amazon.ae	HTTPS://WWW.AMAZON.AE/GALORI-LIGHTWEIGHT-FASHION-GENUINE-LEATHER/DP/B0C64WFD25
GALORI	GALORI	amazon.ae	HTTPS://WWW.AMAZON.AE/GALORI-SHOULDER-HANDBAG-MULTI-POCKETS-VINTAGE/DP/B0BTYCVLK5
GALORI	GALORI	amazon.ae	HTTPS://WWW.AMAZON.AE/GALORI-FLOWER-EMBROIDERY-CAMISOLE-CLOTHING/DP/B0C699VJWB
GALORI	GALORI	amazon.ae	HTTPS://WWW.AMAZON.AE/GALORI-LEATHER-FASHION-HANDMADE-SNEAKERS/DP/B0C5LPZ91F
GALORI	GALORI	amazon.ae	HTTPS://WWW.AMAZON.AE/GALORI-WOMENS-CANVAS-PLATFORM-SNEAKERS/DP/B0C5GZ2PCN
GALORI	GALORI	amazon.ae	HTTPS://WWW.AMAZON.AE/GALORI-WALKING-PLATFORM-TREKKING-SNEAKERS/DP/B0C654VFBF
GALORI	GALORI	amazon.ae	HTTPS://WWW.AMAZON.AE/GALORI-T-SHIRT-DETACHABLE-SLEEVES-HARAJUKU/DP/B0C6CP1QY2
GALVOR	GALVOR	amazon.ae	HTTPS://WWW.AMAZON.AE/GALVOR-LED-HEADLIGHT-WRANGLER-7045B-BLACK-2/DP/B07SFHLS9M
GAMPLAE	GAMPLAE	amazon.ae	HTTPS://WWW.AMAZON.AE/GAMPLAE-HANDHELD-PORTABLE-CLASSICAL-RECHARGEABLE/DP/B0BRS2LGBP
GAMULUS	GAMULUS	amazon.ae	HTTPS://WWW.AMAZON.AE/GAMULUS-CHARGING-PORT%EF%BC%8CFAST-TRANSFER-VR/DP/B0BJ7DB5Y1
GANBARY	GANBARY	amazon.ae	HTTPS://WWW.AMAZON.AE/GANBARY-XIAOMI-POCO-F3-PROTECTIVE/DP/B08ZYV16HS
GANKOL	GANKOL	amazon.ae	HTTPS://WWW.AMAZON.AE/GANKOL-PAINTINGS-ABSTRACT-DECORATIONS-12X18INCH/DP/B09NM76G2K
GANSANRO	GANSANRO	amazon.ae	HTTPS://WWW.AMAZON.AE/GANSANRO-RUNNING-LIGHTWEIGHT-TRAINING-CLIMBING/DP/B07RW969YT
GAOBEI	GAOBEI	amazon.ae	HTTPS://WWW.AMAZON.AE/STATUES-DECORATIVE-ORNAMENTS-BEDROOM-CABINETS/DP/B08T7M6LM3
GARKUP	GARKUP	amazon.ae	HTTPS://WWW.AMAZON.AE/GARKUP-REST-FOLDING-HOLDER-SIMPLE-RACK-SPOON-REST-2PACK/DP/B07KWM5KSJ
GARTENGERATE	GARTENGERATE	amazon.ae	HTTPS://WWW.AMAZON.AE/GARTENGERATE-FLOATING-ALLIGATOR-SOLUTION-DECORATION/DP/B07V7SGQMD
GARYCE	GARYCE	amazon.ae	HTTPS://WWW.AMAZON.AE/GARYCE-PICKLEBALL-BALLS-STANDARD-PICKLE/DP/B08S7CXXTH
GATESEA	GATESEA	amazon.ae	HTTPS://WWW.AMAZON.AE/GATESEA-WALL-MOUNTED-BLUETOOTH-WATERPROOF-MULTIPURPOSE/DP/B07V8RWSWP
GAUTERF	GAUTERF	amazon.ae	HTTPS://WWW.AMAZON.AE/GAUTERF-HARNESS-ESCAPE-PROOF-LEASH/DP/B07GF7RGK8
GAVISTORY	GAVISTORY	amazon.ae	HTTPS://WWW.AMAZON.AE/GAVISTORY-MULTI-COMPOUND-GRIPS-INCLUDED/DP/B07TD8XYSB
GAVISTORY	GAVISTORY	amazon.ae	HTTPS://WWW.AMAZON.AE/GAVISTORY-TRI-TURF-FOLDABLE-CHIPPING-PRACTICE/DP/B0871VSVYY
GAVMICS	GAVMICS	amazon.ae	HTTPS://WWW.AMAZON.AE/GAVMICS-YOGA-BLOCK-SET-STRAP/DP/B088H3B6QZ
GAXCO	GAXCO	amazon.ae	HTTPS://WWW.AMAZON.AE/GAXCO-PET-CARRIER-BACKPACK-ADJUSTABLE/DP/B07VNPXC5J
GBDAMI	GBDAMI	amazon.ae	HTTPS://WWW.AMAZON.AE/GBDAMI-68145662AB-PS753-1S12029-PS638/DP/B0BHT1Q1RF
GBIVBE	GBIVBE	amazon.ae	HTTPS://WWW.AMAZON.AE/GBIVBE-ORGANIZER-ADJUSTABLE-DIVIDERS-ORGANIZERS/DP/B09TW18XXR
GDEWCRO	GDEWCRO	amazon.ae	HTTPS://WWW.AMAZON.AE/GDEWCRO-RHODESIAN-SUMMER-TRUNKS-SHORTS/DP/B08RRNVN6P
GDRABO	GDRABO	amazon.ae	HTTPS://WWW.AMAZON.AE/GDRABO-RESISTANT-TAILGATES-FRATERNITIES-EVENTS%EF%BC%88BLACK%EF%BC%89/DP/B083R1HCQD
GDRABO	GDRABO	amazon.ae	HTTPS://WWW.AMAZON.AE/GDRABO-COLLEGE-FINANCIAL-OFFICCE-GOOD-LUCK/DP/B08GQ1TRFN
GDREAMT	GDREAMT	amazon.ae	HTTPS://WWW.AMAZON.AE/GDREAMT-SILICONE-REMOVABLE-STACKABLE-DISHWASHER/DP/B086YJLF71
GDSDYM	GDSDYM	amazon.ae	HTTPS://WWW.AMAZON.AE/GDSDYM-BOWKNOT-PRINCESS-WEDDING-PREWALKER/DP/B09C3PPJ7P
GEADI	GEADI	amazon.ae	HTTPS://WWW.AMAZON.AE/GEADI-CEILING-DIMMABLE-CONTROL-TEMPERATURE/DP/B0DT65QJFV
GEADI	GEADI	amazon.ae	HTTPS://WWW.AMAZON.AE/GEADI-CEILING-CONTROL-DIMMABLE-TEMPERATURE/DP/B0D7RXVBY9
GEADI	GEADI	amazon.ae	HTTPS://WWW.AMAZON.AE/GEADI-PROFILE-CEILING-DIMMABLE-CONTROL/DP/B0CDLGT6Z2
GEAMIKI	GEAMIKI	amazon.ae	HTTPS://WWW.AMAZON.AE/GEAMIKI-COSPLAY-COSTUME-WEAPONS-BIRTHDAY/DP/B0CW95Z8TC
GECILIAORAN	GECILIAORAN	amazon.ae	HTTPS://WWW.AMAZON.AE/GECILIAORAN-G1000-DIMMABLE-LIGHTING-SPECTRUM/DP/B0BXLRRMJ1
GEDIST	GEDIST	amazon.ae	HTTPS://WWW.AMAZON.AE/GE-INDUSTRIAL-THQLSURGE-PROTECTOR-SURGEPRO/DP/B008EU89EW
GEEDUO	GEEDUO	amazon.ae	HTTPS://WWW.AMAZON.AE/GEEDUO-PAINTINGS-FARMHOUSE-BATHROOM-UNFRAMED/DP/B07VSNG67L
GEEDUO	GEEDUO	amazon.ae	HTTPS://WWW.AMAZON.AE/GEEDUO-PAINTINGS-FARMHOUSE-BATHROOM-UNFRAMED/DP/B07VW33989
GEEHOOD	GEEHOOD	amazon.ae	HTTPS://WWW.AMAZON.AE/GEEHOOD-USB3-1-TYPE-C-MOBILE-ENCLOSURE/DP/B07H6CZRGY
GEEKTOP	GEEKTOP	amazon.ae	HTTPS://WWW.AMAZON.AE/BLUETOOTH-SPEAKERS-LIGHTING-WATERPROOF-POWERFUL/DP/B09ZQSD516
GEEVOLL	GEEVOLL	amazon.ae	HTTPS://WWW.AMAZON.AE/GEEVOLL-TAILGATE-PROTECTOR-UNIVERSAL-RUBBER/DP/B09PV5WJYV
GEGGUR	GEGGUR	amazon.ae	HTTPS://WWW.AMAZON.AE/GEGGUR-ADJUSTABLE-ATTACHMENT-STAINLESS-AERATOR/DP/B07SZ8GFVL
GEGGUR	GEGGUR	amazon.ae	HTTPS://WWW.AMAZON.AE/GEGGUR-BASSINET-TODDLERS-BREATHER-PORTABLE/DP/B07TCHKNYJ
GEISBUT	GEISBUT	amazon.ae	HTTPS://WWW.AMAZON.AE/GEISBUT-FOLDING-AUTOMATIC-T-SHIRT-CLOTHES/DP/B08MF2CVKW
GELIDI	GELIDI	amazon.ae	HTTPS://WWW.AMAZON.AE/GELIDI-JACKET-LEATHER-JACKETS-MOTORCYCLE/DP/B0C8HDP3HS
GELIDI	GELIDI	amazon.ae	HTTPS://WWW.AMAZON.AE/GELIDI-WALKING-RUNNING-BREATHABLE-TRAINING/DP/B0C7ZYPJD1
GELIDI	GELIDI	amazon.ae	HTTPS://WWW.AMAZON.AE/GELIDI-%D8%A7%D9%84%D8%B3%D8%AA%D8%B1%D8%A7%D8%AA-%D8%A7%D9%84%D8%AC%D9%84%D8%AF%D9%8A%D8%A9-%D8%A7%D9%84%D8%AF%D8%B1%D8%A7%D8%AC%D8%A9-%D8%A7%D9%84%D8%AA%D8%AC%D8%A7%D8%B1%D9%8A%D8%A9/DP/B0C8HDJY2Q
GEMARWEL	GEMARWEL	amazon.ae	HTTPS://WWW.AMAZON.AE/GEMARWEL-BOHO-DUVET-COVER-WHITE/DP/B09TTD2W9S
GEMERCY	GEMERCY	amazon.ae	HTTPS://WWW.AMAZON.AE/GEMERCY-WIRELESS-BLUETOOTH-HEADPHONES-NECKBAND/DP/B09NXM95TP
GEMILEO	GEMILEO	amazon.ae	HTTPS://WWW.AMAZON.AE/GEMILEO-DETACHABLE-HOUSEKEEPING-BROOM%EF%BC%8CMOP%EF%BC%8CDUSTER%EF%BC%8CDUSTPAN%EF%BC%8CBRUSH-CHILDHOOD/DP/B0919SMZVK
GENNERIC	GENNERIC	amazon.ae	HTTPS://WWW.AMAZON.AE/GENNERIC-GUARDRAIL-ANTI-COLLISION-PROTECTIVE-PROTECTOR/DP/B086L4RJQ8
GENORTH	GENORTH	amazon.ae	HTTPS://WWW.AMAZON.AE/GENORTH-SMALL-PORTABLE-BOOSTER-WINDOW/DP/B07B8XLJFC
GENQORN	GENQORN	amazon.ae	HTTPS://WWW.AMAZON.AE/GENQORN-REPLACEMENT-PADDLE-BLADE-COMPATIBLE/DP/B0CWXDNKNS
GENTLECARIN	GENTLECARIN	amazon.ae	HTTPS://WWW.AMAZON.AE/GENTLECARIN-CUSHION-CUSHIONS-PLEATED-DECORATIVE/DP/B07KFGC8JW
GEOCERO	GEOCERO	amazon.ae	HTTPS://WWW.AMAZON.AE/GEOCERO-CLASSIC-3-DIMENSIONAL-BOARD-SCULPTURES/DP/B071VTTYB1
GEOELEPH	GEOELEPH	amazon.ae	HTTPS://WWW.AMAZON.AE/GEOELEPH-LOAFERS-SLIP-ONS-COMFORT-MOCCASINS/DP/B0BFGB67P4
GEOINUS	GEOINUS	amazon.ae	HTTPS://WWW.AMAZON.AE/GEOINUS-TRAMPOLINE-ASSEMBLED-REBOUNDER-CUSHIONED/DP/B08BJSSJ3T
GEPER	GEPER	amazon.ae	HTTPS://WWW.AMAZON.AE/GEPER-TOOTHBRUSH-INDIVIDUALLY-DISPOSABLE-TOOTHBRUSHES/DP/B0DW7RJ9L4
GERPENG	GERPENG	amazon.ae	HTTPS://WWW.AMAZON.AE/GERPENG-MENS-SMARTWATCH-WATERPROOF-NOTIFICATION/DP/B0CN95LPRP
GERSVAR	GERSVAR	amazon.ae	HTTPS://WWW.AMAZON.AE/GERSVAR-WATERPROOF-ACTIVITY-PEDOMETER-CALORIES/DP/B09TRC3M49
GERUNSI	GERUNSI	amazon.ae	HTTPS://WWW.AMAZON.AE/GERUNSI-CASHMERE-OVERSIZED-PASHMINA-GRAY-DARK/DP/B07X86DVWG
GERUNSI	GERUNSI	amazon.ae	HTTPS://WWW.AMAZON.AE/GERUNSI-CASHMERE-OVERSIZED-PASHMINA-SHAWLS/DP/B0CHQ8BGYN
GESANGHUA	GESANGHUA	amazon.ae	HTTPS://WWW.AMAZON.AE/GESANGHUA-30GA-INCH-INDEPENDENT-PACKING/DP/B0BB79YLFT
GESANGHUA	GESANGHUA	amazon.ae	HTTPS://WWW.AMAZON.AE/GESANGHUA-SYRINGE-INCH-INDEPENDENT-PACKING/DP/B0BB7DLTBH
GESANGHUA	GESANGHUA	amazon.ae	HTTPS://WWW.AMAZON.AE/KINDERGARTEN-CREATIVE-CHILDREN-EDUCATIONAL-GESANGHUA/DP/B0C8TGY4RG
GESONGZHE	GESONGZHE	amazon.ae	HTTPS://WWW.AMAZON.AE/GESONGZHE-REPLACEMENT-SENNHEISER-HEADPHONE-PROTOTYPE/DP/B07T5475WS
GESONLINKA	GESONLINKA	amazon.ae	HTTPS://WWW.AMAZON.AE/GESONLINKA-MOUNTED-DISPENSER-BEVERAGE-ALCOHOL/DP/B09GVP1SN9
GESOON	GESOON	amazon.ae	HTTPS://WWW.AMAZON.AE/GESOON-CHANNELS-AUDIO-MIXER-BUILT/DP/B0B2RMV5CQ
GESPERT	GESPERT	amazon.ae	HTTPS://WWW.AMAZON.AE/GESPERT-PROFESSIONAL-SCISSORS-THINNING-TEXTURIZING/DP/B07CQKBYSB
GETIANN	GETIANN	amazon.ae	HTTPS://WWW.AMAZON.AE/GETIANN-CURTAIN-WATERPROOF-CURTAINS-THICKNESS/DP/B07RK9PD7R
GEVUTO	GEVUTO	amazon.ae	HTTPS://WWW.AMAZON.AE/GEVUTO-BIRTHDAY-BLANKET-DECORATIONS-PRESENTS/DP/B0BLH5ZKYZ
GEWINY	GEWINY	amazon.ae	HTTPS://WWW.AMAZON.AE/GEWINY-WATERPROOF-RECHARGEABLE-CORDLESS-DIMMABLE/DP/B0BWY31Y4S
GEZVOC	GEZVOC	amazon.ae	HTTPS://WWW.AMAZON.AE/GEZVOC-CYCLING-BREATHABLE-NON-SLIP-SHOCK-ABSORBING/DP/B075V92T3Y
GEZZENY	GEZZENY	amazon.ae	HTTPS://WWW.AMAZON.AE/GEZZENY-CHAMPAGNE-FLUTES-SET-HOUSEWARMING/DP/B091SS9P5G
GFNOURA	GFNOURA	amazon.ae	HTTPS://WWW.AMAZON.AE/GFNOURA-MULTICOLOR-ABSORBENT-MICROFIBER-WASHCLOTHS/DP/B0BDLMHQ9R
GFOUNS	GFOUNS	amazon.ae	HTTPS://WWW.AMAZON.AE/GFOUNS-BEAUTY-BLENDER-SPONGE-MULTI-COLORED/DP/B09WTV19G5
GGOMAART	GGOMAART	amazon.ae	HTTPS://WWW.AMAZON.AE/GGOMAART-CAR-WINDOW-SUN-SHADE/DP/B084D5RSQT
GGQQ	GGQQ	amazon.ae	HTTPS://WWW.AMAZON.AE/GGQQ-LED-SMART-BLUE-SKYLIGHT/DP/B0B3V7HSF7
GHGJU	GHGJU	amazon.ae	HTTPS://WWW.AMAZON.AE/GHGJU-ALUMINUM-HANDLE-BATHROOM-STAINLESS/DP/B0814MWN38
GHGJU	GHGJU	amazon.ae	HTTPS://WWW.AMAZON.AE/GHGJU-EXERCISE-CUP-TYPE-ABDOMINAL-EQUIPMENT/DP/B087JVTR5R
GHOUSETEC	GHOUSETEC	amazon.ae	HTTPS://WWW.AMAZON.AE/GHOUSETEC-BATHROOM-ORGANIZER-COUNTERTOP-WATERPROOF/DP/B0B6HJG7KH
GICEEPO	GICEEPO	amazon.ae	HTTPS://WWW.AMAZON.AE/GICEEPO-KITCHEN-FAUCET-SPRAYER-BRUSHED/DP/B07MCTQKW2
GIEANOO	GIEANOO	amazon.ae	HTTPS://WWW.AMAZON.AE/FLOATING-OAK-RADIATOR-SHELF-BATHROOM/DP/B08F3DBVFR
GIEESHIELD	GIEESHIELD	amazon.ae	HTTPS://WWW.AMAZON.AE/GIEESHIELD-WATERPROOF-ANTI-SLIP-CONSTRUCTION-MANUFACTURING/DP/B0C3C7N47B
GIELMIY	GIELMIY	amazon.ae	HTTPS://WWW.AMAZON.AE/GIELMIY-MULTIFUNCTIONAL-ADJUSTED-HORIZONTAL-INSTALLATION/DP/B08QHHNXQ9
GIFTIDEAWORKSHOP	GIFTIDEAWORKSHOP	amazon.ae	HTTPS://WWW.AMAZON.AE/GIFTIDEAWORKSHOP-CARDS-FLORAL-CARDS-GREAT-CENTERPIECE-DECORATIONS/DP/B08CZN15VL
GIGAVIBE	GIGAVIBE	amazon.ae	HTTPS://WWW.AMAZON.AE/GIGAVIBE-TENNIS-BACKPACK-RACQUET-HOLDER/DP/B07K5BMTHJ
GIGAWOOD	GIGAWOOD	amazon.ae	HTTPS://WWW.AMAZON.AE/MAGNETIC-CHARGING-WIRELESS-GIGAWOOD-MAG-SAFE/DP/B09H3LDCKH
GIGKOUKI	GIGKOUKI	amazon.ae	HTTPS://WWW.AMAZON.AE/GIGKOUKI-ACOUSTIC-CLASSICAL-RESISTENT-ADJUSTABLE/DP/B0FB9KXJ3N
GIGSZAY	GIGSZAY	amazon.ae	HTTPS://WWW.AMAZON.AE/GIGSZAY-BRONZE-DECORATIVE-SWITCH-OUTLET/DP/B09TMXP6TM
GIHOO	GIHOO	amazon.ae	HTTPS://WWW.AMAZON.AE/GIHOO-BATTERY-POWERED-DOUBLE-DECORATIONS/DP/B09FJN5BQL
GILDECKS	GILDECKS	amazon.ae	HTTPS://WWW.AMAZON.AE/GILDECKS-METALLIC-CARDSTOCK-PAPER-60PCS/DP/B0BXFNDNGD
GILDECKS	GILDECKS	amazon.ae	HTTPS://WWW.AMAZON.AE/GILDECKS-METALLIC-CARDSTOCK-PAPER-60PCS/DP/B0CB4NQ29J
GIMISONIC	GIMISONIC	amazon.ae	HTTPS://WWW.AMAZON.AE/GIMISONIC-PROJECTOR-BLUETOOTH-SUPPORTED-COMPATIBLE/DP/B09WYVPXHV
GIMISONIC	GIMISONIC	amazon.ae	HTTPS://WWW.AMAZON.AE/GIMISONIC-PROJECTOR-DISPLAY-PORTABLE-COMPATIBLE/DP/B09WW2589Z
GINCSRI	GINCSRI	amazon.ae	HTTPS://WWW.AMAZON.AE/GINCSRI-PROJECTOR-PROJECTORS-PROYECTOR-PROJECTIR/DP/B0BRPWZ8ZG
GINCSRI	GINCSRI	amazon.ae	HTTPS://WWW.AMAZON.AE/GINCSRI-PROJECTOR%E3%80%90ANDROID-BLUETOOTH-SUPPORTED-CORRECTION/DP/B0BCVTXD8T
GINCSRI	GINCSRI	amazon.ae	HTTPS://WWW.AMAZON.AE/GINCSRI-PROJECTOR-BLUETOOTH-PORTABLE-COMPATIBLE/DP/B09V58712X
GINCSRI	GINCSRI	amazon.ae	HTTPS://WWW.AMAZON.AE/GINCSRI-PROJECTOR%E3%80%90AUTOFOCUS-ANDROID12-0%E3%80%91-PROJECTORS-T02/DP/B0DDKCBP93
GINCSRI	GINCSRI	amazon.ae	HTTPS://WWW.AMAZON.AE/GINCSRI-PROJECTOR%E3%80%90ANDROID-PROJECTOR-SUPPORTED-CORRECTION/DP/B0CP4NV9CK
GINCSRI	GINCSRI	amazon.ae	HTTPS://WWW.AMAZON.AE/PROJECTOR-ANDROID11-0-PROJECTORS-KEYSTONE-CORRECTION/DP/B0CL6K3GTV
GINCSRI	GINCSRI	amazon.ae	HTTPS://WWW.AMAZON.AE/GINCSRI-PROJECTOR-ELECTRIC-10000LUX-SUPPORTED/DP/B0CZD76ZRM
GINDOLY	GINDOLY	amazon.ae	HTTPS://WWW.AMAZON.AE/GINDOLY-DIMMABLE-BLUETOOTH-ADJUSTABLE-CHILDRENS/DP/B08ZXRJPMJ
GINISFOTO	GINISFOTO	amazon.ae	HTTPS://WWW.AMAZON.AE/YONGNUO-YN600EX-RT-SPEEDLITE-600EX-RT-GINISFOTO/DP/B01GMFQULE
GINISFOTO	GINISFOTO	amazon.ae	HTTPS://WWW.AMAZON.AE/APUTURE-GINISFOTO-2700-6500K-UPGRADED-INTERVIEW/DP/B0BWS5J4YM
GIOFANZO	GIOFANZO	amazon.ae	HTTPS://WWW.AMAZON.AE/GIOFANZO-CABINETS-ADJUSTABLE-VERSATILE-BATHROOM/DP/B09Q2RZV99
GIPHOJO	GIPHOJO	amazon.ae	HTTPS://WWW.AMAZON.AE/GIPHOJO-CYBERPUNK-WINDPROOF-BALACLAVA-MULTIFUNCTION/DP/B08D98Y69T
GIPTIME	GIPTIME	amazon.ae	HTTPS://WWW.AMAZON.AE/GIPTIME-VEGETABLES-DISHWASHER-PRACTICAL-7539868156/DP/B07JXSFK8Y
GISEO	GISEO	amazon.ae	HTTPS://WWW.AMAZON.AE/GISEO-COMPATIBLE-PORTABLE-BACKPACK-PARTYBOX/DP/B0B54ZYV5T
GISSVOGEEK	GISSVOGEEK	amazon.ae	HTTPS://WWW.AMAZON.AE/GISSVOGEEK-INSTALLATION-WALLPAPER-SMOOTHING-SQUEEGEE/DP/B07R29YTRG
GIVEENA	GIVEENA	amazon.ae	HTTPS://WWW.AMAZON.AE/GIVEENA-HEALING-CRYSTAL-CANDLES-MANIFESTATION/DP/B0BB6SRCKF
GIZORI	GIZORI	amazon.ae	HTTPS://WWW.AMAZON.AE/GIZORI-SURROUND-HEADPHONES-COMPATIBLE-DREAMCAST/DP/B09QKBV3KY
GJUYC	GJUYC	amazon.ae	HTTPS://WWW.AMAZON.AE/GJUYC-SNEAKERS-BASKETBALL-BREATHABLE-WHITEBLUE/DP/B09FJ8LVYB
GJZZ	GJZZ	amazon.ae	HTTPS://WWW.AMAZON.AE/GJZZ-DRAWING-SCRIBBLE-LEARNING-BIRTHDAY/DP/B08112CSPL
GJZZ	GJZZ	amazon.ae	HTTPS://WWW.AMAZON.AE/GJZZ-BABY-TOYS-12-LEARNING/DP/B08NDJ1WBZ
GLACUS	GLACUS	amazon.ae	HTTPS://WWW.AMAZON.AE/GLACUS-EQUIPMENT-PORTABLE-EXERCISE-RESISTANCE/DP/B08T6KTBJ4
GLADICER	GLADICER	amazon.ae	HTTPS://WWW.AMAZON.AE/GLADICER-INTERCHANGEABLE-KITCHEN-POTATOES-SPAETZLE/DP/B0CJ97W7HG
GLADIOUR	GLADIOUR	amazon.ae	HTTPS://WWW.AMAZON.AE/GLADIOUR-PERCUSSION-HANDHELD-MASSAGER-ATHLETES/DP/B09474L85J
GLADWISE	GLADWISE	amazon.ae	HTTPS://WWW.AMAZON.AE/GLADWISE-ESPRESSO-MACHINE-GREASE-PACK/DP/B09R979YB1
GLAREWAYPAR	GLAREWAYPAR	amazon.ae	HTTPS://WWW.AMAZON.AE/GLAREWAYPAR-THERAPY-INFRARED-RELIEF-ANTI-AGING/DP/B0D4YW6536
GLBCC	GLBCC	amazon.ae	HTTPS://WWW.AMAZON.AE/GLBCC-BRACELETS-STACKABLE-PRESIDENTIAL-BRACELETS/DP/B0D91HY6X8
GLDCAPA	GLDCAPA	amazon.ae	HTTPS://WWW.AMAZON.AE/GLDCAPA-PROFESSIONAL-BATTERY-REPLACEMENT-CARRYING/DP/B0BD7P9K9K
GLEDLOVES	GLEDLOVES	amazon.ae	HTTPS://WWW.AMAZON.AE/GLEDLOVES-GLOVES-FINGER-5COLOR-OUTDOOR/DP/B08ZHMZXVS
GLEWAY	GLEWAY	amazon.ae	HTTPS://WWW.AMAZON.AE/GLEWAY-REPLACEMENT-COMPATIBLE-ELECTRIC-MULTIPRECISION/DP/B0BFFWNWZL
GLGHMH	GLGHMH	amazon.ae	HTTPS://WWW.AMAZON.AE/GLGHMH-RHINESTONE-SUNGLASSES-SPARKLING-FESTIVAL/DP/B0C98YJ1GY
GLGLMA	GLGLMA	amazon.ae	HTTPS://WWW.AMAZON.AE/GLGLMA-GENUINE-RONIN-VERTICAL-CAMERA/DP/B096ZRW1KM
GLOBOSENPUR	GLOBOSENPUR	amazon.ae	HTTPS://WWW.AMAZON.AE/GLOBOSENPUR-ELECTRIC-WIRELESS-DIRECTION-TECHNOLOGY/DP/B08YXBP69B
GLOCARNIVAL	GLOCARNIVAL	amazon.ae	HTTPS://WWW.AMAZON.AE/GLOCARNIVAL-CEILING-SHINING-DECORATION-PERFECT/DP/B086W7LWR6
GLOCITI	GLOCITI	amazon.ae	HTTPS://WWW.AMAZON.AE/GLOCITI-AOJOYS-ROCKET-SLINGSHOT-COPTERS/DP/B07V2DQDFX
GLOERA	GLOERA	amazon.ae	HTTPS://WWW.AMAZON.AE/GLOERA-SWIVEL-CAPACITY-LOCKABLE-INCLUDE/DP/B0832D2CS4
GLOERA	GLOERA	amazon.ae	HTTPS://WWW.AMAZON.AE/GLOERA-SWIVEL-CAPACITY-LOCKABLE-INCLUDE/DP/B0832C83LV
GLONRE	GLONRE	amazon.ae	HTTPS://WWW.AMAZON.AE/GLONRE-ELECBIRD-PROTECTOR-DESIGNED-PROTECTION/DP/B0817Z78WW
GLOROUSCHU	GLOROUSCHU	amazon.ae	HTTPS://WWW.AMAZON.AE/GLOROUSCHU-PROTECTION-UNIVERSAL-PROTECTIVE-EQUIPMENT/DP/B0818DJ98T
GLOWHERO	GLOWHERO	amazon.ae	HTTPS://WWW.AMAZON.AE/GLOWHERO-LED-SLAP-BRACELET-VISIBILITY/DP/B015D8S5RI
GLOWMATI	GLOWMATI	amazon.ae	HTTPS://WWW.AMAZON.AE/GLOWMATI-DIMMABLE-TRI-COLOR-TEMPERATURE-ADJUSTABLE/DP/B0B1HF9R2S
GLRACD	GLRACD	amazon.ae	HTTPS://WWW.AMAZON.AE/GLRACD-SPORTS-DISPLAY-TRIATHLON-PROFESSIONAL/DP/B01NBL475R
GLSAIRY	GLSAIRY	amazon.ae	HTTPS://WWW.AMAZON.AE/GLSAIRY-CORDIAL-LEAD-FREE-LIMONCELLO-APERITIF/DP/B08R2K2ZCD
GLUPOSTI	GLUPOSTI	amazon.ae	HTTPS://WWW.AMAZON.AE/GLUPOSTI-CUTTING-STAINLESS-MARKING-ANTI-SKID/DP/B07V1K32NH
GLVSAE	GLVSAE	amazon.ae	HTTPS://WWW.AMAZON.AE/GLVSAE-CLOCK-12-STEREOSCOPIC-ULTRA-QUIET/DP/B0C5VNC4D2
GMFINE	GMFINE	amazon.ae	HTTPS://WWW.AMAZON.AE/24-PIECE-SILVERWARE-GMFINE-STAINLESS-RECOMMENDED/DP/B09F9FFC4T
GMRZ	GMRZ	amazon.ae	HTTPS://WWW.AMAZON.AE/GMRZ-PORTABLE-TRAINING-DETECTION-PRACTICE/DP/B08R9XX82X
GMURA	GMURA	amazon.ae	HTTPS://WWW.AMAZON.AE/GMURA-GREASE-GUN-ACCESSORY-SET/DP/B0BFBW914B
GNKER	GNKER	amazon.ae	HTTPS://WWW.AMAZON.AE/GNKER-SOFT-FOAM-HANDLE-PROTECTOR/DP/B08CHCFH3D
GNKER	GNKER	amazon.ae	HTTPS://WWW.AMAZON.AE/GNKER-TRAVEL-SLEEPING-PADDED-BLINDFOLD/DP/B07RSRRHTJ
GNKER	GNKER	amazon.ae	HTTPS://WWW.AMAZON.AE/GNKER-SHOCKPROOF-ANTI-FALL-TRANSPARENT-PROTECTION/DP/B07RM161GW
GNKER	GNKER	amazon.ae	HTTPS://WWW.AMAZON.AE/GNKER-CLIPPERS-PROFESSIONAL-PODIATRIST-CORRECTOR/DP/B09P44NLT8
GO2GARDEN	GO2GARDEN	amazon.ae	HTTPS://WWW.AMAZON.AE/GO2GARDEN-LIGHTS-OUTDOOR-DECORATIVE-PATHWAY/DP/B08CHB5DQ7
GOBGOD	GOBGOD	amazon.ae	HTTPS://WWW.AMAZON.AE/GOBGOD-CONTROL-PRESSURE-ADJUSTABLE-WATERING/DP/B0748DMS7T
GOBGOD	GOBGOD	amazon.ae	HTTPS://WWW.AMAZON.AE/GOBGOD-CAR-MOUNT-FLUSH-EXTENSION/DP/B0BTNTMNC6
GOCOKI	GOCOKI	amazon.ae	HTTPS://WWW.AMAZON.AE/GOCOKI-ATTACHMENTS-KITCHENAID-ATTACHMENT-ACCESSORIES/DP/B09FZ8Z4XG
GODAPPE	GODAPPE	amazon.ae	HTTPS://WWW.AMAZON.AE/GODAPPE-ENAMELED-COOKWARE-STOVETOP-INDUCTION/DP/B0BR7QB5HP
GODEUFE	GODEUFE	amazon.ae	HTTPS://WWW.AMAZON.AE/GODEUFE-CHRISTMAS-GNOMES-BROWN-FIGURINE/DP/B0983HV31S
GODICHEF	GODICHEF	amazon.ae	HTTPS://WWW.AMAZON.AE/GODICHEF/S?K=GODICHEF
GODYLUCK	GODYLUCK	amazon.ae	HTTPS://WWW.AMAZON.AE/GODYLUCK-COLORFUL-MONITORING-WATERPROOF-SMARTWATCH/DP/B07X5XSSXK
GOESMO	GOESMO	amazon.ae	HTTPS://WWW.AMAZON.AE/GOESMO-AUTOMATIC-TOUCHLESS-CONTROLLING-TEMPERATURE/DP/B09WVDRG26
GOGMOOI	GOGMOOI	amazon.ae	HTTPS://WWW.AMAZON.AE/GOGMOOI-GRINDER-STAINLESS-ACCESSORIES-ATTACHMENT/DP/B08QZBXRTV
GOGOGOODIE	GOGOGOODIE	amazon.ae	HTTPS://WWW.AMAZON.AE/GOGOGOODIE-SUPERHERO-BIRTHDAY-PARTY-DECORATIONS/DP/B07VHY2PN9
GOGREEBELL	GOGREEBELL	amazon.ae	HTTPS://WWW.AMAZON.AE/GOGREEBELL-NATURAL-MOUNTED-ENTRYWAY-ACACIA/DP/B0C16JH8RY
GOHOMAN	GOHOMAN	amazon.ae	HTTPS://WWW.AMAZON.AE/GOHOMAN-RECHARGEABLE-FLASHLIGHTS-FLASHLIGHT-ZOOMABLE/DP/B0BG2VFJVT
GOKUNTO	GOKUNTO	amazon.ae	HTTPS://WWW.AMAZON.AE/GOKUNTO-COSPLAY-BUILDING-GLOWING-SCABBARD/DP/B0BJV9QLWR
GOLBSART	GOLBSART	amazon.ae	HTTPS://WWW.AMAZON.AE/GOLBSART-COLLAPSIBLE-STORAGE-CONTAINERS-ORGANIZING/DP/B09WCQXQHZ
GOLETICS	GOLETICS	amazon.ae	HTTPS://WWW.AMAZON.AE/GOLETICS-DUMBBELL-BLACK-HEX-SINGLES/DP/B08QCHFMV6
GOLFIUS	GOLFIUS	amazon.ae	HTTPS://WWW.AMAZON.AE/GOLFIUS-INSULATED-BOTTLES-NECESSITIES-GOLFING/DP/B09G12CGMD
GOLONDY	GOLONDY	amazon.ae	HTTPS://WWW.AMAZON.AE/GOLONDY-BUBBLE-WASHABLE-SILICONE-SENSORY/DP/B097YXP9DN
GOMMLE	GOMMLE	amazon.ae	HTTPS://WWW.AMAZON.AE/GOMMLE-AFRICAN-ADAPTER-CONVERT-GROUNDED/DP/B07YYGX3CZ
GOMMLE	GOMMLE	amazon.ae	HTTPS://WWW.AMAZON.AE/GOMMLE-ADAPTER-SHUTTER-SUITABLE-PAKISTAN/DP/B086BFWX2L
GOMMLE	GOMMLE	amazon.ae	HTTPS://WWW.AMAZON.AE/GOMMLE-ADAPTOR-GROUNDING-SHUTTER-SUITABLE/DP/B086BVMPCT
GOMMLE	GOMMLE	amazon.ae	HTTPS://WWW.AMAZON.AE/GOMMLE-APPROVED-ADAPTOR-INSULATED-AUSTRALIAN/DP/B08B531D73
GOMMLE	GOMMLE	amazon.ae	HTTPS://WWW.AMAZON.AE/GOMMLE-FOLDABLE-CAMISOLE-HANGERS-ORGANIZER/DP/B07W6X37YX
GOOBEANS	GOOBEANS	amazon.ae	HTTPS://WWW.AMAZON.AE/GOOBEANS-FARMHOUSE-HORIZONTALLY-VERTICALLY-RECLAIMED/DP/B08168LN5D
GOODNAILER	GOODNAILER	amazon.ae	HTTPS://WWW.AMAZON.AE/GOODNAILER-CN55-PALLET-NAILER-WEIGHT/DP/B0B1PQF47M
GOOHOSI	GOOHOSI	amazon.ae	HTTPS://WWW.AMAZON.AE/GOOHOSI-WALLPAPER-ADHESIVE-COVERAGE-DECORATIVE/DP/B0CRKCM3RH
GOOLEEN	GOOLEEN	amazon.ae	HTTPS://WWW.AMAZON.AE/CLIPPERS-PROFESSIONAL-WATERPROOF-RECHARGEABLE-HAIRDRESSING/DP/B07RZFSCQQ
GOOOVI	GOOOVI	amazon.ae	HTTPS://WWW.AMAZON.AE/GOOOVI-SELF-CHARGING-PROTECTIO-MULTIPLE-ZJ-UK-VC-D380/DP/B09BNPTFGF
GOOSWEXMZL	GOOSWEXMZL	amazon.ae	HTTPS://WWW.AMAZON.AE/GOOSWEXMZL-AMERICAN-PLEATED-PATRIOTIC-DECORATIONS/DP/B09S8XT64X
GOPLEMO	GOPLEMO	amazon.ae	HTTPS://WWW.AMAZON.AE/GOPLEMO-COMMUNICATION-RECORDABLE-RECORDING-MULTICOLOR/DP/B09QKL44WN
GORELOX	GORELOX	amazon.ae	HTTPS://WWW.AMAZON.AE/GORELOX-WEATHER-THERMAL-WINDPROOF-RESISTANT/DP/B08GWVYPJV
GORLENKE	GORLENKE	amazon.ae	HTTPS://WWW.AMAZON.AE/GORLENKE-80X-TONER-CARTRIDGE-CF280X/DP/B0CNQZCHXP
GOSICUKA	GOSICUKA	amazon.ae	HTTPS://WWW.AMAZON.AE/GOSICUKA-BLACK-ELASTIC-THICK-CURLY/DP/B0765YQV4B
GOSIRA	GOSIRA	amazon.ae	HTTPS://WWW.AMAZON.AE/ACTIVATED-CAMERAS-INFRARED-TRIGGER-SEPARATELY/DP/B074Z63DNP
GOSTCAI	GOSTCAI	amazon.ae	HTTPS://WWW.AMAZON.AE/GOSTCAI-BROAD-COM-BCM943228HMB-DUAL-BAND-BLUETOOTH4-0/DP/B08P5SYC24
GOTIDA	GOTIDA	amazon.ae	HTTPS://WWW.AMAZON.AE/GOTIDA-CREATIVE-CUTE-HANDBAG-SHAPED/DP/B0BYJ2S1N3
GOTRANQUILITY	GOTRANQUILITY	amazon.ae	HTTPS://WWW.AMAZON.AE/GOTRANQUILITY-SLIPPERY-SURFACES-NON-SLIP-STICKERS/DP/B07NGJ3KZ4
GOUBIANCEN	GOUBIANCEN	amazon.ae	HTTPS://WWW.AMAZON.AE/GOUBIANCEN-MULTIFUNCTIONAL-ELECTRIC-DIFFERENT-POWDER-GRINDER/DP/B0B5WJRR91
GOURBETTE	GOURBETTE	amazon.ae	HTTPS://WWW.AMAZON.AE/GOURBETTE-JIGSAW-PUZZLE-STORAGE-ORGANIZER/DP/B0915RDTXR
GOUWAN	GOUWAN	amazon.ae	HTTPS://WWW.AMAZON.AE/GOUWAN-STAINLESS-DOUBLE-ELEVATED-DETACHABLE/DP/B0B5Q6TKM7
GOWETO	GOWETO	amazon.ae	HTTPS://WWW.AMAZON.AE/GOWETO-COMPRESSED-AIR-DUSTER-MULTI-USE/DP/B0CGXF1CG9
GOWIZDREAM	GOWIZDREAM	amazon.ae	HTTPS://WWW.AMAZON.AE/GOWIZDREAM-PERFORMANCE-THERMAL-COOLING-PROCESSORS/DP/B09PTK171W
GOWORTH	GOWORTH	amazon.ae	HTTPS://WWW.AMAZON.AE/GOWORTH-DISPOSABLE-BRUSHES-LIPSTICK-APPLICATOR/DP/B01NAV6TFT
GOXIS	GOXIS	amazon.ae	HTTPS://WWW.AMAZON.AE/GOXIS-ANTENNA-2024-OUTDOOR-CHANNELS-AMPLIFIER/DP/B0DMR59JN6
GOZFLVT	GOZFLVT	amazon.ae	HTTPS://WWW.AMAZON.AE/GOZFLVT-PORTABLE-CONDITIONER-ADJUSTABLE-SUITABLE/DP/B0BBH519TM
GP76331	GP76331	amazon.ae	HTTPS://WWW.AMAZON.AE/GALAX-PRO-CIRCULAR-ADJUSTABLE-CUTTING-GP76331/DP/B08BJ2ZT1M
GPK4ALL	GPK4ALL	amazon.ae	HTTPS://WWW.AMAZON.AE/GPK4ALL-5OZ-GLASS-METAL-SPICES/DP/B0D1C7QW9D
GRACECODE	GRACECODE	amazon.ae	HTTPS://WWW.AMAZON.AE/GRACECODE-HYPOALLERGENIC-EARRING-PAINTED-RAINBOW/DP/B07NF9H5JH
GRACEMIND	GRACEMIND	amazon.ae	HTTPS://WWW.AMAZON.AE/GRACEMIND-BLUETOOTH-WIRELESS-KEYBOARD-MICROSOFT/DP/B08N6FQLMV
GRAMRIGHT	GRAMRIGHT	amazon.ae	HTTPS://WWW.AMAZON.AE/GRAMRIGHT-ACNE-PATCHES-HYDROCOLLOID-HYALURONIC/DP/B09PL99Z9M
GRANDCOW	GRANDCOW	amazon.ae	HTTPS://WWW.AMAZON.AE/GRANDCOW-TENNIS-RACQUET-PADDLEBALL-RACQUETS/DP/B07RRWGYWM
GRANDFAST	GRANDFAST	amazon.ae	HTTPS://WWW.AMAZON.AE/GRANDFAST-PORTABLE-STROLLER-RECHARGEABLE-TREADMILL/DP/B09W5QVD6R
GRANDISK	GRANDISK	amazon.ae	HTTPS://WWW.AMAZON.AE/GRANDISK-DURABLE-THICKER-PLASTIC-INDOORS/DP/B08S3M1TKQ
GRARAIN	GRARAIN	amazon.ae	HTTPS://WWW.AMAZON.AE/GRARAIN-SHARK-ANIMALS-TRUCKS-ANIMAL/DP/B0B8VG9K8K
GREATFORU	GREATFORU	amazon.ae	HTTPS://WWW.AMAZON.AE/GREATFORU-Z-SHAPED-STAINLESS-WATERPROOF-US-CC130/DP/B07FX92GC4
GREATMAG	GREATMAG	amazon.ae	HTTPS://WWW.AMAZON.AE/GREATMAG-MAGNETS-COUNTERSUNK-INDUSTRIAL-STRENGTH/DP/B07R8C4N43
GREATRUE	GREATRUE	amazon.ae	HTTPS://WWW.AMAZON.AE/GREATRUE-550G-ELECTRIC-304-STAINLESS/DP/B0CCD7Q4X4
GREDNFHAT	GREDNFHAT	amazon.ae	HTTPS://WWW.AMAZON.AE/GREDNFHAT-BOWLING-PROTECTIVE-ACCESSORIES-EXERCISE/DP/B09XMSMSLL
GREDSTAR	GREDSTAR	amazon.ae	HTTPS://WWW.AMAZON.AE/GREDSTAR-NECKLACE-MEMORIAL-KEEPSAKE-CREMATION/DP/B08P5M6B3Z
GREEN2PRINT	GREEN2PRINT	amazon.ae	HTTPS://WWW.AMAZON.AE/GREEN2PRINT-REPLACES-SUITABLE-CX725DHE-CX725DTHE/DP/B08NSW4PDH
GREENHOUZZ	GREENHOUZZ	amazon.ae	HTTPS://WWW.AMAZON.AE/GREENHOUZZ-ARTIFICIAL-CENTERPIECES-ARRANGEMENT-DECORATION/DP/B09P2SGL9B
GREESUNY	GREESUNY	amazon.ae	HTTPS://WWW.AMAZON.AE/GREESUNY-COTROLLER-CONNECTION-ENGRAVING-1810-PRO/DP/B091MVY72F
GREFAYDIN	GREFAYDIN	amazon.ae	HTTPS://WWW.AMAZON.AE/GREFAYDIN-UNIVERSAL-SUBWOOFER-MICROPHONE-DEFINITION/DP/B083FSN52Q
GREFAYDIN	GREFAYDIN	amazon.ae	HTTPS://WWW.AMAZON.AE/GREFAYDIN-BLUETOOTH-HEADPHONE-DEFINITION-ISOLATING/DP/B083FTQQ6Y
GREFAYDIN	GREFAYDIN	amazon.ae	HTTPS://WWW.AMAZON.AE/GREFAYDIN-STACKING-BALANCING-DEVELOPMENT-CHRISTMAS/DP/B081YT7SML
GREFAYDIN	GREFAYDIN	amazon.ae	HTTPS://WWW.AMAZON.AE/GREFAYDIN-SIMULATION-APALOOSAN-STALLION-EDUCATIONAL/DP/B07Y69QDZQ
GREFAYDIN	GREFAYDIN	amazon.ae	HTTPS://WWW.AMAZON.AE/GREFAYDIN-WEIGHING-ELECTRONIC-PORTABLE-DIGITAL/DP/B07VNWPL89
GRESAHOM	GRESAHOM	amazon.ae	HTTPS://WWW.AMAZON.AE/GRESAHOM-MAGNETIC-HOOKS-STRONG-NEODYMIUM/DP/B07MH43B7Y
GRETMIX	GRETMIX	amazon.ae	HTTPS://WWW.AMAZON.AE/GRETMIX-DUAL-LAYER-PROTECTIVE-AUSTRALIAN-SHEPHERD/DP/B0F4R8DGPL
GRETTYTLING	GRETTYTLING	amazon.ae	HTTPS://WWW.AMAZON.AE/GRETTYTLING-LACE-MANTILLA-CATHOLIC-BLACK/DP/B0C6WYGXHY
GREZEA	GREZEA	amazon.ae	HTTPS://WWW.AMAZON.AE/GREZEA-INTELLIGENT-MULTIFUNCTIONAL-RECHARGEABLE-ELIMINATOR/DP/B088QVFYQH
GREZEA	GREZEA	amazon.ae	HTTPS://WWW.AMAZON.AE/GREZEA-AROMATHERAPY-FRAGRANCE-MULTIFUNCTIONAL-SMOKELESS/DP/B08HLXD66N
GRILAZ	GRILAZ	amazon.ae	HTTPS://WWW.AMAZON.AE/GRILAZ-HEAVY-DUTY-STAINLESS-MULTI-FUNCTION-ACCESSORIES/DP/B098JRBQB6
GRIPLUS	GRIPLUS	amazon.ae	HTTPS://WWW.AMAZON.AE/GRIPLUS-SCRAPERS-REPLACEMENT-COMMERCIAL-RESTAURANTS/DP/B0BG22687H
GRITRIVAL	GRITRIVAL	amazon.ae	HTTPS://WWW.AMAZON.AE/GRITRIVAL-WATERPROOF-ELECTRIC-BICYCLES-MOTORCYCLES/DP/B09M74WTMS
GROJIMTS	GROJIMTS	amazon.ae	HTTPS://WWW.AMAZON.AE/GROJIMTS-COSPLAY-COSTUME-JAPANESE-HALLOWEEN/DP/B0CLGGFKSF
GROLIGH	GROLIGH	amazon.ae	HTTPS://WWW.AMAZON.AE/GROLIGH-SHOWERHEAD-REPLACEABLE-CARTRIDGES-REMOVING/DP/B0BCFNWMWY
GROPINFLY	GROPINFLY	amazon.ae	HTTPS://WWW.AMAZON.AE/GROPINFLY-LEVITATING-GALAXY-CONTROL-BIRTHDAY/DP/B09HBCXZQM
GRUOLIN	GRUOLIN	amazon.ae	HTTPS://WWW.AMAZON.AE/GRUOLIN-ACTIVATED-CONTROL-PATTERNS-LIGHTING/DP/B09LVGQ2GY
GSRUAN	GSRUAN	amazon.ae	HTTPS://WWW.AMAZON.AE/GSRUAN-SUITABLE-CLASSROOMS-MEDICAL-BUSINESS/DP/B093KN3916
GTAKH	GTAKH	amazon.ae	HTTPS://WWW.AMAZON.AE/GTAKH-GEL-BALL-BLASTER-ELECTRONIC/DP/B0B3XJTVW6
GTINNA	GTINNA	amazon.ae	HTTPS://WWW.AMAZON.AE/GTINNA-SILICONE-RECHARGEABLE-HEADPHONE-PROTECTIVE/DP/B07SFK1X1G
GUANYANYI	GUANYANYI	amazon.ae	HTTPS://WWW.AMAZON.AE/GUANYANYI-UNIVERSAL-CONTROL-SAMSUNG-PANASONIC/DP/B0CQWM71J9
GUANZO	GUANZO	amazon.ae	HTTPS://WWW.AMAZON.AE/GUANZO-SCRUBBER-MASSAGER-CIRCULATION-EXFOLIATION/DP/B07V1RKD58
GUBCUB	GUBCUB	amazon.ae	HTTPS://WWW.AMAZON.AE/GUBCUB-STOPPER-AUTOMOTIVE-90541-06036-46505-SA5-000/DP/B0B4WBC7SG
GUDUI	GUDUI	amazon.ae	HTTPS://WWW.AMAZON.AE/GUDUI-MAGNETIC-STOPPERS-STAINLESS-PROTECTOR/DP/B0BV6B928X
GUHEAKE	GUHEAKE	amazon.ae	HTTPS://WWW.AMAZON.AE/GUHEAKE-PLANTS-ARTIFICIAL-MONSTERA-PLANTER/DP/B0C1RVFM4H
GUIOIBY	GUIOIBY	amazon.ae	HTTPS://WWW.AMAZON.AE/REUSABLE-GUIOIBY-HUMIDITY-GREENHOUSE-PROPAGATOR/DP/B09PQFK1WH
GUIZREN	GUIZREN	amazon.ae	HTTPS://WWW.AMAZON.AE/GUIZREN-RECHARGEABLE-WIRELESS-ERGONOMIC-MULTIMEDIA/DP/B08S45241Z
GUKANUYI	GUKANUYI	amazon.ae	HTTPS://WWW.AMAZON.AE/GUKANUYI-MACHINE-BLUETOOTH-EQUIPMENT-ENTHUSIASTS/DP/B0CSJ3LK4H
GUNAP	GUNAP	amazon.ae	HTTPS://WWW.AMAZON.AE/GUNAP-PILLOWCASES-COOLING-ENVELOPE-STANDARD/DP/B07RR8JTV9
GUODUNEY	GUODUNEY	amazon.ae	HTTPS://WWW.AMAZON.AE/GUODUNEY-6-LIGHT-FARMHOUSE-CHANDELIER-COASTAL/DP/B0B3RGXH44
GUOKLLER	GUOKLLER	amazon.ae	HTTPS://WWW.AMAZON.AE/GUOKLLER-FLEXIBLE-BASEBOARD-TRIM-PEEL-STICK-TRIM-MOLDING-RUBBER-VINYL-WALL-BASE-SELF-ADHESIVE/DP/B0BKGLT17M
GUOZHIXIN	GUOZHIXIN	amazon.ae	HTTPS://WWW.AMAZON.AE/GUOZHIXIN-UNICORN-MULTIPLE-REMOVABLE-STICKERS/DP/B07RMCRS5Z
GUPE	GUPE	amazon.ae	HTTPS://WWW.AMAZON.AE/GUPE-ELECTRICAL-STAINLESS-UNIVERSAL-WATERPROOF/DP/B0BYP2GDPG
GUPE	GUPE	amazon.ae	HTTPS://WWW.AMAZON.AE/GUPE-EXPANDER-SPREADER-PORTABLE-STRETCHER/DP/B0BY2CJCM4
GURITHE	GURITHE	amazon.ae	HTTPS://WWW.AMAZON.AE/GURITHE-AUTOMATIC-DISPENSER-RECHARGEABLE-TOUCHLESS/DP/B0C33GD1D9
GUSSTZEL	GUSSTZEL	amazon.ae	HTTPS://WWW.AMAZON.AE/GUSSTZEL-PROFESSIONAL-BALANCER-LEVELER-MEDIUM/DP/B0C85RVD75
GUSUCIN	GUSUCIN	amazon.ae	HTTPS://WWW.AMAZON.AE/GUSUCIN-SPIROGRAPHIC-DISTRIBUTION-PORTAFILTER-ACCESSORIES/DP/B0CR9VW4TY
GUTEDEAL	GUTEDEAL	amazon.ae	HTTPS://WWW.AMAZON.AE/GUTEDEAL-EXTENSION-3-OUTLET-PROTECTOR-SMARTPHONE/DP/B07G3Q1ZM7
GUTEDEAL	GUTEDEAL	amazon.ae	HTTPS://WWW.AMAZON.AE/GUTEDEAL-EXTENSION-PROTECTOR-WORKBENCH-NIGHTSTAND/DP/B07H24FW81
GUTUPET	GUTUPET	amazon.ae	HTTPS://WWW.AMAZON.AE/GUTUPET-MOTORCYCLE-WATERPROOF-PROTECTION-MOTORCYCLES/DP/B0BX3S45RB
GWFVA	GWFVA	amazon.ae	HTTPS://WWW.AMAZON.AE/GWFVA-MASSAGER-CHARGING-U-SHAPED-ELECTRIC/DP/B08H5K31G9
GWNNSH	GWNNSH	amazon.ae	HTTPS://WWW.AMAZON.AE/GWNNSH-TRIPOD-CAMERA-COMPACT-MONOPOD/DP/B07DS13FKR
GWOLFFY	GWOLFFY	amazon.ae	HTTPS://WWW.AMAZON.AE/GWOLFFY-UPGRADED-ULTRASONIC-DETERRENTS-SILENCER/DP/B08XZHX1X6
GWYDRE	GWYDRE	amazon.ae	HTTPS://WWW.AMAZON.AE/GWYDRE-MATTRESS-VENTILATED-REMOVABLE-190X90X20/DP/B0DM84G4ND
GWYDRE	GWYDRE	amazon.ae	HTTPS://WWW.AMAZON.AE/GWYDRE-MATTRESS-VENTILATED-REMOVABLE-200X180X20/DP/B0DM8L95JM
GXLO	GXLO	amazon.ae	HTTPS://WWW.AMAZON.AE/GXLO-TRAMPOLINE-SAFETY-PADDING-BOUNCE/DP/B091YHKVPX
GXONE	GXONE	amazon.ae	HTTPS://WWW.AMAZON.AE/GXONE-BIRTHDAYS-FESTIVALS-CHRISTMAS-DECORATIONS/DP/B07JJD8M27
GYANDULY	GYANDULY	amazon.ae	HTTPS://WWW.AMAZON.AE/GYANDULY-MAGNIFYING-HANDHELD-READING-MAGNIFIER/DP/B07R4H9PVL
GYDOTY	GYDOTY	amazon.ae	HTTPS://WWW.AMAZON.AE/GYDOTY-HORSE-FEED-BAG-BUCKET/DP/B0B97BK9WL
GYEICE	GYEICE	amazon.ae	HTTPS://WWW.AMAZON.AE/GYEICE-SNEAKERS-WATERPROOF-NON-SLIP-OUTDOOR/DP/B09DPN6VL6
GYFHMY	GYFHMY	amazon.ae	HTTPS://WWW.AMAZON.AE/GYFHMY-ADJUSTABLE-SELF-SUCTION-STANDS-BARS/DP/B083RDLWTJ
GYFHMY	GYFHMY	amazon.ae	HTTPS://WWW.AMAZON.AE/GYFHMY-GOLF-AUTOMATIC-PUTTING-CUP/DP/B0836CCDRZ
GYFHMY	GYFHMY	amazon.ae	HTTPS://WWW.AMAZON.AE/GYFHMY-DYNAMIC-MULTI-SENSORY-INTERACTIVE-CHILDRENS/DP/B08CT2DM5G
GYFHMY	GYFHMY	amazon.ae	HTTPS://WWW.AMAZON.AE/GYFHMY-BOARD-ADJUSTABLE-POSITION-WEIGHT/DP/B085BLZW73
GYRUT	GYRUT	amazon.ae	HTTPS://WWW.AMAZON.AE/GYRUT-FL-CRYSTAL-WHISKEY-GLASSES/DP/B09CD6CNJV
GYSAN	GYSAN	amazon.ae	HTTPS://WWW.AMAZON.AE/GYSAN-WATERPROOF-TRAVEL-BACKPACKS-BOOKBAGS/DP/B01M9EJQPM
GYSAN	GYSAN	amazon.ae	HTTPS://WWW.AMAZON.AE/GYSAN-LIGHTWEIGHT-RESISTANT-BACKPACK-RUCKSACK/DP/B071J8HPS2
GYYGRY	GYYGRY	amazon.ae	HTTPS://WWW.AMAZON.AE/GYYGRY-REPAIR-PLUMBING-SUITABLE-STAINLESS/DP/B0CZ3XDVJY
GZDIELINGE	GZDIELINGE	amazon.ae	HTTPS://WWW.AMAZON.AE/GZDIELINGE-11428637820-11428637821-11427525335-11427537293/DP/B0BJB16W98
GZESZT	GZESZT	amazon.ae	HTTPS://WWW.AMAZON.AE/GZESZT-WARCRAFT-MOUSEPAD-NON-SLIP-35-4X15-7/DP/B08YKC54B9
GZESZT	GZESZT	amazon.ae	HTTPS://WWW.AMAZON.AE/GZESZT-TODOROKI-MOUSEPAD-NON-SLIP-31-5X11-8/DP/B08HH31VF7
GZFTMKOBNS	GZFTMKOBNS	amazon.ae	HTTPS://WWW.AMAZON.AE/GZFTMKOBNS-12-PACK-HANGERS-ORGANIZER-EQUIPMENT/DP/B08NWDJ7HM
GZOROUZR	GZOROUZR	amazon.ae	HTTPS://WWW.AMAZON.AE/GZOROUZR-CLOSURE-BURGUNDY-GLUELESS-BRAZILIAN/DP/B0BZZRVYM7
GZVXUNY	GZVXUNY	amazon.ae	HTTPS://WWW.AMAZON.AE/GZVXUNY-ESSENTIAL-AROMATHERAPY-HUMIDIFIER-WATERLESS/DP/B0BG4X7B2L
HAAPLL	HAAPLL	amazon.ae	HTTPS://WWW.AMAZON.AE/HAAPLL-COMPRESSION-PACKING-CUBES-TRAVEL/DP/B09P18RX59
HAAPLL	HAAPLL	amazon.ae	HTTPS://WWW.AMAZON.AE/HAAPLL-COMPRESSION-PACKING-LUGGAGE-ORGANISER/DP/B09P1BN17L
HABAGOU	HABAGOU	amazon.ae	HTTPS://WWW.AMAZON.AE/HABAGOU-UNDERWEAR-ELASTICITY-COSTUMES-LINGERIE/DP/B08C9WMHSC
HABAGOU	HABAGOU	amazon.ae	HTTPS://WWW.AMAZON.AE/HABAGOU-LINGERIE-UNIFORM-COSTUMES-UNDERWEAR/DP/B087V2JLCF
HABOM	HABOM	amazon.ae	HTTPS://WWW.AMAZON.AE/HABOM-MASON-SCONCE-RUSTIC-LIGHTS/DP/B07ZJ4ZC6G
HADIHADI	HADIHADI	amazon.ae	HTTPS://WWW.AMAZON.AE/HADIHADI-FLEECE-BLANKET-SEASON-LIGHTWEIGHT/DP/B085L4M46F
HADOIFE	HADOIFE	amazon.ae	HTTPS://WWW.AMAZON.AE/HADOIFE/S?K=HADOIFE
HAELPU	HAELPU	amazon.ae	HTTPS://WWW.AMAZON.AE/DIGITAL-RECORDER-ACTIVATED-VARIABLE-PLAYBACK/DP/B07TCL8N4W
HAFTIGTS	HAFTIGTS	amazon.ae	HTTPS://WWW.AMAZON.AE/HAFTIGTS-WATERPROOF-BACKPACK-ELECTRONIC-ANTI-TRACKING/DP/B0BLNN9WBS
HAHAMIYA	HAHAMIYA	amazon.ae	HTTPS://WWW.AMAZON.AE/HAHAMIYA-STAINLESS-MULTIFUNCTIONAL-ORGANIZER-TROUSERS/DP/B0CFTQVBKF
HAHAYOO	HAHAYOO	amazon.ae	HTTPS://WWW.AMAZON.AE/HAHAYOO-COMFORTER-CONTAINERS-ORGANIZERS-ORGANIZING/DP/B0C1SSR4MC
HAHAYOO	HAHAYOO	amazon.ae	HTTPS://WWW.AMAZON.AE/HAHAYOO-SPREADER-SPREADERS-STAINLESS-SERRATED/DP/B08DCJ69XX
HAIAOYYDS	HAIAOYYDS	amazon.ae	HTTPS://WWW.AMAZON.AE/HAIAOYYDS-POWER-SOCKET-DESKTOP-OFFICE/DP/B0BNPL3JMV
HAIGANG	HAIGANG	amazon.ae	HTTPS://WWW.AMAZON.AE/HAIGANG-WATERPROOF-ADJUSTABLE-THICKENED-MOTORCYCLE/DP/B0B1CW96JF
HAIGANG	HAIGANG	amazon.ae	HTTPS://WWW.AMAZON.AE/HAIGANG-WATERPROOF-OUTDOORS-MOTORCYCLE-ADJUSTABLE/DP/B0BJPQ5SW7
HAIGOUER	HAIGOUER	amazon.ae	HTTPS://WWW.AMAZON.AE/HAIGOUER-DECORATIVE-TRAY-RUST-PROOF-GLASS/DP/B09WD5ND6N
HAILETAO	HAILETAO	amazon.ae	HTTPS://WWW.AMAZON.AE/HAILETAO-EDUCATION-LEARNING-EDUCATIONAL-DINOSAUR/DP/B0B7HFCL8D
HAIMAILIFE	HAIMAILIFE	amazon.ae	HTTPS://WWW.AMAZON.AE/HAIMAILIFE-TALLOW-HONEY-MOISTURIZER-SKINCARE/DP/B0DXVCKY43
HAIPUSEN	HAIPUSEN	amazon.ae	HTTPS://WWW.AMAZON.AE/HAIPUSEN-SALT-PEPPER-MILL-CERAMIC/DP/B08SQ7MXTJ
HAISUKA	HAISUKA	amazon.ae	HTTPS://WWW.AMAZON.AE/HAISUKA-KITCHEN-FATIGUE-CUSHIONED-NON-SLIP/DP/B09MCMX72Y
HAITENGWEN	HAITENGWEN	amazon.ae	HTTPS://WWW.AMAZON.AE/HAITENGWEN-RECHARGEABLE-ADJUSTABLE-CARABINER-FLASHLIGHT/DP/B09P8N8ZRH
HALIFIN	HALIFIN	amazon.ae	HTTPS://WWW.AMAZON.AE/HALIFIN-LEAKPROOF-TOILETRY-TRAVELING-TRANSPARENT/DP/B0C7KK4XQL
HALLOCITY	HALLOCITY	amazon.ae	HTTPS://WWW.AMAZON.AE/HALLOCITY-HALLOWEEN-LIGHTING-MASQUERADES-CARNIVAL/DP/B0BH3Q8S5D
HALOFMEE	HALOFMEE	amazon.ae	HTTPS://WWW.AMAZON.AE/HALOFMEE-MICROFIBER-EXTENSION-PROTECTIVE-CLEANING/DP/B07VDS2RPG
HALOTEAM	HALOTEAM	amazon.ae	HTTPS://WWW.AMAZON.AE/HALOTEAM-ATHLETIC-PROFESSIONAL-FOOTBALL-TRAINING/DP/B0C1NPJGJV
HAMAOKA	HAMAOKA	amazon.ae	HTTPS://WWW.AMAZON.AE/HAMAOKA-ADJUSTABLE-EXECUTIVE-COMPUTER-ERGONOMIC/DP/B09YTDCW5L
HAMINARI	HAMINARI	amazon.ae	HTTPS://WWW.AMAZON.AE/HAMINARI-NECKLACE-ADJUSTABLE-SPIRITUAL-LUXURIOUS/DP/B09Z24FFLG
HAMKAW	HAMKAW	amazon.ae	HTTPS://WWW.AMAZON.AE/HAMKAW-CAPACITY-POCKET-SPORTS-COMPARTMENT/DP/B07V9D6M41
HAMKAW	HAMKAW	amazon.ae	HTTPS://WWW.AMAZON.AE/HAMKAW-PLASTIC-ANTI-CAT-REPELLENT-NON-TOXIC/DP/B07VGSY9X6
HAMKAW	HAMKAW	amazon.ae	HTTPS://WWW.AMAZON.AE/HAMKAW-UMBRELLA-WINDPROOF-LIGHTWEIGHT-UMBRELLAS/DP/B07S6SFM39
HAMKAW	HAMKAW	amazon.ae	HTTPS://WWW.AMAZON.AE/HAMKAW-ADHESIVE-BEARING-PUNCH-FREE-FIXATOR/DP/B07VRN9NQJ
HAMKAW	HAMKAW	amazon.ae	HTTPS://WWW.AMAZON.AE/HAMKAW-FOLDABLE-HEMORRHOIDS-POSTOPERATIVE-PERINEAL/DP/B07XQF43SW
HAMKAW	HAMKAW	amazon.ae	HTTPS://WWW.AMAZON.AE/HAMKAW-STAINLESS-STEEL-SPIKES-STRIPS/DP/B07RD6CTYW
HAMKAW	HAMKAW	amazon.ae	HTTPS://WWW.AMAZON.AE/HAMKAW-PADDING-REPLACEMENT-UNIVERSAL-MOTORCYCLE/DP/B07W59TXS7
HAMKOT	HAMKOT	amazon.ae	HTTPS://WWW.AMAZON.AE/HAMKOT-CONVERTER-COMPATIBLE-PROJECTOR-CONNECTOR/DP/B07P7KD69N
HAMOWTUX	HAMOWTUX	amazon.ae	HTTPS://WWW.AMAZON.AE/HAMOWTUX-GROMMETS-OUTDOOR-DEMOCRATS-MOVEMENT/DP/B08B14NYLK
HAMSOO	HAMSOO	amazon.ae	HTTPS://WWW.AMAZON.AE/HAMSOO-CREATURES-CARNIVAL-CLASSROOM-KEYCHAINS/DP/B08MSWXMLW
HANBULUO	HANBULUO	amazon.ae	HTTPS://WWW.AMAZON.AE/HANBULUO-HANDHELD-STAINLESS-BATHROOM-ACCESSORIES/DP/B0BVZ5VJNT
HANBULUO	HANBULUO	amazon.ae	HTTPS://WWW.AMAZON.AE/HANBULUO-SPRAYER-STAINLESS-ATTACHMENT-PERSONAL/DP/B0BVZ3R7PB
HANLONGYU	HANLONGYU	amazon.ae	HTTPS://WWW.AMAZON.AE/HANLONGYU-ARTIFICIAL-CENTERPIECE-ARRANGEMENT-DECORATION/DP/B09WX4SQYH
HANMEIMEI	HANMEIMEI	amazon.ae	HTTPS://WWW.AMAZON.AE/HANMEIMEI-NEOPRENE-SLIMMING-INCREASE-TEMPERATURE/DP/B078ZSSKXM
HANSTORM	HANSTORM	amazon.ae	HTTPS://WWW.AMAZON.AE/HANSTORM-ADJUSTABLE-FOLDABLE-ABDOMINAL-EQUIPMENT/DP/B08Z7C3DKZ
HANSYELECT	HANSYELECT	amazon.ae	HTTPS://WWW.AMAZON.AE/HANSYELECT-CREATIVE-INVERTED-PORCELAIN-CAPPUCCINO/DP/B0B1JN9BTB
HAODAY	HAODAY	amazon.ae	HTTPS://WWW.AMAZON.AE/HAODAY-ADJUSTABLE-INTERMITTENT-CONTINUOUS-200ML-WHITE/DP/B0BJ5WGFK7
HAODEX	HAODEX	amazon.ae	HTTPS://WWW.AMAZON.AE/HAODEX-PIECES-SINK-STRAINER-STAINLESS/DP/B071VCTLJB
HAOIOPM	HAOIOPM	amazon.ae	HTTPS://WWW.AMAZON.AE/HAOIOPM-CHRISTMAS-ORNAMENTS-DECORATIONS-DECORATION/DP/B0FKYPQJJL
HAOOAH	HAOOAH	amazon.ae	HTTPS://WWW.AMAZON.AE/HAOOAH-PNEUMATIC-ADJUSTABLE-SIT-STAND-CLASSROOM/DP/B08VMTL7QB
HAOOTADIY	HAOOTADIY	amazon.ae	HTTPS://WWW.AMAZON.AE/HAOOTADIY-TRAINING-EQUIPMENT-ADJUSTABLE-RESISTANCE/DP/B0BYHKP76P
HAORIDUL	HAORIDUL	amazon.ae	HTTPS://WWW.AMAZON.AE/HAORIDUL-QUALITY-STAINLESS-PROTECTIVE-KITCHEN/DP/B08N4NW3Z6
HAOSOON	HAOSOON	amazon.ae	HTTPS://WWW.AMAZON.AE/HAOSOON-FOOTREST-ADORABLE-ANIMAL-LIKE-FEATURES/DP/B07F62HFTK
HAOWIN	HAOWIN	amazon.ae	HTTPS://WWW.AMAZON.AE/HAOWIN-ALUMINUM-PERSONAL-SPRINKLERS-GREENHOUSE/DP/B09V5GQ4C4
HAOXAOON	HAOXAOON	amazon.ae	HTTPS://WWW.AMAZON.AE/HAOXAOON-EXHAUST-HANGER-UNIVERSAL-STRAIGHT/DP/B0B4J41D1D
HAOYIJOR	HAOYIJOR	amazon.ae	HTTPS://WWW.AMAZON.AE/HAOYIJOR-ELECTRIC-MOPPING-CLEANING-ROLLER/DP/B0BXX1Z1RW
HAPIKAY	HAPIKAY	amazon.ae	HTTPS://WWW.AMAZON.AE/HAPIKAY-SOLAR-FLOATING-POOL-LIGHTS/DP/B07WPS8C8D
HAPPGRAND	HAPPGRAND	amazon.ae	HTTPS://WWW.AMAZON.AE/HAPPGRAND-PORTABLE-HANDHELD-ELECTRIC-BATTERY/DP/B07SSRJ3WT
HAPPGRAND	HAPPGRAND	amazon.ae	HTTPS://WWW.AMAZON.AE/HAPPGRAND-TELESCOPIC-RETRIEVER-STAINLESS-AUTOMATIC/DP/B07T7K71ZR
HAPPGRAND	HAPPGRAND	amazon.ae	HTTPS://WWW.AMAZON.AE/HAPPGRAND-SEPARATOR-TIBIAL-STRAIGHTENER-CARDMER/DP/B07T7X3PSL
HAPPGRAND	HAPPGRAND	amazon.ae	HTTPS://WWW.AMAZON.AE/HAPPGRAND-AE-HANDHELD-MULTIMETER-TEMPERATURE-RESISTANCE/DP/B07WMSWF7J
HAPPGRAND	HAPPGRAND	amazon.ae	HTTPS://WWW.AMAZON.AE/HAPPGRAND-ELECTRIC-SEWING-MACHINE-FHSM-988/DP/B07SZ1LW2L
HAPPGRAND	HAPPGRAND	amazon.ae	HTTPS://WWW.AMAZON.AE/HAPPGRAND-BEAUTIFUL-WATERPROOF-MOULDPROOF-PORCELAIN/DP/B07SYZSV1B
HAPPITRY	HAPPITRY	amazon.ae	HTTPS://WWW.AMAZON.AE/HAPPITRY-VELOCIRAPTOR-DINOSAUR-INTERACTIVE-SOUND/DP/B097DFDHX6
HAPPITRY	HAPPITRY	amazon.ae	HTTPS://WWW.AMAZON.AE/HAPPITRY-PLAYHOUSE-DINOSAUR-TODDLERS-CHRISTMAS/DP/B08T8X4CGK
HAPPYFORU	HAPPYFORU	amazon.ae	HTTPS://WWW.AMAZON.AE/HAPPYFORU-NEWEST-SLIME-SUPER-NON-STICKY/DP/B07RL9Q1TB
HAPTDA	HAPTDA	amazon.ae	HTTPS://WWW.AMAZON.AE/HAPTDA-BALLOONS-CONFETTI-DECORATIONS-BIRTHDAY/DP/B0915Q4777
HAPYGI	HAPYGI	amazon.ae	HTTPS://WWW.AMAZON.AE/HAPYGI-RECHARGEABLE-CORDLESS-LAMP%EF%BC%8CNIGHTSTAND-RESTAURANT/DP/B0C2CN5LF4
HAPYKITYS	HAPYKITYS	amazon.ae	HTTPS://WWW.AMAZON.AE/HAPYKITYS-CAT-SCRATCHING-CLIMBING-FURNITURE/DP/B097PF548R
HAPYKITYS	HAPYKITYS	amazon.ae	HTTPS://WWW.AMAZON.AE/HAPYKITYS-SHELVES-CLIMBING-ACTIVITY-FURNITURE/DP/B09NDBFR2C
HAQPTUL	HAQPTUL	amazon.ae	HTTPS://WWW.AMAZON.AE/HAQPTUL-RIMLESS-SUNGLASSES-GLASSES-ACCESSORIES/DP/B0BXPZ5HJD
HARAZAME	HARAZAME	amazon.ae	HTTPS://WWW.AMAZON.AE/HARAZAME-PVC-PIPE-INSIDE-CUTTER/DP/B0BGQ3VVW9
HARBORII	HARBORII	amazon.ae	HTTPS://WWW.AMAZON.AE/SILVERWARE-HARBORII-FLATWARE-STAINLESS-DISHWASHER/DP/B07TXZ3C1D
HARFKOKO	HARFKOKO	amazon.ae	HTTPS://WWW.AMAZON.AE/HARFKOKO-ANTI-SLIP-REINFORCEMENT-PROTECTOR-SUITABLE/DP/B0816HBGTF
HARFOOWO	HARFOOWO	amazon.ae	HTTPS://WWW.AMAZON.AE/HARFOOWO-BLUETOOTH-MACBOOK-LAPTOP-CHROMEBOOK/DP/B0814ZNX3G
HARICSET	HARICSET	amazon.ae	HTTPS://WWW.AMAZON.AE/BLUETOOTH-RECHARGEABLE-ADJUSTABLE-UNIVERSALLY-COMPATIBLE/DP/B09B3LBMFN
HARLITA	HARLITA	amazon.ae	HTTPS://WWW.AMAZON.AE/PACK-ROSE-PLASTIC-PLATES-HARLITA/DP/B07LDWLQ1D
HAROVIN	HAROVIN	amazon.ae	HTTPS://WWW.AMAZON.AE/HAROVIN-CLASSIC-SANDALS-STRETCH-ADJUSTABLE/DP/B0BR9T4MMX
HASALASO	HASALASO	amazon.ae	HTTPS://WWW.AMAZON.AE/HASALASO-COMPATIABLE-ACCESSORIES-COMFORTABLE-EXPERIENCE/DP/B0CN387319
HASALASO	HASALASO	amazon.ae	HTTPS://WWW.AMAZON.AE/HASALASO-GAMES-ACCESSORIES-OCULUS-QUEST/DP/B0BTTGKVMV
HASWE	HASWE	amazon.ae	HTTPS://WWW.AMAZON.AE/HASWE-SEED-SPROUTING-JARS-INCLUDED/DP/B08L99D8JF
HASWE	HASWE	amazon.ae	HTTPS://WWW.AMAZON.AE/HASWE-SPROUTING-INCLUDED-STAINLESS-MELAMINE/DP/B08L97N4FW
HAUKING	HAUKING	amazon.ae	HTTPS://WWW.AMAZON.AE/HAUKING-NAVIGATION-COMPATIBLE-HIGHLANDER-RAV4%EF%BC%8CSUPPORT/DP/B0C6KHZHKZ
HAUSHARBOR	HAUSHARBOR	amazon.ae	HTTPS://WWW.AMAZON.AE/HAUSHARBOR-KITCHEN-MAGNETIC-DOCKING-360%C2%B0SWIVEL/DP/B0BK115X49
HAUSHARBOR	HAUSHARBOR	amazon.ae	HTTPS://WWW.AMAZON.AE/HAUSHARBOR-THERMOSTATIC-THERMOSTAT-CONTEMPORARY-20-50%C2%B0C/DP/B0B5CD9T76
HAUSKIT	HAUSKIT	amazon.ae	HTTPS://WWW.AMAZON.AE/PROJECTOR-BLUETOOTH-DISTANCE-KEYSTONE-CORRECTION/DP/B0DBVCVJH2
HAVINOO	HAVINOO	amazon.ae	HTTPS://WWW.AMAZON.AE/HAVINOO-DIAMOND-BIRTHDAY-DRINKING-COCKTAILS/DP/B0B9SHFP9Y
HAWBATH	HAWBATH	amazon.ae	HTTPS://WWW.AMAZON.AE/HAWBATH-PILLOWS-SUPPORT-ACCESSORIES-RELAXING/DP/B0CDWN316C
HAWCAFU	HAWCAFU	amazon.ae	HTTPS://WWW.AMAZON.AE/HAWCAFU-FIREPLACE-HEATING-THERMOMETER-FIREPLACES/DP/B0F9NTNDX4
HAWCAFU	HAWCAFU	amazon.ae	HTTPS://WWW.AMAZON.AE/HAWCAFU-MAGNETIC-FIREPLACE-WITHOUT-REPLACEMENT/DP/B0C81JCD66
HAWEEK	HAWEEK	amazon.ae	HTTPS://WWW.AMAZON.AE/HAWEEK-TODDLER-BALANCE-TOOL-FREE-ADJUSTMENTS/DP/B0CFDS2VVL
HAWENS	HAWENS	amazon.ae	HTTPS://WWW.AMAZON.AE/HAWENS-TRAINING-ADJUSTABLE-STABILIZER-COMPATIBLE/DP/B091YRG5RR
HAWGEYLEA	HAWGEYLEA	amazon.ae	HTTPS://WWW.AMAZON.AE/HAWGEYLEA-SOLUTION-BLISTERING-BLACKBOARD-ACCESSORIES/DP/B092HLWW3K
HAWPET	HAWPET	amazon.ae	HTTPS://WWW.AMAZON.AE/HAWPET-TRAINING-COLLAR-SHOCK-MODES/DP/B0BZPSH29S
HAXROTIN	HAXROTIN	amazon.ae	HTTPS://WWW.AMAZON.AE/HAXROTIN-TACTICAL-CAMPING-UTENSILS-FLATWARE/DP/B09DST1TYG
HAYOSNFO	HAYOSNFO	amazon.ae	HTTPS://WWW.AMAZON.AE/HAYOSNFO-PEDESTAL-MID-CENTURY-LEISURE-KITCHEN/DP/B08XX6TCTK
HAYUAN	HAYUAN	amazon.ae	HTTPS://WWW.AMAZON.AE/HAYUAN-ARTIFICIAL-ARRANGEMENT-PHALAENOPSIS-CENTERPIECE/DP/B09CFXC2T5
HBEDU	HBEDU	amazon.ae	HTTPS://WWW.AMAZON.AE/HBEDU-HYDROPONICS-GROWING-SPONGES-ACCESSORIES/DP/B07D4FDSP7
HBIRDPC	HBIRDPC	amazon.ae	HTTPS://WWW.AMAZON.AE/WINDSHIELD-UMBRELLA-PORTABLE-PROTECTOR-REFLECTOR/DP/B08GHC8429
HBIRDPC	HBIRDPC	amazon.ae	HTTPS://WWW.AMAZON.AE/HBIRDPC-ARMBAND-REFLECTIVE-BRACELETS-REPLACEABLE/DP/B077CGN78H
HBIRDPC	HBIRDPC	amazon.ae	HTTPS://WWW.AMAZON.AE/HBIRDPC-PRIVACY-PROTECTOR-SMARTPHONE-PROTECTION/DP/B08GHM7514
HBJH	HBJH	amazon.ae	HTTPS://WWW.AMAZON.AE/HBJH-WIRELESS-WIRELESS-CHARGING-PORTABLE/DP/B0CXPD7W8B
HCCMLOVE	HCCMLOVE	amazon.ae	HTTPS://WWW.AMAZON.AE/HCCMLOVE-WINK-HANDCRAFTED-DECORATIONS-INFLUENCER/DP/B08T68N86F
HCDMRE	HCDMRE	amazon.ae	HTTPS://WWW.AMAZON.AE/HCDMRE-AQUARIUM-UNDERWATER-SUBMERSIBLE-CHANGING/DP/B08NYKF5Z6
HCIMOOY	HCIMOOY	amazon.ae	HTTPS://WWW.AMAZON.AE/HCIMOOY-PACKS-ATTACHED-CHEMO-F277-1/DP/B09Y36S5NR
HCMLEK	HCMLEK	amazon.ae	HTTPS://WWW.AMAZON.AE/HCMLEK-WIRELESS-DOORBELL-WATERPROOF-RECEIVER/DP/B0BZJ2PRS6
HCNOCNB	HCNOCNB	amazon.ae	HTTPS://WWW.AMAZON.AE/HCNOCNB-SUPERHERO-AVENGERS-STICKERS-WATERPROOF/DP/B07V32C2XQ
HCUPET	HCUPET	amazon.ae	HTTPS://WWW.AMAZON.AE/HCUPET-BACKPACK-SIDE-POCKET-TRAVELING-APPROVED/DP/B07VCQMSQG
HDLWIS	HDLWIS	amazon.ae	HTTPS://WWW.AMAZON.AE/HDLWIS-ULTRASONIC-MEASURING-FUNCTION-EXAMINATION/DP/B099KDLJ2B
HDONGANY	HDONGANY	amazon.ae	HTTPS://WWW.AMAZON.AE/HDONGANY-SANDING-SPONGE-POLISHING-REPAIRING/DP/B0BC5ZFF2H
HDSLJ	HDSLJ	amazon.ae	HTTPS://WWW.AMAZON.AE/PLASTIC-ORGANIZER-DISPENSER-ALUMINUM-COMPATIBLE/DP/B09YXRK1L6
HDSTARS	HDSTARS	amazon.ae	HTTPS://WWW.AMAZON.AE/HDSTARS-CONVERSION-CLOSE-UP-ATTACHMENT-DIGITAL/DP/B00YD77GGW
HDZWW	HDZWW	amazon.ae	HTTPS://WWW.AMAZON.AE/HDZWW-MINIMALIST-WALL-MOUNTED-COMBINATION-INTEGRATED/DP/B086CXPXR1
HDZWW	HDZWW	amazon.ae	HTTPS://WWW.AMAZON.AE/HDZWW-DISCREET-VALUABLES-HINGEDDESIGN-WORKING/DP/B07XGLW4GW
HEABLE	HEABLE	amazon.ae	HTTPS://WWW.AMAZON.AE/HEABLE-KITCHEN-MONOBLOC-STANDARD-FITTINGS/DP/B08XLR28JD
HEAGEERO	HEAGEERO	amazon.ae	HTTPS://WWW.AMAZON.AE/HEAGEERO-WIRELESS-SPOTLIGHTS-CONTROL-ROTATABLE/DP/B09Q1V6CML
HEALTER	HEALTER	amazon.ae	HTTPS://WWW.AMAZON.AE/HEALTER-BOTTLE-SINGLE-STAINLESS-NON-INSULATED/DP/B096LWR3D9
HEANI	HEANI	amazon.ae	HTTPS://WWW.AMAZON.AE/HEANI-FORMULAS-INOSITOL-SUPPORTS-FUNCTION/DP/B01IQCPA8U
HEAPAO	HEAPAO	amazon.ae	HTTPS://WWW.AMAZON.AE/HEAPAO-GALAXY-TAB-CASE-KEYBOARD/DP/B0BBT9LC87
HEAPETBON	HEAPETBON	amazon.ae	HTTPS://WWW.AMAZON.AE/HEAPETBON-POOPER-SCOOPER-FOLDING-HANDLE/DP/B09W2LP131
HEARTGOWN	HEARTGOWN	amazon.ae	HTTPS://WWW.AMAZON.AE/HEARTGOWN-DRESSES-MERMAID-EMBROIDERY-BEADING-NAVY/DP/B07BQVMXY3
HEARTMEET	HEARTMEET	amazon.ae	HTTPS://WWW.AMAZON.AE/HEARTMEET-PROTECTOR-COMPATIBLE-2018-2022-HIGHLANDER/DP/B08QR2XVBL
HECOTRAX	HECOTRAX	amazon.ae	HTTPS://WWW.AMAZON.AE/HECOTRAX-UNIVERSAL-ARMREST-BACKSEAT-BLACK-DOUBLE/DP/B0BY2WN1QM
HECTOO	HECTOO	amazon.ae	HTTPS://WWW.AMAZON.AE/HECTOO-DISPLAYPORT-ADAPTER-MINI-DISPLAYPORT-CHROMEBOOK/DP/B073WC8WN9
HEDKIN	HEDKIN	amazon.ae	HTTPS://WWW.AMAZON.AE/HEDKIN-WALKING-FOLDABLE-ADJUSTABLE-STANDING/DP/B0B2ZWS6RW
HEDKIN	HEDKIN	amazon.ae	HTTPS://WWW.AMAZON.AE/HEDKIN-ATTACHMENTS-DRIVEWAYS-SIDEWALKS-REPLACEMENT/DP/B0C8D3627Z
HEDQFM	HEDQFM	amazon.ae	HTTPS://WWW.AMAZON.AE/HEDQFM-NECKLACE-HANDMADE-GEMSTONE-NECKLACES/DP/B08DTLTTD8
HEDY4LESS	HEDY4LESS	amazon.ae	HTTPS://WWW.AMAZON.AE/HEDY4LESS-LPS-LOWPRICESUPPLY-SINGLE-THERMOSTAT/DP/B07BC9679G
HEENDZOO	HEENDZOO	amazon.ae	HTTPS://WWW.AMAZON.AE/HEENDZOO-BACKPACK-CHARGING-BUSINESS-FRIENDLY/DP/B08DN8B4FT
HEFANTU	HEFANTU	amazon.ae	HTTPS://WWW.AMAZON.AE/HEFANTU-SALT-PEPPER-GRINDER-SET/DP/B08RX4KGWM
HEFANTU	HEFANTU	amazon.ae	HTTPS://WWW.AMAZON.AE/HEFANTU-MAGNETIC-STORAGE-CONTAINERS-INCLUDED/DP/B08C94MM6R
HEIBAIGE	HEIBAIGE	amazon.ae	HTTPS://WWW.AMAZON.AE/HEIBAIGE-ITAPE-CASSETTE-BLUETOOTH-RECEIVER/DP/B079JPQJ4M
HEIHY	HEIHY	amazon.ae	HTTPS://WWW.AMAZON.AE/HEIHY-BUTTERFLY-CLIMBER-EARRINGS-RHINESTONE/DP/B07PQFQVNH
HEINSTIAN	HEINSTIAN	amazon.ae	HTTPS://WWW.AMAZON.AE/HEINSTIAN-ELECTRIC-SHAKER-BOTTLES-PROTEIN/DP/B0B87BW3RL
HEIONIA	HEIONIA	amazon.ae	HTTPS://WWW.AMAZON.AE/HEIONIA-PLUSH-UNICORN-ANIMALS-BIRTHDAY/DP/B0991YX83F
HEIONIA	HEIONIA	amazon.ae	HTTPS://WWW.AMAZON.AE/HEIONIA-DALMATIAN-COSTUME-CHILDREN-FOOTCLOTH/DP/B0F9XTSVDT
HEKOTE	HEKOTE	amazon.ae	HTTPS://WWW.AMAZON.AE/HEKOTE-CRV-2023-2024-ACCESSORIES/DP/B0CGZW23GK
HELAJOY	HELAJOY	amazon.ae	HTTPS://WWW.AMAZON.AE/HELAJOY-SELF-TANNING-MITT-APPLICATOR/DP/B07MNC4PQR
HELEE	HELEE	amazon.ae	HTTPS://WWW.AMAZON.AE/DURABLE-ENTRANCE-ENTRYWAY-WATERPROOF-TRAPPING/DP/B0B1RLW8FK
HELLOCREATE	HELLOCREATE	amazon.ae	HTTPS://WWW.AMAZON.AE/HELLOCREATE-PROTECTOR-REUSABLE-PROTECTORS-KITCHEN/DP/B089W9LYT1
HELLODIY	HELLODIY	amazon.ae	HTTPS://WWW.AMAZON.AE/HELLODIY-RHINESTONE-DECORATION-EMBELLISHMENT-ACCESSORIES/DP/B09XGKXC1M
HELPCOOK	HELPCOOK	amazon.ae	HTTPS://WWW.AMAZON.AE/HELPCOOK-WHISKEY-SILICONE-SPHERE-COCKTAILS/DP/B07SDLTDZK
HELPCOOK	HELPCOOK	amazon.ae	HTTPS://WWW.AMAZON.AE/HELPCOOK-POPSICLE-PIECES-SILICONE-FREEZER/DP/B07BFVXKCL
HEMARISLE	HEMARISLE	amazon.ae	HTTPS://WWW.AMAZON.AE/HEMARISLE-GENTLEMAN-WAISTCOAT-JUMPSUIT-6036KHAKI/DP/B0852ZQTGJ
HEMDRE	HEMDRE	amazon.ae	HTTPS://WWW.AMAZON.AE/HEMDRE-KINETIC-RECOVERY-500LBS%EF%BC%89%EF%BC%8C-SHACKLES/DP/B0B2P5HK54
HEMFV	HEMFV	amazon.ae	HTTPS://WWW.AMAZON.AE/HEMFV-INDUSTRIAL-STORAGE-FURNITURE-ASSEMBLY/DP/B084Z284Z1
HENCEBUY	HENCEBUY	amazon.ae	HTTPS://WWW.AMAZON.AE/HENCEBUY-117A-W2072A-TONER-COMPATIBLE/DP/B0CW31DLQ9
HENCEBUY	HENCEBUY	amazon.ae	HTTPS://WWW.AMAZON.AE/HENCEBUY-CHIP-149A-W1490A-TONER/DP/B0DNQ9LHB6
HENCEBUY	HENCEBUY	amazon.ae	HTTPS://WWW.AMAZON.AE/HENCEBUY-COMPATIBLE-TONER-142A-W1420A/DP/B0CM8G1TN9
HENCEBUY	HENCEBUY	amazon.ae	HTTPS://WWW.AMAZON.AE/HENCEBUY-CLT-R406-CLX-3305-CLX-3300-SL-C467W/DP/B0CNNXLPQX
