11048WH	11048WH	amazon.ca	HTTPS://WWW.AMAZON.CA/FURINNO-7-CUBE-REVERSIBLE-SHELF-11048WH/DP/B074NHT1SL
1DEAME	1DEAME	amazon.ca	HTTPS://WWW.AMAZON.CA/STORES/1DEAME/PAGE/7ABA5DF4-D606-4CBE-96DF-3CCA3E57630E
211PTWINPACK	211PTWINPACK	amazon.ca	HTTPS://WWW.AMAZON.CA/BLUEAIR-211PTWINPACK-PURIFIER-WHITE-PACK/DP/B07CV1G21F
26ELE	26ELE	amazon.ca	HTTPS://WWW.AMAZON.CA/26ELE-PICTURE-HANGING-STAINLESS-CRIMPING/DP/B085G1Q36Y
26ELE	26ELE	amazon.ca	HTTPS://WWW.AMAZON.CA/26ELE-PICTURE-STAINLESS-ALUMINUM-CRIMPING/DP/B085G54FPV
3DYYCX	3DYYCX	amazon.ca	HTTPS://WWW.AMAZON.CA/3DYYCX-KYOUKA-BEDROOM-DECORATION-BIRTHDAY/DP/B093L1M394
3MSAFETY	3MSAFETY	amazon.ca	HTTPS://WWW.AMAZON.CA/STORES/3MSAFETY/PAGE/3A59B2CC-23BB-413D-9CB4-B47D622179D3
4ACTIVEU	4ACTIVEU	amazon.ca	HTTPS://WWW.AMAZON.CA/4ACTIVEU-COLLAPSIBLE-BOTTLE-SPORTS-ORANGE/DP/B074XHQ2LK
4JOHOR	4JOHOR	amazon.ca	HTTPS://WWW.AMAZON.CA/4PCS-ACCESSORIES-REUSABLE-SILICONE-BASKETBALL/DP/B0CBTT6XNQ
4OURKIDDIES	4OURKIDDIES	amazon.ca	HTTPS://WWW.AMAZON.CA/STORES/4OURKIDDIES/PAGE/0171BD40-2C32-460A-9431-91F32756D45D
A2ZRUG	A2ZRUG	amazon.ca	HTTPS://WWW.AMAZON.CA/STORES/A2ZRUG/PAGE/C66E7101-EDF2-4156-96B6-2EF54C6DE549
A2ZRUG	A2ZRUG	amazon.ca	HTTPS://WWW.AMAZON.CA/STORES/A2ZRUG/PAGE/7E1B66D0-B1F4-4ACB-BBF9-218E471B2CAC
AAIWTD	AAIWTD	amazon.ca	HTTPS://WWW.AMAZON.CA/AAIWTD-7500MAH-REPLACEMENT-DCB404-COMPATIBLE/DP/B0DNDQJZ1S
AAOVEFOX	AAOVEFOX	amazon.ca	HTTPS://WWW.AMAZON.CA/AAOVEFOX-SOLAR-GARDEN-LIGHTS-FIREFLY/DP/B0CWNZNMDX
AASSOO	AASSOO	amazon.ca	HTTPS://WWW.AMAZON.CA/SNUGGLY-STUFFED-AVOCADO-HUGGING-CHRISTMAS/DP/B08CRN6MBX
ABAHUHU	ABAHUHU	amazon.ca	HTTPS://WWW.AMAZON.CA/ABAHUHU-CUSHION-FURNITURE-LAUNDRY-DECORATION/DP/B0B63SPKHB
ABCXGOOD	ABCXGOOD	amazon.ca	HTTPS://WWW.AMAZON.CA/ABCXGOOD-CLASSROOM-MANAGEMENT-PRESCHOOL-HOMESCHOOL/DP/B0B5K6SM82
ABELLZOS	ABELLZOS	amazon.ca	HTTPS://WWW.AMAZON.CA/ABELLZOS-MONTESSORI-COLORFUL-DEVELOPMENTAL-EDUCATIONAL/DP/B0B1MKKVDK
ABELOCKAND	ABELOCKAND	amazon.ca	HTTPS://WWW.AMAZON.CA/ABELOCKAND-MIRROR-FRAMED-BATHROOM-VANITY/DP/B0BYXQJ3W9
ABFRAY	ABFRAY	amazon.ca	HTTPS://WWW.AMAZON.CA/ABFRAY-COMPATIBLE-REMANUFACTURED-REPLACEMENT-CARTRIDGE/DP/B0C33ZZYSD
ABHOOH	ABHOOH	amazon.ca	HTTPS://WWW.AMAZON.CA/ABHOOH-TABLECLOTH-RECTANGLE-INCHES-CHRISTMAS/DP/B09443FN8W
ABITCHA	ABITCHA	amazon.ca	HTTPS://WWW.AMAZON.CA/ABITCHA-ART-EASEL-WOODEN-STANDS/DP/B0DJVX7DY1
ABIWAZY	ABIWAZY	amazon.ca	HTTPS://WWW.AMAZON.CA/STORES/ABIWAZY/%E4%B8%BB%E9%A1%B5/PAGE/90B087FF-4858-4DF5-A6CD-B6697724A3E7
ABSOK	ABSOK	amazon.ca	HTTPS://WWW.AMAZON.CA/STORES/ABSOK/PAGE/FBC6A970-8092-42A3-991A-06CC078555E6
ABXLNIU	ABXLNIU	amazon.ca	HTTPS://WWW.AMAZON.CA/URINATION-PORTABLE-STANDING-REUSABLE-EXTENSION/DP/B091CRDV82
ABYSUP	ABYSUP	amazon.ca	HTTPS://WWW.AMAZON.CA/ABYSUP-PADDLE-INFLATABLE-PADDLEBOARD-ACCESSORIES/DP/B08ZSJRKQ7
ACBAETA	ACBAETA	amazon.ca	HTTPS://WWW.AMAZON.CA/STORES/ACBAETA/PAGE/5AD40694-7A70-41B3-BD38-6451AB89DDC3
ACBAETA	ACBAETA	amazon.ca	HTTPS://WWW.AMAZON.CA/ACBAETA-AUTOFOCUS-VLOGGING-ANTI-SHAKE-PORTABLE/DP/B0DDXL7BC4
ACCOTIA	ACCOTIA	amazon.ca	HTTPS://WWW.AMAZON.CA/ACCOTIA-QUEEN-QUILT-WHITE-BEDSPREAD/DP/B09NKJNDG4
ACCOTIA	ACCOTIA	amazon.ca	HTTPS://WWW.AMAZON.CA/ACCOTIA-MUSLIN-BLANKET-TODDLERS-LIGHTWEIGHT/DP/B09NJJZ8CV
ACCWAY	ACCWAY	amazon.ca	HTTPS://WWW.AMAZON.CA/ACCWAY-FLUORESCENT-21WATT-NEUTRAL-BRIGHTNESS/DP/B0F2FQPCPP
ACCWAY	ACCWAY	amazon.ca	HTTPS://WWW.AMAZON.CA/ACCWAY-F6T5-DL-FLUORESCENT-REPLACEMENT/DP/B0CLS39PBS
ACEACR	ACEACR	amazon.ca	HTTPS://WWW.AMAZON.CA/ACEACR-BIKINI-SHORTS-REMOVEABLE-SWIMWEAR/DP/B07QFY35TZ
ACEACR	ACEACR	amazon.ca	HTTPS://WWW.AMAZON.CA/ACEACR-BIKINI-SHORTS-REMOVEABLE-SWIMWEAR/DP/B0DQQCNCXW
ACEPIC	ACEPIC	amazon.ca	HTTPS://WWW.AMAZON.CA/ACEPIC-SILVER-COATING-MULTI-LAYER-ABRASION-RESISTANT-WHEEL-BAG/DP/B0BZY4XHC2
ACEPOW	ACEPOW	amazon.ca	HTTPS://WWW.AMAZON.CA/ACEPOW-RESISTANCE-EXERCISE-ASSITANCE-STRETCHING/DP/B0BTC2XLBG
ACESUPEVER	ACESUPEVER	amazon.ca	HTTPS://WWW.AMAZON.CA/ACESUPEVER-RP6-710014120-HUNTER-TC3900-DEMOUNT/DP/B0CSBRT5W4
ACESUPEVER	ACESUPEVER	amazon.ca	HTTPS://WWW.AMAZON.CA/ACESUPEVER-TRAILER-BREAKAWAY-KIT-WATERPROOF/DP/B0CJVLKTFM
ACETHO	ACETHO	amazon.ca	HTTPS://WWW.AMAZON.CA/ACETHO-FOOTBALL-GLOVES-ADULT-RECEIVER/DP/B09J28V79L
ACICIHENN	ACICIHENN	amazon.ca	HTTPS://WWW.AMAZON.CA/ACICIHENN-SLIDING-HARDWARE-SMOOTHLY-QUIETLY/DP/B0CFG589T2
ACICIHENN	ACICIHENN	amazon.ca	HTTPS://WWW.AMAZON.CA/ACICIHENN-SLIDING-HARDWARE-SMOOTHLY-INSTALLATION/DP/B0C1V2V815
ACOTHOT	ACOTHOT	amazon.ca	HTTPS://WWW.AMAZON.CA/ACOTHT-SELF-INFLATING-SLEEPING-PAD-ULTRA-THICK/DP/B0BVFC2LJS
ACTIONDAY	ACTIONDAY	amazon.ca	HTTPS://WWW.AMAZON.CA/STORES/ACTIONDAY/HOMEPAGE/PAGE/B0D2C4D2-62AE-48AB-BA4C-C3307EE188C1
ACUEEN	ACUEEN	amazon.ca	HTTPS://WWW.AMAZON.CA/ACUEEN-%C4%B0TALYA-TRIPLE-STITCHING-OXFORD/DP/B09LRWB83R
ACUTEYE	ACUTEYE	amazon.ca	HTTPS://WWW.AMAZON.CA/ACUTEYE-FASTENERS-STANDARD-TAGGING-TRANSPARENT/DP/B08NSS3D43
ADAVERANO	ADAVERANO	amazon.ca	HTTPS://WWW.AMAZON.CA/ADAVERANO-ONE-PIECE-SWIMSUITS-PROTECTION-TODDLER/DP/B09KC6BW3K
ADDIMOR	ADDIMOR	amazon.ca	HTTPS://WWW.AMAZON.CA/ADDIMOR-EXPANDABLE-BACKPACK-COOLERS-INSULATED/DP/B0DB77J4G5
ADDSMILE	ADDSMILE	amazon.ca	HTTPS://WWW.AMAZON.CA/ADDSMILE-OPERATED-RECHARGEABLE-STROLLER-TRAVELING/DP/B0C2H1PQB9
ADDSMILE	ADDSMILE	amazon.ca	HTTPS://WWW.AMAZON.CA/ADDSMILE-PORTABLE-CONDITIONER-PERSONAL-HUMIDIFIER/DP/B07CTFGBV7
ADEKEKM	ADEKEKM	amazon.ca	HTTPS://WWW.AMAZON.CA/SILICONE-PROTECTORS-FURNITURE-HARDWOOD-SCRATCHING/DP/B09NKS1ZS9
ADEPTCHEF	ADEPTCHEF	amazon.ca	HTTPS://WWW.AMAZON.CA/FISH-SPATULA-ADEPTCHEF-THIN-EDGED-MULTI-PURPOSE/DP/B01D41AP0G
ADICIEN	ADICIEN	amazon.ca	HTTPS://WWW.AMAZON.CA/ADICIEN-LIGHTWEIGHT-BREATHABLE-RUNNING-SNEAKERS/DP/B0CL7HG9T2
ADIMLAB	ADIMLAB	amazon.ca	HTTPS://WWW.AMAZON.CA/ADIMLAB-ASSEMBLED-310X310X410-DIRECTDRIVE-AVAILABLE/DP/B07CPQQ57D
ADITRICREATION	ADITRICREATION	amazon.ca	HTTPS://WWW.AMAZON.CA/STORES/ADITRICREATION/PAGE/B6BE33B9-9626-484E-9B9F-BCC595B6C74A
ADLMPW	ADLMPW	amazon.ca	HTTPS://WWW.AMAZON.CA/HURRICANE-STRAPS-BRACKETS-18-GAUGE-GALVANIZED/DP/B0CRQ2RF6L
ADLMPW	ADLMPW	amazon.ca	HTTPS://WWW.AMAZON.CA/CLAMP-GALVANIZED-STEEL-CHAIN-INCLUDED/DP/B0C9CC6639
ADPTOYU	ADPTOYU	amazon.ca	HTTPS://WWW.AMAZON.CA/ADPTOYU-PORTABLE-CORDLESS-RECHARGEABLE-EXTENSION/DP/B09VNNPB7F
ADRIENGAGNON	ADRIENGAGNON	amazon.ca	HTTPS://WWW.AMAZON.CA/STORES/ADRIENGAGNON/PAGE/27C6BA83-8537-4F4B-8623-B60DFBFC3BE7
ADSTAPE	ADSTAPE	amazon.ca	HTTPS://WWW.AMAZON.CA/ADSTAPE-BASEBALL-STITCHES-CELLOPHANE-ADHESIVE/DP/B01IAODHTS
ADUARJO	ADUARJO	amazon.ca	HTTPS://WWW.AMAZON.CA/STORES/ADUARJO/PAGE/345E7BC8-419A-4C87-B918-68B68CD7DF27
ADWAXDA	ADWAXDA	amazon.ca	HTTPS://WWW.AMAZON.CA/ADWAXDA-AFRICAN-POCKETS-DASHIKI-CLOTHING/DP/B09NX2H97W
ADWIKOSO	ADWIKOSO	amazon.ca	HTTPS://WWW.AMAZON.CA/PLASTIC-TRAINING-BACKYARD-PRACTICE-EQUIPMENT/DP/B07RFQHX21
ADWLOF	ADWLOF	amazon.ca	HTTPS://WWW.AMAZON.CA/ADWLOF-COMPATIBLE-PROTECTOR-REPLACEMENT-PROTECTIVE/DP/B07SVNDMP3
AEASKIEY	AEASKIEY	amazon.ca	HTTPS://WWW.AMAZON.CA/AEASKIEY-DRILLING-VERTICAL-ORGANIZER-ADJUSTABLE/DP/B0CWTNBKNH
AEBITSRY	AEBITSRY	amazon.ca	HTTPS://WWW.AMAZON.CA/AEBITSRY-MOTORHOME-WATERPROOF-PROTECTOR-UNIVERSAL/DP/B07HST117T
AEDCBAIDE	AEDCBAIDE	amazon.ca	HTTPS://WWW.AMAZON.CA/STORES/AEDCBAIDE/PAGE/6C0D5186-4B72-4976-AFDC-0D3DADF63978
AEDURFH	AEDURFH	amazon.ca	HTTPS://WWW.AMAZON.CA/AEDURFH-SCORPION-LIMITED-AESTHETICS-UNFRAMED/DP/B0BV16B144
AEDURFH	AEDURFH	amazon.ca	HTTPS://WWW.AMAZON.CA/AEDURFH-YHLQMDLG-LIMITED-AESTHETICS-UNFRAMED/DP/B0BV12YNKX
AEELUE	AEELUE	amazon.ca	HTTPS://WWW.AMAZON.CA/AEELUE-STAINLESS-CHAINMAIL-CLEANING-SCRUBBER%EF%BC%8C/DP/B08T7P1MZV
AEELUE	AEELUE	amazon.ca	HTTPS://WWW.AMAZON.CA/AEELUE-MANDOLIN-VEGETABLE-CUTTING-PROTECTOR/DP/B08XM66G1H
AELLABUS	AELLABUS	amazon.ca	HTTPS://WWW.AMAZON.CA/BINDER-CLIPS-2-4-SUPPLIES-AELLABUS/DP/B0BS3W3FRT
AEOBELL	AEOBELL	amazon.ca	HTTPS://WWW.AMAZON.CA/AEOBELL-GRILLE-LIGHTING-UNIVERSAL-RAPTOR/DP/B0831LT38B
AEOIBA	AEOIBA	amazon.ca	HTTPS://WWW.AMAZON.CA/AEOIBA-TRUNKS-SHORTS-SWIMWEAR-BATHING/DP/B092TSTGVD
AEPEASTI	AEPEASTI	amazon.ca	HTTPS://WWW.AMAZON.CA/AEPEASTI-HANDLES-REFLECTIVE-TRAINING-DURABLE/DP/B0DQ8M87SG
AEPEASTI	AEPEASTI	amazon.ca	HTTPS://WWW.AMAZON.CA/AEPEASTI-HEAVY-DUTY-DOG-LEASH/DP/B0C4H3Y92G
AEPEASTI	AEPEASTI	amazon.ca	HTTPS://WWW.AMAZON.CA/AEPEASTI-REFLECTIVE-NEOPRENE-ADJUSTABLE-TURQUOISE/DP/B0C4HCNVW9
AEREXIER	AEREXIER	amazon.ca	HTTPS://WWW.AMAZON.CA/ACTIVATED-CARBON-REPLACEABLE-WASHABLE-FILTERS/DP/B087WJTK9D
AERKENGA	AERKENGA	amazon.ca	HTTPS://WWW.AMAZON.CA/AERKENGA-NOTEBOOK-COMPUTER-HEIGHT-ADJUSTABLE/DP/B0BRMN22SR
AERKENGA	AERKENGA	amazon.ca	HTTPS://WWW.AMAZON.CA/AERKENGA-COMPUTER-ADJUSTABLE-ROLLING-BEDSIDE/DP/B0D5VKGHXB
AERKENGA	AERKENGA	amazon.ca	HTTPS://WWW.AMAZON.CA/AERKENGA-STANDING-COMPUTER-ADJUSTABLE-PORTABLE/DP/B0D5V36HV5
AERYMLI	AERYMLI	amazon.ca	HTTPS://WWW.AMAZON.CA/AERYMLI-AIRPODS-CARTOON-AIRPOD-SILICONE/DP/B09W9B8RH5
AETWHY	AETWHY	amazon.ca	HTTPS://WWW.AMAZON.CA/AETWHY-HONEYCOMB-STAINLESS-BEEKEEPING-RESTAURANTS/DP/B0D66SLT19
AETWHY	AETWHY	amazon.ca	HTTPS://WWW.AMAZON.CA/AETWHY-VAPORIZER-BEEKEEPING-EQUIPMENT-BEEHIVES/DP/B0DG59MNHL
AEWIO	AEWIO	amazon.ca	HTTPS://WWW.AMAZON.CA/AEWIO-SANDING-SANDPAPER-ORBITAL-SANDERS/DP/B07TCYC8XY
AEXFUMA	AEXFUMA	amazon.ca	HTTPS://WWW.AMAZON.CA/AEXFUMA-COSPLAY-HALLOWEEN-CARTOON-COSTUME/DP/B0CCMV4T68
AFAOEL	AFAOEL	amazon.ca	HTTPS://WWW.AMAZON.CA/DIMMABLE-CHANDELIER-TEMPERATURE-3000K-4000K-5000K-STAIRCASE/DP/B0BLK5JD81
AFATEBOX	AFATEBOX	amazon.ca	HTTPS://WWW.AMAZON.CA/AFATEBOX-PRESSURE-SENSOR-ADAPTER-STAINLESS/DP/B0CHVR13HL
AFEMOLY	AFEMOLY	amazon.ca	HTTPS://WWW.AMAZON.CA/SPRAYER-COOKING-OLIVE-MISTER-BOTTLE/DP/B0BCQS9XRC
AFGSSM	AFGSSM	amazon.ca	HTTPS://WWW.AMAZON.CA/AFGSSM-AUTOMATIC-AQUARIUM-BATTERY-POWERED/DP/B0CH562MJ9
AFISEL	AFISEL	amazon.ca	HTTPS://WWW.AMAZON.CA/AFISEL-METAL-NIBBLER-DRILL-ATTACHMENT/DP/B0CTJJR7BX
AFLIFLI	AFLIFLI	amazon.ca	HTTPS://WWW.AMAZON.CA/AFLIFLI-ENHANCER-SILICONE-REMOVABLE-LIFTER/DP/B09H4DGSMB
AFORFU	AFORFU	amazon.ca	HTTPS://WWW.AMAZON.CA/AFORFU-SKIPPING-ADJUSTABLE-CROSSFIT-EXERCISE/DP/B08L3TM1X1
AFT90	AFT90	amazon.ca	HTTPS://WWW.AMAZON.CA/CURLING-RESISTANT-POUCH-STRAIGHTENER-SILICONE/DP/B08L6QCLVT
AFTERSHOKZ	AFTERSHOKZ	amazon.ca	HTTPS://WWW.AMAZON.CA/STORES/AFTERSHOKZ/SHOPALL/PAGE/A5B65412-7D57-4B8C-B207-EA3FF07847F1
AFUMMID	AFUMMID	amazon.ca	HTTPS://WWW.AMAZON.CA/AFUMMID-CHANDELIER-ADJUSTABLE-RESTAURANT-DECORATION/DP/B09128ZTJQ
AGCARY	AGCARY	amazon.ca	HTTPS://WWW.AMAZON.CA/AGCARY-SUNSET-PAINTING-PICTURE-DECORATIONS/DP/B07XY94D6P
AGFYLIFE	AGFYLIFE	amazon.ca	HTTPS://WWW.AMAZON.CA/AGFYLIFE-PORTABLE-HOOKAH-SET-TRAVEL/DP/B0DLVRWMQM
AGGIEPLORE	AGGIEPLORE	amazon.ca	HTTPS://WWW.AMAZON.CA/AGGIEPLORE-5-FUNCTION-SHOWERHEAD-REPLACEMENT-CARTRIDGE/DP/B07741PWZ7
AGIMOLI	AGIMOLI	amazon.ca	HTTPS://WWW.AMAZON.CA/AGIMOLI-PLAYPEN-ACTIVITY-TODDLERS-CHILDREN/DP/B0BWYTCLJ6
AGLORY	AGLORY	amazon.ca	HTTPS://WWW.AMAZON.CA/AGLORY-WATERPROOF-WINDPROOF-LIGHTWEIGHT-BACKPACKING/DP/B09J2JTY7N
AGMITY	AGMITY	amazon.ca	HTTPS://WWW.AMAZON.CA/AGMITY-ADHESIVE-NONTOXIC-REPLACEMENT-INVISIBLE/DP/B089K6BVLZ
AGOOLIIU	AGOOLIIU	amazon.ca	HTTPS://WWW.AMAZON.CA/AGOOLIIU/B/REF=BL_DP_S_MW_120749075011?IE=UTF8&NODE=120749075011&FIELD-LBR_BRANDS_BROWSE-BIN=AGOOLIIU
AGRIOTTER	AGRIOTTER	amazon.ca	HTTPS://WWW.AMAZON.CA/AGRIOTTER-ELECTRIC-ENERGIZER-POWERED-BATTERY/DP/B091N9JS6C
AGUMARK	AGUMARK	amazon.ca	HTTPS://WWW.AMAZON.CA/AGUMARK-LIGHTWEIGHT-ALUMINUM-BRACKETS-SHELVES/DP/B0C825KHN1
AHASONS	AHASONS	amazon.ca	HTTPS://WWW.AMAZON.CA/AHASONS-COLANDER-EXTENDABLE-VEGETABLES-SPACE-SAVER/DP/B0BMVCHF4Y
AHATOPIA	AHATOPIA	amazon.ca	HTTPS://WWW.AMAZON.CA/BUFFERS-ACRYLIC-NATURAL-PROFESSIONAL-MANICURE/DP/B0C1V53HC8
AHBLQD	AHBLQD	amazon.ca	HTTPS://WWW.AMAZON.CA/AHBLQD-KIT-PNEUMATIC-FITTINGS-CLEAR/DP/B0BZ4CYZLD
AHLSENL	AHLSENL	amazon.ca	HTTPS://WWW.AMAZON.CA/AHLSENL-MEMORIAL-KEYCHAIN-SYMPATHY-REMEMBRANCE/DP/B09PBQR422
AHLSENL	AHLSENL	amazon.ca	HTTPS://WWW.AMAZON.CA/AHLSENL-ANTI-SLIP-EYEGLASSES-RETAINERS-PROTECTORS/DP/B09VC9YBSY
AHOMIWOW	AHOMIWOW	amazon.ca	HTTPS://WWW.AMAZON.CA/PLAYING-DISPLAY-VINTAGE-ORGANIZATION-ACCESSORY/DP/B09VP2KZDN
AHOMIWOW	AHOMIWOW	amazon.ca	HTTPS://WWW.AMAZON.CA/AHOMIWOW-DISPLAY-STORAGE-COLLECTOR-ORGANZIER/DP/B09WQD9HHL
AHPUHTAN	AHPUHTAN	amazon.ca	HTTPS://WWW.AMAZON.CA/WATERPROOF-OUTDOOR-ANTI-SLIP-PROTECTOR-ACCESSORIES/DP/B0DHTJ4VKV
AHSONLUF	AHSONLUF	amazon.ca	HTTPS://WWW.AMAZON.CA/AHSONLUF-ARTIFICIAL-IRREGULAR-SIMULATION-PHOTOGRAPHY/DP/B09T2V27QD
AHZSKE	AHZSKE	amazon.ca	HTTPS://WWW.AMAZON.CA/COMPATIBLE-PROTECTIVE-STORYBOOK-CHARACTER-COLLECTION/DP/B0FKG5D14W
AIANDE	AIANDE	amazon.ca	HTTPS://WWW.AMAZON.CA/AIANDE-AIR-FRYER-BASKET-7-5INCH-ROUND/DP/B0BRP821H8
AICWDIVA	AICWDIVA	amazon.ca	HTTPS://WWW.AMAZON.CA/AICWDIVA-DANGANRONPA-RESISTANT-SYNTHETIC-HALLOWEEN/DP/B08HY2YRWW
AIDDKK	AIDDKK	amazon.ca	HTTPS://WWW.AMAZON.CA/AIDDKK-NORTHERN-BUTTERFLY-HOUSEHOLD-ORIGINALITY/DP/B08LBYHWX3
AIDDKK	AIDDKK	amazon.ca	HTTPS://WWW.AMAZON.CA/AIDDKK-PLASTIC-TRANSPARENT-DRINKING-SHATTERPROOF/DP/B08THW9L99
AIDEMEI	AIDEMEI	amazon.ca	HTTPS://WWW.AMAZON.CA/AIDEMEI-VINTAGE-ANTIQUE-PEACOCK-HANDMADE/DP/B091DPY73Z
AIDOOL	AIDOOL	amazon.ca	HTTPS://WWW.AMAZON.CA/AIDOOL-MOTOCROSS-BEDSIDE-CHANGING-BIRTHDAY/DP/B07HH3PNM2
AIERDEN	AIERDEN	amazon.ca	HTTPS://WWW.AMAZON.CA/AIERDEN-GREENHOUSE-3-6FT-5-2FT-RUST-FREE-FIBERGLASS/DP/B0CSW7F8SV
AIERDEN	AIERDEN	amazon.ca	HTTPS://WWW.AMAZON.CA/AIERDEN-GREENHOUSE-RUST-FREE-FIBERGLASS-SUPPORT/DP/B0CS66RS2L
AIGOCANO	AIGOCANO	amazon.ca	HTTPS://WWW.AMAZON.CA/AIGOCANO-OUTDOOR-INSTANT-PORTABLE-CANOPIES/DP/B0BWNDHMSY
AIGOZHE	AIGOZHE	amazon.ca	HTTPS://WWW.AMAZON.CA/AIGOZHE-IPAD-10TH-GENERATION-10-9-INCH/DP/B0BL18ZZ6R
AIGOZHE	AIGOZHE	amazon.ca	HTTPS://WWW.AMAZON.CA/AIGOZHE-A2992-A2918-A2779-A2442/DP/B0CQT42147
AIIWER	AIIWER	amazon.ca	HTTPS://WWW.AMAZON.CA/AIIWER-LEAPO-RUNNING-POCKET-WATERPROOF/DP/B0BNVS7W91
AIJALY	AIJALY	amazon.ca	HTTPS://WWW.AMAZON.CA/AIJALY-BATHROOM-ALUMINUM-RECTANGULAR-ORGANIZER/DP/B0BNV467LT
AIJIEGUANG	AIJIEGUANG	amazon.ca	HTTPS://WWW.AMAZON.CA/TENSION-INCH-EXTRA-LONG-RODS/DP/B08N6BTSJP
AIKEAIKESI	AIKEAIKESI	amazon.ca	HTTPS://WWW.AMAZON.CA/AIKEAIKESI-ACOUSTIC-DIFFUSER-LIVELINESS-DECORATIVE/DP/B09TYM4KVC
AIKEXIAN	AIKEXIAN	amazon.ca	HTTPS://WWW.AMAZON.CA/GARDEN-HOLDER-HANGER-GARAGE-OUTSIDE/DP/B09BRC3RTG
AIKSIWAI	AIKSIWAI	amazon.ca	HTTPS://WWW.AMAZON.CA/AIKSIWAI-BIRTHDAY-NEWBORN-UNICORN-HEADBAND/DP/B09KZGFVWS
AIKSSOO	AIKSSOO	amazon.ca	HTTPS://WWW.AMAZON.CA/AIKSSOO-STROLLER-UNIVERSAL-WATERPROOF-TRAVELLING/DP/B09631C53B
AIKSSOO	AIKSSOO	amazon.ca	HTTPS://WWW.AMAZON.CA/AIKSSOO-PRESSURE-THROUGH-DOORWAYS-STAIRWAYS/DP/B098NB9JMX
AIKUPNEY	AIKUPNEY	amazon.ca	HTTPS://WWW.AMAZON.CA/AIKUPNEY-SIDEWALK-DOUBLE-SIDED-SANDWICH-PAVEMENT/DP/B0CRNVZWK8
AILANSNUG	AILANSNUG	amazon.ca	HTTPS://WWW.AMAZON.CA/AILANSNUG-STRAWBERRY-TOWELS-ABSORBENT-OUTDOORS/DP/B0993GD6M2
AILANSNUG	AILANSNUG	amazon.ca	HTTPS://WWW.AMAZON.CA/AILANSNUG-WINTER-BUCKET-SHERPA-FISHERMAN/DP/B08QCNMLPL
AILAWUU	AILAWUU	amazon.ca	HTTPS://WWW.AMAZON.CA/CHARGER-LIGHTNING-AILAWUU-CHARGING-COMPATIBLE/DP/B08RYTTNLQ
AILEEPET	AILEEPET	amazon.ca	HTTPS://WWW.AMAZON.CA/AILEEPET-HANGING-PRUNING-HYDROPONICS-6TIER-D24/DP/B0969WTD2Y
AILEHOPY	AILEHOPY	amazon.ca	HTTPS://WWW.AMAZON.CA/AILEHOPY-EUROPEAN-SILICONE-BAKEWARE-8-10INCH/DP/B08CN193S3
AILEMENOVA	AILEMENOVA	amazon.ca	HTTPS://WWW.AMAZON.CA/AILEMENOVA-KEYBOARDS-MAINFRAMES-ALTERNATIVE-COMPRESSED/DP/B0D4QV2HBL
AILOVEPEACE	AILOVEPEACE	amazon.ca	HTTPS://WWW.AMAZON.CA/STORES/AILOVEPEACE/PAGE/93F9209D-0387-4111-888B-A25E0454B2A6
AILUNER	AILUNER	amazon.ca	HTTPS://WWW.AMAZON.CA/AILUNER-MONITOR-ADJUSTABLE-4-4-19-8LBS-INSTALLATION/DP/B0F2F9Q99D
AILUNER	AILUNER	amazon.ca	HTTPS://WWW.AMAZON.CA/ULTRASONIC-PROFESSIONAL-ONE-TOUCH-OPERATION-DENTURES/DP/B0F67D3NGX
AIMAKODO	AIMAKODO	amazon.ca	HTTPS://WWW.AMAZON.CA/AIMAKODO-COLLAPSIBLE-COLLECTION-RAINWATER-DOWNSPOUT/DP/B0CKX3WJC5
AIMASHA	AIMASHA	amazon.ca	HTTPS://WWW.AMAZON.CA/AIMASHA-BATHROOM-TRINSIC-LATITUDE-EUROPEAN/DP/B07YQX77GW
AIMASHA	AIMASHA	amazon.ca	HTTPS://WWW.AMAZON.CA/AIMASHA-COMPLETE-BATHROOM-RAINFALL-RCS81005MB/DP/B08KVR4968
AIMENGWU	AIMENGWU	amazon.ca	HTTPS://WWW.AMAZON.CA/AIMENGWU-SOLID-COLOR-FORMAL-NECKTIES/DP/B0BR8NHM5B
AIMINTSEN	AIMINTSEN	amazon.ca	HTTPS://WWW.AMAZON.CA/STOPPER-EXTERIOR-INTERIOR-SOUNDPROOF-STRIPPING/DP/B07Z4RNHVK
AIMINTSEN	AIMINTSEN	amazon.ca	HTTPS://WWW.AMAZON.CA/AIMINTSEN-5000MAH-RECHARGEABLE-BATTERY-ELECTRIC/DP/B0BJ8ZS4GL
AIMINTSEN	AIMINTSEN	amazon.ca	HTTPS://WWW.AMAZON.CA/AIMINTSEN-CHARGING-ELECTRIC-WASHABLE-BATT-ERY/DP/B0CQ2FPLPP
AIMINTSEN	AIMINTSEN	amazon.ca	HTTPS://WWW.AMAZON.CA/AIMINTSEN-SOUNDPROOF-STRIPPING-EXTERIOR-INTERIOR/DP/B09QM7QFRF
AIMOLY	AIMOLY	amazon.ca	HTTPS://WWW.AMAZON.CA/AIMOLY-CAPACITY-COMMERCIAL-RESTAURANT-WAREHOUSE/DP/B0FMQ3X842
AIMYZII	AIMYZII	amazon.ca	HTTPS://WWW.AMAZON.CA/AIMYZII-SECURITY-SYSTEMS-INCLUDED-ADAPTERS/DP/B0BBHHXPHW
AINAFIX	AINAFIX	amazon.ca	HTTPS://WWW.AMAZON.CA/AINAFIX-DUMBBELL-FRACTIONAL-DESIGNED-TRAINING/DP/B0D6XNC53N
AINQIANT	AINQIANT	amazon.ca	HTTPS://WWW.AMAZON.CA/AINQIANT-CEILING-ENCLOSED-CONTROL-INDOOR-GOLD/DP/B0BGPSYBST
AINQIANT	AINQIANT	amazon.ca	HTTPS://WWW.AMAZON.CA/AINQIANT-CEILING-FARMHOUSE-BLADELESS-BEDROOM/DP/B0BRKN8Z85
AINROCK	AINROCK	amazon.ca	HTTPS://WWW.AMAZON.CA/AINROCK-WOMENS-CHUNKY-SANDALS-WEDDING/DP/B0CNHY5L6X
AIOUARC	AIOUARC	amazon.ca	HTTPS://WWW.AMAZON.CA/LIGHTER-GLITTER-WINDPROOF-REFILLABLE-BIRTHDAY/DP/B0C3LXQQR5
AIPLAMP	AIPLAMP	amazon.ca	HTTPS://WWW.AMAZON.CA/DIMMABLE-NARROW-500WATT-HALOGEN-EQUIVALENT/DP/B08VMX2X4H
AIQIAOXIN	AIQIAOXIN	amazon.ca	HTTPS://WWW.AMAZON.CA/AIQIAOXIN-BABY-DISPOSABLE-DISPOSABLE-TRAVEL/DP/B09WHZGFBR
AIRABC	AIRABC	amazon.ca	HTTPS://WWW.AMAZON.CA/AIRABC-REMOVABLE-EASY-RELEASE-CERTIFIED-STACKABLE/DP/B08TQSYDYR
AIRHOGS	AIRHOGS	amazon.ca	HTTPS://WWW.AMAZON.CA/STORES/AIRHOGS/PAGE/5FB32266-CD74-4A89-97DE-CFF66DDC6225
AIRHOWOWAQSP	AIRHOWOWAQSP	amazon.ca	HTTPS://WWW.AMAZON.CA/AIRHOWOWAQSP-TOWABLE-BOATING-INFLATABLE-HEAVY-DUTY/DP/B0CN6NH2FJ
AIRMALLTEC	AIRMALLTEC	amazon.ca	HTTPS://WWW.AMAZON.CA/STORES/AIRMALLTEC/HOMEPAGE/PAGE/AB72372F-8967-439D-9C24-8968C9201E79
AIROZHENTOP	AIROZHENTOP	amazon.ca	HTTPS://WWW.AMAZON.CA/AIROZHENTOP-PHYSICAL-PAINLESS-UPGRADED-MODEL/DP/B0CRJSD2PQ
AIROZHENTOP	AIROZHENTOP	amazon.ca	HTTPS://WWW.AMAZON.CA/WOMEN-AIROZHENTOP-MICRO-PAINLESS-MEDIUM/DP/B0CRJW4WXT
AIRUIFU	AIRUIFU	amazon.ca	HTTPS://WWW.AMAZON.CA/AIRUIFU-MECHANISM-REPLACEMENT-MOVEMENT-OPERATED/DP/B0CJFJL1SY
AISAWATE	AISAWATE	amazon.ca	HTTPS://WWW.AMAZON.CA/AISAWATE-SHEETS-POCKET-WRINKLE-RESISTANT/DP/B0CC1JM4BS
AISIDERK	AISIDERK	amazon.ca	HTTPS://WWW.AMAZON.CA/MOP-STAINLESS-ADHESIVE-ANTI-SLIP-BATHROOM/DP/B0CLG1Z21W
AISINYI	AISINYI	amazon.ca	HTTPS://WWW.AMAZON.CA/AISINYI/B/REF=BL_DP_S_MW_120983318011?IE=UTF8&NODE=120983318011&FIELD-LBR_BRANDS_BROWSE-BIN=AISINYI
AISONYUNG	AISONYUNG	amazon.ca	HTTPS://WWW.AMAZON.CA/AISONYUNG-ENTERTAINMENT-CABINET-STORAGE-BEDROOM/DP/B0B3MTX1H2
AISONYUNG	AISONYUNG	amazon.ca	HTTPS://WWW.AMAZON.CA/AISONYUNG-ENTERTAINMENT-SHELVES-STORAGE-BEDROOM/DP/B0B4S96Z6T
AISPRTS	AISPRTS	amazon.ca	HTTPS://WWW.AMAZON.CA/AISPRTS-COMPRESSION-ADJUSTABLE-MENISCUS-ARTHRITIS/DP/B07Q2GWQST
AITESI2021	AITESI2021	amazon.ca	HTTPS://WWW.AMAZON.CA/AITESI2021-PULLOVER-SLEEVELESS-LIGHTWEIGHT-SWEATERS/DP/B09MB68ZHL
AIUCA	AIUCA	amazon.ca	HTTPS://WWW.AMAZON.CA/AIUCA-GREENSCREEN-BACKGROUND-PHOTOGRAPHY-STREAMING/DP/B0CYBZQ77X
AIUKIU	AIUKIU	amazon.ca	HTTPS://WWW.AMAZON.CA/SLAYER-COLLECTIBLE-BOOSTER-PACKS-TCG-TRADING/DP/B0BXDKBQ5D
AIVOCH	AIVOCH	amazon.ca	HTTPS://WWW.AMAZON.CA/AIVOCH-DRYING-TOWELS-MICROFIBER-TURBAN/DP/B0BQCC3VR7
AIWEWIN	AIWEWIN	amazon.ca	HTTPS://WWW.AMAZON.CA/OUTDOOR-EXTERIOR-FIXTURES-WATERPROOF-OUTSIDE/DP/B09XPXCSFP
AIXIBU	AIXIBU	amazon.ca	HTTPS://WWW.AMAZON.CA/AI-XIBU-AIXIBU-650ML-SOURDOUGH-STARTER/DP/B0C6XM8D3P
AIYMO	AIYMO	amazon.ca	HTTPS://WWW.AMAZON.CA/ADJUSTABLE-HARNESS-SEATBELT-UNIVERSAL-AIYMO/DP/B0838KDN4M
AIYMO	AIYMO	amazon.ca	HTTPS://WWW.AMAZON.CA/AIYMO-HARNESS-ADJUSTABLE-SEATBELT-UNIVERSAL/DP/B098FD98ZZ
AIYOUYIYA	AIYOUYIYA	amazon.ca	HTTPS://WWW.AMAZON.CA/AIYOUYIYA-ADULT-STARFISH-ONESIE-COSTUME/DP/B0F5BH595S
AJUBENCE	AJUBENCE	amazon.ca	HTTPS://WWW.AMAZON.CA/AJUBENCE-ASSEMBLY-COMPLETED-COLLECTORS-DECORATION/DP/B0D7Q866C7
AK1980	AK1980	amazon.ca	HTTPS://WWW.AMAZON.CA/AK1980-FITNESS-ACTIVITY-PRESSURE-WATERPROOF/DP/B07MT8CNGH
AKAJTSW	AKAJTSW	amazon.ca	HTTPS://WWW.AMAZON.CA/AKAJTSW-ANIME-TAPESTRY-HANDING-BACKDROP/DP/B0CHB4WLG2
AKAJTSW	AKAJTSW	amazon.ca	HTTPS://WWW.AMAZON.CA/AKAJTSW-TAPESTRY-THOUSAND-BACKDROP-BIRTHDAY/DP/B0CDVHDFYV
AKAJTSW	AKAJTSW	amazon.ca	HTTPS://WWW.AMAZON.CA/AKAJTSW-TAPESTRY-BACKDROP-BIRTHDAY-DECORATION/DP/B0C5VXQ419
AKAXI	AKAXI	amazon.ca	HTTPS://WWW.AMAZON.CA/AKAXI-PANDORA-PROJECTOR-SUPPORTS-FAVORITES/DP/B0C1XRJPKX
AKEIE	AKEIE	amazon.ca	HTTPS://WWW.AMAZON.CA/STORES/AKEIE/%E4%B8%BB%E9%A1%B5/PAGE/3E3A9962-CA82-4503-8DE2-36DD5A94B5A3
AKELEVER	AKELEVER	amazon.ca	HTTPS://WWW.AMAZON.CA/AKELEVER-DIMMABLE-BEDROOM-FANTASY-STONER/DP/B0CGDJZSL5
AKEXERMU	AKEXERMU	amazon.ca	HTTPS://WWW.AMAZON.CA/DECALS-FLOWING-BLOODY-HORROR-STICKER/DP/B08T5RRX9R
AKIMCALIU	AKIMCALIU	amazon.ca	HTTPS://WWW.AMAZON.CA/MILITARY-SHOCKPROOF-PROTECTOR-KICKSTAND-CAMOFLAGE/DP/B0CNCRM9CX
AKIMID	AKIMID	amazon.ca	HTTPS://WWW.AMAZON.CA/AKIMID-REPLACEMENT-WEAR-TEAR-ACCESSORIES/DP/B085N41XZ1
AKITBAHOME	AKITBAHOME	amazon.ca	HTTPS://WWW.AMAZON.CA/AKITBAHOME-SLIDING-HANDLE-BRUSHED-NICKEL/DP/B096W4LK5W
AKLHLKK	AKLHLKK	amazon.ca	HTTPS://WWW.AMAZON.CA/PIECES-BRANCH-SILHOUETTE-BACKYARD-OUTDOOR/DP/B09C4MD35S
AKSEKA	AKSEKA	amazon.ca	HTTPS://WWW.AMAZON.CA/AKSEKA-RAILS-SPORTBACK-ADJUSTABLE-LOCKABLE/DP/B0BDYZ9NHB
AKSESROYAL	AKSESROYAL	amazon.ca	HTTPS://WWW.AMAZON.CA/STORES/AKSESROYAL/AKSESROYAL/PAGE/1467695C-3930-4E5E-B640-59BE731D925F
AKTSNYMPH	AKTSNYMPH	amazon.ca	HTTPS://WWW.AMAZON.CA/AKTSNYMPH-SPOTLIGHTS-REPLACEMENT-EQUIVALENT-NON-DIMMABLE/DP/B0C49KNFJ5
AKUMERLY	AKUMERLY	amazon.ca	HTTPS://WWW.AMAZON.CA/AKUMERLY-AKUMERLY-02-CHARGING-CASE/DP/B0C8NFDL8H
AKXSINKA	AKXSINKA	amazon.ca	HTTPS://WWW.AMAZON.CA/AKXSINKA-EYELASH-EXTENSION-INDIVIDUAL-EXTENSIONS/DP/B0B5GQL1LX
AKXSINKA	AKXSINKA	amazon.ca	HTTPS://WWW.AMAZON.CA/AKXSINKA-ORIGINAL-EXTENSION-COMFORTABLE-INDIVIDUAL/DP/B0CCT6BTMC
ALAISLYC	ALAISLYC	amazon.ca	HTTPS://WWW.AMAZON.CA/STORES/ALAISLYC/PAGE/E8A82EFB-8CFB-4055-B161-CE3FDDAD7911
ALAMOHA	ALAMOHA	amazon.ca	HTTPS://WWW.AMAZON.CA/ALAMOHA-MICROFIBER-TRAVEL-SPORTS-ABSORBENT-COMPACT-LIGHTWEIGHT/DP/B071JC934W
ALAMOHA	ALAMOHA	amazon.ca	HTTPS://WWW.AMAZON.CA/ALAMOHA-MICROFIBER-TRAVEL-SPORTS-ABSORBENT-COMPACT-LIGHTWEIGHT/DP/B0753TGGL4
ALAMOHA	ALAMOHA	amazon.ca	HTTPS://WWW.AMAZON.CA/ALAMOHA-MICROFIBRE-FITNESS-LIGHTWEIGHT-DRYING-GREAT/DP/B073VDJFRC
ALAMOHA	ALAMOHA	amazon.ca	HTTPS://WWW.AMAZON.CA/ALAMOHA-MICROFIBER-TOWEL-QUICK-ABSORBENT-LIGHTWEIGHT/DP/B08LFZK5K9
ALAMOHA	ALAMOHA	amazon.ca	HTTPS://WWW.AMAZON.CA/ALAMOHA-MICROFIBER-TRAVELING-COMPACT-LIGHTWEIGHT/DP/B07CN4SFZ5
ALAMOHA	ALAMOHA	amazon.ca	HTTPS://WWW.AMAZON.CA/ALAMOHA-MICROFIBER-OUTDOORS-TRAVEL-TOWEL/DP/B07LGCYWDR
ALANBER	ALANBER	amazon.ca	HTTPS://WWW.AMAZON.CA/STORES/ALANBER/PAGE/1043D02B-9FE5-45C2-949C-F67BF908B551
ALAOHU	ALAOHU	amazon.ca	HTTPS://WWW.AMAZON.CA/ALAOHU-FS-GT5-CHANNELS-TRANSMITTER-RECEIVER/DP/B0D94B8XN1
ALAYGER	ALAYGER	amazon.ca	HTTPS://WWW.AMAZON.CA/WOMEN-PLUSH-TEDDY-SLIPPERS-INDOOR/DP/B08MJML59K
ALAYGER	ALAYGER	amazon.ca	HTTPS://WWW.AMAZON.CA/ALAYGER-WOMENS-PLUSH-SLIPPERS-KAWAII/DP/B09VKXHVRN
ALECOSFUN	ALECOSFUN	amazon.ca	HTTPS://WWW.AMAZON.CA/ALECOSFUN-PRISONER-COSTUME-JUMPSUIT-HALLOWEEN/DP/B0DBZMJWN1
ALEIFLE	ALEIFLE	amazon.ca	HTTPS://WWW.AMAZON.CA/CARRIER-INSULATED-NEOPRENE-PROTECTOR-STAINLESS/DP/B07QNWJNLG
ALEXANTA	ALEXANTA	amazon.ca	HTTPS://WWW.AMAZON.CA/STORES/ALEXANTA/ALEXANTA/PAGE/E7E772FA-1471-4DEC-B549-3602BF0DAD68
ALEZYWELS	ALEZYWELS	amazon.ca	HTTPS://WWW.AMAZON.CA/ALEZYWELS-WATERPROOF-STORAGE-ORGANIZER-TRAVELING/DP/B0DNSF7RH3
ALICEDREAMSKY	ALICEDREAMSKY	amazon.ca	HTTPS://WWW.AMAZON.CA/ALICEDREAMSKY-TUNNEL-COLLAPSIBLE-TUNNELS-INDOOR/DP/B08LMP69GW
ALIFANDFRIENDS	ALIFANDFRIENDS	amazon.ca	HTTPS://WWW.AMAZON.CA/STORES/ALIFANDFRIENDS/PAGE/AE143F64-A4A4-4A82-8D7A-9D35CA330905
ALIMELT	ALIMELT	amazon.ca	HTTPS://WWW.AMAZON.CA/SERENITY-KNITTING-INFINITY-PROJECTS-BLANKETS/DP/B07L25P5FN
ALIMENTATA	ALIMENTATA	amazon.ca	HTTPS://WWW.AMAZON.CA/ALIMENTATA-CONTROL-CHARGING-MINIMALIST-NIGHTSTAND/DP/B0CQLVTBWH
ALINFU	ALINFU	amazon.ca	HTTPS://WWW.AMAZON.CA/ALINFU-UNBALANCED-SWEATER-PULLOVER-CARDIGAN/DP/B01M4KJSJQ
ALINHOME	ALINHOME	amazon.ca	HTTPS://WWW.AMAZON.CA/ALINHOME-CLASSIC-FIXTURE-HANGING-FARMHOUSE/DP/B084HDXT9T
ALINHOME	ALINHOME	amazon.ca	HTTPS://WWW.AMAZON.CA/ALINHOME-2-LIGHTS-BATHROOM-VINTAGE-LIGHTING/DP/B086W4N5DY
ALIOPIS	ALIOPIS	amazon.ca	HTTPS://WWW.AMAZON.CA/CONDITIONER-OSCILLATING-ALIOPIS-EVAPORATIVE-TEMPERATURE/DP/B08V5G36NP
ALIWENDY	ALIWENDY	amazon.ca	HTTPS://WWW.AMAZON.CA/WINTER-WATERPROOF-SNEAKER-NON-SLIP-OUTDOOR/DP/B07FNB8TRQ
ALIWLHOF	ALIWLHOF	amazon.ca	HTTPS://WWW.AMAZON.CA/ALIWLHOF-KEYBOARD-CASE-IPAD-GENERATION/DP/B0BS9VKQZH
ALLARTONLY	ALLARTONLY	amazon.ca	HTTPS://WWW.AMAZON.CA/ALLARTONLY/B/REF=BL_DP_S_MW_37103901011?IE=UTF8&NODE=37103901011&FIELD-LBR_BRANDS_BROWSE-BIN=ALLARTONLY
ALLASWISH	ALLASWISH	amazon.ca	HTTPS://WWW.AMAZON.CA/ALLASWISH-OUTDOOR-WATERPROOF-PLATFORM-BOOTIES/DP/B0BBRYKN7D
ALLFELIXA	ALLFELIXA	amazon.ca	HTTPS://WWW.AMAZON.CA/ALLFELIXA-MEMORIAL-PLAQUES-ORNAMENTS-GRAVE/DP/B0D49X88N6
ALLMYHOMY	ALLMYHOMY	amazon.ca	HTTPS://WWW.AMAZON.CA/2015-2021-ALLMYHOMY-SWITCHES-2014-2019-REPLACES/DP/B0FG2F7G2P
ALLTIDYUP	ALLTIDYUP	amazon.ca	HTTPS://WWW.AMAZON.CA/ALLTIDYUP-HANGING-ORGANIZER-DUAL-ROW-FOLDABLE/DP/B0F7LH83DT
ALLTIDYUP	ALLTIDYUP	amazon.ca	HTTPS://WWW.AMAZON.CA/ALLTIDYUP-ORGANIZER-OVERSIZED-HEAVY-DUTY-DEFORMATION/DP/B0F1T69XP7
ALLTOPE	ALLTOPE	amazon.ca	HTTPS://WWW.AMAZON.CA/ALLTOPE-ORGANIZER-HANGING-POCKETS-SNEAKERS/DP/B0BKRW8QYM
ALLTOPE	ALLTOPE	amazon.ca	HTTPS://WWW.AMAZON.CA/ELECTRIC-BODY-BRUSH-ALLTOPE-RECHARGEABLE/DP/B0CBX3TG1B
ALLTOPE	ALLTOPE	amazon.ca	HTTPS://WWW.AMAZON.CA/ALLTOPE-LEATHER-SLING-WOMEN-CROSSBODY/DP/B0CFCVHFVJ
ALLURETTE	ALLURETTE	amazon.ca	HTTPS://WWW.AMAZON.CA/ALLURETTE-WASH-BAG-DELICATES-LINGERIE/DP/B071NSKLF1
ALLUSEIT	ALLUSEIT	amazon.ca	HTTPS://WWW.AMAZON.CA/ALLUSEIT-CERAMIC-PORCELAIN-DISHWASHER-MICROWAVE-SAFE/DP/B0BG63KDYF
ALLYOULAND	ALLYOULAND	amazon.ca	HTTPS://WWW.AMAZON.CA/ALLYOULAND-BLANKET-ELECTRIC-AUTO-OFF-WASHABLE/DP/B0FDK993VH
ALMHH	ALMHH	amazon.ca	HTTPS://WWW.AMAZON.CA/ALMHH-GRADUATION-TASSELS-STUDENTS-PHOTOGRAPHY/DP/B0BXGS39JM
ALPENKOK	ALPENKOK	amazon.ca	HTTPS://WWW.AMAZON.CA/CREAMER-PUMP-COFFEE-SYRUP-BOTTLE/DP/B07D6TZDTX
ALSETRIA	ALSETRIA	amazon.ca	HTTPS://WWW.AMAZON.CA/ALSETRIA-PORTABLE-CONDITIONER-SMART-CONTROL/DP/B0B24QWRXC
ALSETRIA	ALSETRIA	amazon.ca	HTTPS://WWW.AMAZON.CA/ALSETRIA-000-BTU-PORTABLE-CONDITIONER/DP/B0B24PPMBN
ALTIKEEP	ALTIKEEP	amazon.ca	HTTPS://WWW.AMAZON.CA/ALTIKEEP-FIREPROOF-SAFE-DISPLAY-CUBIC/DP/B0CL4J8MC2
ALUCKMAO	ALUCKMAO	amazon.ca	HTTPS://WWW.AMAZON.CA/ALUCKMAO-DOG-PUZZLE-TOY-STIMULATION/DP/B0F1KHMWC9
ALVARZA	ALVARZA	amazon.ca	HTTPS://WWW.AMAZON.CA/ALVARZA-DOUBLE-LONG-GUN-BAG/DP/B0DBV1KYWF
ALYBSOO	ALYBSOO	amazon.ca	HTTPS://WWW.AMAZON.CA/HANDMADE-SEAGRASS-FARMHOUSE-BOHEMIAN-BEDROOMS/DP/B0BY1RM3CM
AMABCDET	AMABCDET	amazon.ca	HTTPS://WWW.AMAZON.CA/AMABCDET-TABLECLOTH-PSYCHEDELIC-WATERPROOF-SPILL-PROOF/DP/B0CY2F38KD
AMACIGANA	AMACIGANA	amazon.ca	HTTPS://WWW.AMAZON.CA/AMACIGANA-BLANKET-PAINTING-CONDITIONING-BLANKETS/DP/B0BBGFMJ23
AMACIGANA	AMACIGANA	amazon.ca	HTTPS://WWW.AMAZON.CA/AMACIGANA-BLANKET-TWO-TONED-REVERSIBLE-MICROFIBER/DP/B0CHMW32CH
AMALEKO	AMALEKO	amazon.ca	HTTPS://WWW.AMAZON.CA/STORAGE-CONTAINERS-INCLUDE-COMPARTMENTS-BPA-FREE/DP/B0CYSGBFLX
AMEESI	AMEESI	amazon.ca	HTTPS://WWW.AMAZON.CA/AMEESI-PILLOW-CUSHION-ORANGE-WATERMELON/DP/B07G45TRY5
AMEIERGRO	AMEIERGRO	amazon.ca	HTTPS://WWW.AMAZON.CA/AMEIERGRO-TURNING-ACCESSORIES-EXTENDABLE-LENGTH%EF%BC%8CPIZZA/DP/B0CHMNFQMC
AMEIERGRO	AMEIERGRO	amazon.ca	HTTPS://WWW.AMAZON.CA/PERFORATED-AMEIERGRO-ANODISED-ALUMINUM-ACCESSORIES/DP/B09NM8TW61
AMEIERGRO	AMEIERGRO	amazon.ca	HTTPS://WWW.AMAZON.CA/AMEIERGRO-12X14-FOLDABLE-WOODEN-HANDLE/DP/B09L4Q9V14
AMELIEVER	AMELIEVER	amazon.ca	HTTPS://WWW.AMAZON.CA/AMELIEVER-WOMENS-PULLOVER-SWEATSHIRTS-POCKETS/DP/B0BB3LF9VY
AMERICANGROUNDSCREWMFGSUPPLY	AMERICANGROUNDSCREWMFGSUPPLY	amazon.ca	HTTPS://WWW.AMAZON.CA/AMERICAN-GROUND-SCREW-MFG-SUPPLY/DP/B0787KBCS5
AMETAQUA	AMETAQUA	amazon.ca	HTTPS://WWW.AMAZON.CA/AMETAQUA-SURFBOARD-PADDLE-SNOWBOARD-CROSSBARS/DP/B09VSGDHRS
AMEUPHERCY	AMEUPHERCY	amazon.ca	HTTPS://WWW.AMAZON.CA/PAPER-PLATE-SILVERWARE-ORGANIZER-ACCESSORIES/DP/B09WN1NNQW
AMEUPIN	AMEUPIN	amazon.ca	HTTPS://WWW.AMAZON.CA/AMEUPIN-EGG-RINGS-GRIDDLE-FRYING/DP/B09G9GZZ2V
AMIDEAR	AMIDEAR	amazon.ca	HTTPS://WWW.AMAZON.CA/AMIDEAR-DOLLHOUSE-PRINCESS-FURNITURE-PLAY-HOUSE/DP/B0CQP2FJ8Y
AMMENGBEI	AMMENGBEI	amazon.ca	HTTPS://WWW.AMAZON.CA/AMMENGBEI-CARDIGAN-CROCHET-PULLOVER-SWEATSHIRT/DP/B09KL8J7SG
AMMENGBEI	AMMENGBEI	amazon.ca	HTTPS://WWW.AMAZON.CA/AMMENGBEI-TURBAN-NEWBORN-INFANT-BEANIE/DP/B0DC5W6C1F
AMMENGBEI	AMMENGBEI	amazon.ca	HTTPS://WWW.AMAZON.CA/AMMENGBEI-TODDLER-FLORAL-SHOULDER-DRESSES/DP/B09JBZJQCL
AMMENGBEI	AMMENGBEI	amazon.ca	HTTPS://WWW.AMAZON.CA/AMMENGBEI-SWIMSUIT-ZIPPER-SWIMWEAR-SURFING/DP/B094J6K2L5
AMMPUG	AMMPUG	amazon.ca	HTTPS://WWW.AMAZON.CA/AMMPUG-SILVERWARE-CADDY-CONTAINERS-BLACK/DP/B0DJ4GRQWC
AMONHOUSEWARE	AMONHOUSEWARE	amazon.ca	HTTPS://WWW.AMAZON.CA/AMONHOUSEWARE-HANGING-ADJUSTABLE-ORGANIZER-BOOKSHELF/DP/B0BY2VD685
AMOSIWALLART	AMOSIWALLART	amazon.ca	HTTPS://WWW.AMAZON.CA/AMOSIWALLART-CANVAS-PAINTING-PICTURE-12X12INCHX4PCS/DP/B07K87J17G
AMOTIE	AMOTIE	amazon.ca	HTTPS://WWW.AMAZON.CA/AMOTIE-CANDLE-MAKING-CANDLES-12PACK/DP/B0CLH9V3CP
AMOTOFO	AMOTOFO	amazon.ca	HTTPS://WWW.AMAZON.CA/ANCHORE-ROTATION-NECKLACE-ORGANIZER-DUST-PROOF/DP/B085NG4KQL
AMOUPUP	AMOUPUP	amazon.ca	HTTPS://WWW.AMAZON.CA/AMOUPUP-FOOTBALL-SPORTS-GIFTS-LIGHT-BATTERIES/DP/B0B8MGJHNF
AMPLOCK	AMPLOCK	amazon.ca	HTTPS://WWW.AMAZON.CA/AMPLOCK-BRP2516-TRAILER-COUPLER-INCHES/DP/B00NUNFKS6
AMSTAFFFITNESS	AMSTAFFFITNESS	amazon.ca	HTTPS://WWW.AMAZON.CA/STORES/AMSTAFFFITNESS/PAGE/B28FC755-A1F7-4E2D-BC55-85AC0501BEC3
AMUSFLYNNEL	AMUSFLYNNEL	amazon.ca	HTTPS://WWW.AMAZON.CA/WARNING-SIGN-MUSTER-POINT-BUSINESS/DP/B096R35Q1L
AMUSFLYNNEL	AMUSFLYNNEL	amazon.ca	HTTPS://WWW.AMAZON.CA/AMUSFLYNNEL-VALUABLE-RESPONSIBLE-BUSINESS-ALUMINUM/DP/B09637KPLV
AMUSFLYNNEL	AMUSFLYNNEL	amazon.ca	HTTPS://WWW.AMAZON.CA/WARNING-SINGLE-TRAFFIC-BUSINESS-ALUMINUM/DP/B096KJMGZF
AMVOOM	AMVOOM	amazon.ca	HTTPS://WWW.AMAZON.CA/AMVOOM-HANDMADE-GLASS-KLEIN-BOTTLE/DP/B017UY60MK
AMYOXU	AMYOXU	amazon.ca	HTTPS://WWW.AMAZON.CA/VINTAGE-PAINTED-CABINET-HANDLES-DECORATION/DP/B0B96R8MDJ
AMZGLORY	AMZGLORY	amazon.ca	HTTPS://WWW.AMAZON.CA/LIFTING-AMZGLORY-HOISTING-HANGING-UNLOADING/DP/B0BHSP215J
AMZJJLE	AMZJJLE	amazon.ca	HTTPS://WWW.AMAZON.CA/WEATHER-STRIPPING-DENSITY-SOUNDPROOFING-INSULATION/DP/B0CRQV2J8R
AMZJJLE	AMZJJLE	amazon.ca	HTTPS://WWW.AMAZON.CA/AMZJJLE-NATIVITY-CHRISTMAS-DECORATIONS-CHILDREN/DP/B0CDKQD761
AMZLIKE	AMZLIKE	amazon.ca	HTTPS://WWW.AMAZON.CA/AMZLIKE-REPLACEMENT-RUBBER-WALKING-WALKERS/DP/B0B1VGJQDX
AMZTEX	AMZTEX	amazon.ca	HTTPS://WWW.AMAZON.CA/AMZTEX-WATERPROOF-REVERSIBLE-BLANKET-FURNITURE/DP/B0B7N1NX3Z
ANAMPION	ANAMPION	amazon.ca	HTTPS://WWW.AMAZON.CA/STORES/ANAMPION/PAGE/51CBA6D7-5A5B-48C5-BB91-981D288103C7
ANAOER	ANAOER	amazon.ca	HTTPS://WWW.AMAZON.CA/TREADMILL-EXERCISE-EQUIPMENT-HARDWOOD-PROTECTION/DP/B07Y7TMS8K
ANBAGE	ANBAGE	amazon.ca	HTTPS://WWW.AMAZON.CA/ANBAGE-SILICONE-PRESS-TYPE-EASY-RELEASE-WHISKEY-2/DP/B0BVG1S6DK
ANCEVSK	ANCEVSK	amazon.ca	HTTPS://WWW.AMAZON.CA/SHREDDER-MANDOLIN-INTERCHANGEABLE-HASHBROWN-CHOCOLATE/DP/B08G3W6D2L
ANCHAYUAN	ANCHAYUAN	amazon.ca	HTTPS://WWW.AMAZON.CA/ANCHAYUAN-SUBMERSIBLE-UNDERWATER-MULTI-COLORED-CENTERPIECES/DP/B0824WWMD3
ANDEGO	ANDEGO	amazon.ca	HTTPS://WWW.AMAZON.CA/STORES/ANDEGO/HOMEPAGE/PAGE/3BE05B97-5452-49C5-9D2E-564688F59A4D
ANDEIP	ANDEIP	amazon.ca	HTTPS://WWW.AMAZON.CA/ANDEIP-WOMENS-SWIMSUIT-BEACHWEAR-BATHING/DP/B09WDNQCWW
ANDESCOBO	ANDESCOBO	amazon.ca	HTTPS://WWW.AMAZON.CA/ANDESCOBO-GUINEA-LITTER-KITCHEN-MIDWEST/DP/B09TKJFNTY
ANEKOUL	ANEKOUL	amazon.ca	HTTPS://WWW.AMAZON.CA/ANEKOUL-SILICONE-DECORATION-CHOCOLATE-ACCESSORIES/DP/B0B1TMZNK5
ANEXLINEN	ANEXLINEN	amazon.ca	HTTPS://WWW.AMAZON.CA/ANEXLINEN-NATURAL-COTTON-PIECE-BEDDING/DP/B0C289ZDCP
ANEXLINEN	ANEXLINEN	amazon.ca	HTTPS://WWW.AMAZON.CA/ANEXLINEN-PIECE-BOX-STITCHED-COMFORTER/DP/B0DJ2R9VH5
ANGEDZ	ANGEDZ	amazon.ca	HTTPS://WWW.AMAZON.CA/ANGEDZ-UNDERCARRIAGE-PRESSURE-ATTACHMENT-EXTENSION/DP/B0BR2MV1VY
ANGEER	ANGEER	amazon.ca	HTTPS://WWW.AMAZON.CA/STORES/ANGEER/%E4%B8%BB%E9%A1%B5/PAGE/69036766-3755-4D58-8D8B-D5097FD77B6E
ANGKNG	ANGKNG	amazon.ca	HTTPS://WWW.AMAZON.CA/ANGKNG-LIGHTWEIGHT-EFFICIENT-OVERHEATING-PROTECTION/DP/B0D6K3DMP5
ANGKNG	ANGKNG	amazon.ca	HTTPS://WWW.AMAZON.CA/PERMANENT-OUTDOOR-ANGKNG-CHRISTMAS-WATERPROOF/DP/B0FG6X64ZB
ANGKNG	ANGKNG	amazon.ca	HTTPS://WWW.AMAZON.CA/ELECTRIC-ANGKNG-QUICK-FILL-PORTABLE-INFLATABLE/DP/B0DY814WTG
ANGMLN	ANGMLN	amazon.ca	HTTPS://WWW.AMAZON.CA/STORES/ANGMLN/PAGE/F5D36954-938E-4893-A88B-12BBCE4FF9B2
ANHENDELER	ANHENDELER	amazon.ca	HTTPS://WWW.AMAZON.CA/ANHENDELER-B311-GDFGDFSFSDF81/DP/B0CR4CKCQ3
ANHIXUSE	ANHIXUSE	amazon.ca	HTTPS://WWW.AMAZON.CA/ANHIXUSE-MICROFIBER-CLEANING-KITCHEN-INSTRUMENTS/DP/B0B9MJZH2C
ANJIESENG	ANJIESENG	amazon.ca	HTTPS://WWW.AMAZON.CA/ANJIESENG-PRESSURE-INDUSTRIAL-CONNECTOR-FITTING/DP/B0B4BH2CFG
ANKSAYSH	ANKSAYSH	amazon.ca	HTTPS://WWW.AMAZON.CA/BATHROOM-HANDHELD-MOUNTED-PRESSURE-RAINFALL/DP/B0BGP2GZ3K
ANKTON	ANKTON	amazon.ca	HTTPS://WWW.AMAZON.CA/GENERIC-ZIPORG1-ANKTON-STORAGE-CONTAINER/DP/B09SN3G7FT
ANKUNABA	ANKUNABA	amazon.ca	HTTPS://WWW.AMAZON.CA/ANKUNABA-ULTRASONIC-VIBRATION-REPLACEMENT-CONTAINERS/DP/B0C717667S
ANLEBUY	ANLEBUY	amazon.ca	HTTPS://WWW.AMAZON.CA/ANLEBUY-PORTABLE-FOLDABLE-COLLAPSIBLE-BLACK/DP/B0DMNVFYRC
ANLEBUY	ANLEBUY	amazon.ca	HTTPS://WWW.AMAZON.CA/ANLEBUY-RACK01-GARMENT-RACK-BLUE/DP/B0B2RRSQMN
ANLOTI	ANLOTI	amazon.ca	HTTPS://WWW.AMAZON.CA/REPLACEMENT-REMOTE-CONTROL-HISENSE-GOOGLE/DP/B0C682Z78L
ANLOTI	ANLOTI	amazon.ca	HTTPS://WWW.AMAZON.CA/RC802V-CONTROL-RPLACEMENT-COMPATIBLE-ANDROID/DP/B0B3QSD9LZ
ANMASEVEN	ANMASEVEN	amazon.ca	HTTPS://WWW.AMAZON.CA/ANMASEVEN-CALLIGRAPHY-PICTURES-DECORATION-20X40INCH/DP/B097TXHB3M
ANNAROR	ANNAROR	amazon.ca	HTTPS://WWW.AMAZON.CA/STORES/ANNAROR/PAGE/A8982763-BA2A-4DB8-B204-0DC294E45688
ANNDOO	ANNDOO	amazon.ca	HTTPS://WWW.AMAZON.CA/WHITEBOARD-17-4X47-2-REFRIGERATOR-CLASSROOM-KINDERGARDEN/DP/B0949K2MQT
ANNURSSY	ANNURSSY	amazon.ca	HTTPS://WWW.AMAZON.CA/ANNURSSY-MULTI-FUNCTION-PLASTIC-PIECE-FUNNEL/DP/B07W6T6MV7
ANNXRENN	ANNXRENN	amazon.ca	HTTPS://WWW.AMAZON.CA/ANNXRENN-WATERPROOF-KITCHEN-BEDROOM-INCLUDED/DP/B0C6KMLL7R
ANPEAC	ANPEAC	amazon.ca	HTTPS://WWW.AMAZON.CA/ANPEAC-SPELLING-MONTESSORI-TODDLERS-PRESCHOOL/DP/B09VPH9WGR
ANPEAC	ANPEAC	amazon.ca	HTTPS://WWW.AMAZON.CA/ANPEAC-COUNTING-MATCHING-MONTESSORI-TODDLERS/DP/B09Q3BWC59
ANQLRMD	ANQLRMD	amazon.ca	HTTPS://WWW.AMAZON.CA/ANQLRMD-TEA-BAG-ORGANIZER-BOX/DP/B0B4GWHFBH
ANQULITH	ANQULITH	amazon.ca	HTTPS://WWW.AMAZON.CA/ANQULITH-LARGE-SEAT-CUSHION-TAILBONE/DP/B0CSK5F19B
ANRIWT	ANRIWT	amazon.ca	HTTPS://WWW.AMAZON.CA/ANRIWT-FITTINGS-CONNECT-FITTING-CONNECTOR/DP/B0CJBQYLVK
ANSHENGLONGHE	ANSHENGLONGHE	amazon.ca	HTTPS://WWW.AMAZON.CA/STATIONARY-ENVELOPES-STATIONERY-DIFFERENT-STATIONERY/DP/B0BTXX55GP
ANSODY	ANSODY	amazon.ca	HTTPS://WWW.AMAZON.CA/STORES/ANSODY/PAGE/E9386BED-016A-4367-AC58-7BC20384254B
ANSUOBO	ANSUOBO	amazon.ca	HTTPS://WWW.AMAZON.CA/CERAMIC-STONEWARE-SUCCULENT-DRAINAGE-WINDOWSILL/DP/B09HS71C83
ANTISSHOME	ANTISSHOME	amazon.ca	HTTPS://WWW.AMAZON.CA/STORES/ANTISSHOME/%E4%B8%BB%E9%A1%B5/PAGE/4D173B55-2250-40C7-979D-CA30CF096BEE
ANWINER	ANWINER	amazon.ca	HTTPS://WWW.AMAZON.CA/ANWINER-RESISTANCE-BANDS-EXERCISE-STACKABLE/DP/B09WD92PQT
ANXBBO	ANXBBO	amazon.ca	HTTPS://WWW.AMAZON.CA/ANXBBO-SILICONE-MUFFIN-PAN-SET/DP/B0CQX2FZW6
ANYI16	ANYI16	amazon.ca	HTTPS://WWW.AMAZON.CA/INFUSER-FILTER-PACK-STAINLESS-STEEL/DP/B085T7SN6X
ANYSELL88	ANYSELL88	amazon.ca	HTTPS://WWW.AMAZON.CA/ANYSELL88-BILLIARD-KEYCHAIN-SNOOKER-TABLE/DP/B07GN64TPR
ANZITINLAN	ANZITINLAN	amazon.ca	HTTPS://WWW.AMAZON.CA/ANZITINLAN-UNICORN-STUFFED-CHILDREN-COLORFUL/DP/B08BF8TSST
ANZUSY	ANZUSY	amazon.ca	HTTPS://WWW.AMAZON.CA/PITCHER-STAINLESS-ANZUSY-OUNCES-LEMONADE/DP/B09H6YJ8YJ
AOAOGYM	AOAOGYM	amazon.ca	HTTPS://WWW.AMAZON.CA/AOAOGYM-DOORWAY-EXERCISE-STRENGTH-TRAINING/DP/B07WTSCNB2
AOBOCO	AOBOCO	amazon.ca	HTTPS://WWW.AMAZON.CA/STORES/AOBOCO/PAGE/0F0FCB34-AC0F-4B60-B02D-ADB4EF5B7842
AOCEANGO	AOCEANGO	amazon.ca	HTTPS://WWW.AMAZON.CA/AOCEANGO-FARMHOUSE-FLOATING-SHELVES-DISPLAY/DP/B09F3JHWRN
AODAFY	AODAFY	amazon.ca	HTTPS://WWW.AMAZON.CA/AODAFY-OPTICAL-EXTRACTOR-CONVERTER-AMPLIFIER/DP/B0D9BNWXKY
AOEIYE	AOEIYE	amazon.ca	HTTPS://WWW.AMAZON.CA/AOEIYE-6-PIECE-PORTABLE-ACTIVITY-ACTIVITIES/DP/B0CBJD7L71
AOFOLO	AOFOLO	amazon.ca	HTTPS://WWW.AMAZON.CA/UPGRADED-AOFOLO-FRESH-DIAPHRAGM-COMPATIBLE/DP/B0D2D474K5
AOFOLO	AOFOLO	amazon.ca	HTTPS://WWW.AMAZON.CA/UPGRADED-AOFOLO-FRESH-DIAPHRAGM-COMPATIBLE/DP/B0D174C9FJ
AOFOLO	AOFOLO	amazon.ca	HTTPS://WWW.AMAZON.CA/AOFOLO-FRESH-DIAPHRAGM-PRESSURE-COMPATIBLE/DP/B0CQRM8C5T
AOFOLO	AOFOLO	amazon.ca	HTTPS://WWW.AMAZON.CA/AOFOLO-20-8LPM-DIAPHRAGM-PRESSURE-COMPATIBLE/DP/B0C744XJBG
AOFUERY	AOFUERY	amazon.ca	HTTPS://WWW.AMAZON.CA/AOFUERY-NUMBERS-OUTSIDE-WATERPROOF-ILLUMINATED/DP/B0CPDV7PHK
AOGSY	AOGSY	amazon.ca	HTTPS://WWW.AMAZON.CA/AOGSY-NOZOMI-STRAIGHT-PURPLE-COSPLAY/DP/B01A092NVO
AOHDM	AOHDM	amazon.ca	HTTPS://WWW.AMAZON.CA/AOHDM-NON-SLIP-TREADS-CARPET-SELF-ADHESIVE/DP/B0BM9VG9DJ
AOKITSINK	AOKITSINK	amazon.ca	HTTPS://WWW.AMAZON.CA/AOKITSINK-ROLLING-DRAWERS-4-DRAWER-CLASSROOM/DP/B0FDB1RTVS
AOKQYA	AOKQYA	amazon.ca	HTTPS://WWW.AMAZON.CA/AOKQYA-WATERPROOF-TABLECLOTH-RECTANGLE-54X70INCH/DP/B0D1768HR6
AOLEAD	AOLEAD	amazon.ca	HTTPS://WWW.AMAZON.CA/AOLEAD-HEADLIGHT-6500K-FANLESS-CONVERSION/DP/B08N3T14SR
AOLEAD	AOLEAD	amazon.ca	HTTPS://WWW.AMAZON.CA/AOLEAD-HEADLIGHT-6500K-FANLESS-CONVERSION/DP/B08K2KLQGV
AOLIGET	AOLIGET	amazon.ca	HTTPS://WWW.AMAZON.CA/AOLIGET-MICROPHONE-RECORDING-STREAMING-PODCASTING/DP/B0BZSWXM6P
AOLODA	AOLODA	amazon.ca	HTTPS://WWW.AMAZON.CA/AOLODA-HUMIDIFIER-HUMIDIFIER-ULTRA-QUIET-OPERATION/DP/B078FSV7LV
AOLUPAL	AOLUPAL	amazon.ca	HTTPS://WWW.AMAZON.CA/AOLUPAL-MASSAGER-2-PIECES-DRAWSTRING-FLANNELETTE/DP/B09Z91B61N
AOMINOHOMA	AOMINOHOMA	amazon.ca	HTTPS://WWW.AMAZON.CA/AOMINOHOMA-FOLDABLE-SHELVING-CAPACITY-ASSEMBLY/DP/B0DP9H2NS6
AOMKISS	AOMKISS	amazon.ca	HTTPS://WWW.AMAZON.CA/AOMKISS-POLARIZED-FOLDABLE-SUNGLASSES-PROTECTION/DP/B0BFZLJCL8
AOMOON	AOMOON	amazon.ca	HTTPS://WWW.AMAZON.CA/STORES/AOMOON/%E4%B8%BB%E9%A1%B5/PAGE/4CDEDB34-C85E-40CD-B476-0A1694E8F7AE
AOMXAY	AOMXAY	amazon.ca	HTTPS://WWW.AMAZON.CA/BURNING-PORTABLE-PORTABLE-STAINLESS-CHIMNEYS/DP/B09KTXQS67
AOOCEEPAW	AOOCEEPAW	amazon.ca	HTTPS://WWW.AMAZON.CA/AOOCEEPAW-BICYCLE-ADJUSTING-REMOVAL-HOLLOWTECH/DP/B0BYNTTTNJ
AOODU	AOODU	amazon.ca	HTTPS://WWW.AMAZON.CA/AOODU-PENDANT-FIXTURES-CENTURY-CHANDELIER/DP/B09PL7Q664
AOOLIWANG	AOOLIWANG	amazon.ca	HTTPS://WWW.AMAZON.CA/AOOLIWANG-TEMPERATURE-59INCHES-BEDROOM-LIGHTING/DP/B0BKGGJKX3
AOOTOOSPORT	AOOTOOSPORT	amazon.ca	HTTPS://WWW.AMAZON.CA/AOOTOOSPORT-OFFICER-COSTUME-HALLOWEEN-ACCESSORIES/DP/B0D93PYKSK
AOPMGOE	AOPMGOE	amazon.ca	HTTPS://WWW.AMAZON.CA/RESISTANT-BUSINESS-ROLLING-BACKPACK-COMPARTMENT/DP/B07MDT1KXC
AOSDANTING	AOSDANTING	amazon.ca	HTTPS://WWW.AMAZON.CA/AOSDANTING-REPAIR-RUBBER-PIECES-MOTORCYCLE/DP/B09JNY6WC3
AOSETHEFRT	AOSETHEFRT	amazon.ca	HTTPS://WWW.AMAZON.CA/AOSETHEFRT-TOPWATER-FISHING-FLOATING-POPPERS/DP/B0BG21CMCL
AOSIFIEL	AOSIFIEL	amazon.ca	HTTPS://WWW.AMAZON.CA/AOSIFIEL-JEWELRY-ORGANIZERS-NECKLACES-BRACELETS/DP/B09MF27Y67
AOSIVM	AOSIVM	amazon.ca	HTTPS://WWW.AMAZON.CA/AOSIVM-ORGANIZER-COMPARTMENT-ACCESSORIES-FASHIONABLE/DP/B0BXL6ZQHF
AOSKIE	AOSKIE	amazon.ca	HTTPS://WWW.AMAZON.CA/STORES/AOSKIE/PAGE/7D1F5019-1934-4331-9A96-3B2021D7E227
AOSYAX	AOSYAX	amazon.ca	HTTPS://WWW.AMAZON.CA/AOSYAX-RECHARGEABLE-FLASHLIGHTS-LIGHTWEIGHT-HEADLAMPS/DP/B0CT5Y9JR5
AOTHAIGRO	AOTHAIGRO	amazon.ca	HTTPS://WWW.AMAZON.CA/AOTHAIGRO-CHARGING-COMPATIBLE-DOORBELL-SP25-B2/DP/B0D4LXQ651
AOTOZE	AOTOZE	amazon.ca	HTTPS://WWW.AMAZON.CA/AOTOZE-ORTHOPEDIC-ERGONOMIC-CERTIPUR-US-CERTIFICATION/DP/B0DNVPTT5V
AOUMCOM	AOUMCOM	amazon.ca	HTTPS://WWW.AMAZON.CA/AOUMCOM-SUBMERSIBLE-FOUNTAIN-WATERFALL-HYDROPONICS/DP/B0C4P39VN9
AOUMCOM	AOUMCOM	amazon.ca	HTTPS://WWW.AMAZON.CA/AOUMCOM-SUBMERSIBLE-FOUNTAIN-WATERFALL-HYDROPONICS/DP/B0CRRBXHVM
AOVCIUST	AOVCIUST	amazon.ca	HTTPS://WWW.AMAZON.CA/AOVCIUST-REUSABLE-WATERPROOF-LEAKPROOF-INSULATED/DP/B0BGH1VY8C
AOVCIUST	AOVCIUST	amazon.ca	HTTPS://WWW.AMAZON.CA/AOVCIUST-OUTDOOR-CHRISTMAS-DECORATIONS-SNOWFLAKE/DP/B0CB38S57D
AOVIKOOD	AOVIKOOD	amazon.ca	HTTPS://WWW.AMAZON.CA/PORTABLE-RECHARGEABLE-POSTNATAL-HEMORRHOID-TREATMENT/DP/B0D6QPP7L4
AOVIKOOD	AOVIKOOD	amazon.ca	HTTPS://WWW.AMAZON.CA/AOVIKOOD/B/REF=BL_DP_S_MW_69549931011?IE=UTF8&NODE=69549931011&FIELD-LBR_BRANDS_BROWSE-BIN=AOVIKOOD
AOVIKOOD	AOVIKOOD	amazon.ca	HTTPS://WWW.AMAZON.CA/PORTABLE-BIDET-ATTACHMENT-LEAKPROOF-CONVENIENT/DP/B0C6JRH4F1
AOYBEVTY	AOYBEVTY	amazon.ca	HTTPS://WWW.AMAZON.CA/AOYBEVTY-TRANSFER-CHARGING-SAMSUNG-DEVICES/DP/B0BV67ZSMS
AOYEVGS	AOYEVGS	amazon.ca	HTTPS://WWW.AMAZON.CA/AOYEVGS-ANIMALS-CRITTER-CRITTERS-LIZARDS/DP/B0B8JTP71Q
AOYEVGS	AOYEVGS	amazon.ca	HTTPS://WWW.AMAZON.CA/AOYEVGS-ANIMALS-CRITTER-CRITTERS-LIZARDS/DP/B0B8JP3NGJ
AOZISTECH	AOZISTECH	amazon.ca	HTTPS://WWW.AMAZON.CA/AOZISTECH-FIBER-18GBPS-DYNAMIC-COMPATIBLE/DP/B09NQXN43K
AOZISTECH	AOZISTECH	amazon.ca	HTTPS://WWW.AMAZON.CA/AOZISTECH-FIBER-18GBPS-DYNAMIC-COMPATIBLE/DP/B09NR1CCV9
APATSP	APATSP	amazon.ca	HTTPS://WWW.AMAZON.CA/APATSP-PRESERVED-VALENTINES-CHRISTMAS-BIRTHDAY/DP/B0CPBTY4WT
APEXCAM	APEXCAM	amazon.ca	HTTPS://WWW.AMAZON.CA/APEXCAM-UNDERWATER-170%C2%B0WIDE-ANGLE-RECHARGEABLE-ACCESSORIES/DP/B07HP18CWC
APGOOFACE	APGOOFACE	amazon.ca	HTTPS://WWW.AMAZON.CA/APGOOFACE-SPRINKLER-SPLITTERS-IRRIGATION-WATERING/DP/B0CYLT3HLL
APHROSMILE	APHROSMILE	amazon.ca	HTTPS://WWW.AMAZON.CA/STORES/APHROSMILE/PAGE/85AF4A87-ACC5-4430-AA69-A3F9F558C756
APHROTINY	APHROTINY	amazon.ca	HTTPS://WWW.AMAZON.CA/APHROTINY-HEART-EMBROIDERED-LINGERIE-WOMEN/DP/B0BB6PBKY8
APHROTINY	APHROTINY	amazon.ca	HTTPS://WWW.AMAZON.CA/APHROTINY-WOMENS-EMBROIDERED-LINGERIE-UNDERWIRE/DP/B0B65GWM36
APICCRED	APICCRED	amazon.ca	HTTPS://WWW.AMAZON.CA/APICCRED-12STYLES-HANDMADE-DECORATION-CHRISTMAS/DP/B07PSM49WW
APICCRED	APICCRED	amazon.ca	HTTPS://WWW.AMAZON.CA/APICCRED-RESISTANCE-POWERLIFTING-STRETCHING-FITNESS-SINGLE/DP/B07S48FJYW
APLATHO	APLATHO	amazon.ca	HTTPS://WWW.AMAZON.CA/APLATHO-SCRATCHING-POST-TREE-TRACK/DP/B0CF17ZLXQ
APLUSKIS	APLUSKIS	amazon.ca	HTTPS://WWW.AMAZON.CA/APLUSKIS-REUSABLE-NON-STICK-SILICONE-ACCESSORIES/DP/B0915V23C6
APLUSKIS	APLUSKIS	amazon.ca	HTTPS://WWW.AMAZON.CA/APLUSKIS-DYKEN-1-2-INSTANT-ACCESSORIES-PRESSURE/DP/B07GQMKPS3
APPARSOL	APPARSOL	amazon.ca	HTTPS://WWW.AMAZON.CA/APPARSOL-SURFACE-BURNER-HEATING-ELEMENT/DP/B07M7PWFS9
APPLOKI	APPLOKI	amazon.ca	HTTPS://WWW.AMAZON.CA/STORES/APPLOKI/%E4%B8%BB%E9%A1%B5/PAGE/49DD11C0-DDDA-454D-9D21-2173BBABC5CE
APRESOLAR	APRESOLAR	amazon.ca	HTTPS://WWW.AMAZON.CA/APRESOLAR-MOON-SHELF-CRYSTALS-COUNTERTOP/DP/B0B6W6CNG2
APRESOLAR	APRESOLAR	amazon.ca	HTTPS://WWW.AMAZON.CA/APRESOLAR-FLOATING-NIGHT-STAND-BEDSIDE/DP/B0CKZH9QW1
APRJV	APRJV	amazon.ca	HTTPS://WWW.AMAZON.CA/SELPONT-WATERPROOF-CHRISTMAS-SNOWFLAKE-WIRELESS/DP/B0CM6YVZXP
APRLEAF	APRLEAF	amazon.ca	HTTPS://WWW.AMAZON.CA/STORES/APRLEAF/PAGE/550654D7-5B48-4257-AFB8-63C9CB11651D
APSEKOKA	APSEKOKA	amazon.ca	HTTPS://WWW.AMAZON.CA/BEDSIDE-SCONCE-CHARGING-BRUSHED-DIMMABLE/DP/B09MQFPY95
APTADVANCEDPOLYMERTAPE	APTADVANCEDPOLYMERTAPE	amazon.ca	HTTPS://WWW.AMAZON.CA/STORES/APTADVANCEDPOLYMERTAPE/APTADVANCEDPOLYMERTAPE/PAGE/06D7A00E-A206-4B03-B490-C3984D811519
APWANG	APWANG	amazon.ca	HTTPS://WWW.AMAZON.CA/APWANG-STAINLESS-STEEL-WORK-TABLE/DP/B09V4QMKVY
AQERIMIT	AQERIMIT	amazon.ca	HTTPS://WWW.AMAZON.CA/AQERIMIT-BRACELET-DISPLAY-JEWELRY-ORGANIZER/DP/B0B39BHRXR
AQERIMIT	AQERIMIT	amazon.ca	HTTPS://WWW.AMAZON.CA/AQERIMIT-JEWELRY-DETACHABLE-GILT-EDGING-BRACELET/DP/B096NNFM5R
AQRICHFOX	AQRICHFOX	amazon.ca	HTTPS://WWW.AMAZON.CA/AQRICHFOX-REMOVABLE-ACRYLIC-MIRRORS-DECORATION/DP/B0CLKG5QW5
AQYLQ	AQYLQ	amazon.ca	HTTPS://WWW.AMAZON.CA/AQYLQ-COMPATIBLE-MACBOOK-13-PROTECTIVE/DP/B07G12LDPF
ARADNEO	ARADNEO	amazon.ca	HTTPS://WWW.AMAZON.CA/ARADNEO-MEDIUM-FURNITURE-DOUBLE-FURNITUREINDOOR/DP/B0CJXV6692
ARAINY	ARAINY	amazon.ca	HTTPS://WWW.AMAZON.CA/ARAINY-TELESCOPIC-HEAT-RESISTANT-STAINLESS-TUBE12-59-21-25X12-79/DP/B0F6T9PDY3
ARBOOTJIN	ARBOOTJIN	amazon.ca	HTTPS://WWW.AMAZON.CA/CHICKEN-ADJUSTABLE-COMFORTABLE-BREATHABLE-TRAINING/DP/B0B4NYBYBH
ARCHIBOLT	ARCHIBOLT	amazon.ca	HTTPS://WWW.AMAZON.CA/ARCHIBOLT-ROLLING-WHEELED-SUITCASE-EXPANDABLE/DP/B09LDFCWTG
ARCHIBOLT	ARCHIBOLT	amazon.ca	HTTPS://WWW.AMAZON.CA/ARCHIBOLT-30-INCH-WHEELED-ROLLING-OUTDOOR/DP/B01GOHYYZE
ARCHIBOLT	ARCHIBOLT	amazon.ca	HTTPS://WWW.AMAZON.CA/STORES/ARCHIBOLT/HOMEPAGE/PAGE/A5E11C58-8572-466E-B1C7-4446E820000E
ARCHIBOLT	ARCHIBOLT	amazon.ca	HTTPS://WWW.AMAZON.CA/ARCHIBOLT-3-PIECE-LUGGAGE-ROLLING-SUITCASE/DP/B07MJXSBPF
ARCHIBOLT	ARCHIBOLT	amazon.ca	HTTPS://WWW.AMAZON.CA/ARCHIBOLT-36-INCH-ROLLING-DUFFLE-WHEELED/DP/B07GS5MGMX
ARCHIBOLT	ARCHIBOLT	amazon.ca	HTTPS://WWW.AMAZON.CA/ARCHIBOLT-46-INCH-DUFFLE-BAG-WHEELS/DP/B073WGBXWX
ARDANLINGKE	ARDANLINGKE	amazon.ca	HTTPS://WWW.AMAZON.CA/ARDANLINGKE-STAINLESS-CATERING-ERGONOMIC-PACKAGING/DP/B0BPSM2WH6
ARESPARK	ARESPARK	amazon.ca	HTTPS://WWW.AMAZON.CA/STORES/ARESPARK/PAGE/4B41A16C-3618-48F8-B687-5EC03416B1D4
ARIMILK	ARIMILK	amazon.ca	HTTPS://WWW.AMAZON.CA/ARIMILK/B/REF=BL_DP_S_MW_120124180011?IE=UTF8&NODE=120124180011&FIELD-LBR_BRANDS_BROWSE-BIN=ARIMILK
ARKARTECH	ARKARTECH	amazon.ca	HTTPS://WWW.AMAZON.CA/CONTROLLER-ARKARTECH-CANCELLING-HEADPHONES-SURROUND/DP/B07GKN7GD9
ARKSOLDIER	ARKSOLDIER	amazon.ca	HTTPS://WWW.AMAZON.CA/ARKSOLDIER-THICKENED-REPAIR-STAKES-SUPPORT/DP/B0CG6F3N2G
ARKSOLDIER	ARKSOLDIER	amazon.ca	HTTPS://WWW.AMAZON.CA/ARKSOLDIER-THICKENED-ANCHORS-BRACKETS-SUPPORT/DP/B0CG6JD75V
ARKSOLDIER	ARKSOLDIER	amazon.ca	HTTPS://WWW.AMAZON.CA/ARKSOLDIER-THICKENED-ANCHORS-DECKING-SUPPORT/DP/B0CG6HGF4F
ARKSOLDIER	ARKSOLDIER	amazon.ca	HTTPS://WWW.AMAZON.CA/VDP/0328F3FB712748A780E157C830A264E6?_ENCODING=UTF8&PD_RD_W=QFRJM&CONTENT-ID=AMZN1.SYM.FE50A602-B960-462C-B471-08A0FC06441F&PF_RD_P=FE50A602-B960-462C-B471-08A0FC06441F&PF_RD_R=XJEGGCGX053MBMPQWQPR&PD_RD_WG=DKHT7&PD_RD_R=9F3F55EE-7081-4BAB-A4B4-B244C63E7177
ARNSSIEN	ARNSSIEN	amazon.ca	HTTPS://WWW.AMAZON.CA/STORES/ARNSSIEN/PAGE/925B461C-4831-45CB-89AD-DE384D9385E0
AROAKKO	AROAKKO	amazon.ca	HTTPS://WWW.AMAZON.CA/STORES/AROAKKO/%E4%B8%BB%E9%A1%B5/PAGE/0D945816-4A13-43D9-ACFB-7446681EDF04
AROAKKO	AROAKKO	amazon.ca	HTTPS://WWW.AMAZON.CA/AROAKKO-POLISHED-DESKTOP-SOCKETS-REPLACEMENT/DP/B0CXJH2VTH
AROEDVISE	AROEDVISE	amazon.ca	HTTPS://WWW.AMAZON.CA/AROEDVISE-OPENING-360-DEGREE-MULTIPURPOSE-WORKSHOP/DP/B0CHHJW6LQ
AROOMVE	AROOMVE	amazon.ca	HTTPS://WWW.AMAZON.CA/AROOMVE-COTTON-G-STRINGS-SEAMLESS-UNDERWEAR/DP/B07C37NQTQ
ARPLVF	ARPLVF	amazon.ca	HTTPS://WWW.AMAZON.CA/STEAMPUNK-COSTUME-CORSET-DRESS-BURLESQUE/DP/B0B864DVQ2
ARPLVF	ARPLVF	amazon.ca	HTTPS://WWW.AMAZON.CA/CORSETS-CORSET-RENAISSANCE-BODICE-BUSTIER/DP/B09TDFCMJ7
ARRANUI	ARRANUI	amazon.ca	HTTPS://WWW.AMAZON.CA/ARRANUI-EXERCISE-BALL-BASE-RESISTANCE/DP/B095VLF8RY
ARRVEE	ARRVEE	amazon.ca	HTTPS://WWW.AMAZON.CA/ARRVEE-HEADBANDS-WOMEN-HEADBAND-SKINCARE-ACCESSORIES/DP/B0BPZKB5KV
ARRYNTHEON	ARRYNTHEON	amazon.ca	HTTPS://WWW.AMAZON.CA/ARRYNTHEON-ARTIFICIAL-ADHESIVE-CONNECTING-CARPET/DP/B09PQWPQF9
ARTARRON	ARTARRON	amazon.ca	HTTPS://WWW.AMAZON.CA/TRANSFER-ARTARRON-REPLACEMENT-EXPLORE-INCLUDING/DP/B0B2MPQ648
ARTASY	ARTASY	amazon.ca	HTTPS://WWW.AMAZON.CA/STORES/ARTASY/PAGE/CDBF9866-6F37-47D3-829D-BE5E5B9BB433
ARTEOLAMP	ARTEOLAMP	amazon.ca	HTTPS://WWW.AMAZON.CA/ARTEOLAMP-SPUTNIK-SATELLITE-PENDANT-CHANDELIER/DP/B07DBLQQY3
ARTILECTION	ARTILECTION	amazon.ca	HTTPS://WWW.AMAZON.CA/ARTILECTION-BINOCULARS-PROFESSIONAL-MAGNIFICATION-BINOCULAR/DP/B07GXB7WW1
ARTIMEXSPORTEQUIPMENT	ARTIMEXSPORTEQUIPMENT	amazon.ca	HTTPS://WWW.AMAZON.CA/STORES/ARTIMEXSPORTEQUIPMENT/PAGE/40C11CDB-0913-4CEE-9DD8-DFA9DCCFDA87
ARTISWEET	ARTISWEET	amazon.ca	HTTPS://WWW.AMAZON.CA/ARTISWEET-CANVAS-PRINTS-FRAMED-WATERPROOF/DP/B01G8ND77K
ARTIVIEW	ARTIVIEW	amazon.ca	HTTPS://WWW.AMAZON.CA/STORES/ARTIVIEW/%E4%B8%BB%E9%A1%B5/PAGE/53A218E2-96FF-4865-BD5B-A6DCA73DCCA5
ARUICHENG	ARUICHENG	amazon.ca	HTTPS://WWW.AMAZON.CA/ARUICHENG-PRECISION-SCREWDRIVER-ELECTRONICS-REPAIRING/DP/B0CMPNQF6W
ARVINKEY	ARVINKEY	amazon.ca	HTTPS://WWW.AMAZON.CA/ARVINKEY-SUCCULENT-PLANTERS-CONTAINERS-DRAINAGE/DP/B0C3LH4QW9
ARYATRION	ARYATRION	amazon.ca	HTTPS://WWW.AMAZON.CA/ARYATRION-WOMENS-WEDDING-BALLROOM-LEATHER/DP/B0CNVNVG39
ASABOCAI	ASABOCAI	amazon.ca	HTTPS://WWW.AMAZON.CA/ASABOCAI-1-4MM-NOZZLE-REPLACEMENT-SPRAY/DP/B09YL813D3
ASABOCAI	ASABOCAI	amazon.ca	HTTPS://WWW.AMAZON.CA/ASABOCAI-NEEDLE-NOZZLE-PRECISE-DURABLE/DP/B0D8J7211K
ASABOCAI	ASABOCAI	amazon.ca	HTTPS://WWW.AMAZON.CA/ASABOCAI-NEEDLE-NOZZLE-PRECISE-DURABLE/DP/B0D8P57WV7
ASIFMTHOT	ASIFMTHOT	amazon.ca	HTTPS://WWW.AMAZON.CA/ASIFMTHOT-ORGANIZER%EF%BC%8CMESH-ORGANIZERS-ACCESSORIES-FGM3/DP/B0CR7MT54L
ASINTOD	ASINTOD	amazon.ca	HTTPS://WWW.AMAZON.CA/ASINTOD-ANATOICAL-HAND-PAINTED-DETAILED-COLORFUL/DP/B09WQZY3FB
ASINTOD	ASINTOD	amazon.ca	HTTPS://WWW.AMAZON.CA/ASINTOD-LABELED-NUMBERED-MEDICAL-ANATOMICAL/DP/B0B4FYXK2T
ASKSCICI	ASKSCICI	amazon.ca	HTTPS://WWW.AMAZON.CA/SILVERWARE-ASKSCICI-STAINLESS-TABLEWARE-DISHWASHER/DP/B0BJP23F3X
ASLIGTCO	ASLIGTCO	amazon.ca	HTTPS://WWW.AMAZON.CA/ASLIGTCO-BATHROOM-CAPACITY-PLATFORM-BACKLIT/DP/B09N8LQWC6
ASMFUOY	ASMFUOY	amazon.ca	HTTPS://WWW.AMAZON.CA/ASMFUOY-LARGE-STRESS-SQUISHIES-NUMBERS/DP/B0B128TLV9
ASOBP	ASOBP	amazon.ca	HTTPS://WWW.AMAZON.CA/ASOBP-CEILING-DIMMABLE-LIGHTING-ENTRYWAY/DP/B08DKQX2S5
ASONGMAKE	ASONGMAKE	amazon.ca	HTTPS://WWW.AMAZON.CA/MASSAGER-SLIPPERS-SANDALS-BREATHABLE-BEDROOM/DP/B09L6TR3M1
ASQWZX	ASQWZX	amazon.ca	HTTPS://WWW.AMAZON.CA/NIGHT-LIGHT-LED-LAMP-ASQWZX/DP/B0922QZ93X
ASQWZX	ASQWZX	amazon.ca	HTTPS://WWW.AMAZON.CA/NIGHT-LIGHT-LAMP-ILLUSION-ASQWZX/DP/B08ZJQ2GGM
ASROSERICH	ASROSERICH	amazon.ca	HTTPS://WWW.AMAZON.CA/STORES/ASROSERICH/ASROSERICH/PAGE/9366E622-BB59-400C-B340-5F6F4628E6D9
ASTORYOU	ASTORYOU	amazon.ca	HTTPS://WWW.AMAZON.CA/ASTORYOU-KITCHEN-RUST-RESISTANT-DRAINERS-DRAINBOARD/DP/B08Z6TV29H
ASTOTSELL	ASTOTSELL	amazon.ca	HTTPS://WWW.AMAZON.CA/ASTOTSELL-KITCHEN-CUPBOARD-ORGANISER-STORAGE/DP/B09JG4HXM4
ASTROWINTER	ASTROWINTER	amazon.ca	HTTPS://WWW.AMAZON.CA/ASTROWINTER-SHEARS-GARDENING-SHEARING-AW-006-CA/DP/B097P91RFD
ASUPRUI	ASUPRUI	amazon.ca	HTTPS://WWW.AMAZON.CA/ASUPRUI/B/REF=BL_DP_S_MW_38624752011?IE=UTF8&NODE=38624752011&FIELD-LBR_BRANDS_BROWSE-BIN=ASUPRUI
ATDORO	ATDORO	amazon.ca	HTTPS://WWW.AMAZON.CA/JEWELRY-ORGANIZERS-DRAWERS-NECKLACES-BRACELETS/DP/B09124XH7G
ATEMANS	ATEMANS	amazon.ca	HTTPS://WWW.AMAZON.CA/ATEMANS-ADHESIVE-BATHROOM-ORGANIZER-STAINLESS/DP/B0C8M5CRB6
ATEVON	ATEVON	amazon.ca	HTTPS://WWW.AMAZON.CA/HDMI-CABLE-ATEVON-HDC01-US-BLACK/DP/B01N343SBS
ATHLETISK	ATHLETISK	amazon.ca	HTTPS://WWW.AMAZON.CA/ATHLETISK-LOCKABLE-ANTI-FADED-PROTECTION-BASKETBALL/DP/B0BQB826PX
ATHPIK	ATHPIK	amazon.ca	HTTPS://WWW.AMAZON.CA/ATHPIK-WORKING-SURGICAL-SWEATBAND-ADJUSTABLE/DP/B0F9Y3RKQD
ATJOCXE	ATJOCXE	amazon.ca	HTTPS://WWW.AMAZON.CA/ATJOCXE-TRIMMER-PAS-225-SRM-2620-SHIANDAIWA/DP/B0B2JXQZTR
ATLEVER	ATLEVER	amazon.ca	HTTPS://WWW.AMAZON.CA/ATLEVER-DILDO-SEX-TOYS-VIBRATOR/DP/B0CMTVVRSH
ATOKIT	ATOKIT	amazon.ca	HTTPS://WWW.AMAZON.CA/ATOKIT-BEGINNERS-BAZOOKA-CHOPSTICKS-SPREADER/DP/B08GKG2PMZ
ATRIX	ATRIX	amazon.ca	HTTPS://WWW.AMAZON.CA/STORES/ATRIX/PAGE/B2581BF8-C208-420C-A4F3-C9471D209E45
ATROFY	ATROFY	amazon.ca	HTTPS://WWW.AMAZON.CA/ATROFY-WATERPROOF-32-LX24-WX24/DP/B09P3T2Y12
ATUCOLOS	ATUCOLOS	amazon.ca	HTTPS://WWW.AMAZON.CA/STAINLESS-STEMLESS-INSULATED-CHAMPAIGN-MULTI-COLOR/DP/B098WNLCTF
ATURMON	ATURMON	amazon.ca	HTTPS://WWW.AMAZON.CA/ATURMON-DERAILLEUR-PROTECTOR-ADJUSTABLE-MOUNTAIN/DP/B089MB11S2
AUCCUTRO	AUCCUTRO	amazon.ca	HTTPS://WWW.AMAZON.CA/AUCCUTRO-WINDSHIELD-RETRACTABLE-ALUMINUM-EFFICIENT/DP/B0FGJ3C33S
AUCIP	AUCIP	amazon.ca	HTTPS://WWW.AMAZON.CA/AUCIP-PRO-PICKLEBALL-PADDLE-PINK/DP/B0G1BWMRVQ
AUCOCU	AUCOCU	amazon.ca	HTTPS://WWW.AMAZON.CA/AUCOCU-50CM-140CM-BODY-BICE/DP/B07KVCVYSJ
AUDOPARTION	AUDOPARTION	amazon.ca	HTTPS://WWW.AMAZON.CA/AUDOPARTION-REPLACEMENT-2009-2016-SUNROOF-74320-0T022-A1/DP/B0CGR88JV9
AUEOTUAR	AUEOTUAR	amazon.ca	HTTPS://WWW.AMAZON.CA/AUEOTUAR-CAR-BACKSEAT-TRAY-TABLE/DP/B0BGLGW1Z3
AUFEI	AUFEI	amazon.ca	HTTPS://WWW.AMAZON.CA/AUFEI-ABSORBENT-SILICONE-NON-SLIP-15-7X23-6/DP/B0CJBBDMZR
AUFISI	AUFISI	amazon.ca	HTTPS://WWW.AMAZON.CA/AUFISI-SYRINGE-PROFESSIONAL-ASPIRATOR-IRRIGATOR/DP/B0BLMJG3GD
AUGANIMI	AUGANIMI	amazon.ca	HTTPS://WWW.AMAZON.CA/MAGNETO-FLYWHEEL-PULLER-SCOOTER-REPAIR/DP/B0872CNV5S
AUITRONCARE	AUITRONCARE	amazon.ca	HTTPS://WWW.AMAZON.CA/HEATLESS-CURLERS-CURLING-HEADBAND-OVERNIGHT/DP/B09GF6PBGX
AUJOY	AUJOY	amazon.ca	HTTPS://WWW.AMAZON.CA/AUJOY-SLIPCOVER-FURNITURE-PROTECTOR-ANTI-SLIP/DP/B07X1XDQT7
AUKIRE	AUKIRE	amazon.ca	HTTPS://WWW.AMAZON.CA/STORES/AUKIRE/AUKIRE/PAGE/76485092-19D6-4246-8B21-13813E0E9281
AULASE	AULASE	amazon.ca	HTTPS://WWW.AMAZON.CA/AULASE-WHEELCHAIR-SEAT-CUSHION-ACCESSORIES/DP/B0C9TB1TBK
AUMAYCHEER	AUMAYCHEER	amazon.ca	HTTPS://WWW.AMAZON.CA/WATERCOLOR-PAINT-COLOR-INCLUDED-BEGINNER/DP/B085P2F5XY
AUNTZYJ	AUNTZYJ	amazon.ca	HTTPS://WWW.AMAZON.CA/INSTANT-ABSORBENT-BATHROOM-DIATOMACEOUS-LEATHER/DP/B0CLTYBRWG
AUNULAHCA	AUNULAHCA	amazon.ca	HTTPS://WWW.AMAZON.CA/AUNULAHCA-FLOATING-BRACKETS-DECORATIVE-MOUNTING/DP/B0CC99JQ6F
AUPARTUDS	AUPARTUDS	amazon.ca	HTTPS://WWW.AMAZON.CA/AUPARTUDS-CARBIDE-RUNNING-BICYCLE-INSTALLATION/DP/B0CNCT97KC
AUPEKRO	AUPEKRO	amazon.ca	HTTPS://WWW.AMAZON.CA/STORES/AUPEKRO/PAGE/1835B460-2FEA-4535-A1F2-02981E29AE99
AURORAVA	AURORAVA	amazon.ca	HTTPS://WWW.AMAZON.CA/AURORAVA-CHRISTMAS-DECORATIONS-HIGH-SHINE-ALL-SEASON/DP/B09FY5RFW5
AUSBENDER	AUSBENDER	amazon.ca	HTTPS://WWW.AMAZON.CA/AUSBENDER-BERRY%EF%BC%8FPICKS-BUDDINGHYDRANGEASPRAY-ARRANGEMENT-DECORATION/DP/B08C9WZGXZ
AUSDIN	AUSDIN	amazon.ca	HTTPS://WWW.AMAZON.CA/RAIN-AUSDIN-UMBRELLAS-REINFORCED-10RIBS-STRONG-UMBRELLA-DOUBLE-PROTECTION/DP/B09S9WSLK9
AUSGLEIFEN	AUSGLEIFEN	amazon.ca	HTTPS://WWW.AMAZON.CA/ADJUSTABLE-MOUNTED-ALUMINUM-WARDROBES-SUPPORTS/DP/B09KCNYDZF
AUSIMIAR	AUSIMIAR	amazon.ca	HTTPS://WWW.AMAZON.CA/AUSIMIAR-STRETCH-SKINNY-LEGGINGS-CASUAL/DP/B088XR95KW
AUTOINBOX	AUTOINBOX	amazon.ca	HTTPS://WWW.AMAZON.CA/AUTOINBOX-UNIVERSAL-MOTORCYCLE-LUGGAGE-MOUNTING/DP/B072V4G91N
AUTOTSLBST	AUTOTSLBST	amazon.ca	HTTPS://WWW.AMAZON.CA/AUTOTSLBST-ALL-WEATHER-WATERPROOF-INTERIOR-ACCESSORIES/DP/B0CR47Q86C
AUWISH	AUWISH	amazon.ca	HTTPS://WWW.AMAZON.CA/ELECTRIC-TOOTHBRUSH-AUWISH-CHARGE-TOOTHBRUSHES/DP/B09H79453H
AUYKTE	AUYKTE	amazon.ca	HTTPS://WWW.AMAZON.CA/AUYKTE-LOITERING-REFLECTIVE-RESISTANT-WATERPROOF/DP/B0C9C27779
AUYKTE	AUYKTE	amazon.ca	HTTPS://WWW.AMAZON.CA/AUYKTE-ENGINEER-REFLECTIVE-PROTECTED-WATERPROOF/DP/B0CC2BYKQH
AVELLIM	AVELLIM	amazon.ca	HTTPS://WWW.AMAZON.CA/AVELLIM-BOTTLES-WEDDING-DECORATIONS-PROJECTS/DP/B086Z7X44Y
AVELOTUUG	AVELOTUUG	amazon.ca	HTTPS://WWW.AMAZON.CA/AVELOTUUG-PLANTS-MONSTERA-CLIMBING-SUPPORT/DP/B0CPJPB7CQ
AVERUNION	AVERUNION	amazon.ca	HTTPS://WWW.AMAZON.CA/AVERUNION-DIATOMACEOUS-ABSORBENT-DIATOMITE-RECTANGLE/DP/B09DKR2TMQ
AWAXFOLO	AWAXFOLO	amazon.ca	HTTPS://WWW.AMAZON.CA/6-FUNCTION-ADJUSTABLE-EXTENSION-ANTI-LEAK-AWAXFOLO/DP/B0BLNJYM11
AWAXFOLO	AWAXFOLO	amazon.ca	HTTPS://WWW.AMAZON.CA/AWAXFOLO-HANDHELD-STAINLESS-EXPLOSION-AQING01/DP/B0BJJ9GCV3
AWCMTPSYOL	AWCMTPSYOL	amazon.ca	HTTPS://WWW.AMAZON.CA/AWCMTPSYOL-100PCS-FAVORS-WEDDING-RIBBONS/DP/B0C7MMYMK8
AWELUX	AWELUX	amazon.ca	HTTPS://WWW.AMAZON.CA/AWELUX-COMPOSITE-WHITEBOARD-WATERPROOF-CLASSROOM/DP/B0BKFC423D
AWLSYJ	AWLSYJ	amazon.ca	HTTPS://WWW.AMAZON.CA/AWLSYJ-ATHLETIC-JOGGERS-SWEATPANTS-DRAWSTRING/DP/B0F292WGPJ
AWLUKER	AWLUKER	amazon.ca	HTTPS://WWW.AMAZON.CA/YELLOW-AWLUKER-OFF-ROAD-HARNESS-DRIVING/DP/B09NBDY168
AWNOUR	AWNOUR	amazon.ca	HTTPS://WWW.AMAZON.CA/AWNOUR-CLEAR-DESK-BLOTTER-DESKS/DP/B081S5P6K1
AWOPEE	AWOPEE	amazon.ca	HTTPS://WWW.AMAZON.CA/AWOPEE-SILICONE-BATHROOM-DRAINING-WATERFALL/DP/B085S1VPZX
AWTANG	AWTANG	amazon.ca	HTTPS://WWW.AMAZON.CA/AWTANG-HAMSTER-EXERCISE-CHINCHILLAS-SQUIRREL/DP/B073WV41PX
AWTBDP	AWTBDP	amazon.ca	HTTPS://WWW.AMAZON.CA/AWTBDP/B/REF=BL_DP_S_MW_37179654011?IE=UTF8&NODE=37179654011&FIELD-LBR_BRANDS_BROWSE-BIN=AWTBDP
AWUTZUT	AWUTZUT	amazon.ca	HTTPS://WWW.AMAZON.CA/AWUTZUT-SANDING-SANDPAPER-DRYWALL-SANDER/DP/B0B2NP16JZ
AWXD	AWXD	amazon.ca	HTTPS://WWW.AMAZON.CA/AWXD-FROSTED-INSTALLATION-BLOCKING-REMOVABLE/DP/B0BHY92MQ7
AWXYG	AWXYG	amazon.ca	HTTPS://WWW.AMAZON.CA/AWXYG-FITTING-EXTENSION-CONNECTOR-FIXTURES/DP/B0BZRXTY9Y
AWYJCAS	AWYJCAS	amazon.ca	HTTPS://WWW.AMAZON.CA/AWYJCAS-DECORATION-CUPCAKE-TOPPER-SUPPLIES/DP/B0932PBHLL
AWYJCAS	AWYJCAS	amazon.ca	HTTPS://WWW.AMAZON.CA/AWYJCAS-DECORATION-TOPPER-AMONG-CUPCAKE-SUPPLIES/DP/B08TZXVJVS
AXBOTOY	AXBOTOY	amazon.ca	HTTPS://WWW.AMAZON.CA/AXBOTOY-CHANGING-STRETCHY-REALISTIC-HALLOWEEN/DP/B0CKXZR7ST
AXEFIT	AXEFIT	amazon.ca	HTTPS://WWW.AMAZON.CA/STORES/AXEFIT/PAGE/EAACB655-BE78-44AA-A758-6D0FC80E4A5F
AXGEAR	AXGEAR	amazon.ca	HTTPS://WWW.AMAZON.CA/AXGEAR-COLLAPSIBLE-COMPACT-SUITCASE-FOLDABLE/DP/B0BRTH25JJ
AXICIR	AXICIR	amazon.ca	HTTPS://WWW.AMAZON.CA/AXICIR-ADVENTURE-BOOK-CHALLENGES-ANNIVERSARY/DP/B0DNZVZY6Q
AXLTFDH	AXLTFDH	amazon.ca	HTTPS://WWW.AMAZON.CA/SOLAR-STREET-LIGHT-WATERPROOF-BASKETBALL/DP/B09P61XGFK
AXNCVFVR	AXNCVFVR	amazon.ca	HTTPS://WWW.AMAZON.CA/PORTABLE-AXNCVFVR-PERSONAL-RECHARGEABLE-SMOOTHIES/DP/B0BTY2CY3X
AYAKOL	AYAKOL	amazon.ca	HTTPS://WWW.AMAZON.CA/AUTOMATIC-CHICKEN-WATERER-POULTRY-SUITABLE/DP/B0CHDSZLXQ
AYAOCH	AYAOCH	amazon.ca	HTTPS://WWW.AMAZON.CA/SPATULA-SILICONE-NON-STICK-PANCAKES-HAMBURGERS/DP/B083W8NKLL
AYASEE	AYASEE	amazon.ca	HTTPS://WWW.AMAZON.CA/WEAVING-FLOWER-KNITTING-FRAME-SQUARE/DP/B09136DM5J
AYASEE	AYASEE	amazon.ca	HTTPS://WWW.AMAZON.CA/WEAVING-MULTI-CRAFT-HANDCRAFT-BEGINNERS-15-711-8IN/DP/B09136Q7ND
AYCDZKJ	AYCDZKJ	amazon.ca	HTTPS://WWW.AMAZON.CA/AYCDZKJ-GENSHIN-PLUSHIE-BIRTHDAY-CHRISTMAS/DP/B0BPMKY9TM
AYCWJZM	AYCWJZM	amazon.ca	HTTPS://WWW.AMAZON.CA/-/FR/AYCWJZM-R%C3%A9PARATION-SCELLANT-DURGENCE-PLASTIQUE/DP/B0BB94PHHY
AYEKILI	AYEKILI	amazon.ca	HTTPS://WWW.AMAZON.CA/AYEKILI-PA200-1000-ELECTRIC-ASSEMBLY-UNISTRUT/DP/B0CBWWLPSK
AYJIB	AYJIB	amazon.ca	HTTPS://WWW.AMAZON.CA/AYJIB-JIMMY-CAMERA-CRANE-METRE/DP/B0BDXKKWKJ
AYNEFF	AYNEFF	amazon.ca	HTTPS://WWW.AMAZON.CA/AYNEFF-SURFACE-MICROSOFT-A1706-CHARGING/DP/B07T4FQQPM
AYOODFO	AYOODFO	amazon.ca	HTTPS://WWW.AMAZON.CA/AYOODFO-ARTIFICIAL-MONSTERA-DELICIOSA-TROPICAL/DP/B0CCNKF22G
AYOODFO	AYOODFO	amazon.ca	HTTPS://WWW.AMAZON.CA/AYOODFO-ARTIFICIAL-MONSTERA-DELICIOSA-TROPICAL/DP/B0CCNKPJ1M
AYSONER	AYSONER	amazon.ca	HTTPS://WWW.AMAZON.CA/AYSONER-BETTA-AQUARIUM-FISH-TANK/DP/B0C1N1TQY5
AYSONER	AYSONER	amazon.ca	HTTPS://WWW.AMAZON.CA/AYSONER-SUBMERSIBLE-FOUNTAIN-WATER-PUMP/DP/B09QFS1BWY
AYSSMAC	AYSSMAC	amazon.ca	HTTPS://WWW.AMAZON.CA/AYSSMAC-XSBT750-LITHIUM-ION-REPLACEMENT-RECHARGEABLE/DP/B0C9CP2THL
AYSSMAC	AYSSMAC	amazon.ca	HTTPS://WWW.AMAZON.CA/AYSSMAC-REPLACEMENT-VCA-SBT90-XAA-VS20R9046T3/DP/B0C6KBJQ4N
AYTRAHOME	AYTRAHOME	amazon.ca	HTTPS://WWW.AMAZON.CA/TRU-65-QUART-SLOW-COOKER-AYTRAHOME/DP/B00FIORJU2
AZAUVC	AZAUVC	amazon.ca	HTTPS://WWW.AMAZON.CA/AZAUVC-MAGNETIC-MAGNETS-WITHOUT-DISPLAY/DP/B0CDLG8M9G
AZAUVC	AZAUVC	amazon.ca	HTTPS://WWW.AMAZON.CA/AZAUVC-CUTTING-NATURAL-SERVING-CHOPPING/DP/B0BCPL89BM
AZHZOLSK	AZHZOLSK	amazon.ca	HTTPS://WWW.AMAZON.CA/AZHZOLSK-CLOTHES-STAINLESS-ADJUSTABLE-WINDPROOF/DP/B0C52XHXD5
AZJACHINY	AZJACHINY	amazon.ca	HTTPS://WWW.AMAZON.CA/AZJACHINY-REPLACEMENT-ADJUSTABLE-CONVERSION-ACCESSORIES/DP/B0DCBDRXDG
AZJACHINY	AZJACHINY	amazon.ca	HTTPS://WWW.AMAZON.CA/AZJACHINY-SET-INSPIRATIONAL-POTATO-APPRECIATION/DP/B0DN9ZM966
AZJACHINY	AZJACHINY	amazon.ca	HTTPS://WWW.AMAZON.CA/AZJACHINY-SUITCASE-PROTECTOR-THICKENING-18-28INCH/DP/B0BZD7CG7L
AZJACHINY	AZJACHINY	amazon.ca	HTTPS://WWW.AMAZON.CA/AZJACHINY-PAINTING-CRYSTALS-SUNCATCHER-HUMMINGBIRD/DP/B0CMXMPT6B
AZKAQA	AZKAQA	amazon.ca	HTTPS://WWW.AMAZON.CA/AZKAQA-BACKPACK-TRANSPARENT-THROUGH-SECURITY/DP/B0C4LXF1TP
AZUMKA	AZUMKA	amazon.ca	HTTPS://WWW.AMAZON.CA/AZUMKA-MOTORCYCLE-STAINLESS-REUSABLE-REPLACEMENT/DP/B08JTT1FRT
AZUNYYDS	AZUNYYDS	amazon.ca	HTTPS://WWW.AMAZON.CA/AZUNYYDS-HEAVY-NIPPER-TRIMMERS-FARRIER/DP/B0BLJZ5CJH
AZUTTA	AZUTTA	amazon.ca	HTTPS://WWW.AMAZON.CA/AZUTTA-DIGITAL-ALARM-CLOCK-RADIO/DP/B07ZZCB1DF
AZUUNYE	AZUUNYE	amazon.ca	HTTPS://WWW.AMAZON.CA/AZUUNYE-FLIPPERS-SWIMMING-TRAINING-BEGINNERS/DP/B0CJ4NPNCT
AZZIGO	AZZIGO	amazon.ca	HTTPS://WWW.AMAZON.CA/AZZIGO-NAVIGATION-ACCESSORIES-ANTI-SCRATCH-ANTI-FINGERPRINT/DP/B0CFVHRJRL
B3BIGTHREE	B3BIGTHREE	amazon.ca	HTTPS://WWW.AMAZON.CA/STORES/B3BIGTHREE/PAGE/8E83129A-BA44-4D85-AC02-939F5761B214
BABEIYXM	BABEIYXM	amazon.ca	HTTPS://WWW.AMAZON.CA/BABEIYXM-ADJUSTABLE-ALUMINUM-BICYCLE-INSTALL/DP/B0B7DPZQ2X
BABIMONI	BABIMONI	amazon.ca	HTTPS://WWW.AMAZON.CA/BABIMONI-CHAIR-CHAIRS-BABIES-TODDLERS/DP/B0C8SZNB8G
BABUTENLO	BABUTENLO	amazon.ca	HTTPS://WWW.AMAZON.CA/STORES/BABUTENLO/%E4%B8%BB%E9%A1%B5/PAGE/25AE2ABF-4288-43AC-A47C-5C0192512811
BABYHUIH	BABYHUIH	amazon.ca	HTTPS://WWW.AMAZON.CA/BABYHUIH-FOLDING-DISPLAY-DECORATIVE-JAPANESE/DP/B07VMK921Q
BACKYMRART	BACKYMRART	amazon.ca	HTTPS://WWW.AMAZON.CA/COASTAL-POSTERS-MINIMALIST-16X24INX2-UNFRAMED/DP/B09J53X7MN
BAGCRAZY	BAGCRAZY	amazon.ca	HTTPS://WWW.AMAZON.CA/BAGCRAZY-CARRYING-FLEXSTYLE-DOUBLE-LAYER-ATTACHMENTS/DP/B0DH8L5P9V
BAIAPEY	BAIAPEY	amazon.ca	HTTPS://WWW.AMAZON.CA/BAIAPEY-WINDOW-BIRD-FEEDER-WINDOW/DP/B0CJBWWMPZ
BAIGUIYX	BAIGUIYX	amazon.ca	HTTPS://WWW.AMAZON.CA/BAIGUIYX-USB-FLASH-DRIVE/DP/B0CD1YSK7P
BAIJIEXUN	BAIJIEXUN	amazon.ca	HTTPS://WWW.AMAZON.CA/BAIJIEXUN-WIRELESS-CONTROLLER-FOR-PS4/DP/B0D4Z2QS7K
BAILANDO	BAILANDO	amazon.ca	HTTPS://WWW.AMAZON.CA/BAILANDO/DP/B00E6S50FW
BAIRNQNER	BAIRNQNER	amazon.ca	HTTPS://WWW.AMAZON.CA/BAIRNQNER-STOPWATCH-COUNTDOWN-OPERATION-DIGITAL/DP/B0DKTKPVW3
BAISALJI	BAISALJI	amazon.ca	HTTPS://WWW.AMAZON.CA/BAISALJI-AQUARIUM/DP/B08VS7FK19
BAISENJIE	BAISENJIE	amazon.ca	HTTPS://WWW.AMAZON.CA/STORES/BAISENJIE/PAGE/A18E4707-FE4F-4F5B-9B8C-10BD914360B7
BAISIKOU	BAISIKOU	amazon.ca	HTTPS://WWW.AMAZON.CA/BAISIKOU-MULTIFUNCTIONAL-REPAIR-INDOOR-STORAGE/DP/B0C7MHWVHX
BAKELICIOUS	BAKELICIOUS	amazon.ca	HTTPS://WWW.AMAZON.CA/STORES/BAKELICIOUS/PAGE/F352F55C-0F1A-4D5F-80A5-C959E46B273D
BAKLICIOUS	BAKLICIOUS	amazon.ca	HTTPS://WWW.AMAZON.CA/BAKLICIOUS-PARCHMENT-SHEETS-UNBLEACHED-BAKING/DP/B086JKC2BJ
BALALAADI	BALALAADI	amazon.ca	HTTPS://WWW.AMAZON.CA/-/FR/BALALAADI-INCUBATEUR-AUTOMATIQUE-INCUBATEUR-LHUMIDIT%C3%A9/DP/B0C1H4JF2D
BALANSOHO	BALANSOHO	amazon.ca	HTTPS://WWW.AMAZON.CA/BALANSOHO-BEANIE-STRETCH-PONYTAIL-WINTER/DP/B09KZXZ7RL
BALIPARI	BALIPARI	amazon.ca	HTTPS://WWW.AMAZON.CA/STORES/BALIPARI/PAGE/F67F6347-61FD-4FDE-A027-0A6DDDC0B6D6
BALWONER	BALWONER	amazon.ca	HTTPS://WWW.AMAZON.CA/BALWONER-PORTABLE-ADJUSTABLE-BADMINTON-VOLLEYBALL/DP/B0D5CY47X4
BAMDABLE	BAMDABLE	amazon.ca	HTTPS://WWW.AMAZON.CA/MANAGEMENT-MAGNETIC-OPENING-ANTI-SLIP-ORGANIZED/DP/B07PBVJ52G
BAMKUCY	BAMKUCY	amazon.ca	HTTPS://WWW.AMAZON.CA/BAMKUCY-SKELETON-DECORATIVE-PAINTING-12X18INCH/DP/B0CCNJ9CHQ
BANGANMA	BANGANMA	amazon.ca	HTTPS://WWW.AMAZON.CA/STORES/BANGANMA/PAGE/A7FB4765-7B09-4218-9F30-7C6B9219CBA3
BANGTONGLI	BANGTONGLI	amazon.ca	HTTPS://WWW.AMAZON.CA/STORES/BANGTONGLI/PAGE/71F414D9-82E6-439B-B529-D0C81AEAA43E
BANYAKONG	BANYAKONG	amazon.ca	HTTPS://WWW.AMAZON.CA/BANYAKONG-CLOTHESLINE-CLOTHESPINS-WINDPROOF-RETRACTABLE/DP/B09FPQNJZN
BAOLISEN	BAOLISEN	amazon.ca	HTTPS://WWW.AMAZON.CA/BAOLISEN-GVDS38960/DP/B08F7B2FSD
BAONIU	BAONIU	amazon.ca	HTTPS://WWW.AMAZON.CA/FOLDABLE-CLIMBING-TRIANGLE-TOYS-PLAYGROUND/DP/B09QWZ85VX
BAOOMALONGLY	BAOOMALONGLY	amazon.ca	HTTPS://WWW.AMAZON.CA/MAGNIFYING-ADJUSTABLE-STEPLESS-ESTHETICIAN-MAGNIFIER/DP/B0CJ99GRMG
BAOSWI	BAOSWI	amazon.ca	HTTPS://WWW.AMAZON.CA/BAOSWI-ROTATING-ORGANIZER-SKINCARE-LIPSTICKS/DP/B0CN6N9ZSR
BAOWEIJD	BAOWEIJD	amazon.ca	HTTPS://WWW.AMAZON.CA/STORES/BAOWEIJD/PAGE/64FE349E-83FD-480A-B45D-0D6965C98D7C
BAOWUINGLU	BAOWUINGLU	amazon.ca	HTTPS://WWW.AMAZON.CA/STAINLESS-COOKTOP-ORGANIZER-ELECTRIC-EXPANDING/DP/B0C364768P
BAQRAXIA	BAQRAXIA	amazon.ca	HTTPS://WWW.AMAZON.CA/BAQRAXIA-FLEXSTYLE-DOUBLE-LAYER-ACCESSORIES-HAIRDRYER/DP/B0D6W3MYGJ
BAQRAXIA	BAQRAXIA	amazon.ca	HTTPS://WWW.AMAZON.CA/ORGANIZER-PORTABLE-DETACHABLE-ELECTRICIAN-MECHANIC/DP/B0DG2S5CSQ
BASRKY	BASRKY	amazon.ca	HTTPS://WWW.AMAZON.CA/BASRKY-CARTOON-SILICONE-STYLISH-FASHION/DP/B09P4T63T7
BATLFRIST	BATLFRIST	amazon.ca	HTTPS://WWW.AMAZON.CA/BATLFRIST-CARPENTERS-ELECTRICIAN-TOOLS-CARPENTER/DP/B09WW36TL4
BATLFRIST	BATLFRIST	amazon.ca	HTTPS://WWW.AMAZON.CA/BATLFRIST-UNIVERSAL-CARRYING-COMPATIBLE-STANDARD/DP/B0DC48J6L7
BATTLEPULSE	BATTLEPULSE	amazon.ca	HTTPS://WWW.AMAZON.CA/BATTLEPULSE-300-HR-GLOW-GOLF-BALLS/DP/B08HVVXTQX
BATUTO	BATUTO	amazon.ca	HTTPS://WWW.AMAZON.CA/STORES/BATUTO/%E4%B8%BB%E9%A1%B5/PAGE/4A1D34F5-F68F-4C2C-AD2B-2FB197547C78
BAUFON	BAUFON	amazon.ca	HTTPS://WWW.AMAZON.CA/BAUFON-AUTOMATIC-DISPENSER-RECHARGEABLE-UNIVERSAL/DP/B0C4KVKW4Z
BAUFON	BAUFON	amazon.ca	HTTPS://WWW.AMAZON.CA/BAUFON-AUTOMATIC-ELECTRIC-ROTATING-BLACKJACK/DP/B0BQR91DBX
BAUHSLAND	BAUHSLAND	amazon.ca	HTTPS://WWW.AMAZON.CA/BAUHSLAND-COOLER-BAG-WATERPROOF-BACKPACKING/DP/B0B1LJXCY1
BAUZRRYI	BAUZRRYI	amazon.ca	HTTPS://WWW.AMAZON.CA/BAUZRRYI-STABILIZER-EXTENDABLE-MULTIFUNCTION-SMARTPHONE/DP/B0C9VQVR1V
BAWUIE	BAWUIE	amazon.ca	HTTPS://WWW.AMAZON.CA/BAWUIE-ADHESIVE-ORGANIZER-CONTAINER-BATHROOM/DP/B0CWS53L8G
BAXIONGDI	BAXIONGDI	amazon.ca	HTTPS://WWW.AMAZON.CA/BAXIONGDI-LAPIDARY-POLISHER-FACETING-GRINDING/DP/B09XQ7JPWK
BAYJOY	BAYJOY	amazon.ca	HTTPS://WWW.AMAZON.CA/BAYJOY-CASE-MAKEUP-PROFESSIONAL-FOUNDATION-CONCEALER/DP/B0756V68XN
BAYMI	BAYMI	amazon.ca	HTTPS://WWW.AMAZON.CA/BAYMI-KIDS-VACUUM-CLEANER-WORKS/DP/B0F2FMZ6Y9
BAZXCIW	BAZXCIW	amazon.ca	HTTPS://WWW.AMAZON.CA/BAZXCIW-MACHINE-MOUNTED-PORTABLE-ANYWHERE/DP/B0CPW625JJ
BBEITOO	BBEITOO	amazon.ca	HTTPS://WWW.AMAZON.CA/BBEITOO-STREAMERS-DECORATIONS-BIRTHDAY-WEDDING/DP/B09C4LD9TL
BBGROUNDGRM	BBGROUNDGRM	amazon.ca	HTTPS://WWW.AMAZON.CA/STORES/BBGROUNDGRM/PAGE/32C925D6-D7C8-4372-A9C1-581C8571B1ED
BBITA	BBITA	amazon.ca	HTTPS://WWW.AMAZON.CA/1000PCS-BRACELET-NECKLACE-ACCESSORIES-S002/DP/B0C4DYY1GT
BBITA	BBITA	amazon.ca	HTTPS://WWW.AMAZON.CA/STORES/BBITA/PAGE/4149A9C9-CA7A-463F-AC33-2EF699D4493D
BBYMIE	BBYMIE	amazon.ca	HTTPS://WWW.AMAZON.CA/PREGNANCY-REMOVABLE-WASHABLE-SOOTHING-SCIATICA/DP/B0B1H5TQ72
BBYMIE	BBYMIE	amazon.ca	HTTPS://WWW.AMAZON.CA/EXPANDING-PHONE-MOUNT-HOLDER-CELLPHONE/DP/B09D6ZBLFX
BCKENEY	BCKENEY	amazon.ca	HTTPS://WWW.AMAZON.CA/BCKENEY-SCRUBBER-EXFOLIATOR-ACCESSORIES-CLEANING/DP/B0CC8LBNQF
BCROKORY	BCROKORY	amazon.ca	HTTPS://WWW.AMAZON.CA/CONVERTER-ADAPTER-COMPATIBLE-NINTNEDO-GAMECUBE/DP/B0B741BG5N
BCROKORY	BCROKORY	amazon.ca	HTTPS://WWW.AMAZON.CA/BCROKORY-COMPONENT-CONVERTER-FUNCTION-SUPPORTS/DP/B0CT4Q7F1L
BCSHIYE	BCSHIYE	amazon.ca	HTTPS://WWW.AMAZON.CA/BCSHIYE-SNAKESKIN-BOOTIES-FASHION-POINTED/DP/B09M8W53KR
BCSHIYE	BCSHIYE	amazon.ca	HTTPS://WWW.AMAZON.CA/BCSHIYE-WOMENS-MOCCASIN-WESTERN-BOOTIES/DP/B09MNLF85D
BCSHIYE	BCSHIYE	amazon.ca	HTTPS://WWW.AMAZON.CA/BCSHIYE-WOMENS-POINTED-FASHION-CHUNKY/DP/B09SQ7GZMH
BCSHIYE	BCSHIYE	amazon.ca	HTTPS://WWW.AMAZON.CA/ARTIFICIAL-FLOWERS-BCSHIYE-ARRANGEMENTS-WHITE/DP/B0B3VRL63H
BDECORU	BDECORU	amazon.ca	HTTPS://WWW.AMAZON.CA/BDECORU-RECLINING-POSITIONS-DURABILITY-CUSHIONS/DP/B07Y38L2T2
BDONDON	BDONDON	amazon.ca	HTTPS://WWW.AMAZON.CA/BDONDON/B/REF=MH_BL_SL_AP_AP_MW_118909206011?IE=UTF8&NODE=118909206011&FIELD-LBR_BRANDS_BROWSE-BIN=BDONDON
BDQING	BDQING	amazon.ca	HTTPS://WWW.AMAZON.CA/BDQING-WOMENS-PLEATED-SKATER-UNIFORM/DP/B094NBGNG2
BDSJBJ	BDSJBJ	amazon.ca	HTTPS://WWW.AMAZON.CA/BDSJBJ-WATERPROOF-BACKPACK-LIGHTWEIGHT-SWIMMING/DP/B09SZ892PC
BEAKABAO	BEAKABAO	amazon.ca	HTTPS://WWW.AMAZON.CA/BEAKABAO-ADJUSTABLE-DETACHABLE-SUITABLE-GYMNASTICS/DP/B07X4FCZDR
BEASTCANTEEN	BEASTCANTEEN	amazon.ca	HTTPS://WWW.AMAZON.CA/STORES/BEASTCANTEEN/HOMEPAGE/PAGE/8873ED40-EB68-4491-90B2-3492BF52A900
BEAUKAU	BEAUKAU	amazon.ca	HTTPS://WWW.AMAZON.CA/RESPIRATOR-FILTER-BEAUKAU-AGAINST-PARTICULATE/DP/B0BC4MWD5K
BEAUKAU	BEAUKAU	amazon.ca	HTTPS://WWW.AMAZON.CA/RESPIRATOR-BEAUKAU-PARTICULATE-ACTIVATED-ASBESTOS/DP/B0BV654VKZ
BEBERLU	BEBERLU	amazon.ca	HTTPS://WWW.AMAZON.CA/BEBERLU-BUILDING-LIGHTING-ARCHITECTURE-DECORATION/DP/B0C557SSVN
BECCALIGHTING	BECCALIGHTING	amazon.ca	HTTPS://WWW.AMAZON.CA/BECCALIGHTING-LANDSCAPE-LIGHTING-BACKYARD-SOLAR-POWERED/DP/B07YP25QPP
BECCALIGHTING	BECCALIGHTING	amazon.ca	HTTPS://WWW.AMAZON.CA/BECCALIGHTING-EMERGENCY-RECHARGEABLE-HOUSEHOLD-HURRICANE/DP/B08K4325V3
BECHUNLEZ	BECHUNLEZ	amazon.ca	HTTPS://WWW.AMAZON.CA/SASCHEDROSS-ASTROAI-BUDWEISER-BECHUNLEZ-PORTABLE/DP/B09TRTS7HS
BECRY	BECRY	amazon.ca	HTTPS://WWW.AMAZON.CA/BECRY-STATIC-DECORATIVE-TRANSLUCENT-COVERING/DP/B012M9HH0W
BECTOSY	BECTOSY	amazon.ca	HTTPS://WWW.AMAZON.CA/ONE-WAY-WINDOW-PRIVACY-FILM/DP/B0CLTWLXN9
BEDEXUT	BEDEXUT	amazon.ca	HTTPS://WWW.AMAZON.CA/BEDEXUT-PLEXIGLASS-PERFECT-CRAFTING-PROJECTS/DP/B08JCC78SS
BEDHEADBYTIGI	BEDHEADBYTIGI	amazon.ca	HTTPS://WWW.AMAZON.CA/STORES/BEDHEADBYTIGI/PAGE/B632EFBD-BF8D-414C-B995-2C72C026ECB8
BEDUFSAR	BEDUFSAR	amazon.ca	HTTPS://WWW.AMAZON.CA/BEDUFSAR-SLEEPING-SUPPORTIVE-GUSSETED-ALTERNATIVE/DP/B09TWBGMVJ
BEEGOFLY	BEEGOFLY	amazon.ca	HTTPS://WWW.AMAZON.CA/BEEGOFLY-BAZOOKA-JAPANESE-SASHIMI-SERVING/DP/B0D14927V6
BEEGOFLY	BEEGOFLY	amazon.ca	HTTPS://WWW.AMAZON.CA/BEEGOFLY-MONSTERS-EXPERIENCED-TUTORIALS-CREATIVE/DP/B0CHRDM6CH
BEENBARKS	BEENBARKS	amazon.ca	HTTPS://WWW.AMAZON.CA/BEENBARKS-FREESTANDING-DESIGNED-THICKNESS-ESPRESSO/DP/B08NJZGM9Q
BEEWEEL	BEEWEEL	amazon.ca	HTTPS://WWW.AMAZON.CA/BEEWEEL-IMMERSION-BLENDER-HANDHELD-RESISTANT/DP/B0C7GMPPG1
BEFANTASWAY	BEFANTASWAY	amazon.ca	HTTPS://WWW.AMAZON.CA/BEATWAY-TORSION-HANDLE-RETURN-HYDRAULIC/DP/B087CTR5L1
BEFAYOO	BEFAYOO	amazon.ca	HTTPS://WWW.AMAZON.CA/FLOATING-SHELVES-BEFAYOO-HANGING-BATHROOM/DP/B09Y5HV4YK
BEHIYA	BEHIYA	amazon.ca	HTTPS://WWW.AMAZON.CA/3-LIGHTS-BATHROOM-FIXTURES-FIXTURES-ROTATABLE/DP/B09H5PBXKT
BEIBOON	BEIBOON	amazon.ca	HTTPS://WWW.AMAZON.CA/BEIBOON-VEGETABLE-REFRIGERATOR-FRESHNESS-VEGETABLES/PRODUCT-REVIEWS/B09J8CV3VG
BEIGEEWY	BEIGEEWY	amazon.ca	HTTPS://WWW.AMAZON.CA/BEIGEEWY-STAINLESS-BATHROOM-POLISHED-BM8802-G/DP/B08CS7NDR4
BEIGEEWY	BEIGEEWY	amazon.ca	HTTPS://WWW.AMAZON.CA/STAINLESS-24-INCH-BATHROOM-ORGANIZER-POLISHED/DP/B08CS9FX1J
BEIGEEWY	BEIGEEWY	amazon.ca	HTTPS://WWW.AMAZON.CA/24-INCH-STAINLESS-BATHROOM-ACCESSORIES-MOUNTED/DP/B08CSBXXCH
BEIGEEWY	BEIGEEWY	amazon.ca	HTTPS://WWW.AMAZON.CA/BEIGEEWY-STAINLESS-BATHROOM-ACCESSORIES-BM8662-B/DP/B08CS92DHY
BEIGESWAN	BEIGESWAN	amazon.ca	HTTPS://WWW.AMAZON.CA/BEIGESWAN-CAPACITY-MILITARY-TACTICAL-BACKPACKS/DP/B0CSWKXC8T
BEIKELL	BEIKELL	amazon.ca	HTTPS://WWW.AMAZON.CA/BEIKELL-HIGH-SPEED-ADAPTER-COMPATIBLE-MACBOOK/DP/B09Z6JCKL7
BEILAN	BEILAN	amazon.ca	HTTPS://WWW.AMAZON.CA/STORES/BEILAN/%E4%B8%BB%E9%A1%B5/PAGE/E5E376A7-8D0C-438C-A82F-D119DBD711D6
BEITMISS	BEITMISS	amazon.ca	HTTPS://WWW.AMAZON.CA/BEITMISS-1-BRUSH-SALON-RESULT/DP/B0C24KW8NG
BEITOO	BEITOO	amazon.ca	HTTPS://WWW.AMAZON.CA/BEITOO-CARVING-TOOL-SCULPTING-TOOLS/DP/B0912MVNYB
BEIUTAO	BEIUTAO	amazon.ca	HTTPS://WWW.AMAZON.CA/BEIUTAO-CABINET-BRUSHED-DRESSER-HARDWARE/DP/B091YQ7SWN
BEIXIAOFEN	BEIXIAOFEN	amazon.ca	HTTPS://WWW.AMAZON.CA/BEIXIAOFEN-HONEYCOMB-DECORATIVE-ASSEMBLED-MAGNETIC/DP/B07VYTNLLF
BEIYONGDE	BEIYONGDE	amazon.ca	HTTPS://WWW.AMAZON.CA/MUSHROOM-TAPESTRY-AESTHETIC-BUTTERFLY-WILDLIFE/DP/B09TXM6ZS1
BEKOMO	BEKOMO	amazon.ca	HTTPS://WWW.AMAZON.CA/BEKOMO-COMPATIBLE-SAMSUNG-STAINLESS-PROTECTOR/DP/B08CZMB99G
BELICHETO	BELICHETO	amazon.ca	HTTPS://WWW.AMAZON.CA/BELICHETO-DISPENSER-POURERS-COOKING-DECANTER/DP/B09NN4JQY9
BELIFER	BELIFER	amazon.ca	HTTPS://WWW.AMAZON.CA/BELIFER-FIGURINE-SCULPTURE-SURROUNDED-ENCOURAGEMENT/DP/B09L8JKBY1
BELLAGIONE	BELLAGIONE	amazon.ca	HTTPS://WWW.AMAZON.CA/UNIVERSAL-ACCESSORIES-INCLUDING-SILICONE-BELLAGIONE/DP/B072Z98MJB
BELLAGIONE	BELLAGIONE	amazon.ca	HTTPS://WWW.AMAZON.CA/MICROWAVE-DISINFECTS-KITCHENS-TEMPERATURE-EQUIPMENT/DP/B07D719CHX
BELLEJUNGE	BELLEJUNGE	amazon.ca	HTTPS://WWW.AMAZON.CA/BELLEJUNGE-STITCHED-GROMMETS-FREEDOM-LIBERTY/DP/B08KHYCLFH
BELLELINLIN	BELLELINLIN	amazon.ca	HTTPS://WWW.AMAZON.CA/BELLELINLIN-SHARPY-MOVING-LIGHTS-HKX260/DP/B0B1ZCJZLS
BEMACOGGI	BEMACOGGI	amazon.ca	HTTPS://WWW.AMAZON.CA/ARTIFICIAL-FLOWER-DECORATION-PHOTOGRAPHY-CHAMPAGNE/DP/B08TCFM8SN
BEMEIREN	BEMEIREN	amazon.ca	HTTPS://WWW.AMAZON.CA/BEMEIREN/B/REF=MH_BL_SL_AP_AP_MW_69623750011?IE=UTF8&NODE=69623750011&FIELD-LBR_BRANDS_BROWSE-BIN=BEMEIREN
BEMLDY	BEMLDY	amazon.ca	HTTPS://WWW.AMAZON.CA/BEMLDY-PORTABLE-MEGAPHONE-ALARM-MUSIC-ADJUSTABLE-LIGHTWEIGHT/DP/B083K5JFMD
BEMYCUTIE	BEMYCUTIE	amazon.ca	HTTPS://WWW.AMAZON.CA/BEMYCUTIE-TODDLER-RUFFLED-T-SHIRT-CLOTHES/DP/B08XJZY826
BENEYHOME	BENEYHOME	amazon.ca	HTTPS://WWW.AMAZON.CA/BENEYHOME-DECORATIVE-BATHROOM-BATHTUBS-REPELLENT/DP/B08XZ3PGLH
BENEYHOME	BENEYHOME	amazon.ca	HTTPS://WWW.AMAZON.CA/BENEYHOME-BATHROOM-GROMMETS-WEIGHTED-WASHABLE/DP/B08XYXFNLL
BENEYHOME	BENEYHOME	amazon.ca	HTTPS://WWW.AMAZON.CA/BENEYHOME-BATHROOM-BATHTUBS-REPELLENT-RUST-PROOF/DP/B08XYWFTMR
BENEYHOME	BENEYHOME	amazon.ca	HTTPS://WWW.AMAZON.CA/BENEYHOME-WASHABLE-BATHROOM-WEIGHTED-WATER-REPELLENT/DP/B0B8BDS6WQ
BENEYHOME	BENEYHOME	amazon.ca	HTTPS://WWW.AMAZON.CA/BENEYHOME-CURTAIN-BATHROOM-RESISTANT-WASHABLE/DP/B08YDJ7Y93
BENILEV	BENILEV	amazon.ca	HTTPS://WWW.AMAZON.CA/BENILEV-FEMALE-MUSCLES-PERINEAL-ANATOMY/DP/B0BN7P4QQB
BENLYNNX	BENLYNNX	amazon.ca	HTTPS://WWW.AMAZON.CA/BENLYNNX-EXPLOSION-PROOF-AERONAUTIC-REFILLABLE-PAINTBALL/DP/B0CD272GT8
BENSTYLE	BENSTYLE	amazon.ca	HTTPS://WWW.AMAZON.CA/BENSTYLE-COMPATIBLE-REPLACEMENT-WRISTBANDS-ACCESSORIES/DP/B0CV1G8XX6
BEOXAGAR	BEOXAGAR	amazon.ca	HTTPS://WWW.AMAZON.CA/PINK-DINOSAUR-3-CAKE-TOPPER/DP/B09B23R9DP
BERUFEXP	BERUFEXP	amazon.ca	HTTPS://WWW.AMAZON.CA/BERUFEXP-ROTATAING-ATTACHMENT-PULLDOWN-ATTACHMENTS/DP/B0D879G876
BERXOETI	BERXOETI	amazon.ca	HTTPS://WWW.AMAZON.CA/BERXOETI-AIRTAG-WALLET-MEN-MINIMALIST/DP/B0BZT63TVQ
BERYART	BERYART	amazon.ca	HTTPS://WWW.AMAZON.CA/BERYART-NON-TICKING-NUMERALS-OPERATED-DECORATIVE/DP/B08CHGJMHL
BESEETOP	BESEETOP	amazon.ca	HTTPS://WWW.AMAZON.CA/BESEETOP-STAINLESS-INSULATED-LOCATING-UNDERGROUND/DP/B0BWX4SYMG
BESHOOME	BESHOOME	amazon.ca	HTTPS://WWW.AMAZON.CA/BESHOOME-LAUNDRY-HAMPER-EXTRA-BASKET/DP/B0D178YJG2
BESIDETREE	BESIDETREE	amazon.ca	HTTPS://WWW.AMAZON.CA/BESIDETREE-WHITE-PICTURE-FRAMES-TABLETOP/DP/B07KW1MXL8
BESILENCE	BESILENCE	amazon.ca	HTTPS://WWW.AMAZON.CA/BESILENCE-BOOKCASE-ORGANIZERS-BOOKSHELF-SHELVING/DP/B07Z2WK15X
BESINGKI	BESINGKI	amazon.ca	HTTPS://WWW.AMAZON.CA/BESINGKI-REPLACEMENT-COMPATIBLE-BLENDTEC-CONTAINER/DP/B0CSK3PJT5
BESNOVIS	BESNOVIS	amazon.ca	HTTPS://WWW.AMAZON.CA/BESNOVIS-DEHUMIDIFIERS-DEHUMIDIFIER-PORTABLE-BATHROOM/DP/B0C2YZXCKZ
BESTHUNTINER	BESTHUNTINER	amazon.ca	HTTPS://WWW.AMAZON.CA/BESTHUNTINER-WATERPROOF-SLEEPING-EMERGENCY-AIRPLANE/DP/B0CMWSKW2K
BESTNEWIE	BESTNEWIE	amazon.ca	HTTPS://WWW.AMAZON.CA/BESTNEWIE/B/REF=BL_DP_S_MW_37212164011?IE=UTF8&NODE=37212164011&FIELD-LBR_BRANDS_BROWSE-BIN=BESTNEWIE
BESTNEWIE	BESTNEWIE	amazon.ca	HTTPS://WWW.AMAZON.CA/BESTNEWIE-FLEXIBLE-BACKREST-NON-TOXIC-ACCESSORY/DP/B0F5HJNF5G
BESTNIFLY	BESTNIFLY	amazon.ca	HTTPS://WWW.AMAZON.CA/STORES/BESTNIFLY/%E4%B8%BB%E9%A1%B5/PAGE/FD90E185-8235-4D97-803E-B4F9FF1671C3
BETHEBSTYO	BETHEBSTYO	amazon.ca	HTTPS://WWW.AMAZON.CA/BETHEBSTYO-ARTIFICIAL-PROFESSIONAL-TRAINING-DRAINAGE/DP/B0B5D9NBKW
BETIMESYU	BETIMESYU	amazon.ca	HTTPS://WWW.AMAZON.CA/BETIMESYU-VINTAGE-CHANDELIER-CEILING-LOAD-BEARING/DP/B0969D5MVV
BETTEBOUTIK	BETTEBOUTIK	amazon.ca	HTTPS://WWW.AMAZON.CA/STORES/BETTEBOUTIK/%E4%B8%BB%E9%A1%B5/PAGE/84172220-3337-4265-A741-AFFCBEAE4DCE
BETTEBOUTIK	BETTEBOUTIK	amazon.ca	HTTPS://WWW.AMAZON.CA/STORES/BETTEBOUTIK/HOODIES/PAGE/53BCC258-9B57-413A-9B43-2AABA96458BE
BETTERJONNY	BETTERJONNY	amazon.ca	HTTPS://WWW.AMAZON.CA/STORES/BETTERJONNY/PAGE/61D2DBB6-E754-4574-BED9-AD73D7A568E6
BEVDICNC	BEVDICNC	amazon.ca	HTTPS://WWW.AMAZON.CA/BEVDICNC-BALLSCREW-SFU1605-600MM-ELECTRONIC-INDUSTRIAL/DP/B0BXDJPDQC
BEVISUN	BEVISUN	amazon.ca	HTTPS://WWW.AMAZON.CA/REUSABLE-INSULATION-METALIZED-SHOPPING-WATERPROOF/DP/B085HJGH4F
BEVPOD	BEVPOD	amazon.ca	HTTPS://WWW.AMAZON.CA/SLIM-COOLER-REINVENTED-MAKE-EASIER/DP/B01M3Y98Y6
BEXTGOO	BEXTGOO	amazon.ca	HTTPS://WWW.AMAZON.CA/STORES/BEXTGOO/PAGE/26CF5961-13E9-4280-803E-79A6327575CF
BFFDD	BFFDD	amazon.ca	HTTPS://WWW.AMAZON.CA/BFFDD-BICYCLE-TIRES-COLORFUL-COLOR/DP/B08PTR5NR2
BGHDIDDDDD	BGHDIDDDDD	amazon.ca	HTTPS://WWW.AMAZON.CA/BGHDIDDDDD-TELESCOPE-BINOCULARS-HIGH-DEFINITION-WATERPROOF/DP/B09XHZZ7P1
BGHDIDDDDD	BGHDIDDDDD	amazon.ca	HTTPS://WWW.AMAZON.CA/BGHDIDDDDD-TELESCOPE-TELESCOPE-REFRACTION-WATERPROOF/DP/B09Y24L4ZX
BGSIME	BGSIME	amazon.ca	HTTPS://WWW.AMAZON.CA/BGSIME-UNIVERSAL-THICKNESS-ALUMINUM-HOLES-4X98/DP/B0DSZYYGJ8
BHEURIZA	BHEURIZA	amazon.ca	HTTPS://WWW.AMAZON.CA/BHEURIZA-HORROR-MOVIE-POSTER-VINTAGE/DP/B0BCSBM9M9
BIBIBIRDS	BIBIBIRDS	amazon.ca	HTTPS://WWW.AMAZON.CA/BIBIBIRDS-INCUBATOR-INCUBATORS-HATCHING-AUTOMATIC/DP/B0DQZHG1GT
BIBIQ	BIBIQ	amazon.ca	HTTPS://WWW.AMAZON.CA/BIBIQ-POSTERS-BEDROOM-AESTHETIC-12X18INCH/DP/B0CBM1LX7D
BIBKOK	BIBKOK	amazon.ca	HTTPS://WWW.AMAZON.CA/BIBKOK-INDUSTRIAL-ADJUSTABLE-WAREHOUSE-SUPERMARKET/DP/B0BRKPB6QC
BIENBEAU	BIENBEAU	amazon.ca	HTTPS://WWW.AMAZON.CA/STORES/BIENBEAU/HOMEPAGE/PAGE/DDCBCA47-750B-4463-BE2F-643AA42F30AA
BIENCOOL	BIENCOOL	amazon.ca	HTTPS://WWW.AMAZON.CA/BIENCOOL-READING-GLASSES-READERS-SPRING/DP/B0CDB2BXJM
BIEOSNLI	BIEOSNLI	amazon.ca	HTTPS://WWW.AMAZON.CA/WOMENS-SQUARE-STRAPS-STILETTO-SANDALS/DP/B09PD1JCCV
BIEWOOS	BIEWOOS	amazon.ca	HTTPS://WWW.AMAZON.CA/BIEWOOS/S?K=BIEWOOS
BIEWOOS	BIEWOOS	amazon.ca	HTTPS://WWW.AMAZON.CA/BIEWOOS-STABILIZER-PROTECTOR-ARTHRITIS-BASKETBALL/DP/B07BF5XH57
BIFORDO	BIFORDO	amazon.ca	HTTPS://WWW.AMAZON.CA/BIFORDO-FAUCET-SUS304-STAINLESS-KITCHEN/DP/B0C6H4V2CN
BIFQIOY	BIFQIOY	amazon.ca	HTTPS://WWW.AMAZON.CA/BIFQIOY-GINKGO-QUILT-REVERSIBLE-LIGHTWEIGHT/DP/B0CFGLP9KL
BIGCOON	BIGCOON	amazon.ca	HTTPS://WWW.AMAZON.CA/BIGCOON-MAGNETIC-CHARGING-CONNECTOR-NYLON-BRAIDED/DP/B09WF7247P
BIGCOON	BIGCOON	amazon.ca	HTTPS://WWW.AMAZON.CA/BIGCOON-MAGNETIC-CHARGING-BRAIDED-COMPATIBLE/DP/B09WF6MYN7
BIGETAIGE	BIGETAIGE	amazon.ca	HTTPS://WWW.AMAZON.CA/BIGETAIGE-WARNING-TRIANGLE-APPROVED-REFLECTIVE/DP/B07BPVNLY8
BIGKEOKI	BIGKEOKI	amazon.ca	HTTPS://WWW.AMAZON.CA/BIRTHDAY-TABLECLOTHS-DECORATIONS-SUNSHINE-SUPPLIES/DP/B0B7D5PP2F
BIGKEOKI	BIGKEOKI	amazon.ca	HTTPS://WWW.AMAZON.CA/INSPIRED-BIRTHDAY-DECORATIONS-SUNSHINE-DECORATION/DP/B0BCXPFHHQ
BIGPIPI	BIGPIPI	amazon.ca	HTTPS://WWW.AMAZON.CA/BIGPIPI-NATURAL-DECORATIVE-CENTERPIECE-MULTIPURPOSE/DP/B0BGJ8VPVF
BIIRBLUE	BIIRBLUE	amazon.ca	HTTPS://WWW.AMAZON.CA/BIIRBLUE-BACKPACK-ELECTRIC-FUNCATION-TELESCOPIC/DP/B0D46JKV3Q
BIJIAMEI	BIJIAMEI	amazon.ca	HTTPS://WWW.AMAZON.CA/BIJIAMEI-PAINTING-CARRYING-COLLAPSABLE-METAL/DP/B0BWFPQ6ZH
BIKACU	BIKACU	amazon.ca	HTTPS://WWW.AMAZON.CA/BIKACU-RECHARGEABLE-ADJUSTABLE-FLASHLIGHT-HEADLAMP/DP/B0C3J3JLGK
BILEEDA	BILEEDA	amazon.ca	HTTPS://WWW.AMAZON.CA/BILEEDA-LEATHER-OTTOMAN-STORAGE-COFFEE/DP/B089S27KFS
BILEEDA	BILEEDA	amazon.ca	HTTPS://WWW.AMAZON.CA/BILEEDA-OTTOMAN-FOOTREST-FOOTSTOOL-ASSEMBLY/DP/B07ZVF1G4Q
BILINOTT	BILINOTT	amazon.ca	HTTPS://WWW.AMAZON.CA/BILINOTT-FLOWER-BUILDING-ARTIFICIAL-ENTHUSIASTS/DP/B0C23GQ8P8
BILIZAR	BILIZAR	amazon.ca	HTTPS://WWW.AMAZON.CA/BILIZAR-TEMPORARY-JELLYFISH-SUNFLOWER-REALISTIC/DP/B09BZ5ZMJ7
BIMASO	BIMASO	amazon.ca	HTTPS://WWW.AMAZON.CA/STORES/BIMASO/HOMEPAGE/PAGE/BFA48166-BA68-4152-8C0C-34A88B703199
BIMASO	BIMASO	amazon.ca	HTTPS://WWW.AMAZON.CA/BIMASO-STAR-0001-POP-ITS-FIDGET/DP/B08Y5K5ZY7
BIMOUR	BIMOUR	amazon.ca	HTTPS://WWW.AMAZON.CA/BIMOUR-JIGSAW-PUZZLES-CHALLENGING-NORTHERN/DP/B0B8VK6SVY
BIMWXUY	BIMWXUY	amazon.ca	HTTPS://WWW.AMAZON.CA/TAPESTRY-REACTIVE-JAPANESE-BLACKLIGHT-AESTHETIC/DP/B09QL3HCYG
BINBINLED	BINBINLED	amazon.ca	HTTPS://WWW.AMAZON.CA/BINBINLED-STARBURST-CHANDELIER-CHRISTMAS-DECORATION/DP/B0CDLFLCW1
BININEEW	BININEEW	amazon.ca	HTTPS://WWW.AMAZON.CA/BININEEW-PORTABLE-BLENDER-SMOOTHIES-RECHARGEABLE/DP/B0CRD6SQ7S
BINNAZHENZHI	BINNAZHENZHI	amazon.ca	HTTPS://WWW.AMAZON.CA/BINNAZHENZHI-GLOBE-WERNICKE-BOOKCASES-COURTYARD-DECORATED/DP/B083XS2JJ7
BINSTERAIN	BINSTERAIN	amazon.ca	HTTPS://WWW.AMAZON.CA/BINSTERAIN-POCKETS-LIGHTWEIGHT-OUTDOOR-RESISTANT/DP/B08P5VZZFD
BIOSLIVING	BIOSLIVING	amazon.ca	HTTPS://WWW.AMAZON.CA/STORES/BIOSLIVING/BIOSLIVING/PAGE/70AFBC90-AF75-4DAA-91BF-31490A24E456
BIOSWEATHER	BIOSWEATHER	amazon.ca	HTTPS://WWW.AMAZON.CA/STORES/BIOSWEATHER/PAGE/7D2004A8-310C-4B55-8CAF-498E8AA2171E
BIOSWEATHER	BIOSWEATHER	amazon.ca	HTTPS://WWW.AMAZON.CA/STORES/BIOSWEATHER/PAGE/CE24F196-4223-4737-8881-11A640CD2D6F
BIQEOUC	BIQEOUC	amazon.ca	HTTPS://WWW.AMAZON.CA/BIQEOUC-REMOVAL-DETACHABLE-TUNGSTEN-CAULKING/DP/B08ZCFRP3L
BIRTECHWAY	BIRTECHWAY	amazon.ca	HTTPS://WWW.AMAZON.CA/BIRTECHWAY-ELECTRIC-PRESSURE-3000PSI-DRIVEWAY/DP/B0C1SFBC9C
BITLIFUN	BITLIFUN	amazon.ca	HTTPS://WWW.AMAZON.CA/BITLIFUN-WEIGHTED-WORKOUT%EF%BC%8CSTRENGTH-TRAINING-EQUIPMENT/DP/B08ZMS4X5M
BIUDNIYLL	BIUDNIYLL	amazon.ca	HTTPS://WWW.AMAZON.CA/BIUDNIYLL-HEAVY-DUTY-BUTTON-MASTER/DP/B0CBLFHWTS
BIUDNIYLL	BIUDNIYLL	amazon.ca	HTTPS://WWW.AMAZON.CA/BIUDNIYLL-EXTENDED-VERSION-EMERGENCY-LENGTH29-5/DP/B0CY4THG1B
BIVIWAN	BIVIWAN	amazon.ca	HTTPS://WWW.AMAZON.CA/BIVIWAN-ULTRA-RESISTANT-DURABLE-KNEE-ESSENTIALS-%EF%BC%8CCOMFORTABLE/DP/B0BC8JDV53
BIWHANGCRAFT	BIWHANGCRAFT	amazon.ca	HTTPS://WWW.AMAZON.CA/BIWHANGCRAFT-HOBNAIL-DRINKING-GLASSWARE-BEVERAGE/DP/B0C1BGH2SP
BIWHANGCRAFT	BIWHANGCRAFT	amazon.ca	HTTPS://WWW.AMAZON.CA/BIWHANGCRAFT-SPECIAL-PATTERN-DRINKING-GLASSWARE/DP/B0CYBWKN2L
BIXIRAO	BIXIRAO	amazon.ca	HTTPS://WWW.AMAZON.CA/INDUSTRIAL-FLOATING-SHELVING-BOOKCASES-BOOKSHELVES/DP/B09HT3VGL7
BIXIRAO	BIXIRAO	amazon.ca	HTTPS://WWW.AMAZON.CA/BIXIRAO-INDUSTRIAL-RUSTIC-MODERN-MOUNTED/DP/B07Y6XZQQQ
BIXIRAO	BIXIRAO	amazon.ca	HTTPS://WWW.AMAZON.CA/BIXIRAO-INDUSTRIAL-CLOTHING-COMMERCIAL-STEAMPUNK/DP/B07XBBBBRG
BIYATUOS	BIYATUOS	amazon.ca	HTTPS://WWW.AMAZON.CA/BIYATUOS-DIMMING-FULL-SIZE-STANDING-DRESSING/DP/B09PVPZZ9Q
BIYATUOS	BIYATUOS	amazon.ca	HTTPS://WWW.AMAZON.CA/BIYATUOS-LIGHTED-FULL-LENGTH-DRESSING-ALUMINUM/DP/B09WVT97DZ
BIYINGEE	BIYINGEE	amazon.ca	HTTPS://WWW.AMAZON.CA/BIYINGEE-WOMENS-CYCLING-JERSEY-WICKING/DP/B075G8HDSB
BIYULFTJ	BIYULFTJ	amazon.ca	HTTPS://WWW.AMAZON.CA/BIYULFTJ-SNOWBOARD-STOMP-PADS-KOMPASS/DP/B0BJTZG7T6
BJABTAN	BJABTAN	amazon.ca	HTTPS://WWW.AMAZON.CA/BJABTAN-BASEBALL-ORGANIZER-CARRYING-SHOULDER/DP/B0C38SFMBV
BJABTAN	BJABTAN	amazon.ca	HTTPS://WWW.AMAZON.CA/BJABTAN-ORGANIZER-HARDSHELL-COMPARTMENTS-MEDICATION/DP/B0C9YWC5PL
BJINEGELY	BJINEGELY	amazon.ca	HTTPS://WWW.AMAZON.CA/KEYCHAIN-CORKSCREW-PORTABLE-BACKPACK-CAMPING/DP/B0C66VTVLD
BKIOQOH	BKIOQOH	amazon.ca	HTTPS://WWW.AMAZON.CA/BKIOQOH-3-PIECE-LAMAR-POSTER-SET/DP/B0C32XXXL1
BLACKLONIA	BLACKLONIA	amazon.ca	HTTPS://WWW.AMAZON.CA/BLACKLONIA-OUTDOOR-INDOOR%EF%BC%8CWATERPROOF-ELECTRIC-MOSQUITO/DP/B08TW8QN52
BLAFROZZING	BLAFROZZING	amazon.ca	HTTPS://WWW.AMAZON.CA/BLAFROZZING-ARTIFICIAL-REALISTIC-BOOKSHELF-FARMHOUSE/DP/B0CL2B64F8
BLAPIPLA	BLAPIPLA	amazon.ca	HTTPS://WWW.AMAZON.CA/BLAPIPLA-Y5-2025-SIGNAL-EXTENDER/DP/B0DPKG3BQ5
BLARAORGANICHOUSE	BLARAORGANICHOUSE	amazon.ca	HTTPS://WWW.AMAZON.CA/STORES/BLARAORGANICHOUSE/PAGE/AA3B2CC4-E17D-4212-82F8-F55B156BE292
BLAUEOCHI	BLAUEOCHI	amazon.ca	HTTPS://WWW.AMAZON.CA/BLAUEOCHI-FILTERS-O3-PERFECT-USE-NOT/DP/B0C4KZL2Q2
BLAYAADD	BLAYAADD	amazon.ca	HTTPS://WWW.AMAZON.CA/BLAYAADD-WATERPROOF-PARTICLES-SLIPCOVERS-PROTECTOR/DP/B0D2H85H22
BLAYAADD	BLAYAADD	amazon.ca	HTTPS://WWW.AMAZON.CA/LETTER-ORGANIZER-DOCUMENT-HOLDER-FILING/DP/B09HKT1GNV
BLAYAADD	BLAYAADD	amazon.ca	HTTPS://WWW.AMAZON.CA/BLAYAADD-CABINET-ORGANIZER-ADHESIVE-CABINETS/DP/B0D17FDLVH
BLAYAADD	BLAYAADD	amazon.ca	HTTPS://WWW.AMAZON.CA/BLAYAADD-COMPRESSION-ORGANIZER-COMFORTERS-BLANKETS/DP/B0D1MWJ3RX
BLAZCO	BLAZCO	amazon.ca	HTTPS://WWW.AMAZON.CA/STORES/BLAZCO/PAGE/33B207F4-BB9A-42A5-A186-442B8C8A6FE0
BLAZESET	BLAZESET	amazon.ca	HTTPS://WWW.AMAZON.CA/BLAZESET-COMPATIBLE-DIMMABLE-CONTROL-CHANGING/DP/B09BP2TJ7R
BLBBLBGDD	BLBBLBGDD	amazon.ca	HTTPS://WWW.AMAZON.CA/BASSINET-BASSINETS-BEDSIDE-SLEEPER-ADJUSTABLE/DP/B0D95WS61S
BLEKRASI	BLEKRASI	amazon.ca	HTTPS://WWW.AMAZON.CA/VASES-CENTERPIECES-CENTERPIECE-DECORATIONS-DECORATION/DP/B0C8MHWW5T
BLEMOACHA	BLEMOACHA	amazon.ca	HTTPS://WWW.AMAZON.CA/BLEMOACHA-ABSTRACT-AESTHETIC-PAINTINGS-ARTWORK/DP/B0BCW9FDNC
BLIBALASKR	BLIBALASKR	amazon.ca	HTTPS://WWW.AMAZON.CA/BLIBALASKR-RESISTANT-PLACEMATS-WATERPROOF-WIPEABLE/DP/B0CFQ9WSRY
BLIBALASKR	BLIBALASKR	amazon.ca	HTTPS://WWW.AMAZON.CA/BLIBALASKR-PLACEMATS-RESISTANT-WASHABLE-DECORATION/DP/B0CH9Y1S96
BLINGEEZ	BLINGEEZ	amazon.ca	HTTPS://WWW.AMAZON.CA/BLINGEEZ-BLING-EEZ-JEWELRY-ORGANIZER/DP/B003CT23QU
BLIOCEFO	BLIOCEFO	amazon.ca	HTTPS://WWW.AMAZON.CA/HEADPHONE-ALUMINUM-EARPHONE-FUNCTIONAL-CRAFTMANSHIP/DP/B09MLGZ4BR
BLIQLRIY	BLIQLRIY	amazon.ca	HTTPS://WWW.AMAZON.CA/BLIQLRIY-KAWAII-SPA-HEADBAND-KII-TY/DP/B0BY2CQML4
BLITZBFITZ	BLITZBFITZ	amazon.ca	HTTPS://WWW.AMAZON.CA/BLITZBFITZ-STRENGTH-TRAINING-ADJUSTABLE-MECHANISM/DP/B0BFYXSKPK
BLOCKAHOLIC	BLOCKAHOLIC	amazon.ca	HTTPS://WWW.AMAZON.CA/BLOCKAHOLIC-LEVELING-BUILT-RELEASE-CARRYING/DP/B08JP35TZ4
BLSSNZ	BLSSNZ	amazon.ca	HTTPS://WWW.AMAZON.CA/BLSSNZ-SILK-EYE-MASK-SLEEPING/DP/B0C9WDHWZD
BLUEMELLO	BLUEMELLO	amazon.ca	HTTPS://WWW.AMAZON.CA/ULTRA-SOFT-ESSENTIAL-RECEIVING-SWADDLING-ACCESSORIES/DP/B07Q78S742
BLVRYVIO	BLVRYVIO	amazon.ca	HTTPS://WWW.AMAZON.CA/BLVRYVIO-ACCESSORY-ORGANIZER-STACKABLE-ACCESSORIES/DP/B0B386T1LC
BLXSIF	BLXSIF	amazon.ca	HTTPS://WWW.AMAZON.CA/BLXSIF-MILITARY-CAMO-HUNTING-PONCHO/DP/B0D5VSL5JH
BM0405	BM0405	amazon.ca	HTTPS://WWW.AMAZON.CA/IMPERIAL-GROUP-BM0405-STOVE-BOARD/DP/B0062P0NHM
BM21S1HGJ	BM21S1HGJ	amazon.ca	HTTPS://WWW.AMAZON.CA/BM21S1HGJ-ABSTRACT-ACRYLIC-DECORATIVE-BATHROOM/DP/B0948SPG4C
BM21S1HGJ	BM21S1HGJ	amazon.ca	HTTPS://WWW.AMAZON.CA/BM21S1HGJ-BALLOON-BATHROOM-MACHINE-WASHABLE/DP/B09GM2DWQZ
BM21S1HGJ	BM21S1HGJ	amazon.ca	HTTPS://WWW.AMAZON.CA/BM21S1HGJ-UNICORN-BATHTUB-DECORATIVE-BATHROOM/DP/B0978ZS43Y
BMESSE	BMESSE	amazon.ca	HTTPS://WWW.AMAZON.CA/BMESSE-TRACKSUIT-ATHLETIC-SWEATSUITS-THICKENED/DP/B0BQ9ZCGWG
BMUSDOG	BMUSDOG	amazon.ca	HTTPS://WWW.AMAZON.CA/BMUSDOG-WALKING-AMERICAN-PITBULL-SHEPHERD/DP/B08J7XZFDD
BMUUPY	BMUUPY	amazon.ca	HTTPS://WWW.AMAZON.CA/BMUUPY-ACCESSORIES-ACCESSORY-WATERPROOF-PROTECTOR/DP/B0DH874TBD
BNMDERY	BNMDERY	amazon.ca	HTTPS://WWW.AMAZON.CA/PERSONALIZED-GOLFERS-DECORATION-CUSTOMIZE-CUSTOMIZABLE/DP/B0CJJHHCJJ
BNMGH	BNMGH	amazon.ca	HTTPS://WWW.AMAZON.CA/BNMGH-AUTOMATIC-LAUNCHER-TRAINING-INTERACTIVE/DP/B0B1C8M862
BNZAQ	BNZAQ	amazon.ca	HTTPS://WWW.AMAZON.CA/BNZAQ-FISH-TANK-AQUARIUM-HEATER/DP/B07VWLK6J6
BOAISDUS	BOAISDUS	amazon.ca	HTTPS://WWW.AMAZON.CA/BOAISDUS-CUSHIONS-REPLACEMENT-WATERPROOF-FURNITURE/DP/B0BZKY5GPP
BOBOCAWA	BOBOCAWA	amazon.ca	HTTPS://WWW.AMAZON.CA/BOBOCAWA-DOG-NAIL-CLIPPERS-TRIMMER/DP/B07P8HZRLZ
BODYEARTHLOVE	BODYEARTHLOVE	amazon.ca	HTTPS://WWW.AMAZON.CA/STORES/BODYEARTHLOVE/PAGE/93C4F1C3-B697-4650-B024-2A0B649EC75D
BODYEARTHLOVE	BODYEARTHLOVE	amazon.ca	HTTPS://WWW.AMAZON.CA/STORES/BODYEARTHLOVE/HANDCREAMGIFT/PAGE/E27B300D-B654-4E7D-9056-0D3D7A15D4A4
BOFINEHY	BOFINEHY	amazon.ca	HTTPS://WWW.AMAZON.CA/SHIFTER-2007-2015-TRANSFER-ALUMINUM-ANODIZED/DP/B08HCP91RF
BOHEPUFFEX	BOHEPUFFEX	amazon.ca	HTTPS://WWW.AMAZON.CA/BOHEPUFFEX-MOROCCAN-DECORATIVE-FOOTSTOOL-EMBROIDERED/DP/B09STFMHJ2
BOHEPUFFEX	BOHEPUFFEX	amazon.ca	HTTPS://WWW.AMAZON.CA/BOHEPUFFEX-DECORATIVE-FOOTSTOOL-EMBROIDERED-UNSTUFFED/DP/B09ST1WC53
BOHOFARM	BOHOFARM	amazon.ca	HTTPS://WWW.AMAZON.CA/BOHOFARM-HEAVY-DUTY-POLYESTER-CLIMBING-HYDROPONICS/DP/B07V5CV3W4
BOHOFARM	BOHOFARM	amazon.ca	HTTPS://WWW.AMAZON.CA/BOHOFARM-HEAVY-DUTY-POLYESTER-CLIMBING-HYDROPONICS/DP/B09KPPLSKV
BOHOFARM	BOHOFARM	amazon.ca	HTTPS://WWW.AMAZON.CA/SEEDLING-HYDROPONIC-WATERPROOF-GERMINATION-PROPAGATION/DP/B075474T54
BOICLEWNY	BOICLEWNY	amazon.ca	HTTPS://WWW.AMAZON.CA/MIST-HUMIDIFIER-ESSENTIAL-COMPATIBLE-HUMIDIFIERS/DP/B09MJYFYX6
BOLCGURI	BOLCGURI	amazon.ca	HTTPS://WWW.AMAZON.CA/LUXURY-SHIRTS-BAROQUE-SLEEVE-BUTTON/DP/B0B6TS63ZC
BOLERPE	BOLERPE	amazon.ca	HTTPS://WWW.AMAZON.CA/TURQUOISE-BOHEMIAN-STATEMENT-NECKLACE-RHINESTONE/DP/B07PQLDHQ2
BOLONIPROD	BOLONIPROD	amazon.ca	HTTPS://WWW.AMAZON.CA/BOLONIPROD-BUTTERFLY-SHAPED-ALIGNMENT-POSITIONER-STRAIGHT/DP/B08637T5XD
BOLUTDIF	BOLUTDIF	amazon.ca	HTTPS://WWW.AMAZON.CA/BOLUTDIF-QUALITY-COMPRESSIBLE-ORGANIZERS-SUITCASES/DP/B0CQMYN5QB
BOMDAIA	BOMDAIA	amazon.ca	HTTPS://WWW.AMAZON.CA/BOMDAIA-CUSHION-TAILBONE-SCIATICA-NON-SLIP/DP/B0C66H44YM
BOMEIPACK	BOMEIPACK	amazon.ca	HTTPS://WWW.AMAZON.CA/STORES/BOMEIPACK/PAGE/7DE622D8-0A13-40AD-8293-18E60FA907DA
BOMMETER	BOMMETER	amazon.ca	HTTPS://WWW.AMAZON.CA/BOMMETER-CHRISTMAS-SEQUIN-SNOWFLAKES-DECORATIONS/DP/B09B3LVQJT
BONADECOR	BONADECOR	amazon.ca	HTTPS://WWW.AMAZON.CA/BONADECOR-PLANT-INDOOR-PLANTS-MULTIPLE/DP/B0BG5GTLTG
BONADOM	BONADOM	amazon.ca	HTTPS://WWW.AMAZON.CA/BONADOM-COOKWARE-ORGANIZER-BAKEWARE-CUPBOARD/DP/B0BRSWCY5G
BONASTELLA	BONASTELLA	amazon.ca	HTTPS://WWW.AMAZON.CA/BONASTELLA-CYLINDER-PEDESTAL-CILINDROS-FIESTAS/DP/B0CWR6PY72
BONGKIM	BONGKIM	amazon.ca	HTTPS://WWW.AMAZON.CA/STORES/BONGKIM/PAGE/35E599D3-BEE4-49A9-B8D2-163B199D9AD2
BONHULLE	BONHULLE	amazon.ca	HTTPS://WWW.AMAZON.CA/BONHULLE-CARTOON-BI-COLOR-KICKSTAND-MAGNETIC/DP/B0CJ6FV9GB
BONIVET	BONIVET	amazon.ca	HTTPS://WWW.AMAZON.CA/BONIVET-HOLDER-PREVENT-CHOKING-SAFETY/DP/B0BDDFSQGK
BONOOL	BONOOL	amazon.ca	HTTPS://WWW.AMAZON.CA/BONOOL-PENDANT-JEWELRY-NECKLACE-REPRESENTS/DP/B0GDXFC3C9
BONWUNO	BONWUNO	amazon.ca	HTTPS://WWW.AMAZON.CA/BONWUNO-1/DP/B077553W2W
BONZATA	BONZATA	amazon.ca	HTTPS://WWW.AMAZON.CA/STYLUS-CHARGING-REJECTION-SENSITIVITY-MAGNETIC/DP/B0C7VVLFXV
BOOGUAN	BOOGUAN	amazon.ca	HTTPS://WWW.AMAZON.CA/STORES/BOOGUAN/PAGE/3B85191E-1CF9-476B-98B7-880BF62F3022
BOOGUHM	BOOGUHM	amazon.ca	HTTPS://WWW.AMAZON.CA/BOOGUHM-PROFESSIONAL-CORDLESS-CLIPPERS-RECHARGEABLE/DP/B0953TXL5S
BOOMAKER	BOOMAKER	amazon.ca	HTTPS://WWW.AMAZON.CA/BOOMAKER-ALTERNATIVE-BREATHABLE-LIGHTWEIGHT-ELIZABETHAN/DP/B0C1S2S3F4
BOOTRESCUE	BOOTRESCUE	amazon.ca	HTTPS://WWW.AMAZON.CA/STORES/BOOTRESCUE/PAGE/6AFBDA89-5189-4AA6-934B-B2F0F1A9F905
BOSMIMEO	BOSMIMEO	amazon.ca	HTTPS://WWW.AMAZON.CA/BOSMIMEO-ROTATING-ORGANIZER-JEWELRIES-COLLECTION/DP/B0CCVYMNQW
BOSOEI	BOSOEI	amazon.ca	HTTPS://WWW.AMAZON.CA/BOSOEI-FLUSHABLE-DISPENSER-BATHROOM-STAINLESS/DP/B0B1446N98
BOSOMFR	BOSOMFR	amazon.ca	HTTPS://WWW.AMAZON.CA/STORES/BOSOMFR/PAGE/37B031FD-4EC7-4CB5-BBE1-4D6BCAA72292
BOSOMFR	BOSOMFR	amazon.ca	HTTPS://WWW.AMAZON.CA/BOSOMFR-CHANDELIER-CHANDELIERS-RECTANGULAR-INDUSTRIAL/DP/B0DGFY5CFF
BOTALEGRE	BOTALEGRE	amazon.ca	HTTPS://WWW.AMAZON.CA/BOTALEGRE-FLOATING-NIGHTSTAND-MOUNTED-STORAGE/DP/B09WRPDLK4
BOUTIQUEDEFGG	BOUTIQUEDEFGG	amazon.ca	HTTPS://WWW.AMAZON.CA/STORES/BOUTIQUEDEFGG/%E4%B8%BB%E9%A1%B5/PAGE/A2F69329-B47A-469F-A137-72F74C410C9A
BOUTITWEEN	BOUTITWEEN	amazon.ca	HTTPS://WWW.AMAZON.CA/BOUTITWEEN-DISPOSABLE-CATCHER-SELF-ADHESIVE-BATHTUBE/DP/B0CD791SVW
BOUTITWEEN	BOUTITWEEN	amazon.ca	HTTPS://WWW.AMAZON.CA/LICENSE-COVERS-BOUTITWEEN-UNBREAKABLE-PROTECTOR/DP/B0B41WX771
BOVITRO	BOVITRO	amazon.ca	HTTPS://WWW.AMAZON.CA/NATURAL-BOVITRO-SUPPORT-TOMATOES-VEGETABLE/DP/B0BLNLMD8C
BOWDANIE	BOWDANIE	amazon.ca	HTTPS://WWW.AMAZON.CA/BOWDANIE-STAND-UP-PADDLE-BOARD/DP/B09PBGBBQ5
BOXIKIKITCHEN	BOXIKIKITCHEN	amazon.ca	HTTPS://WWW.AMAZON.CA/STORES/BOXIKIKITCHEN/SILICONEBAKEWARE/PAGE/5A595B1A-E400-4A24-B260-C88AA4A45C72
BOYASEN	BOYASEN	amazon.ca	HTTPS://WWW.AMAZON.CA/BOYASEN-CARPETS-CHILDREN-BEDROOM-NURSERY/DP/B08XQKZSQM
BOYOUAN	BOYOUAN	amazon.ca	HTTPS://WWW.AMAZON.CA/BOYOUAN-WATERPROOF-DECORATIVE-FURNITURE-PILLOWCASE/DP/B0BXCZFX4X
BOYUURANGE	BOYUURANGE	amazon.ca	HTTPS://WWW.AMAZON.CA/BOYUURANGE-A50-MKIII-INTERGRATED-SINGLE-END/DP/B094HX4LMY
BOYZN	BOYZN	amazon.ca	HTTPS://WWW.AMAZON.CA/STORES/BOYZN/PAGE/F9A3B8EC-EA5C-49EE-8C0A-0ACF618DEC3D
BOZDYRU	BOZDYRU	amazon.ca	HTTPS://WWW.AMAZON.CA/WIRELESS-RETRO-CONSOLE-CLASSIC-CONTROLLERS/DP/B0CG18TXW3
BPJOWVIL	BPJOWVIL	amazon.ca	HTTPS://WWW.AMAZON.CA/PNEUMATIC-SPRAY-ACCESSORIES-COMPRESSED-SPRING/DP/B09KBK81F2
BPJOWVIL	BPJOWVIL	amazon.ca	HTTPS://WWW.AMAZON.CA/BPJOWVIL-6-INCH-HOOK-BACKING-PLATES/DP/B089FX54VF
BPLUMA	BPLUMA	amazon.ca	HTTPS://WWW.AMAZON.CA/PORTABLE-TRAVEL-BOTTLES-LEAKPROOF-APPROVED/DP/B099PWFXZZ
BPPYVCT	BPPYVCT	amazon.ca	HTTPS://WWW.AMAZON.CA/HALLOWEEN-DECORATIONS-WEDDING-BIRTHDAY-ROUND-BLACK/DP/B0BZCRR26T
BQSPT	BQSPT	amazon.ca	HTTPS://WWW.AMAZON.CA/BQSPT-PADDLES-PUSHERS-REPLACEMENT-ACCESSORIES/DP/B09XXNQS17
BRAVBOWERRY	BRAVBOWERRY	amazon.ca	HTTPS://WWW.AMAZON.CA/BRAVBOWERRY-SLEEPING-COMFORTABLE-LONG-LASTING-SUPPORTIVE/DP/B09CKL5TRH
BRAVE669	BRAVE669	amazon.ca	HTTPS://WWW.AMAZON.CA/BRAVE669-WALKING-TRACTION-SUPPLIES-TRADITIONAL/DP/B08JM57DZH
BRAVE669	BRAVE669	amazon.ca	HTTPS://WWW.AMAZON.CA/BRAVE669-CLEARANCE-SWEATER-RHINESTONE-NECKLACE/DP/B07H9VRDCF
BRAVE669	BRAVE669	amazon.ca	HTTPS://WWW.AMAZON.CA/BRAVE669-SILICONE-GRINDER-CRUSHER-GRINDING/DP/B08VJB8ZKX
BREFFIS	BREFFIS	amazon.ca	HTTPS://WWW.AMAZON.CA/BREFFIS-ELDERLY-TRANSFER-MOBILITY-EQUIPMENT/DP/B0CC3WPYQQ
BRGREVOP	BRGREVOP	amazon.ca	HTTPS://WWW.AMAZON.CA/BRGREVOP-DIAMOND-PAINTING-PIKACHU-DIAMONDS/DP/B09TBC1B14
BRIBYIT	BRIBYIT	amazon.ca	HTTPS://WWW.AMAZON.CA/BRIBYIT-33-5-INCH-FARMHOUSE-CHANDELIER-INDUSTRIAL/DP/B08J6SRZ9Q
BRIGHAUS	BRIGHAUS	amazon.ca	HTTPS://WWW.AMAZON.CA/BRIGHAUS-HANGING-TOILETRY-TRAVEL-ORGANIZER/DP/B07CZW551V
BRIGHTWEAVES	BRIGHTWEAVES	amazon.ca	HTTPS://WWW.AMAZON.CA/BRIGHTWEAVES-FLOUR-SACK-MULTI-PURPOSE-KITCHEN-ABSORBENT/DP/B07GT3F5CN
BRIGHTWEAVES	BRIGHTWEAVES	amazon.ca	HTTPS://WWW.AMAZON.CA/BRIGHTWEAVES-FLOUR-SACK-MULTI-PURPOSE-KITCHEN-ABSORBENT/DP/B07GT3F8BX
BRISYYI	BRISYYI	amazon.ca	HTTPS://WWW.AMAZON.CA/BRISYYI-BENCH-COFFEE-TRAPEZOID-SHAPE-FURNITURE/DP/B0CJ5NTG3K
BRITELUMEN	BRITELUMEN	amazon.ca	HTTPS://WWW.AMAZON.CA/DAYLIGHT-DIMMABLE-RECESSED-EDGE-LIT-FROM100-277V/DP/B09JS4RV4H
BRIVENNOR	BRIVENNOR	amazon.ca	HTTPS://WWW.AMAZON.CA/BRIVENNOR-CUIA-T%C3%A9RMICA-MATTE-236ML/DP/B08DHF2BK9
BRMEDAY	BRMEDAY	amazon.ca	HTTPS://WWW.AMAZON.CA/BRMEDAY-PHASE-STRING-HANGING-GARLAND/DP/B0BZC14DSX
BROILMANN	BROILMANN	amazon.ca	HTTPS://WWW.AMAZON.CA/BROILMANN-COOKING-SPIRIT-GENESIS-PLATINUM/DP/B0776RPW2C
BROTHERCANADA	BROTHERCANADA	amazon.ca	HTTPS://WWW.AMAZON.CA/STORES/BROTHERCANADA/PAGE/E421ED6E-AFCB-422B-827F-00FAEC30B749
BROTHERCANADA	BROTHERCANADA	amazon.ca	HTTPS://WWW.AMAZON.CA/STORES/BROTHERCANADA/PAGE/06175451-EAAD-4FD6-9DFE-6ED8DFD657D5
BROTHLAW	BROTHLAW	amazon.ca	HTTPS://WWW.AMAZON.CA/UTILITY-FIXTURE-LINKABLE-CEILING-CORDED/DP/B0BFWHVQ9V
BROUTERY	BROUTERY	amazon.ca	HTTPS://WWW.AMAZON.CA/BROUTERY-SILICONE-WHEELCHAIR-NON-SLIP-PROTECTIVE/DP/B0B7RKX7LY
BROWNIANMOTIONTECHNOLOGY	BROWNIANMOTIONTECHNOLOGY	amazon.ca	HTTPS://WWW.AMAZON.CA/STORES/BROWNIANMOTIONTECHNOLOGY/PAGE/FE8DB31F-CA94-47A4-822F-B4568C207FCA
BRULVVR	BRULVVR	amazon.ca	HTTPS://WWW.AMAZON.CA/BRULVVR-BLOCKER-GAP-BUMPER-FURNITURE-CABINET/DP/B097QRKRCX
BRUYANXUAN	BRUYANXUAN	amazon.ca	HTTPS://WWW.AMAZON.CA/UPGRADED-31501-HYDROFLAME-COMPATIBLE-FURNACE%EF%BC%8C1/DP/B0CZJG5CG1
BSARTE	BSARTE	amazon.ca	HTTPS://WWW.AMAZON.CA/BSARTE-COLLAPSIBLE-XSKSTAND-WOODFIRE-FOLDABLE/DP/B0C6MD74BF
BSGOGO	BSGOGO	amazon.ca	HTTPS://WWW.AMAZON.CA/BSGOGO-ACRYLIC-QUILTERS-RULER-PIECES/DP/B0B7JL9HBR
BSHAK	BSHAK	amazon.ca	HTTPS://WWW.AMAZON.CA/WIRELESS-BSHAK-CHARGING-STANDARD-QI-ENABLED/DP/B07BWS7FJQ
BSSOYAMM	BSSOYAMM	amazon.ca	HTTPS://WWW.AMAZON.CA/BSSOYAMM-DISPENSER-ADHESIVE-ORGANIZER-PLAYROOM/DP/B0C2TSGK7L
BSTHP	BSTHP	amazon.ca	HTTPS://WWW.AMAZON.CA/BSTHP-STOPPER-BATHTUB-KITCHEN-BATHROOM/DP/B084GKDN13
BSTIIU	BSTIIU	amazon.ca	HTTPS://WWW.AMAZON.CA/SHOWER-EXTENDER-EXTENSION-BSTIIU-STRAIGHT/DP/B0C2ZT7QL4
BSWALF	BSWALF	amazon.ca	HTTPS://WWW.AMAZON.CA/BSWALF-ELECTRIC-RECHARGEABLE-WINDPROOF-FLAMELESS/DP/B09PL23XH8
BSZGYU	BSZGYU	amazon.ca	HTTPS://WWW.AMAZON.CA/BSZGYU-STRETCHER-ADJUSTABLE-WIDENER-EXPANDER/DP/B0BGQDNGPJ
BTAMUD	BTAMUD	amazon.ca	HTTPS://WWW.AMAZON.CA/BTAMUD-HEADPHONE-COMPATIBLE-SHOCKPROOF-PROTECTION/DP/B0C7GR8LX9
BTMOOZ	BTMOOZ	amazon.ca	HTTPS://WWW.AMAZON.CA/UMBRELLA-STABILIZER-PATIO-SLEEVE-ADAPTER/DP/B0DDTN3HLW
BTSXZCZ	BTSXZCZ	amazon.ca	HTTPS://WWW.AMAZON.CA/BTSXZCZ-TEARDROP-BRACKET-PORTABLE-BEDROOM/DP/B0CR1JRDK6
BTYCITYMAO	BTYCITYMAO	amazon.ca	HTTPS://WWW.AMAZON.CA/BTYCITYMAO-UPGRADED-SELF-LEVELLING-CEMENT-TOOL/DP/B0DQGFSSLB
BTYCITYMAO	BTYCITYMAO	amazon.ca	HTTPS://WWW.AMAZON.CA/BTYCITYMAO-NEOPRENE-CARPET-PROTECTIVE-RUNNER/DP/B0DX61V72H
BTYCITYMAO	BTYCITYMAO	amazon.ca	HTTPS://WWW.AMAZON.CA/BTYCITYMAO-ROCK-COLLECTIONS-BOX-KIDS/DP/B0CQS44XCL
BTYCITYMAO	BTYCITYMAO	amazon.ca	HTTPS://WWW.AMAZON.CA/BTYCITYMAO-ROCK-COLLECTIONS-BOX-KIDS/DP/B0D8ZSBMWY
BTYCITYMAO	BTYCITYMAO	amazon.ca	HTTPS://WWW.AMAZON.CA/STORES/BTYCITYMAO/PAGE/5E141387-D7F5-4DC1-ADAE-6F7EEA4BFE67
BTYCITYMAO	BTYCITYMAO	amazon.ca	HTTPS://WWW.AMAZON.CA/BTYCITYMAO-ROCK-COLLECTIONS-BOX-KIDS/DP/B0BPDYR5JV
BTYCITYMAO	BTYCITYMAO	amazon.ca	HTTPS://WWW.AMAZON.CA/BTYCITYMAO-LIVE-ANIMAL-TRAPS-GROUNDHOG/DP/B0DP8LYC64
BUBQD	BUBQD	amazon.ca	HTTPS://WWW.AMAZON.CA/BUBQD-SOLENOID-ELECTROMAGNET-ACTUATOR-DS-0420S/DP/B0BMVDPWS3
BUBQD	BUBQD	amazon.ca	HTTPS://WWW.AMAZON.CA/BUBQD-SOLENOID-ELECTROMAGNET-ACTUATOR-ELECTRIC/DP/B09ZDTQNMQ
BUCLHOZ	BUCLHOZ	amazon.ca	HTTPS://WWW.AMAZON.CA/BUCLHOZ-ACTIVATED-CHRISTMAS-HALLOWEEN-DECORATIONS/DP/B0BLH1KKST
BUCUOYO	BUCUOYO	amazon.ca	HTTPS://WWW.AMAZON.CA/BUCUOYO-PLASTIC-GARBAGE-SWING-BLACK/DP/B0CW9R246V
BUKEI	BUKEI	amazon.ca	HTTPS://WWW.AMAZON.CA/BUKEI-SHICHISHO-JAPANESE-SANKYOSHOINHENSHUBU-EBOOK/DP/B07QCSTXCJ
BULLDOGOLOGYPETSOLUTIONS	BULLDOGOLOGYPETSOLUTIONS	amazon.ca	HTTPS://WWW.AMAZON.CA/STORES/BULLDOGOLOGYPETSOLUTIONS/PAGE/53C390AB-EC06-4F4F-87DB-624D8C057B5E
BUMDOUY	BUMDOUY	amazon.ca	HTTPS://WWW.AMAZON.CA/FLORAL-CENTERPIECE-WREATH-WEDDING-HANGING/DP/B0B9GH85QH
BUPASAK	BUPASAK	amazon.ca	HTTPS://WWW.AMAZON.CA/BUPASAK-SPINNING-STADIUM-LAUNCHERS-EXCLUSIVE/DP/B0CJ2YRTD6
BURWSEKK	BURWSEKK	amazon.ca	HTTPS://WWW.AMAZON.CA/BURWSEKK-NECKLACE-MULTICOLOR-CRYSTAL-SURPRISE/DP/B09T6743HM
BUSHBERRYMIST	BUSHBERRYMIST	amazon.ca	HTTPS://WWW.AMAZON.CA/STORES/BUSHBERRYMIST/HOMEPAGE/PAGE/7E1DB180-16F7-47C9-9F25-565917696D54
BUSTLEDUST	BUSTLEDUST	amazon.ca	HTTPS://WWW.AMAZON.CA/BUSTLEDUST-DOUBLE-SIDED-DECORATIVE-NIGHTSTAND-DIMENSION/DP/B0915GXW16
BUTEGOO	BUTEGOO	amazon.ca	HTTPS://WWW.AMAZON.CA/BUTEGOO-C712-CARTRIDGE-REPLACEMENT-46507604/DP/B0CD7HBS35
BUTI4WLD	BUTI4WLD	amazon.ca	HTTPS://WWW.AMAZON.CA/BUTI4WLD-JEWELRY-ORGANIZER-NECKLACES-BRACELETS/DP/B09GF5CMNP
BUVELIFE	BUVELIFE	amazon.ca	HTTPS://WWW.AMAZON.CA/BUVELIFE-CREDIT-LEATHER-STORAGE-CAPACITY/DP/B07BXM7L8M
BVEWG	BVEWG	amazon.ca	HTTPS://WWW.AMAZON.CA/BVEWG-NIGHTSTAND-CHARGING-STATION-BEDSIDE/DP/B0CMLP5VRV
BVEWG	BVEWG	amazon.ca	HTTPS://WWW.AMAZON.CA/BVEWG-DRESSER-DRAWERS-CENTURY-HANDLES/DP/B0FRML83SX
BVEWG	BVEWG	amazon.ca	HTTPS://WWW.AMAZON.CA/BVEWG-CHARGING-STATION-DETACHABLE-NIGHTSTAND/DP/B0CMLX84NY
BVOPLME	BVOPLME	amazon.ca	HTTPS://WWW.AMAZON.CA/200X100X1-5MM-BASSWOOD-UNFINISHED-CHIPBOARD-AIRCRAFT/DP/B0B8BYCQG6
BVOPLME	BVOPLME	amazon.ca	HTTPS://WWW.AMAZON.CA/STATIONERY-ENVELOPES-STATIONARY-ENVELOPE-GRADIENT/DP/B09BKV8WVJ
BVOPLME	BVOPLME	amazon.ca	HTTPS://WWW.AMAZON.CA/BVOPLME-100PCS-LANYARDS-KEYCHAIN-LANYARD/DP/B0CQLR6XRH
BVOPLME	BVOPLME	amazon.ca	HTTPS://WWW.AMAZON.CA/BVOPLME-TRANSPARENT-CORRECTION-LIGHTING-FILTER/DP/B0BWD4FVNT
BVOPLME	BVOPLME	amazon.ca	HTTPS://WWW.AMAZON.CA/BVOPLME-PROFESSIONAL-RUNNING-SCREWDRIVER-ENGRAVED/DP/B0CQLR9F99
BVOPLME	BVOPLME	amazon.ca	HTTPS://WWW.AMAZON.CA/BVOPLME-ROCKER-AUTOMOTIVE-HOMEHOLD-APPLICATION/DP/B0CQLLP1KG
BVOPLME	BVOPLME	amazon.ca	HTTPS://WWW.AMAZON.CA/BVOPLME-DECORATING-TURNTABLE-PROFESSIONAL-SMOOTHER/DP/B0CZRXBRR4
BVTOEWY	BVTOEWY	amazon.ca	HTTPS://WWW.AMAZON.CA/BVTOEWY-LEATHER-LEGGINGS-STRETCH-WAISTED/DP/B09JVHCYLM
BWCECE	BWCECE	amazon.ca	HTTPS://WWW.AMAZON.CA/BWCECE-COMPATIBLE-WEARABLE-ACCESSORIES-WEARABLE-REPLACEMENT/DP/B09XMNF5VS
BYDEFPOK	BYDEFPOK	amazon.ca	HTTPS://WWW.AMAZON.CA/BYDEFPOK-SOOTHING-ANTI-SLIP-UNIVERSAL-STRETCH/DP/B0CW62118N
BYJOPH	BYJOPH	amazon.ca	HTTPS://WWW.AMAZON.CA/BYJOPH-REGENERATIVE-HIGH-PRESSURE-INDUSTRIAL-AERATION/DP/B09YQ61D1X
BYKAELER	BYKAELER	amazon.ca	HTTPS://WWW.AMAZON.CA/BYKAELER-AQUARIUM-FILTRATION-DUCKBILL-ADJUSTABLE/DP/B0BZYHF154
BYKAELER	BYKAELER	amazon.ca	HTTPS://WWW.AMAZON.CA/BYKAELER-CANISTER-AQUARIUM-ULTRA-QUIET-AQUARIUMS/DP/B0C1NSFX7S
BYOOWNDIY	BYOOWNDIY	amazon.ca	HTTPS://WWW.AMAZON.CA/BYOOWNDIY-ELECTRIC-TEMPERATURE-CONTROLLER-WMF-01/DP/B09XXM389Q
BYOZRIK	BYOZRIK	amazon.ca	HTTPS://WWW.AMAZON.CA/BYOZRIK-CHANDELIER-DIMMABLE-PENDANT-FIXTURES/DP/B0CGLHSVDC
BYSITER	BYSITER	amazon.ca	HTTPS://WWW.AMAZON.CA/DISPOSABLE-EYELINER-APPLICATOR-COSMETIC-SET%C3%AF%C2%BC%C5%92200PCS/DP/B071FR8Q7D
BYTTUI	BYTTUI	amazon.ca	HTTPS://WWW.AMAZON.CA/BYTTUI-WASHABLE-ULTIMATE-UPGRADED-BLUE-6PCS/DP/B0BX2JN1C2
BZILAMA	BZILAMA	amazon.ca	HTTPS://WWW.AMAZON.CA/BZILAMA-FLOATING-FLAMELESS-OPERATED-DECORATIONS/DP/B0CGLQK9SY
BZKIER	BZKIER	amazon.ca	HTTPS://WWW.AMAZON.CA/BZKIER-MASK-CUTE-WHISKERS-DUSTPROOF-WINDPROOF/DP/B08QV14RXJ
BZLOVER	BZLOVER	amazon.ca	HTTPS://WWW.AMAZON.CA/BZLOVER-FLAME-ESSENTIAL-OIL-DIFFUSER/DP/B0BJW89F9T
BZLOVER	BZLOVER	amazon.ca	HTTPS://WWW.AMAZON.CA/BZLOVER-MINI-HUMIDIFIER-PROTECTION-HUMIDIFIERS/DP/B0D8WM4DMR
CACAGOO	CACAGOO	amazon.ca	HTTPS://WWW.AMAZON.CA/CACAGOO/S?K=CACAGOO
CACOLES	CACOLES	amazon.ca	HTTPS://WWW.AMAZON.CA/STORES/CACOLES/%E4%B8%BB%E9%A1%B5/PAGE/69432994-BC2E-4D6D-B023-5AF0DE105DFD
CACOLES	CACOLES	amazon.ca	HTTPS://WWW.AMAZON.CA/CACOLES-STAINLESS-COOKING-TOASTER-DISHWASHER/DP/B0C1Z43BTB
CADELON	CADELON	amazon.ca	HTTPS://WWW.AMAZON.CA/CADELON-INDUSTRIAL-FARMHOUSE-LIGHTING-FIXTURES/DP/B09FL41X9F
CAEWOUS	CAEWOUS	amazon.ca	HTTPS://WWW.AMAZON.CA/CAEWOUS-TEMPERATURE-HUMIDITY-GARDENING-AGRICULTURE/DP/B0DBV5WZTZ
CAEWOUS	CAEWOUS	amazon.ca	HTTPS://WWW.AMAZON.CA/CAEWOUS-DIGITAL-MOISTURE-TEMPERATURE-INTENSITY/DP/B0D5HH8BMV
CAFELLISSIMO	CAFELLISSIMO	amazon.ca	HTTPS://WWW.AMAZON.CA/CAFELLISSIMO-DRIP-COFFEE-MAKER-STAINLESS/DP/B01DSDWTYA
CAGALOI	CAGALOI	amazon.ca	HTTPS://WWW.AMAZON.CA/CAGALOI-VOLLEYBALL-TRAINING-RETRACTABLE-TRAINER/DP/B0FV6NWYZ4
CAGALOI	CAGALOI	amazon.ca	HTTPS://WWW.AMAZON.CA/CAGALOI-CLOTHING-ADJUSTABLE-EXTENSION-CHRISTMAS/DP/B0CLKG923Z
CAGALOI	CAGALOI	amazon.ca	HTTPS://WWW.AMAZON.CA/CAGALOI-POLE%EF%BC%8C30-74-ADJUSTABLE-EXTENSION-CHRISTMAS/DP/B0CLKGZ9DV
CAGSIG	CAGSIG	amazon.ca	HTTPS://WWW.AMAZON.CA/CAGSIG-SKATEBOARD-NON-SLIP-SURFACE-SCOOTER/DP/B0CSRNKBWY
CAICFYIN	CAICFYIN	amazon.ca	HTTPS://WWW.AMAZON.CA/CAICFYIN-RESISTANT-PROTECTOR-CARPETED-EXTENDED/DP/B0FKSLY8VG
CAIROCK	CAIROCK	amazon.ca	HTTPS://WWW.AMAZON.CA/CAIROCK-CHARGING-DETACHABLE-ORGANIZER-COMPATIBLE/DP/B09WTZJ4ZJ
CAISIMIKI	CAISIMIKI	amazon.ca	HTTPS://WWW.AMAZON.CA/CAISIMIKI-PEPPER-MILL-01-STAINLESS-YL/DP/B0BPSP8CTZ
CAISIMIKI	CAISIMIKI	amazon.ca	HTTPS://WWW.AMAZON.CA/CAISIMIKI-PEPPER-RECHARGEABLE-MILL-ONE-HANDED/DP/B0B8718X1R
CAIXUN	CAIXUN	amazon.ca	HTTPS://WWW.AMAZON.CA/STORES/CAIXUN/PAGE/103F6AD1-6EBA-45E1-92EE-8D665EE9C452
CAKEPICKE	CAKEPICKE	amazon.ca	HTTPS://WWW.AMAZON.CA/CAKEPICKE-CUPCAKE-TOPPER-SPORTS-CUPCAKE/DP/B01NAEMBL1
CAKEPICKE	CAKEPICKE	amazon.ca	HTTPS://WWW.AMAZON.CA/CAKEPICKE-CUPCAKE-TOPPER-MYLAR-CUPCAKE/DP/B01N9D8LCW
CAKIONG	CAKIONG	amazon.ca	HTTPS://WWW.AMAZON.CA/STORES/CAKIONG/BIDET/PAGE/F0626B90-A3C7-4A43-9DD3-BB40996878DE
CAKIONG	CAKIONG	amazon.ca	HTTPS://WWW.AMAZON.CA/CAKIONG-DISPENSER-KITCHEN-STAINLESS-BATHROOM/DP/B07SDB73GK
CAKLOR	CAKLOR	amazon.ca	HTTPS://WWW.AMAZON.CA/CAKLOR-WOMENS-LACROSSE-COMPLETE-STICKS/DP/B09TR2KFP7
CAKOMALA	CAKOMALA	amazon.ca	HTTPS://WWW.AMAZON.CA/CAKOMALA-PROTECTIVE-RESPIRATOR-PROTECTOR-COMPATIBLE/DP/B0C6XJ12TJ
CAKUBOR	CAKUBOR	amazon.ca	HTTPS://WWW.AMAZON.CA/CAKUBOR-ROOFTOP-WATERPROOF-ANTI-SLIP-REINFORCED/DP/B09TCZ8VSV
CALAYTALY	CALAYTALY	amazon.ca	HTTPS://WWW.AMAZON.CA/CALAYTALY-CORDLESS-PREHEATING-RECHARGEABLE-DECORATIONS/DP/B09921C67C
CALINE	CALINE	amazon.ca	HTTPS://WWW.AMAZON.CA/STORES/CALINE/PAGE/F1A9F2DC-1913-4738-9730-7AAC43DCAE9E
CALLMYBO	CALLMYBO	amazon.ca	HTTPS://WWW.AMAZON.CA/CALLMYBO-HANGING-LAUNDRY-BATHROOM-HEATHER/DP/B089F4J1GC
CALLOVO	CALLOVO	amazon.ca	HTTPS://WWW.AMAZON.CA/WIRELESS-CAREGIVER-10-MONITORING-EMERGENCY/DP/B0BCP2PK23
CAMAQUI	CAMAQUI	amazon.ca	HTTPS://WWW.AMAZON.CA/CAMAQUI-RESISTANT-PROTECTION-ALUMINUM-PORTABLE/DP/B097ZNMZVG
CAMBK	CAMBK	amazon.ca	HTTPS://WWW.AMAZON.CA/CAMBK/B/REF=MH_BL_SL_AP_AP_MW_116364734011?IE=UTF8&NODE=116364734011&FIELD-LBR_BRANDS_BROWSE-BIN=CAMBK
CAMOCOL	CAMOCOL	amazon.ca	HTTPS://WWW.AMAZON.CA/CAMOCOL-TRAILER-WATERPROOF-CAPACITY-STABILIZER/DP/B0CQSH2MTY
CAMOMAX	CAMOMAX	amazon.ca	HTTPS://WWW.AMAZON.CA/CAMOMAX-HUNTING-PLATFORM-LIGHTWEIGHT-ALUMINUM/DP/B0D4Y52RC2
CAMPNACHT	CAMPNACHT	amazon.ca	HTTPS://WWW.AMAZON.CA/CAMPNACHT-ULTRALIGHT-EXTENDERS-LIGHTWEIGHT-BACKPACKING/DP/B0C1BY4DC6
CAMPOLICREATIONS	CAMPOLICREATIONS	amazon.ca	HTTPS://WWW.AMAZON.CA/CAMPOLICREATIONS-ALTERNATIVE-REGISTRY-ANNIVERSARY-MEMORIES/DP/B09N9WJQV4
CAMVILD	CAMVILD	amazon.ca	HTTPS://WWW.AMAZON.CA/CAMVILD-HUNTING-ACTIVATED-WILDLIFE-MONITORING/DP/B0CBP247ZT
CAMYOD	CAMYOD	amazon.ca	HTTPS://WWW.AMAZON.CA/CAMYOD-WATERPROOF-SNOWBOARDING-SEPARATED-GLOVES-2/DP/B07CLFDPXB
CAMYOD	CAMYOD	amazon.ca	HTTPS://WWW.AMAZON.CA/CAMYOD-FISHING-T-SHIRT-PROTECTION-LIGHTWEIGHT/DP/B0CBTB6QJ4
CANADAGOGREEN	CANADAGOGREEN	amazon.ca	HTTPS://WWW.AMAZON.CA/STORES/CANADAGOGREEN/PAGE/4EA43E75-7E68-4659-B959-E3B49325015B
CANADIANDOWNFEATHERCOMPANY	CANADIANDOWNFEATHERCOMPANY	amazon.ca	HTTPS://WWW.AMAZON.CA/STORES/CANADIANDOWNFEATHERCOMPANY/PAGE/1EACA44A-776E-46A4-9A82-CA84E7AF739A
CANAWELD	CANAWELD	amazon.ca	HTTPS://WWW.AMAZON.CA/STORES/CANAWELD/HOMEPAGE/PAGE/B2893935-CCD5-44A3-B3A6-8F6EA7527918
CANCOFAM	CANCOFAM	amazon.ca	HTTPS://WWW.AMAZON.CA/CANCOFAM-PET-PLAYPEN-PORTABLE-COLLAPSIBLE/DP/B0927BCL6Y
CANDIKO	CANDIKO	amazon.ca	HTTPS://WWW.AMAZON.CA/STORES/CANDIKO/PAGE/4ED70137-A38E-48B8-8D32-38F24DFA2D4B
CANPA	CANPA	amazon.ca	HTTPS://WWW.AMAZON.CA/STORES/CANPA/PAGE/0916AC25-C82E-4033-803D-BB8991C52E65
CANPA	CANPA	amazon.ca	HTTPS://WWW.AMAZON.CA/CANPA-SQUAT-STAND-BARBELL-DUMBBELL/DP/B098NLBF3Y
CANRAY	CANRAY	amazon.ca	HTTPS://WWW.AMAZON.CA/CANRAY/S?K=CANRAY
CANVASLIFE	CANVASLIFE	amazon.ca	HTTPS://WWW.AMAZON.CA/CANVASLIFE/B/REF=BL_DP_S_MW_20504546011?IE=UTF8&NODE=20504546011&FIELD-LBR_BRANDS_BROWSE-BIN=CANVASLIFE
CANYITA	CANYITA	amazon.ca	HTTPS://WWW.AMAZON.CA/INDUCTION-STAINLESS-CONVERTER-DISTRIBUTING-HOUSEHOLD/DP/B07WW14JGY
CANYOZE	CANYOZE	amazon.ca	HTTPS://WWW.AMAZON.CA/CANYOZE-MAGNIFIER-AMPLIFIER-FOLDABLE-SMARTPHONE/DP/B01LD9YPYS
CAOANTRY	CAOANTRY	amazon.ca	HTTPS://WWW.AMAZON.CA/CAOANTRY-BUCKET-INSULATED-STAINLESS-FROZEN/DP/B0DL5HQTN4
CAOKAIEN	CAOKAIEN	amazon.ca	HTTPS://WWW.AMAZON.CA/CAOKAIEN-SUPERHERO-SPANDEX-HALLOWEEN-COSPLAY/DP/B09C52DNQ8
CARASYLVIA	CARASYLVIA	amazon.ca	HTTPS://WWW.AMAZON.CA/CARASYLVIA-COT-MATTRESS-CAMPING-ACCESSORIES/DP/B0CZ888YZK
CAREMYWORLD	CAREMYWORLD	amazon.ca	HTTPS://WWW.AMAZON.CA/CAREMYWORLD-INTERIOR-WITHOUT-KITTIES-MATERIAL/DP/B0BPC6MN1N
CARES	CARES	amazon.ca	HTTPS://WWW.AMAZON.CA/CHILD-AIRPLANE-TRAVEL-HARNESS-RESTRAINT/DP/B0012E4FV8
CARLKEMIAN	CARLKEMIAN	amazon.ca	HTTPS://WWW.AMAZON.CA/CARLKEMIAN-ALUMINUM-ADJUSTABLE-BRACKETS-ANTI-CORROSION/DP/B0DPFVTX76
CARPSDZY	CARPSDZY	amazon.ca	HTTPS://WWW.AMAZON.CA/CARPSDZY-CBA-U46-S07ZAR-SHIELDED-DS3600-KD-CONNECTOR/DP/B0CSVRW1K8
CARSLOONG	CARSLOONG	amazon.ca	HTTPS://WWW.AMAZON.CA/CARSLOONG-COMPATIBLE-243407F000-243407F001-ASSEMBLIES/DP/B09T6VJZX3
CASATIMO	CASATIMO	amazon.ca	HTTPS://WWW.AMAZON.CA/CASATIMO-TOUCHLESS-HANDS-FREE-ADJUSTABLE-COUNTERTOP/DP/B085MZF3KQ
CASCADEPOINTFLAGS	CASCADEPOINTFLAGS	amazon.ca	HTTPS://WWW.AMAZON.CA/STORES/CASCADEPOINTFLAGS/HOMEPAGE/PAGE/C42CC4AB-1224-4E46-BB15-55B2BD7D159A
CASEETO	CASEETO	amazon.ca	HTTPS://WWW.AMAZON.CA/STORES/CASEETO/CASEETO/PAGE/4BCFCF88-A1B2-42D5-AB24-1352450C968F
CASFELREN	CASFELREN	amazon.ca	HTTPS://WWW.AMAZON.CA/CASFELREN-WOMENS-CLASSIC-POINTED-COMFORTABLE/DP/B0C81FBJRH
CASOMS	CASOMS	amazon.ca	HTTPS://WWW.AMAZON.CA/CASOMS-COMFORT-SEAMLESS-UNDERWIRELESS-REMOVABLE/DP/B0BGYBH9PZ
CASSIEDONNIE	CASSIEDONNIE	amazon.ca	HTTPS://WWW.AMAZON.CA/CASSIEDONNIE-CAVETUNNEL-WASHABLE100-ECO-FRIENDLY-SPACIOUSFOR/DP/B095W49Z42
CASTEVIAIMPORTS	CASTEVIAIMPORTS	amazon.ca	HTTPS://WWW.AMAZON.CA/STORES/CASTEVIAIMPORTS/PAGE/A2FE9F1C-7DBA-4FDD-8F31-A4E406E45608
CASTEVIAIMPORTS	CASTEVIAIMPORTS	amazon.ca	HTTPS://WWW.AMAZON.CA/STORES/CASTEVIAIMPORTS/PAELLAKITS/PAGE/B7215748-71FD-4846-8778-F5AA192BE5A0
CASTREK	CASTREK	amazon.ca	HTTPS://WWW.AMAZON.CA/CASTREK-LOCKABLE-RESISTANT-ROTATABLE-CAPACITY/DP/B0CYVPWVLP
CATELEVI	CATELEVI	amazon.ca	HTTPS://WWW.AMAZON.CA/STORES/CATELEVI/PAGE/FE496CC0-FDB0-4068-A53A-4166D88F562B
CATELEVI	CATELEVI	amazon.ca	HTTPS://WWW.AMAZON.CA/STORES/CATELEVI/CHEMOCAPS/PAGE/0AC4A236-C31D-47A4-BBB7-4DDF7BE361A4
CATHTINA	CATHTINA	amazon.ca	HTTPS://WWW.AMAZON.CA/CATHTINA-DETACHABLE-HANDHELD-MULTIFUNCTIONAL-FURNITURE/DP/B09DJVP7ZZ
CATINSIDER	CATINSIDER	amazon.ca	HTTPS://WWW.AMAZON.CA/CATINSIDER-MULTI-LEVEL-SISAL-COVERED-SCRATCHING-PERCHES/DP/B08FG4F5B4
CATURE	CATURE	amazon.ca	HTTPS://WWW.AMAZON.CA/CATURE/S?K=CATURE
CAUSEWARE	CAUSEWARE	amazon.ca	HTTPS://WWW.AMAZON.CA/CAUSEWARE-WHEAT-STRAW-DINNERWARE-SETS/DP/B0BNGHRBN4
CAVISOO	CAVISOO	amazon.ca	HTTPS://WWW.AMAZON.CA/CAVISOO-PLANTING-THICKENED-NONWOVEN-VEGETABLE/DP/B08L5WNQK5
CAVSOIR	CAVSOIR	amazon.ca	HTTPS://WWW.AMAZON.CA/CAVSOIR-SHELVING-ADJUSTABLE-WAREHOUSE-BASEMENT/DP/B0DGXJ72QF
CAVSOIR	CAVSOIR	amazon.ca	HTTPS://WWW.AMAZON.CA/CAVSOIR-NIGHTSTAND-ROLLING-CABINET-VERTICAL/DP/B0D6MRY5JH
CAVSOIR	CAVSOIR	amazon.ca	HTTPS://WWW.AMAZON.CA/CAVSOIR-STORAGE-ORGANIZER-ADJUSTABLE-SHELVING/DP/B0D1TYHTT7
CAVSOIR	CAVSOIR	amazon.ca	HTTPS://WWW.AMAZON.CA/CAVSOIR-TILT-OUT-REMOVABLE-ORGANIZER-BATHROOM/DP/B0DD2S9638
CAWUWE	CAWUWE	amazon.ca	HTTPS://WWW.AMAZON.CA/CAWUWE-GREETING-POSTCARD-BROCHURE-BIRTHDAY/DP/B0D8J43C9G
CCIGEDY	CCIGEDY	amazon.ca	HTTPS://WWW.AMAZON.CA/CCIGEDY-OCTOPUS-SQUEAKERS-STUFFING-CRINKLE/DP/B09G36BZJG
CDMZJJ	CDMZJJ	amazon.ca	HTTPS://WWW.AMAZON.CA/CDMZJJ-PRINTER-FILAMENT-DIMENSIONAL-ACCURACY/DP/B09ST6SY63
CEACYDIK	CEACYDIK	amazon.ca	HTTPS://WWW.AMAZON.CA/CEACYDIK-BOTANICAL-COLLECTION-CONSTRUCTION-COVER%EF%BC%8CBUILDING/DP/B0BWY3PW3G
CEAMBD	CEAMBD	amazon.ca	HTTPS://WWW.AMAZON.CA/EATING-INSULATED-REUSABLE-COOLER-OUTDOOR/DP/B09KGZJG85
CEAYELL	CEAYELL	amazon.ca	HTTPS://WWW.AMAZON.CA/CEAYELL-UTILITY-ROLLING-ORGANIZER-BATHROOM/DP/B0BBKR8DZ8
CEAYELL	CEAYELL	amazon.ca	HTTPS://WWW.AMAZON.CA/CEAYELL-ROLLING-STORAGE-ORGANIZER-LOCKABLE/DP/B0C77W98BZ
CEBOLAN	CEBOLAN	amazon.ca	HTTPS://WWW.AMAZON.CA/CEBOLAN-DELUXE-GREENHOUSE-SHELVES-PORTABLE/DP/B0BY9NH1XP
CEDLIZE	CEDLIZE	amazon.ca	HTTPS://WWW.AMAZON.CA/CEDLIZE-POSTURE-CORRECTOR-WOMEN-MEN/DP/B016Q18XNM
CEDOCSH	CEDOCSH	amazon.ca	HTTPS://WWW.AMAZON.CA/CEDOCSH-MAT-SILICONE-BATHROOM-FARMHOUSE/DP/B0CQWNNFMC
CELEBRATABLES	CELEBRATABLES	amazon.ca	HTTPS://WWW.AMAZON.CA/CELEBRATABLES-DISPENSER-SPACE-SAVING-CUSTOMIZABLE-GATHERINGS/DP/B0CCWW8QL3
CELYND	CELYND	amazon.ca	HTTPS://WWW.AMAZON.CA/CELYND-STAINLESS-STEEL-CABLE-RAILING/DP/B0D2NKZQKV
CENDASUN	CENDASUN	amazon.ca	HTTPS://WWW.AMAZON.CA/CENDASUN-PONTOON-ADJUSTABLE-HOLDERS-PACK/DP/B0B3QVMBN9
CENIFENX	CENIFENX	amazon.ca	HTTPS://WWW.AMAZON.CA/CENIFENX-CTR-003-COMPATIBLE-1300MAH-SCREWDRIVER/DP/B0B39NGSLV
CENYB	CENYB	amazon.ca	HTTPS://WWW.AMAZON.CA/CENYB-HEAVY-CARBIDE-3PCSX-POILT/DP/B0CPLC4PRW
CEQCIN	CEQCIN	amazon.ca	HTTPS://WWW.AMAZON.CA/RECHARGEABLE-PROFESSIONAL-PAINLESS-SENSITIVE-WATERPROOF/DP/B0D6RZNTH6
CERITORN	CERITORN	amazon.ca	HTTPS://WWW.AMAZON.CA/CERITORN-SHOCK-ABSORBING-COMPRESSIVE-NON-BREAKING-NON-HARDENING/DP/B0CJ4RGDS2
CESTOVET	CESTOVET	amazon.ca	HTTPS://WWW.AMAZON.CA/STORES/CESTOVET/PAGE/B766E1DF-F7F1-4641-B186-AD07A0219A30
CFEOERF	CFEOERF	amazon.ca	HTTPS://WWW.AMAZON.CA/CFEOERF-HANDHELD-FUNCTION-BATHTUB-MOUNTED/DP/B0B76M9KW2
CFEOERF	CFEOERF	amazon.ca	HTTPS://WWW.AMAZON.CA/CFEOERF-KITCHEN-FAUCETS-SPRAYER-STAINLESS/DP/B0CTQ8M9G1
CFEOERF	CFEOERF	amazon.ca	HTTPS://WWW.AMAZON.CA/CFEOERF-KITCHEN-FAUCETS-BRUSHED-STAINLESS/DP/B0CJ2NZ7VH
CFLMYYXGS	CFLMYYXGS	amazon.ca	HTTPS://WWW.AMAZON.CA/CFLMYYXGS-EMERGENCY-FLASHING-INTENSITY-FIREFIGHTER/DP/B0CT5Y1V16
CFYUSEU	CFYUSEU	amazon.ca	HTTPS://WWW.AMAZON.CA/SCISSOR-CAPACITY-LIFTING-CRANK-WRENCH/DP/B09DKSSRDS
CFYUSEU	CFYUSEU	amazon.ca	HTTPS://WWW.AMAZON.CA/SCISSOR-CAPACITY-SOCKET-ADAPTER-LIFTING/DP/B09F66CTCY
CGACOL	CGACOL	amazon.ca	HTTPS://WWW.AMAZON.CA/STORES/CGACOL/PAGE/F494372C-11CC-40DC-AFD0-36A4D99CDF99
CGACOL	CGACOL	amazon.ca	HTTPS://WWW.AMAZON.CA/CGACOL-SCRAPER-WINDSHIELD-EXTENDABLE-SCRAPERS/DP/B0FJRFJ3ZD
CGACOL	CGACOL	amazon.ca	HTTPS://WWW.AMAZON.CA/CGACOL-WINDSHIELD-DETACHABLE-ERGONOMIC-ACCESSORIES/DP/B0FJQYW2FL
CGACOL	CGACOL	amazon.ca	HTTPS://WWW.AMAZON.CA/CGACOL-PRESSURE-ROTATING-CONNECT-CLEANING/DP/B0CXXZTNQ3
CGACOL	CGACOL	amazon.ca	HTTPS://WWW.AMAZON.CA/CGACOL-EXTENDABLE-360%C2%B0PIVOTING-WINDSHIELD-SCRAPERS/DP/B0FKSCR16P
CGACOL	CGACOL	amazon.ca	HTTPS://WWW.AMAZON.CA/CGACOL-SCRAPER-REMOVER-DETACHABLE-HANDLE/DP/B09NVXM474
CGACOL	CGACOL	amazon.ca	HTTPS://WWW.AMAZON.CA/CGACOL-PROTECTION-WATERPROOF-INSULATED-ICE-DEFENCE/DP/B0B5X6GJ6N
CGGYYZ	CGGYYZ	amazon.ca	HTTPS://WWW.AMAZON.CA/CGGYYZ-REMOVABLE-WEDDING-BIRTHDAY-CHRISTMAS/DP/B09KBG3QHB
CGRLVDXW	CGRLVDXW	amazon.ca	HTTPS://WWW.AMAZON.CA/CGRLVDXW-DISPLAY-PUZZLES-ASSEMBLE-INCLUDED/DP/B0D9XBHT5N
CGZWXJIN	CGZWXJIN	amazon.ca	HTTPS://WWW.AMAZON.CA/CGZWXJIN-WRAPPING-CHRISTMAS-THANKSGIVING-AVAILABLE/DP/B0CKH471BV
CHANJARHILL	CHANJARHILL	amazon.ca	HTTPS://WWW.AMAZON.CA/CHANJARHILL-EXTENSION-REMOVABLE-STABILIZER-TELESCOPING/DP/B0DBQBW4V3
CHANJOON	CHANJOON	amazon.ca	HTTPS://WWW.AMAZON.CA/PLATED-CERAMIC-VINTAGE-BEAUTIFUL-SERVING/DP/B09YH2D3LT
CHANJOON	CHANJOON	amazon.ca	HTTPS://WWW.AMAZON.CA/CHANJOON-CERAMIC-VINTAGE-BEAUTIFUL-SERVING/DP/B0BQ3KWBG9
CHANWULILI	CHANWULILI	amazon.ca	HTTPS://WWW.AMAZON.CA/CHANWULILI-MULTIFUNCTION-COMFORTABLE-ADJUSTMENTS-ASSEMBLE/DP/B0B56M4SKV
CHAOAIXX	CHAOAIXX	amazon.ca	HTTPS://WWW.AMAZON.CA/CHAOAIXX-INTERLOCKING-WATERPROOF-FLOORING-POOLSIDE/DP/B0C23P1ZHV
CHAOGKM	CHAOGKM	amazon.ca	HTTPS://WWW.AMAZON.CA/INTERACTIVE-TRAINING-STIMULATING-DIFFICULTY-ADJUSTMENTS/DP/B0BL151H5B
CHAOXIANGHUI	CHAOXIANGHUI	amazon.ca	HTTPS://WWW.AMAZON.CA/TRAVEL-COMPRESSION-PANTYHOSE-SUPPORT-STOCKING/DP/B08THQ46HM
CHARLLR	CHARLLR	amazon.ca	HTTPS://WWW.AMAZON.CA/CHARLLR-WELCOME-AIRPORT-ARRIVALS-DEPARTURES/DP/B0D1CGNV5Q
CHEEMONG	CHEEMONG	amazon.ca	HTTPS://WWW.AMAZON.CA/STORES/CHEEMONG/HOMEPAGE/PAGE/6B96822B-53B8-4A81-9BC8-3CA411DC89F7
CHENEYBOO	CHENEYBOO	amazon.ca	HTTPS://WWW.AMAZON.CA/CHENEYBOO-2023-CALENDAR-PLANNER-2023-DECEMBER/DP/B0BY63WJJV
CHENEYBOO	CHENEYBOO	amazon.ca	HTTPS://WWW.AMAZON.CA/2022-PLANNER-MONTHLY-2022-2023-PLANNERS/DP/B09P514P65
CHENFLY	CHENFLY	amazon.ca	HTTPS://WWW.AMAZON.CA/CHENFLY-FINGERBOARDING-SKATEBOARDS-ACCESSORIES-INTERACTIVE/DP/B09TDNXB1S
CHENGMON	CHENGMON	amazon.ca	HTTPS://WWW.AMAZON.CA/CHENGMON-COLLAPSIBLE-DECORATION-COLLECTION-TRADITONAL/DP/B07D6GXM5W
CHENYUCHAO	CHENYUCHAO	amazon.ca	HTTPS://WWW.AMAZON.CA/STORES/CHENYUCHAO/PAGE/B8EF351F-BFA9-4954-9C7C-8CB99763E505
CHENZT	CHENZT	amazon.ca	HTTPS://WWW.AMAZON.CA/CHENZT-CEILING-CHRISTMAS-DRAPERY-SUITABLE/DP/B08127PFML
CHEWOOF	CHEWOOF	amazon.ca	HTTPS://WWW.AMAZON.CA/CHEWOOF-NESTING-CHICKENS-ACCESSORIES-1221U5419M5ZZ/DP/B0CWKT5YNT
CHGAUDAP	CHGAUDAP	amazon.ca	HTTPS://WWW.AMAZON.CA/CHGAUDAP-GUTTER-DOWNSPOUT-EXTENSIONS-FLEXIBLE-B1/DP/B0CZ3JR9W6
CHGAUDAP	CHGAUDAP	amazon.ca	HTTPS://WWW.AMAZON.CA/CHGAUDAP-EMBROIDERY-BEGINNERS-PATTERN-CHRISTMAS/DP/B0CKYRQQHG
CHIEFCAROFFICER	CHIEFCAROFFICER	amazon.ca	HTTPS://WWW.AMAZON.CA/CHIEFCAROFFICER-FOLDABLE-MOBILITY-COLLAPSIBLE-LIGHTWEIGHT/DP/B0FDQMDJYV
CHIIRAKU	CHIIRAKU	amazon.ca	HTTPS://WWW.AMAZON.CA/CHIIRAKU-EXTENDED-WIDENED-ASSEMBLE-CAPACITY/DP/B0D93GFZ56
CHIIRAKU	CHIIRAKU	amazon.ca	HTTPS://WWW.AMAZON.CA/CHIIRAKU-TABLE-CHAIRS-EASY-CLEAN/DP/B0C538GZ5V
CHIIRAKU	CHIIRAKU	amazon.ca	HTTPS://WWW.AMAZON.CA/CHIIRAKU-CHINCHILLA-HIDEOUT-GRINDING-TWO-STORY/DP/B0CN8L63J3
CHIULOIAN	CHIULOIAN	amazon.ca	HTTPS://WWW.AMAZON.CA/CHIULOIAN-HAWAIIAN-NONSLIP-PLUMERIA-ACCESSORIES/DP/B0D7PXYTN8
CHJPRO	CHJPRO	amazon.ca	HTTPS://WWW.AMAZON.CA/CHJPRO-PROFESSIONAL-TOURMALINE-CONCENTRATORS-STITCHING/DP/B07Q4315WW
CHMAPKEY	CHMAPKEY	amazon.ca	HTTPS://WWW.AMAZON.CA/CHMAPKEY-15FT-TWO-SIDED-RETRIEVER-VERSION/DP/B0B96TJ284
CHNEWAUTO	CHNEWAUTO	amazon.ca	HTTPS://WWW.AMAZON.CA/14MMX1-5-AFTERMARKET-SILVERADO-SUBURBAN-AVALANCHE/DP/B09WV2SHR8
CHNEWAUTO	CHNEWAUTO	amazon.ca	HTTPS://WWW.AMAZON.CA/14MMX1-5-AFTERMARKET-AVALANCHE-COLORADO-SILVERADO/DP/B09WY18HB7
CHNRONG	CHNRONG	amazon.ca	HTTPS://WWW.AMAZON.CA/CHNRONG-BUOYANCY-SWIMMING-SNORKELLING-ASSISTANCE/DP/B093Q74H18
CHOISBEING	CHOISBEING	amazon.ca	HTTPS://WWW.AMAZON.CA/CHOISBEING-GENUINE-PONYTAIL-MOTORCYCLES-ADJUSTABLE/DP/B0BZYM7HDK
CHOISBEING	CHOISBEING	amazon.ca	HTTPS://WWW.AMAZON.CA/CHOISBEING-STICKS-WOODEN-CHINESE-CHOPSTICKS/DP/B0CGDXWDDD
CHONTY	CHONTY	amazon.ca	HTTPS://WWW.AMAZON.CA/CHONTY-PILLOWCASE-SMOOTH-PILLOW-ENVELOPE/DP/B08G1F7D71
CHOOBLY	CHOOBLY	amazon.ca	HTTPS://WWW.AMAZON.CA/CHOOBLY-DECORATE-YOURSELF-YOURSELF-DECORATIONS/DP/B096LDGCV4
CHOOGLKJ	CHOOGLKJ	amazon.ca	HTTPS://WWW.AMAZON.CA/CHOOGLKJ-RECTANGULAR-GUARDRAIL-HANDRAILS-STAIRCASES/DP/B09WTQQYKF
CHTASO	CHTASO	amazon.ca	HTTPS://WWW.AMAZON.CA/CHTASO-HYDROPONIC-SLOTTED-NURSERY-HYDROPONICS/DP/B0CH9MH3VR
CHUANGSEED	CHUANGSEED	amazon.ca	HTTPS://WWW.AMAZON.CA/CHUANGSEED-TRANSPARENT-REUSABLE-TRACELESS-MULTI-PURPOSE/DP/B0D3SZWFHW
CHUANGSEED	CHUANGSEED	amazon.ca	HTTPS://WWW.AMAZON.CA/CHUANGSEED-TRANSPARENT-REUSABLE-TRACELESS-MULTI-PURPOSE/DP/B0D3QGB2JN
CHUANGSEED	CHUANGSEED	amazon.ca	HTTPS://WWW.AMAZON.CA/STORES/CHUANGSEED/PAGE/B2766B53-C385-49B7-83E2-70A93AAC6A17
CHULKURS	CHULKURS	amazon.ca	HTTPS://WWW.AMAZON.CA/CHULKURS-CHEMICAL-SPATULA-CHINESE-DETACHABLE/DP/B09H5M6CK6
CHUTEMKA	CHUTEMKA	amazon.ca	HTTPS://WWW.AMAZON.CA/CHUTEMKA-SAUNA-BANYA-PROTECTION-UNISEX/DP/B097C1W839
CHUTEMKA	CHUTEMKA	amazon.ca	HTTPS://WWW.AMAZON.CA/CHUTEMKA-THEMATIC-SAUNA-HATS-C/DP/B097FBKGBT
CHUTEMKA	CHUTEMKA	amazon.ca	HTTPS://WWW.AMAZON.CA/CHUTEMKA-DIFFERENT-DESIGNS-EASTER-BUTTERFLY/DP/B0BXKKY995
CIAVCA	CIAVCA	amazon.ca	HTTPS://WWW.AMAZON.CA/CIAVCA-INFLATABLE-FLOATS-ALLIGATOR-FLOATIES/DP/B0CPHQ7596
CICIKIEA	CICIKIEA	amazon.ca	HTTPS://WWW.AMAZON.CA/CICIKIEA-ORGANIZER-EXPANDING-PORTFOLIO-STATIONERY-BLUE/DP/B0BK775TM6
CIENFY	CIENFY	amazon.ca	HTTPS://WWW.AMAZON.CA/CIENFY-PROTECTION-PROTECTIVE-SNOWBOARDING-SKATEBOARDING/DP/B0BBL451R2
CIFYSES	CIFYSES	amazon.ca	HTTPS://WWW.AMAZON.CA/CIFYSES-CEILING-FARMHOUSE-REVERSIBLE-OUTDOOR/DP/B0BKT9BT8F
CIKITER	CIKITER	amazon.ca	HTTPS://WWW.AMAZON.CA/DPL-AUTOMATIC-CONTINUOUS-SEALING-HORIZONTAL/DP/B07LFX13RX
CILINTA	CILINTA	amazon.ca	HTTPS://WWW.AMAZON.CA/CILINTA-DECORATIVE-BREAKFAST-ORGANIZER-BATHROOM/DP/B0B58FHD62
CILINTA	CILINTA	amazon.ca	HTTPS://WWW.AMAZON.CA/CILINTA-COMPUTER-TRANSPARENT-BUSINESS-KEYBOARD/DP/B08CVHMWFV
CINGFANLU	CINGFANLU	amazon.ca	HTTPS://WWW.AMAZON.CA/CINGFANLU-FOLDABLE-COLORFUL-FITNESS-CHILDREN/DP/B095NYRW3C
CINVERTER	CINVERTER	amazon.ca	HTTPS://WWW.AMAZON.CA/STORES/CINVERTER/%E4%B8%BB%E9%A1%B5/PAGE/0DB5C77B-DAE1-43CC-BF8E-D8F632FBD95F
CIOMSZAN	CIOMSZAN	amazon.ca	HTTPS://WWW.AMAZON.CA/CIOMSZAN-BICYCLE-DERAILLEUR-SHIFTER-MOUNTAIN/DP/B0CBN2WLC8
CIRAVI	CIRAVI	amazon.ca	HTTPS://WWW.AMAZON.CA/CIRAVI-BOTTLE-HANDLE-NIPPLE-NURSING/DP/B08PHVGFWG
CIRAVI	CIRAVI	amazon.ca	HTTPS://WWW.AMAZON.CA/CIRAVI-FULL-STORAGE-EXTRA-LARGE/DP/B08QZBTTXM
CIROASES	CIROASES	amazon.ca	HTTPS://WWW.AMAZON.CA/CIROASES-REAL-COTTON-BALLS-DECOR/DP/B089LH25KP
CISAY	CISAY	amazon.ca	HTTPS://WWW.AMAZON.CA/CISAY-CONTROL-OFF-ROAD-RECHARGEABLE-BATTERIES/DP/B07WVP7FXB
CISAY	CISAY	amazon.ca	HTTPS://WWW.AMAZON.CA/CISAY-UPGRADE-UNIVERSAL-WATERPROOF-DIAMETER/DP/B07X2QJ22V
CISTNY	CISTNY	amazon.ca	HTTPS://WWW.AMAZON.CA/CISTNY-MATTRESS-BREATHABLE-SKIN-FRIENDLY-REMOVABLE/DP/B0CH9XZHN5
CITCENTRALY	CITCENTRALY	amazon.ca	HTTPS://WWW.AMAZON.CA/CITCENTRALY-JAPANESE-TAPESTRY-HANGING-60X50INCHES/DP/B0B8RVWJGD
CITCENTRALY	CITCENTRALY	amazon.ca	HTTPS://WWW.AMAZON.CA/CITCENTRALY-WATERCOLOR-LANDSCAPE-MOUNTAINS-TAPESTRIES/DP/B0BZZFQ198
CITRUSYBOUTIQUE	CITRUSYBOUTIQUE	amazon.ca	HTTPS://WWW.AMAZON.CA/STORES/CITRUSYBOUTIQUE/PAGE/415A9F30-2C23-485A-A5BC-7A207C480440
CITYMORE	CITYMORE	amazon.ca	HTTPS://WWW.AMAZON.CA/STORES/CITYMORE/PAGE/046C605D-5EA2-498D-B282-E1022C658429
CITYMORE	CITYMORE	amazon.ca	HTTPS://WWW.AMAZON.CA/CITYMORE-INSERT-2-COMPATIBLE-GENERATION-BACKPACK/DP/B0BY816XLR
CIWENKAI	CIWENKAI	amazon.ca	HTTPS://WWW.AMAZON.CA/CIWENKAI-MENU-COVERS-8-5-INCH/DP/B0CR1BQ57T
CIWODA	CIWODA	amazon.ca	HTTPS://WWW.AMAZON.CA/CIWODA-MULTI-COLOR-MICROPHONE-COMPATIBLE-MICROPHONES/DP/B094331L1N
CIWODA	CIWODA	amazon.ca	HTTPS://WWW.AMAZON.CA/CIWODA-MULTI-COLOR-MICROPHONE-COMPATIBLE-MICROPHONES/DP/B09439JDGP
CIXIZUIJIA	CIXIZUIJIA	amazon.ca	HTTPS://WWW.AMAZON.CA/CIXIZUIJIA-STAINLESS-FOLDABLE-SILVERY-FINISH/DP/B0D8PF2ZGW
CIXIZUIJIA	CIXIZUIJIA	amazon.ca	HTTPS://WWW.AMAZON.CA/-/FR/CIXIZUIJIA-RCT-001-PLATEAUX-RECTANGULAIRES-ACRYLIQUE/DP/B0CQ1ZCQ4J
CJOVSE	CJOVSE	amazon.ca	HTTPS://WWW.AMAZON.CA/HEADLIGHTS-CJOVSE-COMPATIBLE-PETERBILT-CHEVROLET/DP/B0B2P2DH52
CKCN	CKCN	amazon.ca	HTTPS://WWW.AMAZON.CA/WIRELESS-CKCN-CHARGING-INDUCTION-CHARGERS/DP/B0BJPS8Z9N
CKEURERI	CKEURERI	amazon.ca	HTTPS://WWW.AMAZON.CA/CKEURERI-CHECKERED-EARRINGS-STERLING-HYPOALLERGENIC/DP/B0D3B15SD8
CKIVTNO	CKIVTNO	amazon.ca	HTTPS://WWW.AMAZON.CA/STAINLESS-MICROCIRCULATION-PREVENTS-WRINKLES-COMPLEXION/DP/B0953Z5J6R
CKOI	CKOI	amazon.ca	HTTPS://WWW.AMAZON.CA/COGECO-MEDIA-CKOI/DP/B08XQZ6V2H
CKVIHAV	CKVIHAV	amazon.ca	HTTPS://WWW.AMAZON.CA/CKVIHAV-INDUSTRIAL-GREENHOUSE-WORKSHOP-FURNITURE/DP/B0DWSKCVH5
CLAKIOOM	CLAKIOOM	amazon.ca	HTTPS://WWW.AMAZON.CA/CLAKIOOM-WEIGHTS-COMPATIBLE-TITLEIST-FAIRWAY/DP/B0CNW7BMLT
CLASYMOON	CLASYMOON	amazon.ca	HTTPS://WWW.AMAZON.CA/CLASYMOON-PREGNANCY-MATERNITY-SLEEPING-REMOVABLE/DP/B0C6YFGZ8F
CLEAFOU	CLEAFOU	amazon.ca	HTTPS://WWW.AMAZON.CA/CLEAFOU-SCRUBBER-CLEANING-EXTENDED-ATTACHMENT/DP/B0B3HY8NWY
CLEARNEXT	CLEARNEXT	amazon.ca	HTTPS://WWW.AMAZON.CA/CLEARNEXT-CASINO-POKER-CHIPS-SET/DP/B09SP35MJ8
CLEARNEXT	CLEARNEXT	amazon.ca	HTTPS://WWW.AMAZON.CA/STORES/CLEARNEXT/PAGE/DC759AEB-48EA-4705-92D1-D2A1B8258715
CLEARNEXT	CLEARNEXT	amazon.ca	HTTPS://WWW.AMAZON.CA/CLEARNEXT-REUSABLE-INJURIES-SHOULDER-SWELLING/DP/B0C1B9QQ96
CLEARNEXT	CLEARNEXT	amazon.ca	HTTPS://WWW.AMAZON.CA/CLEARNEXT-CASINO-POKER-CHIPS-SET/DP/B09SPCPVR2
CLEECLI	CLEECLI	amazon.ca	HTTPS://WWW.AMAZON.CA/CLEECLI/B/REF=MH_BL_SL_AP_SH_MW_19944660011?IE=UTF8&NODE=19944660011&FIELD-LBR_BRANDS_BROWSE-BIN=CLEECLI
CLEVERSIGNS	CLEVERSIGNS	amazon.ca	HTTPS://WWW.AMAZON.CA/STORES/CLEVERSIGNS/HOMEPAGE/PAGE/36A30F80-1C52-49F7-BAF7-832C9BD56242
CLEWILTESS	CLEWILTESS	amazon.ca	HTTPS://WWW.AMAZON.CA/CLEWILTESS-HALLWAY-ENTRYWAY-ACCESSORIES-ASSEMBLY/DP/B08KWJGJSW
CLIMAFUSION	CLIMAFUSION	amazon.ca	HTTPS://WWW.AMAZON.CA/CLIMAFUSION-GRADIENT-REUSABLE-WEARABLE-DISSIPATION/DP/B0BY8GZD6P
CLISTOFER	CLISTOFER	amazon.ca	HTTPS://WWW.AMAZON.CA/CLISTOFER-SPRAYER-COOKING-ACCESSORIES-SPRITZER/DP/B09WYTM57K
CLISTOFER	CLISTOFER	amazon.ca	HTTPS://WWW.AMAZON.CA/CLISTOFER-SPRAYER-COOKING-ACCESSORIES-SPRITZER/DP/B0BVZBNJHT
CLONEMUS	CLONEMUS	amazon.ca	HTTPS://WWW.AMAZON.CA/CLONEMUS-HUMIDIFIER-ULTRASONIC-HUMIDIFIERS-ESSENTIAL/DP/B0828RG5JT
CLRUPR	CLRUPR	amazon.ca	HTTPS://WWW.AMAZON.CA/CLRUPR-FOLDABLE-UNDERWEAR-LIGHTWEIGHT-ABS-PINK/DP/B0CD1D5K2H
CLWELLGE	CLWELLGE	amazon.ca	HTTPS://WWW.AMAZON.CA/CLWELLGE-ABSORBENT-KITCHEN-CLEANING-50X70CM/DP/B0CBB1MGB8
CLYROOM	CLYROOM	amazon.ca	HTTPS://WWW.AMAZON.CA/CLYROOM-SHOWER-SQUEEGEE-BATHROOM-STAINLESS/DP/B0B1PPXT7B
CLYROOM	CLYROOM	amazon.ca	HTTPS://WWW.AMAZON.CA/CLYROOM-WINDOW-VACUUM-SQUEEGEE-CORDLESS/DP/B0B9M3YT4T
CMXIKJ	CMXIKJ	amazon.ca	HTTPS://WWW.AMAZON.CA/CMXIKJ-STAINLESS-EMERGENCY-DOOR-ACTIVATED-DEFIBRILLATORS/DP/B0C3L336N8
CNCHUROU	CNCHUROU	amazon.ca	HTTPS://WWW.AMAZON.CA/CNCHUROU-LIGHTS-OUTDOOR-LIGHTING-SENSOR/DP/B0DJNMBT7F
CNCHUROU	CNCHUROU	amazon.ca	HTTPS://WWW.AMAZON.CA/CNCHUROU-PAIRS-SOCKS-WINTER-CHRISTMAS/DP/B0BSBDYB8V
CNCHUROU	CNCHUROU	amazon.ca	HTTPS://WWW.AMAZON.CA/FOUNTAIN-FILTER-CNCHUROU-FILTERS-REPLACEMENT/DP/B0C7C36S6Z
CNKAITE	CNKAITE	amazon.ca	HTTPS://WWW.AMAZON.CA/CNKAITE-PGR-008-WEBCAM-WITH-MICROPHONE/DP/B0C6K6ZVQK
CNSUNWAYLIGHTING	CNSUNWAYLIGHTING	amazon.ca	HTTPS://WWW.AMAZON.CA/STORES/CNSUNWAYLIGHTING/PAGE/10BBC48D-6543-4B88-99A5-823E2D78DD7E
CNTSLNB	CNTSLNB	amazon.ca	HTTPS://WWW.AMAZON.CA/CARBON-PATTERN-DASHBOARD-2021-2022-2019-2022/DP/B0CFPVNTYH
CNXIN	CNXIN	amazon.ca	HTTPS://WWW.AMAZON.CA/STORES/CNXIN/PAGE/DA453D45-806F-4AA4-9FB8-2AA1F36E31AA
COBANTFIT	COBANTFIT	amazon.ca	HTTPS://WWW.AMAZON.CA/COBANTFIT-SQUAT-BELT-RACK-ATTACHMENT/DP/B0BYZ53C2C
COCOMOCART	COCOMOCART	amazon.ca	HTTPS://WWW.AMAZON.CA/STORES/COCOMOCART/PAGE/4936B2E6-E2BF-4B35-8AA8-456B372725A1
COEIVY	COEIVY	amazon.ca	HTTPS://WWW.AMAZON.CA/COEIVY-OUTDOOR-HANGING-LEISURE-CAPACITY/DP/B0DX1QC7T4
COENGWO	COENGWO	amazon.ca	HTTPS://WWW.AMAZON.CA/COENGWO-MASSAGE-CORK-BALL-THERAPY/DP/B08D9GSPCN
COFFMAX	COFFMAX	amazon.ca	HTTPS://WWW.AMAZON.CA/STORES/COFFMAX/PAGE/BC4BE86C-3E80-431A-BFA7-E7C4A2FCCB33
COFURNI	COFURNI	amazon.ca	HTTPS://WWW.AMAZON.CA/COFURNI-HYDRATION-LIGHTWEIGHT-INSULATION-ACTIVITIES/DP/B0C9M6RJW1
COHAJA	COHAJA	amazon.ca	HTTPS://WWW.AMAZON.CA/STORES/COHAJA/COHAJA/PAGE/A55FA609-046E-485C-B89D-7923460A2C5C
COHMJJY	COHMJJY	amazon.ca	HTTPS://WWW.AMAZON.CA/COHMJJY-FULL-LENGTH-FRAMELESS-STITCHING-DECORATION/DP/B0BMPJ4HDS
COIEAA	COIEAA	amazon.ca	HTTPS://WWW.AMAZON.CA/COIEAA-HANGING-UTILITY-KITCHEN-UTENSIL/DP/B09XR8VB3G
COISIEN	COISIEN	amazon.ca	HTTPS://WWW.AMAZON.CA/COISIEN-UNIVERSAL-ADJUSTABLE-ACCESSORIES-REPLACEMENT/DP/B09Y584D5L
COJINLDFEI	COJINLDFEI	amazon.ca	HTTPS://WWW.AMAZON.CA/COJINLDFEI-OMNI-GLIDE-REPLACEMENT-ATTACHMENT-NO-965241-01/DP/B0C58YK7L1
COJINLDFEI	COJINLDFEI	amazon.ca	HTTPS://WWW.AMAZON.CA/COJINLDFEI-LV-H132-REPLACEMENT-LV-H132-RF-COMPATIBLE/DP/B0CQJHP2CB
COKANIY	COKANIY	amazon.ca	HTTPS://WWW.AMAZON.CA/COKANIY-HALLOWEEN-APOTHECARY-DECORATIVE-WITCHCRAFT/DP/B0B6VKPYGT
COKARSEY	COKARSEY	amazon.ca	HTTPS://WWW.AMAZON.CA/COKARSEY-WOMENS-HOLLOW-SKIRTED-SWIMSUIT/DP/B07Q4RGM6Z
COLEBROOKDESIGNS	COLEBROOKDESIGNS	amazon.ca	HTTPS://WWW.AMAZON.CA/STORES/COLEBROOKDESIGNS/PAGE/19734DB2-6CE9-4E98-B05E-4AC738BDE8EB
COLISPAR	COLISPAR	amazon.ca	HTTPS://WWW.AMAZON.CA/COLISPAR-SILICONE-ACCESSORIES-PROTECTOR-TUMBLERS/DP/B0CQ4V223V
COLMERD	COLMERD	amazon.ca	HTTPS://WWW.AMAZON.CA/COLMERD-COMFORTABLE-MATTRESS-SLEEPING-VACATION/DP/B0C9QTV7M7
COLORFULHALL	COLORFULHALL	amazon.ca	HTTPS://WWW.AMAZON.CA/COLORFULHALL/B/REF=BL_DP_S_MW_20645338011?IE=UTF8&NODE=20645338011&FIELD-LBR_BRANDS_BROWSE-BIN=COLORFULHALL
COLOTIME	COLOTIME	amazon.ca	HTTPS://WWW.AMAZON.CA/COLOTIME-OUTDOOR-CLIMBING-SUPPORT-CUCUMBER/DP/B09QS5Y8VF
COLYANDA	COLYANDA	amazon.ca	HTTPS://WWW.AMAZON.CA/COLYANDA/B/REF=MH_BL_SL_AP_AP_MW_20334113011?IE=UTF8&NODE=20334113011&FIELD-LBR_BRANDS_BROWSE-BIN=COLYANDA
COLYSOR	COLYSOR	amazon.ca	HTTPS://WWW.AMAZON.CA/COLYSOR-BIRTHDAY-DECORATION-SIZE-HAPPY-16-5X8INCH/DP/B08ZN53XYK
COM4SPORT	COM4SPORT	amazon.ca	HTTPS://WWW.AMAZON.CA/COM4SPORT-DISPENSER-ADJUSTABLE-SHOULDER-COLLAPSIBLE/DP/B07BGTYQ4H
COMEHEALTHY	COMEHEALTHY	amazon.ca	HTTPS://WWW.AMAZON.CA/COMEHEALTHY-PILLOW-READING-WORKING-GAMING/DP/B0CZRD7L7L
COMFILUMBA	COMFILUMBA	amazon.ca	HTTPS://WWW.AMAZON.CA/COMFILUMBA-CUSHION-DRIVER-EXTENDER-MEMORY/DP/B09NWG8579
COMFOME	COMFOME	amazon.ca	HTTPS://WWW.AMAZON.CA/COMFOME-DOUBLE-WALL-GLASS-SET/DP/B09HKLV4ZK
COMIRTH	COMIRTH	amazon.ca	HTTPS://WWW.AMAZON.CA/VDP/02534044AE88427A97931214F05C6689?_ENCODING=UTF8&PD_RD_W=ZCUDA&CONTENT-ID=AMZN1.SYM.FE50A602-B960-462C-B471-08A0FC06441F&PF_RD_P=FE50A602-B960-462C-B471-08A0FC06441F&PF_RD_R=MPR60DNC26DXBT0TA8G6&PD_RD_WG=CKJYH&PD_RD_R=EC4521A0-C99E-4FCA-8999-18878DD8BB27
COMOISTAR	COMOISTAR	amazon.ca	HTTPS://WWW.AMAZON.CA/STORES/COMOISTAR/HOMEPAGE/PAGE/D8BED731-34E1-4883-83B1-B21EB5CCE338
COMSUIT	COMSUIT	amazon.ca	HTTPS://WWW.AMAZON.CA/COMSUIT-ASSEMBLY-STORAGE%EF%BC%8CFOLDABLE-MEMORY-MATTRESS/DP/B0BPHGWXMD
COMTENS	COMTENS	amazon.ca	HTTPS://WWW.AMAZON.CA/COMTENS-FABRIC-SHAVER-RECHARGEABLE-ELECTRIC/DP/B0DCBLS178
CONBOMIO	CONBOMIO	amazon.ca	HTTPS://WWW.AMAZON.CA/STORES/CONBOMIO/PAGE/24018BF4-1FCB-4EB2-A957-A0619F7AE2F3
CONDYLURI	CONDYLURI	amazon.ca	HTTPS://WWW.AMAZON.CA/CONDYLURI-WITCHY-STICKERS-ADULTS-ACADEMIA/DP/B0CNH3CYQZ
CONFORLIVING	CONFORLIVING	amazon.ca	HTTPS://WWW.AMAZON.CA/CONFORLIVING-COFFEE-TABLE-REFRIGERATOR-FRIDGE/DP/B0C36G5Q9H
CONFTO	CONFTO	amazon.ca	HTTPS://WWW.AMAZON.CA/CONFTO-MACHINE-TIBIALIS-EQUIPMENT-STRENGTHENING/DP/B0CQBZ4WK7
CONFTO	CONFTO	amazon.ca	HTTPS://WWW.AMAZON.CA/CONFTO-VIBRATION-PLATE-EXERCISE-MACHINE/DP/B0DNXTTVQY
CONMCNK	CONMCNK	amazon.ca	HTTPS://WWW.AMAZON.CA/HARDWARE-ADJUSTABLE-ALUMINUM-DOWELLING-INSTALLATION/DP/B08LCVP5PB
CONOFA	CONOFA	amazon.ca	HTTPS://WWW.AMAZON.CA/CONOFA-DUCKBILL-ALLIGATOR-CROCODILE-ACCESSORIES/DP/B08BG145PB
CONOFA	CONOFA	amazon.ca	HTTPS://WWW.AMAZON.CA/CONOFA-ALLIGATOR-SECTIONING-HAIRPINS-NON-SLIP/DP/B07WFJNTKZ
CONPUSH	CONPUSH	amazon.ca	HTTPS://WWW.AMAZON.CA/CONPUSH-THERMOMETER-PROBE-KITCHEN-BARBECUE/DP/B01IN4P67G
CONTRENCE	CONTRENCE	amazon.ca	HTTPS://WWW.AMAZON.CA/CONTRENCE-BARRY-WOOD-SITTING-MEME/DP/B0BP292RL6
CONTUK	CONTUK	amazon.ca	HTTPS://WWW.AMAZON.CA/CONTUK-BACKPACK-COLORFUL-MEDIUM-LEISURE/DP/B0CZ9CKZ7Z
CONWOMIN	CONWOMIN	amazon.ca	HTTPS://WWW.AMAZON.CA/CONWOMIN-DUVET-COVER-MICROFIBER-SET/DP/B0DK6TXZCP
CONZIE	CONZIE	amazon.ca	HTTPS://WWW.AMAZON.CA/CONZIE-MAKER%EF%BC%8CESPRESSO-AUTOMATIC-ESPRESSO-MACCHIATO/DP/B0BJV5VF4Z
COOBILY	COOBILY	amazon.ca	HTTPS://WWW.AMAZON.CA/CHRISTMAS-INFLATABLES-DECORATIONS-NATIVITY-SCENE/DP/B0B8Y55Y3H
COOCTECH	COOCTECH	amazon.ca	HTTPS://WWW.AMAZON.CA/COOCTECH-DRAINAGE-REUSABLE-SEEDLINGS-TRANSPLANTING/DP/B0CQW7LJYC
COOCTECH	COOCTECH	amazon.ca	HTTPS://WWW.AMAZON.CA/COOCTECH-UPGRADE-WINDOW-BLOCKS-99-98/DP/B0DT12WNH9
COOFULL	COOFULL	amazon.ca	HTTPS://WWW.AMAZON.CA/COOFULL-ORGANIZER-WATERPROOF-MAGIC-STICK-TIDY%EF%BC%86CLEAN/DP/B08N68VHDV
COOKEEZI	COOKEEZI	amazon.ca	HTTPS://WWW.AMAZON.CA/SQUEEZER-COOKEEZI-STAINLESS-MICROFIBER-CLEANING/DP/B00QB7HPI6
COOKIT	COOKIT	amazon.ca	HTTPS://WWW.AMAZON.CA/COOKIT/S?K=COOKIT
COOKTAITAI	COOKTAITAI	amazon.ca	HTTPS://WWW.AMAZON.CA/COOKTAITAI-MELAMINE-SEASONING-APPETIZER-DRESSING/DP/B09JM1GRDS
COOKTAITAI	COOKTAITAI	amazon.ca	HTTPS://WWW.AMAZON.CA/COOKTAITAI-SEASONING-DIPPING-APPETIZER-DRESSING/DP/B09JM1TLS5
COOKTAITAI	COOKTAITAI	amazon.ca	HTTPS://WWW.AMAZON.CA/COOKTAITAI-PORCELAIN-JAPANESE-DUMPLING-DRESSING/DP/B09QFY6ZWJ
COORACK	COORACK	amazon.ca	HTTPS://WWW.AMAZON.CA/COORACK-MOUNTED-HANGING-ORGANIZER-ADHESIVE/DP/B09YTWG3Y3
COOYAFAN	COOYAFAN	amazon.ca	HTTPS://WWW.AMAZON.CA/COOYAFAN-EXPXXFIL0016-EXPANDABLE-REPLACEMENT-COMPATIBLE/DP/B0CM3LQT21
COPPERCURE	COPPERCURE	amazon.ca	HTTPS://WWW.AMAZON.CA/STORES/COPPERCURE/HOMEPAGE/PAGE/6E70618E-2D83-4D18-B36F-F39605356541
CORALUV	CORALUV	amazon.ca	HTTPS://WWW.AMAZON.CA/STORES/CORALUV/PAGE/D9580219-FDE4-4466-888C-2D6114277D22
COREREPLACE	COREREPLACE	amazon.ca	HTTPS://WWW.AMAZON.CA/COREREPLACE-REPLACEMENT-BREVILLE-ESPRESSO-MACHINE/DP/B089R765J3
CORFTY	CORFTY	amazon.ca	HTTPS://WWW.AMAZON.CA/LONG-SLEEVE-DRESS-SHIRTS-MEN/DP/B0B2NCSNVV
CORYSEL	CORYSEL	amazon.ca	HTTPS://WWW.AMAZON.CA/CORYSEL-KITCHEN-LEAD-FREE-STAINLESS-COMMERCIAL/DP/B0852X1ZWH
COSGODROLL	COSGODROLL	amazon.ca	HTTPS://WWW.AMAZON.CA/COSGODROLL-COSPLAY-HALLOWEEN-COSTUME-ACCESSORY/DP/B0BDHQSVRH
COSINLANDING	COSINLANDING	amazon.ca	HTTPS://WWW.AMAZON.CA/COSPLAY-COSTUME-ANIME-JUMPSUIT-SMALL-X-LARGE/DP/B08PPVDGCP
COSINLANDING	COSINLANDING	amazon.ca	HTTPS://WWW.AMAZON.CA/COSINLANDING-COSPLAY-COSTUME-OVERSHOES-SMALL-LARGE/DP/B0D8M2MCLF
COSPRING	COSPRING	amazon.ca	HTTPS://WWW.AMAZON.CA/COSPRING-SOLID-WOOD-DECORATION-LARGE/DP/B01N9JCNQE
COSPRING	COSPRING	amazon.ca	HTTPS://WWW.AMAZON.CA/COSPRING-SOLID-WOOD-DECORATION-MIDDLE/DP/B01B30YKRE
COSSAIN	COSSAIN	amazon.ca	HTTPS://WWW.AMAZON.CA/COSSAIN-SEMI-WEIGHTED-SENSITIVE-BLUETOOTH-BEGINNERS/DP/B0BCHVX28V
COSTRADE	COSTRADE	amazon.ca	HTTPS://WWW.AMAZON.CA/STORES/COSTRADE/HOMEPAGE/PAGE/639CFE2F-D17C-4CB5-BC09-4369844DA279
COSYDOT	COSYDOT	amazon.ca	HTTPS://WWW.AMAZON.CA/COSYDOT-TRAVELING-VENTILATED-COLLAPSIBLE-DISPENSER/DP/B08Y8HSJK1
COSYTREE	COSYTREE	amazon.ca	HTTPS://WWW.AMAZON.CA/COSYTREE-KING-MICROMINK-SHERPA-COMFORTER/DP/B0D59JK7Z4
COUGUARACK	COUGUARACK	amazon.ca	HTTPS://WWW.AMAZON.CA/COUGUARACK-ADHESIVE-STAINLESS-ORGANIZER-BATHROOM/DP/B09V54ZBCY
COUNDYMER	COUNDYMER	amazon.ca	HTTPS://WWW.AMAZON.CA/COUNDYMER-SANDALS-ANTI-SLIP-OUTDOOR-SLIPPERS/DP/B0BXZ4MCFK
COUVKADL	COUVKADL	amazon.ca	HTTPS://WWW.AMAZON.CA/COUVKADL-FOLDING-DESIGN-PERFECT-CAMPING/DP/B08Y941FMZ
COUVKADL	COUVKADL	amazon.ca	HTTPS://WWW.AMAZON.CA/VDP/05352B707EDE4679825380766888A2FD?_ENCODING=UTF8&PD_RD_W=AOCPC&CONTENT-ID=AMZN1.SYM.FE50A602-B960-462C-B471-08A0FC06441F&PF_RD_P=FE50A602-B960-462C-B471-08A0FC06441F&PF_RD_R=39C0XY5MYPN2VMNRMC0R&PD_RD_WG=C9V7F&PD_RD_R=76626402-D73C-4B9D-BEEA-7D84D473275B
COUWESFFE	COUWESFFE	amazon.ca	HTTPS://WWW.AMAZON.CA/COUWESFFE-REPLACEMENT-WHEELBARROW-GENERATOR-TROLLEYS/DP/B0BQCK3P9H
COVERTOPIA	COVERTOPIA	amazon.ca	HTTPS://WWW.AMAZON.CA/COVERTOPIA-CANYON-2015-2022-ELEVATION-LEATHER/DP/B0B38T4QQ2
COVOCHI	COVOCHI	amazon.ca	HTTPS://WWW.AMAZON.CA/COVOCHI-ELECTRONIC-STURDY-DURABLE-INSTALL/DP/B0B5RDB836
COVOEAK	COVOEAK	amazon.ca	HTTPS://WWW.AMAZON.CA/ELECTRIC-PRUNING-SHEARS-PROFESSIONAL-GARDENING/DP/B099WPCWH5
COWARCA	COWARCA	amazon.ca	HTTPS://WWW.AMAZON.CA/COWARCA-T-ENDS-WEATHERPROOFING-UNIVERSAL-INSTALL/DP/B0BRYYD3F3
COZLIV	COZLIV	amazon.ca	HTTPS://WWW.AMAZON.CA/COZLIV/B/REF=BL_DP_S_MW_120588676011?IE=UTF8&NODE=120588676011&FIELD-LBR_BRANDS_BROWSE-BIN=COZLIV
COZLMHJ	COZLMHJ	amazon.ca	HTTPS://WWW.AMAZON.CA/COZLMHJ-HYDROPONIC-30-PLANT-VERTICAL-VEGETABLES/DP/B0DRVRCX9Y
COZYSTAR	COZYSTAR	amazon.ca	HTTPS://WWW.AMAZON.CA/COZYSTAR-WEARABLE-BLANKET-OVERSIZED-SWEATSHIRT/DP/B09GJWT6BG
COZYVIDA	COZYVIDA	amazon.ca	HTTPS://WWW.AMAZON.CA/STORES/COZYVIDA/PAGE/C309018E-271B-49EF-84F1-0842C4D96DEB
COZZZE	COZZZE	amazon.ca	HTTPS://WWW.AMAZON.CA/COZZZE-ORTHOPEDIC-SUPPORTIVE-REMOVABLE-WASHABLE/DP/B0CGC34G9T
COZZZE	COZZZE	amazon.ca	HTTPS://WWW.AMAZON.CA/COZZZE-COLLAPSIBLE-DOG-CRATE-DETACHABLE/DP/B0CRVTQF3K
CPOKOH	CPOKOH	amazon.ca	HTTPS://WWW.AMAZON.CA/EXERCISE-RESISTANT-FITNESS-WORKOUT-BALANCE/DP/B06Y2D3Y7F
CPYOSN	CPYOSN	amazon.ca	HTTPS://WWW.AMAZON.CA/STORES/CPYOSN/%E4%B8%BB%E9%A1%B5/PAGE/12EAAEB0-9A6A-41A1-A81E-42699F09CAB7
CQMMA	CQMMA	amazon.ca	HTTPS://WWW.AMAZON.CA/CQMMA-ALUMINUM-STOPPER-BOTTOM-BLOCKER/DP/B0995CY1G5
CQSJX	CQSJX	amazon.ca	HTTPS://WWW.AMAZON.CA/CQSJX-STEERING-SWITCHES-2-POSITION-BUTTON/DP/B0CJ9BFR95
CQSJX	CQSJX	amazon.ca	HTTPS://WWW.AMAZON.CA/CQSJX-ADJUSTABLE-EQUIPMENT-OBSERVATION-KJHXFE5P4PPS6H7TB2TF/DP/B0CX1WNXB1
CRABAHOLIK	CRABAHOLIK	amazon.ca	HTTPS://WWW.AMAZON.CA/CRABAHOLIK-SEAFOOD-TOOLS-SET-HEAVY-DUTY/DP/B07CX8ZYP9
CRAFTKIN	CRAFTKIN	amazon.ca	HTTPS://WWW.AMAZON.CA/STORES/CRAFTKIN/CRAFTKIN/PAGE/0A313462-EEDD-4868-9526-22AACB3C9AB3
CRASOLDIERS	CRASOLDIERS	amazon.ca	HTTPS://WWW.AMAZON.CA/CRASOLDIERS-COMPATIBLE-OCTONAUTS-BARNACLES-SHELLINGTON/DP/B09KM7TBJ1
CRAZYRIMCOS	CRAZYRIMCOS	amazon.ca	HTTPS://WWW.AMAZON.CA/CRAZYRIMCOS-TROOPER-COSPLAY-STORMTROOPER-COLLECTORS/DP/B0CS5GSX7H
CREATMOUS	CREATMOUS	amazon.ca	HTTPS://WWW.AMAZON.CA/STORES/CREATMOUS/PAGE/2292DD39-EE23-4ADF-AE37-2BAB3B368A00
CREATMOUS	CREATMOUS	amazon.ca	HTTPS://WWW.AMAZON.CA/STORES/CREATMOUS/PAGE/8F068BC4-B04E-4FB0-88F4-B836D3005973
CREATOMER	CREATOMER	amazon.ca	HTTPS://WWW.AMAZON.CA/CREATOMER-ESPRESSO-DISTRIBUTION-WDT-TOOL/DP/B0C6QY16N7
CREEPEX	CREEPEX	amazon.ca	HTTPS://WWW.AMAZON.CA/CREEPEX-FASTBACK-PRO-FASTBACK-MECHANIC/DP/B07D9T4GPJ
CREEPYPARTY	CREEPYPARTY	amazon.ca	HTTPS://WWW.AMAZON.CA/STORES/CREEPYPARTY/PAGE/F2622C73-14DA-443E-832F-66F0F93226F5
CREHOMFY	CREHOMFY	amazon.ca	HTTPS://WWW.AMAZON.CA/CREHOMFY-SYNTHETIC-HANDWOVEN-FOLDABLE-BATHROOM/DP/B08NTBVLT7
CRENAILRO	CRENAILRO	amazon.ca	HTTPS://WWW.AMAZON.CA/CRENAILRO-BALL-COVER-REPLACEMENT-GRAY/DP/B0BXX2ZYVC
CRINWAKI	CRINWAKI	amazon.ca	HTTPS://WWW.AMAZON.CA/STORES/CRINWAKI/PAGE/AD7AA2C1-A475-40BA-9687-68EE43ED4366
CRIZCAPE	CRIZCAPE	amazon.ca	HTTPS://WWW.AMAZON.CA/CRIZCAPE-UNISEX-HALLOWEEN-COSTUME-HOODED/DP/B0BMLBHD84
CRLL	CRLL	amazon.ca	HTTPS://WWW.AMAZON.CA/SERMALOER-CRRL-16-CRLL-COMPENSATING/DP/B0GCVDL2RR
CROKINOLECANADA	CROKINOLECANADA	amazon.ca	HTTPS://WWW.AMAZON.CA/STORES/CROKINOLECANADA/PAGE/A80DD0EF-FDEF-4F36-AFA2-50C0D7046CA3
CROLIUMCX	CROLIUMCX	amazon.ca	HTTPS://WWW.AMAZON.CA/CROLIUMCX-43-8VOLT-38-4V30A-MATCHING-TYPE%EF%BC%8814-8%EF%BC%89/DP/B0C5MHMYWH
CROSIGHT	CROSIGHT	amazon.ca	HTTPS://WWW.AMAZON.CA/CROSIGHT-FULL-BODY-CLMBING-HARNESS/DP/B07XLR15QJ
CROSTRITON	CROSTRITON	amazon.ca	HTTPS://WWW.AMAZON.CA/WOMEN-PIECE-SOLID-SLEEVE-LOUNGEWEAR/DP/B09FLTJR6M
CROTTSMILLS	CROTTSMILLS	amazon.ca	HTTPS://WWW.AMAZON.CA/CROTTSMILLS-SHIRTS-KILLER-KLOWNS-FASHION/DP/B08V5DWT7D
CRPBKU	CRPBKU	amazon.ca	HTTPS://WWW.AMAZON.CA/CRPBKU-WATERCOLOR-HUMMINGBIRDS-DECORATION-UNFRAMED/DP/B08XVT6LST
CRSPEXIL	CRSPEXIL	amazon.ca	HTTPS://WWW.AMAZON.CA/CRSPEXIL-NINTENDO-SUITABLE-PROJECTION-CONVERTER/DP/B0FN411BX3
CRSPEXIL	CRSPEXIL	amazon.ca	HTTPS://WWW.AMAZON.CA/CRSPEXIL-CONTROLLERS-RECHARGEABLE-BATTERIES-ACCESSORIES/DP/B0DSHMN4JV
CRYOFORCE	CRYOFORCE	amazon.ca	HTTPS://WWW.AMAZON.CA/CRYOFORCE-PROGRAMABLE-REPLACEMENT-POST-SURGERY-UNIVERSAL/DP/B0D7V8LXFD
CRZWOK	CRZWOK	amazon.ca	HTTPS://WWW.AMAZON.CA/SECURITY-CRZWOK-MONITOR-WIRELESS-TRACKING/DP/B09CL2ZZ8Q
CRZWOK	CRZWOK	amazon.ca	HTTPS://WWW.AMAZON.CA/CAMERA-CRZWOK-SECURITY-WIRELESS-DETECTION/DP/B09CL5CF48
CSASAN	CSASAN	amazon.ca	HTTPS://WWW.AMAZON.CA/STORES/CSASAN/PAGE/1ECBFE55-36C7-4685-A694-333ACB66E8A4
CSGTSWGS	CSGTSWGS	amazon.ca	HTTPS://WWW.AMAZON.CA/HUMIDIFIER-CSGTSWGS-HUMIDIFIERS-RECTANGLE-MOISTURIZING/DP/B09YD19LJY
CSJCUBIC	CSJCUBIC	amazon.ca	HTTPS://WWW.AMAZON.CA/CSJCUBIC-COMPATIBLE-STAINLESS-REPLACEMENT-ADJUSTABLE/DP/B0B2MV4C26
CSTHEN	CSTHEN	amazon.ca	HTTPS://WWW.AMAZON.CA/-/FR/CSTHEN-TRA%C3%AENEAU-RENFORC%C3%A9E-LENTRA%C3%AENEMENT-GLISSI%C3%A8RE/DP/B08QGK1H5W
CSTHEN	CSTHEN	amazon.ca	HTTPS://WWW.AMAZON.CA/HARNESS-RESISTANCE-TRAINING-FOOTBALL-EQUIPMENT/DP/B08F3WH15R
CSYLX	CSYLX	amazon.ca	HTTPS://WWW.AMAZON.CA/CSYLX-BICYCLE-2-125-REPLACEMENT-INNER/DP/B08K7N9QWN
CTDIRAL	CTDIRAL	amazon.ca	HTTPS://WWW.AMAZON.CA/CTDIRAL-BREATHABLE-SANDALS-LOAFERS-COMFORTABLE/DP/B0BTQ89K5S
CTDIRAL	CTDIRAL	amazon.ca	HTTPS://WWW.AMAZON.CA/CTDIRAL-STEAMPUNK-RENAISSANCE-COTTAGECORE-SLEEVELESS/DP/B0CD8BFJYM
CTDIRAL	CTDIRAL	amazon.ca	HTTPS://WWW.AMAZON.CA/CTDIRAL-OVERSIZED-FASHION-2023-SHACKET/DP/B0CH1DB6Q5
CTDIRAL	CTDIRAL	amazon.ca	HTTPS://WWW.AMAZON.CA/CTDIRAL-SUMMER-ASYMMETRICAL-HANDKERCHIEF-SLEEVELESS/DP/B0B1F3ZVG6
CTDIRAL	CTDIRAL	amazon.ca	HTTPS://WWW.AMAZON.CA/CTDIRAL-ESPADRILLE-SANDALS-STACKED-STRAPPY/DP/B0C2DSR3Q8
CTOBP865MP	CTOBP865MP	amazon.ca	HTTPS://WWW.AMAZON.CA/WELLER-CTOBP865MP-BATTERY-SOLDERING-IRON/DP/B00HYPC7EG
CTREEY	CTREEY	amazon.ca	HTTPS://WWW.AMAZON.CA/CTREEY-BRAIDED-CHARGER-G5GOOGLE-NINTENDO/DP/B074GPSC2Z
CUCHENHUAN	CUCHENHUAN	amazon.ca	HTTPS://WWW.AMAZON.CA/CUCHENHUAN-BUTTERFLY-ACCESSORIES-GROOMING-PRODUCTS/DP/B0DCWN1NPZ
CUCHENHUAN	CUCHENHUAN	amazon.ca	HTTPS://WWW.AMAZON.CA/CUCHENHUAN-ACCESSORIES-GLITTER-MULTICOLOR-YORKSHIRE/DP/B0GH37GQ9Z
CUISIQUE	CUISIQUE	amazon.ca	HTTPS://WWW.AMAZON.CA/CUISIQUE-PREMIUM-QUALITY-SPIRALIZER-VERSATILE/DP/B00PR54V30
CUKEYOUZ	CUKEYOUZ	amazon.ca	HTTPS://WWW.AMAZON.CA/CUKEYOUZ-FIGURINE-PRESERVED-NECKLACE-LANGUAGES/DP/B0CTY91RLQ
CULIKEM	CULIKEM	amazon.ca	HTTPS://WWW.AMAZON.CA/CULIKEM-ESPRESSO-TAMPER-COFFEE-TAMPING/DP/B0CX3ZKSD8
CULOVITY	CULOVITY	amazon.ca	HTTPS://WWW.AMAZON.CA/CULOVITY-EARRING-STATEMENT-GOLDTONE-SILVERTONE/DP/B07BJ3R7V5
CUNSENR	CUNSENR	amazon.ca	HTTPS://WWW.AMAZON.CA/CUNSENR-GARLIC-PRESS-PEELER-CLEANING/DP/B0C4V71FQD
CUORECA	CUORECA	amazon.ca	HTTPS://WWW.AMAZON.CA/CUORECA-CAR-DETAILING-INTERIOR-CLEANER/DP/B0BQN7J6XB
CUSCHOICEZM	CUSCHOICEZM	amazon.ca	HTTPS://WWW.AMAZON.CA/CUSCHOICEZM-LEATHER-BACKGAMMON-TRAVEL-ROLL/DP/B099ND6W4J
CUSTOMOFFI	CUSTOMOFFI	amazon.ca	HTTPS://WWW.AMAZON.CA/CUSTOMOFFI-DECORATIVE-METAL-BOOKENDS-COLLECTORS/DP/B097F4YJKD
CUSVUEVI	CUSVUEVI	amazon.ca	HTTPS://WWW.AMAZON.CA/CUSVUEVI-ADJUSTABLE-LANYARD-EXTENDERS-SAVERS/DP/B08LGPW5WJ
CUTEFA	CUTEFA	amazon.ca	HTTPS://WWW.AMAZON.CA/MINI-CUTEFA-WHITEBOARD-CHALKBOARD-CLASSROOM/DP/B09TKRMRYS
CUTESPREE	CUTESPREE	amazon.ca	HTTPS://WWW.AMAZON.CA/CUTESPREE-GARDENING-MOTIVATIONAL-MEANINGFUL-8X12INCH/DP/B09GLX9RP3
CUTESPREE	CUTESPREE	amazon.ca	HTTPS://WWW.AMAZON.CA/CUTESPREE-CAPTAINS-MOTIVATIONAL-MEANINGFUL-8X12INCH/DP/B09H6GG7QQ
CUTESPREE	CUTESPREE	amazon.ca	HTTPS://WWW.AMAZON.CA/EVERYTHING-SOMETHING-VERTICAL-CHRISTMAS-DECORATION/DP/B096M23TR5
CUTIESKY	CUTIESKY	amazon.ca	HTTPS://WWW.AMAZON.CA/CUTIESKY-PORTABLE-SEMI-AUTOMATIC-FUNCTIONS-SPIN-DRY/DP/B08D7ZZX3Q
CUUKSHKN	CUUKSHKN	amazon.ca	HTTPS://WWW.AMAZON.CA/CUUKSHKN-H0247A01-WATER/DP/B0BY1LT38G
CUUKSHKN	CUUKSHKN	amazon.ca	HTTPS://WWW.AMAZON.CA/CUUKSHKN-CERAMIC-GRAY/DP/B0BY1DXBPD
CWHQPUHGBJ	CWHQPUHGBJ	amazon.ca	HTTPS://WWW.AMAZON.CA/CWHQPUHGBJ-GALACTIC-POSTERS-PLAYROOM-UNFRAMED/DP/B0BBMVP8X1
CWLOTAC	CWLOTAC	amazon.ca	HTTPS://WWW.AMAZON.CA/CWLOTAC-POWER-TOOL-ORGANIZER-SCREWDRIVER/DP/B09ZQMRRCK
CXOYLL	CXOYLL	amazon.ca	HTTPS://WWW.AMAZON.CA/CXOYLL-ADJUSTABLE-ALUMINIUM-UNIVERSAL-HANDLEBAR/DP/B098KWL64T
CXPZLLBNHH	CXPZLLBNHH	amazon.ca	HTTPS://WWW.AMAZON.CA/CXPZLLBNHH-STRAIGHT-LANDMINE-ATTACHMENT%EF%BC%8CVIKING-STRENGTH/DP/B0977ZRFVW
CXRYLZ	CXRYLZ	amazon.ca	HTTPS://WWW.AMAZON.CA/CXRYLZ-DRAWING-COLORED-SHARPENER-COLORING/DP/B0D94BX96T
CYANOE	CYANOE	amazon.ca	HTTPS://WWW.AMAZON.CA/CYANOE-COLLAPSIBLE-BATHTUB-FOLDABLE-PORTABLE/DP/B0C1X6GS7J
CYCLYSIO	CYCLYSIO	amazon.ca	HTTPS://WWW.AMAZON.CA/STORES/CYCLYSIO/PAGE/29056120-4219-4C0A-BB51-04591A86144E
CYCODO	CYCODO	amazon.ca	HTTPS://WWW.AMAZON.CA/CYCODO-LAMPSHADE-DECORATION-EMERGENCY-NIGHTLIGHT/DP/B0CLRV66SJ
CYHGGUO	CYHGGUO	amazon.ca	HTTPS://WWW.AMAZON.CA/CYHGGUO-EXTENDER-DOG-SEAT-BACK/DP/B0CN63CFJZ
CYHGGUO	CYHGGUO	amazon.ca	HTTPS://WWW.AMAZON.CA/CYHGGUO-DOG-SEAT-BACK-EXTENDER/DP/B0CNRZ4V7J
CYHKEE	CYHKEE	amazon.ca	HTTPS://WWW.AMAZON.CA/LANTERNS-WATERPROOF-EXTERIOR-SECURITY-DECORATIVE/DP/B09HCMHQWN
CYIWNIAO	CYIWNIAO	amazon.ca	HTTPS://WWW.AMAZON.CA/CYIWNIAO-CONTROL-NUMBERED-WHITEMARKERS-SURVEYING/DP/B0DHXXYGSD
CYKOV	CYKOV	amazon.ca	HTTPS://WWW.AMAZON.CA/STORES/CYKOV/PAGE/B061D1B6-EEF2-4869-B2CC-1CE77523A63A
CYLEODO	CYLEODO	amazon.ca	HTTPS://WWW.AMAZON.CA/CYLEODO-UPGRADED-TUNGSTEN-CEMENTED-CARBIDE/DP/B09XMTTFPR
CYMTKBR	CYMTKBR	amazon.ca	HTTPS://WWW.AMAZON.CA/RGB-HEADPHONE-STAND-CYMTKBR-UPGRADED-HEADPHONE-HOLDER-GAMING-HEADSET-STAND-EARPHONES-ACCESSORIES-GAMER-GIFTS/DP/B0BLVQJJSQ
CYSCOMMA	CYSCOMMA	amazon.ca	HTTPS://WWW.AMAZON.CA/LARGE-SPOON-METAL-DECOR-CYSCOMMA/DP/B092JJ6V6D
CYSCOMMA	CYSCOMMA	amazon.ca	HTTPS://WWW.AMAZON.CA/METAL-SAFETY-PINS-DECOR-CYSCOMMA/DP/B087MY4QGV
CYSEXY	CYSEXY	amazon.ca	HTTPS://WWW.AMAZON.CA/CYSEXY-BODYCON-DRESSES-TIE-DYE-SLEEVELESS/DP/B09PJPN5WV
CZZZ	CZZZ	amazon.ca	HTTPS://WWW.AMAZON.CA/CZZZ-WEIGHTED-BLANKET-15-LBS/DP/B07L7Q1BDT
DACOBS	DACOBS	amazon.ca	HTTPS://WWW.AMAZON.CA/DACOBS-ERGONOMIC-CERVICAL-ORTHOPEDIC-PILLOWCASE/DP/B08XXBHT1W
DAFENSI	DAFENSI	amazon.ca	HTTPS://WWW.AMAZON.CA/DAFENSI-STRETCHY-JOGGERS-LIGHTWEIGHT-ARMYGREEN/DP/B0C2GQ5VM5
DAHACIS	DAHACIS	amazon.ca	HTTPS://WWW.AMAZON.CA/DAHACIS-SOAP-DISPENSER-COUNTERTOP-DECORATIVE/DP/B0CH86VJ95
DAHOOMII	DAHOOMII	amazon.ca	HTTPS://WWW.AMAZON.CA/DAHOOMII-CLOTHING-ADJUSTABLE-RETRACTABLE-2011-02/DP/B09TXNSHT9
DAHUICFL	DAHUICFL	amazon.ca	HTTPS://WWW.AMAZON.CA/DAHUICFL-BLADELESS-CEILING-DIMMABLE-ENCLOSED/DP/B0C4HBKB6N
DAIFUQIHUA	DAIFUQIHUA	amazon.ca	HTTPS://WWW.AMAZON.CA/DAIFUQIHUA-REMOVER-CARPETS-PORTABLE-ROLLER/DP/B09D2V24PJ
DAILYREST	DAILYREST	amazon.ca	HTTPS://WWW.AMAZON.CA/DAILYREST-ORGANIZER-MEDICINE-CONTAINER-DISPENSER/DP/B0B76ZKD3J
DAISDJUY	DAISDJUY	amazon.ca	HTTPS://WWW.AMAZON.CA/DAISDJUY-COMPATIBLE-WATERPROOF-BREATHABLE-REPLACEMENT/DP/B09C4PXJQZ
DAISLEEP	DAISLEEP	amazon.ca	HTTPS://WWW.AMAZON.CA/DAISLEEP-MATTRESS-HANDHELD-EFFICIENTLY-MATTRESSES/DP/B0BB9SM8X5
DAIXISM	DAIXISM	amazon.ca	HTTPS://WWW.AMAZON.CA/FURNITURE-RESTORE-SURFACE-SCRATCH-CABINET/DP/B09ZKW3DX9
DALETU	DALETU	amazon.ca	HTTPS://WWW.AMAZON.CA/DALETU-DIATOMACEOUS-BATHROOM-NON-SLIP-DIATOMITE/DP/B0CYKNSTST
DAMEIOL	DAMEIOL	amazon.ca	HTTPS://WWW.AMAZON.CA/PL18-B-FFP-REPLACEMENT-FLUORESCENT-5500K-DAYLIGHT/DP/B0CFHLWTZF
DAMOTK	DAMOTK	amazon.ca	HTTPS://WWW.AMAZON.CA/FLASHING-SUPPLIES-BIRTHDAY-WEDDINGS-DECORATIONS/DP/B0B4CKXD1M
DAMSIMZ	DAMSIMZ	amazon.ca	HTTPS://WWW.AMAZON.CA/DAMSIMZ-REPLACEMENT-CLEANING-HARDWOOD-FLOORS/DP/B0G5MZQT68
DAMUKOO	DAMUKOO	amazon.ca	HTTPS://WWW.AMAZON.CA/GARDEN-HOLDER-SHEPHERDS-POLE-OUTDOOR-LIGHTS-MINI/DP/B099RZ7KJ8
DAMYNUO	DAMYNUO	amazon.ca	HTTPS://WWW.AMAZON.CA/DAMYNUO-UNDER-BED-STORAGE-WHEELS/DP/B0CKT7QK8D
DAMYNUO	DAMYNUO	amazon.ca	HTTPS://WWW.AMAZON.CA/ORGANIZER-REFRIGERATOR-ORGANIZING-CONTAINERS-ORGANIZERS/DP/B0CMHLDZ9P
DAMYTROSO	DAMYTROSO	amazon.ca	HTTPS://WWW.AMAZON.CA/DAMYTROSO-MALE-MANNEQUIN-ADJUSTABLE-CLOTHING/DP/B0CZS764MJ
DANAXU	DANAXU	amazon.ca	HTTPS://WWW.AMAZON.CA/STORES/DANAXU/PAGE/FDE8EE78-1D6A-4FC7-A11B-54AC5214E227
DANGGEOI	DANGGEOI	amazon.ca	HTTPS://WWW.AMAZON.CA/DANGGEOI-HAND-WOVEN-HANDWOVEN-CHANDELIERS-FARMHOUSE/DP/B097F52QSR
DANKELER	DANKELER	amazon.ca	HTTPS://WWW.AMAZON.CA/DANKELER-HANDLEBAR-ADJUSTABLE-TRICYCLE-MERMAID/DP/B0D17L13FT
DANMITEX	DANMITEX	amazon.ca	HTTPS://WWW.AMAZON.CA/DANMITEX-2-16X16-DOWN-FEATHER-PILLOW-INSERTS-COTTON/DP/B07FQKT752
DANSWAN	DANSWAN	amazon.ca	HTTPS://WWW.AMAZON.CA/DANSWAN-LEOTARDS-GYMNASTIC-BODYSUIT-LEOTARD/DP/B0CL7DKDK7
DANXUE	DANXUE	amazon.ca	HTTPS://WWW.AMAZON.CA/DANXUE-COCKTAIL-EVENING-WEDDING-DRESSES/DP/B0BKLQMNVM
DAOGTC	DAOGTC	amazon.ca	HTTPS://WWW.AMAZON.CA/DAOGTC-METAL-BUTTERFLY-WALL-DECOR/DP/B0CXD3BSS7
DAOMAER	DAOMAER	amazon.ca	HTTPS://WWW.AMAZON.CA/DAOMAER-SCRAPER-DOORMAT-WATERPROOF-19-5X39-5/DP/B0CDTSPD3R
DAOMONG	DAOMONG	amazon.ca	HTTPS://WWW.AMAZON.CA/DAOMONG-MOUNTED-SINGLE-HANGING-JEWELRY/DP/B09MKKGLQ7
DAONSUTY	DAONSUTY	amazon.ca	HTTPS://WWW.AMAZON.CA/DAONSUTY-EXTENDER-UNIVERSAL-PLASTIC-ANTI-SLIP/DP/B0G7KPKCVC
DAPHCOO	DAPHCOO	amazon.ca	HTTPS://WWW.AMAZON.CA/DAPHCOO-ESSENTIAL-ROLLER-BOTTLES-LABELS/DP/B078WRLSKB
DARAEKJ	DARAEKJ	amazon.ca	HTTPS://WWW.AMAZON.CA/DARAEKJ-WATERPROOF-REUSABLE-SILICONE-MEN5-6-5/DP/B0BM3DXT3B
DAREFLOW	DAREFLOW	amazon.ca	HTTPS://WWW.AMAZON.CA/DAREFLOW-ULTRASONIC-COMMERCIAL-INDUSTRIAL-AUTOMOTIVE/DP/B07RBFQFHC
DAREFLOW	DAREFLOW	amazon.ca	HTTPS://WWW.AMAZON.CA/STORES/DAREFLOW/PAGE/4E0A2714-4021-4D9E-BA2A-485877A730E3
DAREKUKU	DAREKUKU	amazon.ca	HTTPS://WWW.AMAZON.CA/DAREKUKU/B/REF=BL_DP_S_MW_118563604011?IE=UTF8&NODE=118563604011&FIELD-LBR_BRANDS_BROWSE-BIN=DAREKUKU
DARHOO	DARHOO	amazon.ca	HTTPS://WWW.AMAZON.CA/KEYBOARD-EXTENDED-RESISTANT-MOUSEPAD-PROTECTOR/DP/B08SHFXYQK
DARHOO	DARHOO	amazon.ca	HTTPS://WWW.AMAZON.CA/LOOFAH-SHOWER-BATHTUB-BATHROOM-SENIORS/DP/B0BGPFMYM2
DARHOO	DARHOO	amazon.ca	HTTPS://WWW.AMAZON.CA/SHOWER-BATHTUB-TEXTURED-WASHABLE-BATHROOM/DP/B09PH3RMR2
DASEYYUE	DASEYYUE	amazon.ca	HTTPS://WWW.AMAZON.CA/DASEYYUE-12-THICKNESS-SCRATCHES-PROTECTIVE/DP/B09G1YNH3H
DASLEO	DASLEO	amazon.ca	HTTPS://WWW.AMAZON.CA/DASLEO-WIRE-ROPE-STAINLESS-WATERPROOF/DP/B08BCQWV1K
DASTOEJI	DASTOEJI	amazon.ca	HTTPS://WWW.AMAZON.CA/DASTOEJI-TABLECLOTH-12X108INCH-54X108INCH-DECORATIONS/DP/B09KTNL4SS
DASTOEJI	DASTOEJI	amazon.ca	HTTPS://WWW.AMAZON.CA/DASTOEJI-PLACEMATS-MACRAME-TASSELS-CHRISTMAS/DP/B09PHFQXYM
DATIMIRA	DATIMIRA	amazon.ca	HTTPS://WWW.AMAZON.CA/DATIMIRA-COMPATIBLE-POPSOCKET-COLLAPSIBLE-STARLIGHT/DP/B0BD4HSX6Y
DATIMIRA	DATIMIRA	amazon.ca	HTTPS://WWW.AMAZON.CA/DATIMIRA-COMPATIBLE-POPSOCKET-MAGNETIC-DESIGNED/DP/B0B1LXWG2T
DATIMIRA	DATIMIRA	amazon.ca	HTTPS://WWW.AMAZON.CA/DATIMIRA-COMPATIBLE-POPSOCKET-MAGNETIC-BASE%E3%80%90BASE/DP/B0B1M3SXMY
DATOXIA	DATOXIA	amazon.ca	HTTPS://WWW.AMAZON.CA/DATOXIA-CARTOON-WATERPROOF-ACCESSORIES-SILICONE/DP/B0BZ4QYPY2
DAUFRI	DAUFRI	amazon.ca	HTTPS://WWW.AMAZON.CA/LIGHTS-CHANGING-WATERPROOF-CONTROLLER-BEDROOM/DP/B08385PDD1
DAVIDNILE	DAVIDNILE	amazon.ca	HTTPS://WWW.AMAZON.CA/DAVIDNILE/S?K=DAVIDNILE
DAVIDNILE	DAVIDNILE	amazon.ca	HTTPS://WWW.AMAZON.CA/CANVAS-SLING-BAG-CROSSBODY-16-15ARMY/DP/B08BJYSH1X
DAZOSUE	DAZOSUE	amazon.ca	HTTPS://WWW.AMAZON.CA/STORES/DAZOSUE/PAGE/19F81BFA-AD3C-4E23-B701-E94B27A26BF4
DAZZYD	DAZZYD	amazon.ca	HTTPS://WWW.AMAZON.CA/MULTIPURPOSE-10-PIECE-MULTI-MATERIAL-DRILLING-CONCRETE/DP/B07DGYFPVV
DB1800SV	DB1800SV	amazon.ca	HTTPS://WWW.AMAZON.CA/BLACK-DECKER-DB1800SV-BUSTER-VACUUM/DP/B014UVBX0A
DBASSINGER	DBASSINGER	amazon.ca	HTTPS://WWW.AMAZON.CA/WIRELESS-DBASSINGER-CHARGING-WINDSHIELD-DASHBOARD/DP/B0C27XCJCB
DBASSINGER	DBASSINGER	amazon.ca	HTTPS://WWW.AMAZON.CA/ANTIQUE-SHAKYAMUNI-SITTING-DECORATION-MEDITATION/DP/B092QLJ66W
DBNAU	DBNAU	amazon.ca	HTTPS://WWW.AMAZON.CA/DBNAU-COMPARTMENT-WEEKENDER-WATERPROOF-BACKPACKS/DP/B0C9Q4CGQT
DCDFMN	DCDFMN	amazon.ca	HTTPS://WWW.AMAZON.CA/CEILING-CONTROL-DIMMABLE-LIGHTING-BLADELESS/DP/B09VB1VV9Q
DCEYAOR	DCEYAOR	amazon.ca	HTTPS://WWW.AMAZON.CA/DCEYAOR-CLEAR-MINI-CAKE-BOXES/DP/B08YVBWRJX
DCEYAOR	DCEYAOR	amazon.ca	HTTPS://WWW.AMAZON.CA/PLASTIC-CUPCAKE-EGG-YOLK-MOONCAKE-CONTAINER/DP/B08YVKNPSD
DCIAER	DCIAER	amazon.ca	HTTPS://WWW.AMAZON.CA/DCIAER-COMMUNICATION-RECORDABLE-TRAINING-BATTERIES/DP/B0CFV6Y1G6
DCSTA	DCSTA	amazon.ca	HTTPS://WWW.AMAZON.CA/STORES/DCSTA/%E4%B8%BB%E9%A1%B5/PAGE/4588C487-6FC5-4666-8E60-B43DE3A0395E
DCSTA	DCSTA	amazon.ca	HTTPS://WWW.AMAZON.CA/DCSTA-THROW-PILLOW-INSERTS-SQUARE/DP/B0CQFV9HQY
DCSTA	DCSTA	amazon.ca	HTTPS://WWW.AMAZON.CA/DCSTA-24X24-PILLOW-INSERTS-SET/DP/B0CQFTZQXV
DDEAT	DDEAT	amazon.ca	HTTPS://WWW.AMAZON.CA/DDEAT-WEDDING-DISPLAY-PORTABLE-ADJUSTABLE/DP/B09NPMW78C
DDLLDESHI	DDLLDESHI	amazon.ca	HTTPS://WWW.AMAZON.CA/DDLLDESHI-CEILING-COASTAL-FANDELIER-ENCLOSED/DP/B0CMGW65CW
DDONGLAI	DDONGLAI	amazon.ca	HTTPS://WWW.AMAZON.CA/DDONGLAI-DIAMETER-TOURNAMENT-FOOSBALL-BALLS-GREAT/DP/B0968JJJLC
DEACIBER	DEACIBER	amazon.ca	HTTPS://WWW.AMAZON.CA/DEACIBER-FOLDING-PLASTIC-PORTABLE-OUTDOOR/DP/B09VZ1BXN8
DEANEEK	DEANEEK	amazon.ca	HTTPS://WWW.AMAZON.CA/DEANEEK-MECHANICAL-TENKEYLESS-HOT-SWAPPABLE-ULTRA-SLIM/DP/B0B24ZZTNN
DEANEEK	DEANEEK	amazon.ca	HTTPS://WWW.AMAZON.CA/DEANEEK-TYPEWRITER-MECHANICAL-KEYBOARD-KEYBOARDS/DP/B0B2175YNH
DEARBB	DEARBB	amazon.ca	HTTPS://WWW.AMAZON.CA/DEARBB-SPACING-30-11-77-36-PRESSURE-MOUNTED/DP/B0CNKLNSM6
DEBBTE	DEBBTE	amazon.ca	HTTPS://WWW.AMAZON.CA/DEBBTE-INDUSTRIAL-VINTAGE-PENDANT-LIGHTING/DP/B099DTQJ2M
DEBBTE	DEBBTE	amazon.ca	HTTPS://WWW.AMAZON.CA/DEBBTE-ELEGANT-PENDANT-LIGHTING-LAMPSHADE/DP/B09834GWB9
DEBEMENES	DEBEMENES	amazon.ca	HTTPS://WWW.AMAZON.CA/DEBEMENES-CHANDELIER-FARMHOUSE-ANTLERS-VINTAGE/DP/B0C131GMFZ
DEBRALL	DEBRALL	amazon.ca	HTTPS://WWW.AMAZON.CA/DEBRALL-PITCHING-BASEBALL-SOFTBALL-ADJUSTABLE/DP/B09PY18N1Y
DECFLO	DECFLO	amazon.ca	HTTPS://WWW.AMAZON.CA/DECFLO-CLEANING-ELECTRICAL-SWEEPING-REINFORCED/DP/B08GKL7BT1
DECILUD	DECILUD	amazon.ca	HTTPS://WWW.AMAZON.CA/DECILUD-DECIUD-OVERSIZED-BIKE-SEAT/DP/B0C5CM5YF1
DECOAIRCON	DECOAIRCON	amazon.ca	HTTPS://WWW.AMAZON.CA/DECOAIRCON-CONDENSATE-CONDITIONER-EFFECTIVELY-CONDENSATE/DP/B0BR6J4GL6
DECOAIRCON	DECOAIRCON	amazon.ca	HTTPS://WWW.AMAZON.CA/DECOAIRCON-ADJUSTABLE-VENTILATION-EXHAUST-DEFLECTOR/DP/B0BQTKYQLY
DECOAIRCON	DECOAIRCON	amazon.ca	HTTPS://WWW.AMAZON.CA/DECOAIRCON-ALUMINUM-RETURN-GRILLES-DIMENSIONS/DP/B0BR35ZLTL
DECOBOOK	DECOBOOK	amazon.ca	HTTPS://WWW.AMAZON.CA/DECORATIVE-COFFEE-DECORATION-SHELVES-BOOKSHELF/DP/B0B7Y29WZP
DECOCAR	DECOCAR	amazon.ca	HTTPS://WWW.AMAZON.CA/DECOCAR-CHAMELEON-VEHICLE-INSPECTION-PASSAGE/DP/B0BDLBQTF4
DECOLUSH	DECOLUSH	amazon.ca	HTTPS://WWW.AMAZON.CA/DECOLUSH-STAINLESS-STEEL-ESPRESSO-CUPS/DP/B09NNC9MRX
DECORLOVEE	DECORLOVEE	amazon.ca	HTTPS://WWW.AMAZON.CA/DECORLOVEE/B/REF=BL_DP_S_MW_38821172011?IE=UTF8&NODE=38821172011&FIELD-LBR_BRANDS_BROWSE-BIN=DECORLOVEE
DECSZDY	DECSZDY	amazon.ca	HTTPS://WWW.AMAZON.CA/CHARGER-PRECISION-INSPIRON-HA130PM130-DA130PM130/DP/B0DDCHX67B
DEDEBRLY	DEDEBRLY	amazon.ca	HTTPS://WWW.AMAZON.CA/DEDEBRLY-18-5-INCH-WALL-MOUNTED-BATHROOM-STAINLESS/DP/B0932FDC74
DEDEBRLY	DEDEBRLY	amazon.ca	HTTPS://WWW.AMAZON.CA/DEDEBRLY-16-INCHES-STAINLESS-BATHROOM-HANDRAIL/DP/B0932L6LWD
DEEKOUDT	DEEKOUDT	amazon.ca	HTTPS://WWW.AMAZON.CA/YES-TIME-STAINLESS-SLIDING-BATHROOM/DP/B07RYD3HG9
DEEKOUDT	DEEKOUDT	amazon.ca	HTTPS://WWW.AMAZON.CA/YES-TIME-COCKTAIL-REUSABLE-TOOTHPICKS/DP/B07Z5SJTGV
DEEPLAY	DEEPLAY	amazon.ca	HTTPS://WWW.AMAZON.CA/STORES/DEEPLAY/%E4%B8%BB%E9%A1%B5/PAGE/410C2F2C-C925-4E0A-857B-7E8A1B35EF09
DEERLY	DEERLY	amazon.ca	HTTPS://WWW.AMAZON.CA/STORES/DEERLY/PAGE/A63E47E0-2DA3-4240-BA1E-B22EE11736E0
DEFUAUKE	DEFUAUKE	amazon.ca	HTTPS://WWW.AMAZON.CA/DEFUAUKE-DUMBBELL-BRACELET-ADJUSTABLE-BLOODSTONE/DP/B0C8G2RHWB
DEGULAS	DEGULAS	amazon.ca	HTTPS://WWW.AMAZON.CA/DEGULAS-STAINLESS-MOUNTED-BATHROOM-KITCHEN/DP/B0CL6BH1RM
DEGULAS	DEGULAS	amazon.ca	HTTPS://WWW.AMAZON.CA/DEGULAS-BATHROOM-HARDWARE-PIECES-STAINLESS/DP/B0D8KZPDK3
DEGULAS	DEGULAS	amazon.ca	HTTPS://WWW.AMAZON.CA/DEGULAS-BATHROOM-HARDWARE-PIECES-STAINLESS/DP/B0DKNMY19W
DEGULAS	DEGULAS	amazon.ca	HTTPS://WWW.AMAZON.CA/BATHROOM-HARDWARE-STAINLESS-PIECES-TOILET/DP/B097B1YKSB
DEHASION	DEHASION	amazon.ca	HTTPS://WWW.AMAZON.CA/DEHASION-INFLATABLE-COSTUME-HALLOWEEN-BIRTHDAY/DP/B0CVNQR692
DEINTYEI	DEINTYEI	amazon.ca	HTTPS://WWW.AMAZON.CA/DEINTYEI-FOLDING-BLACKSTONE-ACCESSORIES-FOLDABLE/DP/B0CTCK57WS
DEIRIS	DEIRIS	amazon.ca	HTTPS://WWW.AMAZON.CA/DEIRIS-DUMBBELLS-TRAINING-ADJUSTABLE-STRENGTH/DP/B0D2NZCF5V
DEKODOTS	DEKODOTS	amazon.ca	HTTPS://WWW.AMAZON.CA/DEKODOTS-SMART-SPEAKER-TABLE-WAVING/DP/B07Y77DQNN
DEKOSILAVE	DEKOSILAVE	amazon.ca	HTTPS://WWW.AMAZON.CA/DEKOSILAVE-VEGETABLE-CANISTERS-CONTAINERS-AERATING/DP/B0DYHY3CSJ
DELAPRA	DELAPRA	amazon.ca	HTTPS://WWW.AMAZON.CA/DELAPRA-ANTI-SLIP-STABILITY-ADJUSTABLE-VIEWING/DP/B097Z15HMN
DELBOUTREE	DELBOUTREE	amazon.ca	HTTPS://WWW.AMAZON.CA/DELBOUTREE-REVERSIBLE-MICROFIBER-CORNER-CLOSURE/DP/B06XXBJQF6
DELFOY	DELFOY	amazon.ca	HTTPS://WWW.AMAZON.CA/DELFOY-FLOATING-HANGING-ORGANIZING-BATHROOM/DP/B08V8RZQXS
DELLEROSA	DELLEROSA	amazon.ca	HTTPS://WWW.AMAZON.CA/STORES/DELLEROSA/%E4%B8%BB%E9%A1%B5/PAGE/31DC2C98-B499-4620-B574-4DAFF1346FBC
DEMACIYA	DEMACIYA	amazon.ca	HTTPS://WWW.AMAZON.CA/DEMACIYA-PLANT-PLASTIC-DRAINAGE-DECORATIVE-PLANTERS/DP/B09XDPQQGX
DEOBATH	DEOBATH	amazon.ca	HTTPS://WWW.AMAZON.CA/DEOBATH/B/REF=BL_DP_S_MW_118590273011?IE=UTF8&NODE=118590273011&FIELD-LBR_BRANDS_BROWSE-BIN=DEOBATH
DEOBATH	DEOBATH	amazon.ca	HTTPS://WWW.AMAZON.CA/KITCHEN-DISPENSER-COUNTERTOP-ORGANIZER-BATHROOM/DP/B0CP79Q9M5
DEOU	DEOU	amazon.ca	HTTPS://WWW.AMAZON.CA/ULTRA-THIN-CLIPPERS-ANTI-SPLASH-STAINLESS-TRAVELING/DP/B0DQWNZ1SZ
DEOUKANA	DEOUKANA	amazon.ca	HTTPS://WWW.AMAZON.CA/DEOUKANA-CAR-TIRE-LETTER-STICKER/DP/B0827MHRFP
DEPHNES	DEPHNES	amazon.ca	HTTPS://WWW.AMAZON.CA/DEPHNES-APPROVED-TOILETRY-ESSENTIALS-ORGANIZER/DP/B0DMV8GC5L
DEPOZA	DEPOZA	amazon.ca	HTTPS://WWW.AMAZON.CA/DEPOZA-PACK-TRAVEL-BOTTLES-SET/DP/B0BZ418TWS
DERBAEEO	DERBAEEO	amazon.ca	HTTPS://WWW.AMAZON.CA/WASHER-COUNTERTOP-LAUNDRY-ORGANIZATION-MELAMINE/DP/B0D453KW76
DERIMIZZ	DERIMIZZ	amazon.ca	HTTPS://WWW.AMAZON.CA/DERIMIZZ-OVERSIZED-DESK-CUSHION-BUILT/DP/B081Q8VRTM
DERKRIY	DERKRIY	amazon.ca	HTTPS://WWW.AMAZON.CA/DERKRIY-WASHABLE-REUSABLE-NON-SLIP-WATERPROOF/DP/B09MZFPSJV
DERLOW	DERLOW	amazon.ca	HTTPS://WWW.AMAZON.CA/DERLOW-REFLECTIVE-BREATHABLE-ADJUSTABLE-PERSONALIZED/DP/B09CQH2F3S
DESINGWISH	DESINGWISH	amazon.ca	HTTPS://WWW.AMAZON.CA/STORES/DESINGWISH/HOMEPAGE/PAGE/A2561D47-6E6A-4603-814F-87890B7E31D7
DESKADIA	DESKADIA	amazon.ca	HTTPS://WWW.AMAZON.CA/DESKADIA-PROTECTOR-WATERPROOF-NON-SLIP-36X17X0-08IN/DP/B08CZY975C
DESKLOGICS	DESKLOGICS	amazon.ca	HTTPS://WWW.AMAZON.CA/STORES/DESKLOGICS/HOMEPAGE/PAGE/AB923E42-2C81-43EE-8EF0-8565320A86CC
DETECTTREK	DETECTTREK	amazon.ca	HTTPS://WWW.AMAZON.CA/PROFESSIONAL-WATERPROOF-EXCLUSIVE-SENSITIVITY-Z100/DP/B0CH7QGX5K
DETULSEOR	DETULSEOR	amazon.ca	HTTPS://WWW.AMAZON.CA/DETULSEOR-REPLACEMENT-APARTMENTS-INSTALLATION-CONNECTION/DP/B0CZL9N7LC
DEVANZU	DEVANZU	amazon.ca	HTTPS://WWW.AMAZON.CA/DEVANZU-KITCHEN-FAUCET-STAINLESS-SPRAYER/DP/B08FX143G9
DEVOKIMI	DEVOKIMI	amazon.ca	HTTPS://WWW.AMAZON.CA/DEVOKIMI-ORGANIZER-ORGANIZATION-ORGANIZERS-COUNTERTOP/DP/B0CRYXVD79
DEVONLOSKY	DEVONLOSKY	amazon.ca	HTTPS://WWW.AMAZON.CA/DEVONLOSKY-NON-SLIP-FRIENDLY-EXERCISE-CARRYING/DP/B08LKCTXSG
DEWQKI	DEWQKI	amazon.ca	HTTPS://WWW.AMAZON.CA/DEWQKI-BATTERY-COMPATIBLE-OP4050A-INDICATOR/DP/B0C19ZMRQG
DEWQKI	DEWQKI	amazon.ca	HTTPS://WWW.AMAZON.CA/DEWQKI-REPLACEMENT-COMPATIBLE-48-11-2401-48-11-2402/DP/B0BHMNM7FG
DFACIO	DFACIO	amazon.ca	HTTPS://WWW.AMAZON.CA/VEGETABLE-SCRUBBER-FLEXIBLE-BRISTLES-CARROTS/DP/B09DWN6V7W
DFGRENGNESS	DFGRENGNESS	amazon.ca	HTTPS://WWW.AMAZON.CA/ADHESIVE-MOUNTING-SELF-ADHESIVE-INCLUDED-RECTANGULAR/DP/B0CNPTHSLT
DFGRENGNESS	DFGRENGNESS	amazon.ca	HTTPS://WWW.AMAZON.CA/DOUBLE-SIDED-10FEET-0-8INCH-MOUNTING/DP/B0CXSZ4VN6
DGHILL	DGHILL	amazon.ca	HTTPS://WWW.AMAZON.CA/STORES/DGHILL/PAGE/42D39606-D21D-49ED-A631-137BF9FC1010
DGSROOM	DGSROOM	amazon.ca	HTTPS://WWW.AMAZON.CA/DGSROOM-COMPATIBLE-CELLPHONE-HANDS-FREE-ACCESSORY/DP/B0CKT7NJKS
DGVR	DGVR	amazon.ca	HTTPS://WWW.AMAZON.CA/DGVR-PORTABLE-TACTICAL-SHOTGUN-FISHING/DP/B08L32GTCB
DGWERKO	DGWERKO	amazon.ca	HTTPS://WWW.AMAZON.CA/DGWERKO-PRACTICE-DRIVING-OUTDOOR-TRAINING/DP/B0CMXZJG1Z
DHWEBWLP	DHWEBWLP	amazon.ca	HTTPS://WWW.AMAZON.CA/OCARINA-INSTRUMENT-BEGINNER-CERAMIC-ICE-CRACK/DP/B09WQDPW49
DIAIARY	DIAIARY	amazon.ca	HTTPS://WWW.AMAZON.CA/VARIABLE-ADJUSTABLE-SWICHING-REGULATED-4-DIGITS/DP/B0C17NLZNH
DIARI	DIARI	amazon.ca	HTTPS://WWW.AMAZON.CA/DIARI/DP/8804722010
DIBIKOU	DIBIKOU	amazon.ca	HTTPS://WWW.AMAZON.CA/DIBIKOU/B/REF=BL_DP_S_MW_19762560011?IE=UTF8&NODE=19762560011&FIELD-LBR_BRANDS_BROWSE-BIN=DIBIKOU
DICAO	DICAO	amazon.ca	HTTPS://WWW.AMAZON.CA/STORES/DICAO/%E4%B8%BB%E9%A1%B5/PAGE/EB9D10D4-B7E7-430D-82BF-EF39247C9837
DICLAVUS	DICLAVUS	amazon.ca	HTTPS://WWW.AMAZON.CA/DICLAVUS-CLEAR-STORAGE-ZIPPER-24X20X11/DP/B07YK6Z8GJ
DICOBEE	DICOBEE	amazon.ca	HTTPS://WWW.AMAZON.CA/DICOBEE-SCRUBBER-ORGANIC-PEDICURE-EXFOLIATION/DP/B08G48R5NQ
DIDO	DIDO	amazon.ca	HTTPS://WWW.AMAZON.CA/DIDO/S?K=DIDO
DIERTUDMY	DIERTUDMY	amazon.ca	HTTPS://WWW.AMAZON.CA/DIERTUDMY-REPLACEMENT-COMPLETE-PHILIPS-NORELCO/DP/B0CLXM6QHL
DIERTUDMY	DIERTUDMY	amazon.ca	HTTPS://WWW.AMAZON.CA/DIERTUDMY-SHAVER-REPLACEMENT-5090CC-5197CC/DP/B0CZCTW58T
DIERTUDMY	DIERTUDMY	amazon.ca	HTTPS://WWW.AMAZON.CA/DIERTUDMY-REPLACEMENT-PHILIPS-NORELCO-SHAVING/DP/B0D22GWZJK
DIERTUDMY	DIERTUDMY	amazon.ca	HTTPS://WWW.AMAZON.CA/DIERTUDMY-REPLACEMENT-PANASONIC-WES9087-ES-GA21S/DP/B0CYLHHKS6
DIERTUDMY	DIERTUDMY	amazon.ca	HTTPS://WWW.AMAZON.CA/DIERTUDMY-COMPLETE-REPLACEMENT-PHILIPS-SHAVERS/DP/B0CZ94ND51
DIFOO	DIFOO	amazon.ca	HTTPS://WWW.AMAZON.CA/DIFOO-MONOCULAR-TELESCOPE-SMARTPHONE-TELESCOPIC/DP/B08XQ32894
DIGCREAT	DIGCREAT	amazon.ca	HTTPS://WWW.AMAZON.CA/DIGCREAT-WATERPROOF-DECORATIVE-STARBURST-CHRISTMAS/DP/B08P37C3FK
DIKACA	DIKACA	amazon.ca	HTTPS://WWW.AMAZON.CA/DIKACA-REUSABLE-ERASABLE-WHITEBOARD-MULTIPURPOSE/DP/B0FRRTW6HY
DIKUYEEL	DIKUYEEL	amazon.ca	HTTPS://WWW.AMAZON.CA/DIKUYEEL-GARDEN-DIGGING-SPADING-GARDENING/DP/B0CD7L33FF
DIKUYEEL	DIKUYEEL	amazon.ca	HTTPS://WWW.AMAZON.CA/DIKUYEEL-GARDEN-SHOVEL-DIGGING-GARDENING/DP/B0CQQGBPR4
DIKUYEEL	DIKUYEEL	amazon.ca	HTTPS://WWW.AMAZON.CA/DIKUYEEL-TRENCH-DIGGING-TRENCHING-FIBERGLASS/DP/B0CR9Y6JTF
DIKUYEEL	DIKUYEEL	amazon.ca	HTTPS://WWW.AMAZON.CA/DIKUYEEL-56-INCH-HEAVY-DUTY-DIGGING-SHOVEL/DP/B0CD7F7JS5
DILEASIR	DILEASIR	amazon.ca	HTTPS://WWW.AMAZON.CA/DILEASIR-ORGANIZERS-ORGANIZATION-MULTI-PURPOSE-ORGANIZER/DP/B0C594Q8Y6
DILISS	DILISS	amazon.ca	HTTPS://WWW.AMAZON.CA/DILISS-WALKIE-TALKIES-ACTIVATED-ADULTS/DP/B07KXL29JT
DILISS	DILISS	amazon.ca	HTTPS://WWW.AMAZON.CA/DILISS-WALKIE-TALKIES-ACTIVATED-ADULTS/DP/B07GZTY6K2
DILITT	DILITT	amazon.ca	HTTPS://WWW.AMAZON.CA/DILITT-CONTROLLERS-REPLACEMENT-COMPATIBLE-SCREENSHOT/DP/B0CYYB682P
DIMERRYI	DIMERRYI	amazon.ca	HTTPS://WWW.AMAZON.CA/DIMERRYI-REFLECTIVE-WATERPROOF-WINDPROOF-WEATHER/DP/B08LB826DT
DIMERRYI	DIMERRYI	amazon.ca	HTTPS://WWW.AMAZON.CA/DIMERRYI-INTERACTIVE-ENCOURAGES-FORAGING-DISPENSER/DP/B08R9XK5M1
DINKHIIRO	DINKHIIRO	amazon.ca	HTTPS://WWW.AMAZON.CA/PICKLEBALL-PADDLES-SET-FIBERGLASS-PICKLE-BALL-DINKHIIRO-ACCESSORIES/DP/B0BCKFYLDX
DINKHIIRO	DINKHIIRO	amazon.ca	HTTPS://WWW.AMAZON.CA/PICKLE-BALL-PADDLE-SET-FIBERGLASS-PICKLEBALL-DINKHIIRO-ACCESSORIES/DP/B0C22NGXYQ
DIODIVA	DIODIVA	amazon.ca	HTTPS://WWW.AMAZON.CA/STORES/DIODIVA/PAGE/DB482D96-67A2-4AF8-9658-5687972DB3C4
DIOLUSUS	DIOLUSUS	amazon.ca	HTTPS://WWW.AMAZON.CA/AUTOMATIC-SHUFFLER-ELECTRONIC-SHUFFLING-OPERATED/DP/B09C8HN2LK
DIOPHSO	DIOPHSO	amazon.ca	HTTPS://WWW.AMAZON.CA/DIOPHSO-MAGNETIC-BUILDING-EXQUISITE-EDUCATIONAL/DP/B0CYZLQ6C3
DIOVMA	DIOVMA	amazon.ca	HTTPS://WWW.AMAZON.CA/DIOVMA-TAPESTRY-BLANKET-LIVING-BEDROOM/DP/B09H4JJWYN
DIPMOTOR	DIPMOTOR	amazon.ca	HTTPS://WWW.AMAZON.CA/DIPMOTOR/S?K=DIPMOTOR
DIRDUAID	DIRDUAID	amazon.ca	HTTPS://WWW.AMAZON.CA/CONTROLLER-FC300V0300-D-MULTIFUNCTIONAL-TRANSFORMER-VOLTAGE/DP/B09MVLNN2Y
DIRDUAID	DIRDUAID	amazon.ca	HTTPS://WWW.AMAZON.CA/LIGHTING-SPLITTER-CONNECTORS-DECORATION-INSTALLATION/DP/B0BNLKQ5PF
DIRNATEL	DIRNATEL	amazon.ca	HTTPS://WWW.AMAZON.CA/DIRNATEL-ELECTRIC-NIBBLER-ATTACHMENT-VARIABLE/DP/B0BN5KQ485
DISCLIVING	DISCLIVING	amazon.ca	HTTPS://WWW.AMAZON.CA/STORES/DISCLIVING/HOMEPAGE/PAGE/6ACE6C5E-1A1D-409A-9FC6-9A0F55975715
DISCONANO	DISCONANO	amazon.ca	HTTPS://WWW.AMAZON.CA/DISCONANO-WATERPROOF-FUNCTION-EXCURSION-RAINPROOF/DP/B00Y42CPNA
DISFAT	DISFAT	amazon.ca	HTTPS://WWW.AMAZON.CA/DISFAT-ERGONOMIC-ADJUSTABLE-FOOTSTOOL-UNDER-TABLE/DP/B0CGTZGYN3
DISFORE	DISFORE	amazon.ca	HTTPS://WWW.AMAZON.CA/GLOVES-RUBBER-WATERPROOF-DISHWASHING-COMFORTABLE/DP/B0B5TTJCNS
DISNXOO	DISNXOO	amazon.ca	HTTPS://WWW.AMAZON.CA/DISNXOO-SLEEVE-T-SHIRT-FITTED-CASUAL/DP/B0BW4TM1SK
DISNXOO	DISNXOO	amazon.ca	HTTPS://WWW.AMAZON.CA/WALLET-FLOWER-TRIFOLD-LEATHER-POCKET/DP/B0BVR9B3FQ
DITTOVEN	DITTOVEN	amazon.ca	HTTPS://WWW.AMAZON.CA/DITTOVEN-FOLDING-DINNER-ADJUSTABLE-HEIGHTS/DP/B0F1FVYH43
DIVESAIL	DIVESAIL	amazon.ca	HTTPS://WWW.AMAZON.CA/YOOXOR-DIVESAIL-NEOPRENE-SWIMSUIT-PROTECTION/DP/B08VNWBNVK
DIXSXUSU	DIXSXUSU	amazon.ca	HTTPS://WWW.AMAZON.CA/DIXSXUSU-MINIMALIST-WALLET-WATERRESISTANT-KEYCHAIN/DP/B0CJLDSQTD
DIYMALL	DIYMALL	amazon.ca	HTTPS://WWW.AMAZON.CA/STORES/DIYMALL/PAGE/5FB29156-F3A3-417A-BAAE-0436C407A5B5
DIZYWIEE	DIZYWIEE	amazon.ca	HTTPS://WWW.AMAZON.CA/2-PACK-GOGGLES-SNOWBOARD-WINTER-SPORTS/DP/B09H9H2D84
DIZYWIEE	DIZYWIEE	amazon.ca	HTTPS://WWW.AMAZON.CA/DIZYWIEE-SOLUTION-EFFECTIVE-ADJUSTABLE-BREATHABLE/DP/B0CB8MNQPC
DJDLPARTY	DJDLPARTY	amazon.ca	HTTPS://WWW.AMAZON.CA/GIRLS-BUTTERFLY-WINGS-COSTUME-HEADBAND/DP/B0CH5HBZS2
DKQFOO	DKQFOO	amazon.ca	HTTPS://WWW.AMAZON.CA/WRITING-TABLET-COLORFUL-DOODLE-DRAWING/DP/B09SWQNMN1
DKRAYSHION	DKRAYSHION	amazon.ca	HTTPS://WWW.AMAZON.CA/DKRAYSHION-PERSONALIZED-DECORATIONS-DECORATIVE-DIRECTIONAL/DP/B0BC12BNWF
DKRAYSHION	DKRAYSHION	amazon.ca	HTTPS://WWW.AMAZON.CA/DKRAYSHION-PERSONALIZED-WEEDING-DECORATION-RECTANGULAR/DP/B0B45LCKGF
DKRAYSHION	DKRAYSHION	amazon.ca	HTTPS://WWW.AMAZON.CA/DKRAYSHION-PERSONALIZED-CUSTOM-CUSTOM-ANNIVERSARY/DP/B0BBQY5LVF
DKXZWL	DKXZWL	amazon.ca	HTTPS://WWW.AMAZON.CA/DKXZWL-EMBROIDERED-AMERICA-MERCHANDISE-HAT-KEEP-BLACK/DP/B09SY8N7GD
DLBVFOY	DLBVFOY	amazon.ca	HTTPS://WWW.AMAZON.CA/DLBVFOY-SUCKING-VOMITING-DECOMPRESSION-SQUEEZE/DP/B0B8MR58H7
DLZRF	DLZRF	amazon.ca	HTTPS://WWW.AMAZON.CA/DLZRF-CARTOON-COSPLAY-AMERICAN-ANIMATION/DP/B09YVC8J4R
DMDMBATH	DMDMBATH	amazon.ca	HTTPS://WWW.AMAZON.CA/STORES/DMDMBATH/PAGE/0368B89E-0375-40F1-B5FB-C0B4FFD25E0E
DMMBMFC	DMMBMFC	amazon.ca	HTTPS://WWW.AMAZON.CA/DMMBMFC-VINYL-SIDING-REMOVAL-TOOL/DP/B0CDGQVTGW
DNWRZBF	DNWRZBF	amazon.ca	HTTPS://WWW.AMAZON.CA/DNWRZBF-BACKPACK-WATERPROOF-HUNTING-CAPACITY/DP/B0CN1WPY3X
DOBEGARDEN	DOBEGARDEN	amazon.ca	HTTPS://WWW.AMAZON.CA/DOBEGARDEN-FOLDING-ASSEMBLY-REQUIRED-BEDROOM/DP/B0CNXSQT6N
DOBEWOW	DOBEWOW	amazon.ca	HTTPS://WWW.AMAZON.CA/VDP/001131C7F0DA4C8E85F9B137DE4825FB?_ENCODING=UTF8&PD_RD_W=YXSOE&CONTENT-ID=AMZN1.SYM.FE50A602-B960-462C-B471-08A0FC06441F&PF_RD_P=FE50A602-B960-462C-B471-08A0FC06441F&PF_RD_R=S8G5DDWJZR8ASFSS2V01&PD_RD_WG=4FAT2&PD_RD_R=8EA89071-9226-4D1A-A7B9-29203B6533C6
DOBVDLA	DOBVDLA	amazon.ca	HTTPS://WWW.AMAZON.CA/DOBVDLA-CONVERTER-12V-15A-SHORT-CIRCUIT/DP/B0DQTP6DCV
DOCALON	DOCALON	amazon.ca	HTTPS://WWW.AMAZON.CA/DOCALON-AH085-PRE-FILTER-COMPATIBLE-ALLERGIES/DP/B0F431PKDQ
DOCOJUCL	DOCOJUCL	amazon.ca	HTTPS://WWW.AMAZON.CA/DOCOJUCL-BATHROOM-ORGANIZER-HARDWARE-ACCESSORIES/DP/B0C36659L3
DODOCOCA	DODOCOCA	amazon.ca	HTTPS://WWW.AMAZON.CA/DODOCOCA-GLASSES-SHAKING-COSTUME-NOVELTY/DP/B0D8VDV9HL
DODODIY	DODODIY	amazon.ca	HTTPS://WWW.AMAZON.CA/DODODIY-ASSORTMENT-EXTENSION-COMPRESSION-PROJECTS/DP/B09P2WH7BP
DOFOWOT	DOFOWOT	amazon.ca	HTTPS://WWW.AMAZON.CA/DOFOWOT-ORGANIZER-CONSOLE-ORGANISER-LEATHER/DP/B0BN9GT6HY
DOHOMI	DOHOMI	amazon.ca	HTTPS://WWW.AMAZON.CA/PICTURE-DISPLAY-PICTURES-WITHOUT-TABLETOP/DP/B09B8317ZW
DOHUSPLE	DOHUSPLE	amazon.ca	HTTPS://WWW.AMAZON.CA/DOHUSPLE-STEERING-ANTI-THEFT-ANTITHEFT-LOCKING/DP/B0BNLXX127
DOKSMERIA	DOKSMERIA	amazon.ca	HTTPS://WWW.AMAZON.CA/DOKSMERIA-CHAINSAW-RESISTANT-COMPATIBLE-HUSQVARNA/DP/B0BX9KXMR3
DOLETAITAN	DOLETAITAN	amazon.ca	HTTPS://WWW.AMAZON.CA/DOLETAITAN-D-TR-01-TRUNDLE-BED-FRAME/DP/B0CXSQBPK7
DOLPIET	DOLPIET	amazon.ca	HTTPS://WWW.AMAZON.CA/ENRICHMENT-DOLPIET-INTERACTIVE-TRAINING-PUPPIES/DP/B09CL9LCV9
DONBALA	DONBALA	amazon.ca	HTTPS://WWW.AMAZON.CA/DONBALA-RECHARGEABLE-CENTERPIECE-WEDDING-DECORATION/DP/B01LZLV30E
DONBICENTENARIO	DONBICENTENARIO	amazon.ca	HTTPS://WWW.AMAZON.CA/GINGER-CUNT-FUNNY-COFFEE-DONBICENTENARIO/DP/B01MZH2KBO
DONDOFLA	DONDOFLA	amazon.ca	HTTPS://WWW.AMAZON.CA/DONDOFLA-SPEEDOMETER-AUTOMATIC-MULTI-FUNCTIONS-BACKLOGHT/DP/B0DJZFFPVT
DONGERMAER	DONGERMAER	amazon.ca	HTTPS://WWW.AMAZON.CA/DONGERMAER-REPLACEMENT-HALLOWEEN-INFLATABLES-INFLATABLE/DP/B0FJLTZFCN
DONGERMAER	DONGERMAER	amazon.ca	HTTPS://WWW.AMAZON.CA/DONGERMAER-REPLACEMENT-FAN-BLOWER-DECORATIONS/DP/B0B9131LG2
DONPEARL	DONPEARL	amazon.ca	HTTPS://WWW.AMAZON.CA/DONPEARL-SILICONE-COUNTER-STOVETOP-COUNTERTOP/DP/B0CJF6WHC3
DOOGAXOO	DOOGAXOO	amazon.ca	HTTPS://WWW.AMAZON.CA/DOOGAXOO-CLIPPERS-MANICURE-PEDICURE-KIDS-GREEN/DP/B08DFVT5XC
DOOICLEAR	DOOICLEAR	amazon.ca	HTTPS://WWW.AMAZON.CA/DOOICLEAR/B/REF=BL_DP_S_MW_121170009011?IE=UTF8&NODE=121170009011&FIELD-LBR_BRANDS_BROWSE-BIN=DOOICLEAR
DOOZX	DOOZX	amazon.ca	HTTPS://WWW.AMAZON.CA/DOOZX-FENCE-ANIMAL-BARRIER-DECORATIVE/DP/B0BPXPSMR4
DORBETAR	DORBETAR	amazon.ca	HTTPS://WWW.AMAZON.CA/DORBETAR-6X-04-PCS-SEWING-THEADS/DP/B0DJ88YQ6R
DOREAMALOE	DOREAMALOE	amazon.ca	HTTPS://WWW.AMAZON.CA/DOREAMALOE-CLASSIC-SHOULDER-HANDBAG-CLOSURE/DP/B08KFLV844
DORNANEN	DORNANEN	amazon.ca	HTTPS://WWW.AMAZON.CA/DORNANEN-CAT-RETRO-TIN-SIGNS/DP/B0B4FT5N3Z
DORTALA	DORTALA	amazon.ca	HTTPS://WWW.AMAZON.CA/STORES/DORTALA/PAGE/4551D104-2A08-4720-BFA5-7068BEA013E7
DOSUARUE	DOSUARUE	amazon.ca	HTTPS://WWW.AMAZON.CA/DOSUARUE-PACKAGE-INSPIRATIONAL-BLANKET-RECOVERY/DP/B0CBFF48LM
DOTANOT	DOTANOT	amazon.ca	HTTPS://WWW.AMAZON.CA/DOTANOT-FIXTURE-INDUSTRIAL-LIGHTING-BATHROOM/DP/B08SLYDWD8
DOWHUFUND	DOWHUFUND	amazon.ca	HTTPS://WWW.AMAZON.CA/DOWHUFUND-BATHROOM-ACCESSORIES-CURTAINS-NON-SLIP/DP/B09MD4DS4Y
DOYUEE	DOYUEE	amazon.ca	HTTPS://WWW.AMAZON.CA/TRAMPOLINE-12FT%EF%BC%8C126-8IN-10-56FT-SPRINGS-REPLACEMENT/DP/B0CSX8ZQHC
DOZZOPET	DOZZOPET	amazon.ca	HTTPS://WWW.AMAZON.CA/DOZZOPET-HAMSTER-ENRICHMENT-FORAGING-TREATS/DP/B09B1VLPBB
DPHGQGK	DPHGQGK	amazon.ca	HTTPS://WWW.AMAZON.CA/DPHGQGK-ADVENTURE-DEFINITION-VINTAGE-12X16INCH/DP/B09FGJ96RN
DPKIKO	DPKIKO	amazon.ca	HTTPS://WWW.AMAZON.CA/DPKIKO-REMOVAL-FASTENER-REMOVER-DASHBOARD/DP/B0BYNKZV4S
DPTHOUSE	DPTHOUSE	amazon.ca	HTTPS://WWW.AMAZON.CA/DPTHOUSE-ELECTRIC-BOILER-WARMER-STAINLESS/DP/B0711V3RWR
DQBAOKUAN	DQBAOKUAN	amazon.ca	HTTPS://WWW.AMAZON.CA/DQBAOKUAN-AROMATHERAPHY-ULTRASONIC-HUMIDIFIER-ADJUSTABLE/DP/B0B7HYHYGR
DQBAOKUAN	DQBAOKUAN	amazon.ca	HTTPS://WWW.AMAZON.CA/ESSENTIAL-AROMATHERAPY-ULTRASONIC-HUMIDIFIER-INTERMITTEN/DP/B09N6W35JZ
DQINLIT	DQINLIT	amazon.ca	HTTPS://WWW.AMAZON.CA/ELECTRIC-DOGS-TRAINING-DETERRENT-SHOCK/DP/B09T2PM793
DRAPHY	DRAPHY	amazon.ca	HTTPS://WWW.AMAZON.CA/DRAPHY-ANNIVERSARY-JOURNAL-COUPLES-ELEGANT/DP/B0CP9CBSMH
DRAVMOLA	DRAVMOLA	amazon.ca	HTTPS://WWW.AMAZON.CA/DRAVMOLA-PLANT-HANGER-INDOOR-HANGING/DP/B0C39W2GSG
DRCOHENSACUBALL	DRCOHENSACUBALL	amazon.ca	HTTPS://WWW.AMAZON.CA/STORES/DRCOHENSACUBALL/PAGE/BCC203B6-598E-4CF6-819E-42ED39414A50
DREALIN	DREALIN	amazon.ca	HTTPS://WWW.AMAZON.CA/MULTIFUNCTION-WORKTABLE-COMPOUND-DRILLING-330MM95MM/DP/B01MRIFLPO
DREAMSOAR	DREAMSOAR	amazon.ca	HTTPS://WWW.AMAZON.CA/DREAMSOAR-FASHION-CHIFFON-LIGHTWEIGHT-CARDIGANS/DP/B09W9RCGQ9
DREAMWENF	DREAMWENF	amazon.ca	HTTPS://WWW.AMAZON.CA/KITCHEN-MOUNTED-HANGING-UTENSILS-COOKWARE/DP/B095S44WCV
DREDQCCO	DREDQCCO	amazon.ca	HTTPS://WWW.AMAZON.CA/DREDQCCO-BLOODY-BODY-BAG-DRAWSTRINGS/DP/B0CBQHFC9G
DREDQCCO	DREDQCCO	amazon.ca	HTTPS://WWW.AMAZON.CA/FLOAT-VALVE-LIVESTOCK-CONTROLLED-ADJUSTABLE/DP/B0BXDQ7T2J
DREFURE	DREFURE	amazon.ca	HTTPS://WWW.AMAZON.CA/DREFURE-LATERAL-CABINET-FARMHOUSE-CABINETS/DP/B0FH1NJNYK
DREFURE	DREFURE	amazon.ca	HTTPS://WWW.AMAZON.CA/DREFURE-FARMHOUSE-BATHROOM-SIDEBOARD-ADJUSTABLE/DP/B0DLNJM8PD
DREFURE	DREFURE	amazon.ca	HTTPS://WWW.AMAZON.CA/DREFURE-4-DRAWER-LATERAL-FARMHOUSE-CABINETS/DP/B0DWJTMGC3
DREFURE	DREFURE	amazon.ca	HTTPS://WWW.AMAZON.CA/DREFURE-DRAWERS-SHELVES-DRESSING-LIGHTED/DP/B0F2T2Z5VF
DREFURE	DREFURE	amazon.ca	HTTPS://WWW.AMAZON.CA/DREFURE-STANDING-RECYCLING-NEGATIVE-DEODORIZING/DP/B0F4R575RQ
DREFURE	DREFURE	amazon.ca	HTTPS://WWW.AMAZON.CA/DREFURE-FARMHOUSE-EXECUTIVE-COMPUTER-WORKSTATION/DP/B0DTY58CJ8
DRFZCA	DRFZCA	amazon.ca	HTTPS://WWW.AMAZON.CA/DRFZCA-TRAINER-HALF-RESISTANCE-EXERCISE-STABILITY/DP/B0BX4V1B1P
DRFZCA	DRFZCA	amazon.ca	HTTPS://WWW.AMAZON.CA/DRFZCA-PICTURE-10-120LB-HARDWARE-SAWTOOTH/DP/B0CCS7GBYN
DRFZCA	DRFZCA	amazon.ca	HTTPS://WWW.AMAZON.CA/DRFZCA-BALANCE-TRAINER-IMPROVING-STRENGTH/DP/B0C3LRKYJ7
DRRAPETI	DRRAPETI	amazon.ca	HTTPS://WWW.AMAZON.CA/STORES/DRRAPETI/PAGE/A8AF41E4-2B2C-4209-B302-1356F94F01EB
DRSTARFUL	DRSTARFUL	amazon.ca	HTTPS://WWW.AMAZON.CA/DRSTARFUL-COUNTERTOP-DISPENSER-5-5LITRE-CONTAINER/DP/B0B9RLQG2C
DRYFEEDO	DRYFEEDO	amazon.ca	HTTPS://WWW.AMAZON.CA/DRYFEEDO-HEAVY-DUTY-BOAT-COVER/DP/B0BHHKYR3F
DRZHEAM	DRZHEAM	amazon.ca	HTTPS://WWW.AMAZON.CA/DRZHEAM-AUTOMATIC-ABDOMINAL-EXERCISE-EQUIPMENT/DP/B0D2RG2LGR
DRZHEAM	DRZHEAM	amazon.ca	HTTPS://WWW.AMAZON.CA/DRZHEAM-MULTIFUNCTIONAL-EXERCISE-EQUIPMENT-STRENGTHENER/DP/B0CF2PTDC9
DRZHEAM	DRZHEAM	amazon.ca	HTTPS://WWW.AMAZON.CA/DRZHEAM-ABDOMINAL-PINCH-PROOF-AUXILIARY-EQUIPMENT/DP/B09P6L6JQF
DSGSANO	DSGSANO	amazon.ca	HTTPS://WWW.AMAZON.CA/DSGSANO-AMP-POWER-OUTLET-BOX/DP/B09MFNJ7DZ
DSHXL	DSHXL	amazon.ca	HTTPS://WWW.AMAZON.CA/BATHROOM-NON-SLIP-WASHABLE-MICROFIBER-ABSORBENT/DP/B08PNTQVWD
DSKJOVIALITY	DSKJOVIALITY	amazon.ca	HTTPS://WWW.AMAZON.CA/DSKJOVIALITY-WALLPAPER-AIRPLANE-SELF-ADHESIVE-SUITABLE/DP/B0DC38WY34
DSKJOVIALITY	DSKJOVIALITY	amazon.ca	HTTPS://WWW.AMAZON.CA/DSKJOVIALITY-CUSTOM-WALLPAPER-APPLICABLE-CHILDRENS/DP/B0D9S3MQNT
DSKKWS	DSKKWS	amazon.ca	HTTPS://WWW.AMAZON.CA/ALUMINUM-LEATHER-NON-SLIP-PRECISION-ACCURATE/DP/B07KK4SKP3
DSPZGU	DSPZGU	amazon.ca	HTTPS://WWW.AMAZON.CA/DSPZGU-MICROWAVE-COVER-FOOD-ESSENTIALS/DP/B0CHYNC9RY
DSTHISAR	DSTHISAR	amazon.ca	HTTPS://WWW.AMAZON.CA/DSTHISAR-COMPATIBLE-CONVERTER-DIGITAL-CONNECTOR/DP/B07GVKZQBN
DSTHISAR	DSTHISAR	amazon.ca	HTTPS://WWW.AMAZON.CA/DSTHISAR-COMPATIBLE-ADAPTER-CONNECTOR-PROJECTOR/DP/B07FCJNH73
DSWINCE	DSWINCE	amazon.ca	HTTPS://WWW.AMAZON.CA/DSWINCE-UMBRELLA-WINDPROOF-AUTOMATIC-IMITATION/DP/B0CB1M484S
DSYGKBLZMDJ	DSYGKBLZMDJ	amazon.ca	HTTPS://WWW.AMAZON.CA/20X32INCH-PAINTING-PICTURES-MEDICINE-STRETCHED/DP/B09CGKDW1M
DTHLAY	DTHLAY	amazon.ca	HTTPS://WWW.AMAZON.CA/PRINTING-FUTHARK-PICTURES-PAINTING-20X28INCHX3PCS/DP/B08Y5S6LHC
DTJTOOY	DTJTOOY	amazon.ca	HTTPS://WWW.AMAZON.CA/DTJTOOY-ORGANIZER-OPENABLE-ACCESSORIES-CABINETS-BOX/DP/B0B517KGT5
DTTWACOYH	DTTWACOYH	amazon.ca	HTTPS://WWW.AMAZON.CA/DTTWACOYH-SUCTION-MACHINE-WASHABLE-BATHROOM/DP/B097D5NYKF
DTTWACOYH	DTTWACOYH	amazon.ca	HTTPS://WWW.AMAZON.CA/DTTWACOYH-STOREY-STORAGE-BEDROOM-ORGANISER/DP/B0BV9GJ6GH
DTTWACOYH	DTTWACOYH	amazon.ca	HTTPS://WWW.AMAZON.CA/DTTWACOYH-ORGANIZERS-STACKABLE-ORGANIZER-LIVINGROOM/DP/B09HSZDC1P
DUALMAXUV	DUALMAXUV	amazon.ca	HTTPS://WWW.AMAZON.CA/DUALMAXUV-BRYANT-CARRIER-REPLACEMENT-UVLXXRPL1020/DP/B085745GZW
DUBOFU	DUBOFU	amazon.ca	HTTPS://WWW.AMAZON.CA/DUBOFU-BULBS-FULL-SPECTRUM-EQUIVALENT/DP/B0CSFPPGMB
DUDHOIK	DUDHOIK	amazon.ca	HTTPS://WWW.AMAZON.CA/LIFEPO4-LITHIUM-MULTIPLE-PROTECTION-FUNCTIONS/DP/B0BX6MFSB7
DUDNJC	DUDNJC	amazon.ca	HTTPS://WWW.AMAZON.CA/DUDNJC-KNITTING-HANDMADE-ORGANIZER-CROCHETING/DP/B09DPSHWVH
DUDNJC	DUDNJC	amazon.ca	HTTPS://WWW.AMAZON.CA/DUDNJC-FUNCTIONS-RESPONSE-EMERGENCY-MULTITOOL/DP/B09J58DP6F
DUDNJC	DUDNJC	amazon.ca	HTTPS://WWW.AMAZON.CA/DUDNJC-BRACKET-SHEPHERDS-HEAVY-DUTY-LANTERNS/DP/B096P9JGGY
DUDNJC	DUDNJC	amazon.ca	HTTPS://WWW.AMAZON.CA/DUDNJC-6-5X10FT-RECTANGULAR-REPLACEMENT-RESISTANT/DP/B0CBWN6ZPC
DUDNJC	DUDNJC	amazon.ca	HTTPS://WWW.AMAZON.CA/DUDNJC-CERAMIC-SCULPTURE-TABLETOP-CONTAINER/DP/B09PGDX8BW
DUDNJC	DUDNJC	amazon.ca	HTTPS://WWW.AMAZON.CA/DUDNJC-DISPENSER-REFRIGERATOR-BEVERAGE-PORTABLE/DP/B09V2KCSFL
DUEATIB	DUEATIB	amazon.ca	HTTPS://WWW.AMAZON.CA/DUEATIB-ORGANIZER-WAREHOUSE-ORGANIZATION-MAN%EF%BC%8CSMALL/DP/B0CC8WKD5L
DUJP	DUJP	amazon.ca	HTTPS://WWW.AMAZON.CA/DUJP-CONVERTIBLE-TACTICAL-BACKPACK-AVAILABLE/DP/B0BTQ2Y9XQ
DUJP	DUJP	amazon.ca	HTTPS://WWW.AMAZON.CA/CONVERTIBLE-TACTICAL-AVAILABLE-WATERPROOF-RESISTANT/DP/B0CPPGBRDJ
DUJP	DUJP	amazon.ca	HTTPS://WWW.AMAZON.CA/DUJP-CONVERTIBLE-TACTICAL-BACKPACK-AVAILABLE/DP/B0DGG8ZXMV
DUKETEA	DUKETEA	amazon.ca	HTTPS://WWW.AMAZON.CA/DUKETEA-HALLOWEEN-COSTUME-COSPLAY-MASQUERADE/DP/B08BTRJBK1
DUKETEA	DUKETEA	amazon.ca	HTTPS://WWW.AMAZON.CA/DUKETEA-VENDETTA-HALLOWEEN-COSTUME-MASQUERADE/DP/B08BXMZJ4R
DUMCONDY	DUMCONDY	amazon.ca	HTTPS://WWW.AMAZON.CA/DUMCONDY-HALLOWEEN-STEAMPUNK-NECKLACE-ADJUSTABLE/DP/B0D517R67C
DUNEASYPET	DUNEASYPET	amazon.ca	HTTPS://WWW.AMAZON.CA/DUNEASYPET-NATURAL-CLIMBING-FURNITURE-SCRATCHING/DP/B0BN83M5DC
DUNKI	DUNKI	amazon.ca	HTTPS://WWW.AMAZON.CA/DUNKI-BLU-RAY-SHAH-RUKH-KHAN/DP/B0DGB7P6N2
DUNWRO	DUNWRO	amazon.ca	HTTPS://WWW.AMAZON.CA/DUNWRO-MUSCLE-MASSAGE-14MM-TISSUE/DP/B09KV82RW6
DUOMSPIACE	DUOMSPIACE	amazon.ca	HTTPS://WWW.AMAZON.CA/DUOMSPIACE-CHRISTMAS-CONTAINER-TEAR-RESISTANT-HIGH-STRENGTH/DP/B0CKY1C5SW
DUOTYGA	DUOTYGA	amazon.ca	HTTPS://WWW.AMAZON.CA/DUOTYGA-COMBINATION-PADLOCK-MATCHING-EMPLOYEE/DP/B0CHMBVRQ4
DUOXINGTANG	DUOXINGTANG	amazon.ca	HTTPS://WWW.AMAZON.CA/DUOXINGTANG-QUIT-SMOKING-PATCHES-ANTI-STICKERS/DP/B0C7RDRKQ4
DUOYUTING	DUOYUTING	amazon.ca	HTTPS://WWW.AMAZON.CA/DUOYUTING-RECHARGEABLE-BRIGHTNESS-FLASHLIGHT-EMERGENCIES/DP/B0D2D6HB3P
DUPIULK	DUPIULK	amazon.ca	HTTPS://WWW.AMAZON.CA/DUPIULK-GRIT-SANDING-SPONGE/DP/B0BF9WSWJ2
DURIMI	DURIMI	amazon.ca	HTTPS://WWW.AMAZON.CA/DURIMI-BACK-SHAVERS-MEN-TECHNOLOGY/DP/B0CT4QZJN5
DUSDOMBR	DUSDOMBR	amazon.ca	HTTPS://WWW.AMAZON.CA/DUSDOMBR-MACHINE-WORKOUT-PORTABLE-HEALTHY/DP/B08NVY52ZS
DUTIPLUS	DUTIPLUS	amazon.ca	HTTPS://WWW.AMAZON.CA/DUTIPLUS/B/REF=BL_DP_S_MW_69399310011?IE=UTF8&NODE=69399310011&FIELD-LBR_BRANDS_BROWSE-BIN=DUTIPLUS
DUTYWAND	DUTYWAND	amazon.ca	HTTPS://WWW.AMAZON.CA/DUTYWAND-PROPANE-TORCH-WEED-ADAPTER/DP/B0C3XN5WRH
DUTYWAND	DUTYWAND	amazon.ca	HTTPS://WWW.AMAZON.CA/DUTYWAND-PROPANE-IGNITER-IGNITING-BLOWTORCH/DP/B0CB85WKJJ
DV8DKV7	DV8DKV7	amazon.ca	HTTPS://WWW.AMAZON.CA/DV8DKV7-BATTERY-REPLACEMENT-CAPACITY-COMPATIBLE/DP/B0BQQG5KD1
DWBAG	DWBAG	amazon.ca	HTTPS://WWW.AMAZON.CA/DWBAG-INSULATED-REUSABLE-LEAKPROOF-FREEZABLE/DP/B0DHZ5SN3B
DWFKHT	DWFKHT	amazon.ca	HTTPS://WWW.AMAZON.CA/HATCHET-CAMPING-FORGED-BUSHCRAFT-CHOPPING/DP/B0DZ5VGQ9S
DWGJMYYX	DWGJMYYX	amazon.ca	HTTPS://WWW.AMAZON.CA/DWGJMYYX-MF040-PORTABLE-NECK-WHITE/DP/B09TVPJ32K
DXBVIEX	DXBVIEX	amazon.ca	HTTPS://WWW.AMAZON.CA/DXBVIEX-TAMAGOYAKI-JAPANESE-OMELETTE-RECTANGLE/DP/B0C1238CFG
DXLIWKY	DXLIWKY	amazon.ca	HTTPS://WWW.AMAZON.CA/DXLIWKY-PROFESSIONAL-DIFFUSER-CONCENTRATOR-TEMPERATURE/DP/B0CFVD9DS5
DXYIZU	DXYIZU	amazon.ca	HTTPS://WWW.AMAZON.CA/BACKPACK-CHARGING-STUDENT-OUTDOOR-RUCKSACK/DP/B07R9L4HQ2
DYLB	DYLB	amazon.ca	HTTPS://WWW.AMAZON.CA/DYLB-BLOCKING-GLASSES-COMPUTER-HEADACHE/DP/B08SHMYQ42
DYLVIW	DYLVIW	amazon.ca	HTTPS://WWW.AMAZON.CA/MAGNIFYING-DYLVIW-MAGNIFIER-PORTABLE-WORKBENCH/DP/B082LZDD2H
DYMSUP	DYMSUP	amazon.ca	HTTPS://WWW.AMAZON.CA/DYMSUP-HEATLESS-HAIR-CURLER-SET/DP/B0F3WYP1VM
DYNAMING	DYNAMING	amazon.ca	HTTPS://WWW.AMAZON.CA/DYNAMING/B/REF=BL_DP_S_MW_36886158011?IE=UTF8&NODE=36886158011&FIELD-LBR_BRANDS_BROWSE-BIN=DYNAMING
DYNASTEAM	DYNASTEAM	amazon.ca	HTTPS://WWW.AMAZON.CA/DYNASTEAM-DS2000-WGS-STEAM-WEEDER-WHEELS/DP/B073R1LZTY
DYSERBUY	DYSERBUY	amazon.ca	HTTPS://WWW.AMAZON.CA/STORES/DYSERBUY/PAGE/2A8C4F24-0D1F-4CAD-B988-8C5BDCC8B3CF
DYSETCS	DYSETCS	amazon.ca	HTTPS://WWW.AMAZON.CA/DYSETCS-CHRISTMAS-SEQUINS-HANDMADE-SCANDINAVIAN/DP/B09HTYS44D
DYSETCS	DYSETCS	amazon.ca	HTTPS://WWW.AMAZON.CA/DYSETCS-MACRAME-DECORATIVE-BOHEMIAN-HANGERS/DP/B09NKT25JP
DYSETCS	DYSETCS	amazon.ca	HTTPS://WWW.AMAZON.CA/DYSETCS-GARDEN-KINKING-PLASTIC-PROTECT/DP/B09796LCYV
DYUJTMQ	DYUJTMQ	amazon.ca	HTTPS://WWW.AMAZON.CA/DYUJTMQ-PORTABLE-CONDITIONER-ADJUSTABLE-DIAMETERR/DP/B09QD68HHD
DZALS	DZALS	amazon.ca	HTTPS://WWW.AMAZON.CA/DZALS-WOMENS-COTTON-CASUAL-STRETCH/DP/B0C9XB55DV
DZANNC	DZANNC	amazon.ca	HTTPS://WWW.AMAZON.CA/DZANNC-SHOVEL%EF%BC%8C42%E2%80%B3-EXTENDABLE-WINDSHIELD%EF%BC%8C5-ADJUSTABLE/DP/B0DM86L46C
DZANNC	DZANNC	amazon.ca	HTTPS://WWW.AMAZON.CA/DZANNC-BOARD%EF%BC%8CFOOT-STRENGTHENER-FASCIITIS-CORRECTION/DP/B0F2MRNWXF
DZHONGD	DZHONGD	amazon.ca	HTTPS://WWW.AMAZON.CA/DZHONGD-LIGHTED-BOWSTRING-ACTIVATION-ARCHERY/DP/B0CKQTX8VW
DZORUN	DZORUN	amazon.ca	HTTPS://WWW.AMAZON.CA/DZORUN-ATTACHMENTS-SPREADER-MULTI-GRIP-EXERCISES/DP/B0B37DFGTL
DZOTMYN	DZOTMYN	amazon.ca	HTTPS://WWW.AMAZON.CA/MILLIGAN-BRAND-OUTFITTING-CAT-MAN-DO-BOBCAT/DP/B00D3R1GWI
DZOTMYN	DZOTMYN	amazon.ca	HTTPS://WWW.AMAZON.CA/ADVENTURE-SUPPLY-BRANDS-EMERGENCY-SLEEPING/DP/B0813WMFCL
DZSUMY	DZSUMY	amazon.ca	HTTPS://WWW.AMAZON.CA/INDUSTRIAL-ADJUSTABLE-1-LIGHT-VINTAGE-SCONCES/DP/B082PHLCMQ
DZUEKOMI	DZUEKOMI	amazon.ca	HTTPS://WWW.AMAZON.CA/DZUEKOMI-AUTOMATIC-FRAGRANCE-DISPENSER-PROGRAMMABLE/DP/B0BZCLM7RW
DZXLLL	DZXLLL	amazon.ca	HTTPS://WWW.AMAZON.CA/DZXLLL-CLOUDS-COMPATIBLE-IPHONE-SHOCKPROOF/DP/B0BWRK12C8
EAERSAN	EAERSAN	amazon.ca	HTTPS://WWW.AMAZON.CA/EAERSAN-INTERACTIVE-OUTDOOR-HANGING-EXERCISE/DP/B0BYJGTXRF
EALINGMOON	EALINGMOON	amazon.ca	HTTPS://WWW.AMAZON.CA/ORGANIZERS-STORAGE-EXPANDABLE-ORGANIZER-SNEAKERS/DP/B0C5CQLNG7
EANSSTOFARS	EANSSTOFARS	amazon.ca	HTTPS://WWW.AMAZON.CA/EANSSTOFARS-SPACES-PERFECT-BEDROOM-BATHROOM/DP/B0C8D692XG
EAPFCT	EAPFCT	amazon.ca	HTTPS://WWW.AMAZON.CA/EAPFCT-SUPPORT-GARDEN-SUPPORTS-FLOWERS/DP/B08B54JRGK
EASCOOKCHEF	EASCOOKCHEF	amazon.ca	HTTPS://WWW.AMAZON.CA/EASCOOKCHEF-CONVERTIBLE-COUNTERTOP-THERMOCOUPLE-PROTECTION/DP/B0B6V468WX
EASDRIL	EASDRIL	amazon.ca	HTTPS://WWW.AMAZON.CA/EASDRIL-ULTRALIGHT-FOLDING-CAMPING-CHAIR/DP/B09JWDVNGN
EASEBRI	EASEBRI	amazon.ca	HTTPS://WWW.AMAZON.CA/EASEBRI-MODERN-CERAMIC-LIVING-BEDROOM/DP/B0D8BFXNB2
EASESOLIES	EASESOLIES	amazon.ca	HTTPS://WWW.AMAZON.CA/UNICORN-FUNCTION-CHRISTMAS-BIRTHDAY-DECORATIONS/DP/B081QYD1GG
EASILYWINLIFE	EASILYWINLIFE	amazon.ca	HTTPS://WWW.AMAZON.CA/EASILYWINLIFE-STATIONERY-COMPARTMENTS-DRAWER%EF%BC%8CMULTI-FUNCTIONAL-ACCESSORIES/DP/B0BXKMY59S
EASIMOR	EASIMOR	amazon.ca	HTTPS://WWW.AMAZON.CA/EASIMOR-DIPSTICK-COMPATIBLE-ODYSSEY-15650RCAA02/DP/B0B75GFTH5
EASNWLLIM	EASNWLLIM	amazon.ca	HTTPS://WWW.AMAZON.CA/EASNWLLIM-WEIGHTS-SADDLEBAG-BACKDROP-LIGHTING/DP/B09N9CGJLF
EASNWLLIM	EASNWLLIM	amazon.ca	HTTPS://WWW.AMAZON.CA/EASNWLLIM-CANOPY-WEIGHTS-BACKDROP-LIGHTING/DP/B09N9C9HQH
EASYDANCING	EASYDANCING	amazon.ca	HTTPS://WWW.AMAZON.CA/UPLIGHTING-CHANNELS-REMOTE-WEDDING-FESTIVAL/DP/B0833TJKNB
EASYKLEENPRESSURESYSTEMSLTD	EASYKLEENPRESSURESYSTEMSLTD	amazon.ca	HTTPS://WWW.AMAZON.CA/STORES/EASYKLEENPRESSURESYSTEMSLTD/PAGE/2297315A-03B5-4E07-AD4A-7B37CBF5B5E2
EASYLEE	EASYLEE	amazon.ca	HTTPS://WWW.AMAZON.CA/STORES/EASYLEE/PAGE/3ADC4171-456F-4058-9F1E-5063488F3DC1
EAWONGEE	EAWONGEE	amazon.ca	HTTPS://WWW.AMAZON.CA/EAWONGEE-THREAD-CHECKER-METRIC-GAUGE/DP/B09W59PSSW
EAXIUCE	EAXIUCE	amazon.ca	HTTPS://WWW.AMAZON.CA/EAXIUCE-COMPATIBLE-55B0ZA0-REPLACEMENT-MB3442ADW/DP/B0B4W6W5NH
EAYTMO	EAYTMO	amazon.ca	HTTPS://WWW.AMAZON.CA/EAYTMO-HEADPIECES-RHINESTONES-HEADBANDS-ACCESSORIES/DP/B09HBWN8JX
EBABYLAND	EBABYLAND	amazon.ca	HTTPS://WWW.AMAZON.CA/EBABYLAND-PARTY-BANNER-GARLAND-BIRTHDAY_PASTEL/DP/B08XX9RQZQ
EBBCOWRY	EBBCOWRY	amazon.ca	HTTPS://WWW.AMAZON.CA/EBBCOWRY-FIREPROOF-DOUBLE-SIDED-PROTECTOR-RESISTANT/DP/B08NVPP4MY
ECAGEWILL	ECAGEWILL	amazon.ca	HTTPS://WWW.AMAZON.CA/ECAGEWILL-ANTI-SPY-DETECTOR-ANTI-THEFT-TRAVELING/DP/B09LHHYNCD
ECCIBOUN	ECCIBOUN	amazon.ca	HTTPS://WWW.AMAZON.CA/%E3%80%9020CM-50CM-7-87IN-19-69IN%E3%80%91-ECCIBOUN-SCRATCHING-REPLACEMENT/DP/B09F8W3XGC
ECEIRO	ECEIRO	amazon.ca	HTTPS://WWW.AMAZON.CA/CLIPBOARD-STORAGE-CLIPBOARDS-LEATHER-ORGANIZER/DP/B08BKSBVV2
ECISZ	ECISZ	amazon.ca	HTTPS://WWW.AMAZON.CA/BOOSTER-CUSHION-ELDERLY-ELEVATION-SUPPORTIVE/DP/B0D318HGCR
ECJWEI	ECJWEI	amazon.ca	HTTPS://WWW.AMAZON.CA/ECJWEI-INVISIBLE-ADHESIVE-REUSABLE-STRAPLESS/DP/B0C4D3LD9T
ECKPO	ECKPO	amazon.ca	HTTPS://WWW.AMAZON.CA/ECKPO-VENTILATION-CIRCULATION-ENVIRONMENTS-RAINFOREST/DP/B0CJVQCH3M
ECLEC	ECLEC	amazon.ca	HTTPS://WWW.AMAZON.CA/ECLEC/S?K=ECLEC
ECLOUDSHOP	ECLOUDSHOP	amazon.ca	HTTPS://WWW.AMAZON.CA/STORES/ECLOUDSHOP/%E4%B8%BB%E9%A1%B5/PAGE/181A2FFB-75EC-46B3-8777-2D152E4262DF
ECOADE	ECOADE	amazon.ca	HTTPS://WWW.AMAZON.CA/STORES/ECOADE/PAGE/13C82E32-5D03-4CAE-BF9E-BDCA33EF59DA
ECOFIVES	ECOFIVES	amazon.ca	HTTPS://WWW.AMAZON.CA/STORES/ECOFIVES/PAGE/1B0D907F-6BAD-4AA6-8AFC-68256A2EFE74
ECOGREENTEXT	ECOGREENTEXT	amazon.ca	HTTPS://WWW.AMAZON.CA/ECOGREENTEXT-MICRO-SEED-HYDROPONIC-BIODEGRADABLE-MICROGREENS/DP/B06XSB6ZS1
ECOHAGOU	ECOHAGOU	amazon.ca	HTTPS://WWW.AMAZON.CA/ECOHAGOU-SERVING-VEGETABLE-LIGHTWEIGHT-TURQUOISE/DP/B0BFHC4H47
ECOIOT	ECOIOT	amazon.ca	HTTPS://WWW.AMAZON.CA/ECOIOT-A19-GU24-BULB/DP/B09WV93WTS
ECOPORKAN	ECOPORKAN	amazon.ca	HTTPS://WWW.AMAZON.CA/CONTAINERS-SUPPLIES-ALTERNATIVE-RECYCLED-ECOPORKAN-4/DP/B09NC6D65M
ECOSWER	ECOSWER	amazon.ca	HTTPS://WWW.AMAZON.CA/MASSAGER-SCRAPING-ACUPUNCTURE-DECREASE-PUFFINESS/DP/B098JQQZP1
ECOTINY	ECOTINY	amazon.ca	HTTPS://WWW.AMAZON.CA/ECOTINY-ROLLING-PORTABLE-SCREENS-MOVABLE/DP/B0CS6MXT2Q
ECWKVN	ECWKVN	amazon.ca	HTTPS://WWW.AMAZON.CA/CAR-FRONT-SEAT-ORGANIZER-ENFORCEMENT/DP/B086WWWWNC
EDEBIBY	EDEBIBY	amazon.ca	HTTPS://WWW.AMAZON.CA/EDEBIBY-FURNITURE-OUTDOOR-ENTERTAINING-EVERYDAY/DP/B0C9CH9RQQ
EDENRAYS	EDENRAYS	amazon.ca	HTTPS://WWW.AMAZON.CA/EDENRAYS-POLISH-STARTER-VIBRANT-COLORS/DP/B08B345TSJ
EDKKIE	EDKKIE	amazon.ca	HTTPS://WWW.AMAZON.CA/EDKKIE-BLUETOOTH-MICROPHONE-WATERPROOF-EARPHONES/DP/B0B9WTJ5XV
EDOSSA	EDOSSA	amazon.ca	HTTPS://WWW.AMAZON.CA/EDOSSA-FRESHENERS-ACCESSORIES-AESTHETIC-FRESHENER/DP/B0C4QBBLX9
EDRLAITY	EDRLAITY	amazon.ca	HTTPS://WWW.AMAZON.CA/EDRLAITY-REPLACEMENT-BASKETBALL-10-25-WEATHER/DP/B09KTS852N
EDTISKE	EDTISKE	amazon.ca	HTTPS://WWW.AMAZON.CA/EDTISKE-WIFI-EXTENDER/DP/B0CLC9TX9S
EDVOYNLM	EDVOYNLM	amazon.ca	HTTPS://WWW.AMAZON.CA/EDVOYNLM-STICKERS-BATHROOM-REMOVABLE-STICKER/DP/B083GFQ2YH
EEELEVENMASTER	EEELEVENMASTER	amazon.ca	HTTPS://WWW.AMAZON.CA/STORES/EEELEVENMASTER/WALLLIGHTING/PAGE/2EAC1A23-E328-48B0-85F8-33D0F48D1D08
EELABPER	EELABPER	amazon.ca	HTTPS://WWW.AMAZON.CA/EELABPER-COSPLAY-COSTUME-POLICE-HANDCUFF/DP/B09D9FHNTZ
EESSEN	EESSEN	amazon.ca	HTTPS://WWW.AMAZON.CA/ESSENTIAL-EESSEN-HIMALAYAN-AROMATHERAPY-HUMIDIFIERS/DP/B0B42XHMC1
EEZEXPREZE	EEZEXPREZE	amazon.ca	HTTPS://WWW.AMAZON.CA/STORES/EEZEXPREZE/RVACCESSORIES/PAGE/B61CA81C-22FE-45D8-B70F-02E2470E0DD7
EEZEXPREZE	EEZEXPREZE	amazon.ca	HTTPS://WWW.AMAZON.CA/STORES/EEZEXPREZE/PAGE/2FF84B8E-6D73-4F9E-9C0C-063ACB18C25C
EFOXMOKO	EFOXMOKO	amazon.ca	HTTPS://WWW.AMAZON.CA/ROSE-GOLD-BOTTLE-OPENER-RIBBON/DP/B07RSQK77H
EFUBABY	EFUBABY	amazon.ca	HTTPS://WWW.AMAZON.CA/EFUBABY/B/REF=BL_DP_S_MW_36825425011?IE=UTF8&NODE=36825425011&FIELD-LBR_BRANDS_BROWSE-BIN=EFUBABY
EGIEMR	EGIEMR	amazon.ca	HTTPS://WWW.AMAZON.CA/EGIEMR-DISPOSABLE-COCKTAIL-GLASSES-COCKTAILS/DP/B0BNTFVCZQ
EGIEMR	EGIEMR	amazon.ca	HTTPS://WWW.AMAZON.CA/EGGFOIL-DISPOSABLE-COCKTAIL-WEDDINGS-COCKTAILS/DP/B07S6MGT6P
EGIKI	EGIKI	amazon.ca	HTTPS://WWW.AMAZON.CA/EGIKI-CLASSIC-CARDS-GAMES-EXPANSION/DP/B09GW6YZVZ
EGLIFEI	EGLIFEI	amazon.ca	HTTPS://WWW.AMAZON.CA/EGLIFEI-VERTICAL-CHAINSAW-ATTACHMENT-WOODWORKERS/DP/B0B5YJYHB5
EGOMYRON	EGOMYRON	amazon.ca	HTTPS://WWW.AMAZON.CA/EGOMYRON-CEILING-HANGING-LANTERNS-DECORATION/DP/B0BYNSQHQC
EGSTARTS	EGSTARTS	amazon.ca	HTTPS://WWW.AMAZON.CA/STORES/EGSTARTS/PAGE/890DB635-FA35-4C63-B0BB-4E1102836D15
EHCSROP	EHCSROP	amazon.ca	HTTPS://WWW.AMAZON.CA/EHCSROP-GRISWOLD-JERSEY-CHRISTMAS-VACATION/DP/B0CJM96PNQ
EHIOR	EHIOR	amazon.ca	HTTPS://WWW.AMAZON.CA/EHIOR-DOUBLE-SIDED-ORGANIZER-PORTABLE-EMBROIDERY/DP/B0CW6H32GT
EHSYXSLX	EHSYXSLX	amazon.ca	HTTPS://WWW.AMAZON.CA/HOUSESHAPE-INDOOR-DRYER-VENT-ELECTRIC/DP/B09GVXB2T5
EHUANGTOOLS	EHUANGTOOLS	amazon.ca	HTTPS://WWW.AMAZON.CA/STORES/EHUANGTOOLS/EHUANGTOOLS/PAGE/48A195A7-3C2C-4F09-8115-E9865F43AFF4
EHUANGTOOLS	EHUANGTOOLS	amazon.ca	HTTPS://WWW.AMAZON.CA/FRONT-LOAD-WASHER-DOOR-STOPPER/DP/B09L1MQBDY
EIDUSTOR	EIDUSTOR	amazon.ca	HTTPS://WWW.AMAZON.CA/EIDUSTOR-BATHROOM-AUTOMATIC-TOUCHLESS-ELECTRIC/DP/B0CZJN8BV1
EIGIAGWNG	EIGIAGWNG	amazon.ca	HTTPS://WWW.AMAZON.CA/EIGIAGWNG-LEOPARD-PUMPKIN-T-SHIRTS-HALLOWEEN/DP/B08G59Q11F
EINFAC	EINFAC	amazon.ca	HTTPS://WWW.AMAZON.CA/EINFAC-PORE-CLEANSERS-BLACKHEAD-EXTRACTOR/DP/B01JHYYF64
EINRZI	EINRZI	amazon.ca	HTTPS://WWW.AMAZON.CA/EINRZI-CEILING-DIMMABLE-BLADELESS-ENCLOSED/DP/B0D5CZPY3X
EINSTEM	EINSTEM	amazon.ca	HTTPS://WWW.AMAZON.CA/EINSTEM-TODDLER-ACCESSORIES-EDUCATION-BIRTHDAY/DP/B09FF358GN
EIVENNKO	EIVENNKO	amazon.ca	HTTPS://WWW.AMAZON.CA/MULTIPLE-SPLITTER-ADJUSTABLE-STAINLESS-ALIGNMENT/DP/B0D5HKTR4Q
EJEMOW	EJEMOW	amazon.ca	HTTPS://WWW.AMAZON.CA/EJEMOW-PONTOON-ACCESSORIES-FOLDING-GRAPNEL/DP/B09J5D2JG5
EKNOSRI	EKNOSRI	amazon.ca	HTTPS://WWW.AMAZON.CA/EKNOSRI-NON-STICK-MULTI-PURPOSE-STAINLESS-TEMPERATURE/DP/B08VR99FMC
EKNOSRI	EKNOSRI	amazon.ca	HTTPS://WWW.AMAZON.CA/EKNOSRI-ELECTRIC-NON-STICK-MULTIFUNCTIONAL-SHABU-SHABU/DP/B0C98M11VD
EKOTEQ	EKOTEQ	amazon.ca	HTTPS://WWW.AMAZON.CA/EKOTEQ-ENAMELED-BROILING-INDUCTION-ELECTRIC/DP/B08P5K2WWC
EKOTEQ	EKOTEQ	amazon.ca	HTTPS://WWW.AMAZON.CA/EKOTEQ-ENAMELED-BROILING-INDUCTION-ELECTRIC/DP/B08P58ZVSP
EKQ	EKQ	amazon.ca	HTTPS://WWW.AMAZON.CA/EKQ-UNDERWEAR-COMFORTABLE-STRETCH-TAGLESS/DP/B0BV6H12JB
EKRTE	EKRTE	amazon.ca	HTTPS://WWW.AMAZON.CA/EKRTE-COMMERCIAL-KITCHEN-PRE-RINSE-SPRAYER/DP/B07LCJD4D5
EKUEY	EKUEY	amazon.ca	HTTPS://WWW.AMAZON.CA/EKUEY-PRE-FILTER-REPLACEMENT-FILTRATION-AQUARIUM/DP/B088F1XKLR
EKYSSO	EKYSSO	amazon.ca	HTTPS://WWW.AMAZON.CA/EYELASH-SEPARATOR-SEPARATING-PROFESSIONAL-SUPPLIES/DP/B09Y639CQF
EKYSSO	EKYSSO	amazon.ca	HTTPS://WWW.AMAZON.CA/SPOOLIES-REUSABLE-APPLICATOR-EXTENSIONS-EYEBROWS/DP/B0DBPNVMRY
EKYSSO	EKYSSO	amazon.ca	HTTPS://WWW.AMAZON.CA/MICROBLADING-SUPPLIES-APPLICATORS-POINTED-PRECISION/DP/B0B6HWMFJ9
ELABLI	ELABLI	amazon.ca	HTTPS://WWW.AMAZON.CA/ELABLI-PRO-VEGETABLE-CHOPPER-BLADES/DP/B09NPVWDHC
ELBARAMONY	ELBARAMONY	amazon.ca	HTTPS://WWW.AMAZON.CA/TURKISH-COFFEE-ALCOHOL-BURNER-ELBARAMONY/DP/B00K49P6I8
ELECHOOD	ELECHOOD	amazon.ca	HTTPS://WWW.AMAZON.CA/LINKHOOD-ARTIFICIAL-GYPSOPHILA-RESISTANT-DECORATION/DP/B08YFJZZSF
ELECHOOD	ELECHOOD	amazon.ca	HTTPS://WWW.AMAZON.CA/ARTIFICIAL-RESISTANT-GREENERY-GYPSOPHILA-FARMHOUSE/DP/B09SPT6KVK
ELECKFUN	ELECKFUN	amazon.ca	HTTPS://WWW.AMAZON.CA/ELECKFUN-ELECTRIC-PORTABLE-CORDLESS-HEATABLE/DP/B0BZ3BPFZD
ELECXLINK	ELECXLINK	amazon.ca	HTTPS://WWW.AMAZON.CA/ELECXLINK/B/REF=BL_DP_S_MW_69542940011?IE=UTF8&NODE=69542940011&FIELD-LBR_BRANDS_BROWSE-BIN=ELECXLINK
ELEKEYU87	ELEKEYU87	amazon.ca	HTTPS://WWW.AMAZON.CA/ELEKEYU87-NATURAL-COLORING-PASTRIES-COOKIES/DP/B085TDTZVD
ELEPARTPRO	ELEPARTPRO	amazon.ca	HTTPS://WWW.AMAZON.CA/ELEPARTPRO-ANTI-STATIC-ELECTROSTATIC-ADJUSTMENT-EFFECTIVELY/DP/B01IFHHF52
ELEPUDE	ELEPUDE	amazon.ca	HTTPS://WWW.AMAZON.CA/ELEPUDE-OUTDOOR-FURNITURE-STORAGE-COURTYARD/DP/B09YL8CYLV
ELESAC	ELESAC	amazon.ca	HTTPS://WWW.AMAZON.CA/ELESAC-16-INCH-BACKPACK-RESISTANT/DP/B073BXZ41S
ELFENSTAL	ELFENSTAL	amazon.ca	HTTPS://WWW.AMAZON.CA/ELFENSTAL-ATOMIZER-REFILLABLE-PERFUME-PORTABLE/DP/B01C2WQB9C
ELIALIBABY	ELIALIBABY	amazon.ca	HTTPS://WWW.AMAZON.CA/STORES/ELIALIBABY/HOMEPAGE/PAGE/7A9FEF62-856E-4EA9-BE64-C838118A3BE6
ELIFECONNECTION	ELIFECONNECTION	amazon.ca	HTTPS://WWW.AMAZON.CA/GALVANNEAL-ADJUSTABLE-STAIR-STRINGER-CONNECTOR-INTERCHANGEABLE/DP/B0D3C8LHB7
ELIGARA	ELIGARA	amazon.ca	HTTPS://WWW.AMAZON.CA/ELIGARA-TRAVEL-CIGAR-HUMIDOR-HUMIDIFIER/DP/B0B7MSX4TQ
ELIKOYA	ELIKOYA	amazon.ca	HTTPS://WWW.AMAZON.CA/ELIKOYA-CAMPING-HAMMOCK-LIGHTWEIGHT-BACKPACKING/DP/B0CKYMZ3L1
ELIPENICO	ELIPENICO	amazon.ca	HTTPS://WWW.AMAZON.CA/MICROPHONE-ELIPENICO-COMPUTER-STREAMING-CONFERENCE/DP/B08QD1G8PG
ELITEWELL	ELITEWELL	amazon.ca	HTTPS://WWW.AMAZON.CA/BARIATRIC-DIABETIC-LYMPHEDEMA-SWOLLEN-NON-BINDING/DP/B0CKV2HR9H
ELJGKKL	ELJGKKL	amazon.ca	HTTPS://WWW.AMAZON.CA/ELJGKKL-GHILLIE-INCLUDING-CAMOUFLAGE-HALLOWEEN/DP/B0CT5K9SD9
ELLERMONT	ELLERMONT	amazon.ca	HTTPS://WWW.AMAZON.CA/ELLERMONT-EDS-BACKYARD-FEATURES-PRACTICE/DP/B0C6CYNH1G
ELLSANG	ELLSANG	amazon.ca	HTTPS://WWW.AMAZON.CA/ELLSANG-FOLDING-PORTABLE-WATERPROOF-CAMOUFLAGE/DP/B08Z41H2TZ
ELOIRO	ELOIRO	amazon.ca	HTTPS://WWW.AMAZON.CA/ELOIRO-BICYCLE-WATERPROOF-CONVENIENT-REFLECTIVE/DP/B01N2O71RN
ELSEGEOD	ELSEGEOD	amazon.ca	HTTPS://WWW.AMAZON.CA/ELSEGEOD-BACKPACK-ANTI-THEFT-WATERPROOF-LAPTOP%EF%BC%8CBLACK/DP/B0BJ2K54L7
ELSKER	ELSKER	amazon.ca	HTTPS://WWW.AMAZON.CA/ELSKER/S?K=ELSKER
ELYSOLPLUV	ELYSOLPLUV	amazon.ca	HTTPS://WWW.AMAZON.CA/ELYSOLPLUV-STACKABLE-CAPACITY-ASSEMBLY-SEMI-TRANSPARENT/DP/B09BDDQN18
EMBELLBATT	EMBELLBATT	amazon.ca	HTTPS://WWW.AMAZON.CA/EMBELLBATT-TRAINING-ARTIFICIAL-INDOOR-OUTDOOR/DP/B0C4TGT94F
EMBELLBATT	EMBELLBATT	amazon.ca	HTTPS://WWW.AMAZON.CA/EMBELLBATT-ARTIFICIAL-TRAINING-OUTDOOR-DECORATION/DP/B0CX4RLPN1
EMBOOT	EMBOOT	amazon.ca	HTTPS://WWW.AMAZON.CA/BATTERY-ADAPTER-MILWAUKEE-CONNECTOR-ROBOTICS/DP/B08F2CJ56Y
EMBOWLIFE	EMBOWLIFE	amazon.ca	HTTPS://WWW.AMAZON.CA/EMBOWLIFE-ADJUSTABLE-REFRIGERATOR-UNIVERSAL-APPLIANCE/DP/B0CHRG9FBQ
EMGGGRU	EMGGGRU	amazon.ca	HTTPS://WWW.AMAZON.CA/EMGGGRU-WRAPPING-JACQUARD-OPENWORK-SUPPLIES/DP/B0BNF25BH3
EMIERAI	EMIERAI	amazon.ca	HTTPS://WWW.AMAZON.CA/EMIERAI-UPGRADED-FOLDABLE-STAINLESS-COUNTERTOP/DP/B09KH6M9WX
EMIERAI	EMIERAI	amazon.ca	HTTPS://WWW.AMAZON.CA/EMIERAI-UPGRADED-FOLDABLE-STAINLESS-COUNTERTOP/DP/B09ZJWSBQZ
EMLOVOSY	EMLOVOSY	amazon.ca	HTTPS://WWW.AMAZON.CA/EMLOVOSY-FLUFFY-ANTI-TEAR-STRETCHY-BUTTER/DP/B0CJV9DS1C
EMLOVOSY	EMLOVOSY	amazon.ca	HTTPS://WWW.AMAZON.CA/EMLOVOSY-EFFICIENT-CONTROL-DIGGER-WITHOUT-CORDLESS/DP/B0CF5WRQQP
EMMANDSOPHIE	EMMANDSOPHIE	amazon.ca	HTTPS://WWW.AMAZON.CA/EMMANDSOPHIE-DRINK-CARRIER-DELIVERY-ORGANIZER/DP/B08K3T587F
EMMANDSOPHIE	EMMANDSOPHIE	amazon.ca	HTTPS://WWW.AMAZON.CA/EMMANDSOPHIE-STUNNING-NECKLACE-CAPTIVATES-BEAUTY/DP/B0D43GTXN3
EMOSEONY	EMOSEONY	amazon.ca	HTTPS://WWW.AMAZON.CA/EMOSEONY-SIDE-SLEEPER-PILLOWS-FILL/DP/B09Y4FLQD8
EMTHONY	EMTHONY	amazon.ca	HTTPS://WWW.AMAZON.CA/EMTHONY-HOMEMADE-MOISTURE-PROOF-REUSABLE-SOURDOUGH/DP/B0CQS9V113
EMYSSA	EMYSSA	amazon.ca	HTTPS://WWW.AMAZON.CA/AQUARIUM-PLASTIC-ARTIFICIAL-DECORATIONS-UNDERWATER/DP/B0B325TR5C
ENAFAD	ENAFAD	amazon.ca	HTTPS://WWW.AMAZON.CA/ENAFAD-FASHION-POLARIZED-SUNGLASSES-PROTECTION/DP/B07M7TNL6C
ENAFAD	ENAFAD	amazon.ca	HTTPS://WWW.AMAZON.CA/ENAFAD-OVERSIZED-SUNGLASSES-POLARIZED-MIRRORED/DP/B07QQQF9J4
ENERGIZEKA	ENERGIZEKA	amazon.ca	HTTPS://WWW.AMAZON.CA/ENERGIZEKA-ENERGIZEK-WIRELESS-HANDHELD-CLEANER/DP/B0BTX89ZNZ
ENERJOUR	ENERJOUR	amazon.ca	HTTPS://WWW.AMAZON.CA/ENERJOUR-EXTENSION-WATERPROOF-CONNECTOR-PHOTOVOLTAIC/DP/B0FBWLJJVY
ENGLORY	ENGLORY	amazon.ca	HTTPS://WWW.AMAZON.CA/ENGLORY-PICTURE-CERTIFICATE-PAINTING-DECORATION/DP/B0C6F2SDSC
ENGMOO	ENGMOO	amazon.ca	HTTPS://WWW.AMAZON.CA/ENGMOO/B/REF=MH_BL_SL_AP_AP_MW_20564618011?IE=UTF8&NODE=20564618011&FIELD-LBR_BRANDS_BROWSE-BIN=ENGMOO
ENIFFBAA	ENIFFBAA	amazon.ca	HTTPS://WWW.AMAZON.CA/ENIFFBAA-ORGANIZER-CAPACITY-PLAYROOM-DECOR-XL/DP/B0F1XLXMRK
ENIFINE	ENIFINE	amazon.ca	HTTPS://WWW.AMAZON.CA/ENIFINE-SLIPPERS-NON-SLIP-NOVELTY-HALLOWEEN/DP/B0BG7HHGJ9
ENIMIB	ENIMIB	amazon.ca	HTTPS://WWW.AMAZON.CA/OVERSIZED-BLANKET-ENIMIB-LIGHTWEIGHT-MICROFIBER/DP/B0BVR34LF1
ENJOYGOUS	ENJOYGOUS	amazon.ca	HTTPS://WWW.AMAZON.CA/ENJOYGOUS-INCHSTOWEL-STAINLESS-RUSTPROOF-DECORATION/DP/B083BKMQ66
ENJOYSEATING	ENJOYSEATING	amazon.ca	HTTPS://WWW.AMAZON.CA/ENJOYSEATING-ADJUSTABLE-BREATHABLE-COMFORTABLE-RELAXATION/DP/B0C7VF38M8
ENKUDC	ENKUDC	amazon.ca	HTTPS://WWW.AMAZON.CA/ENKUDC-CUTE-PRINTED-WORKING-WOMEN/DP/B07DN88PLY
ENOOSEE	ENOOSEE	amazon.ca	HTTPS://WWW.AMAZON.CA/ENOOSEE-LEVER-RELEASE-WRENCH-HANDLE/DP/B07GXKH9C3
ENPOSMRE	ENPOSMRE	amazon.ca	HTTPS://WWW.AMAZON.CA/GONIOMETER-PHYSICAL-OCCUPATIONAL-THERAPY-CLINICAL/DP/B07K9FMY56
ENREVE	ENREVE	amazon.ca	HTTPS://WWW.AMAZON.CA/ENREVE-ORGANIZER-INSERT-HANDBAG-LONGCHAMP/DP/B08FX5J2HW
ENRUIMING	ENRUIMING	amazon.ca	HTTPS://WWW.AMAZON.CA/ENRUIMING-CURTAIN-2-3-4-0FT-ADUJUSTABLE-DECORATIVE/DP/B0CQL7L88X
ENSEPST	ENSEPST	amazon.ca	HTTPS://WWW.AMAZON.CA/ENSEPST-THICKENED-SOUNDPROOF-ABSORBING-DAMPENING/DP/B0CSBRMW15
ENTEHAUS	ENTEHAUS	amazon.ca	HTTPS://WWW.AMAZON.CA/ENTEHAUS-ANIMATRONICS-CRAWLER-HALLOWEEN-DECORATIONS/DP/B0C9HNW8ZJ
ENTIFORRY	ENTIFORRY	amazon.ca	HTTPS://WWW.AMAZON.CA/ENTIFORRY-LARGE-POCKET-ZIPPER-CARRIERS/DP/B08RML48NX
ENUULLAO	ENUULLAO	amazon.ca	HTTPS://WWW.AMAZON.CA/ENUULLAO-PATCHWORK-COMFORTER-STRIPED-BEDDING/DP/B09PNB9YSZ
ENYOFLUR	ENYOFLUR	amazon.ca	HTTPS://WWW.AMAZON.CA/ENYOFLUR-AUTOMATIC-TOOTHBRUSH-WIRELESS-CHARGING/DP/B0CWZ5QC16
EOCAHO	EOCAHO	amazon.ca	HTTPS://WWW.AMAZON.CA/UPGRADED-UNIVERSAL-EXPANDABLE-ADJUSTABLE-COMPATIBLE/DP/B09QYDF4XY
EOIBIS	EOIBIS	amazon.ca	HTTPS://WWW.AMAZON.CA/EOIBIS-DICER-VEGGIE-SLICER-ONION-CHOPPER-SALAD-CHOPPER-FOOD/DP/B0BKRRPY9P
EOJMVXAR	EOJMVXAR	amazon.ca	HTTPS://WWW.AMAZON.CA/EOJMVXAR-ROTATING-PORTABLE-BRACELET-NECKLACE/DP/B0CLXQF4QW
EOJMVXAR	EOJMVXAR	amazon.ca	HTTPS://WWW.AMAZON.CA/EOJMVXAR-PENDANTS-BRANCHES-STANDING-ENTHUSIASTS/DP/B0CQJV4K87
EOKEANON	EOKEANON	amazon.ca	HTTPS://WWW.AMAZON.CA/CHRISTMAS-HANGING-ORNAMENT-WEDDING-NEWLYWED/DP/B09LTPXP73
EOKEANON	EOKEANON	amazon.ca	HTTPS://WWW.AMAZON.CA/CHRISTMAS-ORNAMENT-QUARANTINE-WEDDING-NEWLYWED/DP/B09K7V1VK3
EOKEANON	EOKEANON	amazon.ca	HTTPS://WWW.AMAZON.CA/EOKEANON-RAINBOW-BANDANA-CELEBRATION-SUPPLIES/DP/B07TMDDTJM
EOKEANON	EOKEANON	amazon.ca	HTTPS://WWW.AMAZON.CA/EOKEANON-ORNAMENT-FRIENDSHIP-CHRISTMAS-FRIENDS/DP/B0DL5BM74L
EONYEA	EONYEA	amazon.ca	HTTPS://WWW.AMAZON.CA/EONYEA-BALLOON-ANIMAL-SMALL-STATUE/DP/B07TXSVRVY
EORMWENRY	EORMWENRY	amazon.ca	HTTPS://WWW.AMAZON.CA/MICHAEL-INSPIRATIONAL-PICTURE-16X24INCH-FRAMELESS/DP/B0BK6H6Q77
EPIICHUA	EPIICHUA	amazon.ca	HTTPS://WWW.AMAZON.CA/SILICONE-BOTTLE-ROTATING-CLEANER-CLEANING/DP/B0BGLBYK73
EPOARTIST	EPOARTIST	amazon.ca	HTTPS://WWW.AMAZON.CA/STORES/EPOARTIST/PAGE/C771B4C0-4968-4ABE-8CD6-4BA3509D119E
EPQUEEN	EPQUEEN	amazon.ca	HTTPS://WWW.AMAZON.CA/PORTABLE-TOILETRY-WATERPROOF-ORGANIZER-COSMETIC/DP/B07RKWKFJ4
EPYCHMOOT	EPYCHMOOT	amazon.ca	HTTPS://WWW.AMAZON.CA/SELF-ADHESIVE-REMOVABLE-WALLPAPER-SELF-ADHESIVE-EUROPEAN/DP/B082MLFQ3T
EQTIVE	EQTIVE	amazon.ca	HTTPS://WWW.AMAZON.CA/EQTIVE-REPLACEMENT-REMOTE-CONTROL-LHV2000/DP/B093RJ6JF2
EQURROY	EQURROY	amazon.ca	HTTPS://WWW.AMAZON.CA/EQURROY-CURTAIN-WINDOWS-DIAMETER-ADJUSTABLE/DP/B0BZRPVS2P
EQUUSECURED	EQUUSECURED	amazon.ca	HTTPS://WWW.AMAZON.CA/NATURAL-LINEN-COMFORTABLE-TREADS-WOODEN/DP/B0BGGRWQ62
ERBUIT	ERBUIT	amazon.ca	HTTPS://WWW.AMAZON.CA/MINIMALIST-ABSTRACT-DRAWING-BATHROOM-PAINTING/DP/B09CK9824L
ERDEO	ERDEO	amazon.ca	HTTPS://WWW.AMAZON.CA/ERDEO-ADJUSTABLE-TRAILER-HITCH-STAINLESS/DP/B0C5HH68C9
ERFEVBFEH	ERFEVBFEH	amazon.ca	HTTPS://WWW.AMAZON.CA/ERFEVBFEH-ROUND-CANVAS-WALL-ART/DP/B08P17JB2M
ERFEVBFEH	ERFEVBFEH	amazon.ca	HTTPS://WWW.AMAZON.CA/ERFEVBFEH-ROUND-CANVAS-WALL-ART/DP/B08R36DPPV
ERFEVBFEH	ERFEVBFEH	amazon.ca	HTTPS://WWW.AMAZON.CA/ERFEVBFEH-ROUND-CANVAS-WALL-ART/DP/B08RNLY9P9
ERFEVBFEH	ERFEVBFEH	amazon.ca	HTTPS://WWW.AMAZON.CA/ERFEVBFEH-ROUND-CANVAS-WALL-ART/DP/B0919W3MTG
ERHUIDA	ERHUIDA	amazon.ca	HTTPS://WWW.AMAZON.CA/ERHUIDA-VELVET-SILICONE-RELIEF-MASSAGER/DP/B0CFM4CC9Q
ERICBACKDROP	ERICBACKDROP	amazon.ca	HTTPS://WWW.AMAZON.CA/ERICBACKDROP-DECORATIONS-WATERCOLOR-BACKGROUND-JC-3-MF-2045/DP/B0CWRG85DR
ERIHOP	ERIHOP	amazon.ca	HTTPS://WWW.AMAZON.CA/ERIHOP-LAPTOP-BACKPACK-WOMEN-QUILTED/DP/B0B7272SRC
ERILOLEN	ERILOLEN	amazon.ca	HTTPS://WWW.AMAZON.CA/1-5-ROCKWOOL-GROW-CUBES-HYDROPONICS/DP/B0CMTLWRBF
ERILOLEN	ERILOLEN	amazon.ca	HTTPS://WWW.AMAZON.CA/ERILOLEN-CLAY-PEBBLES-INDOOR-PLANTS/DP/B0D3PRWYNQ
ERILOLEN	ERILOLEN	amazon.ca	HTTPS://WWW.AMAZON.CA/VI-FILTER-REPLACEMENT-90352E-58323E/DP/B0BYNR57JZ
ERILOLEN	ERILOLEN	amazon.ca	HTTPS://WWW.AMAZON.CA/-/FR/ERILOLEN-CUBES-CROISSANCE-LAINE-HYDROPONIE/DP/B0C288NSCD
ERMOPATRY	ERMOPATRY	amazon.ca	HTTPS://WWW.AMAZON.CA/ERMOPATRY-FIRMING-REJUVENATING-HYALURONIC-TIGHTENING/DP/B0D81ZV4ND
ERMOPATRY	ERMOPATRY	amazon.ca	HTTPS://WWW.AMAZON.CA/ERMOPATRY-PROBIOTIC-TOOTHPASTE-TOOTHPAST-WHITENING/DP/B0D922RY8W
ERMOPATRY	ERMOPATRY	amazon.ca	HTTPS://WWW.AMAZON.CA/ERMOPATRY-MULTI-FUNCTIONAL-BIO-ENZYME-CONCENTRATED-EXPLOSIVE/DP/B0D81DGY11
ERMOPATRY	ERMOPATRY	amazon.ca	HTTPS://WWW.AMAZON.CA/ERMOPATRY-PROBIOTIC-TOOTHPASTE-TOOTHPAST-WHITENING/DP/B0D922YYLR
EROCKBUY	EROCKBUY	amazon.ca	HTTPS://WWW.AMAZON.CA/BRAND-EROCKBUY-BANISTER-ASSORTED-BALCONY/DP/B0871D2JXF
ERRKEWEND	ERRKEWEND	amazon.ca	HTTPS://WWW.AMAZON.CA/ERRKEWEND-MULTICOLOR-HAMBURGER-RETRACTABLE-STATIONERY/DP/B0CY9MSHNX
ERRKEWEND	ERRKEWEND	amazon.ca	HTTPS://WWW.AMAZON.CA/ERRKEWEND-MULTICOLOR-MULTICOLOUR-RETRACTABLE-BALLPOINT/DP/B0F492JR9L
ERSIMAN	ERSIMAN	amazon.ca	HTTPS://WWW.AMAZON.CA/ERSIMAN-PROFESSIONAL-COSMETOLOGY-MANNEQUIN-MANIKIN/DP/B07NQ3XMNS
ERUIYIN	ERUIYIN	amazon.ca	HTTPS://WWW.AMAZON.CA/ERUIYIN-NECKLACE-ZIRCONIA-PENDANT-STAINLESS/DP/B09L766PWN
ERXVXP	ERXVXP	amazon.ca	HTTPS://WWW.AMAZON.CA/ERXVXP-WOMEN-WILLIE-SLEEVE-T-SHIRTS/DP/B07DNCZFBJ
ERZRGA	ERZRGA	amazon.ca	HTTPS://WWW.AMAZON.CA/TEXTURED-BEDDING-PILLOWCASES-CLOSURE-BREATHABLE/DP/B0C3DDSKSM
ESAYENDDER	ESAYENDDER	amazon.ca	HTTPS://WWW.AMAZON.CA/ESAYENDDER-STAINLESS-DUMBBELL-FITNESS-MUG-360/DP/B0DQPG8N27
ESAYENDDER	ESAYENDDER	amazon.ca	HTTPS://WWW.AMAZON.CA/ESAYENDDER-STAINLESS-DUMBBELL-FITNESS-SPORTS/DP/B0DQSJFKS8
ESCKW	ESCKW	amazon.ca	HTTPS://WWW.AMAZON.CA/ESCKW-COMPATIBLE-ELECTRIC-SCOOTER-REPLACEMENT/DP/B0B77S2WVG
ESCKW	ESCKW	amazon.ca	HTTPS://WWW.AMAZON.CA/ESCKW-ELECTRIC-REPLACEMENT-INFLATABLE-OFF-ROAD/DP/B0C78GXBZQ
ESDELLA	ESDELLA	amazon.ca	HTTPS://WWW.AMAZON.CA/ESDELLA-UMBRELLA-ALUMINUM-ORGANIZER-TWO-TIER/DP/B07KVLY5YY
ESGOTBME	ESGOTBME	amazon.ca	HTTPS://WWW.AMAZON.CA/ESGOTBME-BACKDROP-DECORATIONS-BACKGROUND-PHOTOGRAPHY/DP/B0CSVJMLDP
ESGOTBME	ESGOTBME	amazon.ca	HTTPS://WWW.AMAZON.CA/ESGOTBME-BACKDROP-VALENTINES-PHOTOGRAPHY-DECORATION/DP/B0CSVRWJ1H
ESKEAR	ESKEAR	amazon.ca	HTTPS://WWW.AMAZON.CA/ESKEAR-FIBERBOARD-CENTERS-CAPACITY-PRESSBOARD/DP/B0C2B5H7V7
ESNOWLEE	ESNOWLEE	amazon.ca	HTTPS://WWW.AMAZON.CA/ESNOWLEE-PUNCHING-LARGER-BOXING-INFLATABLE/DP/B0CJ4NM55B
ESOLTON	ESOLTON	amazon.ca	HTTPS://WWW.AMAZON.CA/ESOLTON-HALLOWEEN-CERTIFIED-CHRISTMAS-CELEBRATIONS/DP/B0B1TXVSV4
ESSFEENI	ESSFEENI	amazon.ca	HTTPS://WWW.AMAZON.CA/ESSFEENI-COLLEGE-BACKPACK-CONVERTIBLE-DAYPACK/DP/B0BZBJ3LQP
ESSFEENI	ESSFEENI	amazon.ca	HTTPS://WWW.AMAZON.CA/ESSFEENI-CROSSBODY-CLUTCH-HANDMADE-HEXAGONS/DP/B0BNC56DY3
ESSFEENI	ESSFEENI	amazon.ca	HTTPS://WWW.AMAZON.CA/ESSFEENI-EVENING-HANDBAG-TOP-HANDLE-FLUFFY/DP/B0BND3DY8V
ESSFEENI	ESSFEENI	amazon.ca	HTTPS://WWW.AMAZON.CA/ESSFEENI-LEATHER-FASHION-WAISTBAND-ELASTIC/DP/B0BNC4QXPD
ESSFEENI	ESSFEENI	amazon.ca	HTTPS://WWW.AMAZON.CA/ESSFEENI-CROCHET-HANDBAGS-FISHING-SHOULDER/DP/B0BW44Q58P
ESSFEENI	ESSFEENI	amazon.ca	HTTPS://WWW.AMAZON.CA/ESSFEENI-PRE-TIED-ADJUSTABLE-JACQUARD-BUSINESS/DP/B0C9945ZHL
ESSFEENI	ESSFEENI	amazon.ca	HTTPS://WWW.AMAZON.CA/ESSFEENI-BUCKET-COTTON-REVERSIBLE-VACATION/DP/B0BND5R8QY
ESSFEENI	ESSFEENI	amazon.ca	HTTPS://WWW.AMAZON.CA/ESSFEENI-HEADBAND-NECKLACE-HALLOWEEN-ACCESSORIES/DP/B0C5X42V6T
ESSFEENI	ESSFEENI	amazon.ca	HTTPS://WWW.AMAZON.CA/ESSFEENI-WINTER-BUCKET-PRINT-FISHERMAN/DP/B09FHY8BQY
ESSGUO	ESSGUO	amazon.ca	HTTPS://WWW.AMAZON.CA/ESSGUO-AUTOMATIC-SWIMMING-DISPENSER-GOLDFINCH/DP/B0CGCFF493
ESTHELLO	ESTHELLO	amazon.ca	HTTPS://WWW.AMAZON.CA/ESTHELLO-BATHROOM-STORAGE-WATERPROOF-ORGANIZER/DP/B09YGPFV5V
ESTINL	ESTINL	amazon.ca	HTTPS://WWW.AMAZON.CA/ESTINL-INCUBATOR-AUTOMATIC-TEMPERATURE-HUMIDITY/DP/B08JXHC2YT
ESTODER	ESTODER	amazon.ca	HTTPS://WWW.AMAZON.CA/ESTODER-UNIVERSAL-CONDITIONER-ADJUSTABLE-HORIZONTAL/DP/B0B11N34F1
ESTOULEN	ESTOULEN	amazon.ca	HTTPS://WWW.AMAZON.CA/ESTOULEN-DUVET-COVER-100-WASHED-MICROFIBER-BEDDING-SET-TEXTURED-SEERSUCKER-ZIPPER-CLOSURE/DP/B08SHWQGMK
ESTOULEN	ESTOULEN	amazon.ca	HTTPS://WWW.AMAZON.CA/ESTOULEN-DUVET-COVER-100-WASHED-MICROFIBER-BEDDING-SET-TEXTURED-SEERSUCKER-ZIPPER-CLOSURE/DP/B08L3P7BG6
ESWEEY	ESWEEY	amazon.ca	HTTPS://WWW.AMAZON.CA/ESWEEY-THERMOFLASK-TRAVEL-STAINLESS-FISHING/DP/B0CKW64PSN
ETAROWKS	ETAROWKS	amazon.ca	HTTPS://WWW.AMAZON.CA/ETAROWKS-AROMATHERAPY-HUMIDIFIER-ULTRASONIC-ADJUSTABLE/DP/B07FRY84J4
ETERAMUS	ETERAMUS	amazon.ca	HTTPS://WWW.AMAZON.CA/ETERAMUS-CHRISTMAS-STOCKINGS-EMBROIDERY-SNOWFLAKE/DP/B0B5HLCVQP
ETIASQSA	ETIASQSA	amazon.ca	HTTPS://WWW.AMAZON.CA/ETIASQSA-FOLDING-SLIDING-HARDWARE-SPACE%EF%BC%8CHEAVY/DP/B09PV6RWSN
ETMURY	ETMURY	amazon.ca	HTTPS://WWW.AMAZON.CA/ETMURY-BEDSIDE-RECHARGEABLE-CONTROL-DIMMABLE/DP/B08C9M37VW
ETNAPLASTICFOLDINGPETSTEPS	ETNAPLASTICFOLDINGPETSTEPS	amazon.ca	HTTPS://WWW.AMAZON.CA/ETNA-PLASTIC-FOLDING-PET-STEPS/DP/B00DQD18X6
ETOSSAN	ETOSSAN	amazon.ca	HTTPS://WWW.AMAZON.CA/ETOSSAN-AX001-DRYWALL-MESH-TAPE/DP/B0BVYXYVRW
ETSKOM	ETSKOM	amazon.ca	HTTPS://WWW.AMAZON.CA/ETSKOM-2-PIECE-TAPESTRY-AESTHETIC-HANGING/DP/B0BDKP35F4
ETSKOM	ETSKOM	amazon.ca	HTTPS://WWW.AMAZON.CA/ETSKOM-TAPESTRY-SUITABLE-AESTHETIC-LIGHTNING/DP/B0BDJWFB3W
EUBEST	EUBEST	amazon.ca	HTTPS://WWW.AMAZON.CA/EUBEST-LEATHER-BIFOLD-WALLET-HOLDER/DP/B00PGXVUQY
EUBEST	EUBEST	amazon.ca	HTTPS://WWW.AMAZON.CA/EUBEST-CHASTITY-SILVER-LOCKING-DEVICES/DP/B00X40NQQS
EUEHIE	EUEHIE	amazon.ca	HTTPS://WWW.AMAZON.CA/EUEHIE-PASSPORT-HOLDER-LEATHER-WATERPROOF/DP/B099QGV9B7
EULANGDE	EULANGDE	amazon.ca	HTTPS://WWW.AMAZON.CA/EULANGDE-PREMIUM-LEATHER-WOODWORKING-ADJUSTABLE/DP/B08P2YLHHT
EUROPEUTIC	EUROPEUTIC	amazon.ca	HTTPS://WWW.AMAZON.CA/EUROPEUTIC-COOLING-VENTILATED-MEMORY-PILLOW/DP/B00X15YJ9Y
EVAIFE	EVAIFE	amazon.ca	HTTPS://WWW.AMAZON.CA/EVAIFE-MACHINE-SOOTHING-BLUETOOTH-SLEEPING/DP/B0B2NNL4ZV
EVANNT	EVANNT	amazon.ca	HTTPS://WWW.AMAZON.CA/PORCELAIN-CANISTER-STORAGE-CONTAINER-CONDIMENT/DP/B09XCJKTJJ
EVANNT	EVANNT	amazon.ca	HTTPS://WWW.AMAZON.CA/EVANNT-CONDIMENT-PORCELAIN-JAPANESE-SEASONING/DP/B0C8SZT6BW
EVANNT	EVANNT	amazon.ca	HTTPS://WWW.AMAZON.CA/EVANNT-CERAMIC-CHINESE-JAPANESE-PORCELAIN/DP/B0BY2HVB23
EVERNEW	EVERNEW	amazon.ca	HTTPS://WWW.AMAZON.CA/STORES/EVERNEW/PAGE/F97FABDA-91CE-4E25-9EDC-575F49C37819
EVERYWHEREFOCUS	EVERYWHEREFOCUS	amazon.ca	HTTPS://WWW.AMAZON.CA/EVERYWHEREFOCUS-FLEXIBLE-UNIVERSAL-SMARTPHONE-VBLOGGING/DP/B01F9EJWLO
EVERYWHEREFOCUS	EVERYWHEREFOCUS	amazon.ca	HTTPS://WWW.AMAZON.CA/EVERYWHEREFOCUS-TABLET-HOLDER-STICKY-SUCTION/DP/B079MHDFZD
EVERYWHEREFOCUS	EVERYWHEREFOCUS	amazon.ca	HTTPS://WWW.AMAZON.CA/EVERYWHEREFOCUS-FLEXIBLE-UNIVERSAL-SMARTPHONE-VBLOGGING/DP/B00YJKFJAS
EVIGAL	EVIGAL	amazon.ca	HTTPS://WWW.AMAZON.CA/EVIGAL-WIRELESS-QI-CERTIFIED-CHARGING-COMPATIBLE/DP/B085MYXBB9
EVINTER	EVINTER	amazon.ca	HTTPS://WWW.AMAZON.CA/EVINTER-RUNNING-LIGHTWEIGHT-AIR-PERMEABLE-LEISURE/DP/B07QY1NCXR
EVTMAG	EVTMAG	amazon.ca	HTTPS://WWW.AMAZON.CA/EVTMAG-UPDATED-22-INCH-AERATOR-STAINLESS/DP/B0CPL1P11X
EVTMAG	EVTMAG	amazon.ca	HTTPS://WWW.AMAZON.CA/EVTMAG-UPGRADE-AERATOR-17-INCH-ROLLING/DP/B0C4DFMWXY
EVUMO	EVUMO	amazon.ca	HTTPS://WWW.AMAZON.CA/STORES/EVUMO/%E4%B8%BB%E9%A1%B5/PAGE/562193A1-3F99-48C9-88A6-C42B33E6A97C
EWAIIRA	EWAIIRA	amazon.ca	HTTPS://WWW.AMAZON.CA/STORES/EWAIIRA/PAGE/07847282-F7D5-4626-BFAD-175F70DC8418
EWIGOLD	EWIGOLD	amazon.ca	HTTPS://WWW.AMAZON.CA/EWIGOLD-2024-DUAL-BAR-RAILS-SENIORS/DP/B0CCNJ9B52
EWRGGR	EWRGGR	amazon.ca	HTTPS://WWW.AMAZON.CA/EWRGGR-SUPPORT-COMPRESSION-CUSHION-FASCIITIS/DP/B09NQ4G4NV
EWRGGR	EWRGGR	amazon.ca	HTTPS://WWW.AMAZON.CA/EWRGGR-REPLACEMENT-COMPATIBLE-FORERUNNER-WRISTBANDS/DP/B0BNH13SH8
EXCELSIORBECAUSEYOULOVEIT	EXCELSIORBECAUSEYOULOVEIT	amazon.ca	HTTPS://WWW.AMAZON.CA/STORES/EXCELSIORBECAUSEYOULOVEIT/PAGE/6C1A738F-A6C4-4FAF-8940-AC8D007DE9B7
EXCELSIORBECAUSEYOULOVEIT	EXCELSIORBECAUSEYOULOVEIT	amazon.ca	HTTPS://WWW.AMAZON.CA/STORES/EXCELSIORBECAUSEYOULOVEIT/PAGE/89CCA5C8-82B6-4D26-9637-67DD96464CD4
EXCERCUS	EXCERCUS	amazon.ca	HTTPS://WWW.AMAZON.CA/EXCERCUS-ALUMINUM-PROFESSIONAL-LIGHTWEIGHT-SHOOTING/DP/B08FC2GT65
EXCIBUBBLEBEARBB	EXCIBUBBLEBEARBB	amazon.ca	HTTPS://WWW.AMAZON.CA/DUAL-SIDED-MATTRESS-HYPOALLERGENIC-NON-TOXIC-STANDARD/DP/B0CK5ML5YJ
EXECCZO	EXECCZO	amazon.ca	HTTPS://WWW.AMAZON.CA/ECZO-ORGANIZER-ORGANIZING-MAGAZINE-CHARGERS/DP/B07H4D1XTD
EXECCZO	EXECCZO	amazon.ca	HTTPS://WWW.AMAZON.CA/EXECCZO-USW-FLEX-MINI-UBIQUITI-UNIFI-SWITCH/DP/B086GNGL77
EXFEEKO	EXFEEKO	amazon.ca	HTTPS://WWW.AMAZON.CA/ELECTRIC-SCRUBBER-REPLACEABLE-DETACHABLE-HOUSEHOLD/DP/B09PDHLLM8
EXJIOTA	EXJIOTA	amazon.ca	HTTPS://WWW.AMAZON.CA/EXJIOTA-INTELLIGENT-POSTPARTUM-CLEANSING-MENSTRUAL/DP/B09NVFDV8C
EXKALAFUL	EXKALAFUL	amazon.ca	HTTPS://WWW.AMAZON.CA/EXKALAFUL-POLYESTER-LEATHER-PRODUCTION-SUITABLE/DP/B0B5HFS9RB
EXLINONLINE	EXLINONLINE	amazon.ca	HTTPS://WWW.AMAZON.CA/EXLINONLINE/B/REF=MH_BL_SL_AP_AP_MW_19514265011?IE=UTF8&NODE=19514265011&FIELD-LBR_BRANDS_BROWSE-BIN=EXLINONLINE
EXMAPOR	EXMAPOR	amazon.ca	HTTPS://WWW.AMAZON.CA/STORES/EXMAPOR/PAGE/BFE65EC8-DB6C-40B5-9146-E6AC0AEDC480
EXPLOREBLISS	EXPLOREBLISS	amazon.ca	HTTPS://WWW.AMAZON.CA/EXPLOREBLISS-TRAVEL-PILLOW-DARK-GREY/DP/B0CFF2JG1N
EXPLOREBLISS	EXPLOREBLISS	amazon.ca	HTTPS://WWW.AMAZON.CA/EXPLOREBLISS-TRAVEL-PILLOW-DARK-GREY/DP/B0CFF26HH4
EXPLOREBLISS	EXPLOREBLISS	amazon.ca	HTTPS://WWW.AMAZON.CA/EXPLOREBLISS/B/REF=BL_DP_S_MW_117141942011?IE=UTF8&NODE=117141942011&FIELD-LBR_BRANDS_BROWSE-BIN=EXPLOREBLISS
EXPOPROX	EXPOPROX	amazon.ca	HTTPS://WWW.AMAZON.CA/EXPOPROX-WEARABLE-ERGONOMIC-KEYBOARD-CUSHIONS-ADJUSTABLE/DP/B0BC2BXSSN
EXQUAILTY	EXQUAILTY	amazon.ca	HTTPS://WWW.AMAZON.CA/EXQUAILTY-MEDITATION-DECORATION-HOUSEWARMING-SCULPTURES/DP/B09PXVQDBH
EXULIGHT	EXULIGHT	amazon.ca	HTTPS://WWW.AMAZON.CA/EXULIGHT-LIGHTS-PARTIES-HALLOWEEN-HOUSING/DP/B0787ZLCP3
EXZYCKE	EXZYCKE	amazon.ca	HTTPS://WWW.AMAZON.CA/EXZYCKE-SIMULATION-PHOTOGRAPHY-BACKGROUND-WATERPROOF/DP/B0CMZYBKH8
EXZYCKE	EXZYCKE	amazon.ca	HTTPS://WWW.AMAZON.CA/EXZYCKE-14PATTERNS-PHOTOGRAPHY-BACKGROUND-DOUBLE-SIDED/DP/B0D1BXTRSV
EYANTRICK	EYANTRICK	amazon.ca	HTTPS://WWW.AMAZON.CA/EYANTRICK-BOTTLES-HOLDERS-PLASTICS-BICYCLE/DP/B0BZCWD514
EYBOPB	EYBOPB	amazon.ca	HTTPS://WWW.AMAZON.CA/EYBOPB-OUTDOOR-WATERPROOF-ACRYLIC-ALUMINUM/DP/B08YRN99TQ
EYDOTER	EYDOTER	amazon.ca	HTTPS://WWW.AMAZON.CA/LAPTOP-TABLE-ADULTS-WRITING-EATING/DP/B0B1WHMWWZ
EYISTAR	EYISTAR	amazon.ca	HTTPS://WWW.AMAZON.CA/RUNNING-ARMBAND-WRISTBAND-CROSSBODY-SHOULDER/DP/B09S9YMY9M
EYLEER	EYLEER	amazon.ca	HTTPS://WWW.AMAZON.CA/STAINLESS-TRAINER-KIT-B%C3%BBTT-MASSAGE-JEWELED/DP/B07RK2V52Q
EYLEER	EYLEER	amazon.ca	HTTPS://WWW.AMAZON.CA/EYLEER-DOUBLE-SIDED-ADHESIVE-CURTAINS-TROUSERS/DP/B0CZTN6Z6V
EYLEER	EYLEER	amazon.ca	HTTPS://WWW.AMAZON.CA/EYLEER-PORTABLE-TOILETRIES-ESSENTIAL-CONTAINERS/DP/B0CY5M71LD
EYLEER	EYLEER	amazon.ca	HTTPS://WWW.AMAZON.CA/EYLEER-DURABLE-FRIENDLY-RESTRAINT-MULTICOLORS/DP/B07NCVYL59
EYNSHOO	EYNSHOO	amazon.ca	HTTPS://WWW.AMAZON.CA/EYNSHOO-FLAMELESS-FLICKERING-REALISTIC-RECHARGEABLE/DP/B0F93TDJPT
EYOTOOL	EYOTOOL	amazon.ca	HTTPS://WWW.AMAZON.CA/EYOTOOL-CURTAIN-DIVIDER-WEDDING-RESTAURANT/DP/B014TF6ABO
EYPID	EYPID	amazon.ca	HTTPS://WWW.AMAZON.CA/CORDLESS-RECHARGEABLE-BRIGHTNESS-MINIMALIST-RESTAURANT/DP/B0BZ4Q685C
EYRIZON	EYRIZON	amazon.ca	HTTPS://WWW.AMAZON.CA/EYRIZON-SHEPARDS-BIRDHOUSE-PLATFORM-ADJUSTABLE/DP/B0FQJ499KR
EYUEPU	EYUEPU	amazon.ca	HTTPS://WWW.AMAZON.CA/EYUEPU-TRASH-PLASTIC-KITCHEN-OFFICE/DP/B09JVNMHCY
EYYAO	EYYAO	amazon.ca	HTTPS://WWW.AMAZON.CA/EYYAO-HAIR-REMOVAL-HARD-REACH/DP/B0BPN26PPN
EYYVRE	EYYVRE	amazon.ca	HTTPS://WWW.AMAZON.CA/EYYVRE-ASSIST-FISHING-KNOTTER-MONOFILAMENT/DP/B091BTBYM8
EZCPIGEI	EZCPIGEI	amazon.ca	HTTPS://WWW.AMAZON.CA/EZCPIGEI-KITTIES-STYLES-HANDLES-DECORATIONS/DP/B0D8Y8LDBN
EZKOZZY	EZKOZZY	amazon.ca	HTTPS://WWW.AMAZON.CA/EZKOZZY-INFLATABLE-BED-PUNCTURE-RESISTANT-WATERPROOF/DP/B0CQYNB876
EZONEDEAL	EZONEDEAL	amazon.ca	HTTPS://WWW.AMAZON.CA/STORES/EZONEDEAL/HOMEPAGE/PAGE/E5BEAE8B-174C-4D39-89B0-1ED850AF6056
EZOYU	EZOYU	amazon.ca	HTTPS://WWW.AMAZON.CA/EZOYU-ORGANIZER-PREMIUM-MULTI-PURPOSE-REUSABLE/DP/B0B51S8STG
EZPROIT	EZPROIT	amazon.ca	HTTPS://WWW.AMAZON.CA/EZPROIT-SPIKED-EXTENDED-M12X1-5-SOCKET/DP/B08KT1PYWG
EZPROUSA	EZPROUSA	amazon.ca	HTTPS://WWW.AMAZON.CA/EZPROUSA-SHAMPOO-CYLINDER-REFILLABLE-SPRINGLESS/DP/B081Z8G8B5
FAAHI	FAAHI	amazon.ca	HTTPS://WWW.AMAZON.CA/FAAHI-SHARPENER-INDUSTRIAL-DIAMONDS-INCLINATION/DP/B0D6RCTVLD
FABENIX	FABENIX	amazon.ca	HTTPS://WWW.AMAZON.CA/FABENIX-VEGETABLE-CLEANING-VEGETABLES-TABLEWARE/DP/B0BB2RQ4V7
FABISUP	FABISUP	amazon.ca	HTTPS://WWW.AMAZON.CA/FABISUP-BICYCLE-BRACKET-MOUNTAIN-BRACKETS/DP/B0BHHQ6YBN
FABORNUS	FABORNUS	amazon.ca	HTTPS://WWW.AMAZON.CA/FABORNUS-PREMIUM-INSERTS-HYPOALLERGENIC-DECORATIVE/DP/B09FJK8NKK
FABUTIER	FABUTIER	amazon.ca	HTTPS://WWW.AMAZON.CA/FABUTIER-BATHROOM-ORGANIZER-KITCHEN-CABINET/DP/B0DSBRYS1Z
FACESPYA	FACESPYA	amazon.ca	HTTPS://WWW.AMAZON.CA/OHOULIHANS-MIDNIGHT-MOUNTAIN-WOLF-PATCH/DP/B07WJZ9KBG
FACGENII	FACGENII	amazon.ca	HTTPS://WWW.AMAZON.CA/BLACKHEAD-REMOVER-PORE-VACUUM-FACGENII-2021-CLEANER-ELECTRIC/DP/B08ZMNZCB1
FAFAMESO	FAFAMESO	amazon.ca	HTTPS://WWW.AMAZON.CA/FAFAMESO-PUTTING-TRAINING-EQUIPMENT-PRACTICE/DP/B0BVZ1M1TW
FAFCITVZ	FAFCITVZ	amazon.ca	HTTPS://WWW.AMAZON.CA/FAFCITVZ-HALLOWEEN-COSPLAY-HOODED-COSTUME/DP/B07J1MSMKM
FAFCITVZ	FAFCITVZ	amazon.ca	HTTPS://WWW.AMAZON.CA/FAFCITVZ-GLOVES-EVENING-WEDDING-COSPLAY/DP/B0BM6V8PQY
FAFCITVZ	FAFCITVZ	amazon.ca	HTTPS://WWW.AMAZON.CA/FAFCITVZ-FINGERLESS-LEATHER-STEAMPUNK-PERFORMANCE/DP/B0CLXQYVKP
FAFCITVZ	FAFCITVZ	amazon.ca	HTTPS://WWW.AMAZON.CA/COLLAPSIBLE-STORAGE-PORTABLE-CONTAINER-MOTORHOME/DP/B08T9L9QT1
FAFCITVZ	FAFCITVZ	amazon.ca	HTTPS://WWW.AMAZON.CA/FAFCITVZ-TRIANGLE-MULTIPURPOSE-ROLL-UP-STAINLESS/DP/B08BCM9QBR
FAFEICY	FAFEICY	amazon.ca	HTTPS://WWW.AMAZON.CA/STORES/FAFEICY/FAFEICY/PAGE/045A8DAE-34C5-4E55-B77F-7B11A3F7E22F
FAHANER	FAHANER	amazon.ca	HTTPS://WWW.AMAZON.CA/FAHANER-HAIRBRUSH-HAIRDRESSER-ADJUSTABLE-HAIRSTYLISTS/DP/B07V227CKB
FAJIAVAGW	FAJIAVAGW	amazon.ca	HTTPS://WWW.AMAZON.CA/PROTECTOR-NAVIGATION-TEMPERED-UNIVERSAL-MULTIMEDIA/DP/B0B3T3G217
FALEMEI	FALEMEI	amazon.ca	HTTPS://WWW.AMAZON.CA/CROCHET-GODDESS-DREADLOCS-SYNTHETIC-BRAIDING/DP/B08LK5H6CL
FAMIFIRST	FAMIFIRST	amazon.ca	HTTPS://WWW.AMAZON.CA/FAMIFIRST-CUSHION-MEDITATION-SEATING-DIAMETRE/DP/B08CV4TBVL
FAMOBAY	FAMOBAY	amazon.ca	HTTPS://WWW.AMAZON.CA/INTERLOCKING-WOOD-LIKE-WATERPROOF-FLOORING-POOLSIDE/DP/B0CM3Q6GYS
FAMOLAY	FAMOLAY	amazon.ca	HTTPS://WWW.AMAZON.CA/FAMOLAY-RECHARGEABLE-WATERPROOF-TAILLIGHT-WHEELCHAIR/DP/B07HFVKHRQ
FANCASA	FANCASA	amazon.ca	HTTPS://WWW.AMAZON.CA/FANCASA-PORTABLE-ADJUSTABLE-NOTEBOOK-COMPUTER/DP/B07T23274Q
FANDEARRO	FANDEARRO	amazon.ca	HTTPS://WWW.AMAZON.CA/FANDEARRO-FISHING-SPINNER-SALMON-WALLEYE/DP/B09GF68F6P
FANKESHI	FANKESHI	amazon.ca	HTTPS://WWW.AMAZON.CA/FANKESHI-BOYS-BUTTON-FORMAL-BLACK/DP/B079HZ5NX6
FANSTIVE	FANSTIVE	amazon.ca	HTTPS://WWW.AMAZON.CA/FANSTIVE-BREATHABLE-BEDDING-FARMHOUSE-COMFORTER/DP/B0G5PXVHGB
FASEEM	FASEEM	amazon.ca	HTTPS://WWW.AMAZON.CA/FASEEM-INDUCTION-COMPATIBLE-DISHWASHER-NON-TOXIC/DP/B0BBG3L2LS
FASRYKOC	FASRYKOC	amazon.ca	HTTPS://WWW.AMAZON.CA/FASRYKOC-WOMENS-THICKEN-QUILTED-PUFFER/DP/B0D7TGF2SL
FASTES	FASTES	amazon.ca	HTTPS://WWW.AMAZON.CA/STORES/FASTES/PAGE/4F74C087-7937-4EE5-BC09-55C357AF146E
FASTMOMENT	FASTMOMENT	amazon.ca	HTTPS://WWW.AMAZON.CA/FASTMOMENT-SEAT-CUSHION-FOLDABLE-BREATHABLE/DP/B0DXK2C91G
FATCOOLGOO	FATCOOLGOO	amazon.ca	HTTPS://WWW.AMAZON.CA/FATCOOLGOO-CAT-LEASH-HARNESS-SET/DP/B09PH47ZZM
FATDAA	FATDAA	amazon.ca	HTTPS://WWW.AMAZON.CA/FATDAA-STAIRS-ANIMALS-REMOVABLE-RESISTANT/DP/B09GX6VW5M
FATEFAN	FATEFAN	amazon.ca	HTTPS://WWW.AMAZON.CA/FATEFAN-MULTIFUNCTION-RESISTANCE-STRETCHING-SLIMMING/DP/B0876ZY2VB
FATHISOOC	FATHISOOC	amazon.ca	HTTPS://WWW.AMAZON.CA/STORES/FATHISOOC/PAGE/6300B80A-06DA-4485-99FC-9A3BB1D02F4E
FATOLRD	FATOLRD	amazon.ca	HTTPS://WWW.AMAZON.CA/FATOLRD-BAR-FOLDABLE-PORTABLE-COLLAPSIBLE/DP/B0DGFSFMJW
FAVORFISHFANS	FAVORFISHFANS	amazon.ca	HTTPS://WWW.AMAZON.CA/FAVORFISHFANS-FOOTBALL-DISPLAY-CASE-1PC/DP/B0CX7D4ZGN
FAVORKIT	FAVORKIT	amazon.ca	HTTPS://WWW.AMAZON.CA/SLICER-ATTACHMENT-KITCHENAID-DISHWASHER-ACCESSORIES/DP/B0CBBHCVGX
FAVORKIT	FAVORKIT	amazon.ca	HTTPS://WWW.AMAZON.CA/STAINLESS-ATTACHMENT-KITCHENAID-ACCESSORIES-DISHWASHER/DP/B0BRCVSJZF
FAWNOVEY	FAWNOVEY	amazon.ca	HTTPS://WWW.AMAZON.CA/FAWNOVEY-GAMEPAD-BEDROOM-CONTROLLER-NON-SLIP/DP/B0BP951F59
FAYMIZSA	FAYMIZSA	amazon.ca	HTTPS://WWW.AMAZON.CA/FAYMIZSA-GAUGE-SET-COLOR-SPEEDOMETER/DP/B0CFLR4BBK
FBORHAFY	FBORHAFY	amazon.ca	HTTPS://WWW.AMAZON.CA/FBORHAFY-NONSTICK-BOV810BSS-BOV845BSS-BOV900BSS/DP/B0CJFXVM4R
FCHOME	FCHOME	amazon.ca	HTTPS://WWW.AMAZON.CA/FCHOME-SUCTION-SELF-ADHESIVE-BATHROOM-BALANCE/DP/B0885W3YW4
FCUADRO	FCUADRO	amazon.ca	HTTPS://WWW.AMAZON.CA/FCUADRO-HANGOVER-HOLOGRAPHIC-RECOVERY-BACHELORETTE/DP/B0BWMVVWD9
FDOCOI	FDOCOI	amazon.ca	HTTPS://WWW.AMAZON.CA/CHIMES-OUTSIDE-OUTSIDE%EF%BC%8CMEMORIAL-GARDEN-BALCONY/DP/B08Y91NL37
FEATHMOO	FEATHMOO	amazon.ca	HTTPS://WWW.AMAZON.CA/FEATHMOO-INDUSTRIAL-TEMPERATURE-MINIMALIST-350%C2%B0ADJUSTABLE/DP/B0BZJDMJ74
FEAYA	FEAYA	amazon.ca	HTTPS://WWW.AMAZON.CA/FEAYA-PROTECTION-BALACLAVA-NECKWARMER-CYCLING/DP/B0882ZFQ5F
FEBALHS	FEBALHS	amazon.ca	HTTPS://WWW.AMAZON.CA/FEBALHS-HALLOWEEN-COSTUME-ACCESSORIES-HEADBAND/DP/B0C84TYCPM
FEBWIND	FEBWIND	amazon.ca	HTTPS://WWW.AMAZON.CA/FEBWIND-CATCHER-WASHING-MACHINE-STAINLESS/DP/B0BHS6GRQH
FEDNMOU	FEDNMOU	amazon.ca	HTTPS://WWW.AMAZON.CA/FEDNMOU-TIKTOK-SCROLLING-KINDLE-REMOTE/DP/B0BWMH3PD8
FEELJULY	FEELJULY	amazon.ca	HTTPS://WWW.AMAZON.CA/FEELJULY-GALLON-WATER-BOTTLE-REUSABLE/DP/B0C7QMZKFC
FEEMIYO	FEEMIYO	amazon.ca	HTTPS://WWW.AMAZON.CA/FEEMIYO-UPGRADED-FLOATING-THERMOSTATICALLY-CONTROLLED/DP/B0CHS4HYWL
FEERNICH	FEERNICH	amazon.ca	HTTPS://WWW.AMAZON.CA/FEERNICH-REUSABLE-REPLACEMENT-ELECTRIC-PORTABLE%EF%BC%88WHITE%EF%BC%89/DP/B0CJ4QLH9P
FEIANOTO	FEIANOTO	amazon.ca	HTTPS://WWW.AMAZON.CA/FEIANOTO-FISHING-FALLING-SINKING-40G60G80G/DP/B0CP9LTGP1
FEIONAR	FEIONAR	amazon.ca	HTTPS://WWW.AMAZON.CA/FEIONAR-PRIVACY-WATERPROOF-CHANGING-PORTABLE/DP/B0CC183BM9
FEIONAR	FEIONAR	amazon.ca	HTTPS://WWW.AMAZON.CA/FEIONAR-BAG-KIT-POLYESTER-ACCESSORIES/DP/B0CN8VRQZT
FEIONAR	FEIONAR	amazon.ca	HTTPS://WWW.AMAZON.CA/FEIONAR-SPEAKER-PROTECTION-RESISTANT-DUSTPROOF/DP/B0CB8B1DSR
FEIPONE	FEIPONE	amazon.ca	HTTPS://WWW.AMAZON.CA/FEIPONE-SKILLETS-TEMPERED-STAINLESS-DISHWASHER/DP/B0CLRVF4QV
FEISIER	FEISIER	amazon.ca	HTTPS://WWW.AMAZON.CA/FEISIER-TRIMMER-CUTTING-STYLING-REPLACEMENT/DP/B091B4H6Y2
FEISING	FEISING	amazon.ca	HTTPS://WWW.AMAZON.CA/FEISING-PORTABLE-MONITOR-MAGNETIC-QUICK-RELEASE/DP/B0D3F2TBWM
FELHCC	FELHCC	amazon.ca	HTTPS://WWW.AMAZON.CA/FELHCC-POSTERS-FRAMED-BEDROOM-BATHROOM/DP/B0CRDPHD75
FELIEXEZ	FELIEXEZ	amazon.ca	HTTPS://WWW.AMAZON.CA/QUICARD-FELIEXEZ-GOALKEEPER-ULTIMATE-FOOTBALL/DP/B0CMGWRRMP
FEMFADY	FEMFADY	amazon.ca	HTTPS://WWW.AMAZON.CA/STORES/FEMFADY/PAGE/E25D5F9E-F981-4A0E-949B-D6087C6B7328
FENDAZEE	FENDAZEE	amazon.ca	HTTPS://WWW.AMAZON.CA/FENDAZEE-COMPATIBLE-COROLLA-2020-2023-WEATHER/DP/B0BNLSCWW6
FENGYUEKE	FENGYUEKE	amazon.ca	HTTPS://WWW.AMAZON.CA/FENGYUEKE-HEATING-CORDLESS-WASHABLE-XL-115X72CM/DP/B09NM476PQ
FENSMILE	FENSMILE	amazon.ca	HTTPS://WWW.AMAZON.CA/ELECTRIC-STRAINER-INLINE-TENSIONER-RATCHET/DP/B08HLDT8TC
FENWOOH	FENWOOH	amazon.ca	HTTPS://WWW.AMAZON.CA/FENWOOH-INFLATABLE-COSTUMES-COSTUME-HALLOWEEN/DP/B07WZ15Q5P
FEREDOKIDS	FEREDOKIDS	amazon.ca	HTTPS://WWW.AMAZON.CA/STORES/FEREDOKIDS/%E4%B8%BB%E9%A1%B5/PAGE/651040C6-C6AD-440C-B819-36892F62D942
FETOATAR	FETOATAR	amazon.ca	HTTPS://WWW.AMAZON.CA/FETOATAR-DRAWSTRING-STORAGE-EARPHONE-INCH-12PCS/DP/B0DPWKC9B9
FETTINOW	FETTINOW	amazon.ca	HTTPS://WWW.AMAZON.CA/STORES/FETTINOW/PLUSHGNOMES/PAGE/0EA47840-80CD-4AFB-928D-64F831504320
FETTORLER	FETTORLER	amazon.ca	HTTPS://WWW.AMAZON.CA/FETTORLER-REFRIGERATOR-RECTANGULAR-SPLASH-PROOF-ABSORBENT/DP/B09W9MZW26
FETTORLER	FETTORLER	amazon.ca	HTTPS://WWW.AMAZON.CA/REFRIGERATOR-ABSORBENT-FETTORLER-DISPENSERS-RECTANGULAR/DP/B0B1DLY2D7
FEVAYEER	FEVAYEER	amazon.ca	HTTPS://WWW.AMAZON.CA/FEELINGS-EMOTIONS-EMOTIONAL-LEARNING-CLASSROOM/DP/B0B5TDJK71
FFIJJ	FFIJJ	amazon.ca	HTTPS://WWW.AMAZON.CA/FFIJJ-MODERN-UPHOLSTERED-READING-BEDROOMS/DP/B0CNSKFWLK
FFUWERG	FFUWERG	amazon.ca	HTTPS://WWW.AMAZON.CA/FFUWERG-ELECTRIC-SCRUBBER-CLEANING-RECHARGEABLE/DP/B0B29K1TQ8
FGCVX	FGCVX	amazon.ca	HTTPS://WWW.AMAZON.CA/-/FR/DP/B09TRXWYW2
FGDCHNJ	FGDCHNJ	amazon.ca	HTTPS://WWW.AMAZON.CA/FGDCHNJ-5000PSI-STAINLESS-EXTENSION-CONNECTOR/DP/B0C6R3C63V
FGDCHNJ	FGDCHNJ	amazon.ca	HTTPS://WWW.AMAZON.CA/FGDCHNJ-PRESSURE-WASHER-TRIGGER-SPRAY/DP/B09RQP2D41
FGDCHNJ	FGDCHNJ	amazon.ca	HTTPS://WWW.AMAZON.CA/FGDCHNJ-UNIVERSAL-POWERFUL-PRESSURE-ROTATING/DP/B0BMTYD3BH
FGDCHNJ	FGDCHNJ	amazon.ca	HTTPS://WWW.AMAZON.CA/FGDCHNJ-PRESSURE-COUPLER-ADAPTER-FITTING/DP/B09L6SC6L9
FGDCHNJ	FGDCHNJ	amazon.ca	HTTPS://WWW.AMAZON.CA/FGDCHNJ-PRESSURE-REPLACEMENT-COMPATIBLE-ELECTRIC/DP/B0BMR1DQN8
FGDCHNJ	FGDCHNJ	amazon.ca	HTTPS://WWW.AMAZON.CA/FGDCHNJ-PRESSURE-EXTENSION-WAND-13-5INCH/DP/B0BRHLQXYS
FGGHS	FGGHS	amazon.ca	HTTPS://WWW.AMAZON.CA/HARMONICA-FGGHS-ADVANCED-PROFESSIONAL-SILVER/DP/B08974WZMT
FGLMCTSH	FGLMCTSH	amazon.ca	HTTPS://WWW.AMAZON.CA/FGLMCTSH-ORIGINAL-MICROWAVE-CONTAINERS-COLLAPSIBLE/DP/B0CL6C1TZB
FGUYOHU	FGUYOHU	amazon.ca	HTTPS://WWW.AMAZON.CA/POWDER-COATED-ALUMINUM-PYRAMID-NOMINAL-OUTDOOR/DP/B0C2PWN1FJ
FHORAIN	FHORAIN	amazon.ca	HTTPS://WWW.AMAZON.CA/FHORAIN-ORGANIZER-MEDICINE-SUPPLEMENTS-MULTICOLOR/DP/B0DWZTDNMY
FHORAIN	FHORAIN	amazon.ca	HTTPS://WWW.AMAZON.CA/FHORAIN-ORGANIZER-COMPARTMENTS-MEDICATION-SUPPLEMENTS/DP/B0DMTGMQP2
FHWTY	FHWTY	amazon.ca	HTTPS://WWW.AMAZON.CA/DRAINAGE-THICKENED-PLANTERS-SEEDLINGS-SUCCULENT/DP/B0B2P9RMT1
FHYGJD	FHYGJD	amazon.ca	HTTPS://WWW.AMAZON.CA/FHYGJD-HUSKY-PUPPIES-CANVAS-POSTER/DP/B07BNKVJCF
FIAMER	FIAMER	amazon.ca	HTTPS://WWW.AMAZON.CA/FIAMER-ADJUSTABLE-STORAGE-SYSTEM-ORGANIZER/DP/B08394KZ8F
FICLWIGKIS	FICLWIGKIS	amazon.ca	HTTPS://WWW.AMAZON.CA/FICLWIGKIS-NEZU-KO-TAN-JIRO-SHINO-BU-HALLOWEEN/DP/B09MT6MXWF
FICUOK	FICUOK	amazon.ca	HTTPS://WWW.AMAZON.CA/FICUOK-INTERACTIVE-TOYS360%C2%B0-MOTORIZED-SPINNING/DP/B0DNZ2X83C
FIDDY898	FIDDY898	amazon.ca	HTTPS://WWW.AMAZON.CA/FIDDY898-FLOWER-CROWN-HEADBAND-ACCESSORIES/DP/B07R1XGTTL
FIDDY898	FIDDY898	amazon.ca	HTTPS://WWW.AMAZON.CA/FIDDY898-ARTIFICIAL-FLORAL-HEADPIECE-PROP-STYLE/DP/B07DXL31T7
FIDDY898	FIDDY898	amazon.ca	HTTPS://WWW.AMAZON.CA/FIDDY898-SKATER-SKIRTS-PLEATED-SCHOOL/DP/B099LKZQ69
FIDDY898	FIDDY898	amazon.ca	HTTPS://WWW.AMAZON.CA/FIDDY898-FLORAL-BRIDAL-ACCESSORIES-WEDDING/DP/B07F6DV227
FIEIYOB	FIEIYOB	amazon.ca	HTTPS://WWW.AMAZON.CA/FIEIYOB-67-ORTHOPEDIC-ANTI-SLIP-CONSTRUCTION/DP/B0BYN4WKHZ
FIEMAOVES	FIEMAOVES	amazon.ca	HTTPS://WWW.AMAZON.CA/FIEMAOVES-STRAPLESS-SWEETHEART-NECKLINE-DRESSES/DP/B0CB1WPFP5
FIENBUHUA	FIENBUHUA	amazon.ca	HTTPS://WWW.AMAZON.CA/BIBLE-SCRIPTURE-CHRISTIAN-POSTERS-UNFRAMED/DP/B0B2ZJPLRC
FIENVO	FIENVO	amazon.ca	HTTPS://WWW.AMAZON.CA/THERMAL-RESISTANT-WINDPROOF-RUNNING-CYCLING/DP/B09H6HW67M
FIETING	FIETING	amazon.ca	HTTPS://WWW.AMAZON.CA/FIETING-GAGGENAU/DP/3963030267
FIETREXA	FIETREXA	amazon.ca	HTTPS://WWW.AMAZON.CA/FIETREXA-STAINLESS-STEEL-BACKPLASH-PRE-DRILLED/DP/B0BQW6JY8D
FIFIPETS	FIFIPETS	amazon.ca	HTTPS://WWW.AMAZON.CA/FIFIPETS-GROOMING-TRIMMING-FOOD-GRADE-NON-TOXIC/DP/B08BNGX74V
FIFIPETS	FIFIPETS	amazon.ca	HTTPS://WWW.AMAZON.CA/FIFIPETS-WATERPROOF-BUMPER-PROTECTION-OUTBACK/DP/B0DFLPSD8S
FIFIPETS	FIFIPETS	amazon.ca	HTTPS://WWW.AMAZON.CA/FIFIPETS-REFLECTIVE-LEASHES-TRAINING-WALKING/DP/B0BFG3CMNY
FIHUTED	FIHUTED	amazon.ca	HTTPS://WWW.AMAZON.CA/FIHUTED-RESTAURANT-FOODSERVICE-COMMERCIAL-WAREHOUSE/DP/B09K3M2WZK
FIITZN	FIITZN	amazon.ca	HTTPS://WWW.AMAZON.CA/FIITZN-FILTRATION-COMPATIBLE-DOLPHIN-CLEANERS/DP/B0B3VQW3B7
FIITZN	FIITZN	amazon.ca	HTTPS://WWW.AMAZON.CA/FIITZN-REPLACEMENT-FILTER%EF%BC%8CSIMULTANEOUSLY-DISPENSER-BPA-EC101/DP/B0CZ4B61RD
FIITZN	FIITZN	amazon.ca	HTTPS://WWW.AMAZON.CA/FIITZN-COMPATIBLE-20%EF%BC%8CEXPLORER-E30%EF%BC%8CM600%EF%BC%8CPROTEUS-REPLACEMENT/DP/B0CB1VZDVN
FILZER	FILZER	amazon.ca	HTTPS://WWW.AMAZON.CA/FILZER/S?K=FILZER
FIMARY	FIMARY	amazon.ca	HTTPS://WWW.AMAZON.CA/BREAK-CHOCOLATE-SILICONE-SHAPES-PYRAMID/DP/B09B65JMHP
FIMTISE	FIMTISE	amazon.ca	HTTPS://WWW.AMAZON.CA/FIMTISE-PICTURES-INSPIRATIONAL-DECORATION-12X16INCH/DP/B09QHRPSRD
FINCMY	FINCMY	amazon.ca	HTTPS://WWW.AMAZON.CA/FINCMY-OPERATED-WIRELESS-LED-NON-HARDWIRED/DP/B0CWHD24MS
FINEFLAME	FINEFLAME	amazon.ca	HTTPS://WWW.AMAZON.CA/FINEFLAME-PROPANE-KITCHEN-PROFESSIONAL-RESTAURANT/DP/B09FHYY9J7
FINESOURCE	FINESOURCE	amazon.ca	HTTPS://WWW.AMAZON.CA/FINESOURCE-ELECTRONIC-CONVERSION-MICROMETER-MEASURING/DP/B073N7F2CK
FINISHINGBO	FINISHINGBO	amazon.ca	HTTPS://WWW.AMAZON.CA/FINISHINGBO/B/REF=BL_DP_S_MW_69402128011?IE=UTF8&NODE=69402128011&FIELD-LBR_BRANDS_BROWSE-BIN=FINISHINGBO
FIPPKARGO	FIPPKARGO	amazon.ca	HTTPS://WWW.AMAZON.CA/FIPPKARGO-COMPATIBLE-SUPERSONIC-ORGANIZER-ACCESSORY/DP/B0CDFX7TW9
FIRDNYOHS	FIRDNYOHS	amazon.ca	HTTPS://WWW.AMAZON.CA/FIRDNYOHS-GARTERS-ARMBAND-COSTUMES-SUPPLIES/DP/B0BJ7F66P8
FIREOSMA	FIREOSMA	amazon.ca	HTTPS://WWW.AMAZON.CA/FIREOSMA-WELCOME-OUTDOOR-ENTRANCE-ENTRYWAY/DP/B0BL1JP35G
FIREOSMA	FIREOSMA	amazon.ca	HTTPS://WWW.AMAZON.CA/FIREOSMA-DOORMAT-DOORMATS-NON-SLIP-ENTRYWAY/DP/B0C3RTPHPV
FIRSTBLOODONLYGAME	FIRSTBLOODONLYGAME	amazon.ca	HTTPS://WWW.AMAZON.CA/STORES/FIRSTBLOODONLYGAME/PAGE/1D8F5E11-3613-447D-8AE0-6EB18B789F47
FISIOAN	FISIOAN	amazon.ca	HTTPS://WWW.AMAZON.CA/FISIOAN-CARRIER-REUSABLE-GROCERY-CAMPING/DP/B07X9YB799
FISIOAN	FISIOAN	amazon.ca	HTTPS://WWW.AMAZON.CA/CARRIER-REUSABLE-GROCERY-CAMPING-PERFECT/DP/B08DHJ2ZB6
FISTUKIT	FISTUKIT	amazon.ca	HTTPS://WWW.AMAZON.CA/FISTUKIT-ORGANIZER-ORGANIZERS-ORGANIZER-LIMITATIONS/DP/B0DL4B1HJM
FISUPER	FISUPER	amazon.ca	HTTPS://WWW.AMAZON.CA/FISUPER-CONTROLLER-NUNCHUCK-REPLACEMENT-CONSOLE/DP/B09PBH6ST3
FISYOD	FISYOD	amazon.ca	HTTPS://WWW.AMAZON.CA/FISYOD-FOLDABLE-LIGHTWEIGHT-BREAKFAST-PINIC-BLACK/DP/B0C2MFQ7WN
FITALLUS	FITALLUS	amazon.ca	HTTPS://WWW.AMAZON.CA/FITALLUS-SILICONE-ACCESSORIES-SUNGLASSES-ORGANIZER/DP/B0BJDPVS5W
FITHRILL	FITHRILL	amazon.ca	HTTPS://WWW.AMAZON.CA/FITHRILL-WALKING-TREADMILL-PORTABLE-CAPACITY/DP/B0CKRW7PWM
FITHRILL	FITHRILL	amazon.ca	HTTPS://WWW.AMAZON.CA/FITHRILL-WALKING-TREADMILL-PORTABLE-CAPACITY/DP/B0CKRXMHBK
FITIEFUN	FITIEFUN	amazon.ca	HTTPS://WWW.AMAZON.CA/FITIEFUN-ZGT-01/DP/B0BHKTHRDC
FITIEFUN	FITIEFUN	amazon.ca	HTTPS://WWW.AMAZON.CA/FITIEFUN-STRAPLESS-ADHESIVE-BACKLESS-INVISIBLE/DP/B0C6TGBWS6
FITNIUBI	FITNIUBI	amazon.ca	HTTPS://WWW.AMAZON.CA/CONDENSER-MICROPHONE-FITNIUBI-STREAMING-RECORDING/DP/B0BYVJ211F
FITTERSNICHE	FITTERSNICHE	amazon.ca	HTTPS://WWW.AMAZON.CA/STORES/FITTERSNICHE/HOMEPAGE/PAGE/C3EC5C01-0C14-403D-B4B7-C291BE594B6F
FITZLADD	FITZLADD	amazon.ca	HTTPS://WWW.AMAZON.CA/FITZLADD-MECHANICAL-SWAPPABLE-PRE-LUBED-STRUCTURE/DP/B0DBL78KGS
FIVTEK	FIVTEK	amazon.ca	HTTPS://WWW.AMAZON.CA/FIVTEK-NINTENDO-CARTRIDGE-ORGANIZER-ACCESSORIES/DP/B0FD2YRPVV
FIXMEND	FIXMEND	amazon.ca	HTTPS://WWW.AMAZON.CA/STORES/FIXMEND/PAGE/4FEA61E1-6ACF-4E31-8974-05EFA07FDFCE
FIYAMMY	FIYAMMY	amazon.ca	HTTPS://WWW.AMAZON.CA/FIYAMMY-RATTAN-STORAGE-L%C3%9714-17-W%C3%9711-81/DP/B0CLJ6F5CQ
FIZGOT	FIZGOT	amazon.ca	HTTPS://WWW.AMAZON.CA/FIZGOT-AQUARIUM-GALLON-BREEDER-REPTILE/DP/B0CHQCGWQ9
FJCASES	FJCASES	amazon.ca	HTTPS://WWW.AMAZON.CA/FJCASES-SHOCKPROOF-FLEXIBLE-CORNERS-MOTOROLA/DP/B094CDJRRP
FKAMZ	FKAMZ	amazon.ca	HTTPS://WWW.AMAZON.CA/COCKTAIL-WHISKEY-BOURBON-FASHIONED-INCLUDED/DP/B09VD6N735
FKCOQ	FKCOQ	amazon.ca	HTTPS://WWW.AMAZON.CA/FKCOQ-BASKETBALL-ADJUSTABLE-SPACE-SAVING-CHRISTMAS/DP/B0CG5M2PH7
FLAMELY	FLAMELY	amazon.ca	HTTPS://WWW.AMAZON.CA/FLAMELY-FIREPLACE-PRACTICAL-DECORATIVE-RESISTANT/DP/B08MTZN6JW
FLAMELY	FLAMELY	amazon.ca	HTTPS://WWW.AMAZON.CA/FLAMELY-4-PIECE-FIREPLACE-TOOLS-SET/DP/B09CDMWX9N
FLAMELY	FLAMELY	amazon.ca	HTTPS://WWW.AMAZON.CA/FLAMELY-FIREPLACE-DECORATIVE-ACCESSORIES-EXPERIENCES/DP/B08MTYC7KG
FLAMGEN	FLAMGEN	amazon.ca	HTTPS://WWW.AMAZON.CA/FLAMGEN-FROTHING-STAINLESS-DECORATING-CAPPUCCINO/DP/B07R1V29M7
FLAMROSE	FLAMROSE	amazon.ca	HTTPS://WWW.AMAZON.CA/FLAMROSE-CAMPING-STORAGE-PORTABLE-SLEEPING/DP/B08PB8NHWB
FLANHOREST	FLANHOREST	amazon.ca	HTTPS://WWW.AMAZON.CA/FLANHOREST-BED-PILLOWS-SLEEPING-ALTERNATIVE/DP/B0C2HS7ZPB
FLEANIL	FLEANIL	amazon.ca	HTTPS://WWW.AMAZON.CA/ORCHID-ARTIFICIAL-FLOWERS-SILVER-CERAMIC/DP/B097YB36LB
FLEEROSE	FLEEROSE	amazon.ca	HTTPS://WWW.AMAZON.CA/FLEEROSE-ADJUSTABLE-WAISTBAND-ERGONOMIC-POSITIONS/DP/B0D29BTG9S
FLIPJILL	FLIPJILL	amazon.ca	HTTPS://WWW.AMAZON.CA/FLIPJILL-STORAGE-CONTAINER-GLASSWARE-CUCUMBERS/DP/B0BTB3QYHL
FLODANCER	FLODANCER	amazon.ca	HTTPS://WWW.AMAZON.CA/FLODANCER-MEMORY-MOTHER-FATHER-HEAVEN/DP/B07PPK3Y1X
FLORAGUARD	FLORAGUARD	amazon.ca	HTTPS://WWW.AMAZON.CA/STORES/FLORAGUARD/PAGE/E20F545A-55A0-452A-BF1E-E83062529D95
FLORARICH	FLORARICH	amazon.ca	HTTPS://WWW.AMAZON.CA/BUG-ZAPPER-ELECTRIC-MOSQUITO-WATERPROOF/DP/B0CPLLRPRC
FLOTHSHU	FLOTHSHU	amazon.ca	HTTPS://WWW.AMAZON.CA/FLOTHSHU-SLIPCOVER-SECTIONAL-FURNITURE-PROTECTOR/DP/B0BJDR4HVH
FLOWORLD	FLOWORLD	amazon.ca	HTTPS://WWW.AMAZON.CA/FLOWORLD/B/REF=BL_DP_S_MW_38702067011?IE=UTF8&NODE=38702067011&FIELD-LBR_BRANDS_BROWSE-BIN=FLOWORLD
FLPTHQQ	FLPTHQQ	amazon.ca	HTTPS://WWW.AMAZON.CA/PIECES-DIAMOND-PAINTING-DECORATION-ACCESSORIES/DP/B08GPWVKKX
FLRYBRG	FLRYBRG	amazon.ca	HTTPS://WWW.AMAZON.CA/FLRYBRG-ADJUSTABLE-HEIGHT-BATHROOM-SHAPED/DP/B0F32B9537
FLRYBRG	FLRYBRG	amazon.ca	HTTPS://WWW.AMAZON.CA/FLRYBRG-CAR-SNOW-BRUSH-SCRAPER/DP/B0FH536F5K
FLRYBRG	FLRYBRG	amazon.ca	HTTPS://WWW.AMAZON.CA/FLRYBRG-LANDSCAPE-WATERPROOF-OUTDOOR-SPOTLIGHT/DP/B0DM1KP6GD
FLRYBRG	FLRYBRG	amazon.ca	HTTPS://WWW.AMAZON.CA/FLRYBRG-REINFORCED-0-59INCH-THICKENED-ADJUSTABLE/DP/B0FDK6Q4D1
FLYAUTO	FLYAUTO	amazon.ca	HTTPS://WWW.AMAZON.CA/FLYAUTO-STARTER-PORTABLE-CHARGING-INTELLIGENT/DP/B0D1KFFRMT
FLYBEAST	FLYBEAST	amazon.ca	HTTPS://WWW.AMAZON.CA/FLYBEAST-FLB001-COCKTAIL-SMOKER-KIT/DP/B0C6F1N4T7
FLYHARE	FLYHARE	amazon.ca	HTTPS://WWW.AMAZON.CA/STORES/FLYHARE/%E4%B8%BB%E9%A1%B5/PAGE/AFB326D5-E8C7-4579-8A26-0D62BFD8BB0C
FLYINGGRAIL	FLYINGGRAIL	amazon.ca	HTTPS://WWW.AMAZON.CA/FLYINGGRAIL-ACRYLIC-LEVITATING-FLOATING-SNEAKERHEAD/DP/B08K55BT1C
FLYKOALA	FLYKOALA	amazon.ca	HTTPS://WWW.AMAZON.CA/FLYKOALA-CHAMPAGNE-AIRBRUSH-BACHELORETTE-ATMOSPHERE/DP/B0B6NXVMGK
FLYLOVE	FLYLOVE	amazon.ca	HTTPS://WWW.AMAZON.CA/STORES/FLYLOVE/PAGE/8BD84265-5877-4C63-93D8-50EE61994370
FLYOUKKI	FLYOUKKI	amazon.ca	HTTPS://WWW.AMAZON.CA/FLYOUKKI-TRANSISTOR-RECEPTION-RECHARGEABLE-EXERCISING/DP/B07DJBH7QP
FLYSEA	FLYSEA	amazon.ca	HTTPS://WWW.AMAZON.CA/FLYSEA/S?K=FLYSEA
FLYVLIEG	FLYVLIEG	amazon.ca	HTTPS://WWW.AMAZON.CA/FLYVLIEG-LOCK-DOUBLE-ADJUSTABLE-ROLLER-SCRATCH-FREE/DP/B0F8M98SWP
FNRMOM	FNRMOM	amazon.ca	HTTPS://WWW.AMAZON.CA/FNRMOM-ANIME-IPHONE-ANTI-SCRATCH-SHOCKPROOF/DP/B0CQC7DFSW
FNTMNO	FNTMNO	amazon.ca	HTTPS://WWW.AMAZON.CA/FNTMNO-STRETCHER-TREES-WIDENER-EXPANDER/DP/B09C1V8JM1
FNWSJA	FNWSJA	amazon.ca	HTTPS://WWW.AMAZON.CA/FNWSJA-MANUAL-AERATOR-COLLECTOR-AERATION/DP/B0CRHNFP3K
FOAMYLIZARD	FOAMYLIZARD	amazon.ca	HTTPS://WWW.AMAZON.CA/STORES/FOAMYLIZARD/PAGE/FCF3CCD7-3C7F-4695-96B0-B44093396C2C
FOAPLE	FOAPLE	amazon.ca	HTTPS://WWW.AMAZON.CA/FOAPLE-CROSSBODY-SHOULDER-MESSENGER-SHOPPING/DP/B0CFV82HQ4
FOAPLE	FOAPLE	amazon.ca	HTTPS://WWW.AMAZON.CA/FOAPLE-PORTABLE-BACKPACKING-STAINLESS-INSULATION/DP/B0C52XLVBF
FOAPLE	FOAPLE	amazon.ca	HTTPS://WWW.AMAZON.CA/FOAPLE-CANVAS-SHOULDER-HANDBAGS-MULTI-POCKETS/DP/B0CLRN87HD
FOAYEX	FOAYEX	amazon.ca	HTTPS://WWW.AMAZON.CA/STORES/FOAYEX/%E4%B8%BB%E9%A1%B5/PAGE/1F9568D3-90DF-4175-8A19-56211B545506
FOAYEX	FOAYEX	amazon.ca	HTTPS://WWW.AMAZON.CA/FOAYEX-MONTESSORI-TODDLER-TOYS-KIDS/DP/B0B27QM5XL
FOCOLUX	FOCOLUX	amazon.ca	HTTPS://WWW.AMAZON.CA/FOCOLUX-HANDMADE-LIGHTING-FARMHOUSE-CHANDELIER/DP/B0CL2PHFLQ
FOCOLUX	FOCOLUX	amazon.ca	HTTPS://WWW.AMAZON.CA/FOCOLUX-VINTAGE-WHITE-CAGE-TABLE/DP/B0CRRVDKX1
FOCOLUX	FOCOLUX	amazon.ca	HTTPS://WWW.AMAZON.CA/INDUSTRIAL-PENDANT-ADJUSTABLE-CHANDELIER-DECORATION/DP/B0B82WVYB6
FOCOLUX	FOCOLUX	amazon.ca	HTTPS://WWW.AMAZON.CA/FOCOLUX-INDUSTRIAL-VINTAGE-ADJUSTABLE-DECORATION/DP/B0CRRW2SHD
FODUUO	FODUUO	amazon.ca	HTTPS://WWW.AMAZON.CA/FODUUO-BEDROOM-PAINTING-FARMHOUSE-BATHROOM/DP/B0CKYVZHMQ
FODUUO	FODUUO	amazon.ca	HTTPS://WWW.AMAZON.CA/FODUUO-WATERPROOF-UNDERWATER-LANYARD-VACATION/DP/B0CSYW14NN
FOFOGANG	FOFOGANG	amazon.ca	HTTPS://WWW.AMAZON.CA/FOFOGANG-CONVERSION-REPLACEMENT-ACCESSORIES-COMPATIBLE/DP/B0CYLFC2ZP
FOKAUIWO	FOKAUIWO	amazon.ca	HTTPS://WWW.AMAZON.CA/FOKAUIWO-CLEANING-INTERACTIVE-TEETHING-KITTENS/DP/B0CRHKHT79
FOLADION	FOLADION	amazon.ca	HTTPS://WWW.AMAZON.CA/STORES/FOLADION/FOLADION/PAGE/3F296107-58B0-42CE-B352-AF9006FD3144
FOLKLYZO	FOLKLYZO	amazon.ca	HTTPS://WWW.AMAZON.CA/ORGANIZER-FOLKLYZO-COMPARTMENTS-ORGANIZERS-CONTAINER/DP/B0BPBM5HTM
FOLKLYZO	FOLKLYZO	amazon.ca	HTTPS://WWW.AMAZON.CA/FOLKLYZO-VELVET-HOODED-HALLOWEEN-COSPLAY/DP/B0FLPS6NPJ
FOLKLYZO	FOLKLYZO	amazon.ca	HTTPS://WWW.AMAZON.CA/FOLKLYZO-VAMPIRE-HALLOWEEN-REVERSIBLE-COSPLAY/DP/B0FM81S2D8
FOLKLYZO	FOLKLYZO	amazon.ca	HTTPS://WWW.AMAZON.CA/FOLKLYZO-HALLOWEEN-WOMENS-HEADPIECE-RUCHED/DP/B0CDNB5ZNM
FOLLOWMOON	FOLLOWMOON	amazon.ca	HTTPS://WWW.AMAZON.CA/FOLLOWMOON-SURGICAL-PIERCING-EARRINGS-CARTILAGE/DP/B08MDTW992
FOMEIL	FOMEIL	amazon.ca	HTTPS://WWW.AMAZON.CA/FOMEIL-WALLPAPER-DECORATIVE-DECORATION-BATHROOM/DP/B0BCNZFVP9
FOMOBEST	FOMOBEST	amazon.ca	HTTPS://WWW.AMAZON.CA/FOMOBEST-WIRELESS-ADJUSTABLE-BRIGHTNESS-TEMPERATURE/DP/B07Y1HVLNP
FOMYIN	FOMYIN	amazon.ca	HTTPS://WWW.AMAZON.CA/STORES/FOMYIN/PAGE/96925D22-2BE9-4372-87FB-71755BE04BF3
FONASDY	FONASDY	amazon.ca	HTTPS://WWW.AMAZON.CA/STAINLESS-MULTIPURPOSE-KITCHEN-RESTAURANT-ICE/DP/B0BJ1SBGV9
FONDGARI	FONDGARI	amazon.ca	HTTPS://WWW.AMAZON.CA/FONDGARI-7449GPH-POWERFUL-SWIMMING-STRAINER/DP/B0F1LCJ1KR
FONGHOO	FONGHOO	amazon.ca	HTTPS://WWW.AMAZON.CA/FONGHOO-HANDHELD-CHARGING-HIGH-GAIN-ANTENNA/DP/B0DHS58FMB
FONGHOO	FONGHOO	amazon.ca	HTTPS://WWW.AMAZON.CA/FONGHOO-IC-5RM-HANDHELD-TALKIES-CHARGING/DP/B0D7HFD4T6
FOOOTCU	FOOOTCU	amazon.ca	HTTPS://WWW.AMAZON.CA/VDP/0A41C8C63DE54D5BB298F49AB3B4577D
FOOPOMARY	FOOPOMARY	amazon.ca	HTTPS://WWW.AMAZON.CA/FOOPOMARY-INTERACTIVE-INDOOR-KITTEN-PUZZLE/DP/B0BGRRC162
FOOPOMARY	FOOPOMARY	amazon.ca	HTTPS://WWW.AMAZON.CA/FOOPOMARY/B/REF=BL_DP_S_MW_118583081011?IE=UTF8&NODE=118583081011&FIELD-LBR_BRANDS_BROWSE-BIN=FOOPOMARY
FOOSIBO	FOOSIBO	amazon.ca	HTTPS://WWW.AMAZON.CA/FOOSIBO-PROPAGATION-STATIONS-TERRARIUM-HYDROPONICS/DP/B0B1N3PP74
FOREGORHO	FOREGORHO	amazon.ca	HTTPS://WWW.AMAZON.CA/FOREGORHO-ACCESSORIES-WRISTBAND-DECORATION-9X7-3X1-8CM/DP/B0BXP2QMV4
FOREGORHO	FOREGORHO	amazon.ca	HTTPS://WWW.AMAZON.CA/FOREGORHO-ACCESSORIES-WRISTBAND-BRACELET-DECORATION/DP/B0CW146KM5
FOREGORHO	FOREGORHO	amazon.ca	HTTPS://WWW.AMAZON.CA/FOREGORHO-ACCESSORIES-WRISTBAND-BRACELET-DECORATION/DP/B0CFLF4MCQ
FORKALER	FORKALER	amazon.ca	HTTPS://WWW.AMAZON.CA/METAL-STAINLESS-STEEL-ERYA-DIAMETER/DP/B07PX224ZL
FORKOYI	FORKOYI	amazon.ca	HTTPS://WWW.AMAZON.CA/FORKOYI-FURNISHINGS-PILGRIMAGE-WEST-ERIPHERAL-DECORATION/DP/B0DF2TH8X2
FORMARKOR	FORMARKOR	amazon.ca	HTTPS://WWW.AMAZON.CA/FORMARKOR-ART-KX334-SUNSHINE-LANDSCAPE/DP/B01EQ58SIA
FORQOQO	FORQOQO	amazon.ca	HTTPS://WWW.AMAZON.CA/FORQOQO-STAINLESS-SCRAPER-SCRPING-MASSAGE/DP/B0D2LJJP4T
FORSTREE	FORSTREE	amazon.ca	HTTPS://WWW.AMAZON.CA/NATIONAL-TREE-DOWNSWEPT-FORSTREE-FTDF1-60ALO/DP/B01IMYIXYK
FORTREHUI	FORTREHUI	amazon.ca	HTTPS://WWW.AMAZON.CA/FORTREHUI-TAPESTRY-BLACK5/DP/B07QTPBN1W
FOSER	FOSER	amazon.ca	HTTPS://WWW.AMAZON.CA/FOSER/S?K=FOSER
FOSEROVE	FOSEROVE	amazon.ca	HTTPS://WWW.AMAZON.CA/FOSEROVE-DIESEL-TIMING-VOLKSWAGEN-BEETLE/DP/B0CRYH547V
FOTELILONA	FOTELILONA	amazon.ca	HTTPS://WWW.AMAZON.CA/SKYLANDERS-GIANTS-CHARACTER-FBHRE-H4-8RDSF-TG1376932/DP/B01MDQL0E7
FOTEMIX	FOTEMIX	amazon.ca	HTTPS://WWW.AMAZON.CA/FOTEMIX-BANNETON-PROOFING-SOURDOUGH-SUPPLIES/DP/B0C3QLKTT8
FOTOUZY	FOTOUZY	amazon.ca	HTTPS://WWW.AMAZON.CA/FLEXIBLE-FOTOUZY-NON-POROUS-ANTI-SKID-DISHWASHER/DP/B08D9NYFPC
FOTOUZY	FOTOUZY	amazon.ca	HTTPS://WWW.AMAZON.CA/FOTOUZY-PLASTIC-MATERIAL-DISHWASHER-CHOPPING/DP/B099DHRHHB
FOUCARSI	FOUCARSI	amazon.ca	HTTPS://WWW.AMAZON.CA/FOUCARSI-PYRAMID-DESIGNED-ACOUSTIC-SOUNDPROOF/DP/B0CCXWZHVM
FOULAYN	FOULAYN	amazon.ca	HTTPS://WWW.AMAZON.CA/FOULAYN-INJECTORS-16010-5PA-305-160105PA305-COMPATIBLE/DP/B0CDBSNM3N
FOVRLZSE	FOVRLZSE	amazon.ca	HTTPS://WWW.AMAZON.CA/FOVRLZSE-LEASH-STRONG-TRAINING-MEDIUM/DP/B0B6VWC9GJ
FOVURTE	FOVURTE	amazon.ca	HTTPS://WWW.AMAZON.CA/FOVURTE-BAMBOO-COTTON-SWABS-COUNT/DP/B0B6BMTFD7
FOVURTE	FOVURTE	amazon.ca	HTTPS://WWW.AMAZON.CA/FOVURTE-ORGANIC-BAMBOO-NATURAL-DOUBLE-HEADED/DP/B08PJVLZGY
FOWINKER	FOWINKER	amazon.ca	HTTPS://WWW.AMAZON.CA/FOWINKER-HAND-CARVED-3%E2%80%91LEGGED-AROMATHERAPY-ORNAMENT/DP/B09WVTQNZV
FOWINKER	FOWINKER	amazon.ca	HTTPS://WWW.AMAZON.CA/FOWINKER-SIMULATED-ADJUSTABLE-INSTRUMENT-DEVELOPING/DP/B09N3YZ91H
FOWINKER	FOWINKER	amazon.ca	HTTPS://WWW.AMAZON.CA/FOWINKER-BENDING-JEWELRY-MACHINE-MULTIFUNCTIONAL/DP/B09YVPBYFJ
FOXDISK	FOXDISK	amazon.ca	HTTPS://WWW.AMAZON.CA/FOXDISK-SILICONE-STAINLESS-STEELHEAD-FINISHING/DP/B09LQDHVZ5
FOXTEMO	FOXTEMO	amazon.ca	HTTPS://WWW.AMAZON.CA/FOXTEMO-EMBROIDERY-BEGINNERS-STARTER-NEEDLEPOINT/DP/B0CZR3N6RZ
FOXTEMO	FOXTEMO	amazon.ca	HTTPS://WWW.AMAZON.CA/FOXTEMO-EMBROIDERY-BEGINNERS-LOTUS-NEEDLEPOINT/DP/B0CZRGR882
FOXTEMO	FOXTEMO	amazon.ca	HTTPS://WWW.AMAZON.CA/FOXTEMO-ARTIFICIAL-INDOOR-LIVING-HOUSEWARMING/DP/B0B85GCZRF
FOXWORLD	FOXWORLD	amazon.ca	HTTPS://WWW.AMAZON.CA/STORES/FOXWORLD/HOMEPAGE/PAGE/D3A093D3-C248-45A8-B2EA-576582775B83
FOYLEAD	FOYLEAD	amazon.ca	HTTPS://WWW.AMAZON.CA/FOYLEAD-RESISTANT-SILICONE-INSULATION-REDUCTION/DP/B08SBWWYCY
FRANATO	FRANATO	amazon.ca	HTTPS://WWW.AMAZON.CA/STORES/FRANATO/PAGE/0998EADE-BBAA-4931-9124-4F9AAAA27C5E
FRCALESER	FRCALESER	amazon.ca	HTTPS://WWW.AMAZON.CA/FRCALESER-HEADPHONE-ADAPTER-SPLITTER-EARPHONE/DP/B00VLDI64W
FRCEVZOIE	FRCEVZOIE	amazon.ca	HTTPS://WWW.AMAZON.CA/FRCEVZOIE-INSULATION-SUITABLE-TRAINING-IMPROVEMENT/DP/B098QZ6SGV
FRDECON	FRDECON	amazon.ca	HTTPS://WWW.AMAZON.CA/TENSION-FRDECON-ADJUSTABLE-DRILLING-BATHROOM/DP/B0BGR4LGQV
FREDYSU	FREDYSU	amazon.ca	HTTPS://WWW.AMAZON.CA/LEATHER-RECTANGULAR-DISPENSER-PREMIUM-VEHICLE/DP/B07VK32BNL
FREELEAPER	FREELEAPER	amazon.ca	HTTPS://WWW.AMAZON.CA/STORES/FREELEAPER/%E4%B8%BB%E9%A1%B5/PAGE/033F4721-B516-4DB3-B8A5-521663EC9F6E
FREEMOVE	FREEMOVE	amazon.ca	HTTPS://WWW.AMAZON.CA/STORES/FREEMOVE/PAGE/FDF9D681-AD51-434D-8AED-4770D0F38D2F
FREGUM	FREGUM	amazon.ca	HTTPS://WWW.AMAZON.CA/FREGUM-HARD-TOOTHBRUSHES-ADULTS-BRISTLES/DP/B0D21VS5GN
FREHOMEE	FREHOMEE	amazon.ca	HTTPS://WWW.AMAZON.CA/FREHOMEE-TRIMMER-CLIPPER%EF%BC%8CNO-WATERPROOF-CARRY-STAINLESS/DP/B0BN8XGWD8
FREHOMEE	FREHOMEE	amazon.ca	HTTPS://WWW.AMAZON.CA/FREHOMEE-GYMNASTIC-EQUIPMENT-CHILDREN-STRETCHING/DP/B0C94MSZ58
FRELETRY	FRELETRY	amazon.ca	HTTPS://WWW.AMAZON.CA/FRELETRY-MULTIFUNCTION-ORGANIZER-LOCKABLE-BATHROOM/DP/B08V5497VM
FRELETRY	FRELETRY	amazon.ca	HTTPS://WWW.AMAZON.CA/FRELETRY-MULTIFUNCTION-ORGANIZER-LOCKABLE-BATHROOM/DP/B08V596Y49
FRELETRY	FRELETRY	amazon.ca	HTTPS://WWW.AMAZON.CA/FRELETRY-UTILITY-ROLLING-ORGANIZER-BATHROOM/DP/B09B1GPT7X
FRELETRY	FRELETRY	amazon.ca	HTTPS://WWW.AMAZON.CA/FRELETRY-DRAWSTRING-REUSABLE-SHOPPING-VEGETABLE/DP/B098NV3GSG
FRESHTOUR	FRESHTOUR	amazon.ca	HTTPS://WWW.AMAZON.CA/FRESHTOUR-FLOORING-WEAR-RESISTANT-WATERPROOF-BEDROOM/DP/B0BYZJF7GS
FREYBLI	FREYBLI	amazon.ca	HTTPS://WWW.AMAZON.CA/FREYBLI-BEAUTIFUL-PROFESSIONAL-MAGNETIC-HANDCRAFTED/DP/B0CB39BVK2
FRIFLY	FRIFLY	amazon.ca	HTTPS://WWW.AMAZON.CA/FRIFLY-BACKPACKING-10000BTU-WINDPROOF-CANISTERS/DP/B08Q7J2S9D
FROCOPO	FROCOPO	amazon.ca	HTTPS://WWW.AMAZON.CA/FROCOPO-120-INCH-PROJECTOR-SCREEN/DP/B0BYT18622
FROCOPO	FROCOPO	amazon.ca	HTTPS://WWW.AMAZON.CA/FROCOPO-HANGING-2200LBS-CARABINERS-INSTALLATION/DP/B0BYVP3WBG
FROHAUL	FROHAUL	amazon.ca	HTTPS://WWW.AMAZON.CA/FROHAUL-COMFORTER-RHOMBUS-EMBROIDERY-BEDDING/DP/B0BG2GSTRN
FROMOSA	FROMOSA	amazon.ca	HTTPS://WWW.AMAZON.CA/FROMOSA-SANDALS-NEWBORN-LIGHTWEIGHT-BREATHABLE/DP/B0CL7BTWVZ
FRSTONA	FRSTONA	amazon.ca	HTTPS://WWW.AMAZON.CA/FRSTONA-OUTDOOR-DECORATIVE-WATERPROOF-LANDSCAPE/DP/B0BYYCHVMP
FRSTONA	FRSTONA	amazon.ca	HTTPS://WWW.AMAZON.CA/FRSTONA-HEADBAND-FASHION-MAKEUP-WASHING/DP/B0BCFZSG6M
FRTONYI	FRTONYI	amazon.ca	HTTPS://WWW.AMAZON.CA/FRTONYI/B/REF=BL_DP_S_MW_36820280011?IE=UTF8&NODE=36820280011&FIELD-LBR_BRANDS_BROWSE-BIN=FRTONYI
FRUCASE	FRUCASE	amazon.ca	HTTPS://WWW.AMAZON.CA/FRUCASE-WATCH-WINDER-AUTOMATIC-WATCHES/DP/B085F2Q8LV
FRUDRIK	FRUDRIK	amazon.ca	HTTPS://WWW.AMAZON.CA/FRUDRIK-THERMOSTAT-WIRE-COPPER-CIRCUIT/DP/B096K76JYH
FRUMENSHIP	FRUMENSHIP	amazon.ca	HTTPS://WWW.AMAZON.CA/FRUMENSHIP-DECORATION-BATHROOM-ENTRANCE-FIREPLACE/DP/B0D5XZ8XT5
FRUMENSHIP	FRUMENSHIP	amazon.ca	HTTPS://WWW.AMAZON.CA/FRUMENSHIP-MIRROR-MIRRORS-BATHROOM-NURSERY/DP/B0CT7L3RP8
FRVKBFL	FRVKBFL	amazon.ca	HTTPS://WWW.AMAZON.CA/FRVKBFL-CUSHIONS-OUTDOOR-FURNITURE-WATERPROOF/DP/B0C8T8HB3T
FRVKBFL	FRVKBFL	amazon.ca	HTTPS://WWW.AMAZON.CA/-/FR/FRVKBFL-COUSSINS-RECHANGE-POUR-BALANCELLE/DP/B0CFXG6FRH
FRYOOGG	FRYOOGG	amazon.ca	HTTPS://WWW.AMAZON.CA/SHUCKING-FRYOOGG-SHUCKER-WOOD-HANDLE-PROTECTION/DP/B09PKD9R18
FRZSLPKA	FRZSLPKA	amazon.ca	HTTPS://WWW.AMAZON.CA/FRZSLPKA-SUSHI-MAKER-VEGETABLES-ESSENTIAL/DP/B0CTTS79SV
FSATNDE	FSATNDE	amazon.ca	HTTPS://WWW.AMAZON.CA/FSATNDE-LUGGAGE-SUITCASE-REPLACEMENT-WHEELS-INSTALL/DP/B0BGKDFC5G
FSCGIFE	FSCGIFE	amazon.ca	HTTPS://WWW.AMAZON.CA/FSCGIFE-SLEEPING-ADJUSTABLE-SURGERY-TRIANGLE/DP/B0CHYMXYY9
FSCGIFE	FSCGIFE	amazon.ca	HTTPS://WWW.AMAZON.CA/FSCGIFE-BED-WEDGE-PILLOW-ADJUSTABLE/DP/B0C4Z2Q1NL
FSSKGX	FSSKGX	amazon.ca	HTTPS://WWW.AMAZON.CA/FSSKGX-SUNGLASSES-SHOCKPROOF-EYEGLASSES-PROTECTIVE/DP/B07YQNMP34
FSTSLK	FSTSLK	amazon.ca	HTTPS://WWW.AMAZON.CA/FSTSLK-ADJUSTABLE-STRAPS-ALUMINUM-ADJUSTABLE-STYLISH/DP/B096DKJBYT
FSWSAWX	FSWSAWX	amazon.ca	HTTPS://WWW.AMAZON.CA/TERAHERTZ-MUSHROOM-MASSAGER-RELAXING-MEDITATION/DP/B0B5ZSK2VF
FSWSAWX	FSWSAWX	amazon.ca	HTTPS://WWW.AMAZON.CA/TERAHERTZ-ACUPUNCTURE-TREATMENT-MITIGATION-TENSIONS/DP/B0C4FFT3SJ
FSXTMMM	FSXTMMM	amazon.ca	HTTPS://WWW.AMAZON.CA/FSXTMMM-ROASTING-TRUSSING-SUPPLIES-STAINLESS/DP/B08QM8BRTX
FTFVASKA	FTFVASKA	amazon.ca	HTTPS://WWW.AMAZON.CA/FTFVASKA-WIRELESS-CONTROLLER-COMPATIBLE-VIBRATION/DP/B09MQK3C75
FTKINGDER	FTKINGDER	amazon.ca	HTTPS://WWW.AMAZON.CA/FTKINGDER-BOWL%EF%BC%8CSMALL-ELEVATED-STAINLESS-VOMITING/DP/B0C3V821VN
FTKINGDER	FTKINGDER	amazon.ca	HTTPS://WWW.AMAZON.CA/MOUNTED-FURNITURE-CLIMBING-ANTI-SLIP-FOUR-STEP/DP/B0BVJT4V8Y
FTYTEK	FTYTEK	amazon.ca	HTTPS://WWW.AMAZON.CA/CRYSTAL-COLORFUL-BIRTHDAY-GIRLFRIEND-CLASSMATES/DP/B078TVQQSR
FUBOTRAD	FUBOTRAD	amazon.ca	HTTPS://WWW.AMAZON.CA/FUBOTRAD-PADDING-AMUSEMENT-GYMNASTICS-FREERUNNING/DP/B0CKWZ6B8T
FUBULLISH	FUBULLISH	amazon.ca	HTTPS://WWW.AMAZON.CA/FUBULLISH-PROTECTOR-ACCESSORY-FARMHOUSE-STAINLESS/DP/B0BDQR43J7
FUBULLISH	FUBULLISH	amazon.ca	HTTPS://WWW.AMAZON.CA/FUBULLISH-FEEDERS-REMOVABLE-BIRDHOUSE-WATCHING/DP/B09PDKSCSB
FUBULLISH	FUBULLISH	amazon.ca	HTTPS://WWW.AMAZON.CA/FUBULLISH-ADJUSTABLE-ANTI-SKID-HERNIATED-SCOLIOSIS/DP/B0B9GC8YPR
FUFEISI	FUFEISI	amazon.ca	HTTPS://WWW.AMAZON.CA/FUFEISI-EXPANDABLE-ORGANIZER-CAPACITY-ADHESIVE/DP/B0DFW5ZRQ2
FUHUY	FUHUY	amazon.ca	HTTPS://WWW.AMAZON.CA/FUHUY-WOMEN-VISOR-PROTECTION-OUTDOOR/DP/B087P86RX5
FUHUY	FUHUY	amazon.ca	HTTPS://WWW.AMAZON.CA/FUHUY-RETRACTABLE-SUMMER-ANTI-UV-PROTECTION/DP/B087P6XR1R
FUIART	FUIART	amazon.ca	HTTPS://WWW.AMAZON.CA/PORTABLE-CAPACITY-CLEANING-UNDERWEAR-APARTMENTS/DP/B0CKFDDMVR
FUINMER	FUINMER	amazon.ca	HTTPS://WWW.AMAZON.CA/FUINMER-MARIACHI-BAND-SKELETON-GUITARIST/DP/B0C994PY2P
FULENYI	FULENYI	amazon.ca	HTTPS://WWW.AMAZON.CA/FULENYI-PUMICE-DUAL-FUNCTION-SHOWER-SCRUBBER/DP/B0D7MW484H
FULIUNA	FULIUNA	amazon.ca	HTTPS://WWW.AMAZON.CA/FULIUNA-OUTDOOR-RESISTANT-THERMAL-DRINKABLE/DP/B0DDC768PB
FULLCCI	FULLCCI	amazon.ca	HTTPS://WWW.AMAZON.CA/FULLCCI-CONSTELLATION-ORIGINALITY-TUMBLERS-COFFEE/DP/B07F2M1SMD
FULSURGUS	FULSURGUS	amazon.ca	HTTPS://WWW.AMAZON.CA/FULSURGUS-REUSABLE-SHOPPING-GROCERIES-FOLDABLE/DP/B0CRK77MYF
FULYNMEN	FULYNMEN	amazon.ca	HTTPS://WWW.AMAZON.CA/FULYNMEN-UMBRELLA-PROTECTION-WINDPROOF-UMBRELLAS/DP/B0C2QK3N36
FULYNMEN	FULYNMEN	amazon.ca	HTTPS://WWW.AMAZON.CA/FULYNMEN-WINDPROOF-UMBRELLAS-AUTOMATIC-WATERPROOF/DP/B0CQ2KR94G
FUNESI	FUNESI	amazon.ca	HTTPS://WWW.AMAZON.CA/MODERN-VELVET-FUNESI-UPHOLSTERED-BEDROOM/DP/B0B24K6NHP
FUNFISHINGIDEAS	FUNFISHINGIDEAS	amazon.ca	HTTPS://WWW.AMAZON.CA/GRIPPER-HARDER-FISHING-HUNTING-CAMPING/DP/B07RY6RXSN
FUNLOVER	FUNLOVER	amazon.ca	HTTPS://WWW.AMAZON.CA/STORES/FUNLOVER/PAGE/AD01E678-C110-4670-BC27-EB6984DC41E1
FUNREEMAG	FUNREEMAG	amazon.ca	HTTPS://WWW.AMAZON.CA/FUNREEMAG-900-POKEMON-COLLECTOR-BASEBALL/DP/B096FJYHW3
FUNSLIVE	FUNSLIVE	amazon.ca	HTTPS://WWW.AMAZON.CA/STORES/FUNSLIVE/PAGE/0245BA43-8D94-41CC-9350-3E1E28493953
FUNSPONSOR	FUNSPONSOR	amazon.ca	HTTPS://WWW.AMAZON.CA/FUNSPONSOR-SELF-ADHESIVE-PHOTO-SHEETS-PHOTOS/DP/B09GF5P3WJ
FUNSPONSOR	FUNSPONSOR	amazon.ca	HTTPS://WWW.AMAZON.CA/SCRAPBOOK-SCRAPBOOKS-ANNIVERSARY-TRAVELLING-CHRISTMAS/DP/B07KPVTGC7
FUNSTIX	FUNSTIX	amazon.ca	HTTPS://WWW.AMAZON.CA/WATERBRIDGE-FUNSTIX-SOUR-165G/DP/B07GNS8Q1C
FUNTOPOLY	FUNTOPOLY	amazon.ca	HTTPS://WWW.AMAZON.CA/FUNTOPOLY-COASTERS-HOLDER-ELEPHANT-PERFECT/DP/B07YP6J8RD
FUNTYGY	FUNTYGY	amazon.ca	HTTPS://WWW.AMAZON.CA/FUNTYGY-ACRYLIC-ORGANIZER-COSMETICS-SOLUTION/DP/B097HP4PNZ
FUNZEAL	FUNZEAL	amazon.ca	HTTPS://WWW.AMAZON.CA/FUNZEAL-DISPOSABLE-WATERPROOF-ENVIRONMENTAL-PROTECTION/DP/B0CN1CYLTQ
FUPHINE	FUPHINE	amazon.ca	HTTPS://WWW.AMAZON.CA/FUPHINE-WOMENS-OUTFIT-SLEEVELESS-TRACKSUIT/DP/B0C442L1KT
FUPHINE	FUPHINE	amazon.ca	HTTPS://WWW.AMAZON.CA/FUPHINE-WOMENS-SLEEVELESS-T-SHIRTS-PLEATED/DP/B0D45P2WGJ
FUPYWP	FUPYWP	amazon.ca	HTTPS://WWW.AMAZON.CA/FUPYWP-009-USB-C-CABLE/DP/B09KGX5Q6F
FURDOHAI	FURDOHAI	amazon.ca	HTTPS://WWW.AMAZON.CA/FURDOHAI-DIAMOND-PAINTING-STICKERS-BEGINNERS/DP/B09WM98Z12
FURDOHAI	FURDOHAI	amazon.ca	HTTPS://WWW.AMAZON.CA/FURDOHAI-DIAMOND-PAINTING-COASTERS-SUPPLIES/DP/B0BKL2QM3T
FURFIMU	FURFIMU	amazon.ca	HTTPS://WWW.AMAZON.CA/ENTRYWAY-FURFIMU-REMOVABLE-UMBRELLA-HALLWAY-M/DP/B09M8FL6R4
FURFIMU	FURFIMU	amazon.ca	HTTPS://WWW.AMAZON.CA/FURFIMU-ADJUSTABLE-FOLDABLE-MESH%EF%BC%8CFOLDING-BACKPACKING/DP/B0BVF6MMFF
FURNIKKO	FURNIKKO	amazon.ca	HTTPS://WWW.AMAZON.CA/FURNIKKO-ADJUSTABLE-STAINLESS-KITCHEN-ORGANIZER/DP/B08T679Z88
FURNIKNA	FURNIKNA	amazon.ca	HTTPS://WWW.AMAZON.CA/FURNIKNA-BALCONY-RAILING-ADJUSTABLE-FOLDABLE/DP/B0BLNGC8ZC
FURRYVALLEY	FURRYVALLEY	amazon.ca	HTTPS://WWW.AMAZON.CA/STORES/FURRYVALLEY/PAGE/0B997CEA-647E-4257-8ED7-D90028F4E8FA
FUSMOUTOU	FUSMOUTOU	amazon.ca	HTTPS://WWW.AMAZON.CA/FUSMOUTOU-MOTORCYCLE-TAILLIGHTS-INTEGRATED-TAILLIGHTS/DP/B0BCR3D853
FUTPEMON	FUTPEMON	amazon.ca	HTTPS://WWW.AMAZON.CA/FUTPEMON-LIVING-READING-BEDROOM-CENTURY/DP/B0B49QDSHR
FUTURENAVI	FUTURENAVI	amazon.ca	HTTPS://WWW.AMAZON.CA/FUTURENAVI-VEGETABLE-FOUNDATION-WATERING-CONSISTENT/DP/B0CRKVWJKH
FUTURHYDRO	FUTURHYDRO	amazon.ca	HTTPS://WWW.AMAZON.CA/FUTURHYDRO-HARDWOOD-PROTECTOR-PLASTIC-RECTANGLE/DP/B0BBLL8TYP
FUTURHYDRO	FUTURHYDRO	amazon.ca	HTTPS://WWW.AMAZON.CA/FUTURHYDRO-OFFICE-CHAIR-MAT-CARPET/DP/B0BBKRWNDS
FUUNSOO	FUUNSOO	amazon.ca	HTTPS://WWW.AMAZON.CA/FUUNSOO-CLEANING-BATHROOM-CLEANER-BATHTUB/DP/B0BLSJ3ZQS
FUZAYYLU	FUZAYYLU	amazon.ca	HTTPS://WWW.AMAZON.CA/AIRPLANE-AIRPORT-PLAYMAT-CHILDREN-PLAYROOM/DP/B0CLV63PPY
FUZHIBANG	FUZHIBANG	amazon.ca	HTTPS://WWW.AMAZON.CA/FUZHIBANG-MOONSTONE-MALACHITE-HIGH-END-EARRINGS/DP/B0CY246FMF
FUZQQ	FUZQQ	amazon.ca	HTTPS://WWW.AMAZON.CA/FUZQQ-ALIGNMENT-AUTOMOTIVE-PROVIDES-MEASUREMENTS/DP/B0CMCRD2J5
FUZZYWOOZY	FUZZYWOOZY	amazon.ca	HTTPS://WWW.AMAZON.CA/FUZZYWOOZY-ELEVATED-OUTDOOR-NO-SLIP-X-LARGE/DP/B0B1MD186Q
FVIEON	FVIEON	amazon.ca	HTTPS://WWW.AMAZON.CA/FLAG-KANYE-3X5FEET-COLLEGE-OUTDOOR-GROMMETS/DP/B0BPH1D96J
FVIEON	FVIEON	amazon.ca	HTTPS://WWW.AMAZON.CA/FVIEON-RESPECTFUL-TAPESTRY-RESISTANCE-GROMMETS/DP/B0BPH8TR8N
FVIEON	FVIEON	amazon.ca	HTTPS://WWW.AMAZON.CA/FVIEON-CHICKEN-TAPESTRY-COLLEGE-OUTDOOR/DP/B0CHJHNLQ3
FVVIIA	FVVIIA	amazon.ca	HTTPS://WWW.AMAZON.CA/FVVIIA-CHRISTMAS-BUFFALO-WRAPPING-DECORATIONS-1/DP/B08LH8RQCD
FVVIIA	FVVIIA	amazon.ca	HTTPS://WWW.AMAZON.CA/FVVIIA-COWORKERS-CHRISTMAS-FRIENDSHIP-DECORATIONS/DP/B0CLV3SZM1
FVVIIA	FVVIIA	amazon.ca	HTTPS://WWW.AMAZON.CA/MOSQUITO-GREEN-PROTECTOR-INSECT-RESISTANCE/DP/B0D638YL39
FVVIIA	FVVIIA	amazon.ca	HTTPS://WWW.AMAZON.CA/FVVIIA-CHRISTMAS-ORNAMENTS-ORNAMENT-KEEPSAKE/DP/B0CLV3YBTN
FVVMEED	FVVMEED	amazon.ca	HTTPS://WWW.AMAZON.CA/FVVMEED-TARTLETS-BAKEWARE-RESUABLE-NONSTICK/DP/B08CKL625N
FVYAO	FVYAO	amazon.ca	HTTPS://WWW.AMAZON.CA/FVYAO-HEADPHONES-BLUETOOTH-CANCELLING-WATERPROOF/DP/B0GBWFF58M
FVZKAR	FVZKAR	amazon.ca	HTTPS://WWW.AMAZON.CA/-/FR/PANTALONS-JOGGING-%C3%A9LASTIQUES-SERRAGE-DINOSAURE/DP/B096XHJRDP
FVZKAR	FVZKAR	amazon.ca	HTTPS://WWW.AMAZON.CA/FVZKAR-TODDLER-PATTERN-DRESSES-PRINCESS/DP/B0CBH61XNB
FXAAGFH	FXAAGFH	amazon.ca	HTTPS://WWW.AMAZON.CA/FXAAGFH-PRINTER-FILAMENT-PRINTING-0-03MM/DP/B0CT5YRWGR
FXEXBLIN	FXEXBLIN	amazon.ca	HTTPS://WWW.AMAZON.CA/FXEXBLIN-OSCILLATING-MULTITOOL-CRAFTSMAN-MILWAUKEE/DP/B0823MKL6C
FYARTKJ	FYARTKJ	amazon.ca	HTTPS://WWW.AMAZON.CA/FYARTKJ-CHRISTIAN-SCRIPTURE-INSPIRATIONAL-DECORATION/DP/B0CRYCYSS3
FYHART	FYHART	amazon.ca	HTTPS://WWW.AMAZON.CA/ADJUSTABLE-INLINE-SKATES-OUTDOOR-CHILDRENS/DP/B0CX1NQNTM
FYLCTEI	FYLCTEI	amazon.ca	HTTPS://WWW.AMAZON.CA/FYLCTEI-BLACK-ZB03-PHONE-APP/DP/B09KWYZDRQ
FYMANNY	FYMANNY	amazon.ca	HTTPS://WWW.AMAZON.CA/SLEEPING-WATERPROOF-LIGHTWEIGHT-COMPRESSION-BACKPACKING/DP/B081TQ89PK
FYPARF	FYPARF	amazon.ca	HTTPS://WWW.AMAZON.CA/FYPARF-GINGERBREAD-EMBOSSING-DECORATING-FLOWERS/DP/B0991VD883
FYPXD	FYPXD	amazon.ca	HTTPS://WWW.AMAZON.CA/STORES/FYPXD/FYPXD/PAGE/B10117F0-8F55-4919-861B-DDE1F829ECB9
FYPXD	FYPXD	amazon.ca	HTTPS://WWW.AMAZON.CA/FYPXD-INSERTS-REMOVABLE-ENHANCERS-SWIMSUITS/DP/B0D182D4JT
FYPXD	FYPXD	amazon.ca	HTTPS://WWW.AMAZON.CA/SILICONE-BUTTOCKS-SHAPER-SMOOTH-CONTROL/DP/B07RW5ZXTH
FYRENA	FYRENA	amazon.ca	HTTPS://WWW.AMAZON.CA/FYRENA-HEADBOARD-CHARGING-UPHOLSTERED-PLATFORM/DP/B0CRYPNFHN
FYSCEMZZ	FYSCEMZZ	amazon.ca	HTTPS://WWW.AMAZON.CA/FYSCEMZZ-2PCS-HARDENED-GLASS-REPLACEMENT/DP/B0C16B91DG
FYSCEMZZ	FYSCEMZZ	amazon.ca	HTTPS://WWW.AMAZON.CA/FYSCEMZZ-WELDING-HELMET-FILTER-FZ57012/DP/B0CT84VFR2
FYSCEMZZ	FYSCEMZZ	amazon.ca	HTTPS://WWW.AMAZON.CA/FYSCEMZZ-20-UNIVERSAL-WELDING-REPLACEMENT/DP/B0BKVHQ4HW
FYSIQ	FYSIQ	amazon.ca	HTTPS://WWW.AMAZON.CA/FYSIQ-TREADMILL-TREADMILLS-BLUETOOTH-WIRELESS/DP/B0CMDDYZCS
FYYH	FYYH	amazon.ca	HTTPS://WWW.AMAZON.CA/FYYH/S?K=FYYH
FYZEG	FYZEG	amazon.ca	HTTPS://WWW.AMAZON.CA/FYZEG-FREESTANDING-WARDROBE-CLOTHING-ADJUSTABLE/DP/B0CLRBDJQX
FYZEG	FYZEG	amazon.ca	HTTPS://WWW.AMAZON.CA/FYZEG-SHELVING-ORGANIZER-STANDING-BATHROOM/DP/B0BJJ5CGCQ
FYZELOD	FYZELOD	amazon.ca	HTTPS://WWW.AMAZON.CA/FYZELOD-DECORATIVE-ELECTRICAL-ACCESSORIES-C988/DP/B09Y95D2TY
FYZPAEA	FYZPAEA	amazon.ca	HTTPS://WWW.AMAZON.CA/MONOCULARS-FYZPAEA-MONOCULAR-TELESCOPE-SMARTPHONE/DP/B0BZ85LRX7
FZENEAST	FZENEAST	amazon.ca	HTTPS://WWW.AMAZON.CA/FZENEAST-VERTICAL-WATERPROOF-RESEALABLE-CONFERENCE/DP/B0C85KBD5W
FZENEAST	FZENEAST	amazon.ca	HTTPS://WWW.AMAZON.CA/SNOWFLAKE-MULTI-TOOL-STAINLESS-CARABINER-SILVER/DP/B08JLTBZ91
GABROGA	GABROGA	amazon.ca	HTTPS://WWW.AMAZON.CA/STORES/GABROGA/PAGE/8C4608EF-3FB6-4B4A-A084-27FDAF8DC72B
GADRYH	GADRYH	amazon.ca	HTTPS://WWW.AMAZON.CA/GADRYH-HALLOWEEN-HORROR-COSPLAY-ADULTS/DP/B0CBBM7VJZ
GALAPET	GALAPET	amazon.ca	HTTPS://WWW.AMAZON.CA/GALAPET-HAMSTER-GERBIL-CAGE-HABITAT/DP/B07B9JLDGD
GALAZZZ	GALAZZZ	amazon.ca	HTTPS://WWW.AMAZON.CA/GALAZZZ-AIRTIGHT-DECORATIVE-CONTAINERS-SQUARE/DP/B0C9J3KF7G
GALLAPLE	GALLAPLE	amazon.ca	HTTPS://WWW.AMAZON.CA/GALLAPLE-GOOSENECK-FLEXIBLE-HEADBOARD-RECORDING/DP/B0C1G9ZCFS
GALLFOULD	GALLFOULD	amazon.ca	HTTPS://WWW.AMAZON.CA/GALLFOULD-GRADED-CARD-STORAGE-BOX/DP/B0F3TCFKRK
GAMESADULTSPLAY	GAMESADULTSPLAY	amazon.ca	HTTPS://WWW.AMAZON.CA/STORES/GAMESADULTSPLAY/HOMEPAGE/PAGE/AED4E756-742B-4AC4-8A01-70FF89AA584F
GAMTRIK	GAMTRIK	amazon.ca	HTTPS://WWW.AMAZON.CA/HEAVY-DUTY-STEEL-GARAGE-HOOKS/DP/B0CJWZS53J
GAMTRIK	GAMTRIK	amazon.ca	HTTPS://WWW.AMAZON.CA/GAMTRIK-100-PIECES-SEED-ENVELOPES/DP/B0CQ8NR529
GANLINIA	GANLINIA	amazon.ca	HTTPS://WWW.AMAZON.CA/GANLINIA-BLANKET-KNITTED-HANDMADE-DECORATE/DP/B0BXLL6VH4
GAOIKERR	GAOIKERR	amazon.ca	HTTPS://WWW.AMAZON.CA/GAOIKERR-WIND-CHIMES-WINDCHIME-BIRTHDAY/DP/B0CZ6T38DN
GAOSAILI	GAOSAILI	amazon.ca	HTTPS://WWW.AMAZON.CA/GAOSAILI-WEDDINGS-CHRISTMAS-FESTIVAL-DECORATION/DP/B08GHK6357
GAOSAILI	GAOSAILI	amazon.ca	HTTPS://WWW.AMAZON.CA/GAOSAILI-SHEETS-TRANSFER-CARVING-BURNING/DP/B07YXHD4NG
GAOSAILI	GAOSAILI	amazon.ca	HTTPS://WWW.AMAZON.CA/GAOSAILI-RHINESTONES-PROFESSIONAL-CRYSTALS-RHINESTONE/DP/B07YZK2YMM
GAOSAILI	GAOSAILI	amazon.ca	HTTPS://WWW.AMAZON.CA/GAOSAILI-CURTAIN-HANGING-INTERNAL-DIAMETER/DP/B07YKTLMQC
GAOYMSYM	GAOYMSYM	amazon.ca	HTTPS://WWW.AMAZON.CA/-/FR/GAOYMSYM-SUPPORTS-FLOTTANTS-CHAMBRE-COUCHER/DP/B0F1FFYCRG
GARDENIENTS	GARDENIENTS	amazon.ca	HTTPS://WWW.AMAZON.CA/LANDSCAPE-CONSTRUCTION-WATERPROOF-WARM-YELLOW-LIGHT%EF%BC%884-PACK%EF%BC%89/DP/B081CFPBNJ
GARDYUE	GARDYUE	amazon.ca	HTTPS://WWW.AMAZON.CA/GARDYUE-12-CORK-BULLETIN-BOARD/DP/B0BZWGJVSP
GARELF	GARELF	amazon.ca	HTTPS://WWW.AMAZON.CA/DURABLE-ELASTIC-WATERPROOF-PROTECTION-TRUCKS/DP/B095WH78C1
GARIBOSH	GARIBOSH	amazon.ca	HTTPS://WWW.AMAZON.CA/GARIBOSH-%D0%85TR%D1%96NG-L%D1%96GHT%D1%95-%D0%9EUT%D1%95%D1%96DE-OUT%D1%95%D1%96D%D0%B5/DP/B0BWXZQBT2
GARLIFUR	GARLIFUR	amazon.ca	HTTPS://WWW.AMAZON.CA/GARLIFUR-PROTECTOR-ANTI-THEFT-FIREPROOF-RESISTANT/DP/B0CYC5WQG9
GARSENCE	GARSENCE	amazon.ca	HTTPS://WWW.AMAZON.CA/GARSENCE-MODULAR-PLANTER-OUTDOOR-VEGETABLES/DP/B0CRRGYVLZ
GARYOB	GARYOB	amazon.ca	HTTPS://WWW.AMAZON.CA/GARYOB-PAINT-BACKLIGHT-FLUORESCENT-0-35OZ/DP/B09HK6P947
GATHERSKY	GATHERSKY	amazon.ca	HTTPS://WWW.AMAZON.CA/GATHERSKY-UPRIGHT-ROOFTOP-CARRIER-BICYCLE/DP/B0CSDNN1ZN
GBVUGY	GBVUGY	amazon.ca	HTTPS://WWW.AMAZON.CA/GBVUGY-GYMNASTICS-INFLATABLE-HANDSPRING-CHEERLEADING/DP/B0CBMGGQ9M
GCQC	GCQC	amazon.ca	HTTPS://WWW.AMAZON.CA/GCQC-CHECKERED-BLANKET-KNITTED-CHECKERBOARD/DP/B0BFVNX2FF
GDCAPTAIN	GDCAPTAIN	amazon.ca	HTTPS://WWW.AMAZON.CA/GDCAPTAIN-RESISTANT-WATERPROOF-STANDARD-SMALL/DP/B09RWQH1HC
GDKASRNY	GDKASRNY	amazon.ca	HTTPS://WWW.AMAZON.CA/GDKASRNY-BRACELET-ADJUSTABLE-BANGLE-GIFTS/DP/B09YYPXQ4J
GDLMA	GDLMA	amazon.ca	HTTPS://WWW.AMAZON.CA/GDLMA-STORAGE-SIDEBOARD-KITCHEN-CABINET/DP/B09ZHKPJWW
GDLMA	GDLMA	amazon.ca	HTTPS://WWW.AMAZON.CA/GDLMA-ELEGANT-DRAWER-LIVING-BEDROOM/DP/B0B96XSXZB
GDSCSKKS	GDSCSKKS	amazon.ca	HTTPS://WWW.AMAZON.CA/GDSCSKKS-STAINLESS-INSULATED-CHOPSTICKS-INSULATED/DP/B0CPXPJQ31
GDYDI	GDYDI	amazon.ca	HTTPS://WWW.AMAZON.CA/COMPATIBLE-1994-2002-RAM-2500-3500/DP/B0CS65KRP4
GEANBIOSO	GEANBIOSO	amazon.ca	HTTPS://WWW.AMAZON.CA/GEANBIOSO-STAINLESS-STAINLESS-%EF%BC%8CSETINDUCTION-PANS%EF%BC%8CSILVER/DP/B0D5D2BTCG
GEANMOKI	GEANMOKI	amazon.ca	HTTPS://WWW.AMAZON.CA/GEANMOKI/B/REF=BL_DP_S_MW_37201670011?IE=UTF8&NODE=37201670011&FIELD-LBR_BRANDS_BROWSE-BIN=GEANMOKI
GEARFOURTH	GEARFOURTH	amazon.ca	HTTPS://WWW.AMAZON.CA/GEARFOURTH-LEATHER-MESSENGER-BAG-MEN/DP/B084SWMM6N
GEARILLA	GEARILLA	amazon.ca	HTTPS://WWW.AMAZON.CA/GEARILLA-RUGGED-BINDER-ZIPPER-RING/DP/B08L6VDHQ5
GECAITEZ	GECAITEZ	amazon.ca	HTTPS://WWW.AMAZON.CA/GECAITEZ-MENS-GRAPHIC-SHIRTS-COOL-FRUITS/DP/B09K5LRHGR
GECXGY	GECXGY	amazon.ca	HTTPS://WWW.AMAZON.CA/HALOGEN-LIGHT-BULBS-DIMMABLE-INDOOR/DP/B09FSRCQHJ
GEELIHOME	GEELIHOME	amazon.ca	HTTPS://WWW.AMAZON.CA/GEELIHOME-PROJECTOR-ATMOSPHERE-BLUETOOTH-STARLIGHT/DP/B09PFW3LGT
GEEMOTHO	GEEMOTHO	amazon.ca	HTTPS://WWW.AMAZON.CA/GEEMOTHO/B/REF=BL_DP_S_MW_120826439011?IE=UTF8&NODE=120826439011&FIELD-LBR_BRANDS_BROWSE-BIN=GEEMOTHO
GEEWKOOY	GEEWKOOY	amazon.ca	HTTPS://WWW.AMAZON.CA/GEEWKOOY-BEDROOM-DIMMABLE-WEDDING-BIRTHDAY/DP/B0BCFZ79LG
GEEYAE	GEEYAE	amazon.ca	HTTPS://WWW.AMAZON.CA/GEEYAE-PORTABLE-CONDITIONER-ADJUSTABLE-DIAMETER/DP/B0B6DQCS89
GEEYAE	GEEYAE	amazon.ca	HTTPS://WWW.AMAZON.CA/GEEYAE-BACKER-FORGED-TRACTOR-BUCKET/DP/B09V2JGXLW
GEFOSIN	GEFOSIN	amazon.ca	HTTPS://WWW.AMAZON.CA/GEFOSIN-LUMINOUS-WASHABLE-CHILDREN-DINOSAUR/DP/B0BBRQ5K3S
GEGEMAOYI	GEGEMAOYI	amazon.ca	HTTPS://WWW.AMAZON.CA/GEGEMAOYI-REMOVABLE-ADHESIVE-BALLOONS-DECORATION/DP/B0BDDJCSVN
GEGGKAKE	GEGGKAKE	amazon.ca	HTTPS://WWW.AMAZON.CA/GEGGKAKE-UNIVERSAL-GOLF-YAMAHA-CARTS/DP/B09PZSH9DW
GEGGUR	GEGGUR	amazon.ca	HTTPS://WWW.AMAZON.CA/FINISHING-GEGGUR-HAIRFEEL-PORTABLE-REFRESHING/DP/B07RVM35WR
GEKIWRRIER	GEKIWRRIER	amazon.ca	HTTPS://WWW.AMAZON.CA/GEKIWRRIER-BARRIER-LANDSCAPE-HEAVY-DUTY-GARDENING/DP/B091GV2G4M
GEKSION	GEKSION	amazon.ca	HTTPS://WWW.AMAZON.CA/GEKSION-TRAILER-HITCH-PROTECTIVE-RRAILER/DP/B09SLZX78Q
GEKSION	GEKSION	amazon.ca	HTTPS://WWW.AMAZON.CA/GEKSION-TRAILER-REDUCER-ADAPTER-CONVERTER/DP/B09SNPBDGR
GEKSION	GEKSION	amazon.ca	HTTPS://WWW.AMAZON.CA/GEKSION-TRAILER-EXTENSION-RECEIVER-ADJUSTABLE/DP/B0BGZ7RZCQ
GELAISI	GELAISI	amazon.ca	HTTPS://WWW.AMAZON.CA/GELAISI-LEATHER-SELF-ADHESIVE-FURNITURE-HANDBAGS/DP/B09CPMYX9Z
GELONGTU	GELONGTU	amazon.ca	HTTPS://WWW.AMAZON.CA/120V-240V-METERED-CURRENT-DIGITAL-L6-30P/DP/B0C1NLWS64
GENCUOIR	GENCUOIR	amazon.ca	HTTPS://WWW.AMAZON.CA/GENCUOIR-RETRACTABLE-ADJUSTABLE-MULTIFUNCTIONAL-CHILDRENS/DP/B09MJW9FX3
GENIECLIP	GENIECLIP	amazon.ca	HTTPS://WWW.AMAZON.CA/GENIECLIP-RST-RESILIENT-SOUND-ISOLATION/DP/B00R1S3P7E
GEOUMY	GEOUMY	amazon.ca	HTTPS://WWW.AMAZON.CA/GEOUMY-MAGNETIC-COMPATIBLE-STAINLESS-REPLACEMENT/DP/B0B8C91CH8
GEPERLL	GEPERLL	amazon.ca	HTTPS://WWW.AMAZON.CA/SECURITY-LIGHTS-OUTDOOR-ADJUSTABLE-PATHWAY/DP/B0CRHGF28P
GEPERLL	GEPERLL	amazon.ca	HTTPS://WWW.AMAZON.CA/GEPERLL-DIMMABLE-CEILING-3000-6000K-LIGHTING/DP/B0F12Z8CP9
GEPPHILL	GEPPHILL	amazon.ca	HTTPS://WWW.AMAZON.CA/GEPPHILL-STAINLESS-INDUSTRIAL-MULTI-FUNCTION-PROCESSING/DP/B0F4DCCSFJ
GERAP	GERAP	amazon.ca	HTTPS://WWW.AMAZON.CA/STORES/GERAP/%E4%B8%BB%E9%A1%B5/PAGE/C4339836-52FF-4174-B9B7-59495D390910
GERBIT	GERBIT	amazon.ca	HTTPS://WWW.AMAZON.CA/STORES/GERBIT/PAGE/33A4ED50-B934-4B58-8CCF-F25DE879B872
GERGELLA	GERGELLA	amazon.ca	HTTPS://WWW.AMAZON.CA/WARMERS-FOLDABLE-EARMUFFS-ADJUSTABLE-PROTECTS/DP/B07YL8ZDY5
GERNEHOP	GERNEHOP	amazon.ca	HTTPS://WWW.AMAZON.CA/GERNEHOP-STANDING-ADJUSTABLE-HANGING-CENTURY/DP/B0CC2DVM8Y
GERTTRONY	GERTTRONY	amazon.ca	HTTPS://WWW.AMAZON.CA/GERTTRONY-ERGONOMIC-COMPUTER-EXECUTIVE-CONFERENCE/DP/B0BLMCWW4V
GESHUPOR	GESHUPOR	amazon.ca	HTTPS://WWW.AMAZON.CA/GESHUPOR-ADAPTOR-MILWAUKEE-TERMINALS%EF%BC%8C14AWG-CONNECTOR/DP/B0CCY5QCKW
GESOMEPURRZ	GESOMEPURRZ	amazon.ca	HTTPS://WWW.AMAZON.CA/GESOMEPURRZ-LITTER-ENCLOSURE-SPLASH-WATERPROOF/DP/B0F52ZSZPY
GETITALONE	GETITALONE	amazon.ca	HTTPS://WWW.AMAZON.CA/GETITALONE-FENDER-SEQUENTIAL-COMPATIBLE-2022-2023/DP/B0CHP7QX3L
GETUMP	GETUMP	amazon.ca	HTTPS://WWW.AMAZON.CA/CAR-SEAT-TRAVEL-BAG-GETUMP/DP/B0BHZXC8V9
GETUMP	GETUMP	amazon.ca	HTTPS://WWW.AMAZON.CA/GETUMP-TRAVEL-CARSEAT-COVER-AIRPLANE/DP/B0BX6M5T5C
GFYTDXE	GFYTDXE	amazon.ca	HTTPS://WWW.AMAZON.CA/MINI-CELL-PHONE-FAN-ACCESSORIES/DP/B09SHMQ5MK
GFYWZZ	GFYWZZ	amazon.ca	HTTPS://WWW.AMAZON.CA/GFYWZZ-SLEEPING-PILLOW-CUSHION-LIBRARY/DP/B09VXTMMD6
GGAIFBP	GGAIFBP	amazon.ca	HTTPS://WWW.AMAZON.CA/GGAIFBP-NAIL-DRYER-REGULAR-POLISH/DP/B0C1WNX1ZR
GGTYHAO	GGTYHAO	amazon.ca	HTTPS://WWW.AMAZON.CA/GGTYHAO-ELECTRIC-STAINLESS-CONDUCTIVITY-RESISTANCE%EF%BC%8CPORTABLE/DP/B0B17WZ6Z7
GGTYHAO	GGTYHAO	amazon.ca	HTTPS://WWW.AMAZON.CA/GGTYHAO-HORSESHOE%EF%BC%8C-DURABLE-MEDIUM-HORSESHOE/DP/B08SJR3J5Z
GGWEW	GGWEW	amazon.ca	HTTPS://WWW.AMAZON.CA/GGWEW-NARROW-SKINNY-STORAGE-VINTAGE/DP/B0CXTMYF2H
GGWEW	GGWEW	amazon.ca	HTTPS://WWW.AMAZON.CA/GGWEW-CHARGING-STATION-STORAGE-MAGAZINE/DP/B0CGTY3WNT
GHAKUTB	GHAKUTB	amazon.ca	HTTPS://WWW.AMAZON.CA/STORES/GHAKUTB/PAGE/CB62E259-DD3E-4313-B49F-7940936EF627
GHFSDO	GHFSDO	amazon.ca	HTTPS://WWW.AMAZON.CA/GHFSDO-DIATOMACEOUS-ABSORBENT-NON-SLIP-BATHROOM/DP/B0CPLN93TR
GHFSDO	GHFSDO	amazon.ca	HTTPS://WWW.AMAZON.CA/GHFSDO-DIATOMACEOUS-ABSORBENT-NON-SLIP-SHUIMOSHI1/DP/B0CYGWF1TR
GHITINE	GHITINE	amazon.ca	HTTPS://WWW.AMAZON.CA/GHITINE-PLANTER-POTS-PLANT-INDOOR/DP/B096LZ8RCL
GHITINE	GHITINE	amazon.ca	HTTPS://WWW.AMAZON.CA/GHITINE-PLANTER-POTS-PLANT-INDOOR/DP/B096LZL8ZD
GHYTMTHOT	GHYTMTHOT	amazon.ca	HTTPS://WWW.AMAZON.CA/GHYTMTHOT-ROTARY-VINTAGE-LANDLINE-OFFICE/DP/B0CZN6Y43Q
GHYTMTHOT	GHYTMTHOT	amazon.ca	HTTPS://WWW.AMAZON.CA/SLATE-COASTERS-ENGRAVING-BLACK-COASTER/DP/B0BWTSWGC4
GIANOR	GIANOR	amazon.ca	HTTPS://WWW.AMAZON.CA/RECESSED-LIGHTING-JUNCTION-CEILING-NO-DIMMABLE/DP/B07GWJVD2R
GIANOR	GIANOR	amazon.ca	HTTPS://WWW.AMAZON.CA/RECESSED-LIGHTING-CEILING-NO-DIMMABLE-FIXTURE/DP/B01MCRVYK5
GIGECOR	GIGECOR	amazon.ca	HTTPS://WWW.AMAZON.CA/GIGECOR-BATHROOM-SHELVES-STORAGE-FLOATING/DP/B0D21T8SK2
GIGECOR	GIGECOR	amazon.ca	HTTPS://WWW.AMAZON.CA/GIGECOR-ADJUSTABLE-BATHROOM-ORGANIZER-TENSION/DP/B0CQYJST61
GIGECOR	GIGECOR	amazon.ca	HTTPS://WWW.AMAZON.CA/GIGECOR-BATHROOM-TENSION-ADJUSTABLE-CEILING/DP/B0D3PLB1JW
GIGSZAY	GIGSZAY	amazon.ca	HTTPS://WWW.AMAZON.CA/GIGSZAY-FLOORING-DECORATIVE-PLASTIC-STANDARD/DP/B09X45F8MC
GIGUELOVE	GIGUELOVE	amazon.ca	HTTPS://WWW.AMAZON.CA/GIGUELOVE-LIGHTING-WATERPROOF-FARMHOUSE-GOOSENECK/DP/B0C6ZRB567
GIITOOA	GIITOOA	amazon.ca	HTTPS://WWW.AMAZON.CA/GIITOOA-CARRYING-CUSTOMIZABLE-PRE-DICED-TRANSPORTATION/DP/B0D455B5RK
GILIKOKO	GILIKOKO	amazon.ca	HTTPS://WWW.AMAZON.CA/GILIKOKO-ADHESIVE-STAINLESS-ORGANIZERS-RUSTPROOF/DP/B0CCDKF16N
GILOUPPE	GILOUPPE	amazon.ca	HTTPS://WWW.AMAZON.CA/GILOUPPE-SPECTRUM-INDOOR-ADJUSTABLE-16-63IN/DP/B0BMVFFLMS
GILUTA	GILUTA	amazon.ca	HTTPS://WWW.AMAZON.CA/STORES/GILUTA/PAGE/A093FA6F-38BE-4565-802C-94D223D6D212
GIMIBOX	GIMIBOX	amazon.ca	HTTPS://WWW.AMAZON.CA/ANDROID-GIMIBOX-WIRELESS-KEYBOARD-PROJECTOR/DP/B07WJGSXT8
GIMISONIC	GIMISONIC	amazon.ca	HTTPS://WWW.AMAZON.CA/HERMITSHELL-TRAVEL-GIMISONIC-PROJECTOR-4000LUX/DP/B082MF9MR2
GINELSON	GINELSON	amazon.ca	HTTPS://WWW.AMAZON.CA/VDP/0B0EDB6DB6DE473B947F7770BEC37A8F?_ENCODING=UTF8&PD_RD_W=3QNR6&CONTENT-ID=AMZN1.SYM.FE50A602-B960-462C-B471-08A0FC06441F&PF_RD_P=FE50A602-B960-462C-B471-08A0FC06441F&PF_RD_R=CP72T81SPR6J82J17DEJ&PD_RD_WG=SNRXY&PD_RD_R=12E996D4-AC11-43FB-A923-D9C78AB6C2A7
GINLEDER	GINLEDER	amazon.ca	HTTPS://WWW.AMAZON.CA/GINLEDER-LARGE-MAKEUP-TRAIN-CASE/DP/B0BY1XKL2X
GINXIA	GINXIA	amazon.ca	HTTPS://WWW.AMAZON.CA/GINXIA-PARROT-COTTON-CLIMBING-BUNGEE/DP/B07TVQZC12
GIORCIS	GIORCIS	amazon.ca	HTTPS://WWW.AMAZON.CA/GIORCIS-100-LINEN-SHEET-SET/DP/B0B68F7KQM
GIOVAR	GIOVAR	amazon.ca	HTTPS://WWW.AMAZON.CA/GIOVAR-REFRIGERATOR-EQUIVALENT-WATERPROOF-NON-DIMMABLE/DP/B097QYWHXL
GIPTIME	GIPTIME	amazon.ca	HTTPS://WWW.AMAZON.CA/STORES/GIPTIME/%E4%B8%BB%E9%A1%B5/PAGE/93DC33B0-7A57-481F-8389-9B579920C992
GIRGOD	GIRGOD	amazon.ca	HTTPS://WWW.AMAZON.CA/GIRGOD-ESPADRILLES-SANDALS-PLATFORM-WEDDING/DP/B0CR5TZGCG
GIRZZUR	GIRZZUR	amazon.ca	HTTPS://WWW.AMAZON.CA/GIRZZUR-FASHION-HEADBANDS-RUNNING-HEADBAND/DP/B08GK5Z3SJ
GISTIVUS	GISTIVUS	amazon.ca	HTTPS://WWW.AMAZON.CA/CHAMPAGNE-PLASTIC-GLASSES-DISPOSABLE-WEDDING/DP/B09D2QJ6RY
GITTCOLL	GITTCOLL	amazon.ca	HTTPS://WWW.AMAZON.CA/GITTCOLL-STAINLESS-LIGHTWEIGHT-ADJUSTABLE-TELESCOPIC/DP/B0BFF6XHCK
GIVALUE	GIVALUE	amazon.ca	HTTPS://WWW.AMAZON.CA/LIGHTED-MICRO-LED-LIGHTS-OUTDOOR-DECRORATION/DP/B0B7G8YYV3
GIVEENA	GIVEENA	amazon.ca	HTTPS://WWW.AMAZON.CA/GIVEENA-60TH-WEDDING-ANNIVERSARY-ORNAMENT/DP/B0DJSCZNQM
GIVEENA	GIVEENA	amazon.ca	HTTPS://WWW.AMAZON.CA/GIVEENA-25TH-WEDDING-ANNIVERSARY-ORNAMENT/DP/B0CTJZ6YL2
GIWUH	GIWUH	amazon.ca	HTTPS://WWW.AMAZON.CA/GIWUH-PIECES-BARRETTES-TODDLERS-ACCESSORIE/DP/B08S2ZCKTW
GJHGHJ	GJHGHJ	amazon.ca	HTTPS://WWW.AMAZON.CA/GJHGHJ-KNOWLEDGE-BATHROOM-DECORATION-12X16INCH/DP/B09DFK9MM5
GJOF2YK	GJOF2YK	amazon.ca	HTTPS://WWW.AMAZON.CA/GJOF2YK-COOKWARE-ACCESSORIES-UTENSILS-LEARNING/DP/B08FYD76JW
GKWET	GKWET	amazon.ca	HTTPS://WWW.AMAZON.CA/DISPOSABLE-KITCHEN-EXTRACTOR-NON-WOVEN-43X45CM/DP/B0CSCT9B32
GKWET	GKWET	amazon.ca	HTTPS://WWW.AMAZON.CA/DISPOSABLE-RANGE-HOOD-ABSORBING-TEMPERATURE/DP/B0D1523ZXB
GLAMFORT	GLAMFORT	amazon.ca	HTTPS://WWW.AMAZON.CA/STORES/GLAMFORT/PAGE/06F388CA-4835-44F2-9540-46DE56CF5274
GLAMGEN	GLAMGEN	amazon.ca	HTTPS://WWW.AMAZON.CA/STORES/GLAMGEN/PAGE/67D3E3EA-4EAB-4E38-ADF4-60DE174A3F60
GLAMONCHA	GLAMONCHA	amazon.ca	HTTPS://WWW.AMAZON.CA/GLITTER-GARLAND-PRE-STRUNG-BIRTHDAY-DECORATIONS/DP/B07VNCHJ38
GLAMONCHA	GLAMONCHA	amazon.ca	HTTPS://WWW.AMAZON.CA/PARTEE-THEMED-BANNER-BIRTHDAY-DECORATIONS/DP/B0C2T6KPGX
GLAVAROW	GLAVAROW	amazon.ca	HTTPS://WWW.AMAZON.CA/GLAVAROW-PORTABLE-COLLAPSIBLE-EXPANDABLE-POSTPARTUM/DP/B09WV7VVN8
GLIBERTVILLAGEGOODS	GLIBERTVILLAGEGOODS	amazon.ca	HTTPS://WWW.AMAZON.CA/CANADIAN-NATIONAL-STICKERS-LUGGAGE-GLIBERTVILLAGEGOODS/DP/B09CHJP32X
GLINDAR	GLINDAR	amazon.ca	HTTPS://WWW.AMAZON.CA/GLINDAR-POLARIZED-AVIATOR-SUNGLASSES-VINTAGE/DP/B0868QWDKQ
GLNWUE	GLNWUE	amazon.ca	HTTPS://WWW.AMAZON.CA/DECORATING-FROSTING-INJECTOR-DECORATOR-STAINLESS/DP/B09YVK2C5Q
GLOBALTECKWORLDWIDE	GLOBALTECKWORLDWIDE	amazon.ca	HTTPS://WWW.AMAZON.CA/STORES/GLOBALTECKWORLDWIDE/PAGE/A451DC44-E41D-40AF-87A6-1F3861884C68
GLOBAMBOO	GLOBAMBOO	amazon.ca	HTTPS://WWW.AMAZON.CA/GLOBAMBOO-CUTTING-COMPACT-FOLDABLE-ADJUSTABLE/DP/B07GGQMZ63
GLOCAMPING	GLOCAMPING	amazon.ca	HTTPS://WWW.AMAZON.CA/GLOCAMPING-CAULDRON-DECORATION-PATRICKS-HALLOWEEN/DP/B0CRTHMJ76
GLOGERY	GLOGERY	amazon.ca	HTTPS://WWW.AMAZON.CA/GLOGERY-REMOVABLE-HEADREST-CUSHION-ADJUSTMENT/DP/B08JHSJHYQ
GLOIL	GLOIL	amazon.ca	HTTPS://WWW.AMAZON.CA/GLOIL-HANDHELD-CLEANING-MULTIPURPOSE-ACCESSORY/DP/B0DFSXCMXS
GLOSSYLED	GLOSSYLED	amazon.ca	HTTPS://WWW.AMAZON.CA/GLOSSYLED-DISPLAYPORT-EMULATOR-FIT-HEADLESS-4096X2160/DP/B078NRDQ69
GLOWYE	GLOWYE	amazon.ca	HTTPS://WWW.AMAZON.CA/STORES/GLOWYE/PAGE/D76E891E-4B78-4CC4-9F76-3D6688845ED2
GLTAYLMY	GLTAYLMY	amazon.ca	HTTPS://WWW.AMAZON.CA/GLTAYLMY-EMBROIDERY-BEGINNERS-HUMMINGBIRD-INSTRUCTIONS/DP/B0D5DGY7S3
GLTAYLMY	GLTAYLMY	amazon.ca	HTTPS://WWW.AMAZON.CA/GLTAYLMY-BUTTERFLY-EMBROIDERY-BEGINNERS-INSTRUCTIONS/DP/B0F443MQZB
GLTIRE	GLTIRE	amazon.ca	HTTPS://WWW.AMAZON.CA/GLTIRE-MATTRESS-TELESCOPIC-ALUMINUM-PROFESSIONAL/DP/B0CR3ZHMG7
GLZWIG	GLZWIG	amazon.ca	HTTPS://WWW.AMAZON.CA/SYNTHETIC-GLZWIG-TRANSPARENT-FRONTAL-RESISTANT/DP/B0B5Z9F317
GMAULEE	GMAULEE	amazon.ca	HTTPS://WWW.AMAZON.CA/GMAULEE-CONNECTOR-WATERPARK-TRAMPOLINE-GREENHOUSE/DP/B08SLYPSV7
GMOZAN	GMOZAN	amazon.ca	HTTPS://WWW.AMAZON.CA/GMOZAN-R-EASTER-BUNNY/DP/B0GC67GL3H
GMUSRE	GMUSRE	amazon.ca	HTTPS://WWW.AMAZON.CA/VDP/0142283502694DDFA92EB6F89253D26E?_ENCODING=UTF8&PD_RD_W=KJY4D&CONTENT-ID=AMZN1.SYM.A704BFD1-14BF-4FD0-A41F-2A72E2278C8F&PF_RD_P=A704BFD1-14BF-4FD0-A41F-2A72E2278C8F&PF_RD_R=FE2GCF0C7DPP8F769DH4&PD_RD_WG=PMPG9&PD_RD_R=BB783BF3-6F00-4A70-80FB-A6F7963FFF12
GMUSRE	GMUSRE	amazon.ca	HTTPS://WWW.AMAZON.CA/BRUSHED-FREESTANDING-WATERFALL-BATHROOM-HANDHELD/DP/B09WDGZTDW
GNIXLING	GNIXLING	amazon.ca	HTTPS://WWW.AMAZON.CA/GNIXLING-OUTDOOR-WATERPROOF-CHRISTMAS-MULTI-COLORED/DP/B0BGLY297K
GOACIFIE	GOACIFIE	amazon.ca	HTTPS://WWW.AMAZON.CA/ELECTRIC-COVER28INX-GOACIFIE-RESISTANT-SUNFLOWER/DP/B0CJ7RTMNG
GOBEAST	GOBEAST	amazon.ca	HTTPS://WWW.AMAZON.CA/GOBEAST-PULL-BAR-DIP-STAND/DP/B07282J2MZ
GOBGOD	GOBGOD	amazon.ca	HTTPS://WWW.AMAZON.CA/GOBGOD-CHARGER-SOCKET-OUTLET-MOTORCYCLE/DP/B0BC8GFTPW
GOBOGRASS	GOBOGRASS	amazon.ca	HTTPS://WWW.AMAZON.CA/GOBOGRASS-ARTIFICIAL-BOXWOOD-TOPIARY-BALL/DP/B09M3VD754
GOBOGRASS	GOBOGRASS	amazon.ca	HTTPS://WWW.AMAZON.CA/GOBOGRASS-ARTIFICIAL-BOXWOOD-TOPIARY-BALL/DP/B0B933CX93
GOCASMUS	GOCASMUS	amazon.ca	HTTPS://WWW.AMAZON.CA/GOCASMUS/B/REF=BL_DP_S_MW_38973301011?IE=UTF8&NODE=38973301011&FIELD-LBR_BRANDS_BROWSE-BIN=GOCASMUS
GOCOKI	GOCOKI	amazon.ca	HTTPS://WWW.AMAZON.CA/ATTACHMENTS-KITCHENAID-ATTACHMENT-ACCESSORIES-GOCOKI/DP/B09FZ8Z4XG
GODENMONING	GODENMONING	amazon.ca	HTTPS://WWW.AMAZON.CA/COLLAPSIBLE-LAUNDRY-BASKET-GODENMONING-WATERPROOF/DP/B0B7H3K6L4
GODENMONING	GODENMONING	amazon.ca	HTTPS://WWW.AMAZON.CA/GODENMONING-ORGANIZATION-WATERPROOF-COLLAPSIBLE-MARBLING/DP/B0925H1GPR
GOELUNMY	GOELUNMY	amazon.ca	HTTPS://WWW.AMAZON.CA/BLENDER-SMOOTHIES-VITAMINS-PROCESSOR-PORTABLE/DP/B0BQD8X462
GOEWRAO	GOEWRAO	amazon.ca	HTTPS://WWW.AMAZON.CA/NIGHTMARE-CHRISTMAS-TAPESTRY-POLYESTER-BEDROOM/DP/B08X6QTMTY
GOFOHIMI	GOFOHIMI	amazon.ca	HTTPS://WWW.AMAZON.CA/GOFOHIMI-HEADBOARD-SLIPCOVER-JACQUARD-DUSTPROOF/DP/B0B2MRX4P6
GOFOHIMI	GOFOHIMI	amazon.ca	HTTPS://WWW.AMAZON.CA/GOFOHIMI-HEADBOARD-SLIPCOVER-DUSTPROOF-ANTI-DIRTY/DP/B0B2MRYBB5
GOGSIC	GOGSIC	amazon.ca	HTTPS://WWW.AMAZON.CA/GOGSIC-CHRISTMAS-DECORATION-WATERPROOF-MULTICOLOR/DP/B09JF7NFKR
GOHFEOEO	GOHFEOEO	amazon.ca	HTTPS://WWW.AMAZON.CA/GOHFEOEO-MECHANICAL-DOUBLE-SLEEVED-CONNECTOR-DETACHABLE/DP/B09VGH86L9
GOHFEOEO	GOHFEOEO	amazon.ca	HTTPS://WWW.AMAZON.CA/GOHFEOEO-REVOLVER-MULTI-HOLSTER-SHOULDER-STEAMPUNK/DP/B0CGX7JH8H
GOJAWAY	GOJAWAY	amazon.ca	HTTPS://WWW.AMAZON.CA/GOJAWAY-TACTICAL-OVER-LENGTH-ENTRENCHING-EMERGENCY/DP/B0CRYBTHNR
GOLACKY	GOLACKY	amazon.ca	HTTPS://WWW.AMAZON.CA/GOLACKY-PIECES-CONTAINERS-SPATULAS-PLASTIC/DP/B0CB7KYRBZ
GOLETIO	GOLETIO	amazon.ca	HTTPS://WWW.AMAZON.CA/GOLETIO-CUCUMBER-TRELLIS-GALVANIZED-VEGETABLES/DP/B09YHZVJZW
GOLONBES	GOLONBES	amazon.ca	HTTPS://WWW.AMAZON.CA/GOLONBES-SLIPPER-SLIPPERS-FLANNEL-WASHABLE/DP/B0CSWNNG6H
GOMMAPRENE	GOMMAPRENE	amazon.ca	HTTPS://WWW.AMAZON.CA/UTILITY-GOMMAPRENE-RECYCLED-RUBBER-NO-WATERPROOF/DP/B08P7R8QM9
GOMMAPRENE	GOMMAPRENE	amazon.ca	HTTPS://WWW.AMAZON.CA/HORSESHOE-GOMMAPRENE-WATERPROOF-RECYCLED-OUTDOOR/DP/B08TB9PC72
GOMMAPRENE	GOMMAPRENE	amazon.ca	HTTPS://WWW.AMAZON.CA/GOMMAPRENE-WATERPROOF-NON-SLIP-RECYCLED-RECYCLABLE/DP/B09H2CS1T5
GOMMAPRENE	GOMMAPRENE	amazon.ca	HTTPS://WWW.AMAZON.CA/UTILITY-GOMMAPRENE-WATERPROOF-RECYCLED-RECYCLABLE/DP/B09H2KWCJZ
GONAFIT	GONAFIT	amazon.ca	HTTPS://WWW.AMAZON.CA/GONAFIT-WEIGHTED-JUMP-ROPE-FITNESS/DP/B09X9MN5RN
GONAFIT	GONAFIT	amazon.ca	HTTPS://WWW.AMAZON.CA/GONAFIT-GOLF-MALLET-PUTTER-HEADCOVER/DP/B0BJV2M18C
GONDAV	GONDAV	amazon.ca	HTTPS://WWW.AMAZON.CA/GONDAV-MADEROTERAPIA-ANTICELLULITE-LYMPHATIC-COLOMBIANA/DP/B0BS1ZXQ3J
GONFACI	GONFACI	amazon.ca	HTTPS://WWW.AMAZON.CA/CHRISTMAS-ORNAMENTS-TRADITIONAL-DECORATIONS-SHATTERPROOF/DP/B09FKWPYQ9
GONOCOP	GONOCOP	amazon.ca	HTTPS://WWW.AMAZON.CA/CMCB124-BATTERY-CHARGER-REPLACEMENT-CRAFTSMAN/DP/B0BZ3J3DW4
GONPETGP	GONPETGP	amazon.ca	HTTPS://WWW.AMAZON.CA/TUNNELS-INDOOR-COLLAPSIBLE-CRINKLE-INTERACTIVE/DP/B09X5YB7WW
GONPETGP	GONPETGP	amazon.ca	HTTPS://WWW.AMAZON.CA/GONPETGP-TEAR-RESISTANT-POLYESTER-CRINKLE-CRACKLE/DP/B09KS4FPFN
GONPETGP	GONPETGP	amazon.ca	HTTPS://WWW.AMAZON.CA/GONPETGP-COLLAPSIBLE-INTERACTIVE-FEATHER-SPRINGS/DP/B0BZL926WP
GONRAMEDO	GONRAMEDO	amazon.ca	HTTPS://WWW.AMAZON.CA/GONRAMEDO-DETERRENT-PIGEONS-OUTSIDE-RAILING/DP/B09QZ56LCH
GONUIEN	GONUIEN	amazon.ca	HTTPS://WWW.AMAZON.CA/GONUIEN-ARTIFICIAL-OUTDOOR-RESISTANT-INTERIOR/DP/B0CDP1S3BQ
GOOBLOO	GOOBLOO	amazon.ca	HTTPS://WWW.AMAZON.CA/STORES/GOOBLOO/HOMEPAGE/PAGE/B4E46155-21BA-42F8-A54D-112FBA269C60
GOOCRUN	GOOCRUN	amazon.ca	HTTPS://WWW.AMAZON.CA/GOOCRUN-PORTABLE-PILATES-RESISTANCE-BANDS/DP/B08P8KBXHN
GOODXY	GOODXY	amazon.ca	HTTPS://WWW.AMAZON.CA/GOODXY-STAINLESS-STOPPER-DISPENSER-POURERS/DP/B0749P1FSJ
GOOIKOS	GOOIKOS	amazon.ca	HTTPS://WWW.AMAZON.CA/GOOIKOS-ELECTRIC-PROTECTION-SELF-REGULATING-HEATING/DP/B0D9LBZ1Z8
GOOIKOS	GOOIKOS	amazon.ca	HTTPS://WWW.AMAZON.CA/GOOIKOS-ELECTRIC-PROTECTION-SELF-REGULATING-HEATING/DP/B0D9LC2XDN
GOORANGESY	GOORANGESY	amazon.ca	HTTPS://WWW.AMAZON.CA/GOORANGESY-ADJUSTABLE-PERFECT-ACCESSORIES-PCS/DP/B09ZLDKBBQ
GOORANGESY	GOORANGESY	amazon.ca	HTTPS://WWW.AMAZON.CA/GOORANGESY-ASSISTANT-RESISTANCE-EXERCISING-ABDOMINAL/DP/B08FDGNH9T
GOOSEHILL	GOOSEHILL	amazon.ca	HTTPS://WWW.AMAZON.CA/STORES/GOOSEHILL/PAGE/BF95DF6B-3A51-48A3-9486-1D68831FDDEC
GOSEOIL	GOSEOIL	amazon.ca	HTTPS://WWW.AMAZON.CA/GOSEOIL-TANKLESS-SUBMERSIBLE-STAINLESS-3-5GALLON/DP/B0C2PJSY8S
GOSEOIL	GOSEOIL	amazon.ca	HTTPS://WWW.AMAZON.CA/STEAM-BRAIDED-STAINLESS-DEGREE-INSTALLATION/DP/B0BYK1NBGJ
GOTONERS	GOTONERS	amazon.ca	HTTPS://WWW.AMAZON.CA/STORES/GOTONERS/%E4%B8%BB%E9%A1%B5/PAGE/2FA58A0D-0E13-46F0-8491-1DF46D6009B2
GOTRAVEL2	GOTRAVEL2	amazon.ca	HTTPS://WWW.AMAZON.CA/UPROOT-CLEANER-PRO-HAIR-REMOVER/DP/B0B71C969N
GOUCCPU	GOUCCPU	amazon.ca	HTTPS://WWW.AMAZON.CA/GOUCCPU-HANGING-CUPBOARD-DRILLING-ORGANIZER/DP/B0BYDVZYXN
GOUCCPU	GOUCCPU	amazon.ca	HTTPS://WWW.AMAZON.CA/CARTOON-ORGANIZERS-TRINKET-11-5CMX12-5CM-4-5INX4-9IN/DP/B0CJ4JW415
GOULIKFUL	GOULIKFUL	amazon.ca	HTTPS://WWW.AMAZON.CA/GOULIKFUL-SQUEEZER-JUICER-ERGONOMIC-SIDEWAYS/DP/B0CBQGWRTP
GOULIKFUL	GOULIKFUL	amazon.ca	HTTPS://WWW.AMAZON.CA/GOULIKFUL-ELECTRIC-SEALING-PRESERVATION-CONTAINS/DP/B0CM68CNZ8
GOVNDVN	GOVNDVN	amazon.ca	HTTPS://WWW.AMAZON.CA/STORES/GOVNDVN/%E4%B8%BB%E9%A1%B5/PAGE/03C1FEE6-1FBF-4B19-8914-28DEA7D77ECE
GOWINTECH	GOWINTECH	amazon.ca	HTTPS://WWW.AMAZON.CA/GOWINTECH-COMMERCIAL-GRAPEFRUIT-SQUEEZER-MACHINE/DP/B08LBP3XZ1
GOWITHWIND	GOWITHWIND	amazon.ca	HTTPS://WWW.AMAZON.CA/GOWITHWIND-COLLAPSIBLE-CONTAINER-BPA-FREE-EMERGENCY/DP/B0BZS2KGTG
GOWITHWIND	GOWITHWIND	amazon.ca	HTTPS://WWW.AMAZON.CA/COLLAPSIBLE-CONTAINER-APPROVED-HURRICANE-EARTHQUAKE/DP/B07D38LLP1
GOWIZDREAM	GOWIZDREAM	amazon.ca	HTTPS://WWW.AMAZON.CA/GOWIZDREAM-LIGHTS-MUSIC-DIECAST-ELECTRONIC/DP/B09PBMCZCT
GOWIZDREAM	GOWIZDREAM	amazon.ca	HTTPS://WWW.AMAZON.CA/GOWIZDREAM-NON-CONDUCTIVE-HIGH-TEMPERATURE-CONDUCTIVITY-CONDITIONER/DP/B09PTZSWK7
GPPNKC	GPPNKC	amazon.ca	HTTPS://WWW.AMAZON.CA/GPPNKC-RESISTANCE-ASSISTANCE-EXERCISE-TRAINING/DP/B0BB2P1G68
GQFOWE	GQFOWE	amazon.ca	HTTPS://WWW.AMAZON.CA/REPAIRING-BORING-CONDITIONER-EXPANDER-SWAGING/DP/B0BXWX4KB9
GQHNLUP	GQHNLUP	amazon.ca	HTTPS://WWW.AMAZON.CA/GQHNLUP-TEALIGHT-LANTERN-LANTERNS-VALENTINE/DP/B0BDWFKQHN
GQLHYD	GQLHYD	amazon.ca	HTTPS://WWW.AMAZON.CA/GQLHYD-ADJUSTABLE-PORTABLE-SILICONE-NON-SLIP/DP/B0DJQNTTLV
GRAHOE	GRAHOE	amazon.ca	HTTPS://WWW.AMAZON.CA/GRAHOE-BEACH-CHAIR-CARRY-STRAP/DP/B0C4661Y24
GRANGERS	GRANGERS	amazon.ca	HTTPS://WWW.AMAZON.CA/STORES/GRANGERS/HOMEPAGE/PAGE/123CA0AF-AA67-434A-994D-C47150D99AFE
GRAPPERZ	GRAPPERZ	amazon.ca	HTTPS://WWW.AMAZON.CA/GRAPPERZ-EARBUD-HOLDER-PROTECTOR-CORD/DP/B00GVH7MA2
GRAPPERZ	GRAPPERZ	amazon.ca	HTTPS://WWW.AMAZON.CA/GRAPPERZ-EARBUD-HOLDER-PROTECTOR-WRAPPER/DP/B00GVG049E
GRAZIACDS	GRAZIACDS	amazon.ca	HTTPS://WWW.AMAZON.CA/GRAZIACDS-BREASTPLATE-REALISTIC-CROSSDRESSER-TRANSGENDER/DP/B0C8CVH22D
GRAZIACDS	GRAZIACDS	amazon.ca	HTTPS://WWW.AMAZON.CA/GRAZIACDS-SILICONE-REALISTIC-SHAPEWEAR-REMOVABLE/DP/B0C89HDJY2
GREDAK	GREDAK	amazon.ca	HTTPS://WWW.AMAZON.CA/GREDAK-CANVASES-PAINTING-12-PACK-WATERCOLOR/DP/B0BM4L3Y32
GREDNFHAT	GREDNFHAT	amazon.ca	HTTPS://WWW.AMAZON.CA/GREDNFHAT-FOOTBALL-PROFESSIONAL-MOUTHGUARD-BASKETBALL/DP/B0B8YG6RJX
GREDNFHAT	GREDNFHAT	amazon.ca	HTTPS://WWW.AMAZON.CA/RIGHT-ANGLE-DRILL-ATTACHMENT-SCREWDRIVER/DP/B0BGKLS6J2
GREDNFHAT	GREDNFHAT	amazon.ca	HTTPS://WWW.AMAZON.CA/GREDNFHAT-10PACK-INCLUDING-BICYCLE-DOUBLE-HEADED/DP/B0BDYV56DV
GREENCALLOW	GREENCALLOW	amazon.ca	HTTPS://WWW.AMAZON.CA/GREENCALLOW-ARTIFICIAL-INDOOR-EUCALYPTUS-GREENERY/DP/B08XWGKY69
GREENEREVER	GREENEREVER	amazon.ca	HTTPS://WWW.AMAZON.CA/GREENEREVER-SKIMMER-PROFESSIONAL-CLEANING-FOUNTAINS/DP/B08B1L196B
GREEVIRO	GREEVIRO	amazon.ca	HTTPS://WWW.AMAZON.CA/GREEVIRO-COMPOSTABLE-PLANT-BASED-DISPOSABLE-GATHERINGS/DP/B0C3NPVR5F
GREFLYING	GREFLYING	amazon.ca	HTTPS://WWW.AMAZON.CA/GREFLYING-ELASTIC-DRAWSTRING-POCKETS-RUNNING/DP/B0BYPB58R2
GREFLYING	GREFLYING	amazon.ca	HTTPS://WWW.AMAZON.CA/GREFLYING-SUMMER-SLEEVELESS-TEQUILA-LETTER/DP/B07QFZMBLR
GRILLIANCE	GRILLIANCE	amazon.ca	HTTPS://WWW.AMAZON.CA/GRILLIANCE-BLACKSTONE-ACCESSORIES-CHEF%EF%BC%8CHIBACHI-COVER%EF%BC%8CBURGER/DP/B0D46SH7QG
GRMEISLEMC	GRMEISLEMC	amazon.ca	HTTPS://WWW.AMAZON.CA/GRMEISLEMC-INSLUATED-STAINLESS-PORTABLE-CONTAINER/DP/B07YQSDYR7
GRMEISLEMC	GRMEISLEMC	amazon.ca	HTTPS://WWW.AMAZON.CA/GRMEISLEMC-FASHION-PORTABLE-WATERPROOF-ANTI-THIEF/DP/B07VYWYT3K
GRMEISLEMC	GRMEISLEMC	amazon.ca	HTTPS://WWW.AMAZON.CA/GRMEISLEMC-DESKTOP-MANNEQUIN-BRACELET-ORNAMENT/DP/B07W5ZWG47
GRMEISLEMC	GRMEISLEMC	amazon.ca	HTTPS://WWW.AMAZON.CA/GRMEISLEMC-FASHION-CAPACITY-DURABLE-SHOULDER/DP/B07XD165SC
GROBELL	GROBELL	amazon.ca	HTTPS://WWW.AMAZON.CA/GROBELL-STEAM-CLEANER-ANYTIME-NO-COOLING-DETACHABLE/DP/B0DDPW5XDS
GROXKOX	GROXKOX	amazon.ca	HTTPS://WWW.AMAZON.CA/GROXKOX-BACKPACK-CARRIER-EXPANDABLE-BREATHABLE/DP/B0D1BNRQVF
GROXKOX	GROXKOX	amazon.ca	HTTPS://WWW.AMAZON.CA/GROXKOX-CARRIER-BACKPACK-PUPPIES-EXPANABLE/DP/B0D1C2FWXG
GROZOKEN	GROZOKEN	amazon.ca	HTTPS://WWW.AMAZON.CA/GROZOKEN-FLUFFY-BEDROOM-NON-SLIP-RAINBOW/DP/B096CV153Y
GSAIN	GSAIN	amazon.ca	HTTPS://WWW.AMAZON.CA/PORCELAIN-STACKABLE-CERAMIC-SERVING-DESSERT/DP/B08DV6QPCX
GSBOGOSSE	GSBOGOSSE	amazon.ca	HTTPS://WWW.AMAZON.CA/GSBOGOSSE-LUXURY-SLEEVE-PRINTED-NIGHTCLUB/DP/B08QYJDMRK
GSBOGOSSE	GSBOGOSSE	amazon.ca	HTTPS://WWW.AMAZON.CA/GSBOGOSSE-LUXURY-PRINTED-BUTTON-SLEEVE/DP/B0BHL3CXVC
GSFTOP	GSFTOP	amazon.ca	HTTPS://WWW.AMAZON.CA/GSFTOP-FITTINGS-HYDRAULIC-CRIMPING-PROPRESS/DP/B095P3KZ8B
GSLOOK	GSLOOK	amazon.ca	HTTPS://WWW.AMAZON.CA/GSLOOK-PRESSURE-DIAPHRAGM-SELF-PRIMING-CARAVAN/DP/B074DC4YCS
GSLOOK	GSLOOK	amazon.ca	HTTPS://WWW.AMAZON.CA/GSLOOK-PRESSURE-DIAPHRAGM-SELF-PRIMING-MISTING/DP/B074T2V7CM
GSYIWMK	GSYIWMK	amazon.ca	HTTPS://WWW.AMAZON.CA/HOODED-WEDDING-FLOWER-BRIDESMAID-MULTI-COLOR/DP/B07H7Y1KLL
GTAPHOTOSTUDIO	GTAPHOTOSTUDIO	amazon.ca	HTTPS://WWW.AMAZON.CA/GTAPHOTOSTUDIO-WF717-PROFESSIONAL-CAMCORDER-TRIPOD/DP/B00AXDU0J0
GTAPLAM	GTAPLAM	amazon.ca	HTTPS://WWW.AMAZON.CA/GTAPLAM-COMPATIBLE-ACCESSORIES-SWITCH-PRO-CONTROLLER/DP/B09C5RTFRM
GTOHHAVEA	GTOHHAVEA	amazon.ca	HTTPS://WWW.AMAZON.CA/GTOHHAVEA-ANTI-ESCAPE-LEATHER-PREVENTS-BARKING/DP/B0CSD87YNY
GTONKSYE	GTONKSYE	amazon.ca	HTTPS://WWW.AMAZON.CA/PROPANE-BURNER-37-7-DUAL-PURPOSE-MULTIFUNCTIONAL-GARDENING/DP/B09BNVF55M
GUANDOO	GUANDOO	amazon.ca	HTTPS://WWW.AMAZON.CA/GUANDOO-WINTER-JACKET-COLLAR-OVERCOAT/DP/B0776NTDQS
GUANXIMAOYI	GUANXIMAOYI	amazon.ca	HTTPS://WWW.AMAZON.CA/REPLACEMENT-TRIGGER-BUTTONS-CONTROLLER-PLAYSTATION/DP/B07NRHH63L
GUANYANYI	GUANYANYI	amazon.ca	HTTPS://WWW.AMAZON.CA/GUANYANYI-BIODEGRADABLE-GRASS-GERMINATION-BLANKET/DP/B09WJ2M4X3
GUARANTLED	GUARANTLED	amazon.ca	HTTPS://WWW.AMAZON.CA/WATERPROOF-LIGHT-120V-INDOOR-CRI-LIGHTING-ALUMINUM-WIRED-STEP-PACK/DP/B08Z37CBZP
GUBCUB	GUBCUB	amazon.ca	HTTPS://WWW.AMAZON.CA/GUBCUB/B/REF=BL_DP_S_MW_37106367011?IE=UTF8&NODE=37106367011&FIELD-LBR_BRANDS_BROWSE-BIN=GUBCUB
GUBODASOL	GUBODASOL	amazon.ca	HTTPS://WWW.AMAZON.CA/DECORATIONS-TURQUOISE-ROMANTIC-STRETCHED-12X16INCHX3PCS/DP/B09WXXY76V
GUBODASOL	GUBODASOL	amazon.ca	HTTPS://WWW.AMAZON.CA/BASEBALL-CANVAS-ARTWORK-BEDROOM-OFFICE%EF%BC%8C/DP/B09TFCPVKV
GUDENZE	GUDENZE	amazon.ca	HTTPS://WWW.AMAZON.CA/GUDENZE-PORTABLE-APARTMENTS-UNDERWEAR-PORTATIVE/DP/B0CTT8412S
GUDETAP	GUDETAP	amazon.ca	HTTPS://WWW.AMAZON.CA/GUDETAP-BATHROOM-STOPPER-OVERFLOW-GT9444BG/DP/B0964NDCZL
GUDOREAD	GUDOREAD	amazon.ca	HTTPS://WWW.AMAZON.CA/GUDOREAD-CONDITIONER-CONNECTOR-CONDITIONING-ACCESSORIES/DP/B096PQFFRB
GUEOQTC	GUEOQTC	amazon.ca	HTTPS://WWW.AMAZON.CA/GUEOQTC-CHICKEN-WINTER%EF%BC%8C110WATT-THERMOSTAT-DIA-11IN/DP/B0CC1WXYDN
GUGEMEI	GUGEMEI	amazon.ca	HTTPS://WWW.AMAZON.CA/GUGEMEI-COLORFUL-CLOTHES-BLANKETS-PLASTIC/DP/B0BTYSD58P
GUIBOLA	GUIBOLA	amazon.ca	HTTPS://WWW.AMAZON.CA/STORES/GUIBOLA/HOMEPAGE/PAGE/1B8EB5C4-5D5A-44D5-86A0-A27C5701CEF2
GUICGOC	GUICGOC	amazon.ca	HTTPS://WWW.AMAZON.CA/GUICGOC-ROTARY-HAMMER-CONCRETE-CEMENT/DP/B0CKT4HPJS
GUICGOC	GUICGOC	amazon.ca	HTTPS://WWW.AMAZON.CA/CONCRETE-CONNECTING-GUICGOC-TUNGSTEN-CARBIDE/DP/B0BCFS4Q3T
GUICGOC	GUICGOC	amazon.ca	HTTPS://WWW.AMAZON.CA/GUICGOC-CONCRETE-CONNECTING-TUNGSTEN-CARBIDE/DP/B0BCGTPLV1
GUKIFY	GUKIFY	amazon.ca	HTTPS://WWW.AMAZON.CA/STORES/GUKIFY/PAGE/54A68D4B-B3AA-4920-AF34-A27EA1DD3F4D
GUKIFY	GUKIFY	amazon.ca	HTTPS://WWW.AMAZON.CA/PURIFIERS-GUKIFY-FILTRATION-PARTICLES-PURIFICATION/DP/B09LYTD5YQ
GULIMENG	GULIMENG	amazon.ca	HTTPS://WWW.AMAZON.CA/GULIMENG-AIRPLANE-FOOT-REST-MEMORY/DP/B0CTGGK6VL
GULINAZA	GULINAZA	amazon.ca	HTTPS://WWW.AMAZON.CA/GULINAZA-SUNGLASSES-GLASSES-SHOPPING-SHAPED/DP/B0BRK2JJW4
GULUJOY	GULUJOY	amazon.ca	HTTPS://WWW.AMAZON.CA/GULUJOY-NEOPRENE-PORTABLE-REUSABLE-FRIENDLY/DP/B083JG98HL
GUOHARDA	GUOHARDA	amazon.ca	HTTPS://WWW.AMAZON.CA/GUOHARDA-KNURLED-CABINET-ALUMINUM-OXIDATION/DP/B0CJFZJ4Q6
GUOZYUN	GUOZYUN	amazon.ca	HTTPS://WWW.AMAZON.CA/GUOZYUN-BASEBALL-PROTECTION-MONTHS-TODDLER/DP/B07CSV6J7N
GURKKST	GURKKST	amazon.ca	HTTPS://WWW.AMAZON.CA/GURKKST-EXTENDABLE-ORGANISER-DURABLE-FOOTWEAR/DP/B092SN9HZS
GUSTYLE	GUSTYLE	amazon.ca	HTTPS://WWW.AMAZON.CA/GENERATION-GUSTYLE-WATERPROOF-DECOMPRESSION-ADJUSTMENT/DP/B074V4YYNY
GUSUWOD	GUSUWOD	amazon.ca	HTTPS://WWW.AMAZON.CA/GUSUWOD-WALL-CANDLE-HOLDER-SET/DP/B09QKPH22M
GUTECOMUIK	GUTECOMUIK	amazon.ca	HTTPS://WWW.AMAZON.CA/GUTECOMUIK-GREEN-WEED-PULLER/DP/B0C7CG4X9Y
GUVAROG	GUVAROG	amazon.ca	HTTPS://WWW.AMAZON.CA/GUVAROG-STAINLESS-RUSTPROOF-ACCORDION-RETRACTABLE/DP/B0CQR6Z6ZS
GUVAROG	GUVAROG	amazon.ca	HTTPS://WWW.AMAZON.CA/GUVAROG-WARDROBE-PACKAGING-SUPPLIES-PACKAGING/DP/B0CZ6WFYFB
GVCRQE	GVCRQE	amazon.ca	HTTPS://WWW.AMAZON.CA/GVCRQE-ALEXANDERWANG-LEATHER-CASUAL-BUCKLE/DP/B0BY3D16XX
GVICAHIY	GVICAHIY	amazon.ca	HTTPS://WWW.AMAZON.CA/GVICAHIY-DIGGING-LANDSCAPE-FLOWER-PLASTIC/DP/B0BR5L1SN1
GVIMENOS	GVIMENOS	amazon.ca	HTTPS://WWW.AMAZON.CA/GVIMENOS-CHELSEA-FASHION-PLATFORM-BOOTIES/DP/B0D943C4T5
GWENDOLYNC	GWENDOLYNC	amazon.ca	HTTPS://WWW.AMAZON.CA/GWENDOLYNC-AIRSOFT-TACTICAL-VEST/DP/B09NY924F6
GWRTOZX	GWRTOZX	amazon.ca	HTTPS://WWW.AMAZON.CA/GWRTOZX-GODDESS-BOOSTER-OFFICIAL-COLLECTABLE/DP/B0B55YCJWG
GYATSOCYG	GYATSOCYG	amazon.ca	HTTPS://WWW.AMAZON.CA/GYATSOCYG-OVERSIZED-PRINCESS-CLASSIC-HALLOWEEN/DP/B09GMSKJN8
GYATSOCYG	GYATSOCYG	amazon.ca	HTTPS://WWW.AMAZON.CA/GYATSOCYG-TACTICAL-SHOULDER-PROTECTION-EQUIPMENT/DP/B0DBYT189Q
GYCOO	GYCOO	amazon.ca	HTTPS://WWW.AMAZON.CA/GYCOO-SCOOTER-INTERACTIVE-SKATEBOARDS-SKATEBOARDER/DP/B0BJVFWRRT
GYLBF	GYLBF	amazon.ca	HTTPS://WWW.AMAZON.CA/GYLBF-COMPATIBLE-V15-V11-V10/DP/B0C66PRPMB
GYLSUN	GYLSUN	amazon.ca	HTTPS://WWW.AMAZON.CA/GYLSUN-PACK-BAKING-COATING-CRISPER/DP/B0CPWBX497
GYMAOYI	GYMAOYI	amazon.ca	HTTPS://WWW.AMAZON.CA/GYMAOYI-POWERED-NUMBERS-ADDRESS-ILLUMINATED/DP/B08KVXNWCJ
GYMARMY	GYMARMY	amazon.ca	HTTPS://WWW.AMAZON.CA/STORES/GYMARMY/GYMARMY/PAGE/F1302F71-7DCB-45E2-BD7C-4CF7B2C3D8DC
GYMBANDIT	GYMBANDIT	amazon.ca	HTTPS://WWW.AMAZON.CA/GYMBANDIT-PREMIUM-QUALITY-RESISTANCE-BANDS-GLUTES/DP/B075TVJFR3
GYMCOPE	GYMCOPE	amazon.ca	HTTPS://WWW.AMAZON.CA/STORES/GYMCOPE/PAGE/532DA10E-9BAE-4853-86E7-4DF03DCA0D99
GYSIXGAOSU	GYSIXGAOSU	amazon.ca	HTTPS://WWW.AMAZON.CA/GYSIXGAOSU-BIRTHDAY-INVITATIONS-DECORATION-SUPPLIES/DP/B0C8G1C84Z
GYSONG	GYSONG	amazon.ca	HTTPS://WWW.AMAZON.CA/GYSONG-BEADED-NECKLACES-HANDMADE-NECKLACE/DP/B08CLSNCFJ
GYUJNB	GYUJNB	amazon.ca	HTTPS://WWW.AMAZON.CA/GYUJNB-GLASSES-CERTIFIED-TECHNOLOGY-L-UNETTE/DP/B0CX4W9PF1
GYUNJUX	GYUNJUX	amazon.ca	HTTPS://WWW.AMAZON.CA/LOVE-SIGN-MARQUEE-BATTERY-OPERATED/DP/B0BG92VMK3
GYXHPTD	GYXHPTD	amazon.ca	HTTPS://WWW.AMAZON.CA/GYXHPTD-TRADITIONAL-ORIENTAL-ORIGINAL-CLOTHING/DP/B0C666G7QH
GYXHPTD	GYXHPTD	amazon.ca	HTTPS://WWW.AMAZON.CA/GYXHPTD-CHINESE-SLEEVE-T-SHIRT-CHEONGSAM/DP/B0C4DRLL6H
GZAMBER	GZAMBER	amazon.ca	HTTPS://WWW.AMAZON.CA/GZAMBER-STRAIGHT-UNPROCESSED-BRAZILIAN-EXTENSIONS/DP/B0CMG9FH7R
GZAMBER	GZAMBER	amazon.ca	HTTPS://WWW.AMAZON.CA/GZAMBER-STRAIGHT-TRANSPARENT-UNPROCESSED-BRAZILIAN/DP/B0BV6TB5KV
GZAMBER	GZAMBER	amazon.ca	HTTPS://WWW.AMAZON.CA/GZAMBER-10INCH-CLOSURE-CHOCOLATE-DENSITY/DP/B0CR68RYS3
GZAMBER	GZAMBER	amazon.ca	HTTPS://WWW.AMAZON.CA/GZAMBER-14INCH-CLOSURE-GLUELESS-DENSITY/DP/B0CR64Q5SQ
GZAMBER	GZAMBER	amazon.ca	HTTPS://WWW.AMAZON.CA/GZAMBER-CURLY-HUMAN-CLOSURE-NATURAL/DP/B0BBFQ2CBL
GZAMBER	GZAMBER	amazon.ca	HTTPS://WWW.AMAZON.CA/GZAMBER-CLOSURE-PLUCKED-NATURAL-HAIRLINE/DP/B0BNVFHZWS
GZFTMKOBNS	GZFTMKOBNS	amazon.ca	HTTPS://WWW.AMAZON.CA/GZFTMKOBNS-WIRE-ROPE-30M-KIT/DP/B0B586XSSN
GZQIAWY	GZQIAWY	amazon.ca	HTTPS://WWW.AMAZON.CA/GZQIAWY-BICYCLE-WOMENS-CYCLING-PERFECT/DP/B09Q8TNB3B
GZQIAWY	GZQIAWY	amazon.ca	HTTPS://WWW.AMAZON.CA/GZQIAWY-CYCLING-SNEAKER-BICYCLE-MOUNTAIN/DP/B09M3M8FVP
GZQIRUN	GZQIRUN	amazon.ca	HTTPS://WWW.AMAZON.CA/GZQIRUN-CANVAS-OUTDOOR-CAMPING-CYCLING/DP/B093155KNF
GZSYYDS	GZSYYDS	amazon.ca	HTTPS://WWW.AMAZON.CA/GZSYYDS-DECORATION-ABSTRACT-AESTHETIC-BEDROOM/DP/B0CJTF7FBF
HAAPLL	HAAPLL	amazon.ca	HTTPS://WWW.AMAZON.CA/CRAFT-PUNCHES-PAPER-PUNCHERS-HANDMADE/DP/B0B51BRFKJ
HACI	HACI	amazon.ca	HTTPS://WWW.AMAZON.CA/STORES/HACI/HOMEPAGE/PAGE/647F3831-CF0B-4052-940D-2E4F2208A81F
HACORO	HACORO	amazon.ca	HTTPS://WWW.AMAZON.CA/HACORO-TOOTHPASTE-CREATIVE-SQUEEZER-DISPENSER/DP/B0CGPL8VXF
HACOSOON	HACOSOON	amazon.ca	HTTPS://WWW.AMAZON.CA/INTERACTIVE-COLORFUL-TRAINING-EXERCISE-ENTERTAINMENT/DP/B093BF8YSR
HAEKIM	HAEKIM	amazon.ca	HTTPS://WWW.AMAZON.CA/HAEKIM-PROFESSIONAL-STAINLESS-SLINGSHOTS-SLINGSHOTS/DP/B08SW89QJK
HAHOTTO	HAHOTTO	amazon.ca	HTTPS://WWW.AMAZON.CA/HAHOTTO-SLIPCOVERS-FURNITURE-PROTECTOR-PILLOWCASE/DP/B0BPC8TKBN
HAHOTTO	HAHOTTO	amazon.ca	HTTPS://WWW.AMAZON.CA/HAHOTTO-SLIPCOVERS-FURNITURE-PROTECTOR-PILLOWCASE/DP/B0BPC7SZ66
HAHOTTO	HAHOTTO	amazon.ca	HTTPS://WWW.AMAZON.CA/HAHOTTO-SLIPCOVERS-REMOVABLE-PROTECTOR-CHRISTMAS/DP/B0BPHNL6R8
HAHOTTO	HAHOTTO	amazon.ca	HTTPS://WWW.AMAZON.CA/HAHOTTO-RECLINER-STRETCH-WASHABLE-PROTECTOR/DP/B0C7GH7QPY
HAIANZLE	HAIANZLE	amazon.ca	HTTPS://WWW.AMAZON.CA/HAIANZLE-CASTOR-PACK-WRAP-BREAST/DP/B0C9Q3B8C1
HAIGOUER	HAIGOUER	amazon.ca	HTTPS://WWW.AMAZON.CA/HAIGOUER-MIRROR-VANITY-DRESSER-PERFECT/DP/B0BG8HHGSF
HAIGOUER	HAIGOUER	amazon.ca	HTTPS://WWW.AMAZON.CA/HAIGOUER-VANITY-TRAY-PERFUME-15-75INX15-75INX2-52IN/DP/B0BZWFBK4X
HAIPINGLINE	HAIPINGLINE	amazon.ca	HTTPS://WWW.AMAZON.CA/STORES/HAIPINGLINE/PAGE/02AD2681-5F66-46EB-81A9-E93050E52B68
HAIYANLE	HAIYANLE	amazon.ca	HTTPS://WWW.AMAZON.CA/AIRGOODS-TRAVEL-PILLOW-MULTIFUNCTIONAL-INFLATABLE/DP/B07BFB1YTH
HAIYAOTIMES	HAIYAOTIMES	amazon.ca	HTTPS://WWW.AMAZON.CA/HAIYAOTIMES-WATERPROOF-NON-SLIP-INTERIOR-UNIVERSAL/DP/B0BQ5XNWN2
HAIYAOTIMES	HAIYAOTIMES	amazon.ca	HTTPS://WWW.AMAZON.CA/HAIYAOTIMES-WASHABLE-BREATHABLE-UNIVERSAL-COMPATIBLE/DP/B0B9S8887P
HAIYEATBNB	HAIYEATBNB	amazon.ca	HTTPS://WWW.AMAZON.CA/HAIYEATBNB-IMMERSION-ELECTRIC-SUBMERSIBLE-CONTROL/DP/B0CBJXQY68
HAIZR	HAIZR	amazon.ca	HTTPS://WWW.AMAZON.CA/HAIZR-BATHROOM-FAUCET-WASHROOM-ASSEMBLY/DP/B09W9FL1Q2
HAIZR	HAIZR	amazon.ca	HTTPS://WWW.AMAZON.CA/HAIZR-BATHROOM-FAUCET-WASHROOM-ASSEMBLY/DP/B09W981YK5
HAKENO	HAKENO	amazon.ca	HTTPS://WWW.AMAZON.CA/HAKENO-ADJUSTABLE-DUMBBELL-AUTOMATIC-WORKOUT/DP/B0BTYDB5B2
HAKENO	HAKENO	amazon.ca	HTTPS://WWW.AMAZON.CA/HAKENO/S?K=HAKENO
HAKFHSD	HAKFHSD	amazon.ca	HTTPS://WWW.AMAZON.CA/HAKFHSD-MICROFIBER-DUAL-CLEAN-REFILL/DP/B0CJQY777C
HAKKAGROW	HAKKAGROW	amazon.ca	HTTPS://WWW.AMAZON.CA/HAKKAGROW-DIMMABLE-CHANGING-100V-277VAC-WATERPROOF/DP/B09FLLV6L2
HALYBAU	HALYBAU	amazon.ca	HTTPS://WWW.AMAZON.CA/HALYBAU-THERMOSTAT-OVERHEAT-PROTECTION-120%C2%B0OSCILLATION/DP/B0CF5X91YS
HANBRAMO	HANBRAMO	amazon.ca	HTTPS://WWW.AMAZON.CA/HANBRAMO-AIRTAG-DOG-COLLAR-ORANGE/DP/B0C2CL3PT6
HANDTAO	HANDTAO	amazon.ca	HTTPS://WWW.AMAZON.CA/HANDTAO-GIANT-MOVIE-FABRIC-POSTER/DP/B083ZV6LYS
HANDTAO	HANDTAO	amazon.ca	HTTPS://WWW.AMAZON.CA/HANDTAO-PRINCESS-MONONOKE-FABRIC-POSTER/DP/B08DTZYJG8
HANEMIA	HANEMIA	amazon.ca	HTTPS://WWW.AMAZON.CA/HANEMIA-CAR-TRUNK-ORGANIZER-COLLAPSIBLE/DP/B0BXN2D559
HANIDRE	HANIDRE	amazon.ca	HTTPS://WWW.AMAZON.CA/HANIDRE-SPRING-NEEDED-ASSEMBLY-PROFILE/DP/B0D144SJQR
HANNEX	HANNEX	amazon.ca	HTTPS://WWW.AMAZON.CA/STORES/HANNEX/HANNEX/PAGE/BF82A25C-9B47-452E-935A-BD8C03C70056
HANSTRE	HANSTRE	amazon.ca	HTTPS://WWW.AMAZON.CA/HANSTRE-3-5-8-14-LIGHTWEIGHT-ADJUSTABLE-SKATEBOARDING/DP/B0DT6SHW7X
HANYIBAO	HANYIBAO	amazon.ca	HTTPS://WWW.AMAZON.CA/HANYIBAO-BIKE-COUPLE-FIGURINE-STATUE/DP/B0BLP6KC98
HAODAY	HAODAY	amazon.ca	HTTPS://WWW.AMAZON.CA/HAODAY-HUMIDIFIER-AROMATHERAPY-ESSENTIAL-ADJUSTABLE/DP/B0BJ5WGFK7
HAOERMEI	HAOERMEI	amazon.ca	HTTPS://WWW.AMAZON.CA/HAOERMEI-CHANGEOVER-SELECTION-MULTI-TRANSFER-POSITIONS/DP/B09XXQ3K49
HAORIDUL	HAORIDUL	amazon.ca	HTTPS://WWW.AMAZON.CA/HAORIDUL-FLAGPOLES-OUTSIDE-STAINLESS-FLAGPOLE/DP/B0CXDM17M3
HAOWANJP	HAOWANJP	amazon.ca	HTTPS://WWW.AMAZON.CA/CENTURY-STARBURST-BATTERY-OPERATED-DECORATIVE/DP/B094FNCXL5
HAOYPAIC	HAOYPAIC	amazon.ca	HTTPS://WWW.AMAZON.CA/HAOYPAIC-SERVIETTE-DECORATIONS-THANKSGIVING-VALENTINES/DP/B098RYJHPP
HAPPEPT	HAPPEPT	amazon.ca	HTTPS://WWW.AMAZON.CA/HAPPEPT-BUMPER-PROTECTOR-SEDANS-UNIVERSAL/DP/B0BZKF87S6
HAPPNEAR	HAPPNEAR	amazon.ca	HTTPS://WWW.AMAZON.CA/DISH-DRYING-ABSORBENT-DIATOMACEOUS-RESISTANT/DP/B0CQQXTNGY
HAPPYBEEFLYING	HAPPYBEEFLYING	amazon.ca	HTTPS://WWW.AMAZON.CA/HAPPYBEEFLYING-OUTDOOR-ENTRANCE-DOORMAT-STRIPED/DP/B09TGL58JX
HAPPYCAPSMUSHROOMFARM	HAPPYCAPSMUSHROOMFARM	amazon.ca	HTTPS://WWW.AMAZON.CA/STORES/HAPPYCAPSMUSHROOMFARM/PAGE/F48E62D1-7DE7-42DA-860D-B2C4DE85C349
HAPPYFREESX	HAPPYFREESX	amazon.ca	HTTPS://WWW.AMAZON.CA/HAPPYFREESX-SPLICING-CAT-SCRATCH-PAD/DP/B0BVVGMN1D
HAPPYTONER	HAPPYTONER	amazon.ca	HTTPS://WWW.AMAZON.CA/HAPPYTONER-SUBLIMATION-INK-SUPERTANK-PRINTERS/DP/B08V4L8N7M
HAPPYTONER	HAPPYTONER	amazon.ca	HTTPS://WWW.AMAZON.CA/TRANSFER-PRINTING-T-SHIRT-PERSONALITY-CUSTOMIZE/DP/B09Z6H1S18
HAPPYVK	HAPPYVK	amazon.ca	HTTPS://WWW.AMAZON.CA/HAPPYVK-CARRIER-EMBROIDERY-BACKPACK-POSITIONS/DP/B07HDFGTR5
HAPWAY	HAPWAY	amazon.ca	HTTPS://WWW.AMAZON.CA/HAPWAY-WATERLESS-FERMENTATION-FERMENTING-SAUERKRAUT/DP/B07XXV9DY2
HAPYCLAW	HAPYCLAW	amazon.ca	HTTPS://WWW.AMAZON.CA/HAPYCLAW-CONSOLE-DETACHABLE-WASHABLE-PROTECTION/DP/B0CNQXN8D8
HAPYFURN	HAPYFURN	amazon.ca	HTTPS://WWW.AMAZON.CA/HAPYFURN-MACRAME-HANDMADE-TAPESTRY-BOHEMIAN/DP/B0BL731PGX
HARBRE	HARBRE	amazon.ca	HTTPS://WWW.AMAZON.CA/HARBRE-%E2%80%8E0-47-0-98-0-12-INCHES/DP/B07GXZNQJM
HARCCI	HARCCI	amazon.ca	HTTPS://WWW.AMAZON.CA/SPAETZLE-MAKER-HARCCI-COMFORTABLE-STAINLESS/DP/B0746QQFLJ
HARIFOGER	HARIFOGER	amazon.ca	HTTPS://WWW.AMAZON.CA/HARIFOGER-SUSPENSION-SENSA-TRAC-ADJUSTING-MOTORCYCLE/DP/B0CSWJ4XXC
HAROSY	HAROSY	amazon.ca	HTTPS://WWW.AMAZON.CA/HAROSY-PRINCESS-RHINESTONE-HALLOWEEN-ACCESSORIES/DP/B08G8S9L24
HARRAGE	HARRAGE	amazon.ca	HTTPS://WWW.AMAZON.CA/HARRAGE-DECORATIVE-CONTAINER-ORGANIZER-CONTAINERS/DP/B08Q3PYGJ3
HASESS	HASESS	amazon.ca	HTTPS://WWW.AMAZON.CA/STORES/HASESS/PAGE/BC14C1FC-0AA2-4742-9DFE-F487E1B40950
HASHATUN	HASHATUN	amazon.ca	HTTPS://WWW.AMAZON.CA/HASHATUN-DESIGN-SCARVES-AFRICAN-STRETCH/DP/B0C4L7RGY9
HASSOKON	HASSOKON	amazon.ca	HTTPS://WWW.AMAZON.CA/HASSOKON-RECYCLING-ORGANIZER-COLLECTING-WATERPROOF/DP/B0CJJMJGZT
HASSOKON	HASSOKON	amazon.ca	HTTPS://WWW.AMAZON.CA/HASSOKON-ADJUSTABLE-REPALCEABLE-RECHARGEABLE-WATERPROOF/DP/B0BMPKRKRN
HATRAKY	HATRAKY	amazon.ca	HTTPS://WWW.AMAZON.CA/BIRTHDAY-SUPPLIES-CARTOON-FAVORS-DECORATIONS/DP/B09XBFJPF4
HATUFU	HATUFU	amazon.ca	HTTPS://WWW.AMAZON.CA/HATUFU-PROTECTOR-ACCESSORIES-ANTI-SCRATCH-RESISTANT/DP/B0BZHQ869N
HAUSHAEGER	HAUSHAEGER	amazon.ca	HTTPS://WWW.AMAZON.CA/PORTABLE-CARRIER-DELIVERY-REUSABLE-HAUSHAEGER/DP/B083RF1RLM
HAVERGO	HAVERGO	amazon.ca	HTTPS://WWW.AMAZON.CA/HAVERGO-AUTOMATIC-FISH-FEEDER-AQUARIUMS/DP/B0C5J1J8V2
HAWGUAR	HAWGUAR	amazon.ca	HTTPS://WWW.AMAZON.CA/HAWGUAR-ERGONOMIC-EXECUTIVE-CONFERENCE-HG6201/DP/B0BGMVSC8V
HAWGUAR	HAWGUAR	amazon.ca	HTTPS://WWW.AMAZON.CA/COMPUTER-GAMING-ERGONOMIC-SUPPORT-HEADREST/DP/B0BFVKHPY7
HAWTHYPET	HAWTHYPET	amazon.ca	HTTPS://WWW.AMAZON.CA/HAWTHYPET-LITTER-ENCLOSURE-FURNITURE-HIDDEN/DP/B09YHHRVRQ
HAXROTIN	HAXROTIN	amazon.ca	HTTPS://WWW.AMAZON.CA/HAXROTIN-MEASURING-FOLDABLE-COMPACT-UNFOLDED/DP/B0C5HRDJ48
HAZEVAIY	HAZEVAIY	amazon.ca	HTTPS://WWW.AMAZON.CA/HAZEVAIY-TRACELESS-VALUABLES-ANTI-SCRATCH-FALL-PROTECTIVE/DP/B09581F1CH
HBHJUAO	HBHJUAO	amazon.ca	HTTPS://WWW.AMAZON.CA/HBHJUAO-FLOATING-SHELVES-NIGHTSTAND-BEDROOM/DP/B09YCQXFTV
HCCTWOOW	HCCTWOOW	amazon.ca	HTTPS://WWW.AMAZON.CA/HANDHELD-HCCTWOOW-MULTI-PURPOSE-DETAILING-UPHOLSTERY/DP/B0CLCKF2FG
HCIKOAT	HCIKOAT	amazon.ca	HTTPS://WWW.AMAZON.CA/HCIKOAT-ACRYLIC-SHELVES-RECORDS-COLLECTOR/DP/B0CRHYNNX4
HCVINRK	HCVINRK	amazon.ca	HTTPS://WWW.AMAZON.CA/HCVINRK-WHISKEY-TUMBLERS-RESTAURANTS-FAMILIES/DP/B0B71QHL5Z
HCVINRK	HCVINRK	amazon.ca	HTTPS://WWW.AMAZON.CA/HCVINRK-DRINKING-EMBOSSED-GLASSWARE-BEVERAGES/DP/B0B7B9JJZT
HDAMA	HDAMA	amazon.ca	HTTPS://WWW.AMAZON.CA/HDAMA-MAGNETIC-PICTURE-REFRIGERATOR-ACRYLIC/DP/B0F63SR5TK
HDBONEMU	HDBONEMU	amazon.ca	HTTPS://WWW.AMAZON.CA/HDBONEMU-INDUSTRIAL-L-SHELVING-CONCEALED-COUNTERTOP/DP/B0BRNM1VHM
HDLUSIA	HDLUSIA	amazon.ca	HTTPS://WWW.AMAZON.CA/FLEECE-CONTROL-PANTYHOSE-THERMAL-STOCKINGS/DP/B0BKYL8J9K
HDONGANY	HDONGANY	amazon.ca	HTTPS://WWW.AMAZON.CA/PLASTIC-PELLETS-TUMBLING-TUMBLER-POLISHER/DP/B0BCHHMGC9
HDYOUDO	HDYOUDO	amazon.ca	HTTPS://WWW.AMAZON.CA/HDYOUDO-ORGANIZER-ORGANIZING-CABINETS-PACKS-BLACK/DP/B0BK77H26G
HDYOUDO	HDYOUDO	amazon.ca	HTTPS://WWW.AMAZON.CA/HDYOUDO-ORGANIZER-ORGANIZING-CABINETS-PACKS-BLACK/DP/B09QH11VRW
HEABPY	HEABPY	amazon.ca	HTTPS://WWW.AMAZON.CA/HEABPY-LAPTOP-STICKER-PROTECTOR-NOTEBOOK/DP/B08VP1Q3WM
HEAFRONT	HEAFRONT	amazon.ca	HTTPS://WWW.AMAZON.CA/OUTDOOR-HEAFRONT-WATERPROOF-FURNITURE-ACCESSORIES/DP/B0B93VZV9W
HEAGOALE	HEAGOALE	amazon.ca	HTTPS://WWW.AMAZON.CA/HEAGOALE/B/REF=BL_DP_S_MW_69734530011?IE=UTF8&NODE=69734530011&FIELD-LBR_BRANDS_BROWSE-BIN=HEAGOALE
HEALTHLABSNUTRA	HEALTHLABSNUTRA	amazon.ca	HTTPS://WWW.AMAZON.CA/STORES/HEALTHLABSNUTRA/HEALTHLABSNUTRA/PAGE/C7E50A7E-A44C-4796-9007-3843371E0F14
HEALTHYPLANETSOLUTIONS	HEALTHYPLANETSOLUTIONS	amazon.ca	HTTPS://WWW.AMAZON.CA/STORES/HEALTHYPLANETSOLUTIONS/PAGE/EC0E9BB4-1DFA-44FD-B2C1-B1EADF0E115A
HEAPANY	HEAPANY	amazon.ca	HTTPS://WWW.AMAZON.CA/HEAPANY-HEADREST-SUPPORT-ADJUSTABLE-SLEEPING/DP/B08TWBB9Q8
HEAPETBON	HEAPETBON	amazon.ca	HTTPS://WWW.AMAZON.CA/HEAPETBON-HANDLE-POOPER-SCOOPER-TOOL-GREEN/DP/B085PWLD17
HEAPETBON	HEAPETBON	amazon.ca	HTTPS://WWW.AMAZON.CA/HEAPETBON-POOPER-SCOOPER-FOLDING-HANDLE/DP/B09F369JV2
HEAPETBON	HEAPETBON	amazon.ca	HTTPS://WWW.AMAZON.CA/HEAPETBON-HANDLE-POOPER-SCOOPER-TOOL-GREEN/DP/B07X1HWZVM
HEAUNZY	HEAUNZY	amazon.ca	HTTPS://WWW.AMAZON.CA/HEAUNZY-COLLAPSIBLE-STORAGE-PLASTIC-STACKABLE/DP/B0C395R3FP
HEAUNZY	HEAUNZY	amazon.ca	HTTPS://WWW.AMAZON.CA/HEAUNZY-WRENCH-10-10-PIECE-CROWFOOT/DP/B0BW4M2WN8
HEBELYX	HEBELYX	amazon.ca	HTTPS://WWW.AMAZON.CA/HEBELYX-VINTAGE-DECORATION-KITCHEN-FARMHOUSE/DP/B0BPNVBD5Q
HEBOLEN	HEBOLEN	amazon.ca	HTTPS://WWW.AMAZON.CA/CEILING-LIGHTING-OPENING-CLOSING-DROPLIGHT/DP/B077L3HRD4
HEDAMEILI	HEDAMEILI	amazon.ca	HTTPS://WWW.AMAZON.CA/PARKS-CHIP-CLIPS-MAGNETIC-PACKAGES/DP/B0B5Z1KDNQ
HEDONLEE	HEDONLEE	amazon.ca	HTTPS://WWW.AMAZON.CA/STORES/HEDONLEE/PAGE/508D03C2-6317-48E4-8B30-0B31907EE2A5
HEDQFM	HEDQFM	amazon.ca	HTTPS://WWW.AMAZON.CA/HEDQFM-BRACELET-TURQUOISE-AROMATHERAPY-ESSENTIAL/DP/B088FP4JT8
HEDY4LESS	HEDY4LESS	amazon.ca	HTTPS://WWW.AMAZON.CA/HEDY4LESS-TRIPLE-DISPLAY-ALARM-CHARGING/DP/B06XQN7MGH
HEEKOOI	HEEKOOI	amazon.ca	HTTPS://WWW.AMAZON.CA/STORES/HEEKOOI/%E4%B8%BB%E9%A1%B5/PAGE/9E76FBE5-64C2-40B3-9FB7-7A401629312D
HEEQINN	HEEQINN	amazon.ca	HTTPS://WWW.AMAZON.CA/HEEQINN-CLIMBING-ANYTHING-PROVIDE-SUPPORT/DP/B0BV31KCFH
HEFANTU	HEFANTU	amazon.ca	HTTPS://WWW.AMAZON.CA/SPICE-WALL-STAINLESS-STEEL-MAGNETIC/DP/B07PKL76CW
HEFAXI	HEFAXI	amazon.ca	HTTPS://WWW.AMAZON.CA/DECORATION-STATUES-FIGURES-FANTASY-ORNAMENTS/DP/B094F6LHRV
HEFEILZMY	HEFEILZMY	amazon.ca	HTTPS://WWW.AMAZON.CA/HEFEILZMY-COVERED-JOURNAL-NOTEBOOK-TRAVEL-KHAKI/DP/B07S6SKSF7
HEFEILZMY	HEFEILZMY	amazon.ca	HTTPS://WWW.AMAZON.CA/HEFEILZMY-ANTI-SLIP-WATERPROOF-EXERCISE-CARRYING/DP/B0865ZRL5M
HEFEILZMY	HEFEILZMY	amazon.ca	HTTPS://WWW.AMAZON.CA/HEFEILZMY-BACKPACK-SCHOOL-GIRLS-YEARS/DP/B07ST1WLXK
HEFNOYA	HEFNOYA	amazon.ca	HTTPS://WWW.AMAZON.CA/HEFNOYA-CHRISTMAS-GREEN-MONSTER-COSTUME/DP/B0B9939796
HEFUNIGE	HEFUNIGE	amazon.ca	HTTPS://WWW.AMAZON.CA/HEFUNIGE-WOMENS-PAJAMA-BOTTOMS-LOUNGE/DP/B08T6QTX9L
HEGUD	HEGUD	amazon.ca	HTTPS://WWW.AMAZON.CA/PRESERVED-NECKLACE-LANGUAGES-VALENTINES-ANNIVERSARY/DP/B09CTNFMQ7
HEIBOA	HEIBOA	amazon.ca	HTTPS://WWW.AMAZON.CA/HEIBOA-WATERPROOF-LEAKPROOF-AUTOMOTIVE-ACCESSORIES/DP/B0CKP2TZDQ
HEIBOA	HEIBOA	amazon.ca	HTTPS://WWW.AMAZON.CA/HEIBOA-GROCERY-UNDERWEAR-ORGANIZER-MULTIFUNCTIONAL/DP/B0CLKL2F56
HEIGUNO	HEIGUNO	amazon.ca	HTTPS://WWW.AMAZON.CA/IMPULSE-PLASTIC-12-INCH-COMMERCIAL-HEIGUNO/DP/B08R7V3T8L
HEIJACE	HEIJACE	amazon.ca	HTTPS://WWW.AMAZON.CA/HEIJACE-RECHARGEABLE-ANTI-BARKING-ADJUSTABLE-SENSITIVITY-BARK/DP/B0CJ5BWX3T
HEINBOW	HEINBOW	amazon.ca	HTTPS://WWW.AMAZON.CA/HEINBOW-TYRANNOSAURUS-WALL-MOUNTED-TAXIDERMY-SCULPTURE/DP/B0BX9FNCM9
HEIPIGO	HEIPIGO	amazon.ca	HTTPS://WWW.AMAZON.CA/HEIPIGO-20FT-INFLATABLE-DECORATIONS-INFLATABLES/DP/B0CJJV44XN
HEITAOA	HEITAOA	amazon.ca	HTTPS://WWW.AMAZON.CA/PANASONIC-RECHARGEABLE-CTL920F-CTL-920-BATTERY/DP/B0DDR3VH4V
HELECORS	HELECORS	amazon.ca	HTTPS://WWW.AMAZON.CA/HELECORS-CONTAINER-CHARCUTERIE-ORGANIZER-COMPARTMENT/DP/B0D7Q3BYY7
HELECORS	HELECORS	amazon.ca	HTTPS://WWW.AMAZON.CA/HELECORS-DOWNSPOUT-EXTENSION-STRETCHABLE-DIRECTION/DP/B0B6QX3GTY
HELECORS	HELECORS	amazon.ca	HTTPS://WWW.AMAZON.CA/PACK-BENTO-LUNCH-BOX-5-COMPARTMENT/DP/B0CM8Q5KRK
HELECORS	HELECORS	amazon.ca	HTTPS://WWW.AMAZON.CA/HELECORS-SPATULA-FLIPPER-MULTI-PURPOSE-NON-STICK/DP/B0CY1WNR3Y
HELECORS	HELECORS	amazon.ca	HTTPS://WWW.AMAZON.CA/HELECORS-BATHROOM-ORGANIZER-COUNTERTOP-INSTALLATION/DP/B0BZSGL7D6
HELECORS	HELECORS	amazon.ca	HTTPS://WWW.AMAZON.CA/HELECORS-FOLDABLE-MOTORHOME-ACCESSORIES-MATERIALS/DP/B0B6R8267V
HELECORS	HELECORS	amazon.ca	HTTPS://WWW.AMAZON.CA/HELECORS-FLOATING-SHELVES-MOUNTED-BATHROOM/DP/B0BYJQ9R5T
HELFERX	HELFERX	amazon.ca	HTTPS://WWW.AMAZON.CA/HELFERX-PROFESSIONAL-STAINLESS-ROLLING-PIN/DP/B07RTS2734
HELIFAR	HELIFAR	amazon.ca	HTTPS://WWW.AMAZON.CA/HELIFAR/S?K=HELIFAR
HELLOMIAO	HELLOMIAO	amazon.ca	HTTPS://WWW.AMAZON.CA/HELLOMIAO-ENCLOSED-FOLDABLE-PLASTIC-SUITABLE/DP/B09P1GSSJR
HELLOMIAO	HELLOMIAO	amazon.ca	HTTPS://WWW.AMAZON.CA/HELLOMIAO-EXPANDABLE-BACKPACK-PORTABLE-BREATHABLE/DP/B09B7F29HJ
HELLWANG	HELLWANG	amazon.ca	HTTPS://WWW.AMAZON.CA/HELLWANG-STEMLESS-GLASSES-DAZZLING-WHISKEY/DP/B0C1YKVVC1
HELOHOME	HELOHOME	amazon.ca	HTTPS://WWW.AMAZON.CA/HELOHOME-HLT16W-PORTABLE-AUTOMATIC-APARTMENT/DP/B08W4YQK2C
HELOMOR	HELOMOR	amazon.ca	HTTPS://WWW.AMAZON.CA/STORES/HELOMOR/PAGE/31B7775D-8D40-42F4-ADA2-43911FA5C5AB
HELTOOPRO	HELTOOPRO	amazon.ca	HTTPS://WWW.AMAZON.CA/HELTOOPRO-SLEEPING-REUSABLE-EARPLUGS-REDUCTION/DP/B09P87SXMZ
HELYHOOB	HELYHOOB	amazon.ca	HTTPS://WWW.AMAZON.CA/HELYHOOB-OUTDOOR-CAT-HOUSE-WEATHERPROOF/DP/B0CBTJ98LX
HELYHOOB	HELYHOOB	amazon.ca	HTTPS://WWW.AMAZON.CA/HELYHOOB-BEAN-BAG-FILLER-WASHABLE/DP/B0CCTXM1KR
HEMACUDY	HEMACUDY	amazon.ca	HTTPS://WWW.AMAZON.CA/BARBELL-STORAGE-VERTICAL-MOUNTED-HOLDER/DP/B09DP4PW1S
HEMTEN	HEMTEN	amazon.ca	HTTPS://WWW.AMAZON.CA/HEMTEN-K1-GARMENT-RACK-FREESTANDING/DP/B0C7H7G733
