1PLUS	ONEPLUS	bestbuy.com	HTTPS://WWW.BESTBUY.COM/SITE/BRANDS/ONEPLUS/PCMCAT1646077047045.C?ID=PCMCAT1646077047045
21K822PSSS	PANASONIC	bestbuy.com	HTTPS://WWW.BESTBUY.COM/SITE/BRANDS/PANASONIC/PCMCAT151900050007.C?ID=PCMCAT151900050007
360FLY	360FLY	bestbuy.com	HTTPS://WWW.BESTBUY.COM/SITE/BRANDS/360FLY/PCMCAT748300513217.C?ID=PCMCAT748300513217
360FLY	360FLY	bestbuy.com	HTTPS://WWW.BESTBUY.COM/SITE/BRANDS/360FLY/PCMCAT748300513217.C
4KEYBOARD	HIGROUND	bestbuy.com	HTTPS://WWW.BESTBUY.COM/SITE/BRANDS/HIGROUND/PCMCAT1720542519548.C?ID=PCMCAT1720542519548
4MOM	4MOMS	bestbuy.com	HTTPS://WWW.BESTBUY.COM/SITE/BRANDS/4MOMS/PCMCAT1623943435119.C?ID=PCMCAT1623943435119
5297700SETIRNGRY	SERTA	bestbuy.com	HTTPS://WWW.BESTBUY.COM/SITE/BRANDS/SERTA/PCMCAT1677258415063.C?ID=PCMCAT1677258415063
ABAOUNCLE	APPLE	bestbuy.com	HTTPS://WWW.BESTBUY.COM/SITE/BRANDS/APPLE/PCMCAT128500050005.C
ABEDOE	ADOBE	bestbuy.com	HTTPS://WWW.BESTBUY.COM/SITE/BRANDS/ADOBE/PCMCAT1628021550847.C?ID=PCMCAT1628021550847
ABODE	ADOBE	bestbuy.com	HTTPS://WWW.BESTBUY.COM/SITE/BRANDS/ADOBE/PCMCAT1628021550847.C?ID=PCMCAT1628021550847
ABZON	AMAZON	bestbuy.com	HTTPS://WWW.BESTBUY.COM/SITE/BRANDS/AMAZON/PCMCAT1521648880327.C?ID=PCMCAT1521648880327
ACAZON	AMAZON	bestbuy.com	HTTPS://WWW.BESTBUY.COM/SITE/BRANDS/AMAZON/PCMCAT1521648880327.C?ID=PCMCAT1521648880327
ACEGER	ACER	bestbuy.com	HTTPS://WWW.BESTBUY.COM/SITE/BRANDS/ACER/PCMCAT1602771937653.C?ID=PCMCAT1602771937653
ACEPLE	APPLE	bestbuy.com	HTTPS://WWW.BESTBUY.COM/SITE/BRANDS/APPLE/PCMCAT128500050005.C?ID=PCMCAT128500050005
ACER	ACER	bestbuy.com	HTTPS://WWW.BESTBUY.COM/SITE/BRANDS/ACER/PCMCAT1602771937653.C?ID=PCMCAT1602771937653
ACERAMERICA	ACER	bestbuy.com	HTTPS://WWW.BESTBUY.COM/SITE/BRANDS/ACER/PCMCAT1602771937653.C?ID=PCMCAT1602771937653
ACERAMERICACORP	ACER	bestbuy.com	HTTPS://WWW.BESTBUY.COM/SITE/BRANDS/ACER/PCMCAT1602771937653.C?ID=PCMCAT1602771937653
ACERCO	ACER	bestbuy.com	HTTPS://WWW.BESTBUY.COM/SITE/BRANDS/ACER/PCMCAT1602771937653.C?ID=PCMCAT1602771937653
ACERCONSUMER	ACER	bestbuy.com	HTTPS://WWW.BESTBUY.COM/SITE/BRANDS/ACER/PCMCAT1602771937653.C?ID=PCMCAT1602771937653
ACERK202HQLBD20195VIEWABLE	ACER	bestbuy.com	HTTPS://WWW.BESTBUY.COM/SITE/BRANDS/ACER/PCMCAT1602771937653.C?ID=PCMCAT1602771937653
ACERPAL	ACER	bestbuy.com	HTTPS://WWW.BESTBUY.COM/SITE/BRANDS/ACER/PCMCAT1602771937653.C?ID=PCMCAT1602771937653
ACJEZCR	ACER	bestbuy.com	HTTPS://WWW.BESTBUY.COM/SITE/BRANDS/ACER/PCMCAT1602771937653.C?ID=PCMCAT1602771937653
ACSERCAR	ACER	bestbuy.com	HTTPS://WWW.BESTBUY.COM/SITE/BRANDS/ACER/PCMCAT1602771937653.C?ID=PCMCAT1602771937653
ADBBEG	ADOBE	bestbuy.com	HTTPS://WWW.BESTBUY.COM/SITE/BRANDS/ADOBE/PCMCAT1628021550847.C?ID=PCMCAT1628021550847
ADBEE	ADOBE	bestbuy.com	HTTPS://WWW.BESTBUY.COM/SITE/BRANDS/ADOBE/PCMCAT1628021550847.C?ID=PCMCAT1628021550847
ADBEN	ADOBE	bestbuy.com	HTTPS://WWW.BESTBUY.COM/SITE/BRANDS/ADOBE/PCMCAT1628021550847.C?ID=PCMCAT1628021550847
ADIGOW	ADOBE	bestbuy.com	HTTPS://WWW.BESTBUY.COM/SITE/BRANDS/ADOBE/PCMCAT1628021550847.C?ID=PCMCAT1628021550847
ADIMOS	DOLBYVISIONDOLBYAOS	bestbuy.com	HTTPS://WWW.BESTBUY.COM/SITE/BRANDS/DOLBY-VISION-DOLBY-ATMOS/PCMCAT335700050006.C?ID=PCMCAT335700050006
ADOAY	ADOBE	bestbuy.com	HTTPS://WWW.BESTBUY.COM/SITE/BRANDS/ADOBE/PCMCAT1628021550847.C?ID=PCMCAT1628021550847
ADOBASICS	ADOBE	bestbuy.com	HTTPS://WWW.BESTBUY.COM/SITE/BRANDS/ADOBE/PCMCAT1628021550847.C?ID=PCMCAT1628021550847
ADOBE	ADOBE	bestbuy.com	HTTPS://WWW.BESTBUY.COM/SITE/BRANDS/ADOBE/PCMCAT1628021550847.C?ID=PCMCAT1628021550847
ADOENMER	ADOBE	bestbuy.com	HTTPS://WWW.BESTBUY.COM/SITE/BRANDS/ADOBE/PCMCAT1628021550847.C?ID=PCMCAT1628021550847
ADOEVE	ADOBE	bestbuy.com	HTTPS://WWW.BESTBUY.COM/SITE/BRANDS/ADOBE/PCMCAT1628021550847.C?ID=PCMCAT1628021550847
ADOME	ADOBE	bestbuy.com	HTTPS://WWW.BESTBUY.COM/SITE/BRANDS/ADOBE/PCMCAT1628021550847.C?ID=PCMCAT1628021550847
ADOMI	ADOBE	bestbuy.com	HTTPS://WWW.BESTBUY.COM/SITE/BRANDS/ADOBE/PCMCAT1628021550847.C?ID=PCMCAT1628021550847
ADOMOVE	ADOBE	bestbuy.com	HTTPS://WWW.BESTBUY.COM/SITE/BRANDS/ADOBE/PCMCAT1628021550847.C?ID=PCMCAT1628021550847
ADORBEE	ADOBE	bestbuy.com	HTTPS://WWW.BESTBUY.COM/SITE/BRANDS/ADOBE/PCMCAT1628021550847.C?ID=PCMCAT1628021550847
ADORE	ADOBE	bestbuy.com	HTTPS://WWW.BESTBUY.COM/SITE/BRANDS/ADOBE/PCMCAT1628021550847.C?ID=PCMCAT1628021550847
ADOSON	ADOBE	bestbuy.com	HTTPS://WWW.BESTBUY.COM/SITE/BRANDS/ADOBE/PCMCAT1628021550847.C?ID=PCMCAT1628021550847
ADOVEL	ADOBE	bestbuy.com	HTTPS://WWW.BESTBUY.COM/SITE/BRANDS/ADOBE/PCMCAT1628021550847.C?ID=PCMCAT1628021550847
ADOVOC	ADOBE	bestbuy.com	HTTPS://WWW.BESTBUY.COM/SITE/BRANDS/ADOBE/PCMCAT1628021550847.C?ID=PCMCAT1628021550847
ADVONE	ADOBE	bestbuy.com	HTTPS://WWW.BESTBUY.COM/SITE/BRANDS/ADOBE/PCMCAT1628021550847.C?ID=PCMCAT1628021550847
ADVZON	AMAZON	bestbuy.com	HTTPS://WWW.BESTBUY.COM/SITE/BRANDS/AMAZON/PCMCAT1521648880327.C?ID=PCMCAT1521648880327
ADYSONPARKER	DYSON	bestbuy.com	HTTPS://WWW.BESTBUY.COM/SITE/BRANDS/DYSON/PCMCAT162500050026.C?ID=PCMCAT162500050026
AEREXIER	ACER	bestbuy.com	HTTPS://WWW.BESTBUY.COM/SITE/BRANDS/ACER/PCMCAT1602771937653.C?ID=PCMCAT1602771937653
AERLO	ARLO	bestbuy.com	HTTPS://WWW.BESTBUY.COM/SITE/BRANDS/ARLO/PCMCAT748301590399.C?ID=PCMCAT748301590399
AFIBI	FITBITHEALTHFITNESSPRODUCTS	bestbuy.com	HTTPS://WWW.BESTBUY.COM/SITE/BRANDS/FITBIT-HEALTH-FITNESS-PRODUCTS/PCMCAT331400050000.C
AFTERSHOKZ	SHOKZ	bestbuy.com	HTTPS://WWW.BESTBUY.COM/SITE/BRANDS/SHOKZ/PCMCAT1619801828994.C?ID=PCMCAT1619801828994
AFTMKRPLMFORKITCHENAID	KITCHENAID	bestbuy.com	HTTPS://WWW.BESTBUY.COM/SITE/BRANDS/KITCHENAID/PCMCAT318300050003.C?ID=PCMCAT318300050003/
AFZMON	AMAZON	bestbuy.com	HTTPS://WWW.BESTBUY.COM/SITE/BRANDS/AMAZON/PCMCAT1521648880327.C?ID=PCMCAT1521648880327
AGOODO	GOOGLE	bestbuy.com	HTTPS://WWW.BESTBUY.COM/SITE/BRANDS/GOOGLE/PCMCAT344500050000.C?ID=PCMCAT344500050000
AHOTOP	WHOOP	bestbuy.com	HTTPS://WWW.BESTBUY.COM/SITE/BRANDS/WHOOP/PCMCAT1698680354842.C?ID=PCMCAT1698680354842
AIMASON	AMAZON	bestbuy.com	HTTPS://WWW.BESTBUY.COM/SITE/BRANDS/AMAZON/PCMCAT1521648880327.C?ID=PCMCAT1521648880327
AIPAO	APPLE	bestbuy.com	HTTPS://WWW.BESTBUY.COM/SITE/BRANDS/APPLE/PCMCAT128500050005.C?ID=PCMCAT128500050005
AISUOKER	ASUS	bestbuy.com	HTTPS://WWW.BESTBUY.COM/SITE/BRANDS/ASUS/PCMCAT190000050006.C?ID=PCMCAT190000050006
AJAFIT	AMAZFIT	bestbuy.com	HTTPS://WWW.BESTBUY.COM/SITE/BRANDS/AMAZFIT/PCMCAT1729088323741.C?ID=PCMCAT1729088323741
AKEZON	AMAZON	bestbuy.com	HTTPS://WWW.BESTBUY.COM/SITE/BRANDS/AMAZON/PCMCAT1521648880327.C?ID=PCMCAT1521648880327
AKIOAQUIRAX	AQARA	bestbuy.com	HTTPS://WWW.BESTBUY.COM/SITE/BRANDS/AQARA/PCMCAT1738346008768.C?ID=PCMCAT1738346008768
AKMAXCN	AMAZON	bestbuy.com	HTTPS://WWW.BESTBUY.COM/SITE/BRANDS/AMAZON/PCMCAT1521648880327.C?ID=PCMCAT1521648880327
AKUANER	ANKER	bestbuy.com	HTTPS://WWW.BESTBUY.COM/SITE/BRANDS/ANKER/PCMCAT1564684161957.C?ID=PCMCAT1564684161957
ALBRANDS	BESTBUYBRANDS	bestbuy.com	HTTPS://WWW.BESTBUY.COM/SITE/BRANDS/BEST-BUY-BRANDS/PCMCAT1596746025285.C?ID=PCMCAT1596746025285
ALEXE	AMAZON	bestbuy.com	HTTPS://WWW.BESTBUY.COM/SITE/BRANDS/AMAZON/PCMCAT1521648880327.C?ID=PCMCAT1521648880327
ALFANAUTICAL	ALPINE	bestbuy.com	HTTPS://WWW.BESTBUY.COM/SITE/BRANDS/ALPINE/PCMCAT192000050002.C
ALFCINE	ALPINE	bestbuy.com	HTTPS://WWW.BESTBUY.COM/SITE/BRANDS/ALPINE/PCMCAT192000050002.C?ID=PCMCAT192000050002
ALIENWARE	ALIENWARE	bestbuy.com	HTTPS://WWW.BESTBUY.COM/SITE/BRANDS/ALIENWARE/PCMCAT748302046693.C?ID=PCMCAT748302046693
ALMAZAN	AMAZON	bestbuy.com	HTTPS://WWW.BESTBUY.COM/SITE/BRANDS/AMAZON/PCMCAT1521648880327.C?ID=PCMCAT1521648880327
ALPIN	ALPINE	bestbuy.com	HTTPS://WWW.BESTBUY.COM/SITE/BRANDS/ALPINE/PCMCAT192000050002.C?ID=PCMCAT192000050002
ALPINE	ALPINE	bestbuy.com	HTTPS://WWW.BESTBUY.COM/SITE/BRANDS/ALPINE/PCMCAT192000050002.C?ID=PCMCAT192000050002
ALPINEELECTRONICOFAMERICA	ALPINE	bestbuy.com	HTTPS://WWW.BESTBUY.COM/SITE/BRANDS/ALPINE/PCMCAT192000050002.C?ID=PCMCAT192000050002
ALPINEELECTRONICS	ALPINE	bestbuy.com	HTTPS://WWW.BESTBUY.COM/SITE/BRANDS/ALPINE/PCMCAT192000050002.C?ID=PCMCAT192000050002
ALPINEGRAND	ALPINE	bestbuy.com	HTTPS://WWW.BESTBUY.COM/SITE/BRANDS/ALPINE/PCMCAT192000050002.C?ID=PCMCAT192000050002
ALPINENEIGHBOR	ALPINE	bestbuy.com	HTTPS://WWW.BESTBUY.COM/SITE/BRANDS/ALPINE/PCMCAT192000050002.C?ID=PCMCAT192000050002
AMA	AMAZON	bestbuy.com	HTTPS://WWW.BESTBUY.COM/SITE/BRANDS/AMAZON/PCMCAT1521648880327.C?ID=PCMCAT1521648880327
AMAAM	AMAZON	bestbuy.com	HTTPS://WWW.BESTBUY.COM/SITE/BRANDS/AMAZON/PCMCAT1521648880327.C?ID=PCMCAT1521648880327
AMADON	AMAZON	bestbuy.com	HTTPS://WWW.BESTBUY.COM/SITE/BRANDS/AMAZON/PCMCAT1521648880327.C?ID=PCMCAT1521648880327
AMAGOING	AMAZON	bestbuy.com	HTTPS://WWW.BESTBUY.COM/SITE/BRANDS/AMAZON/PCMCAT1521648880327.C?ID=PCMCAT1521648880327
AMAGOOD	AMAZON	bestbuy.com	HTTPS://WWW.BESTBUY.COM/SITE/BRANDS/AMAZON/PCMCAT1521648880327.C?ID=PCMCAT1521648880327
AMAKZH	AMAZON	bestbuy.com	HTTPS://WWW.BESTBUY.COM/SITE/BRANDS/AMAZON/PCMCAT1521648880327.C?ID=PCMCAT1521648880327
AMAMAONM	AMAZON	bestbuy.com	HTTPS://WWW.BESTBUY.COM/SITE/BRANDS/AMAZON/PCMCAT1521648880327.C?ID=PCMCAT1521648880327
AMANA	AMANA	bestbuy.com	HTTPS://WWW.BESTBUY.COM/SITE/BRANDS/AMANA/PCMCAT369700050006.C?ID=PCMCAT369700050006
AMANOS	AMAZON	bestbuy.com	HTTPS://WWW.BESTBUY.COM/SITE/BRANDS/AMAZON/PCMCAT1521648880327.C?ID=PCMCAT1521648880327
AMANQUNTA	AMANA	bestbuy.com	HTTPS://WWW.BESTBUY.COM/SITE/BRANDS/AMANA/PCMCAT369700050006.C?ID=PCMCAT369700050006
AMAOGE	AMAZON	bestbuy.com	HTTPS://WWW.BESTBUY.COM/SITE/BRANDS/AMAZON/PCMCAT1521648880327.C?ID=PCMCAT1521648880327
AMAOOT	AMAZON	bestbuy.com	HTTPS://WWW.BESTBUY.COM/SITE/BRANDS/AMAZON/PCMCAT1521648880327.C?ID=PCMCAT1521648880327
AMAOWDC	AMAZON	bestbuy.com	HTTPS://WWW.BESTBUY.COM/SITE/BRANDS/AMAZON/PCMCAT1521648880327.C?ID=PCMCAT1521648880327
AMAPON	AMAZON	bestbuy.com	HTTPS://WWW.BESTBUY.COM/SITE/BRANDS/AMAZON/PCMCAT1521648880327.C?ID=PCMCAT1521648880327
AMASHEN	AMAZON	bestbuy.com	HTTPS://WWW.BESTBUY.COM/SITE/BRANDS/AMAZON/PCMCAT1521648880327.C?ID=PCMCAT1521648880327
AMASHION	AMAZON	bestbuy.com	HTTPS://WWW.BESTBUY.COM/SITE/BRANDS/AMAZON/PCMCAT1521648880327.C?ID=PCMCAT1521648880327
AMASOO	AMAZON	bestbuy.com	HTTPS://WWW.BESTBUY.COM/SITE/BRANDS/AMAZON/PCMCAT1521648880327.C?ID=PCMCAT1521648880327
AMASSAN	AMAZON	bestbuy.com	HTTPS://WWW.BESTBUY.COM/SITE/BRANDS/AMAZON/PCMCAT1521648880327.C?ID=PCMCAT1521648880327
AMATONANI	AMAZON	bestbuy.com	HTTPS://WWW.BESTBUY.COM/SITE/BRANDS/AMAZON/PCMCAT1521648880327.C?ID=PCMCAT1521648880327
AMAXER	AMAZON	bestbuy.com	HTTPS://WWW.BESTBUY.COM/SITE/BRANDS/AMAZON/PCMCAT1521648880327.C?ID=PCMCAT1521648880327
AMAZ	AMAZON	bestbuy.com	HTTPS://WWW.BESTBUY.COM/SITE/BRANDS/AMAZON/PCMCAT1521648880327.C?ID=PCMCAT1521648880327
AMAZANO	AMAZON	bestbuy.com	HTTPS://WWW.BESTBUY.COM/SITE/BRANDS/AMAZON/PCMCAT1521648880327.C?ID=PCMCAT1521648880327
AMAZEFUN	AMAZON	bestbuy.com	HTTPS://WWW.BESTBUY.COM/SITE/BRANDS/AMAZON/PCMCAT1521648880327.C?ID=PCMCAT1521648880327
AMAZFIT	AMAZFIT	bestbuy.com	HTTPS://WWW.BESTBUY.COM/SITE/BRANDS/AMAZFIT/PCMCAT1729088323741.C?ID=PCMCAT1729088323741
AMAZKRUS	AMAZON	bestbuy.com	HTTPS://WWW.BESTBUY.COM/SITE/BRANDS/AMAZON/PCMCAT1521648880327.C?ID=PCMCAT1521648880327
AMAZLAB	AMAZON	bestbuy.com	HTTPS://WWW.BESTBUY.COM/SITE/BRANDS/AMAZON/PCMCAT1521648880327.C?ID=PCMCAT1521648880327
AMAZLINEN	AMAZON	bestbuy.com	HTTPS://WWW.BESTBUY.COM/SITE/BRANDS/AMAZON/PCMCAT1521648880327.C?ID=PCMCAT1521648880327
AMAZNSHOP	AMAZON	bestbuy.com	HTTPS://WWW.BESTBUY.COM/SITE/BRANDS/AMAZON/PCMCAT1521648880327.C?ID=PCMCAT1521648880327
AMAZO	AMAZON	bestbuy.com	HTTPS://WWW.BESTBUY.COM/SITE/BRANDS/AMAZON/PCMCAT1521648880327.C?ID=PCMCAT1521648880327
AMAZONAMAZON	AMAZON	bestbuy.com	HTTPS://WWW.BESTBUY.COM/SITE/BRANDS/AMAZON/PCMCAT1521648880327.C?ID=PCMCAT1521648880327
AMAZONASPRESENTZ	AMAZON	bestbuy.com	HTTPS://WWW.BESTBUY.COM/SITE/BRANDS/AMAZON/PCMCAT1521648880327.C?ID=PCMCAT1521648880327
AMAZONBRAND	AMAZON	bestbuy.com	HTTPS://WWW.BESTBUY.COM/SITE/BRANDS/AMAZON/PCMCAT1521648880327.C?ID=PCMCAT1521648880327
AMAZONCOM	AMAZON	bestbuy.com	HTTPS://WWW.BESTBUY.COM/SITE/BRANDS/AMAZON/PCMCAT1521648880327.C?ID=PCMCAT1521648880327
AMAZONECHO	AMAZON	bestbuy.com	HTTPS://WWW.BESTBUY.COM/SITE/BRANDS/AMAZON/PCMCAT1521648880327.C?ID=PCMCAT1521648880327
AMAZONIATEAK	AMAZON	bestbuy.com	HTTPS://WWW.BESTBUY.COM/SITE/BRANDS/AMAZON/PCMCAT1521648880327.C?ID=PCMCAT1521648880327
AMAZONUSBABP0	AMAZON	bestbuy.com	HTTPS://WWW.BESTBUY.COM/SITE/BRANDS/AMAZON/PCMCAT1521648880327.C?ID=PCMCAT1521648880327
AMAZONUSBEIH7	AMAZON	bestbuy.com	HTTPS://WWW.BESTBUY.COM/SITE/BRANDS/AMAZON/PCMCAT1521648880327.C?ID=PCMCAT1521648880327
AMAZONUSBIMC9	AMAZON	bestbuy.com	HTTPS://WWW.BESTBUY.COM/SITE/BRANDS/AMAZON/PCMCAT1521648880327.C?ID=PCMCAT1521648880327
AMAZONUSBIPOF	AMAZON	bestbuy.com	HTTPS://WWW.BESTBUY.COM/SITE/BRANDS/AMAZON/PCMCAT1521648880327.C?ID=PCMCAT1521648880327
AMAZONUSBIVOD	AMAZON	bestbuy.com	HTTPS://WWW.BESTBUY.COM/SITE/BRANDS/AMAZON/PCMCAT1521648880327.C?ID=PCMCAT1521648880327
AMAZONUSBRVTX	AMAZON	bestbuy.com	HTTPS://WWW.BESTBUY.COM/SITE/BRANDS/AMAZON/PCMCAT1521648880327.C?ID=PCMCAT1521648880327
AMAZONUSCADCG	AMAZON	bestbuy.com	HTTPS://WWW.BESTBUY.COM/SITE/BRANDS/AMAZON/PCMCAT1521648880327.C?ID=PCMCAT1521648880327
AMAZONUSCHMZ7	AMAZON	bestbuy.com	HTTPS://WWW.BESTBUY.COM/SITE/BRANDS/AMAZON/PCMCAT1521648880327.C?ID=PCMCAT1521648880327
AMAZONUSFEVGF	AMAZON	bestbuy.com	HTTPS://WWW.BESTBUY.COM/SITE/BRANDS/AMAZON/PCMCAT1521648880327.C?ID=PCMCAT1521648880327
AMAZONUSFIIB9	AMAZON	bestbuy.com	HTTPS://WWW.BESTBUY.COM/SITE/BRANDS/AMAZON/PCMCAT1521648880327.C?ID=PCMCAT1521648880327
AMAZONUSHOQQ9	AMAZON	bestbuy.com	HTTPS://WWW.BESTBUY.COM/SITE/BRANDS/AMAZON/PCMCAT1521648880327.C?ID=PCMCAT1521648880327
AMAZONUSLAVH9	AMAZON	bestbuy.com	HTTPS://WWW.BESTBUY.COM/SITE/BRANDS/AMAZON/PCMCAT1521648880327.C?ID=PCMCAT1521648880327
AMAZONUSLOSQH	AMAZON	bestbuy.com	HTTPS://WWW.BESTBUY.COM/SITE/BRANDS/AMAZON/PCMCAT1521648880327.C?ID=PCMCAT1521648880327
AMAZONUSMARUO	AMAZON	bestbuy.com	HTTPS://WWW.BESTBUY.COM/SITE/BRANDS/AMAZON/PCMCAT1521648880327.C?ID=PCMCAT1521648880327
AMAZONUSMB0UE	AMAZON	bestbuy.com	HTTPS://WWW.BESTBUY.COM/SITE/BRANDS/AMAZON/PCMCAT1521648880327.C?ID=PCMCAT1521648880327
AMAZONUSNOFT9	AMAZON	bestbuy.com	HTTPS://WWW.BESTBUY.COM/SITE/BRANDS/AMAZON/PCMCAT1521648880327.C?ID=PCMCAT1521648880327
AMAZONUSNOUJ9	AMAZON	bestbuy.com	HTTPS://WWW.BESTBUY.COM/SITE/BRANDS/AMAZON/PCMCAT1521648880327.C?ID=PCMCAT1521648880327
AMAZONUSPEKJ9	AMAZON	bestbuy.com	HTTPS://WWW.BESTBUY.COM/SITE/BRANDS/AMAZON/PCMCAT1521648880327.C?ID=PCMCAT1521648880327
AMAZONUSQUF79	AMAZON	bestbuy.com	HTTPS://WWW.BESTBUY.COM/SITE/BRANDS/AMAZON/PCMCAT1521648880327.C?ID=PCMCAT1521648880327
AMAZONUSROGAB	AMAZON	bestbuy.com	HTTPS://WWW.BESTBUY.COM/SITE/BRANDS/AMAZON/PCMCAT1521648880327.C?ID=PCMCAT1521648880327
AMAZONUSRUBKD	AMAZON	bestbuy.com	HTTPS://WWW.BESTBUY.COM/SITE/BRANDS/AMAZON/PCMCAT1521648880327.C?ID=PCMCAT1521648880327
AMAZONUSSIRWK	AMAZON	bestbuy.com	HTTPS://WWW.BESTBUY.COM/SITE/BRANDS/AMAZON/PCMCAT1521648880327.C?ID=PCMCAT1521648880327
AMAZONUSSKCV9	AMAZON	bestbuy.com	HTTPS://WWW.BESTBUY.COM/SITE/BRANDS/AMAZON/PCMCAT1521648880327.C?ID=PCMCAT1521648880327
AMAZONUSSNPCG	AMAZON	bestbuy.com	HTTPS://WWW.BESTBUY.COM/SITE/BRANDS/AMAZON/PCMCAT1521648880327.C?ID=PCMCAT1521648880327
AMAZONUSTHCZ7	AMAZON	bestbuy.com	HTTPS://WWW.BESTBUY.COM/SITE/BRANDS/AMAZON/PCMCAT1521648880327.C?ID=PCMCAT1521648880327
AMAZONUSUPPAE	AMAZON	bestbuy.com	HTTPS://WWW.BESTBUY.COM/SITE/BRANDS/AMAZON/PCMCAT1521648880327.C?ID=PCMCAT1521648880327
AMAZONUSVOSSW	AMAZON	bestbuy.com	HTTPS://WWW.BESTBUY.COM/SITE/BRANDS/AMAZON/PCMCAT1521648880327.C?ID=PCMCAT1521648880327
AMAZULU	AMAZON	bestbuy.com	HTTPS://WWW.BESTBUY.COM/SITE/BRANDS/AMAZON/PCMCAT1521648880327.C?ID=PCMCAT1521648880327
AMAZYJ	AMAZON	bestbuy.com	HTTPS://WWW.BESTBUY.COM/SITE/BRANDS/AMAZON/PCMCAT1521648880327.C?ID=PCMCAT1521648880327
AMCATON	AMAZON	bestbuy.com	HTTPS://WWW.BESTBUY.COM/SITE/BRANDS/AMAZON/PCMCAT1521648880327.C?ID=PCMCAT1521648880327
AMD	AMD	bestbuy.com	HTTPS://WWW.BESTBUY.COM/SITE/BRANDS/AMD/PCMCAT1519677427640.C?ID=PCMCAT1519677427640
AMDSS	AMD	bestbuy.com	HTTPS://WWW.BESTBUY.COM/SITE/BRANDS/AMD/PCMCAT1519677427640.C?ID=PCMCAT1519677427640
AMDVIBES	AMD	bestbuy.com	HTTPS://WWW.BESTBUY.COM/SITE/BRANDS/AMD/PCMCAT1519677427640.C?ID=PCMCAT1519677427640
AMDX	AMD	bestbuy.com	HTTPS://WWW.BESTBUY.COM/SITE/BRANDS/AMD/PCMCAT1519677427640.C?ID=PCMCAT1519677427640
AMDXD	AMD	bestbuy.com	HTTPS://WWW.BESTBUY.COM/SITE/BRANDS/AMD/PCMCAT1519677427640.C?ID=PCMCAT1519677427640
AMENKER	ANKER	bestbuy.com	HTTPS://WWW.BESTBUY.COM/SITE/BRANDS/ANKER/PCMCAT1564684161957.C?ID=PCMCAT1564684161957
AMERICANTOURISTER	AMERICANTOURISTER	bestbuy.com	HTTPS://WWW.BESTBUY.COM/SITE/BRANDS/AMERICAN-TOURISTER/PCMCAT1738620460040.C?ID=PCMCAT1738620460040
AMESUN	AMAZON	bestbuy.com	HTTPS://WWW.BESTBUY.COM/SITE/BRANDS/AMAZON/PCMCAT1521648880327.C?ID=PCMCAT1521648880327
AMINSON	AMAZON	bestbuy.com	HTTPS://WWW.BESTBUY.COM/SITE/BRANDS/AMAZON/PCMCAT1521648880327.C?ID=PCMCAT1521648880327
AMISDIRECT	AMD	bestbuy.com	HTTPS://WWW.BESTBUY.COM/SITE/BRANDS/AMD/PCMCAT1519677427640.C?ID=PCMCAT1519677427640
AMISON	AMAZON	bestbuy.com	HTTPS://WWW.BESTBUY.COM/SITE/BRANDS/AMAZON/PCMCAT1521648880327.C?ID=PCMCAT1521648880327
AMMFIT	AMAZFIT	bestbuy.com	HTTPS://WWW.BESTBUY.COM/SITE/BRANDS/AMAZFIT/PCMCAT1729088323741.C?ID=PCMCAT1729088323741
AMOOSON	AMAZON	bestbuy.com	HTTPS://WWW.BESTBUY.COM/SITE/BRANDS/AMAZON/PCMCAT1521648880327.C?ID=PCMCAT1521648880327
AMOYON	AMAZON	bestbuy.com	HTTPS://WWW.BESTBUY.COM/SITE/BRANDS/AMAZON/PCMCAT1521648880327.C?ID=PCMCAT1521648880327
AMQASTEELCASECOMPANY	STEELCASE	bestbuy.com	HTTPS://WWW.BESTBUY.COM/SITE/BRANDS/STEELCASE/PCMCAT1632849044194.C?ID=PCMCAT1632849044194
AMSOAN	AMAZON	bestbuy.com	HTTPS://WWW.BESTBUY.COM/SITE/BRANDS/AMAZON/PCMCAT1521648880327.C?ID=PCMCAT1521648880327
AMSOOM	AMAZON	bestbuy.com	HTTPS://WWW.BESTBUY.COM/SITE/BRANDS/AMAZON/PCMCAT1521648880327.C?ID=PCMCAT1521648880327
AMSUNBO	SAMSUNGSTORE	bestbuy.com	HTTPS://WWW.BESTBUY.COM/SITE/BRANDS/SAMSUNG-STORE/PCMCAT140800050115.C?ID=PCMCAT140800050115
AMSXNOO	AMAZON	bestbuy.com	HTTPS://WWW.BESTBUY.COM/SITE/BRANDS/AMAZON/PCMCAT1521648880327.C?ID=PCMCAT1521648880327
AMTFIT	AMAZFIT	bestbuy.com	HTTPS://WWW.BESTBUY.COM/SITE/BRANDS/AMAZFIT/PCMCAT1729088323741.C?ID=PCMCAT1729088323741
AMTREEN	AMD	bestbuy.com	HTTPS://WWW.BESTBUY.COM/SITE/BRANDS/AMD/PCMCAT1519677427640.C?ID=PCMCAT1519677427640
AMXJXMA	AMAZON	bestbuy.com	HTTPS://WWW.BESTBUY.COM/SITE/BRANDS/AMAZON/PCMCAT1521648880327.C?ID=PCMCAT1521648880327
AMZAN	AMAZON	bestbuy.com	HTTPS://WWW.BESTBUY.COM/SITE/BRANDS/AMAZON/PCMCAT1521648880327.C?ID=PCMCAT1521648880327
AMZBSR	AMAZON	bestbuy.com	HTTPS://WWW.BESTBUY.COM/SITE/BRANDS/AMAZON/PCMCAT1521648880327.C?ID=PCMCAT1521648880327
AMZCHEN	AMAZON	bestbuy.com	HTTPS://WWW.BESTBUY.COM/SITE/BRANDS/AMAZON/PCMCAT1521648880327.C?ID=PCMCAT1521648880327
AMZCKU	AMAZON	bestbuy.com	HTTPS://WWW.BESTBUY.COM/SITE/BRANDS/AMAZON/PCMCAT1521648880327.C?ID=PCMCAT1521648880327
AMZCNC	AMAZON	bestbuy.com	HTTPS://WWW.BESTBUY.COM/SITE/BRANDS/AMAZON/PCMCAT1521648880327.C?ID=PCMCAT1521648880327
AMZCOOL	AMAZON	bestbuy.com	HTTPS://WWW.BESTBUY.COM/SITE/BRANDS/AMAZON/PCMCAT1521648880327.C?ID=PCMCAT1521648880327
AMZDM	AMAZON	bestbuy.com	HTTPS://WWW.BESTBUY.COM/SITE/BRANDS/AMAZON/PCMCAT1521648880327.C?ID=PCMCAT1521648880327
AMZDOTD	AMAZON	bestbuy.com	HTTPS://WWW.BESTBUY.COM/SITE/BRANDS/AMAZON/PCMCAT1521648880327.C?ID=PCMCAT1521648880327
AMZFDC	AMAZON	bestbuy.com	HTTPS://WWW.BESTBUY.COM/SITE/BRANDS/AMAZON/PCMCAT1521648880327.C?ID=PCMCAT1521648880327
AMZGOD	AMAZON	bestbuy.com	HTTPS://WWW.BESTBUY.COM/SITE/BRANDS/AMAZON/PCMCAT1521648880327.C?ID=PCMCAT1521648880327
AMZHERO	AMAZON	bestbuy.com	HTTPS://WWW.BESTBUY.COM/SITE/BRANDS/AMAZON/PCMCAT1521648880327.C?ID=PCMCAT1521648880327
AMZHUND	AMAZON	bestbuy.com	HTTPS://WWW.BESTBUY.COM/SITE/BRANDS/AMAZON/PCMCAT1521648880327.C?ID=PCMCAT1521648880327
AMZKONIG	AMAZON	bestbuy.com	HTTPS://WWW.BESTBUY.COM/SITE/BRANDS/AMAZON/PCMCAT1521648880327.C?ID=PCMCAT1521648880327
AMZMOON	AMAZON	bestbuy.com	HTTPS://WWW.BESTBUY.COM/SITE/BRANDS/AMAZON/PCMCAT1521648880327.C?ID=PCMCAT1521648880327
AMZNEVO	AMAZON	bestbuy.com	HTTPS://WWW.BESTBUY.COM/SITE/BRANDS/AMAZON/PCMCAT1521648880327.C?ID=PCMCAT1521648880327
AMZNOONE	AMAZON	bestbuy.com	HTTPS://WWW.BESTBUY.COM/SITE/BRANDS/AMAZON/PCMCAT1521648880327.C?ID=PCMCAT1521648880327
AMZNOVA	AMAZON	bestbuy.com	HTTPS://WWW.BESTBUY.COM/SITE/BRANDS/AMAZON/PCMCAT1521648880327.C?ID=PCMCAT1521648880327
AMZOCINA	AMAZON	bestbuy.com	HTTPS://WWW.BESTBUY.COM/SITE/BRANDS/AMAZON/PCMCAT1521648880327.C?ID=PCMCAT1521648880327
AMZOK	AMAZON	bestbuy.com	HTTPS://WWW.BESTBUY.COM/SITE/BRANDS/AMAZON/PCMCAT1521648880327.C?ID=PCMCAT1521648880327
AMZOOM	AMAZON	bestbuy.com	HTTPS://WWW.BESTBUY.COM/SITE/BRANDS/AMAZON/PCMCAT1521648880327.C?ID=PCMCAT1521648880327
AMZOSS	AMAZON	bestbuy.com	HTTPS://WWW.BESTBUY.COM/SITE/BRANDS/AMAZON/PCMCAT1521648880327.C?ID=PCMCAT1521648880327
AMZOYA	AMAZON	bestbuy.com	HTTPS://WWW.BESTBUY.COM/SITE/BRANDS/AMAZON/PCMCAT1521648880327.C?ID=PCMCAT1521648880327
AMZPIC	AMAZON	bestbuy.com	HTTPS://WWW.BESTBUY.COM/SITE/BRANDS/AMAZON/PCMCAT1521648880327.C?ID=PCMCAT1521648880327
AMZSM	AMAZON	bestbuy.com	HTTPS://WWW.BESTBUY.COM/SITE/BRANDS/AMAZON/PCMCAT1521648880327.C?ID=PCMCAT1521648880327
AMZSMT	AMAZON	bestbuy.com	HTTPS://WWW.BESTBUY.COM/SITE/BRANDS/AMAZON/PCMCAT1521648880327.C?ID=PCMCAT1521648880327
AMZTOP	AMAZON	bestbuy.com	HTTPS://WWW.BESTBUY.COM/SITE/BRANDS/AMAZON/PCMCAT1521648880327.C?ID=PCMCAT1521648880327
AMZTOY	AMAZON	bestbuy.com	HTTPS://WWW.BESTBUY.COM/SITE/BRANDS/AMAZON/PCMCAT1521648880327.C?ID=PCMCAT1521648880327
ANBOA	ANOVAPRECISIONCOOKER	bestbuy.com	HTTPS://WWW.BESTBUY.COM/SITE/BRANDS/ANOVA-PRECISION-COOKER/PCMCAT748302046135.C?ID=PCMCAT748302046135
ANGELEAF	NANOLEAF	bestbuy.com	HTTPS://WWW.BESTBUY.COM/SITE/BRANDS/NANOLEAF/PCMCAT1684953077010.C?ID=PCMCAT1684953077010
ANIKEKER	ANKER	bestbuy.com	HTTPS://WWW.BESTBUY.COM/SITE/BRANDS/ANKER/PCMCAT1564684161957.C?ID=PCMCAT1564684161957
ANKER	ANKER	bestbuy.com	HTTPS://WWW.BESTBUY.COM/SITE/BRANDS/ANKER/PCMCAT1564684161957.C?ID=PCMCAT1564684161957
ANKZON	AMAZON	bestbuy.com	HTTPS://WWW.BESTBUY.COM/SITE/BRANDS/AMAZON/PCMCAT1521648880327.C?ID=PCMCAT1521648880327
ANNAZOM	AMAZON	bestbuy.com	HTTPS://WWW.BESTBUY.COM/SITE/BRANDS/AMAZON/PCMCAT1521648880327.C?ID=PCMCAT1521648880327
ANOVA	ANOVAPRECISIONCOOKER	bestbuy.com	HTTPS://WWW.BESTBUY.COM/SITE/BRANDS/ANOVA-PRECISION-COOKER/PCMCAT748302046135.C?ID=PCMCAT748302046135
ANREAK	ANKER	bestbuy.com	HTTPS://WWW.BESTBUY.COM/SITE/BRANDS/ANKER/PCMCAT1564684161957.C?ID=PCMCAT1564684161957
ANSONTOP	SONOSSYSTEMS	bestbuy.com	HTTPS://BESTBUY.COM/SITE/BRANDS/SONOS-SYSTEMS/PCMCAT348700050016.C
ANTEN	ANTENNASDIRECT	bestbuy.com	HTTPS://WWW.BESTBUY.COM/SITE/BRANDS/ANTENNAS-DIRECT/PCMCAT1522075554853.C?ID=PCMCAT1522075554853
ANTENGA	ANTENNASDIRECT	bestbuy.com	HTTPS://WWW.BESTBUY.COM/SITE/BRANDS/ANTENNAS-DIRECT/PCMCAT1522075554853.C?ID=PCMCAT1522075554853
ANTENNASDIRECT	ANTENNASDIRECT	bestbuy.com	HTTPS://WWW.BESTBUY.COM/SITE/BRANDS/ANTENNAS-DIRECT/PCMCAT1522075554853.C?ID=PCMCAT1522075554853
ANTNA	ANTENNASDIRECT	bestbuy.com	HTTPS://WWW.BESTBUY.COM/SITE/BRANDS/ANTENNAS-DIRECT/PCMCAT1522075554853.C?ID=PCMCAT1522075554853
ANVAKER	ANKER	bestbuy.com	HTTPS://WWW.BESTBUY.COM/SITE/BRANDS/ANKER/PCMCAT1564684161957.C?ID=PCMCAT1564684161957
AOARLO	ARLO	bestbuy.com	HTTPS://WWW.BESTBUY.COM/SITE/BRANDS/ARLO/PCMCAT748301590399.C?ID=PCMCAT748301590399
AOBEN	ADOBE	bestbuy.com	HTTPS://WWW.BESTBUY.COM/SITE/BRANDS/ADOBE/PCMCAT1628021550847.C?ID=PCMCAT1628021550847
AOBOPLE	APPLE	bestbuy.com	HTTPS://WWW.BESTBUY.COM/SITE/BRANDS/APPLE/PCMCAT128500050005.C?ID=PCMCAT128500050005
AOC	AOC	bestbuy.com	HTTPS://WWW.BESTBUY.COM/SITE/BRANDS/AOC/PCMCAT1525376537485.C?ID=PCMCAT1525376537485
AOCASO	AOC	bestbuy.com	HTTPS://WWW.BESTBUY.COM/SITE/BRANDS/AOC/PCMCAT1525376537485.C?ID=PCMCAT1525376537485
AOCCIT	AOC	bestbuy.com	HTTPS://WWW.BESTBUY.COM/SITE/BRANDS/AOC/PCMCAT1525376537485.C?ID=PCMCAT1525376537485
AOCDSY	AOC	bestbuy.com	HTTPS://WWW.BESTBUY.COM/SITE/BRANDS/AOC/PCMCAT1525376537485.C?ID=PCMCAT1525376537485
AOCEMAN	AOC	bestbuy.com	HTTPS://WWW.BESTBUY.COM/SITE/BRANDS/AOC/PCMCAT1525376537485.C?ID=PCMCAT1525376537485
AOCFCOKI	AOC	bestbuy.com	HTTPS://WWW.BESTBUY.COM/SITE/BRANDS/AOC/PCMCAT1525376537485.C?ID=PCMCAT1525376537485
AOCICO	AOC	bestbuy.com	HTTPS://WWW.BESTBUY.COM/SITE/BRANDS/AOC/PCMCAT1525376537485.C?ID=PCMCAT1525376537485
AOCMONITORS	AOC	bestbuy.com	HTTPS://WWW.BESTBUY.COM/SITE/BRANDS/AOC/PCMCAT1525376537485.C?ID=PCMCAT1525376537485
AOCORAY	AOC	bestbuy.com	HTTPS://WWW.BESTBUY.COM/SITE/BRANDS/AOC/PCMCAT1525376537485.C?ID=PCMCAT1525376537485
AODUE	ADOBE	bestbuy.com	HTTPS://WWW.BESTBUY.COM/SITE/BRANDS/ADOBE/PCMCAT1628021550847.C?ID=PCMCAT1628021550847
AOERZN	AMAZON	bestbuy.com	HTTPS://WWW.BESTBUY.COM/SITE/BRANDS/AMAZON/PCMCAT1521648880327.C?ID=PCMCAT1521648880327
AOOE	ADOBE	bestbuy.com	HTTPS://WWW.BESTBUY.COM/SITE/BRANDS/ADOBE/PCMCAT1628021550847.C?ID=PCMCAT1628021550847
AOONZAN	AMAZON	bestbuy.com	HTTPS://WWW.BESTBUY.COM/SITE/BRANDS/AMAZON/PCMCAT1521648880327.C?ID=PCMCAT1521648880327
AOOPPEC	APPLE	bestbuy.com	HTTPS://WWW.BESTBUY.COM/SITE/BRANDS/APPLE/PCMCAT128500050005.C?ID=PCMCAT128500050005
AOPAOZ	APPLE	bestbuy.com	HTTPS://WWW.BESTBUY.COM/SITE/BRANDS/APPLE/PCMCAT128500050005.C?ID=PCMCAT128500050005
AOSON	AMAZON	bestbuy.com	HTTPS://WWW.BESTBUY.COM/SITE/BRANDS/AMAZON/PCMCAT1521648880327.C?ID=PCMCAT1521648880327
AOSRI	AROZZI	bestbuy.com	HTTPS://WWW.BESTBUY.COM/SITE/BRANDS/AROZZI/PCMCAT1757705296833.C?ID=PCMCAT1757705296833
AOXMUOG	AOC	bestbuy.com	HTTPS://WWW.BESTBUY.COM/SITE/BRANDS/AOC/PCMCAT1525376537485.C?ID=PCMCAT1525376537485
AOZUN	AMAZON	bestbuy.com	HTTPS://WWW.BESTBUY.COM/SITE/BRANDS/AMAZON/PCMCAT1521648880327.C?ID=PCMCAT1521648880327
APDOE	ADOBE	bestbuy.com	HTTPS://WWW.BESTBUY.COM/SITE/BRANDS/ADOBE/PCMCAT1628021550847.C?ID=PCMCAT1628021550847
APEPAL	APPLE	bestbuy.com	HTTPS://WWW.BESTBUY.COM/SITE/BRANDS/APPLE/PCMCAT128500050005.C?ID=PCMCAT128500050005
APIELE	APPLE	bestbuy.com	HTTPS://WWW.BESTBUY.COM/SITE/BRANDS/APPLE/PCMCAT128500050005.C?ID=PCMCAT128500050005
APLRIC	APPLE	bestbuy.com	HTTPS://WWW.BESTBUY.COM/SITE/BRANDS/APPLE/PCMCAT128500050005.C?ID=PCMCAT128500050005
APLUSONE	ONEPLUS	bestbuy.com	HTTPS://WWW.BESTBUY.COM/SITE/BRANDS/ONEPLUS/PCMCAT1646077047045.C?ID=PCMCAT1646077047045
APPECK	APPLE	bestbuy.com	HTTPS://WWW.BESTBUY.COM/SITE/BRANDS/APPLE/PCMCAT128500050005.C?ID=PCMCAT128500050005
APPLE	APPLE	bestbuy.com	HTTPS://WWW.BESTBUY.COM/SITE/BRANDS/APPLE/PCMCAT128500050005.C?ID=PCMCAT128500050005
APPLEBLESS	APPLE	bestbuy.com	HTTPS://WWW.BESTBUY.COM/SITE/BRANDS/APPLE/PCMCAT128500050005.C?ID=PCMCAT128500050005
APPLEBRAND	APPLE	bestbuy.com	HTTPS://WWW.BESTBUY.COM/SITE/BRANDS/APPLE/PCMCAT128500050005.C?ID=PCMCAT128500050005
APPLEBRAND	APPLE	bestbuy.com	HTTPS://WWW.BESTBUY.COM/SITE/BRANDS/APPLE/PCMCAT128500050005.C?ID=PCMCAT128500050005&ISSOLR=1&PAGETYPE=REDIRECT&SEARCHREDIRECT=APPLE
APPLLOO	APPLE	bestbuy.com	HTTPS://WWW.BESTBUY.COM/SITE/BRANDS/APPLE/PCMCAT128500050005.C?ID=PCMCAT128500050005
APPLUS	APPLE	bestbuy.com	HTTPS://WWW.BESTBUY.COM/SITE/BRANDS/APPLE/PCMCAT128500050005.C?ID=PCMCAT128500050005
APPLYLEE	APPLE	bestbuy.com	HTTPS://WWW.BESTBUY.COM/SITE/BRANDS/APPLE/PCMCAT128500050005.C?ID=PCMCAT128500050005
APPLYSU	APPLE	bestbuy.com	HTTPS://WWW.BESTBUY.COM/SITE/BRANDS/APPLE/PCMCAT128500050005.C?ID=PCMCAT128500050005
APPO	APPLE	bestbuy.com	HTTPS://WWW.BESTBUY.COM/SITE/BRANDS/APPLE/PCMCAT128500050005.C?ID=PCMCAT128500050005
APRXUVOT	APPLE	bestbuy.com	HTTPS://WWW.BESTBUY.COM/SITE/BRANDS/APPLE/PCMCAT128500050005.C?ID=PCMCAT128500050005
APSUNG	SAMSUNGSTORE	bestbuy.com	HTTPS://WWW.BESTBUY.COM/SITE/BRANDS/SAMSUNG-STORE/PCMCAT140800050115.C?ID=PCMCAT140800050115
AQ78025	AQARA	bestbuy.com	HTTPS://WWW.BESTBUY.COM/SITE/BRANDS/AQARA/PCMCAT1738346008768.C?ID=PCMCAT1738346008768
ARCADE1UP	ARCADE1UP	bestbuy.com	HTTPS://WWW.BESTBUY.COM/SITE/BRANDS/ARCADE1UP/PCMCAT1614975695665.C?ID=PCMCAT1614975695665
ARCAM	ARCAM	bestbuy.com	HTTPS://WWW.BESTBUY.COM/SITE/BRANDS/ARCAM/PCMCAT1558462798013.C?ID=PCMCAT1558462798013
ARCMOGO	ARCAM	bestbuy.com	HTTPS://WWW.BESTBUY.COM/SITE/BRANDS/ARCAM/PCMCAT1558462798013.C?ID=PCMCAT1558462798013
AREGOKAM	ARCAM	bestbuy.com	HTTPS://WWW.BESTBUY.COM/SITE/BRANDS/ARCAM/PCMCAT1558462798013.C?ID=PCMCAT1558462798013
ARIRIS	ARRIS	bestbuy.com	HTTPS://WWW.BESTBUY.COM/SITE/BRANDS/ARRIS/PCMCAT748302046700.C?ID=PCMCAT748302046700
ARLLASO	ARLO	bestbuy.com	HTTPS://WWW.BESTBUY.COM/SITE/BRANDS/ARLO/PCMCAT748301590399.C?ID=PCMCAT748301590399
ARLO	ARLO	bestbuy.com	HTTPS://WWW.BESTBUY.COM/SITE/BRANDS/ARLO/PCMCAT748301590399.C?ID=PCMCAT748301590399
ARLOAITC	ARLO	bestbuy.com	HTTPS://WWW.BESTBUY.COM/SITE/BRANDS/ARLO/PCMCAT748301590399.C?ID=PCMCAT748301590399
ARLOPU	ARLO	bestbuy.com	HTTPS://WWW.BESTBUY.COM/SITE/BRANDS/ARLO/PCMCAT748301590399.C?ID=PCMCAT748301590399
ARLOTECHNOLOGIES	ARLO	bestbuy.com	HTTPS://WWW.BESTBUY.COM/SITE/BRANDS/ARLO/PCMCAT748301590399.C?ID=PCMCAT748301590399
ARMOFIT	AMAZFIT	bestbuy.com	HTTPS://WWW.BESTBUY.COM/SITE/BRANDS/AMAZFIT/PCMCAT1729088323741.C?ID=PCMCAT1729088323741
ARNZION	AMAZON	bestbuy.com	HTTPS://WWW.BESTBUY.COM/SITE/BRANDS/AMAZON/PCMCAT1521648880327.C?ID=PCMCAT1521648880327
AROZZI	AROZZI	bestbuy.com	HTTPS://WWW.BESTBUY.COM/SITE/BRANDS/AROZZI/PCMCAT1757705296833.C?ID=PCMCAT1757705296833
AROZZINORTHAMERICA	AROZZI	bestbuy.com	HTTPS://WWW.BESTBUY.COM/SITE/BRANDS/AROZZI/PCMCAT1757705296833.C?ID=PCMCAT1757705296833
ARRIS	ARRIS	bestbuy.com	HTTPS://WWW.BESTBUY.COM/SITE/BRANDS/ARRIS/PCMCAT748302046700.C?ID=PCMCAT748302046700
ARRISSOLUTIONS	ARRIS	bestbuy.com	HTTPS://WWW.BESTBUY.COM/SITE/BRANDS/ARRIS/PCMCAT748302046700.C?ID=PCMCAT748302046700
ARRISSURFBOAR	ARRIS	bestbuy.com	HTTPS://WWW.BESTBUY.COM/SITE/BRANDS/ARRIS/PCMCAT748302046700.C?ID=PCMCAT748302046700
ARRISSURFBOARDSB61418X4DOCSIS3	ARRIS	bestbuy.com	HTTPS://WWW.BESTBUY.COM/SITE/BRANDS/ARRIS/PCMCAT748302046700.C?ID=PCMCAT748302046700
ARROZI	AROZZI	bestbuy.com	HTTPS://WWW.BESTBUY.COM/SITE/BRANDS/AROZZI/PCMCAT1757705296833.C?ID=PCMCAT1757705296833
ARTOOMBA	IROBOT	bestbuy.com	HTTPS://WWW.BESTBUY.COM/SITE/BRANDS/IROBOT/PCMCAT269700050002.C?ID=PCMCAT269700050002
ARZER	RAZER	bestbuy.com	HTTPS://WWW.BESTBUY.COM/SITE/BRANDS/RAZER/PCMCAT1623432770200.C?ID=PCMCAT1623432770200
ASAER	ACER	bestbuy.com	HTTPS://WWW.BESTBUY.COM/SITE/BRANDS/ACER/PCMCAT1602771937653.C?ID=PCMCAT1602771937653
ASASEN	ASUS	bestbuy.com	HTTPS://WWW.BESTBUY.COM/SITE/BRANDS/ASUS/PCMCAT190000050006.C?ID=PCMCAT190000050006
ASNG	SAMSUNGSTORE	bestbuy.com	HTTPS://WWW.BESTBUY.COM/SITE/BRANDS/SAMSUNG-STORE/PCMCAT140800050115.C?ID=PCMCAT140800050115
ASTROGAMING	ASTROGAMING	bestbuy.com	HTTPS://WWW.BESTBUY.COM/SITE/BRANDS/ASTRO-GAMING/PCMCAT275000050000.C?ID=PCMCAT275000050000
ASTROGAMINGA10GAMINGHEADSETGR	ASTROGAMING	bestbuy.com	HTTPS://WWW.BESTBUY.COM/SITE/BRANDS/ASTRO-GAMING/PCMCAT275000050000.C?ID=PCMCAT275000050000
ASUKONW	ASUS	bestbuy.com	HTTPS://WWW.BESTBUY.COM/SITE/BRANDS/ASUS/PCMCAT190000050006.C?ID=PCMCAT190000050006
ASUNG	SAMSUNGSTORE	bestbuy.com	HTTPS://WWW.BESTBUY.COM/SITE/BRANDS/SAMSUNG-STORE/PCMCAT140800050115.C?ID=PCMCAT140800050115
ASUS	ASUS	bestbuy.com	HTTPS://WWW.BESTBUY.COM/SITE/BRANDS/ASUS/PCMCAT190000050006.C?ID=PCMCAT190000050006
ASUSCOMPUTERCOMPONENTS	ASUS	bestbuy.com	HTTPS://WWW.BESTBUY.COM/SITE/BRANDS/ASUS/PCMCAT190000050006.C?ID=PCMCAT190000050006
ASUSCOMPUTERINTERNATIONAL	ASUS	bestbuy.com	HTTPS://WWW.BESTBUY.COM/SITE/BRANDS/ASUS/PCMCAT190000050006.C?ID=PCMCAT190000050006
ASUSCOMPUTERINTL	ASUS	bestbuy.com	HTTPS://WWW.BESTBUY.COM/SITE/BRANDS/ASUS/PCMCAT190000050006.C?ID=PCMCAT190000050006
ASUSF	ASUS	bestbuy.com	HTTPS://WWW.BESTBUY.COM/SITE/BRANDS/ASUS/PCMCAT190000050006.C?ID=PCMCAT190000050006
ASUSSBGCOMMERCIAL	ASUS	bestbuy.com	HTTPS://WWW.BESTBUY.COM/SITE/BRANDS/ASUS/PCMCAT190000050006.C?ID=PCMCAT190000050006
ASUSUSA	ASUS	bestbuy.com	HTTPS://WWW.BESTBUY.COM/SITE/BRANDS/ASUS/PCMCAT190000050006.C?ID=PCMCAT190000050006
ATARI	ATARI	bestbuy.com	HTTPS://WWW.BESTBUY.COM/SITE/BRANDS/ATARI/PCMCAT1618863381809.C?ID=PCMCAT1618863381809
ATARIINTERACTIVE	ATARI	bestbuy.com	HTTPS://WWW.BESTBUY.COM/SITE/BRANDS/ATARI/PCMCAT1618863381809.C?ID=PCMCAT1618863381809
ATARNI	ATARI	bestbuy.com	HTTPS://WWW.BESTBUY.COM/SITE/BRANDS/ATARI/PCMCAT1618863381809.C?ID=PCMCAT1618863381809
ATINYBITFIT	FITBITHEALTHFITNESSPRODUCTS	bestbuy.com	HTTPS://BESTBUY.COM/SITE/BRANDS/FITBIT-HEALTH-FITNESS-PRODUCTS/PCMCAT331400050000.C?ID=PCMCAT331400050000
ATIYOC	IOTTIE	bestbuy.com	HTTPS://WWW.BESTBUY.COM/SITE/BRANDS/IOTTIE/PCMCAT1671050446175.C?ID=PCMCAT1671050446175
ATMOSFR	DOLBYVISIONDOLBYAOS	bestbuy.com	HTTPS://WWW.BESTBUY.COM/SITE/BRANDS/DOLBY-VISION-DOLBY-ATMOS/PCMCAT335700050006.C?ID=PCMCAT335700050006
ATMOZON	AMAZON	bestbuy.com	HTTPS://WWW.BESTBUY.COM/SITE/BRANDS/AMAZON/PCMCAT1521648880327.C?ID=PCMCAT1521648880327
ATOOGE	GOOGLE	bestbuy.com	HTTPS://WWW.BESTBUY.COM/SITE/BRANDS/GOOGLE/PCMCAT344500050000.C?ID=PCMCAT344500050000
ATORUYICASD	ATARI	bestbuy.com	HTTPS://WWW.BESTBUY.COM/SITE/BRANDS/ATARI/PCMCAT1618863381809.C?ID=PCMCAT1618863381809
ATREND	TRENDMICRO	bestbuy.com	HTTPS://WWW.BESTBUY.COM/SITE/BRANDS/TREND-MICRO/PCMCAT208900050008.C?ID=PCMCAT208900050008
ATRI	ATARI	bestbuy.com	HTTPS://WWW.BESTBUY.COM/SITE/BRANDS/ATARI/PCMCAT1618863381809.C?ID=PCMCAT1618863381809
ATRYANTENNAS	ANTENNASDIRECT	bestbuy.com	HTTPS://WWW.BESTBUY.COM/SITE/BRANDS/ANTENNAS-DIRECT/PCMCAT1522075554853.C?ID=PCMCAT1522075554853
ATSHARK	SHARK	bestbuy.com	HTTPS://WWW.BESTBUY.COM/SITE/BRANDS/SHARK/PCMCAT344200050025.C?ID=PCMCAT344200050025
ATTENAS	ANTENNASDIRECT	bestbuy.com	HTTPS://WWW.BESTBUY.COM/SITE/BRANDS/ANTENNAS-DIRECT/PCMCAT1522075554853.C?ID=PCMCAT1522075554853
ATYARD	YARDBIRD	bestbuy.com	HTTPS://WWW.BESTBUY.COM/SITE/BRANDS/YARDBIRD/PCMCAT1642632866940.C?ID=PCMCAT1642632866940
AUAMOZ	AMAZON	bestbuy.com	HTTPS://WWW.BESTBUY.COM/SITE/BRANDS/AMAZON/PCMCAT1521648880327.C?ID=PCMCAT1521648880327
AUDIOCONTROL	AUDIOCONTROL	bestbuy.com	HTTPS://WWW.BESTBUY.COM/SITE/BRANDS/AUDIOCONTROL/PCMCAT1491427134658.C?ID=PCMCAT1491427134658
AUDIOQUEST	AUDIOQUEST	bestbuy.com	HTTPS://WWW.BESTBUY.COM/SITE/BRANDS/AUDIOQUEST/PCMCAT1493663632909.C?ID=PCMCAT1493663632909
AUDIOTECH	AUDIOTECHNICA	bestbuy.com	HTTPS://WWW.BESTBUY.COM/SITE/BRANDS/AUDIO-TECHNICA/PCMCAT1565119243208.C?ID=PCMCAT1565119243208
AUDIOTECHNICA	AUDIOTECHNICA	bestbuy.com	HTTPS://WWW.BESTBUY.COM/SITE/BRANDS/AUDIO-TECHNICA/PCMCAT1565119243208.C?ID=PCMCAT1565119243208
AUDIOTECHNICAUS	AUDIOTECHNICA	bestbuy.com	HTTPS://WWW.BESTBUY.COM/SITE/BRANDS/AUDIO-TECHNICA/PCMCAT1565119243208.C?ID=PCMCAT1565119243208
AUESORNE	ASUS	bestbuy.com	HTTPS://WWW.BESTBUY.COM/SITE/BRANDS/ASUS/PCMCAT190000050006.C?ID=PCMCAT190000050006
AUGUST	AUGUST	bestbuy.com	HTTPS://WWW.BESTBUY.COM/SITE/BRANDS/AUGUST/PCMCAT748301718692.C?ID=PCMCAT748301718692
AUGUSTMOND	AUGUST	bestbuy.com	HTTPS://WWW.BESTBUY.COM/SITE/BRANDS/AUGUST/PCMCAT748301718692.C?ID=PCMCAT748301718692
AUKUSE	ASUS	bestbuy.com	HTTPS://WWW.BESTBUY.COM/SITE/BRANDS/ASUS/PCMCAT190000050006.C?ID=PCMCAT190000050006
AUPAVER	APPLE	bestbuy.com	HTTPS://WWW.BESTBUY.COM/SITE/BRANDS/APPLE/PCMCAT128500050005.C?ID=PCMCAT128500050005&INTL=NOSPLASH
AURUMBIRD	YARDBIRD	bestbuy.com	HTTPS://WWW.BESTBUY.COM/SITE/BRANDS/YARDBIRD/PCMCAT1642632866940.C?ID=PCMCAT1642632866940
AUSIMIET	ASUS	bestbuy.com	HTTPS://WWW.BESTBUY.COM/SITE/BRANDS/ASUS/PCMCAT190000050006.C?ID=PCMCAT190000050006
AUSOGO	ASUS	bestbuy.com	HTTPS://WWW.BESTBUY.COM/SITE/BRANDS/ASUS/PCMCAT190000050006.C
AUSSUA	ASUS	bestbuy.com	HTTPS://WWW.BESTBUY.COM/SITE/BRANDS/ASUS/PCMCAT190000050006.C?ID=PCMCAT190000050006
AUTUIONTEC	AUDIOTECHNICA	bestbuy.com	HTTPS://WWW.BESTBUY.COM/SITE/BRANDS/AUDIO-TECHNICA/PCMCAT1565119243208.C?ID=PCMCAT1565119243208
AUZNCU	ASUS	bestbuy.com	HTTPS://WWW.BESTBUY.COM/SITE/BRANDS/ASUS/PCMCAT190000050006.C?ID=PCMCAT190000050006
AWOTZON	AMAZON	bestbuy.com	HTTPS://WWW.BESTBUY.COM/SITE/BRANDS/AMAZON/PCMCAT1521648880327.C?ID=PCMCAT1521648880327
AWXZOM	AMAZON	bestbuy.com	HTTPS://WWW.BESTBUY.COM/SITE/BRANDS/AMAZON/PCMCAT1521648880327.C?ID=PCMCAT1521648880327
AXMSYUN	AMAZON	bestbuy.com	HTTPS://WWW.BESTBUY.COM/SITE/BRANDS/AMAZON/PCMCAT1521648880327.C?ID=PCMCAT1521648880327
AXUANSOR	ASUS	bestbuy.com	HTTPS://WWW.BESTBUY.COM/SITE/BRANDS/ASUS/PCMCAT190000050006.C?ID=PCMCAT190000050006
AZALON	AMAZON	bestbuy.com	HTTPS://WWW.BESTBUY.COM/SITE/BRANDS/AMAZON/PCMCAT1521648880327.C?ID=PCMCAT1521648880327
AZUN	AMAZON	bestbuy.com	HTTPS://WWW.BESTBUY.COM/SITE/BRANDS/AMAZON/PCMCAT1521648880327.C?ID=PCMCAT1521648880327
B08DQSWXXQ	8BITDO	bestbuy.com	HTTPS://WWW.BESTBUY.COM/SITE/BRANDS/8BITDO/PCMCAT1757689061742.C?ID=PCMCAT1757689061742
BABYHEALTHYSLEEP	OWLET	bestbuy.com	HTTPS://WWW.BESTBUY.COM/SITE/BRANDS/OWLET/PCMCAT1623352249605.C?ID=PCMCAT1623352249605
BACKBONE	BACKBONE	bestbuy.com	HTTPS://WWW.BESTBUY.COM/SITE/BRANDS/BACKBONE/PCMCAT1681845665996.C?ID=PCMCAT1681845665996
BAOBE	ADOBE	bestbuy.com	HTTPS://WWW.BESTBUY.COM/SITE/BRANDS/ADOBE/PCMCAT1628021550847.C?ID=PCMCAT1628021550847
BARBIE	BARBIE	bestbuy.com	HTTPS://WWW.BESTBUY.COM/SITE/BRANDS/BARBIE/PCMCAT1614975127187.C?ID=PCMCAT1614975127187
BARBIQ	BARBIE	bestbuy.com	HTTPS://WWW.BESTBUY.COM/SITE/BRANDS/BARBIE/PCMCAT1614975127187.C?ID=PCMCAT1614975127187
BARUN	BRAUN	bestbuy.com	HTTPS://WWW.BESTBUY.COM/SITE/BRANDS/BRAUN/PCMCAT222300050000.C?ID=PCMCAT222300050000
BBBBRAND	BESTBUYBRANDS	bestbuy.com	HTTPS://WWW.BESTBUY.COM/SITE/BRANDS/BEST-BUY-BRANDS/PCMCAT1596746025285.C?ID=PCMCAT1596746025285
BBBROTHERBROTHER	BROTHER	bestbuy.com	HTTPS://WWW.BESTBUY.COM/SITE/BRANDS/BROTHER/PCMCAT152600050013.C?ID=PCMCAT152600050013
BCREYEL	BREVILLE	bestbuy.com	HTTPS://WWW.BESTBUY.COM/SITE/BRANDS/BREVILLE/PCMCAT360900050008.C?ID=PCMCAT360900050008
BEATIFAUCET	BEATSHEADPHONES	bestbuy.com	HTTPS://WWW.BESTBUY.COM/SITE/BRANDS/BEATS-HEADPHONES/PCMCAT315600050036.C?ID=PCMCAT315600050036
BEATIFE	BEATSHEADPHONES	bestbuy.com	HTTPS://WWW.BESTBUY.COM/SITE/BRANDS/BEATS-HEADPHONES/PCMCAT315600050036.C?ID=PCMCAT315600050036
BEATPRICE	BEATSHEADPHONES	bestbuy.com	HTTPS://WWW.BESTBUY.COM/SITE/BRANDS/BEATS-HEADPHONES/PCMCAT315600050036.C?ID=PCMCAT315600050036
BEATS	BEATSHEADPHONES	bestbuy.com	HTTPS://WWW.BESTBUY.COM/SITE/BRANDS/BEATS-HEADPHONES/PCMCAT315600050036.C?ID=PCMCAT315600050036
BEATSBEATSBEATS	BEATSHEADPHONES	bestbuy.com	HTTPS://WWW.BESTBUY.COM/SITE/BRANDS/BEATS-HEADPHONES/PCMCAT315600050036.C?ID=PCMCAT315600050036
BEATSBYDRDRE	BEATSHEADPHONES	bestbuy.com	HTTPS://WWW.BESTBUY.COM/SITE/BRANDS/BEATS-HEADPHONES/PCMCAT315600050036.C?ID=PCMCAT315600050036
BEATSBYDRE	BEATSHEADPHONES	bestbuy.com	HTTPS://WWW.BESTBUY.COM/SITE/BRANDS/BEATS-HEADPHONES/PCMCAT315600050036.C?ID=PCMCAT315600050036
BEATSELECTRONICS	BEATSHEADPHONES	bestbuy.com	HTTPS://WWW.BESTBUY.COM/SITE/BRANDS/BEATS-HEADPHONES/PCMCAT315600050036.C?ID=PCMCAT315600050036
BEATSEPONEARHEADPHONESRED	BEATSHEADPHONES	bestbuy.com	HTTPS://WWW.BESTBUY.COM/SITE/BRANDS/BEATS-HEADPHONES/PCMCAT315600050036.C?ID=PCMCAT315600050036
BEATSX	BEATSHEADPHONES	bestbuy.com	HTTPS://WWW.BESTBUY.COM/SITE/BRANDS/BEATS-HEADPHONES/PCMCAT315600050036.C?ID=PCMCAT315600050036
BEATSXYEAR	BEATSHEADPHONES	bestbuy.com	HTTPS://WWW.BESTBUY.COM/SITE/BRANDS/BEATS-HEADPHONES/PCMCAT315600050036.C?ID=PCMCAT315600050036
BEBERLU	BREVILLE	bestbuy.com	HTTPS://WWW.BESTBUY.COM/SITE/BRANDS/BREVILLE/PCMCAT360900050008.C?ID=PCMCAT360900050008
BECDUR	BEDGEAR	bestbuy.com	HTTPS://WWW.BESTBUY.COM/SITE/BRANDS/BEDGEAR/PCMCAT1644509685121.C?ID=PCMCAT1644509685121
BECHUNLEZ	BELKIN	bestbuy.com	HTTPS://WWW.BESTBUY.COM/SITE/BRANDS/BELKIN/PCMCAT192300050018.C?ID=PCMCAT192300050018
BEDGEAR	BEDGEAR	bestbuy.com	HTTPS://WWW.BESTBUY.COM/SITE/BRANDS/BEDGEAR/PCMCAT1644509685121.C?ID=PCMCAT1644509685121
BEDJET	BEDJET	bestbuy.com	HTTPS://WWW.BESTBUY.COM/SITE/BRANDS/BEDJET/PCMCAT1728494706818.C?ID=PCMCAT1728494706818
BEDOER	BEDGEAR	bestbuy.com	HTTPS://WWW.BESTBUY.COM/SITE/BRANDS/BEDGEAR/PCMCAT1644509685121.C?ID=PCMCAT1644509685121
BEDRIPING	BEDGEAR	bestbuy.com	HTTPS://WWW.BESTBUY.COM/SITE/BRANDS/BEDGEAR/PCMCAT1644509685121.C?ID=PCMCAT1644509685121
BEELIKENEED	BELKIN	bestbuy.com	HTTPS://WWW.BESTBUY.COM/SITE/BRANDS/BELKIN/PCMCAT192300050018.C?ID=PCMCAT192300050018
BEFYGIER	FRIGIDAIRE	bestbuy.com	HTTPS://WWW.BESTBUY.COM/SITE/BRANDS/FRIGIDAIRE/PCMCAT154200050001.C?ID=PCMCAT154200050001/
BEGORGEO	BEDGEAR	bestbuy.com	HTTPS://WWW.BESTBUY.COM/SITE/BRANDS/BEDGEAR/PCMCAT1644509685121.C?ID=PCMCAT1644509685121
BEGYHZGLCF	BELKIN	bestbuy.com	HTTPS://WWW.BESTBUY.COM/SITE/BRANDS/BELKIN/PCMCAT192300050018.C?ID=PCMCAT192300050018
BEHDRE	BEDGEAR	bestbuy.com	HTTPS://WWW.BESTBUY.COM/SITE/BRANDS/BEDGEAR/PCMCAT1644509685121.C?ID=PCMCAT1644509685121
BEISSEID	BISSELL	bestbuy.com	HTTPS://WWW.BESTBUY.COM/SITE/BRANDS/BISSELL/PCMCAT142400050015.C?ID=PCMCAT142400050015
BEKALERZ	BELKIN	bestbuy.com	HTTPS://WWW.BESTBUY.COM/SITE/BRANDS/BELKIN/PCMCAT192300050018.C?ID=PCMCAT192300050018
BEKJDIOF	BELKIN	bestbuy.com	HTTPS://WWW.BESTBUY.COM/SITE/BRANDS/BELKIN/PCMCAT192300050018.C?ID=PCMCAT192300050018
BEKYONEE	BELKIN	bestbuy.com	HTTPS://WWW.BESTBUY.COM/SITE/BRANDS/BELKIN/PCMCAT192300050018.C?ID=PCMCAT192300050018
BELCKN	BELKIN	bestbuy.com	HTTPS://WWW.BESTBUY.COM/SITE/BRANDS/BELKIN/PCMCAT192300050018.C?ID=PCMCAT192300050018
BELCOSD	BELKIN	bestbuy.com	HTTPS://WWW.BESTBUY.COM/SITE/BRANDS/BELKIN/PCMCAT192300050018.C?ID=PCMCAT192300050018
BELIICC	BELKIN	bestbuy.com	HTTPS://WWW.BESTBUY.COM/SITE/BRANDS/BELKIN/PCMCAT192300050018.C?ID=PCMCAT192300050018
BELKIN	BELKIN	bestbuy.com	HTTPS://WWW.BESTBUY.COM/SITE/BRANDS/BELKIN/PCMCAT192300050018.C?ID=PCMCAT192300050018
BELKINCOMPONENTS	BELKIN	bestbuy.com	HTTPS://WWW.BESTBUY.COM/SITE/BRANDS/BELKIN/PCMCAT192300050018.C?ID=PCMCAT192300050018
BELKININTERNATIONAL	BELKIN	bestbuy.com	HTTPS://WWW.BESTBUY.COM/SITE/BRANDS/BELKIN/PCMCAT192300050018.C?ID=PCMCAT192300050018
BELKININTLINCWEMO	BELKIN	bestbuy.com	HTTPS://WWW.BESTBUY.COM/SITE/BRANDS/BELKIN/PCMCAT192300050018.C?ID=PCMCAT192300050018
BELKINMOBILE	BELKIN	bestbuy.com	HTTPS://WWW.BESTBUY.COM/SITE/BRANDS/BELKIN/PCMCAT192300050018.C?ID=PCMCAT192300050018
BELLEBEING	BELKIN	bestbuy.com	HTTPS://WWW.BESTBUY.COM/SITE/BRANDS/BELKIN/PCMCAT192300050018.C?ID=PCMCAT192300050018
BELNK	BELKIN	bestbuy.com	HTTPS://WWW.BESTBUY.COM/SITE/BRANDS/BELKIN/PCMCAT192300050018.C?ID=PCMCAT192300050018
BENPCRD	BENQ	bestbuy.com	HTTPS://WWW.BESTBUY.COM/SITE/BRANDS/BENQ/PCMCAT1530205398002.C?ID=PCMCAT1530205398002
BENQ	BENQ	bestbuy.com	HTTPS://WWW.BESTBUY.COM/SITE/BRANDS/BENQ/PCMCAT1530205398002.C?ID=PCMCAT1530205398002
BENQAMERICA	BENQ	bestbuy.com	HTTPS://WWW.BESTBUY.COM/SITE/BRANDS/BENQ/PCMCAT1530205398002.C?ID=PCMCAT1530205398002
BENQBOT	BENQ	bestbuy.com	HTTPS://WWW.BESTBUY.COM/SITE/BRANDS/BENQ/PCMCAT1530205398002.C?ID=PCMCAT1530205398002
BENQDISPLAYS	BENQ	bestbuy.com	HTTPS://WWW.BESTBUY.COM/SITE/BRANDS/BENQ/PCMCAT1530205398002.C?ID=PCMCAT1530205398002
BEOSPOAS	BOSE	bestbuy.com	HTTPS://WWW.BESTBUY.COM/SITE/BRANDS/BOSE/PCMCAT168900050013.C?ID=PCMCAT168900050013
BEQELL	BELKIN	bestbuy.com	HTTPS://WWW.BESTBUY.COM/SITE/BRANDS/BELKIN/PCMCAT192300050018.C?ID=PCMCAT192300050018
BEROLLEUS	BREVILLE	bestbuy.com	HTTPS://WWW.BESTBUY.COM/SITE/BRANDS/BREVILLE/PCMCAT360900050008.C?ID=PCMCAT360900050008
BERTRAMLUX	ELECTROLUX	bestbuy.com	HTTPS://WWW.BESTBUY.COM/SITE/BRANDS/ELECTROLUX/PCMCAT147800050004.C?ID=PCMCAT147800050004
BESELL	BISSELL	bestbuy.com	HTTPS://WWW.BESTBUY.COM/SITE/BRANDS/BISSELL/PCMCAT142400050015.C?ID=PCMCAT142400050015
BESTBRAND	BESTBUYBRANDS	bestbuy.com	HTTPS://WWW.BESTBUY.COM/SITE/BRANDS/BEST-BUY-BRANDS/PCMCAT1596746025285.C?ID=PCMCAT1596746025285
BESTBRAND	AMAZON	bestbuy.com	HTTPS://WWW.BESTBUY.COM/SITE/BRANDS/AMAZON/PCMCAT1521648880327.C?ID=PCMCAT1521648880327
BESTBUYFRAMES	DECOTVFRAMES	bestbuy.com	HTTPS://WWW.BESTBUY.COM/SITE/BRANDS/DECO-TV-FRAMES/PCMCAT1743108268890.C?ID=PCMCAT1743108268890
BESTBYAUGUST082019	AUGUST	bestbuy.com	HTTPS://WWW.BESTBUY.COM/SITE/BRANDS/AUGUST/PCMCAT748301718692.C?ID=PCMCAT748301718692
BESTFISHERS	FISHERPAYKEL	bestbuy.com	HTTPS://WWW.BESTBUY.COM/SITE/BRANDS/FISHER-PAYKEL/PCMCAT1599049579749.C?ID=PCMCAT1599049579749
BESTINFOXMAKEABETTERFORYOU	BESTBUYBRANDS	bestbuy.com	HTTPS://WWW.BESTBUY.COM/SITE/BRANDS/BEST-BUY-BRANDS/PCMCAT1596746025285.C?ID=PCMCAT1596746025285
BESTLIGHTS	PHILIPSHUE	bestbuy.com	HTTPS://WWW.BESTBUY.COM/SITE/BRANDS/PHILIPS-HUE/PCMCAT340100050007.C?ID=PCMCAT340100050007
BESTMASSAGE	THERABODY	bestbuy.com	HTTPS://WWW.BESTBUY.COM/SITE/BRANDS/THERABODY/PCMCAT1624892340172.C?ID=PCMCAT1624892340172
BESTPRICESQUARE	SQUARE	bestbuy.com	HTTPS://WWW.BESTBUY.COM/SITE/BRANDS/SQUARE/PCMCAT1671050766814.C?ID=PCMCAT1671050766814
BESTS	BEATSHEADPHONES	bestbuy.com	HTTPS://WWW.BESTBUY.COM/SITE/BRANDS/BEATS-HEADPHONES/PCMCAT315600050036.C?ID=PCMCAT315600050036
BESTSECURITY	RING	bestbuy.com	HTTPS://WWW.BESTBUY.COM/SITE/BRANDS/RING/PCMCAT748301722109.C?ID=PCMCAT748301722109
BESTSPARTSHOME	APPLE	bestbuy.com	HTTPS://WWW.BESTBUY.COM/SITE/BRANDS/APPLE/PCMCAT128500050005.C?ID=PCMCAT128500050005
BESTTOONE	ONEPLUS	bestbuy.com	HTTPS://WWW.BESTBUY.COM/SITE/BRANDS/ONEPLUS/PCMCAT1646077047045.C?ID=PCMCAT1646077047045
BESTWD	WESTERNDIGITAL	bestbuy.com	HTTPS://WWW.BESTBUY.COM/SITE/BRANDS/WESTERN-DIGITAL/PCMCAT1502482335874.C?ID=PCMCAT1502482335874
BETTS	BEATSHEADPHONES	bestbuy.com	HTTPS://WWW.BESTBUY.COM/SITE/BRANDS/BEATS-HEADPHONES/PCMCAT315600050036.C?ID=PCMCAT315600050036
BEYAS	BEATSHEADPHONES	bestbuy.com	HTTPS://WWW.BESTBUY.COM/SITE/BRANDS/BEATS-HEADPHONES/PCMCAT315600050036.C?ID=PCMCAT315600050036
BHEURIZA	BABYBREZZA	bestbuy.com	HTTPS://BESTBUY.COM/SITE/BRANDS/BABY-BREZZA/PCMCAT1623351640895.C?ID=PCMCAT1623351640895
BHPETGEAR	BEDGEAR	bestbuy.com	HTTPS://WWW.BESTBUY.COM/SITE/BRANDS/BEDGEAR/PCMCAT1644509685121.C?ID=PCMCAT1644509685121
BHSOSO	BOSE	bestbuy.com	HTTPS://WWW.BESTBUY.COM/SITE/BRANDS/BOSE/PCMCAT168900050013.C?ID=PCMCAT168900050013
BISREW	BISSELL	bestbuy.com	HTTPS://WWW.BESTBUY.COM/SITE/BRANDS/BISSELL/PCMCAT142400050015.C?ID=PCMCAT142400050015
BISSEL	BISSELL	bestbuy.com	HTTPS://WWW.BESTBUY.COM/SITE/BRANDS/BISSELL/PCMCAT142400050015.C?ID=PCMCAT142400050015
BISSELL	BISSELL	bestbuy.com	HTTPS://WWW.BESTBUY.COM/SITE/BRANDS/BISSELL/PCMCAT142400050015.C?ID=PCMCAT142400050015
BISSELLBISSELL	BISSELL	bestbuy.com	HTTPS://WWW.BESTBUY.COM/SITE/BRANDS/BISSELL/PCMCAT142400050015.C?ID=PCMCAT142400050015
BISSELLDANEDITEDBRAND	BISSELL	bestbuy.com	HTTPS://WWW.BESTBUY.COM/SITE/BRANDS/BISSELL/PCMCAT142400050015.C?ID=PCMCAT142400050015
BISSELLI	BISSELL	bestbuy.com	HTTPS://WWW.BESTBUY.COM/SITE/BRANDS/BISSELL/PCMCAT142400050015.C?ID=PCMCAT142400050015
BISSELLINTLTRADINGCOBV	BISSELL	bestbuy.com	HTTPS://WWW.BESTBUY.COM/SITE/BRANDS/BISSELL/PCMCAT142400050015.C?ID=PCMCAT142400050015
BISSELLLOCATIONB37	BISSELL	bestbuy.com	HTTPS://WWW.BESTBUY.COM/SITE/BRANDS/BISSELL/PCMCAT142400050015.C?ID=PCMCAT142400050015
BIYULFTJ	JVC	bestbuy.com	HTTPS://WWW.BESTBUY.COM/SITE/BRANDS/JVC/PCMCAT1493233437748.C?ID=PCMCAT1493233437748
BJL	JBL	bestbuy.com	HTTPS://WWW.BESTBUY.COM/SITE/BRANDS/JBL/PCMCAT292200050003.C?ID=PCMCAT292200050003
BKBELKANN	BELKIN	bestbuy.com	HTTPS://WWW.BESTBUY.COM/SITE/BRANDS/BELKIN/PCMCAT192300050018.C?ID=PCMCAT192300050018
BLACKSTONE	BLACKSTONE	bestbuy.com	HTTPS://WWW.BESTBUY.COM/SITE/BRANDS/BLACKSTONE/PCMCAT1663017669332.C?ID=PCMCAT1663017669332
BLACKSTONEPRODUCTS	BLACKSTONE	bestbuy.com	HTTPS://WWW.BESTBUY.COM/SITE/BRANDS/BLACKSTONE/PCMCAT1663017669332.C?ID=PCMCAT1663017669332
BLINKHOME	BLINK	bestbuy.com	HTTPS://WWW.BESTBUY.COM/SITE/BRANDS/BLINK/PCMCAT1655313444952.C?ID=PCMCAT1655313444952
BLINKHOMESECURITY	BLINK	bestbuy.com	HTTPS://WWW.BESTBUY.COM/SITE/BRANDS/BLINK/PCMCAT1655313444952.C?ID=PCMCAT1655313444952
BLINKMAX	BLINK	bestbuy.com	HTTPS://WWW.BESTBUY.COM/SITE/BRANDS/BLINK/PCMCAT1655313444952.C?ID=PCMCAT1655313444952
BLINKONE	BLINK	bestbuy.com	HTTPS://WWW.BESTBUY.COM/SITE/BRANDS/BLINK/PCMCAT1655313444952.C?ID=PCMCAT1655313444952
BLINKSECURITY	BLINK	bestbuy.com	HTTPS://WWW.BESTBUY.COM/SITE/BRANDS/BLINK/PCMCAT1655313444952.C?ID=PCMCAT1655313444952
BLINKY	BLINK	bestbuy.com	HTTPS://WWW.BESTBUY.COM/SITE/BRANDS/BLINK/PCMCAT1655313444952.C?ID=PCMCAT1655313444952
BLOWFLEX	BOWFLEX	bestbuy.com	HTTPS://WWW.BESTBUY.COM/SITE/BRANDS/BOWFLEX/PCMCAT1633704789828.C?ID=PCMCAT1633704789828
BLUEAIR	BLUEAIR	bestbuy.com	HTTPS://WWW.BESTBUY.COM/SITE/BRANDS/BLUEAIR/PCMCAT1688402715609.C?ID=PCMCAT1688402715609
BLUEAIR2	BLUEAIR	bestbuy.com	HTTPS://WWW.BESTBUY.COM/SITE/BRANDS/BLUEAIR/PCMCAT1688402715609.C?ID=PCMCAT1688402715609
BLVRYVIO	BREVILLE	bestbuy.com	HTTPS://WWW.BESTBUY.COM/SITE/BRANDS/BREVILLE/PCMCAT360900050008.C?ID=PCMCAT360900050008
BNLINK	BLINK	bestbuy.com	HTTPS://WWW.BESTBUY.COM/SITE/BRANDS/BLINK/PCMCAT1655313444952.C?ID=PCMCAT1655313444952
BNLINKBNLINK	BLINK	bestbuy.com	HTTPS://WWW.BESTBUY.COM/SITE/BRANDS/BLINK/PCMCAT1655313444952.C?ID=PCMCAT1655313444952
BNUTRIBULLET	NUTRIBULLET	bestbuy.com	HTTPS://WWW.BESTBUY.COM/SITE/BRANDS/NUTRIBULLET/PCMCAT1671212592532.C?ID=PCMCAT1671212592532
BNVLDYA	NVIDIA	bestbuy.com	HTTPS://WWW.BESTBUY.COM/SITE/BRANDS/NVIDIA/PCMCAT1488480099525.C?ID=PCMCAT1488480099525
BOACH	BOSCH	bestbuy.com	HTTPS://WWW.BESTBUY.COM/SITE/BRANDS/BOSCH/PCMCAT208400050010.C?ID=PCMCAT208400050010
BOCSEA	BOSCH	bestbuy.com	HTTPS://WWW.BESTBUY.COM/SITE/BRANDS/BOSCH/PCMCAT208400050010.C?ID=PCMCAT208400050010
BOESRIOY	BOSE	bestbuy.com	HTTPS://WWW.BESTBUY.COM/SITE/BRANDS/BOSE/PCMCAT168900050013.C?ID=PCMCAT168900050013
BOESYPA	BOSE	bestbuy.com	HTTPS://WWW.BESTBUY.COM/SITE/BRANDS/BOSE/PCMCAT168900050013.C?ID=PCMCAT168900050013
BOFLEX	BOWFLEX	bestbuy.com	HTTPS://WWW.BESTBUY.COM/SITE/BRANDS/BOWFLEX/PCMCAT1633704789828.C?ID=PCMCAT1633704789828
BOOSTMOBILE	BOOSTMOBILE	bestbuy.com	HTTPS://WWW.BESTBUY.COM/SITE/BRANDS/BOOST-MOBILE/PCMCAT181900050000.C?ID=PCMCAT181900050000
BOSCH	BOSCH	bestbuy.com	HTTPS://WWW.BESTBUY.COM/SITE/BRANDS/BOSCH/PCMCAT208400050010.C?ID=PCMCAT208400050010
BOSCHS	BOSCH	bestbuy.com	HTTPS://WWW.BESTBUY.COM/SITE/BRANDS/BOSCH/PCMCAT208400050010.C?ID=PCMCAT208400050010
BOSCHTRONIC	BOSCH	bestbuy.com	HTTPS://WWW.BESTBUY.COM/SITE/BRANDS/BOSCH/PCMCAT208400050010.C?ID=PCMCAT208400050010
BOSCHYOU	BOSCH	bestbuy.com	HTTPS://WWW.BESTBUY.COM/SITE/BRANDS/BOSCH/PCMCAT208400050010.C?ID=PCMCAT208400050010
BOSCOBORSE	BOSE	bestbuy.com	HTTPS://WWW.BESTBUY.COM/SITE/BRANDS/BOSE/PCMCAT168900050013.C?ID=PCMCAT168900050013
BOSCOBORSE	BOSCH	bestbuy.com	HTTPS://WWW.BESTBUY.COM/SITE/BRANDS/BOSCH/PCMCAT208400050010.C?ID=PCMCAT208400050010
BOSDIOS	BOSE	bestbuy.com	HTTPS://WWW.BESTBUY.COM/SITE/BRANDS/BOSE/PCMCAT168900050013.C?ID=PCMCAT168900050013
BOSE	BOSE	bestbuy.com	HTTPS://WWW.BESTBUY.COM/SITE/BRANDS/BOSE/PCMCAT168900050013.C?ID=PCMCAT168900050013
BOSEBOSE	BOSE	bestbuy.com	HTTPS://WWW.BESTBUY.COM/SITE/BRANDS/BOSE/PCMCAT168900050013.C?ID=PCMCAT168900050013
BOSECOSE	BOSE	bestbuy.com	HTTPS://WWW.BESTBUY.COM/SITE/BRANDS/BOSE/PCMCAT168900050013.C?ID=PCMCAT168900050013
BOSEE	BOSE	bestbuy.com	HTTPS://WWW.BESTBUY.COM/SITE/BRANDS/BOSE/PCMCAT168900050013.C?ID=PCMCAT168900050013
BOSENSE	BOSE	bestbuy.com	HTTPS://WWW.BESTBUY.COM/SITE/BRANDS/BOSE/PCMCAT168900050013.C?ID=PCMCAT168900050013
BOSH	BOSCH	bestbuy.com	HTTPS://WWW.BESTBUY.COM/SITE/BRANDS/BOSCH/PCMCAT208400050010.C?ID=PCMCAT208400050010
BOSHANB	BOSCH	bestbuy.com	HTTPS://WWW.BESTBUY.COM/SITE/BRANDS/BOSCH/PCMCAT208400050010.C?ID=PCMCAT208400050010
BOSHCHEN	BOSCH	bestbuy.com	HTTPS://WWW.BESTBUY.COM/SITE/BRANDS/BOSCH/PCMCAT208400050010.C?ID=PCMCAT208400050010
BOSOEI	BOSE	bestbuy.com	HTTPS://WWW.BESTBUY.COM/SITE/BRANDS/BOSE/PCMCAT168900050013.C?ID=PCMCAT168900050013
BOSOMFR	BOSE	bestbuy.com	HTTPS://WWW.BESTBUY.COM/SITE/BRANDS/BOSE/PCMCAT168900050013.C?ID=PCMCAT168900050013
BOSOSE	BOSE	bestbuy.com	HTTPS://WWW.BESTBUY.COM/SITE/BRANDS/BOSE/PCMCAT168900050013.C?ID=PCMCAT168900050013
BOSSVEL	BOSE	bestbuy.com	HTTPS://WWW.BESTBUY.COM/SITE/BRANDS/BOSE/PCMCAT168900050013.C?ID=PCMCAT168900050013
BOSVOFE	BOSE	bestbuy.com	HTTPS://WWW.BESTBUY.COM/SITE/BRANDS/BOSE/PCMCAT168900050013.C?ID=PCMCAT168900050013
BOSYYSTRT	BOSE	bestbuy.com	HTTPS://WWW.BESTBUY.COM/SITE/BRANDS/BOSE/PCMCAT168900050013.C?ID=PCMCAT168900050013
BOVEKER	BOWERSWILKINSBW	bestbuy.com	HTTPS://WWW.BESTBUY.COM/SITE/BRANDS/BOWERS-WILKINS-B-W/PCMCAT221600050000.C?ID=PCMCAT221600050000
BOVVFLEX	BOWFLEX	bestbuy.com	HTTPS://WWW.BESTBUY.COM/SITE/BRANDS/BOWFLEX/PCMCAT1633704789828.C?ID=PCMCAT1633704789828
BOWER	BOWERSWILKINSBW	bestbuy.com	HTTPS://WWW.BESTBUY.COM/SITE/BRANDS/BOWERS-WILKINS-B-W/PCMCAT221600050000.C?ID=PCMCAT221600050000
BOWERISH	BOWERSWILKINSBW	bestbuy.com	HTTPS://WWW.BESTBUY.COM/SITE/BRANDS/BOWERS-WILKINS-B-W/PCMCAT221600050000.C?ID=PCMCAT221600050000
BOWERKAR	BOWERSWILKINSBW	bestbuy.com	HTTPS://WWW.BESTBUY.COM/SITE/BRANDS/BOWERS-WILKINS-B-W/PCMCAT221600050000.C?ID=PCMCAT221600050000
BOWERS	BOWERSWILKINSBW	bestbuy.com	HTTPS://WWW.BESTBUY.COM/SITE/BRANDS/BOWERS-WILKINS-B-W/PCMCAT221600050000.C?ID=PCMCAT221600050000
BOWFLEX	BOWFLEX	bestbuy.com	HTTPS://WWW.BESTBUY.COM/SITE/BRANDS/BOWFLEX/PCMCAT1633704789828.C?ID=PCMCAT1633704789828
BOWFLEX840	BOWFLEX	bestbuy.com	HTTPS://WWW.BESTBUY.COM/SITE/BRANDS/BOWFLEX/PCMCAT1633704789828.C?ID=PCMCAT1633704789828
BOWFLEXQ	BOWFLEX	bestbuy.com	HTTPS://WWW.BESTBUY.COM/SITE/BRANDS/BOWFLEX/PCMCAT1633704789828.C?ID=PCMCAT1633704789828
BOWFLEXSTORE	BOWFLEX	bestbuy.com	HTTPS://WWW.BESTBUY.COM/SITE/BRANDS/BOWFLEX/PCMCAT1633704789828.C?ID=PCMCAT1633704789828
BOYASEN	BOSE	bestbuy.com	HTTPS://WWW.BESTBUY.COM/SITE/BRANDS/BOSE/PCMCAT168900050013.C?ID=PCMCAT168900050013
BOYERS	BOWERSWILKINSBW	bestbuy.com	HTTPS://WWW.BESTBUY.COM/SITE/BRANDS/BOWERS-WILKINS-B-W/PCMCAT221600050000.C?ID=PCMCAT221600050000
BOZOYYGH	BOSCH	bestbuy.com	HTTPS://WWW.BESTBUY.COM/SITE/BRANDS/BOSCH/PCMCAT208400050010.C?ID=PCMCAT208400050010
BRABTOD	BESTBUYBRANDS	bestbuy.com	HTTPS://WWW.BESTBUY.COM/SITE/BRANDS/BEST-BUY-BRANDS/PCMCAT1596746025285.C?ID=PCMCAT1596746025285
BRAND	BESTBUYBRANDS	bestbuy.com	HTTPS://WWW.BESTBUY.COM/SITE/BRANDS/BEST-BUY-BRANDS/PCMCAT1596746025285.C?ID=PCMCAT1596746025285
BRANDEDSUFUEE	BESTBUYBRANDS	bestbuy.com	HTTPS://WWW.BESTBUY.COM/SITE/BRANDS/BEST-BUY-BRANDS/PCMCAT1596746025285.C?ID=PCMCAT1596746025285
BRANDMAYVARY	BESTBUYBRANDS	bestbuy.com	HTTPS://WWW.BESTBUY.COM/SITE/BRANDS/BEST-BUY-BRANDS/PCMCAT1596746025285.C?ID=PCMCAT1596746025285
BRANDQ	BESTBUYBRANDS	bestbuy.com	HTTPS://WWW.BESTBUY.COM/SITE/BRANDS/BEST-BUY-BRANDS/PCMCAT1596746025285.C?ID=PCMCAT1596746025285
BRANDSET	BESTBUYBRANDS	bestbuy.com	HTTPS://WWW.BESTBUY.COM/SITE/BRANDS/BEST-BUY-BRANDS/PCMCAT1596746025285.C?ID=PCMCAT1596746025285
BRAUN	BRAUN	bestbuy.com	HTTPS://WWW.BESTBUY.COM/SITE/BRANDS/BRAUN/PCMCAT222300050000.C?ID=PCMCAT222300050000
BRECLAR	BREVILLE	bestbuy.com	HTTPS://WWW.BESTBUY.COM/SITE/BRANDS/BREVILLE/PCMCAT360900050008.C?ID=PCMCAT360900050008
BREHVOE	BREVILLE	bestbuy.com	HTTPS://WWW.BESTBUY.COM/SITE/BRANDS/BREVILLE/PCMCAT360900050008.C?ID=PCMCAT360900050008
BREONLY	BREVILLE	bestbuy.com	HTTPS://WWW.BESTBUY.COM/SITE/BRANDS/BREVILLE/PCMCAT360900050008.C?ID=PCMCAT360900050008
BREVILE	BREVILLE	bestbuy.com	HTTPS://WWW.BESTBUY.COM/SITE/BRANDS/BREVILLE/PCMCAT360900050008.C?ID=PCMCAT360900050008
BREVILLE	BREVILLE	bestbuy.com	HTTPS://WWW.BESTBUY.COM/SITE/BRANDS/BREVILLE/PCMCAT360900050008.C?ID=PCMCAT360900050008
BREVILLEDIRECT	BREVILLE	bestbuy.com	HTTPS://WWW.BESTBUY.COM/SITE/BRANDS/BREVILLE/PCMCAT360900050008.C?ID=PCMCAT360900050008
BREVILLELOCATIONB37	BREVILLE	bestbuy.com	HTTPS://WWW.BESTBUY.COM/SITE/BRANDS/BREVILLE/PCMCAT360900050008.C?ID=PCMCAT360900050008
BREVILLEUSA	BREVILLE	bestbuy.com	HTTPS://WWW.BESTBUY.COM/SITE/BRANDS/BREVILLE/PCMCAT360900050008.C?ID=PCMCAT360900050008
BREZEWELL	BREVILLE	bestbuy.com	HTTPS://WWW.BESTBUY.COM/SITE/BRANDS/BREVILLE/PCMCAT360900050008.C?ID=PCMCAT360900050008
BRNADLAWSONY	SONYSTORE	bestbuy.com	HTTPS://WWW.BESTBUY.COM/SITE/BRANDS/SONY-STORE/CAT15063.C?ID=CAT15063
BROAN	BROAN	bestbuy.com	HTTPS://WWW.BESTBUY.COM/SITE/BRANDS/BROAN/PCMCAT1654280601379.C?ID=PCMCAT1654280601379
BROMICHEATING	BROMICOUTDOORHEATING	bestbuy.com	HTTPS://WWW.BESTBUY.COM/SITE/BRANDS/BROMIC-OUTDOOR-HEATING/PCMCAT1664562078355.C?ID=PCMCAT1664562078355
BROTHER	BROTHER	bestbuy.com	HTTPS://WWW.BESTBUY.COM/SITE/BRANDS/BROTHER/PCMCAT152600050013.C?ID=PCMCAT152600050013
BROTHER123SHOP	BROTHER	bestbuy.com	HTTPS://WWW.BESTBUY.COM/SITE/BRANDS/BROTHER/PCMCAT152600050013.C?ID=PCMCAT152600050013
BROTHERATYOURSIDE	BROTHER	bestbuy.com	HTTPS://WWW.BESTBUY.COM/SITE/BRANDS/BROTHER/PCMCAT152600050013.C?ID=PCMCAT152600050013
BROTHERBROTHER	BROTHER	bestbuy.com	HTTPS://WWW.BESTBUY.COM/SITE/BRANDS/BROTHER/PCMCAT152600050013.C?ID=PCMCAT152600050013
BROTHERINTL	BROTHER	bestbuy.com	HTTPS://WWW.BESTBUY.COM/SITE/BRANDS/BROTHER/PCMCAT152600050013.C?ID=PCMCAT152600050013
BROTHERPRINTER	BROTHER	bestbuy.com	HTTPS://WWW.BESTBUY.COM/SITE/BRANDS/BROTHER/PCMCAT152600050013.C?ID=PCMCAT152600050013
BROTHERRESELLER	BROTHER	bestbuy.com	HTTPS://WWW.BESTBUY.COM/SITE/BRANDS/BROTHER/PCMCAT152600050013.C?ID=PCMCAT152600050013
BROTHR	BROTHER	bestbuy.com	HTTPS://WWW.BESTBUY.COM/SITE/BRANDS/BROTHER/PCMCAT152600050013.C?ID=PCMCAT152600050013
BRTHORY	BROTHER	bestbuy.com	HTTPS://WWW.BESTBUY.COM/SITE/BRANDS/BROTHER/PCMCAT152600050013.C?ID=PCMCAT152600050013
BRVAIUEN	BREVILLE	bestbuy.com	HTTPS://WWW.BESTBUY.COM/SITE/BRANDS/BREVILLE/PCMCAT360900050008.C?ID=PCMCAT360900050008
BSONEDO	SONOSSYSTEMS	bestbuy.com	HTTPS://BESTBUY.COM/SITE/BRANDS/SONOS-SYSTEMS/PCMCAT348700050016.C
BSZON	AMAZON	bestbuy.com	HTTPS://WWW.BESTBUY.COM/SITE/BRANDS/AMAZON/PCMCAT1521648880327.C?ID=PCMCAT1521648880327
BTYELITE	BIOLITE	bestbuy.com	HTTPS://WWW.BESTBUY.COM/SITE/BRANDS/BIOLITE/PCMCAT1511199685165.C?ID=PCMCAT1511199685165
BURROW	BURROW	bestbuy.com	HTTPS://WWW.BESTBUY.COM/SITE/BRANDS/BURROW/PCMCAT1667924828043.C?ID=PCMCAT1667924828043
BYRAZOR	RAZER	bestbuy.com	HTTPS://WWW.BESTBUY.COM/SITE/BRANDS/RAZER/PCMCAT1623432770200.C?ID=PCMCAT1623432770200
CADOBEE	ADOBE	bestbuy.com	HTTPS://WWW.BESTBUY.COM/SITE/BRANDS/ADOBE/PCMCAT1628021550847.C?ID=PCMCAT1628021550847
CAFEAPPLIANCES	CAFEAPPLIANCES	bestbuy.com	HTTPS://WWW.BESTBUY.COM/SITE/BRANDS/CAFE-APPLIANCES/PCMCAT1535052809504.C?ID=PCMCAT1535052809504
CAFECOLLECTION	CAFEAPPLIANCES	bestbuy.com	HTTPS://WWW.BESTBUY.COM/SITE/BRANDS/CAFE-APPLIANCES/PCMCAT1535052809504.C?ID=PCMCAT1535052809504
CAFEOL	CAFEAPPLIANCES	bestbuy.com	HTTPS://WWW.BESTBUY.COM/SITE/BRANDS/CAFE-APPLIANCES/PCMCAT1535052809504.C?ID=PCMCAT1535052809504
CAFEOVEN	CAFEAPPLIANCES	bestbuy.com	HTTPS://WWW.BESTBUY.COM/SITE/BRANDS/CAFE-APPLIANCES/PCMCAT1535052809504.C?ID=PCMCAT1535052809504
CAGON	CANON	bestbuy.com	HTTPS://WWW.BESTBUY.COM/SITE/BRANDS/CANON/PCMCAT140900050016.C?ID=PCMCAT140900050016
CAGSIG	ZAGG	bestbuy.com	HTTPS://WWW.BESTBUY.COM/SITE/BRANDS/ZAGG/PCMCAT1627051887365.C?CP=25&ID=PCMCAT1627051887365
CAIFRIGIDAIRE	FRIGIDAIRE	bestbuy.com	HTTPS://WWW.BESTBUY.COM/SITE/BRANDS/FRIGIDAIRE/PCMCAT154200050001.C?ID=PCMCAT154200050001
CAISFT	CASETIFY	bestbuy.com	HTTPS://WWW.BESTBUY.COM/SITE/BRANDS/CASETIFY/PCMCAT1693497226334.C?ID=PCMCAT1693497226334
CALINWARE	ALIENWARE	bestbuy.com	HTTPS://WWW.BESTBUY.COM/SITE/BRANDS/ALIENWARE/PCMCAT748302046693.C?ID=PCMCAT748302046693
CANON	CANON	bestbuy.com	HTTPS://WWW.BESTBUY.COM/SITE/BRANDS/CANON/PCMCAT140900050016.C?ID=PCMCAT140900050016
CANONCAMERASUS	CANON	bestbuy.com	HTTPS://WWW.BESTBUY.COM/SITE/BRANDS/CANON/PCMCAT140900050016.C?ID=PCMCAT140900050016
CANONINCTOKYOVIDEODIVISION	CANON	bestbuy.com	HTTPS://WWW.BESTBUY.COM/SITE/BRANDS/CANON/PCMCAT140900050016.C?ID=PCMCAT140900050016
CANONSTRATEGIC	CANON	bestbuy.com	HTTPS://WWW.BESTBUY.COM/SITE/BRANDS/CANON/PCMCAT140900050016.C?ID=PCMCAT140900050016
CANONUSA	CANON	bestbuy.com	HTTPS://WWW.BESTBUY.COM/SITE/BRANDS/CANON/PCMCAT140900050016.C?ID=PCMCAT140900050016
CANONUSAINCDHPSD	CANON	bestbuy.com	HTTPS://WWW.BESTBUY.COM/SITE/BRANDS/CANON/PCMCAT140900050016.C?ID=PCMCAT140900050016
CAOANTRY	CANON	bestbuy.com	HTTPS://WWW.BESTBUY.COM/SITE/BRANDS/CANON/PCMCAT140900050016.C?ID=PCMCAT140900050016
CAONI	CANON	bestbuy.com	HTTPS://WWW.BESTBUY.COM/SITE/BRANDS/CANON/PCMCAT140900050016.C?ID=PCMCAT140900050016
CAPSER	CASPER	bestbuy.com	HTTPS://WWW.BESTBUY.COM/SITE/BRANDS/CASPER/PCMCAT1647541983885.C?ID=PCMCAT1647541983885
CAREXECONOMY	CAREX	bestbuy.com	HTTPS://WWW.BESTBUY.COM/SITE/BRANDS/CAREX/PCMCAT1660076534277.C?ID=PCMCAT1660076534277
CAREXHEALTH	CAREX	bestbuy.com	HTTPS://WWW.BESTBUY.COM/SITE/BRANDS/CAREX/PCMCAT1660076534277.C?ID=PCMCAT1660076534277
CAREXHEALTHCARE	CAREX	bestbuy.com	HTTPS://WWW.BESTBUY.COM/SITE/BRANDS/CAREX/PCMCAT1660076534277.C?ID=PCMCAT1660076534277
CASAPRE	CASPER	bestbuy.com	HTTPS://WWW.BESTBUY.COM/SITE/BRANDS/CASPER/PCMCAT1647541983885.C?ID=PCMCAT1647541983885
CASAPUR	CASPER	bestbuy.com	HTTPS://WWW.BESTBUY.COM/SITE/BRANDS/CASPER/PCMCAT1647541983885.C?ID=PCMCAT1647541983885
CASCIENTIFICPREMIERE	CASETIFY	bestbuy.com	HTTPS://WWW.BESTBUY.COM/SITE/BRANDS/CASETIFY/PCMCAT1693497226334.C?ID=PCMCAT1693497226334
CASEMATE	CASEMATE	bestbuy.com	HTTPS://WWW.BESTBUY.COM/SITE/BRANDS/CASE-MATE/PCMCAT1747330889355.C?ID=PCMCAT1747330889355
CASEMATEWM675XBC6SHEETCROSSCUTW	CASEMATE	bestbuy.com	HTTPS://WWW.BESTBUY.COM/SITE/BRANDS/CASE-MATE/PCMCAT1747330889355.C?ID=PCMCAT1747330889355
CASEOET	CASETIFY	bestbuy.com	HTTPS://WWW.BESTBUY.COM/SITE/BRANDS/CASETIFY/PCMCAT1693497226334.C?ID=PCMCAT1693497226334
CASEOKAY	CASETIFY	bestbuy.com	HTTPS://WWW.BESTBUY.COM/SITE/BRANDS/CASETIFY/PCMCAT1693497226334.C?ID=PCMCAT1693497226334
CASETIFY	CASETIFY	bestbuy.com	HTTPS://WWW.BESTBUY.COM/SITE/BRANDS/CASETIFY/PCMCAT1693497226334.C?ID=PCMCAT1693497226334
CASFELREN	CASPER	bestbuy.com	HTTPS://WWW.BESTBUY.COM/SITE/BRANDS/CASPER/PCMCAT1647541983885.C?ID=PCMCAT1647541983885
CASIIIGUARD	CASETIFY	bestbuy.com	HTTPS://WWW.BESTBUY.COM/SITE/BRANDS/CASETIFY/PCMCAT1693497226334.C?ID=PCMCAT1693497226334
CASINTERES	CASETIFY	bestbuy.com	HTTPS://WWW.BESTBUY.COM/SITE/BRANDS/CASETIFY/PCMCAT1693497226334.C?ID=PCMCAT1693497226334
CASPER	CASPER	bestbuy.com	HTTPS://WWW.BESTBUY.COM/SITE/BRANDS/CASPER/PCMCAT1647541983885.C?ID=PCMCAT1647541983885
CASPERSLEEP	CASPER	bestbuy.com	HTTPS://WWW.BESTBUY.COM/SITE/BRANDS/CASPER/PCMCAT1647541983885.C?ID=PCMCAT1647541983885
CASPRIDE	CASPER	bestbuy.com	HTTPS://WWW.BESTBUY.COM/SITE/BRANDS/CASPER/PCMCAT1647541983885.C?ID=PCMCAT1647541983885
CASUFAY	CASETIFY	bestbuy.com	HTTPS://WWW.BESTBUY.COM/SITE/BRANDS/CASETIFY/PCMCAT1693497226334.C?ID=PCMCAT1693497226334
CASYTOMER	CASETIFY	bestbuy.com	HTTPS://WWW.BESTBUY.COM/SITE/BRANDS/CASETIFY/PCMCAT1693497226334.C?ID=PCMCAT1693497226334
CAUZAMARE	CORSAIR	bestbuy.com	HTTPS://WWW.BESTBUY.COM/SITE/BRANDS/CORSAIR/PCMCAT214100050013.C?ID=PCMCAT214100050013
CAXSRFKY	CASETIFY	bestbuy.com	HTTPS://WWW.BESTBUY.COM/SITE/BRANDS/CASETIFY/PCMCAT1693497226334.C?ID=PCMCAT1693497226334
CAZIWHAVE	CASETIFY	bestbuy.com	HTTPS://WWW.BESTBUY.COM/SITE/BRANDS/CASETIFY/PCMCAT1693497226334.C?ID=PCMCAT1693497226334
CBYLWK	KLIPSCH	bestbuy.com	HTTPS://WWW.BESTBUY.COM/SITE/BRANDS/KLIPSCH/PCMCAT165900050004.C?ID=PCMCAT165900050004
CCLOKXVE	CLX	bestbuy.com	HTTPS://WWW.BESTBUY.COM/SITE/BRANDS/CLX/PCMCAT1726862702455.C?ID=PCMCAT1726862702455
CCUISINEL	CUISINART	bestbuy.com	HTTPS://WWW.BESTBUY.COM/SITE/BRANDS/CUISINART/PCMCAT373900050004.C?ID=PCMCAT373900050004
CCUT	CRICUTPRODUCTS	bestbuy.com	HTTPS://WWW.BESTBUY.COM/SITE/BRANDS/CRICUT-PRODUCTS/PCMCAT1588785979665.C?ID=PCMCAT1588785979665
CENN	CANON	bestbuy.com	HTTPS://WWW.BESTBUY.COM/SITE/BRANDS/CANON/PCMCAT140900050016.C?ID=PCMCAT140900050016
CEOSINER	CORSAIR	bestbuy.com	HTTPS://WWW.BESTBUY.COM/SITE/BRANDS/CORSAIR/PCMCAT214100050013.C?ID=PCMCAT214100050013
CEOSINER	CUISINART	bestbuy.com	HTTPS://WWW.BESTBUY.COM/SITE/BRANDS/CUISINART/PCMCAT373900050004.C?ID=PCMCAT373900050004
CHARBOIL	CHARBROIL	bestbuy.com	HTTPS://WWW.BESTBUY.COM/SITE/BRANDS/CHARBROIL/PCMCAT1634048100892.C?ID=PCMCAT1634048100892
CHARBROIL	CHARBROIL	bestbuy.com	HTTPS://WWW.BESTBUY.COM/SITE/BRANDS/CHARBROIL/PCMCAT1634048100892.C?ID=PCMCAT1634048100892
CHARBROILSTANDARDPORTABLELIQUID	CHARBROIL	bestbuy.com	HTTPS://WWW.BESTBUY.COM/SITE/BRANDS/CHARBROIL/PCMCAT1634048100892.C?ID=PCMCAT1634048100892
CHARBROILSTORE	CHARBROIL	bestbuy.com	HTTPS://WWW.BESTBUY.COM/SITE/BRANDS/CHARBROIL/PCMCAT1634048100892.C?ID=PCMCAT1634048100892
CHEFMAN	CHEFMAN	bestbuy.com	HTTPS://WWW.BESTBUY.COM/SITE/BRANDS/CHEFMAN/PCMCAT1670966055740.C?ID=PCMCAT1670966055740
CHEFMANSTORE	CHEFMAN	bestbuy.com	HTTPS://WWW.BESTBUY.COM/SITE/BRANDS/CHEFMAN/PCMCAT1670966055740.C?ID=PCMCAT1670966055740
CHEFSMA	CHEFMAN	bestbuy.com	HTTPS://WWW.BESTBUY.COM/SITE/BRANDS/CHEFMAN/PCMCAT1670966055740.C?ID=PCMCAT1670966055740
CHIEF	CHIEF	bestbuy.com	HTTPS://WWW.BESTBUY.COM/SITE/BRANDS/CHIEF/PCMCAT137700050018.C?ID=PCMCAT137700050018
CHIEFINCH	CHIEF	bestbuy.com	HTTPS://WWW.BESTBUY.COM/SITE/BRANDS/CHIEF/PCMCAT137700050018.C?ID=PCMCAT137700050018
CHONEER	CONAIR	bestbuy.com	HTTPS://WWW.BESTBUY.COM/SITE/BRANDS/CONAIR/PCMCAT748302046694.C?ID=PCMCAT748302046694
CHONEOWELL	HONEYWELL	bestbuy.com	HTTPS://WWW.BESTBUY.COM/SITE/BRANDS/HONEYWELL/PCMCAT748302046190.C?ID=PCMCAT748302046190
CHQIFE	CHIEF	bestbuy.com	HTTPS://WWW.BESTBUY.COM/SITE/BRANDS/CHIEF/PCMCAT137700050018.C?ID=PCMCAT137700050018
CHTWMD	WESTERNDIGITAL	bestbuy.com	HTTPS://WWW.BESTBUY.COM/SITE/BRANDS/WESTERN-DIGITAL/PCMCAT1502482335874.C?ID=PCMCAT1502482335874
CINYIUZE	CUISINART	bestbuy.com	HTTPS://WWW.BESTBUY.COM/SITE/BRANDS/CUISINART/PCMCAT373900050004.C?ID=PCMCAT373900050004
CIRCUTEER	CRICUTPRODUCTS	bestbuy.com	HTTPS://WWW.BESTBUY.COM/SITE/BRANDS/CRICUT-PRODUCTS/PCMCAT1588785979665.C?ID=PCMCAT1588785979665
CKUFEG	KEURIG	bestbuy.com	HTTPS://WWW.BESTBUY.COM/SITE/BRANDS/KEURIG/PCMCAT338300050016.C?ID=PCMCAT338300050016
CLEARSTREAM	ANTENNASDIRECT	bestbuy.com	HTTPS://WWW.BESTBUY.COM/SITE/BRANDS/ANTENNAS-DIRECT/PCMCAT1522075554853.C?ID=PCMCAT1522075554853
CLICK	CLICKS	bestbuy.com	HTTPS://WWW.BESTBUY.COM/SITE/BRANDS/CLICKS/PCMCAT1717696315532.C?ID=PCMCAT1717696315532
CLICKADD	CLICKS	bestbuy.com	HTTPS://WWW.BESTBUY.COM/SITE/BRANDS/CLICKS/PCMCAT1717696315532.C?ID=PCMCAT1717696315532
CLICKAFLICK	CLICKS	bestbuy.com	HTTPS://WWW.BESTBUY.COM/SITE/BRANDS/CLICKS/PCMCAT1717696315532.C?ID=PCMCAT1717696315532
CLICKN	CLICKS	bestbuy.com	HTTPS://WWW.BESTBUY.COM/SITE/BRANDS/CLICKS/PCMCAT1717696315532.C?ID=PCMCAT1717696315532
CLICKS	CLICKS	bestbuy.com	HTTPS://WWW.BESTBUY.COM/SITE/BRANDS/CLICKS/PCMCAT1717696315532.C?ID=PCMCAT1717696315532
CLICKSDEPOT	CLICKS	bestbuy.com	HTTPS://WWW.BESTBUY.COM/SITE/BRANDS/CLICKS/PCMCAT1717696315532.C?ID=PCMCAT1717696315532
CLICKWELL	CLICKS	bestbuy.com	HTTPS://WWW.BESTBUY.COM/SITE/BRANDS/CLICKS/PCMCAT1717696315532.C?ID=PCMCAT1717696315532
CLICKWOO	CLICKS	bestbuy.com	HTTPS://WWW.BESTBUY.COM/SITE/BRANDS/CLICKS/PCMCAT1717696315532.C?ID=PCMCAT1717696315532
CLICLED	CLICKS	bestbuy.com	HTTPS://WWW.BESTBUY.COM/SITE/BRANDS/CLICKS/PCMCAT1717696315532.C?ID=PCMCAT1717696315532
CLICZ	CLICKS	bestbuy.com	HTTPS://WWW.BESTBUY.COM/SITE/BRANDS/CLICKS/PCMCAT1717696315532.C?ID=PCMCAT1717696315532
CLIEK	CLICKS	bestbuy.com	HTTPS://WWW.BESTBUY.COM/SITE/BRANDS/CLICKS/PCMCAT1717696315532.C?ID=PCMCAT1717696315532
CLISTOFER	KLIPSCH	bestbuy.com	HTTPS://WWW.BESTBUY.COM/SITE/BRANDS/KLIPSCH/PCMCAT165900050004.C?ID=PCMCAT165900050004
CLJCTPCWX	CLX	bestbuy.com	HTTPS://WWW.BESTBUY.COM/SITE/BRANDS/CLX/PCMCAT1726862702455.C?ID=PCMCAT1726862702455
CLX	CLX	bestbuy.com	HTTPS://WWW.BESTBUY.COM/SITE/BRANDS/CLX/PCMCAT1726862702455.C?ID=PCMCAT1726862702455
CLZLLXTDG	CLX	bestbuy.com	HTTPS://WWW.BESTBUY.COM/SITE/BRANDS/CLX/PCMCAT1726862702455.C?ID=PCMCAT1726862702455
COARIR	CORSAIR	bestbuy.com	HTTPS://WWW.BESTBUY.COM/SITE/BRANDS/CORSAIR/PCMCAT214100050013.C?ID=PCMCAT214100050013
COHPWU	WHOOP	bestbuy.com	HTTPS://WWW.BESTBUY.COM/SITE/BRANDS/WHOOP/PCMCAT1698680354842.C?ID=PCMCAT1698680354842
COJERK	KEURIG	bestbuy.com	HTTPS://WWW.BESTBUY.COM/SITE/BRANDS/KEURIG/PCMCAT338300050016.C?ID=PCMCAT338300050016
CONAIR	CONAIR	bestbuy.com	HTTPS://WWW.BESTBUY.COM/SITE/BRANDS/CONAIR/PCMCAT748302046694.C?ID=PCMCAT748302046694
CONAIRCOMFORT	CONAIR	bestbuy.com	HTTPS://WWW.BESTBUY.COM/SITE/BRANDS/CONAIR/PCMCAT748302046694.C?ID=PCMCAT748302046694
CONAIRCONAIR	CONAIR	bestbuy.com	HTTPS://WWW.BESTBUY.COM/SITE/BRANDS/CONAIR/PCMCAT748302046694.C?ID=PCMCAT748302046694
CONAIRMINIPROFOLDINGHANDLETOURMA	CONAIR	bestbuy.com	HTTPS://WWW.BESTBUY.COM/SITE/BRANDS/CONAIR/PCMCAT748302046694.C?ID=PCMCAT748302046694
CONAIRPERSONALCARE	CONAIR	bestbuy.com	HTTPS://WWW.BESTBUY.COM/SITE/BRANDS/CONAIR/PCMCAT748302046694.C?ID=PCMCAT748302046694
CONAIRPROFESSIONAL	CONAIR	bestbuy.com	HTTPS://WWW.BESTBUY.COM/SITE/BRANDS/CONAIR/PCMCAT748302046694.C?ID=PCMCAT748302046694
CONAIRWARINGPRO	CONAIR	bestbuy.com	HTTPS://WWW.BESTBUY.COM/SITE/BRANDS/CONAIR/PCMCAT748302046694.C?ID=PCMCAT748302046694
CONANATURE	CONAIR	bestbuy.com	HTTPS://WWW.BESTBUY.COM/SITE/BRANDS/CONAIR/PCMCAT748302046694.C?ID=PCMCAT748302046694
CONERIFE	CONAIR	bestbuy.com	HTTPS://WWW.BESTBUY.COM/SITE/BRANDS/CONAIR/PCMCAT748302046694.C?ID=PCMCAT748302046694
CONNERYSEANGERE	CONAIR	bestbuy.com	HTTPS://WWW.BESTBUY.COM/SITE/BRANDS/CONAIR/PCMCAT748302046694.C?ID=PCMCAT748302046694
CONTROLBRANDS	AUDIOCONTROL	bestbuy.com	HTTPS://WWW.BESTBUY.COM/SITE/BRANDS/AUDIOCONTROL/PCMCAT1491427134658.C?ID=PCMCAT1491427134658
COOCLE	GOOGLE	bestbuy.com	HTTPS://WWW.BESTBUY.COM/SITE/BRANDS/GOOGLE/PCMCAT344500050000.C?ID=PCMCAT344500050000
COOKIDEA	KITCHENAID	bestbuy.com	HTTPS://WWW.BESTBUY.COM/SITE/BRANDS/KITCHENAID/PCMCAT318300050003.C?ID=PCMCAT318300050003/
COOLGEL	GOOGLE	bestbuy.com	HTTPS://WWW.BESTBUY.COM/SITE/BRANDS/GOOGLE/PCMCAT344500050000.C?ID=PCMCAT344500050000
COOSOAR	CORSAIR	bestbuy.com	HTTPS://WWW.BESTBUY.COM/SITE/BRANDS/CORSAIR/PCMCAT214100050013.C?ID=PCMCAT214100050013
COOYOKIT	COYOTE	bestbuy.com	HTTPS://WWW.BESTBUY.COM/SITE/BRANDS/COYOTE/PCMCAT1658953313074.C?ID=PCMCAT1658953313074
CORASAYS	CORSAIR	bestbuy.com	HTTPS://WWW.BESTBUY.COM/SITE/BRANDS/CORSAIR/PCMCAT214100050013.C?ID=PCMCAT214100050013
COREEL	COREL	bestbuy.com	HTTPS://WWW.BESTBUY.COM/SITE/BRANDS/COREL/PCMCAT212100050006.C?ID=PCMCAT212100050006
COREL	COREL	bestbuy.com	HTTPS://WWW.BESTBUY.COM/SITE/BRANDS/COREL/PCMCAT212100050006.C?ID=PCMCAT212100050006
CORELDRAW	COREL	bestbuy.com	HTTPS://WWW.BESTBUY.COM/SITE/BRANDS/COREL/PCMCAT212100050006.C?ID=PCMCAT212100050006
CORELL	COREL	bestbuy.com	HTTPS://WWW.BESTBUY.COM/SITE/BRANDS/COREL/PCMCAT212100050006.C?ID=PCMCAT212100050006
CORELLIMG	COREL	bestbuy.com	HTTPS://WWW.BESTBUY.COM/SITE/BRANDS/COREL/PCMCAT212100050006.C?ID=PCMCAT212100050006
CORSAIR	CORSAIR	bestbuy.com	HTTPS://WWW.BESTBUY.COM/SITE/BRANDS/CORSAIR/PCMCAT214100050013.C?ID=PCMCAT214100050013
CORSAIRSEEMGR	CORSAIR	bestbuy.com	HTTPS://WWW.BESTBUY.COM/SITE/BRANDS/CORSAIR/PCMCAT214100050013.C?ID=PCMCAT214100050013
COSIRULNTA	CORSAIR	bestbuy.com	HTTPS://WWW.BESTBUY.COM/SITE/BRANDS/CORSAIR/PCMCAT214100050013.C?ID=PCMCAT214100050013
COUNTERTOPCAFE	CAFEAPPLIANCES	bestbuy.com	HTTPS://WWW.BESTBUY.COM/SITE/BRANDS/CAFE-APPLIANCES/PCMCAT1535052809504.C?ID=PCMCAT1535052809504
COXEDAFI	CASETIFY	bestbuy.com	HTTPS://WWW.BESTBUY.COM/SITE/BRANDS/CASETIFY/PCMCAT1693497226334.C?ID=PCMCAT1693497226334
COYEITO	COYOTE	bestbuy.com	HTTPS://WWW.BESTBUY.COM/SITE/BRANDS/COYOTE/PCMCAT1658953313074.C?ID=PCMCAT1658953313074
COYOTE	COYOTE	bestbuy.com	HTTPS://WWW.BESTBUY.COM/SITE/BRANDS/COYOTE/PCMCAT1658953313074.C?ID=PCMCAT1658953313074
COYUGER	KEURIG	bestbuy.com	HTTPS://WWW.BESTBUY.COM/SITE/BRANDS/KEURIG/PCMCAT338300050016.C?ID=PCMCAT338300050016
CQIER	KEURIG	bestbuy.com	HTTPS://WWW.BESTBUY.COM/SITE/BRANDS/KEURIG/PCMCAT338300050016.C?ID=PCMCAT338300050016
CQLISHUO	CLX	bestbuy.com	HTTPS://WWW.BESTBUY.COM/SITE/BRANDS/CLX/PCMCAT1726862702455.C?ID=PCMCAT1726862702455
CRCRYBL	CRICUTPRODUCTS	bestbuy.com	HTTPS://WWW.BESTBUY.COM/SITE/BRANDS/CRICUT-PRODUCTS/PCMCAT1588785979665.C?ID=PCMCAT1588785979665
CRICETUL	CRICUTPRODUCTS	bestbuy.com	HTTPS://WWW.BESTBUY.COM/SITE/BRANDS/CRICUT-PRODUCTS/PCMCAT1588785979665.C?ID=PCMCAT1588785979665
CRICKETWIRELESS	CRICKETWIRELESS	bestbuy.com	HTTPS://WWW.BESTBUY.COM/SITE/BRANDS/CRICKET-WIRELESS/PCMCAT748302045835.C?ID=PCMCAT748302045835
CRICUT	CRICUTPRODUCTS	bestbuy.com	HTTPS://WWW.BESTBUY.COM/SITE/BRANDS/CRICUT-PRODUCTS/PCMCAT1588785979665.C?ID=PCMCAT1588785979665
CROCKPOT	CROCKPOT	bestbuy.com	HTTPS://WWW.BESTBUY.COM/SITE/BRANDS/CROCK-POT/PCMCAT748300506896.C?ID=PCMCAT748300506896
CRUCIAL	CRUCIALSSD	bestbuy.com	HTTPS://WWW.BESTBUY.COM/SITE/BRANDS/CRUCIAL-SSD/PCMCAT1621454970584.C?ID=PCMCAT1621454970584
CRUCIALBYMICRONDRAM	CRUCIALSSD	bestbuy.com	HTTPS://WWW.BESTBUY.COM/SITE/BRANDS/CRUCIAL-SSD/PCMCAT1621454970584.C?ID=PCMCAT1621454970584
CRUCIALTREATS	CRUCIALSSD	bestbuy.com	HTTPS://WWW.BESTBUY.COM/SITE/BRANDS/CRUCIAL-SSD/PCMCAT1621454970584.C?ID=PCMCAT1621454970584
CSSIRR	CORSAIR	bestbuy.com	HTTPS://WWW.BESTBUY.COM/SITE/BRANDS/CORSAIR/PCMCAT214100050013.C?ID=PCMCAT214100050013
CTHTESY	CASETIFY	bestbuy.com	HTTPS://WWW.BESTBUY.COM/SITE/BRANDS/CASETIFY/PCMCAT1693497226334.C?ID=PCMCAT1693497226334
CUALORK	KEURIG	bestbuy.com	HTTPS://WWW.BESTBUY.COM/SITE/BRANDS/KEURIG/PCMCAT338300050016.C?ID=PCMCAT338300050016
CUERODHK	KEURIG	bestbuy.com	HTTPS://WWW.BESTBUY.COM/SITE/BRANDS/KEURIG/PCMCAT338300050016.C?ID=PCMCAT338300050016/
CUIBILYER	CUISINART	bestbuy.com	HTTPS://WWW.BESTBUY.COM/SITE/BRANDS/CUISINART/PCMCAT373900050004.C?ID=PCMCAT373900050004
CUISINART	CUISINART	bestbuy.com	HTTPS://WWW.BESTBUY.COM/SITE/BRANDS/CUISINART/PCMCAT373900050004.C?ID=PCMCAT373900050004
CUISINARTCUIT8	CUISINART	bestbuy.com	HTTPS://WWW.BESTBUY.COM/SITE/BRANDS/CUISINART/PCMCAT373900050004.C?ID=PCMCAT373900050004
CUISINARTKITCHENELECTRICS	CUISINART	bestbuy.com	HTTPS://WWW.BESTBUY.COM/SITE/BRANDS/CUISINART/PCMCAT373900050004.C?ID=PCMCAT373900050004
CUISINARTOXOLUXDECOR	CUISINART	bestbuy.com	HTTPS://WWW.BESTBUY.COM/SITE/BRANDS/CUISINART/PCMCAT373900050004.C?ID=PCMCAT373900050004
CUISINARTSCORP	CUISINART	bestbuy.com	HTTPS://WWW.BESTBUY.COM/SITE/BRANDS/CUISINART/PCMCAT373900050004.C?ID=PCMCAT373900050004
CUISINARTSTORE	CUISINART	bestbuy.com	HTTPS://WWW.BESTBUY.COM/SITE/BRANDS/CUISINART/PCMCAT373900050004.C?ID=PCMCAT373900050004
CUISINEART	CUISINART	bestbuy.com	HTTPS://WWW.BESTBUY.COM/SITE/BRANDS/CUISINART/PCMCAT373900050004.C?ID=PCMCAT373900050004
CUISINER	CUISINART	bestbuy.com	HTTPS://WWW.BESTBUY.COM/SITE/BRANDS/CUISINART/PCMCAT373900050004.C?ID=PCMCAT373900050004
CUISINSTAR	CUISINART	bestbuy.com	HTTPS://WWW.BESTBUY.COM/SITE/BRANDS/CUISINART/PCMCAT373900050004.C?ID=PCMCAT373900050004
CUISNART	CUISINART	bestbuy.com	HTTPS://WWW.BESTBUY.COM/SITE/BRANDS/CUISINART/PCMCAT373900050004.C?ID=PCMCAT373900050004
CUIZINETTE	CUISINART	bestbuy.com	HTTPS://WWW.BESTBUY.COM/SITE/BRANDS/CUISINART/PCMCAT373900050004.C?ID=PCMCAT373900050004
CUSFIRST	CUISINART	bestbuy.com	HTTPS://WWW.BESTBUY.COM/SITE/BRANDS/CUISINART/PCMCAT373900050004.C?ID=PCMCAT373900050004
CUSINAD	CUISINART	bestbuy.com	HTTPS://WWW.BESTBUY.COM/SITE/BRANDS/CUISINART/PCMCAT373900050004.C?ID=PCMCAT373900050004
CUSNESTAL	CUISINART	bestbuy.com	HTTPS://WWW.BESTBUY.COM/SITE/BRANDS/CUISINART/PCMCAT373900050004.C?ID=PCMCAT373900050004
CUUONTRIE	CUISINART	bestbuy.com	HTTPS://WWW.BESTBUY.COM/SITE/BRANDS/CUISINART/PCMCAT373900050004.C?ID=PCMCAT373900050004
CUYATRY	CUISINART	bestbuy.com	HTTPS://WWW.BESTBUY.COM/SITE/BRANDS/CUISINART/PCMCAT373900050004.C?ID=PCMCAT373900050004
CVJBE	JVC	bestbuy.com	HTTPS://WWW.BESTBUY.COM/SITE/BRANDS/JVC/PCMCAT1493233437748.C?ID=PCMCAT1493233437748
CXCOOLXUAN	CLX	bestbuy.com	HTTPS://WWW.BESTBUY.COM/SITE/BRANDS/CLX/PCMCAT1726862702455.C?ID=PCMCAT1726862702455
CXFRPU	CLX	bestbuy.com	HTTPS://WWW.BESTBUY.COM/SITE/BRANDS/CLX/PCMCAT1726862702455.C?ID=PCMCAT1726862702455
CXLWZ	CLX	bestbuy.com	HTTPS://WWW.BESTBUY.COM/SITE/BRANDS/CLX/PCMCAT1726862702455.C?ID=PCMCAT1726862702455
CYBERPOWER	CYBERPOWERPC	bestbuy.com	HTTPS://WWW.BESTBUY.COM/SITE/BRANDS/CYBERPOWERPC/PCMCAT1595538532470.C?ID=PCMCAT1595538532470
CYBERPOWERPC	CYBERPOWERPC	bestbuy.com	HTTPS://WWW.BESTBUY.COM/SITE/BRANDS/CYBERPOWERPC/PCMCAT1595538532470.C?ID=PCMCAT1595538532470
CYBERPOWERSYSTEMS	CYBERPOWERPC	bestbuy.com	HTTPS://WWW.BESTBUY.COM/SITE/BRANDS/CYBERPOWERPC/PCMCAT1595538532470.C?ID=PCMCAT1595538532470
CYBERPOWERSYSTEMSUSA	CYBERPOWERPC	bestbuy.com	HTTPS://WWW.BESTBUY.COM/SITE/BRANDS/CYBERPOWERPC/PCMCAT1595538532470.C?ID=PCMCAT1595538532470
CYPERIE	HYPERICE	bestbuy.com	HTTPS://WWW.BESTBUY.COM/SITE/BRANDS/HYPERICE/PCMCAT1623352362240.C?ID=PCMCAT1623352362240
DACOR	DACOR	bestbuy.com	HTTPS://WWW.BESTBUY.COM/SITE/BRANDS/DACOR/PCMCAT1566404657478.C?ID=PCMCAT1566404657478
DACORMEG	DACOR	bestbuy.com	HTTPS://WWW.BESTBUY.COM/SITE/BRANDS/DACOR/PCMCAT1566404657478.C?ID=PCMCAT1566404657478
DAHENGDRONETECHNOLOGY	DJI	bestbuy.com	HTTPS://WWW.BESTBUY.COM/SITE/BRANDS/DJI/PCMCAT748300478578.C?ID=PCMCAT748300478578
DANTONNA	ANTENNASDIRECT	bestbuy.com	HTTPS://WWW.BESTBUY.COM/SITE/BRANDS/ANTENNAS-DIRECT/PCMCAT1522075554853.C?ID=PCMCAT1522075554853
DASKEYBOARD	HIGROUND	bestbuy.com	HTTPS://WWW.BESTBUY.COM/SITE/BRANDS/HIGROUND/PCMCAT1720542519548.C?ID=PCMCAT1720542519548
DAUXONE	DYSON	bestbuy.com	HTTPS://WWW.BESTBUY.COM/SITE/BRANDS/DYSON/PCMCAT162500050026.C?ID=PCMCAT162500050026
DAYSEN	DYSON	bestbuy.com	HTTPS://WWW.BESTBUY.COM/SITE/BRANDS/DYSON/PCMCAT162500050026.C?ID=PCMCAT162500050026
DCIUYIUG	DLINK	bestbuy.com	HTTPS://WWW.BESTBUY.COM/SITE/BRANDS/D-LINK/PCMCAT136200050016.C?ID=PCMCAT136200050016
DCLICK	CLICKS	bestbuy.com	HTTPS://WWW.BESTBUY.COM/SITE/BRANDS/CLICKS/PCMCAT1717696315532.C?ID=PCMCAT1717696315532
DEALONGHI	DELONGHI	bestbuy.com	HTTPS://WWW.BESTBUY.COM/SITE/BRANDS/DELONGHI/PCMCAT748302046321.C?ID=PCMCAT748302046321
DECOTVFRAMES	DECOTVFRAMES	bestbuy.com	HTTPS://WWW.BESTBUY.COM/SITE/BRANDS/DECO-TV-FRAMES/PCMCAT1743108268890.C?ID=PCMCAT1743108268890
DEFINATIVETECHNOLOGY	DEFINITIVETECHNOLOGY	bestbuy.com	HTTPS://WWW.BESTBUY.COM/SITE/BRANDS/DEFINITIVE-TECHNOLOGY/PCMCAT748300909060.C?ID=PCMCAT748300909060
DEFINITIVE	DEFINITIVETECHNOLOGY	bestbuy.com	HTTPS://WWW.BESTBUY.COM/SITE/BRANDS/DEFINITIVE-TECHNOLOGY/PCMCAT748300909060.C?ID=PCMCAT748300909060
DEFINITIVETECHNOLOGY	DEFINITIVETECHNOLOGY	bestbuy.com	HTTPS://WWW.BESTBUY.COM/SITE/BRANDS/DEFINITIVE-TECHNOLOGY/PCMCAT748300909060.C?ID=PCMCAT748300909060
DEL	DELL	bestbuy.com	HTTPS://WWW.BESTBUY.COM/SITE/BRANDS/DELL/PCMCAT140500050010.C?ID=PCMCAT140500050010
DELANSHI	DELONGHI	bestbuy.com	HTTPS://WWW.BESTBUY.COM/SITE/BRANDS/DELONGHI/PCMCAT748302046321.C?ID=PCMCAT748302046321
DELER	DELL	bestbuy.com	HTTPS://WWW.BESTBUY.COM/SITE/BRANDS/DELL/PCMCAT140500050010.C?ID=PCMCAT140500050010
DELINGHI	DELONGHI	bestbuy.com	HTTPS://WWW.BESTBUY.COM/SITE/BRANDS/DELONGHI/PCMCAT748302046321.C?ID=PCMCAT748302046321
DELKPRODUCTS	DELL	bestbuy.com	HTTPS://WWW.BESTBUY.COM/SITE/BRANDS/DELL/PCMCAT140500050010.C?ID=PCMCAT140500050010
DELL	DELL	bestbuy.com	HTTPS://WWW.BESTBUY.COM/SITE/BRANDS/DELL/PCMCAT140500050010.C?ID=PCMCAT140500050010
DELLA	DELL	bestbuy.com	HTTPS://WWW.BESTBUY.COM/SITE/BRANDS/DELL/PCMCAT140500050010.C?ID=PCMCAT140500050010
DELLBELA	DELL	bestbuy.com	HTTPS://WWW.BESTBUY.COM/SITE/BRANDS/DELL/PCMCAT140500050010.C?ID=PCMCAT140500050010
DELLCOMPUTER	DELL	bestbuy.com	HTTPS://WWW.BESTBUY.COM/SITE/BRANDS/DELL/PCMCAT140500050010.C?ID=PCMCAT140500050010
DELLCOMPUTERS	DELL	bestbuy.com	HTTPS://WWW.BESTBUY.COM/SITE/BRANDS/DELL/PCMCAT140500050010.C?ID=PCMCAT140500050010
DELLCONSUMER	DELL	bestbuy.com	HTTPS://WWW.BESTBUY.COM/SITE/BRANDS/DELL/PCMCAT140500050010.C?ID=PCMCAT140500050010
DELLEROSA	DELL	bestbuy.com	HTTPS://WWW.BESTBUY.COM/SITE/BRANDS/DELL/PCMCAT140500050010.C?ID=PCMCAT140500050010
DELLFY	DELL	bestbuy.com	HTTPS://WWW.BESTBUY.COM/SITE/BRANDS/DELL/PCMCAT140500050010.C?ID=PCMCAT140500050010
DELLINLAND	DELL	bestbuy.com	HTTPS://WWW.BESTBUY.COM/SITE/BRANDS/DELL/PCMCAT140500050010.C?ID=PCMCAT140500050010
DELLMARKETINGUSALP	DELL	bestbuy.com	HTTPS://WWW.BESTBUY.COM/SITE/BRANDS/DELL/PCMCAT140500050010.C?ID=PCMCAT140500050010
DELLONO	DELONGHI	bestbuy.com	HTTPS://WWW.BESTBUY.COM/SITE/BRANDS/DELONGHI/PCMCAT748302046321.C?ID=PCMCAT748302046321
DELLTECHNOLOGIES	DELL	bestbuy.com	HTTPS://WWW.BESTBUY.COM/SITE/BRANDS/DELL/PCMCAT140500050010.C?ID=PCMCAT140500050010
DELLUSA	DELL	bestbuy.com	HTTPS://WWW.BESTBUY.COM/SITE/BRANDS/DELL/PCMCAT140500050010.C?ID=PCMCAT140500050010
DELONG	DELONGHI	bestbuy.com	HTTPS://WWW.BESTBUY.COM/SITE/BRANDS/DELONGHI/PCMCAT748302046321.C?ID=PCMCAT748302046321
DELONGHI	DELONGHI	bestbuy.com	HTTPS://WWW.BESTBUY.COM/SITE/BRANDS/DELONGHI/PCMCAT748302046321.C?ID=PCMCAT748302046321
DELONGHIAMERICA	DELONGHI	bestbuy.com	HTTPS://WWW.BESTBUY.COM/SITE/BRANDS/DELONGHI/PCMCAT748302046321.C?ID=PCMCAT748302046321
DELONGHICOFFEEMAKER	DELONGHI	bestbuy.com	HTTPS://WWW.BESTBUY.COM/SITE/BRANDS/DELONGHI/PCMCAT748302046321.C?ID=PCMCAT748302046321
DELONGHINESPRESSO	DELONGHI	bestbuy.com	HTTPS://WWW.BESTBUY.COM/SITE/BRANDS/DELONGHI/PCMCAT748302046321.C?ID=PCMCAT748302046321
DELONGKE	DELONGHI	bestbuy.com	HTTPS://WWW.BESTBUY.COM/SITE/BRANDS/DELONGHI/PCMCAT748302046321.C?ID=PCMCAT748302046321
DELONI	DELONGHI	bestbuy.com	HTTPS://WWW.BESTBUY.COM/SITE/BRANDS/DELONGHI/PCMCAT748302046321.C?ID=PCMCAT748302046321
DENNO	DENON	bestbuy.com	HTTPS://WWW.BESTBUY.COM/SITE/BRANDS/DENON/PCMCAT156600050000.C?ID=PCMCAT156600050000
DENOFFI	DENON	bestbuy.com	HTTPS://WWW.BESTBUY.COM/SITE/BRANDS/DENON/PCMCAT156600050000.C?ID=PCMCAT156600050000
DENON	DENON	bestbuy.com	HTTPS://WWW.BESTBUY.COM/SITE/BRANDS/DENON/PCMCAT156600050000.C?ID=PCMCAT156600050000
DENONELECTRONICS	DENON	bestbuy.com	HTTPS://WWW.BESTBUY.COM/SITE/BRANDS/DENON/PCMCAT156600050000.C?ID=PCMCAT156600050000
DENOU	DENON	bestbuy.com	HTTPS://WWW.BESTBUY.COM/SITE/BRANDS/DENON/PCMCAT156600050000.C?ID=PCMCAT156600050000
DENUOEN	DENON	bestbuy.com	HTTPS://WWW.BESTBUY.COM/SITE/BRANDS/DENON/PCMCAT156600050000.C?ID=PCMCAT156600050000
DESLLRAINY	DELL	bestbuy.com	HTTPS://WWW.BESTBUY.COM/SITE/BRANDS/DELL/PCMCAT140500050010.C?ID=PCMCAT140500050010
DEWANSONS	DYSON	bestbuy.com	HTTPS://WWW.BESTBUY.COM/SITE/BRANDS/DYSON/PCMCAT162500050026.C?ID=PCMCAT162500050026
DHELINK	DLINK	bestbuy.com	HTTPS://WWW.BESTBUY.COM/SITE/BRANDS/D-LINK/PCMCAT136200050016.C?ID=PCMCAT136200050016
DIAOSNX	DYSON	bestbuy.com	HTTPS://WWW.BESTBUY.COM/SITE/BRANDS/DYSON/PCMCAT162500050026.C?ID=PCMCAT162500050026
DINUOSEN	DYSON	bestbuy.com	HTTPS://WWW.BESTBUY.COM/SITE/BRANDS/DYSON/PCMCAT162500050026.C?ID=PCMCAT162500050026
DIOSENOR	DYSON	bestbuy.com	HTTPS://WWW.BESTBUY.COM/SITE/BRANDS/DYSON/PCMCAT162500050026.C?ID=PCMCAT162500050026
DIRECTLINKNPPC	DLINK	bestbuy.com	HTTPS://WWW.BESTBUY.COM/SITE/BRANDS/D-LINK/PCMCAT136200050016.C?ID=PCMCAT136200050016/
DISNADDA	DISNEY	bestbuy.com	HTTPS://WWW.BESTBUY.COM/SITE/BRANDS/DISNEY/PCMCAT364300050000.C?ID=PCMCAT364300050000
DISNEY1450CLAIRES1050	DISNEY	bestbuy.com	HTTPS://WWW.BESTBUY.COM/SITE/BRANDS/DISNEY/PCMCAT364300050000.C?ID=PCMCAT364300050000
DISNEYBYDOREL	DISNEY	bestbuy.com	HTTPS://WWW.BESTBUY.COM/SITE/BRANDS/DISNEY/PCMCAT364300050000.C?ID=PCMCAT364300050000
DISNEYJRTOTS	DISNEY	bestbuy.com	HTTPS://WWW.BESTBUY.COM/SITE/BRANDS/DISNEY/PCMCAT364300050000.C?ID=PCMCAT364300050000
DISNEYMARVELETC	DISNEY	bestbuy.com	HTTPS://WWW.BESTBUY.COM/SITE/BRANDS/DISNEY/PCMCAT364300050000.C?ID=PCMCAT364300050000
DISNEYOTHER	DISNEY	bestbuy.com	HTTPS://WWW.BESTBUY.COM/SITE/BRANDS/DISNEY/PCMCAT364300050000.C?ID=PCMCAT364300050000
DISNEYTARA	DISNEY	bestbuy.com	HTTPS://WWW.BESTBUY.COM/SITE/BRANDS/DISNEY/PCMCAT364300050000.C?ID=PCMCAT364300050000
DISNEYTHEBIGONE	DISNEY	bestbuy.com	HTTPS://WWW.BESTBUY.COM/SITE/BRANDS/DISNEY/PCMCAT364300050000.C?ID=PCMCAT364300050000
DISON	DYSON	bestbuy.com	HTTPS://WWW.BESTBUY.COM/SITE/BRANDS/DYSON/PCMCAT162500050026.C?ID=PCMCAT162500050026
DIWANZON	DYSON	bestbuy.com	HTTPS://WWW.BESTBUY.COM/SITE/BRANDS/DYSON/PCMCAT162500050026.C?ID=PCMCAT162500050026
DJGINRO	DJI	bestbuy.com	HTTPS://WWW.BESTBUY.COM/SITE/BRANDS/DJI/PCMCAT748300478578.C?ID=PCMCAT748300478578
DJI	DJI	bestbuy.com	HTTPS://WWW.BESTBUY.COM/SITE/BRANDS/DJI/PCMCAT748300478578.C?ID=PCMCAT748300478578
DJI4X4	DJI	bestbuy.com	HTTPS://WWW.BESTBUY.COM/SITE/BRANDS/DJI/PCMCAT748300478578.C?ID=PCMCAT748300478578
DJY	DJI	bestbuy.com	HTTPS://WWW.BESTBUY.COM/SITE/BRANDS/DJI/PCMCAT748300478578.C?ID=PCMCAT748300478578
DLINK	DLINK	bestbuy.com	HTTPS://WWW.BESTBUY.COM/SITE/BRANDS/D-LINK/PCMCAT136200050016.C?ID=PCMCAT136200050016/
DLINKCONSUMER	DLINK	bestbuy.com	HTTPS://WWW.BESTBUY.COM/SITE/BRANDS/D-LINK/PCMCAT136200050016.C?ID=PCMCAT136200050016
DLINKSYSTEM	DLINK	bestbuy.com	HTTPS://WWW.BESTBUY.COM/SITE/BRANDS/D-LINK/PCMCAT136200050016.C?ID=PCMCAT136200050016
DLONGHI	DELONGHI	bestbuy.com	HTTPS://WWW.BESTBUY.COM/SITE/BRANDS/DELONGHI/PCMCAT748302046321.C?ID=PCMCAT748302046321
DMSUN	SAMSUNGSTORE	bestbuy.com	HTTPS://WWW.BESTBUY.COM/SITE/BRANDS/SAMSUNG-STORE/PCMCAT140800050115.C?ID=PCMCAT140800050115
DNIWMDD	WESTERNDIGITAL	bestbuy.com	HTTPS://WWW.BESTBUY.COM/SITE/BRANDS/WESTERN-DIGITAL/PCMCAT1502482335874.C?ID=PCMCAT1502482335874
DOBE	ADOBE	bestbuy.com	HTTPS://WWW.BESTBUY.COM/SITE/BRANDS/ADOBE/PCMCAT1628021550847.C?ID=PCMCAT1628021550847
DOBEN	ADOBE	bestbuy.com	HTTPS://WWW.BESTBUY.COM/SITE/BRANDS/ADOBE/PCMCAT1628021550847.C?ID=PCMCAT1628021550847
DOBEPRODUCTS	ADOBE	bestbuy.com	HTTPS://WWW.BESTBUY.COM/SITE/BRANDS/ADOBE/PCMCAT1628021550847.C?ID=PCMCAT1628021550847
DOLBY	DOLBYVISIONDOLBYAOS	bestbuy.com	HTTPS://WWW.BESTBUY.COM/SITE/BRANDS/DOLBY-VISION-DOLBY-ATMOS/PCMCAT335700050006.C?ID=PCMCAT335700050006
DOPRO	GOPRO	bestbuy.com	HTTPS://WWW.BESTBUY.COM/SITE/BRANDS/GOPRO/PCMCAT238900050009.C?ID=PCMCAT238900050009
DRANISON	DYSON	bestbuy.com	HTTPS://WWW.BESTBUY.COM/SITE/BRANDS/DYSON/PCMCAT162500050026.C?ID=PCMCAT162500050026
DRONSIDE	DJI	bestbuy.com	HTTPS://WWW.BESTBUY.COM/SITE/BRANDS/DJI/PCMCAT748300478578.C?ID=PCMCAT748300478578
DSOON	DYSON	bestbuy.com	HTTPS://WWW.BESTBUY.COM/SITE/BRANDS/DYSON/PCMCAT162500050026.C?ID=PCMCAT162500050026
DSQUARE	SQUARE	bestbuy.com	HTTPS://WWW.BESTBUY.COM/SITE/BRANDS/SQUARE/PCMCAT1671050766814.C?ID=PCMCAT1671050766814
DSYIN	DYSON	bestbuy.com	HTTPS://WWW.BESTBUY.COM/SITE/BRANDS/DYSON/PCMCAT162500050026.C?ID=PCMCAT162500050026
DSYON	DYSON	bestbuy.com	HTTPS://WWW.BESTBUY.COM/SITE/BRANDS/DYSON/PCMCAT162500050026.C?ID=PCMCAT162500050026
DUKECANNON	DUKECANNON	bestbuy.com	HTTPS://WWW.BESTBUY.COM/SITE/BRANDS/DUKE-CANNON/PCMCAT1623955443706.C?ID=PCMCAT1623955443706
DWYZSNKDZ	DYSON	bestbuy.com	HTTPS://WWW.BESTBUY.COM/SITE/BRANDS/DYSON/PCMCAT162500050026.C?ID=PCMCAT162500050026
DYCIN	DYSON	bestbuy.com	HTTPS://WWW.BESTBUY.COM/SITE/BRANDS/DYSON/PCMCAT162500050026.C?ID=PCMCAT162500050026
DYCSIN	DYSON	bestbuy.com	HTTPS://WWW.BESTBUY.COM/SITE/BRANDS/DYSON/PCMCAT162500050026.C?ID=PCMCAT162500050026
DYISIO	DYSON	bestbuy.com	HTTPS://WWW.BESTBUY.COM/SITE/BRANDS/DYSON/PCMCAT162500050026.C?ID=PCMCAT162500050026
DYNOSON	DYSON	bestbuy.com	HTTPS://WWW.BESTBUY.COM/SITE/BRANDS/DYSON/PCMCAT162500050026.C?ID=PCMCAT162500050026
DYSETCS	DYSON	bestbuy.com	HTTPS://WWW.BESTBUY.COM/SITE/BRANDS/DYSON/PCMCAT162500050026.C?ID=PCMCAT162500050026
DYSIN	DYSON	bestbuy.com	HTTPS://WWW.BESTBUY.COM/SITE/BRANDS/DYSON/PCMCAT162500050026.C?ID=PCMCAT162500050026
DYSKTY	DYSON	bestbuy.com	HTTPS://WWW.BESTBUY.COM/SITE/BRANDS/DYSON/PCMCAT162500050026.C?ID=PCMCAT162500050026
DYSOME	DYSON	bestbuy.com	HTTPS://WWW.BESTBUY.COM/SITE/BRANDS/DYSON/PCMCAT162500050026.C?ID=PCMCAT162500050026
DYSON	DYSON	bestbuy.com	HTTPS://WWW.BESTBUY.COM/SITE/BRANDS/DYSON/PCMCAT162500050026.C?ID=PCMCAT162500050026
DYSONGO	DYSON	bestbuy.com	HTTPS://WWW.BESTBUY.COM/SITE/BRANDS/DYSON/PCMCAT162500050026.C?ID=PCMCAT162500050026
DYSONINCORPORATED	DYSON	bestbuy.com	HTTPS://WWW.BESTBUY.COM/SITE/BRANDS/DYSON/PCMCAT162500050026.C?ID=PCMCAT162500050026
DYSYXD	DYSON	bestbuy.com	HTTPS://WWW.BESTBUY.COM/SITE/BRANDS/DYSON/PCMCAT162500050026.C?ID=PCMCAT162500050026
DYTHNER	DYSON	bestbuy.com	HTTPS://WWW.BESTBUY.COM/SITE/BRANDS/DYSON/PCMCAT162500050026.C?ID=PCMCAT162500050026
DYXOO	DYSON	bestbuy.com	HTTPS://WWW.BESTBUY.COM/SITE/BRANDS/DYSON/PCMCAT162500050026.C?ID=PCMCAT162500050026
DYYHSDPU	DYSON	bestbuy.com	HTTPS://WWW.BESTBUY.COM/SITE/BRANDS/DYSON/PCMCAT162500050026.C?ID=PCMCAT162500050026
DZHTSWD	WESTERNDIGITAL	bestbuy.com	HTTPS://WWW.BESTBUY.COM/SITE/BRANDS/WESTERN-DIGITAL/PCMCAT1502482335874.C?ID=PCMCAT1502482335874
EAGSHARK	SHARK	bestbuy.com	HTTPS://WWW.BESTBUY.COM/SITE/BRANDS/SHARK/PCMCAT344200050025.C?ID=PCMCAT344200050025
EALUX20	ELECTROLUX	bestbuy.com	HTTPS://WWW.BESTBUY.COM/SITE/BRANDS/ELECTROLUX/PCMCAT147800050004.C?ID=PCMCAT147800050004
EASPORTS	EASPORTSVIDEOGAMES	bestbuy.com	HTTPS://WWW.BESTBUY.COM/SITE/BRANDS/EA-SPORTS-VIDEO-GAMES/PCMCAT1561128759204.C?ID=PCMCAT1561128759204
EBADOB	ADOBE	bestbuy.com	HTTPS://WWW.BESTBUY.COM/SITE/BRANDS/ADOBE/PCMCAT1628021550847.C?ID=PCMCAT1628021550847
ECEIRO	ACER	bestbuy.com	HTTPS://WWW.BESTBUY.COM/SITE/BRANDS/ACER/PCMCAT1602771937653.C?ID=PCMCAT1602771937653
ECOBEE	ECOBEE	bestbuy.com	HTTPS://WWW.BESTBUY.COM/SITE/BRANDS/ECOBEE/PCMCAT748301719536.C?ID=PCMCAT748301719536
EDLUX	ELECTROLUX	bestbuy.com	HTTPS://WWW.BESTBUY.COM/SITE/BRANDS/ELECTROLUX/PCMCAT147800050004.C?ID=PCMCAT147800050004
EERO	EERO	bestbuy.com	HTTPS://WWW.BESTBUY.COM/SITE/BRANDS/EERO/PCMCAT1633636968476.C?ID=PCMCAT1633636968476
EFXBYSCOSCHE	SCOSCHE	bestbuy.com	HTTPS://WWW.BESTBUY.COM/SITE/BRANDS/SCOSCHE/PCMCAT1671050607115.C?ID=PCMCAT1671050607115
EIFIWOT	EUFYSECURITY	bestbuy.com	HTTPS://WWW.BESTBUY.COM/SITE/BRANDS/EUFY-SECURITY/PCMCAT1648227991091.C?ID=PCMCAT1648227991091
EISONADOR	SONOSSYSTEMS	bestbuy.com	HTTPS://BESTBUY.COM/SITE/BRANDS/SONOS-SYSTEMS/PCMCAT348700050016.C
EIXJA	NINJA	bestbuy.com	HTTPS://WWW.BESTBUY.COM/SITE/BRANDS/NINJA/PCMCAT343800050011.C?ID=PCMCAT343800050011
ELCTRTICI	LECTRIC	bestbuy.com	HTTPS://WWW.BESTBUY.COM/SITE/BRANDS/LECTRIC/PCMCAT1722030821659.C?ID=PCMCAT1722030821659
ELEBENSQ	ELECTROLUX	bestbuy.com	HTTPS://WWW.BESTBUY.COM/SITE/BRANDS/ELECTROLUX/PCMCAT147800050004.C?ID=PCMCAT147800050004
ELECHOOD	ELECTROLUX	bestbuy.com	HTTPS://WWW.BESTBUY.COM/SITE/BRANDS/ELECTROLUX/PCMCAT147800050004.C?ID=PCMCAT147800050004
ELECKAL	ELECTROLUX	bestbuy.com	HTTPS://WWW.BESTBUY.COM/SITE/BRANDS/ELECTROLUX/PCMCAT147800050004.C?ID=PCMCAT147800050004
ELECTROLUX	ELECTROLUX	bestbuy.com	HTTPS://WWW.BESTBUY.COM/SITE/BRANDS/ELECTROLUX/PCMCAT147800050004.C?ID=PCMCAT147800050004
ELECTROLUXAPPLIANCES	ELECTROLUX	bestbuy.com	HTTPS://WWW.BESTBUY.COM/SITE/BRANDS/ELECTROLUX/PCMCAT147800050004.C?ID=PCMCAT147800050004
ELECTROLUXSMALLAPPLIANCES	ELECTROLUX	bestbuy.com	HTTPS://WWW.BESTBUY.COM/SITE/BRANDS/ELECTROLUX/PCMCAT147800050004.C?ID=PCMCAT147800050004
ELECTRONICSBASKETLG	LG	bestbuy.com	HTTPS://WWW.BESTBUY.COM/SITE/BRANDS/LG/PCMCAT133000050031.C?ID=PCMCAT133000050031
ELECTYPE	LECTRIC	bestbuy.com	HTTPS://WWW.BESTBUY.COM/SITE/BRANDS/LECTRIC/PCMCAT1722030821659.C?ID=PCMCAT1722030821659
ELECVOS	ELECTROLUX	bestbuy.com	HTTPS://WWW.BESTBUY.COM/SITE/BRANDS/ELECTROLUX/PCMCAT147800050004.C?ID=PCMCAT147800050004
ELEMENTLGSAMSUNGTCL	SAMSUNGSTORE	bestbuy.com	HTTPS://WWW.BESTBUY.COM/SITE/BRANDS/SAMSUNG-STORE/PCMCAT140800050115.C?ID=PCMCAT140800050115
ELICOLTD	ELECTROLUX	bestbuy.com	HTTPS://WWW.BESTBUY.COM/SITE/BRANDS/ELECTROLUX/PCMCAT147800050004.C?ID=PCMCAT147800050004
ELKUXUE	ELECTROLUX	bestbuy.com	HTTPS://WWW.BESTBUY.COM/SITE/BRANDS/ELECTROLUX/PCMCAT147800050004.C?ID=PCMCAT147800050004
ELLAXTO	ELECTROLUX	bestbuy.com	HTTPS://WWW.BESTBUY.COM/SITE/BRANDS/ELECTROLUX/PCMCAT147800050004.C?ID=PCMCAT147800050004
ELONGDI	DELONGHI	bestbuy.com	HTTPS://WWW.BESTBUY.COM/SITE/BRANDS/DELONGHI/PCMCAT748302046321.C?ID=PCMCAT748302046321
ELSRUQT	ELECTROLUX	bestbuy.com	HTTPS://WWW.BESTBUY.COM/SITE/BRANDS/ELECTROLUX/PCMCAT147800050004.C?ID=PCMCAT147800050004
ELZUUS	ELECTROLUX	bestbuy.com	HTTPS://WWW.BESTBUY.COM/SITE/BRANDS/ELECTROLUX/PCMCAT147800050004.C?ID=PCMCAT147800050004
ENKERPRO	ANKER	bestbuy.com	HTTPS://WWW.BESTBUY.COM/SITE/BRANDS/ANKER/PCMCAT1564684161957.C?ID=PCMCAT1564684161957
ENLUCA	ELECTROLUX	bestbuy.com	HTTPS://WWW.BESTBUY.COM/SITE/BRANDS/ELECTROLUX/PCMCAT147800050004.C?ID=PCMCAT147800050004
EOPRO	GOPRO	bestbuy.com	HTTPS://WWW.BESTBUY.COM/SITE/BRANDS/GOPRO/PCMCAT238900050009.C?ID=PCMCAT238900050009
EORAL	ORALB	bestbuy.com	HTTPS://WWW.BESTBUY.COM/SITE/BRANDS/ORAL-B/PCMCAT1677257992096.C?ID=PCMCAT1677257992096
EORROE	EERO	bestbuy.com	HTTPS://WWW.BESTBUY.COM/SITE/BRANDS/EERO/PCMCAT1633636968476.C?ID=PCMCAT1633636968476
EPSION	EPSON	bestbuy.com	HTTPS://WWW.BESTBUY.COM/SITE/BRANDS/EPSON/PCMCAT139900050006.C?ID=PCMCAT139900050006
EPSON	EPSON	bestbuy.com	HTTPS://WWW.BESTBUY.COM/SITE/BRANDS/EPSON/PCMCAT139900050006.C?ID=PCMCAT139900050006
EPSONA	EPSON	bestbuy.com	HTTPS://WWW.BESTBUY.COM/SITE/BRANDS/EPSON/PCMCAT139900050006.C?ID=PCMCAT139900050006
EPSONAMERICA	EPSON	bestbuy.com	HTTPS://WWW.BESTBUY.COM/SITE/BRANDS/EPSON/PCMCAT139900050006.C?ID=PCMCAT139900050006
EPSONCONSUMABLES	EPSON	bestbuy.com	HTTPS://WWW.BESTBUY.COM/SITE/BRANDS/EPSON/PCMCAT139900050006.C?ID=PCMCAT139900050006
EPSONCORPORATION	EPSON	bestbuy.com	HTTPS://WWW.BESTBUY.COM/SITE/BRANDS/EPSON/PCMCAT139900050006.C?ID=PCMCAT139900050006
EPSONSSMET	EPSON	bestbuy.com	HTTPS://WWW.BESTBUY.COM/SITE/BRANDS/EPSON/PCMCAT139900050006.C?ID=PCMCAT139900050006
ERCULER	ELECTROLUX	bestbuy.com	HTTPS://WWW.BESTBUY.COM/SITE/BRANDS/ELECTROLUX/PCMCAT147800050004.C?ID=PCMCAT147800050004
ERHALITHEGRO	EARGO	bestbuy.com	HTTPS://WWW.BESTBUY.COM/SITE/BRANDS/EARGO/PCMCAT1652887780532.C?ID=PCMCAT1652887780532
ESALINK	STARLINK	bestbuy.com	HTTPS://WWW.BESTBUY.COM/SITE/BRANDS/STARLINK/PCMCAT1683316600329.C?ID=PCMCAT1683316600329
ETITATO	IOTTIE	bestbuy.com	HTTPS://WWW.BESTBUY.COM/SITE/BRANDS/IOTTIE/PCMCAT1671050446175.C?ID=PCMCAT1671050446175
EUFY	EUFYSECURITY	bestbuy.com	HTTPS://WWW.BESTBUY.COM/SITE/BRANDS/EUFY-SECURITY/PCMCAT1648227991091.C?ID=PCMCAT1648227991091
EUFYSECURITY	EUFYSECURITY	bestbuy.com	HTTPS://WWW.BESTBUY.COM/SITE/BRANDS/EUFY-SECURITY/PCMCAT1648227991091.C?ID=PCMCAT1648227991091
EURIGO	KEURIG	bestbuy.com	HTTPS://WWW.BESTBUY.COM/SITE/BRANDS/KEURIG/PCMCAT338300050016.C?ID=PCMCAT338300050016/
EVUTEC	EVUTEC	bestbuy.com	HTTPS://WWW.BESTBUY.COM/SITE/BRANDS/EVUTEC/PCMCAT748301575422.C?ID=PCMCAT748301575422
EXTENDNCLICK	CLICKS	bestbuy.com	HTTPS://WWW.BESTBUY.COM/SITE/BRANDS/CLICKS/PCMCAT1717696315532.C?ID=PCMCAT1717696315532%3D
FAQIFEIDEPU	MCAFEE	bestbuy.com	HTTPS://WWW.BESTBUY.COM/SITE/BRANDS/MCAFEE/PCMCAT1666191224868.C?ID=PCMCAT1666191224868
FARMIN	GARMIN	bestbuy.com	HTTPS://WWW.BESTBUY.COM/SITE/BRANDS/GARMIN/PCMCAT127000050003.C?ID=PCMCAT127000050003/
FAURIMMER	FRIGIDAIRE	bestbuy.com	HTTPS://WWW.BESTBUY.COM/SITE/BRANDS/FRIGIDAIRE/PCMCAT154200050001.C?ID=PCMCAT154200050001
FEATUREDBRANDS2	BESTBUYBRANDS	bestbuy.com	HTTPS://WWW.BESTBUY.COM/SITE/BRANDS/BEST-BUY-BRANDS/PCMCAT1596746025285.C?ID=PCMCAT1596746025285
FEBYYER	FRIGIDAIRE	bestbuy.com	HTTPS://WWW.BESTBUY.COM/SITE/BRANDS/FRIGIDAIRE/PCMCAT154200050001.C?ID=PCMCAT154200050001
FEVAYEER	FRIGIDAIRE	bestbuy.com	HTTPS://WWW.BESTBUY.COM/SITE/BRANDS/FRIGIDAIRE/PCMCAT154200050001.C?ID=PCMCAT154200050001
FHOMHAIRGREINE	FRIGIDAIRE	bestbuy.com	HTTPS://WWW.BESTBUY.COM/SITE/BRANDS/FRIGIDAIRE/PCMCAT154200050001.C?ID=PCMCAT154200050001
FIDVIOI	FUJIFILM	bestbuy.com	HTTPS://WWW.BESTBUY.COM/SITE/BRANDS/FUJIFILM/PCMCAT27200050015.C?ID=PCMCAT27200050015
FIFODR	FUJIFILM	bestbuy.com	HTTPS://WWW.BESTBUY.COM/SITE/BRANDS/FUJIFILM/PCMCAT27200050015.C?ID=PCMCAT27200050015
FIGIDARE	FRIGIDAIRE	bestbuy.com	HTTPS://WWW.BESTBUY.COM/SITE/BRANDS/FRIGIDAIRE/PCMCAT154200050001.C?ID=PCMCAT154200050001/
FIIGDAIRE	FRIGIDAIRE	bestbuy.com	HTTPS://WWW.BESTBUY.COM/SITE/BRANDS/FRIGIDAIRE/PCMCAT154200050001.C?ID=PCMCAT154200050001
FIMIJORY	FUJIFILM	bestbuy.com	HTTPS://WWW.BESTBUY.COM/SITE/BRANDS/FUJIFILM/PCMCAT27200050015.C?ID=PCMCAT27200050015
FIMTISE	FUJIFILM	bestbuy.com	HTTPS://WWW.BESTBUY.COM/SITE/BRANDS/FUJIFILM/PCMCAT27200050015.C?ID=PCMCAT27200050015
FIOZABI	FUJIFILM	bestbuy.com	HTTPS://WWW.BESTBUY.COM/SITE/BRANDS/FUJIFILM/PCMCAT27200050015.C?ID=PCMCAT27200050015
FIRGIDAIRE	FRIGIDAIRE	bestbuy.com	HTTPS://WWW.BESTBUY.COM/SITE/BRANDS/FRIGIDAIRE/PCMCAT154200050001.C?ID=PCMCAT154200050001
FISCHERPRICE	FISHERPRICE	bestbuy.com	HTTPS://WWW.BESTBUY.COM/SITE/BRANDS/FISHER-PRICE/PCMCAT1614975350970.C?ID=PCMCAT1614975350970
FISHERPAYKEL	FISHERPAYKEL	bestbuy.com	HTTPS://WWW.BESTBUY.COM/SITE/BRANDS/FISHER-PAYKEL/PCMCAT1599049579749.C?ID=PCMCAT1599049579749
FISHERPAYKELOEM	FISHERPAYKEL	bestbuy.com	HTTPS://WWW.BESTBUY.COM/SITE/BRANDS/FISHER-PAYKEL/PCMCAT1599049579749.C?ID=PCMCAT1599049579749
FISHERPAYKELSIMPLUS	FISHERPAYKEL	bestbuy.com	HTTPS://WWW.BESTBUY.COM/SITE/BRANDS/FISHER-PAYKEL/PCMCAT1599049579749.C?ID=PCMCAT1599049579749
FISHERPRICE	FISHERPRICE	bestbuy.com	HTTPS://WWW.BESTBUY.COM/SITE/BRANDS/FISHER-PRICE/PCMCAT1614975350970.C?ID=PCMCAT1614975350970
FISHERPRICEBYHAUCK	FISHERPRICE	bestbuy.com	HTTPS://WWW.BESTBUY.COM/SITE/BRANDS/FISHER-PRICE/PCMCAT1614975350970.C?ID=PCMCAT1614975350970
FISHERPRICEE	FISHERPRICE	bestbuy.com	HTTPS://WWW.BESTBUY.COM/SITE/BRANDS/FISHER-PRICE/PCMCAT1614975350970.C?ID=PCMCAT1614975350970
FISHERPRICEFISHERPRICE	FISHERPRICE	bestbuy.com	HTTPS://WWW.BESTBUY.COM/SITE/BRANDS/FISHER-PRICE/PCMCAT1614975350970.C?ID=PCMCAT1614975350970
FISHERPRICEFISHERPRICEFISHERP	FISHERPRICE	bestbuy.com	HTTPS://WWW.BESTBUY.COM/SITE/BRANDS/FISHER-PRICE/PCMCAT1614975350970.C?ID=PCMCAT1614975350970
FISHERPRICEIMPORT	FISHERPRICE	bestbuy.com	HTTPS://WWW.BESTBUY.COM/SITE/BRANDS/FISHER-PRICE/PCMCAT1614975350970.C?ID=PCMCAT1614975350970
FISHERS	FISHERPAYKEL	bestbuy.com	HTTPS://WWW.BESTBUY.COM/SITE/BRANDS/FISHER-PAYKEL/PCMCAT1599049579749.C?ID=PCMCAT1599049579749
FITATH	FITBITHEALTHFITNESSPRODUCTS	bestbuy.com	HTTPS://WWW.BESTBUY.COM/SITE/BRANDS/FITBIT-HEALTH-FITNESS-PRODUCTS/PCMCAT331400050000.C?ID=PCMCAT331400050000
FITBEST	FITBITHEALTHFITNESSPRODUCTS	bestbuy.com	HTTPS://WWW.BESTBUY.COM/SITE/BRANDS/FITBIT-HEALTH-FITNESS-PRODUCTS/PCMCAT331400050000.C
FITBIT	FITBITHEALTHFITNESSPRODUCTS	bestbuy.com	HTTPS://WWW.BESTBUY.COM/SITE/BRANDS/FITBIT-HEALTH-FITNESS-PRODUCTS/PCMCAT331400050000.C
FITBOTFITNESSGOODS	FITBITHEALTHFITNESSPRODUCTS	bestbuy.com	HTTPS://WWW.BESTBUY.COM/SITE/BRANDS/FITBIT-HEALTH-FITNESS-PRODUCTS/PCMCAT331400050000.C?ID=PCMCAT331400050000
FITBOTFITNESSGOODS	FITBITHEALTHFITNESSPRODUCTS	bestbuy.com	HTTPS://WWW.BESTBUY.COM/SITE/BRANDS/FITBIT-HEALTH-FITNESS-PRODUCTS/PCMCAT331400050000.C
FITBUTER	FITBITHEALTHFITNESSPRODUCTS	bestbuy.com	HTTPS://WWW.BESTBUY.COM/SITE/BRANDS/FITBIT-HEALTH-FITNESS-PRODUCTS/PCMCAT331400050000.C
FITBY	FITBITHEALTHFITNESSPRODUCTS	bestbuy.com	HTTPS://WWW.BESTBUY.COM/SITE/BRANDS/FITBIT-HEALTH-FITNESS-PRODUCTS/PCMCAT331400050000.C?ID=PCMCAT331400050000
FITBYK	FITBITHEALTHFITNESSPRODUCTS	bestbuy.com	HTTPS://WWW.BESTBUY.COM/SITE/BRANDS/FITBIT-HEALTH-FITNESS-PRODUCTS/PCMCAT331400050000.C
FITGBEY	FITBITHEALTHFITNESSPRODUCTS	bestbuy.com	HTTPS://BESTBUY.COM/SITE/BRANDS/FITBIT-HEALTH-FITNESS-PRODUCTS/PCMCAT331400050000.C?ID=PCMCAT331400050000
FITGBEY	FITBITHEALTHFITNESSPRODUCTS	bestbuy.com	HTTPS://WWW.BESTBUY.COM/SITE/BRANDS/FITBIT-HEALTH-FITNESS-PRODUCTS/PCMCAT331400050000.C
FITIDARE	FRIGIDAIRE	bestbuy.com	HTTPS://WWW.BESTBUY.COM/SITE/BRANDS/FRIGIDAIRE/PCMCAT154200050001.C?ID=PCMCAT154200050001
FITUNIT	FITBITHEALTHFITNESSPRODUCTS	bestbuy.com	HTTPS://WWW.BESTBUY.COM/SITE/BRANDS/FITBIT-HEALTH-FITNESS-PRODUCTS/PCMCAT331400050000.C
FLASHFURNITUREA20	FLASHFURNITURE	bestbuy.com	HTTPS://WWW.BESTBUY.COM/SITE/BRANDS/FLASH-FURNITURE/PCMCAT1669922934179.C?ID=PCMCAT1669922934179
FLASHFURNITUREA21	FLASHFURNITURE	bestbuy.com	HTTPS://WWW.BESTBUY.COM/SITE/BRANDS/FLASH-FURNITURE/PCMCAT1669922934179.C?ID=PCMCAT1669922934179
FLASHFURNITUREB16	FLASHFURNITURE	bestbuy.com	HTTPS://WWW.BESTBUY.COM/SITE/BRANDS/FLASH-FURNITURE/PCMCAT1669922934179.C?ID=PCMCAT1669922934179
FLOORTEX	FLOORTEX	bestbuy.com	HTTPS://WWW.BESTBUY.COM/SITE/BRANDS/FLOORTEX/PCMCAT1709323099364.C?ID=PCMCAT1709323099364
FLOORTEXAFSTEX	FLOORTEX	bestbuy.com	HTTPS://WWW.BESTBUY.COM/SITE/BRANDS/FLOORTEX/PCMCAT1709323099364.C?ID=PCMCAT1709323099364
FNOKO	FUNKO	bestbuy.com	HTTPS://WWW.BESTBUY.COM/SITE/BRANDS/FUNKO/PCMCAT748302046769.C?ID=PCMCAT748302046769
FOENREA	FORNOAPPLIANCES	bestbuy.com	HTTPS://WWW.BESTBUY.COM/SITE/BRANDS/FORNO-APPLIANCES/PCMCAT1744828285594.C?ID=PCMCAT1744828285594
FORASUS	ASUS	bestbuy.com	HTTPS://WWW.BESTBUY.COM/SITE/BRANDS/ASUS/PCMCAT190000050006.C?ID=PCMCAT190000050006
FORLENOVO	LENOVO	bestbuy.com	HTTPS://WWW.BESTBUY.COM/SITE/BRANDS/LENOVO/PCMCAT230600050000.C?ID=PCMCAT230600050000
FORNO	FORNOAPPLIANCES	bestbuy.com	HTTPS://WWW.BESTBUY.COM/SITE/BRANDS/FORNO-APPLIANCES/PCMCAT1744828285594.C?ID=PCMCAT1744828285594
FOYEESION	SONYSTORE	bestbuy.com	HTTPS://WWW.BESTBUY.COM/SITE/BRANDS/SONY-STORE/CAT15063.C?ID=CAT15063
FPJLBKL	JBL	bestbuy.com	HTTPS://WWW.BESTBUY.COM/SITE/BRANDS/JBL/PCMCAT292200050003.C?ID=PCMCAT292200050003
FPNUIOM	FUNKO	bestbuy.com	HTTPS://WWW.BESTBUY.COM/SITE/BRANDS/FUNKO/PCMCAT748302046769.C?ID=PCMCAT748302046769
FRAYGAURD	FRIGIDAIRE	bestbuy.com	HTTPS://WWW.BESTBUY.COM/SITE/BRANDS/FRIGIDAIRE/PCMCAT154200050001.C
FRESHWHISKER	WHISKER	bestbuy.com	HTTPS://WWW.BESTBUY.COM/SITE/BRANDS/WHISKER/PCMCAT1720721548969.C?ID=PCMCAT1720721548969
FRIDAIRE	FRIGIDAIRE	bestbuy.com	HTTPS://WWW.BESTBUY.COM/SITE/BRANDS/FRIGIDAIRE/PCMCAT154200050001.C?ID=PCMCAT154200050001
FRIDGEAIRE	FRIGIDAIRE	bestbuy.com	HTTPS://WWW.BESTBUY.COM/SITE/BRANDS/FRIGIDAIRE/PCMCAT154200050001.C?ID=PCMCAT154200050001/
FRIDGEDAIRE	FRIGIDAIRE	bestbuy.com	HTTPS://WWW.BESTBUY.COM/SITE/BRANDS/FRIGIDAIRE/PCMCAT154200050001.C?ID=PCMCAT154200050001
FRIDGIAIE	FRIGIDAIRE	bestbuy.com	HTTPS://WWW.BESTBUY.COM/SITE/BRANDS/FRIGIDAIRE/PCMCAT154200050001.C?ID=PCMCAT154200050001
FRIDGIAIRE	FRIGIDAIRE	bestbuy.com	HTTPS://WWW.BESTBUY.COM/SITE/BRANDS/FRIGIDAIRE/PCMCAT154200050001.C?ID=PCMCAT154200050001
FRIDGIDAIRE	FRIGIDAIRE	bestbuy.com	HTTPS://WWW.BESTBUY.COM/SITE/BRANDS/FRIGIDAIRE/PCMCAT154200050001.C?ID=PCMCAT154200050001
FRIDGIDARE	FRIGIDAIRE	bestbuy.com	HTTPS://WWW.BESTBUY.COM/SITE/BRANDS/FRIGIDAIRE/PCMCAT154200050001.C?ID=PCMCAT154200050001/
FRIDIAIRE	FRIGIDAIRE	bestbuy.com	HTTPS://WWW.BESTBUY.COM/SITE/BRANDS/FRIGIDAIRE/PCMCAT154200050001.C?ID=PCMCAT154200050001
FRIDIDAIRE	FRIGIDAIRE	bestbuy.com	HTTPS://WWW.BESTBUY.COM/SITE/BRANDS/FRIGIDAIRE/PCMCAT154200050001.C?ID=PCMCAT154200050001
FRIGIADAIRE	FRIGIDAIRE	bestbuy.com	HTTPS://WWW.BESTBUY.COM/SITE/BRANDS/FRIGIDAIRE/PCMCAT154200050001.C?ID=PCMCAT154200050001
FRIGIAIRE	FRIGIDAIRE	bestbuy.com	HTTPS://WWW.BESTBUY.COM/SITE/BRANDS/FRIGIDAIRE/PCMCAT154200050001.C?ID=PCMCAT154200050001
FRIGIDAIER	FRIGIDAIRE	bestbuy.com	HTTPS://WWW.BESTBUY.COM/SITE/BRANDS/FRIGIDAIRE/PCMCAT154200050001.C?ID=PCMCAT154200050001
FRIGIDAIR	FRIGIDAIRE	bestbuy.com	HTTPS://WWW.BESTBUY.COM/SITE/BRANDS/FRIGIDAIRE/PCMCAT154200050001.C?ID=PCMCAT154200050001
FRIGIDAIRE	FRIGIDAIRE	bestbuy.com	HTTPS://WWW.BESTBUY.COM/SITE/BRANDS/FRIGIDAIRE/PCMCAT154200050001.C?ID=PCMCAT154200050001
FRIGIDAIRECOMPANY	FRIGIDAIRE	bestbuy.com	HTTPS://WWW.BESTBUY.COM/SITE/BRANDS/FRIGIDAIRE/PCMCAT154200050001.C?ID=PCMCAT154200050001
FRIGIDAIREGALLERYPRODUCTS	FRIGIDAIRE	bestbuy.com	HTTPS://WWW.BESTBUY.COM/SITE/BRANDS/FRIGIDAIRE/PCMCAT154200050001.C?ID=PCMCAT154200050001/
FRIGIDAIRELOCATIONB89	FRIGIDAIRE	bestbuy.com	HTTPS://WWW.BESTBUY.COM/SITE/BRANDS/FRIGIDAIRE/PCMCAT154200050001.C?ID=PCMCAT154200050001
FRIGIDAIREMAJORSCOLLECT	FRIGIDAIRE	bestbuy.com	HTTPS://WWW.BESTBUY.COM/SITE/BRANDS/FRIGIDAIRE/PCMCAT154200050001.C?ID=PCMCAT154200050001
FRIGIDAIREMAJORSPREPAID	FRIGIDAIRE	bestbuy.com	HTTPS://WWW.BESTBUY.COM/SITE/BRANDS/FRIGIDAIRE/PCMCAT154200050001.C?ID=PCMCAT154200050001
FRIGIDAIREPRODUCTS	FRIGIDAIRE	bestbuy.com	HTTPS://WWW.BESTBUY.COM/SITE/BRANDS/FRIGIDAIRE/PCMCAT154200050001.C?ID=PCMCAT154200050001
FRIGIDARE	FRIGIDAIRE	bestbuy.com	HTTPS://WWW.BESTBUY.COM/SITE/BRANDS/FRIGIDAIRE/PCMCAT154200050001.C?ID=PCMCAT154200050001/
FRIGIDARIE	FRIGIDAIRE	bestbuy.com	HTTPS://WWW.BESTBUY.COM/SITE/BRANDS/FRIGIDAIRE/PCMCAT154200050001.C?ID=PCMCAT154200050001
FRIGIDIARE	FRIGIDAIRE	bestbuy.com	HTTPS://WWW.BESTBUY.COM/SITE/BRANDS/FRIGIDAIRE/PCMCAT154200050001.C?ID=PCMCAT154200050001/
FRIGIGIDAIRE	FRIGIDAIRE	bestbuy.com	HTTPS://WWW.BESTBUY.COM/SITE/BRANDS/FRIGIDAIRE/PCMCAT154200050001.C?ID=PCMCAT154200050001/
FRIINDER	FRIGIDAIRE	bestbuy.com	HTTPS://WWW.BESTBUY.COM/SITE/BRANDS/FRIGIDAIRE/PCMCAT154200050001.C?ID=PCMCAT154200050001
FRIJADE	FRIGIDAIRE	bestbuy.com	HTTPS://WWW.BESTBUY.COM/SITE/BRANDS/FRIGIDAIRE/PCMCAT154200050001.C?ID=PCMCAT154200050001
FROGIDAIRE	FRIGIDAIRE	bestbuy.com	HTTPS://WWW.BESTBUY.COM/SITE/BRANDS/FRIGIDAIRE/PCMCAT154200050001.C?ID=PCMCAT154200050001
FUFONMO	FUNKO	bestbuy.com	HTTPS://WWW.BESTBUY.COM/SITE/BRANDS/FUNKO/PCMCAT748302046769.C?ID=PCMCAT748302046769
FUIJI	FUJIFILM	bestbuy.com	HTTPS://WWW.BESTBUY.COM/SITE/BRANDS/FUJIFILM/PCMCAT27200050015.C?ID=PCMCAT27200050015
FUJ	FUJIFILM	bestbuy.com	HTTPS://WWW.BESTBUY.COM/SITE/BRANDS/FUJIFILM/PCMCAT27200050015.C?ID=PCMCAT27200050015
FUJI	FUJIFILM	bestbuy.com	HTTPS://WWW.BESTBUY.COM/SITE/BRANDS/FUJIFILM/PCMCAT27200050015.C?ID=PCMCAT27200050015
FUJIADA	FUJIFILM	bestbuy.com	HTTPS://WWW.BESTBUY.COM/SITE/BRANDS/FUJIFILM/PCMCAT27200050015.C?ID=PCMCAT27200050015
FUJIFILM	FUJIFILM	bestbuy.com	HTTPS://WWW.BESTBUY.COM/SITE/BRANDS/FUJIFILM/PCMCAT27200050015.C?ID=PCMCAT27200050015
FUJIFILMNORTHAMERICA	FUJIFILM	bestbuy.com	HTTPS://WWW.BESTBUY.COM/SITE/BRANDS/FUJIFILM/PCMCAT27200050015.C?ID=PCMCAT27200050015
FUJIFILMUSA	FUJIFILM	bestbuy.com	HTTPS://WWW.BESTBUY.COM/SITE/BRANDS/FUJIFILM/PCMCAT27200050015.C?ID=PCMCAT27200050015
FUJIFUN	FUJIFILM	bestbuy.com	HTTPS://WWW.BESTBUY.COM/SITE/BRANDS/FUJIFILM/PCMCAT27200050015.C?ID=PCMCAT27200050015
FUJIPRODUCTS	FUJIFILM	bestbuy.com	HTTPS://WWW.BESTBUY.COM/SITE/BRANDS/FUJIFILM/PCMCAT27200050015.C?ID=PCMCAT27200050015
FULDISNEY	DISNEY	bestbuy.com	HTTPS://WWW.BESTBUY.COM/SITE/BRANDS/DISNEY/PCMCAT364300050000.C?ID=PCMCAT364300050000
FUNAVOVO	FUNKO	bestbuy.com	HTTPS://WWW.BESTBUY.COM/SITE/BRANDS/FUNKO/PCMCAT748302046769.C
FUNCHOO	FUNKO	bestbuy.com	HTTPS://WWW.BESTBUY.COM/SITE/BRANDS/FUNKO/PCMCAT748302046769.C?ID=PCMCAT748302046769
FUNCO	FUNKO	bestbuy.com	HTTPS://WWW.BESTBUY.COM/SITE/BRANDS/FUNKO/PCMCAT748302046769.C?ID=PCMCAT748302046769
FUNDOUNS	FUNKO	bestbuy.com	HTTPS://WWW.BESTBUY.COM/SITE/BRANDS/FUNKO/PCMCAT748302046769.C?ID=PCMCAT748302046769
FUNHOKO	FUNKO	bestbuy.com	HTTPS://WWW.BESTBUY.COM/SITE/BRANDS/FUNKO/PCMCAT748302046769.C?ID=PCMCAT748302046769
FUNKO	FUNKO	bestbuy.com	HTTPS://WWW.BESTBUY.COM/SITE/BRANDS/FUNKO/PCMCAT748302046769.C?ID=PCMCAT748302046769
FUNKOCO	FUNKO	bestbuy.com	HTTPS://WWW.BESTBUY.COM/SITE/BRANDS/FUNKO/PCMCAT748302046769.C?ID=PCMCAT748302046769
FUNKOHOMEVIDEO	FUNKO	bestbuy.com	HTTPS://WWW.BESTBUY.COM/SITE/BRANDS/FUNKO/PCMCAT748302046769.C?ID=PCMCAT748302046769
FUNKRECTION	FUNKO	bestbuy.com	HTTPS://WWW.BESTBUY.COM/SITE/BRANDS/FUNKO/PCMCAT748302046769.C?ID=PCMCAT748302046769
FUNKYWOO	FUNKO	bestbuy.com	HTTPS://WWW.BESTBUY.COM/SITE/BRANDS/FUNKO/PCMCAT748302046769.C?ID=PCMCAT748302046769
FUNNGO	FUNKO	bestbuy.com	HTTPS://WWW.BESTBUY.COM/SITE/BRANDS/FUNKO/PCMCAT748302046769.C?ID=PCMCAT748302046769
FUNNYPOP	FUNKO	bestbuy.com	HTTPS://WWW.BESTBUY.COM/SITE/BRANDS/FUNKO/PCMCAT748302046769.C?ID=PCMCAT748302046769
FUNTOPOLY	POLY	bestbuy.com	HTTPS://WWW.BESTBUY.COM/SITE/BRANDS/POLY/PCMCAT309000050000.C?ID=PCMCAT309000050000
FUNYMO	FUNKO	bestbuy.com	HTTPS://WWW.BESTBUY.COM/SITE/BRANDS/FUNKO/PCMCAT748302046769.C?ID=PCMCAT748302046769
FURRAIN	FURRION	bestbuy.com	HTTPS://WWW.BESTBUY.COM/SITE/BRANDS/FURRION/PCMCAT1715868686459.C?ID=PCMCAT1715868686459
FURRINO	FURRION	bestbuy.com	HTTPS://WWW.BESTBUY.COM/SITE/BRANDS/FURRION/PCMCAT1715868686459.C?ID=PCMCAT1715868686459
FURRION	FURRION	bestbuy.com	HTTPS://WWW.BESTBUY.COM/SITE/BRANDS/FURRION/PCMCAT1715868686459.C?ID=PCMCAT1715868686459
FUYIOCN	FUJIFILM	bestbuy.com	HTTPS://WWW.BESTBUY.COM/SITE/BRANDS/FUJIFILM/PCMCAT27200050015.C?ID=PCMCAT27200050015
FVIEWZA	FUJIFILM	bestbuy.com	HTTPS://WWW.BESTBUY.COM/SITE/BRANDS/FUJIFILM/PCMCAT27200050015.C?ID=PCMCAT27200050015
GALAXYPRODUCTS	SAMSUNGSTORE	bestbuy.com	HTTPS://WWW.BESTBUY.COM/SITE/BRANDS/SAMSUNG-STORE/PCMCAT140800050115.C?ID=PCMCAT140800050115
GALAXYSHOPPE	SAMSUNGSTORE	bestbuy.com	HTTPS://WWW.BESTBUY.COM/SITE/BRANDS/SAMSUNG-STORE/PCMCAT140800050115.C?ID=PCMCAT140800050115
GANIFILM	FUJIFILM	bestbuy.com	HTTPS://WWW.BESTBUY.COM/SITE/BRANDS/FUJIFILM/PCMCAT27200050015.C?ID=PCMCAT27200050015
GANIFILM	FUJIFILM	bestbuy.com	HTTPS://WWW.BESTBUY.COM/SITE/BRANDS/FUJIFILM/PCMCAT27200050015.C?ID=PCMCAT27200050015&ISSOLR=1&PAGETYPE=REDIRECT&SEARCHREDIRECT=FUJIFILM
GAOGE	GOOGLE	bestbuy.com	HTTPS://WWW.BESTBUY.COM/SITE/BRANDS/GOOGLE/PCMCAT344500050000.C?ID=PCMCAT344500050000
GAORMII	GARMIN	bestbuy.com	HTTPS://WWW.BESTBUY.COM/SITE/BRANDS/GARMIN/PCMCAT127000050003.C?ID=PCMCAT127000050003
GARAGEWORKS	GLADIATOR	bestbuy.com	HTTPS://WWW.BESTBUY.COM/SITE/BRANDS/GLADIATOR/PCMCAT1511989298423.C?ID=PCMCAT1511989298423
GARINOM	GARMIN	bestbuy.com	HTTPS://WWW.BESTBUY.COM/SITE/BRANDS/GARMIN/PCMCAT127000050003.C?ID=PCMCAT127000050003
GARMAR	GARMIN	bestbuy.com	HTTPS://WWW.BESTBUY.COM/SITE/BRANDS/GARMIN/PCMCAT127000050003.C?ID=PCMCAT127000050003/
GARMEINEA	GARMIN	bestbuy.com	HTTPS://WWW.BESTBUY.COM/SITE/BRANDS/GARMIN/PCMCAT127000050003.C?ID=PCMCAT127000050003
GARMELON	GARMIN	bestbuy.com	HTTPS://WWW.BESTBUY.COM/SITE/BRANDS/GARMIN/PCMCAT127000050003.C?ID=PCMCAT127000050003
GARMERA	GARMIN	bestbuy.com	HTTPS://WWW.BESTBUY.COM/SITE/BRANDS/GARMIN/PCMCAT127000050003.C?ID=PCMCAT127000050003
GARMIN	GARMIN	bestbuy.com	HTTPS://WWW.BESTBUY.COM/SITE/BRANDS/GARMIN/PCMCAT127000050003.C?ID=PCMCAT127000050003
GARMINELEC	GARMIN	bestbuy.com	HTTPS://WWW.BESTBUY.COM/SITE/BRANDS/GARMIN/PCMCAT127000050003.C?ID=PCMCAT127000050003
GARMINUSA	GARMIN	bestbuy.com	HTTPS://WWW.BESTBUY.COM/SITE/BRANDS/GARMIN/PCMCAT127000050003.C?ID=PCMCAT127000050003
GARNOME	GARMIN	bestbuy.com	HTTPS://WWW.BESTBUY.COM/SITE/BRANDS/GARMIN/PCMCAT127000050003.C?ID=PCMCAT127000050003
GBRAND	BESTBUYBRANDS	bestbuy.com	HTTPS://WWW.BESTBUY.COM/SITE/BRANDS/BEST-BUY-BRANDS/PCMCAT1596746025285.C?ID=PCMCAT1596746025285
GE	GE	bestbuy.com	HTTPS://WWW.BESTBUY.COM/SITE/BRANDS/GE/PCMCAT158500050029.C?ID=PCMCAT158500050029
GEAGLE	GOOGLE	bestbuy.com	HTTPS://WWW.BESTBUY.COM/SITE/BRANDS/GOOGLE/PCMCAT344500050000.C?ID=PCMCAT344500050000
GEAIN	GE	bestbuy.com	HTTPS://WWW.BESTBUY.COM/SITE/BRANDS/GE/PCMCAT158500050029.C?ID=PCMCAT158500050029
GEAKESHCRE	GE	bestbuy.com	HTTPS://WWW.BESTBUY.COM/SITE/BRANDS/GE/PCMCAT158500050029.C?ID=PCMCAT158500050029
GEAMEON	GE	bestbuy.com	HTTPS://WWW.BESTBUY.COM/SITE/BRANDS/GE/PCMCAT158500050029.C?ID=PCMCAT158500050029
GEAPPLIANCE	GE	bestbuy.com	HTTPS://WWW.BESTBUY.COM/SITE/BRANDS/GE/PCMCAT158500050029.C?ID=PCMCAT158500050029
GEAPPLIANCES	GE	bestbuy.com	HTTPS://WWW.BESTBUY.COM/SITE/BRANDS/GE/PCMCAT158500050029.C?ID=PCMCAT158500050029
GEAPPLIANES	GE	bestbuy.com	HTTPS://WWW.BESTBUY.COM/SITE/BRANDS/GE/PCMCAT158500050029.C?ID=PCMCAT158500050029
GEAZBEST	GE	bestbuy.com	HTTPS://WWW.BESTBUY.COM/SITE/BRANDS/GE/PCMCAT158500050029.C?ID=PCMCAT158500050029
GEBOORYUEER	GE	bestbuy.com	HTTPS://WWW.BESTBUY.COM/SITE/BRANDS/GE/PCMCAT158500050029.C?ID=PCMCAT158500050029
GEBOORYUEER	BEDGEAR	bestbuy.com	HTTPS://WWW.BESTBUY.COM/SITE/BRANDS/BEDGEAR/PCMCAT1644509685121.C?ID=PCMCAT1644509685121
GECAFE	CAFEAPPLIANCES	bestbuy.com	HTTPS://WWW.BESTBUY.COM/SITE/BRANDS/CAFE-APPLIANCES/PCMCAT1535052809504.C?ID=PCMCAT1535052809504
GECXGY	GE	bestbuy.com	HTTPS://WWW.BESTBUY.COM/SITE/BRANDS/GE/PCMCAT158500050029.C?ID=PCMCAT158500050029
GEE7MANUFACTURER	GE	bestbuy.com	HTTPS://WWW.BESTBUY.COM/SITE/BRANDS/GE/PCMCAT158500050029.C?ID=PCMCAT158500050029
GEECANDPER	GE	bestbuy.com	HTTPS://WWW.BESTBUY.COM/SITE/BRANDS/GE/PCMCAT158500050029.C?ID=PCMCAT158500050029
GEECE	GE	bestbuy.com	HTTPS://WWW.BESTBUY.COM/SITE/BRANDS/GE/PCMCAT158500050029.C?ID=PCMCAT158500050029
GEEENWORKS	GREENWORKS	bestbuy.com	HTTPS://WWW.BESTBUY.COM/SITE/BRANDS/GREENWORKS/PCMCAT1692900983993.C?ID=PCMCAT1692900983993
GEELECTRIC	GE	bestbuy.com	HTTPS://WWW.BESTBUY.COM/SITE/BRANDS/GE/PCMCAT158500050029.C?ID=PCMCAT158500050029
GEELECTRICAL	GE	bestbuy.com	HTTPS://WWW.BESTBUY.COM/SITE/BRANDS/GE/PCMCAT158500050029.C?ID=PCMCAT158500050029
GEEMUTU	GEM	bestbuy.com	HTTPS://WWW.BESTBUY.COM/SITE/BRANDS/GEM/PCMCAT1736533505149.C?ID=PCMCAT1736533505149
GEENGLE	GOOGLE	bestbuy.com	HTTPS://WWW.BESTBUY.COM/SITE/BRANDS/GOOGLE/PCMCAT344500050000.C?ID=PCMCAT344500050000
GEERICY	GE	bestbuy.com	HTTPS://WWW.BESTBUY.COM/SITE/BRANDS/GE/PCMCAT158500050029.C?ID=PCMCAT158500050029
GEGENERALELECTRIC	GE	bestbuy.com	HTTPS://WWW.BESTBUY.COM/SITE/BRANDS/GE/PCMCAT158500050029.C?ID=PCMCAT158500050029
GEHE	GE	bestbuy.com	HTTPS://WWW.BESTBUY.COM/SITE/BRANDS/GE/PCMCAT158500050029.C?ID=PCMCAT158500050029
GEHOMEELECTRICAL	GE	bestbuy.com	HTTPS://WWW.BESTBUY.COM/SITE/BRANDS/GE/PCMCAT158500050029.C?ID=PCMCAT158500050029
GEHS	GE	bestbuy.com	HTTPS://WWW.BESTBUY.COM/SITE/BRANDS/GE/PCMCAT158500050029.C?ID=PCMCAT158500050029
GEIIZEE	GE	bestbuy.com	HTTPS://WWW.BESTBUY.COM/SITE/BRANDS/GE/PCMCAT158500050029.C?ID=PCMCAT158500050029
GEMAHA	GEM	bestbuy.com	HTTPS://WWW.BESTBUY.COM/SITE/BRANDS/GEM/PCMCAT1736533505149.C?ID=PCMCAT1736533505149
GEMAYGM	GEM	bestbuy.com	HTTPS://WWW.BESTBUY.COM/SITE/BRANDS/GEM/PCMCAT1736533505149.C?ID=PCMCAT1736533505149
GEMERGLITY	GEM	bestbuy.com	HTTPS://WWW.BESTBUY.COM/SITE/BRANDS/GEM/PCMCAT1736533505149.C?ID=PCMCAT1736533505149
GEMICH	GEM	bestbuy.com	HTTPS://WWW.BESTBUY.COM/SITE/BRANDS/GEM/PCMCAT1736533505149.C?ID=PCMCAT1736533505149
GENERALEDGE	GE	bestbuy.com	HTTPS://WWW.BESTBUY.COM/SITE/BRANDS/GE/PCMCAT158500050029.C?ID=PCMCAT158500050029
GENERALELEC	GE	bestbuy.com	HTTPS://WWW.BESTBUY.COM/SITE/BRANDS/GE/PCMCAT158500050029.C?ID=PCMCAT158500050029
GENERALELECTRIC	GE	bestbuy.com	HTTPS://WWW.BESTBUY.COM/SITE/BRANDS/GE/PCMCAT158500050029.C?ID=PCMCAT158500050029
GENERALELECTRICCO	GE	bestbuy.com	HTTPS://WWW.BESTBUY.COM/SITE/BRANDS/GE/PCMCAT158500050029.C?ID=PCMCAT158500050029
GENERALELECTRICGE	GE	bestbuy.com	HTTPS://WWW.BESTBUY.COM/SITE/BRANDS/GE/PCMCAT158500050029.C?ID=PCMCAT158500050029
GENLGE	GOOGLE	bestbuy.com	HTTPS://WWW.BESTBUY.COM/SITE/BRANDS/GOOGLE/PCMCAT344500050000.C?ID=PCMCAT344500050000
GEOUSY	GE	bestbuy.com	HTTPS://WWW.BESTBUY.COM/SITE/BRANDS/GE/PCMCAT158500050029.C?ID=PCMCAT158500050029
GEPELCN	GE	bestbuy.com	HTTPS://WWW.BESTBUY.COM/SITE/BRANDS/GE/PCMCAT158500050029.C?ID=PCMCAT158500050029
GEPROFILE	GE	bestbuy.com	HTTPS://WWW.BESTBUY.COM/SITE/BRANDS/GE/PCMCAT158500050029.C?ID=PCMCAT158500050029
GERNEHOP	WHOOP	bestbuy.com	HTTPS://WWW.BESTBUY.COM/SITE/BRANDS/WHOOP/PCMCAT1698680354842.C?ID=PCMCAT1698680354842
GESIY	GE	bestbuy.com	HTTPS://WWW.BESTBUY.COM/SITE/BRANDS/GE/PCMCAT158500050029.C?ID=PCMCAT158500050029
GEUORGEXY	GE	bestbuy.com	HTTPS://WWW.BESTBUY.COM/SITE/BRANDS/GE/PCMCAT158500050029.C?ID=PCMCAT158500050029
GEVAABU	GE	bestbuy.com	HTTPS://WWW.BESTBUY.COM/SITE/BRANDS/GE/PCMCAT158500050029.C?ID=PCMCAT158500050029
GEVINER	GE	bestbuy.com	HTTPS://WWW.BESTBUY.COM/SITE/BRANDS/GE/PCMCAT158500050029.C?ID=PCMCAT158500050029
GEYDRQ	GE	bestbuy.com	HTTPS://WWW.BESTBUY.COM/SITE/BRANDS/GE/PCMCAT158500050029.C?ID=PCMCAT158500050029
GFORCE	NVIDIA	bestbuy.com	HTTPS://WWW.BESTBUY.COM/SITE/BRANDS/NVIDIA/PCMCAT1488480099525.C?ID=PCMCAT1488480099525
GGEZEN	GE	bestbuy.com	HTTPS://WWW.BESTBUY.COM/SITE/BRANDS/GE/PCMCAT158500050029.C?ID=PCMCAT158500050029
GGOXENANDH	GOOGLE	bestbuy.com	HTTPS://WWW.BESTBUY.COM/SITE/BRANDS/GOOGLE/PCMCAT344500050000.C?ID=PCMCAT344500050000
GHIURPC	HIGROUND	bestbuy.com	HTTPS://WWW.BESTBUY.COM/SITE/BRANDS/HIGROUND/PCMCAT1720542519548.C?ID=PCMCAT1720542519548
GHOSTBED	GHOSTBED	bestbuy.com	HTTPS://WWW.BESTBUY.COM/SITE/BRANDS/GHOSTBED/PCMCAT1677258341103.C?ID=PCMCAT1677258341103
GHUIPRO	GOPRO	bestbuy.com	HTTPS://WWW.BESTBUY.COM/SITE/BRANDS/GOPRO/PCMCAT238900050009.C?ID=PCMCAT238900050009
GIEFRNE	NVIDIA	bestbuy.com	HTTPS://WWW.BESTBUY.COM/SITE/BRANDS/NVIDIA/PCMCAT1488480099525.C?ID=PCMCAT1488480099525
GIPOR	GOPRO	bestbuy.com	HTTPS://WWW.BESTBUY.COM/SITE/BRANDS/GOPRO/PCMCAT238900050009.C?ID=PCMCAT238900050009
GIQVCA	JVC	bestbuy.com	HTTPS://WWW.BESTBUY.COM/SITE/BRANDS/JVC/PCMCAT1493233437748.C?ID=PCMCAT1493233437748
GIRAPRO	GOPRO	bestbuy.com	HTTPS://WWW.BESTBUY.COM/SITE/BRANDS/GOPRO/PCMCAT238900050009.C?ID=PCMCAT238900050009
GIRLOGLE	GOOGLE	bestbuy.com	HTTPS://WWW.BESTBUY.COM/SITE/BRANDS/GOOGLE/PCMCAT344500050000.C?ID=PCMCAT344500050000
GJCOS	GOOGLE	bestbuy.com	HTTPS://WWW.BESTBUY.COM/SITE/BRANDS/GOOGLE/PCMCAT344500050000.C?ID=PCMCAT344500050000
GLADIATORBYTUFFSTUFF	GLADIATOR	bestbuy.com	HTTPS://WWW.BESTBUY.COM/SITE/BRANDS/GLADIATOR/PCMCAT1511989298423.C?ID=PCMCAT1511989298423
GLADIATORGARAGEWORKS	GLADIATOR	bestbuy.com	HTTPS://WWW.BESTBUY.COM/SITE/BRANDS/GLADIATOR/PCMCAT1511989298423.C?ID=PCMCAT1511989298423
GLADIATORGARAGEWORKSBYWHIRLPOOL	GLADIATOR	bestbuy.com	HTTPS://WWW.BESTBUY.COM/SITE/BRANDS/GLADIATOR/PCMCAT1511989298423.C?ID=PCMCAT1511989298423
GLOOUS	GLORIOUS	bestbuy.com	HTTPS://WWW.BESTBUY.COM/SITE/BRANDS/GLORIOUS/PCMCAT1669658539289.C?ID=PCMCAT1669658539289
GLORIOUS	GLORIOUS	bestbuy.com	HTTPS://WWW.BESTBUY.COM/SITE/BRANDS/GLORIOUS/PCMCAT1669658539289.C?ID=PCMCAT1669658539289
GLORIOUSGLORIOUS	GLORIOUS	bestbuy.com	HTTPS://WWW.BESTBUY.COM/SITE/BRANDS/GLORIOUS/PCMCAT1669658539289.C?ID=PCMCAT1669658539289
GLORIOUSHOME	GLORIOUS	bestbuy.com	HTTPS://WWW.BESTBUY.COM/SITE/BRANDS/GLORIOUS/PCMCAT1669658539289.C?ID=PCMCAT1669658539289
GLORIOUSNX	GLORIOUS	bestbuy.com	HTTPS://WWW.BESTBUY.COM/SITE/BRANDS/GLORIOUS/PCMCAT1669658539289.C?ID=PCMCAT1669658539289
GLORIOUU	GLORIOUS	bestbuy.com	HTTPS://WWW.BESTBUY.COM/SITE/BRANDS/GLORIOUS/PCMCAT1669658539289.C?ID=PCMCAT1669658539289
GLORISON	GLORIOUS	bestbuy.com	HTTPS://WWW.BESTBUY.COM/SITE/BRANDS/GLORIOUS/PCMCAT1669658539289.C?ID=PCMCAT1669658539289
GLORIY	GLORIOUS	bestbuy.com	HTTPS://WWW.BESTBUY.COM/SITE/BRANDS/GLORIOUS/PCMCAT1669658539289.C?ID=PCMCAT1669658539289
GLOROUSCHU	GLORIOUS	bestbuy.com	HTTPS://WWW.BESTBUY.COM/SITE/BRANDS/GLORIOUS/PCMCAT1669658539289.C?ID=PCMCAT1669658539289
GLORYESTD1962	GLORIOUS	bestbuy.com	HTTPS://WWW.BESTBUY.COM/SITE/BRANDS/GLORIOUS/PCMCAT1669658539289.C?ID=PCMCAT1669658539289
GMIZON	AMAZON	bestbuy.com	HTTPS://WWW.BESTBUY.COM/SITE/BRANDS/AMAZON/PCMCAT1521648880327.C?ID=PCMCAT1521648880327
GOALLPRO	GOPRO	bestbuy.com	HTTPS://WWW.BESTBUY.COM/SITE/BRANDS/GOPRO/PCMCAT238900050009.C?ID=PCMCAT238900050009
GOALZERO	GOALZERO	bestbuy.com	HTTPS://WWW.BESTBUY.COM/SITE/BRANDS/GOAL-ZERO/PCMCAT1513009407637.C?ID=PCMCAT1513009407637
GOAROY	GOPRO	bestbuy.com	HTTPS://WWW.BESTBUY.COM/SITE/BRANDS/GOPRO/PCMCAT238900050009.C?ID=PCMCAT238900050009
GOAWMCHK	GOOGLE	bestbuy.com	HTTPS://WWW.BESTBUY.COM/SITE/BRANDS/GOOGLE/PCMCAT344500050000.C?ID=PCMCAT344500050000
GOEGE	GOOGLE	bestbuy.com	HTTPS://WWW.BESTBUY.COM/SITE/BRANDS/GOOGLE/PCMCAT344500050000.C?ID=PCMCAT344500050000
GOEJEMACT	GOOGLE	bestbuy.com	HTTPS://WWW.BESTBUY.COM/SITE/BRANDS/GOOGLE/PCMCAT344500050000.C?ID=PCMCAT344500050000
GOEPIT	GOOGLE	bestbuy.com	HTTPS://WWW.BESTBUY.COM/SITE/BRANDS/GOOGLE/PCMCAT344500050000.C?ID=PCMCAT344500050000
GOFEVDRT	GOVEE	bestbuy.com	HTTPS://WWW.BESTBUY.COM/SITE/BRANDS/GOVEE/PCMCAT1687358606242.C?ID=PCMCAT1687358606242
GOFWE	GOVEE	bestbuy.com	HTTPS://WWW.BESTBUY.COM/SITE/BRANDS/GOVEE/PCMCAT1687358606242.C?ID=PCMCAT1687358606242
GOGATOR	GOOGLE	bestbuy.com	HTTPS://WWW.BESTBUY.COM/SITE/BRANDS/GOOGLE/PCMCAT344500050000.C?ID=PCMCAT344500050000
GOGEILI	GOOGLE	bestbuy.com	HTTPS://WWW.BESTBUY.COM/SITE/BRANDS/GOOGLE/PCMCAT344500050000.C?ID=PCMCAT344500050000
GOGEVE	GOVEE	bestbuy.com	HTTPS://WWW.BESTBUY.COM/SITE/BRANDS/GOVEE/PCMCAT1687358606242.C?ID=PCMCAT1687358606242
GOGEVE	GOOGLE	bestbuy.com	HTTPS://WWW.BESTBUY.COM/SITE/BRANDS/GOOGLE/PCMCAT344500050000.C?ID=PCMCAT344500050000
GOGLOO	GOOGLE	bestbuy.com	HTTPS://WWW.BESTBUY.COM/SITE/BRANDS/GOOGLE/PCMCAT344500050000.C?ID=PCMCAT344500050000
GOGLOR	GOOGLE	bestbuy.com	HTTPS://WWW.BESTBUY.COM/SITE/BRANDS/GOOGLE/PCMCAT344500050000.C?ID=PCMCAT344500050000
GOGNLVN	GOOGLE	bestbuy.com	HTTPS://WWW.BESTBUY.COM/SITE/BRANDS/GOOGLE/PCMCAT344500050000.C?ID=PCMCAT344500050000
GOGOAL	GOOGLE	bestbuy.com	HTTPS://WWW.BESTBUY.COM/SITE/BRANDS/GOOGLE/PCMCAT344500050000.C?ID=PCMCAT344500050000
GOGOBE	GOOGLE	bestbuy.com	HTTPS://WWW.BESTBUY.COM/SITE/BRANDS/GOOGLE/PCMCAT344500050000.C?ID=PCMCAT344500050000
GOGRINLIV	GOOGLE	bestbuy.com	HTTPS://WWW.BESTBUY.COM/SITE/BRANDS/GOOGLE/PCMCAT344500050000.C?ID=PCMCAT344500050000
GOHEED	GOVEE	bestbuy.com	HTTPS://WWW.BESTBUY.COM/SITE/BRANDS/GOVEE/PCMCAT1687358606242.C?ID=PCMCAT1687358606242
GOHELMATE	GOOGLE	bestbuy.com	HTTPS://WWW.BESTBUY.COM/SITE/BRANDS/GOOGLE/PCMCAT344500050000.C?ID=PCMCAT344500050000
GOHERO	GOPRO	bestbuy.com	HTTPS://WWW.BESTBUY.COM/SITE/BRANDS/GOPRO/PCMCAT238900050009.C?ID=PCMCAT238900050009
GOHHDL	GOOGLE	bestbuy.com	HTTPS://WWW.BESTBUY.COM/SITE/BRANDS/GOOGLE/PCMCAT344500050000.C?ID=PCMCAT344500050000
GOJERP	GOPRO	bestbuy.com	HTTPS://WWW.BESTBUY.COM/SITE/BRANDS/GOPRO/PCMCAT238900050009.C?ID=PCMCAT238900050009
GOOBLE	GOOGLE	bestbuy.com	HTTPS://WWW.BESTBUY.COM/SITE/BRANDS/GOOGLE/PCMCAT344500050000.C?ID=PCMCAT344500050000
GOOC	GOOGLE	bestbuy.com	HTTPS://WWW.BESTBUY.COM/SITE/BRANDS/GOOGLE/PCMCAT344500050000.C?ID=PCMCAT344500050000
GOODLED	GOOGLE	bestbuy.com	HTTPS://WWW.BESTBUY.COM/SITE/BRANDS/GOOGLE/PCMCAT344500050000.C?ID=PCMCAT344500050000
GOODROPRO	GOPRO	bestbuy.com	HTTPS://WWW.BESTBUY.COM/SITE/BRANDS/GOPRO/PCMCAT238900050009.C?ID=PCMCAT238900050009
GOOEAP	GOOGLE	bestbuy.com	HTTPS://WWW.BESTBUY.COM/SITE/BRANDS/GOOGLE/PCMCAT344500050000.C?ID=PCMCAT344500050000
GOOEB	GOOGLE	bestbuy.com	HTTPS://WWW.BESTBUY.COM/SITE/BRANDS/GOOGLE/PCMCAT344500050000.C?ID=PCMCAT344500050000
GOOEEN	GOOGLE	bestbuy.com	HTTPS://WWW.BESTBUY.COM/SITE/BRANDS/GOOGLE/PCMCAT344500050000.C?ID=PCMCAT344500050000
GOOFCXO	GOOGLE	bestbuy.com	HTTPS://WWW.BESTBUY.COM/SITE/BRANDS/GOOGLE/PCMCAT344500050000.C?ID=PCMCAT344500050000
GOOG	GOOGLE	bestbuy.com	HTTPS://WWW.BESTBUY.COM/SITE/BRANDS/GOOGLE/PCMCAT344500050000.C?ID=PCMCAT344500050000
GOOGA	GOOGLE	bestbuy.com	HTTPS://WWW.BESTBUY.COM/SITE/BRANDS/GOOGLE/PCMCAT344500050000.C?ID=PCMCAT344500050000
GOOGEES	GOOGLE	bestbuy.com	HTTPS://WWW.BESTBUY.COM/SITE/BRANDS/GOOGLE/PCMCAT344500050000.C?ID=PCMCAT344500050000
GOOGIC	GOOGLE	bestbuy.com	HTTPS://WWW.BESTBUY.COM/SITE/BRANDS/GOOGLE/PCMCAT344500050000.C?ID=PCMCAT344500050000
GOOGLE	GOOGLE	bestbuy.com	HTTPS://WWW.BESTBUY.COM/SITE/BRANDS/GOOGLE/PCMCAT344500050000.C?ID=PCMCAT344500050000
GOOGO	GOOGLE	bestbuy.com	HTTPS://WWW.BESTBUY.COM/SITE/BRANDS/GOOGLE/PCMCAT344500050000.C?ID=PCMCAT344500050000
GOOGONE	GOOGLE	bestbuy.com	HTTPS://WWW.BESTBUY.COM/SITE/BRANDS/GOOGLE/PCMCAT344500050000.C?ID=PCMCAT344500050000
GOOGONEGORILLAELMERS	GOOGLE	bestbuy.com	HTTPS://WWW.BESTBUY.COM/SITE/BRANDS/GOOGLE/PCMCAT344500050000.C?ID=PCMCAT344500050000
GOOHEE	GOOGLE	bestbuy.com	HTTPS://WWW.BESTBUY.COM/SITE/BRANDS/GOOGLE/PCMCAT344500050000.C?ID=PCMCAT344500050000
GOOKET	GOOGLE	bestbuy.com	HTTPS://WWW.BESTBUY.COM/SITE/BRANDS/GOOGLE/PCMCAT344500050000.C?ID=PCMCAT344500050000
GOOLOL	GOOGLE	bestbuy.com	HTTPS://WWW.BESTBUY.COM/SITE/BRANDS/GOOGLE/PCMCAT344500050000.C?ID=PCMCAT344500050000
GOOLRC	GOOGLE	bestbuy.com	HTTPS://WWW.BESTBUY.COM/SITE/BRANDS/GOOGLE/PCMCAT344500050000.C?ID=PCMCAT344500050000
GOONE	GOOGLE	bestbuy.com	HTTPS://WWW.BESTBUY.COM/SITE/BRANDS/GOOGLE/PCMCAT344500050000.C?ID=PCMCAT344500050000
GOOOA	GOOGLE	bestbuy.com	HTTPS://WWW.BESTBUY.COM/SITE/BRANDS/GOOGLE/PCMCAT344500050000.C?ID=PCMCAT344500050000
GOOOGI	GOOGLE	bestbuy.com	HTTPS://WWW.BESTBUY.COM/SITE/BRANDS/GOOGLE/PCMCAT344500050000.C?ID=PCMCAT344500050000
GOOTUE	GOOGLE	bestbuy.com	HTTPS://WWW.BESTBUY.COM/SITE/BRANDS/GOOGLE/PCMCAT344500050000.C?ID=PCMCAT344500050000
GOOUMAINBERA	GOOGLE	bestbuy.com	HTTPS://WWW.BESTBUY.COM/SITE/BRANDS/GOOGLE/PCMCAT344500050000.C?ID=PCMCAT344500050000
GOPOLE	GOOGLE	bestbuy.com	HTTPS://WWW.BESTBUY.COM/SITE/BRANDS/GOOGLE/PCMCAT344500050000.C?ID=PCMCAT344500050000
GOPOP	GOPRO	bestbuy.com	HTTPS://WWW.BESTBUY.COM/SITE/BRANDS/GOPRO/PCMCAT238900050009.C?ID=PCMCAT238900050009
GOPOZE	GOPRO	bestbuy.com	HTTPS://WWW.BESTBUY.COM/SITE/BRANDS/GOPRO/PCMCAT238900050009.C?ID=PCMCAT238900050009
GOPRO	GOPRO	bestbuy.com	HTTPS://WWW.BESTBUY.COM/SITE/BRANDS/GOPRO/PCMCAT238900050009.C?ID=PCMCAT238900050009
GOPROVER	GOPRO	bestbuy.com	HTTPS://WWW.BESTBUY.COM/SITE/BRANDS/GOPRO/PCMCAT238900050009.C?ID=PCMCAT238900050009
GOROPO	GOPRO	bestbuy.com	HTTPS://WWW.BESTBUY.COM/SITE/BRANDS/GOPRO/PCMCAT238900050009.C?ID=PCMCAT238900050009
GORPORE	GOPRO	bestbuy.com	HTTPS://WWW.BESTBUY.COM/SITE/BRANDS/GOPRO/PCMCAT238900050009.C?ID=PCMCAT238900050009
GOUERSTORE	GOOGLE	bestbuy.com	HTTPS://WWW.BESTBUY.COM/SITE/BRANDS/GOOGLE/PCMCAT344500050000.C?ID=PCMCAT344500050000
GOULUS	META	bestbuy.com	HTTPS://WWW.BESTBUY.COM/SITE/BRANDS/META/PCMCAT748302045866.C?ID=PCMCAT748302045866
GOVEE	GOVEE	bestbuy.com	HTTPS://WWW.BESTBUY.COM/SITE/BRANDS/GOVEE/PCMCAT1687358606242.C?ID=PCMCAT1687358606242
GOVEEGOVEE	GOVEE	bestbuy.com	HTTPS://WWW.BESTBUY.COM/SITE/BRANDS/GOVEE/PCMCAT1687358606242.C?ID=PCMCAT1687358606242
GOVETOM	GOVEE	bestbuy.com	HTTPS://WWW.BESTBUY.COM/SITE/BRANDS/GOVEE/PCMCAT1687358606242.C?ID=PCMCAT1687358606242
GOWGELIT	GOOGLE	bestbuy.com	HTTPS://WWW.BESTBUY.COM/SITE/BRANDS/GOOGLE/PCMCAT344500050000.C?ID=PCMCAT344500050000
GOWKOU	GOOGLE	bestbuy.com	HTTPS://WWW.BESTBUY.COM/SITE/BRANDS/GOOGLE/PCMCAT344500050000.C?ID=PCMCAT344500050000
GOWXIL	GOOGLE	bestbuy.com	HTTPS://WWW.BESTBUY.COM/SITE/BRANDS/GOOGLE/PCMCAT344500050000.C?ID=PCMCAT344500050000
GOYQGLE	GOOGLE	bestbuy.com	HTTPS://WWW.BESTBUY.COM/SITE/BRANDS/GOOGLE/PCMCAT344500050000.C?ID=PCMCAT344500050000
GPHERA	GOPRO	bestbuy.com	HTTPS://WWW.BESTBUY.COM/SITE/BRANDS/GOPRO/PCMCAT238900050009.C?ID=PCMCAT238900050009
GPROMISEL	GOPRO	bestbuy.com	HTTPS://WWW.BESTBUY.COM/SITE/BRANDS/GOPRO/PCMCAT238900050009.C?ID=PCMCAT238900050009
GRACOCHILDRENSPRODUCTS	GRACO	bestbuy.com	HTTPS://WWW.BESTBUY.COM/SITE/BRANDS/GRACO/PCMCAT1623872614487.C?ID=PCMCAT1623872614487
GRACOCHILDRESPRODUCTS	GRACO	bestbuy.com	HTTPS://WWW.BESTBUY.COM/SITE/BRANDS/GRACO/PCMCAT1623872614487.C?ID=PCMCAT1623872614487
GRACOS	GRACO	bestbuy.com	HTTPS://WWW.BESTBUY.COM/SITE/BRANDS/GRACO/PCMCAT1623872614487.C?ID=PCMCAT1623872614487
GREATCALL	LIVELY	bestbuy.com	HTTPS://WWW.BESTBUY.COM/SITE/BRANDS/LIVELY/PCMCAT341800050001.C?ID=PCMCAT341800050001
GRECUTE	CRICUTPRODUCTS	bestbuy.com	HTTPS://WWW.BESTBUY.COM/SITE/BRANDS/CRICUT-PRODUCTS/PCMCAT1588785979665.C?ID=PCMCAT1588785979665
GREENGREENWORKS18INCH27AMPCOR	GREENWORKS	bestbuy.com	HTTPS://WWW.BESTBUY.COM/SITE/BRANDS/GREENWORKS/PCMCAT1692900983993.C?ID=PCMCAT1692900983993
GREENWORK	GREENWORKS	bestbuy.com	HTTPS://WWW.BESTBUY.COM/SITE/BRANDS/GREENWORKS/PCMCAT1692900983993.C?ID=PCMCAT1692900983993
GREENWORKPRO	GREENWORKS	bestbuy.com	HTTPS://WWW.BESTBUY.COM/SITE/BRANDS/GREENWORKS/PCMCAT1692900983993.C?ID=PCMCAT1692900983993
GREENWORKS	GREENWORKS	bestbuy.com	HTTPS://WWW.BESTBUY.COM/SITE/BRANDS/GREENWORKS/PCMCAT1692900983993.C?ID=PCMCAT1692900983993
GREENWORKS1600PSI13AMP12GPMP	GREENWORKS	bestbuy.com	HTTPS://WWW.BESTBUY.COM/SITE/BRANDS/GREENWORKS/PCMCAT1692900983993.C?ID=PCMCAT1692900983993
GREENWORKS40V185MPHVARIABLESPEE	GREENWORKS	bestbuy.com	HTTPS://WWW.BESTBUY.COM/SITE/BRANDS/GREENWORKS/PCMCAT1692900983993.C?ID=PCMCAT1692900983993
GREENWORKSNOWEEDEATER	GREENWORKS	bestbuy.com	HTTPS://WWW.BESTBUY.COM/SITE/BRANDS/GREENWORKS/PCMCAT1692900983993.C?ID=PCMCAT1692900983993
GREENWORKSTM	GREENWORKS	bestbuy.com	HTTPS://WWW.BESTBUY.COM/SITE/BRANDS/GREENWORKS/PCMCAT1692900983993.C?ID=PCMCAT1692900983993
GREENWORKSTOOLS	GREENWORKS	bestbuy.com	HTTPS://WWW.BESTBUY.COM/SITE/BRANDS/GREENWORKS/PCMCAT1692900983993.C?ID=PCMCAT1692900983993
GREEWOR	GREENWORKS	bestbuy.com	HTTPS://WWW.BESTBUY.COM/SITE/BRANDS/GREENWORKS/PCMCAT1692900983993.C?ID=PCMCAT1692900983993
GREEWORKS	GREENWORKS	bestbuy.com	HTTPS://WWW.BESTBUY.COM/SITE/BRANDS/GREENWORKS/PCMCAT1692900983993.C?ID=PCMCAT1692900983993
GRICAFE	CAFEAPPLIANCES	bestbuy.com	HTTPS://WWW.BESTBUY.COM/SITE/BRANDS/CAFE-APPLIANCES/PCMCAT1535052809504.C?ID=PCMCAT1535052809504
GROLENT	GLORIOUS	bestbuy.com	HTTPS://WWW.BESTBUY.COM/SITE/BRANDS/GLORIOUS/PCMCAT1669658539289.C?ID=PCMCAT1669658539289
GROPRO	GOPRO	bestbuy.com	HTTPS://WWW.BESTBUY.COM/SITE/BRANDS/GOPRO/PCMCAT238900050009.C?ID=PCMCAT238900050009
GTOPRO	GOPRO	bestbuy.com	HTTPS://WWW.BESTBUY.COM/SITE/BRANDS/GOPRO/PCMCAT238900050009.C?ID=PCMCAT238900050009
GUARANTEEDCOMPATIBLEFORTOSHIBA	TOSHIBA	bestbuy.com	HTTPS://WWW.BESTBUY.COM/SITE/BRANDS/TOSHIBA/PCMCAT136800050058.C?ID=PCMCAT136800050058
GUDODLE	GOOGLE	bestbuy.com	HTTPS://WWW.BESTBUY.COM/SITE/BRANDS/GOOGLE/PCMCAT344500050000.C?ID=PCMCAT344500050000
GUEETIC	LOGITECH	bestbuy.com	HTTPS://WWW.BESTBUY.COM/SITE/BRANDS/LOGITECH/PCMCAT10900050009.C?ID=PCMCAT10900050009
GUGULL	GOOGLE	bestbuy.com	HTTPS://WWW.BESTBUY.COM/SITE/BRANDS/GOOGLE/PCMCAT344500050000.C?ID=PCMCAT344500050000
GUNNAROPTIKS	GUNNAR	bestbuy.com	HTTPS://WWW.BESTBUY.COM/SITE/BRANDS/GUNNAR/PCMCAT1757704523404.C?ID=PCMCAT1757704523404
GUOOUG	GOOGLE	bestbuy.com	HTTPS://WWW.BESTBUY.COM/SITE/BRANDS/GOOGLE/PCMCAT344500050000.C?ID=PCMCAT344500050000
GVEFETIEE	GOVEE	bestbuy.com	HTTPS://WWW.BESTBUY.COM/SITE/BRANDS/GOVEE/PCMCAT1687358606242.C?ID=PCMCAT1687358606242
GZAMBER	ZAGG	bestbuy.com	HTTPS://WWW.BESTBUY.COM/SITE/BRANDS/ZAGG/PCMCAT1627051887365.C?ID=PCMCAT1627051887365
GZAMDZJ	ZAGG	bestbuy.com	HTTPS://WWW.BESTBUY.COM/SITE/BRANDS/ZAGG/PCMCAT1627051887365.C?ID=PCMCAT1627051887365
HAAYTOUNGER	HAIER	bestbuy.com	HTTPS://WWW.BESTBUY.COM/SITE/BRANDS/HAIER/PCMCAT1555352001527.C?ID=PCMCAT1555352001527
HAEWLEAR	HAIER	bestbuy.com	HTTPS://WWW.BESTBUY.COM/SITE/BRANDS/HAIER/PCMCAT1555352001527.C?ID=PCMCAT1555352001527
HAHRIR	HAIER	bestbuy.com	HTTPS://WWW.BESTBUY.COM/SITE/BRANDS/HAIER/PCMCAT1555352001527.C?ID=PCMCAT1555352001527
HAIDERPARY	HAIER	bestbuy.com	HTTPS://WWW.BESTBUY.COM/SITE/BRANDS/HAIER/PCMCAT1555352001527.C?ID=PCMCAT1555352001527
HAIER	HAIER	bestbuy.com	HTTPS://WWW.BESTBUY.COM/SITE/BRANDS/HAIER/PCMCAT1555352001527.C?ID=PCMCAT1555352001527
HAIERC	HAIER	bestbuy.com	HTTPS://WWW.BESTBUY.COM/SITE/BRANDS/HAIER/PCMCAT1555352001527.C?ID=PCMCAT1555352001527
HAIERCOMPANY	HAIER	bestbuy.com	HTTPS://WWW.BESTBUY.COM/SITE/BRANDS/HAIER/PCMCAT1555352001527.C?ID=PCMCAT1555352001527
HAIGOUER	HAIER	bestbuy.com	HTTPS://WWW.BESTBUY.COM/SITE/BRANDS/HAIER/PCMCAT1555352001527.C?ID=PCMCAT1555352001527
HAIIIER	HAIER	bestbuy.com	HTTPS://WWW.BESTBUY.COM/SITE/BRANDS/HAIER/PCMCAT1555352001527.C?ID=PCMCAT1555352001527
HAILTONBEACH	HAMILTONBEACH	bestbuy.com	HTTPS://WWW.BESTBUY.COM/SITE/BRANDS/HAMILTON-BEACH/PCMCAT1670966187657.C?ID=PCMCAT1670966187657
HAIVGEAR	HAIER	bestbuy.com	HTTPS://WWW.BESTBUY.COM/SITE/BRANDS/HAIER/PCMCAT1555352001527.C?ID=PCMCAT1555352001527
HAMBERTA	HAMILTONBEACH	bestbuy.com	HTTPS://WWW.BESTBUY.COM/SITE/BRANDS/HAMILTON-BEACH/PCMCAT1670966187657.C?ID=PCMCAT1670966187657
HAMILTONBAY	HAMILTONBEACH	bestbuy.com	HTTPS://WWW.BESTBUY.COM/SITE/BRANDS/HAMILTON-BEACH/PCMCAT1670966187657.C?ID=PCMCAT1670966187657
HAMILTONBEACH	HAMILTONBEACH	bestbuy.com	HTTPS://WWW.BESTBUY.COM/SITE/BRANDS/HAMILTON-BEACH/PCMCAT1670966187657.C?ID=PCMCAT1670966187657
HAMILTONBEACH298812POUNDBREADM	HAMILTONBEACH	bestbuy.com	HTTPS://WWW.BESTBUY.COM/SITE/BRANDS/HAMILTON-BEACH/PCMCAT1670966187657.C?ID=PCMCAT1670966187657
HAMILTONBEACHANDFARBERWARE	HAMILTONBEACH	bestbuy.com	HTTPS://WWW.BESTBUY.COM/SITE/BRANDS/HAMILTON-BEACH/PCMCAT1670966187657.C?ID=PCMCAT1670966187657
HAMILTONBEACHBRANDS	HAMILTONBEACH	bestbuy.com	HTTPS://WWW.BESTBUY.COM/SITE/BRANDS/HAMILTON-BEACH/PCMCAT1670966187657.C?ID=PCMCAT1670966187657
HAMILTONBEACHBRNDS	HAMILTONBEACH	bestbuy.com	HTTPS://WWW.BESTBUY.COM/SITE/BRANDS/HAMILTON-BEACH/PCMCAT1670966187657.C?ID=PCMCAT1670966187657
HAMILTONBEACHHAMILTONBEACH	HAMILTONBEACH	bestbuy.com	HTTPS://WWW.BESTBUY.COM/SITE/BRANDS/HAMILTON-BEACH/PCMCAT1670966187657.C?ID=PCMCAT1670966187657
HAMILTONBEACHMODERNCHROME4SLICE	HAMILTONBEACH	bestbuy.com	HTTPS://WWW.BESTBUY.COM/SITE/BRANDS/HAMILTON-BEACH/PCMCAT1670966187657.C?ID=PCMCAT1670966187657
HAMILTONBEECH	HAMILTONBEACH	bestbuy.com	HTTPS://WWW.BESTBUY.COM/SITE/BRANDS/HAMILTON-BEACH/PCMCAT1670966187657.C?ID=PCMCAT1670966187657
HAMILTONEACH	HAMILTONBEACH	bestbuy.com	HTTPS://WWW.BESTBUY.COM/SITE/BRANDS/HAMILTON-BEACH/PCMCAT1670966187657.C?ID=PCMCAT1670966187657
HAMITONBEACH	HAMILTONBEACH	bestbuy.com	HTTPS://WWW.BESTBUY.COM/SITE/BRANDS/HAMILTON-BEACH/PCMCAT1670966187657.C?ID=PCMCAT1670966187657
HAMLTONBAY	HAMILTONBEACH	bestbuy.com	HTTPS://WWW.BESTBUY.COM/SITE/BRANDS/HAMILTON-BEACH/PCMCAT1670966187657.C?ID=PCMCAT1670966187657
HAPPLEE	APPLE	bestbuy.com	HTTPS://WWW.BESTBUY.COM/SITE/BRANDS/APPLE/PCMCAT128500050005.C?ID=PCMCAT128500050005
HAPPLR	APPLE	bestbuy.com	HTTPS://WWW.BESTBUY.COM/SITE/BRANDS/APPLE/PCMCAT128500050005.C?ID=PCMCAT128500050005
HAPYWAER	HAIER	bestbuy.com	HTTPS://WWW.BESTBUY.COM/SITE/BRANDS/HAIER/PCMCAT1555352001527.C?ID=PCMCAT1555352001527
HARIEEL	HAIER	bestbuy.com	HTTPS://WWW.BESTBUY.COM/SITE/BRANDS/HAIER/PCMCAT1555352001527.C?ID=PCMCAT1555352001527
HASENSE	HISENSE	bestbuy.com	HTTPS://WWW.BESTBUY.COM/SITE/BRANDS/HISENSE/PCMCAT748302046284.C?ID=PCMCAT748302046284
HCZCZX	HYPERX	bestbuy.com	HTTPS://WWW.BESTBUY.COM/SITE/BRANDS/HYPER-X/PCMCAT1593450963766.C?ID=PCMCAT1593450963766
HEARICX	HYPERX	bestbuy.com	HTTPS://WWW.BESTBUY.COM/SITE/BRANDS/HYPER-X/PCMCAT1593450963766.C?ID=PCMCAT1593450963766
HEEKLE	HEGEL	bestbuy.com	HTTPS://WWW.BESTBUY.COM/SITE/BRANDS/HEGEL/PCMCAT1760367911860.C?ID=PCMCAT1760367911860
HEGEDLE	HEGEL	bestbuy.com	HTTPS://WWW.BESTBUY.COM/SITE/BRANDS/HEGEL/PCMCAT1760367911860.C?ID=PCMCAT1760367911860
HEGLOW	HEGEL	bestbuy.com	HTTPS://WWW.BESTBUY.COM/SITE/BRANDS/HEGEL/PCMCAT1760367911860.C?ID=PCMCAT1760367911860
HEGOS	LEGO	bestbuy.com	HTTPS://WWW.BESTBUY.COM/SITE/BRANDS/LEGO/PCMCAT1500400921756.C?ID=PCMCAT1500400921756
