10LECCION	10LECCION	findthisbest.com	HTTPS://WWW.FINDTHISBEST.COM/BRAND/361858-10LECCION
1SWORD	1SWORD	findthisbest.com	HTTPS://WWW.FINDTHISBEST.COM/BRAND/363246-1SWORD
27HZYS	27HZYS	findthisbest.com	HTTPS://WWW.FINDTHISBEST.COM/BRAND/353659-27HZYS
2FUNGUYS	2FUNGUYS	findthisbest.com	HTTPS://WWW.FINDTHISBEST.COM/BRAND/63504-2FUNGUYS
2PMSPORTS	2PMSPORTS	findthisbest.com	HTTPS://WWW.FINDTHISBEST.COM/BRAND/19530-2PM-SPORTS
33000FT	33000FT	findthisbest.com	HTTPS://WWW.FINDTHISBEST.COM/BRAND/854289-33000FT
3AXE	3AXE	findthisbest.com	HTTPS://WWW.FINDTHISBEST.COM/BRAND/71040-3AXE
3CAYGDIRECT	3CAYGDIRECT	findthisbest.com	HTTPS://WWW.FINDTHISBEST.COM/BRAND/187032-3CAYG-DIRECT
3DF3DFILAMENTS	3DF3DFILAMENTS	findthisbest.com	HTTPS://WWW.FINDTHISBEST.COM/BRAND/605101-3DF-3DFILAMENTS
3DHEAVEN	3DHEAVEN	findthisbest.com	HTTPS://WWW.FINDTHISBEST.COM/BRAND/32517-3DHEAVEN
3GRACE	3GRACE	findthisbest.com	HTTPS://WWW.FINDTHISBEST.COM/BRAND/733311-3GRACE
3MIRRORS	3MIRRORS	findthisbest.com	HTTPS://WWW.FINDTHISBEST.COM/BRAND/75887-3MIRRORS
45MINBEDFRAME	45MINST	findthisbest.com	HTTPS://WWW.FINDTHISBEST.COM/BRAND/235375-45MINST
4BENEFIT	4BENEFIT	findthisbest.com	HTTPS://WWW.FINDTHISBEST.COM/BRAND/440700-4BENEFIT
4CLAWS	4CLAWS	findthisbest.com	HTTPS://WWW.FINDTHISBEST.COM/BRAND/845675-4CLAWS
4OURKIDDIES	4OURKIDDIES	findthisbest.com	HTTPS://WWW.FINDTHISBEST.COM/BRAND/42937-4OUR-KIDDIES
4VWIN	4VWIN	findthisbest.com	HTTPS://WWW.FINDTHISBEST.COM/BRAND/109184-4VWIN
5MOONSUN5	5MOONSUN5	findthisbest.com	HTTPS://WWW.FINDTHISBEST.COM/BRAND/166096-5MOONSUN5
5STARSUPERDEALS	5STARSUPERDEALS	findthisbest.com	HTTPS://WWW.FINDTHISBEST.COM/BRAND/207242-5-STAR-SUPER-DEALS
69BOURBONS	69BOURBONS	findthisbest.com	HTTPS://WWW.FINDTHISBEST.COM/BRAND/540077-69-BOURBONS
69GONINE	69GONINE	findthisbest.com	HTTPS://WWW.FINDTHISBEST.COM/BRAND/9323-69-GONINE
77L	77L	findthisbest.com	HTTPS://WWW.FINDTHISBEST.COM/BRAND/15979-77L
7D24HCARE	7D24HCARE	findthisbest.com	HTTPS://WWW.FINDTHISBEST.COM/BRAND/899000-7D24HCARE
7DIPT	7DIPT	findthisbest.com	HTTPS://WWW.FINDTHISBEST.COM/BRAND/218500-7DIPT
7IPER	7IPER	findthisbest.com	HTTPS://WWW.FINDTHISBEST.COM/BRAND/190745-7IPER
7PUPPET	JIUFOTK	findthisbest.com	HTTPS://WWW.FINDTHISBEST.COM/BRAND/420687-JIUFOTK
9527PRODUCT	9527PRODUCT	findthisbest.com	HTTPS://WWW.FINDTHISBEST.COM/BRAND/59267-9527-PRODUCT
999WORLDMALL	999WORLDMALL	findthisbest.com	HTTPS://WWW.FINDTHISBEST.COM/BRAND/167922-999WORLD-MALL
9BUILD	9BUILD	findthisbest.com	HTTPS://WWW.FINDTHISBEST.COM/BRAND/595609-9BUILD
9EZTROPICAL	9EZTROPICAL	findthisbest.com	HTTPS://WWW.FINDTHISBEST.COM/BRAND/173354-9EZTROPICAL
9HORN	9HORN	findthisbest.com	HTTPS://WWW.FINDTHISBEST.COM/BRAND/405770-9HORN
AAISILAN	AAISILAN	findthisbest.com	HTTPS://WWW.FINDTHISBEST.COM/BRAND/214537-A-AISILAN
AANLEOLIFE	AANLEOLIFE	findthisbest.com	HTTPS://WWW.FINDTHISBEST.COM/BRAND/57812-A-ANLEOLIFE
ABAZAR	ABAZAR	findthisbest.com	HTTPS://WWW.FINDTHISBEST.COM/BRAND/288925-ABAZAR
ABBIDOT	ABBIDOT	findthisbest.com	HTTPS://WWW.FINDTHISBEST.COM/BRAND/553526-ABBIDOT
ABBOTECH	ABBOTECH	findthisbest.com	HTTPS://WWW.FINDTHISBEST.COM/BRAND/49652-ABBOTECH
ABCGEMSUSA	ABCGEMSUSA	findthisbest.com	HTTPS://WWW.FINDTHISBEST.COM/BRAND/329796-ABC-GEMS-USA
ABCODIRECT	ABCOTECH	findthisbest.com	HTTPS://WWW.FINDTHISBEST.COM/BRAND/6850-ABCO-TECH
ABCODIRECT	EBUNG	findthisbest.com	HTTPS://WWW.FINDTHISBEST.COM/BRAND/6844-EBUNG
ABENDEDIAN	ABENDEDIAN	findthisbest.com	HTTPS://WWW.FINDTHISBEST.COM/BRAND/85190-ABENDEDIAN
ABERLLS	ABERLLS	findthisbest.com	HTTPS://WWW.FINDTHISBEST.COM/BRAND/371143-ABERLLS
ABETREE	ABETREE	findthisbest.com	HTTPS://WWW.FINDTHISBEST.COM/BRAND/850388-ABETREE
ABIZOE	ABIZOE	findthisbest.com	HTTPS://WWW.FINDTHISBEST.COM/BRAND/330481-ABIZOE
ABLECHIEN	ABLECHIEN	findthisbest.com	HTTPS://WWW.FINDTHISBEST.COM/BRAND/741684-ABLECHIEN
ABLEWE	ABLEWE	findthisbest.com	HTTPS://WWW.FINDTHISBEST.COM/BRAND/785-ABLEWE
ABOTEC	ABOTEC	findthisbest.com	HTTPS://WWW.FINDTHISBEST.COM/BRAND/664303-ABOTEC
ABOUTBIT	ABOUTBIT	findthisbest.com	HTTPS://WWW.FINDTHISBEST.COM/BRAND/5324-ABOUTBIT
ABRAFOX	ABRAFOX	findthisbest.com	HTTPS://WWW.FINDTHISBEST.COM/BRAND/278095-ABRA-FOX
ABRAPEDIC	ABRIPEDIC	findthisbest.com	HTTPS://WWW.FINDTHISBEST.COM/BRAND/225189-ABRIPEDIC
ABRASTICLE	ABRASTICLE	findthisbest.com	HTTPS://WWW.FINDTHISBEST.COM/BRAND/733039-ABRASTICLE
ABROMAN	ABROMAN	findthisbest.com	HTTPS://WWW.FINDTHISBEST.COM/BRAND/438063-ABROMAN
ABSOLUTELIVING	ABSOLUTELIVING	findthisbest.com	HTTPS://WWW.FINDTHISBEST.COM/BRAND/19265-ABSOLUTE-LIVING
ABSOLUTESUPPORT	ABSOLUTESUPPORT	findthisbest.com	HTTPS://WWW.FINDTHISBEST.COM/BRAND/6256-ABSOLUTE-SUPPORT
ABSOSO	ABSOSO	findthisbest.com	HTTPS://WWW.FINDTHISBEST.COM/BRAND/288295-ABSOSO
ABTOHE	ABTOHE	findthisbest.com	HTTPS://WWW.FINDTHISBEST.COM/BRAND/914220-ABTOHE
ABTOR	ABTOR	findthisbest.com	HTTPS://WWW.FINDTHISBEST.COM/BRAND/898519-ABTOR
ABURAEART	ABURAEART	findthisbest.com	HTTPS://WWW.FINDTHISBEST.COM/BRAND/420175-ABURAEART
ABVOT	ABVOT	findthisbest.com	HTTPS://WWW.FINDTHISBEST.COM/BRAND/353196-ABVOT
ACAINE	ACAINE	findthisbest.com	HTTPS://WWW.FINDTHISBEST.COM/BRAND/266190-ACAINE
ACAXIN	ACAXIN	findthisbest.com	HTTPS://WWW.FINDTHISBEST.COM/BRAND/56144-ACAXIN
ACBROAD	ACBROAD	findthisbest.com	HTTPS://WWW.FINDTHISBEST.COM/BRAND/277986-ACBROAD
ACCGUAN	ACCGUAN	findthisbest.com	HTTPS://WWW.FINDTHISBEST.COM/BRAND/15990-ACCGUAN
ACCNICC	ACCNICC	findthisbest.com	HTTPS://WWW.FINDTHISBEST.COM/BRAND/67147-ACCNICC
ACCPLANET	ACCPLANET	findthisbest.com	HTTPS://WWW.FINDTHISBEST.COM/BRAND/197770-ACC-PLANET
ACEBAFF	ACEBAFF	findthisbest.com	HTTPS://WWW.FINDTHISBEST.COM/BRAND/888220-ACEBAFF
ACEIRMC	ACEIRMC	findthisbest.com	HTTPS://WWW.FINDTHISBEST.COM/BRAND/164951-ACEIRMC
ACEKAR	ACEKAR	findthisbest.com	HTTPS://WWW.FINDTHISBEST.COM/BRAND/26815-ACEKAR
ACEKIT	ACEKIT	findthisbest.com	HTTPS://WWW.FINDTHISBEST.COM/BRAND/72968-ACEKIT
ACELANE	ACELANE	findthisbest.com	HTTPS://WWW.FINDTHISBEST.COM/BRAND/28437-ACELANE
ACESHION	ACESHION	findthisbest.com	HTTPS://WWW.FINDTHISBEST.COM/BRAND/494533-ACESHION
ACETEK	ACETEK	findthisbest.com	HTTPS://WWW.FINDTHISBEST.COM/BRAND/458109-ACETEK
ACJENY	AKOENY	findthisbest.com	HTTPS://WWW.FINDTHISBEST.COM/BRAND/72154-AKOENY
ACKYE	VEJESIME	findthisbest.com	HTTPS://WWW.FINDTHISBEST.COM/BRAND/590141-VEJESIME
ACMEAPPROVED	ACMEAPPROVED	findthisbest.com	HTTPS://WWW.FINDTHISBEST.COM/BRAND/424768-ACME-APPROVED
ACNUSIK	ACNUSIK	findthisbest.com	HTTPS://WWW.FINDTHISBEST.COM/BRAND/91183-ACNUSIK
ACOGEDOR	ACOGEDOR	findthisbest.com	HTTPS://WWW.FINDTHISBEST.COM/BRAND/15709-ACOGEDOR
ACOLARID	ACOLARID	findthisbest.com	HTTPS://WWW.FINDTHISBEST.COM/BRAND/667559-ACOLARID
ACONNET	ACONNET	findthisbest.com	HTTPS://WWW.FINDTHISBEST.COM/BRAND/23296-ACONNET
ACOSEXY	ACOSEXY	findthisbest.com	HTTPS://WWW.FINDTHISBEST.COM/BRAND/357753-ACOSEXY
ACPULSE	ACPULSE	findthisbest.com	HTTPS://WWW.FINDTHISBEST.COM/BRAND/101989-ACPULSE
ACRONDE	ACRONDE	findthisbest.com	HTTPS://WWW.FINDTHISBEST.COM/BRAND/118005-ACRONDE
ACROSSSEA	ACROSSSEA	findthisbest.com	HTTPS://WWW.FINDTHISBEST.COM/BRAND/602736-ACROSSSEA
ACRSIKR	ACRSIKR	findthisbest.com	HTTPS://WWW.FINDTHISBEST.COM/BRAND/368764-ACRSIKR
ACRUNU	ACRUNU	findthisbest.com	HTTPS://WWW.FINDTHISBEST.COM/BRAND/894195-ACRUNU
ACTFIRE	ACTFIRE	findthisbest.com	HTTPS://WWW.FINDTHISBEST.COM/BRAND/543359-ACT-FIRE
ACTIVEPROGEAR	ACTIVEPROGEAR	findthisbest.com	HTTPS://WWW.FINDTHISBEST.COM/BRAND/490811-ACTIVE-PRO-GEAR
ACTPE	ACTPE	findthisbest.com	HTTPS://WWW.FINDTHISBEST.COM/BRAND/190096-ACTPE
ACTREY	ACTREY	findthisbest.com	HTTPS://WWW.FINDTHISBEST.COM/BRAND/207280-ACTREY
ACUREST	ACUREST	findthisbest.com	HTTPS://WWW.FINDTHISBEST.COM/BRAND/906508-ACUREST
ACVOCE	ACVOCE	findthisbest.com	HTTPS://WWW.FINDTHISBEST.COM/BRAND/264372-ACVOCE
ADABOCUTE	ADABOCUTE	findthisbest.com	HTTPS://WWW.FINDTHISBEST.COM/BRAND/110966-ADABOCUTE
ADAFAZ	ADAFAZ	findthisbest.com	HTTPS://WWW.FINDTHISBEST.COM/BRAND/845638-ADAFAZ
ADANZST	ADANZ	findthisbest.com	HTTPS://WWW.FINDTHISBEST.COM/BRAND/287172-ADANZ
ADAZZO	ADAZZO	findthisbest.com	HTTPS://WWW.FINDTHISBEST.COM/BRAND/578871-ADAZZO
ADEDAD	ADEDAD	findthisbest.com	HTTPS://WWW.FINDTHISBEST.COM/BRAND/356827-ADEDAD
ADEDEO	ADEDEO	findthisbest.com	HTTPS://WWW.FINDTHISBEST.COM/BRAND/881144-ADEDEO
ADEMON	ADEMON	findthisbest.com	HTTPS://WWW.FINDTHISBEST.COM/BRAND/659751-ADEMON
ADEPTCHEF	ADEPTCHEF	findthisbest.com	HTTPS://WWW.FINDTHISBEST.COM/BRAND/33667-ADEPTCHEF
ADERSPORTINGGOODS	ADERSPORTINGGOODS	findthisbest.com	HTTPS://WWW.FINDTHISBEST.COM/BRAND/19414-ADER-SPORTING-GOODS
ADIBOSY	ADIBOSY	findthisbest.com	HTTPS://WWW.FINDTHISBEST.COM/BRAND/100550-ADIBOSY
ADISUN	ADISUN	findthisbest.com	HTTPS://WWW.FINDTHISBEST.COM/BRAND/335156-ADISUN
ADITUO	ADITUO	findthisbest.com	HTTPS://WWW.FINDTHISBEST.COM/BRAND/895437-ADITUO
ADIUPUL	ADIUPUL	findthisbest.com	HTTPS://WWW.FINDTHISBEST.COM/BRAND/616753-ADIUPUL
ADIYER	ADIYER	findthisbest.com	HTTPS://WWW.FINDTHISBEST.COM/BRAND/138338-ADIYER
ADKINSPROFESIONALLIGHTING	ADKINSPROFESSIONALLIGHTING	findthisbest.com	HTTPS://WWW.FINDTHISBEST.COM/BRAND/77774-ADKINS-PROFESSIONAL-LIGHTING
ADKWSE	ADKWSE	findthisbest.com	HTTPS://WWW.FINDTHISBEST.COM/BRAND/51314-ADKWSE
ADLMIREDBYNATURE	ADMIREDBYNATURE	findthisbest.com	HTTPS://WWW.FINDTHISBEST.COM/BRAND/68700-ADMIRED-BY-NATURE
ADONTZE	ADONTZE	findthisbest.com	HTTPS://WWW.FINDTHISBEST.COM/BRAND/673422-ADONTZE
ADOREAL	ADOREAL	findthisbest.com	HTTPS://WWW.FINDTHISBEST.COM/BRAND/259642-ADOREAL
ADOREEN	ADOREEN	findthisbest.com	HTTPS://WWW.FINDTHISBEST.COM/BRAND/367875-ADOREEN
ADOREVER	ADOREVER	findthisbest.com	HTTPS://WWW.FINDTHISBEST.COM/BRAND/49455-ADOREVER
ADRAMATA	ADRAMATA	findthisbest.com	HTTPS://WWW.FINDTHISBEST.COM/BRAND/95401-ADRAMATA
ADULOVE	ADULOVE	findthisbest.com	HTTPS://WWW.FINDTHISBEST.COM/BRAND/143682-ADULOVE
ADVANCEDSOUNDGROUP	ADVANCEDSOUNDGROUP	findthisbest.com	HTTPS://WWW.FINDTHISBEST.COM/BRAND/410277-ADVANCED-SOUND-GROUP
ADVANCEOUTDOOR	ADVANCEOUTDOOR	findthisbest.com	HTTPS://WWW.FINDTHISBEST.COM/BRAND/2406-ADVANCE-OUTDOOR
ADVENTURESEEKA	ADVENTURESEEKA	findthisbest.com	HTTPS://WWW.FINDTHISBEST.COM/BRAND/880000-ADVENTURE-SEEKA
ADVOKAIR	ADVOKAIR	findthisbest.com	HTTPS://WWW.FINDTHISBEST.COM/BRAND/355403-ADVOKAIR
AECKTECH	AECKTECH	findthisbest.com	HTTPS://WWW.FINDTHISBEST.COM/BRAND/16232-AECKTECH
AEDESARS	AEDESARS	findthisbest.com	HTTPS://WWW.FINDTHISBEST.COM/BRAND/275440-AEDES-ARS
AEDVOOUER	AEDVOOUER	findthisbest.com	HTTPS://WWW.FINDTHISBEST.COM/BRAND/100434-AEDVOOUER
AEGISPREMIUMLABELS	AEGISPREMIUMLABELS	findthisbest.com	HTTPS://WWW.FINDTHISBEST.COM/BRAND/59154-AEGIS-PREMIUM-LABELS
AELIOR	AELIOR	findthisbest.com	HTTPS://WWW.FINDTHISBEST.COM/BRAND/730556-AELIOR
AELITE	AELITEMEDICALPRODUCTS	findthisbest.com	HTTPS://WWW.FINDTHISBEST.COM/BRAND/916963-AELITE-MEDICAL-PRODUCTS
AELIUSSINE	AELIUSSINE	findthisbest.com	HTTPS://WWW.FINDTHISBEST.COM/BRAND/287094-AELIUSSINE
AELSON	AELSON	findthisbest.com	HTTPS://WWW.FINDTHISBEST.COM/BRAND/97354-AELSON
AENLLOSI	AENLLOSI	findthisbest.com	HTTPS://WWW.FINDTHISBEST.COM/BRAND/7238-AENLLOSI
AENNEBABY	AENNEBABY	findthisbest.com	HTTPS://WWW.FINDTHISBEST.COM/BRAND/388646-AENNE-BABY
AEOLUSDOWN	AEOLUSDOWN	findthisbest.com	HTTPS://WWW.FINDTHISBEST.COM/BRAND/224850-AEOLUS-DOWN
AESTIVATE	AESTIVATE	findthisbest.com	HTTPS://WWW.FINDTHISBEST.COM/BRAND/155133-AESTIVATE
AETHLAND	AETHLAND	findthisbest.com	HTTPS://WWW.FINDTHISBEST.COM/BRAND/258789-AETHLAND
AFAITH	AFAITH	findthisbest.com	HTTPS://WWW.FINDTHISBEST.COM/BRAND/5186-AFAITH
AFANECHO	AFANSO	findthisbest.com	HTTPS://WWW.FINDTHISBEST.COM/BRAND/4091-AFANSO
AFANSO	AFANSO	findthisbest.com	HTTPS://WWW.FINDTHISBEST.COM/BRAND/4091-AFANSO
AFATI	AFATI	findthisbest.com	HTTPS://WWW.FINDTHISBEST.COM/BRAND/909061-AFATI
AFEXOA	AFEXOA	findthisbest.com	HTTPS://WWW.FINDTHISBEST.COM/BRAND/777798-AFEXOA
AFFLANO	AFFLANO	findthisbest.com	HTTPS://WWW.FINDTHISBEST.COM/BRAND/53186-AFFLANO
AFOUNDA	AFOUNDA	findthisbest.com	HTTPS://WWW.FINDTHISBEST.COM/BRAND/637908-AFOUNDA
AFRESCHISRL	AFRESCHISRL	findthisbest.com	HTTPS://WWW.FINDTHISBEST.COM/BRAND/57533-A-FRESCHI-SRL
AGATIGE	AGATIGE	findthisbest.com	HTTPS://WWW.FINDTHISBEST.COM/BRAND/68601-AGATIGE
AGDOAD	AGDOAD	findthisbest.com	HTTPS://WWW.FINDTHISBEST.COM/BRAND/667170-AGDOAD
AGEDATE	AGEDATE	findthisbest.com	HTTPS://WWW.FINDTHISBEST.COM/BRAND/111412-AGEDATE
AGIIMANAGIIMAN	AGIIMAN	findthisbest.com	HTTPS://WWW.FINDTHISBEST.COM/BRAND/17264-AGIIMAN
AGILLY	AGILLY	findthisbest.com	HTTPS://WWW.FINDTHISBEST.COM/BRAND/351642-AGILLY
AGTHYUVE	AGTHYUVE	findthisbest.com	HTTPS://WWW.FINDTHISBEST.COM/BRAND/567999-AGTHYUVE
AGUIFLGS	AGUIFLGS	findthisbest.com	HTTPS://WWW.FINDTHISBEST.COM/BRAND/681235-AGUIFLGS
AGVLIGHTING	AGVLIGHTING	findthisbest.com	HTTPS://WWW.FINDTHISBEST.COM/BRAND/641538-AGV-LIGHTING
AGWANIHANDICRAFT	AGWANIHANDICRAFT	findthisbest.com	HTTPS://WWW.FINDTHISBEST.COM/BRAND/758675-AGWANI-HANDICRAFT
AHEYIDA	AHEYIDA	findthisbest.com	HTTPS://WWW.FINDTHISBEST.COM/BRAND/91253-A-HEYIDA
AHSELLUS	AHSELLUS	findthisbest.com	HTTPS://WWW.FINDTHISBEST.COM/BRAND/314892-AHSELLUS
AHYBZN	AHYBZN	findthisbest.com	HTTPS://WWW.FINDTHISBEST.COM/BRAND/485741-AHYBZN
AIBEAMER	AIBEAMER	findthisbest.com	HTTPS://WWW.FINDTHISBEST.COM/BRAND/566131-AIBEAMER
AIBOHAYI	AIBOHAYI	findthisbest.com	HTTPS://WWW.FINDTHISBEST.COM/BRAND/595958-AIBOHAYI
AIBOONDEE	AIBOONDEE	findthisbest.com	HTTPS://WWW.FINDTHISBEST.COM/BRAND/842594-AIBOONDEE
AIBORS	AIBORS	findthisbest.com	HTTPS://WWW.FINDTHISBEST.COM/BRAND/38077-AIBORS
AIBRITPRO	AIBRITPRO	findthisbest.com	HTTPS://WWW.FINDTHISBEST.COM/BRAND/839866-AIBRIT-PRO
AICHEF	AICHEF	findthisbest.com	HTTPS://WWW.FINDTHISBEST.COM/BRAND/868563-AICHEF
AICOSUN	ONLYLUX	findthisbest.com	HTTPS://WWW.FINDTHISBEST.COM/BRAND/481200-ONLYLUX
AIDELIFE	AIDELIFE	findthisbest.com	HTTPS://WWW.FINDTHISBEST.COM/BRAND/267881-AIDELIFE
AIDILER	AIDILER	findthisbest.com	HTTPS://WWW.FINDTHISBEST.COM/BRAND/744529-AIDILER
AIEEFUN	AIEEFUN	findthisbest.com	HTTPS://WWW.FINDTHISBEST.COM/BRAND/214297-AIEEFUN
AIERNUO	AIERNUO	findthisbest.com	HTTPS://WWW.FINDTHISBEST.COM/BRAND/348593-AIERNUO
AIERNUO	FHZYTG	findthisbest.com	HTTPS://WWW.FINDTHISBEST.COM/BRAND/371842-FHZYTG
AIERXUAN	AIERXUAN	findthisbest.com	HTTPS://WWW.FINDTHISBEST.COM/BRAND/276826-AIERXUAN
AIFACAY	AIFACAY	findthisbest.com	HTTPS://WWW.FINDTHISBEST.COM/BRAND/55460-AIFACAY
AIFEEL	AIFEEL	findthisbest.com	HTTPS://WWW.FINDTHISBEST.COM/BRAND/34781-AIFEEL
AIFEIVICO	AIFEIVICO	findthisbest.com	HTTPS://WWW.FINDTHISBEST.COM/BRAND/622829-AIFEIVICO
AIFER	AIFER	findthisbest.com	HTTPS://WWW.FINDTHISBEST.COM/BRAND/97385-AIFER
AIGEAR	AIGEAR	findthisbest.com	HTTPS://WWW.FINDTHISBEST.COM/BRAND/265878-AIGEAR
AIGOSS	AIGOSS	findthisbest.com	HTTPS://WWW.FINDTHISBEST.COM/BRAND/5319-AIGOSS
AIGOZHE	AIGOZHE	findthisbest.com	HTTPS://WWW.FINDTHISBEST.COM/BRAND/777804-AIGOZHE
AIGREAT	AIGREAT	findthisbest.com	HTTPS://WWW.FINDTHISBEST.COM/BRAND/263412-AIGREAT
AIGYBOBO	AIGYBOBO	findthisbest.com	HTTPS://WWW.FINDTHISBEST.COM/BRAND/688626-AIGYBOBO
AIGYONX	AIGYONX	findthisbest.com	HTTPS://WWW.FINDTHISBEST.COM/BRAND/585203-AIGYONX
AIHOYE	AIHOYE	findthisbest.com	HTTPS://WWW.FINDTHISBEST.COM/BRAND/73606-AIHOYE
AIICIOO	AIICIOO	findthisbest.com	HTTPS://WWW.FINDTHISBEST.COM/BRAND/10597-AIICIOO
AIIYME	AIIYME	findthisbest.com	HTTPS://WWW.FINDTHISBEST.COM/BRAND/38078-AIIYME
AIKAMI	AIKAMI	findthisbest.com	HTTPS://WWW.FINDTHISBEST.COM/BRAND/900749-AIKAMI
AIKATE	AIKATE	findthisbest.com	HTTPS://WWW.FINDTHISBEST.COM/BRAND/27908-AIKATE
AIKENDO	AIKENDO	findthisbest.com	HTTPS://WWW.FINDTHISBEST.COM/BRAND/12554-AIKENDO
AIKERTEC	AIKERTEC	findthisbest.com	HTTPS://WWW.FINDTHISBEST.COM/BRAND/356455-AIKERTEC
AIKICO	AIKICO	findthisbest.com	HTTPS://WWW.FINDTHISBEST.COM/BRAND/276611-AIKICO
AIKKIL	AIKKIL	findthisbest.com	HTTPS://WWW.FINDTHISBEST.COM/BRAND/231392-AIKKIL
AIKNOWFOTO	AIKNOWFOTO	findthisbest.com	HTTPS://WWW.FINDTHISBEST.COM/BRAND/487321-AIKNOWFOTO
AIKOFUL	AIKOFUL	findthisbest.com	HTTPS://WWW.FINDTHISBEST.COM/BRAND/152292-AIKOFUL
AIKS	AIKS	findthisbest.com	HTTPS://WWW.FINDTHISBEST.COM/BRAND/402616-AIKS
AILEMEIDIRECT	AILEMEIDIRECT	findthisbest.com	HTTPS://WWW.FINDTHISBEST.COM/BRAND/598049-AILEMEI-DIRECT
AILEMON	AILEMON	findthisbest.com	HTTPS://WWW.FINDTHISBEST.COM/BRAND/45732-AILEMON
AILEO	AILEO	findthisbest.com	HTTPS://WWW.FINDTHISBEST.COM/BRAND/287495-AILEO
AILESSOM	AILESSOM	findthisbest.com	HTTPS://WWW.FINDTHISBEST.COM/BRAND/545327-AILESSOM
AILINKE	AILINKE	findthisbest.com	HTTPS://WWW.FINDTHISBEST.COM/BRAND/275891-AILINKE
AILUKA	AILAKA	findthisbest.com	HTTPS://WWW.FINDTHISBEST.COM/BRAND/112831-AILAKA
AILWYN	AILWYN	findthisbest.com	HTTPS://WWW.FINDTHISBEST.COM/BRAND/517466-AILWYN
AIMCARE	AIMCARE	findthisbest.com	HTTPS://WWW.FINDTHISBEST.COM/BRAND/308591-AIMCARE
AIMCOO	AIMCOO	findthisbest.com	HTTPS://WWW.FINDTHISBEST.COM/BRAND/95964-AIMCOO
AIMPIRE	AIMPIRE	findthisbest.com	HTTPS://WWW.FINDTHISBEST.COM/BRAND/201067-AIMPIRE
AIMSUMY	AIMSUMY	findthisbest.com	HTTPS://WWW.FINDTHISBEST.COM/BRAND/901904-AIMSUMY
AINIEL	AINIEL	findthisbest.com	HTTPS://WWW.FINDTHISBEST.COM/BRAND/215271-AINIEL
AINIMIU	AINIMIU	findthisbest.com	HTTPS://WWW.FINDTHISBEST.COM/BRAND/311086-AINIMIU
AINOLWAY	AINOLWAY	findthisbest.com	HTTPS://WWW.FINDTHISBEST.COM/BRAND/156978-AINOLWAY
AIOLOINNOVATION	AIOLOINNOVATION	findthisbest.com	HTTPS://WWW.FINDTHISBEST.COM/BRAND/874391-AIOLO-INNOVATION
AIOMEST	AIOMEST	findthisbest.com	HTTPS://WWW.FINDTHISBEST.COM/BRAND/265846-AIOMEST
AIOPR	AIOPR	findthisbest.com	HTTPS://WWW.FINDTHISBEST.COM/BRAND/358737-AIOPR
AIPICO	AIPICO	findthisbest.com	HTTPS://WWW.FINDTHISBEST.COM/BRAND/35453-AIPICO
AIQIUSHA	AIQIUSHA	findthisbest.com	HTTPS://WWW.FINDTHISBEST.COM/BRAND/47643-AIQIUSHA
AIRAND	AIRAND	findthisbest.com	HTTPS://WWW.FINDTHISBEST.COM/BRAND/80415-AIRAND
AIRGJOB	AIRGJOB	findthisbest.com	HTTPS://WWW.FINDTHISBEST.COM/BRAND/914756-AIRGJOB
AIRITON	AIRITON	findthisbest.com	HTTPS://WWW.FINDTHISBEST.COM/BRAND/288074-AIRITON
AIRMALLTEC	AIRMALLTEC	findthisbest.com	HTTPS://WWW.FINDTHISBEST.COM/BRAND/375668-AIRMALL-TEC
AIRMONTPRODUCTS	AIRMONTPRODUCTS	findthisbest.com	HTTPS://WWW.FINDTHISBEST.COM/BRAND/448601-AIRMONT-PRODUCTS
AIRNDEFENSE	AIRNDEFENSE	findthisbest.com	HTTPS://WWW.FINDTHISBEST.COM/BRAND/619383-AIRNDEFENSE
AIRPOWERAMERICA	AIRPOWERAMERICA	findthisbest.com	HTTPS://WWW.FINDTHISBEST.COM/BRAND/671825-AIRPOWER-AMERICA
AIRROYE	AIRROYE	findthisbest.com	HTTPS://WWW.FINDTHISBEST.COM/BRAND/53172-AIRROYE
AIRSEATINNOVATIONS	ASIAIRSEATINNOVATIONS	findthisbest.com	HTTPS://WWW.FINDTHISBEST.COM/BRAND/559791-ASI-AIR-SEAT-INNOVATIONS
AIRTECHNIK	AIRTECHNIK	findthisbest.com	HTTPS://WWW.FINDTHISBEST.COM/BRAND/303019-AIRTECHNIK
AIRUIDA	AIRUIDA	findthisbest.com	HTTPS://WWW.FINDTHISBEST.COM/BRAND/314507-AIRUIDA
AIRYABODE	AIRYABODE	findthisbest.com	HTTPS://WWW.FINDTHISBEST.COM/BRAND/888239-AIRY-ABODE
AIRYOYO	AIRYOYO	findthisbest.com	HTTPS://WWW.FINDTHISBEST.COM/BRAND/517096-AIRYOYO
AISEY	AISEY	findthisbest.com	HTTPS://WWW.FINDTHISBEST.COM/BRAND/45149-AISEY
AISHN	AISHN	findthisbest.com	HTTPS://WWW.FINDTHISBEST.COM/BRAND/117403-AISHN
AISIJIE	SURUIM	findthisbest.com	HTTPS://WWW.FINDTHISBEST.COM/BRAND/294048-SURUIM
AISITE	AISITE	findthisbest.com	HTTPS://WWW.FINDTHISBEST.COM/BRAND/573164-AISITE
AISITIN	AISITIN	findthisbest.com	HTTPS://WWW.FINDTHISBEST.COM/BRAND/38272-AISITIN
AISMRII	AISMRII	findthisbest.com	HTTPS://WWW.FINDTHISBEST.COM/BRAND/400501-AISMRII
AISOSO	AISOSO	findthisbest.com	HTTPS://WWW.FINDTHISBEST.COM/BRAND/78679-AISOSO
AISTO	AISTO	findthisbest.com	HTTPS://WWW.FINDTHISBEST.COM/BRAND/179654-AISTO
AISUNY	AISUNDY	findthisbest.com	HTTPS://WWW.FINDTHISBEST.COM/BRAND/395906-AISUNDY
AISYOKO	AISYOKO	findthisbest.com	HTTPS://WWW.FINDTHISBEST.COM/BRAND/909707-AISYOKO
AITATON	IFLASH	findthisbest.com	HTTPS://WWW.FINDTHISBEST.COM/BRAND/4909-IFLASH
AITEY	AITEY	findthisbest.com	HTTPS://WWW.FINDTHISBEST.COM/BRAND/3081-AITEY
AITEYAITEY	AITEY	findthisbest.com	HTTPS://WWW.FINDTHISBEST.COM/BRAND/3081-AITEY
AITITAN	AITITAN	findthisbest.com	HTTPS://WWW.FINDTHISBEST.COM/BRAND/446123-AITITAN
AIUHI	AIUHI	findthisbest.com	HTTPS://WWW.FINDTHISBEST.COM/BRAND/271996-AIUHI
AIUWO	AIUWO	findthisbest.com	HTTPS://WWW.FINDTHISBEST.COM/BRAND/383022-AIUWO
AIVATOBA	AIVATOBA	findthisbest.com	HTTPS://WWW.FINDTHISBEST.COM/BRAND/365911-AIVATOBA
AIWODE	AIWODE	findthisbest.com	HTTPS://WWW.FINDTHISBEST.COM/BRAND/301531-AIWODE
AIWORTH	AIWORTH	findthisbest.com	HTTPS://WWW.FINDTHISBEST.COM/BRAND/353-AIWORTH
AIYAKA	AIYAKA	findthisbest.com	HTTPS://WWW.FINDTHISBEST.COM/BRAND/324739-AIYAKA
AIYIBEN	AIYIBEN	findthisbest.com	HTTPS://WWW.FINDTHISBEST.COM/BRAND/296562-AIYIBEN
AJANTABELTSKFORCE	AJANTABELTSKFORCE	findthisbest.com	HTTPS://WWW.FINDTHISBEST.COM/BRAND/242781-AJANTA-BELTSK-FORCE
AJAXSCIENTIFIC	AJAXSCIENTIFIC	findthisbest.com	HTTPS://WWW.FINDTHISBEST.COM/BRAND/243681-AJAX-SCIENTIFIC
AJESDANI	AJESDANI	findthisbest.com	HTTPS://WWW.FINDTHISBEST.COM/BRAND/96977-AJESDANI
AJEZMAX	AJEZMAX	findthisbest.com	HTTPS://WWW.FINDTHISBEST.COM/BRAND/72466-AJEZMAX
AJMYONSP	AJMYONSP	findthisbest.com	HTTPS://WWW.FINDTHISBEST.COM/BRAND/8602-AJMYONSP
AKALULI	AKALULI	findthisbest.com	HTTPS://WWW.FINDTHISBEST.COM/BRAND/865570-AKALULI
AKARISHIN	ARIKASHIN	findthisbest.com	HTTPS://WWW.FINDTHISBEST.COM/BRAND/906914-ARIKASHIN
AKARSOLY	AKARSOLY	findthisbest.com	HTTPS://WWW.FINDTHISBEST.COM/BRAND/402987-AKARSOLY
AKASPORTSGEAR	AKASPORTSGEAR	findthisbest.com	HTTPS://WWW.FINDTHISBEST.COM/BRAND/18471-AKA-SPORTS-GEAR
AKEFIT	AKEFIT	findthisbest.com	HTTPS://WWW.FINDTHISBEST.COM/BRAND/11787-AKEFIT
AKEHUOENG	AKEWEI	findthisbest.com	HTTPS://WWW.FINDTHISBEST.COM/BRAND/142541-AKEWEI
AKEWEI	AKEWEI	findthisbest.com	HTTPS://WWW.FINDTHISBEST.COM/BRAND/142541-AKEWEI
AKFIRE	AKFIRE	findthisbest.com	HTTPS://WWW.FINDTHISBEST.COM/BRAND/304158-AKFIRE
AKIHISA	AKIHISA	findthisbest.com	HTTPS://WWW.FINDTHISBEST.COM/BRAND/351961-AKIHISA
AKINERRI	AKINERRI	findthisbest.com	HTTPS://WWW.FINDTHISBEST.COM/BRAND/16684-AKINERRI
AKIQUART	AKIORGANIC	findthisbest.com	HTTPS://WWW.FINDTHISBEST.COM/BRAND/219495-AKI-ORGANIC
AKIVIDE	AKIVIDE	findthisbest.com	HTTPS://WWW.FINDTHISBEST.COM/BRAND/179572-AKIVIDE
AKOENY	AKOENY	findthisbest.com	HTTPS://WWW.FINDTHISBEST.COM/BRAND/72154-AKOENY
AKSONIC	AKSONIC	findthisbest.com	HTTPS://WWW.FINDTHISBEST.COM/BRAND/595913-AKSONIC
AKUSAKO	AKUSAKO	findthisbest.com	HTTPS://WWW.FINDTHISBEST.COM/BRAND/516622-AKUSAKO
ALAGOO	ALAGOO	findthisbest.com	HTTPS://WWW.FINDTHISBEST.COM/BRAND/538130-ALAGOO
ALATHOTE	ALATHOTE	findthisbest.com	HTTPS://WWW.FINDTHISBEST.COM/BRAND/904997-ALATHOTE
ALAZA	ALAZA	findthisbest.com	HTTPS://WWW.FINDTHISBEST.COM/BRAND/2393-ALAZA
ALBERTODANELLI	ALBERTODANELLI	findthisbest.com	HTTPS://WWW.FINDTHISBEST.COM/BRAND/262880-ALBERTO-DANELLI
ALCHEMYBARGOODS	ALCHEMYBARGOODS	findthisbest.com	HTTPS://WWW.FINDTHISBEST.COM/BRAND/417634-ALCHEMY-BAR-GOODS
ALEEMA	ALEEMA	findthisbest.com	HTTPS://WWW.FINDTHISBEST.COM/BRAND/344946-ALEEMA
ALEXHOME	ALEXHOME	findthisbest.com	HTTPS://WWW.FINDTHISBEST.COM/BRAND/548605-ALEXHOME
ALGREENFORMATAUDIOCD	ALGREENPRODUCTS	findthisbest.com	HTTPS://WWW.FINDTHISBEST.COM/BRAND/806411-ALGREEN-PRODUCTS
ALHAKIN	ALHAKIN	findthisbest.com	HTTPS://WWW.FINDTHISBEST.COM/BRAND/23489-ALHAKIN
ALIBEISS	ALIBEISS	findthisbest.com	HTTPS://WWW.FINDTHISBEST.COM/BRAND/55433-ALIBEISS
ALIDE	ALIDE	findthisbest.com	HTTPS://WWW.FINDTHISBEST.COM/BRAND/222226-ALIDE
ALIERGO	ALIERGO	findthisbest.com	HTTPS://WWW.FINDTHISBEST.COM/BRAND/847174-ALIERGO
ALIFA	ALIFA	findthisbest.com	HTTPS://WWW.FINDTHISBEST.COM/BRAND/336375-ALIFA
ALIFISH	ALIFISH	findthisbest.com	HTTPS://WWW.FINDTHISBEST.COM/BRAND/180221-ALIFISH
ALIKIDS	ALIKIDS	findthisbest.com	HTTPS://WWW.FINDTHISBEST.COM/BRAND/57143-ALIKIDS
ALINSEA	ALINSEA	findthisbest.com	HTTPS://WWW.FINDTHISBEST.COM/BRAND/189261-ALINSEA
ALISINSEN	ALISINSEN	findthisbest.com	HTTPS://WWW.FINDTHISBEST.COM/BRAND/485216-ALISINSEN
ALIVILAYFASHION	ALIVILAYFASHION	findthisbest.com	HTTPS://WWW.FINDTHISBEST.COM/BRAND/95459-ALIVILAY-FASHION
ALIYADUO	ALIYADUO	findthisbest.com	HTTPS://WWW.FINDTHISBEST.COM/BRAND/35390-ALIYADUO
ALLABOUTADAPTERS	ALLABOUTADAPTERS	findthisbest.com	HTTPS://WWW.FINDTHISBEST.COM/BRAND/32596-ALLABOUTADAPTERS
ALLABOUTSLA	ALLABOUTSLA	findthisbest.com	HTTPS://WWW.FINDTHISBEST.COM/BRAND/872435-ALLABOUTSLA
ALLARALLVR	ALLARALLVR	findthisbest.com	HTTPS://WWW.FINDTHISBEST.COM/BRAND/659023-ALLARALLVR
ALLARTONLY	ALLARTONLY	findthisbest.com	HTTPS://WWW.FINDTHISBEST.COM/BRAND/343514-ALLARTONLY
ALLAURA	ALLAURA	findthisbest.com	HTTPS://WWW.FINDTHISBEST.COM/BRAND/85133-ALLAURA
ALLBINGO	ALLBINGO	findthisbest.com	HTTPS://WWW.FINDTHISBEST.COM/BRAND/210241-ALLBINGO
ALLDAILY	ALLDAILY	findthisbest.com	HTTPS://WWW.FINDTHISBEST.COM/BRAND/707117-ALLDAILY
ALLEK	ALLEK	findthisbest.com	HTTPS://WWW.FINDTHISBEST.COM/BRAND/109211-ALLEK
ALLIABLEMEDICAL	ALLIABLEMEDICAL	findthisbest.com	HTTPS://WWW.FINDTHISBEST.COM/BRAND/442179-ALLIABLE-MEDICAL
ALLINKO	ALLINKO	findthisbest.com	HTTPS://WWW.FINDTHISBEST.COM/BRAND/283389-ALLINKO
ALLISABLE	ALLISABLE	findthisbest.com	HTTPS://WWW.FINDTHISBEST.COM/BRAND/377247-ALLISABLE
ALLMUIS	ALLMUIS	findthisbest.com	HTTPS://WWW.FINDTHISBEST.COM/BRAND/157617-ALLMUIS
ALLNESS	ALLNESS	findthisbest.com	HTTPS://WWW.FINDTHISBEST.COM/BRAND/402802-ALLNESS
ALLNESSGROUP	ALLNESS	findthisbest.com	HTTPS://WWW.FINDTHISBEST.COM/BRAND/402802-ALLNESS
ALLPRETTYALL	ALLPRETTYALL	findthisbest.com	HTTPS://WWW.FINDTHISBEST.COM/BRAND/90160-ALLPRETTYALL
ALLPRIMO	ALLPRIMO	findthisbest.com	HTTPS://WWW.FINDTHISBEST.COM/BRAND/345853-ALLPRIMO
ALLRIER	ALLRIER	findthisbest.com	HTTPS://WWW.FINDTHISBEST.COM/BRAND/118391-ALLRIER
ALLSUM	ALLSUM	findthisbest.com	HTTPS://WWW.FINDTHISBEST.COM/BRAND/30013-ALLSUM
ALLTO	ALLTOSOLAR	findthisbest.com	HTTPS://WWW.FINDTHISBEST.COM/BRAND/599772-ALLTO-SOLAR
ALLTURN	ALLTURN	findthisbest.com	HTTPS://WWW.FINDTHISBEST.COM/BRAND/532163-ALLTURN
ALLYLANG	ALLYLANG	findthisbest.com	HTTPS://WWW.FINDTHISBEST.COM/BRAND/466253-ALLYLANG
ALMCMY	ALMCMY	findthisbest.com	HTTPS://WWW.FINDTHISBEST.COM/BRAND/659246-ALMCMY
ALMOONI	ALMOONI	findthisbest.com	HTTPS://WWW.FINDTHISBEST.COM/BRAND/55839-ALMOONI
ALOHAEYEWEARGROUP	ALOHAEYEWEAR	findthisbest.com	HTTPS://WWW.FINDTHISBEST.COM/BRAND/220491-ALOHA-EYEWEAR
ALOVEXIONG	ALOVEXIONG	findthisbest.com	HTTPS://WWW.FINDTHISBEST.COM/BRAND/39290-ALOVEXIONG
ALPHARIDER	ALPHARIDER	findthisbest.com	HTTPS://WWW.FINDTHISBEST.COM/BRAND/75549-ALPHA-RIDER
ALPHINO	ALPHINO	findthisbest.com	HTTPS://WWW.FINDTHISBEST.COM/BRAND/559783-ALPHINO
ALPREE	ALPREE	findthisbest.com	HTTPS://WWW.FINDTHISBEST.COM/BRAND/256051-ALPREE
ALSISK	ALSISK	findthisbest.com	HTTPS://WWW.FINDTHISBEST.COM/BRAND/120640-ALSISK
ALSVARIETY	ALSVARIETY	findthisbest.com	HTTPS://WWW.FINDTHISBEST.COM/BRAND/49466-ALS-VARIETY
ALTAIREGA	ALTAIREGA	findthisbest.com	HTTPS://WWW.FINDTHISBEST.COM/BRAND/399852-ALTAIREGA
ALTOBOOC	EVAHAB	findthisbest.com	HTTPS://WWW.FINDTHISBEST.COM/BRAND/517609-EVAHAB
ALUOCYI	ALUOCYI	findthisbest.com	HTTPS://WWW.FINDTHISBEST.COM/BRAND/153320-ALUOCYI
ALVADE	ALVADE	findthisbest.com	HTTPS://WWW.FINDTHISBEST.COM/BRAND/362927-ALVADE
ALWAYSLUX	ALWAYSLUX	findthisbest.com	HTTPS://WWW.FINDTHISBEST.COM/BRAND/47816-ALWAYSLUX
ALYSONTECH	ALYSONTECH	findthisbest.com	HTTPS://WWW.FINDTHISBEST.COM/BRAND/324253-ALYSONTECH
ALYTIMES	ALYTIMES	findthisbest.com	HTTPS://WWW.FINDTHISBEST.COM/BRAND/129753-ALYTIMES
ALZOEAR	ALZOEAR	findthisbest.com	HTTPS://WWW.FINDTHISBEST.COM/BRAND/635280-ALZOEAR
AM1NAH	AMINAHDECO	findthisbest.com	HTTPS://WWW.FINDTHISBEST.COM/BRAND/887466-AMINAH-DECO
AMADAHOMEFURNISHING	AMADAHOMEFURNISHING	findthisbest.com	HTTPS://WWW.FINDTHISBEST.COM/BRAND/37677-AMADA-HOMEFURNISHING
AMADAHOUSEFURNISHING	AMADAHOMEFURNISHING	findthisbest.com	HTTPS://WWW.FINDTHISBEST.COM/BRAND/37677-AMADA-HOMEFURNISHING
AMAGABELIGARDENANDHOME	AMAGABELIGARDENHOME	findthisbest.com	HTTPS://WWW.FINDTHISBEST.COM/BRAND/2345-AMAGABELI-GARDEN-HOME
AMAGABELIGARDENHOME	AMAGABELIGARDENHOME	findthisbest.com	HTTPS://WWW.FINDTHISBEST.COM/BRAND/2345-AMAGABELI-GARDEN-HOME
AMAGEBELLI	AMAGABELIGARDENHOME	findthisbest.com	HTTPS://WWW.FINDTHISBEST.COM/BRAND/2345-AMAGABELI-GARDEN-HOME
AMAGICAL	AMAGICAL	findthisbest.com	HTTPS://WWW.FINDTHISBEST.COM/BRAND/179700-AMAGICAL
AMAGLE	AMAGLE	findthisbest.com	HTTPS://WWW.FINDTHISBEST.COM/BRAND/213467-AMAGLE
AMAILTOM	AMAILTOM	findthisbest.com	HTTPS://WWW.FINDTHISBEST.COM/BRAND/214369-AMAILTOM
AMAKER	AMAKER	findthisbest.com	HTTPS://WWW.FINDTHISBEST.COM/BRAND/546671-AMAKER
AMAKISKINCARE	AMAKISKINCARE	findthisbest.com	HTTPS://WWW.FINDTHISBEST.COM/BRAND/187314-AMAKI-SKINCARE
AMAKUNFT	AMAKUNFT	findthisbest.com	HTTPS://WWW.FINDTHISBEST.COM/BRAND/17153-AMAKUNFT
AMALEKO	AMALEKO	findthisbest.com	HTTPS://WWW.FINDTHISBEST.COM/BRAND/878323-AMALEKO
AMAMBA	AMAMBA	findthisbest.com	HTTPS://WWW.FINDTHISBEST.COM/BRAND/447443-AMAMBA
AMARTISAN	AMARTISAN	findthisbest.com	HTTPS://WWW.FINDTHISBEST.COM/BRAND/3698-AMARTISAN
AMASKY	AMASKY	findthisbest.com	HTTPS://WWW.FINDTHISBEST.COM/BRAND/129982-AMASKY
AMAWARM	AMAWARM	findthisbest.com	HTTPS://WWW.FINDTHISBEST.COM/BRAND/871662-AMAWARM
AMAZECO	AMAZECO	findthisbest.com	HTTPS://WWW.FINDTHISBEST.COM/BRAND/556609-AMAZECO
AMAZINGBABY	AMAZINGBABY	findthisbest.com	HTTPS://WWW.FINDTHISBEST.COM/BRAND/184467-AMAZING-BABY
AMAZINGCHILESSPICES	AMAZINGCHILESSPICES	findthisbest.com	HTTPS://WWW.FINDTHISBEST.COM/BRAND/337337-AMAZING-CHILES-SPICES
AMAZINGWARE	AMAZINGWARE	findthisbest.com	HTTPS://WWW.FINDTHISBEST.COM/BRAND/66828-AMAZINGWARE
AMBEE21	AMBEE21	findthisbest.com	HTTPS://WWW.FINDTHISBEST.COM/BRAND/308181-AMBEE21
AMBIANCEBYCRYSTALWARE	AMBIANCEBYCRYSTALWARE	findthisbest.com	HTTPS://WWW.FINDTHISBEST.COM/BRAND/65981-AMBIANCE-BY-CRYSTALWARE
AMCOVE	AMCOVE	findthisbest.com	HTTPS://WWW.FINDTHISBEST.COM/BRAND/104668-AMCOVE
AMEGABELI	AMAGABELIGARDENHOME	findthisbest.com	HTTPS://WWW.FINDTHISBEST.COM/BRAND/2345-AMAGABELI-GARDEN-HOME
AMELIEGALANTI	AMELIEGALANTI	findthisbest.com	HTTPS://WWW.FINDTHISBEST.COM/BRAND/194146-AMELIE-GALANTI
AMEMO	AMEMO	findthisbest.com	HTTPS://WWW.FINDTHISBEST.COM/BRAND/55993-AMEMO
AMERICANHERITAGEINDUSTRIES	AMERICANHERITAGEINDUSTRIES	findthisbest.com	HTTPS://WWW.FINDTHISBEST.COM/BRAND/18973-AMERICAN-HERITAGE-INDUSTRIES
AMERICANNORDICWALKINGSYSTEM	AMERICANNORDICWALKINGSYSTEM	findthisbest.com	HTTPS://WWW.FINDTHISBEST.COM/BRAND/209388-AMERICAN-NORDIC-WALKING-SYSTEM
AMERICANSTARMANUFACTURING	AMERICANSTAR	findthisbest.com	HTTPS://WWW.FINDTHISBEST.COM/BRAND/145717-AMERICAN-STAR
AMERIERGO	AMERIERGO	findthisbest.com	HTTPS://WWW.FINDTHISBEST.COM/BRAND/59610-AMERIERGO
AMERIGOMAKEITSPECIAL	AMERIGOMAKEITSPECIAL	findthisbest.com	HTTPS://WWW.FINDTHISBEST.COM/BRAND/224371-AMERIGO-MAKE-IT-SPECIAL
AMERSUMER	AMERSUMER	findthisbest.com	HTTPS://WWW.FINDTHISBEST.COM/BRAND/50215-AMERSUMER
AMILIASHP	AMILIASHP	findthisbest.com	HTTPS://WWW.FINDTHISBEST.COM/BRAND/94544-AMILIASHP
AMINNO	AMINNO	findthisbest.com	HTTPS://WWW.FINDTHISBEST.COM/BRAND/272369-AMINNO
AMISHVALLEYPRODUCTS	AMISHVALLEYPRODUCTS	findthisbest.com	HTTPS://WWW.FINDTHISBEST.COM/BRAND/62873-AMISH-VALLEY-PRODUCTS
AMLLEN	AMLLEN	findthisbest.com	HTTPS://WWW.FINDTHISBEST.COM/BRAND/288419-AMLLEN
AMNOAMNO	AMNOAMNO	findthisbest.com	HTTPS://WWW.FINDTHISBEST.COM/BRAND/70100-AMNOAMNO
AMONEV	AMONEV	findthisbest.com	HTTPS://WWW.FINDTHISBEST.COM/BRAND/459838-AMONEV
AMOOCA	AMOOCA	findthisbest.com	HTTPS://WWW.FINDTHISBEST.COM/BRAND/89205-AMOOCA
AMOOLO	AMOOLO	findthisbest.com	HTTPS://WWW.FINDTHISBEST.COM/BRAND/78012-AMOOLO
AMOOTEK	AMOOTEK	findthisbest.com	HTTPS://WWW.FINDTHISBEST.COM/BRAND/293064-AMOOTEK
AMORARC	AMORARC	findthisbest.com	HTTPS://WWW.FINDTHISBEST.COM/BRAND/323875-AMORARC
AMOYSANLI	AMOYSANLI	findthisbest.com	HTTPS://WWW.FINDTHISBEST.COM/BRAND/430919-AMOYSANLI
AMPCOM	AMPCOM	findthisbest.com	HTTPS://WWW.FINDTHISBEST.COM/BRAND/328403-AMPCOM
AMPEO	AMPEO	findthisbest.com	HTTPS://WWW.FINDTHISBEST.COM/BRAND/597550-AMPEO
AMPOSEI	AMPOSEI	findthisbest.com	HTTPS://WWW.FINDTHISBEST.COM/BRAND/236332-AMPOSEI
AMPTONICA	AMPTONICA	findthisbest.com	HTTPS://WWW.FINDTHISBEST.COM/BRAND/444677-AMPTONICA
AMPTYHUB	AMPTYHUB	findthisbest.com	HTTPS://WWW.FINDTHISBEST.COM/BRAND/660284-AMPTYHUB
AMSZKE	AMSZKE	findthisbest.com	HTTPS://WWW.FINDTHISBEST.COM/BRAND/344486-AMSZKE
AMULISS	AMULISS	findthisbest.com	HTTPS://WWW.FINDTHISBEST.COM/BRAND/4714-AMULISS
AMWGIMI	AMWGIMI	findthisbest.com	HTTPS://WWW.FINDTHISBEST.COM/BRAND/445341-AMWGIMI
AMYIPO	AMYIPO	findthisbest.com	HTTPS://WWW.FINDTHISBEST.COM/BRAND/28784-AMYIPO
AMYZHU	AMYZHU	findthisbest.com	HTTPS://WWW.FINDTHISBEST.COM/BRAND/268924-AMY-ZHU
AMZCHOICE	ELOUNTIK	findthisbest.com	HTTPS://WWW.FINDTHISBEST.COM/BRAND/33436-ELOUNTIK
AMZSA	AMZSA	findthisbest.com	HTTPS://WWW.FINDTHISBEST.COM/BRAND/718457-AMZSA
ANAEAT	ANAEAT	findthisbest.com	HTTPS://WWW.FINDTHISBEST.COM/BRAND/283544-ANAEAT
ANAIRUI	ANAIRUI	findthisbest.com	HTTPS://WWW.FINDTHISBEST.COM/BRAND/187703-ANAI-RUI
ANALAN	ANALAN	findthisbest.com	HTTPS://WWW.FINDTHISBEST.COM/BRAND/257844-ANALAN
ANALYSISYLOVE	ANALYSISYLOVE	findthisbest.com	HTTPS://WWW.FINDTHISBEST.COM/BRAND/81646-ANALYSISYLOVE
ANANO	ANANO	findthisbest.com	HTTPS://WWW.FINDTHISBEST.COM/BRAND/252775-ANANO
ANBENSER	ANBENSER	findthisbest.com	HTTPS://WWW.FINDTHISBEST.COM/BRAND/97130-ANBENSER
ANBULL	ANBULL	findthisbest.com	HTTPS://WWW.FINDTHISBEST.COM/BRAND/47142-ANBULL
ANCATUS	ANCATUS	findthisbest.com	HTTPS://WWW.FINDTHISBEST.COM/BRAND/277622-ANCATUS
ANCCER	ANCCER	findthisbest.com	HTTPS://WWW.FINDTHISBEST.COM/BRAND/369719-ANCCER
ANDAG	ANDAG	findthisbest.com	HTTPS://WWW.FINDTHISBEST.COM/BRAND/910472-ANDAG
ANDAXIN	ANDAXIN	findthisbest.com	HTTPS://WWW.FINDTHISBEST.COM/BRAND/853845-ANDAXIN
ANDEIP	ANDEIP	findthisbest.com	HTTPS://WWW.FINDTHISBEST.COM/BRAND/708072-ANDEIP
ANDELI	ANDELI	findthisbest.com	HTTPS://WWW.FINDTHISBEST.COM/BRAND/303203-ANDELI
ANDENCY	ANDENCY	findthisbest.com	HTTPS://WWW.FINDTHISBEST.COM/BRAND/233907-ANDENCY
ANDHOT	ANDHOT	findthisbest.com	HTTPS://WWW.FINDTHISBEST.COM/BRAND/190051-ANDHOT
ANDUOLA	ANDUOLA	findthisbest.com	HTTPS://WWW.FINDTHISBEST.COM/BRAND/676159-ANDUOLA
ANDYNATALIE	ANDYNATALIE	findthisbest.com	HTTPS://WWW.FINDTHISBEST.COM/BRAND/92028-ANDY-NATALIE
ANEASEIT	ANEASEIT	findthisbest.com	HTTPS://WWW.FINDTHISBEST.COM/BRAND/80398-ANEASEIT
ANEDER	ANEDER	findthisbest.com	HTTPS://WWW.FINDTHISBEST.COM/BRAND/291605-ANEDER
ANERIMST	ANERIMST	findthisbest.com	HTTPS://WWW.FINDTHISBEST.COM/BRAND/109180-ANERIMST
ANESTY	ANESTY	findthisbest.com	HTTPS://WWW.FINDTHISBEST.COM/BRAND/24479-ANESTY
ANGADONA	ANGADONA	findthisbest.com	HTTPS://WWW.FINDTHISBEST.COM/BRAND/33537-ANGADONA
ANGBATER	ANGBATER	findthisbest.com	HTTPS://WWW.FINDTHISBEST.COM/BRAND/341674-ANGBATER
ANGEEBIN	ANGEEBIN	findthisbest.com	HTTPS://WWW.FINDTHISBEST.COM/BRAND/635658-ANGEEBIN
ANGELIOX	ANGELIOX	findthisbest.com	HTTPS://WWW.FINDTHISBEST.COM/BRAND/189929-ANGELIOX
ANGELSPECIALTYPRODUCTS	ANGELSPECIALTYPRODUCTS	findthisbest.com	HTTPS://WWW.FINDTHISBEST.COM/BRAND/43978-ANGEL-SPECIALTY-PRODUCTS
ANGEMAY	ANGEMAY	findthisbest.com	HTTPS://WWW.FINDTHISBEST.COM/BRAND/879529-ANGEMAY
ANGERSTONE	ANGERSTONE	findthisbest.com	HTTPS://WWW.FINDTHISBEST.COM/BRAND/351877-ANGERSTONE
ANGILIFAN	ANGILIFAN	findthisbest.com	HTTPS://WWW.FINDTHISBEST.COM/BRAND/507014-ANGILIFAN
ANGMLN	ANGMLN	findthisbest.com	HTTPS://WWW.FINDTHISBEST.COM/BRAND/213790-ANGMLN
ANGOOBABY	ANGOOBABY	findthisbest.com	HTTPS://WWW.FINDTHISBEST.COM/BRAND/52198-ANGOOBABY
ANGOOL	ANGOOL	findthisbest.com	HTTPS://WWW.FINDTHISBEST.COM/BRAND/97395-ANGOOL
ANGOTRADE	ANGOTRADE	findthisbest.com	HTTPS://WWW.FINDTHISBEST.COM/BRAND/39841-ANGOTRADE
ANGROC	ANGROC	findthisbest.com	HTTPS://WWW.FINDTHISBEST.COM/BRAND/199813-ANGROC
ANGVEIRT	ANGVEIRT	findthisbest.com	HTTPS://WWW.FINDTHISBEST.COM/BRAND/280636-ANGVEIRT
ANHAY	ANHAY	findthisbest.com	HTTPS://WWW.FINDTHISBEST.COM/BRAND/607157-ANHAY
ANHONG	ANHONG	findthisbest.com	HTTPS://WWW.FINDTHISBEST.COM/BRAND/369659-ANHONG
ANICCO	ANICCO	findthisbest.com	HTTPS://WWW.FINDTHISBEST.COM/BRAND/151001-ANICCO
ANICKAL	ANICKAL	findthisbest.com	HTTPS://WWW.FINDTHISBEST.COM/BRAND/34510-ANICKAL
ANIDAROEL	ANIDAROEL	findthisbest.com	HTTPS://WWW.FINDTHISBEST.COM/BRAND/531494-ANIDAROEL
ANIWON	ANIWON	findthisbest.com	HTTPS://WWW.FINDTHISBEST.COM/BRAND/25220-ANIWON
ANKACE	ANKACE	findthisbest.com	HTTPS://WWW.FINDTHISBEST.COM/BRAND/128275-ANKACE
ANKHOH	ANKHOH	findthisbest.com	HTTPS://WWW.FINDTHISBEST.COM/BRAND/457966-ANKHOH
ANKIHAPPIGO	ANKIHAPPIGO	findthisbest.com	HTTPS://WWW.FINDTHISBEST.COM/BRAND/101602-ANKI-HAPPIGO
ANKII	ANKII	findthisbest.com	HTTPS://WWW.FINDTHISBEST.COM/BRAND/108006-ANKII
ANKOOW	ANKOOY	findthisbest.com	HTTPS://WWW.FINDTHISBEST.COM/BRAND/308256-ANKOOY
ANKOOY	ANKOOY	findthisbest.com	HTTPS://WWW.FINDTHISBEST.COM/BRAND/308256-ANKOOY
ANKUWA	ANKUWA	findthisbest.com	HTTPS://WWW.FINDTHISBEST.COM/BRAND/29587-ANKUWA
ANKWOS	ANKWOS	findthisbest.com	HTTPS://WWW.FINDTHISBEST.COM/BRAND/870828-ANKWOS
ANLISIM	ANLISIM	findthisbest.com	HTTPS://WWW.FINDTHISBEST.COM/BRAND/562081-ANLISIM
ANLUNOB	ANLUNOB	findthisbest.com	HTTPS://WWW.FINDTHISBEST.COM/BRAND/320659-ANLUNOB
ANMARKO	ANMARKO	findthisbest.com	HTTPS://WWW.FINDTHISBEST.COM/BRAND/177846-ANMARKO
ANMBEST	ANMBEST	findthisbest.com	HTTPS://WWW.FINDTHISBEST.COM/BRAND/217241-ANMBEST
ANMEILU	ANMEILU	findthisbest.com	HTTPS://WWW.FINDTHISBEST.COM/BRAND/7249-ANMEILU
ANMULA	ANMULA	findthisbest.com	HTTPS://WWW.FINDTHISBEST.COM/BRAND/719222-ANMULA
ANNABELZ	ANNABELZ	findthisbest.com	HTTPS://WWW.FINDTHISBEST.COM/BRAND/99523-ANNABELZ
ANNAKLIN	ANNAKLIN	findthisbest.com	HTTPS://WWW.FINDTHISBEST.COM/BRAND/41597-ANNAKLIN
ANNBON	ANNBON	findthisbest.com	HTTPS://WWW.FINDTHISBEST.COM/BRAND/216011-ANNBON
ANNDONES	ANNDONES	findthisbest.com	HTTPS://WWW.FINDTHISBEST.COM/BRAND/545790-ANNDONES
ANNGROWY	ANNGROWY	findthisbest.com	HTTPS://WWW.FINDTHISBEST.COM/BRAND/35813-ANNGROWY
ANNKIE	ANNKIE	findthisbest.com	HTTPS://WWW.FINDTHISBEST.COM/BRAND/339612-ANNKIE
ANNTUK	ANNTUK	findthisbest.com	HTTPS://WWW.FINDTHISBEST.COM/BRAND/66357-ANNTUK
ANNYFA	ANNYFA	findthisbest.com	HTTPS://WWW.FINDTHISBEST.COM/BRAND/92591-ANNYFA
ANNZOE	ANNZOE	findthisbest.com	HTTPS://WWW.FINDTHISBEST.COM/BRAND/258855-ANNZOE
ANOUP	ANOUP	findthisbest.com	HTTPS://WWW.FINDTHISBEST.COM/BRAND/199014-ANOUP
ANOZER	ANOZER	findthisbest.com	HTTPS://WWW.FINDTHISBEST.COM/BRAND/61422-ANOZER
ANPHARALA	SAIYIN	findthisbest.com	HTTPS://WWW.FINDTHISBEST.COM/BRAND/349665-SAIYIN
ANPOLE	ANPOLE	findthisbest.com	HTTPS://WWW.FINDTHISBEST.COM/BRAND/37191-ANPOLE
ANPULES	ANPULES	findthisbest.com	HTTPS://WWW.FINDTHISBEST.COM/BRAND/555569-ANPULES
ANRDDO	ANRDDO	findthisbest.com	HTTPS://WWW.FINDTHISBEST.COM/BRAND/276145-ANRDDO
ANSEE	ANSEE	findthisbest.com	HTTPS://WWW.FINDTHISBEST.COM/BRAND/177301-ANSEE
ANSEIP	ANSEIP	findthisbest.com	HTTPS://WWW.FINDTHISBEST.COM/BRAND/46261-ANSEIP
ANSGERY	ANSGERY	findthisbest.com	HTTPS://WWW.FINDTHISBEST.COM/BRAND/731266-ANSGERY
ANSLEYHOSHO	ANSLEYHOSHOUS	findthisbest.com	HTTPS://WWW.FINDTHISBEST.COM/BRAND/364552-ANSLEYHOSHO-US
ANSLEYHOSHOUS	ANSLEYHOSHOUS	findthisbest.com	HTTPS://WWW.FINDTHISBEST.COM/BRAND/364552-ANSLEYHOSHO-US
ANSXIY	ANSXIY	findthisbest.com	HTTPS://WWW.FINDTHISBEST.COM/BRAND/255553-ANSXIY
ANTDVAO	ANTDVAO	findthisbest.com	HTTPS://WWW.FINDTHISBEST.COM/BRAND/391445-ANTDVAO
ANTELA	ANTELA	findthisbest.com	HTTPS://WWW.FINDTHISBEST.COM/BRAND/668028-ANTELA
ANTEMPER	ANTEMPER	findthisbest.com	HTTPS://WWW.FINDTHISBEST.COM/BRAND/107973-ANTEMPER
ANTFRAER	ANTFRAER	findthisbest.com	HTTPS://WWW.FINDTHISBEST.COM/BRAND/404712-ANTFRAER
ANTHTER	ANTHTER	findthisbest.com	HTTPS://WWW.FINDTHISBEST.COM/BRAND/1720-ANTHTER
ANTNER	ANTNER	findthisbest.com	HTTPS://WWW.FINDTHISBEST.COM/BRAND/126857-ANTNER
ANTONIOVALERIA	ANTONIOVALERIA	findthisbest.com	HTTPS://WWW.FINDTHISBEST.COM/BRAND/331488-ANTONIO-VALERIA
ANTOPY	ANTOPY	findthisbest.com	HTTPS://WWW.FINDTHISBEST.COM/BRAND/315485-ANTOPY
ANTOYO	ANTOYO	findthisbest.com	HTTPS://WWW.FINDTHISBEST.COM/BRAND/71323-ANTOYO
ANTSKY	ANTSKY	findthisbest.com	HTTPS://WWW.FINDTHISBEST.COM/BRAND/915459-ANTSKY
ANUCK	ANUCK	findthisbest.com	HTTPS://WWW.FINDTHISBEST.COM/BRAND/189406-ANUCK
ANVENHEALTH	ANVENHEALTH	findthisbest.com	HTTPS://WWW.FINDTHISBEST.COM/BRAND/498638-ANVEN-HEALTH
ANVEVO	ANVEVO	findthisbest.com	HTTPS://WWW.FINDTHISBEST.COM/BRAND/224348-ANVEVO
ANVIRTUE	ANVIRTUE	findthisbest.com	HTTPS://WWW.FINDTHISBEST.COM/BRAND/357328-ANVIRTUE
ANVOW	ANVOW	findthisbest.com	HTTPS://WWW.FINDTHISBEST.COM/BRAND/46089-ANVOW
ANWIEL	ANWIEL	findthisbest.com	HTTPS://WWW.FINDTHISBEST.COM/BRAND/702693-ANWIEL
ANWIKE	ANWIKE	findthisbest.com	HTTPS://WWW.FINDTHISBEST.COM/BRAND/648260-ANWIKE
ANXINGOU	ANXINGO	findthisbest.com	HTTPS://WWW.FINDTHISBEST.COM/BRAND/22224-ANXINGO
ANXXSU	ANXXSU	findthisbest.com	HTTPS://WWW.FINDTHISBEST.COM/BRAND/713832-ANXXSU
ANYCOSY	ANYCOSY	findthisbest.com	HTTPS://WWW.FINDTHISBEST.COM/BRAND/137591-ANYCOSY
ANYGUARD	ANYGUARD	findthisbest.com	HTTPS://WWW.FINDTHISBEST.COM/BRAND/448904-ANYGUARD
ANYNC	ANYNC	findthisbest.com	HTTPS://WWW.FINDTHISBEST.COM/BRAND/66361-ANYNC
ANYOTHERWAY	ANYOTHERWAY	findthisbest.com	HTTPS://WWW.FINDTHISBEST.COM/BRAND/674002-ANYOTHERWAY
ANYTROX	ANYTROX	findthisbest.com	HTTPS://WWW.FINDTHISBEST.COM/BRAND/486548-ANYTROX
ANYTRP	ANYTRP	findthisbest.com	HTTPS://WWW.FINDTHISBEST.COM/BRAND/319938-ANYTRP
ANZERWIN	ANZERWIN	findthisbest.com	HTTPS://WWW.FINDTHISBEST.COM/BRAND/270268-ANZERWIN
ANZESER	ANZESER	findthisbest.com	HTTPS://WWW.FINDTHISBEST.COM/BRAND/916927-ANZESER
ANZID	ANZID	findthisbest.com	HTTPS://WWW.FINDTHISBEST.COM/BRAND/160482-ANZID
ANZIMOSS	ANZOME	findthisbest.com	HTTPS://WWW.FINDTHISBEST.COM/BRAND/17875-ANZOME
ANZOME	ANZOME	findthisbest.com	HTTPS://WWW.FINDTHISBEST.COM/BRAND/17875-ANZOME
AOASUR	AOASUR	findthisbest.com	HTTPS://WWW.FINDTHISBEST.COM/BRAND/528190-AOASUR
AOBO	AOBO	findthisbest.com	HTTPS://WWW.FINDTHISBEST.COM/BRAND/23650-AOBO
AOBTEENY	AOBTEENY	findthisbest.com	HTTPS://WWW.FINDTHISBEST.COM/BRAND/658640-AOBTEENY
AOCHE	AOCHE	findthisbest.com	HTTPS://WWW.FINDTHISBEST.COM/BRAND/846318-AOCHE
AOESPY	AOESPY	findthisbest.com	HTTPS://WWW.FINDTHISBEST.COM/BRAND/32591-AOESPY
AOETREE	AOETREE	findthisbest.com	HTTPS://WWW.FINDTHISBEST.COM/BRAND/836411-AOETREE
AOGBRA	AOGBRA	findthisbest.com	HTTPS://WWW.FINDTHISBEST.COM/BRAND/302772-AOGBRA
AOGGY	AOGGY	findthisbest.com	HTTPS://WWW.FINDTHISBEST.COM/BRAND/112173-AOGGY
AOGLENIC	AOGLENIC	findthisbest.com	HTTPS://WWW.FINDTHISBEST.COM/BRAND/28788-AOGLENIC
AOHEKE	AOHEKE	findthisbest.com	HTTPS://WWW.FINDTHISBEST.COM/BRAND/297455-AOHEKE
AOHHL	AOHHL	findthisbest.com	HTTPS://WWW.FINDTHISBEST.COM/BRAND/848655-AOHHL
AOITUN	AOITUN	findthisbest.com	HTTPS://WWW.FINDTHISBEST.COM/BRAND/403820-AOITUN
AOJAKI	AOJAKI	findthisbest.com	HTTPS://WWW.FINDTHISBEST.COM/BRAND/617270-AOJAKI
AOJUE	AODUKE	findthisbest.com	HTTPS://WWW.FINDTHISBEST.COM/BRAND/899362-AODUKE
AOJUE	AOJUE	findthisbest.com	HTTPS://WWW.FINDTHISBEST.COM/BRAND/190503-AOJUE
AOKCOS	AOKCOS	findthisbest.com	HTTPS://WWW.FINDTHISBEST.COM/BRAND/877584-AOKCOS
AOKDEER	AOKDEER	findthisbest.com	HTTPS://WWW.FINDTHISBEST.COM/BRAND/446632-AOKDEER
AOKELY	AOKELY	findthisbest.com	HTTPS://WWW.FINDTHISBEST.COM/BRAND/68360-AOKELY
AOKEMAI	AOKEMAI	findthisbest.com	HTTPS://WWW.FINDTHISBEST.COM/BRAND/522023-AOKEMAI
AOKGARDEN	AOKGARDEN	findthisbest.com	HTTPS://WWW.FINDTHISBEST.COM/BRAND/173151-AOK-GARDEN
AOKIO	AOKIO	findthisbest.com	HTTPS://WWW.FINDTHISBEST.COM/BRAND/559685-AOKIO
AOKOSOR	AOKOSOR	findthisbest.com	HTTPS://WWW.FINDTHISBEST.COM/BRAND/264063-AOKOSOR
AOKUNG	AOKUNG	findthisbest.com	HTTPS://WWW.FINDTHISBEST.COM/BRAND/524851-AOKUNG
AOLAILIYA	AOLAILIYA	findthisbest.com	HTTPS://WWW.FINDTHISBEST.COM/BRAND/53190-AOLAILIYA
AOLAMEGS	AOLAMEGS	findthisbest.com	HTTPS://WWW.FINDTHISBEST.COM/BRAND/300058-AOLAMEGS
AOLIKS	AOLIKS	findthisbest.com	HTTPS://WWW.FINDTHISBEST.COM/BRAND/24348-AOLIKS
AOMIDIART	AOMIDI	findthisbest.com	HTTPS://WWW.FINDTHISBEST.COM/BRAND/40943-AOMIDI
AONBOY	AONBOY	findthisbest.com	HTTPS://WWW.FINDTHISBEST.COM/BRAND/464125-AONBOY
AONOR	AONOR	findthisbest.com	HTTPS://WWW.FINDTHISBEST.COM/BRAND/3479-AONOR
AONTUS	AONTUS	findthisbest.com	HTTPS://WWW.FINDTHISBEST.COM/BRAND/89480-AONTUS
AOOBA	AOOBA	findthisbest.com	HTTPS://WWW.FINDTHISBEST.COM/BRAND/24898-AOOBA
AOOCOO	AOOCOO	findthisbest.com	HTTPS://WWW.FINDTHISBEST.COM/BRAND/621574-AOOCOO
AOOCY	AOOCY	findthisbest.com	HTTPS://WWW.FINDTHISBEST.COM/BRAND/381033-AOOCY
AOOLBIC	AOLBIC	findthisbest.com	HTTPS://WWW.FINDTHISBEST.COM/BRAND/684070-AOLBIC
AOOTOCH	AOOTOCH	findthisbest.com	HTTPS://WWW.FINDTHISBEST.COM/BRAND/442649-AOOTOCH
AOPMET	AOPMET	findthisbest.com	HTTPS://WWW.FINDTHISBEST.COM/BRAND/285526-AOPMET
AOPNN	AOPNN	findthisbest.com	HTTPS://WWW.FINDTHISBEST.COM/BRAND/873383-AOPNN
AOPOCKANTECH	AOPOCKANTECH	findthisbest.com	HTTPS://WWW.FINDTHISBEST.COM/BRAND/328451-AOPOCKAN-TECH
AOPSEN	AOPSEN	findthisbest.com	HTTPS://WWW.FINDTHISBEST.COM/BRAND/629224-AOPSEN
AOPUTTRIVER	AOPUTTRIVER	findthisbest.com	HTTPS://WWW.FINDTHISBEST.COM/BRAND/116820-AOPUTTRIVER
AOREMON	AOREMON	findthisbest.com	HTTPS://WWW.FINDTHISBEST.COM/BRAND/15002-AOREMON
AORESAC	AORESAC	findthisbest.com	HTTPS://WWW.FINDTHISBEST.COM/BRAND/651104-AORESAC
AORIHER	AORIHER	findthisbest.com	HTTPS://WWW.FINDTHISBEST.COM/BRAND/387057-AORIHER
AOSTO	AOSTO	findthisbest.com	HTTPS://WWW.FINDTHISBEST.COM/BRAND/487173-AOSTO
AOTHOD	AOTHOD	findthisbest.com	HTTPS://WWW.FINDTHISBEST.COM/BRAND/518544-AOTHOD
AOTIPOL	AOTIPOL	findthisbest.com	HTTPS://WWW.FINDTHISBEST.COM/BRAND/347839-AOTIPOL
AOUCE	AOUCE	findthisbest.com	HTTPS://WWW.FINDTHISBEST.COM/BRAND/29643-AOUCE
AOUCOR	AUECOOR	findthisbest.com	HTTPS://WWW.FINDTHISBEST.COM/BRAND/887171-AUECOOR
AOWOSA	AOWOSA	findthisbest.com	HTTPS://WWW.FINDTHISBEST.COM/BRAND/543472-AOWOSA
APACALI	APACALI	findthisbest.com	HTTPS://WWW.FINDTHISBEST.COM/BRAND/451370-APACALI
APACELIVING	APACELIVING	findthisbest.com	HTTPS://WWW.FINDTHISBEST.COM/BRAND/15906-APACE-LIVING
APASIN	APASIN	findthisbest.com	HTTPS://WWW.FINDTHISBEST.COM/BRAND/424440-APASIN
APBEAM	APBEAM	findthisbest.com	HTTPS://WWW.FINDTHISBEST.COM/BRAND/153490-APBEAM
APBFH	APBFH	findthisbest.com	HTTPS://WWW.FINDTHISBEST.COM/BRAND/536675-APBFH
APETHS	APETHS	findthisbest.com	HTTPS://WWW.FINDTHISBEST.COM/BRAND/611247-APETHS
APEXTREME	APEXTREME	findthisbest.com	HTTPS://WWW.FINDTHISBEST.COM/BRAND/76633-APEXTREME
APLMAN	APLMAN	findthisbest.com	HTTPS://WWW.FINDTHISBEST.COM/BRAND/249248-APLMAN
APLUSBOOST	APLUSBOOST	findthisbest.com	HTTPS://WWW.FINDTHISBEST.COM/BRAND/674445-APLUSBOOST
APMIEK	APMIEK	findthisbest.com	HTTPS://WWW.FINDTHISBEST.COM/BRAND/912094-APMIEK
APONUO	APONUO	findthisbest.com	HTTPS://WWW.FINDTHISBEST.COM/BRAND/134324-APONUO
APORAKE	APORAKE	findthisbest.com	HTTPS://WWW.FINDTHISBEST.COM/BRAND/85393-APORAKE
APOSU	APOSU	findthisbest.com	HTTPS://WWW.FINDTHISBEST.COM/BRAND/566106-APOSU
APPERFIT	APPERFIT	findthisbest.com	HTTPS://WWW.FINDTHISBEST.COM/BRAND/366315-APPERFIT
APRILSPRING	APRILSPRING	findthisbest.com	HTTPS://WWW.FINDTHISBEST.COM/BRAND/151282-APRILSPRING
APRLL	APRLL	findthisbest.com	HTTPS://WWW.FINDTHISBEST.COM/BRAND/266523-APRLL
APROTII	APROTII	findthisbest.com	HTTPS://WWW.FINDTHISBEST.COM/BRAND/111487-APROTII
APSAN	APSAN	findthisbest.com	HTTPS://WWW.FINDTHISBEST.COM/BRAND/228602-APSAN
APTOOLER	APTOOLER	findthisbest.com	HTTPS://WWW.FINDTHISBEST.COM/BRAND/452394-APTOOLER
APTYID	APTYID	findthisbest.com	HTTPS://WWW.FINDTHISBEST.COM/BRAND/72198-APTYID
APUSU	APUSU	findthisbest.com	HTTPS://WWW.FINDTHISBEST.COM/BRAND/535296-APUSU
APXPF	APXPF	findthisbest.com	HTTPS://WWW.FINDTHISBEST.COM/BRAND/100484-APXPF
AQESO	AQESO	findthisbest.com	HTTPS://WWW.FINDTHISBEST.COM/BRAND/481983-AQESO
AQONSIE	AQONSIE	findthisbest.com	HTTPS://WWW.FINDTHISBEST.COM/BRAND/246965-AQONSIE
AQOOL	AQOOL	findthisbest.com	HTTPS://WWW.FINDTHISBEST.COM/BRAND/354185-AQOOL
AQQA	AQQA	findthisbest.com	HTTPS://WWW.FINDTHISBEST.COM/BRAND/271875-AQQA
AQUACH	AQUACH	findthisbest.com	HTTPS://WWW.FINDTHISBEST.COM/BRAND/7810-AQUACH
AQUAIAW	AQUAIAW	findthisbest.com	HTTPS://WWW.FINDTHISBEST.COM/BRAND/342738-AQUAIAW
AQUATREND	AQUATREND	findthisbest.com	HTTPS://WWW.FINDTHISBEST.COM/BRAND/403177-AQUATREND
AQUEENLY	AQUEENLY	findthisbest.com	HTTPS://WWW.FINDTHISBEST.COM/BRAND/4466-AQUEENLY
ARAWARA	ARAWARA	findthisbest.com	HTTPS://WWW.FINDTHISBEST.COM/BRAND/421484-ARAWARA
ARBORLY	ARBORLY	findthisbest.com	HTTPS://WWW.FINDTHISBEST.COM/BRAND/256488-ARBORLY
ARCELI	ARCELI	findthisbest.com	HTTPS://WWW.FINDTHISBEST.COM/BRAND/85857-ARCELI
ARCEWARES	ARCWARES	findthisbest.com	HTTPS://WWW.FINDTHISBEST.COM/BRAND/173619-ARCWARES
ARCHERYSHARLY	ARCHERYSHARLY	findthisbest.com	HTTPS://WWW.FINDTHISBEST.COM/BRAND/849057-ARCHERY-SHARLY
ARCOBIS	ARCOBIS	findthisbest.com	HTTPS://WWW.FINDTHISBEST.COM/BRAND/111218-ARCOBIS
ARCUNION	ARCUNION	findthisbest.com	HTTPS://WWW.FINDTHISBEST.COM/BRAND/167207-ARC-UNION
ARCWARES	ARCWARES	findthisbest.com	HTTPS://WWW.FINDTHISBEST.COM/BRAND/173619-ARCWARES
ARDOURCRAFTS	ARDOURCRAFTS	findthisbest.com	HTTPS://WWW.FINDTHISBEST.COM/BRAND/46333-ARDOUR-CRAFTS
AREDY	AREDY	findthisbest.com	HTTPS://WWW.FINDTHISBEST.COM/BRAND/862386-AREDY
AREFUL	AREFUL	findthisbest.com	HTTPS://WWW.FINDTHISBEST.COM/BRAND/68518-AREFUL
AREYZIN	AREYZIN	findthisbest.com	HTTPS://WWW.FINDTHISBEST.COM/BRAND/286051-AREYZIN
ARGOHOME	ARGOHOME	findthisbest.com	HTTPS://WWW.FINDTHISBEST.COM/BRAND/842730-ARGOHOME
ARIKASHIN	ARIKASHIN	findthisbest.com	HTTPS://WWW.FINDTHISBEST.COM/BRAND/906914-ARIKASHIN
ARIMIA	ARIMIA	findthisbest.com	HTTPS://WWW.FINDTHISBEST.COM/BRAND/498033-ARIMIA
ARINGPET	ARINGPET	findthisbest.com	HTTPS://WWW.FINDTHISBEST.COM/BRAND/175061-ARING-PET
ARKABAKA	ARKABAKA	findthisbest.com	HTTPS://WWW.FINDTHISBEST.COM/BRAND/682393-ARKABAKA
ARKBIRD	ARKBIRD	findthisbest.com	HTTPS://WWW.FINDTHISBEST.COM/BRAND/98979-ARKBIRD
ARKEYBURDS	ARKEYBURDS	findthisbest.com	HTTPS://WWW.FINDTHISBEST.COM/BRAND/410170-ARKEY-BURDS
ARKSIGHT	ARKSIGHT	findthisbest.com	HTTPS://WWW.FINDTHISBEST.COM/BRAND/264877-ARKSIGHT
ARMSTRONGHOMESOLUTIONS	ARMSTRONGHOMESOLUTIONS	findthisbest.com	HTTPS://WWW.FINDTHISBEST.COM/BRAND/761563-ARMSTRONG-HOME-SOLUTIONS
ARMYTE	ARMYTE	findthisbest.com	HTTPS://WWW.FINDTHISBEST.COM/BRAND/34591-ARMYTE
AROLLY	AROLLY	findthisbest.com	HTTPS://WWW.FINDTHISBEST.COM/BRAND/347194-AROLLY
AROMART	AROMART	findthisbest.com	HTTPS://WWW.FINDTHISBEST.COM/BRAND/550864-AROMART
AROPAW	AROPAW	findthisbest.com	HTTPS://WWW.FINDTHISBEST.COM/BRAND/126032-AROPAW
AROYEL	AROYEL	findthisbest.com	HTTPS://WWW.FINDTHISBEST.COM/BRAND/249622-AROYEL
ARRADEN	ARRADEN	findthisbest.com	HTTPS://WWW.FINDTHISBEST.COM/BRAND/557712-ARRADEN
ARRAROWN	ARRAROWN	findthisbest.com	HTTPS://WWW.FINDTHISBEST.COM/BRAND/164599-ARRAROWN
ARRINEW	ARRINEW	findthisbest.com	HTTPS://WWW.FINDTHISBEST.COM/BRAND/537020-ARRINEW
ARRISEA	ARRISEA	findthisbest.com	HTTPS://WWW.FINDTHISBEST.COM/BRAND/249104-ARRISEA
ARROWNINE	ARROWNINE	findthisbest.com	HTTPS://WWW.FINDTHISBEST.COM/BRAND/249607-ARROWNINE
ARRUSA	ARRUSA	findthisbest.com	HTTPS://WWW.FINDTHISBEST.COM/BRAND/143926-ARRUSA
ARTAGIA	ARTAGIA	findthisbest.com	HTTPS://WWW.FINDTHISBEST.COM/BRAND/459671-ARTAGIA
ARTASTE	ARTASTE	findthisbest.com	HTTPS://WWW.FINDTHISBEST.COM/BRAND/8792-ARTASTE
ARTCOME	ARTCOME	findthisbest.com	HTTPS://WWW.FINDTHISBEST.COM/BRAND/8595-ARTCOME
ARTFAN	ARTFAN	findthisbest.com	HTTPS://WWW.FINDTHISBEST.COM/BRAND/58452-ARTFAN
ARTIBETTER	ARTIBETTER	findthisbest.com	HTTPS://WWW.FINDTHISBEST.COM/BRAND/50231-ARTIBETTER
ARTILADY	ARTILADY	findthisbest.com	HTTPS://WWW.FINDTHISBEST.COM/BRAND/68030-ARTILADY
ARTIQO	ARTIQO	findthisbest.com	HTTPS://WWW.FINDTHISBEST.COM/BRAND/43726-ARTIQO
ARTISANADHESIVE	ARTISANADHESIVE	findthisbest.com	HTTPS://WWW.FINDTHISBEST.COM/BRAND/870225-ARTISAN-ADHESIVE
ARTIVESTION	ARTIVESTION	findthisbest.com	HTTPS://WWW.FINDTHISBEST.COM/BRAND/843597-ARTIVESTION
ARTIVO	ARTIVO	findthisbest.com	HTTPS://WWW.FINDTHISBEST.COM/BRAND/420070-ARTIVO
ARTIWELL	ARTIWELL	findthisbest.com	HTTPS://WWW.FINDTHISBEST.COM/BRAND/251210-ARTIWELL
ARTMEER	AREER	findthisbest.com	HTTPS://WWW.FINDTHISBEST.COM/BRAND/8232-ARTMEER
ARTOFY	ARTOFY	findthisbest.com	HTTPS://WWW.FINDTHISBEST.COM/BRAND/446300-ARTOFY
ARTOLF	ARTOLF	findthisbest.com	HTTPS://WWW.FINDTHISBEST.COM/BRAND/19865-ARTOLF
ARTRAISE	ARTRAISE	findthisbest.com	HTTPS://WWW.FINDTHISBEST.COM/BRAND/66770-ARTRAISE
ARTSYWOODSY	ARTSYWOODSY	findthisbest.com	HTTPS://WWW.FINDTHISBEST.COM/BRAND/545551-ARTSY-WOODSY
ARTUGN	ARTUGN	findthisbest.com	HTTPS://WWW.FINDTHISBEST.COM/BRAND/851110-ARTUGN
ARTULANO	ARTULLANO	findthisbest.com	HTTPS://WWW.FINDTHISBEST.COM/BRAND/670506-ARTULLANO
ARUCMIN	ARUCMIN	findthisbest.com	HTTPS://WWW.FINDTHISBEST.COM/BRAND/300760-ARUCMIN
ARUKIHAIR	ARUKIHAIR	findthisbest.com	HTTPS://WWW.FINDTHISBEST.COM/BRAND/313750-ARUKIHAIR
ARUOHHA	ARUOHHA	findthisbest.com	HTTPS://WWW.FINDTHISBEST.COM/BRAND/371794-ARUOHHA
ARVESA	ARVESA	findthisbest.com	HTTPS://WWW.FINDTHISBEST.COM/BRAND/4187-ARVESA
ARZERLIZE	ARZERLIZE	findthisbest.com	HTTPS://WWW.FINDTHISBEST.COM/BRAND/371362-ARZERLIZE
ASANMA	ASANMA	findthisbest.com	HTTPS://WWW.FINDTHISBEST.COM/BRAND/480887-ASANMA
ASAVEASMILE	ASAVEASMILE	findthisbest.com	HTTPS://WWW.FINDTHISBEST.COM/BRAND/545149-ASAVEA-SMILE
ASCENSIONSTAIRPARTS	ASCENSIONSTAIRPARTS	findthisbest.com	HTTPS://WWW.FINDTHISBEST.COM/BRAND/79412-ASCENSION-STAIR-PARTS
ASCHEF	ASCHEF	findthisbest.com	HTTPS://WWW.FINDTHISBEST.COM/BRAND/285591-ASCHEF
ASERSON	ASERSON	findthisbest.com	HTTPS://WWW.FINDTHISBEST.COM/BRAND/430952-ASERSON
ASFROST	ASFROST	findthisbest.com	HTTPS://WWW.FINDTHISBEST.COM/BRAND/440252-ASFROST
ASHOMELI	ASHOMELI	findthisbest.com	HTTPS://WWW.FINDTHISBEST.COM/BRAND/835694-ASHOMELI
ASIFOM	ASIFOM	findthisbest.com	HTTPS://WWW.FINDTHISBEST.COM/BRAND/355639-ASIFOM
ASIFU	ASIFU	findthisbest.com	HTTPS://WWW.FINDTHISBEST.COM/BRAND/315547-ASIFU
ASIUXIRS	ASIUXIRS	findthisbest.com	HTTPS://WWW.FINDTHISBEST.COM/BRAND/675616-ASIUXIRS
ASNISH	ASNISH	findthisbest.com	HTTPS://WWW.FINDTHISBEST.COM/BRAND/883266-ASNISH
ASOMI	ASOMI	findthisbest.com	HTTPS://WWW.FINDTHISBEST.COM/BRAND/357972-ASOMI
ASONER	ADSONER	findthisbest.com	HTTPS://WWW.FINDTHISBEST.COM/BRAND/445644-ADSONER
ASONPAO	ASONPAO	findthisbest.com	HTTPS://WWW.FINDTHISBEST.COM/BRAND/428444-ASONPAO
ASPERFFORT	ASPERFFORT	findthisbest.com	HTTPS://WWW.FINDTHISBEST.COM/BRAND/286428-ASPERFFORT
ASSARK	ASSARK	findthisbest.com	HTTPS://WWW.FINDTHISBEST.COM/BRAND/535582-ASSARK
ASSEMHOME	ASSEMHOME	findthisbest.com	HTTPS://WWW.FINDTHISBEST.COM/BRAND/300928-ASSEMHOME
ASSLETES	ASSLETES	findthisbest.com	HTTPS://WWW.FINDTHISBEST.COM/BRAND/264481-ASSLETES
ASSURANCEBYEQUATEERECTOGEN	ERECTOGEN	findthisbest.com	HTTPS://WWW.FINDTHISBEST.COM/BRAND/326241-ERECTOGEN
ASTARTH	ASTARTH	findthisbest.com	HTTPS://WWW.FINDTHISBEST.COM/BRAND/277208-ASTARTH
ASTOUNDBEAUTY	ASTOUNDBEAUTY	findthisbest.com	HTTPS://WWW.FINDTHISBEST.COM/BRAND/47630-ASTOUND-BEAUTY
ASULIS	ASULIS	findthisbest.com	HTTPS://WWW.FINDTHISBEST.COM/BRAND/90450-ASULIS
ASUWISH	ASUWISH	findthisbest.com	HTTPS://WWW.FINDTHISBEST.COM/BRAND/189214-ASUWISH
ASVEGE	ASVEGE	findthisbest.com	HTTPS://WWW.FINDTHISBEST.COM/BRAND/898216-ASVEGE
ASWEE	ASWEE	findthisbest.com	HTTPS://WWW.FINDTHISBEST.COM/BRAND/199289-ASWEE
ASYXSTAR	ASYXSTAR	findthisbest.com	HTTPS://WWW.FINDTHISBEST.COM/BRAND/163154-ASYXSTAR
ATAILOVE	ATAILOVE	findthisbest.com	HTTPS://WWW.FINDTHISBEST.COM/BRAND/507059-ATAILOVE
ATALLER	ATALLER	findthisbest.com	HTTPS://WWW.FINDTHISBEST.COM/BRAND/518442-ATALLER
ATATAT	ATATAT	findthisbest.com	HTTPS://WWW.FINDTHISBEST.COM/BRAND/44-ATATAT
ATCD	ATCD	findthisbest.com	HTTPS://WWW.FINDTHISBEST.COM/BRAND/213341-ATCD
ATELASTEC	ATELASTEC	findthisbest.com	HTTPS://WWW.FINDTHISBEST.COM/BRAND/702903-ATELASTEC
ATEMOU	ATEMOU	findthisbest.com	HTTPS://WWW.FINDTHISBEST.COM/BRAND/165192-ATEMOU
ATESMO	ATESMO	findthisbest.com	HTTPS://WWW.FINDTHISBEST.COM/BRAND/449047-ATESMO
ATHLEEGOUS	VANKADA	findthisbest.com	HTTPS://WWW.FINDTHISBEST.COM/BRAND/437953-VANKADA
ATHLIKE	ATHLIKE	findthisbest.com	HTTPS://WWW.FINDTHISBEST.COM/BRAND/439350-ATHLIKE
ATLINSPORTS	ATLIN	findthisbest.com	HTTPS://WWW.FINDTHISBEST.COM/BRAND/22965-ATLIN
ATMASUPPLY	AASUPPLY	findthisbest.com	HTTPS://WWW.FINDTHISBEST.COM/BRAND/264162-ATMA-SUPPLY
ATMUTO	AUTO	findthisbest.com	HTTPS://WWW.FINDTHISBEST.COM/BRAND/444254-ATMUTO
ATOANY	ATOANY	findthisbest.com	HTTPS://WWW.FINDTHISBEST.COM/BRAND/911333-ATOANY
ATOKIT	ATOKIT	findthisbest.com	HTTPS://WWW.FINDTHISBEST.COM/BRAND/34096-ATOKIT
ATOPHK	ATOPHK	findthisbest.com	HTTPS://WWW.FINDTHISBEST.COM/BRAND/77868-ATOPHK
ATOPNUC	ATOPNUC	findthisbest.com	HTTPS://WWW.FINDTHISBEST.COM/BRAND/485053-ATOPNUC
ATOPTEK	PEASTREX	findthisbest.com	HTTPS://WWW.FINDTHISBEST.COM/BRAND/486242-PEASTREX
ATOZEDO	PORMIDO	findthisbest.com	HTTPS://WWW.FINDTHISBEST.COM/BRAND/5364-PORMIDO
ATPHFETY	ATPHFETY	findthisbest.com	HTTPS://WWW.FINDTHISBEST.COM/BRAND/27624-ATPHFETY
ATRACYPART	ATRACYPART	findthisbest.com	HTTPS://WWW.FINDTHISBEST.COM/BRAND/75888-ATRACYPART
ATRILLY	ATRILLY	findthisbest.com	HTTPS://WWW.FINDTHISBEST.COM/BRAND/6139-ATRILLY
ATSAMFR	ATSAMFR	findthisbest.com	HTTPS://WWW.FINDTHISBEST.COM/BRAND/414849-ATSAMFR
ATURMON	ATURMON	findthisbest.com	HTTPS://WWW.FINDTHISBEST.COM/BRAND/345371-ATURMON
ATXOPTICAL	ATXOPTICAL	findthisbest.com	HTTPS://WWW.FINDTHISBEST.COM/BRAND/198774-ATX-OPTICAL
AUANLAY	AUANLAY	findthisbest.com	HTTPS://WWW.FINDTHISBEST.COM/BRAND/911709-AUANLAY
AUBADDY	AUBADDY	findthisbest.com	HTTPS://WWW.FINDTHISBEST.COM/BRAND/188994-AUBADDY
AUBASIC	AUBASIC	findthisbest.com	HTTPS://WWW.FINDTHISBEST.COM/BRAND/250010-AUBASIC
AUBEY	AUBEY	findthisbest.com	HTTPS://WWW.FINDTHISBEST.COM/BRAND/575315-AUBEY
AUBRIC	AUBRIC	findthisbest.com	HTTPS://WWW.FINDTHISBEST.COM/BRAND/116898-AUBRIC
AUCHQ	AUCHQ	findthisbest.com	HTTPS://WWW.FINDTHISBEST.COM/BRAND/510382-AUCHQ
AUCLAY	AUCLAYTEC	findthisbest.com	HTTPS://WWW.FINDTHISBEST.COM/BRAND/490005-AUCLAYTEC
AUCLAYTEC	AUCLAYTEC	findthisbest.com	HTTPS://WWW.FINDTHISBEST.COM/BRAND/490005-AUCLAYTEC
AUDALA	AUDALA	findthisbest.com	HTTPS://WWW.FINDTHISBEST.COM/BRAND/883131-AUDALA
AUDIOCRAZY	AUDIOCRAZY	findthisbest.com	HTTPS://WWW.FINDTHISBEST.COM/BRAND/596711-AUDIOCRAZY
AUDLES	AUDLES	findthisbest.com	HTTPS://WWW.FINDTHISBEST.COM/BRAND/609018-AUDLES
AUDWUD	AUDWUD	findthisbest.com	HTTPS://WWW.FINDTHISBEST.COM/BRAND/507581-AUDWUD
AUECOOR	AUECOOR	findthisbest.com	HTTPS://WWW.FINDTHISBEST.COM/BRAND/887171-AUECOOR
AUEDROT	AUEDROT	findthisbest.com	HTTPS://WWW.FINDTHISBEST.COM/BRAND/485862-AUEDROT
AUERVO	AUERVO	findthisbest.com	HTTPS://WWW.FINDTHISBEST.COM/BRAND/43256-AUERVO
AUFEW	AUFEW	findthisbest.com	HTTPS://WWW.FINDTHISBEST.COM/BRAND/129398-AUFEW
AUFUGA	AUFUGA	findthisbest.com	HTTPS://WWW.FINDTHISBEST.COM/BRAND/445218-AUFUGA
AUGTARLION	AUGTARLION	findthisbest.com	HTTPS://WWW.FINDTHISBEST.COM/BRAND/313470-AUGTARLION
AUGTOUF	AUGTOUF	findthisbest.com	HTTPS://WWW.FINDTHISBEST.COM/BRAND/314656-AUGTOUF
AUIIKIY	AUIIKIY	findthisbest.com	HTTPS://WWW.FINDTHISBEST.COM/BRAND/1539-AUIIKIY
AUITOA	AUITOA	findthisbest.com	HTTPS://WWW.FINDTHISBEST.COM/BRAND/604463-AUITOA
AUITRONCARE	AUITRONCARE	findthisbest.com	HTTPS://WWW.FINDTHISBEST.COM/BRAND/402117-AUITRONCARE
AUKEE	AUKEE	findthisbest.com	HTTPS://WWW.FINDTHISBEST.COM/BRAND/145598-AUKEE
AUKENIEN	AUKENIEN	findthisbest.com	HTTPS://WWW.FINDTHISBEST.COM/BRAND/444685-AUKENIEN
AUKENRN	AUKENIEN	findthisbest.com	HTTPS://WWW.FINDTHISBEST.COM/BRAND/444685-AUKENIEN
AUKMONT	AUKMONT	findthisbest.com	HTTPS://WWW.FINDTHISBEST.COM/BRAND/210506-AUKMONT
AUKVI	AUKVI	findthisbest.com	HTTPS://WWW.FINDTHISBEST.COM/BRAND/112375-AUKVI
AUKVITE	AUKVITE	findthisbest.com	HTTPS://WWW.FINDTHISBEST.COM/BRAND/313218-AUKVITE
AULDHOMEDESIGN	AULDHOMEDESIGN	findthisbest.com	HTTPS://WWW.FINDTHISBEST.COM/BRAND/9046-AULDHOME-DESIGN
AULUDA	AULUDA	findthisbest.com	HTTPS://WWW.FINDTHISBEST.COM/BRAND/348269-AULUDA
AUNOTE	AUNOTE	findthisbest.com	HTTPS://WWW.FINDTHISBEST.COM/BRAND/176040-AUNOTE
AUOON	AUOON	findthisbest.com	HTTPS://WWW.FINDTHISBEST.COM/BRAND/8974-AUOON
AUOPLUS	AUOPLUS	findthisbest.com	HTTPS://WWW.FINDTHISBEST.COM/BRAND/288767-AUOPLUS
AUPKAO	AUPOKO	findthisbest.com	HTTPS://WWW.FINDTHISBEST.COM/BRAND/58274-AUPOKO
AUPLF	AUPLF	findthisbest.com	HTTPS://WWW.FINDTHISBEST.COM/BRAND/384208-AUPLF
AURAFIXORTHOPEDICPRODUCTS	AURAFIXORTHOPEDICPRODUCTS	findthisbest.com	HTTPS://WWW.FINDTHISBEST.COM/BRAND/25434-AURAFIX-ORTHOPEDIC-PRODUCTS
AURIVER	AURIVER	findthisbest.com	HTTPS://WWW.FINDTHISBEST.COM/BRAND/361065-AURIVER
AURIVOR	AURIVOR	findthisbest.com	HTTPS://WWW.FINDTHISBEST.COM/BRAND/60532-AURIVOR
AUROLUXE	AUROLUXE	findthisbest.com	HTTPS://WWW.FINDTHISBEST.COM/BRAND/268044-AUROLUXE
AURTEC	AURTEC	findthisbest.com	HTTPS://WWW.FINDTHISBEST.COM/BRAND/288936-AURTEC
AUSAIL	AUSAIL	findthisbest.com	HTTPS://WWW.FINDTHISBEST.COM/BRAND/2291-AUSAIL
AUSCOUMER	AUSCOUMER	findthisbest.com	HTTPS://WWW.FINDTHISBEST.COM/BRAND/874700-AUSCOUMER
AUTBYE	AUTBYE	findthisbest.com	HTTPS://WWW.FINDTHISBEST.COM/BRAND/174936-AUTBYE
AUTELO	AUTELO	findthisbest.com	HTTPS://WWW.FINDTHISBEST.COM/BRAND/315313-AUTELO
AUTIPHON	AUTIPHON	findthisbest.com	HTTPS://WWW.FINDTHISBEST.COM/BRAND/647721-AUTIPHON
AUTOACC	AUTOACC	findthisbest.com	HTTPS://WWW.FINDTHISBEST.COM/BRAND/372928-AUTOACC
AUTOBIG	AUTOBIG	findthisbest.com	HTTPS://WWW.FINDTHISBEST.COM/BRAND/104411-AUTOBIG
AUTOFOREVER	AUTOFOREVER	findthisbest.com	HTTPS://WWW.FINDTHISBEST.COM/BRAND/143830-AUTOFOREVER
AUTOMONESS	AUTOMONESS	findthisbest.com	HTTPS://WWW.FINDTHISBEST.COM/BRAND/110530-AUTOMONESS
AUTOMOTY	AUTOMOTY	findthisbest.com	HTTPS://WWW.FINDTHISBEST.COM/BRAND/642488-AUTOMOTY
AUTOOMMO	AUTOOMMO	findthisbest.com	HTTPS://WWW.FINDTHISBEST.COM/BRAND/260219-AUTOOMMO
AUTOTECHZONE	AUTOTECHZONE	findthisbest.com	HTTPS://WWW.FINDTHISBEST.COM/BRAND/644454-AUTOTECH-ZONE
AUTOZENSATION	AUTOZENSATION	findthisbest.com	HTTPS://WWW.FINDTHISBEST.COM/BRAND/76641-AUTOZENSATION
AUTPER	AUTPER	findthisbest.com	HTTPS://WWW.FINDTHISBEST.COM/BRAND/99383-AUTPER
AUTRENDS	AUTRENDS	findthisbest.com	HTTPS://WWW.FINDTHISBEST.COM/BRAND/335805-AUTRENDS
AUTSOP	AUTSOP	findthisbest.com	HTTPS://WWW.FINDTHISBEST.COM/BRAND/105112-AUTSOP
AUVIPAL	AUVIPAL	findthisbest.com	HTTPS://WWW.FINDTHISBEST.COM/BRAND/5658-AUVIPAL
AUXCO	AUXCO	findthisbest.com	HTTPS://WWW.FINDTHISBEST.COM/BRAND/853114-AUXCO
AUXIWA	AUXIWA	findthisbest.com	HTTPS://WWW.FINDTHISBEST.COM/BRAND/159207-AUXIWA
AUXLINK	AUXLINK	findthisbest.com	HTTPS://WWW.FINDTHISBEST.COM/BRAND/612364-AUXLINK
AUYLE	AUYLE	findthisbest.com	HTTPS://WWW.FINDTHISBEST.COM/BRAND/911366-AUYLE
AUZFY	AUZFY	findthisbest.com	HTTPS://WWW.FINDTHISBEST.COM/BRAND/635947-AUZFY
AVAIVY	AVAIVY	findthisbest.com	HTTPS://WWW.FINDTHISBEST.COM/BRAND/745256-AVAIVY
AVANLO	AVANLO	findthisbest.com	HTTPS://WWW.FINDTHISBEST.COM/BRAND/213852-AVANLO
AVFABUL	AVFABUL	findthisbest.com	HTTPS://WWW.FINDTHISBEST.COM/BRAND/390323-AVFABUL
AVIASWIN	AVIASWIN	findthisbest.com	HTTPS://WWW.FINDTHISBEST.COM/BRAND/458384-AVIASWIN
AVIENTOBLANCO	AVIENTOLABS	findthisbest.com	HTTPS://WWW.FINDTHISBEST.COM/BRAND/673871-AVIENTO-LABS
AVIERLL	AVIERLL	findthisbest.com	HTTPS://WWW.FINDTHISBEST.COM/BRAND/622879-AVIERLL
AVJONE	AVJONE	findthisbest.com	HTTPS://WWW.FINDTHISBEST.COM/BRAND/441794-AVJONE
AVNICUD	AVNICUD	findthisbest.com	HTTPS://WWW.FINDTHISBEST.COM/BRAND/33774-AVNICUD
AVOMAR	SPORTHFISH	findthisbest.com	HTTPS://WWW.FINDTHISBEST.COM/BRAND/35630-SPORTHFISH
AWATERWANG	AWATERWANG	findthisbest.com	HTTPS://WWW.FINDTHISBEST.COM/BRAND/114188-A-WATERWANG
AWAYTR	AWAYTR	findthisbest.com	HTTPS://WWW.FINDTHISBEST.COM/BRAND/43291-AWAYTR
AWBLIN	AWBLIN	findthisbest.com	HTTPS://WWW.FINDTHISBEST.COM/BRAND/369135-AWBLIN
AWDMEDICAL	AWDMEDICAL	findthisbest.com	HTTPS://WWW.FINDTHISBEST.COM/BRAND/5901-AWD-MEDICAL
AWEF	AWEF	findthisbest.com	HTTPS://WWW.FINDTHISBEST.COM/BRAND/569575-AWEF
AWEHIRU	AWEHIRU	findthisbest.com	HTTPS://WWW.FINDTHISBEST.COM/BRAND/344482-AWEHIRU
AWELIFE	AWELIFE	findthisbest.com	HTTPS://WWW.FINDTHISBEST.COM/BRAND/79608-AWELIFE
AWELLIFE	AWELLIFE	findthisbest.com	HTTPS://WWW.FINDTHISBEST.COM/BRAND/574641-AWELLIFE
AWGSEE	AWGSEE	findthisbest.com	HTTPS://WWW.FINDTHISBEST.COM/BRAND/711088-AWGSEE
AWOPEE	AWPEYE	findthisbest.com	HTTPS://WWW.FINDTHISBEST.COM/BRAND/7671-AWPEYE
AWOW	AWOW	findthisbest.com	HTTPS://WWW.FINDTHISBEST.COM/BRAND/23553-AWOW
AWSACCY	AWSACCY	findthisbest.com	HTTPS://WWW.FINDTHISBEST.COM/BRAND/241858-AWSACCY
AX5H7	GATORCOVERS	findthisbest.com	HTTPS://WWW.FINDTHISBEST.COM/BRAND/104750-GATOR-COVERS
AXAAXCESSABLES	AXAAXCESSABLES	findthisbest.com	HTTPS://WWW.FINDTHISBEST.COM/BRAND/284674-AXA-AXCESSABLES
AXAME	AXAME	findthisbest.com	HTTPS://WWW.FINDTHISBEST.COM/BRAND/593793-AXAME
AXCONE	AXCONE	findthisbest.com	HTTPS://WWW.FINDTHISBEST.COM/BRAND/141419-AXCONE
AXELECT	AXELECT	findthisbest.com	HTTPS://WWW.FINDTHISBEST.COM/BRAND/76842-AXELECT
AXLIO	AXLIO	findthisbest.com	HTTPS://WWW.FINDTHISBEST.COM/BRAND/820932-AXLIO
AXUAN	AXUAN	findthisbest.com	HTTPS://WWW.FINDTHISBEST.COM/BRAND/255576-AXUAN
AYAO	AYAO	findthisbest.com	HTTPS://WWW.FINDTHISBEST.COM/BRAND/370702-AYAO
AYCFIYING	AYCFIYING	findthisbest.com	HTTPS://WWW.FINDTHISBEST.COM/BRAND/6228-AYCFIYING
AYCY	AYCY	findthisbest.com	HTTPS://WWW.FINDTHISBEST.COM/BRAND/914119-AYCY
AYIAREN	AYIAREN	findthisbest.com	HTTPS://WWW.FINDTHISBEST.COM/BRAND/323926-AYIAREN
AYLIO	AYLIO	findthisbest.com	HTTPS://WWW.FINDTHISBEST.COM/BRAND/6310-AYLIO
AYNEFY	AYNEFY	findthisbest.com	HTTPS://WWW.FINDTHISBEST.COM/BRAND/866955-AYNEFY
AYSESA	AYSESA	findthisbest.com	HTTPS://WWW.FINDTHISBEST.COM/BRAND/361980-AYSESA
AYWEWII	AYWEWII	findthisbest.com	HTTPS://WWW.FINDTHISBEST.COM/BRAND/119545-AYWEWII
AZALCO	AZALCO	findthisbest.com	HTTPS://WWW.FINDTHISBEST.COM/BRAND/641466-AZALCO
AZHOMECONCEPT	AZL1LIFECONCEPT	findthisbest.com	HTTPS://WWW.FINDTHISBEST.COM/BRAND/378495-AZL1-LIFE-CONCEPT
AZHOMECONCEPTLIMITED	AZL1LIFECONCEPT	findthisbest.com	HTTPS://WWW.FINDTHISBEST.COM/BRAND/378495-AZL1-LIFE-CONCEPT
AZL1LIFECONCEPT	AZL1LIFECONCEPT	findthisbest.com	HTTPS://WWW.FINDTHISBEST.COM/BRAND/378495-AZL1-LIFE-CONCEPT
AZLIXLH	AZLIXLH	findthisbest.com	HTTPS://WWW.FINDTHISBEST.COM/BRAND/605061-AZLIXLH
AZMALL	AZMALL	findthisbest.com	HTTPS://WWW.FINDTHISBEST.COM/BRAND/480662-AZMALL
AZMXDVP	AZMXDVP	findthisbest.com	HTTPS://WWW.FINDTHISBEST.COM/BRAND/599051-AZMXDVP
AZOUTDOOR	AZOUTDOOR	findthisbest.com	HTTPS://WWW.FINDTHISBEST.COM/BRAND/837212-AZOUTDOOR
AZUMAYAJAPAN	AZUMAYAJAPAN	findthisbest.com	HTTPS://WWW.FINDTHISBEST.COM/BRAND/69513-AZUMAYA-JAPAN
AZXJC	AZXJC	findthisbest.com	HTTPS://WWW.FINDTHISBEST.COM/BRAND/738257-AZXJC
AZZSY	AZZSY	findthisbest.com	HTTPS://WWW.FINDTHISBEST.COM/BRAND/5504-AZZSY
BABYMUST	BABYMUST	findthisbest.com	HTTPS://WWW.FINDTHISBEST.COM/BRAND/637799-BABYMUST
BACKERYSUPPLY	BACKERYSUPPLY	findthisbest.com	HTTPS://WWW.FINDTHISBEST.COM/BRAND/41466-BACKERYSUPPLY
BACKYARDCHAMPS	BACKYARDCHAMPS	findthisbest.com	HTTPS://WWW.FINDTHISBEST.COM/BRAND/21943-BACKYARD-CHAMPS
BACKYARDDUDES	BACKYARDDUDES	findthisbest.com	HTTPS://WWW.FINDTHISBEST.COM/BRAND/443704-BACKYARD-DUDES
BACYION	BACYION	findthisbest.com	HTTPS://WWW.FINDTHISBEST.COM/BRAND/155711-BACYION
BADALINK	BADALINK	findthisbest.com	HTTPS://WWW.FINDTHISBEST.COM/BRAND/189459-BADALINK
BADASSPOOLSUPPLY	BADASSPOOLSUPPLY	findthisbest.com	HTTPS://WWW.FINDTHISBEST.COM/BRAND/584217-BADASS-POOL-SUPPLY
BADIANO	BADIANO	findthisbest.com	HTTPS://WWW.FINDTHISBEST.COM/BRAND/291573-BADIANO
BAERFO	BAERFO	findthisbest.com	HTTPS://WWW.FINDTHISBEST.COM/BRAND/155056-BAERFO
BAFASO	BAFASO	findthisbest.com	HTTPS://WWW.FINDTHISBEST.COM/BRAND/469203-BAFASO
BAGAILBASICS	BAGAILBASICS	findthisbest.com	HTTPS://WWW.FINDTHISBEST.COM/BRAND/522672-BAGAIL-BASICS
BAIJIXIN	BAIJIXIN	findthisbest.com	HTTPS://WWW.FINDTHISBEST.COM/BRAND/280841-BAIJIXIN
BAIONE	BAIONE	findthisbest.com	HTTPS://WWW.FINDTHISBEST.COM/BRAND/101197-BAIONE
BAIRUIFU	BAIRUIFU	findthisbest.com	HTTPS://WWW.FINDTHISBEST.COM/BRAND/299490-BAIRUIFU
BAISINE	BAISINE	findthisbest.com	HTTPS://WWW.FINDTHISBEST.COM/BRAND/570386-BAISINE
BAIVAKON	BAVOKON	findthisbest.com	HTTPS://WWW.FINDTHISBEST.COM/BRAND/872071-BAVOKON
BAIWAIZ	BAIWAIZ	findthisbest.com	HTTPS://WWW.FINDTHISBEST.COM/BRAND/248075-BAIWAIZ
BAIYEUSO	BAIYEUSO	findthisbest.com	HTTPS://WWW.FINDTHISBEST.COM/BRAND/892946-BAIYEUSO
BAIYUAN	BAIYUAN	findthisbest.com	HTTPS://WWW.FINDTHISBEST.COM/BRAND/76760-BAIYUAN
BAKERANDBOLT	BAKERANDBOLT	findthisbest.com	HTTPS://WWW.FINDTHISBEST.COM/BRAND/78011-BAKER-AND-BOLT
BAKTH	BAKTH	findthisbest.com	HTTPS://WWW.FINDTHISBEST.COM/BRAND/278609-BAKTH
BALASAMI	BALASAMI	findthisbest.com	HTTPS://WWW.FINDTHISBEST.COM/BRAND/97570-BALASAMI
BALCI	BALCI	findthisbest.com	HTTPS://WWW.FINDTHISBEST.COM/BRAND/8573-BALCI
BALELINKO	BALELINKO	findthisbest.com	HTTPS://WWW.FINDTHISBEST.COM/BRAND/299826-BALELINKO
BALHVIT	BALHVIT	findthisbest.com	HTTPS://WWW.FINDTHISBEST.COM/BRAND/117272-BALHVIT
BALHVITLIFE	BALHVIT	findthisbest.com	HTTPS://WWW.FINDTHISBEST.COM/BRAND/117272-BALHVIT
BALOBOO	BALOBOO	findthisbest.com	HTTPS://WWW.FINDTHISBEST.COM/BRAND/461530-BALOBOO
BALORIZ	BALORIZ	findthisbest.com	HTTPS://WWW.FINDTHISBEST.COM/BRAND/509715-BALORIZ
BALUOQI	BALUOQI	findthisbest.com	HTTPS://WWW.FINDTHISBEST.COM/BRAND/405631-BALUOQI
BAMSKOV	BAMSKOV	findthisbest.com	HTTPS://WWW.FINDTHISBEST.COM/BRAND/836747-BAMSKOV
BAMTALK	BAMTALK	findthisbest.com	HTTPS://WWW.FINDTHISBEST.COM/BRAND/291574-BAMTALK
BANANABUCKET	BANANABUCKET	findthisbest.com	HTTPS://WWW.FINDTHISBEST.COM/BRAND/165009-BANANA-BUCKET
BANANMELONBM	BANANMELONBM	findthisbest.com	HTTPS://WWW.FINDTHISBEST.COM/BRAND/254596-BANANMELONBM
BANETTETA	BANETTETA	findthisbest.com	HTTPS://WWW.FINDTHISBEST.COM/BRAND/97141-BANETTETA
BANGBANGDA	BANGBANGDA	findthisbest.com	HTTPS://WWW.FINDTHISBEST.COM/BRAND/3106-BANGBANGDA
BANGERZSUNZ	BANGERZSUNZ	findthisbest.com	HTTPS://WWW.FINDTHISBEST.COM/BRAND/11519-BANGERZ-SUNZ
BANGLONG	BANGLONG	findthisbest.com	HTTPS://WWW.FINDTHISBEST.COM/BRAND/27606-BANGLONG
BANGTONGLI	BANGTONGLI	findthisbest.com	HTTPS://WWW.FINDTHISBEST.COM/BRAND/21063-BANGTONGLI
BANIGIPA	BANIGIPA	findthisbest.com	HTTPS://WWW.FINDTHISBEST.COM/BRAND/521813-BANIGIPA
BANKIDS	BANKIDS	findthisbest.com	HTTPS://WWW.FINDTHISBEST.COM/BRAND/348422-BANKIDS
BANNAD	BANNAD	findthisbest.com	HTTPS://WWW.FINDTHISBEST.COM/BRAND/445326-BANNAD
BANOMII	BANOMII	findthisbest.com	HTTPS://WWW.FINDTHISBEST.COM/BRAND/540780-BANOMII
BANP	BANGP	findthisbest.com	HTTPS://WWW.FINDTHISBEST.COM/BRAND/353388-BANGP
BANSUSU	BANSUSU	findthisbest.com	HTTPS://WWW.FINDTHISBEST.COM/BRAND/195096-BANSUSU
BANUCE	BANUCE	findthisbest.com	HTTPS://WWW.FINDTHISBEST.COM/BRAND/85544-BANUCE
BAOMAO	BAOMAO	findthisbest.com	HTTPS://WWW.FINDTHISBEST.COM/BRAND/358675-BAOMAO
BAONIU	BAONIU	findthisbest.com	HTTPS://WWW.FINDTHISBEST.COM/BRAND/668238-BAONIU
BAORUITENG	BAORUITENG	findthisbest.com	HTTPS://WWW.FINDTHISBEST.COM/BRAND/537990-BAORUITENG
BAOSHA	BAOSHA	findthisbest.com	HTTPS://WWW.FINDTHISBEST.COM/BRAND/85535-BAOSHA
BAOSHISHAN	BAOSHISHAN	findthisbest.com	HTTPS://WWW.FINDTHISBEST.COM/BRAND/26537-BAOSHISHAN
BAOYEMES	BAOYEMES	findthisbest.com	HTTPS://WWW.FINDTHISBEST.COM/BRAND/886718-BAOYEMES
BAPRO	BAPRO	findthisbest.com	HTTPS://WWW.FINDTHISBEST.COM/BRAND/384424-BAPRO
BARAIDA	BARAIDA	findthisbest.com	HTTPS://WWW.FINDTHISBEST.COM/BRAND/849541-BARAIDA
BARALIR	BARALIR	findthisbest.com	HTTPS://WWW.FINDTHISBEST.COM/BRAND/655847-BARALIR
BAREFOUR	BEEFOOR	findthisbest.com	HTTPS://WWW.FINDTHISBEST.COM/BRAND/908657-BEEFOOR
BARGAINPARADISE	BARGAINPARADISE	findthisbest.com	HTTPS://WWW.FINDTHISBEST.COM/BRAND/50933-BARGAIN-PARADISE
BARGBURM	BARGBURM	findthisbest.com	HTTPS://WWW.FINDTHISBEST.COM/BRAND/89512-BARGBURM
BARHON	BARHON	findthisbest.com	HTTPS://WWW.FINDTHISBEST.COM/BRAND/87931-BARHON
BARKANDLINDY	BARKANDLINDY	findthisbest.com	HTTPS://WWW.FINDTHISBEST.COM/BRAND/269012-BARK-AND-LINDY
BARLUXIA	BARLUXIA	findthisbest.com	HTTPS://WWW.FINDTHISBEST.COM/BRAND/415824-BARLUXIA
BARNERHOME	BARNERHOME	findthisbest.com	HTTPS://WWW.FINDTHISBEST.COM/BRAND/595018-BARNER-HOME
BARNYATOH	BARNYATOH	findthisbest.com	HTTPS://WWW.FINDTHISBEST.COM/BRAND/901216-BARNYATOH
BARSONE	BARSONE	findthisbest.com	HTTPS://WWW.FINDTHISBEST.COM/BRAND/68569-BARSONE
BARWING	BARWING	findthisbest.com	HTTPS://WWW.FINDTHISBEST.COM/BRAND/271631-BARWING
BASBE	BASBE	findthisbest.com	HTTPS://WWW.FINDTHISBEST.COM/BRAND/530771-BASBE
BASMILE	BASMILE	findthisbest.com	HTTPS://WWW.FINDTHISBEST.COM/BRAND/357772-BASMILE
BASRDIS	BASRDIS	findthisbest.com	HTTPS://WWW.FINDTHISBEST.COM/BRAND/308592-BASRDIS
BASSIZO	BASSIZO	findthisbest.com	HTTPS://WWW.FINDTHISBEST.COM/BRAND/490127-BASSIZO
BASSO1904	BASSO1904	findthisbest.com	HTTPS://WWW.FINDTHISBEST.COM/BRAND/61945-BASSO-1904
BASTWE	BASTWE	findthisbest.com	HTTPS://WWW.FINDTHISBEST.COM/BRAND/278508-BASTWE
BATHENUM	BATHENUM	findthisbest.com	HTTPS://WWW.FINDTHISBEST.COM/BRAND/881340-BATHENUM
BATHIKA	BATHIKA	findthisbest.com	HTTPS://WWW.FINDTHISBEST.COM/BRAND/871646-BATHIKA
BATHJOY	BATHJOY	findthisbest.com	HTTPS://WWW.FINDTHISBEST.COM/BRAND/78633-BATHJOY
BATLOFTY	BATLOFTY	findthisbest.com	HTTPS://WWW.FINDTHISBEST.COM/BRAND/126212-BATLOFTY
BATODA	BATODA	findthisbest.com	HTTPS://WWW.FINDTHISBEST.COM/BRAND/261411-BATODA
BATRICAL	BATRICAL	findthisbest.com	HTTPS://WWW.FINDTHISBEST.COM/BRAND/59291-BATRICAL
BATTOOL	BATTOOL	findthisbest.com	HTTPS://WWW.FINDTHISBEST.COM/BRAND/301931-BATTOOL
BATURU	BATURU	findthisbest.com	HTTPS://WWW.FINDTHISBEST.COM/BRAND/148896-BATURU
BAUIHR	BAUIHR	findthisbest.com	HTTPS://WWW.FINDTHISBEST.COM/BRAND/32684-BAUIHR
BAUISAN	BAUISAN	findthisbest.com	HTTPS://WWW.FINDTHISBEST.COM/BRAND/199282-BAUISAN
BAVITE	EBAVITE	findthisbest.com	HTTPS://WWW.FINDTHISBEST.COM/BRAND/370764-E-BAVITE
BAVNNRO	BAVNNRO	findthisbest.com	HTTPS://WWW.FINDTHISBEST.COM/BRAND/284025-BAVNNRO
BAXENDALEANDCO	BAXENDALEANDCO	findthisbest.com	HTTPS://WWW.FINDTHISBEST.COM/BRAND/353867-BAXENDALE-AND-CO
BAXSTEL	BAXSTEL	findthisbest.com	HTTPS://WWW.FINDTHISBEST.COM/BRAND/301605-BAXSTEL
BAYSITONE	BAYSITONE	findthisbest.com	HTTPS://WWW.FINDTHISBEST.COM/BRAND/155584-BAYSITONE
BAYSTATEIMPORTERS	BAYSTATEIMPORTERS	findthisbest.com	HTTPS://WWW.FINDTHISBEST.COM/BRAND/259899-BAY-STATE-IMPORTERS
BBAOSITY	BBAOSITY	findthisbest.com	HTTPS://WWW.FINDTHISBEST.COM/BRAND/868759-B-BAOSITY
BBARLEYTALK	BBARLEYTALK	findthisbest.com	HTTPS://WWW.FINDTHISBEST.COM/BRAND/584764-B-BARLEY-TALK
BBBACHMORE	BBBACHMORE	findthisbest.com	HTTPS://WWW.FINDTHISBEST.COM/BRAND/259533-BB-BACHMORE
BBBBOX	BBBBOX	findthisbest.com	HTTPS://WWW.FINDTHISBEST.COM/BRAND/75502-BBBBOX
BBBUY	BBBUY	findthisbest.com	HTTPS://WWW.FINDTHISBEST.COM/BRAND/36270-BBBUY
BBDAY	BBDAY	findthisbest.com	HTTPS://WWW.FINDTHISBEST.COM/BRAND/91045-BBDAY
BBDOU	BBDOU	findthisbest.com	HTTPS://WWW.FINDTHISBEST.COM/BRAND/8949-BBDOU
BBGGYH	BBGGYH	findthisbest.com	HTTPS://WWW.FINDTHISBEST.COM/BRAND/160888-BBGGYH
BBINMEFVN	BBINMEFVN	findthisbest.com	HTTPS://WWW.FINDTHISBEST.COM/BRAND/73108-B-BINMEFVN
BBLOOMOAK	BBLOOMOAK	findthisbest.com	HTTPS://WWW.FINDTHISBEST.COM/BRAND/259502-B-BLOOMOAK
BBOLDIN	BBOLDIN	findthisbest.com	HTTPS://WWW.FINDTHISBEST.COM/BRAND/890152-BBOLDIN
BBQFUTURE	BBQFUTURE	findthisbest.com	HTTPS://WWW.FINDTHISBEST.COM/BRAND/36218-BBQ-FUTURE
BBTAC	BBTAC	findthisbest.com	HTTPS://WWW.FINDTHISBEST.COM/BRAND/18711-BBTAC
BBXWANG	BBXWANG	findthisbest.com	HTTPS://WWW.FINDTHISBEST.COM/BRAND/560988-BBXWANG
BCBESTCHESS	BCBESTCHESS	findthisbest.com	HTTPS://WWW.FINDTHISBEST.COM/BRAND/459511-BCBESTCHESS
BCMRUN	BCMRUN	findthisbest.com	HTTPS://WWW.FINDTHISBEST.COM/BRAND/43346-BCMRUN
BCPOWR	AMERSUMER	findthisbest.com	HTTPS://WWW.FINDTHISBEST.COM/BRAND/50215-AMERSUMER
BEALEE	BEALEE	findthisbest.com	HTTPS://WWW.FINDTHISBEST.COM/BRAND/915751-BEALEE
BEALIFE	BEALIFE	findthisbest.com	HTTPS://WWW.FINDTHISBEST.COM/BRAND/576743-BEALIFE
BEAQUICY	BEAQUICY	findthisbest.com	HTTPS://WWW.FINDTHISBEST.COM/BRAND/75312-BEAQUICY
BEARMOOTEK	BEARMOO	findthisbest.com	HTTPS://WWW.FINDTHISBEST.COM/BRAND/845166-BEARMOO
BEARMOOTEK	CHEFIC	findthisbest.com	HTTPS://WWW.FINDTHISBEST.COM/BRAND/7231-CHEFIC
BEARMOTION	BEARMOTION	findthisbest.com	HTTPS://WWW.FINDTHISBEST.COM/BRAND/663-BEAR-MOTION
BEAUELI	BEAUELI	findthisbest.com	HTTPS://WWW.FINDTHISBEST.COM/BRAND/24847-BEAUELI
BEAUMONTBASICS	BEAUMONTBASICS	findthisbest.com	HTTPS://WWW.FINDTHISBEST.COM/BRAND/835683-BEAUMONT-BASICS
BEAUTIYAND	BEAUTIYAND	findthisbest.com	HTTPS://WWW.FINDTHISBEST.COM/BRAND/272402-BEAUTIYAND
BEAUTLACE	BEAUTLACE	findthisbest.com	HTTPS://WWW.FINDTHISBEST.COM/BRAND/331229-BEAUTLACE
BEAUTLINKS	BEAUTLINKS	findthisbest.com	HTTPS://WWW.FINDTHISBEST.COM/BRAND/90380-BEAUTLINKS
BEAUTME	BEAUE	findthisbest.com	HTTPS://WWW.FINDTHISBEST.COM/BRAND/186997-BEAUTME
BEAUTOST	BEAUTOST	findthisbest.com	HTTPS://WWW.FINDTHISBEST.COM/BRAND/105055-BEAUTOST
BEAUTYFACIALEXTREME	BEAUTYFACIALEXTREME	findthisbest.com	HTTPS://WWW.FINDTHISBEST.COM/BRAND/187838-BEAUTY-FACIAL-EXTREME
BEAUTYOVO	BEAUTYOVO	findthisbest.com	HTTPS://WWW.FINDTHISBEST.COM/BRAND/38760-BEAUTYOVO
BECAPRO	BECAPRO	findthisbest.com	HTTPS://WWW.FINDTHISBEST.COM/BRAND/894327-BECAPRO
BECCALIGHTING	BECCALIGHTING	findthisbest.com	HTTPS://WWW.FINDTHISBEST.COM/BRAND/380492-BECCALIGHTING
BECHARNY	ANMOR	findthisbest.com	HTTPS://WWW.FINDTHISBEST.COM/BRAND/362079-ANMOR
BECKONWARE	BECKONWARE	findthisbest.com	HTTPS://WWW.FINDTHISBEST.COM/BRAND/8679-BECKON-WARE
BECTINE	BECTINE	findthisbest.com	HTTPS://WWW.FINDTHISBEST.COM/BRAND/506686-BECTINE
BEDANU	MELINGO	findthisbest.com	HTTPS://WWW.FINDTHISBEST.COM/BRAND/307720-MELINGO
BEDOOCAT	BHEADCAT	findthisbest.com	HTTPS://WWW.FINDTHISBEST.COM/BRAND/37380-BHEADCAT
BEDUAN	BEDUAN	findthisbest.com	HTTPS://WWW.FINDTHISBEST.COM/BRAND/70372-BEDUAN
BEEBEL	BEEBEL	findthisbest.com	HTTPS://WWW.FINDTHISBEST.COM/BRAND/43304-BEEBEL
BEEFIX	BEEFIX	findthisbest.com	HTTPS://WWW.FINDTHISBEST.COM/BRAND/835295-BEEFIX
BEEFUNNI	BEEFUNNI	findthisbest.com	HTTPS://WWW.FINDTHISBEST.COM/BRAND/458390-BEEFUNNI
BEEFUNNY	BEEFUNNY	findthisbest.com	HTTPS://WWW.FINDTHISBEST.COM/BRAND/90227-BEEFUNNY
BEEKIM	BEEKIM	findthisbest.com	HTTPS://WWW.FINDTHISBEST.COM/BRAND/880998-BEEKIM
BEEMAGNIFICENT	THEMAGNIFICENTBEE	findthisbest.com	HTTPS://WWW.FINDTHISBEST.COM/BRAND/45749-THE-MAGNIFICENT-BEE
BEESEALY	BEESEALY	findthisbest.com	HTTPS://WWW.FINDTHISBEST.COM/BRAND/269538-BEESEALY
BEETRO	BEETRO	findthisbest.com	HTTPS://WWW.FINDTHISBEST.COM/BRAND/265649-BEETRO
BEEXTM	BEEX	findthisbest.com	HTTPS://WWW.FINDTHISBEST.COM/BRAND/371819-BEEXTM
BEFANTASWAY	BEFANTASWAY	findthisbest.com	HTTPS://WWW.FINDTHISBEST.COM/BRAND/394319-BEFANTASWAY
BEGATTER	BEGATTER	findthisbest.com	HTTPS://WWW.FINDTHISBEST.COM/BRAND/359034-BEGATTER
BEGEEL	BEGEEL	findthisbest.com	HTTPS://WWW.FINDTHISBEST.COM/BRAND/425329-BEGEEL
BEGROTROL	BEGROTROL	findthisbest.com	HTTPS://WWW.FINDTHISBEST.COM/BRAND/369411-BEGROTROL
BEHENO	BEHENO	findthisbest.com	HTTPS://WWW.FINDTHISBEST.COM/BRAND/527732-BEHENO
BEHOK	BEHOK	findthisbest.com	HTTPS://WWW.FINDTHISBEST.COM/BRAND/675150-BEHOK
BEHORSE	BEHORSE	findthisbest.com	HTTPS://WWW.FINDTHISBEST.COM/BRAND/88355-BEHORSE
BEIHE	TEENFIGHTER	findthisbest.com	HTTPS://WWW.FINDTHISBEST.COM/BRAND/351383-TEENFIGHTER
BEIKOTT	BEIKOTT	findthisbest.com	HTTPS://WWW.FINDTHISBEST.COM/BRAND/10868-BEIKOTT
BEILMERIER	BIELMEIER	findthisbest.com	HTTPS://WWW.FINDTHISBEST.COM/BRAND/33786-BIELMEIER
BEINGNATURALS	BEINGNATURALS	findthisbest.com	HTTPS://WWW.FINDTHISBEST.COM/BRAND/336328-BEING-NATURALS
BEITESTAR	BEITESTAR	findthisbest.com	HTTPS://WWW.FINDTHISBEST.COM/BRAND/271313-BEITESTAR
BEIVES	BEIVES	findthisbest.com	HTTPS://WWW.FINDTHISBEST.COM/BRAND/655993-BEIVES
BEKAYSHAD	BEKAYSHAD	findthisbest.com	HTTPS://WWW.FINDTHISBEST.COM/BRAND/280559-BEKAYSHAD
BEKCA	BEKCA	findthisbest.com	HTTPS://WWW.FINDTHISBEST.COM/BRAND/396844-BEKCA
BEKVEM	BEKVEM	findthisbest.com	HTTPS://WWW.FINDTHISBEST.COM/BRAND/899238-BEKVEM
BEKWEIM	BEKWEIM	findthisbest.com	HTTPS://WWW.FINDTHISBEST.COM/BRAND/854751-BEKWEIM
BEKWEUM	BEKWEIM	findthisbest.com	HTTPS://WWW.FINDTHISBEST.COM/BRAND/854751-BEKWEIM
BELCAMBATHTHERAPY	BELCAMBATHTHERAPY	findthisbest.com	HTTPS://WWW.FINDTHISBEST.COM/BRAND/53518-BELCAM-BATH-THERAPY
BELEEB	BELEEB	findthisbest.com	HTTPS://WWW.FINDTHISBEST.COM/BRAND/288729-BELEEB
BELEY	BELEY	findthisbest.com	HTTPS://WWW.FINDTHISBEST.COM/BRAND/145721-BELEY
BELLAANDBENTLEYNOVELTY	BELLAANDBENTLEYNOVELTY	findthisbest.com	HTTPS://WWW.FINDTHISBEST.COM/BRAND/477244-BELLA-AND-BENTLEY-NOVELTY
BELLAHAUSDESIGN	BELLAHAUSDESIGN	findthisbest.com	HTTPS://WWW.FINDTHISBEST.COM/BRAND/151797-BELLA-HAUS-DESIGN
BELLATAVO	BELLATAVO	findthisbest.com	HTTPS://WWW.FINDTHISBEST.COM/BRAND/476529-BELLATAVO
BELLDREAM	BELLDREAM	findthisbest.com	HTTPS://WWW.FINDTHISBEST.COM/BRAND/255490-BELL-DREAM
BELLEARLY	BELLEARLY	findthisbest.com	HTTPS://WWW.FINDTHISBEST.COM/BRAND/153200-BELLEARLY
BELLECREY	BELLECREY	findthisbest.com	HTTPS://WWW.FINDTHISBEST.COM/BRAND/52731-BELLECREY
BELLEJIU	BELLEJIU	findthisbest.com	HTTPS://WWW.FINDTHISBEST.COM/BRAND/140204-BELLEJIU
BELLEMAVESTORE	BELLEMAVE	findthisbest.com	HTTPS://WWW.FINDTHISBEST.COM/BRAND/291353-BELLEMAVE
BELLEUR	BELLEUR	findthisbest.com	HTTPS://WWW.FINDTHISBEST.COM/BRAND/346938-BELLEUR
BELLISSO	BELLISSO	findthisbest.com	HTTPS://WWW.FINDTHISBEST.COM/BRAND/3922-BELLISSO
BELLMAVE	BELLEMAVE	findthisbest.com	HTTPS://WWW.FINDTHISBEST.COM/BRAND/291353-BELLEMAVE
BELLSAL	BELLSAL	findthisbest.com	HTTPS://WWW.FINDTHISBEST.COM/BRAND/353533-BELLSAL
BELOOSYE	BELOOSYE	findthisbest.com	HTTPS://WWW.FINDTHISBEST.COM/BRAND/544569-BELOOSYE
BELUGAHOTS	BELUGAHOTS	findthisbest.com	HTTPS://WWW.FINDTHISBEST.COM/BRAND/68664-BELUGAHOTS
BEMISO	BEMISO	findthisbest.com	HTTPS://WWW.FINDTHISBEST.COM/BRAND/393295-BEMISO
BEMIXPETS	BEMIXPETS	findthisbest.com	HTTPS://WWW.FINDTHISBEST.COM/BRAND/10003-BEMIX-PETS
BEMLP	BEMLP	findthisbest.com	HTTPS://WWW.FINDTHISBEST.COM/BRAND/49851-BEMLP
BEMODST	BEMODST	findthisbest.com	HTTPS://WWW.FINDTHISBEST.COM/BRAND/283340-BEMODST
BENCHALAK	BENCHALAK	findthisbest.com	HTTPS://WWW.FINDTHISBEST.COM/BRAND/874816-BENCHALAK
BENEDICTHARRY	BENEDICTHARRY	findthisbest.com	HTTPS://WWW.FINDTHISBEST.COM/BRAND/22648-BENEDICT-HARRY
BENEWELL	BENEWELL	findthisbest.com	HTTPS://WWW.FINDTHISBEST.COM/BRAND/300544-BENEWELL
BENFUCHEN	BENFUCHEN	findthisbest.com	HTTPS://WWW.FINDTHISBEST.COM/BRAND/597827-BENFUCHEN
BENHERO	BENHERO	findthisbest.com	HTTPS://WWW.FINDTHISBEST.COM/BRAND/81760-BENHERO
BENIBOS	BENINOS	findthisbest.com	HTTPS://WWW.FINDTHISBEST.COM/BRAND/99775-BENINOS
BENINOS	BENINOS	findthisbest.com	HTTPS://WWW.FINDTHISBEST.COM/BRAND/99775-BENINOS
BENOO	BENOO	findthisbest.com	HTTPS://WWW.FINDTHISBEST.COM/BRAND/859751-BENOO
BENOTEK	BENOTEK	findthisbest.com	HTTPS://WWW.FINDTHISBEST.COM/BRAND/878243-BENOTEK
BENQBOT	BENQBOT	findthisbest.com	HTTPS://WWW.FINDTHISBEST.COM/BRAND/349666-BENQBOT
BENSS	BENSS	findthisbest.com	HTTPS://WWW.FINDTHISBEST.COM/BRAND/61218-BENSS
BERCOL	BERCOL	findthisbest.com	HTTPS://WWW.FINDTHISBEST.COM/BRAND/236818-BERCOL
BERENNIS	BERENNIS	findthisbest.com	HTTPS://WWW.FINDTHISBEST.COM/BRAND/837170-BERENNIS
BERFINE	BERFINE	findthisbest.com	HTTPS://WWW.FINDTHISBEST.COM/BRAND/41296-BERFINE
BERGOTTI	RADIASMART	findthisbest.com	HTTPS://WWW.FINDTHISBEST.COM/BRAND/268138-RADIA-SMART
BERKINARTS	BERKINARTS	findthisbest.com	HTTPS://WWW.FINDTHISBEST.COM/BRAND/308439-BERKIN-ARTS
BERTAPES	BERTAPES	findthisbest.com	HTTPS://WWW.FINDTHISBEST.COM/BRAND/243216-BERTAPES
BESENERGY	BESENERGY	findthisbest.com	HTTPS://WWW.FINDTHISBEST.COM/BRAND/76482-BESENERGY
BESEZX	BESEZX	findthisbest.com	HTTPS://WWW.FINDTHISBEST.COM/BRAND/452893-BESEZX
BESLANDS	BESLANDS	findthisbest.com	HTTPS://WWW.FINDTHISBEST.COM/BRAND/257624-BESLANDS
BESLEND	BESLEND	findthisbest.com	HTTPS://WWW.FINDTHISBEST.COM/BRAND/302694-BESLEND
BESLI	BESLI	findthisbest.com	HTTPS://WWW.FINDTHISBEST.COM/BRAND/283503-BESLI
BESLIP	BESLIP	findthisbest.com	HTTPS://WWW.FINDTHISBEST.COM/BRAND/83447-BESLIP
BESNEL	BESNEL	findthisbest.com	HTTPS://WWW.FINDTHISBEST.COM/BRAND/578858-BESNEL
BESOKUSE	BESOKUSE	findthisbest.com	HTTPS://WWW.FINDTHISBEST.COM/BRAND/160253-BESOKUSE
BESROY	BESROY	findthisbest.com	HTTPS://WWW.FINDTHISBEST.COM/BRAND/738249-BESROY
BESSETO	BESSETO	findthisbest.com	HTTPS://WWW.FINDTHISBEST.COM/BRAND/889085-BESSETO
BESTALENT	BESTALENT	findthisbest.com	HTTPS://WWW.FINDTHISBEST.COM/BRAND/11797-BESTALENT
BESTALICE	BESTALICE	findthisbest.com	HTTPS://WWW.FINDTHISBEST.COM/BRAND/865203-BESTALICE
BESTARGOT	BESTARGOT	findthisbest.com	HTTPS://WWW.FINDTHISBEST.COM/BRAND/72793-BESTARGOT
BESTBEL	BESTBEL	findthisbest.com	HTTPS://WWW.FINDTHISBEST.COM/BRAND/513019-BESTBEL
BESTBUYDAMASCUS1	BESTBUYDAMASCUS1	findthisbest.com	HTTPS://WWW.FINDTHISBEST.COM/BRAND/282988-BESTBUYDAMASCUS1
BESTCHIC	BESTCHIC	findthisbest.com	HTTPS://WWW.FINDTHISBEST.COM/BRAND/782475-BESTCHIC
BESTEASY	BESTEASY	findthisbest.com	HTTPS://WWW.FINDTHISBEST.COM/BRAND/59580-BESTEASY
BESTGLE	BESTGLE	findthisbest.com	HTTPS://WWW.FINDTHISBEST.COM/BRAND/26607-BESTGLE
BESTGLORY	BESTGLORY	findthisbest.com	HTTPS://WWW.FINDTHISBEST.COM/BRAND/881930-BESTGLORY
BESTINN	BESTINN	findthisbest.com	HTTPS://WWW.FINDTHISBEST.COM/BRAND/914247-BESTINN
BESTMARS	BESARS	findthisbest.com	HTTPS://WWW.FINDTHISBEST.COM/BRAND/834182-BESTMARS
BESTOOTH	BESTOOTH	findthisbest.com	HTTPS://WWW.FINDTHISBEST.COM/BRAND/545604-BESTOOTH
BESTOU	BESTOU	findthisbest.com	HTTPS://WWW.FINDTHISBEST.COM/BRAND/103219-BESTOU
BESTSIGHT	BESTSIGHT	findthisbest.com	HTTPS://WWW.FINDTHISBEST.COM/BRAND/16229-BESTSIGHT
BESTSTARLOOP	BESTSTARLOOP	findthisbest.com	HTTPS://WWW.FINDTHISBEST.COM/BRAND/66921-BEST-STARLOOP
BESTYLEZ	BESTYLEZ	findthisbest.com	HTTPS://WWW.FINDTHISBEST.COM/BRAND/607413-BESTYLEZ
BESTZMWK	BESTZMWK	findthisbest.com	HTTPS://WWW.FINDTHISBEST.COM/BRAND/112920-BESTZMWK
BESUNGO	BESUNGO	findthisbest.com	HTTPS://WWW.FINDTHISBEST.COM/BRAND/442359-BESUNGO
BESUNTEK	BESUNTEK	findthisbest.com	HTTPS://WWW.FINDTHISBEST.COM/BRAND/291699-BESUNTEK
BETATREE	BETATREE	findthisbest.com	HTTPS://WWW.FINDTHISBEST.COM/BRAND/914114-BETATREE
BETENSH	BETENSH	findthisbest.com	HTTPS://WWW.FINDTHISBEST.COM/BRAND/5741-BETENSH
BETOMSPS	BETOMSPS	findthisbest.com	HTTPS://WWW.FINDTHISBEST.COM/BRAND/889653-BETOMSPS
BETROME	BETROME	findthisbest.com	HTTPS://WWW.FINDTHISBEST.COM/BRAND/8557-BETROME
BETTOMSHIN	BETTOMSHIN	findthisbest.com	HTTPS://WWW.FINDTHISBEST.COM/BRAND/916235-BETTOMSHIN
BETTYCORA	BETTYCORA	findthisbest.com	HTTPS://WWW.FINDTHISBEST.COM/BRAND/702986-BETTYCORA
BETYBEDY	BETYBEDY	findthisbest.com	HTTPS://WWW.FINDTHISBEST.COM/BRAND/121744-BETYBEDY
BETYHOM	BETYHOM	findthisbest.com	HTTPS://WWW.FINDTHISBEST.COM/BRAND/408611-BETYHOM
BEUWE	BEUWE	findthisbest.com	HTTPS://WWW.FINDTHISBEST.COM/BRAND/906911-BEUWE
BEVELENGINEERING	BEVELENGINEERING	findthisbest.com	HTTPS://WWW.FINDTHISBEST.COM/BRAND/75456-BEVEL-ENGINEERING
BEVERLYOAKS	BEVERLYOAKS	findthisbest.com	HTTPS://WWW.FINDTHISBEST.COM/BRAND/137500-BEVERLY-OAKS
BEVERLYROCK	BEVERLYROCK	findthisbest.com	HTTPS://WWW.FINDTHISBEST.COM/BRAND/97032-BEVERLY-ROCK
BEWAHLY	BEWAHLY	findthisbest.com	HTTPS://WWW.FINDTHISBEST.COM/BRAND/407821-BEWAHLY
BEWAMF	BEWAMF	findthisbest.com	HTTPS://WWW.FINDTHISBEST.COM/BRAND/248231-BEWAMF
BEWBOW	BEWBOW	findthisbest.com	HTTPS://WWW.FINDTHISBEST.COM/BRAND/842905-BEWBOW
BEWINNER	BEWINNER	findthisbest.com	HTTPS://WWW.FINDTHISBEST.COM/BRAND/870612-BEWINNER
BEXLEYLABS	BEXLEYLABS	findthisbest.com	HTTPS://WWW.FINDTHISBEST.COM/BRAND/10203-BEXLEY-LABS
BEXTGOO	BEXTGOO	findthisbest.com	HTTPS://WWW.FINDTHISBEST.COM/BRAND/507800-BEXTGOO
BEXTSWARE	BEXTSWARE	findthisbest.com	HTTPS://WWW.FINDTHISBEST.COM/BRAND/8981-BEXTSWARE
BEYME	BEYMEMAT	findthisbest.com	HTTPS://WWW.FINDTHISBEST.COM/BRAND/776597-BEYMEMAT
BEYUMI	BEYUMI	findthisbest.com	HTTPS://WWW.FINDTHISBEST.COM/BRAND/3437-BEYUMI
BEYYON	BEYYON	findthisbest.com	HTTPS://WWW.FINDTHISBEST.COM/BRAND/558372-BEYYON
BEZOKABEL	BEZOKABEL	findthisbest.com	HTTPS://WWW.FINDTHISBEST.COM/BRAND/483781-BEZOKABEL
BFRIENDIT	BFRIENDIT	findthisbest.com	HTTPS://WWW.FINDTHISBEST.COM/BRAND/276556-BFRIENDIT
BFSOBEIIALEO	BFSOBEIIALEO	findthisbest.com	HTTPS://WWW.FINDTHISBEST.COM/BRAND/67853-B-FSOBEIIALEO
BFUNTOYS	BFUNTOYS	findthisbest.com	HTTPS://WWW.FINDTHISBEST.COM/BRAND/48069-BFUNTOYS
BGHSCA	BGHSCA	findthisbest.com	HTTPS://WWW.FINDTHISBEST.COM/BRAND/859584-BGHSCA
BGRAAMIENS	BGRAAMIENS	findthisbest.com	HTTPS://WWW.FINDTHISBEST.COM/BRAND/33287-BGRAAMIENS
BGTOOL	BGTOOL	findthisbest.com	HTTPS://WWW.FINDTHISBEST.COM/BRAND/542455-BGTOOL
BHDBEAUTY	BHDBEAUTY	findthisbest.com	HTTPS://WWW.FINDTHISBEST.COM/BRAND/50143-BHD-BEAUTY
BHEADCAT	BHEADCAT	findthisbest.com	HTTPS://WWW.FINDTHISBEST.COM/BRAND/37380-BHEADCAT
BHEADCATBHEADCAT	BHEADCAT	findthisbest.com	HTTPS://WWW.FINDTHISBEST.COM/BRAND/37380-BHEADCAT
BHMUHIEK	BHMUHIEK	findthisbest.com	HTTPS://WWW.FINDTHISBEST.COM/BRAND/485138-BHMUHIEK
BHTOP	BHTOP	findthisbest.com	HTTPS://WWW.FINDTHISBEST.COM/BRAND/20251-BHTOP
BHYTAKI	BHYTAKI	findthisbest.com	HTTPS://WWW.FINDTHISBEST.COM/BRAND/471400-BHYTAKI
BIAELK	BIAELK	findthisbest.com	HTTPS://WWW.FINDTHISBEST.COM/BRAND/761758-BIAELK
BIBGWVBG	BIBGWVBG	findthisbest.com	HTTPS://WWW.FINDTHISBEST.COM/BRAND/690825-BIBGWVBG
BIBIELF	BIBIELF	findthisbest.com	HTTPS://WWW.FINDTHISBEST.COM/BRAND/462584-BIBIELF
BIBISI	BIBISI	findthisbest.com	HTTPS://WWW.FINDTHISBEST.COM/BRAND/323620-BIBISI
BICAQUU	BICAQUU	findthisbest.com	HTTPS://WWW.FINDTHISBEST.COM/BRAND/869847-BICAQUU
BICASUU	BICASUU	findthisbest.com	HTTPS://WWW.FINDTHISBEST.COM/BRAND/602395-BICASUU
BIDIHOME	BIDIHOME	findthisbest.com	HTTPS://WWW.FINDTHISBEST.COM/BRAND/67679-BIDIHOME
BIELMEIER	BIELMEIER	findthisbest.com	HTTPS://WWW.FINDTHISBEST.COM/BRAND/33786-BIELMEIER
BIEOSNLI	BIEOSNLI	findthisbest.com	HTTPS://WWW.FINDTHISBEST.COM/BRAND/643124-BIEOSNLI
BIERDORF	BIERDORF	findthisbest.com	HTTPS://WWW.FINDTHISBEST.COM/BRAND/149319-BIERDORF
BIGIB	BIGIB	findthisbest.com	HTTPS://WWW.FINDTHISBEST.COM/BRAND/3388-BIGIB
BIGIVACA	BIGIVACA	findthisbest.com	HTTPS://WWW.FINDTHISBEST.COM/BRAND/287703-BIGIVACA
BIGIZMOS	BIGIZMOS	findthisbest.com	HTTPS://WWW.FINDTHISBEST.COM/BRAND/835378-BIGIZMOS
BIGLIONX	BIGLIONX	findthisbest.com	HTTPS://WWW.FINDTHISBEST.COM/BRAND/637315-BIGLIONX
BIGLUFU	BIGLUFU	findthisbest.com	HTTPS://WWW.FINDTHISBEST.COM/BRAND/39274-BIGLUFU
BIGMIKESELECTRONICS	BIGMIKESELECTRONICS	findthisbest.com	HTTPS://WWW.FINDTHISBEST.COM/BRAND/1769-BIG-MIKES-ELECTRONICS
BIGNOSEDEER	BIGNOSEDEER	findthisbest.com	HTTPS://WWW.FINDTHISBEST.COM/BRAND/39231-BIGNOSEDEER
BIKERACCESS	BIKERACCESS	findthisbest.com	HTTPS://WWW.FINDTHISBEST.COM/BRAND/183255-BIKERACCESS
BIKESPARK	BIKESPARK	findthisbest.com	HTTPS://WWW.FINDTHISBEST.COM/BRAND/489467-BIKESPARK
BILAKI	BILAKI	findthisbest.com	HTTPS://WWW.FINDTHISBEST.COM/BRAND/849719-BILAKI
BILINNY	BILINNY	findthisbest.com	HTTPS://WWW.FINDTHISBEST.COM/BRAND/204243-BILINNY
BILIONE	BILIONE	findthisbest.com	HTTPS://WWW.FINDTHISBEST.COM/BRAND/149388-BILIONE
BILIZAR	BILIZAR	findthisbest.com	HTTPS://WWW.FINDTHISBEST.COM/BRAND/447244-BILIZAR
BILLITONMASHI	BILLITONMASHI	findthisbest.com	HTTPS://WWW.FINDTHISBEST.COM/BRAND/505574-BILLITON-MASHI
BILWAY	BILWAY	findthisbest.com	HTTPS://WWW.FINDTHISBEST.COM/BRAND/526988-BILWAY
BIMEAN	BIMEAN	findthisbest.com	HTTPS://WWW.FINDTHISBEST.COM/BRAND/821601-BIMEAN
BINCAVIDOU	BINCAVIDOU	findthisbest.com	HTTPS://WWW.FINDTHISBEST.COM/BRAND/69877-BINCA-VIDOU
BINDMASTER	BINDMASTER	findthisbest.com	HTTPS://WWW.FINDTHISBEST.COM/BRAND/277966-BINDMASTER
BINDPO	BINDPO	findthisbest.com	HTTPS://WWW.FINDTHISBEST.COM/BRAND/893911-BINDPO
BINFU	BINFU	findthisbest.com	HTTPS://WWW.FINDTHISBEST.COM/BRAND/333377-BINFU
BINGTOO	BINGTOO	findthisbest.com	HTTPS://WWW.FINDTHISBEST.COM/BRAND/68285-BINGTOO
BINIDUCKLING	BINIDUCKLING	findthisbest.com	HTTPS://WWW.FINDTHISBEST.COM/BRAND/83893-BINIDUCKLING
BINMEFVN	BBINMEFVN	findthisbest.com	HTTPS://WWW.FINDTHISBEST.COM/BRAND/73108-B-BINMEFVN
BINOBELLA	GOOTUS	findthisbest.com	HTTPS://WWW.FINDTHISBEST.COM/BRAND/122799-GOOTUS
BINOSTER	BINOSTER	findthisbest.com	HTTPS://WWW.FINDTHISBEST.COM/BRAND/88344-BINOSTER
BINROC	BINROC	findthisbest.com	HTTPS://WWW.FINDTHISBEST.COM/BRAND/904977-BINROC
BINSTAK	BINSTAK	findthisbest.com	HTTPS://WWW.FINDTHISBEST.COM/BRAND/165944-BINSTAK
BIOTERTI	BIOTERTI	findthisbest.com	HTTPS://WWW.FINDTHISBEST.COM/BRAND/94169-BIOTERTI
BIPEE	BIPEE	findthisbest.com	HTTPS://WWW.FINDTHISBEST.COM/BRAND/40589-BIPEE
BIRASIL	BIRASIL	findthisbest.com	HTTPS://WWW.FINDTHISBEST.COM/BRAND/730397-BIRASIL
BIRDIE79	BIRDIE79	findthisbest.com	HTTPS://WWW.FINDTHISBEST.COM/BRAND/73687-BIRDIE79
BIRTECH	BIRTECH	findthisbest.com	HTTPS://WWW.FINDTHISBEST.COM/BRAND/513371-BIRTECH
BIRW	BIRW	findthisbest.com	HTTPS://WWW.FINDTHISBEST.COM/BRAND/910480-BIRW
BISELONG	BISELONG	findthisbest.com	HTTPS://WWW.FINDTHISBEST.COM/BRAND/835371-BISELONG
BISINNA	BISINNA	findthisbest.com	HTTPS://WWW.FINDTHISBEST.COM/BRAND/27702-BISINNA
BISOZER	BISOZER	findthisbest.com	HTTPS://WWW.FINDTHISBEST.COM/BRAND/117940-BISOZER
BISOZERHOME	BISOZER	findthisbest.com	HTTPS://WWW.FINDTHISBEST.COM/BRAND/117940-BISOZER
BISTEE	BISTEE	findthisbest.com	HTTPS://WWW.FINDTHISBEST.COM/BRAND/123544-BISTEE
BITINBI	BITINBI	findthisbest.com	HTTPS://WWW.FINDTHISBEST.COM/BRAND/487191-BITINBI
BITOPBI	BITOPBI	findthisbest.com	HTTPS://WWW.FINDTHISBEST.COM/BRAND/109307-BITOPBI
BIUBIUCAT	BIUBIUCAT	findthisbest.com	HTTPS://WWW.FINDTHISBEST.COM/BRAND/593549-BIUBIUCAT
BIUCLY	BIUCLY	findthisbest.com	HTTPS://WWW.FINDTHISBEST.COM/BRAND/94688-BIUCLY
BIUONE	BIUONE	findthisbest.com	HTTPS://WWW.FINDTHISBEST.COM/BRAND/349718-BIUONE
BIUONK	BIUONK	findthisbest.com	HTTPS://WWW.FINDTHISBEST.COM/BRAND/263420-BIUONK
BIUTEAWAL	BIUTEAWAL	findthisbest.com	HTTPS://WWW.FINDTHISBEST.COM/BRAND/419697-BIUTEAWAL
BIUZKO	BIUZKO	findthisbest.com	HTTPS://WWW.FINDTHISBEST.COM/BRAND/418786-BIUZKO
BIVVCLAZ	BIVVCLAZ	findthisbest.com	HTTPS://WWW.FINDTHISBEST.COM/BRAND/324896-BIVVCLAZ
BIWISY	BIWISY	findthisbest.com	HTTPS://WWW.FINDTHISBEST.COM/BRAND/497745-BIWISY
BIXIRAO	BIXIRAO	findthisbest.com	HTTPS://WWW.FINDTHISBEST.COM/BRAND/174587-BIXIRAO
BJERGINSTRUMENTS	BJERGINSTRUMENTS	findthisbest.com	HTTPS://WWW.FINDTHISBEST.COM/BRAND/110919-BJERG-INSTRUMENTS
BJMCOLLECTION	BJMCOLLECTION	findthisbest.com	HTTPS://WWW.FINDTHISBEST.COM/BRAND/181424-BJM-COLLECTION
BJNAAL	BJNAAL	findthisbest.com	HTTPS://WWW.FINDTHISBEST.COM/BRAND/484870-BJNAAL
BKAYP	BKAYP	findthisbest.com	HTTPS://WWW.FINDTHISBEST.COM/BRAND/561997-BKAYP
BKLES	BKLES	findthisbest.com	HTTPS://WWW.FINDTHISBEST.COM/BRAND/669500-BKLES
BKTD	BKTD	findthisbest.com	HTTPS://WWW.FINDTHISBEST.COM/BRAND/560351-BKTD
BLACKRHINOBLOWGUNS	BLACKRHINOBLOWGUNS	findthisbest.com	HTTPS://WWW.FINDTHISBEST.COM/BRAND/300030-BLACK-RHINO-BLOWGUNS
BLACKSMITHFAMILY	BLACKSMITHFAMILY	findthisbest.com	HTTPS://WWW.FINDTHISBEST.COM/BRAND/9052-BLACKSMITH-FAMILY
BLADESUSA	BLADESUSA	findthisbest.com	HTTPS://WWW.FINDTHISBEST.COM/BRAND/116666-BLADESUSA
BLAHHEY	BLAHHEY	findthisbest.com	HTTPS://WWW.FINDTHISBEST.COM/BRAND/220807-BLAHHEY
BLANKETOWN	BLANKETOWN	findthisbest.com	HTTPS://WWW.FINDTHISBEST.COM/BRAND/267683-BLANKETOWN
BLANKIEGRAMCOM	BLANKIEGRAMCOM	findthisbest.com	HTTPS://WWW.FINDTHISBEST.COM/BRAND/91660-BLANKIEGRAMCOM
BLBAISH	BLBAISH	findthisbest.com	HTTPS://WWW.FINDTHISBEST.COM/BRAND/429995-BLBAISH
BLENPAPA	BLENPAPA	findthisbest.com	HTTPS://WWW.FINDTHISBEST.COM/BRAND/881831-BLENPAPA
BLESWIN	BLESWIN	findthisbest.com	HTTPS://WWW.FINDTHISBEST.COM/BRAND/13815-BLESWIN
BLETELEH	BLETELEH	findthisbest.com	HTTPS://WWW.FINDTHISBEST.COM/BRAND/228082-BLETELEH
BLHCX	BLHCX	findthisbest.com	HTTPS://WWW.FINDTHISBEST.COM/BRAND/564675-BLHCX
BLIKCON	BLIKCON	findthisbest.com	HTTPS://WWW.FINDTHISBEST.COM/BRAND/500054-BLIKCON
BLIKSHIN	BLIKSHIN	findthisbest.com	HTTPS://WWW.FINDTHISBEST.COM/BRAND/718810-BLIKSHIN
BLINDSEMPORIUMOFGA	BLINDSEMPORIUMOFGA	findthisbest.com	HTTPS://WWW.FINDTHISBEST.COM/BRAND/278613-BLINDS-EMPORIUM-OF-GA
BLINNGO	BLINNGO	findthisbest.com	HTTPS://WWW.FINDTHISBEST.COM/BRAND/46609-BLINNGO
BLISSUN	BLISSUN	findthisbest.com	HTTPS://WWW.FINDTHISBEST.COM/BRAND/11684-BLISSUN
BLISSVENT	BLISSVENT	findthisbest.com	HTTPS://WWW.FINDTHISBEST.COM/BRAND/881252-BLISSVENT
BLISSVENT	HYGIERINSEBLISSVENT	findthisbest.com	HTTPS://WWW.FINDTHISBEST.COM/BRAND/582599-HYGIE-RINSE-BLISSVENT
BLISSVENT	BLISSVENTHYGIERINSE	findthisbest.com	HTTPS://WWW.FINDTHISBEST.COM/BRAND/586941-BLISSVENT-HYGIE-RINSE
BLISSWILL	BLISSWILL	findthisbest.com	HTTPS://WWW.FINDTHISBEST.COM/BRAND/37619-BLISSWILL
BLOGGERLOVE	BLOGGERLOVE	findthisbest.com	HTTPS://WWW.FINDTHISBEST.COM/BRAND/142533-BLOGGERLOVE
BLONBAR	BLONBAR	findthisbest.com	HTTPS://WWW.FINDTHISBEST.COM/BRAND/837136-BLONBAR
BLOOMONDO	BLOOMONDO	findthisbest.com	HTTPS://WWW.FINDTHISBEST.COM/BRAND/749931-BLOOMONDO
BLOSSOMZ	BLOSSOMZ	findthisbest.com	HTTPS://WWW.FINDTHISBEST.COM/BRAND/30038-BLOSSOMZ
BLSMU	HAMILEDYI	findthisbest.com	HTTPS://WWW.FINDTHISBEST.COM/BRAND/2128-HAMILEDYI
BLSSNZ	BLSSNZ	findthisbest.com	HTTPS://WWW.FINDTHISBEST.COM/BRAND/844423-BLSSNZ
BLU7IVE	BLU7IVE	findthisbest.com	HTTPS://WWW.FINDTHISBEST.COM/BRAND/283950-BLU7IVE
BLUECARELABS	BLUECARELABS	findthisbest.com	HTTPS://WWW.FINDTHISBEST.COM/BRAND/17070-BLUECARE-LABS
BLUECHOK	BLUECHOK	findthisbest.com	HTTPS://WWW.FINDTHISBEST.COM/BRAND/559918-BLUECHOK
BLUELAKEPERFORMANCE	BLUELAKEPERFORMANCE	findthisbest.com	HTTPS://WWW.FINDTHISBEST.COM/BRAND/89276-BLUE-LAKE-PERFORMANCE
BLUEORGANIX	BLUEORGANIX	findthisbest.com	HTTPS://WWW.FINDTHISBEST.COM/BRAND/222697-BLUE-ORGANIX
BLUEPLANETNUTRIENTS	BLUEPLANETNUTRIENTS	findthisbest.com	HTTPS://WWW.FINDTHISBEST.COM/BRAND/152954-BLUE-PLANET-NUTRIENTS
BLUESHYHALL	BLUESHYHALL	findthisbest.com	HTTPS://WWW.FINDTHISBEST.COM/BRAND/41929-BLUESHYHALL
BLUETABLE	BLUETABLE	findthisbest.com	HTTPS://WWW.FINDTHISBEST.COM/BRAND/481087-BLUETABLE
BLUMBERGSLAWPRODUCTS	BLUMBERGSLAWPRODUCTS	findthisbest.com	HTTPS://WWW.FINDTHISBEST.COM/BRAND/203853-BLUMBERGS-LAW-PRODUCTS
BLUNON	BLUNON	findthisbest.com	HTTPS://WWW.FINDTHISBEST.COM/BRAND/45526-BLUNON
BLUUSUUK	BLUUSUUK	findthisbest.com	HTTPS://WWW.FINDTHISBEST.COM/BRAND/862822-BLUUSUUK
BMKBLUEMICKEY	BMKBLUEMICKEY	findthisbest.com	HTTPS://WWW.FINDTHISBEST.COM/BRAND/146205-BMK-BLUEMICKEY
BMOTORPARTS	BMOTORPARTS	findthisbest.com	HTTPS://WWW.FINDTHISBEST.COM/BRAND/297123-BMOTORPARTS
BMVINVOL	BMVINVOL	findthisbest.com	HTTPS://WWW.FINDTHISBEST.COM/BRAND/377837-BMVINVOL
BNCHI	BNCHI	findthisbest.com	HTTPS://WWW.FINDTHISBEST.COM/BRAND/190486-BNCHI
BNCOFFICESUPPLY	BNCOFFICESUPPLY	findthisbest.com	HTTPS://WWW.FINDTHISBEST.COM/BRAND/58399-BNC-OFFICE-SUPPLY
BNH	BNH	findthisbest.com	HTTPS://WWW.FINDTHISBEST.COM/BRAND/911457-BNH
BNIUT	BNIUT	findthisbest.com	HTTPS://WWW.FINDTHISBEST.COM/BRAND/473423-BNIUT
BNSPLY	BNSPLY	findthisbest.com	HTTPS://WWW.FINDTHISBEST.COM/BRAND/862653-BNSPLY
BNUNWISH	BNUNWISH	findthisbest.com	HTTPS://WWW.FINDTHISBEST.COM/BRAND/8513-BNUNWISH
BOAACOUSTIC	BOAACOUSTIC	findthisbest.com	HTTPS://WWW.FINDTHISBEST.COM/BRAND/367896-BOAACOUSTIC
BOARDINGBLUE	BOARDINGBLUE	findthisbest.com	HTTPS://WWW.FINDTHISBEST.COM/BRAND/191860-BOARDINGBLUE
BOARDROAD	BOARDROAD	findthisbest.com	HTTPS://WWW.FINDTHISBEST.COM/BRAND/505448-BOARDROAD
BOBIKUKE	BOBIKUKE	findthisbest.com	HTTPS://WWW.FINDTHISBEST.COM/BRAND/352511-BOBIKUKE
BOBOKING	BOBOKING	findthisbest.com	HTTPS://WWW.FINDTHISBEST.COM/BRAND/82099-BOBOKING
BODICAL	BODICAL	findthisbest.com	HTTPS://WWW.FINDTHISBEST.COM/BRAND/845212-BODICAL
BODIOO	BODIOO	findthisbest.com	HTTPS://WWW.FINDTHISBEST.COM/BRAND/739510-BODIOO
BODIWELLFORABETTERLIFE	BODIWELLFORABETTERLIFE	findthisbest.com	HTTPS://WWW.FINDTHISBEST.COM/BRAND/837294-BODI-WELL-FOR-A-BETTER-LIFE
BODYBAY	BODYBAY	findthisbest.com	HTTPS://WWW.FINDTHISBEST.COM/BRAND/5948-BODYBAY
BODYTORC	BODYTORC	findthisbest.com	HTTPS://WWW.FINDTHISBEST.COM/BRAND/569668-BODYTORC
BOENCE	BOENCE	findthisbest.com	HTTPS://WWW.FINDTHISBEST.COM/BRAND/119337-BOENCE
BOENXIN	BOEN	findthisbest.com	HTTPS://WWW.FINDTHISBEST.COM/BRAND/39088-BOEN
BOETPCR	BOETPCR	findthisbest.com	HTTPS://WWW.FINDTHISBEST.COM/BRAND/272408-BOETPCR
BOFAECOTABLEWARE	BOFAECOTABLEWARE	findthisbest.com	HTTPS://WWW.FINDTHISBEST.COM/BRAND/69499-BOFA-ECO-TABLEWARE
BOFELL	BOFELL	findthisbest.com	HTTPS://WWW.FINDTHISBEST.COM/BRAND/494849-BOFELL
BOGLIA	BOGLIA	findthisbest.com	HTTPS://WWW.FINDTHISBEST.COM/BRAND/524934-BOGLIA
BOGRINUO	BOGRINUO	findthisbest.com	HTTPS://WWW.FINDTHISBEST.COM/BRAND/860027-BOGRINUO
BOGSEA	BOGSEA	findthisbest.com	HTTPS://WWW.FINDTHISBEST.COM/BRAND/272059-BOGSEA
BOHOTOWN	BOHOTOWN	findthisbest.com	HTTPS://WWW.FINDTHISBEST.COM/BRAND/531495-BOHO-TOWN
BOICLEWNY	BOICLEWNY	findthisbest.com	HTTPS://WWW.FINDTHISBEST.COM/BRAND/580616-BOICLEWNY
BOIROS	BOIROS	findthisbest.com	HTTPS://WWW.FINDTHISBEST.COM/BRAND/525465-BOIROS
BOJIM	BOJIM	findthisbest.com	HTTPS://WWW.FINDTHISBEST.COM/BRAND/250245-BOJIM
BOKAIYA	BOKAIYA	findthisbest.com	HTTPS://WWW.FINDTHISBEST.COM/BRAND/248970-BOKAIYA
BOKALAKA	BOKALAKA	findthisbest.com	HTTPS://WWW.FINDTHISBEST.COM/BRAND/290408-BOKALAKA
BOKEER	BOKEER	findthisbest.com	HTTPS://WWW.FINDTHISBEST.COM/BRAND/313625-BOKEER
BOKKOLIKSTORE	BOKKOLIK	findthisbest.com	HTTPS://WWW.FINDTHISBEST.COM/BRAND/155673-BOKKOLIK
BOLAAZUL	BOLAAZUL	findthisbest.com	HTTPS://WWW.FINDTHISBEST.COM/BRAND/92374-BOLAAZUL
BOLADECI	BOLADECI	findthisbest.com	HTTPS://WWW.FINDTHISBEST.COM/BRAND/489572-BOLADECI
BOLDLYGROWING	BOLDLYGROWING	findthisbest.com	HTTPS://WWW.FINDTHISBEST.COM/BRAND/87786-BOLDLY-GROWING
BOLESHU	BOLESHU	findthisbest.com	HTTPS://WWW.FINDTHISBEST.COM/BRAND/128951-BOLESHU
BOLESI	BOLESI	findthisbest.com	HTTPS://WWW.FINDTHISBEST.COM/BRAND/191094-BOLESI
BOLEXINO	BOLEXINO	findthisbest.com	HTTPS://WWW.FINDTHISBEST.COM/BRAND/324871-BOLEXINO
BOLOSTA	BOLOSTA	findthisbest.com	HTTPS://WWW.FINDTHISBEST.COM/BRAND/85778-BOLOSTA
BOLOWEI	BOLOWEI	findthisbest.com	HTTPS://WWW.FINDTHISBEST.COM/BRAND/153482-BOLOWEI
BOLZRA	BOLZRA	findthisbest.com	HTTPS://WWW.FINDTHISBEST.COM/BRAND/110568-BOLZRA
BOMCOSY	BOMCOSY	findthisbest.com	HTTPS://WWW.FINDTHISBEST.COM/BRAND/301609-BOMCOSY
BOMEIQEE	BOMEIQEE	findthisbest.com	HTTPS://WWW.FINDTHISBEST.COM/BRAND/344683-BOMEIQEE
BOMKEE	BOMKEE	findthisbest.com	HTTPS://WWW.FINDTHISBEST.COM/BRAND/547326-BOMKEE
BONACELL	BONACELL	findthisbest.com	HTTPS://WWW.FINDTHISBEST.COM/BRAND/106366-BONACELL
BONADGET	BONADGET	findthisbest.com	HTTPS://WWW.FINDTHISBEST.COM/BRAND/288604-BONADGET
BONANGEL	BONANGEL	findthisbest.com	HTTPS://WWW.FINDTHISBEST.COM/BRAND/96516-BONANGEL
BONCERA	BONCERA	findthisbest.com	HTTPS://WWW.FINDTHISBEST.COM/BRAND/15799-BONCERA
BONGKIM	BONGKIM	findthisbest.com	HTTPS://WWW.FINDTHISBEST.COM/BRAND/813706-BONGKIM
BONGNER	SHAOTONG	findthisbest.com	HTTPS://WWW.FINDTHISBEST.COM/BRAND/916999-SHAOTONG
BONIOKA	BONIOKA	findthisbest.com	HTTPS://WWW.FINDTHISBEST.COM/BRAND/844000-BONIOKA
BONNIESTORE	BONNIESTORE	findthisbest.com	HTTPS://WWW.FINDTHISBEST.COM/BRAND/102643-BONNIESTORE
BONNYCO	BONNYCO	findthisbest.com	HTTPS://WWW.FINDTHISBEST.COM/BRAND/155207-BONNYCO
BONTIERIE	BONTIERIE	findthisbest.com	HTTPS://WWW.FINDTHISBEST.COM/BRAND/874249-BONTIERIE
BONVEPET	BONVEPET	findthisbest.com	HTTPS://WWW.FINDTHISBEST.COM/BRAND/11155-BONVE-PET
BONVOISIN	BONVOISIN	findthisbest.com	HTTPS://WWW.FINDTHISBEST.COM/BRAND/80730-BONVOISIN
BOOEUDI	BOOEUDI	findthisbest.com	HTTPS://WWW.FINDTHISBEST.COM/BRAND/748276-BOOEUDI
BOOHENKA	BOOHENKA	findthisbest.com	HTTPS://WWW.FINDTHISBEST.COM/BRAND/579281-BOOHENKA
BOOLEGON	BOOLEGON	findthisbest.com	HTTPS://WWW.FINDTHISBEST.COM/BRAND/392941-BOOLEGON
BOONFIRE	BOONFIRE	findthisbest.com	HTTPS://WWW.FINDTHISBEST.COM/BRAND/577200-BOONFIRE
BOONIPET	BOONIPET	findthisbest.com	HTTPS://WWW.FINDTHISBEST.COM/BRAND/753404-BOONIPET
BOOSOLO	BOOSOLO	findthisbest.com	HTTPS://WWW.FINDTHISBEST.COM/BRAND/662594-BOOSOLO
BOOTOP	BOOTOPPIN	findthisbest.com	HTTPS://WWW.FINDTHISBEST.COM/BRAND/504461-BOOTOP-PIN
BOOVOV	BOBLOV	findthisbest.com	HTTPS://WWW.FINDTHISBEST.COM/BRAND/609-BOBLOV
BOPFIMER	BOPFIMER	findthisbest.com	HTTPS://WWW.FINDTHISBEST.COM/BRAND/357826-BOPFIMER
BORACELL	BORACELL	findthisbest.com	HTTPS://WWW.FINDTHISBEST.COM/BRAND/111339-BORACELL
BORHOOD	BORHOOD	findthisbest.com	HTTPS://WWW.FINDTHISBEST.COM/BRAND/422658-BORHOOD
BORLESTA	BORLESTA	findthisbest.com	HTTPS://WWW.FINDTHISBEST.COM/BRAND/858119-BORLESTA
BORLTERCLAMP	BORLTERCLAMP	findthisbest.com	HTTPS://WWW.FINDTHISBEST.COM/BRAND/344656-BORLTER-CLAMP
BORNINGFIRE	BORNINGFIRE	findthisbest.com	HTTPS://WWW.FINDTHISBEST.COM/BRAND/51260-BORNINGFIRE
BORTENG	YUELAN	findthisbest.com	HTTPS://WWW.FINDTHISBEST.COM/BRAND/78220-YUELAN
BOSKAVALO	BOSKAVALO	findthisbest.com	HTTPS://WWW.FINDTHISBEST.COM/BRAND/917942-BOSKAVALO
BOSSJOY	BOSSJOY	findthisbest.com	HTTPS://WWW.FINDTHISBEST.COM/BRAND/116471-BOSSJOY
BOSURUBOSURU	BOSURU	findthisbest.com	HTTPS://WWW.FINDTHISBEST.COM/BRAND/60042-BOSURU
BOTABAY	BOTABAY	findthisbest.com	HTTPS://WWW.FINDTHISBEST.COM/BRAND/336280-BOTABAY
BOTORRO	BOTORRO	findthisbest.com	HTTPS://WWW.FINDTHISBEST.COM/BRAND/908236-BOTORRO
BOUAEGR	BOUAEGR	findthisbest.com	HTTPS://WWW.FINDTHISBEST.COM/BRAND/713572-BOUAEGR
BOUMBI	BOUMBI	findthisbest.com	HTTPS://WWW.FINDTHISBEST.COM/BRAND/414203-BOUMBI
BOVEKEEY	BOVEKEEY	findthisbest.com	HTTPS://WWW.FINDTHISBEST.COM/BRAND/486075-BOVEKEEY
BOVSRT	BOVSRT	findthisbest.com	HTTPS://WWW.FINDTHISBEST.COM/BRAND/475145-BOVSRT
BOWCUK	BOWCUK	findthisbest.com	HTTPS://WWW.FINDTHISBEST.COM/BRAND/878457-BOWCUK
BOWEITI	BOWEITI	findthisbest.com	HTTPS://WWW.FINDTHISBEST.COM/BRAND/158085-BOWEITI
BOWRILLA	BOWRILLA	findthisbest.com	HTTPS://WWW.FINDTHISBEST.COM/BRAND/838732-BOWRILLA
BOXLOOD	BOXLOOD	findthisbest.com	HTTPS://WWW.FINDTHISBEST.COM/BRAND/222215-BOXLOOD
BOXTHINK	BOXTHINK	findthisbest.com	HTTPS://WWW.FINDTHISBEST.COM/BRAND/573412-BOXTHINK
BOXWAVECORPORATION	BOXWAVECORPORATION	findthisbest.com	HTTPS://WWW.FINDTHISBEST.COM/BRAND/111520-BOXWAVE-CORPORATION
BOZDYRU	BOZDYRU	findthisbest.com	HTTPS://WWW.FINDTHISBEST.COM/BRAND/883932-BOZDYRU
BPBTTI	BPBTTI	findthisbest.com	HTTPS://WWW.FINDTHISBEST.COM/BRAND/24366-BPBTTI
BQHAIR	BQHAIR	findthisbest.com	HTTPS://WWW.FINDTHISBEST.COM/BRAND/374955-BQ-HAIR
BRACEMASTER	BRACEMASTER	findthisbest.com	HTTPS://WWW.FINDTHISBEST.COM/BRAND/17963-BRACE-MASTER
BRADEM	BRADEM	findthisbest.com	HTTPS://WWW.FINDTHISBEST.COM/BRAND/164269-BRADEM
BRADFORDCOFFEEROASTERS	BRADFORDCOFFEEROASTERS	findthisbest.com	HTTPS://WWW.FINDTHISBEST.COM/BRAND/218105-BRADFORD-COFFEE-ROASTERS
BRATI	BRATI	findthisbest.com	HTTPS://WWW.FINDTHISBEST.COM/BRAND/603006-BRATI
BRAVADOLABS	BRAVADOLABS	findthisbest.com	HTTPS://WWW.FINDTHISBEST.COM/BRAND/5978-BRAVADO-LABS
BRAVEBARK	BRAVEBARK	findthisbest.com	HTTPS://WWW.FINDTHISBEST.COM/BRAND/317350-BRAVE-BARK
BRAVRAIN	BRAVRAIN	findthisbest.com	HTTPS://WWW.FINDTHISBEST.COM/BRAND/780613-BRAVRAIN
BRAXIO	BRAXIO	findthisbest.com	HTTPS://WWW.FINDTHISBEST.COM/BRAND/877211-BRAXIO
BRAYTOW	BRAYTOW	findthisbest.com	HTTPS://WWW.FINDTHISBEST.COM/BRAND/333636-BRAYTOW
BREAKIX	BREAKIX	findthisbest.com	HTTPS://WWW.FINDTHISBEST.COM/BRAND/375579-BREAKIX
BREBON	BREBON	findthisbest.com	HTTPS://WWW.FINDTHISBEST.COM/BRAND/363162-BREBON
BREFONAK	BREFONAK	findthisbest.com	HTTPS://WWW.FINDTHISBEST.COM/BRAND/37253-BREFONAK
BREGOO	BREGOO	findthisbest.com	HTTPS://WWW.FINDTHISBEST.COM/BRAND/918585-BREGOO
BRENSTEN	BRENSTEN	findthisbest.com	HTTPS://WWW.FINDTHISBEST.COM/BRAND/336343-BRENSTEN
BRHE	BRHE	findthisbest.com	HTTPS://WWW.FINDTHISBEST.COM/BRAND/102099-BRHE
BRIBEJAT	BRIBEJAT	findthisbest.com	HTTPS://WWW.FINDTHISBEST.COM/BRAND/484861-BRIBEJAT
BRIGE	BRIGE	findthisbest.com	HTTPS://WWW.FINDTHISBEST.COM/BRAND/56373-BRIGE
BRIGHTPOST	BRIGHTPOST	findthisbest.com	HTTPS://WWW.FINDTHISBEST.COM/BRAND/257221-BRIGHTPOST
BRIGHTT	BRIGHTT	findthisbest.com	HTTPS://WWW.FINDTHISBEST.COM/BRAND/373049-BRIGHTT
BRILLIEST	BRILLIEST	findthisbest.com	HTTPS://WWW.FINDTHISBEST.COM/BRAND/352066-BRILLIEST
BRIMETI	BRIMETI	findthisbest.com	HTTPS://WWW.FINDTHISBEST.COM/BRAND/907922-BRIMETI
BRISKFEEL	BRISKFEEL	findthisbest.com	HTTPS://WWW.FINDTHISBEST.COM/BRAND/662768-BRISKFEEL
BRITECROWN	BRITECROWN	findthisbest.com	HTTPS://WWW.FINDTHISBEST.COM/BRAND/91062-BRITE-CROWN
BRITIMES	BRITIMES	findthisbest.com	HTTPS://WWW.FINDTHISBEST.COM/BRAND/177213-BRITIMES
BROMEN	BROMEN	findthisbest.com	HTTPS://WWW.FINDTHISBEST.COM/BRAND/5052-BROMEN
BROSIVE	BROSIVE	findthisbest.com	HTTPS://WWW.FINDTHISBEST.COM/BRAND/6384-BROSIVE
BROTEC	BROTEC	findthisbest.com	HTTPS://WWW.FINDTHISBEST.COM/BRAND/34728-BROTEC
BROWILL	BROWILL	findthisbest.com	HTTPS://WWW.FINDTHISBEST.COM/BRAND/58850-BROWILL
BROWINT	BROWINT	findthisbest.com	HTTPS://WWW.FINDTHISBEST.COM/BRAND/399660-BROWINT
BRTGYM	BRTGYM	findthisbest.com	HTTPS://WWW.FINDTHISBEST.COM/BRAND/362926-BRTGYM
BRUFERQUALITYPRODUCTS	BRUFERQUALITYPRODUCTS	findthisbest.com	HTTPS://WWW.FINDTHISBEST.COM/BRAND/11934-BRUFER-QUALITY-PRODUCTS
BRVMEN	BRVMEN	findthisbest.com	HTTPS://WWW.FINDTHISBEST.COM/BRAND/19730-BRV-MEN
BRYTEFY	BRYTEFY	findthisbest.com	HTTPS://WWW.FINDTHISBEST.COM/BRAND/365317-BRYTEFY
BRZSACR	BRZSACR	findthisbest.com	HTTPS://WWW.FINDTHISBEST.COM/BRAND/300645-BRZSACR
BSISME	BSISME	findthisbest.com	HTTPS://WWW.FINDTHISBEST.COM/BRAND/4110-BSISME
BSTOEM	BSTOEM	findthisbest.com	HTTPS://WWW.FINDTHISBEST.COM/BRAND/109065-BSTOEM
BSTOOL	BSTOOL	findthisbest.com	HTTPS://WWW.FINDTHISBEST.COM/BRAND/20995-BSTOOL
BSTOPHKL	BSTOPHKL	findthisbest.com	HTTPS://WWW.FINDTHISBEST.COM/BRAND/584368-BSTOPHKL
BSYUN	BSYUN	findthisbest.com	HTTPS://WWW.FINDTHISBEST.COM/BRAND/35238-BSYUN
BSZ4UOV	BSZ4UOV	findthisbest.com	HTTPS://WWW.FINDTHISBEST.COM/BRAND/59932-BSZ4UOV
BTBSZ	BTBSZ	findthisbest.com	HTTPS://WWW.FINDTHISBEST.COM/BRAND/61225-BTBSZ
BTFDREEM	BTFDREEM	findthisbest.com	HTTPS://WWW.FINDTHISBEST.COM/BRAND/611812-BTFDREEM
BTINESFUL	BTINESFUL	findthisbest.com	HTTPS://WWW.FINDTHISBEST.COM/BRAND/465940-BTINESFUL
BTNTVEN	BTNTVEN	findthisbest.com	HTTPS://WWW.FINDTHISBEST.COM/BRAND/75323-BTNTVEN
BTOOP	BTOOP	findthisbest.com	HTTPS://WWW.FINDTHISBEST.COM/BRAND/60266-BTOOP
BTUTY	BTUTY	findthisbest.com	HTTPS://WWW.FINDTHISBEST.COM/BRAND/859062-BTUTY
BUASZAY	BUASZAY	findthisbest.com	HTTPS://WWW.FINDTHISBEST.COM/BRAND/424142-BUASZAY
BUCANIM	BUCANIM	findthisbest.com	HTTPS://WWW.FINDTHISBEST.COM/BRAND/900850-BUCANIM
BUCASA	BUCASA	findthisbest.com	HTTPS://WWW.FINDTHISBEST.COM/BRAND/314957-BUCASA
BUCKBOCK	BUCKBOCK	findthisbest.com	HTTPS://WWW.FINDTHISBEST.COM/BRAND/126739-BUCKBOCK
BUCOTOD	BUCOTOD	findthisbest.com	HTTPS://WWW.FINDTHISBEST.COM/BRAND/858165-BUCOTOD
BUDRASH	BUDRASH	findthisbest.com	HTTPS://WWW.FINDTHISBEST.COM/BRAND/731712-BUDRASH
BUDSULTIMATEBAG	BUDSULTIMATEBAG	findthisbest.com	HTTPS://WWW.FINDTHISBEST.COM/BRAND/869007-BUDS-ULTIMATE-BAG
BUENNUS	BUENNUS	findthisbest.com	HTTPS://WWW.FINDTHISBEST.COM/BRAND/101548-BUENNUS
BUFEEAYE	BUFEEAYE	findthisbest.com	HTTPS://WWW.FINDTHISBEST.COM/BRAND/363359-BUFEEAYE
BUHOET	BUHOET	findthisbest.com	HTTPS://WWW.FINDTHISBEST.COM/BRAND/347358-BUHOET
BUKUMO	BUKUMO	findthisbest.com	HTTPS://WWW.FINDTHISBEST.COM/BRAND/859587-BUKUMO
BUKURII	BUKURII	findthisbest.com	HTTPS://WWW.FINDTHISBEST.COM/BRAND/680720-BUKURII
BULKIDOKI	BULKIDOKI	findthisbest.com	HTTPS://WWW.FINDTHISBEST.COM/BRAND/45541-BULKIDOKI
BULUBY	BULUBY	findthisbest.com	HTTPS://WWW.FINDTHISBEST.COM/BRAND/373454-BULUBY
BUQIUREN	BUQIUREN	findthisbest.com	HTTPS://WWW.FINDTHISBEST.COM/BRAND/90607-BUQIUREN
BURCICA	BURCICA	findthisbest.com	HTTPS://WWW.FINDTHISBEST.COM/BRAND/252228-BURCICA
BURINGER	BURINGER	findthisbest.com	HTTPS://WWW.FINDTHISBEST.COM/BRAND/26892-BURINGER
BURIUS	BURIUS	findthisbest.com	HTTPS://WWW.FINDTHISBEST.COM/BRAND/353126-BURIUS
BURLIHOME	BURLIHOME	findthisbest.com	HTTPS://WWW.FINDTHISBEST.COM/BRAND/226616-BURLIHOME
BURLINGHAMS	BURLINGHAMS	findthisbest.com	HTTPS://WWW.FINDTHISBEST.COM/BRAND/365478-BURLINGHAMS
BURLOPTUOUS	BURLOPTUOUS	findthisbest.com	HTTPS://WWW.FINDTHISBEST.COM/BRAND/872158-BURLOPTUOUS
BURNINGSISTER	BURNINGSISTER	findthisbest.com	HTTPS://WWW.FINDTHISBEST.COM/BRAND/428694-BURNING-SISTER
BURSUN	BURSUN	findthisbest.com	HTTPS://WWW.FINDTHISBEST.COM/BRAND/33338-BURSUN
BUSHKLAWZ	BUSHKLAWZ	findthisbest.com	HTTPS://WWW.FINDTHISBEST.COM/BRAND/53553-BUSHKLAWZ
BUSHYBOX	BUSHYBOX	findthisbest.com	HTTPS://WWW.FINDTHISBEST.COM/BRAND/173735-BUSHY-BOX
BUSINESSDESIRE	BUSINESSDESIRE	findthisbest.com	HTTPS://WWW.FINDTHISBEST.COM/BRAND/58830-BUSINESS-DESIRE
BUSYFLIES	BUSYFLIES	findthisbest.com	HTTPS://WWW.FINDTHISBEST.COM/BRAND/347481-BUSYFLIES
BUTIFINE	BUTIFINE	findthisbest.com	HTTPS://WWW.FINDTHISBEST.COM/BRAND/403436-BUTIFINE
BUTISHOP	BUTISHOP	findthisbest.com	HTTPS://WWW.FINDTHISBEST.COM/BRAND/83950-BUTISHOP
BUTTERFOX	BUTTERFOX	findthisbest.com	HTTPS://WWW.FINDTHISBEST.COM/BRAND/122004-BUTTERFOX
BUTURE	BUTURE	findthisbest.com	HTTPS://WWW.FINDTHISBEST.COM/BRAND/256106-BUTURE
BUVLIVU	BUVLIVU	findthisbest.com	HTTPS://WWW.FINDTHISBEST.COM/BRAND/884286-BUVLIVU
BVHDIA	BVHDIA	findthisbest.com	HTTPS://WWW.FINDTHISBEST.COM/BRAND/413918-BVHDIA
BWBRANDS	BWBRANDS	findthisbest.com	HTTPS://WWW.FINDTHISBEST.COM/BRAND/110337-BW-BRANDS
BWOOPOP	BWOOPOP	findthisbest.com	HTTPS://WWW.FINDTHISBEST.COM/BRAND/689354-BWOOPOP
BWSHLF	BWSHLF	findthisbest.com	HTTPS://WWW.FINDTHISBEST.COM/BRAND/259860-BWSHLF
BYDIFFER	BYDIFFER	findthisbest.com	HTTPS://WWW.FINDTHISBEST.COM/BRAND/337513-BYDIFFER
BYEASY	BYEASY	findthisbest.com	HTTPS://WWW.FINDTHISBEST.COM/BRAND/713-BYEASY
BYHAGERN	BYHAGERN	findthisbest.com	HTTPS://WWW.FINDTHISBEST.COM/BRAND/582992-BYHAGERN
BYHUME	BYHUME	findthisbest.com	HTTPS://WWW.FINDTHISBEST.COM/BRAND/882120-BYHUME
BYKOOO	BYKOOO	findthisbest.com	HTTPS://WWW.FINDTHISBEST.COM/BRAND/915644-BYKOOO
BYOAUO	BYOAUO	findthisbest.com	HTTPS://WWW.FINDTHISBEST.COM/BRAND/216019-BYOAUO
BYSTA	BYSTA	findthisbest.com	HTTPS://WWW.FINDTHISBEST.COM/BRAND/321390-BYSTA
BZCZH	BZCZH	findthisbest.com	HTTPS://WWW.FINDTHISBEST.COM/BRAND/50980-BZCZH
BZOXAUY	BZOXAUY	findthisbest.com	HTTPS://WWW.FINDTHISBEST.COM/BRAND/902127-BZOXAUY
BZVV	BZVV	findthisbest.com	HTTPS://WWW.FINDTHISBEST.COM/BRAND/601513-BZVV
CAB55	CAB55	findthisbest.com	HTTPS://WWW.FINDTHISBEST.COM/BRAND/852519-CAB55
CABICLEAN	CABICLEAN	findthisbest.com	HTTPS://WWW.FINDTHISBEST.COM/BRAND/7003-CABICLEAN
CACOLES	CACOLES	findthisbest.com	HTTPS://WWW.FINDTHISBEST.COM/BRAND/611486-CACOLES
CACOVEDO	CACOVEDO	findthisbest.com	HTTPS://WWW.FINDTHISBEST.COM/BRAND/30388-CACOVEDO
CACUKAP	CACUKAP	findthisbest.com	HTTPS://WWW.FINDTHISBEST.COM/BRAND/112500-CACUKAP
CADIDL	CADIDL	findthisbest.com	HTTPS://WWW.FINDTHISBEST.COM/BRAND/856624-CADIDL
CADWAY	CADWAY	findthisbest.com	HTTPS://WWW.FINDTHISBEST.COM/BRAND/871120-CADWAY
CAFLOWER	CAFLOWER	findthisbest.com	HTTPS://WWW.FINDTHISBEST.COM/BRAND/639157-CAFLOWER
CAFORO	CAFORO	findthisbest.com	HTTPS://WWW.FINDTHISBEST.COM/BRAND/67907-CAFORO
CAFUNHE	CAFUNHE	findthisbest.com	HTTPS://WWW.FINDTHISBEST.COM/BRAND/485219-CAFUNHE
CAIFANG	CAIFANG	findthisbest.com	HTTPS://WWW.FINDTHISBEST.COM/BRAND/129243-CAIFANG
CAINDA	CAINDA	findthisbest.com	HTTPS://WWW.FINDTHISBEST.COM/BRAND/45817-CAINDA
CAISHA	CAISHA	findthisbest.com	HTTPS://WWW.FINDTHISBEST.COM/BRAND/311150-CAISHA
CAISLEAN	CAISLEAN	findthisbest.com	HTTPS://WWW.FINDTHISBEST.COM/BRAND/189152-CAISLEAN
CAIYI	CAIYISTUDIO	findthisbest.com	HTTPS://WWW.FINDTHISBEST.COM/BRAND/257492-CAIYI-STUDIO
CAKA	CAKA	findthisbest.com	HTTPS://WWW.FINDTHISBEST.COM/BRAND/189146-CAKA
CAKCE	CAKCE	findthisbest.com	HTTPS://WWW.FINDTHISBEST.COM/BRAND/254996-CAKCE
CAKESOFEDEN	CAKESOFEDEN	findthisbest.com	HTTPS://WWW.FINDTHISBEST.COM/BRAND/29286-CAKES-OF-EDEN
CAKOKOW	CAKOKOW	findthisbest.com	HTTPS://WWW.FINDTHISBEST.COM/BRAND/865686-CAKOKOW
CAKUJA	CAKUJA	findthisbest.com	HTTPS://WWW.FINDTHISBEST.COM/BRAND/529080-CAKUJA
CALIDAKA	CALIDAKA	findthisbest.com	HTTPS://WWW.FINDTHISBEST.COM/BRAND/67107-CALIDAKA
CALIHUTT	CALIHUTT	findthisbest.com	HTTPS://WWW.FINDTHISBEST.COM/BRAND/301902-CALIHUTT
CALIYO	CALIYO	findthisbest.com	HTTPS://WWW.FINDTHISBEST.COM/BRAND/15791-CALIYO
CALLIVEN	CALLIVEN	findthisbest.com	HTTPS://WWW.FINDTHISBEST.COM/BRAND/18473-CALLIVEN
CALORMIXS	CALORMIXS	findthisbest.com	HTTPS://WWW.FINDTHISBEST.COM/BRAND/189914-CALORMIXS
CALORMOSS	CALORMIXS	findthisbest.com	HTTPS://WWW.FINDTHISBEST.COM/BRAND/189914-CALORMIXS
CALOVER	CALOVER	findthisbest.com	HTTPS://WWW.FINDTHISBEST.COM/BRAND/213626-CALOVER
CALPALMYSTORE	CALPALMY	findthisbest.com	HTTPS://WWW.FINDTHISBEST.COM/BRAND/2580-CALPALMY
CAMAKT	CAMAKT	findthisbest.com	HTTPS://WWW.FINDTHISBEST.COM/BRAND/345959-CAMAKT
CAMBASE	CAMBASE	findthisbest.com	HTTPS://WWW.FINDTHISBEST.COM/BRAND/199894-CAMBASE
CAMDESIGN	CAMDESIGN	findthisbest.com	HTTPS://WWW.FINDTHISBEST.COM/BRAND/406385-CAMDESIGN
CAMISUNNY	CAMISUNNY	findthisbest.com	HTTPS://WWW.FINDTHISBEST.COM/BRAND/308051-CAMISUNNY
CAMIYSN	CAMIYSN	findthisbest.com	HTTPS://WWW.FINDTHISBEST.COM/BRAND/641810-CAMIYSN
CAMLAND	CAMLAND	findthisbest.com	HTTPS://WWW.FINDTHISBEST.COM/BRAND/912598-CAMLAND
CAMMHD	CAMMHD	findthisbest.com	HTTPS://WWW.FINDTHISBEST.COM/BRAND/32678-CAMMHD
CAMOLAND	CAMOLAND	findthisbest.com	HTTPS://WWW.FINDTHISBEST.COM/BRAND/30913-CAMOLAND
CAMPELIFY	CAMPELIFY	findthisbest.com	HTTPS://WWW.FINDTHISBEST.COM/BRAND/80513-CAMPELIFY
CAMPPAL	CAMPPAL	findthisbest.com	HTTPS://WWW.FINDTHISBEST.COM/BRAND/161286-CAMPPAL
CAMPSEVEN	CAMPSEVEN	findthisbest.com	HTTPS://WWW.FINDTHISBEST.COM/BRAND/20691-CAMP-SEVEN
CANBRAKE	CANBRAKE	findthisbest.com	HTTPS://WWW.FINDTHISBEST.COM/BRAND/280695-CANBRAKE
CANDIDSIGNATUREAPPAREL	CANDIDSIGNATUREAPPAREL	findthisbest.com	HTTPS://WWW.FINDTHISBEST.COM/BRAND/616448-CANDID-SIGNATURE-APPAREL
CANFLY	CANFLY	findthisbest.com	HTTPS://WWW.FINDTHISBEST.COM/BRAND/842853-CANFLY
CANGRON	CANGRON	findthisbest.com	HTTPS://WWW.FINDTHISBEST.COM/BRAND/162639-CANGRON
CANITORON	CANITORON	findthisbest.com	HTTPS://WWW.FINDTHISBEST.COM/BRAND/445572-CANITORON
CANNABIOLOGYEST2016	CANNABIOLOGYEST2016	findthisbest.com	HTTPS://WWW.FINDTHISBEST.COM/BRAND/55611-CANNABIOLOGY-EST-2016
CANPA	CANPA	findthisbest.com	HTTPS://WWW.FINDTHISBEST.COM/BRAND/462718-CANPA
CANTONAPE	CANTONAPE	findthisbest.com	HTTPS://WWW.FINDTHISBEST.COM/BRAND/287101-CANTONAPE
CANVASLIFE	CANVASLIFE	findthisbest.com	HTTPS://WWW.FINDTHISBEST.COM/BRAND/5428-CANVASLIFE
CANWUPON	CANWUPON	findthisbest.com	HTTPS://WWW.FINDTHISBEST.COM/BRAND/870348-CANWUPON
CANZILLA	CANZILLA	findthisbest.com	HTTPS://WWW.FINDTHISBEST.COM/BRAND/275149-CANZILLA
CAPTSURE	CAPTSURE	findthisbest.com	HTTPS://WWW.FINDTHISBEST.COM/BRAND/2680-CAPTSURE
CARAOPTICAL	CARAOPTICAL	findthisbest.com	HTTPS://WWW.FINDTHISBEST.COM/BRAND/570585-CARA-OPTICAL
CARBOGLIDE	CARBOGLIDE	findthisbest.com	HTTPS://WWW.FINDTHISBEST.COM/BRAND/83191-CARBO-GLIDE
CARCOS	CARCOS	findthisbest.com	HTTPS://WWW.FINDTHISBEST.COM/BRAND/97129-CARCOS
CARDINILEATHER	CARDINILEATHER	findthisbest.com	HTTPS://WWW.FINDTHISBEST.COM/BRAND/210377-CARDINI-LEATHER
CAREDE	CAREDE	findthisbest.com	HTTPS://WWW.FINDTHISBEST.COM/BRAND/374855-CAREDE
CAREFREEFISH	CAREFREEFISH	findthisbest.com	HTTPS://WWW.FINDTHISBEST.COM/BRAND/10367-CAREFREE-FISH
CARETOO	CARETOO	findthisbest.com	HTTPS://WWW.FINDTHISBEST.COM/BRAND/81115-CARETOO
CARLITS	CARLITS	findthisbest.com	HTTPS://WWW.FINDTHISBEST.COM/BRAND/77226-CARLITS
CARLOCA	CARLOCA	findthisbest.com	HTTPS://WWW.FINDTHISBEST.COM/BRAND/189697-CARLOCA
CARPARTSINNOVATE	CARPARTSINNOVATE	findthisbest.com	HTTPS://WWW.FINDTHISBEST.COM/BRAND/182324-CARPARTSINNOVATE
CARTHREE	CARTHREE	findthisbest.com	HTTPS://WWW.FINDTHISBEST.COM/BRAND/484805-CARTHREE
CARVANCHY	CARVANCHY	findthisbest.com	HTTPS://WWW.FINDTHISBEST.COM/BRAND/860676-CARVANCHY
CARVIYA	CARVIYA	findthisbest.com	HTTPS://WWW.FINDTHISBEST.COM/BRAND/76606-CARVIYA
CARWORNIC	CARWORNIC	findthisbest.com	HTTPS://WWW.FINDTHISBEST.COM/BRAND/38865-CARWORNIC
CARYKO	CARYKON	findthisbest.com	HTTPS://WWW.FINDTHISBEST.COM/BRAND/375448-CARYKON
CARYKON	CARYKON	findthisbest.com	HTTPS://WWW.FINDTHISBEST.COM/BRAND/375448-CARYKON
CASABACO	CASABACO	findthisbest.com	HTTPS://WWW.FINDTHISBEST.COM/BRAND/94181-CASABACO
CASABOLAJDESIGNEDTODREAM	CASABOLAJDESIGNEDTODREAM	findthisbest.com	HTTPS://WWW.FINDTHISBEST.COM/BRAND/417312-CASA-BOLAJ-DESIGNED-TO-DREAM
CASACOSA	UNEEDME	findthisbest.com	HTTPS://WWW.FINDTHISBEST.COM/BRAND/836336-UNEEDME
CASAHEAL	CASAHEAL	findthisbest.com	HTTPS://WWW.FINDTHISBEST.COM/BRAND/898799-CASAHEAL
CASETANK	CASETANK	findthisbest.com	HTTPS://WWW.FINDTHISBEST.COM/BRAND/308354-CASETANK
CASTLEGREENS	CASTLEGREENS	findthisbest.com	HTTPS://WWW.FINDTHISBEST.COM/BRAND/356288-CASTLEGREENS
CASTURA	CASTURA	findthisbest.com	HTTPS://WWW.FINDTHISBEST.COM/BRAND/610056-CASTURA
CATCHFACE	CATCHFACE	findthisbest.com	HTTPS://WWW.FINDTHISBEST.COM/BRAND/212927-CATCHFACE
CATERBEE	CATERBEE	findthisbest.com	HTTPS://WWW.FINDTHISBEST.COM/BRAND/110128-CATERBEE
CATINSIDER	CATINSIDER	findthisbest.com	HTTPS://WWW.FINDTHISBEST.COM/BRAND/208244-CATINSIDER
CATROMANCE	CATROMANCE	findthisbest.com	HTTPS://WWW.FINDTHISBEST.COM/BRAND/308414-CATROMANCE
CAUFF	CAUFF	findthisbest.com	HTTPS://WWW.FINDTHISBEST.COM/BRAND/276292-CAUFF
CAUPUREYE	CAUPUREYE	findthisbest.com	HTTPS://WWW.FINDTHISBEST.COM/BRAND/898971-CAUPUREYE
CAVALLIFUN	CAVALLIFUN	findthisbest.com	HTTPS://WWW.FINDTHISBEST.COM/BRAND/869173-CAVALLIFUN
CAYER	CAYER	findthisbest.com	HTTPS://WWW.FINDTHISBEST.COM/BRAND/60794-CAYER
CAZOYEE	CAZOYEE	findthisbest.com	HTTPS://WWW.FINDTHISBEST.COM/BRAND/260397-CAZOYEE
CBAZY	CBAZY	findthisbest.com	HTTPS://WWW.FINDTHISBEST.COM/BRAND/301498-CBAZY
CBBPET	CBBPET	findthisbest.com	HTTPS://WWW.FINDTHISBEST.COM/BRAND/209039-CBBPET
CCBELLO	CCBELLO	findthisbest.com	HTTPS://WWW.FINDTHISBEST.COM/BRAND/408772-CCBELLO
CCCCOMFORTZONE	CCCCOMFORTZONE	findthisbest.com	HTTPS://WWW.FINDTHISBEST.COM/BRAND/7019-CCC-COMFORT-ZONE
CCEXQUISITE	CCEXQUISITE	findthisbest.com	HTTPS://WWW.FINDTHISBEST.COM/BRAND/19183-CC-EXQUISITE
CCHKFEI	CCHKFEI	findthisbest.com	HTTPS://WWW.FINDTHISBEST.COM/BRAND/34085-CCHKFEI
CCLINERS	CCLINERS	findthisbest.com	HTTPS://WWW.FINDTHISBEST.COM/BRAND/480088-CCLINERS
CCOSYCOST	CCOSYCOST	findthisbest.com	HTTPS://WWW.FINDTHISBEST.COM/BRAND/344310-C-COSYCOST
CCTFS	CCTFS	findthisbest.com	HTTPS://WWW.FINDTHISBEST.COM/BRAND/293274-CCTFS
CDILOGO	ANOTION	findthisbest.com	HTTPS://WWW.FINDTHISBEST.COM/BRAND/174440-ANOTION
CDMGLC	CDMGLC	findthisbest.com	HTTPS://WWW.FINDTHISBEST.COM/BRAND/543929-CDMGLC
CECOKESO	CECOKESO	findthisbest.com	HTTPS://WWW.FINDTHISBEST.COM/BRAND/724875-CECOKESO
CEDARALPHA	CEDARALPHA	findthisbest.com	HTTPS://WWW.FINDTHISBEST.COM/BRAND/267439-CEDAR-ALPHA
CEDITA	CEDITA	findthisbest.com	HTTPS://WWW.FINDTHISBEST.COM/BRAND/70-CEDITA
CEENA	CEENA	findthisbest.com	HTTPS://WWW.FINDTHISBEST.COM/BRAND/882222-CEENA
CEESTYLE	CEESTYLE	findthisbest.com	HTTPS://WWW.FINDTHISBEST.COM/BRAND/37462-CEESTYLE
CEGALI	CEGALI	findthisbest.com	HTTPS://WWW.FINDTHISBEST.COM/BRAND/864579-CEGALI
CEHIM	CEHIM	findthisbest.com	HTTPS://WWW.FINDTHISBEST.COM/BRAND/356990-CEHIM
CEKASO	CEKASO	findthisbest.com	HTTPS://WWW.FINDTHISBEST.COM/BRAND/113986-CEKASO
CEKAY	CEKAY	findthisbest.com	HTTPS://WWW.FINDTHISBEST.COM/BRAND/282207-CEKAY
CEKEE	CEKEE	findthisbest.com	HTTPS://WWW.FINDTHISBEST.COM/BRAND/285891-CEKEE
CEKEGON	CEKEGON	findthisbest.com	HTTPS://WWW.FINDTHISBEST.COM/BRAND/916741-CEKEGON
CEKUXPS	CEKUXPS	findthisbest.com	HTTPS://WWW.FINDTHISBEST.COM/BRAND/887558-CEKUXPS
CELEEP	CELEEP	findthisbest.com	HTTPS://WWW.FINDTHISBEST.COM/BRAND/30188-CELEEP
CELERTEC	CELERTEC	findthisbest.com	HTTPS://WWW.FINDTHISBEST.COM/BRAND/486675-CELERTEC
CELEWELL	CELEWELL	findthisbest.com	HTTPS://WWW.FINDTHISBEST.COM/BRAND/122566-CELEWELL
CELIWACE	CELIWACE	findthisbest.com	HTTPS://WWW.FINDTHISBEST.COM/BRAND/915333-CELIWACE
CELLULARIZE	CELLULARIZE	findthisbest.com	HTTPS://WWW.FINDTHISBEST.COM/BRAND/200622-CELLULARIZE
CELOID	CELOID	findthisbest.com	HTTPS://WWW.FINDTHISBEST.COM/BRAND/347456-CELOID
CELOMT	CELOMT	findthisbest.com	HTTPS://WWW.FINDTHISBEST.COM/BRAND/75547-CELOMT
CENAWIN	CENAWIN	findthisbest.com	HTTPS://WWW.FINDTHISBEST.COM/BRAND/293523-CENAWIN
CENSINDA	CENSINDA	findthisbest.com	HTTPS://WWW.FINDTHISBEST.COM/BRAND/316183-CENSINDA
CENWTY	CENWTY	findthisbest.com	HTTPS://WWW.FINDTHISBEST.COM/BRAND/899873-CENWTY
CENZEN	CENZEN	findthisbest.com	HTTPS://WWW.FINDTHISBEST.COM/BRAND/239919-CENZEN
CEOMATE	CEOMATE	findthisbest.com	HTTPS://WWW.FINDTHISBEST.COM/BRAND/308125-CEOMATE
CEPIGNOLY	ORINAR	findthisbest.com	HTTPS://WWW.FINDTHISBEST.COM/BRAND/831042-ORINAR
CERAMICAEDGARPICAS	CERAMICAEDGARPICAS	findthisbest.com	HTTPS://WWW.FINDTHISBEST.COM/BRAND/28967-CERAMICA-EDGAR-PICAS
CERDOCO	CERDECO	findthisbest.com	HTTPS://WWW.FINDTHISBEST.COM/BRAND/214792-CERDECO
CESSBLU	CESSBLU	findthisbest.com	HTTPS://WWW.FINDTHISBEST.COM/BRAND/282772-CESSBLU
CESTMALL	CESALL	findthisbest.com	HTTPS://WWW.FINDTHISBEST.COM/BRAND/464110-CESTMALL
CESUDEN	CESUN	findthisbest.com	HTTPS://WWW.FINDTHISBEST.COM/BRAND/26374-CESUN
CFKJ	CFKJ	findthisbest.com	HTTPS://WWW.FINDTHISBEST.COM/BRAND/30416-CFKJ
CFMASTER	CFMASTER	findthisbest.com	HTTPS://WWW.FINDTHISBEST.COM/BRAND/278315-CFMASTER
CGCHANGEEK	CGCHANGEEK	findthisbest.com	HTTPS://WWW.FINDTHISBEST.COM/BRAND/344397-C-G-CHANGEEK
CGELE	CGELE	findthisbest.com	HTTPS://WWW.FINDTHISBEST.COM/BRAND/165129-CGELE
CGJIOGUJIO	CGJIOGUJIO	findthisbest.com	HTTPS://WWW.FINDTHISBEST.COM/BRAND/916649-CGJIOGUJIO
CGYGP	CGYGP	findthisbest.com	HTTPS://WWW.FINDTHISBEST.COM/BRAND/68837-CGYGP
CHADIOR	CHADIOR	findthisbest.com	HTTPS://WWW.FINDTHISBEST.COM/BRAND/266082-CHADIOR
CHAIROOM	XXISHE	findthisbest.com	HTTPS://WWW.FINDTHISBEST.COM/BRAND/385292-X-XISHE
CHALIERFASHION	CHALIER	findthisbest.com	HTTPS://WWW.FINDTHISBEST.COM/BRAND/85392-CHALIER
CHAMBERART	CHAMBERART	findthisbest.com	HTTPS://WWW.FINDTHISBEST.COM/BRAND/236568-CHAMBERART
CHANARILY	CHANARILY	findthisbest.com	HTTPS://WWW.FINDTHISBEST.COM/BRAND/403416-CHANARILY
CHANFOK	CHANFOK	findthisbest.com	HTTPS://WWW.FINDTHISBEST.COM/BRAND/385494-CHANFOK
CHANGEMOORE	CHANGEMOORE	findthisbest.com	HTTPS://WWW.FINDTHISBEST.COM/BRAND/182815-CHANGE-MOORE
CHANGUAN	CHANGUAN	findthisbest.com	HTTPS://WWW.FINDTHISBEST.COM/BRAND/95005-CHANGUAN
CHANNELMAY	CHANNELMAY	findthisbest.com	HTTPS://WWW.FINDTHISBEST.COM/BRAND/902375-CHANNELMAY
CHAOAIXX	CHAYCHAX	findthisbest.com	HTTPS://WWW.FINDTHISBEST.COM/BRAND/49492-CHAYCHAX
CHAORONG	TIMEGYRO	findthisbest.com	HTTPS://WWW.FINDTHISBEST.COM/BRAND/68052-TIMEGYRO
CHARBROFIRE	CHARBROFIRE	findthisbest.com	HTTPS://WWW.FINDTHISBEST.COM/BRAND/396224-CHARBROFIRE
CHARDINHOME	CHARDINHOME	findthisbest.com	HTTPS://WWW.FINDTHISBEST.COM/BRAND/67868-CHARDIN-HOME
CHAREADA	CHAREADA	findthisbest.com	HTTPS://WWW.FINDTHISBEST.COM/BRAND/123979-CHAREADA
CHARKEE	CHARKEE	findthisbest.com	HTTPS://WWW.FINDTHISBEST.COM/BRAND/450182-CHARKEE
CHARMEDCRATES	CHARMEDCRATES	findthisbest.com	HTTPS://WWW.FINDTHISBEST.COM/BRAND/478781-CHARMED-CRATES
CHARMLY	CHARMLY	findthisbest.com	HTTPS://WWW.FINDTHISBEST.COM/BRAND/235501-CHARMLY
CHARMOLY	CHARMOLY	findthisbest.com	HTTPS://WWW.FINDTHISBEST.COM/BRAND/47546-CHARMOLY
CHARMUO	CHARMUO	findthisbest.com	HTTPS://WWW.FINDTHISBEST.COM/BRAND/29589-CHARMUO
CHASTEP	CHASTEP	findthisbest.com	HTTPS://WWW.FINDTHISBEST.COM/BRAND/74423-CHASTEP
CHAYCHAX	CHAYCHAX	findthisbest.com	HTTPS://WWW.FINDTHISBEST.COM/BRAND/49492-CHAYCHAX
CHBKT	CHBKT	findthisbest.com	HTTPS://WWW.FINDTHISBEST.COM/BRAND/29095-CHBKT
CHEAPDANCING	CHEAPDANCING	findthisbest.com	HTTPS://WWW.FINDTHISBEST.COM/BRAND/40841-CHEAPDANCING
CHEAPSUNDAY	CHEAPSUNDAY	findthisbest.com	HTTPS://WWW.FINDTHISBEST.COM/BRAND/189865-CHEAP-SUNDAY
CHEERINGPET	CHEERINGPET	findthisbest.com	HTTPS://WWW.FINDTHISBEST.COM/BRAND/17314-CHEERING-PET
CHEERMORE	CHEERMORE	findthisbest.com	HTTPS://WWW.FINDTHISBEST.COM/BRAND/692263-CHEERMORE
CHEERSDEVICES	CHEERSDEVICES	findthisbest.com	HTTPS://WWW.FINDTHISBEST.COM/BRAND/32881-CHEERS-DEVICES
CHEERSVILLE	CHEERSVILLE	findthisbest.com	HTTPS://WWW.FINDTHISBEST.COM/BRAND/289412-CHEERSVILLE
CHEETOP	CHEETOP	findthisbest.com	HTTPS://WWW.FINDTHISBEST.COM/BRAND/48230-CHEETOP
CHEFAST	CHEFAST	findthisbest.com	HTTPS://WWW.FINDTHISBEST.COM/BRAND/8681-CHEFAST
CHEFLAND	CHEFLAND	findthisbest.com	HTTPS://WWW.FINDTHISBEST.COM/BRAND/66892-CHEFLAND
CHELSOND	CHELSOND	findthisbest.com	HTTPS://WWW.FINDTHISBEST.COM/BRAND/529246-CHELSOND
CHENBEN	CHENBEN	findthisbest.com	HTTPS://WWW.FINDTHISBEST.COM/BRAND/385906-CHENBEN
CHENFEC	CHENFEC	findthisbest.com	HTTPS://WWW.FINDTHISBEST.COM/BRAND/277596-CHENFEC
CHENGMU	CHENGMU	findthisbest.com	HTTPS://WWW.FINDTHISBEST.COM/BRAND/551829-CHENGMU
CHENHON	CHENHON	findthisbest.com	HTTPS://WWW.FINDTHISBEST.COM/BRAND/377766-CHENHON
CHENPHMC	CHENPHMC	findthisbest.com	HTTPS://WWW.FINDTHISBEST.COM/BRAND/380247-CHENPHMC
CHEPULA	CHEPULA	findthisbest.com	HTTPS://WWW.FINDTHISBEST.COM/BRAND/296968-CHEPULA
CHERIEZING	CHERIEZING	findthisbest.com	HTTPS://WWW.FINDTHISBEST.COM/BRAND/104499-CHERIEZING
CHERIOLL	CHERIOLL	findthisbest.com	HTTPS://WWW.FINDTHISBEST.COM/BRAND/4367-CHERIOLL
CHEROO	CHEROO	findthisbest.com	HTTPS://WWW.FINDTHISBEST.COM/BRAND/158779-CHEROO
CHERRYSEA	CHERRYSEA	findthisbest.com	HTTPS://WWW.FINDTHISBEST.COM/BRAND/556687-CHERRYSEA
CHFONG	CHFONG	findthisbest.com	HTTPS://WWW.FINDTHISBEST.COM/BRAND/864357-CHFONG
CHHLIUT	CHHLIUT	findthisbest.com	HTTPS://WWW.FINDTHISBEST.COM/BRAND/284551-CHHLIUT
CHIBERY	CHIBERY	findthisbest.com	HTTPS://WWW.FINDTHISBEST.COM/BRAND/672215-CHIBERY
CHICLEW	CHICLEW	findthisbest.com	HTTPS://WWW.FINDTHISBEST.COM/BRAND/554243-CHICLEW
CHICNEW	CHICNEW	findthisbest.com	HTTPS://WWW.FINDTHISBEST.COM/BRAND/893542-CHICNEW
CHIKORELBRAND	CHICGAL	findthisbest.com	HTTPS://WWW.FINDTHISBEST.COM/BRAND/142528-CHICGAL
CHILINO	CHILINO	findthisbest.com	HTTPS://WWW.FINDTHISBEST.COM/BRAND/878245-CHILINO
CHILLNCHIC	CHILLNCHIC	findthisbest.com	HTTPS://WWW.FINDTHISBEST.COM/BRAND/897588-CHILLNCHIC
CHILTINA	CHILTINA	findthisbest.com	HTTPS://WWW.FINDTHISBEST.COM/BRAND/883084-CHILTINA
CHINOXIA	CHINOXIA	findthisbest.com	HTTPS://WWW.FINDTHISBEST.COM/BRAND/109942-CHINOXIA
CHITUSYSTEMS	CHITUSYSTEMS	findthisbest.com	HTTPS://WWW.FINDTHISBEST.COM/BRAND/393660-CHITU-SYSTEMS
CHIVENIDO	CHIVENIDO	findthisbest.com	HTTPS://WWW.FINDTHISBEST.COM/BRAND/34639-CHIVENIDO
CHIXIN	CHIXIN	findthisbest.com	HTTPS://WWW.FINDTHISBEST.COM/BRAND/271975-CHIXIN
CHLOLMY	CHLOLMY	findthisbest.com	HTTPS://WWW.FINDTHISBEST.COM/BRAND/547285-CHLOLMY
CHMING	CHMING	findthisbest.com	HTTPS://WWW.FINDTHISBEST.COM/BRAND/15712-CHMING
CHOADAM	CHOADAM	findthisbest.com	HTTPS://WWW.FINDTHISBEST.COM/BRAND/263975-CHOADAM
CHOARY	CHOARY	findthisbest.com	HTTPS://WWW.FINDTHISBEST.COM/BRAND/8529-CHOARY
CHOARYWOAZON	CHOARY	findthisbest.com	HTTPS://WWW.FINDTHISBEST.COM/BRAND/8529-CHOARY
CHOIS1	CHOIS1	findthisbest.com	HTTPS://WWW.FINDTHISBEST.COM/BRAND/64794-CHOIS-1
CHOKMAX	CHOKMAX	findthisbest.com	HTTPS://WWW.FINDTHISBEST.COM/BRAND/31007-CHOKMAX
CHOMEIU	CHOMEIU	findthisbest.com	HTTPS://WWW.FINDTHISBEST.COM/BRAND/4851-CHOMEIU
CHOOBA	CHOOBA	findthisbest.com	HTTPS://WWW.FINDTHISBEST.COM/BRAND/586944-CHOOBA
CHOPETREE	CHOPETREE	findthisbest.com	HTTPS://WWW.FINDTHISBEST.COM/BRAND/11671-C-HOPETREE
CHORTAU	CHORTAU	findthisbest.com	HTTPS://WWW.FINDTHISBEST.COM/BRAND/5371-CHORTAU
CHOSHIM	CHOSHIM	findthisbest.com	HTTPS://WWW.FINDTHISBEST.COM/BRAND/466490-CHOSHIM
CHOSURE	CHOSURE	findthisbest.com	HTTPS://WWW.FINDTHISBEST.COM/BRAND/559533-CHOSURE
CHOWTHINK	CHOWTHINK	findthisbest.com	HTTPS://WWW.FINDTHISBEST.COM/BRAND/320058-CHOWTHINK
CHRASY	CHRASY	findthisbest.com	HTTPS://WWW.FINDTHISBEST.COM/BRAND/880557-CHRASY
CHRIDER	CHRIDER	findthisbest.com	HTTPS://WWW.FINDTHISBEST.COM/BRAND/8628-CHRIDER
CHRIZZ	CHRIZZ	findthisbest.com	HTTPS://WWW.FINDTHISBEST.COM/BRAND/204357-CHRIZZ
CHRUN	CHRUN	findthisbest.com	HTTPS://WWW.FINDTHISBEST.COM/BRAND/532431-CHRUN
CHRUNONE	CHRUNONE	findthisbest.com	HTTPS://WWW.FINDTHISBEST.COM/BRAND/129174-CHRUNONE
CHTAIXI	CHTAIXI	findthisbest.com	HTTPS://WWW.FINDTHISBEST.COM/BRAND/393542-CHTAIXI
CHUANGMENG	FURUIAN	findthisbest.com	HTTPS://WWW.FINDTHISBEST.COM/BRAND/539203-FURUIAN
CHUANGRONGUS	CHUANGRONGUS	findthisbest.com	HTTPS://WWW.FINDTHISBEST.COM/BRAND/26183-CHUANGRONG-US
CHUMAA	GLOROUSAMC	findthisbest.com	HTTPS://WWW.FINDTHISBEST.COM/BRAND/156365-GLOROUSAMC
CHUNACE	CHUNACE	findthisbest.com	HTTPS://WWW.FINDTHISBEST.COM/BRAND/80663-CHUNACE
CHUNTIANRAN	CHUNTIANRAN	findthisbest.com	HTTPS://WWW.FINDTHISBEST.COM/BRAND/94726-CHUNTIANRAN
CHUSTER	CHUSTER	findthisbest.com	HTTPS://WWW.FINDTHISBEST.COM/BRAND/336848-CHUSTER
CHUXAYGARDEN	CHUXAYGARDEN	findthisbest.com	HTTPS://WWW.FINDTHISBEST.COM/BRAND/790630-CHUXAY-GARDEN
CICIKE	CICIKE	findthisbest.com	HTTPS://WWW.FINDTHISBEST.COM/BRAND/226476-CICIKE
CICMOD	CICMOD	findthisbest.com	HTTPS://WWW.FINDTHISBEST.COM/BRAND/132543-CICMOD
CIDBEST	CIDBEST	findthisbest.com	HTTPS://WWW.FINDTHISBEST.COM/BRAND/4063-CIDBEST
CIELTEAR	CIELTEAR	findthisbest.com	HTTPS://WWW.FINDTHISBEST.COM/BRAND/894799-CIELTEAR
CIENCIMY	CIENCIMY	findthisbest.com	HTTPS://WWW.FINDTHISBEST.COM/BRAND/92055-CIENCIMY
CIGAREXTRAS	CIGAREXTRAS	findthisbest.com	HTTPS://WWW.FINDTHISBEST.COM/BRAND/233705-CIGAREXTRAS
CIGMAG	CIGMAG	findthisbest.com	HTTPS://WWW.FINDTHISBEST.COM/BRAND/736455-CIGMAG
CIGOTU	CIGOTU	findthisbest.com	HTTPS://WWW.FINDTHISBEST.COM/BRAND/19626-CIGOTU
CIKICIKI	CIKICIKI	findthisbest.com	HTTPS://WWW.FINDTHISBEST.COM/BRAND/876511-CIKICIKI
CIMELR	CIMELR	findthisbest.com	HTTPS://WWW.FINDTHISBEST.COM/BRAND/641326-CIMELR
CIMSUN	CIMSUN	findthisbest.com	HTTPS://WWW.FINDTHISBEST.COM/BRAND/861914-CIMSUN
CINIDY	CINIDY	findthisbest.com	HTTPS://WWW.FINDTHISBEST.COM/BRAND/53263-CINIDY
CININERY	VAHOIALD	findthisbest.com	HTTPS://WWW.FINDTHISBEST.COM/BRAND/893904-VAHOIALD
CINIQY	CARIBBEANGARDENSEEDS	findthisbest.com	HTTPS://WWW.FINDTHISBEST.COM/BRAND/592292-CARIBBEAN-GARDEN-SEEDS
CIPOTAL	CIPOTAL	findthisbest.com	HTTPS://WWW.FINDTHISBEST.COM/BRAND/634274-CIPOTAL
CIQILY	CIQILY	findthisbest.com	HTTPS://WWW.FINDTHISBEST.COM/BRAND/190356-CIQILY
CIRCLEJOY	CIRCLEJOY	findthisbest.com	HTTPS://WWW.FINDTHISBEST.COM/BRAND/34839-CIRCLE-JOY
CIRCRANE	CIRCRANE	findthisbest.com	HTTPS://WWW.FINDTHISBEST.COM/BRAND/86713-CIRCRANE
CIRKOOH	CIRKOOH	findthisbest.com	HTTPS://WWW.FINDTHISBEST.COM/BRAND/238545-CIRKOOH
CISSDEN	CISSDEN	findthisbest.com	HTTPS://WWW.FINDTHISBEST.COM/BRAND/718126-CISSDEN
CITAITAI	CITAITAI	findthisbest.com	HTTPS://WWW.FINDTHISBEST.COM/BRAND/528386-CITAITAI
CITYGOO	CITYGOO	findthisbest.com	HTTPS://WWW.FINDTHISBEST.COM/BRAND/260961-CITYGOO
CITYLE	CITYLE	findthisbest.com	HTTPS://WWW.FINDTHISBEST.COM/BRAND/584857-CITYLE
CIVAZA	CIVAZA	findthisbest.com	HTTPS://WWW.FINDTHISBEST.COM/BRAND/302371-CIVAZA
CIWODA	CIWODA	findthisbest.com	HTTPS://WWW.FINDTHISBEST.COM/BRAND/556990-CIWODA
CJAID	CJAID	findthisbest.com	HTTPS://WWW.FINDTHISBEST.COM/BRAND/875819-CJAID
CKCLUU	CKCLUU	findthisbest.com	HTTPS://WWW.FINDTHISBEST.COM/BRAND/845731-CKCLUU
CKMY	CKMY	findthisbest.com	HTTPS://WWW.FINDTHISBEST.COM/BRAND/813774-CKMY
CKOFGDSUE	CKOFGDSUE	findthisbest.com	HTTPS://WWW.FINDTHISBEST.COM/BRAND/627158-CKOFGDSUE
CLAITIES	CLAITIES	findthisbest.com	HTTPS://WWW.FINDTHISBEST.COM/BRAND/818489-CLAITIES
CLARSTON	CLARSTON	findthisbest.com	HTTPS://WWW.FINDTHISBEST.COM/BRAND/915167-CLARSTON
CLASSICOFFICIALS	CLASSICOFFICIALS	findthisbest.com	HTTPS://WWW.FINDTHISBEST.COM/BRAND/254664-CLASSIC-OFFICIALS
CLASSICSLIMESULFURDIP	CLASSICSLIMESULFURDIP	findthisbest.com	HTTPS://WWW.FINDTHISBEST.COM/BRAND/355038-CLASSICS-LIME-SULFUR-DIP
CLAWSCOVER	CLAWSCOVER	findthisbest.com	HTTPS://WWW.FINDTHISBEST.COM/BRAND/24253-CLAWSCOVER
CLDREAM	CLDREAM	findthisbest.com	HTTPS://WWW.FINDTHISBEST.COM/BRAND/388816-CLDREAM
CLEANHIKE	CLEANHIKE	findthisbest.com	HTTPS://WWW.FINDTHISBEST.COM/BRAND/690050-CLEANHIKE
CLEANTT	CLEANTT	findthisbest.com	HTTPS://WWW.FINDTHISBEST.COM/BRAND/190671-CLEANTT
CLEVEAID	CLEVEAID	findthisbest.com	HTTPS://WWW.FINDTHISBEST.COM/BRAND/185444-CLEVEAID
CLEVELANDMORSE	CLEVELANDMORSE	findthisbest.com	HTTPS://WWW.FINDTHISBEST.COM/BRAND/44468-CLEVELAND-MORSE
CLEVERWOOD	CLEVERWOOD	findthisbest.com	HTTPS://WWW.FINDTHISBEST.COM/BRAND/87814-CLEVERWOOD
CLEVISSBRACE	CLEVISSBRACE	findthisbest.com	HTTPS://WWW.FINDTHISBEST.COM/BRAND/25255-CLEVISS-BRACE
CLIVIMI	CLIVIMI	findthisbest.com	HTTPS://WWW.FINDTHISBEST.COM/BRAND/439272-CLIVIMI
CLOAKMAN	CLOAKMAN	findthisbest.com	HTTPS://WWW.FINDTHISBEST.COM/BRAND/520445-CLOAKMAN
CLOCKITCHEN	CLOCKITCHEN	findthisbest.com	HTTPS://WWW.FINDTHISBEST.COM/BRAND/517474-CLOCKITCHEN
CLOCKWISETOOLS	CLOCKWISETOOLS	findthisbest.com	HTTPS://WWW.FINDTHISBEST.COM/BRAND/40173-CLOCKWISE-TOOLS
CLOUDBUYER	CLOUDBUYER	findthisbest.com	HTTPS://WWW.FINDTHISBEST.COM/BRAND/41872-CLOUDBUYER
CLYSUPLY	CLISIL	findthisbest.com	HTTPS://WWW.FINDTHISBEST.COM/BRAND/181312-CLISIL
CMCMWODRO	CMCMWODRO	findthisbest.com	HTTPS://WWW.FINDTHISBEST.COM/BRAND/84410-CM-CM-WODRO
CMIDY	CMIDY	findthisbest.com	HTTPS://WWW.FINDTHISBEST.COM/BRAND/51866-CMIDY
CNAIYUNPIN	CNAIYUNPIN	findthisbest.com	HTTPS://WWW.FINDTHISBEST.COM/BRAND/654540-CNAIYUNPIN
CNAKDDG	CNAKDDG	findthisbest.com	HTTPS://WWW.FINDTHISBEST.COM/BRAND/585706-CNAKDDG
CNBANAN	CNBANAN	findthisbest.com	HTTPS://WWW.FINDTHISBEST.COM/BRAND/788137-CNBANAN
CNBRO	CNBRO	findthisbest.com	HTTPS://WWW.FINDTHISBEST.COM/BRAND/92870-CNBRO
CNCTOPBAOS	CNCTOPBAOS	findthisbest.com	HTTPS://WWW.FINDTHISBEST.COM/BRAND/15517-CNCTOPBAOS
CNDST	CNDST	findthisbest.com	HTTPS://WWW.FINDTHISBEST.COM/BRAND/345965-CNDST
CNENGSTHY	CNENGSTHY	findthisbest.com	HTTPS://WWW.FINDTHISBEST.COM/BRAND/888960-CNENGSTHY
CNFOOTLOCKERS	CNFOOTLOCKERS	findthisbest.com	HTTPS://WWW.FINDTHISBEST.COM/BRAND/236902-CN-FOOTLOCKERS
CNSUNWAYLIGHTING	CNSUNWAYLIGHTING	findthisbest.com	HTTPS://WWW.FINDTHISBEST.COM/BRAND/112318-CNSUNWAY-LIGHTING
CNVOILA	CNVOILA	findthisbest.com	HTTPS://WWW.FINDTHISBEST.COM/BRAND/6491-CNVOILA
COASTSHADE	COASTSHADE	findthisbest.com	HTTPS://WWW.FINDTHISBEST.COM/BRAND/338905-COASTSHADE
COBOLL	COBOLL	findthisbest.com	HTTPS://WWW.FINDTHISBEST.COM/BRAND/58933-COBOLL
COCOMOCART	COCOMOCART	findthisbest.com	HTTPS://WWW.FINDTHISBEST.COM/BRAND/77056-COCOMOCART
COCONUTROPAMO	COCONUTROPAMO	findthisbest.com	HTTPS://WWW.FINDTHISBEST.COM/BRAND/23842-COCONUT-ROPAMO
COCOPIN	COCOPIN	findthisbest.com	HTTPS://WWW.FINDTHISBEST.COM/BRAND/51510-COCOPIN
COCOWIND	CICIWIND	findthisbest.com	HTTPS://WWW.FINDTHISBEST.COM/BRAND/248697-CICIWIND
CODACE	CODACE	findthisbest.com	HTTPS://WWW.FINDTHISBEST.COM/BRAND/90782-CODACE
CODESFIR	CODESFIR	findthisbest.com	HTTPS://WWW.FINDTHISBEST.COM/BRAND/555205-CODESFIR
CODNIDA	CODNIDA	findthisbest.com	HTTPS://WWW.FINDTHISBEST.COM/BRAND/277382-CODNIDA
COENGWO	COENGWO	findthisbest.com	HTTPS://WWW.FINDTHISBEST.COM/BRAND/299240-COENGWO
COFACE	COFACE	findthisbest.com	HTTPS://WWW.FINDTHISBEST.COM/BRAND/192386-COFACE
COFELIFE	COFELIFE	findthisbest.com	HTTPS://WWW.FINDTHISBEST.COM/BRAND/321493-COFELIFE
COFEYMERA	COFEYMERA	findthisbest.com	HTTPS://WWW.FINDTHISBEST.COM/BRAND/260945-COFEYMERA
COGARDENSHOWER	COGARDENSHOWER	findthisbest.com	HTTPS://WWW.FINDTHISBEST.COM/BRAND/513491-COGARDENSHOWER
COGSTER	COGSTER	findthisbest.com	HTTPS://WWW.FINDTHISBEST.COM/BRAND/894175-COGSTER
COHOOHOME	COHOOHOME	findthisbest.com	HTTPS://WWW.FINDTHISBEST.COM/BRAND/248696-COHOO-HOME
COIDAK	COIDAK	findthisbest.com	HTTPS://WWW.FINDTHISBEST.COM/BRAND/834557-COIDAK
COITEK	COITEK	findthisbest.com	HTTPS://WWW.FINDTHISBEST.COM/BRAND/256196-COITEK
COKOEYE	COKOEYE	findthisbest.com	HTTPS://WWW.FINDTHISBEST.COM/BRAND/672501-COKOEYE
COKTIK	COKTIK	findthisbest.com	HTTPS://WWW.FINDTHISBEST.COM/BRAND/223565-COKTIK
COKUMA	COKUMA	findthisbest.com	HTTPS://WWW.FINDTHISBEST.COM/BRAND/836818-COKUMA
COLIARY	COLIARY	findthisbest.com	HTTPS://WWW.FINDTHISBEST.COM/BRAND/473334-COLIARY
COLIASWING	COLIASWING	findthisbest.com	HTTPS://WWW.FINDTHISBEST.COM/BRAND/20317-COLIAS-WING
COLIBYOU	COLIBYOU	findthisbest.com	HTTPS://WWW.FINDTHISBEST.COM/BRAND/151585-COLIBYOU
COLIFRSC	COLIFRSC	findthisbest.com	HTTPS://WWW.FINDTHISBEST.COM/BRAND/542790-COLIFRSC
COLOHAS	COLOHAS	findthisbest.com	HTTPS://WWW.FINDTHISBEST.COM/BRAND/559901-COLOHAS
COLORANDGEOMETRY	COLORGEOMETRY	findthisbest.com	HTTPS://WWW.FINDTHISBEST.COM/BRAND/23564-COLORGEOMETRY
COLORFAIRY	COLORFAIRY	findthisbest.com	HTTPS://WWW.FINDTHISBEST.COM/BRAND/895878-COLORFAIRY
COLORGEOMETRY	COLORGEOMETRY	findthisbest.com	HTTPS://WWW.FINDTHISBEST.COM/BRAND/23564-COLORGEOMETRY
COLORLIZARD	COLORLIZARD	findthisbest.com	HTTPS://WWW.FINDTHISBEST.COM/BRAND/605901-COLORLIZARD
COLORNDRIVE	COLORNDRIVE	findthisbest.com	HTTPS://WWW.FINDTHISBEST.COM/BRAND/88367-COLOR-N-DRIVE
COLORROKK	COLORROKK	findthisbest.com	HTTPS://WWW.FINDTHISBEST.COM/BRAND/637939-COLOR-ROKK
COLORWELL	COLORWELL	findthisbest.com	HTTPS://WWW.FINDTHISBEST.COM/BRAND/866327-COLORWELL
COLOUREDPEAS	COLOUREDPEAS	findthisbest.com	HTTPS://WWW.FINDTHISBEST.COM/BRAND/71855-COLOUREDPEAS
COLTONSNATURALS	COLTONSNATURALS	findthisbest.com	HTTPS://WWW.FINDTHISBEST.COM/BRAND/160012-COLTONS-NATURALS
COMDOX	COMDOX	findthisbest.com	HTTPS://WWW.FINDTHISBEST.COM/BRAND/244593-COMDOX
COMFECTO	COMFECTO	findthisbest.com	HTTPS://WWW.FINDTHISBEST.COM/BRAND/8907-COMFECTO
COMFORTABLYCOLLARED	COMFORTABLYCOLLARED	findthisbest.com	HTTPS://WWW.FINDTHISBEST.COM/BRAND/92921-COMFORTABLY-COLLARED
COMFYHOME	COMFYHOME	findthisbest.com	HTTPS://WWW.FINDTHISBEST.COM/BRAND/34953-COMFYHOME
COMFYPACKAGE	COMFYPACKAGE	findthisbest.com	HTTPS://WWW.FINDTHISBEST.COM/BRAND/125873-COMFY-PACKAGE
COMISTACK	COMISTACK	findthisbest.com	HTTPS://WWW.FINDTHISBEST.COM/BRAND/489289-COMISTACK
COMMCLAD	COMMCLAD	findthisbest.com	HTTPS://WWW.FINDTHISBEST.COM/BRAND/39948-COMMCLAD
COMMCLADS	COMMCLAD	findthisbest.com	HTTPS://WWW.FINDTHISBEST.COM/BRAND/39948-COMMCLAD
COMMONCLASSICCANDYCOMPANY	COMMONCLASSICCANDYCOMPANY	findthisbest.com	HTTPS://WWW.FINDTHISBEST.COM/BRAND/327622-COMMON-CLASSIC-CANDY-COMPANY
COMMONWEALTHBASKET	COMMONWEALTHBASKET	findthisbest.com	HTTPS://WWW.FINDTHISBEST.COM/BRAND/52101-COMMONWEALTH-BASKET
COMOMY	COMOMY	findthisbest.com	HTTPS://WWW.FINDTHISBEST.COM/BRAND/598507-COMOMY
COMSUN	COMSUN	findthisbest.com	HTTPS://WWW.FINDTHISBEST.COM/BRAND/10515-COMSUN
COMYAN	COMYAN	findthisbest.com	HTTPS://WWW.FINDTHISBEST.COM/BRAND/55967-COMYAN
CONABLE	CONABLE	findthisbest.com	HTTPS://WWW.FINDTHISBEST.COM/BRAND/405497-CONABLE
CONCEPT3BYSKECHERS	CONCEPT3BYSKECHERS	findthisbest.com	HTTPS://WWW.FINDTHISBEST.COM/BRAND/82236-CONCEPT-3-BY-SKECHERS
CONDROMLY	CONDROMLY	findthisbest.com	HTTPS://WWW.FINDTHISBEST.COM/BRAND/683602-CONDROMLY
CONHENCI	CONHENCI	findthisbest.com	HTTPS://WWW.FINDTHISBEST.COM/BRAND/460629-CONHENCI
CONNECOM	CONNECOM	findthisbest.com	HTTPS://WWW.FINDTHISBEST.COM/BRAND/718474-CONNECOM
CONNYAM	CONNYAM	findthisbest.com	HTTPS://WWW.FINDTHISBEST.COM/BRAND/35141-CONNYAM
CONPUS	CONPUS	findthisbest.com	HTTPS://WWW.FINDTHISBEST.COM/BRAND/88070-CONPUS
CONQTO	CONQTO	findthisbest.com	HTTPS://WWW.FINDTHISBEST.COM/BRAND/313364-CONQTO
CONRORA	CONRORA	findthisbest.com	HTTPS://WWW.FINDTHISBEST.COM/BRAND/185264-CONRORA
CONSGIJI	CONSGIJI	findthisbest.com	HTTPS://WWW.FINDTHISBEST.COM/BRAND/349226-CONSGIJI
CONSOFA	CONSOFA	findthisbest.com	HTTPS://WWW.FINDTHISBEST.COM/BRAND/723410-CONSOFA
CONSTORE	CONSTORE	findthisbest.com	HTTPS://WWW.FINDTHISBEST.COM/BRAND/52288-CONSTORE
CONSUMEST	CONSUMEST	findthisbest.com	HTTPS://WWW.FINDTHISBEST.COM/BRAND/871686-CONSUMEST
CONTAINERFURNITUREDIRECT	CONTAINERFURNITUREDIRECT	findthisbest.com	HTTPS://WWW.FINDTHISBEST.COM/BRAND/163337-CONTAINER-FURNITURE-DIRECT
CONTOURSURF	CONTOURSURF	findthisbest.com	HTTPS://WWW.FINDTHISBEST.COM/BRAND/860675-CONTOUR-SURF
COOBAN	COOBAN	findthisbest.com	HTTPS://WWW.FINDTHISBEST.COM/BRAND/455976-COOBAN
COOBES	COOBES	findthisbest.com	HTTPS://WWW.FINDTHISBEST.COM/BRAND/474295-COOBES
COOCURE	COOCURE	findthisbest.com	HTTPS://WWW.FINDTHISBEST.COM/BRAND/524320-COOCURE
COODEO	COODEO	findthisbest.com	HTTPS://WWW.FINDTHISBEST.COM/BRAND/30648-COODEO
COOENIA	COOENIA	findthisbest.com	HTTPS://WWW.FINDTHISBEST.COM/BRAND/654781-COOENIA
COOFFICER	DSTELIN	findthisbest.com	HTTPS://WWW.FINDTHISBEST.COM/BRAND/58648-DSTELIN
COOKCONCEPT	COOKCONCEPT	findthisbest.com	HTTPS://WWW.FINDTHISBEST.COM/BRAND/620382-COOK-CONCEPT
COOKMAX	COOKMAX	findthisbest.com	HTTPS://WWW.FINDTHISBEST.COM/BRAND/228458-COOKMAX
COOKSTONE	COOKSTONE	findthisbest.com	HTTPS://WWW.FINDTHISBEST.COM/BRAND/904998-COOKSTONE
COOL2DAY	COOL2DAY	findthisbest.com	HTTPS://WWW.FINDTHISBEST.COM/BRAND/324461-COOL2DAY
COOLBEE	COOLBEE	findthisbest.com	HTTPS://WWW.FINDTHISBEST.COM/BRAND/712334-COOLBEE
COOLEAD	COOLEAD	findthisbest.com	HTTPS://WWW.FINDTHISBEST.COM/BRAND/483704-COOLEAD
COOLEATHOR	COOLEATHOR	findthisbest.com	HTTPS://WWW.FINDTHISBEST.COM/BRAND/58900-COOLEATHOR
COOLFOX	COOLFOX	findthisbest.com	HTTPS://WWW.FINDTHISBEST.COM/BRAND/704227-COOLFOX
COOLJOY	COOLJOY	findthisbest.com	HTTPS://WWW.FINDTHISBEST.COM/BRAND/56951-COOLJOY
COOLNES	COOLNES	findthisbest.com	HTTPS://WWW.FINDTHISBEST.COM/BRAND/268383-COOLNES
COOLWEST	COOLWEST	findthisbest.com	HTTPS://WWW.FINDTHISBEST.COM/BRAND/80072-COOLWEST
COOLYEAH	COOLYEAH	findthisbest.com	HTTPS://WWW.FINDTHISBEST.COM/BRAND/87394-COOLYEAH
COOLZON	COOLZON	findthisbest.com	HTTPS://WWW.FINDTHISBEST.COM/BRAND/123183-COOLZON
COOMATEC	COOMATEC	findthisbest.com	HTTPS://WWW.FINDTHISBEST.COM/BRAND/453748-COOMATEC
COOMOUR	COOMOUR	findthisbest.com	HTTPS://WWW.FINDTHISBEST.COM/BRAND/259636-COOMOUR
COOPACHE	COOPACHE	findthisbest.com	HTTPS://WWW.FINDTHISBEST.COM/BRAND/124547-COOPACHE
COORHEIX	COORHEIX	findthisbest.com	HTTPS://WWW.FINDTHISBEST.COM/BRAND/404476-COORHEIX
COOSLEEPHOME	COOSLEEPHOME	findthisbest.com	HTTPS://WWW.FINDTHISBEST.COM/BRAND/179350-COOSLEEP-HOME
COOY	COOY	findthisbest.com	HTTPS://WWW.FINDTHISBEST.COM/BRAND/73211-COOY
COOYOO	COOYOO	findthisbest.com	HTTPS://WWW.FINDTHISBEST.COM/BRAND/16916-COOYOO
COOZERO	COOZERO	findthisbest.com	HTTPS://WWW.FINDTHISBEST.COM/BRAND/10986-COOZERO
COPLIB	COPLIB	findthisbest.com	HTTPS://WWW.FINDTHISBEST.COM/BRAND/238645-COPLIB
COPPERVEDA	COPPERVEDA	findthisbest.com	HTTPS://WWW.FINDTHISBEST.COM/BRAND/579153-COPPERVEDA
CORBOBO	CORBOBO	findthisbest.com	HTTPS://WWW.FINDTHISBEST.COM/BRAND/909237-CORBOBO
COREREPLACE	COREREPLACE	findthisbest.com	HTTPS://WWW.FINDTHISBEST.COM/BRAND/260095-COREREPLACE
CORNESTY	CORNESTY	findthisbest.com	HTTPS://WWW.FINDTHISBEST.COM/BRAND/895719-CORNESTY
CORTAN360	CORTAN360	findthisbest.com	HTTPS://WWW.FINDTHISBEST.COM/BRAND/93243-CORTAN360
COSBARY	COSBARY	findthisbest.com	HTTPS://WWW.FINDTHISBEST.COM/BRAND/611787-COSBARY
COSBEAUTY	COSBEAUTY	findthisbest.com	HTTPS://WWW.FINDTHISBEST.COM/BRAND/25063-COSBEAUTY
COSHALL	COSHALL	findthisbest.com	HTTPS://WWW.FINDTHISBEST.COM/BRAND/315301-COSHALL
COSIBELL	COSIBELL	findthisbest.com	HTTPS://WWW.FINDTHISBEST.COM/BRAND/519771-COSIBELL
COSIKO	COSIKO	findthisbest.com	HTTPS://WWW.FINDTHISBEST.COM/BRAND/157199-COSIKO
COSILEE	COSILEE	findthisbest.com	HTTPS://WWW.FINDTHISBEST.COM/BRAND/487882-COSILEE
COSMOING	COSMOING	findthisbest.com	HTTPS://WWW.FINDTHISBEST.COM/BRAND/10462-COSMOING
COSMTEK	COSMTEK	findthisbest.com	HTTPS://WWW.FINDTHISBEST.COM/BRAND/521728-COSMTEK
COSONE	COSONE	findthisbest.com	HTTPS://WWW.FINDTHISBEST.COM/BRAND/651285-COSONE
COSPRING	COSPRING	findthisbest.com	HTTPS://WWW.FINDTHISBEST.COM/BRAND/16080-COSPRING
COSYAIREY	COSYAIREY	findthisbest.com	HTTPS://WWW.FINDTHISBEST.COM/BRAND/712912-COSYAIREY
COSYBREEZE	COSYBREEZE	findthisbest.com	HTTPS://WWW.FINDTHISBEST.COM/BRAND/48461-COSYBREEZE
COSYEARN	COSYEARN	findthisbest.com	HTTPS://WWW.FINDTHISBEST.COM/BRAND/878639-COSYEARN
COSYOU	COSYOU	findthisbest.com	HTTPS://WWW.FINDTHISBEST.COM/BRAND/97367-COSYOU
COTAZA	COTAZA	findthisbest.com	HTTPS://WWW.FINDTHISBEST.COM/BRAND/559677-COTAZA
COTDINFORCA	COTDINFORCA	findthisbest.com	HTTPS://WWW.FINDTHISBEST.COM/BRAND/892285-COTDINFORCA
COTOSS	COTOSS	findthisbest.com	HTTPS://WWW.FINDTHISBEST.COM/BRAND/213458-COTOSS
COTRE	COTRE	findthisbest.com	HTTPS://WWW.FINDTHISBEST.COM/BRAND/288072-COTRE
COTRIO	COTRIO	findthisbest.com	HTTPS://WWW.FINDTHISBEST.COM/BRAND/348572-COTRIO
COTTONFARMFROMMEDITERRANEAN	COTTONFARMFROMMEDITERRANEAN	findthisbest.com	HTTPS://WWW.FINDTHISBEST.COM/BRAND/518800-COTTON-FARM-FROM-MEDITERRANEAN
COUKRE	COUKRE	findthisbest.com	HTTPS://WWW.FINDTHISBEST.COM/BRAND/835236-COUKRE
COUOKO	COUOKO	findthisbest.com	HTTPS://WWW.FINDTHISBEST.COM/BRAND/302710-COUOKO
COVMAX	COVMAX	findthisbest.com	HTTPS://WWW.FINDTHISBEST.COM/BRAND/546035-COVMAX
COVOART	COVOART	findthisbest.com	HTTPS://WWW.FINDTHISBEST.COM/BRAND/119377-COVOART
COVONO	COVONO	findthisbest.com	HTTPS://WWW.FINDTHISBEST.COM/BRAND/91618-COVONO
COVTOY	COVTOY	findthisbest.com	HTTPS://WWW.FINDTHISBEST.COM/BRAND/458363-COVTOY
COVVY	COVVY	findthisbest.com	HTTPS://WWW.FINDTHISBEST.COM/BRAND/18475-COVVY
COWONE	COWONE	findthisbest.com	HTTPS://WWW.FINDTHISBEST.COM/BRAND/77280-COWONE
COYMOS	COYMOS	findthisbest.com	HTTPS://WWW.FINDTHISBEST.COM/BRAND/124460-COYMOS
COZYME	COZYME	findthisbest.com	HTTPS://WWW.FINDTHISBEST.COM/BRAND/110231-COZYME
COZYWELL	COZYWELL	findthisbest.com	HTTPS://WWW.FINDTHISBEST.COM/BRAND/293559-COZYWELL
COZZKA	COZZKA	findthisbest.com	HTTPS://WWW.FINDTHISBEST.COM/BRAND/283942-COZZKA
CPDZ	CPDZ	findthisbest.com	HTTPS://WWW.FINDTHISBEST.COM/BRAND/886069-CPDZ
CPFK	CPFK	findthisbest.com	HTTPS://WWW.FINDTHISBEST.COM/BRAND/35347-CPFK
CQNET	CQNET	findthisbest.com	HTTPS://WWW.FINDTHISBEST.COM/BRAND/129621-CQNET
CRAFTHAND	CRAFTHAND	findthisbest.com	HTTPS://WWW.FINDTHISBEST.COM/BRAND/869123-CRAFTHAND
CRAFTPROTOSS	CRAFTPROTOSS	findthisbest.com	HTTPS://WWW.FINDTHISBEST.COM/BRAND/872215-CRAFTPROTOSS
CRAFTSMANSBD	CRAFTSMANSBD	findthisbest.com	HTTPS://WWW.FINDTHISBEST.COM/BRAND/510241-CRAFTSMAN-SBD
CRANDDI	CRANDDI	findthisbest.com	HTTPS://WWW.FINDTHISBEST.COM/BRAND/276098-CRANDDI
CRAPELLES	CRAPELLES	findthisbest.com	HTTPS://WWW.FINDTHISBEST.COM/BRAND/237070-CRAPELLES
CRATERAQUASYSTEMS	CRATERAQUASYSTEMS	findthisbest.com	HTTPS://WWW.FINDTHISBEST.COM/BRAND/112400-CRATERAQUASYSTEMS
CRAZYFELIX	CRAZYFELIX	findthisbest.com	HTTPS://WWW.FINDTHISBEST.COM/BRAND/10984-CRAZY-FELIX
CREATIONCORE	CREATIONCORE	findthisbest.com	HTTPS://WWW.FINDTHISBEST.COM/BRAND/161466-CREATION-CORE
CREATIVEPAPERCO	CREATIVEPAPERCO	findthisbest.com	HTTPS://WWW.FINDTHISBEST.COM/BRAND/51162-CREATIVE-PAPER-CO
CREATIVEQT	CREATIVEQT	findthisbest.com	HTTPS://WWW.FINDTHISBEST.COM/BRAND/57046-CREATIVE-QT
CREEPYPARTY	CREEPYPARTY	findthisbest.com	HTTPS://WWW.FINDTHISBEST.COM/BRAND/155181-CREEPY-PARTY
CREGRANT3D	CREGRANT3D	findthisbest.com	HTTPS://WWW.FINDTHISBEST.COM/BRAND/583151-CREGRANT3D
CRELIVER	CRELIVER	findthisbest.com	HTTPS://WWW.FINDTHISBEST.COM/BRAND/483241-CRELIVER
CRESTIN	CRESTIN	findthisbest.com	HTTPS://WWW.FINDTHISBEST.COM/BRAND/450333-CRESTIN
CRETHINKATY	CRETHINKATY	findthisbest.com	HTTPS://WWW.FINDTHISBEST.COM/BRAND/424048-CRETHINKATY
CRIFEIR	CRIFEIR	findthisbest.com	HTTPS://WWW.FINDTHISBEST.COM/BRAND/255899-CRIFEIR
CRISTALBOX	CRISTALBOX	findthisbest.com	HTTPS://WWW.FINDTHISBEST.COM/BRAND/92389-CRISTALBOX
CROBYI	CROBYI	findthisbest.com	HTTPS://WWW.FINDTHISBEST.COM/BRAND/361713-CROBYI
CROMORC	CROMORC	findthisbest.com	HTTPS://WWW.FINDTHISBEST.COM/BRAND/111477-CROMORC
CROOZY	CROOZY	findthisbest.com	HTTPS://WWW.FINDTHISBEST.COM/BRAND/645253-CROOZY
CROWNDY	CROWNDY	findthisbest.com	HTTPS://WWW.FINDTHISBEST.COM/BRAND/340580-CROWNDY
CRPSEN	CRPSEN	findthisbest.com	HTTPS://WWW.FINDTHISBEST.COM/BRAND/768313-CRPSEN
CRUCIALCOMPRESSION	CRUCIALCOMPRESSION	findthisbest.com	HTTPS://WWW.FINDTHISBEST.COM/BRAND/25479-CRUCIAL-COMPRESSION
CRUDATE	CRUDATE	findthisbest.com	HTTPS://WWW.FINDTHISBEST.COM/BRAND/875954-CRUDATE
CRUSHUNT	CRUSHUNT	findthisbest.com	HTTPS://WWW.FINDTHISBEST.COM/BRAND/853386-CRUSHUNT
CRUZIX	CRUZIX	findthisbest.com	HTTPS://WWW.FINDTHISBEST.COM/BRAND/372158-CRUZIX
CRYBENO	CRYBENO	findthisbest.com	HTTPS://WWW.FINDTHISBEST.COM/BRAND/288478-CRYBENO
CRYO360BYMACARD	CRYO360BYMACARD	findthisbest.com	HTTPS://WWW.FINDTHISBEST.COM/BRAND/834487-CRYO360-BY-MACARD
CRYSTALSRUS	CRYSTALSRUS	findthisbest.com	HTTPS://WWW.FINDTHISBEST.COM/BRAND/142126-CRYSTALSRUS
CRYSTOP	CRYSTOP	findthisbest.com	HTTPS://WWW.FINDTHISBEST.COM/BRAND/248066-CRYSTOP
CRYSULLY	CRYSULLY	findthisbest.com	HTTPS://WWW.FINDTHISBEST.COM/BRAND/131520-CRYSULLY
CRZKO	CRZKO	findthisbest.com	HTTPS://WWW.FINDTHISBEST.COM/BRAND/73712-CRZKO
CSFOTO	CSFOTO	findthisbest.com	HTTPS://WWW.FINDTHISBEST.COM/BRAND/487148-CSFOTO
CSNDICE	CSNDICE	findthisbest.com	HTTPS://WWW.FINDTHISBEST.COM/BRAND/108101-CSNDICE
CTCOMPACTTECHNOLOGIES	CTCOMPACTTECHNOLOGIES	findthisbest.com	HTTPS://WWW.FINDTHISBEST.COM/BRAND/835914-CT-COMPACT-TECHNOLOGIES
CTCOPPERTAILOR	CTCOPPERTAILOR	findthisbest.com	HTTPS://WWW.FINDTHISBEST.COM/BRAND/888826-CT-COPPER-TAILOR
CTOBU	CTOBU	findthisbest.com	HTTPS://WWW.FINDTHISBEST.COM/BRAND/906602-CTOBU
CTSZOOM	CTSZOOM	findthisbest.com	HTTPS://WWW.FINDTHISBEST.COM/BRAND/290831-CTSZOOM
CTTEBRUN	CTTEBRUN	findthisbest.com	HTTPS://WWW.FINDTHISBEST.COM/BRAND/258327-CT-TEBRUN
CUBEWAY	CUBEWAY	findthisbest.com	HTTPS://WWW.FINDTHISBEST.COM/BRAND/24488-CUBEWAY
CUBITTTRACKINGTECHNOLOGIES	CUBITTTRACKINGTECHNOLOGIES	findthisbest.com	HTTPS://WWW.FINDTHISBEST.COM/BRAND/344509-CUBITT-TRACKING-TECHNOLOGIES
CUCHIILO	CUCHIILO	findthisbest.com	HTTPS://WWW.FINDTHISBEST.COM/BRAND/507537-CUCHIILO
CUCHINASAFE	CUCHINASAFE	findthisbest.com	HTTPS://WWW.FINDTHISBEST.COM/BRAND/837646-CUCHINA-SAFE
CUCUMI	CUCUMI	findthisbest.com	HTTPS://WWW.FINDTHISBEST.COM/BRAND/35149-CUCUMI
CUCUNU	CUCUNU	findthisbest.com	HTTPS://WWW.FINDTHISBEST.COM/BRAND/36208-CUCUNU
CUDDLECAMPUS	CUDDLECAMPUS	findthisbest.com	HTTPS://WWW.FINDTHISBEST.COM/BRAND/605649-CUDDLE-CAMPUS
CUECUTIE	CUECUTIE	findthisbest.com	HTTPS://WWW.FINDTHISBEST.COM/BRAND/253343-CUECUTIE
CUEELF	CUEELF	findthisbest.com	HTTPS://WWW.FINDTHISBEST.COM/BRAND/604388-CUEELF
CUILVU	CUILVU	findthisbest.com	HTTPS://WWW.FINDTHISBEST.COM/BRAND/869572-CUILVU
CUKAID	CUKAID	findthisbest.com	HTTPS://WWW.FINDTHISBEST.COM/BRAND/68743-CUKAID
CULINWARE	CULINWARE	findthisbest.com	HTTPS://WWW.FINDTHISBEST.COM/BRAND/176176-CULINWARE
CULMKARI	CULMKARI	findthisbest.com	HTTPS://WWW.FINDTHISBEST.COM/BRAND/101616-CULMKARI
CULTERMAN	CULTERMAN	findthisbest.com	HTTPS://WWW.FINDTHISBEST.COM/BRAND/293848-CULTERMAN
CUMKA	CUMKA	findthisbest.com	HTTPS://WWW.FINDTHISBEST.COM/BRAND/278199-CUMKA
CUOKAMIRACLE	CUOKAMIRACLE	findthisbest.com	HTTPS://WWW.FINDTHISBEST.COM/BRAND/99817-CUOKA-MIRACLE
CUPEISI	CUPEISI	findthisbest.com	HTTPS://WWW.FINDTHISBEST.COM/BRAND/780057-CUPEISI
CUPIDIAN	CUPIDIAN	findthisbest.com	HTTPS://WWW.FINDTHISBEST.COM/BRAND/258281-CUPIDIAN
CUPPABILLIARDS	CUPPABILLIARDS	findthisbest.com	HTTPS://WWW.FINDTHISBEST.COM/BRAND/21845-CUPPA-BILLIARDS
CUQI	CUQI	findthisbest.com	HTTPS://WWW.FINDTHISBEST.COM/BRAND/308780-CUQI
CURECOR	CURECOR	findthisbest.com	HTTPS://WWW.FINDTHISBEST.COM/BRAND/577057-CURECOR
CUSIMAXCORDIAL	CUSIMAX	findthisbest.com	HTTPS://WWW.FINDTHISBEST.COM/BRAND/1388-CUSIMAX
CUSINAID	CUSINAID	findthisbest.com	HTTPS://WWW.FINDTHISBEST.COM/BRAND/1162-CUSINAID
CUTEKOLVE	CUTEKOLVE	findthisbest.com	HTTPS://WWW.FINDTHISBEST.COM/BRAND/96982-CUTEKOLVE
CUTEMEDI	CUTEMEDI	findthisbest.com	HTTPS://WWW.FINDTHISBEST.COM/BRAND/15075-CUTEMEDI
CUTYGIRL	CUTYGIRL	findthisbest.com	HTTPS://WWW.FINDTHISBEST.COM/BRAND/4672-CUTYGIRL
CUVR	CUVR	findthisbest.com	HTTPS://WWW.FINDTHISBEST.COM/BRAND/558321-CUVR
CUWINY	CUWINY	findthisbest.com	HTTPS://WWW.FINDTHISBEST.COM/BRAND/75700-CUWINY
CUXNOO	CUXNOO	findthisbest.com	HTTPS://WWW.FINDTHISBEST.COM/BRAND/288354-CUXNOO
CUYSFEAD	CUYSFEAD	findthisbest.com	HTTPS://WWW.FINDTHISBEST.COM/BRAND/79052-CUYSFEAD
CUZURLUV	CUZURLUV	findthisbest.com	HTTPS://WWW.FINDTHISBEST.COM/BRAND/856249-CUZURLUV
CVISTPIEO	CVISTPIEO	findthisbest.com	HTTPS://WWW.FINDTHISBEST.COM/BRAND/864408-CVISTPIEO
CVKASH	CVKASH	findthisbest.com	HTTPS://WWW.FINDTHISBEST.COM/BRAND/385931-CVKASH
CWATCUN	CWATCUN	findthisbest.com	HTTPS://WWW.FINDTHISBEST.COM/BRAND/276546-CWATCUN
CWINDY	CWINDY	findthisbest.com	HTTPS://WWW.FINDTHISBEST.COM/BRAND/23639-CWINDY
CWOWDEFU	CWOWDEFU	findthisbest.com	HTTPS://WWW.FINDTHISBEST.COM/BRAND/287971-CWOWDEFU
CWVLC	CWVLC	findthisbest.com	HTTPS://WWW.FINDTHISBEST.COM/BRAND/70661-CWVLC
CXHOME	CXHOME	findthisbest.com	HTTPS://WWW.FINDTHISBEST.COM/BRAND/284996-CXHOME
CYANSTYLE	CYANSTYLE	findthisbest.com	HTTPS://WWW.FINDTHISBEST.COM/BRAND/85221-CYANSTYLE
CYBRING	CYBRING	findthisbest.com	HTTPS://WWW.FINDTHISBEST.COM/BRAND/399022-CYBRING
CYBRTRAYDLIFEOFTHEPARTY	CYBRTRAYDLIFEOFTHEPARTY	findthisbest.com	HTTPS://WWW.FINDTHISBEST.COM/BRAND/672652-CYBRTRAYD-LIFE-OF-THE-PARTY
CYCLEINN	CYCLEINN	findthisbest.com	HTTPS://WWW.FINDTHISBEST.COM/BRAND/860506-CYCLEINN
CYCLESPEED	CYCLESPEED	findthisbest.com	HTTPS://WWW.FINDTHISBEST.COM/BRAND/299473-CYCLESPEED
CYEELVES	CYEELVES	findthisbest.com	HTTPS://WWW.FINDTHISBEST.COM/BRAND/324668-CYEELVES
CYEVA	CYEVA	findthisbest.com	HTTPS://WWW.FINDTHISBEST.COM/BRAND/123169-CYEVA
CYFUNDESIGN	CYFUNDESIGN	findthisbest.com	HTTPS://WWW.FINDTHISBEST.COM/BRAND/286710-CYFUN-DESIGN
CYGJSYEA	CYGJSYEA	findthisbest.com	HTTPS://WWW.FINDTHISBEST.COM/BRAND/886868-CYGJSYEA
CYIECW	CYIECW	findthisbest.com	HTTPS://WWW.FINDTHISBEST.COM/BRAND/339767-CYIECW
CYIMI	CYIMI	findthisbest.com	HTTPS://WWW.FINDTHISBEST.COM/BRAND/48168-CYIMI
CYKOARMOR	CYKOARMOR	findthisbest.com	HTTPS://WWW.FINDTHISBEST.COM/BRAND/638694-CYKOARMOR
CYKT	CYKT	findthisbest.com	HTTPS://WWW.FINDTHISBEST.COM/BRAND/347518-CYKT
CYNEMO	CYNEMO	findthisbest.com	HTTPS://WWW.FINDTHISBEST.COM/BRAND/77274-CYNEMO
CYNZIA	CYNZIA	findthisbest.com	HTTPS://WWW.FINDTHISBEST.COM/BRAND/240894-CYNZIA
CYRDER	CYRDER	findthisbest.com	HTTPS://WWW.FINDTHISBEST.COM/BRAND/418222-CYRDER
CYROSA	CYROSA	findthisbest.com	HTTPS://WWW.FINDTHISBEST.COM/BRAND/289363-CYROSA
CYRRET	CYRRET	findthisbest.com	HTTPS://WWW.FINDTHISBEST.COM/BRAND/227347-CYRRET
CYSKY	CYSKY	findthisbest.com	HTTPS://WWW.FINDTHISBEST.COM/BRAND/20492-CYSKY
CYURMJUN	CYURMJUN	findthisbest.com	HTTPS://WWW.FINDTHISBEST.COM/BRAND/347822-CYURMJUN
CYVENSMART	CYVENSMART	findthisbest.com	HTTPS://WWW.FINDTHISBEST.COM/BRAND/122593-CYVENSMART
CZEPA	CZEPA	findthisbest.com	HTTPS://WWW.FINDTHISBEST.COM/BRAND/594142-CZEPA
CZGARDENSUPPLY	CZGARDENSUPPLY	findthisbest.com	HTTPS://WWW.FINDTHISBEST.COM/BRAND/12204-CZ-GARDEN-SUPPLY
CZOFNJESI	CZOFNJESI	findthisbest.com	HTTPS://WWW.FINDTHISBEST.COM/BRAND/296191-CZOFNJESI
CZSMBT	CZSMBT	findthisbest.com	HTTPS://WWW.FINDTHISBEST.COM/BRAND/631237-CZSMBT
CZUMJJ	CZUMJJ	findthisbest.com	HTTPS://WWW.FINDTHISBEST.COM/BRAND/289415-CZUMJJ
D1D9	D1D9	findthisbest.com	HTTPS://WWW.FINDTHISBEST.COM/BRAND/283640-D1D9
DAANT	DAANT	findthisbest.com	HTTPS://WWW.FINDTHISBEST.COM/BRAND/870582-DAANT
DACESTAR	DACESTAR	findthisbest.com	HTTPS://WWW.FINDTHISBEST.COM/BRAND/227885-DACESTAR
DADDYCHILD	DADDYCHILD	findthisbest.com	HTTPS://WWW.FINDTHISBEST.COM/BRAND/113750-DADDYCHILD
DADDYFACTORY	DADDYFACTORY	findthisbest.com	HTTPS://WWW.FINDTHISBEST.COM/BRAND/290042-DADDY-FACTORY
DAHAKII	DAHAKII	findthisbest.com	HTTPS://WWW.FINDTHISBEST.COM/BRAND/324409-DAHAKII
DAILYDANNY	DAILYDANNY	findthisbest.com	HTTPS://WWW.FINDTHISBEST.COM/BRAND/228429-DAILYDANNY
DAILYRITMO	DAILYRIO	findthisbest.com	HTTPS://WWW.FINDTHISBEST.COM/BRAND/560872-DAILY-RITMO
DAIRENKITCHEN	DAIRENKITCHEN	findthisbest.com	HTTPS://WWW.FINDTHISBEST.COM/BRAND/418292-DAIREN-KITCHEN
DAITOUGE	DAITOUGE	findthisbest.com	HTTPS://WWW.FINDTHISBEST.COM/BRAND/650947-DAITOUGE
DAIZAG	DAIZAG	findthisbest.com	HTTPS://WWW.FINDTHISBEST.COM/BRAND/308425-DAIZAG
DAJOORON	DAJOORON	findthisbest.com	HTTPS://WWW.FINDTHISBEST.COM/BRAND/443628-DAJOORON
DAJUE	COSMIRROR	findthisbest.com	HTTPS://WWW.FINDTHISBEST.COM/BRAND/4675-COSMIRROR
DALAOCU	HENNIGHT	findthisbest.com	HTTPS://WWW.FINDTHISBEST.COM/BRAND/83512-HEN-NIGHT
DALLESANDROGOURMET	DALLESANDROGOURMET	findthisbest.com	HTTPS://WWW.FINDTHISBEST.COM/BRAND/337132-DALLESANDRO-GOURMET
DALLUX	DALLUX	findthisbest.com	HTTPS://WWW.FINDTHISBEST.COM/BRAND/288172-DALLUX
DALMBOX	DALMBOX	findthisbest.com	HTTPS://WWW.FINDTHISBEST.COM/BRAND/386220-DALMBOX
DALOBEN	DALOBEN	findthisbest.com	HTTPS://WWW.FINDTHISBEST.COM/BRAND/596099-DALOBEN
DALOSDREAM	DALOSDREAM	findthisbest.com	HTTPS://WWW.FINDTHISBEST.COM/BRAND/279093-DALOSDREAM
DAMASKERUS	DAMASKERUS	findthisbest.com	HTTPS://WWW.FINDTHISBEST.COM/BRAND/561341-DAMASKERUS
DAMGOO	DAMGOO	findthisbest.com	HTTPS://WWW.FINDTHISBEST.COM/BRAND/10189-DAMGOO
DAMNISS	DAMNISS	findthisbest.com	HTTPS://WWW.FINDTHISBEST.COM/BRAND/871124-DAMNISS
DAMOTK	DAMOTK	findthisbest.com	HTTPS://WWW.FINDTHISBEST.COM/BRAND/457162-DAMOTK
DANALLAN	DANALLAN	findthisbest.com	HTTPS://WWW.FINDTHISBEST.COM/BRAND/424786-DANALLAN
DANBYTE	DANBYTE	findthisbest.com	HTTPS://WWW.FINDTHISBEST.COM/BRAND/315295-DANBYTE
DANDARCI	DANDARCI	findthisbest.com	HTTPS://WWW.FINDTHISBEST.COM/BRAND/114442-DANDARCI
DANFFLAG	DANFFLAG	findthisbest.com	HTTPS://WWW.FINDTHISBEST.COM/BRAND/338782-DANF-FLAG
DANFIAUDIODF	DANFIAUDIODF	findthisbest.com	HTTPS://WWW.FINDTHISBEST.COM/BRAND/172118-DANFI-AUDIO-DF
DANGSHAN	DANGSHAN	findthisbest.com	HTTPS://WWW.FINDTHISBEST.COM/BRAND/117228-DANGSHAN
DANGSHANDANGSHAN	DANGSHAN	findthisbest.com	HTTPS://WWW.FINDTHISBEST.COM/BRAND/117228-DANGSHAN
DANIELLEENTERPRISES	DANIELLEENTERPRISES	findthisbest.com	HTTPS://WWW.FINDTHISBEST.COM/BRAND/267798-DANIELLE-ENTERPRISES
DANNILONG	DANNILONG	findthisbest.com	HTTPS://WWW.FINDTHISBEST.COM/BRAND/835374-DANNILONG
DANOPLUS	DANOPLUS	findthisbest.com	HTTPS://WWW.FINDTHISBEST.COM/BRAND/102762-DANOPLUS
DANVON	DANVON	findthisbest.com	HTTPS://WWW.FINDTHISBEST.COM/BRAND/884829-DANVON
DAOOPS	DAOOPS	findthisbest.com	HTTPS://WWW.FINDTHISBEST.COM/BRAND/545822-DAOOPS
DAOST	LISHINE	findthisbest.com	HTTPS://WWW.FINDTHISBEST.COM/BRAND/321609-LISHINE
DAPAI	THEDAPAI	findthisbest.com	HTTPS://WWW.FINDTHISBEST.COM/BRAND/919986-THE-DAPAI
DAREKUKU	DAREKUKU	findthisbest.com	HTTPS://WWW.FINDTHISBEST.COM/BRAND/363405-DAREKUKU
DARKAWAY	DARKAWAY	findthisbest.com	HTTPS://WWW.FINDTHISBEST.COM/BRAND/659741-DARKAWAY
DARKDEC	DARKDEC	findthisbest.com	HTTPS://WWW.FINDTHISBEST.COM/BRAND/314953-DARKDEC
DARMOMOON	DARMOMOON	findthisbest.com	HTTPS://WWW.FINDTHISBEST.COM/BRAND/884971-DARMOMOON
DARTISANSHOPPE	DARTISANSHOPPE	findthisbest.com	HTTPS://WWW.FINDTHISBEST.COM/BRAND/115415-DARTISAN-SHOPPE
DATOO	DATOO	findthisbest.com	HTTPS://WWW.FINDTHISBEST.COM/BRAND/123065-DATOO
DAUSROOB	DAUSROOB	findthisbest.com	HTTPS://WWW.FINDTHISBEST.COM/BRAND/361007-DAUSROOB
DAVESPESTDEFENSE	DAVESPESTDEFENSE	findthisbest.com	HTTPS://WWW.FINDTHISBEST.COM/BRAND/172872-DAVESPESTDEFENSE
DAVIATELIER	DAVIATELIER	findthisbest.com	HTTPS://WWW.FINDTHISBEST.COM/BRAND/457553-DAVI-ATELIER
DAWAD	DAWAD	findthisbest.com	HTTPS://WWW.FINDTHISBEST.COM/BRAND/271692-DAWAD
DAYCENT	DAYCENT	findthisbest.com	HTTPS://WWW.FINDTHISBEST.COM/BRAND/301803-DAYCENT
DAZZBER	DAZZBER	findthisbest.com	HTTPS://WWW.FINDTHISBEST.COM/BRAND/57482-DAZZBER
DAZZLINGTOYS	DAZZLINGTOYS	findthisbest.com	HTTPS://WWW.FINDTHISBEST.COM/BRAND/13043-DAZZLING-TOYS
DCCPAA	DCCPAA	findthisbest.com	HTTPS://WWW.FINDTHISBEST.COM/BRAND/887874-DCCPAA
DCIGNA	DCIGNA	findthisbest.com	HTTPS://WWW.FINDTHISBEST.COM/BRAND/1473-DCIGNA
DCLOBTOP	DCLOBTOP	findthisbest.com	HTTPS://WWW.FINDTHISBEST.COM/BRAND/1292-DCLOBTOP
DCME7	DIAMONDSELECTTOYS	findthisbest.com	HTTPS://WWW.FINDTHISBEST.COM/BRAND/19537-DIAMOND-SELECT-TOYS
DCMEKA	DCMEKA	findthisbest.com	HTTPS://WWW.FINDTHISBEST.COM/BRAND/226204-DCMEKA
DCORN	DCORN	findthisbest.com	HTTPS://WWW.FINDTHISBEST.COM/BRAND/351898-DCORN
DCYOURHOME	DCYOURHOME	findthisbest.com	HTTPS://WWW.FINDTHISBEST.COM/BRAND/88137-DCYOURHOME
DDINGRICH	DDINGRICH	findthisbest.com	HTTPS://WWW.FINDTHISBEST.COM/BRAND/369385-D-DINGRICH
DDLLDESHI	DDLLDESHI	findthisbest.com	HTTPS://WWW.FINDTHISBEST.COM/BRAND/887999-DDLLDESHI
DDONGPLUS	DDONGPLUS	findthisbest.com	HTTPS://WWW.FINDTHISBEST.COM/BRAND/867636-DDONG-PLUS
DDOXX	DDOXX	findthisbest.com	HTTPS://WWW.FINDTHISBEST.COM/BRAND/648766-DDOXX
DDSKY	DDSKY	findthisbest.com	HTTPS://WWW.FINDTHISBEST.COM/BRAND/34866-DDSKY
DEALCASE	DEALCASE	findthisbest.com	HTTPS://WWW.FINDTHISBEST.COM/BRAND/288403-DEALCASE
DEALKITS	DEALKITS	findthisbest.com	HTTPS://WWW.FINDTHISBEST.COM/BRAND/542970-DEALKITS
DEALPEAK	DEALPEAK	findthisbest.com	HTTPS://WWW.FINDTHISBEST.COM/BRAND/60335-DEALPEAK
DEALUXE	DEALUXE	findthisbest.com	HTTPS://WWW.FINDTHISBEST.COM/BRAND/29370-DEALUXE
DEANFUN	DEANFUN	findthisbest.com	HTTPS://WWW.FINDTHISBEST.COM/BRAND/503217-DEANFUN
DEAPRULL	DEAPRULL	findthisbest.com	HTTPS://WWW.FINDTHISBEST.COM/BRAND/908168-DEAPRULL
DEARGOODAY	DEARGOODAY	findthisbest.com	HTTPS://WWW.FINDTHISBEST.COM/BRAND/869429-DEARGOODAY
DEARMORNING	DEARMORNING	findthisbest.com	HTTPS://WWW.FINDTHISBEST.COM/BRAND/280697-DEAR-MORNING
DEAUNBR	DEAUNBR	findthisbest.com	HTTPS://WWW.FINDTHISBEST.COM/BRAND/439955-DEAUNBR
DEAYOU	DEAYOU	findthisbest.com	HTTPS://WWW.FINDTHISBEST.COM/BRAND/345444-DEAYOU
DEBIN	DEBIN	findthisbest.com	HTTPS://WWW.FINDTHISBEST.COM/BRAND/849084-DE-BIN
DEBONLA	DEBONLA	findthisbest.com	HTTPS://WWW.FINDTHISBEST.COM/BRAND/299302-DEBONLA
DECAKILA	DECAKILA	findthisbest.com	HTTPS://WWW.FINDTHISBEST.COM/BRAND/582608-DECAKILA
DECALLER	DECALLER	findthisbest.com	HTTPS://WWW.FINDTHISBEST.COM/BRAND/58925-DECALLER
DECERAM	DECERAM	findthisbest.com	HTTPS://WWW.FINDTHISBEST.COM/BRAND/408314-DECERAM
DECOLIFE	DECOLIFE	findthisbest.com	HTTPS://WWW.FINDTHISBEST.COM/BRAND/558493-DECOLIFE
DECORITEN	DECORITEN	findthisbest.com	HTTPS://WWW.FINDTHISBEST.COM/BRAND/155962-DECORITEN
DECORSMART	DECORSMART	findthisbest.com	HTTPS://WWW.FINDTHISBEST.COM/BRAND/214403-DECORSMART
DECOTALK	DECOTALK	findthisbest.com	HTTPS://WWW.FINDTHISBEST.COM/BRAND/302413-DECOTALK
DECRAFTS	DECRAFTS	findthisbest.com	HTTPS://WWW.FINDTHISBEST.COM/BRAND/35092-DECRAFTS
DECUTE	DECUTE	findthisbest.com	HTTPS://WWW.FINDTHISBEST.COM/BRAND/213808-DECUTE
DECWIN	DECWIN	findthisbest.com	HTTPS://WWW.FINDTHISBEST.COM/BRAND/392305-DECWIN
DEECOO	DEECOO	findthisbest.com	HTTPS://WWW.FINDTHISBEST.COM/BRAND/37810-DEECOO
DEEDRO	DEEDRO	findthisbest.com	HTTPS://WWW.FINDTHISBEST.COM/BRAND/162342-DEEDRO
DEEDUODUO	DUODUO	findthisbest.com	HTTPS://WWW.FINDTHISBEST.COM/BRAND/403565-DUODUO
DEEGOTECHTUMABER	DEEGOTECH	findthisbest.com	HTTPS://WWW.FINDTHISBEST.COM/BRAND/46160-DEEGOTECH
DEEIRAO	DEEIRAO	findthisbest.com	HTTPS://WWW.FINDTHISBEST.COM/BRAND/344566-DEEIRAO
DEELZ4LESS	DEELZ4LESS	findthisbest.com	HTTPS://WWW.FINDTHISBEST.COM/BRAND/413588-DEELZ4LESS
DEERLAMN	DEERLAMN	findthisbest.com	HTTPS://WWW.FINDTHISBEST.COM/BRAND/601902-DEERLAMN
DEERROUTE	DEERROUTE	findthisbest.com	HTTPS://WWW.FINDTHISBEST.COM/BRAND/373557-DEER-ROUTE
DEESPACE	DEESPACE	findthisbest.com	HTTPS://WWW.FINDTHISBEST.COM/BRAND/389917-DEESPACE
DEETECK	DEETECK	findthisbest.com	HTTPS://WWW.FINDTHISBEST.COM/BRAND/901431-DEETECK
DEFEAN	DEFEAN	findthisbest.com	HTTPS://WWW.FINDTHISBEST.COM/BRAND/288935-DEFEAN
DEFENCASE	DEFENCASE	findthisbest.com	HTTPS://WWW.FINDTHISBEST.COM/BRAND/474389-DEFENCASE
DEFENDY	DEFENDY	findthisbest.com	HTTPS://WWW.FINDTHISBEST.COM/BRAND/649432-DEFENDY
DEFULL	DEFULL	findthisbest.com	HTTPS://WWW.FINDTHISBEST.COM/BRAND/8452-DEFULL
DEFYCHALLENGEYOURFEAR	DEFYCHALLENGEYOURFEAR	findthisbest.com	HTTPS://WWW.FINDTHISBEST.COM/BRAND/21520-DEFY-CHALLENGE-YOUR-FEAR
DEHVIHS	DEHVIHS	findthisbest.com	HTTPS://WWW.FINDTHISBEST.COM/BRAND/914350-DEHVIHS
DEINDUSER	DEINDUSER	findthisbest.com	HTTPS://WWW.FINDTHISBEST.COM/BRAND/610124-DEINDUSER
DEKOOL	DEKOOL	findthisbest.com	HTTPS://WWW.FINDTHISBEST.COM/BRAND/440736-DEKOOL
DELCLYNEE	DELCLYNEE	findthisbest.com	HTTPS://WWW.FINDTHISBEST.COM/BRAND/259746-DELCLYNEE
DELIAO	DELIAO	findthisbest.com	HTTPS://WWW.FINDTHISBEST.COM/BRAND/23310-DELIAO
DELICAVY	DELICAVY	findthisbest.com	HTTPS://WWW.FINDTHISBEST.COM/BRAND/249763-DELICAVY
DELICITALYPUREITALIANFOOD	DELICITALYPUREITALIANFOOD	findthisbest.com	HTTPS://WWW.FINDTHISBEST.COM/BRAND/617847-DELICITALY-PURE-ITALIAN-FOOD
DELIDIRECT	DELIDIRECT	findthisbest.com	HTTPS://WWW.FINDTHISBEST.COM/BRAND/65542-DELI-DIRECT
DELIGHTBOX	DELIGHTBOX	findthisbest.com	HTTPS://WWW.FINDTHISBEST.COM/BRAND/137612-DELIGHTBOX
DELIONE	DELIONE	findthisbest.com	HTTPS://WWW.FINDTHISBEST.COM/BRAND/898405-DELIONE
DELITIAN	DELITIAN	findthisbest.com	HTTPS://WWW.FINDTHISBEST.COM/BRAND/909249-DELITIAN
DELLEMADE	DELLEMADE	findthisbest.com	HTTPS://WWW.FINDTHISBEST.COM/BRAND/80212-DELLEMADE
DELLYTOP	DELLYTOP	findthisbest.com	HTTPS://WWW.FINDTHISBEST.COM/BRAND/89413-DELLYTOP
DELSBBQ	DELSBBQ	findthisbest.com	HTTPS://WWW.FINDTHISBEST.COM/BRAND/262920-DELSBBQ
DEMOSAYER	DEMOSAYER	findthisbest.com	HTTPS://WWW.FINDTHISBEST.COM/BRAND/421434-DEMOSAYER
DEMOZU	DEMOZU	findthisbest.com	HTTPS://WWW.FINDTHISBEST.COM/BRAND/71131-DEMOZU
DENGMALL	DENGMALL	findthisbest.com	HTTPS://WWW.FINDTHISBEST.COM/BRAND/214828-DENGMALL
DENKERM	DENKERM	findthisbest.com	HTTPS://WWW.FINDTHISBEST.COM/BRAND/865453-DENKERM
DENNIESCARE	DENNIESCARE	findthisbest.com	HTTPS://WWW.FINDTHISBEST.COM/BRAND/511554-DENNIESCARE
DENTRUN	DENTRUN	findthisbest.com	HTTPS://WWW.FINDTHISBEST.COM/BRAND/317419-DENTRUN
DEPENDABLEDIRECT	DEPENDABLEDIRECT	findthisbest.com	HTTPS://WWW.FINDTHISBEST.COM/BRAND/22814-DEPENDABLE-DIRECT
DEPM	DEPM	findthisbest.com	HTTPS://WWW.FINDTHISBEST.COM/BRAND/521458-DEPM
DEPOVOR	DEPOVOR	findthisbest.com	HTTPS://WWW.FINDTHISBEST.COM/BRAND/506189-DEPOVOR
DERAYSION	DERAYSION	findthisbest.com	HTTPS://WWW.FINDTHISBEST.COM/BRAND/249773-DERAYSION
DERERWACHTE	DERERWACHTE	findthisbest.com	HTTPS://WWW.FINDTHISBEST.COM/BRAND/836905-DER-ERWACHTE
DERUI	DERUICREATION	findthisbest.com	HTTPS://WWW.FINDTHISBEST.COM/BRAND/281005-DERUI-CREATION
DERXI	DEXI	findthisbest.com	HTTPS://WWW.FINDTHISBEST.COM/BRAND/48203-DEXI
DESAMVAP	DESAMVAP	findthisbest.com	HTTPS://WWW.FINDTHISBEST.COM/BRAND/556167-DESAMVAP
DESGULLY	DESGULLY	findthisbest.com	HTTPS://WWW.FINDTHISBEST.COM/BRAND/346325-DESGULLY
DESIRESLASHESBYEMILYSTORES	DESIRESLASHESBYEMILYSTORES	findthisbest.com	HTTPS://WWW.FINDTHISBEST.COM/BRAND/469692-DESIRES-LASHES-BY-EMILYSTORES
DESMONDPHOTOGRAPHIC	DESMONDPHOTOGRAPHIC	findthisbest.com	HTTPS://WWW.FINDTHISBEST.COM/BRAND/288280-DESMOND-PHOTOGRAPHIC
DESOFICON	DESOFICON	findthisbest.com	HTTPS://WWW.FINDTHISBEST.COM/BRAND/111402-DESOFICON
DESTALYA	DESTALYA	findthisbest.com	HTTPS://WWW.FINDTHISBEST.COM/BRAND/39063-DESTALYA
DEVEMBR	DEVEMBR	findthisbest.com	HTTPS://WWW.FINDTHISBEST.COM/BRAND/270786-DEVEMBR
DEVINAL	DEVINAL	findthisbest.com	HTTPS://WWW.FINDTHISBEST.COM/BRAND/77691-DEVINAL
DEWINNER	DEWINNER	findthisbest.com	HTTPS://WWW.FINDTHISBEST.COM/BRAND/260175-DEWINNER
DEWINSTON	DEWINSTON	findthisbest.com	HTTPS://WWW.FINDTHISBEST.COM/BRAND/273332-DEWINSTON
DEWSHRIMP	DEWSHRIMP	findthisbest.com	HTTPS://WWW.FINDTHISBEST.COM/BRAND/385514-DEWSHRIMP
DEWSSHINE	DEWSSHINE	findthisbest.com	HTTPS://WWW.FINDTHISBEST.COM/BRAND/236217-DEWSSHINE
DEXBOARD	DEXBOARD	findthisbest.com	HTTPS://WWW.FINDTHISBEST.COM/BRAND/59307-DEXBOARD
DEXNUMP	DEXNUMP	findthisbest.com	HTTPS://WWW.FINDTHISBEST.COM/BRAND/732999-DEXNUMP
DEXOP	DEXOP	findthisbest.com	HTTPS://WWW.FINDTHISBEST.COM/BRAND/280240-DEXOP
DEYOOXI	DEYOOXI	findthisbest.com	HTTPS://WWW.FINDTHISBEST.COM/BRAND/869402-DEYOOXI
DEYOUNGARBEIT	DEYOUNGARBEIT	findthisbest.com	HTTPS://WWW.FINDTHISBEST.COM/BRAND/348690-DEYOUNGARBEIT
DEZILIAO	DEZILIAO	findthisbest.com	HTTPS://WWW.FINDTHISBEST.COM/BRAND/283036-DEZILIAO
DEZIN	DEZIN	findthisbest.com	HTTPS://WWW.FINDTHISBEST.COM/BRAND/1468-DEZIN
DEZIWOOD	DEZIWOOD	findthisbest.com	HTTPS://WWW.FINDTHISBEST.COM/BRAND/324336-DEZIWOOD
DEZOBYTE	DEZOBYTE	findthisbest.com	HTTPS://WWW.FINDTHISBEST.COM/BRAND/898761-DEZOBYTE
DEZZYN	DEZIN	findthisbest.com	HTTPS://WWW.FINDTHISBEST.COM/BRAND/1468-DEZIN
DFLIVE	DFLIVE	findthisbest.com	HTTPS://WWW.FINDTHISBEST.COM/BRAND/909757-DFLIVE
DFMICRO	DFCROMI	findthisbest.com	HTTPS://WWW.FINDTHISBEST.COM/BRAND/667600-DFCROMI
DGCOLLECTIONS	DGCOLLECTIONS	findthisbest.com	HTTPS://WWW.FINDTHISBEST.COM/BRAND/91504-DG-COLLECTIONS
DGCOLLECTIONSDGCOLLECTIONS	DGCOLLECTIONS	findthisbest.com	HTTPS://WWW.FINDTHISBEST.COM/BRAND/91504-DG-COLLECTIONS
DGDGBABY	DGDGBABY	findthisbest.com	HTTPS://WWW.FINDTHISBEST.COM/BRAND/343737-DGDGBABY
DGNOG	DGNOG	findthisbest.com	HTTPS://WWW.FINDTHISBEST.COM/BRAND/878185-DGNOG
DGODRT	DGODRT	findthisbest.com	HTTPS://WWW.FINDTHISBEST.COM/BRAND/344686-DGODRT
DGRUOIZA	DGRUOIZA	findthisbest.com	HTTPS://WWW.FINDTHISBEST.COM/BRAND/109175-DGRUOIZA
DGSCSMY	DGSCSMY	findthisbest.com	HTTPS://WWW.FINDTHISBEST.COM/BRAND/331855-DGSCSMY
DHIEONG	DHIEONG	findthisbest.com	HTTPS://WWW.FINDTHISBEST.COM/BRAND/526531-DHIEONG
DHUOG	DHUOG	findthisbest.com	HTTPS://WWW.FINDTHISBEST.COM/BRAND/558043-DHUOG
DIAIARY	DIAIARY	findthisbest.com	HTTPS://WWW.FINDTHISBEST.COM/BRAND/909819-DIAIARY
DIANFAN	DIANFAN	findthisbest.com	HTTPS://WWW.FINDTHISBEST.COM/BRAND/858777-DIANFAN
DIANMEI	DIANMEI	findthisbest.com	HTTPS://WWW.FINDTHISBEST.COM/BRAND/847055-DIANMEI
DIAOSNX	MMONDOD	findthisbest.com	HTTPS://WWW.FINDTHISBEST.COM/BRAND/349430-MMONDOD
DIATHOU	DIATHOU	findthisbest.com	HTTPS://WWW.FINDTHISBEST.COM/BRAND/160979-DIATHOU
DICASAL	DICASAL	findthisbest.com	HTTPS://WWW.FINDTHISBEST.COM/BRAND/83157-DICASAL
DICATTE	DICATTE	findthisbest.com	HTTPS://WWW.FINDTHISBEST.COM/BRAND/336604-DICATTE
DICKINDA	DICKINDA	findthisbest.com	HTTPS://WWW.FINDTHISBEST.COM/BRAND/887832-DICKINDA
DIDADIC	DIDADIC	findthisbest.com	HTTPS://WWW.FINDTHISBEST.COM/BRAND/53360-DIDADIC
DIDER	DIDER	findthisbest.com	HTTPS://WWW.FINDTHISBEST.COM/BRAND/404304-DIDER
DIDK	DIDK	findthisbest.com	HTTPS://WWW.FINDTHISBEST.COM/BRAND/97698-DIDK
DIDUGO	DIDUGO	findthisbest.com	HTTPS://WWW.FINDTHISBEST.COM/BRAND/343550-DIDUGO
DIFFICORT	DIFFICORT	findthisbest.com	HTTPS://WWW.FINDTHISBEST.COM/BRAND/704968-DIFFICORT
DIFFLIFE	DIFFLIFE	findthisbest.com	HTTPS://WWW.FINDTHISBEST.COM/BRAND/428000-DIFFLIFE
DIHINES	DIHINES	findthisbest.com	HTTPS://WWW.FINDTHISBEST.COM/BRAND/60071-DIHINES
DIINOKA	DINOKA	findthisbest.com	HTTPS://WWW.FINDTHISBEST.COM/BRAND/848813-DINOKA
DIIRGLUS	DIIRGLUS	findthisbest.com	HTTPS://WWW.FINDTHISBEST.COM/BRAND/650415-DIIRGLUS
DIJIAHUA	DIJIAHUA	findthisbest.com	HTTPS://WWW.FINDTHISBEST.COM/BRAND/880799-DIJIAHUA
DIKAMEN	DIKAMEN	findthisbest.com	HTTPS://WWW.FINDTHISBEST.COM/BRAND/850269-DIKAMEN
DIKEO	DIKEO	findthisbest.com	HTTPS://WWW.FINDTHISBEST.COM/BRAND/534398-DIKEO
DIKUER	DIKUER	findthisbest.com	HTTPS://WWW.FINDTHISBEST.COM/BRAND/847076-DIKUER
DILOVELY	DILOVELY	findthisbest.com	HTTPS://WWW.FINDTHISBEST.COM/BRAND/759007-DILOVELY
DIMAIGLOBAL	DIMAIGLOBAL	findthisbest.com	HTTPS://WWW.FINDTHISBEST.COM/BRAND/628101-DIMAIGLOBAL
DIMESHY	DIMESHY	findthisbest.com	HTTPS://WWW.FINDTHISBEST.COM/BRAND/8700-DIMESHY
DIMIGLOBAL	DIMAIGLOBAL	findthisbest.com	HTTPS://WWW.FINDTHISBEST.COM/BRAND/628101-DIMAIGLOBAL
DIMJ	DIMJ	findthisbest.com	HTTPS://WWW.FINDTHISBEST.COM/BRAND/232038-DIMJ
DIMROM	DIMROM	findthisbest.com	HTTPS://WWW.FINDTHISBEST.COM/BRAND/91904-DIMROM
DINGFU	DINGFU	findthisbest.com	HTTPS://WWW.FINDTHISBEST.COM/BRAND/380511-DINGFU
DINGHOSEN	DINGHOSEN	findthisbest.com	HTTPS://WWW.FINDTHISBEST.COM/BRAND/22786-DINGHOSEN
DINOKA	DINOKA	findthisbest.com	HTTPS://WWW.FINDTHISBEST.COM/BRAND/848813-DINOKA
DIODIVA	DIODIVA	findthisbest.com	HTTPS://WWW.FINDTHISBEST.COM/BRAND/901702-DIODIVA
DIODRIO	DIODRIO	findthisbest.com	HTTPS://WWW.FINDTHISBEST.COM/BRAND/15725-DIODRIO
DIOUGENS	DIOUGENSLEE	findthisbest.com	HTTPS://WWW.FINDTHISBEST.COM/BRAND/90630-DIOUGENS-LEE
DIPLASTIBLE	DIPLASTIBLE	findthisbest.com	HTTPS://WWW.FINDTHISBEST.COM/BRAND/285885-DIPLASTIBLE
DIPUKI	DIPUKI	findthisbest.com	HTTPS://WWW.FINDTHISBEST.COM/BRAND/265899-DIPUKI
DISCOVERYOPT	DISCOVERYOPT	findthisbest.com	HTTPS://WWW.FINDTHISBEST.COM/BRAND/523674-DISCOVERYOPT
DISHIBEI	DISHIBEI	findthisbest.com	HTTPS://WWW.FINDTHISBEST.COM/BRAND/189439-DISHIBEI
DISINO	DISINO	findthisbest.com	HTTPS://WWW.FINDTHISBEST.COM/BRAND/295276-DISINO
DISOZA	DISOZA	findthisbest.com	HTTPS://WWW.FINDTHISBEST.COM/BRAND/885273-DISOZA
DISPANK	DISPANK	findthisbest.com	HTTPS://WWW.FINDTHISBEST.COM/BRAND/361174-DISPANK
DISPLAY4TOP	DISPLAY4TOP	findthisbest.com	HTTPS://WWW.FINDTHISBEST.COM/BRAND/118024-DISPLAY4TOP
DISTORE	DISTORE	findthisbest.com	HTTPS://WWW.FINDTHISBEST.COM/BRAND/648166-DISTORE
DISWOE	DISWOE	findthisbest.com	HTTPS://WWW.FINDTHISBEST.COM/BRAND/89692-DISWOE
DITAC	DITAC	findthisbest.com	HTTPS://WWW.FINDTHISBEST.COM/BRAND/581505-DITAC
DIVALIS	DIVALIS	findthisbest.com	HTTPS://WWW.FINDTHISBEST.COM/BRAND/296104-DIVALIS
DIVASTORY	DIVASTORY	findthisbest.com	HTTPS://WWW.FINDTHISBEST.COM/BRAND/261481-DIVASTORY
DIVERSEBEE	DIVERSEBEE	findthisbest.com	HTTPS://WWW.FINDTHISBEST.COM/BRAND/40365-DIVERSEBEE
DIXUN	DIISUNBIHUO	findthisbest.com	HTTPS://WWW.FINDTHISBEST.COM/BRAND/386073-DIISUNBIHUO
DIYEENI	DIYEENI	findthisbest.com	HTTPS://WWW.FINDTHISBEST.COM/BRAND/59094-DIYEENI
DIYIFE	DIYIFE	findthisbest.com	HTTPS://WWW.FINDTHISBEST.COM/BRAND/12671-DIYIFE
DIYJR	DIYJR	findthisbest.com	HTTPS://WWW.FINDTHISBEST.COM/BRAND/110753-DIY-JR
DIYKITPL	DIYKITPL	findthisbest.com	HTTPS://WWW.FINDTHISBEST.COM/BRAND/59931-DIYKITPL
DIZOKIZO	DIZOKIZO	findthisbest.com	HTTPS://WWW.FINDTHISBEST.COM/BRAND/316798-DIZOKIZO
DJSYLIFE	DJSYLIFE	findthisbest.com	HTTPS://WWW.FINDTHISBEST.COM/BRAND/160950-DJSYLIFE
DJTFASHION	DJTFASHION	findthisbest.com	HTTPS://WWW.FINDTHISBEST.COM/BRAND/196333-DJT-FASHION
DKMOTORK	DKMOTORK	findthisbest.com	HTTPS://WWW.FINDTHISBEST.COM/BRAND/77144-DKMOTORK
DLITIME	DLITIME	findthisbest.com	HTTPS://WWW.FINDTHISBEST.COM/BRAND/200408-DLITIME
DLSAVE	DLSAVE	findthisbest.com	HTTPS://WWW.FINDTHISBEST.COM/BRAND/95627-DLSAVE
DLSIXNCO	DLSIXNCO	findthisbest.com	HTTPS://WWW.FINDTHISBEST.COM/BRAND/874168-DLSIXNCO
DMDESIGNMASTER	DMDESIGNMASTER	findthisbest.com	HTTPS://WWW.FINDTHISBEST.COM/BRAND/911689-DM-DESIGNMASTER
DMKAOLLK	DMKAOLLK	findthisbest.com	HTTPS://WWW.FINDTHISBEST.COM/BRAND/337652-DMKAOLLK
DMOFHI	DMOFWHI	findthisbest.com	HTTPS://WWW.FINDTHISBEST.COM/BRAND/8218-DMOFWHI
DMSEWHOLESALE	DMSEWHOLESALE	findthisbest.com	HTTPS://WWW.FINDTHISBEST.COM/BRAND/146024-DMSE-WHOLESALE
DNNIAKM	DNNIAKM	findthisbest.com	HTTPS://WWW.FINDTHISBEST.COM/BRAND/838927-DNNIAKM
DNSSY	DNSSY	findthisbest.com	HTTPS://WWW.FINDTHISBEST.COM/BRAND/882898-DNSSY
DNYKER	DNYKER	findthisbest.com	HTTPS://WWW.FINDTHISBEST.COM/BRAND/23219-DNYKER
DO4U	DO4U	findthisbest.com	HTTPS://WWW.FINDTHISBEST.COM/BRAND/840914-DO4U
DOALBUN	DOALBUN	findthisbest.com	HTTPS://WWW.FINDTHISBEST.COM/BRAND/570459-DOALBUN
DOBOR	DOBOR	findthisbest.com	HTTPS://WWW.FINDTHISBEST.COM/BRAND/241854-DOBOR
DOBRASS	DOBRASS	findthisbest.com	HTTPS://WWW.FINDTHISBEST.COM/BRAND/397067-DOBRASS
DOCEAN	DOCEAN	findthisbest.com	HTTPS://WWW.FINDTHISBEST.COM/BRAND/466095-DOCEAN
DOCOO	DOCOO	findthisbest.com	HTTPS://WWW.FINDTHISBEST.COM/BRAND/296093-DOCOO
DOCTORDANIELLE	DOCTORDANIELLE	findthisbest.com	HTTPS://WWW.FINDTHISBEST.COM/BRAND/55598-DOCTOR-DANIELLE
DODAUG	DODAUG	findthisbest.com	HTTPS://WWW.FINDTHISBEST.COM/BRAND/529317-DODAUG
DODOMAGXANADU	DODOMAGXANADU	findthisbest.com	HTTPS://WWW.FINDTHISBEST.COM/BRAND/13221-DODOMAGXANADU
DODOMES	DODOMES	findthisbest.com	HTTPS://WWW.FINDTHISBEST.COM/BRAND/531851-DODOMES
DOFAOO	DOFAOO	findthisbest.com	HTTPS://WWW.FINDTHISBEST.COM/BRAND/434417-DOFAOO
DOFUHEM	DOFUHEM	findthisbest.com	HTTPS://WWW.FINDTHISBEST.COM/BRAND/486151-DOFUHEM
DOGRIVERTOOLS	DOGRIVERTOOLS	findthisbest.com	HTTPS://WWW.FINDTHISBEST.COM/BRAND/39609-DOG-RIVER-TOOLS
DOHELLY	DOHELLY	findthisbest.com	HTTPS://WWW.FINDTHISBEST.COM/BRAND/901900-DOHELLY
DOIAZ	DOIAZ	findthisbest.com	HTTPS://WWW.FINDTHISBEST.COM/BRAND/876128-DOIAZ
DOICOO	DOICOO	findthisbest.com	HTTPS://WWW.FINDTHISBEST.COM/BRAND/89682-DOICOO
DOKAWORLD	DOKAWORLD	findthisbest.com	HTTPS://WWW.FINDTHISBEST.COM/BRAND/283505-DOKAWORLD
DOKHVOT	DOKOT	findthisbest.com	HTTPS://WWW.FINDTHISBEST.COM/BRAND/149983-DOKOT
DOKKIA	DOKKIA	findthisbest.com	HTTPS://WWW.FINDTHISBEST.COM/BRAND/498240-DOKKIA
DOLANUS	DOLANUS	findthisbest.com	HTTPS://WWW.FINDTHISBEST.COM/BRAND/569743-DOLANUS
DOLIROX	DOLIROX	findthisbest.com	HTTPS://WWW.FINDTHISBEST.COM/BRAND/4073-DOLIROX
DOMALLK	DOMALLK	findthisbest.com	HTTPS://WWW.FINDTHISBEST.COM/BRAND/256841-DOMALLK
DOMANKI	DOMANKI	findthisbest.com	HTTPS://WWW.FINDTHISBEST.COM/BRAND/880911-DOMANKI
DOMDEC	DOMDEC	findthisbest.com	HTTPS://WWW.FINDTHISBEST.COM/BRAND/233898-DOMDEC
DOMESIS	DOMESIS	findthisbest.com	HTTPS://WWW.FINDTHISBEST.COM/BRAND/292194-DOMESIS
DOMETOOL	DOMETOOL	findthisbest.com	HTTPS://WWW.FINDTHISBEST.COM/BRAND/74024-DOMETOOL
DONEPART	DONEPART	findthisbest.com	HTTPS://WWW.FINDTHISBEST.COM/BRAND/95606-DONEPART
DONGYU	DONGYU	findthisbest.com	HTTPS://WWW.FINDTHISBEST.COM/BRAND/335719-DONGYU
DONIKS	DONIKS	findthisbest.com	HTTPS://WWW.FINDTHISBEST.COM/BRAND/285084-DONIKS
DONOBA	DONOBA	findthisbest.com	HTTPS://WWW.FINDTHISBEST.COM/BRAND/618645-DONOBA
DONOUCLS	DONOUCLS	findthisbest.com	HTTPS://WWW.FINDTHISBEST.COM/BRAND/67171-DONOUCLS
DONSU	DONSU	findthisbest.com	HTTPS://WWW.FINDTHISBEST.COM/BRAND/37582-DONSU
DONTDIEINTHEWOODS	DONTDIEINTHEWOODS	findthisbest.com	HTTPS://WWW.FINDTHISBEST.COM/BRAND/858768-DONT-DIE-IN-THE-WOODS
DONWORD	DONWORD	findthisbest.com	HTTPS://WWW.FINDTHISBEST.COM/BRAND/96949-DONWORD
DONYER	DONYERPOWER	findthisbest.com	HTTPS://WWW.FINDTHISBEST.COM/BRAND/43341-DONYER-POWER
DONYERPOWER	DONYERPOWER	findthisbest.com	HTTPS://WWW.FINDTHISBEST.COM/BRAND/43341-DONYER-POWER
DONYOUNG	DONYOUNG	findthisbest.com	HTTPS://WWW.FINDTHISBEST.COM/BRAND/80740-DONYOUNG
DOORADAR	DOORADAR	findthisbest.com	HTTPS://WWW.FINDTHISBEST.COM/BRAND/841178-DOORADAR
DOPAKE	DOPAKE	findthisbest.com	HTTPS://WWW.FINDTHISBEST.COM/BRAND/69393-DOPAKE
DOPPELGANGER33LTD	DOPPELGANGER33LTD	findthisbest.com	HTTPS://WWW.FINDTHISBEST.COM/BRAND/420009-DOPPELGANGER33-LTD
DOPUDO	DOPUDO	findthisbest.com	HTTPS://WWW.FINDTHISBEST.COM/BRAND/430929-DOPUDO
DORRSOZ	MOSKILA	findthisbest.com	HTTPS://WWW.FINDTHISBEST.COM/BRAND/207661-MOSKILA
DOSKJOK	DOSKJOK	findthisbest.com	HTTPS://WWW.FINDTHISBEST.COM/BRAND/373705-DOSKJOK
DOTTMON	DOTON	findthisbest.com	HTTPS://WWW.FINDTHISBEST.COM/BRAND/487325-DOTTMON
DOUBLEWHALE	DOUBLEWHALE	findthisbest.com	HTTPS://WWW.FINDTHISBEST.COM/BRAND/8310-DOUBLEWHALE
DOUHAO	DOUHAO	findthisbest.com	HTTPS://WWW.FINDTHISBEST.COM/BRAND/506724-DOUHAO
DOUXURY	DOUXURY	findthisbest.com	HTTPS://WWW.FINDTHISBEST.COM/BRAND/288171-DOUXURY
DOYOKY	DOYOKY	findthisbest.com	HTTPS://WWW.FINDTHISBEST.COM/BRAND/569821-DOYOKY
DPERLLA	DPERLLA	findthisbest.com	HTTPS://WWW.FINDTHISBEST.COM/BRAND/583583-DPERLLA
DQBAOKUAN	DQBAOKUAN	findthisbest.com	HTTPS://WWW.FINDTHISBEST.COM/BRAND/479741-DQBAOKUAN
DRACULEXTREME	DRACULEXTREME	findthisbest.com	HTTPS://WWW.FINDTHISBEST.COM/BRAND/76957-DRACULEXTREME
DRAGONMALL	DRAGONMALLGOURMET	findthisbest.com	HTTPS://WWW.FINDTHISBEST.COM/BRAND/64715-DRAGONMALL-GOURMET
DRAWGREEN	DRAWGREEN	findthisbest.com	HTTPS://WWW.FINDTHISBEST.COM/BRAND/247102-DRAWGREEN
DRBETREE	DRBETREE	findthisbest.com	HTTPS://WWW.FINDTHISBEST.COM/BRAND/480475-DRBETREE
DRCARNOW	DRCARNOW	findthisbest.com	HTTPS://WWW.FINDTHISBEST.COM/BRAND/642559-DRCARNOW
DRCATCH	DRCATCH	findthisbest.com	HTTPS://WWW.FINDTHISBEST.COM/BRAND/366594-DR-CATCH
DRCHOP	DRCHOP	findthisbest.com	HTTPS://WWW.FINDTHISBEST.COM/BRAND/284637-DRCHOP
DREAMCOUNTRY	DREAMCOUNTRY	findthisbest.com	HTTPS://WWW.FINDTHISBEST.COM/BRAND/6699-DREAMCOUNTRY
DREAMFIELDLINEN	DREAMFIELDLINEN	findthisbest.com	HTTPS://WWW.FINDTHISBEST.COM/BRAND/410622-DREAMFIELD-LINEN
DREAMHAX	DREAMHAX	findthisbest.com	HTTPS://WWW.FINDTHISBEST.COM/BRAND/340829-DREAMHAX
DREAMHIGH	DREAMHIGH	findthisbest.com	HTTPS://WWW.FINDTHISBEST.COM/BRAND/135840-DREAMHIGH
DREAMLASCAR	DREAMLASCAR	findthisbest.com	HTTPS://WWW.FINDTHISBEST.COM/BRAND/233648-DREAMLASCAR
DREAMSBE	DREAMSBE	findthisbest.com	HTTPS://WWW.FINDTHISBEST.COM/BRAND/15136-DREAMSBE
DREAMVAN	DREAMVAN	findthisbest.com	HTTPS://WWW.FINDTHISBEST.COM/BRAND/91049-DREAMVAN
DREAVIO	DREAVIO	findthisbest.com	HTTPS://WWW.FINDTHISBEST.COM/BRAND/893276-DREAVIO
DRELD	DRELD	findthisbest.com	HTTPS://WWW.FINDTHISBEST.COM/BRAND/75317-DRELD
DREMISLAND	DREMISLAND	findthisbest.com	HTTPS://WWW.FINDTHISBEST.COM/BRAND/68014-DREMISLAND
DREVET	DREVET	findthisbest.com	HTTPS://WWW.FINDTHISBEST.COM/BRAND/836504-DREVET
DREYOO	DREYOO	findthisbest.com	HTTPS://WWW.FINDTHISBEST.COM/BRAND/386322-DREYOO
DRGREENPANDA	DRGREENPANDA	findthisbest.com	HTTPS://WWW.FINDTHISBEST.COM/BRAND/676043-DRGREENPANDA
DRHOWS	DRHOWS	findthisbest.com	HTTPS://WWW.FINDTHISBEST.COM/BRAND/510389-DRHOWS
DRIDDLE	DRIDDLE	findthisbest.com	HTTPS://WWW.FINDTHISBEST.COM/BRAND/26732-DRIDDLE
DRIFTMANIAC	DRIFTMANIAC	findthisbest.com	HTTPS://WWW.FINDTHISBEST.COM/BRAND/28250-DRIFT-MANIAC
DRILLHULK	DRILLHULK	findthisbest.com	HTTPS://WWW.FINDTHISBEST.COM/BRAND/250910-DRILL-HULK
DRIMFLY	DRIMFLY	findthisbest.com	HTTPS://WWW.FINDTHISBEST.COM/BRAND/873509-DRIMFLY
DRMILLS	DRMILLS	findthisbest.com	HTTPS://WWW.FINDTHISBEST.COM/BRAND/32931-DR-MILLS
DRMODE	DRMODE	findthisbest.com	HTTPS://WWW.FINDTHISBEST.COM/BRAND/52783-DR-MODE
DRMOMOTOSCOPES	DRMOMOTOSCOPES	findthisbest.com	HTTPS://WWW.FINDTHISBEST.COM/BRAND/45372-DR-MOM-OTOSCOPES
DROMIX	DROMIX	findthisbest.com	HTTPS://WWW.FINDTHISBEST.COM/BRAND/545270-DROMIX
DRONEEYE	DRONEEYE	findthisbest.com	HTTPS://WWW.FINDTHISBEST.COM/BRAND/257747-DRONEEYE
DROPERPROTE	DROPERPROTE	findthisbest.com	HTTPS://WWW.FINDTHISBEST.COM/BRAND/565212-DROPERPROTE
DROPSKY	DROPSKY	findthisbest.com	HTTPS://WWW.FINDTHISBEST.COM/BRAND/6266-DROPSKY
DROSBEY	DROSBEY	findthisbest.com	HTTPS://WWW.FINDTHISBEST.COM/BRAND/80167-DROSBEY
DRRYFSH	DRRYFSH	findthisbest.com	HTTPS://WWW.FINDTHISBEST.COM/BRAND/914295-DRRYFSH
DRSN	DRSN	findthisbest.com	HTTPS://WWW.FINDTHISBEST.COM/BRAND/107819-DRSN
DRUANG	DRUANG	findthisbest.com	HTTPS://WWW.FINDTHISBEST.COM/BRAND/285022-DRUANG
DRWOW	DRWOW	findthisbest.com	HTTPS://WWW.FINDTHISBEST.COM/BRAND/110428-DRWOW
DRYMOKINI	DRYMOKINI	findthisbest.com	HTTPS://WWW.FINDTHISBEST.COM/BRAND/486372-DRYMOKINI
DSDZKJ	DSDZ	findthisbest.com	HTTPS://WWW.FINDTHISBEST.COM/BRAND/100108-DSDZ
DSHMIXIA	DSHMIXIA	findthisbest.com	HTTPS://WWW.FINDTHISBEST.COM/BRAND/397537-DSHMIXIA
DSKEUZEEW	DSKEUZEEW	findthisbest.com	HTTPS://WWW.FINDTHISBEST.COM/BRAND/680664-DSKEUZEEW
DSLEAF	DSLEAF	findthisbest.com	HTTPS://WWW.FINDTHISBEST.COM/BRAND/363361-DSLEAF
DSPITWOD	DSPITWOD	findthisbest.com	HTTPS://WWW.FINDTHISBEST.COM/BRAND/607239-DSPITWOD
DSTFUY	DSTFUY	findthisbest.com	HTTPS://WWW.FINDTHISBEST.COM/BRAND/314693-DSTFUY
DTHPANDA	DTHPANDA	findthisbest.com	HTTPS://WWW.FINDTHISBEST.COM/BRAND/349883-DTH-PANDA
DTSCIMPORTS	DTSCIMPORTS	findthisbest.com	HTTPS://WWW.FINDTHISBEST.COM/BRAND/178324-DTSC-IMPORTS
DUBANJOWE	DUBANJOWE	findthisbest.com	HTTPS://WWW.FINDTHISBEST.COM/BRAND/460877-DUBANJOWE
DUCTURBO	DUCTURBO	findthisbest.com	HTTPS://WWW.FINDTHISBEST.COM/BRAND/915398-DUCTURBO
DUCUH	DUCUH	findthisbest.com	HTTPS://WWW.FINDTHISBEST.COM/BRAND/888273-DUCUH
DUCURT	DUCURT	findthisbest.com	HTTPS://WWW.FINDTHISBEST.COM/BRAND/525765-DUCURT
DUDSOEHO	DUDSOEHO	findthisbest.com	HTTPS://WWW.FINDTHISBEST.COM/BRAND/446779-DUDSOEHO
DUFDAUIO	DUIDO	findthisbest.com	HTTPS://WWW.FINDTHISBEST.COM/BRAND/48169-DUIDO
DUGATO	DUGATO	findthisbest.com	HTTPS://WWW.FINDTHISBEST.COM/BRAND/43618-DUGATO
DUIDO	DUIDO	findthisbest.com	HTTPS://WWW.FINDTHISBEST.COM/BRAND/48169-DUIDO
DUJAHMLAND	DUJAHMLAND	findthisbest.com	HTTPS://WWW.FINDTHISBEST.COM/BRAND/536826-DUJAHMLAND
DUJEN	DUJEN	findthisbest.com	HTTPS://WWW.FINDTHISBEST.COM/BRAND/517797-DUJEN
DUKETRAYS	DUKETRAYS	findthisbest.com	HTTPS://WWW.FINDTHISBEST.COM/BRAND/230164-DUKE-TRAYS
DULASEED	DULASEED	findthisbest.com	HTTPS://WWW.FINDTHISBEST.COM/BRAND/531175-DULASEED
DULCEDOMI	DULCEDOM	findthisbest.com	HTTPS://WWW.FINDTHISBEST.COM/BRAND/225476-DULCE-DOM
DULCII	DULCII	findthisbest.com	HTTPS://WWW.FINDTHISBEST.COM/BRAND/235473-DULCII
DULFINE	DULFINE	findthisbest.com	HTTPS://WWW.FINDTHISBEST.COM/BRAND/281881-DULFINE
DULUDA	DULUDA	findthisbest.com	HTTPS://WWW.FINDTHISBEST.COM/BRAND/288496-DULUDA
DULUMS	DULUMS	findthisbest.com	HTTPS://WWW.FINDTHISBEST.COM/BRAND/864666-DULUMS
DUMEALAGR	DUMEALAGR	findthisbest.com	HTTPS://WWW.FINDTHISBEST.COM/BRAND/353590-DUMEALAGR
DUMMA	DUMMA	findthisbest.com	HTTPS://WWW.FINDTHISBEST.COM/BRAND/461568-DUMMA
DUMOYI	DUMOYI	findthisbest.com	HTTPS://WWW.FINDTHISBEST.COM/BRAND/617934-DUMOYI
DUNEACH	DUNEACH	findthisbest.com	HTTPS://WWW.FINDTHISBEST.COM/BRAND/382433-DUNEACH
DUOAN	DUOAN	findthisbest.com	HTTPS://WWW.FINDTHISBEST.COM/BRAND/474119-DUOAN
DUOGAOTE	DUODUO	findthisbest.com	HTTPS://WWW.FINDTHISBEST.COM/BRAND/403565-DUODUO
DUOLUV	DUOLUV	findthisbest.com	HTTPS://WWW.FINDTHISBEST.COM/BRAND/15988-DUOLUV
DUOMIER	DUOMAY	findthisbest.com	HTTPS://WWW.FINDTHISBEST.COM/BRAND/378360-DUOMAY
DUOMILEE	DUOMAY	findthisbest.com	HTTPS://WWW.FINDTHISBEST.COM/BRAND/378360-DUOMAY
DUOMSPIACE	DUOMAY	findthisbest.com	HTTPS://WWW.FINDTHISBEST.COM/BRAND/378360-DUOMAY
DUORIME	DUORIME	findthisbest.com	HTTPS://WWW.FINDTHISBEST.COM/BRAND/13820-DUORIME
DURAHOME	DURAHOME	findthisbest.com	HTTPS://WWW.FINDTHISBEST.COM/BRAND/66282-DURAHOME
DURAHONN	DURAHONN	findthisbest.com	HTTPS://WWW.FINDTHISBEST.COM/BRAND/880874-DURAHONN
DURATPE	DURATPE	findthisbest.com	HTTPS://WWW.FINDTHISBEST.COM/BRAND/104081-DURATPE
DURAWECOMPANY	DURAWECOMPANY	findthisbest.com	HTTPS://WWW.FINDTHISBEST.COM/BRAND/88936-DURAWE-COMPANY
DUREIDOS	DUREIDOS	findthisbest.com	HTTPS://WWW.FINDTHISBEST.COM/BRAND/544588-DUREIDOS
DUSISHIDAN	DUSISHIDAN	findthisbest.com	HTTPS://WWW.FINDTHISBEST.COM/BRAND/28483-DUSISHIDAN
DUSKTEC	DUSKTEC	findthisbest.com	HTTPS://WWW.FINDTHISBEST.COM/BRAND/828079-DUSKTEC
DUSVALLY	DUSVALLY	findthisbest.com	HTTPS://WWW.FINDTHISBEST.COM/BRAND/886389-DUSVALLY
DUTYMARK	DUTYMARK	findthisbest.com	HTTPS://WWW.FINDTHISBEST.COM/BRAND/58932-DUTYMARK
DUTYONE	DUTYONE	findthisbest.com	HTTPS://WWW.FINDTHISBEST.COM/BRAND/301903-DUTYONE
DVISUV	COLIGHT	findthisbest.com	HTTPS://WWW.FINDTHISBEST.COM/BRAND/834523-CO-LIGHT
DVNLEARNING	DVNLEARNING	findthisbest.com	HTTPS://WWW.FINDTHISBEST.COM/BRAND/878461-DVN-LEARNING
DWELLINGWITHPRIDE	DWELLINGWITHPRIDE	findthisbest.com	HTTPS://WWW.FINDTHISBEST.COM/BRAND/350268-DWELLING-WITH-PRIDE
DXLOVER	DXLOVER	findthisbest.com	HTTPS://WWW.FINDTHISBEST.COM/BRAND/36960-DXLOVER
DXOPHIEX	DXOPHIEX	findthisbest.com	HTTPS://WWW.FINDTHISBEST.COM/BRAND/346057-DXOPHIEX
DXTON	DXTON	findthisbest.com	HTTPS://WWW.FINDTHISBEST.COM/BRAND/81834-DXTON
DYALLEE	DYALLEE	findthisbest.com	HTTPS://WWW.FINDTHISBEST.COM/BRAND/192103-DYALLEE
DYBAXA	DYBAXA	findthisbest.com	HTTPS://WWW.FINDTHISBEST.COM/BRAND/620163-DYBAXA
DYINEEFY	DYONERY	findthisbest.com	HTTPS://WWW.FINDTHISBEST.COM/BRAND/803950-DYONERY
DYKESON	DYKESON	findthisbest.com	HTTPS://WWW.FINDTHISBEST.COM/BRAND/868886-DYKESON
DYNACRAFTBSCINCDROPSHIP	DYNACRAFT	findthisbest.com	HTTPS://WWW.FINDTHISBEST.COM/BRAND/3202-DYNACRAFT
DYNALIVING	DYNALIVING	findthisbest.com	HTTPS://WWW.FINDTHISBEST.COM/BRAND/31603-DYNA-LIVING
DYNOFIT	DYNOFIT	findthisbest.com	HTTPS://WWW.FINDTHISBEST.COM/BRAND/89250-DYNOFIT
DYNYBOT	DYNYBOT	findthisbest.com	HTTPS://WWW.FINDTHISBEST.COM/BRAND/640243-DYNYBOT
DYZERYK	DYZERYK	findthisbest.com	HTTPS://WWW.FINDTHISBEST.COM/BRAND/24505-DYZERYK
DZG	DZG	findthisbest.com	HTTPS://WWW.FINDTHISBEST.COM/BRAND/287492-DZG
E2HEARTHTOHUMANS	E2HEARTHTOHUMANS	findthisbest.com	HTTPS://WWW.FINDTHISBEST.COM/BRAND/55534-E2H-EARTH-TO-HUMANS
EACHO	EACHO	findthisbest.com	HTTPS://WWW.FINDTHISBEST.COM/BRAND/474418-EACHO
EACHPAI	EACHPAI	findthisbest.com	HTTPS://WWW.FINDTHISBEST.COM/BRAND/535303-EACHPAI
EACHPOLE	EACHPOLE	findthisbest.com	HTTPS://WWW.FINDTHISBEST.COM/BRAND/7501-EACHPOLE
EACHSHOT	EACHSHOT	findthisbest.com	HTTPS://WWW.FINDTHISBEST.COM/BRAND/24710-EACHSHOT
EACONN	EACONN	findthisbest.com	HTTPS://WWW.FINDTHISBEST.COM/BRAND/898458-EACONN
EAGEGOF	EAGEGOF	findthisbest.com	HTTPS://WWW.FINDTHISBEST.COM/BRAND/400743-EAGEGOF
EAGGLEW	EAGGLEW	findthisbest.com	HTTPS://WWW.FINDTHISBEST.COM/BRAND/66808-EAGGLEW
EAGLESHINEVITAMINS	EAGLESHINEVITAMINS	findthisbest.com	HTTPS://WWW.FINDTHISBEST.COM/BRAND/44712-EAGLESHINE-VITAMINS
EAGOUDIARY	EAGOUDIARY	findthisbest.com	HTTPS://WWW.FINDTHISBEST.COM/BRAND/47688-EAGOU-DIARY
EALLMALL	EALLMALL	findthisbest.com	HTTPS://WWW.FINDTHISBEST.COM/BRAND/872088-EALLMALL
EAPUDUN	EAPUDUN	findthisbest.com	HTTPS://WWW.FINDTHISBEST.COM/BRAND/315336-EAPUDUN
EARLDIAMOND	EARLDIAMOND	findthisbest.com	HTTPS://WWW.FINDTHISBEST.COM/BRAND/120465-EARL-DIAMOND
EARLFAMILY	EARLFAMILY	findthisbest.com	HTTPS://WWW.FINDTHISBEST.COM/BRAND/280570-EARLFAMILY
EARNESTLIVING	EARNESTLIVING	findthisbest.com	HTTPS://WWW.FINDTHISBEST.COM/BRAND/259938-EARNEST-LIVING
EARROCK	EARROCK	findthisbest.com	HTTPS://WWW.FINDTHISBEST.COM/BRAND/484211-EARROCK
EARTEANA	EARTEANA	findthisbest.com	HTTPS://WWW.FINDTHISBEST.COM/BRAND/376398-EARTEANA
EARTHALL	EARTHALL	findthisbest.com	HTTPS://WWW.FINDTHISBEST.COM/BRAND/178868-EARTHALL
EASARS	EASARS	findthisbest.com	HTTPS://WWW.FINDTHISBEST.COM/BRAND/493075-EASARS
EASDMN	EASDMN	findthisbest.com	HTTPS://WWW.FINDTHISBEST.COM/BRAND/561995-EASDMN
EASEHOLD	EASEHOLD	findthisbest.com	HTTPS://WWW.FINDTHISBEST.COM/BRAND/4661-EASEHOLD
EASIBBQ	EASIBBQ	findthisbest.com	HTTPS://WWW.FINDTHISBEST.COM/BRAND/439281-EASIBBQ
EASIMGO	NISPOTDOR	findthisbest.com	HTTPS://WWW.FINDTHISBEST.COM/BRAND/264933-NISPOTDOR
EASJOY	EASJOY	findthisbest.com	HTTPS://WWW.FINDTHISBEST.COM/BRAND/201989-EASJOY
EASMA	EASMA	findthisbest.com	HTTPS://WWW.FINDTHISBEST.COM/BRAND/472695-EASMA
EASTINEAR	EASTINEAR	findthisbest.com	HTTPS://WWW.FINDTHISBEST.COM/BRAND/360666-EASTINEAR
EASTSHINE	EASTSHINE	findthisbest.com	HTTPS://WWW.FINDTHISBEST.COM/BRAND/60524-EASTSHINE
EASTSURE	EASTSURE	findthisbest.com	HTTPS://WWW.FINDTHISBEST.COM/BRAND/225052-EASTSURE
EASTYLE	EASTYLE	findthisbest.com	HTTPS://WWW.FINDTHISBEST.COM/BRAND/854007-EASTYLE
EASYEAST	EASYEAST	findthisbest.com	HTTPS://WWW.FINDTHISBEST.COM/BRAND/88288-EASYEAST
EASYGLEAM	EASYGLEAM	findthisbest.com	HTTPS://WWW.FINDTHISBEST.COM/BRAND/480797-EASY-GLEAM
EASYLIFE185	EASYLIFE185	findthisbest.com	HTTPS://WWW.FINDTHISBEST.COM/BRAND/228587-EASYLIFE185
EASYMOO	EASYMOO	findthisbest.com	HTTPS://WWW.FINDTHISBEST.COM/BRAND/674455-EASYMOO
EASYOB	EASYOB	findthisbest.com	HTTPS://WWW.FINDTHISBEST.COM/BRAND/349859-EASYOB
EASYTAKE	ENCIRONEASYTAKE	findthisbest.com	HTTPS://WWW.FINDTHISBEST.COM/BRAND/565636-ENCIRON-EASYTAKE
EASYTLE	EASYTLE	findthisbest.com	HTTPS://WWW.FINDTHISBEST.COM/BRAND/8865-EASYTLE
EATMUNCHIEBOX	EATMUNCHIEBOX	findthisbest.com	HTTPS://WWW.FINDTHISBEST.COM/BRAND/336851-EAT-MUNCHIE-BOX
EAVD	EAVD	findthisbest.com	HTTPS://WWW.FINDTHISBEST.COM/BRAND/391649-EAVD
EAZART	EAZART	findthisbest.com	HTTPS://WWW.FINDTHISBEST.COM/BRAND/450914-EAZART
EAZIEPLUS	EAZIEPLUS	findthisbest.com	HTTPS://WWW.FINDTHISBEST.COM/BRAND/407641-EAZIEPLUS
EBAVITE	EBAVITE	findthisbest.com	HTTPS://WWW.FINDTHISBEST.COM/BRAND/370764-E-BAVITE
EBKAROCY	EBKAROCY	findthisbest.com	HTTPS://WWW.FINDTHISBEST.COM/BRAND/713456-EBKAROCY
EBUNS	EBUNS	findthisbest.com	HTTPS://WWW.FINDTHISBEST.COM/BRAND/33745-EBUNS
EBUYFIRE	EBUYFIRE	findthisbest.com	HTTPS://WWW.FINDTHISBEST.COM/BRAND/31419-EBUYFIRE
ECCRIS	ECCRIS	findthisbest.com	HTTPS://WWW.FINDTHISBEST.COM/BRAND/892225-ECCRIS
ECHALLENGE	ECHALLENGE	findthisbest.com	HTTPS://WWW.FINDTHISBEST.COM/BRAND/576874-ECHALLENGE
ECHEFS	ECHEFS	findthisbest.com	HTTPS://WWW.FINDTHISBEST.COM/BRAND/383125-ECHEFS
ECHIQ	ECHIQ	findthisbest.com	HTTPS://WWW.FINDTHISBEST.COM/BRAND/47678-ECHIQ
ECHOSEREIN	ECHOSEREIN	findthisbest.com	HTTPS://WWW.FINDTHISBEST.COM/BRAND/511439-ECHOSEREIN
ECLOUDSHOPUS	ECLOUDSHOP	findthisbest.com	HTTPS://WWW.FINDTHISBEST.COM/BRAND/359404-ECLOUD-SHOP
ECMLN	ECMLN	findthisbest.com	HTTPS://WWW.FINDTHISBEST.COM/BRAND/215932-ECMLN
ECOANGEL	ECOANGEL	findthisbest.com	HTTPS://WWW.FINDTHISBEST.COM/BRAND/864144-ECOANGEL
ECOEY	ECOEY	findthisbest.com	HTTPS://WWW.FINDTHISBEST.COM/BRAND/316455-ECOEY
ECOFRENZY	ECOFRENZY	findthisbest.com	HTTPS://WWW.FINDTHISBEST.COM/BRAND/6471-ECOFRENZY
ECOLINERUSA	ECOLINERUSA	findthisbest.com	HTTPS://WWW.FINDTHISBEST.COM/BRAND/784556-ECOLINER-USA
ECOMADEARENA	ECOMADEARENA	findthisbest.com	HTTPS://WWW.FINDTHISBEST.COM/BRAND/715907-ECOMADE-ARENA
ECONOOK	ECONOOK	findthisbest.com	HTTPS://WWW.FINDTHISBEST.COM/BRAND/879044-ECONOOK
ECOPROVENT	ECOPROVENT	findthisbest.com	HTTPS://WWW.FINDTHISBEST.COM/BRAND/301972-ECOPRO-VENT
ECOWIN	ECOWIN	findthisbest.com	HTTPS://WWW.FINDTHISBEST.COM/BRAND/227269-ECOWIN
ECOWLBOY9	ECOWLBOY	findthisbest.com	HTTPS://WWW.FINDTHISBEST.COM/BRAND/132756-E-COWLBOY
ECOXALL	ECOXALL	findthisbest.com	HTTPS://WWW.FINDTHISBEST.COM/BRAND/103172-ECOXALL
ECOXALLCHEMICALS	ECOXALLCHEMICALS	findthisbest.com	HTTPS://WWW.FINDTHISBEST.COM/BRAND/103177-ECOXALL-CHEMICALS
ECOYOU	ECOYOU	findthisbest.com	HTTPS://WWW.FINDTHISBEST.COM/BRAND/912229-ECOYOU
ECTBICYK	ECTBICYK	findthisbest.com	HTTPS://WWW.FINDTHISBEST.COM/BRAND/846544-ECTBICYK
ECTY	ECTY	findthisbest.com	HTTPS://WWW.FINDTHISBEST.COM/BRAND/341858-ECTY
EDEALING	EDEALING	findthisbest.com	HTTPS://WWW.FINDTHISBEST.COM/BRAND/118521-EDEALING
EDENBROKE	EDENBROOK	findthisbest.com	HTTPS://WWW.FINDTHISBEST.COM/BRAND/271889-EDENBROOK
EDENBROOKWINDSOR	EDENBROOK	findthisbest.com	HTTPS://WWW.FINDTHISBEST.COM/BRAND/271889-EDENBROOK
EDIBLETHINGZ	EDIBLETHINGZ	findthisbest.com	HTTPS://WWW.FINDTHISBEST.COM/BRAND/820942-EDIBLETHINGZ
EDIER	EDIER	findthisbest.com	HTTPS://WWW.FINDTHISBEST.COM/BRAND/402808-EDIER
EDIKANI	EDIKANI	findthisbest.com	HTTPS://WWW.FINDTHISBEST.COM/BRAND/894031-EDIKANI
EDIORS	EDIORS	findthisbest.com	HTTPS://WWW.FINDTHISBEST.COM/BRAND/38501-EDIORS
EDISONPAR	EDISONPAR	findthisbest.com	HTTPS://WWW.FINDTHISBEST.COM/BRAND/480429-EDISONPAR
EDKBRANDS	EDK	findthisbest.com	HTTPS://WWW.FINDTHISBEST.COM/BRAND/891503-EDK
EDLDECCO	EDLDECCO	findthisbest.com	HTTPS://WWW.FINDTHISBEST.COM/BRAND/112506-EDLDECCO
EDMAXWELL	EDMAXWELL	findthisbest.com	HTTPS://WWW.FINDTHISBEST.COM/BRAND/343314-EDMAXWELL
EDMAXWELLCHARAHOME	EDMAXWELL	findthisbest.com	HTTPS://WWW.FINDTHISBEST.COM/BRAND/343314-EDMAXWELL
EDOTFISH	EDOTFISH	findthisbest.com	HTTPS://WWW.FINDTHISBEST.COM/BRAND/909394-EDOTFISH
EDTISKE	EDTISKE	findthisbest.com	HTTPS://WWW.FINDTHISBEST.COM/BRAND/834488-EDTISKE
EDUCIRO	EDUCIRO	findthisbest.com	HTTPS://WWW.FINDTHISBEST.COM/BRAND/579485-EDUCIRO
EDWARDTOOLS	EDWARDTOOLS	findthisbest.com	HTTPS://WWW.FINDTHISBEST.COM/BRAND/7212-EDWARD-TOOLS
EDWARMLUX	EDWARMLUX	findthisbest.com	HTTPS://WWW.FINDTHISBEST.COM/BRAND/880562-EDWARMLUX
EEASIECOM	EEASIECOM	findthisbest.com	HTTPS://WWW.FINDTHISBEST.COM/BRAND/304095-E-EASIECOM
EEAULD	EEAULD	findthisbest.com	HTTPS://WWW.FINDTHISBEST.COM/BRAND/343925-EEAULD
EEGOOZ	EEGOOZ	findthisbest.com	HTTPS://WWW.FINDTHISBEST.COM/BRAND/66519-E-EGOOZ
EENOUR	EENOUR	findthisbest.com	HTTPS://WWW.FINDTHISBEST.COM/BRAND/675264-EENOUR
EENTEN	EENTEN	findthisbest.com	HTTPS://WWW.FINDTHISBEST.COM/BRAND/817562-EENTEN
EERONS	EERONS	findthisbest.com	HTTPS://WWW.FINDTHISBEST.COM/BRAND/641690-EERONS
EFAN	EFAN	findthisbest.com	HTTPS://WWW.FINDTHISBEST.COM/BRAND/154787-EFAN
EFFICERE	EFFICERE	findthisbest.com	HTTPS://WWW.FINDTHISBEST.COM/BRAND/13421-EFFICERE
EFFIELER	EFFIELER	findthisbest.com	HTTPS://WWW.FINDTHISBEST.COM/BRAND/506883-EFFIELER
EFFLEMOUR	EFFLEMOUR	findthisbest.com	HTTPS://WWW.FINDTHISBEST.COM/BRAND/858554-EFFLEMOUR
EFINEHOME	EFINEHOME	findthisbest.com	HTTPS://WWW.FINDTHISBEST.COM/BRAND/249724-EFINEHOME
EFOLEN	EFOLEN	findthisbest.com	HTTPS://WWW.FINDTHISBEST.COM/BRAND/307705-EFOLEN
EFUSING	EFUSING	findthisbest.com	HTTPS://WWW.FINDTHISBEST.COM/BRAND/243304-EFUSING
EFUTONPRO	EFUTONPRO	findthisbest.com	HTTPS://WWW.FINDTHISBEST.COM/BRAND/294698-EFUTONPRO
EGASONA	EGOSAN	findthisbest.com	HTTPS://WWW.FINDTHISBEST.COM/BRAND/366806-EGOSAN
EGENVELOPEGALLERY	EGENVELOPEGALLERY	findthisbest.com	HTTPS://WWW.FINDTHISBEST.COM/BRAND/203334-EG-ENVELOPE-GALLERY
EGETOTA	EGETOTA	findthisbest.com	HTTPS://WWW.FINDTHISBEST.COM/BRAND/354338-EGETOTA
EGOELIFE	EGOELIFE	findthisbest.com	HTTPS://WWW.FINDTHISBEST.COM/BRAND/137681-EGOELIFE
EGRETSHOWER	EGRETSHOWER	findthisbest.com	HTTPS://WWW.FINDTHISBEST.COM/BRAND/153153-EGRETSHOWER
EGUKU	EGUKU	findthisbest.com	HTTPS://WWW.FINDTHISBEST.COM/BRAND/401790-EGUKU
EHEELP	EHEELP	findthisbest.com	HTTPS://WWW.FINDTHISBEST.COM/BRAND/262901-E-HEELP
EIDWAY	EIDWAY	findthisbest.com	HTTPS://WWW.FINDTHISBEST.COM/BRAND/293539-EIDWAY
EIENKALIFORUA	EIENKALIFORUA	findthisbest.com	HTTPS://WWW.FINDTHISBEST.COM/BRAND/508912-EIEN-KALIFORUA
EIGRAMSET	EIGRAMSET	findthisbest.com	HTTPS://WWW.FINDTHISBEST.COM/BRAND/658511-EIGRAMSET
EIIEL	EIIEL	findthisbest.com	HTTPS://WWW.FINDTHISBEST.COM/BRAND/519596-EIIEL
EILIKS	EILIKS	findthisbest.com	HTTPS://WWW.FINDTHISBEST.COM/BRAND/74560-EILIKS
EILSORRN	EILSORRN	findthisbest.com	HTTPS://WWW.FINDTHISBEST.COM/BRAND/909111-EILSORRN
EKACO	EKACO	findthisbest.com	HTTPS://WWW.FINDTHISBEST.COM/BRAND/363759-EKACO
EKIRLIN	EKIRLIN	findthisbest.com	HTTPS://WWW.FINDTHISBEST.COM/BRAND/207085-EKIRLIN
EKLENTSON	EKLENTSON	findthisbest.com	HTTPS://WWW.FINDTHISBEST.COM/BRAND/70926-EKLENTSON
EKONKITCHENEXPERT	EKONKITCHENEXPERT	findthisbest.com	HTTPS://WWW.FINDTHISBEST.COM/BRAND/286263-EKON-KITCHEN-EXPERT
EKQ	EKQ	findthisbest.com	HTTPS://WWW.FINDTHISBEST.COM/BRAND/250033-EKQ
EKRTE	EKRTE	findthisbest.com	HTTPS://WWW.FINDTHISBEST.COM/BRAND/251207-EKRTE
EKUPUZ	EKUPUZ	findthisbest.com	HTTPS://WWW.FINDTHISBEST.COM/BRAND/34327-EKUPUZ
ELDERBERRYHILLORGANICS	ELDERBERRYHILLORGANICS	findthisbest.com	HTTPS://WWW.FINDTHISBEST.COM/BRAND/855014-ELDERBERRY-HILL-ORGANICS
ELEBUILD	ELEBUILD	findthisbest.com	HTTPS://WWW.FINDTHISBEST.COM/BRAND/595560-ELEBUILD
ELECANE	ELECANE	findthisbest.com	HTTPS://WWW.FINDTHISBEST.COM/BRAND/11252-ELECANE
ELECBRAIN	ELECBRAIN	findthisbest.com	HTTPS://WWW.FINDTHISBEST.COM/BRAND/61196-ELECBRAIN
ELECFUN	ELECFUN	findthisbest.com	HTTPS://WWW.FINDTHISBEST.COM/BRAND/137993-ELECFUN
ELECGEAR	ELECGEAR	findthisbest.com	HTTPS://WWW.FINDTHISBEST.COM/BRAND/102150-ELECGEAR
ELECKAL	ELECKAL	findthisbest.com	HTTPS://WWW.FINDTHISBEST.COM/BRAND/34171-ELECKAL
ELECSHION	ELECSHION	findthisbest.com	HTTPS://WWW.FINDTHISBEST.COM/BRAND/189087-ELECSHION
ELECSPACE	ELECSPACE	findthisbest.com	HTTPS://WWW.FINDTHISBEST.COM/BRAND/107804-ELEC-SPACE
ELECTECK	ELECTECK	findthisbest.com	HTTPS://WWW.FINDTHISBEST.COM/BRAND/49656-ELECTECK
ELECTRIBRITE	ELECTRIBRITE	findthisbest.com	HTTPS://WWW.FINDTHISBEST.COM/BRAND/19848-ELECTRIBRITE
ELECTRICWISE	ELECTRICWISE	findthisbest.com	HTTPS://WWW.FINDTHISBEST.COM/BRAND/880458-ELECTRICWISE
ELEGANA	ELEGANA	findthisbest.com	HTTPS://WWW.FINDTHISBEST.COM/BRAND/196734-ELEGANA
ELEGENZO	ELEGENZO	findthisbest.com	HTTPS://WWW.FINDTHISBEST.COM/BRAND/825225-ELEGENZO
ELEHOTDIRECT	ELEHOTDIRECT	findthisbest.com	HTTPS://WWW.FINDTHISBEST.COM/BRAND/484450-ELEHOT-DIRECT
ELEMAGE	ELEMAGE	findthisbest.com	HTTPS://WWW.FINDTHISBEST.COM/BRAND/596248-ELEMAGE
ELEMENTLUXSIGNS	ELEMENTLUXSIGNS	findthisbest.com	HTTPS://WWW.FINDTHISBEST.COM/BRAND/595546-ELEMENT-LUX-SIGNS
ELEPA	ELEPA	findthisbest.com	HTTPS://WWW.FINDTHISBEST.COM/BRAND/58754-ELEPA
ELEPBEAR	LELEBEAR	findthisbest.com	HTTPS://WWW.FINDTHISBEST.COM/BRAND/272963-LELEBEAR
ELEPHANTNUM	ELEPHANTNUM	findthisbest.com	HTTPS://WWW.FINDTHISBEST.COM/BRAND/404986-ELEPHANTNUM
ELEPOWER	ELEPOWER	findthisbest.com	HTTPS://WWW.FINDTHISBEST.COM/BRAND/190376-ELEPOWER
ELESHOW	ELESHOW	findthisbest.com	HTTPS://WWW.FINDTHISBEST.COM/BRAND/198005-ELESHOW
ELESORIES	ELESORIES	findthisbest.com	HTTPS://WWW.FINDTHISBEST.COM/BRAND/340337-ELESORIES
ELETAB	ELETAB	findthisbest.com	HTTPS://WWW.FINDTHISBEST.COM/BRAND/40327-ELETAB
ELEULIFE	ELEULIFE	findthisbest.com	HTTPS://WWW.FINDTHISBEST.COM/BRAND/837582-ELEULIFE
ELEZON	ELEZON	findthisbest.com	HTTPS://WWW.FINDTHISBEST.COM/BRAND/870655-ELEZON
ELFENGARDEN	ELFENGARDEN	findthisbest.com	HTTPS://WWW.FINDTHISBEST.COM/BRAND/868920-ELFENGARDEN
ELFKITWANG	ELFKITWANG	findthisbest.com	HTTPS://WWW.FINDTHISBEST.COM/BRAND/363986-ELFKITWANG
ELFNICO	ELFNICO	findthisbest.com	HTTPS://WWW.FINDTHISBEST.COM/BRAND/48058-ELFNICO
ELIBELLE	ELIBELLE	findthisbest.com	HTTPS://WWW.FINDTHISBEST.COM/BRAND/82110-ELIBELLE
ELIDOMC	ELIDOMC	findthisbest.com	HTTPS://WWW.FINDTHISBEST.COM/BRAND/843634-ELIDOMC
ELIFHOMEGOODS	ELIFHOMEGOODS	findthisbest.com	HTTPS://WWW.FINDTHISBEST.COM/BRAND/310031-ELIF-HOME-GOODS
ELINKUME	ELINKUME	findthisbest.com	HTTPS://WWW.FINDTHISBEST.COM/BRAND/278034-ELINKUME
ELISABETTANG	ELISABETTANG	findthisbest.com	HTTPS://WWW.FINDTHISBEST.COM/BRAND/92879-ELISABET-TANG
ELISEFONDA	ELISEFONDA	findthisbest.com	HTTPS://WWW.FINDTHISBEST.COM/BRAND/892023-ELISE-FONDA
ELISWEEN	ELISWEEN	findthisbest.com	HTTPS://WWW.FINDTHISBEST.COM/BRAND/508154-ELISWEEN
ELITEAUTOCHROME	ELITEAUTOCHROME	findthisbest.com	HTTPS://WWW.FINDTHISBEST.COM/BRAND/867096-ELITE-AUTO-CHROME
ELITECHRISTMASPRODUCTS	ELITEHOLIDAYPRODUCTS	findthisbest.com	HTTPS://WWW.FINDTHISBEST.COM/BRAND/151710-ELITE-HOLIDAY-PRODUCTS
ELITEHOLIDAYPRODUCTS	ELITEHOLIDAYPRODUCTS	findthisbest.com	HTTPS://WWW.FINDTHISBEST.COM/BRAND/151710-ELITE-HOLIDAY-PRODUCTS
ELITEMONTESSORI	ELITEMONTESSORI	findthisbest.com	HTTPS://WWW.FINDTHISBEST.COM/BRAND/110574-ELITE-MONTESSORI
ELITEXCEL	ELITEXCEL	findthisbest.com	HTTPS://WWW.FINDTHISBEST.COM/BRAND/404464-ELITEXCEL
ELITEXION	ELITEXION	findthisbest.com	HTTPS://WWW.FINDTHISBEST.COM/BRAND/12845-ELITEXION
ELITRIBE	ELITETRIBE	findthisbest.com	HTTPS://WWW.FINDTHISBEST.COM/BRAND/47366-ELITE-TRIBE
ELLDOO	ELLDOO	findthisbest.com	HTTPS://WWW.FINDTHISBEST.COM/BRAND/320347-ELLDOO
ELLECK	ELLECK	findthisbest.com	HTTPS://WWW.FINDTHISBEST.COM/BRAND/555209-ELLECK
ELLIGHT	ELLIGHT	findthisbest.com	HTTPS://WWW.FINDTHISBEST.COM/BRAND/213799-ELLIGHT
ELLONI	ELLONI	findthisbest.com	HTTPS://WWW.FINDTHISBEST.COM/BRAND/464996-ELLONI
ELLYDECOR	ELLYDECOR	findthisbest.com	HTTPS://WWW.FINDTHISBEST.COM/BRAND/845798-ELLY-DECOR
ELMCHEE	ELMCHEE	findthisbest.com	HTTPS://WWW.FINDTHISBEST.COM/BRAND/19280-ELMCHEE
ELOBOON	ELOBOON	findthisbest.com	HTTPS://WWW.FINDTHISBEST.COM/BRAND/538969-ELOBOON
ELOUNTIK	ELOUNTIK	findthisbest.com	HTTPS://WWW.FINDTHISBEST.COM/BRAND/33436-ELOUNTIK
ELSANI	ELSANI	findthisbest.com	HTTPS://WWW.FINDTHISBEST.COM/BRAND/253870-ELSANI
ELSENT	ELSENT	findthisbest.com	HTTPS://WWW.FINDTHISBEST.COM/BRAND/307888-ELSENT
ELUFLY	ELUFLY	findthisbest.com	HTTPS://WWW.FINDTHISBEST.COM/BRAND/95873-ELUFLY
ELVASEN	ELVASEN	findthisbest.com	HTTPS://WWW.FINDTHISBEST.COM/BRAND/92127-ELVASEN
ELVESHOME	ELVESHOME	findthisbest.com	HTTPS://WWW.FINDTHISBEST.COM/BRAND/290120-ELVESHOME
ELWIYA	ELWIYA	findthisbest.com	HTTPS://WWW.FINDTHISBEST.COM/BRAND/7154-ELWIYA
ELXJAR	ELXJAR	findthisbest.com	HTTPS://WWW.FINDTHISBEST.COM/BRAND/221874-ELXJAR
ELYTSEMOH	ELYTSEMOH	findthisbest.com	HTTPS://WWW.FINDTHISBEST.COM/BRAND/611819-ELYTSEMOH
EMANER	EMANER	findthisbest.com	HTTPS://WWW.FINDTHISBEST.COM/BRAND/384418-EMANER
EMBRANGE	EMBRANGE	findthisbest.com	HTTPS://WWW.FINDTHISBEST.COM/BRAND/648739-EMBRANGE
EMCGRAPHICS	EMCGRAPHICS	findthisbest.com	HTTPS://WWW.FINDTHISBEST.COM/BRAND/369012-EMC-GRAPHICS
EMCW9	HYDRALYTE	findthisbest.com	HTTPS://WWW.FINDTHISBEST.COM/BRAND/370019-HYDRALYTE
EMCW9	PROCURE	findthisbest.com	HTTPS://WWW.FINDTHISBEST.COM/BRAND/14293-PROCURE
EMCW9	JOINTFLEX	findthisbest.com	HTTPS://WWW.FINDTHISBEST.COM/BRAND/87837-JOINTFLEX
EMEPOVGY	EMEPOVGY	findthisbest.com	HTTPS://WWW.FINDTHISBEST.COM/BRAND/692749-EMEPOVGY
EMIBELE	EMIBELE	findthisbest.com	HTTPS://WWW.FINDTHISBEST.COM/BRAND/41029-EMIBELE
EMILYPRO	EMILYPRO	findthisbest.com	HTTPS://WWW.FINDTHISBEST.COM/BRAND/136107-EMILYPRO
EMOCCI	EMOCCIPRO	findthisbest.com	HTTPS://WWW.FINDTHISBEST.COM/BRAND/834558-EMOCCI-PRO
EMOCCIPRO	EMOCCIPRO	findthisbest.com	HTTPS://WWW.FINDTHISBEST.COM/BRAND/834558-EMOCCI-PRO
EMPUNE	EMPUNE	findthisbest.com	HTTPS://WWW.FINDTHISBEST.COM/BRAND/277178-EMPUNE
EMSHOI	EMSHOI	findthisbest.com	HTTPS://WWW.FINDTHISBEST.COM/BRAND/283049-EMSHOI
ENBIZIO	ENBIZIO	findthisbest.com	HTTPS://WWW.FINDTHISBEST.COM/BRAND/615514-ENBIZIO
ENBUER	ENBUER	findthisbest.com	HTTPS://WWW.FINDTHISBEST.COM/BRAND/60404-ENBUER
ENCIRONEASYTAKE	ENCIRONEASYTAKE	findthisbest.com	HTTPS://WWW.FINDTHISBEST.COM/BRAND/565636-ENCIRON-EASYTAKE
ENDYNINO	ENDYNINO	findthisbest.com	HTTPS://WWW.FINDTHISBEST.COM/BRAND/784337-ENDYNINO
ENERGETICSMARTERLIGHTING	ENERGETICSMARTERLIGHTING	findthisbest.com	HTTPS://WWW.FINDTHISBEST.COM/BRAND/49576-ENERGETIC-SMARTER-LIGHTING
ENERMOON	ENMOON	findthisbest.com	HTTPS://WWW.FINDTHISBEST.COM/BRAND/446358-ENMOON
ENETCASE	ENETCASE	findthisbest.com	HTTPS://WWW.FINDTHISBEST.COM/BRAND/485567-E-NET-CASE
ENFMAY	ENFMAY	findthisbest.com	HTTPS://WWW.FINDTHISBEST.COM/BRAND/583586-ENFMAY
ENGERWALL	ENGERWALL	findthisbest.com	HTTPS://WWW.FINDTHISBEST.COM/BRAND/514152-ENGERWALL
ENGREPO	ENGREPO	findthisbest.com	HTTPS://WWW.FINDTHISBEST.COM/BRAND/79225-ENGREPO
ENHOPTY	ENHOPTY	findthisbest.com	HTTPS://WWW.FINDTHISBEST.COM/BRAND/253059-ENHOPTY
ENINDEL	ENINDEL	findthisbest.com	HTTPS://WWW.FINDTHISBEST.COM/BRAND/16064-ENINDEL
ENJOYIST	ENJOYIST	findthisbest.com	HTTPS://WWW.FINDTHISBEST.COM/BRAND/45144-ENJOYIST
ENJOYNATIVE	ENJOYNATIVE	findthisbest.com	HTTPS://WWW.FINDTHISBEST.COM/BRAND/66544-ENJOY-NATIVE
ENJOYUNIQUE	ENJOYUNIQUE	findthisbest.com	HTTPS://WWW.FINDTHISBEST.COM/BRAND/283138-ENJOY-UNIQUE
ENLENBENNA	ENLENBENNA	findthisbest.com	HTTPS://WWW.FINDTHISBEST.COM/BRAND/495806-ENLENBENNA
ENMOON	ENMOON	findthisbest.com	HTTPS://WWW.FINDTHISBEST.COM/BRAND/446358-ENMOON
ENNSUN	ENSUN	findthisbest.com	HTTPS://WWW.FINDTHISBEST.COM/BRAND/100937-ENSUN
ENOMAKER	ENOMAKER	findthisbest.com	HTTPS://WWW.FINDTHISBEST.COM/BRAND/162892-ENOMAKER
ENPOSMRE	ENPOSMRE	findthisbest.com	HTTPS://WWW.FINDTHISBEST.COM/BRAND/645843-ENPOSMRE
ENSLI	ENSLI	findthisbest.com	HTTPS://WWW.FINDTHISBEST.COM/BRAND/856046-ENSLI
ENSTVER	ENSTVER	findthisbest.com	HTTPS://WWW.FINDTHISBEST.COM/BRAND/206577-ENSTVER
ENTERPARKONLY	ENTERPARKONLY	findthisbest.com	HTTPS://WWW.FINDTHISBEST.COM/BRAND/380739-ENTERPARK-ONLY
ENTHRA	ENTHRA	findthisbest.com	HTTPS://WWW.FINDTHISBEST.COM/BRAND/859851-ENTHRA
ENTHUR	ENTHUR	findthisbest.com	HTTPS://WWW.FINDTHISBEST.COM/BRAND/126253-ENTHUR
ENUOSUMA	ENUOSUMA	findthisbest.com	HTTPS://WWW.FINDTHISBEST.COM/BRAND/484766-ENUOSUMA
ENUSUNG	ENUSUNG	findthisbest.com	HTTPS://WWW.FINDTHISBEST.COM/BRAND/445934-ENUSUNG
ENVMENST	ENVMENST	findthisbest.com	HTTPS://WWW.FINDTHISBEST.COM/BRAND/316448-ENVMENST
ENVYCURE	ENVYCURE	findthisbest.com	HTTPS://WWW.FINDTHISBEST.COM/BRAND/222953-ENVYCURE
ENVYDEAL	ENVYDEAL	findthisbest.com	HTTPS://WWW.FINDTHISBEST.COM/BRAND/482810-ENVYDEAL
EOCOM	EOCOM	findthisbest.com	HTTPS://WWW.FINDTHISBEST.COM/BRAND/81126-EOCOM
EOLAX	EOLAX	findthisbest.com	HTTPS://WWW.FINDTHISBEST.COM/BRAND/611220-EOLAX
EOONFIRST	EOONFIRST	findthisbest.com	HTTPS://WWW.FINDTHISBEST.COM/BRAND/91558-EOONFIRST
EOOWOY	EOOWOY	findthisbest.com	HTTPS://WWW.FINDTHISBEST.COM/BRAND/915994-EOOWOY
EOQO	EOQO	findthisbest.com	HTTPS://WWW.FINDTHISBEST.COM/BRAND/199570-EOQO
EOUINE	EOUINE	findthisbest.com	HTTPS://WWW.FINDTHISBEST.COM/BRAND/897697-EOUINE
EOUTIL	EOUTIL	findthisbest.com	HTTPS://WWW.FINDTHISBEST.COM/BRAND/2748-EOUTIL
EOYEMIN	EOYEMIN	findthisbest.com	HTTPS://WWW.FINDTHISBEST.COM/BRAND/248106-EOYEMIN
EPARTSOLUTION	EPARTSOLUTION	findthisbest.com	HTTPS://WWW.FINDTHISBEST.COM/BRAND/873515-EPARTSOLUTION
EQEOVGA	EQEOVGA	findthisbest.com	HTTPS://WWW.FINDTHISBEST.COM/BRAND/254993-EQEOVGA
ERAYLIFE	ERAYLIFE	findthisbest.com	HTTPS://WWW.FINDTHISBEST.COM/BRAND/356680-ERAYLIFE
ERBUIT	DENELCHON	findthisbest.com	HTTPS://WWW.FINDTHISBEST.COM/BRAND/370209-DENELCHON
ERDAO	ERDAO	findthisbest.com	HTTPS://WWW.FINDTHISBEST.COM/BRAND/348263-ERDAO
ERFEI	ERFEI	findthisbest.com	HTTPS://WWW.FINDTHISBEST.COM/BRAND/494246-ERFEI
ERGAOBOY	ERGAOBOY	findthisbest.com	HTTPS://WWW.FINDTHISBEST.COM/BRAND/516705-ERGAOBOY
ERINNYEES	ERINNYEES	findthisbest.com	HTTPS://WWW.FINDTHISBEST.COM/BRAND/575074-ERINNYEES
ERISEDSBIFROST	ERISEDSBIFROST	findthisbest.com	HTTPS://WWW.FINDTHISBEST.COM/BRAND/891139-ERISEDS-BIFROST
ERJER	ERJER	findthisbest.com	HTTPS://WWW.FINDTHISBEST.COM/BRAND/79197-ERJER
ERJIGO9	ERJIGO	findthisbest.com	HTTPS://WWW.FINDTHISBEST.COM/BRAND/405191-ERJIGO
ERLINGERYI	ERLINGERYI	findthisbest.com	HTTPS://WWW.FINDTHISBEST.COM/BRAND/582140-ERLINGERYI
ERMIK	ERMIK	findthisbest.com	HTTPS://WWW.FINDTHISBEST.COM/BRAND/861673-ERMIK
ERMONN	ERMONN	findthisbest.com	HTTPS://WWW.FINDTHISBEST.COM/BRAND/191110-ERMONN
ERMONNS	ERMONN	findthisbest.com	HTTPS://WWW.FINDTHISBEST.COM/BRAND/191110-ERMONN
EROFA	EROFA	findthisbest.com	HTTPS://WWW.FINDTHISBEST.COM/BRAND/182035-EROFA
ERONGDIAN	ERONGDIAN	findthisbest.com	HTTPS://WWW.FINDTHISBEST.COM/BRAND/479667-ERONGDIAN
EROTR	EROTR	findthisbest.com	HTTPS://WWW.FINDTHISBEST.COM/BRAND/886924-EROTR
ERUW	ERUW	findthisbest.com	HTTPS://WWW.FINDTHISBEST.COM/BRAND/350113-ERUW
ERYTLLY	ERYTLLY	findthisbest.com	HTTPS://WWW.FINDTHISBEST.COM/BRAND/36300-ERYTLLY
ESCANU	ESCANU	findthisbest.com	HTTPS://WWW.FINDTHISBEST.COM/BRAND/835962-ESCANU
ESCWELT	ESCWELT	findthisbest.com	HTTPS://WWW.FINDTHISBEST.COM/BRAND/460147-ESC-WELT
ESELLSIMPLE	ESELLSIMPLE	findthisbest.com	HTTPS://WWW.FINDTHISBEST.COM/BRAND/101098-ESELLSIMPLE
ESFOS	ESFOS	findthisbest.com	HTTPS://WWW.FINDTHISBEST.COM/BRAND/880762-ESFOS
ESIEHOUZIE	ESIEHOUZIE	findthisbest.com	HTTPS://WWW.FINDTHISBEST.COM/BRAND/34862-ESIE-HOUZIE
ESIMEN	ESIMEN	findthisbest.com	HTTPS://WWW.FINDTHISBEST.COM/BRAND/118473-ESIMEN
ESISSENILS	ESISSENILS	findthisbest.com	HTTPS://WWW.FINDTHISBEST.COM/BRAND/487409-ESISSENILS
ESKONI	ESKONI	findthisbest.com	HTTPS://WWW.FINDTHISBEST.COM/BRAND/177059-ESKONI
ESNAHOME	ESNAHOME	findthisbest.com	HTTPS://WWW.FINDTHISBEST.COM/BRAND/428874-ESNA-HOME
ESOVIO	ESOVIO	findthisbest.com	HTTPS://WWW.FINDTHISBEST.COM/BRAND/417349-ESOVIO
ESPERE	ESPERE	findthisbest.com	HTTPS://WWW.FINDTHISBEST.COM/BRAND/83987-ESPERE
ESSBHACH	ESSBHACH	findthisbest.com	HTTPS://WWW.FINDTHISBEST.COM/BRAND/393817-ESSBHACH
ESSENTIALLYGREENWOOD	GREENWOODESSENTIAL	findthisbest.com	HTTPS://WWW.FINDTHISBEST.COM/BRAND/900694-GREENWOOD-ESSENTIAL
ESSEXWARES	ESSEXWARES	findthisbest.com	HTTPS://WWW.FINDTHISBEST.COM/BRAND/111227-ESSEX-WARES
ESSLNB	ESSLNB	findthisbest.com	HTTPS://WWW.FINDTHISBEST.COM/BRAND/1760-ESSLNB
ESSLUX	ESSLUX	findthisbest.com	HTTPS://WWW.FINDTHISBEST.COM/BRAND/125614-ESSLUX
ESSORT	ESSORT	findthisbest.com	HTTPS://WWW.FINDTHISBEST.COM/BRAND/11781-ESSORT
ESSYNATURALSADVANCED	ESSYNATURALSADVANCED	findthisbest.com	HTTPS://WWW.FINDTHISBEST.COM/BRAND/448007-ESSYNATURALS-ADVANCED
ESTANLA	ESTANLA	findthisbest.com	HTTPS://WWW.FINDTHISBEST.COM/BRAND/508902-ESTANLA
ESTPEAK	ESTPEAK	findthisbest.com	HTTPS://WWW.FINDTHISBEST.COM/BRAND/474903-ESTPEAK
ESUFEIR	ESUFEIR	findthisbest.com	HTTPS://WWW.FINDTHISBEST.COM/BRAND/302535-ESUFEIR
ETAREWILT	ETAREWILT	findthisbest.com	HTTPS://WWW.FINDTHISBEST.COM/BRAND/843018-ETAREWILT
ETCBUYS	ETCBUYS	findthisbest.com	HTTPS://WWW.FINDTHISBEST.COM/BRAND/28776-ETCBUYS
ETECHMART	ETECHMART	findthisbest.com	HTTPS://WWW.FINDTHISBEST.COM/BRAND/29548-ETECHMART
ETENERGIC	ETENERGIC	findthisbest.com	HTTPS://WWW.FINDTHISBEST.COM/BRAND/299795-ETENERGIC
ETERISH	ETERISH	findthisbest.com	HTTPS://WWW.FINDTHISBEST.COM/BRAND/147540-ETERISH
ETERNALORGONE	ETERNALORGONE	findthisbest.com	HTTPS://WWW.FINDTHISBEST.COM/BRAND/632662-ETERNALORGONE
ETEVON	ETEVON	findthisbest.com	HTTPS://WWW.FINDTHISBEST.COM/BRAND/193274-ETEVON
ETGLCOZY	ETGLCOZY	findthisbest.com	HTTPS://WWW.FINDTHISBEST.COM/BRAND/435908-ETGLCOZY
ETIAL	ETIAL	findthisbest.com	HTTPS://WWW.FINDTHISBEST.COM/BRAND/317266-ETIAL
ETIASQSA	ETIASQSA	findthisbest.com	HTTPS://WWW.FINDTHISBEST.COM/BRAND/624800-ETIASQSA
ETRAVIS	SHANY	findthisbest.com	HTTPS://WWW.FINDTHISBEST.COM/BRAND/258476-SHANY
ETSEINRI	ETSEINRI	findthisbest.com	HTTPS://WWW.FINDTHISBEST.COM/BRAND/276481-ETSEINRI
ETUNSIA	ETUNSIA	findthisbest.com	HTTPS://WWW.FINDTHISBEST.COM/BRAND/871751-ETUNSIA
EUGIZMO	EUGIZMO	findthisbest.com	HTTPS://WWW.FINDTHISBEST.COM/BRAND/387561-EUGIZMO
EUHOME	EUHOME	findthisbest.com	HTTPS://WWW.FINDTHISBEST.COM/BRAND/882865-EUHOME
EULLA	EULLA	findthisbest.com	HTTPS://WWW.FINDTHISBEST.COM/BRAND/500732-EULLA
EULOCA	EULOCA	findthisbest.com	HTTPS://WWW.FINDTHISBEST.COM/BRAND/316217-EULOCA
EUNION	EUNION	findthisbest.com	HTTPS://WWW.FINDTHISBEST.COM/BRAND/119017-EUNION
EUOW	EUOW	findthisbest.com	HTTPS://WWW.FINDTHISBEST.COM/BRAND/389559-EUOW
EUPBORON	EUPBORON	findthisbest.com	HTTPS://WWW.FINDTHISBEST.COM/BRAND/363138-EUPBORON
EURCOOL	EURCOOL	findthisbest.com	HTTPS://WWW.FINDTHISBEST.COM/BRAND/485268-EURCOOL
EURCROSS	EURCROSS	findthisbest.com	HTTPS://WWW.FINDTHISBEST.COM/BRAND/180324-EURCROSS
EUREKAGOLFPRODUCTS	EUREKAGOLFPRODUCTS	findthisbest.com	HTTPS://WWW.FINDTHISBEST.COM/BRAND/211800-EUREKA-GOLF-PRODUCTS
EURUSHOME	EURUSHOME	findthisbest.com	HTTPS://WWW.FINDTHISBEST.COM/BRAND/80283-EURUS-HOME
EUWAY	EUWAY	findthisbest.com	HTTPS://WWW.FINDTHISBEST.COM/BRAND/380919-EUWAY
EVAHAB	EVAHAB	findthisbest.com	HTTPS://WWW.FINDTHISBEST.COM/BRAND/517609-EVAHAB
EVAHAB	TOPBOOC	findthisbest.com	HTTPS://WWW.FINDTHISBEST.COM/BRAND/69071-TOPBOOC
EVASGIFTUNIVERSE	EVASGIFTUNIVERSE	findthisbest.com	HTTPS://WWW.FINDTHISBEST.COM/BRAND/217999-EVAS-GIFT-UNIVERSE
EVATONTT	TSKLOOY	findthisbest.com	HTTPS://WWW.FINDTHISBEST.COM/BRAND/256083-TSKLOOY
EVENRISING	EVENRISING	findthisbest.com	HTTPS://WWW.FINDTHISBEST.COM/BRAND/908770-EVENRISING
EVERADVANCE	EVERADVANCED	findthisbest.com	HTTPS://WWW.FINDTHISBEST.COM/BRAND/17460-EVER-ADVANCED
EVERBBKING	EVERBBKING	findthisbest.com	HTTPS://WWW.FINDTHISBEST.COM/BRAND/877487-EVERBBKING
EVERELECTRIX	EVERELECTRIX	findthisbest.com	HTTPS://WWW.FINDTHISBEST.COM/BRAND/537552-EVERELECTRIX
EVERESTGOOSE	EVERESTGOOSE	findthisbest.com	HTTPS://WWW.FINDTHISBEST.COM/BRAND/281209-EVEREST-GOOSE
EVERESTMEDIASOLUTIONS	EVERESTMEDIASOLUTIONS	findthisbest.com	HTTPS://WWW.FINDTHISBEST.COM/BRAND/451884-EVEREST-MEDIA-SOLUTIONS
EVERHITCH	EVERHITCH	findthisbest.com	HTTPS://WWW.FINDTHISBEST.COM/BRAND/101902-EVERHITCH
EVERICHTOY	EVERICHTOY	findthisbest.com	HTTPS://WWW.FINDTHISBEST.COM/BRAND/13003-EVERICH-TOY
EVERIE	EVERIE	findthisbest.com	HTTPS://WWW.FINDTHISBEST.COM/BRAND/8441-EVERIE
EVERLASTWELDERSCANADA	EVERLASTWELDERSCANADA	findthisbest.com	HTTPS://WWW.FINDTHISBEST.COM/BRAND/183521-EVERLAST-WELDERS-CANADA
EVERMARKET	EVERMARKET	findthisbest.com	HTTPS://WWW.FINDTHISBEST.COM/BRAND/47540-EVERMARKET
EVERNARY	EVERNARY	findthisbest.com	HTTPS://WWW.FINDTHISBEST.COM/BRAND/127486-EVERNARY
EVERPEST	EVERPEST	findthisbest.com	HTTPS://WWW.FINDTHISBEST.COM/BRAND/91551-EVER-PEST
EVERSWE	EVERSWE	findthisbest.com	HTTPS://WWW.FINDTHISBEST.COM/BRAND/81280-EVERSWE
EVERTOCO	EVERTOCO	findthisbest.com	HTTPS://WWW.FINDTHISBEST.COM/BRAND/173253-EVERTOCO
EVERYDECOR	EVERYDECOR	findthisbest.com	HTTPS://WWW.FINDTHISBEST.COM/BRAND/37554-EVERYDECOR
EVERYMILE	EVERYMILE	findthisbest.com	HTTPS://WWW.FINDTHISBEST.COM/BRAND/18336-EVERYMILE
EVERYOUTH	EVERYOUTH	findthisbest.com	HTTPS://WWW.FINDTHISBEST.COM/BRAND/913273-EVERYOUTH
EVHOME	EVHOME	findthisbest.com	HTTPS://WWW.FINDTHISBEST.COM/BRAND/279006-EVHOME
EVILENERGY	EVILENERGY	findthisbest.com	HTTPS://WWW.FINDTHISBEST.COM/BRAND/76217-EVIL-ENERGY
EVOGUESAPPAREL	EVOGUESAPPAREL	findthisbest.com	HTTPS://WWW.FINDTHISBEST.COM/BRAND/94679-EVOGUES-APPAREL
EWINEVER	EWINEVER	findthisbest.com	HTTPS://WWW.FINDTHISBEST.COM/BRAND/118538-EWINEVER
EWONICE	EWONICE	findthisbest.com	HTTPS://WWW.FINDTHISBEST.COM/BRAND/109374-EWONICE
EXACTMAKERUNKNOWN	EXACADE	findthisbest.com	HTTPS://WWW.FINDTHISBEST.COM/BRAND/871836-EXACTMADE
EXCALLA	EXCALLA	findthisbest.com	HTTPS://WWW.FINDTHISBEST.COM/BRAND/25343-EXCALLA
EXCELIFE	EXCELIFE	findthisbest.com	HTTPS://WWW.FINDTHISBEST.COM/BRAND/155760-EXCELIFE
EXCELLENTALL	EXCELLENT	findthisbest.com	HTTPS://WWW.FINDTHISBEST.COM/BRAND/62577-EXCELLENT
EXCITEDWORK	EXCITEDWORK	findthisbest.com	HTTPS://WWW.FINDTHISBEST.COM/BRAND/207739-EXCITED-WORK
EXCITEDWROK	EXCITEDWORK	findthisbest.com	HTTPS://WWW.FINDTHISBEST.COM/BRAND/207739-EXCITED-WORK
EXCMARK	EXCMARK	findthisbest.com	HTTPS://WWW.FINDTHISBEST.COM/BRAND/78756-EXCMARK
EXEKE	EXEKE	findthisbest.com	HTTPS://WWW.FINDTHISBEST.COM/BRAND/396280-EXEKE
EXEMPLARYGARDENS	EXEMPLARYGARDENS	findthisbest.com	HTTPS://WWW.FINDTHISBEST.COM/BRAND/887878-EXEMPLARY-GARDENS
EXGIZMO	EXGIZMO	findthisbest.com	HTTPS://WWW.FINDTHISBEST.COM/BRAND/466394-EXGIZMO
EXPANSIONWELLNESS	EXPANSIONWELLNESS	findthisbest.com	HTTPS://WWW.FINDTHISBEST.COM/BRAND/909470-EXPANSION-WELLNESS
EXPERTREMEDIES	EXPERTREMEDIES	findthisbest.com	HTTPS://WWW.FINDTHISBEST.COM/BRAND/660121-EXPERT-REMEDIES
EXPVISION	EXPVISION	findthisbest.com	HTTPS://WWW.FINDTHISBEST.COM/BRAND/38499-EXP-VISION
EXTENUATINGTHREADS	EXTENUATINGTHREADS	findthisbest.com	HTTPS://WWW.FINDTHISBEST.COM/BRAND/256953-EXTENUATING-THREADS
EXTODRY	EXTODRY	findthisbest.com	HTTPS://WWW.FINDTHISBEST.COM/BRAND/290479-EXTODRY
EXTRACHARM	EXTRACHARM	findthisbest.com	HTTPS://WWW.FINDTHISBEST.COM/BRAND/237861-EXTRACHARM
EXTRAUP	EXTRAUP	findthisbest.com	HTTPS://WWW.FINDTHISBEST.COM/BRAND/79647-EXTRAUP
EXTREMECONSUMERPRODUCTS	EXTREMECONSUMERPRODUCTS	findthisbest.com	HTTPS://WWW.FINDTHISBEST.COM/BRAND/126459-EXTREME-CONSUMER-PRODUCTS
EXTREMESALMON	EXTREMESALMON	findthisbest.com	HTTPS://WWW.FINDTHISBEST.COM/BRAND/17358-EXTREME-SALMON
EXURBIZ	EXURBIZ	findthisbest.com	HTTPS://WWW.FINDTHISBEST.COM/BRAND/547919-EXURBIZ
EYAHI	EYAHI	findthisbest.com	HTTPS://WWW.FINDTHISBEST.COM/BRAND/418110-EYAHI
EYECH	EYECH	findthisbest.com	HTTPS://WWW.FINDTHISBEST.COM/BRAND/80819-EYECH
EYELOV	EYELOV	findthisbest.com	HTTPS://WWW.FINDTHISBEST.COM/BRAND/34500-EYELOV
EYESSYS	EYESSYS	findthisbest.com	HTTPS://WWW.FINDTHISBEST.COM/BRAND/885356-EYESSYS
EYEYEE	EYEYEE	findthisbest.com	HTTPS://WWW.FINDTHISBEST.COM/BRAND/282761-EYEYEE
EYIIVIIL	EYIIVIIL	findthisbest.com	HTTPS://WWW.FINDTHISBEST.COM/BRAND/190614-E-YIIVIIL
EYOCEAN	EYOCEAN	findthisbest.com	HTTPS://WWW.FINDTHISBEST.COM/BRAND/153355-EYOCEAN
EYQ	EYQ	findthisbest.com	HTTPS://WWW.FINDTHISBEST.COM/BRAND/276948-EYQ
EZATRADING	EZATRADING	findthisbest.com	HTTPS://WWW.FINDTHISBEST.COM/BRAND/103116-EZATRADING
EZAUTOWRAP	EZAUTOWRAP	findthisbest.com	HTTPS://WWW.FINDTHISBEST.COM/BRAND/104830-EZAUTO-WRAP
EZEBESTA	EZEBESTA	findthisbest.com	HTTPS://WWW.FINDTHISBEST.COM/BRAND/413963-EZEBESTA
EZELIA	EZELIA	findthisbest.com	HTTPS://WWW.FINDTHISBEST.COM/BRAND/78786-EZELIA
EZELIA	EZELIALUXE	findthisbest.com	HTTPS://WWW.FINDTHISBEST.COM/BRAND/827987-EZELIA-LUXE
EZESOESSENTIALSKINCARE	EZESOESSENTIALSKINCARE	findthisbest.com	HTTPS://WWW.FINDTHISBEST.COM/BRAND/836701-EZESO-ESSENTIAL-SKINCARE
EZGLAM	EZGLAM	findthisbest.com	HTTPS://WWW.FINDTHISBEST.COM/BRAND/22466-EZ-GLAM
EZJOB	EZJOB	findthisbest.com	HTTPS://WWW.FINDTHISBEST.COM/BRAND/115968-EZJOB
EZRALLORA	EZRALLORA	findthisbest.com	HTTPS://WWW.FINDTHISBEST.COM/BRAND/875722-EZRALLORA
EZTRONICSCORP	EZTRONICSCORP	findthisbest.com	HTTPS://WWW.FINDTHISBEST.COM/BRAND/301905-EZTRONICS-CORP
EZYOPENTECK	EZYOPENTECK	findthisbest.com	HTTPS://WWW.FINDTHISBEST.COM/BRAND/264371-EZYOPENTECK
EZZYPUMP	EZZYPUMP	findthisbest.com	HTTPS://WWW.FINDTHISBEST.COM/BRAND/17245-EZZY-PUMP
F1RSTLAYER	F1RSTLAYER	findthisbest.com	HTTPS://WWW.FINDTHISBEST.COM/BRAND/91154-F1RST-LAYER
FABINJEWELRY	FABINJEWELRY	findthisbest.com	HTTPS://WWW.FINDTHISBEST.COM/BRAND/193861-FABIN-JEWELRY
FABQUALITY	FABQUALITY	findthisbest.com	HTTPS://WWW.FINDTHISBEST.COM/BRAND/117193-FABQUALITY
FACHLICH	FACHLICH	findthisbest.com	HTTPS://WWW.FINDTHISBEST.COM/BRAND/214075-FACHLICH
FACHNUOTOOL	FACHNUOTOOL	findthisbest.com	HTTPS://WWW.FINDTHISBEST.COM/BRAND/636508-FACHNUO-TOOL
FADEKING	FADEKING	findthisbest.com	HTTPS://WWW.FINDTHISBEST.COM/BRAND/851651-FADEKING
FADIMIKOO	FADIMIKOO	findthisbest.com	HTTPS://WWW.FINDTHISBEST.COM/BRAND/80451-FADIMIKOO
FADWARE	FADWARE	findthisbest.com	HTTPS://WWW.FINDTHISBEST.COM/BRAND/608890-FADWARE
FAFAIR	FAFAIR	findthisbest.com	HTTPS://WWW.FINDTHISBEST.COM/BRAND/158538-FAFAIR
FAFEICY	FAFEICY	findthisbest.com	HTTPS://WWW.FINDTHISBEST.COM/BRAND/860854-FAFEICY
FAFOFA	FAFOFA	findthisbest.com	HTTPS://WWW.FINDTHISBEST.COM/BRAND/112316-FAFOFA
FAHIZO	FAHIZO	findthisbest.com	HTTPS://WWW.FINDTHISBEST.COM/BRAND/662064-FAHIZO
FAIBERO	FAIBRA	findthisbest.com	HTTPS://WWW.FINDTHISBEST.COM/BRAND/880793-FAIBRA
FAICAI	FAICAIART	findthisbest.com	HTTPS://WWW.FINDTHISBEST.COM/BRAND/67600-FAICAI-ART
FAICAIART	FAICAIART	findthisbest.com	HTTPS://WWW.FINDTHISBEST.COM/BRAND/67600-FAICAI-ART
FAIRVIEWGAMEROOMS	FAIRVIEWGAMEROOMS	findthisbest.com	HTTPS://WWW.FINDTHISBEST.COM/BRAND/28097-FAIRVIEW-GAME-ROOMS
FAIRYHAUS	FAIRYHAUS	findthisbest.com	HTTPS://WWW.FINDTHISBEST.COM/BRAND/41394-FAIRYHAUS
FAIRYLAVIE	FAIRYLAVIE	findthisbest.com	HTTPS://WWW.FINDTHISBEST.COM/BRAND/206895-FAIRYLAVIE
FAIRYRAIN	FAIRYRAIN	findthisbest.com	HTTPS://WWW.FINDTHISBEST.COM/BRAND/444227-FAIRYRAIN
FAKUGO	FAKUGO	findthisbest.com	HTTPS://WWW.FINDTHISBEST.COM/BRAND/51439-FAKUGO
FALANFA	FALANFA	findthisbest.com	HTTPS://WWW.FINDTHISBEST.COM/BRAND/222277-FALANFA
FALCONSTAR	FALCONSTAR	findthisbest.com	HTTPS://WWW.FINDTHISBEST.COM/BRAND/677077-FALCONSTAR
FALEJU	FALEJU	findthisbest.com	HTTPS://WWW.FINDTHISBEST.COM/BRAND/508188-FALEJU
FALIVI	FALARI	findthisbest.com	HTTPS://WWW.FINDTHISBEST.COM/BRAND/125761-FALARI
FAMICOZY	FAMICOZY	findthisbest.com	HTTPS://WWW.FINDTHISBEST.COM/BRAND/378600-FAMICOZY
FAMIDO	FAMIDO	findthisbest.com	HTTPS://WWW.FINDTHISBEST.COM/BRAND/652513-FAMIDO
FAMIHOMII	FAMIHOMII	findthisbest.com	HTTPS://WWW.FINDTHISBEST.COM/BRAND/336436-FAMIHOMII
FAMILITE	FAMILITE	findthisbest.com	HTTPS://WWW.FINDTHISBEST.COM/BRAND/249563-FAMILITE
FAMILYCAREACCU	FAMILYCAREACCU	findthisbest.com	HTTPS://WWW.FINDTHISBEST.COM/BRAND/181063-FAMILY-CARE-ACCU
FAMILYPERS	FAMILYPERS	findthisbest.com	HTTPS://WWW.FINDTHISBEST.COM/BRAND/378561-FAMILYPERS
FAMIRY	FAMIRY	findthisbest.com	HTTPS://WWW.FINDTHISBEST.COM/BRAND/2278-FAMIRY
FAMREE	FAMREE	findthisbest.com	HTTPS://WWW.FINDTHISBEST.COM/BRAND/69941-FAMREE
FAMULILY	FAMULILY	findthisbest.com	HTTPS://WWW.FINDTHISBEST.COM/BRAND/97352-FAMULILY
FANATIVITA	FANATIVITA	findthisbest.com	HTTPS://WWW.FINDTHISBEST.COM/BRAND/909726-FANATIVITA
FANATU	FANATU	findthisbest.com	HTTPS://WWW.FINDTHISBEST.COM/BRAND/382915-FANATU
FANBX	FANBXF	findthisbest.com	HTTPS://WWW.FINDTHISBEST.COM/BRAND/879999-FANBX-F
FANCIAL	FANCIAL	findthisbest.com	HTTPS://WWW.FINDTHISBEST.COM/BRAND/871047-FANCIAL
FANCYMAY	FANCYMAY	findthisbest.com	HTTPS://WWW.FINDTHISBEST.COM/BRAND/6424-FANCYMAY
FANCYSHINY	FANCYSHINY	findthisbest.com	HTTPS://WWW.FINDTHISBEST.COM/BRAND/99693-FANCY-SHINY
FANCYTIMES	FANCYTIMES	findthisbest.com	HTTPS://WWW.FINDTHISBEST.COM/BRAND/77175-FANCYTIMES
FANDARE	FANDARE	findthisbest.com	HTTPS://WWW.FINDTHISBEST.COM/BRAND/746261-FANDARE
FANGFEI	FANGFEI	findthisbest.com	HTTPS://WWW.FINDTHISBEST.COM/BRAND/145579-FANGFEI
FANGFO	FANGFO	findthisbest.com	HTTPS://WWW.FINDTHISBEST.COM/BRAND/880163-FANGFO
FANGOO	FANGOO	findthisbest.com	HTTPS://WWW.FINDTHISBEST.COM/BRAND/67160-FANGOO
FANGSKY	FANGSKY	findthisbest.com	HTTPS://WWW.FINDTHISBEST.COM/BRAND/278614-FANGSKY
FANGYANMEI	FANGYANMEI	findthisbest.com	HTTPS://WWW.FINDTHISBEST.COM/BRAND/385910-FANG-YAN-MEI
FANICHI	FANICHI	findthisbest.com	HTTPS://WWW.FINDTHISBEST.COM/BRAND/229824-FANICHI
FANLORY	FANLORY	findthisbest.com	HTTPS://WWW.FINDTHISBEST.COM/BRAND/109130-FANLORY
FANPL	FANPL	findthisbest.com	HTTPS://WWW.FINDTHISBEST.COM/BRAND/256366-FANPL
FANQUARE	FANQUARE	findthisbest.com	HTTPS://WWW.FINDTHISBEST.COM/BRAND/230754-FANQUARE
FANSPRO	FANSPRO	findthisbest.com	HTTPS://WWW.FINDTHISBEST.COM/BRAND/299421-FANSPRO
FANTASTORY	FANTASTORY	findthisbest.com	HTTPS://WWW.FINDTHISBEST.COM/BRAND/259811-FANTASTORY
FANTASYEDGE	FANTASYEDGE	findthisbest.com	HTTPS://WWW.FINDTHISBEST.COM/BRAND/237002-FANTASY-EDGE
FANTEECY	FANTEECY	findthisbest.com	HTTPS://WWW.FINDTHISBEST.COM/BRAND/130855-FANTEECY
FANTRONICS	FANTRONICS	findthisbest.com	HTTPS://WWW.FINDTHISBEST.COM/BRAND/898504-FANTRONICS
FANVERIM	FANVERIM	findthisbest.com	HTTPS://WWW.FINDTHISBEST.COM/BRAND/625522-FANVERIM
FANWAYER	FANWAYER	findthisbest.com	HTTPS://WWW.FINDTHISBEST.COM/BRAND/144160-FANWAYER
FANWU	FANWU	findthisbest.com	HTTPS://WWW.FINDTHISBEST.COM/BRAND/111280-FANWU
FANXUS	FANXUS	findthisbest.com	HTTPS://WWW.FINDTHISBEST.COM/BRAND/80982-FANXUS
FANYUANFDS	VREAONE	findthisbest.com	HTTPS://WWW.FINDTHISBEST.COM/BRAND/235377-VREAONE
FARAER	FARAER	findthisbest.com	HTTPS://WWW.FINDTHISBEST.COM/BRAND/48016-FARAER
FARBETTER	FARBETTER	findthisbest.com	HTTPS://WWW.FINDTHISBEST.COM/BRAND/23828-FARBETTER
FARKTOP	FARKTOP	findthisbest.com	HTTPS://WWW.FINDTHISBEST.COM/BRAND/261017-FARKTOP
FAROCHY	FAROCHY	findthisbest.com	HTTPS://WWW.FINDTHISBEST.COM/BRAND/130167-FAROCHY
FARONZE	FARONZE	findthisbest.com	HTTPS://WWW.FINDTHISBEST.COM/BRAND/520168-FARONZE
FAROOT	FAROOT	findthisbest.com	HTTPS://WWW.FINDTHISBEST.COM/BRAND/84516-FAROOT
FASHARE	FASHARE	findthisbest.com	HTTPS://WWW.FINDTHISBEST.COM/BRAND/92883-FASHARE
FASHIONZAADI	FASHIONZAADI	findthisbest.com	HTTPS://WWW.FINDTHISBEST.COM/BRAND/235584-FASHIONZAADI
FASIGO	FASIGO	findthisbest.com	HTTPS://WWW.FINDTHISBEST.COM/BRAND/398284-FASIGO
FASJOSMA	FASJOSMA	findthisbest.com	HTTPS://WWW.FINDTHISBEST.COM/BRAND/296303-FASJOSMA
FASKUNOIE	FASKUNOIE	findthisbest.com	HTTPS://WWW.FINDTHISBEST.COM/BRAND/163691-FASKUNOIE
FASMAVIE	FASMOV	findthisbest.com	HTTPS://WWW.FINDTHISBEST.COM/BRAND/7607-FASMOV
FASMOV	FASMOV	findthisbest.com	HTTPS://WWW.FINDTHISBEST.COM/BRAND/7607-FASMOV
FASROM	FASROM	findthisbest.com	HTTPS://WWW.FINDTHISBEST.COM/BRAND/636987-FASROM
FASTGOOSE	FASTGOOSE	findthisbest.com	HTTPS://WWW.FINDTHISBEST.COM/BRAND/792794-FASTGOOSE
FATDRAGONGOLF	PANGLONG	findthisbest.com	HTTPS://WWW.FINDTHISBEST.COM/BRAND/101053-PANGLONG
FATLODA	FATLODA	findthisbest.com	HTTPS://WWW.FINDTHISBEST.COM/BRAND/7642-FATLODA
FATOLRD	FEATOL	findthisbest.com	HTTPS://WWW.FINDTHISBEST.COM/BRAND/25484-FEATOL
FATORK	FATORK	findthisbest.com	HTTPS://WWW.FINDTHISBEST.COM/BRAND/642643-FATORK
FATUXZ	FATUXZ	findthisbest.com	HTTPS://WWW.FINDTHISBEST.COM/BRAND/469017-FATUXZ
FAVALIVE	FAVALIVE	findthisbest.com	HTTPS://WWW.FINDTHISBEST.COM/BRAND/329926-FAVALIVE
FAVBAL	FAVBAL	findthisbest.com	HTTPS://WWW.FINDTHISBEST.COM/BRAND/80503-FAVBAL
FAVELA420	FAVELA420	findthisbest.com	HTTPS://WWW.FINDTHISBEST.COM/BRAND/540116-FAVELA420
FAVORPARTS	FAVORPARTS	findthisbest.com	HTTPS://WWW.FINDTHISBEST.COM/BRAND/510081-FAVOR-PARTS
FAWLES	FAWLES	findthisbest.com	HTTPS://WWW.FINDTHISBEST.COM/BRAND/226727-FAWLES
FAYDUDU	FAYDUDU	findthisbest.com	HTTPS://WWW.FINDTHISBEST.COM/BRAND/564310-FAYDUDU
FAYINWBO	FAYINWBO	findthisbest.com	HTTPS://WWW.FINDTHISBEST.COM/BRAND/513643-FAYINWBO
FAYLIFE	FAIRWIN	findthisbest.com	HTTPS://WWW.FINDTHISBEST.COM/BRAND/11408-FAIRWIN
FBLFOBELI	FBLFOBELI	findthisbest.com	HTTPS://WWW.FINDTHISBEST.COM/BRAND/627577-FBLFOBELI
FBTDCHOK	FBTDCHOK	findthisbest.com	HTTPS://WWW.FINDTHISBEST.COM/BRAND/376454-FBTDCHOK
FCCUM	FCCUM	findthisbest.com	HTTPS://WWW.FINDTHISBEST.COM/BRAND/635898-FCCUM
FCNUSX	FCNUSX	findthisbest.com	HTTPS://WWW.FINDTHISBEST.COM/BRAND/846200-FCNUSX
FDBJULYY	FDBJULYY	findthisbest.com	HTTPS://WWW.FINDTHISBEST.COM/BRAND/311138-FDBJULYY
FDPBY	FDPBY	findthisbest.com	HTTPS://WWW.FINDTHISBEST.COM/BRAND/887586-FDPBY
FDSDEFEN	BIXTANEAB	findthisbest.com	HTTPS://WWW.FINDTHISBEST.COM/BRAND/915091-BIXTANEAB
FDSUTVIT	FDSUTVIT	findthisbest.com	HTTPS://WWW.FINDTHISBEST.COM/BRAND/915277-FDSUTVIT
FDTEK	FDTEK	findthisbest.com	HTTPS://WWW.FINDTHISBEST.COM/BRAND/375658-FDTEK
FEATCH	FEATCH	findthisbest.com	HTTPS://WWW.FINDTHISBEST.COM/BRAND/41520-FEATCH
FEATHERLILY	FEATHERLILY	findthisbest.com	HTTPS://WWW.FINDTHISBEST.COM/BRAND/3795-FEATHER-LILY
FEBHBRQ	FEBHBRQ	findthisbest.com	HTTPS://WWW.FINDTHISBEST.COM/BRAND/279067-FEBHBRQ
FEBUD	FEBUD	findthisbest.com	HTTPS://WWW.FINDTHISBEST.COM/BRAND/104625-FEBUD
FECIHOR	FECIHOR	findthisbest.com	HTTPS://WWW.FINDTHISBEST.COM/BRAND/227315-FECIHOR
FEDOUR	FEDOUR	findthisbest.com	HTTPS://WWW.FINDTHISBEST.COM/BRAND/10446-FEDOUR
FEEKEPET	FEEKE	findthisbest.com	HTTPS://WWW.FINDTHISBEST.COM/BRAND/3587-FEEKE
FEELVERYBEYONDTHECOMFORT	FEELYOU	findthisbest.com	HTTPS://WWW.FINDTHISBEST.COM/BRAND/228837-FEELYOU
FEETOO	FEETOO	findthisbest.com	HTTPS://WWW.FINDTHISBEST.COM/BRAND/156244-FEETOO
FEETUO	FEETUO	findthisbest.com	HTTPS://WWW.FINDTHISBEST.COM/BRAND/373188-FEETUO
FEEYAR	FEEYAR	findthisbest.com	HTTPS://WWW.FINDTHISBEST.COM/BRAND/465829-FEEYAR
FEEYOO	FEEYOO	findthisbest.com	HTTPS://WWW.FINDTHISBEST.COM/BRAND/287871-FEEYOO
FEFLO	FEFLO	findthisbest.com	HTTPS://WWW.FINDTHISBEST.COM/BRAND/525644-FEFLO
FEFUNELEMENTS	FEFUNELEMENTS	findthisbest.com	HTTPS://WWW.FINDTHISBEST.COM/BRAND/231241-FE-FUN-ELEMENTS
FEHEED	FEHEED	findthisbest.com	HTTPS://WWW.FINDTHISBEST.COM/BRAND/921016-FEHEED
FEHROMINGER	FEHROMINGER	findthisbest.com	HTTPS://WWW.FINDTHISBEST.COM/BRAND/528439-FEHROMINGER
FEIERYA	FEIERYA	findthisbest.com	HTTPS://WWW.FINDTHISBEST.COM/BRAND/514122-FEIERYA
FEIFUNS	FEIFUNS	findthisbest.com	HTTPS://WWW.FINDTHISBEST.COM/BRAND/6235-FEIFUNS
FEIJIAN	FEIJIAN	findthisbest.com	HTTPS://WWW.FINDTHISBEST.COM/BRAND/276966-FEIJIAN
FEIKUQI	FEIKUQI	findthisbest.com	HTTPS://WWW.FINDTHISBEST.COM/BRAND/525932-FEIKUQI
FEINASU	FEINASU	findthisbest.com	HTTPS://WWW.FINDTHISBEST.COM/BRAND/2741-FEINASU
FEINODI	FEINODI	findthisbest.com	HTTPS://WWW.FINDTHISBEST.COM/BRAND/601697-FEINODI
FEIRSH	FEIRSH	findthisbest.com	HTTPS://WWW.FINDTHISBEST.COM/BRAND/60441-FEIRSH
FEISCO	FEISCO	findthisbest.com	HTTPS://WWW.FINDTHISBEST.COM/BRAND/415027-FEISCO
FEISIER	FEISIER	findthisbest.com	HTTPS://WWW.FINDTHISBEST.COM/BRAND/852255-FEISIER
FEISIKE	FEISIKE	findthisbest.com	HTTPS://WWW.FINDTHISBEST.COM/BRAND/140299-FEISIKE
FEIWEI	DMOFWHI	findthisbest.com	HTTPS://WWW.FINDTHISBEST.COM/BRAND/8218-DMOFWHI
FEKEWIO	FEKEWIO	findthisbest.com	HTTPS://WWW.FINDTHISBEST.COM/BRAND/889410-FEKEWIO
FELEPH	FELEPH	findthisbest.com	HTTPS://WWW.FINDTHISBEST.COM/BRAND/252199-FELEPH
FELHOOD	FELHOOD	findthisbest.com	HTTPS://WWW.FINDTHISBEST.COM/BRAND/360565-FELHOOD
FELICIGEELY	FELICIGEELY	findthisbest.com	HTTPS://WWW.FINDTHISBEST.COM/BRAND/118349-FELICIGEELY
FELIMODA	FELIMODA	findthisbest.com	HTTPS://WWW.FINDTHISBEST.COM/BRAND/28135-FELIMODA
FELTCREATIVEHOMEGOODS	FELTCREATIVEHOMEGOODS	findthisbest.com	HTTPS://WWW.FINDTHISBEST.COM/BRAND/69713-FELT-CREATIVE-HOME-GOODS
FELTYBED	FELTYBED	findthisbest.com	HTTPS://WWW.FINDTHISBEST.COM/BRAND/872022-FELTYBED
FEMAGIQUE	FEMAGIQUE	findthisbest.com	HTTPS://WWW.FINDTHISBEST.COM/BRAND/96014-FEMAGIQUE
FEMBW	FEMBW	findthisbest.com	HTTPS://WWW.FINDTHISBEST.COM/BRAND/331148-FEMBW
FEMEDO	FEMEDO	findthisbest.com	HTTPS://WWW.FINDTHISBEST.COM/BRAND/265930-FEMEDO
FEMILA	FEMILA	findthisbest.com	HTTPS://WWW.FINDTHISBEST.COM/BRAND/214612-FEMILA
FEMIVO	FEMIVO	findthisbest.com	HTTPS://WWW.FINDTHISBEST.COM/BRAND/558084-FEMIVO
FEMONY	FEMONY	findthisbest.com	HTTPS://WWW.FINDTHISBEST.COM/BRAND/154985-FEMONY
FENDIROCIK	FENDIROCIK	findthisbest.com	HTTPS://WWW.FINDTHISBEST.COM/BRAND/860154-FENDIROCIK
FENGHUAGLASSHOME	FENGHUAGLASSHOME	findthisbest.com	HTTPS://WWW.FINDTHISBEST.COM/BRAND/179737-FENGHUA-GLASS-HOME
FENGJINRUHUA	FENGJINRUHUA	findthisbest.com	HTTPS://WWW.FINDTHISBEST.COM/BRAND/255704-FENGJINRUHUA
FENGLIREN	FENGLIREN	findthisbest.com	HTTPS://WWW.FINDTHISBEST.COM/BRAND/349051-FENGLIREN
FENGSON	FENGSON	findthisbest.com	HTTPS://WWW.FINDTHISBEST.COM/BRAND/356112-FENGSON
FENGWANGLI	FENGWANGLI	findthisbest.com	HTTPS://WWW.FINDTHISBEST.COM/BRAND/124253-FENGWANGLI
FEOIE	FEOIE	findthisbest.com	HTTPS://WWW.FINDTHISBEST.COM/BRAND/560590-FEOIE
FEOMOS	FEOMOS	findthisbest.com	HTTPS://WWW.FINDTHISBEST.COM/BRAND/320265-FEOMOS
FERBON	SIRABE	findthisbest.com	HTTPS://WWW.FINDTHISBEST.COM/BRAND/3948-SIRABE
FERGRELM	FERGRELM	findthisbest.com	HTTPS://WWW.FINDTHISBEST.COM/BRAND/553793-FERGRELM
FERGRELMI	FERGRELM	findthisbest.com	HTTPS://WWW.FINDTHISBEST.COM/BRAND/553793-FERGRELM
FERGRELMJ	FERGRELM	findthisbest.com	HTTPS://WWW.FINDTHISBEST.COM/BRAND/553793-FERGRELM
FERLLY	FERLLY	findthisbest.com	HTTPS://WWW.FINDTHISBEST.COM/BRAND/885888-FERLLY
FESCUTY	FESCUTY	findthisbest.com	HTTPS://WWW.FINDTHISBEST.COM/BRAND/347623-FESCUTY
FESSYC	FESSPRODUCTS	findthisbest.com	HTTPS://WWW.FINDTHISBEST.COM/BRAND/65952-FESS-PRODUCTS
FETECHMATE	FETECHMATE	findthisbest.com	HTTPS://WWW.FINDTHISBEST.COM/BRAND/358407-FETECHMATE
FETEULO	FETEULO	findthisbest.com	HTTPS://WWW.FINDTHISBEST.COM/BRAND/296329-FETEULO
FEULOVER	FEULOVER	findthisbest.com	HTTPS://WWW.FINDTHISBEST.COM/BRAND/90489-FEULOVER
FEYRINX	FEYRINX	findthisbest.com	HTTPS://WWW.FINDTHISBEST.COM/BRAND/102979-FEYRINX
FFILY	FFILY	findthisbest.com	HTTPS://WWW.FINDTHISBEST.COM/BRAND/346510-FFILY
FFSIGN	FFSIGN	findthisbest.com	HTTPS://WWW.FINDTHISBEST.COM/BRAND/66721-FFSIGN
FGBNM	FGBNM	findthisbest.com	HTTPS://WWW.FINDTHISBEST.COM/BRAND/845321-FGBNM
FGERT	FGERT	findthisbest.com	HTTPS://WWW.FINDTHISBEST.COM/BRAND/769342-FGERT
FGSADI	FGSADI	findthisbest.com	HTTPS://WWW.FINDTHISBEST.COM/BRAND/440891-FGSADI
FHEAICR	FHEAICR	findthisbest.com	HTTPS://WWW.FINDTHISBEST.COM/BRAND/466363-FHEAICR
FHZYTG	FHZYTG	findthisbest.com	HTTPS://WWW.FINDTHISBEST.COM/BRAND/371842-FHZYTG
FIAVUS	FYVUS	findthisbest.com	HTTPS://WWW.FINDTHISBEST.COM/BRAND/830420-FYVUS
FIBOSTEEL	FIBOSTEEL	findthisbest.com	HTTPS://WWW.FINDTHISBEST.COM/BRAND/96597-FIBO-STEEL
FICJEAD	FICJEAD	findthisbest.com	HTTPS://WWW.FINDTHISBEST.COM/BRAND/589228-FICJEAD
FICOSZO	FICOSZO	findthisbest.com	HTTPS://WWW.FINDTHISBEST.COM/BRAND/668999-FICOSZO
FIDUCIALHOME	FIDUCIALHOME	findthisbest.com	HTTPS://WWW.FINDTHISBEST.COM/BRAND/41527-FIDUCIAL-HOME
FIERCESAFETY	FIERCESAFETY	findthisbest.com	HTTPS://WWW.FINDTHISBEST.COM/BRAND/362403-FIERCE-SAFETY
FIERRESHANN	FEIRSH	findthisbest.com	HTTPS://WWW.FINDTHISBEST.COM/BRAND/60441-FEIRSH
FIEWSZIHU	FIEWSZIHU	findthisbest.com	HTTPS://WWW.FINDTHISBEST.COM/BRAND/359625-FIEWSZIHU
FIFTHSTART	FIFTHSTART	findthisbest.com	HTTPS://WWW.FINDTHISBEST.COM/BRAND/232618-FIFTHSTART
FIGOLO	FIGOLO	findthisbest.com	HTTPS://WWW.FINDTHISBEST.COM/BRAND/31319-FIGOLO
FIITY	FIITY	findthisbest.com	HTTPS://WWW.FINDTHISBEST.COM/BRAND/860657-FIITY
FILEBARFACTORY	FILEBARFACTORY	findthisbest.com	HTTPS://WWW.FINDTHISBEST.COM/BRAND/39928-FILE-BAR-FACTORY
FILMGOO	FILMGOO	findthisbest.com	HTTPS://WWW.FINDTHISBEST.COM/BRAND/153559-FILMGOO
FILMHOO	FILMHOO	findthisbest.com	HTTPS://WWW.FINDTHISBEST.COM/BRAND/380399-FILMHOO
FIMIANG	FIMIANG	findthisbest.com	HTTPS://WWW.FINDTHISBEST.COM/BRAND/545904-FIMIANG
FINDCHIC	FINDCHIC	findthisbest.com	HTTPS://WWW.FINDTHISBEST.COM/BRAND/193610-FINDCHIC
FINDEROMEND	FINDEROMEND	findthisbest.com	HTTPS://WWW.FINDTHISBEST.COM/BRAND/173754-FINDEROMEND
FINDMALL	FINDMALL	findthisbest.com	HTTPS://WWW.FINDTHISBEST.COM/BRAND/12498-FINDMALL
FINDTOP	FINDTOP	findthisbest.com	HTTPS://WWW.FINDTHISBEST.COM/BRAND/8800-FINDTOP
FINEBELY	FINEBELY	findthisbest.com	HTTPS://WWW.FINDTHISBEST.COM/BRAND/372021-FINEBELY
FINENI	FINENI	findthisbest.com	HTTPS://WWW.FINDTHISBEST.COM/BRAND/347197-FINENI
FINESCASA	FINECASA	findthisbest.com	HTTPS://WWW.FINDTHISBEST.COM/BRAND/293952-FINECASA
FINESSCITY	FINESSCITY	findthisbest.com	HTTPS://WWW.FINDTHISBEST.COM/BRAND/20766-FINESSCITY
FINESTEP	FINESTEP	findthisbest.com	HTTPS://WWW.FINDTHISBEST.COM/BRAND/322069-FINESTEP
FINGERQUEEN	FINGERQUEEN	findthisbest.com	HTTPS://WWW.FINDTHISBEST.COM/BRAND/262003-FINGER-QUEEN
FINHOMMY	FINNHOMY	findthisbest.com	HTTPS://WWW.FINDTHISBEST.COM/BRAND/11668-FINNHOMY
FINORDER	FINORDER	findthisbest.com	HTTPS://WWW.FINDTHISBEST.COM/BRAND/882888-FINORDER
FINVIE	FINVIE	findthisbest.com	HTTPS://WWW.FINDTHISBEST.COM/BRAND/363665-FINVIE
FINWANLO	FINWANLO	findthisbest.com	HTTPS://WWW.FINDTHISBEST.COM/BRAND/154675-FINWANLO
FIODIO	FIODIO	findthisbest.com	HTTPS://WWW.FINDTHISBEST.COM/BRAND/200247-FIODIO
FIONE	FIONE	findthisbest.com	HTTPS://WWW.FINDTHISBEST.COM/BRAND/776821-FIONE
FIRDNYOHS	FIRDNYOHS	findthisbest.com	HTTPS://WWW.FINDTHISBEST.COM/BRAND/866082-FIRDNYOHS
FIREKYLIN	FIREKYLIN	findthisbest.com	HTTPS://WWW.FINDTHISBEST.COM/BRAND/33447-FIREKYLIN
FIREYOURACING	FIREYOURACING	findthisbest.com	HTTPS://WWW.FINDTHISBEST.COM/BRAND/388209-FIREYOURACING
FIRJOY	FIRJOY	findthisbest.com	HTTPS://WWW.FINDTHISBEST.COM/BRAND/408259-FIRJOY
FIRKIAL	FIRIKER	findthisbest.com	HTTPS://WWW.FINDTHISBEST.COM/BRAND/103947-FIRIKER
FIRONST	FIRONST	findthisbest.com	HTTPS://WWW.FINDTHISBEST.COM/BRAND/56279-FIRONST
FIRPEESY	FIRPEESY	findthisbest.com	HTTPS://WWW.FINDTHISBEST.COM/BRAND/846892-FIRPEESY
FIRSTBOTANYCOSMECEUTICALS	FIRSTBOTANYCOSMECEUTICALS	findthisbest.com	HTTPS://WWW.FINDTHISBEST.COM/BRAND/13637-FIRST-BOTANY-COSMECEUTICALS
FIRSTING	FIRSTING	findthisbest.com	HTTPS://WWW.FINDTHISBEST.COM/BRAND/112299-FIRSTING
FIRSTLCD	FIRSTLCD	findthisbest.com	HTTPS://WWW.FINDTHISBEST.COM/BRAND/256729-FIRSTLCD
FIRYAWEE	FIRYAWEE	findthisbest.com	HTTPS://WWW.FINDTHISBEST.COM/BRAND/199185-FIRYAWEE
FISHYUAN	FISHYUAN	findthisbest.com	HTTPS://WWW.FINDTHISBEST.COM/BRAND/310158-FISHYUAN
FITDOM	FITDOM	findthisbest.com	HTTPS://WWW.FINDTHISBEST.COM/BRAND/31358-FITDOM
FITFABHOME	FITFABHOME	findthisbest.com	HTTPS://WWW.FINDTHISBEST.COM/BRAND/75245-FITFABHOME
FITGRIFF	FITGRIFF	findthisbest.com	HTTPS://WWW.FINDTHISBEST.COM/BRAND/860687-FITGRIFF
FITINHOT	FITINHOT	findthisbest.com	HTTPS://WWW.FINDTHISBEST.COM/BRAND/570461-FITINHOT
FITINONE	FITINONE	findthisbest.com	HTTPS://WWW.FINDTHISBEST.COM/BRAND/860693-FITINONE
FITNCLEANHERBSANDSPICES	FITNCLEANHERBSANDSPICES	findthisbest.com	HTTPS://WWW.FINDTHISBEST.COM/BRAND/62450-FITNCLEAN-HERBS-AND-SPICES
FITNESSINVENTION	FITNESSINVENTION	findthisbest.com	HTTPS://WWW.FINDTHISBEST.COM/BRAND/50745-FITNESS-INVENTION
FITNIV	FITNIV	findthisbest.com	HTTPS://WWW.FINDTHISBEST.COM/BRAND/405172-FITNIV
FITOOL	FITOOL	findthisbest.com	HTTPS://WWW.FINDTHISBEST.COM/BRAND/12063-FITOOL
FITSAN	FITSAN	findthisbest.com	HTTPS://WWW.FINDTHISBEST.COM/BRAND/260909-FITSAN
FITST4SPORTS	FITST4SPORTS	findthisbest.com	HTTPS://WWW.FINDTHISBEST.COM/BRAND/21519-FITST4-SPORTS
FITTDYHE	FITTDYHE	findthisbest.com	HTTPS://WWW.FINDTHISBEST.COM/BRAND/701334-FITTDYHE
FITTERSNICHE	FITTERSNICHE	findthisbest.com	HTTPS://WWW.FINDTHISBEST.COM/BRAND/209539-FITTERS-NICHE
FIUSEM	FIUSEM	findthisbest.com	HTTPS://WWW.FINDTHISBEST.COM/BRAND/197765-FIUSEM
FIVAHIVA	FIVAHIVA	findthisbest.com	HTTPS://WWW.FINDTHISBEST.COM/BRAND/485019-FIVAHIVA
FIVESUN	FIVESUN	findthisbest.com	HTTPS://WWW.FINDTHISBEST.COM/BRAND/882165-FIVESUN
FIVTYILY	FIVTYILY	findthisbest.com	HTTPS://WWW.FINDTHISBEST.COM/BRAND/138219-FIVTYILY
FIWWAT	FIWWAT	findthisbest.com	HTTPS://WWW.FINDTHISBEST.COM/BRAND/898115-FIWWAT
FIXCRACKED	FIXCRACKED	findthisbest.com	HTTPS://WWW.FINDTHISBEST.COM/BRAND/5091-FIXCRACKED
FIXSON	FIXSON	findthisbest.com	HTTPS://WWW.FINDTHISBEST.COM/BRAND/370828-FIXSON
FIYAPOO	FIYAPOO	findthisbest.com	HTTPS://WWW.FINDTHISBEST.COM/BRAND/858487-FIYAPOO
FJFJOPK	FJFJOPK	findthisbest.com	HTTPS://WWW.FINDTHISBEST.COM/BRAND/857694-FJFJOPK
FLADY	FLADY	findthisbest.com	HTTPS://WWW.FINDTHISBEST.COM/BRAND/185064-FLADY
FLAGOLDEN	FLAGOLDEN	findthisbest.com	HTTPS://WWW.FINDTHISBEST.COM/BRAND/648983-FLAGOLDEN
FLAGPAD	EHTFLAGS	findthisbest.com	HTTPS://WWW.FINDTHISBEST.COM/BRAND/446283-EHT-FLAGS
FLALIVI	FLALIVI	findthisbest.com	HTTPS://WWW.FINDTHISBEST.COM/BRAND/79196-FLALIVI
FLAMESHADE	FLAMESHADE	findthisbest.com	HTTPS://WWW.FINDTHISBEST.COM/BRAND/173155-FLAMESHADE
FLASHINGPANDA	FLASHINGPANDA	findthisbest.com	HTTPS://WWW.FINDTHISBEST.COM/BRAND/226633-FLASHING-PANDA
FLAVORFOREST	FLAVORFOREST	findthisbest.com	HTTPS://WWW.FINDTHISBEST.COM/BRAND/92388-FLAVOR-FOREST
FLAVORTHINGS	FLAVORTHINGS	findthisbest.com	HTTPS://WWW.FINDTHISBEST.COM/BRAND/239635-FLAVORTHINGS
FLAWLESSYOUNGERPERFECT	FLAWLESSYOUNGERPERFECT	findthisbest.com	HTTPS://WWW.FINDTHISBEST.COM/BRAND/4208-FLAWLESS-YOUNGER-PERFECT
FLBER	FLBER	findthisbest.com	HTTPS://WWW.FINDTHISBEST.COM/BRAND/6788-FLBER
FLBFORELIBRA	FLBFORELIBRA	findthisbest.com	HTTPS://WWW.FINDTHISBEST.COM/BRAND/868481-FLB-FORELIBRA
FLEBE	FLEBE	findthisbest.com	HTTPS://WWW.FINDTHISBEST.COM/BRAND/626705-FLEBE
FLECOM	FLECOM	findthisbest.com	HTTPS://WWW.FINDTHISBEST.COM/BRAND/190066-FLECOM
FLEEBS	FLEEBS	findthisbest.com	HTTPS://WWW.FINDTHISBEST.COM/BRAND/30317-FLEEBS
FLESSER	FLESSER	findthisbest.com	HTTPS://WWW.FINDTHISBEST.COM/BRAND/291507-FLESSER
FLIEKS	FLIEKS	findthisbest.com	HTTPS://WWW.FINDTHISBEST.COM/BRAND/239390-FLIEKS
FLINXE	FLINXE	findthisbest.com	HTTPS://WWW.FINDTHISBEST.COM/BRAND/705825-FLINXE
FLKAYJM	FLKAYJM	findthisbest.com	HTTPS://WWW.FINDTHISBEST.COM/BRAND/700027-FLKAYJM
FLOODOOR	FLOODOOR	findthisbest.com	HTTPS://WWW.FINDTHISBEST.COM/BRAND/250403-FLOODOOR
FLORIAX	FLORIAX	findthisbest.com	HTTPS://WWW.FINDTHISBEST.COM/BRAND/351996-FLORIAX
FLORLAB	FLORLAB	findthisbest.com	HTTPS://WWW.FINDTHISBEST.COM/BRAND/235857-FLORLAB
FLOWFLY	FLOWFLY	findthisbest.com	HTTPS://WWW.FINDTHISBEST.COM/BRAND/117603-FLOWFLY
FLOWLAMP	FLOWLAMP	findthisbest.com	HTTPS://WWW.FINDTHISBEST.COM/BRAND/439947-FLOWLAMP
FLPMIX	FLPMIX	findthisbest.com	HTTPS://WWW.FINDTHISBEST.COM/BRAND/844931-FLPMIX
FLROLOVE	FLROLOVE	findthisbest.com	HTTPS://WWW.FINDTHISBEST.COM/BRAND/112725-FLROLOVE
FLUENTPOWER	FLUENTPOWER	findthisbest.com	HTTPS://WWW.FINDTHISBEST.COM/BRAND/79656-FLUENTPOWER
FLUENTPOWERSTAINLESSLONGERDURATI	FLUENTPOWER	findthisbest.com	HTTPS://WWW.FINDTHISBEST.COM/BRAND/79656-FLUENTPOWER
FLYBAY	FLYBAY	findthisbest.com	HTTPS://WWW.FINDTHISBEST.COM/BRAND/357175-FLYBAY
FLYBOO	FLYBOO	findthisbest.com	HTTPS://WWW.FINDTHISBEST.COM/BRAND/13110-FLYBOO
FLYCLE	FLYCLE	findthisbest.com	HTTPS://WWW.FINDTHISBEST.COM/BRAND/163465-FLYCLE
FLYDEM	FLYDEM	findthisbest.com	HTTPS://WWW.FINDTHISBEST.COM/BRAND/404519-FLYDEM
FLYHIT	FLYHIT	findthisbest.com	HTTPS://WWW.FINDTHISBEST.COM/BRAND/858474-FLYHIT
FLYINGSEA	FLYINGSEA	findthisbest.com	HTTPS://WWW.FINDTHISBEST.COM/BRAND/28943-FLYINGSEA
FLYINGSEEDS	FLYINGSEEDS	findthisbest.com	HTTPS://WWW.FINDTHISBEST.COM/BRAND/371945-FLYINGSEEDS
FLYNSU	FLYNSU	findthisbest.com	HTTPS://WWW.FINDTHISBEST.COM/BRAND/863789-FLYNSU
FLYONSEA	FLYONSEA	findthisbest.com	HTTPS://WWW.FINDTHISBEST.COM/BRAND/114185-FLYONSEA
FLYOUKKI	FLYOUKKI	findthisbest.com	HTTPS://WWW.FINDTHISBEST.COM/BRAND/5155-FLYOUKKI
FLYPARK	FLYPARK	findthisbest.com	HTTPS://WWW.FINDTHISBEST.COM/BRAND/894097-FLYPARK
FLYPARTY	FLYPARTY	findthisbest.com	HTTPS://WWW.FINDTHISBEST.COM/BRAND/141904-FLYPARTY
FLYSEAGO	FLYSEAGO	findthisbest.com	HTTPS://WWW.FINDTHISBEST.COM/BRAND/858901-FLYSEAGO
FLYSKIP	FLYSKIP	findthisbest.com	HTTPS://WWW.FINDTHISBEST.COM/BRAND/79009-FLYSKIP
FLYTUO	FLYTUO	findthisbest.com	HTTPS://WWW.FINDTHISBEST.COM/BRAND/300838-FLYTUO
FLYUN	FLYUN	findthisbest.com	HTTPS://WWW.FINDTHISBEST.COM/BRAND/99412-FLYUN
FLYWIND	FLYWIND	findthisbest.com	HTTPS://WWW.FINDTHISBEST.COM/BRAND/490613-FLYWIND
FMJI	MESINURS	findthisbest.com	HTTPS://WWW.FINDTHISBEST.COM/BRAND/33045-MESINURS
FNINE	FNINE	findthisbest.com	HTTPS://WWW.FINDTHISBEST.COM/BRAND/24160-FNINE
FOANRIY	FOANRIY	findthisbest.com	HTTPS://WWW.FINDTHISBEST.COM/BRAND/262559-FOANRIY
FOCASEY	FOCASEY	findthisbest.com	HTTPS://WWW.FINDTHISBEST.COM/BRAND/528244-FOCASEY
FOCEVI	FOCEVI	findthisbest.com	HTTPS://WWW.FINDTHISBEST.COM/BRAND/27670-FOCEVI
FOCHEW	FOCHEW	findthisbest.com	HTTPS://WWW.FINDTHISBEST.COM/BRAND/277716-FOCHEW
FOCONDOT	FOCONDOT	findthisbest.com	HTTPS://WWW.FINDTHISBEST.COM/BRAND/213746-FOCONDOT
FOCOPO	FOCOPO	findthisbest.com	HTTPS://WWW.FINDTHISBEST.COM/BRAND/612105-FOCOPO
FOCUSCARE	FOCUSCARE	findthisbest.com	HTTPS://WWW.FINDTHISBEST.COM/BRAND/48831-FOCUSCARE
FOCUSFOTO	FOCUSFOTO	findthisbest.com	HTTPS://WWW.FINDTHISBEST.COM/BRAND/60173-FOCUSFOTO
FOHERE	FOHERE	findthisbest.com	HTTPS://WWW.FINDTHISBEST.COM/BRAND/660834-FOHERE
FOHOMA	FOHOMA	findthisbest.com	HTTPS://WWW.FINDTHISBEST.COM/BRAND/181384-FOHOMA
FOINWER	FOINWER	findthisbest.com	HTTPS://WWW.FINDTHISBEST.COM/BRAND/339070-FOINWER
FOKENZARY	FOKENZARY	findthisbest.com	HTTPS://WWW.FINDTHISBEST.COM/BRAND/160921-FOKENZARY
FOKEY	FOKEY	findthisbest.com	HTTPS://WWW.FINDTHISBEST.COM/BRAND/888333-FOKEY
FOLAIRUI	FOLUU	findthisbest.com	HTTPS://WWW.FINDTHISBEST.COM/BRAND/189219-FOLUU
FOLIND	FOLIND	findthisbest.com	HTTPS://WWW.FINDTHISBEST.COM/BRAND/276072-FOLIND
FOLKSYSUPERKITCHEN	FOLKSYSUPERKITCHEN	findthisbest.com	HTTPS://WWW.FINDTHISBEST.COM/BRAND/33532-FOLKSY-SUPER-KITCHEN
FOLOSAFENAR	FOLOSAFENAR	findthisbest.com	HTTPS://WWW.FINDTHISBEST.COM/BRAND/892818-FOLOSAFENAR
FOLUU	FOLUU	findthisbest.com	HTTPS://WWW.FINDTHISBEST.COM/BRAND/189219-FOLUU
FOMANSH	FOMANSH	findthisbest.com	HTTPS://WWW.FINDTHISBEST.COM/BRAND/8059-FOMANSH
FOMGEELY	FOAMILY	findthisbest.com	HTTPS://WWW.FINDTHISBEST.COM/BRAND/6839-FOAMILY
FOMTOR	FOMTOR	findthisbest.com	HTTPS://WWW.FINDTHISBEST.COM/BRAND/20580-FOMTOR
FONASDY	FONMY	findthisbest.com	HTTPS://WWW.FINDTHISBEST.COM/BRAND/58238-FONMY
FONCUSUN	FONUS	findthisbest.com	HTTPS://WWW.FINDTHISBEST.COM/BRAND/190101-FONUS
FONDAY	FONDAY	findthisbest.com	HTTPS://WWW.FINDTHISBEST.COM/BRAND/394641-FONDAY
FOODVILLE	FOODVILLE	findthisbest.com	HTTPS://WWW.FINDTHISBEST.COM/BRAND/6732-FOODVILLE
FOPAMTRIPLANTS	FOPAMTRI	findthisbest.com	HTTPS://WWW.FINDTHISBEST.COM/BRAND/68112-FOPAMTRI
FORCEATT	FORCEATT	findthisbest.com	HTTPS://WWW.FINDTHISBEST.COM/BRAND/72943-FORCEATT
FOREMODE	FOREMODE	findthisbest.com	HTTPS://WWW.FINDTHISBEST.COM/BRAND/158884-FOREMODE
FORENSICSDETECTORSFD	FORENSICSDETECTORSFD	findthisbest.com	HTTPS://WWW.FINDTHISBEST.COM/BRAND/12643-FORENSICS-DETECTORS-FD
FORETOO	FORETOO	findthisbest.com	HTTPS://WWW.FINDTHISBEST.COM/BRAND/5212-FORETOO
FOREVICH	FOREVICH	findthisbest.com	HTTPS://WWW.FINDTHISBEST.COM/BRAND/680777-FOREVICH
FORGEMITH	FORGEMITH	findthisbest.com	HTTPS://WWW.FINDTHISBEST.COM/BRAND/559249-FORGEMITH
FORHELP	FORHELP	findthisbest.com	HTTPS://WWW.FINDTHISBEST.COM/BRAND/882033-FORHELP
FORICH	FORICH	findthisbest.com	HTTPS://WWW.FINDTHISBEST.COM/BRAND/282331-FORICH
FORLOVV	FORLOVV	findthisbest.com	HTTPS://WWW.FINDTHISBEST.COM/BRAND/34128-FORLOVV
FORROVENCO	FORROVENCO	findthisbest.com	HTTPS://WWW.FINDTHISBEST.COM/BRAND/880635-FORROVENCO
FORTUNERSHOP	FORTUNERSHOP	findthisbest.com	HTTPS://WWW.FINDTHISBEST.COM/BRAND/130248-FORTUNERSHOP
FORTUNINGSJDS	FORTUNINGSJDS	findthisbest.com	HTTPS://WWW.FINDTHISBEST.COM/BRAND/348279-FORTUNINGS-JDS
FORTY4	FORTY4	findthisbest.com	HTTPS://WWW.FINDTHISBEST.COM/BRAND/126221-FORTY4
FORULY	FORULY	findthisbest.com	HTTPS://WWW.FINDTHISBEST.COM/BRAND/866773-FORULY
FOSKU	FOSKU	findthisbest.com	HTTPS://WWW.FINDTHISBEST.COM/BRAND/164511-FOSKU
FOSLUOC	FOSLUOC	findthisbest.com	HTTPS://WWW.FINDTHISBEST.COM/BRAND/733978-FOSLUOC
FOSTOY	FOSTOY	findthisbest.com	HTTPS://WWW.FINDTHISBEST.COM/BRAND/19006-FOSTOY
FOTMISHU	FOISHU	findthisbest.com	HTTPS://WWW.FINDTHISBEST.COM/BRAND/355411-FOTMISHU
FOTO4EASY	FOTO4EASY	findthisbest.com	HTTPS://WWW.FINDTHISBEST.COM/BRAND/904658-FOTO4EASY
FOTOCREAT	FOTOCREAT	findthisbest.com	HTTPS://WWW.FINDTHISBEST.COM/BRAND/288614-FOTOCREAT
FOTOTECH	FOTOTECH	findthisbest.com	HTTPS://WWW.FINDTHISBEST.COM/BRAND/14014-FOTOTECH
FOUCASAL	FOUCASAL	findthisbest.com	HTTPS://WWW.FINDTHISBEST.COM/BRAND/315364-FOUCASAL
FOUCECLAUS	FOUCECLAUS	findthisbest.com	HTTPS://WWW.FINDTHISBEST.COM/BRAND/23408-FOUCECLAUS
FOUGCOL	FOUGCOL	findthisbest.com	HTTPS://WWW.FINDTHISBEST.COM/BRAND/585283-FOUGCOL
FOUGEITTS	FOUGEITTS	findthisbest.com	HTTPS://WWW.FINDTHISBEST.COM/BRAND/813038-FOUGEITTS
FOVCOS	FOVCOS	findthisbest.com	HTTPS://WWW.FINDTHISBEST.COM/BRAND/836062-FOVCOS
FOVEROS	FOVEROS	findthisbest.com	HTTPS://WWW.FINDTHISBEST.COM/BRAND/869079-FOVEROS
FOXNSK	FOXNSK	findthisbest.com	HTTPS://WWW.FINDTHISBEST.COM/BRAND/46923-FOXNSK
FOYOFLY	FOYOFLY	findthisbest.com	HTTPS://WWW.FINDTHISBEST.COM/BRAND/320246-FOYOFLY
FOYUEH	FOYUEE	findthisbest.com	HTTPS://WWW.FINDTHISBEST.COM/BRAND/12207-FOYUEE
FQPVO	KSWLOR	findthisbest.com	HTTPS://WWW.FINDTHISBEST.COM/BRAND/525742-KSWLOR
FQYEP	FKEEP	findthisbest.com	HTTPS://WWW.FINDTHISBEST.COM/BRAND/894447-FKEEP
FRAGRAIM	FRAGRAIM	findthisbest.com	HTTPS://WWW.FINDTHISBEST.COM/BRAND/18461-FRAGRAIM
FRALIMK	FRALIMK	findthisbest.com	HTTPS://WWW.FINDTHISBEST.COM/BRAND/358411-FRALIMK
FRANKMATE	FRANKMATE	findthisbest.com	HTTPS://WWW.FINDTHISBEST.COM/BRAND/345857-FRANKMATE
FRASUKIS	FRASUKIS	findthisbest.com	HTTPS://WWW.FINDTHISBEST.COM/BRAND/58758-FRASUKIS
FRASUKISFRASUKIS	FRASUKIS	findthisbest.com	HTTPS://WWW.FINDTHISBEST.COM/BRAND/58758-FRASUKIS
FREDRM	FREDRM	findthisbest.com	HTTPS://WWW.FINDTHISBEST.COM/BRAND/73207-FREDRM
FREEKITE	FREEKITE	findthisbest.com	HTTPS://WWW.FINDTHISBEST.COM/BRAND/73103-FREEKITE
FREGENBO	FREGENBO	findthisbest.com	HTTPS://WWW.FINDTHISBEST.COM/BRAND/355879-FREGENBO
FRENESSA	FRENESSA	findthisbest.com	HTTPS://WWW.FINDTHISBEST.COM/BRAND/24954-FRENESSA
FRERDUI	FRERDUI	findthisbest.com	HTTPS://WWW.FINDTHISBEST.COM/BRAND/528331-FRERDUI
FRESHFIELDNATURALS	FRESHFIELDNATURALS	findthisbest.com	HTTPS://WWW.FINDTHISBEST.COM/BRAND/54630-FRESHFIELD-NATURALS
FRESHFINEST	FRESHFINEST	findthisbest.com	HTTPS://WWW.FINDTHISBEST.COM/BRAND/848011-FRESH-FINEST
FRESHKEEPER	FRESHKEEPER	findthisbest.com	HTTPS://WWW.FINDTHISBEST.COM/BRAND/837616-FRESHKEEPER
FRESHLAND	FRESHLAND	findthisbest.com	HTTPS://WWW.FINDTHISBEST.COM/BRAND/704086-FRESHLAND
FRESTAR	FRESTAR	findthisbest.com	HTTPS://WWW.FINDTHISBEST.COM/BRAND/887183-FRESTAR
FRETECH	FRETECH	findthisbest.com	HTTPS://WWW.FINDTHISBEST.COM/BRAND/307343-FRETECH
FRICARE	FRICARE	findthisbest.com	HTTPS://WWW.FINDTHISBEST.COM/BRAND/45411-FRICARE
FRIDEKOHOME	FRIDEKOHOME	findthisbest.com	HTTPS://WWW.FINDTHISBEST.COM/BRAND/80457-FRIDEKO-HOME
FRIDEMOK	BORUIT	findthisbest.com	HTTPS://WWW.FINDTHISBEST.COM/BRAND/212790-BORUIT
FRIENDRIVER	FRIENDRIVER	findthisbest.com	HTTPS://WWW.FINDTHISBEST.COM/BRAND/883196-FRIENDRIVER
FRIMOONY	FRIMOONY	findthisbest.com	HTTPS://WWW.FINDTHISBEST.COM/BRAND/56867-FRIMOONY
FRNIAMC	FRNIAMC	findthisbest.com	HTTPS://WWW.FINDTHISBEST.COM/BRAND/39934-FRNIAMC
FROGGEN	FROGGEN	findthisbest.com	HTTPS://WWW.FINDTHISBEST.COM/BRAND/405464-FROGGEN
FROMANN	FROMANN	findthisbest.com	HTTPS://WWW.FINDTHISBEST.COM/BRAND/67934-FROMANN
FRONTYARDORIGINALS	FRONTYARDORIGINALS	findthisbest.com	HTTPS://WWW.FINDTHISBEST.COM/BRAND/379250-FRONTYARD-ORIGINALS
FROZZUR	FROZZUR	findthisbest.com	HTTPS://WWW.FINDTHISBEST.COM/BRAND/356065-FROZZUR
FRSKA	FRSKA	findthisbest.com	HTTPS://WWW.FINDTHISBEST.COM/BRAND/482638-FRSKA
FRUIDLES	FRUIDLES	findthisbest.com	HTTPS://WWW.FINDTHISBEST.COM/BRAND/62477-FRUIDLES
FRUNSI	FRUNSI	findthisbest.com	HTTPS://WWW.FINDTHISBEST.COM/BRAND/288408-FRUNSI
FRUSE	FRUSE	findthisbest.com	HTTPS://WWW.FINDTHISBEST.COM/BRAND/645605-FRUSE
FRYLINE	FRYLINE	findthisbest.com	HTTPS://WWW.FINDTHISBEST.COM/BRAND/914169-FRYLINE
FSIGOM	FSIGOM	findthisbest.com	HTTPS://WWW.FINDTHISBEST.COM/BRAND/98867-FSIGOM
FTENLYEN	FTENLYEN	findthisbest.com	HTTPS://WWW.FINDTHISBEST.COM/BRAND/403951-FTENLYEN
FTFGEAR	FTFGEAR	findthisbest.com	HTTPS://WWW.FINDTHISBEST.COM/BRAND/486879-FTF-GEAR
FUAMEY	FUAMEY	findthisbest.com	HTTPS://WWW.FINDTHISBEST.COM/BRAND/464725-FUAMEY
FUBOTAO	FUBOTAO	findthisbest.com	HTTPS://WWW.FINDTHISBEST.COM/BRAND/867452-FUBOTAO
FUDRAGTN	FUDRAGTN	findthisbest.com	HTTPS://WWW.FINDTHISBEST.COM/BRAND/418031-FUDRAGTN
FUGASUN	FUGASUN	findthisbest.com	HTTPS://WWW.FINDTHISBEST.COM/BRAND/97475-FUGASUN
FUHAIEEC	FUHAIEEC	findthisbest.com	HTTPS://WWW.FINDTHISBEST.COM/BRAND/260225-FUHAIEEC
FUHITIM	FUHITIM	findthisbest.com	HTTPS://WWW.FINDTHISBEST.COM/BRAND/863289-FUHITIM
FUHSI	FUHSI	findthisbest.com	HTTPS://WWW.FINDTHISBEST.COM/BRAND/90345-FUHSI
FULAIERGD	FULAIERGD	findthisbest.com	HTTPS://WWW.FINDTHISBEST.COM/BRAND/439442-FULAIERGD
FULGENTE	FULGENTE	findthisbest.com	HTTPS://WWW.FINDTHISBEST.COM/BRAND/301656-FULGENTE
FULIM	FULIM	findthisbest.com	HTTPS://WWW.FINDTHISBEST.COM/BRAND/897389-FULIM
FULLCLEAN	FULLCLEAN	findthisbest.com	HTTPS://WWW.FINDTHISBEST.COM/BRAND/66931-FULLCLEAN
FULLHI	FULLHI	findthisbest.com	HTTPS://WWW.FINDTHISBEST.COM/BRAND/659469-FULLHI
FULLIVE	FULLIVE	findthisbest.com	HTTPS://WWW.FINDTHISBEST.COM/BRAND/14503-FULLIVE
FULLLIGHTTECH	FULLLIGHTTECH	findthisbest.com	HTTPS://WWW.FINDTHISBEST.COM/BRAND/124915-FULLLIGHT-TECH
FULLLIT	FULLLIT	findthisbest.com	HTTPS://WWW.FINDTHISBEST.COM/BRAND/363056-FULLLIT
FULUODE	FULUODE	findthisbest.com	HTTPS://WWW.FINDTHISBEST.COM/BRAND/878184-FULUODE
FUNANASUN	FUNANASUN	findthisbest.com	HTTPS://WWW.FINDTHISBEST.COM/BRAND/18735-FUNANASUN
FUNARTY	FUNARTY	findthisbest.com	HTTPS://WWW.FINDTHISBEST.COM/BRAND/67909-FUNARTY
FUNBAKY	FUNBAKY	findthisbest.com	HTTPS://WWW.FINDTHISBEST.COM/BRAND/33552-FUNBAKY
FUNDADYUS	FUNDADYUS	findthisbest.com	HTTPS://WWW.FINDTHISBEST.COM/BRAND/290572-FUNDADYUS
FUNGDO	FUNGDO	findthisbest.com	HTTPS://WWW.FINDTHISBEST.COM/BRAND/39581-FUNGDO
FUNINDIY	FUNINDIY	findthisbest.com	HTTPS://WWW.FINDTHISBEST.COM/BRAND/228847-FUNINDIY
FUNKAWA	FUNKAWA	findthisbest.com	HTTPS://WWW.FINDTHISBEST.COM/BRAND/221948-FUNKAWA
FUNLE	FUNLE	findthisbest.com	HTTPS://WWW.FINDTHISBEST.COM/BRAND/426708-FUNLE
FUNMOMAMZ	FUNFAMZ	findthisbest.com	HTTPS://WWW.FINDTHISBEST.COM/BRAND/863235-FUNFAMZ
FUNOMO	FUNOMO	findthisbest.com	HTTPS://WWW.FINDTHISBEST.COM/BRAND/588257-FUNOMO
FUNSITE	FUNSITE	findthisbest.com	HTTPS://WWW.FINDTHISBEST.COM/BRAND/355490-FUNSITE
FUNSLAND	FUNSLAND	findthisbest.com	HTTPS://WWW.FINDTHISBEST.COM/BRAND/347692-FUNSLAND
FUNTELL	FUNTELL	findthisbest.com	HTTPS://WWW.FINDTHISBEST.COM/BRAND/398946-FUNTELL
FUNWILL	FUNWILL	findthisbest.com	HTTPS://WWW.FINDTHISBEST.COM/BRAND/140272-FUNWILL
FUQING	FUQING	findthisbest.com	HTTPS://WWW.FINDTHISBEST.COM/BRAND/838517-FUQING
FURALAND	FURALAND	findthisbest.com	HTTPS://WWW.FINDTHISBEST.COM/BRAND/635831-FURALAND
FUREEY	FUREEY	findthisbest.com	HTTPS://WWW.FINDTHISBEST.COM/BRAND/50576-FUREEY
FURIST	FURIST	findthisbest.com	HTTPS://WWW.FINDTHISBEST.COM/BRAND/563378-FURIST
FURLIHONG	FURLIHONG	findthisbest.com	HTTPS://WWW.FINDTHISBEST.COM/BRAND/656271-FURLIHONG
FURLOVE	FURLOVE	findthisbest.com	HTTPS://WWW.FINDTHISBEST.COM/BRAND/14762-FURLOVE
FURNILIVING	FURNILIVING	findthisbest.com	HTTPS://WWW.FINDTHISBEST.COM/BRAND/633319-FURNILIVING
FURNISTAR	FURNISTAR	findthisbest.com	HTTPS://WWW.FINDTHISBEST.COM/BRAND/321977-FURNISTAR
FURPEZOO	FURPEZOO	findthisbest.com	HTTPS://WWW.FINDTHISBEST.COM/BRAND/307295-FURPEZOO
FURRAIN	FURRAIN	findthisbest.com	HTTPS://WWW.FINDTHISBEST.COM/BRAND/33714-FURRAIN
FURVOKIA	FURVOKIA	findthisbest.com	HTTPS://WWW.FINDTHISBEST.COM/BRAND/291505-FURVOKIA
FUSTAR	FUSTAR	findthisbest.com	HTTPS://WWW.FINDTHISBEST.COM/BRAND/850865-FUSTAR
FUTAIKANG	FUTAIKANG	findthisbest.com	HTTPS://WWW.FINDTHISBEST.COM/BRAND/291803-FUTAIKANG
FUTTUMY	FUTTUMY	findthisbest.com	HTTPS://WWW.FINDTHISBEST.COM/BRAND/223567-FUTTUMY
FUTUWI	FUTUWI	findthisbest.com	HTTPS://WWW.FINDTHISBEST.COM/BRAND/394632-FUTUWI
FUXINYA	FUXINYA	findthisbest.com	HTTPS://WWW.FINDTHISBEST.COM/BRAND/857060-FUXINYA
FUXURY	FUXURY	findthisbest.com	HTTPS://WWW.FINDTHISBEST.COM/BRAND/125951-FUXURY
FUYODA	FUYODA	findthisbest.com	HTTPS://WWW.FINDTHISBEST.COM/BRAND/678716-FUYODA
FUZADEL	FUZADEL	findthisbest.com	HTTPS://WWW.FINDTHISBEST.COM/BRAND/253729-FUZADEL
FUZBAXY	FUZBAXY	findthisbest.com	HTTPS://WWW.FINDTHISBEST.COM/BRAND/101106-FUZBAXY
FUZMONOERE	FUZMONOERE	findthisbest.com	HTTPS://WWW.FINDTHISBEST.COM/BRAND/444778-FUZMONOERE
FVSEC	FVSEC	findthisbest.com	HTTPS://WWW.FINDTHISBEST.COM/BRAND/915861-FVSEC
FVTGA	FVTGA	findthisbest.com	HTTPS://WWW.FINDTHISBEST.COM/BRAND/870538-FVTGA
FVW	FVW	findthisbest.com	HTTPS://WWW.FINDTHISBEST.COM/BRAND/90728-FVW
FWPP	FWPP	findthisbest.com	HTTPS://WWW.FINDTHISBEST.COM/BRAND/281886-FWPP
FXXXLTF	FXXXLTF	findthisbest.com	HTTPS://WWW.FINDTHISBEST.COM/BRAND/190935-FXXXLTF
FXZZ	FXZZ	findthisbest.com	HTTPS://WWW.FINDTHISBEST.COM/BRAND/907790-FXZZ
FYANGE	FYANGE	findthisbest.com	HTTPS://WWW.FINDTHISBEST.COM/BRAND/58331-FYANGE
FYEER	FYEER	findthisbest.com	HTTPS://WWW.FINDTHISBEST.COM/BRAND/248979-FYEER
FYESS	FYESS	findthisbest.com	HTTPS://WWW.FINDTHISBEST.COM/BRAND/235315-FYESS
FYHEART	FYHEART	findthisbest.com	HTTPS://WWW.FINDTHISBEST.COM/BRAND/204792-FYHEART
FYINUOSU	FEINASU	findthisbest.com	HTTPS://WWW.FINDTHISBEST.COM/BRAND/2741-FEINASU
FYMURAL	FYMURAL	findthisbest.com	HTTPS://WWW.FINDTHISBEST.COM/BRAND/890435-FYMURAL
FYOUNG	FYOUNG	findthisbest.com	HTTPS://WWW.FINDTHISBEST.COM/BRAND/42109-FYOUNG
FYRICKYLINOO	FYRICKYLINOO	findthisbest.com	HTTPS://WWW.FINDTHISBEST.COM/BRAND/879184-FYRICKYLINOO
FYSIA	FYSIA	findthisbest.com	HTTPS://WWW.FINDTHISBEST.COM/BRAND/745000-FYSIA
FYSMY	FYSMY	findthisbest.com	HTTPS://WWW.FINDTHISBEST.COM/BRAND/546895-FYSMY
FZCOK	FZCOK	findthisbest.com	HTTPS://WWW.FINDTHISBEST.COM/BRAND/854538-FZCOK
FZUU	FZUU	findthisbest.com	HTTPS://WWW.FINDTHISBEST.COM/BRAND/49521-FZUU
G4S3	G4S3	findthisbest.com	HTTPS://WWW.FINDTHISBEST.COM/BRAND/450809-G4S3
GADGETPARK	GADGETPARK	findthisbest.com	HTTPS://WWW.FINDTHISBEST.COM/BRAND/474528-GADGET-PARK
GADROAD	GADROAD	findthisbest.com	HTTPS://WWW.FINDTHISBEST.COM/BRAND/285398-GADROAD
GAGBK	GAGBK	findthisbest.com	HTTPS://WWW.FINDTHISBEST.COM/BRAND/585877-GAGBK
GAGITER	GAGITER	findthisbest.com	HTTPS://WWW.FINDTHISBEST.COM/BRAND/513287-GAGITER
GAIGAIMALL	GAIGAIMALL	findthisbest.com	HTTPS://WWW.FINDTHISBEST.COM/BRAND/10458-GAIGAIMALL
GAKUS	GAKUS	findthisbest.com	HTTPS://WWW.FINDTHISBEST.COM/BRAND/844766-GAKUS
GALADA	GALADA	findthisbest.com	HTTPS://WWW.FINDTHISBEST.COM/BRAND/440633-GALADA
GALAGEE	GALAGEE	findthisbest.com	HTTPS://WWW.FINDTHISBEST.COM/BRAND/453123-GALAGEE
GALAPPLE	GALAPPLE	findthisbest.com	HTTPS://WWW.FINDTHISBEST.COM/BRAND/590727-GALAPPLE
GALAXPRO	GALAXPRO	findthisbest.com	HTTPS://WWW.FINDTHISBEST.COM/BRAND/12814-GALAX-PRO
GALAXYAUTOSHIELD	GALAXYAUTOSHIELD	findthisbest.com	HTTPS://WWW.FINDTHISBEST.COM/BRAND/644445-GALAXY-AUTO-SHIELD
GALSOAR	GALSOAR	findthisbest.com	HTTPS://WWW.FINDTHISBEST.COM/BRAND/298416-GALSOAR
GAMISOTE	GAMISOTE	findthisbest.com	HTTPS://WWW.FINDTHISBEST.COM/BRAND/113994-GAMISOTE
GAMZOO	GAMZOO	findthisbest.com	HTTPS://WWW.FINDTHISBEST.COM/BRAND/254620-GAMZOO
GANA	GANA	findthisbest.com	HTTPS://WWW.FINDTHISBEST.COM/BRAND/5594-GANA
GANGMUTEC	GANGMUTEC	findthisbest.com	HTTPS://WWW.FINDTHISBEST.COM/BRAND/76406-GANGMU-TEC
GANGOU	GANGOU	findthisbest.com	HTTPS://WWW.FINDTHISBEST.COM/BRAND/124521-GANGOU
GANGZHIBAO	GANGZHIBAO	findthisbest.com	HTTPS://WWW.FINDTHISBEST.COM/BRAND/128226-GANGZHIBAO
GANIUDE	GANIUDE	findthisbest.com	HTTPS://WWW.FINDTHISBEST.COM/BRAND/247174-GANIUDE
GANNK	GANNK	findthisbest.com	HTTPS://WWW.FINDTHISBEST.COM/BRAND/352891-GANNK
GANOPPER	GANOPPER	findthisbest.com	HTTPS://WWW.FINDTHISBEST.COM/BRAND/47063-GANOPPER
GANTENY	GANTENY	findthisbest.com	HTTPS://WWW.FINDTHISBEST.COM/BRAND/822594-GANTENY
GAOBIGE	GAOBIGE	findthisbest.com	HTTPS://WWW.FINDTHISBEST.COM/BRAND/12588-GAOBIGE
GAOCHALE	GAOCHALE	findthisbest.com	HTTPS://WWW.FINDTHISBEST.COM/BRAND/711233-GAOCHALE
GAOCOLD	GAOCOLD	findthisbest.com	HTTPS://WWW.FINDTHISBEST.COM/BRAND/73553-GAOCOLD
GAODUCASH	GAODUCASH	findthisbest.com	HTTPS://WWW.FINDTHISBEST.COM/BRAND/484686-GAODUCASH
GARAGESALEPUP	GARAGESALEPUP	findthisbest.com	HTTPS://WWW.FINDTHISBEST.COM/BRAND/58835-GARAGE-SALE-PUP
GARDEN4EVER	GARDEN4EVER	findthisbest.com	HTTPS://WWW.FINDTHISBEST.COM/BRAND/36390-GARDEN4EVER
GARDENESS	GARDENESS	findthisbest.com	HTTPS://WWW.FINDTHISBEST.COM/BRAND/907411-GARDENESS
GARDENINGWILL	GARDENINGWILL	findthisbest.com	HTTPS://WWW.FINDTHISBEST.COM/BRAND/11656-GARDENINGWILL
GARDENIXDECOR	GARDENIXDECOR	findthisbest.com	HTTPS://WWW.FINDTHISBEST.COM/BRAND/112894-GARDENIX-DECOR
GARDENTAILOR	GARDENTAILOR	findthisbest.com	HTTPS://WWW.FINDTHISBEST.COM/BRAND/285063-GARDEN-TAILOR
GARDESOL	GARDESOL	findthisbest.com	HTTPS://WWW.FINDTHISBEST.COM/BRAND/669942-GARDESOL
GARDHOM	GARDHOM	findthisbest.com	HTTPS://WWW.FINDTHISBEST.COM/BRAND/37297-GARDHOM
GARDRIT	GARDRIT	findthisbest.com	HTTPS://WWW.FINDTHISBEST.COM/BRAND/154705-GARDRIT
GARLICTOYS	GARLICTOYS	findthisbest.com	HTTPS://WWW.FINDTHISBEST.COM/BRAND/569801-GARLICTOYS
GARMAY	GARMAY	findthisbest.com	HTTPS://WWW.FINDTHISBEST.COM/BRAND/288016-GARMAY
GARNOME	GARNOME	findthisbest.com	HTTPS://WWW.FINDTHISBEST.COM/BRAND/781339-GARNOME
GARTO	GARTO	findthisbest.com	HTTPS://WWW.FINDTHISBEST.COM/BRAND/800490-GARTO
GARUNK	GARUNK	findthisbest.com	HTTPS://WWW.FINDTHISBEST.COM/BRAND/110756-GARUNK
GASSAF	GASSAF	findthisbest.com	HTTPS://WWW.FINDTHISBEST.COM/BRAND/11612-GASSAF
GATE1ACCESS	GATE1ACCESS	findthisbest.com	HTTPS://WWW.FINDTHISBEST.COM/BRAND/40053-GATE1ACCESS
GATMAGS	GAAGS	findthisbest.com	HTTPS://WWW.FINDTHISBEST.COM/BRAND/917061-GATMAGS
GAVEMI	GAVEMI	findthisbest.com	HTTPS://WWW.FINDTHISBEST.COM/BRAND/625508-GAVEMI
GAZIGO	GAZIGO	findthisbest.com	HTTPS://WWW.FINDTHISBEST.COM/BRAND/103669-GAZIGO
GAZOZPERFORMANCE	GAZOZPERFORMANCE	findthisbest.com	HTTPS://WWW.FINDTHISBEST.COM/BRAND/104327-GAZOZ-PERFORMANCE
GBEKERY	GBEKERY	findthisbest.com	HTTPS://WWW.FINDTHISBEST.COM/BRAND/871390-GBEKERY
GBIVBE	GBIVBE	findthisbest.com	HTTPS://WWW.FINDTHISBEST.COM/BRAND/368968-GBIVBE
GBVUGY	GGBUY	findthisbest.com	HTTPS://WWW.FINDTHISBEST.COM/BRAND/17715-GGBUY
GCATACC	GCATACC	findthisbest.com	HTTPS://WWW.FINDTHISBEST.COM/BRAND/6432-GCATACC
GCGHOSTCONTROLS	GCGHOSTCONTROLS	findthisbest.com	HTTPS://WWW.FINDTHISBEST.COM/BRAND/40054-GC-GHOST-CONTROLS
GCHTGAMING	GCHTGAMING	findthisbest.com	HTTPS://WWW.FINDTHISBEST.COM/BRAND/255835-GCHT-GAMING
GCSKNIVES	GCSKNIVES	findthisbest.com	HTTPS://WWW.FINDTHISBEST.COM/BRAND/108413-GCS-KNIVES
GCWRITINGQUILL	GCWRITINGQUILL	findthisbest.com	HTTPS://WWW.FINDTHISBEST.COM/BRAND/152819-GC-WRITING-QUILL
GDJOB	GDJOB	findthisbest.com	HTTPS://WWW.FINDTHISBEST.COM/BRAND/859230-GDJOB
GDKEY	GDKEY	findthisbest.com	HTTPS://WWW.FINDTHISBEST.COM/BRAND/99958-GDKEY
GDLMA	GDLMA	findthisbest.com	HTTPS://WWW.FINDTHISBEST.COM/BRAND/315231-GDLMA
GDMONIN	GDMONIN	findthisbest.com	HTTPS://WWW.FINDTHISBEST.COM/BRAND/235925-GDMONIN
GDNZDUTS	GDNZDUTS	findthisbest.com	HTTPS://WWW.FINDTHISBEST.COM/BRAND/114010-GDNZDUTS
GDRPRO	GDRPRO	findthisbest.com	HTTPS://WWW.FINDTHISBEST.COM/BRAND/618769-GDR-PRO
GEANLI	GEANLI	findthisbest.com	HTTPS://WWW.FINDTHISBEST.COM/BRAND/353645-GEANLI
GEARROOT	GEARROOT	findthisbest.com	HTTPS://WWW.FINDTHISBEST.COM/BRAND/260354-GEARROOT
GEBOSUN	GEBOSUN	findthisbest.com	HTTPS://WWW.FINDTHISBEST.COM/BRAND/549159-GEBOSUN
GEEBAT	GEEBAT	findthisbest.com	HTTPS://WWW.FINDTHISBEST.COM/BRAND/145251-GEEBAT
GEEKCHEERS	GEEKCHEERS	findthisbest.com	HTTPS://WWW.FINDTHISBEST.COM/BRAND/173191-GEEK-CHEERS
GEEKCHEF	GEEKCHEF	findthisbest.com	HTTPS://WWW.FINDTHISBEST.COM/BRAND/48554-GEEK-CHEF
GEEKDIGG	GEEKDIGG	findthisbest.com	HTTPS://WWW.FINDTHISBEST.COM/BRAND/1345-GEEKDIGG
GEEKISM	GEEKISM	findthisbest.com	HTTPS://WWW.FINDTHISBEST.COM/BRAND/27149-GEEKISM
GEEKSDOM	GEEKSDOM	findthisbest.com	HTTPS://WWW.FINDTHISBEST.COM/BRAND/349922-GEEKSDOM
GEEKTOP	GEEKTOP	findthisbest.com	HTTPS://WWW.FINDTHISBEST.COM/BRAND/570559-GEEKTOP
GEELINK	GEELINK	findthisbest.com	HTTPS://WWW.FINDTHISBEST.COM/BRAND/780347-GEELINK
GEELYDA	GEELYDA	findthisbest.com	HTTPS://WWW.FINDTHISBEST.COM/BRAND/58060-GEELYDA
GEEMBI	GEEMBI	findthisbest.com	HTTPS://WWW.FINDTHISBEST.COM/BRAND/224761-GEEMBI
GEESTA	GEESTA	findthisbest.com	HTTPS://WWW.FINDTHISBEST.COM/BRAND/6175-GEESTA
GEEVORKS	GEEVORKS	findthisbest.com	HTTPS://WWW.FINDTHISBEST.COM/BRAND/531827-GEEVORKS
GEFFHOUSE	GEFFHOUSE	findthisbest.com	HTTPS://WWW.FINDTHISBEST.COM/BRAND/191242-GEFF-HOUSE
GEFOLLY	GEFOLLY	findthisbest.com	HTTPS://WWW.FINDTHISBEST.COM/BRAND/657618-GEFOLLY
GEFRYCO	GEFRYCO	findthisbest.com	HTTPS://WWW.FINDTHISBEST.COM/BRAND/11007-GEFRYCO
GEHANNAH	GEHANNAH	findthisbest.com	HTTPS://WWW.FINDTHISBEST.COM/BRAND/901392-GEHANNAH
GEKORS	GEKORS	findthisbest.com	HTTPS://WWW.FINDTHISBEST.COM/BRAND/268863-GEKORS
GEKRONE	GEKRONE	findthisbest.com	HTTPS://WWW.FINDTHISBEST.COM/BRAND/364890-GEKRONE
GELEISEN	GELEISEN	findthisbest.com	HTTPS://WWW.FINDTHISBEST.COM/BRAND/405578-GELEISEN
GELESSY	GELESSY	findthisbest.com	HTTPS://WWW.FINDTHISBEST.COM/BRAND/287178-GELESSY
GELIBLE	GELIBLE	findthisbest.com	HTTPS://WWW.FINDTHISBEST.COM/BRAND/148251-GELIBLE
GELIBO	GELIBO	findthisbest.com	HTTPS://WWW.FINDTHISBEST.COM/BRAND/149561-GELIBO
GELOZED	GELOZED	findthisbest.com	HTTPS://WWW.FINDTHISBEST.COM/BRAND/237786-GELOZED
GELUNXIN	GEATAAT	findthisbest.com	HTTPS://WWW.FINDTHISBEST.COM/BRAND/660694-GEATAAT
GEMAXVOLED	GEMAXVOLED	findthisbest.com	HTTPS://WWW.FINDTHISBEST.COM/BRAND/547484-GEMAXVOLED
GEMFUL	GEMFUL	findthisbest.com	HTTPS://WWW.FINDTHISBEST.COM/BRAND/276930-GEMFUL
GEMGOO	GEMGOO	findthisbest.com	HTTPS://WWW.FINDTHISBEST.COM/BRAND/192010-GEMGOO
GEMINIGENIUS	GEMINIGENIUS	findthisbest.com	HTTPS://WWW.FINDTHISBEST.COM/BRAND/252445-GEMINIGENIUS
GEMONEXE	GEMONEXE	findthisbest.com	HTTPS://WWW.FINDTHISBEST.COM/BRAND/525736-GEMONEXE
GEMRED	GEMRED	findthisbest.com	HTTPS://WWW.FINDTHISBEST.COM/BRAND/2737-GEMRED
GEMVIE	GEMVIE	findthisbest.com	HTTPS://WWW.FINDTHISBEST.COM/BRAND/89362-GEMVIE
GEMWONDER	GEMWONDER	findthisbest.com	HTTPS://WWW.FINDTHISBEST.COM/BRAND/323488-GEMWONDER
GENAYGE	GENAYGE	findthisbest.com	HTTPS://WWW.FINDTHISBEST.COM/BRAND/494845-GENAYGE
GENBONS	GENBONS	findthisbest.com	HTTPS://WWW.FINDTHISBEST.COM/BRAND/546877-GENBONS
GENCAREGENERICHEALTHCARE	GENCAREGENERICHEALTHCARE	findthisbest.com	HTTPS://WWW.FINDTHISBEST.COM/BRAND/221489-GENCARE-GENERIC-HEALTHCARE
GENEREP	GENEREP	findthisbest.com	HTTPS://WWW.FINDTHISBEST.COM/BRAND/57798-GENEREP
GENERIES	GENERIESBRANDS	findthisbest.com	HTTPS://WWW.FINDTHISBEST.COM/BRAND/403294-GENERIES-BRANDS
GENIUSCELLS	GENIUSCELLS	findthisbest.com	HTTPS://WWW.FINDTHISBEST.COM/BRAND/253252-GENIUSCELLS
GENIUSDUCK	GENIUSDUCK	findthisbest.com	HTTPS://WWW.FINDTHISBEST.COM/BRAND/607651-GENIUS-DUCK
GERCHWAY	GERCHWAY	findthisbest.com	HTTPS://WWW.FINDTHISBEST.COM/BRAND/255881-GERCHWAY
GERIOR	GERIOR	findthisbest.com	HTTPS://WWW.FINDTHISBEST.COM/BRAND/1572-GERIOR
GERITBATT	GERITBATT	findthisbest.com	HTTPS://WWW.FINDTHISBEST.COM/BRAND/246942-GERIT-BATT
GERRITFANY	GERRITFANY	findthisbest.com	HTTPS://WWW.FINDTHISBEST.COM/BRAND/778647-GERRITFANY
GERSONIEL	GERSONIEL	findthisbest.com	HTTPS://WWW.FINDTHISBEST.COM/BRAND/451990-GERSONIEL
GERUSEA	GERUSEA	findthisbest.com	HTTPS://WWW.FINDTHISBEST.COM/BRAND/654467-GERUSEA
GERYST	GERYST	findthisbest.com	HTTPS://WWW.FINDTHISBEST.COM/BRAND/511152-GERYST
GESIY	RHMIP	findthisbest.com	HTTPS://WWW.FINDTHISBEST.COM/BRAND/483602-RHMIP
GETBACKGORGEOUS	GETBACKGORGEOUS	findthisbest.com	HTTPS://WWW.FINDTHISBEST.COM/BRAND/3995-GET-BACK-GORGEOUS
GETCOTECH	GTGETCOTECH	findthisbest.com	HTTPS://WWW.FINDTHISBEST.COM/BRAND/344263-GT-GETCO-TECH
GETIFUN	GETIFUN	findthisbest.com	HTTPS://WWW.FINDTHISBEST.COM/BRAND/239325-GETIFUN
GEUMRI	GUMMIMI	findthisbest.com	HTTPS://WWW.FINDTHISBEST.COM/BRAND/55126-GUMMIMI
GEVINST	GEVINST	findthisbest.com	HTTPS://WWW.FINDTHISBEST.COM/BRAND/671404-GEVINST
GEWAGE	GEWAGE	findthisbest.com	HTTPS://WWW.FINDTHISBEST.COM/BRAND/489257-GEWAGE
GEYUEYAHOME	GEYUEYAHOME	findthisbest.com	HTTPS://WWW.FINDTHISBEST.COM/BRAND/450331-GEYUEYA-HOME
GFDESIGN	GFDESIGN	findthisbest.com	HTTPS://WWW.FINDTHISBEST.COM/BRAND/16121-GFDESIGN
GGALINER	GGALINER	findthisbest.com	HTTPS://WWW.FINDTHISBEST.COM/BRAND/66359-G-GALINER
GGBUY	GGBUY	findthisbest.com	HTTPS://WWW.FINDTHISBEST.COM/BRAND/17715-GGBUY
GGDE	GGDE	findthisbest.com	HTTPS://WWW.FINDTHISBEST.COM/BRAND/462982-GGDE
GGLTECK	GGLTECK	findthisbest.com	HTTPS://WWW.FINDTHISBEST.COM/BRAND/849005-GGLTECK
GGPOWER	GGGPOWER	findthisbest.com	HTTPS://WWW.FINDTHISBEST.COM/BRAND/205369-G-GGPOWER
GGVOEARS	GGVOEARS	findthisbest.com	HTTPS://WWW.FINDTHISBEST.COM/BRAND/484216-G-GVOEARS
GHEREL	GHEREL	findthisbest.com	HTTPS://WWW.FINDTHISBEST.COM/BRAND/898742-GHEREL
GHFY	GHFY	findthisbest.com	HTTPS://WWW.FINDTHISBEST.COM/BRAND/47010-GHFY
GHOMEG	GHOMEG	findthisbest.com	HTTPS://WWW.FINDTHISBEST.COM/BRAND/153209-GHOMEG
GHOSTTHORN	GHOSTTHORN	findthisbest.com	HTTPS://WWW.FINDTHISBEST.COM/BRAND/75636-GHOST-THORN
GIANNAY	GIANNAY	findthisbest.com	HTTPS://WWW.FINDTHISBEST.COM/BRAND/3818-GIANNAY
GIBOBBY	GIBOBBY	findthisbest.com	HTTPS://WWW.FINDTHISBEST.COM/BRAND/198298-GIBOBBY
GIDEAL	GIDEAL	findthisbest.com	HTTPS://WWW.FINDTHISBEST.COM/BRAND/172980-GIDEAL
GIEESHIELD	GIEESHIELD	findthisbest.com	HTTPS://WWW.FINDTHISBEST.COM/BRAND/898211-GIEESHIELD
GIFTAGIRL	GIFTAGIRL	findthisbest.com	HTTPS://WWW.FINDTHISBEST.COM/BRAND/157553-GIFTAGIRL
GIFTALK	GIFTALK	findthisbest.com	HTTPS://WWW.FINDTHISBEST.COM/BRAND/899966-GIFTALK
GIFTBRIT	GIFTBRIT	findthisbest.com	HTTPS://WWW.FINDTHISBEST.COM/BRAND/237545-GIFTBRIT
GIFTBYGIFTY	GIFTBYGIFTY	findthisbest.com	HTTPS://WWW.FINDTHISBEST.COM/BRAND/325410-GIFTBYGIFTY
GIFTINGGIGGLES	GIFTINGGIGGLES	findthisbest.com	HTTPS://WWW.FINDTHISBEST.COM/BRAND/204387-GIFTING-GIGGLES
GIGGLESMONTESSORI	GIGGLESMONTESSORI	findthisbest.com	HTTPS://WWW.FINDTHISBEST.COM/BRAND/339784-GIGGLES-MONTESSORI
GIHUO	GIHUO	findthisbest.com	HTTPS://WWW.FINDTHISBEST.COM/BRAND/143780-GIHUO
GILEOOPARL	GILEOOPARL	findthisbest.com	HTTPS://WWW.FINDTHISBEST.COM/BRAND/696690-GILEOOPARL
GILIMEDIA	GILIMEDIA	findthisbest.com	HTTPS://WWW.FINDTHISBEST.COM/BRAND/440657-GILIMEDIA
GIMIBOX	GIMIBOX	findthisbest.com	HTTPS://WWW.FINDTHISBEST.COM/BRAND/404721-GIMIBOX
GIMSAN	GIMSAN	findthisbest.com	HTTPS://WWW.FINDTHISBEST.COM/BRAND/36644-GIMSAN
GINBELDIRECT	GINBELDIRECT	findthisbest.com	HTTPS://WWW.FINDTHISBEST.COM/BRAND/69920-GINBEL-DIRECT
GINCHAIN	GINCHAIN	findthisbest.com	HTTPS://WWW.FINDTHISBEST.COM/BRAND/613867-GINCHAIN
GINCLEEY	GINCLEEY	findthisbest.com	HTTPS://WWW.FINDTHISBEST.COM/BRAND/47085-GINCLEEY
GINFOXI	GINFOXI	findthisbest.com	HTTPS://WWW.FINDTHISBEST.COM/BRAND/189725-GIN-FOXI
GINGPAIBOXING	GINGPAIBOXING	findthisbest.com	HTTPS://WWW.FINDTHISBEST.COM/BRAND/263684-GINGPAI-BOXING
GINGPROUS	GINGPROUS	findthisbest.com	HTTPS://WWW.FINDTHISBEST.COM/BRAND/345436-GINGPROUS
GINOGIOVANNI	GINOGIOVANNI	findthisbest.com	HTTPS://WWW.FINDTHISBEST.COM/BRAND/83652-GINO-GIOVANNI
GINOYA	GINOYA	findthisbest.com	HTTPS://WWW.FINDTHISBEST.COM/BRAND/302061-GINOYA
GIOCHEM	GIOCHEM	findthisbest.com	HTTPS://WWW.FINDTHISBEST.COM/BRAND/376211-GIOCHEM
GIOMOC	GIOMOC	findthisbest.com	HTTPS://WWW.FINDTHISBEST.COM/BRAND/406470-GIOMOC
GIOSOLAR	GIOSOLAR	findthisbest.com	HTTPS://WWW.FINDTHISBEST.COM/BRAND/887172-GIOSOLAR
GIRNOOR	GIRNOOR	findthisbest.com	HTTPS://WWW.FINDTHISBEST.COM/BRAND/602423-GIRNOOR
GISHIMA	GISHIMA	findthisbest.com	HTTPS://WWW.FINDTHISBEST.COM/BRAND/191534-GISHIMA
GISTOME	GISTOME	findthisbest.com	HTTPS://WWW.FINDTHISBEST.COM/BRAND/562722-GISTOME
GITRE	GITRE	findthisbest.com	HTTPS://WWW.FINDTHISBEST.COM/BRAND/846366-GITRE
GITZY	GITZY	findthisbest.com	HTTPS://WWW.FINDTHISBEST.COM/BRAND/253036-GITZY
GIUESYTIC	GIUESYTIC	findthisbest.com	HTTPS://WWW.FINDTHISBEST.COM/BRAND/154385-GIUESYTIC
GIVEHOOY	GIVEHOOY	findthisbest.com	HTTPS://WWW.FINDTHISBEST.COM/BRAND/650595-GIVEHOOY
GIVENEU	GIVENEU	findthisbest.com	HTTPS://WWW.FINDTHISBEST.COM/BRAND/345517-GIVENEU
GIVENNI	GIVENNI	findthisbest.com	HTTPS://WWW.FINDTHISBEST.COM/BRAND/881728-GIVENNI
GIVEORBUY	GIVEORBUY	findthisbest.com	HTTPS://WWW.FINDTHISBEST.COM/BRAND/91552-GIVEORBUY
GJCRAFTS	GJCRAFTS	findthisbest.com	HTTPS://WWW.FINDTHISBEST.COM/BRAND/307316-GJCRAFTS
GJEASE	GJEASE	findthisbest.com	HTTPS://WWW.FINDTHISBEST.COM/BRAND/415200-GJEASE
GKEEMARS	GKEEMARS	findthisbest.com	HTTPS://WWW.FINDTHISBEST.COM/BRAND/164149-GKEEMARS
GKENI	GKENI	findthisbest.com	HTTPS://WWW.FINDTHISBEST.COM/BRAND/109835-G-KENI
GKGK	GKGK	findthisbest.com	HTTPS://WWW.FINDTHISBEST.COM/BRAND/538547-GKGK
GLADIATORCOFFEE	GLADIATORCOFFEE	findthisbest.com	HTTPS://WWW.FINDTHISBEST.COM/BRAND/405040-GLADIATOR-COFFEE
GLADICER	GLADICER	findthisbest.com	HTTPS://WWW.FINDTHISBEST.COM/BRAND/525462-GLADICER
GLADIOUR	GLADIOUR	findthisbest.com	HTTPS://WWW.FINDTHISBEST.COM/BRAND/260379-GLADIOUR
GLADWISE	GLADWISE	findthisbest.com	HTTPS://WWW.FINDTHISBEST.COM/BRAND/614992-GLADWISE
GLAMATIVITY	GLAMATIVITY	findthisbest.com	HTTPS://WWW.FINDTHISBEST.COM/BRAND/605852-GLAMATIVITY
GLAMGEN	GLAMGEN	findthisbest.com	HTTPS://WWW.FINDTHISBEST.COM/BRAND/257172-GLAMGEN
GLAMHOBBY	GLAMHOBBY	findthisbest.com	HTTPS://WWW.FINDTHISBEST.COM/BRAND/468979-GLAM-HOBBY
GLARIC	GLARIC	findthisbest.com	HTTPS://WWW.FINDTHISBEST.COM/BRAND/901974-GLARIC
GLASSMONGER	GLASSMONGER	findthisbest.com	HTTPS://WWW.FINDTHISBEST.COM/BRAND/289118-GLASS-MONGER
GLBCC	GLBCC	findthisbest.com	HTTPS://WWW.FINDTHISBEST.COM/BRAND/312806-GLBCC
GLEEBEE	GLEEBEE	findthisbest.com	HTTPS://WWW.FINDTHISBEST.COM/BRAND/847827-GLEEBEE
GLEMME	GLEMME	findthisbest.com	HTTPS://WWW.FINDTHISBEST.COM/BRAND/909518-GLEMME
GLICRILI	GLICRILI	findthisbest.com	HTTPS://WWW.FINDTHISBEST.COM/BRAND/509749-GLICRILI
GLIGHONE	GLIGHONE	findthisbest.com	HTTPS://WWW.FINDTHISBEST.COM/BRAND/889061-GLIGHONE
GLIXAL	GLIXAL	findthisbest.com	HTTPS://WWW.FINDTHISBEST.COM/BRAND/76227-GLIXAL
GLOBALPIXELS	GLOBALPIXELS	findthisbest.com	HTTPS://WWW.FINDTHISBEST.COM/BRAND/353666-GLOBALPIXELS
GLOCHYRA	GLOCHYRA	findthisbest.com	HTTPS://WWW.FINDTHISBEST.COM/BRAND/521044-GLOCHYRA
GLOROUSAMC	GLOROUSAMC	findthisbest.com	HTTPS://WWW.FINDTHISBEST.COM/BRAND/156365-GLOROUSAMC
GLOSAV	GLOSAV	findthisbest.com	HTTPS://WWW.FINDTHISBEST.COM/BRAND/272415-GLOSAV
GLOWCOAST	GLOWCOAST	findthisbest.com	HTTPS://WWW.FINDTHISBEST.COM/BRAND/391335-GLOWCOAST
GLOWEEN	GLOWEEN	findthisbest.com	HTTPS://WWW.FINDTHISBEST.COM/BRAND/339007-GLOWEEN
GLRYER	GLRYER	findthisbest.com	HTTPS://WWW.FINDTHISBEST.COM/BRAND/321517-GLRYER
GLTECK	GGLTECK	findthisbest.com	HTTPS://WWW.FINDTHISBEST.COM/BRAND/849005-GGLTECK
GLTURELIFES	GLTURELIFES	findthisbest.com	HTTPS://WWW.FINDTHISBEST.COM/BRAND/52473-GL-TURELIFES
GLUCKPLANTS	GLUCKPLANTS	findthisbest.com	HTTPS://WWW.FINDTHISBEST.COM/BRAND/350894-GLUCK-PLANTS
GLYMNIS	GLYMNIS	findthisbest.com	HTTPS://WWW.FINDTHISBEST.COM/BRAND/12470-GLYMNIS
GMCONN	GMCONN	findthisbest.com	HTTPS://WWW.FINDTHISBEST.COM/BRAND/363047-GMCONN
GMURA	GMURA	findthisbest.com	HTTPS://WWW.FINDTHISBEST.COM/BRAND/692797-GMURA
GNIMAUHZ	GNIMIHZ	findthisbest.com	HTTPS://WWW.FINDTHISBEST.COM/BRAND/230887-GNIMIHZ
GNOMIYA	WHOMASS	findthisbest.com	HTTPS://WWW.FINDTHISBEST.COM/BRAND/879377-WHOMASS
GNOWANN	GNOWANN	findthisbest.com	HTTPS://WWW.FINDTHISBEST.COM/BRAND/508671-GNOWANN
GO2GARDEN	GO2GARDEN	findthisbest.com	HTTPS://WWW.FINDTHISBEST.COM/BRAND/79285-GO2GARDEN
GOALAKE	GOALAKE	findthisbest.com	HTTPS://WWW.FINDTHISBEST.COM/BRAND/870782-GOALAKE
GOANDO	GOANDO	findthisbest.com	HTTPS://WWW.FINDTHISBEST.COM/BRAND/73317-GOANDO
GOARGIN	GOARGIN	findthisbest.com	HTTPS://WWW.FINDTHISBEST.COM/BRAND/686021-GOARGIN
GOBAKER	GOBAKER	findthisbest.com	HTTPS://WWW.FINDTHISBEST.COM/BRAND/364143-GOBAKER
GOCOMCOM	GOCOMCOM	findthisbest.com	HTTPS://WWW.FINDTHISBEST.COM/BRAND/417824-GOCOMCOM
GOCTOS	GOCTOS	findthisbest.com	HTTPS://WWW.FINDTHISBEST.COM/BRAND/15863-GOCTOS
GOESWELL	GOESWELL	findthisbest.com	HTTPS://WWW.FINDTHISBEST.COM/BRAND/206058-GOESWELL
GOFOTU	GOFOTU	findthisbest.com	HTTPS://WWW.FINDTHISBEST.COM/BRAND/46855-GOFOTU
GOGOUP	GOGOUP	findthisbest.com	HTTPS://WWW.FINDTHISBEST.COM/BRAND/121075-GOGOUP
GOGUM	GOGUM	findthisbest.com	HTTPS://WWW.FINDTHISBEST.COM/BRAND/377718-GOGUM
GOHELPER	GOHELPER	findthisbest.com	HTTPS://WWW.FINDTHISBEST.COM/BRAND/108836-GOHELPER
GOHIGH	GOHIGH	findthisbest.com	HTTPS://WWW.FINDTHISBEST.COM/BRAND/608737-GOHIGH
GOHZQ	GOHZQ	findthisbest.com	HTTPS://WWW.FINDTHISBEST.COM/BRAND/408948-GOHZQ
GOJAWAY	GOJAWAY	findthisbest.com	HTTPS://WWW.FINDTHISBEST.COM/BRAND/908215-GOJAWAY
GOKUID	GOKUID	findthisbest.com	HTTPS://WWW.FINDTHISBEST.COM/BRAND/858500-GOKUID
GOLDCHAMP	GOLDCHAMP	findthisbest.com	HTTPS://WWW.FINDTHISBEST.COM/BRAND/407607-GOLDCHAMP
GOLDENASSOCIATE	GOLDENASSOCIATE	findthisbest.com	HTTPS://WWW.FINDTHISBEST.COM/BRAND/902005-GOLDEN-ASSOCIATE
GOLDENSELECTIONAUTOPARTS	GOLDENSELECTIONAUTOPARTS	findthisbest.com	HTTPS://WWW.FINDTHISBEST.COM/BRAND/866988-GOLDEN-SELECTION-AUTO-PARTS
GOLDPKF	GOLDPKF	findthisbest.com	HTTPS://WWW.FINDTHISBEST.COM/BRAND/216321-GOLDPKF
GOLFUPP	GOLFUPP	findthisbest.com	HTTPS://WWW.FINDTHISBEST.COM/BRAND/621758-GOLFUPP
GOLKCURX	GOLKCURX	findthisbest.com	HTTPS://WWW.FINDTHISBEST.COM/BRAND/847936-GOLKCURX
GOLLNWE	GOLLNWE	findthisbest.com	HTTPS://WWW.FINDTHISBEST.COM/BRAND/660826-GOLLNWE
GOLOHO	GOLOHO	findthisbest.com	HTTPS://WWW.FINDTHISBEST.COM/BRAND/121479-GOLOHO
GOLRANLYE	GOLRANLYE	findthisbest.com	HTTPS://WWW.FINDTHISBEST.COM/BRAND/343716-GOLRANLYE
GOMARTY	GOMARTY	findthisbest.com	HTTPS://WWW.FINDTHISBEST.COM/BRAND/403906-GOMARTY
GOMILI	GOMILI	findthisbest.com	HTTPS://WWW.FINDTHISBEST.COM/BRAND/901899-GOMILI
GOMILIA	GOMILI	findthisbest.com	HTTPS://WWW.FINDTHISBEST.COM/BRAND/901899-GOMILI
GOMUST	GOMUST	findthisbest.com	HTTPS://WWW.FINDTHISBEST.COM/BRAND/605624-GOMUST
GOMYHOM	GOMYHOM	findthisbest.com	HTTPS://WWW.FINDTHISBEST.COM/BRAND/278108-GOMYHOM
GOOBLOO	GOOBLOO	findthisbest.com	HTTPS://WWW.FINDTHISBEST.COM/BRAND/54229-GOOBLOO
GOODAPPLENUTRITIONALS	GOODAPPLENUTRITIONALS	findthisbest.com	HTTPS://WWW.FINDTHISBEST.COM/BRAND/325948-GOODAPPLE-NUTRITIONALS
GOODENING	GOODENING	findthisbest.com	HTTPS://WWW.FINDTHISBEST.COM/BRAND/912468-GOODENING
GOODESERVE	GOODESERVE	findthisbest.com	HTTPS://WWW.FINDTHISBEST.COM/BRAND/408364-GOODESERVE
GOODFIXER	GOODFIXER	findthisbest.com	HTTPS://WWW.FINDTHISBEST.COM/BRAND/5139-GOODFIXER
GOODKSSOP	GOODKSSOP	findthisbest.com	HTTPS://WWW.FINDTHISBEST.COM/BRAND/31422-GOODKSSOP
GOODLYSPORTS	GOODLYSPORTS	findthisbest.com	HTTPS://WWW.FINDTHISBEST.COM/BRAND/860715-GOODLYSPORTS
GOODREAM	GOODREAM	findthisbest.com	HTTPS://WWW.FINDTHISBEST.COM/BRAND/104681-GOODREAM
GOODUM	HAIFUAN	findthisbest.com	HTTPS://WWW.FINDTHISBEST.COM/BRAND/5069-HAIFUAN
GOODYKING	GOODYKING	findthisbest.com	HTTPS://WWW.FINDTHISBEST.COM/BRAND/51755-GOODY-KING
GOOIDEA	GOOIDEA	findthisbest.com	HTTPS://WWW.FINDTHISBEST.COM/BRAND/57045-GOOIDEA
GOOLA	GOOLA	findthisbest.com	HTTPS://WWW.FINDTHISBEST.COM/BRAND/845987-GOOLA
GOONIK	GOONIK	findthisbest.com	HTTPS://WWW.FINDTHISBEST.COM/BRAND/883220-GOONIK
GOOPOOL	GOOPOOL	findthisbest.com	HTTPS://WWW.FINDTHISBEST.COM/BRAND/303023-GOOPOOL
GOOROLF	GOOROLF	findthisbest.com	HTTPS://WWW.FINDTHISBEST.COM/BRAND/822982-GOOROLF
GOOSO	GOOSO	findthisbest.com	HTTPS://WWW.FINDTHISBEST.COM/BRAND/268206-GOOSO
GOOTHY	GOOTHY	findthisbest.com	HTTPS://WWW.FINDTHISBEST.COM/BRAND/214041-GOOTHY
GOOTUS	GOOTUS	findthisbest.com	HTTPS://WWW.FINDTHISBEST.COM/BRAND/122799-GOOTUS
GOPALA	GGOPALA	findthisbest.com	HTTPS://WWW.FINDTHISBEST.COM/BRAND/882443-G-GOPALA
GOQOTOMO	GOQOTOMO	findthisbest.com	HTTPS://WWW.FINDTHISBEST.COM/BRAND/574408-GOQO-TOMO
GORDEE	GORDEE	findthisbest.com	HTTPS://WWW.FINDTHISBEST.COM/BRAND/451742-GORDEE
GORESE	GORESE	findthisbest.com	HTTPS://WWW.FINDTHISBEST.COM/BRAND/313267-GORESE
GORILLAGRIT	GORILLAGRIT	findthisbest.com	HTTPS://WWW.FINDTHISBEST.COM/BRAND/127588-GORILLAGRIT
GORILLAMECHPRO	GORILLAMECHPRO	findthisbest.com	HTTPS://WWW.FINDTHISBEST.COM/BRAND/869502-GORILLAMECH-PRO
GORNORVA	GORNORVA	findthisbest.com	HTTPS://WWW.FINDTHISBEST.COM/BRAND/69706-GORNORVA
GOSCIEN	GOSCIEN	findthisbest.com	HTTPS://WWW.FINDTHISBEST.COM/BRAND/271713-GOSCIEN
GOSGAGA	GOSGAGA	findthisbest.com	HTTPS://WWW.FINDTHISBEST.COM/BRAND/592288-GOSGAGA
GOSHFUN	GOSHFUN	findthisbest.com	HTTPS://WWW.FINDTHISBEST.COM/BRAND/88839-GOSHFUN
GOSMOL	GOSMOL	findthisbest.com	HTTPS://WWW.FINDTHISBEST.COM/BRAND/289212-GOSMOL
GOSOPIN	GOSOPIN	findthisbest.com	HTTPS://WWW.FINDTHISBEST.COM/BRAND/81140-GOSOPIN
GOSUTOYS	GOSUTOYS	findthisbest.com	HTTPS://WWW.FINDTHISBEST.COM/BRAND/376867-GOSU-TOYS
GOSYSONG	GOSYSONG	findthisbest.com	HTTPS://WWW.FINDTHISBEST.COM/BRAND/405495-GOSYSONG
GOTEGA	GOTEGA	findthisbest.com	HTTPS://WWW.FINDTHISBEST.COM/BRAND/128075-GOTEGA
GOTOBY	GOTOBY	findthisbest.com	HTTPS://WWW.FINDTHISBEST.COM/BRAND/507411-GOTOBY
GOTON	GOTON	findthisbest.com	HTTPS://WWW.FINDTHISBEST.COM/BRAND/31805-GOTON
GOURMEX	GOURMEX	findthisbest.com	HTTPS://WWW.FINDTHISBEST.COM/BRAND/15881-GOURMEX
GOWHODS	GOWHODS	findthisbest.com	HTTPS://WWW.FINDTHISBEST.COM/BRAND/38810-GOWHODS
GOXIS	GOXIS	findthisbest.com	HTTPS://WWW.FINDTHISBEST.COM/BRAND/656351-GOXIS
GOZYE	GOZYE	findthisbest.com	HTTPS://WWW.FINDTHISBEST.COM/BRAND/272315-GOZYE
GPFATTRY	GPFATTRY	findthisbest.com	HTTPS://WWW.FINDTHISBEST.COM/BRAND/675731-GPFATTRY
GPJYYDS	GPJYYDS	findthisbest.com	HTTPS://WWW.FINDTHISBEST.COM/BRAND/916299-GPJYYDS
GPYG	GPYG	findthisbest.com	HTTPS://WWW.FINDTHISBEST.COM/BRAND/849075-GPYG
GRACEHOMEWARES	GRACEHOMEWARES	findthisbest.com	HTTPS://WWW.FINDTHISBEST.COM/BRAND/666904-GRACE-HOMEWARES
GRACEKNIVES	GRACEKNIVES	findthisbest.com	HTTPS://WWW.FINDTHISBEST.COM/BRAND/551027-GRACE-KNIVES
GRAEFSTY	GRAEFSTY	findthisbest.com	HTTPS://WWW.FINDTHISBEST.COM/BRAND/780166-GRAEFSTY
GRAMFIRE	GRAMFIRE	findthisbest.com	HTTPS://WWW.FINDTHISBEST.COM/BRAND/363053-GRAMFIRE
GRANARBOL	GRANARBOL	findthisbest.com	HTTPS://WWW.FINDTHISBEST.COM/BRAND/403806-GRANARBOL
GRANDCOW	GRANDCOW	findthisbest.com	HTTPS://WWW.FINDTHISBEST.COM/BRAND/117130-GRANDCOW
GRANDMAMAESCOUNTRYNATURALS	GRANDMAMAESCOUNTRYNATURALS	findthisbest.com	HTTPS://WWW.FINDTHISBEST.COM/BRAND/208134-GRANDMA-MAES-COUNTRY-NATURALS
GRANKEE	GRANKEE	findthisbest.com	HTTPS://WWW.FINDTHISBEST.COM/BRAND/840128-GRANKEE
GRANTWOODTECHNOLOGY	GRANTWOODTECHNOLOGY	findthisbest.com	HTTPS://WWW.FINDTHISBEST.COM/BRAND/171567-GRANTWOOD-TECHNOLOGY
GRAPELET	GRAPELET	findthisbest.com	HTTPS://WWW.FINDTHISBEST.COM/BRAND/373831-GRAPELET
GRAVFORCE	GRAVFORCE	findthisbest.com	HTTPS://WWW.FINDTHISBEST.COM/BRAND/378428-GRAVFORCE
GREASETEK	GREASETEK	findthisbest.com	HTTPS://WWW.FINDTHISBEST.COM/BRAND/872706-GREASETEK
GREATLOOKZFASHION	GREATLOOKZFASHION	findthisbest.com	HTTPS://WWW.FINDTHISBEST.COM/BRAND/82263-GREATLOOKZ-FASHION
GREATMAG	GREAAG	findthisbest.com	HTTPS://WWW.FINDTHISBEST.COM/BRAND/82953-GREATMAG
GREATPRO	GREATPRO	findthisbest.com	HTTPS://WWW.FINDTHISBEST.COM/BRAND/579326-GREATPRO
GREATUS	GREATUS	findthisbest.com	HTTPS://WWW.FINDTHISBEST.COM/BRAND/2745-GREATUS
GREBSTK	GREBSTK	findthisbest.com	HTTPS://WWW.FINDTHISBEST.COM/BRAND/15601-GREBSTK
GREENANDLIFE	GREENANDLIFE	findthisbest.com	HTTPS://WWW.FINDTHISBEST.COM/BRAND/37812-GREENANDLIFE
GREENERIA	GREENERIA	findthisbest.com	HTTPS://WWW.FINDTHISBEST.COM/BRAND/298541-GREENERIA
GREENIDEA	GREENIDEA	findthisbest.com	HTTPS://WWW.FINDTHISBEST.COM/BRAND/450689-GREENIDEA
GREENR3	GREENR3	findthisbest.com	HTTPS://WWW.FINDTHISBEST.COM/BRAND/264325-GREENR3
GREENTHPRO	GREENTHPRO	findthisbest.com	HTTPS://WWW.FINDTHISBEST.COM/BRAND/349259-GREENTH-PRO
GREENVACSHOP	GREENVACSHOP	findthisbest.com	HTTPS://WWW.FINDTHISBEST.COM/BRAND/67011-GREENVACSHOP
GREENWOODESSENTIAL	GREENWOODESSENTIAL	findthisbest.com	HTTPS://WWW.FINDTHISBEST.COM/BRAND/900694-GREENWOOD-ESSENTIAL
GREENYI	GREENYI	findthisbest.com	HTTPS://WWW.FINDTHISBEST.COM/BRAND/484804-GREENYI
GREGIN	GREGIN	findthisbest.com	HTTPS://WWW.FINDTHISBEST.COM/BRAND/879376-GREGIN
GREHOME	GREHOME	findthisbest.com	HTTPS://WWW.FINDTHISBEST.COM/BRAND/79181-GREHOME
GRELOHOME	GREHOME	findthisbest.com	HTTPS://WWW.FINDTHISBEST.COM/BRAND/79181-GREHOME
GRELUNA	GRELUNA	findthisbest.com	HTTPS://WWW.FINDTHISBEST.COM/BRAND/79540-GRELUNA
GRENEBO	GRENEBO	findthisbest.com	HTTPS://WWW.FINDTHISBEST.COM/BRAND/604908-GRENEBO
GRENTAY	GRENTAY	findthisbest.com	HTTPS://WWW.FINDTHISBEST.COM/BRAND/443975-GRENTAY
GREPATIO	GREPATIO	findthisbest.com	HTTPS://WWW.FINDTHISBEST.COM/BRAND/165366-GREPATIO
GRESHARE	GRESHARE	findthisbest.com	HTTPS://WWW.FINDTHISBEST.COM/BRAND/276563-GRESHARE
GRESUR	GRESUR	findthisbest.com	HTTPS://WWW.FINDTHISBEST.COM/BRAND/60895-GRESUR
GRESUS	GRESUS	findthisbest.com	HTTPS://WWW.FINDTHISBEST.COM/BRAND/91606-GRESUS
GRETESS	GRETESS	findthisbest.com	HTTPS://WWW.FINDTHISBEST.COM/BRAND/272336-GRETESS
GRIADDICT	GRIADDICT	findthisbest.com	HTTPS://WWW.FINDTHISBEST.COM/BRAND/164136-GRIADDICT
GRIFEMA	GRIFEMA	findthisbest.com	HTTPS://WWW.FINDTHISBEST.COM/BRAND/250485-GRIFEMA
GRIFILZERO	GRIFILZERO	findthisbest.com	HTTPS://WWW.FINDTHISBEST.COM/BRAND/348328-GRIFIL-ZERO
GRIFUCHER	GRIFUCHER	findthisbest.com	HTTPS://WWW.FINDTHISBEST.COM/BRAND/572789-GRIFUCHER
GRIHOT	GRIHOT	findthisbest.com	HTTPS://WWW.FINDTHISBEST.COM/BRAND/871307-GRIHOT
GRILLVANA	GRILLVANA	findthisbest.com	HTTPS://WWW.FINDTHISBEST.COM/BRAND/58248-GRILLVANA
GRIMGROW	GRIMGROW	findthisbest.com	HTTPS://WWW.FINDTHISBEST.COM/BRAND/406206-GRIMGROW
GRISUN	GRISUN	findthisbest.com	HTTPS://WWW.FINDTHISBEST.COM/BRAND/11614-GRISUN
GRLASEN	GRLASEN	findthisbest.com	HTTPS://WWW.FINDTHISBEST.COM/BRAND/329968-GRLASEN
GROMAST	GROMAST	findthisbest.com	HTTPS://WWW.FINDTHISBEST.COM/BRAND/745027-GROMAST
GROTTICO	GROTTICO	findthisbest.com	HTTPS://WWW.FINDTHISBEST.COM/BRAND/38377-GROTTICO
GROVIND	GROVIND	findthisbest.com	HTTPS://WWW.FINDTHISBEST.COM/BRAND/343035-GROVIND
GROWORD	GROWORD	findthisbest.com	HTTPS://WWW.FINDTHISBEST.COM/BRAND/375617-GROWORD
GROWSLAND	GROWSLAND	findthisbest.com	HTTPS://WWW.FINDTHISBEST.COM/BRAND/16309-GROWSLAND
GROWSUN	GROWSUN	findthisbest.com	HTTPS://WWW.FINDTHISBEST.COM/BRAND/126620-GROWSUN
GROWTHPIC	GROWTHPIC	findthisbest.com	HTTPS://WWW.FINDTHISBEST.COM/BRAND/184188-GROWTHPIC
GROWUPSMART	GROWUPSMART	findthisbest.com	HTTPS://WWW.FINDTHISBEST.COM/BRAND/110761-GROWUPSMART
GRULLIN	GRULLIN	findthisbest.com	HTTPS://WWW.FINDTHISBEST.COM/BRAND/300549-GRULLIN
GRUNENWOLKEN	GRUNENWOLKEN	findthisbest.com	HTTPS://WWW.FINDTHISBEST.COM/BRAND/67855-GRUNEN-WOLKEN
GRUPER	GRUPER	findthisbest.com	HTTPS://WWW.FINDTHISBEST.COM/BRAND/36525-GRUPER
GRVCN	GRVCN	findthisbest.com	HTTPS://WWW.FINDTHISBEST.COM/BRAND/525854-GRVCN
GSPDIRECT	GSPDIRECT	findthisbest.com	HTTPS://WWW.FINDTHISBEST.COM/BRAND/242102-GSP-DIRECT
GTGR	GTGR	findthisbest.com	HTTPS://WWW.FINDTHISBEST.COM/BRAND/408205-GTGR
GTGY	GTGY	findthisbest.com	HTTPS://WWW.FINDTHISBEST.COM/BRAND/731178-GTGY
GTHER	GTHER	findthisbest.com	HTTPS://WWW.FINDTHISBEST.COM/BRAND/445722-GTHER
GTONGOKO	GTONGOKO	findthisbest.com	HTTPS://WWW.FINDTHISBEST.COM/BRAND/298517-GTONGOKO
GTSBROS	GTSBROS	findthisbest.com	HTTPS://WWW.FINDTHISBEST.COM/BRAND/849354-GTSBROS
GUANJUNX	GUANJUNX	findthisbest.com	HTTPS://WWW.FINDTHISBEST.COM/BRAND/563082-GUANJUNX
GUANZIZAI	GUANZIZAI	findthisbest.com	HTTPS://WWW.FINDTHISBEST.COM/BRAND/856872-GUANZIZAI
GUAYMA	GUAYMA	findthisbest.com	HTTPS://WWW.FINDTHISBEST.COM/BRAND/559196-GUAYMA
GUBERRY	GUBERRY	findthisbest.com	HTTPS://WWW.FINDTHISBEST.COM/BRAND/308050-GUBERRY
GUDAMAYE	GUDAMAYE	findthisbest.com	HTTPS://WWW.FINDTHISBEST.COM/BRAND/846790-GUDAMAYE
GUDGI	GUDGI	findthisbest.com	HTTPS://WWW.FINDTHISBEST.COM/BRAND/425150-GUDGI
GUDICATI	GUDICATI	findthisbest.com	HTTPS://WWW.FINDTHISBEST.COM/BRAND/887555-GUDICATI
GUDNYCE	GUDNYCE	findthisbest.com	HTTPS://WWW.FINDTHISBEST.COM/BRAND/894308-GUDNYCE
GUFASTORE	GUFASTORE	findthisbest.com	HTTPS://WWW.FINDTHISBEST.COM/BRAND/853219-GUFASTORE
GUGELIVES	GUGELIVES	findthisbest.com	HTTPS://WWW.FINDTHISBEST.COM/BRAND/125081-GUGELIVES
GUGUTOTS	GUGOTS	findthisbest.com	HTTPS://WWW.FINDTHISBEST.COM/BRAND/567754-GUGOTS
GUISBY	GUISBY	findthisbest.com	HTTPS://WWW.FINDTHISBEST.COM/BRAND/389066-GUISBY
GUISEAPUE	GUISEAPUE	findthisbest.com	HTTPS://WWW.FINDTHISBEST.COM/BRAND/853778-GUISEAPUE
GUKASXI	GUKASXI	findthisbest.com	HTTPS://WWW.FINDTHISBEST.COM/BRAND/50403-GUKASXI
GULEX	GULEX	findthisbest.com	HTTPS://WWW.FINDTHISBEST.COM/BRAND/353109-GULEX
GULUJOY	GULUJOY	findthisbest.com	HTTPS://WWW.FINDTHISBEST.COM/BRAND/736982-GULUJOY
GULYMM	GULYMM	findthisbest.com	HTTPS://WWW.FINDTHISBEST.COM/BRAND/40336-GULYMM
GUMMIMI	GUMMIMI	findthisbest.com	HTTPS://WWW.FINDTHISBEST.COM/BRAND/55126-GUMMIMI
GUMOSH	GUMOSH	findthisbest.com	HTTPS://WWW.FINDTHISBEST.COM/BRAND/904423-GUMOSH
GUNHOLD	GUNHOLD	findthisbest.com	HTTPS://WWW.FINDTHISBEST.COM/BRAND/362009-GUNHOLD
GUOHARDA	GUOHARDA	findthisbest.com	HTTPS://WWW.FINDTHISBEST.COM/BRAND/898484-GUOHARDA
GUPUP	GUPUP	findthisbest.com	HTTPS://WWW.FINDTHISBEST.COM/BRAND/384150-GUPUP
GURDUENON	GURDUENON	findthisbest.com	HTTPS://WWW.FINDTHISBEST.COM/BRAND/869385-GURDUENON
GURUDAR	GURUDAR	findthisbest.com	HTTPS://WWW.FINDTHISBEST.COM/BRAND/262517-GURUDAR
GUSITE	GUSITE	findthisbest.com	HTTPS://WWW.FINDTHISBEST.COM/BRAND/451768-GUSITE
GUSTYLE	GUSTYLE	findthisbest.com	HTTPS://WWW.FINDTHISBEST.COM/BRAND/869275-GUSTYLE
GUTREISE	GUTREISE	findthisbest.com	HTTPS://WWW.FINDTHISBEST.COM/BRAND/284882-GUTREISE
GUUKAR	GUUKAR	findthisbest.com	HTTPS://WWW.FINDTHISBEST.COM/BRAND/267235-GUUKAR
GUVELI	GUVELI	findthisbest.com	HTTPS://WWW.FINDTHISBEST.COM/BRAND/828239-GUVELI
GUWANJI	GUWANJI	findthisbest.com	HTTPS://WWW.FINDTHISBEST.COM/BRAND/170863-GUWANJI
GUYOLOGYLABS	GUYOLOGYLABS	findthisbest.com	HTTPS://WWW.FINDTHISBEST.COM/BRAND/799431-GUYOLOGY-LABS
GUZACK	GUZACK	findthisbest.com	HTTPS://WWW.FINDTHISBEST.COM/BRAND/31659-GUZACK
GUZARE	GUZARE	findthisbest.com	HTTPS://WWW.FINDTHISBEST.COM/BRAND/363897-GUZARE
GUZEX	GUSAYEX	findthisbest.com	HTTPS://WWW.FINDTHISBEST.COM/BRAND/899100-GUSAYEX
GVBER	GVBER	findthisbest.com	HTTPS://WWW.FINDTHISBEST.COM/BRAND/827301-GVBER
GVMGREATVIDEOMAKER	GVMGREATVIDEOMAKER	findthisbest.com	HTTPS://WWW.FINDTHISBEST.COM/BRAND/9420-GVM-GREAT-VIDEO-MAKER
GWENCY	GWENCY	findthisbest.com	HTTPS://WWW.FINDTHISBEST.COM/BRAND/896657-GWENCY
GWERNKB	GWERNKB	findthisbest.com	HTTPS://WWW.FINDTHISBEST.COM/BRAND/869280-GWERNKB
GWICHOMO	GWICHOMO	findthisbest.com	HTTPS://WWW.FINDTHISBEST.COM/BRAND/670976-GWICHOMO
GWOKWAI	GWOKWAI	findthisbest.com	HTTPS://WWW.FINDTHISBEST.COM/BRAND/290939-GWOKWAI
GWYBKQ	GWYBKQ	findthisbest.com	HTTPS://WWW.FINDTHISBEST.COM/BRAND/296382-GWYBKQ
GXEGAUY	GXEGAUY	findthisbest.com	HTTPS://WWW.FINDTHISBEST.COM/BRAND/748519-GXEGAUY
GXONE	GXONE	findthisbest.com	HTTPS://WWW.FINDTHISBEST.COM/BRAND/91021-GXONE
GYANDULY	GYANDULY	findthisbest.com	HTTPS://WWW.FINDTHISBEST.COM/BRAND/303581-GYANDULY
GYARING	NORDMIEX	findthisbest.com	HTTPS://WWW.FINDTHISBEST.COM/BRAND/374499-NORDMIEX
GYDTHDEIX	GYDTHDEIX	findthisbest.com	HTTPS://WWW.FINDTHISBEST.COM/BRAND/549880-GYDTHDEIX
GYDZ	GYDZ	findthisbest.com	HTTPS://WWW.FINDTHISBEST.COM/BRAND/247029-GYDZ
GYMCOPE	GYMCOPE	findthisbest.com	HTTPS://WWW.FINDTHISBEST.COM/BRAND/860686-GYMCOPE
GYSSIEN	GYSSIEN	findthisbest.com	HTTPS://WWW.FINDTHISBEST.COM/BRAND/85764-GYSSIEN
GYTF	GYTF	findthisbest.com	HTTPS://WWW.FINDTHISBEST.COM/BRAND/355910-GYTF
GYUSITY	GIUESYTIC	findthisbest.com	HTTPS://WWW.FINDTHISBEST.COM/BRAND/154385-GIUESYTIC
GZKYYLEGS	GZKYYLEGS	findthisbest.com	HTTPS://WWW.FINDTHISBEST.COM/BRAND/557890-GZKYYLEGS
GZUNELIC	GZUNELIC	findthisbest.com	HTTPS://WWW.FINDTHISBEST.COM/BRAND/108133-GZUNELIC
HAAFOO	HAAFOO	findthisbest.com	HTTPS://WWW.FINDTHISBEST.COM/BRAND/21332-HAAFOO
HABITER	HABITER	findthisbest.com	HTTPS://WWW.FINDTHISBEST.COM/BRAND/83862-HABITER
HABOM	HABOM	findthisbest.com	HTTPS://WWW.FINDTHISBEST.COM/BRAND/855578-HABOM
HACKERDOM	HACKERDOM	findthisbest.com	HTTPS://WWW.FINDTHISBEST.COM/BRAND/838553-HACKERDOM
HACURLIST	HACURLIST	findthisbest.com	HTTPS://WWW.FINDTHISBEST.COM/BRAND/266680-HACURLIST
HADDOCKWAY	HADDOCKWAY	findthisbest.com	HTTPS://WWW.FINDTHISBEST.COM/BRAND/512960-HADDOCKWAY
HADIGU	HADIGU	findthisbest.com	HTTPS://WWW.FINDTHISBEST.COM/BRAND/204314-HADIGU
HADISALA	HADISALA	findthisbest.com	HTTPS://WWW.FINDTHISBEST.COM/BRAND/200230-HADISALA
HAENDLERNATERMANN	HAENDLERNATERMANN	findthisbest.com	HTTPS://WWW.FINDTHISBEST.COM/BRAND/18758-HAENDLER-NATERMANN
HAERKN	HAERKN	findthisbest.com	HTTPS://WWW.FINDTHISBEST.COM/BRAND/301494-HAERKN
HAHOME	HAHOME	findthisbest.com	HTTPS://WWW.FINDTHISBEST.COM/BRAND/238482-HAHOME
HAHUHO	HAHUHO	findthisbest.com	HTTPS://WWW.FINDTHISBEST.COM/BRAND/345363-HAHUHO
HAHZT	HAHZT	findthisbest.com	HTTPS://WWW.FINDTHISBEST.COM/BRAND/907652-HAHZT
HAIBOLAN	HAIBOLAN	findthisbest.com	HTTPS://WWW.FINDTHISBEST.COM/BRAND/494201-HAIBOLAN
HAIDERPARY	HAIDERPARY	findthisbest.com	HTTPS://WWW.FINDTHISBEST.COM/BRAND/403831-HAIDERPARY
HAIDIKAISI	BUTFULAKE	findthisbest.com	HTTPS://WWW.FINDTHISBEST.COM/BRAND/161806-BUTFULAKE
HAIFENG	HAIFENG	findthisbest.com	HTTPS://WWW.FINDTHISBEST.COM/BRAND/271969-HAIFENG
HAIFENGKAIYEEMANUFACTORYLTD	HAIFENG	findthisbest.com	HTTPS://WWW.FINDTHISBEST.COM/BRAND/271969-HAIFENG
HAIFUAN	HAIFUAN	findthisbest.com	HTTPS://WWW.FINDTHISBEST.COM/BRAND/5069-HAIFUAN
HAIPLSH	HAIPLSH	findthisbest.com	HTTPS://WWW.FINDTHISBEST.COM/BRAND/914238-HAIPLSH
HAIRCRAFTCO	HAIRCRAFTCO	findthisbest.com	HTTPS://WWW.FINDTHISBEST.COM/BRAND/53125-HAIR-CRAFT-CO
HAIRIESIS	HAIRIESIS	findthisbest.com	HTTPS://WWW.FINDTHISBEST.COM/BRAND/573564-HAIRIESIS
HAISITO	HAISITO	findthisbest.com	HTTPS://WWW.FINDTHISBEST.COM/BRAND/56687-HAISITO
HAISPRING	HAISPRING	findthisbest.com	HTTPS://WWW.FINDTHISBEST.COM/BRAND/850381-HAISPRING
HAIXIONG	HAIXIANG	findthisbest.com	HTTPS://WWW.FINDTHISBEST.COM/BRAND/880769-HAIXIANG
HAIZHITONG	HAIZHITONG	findthisbest.com	HTTPS://WWW.FINDTHISBEST.COM/BRAND/91383-HAIZHITONG
HAKEEMI	HAKEEMI	findthisbest.com	HTTPS://WWW.FINDTHISBEST.COM/BRAND/322422-HAKEEMI
HAKJAY	HAKJAY	findthisbest.com	HTTPS://WWW.FINDTHISBEST.COM/BRAND/96505-HAKJAY
HALFWORD	HALFWORD	findthisbest.com	HTTPS://WWW.FINDTHISBEST.COM/BRAND/263595-HALFWORD
HALIGO	HALIGO	findthisbest.com	HTTPS://WWW.FINDTHISBEST.COM/BRAND/834505-HALIGO
HALIHALL	HALIHALL	findthisbest.com	HTTPS://WWW.FINDTHISBEST.COM/BRAND/585702-HALIHALL
HALLGEMS	HALLGEMS	findthisbest.com	HTTPS://WWW.FINDTHISBEST.COM/BRAND/179134-HALLGEMS
HALLOLUX	HALLOLUX	findthisbest.com	HTTPS://WWW.FINDTHISBEST.COM/BRAND/440583-HALLOLUX
HALLYSINKSANDTABLES	HALLYSINKSTABLESH	findthisbest.com	HTTPS://WWW.FINDTHISBEST.COM/BRAND/97977-HALLY-SINKS-TABLES-H
HALLYSINKSTABLESH	HALLYSINKSTABLESH	findthisbest.com	HTTPS://WWW.FINDTHISBEST.COM/BRAND/97977-HALLY-SINKS-TABLES-H
HAMOLER	HAMOLER	findthisbest.com	HTTPS://WWW.FINDTHISBEST.COM/BRAND/889360-HAMOLER
HAMOPY	HAMOPY	findthisbest.com	HTTPS://WWW.FINDTHISBEST.COM/BRAND/781730-HAMOPY
HAMUCD	HAMUCD	findthisbest.com	HTTPS://WWW.FINDTHISBEST.COM/BRAND/548374-HAMUCD
HANALLX	HANALLX	findthisbest.com	HTTPS://WWW.FINDTHISBEST.COM/BRAND/881209-HANALLX
HANDBAIGE	HANDBAIGE	findthisbest.com	HTTPS://WWW.FINDTHISBEST.COM/BRAND/265425-HANDBAIGE
HANDCRAFTBLENDS	HANDCRAFTBLENDS	findthisbest.com	HTTPS://WWW.FINDTHISBEST.COM/BRAND/13565-HANDCRAFT-BLENDS
HANDIFE	HANDIFE	findthisbest.com	HTTPS://WWW.FINDTHISBEST.COM/BRAND/87681-HANDIFE
HANDSKIT	HANDSKIT	findthisbest.com	HTTPS://WWW.FINDTHISBEST.COM/BRAND/48817-HANDSKIT
HANDUJOURNEY	HANDUJOURNEY	findthisbest.com	HTTPS://WWW.FINDTHISBEST.COM/BRAND/372443-HAND-U-JOURNEY
HANEMIA	HANEMIA	findthisbest.com	HTTPS://WWW.FINDTHISBEST.COM/BRAND/264496-HANEMIA
HANGRUI	HANGRUI	findthisbest.com	HTTPS://WWW.FINDTHISBEST.COM/BRAND/569034-HANGRUI
HANJOPETS	HANJOPETS	findthisbest.com	HTTPS://WWW.FINDTHISBEST.COM/BRAND/415195-HANJO-PETS
HANKN	HANKN	findthisbest.com	HTTPS://WWW.FINDTHISBEST.COM/BRAND/405813-HANKN
HANLOMELE	HANLOMELE	findthisbest.com	HTTPS://WWW.FINDTHISBEST.COM/BRAND/842922-HANLOMELE
HANMASTER	HANMASTER	findthisbest.com	HTTPS://WWW.FINDTHISBEST.COM/BRAND/875615-HANMASTER
HANMEI	HANMEI	findthisbest.com	HTTPS://WWW.FINDTHISBEST.COM/BRAND/187166-HANMEI
HANNAHONG	HANNAHONG	findthisbest.com	HTTPS://WWW.FINDTHISBEST.COM/BRAND/429091-HANNAHONG
HANPURE	HANPURE	findthisbest.com	HTTPS://WWW.FINDTHISBEST.COM/BRAND/36562-HANPURE
HANSHENGDAY	HANSHENGDAY	findthisbest.com	HTTPS://WWW.FINDTHISBEST.COM/BRAND/407288-HANSHENGDAY
HANSING	HANSING	findthisbest.com	HTTPS://WWW.FINDTHISBEST.COM/BRAND/451485-HANSING
HANSONG	HANSONG	findthisbest.com	HTTPS://WWW.FINDTHISBEST.COM/BRAND/4669-HANSONG
HANTWIN	HENGWIN	findthisbest.com	HTTPS://WWW.FINDTHISBEST.COM/BRAND/188899-HENGWIN
HANTWIN	HYNAWIN	findthisbest.com	HTTPS://WWW.FINDTHISBEST.COM/BRAND/12633-HYNAWIN
HANYCONY	HANYCONY	findthisbest.com	HTTPS://WWW.FINDTHISBEST.COM/BRAND/483942-HANYCONY
HANZIUP	HANZIUP	findthisbest.com	HTTPS://WWW.FINDTHISBEST.COM/BRAND/228087-HANZIUP
HAOANO	HAOANO	findthisbest.com	HTTPS://WWW.FINDTHISBEST.COM/BRAND/376352-HAOANO
HAOCHENG	HAOCHENG	findthisbest.com	HTTPS://WWW.FINDTHISBEST.COM/BRAND/916928-HAOCHENG
HAOCUTE	HAOCOO	findthisbest.com	HTTPS://WWW.FINDTHISBEST.COM/BRAND/29727-HAOCOO
HAOFST	HAOFST	findthisbest.com	HTTPS://WWW.FINDTHISBEST.COM/BRAND/386328-HAOFST
HAOGE	HAOGE	findthisbest.com	HTTPS://WWW.FINDTHISBEST.COM/BRAND/16239-HAOGE
HAOHIYO	HAOHIYO	findthisbest.com	HTTPS://WWW.FINDTHISBEST.COM/BRAND/288605-HAOHIYO
HAOJIAO	ZLMC	findthisbest.com	HTTPS://WWW.FINDTHISBEST.COM/BRAND/865877-ZLMC
HAOKAISEN	HAOKAISEN	findthisbest.com	HTTPS://WWW.FINDTHISBEST.COM/BRAND/656139-HAOKAISEN
HAOKANG	HAOKANG	findthisbest.com	HTTPS://WWW.FINDTHISBEST.COM/BRAND/361425-HAOKANG
HAOMAOMAO	HAOMAOMAO	findthisbest.com	HTTPS://WWW.FINDTHISBEST.COM/BRAND/73520-HAOMAOMAO
HAOMSJ	HAOMSJ	findthisbest.com	HTTPS://WWW.FINDTHISBEST.COM/BRAND/280200-HAOMSJ
HAOURLIFE	HAOURLIFE	findthisbest.com	HTTPS://WWW.FINDTHISBEST.COM/BRAND/890575-HAOURLIFE
HAOWIN	HAOWIN	findthisbest.com	HTTPS://WWW.FINDTHISBEST.COM/BRAND/207006-HAOWIN
HAOWORKS	HWHAOWORKS	findthisbest.com	HTTPS://WWW.FINDTHISBEST.COM/BRAND/77415-HW-HAOWORKS
HAOYEHOME	HAOYEHOME	findthisbest.com	HTTPS://WWW.FINDTHISBEST.COM/BRAND/286032-HAOYEHOME
HAOZHENG	HAOZHENG	findthisbest.com	HTTPS://WWW.FINDTHISBEST.COM/BRAND/888048-HAOZHENG
HAOZHOU	BLUEFIELD	findthisbest.com	HTTPS://WWW.FINDTHISBEST.COM/BRAND/868911-BLUEFIELD
HAPAW	HAPAW	findthisbest.com	HTTPS://WWW.FINDTHISBEST.COM/BRAND/256867-HAPAW
HAPDEN	HAPDEN	findthisbest.com	HTTPS://WWW.FINDTHISBEST.COM/BRAND/535744-HAPDEN
HAPICHIL	HAPICHIL	findthisbest.com	HTTPS://WWW.FINDTHISBEST.COM/BRAND/285155-HAPICHIL
HAPILEAP	HAPILEAP	findthisbest.com	HTTPS://WWW.FINDTHISBEST.COM/BRAND/155097-HAPILEAP
HAPIPET	HAPIPET	findthisbest.com	HTTPS://WWW.FINDTHISBEST.COM/BRAND/354415-HAPIPET
HAPITO	HAPITO	findthisbest.com	HTTPS://WWW.FINDTHISBEST.COM/BRAND/514120-HAPITO
HAPPHOM	HAPPHOM	findthisbest.com	HTTPS://WWW.FINDTHISBEST.COM/BRAND/1076-HAPPHOM
HAPPIGO	ANKIHAPPIGO	findthisbest.com	HTTPS://WWW.FINDTHISBEST.COM/BRAND/101602-ANKI-HAPPIGO
HAPPYFEATHER	HAPPYFEATHER	findthisbest.com	HTTPS://WWW.FINDTHISBEST.COM/BRAND/267676-HAPPY-FEATHER
HAPPYNITES	HAPPYNITES	findthisbest.com	HTTPS://WWW.FINDTHISBEST.COM/BRAND/90747-HAPPYNITES
HAPYKITYS	HAPYKITYS	findthisbest.com	HTTPS://WWW.FINDTHISBEST.COM/BRAND/464316-HAPYKITYS
HAPYTHDA	HAPYTHDA	findthisbest.com	HTTPS://WWW.FINDTHISBEST.COM/BRAND/324961-HAPYTHDA
HARAQI	HARAQI	findthisbest.com	HTTPS://WWW.FINDTHISBEST.COM/BRAND/55978-HARAQI
HARBLAND	HARBLAND	findthisbest.com	HTTPS://WWW.FINDTHISBEST.COM/BRAND/525645-HARBLAND
HARBORII	HARBORII	findthisbest.com	HTTPS://WWW.FINDTHISBEST.COM/BRAND/34840-HARBORII
HARDERWILL	HARDERWILL	findthisbest.com	HTTPS://WWW.FINDTHISBEST.COM/BRAND/842459-HARDERWILL
HARDK	HARDK	findthisbest.com	HTTPS://WWW.FINDTHISBEST.COM/BRAND/36561-HARDK
HARDURARESTAURANTEQUIPMENT	HARDURARESTAURANTEQUIPMENT	findthisbest.com	HTTPS://WWW.FINDTHISBEST.COM/BRAND/868641-HARDURA-RESTAURANT-EQUIPMENT
HARHAY	HARHAY	findthisbest.com	HTTPS://WWW.FINDTHISBEST.COM/BRAND/99950-HARHAY
HARRRRD	HARRRRD	findthisbest.com	HTTPS://WWW.FINDTHISBEST.COM/BRAND/49600-HARRRRD
HARTFORDVENTILATION	HARTFORDVENTILATION	findthisbest.com	HTTPS://WWW.FINDTHISBEST.COM/BRAND/586632-HARTFORD-VENTILATION
HARUHOMIE	HARUHOMIE	findthisbest.com	HTTPS://WWW.FINDTHISBEST.COM/BRAND/239199-HARU-HOMIE
HARYGATE	HARYGATE	findthisbest.com	HTTPS://WWW.FINDTHISBEST.COM/BRAND/206695-HARYGATE
HASAKEE	HASAKEE	findthisbest.com	HTTPS://WWW.FINDTHISBEST.COM/BRAND/110730-HASAKEE
HASEIL	HASEIL	findthisbest.com	HTTPS://WWW.FINDTHISBEST.COM/BRAND/497790-HASEIL
HASESS	HASESS	findthisbest.com	HTTPS://WWW.FINDTHISBEST.COM/BRAND/61414-HASESS
HASIKA	HASIKA	findthisbest.com	HTTPS://WWW.FINDTHISBEST.COM/BRAND/175857-HASIKA
HASLRA	HASLRA	findthisbest.com	HTTPS://WWW.FINDTHISBEST.COM/BRAND/795121-HASLRA
HASMIKIT	HASMIKIT	findthisbest.com	HTTPS://WWW.FINDTHISBEST.COM/BRAND/863773-HASMIKIT
HASWE	HASWE	findthisbest.com	HTTPS://WWW.FINDTHISBEST.COM/BRAND/432014-HASWE
HATCHERABILIA	HATCHERABILIA	findthisbest.com	HTTPS://WWW.FINDTHISBEST.COM/BRAND/164734-HATCHERABILIA
HATELIHATELI	HATELI	findthisbest.com	HTTPS://WWW.FINDTHISBEST.COM/BRAND/35332-HATELI
HATIIS	HATIIS	findthisbest.com	HTTPS://WWW.FINDTHISBEST.COM/BRAND/496555-HATIIS
HATOPANTS	HATOPANTS	findthisbest.com	HTTPS://WWW.FINDTHISBEST.COM/BRAND/94912-HATOPANTS
HATOSHI	HATOSHI	findthisbest.com	HTTPS://WWW.FINDTHISBEST.COM/BRAND/91433-HATOSHI
HATRIGO	HATRIGO	findthisbest.com	HTTPS://WWW.FINDTHISBEST.COM/BRAND/8461-HATRIGO
HATURI	HATURI	findthisbest.com	HTTPS://WWW.FINDTHISBEST.COM/BRAND/8063-HATURI
HAUCOZE	HAUCOZE	findthisbest.com	HTTPS://WWW.FINDTHISBEST.COM/BRAND/290774-HAUCOZE
HAULONDA	HAULONDA	findthisbest.com	HTTPS://WWW.FINDTHISBEST.COM/BRAND/450472-HAULONDA
HAUMENLY	HOMIENLY	findthisbest.com	HTTPS://WWW.FINDTHISBEST.COM/BRAND/320230-HOMIENLY
HAUSOFRAAZ	HAUSHOF	findthisbest.com	HTTPS://WWW.FINDTHISBEST.COM/BRAND/36290-HAUSHOF
HAUSPROFI	HAUSPROFI	findthisbest.com	HTTPS://WWW.FINDTHISBEST.COM/BRAND/29659-HAUSPROFI
HAUSUN	HAUSUN	findthisbest.com	HTTPS://WWW.FINDTHISBEST.COM/BRAND/80737-HAUSUN
HAUSWARE	HAUSWARE	findthisbest.com	HTTPS://WWW.FINDTHISBEST.COM/BRAND/150689-HAUSWARE
HAUTMEC	HAUEC	findthisbest.com	HTTPS://WWW.FINDTHISBEST.COM/BRAND/12706-HAUTMEC
HAUTOCO	HAUTOCO	findthisbest.com	HTTPS://WWW.FINDTHISBEST.COM/BRAND/52112-HAUTOCO
HAWARE	HAWARE	findthisbest.com	HTTPS://WWW.FINDTHISBEST.COM/BRAND/69078-HAWARE
HAWATOUR	HAWATOUR	findthisbest.com	HTTPS://WWW.FINDTHISBEST.COM/BRAND/19727-HAWATOUR
HAWCAFU	HAWCAFU	findthisbest.com	HTTPS://WWW.FINDTHISBEST.COM/BRAND/678726-HAWCAFU
HAYEABI	HAYEABI	findthisbest.com	HTTPS://WWW.FINDTHISBEST.COM/BRAND/494088-HAYEABI
HAYIUE	HAYIUE	findthisbest.com	HTTPS://WWW.FINDTHISBEST.COM/BRAND/358146-HAYIUE
HAYNERSEEK	HAYNERSEEK	findthisbest.com	HTTPS://WWW.FINDTHISBEST.COM/BRAND/227571-HAYNER-SEEK
HAZEVAIY	HAZEVAIY	findthisbest.com	HTTPS://WWW.FINDTHISBEST.COM/BRAND/618837-HAZEVAIY
HAZKO	HAZKO	findthisbest.com	HTTPS://WWW.FINDTHISBEST.COM/BRAND/172942-HAZKO
HBHOB	HBHOB	findthisbest.com	HTTPS://WWW.FINDTHISBEST.COM/BRAND/75230-HBHOB
HBLUXURIES	HBLUXURIES	findthisbest.com	HTTPS://WWW.FINDTHISBEST.COM/BRAND/32789-HB-LUXURIES
HCCMLOVE	HCCMLOVE	findthisbest.com	HTTPS://WWW.FINDTHISBEST.COM/BRAND/260056-HCCMLOVE
HCHLQL	HCHLQL	findthisbest.com	HTTPS://WWW.FINDTHISBEST.COM/BRAND/520239-HCHLQL
HCJYLLY	HCJYLLY	findthisbest.com	HTTPS://WWW.FINDTHISBEST.COM/BRAND/639272-HCJYLLY
HCPET	HCPET	findthisbest.com	HTTPS://WWW.FINDTHISBEST.COM/BRAND/359906-HCPET
HDBUBALUS	HDBUBALUS	findthisbest.com	HTTPS://WWW.FINDTHISBEST.COM/BRAND/164743-HDBUBALUS
HDCRYSTALGIFTS	HDCRYSTALGIFTS	findthisbest.com	HTTPS://WWW.FINDTHISBEST.COM/BRAND/240263-HDCRYSTALGIFTS
HDIGFNBGFJK	4EVERWINNER	findthisbest.com	HTTPS://WWW.FINDTHISBEST.COM/BRAND/304037-4-EVER-WINNER
HDIWOUSP	HDIWOUSP	findthisbest.com	HTTPS://WWW.FINDTHISBEST.COM/BRAND/256881-HDIWOUSP
HDLSINA	HDLSINA	findthisbest.com	HTTPS://WWW.FINDTHISBEST.COM/BRAND/908503-HDLSINA
HDRIDEZ	HDRIDEZ	findthisbest.com	HTTPS://WWW.FINDTHISBEST.COM/BRAND/263905-HD-RIDEZ
HDSTHOME	HDSTHOME	findthisbest.com	HTTPS://WWW.FINDTHISBEST.COM/BRAND/338522-HDST-HOME
HDSWITCHJOHNDEERE	HDSWITCH	findthisbest.com	HTTPS://WWW.FINDTHISBEST.COM/BRAND/306513-HD-SWITCH
HDWDANCE	HDWDANCE	findthisbest.com	HTTPS://WWW.FINDTHISBEST.COM/BRAND/70975-HDW-DANCE
HEADFIX	HEADFIX	findthisbest.com	HTTPS://WWW.FINDTHISBEST.COM/BRAND/47513-HEADFIX
HEADLINERDOCTOR	HEADLINERDOCTOR	findthisbest.com	HTTPS://WWW.FINDTHISBEST.COM/BRAND/104467-HEADLINER-DOCTOR
HEALCITY	HEALCITY	findthisbest.com	HTTPS://WWW.FINDTHISBEST.COM/BRAND/66237-HEALCITY
HEALCONNEX	HEALCONNEX	findthisbest.com	HTTPS://WWW.FINDTHISBEST.COM/BRAND/362224-HEALCONNEX
HEALLILY	HEALLILY	findthisbest.com	HTTPS://WWW.FINDTHISBEST.COM/BRAND/124650-HEALLILY
HEALOV	HEALOV	findthisbest.com	HTTPS://WWW.FINDTHISBEST.COM/BRAND/402084-HEALOV
HEALPARK	HEALPARK	findthisbest.com	HTTPS://WWW.FINDTHISBEST.COM/BRAND/344157-HEALPARK
HEALTHCAREAISLE	HEALTHCAREAISLE	findthisbest.com	HTTPS://WWW.FINDTHISBEST.COM/BRAND/221150-HEALTHCAREAISLE
HEALTHEMBASSY	HEALTHEMBASSY	findthisbest.com	HTTPS://WWW.FINDTHISBEST.COM/BRAND/617516-HEALTH-EMBASSY
HEALTHEX	HEALTHEX	findthisbest.com	HTTPS://WWW.FINDTHISBEST.COM/BRAND/55666-HEALTHEX
HEALTHGOODSIN	HEALTHGOODSIN	findthisbest.com	HTTPS://WWW.FINDTHISBEST.COM/BRAND/163701-HEALTHGOODSIN
HEALTHYMODELLIFE	HEALTHYMODELLIFE	findthisbest.com	HTTPS://WWW.FINDTHISBEST.COM/BRAND/917045-HEALTHYMODELLIFE
HEARDEAR	HEARDEAR	findthisbest.com	HTTPS://WWW.FINDTHISBEST.COM/BRAND/485052-HEARDEAR
HEASEA	HEASEA	findthisbest.com	HTTPS://WWW.FINDTHISBEST.COM/BRAND/294376-HEASEA
HEASY	HEASY	findthisbest.com	HTTPS://WWW.FINDTHISBEST.COM/BRAND/884506-HEASY
HEATHYBABY	KINGKAM	findthisbest.com	HTTPS://WWW.FINDTHISBEST.COM/BRAND/42901-KINGKAM
HEATSISTENCE	HEATSISTENCE	findthisbest.com	HTTPS://WWW.FINDTHISBEST.COM/BRAND/112347-HEATSISTENCE
HEAYE	HEAYE	findthisbest.com	HTTPS://WWW.FINDTHISBEST.COM/BRAND/96945-HEAYE
HEDIGON	HEDIGON	findthisbest.com	HTTPS://WWW.FINDTHISBEST.COM/BRAND/610330-HEDIGON
HEDUMEJ	HEDUME	findthisbest.com	HTTPS://WWW.FINDTHISBEST.COM/BRAND/47717-HEDUME
HEECHOO	HEECHOO	findthisbest.com	HTTPS://WWW.FINDTHISBEST.COM/BRAND/39571-HEECHOO
HEELALBABY	HEELALBABY	findthisbest.com	HTTPS://WWW.FINDTHISBEST.COM/BRAND/42968-HEELALBABY
HEESTORY	LEPTALINA	findthisbest.com	HTTPS://WWW.FINDTHISBEST.COM/BRAND/26268-LEPTALINA
HEHOTTC	HEHOTTC	findthisbest.com	HTTPS://WWW.FINDTHISBEST.COM/BRAND/916484-HEHOTTC
HEIHOX	HEIHOX	findthisbest.com	HTTPS://WWW.FINDTHISBEST.COM/BRAND/6718-HEIHOX
HEIKIO	HEIKIO	findthisbest.com	HTTPS://WWW.FINDTHISBEST.COM/BRAND/15577-HEIKIO
HEINSY	HEINSY	findthisbest.com	HTTPS://WWW.FINDTHISBEST.COM/BRAND/901940-HEINSY
HEIRCIDO	HEIRCIDO	findthisbest.com	HTTPS://WWW.FINDTHISBEST.COM/BRAND/880770-HEIRCIDO
HEIRIO	HEIRIO	findthisbest.com	HTTPS://WWW.FINDTHISBEST.COM/BRAND/571257-HEIRIO
HEJIU	HEJIU	findthisbest.com	HTTPS://WWW.FINDTHISBEST.COM/BRAND/612014-HEJIU
HELESIN	HELESIN	findthisbest.com	HTTPS://WWW.FINDTHISBEST.COM/BRAND/9708-HELESIN
HELISHY	HELISHY	findthisbest.com	HTTPS://WWW.FINDTHISBEST.COM/BRAND/1189-HELISHY
HELLOIFY	HELLOIFY	findthisbest.com	HTTPS://WWW.FINDTHISBEST.COM/BRAND/222362-HELLOIFY
HELLOVE	HELLOVE	findthisbest.com	HTTPS://WWW.FINDTHISBEST.COM/BRAND/94326-HELLOVE
HELOPSSA	HELOPSSA	findthisbest.com	HTTPS://WWW.FINDTHISBEST.COM/BRAND/418858-HELOPSSA
HEMEINY	HEMEINY	findthisbest.com	HTTPS://WWW.FINDTHISBEST.COM/BRAND/440614-HEMEINY
HEMHIGHENDMOTORSPORTS	HEMHIGHENDMOTORSPORTS	findthisbest.com	HTTPS://WWW.FINDTHISBEST.COM/BRAND/183005-HEM-HIGH-END-MOTORSPORTS
HEMLI	HEMLI	findthisbest.com	HTTPS://WWW.FINDTHISBEST.COM/BRAND/599985-HEMLI
HEMLOCKHOMEBREWING	HEMLOCKHOMEBREWING	findthisbest.com	HTTPS://WWW.FINDTHISBEST.COM/BRAND/53149-HEMLOCK-HOME-BREWING
HEMMOTOP	HEMMOTOP	findthisbest.com	HTTPS://WWW.FINDTHISBEST.COM/BRAND/256891-HEMMOTOP
HEMPERATURE	HEMPERATURE	findthisbest.com	HTTPS://WWW.FINDTHISBEST.COM/BRAND/628993-HEMPERATURE
HEMUNC	HEMUNC	findthisbest.com	HTTPS://WWW.FINDTHISBEST.COM/BRAND/79983-HEMUNC
HEMYUM	HEMYUM	findthisbest.com	HTTPS://WWW.FINDTHISBEST.COM/BRAND/325801-HEMYUM
