1TAZERO	1TAZERO	gosupps.com	HTTPS://WWW.GOSUPPS.COM/BRANDS/1TAZERO.HTML
2FUNGUYS	2FUNGUYS	gosupps.com	HTTPS://WWW.GOSUPPS.COM/BRANDS/2FUNGUYS.HTML?DIR=DESC&ORDER=PRICE
360FEEL	360FEEL	gosupps.com	HTTPS://WWW.GOSUPPS.COM/BEAUTY-BRANDS/360FEEL.HTML
365FEEGD	365FEEGD	gosupps.com	HTTPS://WWW.GOSUPPS.COM/BRANDS/365FEEGD.HTML
3CAYGDIRECT	3CAYGDIRECT3	gosupps.com	HTTPS://WWW.GOSUPPS.COM/BRANDS/3CAYG-DIRECT-3.HTML?DIR=DESC&ORDER=NAME
3SMOTORLINE	3SMOTORLINE	gosupps.com	HTTPS://WWW.GOSUPPS.COM/BRANDS/3S-MOTORLINE.HTML
55DENTAL	55DENTAL	gosupps.com	HTTPS://WWW.GOSUPPS.COM/BRANDS/55DENTAL.HTML
5IKTERY	5IKTERY	gosupps.com	HTTPS://WWW.GOSUPPS.COM/BRANDS/5IKTERY.HTML?DIR=DESC&ORDER=BEST_SELLING_SORT
5IKTERY	5IKTERY	gosupps.com	HTTPS://WWW.GOSUPPS.COM/BEAUTY-BRANDS/5IKTERY.HTML
7RUBYROAD	7RUBYROAD	gosupps.com	HTTPS://WWW.GOSUPPS.COM/BRANDS/7-RUBY-ROAD.HTML?DIR=DESC&ORDER=BEST_SELLING_SORT
86NEURONS	86NEURONS	gosupps.com	HTTPS://WWW.GOSUPPS.COM/BRANDS/86NEURONS.HTML?DIR=ASC&ORDER=NAME
8IN1	8IN1	gosupps.com	HTTPS://WWW.GOSUPPS.COM/BRANDS/8IN1.HTML?P=4
A2SPROTECTION	A2SPROTECTION	gosupps.com	HTTPS://WWW.GOSUPPS.COM/BRANDS/A2S-PROTECTION.HTML
A2ZCARE	A2ZCARE	gosupps.com	HTTPS://WWW.GOSUPPS.COM/BRANDS/A2ZCARE.HTML?DIR=DESC&ORDER=PRICE
AAGAZA	AAGAZA	gosupps.com	HTTPS://WWW.GOSUPPS.COM/BRANDS/AAGAZA.HTML?DIR=DESC&ORDER=NAME
AAIFFEY	AAIFFEY	gosupps.com	HTTPS://WWW.GOSUPPS.COM/BRANDS/AAIFFEY.HTML?DIR=ASC&ORDER=PRICE&P=3
AALIMICE	AALIMICE	gosupps.com	HTTPS://WWW.GOSUPPS.COM/BRANDS/A-ALIMICE.HTML
ABAILU	ABAILU	gosupps.com	HTTPS://WWW.GOSUPPS.COM/BRANDS/ABAILU.HTML
ABAMERICA	ABAMERICA	gosupps.com	HTTPS://WWW.GOSUPPS.COM/BRANDS/ABAMERICA.HTML?DIR=ASC&ORDER=NAME
ABBASI	ABBASI	gosupps.com	HTTPS://WWW.GOSUPPS.COM/BRANDS/ABBASI.HTML
ABBILYHAIR	ABBILYHAIR	gosupps.com	HTTPS://WWW.GOSUPPS.COM/BRANDS/ABBILY-HAIR.HTML
ABCGOODEFG	ABCGOODEFG	gosupps.com	HTTPS://WWW.GOSUPPS.COM/BRANDS/ABCGOODEFG.HTML?DIR=ASC&ORDER=NAME
ABCOSPORTS	ABCOSPORT	gosupps.com	HTTPS://WWW.GOSUPPS.COM/BRANDS/ABCOSPORT.HTML
ABIUDENG	ABIUDENG	gosupps.com	HTTPS://WWW.GOSUPPS.COM/BRANDS/ABIUDENG.HTML?DIR=ASC&ORDER=BEST_SELLING
ABLEMEDECO	ABLEMEDECO	gosupps.com	HTTPS://WWW.GOSUPPS.COM/BRANDS/ABLEME-DECO.HTML?DIR=ASC&ORDER=NAME
ABLEPET	ABLEPET	gosupps.com	HTTPS://WWW.GOSUPPS.COM/BRANDS/ABLEPET.HTML
ABMOS	ABMOS	gosupps.com	HTTPS://WWW.GOSUPPS.COM/BRANDS/ABMOS.HTML?DIR=DESC&ORDER=BEST_SELLING_SORT
ABOIT	ABOIT	gosupps.com	HTTPS://WWW.GOSUPPS.COM/BRANDS/ABOIT.HTML
ABRCT	ABRCT	gosupps.com	HTTPS://WWW.GOSUPPS.COM/BRANDS/ABRCT.HTML
ABSGEEGA	ABSGEEGA	gosupps.com	HTTPS://WWW.GOSUPPS.COM/BRANDS/ABSGEEGA.HTML
ABSOK	ABSOK	gosupps.com	HTTPS://WWW.GOSUPPS.COM/BRANDS/ABSOK.HTML
ABUYTWO	ABUYTWO	gosupps.com	HTTPS://WWW.GOSUPPS.COM/BRANDS/ABUYTWO.HTML
ABVOT	ABVOT	gosupps.com	HTTPS://WWW.GOSUPPS.COM/BRANDS/ABVOT.HTML
ACASIMO	ACASIMO	gosupps.com	HTTPS://WWW.GOSUPPS.COM/BRANDS/ACASIMO.HTML
ACASSA	ACASSA	gosupps.com	HTTPS://WWW.GOSUPPS.COM/BRANDS/ACASSA.HTML
ACCTOLF	ACCTOLF	gosupps.com	HTTPS://WWW.GOSUPPS.COM/BRANDS/ACCTOLF.HTML?DIR=ASC&ORDER=NAME
ACEBELL	ACEBELL	gosupps.com	HTTPS://WWW.GOSUPPS.COM/BRANDS/ACEBELL.HTML?DIR=ASC&ORDER=NAME
ACECREATIONS	ACECREATIONS	gosupps.com	HTTPS://WWW.GOSUPPS.COM/BRANDS/ACE-CREATIONS.HTML?DIR=ASC&ORDER=POSITION
ACEDAYS	ACEDAYS	gosupps.com	HTTPS://WWW.GOSUPPS.COM/BRANDS/ACEDAYS.HTML
ACELETE	ACELETE	gosupps.com	HTTPS://WWW.GOSUPPS.COM/BRANDS/ACELETE.HTML
ACELION	ACELION	gosupps.com	HTTPS://WWW.GOSUPPS.COM/BRANDS/ACELION.HTML
ACESHIP	ACESHIP	gosupps.com	HTTPS://WWW.GOSUPPS.COM/BRANDS/ACESHIP.HTML
ACEVER	ACEVER	gosupps.com	HTTPS://WWW.GOSUPPS.COM/BRANDS/ACEVER.HTML
ACHIX	ACHIX	gosupps.com	HTTPS://WWW.GOSUPPS.COM/BRANDS/ACHIX.HTML?DIR=ASC&ORDER=NAME
ACIDEA	ACIDEA	gosupps.com	HTTPS://WWW.GOSUPPS.COM/BRANDS/ACIDEA.HTML
ACKEIVTO	ACKEIVTO	gosupps.com	HTTPS://WWW.GOSUPPS.COM/BRANDS/ACKEIVTO.HTML?DIR=DESC&ORDER=BEST_SELLING
ACOGO	ACOGO	gosupps.com	HTTPS://WWW.GOSUPPS.COM/BRANDS/ACOGO.HTML
ACOLARID	ACOLARID	gosupps.com	HTTPS://WWW.GOSUPPS.COM/BRANDS/ACOLARID.HTML?DIR=ASC&ORDER=PRICE
ACOSEXY	ACOSEXY	gosupps.com	HTTPS://WWW.GOSUPPS.COM/BRANDS/ACOSEXY.HTML?DIR=ASC&ORDER=PRICE
ACOUSDEA	ACOUSDEA	gosupps.com	HTTPS://WWW.GOSUPPS.COM/BRANDS/ACOUSDEA.HTML?DIR=ASC&ORDER=NAME
ACOZYCOO	ACOZYCOO	gosupps.com	HTTPS://WWW.GOSUPPS.COM/BRANDS/ACOZYCOO.HTML
ACTEAM	ACTEAM	gosupps.com	HTTPS://WWW.GOSUPPS.COM/BRANDS/ACTEAM.HTML?DIR=ASC&ORDER=NAME
ACTEKART	ACTEKART	gosupps.com	HTTPS://WWW.GOSUPPS.COM/BRANDS/ACTEKART.HTML
ACTENLY	ACTENLY	gosupps.com	HTTPS://WWW.GOSUPPS.COM/BRANDS/ACTENLY.HTML?DIR=ASC&ORDER=BEST_SELLING
ACTIONUNION	ACTIONUNION	gosupps.com	HTTPS://WWW.GOSUPPS.COM/BRANDS/ACTIONUNION.HTML
ACTIVECHEWS	ACTIVECHEWS	gosupps.com	HTTPS://WWW.GOSUPPS.COM/BRANDS/ACTIVE-CHEWS.HTML?DIR=DESC&ORDER=PRICE
ACTIVESTACKS	ACTIVESTACKS	gosupps.com	HTTPS://WWW.GOSUPPS.COM/BRANDS/ACTIVE-STACKS.HTML
ACUMAS	ACUMAS	gosupps.com	HTTPS://WWW.GOSUPPS.COM/BRANDS/ACUMAS.HTML
ACXFOND	ACXFOND	gosupps.com	HTTPS://WWW.GOSUPPS.COM/BRANDS/ACXFOND.HTML
ADANIKI	ADANIKI	gosupps.com	HTTPS://WWW.GOSUPPS.COM/BRANDS/ADANIKI.HTML
ADAPTERUNIVERSE	ADAPTERUNIVERSE	gosupps.com	HTTPS://WWW.GOSUPPS.COM/BRANDS/ADAPTER-UNIVERSE.HTML
ADASION	ADASION	gosupps.com	HTTPS://WWW.GOSUPPS.COM/BRANDS/ADASION.HTML
ADCEFTP	ADCEFTP	gosupps.com	HTTPS://WWW.GOSUPPS.COM/BRANDS/ADCEFTP.HTML
ADEWU	ADEWU	gosupps.com	HTTPS://WWW.GOSUPPS.COM/BRANDS/ADEWU.HTML?DIR=ASC&ORDER=PRICE
ADMIRADA	ADMIRADA	gosupps.com	HTTPS://WWW.GOSUPPS.COM/BRANDS/ADMIRADA.HTML
ADMITRY	ADMITRY	gosupps.com	HTTPS://WWW.GOSUPPS.COM/BRANDS/ADMITRY.HTML?DIR=DESC&ORDER=PRICE
ADOFECT	ADOFECT	gosupps.com	HTTPS://WWW.GOSUPPS.COM/BRANDS/ADOFECT.HTML
ADOGGYGO	ADOGGYGO	gosupps.com	HTTPS://WWW.GOSUPPS.COM/BRANDS/ADOGGYGO.HTML
ADOGO	ADOGO	gosupps.com	HTTPS://WWW.GOSUPPS.COM/BRANDS/ADOGO.HTML?DIR=ASC&ORDER=PRICE
ADORVE	ADORVE	gosupps.com	HTTPS://WWW.GOSUPPS.COM/BRANDS/ADORVE.HTML
ADOTRY	ADOTUREDIRECT	gosupps.com	HTTPS://WWW.GOSUPPS.COM/BRANDS/ADOTURE-DIRECT.HTML
ADOTURE	ADOTUREDIRECT	gosupps.com	HTTPS://WWW.GOSUPPS.COM/BRANDS/ADOTURE-DIRECT.HTML
ADUARJO	ADUARJO	gosupps.com	HTTPS://WWW.GOSUPPS.COM/BRANDS/ADUARJO.HTML
ADVANCEDNUTRITIONLABS	ADVANCEDNUTRITIONLABS	gosupps.com	HTTPS://WWW.GOSUPPS.COM/BRANDS/ADVANCED-NUTRITION-LABS.HTML
ADVANCORE	ADVANCORE	gosupps.com	HTTPS://WWW.GOSUPPS.COM/BRANDS/ADVANCORE.HTML?DIR=ASC&ORDER=POSITION
ADVANTAGEURINALSYSTEMS	ADVANTAGEURINALSYSTEMS	gosupps.com	HTTPS://WWW.GOSUPPS.COM/BRANDS/ADVANTAGE-URINAL-SYSTEMS.HTML
ADXCO	ADXCO3	gosupps.com	HTTPS://WWW.GOSUPPS.COM/BRANDS/ADXCO-3.HTML?DIR=DESC&ORDER=PRICE
AEAGOO	AEAGOO	gosupps.com	HTTPS://WWW.GOSUPPS.COM/BRANDS/AEAGOO.HTML
AECHY	AECHY	gosupps.com	HTTPS://WWW.GOSUPPS.COM/BRANDS/AECHY.HTML?DIR=ASC&ORDER=NAME
AEDAVEY	AEDAVEY	gosupps.com	HTTPS://WWW.GOSUPPS.COM/BRANDS/AEDAVEY.HTML
AEELIKE	AEELIKE	gosupps.com	HTTPS://WWW.GOSUPPS.COM/BRANDS/AEELIKE.HTML?DIR=DESC&ORDER=BEST_SELLING_SORT
AEROIVI	AEROIVI	gosupps.com	HTTPS://WWW.GOSUPPS.COM/BRANDS/AEROIVI.HTML
AFANSO	AFANSO	gosupps.com	HTTPS://WWW.GOSUPPS.COM/BEAUTY-BRANDS/AFANSO.HTML
AFFOTO	AFFOTO	gosupps.com	HTTPS://WWW.GOSUPPS.COM/BRANDS/AFFOTO.HTML?P=1
AFGFIGAA	AFGFIGAA	gosupps.com	HTTPS://WWW.GOSUPPS.COM/BRANDS/AFG-FIGAA.HTML
AFOOSOO	AFOOSOO3	gosupps.com	HTTPS://WWW.GOSUPPS.COM/BRANDS/AFOOSOO-3.HTML
AFRETER	AFRETER	gosupps.com	HTTPS://WWW.GOSUPPS.COM/BRANDS/AFRETER.HTML
AFTAFFINEST	AFTAFFINEST	gosupps.com	HTTPS://WWW.GOSUPPS.COM/BRANDS/AFT-AFFINEST.HTML?DIR=ASC&ORDER=PRICE
AFUNSO	AFUNSO	gosupps.com	HTTPS://WWW.GOSUPPS.COM/BRANDS/AFUNSO.HTML
AGATIGE	AGATIGE	gosupps.com	HTTPS://WWW.GOSUPPS.COM/BEAUTY-BRANDS/AGATIGE.HTML
AGATIGE	AGATIGE	gosupps.com	HTTPS://WWW.GOSUPPS.COM/BRANDS/AGATIGE.HTML?P=9
AGEDATE	AGEDATE	gosupps.com	HTTPS://WWW.GOSUPPS.COM/BRANDS/AGEDATE.HTML
AGEJYYY	AGEEMY	gosupps.com	HTTPS://WWW.GOSUPPS.COM/BRANDS/AGEEMY.HTML?DIR=ASC&ORDER=NAME
AGELESSFOUNDATIONLABORATORIES	AGELESSFOUNDATIONLABORATORIES	gosupps.com	HTTPS://WWW.GOSUPPS.COM/BRANDS/AGELESS-FOUNDATION-LABORATORIES.HTML?DIR=ASC&ORDER=POSITION
AGICEA	AGICEA	gosupps.com	HTTPS://WWW.GOSUPPS.COM/BRANDS/AGICEA.HTML?DIR=DESC&ORDER=NAME
AGILONG	AGILONG	gosupps.com	HTTPS://WWW.GOSUPPS.COM/BRANDS/AGILONG.HTML
AGOAL	AGOAL	gosupps.com	HTTPS://WWW.GOSUPPS.COM/BRANDS/AGOAL.HTML?DIR=ASC&ORDER=PRICE
AGOOL	AGOOL6	gosupps.com	HTTPS://WWW.GOSUPPS.COM/BRANDS/AGOOL-6.HTML
AGREATLIFE	AGREATLIFE	gosupps.com	HTTPS://WWW.GOSUPPS.COM/BRANDS/AGREATLIFE.HTML?DIR=ASC&ORDER=PRICE
AGREATSURPRISE	AGREATSURPRISE	gosupps.com	HTTPS://WWW.GOSUPPS.COM/BRANDS/A-GREAT-SURPRISE.HTML?DIR=ASC&ORDER=NAME&P=2
AGROSE	AGROSE	gosupps.com	HTTPS://WWW.GOSUPPS.COM/BRANDS/AGROSE.HTML
AGSDON	AGSDON	gosupps.com	HTTPS://WWW.GOSUPPS.COM/BRANDS/AGSDON.HTML
AGUKEXSA	AGUKEXSA	gosupps.com	HTTPS://WWW.GOSUPPS.COM/BRANDS/AGUKEXSA.HTML
AHATOPIA	AHATOPIA3	gosupps.com	HTTPS://WWW.GOSUPPS.COM/BRANDS/AHATOPIA-3.HTML?DIR=DESC&ORDER=BEST_SELLING_SORT
AHENOD	AHENOD	gosupps.com	HTTPS://WWW.GOSUPPS.COM/BRANDS/AHENOD.HTML
AHEYIDA	AHEYIDA	gosupps.com	HTTPS://WWW.GOSUPPS.COM/BRANDS/A-HEYIDA.HTML
AHISHFONEYA	AHISHFONEYA	gosupps.com	HTTPS://WWW.GOSUPPS.COM/BRANDS/AHISHFONEYA.HTML
AHONEY	AHONEY	gosupps.com	HTTPS://WWW.GOSUPPS.COM/BRANDS/AHONEY.HTML
AHRIKISS	AHRIKISS	gosupps.com	HTTPS://WWW.GOSUPPS.COM/BRANDS/AHRIKISS.HTML
AIBAB	AIBAB	gosupps.com	HTTPS://WWW.GOSUPPS.COM/BRANDS/AIBAB.HTML
AIBASI	AIBASI	gosupps.com	HTTPS://WWW.GOSUPPS.COM/BRANDS/AIBASI.HTML?DIR=DESC&ORDER=NAME
AIBEARTY	AIBEARTY	gosupps.com	HTTPS://WWW.GOSUPPS.COM/BRANDS/AIBEARTY.HTML?DIR=ASC&ORDER=PRICE
AIBEST	AIBEST	gosupps.com	HTTPS://WWW.GOSUPPS.COM/BRANDS/AIBEST.HTML
AIBOKEE	AIBOKEE	gosupps.com	HTTPS://WWW.GOSUPPS.COM/BRANDS/AIBOKEE.HTML?DIR=ASC&ORDER=PRICE
AIBRIT	AIBRIT	gosupps.com	HTTPS://WWW.GOSUPPS.COM/BRANDS/AIBRIT.HTML
AICUTTI	AICUTTI	gosupps.com	HTTPS://WWW.GOSUPPS.COM/BRANDS/AICUTTI.HTML?DIR=DESC&ORDER=PRICE
AIDUSA	AIDUSA	gosupps.com	HTTPS://WWW.GOSUPPS.COM/BRANDS/AIDUSA.HTML?DIR=DESC&ORDER=BEST_SELLING
AIFACAY	AIFACAY	gosupps.com	HTTPS://WWW.GOSUPPS.COM/BRANDS/AIFACAY.HTML
AIFUDA	AIFUDA	gosupps.com	HTTPS://WWW.GOSUPPS.COM/BRANDS/AIFUDA.HTML?DIR=ASC&ORDER=PRICE
AIFUSI	AIFUSI	gosupps.com	HTTPS://WWW.GOSUPPS.COM/BRANDS/AIFUSI.HTML
AIGLAM	AIGLAM	gosupps.com	HTTPS://WWW.GOSUPPS.COM/BRANDS/AIGLAM.HTML?DIR=ASC&ORDER=NAME
AIGOU	AIGOU	gosupps.com	HTTPS://WWW.GOSUPPS.COM/BRANDS/AIGOU.HTML
AIGRET	AIGRETFUTURE	gosupps.com	HTTPS://WWW.GOSUPPS.COM/BRANDS/AIGRET-FUTURE.HTML
AIGRETFUTURE	AIGRETFUTURE	gosupps.com	HTTPS://WWW.GOSUPPS.COM/BRANDS/AIGRET-FUTURE.HTML
AIGYONX	AIGYONX	gosupps.com	HTTPS://WWW.GOSUPPS.COM/BEAUTY-BRANDS/AIGYONX.HTML
AIHOPESTO	AIHOPESTO3	gosupps.com	HTTPS://WWW.GOSUPPS.COM/BRANDS/AIHOPESTO-3.HTML?P=2
AIHSUMC	AIHSUMC	gosupps.com	HTTPS://WWW.GOSUPPS.COM/BRANDS/AIHSUMC.HTML?DIR=ASC&ORDER=NAME
AIICIOO	AIICIOO	gosupps.com	HTTPS://WWW.GOSUPPS.COM/BRANDS/AIICIOO.HTML
AIIYME	AIIYME	gosupps.com	HTTPS://WWW.GOSUPPS.COM/BRANDS/AIIYME.HTML
AIKENDO	AIKENDO	gosupps.com	HTTPS://WWW.GOSUPPS.COM/BRANDS/AIKENDO.HTML?DIR=ASC&ORDER=POSITION
AIKENR	AIKENR	gosupps.com	HTTPS://WWW.GOSUPPS.COM/BRANDS/AIKENR.HTML
AIKOTOO	AIKOTOO3	gosupps.com	HTTPS://WWW.GOSUPPS.COM/BRANDS/AIKOTOO-3.HTML
AILEAM	AILEAM	gosupps.com	HTTPS://WWW.GOSUPPS.COM/BRANDS/AILEAM.HTML?P=2
AILEVANT	AILEVANT	gosupps.com	HTTPS://WWW.GOSUPPS.COM/BRANDS/AILEVANT.HTML
AILEVANT	AILEVANT	gosupps.com	HTTPS://WWW.GOSUPPS.COM/BEAUTY-BRANDS/AILEVANT.HTML
AILIMEI	ELAIMEI	gosupps.com	HTTPS://WWW.GOSUPPS.COM/BRANDS/ELAIMEI.HTML
AILLSA	AILLSA	gosupps.com	HTTPS://WWW.GOSUPPS.COM/BRANDS/AILLSA.HTML?DIR=ASC&ORDER=PRICE&P=6
AILUCE	AILUCE	gosupps.com	HTTPS://WWW.GOSUPPS.COM/BRANDS/AILUCE.HTML
AILUCK	ILUCK	gosupps.com	HTTPS://WWW.GOSUPPS.COM/BRANDS/ILUCK.HTML?DIR=ASC&ORDER=NAME
AILUCK	AILUCE	gosupps.com	HTTPS://WWW.GOSUPPS.COM/BRANDS/AILUCE.HTML
AIMADE	AIMADE	gosupps.com	HTTPS://WWW.GOSUPPS.COM/BRANDS/AIMADE.HTML
AIMAKE	AIMAKE	gosupps.com	HTTPS://WWW.GOSUPPS.COM/BRANDS/AIMAKE.HTML
AIMDOR	AIMDOR	gosupps.com	HTTPS://WWW.GOSUPPS.COM/BRANDS/AIMDOR.HTML
AIMDORARCHERY	AIMDOR	gosupps.com	HTTPS://WWW.GOSUPPS.COM/BRANDS/AIMDOR.HTML
AIMIMIER	AIMIMIER	gosupps.com	HTTPS://WWW.GOSUPPS.COM/BRANDS/AIMIMIER.HTML?DIR=DESC&ORDER=POSITION
AIMINUO	AIMINUO	gosupps.com	HTTPS://WWW.GOSUPPS.COM/BRANDS/AIMINUO.HTML
AIMOSEN	AIMOSEN	gosupps.com	HTTPS://WWW.GOSUPPS.COM/BRANDS/AIMOSEN.HTML?DIR=ASC&ORDER=PRICE
AIMSHINE	AIMSHINE	gosupps.com	HTTPS://WWW.GOSUPPS.COM/BRANDS/AIMSHINE.HTML?DIR=DESC&ORDER=NAME
AINVIATA	AINVIATA	gosupps.com	HTTPS://WWW.GOSUPPS.COM/BRANDS/AINVIATA.HTML?DIR=ASC&ORDER=NAME
AIOLOINNOVATION	AIOLOINNOVATION	gosupps.com	HTTPS://WWW.GOSUPPS.COM/BRANDS/AIOLO-INNOVATION.HTML?DIR=ASC&ORDER=POSITION
AIPERRO	AIPERRO	gosupps.com	HTTPS://WWW.GOSUPPS.COM/BRANDS/AIPERRO.HTML
AIPRIDY	AIPRIDY	gosupps.com	HTTPS://WWW.GOSUPPS.COM/BRANDS/AIPRIDY.HTML
AIRASSI	AIRASSI	gosupps.com	HTTPS://WWW.GOSUPPS.COM/BRANDS/AIRASSI.HTML
AIRBITION	AIRBITION	gosupps.com	HTTPS://WWW.GOSUPPS.COM/BRANDS/AIRBITION.HTML
AIRPROMISE	AIRPROMISE	gosupps.com	HTTPS://WWW.GOSUPPS.COM/BRANDS/AIRPROMISE.HTML?DIR=ASC&ORDER=POSITION
AIRROYE	AIRROYE	gosupps.com	HTTPS://WWW.GOSUPPS.COM/BRANDS/AIRROYE.HTML?DIR=ASC&ORDER=BEST_SELLING_SORT
AIRROYE	AIRROYE	gosupps.com	HTTPS://WWW.GOSUPPS.COM/BEAUTY-BRANDS/AIRROYE.HTML
AIRYOMI	AIRYOMI	gosupps.com	HTTPS://WWW.GOSUPPS.COM/BRANDS/AIRYOMI.HTML
AISCROFA	AISCROFA	gosupps.com	HTTPS://WWW.GOSUPPS.COM/BRANDS/AISCROFA.HTML?DIR=ASC&ORDER=POSITION
AISEELY	AISEELY	gosupps.com	HTTPS://WWW.GOSUPPS.COM/BRANDS/AISEELY.HTML?DIR=ASC&ORDER=BEST_SELLING_SORT
AISHUJIE	AISHUJIE	gosupps.com	HTTPS://WWW.GOSUPPS.COM/BRANDS/AISHUJIE.HTML?DIR=ASC&ORDER=NAME
AISIBEAUTY	AISIBEAUTY	gosupps.com	HTTPS://WWW.GOSUPPS.COM/BRANDS/AISI-BEAUTY.HTML
AISIHAIR	AISIHAIR	gosupps.com	HTTPS://WWW.GOSUPPS.COM/BRANDS/AISI-HAIR.HTML
AISNI	AISNI	gosupps.com	HTTPS://WWW.GOSUPPS.COM/BRANDS/AISNI.HTML
AISOM	AISOM	gosupps.com	HTTPS://WWW.GOSUPPS.COM/BRANDS/AISOM.HTML
AISPRTS	AISPRTS	gosupps.com	HTTPS://WWW.GOSUPPS.COM/BRANDS/AISPRTS.HTML?DIR=DESC&ORDER=BEST_SELLING
AITERINA	AITERINA	gosupps.com	HTTPS://WWW.GOSUPPS.COM/BRANDS/AITERINA.HTML
AITINKA	ATOKIRINA	gosupps.com	HTTPS://WWW.GOSUPPS.COM/BRANDS/ATOKIRINA.HTML?DIR=DESC&ORDER=NAME
AIVALAS	AIVALAS	gosupps.com	HTTPS://WWW.GOSUPPS.COM/BRANDS/AIVALAS.HTML?DIR=DESC&ORDER=BEST_SELLING_SORT
AIVYNA	AIVYNA	gosupps.com	HTTPS://WWW.GOSUPPS.COM/BRANDS/AIVYNA.HTML
AIWING	AIWING	gosupps.com	HTTPS://WWW.GOSUPPS.COM/BRANDS/AIWING.HTML?DIR=ASC&ORDER=BEST_SELLING_SORT
AIXMEET	AIXMEET	gosupps.com	HTTPS://WWW.GOSUPPS.COM/BRANDS/AIXMEET.HTML?DIR=ASC&ORDER=POSITION
AJINTEBY	AJINTEBY	gosupps.com	HTTPS://WWW.GOSUPPS.COM/BRANDS/AJINTEBY.HTML
AKALIN	AKALIN	gosupps.com	HTTPS://WWW.GOSUPPS.COM/BRANDS/AKALIN.HTML
AKARY	AKARY	gosupps.com	HTTPS://WWW.GOSUPPS.COM/BEAUTY-BRANDS/AKARY.HTML
AKATAKA	AKATAKA3	gosupps.com	HTTPS://WWW.GOSUPPS.COM/BRANDS/AKATAKA-3.HTML
AKISS	AKISS	gosupps.com	HTTPS://WWW.GOSUPPS.COM/BRANDS/AKISS.HTML
AKISSOS	AKISSOS	gosupps.com	HTTPS://WWW.GOSUPPS.COM/BRANDS/AKISSOS.HTML
AKIVASUPERFOODS	AKIVASUPERFOODS	gosupps.com	HTTPS://WWW.GOSUPPS.COM/BRANDS/AKIVA-SUPERFOODS.HTML
AKRAF	AAKRAF	gosupps.com	HTTPS://WWW.GOSUPPS.COM/BRANDS/A-AKRAF.HTML
AKSICE	AKSICE	gosupps.com	HTTPS://WWW.GOSUPPS.COM/BRANDS/AKSICE.HTML
ALALASO	ALALASO	gosupps.com	HTTPS://WWW.GOSUPPS.COM/BRANDS/ALALASO.HTML?DIR=DESC&ORDER=BEST_SELLING_SORT
ALAPASTE	ALAPASTE	gosupps.com	HTTPS://WWW.GOSUPPS.COM/BRANDS/ALAPASTE.HTML
ALATER	ALATER	gosupps.com	HTTPS://WWW.GOSUPPS.COM/BRANDS/ALATER.HTML
ALAVIKING	ALAVIKING	gosupps.com	HTTPS://WWW.GOSUPPS.COM/BRANDS/ALAVIKING.HTML
ALCHILALART	ALCHILALART	gosupps.com	HTTPS://WWW.GOSUPPS.COM/BRANDS/ALCHILALART.HTML
ALEATH	ALEATH	gosupps.com	HTTPS://WWW.GOSUPPS.COM/BRANDS/ALEATH.HTML?DIR=ASC&ORDER=POSITION
ALEXSPA	ALEXSPA	gosupps.com	HTTPS://WWW.GOSUPPS.COM/BRANDS/ALEX-SPA.HTML
ALFIUDAD	ALFIUDAD	gosupps.com	HTTPS://WWW.GOSUPPS.COM/BRANDS/ALFIUDAD.HTML?DIR=DESC&ORDER=NAME
ALIBEBE	ALIBEBE	gosupps.com	HTTPS://WWW.GOSUPPS.COM/BRANDS/ALIBEBE.HTML
ALICEVA	ALICEVA	gosupps.com	HTTPS://WWW.GOSUPPS.COM/BRANDS/ALICEVA.HTML
ALICOCO	ALICOCO	gosupps.com	HTTPS://WWW.GOSUPPS.COM/BRANDS/ALICOCO.HTML
ALICROWNHAIR	ALICROWNHAIR	gosupps.com	HTTPS://WWW.GOSUPPS.COM/BRANDS/ALICROWN-HAIR.HTML?DIR=DESC&ORDER=NAME
ALIGLOW	ALIGLOW	gosupps.com	HTTPS://WWW.GOSUPPS.COM/BRANDS/ALIGLOW.HTML
ALIMITOPIA	ALIMITOPIA	gosupps.com	HTTPS://WWW.GOSUPPS.COM/BRANDS/ALIMITOPIA.HTML
ALINKEY	ALINKEY	gosupps.com	HTTPS://WWW.GOSUPPS.COM/BRANDS/ALINKEY.HTML
ALIWO	ALIWO	gosupps.com	HTTPS://WWW.GOSUPPS.COM/BRANDS/ALIWO.HTML?DIR=DESC&ORDER=NAME
ALIWOVO	ALIWO	gosupps.com	HTTPS://WWW.GOSUPPS.COM/BRANDS/ALIWO.HTML?DIR=DESC&ORDER=NAME
ALIZAPREMIUMPARTYSUPPLIES	ALIZAPREMIUMPARTYSUPPLIES	gosupps.com	HTTPS://WWW.GOSUPPS.COM/BRANDS/ALIZA-PREMIUM-PARTY-SUPPLIES.HTML?DIR=DESC&ORDER=POSITION
ALKAMTO	ALKAMTO	gosupps.com	HTTPS://WWW.GOSUPPS.COM/BRANDS/ALKAMTO.HTML
ALLABOUTEMBROIDERYUA	ALLABOUTEMBROIDERYUA	gosupps.com	HTTPS://WWW.GOSUPPS.COM/BRANDS/ALLABOUTEMBROIDERYUA.HTML?DIR=DESC&ORDER=NAME
ALLEGROCOMPRESSIONHOSIERY	ALLEGROCOMPRESSIONHOSIERY	gosupps.com	HTTPS://WWW.GOSUPPS.COM/BRANDS/ALLEGRO-COMPRESSION-HOSIERY.HTML
ALLENSPORTS	ALLENSPORTS	gosupps.com	HTTPS://WWW.GOSUPPS.COM/BRANDS/ALLEN-SPORTS.HTML?DIR=DESC&ORDER=BEST_SELLING
ALLILUYAA	ALLILUYAA	gosupps.com	HTTPS://WWW.GOSUPPS.COM/BRANDS/ALLILUYAA.HTML
ALLWON	ALLWON3	gosupps.com	HTTPS://WWW.GOSUPPS.COM/BRANDS/ALLWON-3.HTML?DIR=DESC&ORDER=BEST_SELLING_SORT&P=2
ALLZERO	ALLZERO	gosupps.com	HTTPS://WWW.GOSUPPS.COM/BRANDS/ALLZERO.HTML?DIR=ASC&ORDER=NAME
ALMCMY	ALMCMY	gosupps.com	HTTPS://WWW.GOSUPPS.COM/BRANDS/ALMCMY.HTML
ALMDA	ALMDA	gosupps.com	HTTPS://WWW.GOSUPPS.COM/BRANDS/ALMDA.HTML
ALMOONI	ALMOONI	gosupps.com	HTTPS://WWW.GOSUPPS.COM/BRANDS/ALMOONI.HTML
ALNEC	ALNEC	gosupps.com	HTTPS://WWW.GOSUPPS.COM/BEAUTY-BRANDS/ALNEC.HTML
ALOCIAM	ALOCIAM	gosupps.com	HTTPS://WWW.GOSUPPS.COM/BRANDS/ALOCIAM.HTML?DIR=DESC&ORDER=BEST_SELLING&P=2
ALOCIAM	ALOCIAM	gosupps.com	HTTPS://WWW.GOSUPPS.COM/BEAUTY-BRANDS/ALOCIAM.HTML?DIR=ASC&ORDER=NAME
ALPIKA	ALPIKACOSMETICS	gosupps.com	HTTPS://WWW.GOSUPPS.COM/BRANDS/ALPIKA-COSMETICS.HTML
ALRENCE	ALRENCE	gosupps.com	HTTPS://WWW.GOSUPPS.COM/BRANDS/ALRENCE.HTML?DIR=DESC&ORDER=BEST_SELLING
ALTAPOLO	ALTAPOLO	gosupps.com	HTTPS://WWW.GOSUPPS.COM/BRANDS/ALTAPOLO.HTML
ALTAYMUMMIYO	ALTAYMUMMIYO	gosupps.com	HTTPS://WWW.GOSUPPS.COM/BRANDS/ALTAY-MUMMIYO.HTML
ALTSON	ALTSON	gosupps.com	HTTPS://WWW.GOSUPPS.COM/BRANDS/ALTSON.HTML?DIR=ASC&ORDER=PRICE
ALUCY	ALUCY	gosupps.com	HTTPS://WWW.GOSUPPS.COM/BRANDS/ALUCY.HTML
ALUKE	ALUKE	gosupps.com	HTTPS://WWW.GOSUPPS.COM/BRANDS/ALUKE.HTML
ALWAYSUV	ALWAYSUV	gosupps.com	HTTPS://WWW.GOSUPPS.COM/BRANDS/ALWAYSUV.HTML?DIR=DESC&ORDER=BEST_SELLING
ALYAHT	ALYAHT	gosupps.com	HTTPS://WWW.GOSUPPS.COM/BEAUTY-BRANDS/ALYAHT.HTML?DIR=DESC&ORDER=PRICE
AMAGOLING	AMAGOING	gosupps.com	HTTPS://WWW.GOSUPPS.COM/BRANDS/AMAGOING.HTML?DIR=ASC&ORDER=PRICE
AMAKE	AMAKE	gosupps.com	HTTPS://WWW.GOSUPPS.COM/BRANDS/AMAKE.HTML
AMAKISKINCARE	AMAKISKINCARE	gosupps.com	HTTPS://WWW.GOSUPPS.COM/BRANDS/AMAKI-SKINCARE.HTML?DIR=ASC&ORDER=NAME
AMAVARA	AMAVARA	gosupps.com	HTTPS://WWW.GOSUPPS.COM/BRANDS/AMAVARA.HTML
AMBASSADORSWHITELION	AMBASSADORSWHITELION	gosupps.com	HTTPS://WWW.GOSUPPS.COM/BRANDS/AMBASSADOR-S-WHITE-LION.HTML
AMBERCALM	AMBERCALM	gosupps.com	HTTPS://WWW.GOSUPPS.COM/BRANDS/AMBERCALM.HTML
AMBERSHINE	AMBERSHINE	gosupps.com	HTTPS://WWW.GOSUPPS.COM/BRANDS/AMBERSHINE.HTML?DIR=ASC&ORDER=NAME
AMBIANCEBYCRYSTALWARE	AMBIANCEBYCRYSTALWARE	gosupps.com	HTTPS://WWW.GOSUPPS.COM/BRANDS/AMBIANCE-BY-CRYSTALWARE.HTML
AMBISON	AMBISON	gosupps.com	HTTPS://WWW.GOSUPPS.COM/BRANDS/AMBISON.HTML
AMBREVIEW	AMBREVIEW	gosupps.com	HTTPS://WWW.GOSUPPS.COM/BRANDS/AMBREVIEW.HTML?DIR=ASC&ORDER=BEST_SELLING
AMCONSURE	AMCONSURE	gosupps.com	HTTPS://WWW.GOSUPPS.COM/BRANDS/AMCONSURE.HTML
AMEMO	AMEMO	gosupps.com	HTTPS://WWW.GOSUPPS.COM/BRANDS/AMEMO.HTML
AMERICANBODYBUILDING	AMERICANBODYBUILDING	gosupps.com	HTTPS://WWW.GOSUPPS.COM/BRANDS/AMERICAN-BODY-BUILDING.HTML
AMERICANHERITAGEINDUSTRIES	AMERICANHERITAGEINDUSTRIES3	gosupps.com	HTTPS://WWW.GOSUPPS.COM/BRANDS/AMERICAN-HERITAGE-INDUSTRIES-3.HTML?DIR=DESC&ORDER=PRICE
AMERICANSHAVINGCO	AMERICANSHAVINGCO	gosupps.com	HTTPS://WWW.GOSUPPS.COM/BRANDS/AMERICAN-SHAVING-CO.HTML?DIR=DESC&ORDER=BEST_SELLING&P=2
AMERZAM	AMERZAM	gosupps.com	HTTPS://WWW.GOSUPPS.COM/BRANDS/AMERZAM.HTML
AMESIAS	AMESIAS	gosupps.com	HTTPS://WWW.GOSUPPS.COM/BRANDS/AMESIAS.HTML
AMIIR	AMIIR	gosupps.com	HTTPS://WWW.GOSUPPS.COM/BRANDS/AMIIR.HTML?DIR=DESC&ORDER=BEST_SELLING_SORT
AMINORD	AMINORD	gosupps.com	HTTPS://WWW.GOSUPPS.COM/BRANDS/AMINORD.HTML
AMINZER	AMINZER	gosupps.com	HTTPS://WWW.GOSUPPS.COM/BEAUTY-BRANDS/AMINZER.HTML?DIR=ASC&ORDER=POSITION&P=3
AMIRHAIR	AMIRHAIR	gosupps.com	HTTPS://WWW.GOSUPPS.COM/BRANDS/AMIR-HAIR.HTML?DIR=ASC&ORDER=NAME
AMISCE	AMISCE	gosupps.com	HTTPS://WWW.GOSUPPS.COM/BRANDS/AMISCE.HTML
AMISCE	AMISCE	gosupps.com	HTTPS://WWW.GOSUPPS.COM/BEAUTY-BRANDS/AMISCE.HTML
AMMIY	AMMIY	gosupps.com	HTTPS://WWW.GOSUPPS.COM/BRANDS/AMMIY.HTML?DIR=DESC&ORDER=BEST_SELLING_SORT
AMORAYS	AMORAYS	gosupps.com	HTTPS://WWW.GOSUPPS.COM/BRANDS/AMORAYS.HTML
AMORIX	AMORIX	gosupps.com	HTTPS://WWW.GOSUPPS.COM/BRANDS/AMORIX.HTML?DIR=ASC&ORDER=NAME
AMORVA	AMORVA	gosupps.com	HTTPS://WWW.GOSUPPS.COM/BRANDS/AMORVA.HTML?DIR=DESC&ORDER=NAME
AMORVA	AMAVARA	gosupps.com	HTTPS://WWW.GOSUPPS.COM/BRANDS/AMAVARA.HTML
AMOSIJOY	AMOSIJOY	gosupps.com	HTTPS://WWW.GOSUPPS.COM/BRANDS/AMOSIJOY.HTML
AMOTOR	AMOTOR	gosupps.com	HTTPS://WWW.GOSUPPS.COM/BRANDS/AMOTOR.HTML?DIR=ASC&ORDER=NAME
AMPPER	AMPPER	gosupps.com	HTTPS://WWW.GOSUPPS.COM/BRANDS/AMPPER.HTML?DIR=DESC&ORDER=NAME
AMULISS	AMULISS	gosupps.com	HTTPS://WWW.GOSUPPS.COM/BRANDS/AMULISS.HTML
AMYLOVE	AMYLOVE	gosupps.com	HTTPS://WWW.GOSUPPS.COM/BRANDS/AMYLOVE.HTML?DIR=ASC&ORDER=PRICE
AMZMEDICALSUPPLY	AMZMEDICALSUPPLY	gosupps.com	HTTPS://WWW.GOSUPPS.COM/BRANDS/AMZ-MEDICAL-SUPPLY.HTML
ANAKELHOME	ANAKELHOME	gosupps.com	HTTPS://WWW.GOSUPPS.COM/BRANDS/ANAKEL-HOME.HTML
ANAMPION	ANAMPION	gosupps.com	HTTPS://WWW.GOSUPPS.COM/BRANDS/ANAMPION.HTML?DIR=ASC&ORDER=POSITION
ANAOTA	ANAOTA	gosupps.com	HTTPS://WWW.GOSUPPS.COM/BRANDS/ANAOTA.HTML
ANBULL	ANBULL	gosupps.com	HTTPS://WWW.GOSUPPS.COM/BRANDS/ANBULL.HTML?DIR=ASC&ORDER=PRICE
ANBYS	ANBYS	gosupps.com	HTTPS://WWW.GOSUPPS.COM/BRANDS/ANBYS.HTML
ANCPOP	ANCPOP	gosupps.com	HTTPS://WWW.GOSUPPS.COM/BRANDS/ANC-POP.HTML
ANCROWN	ANCROWN	gosupps.com	HTTPS://WWW.GOSUPPS.COM/BEAUTY-BRANDS/ANCROWN.HTML
ANDGOO	ANDGOO	gosupps.com	HTTPS://WWW.GOSUPPS.COM/BRANDS/ANDGOO.HTML
ANDMR	ANDMR	gosupps.com	HTTPS://WWW.GOSUPPS.COM/BRANDS/ANDMR.HTML
ANDYKEN	ANDYKEN	gosupps.com	HTTPS://WWW.GOSUPPS.COM/BRANDS/ANDYKEN.HTML
ANDYMATION	ANDYMATION	gosupps.com	HTTPS://WWW.GOSUPPS.COM/BRANDS/ANDYMATION.HTML
ANELEKOR	ANELEKOR	gosupps.com	HTTPS://WWW.GOSUPPS.COM/BRANDS/ANELEKOR.HTML
ANERTE	ANERTE	gosupps.com	HTTPS://WWW.GOSUPPS.COM/BRANDS/ANERTE.HTML
ANESTY	ANESTY	gosupps.com	HTTPS://WWW.GOSUPPS.COM/BRANDS/ANESTY.HTML
ANFORSUN	ANFORSUN	gosupps.com	HTTPS://WWW.GOSUPPS.COM/BRANDS/ANFORSUN.HTML
ANGBATER	ANGBATER	gosupps.com	HTTPS://WWW.GOSUPPS.COM/BRANDS/ANGBATER.HTML
ANGEER	ANGEER	gosupps.com	HTTPS://WWW.GOSUPPS.COM/BRANDS/ANGEER.HTML?DIR=ASC&ORDER=NAME
ANGELSLAB	ANGELSLAB	gosupps.com	HTTPS://WWW.GOSUPPS.COM/BRANDS/ANGELS-LAB.HTML
ANGELYCIA	ANGELYCIA	gosupps.com	HTTPS://WWW.GOSUPPS.COM/BRANDS/ANGELYCIA.HTML
ANGEMAY	ANGEMAY	gosupps.com	HTTPS://WWW.GOSUPPS.COM/BRANDS/ANGEMAY.HTML
ANGFAN	ANGFAN	gosupps.com	HTTPS://WWW.GOSUPPS.COM/BRANDS/ANGFAN.HTML
ANGIEHAIE	ANGIEHAIE	gosupps.com	HTTPS://WWW.GOSUPPS.COM/BRANDS/ANGIEHAIE.HTML
ANGIEUNIFORMS	ANGIEUNIFORMS	gosupps.com	HTTPS://WWW.GOSUPPS.COM/BRANDS/ANGIE-UNIFORMS.HTML
ANGLEKAI	ANGLEKAI	gosupps.com	HTTPS://WWW.GOSUPPS.COM/BRANDS/ANGLEKAI.HTML
ANGNYA	ANGNYA	gosupps.com	HTTPS://WWW.GOSUPPS.COM/BRANDS/ANGNYA.HTML
ANGOILY	ANGOILY	gosupps.com	HTTPS://WWW.GOSUPPS.COM/BRANDS/ANGOILY.HTML?P=11
ANGOOBABY	ANGOOBABY	gosupps.com	HTTPS://WWW.GOSUPPS.COM/BRANDS/ANGOOBABY.HTML
ANGTEELA	ANGTEELA	gosupps.com	HTTPS://WWW.GOSUPPS.COM/BRANDS/ANGTEELA.HTML
ANGZHILI	ANGZHILI	gosupps.com	HTTPS://WWW.GOSUPPS.COM/BRANDS/ANGZHILI.HTML
ANIAC	ANIAC	gosupps.com	HTTPS://WWW.GOSUPPS.COM/BRANDS/ANIAC.HTML
ANIANN	ANIANN	gosupps.com	HTTPS://WWW.GOSUPPS.COM/BRANDS/ANIANN.HTML
ANICCO	ANICCO	gosupps.com	HTTPS://WWW.GOSUPPS.COM/BRANDS/ANICCO.HTML?DIR=ASC&ORDER=POSITION
ANIEKIN	ANIEKIN3	gosupps.com	HTTPS://WWW.GOSUPPS.COM/BRANDS/ANIEKIN-3.HTML?DIR=ASC&ORDER=PRICE
ANJOUFEMME	ANJOUFEMME	gosupps.com	HTTPS://WWW.GOSUPPS.COM/BRANDS/ANJOUFEMME.HTML
ANKEY	ANKEY	gosupps.com	HTTPS://WWW.GOSUPPS.COM/BRANDS/ANKEY.HTML?DIR=ASC&ORDER=PRICE
ANKOMINA	ANKOMINA	gosupps.com	HTTPS://WWW.GOSUPPS.COM/BRANDS/ANKOMINA.HTML?DIR=DESC&ORDER=NAME
ANKOOY	ANKOOY	gosupps.com	HTTPS://WWW.GOSUPPS.COM/BRANDS/ANKOOY.HTML
ANKROYU	ANKROYU4	gosupps.com	HTTPS://WWW.GOSUPPS.COM/BRANDS/ANKROYU-4.HTML
ANLMZ	ANLMZ	gosupps.com	HTTPS://WWW.GOSUPPS.COM/BRANDS/ANLMZ.HTML?DIR=ASC&ORDER=NAME
ANMABABY	ANMABABY	gosupps.com	HTTPS://WWW.GOSUPPS.COM/BRANDS/ANMABABY.HTML?DIR=ASC&ORDER=POSITION
ANMAIZIN	AMAIZIN	gosupps.com	HTTPS://WWW.GOSUPPS.COM/BRANDS/AMAIZIN.HTML
ANNIZHTY	ANNIZHTY	gosupps.com	HTTPS://WWW.GOSUPPS.COM/BRANDS/ANNIZHTY.HTML
ANNMORE	ANNMORE	gosupps.com	HTTPS://WWW.GOSUPPS.COM/BRANDS/ANNMORE.HTML
ANNSKY	ANNSKY	gosupps.com	HTTPS://WWW.GOSUPPS.COM/BRANDS/ANNSKY.HTML?DIR=ASC&ORDER=NAME
ANNTUK	ANNTUK	gosupps.com	HTTPS://WWW.GOSUPPS.COM/BRANDS/ANNTUK.HTML?DIR=DESC&ORDER=BEST_SELLING_SORT
ANOOVV	ANOOVV	gosupps.com	HTTPS://WWW.GOSUPPS.COM/BRANDS/ANOOVV.HTML
ANOTWENER	ANOTWENER	gosupps.com	HTTPS://WWW.GOSUPPS.COM/BRANDS/ANOTWENER.HTML?DIR=DESC&ORDER=NAME
ANPATIO	ANPATIO	gosupps.com	HTTPS://WWW.GOSUPPS.COM/BRANDS/ANPATIO.HTML?DIR=ASC&ORDER=NAME
ANPPEX	ANPPEX	gosupps.com	HTTPS://WWW.GOSUPPS.COM/BRANDS/ANPPEX.HTML?DIR=ASC&ORDER=BEST_SELLING
ANROM	ANROM	gosupps.com	HTTPS://WWW.GOSUPPS.COM/BRANDS/ANROM.HTML
ANTEQI	ANTEQI	gosupps.com	HTTPS://WWW.GOSUPPS.COM/BRANDS/ANTEQI.HTML?DIR=DESC&ORDER=PRICE
ANTFIRE	ANTFIRE	gosupps.com	HTTPS://WWW.GOSUPPS.COM/BRANDS/ANTFIRE.HTML
ANTHIWAY	ANTHIWAY	gosupps.com	HTTPS://WWW.GOSUPPS.COM/BRANDS/ANTHIWAY.HTML?DIR=ASC&ORDER=BEST_SELLING
ANTIQUEALIVE	ANTIQUEALIVE	gosupps.com	HTTPS://WWW.GOSUPPS.COM/BRANDS/ANTIQUE-ALIVE.HTML?DIR=DESC&ORDER=BEST_SELLING_SORT
ANTOPY	ANTOPY	gosupps.com	HTTPS://WWW.GOSUPPS.COM/BRANDS/ANTOPY.HTML
ANTWELON	ANTWELON3	gosupps.com	HTTPS://WWW.GOSUPPS.COM/BRANDS/ANTWELON-3.HTML
ANUMEDINTERNATIONAL	ANUMEDINTERNATIONAL	gosupps.com	HTTPS://WWW.GOSUPPS.COM/BRANDS/ANUMED-INTERNATIONAL.HTML?DIR=DESC&ORDER=BEST_SELLING
ANUPOW	ANUPAD	gosupps.com	HTTPS://WWW.GOSUPPS.COM/BRANDS/ANUPAD.HTML
ANVIRTUE	ANVIRTUE	gosupps.com	HTTPS://WWW.GOSUPPS.COM/BRANDS/ANVIRTUE.HTML?DIR=DESC&ORDER=BEST_SELLING
ANWIEL	ANWIEL	gosupps.com	HTTPS://WWW.GOSUPPS.COM/BRANDS/ANWIEL.HTML
ANYIFAN	BUYIFAN	gosupps.com	HTTPS://WWW.GOSUPPS.COM/BRANDS/BUYIFAN.HTML
ANYKU	ANYKUU	gosupps.com	HTTPS://WWW.GOSUPPS.COM/BRANDS/ANYKUU.HTML
ANYSINY	ANYSINY	gosupps.com	HTTPS://WWW.GOSUPPS.COM/BRANDS/ANYSINY.HTML
ANZORHAL	ANZORHAL	gosupps.com	HTTPS://WWW.GOSUPPS.COM/BRANDS/ANZORHAL.HTML
AOBBIY	AOBBIY	gosupps.com	HTTPS://WWW.GOSUPPS.COM/BRANDS/AOBBIY.HTML?DIR=DESC&ORDER=NAME&P=3
AOBOCAM	AOBOCAM	gosupps.com	HTTPS://WWW.GOSUPPS.COM/BRANDS/AOBOCAM.HTML
AOCHE	AOCHE	gosupps.com	HTTPS://WWW.GOSUPPS.COM/BRANDS/AOCHE.HTML
AOJIN	AOJIN	gosupps.com	HTTPS://WWW.GOSUPPS.COM/BRANDS/AOJIN.HTML
AOKCATS	AOKCATS	gosupps.com	HTTPS://WWW.GOSUPPS.COM/BRANDS/AOKCATS.HTML?DIR=DESC&ORDER=PRICE
AOKOWN	AOKOWN	gosupps.com	HTTPS://WWW.GOSUPPS.COM/BRANDS/AOKOWN.HTML
AOLAILIYA	AOLAILIYA	gosupps.com	HTTPS://WWW.GOSUPPS.COM/BRANDS/AOLAILIYA.HTML
AOLANS	AOLANS3	gosupps.com	HTTPS://WWW.GOSUPPS.COM/BRANDS/AOLANS-3.HTML
AOLESY	AOLESY	gosupps.com	HTTPS://WWW.GOSUPPS.COM/BRANDS/AOLESY.HTML
AOLLOP	AOLLOP	gosupps.com	HTTPS://WWW.GOSUPPS.COM/BRANDS/AOLLOP.HTML
AOMASTE	AOMASTE	gosupps.com	HTTPS://WWW.GOSUPPS.COM/BRANDS/AOMASTE.HTML
AOMIDUO	AOMIDUO	gosupps.com	HTTPS://WWW.GOSUPPS.COM/BRANDS/AOMIDUO.HTML
AOMIG	AOMIG	gosupps.com	HTTPS://WWW.GOSUPPS.COM/BEAUTY-BRANDS/AOMIG.HTML
AONBOY	AONBOY	gosupps.com	HTTPS://WWW.GOSUPPS.COM/BRANDS/AONBOY.HTML?DIR=ASC&ORDER=NAME
AONOLOVO	AONOLOVO	gosupps.com	HTTPS://WWW.GOSUPPS.COM/BRANDS/AONOLOVO.HTML?P=2
AOOBA	AOOBA	gosupps.com	HTTPS://WWW.GOSUPPS.COM/BRANDS/AOOBA.HTML
AOOBA	AOOBA	gosupps.com	HTTPS://WWW.GOSUPPS.COM/BEAUTY-BRANDS/AOOBA.HTML
AOOOWER	AOOOWER	gosupps.com	HTTPS://WWW.GOSUPPS.COM/BRANDS/AOOOWER.HTML
AOORY	AOORY	gosupps.com	HTTPS://WWW.GOSUPPS.COM/BRANDS/AOORY.HTML?DIR=ASC&ORDER=POSITION&P=2
AOPINAW	AOPOW	gosupps.com	HTTPS://WWW.GOSUPPS.COM/BRANDS/AOPOW.HTML?DIR=ASC&ORDER=POSITION
AOPINAW	AOPOW	gosupps.com	HTTPS://WWW.GOSUPPS.COM/BRANDS/AOPOW.HTML?DIR=DESC&ORDER=PRICE
AOPOCKANTECH	AOPOCKANTECH	gosupps.com	HTTPS://WWW.GOSUPPS.COM/BEAUTY-BRANDS/AOPOCKAN-TECH.HTML
AOPOW	AOPOW	gosupps.com	HTTPS://WWW.GOSUPPS.COM/BRANDS/AOPOW.HTML?DIR=ASC&ORDER=POSITION
AOPRIE	AOPRIE3	gosupps.com	HTTPS://WWW.GOSUPPS.COM/BRANDS/AOPRIE-3.HTML?DIR=ASC&ORDER=POSITION&P=3
AOPUSI	AOPUSI	gosupps.com	HTTPS://WWW.GOSUPPS.COM/BRANDS/AOPUSI.HTML
AOPUWONER	AOPOW	gosupps.com	HTTPS://WWW.GOSUPPS.COM/BRANDS/AOPOW.HTML?DIR=ASC&ORDER=POSITION
AOPUWONER	AOPOW	gosupps.com	HTTPS://WWW.GOSUPPS.COM/BRANDS/AOPOW.HTML?DIR=DESC&ORDER=PRICE
AOPVUI	AOPVUI	gosupps.com	HTTPS://WWW.GOSUPPS.COM/BRANDS/AOPVUI.HTML
AORAEM	AORAEM	gosupps.com	HTTPS://WWW.GOSUPPS.COM/BEAUTY-BRANDS/AORAEM.HTML
AOSAIDI	ASODI	gosupps.com	HTTPS://WWW.GOSUPPS.COM/BRANDS/ASODI.HTML
AOSEA	AOSEA	gosupps.com	HTTPS://WWW.GOSUPPS.COM/BRANDS/AOSEA.HTML
AOSHET	AOSHET	gosupps.com	HTTPS://WWW.GOSUPPS.COM/BRANDS/AOSHET.HTML
AOSYCO	AOSYCO	gosupps.com	HTTPS://WWW.GOSUPPS.COM/BRANDS/AOSYCO.HTML
AOTDAOU	AOTDAOU	gosupps.com	HTTPS://WWW.GOSUPPS.COM/BEAUTY-BRANDS/AOTDAOU.HTML
AOTHEY	AOTHEY	gosupps.com	HTTPS://WWW.GOSUPPS.COM/BRANDS/AOTHEY.HTML
AOTNEX	AOTNEX	gosupps.com	HTTPS://WWW.GOSUPPS.COM/BRANDS/AOTNEX.HTML
AOUIPRIS	AOPRIE3	gosupps.com	HTTPS://WWW.GOSUPPS.COM/BRANDS/AOPRIE-3.HTML?DIR=ASC&ORDER=POSITION&P=3
AOUTACC	AOUTACC	gosupps.com	HTTPS://WWW.GOSUPPS.COM/BRANDS/AOUTACC.HTML?DIR=ASC&ORDER=PRICE
AOVSHEY	AOVSHEY	gosupps.com	HTTPS://WWW.GOSUPPS.COM/BRANDS/AOVSHEY.HTML?DIR=DESC&ORDER=BEST_SELLING
AOWDIAO	AOWDIAO	gosupps.com	HTTPS://WWW.GOSUPPS.COM/BRANDS/AOWDIAO.HTML
AOWISH	AOWISH	gosupps.com	HTTPS://WWW.GOSUPPS.COM/BRANDS/AOWISH.HTML?DIR=DESC&ORDER=NAME
AOWOSA	AOWOSA	gosupps.com	HTTPS://WWW.GOSUPPS.COM/BEAUTY-BRANDS/AOWOSA.HTML
AOWUTUS	AOWUTUS	gosupps.com	HTTPS://WWW.GOSUPPS.COM/BRANDS/AOWUTUS.HTML
APACALI	APACALI3	gosupps.com	HTTPS://WWW.GOSUPPS.COM/BRANDS/APACALI-3.HTML
APCVM	APCVM	gosupps.com	HTTPS://WWW.GOSUPPS.COM/BRANDS/APCVM.HTML
APDONOVAN	APDONOVAN	gosupps.com	HTTPS://WWW.GOSUPPS.COM/BRANDS/A-P-DONOVAN.HTML?DIR=ASC&ORDER=NAME
APEASEX	APEASEX	gosupps.com	HTTPS://WWW.GOSUPPS.COM/BRANDS/APEASEX.HTML
APETIY	APETIY	gosupps.com	HTTPS://WWW.GOSUPPS.COM/BRANDS/APETIY.HTML
APHERMA	APHERMA	gosupps.com	HTTPS://WWW.GOSUPPS.COM/BRANDS/APHERMA.HTML
APHROBEAUTY	APHROBEAUTY	gosupps.com	HTTPS://WWW.GOSUPPS.COM/BRANDS/APHROBEAUTY.HTML?DIR=DESC&ORDER=PRICE
APHROSMILE	APHROSMILE	gosupps.com	HTTPS://WWW.GOSUPPS.COM/BRANDS/APHROSMILE.HTML
APIA1PACIFIC	APIA1PACIFICINC3	gosupps.com	HTTPS://WWW.GOSUPPS.COM/BRANDS/API-A1-PACIFIC-INC-3.HTML?DIR=DESC&ORDER=NAME
APICALLIFE	APICALLIFE	gosupps.com	HTTPS://WWW.GOSUPPS.COM/BRANDS/APICAL-LIFE.HTML?DIR=ASC&ORDER=POSITION
APLKER	APLKER	gosupps.com	HTTPS://WWW.GOSUPPS.COM/BRANDS/APLKER.HTML?DIR=DESC&ORDER=PRICE
APOSU	APOSU	gosupps.com	HTTPS://WWW.GOSUPPS.COM/BRANDS/APOSU.HTML?DIR=ASC&ORDER=NAME
APPLIANCEMATE	APPLIANCEMATE	gosupps.com	HTTPS://WWW.GOSUPPS.COM/BRANDS/APPLIANCEMATE.HTML
APPOLUS	APPOLUS	gosupps.com	HTTPS://WWW.GOSUPPS.COM/BRANDS/APPOLUS.HTML?DIR=ASC&ORDER=BEST_SELLING
APRAFIE	APRAFIE	gosupps.com	HTTPS://WWW.GOSUPPS.COM/BRANDS/APRAFIE.HTML?DIR=ASC&ORDER=BEST_SELLING
APRILDECEMBER666	APRILDECEMBER	gosupps.com	HTTPS://WWW.GOSUPPS.COM/BRANDS/APRILDECEMBER.HTML
APRLL	APRLL	gosupps.com	HTTPS://WWW.GOSUPPS.COM/BRANDS/APRLL.HTML
APROTII	APROTII	gosupps.com	HTTPS://WWW.GOSUPPS.COM/BRANDS/APROTII.HTML
APSTOUR	APSTOUR	gosupps.com	HTTPS://WWW.GOSUPPS.COM/BRANDS/APSTOUR.HTML
APULITO	APULITO	gosupps.com	HTTPS://WWW.GOSUPPS.COM/BRANDS/APULITO.HTML
AQESO	AQESO	gosupps.com	HTTPS://WWW.GOSUPPS.COM/BRANDS/AQESO.HTML?DIR=ASC&ORDER=PRICE
AQUACHASE	AQUACHASE	gosupps.com	HTTPS://WWW.GOSUPPS.COM/BRANDS/AQUACHASE.HTML?DIR=ASC&ORDER=BEST_SELLING_SORT
AQUALIEF	AQUALIEF	gosupps.com	HTTPS://WWW.GOSUPPS.COM/BRANDS/AQUALIEF.HTML
AQUASENTIALS	AQUASENTIALS	gosupps.com	HTTPS://WWW.GOSUPPS.COM/BRANDS/AQUASENTIALS.HTML?DIR=DESC&ORDER=PRICE
AQUATICHUNT	AQUATICHUNT	gosupps.com	HTTPS://WWW.GOSUPPS.COM/BRANDS/AQUATIC-HUNT.HTML?DIR=ASC&ORDER=POSITION
AQUATICWAY	AQUATICWAY	gosupps.com	HTTPS://WWW.GOSUPPS.COM/BRANDS/AQUATIC-WAY.HTML
AQXREIGHT	AQXREIGHT	gosupps.com	HTTPS://WWW.GOSUPPS.COM/BRANDS/AQXREIGHT.HTML
ARABESKA	ARABESKA	gosupps.com	HTTPS://WWW.GOSUPPS.COM/BRANDS/ARABESKA.HTML
ARBORLY	ARBORLY3	gosupps.com	HTTPS://WWW.GOSUPPS.COM/BRANDS/ARBORLY-3.HTML
ARCELI	ARCELI	gosupps.com	HTTPS://WWW.GOSUPPS.COM/BRANDS/ARCELI.HTML?DIR=ASC&ORDER=PRICE
ARCHUU	ARCHUU	gosupps.com	HTTPS://WWW.GOSUPPS.COM/BRANDS/ARCHUU.HTML
ARCITON	ARCITON	gosupps.com	HTTPS://WWW.GOSUPPS.COM/BRANDS/ARCITON.HTML?DIR=DESC&ORDER=BEST_SELLING_SORT
ARDOURCRAFTS	ARDOURCRAFTS	gosupps.com	HTTPS://WWW.GOSUPPS.COM/BRANDS/ARDOUR-CRAFTS.HTML?DIR=ASC&ORDER=BEST_SELLING
AREMOD	AREMOD	gosupps.com	HTTPS://WWW.GOSUPPS.COM/BRANDS/AREMOD.HTML?DIR=DESC&ORDER=PRICE&P=2
AREOUTS	AREOUTS	gosupps.com	HTTPS://WWW.GOSUPPS.COM/BRANDS/AREOUTS.HTML
AREPK	AREPK	gosupps.com	HTTPS://WWW.GOSUPPS.COM/BRANDS/AREPK.HTML
AREYZIN	AREYZIN	gosupps.com	HTTPS://WWW.GOSUPPS.COM/BEAUTY-BRANDS/AREYZIN.HTML
AREYZIN	AREYZIN	gosupps.com	HTTPS://WWW.GOSUPPS.COM/BRANDS/AREYZIN.HTML?DIR=DESC&ORDER=BEST_SELLING_SORT
ARIELGXR	ARIELGXR	gosupps.com	HTTPS://WWW.GOSUPPS.COM/BRANDS/ARIEL-GXR.HTML
ARIFOO	ARIFOO	gosupps.com	HTTPS://WWW.GOSUPPS.COM/BRANDS/ARIFOO.HTML
ARILIYA	ARILIYA	gosupps.com	HTTPS://WWW.GOSUPPS.COM/BRANDS/ARILIYA.HTML?DIR=DESC&ORDER=PRICE
ARIXMED	ARIXMED1	gosupps.com	HTTPS://WWW.GOSUPPS.COM/BRANDS/ARIXMED-1.HTML
ARJIEKWEI	ARJIEKWEI	gosupps.com	HTTPS://WWW.GOSUPPS.COM/BRANDS/ARJIEKWEI.HTML
ARKIFACE	ARKIFACE	gosupps.com	HTTPS://WWW.GOSUPPS.COM/BRANDS/ARKIFACE.HTML?DIR=DESC&ORDER=BEST_SELLING_SORT
ARKYOMI	ARKYOMI	gosupps.com	HTTPS://WWW.GOSUPPS.COM/BRANDS/ARKYOMI.HTML
ARLAI	ARLAI	gosupps.com	HTTPS://WWW.GOSUPPS.COM/BRANDS/ARLAI.HTML
ARMYJY	ARMYJY	gosupps.com	HTTPS://WWW.GOSUPPS.COM/BRANDS/ARMYJY.HTML?DIR=ASC&ORDER=NAME
ARNUZ	ARNUZ	gosupps.com	HTTPS://WWW.GOSUPPS.COM/BRANDS/ARNUZ.HTML
AROIL	AROIL	gosupps.com	HTTPS://WWW.GOSUPPS.COM/BRANDS/AROIL.HTML
AROKZN	AROKZN	gosupps.com	HTTPS://WWW.GOSUPPS.COM/BRANDS/AROKZN.HTML
AROMANDINA	AROMANDINA	gosupps.com	HTTPS://WWW.GOSUPPS.COM/BRANDS/AROMANDINA.HTML?DIR=ASC&ORDER=PRICE
ARSIMAI	ARSIMAI	gosupps.com	HTTPS://WWW.GOSUPPS.COM/BRANDS/ARSIMAI.HTML
ARTBEEK	ARTBEEK	gosupps.com	HTTPS://WWW.GOSUPPS.COM/BRANDS/ARTBEEK.HTML
ARTDONE	ARTDONE	gosupps.com	HTTPS://WWW.GOSUPPS.COM/BRANDS/ARTDONE.HTML?DIR=ASC&ORDER=PRICE
ARTEBU	ARTEBU	gosupps.com	HTTPS://WWW.GOSUPPS.COM/BRANDS/ARTEBU.HTML
ARTHSDITE	ARTHSDITE	gosupps.com	HTTPS://WWW.GOSUPPS.COM/BRANDS/ARTHSDITE.HTML?DIR=ASC&ORDER=PRICE
ARTINOVA	ARTINOVA	gosupps.com	HTTPS://WWW.GOSUPPS.COM/BRANDS/ARTINOVA.HTML
ARTISHION	ARTISHION	gosupps.com	HTTPS://WWW.GOSUPPS.COM/BRANDS/ARTISHION.HTML
ARTISTONE	ARTISTONE	gosupps.com	HTTPS://WWW.GOSUPPS.COM/BRANDS/ARTISTONE.HTML?DIR=ASC&ORDER=PRICE
ARTUXER	ARTUXER	gosupps.com	HTTPS://WWW.GOSUPPS.COM/BRANDS/ARTUXER.HTML
ARUILIYA	ARILIYA	gosupps.com	HTTPS://WWW.GOSUPPS.COM/BRANDS/ARILIYA.HTML?DIR=DESC&ORDER=PRICE
ARUOHHA	ARUOHHA	gosupps.com	HTTPS://WWW.GOSUPPS.COM/BRANDS/ARUOHHA.HTML?DIR=DESC&ORDER=BEST_SELLING_SORT
ARVESA	ARVESA	gosupps.com	HTTPS://WWW.GOSUPPS.COM/BRANDS/ARVESA.HTML
ASABRIGHT	ASABRIGHT	gosupps.com	HTTPS://WWW.GOSUPPS.COM/BRANDS/ASABRIGHT.HTML
ASFROST	ASFROST	gosupps.com	HTTPS://WWW.GOSUPPS.COM/BRANDS/ASFROST.HTML
ASHANIA	ASHANIA	gosupps.com	HTTPS://WWW.GOSUPPS.COM/BEAUTY-BRANDS/ASHANIA.HTML
ASHINER	ASHINER	gosupps.com	HTTPS://WWW.GOSUPPS.COM/BRANDS/ASHINER.HTML
ASHIONEE	ASHION	gosupps.com	HTTPS://WWW.GOSUPPS.COM/BRANDS/ASHION.HTML
ASHIP	ASHIP	gosupps.com	HTTPS://WWW.GOSUPPS.COM/BRANDS/ASHIP.HTML
ASHIPHER	ASHIP	gosupps.com	HTTPS://WWW.GOSUPPS.COM/BRANDS/ASHIP.HTML
ASION	ASION	gosupps.com	HTTPS://WWW.GOSUPPS.COM/BEAUTY-BRANDS/ASION.HTML
ASKANUTRITION	ASKANUTRITION	gosupps.com	HTTPS://WWW.GOSUPPS.COM/BRANDS/ASKA-NUTRITION.HTML
ASKHALD	ASKHALD	gosupps.com	HTTPS://WWW.GOSUPPS.COM/BEAUTY-BRANDS/ASKHALD.HTML
ASKILT	ASKILT3	gosupps.com	HTTPS://WWW.GOSUPPS.COM/BRANDS/ASKILT-3.HTML
ASOGO	ASOGO	gosupps.com	HTTPS://WWW.GOSUPPS.COM/BRANDS/ASOGO.HTML
ASOMI	ASOMI	gosupps.com	HTTPS://WWW.GOSUPPS.COM/BRANDS/ASOMI.HTML?DIR=DESC&ORDER=BEST_SELLING
ASPACES	ASPACES	gosupps.com	HTTPS://WWW.GOSUPPS.COM/BRANDS/ASPACES.HTML?DIR=ASC&ORDER=BEST_SELLING_SORT
ASPERFFORT	ASPERFFORT	gosupps.com	HTTPS://WWW.GOSUPPS.COM/BRANDS/ASPERFFORT.HTML
ASPTHOYU	ASYUSYU	gosupps.com	HTTPS://WWW.GOSUPPS.COM/BRANDS/ASYUSYU.HTML
ASRMO	ASRMO	gosupps.com	HTTPS://WWW.GOSUPPS.COM/BRANDS/ASRMO.HTML
ASTIBYM	ASTIBYM	gosupps.com	HTTPS://WWW.GOSUPPS.COM/BRANDS/ASTIBYM.HTML
ASUNBY	ASUNBY	gosupps.com	HTTPS://WWW.GOSUPPS.COM/BRANDS/ASUNBY.HTML?DIR=ASC&ORDER=PRICE
ASURBLE	ASURBLE	gosupps.com	HTTPS://WWW.GOSUPPS.COM/BRANDS/ASURBLE.HTML
ASWEWAMT	ASWEWAMT	gosupps.com	HTTPS://WWW.GOSUPPS.COM/BRANDS/ASWEWAMT.HTML?P=1
ASWINN	ASWINN	gosupps.com	HTTPS://WWW.GOSUPPS.COM/BRANDS/ASWINN.HTML
ATACT	ATACT	gosupps.com	HTTPS://WWW.GOSUPPS.COM/BRANDS/ATACT.HTML
ATAHANA	ATAHANA	gosupps.com	HTTPS://WWW.GOSUPPS.COM/BEAUTY-BRANDS/ATAHANA.HTML
ATAQUS	ATAQUS	gosupps.com	HTTPS://WWW.GOSUPPS.COM/BRANDS/ATAQUS.HTML?DIR=DESC&ORDER=NAME
ATCUSA	ATCUSA	gosupps.com	HTTPS://WWW.GOSUPPS.COM/BRANDS/ATCUSA.HTML?DIR=ASC&ORDER=POSITION
ATEHEALTH	ATEHEALTH	gosupps.com	HTTPS://WWW.GOSUPPS.COM/BRANDS/ATE-HEALTH.HTML
ATELASTEC	ATELASTEC	gosupps.com	HTTPS://WWW.GOSUPPS.COM/BRANDS/ATELASTEC.HTML?DIR=DESC&ORDER=NAME
ATELICS	ATELICS	gosupps.com	HTTPS://WWW.GOSUPPS.COM/BRANDS/ATELICS.HTML?DIR=ASC&ORDER=NAME
ATHENACUP	ATHENACUP	gosupps.com	HTTPS://WWW.GOSUPPS.COM/BRANDS/ATHENA-CUP.HTML?DIR=ASC&ORDER=NAME
ATHLIO	ATHLIO	gosupps.com	HTTPS://WWW.GOSUPPS.COM/BRANDS/ATHLIO.HTML?P=1
ATIDIE	ATIDIE	gosupps.com	HTTPS://WWW.GOSUPPS.COM/BRANDS/ATIDIE.HTML?DIR=DESC&ORDER=NAME
ATIFBOP	ATIFBOP	gosupps.com	HTTPS://WWW.GOSUPPS.COM/BRANDS/ATIFBOP.HTML?DIR=ASC&ORDER=NAME
ATIONGLE	ATIONGLE1	gosupps.com	HTTPS://WWW.GOSUPPS.COM/BRANDS/ATIONGLE-1.HTML
ATLECKO	ATLECKO	gosupps.com	HTTPS://WWW.GOSUPPS.COM/BRANDS/ATLECKO.HTML
ATLION	ATLION	gosupps.com	HTTPS://WWW.GOSUPPS.COM/BRANDS/ATLION.HTML
ATMAQUARIUMPRODUCTS	AAQUARIUMPRODUCTS	gosupps.com	HTTPS://WWW.GOSUPPS.COM/BRANDS/ATM-AQUARIUM-PRODUCTS.HTML
ATOANY	ATOANY	gosupps.com	HTTPS://WWW.GOSUPPS.COM/BRANDS/ATOANY.HTML?DIR=ASC&ORDER=PRICE
ATOMICRHINOSMELLINGSALTS	ATOMICRHINOSMELLINGSALTS	gosupps.com	HTTPS://WWW.GOSUPPS.COM/BRANDS/ATOMIC-RHINO-SMELLING-SALTS.HTML
ATOPSTAR	ATOPSTAR	gosupps.com	HTTPS://WWW.GOSUPPS.COM/BRANDS/ATOPSTAR.HTML
ATPOT	ATPOT	gosupps.com	HTTPS://WWW.GOSUPPS.COM/BRANDS/ATPOT.HTML
ATRAFEN	ATRAFEN	gosupps.com	HTTPS://WWW.GOSUPPS.COM/BRANDS/ATRAFEN.HTML
ATRIPACK	ATRIPACK	gosupps.com	HTTPS://WWW.GOSUPPS.COM/BRANDS/ATRIPACK.HTML
ATRYX	ATRYX	gosupps.com	HTTPS://WWW.GOSUPPS.COM/BRANDS/ATRYX.HTML
ATSUWELL	ATSUWELL	gosupps.com	HTTPS://WWW.GOSUPPS.COM/BRANDS/ATSUWELL.HTML?DIR=DESC&ORDER=PRICE
ATTENUTECH	ATTENUTECH	gosupps.com	HTTPS://WWW.GOSUPPS.COM/BRANDS/ATTENUTECH.HTML?DIR=ASC&ORDER=NAME
ATTIVOLIFE	ATTIVOLIFE	gosupps.com	HTTPS://WWW.GOSUPPS.COM/BRANDS/ATTIVOLIFE.HTML?DIR=DESC&ORDER=NAME
ATUDER	ATUDER	gosupps.com	HTTPS://WWW.GOSUPPS.COM/BRANDS/ATUDER.HTML
AUBNICO	AUBNICO	gosupps.com	HTTPS://WWW.GOSUPPS.COM/BRANDS/AUBNICO.HTML
AUBRIC	AUBRIC	gosupps.com	HTTPS://WWW.GOSUPPS.COM/BRANDS/AUBRIC.HTML
AUGLAM	AUGLAM	gosupps.com	HTTPS://WWW.GOSUPPS.COM/BRANDS/AUGLAM.HTML
AUGOT	AUGOT	gosupps.com	HTTPS://WWW.GOSUPPS.COM/BRANDS/AUGOT.HTML?DIR=DESC&ORDER=PRICE
AUGSHY	AUGSHY3	gosupps.com	HTTPS://WWW.GOSUPPS.COM/BRANDS/AUGSHY-3.HTML
AUITRONCARE	AUITRONCARE	gosupps.com	HTTPS://WWW.GOSUPPS.COM/BRANDS/AUITRONCARE.HTML
AUJZOO	AUJZOO	gosupps.com	HTTPS://WWW.GOSUPPS.COM/BRANDS/AUJZOO.HTML
AUKSON	AUKSON	gosupps.com	HTTPS://WWW.GOSUPPS.COM/BRANDS/AUKSON.HTML
AUNEOS	AUNEOS	gosupps.com	HTTPS://WWW.GOSUPPS.COM/BRANDS/AUNEOS.HTML
AUNMAS	AUNMAS	gosupps.com	HTTPS://WWW.GOSUPPS.COM/BRANDS/AUNMAS.HTML
AUNUA	AUNUA	gosupps.com	HTTPS://WWW.GOSUPPS.COM/BRANDS/AUNUA.HTML
AUNUT	AUNUT	gosupps.com	HTTPS://WWW.GOSUPPS.COM/BRANDS/AUNUT.HTML?DIR=ASC&ORDER=NAME
AUNUT	AUNUT	gosupps.com	HTTPS://WWW.GOSUPPS.COM/BEAUTY-BRANDS/AUNUT.HTML
AURAFIXORTHOPEDICPRODUCTS	AURAFIXORTHOPEDICPRODUCTS	gosupps.com	HTTPS://WWW.GOSUPPS.COM/BRANDS/AURAFIX-ORTHOPEDIC-PRODUCTS.HTML?DIR=DESC&ORDER=PRICE
AURANSO	AURANSO	gosupps.com	HTTPS://WWW.GOSUPPS.COM/BRANDS/AURANSO.HTML
AURAVARIETY	AURAVARIETYPRODUCTS2	gosupps.com	HTTPS://WWW.GOSUPPS.COM/BRANDS/AURA-VARIETY-PRODUCTS-2.HTML?DIR=ASC&ORDER=NAME
AUSLKA	AUSLKA	gosupps.com	HTTPS://WWW.GOSUPPS.COM/BRANDS/AUSLKA.HTML?DIR=DESC&ORDER=BEST_SELLING
AUSWALAR	AUSWALAR	gosupps.com	HTTPS://WWW.GOSUPPS.COM/BRANDS/AUSWALAR.HTML?DIR=ASC&ORDER=BEST_SELLING&P=4
AUTOMONESS	AUTOMONESS	gosupps.com	HTTPS://WWW.GOSUPPS.COM/BRANDS/AUTOMONESS.HTML
AUWISH	AUWISH	gosupps.com	HTTPS://WWW.GOSUPPS.COM/BEAUTY-BRANDS/AUWISH.HTML
AUYUKOI	AUYUKOI	gosupps.com	HTTPS://WWW.GOSUPPS.COM/BRANDS/AUYUKOI.HTML?DIR=ASC&ORDER=NAME
AUYUKOI	AUYUKOI	gosupps.com	HTTPS://WWW.GOSUPPS.COM/BEAUTY-BRANDS/AUYUKOI.HTML
AVACOSTUME	AVACOSTUME	gosupps.com	HTTPS://WWW.GOSUPPS.COM/BRANDS/AVACOSTUME.HTML?DIR=ASC&ORDER=PRICE
AVAJEX	AVAJEX	gosupps.com	HTTPS://WWW.GOSUPPS.COM/BRANDS/AVAJEX.HTML
AVANDO	AVANDO	gosupps.com	HTTPS://WWW.GOSUPPS.COM/BEAUTY-BRANDS/AVANDO.HTML
AVASHINE	AVASHINE	gosupps.com	HTTPS://WWW.GOSUPPS.COM/BRANDS/AVASHINE.HTML
AVEELA	AVEELA	gosupps.com	HTTPS://WWW.GOSUPPS.COM/BRANDS/AVEELA.HTML
AVELORA	AVELORA	gosupps.com	HTTPS://WWW.GOSUPPS.COM/BRANDS/AVELORA.HTML
AVFORA	AVFORA	gosupps.com	HTTPS://WWW.GOSUPPS.COM/BRANDS/AVFORA.HTML?DIR=DESC&ORDER=PRICE
AVIDDA	AVIDDA	gosupps.com	HTTPS://WWW.GOSUPPS.COM/BRANDS/AVIDDA.HTML?DIR=ASC&ORDER=POSITION
AVIERLL	AVIERLL	gosupps.com	HTTPS://WWW.GOSUPPS.COM/BRANDS/AVIERLL.HTML
AVIMYA	AVIMYA2	gosupps.com	HTTPS://WWW.GOSUPPS.COM/BRANDS/AVIMYA-2.HTML
AVJONE	AVJONE	gosupps.com	HTTPS://WWW.GOSUPPS.COM/BRANDS/AVJONE.HTML
AWATERWANG	AWATERWANG	gosupps.com	HTTPS://WWW.GOSUPPS.COM/BRANDS/A-WATERWANG.HTML
AWDMEDICAL	AWDMEDICAL	gosupps.com	HTTPS://WWW.GOSUPPS.COM/BRANDS/AWD-MEDICAL.HTML?DIR=ASC&ORDER=BEST_SELLING&P=2
AWEEK	BUYWEEK	gosupps.com	HTTPS://WWW.GOSUPPS.COM/BRANDS/BUYWEEK.HTML
AWEGO	AWEGO	gosupps.com	HTTPS://WWW.GOSUPPS.COM/BRANDS/AWEGO.HTML?DIR=ASC&ORDER=PRICE
AWEIR	AWEIR	gosupps.com	HTTPS://WWW.GOSUPPS.COM/BEAUTY-BRANDS/AWEIR.HTML?DIR=ASC&ORDER=NAME
AWESOCRAFTS	AWESOCRAFTS	gosupps.com	HTTPS://WWW.GOSUPPS.COM/BRANDS/AWESOCRAFTS.HTML
AWESOMEAQUATIC	AWESOMEAQUATIC	gosupps.com	HTTPS://WWW.GOSUPPS.COM/BEAUTY-BRANDS/AWESOME-AQUATIC.HTML
AWPLAND	AWPLAND3	gosupps.com	HTTPS://WWW.GOSUPPS.COM/BRANDS/AWPLAND-3.HTML
AWSINIL	AWSINIL	gosupps.com	HTTPS://WWW.GOSUPPS.COM/BRANDS/AWSINIL.HTML
AXBXCX	AXBXCX	gosupps.com	HTTPS://WWW.GOSUPPS.COM/BRANDS/AXBXCX.HTML
AXNI	AXNI	gosupps.com	HTTPS://WWW.GOSUPPS.COM/BEAUTY-BRANDS/AXNI.HTML
AYAYU	AYAYU	gosupps.com	HTTPS://WWW.GOSUPPS.COM/BRANDS/AYAYU.HTML
AYDMED	AYDMED	gosupps.com	HTTPS://WWW.GOSUPPS.COM/BRANDS/AYDMED.HTML
AYIGU	AYIGU	gosupps.com	HTTPS://WWW.GOSUPPS.COM/BRANDS/AYIGU.HTML?DIR=ASC&ORDER=NAME
AYIYI	AYIYI	gosupps.com	HTTPS://WWW.GOSUPPS.COM/BRANDS/AYIYI.HTML
AYNEFY	AYNEFY	gosupps.com	HTTPS://WWW.GOSUPPS.COM/BRANDS/AYNEFY.HTML?DIR=ASC&ORDER=POSITION&P=4
AYSESA	AYSESA	gosupps.com	HTTPS://WWW.GOSUPPS.COM/BRANDS/AYSESA.HTML
AZANI	AZANI	gosupps.com	HTTPS://WWW.GOSUPPS.COM/BRANDS/AZANI.HTML
AZARXIS	AZARXIS	gosupps.com	HTTPS://WWW.GOSUPPS.COM/BRANDS/AZARXIS.HTML
AZAZAR	AZAZAR	gosupps.com	HTTPS://WWW.GOSUPPS.COM/BRANDS/AZAZAR.HTML?DIR=DESC&ORDER=BEST_SELLING_SORT
AZFUNN	AZFUNN	gosupps.com	HTTPS://WWW.GOSUPPS.COM/BRANDS/AZFUNN.HTML?DIR=ASC&ORDER=NAME
AZOBUR	AZOBUR	gosupps.com	HTTPS://WWW.GOSUPPS.COM/BRANDS/AZOBUR.HTML?DIR=DESC&ORDER=NAME
AZOOKEN	AZOOKEN	gosupps.com	HTTPS://WWW.GOSUPPS.COM/BRANDS/AZOOKEN.HTML
AZSMILE	AZSMILE	gosupps.com	HTTPS://WWW.GOSUPPS.COM/BRANDS/AZ-SMILE.HTML
AZUNO	AZUNO	gosupps.com	HTTPS://WWW.GOSUPPS.COM/BRANDS/AZUNO.HTML
AZURECOSMETICS	AZURECOSMETICS	gosupps.com	HTTPS://WWW.GOSUPPS.COM/BRANDS/AZURE-COSMETICS.HTML?DIR=ASC&ORDER=NAME
AZXYQ	AZXYQ	gosupps.com	HTTPS://WWW.GOSUPPS.COM/BRANDS/AZXYQ.HTML
AZZUTORK	AZZUTORK	gosupps.com	HTTPS://WWW.GOSUPPS.COM/BRANDS/AZZUTORK.HTML
BAAPET	BAAPET	gosupps.com	HTTPS://WWW.GOSUPPS.COM/BRANDS/BAAPET.HTML
BAAXXANGO	BAAXXANGO	gosupps.com	HTTPS://WWW.GOSUPPS.COM/BRANDS/BAAXXANGO.HTML?DIR=ASC&ORDER=POSITION
BABESCHOICE	BABESCHOICE	gosupps.com	HTTPS://WWW.GOSUPPS.COM/BRANDS/BABES-CHOICE.HTML
BABLABEAR	BABLABEAR	gosupps.com	HTTPS://WWW.GOSUPPS.COM/BRANDS/BABLABEAR.HTML
BABLABEAR	BABLABEAR	gosupps.com	HTTPS://WWW.GOSUPPS.COM/BEAUTY-BRANDS/BABLABEAR.HTML
BABONIR	BABONIR	gosupps.com	HTTPS://WWW.GOSUPPS.COM/BRANDS/BABONIR.HTML?DIR=DESC&ORDER=BEST_SELLING_SORT
BABORUI	BABORUI3	gosupps.com	HTTPS://WWW.GOSUPPS.COM/BRANDS/BABORUI-3.HTML
BABYFUNY	BABYFUNY	gosupps.com	HTTPS://WWW.GOSUPPS.COM/BRANDS/BABYFUNY.HTML
BABYLOO	BABYLOO	gosupps.com	HTTPS://WWW.GOSUPPS.COM/BRANDS/BABYLOO.HTML
BABYMUST	BABYMUST	gosupps.com	HTTPS://WWW.GOSUPPS.COM/BRANDS/BABYMUST.HTML
BABYTONE	BABYTONE	gosupps.com	HTTPS://WWW.GOSUPPS.COM/BRANDS/BABYTONE.HTML
BACCBEAUTYANDCARE	BACCBEAUTYANDCARE	gosupps.com	HTTPS://WWW.GOSUPPS.COM/BRANDS/BACC-BEAUTY-AND-CARE.HTML?DIR=ASC&ORDER=BEST_SELLING
BADHUB	BADHUB	gosupps.com	HTTPS://WWW.GOSUPPS.COM/BRANDS/BADHUB.HTML
BAEBAEGOODS	BAEBAEGOODS	gosupps.com	HTTPS://WWW.GOSUPPS.COM/BRANDS/BAEBAE-GOODS.HTML
BAFASO	BAFASO	gosupps.com	HTTPS://WWW.GOSUPPS.COM/BRANDS/BAFASO.HTML
BAFASO	BAFASO	gosupps.com	HTTPS://WWW.GOSUPPS.COM/BEAUTY-BRANDS/BAFASO.HTML
BAFIWU	BAFIWU	gosupps.com	HTTPS://WWW.GOSUPPS.COM/BRANDS/BAFIWU.HTML?DIR=DESC&ORDER=PRICE
BAGENIUS	BAGENIUS	gosupps.com	HTTPS://WWW.GOSUPPS.COM/BRANDS/BAGENIUS.HTML
BAGIMA	BAGIMA	gosupps.com	HTTPS://WWW.GOSUPPS.COM/BRANDS/BAGIMA.HTML
BAGMIND	BAGMIND	gosupps.com	HTTPS://WWW.GOSUPPS.COM/BRANDS/BAGMIND.HTML
BAICAI	BAICAI3	gosupps.com	HTTPS://WWW.GOSUPPS.COM/BRANDS/BAICAI-3.HTML
BAIESHIJI	BAIESHIJI	gosupps.com	HTTPS://WWW.GOSUPPS.COM/BRANDS/BAIESHIJI.HTML
BAIFROS	BAIFROS	gosupps.com	HTTPS://WWW.GOSUPPS.COM/BRANDS/BAIFROS.HTML
BAIHONG	BAIHONG	gosupps.com	HTTPS://WWW.GOSUPPS.COM/BRANDS/BAIHONG.HTML
BAIKAFU	BAIKAFU	gosupps.com	HTTPS://WWW.GOSUPPS.COM/BEAUTY-BRANDS/BAIKAFU.HTML
BAIKALBASS	BAIKALBASS	gosupps.com	HTTPS://WWW.GOSUPPS.COM/BRANDS/BAIKALBASS.HTML
BAILINHOU	BAILINHOU	gosupps.com	HTTPS://WWW.GOSUPPS.COM/BRANDS/BAILINHOU.HTML?DIR=ASC&ORDER=PRICE
BAISINE	BAISINE	gosupps.com	HTTPS://WWW.GOSUPPS.COM/BRANDS/BAISINE.HTML?DIR=ASC&ORDER=NAME
BAISTOM	BAISTOM	gosupps.com	HTTPS://WWW.GOSUPPS.COM/BRANDS/BAISTOM.HTML
BAKERSLAND	BAKERSLAND	gosupps.com	HTTPS://WWW.GOSUPPS.COM/BRANDS/BAKERSLAND.HTML
BALUOQI	BALUOQI	gosupps.com	HTTPS://WWW.GOSUPPS.COM/BRANDS/BALUOQI.HTML
BAMBIYA	BAMBIYA	gosupps.com	HTTPS://WWW.GOSUPPS.COM/BRANDS/BAMBIYA.HTML
BAMBOEARTH	BAMBOEARTH	gosupps.com	HTTPS://WWW.GOSUPPS.COM/BRANDS/BAMBOEARTH.HTML
BAMBOOGLE	BAMBOOGLE	gosupps.com	HTTPS://WWW.GOSUPPS.COM/BRANDS/BAMBOOGLE.HTML?DIR=ASC&ORDER=NAME
BAMBOOWORX	BAMBOOWORX	gosupps.com	HTTPS://WWW.GOSUPPS.COM/BRANDS/BAMBOOWORX.HTML
BAMFAN	BAMFAN	gosupps.com	HTTPS://WWW.GOSUPPS.COM/BRANDS/BAMFAN.HTML
BAMSOD	BAMSOD	gosupps.com	HTTPS://WWW.GOSUPPS.COM/BRANDS/BAMSOD.HTML
BAMTALK	BAMTALK	gosupps.com	HTTPS://WWW.GOSUPPS.COM/BRANDS/BAMTALK.HTML
BAMTYO	BAMTOO	gosupps.com	HTTPS://WWW.GOSUPPS.COM/BRANDS/BAMTOO.HTML
BANCHELLE	BANCHELLE	gosupps.com	HTTPS://WWW.GOSUPPS.COM/BRANDS/BANCHELLE.HTML
BANDVETWRAP	BANDVETWRAP	gosupps.com	HTTPS://WWW.GOSUPPS.COM/BRANDS/BANDVET-WRAP.HTML
BANGBANGDA	BANGBANGDA	gosupps.com	HTTPS://WWW.GOSUPPS.COM/BRANDS/BANGBANGDA.HTML
BANGBERRY	BANGBERRY	gosupps.com	HTTPS://WWW.GOSUPPS.COM/BRANDS/BANGBERRY.HTML
BANGJAZZ	BANGJAZZ3	gosupps.com	HTTPS://WWW.GOSUPPS.COM/BRANDS/BANGJAZZ-3.HTML
BANGLONG	BANGLONG	gosupps.com	HTTPS://WWW.GOSUPPS.COM/BRANDS/BANGLONG.HTML?DIR=ASC&ORDER=NAME
BAOERHUI	BAOERHUI	gosupps.com	HTTPS://WWW.GOSUPPS.COM/BRANDS/BAOERHUI.HTML
BAOK	BAOK	gosupps.com	HTTPS://WWW.GOSUPPS.COM/BRANDS/BAOK.HTML
BAOMAO	BAOMAO	gosupps.com	HTTPS://WWW.GOSUPPS.COM/BRANDS/BAOMAO.HTML
BAONMY	BAONMY	gosupps.com	HTTPS://WWW.GOSUPPS.COM/BRANDS/BAONMY.HTML
BARAIDA	BARAIDA	gosupps.com	HTTPS://WWW.GOSUPPS.COM/BRANDS/BARAIDA.HTML?DIR=DESC&ORDER=BEST_SELLING_SORT
BAREBABYORGANICS	BAREBABYORGANICS	gosupps.com	HTTPS://WWW.GOSUPPS.COM/BRANDS/BAREBABY-ORGANICS.HTML
BAREESSENTIALSLIVING	BAREESSENTIALSLIVING	gosupps.com	HTTPS://WWW.GOSUPPS.COM/BRANDS/BARE-ESSENTIALS-LIVING.HTML?DIR=DESC&ORDER=BEST_SELLING_SORT
BAREFOOTCORALCALCIUMCOMPLETE	BAREFOOTCORALCALCIUMCOMPLETE	gosupps.com	HTTPS://WWW.GOSUPPS.COM/BRANDS/BAREFOOT-CORAL-CALCIUM-COMPLETE.HTML
BARGAINCRUSADER	BARGAINCRUSADER	gosupps.com	HTTPS://WWW.GOSUPPS.COM/BRANDS/BARGAIN-CRUSADER.HTML
BARIIIMMG	BARIWISE	gosupps.com	HTTPS://WWW.GOSUPPS.COM/BRANDS/BARIWISE.HTML?DIR=ASC&ORDER=BEST_SELLING
BARIWISE	BARIWISE	gosupps.com	HTTPS://WWW.GOSUPPS.COM/BRANDS/BARIWISE.HTML?DIR=ASC&ORDER=BEST_SELLING
BARMI	BARMI	gosupps.com	HTTPS://WWW.GOSUPPS.COM/BRANDS/BARMI.HTML
BARNESMITH	BARNESMITH	gosupps.com	HTTPS://WWW.GOSUPPS.COM/BRANDS/BARNESMITH.HTML
BARNETTSFINEBISCOTTI	BARNETTSFINEBISCOTTI	gosupps.com	HTTPS://WWW.GOSUPPS.COM/BRANDS/BARNETTS-FINE-BISCOTTI.HTML?DIR=ASC&ORDER=BEST_SELLING
BARODE	BARODE	gosupps.com	HTTPS://WWW.GOSUPPS.COM/BRANDS/BARODE.HTML
BARTONNUTRITION	BARTONNUTRITION	gosupps.com	HTTPS://WWW.GOSUPPS.COM/BRANDS/BARTON-NUTRITION.HTML?DIR=DESC&ORDER=PRICE
BASICGREENS	BASICGREENS	gosupps.com	HTTPS://WWW.GOSUPPS.COM/BRANDS/BASIC-GREENS.HTML
BASMILE	BASMILE	gosupps.com	HTTPS://WWW.GOSUPPS.COM/BRANDS/BASMILE.HTML?DIR=DESC&ORDER=NAME&P=2
BASSO1904	BASSO1904	gosupps.com	HTTPS://WWW.GOSUPPS.COM/BRANDS/BASSO-1904.HTML?DIR=ASC&ORDER=NAME
BASUNE	BASUNE	gosupps.com	HTTPS://WWW.GOSUPPS.COM/BRANDS/BASUNE.HTML?DIR=ASC&ORDER=NAME
BATAUU	BATAUU	gosupps.com	HTTPS://WWW.GOSUPPS.COM/BRANDS/BATAUU.HTML?DIR=ASC&ORDER=NAME
BATHHAVEN	BATHHAVEN	gosupps.com	HTTPS://WWW.GOSUPPS.COM/BRANDS/BATH-HAVEN.HTML?DIR=DESC&ORDER=BEST_SELLING_SORT
BATHOLA	BATHOLA	gosupps.com	HTTPS://WWW.GOSUPPS.COM/BRANDS/BATHOLA.HTML
BATOUDE	BATOUDE	gosupps.com	HTTPS://WWW.GOSUPPS.COM/BRANDS/BATOUDE.HTML?DIR=DESC&ORDER=NAME
BAUBUY	BAUBUY	gosupps.com	HTTPS://WWW.GOSUPPS.COM/BRANDS/BAUBUY.HTML?DIR=ASC&ORDER=BEST_SELLING
BAUGGER	BAUGGER	gosupps.com	HTTPS://WWW.GOSUPPS.COM/BRANDS/BAUGGER.HTML?DIR=ASC&ORDER=NAME
BAYDE	BAYDE	gosupps.com	HTTPS://WWW.GOSUPPS.COM/BRANDS/BAYDE.HTML
BAZIVVE	BAZIVVE	gosupps.com	HTTPS://WWW.GOSUPPS.COM/BRANDS/BAZIVVE.HTML
BBEIYY	BBEIYY	gosupps.com	HTTPS://WWW.GOSUPPS.COM/BRANDS/BBEIYY.HTML
BBLESIYA	BBLESIYA	gosupps.com	HTTPS://WWW.GOSUPPS.COM/BRANDS/B-BLESIYA.HTML
BBSJ	BBSJ	gosupps.com	HTTPS://WWW.GOSUPPS.COM/BRANDS/BBSJ.HTML?DIR=ASC&ORDER=NAME
BBTOPS	BBTOPS	gosupps.com	HTTPS://WWW.GOSUPPS.COM/BRANDS/BBTOPS.HTML
BCABO	BCABO	gosupps.com	HTTPS://WWW.GOSUPPS.COM/BRANDS/BCABO.HTML
BCOATH	BCOATH	gosupps.com	HTTPS://WWW.GOSUPPS.COM/BRANDS/BCOATH.HTML?DIR=ASC&ORDER=POSITION&P=2
BCOH	BCOH	gosupps.com	HTTPS://WWW.GOSUPPS.COM/BRANDS/BCOH.HTML
BCUCKOOD	BCUCKOOD	gosupps.com	HTTPS://WWW.GOSUPPS.COM/BRANDS/BCUCKOOD.HTML
BDKING	BDKING	gosupps.com	HTTPS://WWW.GOSUPPS.COM/BRANDS/BDKING.HTML
BEABIES	BEABIES	gosupps.com	HTTPS://WWW.GOSUPPS.COM/BRANDS/BEABIES.HTML
BEAIMUXI	BEAIMUXI	gosupps.com	HTTPS://WWW.GOSUPPS.COM/BRANDS/BEAIMUXI.HTML
BEALIHELP	BEALIHELP	gosupps.com	HTTPS://WWW.GOSUPPS.COM/BRANDS/BEALIHELP.HTML
BEALUZ	BEALUZ	gosupps.com	HTTPS://WWW.GOSUPPS.COM/BRANDS/BEALUZ.HTML
BEARAE	BEARAE	gosupps.com	HTTPS://WWW.GOSUPPS.COM/BRANDS/BEARAE.HTML
BEARDCLASS	BEARDCLASS	gosupps.com	HTTPS://WWW.GOSUPPS.COM/BRANDS/BEARDCLASS.HTML
BEARDOPTIMA	BEARDOPTIMA	gosupps.com	HTTPS://WWW.GOSUPPS.COM/BRANDS/BEARDOPTIMA.HTML
BEARMOO	BEARMOO	gosupps.com	HTTPS://WWW.GOSUPPS.COM/BRANDS/BEARMOO.HTML?DIR=DESC&ORDER=PRICE
BEASTSPORTSNUTRITION	BEASTSPORTSNUTRITION	gosupps.com	HTTPS://WWW.GOSUPPS.COM/BRANDS/BEAST-SPORTS-NUTRITION.HTML?DIR=ASC&ORDER=NAME
BEATURE	BEATURE	gosupps.com	HTTPS://WWW.GOSUPPS.COM/BEAUTY-BRANDS/BEATURE.HTML
BEAUART	BEAUART	gosupps.com	HTTPS://WWW.GOSUPPS.COM/BRANDS/BEAUART.HTML?DIR=ASC&ORDER=NAME
BEAULASHES	BEAULASHES	gosupps.com	HTTPS://WWW.GOSUPPS.COM/BRANDS/BEAU-LASHES.HTML
BEAULYN	BEAULYN	gosupps.com	HTTPS://WWW.GOSUPPS.COM/BRANDS/BEAULYN.HTML
BEAUTI4U	BEAUTI4U	gosupps.com	HTTPS://WWW.GOSUPPS.COM/BRANDS/BEAUTI4U.HTML
BEAUTICARE	BEAUTICARE	gosupps.com	HTTPS://WWW.GOSUPPS.COM/BRANDS/BEAUTICARE.HTML?DIR=ASC&ORDER=BEST_SELLING
BEAUTIESFACTORY	BEAUTIESFACTORY	gosupps.com	HTTPS://WWW.GOSUPPS.COM/BRANDS/BEAUTIES-FACTORY.HTML
BEAUTIFIERLIFE	BEAUTIFIERLIFE	gosupps.com	HTTPS://WWW.GOSUPPS.COM/BRANDS/BEAUTIFIER-LIFE.HTML
BEAUTIFIVE	BEAUTIFIVE	gosupps.com	HTTPS://WWW.GOSUPPS.COM/BRANDS/BEAUTIFIVE.HTML
BEAUTIFYBEAUTIES	BEAUTIFYBEAUTIES	gosupps.com	HTTPS://WWW.GOSUPPS.COM/BRANDS/BEAUTIFYBEAUTIES.HTML
BEAUTIKEN	BEAUTIKEN	gosupps.com	HTTPS://WWW.GOSUPPS.COM/BRANDS/BEAUTIKEN.HTML
BEAUTIVITY	BEAUTIVITY	gosupps.com	HTTPS://WWW.GOSUPPS.COM/BRANDS/BEAUTIVITY.HTML
BEAUTYFACIALEXTREME	BEAUTYFACIALEXTREME	gosupps.com	HTTPS://WWW.GOSUPPS.COM/BEAUTY-BRANDS/BEAUTY-FACIAL-EXTREME.HTML
BEAUTYMALL	BEAUTYMALL	gosupps.com	HTTPS://WWW.GOSUPPS.COM/BRANDS/BEAUTYMALL.HTML?DIR=DESC&ORDER=PRICE
BEAUTYRAGEOUS	BEAUTYRAGEOUS	gosupps.com	HTTPS://WWW.GOSUPPS.COM/BEAUTY-BRANDS/BEAUTY-RAGEOUS.HTML
BEAUTYZOO	BEAUTYZOO	gosupps.com	HTTPS://WWW.GOSUPPS.COM/BRANDS/BEAUTYZOO.HTML
BEBEAR	BEBEAR	gosupps.com	HTTPS://WWW.GOSUPPS.COM/BRANDS/BEBEAR.HTML?DIR=DESC&ORDER=BEST_SELLING_SORT
BEBOBLY	BEBOBLY	gosupps.com	HTTPS://WWW.GOSUPPS.COM/BRANDS/BEBOBLY.HTML
BEBON	BEBON	gosupps.com	HTTPS://WWW.GOSUPPS.COM/BRANDS/BEBON.HTML?DIR=DESC&ORDER=PRICE
BEBSR	BEBSR	gosupps.com	HTTPS://WWW.GOSUPPS.COM/BRANDS/BEBSR.HTML
BECTINE	BECTINE	gosupps.com	HTTPS://WWW.GOSUPPS.COM/BRANDS/BECTINE.HTML
BECUS	BECUS	gosupps.com	HTTPS://WWW.GOSUPPS.COM/BEAUTY-BRANDS/BECUS.HTML
BEDACE	BEDACE	gosupps.com	HTTPS://WWW.GOSUPPS.COM/BRANDS/BEDACE.HTML
BEEPSANDBELLSCORPORATION	BEEPSANDBELLSCORPORATION	gosupps.com	HTTPS://WWW.GOSUPPS.COM/BRANDS/BEEPS-AND-BELLS-CORPORATION.HTML?DIR=ASC&ORDER=NAME
BEESHINE	BEESHINE	gosupps.com	HTTPS://WWW.GOSUPPS.COM/BRANDS/BEESHINE.HTML?DIR=ASC&ORDER=NAME
BEETOO	BEETOO	gosupps.com	HTTPS://WWW.GOSUPPS.COM/BRANDS/BEETOO.HTML
BEETWO	BEETWO	gosupps.com	HTTPS://WWW.GOSUPPS.COM/BRANDS/BEETWO.HTML
BEEVEER	BEEVEER	gosupps.com	HTTPS://WWW.GOSUPPS.COM/BRANDS/BEEVEER.HTML
BEEVINES	BEEVINES	gosupps.com	HTTPS://WWW.GOSUPPS.COM/BRANDS/BEEVINES.HTML?DIR=ASC&ORDER=PRICE
BEFACL	BEFACL	gosupps.com	HTTPS://WWW.GOSUPPS.COM/BRANDS/BEFACL.HTML
BEFORYOU	BEFORYOU	gosupps.com	HTTPS://WWW.GOSUPPS.COM/BRANDS/BEFORYOU.HTML
BEGINMAGIC	BEGINMAGIC	gosupps.com	HTTPS://WWW.GOSUPPS.COM/BRANDS/BEGIN-MAGIC.HTML
BEGULF	BEGULF	gosupps.com	HTTPS://WWW.GOSUPPS.COM/BRANDS/BEGULF.HTML
BEGUT	BEGUT	gosupps.com	HTTPS://WWW.GOSUPPS.COM/BRANDS/BEGUT.HTML
BEHOOMI	BEHOOMI	gosupps.com	HTTPS://WWW.GOSUPPS.COM/BRANDS/BEHOOMI.HTML?DIR=ASC&ORDER=NAME
BEHORSE	BEHORSE	gosupps.com	HTTPS://WWW.GOSUPPS.COM/BRANDS/BEHORSE.HTML?DIR=ASC&ORDER=PRICE
BEIKALONE	BEIKALONE	gosupps.com	HTTPS://WWW.GOSUPPS.COM/BRANDS/BEIKALONE.HTML
BEINKAP	BEINKAP	gosupps.com	HTTPS://WWW.GOSUPPS.COM/BRANDS/BEINKAP.HTML
BEIZELTE	BEIZELTE	gosupps.com	HTTPS://WWW.GOSUPPS.COM/BRANDS/BEIZELTE.HTML
BELCAMBATHTHERAPY	BELCAMBATHTHERAPY	gosupps.com	HTTPS://WWW.GOSUPPS.COM/BRANDS/BELCAM-BATH-THERAPY.HTML?DIR=ASC&ORDER=PRICE
BELIFER	BELIFER	gosupps.com	HTTPS://WWW.GOSUPPS.COM/BRANDS/BELIFER.HTML
BELLASONIC	BELLASONIC	gosupps.com	HTTPS://WWW.GOSUPPS.COM/BRANDS/BELLASONIC.HTML
BELLATAVO	BELLATAVO	gosupps.com	HTTPS://WWW.GOSUPPS.COM/BRANDS/BELLATAVO.HTML
BELLECHEMICAL	BELLECHEMICAL	gosupps.com	HTTPS://WWW.GOSUPPS.COM/BRANDS/BELLE-CHEMICAL.HTML
BELLEZASUPREMA	BELLEZASUPREMA	gosupps.com	HTTPS://WWW.GOSUPPS.COM/BRANDS/BELLEZA-SUPREMA.HTML
BELLFORNO	BELLFORNO	gosupps.com	HTTPS://WWW.GOSUPPS.COM/BEAUTY-BRANDS/BELLFORNO.HTML
BELLISSO	BELLISSO	gosupps.com	HTTPS://WWW.GOSUPPS.COM/BRANDS/BELLISSO.HTML
BELOEN	BELOEN	gosupps.com	HTTPS://WWW.GOSUPPS.COM/BRANDS/BELOEN.HTML?DIR=ASC&ORDER=BEST_SELLING
BELOVANCE	BELOVANCE	gosupps.com	HTTPS://WWW.GOSUPPS.COM/BRANDS/BELOVANCE.HTML
BELUCK	BELUCK	gosupps.com	HTTPS://WWW.GOSUPPS.COM/BEAUTY-BRANDS/BELUCK.HTML
BELURSUS	BELURSUS	gosupps.com	HTTPS://WWW.GOSUPPS.COM/BRANDS/BELURSUS.HTML?DIR=ASC&ORDER=NAME
BEMIXPETS	BEMIXPETS	gosupps.com	HTTPS://WWW.GOSUPPS.COM/BRANDS/BEMIX-PETS.HTML
BEMYLADY	BEMYLADY	gosupps.com	HTTPS://WWW.GOSUPPS.COM/BRANDS/BEMYLADY.HTML
BENAFEE	BENAFEE	gosupps.com	HTTPS://WWW.GOSUPPS.COM/BRANDS/BENAFEE.HTML?DIR=DESC&ORDER=BEST_SELLING
BENAFEE	BENAFEE	gosupps.com	HTTPS://WWW.GOSUPPS.COM/BEAUTY-BRANDS/BENAFEE.HTML
BENCOLLECTION	BENCOLLECTION	gosupps.com	HTTPS://WWW.GOSUPPS.COM/BRANDS/BEN-COLLECTION.HTML?DIR=ASC&ORDER=BEST_SELLING_SORT
BENEFEET	BENEFEET	gosupps.com	HTTPS://WWW.GOSUPPS.COM/BRANDS/BENEFEET.HTML
BENEFREE	BENEFREE	gosupps.com	HTTPS://WWW.GOSUPPS.COM/BRANDS/BENEFREE.HTML?DIR=DESC&ORDER=NAME
BENGOR	BENGOR	gosupps.com	HTTPS://WWW.GOSUPPS.COM/BRANDS/BENGOR.HTML
BENHEROFUN	BENHEROFUN	gosupps.com	HTTPS://WWW.GOSUPPS.COM/BRANDS/BENHEROFUN.HTML
BENJIA	BENJIA	gosupps.com	HTTPS://WWW.GOSUPPS.COM/BRANDS/BENJIA.HTML?DIR=DESC&ORDER=PRICE
BENNYBRADLEYS	BENNYBRADLEYS	gosupps.com	HTTPS://WWW.GOSUPPS.COM/BRANDS/BENNY-BRADLEY-S.HTML
BENOTE	BENOTE	gosupps.com	HTTPS://WWW.GOSUPPS.COM/BRANDS/BENOTE.HTML?DIR=ASC&ORDER=NAME
BENSN	BENSN	gosupps.com	HTTPS://WWW.GOSUPPS.COM/BRANDS/BENSN.HTML?DIR=DESC&ORDER=NAME
BENUOMI	BENUOMI	gosupps.com	HTTPS://WWW.GOSUPPS.COM/BEAUTY-BRANDS/BENUOMI.HTML
BENZHI	BENZHI	gosupps.com	HTTPS://WWW.GOSUPPS.COM/BRANDS/BENZHI.HTML
BEOFFER	BEOFFER	gosupps.com	HTTPS://WWW.GOSUPPS.COM/BEAUTY-BRANDS/BEOFFER.HTML
BEPECTER	BEPPTER	gosupps.com	HTTPS://WWW.GOSUPPS.COM/BRANDS/BEPPTER.HTML
BEQOOL	BEQOOL	gosupps.com	HTTPS://WWW.GOSUPPS.COM/BRANDS/BEQOOL.HTML
BERALLO	BERALLO	gosupps.com	HTTPS://WWW.GOSUPPS.COM/BRANDS/BERALLO.HTML
BERGOTTIE	BERGOTTIE	gosupps.com	HTTPS://WWW.GOSUPPS.COM/BEAUTY-BRANDS/BERGOTTIE.HTML
BERLANEY	BERLANEY	gosupps.com	HTTPS://WWW.GOSUPPS.COM/BRANDS/BERLANEY.HTML?DIR=ASC&ORDER=PRICE
BERSHNOR	BERSHNOR	gosupps.com	HTTPS://WWW.GOSUPPS.COM/BEAUTY-BRANDS/BERSHNOR.HTML
BERSILER	BERSILER3	gosupps.com	HTTPS://WWW.GOSUPPS.COM/BRANDS/BERSILER-3.HTML
BERTHERM	BERTHERM	gosupps.com	HTTPS://WWW.GOSUPPS.COM/BRANDS/BERTHERM.HTML?DIR=DESC&ORDER=NAME
BERYUAN	BERYUAN	gosupps.com	HTTPS://WWW.GOSUPPS.COM/BRANDS/BERYUAN.HTML?DIR=DESC&ORDER=BEST_SELLING&P=3
BESELL	BESELL	gosupps.com	HTTPS://WWW.GOSUPPS.COM/BRANDS/BESELL.HTML?DIR=ASC&ORDER=NAME
BESELOA	BESELOA	gosupps.com	HTTPS://WWW.GOSUPPS.COM/BRANDS/BESELOA.HTML?DIR=DESC&ORDER=NAME
BESFAN	BESFAN	gosupps.com	HTTPS://WWW.GOSUPPS.COM/BRANDS/BESFAN.HTML
BESGEER	BESGEER	gosupps.com	HTTPS://WWW.GOSUPPS.COM/BRANDS/BESGEER.HTML?DIR=ASC&ORDER=NAME
BESNEL	BESNEL	gosupps.com	HTTPS://WWW.GOSUPPS.COM/BEAUTY-BRANDS/BESNEL.HTML
BESTBLING	BESTBLING	gosupps.com	HTTPS://WWW.GOSUPPS.COM/BRANDS/BESTBLING.HTML?DIR=DESC&ORDER=NAME
BESTBOMG	BESTBOMG3	gosupps.com	HTTPS://WWW.GOSUPPS.COM/BRANDS/BESTBOMG-3.HTML
BESTCYC	BESTCYC3	gosupps.com	HTTPS://WWW.GOSUPPS.COM/BRANDS/BESTCYC-3.HTML
BESTGOT	BESTGOT	gosupps.com	HTTPS://WWW.GOSUPPS.COM/BRANDS/BESTGOT.HTML
BESTIDY	BESTIDY	gosupps.com	HTTPS://WWW.GOSUPPS.COM/BRANDS/BESTIDY.HTML
BESTINN	BESTINN	gosupps.com	HTTPS://WWW.GOSUPPS.COM/BRANDS/BESTINN.HTML
BESTLAND	BESTLAND3	gosupps.com	HTTPS://WWW.GOSUPPS.COM/BRANDS/BESTLAND-3.HTML
BESTMAPLE	BESAPLE	gosupps.com	HTTPS://WWW.GOSUPPS.COM/BRANDS/BESTMAPLE.HTML
BESTNICE	BESTNICE	gosupps.com	HTTPS://WWW.GOSUPPS.COM/BRANDS/BESTNICE.HTML?DIR=ASC&ORDER=NAME
BESTTONG	BESTTONG	gosupps.com	HTTPS://WWW.GOSUPPS.COM/BRANDS/BESTTONG.HTML
BESTUNG	BESTUNG	gosupps.com	HTTPS://WWW.GOSUPPS.COM/BRANDS/BESTUNG.HTML?DIR=ASC&ORDER=POSITION
BESTUS	BESTUS	gosupps.com	HTTPS://WWW.GOSUPPS.COM/BRANDS/BESTUS.HTML
BESTYIJO	BESTYIJO	gosupps.com	HTTPS://WWW.GOSUPPS.COM/BRANDS/BESTYIJO.HTML
BETGOD	BETGOD	gosupps.com	HTTPS://WWW.GOSUPPS.COM/BRANDS/BETGOD.HTML?DIR=DESC&ORDER=NAME
BETIDOM	BETIDOM	gosupps.com	HTTPS://WWW.GOSUPPS.COM/BEAUTY-BRANDS/BETIDOM.HTML
BETONEX	BETONEX	gosupps.com	HTTPS://WWW.GOSUPPS.COM/BRANDS/BETONEX.HTML
BETRMA	BETRMA	gosupps.com	HTTPS://WWW.GOSUPPS.COM/BRANDS/BETRMA.HTML
BETROME	BETROME	gosupps.com	HTTPS://WWW.GOSUPPS.COM/BEAUTY-BRANDS/BETROME.HTML
BETRULIGHT	BETRULIGHT	gosupps.com	HTTPS://WWW.GOSUPPS.COM/BRANDS/BETRULIGHT.HTML
BETTAWELL	BETTAWELL	gosupps.com	HTTPS://WWW.GOSUPPS.COM/BRANDS/BETTAWELL.HTML?DIR=ASC&ORDER=NAME
BETTERBATHBETTERBODY	BETTERBATHBETTERBODY	gosupps.com	HTTPS://WWW.GOSUPPS.COM/BRANDS/BETTER-BATH-BETTER-BODY.HTML?DIR=DESC&ORDER=PRICE
BETTERBODYCO	BETTERBODYCO	gosupps.com	HTTPS://WWW.GOSUPPS.COM/BRANDS/BETTER-BODY-CO.HTML
BETTERCHOI	BETTERCHOI	gosupps.com	HTTPS://WWW.GOSUPPS.COM/BEAUTY-BRANDS/BETTERCHOI.HTML
BETTERLINE	BETTERLINE	gosupps.com	HTTPS://WWW.GOSUPPS.COM/BRANDS/BETTERLINE.HTML?DIR=ASC&ORDER=PRICE
BETTERTHANGOODSNACKS	BETTERTHANGOODSNACKS	gosupps.com	HTTPS://WWW.GOSUPPS.COM/BRANDS/BETTER-THAN-GOOD-SNACKS.HTML?DIR=ASC&ORDER=BEST_SELLING
BETTYCORA	BETTYCORA	gosupps.com	HTTPS://WWW.GOSUPPS.COM/BRANDS/BETTYCORA.HTML
BETTYCORA	BETTYCORA	gosupps.com	HTTPS://WWW.GOSUPPS.COM/BEAUTY-BRANDS/BETTYCORA.HTML
BETTYROSESBOTANICALS	BETTYROSESBOTANICALS	gosupps.com	HTTPS://WWW.GOSUPPS.COM/BRANDS/BETTY-ROSE-S-BOTANICALS.HTML?DIR=DESC&ORDER=POSITION
BETUED	BETUED	gosupps.com	HTTPS://WWW.GOSUPPS.COM/BRANDS/BETUED.HTML
BEVILIU	BEVILIU3	gosupps.com	HTTPS://WWW.GOSUPPS.COM/BRANDS/BEVILIU-3.HTML
BEWAHLY	BEWAHLY	gosupps.com	HTTPS://WWW.GOSUPPS.COM/BRANDS/BEWAHLY.HTML
BEWEIG	BEWEIG	gosupps.com	HTTPS://WWW.GOSUPPS.COM/BRANDS/BEWEIG.HTML?DIR=DESC&ORDER=BEST_SELLING_SORT
BEWELLAERO	BEWELLAERO	gosupps.com	HTTPS://WWW.GOSUPPS.COM/BRANDS/BEWELLAERO.HTML?DIR=DESC&ORDER=NAME
BEYOCO	BEYOCO	gosupps.com	HTTPS://WWW.GOSUPPS.COM/BRANDS/BEYOCO.HTML
BEYOLEZIAN	BEYELIAN	gosupps.com	HTTPS://WWW.GOSUPPS.COM/BEAUTY-BRANDS/BEYELIAN.HTML
BEYOURD	BEYOURD	gosupps.com	HTTPS://WWW.GOSUPPS.COM/BRANDS/BEYOURD.HTML
BEZOX	BEZOX	gosupps.com	HTTPS://WWW.GOSUPPS.COM/BRANDS/BEZOX.HTML?P=3
BFANGZ	BFANGZ	gosupps.com	HTTPS://WWW.GOSUPPS.COM/BRANDS/BFANGZ.HTML
BHDK	BHDK	gosupps.com	HTTPS://WWW.GOSUPPS.COM/BRANDS/BHDK.HTML
BHFHAIR	BHF	gosupps.com	HTTPS://WWW.GOSUPPS.COM/BRANDS/BHF.HTML?DIR=DESC&ORDER=BEST_SELLING
BHNING	BHNING	gosupps.com	HTTPS://WWW.GOSUPPS.COM/BRANDS/BHNING.HTML
BHYTAKI	BHYTAKI	gosupps.com	HTTPS://WWW.GOSUPPS.COM/BRANDS/BHYTAKI.HTML
BIACOLUM	BIACOLUM	gosupps.com	HTTPS://WWW.GOSUPPS.COM/BRANDS/BIACOLUM.HTML?DIR=ASC&ORDER=BEST_SELLING_SORT
BIANYC	BIANYC3	gosupps.com	HTTPS://WWW.GOSUPPS.COM/BRANDS/BIANYC-3.HTML
BIAOYUN	BIAOYUN	gosupps.com	HTTPS://WWW.GOSUPPS.COM/BRANDS/BIAOYUN.HTML?DIR=ASC&ORDER=PRICE
BIAUNGDO	BIAUNGDO	gosupps.com	HTTPS://WWW.GOSUPPS.COM/BRANDS/BIAUNGDO.HTML
BIEYOC	BIEYOC	gosupps.com	HTTPS://WWW.GOSUPPS.COM/BRANDS/BIEYOC.HTML?DIR=ASC&ORDER=POSITION&P=2
BIGTIGERPARTS	BIGTIGERPARTS	gosupps.com	HTTPS://WWW.GOSUPPS.COM/BRANDS/BIG-TIGER-PARTS.HTML?DIR=ASC&ORDER=NAME
BIKACU	BIKACU	gosupps.com	HTTPS://WWW.GOSUPPS.COM/BRANDS/BIKACU.HTML
BIKESPARK	BIKESPARK	gosupps.com	HTTPS://WWW.GOSUPPS.COM/BRANDS/BIKESPARK.HTML
BILDUREM	BILDUREM	gosupps.com	HTTPS://WWW.GOSUPPS.COM/BRANDS/BILDUREM.HTML
BILLITONMASHI	BILLITONMASHI	gosupps.com	HTTPS://WWW.GOSUPPS.COM/BRANDS/BILLITON-MASHI.HTML
BINDPO	BINDPO	gosupps.com	HTTPS://WWW.GOSUPPS.COM/BRANDS/BINDPO.HTML
BINGONE	BINGONE	gosupps.com	HTTPS://WWW.GOSUPPS.COM/BRANDS/BINGONE.HTML?DIR=ASC&ORDER=BEST_SELLING_SORT
BIO2YOU	BIO2YOU	gosupps.com	HTTPS://WWW.GOSUPPS.COM/BRANDS/BIO2YOU.HTML
BIOAK	BIOAK	gosupps.com	HTTPS://WWW.GOSUPPS.COM/BRANDS/BIOAK.HTML
BIOAUM	BIOAUM	gosupps.com	HTTPS://WWW.GOSUPPS.COM/BRANDS/BIOAUM.HTML
BIODA	BIODA	gosupps.com	HTTPS://WWW.GOSUPPS.COM/BRANDS/BIODA.HTML
BIOEQUA	BIOEQUA	gosupps.com	HTTPS://WWW.GOSUPPS.COM/BRANDS/BIOEQUA.HTML
BIOTECHNUTRITIONSVALUEBRANDS	BIOTECHNUTRITIONS	gosupps.com	HTTPS://WWW.GOSUPPS.COM/BRANDS/BIOTECH-NUTRITIONS.HTML?DIR=DESC&ORDER=BEST_SELLING_SORT
BIOVOREPROFESSIONAL	BIOVOREPROFESSIONAL	gosupps.com	HTTPS://WWW.GOSUPPS.COM/BRANDS/BIOVORE-PROFESSIONAL.HTML
BIOVY	BIOVY	gosupps.com	HTTPS://WWW.GOSUPPS.COM/BRANDS/BIOVY.HTML?DIR=ASC&ORDER=NAME
BIRSPPY	BIRSPPY	gosupps.com	HTTPS://WWW.GOSUPPS.COM/BRANDS/BIRSPPY.HTML
BISEOAMZ	BISEOAMZ	gosupps.com	HTTPS://WWW.GOSUPPS.COM/BRANDS/BISEOAMZ.HTML
BISINNA	BISINNA	gosupps.com	HTTPS://WWW.GOSUPPS.COM/BRANDS/BISINNA.HTML
BITFINIC	BITFINIC	gosupps.com	HTTPS://WWW.GOSUPPS.COM/BRANDS/BITFINIC.HTML
BIUBEE	BIUBEE	gosupps.com	HTTPS://WWW.GOSUPPS.COM/BRANDS/BIUBEE.HTML
BIUSIKAN	BIUSIKAN	gosupps.com	HTTPS://WWW.GOSUPPS.COM/BRANDS/BIUSIKAN.HTML?DIR=ASC&ORDER=NAME
BIUZKO	BIUZKO	gosupps.com	HTTPS://WWW.GOSUPPS.COM/BRANDS/BIUZKO.HTML?DIR=ASC&ORDER=PRICE
BIZZYONE	BIZZYONE	gosupps.com	HTTPS://WWW.GOSUPPS.COM/BRANDS/BIZZY-ONE.HTML?DIR=ASC&ORDER=POSITION
BJSK	BJSK	gosupps.com	HTTPS://WWW.GOSUPPS.COM/BRANDS/BJSK.HTML?DIR=DESC&ORDER=PRICE
BKLES	BKLES	gosupps.com	HTTPS://WWW.GOSUPPS.COM/BRANDS/BKLES.HTML
BKPPLZP	BKPPLZP	gosupps.com	HTTPS://WWW.GOSUPPS.COM/BRANDS/BKPPLZP.HTML?DIR=ASC&ORDER=PRICE
BLACICO	BLACICO	gosupps.com	HTTPS://WWW.GOSUPPS.COM/BRANDS/BLACICO.HTML
BLACKTIEMERCANTILE	BLACKTIEMERCANTILE	gosupps.com	HTTPS://WWW.GOSUPPS.COM/BRANDS/BLACK-TIE-MERCANTILE.HTML
BLANOU	BLANOU	gosupps.com	HTTPS://WWW.GOSUPPS.COM/BRANDS/BLANOU.HTML
BLAUGRUN	BLAUGRUN	gosupps.com	HTTPS://WWW.GOSUPPS.COM/BRANDS/BLAU-GRUN.HTML?DIR=ASC&ORDER=POSITION
BLEDS	BLEDS	gosupps.com	HTTPS://WWW.GOSUPPS.COM/BRANDS/BLEDS.HTML?DIR=ASC&ORDER=NAME
BLEECKERSTATION	BLEECKERSTATION	gosupps.com	HTTPS://WWW.GOSUPPS.COM/BRANDS/BLEECKER-STATION.HTML
BLESSFULLHEALING	BLESSFULLHEALING	gosupps.com	HTTPS://WWW.GOSUPPS.COM/BRANDS/BLESSFULL-HEALING.HTML
BLESWIN	BLESWIN	gosupps.com	HTTPS://WWW.GOSUPPS.COM/BRANDS/BLESWIN.HTML
BLINGYS	BLINGYS	gosupps.com	HTTPS://WWW.GOSUPPS.COM/BRANDS/BLINGY-S.HTML
BLOOMAIR	BLOOMAIR	gosupps.com	HTTPS://WWW.GOSUPPS.COM/BRANDS/BLOOMAIR.HTML
BLOOMINGOODS	BLOOMINGOODS	gosupps.com	HTTPS://WWW.GOSUPPS.COM/BRANDS/BLOOMINGOODS.HTML?DIR=ASC&ORDER=PRICE
BLUBLUPARK	BLUBLUPARK	gosupps.com	HTTPS://WWW.GOSUPPS.COM/BRANDS/BLUBLU-PARK.HTML?DIR=ASC&ORDER=PRICE
BLUECLOVERFOODS	BLUECLOVERFOODS	gosupps.com	HTTPS://WWW.GOSUPPS.COM/BRANDS/BLUE-CLOVER-FOODS.HTML?DIR=DESC&ORDER=NAME
BLUEDERY	BLUEDERY	gosupps.com	HTTPS://WWW.GOSUPPS.COM/BRANDS/BLUEDERY.HTML
BLUEENJOY	BLUEENJOY	gosupps.com	HTTPS://WWW.GOSUPPS.COM/BRANDS/BLUEENJOY.HTML?DIR=ASC&ORDER=BEST_SELLING
BLUENATHXRPR	BLUENATHXRPR	gosupps.com	HTTPS://WWW.GOSUPPS.COM/BRANDS/BLUENATHXRPR.HTML
BLUEPLE	BLUEPLE	gosupps.com	HTTPS://WWW.GOSUPPS.COM/BRANDS/BLUEPLE.HTML
BLUEPOLAR	BLUEPOLAR	gosupps.com	HTTPS://WWW.GOSUPPS.COM/BRANDS/BLUEPOLAR.HTML?DIR=ASC&ORDER=PRICE
BLUESTRAW	BLUESTRAW	gosupps.com	HTTPS://WWW.GOSUPPS.COM/BRANDS/BLUESTRAW.HTML
BLUEWATERCHEMGROUP	BLUEWATERCHEMGROUP	gosupps.com	HTTPS://WWW.GOSUPPS.COM/BRANDS/BLUEWATER-CHEMGROUP.HTML
BLULU	BLULU	gosupps.com	HTTPS://WWW.GOSUPPS.COM/BRANDS/BLULU.HTML
BLUSOL	BLUSOL	gosupps.com	HTTPS://WWW.GOSUPPS.COM/BRANDS/BLUSOL.HTML
BLUUSUUK	BLUUSUUK	gosupps.com	HTTPS://WWW.GOSUPPS.COM/BRANDS/BLUUSUUK.HTML
BLUZZO	BLUZZO	gosupps.com	HTTPS://WWW.GOSUPPS.COM/BRANDS/BLUZZO.HTML
BMAKER	BMAKER	gosupps.com	HTTPS://WWW.GOSUPPS.COM/BRANDS/BMAKER.HTML
BNCOFFICESUPPLY	BNCOFFICESUPPLY	gosupps.com	HTTPS://WWW.GOSUPPS.COM/BRANDS/BNC-OFFICE-SUPPLY.HTML
BOBAUNA	BOBAUNA3	gosupps.com	HTTPS://WWW.GOSUPPS.COM/BRANDS/BOBAUNA-3.HTML
BOBICOM	BOBICOM	gosupps.com	HTTPS://WWW.GOSUPPS.COM/BRANDS/BOBICOM.HTML
BOBISUKA	BOBISUKA	gosupps.com	HTTPS://WWW.GOSUPPS.COM/BRANDS/BOBISUKA.HTML?P=3
BOBOBANANA	BOBOBANANA	gosupps.com	HTTPS://WWW.GOSUPPS.COM/BRANDS/BOBO-BANANA.HTML
BOBSINDUSTRIALSUPPLY	BOBSINDUSTRIALSUPPLY	gosupps.com	HTTPS://WWW.GOSUPPS.COM/BRANDS/BOB-S-INDUSTRIAL-SUPPLY.HTML?DIR=DESC&ORDER=BEST_SELLING
BOCATICA	BOCATICA	gosupps.com	HTTPS://WWW.GOSUPPS.COM/BRANDS/BOCA-TICA.HTML?DIR=ASC&ORDER=NAME
BODDENLY	BODDENLY	gosupps.com	HTTPS://WWW.GOSUPPS.COM/BRANDS/BODDENLY.HTML?DIR=DESC&ORDER=BEST_SELLING
BODUNDIRECT	BODUNDIRECT	gosupps.com	HTTPS://WWW.GOSUPPS.COM/BRANDS/BODUNDIRECT.HTML
BODYMERRY	BODYMERRY	gosupps.com	HTTPS://WWW.GOSUPPS.COM/BRANDS/BODY-MERRY.HTML
BOEEA	BOEEA	gosupps.com	HTTPS://WWW.GOSUPPS.COM/BEAUTY-BRANDS/BOEEA.HTML
BOERMEIZE	BOERMEIZE	gosupps.com	HTTPS://WWW.GOSUPPS.COM/BRANDS/BOERMEIZE.HTML?DIR=ASC&ORDER=NAME
BOGLIA	BOGLIA	gosupps.com	HTTPS://WWW.GOSUPPS.COM/BRANDS/BOGLIA.HTML
BOJEE	BOJEE	gosupps.com	HTTPS://WWW.GOSUPPS.COM/BRANDS/BOJEE.HTML?DIR=DESC&ORDER=POSITION
BOKELAI	BOKELAI	gosupps.com	HTTPS://WWW.GOSUPPS.COM/BRANDS/BOKELAI.HTML?DIR=ASC&ORDER=PRICE
BOKIMD	BOKIMD	gosupps.com	HTTPS://WWW.GOSUPPS.COM/BRANDS/BOKIMD.HTML
BOKUGE	BOKUGE	gosupps.com	HTTPS://WWW.GOSUPPS.COM/BEAUTY-BRANDS/BOKUGE.HTML
BOLDCAN	BOLD	gosupps.com	HTTPS://WWW.GOSUPPS.COM/BRANDS/BOLD.HTML?DIR=DESC&ORDER=NAME
BOLLFO	BOLLFO	gosupps.com	HTTPS://WWW.GOSUPPS.COM/BRANDS/BOLLFO.HTML
BOLORAMO	BOLORAMO2	gosupps.com	HTTPS://WWW.GOSUPPS.COM/BRANDS/BOLORAMO-2.HTML
BOLZRA	BOLZRA	gosupps.com	HTTPS://WWW.GOSUPPS.COM/BRANDS/BOLZRA.HTML
BOMBROOSTER	BOMBROOSTER	gosupps.com	HTTPS://WWW.GOSUPPS.COM/BRANDS/BOMBROOSTER.HTML?DIR=DESC&ORDER=NAME
BONAMART	BONAMART	gosupps.com	HTTPS://WWW.GOSUPPS.COM/BRANDS/BONAMART.HTML
BONAWEITE	BONAWEITE	gosupps.com	HTTPS://WWW.GOSUPPS.COM/BRANDS/BONAWEITE.HTML
BONBALLOON	BONBALLOON	gosupps.com	HTTPS://WWW.GOSUPPS.COM/BRANDS/BONBALLOON.HTML?P=4
BONEW	BONEW	gosupps.com	HTTPS://WWW.GOSUPPS.COM/BRANDS/BONEW.HTML
BONIORRI	BONIORRI	gosupps.com	HTTPS://WWW.GOSUPPS.COM/BRANDS/BONIORRI.HTML
BONNIESTORE	BONNIESTORE	gosupps.com	HTTPS://WWW.GOSUPPS.COM/BRANDS/BONNIESTORE.HTML?DIR=DESC&ORDER=BEST_SELLING_SORT
BONNYBEAUTY	BONNYBEAUTY	gosupps.com	HTTPS://WWW.GOSUPPS.COM/BRANDS/BONNYBEAUTY.HTML
BONSAIWELLNESS	BONSAIWELLNESS	gosupps.com	HTTPS://WWW.GOSUPPS.COM/BRANDS/BONSAI-WELLNESS.HTML
BONSICOKY	BONSICOKY	gosupps.com	HTTPS://WWW.GOSUPPS.COM/BRANDS/BONSICOKY.HTML?DIR=ASC&ORDER=PRICE
BONTIP	BONTIP	gosupps.com	HTTPS://WWW.GOSUPPS.COM/BEAUTY-BRANDS/BONTIP.HTML
BONVEPET	BONVEPET	gosupps.com	HTTPS://WWW.GOSUPPS.COM/BRANDS/BONVE-PET.HTML
BOOBEEN	BOOBEEN	gosupps.com	HTTPS://WWW.GOSUPPS.COM/BEAUTY-BRANDS/BOOBEEN.HTML
BOOKUU	BOOKUU	gosupps.com	HTTPS://WWW.GOSUPPS.COM/BRANDS/BOOKUU.HTML
BOOMAKER	BOOMAKER	gosupps.com	HTTPS://WWW.GOSUPPS.COM/BRANDS/BOOMAKER.HTML
BOORIKA	BOORIKA	gosupps.com	HTTPS://WWW.GOSUPPS.COM/BRANDS/BOORIKA.HTML
BOOSDEN	BOOSDEN	gosupps.com	HTTPS://WWW.GOSUPPS.COM/BRANDS/BOOSDEN.HTML
BOOSTEADY	BOOSTEADY	gosupps.com	HTTPS://WWW.GOSUPPS.COM/BRANDS/BOOSTEADY.HTML?DIR=ASC&ORDER=POSITION
BOPICOKOK	BOCOKO	gosupps.com	HTTPS://WWW.GOSUPPS.COM/BRANDS/BOCOKO.HTML
BOQUBOO	BOQUBOO	gosupps.com	HTTPS://WWW.GOSUPPS.COM/BRANDS/BOQUBOO.HTML
BOQUITE	BOQUITE	gosupps.com	HTTPS://WWW.GOSUPPS.COM/BRANDS/BOQUITE.HTML?DIR=DESC&ORDER=PRICE&P=1
BORHOOD	BORHOOD	gosupps.com	HTTPS://WWW.GOSUPPS.COM/BRANDS/BORHOOD.HTML
BOROGO	BOROGO	gosupps.com	HTTPS://WWW.GOSUPPS.COM/BRANDS/BOROGO.HTML
BORYAN	BORYAN	gosupps.com	HTTPS://WWW.GOSUPPS.COM/BRANDS/BORYAN.HTML?DIR=DESC&ORDER=PRICE
BOSEEN	BOSEEN	gosupps.com	HTTPS://WWW.GOSUPPS.COM/BRANDS/BOSEEN.HTML
BOSESSENTIALS	BOSESSENTIALS	gosupps.com	HTTPS://WWW.GOSUPPS.COM/BRANDS/BOS-ESSENTIALS.HTML
BOSOBO	BOSOBO	gosupps.com	HTTPS://WWW.GOSUPPS.COM/BRANDS/BOSOBO.HTML
BOSSWIN	BOSSWIN	gosupps.com	HTTPS://WWW.GOSUPPS.COM/BRANDS/BOSSWIN.HTML
BOTVELA	BOTVELA	gosupps.com	HTTPS://WWW.GOSUPPS.COM/BRANDS/BOTVELA.HTML
BOUNABAY	BOUNABAY	gosupps.com	HTTPS://WWW.GOSUPPS.COM/BRANDS/BOUNABAY.HTML?DIR=ASC&ORDER=PRICE
BOUNDLESSPERFORMANCE	BOUNDLESSPERFORMANCE	gosupps.com	HTTPS://WWW.GOSUPPS.COM/BRANDS/BOUNDLESS-PERFORMANCE.HTML
BOUNV	BOUNV	gosupps.com	HTTPS://WWW.GOSUPPS.COM/BRANDS/BOUNV.HTML
BOVICAS	BOVICAS3	gosupps.com	HTTPS://WWW.GOSUPPS.COM/BRANDS/BOVICAS-3.HTML
BOWKA	BOWKA4	gosupps.com	HTTPS://WWW.GOSUPPS.COM/BRANDS/BOWKA-4.HTML
BOXCASA	BOXCASA	gosupps.com	HTTPS://WWW.GOSUPPS.COM/BRANDS/BOXCASA.HTML
BOXGROVEBEAUTY	BOXGROVEBEAUTY	gosupps.com	HTTPS://WWW.GOSUPPS.COM/BRANDS/BOXGROVE-BEAUTY.HTML
BOXGROVEBEAUTY	BOXGROVEBEAUTY	gosupps.com	HTTPS://WWW.GOSUPPS.COM/BEAUTY-BRANDS/BOXGROVE-BEAUTY.HTML
BOYZN	BOYZN	gosupps.com	HTTPS://WWW.GOSUPPS.COM/BRANDS/BOYZN.HTML
BPURB	BPURB	gosupps.com	HTTPS://WWW.GOSUPPS.COM/BEAUTY-BRANDS/BPURB.HTML
BPURB	BPURB	gosupps.com	HTTPS://WWW.GOSUPPS.COM/BRANDS/BPURB.HTML
BQHAIR	BQHAIR	gosupps.com	HTTPS://WWW.GOSUPPS.COM/BRANDS/BQ-HAIR.HTML?DIR=ASC&ORDER=NAME
BRACEPOST	BRACEPOST	gosupps.com	HTTPS://WWW.GOSUPPS.COM/BRANDS/BRACEPOST.HTML
BRANDNEWBELLISSO	BELLISSO	gosupps.com	HTTPS://WWW.GOSUPPS.COM/BRANDS/BELLISSO.HTML
BRANSIO	BRANSIO	gosupps.com	HTTPS://WWW.GOSUPPS.COM/BRANDS/BRANSIO.HTML
BRAPPO	BRAPPO	gosupps.com	HTTPS://WWW.GOSUPPS.COM/BRANDS/BRAPPO.HTML?DIR=ASC&ORDER=PRICE
BREAVO	BREAVO	gosupps.com	HTTPS://WWW.GOSUPPS.COM/BRANDS/BREAVO.HTML
BREBON	BREBON	gosupps.com	HTTPS://WWW.GOSUPPS.COM/BRANDS/BREBON.HTML
BREELEX	BREELEX	gosupps.com	HTTPS://WWW.GOSUPPS.COM/BRANDS/BREELEX.HTML
BREEPOOT	BREEPOOT	gosupps.com	HTTPS://WWW.GOSUPPS.COM/BRANDS/BREEPOOT.HTML
BREEVO	BREEVO	gosupps.com	HTTPS://WWW.GOSUPPS.COM/BRANDS/BREEVO.HTML
BREMOROU	BREMOROU	gosupps.com	HTTPS://WWW.GOSUPPS.COM/BRANDS/BREMOROU.HTML
BRESLATTE	BRESLATTE	gosupps.com	HTTPS://WWW.GOSUPPS.COM/BRANDS/BRESLATTE.HTML?DIR=ASC&ORDER=PRICE
BRICONTI	BRICONTI	gosupps.com	HTTPS://WWW.GOSUPPS.COM/BRANDS/BRICONTI.HTML
BRIGHTINWD	BRIGHTINWD	gosupps.com	HTTPS://WWW.GOSUPPS.COM/BRANDS/BRIGHTINWD.HTML
BRIGHTJUNGLE	BRIGHTJUNGLE	gosupps.com	HTTPS://WWW.GOSUPPS.COM/BRANDS/BRIGHTJUNGLE.HTML?DIR=DESC&ORDER=PRICE
BRILISLE	BRILISLE	gosupps.com	HTTPS://WWW.GOSUPPS.COM/BRANDS/BRILISLE.HTML
BRILLIANCE4U	BRILLIANCE4U	gosupps.com	HTTPS://WWW.GOSUPPS.COM/BRANDS/BRILLIANCE4U.HTML?DIR=ASC&ORDER=POSITION
BRINONAC	BRINONAC	gosupps.com	HTTPS://WWW.GOSUPPS.COM/BRANDS/BRINONAC.HTML?P=1
BRIOPRODUCTGROUP	BRIOPRODUCTGROUP	gosupps.com	HTTPS://WWW.GOSUPPS.COM/BRANDS/BRIO-PRODUCT-GROUP.HTML
BRISTARBOY	BRISTARBOY	gosupps.com	HTTPS://WWW.GOSUPPS.COM/BRANDS/BRISTARBOY.HTML
BROLLITEST	BROLLITEST	gosupps.com	HTTPS://WWW.GOSUPPS.COM/BRANDS/BROLLITEST.HTML
BRORI	BRORI	gosupps.com	HTTPS://WWW.GOSUPPS.COM/BRANDS/BRORI.HTML
BROSISINCORP	BROSISINCORP	gosupps.com	HTTPS://WWW.GOSUPPS.COM/BRANDS/BROSISINCORP.HTML
BROSIVE	BROSIVE	gosupps.com	HTTPS://WWW.GOSUPPS.COM/BRANDS/BROSIVE.HTML?DIR=ASC&ORDER=POSITION
BROUYOUE	BROUYOUE	gosupps.com	HTTPS://WWW.GOSUPPS.COM/BEAUTY-BRANDS/BROUYOUE.HTML?DIR=DESC&ORDER=PRICE
BROWILL	BROWILL	gosupps.com	HTTPS://WWW.GOSUPPS.COM/BRANDS/BROWILL.HTML
BRTGYM	BRTGYM	gosupps.com	HTTPS://WWW.GOSUPPS.COM/BRANDS/BRTGYM.HTML?DIR=ASC&ORDER=NAME
BRUSHMOBRUSHMO	BRUSHMO	gosupps.com	HTTPS://WWW.GOSUPPS.COM/BEAUTY-BRANDS/BRUSHMO.HTML
BRYCOGOODS	BRYCOGOODS	gosupps.com	HTTPS://WWW.GOSUPPS.COM/BRANDS/BRYCO-GOODS.HTML?DIR=ASC&ORDER=BEST_SELLING
BRYNNL	BRYNNL	gosupps.com	HTTPS://WWW.GOSUPPS.COM/BRANDS/BRYNNL.HTML?DIR=DESC&ORDER=NAME
BSNOVT	BSNOVT	gosupps.com	HTTPS://WWW.GOSUPPS.COM/BRANDS/BSNOVT.HTML
BSROZKI	BSROZKI	gosupps.com	HTTPS://WWW.GOSUPPS.COM/BRANDS/BSROZKI.HTML?DIR=DESC&ORDER=BEST_SELLING
BTFDREEM	BTFDREEM	gosupps.com	HTTPS://WWW.GOSUPPS.COM/BRANDS/BTFDREEM.HTML
BTFSOUL	BTFSOUL	gosupps.com	HTTPS://WWW.GOSUPPS.COM/BRANDS/BTFSOUL.HTML?DIR=ASC&ORDER=NAME
BTGGG	BTGGG	gosupps.com	HTTPS://WWW.GOSUPPS.COM/BRANDS/BTGGG.HTML?DIR=DESC&ORDER=NAME
BTICX	BTICX	gosupps.com	HTTPS://WWW.GOSUPPS.COM/BRANDS/BTICX.HTML
BTIZTLLA	BTIZTLLA	gosupps.com	HTTPS://WWW.GOSUPPS.COM/BRANDS/BTIZTLLA.HTML?DIR=ASC&ORDER=NAME
BTSEURY	BTSEURY	gosupps.com	HTTPS://WWW.GOSUPPS.COM/BRANDS/BTSEURY.HTML
BTWTRY	BTWTRY	gosupps.com	HTTPS://WWW.GOSUPPS.COM/BRANDS/BTWTRY.HTML?DIR=DESC&ORDER=BEST_SELLING
BUACHOIS	BUACHOIS	gosupps.com	HTTPS://WWW.GOSUPPS.COM/BRANDS/BUACHOIS.HTML?DIR=ASC&ORDER=PRICE&P=1
BUBBACARE	BUBBACARE5	gosupps.com	HTTPS://WWW.GOSUPPS.COM/BRANDS/BUBBACARE-5.HTML
BUBBLEMILKBOWL	BUBBLEMILKBOWL	gosupps.com	HTTPS://WWW.GOSUPPS.COM/BRANDS/BUBBLE-MILK-BOWL.HTML?DIR=ASC&ORDER=NAME
BUCASSO	BUCASSO	gosupps.com	HTTPS://WWW.GOSUPPS.COM/BRANDS/BUCASSO.HTML
BUCKBURG	BUCKBURG	gosupps.com	HTTPS://WWW.GOSUPPS.COM/BRANDS/BUCKBURG.HTML?DIR=DESC&ORDER=NAME
BUENSUENO	BUENSUENO	gosupps.com	HTTPS://WWW.GOSUPPS.COM/BRANDS/BUENSUENO.HTML?DIR=DESC&ORDER=PRICE
BUFCCY	BUFCCY	gosupps.com	HTTPS://WWW.GOSUPPS.COM/BRANDS/BUFCCY.HTML
BUGUUYO	BUGUUYO	gosupps.com	HTTPS://WWW.GOSUPPS.COM/BRANDS/BUGUUYO.HTML
BUKISA	BUKISA	gosupps.com	HTTPS://WWW.GOSUPPS.COM/BRANDS/BUKISA.HTML
BULIPU	BULIPU	gosupps.com	HTTPS://WWW.GOSUPPS.COM/BRANDS/BULIPU.HTML
BUNNYEGGY	BUNNYEGGY	gosupps.com	HTTPS://WWW.GOSUPPS.COM/BRANDS/BUNNY-EGGY.HTML
BUONAIDEA	BUONAIDEA	gosupps.com	HTTPS://WWW.GOSUPPS.COM/BRANDS/BUONAIDEA.HTML
BURIUS	BURIUS	gosupps.com	HTTPS://WWW.GOSUPPS.COM/BRANDS/BURIUS.HTML
BURNINGSHARK	BURNINGSHARK	gosupps.com	HTTPS://WWW.GOSUPPS.COM/BRANDS/BURNING-SHARK.HTML
BUSHYPUSHY	BUSHYPUSHY	gosupps.com	HTTPS://WWW.GOSUPPS.COM/BRANDS/BUSHYPUSHY.HTML?DIR=DESC&ORDER=NAME
BUSOHA	BUSOHA	gosupps.com	HTTPS://WWW.GOSUPPS.COM/BRANDS/BUSOHA.HTML
BUSSBA	BUSSBA	gosupps.com	HTTPS://WWW.GOSUPPS.COM/BRANDS/BUSSBA.HTML
BUSSINBOXES	BUSSINBOXES	gosupps.com	HTTPS://WWW.GOSUPPS.COM/BRANDS/BUSSIN-BOXES.HTML
BUSTIES	BUSTIES	gosupps.com	HTTPS://WWW.GOSUPPS.COM/BRANDS/BUSTIES.HTML
BUSYCO	BUSYCO	gosupps.com	HTTPS://WWW.GOSUPPS.COM/BRANDS/BUSYCO.HTML
BUTYCAPS	BUTYCAPS	gosupps.com	HTTPS://WWW.GOSUPPS.COM/BRANDS/BUTYCAPS.HTML?DIR=DESC&ORDER=NAME
BUUFAN	BUUFAN	gosupps.com	HTTPS://WWW.GOSUPPS.COM/BRANDS/BUUFAN.HTML
BUWATERS	BUWATERS	gosupps.com	HTTPS://WWW.GOSUPPS.COM/BRANDS/BUWATERS.HTML?DIR=ASC&ORDER=NAME
BUWAYS	BUWAYS	gosupps.com	HTTPS://WWW.GOSUPPS.COM/BRANDS/BUWAYS.HTML?DIR=ASC&ORDER=NAME
BUXKR	BUXKR	gosupps.com	HTTPS://WWW.GOSUPPS.COM/BRANDS/BUXKR.HTML
BUYGOO	BUYGOO	gosupps.com	HTTPS://WWW.GOSUPPS.COM/BRANDS/BUYGOO.HTML?DIR=ASC&ORDER=POSITION
BUYOCKSS	BUYOCKSS	gosupps.com	HTTPS://WWW.GOSUPPS.COM/BRANDS/BUYOCKSS.HTML
BUYWEEK	BUYWEEK	gosupps.com	HTTPS://WWW.GOSUPPS.COM/BRANDS/BUYWEEK.HTML
BUZHI	BUZHI	gosupps.com	HTTPS://WWW.GOSUPPS.COM/BRANDS/BUZHI.HTML
BUZZLETT	BUZZLETT	gosupps.com	HTTPS://WWW.GOSUPPS.COM/BRANDS/BUZZLETT.HTML
BVVU	BVVU	gosupps.com	HTTPS://WWW.GOSUPPS.COM/BRANDS/BVVU.HTML?DIR=ASC&ORDER=PRICE
BWBRANDS	BW	gosupps.com	HTTPS://WWW.GOSUPPS.COM/BRANDS/BW.HTML
BWBRANDS	BWBRANDS	gosupps.com	HTTPS://WWW.GOSUPPS.COM/BRANDS/BW-BRANDS.HTML
BWREN	BWREN	gosupps.com	HTTPS://WWW.GOSUPPS.COM/BEAUTY-BRANDS/BWREN.HTML
BXIZXD	BXIZXD	gosupps.com	HTTPS://WWW.GOSUPPS.COM/BRANDS/BXIZXD.HTML?DIR=DESC&ORDER=PRICE
BY4U	BY4U	gosupps.com	HTTPS://WWW.GOSUPPS.COM/BRANDS/BY4U.HTML
BYBRUTEK	BYBRUTEK	gosupps.com	HTTPS://WWW.GOSUPPS.COM/BRANDS/BYBRUTEK.HTML
BYDIFFER	BYDIFFER	gosupps.com	HTTPS://WWW.GOSUPPS.COM/BRANDS/BYDIFFER.HTML?DIR=ASC&ORDER=PRICE
BYDOLL	BYDOLL	gosupps.com	HTTPS://WWW.GOSUPPS.COM/BRANDS/BYDOLL.HTML
BYGED	BYGED	gosupps.com	HTTPS://WWW.GOSUPPS.COM/BRANDS/BYGED.HTML
BYHOO	BYHOO	gosupps.com	HTTPS://WWW.GOSUPPS.COM/BRANDS/BYHOO.HTML
BYUP	BYUP	gosupps.com	HTTPS://WWW.GOSUPPS.COM/BRANDS/BYUP.HTML
BYWABEE	BYWABEE	gosupps.com	HTTPS://WWW.GOSUPPS.COM/BRANDS/BYWABEE.HTML?DIR=ASC&ORDER=POSITION
BYYDDIY	BYYDDIY	gosupps.com	HTTPS://WWW.GOSUPPS.COM/BRANDS/BYYDDIY.HTML
BZBUY	BZBUY	gosupps.com	HTTPS://WWW.GOSUPPS.COM/BRANDS/BZBUY.HTML
BZG	BZG	gosupps.com	HTTPS://WWW.GOSUPPS.COM/BRANDS/BZG.HTML
BZLOVER	BZBUY	gosupps.com	HTTPS://WWW.GOSUPPS.COM/BRANDS/BZBUY.HTML
BZSEED	BZSEED	gosupps.com	HTTPS://WWW.GOSUPPS.COM/BRANDS/BZSEED.HTML?DIR=ASC&ORDER=POSITION
CABALAY	CABALAY	gosupps.com	HTTPS://WWW.GOSUPPS.COM/BRANDS/CABALAY.HTML
CABOTCARLYLE	CABOTCARLYLE	gosupps.com	HTTPS://WWW.GOSUPPS.COM/BEAUTY-BRANDS/CABOT-CARLYLE.HTML
CACKBIRD	CACKBIRD	gosupps.com	HTTPS://WWW.GOSUPPS.COM/BRANDS/CACKBIRD.HTML?DIR=ASC&ORDER=POSITION
CADELON	CADELON	gosupps.com	HTTPS://WWW.GOSUPPS.COM/BRANDS/CADELON.HTML
CADEYA	CADEYA	gosupps.com	HTTPS://WWW.GOSUPPS.COM/BRANDS/CADEYA.HTML?DIR=ASC&ORDER=POSITION
CAFUNHE	CAFUNHE3	gosupps.com	HTTPS://WWW.GOSUPPS.COM/BRANDS/CAFUNHE-3.HTML
CAGIWIRU	CAGIWIRU	gosupps.com	HTTPS://WWW.GOSUPPS.COM/BRANDS/CAGIWIRU.HTML
CAGOGO	CAGOGO	gosupps.com	HTTPS://WWW.GOSUPPS.COM/BRANDS/CAGOGO.HTML?DIR=ASC&ORDER=NAME
CAGOS	CAGOS	gosupps.com	HTTPS://WWW.GOSUPPS.COM/BRANDS/CAGOS.HTML
CAHOMO	CAHOMO	gosupps.com	HTTPS://WWW.GOSUPPS.COM/BRANDS/CAHOMO.HTML
CAHOT	CAHOT	gosupps.com	HTTPS://WWW.GOSUPPS.COM/BRANDS/CAHOT.HTML
CAIDRE	CAIDRE	gosupps.com	HTTPS://WWW.GOSUPPS.COM/BRANDS/CAIDRE.HTML?DIR=DESC&ORDER=PRICE
CAIJUNAUTO	CAIJUNAUTO	gosupps.com	HTTPS://WWW.GOSUPPS.COM/BRANDS/CAIJUN-AUTO.HTML
CAISHA	CAISHA	gosupps.com	HTTPS://WWW.GOSUPPS.COM/BRANDS/CAISHA.HTML?P=8
CAKAILA	CAKAILA	gosupps.com	HTTPS://WWW.GOSUPPS.COM/BRANDS/CAKAILA.HTML?DIR=DESC&ORDER=NAME&P=1
CAKILA	CAKAILA	gosupps.com	HTTPS://WWW.GOSUPPS.COM/BRANDS/CAKAILA.HTML?DIR=ASC&ORDER=POSITION
CAKKI	CAKKI	gosupps.com	HTTPS://WWW.GOSUPPS.COM/BRANDS/CAKKI.HTML
CALAILIS	CALAILIS	gosupps.com	HTTPS://WWW.GOSUPPS.COM/BRANDS/CALAILIS.HTML?DIR=DESC&ORDER=BEST_SELLING_SORT
CALIFORNIADELICIOUS	CALIFORNIADELICIOUS	gosupps.com	HTTPS://WWW.GOSUPPS.COM/BRANDS/CALIFORNIA-DELICIOUS.HTML?DIR=DESC&ORDER=BEST_SELLING_SORT
CALIYO	CALIYO	gosupps.com	HTTPS://WWW.GOSUPPS.COM/BRANDS/CALIYO.HTML
CALLTOU	CALLTOU	gosupps.com	HTTPS://WWW.GOSUPPS.COM/BRANDS/CALLTOU.HTML
CALMIGO	CALMIGO	gosupps.com	HTTPS://WWW.GOSUPPS.COM/BRANDS/CALMIGO.HTML
CALMYOTIS	CALMYOTIS	gosupps.com	HTTPS://WWW.GOSUPPS.COM/BRANDS/CALMYOTIS.HTML?DIR=DESC&ORDER=BEST_SELLING
CALOLEYNG	CALOLEYNG	gosupps.com	HTTPS://WWW.GOSUPPS.COM/BRANDS/CALOLEYNG.HTML
CALONG	CALONG	gosupps.com	HTTPS://WWW.GOSUPPS.COM/BRANDS/CALONG.HTML
CALPALMY	CALPALMY3	gosupps.com	HTTPS://WWW.GOSUPPS.COM/BRANDS/CALPALMY-3.HTML
CALPALMYSTORE	CALPALMY3	gosupps.com	HTTPS://WWW.GOSUPPS.COM/BRANDS/CALPALMY-3.HTML
CALPHDIAR	CALPHDIAR3	gosupps.com	HTTPS://WWW.GOSUPPS.COM/BRANDS/CALPHDIAR-3.HTML
CALVESKELSON	CALVESKELSON	gosupps.com	HTTPS://WWW.GOSUPPS.COM/BRANDS/CALVES-KELSON.HTML?DIR=ASC&ORDER=NAME&P=1
CAMMPRO	MMCAMMPRO	gosupps.com	HTTPS://WWW.GOSUPPS.COM/BRANDS/MM-CAMMPRO.HTML
CAMNAL	CAMNAL	gosupps.com	HTTPS://WWW.GOSUPPS.COM/BRANDS/CAMNAL.HTML?DIR=DESC&ORDER=NAME
CAMOLAND	CAMOLAND	gosupps.com	HTTPS://WWW.GOSUPPS.COM/BRANDS/CAMOLAND.HTML
CAMPERSVILLE	CAMPERSVILLE	gosupps.com	HTTPS://WWW.GOSUPPS.COM/BRANDS/CAMPERSVILLE.HTML
CAMPROSCP	CAMPROSCP	gosupps.com	HTTPS://WWW.GOSUPPS.COM/BRANDS/CAMPROS-CP.HTML
CAMWAY	CAMWAY	gosupps.com	HTTPS://WWW.GOSUPPS.COM/BRANDS/CAMWAY.HTML
CANAGER	CANAGER	gosupps.com	HTTPS://WWW.GOSUPPS.COM/BRANDS/CANAGER.HTML
CANALHOUT	CANALHOUT	gosupps.com	HTTPS://WWW.GOSUPPS.COM/BRANDS/CANALHOUT.HTML
CANDIDSIGNATUREAPPAREL	CANDIDSIGNATUREAPPAREL	gosupps.com	HTTPS://WWW.GOSUPPS.COM/BRANDS/CANDID-SIGNATURE-APPAREL.HTML?DIR=DESC&ORDER=NAME
CANDMAK	CANDMAK	gosupps.com	HTTPS://WWW.GOSUPPS.COM/BRANDS/CANDMAK.HTML?DIR=ASC&ORDER=NAME
CANDYBROS	CANDYBROS	gosupps.com	HTTPS://WWW.GOSUPPS.COM/BRANDS/CANDY-BROS.HTML?DIR=ASC&ORDER=PRICE
CANDYHUSKY	CANDYHUSKY	gosupps.com	HTTPS://WWW.GOSUPPS.COM/BRANDS/CANDYHUSKY.HTML
CANNABIOLOGYEST2016	CANNABIOLOGYEST2016	gosupps.com	HTTPS://WWW.GOSUPPS.COM/BRANDS/CANNABIOLOGY-EST-2016.HTML
CANTAGREEN	CANTAGREEN	gosupps.com	HTTPS://WWW.GOSUPPS.COM/BRANDS/CANTAGREEN.HTML
CANVALITE	CANVALITE9	gosupps.com	HTTPS://WWW.GOSUPPS.COM/BRANDS/CANVALITE-9.HTML?DIR=DESC&ORDER=PRICE
CANYITA	CANYITA4	gosupps.com	HTTPS://WWW.GOSUPPS.COM/BRANDS/CANYITA-4.HTML
CAPRILITE	CAPRILITE	gosupps.com	HTTPS://WWW.GOSUPPS.COM/BRANDS/CAPRILITE.HTML
CAPUCA	CAPUCA1	gosupps.com	HTTPS://WWW.GOSUPPS.COM/BRANDS/CAPUCA-1.HTML
CAPULARSH	CAPULARSH	gosupps.com	HTTPS://WWW.GOSUPPS.COM/BRANDS/CAPULARSH.HTML?DIR=DESC&ORDER=PRICE
CARDNL	CARDNL	gosupps.com	HTTPS://WWW.GOSUPPS.COM/BRANDS/CARDNL.HTML
CAREBODA	CAREBODA	gosupps.com	HTTPS://WWW.GOSUPPS.COM/BRANDS/CAREBODA.HTML
CAREDE	CAREDE	gosupps.com	HTTPS://WWW.GOSUPPS.COM/BRANDS/CAREDE.HTML
CAREDY	CAREDY	gosupps.com	HTTPS://WWW.GOSUPPS.COM/BRANDS/CAREDY.HTML
CAREFREEFISH	CAREFREEFISH	gosupps.com	HTTPS://WWW.GOSUPPS.COM/BRANDS/CAREFREE-FISH.HTML
CAREHOOD	CAREHOOD	gosupps.com	HTTPS://WWW.GOSUPPS.COM/BRANDS/CAREHOOD.HTML
CARELAV	CARELAV	gosupps.com	HTTPS://WWW.GOSUPPS.COM/BRANDS/CARELAV.HTML
CARELAX	CARELAX	gosupps.com	HTTPS://WWW.GOSUPPS.COM/BRANDS/CARELAX.HTML
CARENURSE	CARENURSE	gosupps.com	HTTPS://WWW.GOSUPPS.COM/BRANDS/CARENURSE.HTML
CARERHEALTHCAREINCONTINENCEPREGNA	CARERHEALTHCAREINCONTINENCEPREGNANCY	gosupps.com	HTTPS://WWW.GOSUPPS.COM/BRANDS/CARER-HEALTHCARE-INCONTINENCE-PREGNANCY.HTML?DIR=DESC&ORDER=NAME&P=2
CARESHINE	CARESHINE	gosupps.com	HTTPS://WWW.GOSUPPS.COM/BRANDS/CARESHINE.HTML?DIR=DESC&ORDER=PRICE
CARETRAS	CARETRAS	gosupps.com	HTTPS://WWW.GOSUPPS.COM/BRANDS/CARETRAS.HTML
CAREULA	CAREULA	gosupps.com	HTTPS://WWW.GOSUPPS.COM/BRANDS/CAREULA.HTML?DIR=ASC&ORDER=NAME
CARGEN	CARGEN	gosupps.com	HTTPS://WWW.GOSUPPS.COM/BRANDS/CARGEN.HTML
CARILI	CARILI	gosupps.com	HTTPS://WWW.GOSUPPS.COM/BRANDS/CARILI.HTML
CARILI	CARILI	gosupps.com	HTTPS://WWW.GOSUPPS.COM/BEAUTY-BRANDS/CARILI.HTML
CARLBRANDS	CARL	gosupps.com	HTTPS://WWW.GOSUPPS.COM/BRANDS/CARL.HTML?DIR=DESC&ORDER=PRICE
CARLEBBEN	CARLEBBEN	gosupps.com	HTTPS://WWW.GOSUPPS.COM/BRANDS/CARLEBBEN.HTML
CARPSDZY	CARPSDZY	gosupps.com	HTTPS://WWW.GOSUPPS.COM/BRANDS/CARPSDZY.HTML
CARTBIT	CARTBIT	gosupps.com	HTTPS://WWW.GOSUPPS.COM/BRANDS/CARTBIT.HTML
CARYKO	CARYKO	gosupps.com	HTTPS://WWW.GOSUPPS.COM/BRANDS/CARYKO.HTML
CASASO	CASASO	gosupps.com	HTTPS://WWW.GOSUPPS.COM/BRANDS/CASASO.HTML
CASBEAM	CASBEAM	gosupps.com	HTTPS://WWW.GOSUPPS.COM/BRANDS/CASBEAM.HTML
CASEETO	CASEETO	gosupps.com	HTTPS://WWW.GOSUPPS.COM/BEAUTY-BRANDS/CASEETO.HTML
CASMON	CASMON	gosupps.com	HTTPS://WWW.GOSUPPS.COM/BRANDS/CASMON.HTML?DIR=ASC&ORDER=POSITION
CASOTY	CASOTY	gosupps.com	HTTPS://WWW.GOSUPPS.COM/BRANDS/CASOTY.HTML?DIR=ASC&ORDER=POSITION
CASUALCANINE	CASUALCANINE	gosupps.com	HTTPS://WWW.GOSUPPS.COM/BRANDS/CASUAL-CANINE.HTML
CATELLES	CATELLES	gosupps.com	HTTPS://WWW.GOSUPPS.COM/BRANDS/CATELLES.HTML
CATENESS	CATENESS	gosupps.com	HTTPS://WWW.GOSUPPS.COM/BRANDS/CATENESS.HTML
CATROMANCE	CATROMANCE	gosupps.com	HTTPS://WWW.GOSUPPS.COM/BRANDS/CATROMANCE.HTML
CATWEED	CATWEED	gosupps.com	HTTPS://WWW.GOSUPPS.COM/BRANDS/CAT-WEED.HTML
CATWO	CATWO3	gosupps.com	HTTPS://WWW.GOSUPPS.COM/BRANDS/CATWO-3.HTML
CAUYUAN	CAUYUAN	gosupps.com	HTTPS://WWW.GOSUPPS.COM/BRANDS/CAUYUAN.HTML
CAVAD	CAVAD	gosupps.com	HTTPS://WWW.GOSUPPS.COM/BRANDS/CAVAD.HTML?DIR=ASC&ORDER=BEST_SELLING_SORT
CAVIENSNWSW	CAVIENSNWSW	gosupps.com	HTTPS://WWW.GOSUPPS.COM/BRANDS/CAVIENS-NWSW.HTML
CAYCLAY	CAYCLAY	gosupps.com	HTTPS://WWW.GOSUPPS.COM/BRANDS/CAYCLAY.HTML
CAYZOR	CAYZOR	gosupps.com	HTTPS://WWW.GOSUPPS.COM/BRANDS/CAYZOR.HTML
CAZZON	CAZZON	gosupps.com	HTTPS://WWW.GOSUPPS.COM/BRANDS/CAZZON.HTML
CBMTCR	CBMTCR	gosupps.com	HTTPS://WWW.GOSUPPS.COM/BRANDS/CBMTCR.HTML?DIR=ASC&ORDER=POSITION
CBROSEY	CBROSEY	gosupps.com	HTTPS://WWW.GOSUPPS.COM/BEAUTY-BRANDS/CBROSEY.HTML
CCELIAS	CCELIAS	gosupps.com	HTTPS://WWW.GOSUPPS.COM/BRANDS/CCELIA-S.HTML
CCNUTRI	CCNUTRI	gosupps.com	HTTPS://WWW.GOSUPPS.COM/BRANDS/CCNUTRI.HTML
CEDLIZE	CEDLIZE	gosupps.com	HTTPS://WWW.GOSUPPS.COM/BRANDS/CEDLIZE.HTML
CEELGON	CEELGON	gosupps.com	HTTPS://WWW.GOSUPPS.COM/BRANDS/CEELGON.HTML
CEELGON	CEELGON	gosupps.com	HTTPS://WWW.GOSUPPS.COM/BEAUTY-BRANDS/CEELGON.HTML
CEENWES	CEENWES	gosupps.com	HTTPS://WWW.GOSUPPS.COM/BRANDS/CEENWES.HTML
CEHIM	CEHIM	gosupps.com	HTTPS://WWW.GOSUPPS.COM/BRANDS/CEHIM.HTML
CEKASO	CEKASO	gosupps.com	HTTPS://WWW.GOSUPPS.COM/BRANDS/CEKASO.HTML?DIR=ASC&ORDER=BEST_SELLING
CELAFORM	CELAFORME	gosupps.com	HTTPS://WWW.GOSUPPS.COM/BRANDS/CELAFORME.HTML
CELAHAPY	CELAKEETY	gosupps.com	HTTPS://WWW.GOSUPPS.COM/BRANDS/CELAKEETY.HTML
CEMGYIUK	CEMGYIUK	gosupps.com	HTTPS://WWW.GOSUPPS.COM/BRANDS/CEMGYIUK.HTML
CENJOY	CENJOY	gosupps.com	HTTPS://WWW.GOSUPPS.COM/BEAUTY-BRANDS/CENJOY.HTML
CENRYUSA	CENRYUSA3	gosupps.com	HTTPS://WWW.GOSUPPS.COM/BRANDS/CENRYUSA-3.HTML
CENYOUFUL	CENYOUFUL	gosupps.com	HTTPS://WWW.GOSUPPS.COM/BRANDS/CENYOUFUL.HTML
CEONAM	CEONAM3	gosupps.com	HTTPS://WWW.GOSUPPS.COM/BRANDS/CEONAM-3.HTML
CEOON	CEOON	gosupps.com	HTTPS://WWW.GOSUPPS.COM/BRANDS/CEOON.HTML
CERBONNY	CERBONNY3	gosupps.com	HTTPS://WWW.GOSUPPS.COM/BRANDS/CERBONNY-3.HTML
CEREALSCHOOL	THECEREALSCHOOL	gosupps.com	HTTPS://WWW.GOSUPPS.COM/BRANDS/THE-CEREAL-SCHOOL.HTML?DIR=DESC&ORDER=PRICE
CESSFLE	CESSFLE	gosupps.com	HTTPS://WWW.GOSUPPS.COM/BRANDS/CESSFLE.HTML
CESTMALL	CESALL	gosupps.com	HTTPS://WWW.GOSUPPS.COM/BRANDS/CESTMALL.HTML?DIR=DESC&ORDER=NAME
CFOPIRYX	CFOPIRYX	gosupps.com	HTTPS://WWW.GOSUPPS.COM/BEAUTY-BRANDS/CFOPIRYX.HTML
CGBE	CGBE6	gosupps.com	HTTPS://WWW.GOSUPPS.COM/BRANDS/CGBE-6.HTML
CGGXJP	CGGXJP	gosupps.com	HTTPS://WWW.GOSUPPS.COM/BRANDS/CGGXJP.HTML
CHAISM	CHAISM	gosupps.com	HTTPS://WWW.GOSUPPS.COM/BRANDS/CHAISM.HTML
CHAKIRTURKISHLINENS	CHAKIRTURKISHLINENS	gosupps.com	HTTPS://WWW.GOSUPPS.COM/BRANDS/CHAKIR-TURKISH-LINENS.HTML
CHAMPIC	CHAMPIC	gosupps.com	HTTPS://WWW.GOSUPPS.COM/BRANDS/CHAMPIC.HTML
CHAMPYA	CHAMPYA	gosupps.com	HTTPS://WWW.GOSUPPS.COM/BRANDS/CHAMPYA.HTML?DIR=ASC&ORDER=BEST_SELLING_SORT
CHARBREW	CHARBREW	gosupps.com	HTTPS://WWW.GOSUPPS.COM/BRANDS/CHARBREW.HTML?DIR=ASC&ORDER=NAME
CHARLAM	CHARLAM	gosupps.com	HTTPS://WWW.GOSUPPS.COM/BRANDS/CHARLAM.HTML
CHARMPOO	CHARMPOO	gosupps.com	HTTPS://WWW.GOSUPPS.COM/BRANDS/CHARMPOO.HTML
CHASHENHA	CHASHENHA	gosupps.com	HTTPS://WWW.GOSUPPS.COM/BRANDS/CHASHENHA.HTML
CHATTHEN	CHATTHEN	gosupps.com	HTTPS://WWW.GOSUPPS.COM/BRANDS/CHATTHEN.HTML?DIR=ASC&ORDER=BEST_SELLING
CHECKABLEMEDICAL	CHECKABLEMEDICAL	gosupps.com	HTTPS://WWW.GOSUPPS.COM/BRANDS/CHECKABLE-MEDICAL.HTML
CHEEGO	CHEEGO	gosupps.com	HTTPS://WWW.GOSUPPS.COM/BRANDS/CHEEGO.HTML
CHEEKYGLUTEDEVELOPMENT	CHEEKYGLUTEDEVELOPMENT	gosupps.com	HTTPS://WWW.GOSUPPS.COM/BRANDS/CHEEKY-GLUTE-DEVELOPMENT.HTML?DIR=ASC&ORDER=BEST_SELLING_SORT
CHEERFULMARIO	CHEERFULMARIO	gosupps.com	HTTPS://WWW.GOSUPPS.COM/BRANDS/CHEERFUL-MARIO.HTML?DIR=ASC&ORDER=PRICE
CHEERSDEVICES	CHEERSDEVICES	gosupps.com	HTTPS://WWW.GOSUPPS.COM/BRANDS/CHEERS-DEVICES.HTML
CHEETAHBEAUTY	CHEETAHBEAUTY	gosupps.com	HTTPS://WWW.GOSUPPS.COM/BRANDS/CHEETAHBEAUTY.HTML
CHEFBEE	CHEFBEE	gosupps.com	HTTPS://WWW.GOSUPPS.COM/BRANDS/CHEFBEE.HTML
CHEFIBLE	CHEFIBLE	gosupps.com	HTTPS://WWW.GOSUPPS.COM/BRANDS/CHEFIBLE.HTML
CHEFSQUALITY	CHEFSQUALITY	gosupps.com	HTTPS://WWW.GOSUPPS.COM/BRANDS/CHEF-S-QUALITY.HTML?DIR=DESC&ORDER=BEST_SELLING_SORT
CHELORY	CHELORY	gosupps.com	HTTPS://WWW.GOSUPPS.COM/BRANDS/CHELORY.HTML
CHEMCORP	CHEMCORP	gosupps.com	HTTPS://WWW.GOSUPPS.COM/BRANDS/CHEMCORP.HTML
CHENGZI	CHENGZI	gosupps.com	HTTPS://WWW.GOSUPPS.COM/BRANDS/CHENGZI.HTML
CHENYUCHAO	CHENYUCHAO	gosupps.com	HTTPS://WWW.GOSUPPS.COM/BRANDS/CHENYUCHAO.HTML
CHEOTIME	CHEOTIME	gosupps.com	HTTPS://WWW.GOSUPPS.COM/BRANDS/CHEOTIME.HTML
CHERIOLL	CHERIOLL	gosupps.com	HTTPS://WWW.GOSUPPS.COM/BRANDS/CHERIOLL.HTML
CHEWYTUBES	CHEWYTUBES	gosupps.com	HTTPS://WWW.GOSUPPS.COM/BRANDS/CHEWY-TUBES.HTML
CHGCRAFT	CHGCRAFT3	gosupps.com	HTTPS://WWW.GOSUPPS.COM/BRANDS/CHGCRAFT-3.HTML
CHGD	CHGD	gosupps.com	HTTPS://WWW.GOSUPPS.COM/BRANDS/CHGD.HTML
CHIBELLO	CHIBELLO	gosupps.com	HTTPS://WWW.GOSUPPS.COM/BRANDS/CHIBELLO.HTML?DIR=ASC&ORDER=NAME
CHICLEW	CHICLEW	gosupps.com	HTTPS://WWW.GOSUPPS.COM/BRANDS/CHICLEW.HTML?DIR=ASC&ORDER=NAME
CHICMO	CHICMO	gosupps.com	HTTPS://WWW.GOSUPPS.COM/BRANDS/CHICMO.HTML?DIR=ASC&ORDER=NAME
CHIENMIN	CHIENMIN3	gosupps.com	HTTPS://WWW.GOSUPPS.COM/BRANDS/CHIENMIN-3.HTML
CHIFIT	CHIFIT	gosupps.com	HTTPS://WWW.GOSUPPS.COM/BRANDS/CHIFIT.HTML?DIR=DESC&ORDER=PRICE
CHILDLIKEBEHAVIOR	CHILDLIKEBEHAVIOR	gosupps.com	HTTPS://WWW.GOSUPPS.COM/BRANDS/CHILDLIKE-BEHAVIOR.HTML?DIR=ASC&ORDER=NAME
CHIMERAFIGHTEXCHANGE	CHIMERAFIGHTEXCHANGE	gosupps.com	HTTPS://WWW.GOSUPPS.COM/BRANDS/CHIMERA-FIGHT-EXCHANGE.HTML?DIR=ASC&ORDER=NAME
CHIMOCEE	CHIMOCEE	gosupps.com	HTTPS://WWW.GOSUPPS.COM/BRANDS/CHIMOCEE.HTML?DIR=ASC&ORDER=NAME
CHIMOCEE	CHIMOCEE	gosupps.com	HTTPS://WWW.GOSUPPS.COM/BEAUTY-BRANDS/CHIMOCEE.HTML
CHIMPUK	CHIMPUK	gosupps.com	HTTPS://WWW.GOSUPPS.COM/BRANDS/CHIMPUK.HTML
CHINOXIA	CHINOXIA	gosupps.com	HTTPS://WWW.GOSUPPS.COM/BRANDS/CHINOXIA.HTML?DIR=ASC&ORDER=PRICE&P=2
CHIROGUN	CHIROGUN	gosupps.com	HTTPS://WWW.GOSUPPS.COM/BRANDS/CHIROGUN.HTML
CHIROGUNBYFITPULSE	CHIROGUN	gosupps.com	HTTPS://WWW.GOSUPPS.COM/BRANDS/CHIROGUN.HTML
CHLANT	CHLANT	gosupps.com	HTTPS://WWW.GOSUPPS.COM/BRANDS/CHLANT.HTML
CHLOLMY	CHLOLMY6	gosupps.com	HTTPS://WWW.GOSUPPS.COM/BRANDS/CHLOLMY-6.HTML
CHOICEREFILL	CHOICEREFILL	gosupps.com	HTTPS://WWW.GOSUPPS.COM/BRANDS/CHOICEREFILL.HTML?DIR=ASC&ORDER=NAME
CHOIKNBO	CHOIKNBO	gosupps.com	HTTPS://WWW.GOSUPPS.COM/BRANDS/CHOIKNBO.HTML?DIR=ASC&ORDER=NAME
CHONGERFEI	CHONGERFEI	gosupps.com	HTTPS://WWW.GOSUPPS.COM/BRANDS/CHONGERFEI.HTML
CHOOKACHOO	CHOOKACHOO	gosupps.com	HTTPS://WWW.GOSUPPS.COM/BRANDS/CHOOKACHOO.HTML?DIR=ASC&ORDER=NAME
CHORHA	CHORHA	gosupps.com	HTTPS://WWW.GOSUPPS.COM/BRANDS/CHORHA.HTML
CHOSURE	CHOSURE	gosupps.com	HTTPS://WWW.GOSUPPS.COM/BRANDS/CHOSURE.HTML
CHPBOLLY	CHPBOLLY	gosupps.com	HTTPS://WWW.GOSUPPS.COM/BRANDS/CHPBOLLY.HTML
CHROX	CHROX	gosupps.com	HTTPS://WWW.GOSUPPS.COM/BRANDS/CHROX.HTML
CHUANGSEED	CHUANGSEED	gosupps.com	HTTPS://WWW.GOSUPPS.COM/BRANDS/CHUANGSEED.HTML
CHUMIA	CHUMIA	gosupps.com	HTTPS://WWW.GOSUPPS.COM/BRANDS/CHUMIA.HTML?DIR=ASC&ORDER=BEST_SELLING_SORT
CHUNTIANLI	CHUNTIANLI	gosupps.com	HTTPS://WWW.GOSUPPS.COM/BRANDS/CHUNTIANLI.HTML
CHUNTIANRAN	CHUNTIANRAN	gosupps.com	HTTPS://WWW.GOSUPPS.COM/BRANDS/CHUNTIANRAN.HTML
CHURERSHINING	CHURERSHINING	gosupps.com	HTTPS://WWW.GOSUPPS.COM/BRANDS/CHURERSHINING.HTML
CIAYS	CIAYS	gosupps.com	HTTPS://WWW.GOSUPPS.COM/BRANDS/CIAYS.HTML
CIBU	CIBU	gosupps.com	HTTPS://WWW.GOSUPPS.COM/BRANDS/CIBU.HTML?DIR=DESC&ORDER=BEST_SELLING_SORT
CICIMELON	CICIMELON	gosupps.com	HTTPS://WWW.GOSUPPS.COM/BRANDS/CICIMELON.HTML
CIDBEST	CIDBEST	gosupps.com	HTTPS://WWW.GOSUPPS.COM/BRANDS/CIDBEST.HTML
CIDETTY	CIDETTY	gosupps.com	HTTPS://WWW.GOSUPPS.COM/BRANDS/CIDETTY.HTML
CIGEMAY	CIGEMAY	gosupps.com	HTTPS://WWW.GOSUPPS.COM/BRANDS/CIGEMAY.HTML?DIR=DESC&ORDER=PRICE
CIGMAG	CIGMAG	gosupps.com	HTTPS://WWW.GOSUPPS.COM/BRANDS/CIGMAG.HTML
CILSON	CILSON	gosupps.com	HTTPS://WWW.GOSUPPS.COM/BRANDS/CILSON.HTML
CINDRO	CINDRO	gosupps.com	HTTPS://WWW.GOSUPPS.COM/BRANDS/CINDRO.HTML
CIOR	CIOR	gosupps.com	HTTPS://WWW.GOSUPPS.COM/BRANDS/CIOR.HTML
CIQILY	CIQILY1	gosupps.com	HTTPS://WWW.GOSUPPS.COM/BRANDS/CIQILY-1.HTML?DIR=ASC&ORDER=POSITION
CIRAFON	CIRAFON	gosupps.com	HTTPS://WWW.GOSUPPS.COM/BRANDS/CIRAFON.HTML?DIR=ASC&ORDER=BEST_SELLING
CIRPIL	CIRPIL	gosupps.com	HTTPS://WWW.GOSUPPS.COM/BRANDS/CIRPIL.HTML?DIR=DESC&ORDER=PRICE
CISILIKE	CISILY	gosupps.com	HTTPS://WWW.GOSUPPS.COM/BRANDS/CISILY.HTML
CISILY	CISILY	gosupps.com	HTTPS://WWW.GOSUPPS.COM/BRANDS/CISILY.HTML
CISISSIE	CISILY	gosupps.com	HTTPS://WWW.GOSUPPS.COM/BRANDS/CISILY.HTML
CISTEEN	CISTEEN	gosupps.com	HTTPS://WWW.GOSUPPS.COM/BRANDS/CISTEEN.HTML?DIR=ASC&ORDER=PRICE
CITRAGENPHARMACEUTICALS	CPCITRAGENPHARMACEUTICALS	gosupps.com	HTTPS://WWW.GOSUPPS.COM/BRANDS/CP-CITRAGEN-PHARMACEUTICALS-INC.HTML
CITYGOO	CITYGOO	gosupps.com	HTTPS://WWW.GOSUPPS.COM/BRANDS/CITYGOO.HTML?DIR=ASC&ORDER=PRICE&P=2
CIYODO	CIYODO	gosupps.com	HTTPS://WWW.GOSUPPS.COM/BRANDS/CIYODO.HTML?DIR=DESC&ORDER=PRICE&P=4
CJSPORX	CJSPORX	gosupps.com	HTTPS://WWW.GOSUPPS.COM/BRANDS/CJSPORX.HTML
CKEYIN	CKEYIN	gosupps.com	HTTPS://WWW.GOSUPPS.COM/BRANDS/CKEYIN.HTML
CLAIRRE	CLAIRRE	gosupps.com	HTTPS://WWW.GOSUPPS.COM/BRANDS/CLAIRRE.HTML
CLAITIES	CLAITIES	gosupps.com	HTTPS://WWW.GOSUPPS.COM/BRANDS/CLAITIES.HTML
CLAYNIX	CLAYNIX3	gosupps.com	HTTPS://WWW.GOSUPPS.COM/BRANDS/CLAYNIX-3.HTML
CLDREAM	CLDREAM	gosupps.com	HTTPS://WWW.GOSUPPS.COM/BRANDS/CLDREAM.HTML
CLEACLOUD	CLEACLOUD	gosupps.com	HTTPS://WWW.GOSUPPS.COM/BEAUTY-BRANDS/CLEACLOUD.HTML
CLEARBODYORGANICS	CLEARBODYORGANICS	gosupps.com	HTTPS://WWW.GOSUPPS.COM/BRANDS/CLEARBODY-ORGANICS.HTML
CLEECLI	CLEECLI	gosupps.com	HTTPS://WWW.GOSUPPS.COM/BRANDS/CLEECLI.HTML?DIR=ASC&ORDER=PRICE
CLEVISSBRACE	CLEVISSBRACE	gosupps.com	HTTPS://WWW.GOSUPPS.COM/BRANDS/CLEVISS-BRACE.HTML
CLICIC	CLICIC	gosupps.com	HTTPS://WWW.GOSUPPS.COM/BRANDS/CLICIC.HTML
CLICKFISH	CLICKFISH	gosupps.com	HTTPS://WWW.GOSUPPS.COM/BRANDS/CLICKFISH.HTML
CLINIANS	CLINIANS	gosupps.com	HTTPS://WWW.GOSUPPS.COM/BRANDS/CLINIANS.HTML?DIR=ASC&ORDER=PRICE&P=2
CLOSEUP	CLOSEUP	gosupps.com	HTTPS://WWW.GOSUPPS.COM/BRANDS/CLOSEUP.HTML?DIR=ASC&ORDER=PRICE
CLOXKS	CLOXKS	gosupps.com	HTTPS://WWW.GOSUPPS.COM/BRANDS/CLOXKS.HTML?P=1
CLOYAN	CLOYAN	gosupps.com	HTTPS://WWW.GOSUPPS.COM/BRANDS/CLOYAN.HTML
CMAIR4U	CMAIR4U	gosupps.com	HTTPS://WWW.GOSUPPS.COM/BRANDS/CMAIR4U.HTML
CMCMCM	CMCMCM	gosupps.com	HTTPS://WWW.GOSUPPS.COM/BRANDS/CMCMCM.HTML?DIR=ASC&ORDER=NAME
CMIDY	CMIDY1	gosupps.com	HTTPS://WWW.GOSUPPS.COM/BRANDS/CMIDY-1.HTML
CNAIER	CNAIER	gosupps.com	HTTPS://WWW.GOSUPPS.COM/BRANDS/CNAIER.HTML
CNCYEAH	CNCYEAH	gosupps.com	HTTPS://WWW.GOSUPPS.COM/BRANDS/CNCYEAH.HTML
CNHIDEE	CNHIDEE	gosupps.com	HTTPS://WWW.GOSUPPS.COM/BRANDS/CNHIDEE.HTML
COASTTOCOASTNUTRITION	COASTTOCOASTNUTRITION	gosupps.com	HTTPS://WWW.GOSUPPS.COM/BRANDS/COAST-TO-COAST-NUTRITION.HTML
COBINAAN	COBINAAN	gosupps.com	HTTPS://WWW.GOSUPPS.COM/BEAUTY-BRANDS/COBINAAN.HTML?DIR=DESC&ORDER=BEST_SELLING_SORT
COBITO	COBITO	gosupps.com	HTTPS://WWW.GOSUPPS.COM/BRANDS/COBITO.HTML
COCECA	COCECA	gosupps.com	HTTPS://WWW.GOSUPPS.COM/BRANDS/COCECA.HTML?DIR=ASC&ORDER=POSITION
COCIDE	COCIDE	gosupps.com	HTTPS://WWW.GOSUPPS.COM/BEAUTY-BRANDS/COCIDE.HTML
CODIROM	CODIROM	gosupps.com	HTTPS://WWW.GOSUPPS.COM/BRANDS/CODIROM.HTML
COFEYMERA	COFEYMERA	gosupps.com	HTTPS://WWW.GOSUPPS.COM/BRANDS/COFEYMERA.HTML?DIR=DESC&ORDER=NAME
COFOF	COFOF	gosupps.com	HTTPS://WWW.GOSUPPS.COM/BRANDS/COFOF.HTML
COFOZA	COFOZA	gosupps.com	HTTPS://WWW.GOSUPPS.COM/BRANDS/COFOZA.HTML
COGOLFING	COGOLFING	gosupps.com	HTTPS://WWW.GOSUPPS.COM/BRANDS/COGOLFING.HTML?DIR=ASC&ORDER=PRICE
COKAFIL	COKAFIL	gosupps.com	HTTPS://WWW.GOSUPPS.COM/BRANDS/COKAFIL.HTML?DIR=ASC&ORDER=NAME
COKTAK	COKTAK	gosupps.com	HTTPS://WWW.GOSUPPS.COM/BEAUTY-BRANDS/COKTAK.HTML
COLDCOOL	COLDCOOL	gosupps.com	HTTPS://WWW.GOSUPPS.COM/BRANDS/COLDCOOL.HTML?DIR=DESC&ORDER=BEST_SELLING
COLEPAKCOMFORT	COLEPAKCOMFORT	gosupps.com	HTTPS://WWW.GOSUPPS.COM/BRANDS/COLEPAK-COMFORT.HTML
COLILOVE	COLILOVE	gosupps.com	HTTPS://WWW.GOSUPPS.COM/BRANDS/COLILOVE.HTML
COLORBOW	COLORBOW	gosupps.com	HTTPS://WWW.GOSUPPS.COM/BRANDS/COLORBOW.HTML
COLORCASA	COLORCASA	gosupps.com	HTTPS://WWW.GOSUPPS.COM/BRANDS/COLORCASA.HTML?DIR=DESC&ORDER=POSITION
COLORDAY	COLORDAY	gosupps.com	HTTPS://WWW.GOSUPPS.COM/BRANDS/COLORDAY.HTML?DIR=DESC&ORDER=NAME
COLORENE	COLORENE	gosupps.com	HTTPS://WWW.GOSUPPS.COM/BRANDS/COLORENE.HTML
COLOVIS	COLOVIS	gosupps.com	HTTPS://WWW.GOSUPPS.COM/BRANDS/COLOVIS.HTML
COLTONSNATURALS	COLTONSNATURALS	gosupps.com	HTTPS://WWW.GOSUPPS.COM/BRANDS/COLTON-S-NATURALS.HTML
COMBPAL	COMBPAL	gosupps.com	HTTPS://WWW.GOSUPPS.COM/BRANDS/COMBPAL.HTML
COMFECTO	COMFECTO3	gosupps.com	HTTPS://WWW.GOSUPPS.COM/BRANDS/COMFECTO-3.HTML
COMFPACK	COMFPACK	gosupps.com	HTTPS://WWW.GOSUPPS.COM/BRANDS/COMFPACK.HTML
COMFYBOYS	COMFYBOYS	gosupps.com	HTTPS://WWW.GOSUPPS.COM/BRANDS/COMFY-BOYS.HTML
COMFYMATE	COMFYMATE	gosupps.com	HTTPS://WWW.GOSUPPS.COM/BEAUTY-BRANDS/COMFY-MATE.HTML
COMFYMED	COMFYMED	gosupps.com	HTTPS://WWW.GOSUPPS.COM/BRANDS/COMFYMED.HTML
COMFYPACKAGE	COMFYPACKAGE	gosupps.com	HTTPS://WWW.GOSUPPS.COM/BRANDS/COMFY-PACKAGE.HTML?P=1
COMFYROLL	COMFYROLL	gosupps.com	HTTPS://WWW.GOSUPPS.COM/BRANDS/COMFYROLL.HTML?DIR=ASC&ORDER=PRICE
COMFYROLL	COMFYROLL	gosupps.com	HTTPS://WWW.GOSUPPS.COM/BEAUTY-BRANDS/COMFYROLL.HTML
COMIMARK	COMIMARK	gosupps.com	HTTPS://WWW.GOSUPPS.COM/BRANDS/COMIMARK.HTML
COMINGFIT	COMINGFIT	gosupps.com	HTTPS://WWW.GOSUPPS.COM/BRANDS/COMINGFIT.HTML
COMOBELIEF	COMOBELIEF	gosupps.com	HTTPS://WWW.GOSUPPS.COM/BRANDS/COMOBELIEF.HTML?DIR=ASC&ORDER=POSITION
COMOISTAR	COMOISTAR	gosupps.com	HTTPS://WWW.GOSUPPS.COM/BRANDS/COMOISTAR.HTML
COMPLETESKINSOLUTIONS	COMPLETESKINSOLUTIONS3	gosupps.com	HTTPS://WWW.GOSUPPS.COM/BRANDS/COMPLETE-SKIN-SOLUTIONS-3.HTML
COMRELAX	COMRELAX	gosupps.com	HTTPS://WWW.GOSUPPS.COM/BRANDS/COMRELAX.HTML
COMRUN	COMRUN	gosupps.com	HTTPS://WWW.GOSUPPS.COM/BRANDS/COMRUN.HTML
COMSUN	COMSUN	gosupps.com	HTTPS://WWW.GOSUPPS.COM/BRANDS/COMSUN.HTML?DIR=DESC&ORDER=BEST_SELLING
CONANATURE	CONANATURE	gosupps.com	HTTPS://WWW.GOSUPPS.COM/BRANDS/CONA-NATURE.HTML?DIR=DESC&ORDER=BEST_SELLING_SORT
CONBLOM	CONBLOM	gosupps.com	HTTPS://WWW.GOSUPPS.COM/BRANDS/CONBLOM.HTML
CONCENTRATEDNATURALS	CONCENTRATEDNATURALS	gosupps.com	HTTPS://WWW.GOSUPPS.COM/BRANDS/CONCENTRATED-NATURALS.HTML?DIR=ASC&ORDER=PRICE
CONCESSIONESSENTIALS	CONCESSIONESSENTIALS	gosupps.com	HTTPS://WWW.GOSUPPS.COM/BRANDS/CONCESSION-ESSENTIALS.HTML
CONCESSIONEXPRESS	CONCESSIONEXPRESS	gosupps.com	HTTPS://WWW.GOSUPPS.COM/BRANDS/CONCESSION-EXPRESS.HTML?DIR=ASC&ORDER=NAME
CONFETTIWOW	CONFETTIWOW	gosupps.com	HTTPS://WWW.GOSUPPS.COM/BRANDS/CONFETTIWOW.HTML
CONGSHIN	CONGSHIN	gosupps.com	HTTPS://WWW.GOSUPPS.COM/BRANDS/CONGSHIN.HTML
CONIDO	CONIDO	gosupps.com	HTTPS://WWW.GOSUPPS.COM/BRANDS/CONIDO.HTML
CONKOTE	CONKOTE	gosupps.com	HTTPS://WWW.GOSUPPS.COM/BRANDS/CONKOTE.HTML?DIR=ASC&ORDER=BEST_SELLING
CONLUN	CONLUN	gosupps.com	HTTPS://WWW.GOSUPPS.COM/BRANDS/CONLUN.HTML
CONSGIJI	CONSGIJI	gosupps.com	HTTPS://WWW.GOSUPPS.COM/BEAUTY-BRANDS/CONSGIJI.HTML
COOBES	COOBES	gosupps.com	HTTPS://WWW.GOSUPPS.COM/BRANDS/COOBES.HTML
COOBL	COOBL	gosupps.com	HTTPS://WWW.GOSUPPS.COM/BRANDS/COOBL.HTML?DIR=ASC&ORDER=PRICE
COOBONSFITNESS	COOBONSFITNESS	gosupps.com	HTTPS://WWW.GOSUPPS.COM/BRANDS/COOBONS-FITNESS.HTML?DIR=ASC&ORDER=PRICE
COODEO	COODEO3	gosupps.com	HTTPS://WWW.GOSUPPS.COM/BRANDS/COODEO-3.HTML
COOFAY	COOFAY	gosupps.com	HTTPS://WWW.GOSUPPS.COM/BRANDS/COOFAY.HTML
COOFEL	COOFEL	gosupps.com	HTTPS://WWW.GOSUPPS.COM/BRANDS/COOFEL.HTML
COOFO	COOFO	gosupps.com	HTTPS://WWW.GOSUPPS.COM/BRANDS/COOFO.HTML?DIR=ASC&ORDER=NAME
COOLBEE	COOLBEE	gosupps.com	HTTPS://WWW.GOSUPPS.COM/BRANDS/COOLBEE.HTML?DIR=ASC&ORDER=POSITION
COOLIYA	COOLIYA	gosupps.com	HTTPS://WWW.GOSUPPS.COM/BRANDS/COOLIYA.HTML
COOLNAIL	COOLNAIL	gosupps.com	HTTPS://WWW.GOSUPPS.COM/BRANDS/COOLNAIL.HTML
COOLZU	COOLZU	gosupps.com	HTTPS://WWW.GOSUPPS.COM/BRANDS/COOLZU.HTML?DIR=ASC&ORDER=NAME
COONIUM	COONIUM	gosupps.com	HTTPS://WWW.GOSUPPS.COM/BRANDS/COONIUM.HTML
COOPACHE	COOPACHE	gosupps.com	HTTPS://WWW.GOSUPPS.COM/BRANDS/COOPACHE.HTML
COOPERWIN	COOPERWIN	gosupps.com	HTTPS://WWW.GOSUPPS.COM/BRANDS/COOPERWIN.HTML
COOPUPET	COOPUPET	gosupps.com	HTTPS://WWW.GOSUPPS.COM/BRANDS/COOPUPET.HTML
COOSHI	COOSHIKIDS	gosupps.com	HTTPS://WWW.GOSUPPS.COM/BRANDS/COOSHI-KIDS.HTML
COOSO	COOSO	gosupps.com	HTTPS://WWW.GOSUPPS.COM/BRANDS/COOSO.HTML
COOY	COOY	gosupps.com	HTTPS://WWW.GOSUPPS.COM/BRANDS/COOY.HTML?DIR=ASC&ORDER=PRICE
COOYA	COOYA	gosupps.com	HTTPS://WWW.GOSUPPS.COM/BRANDS/COOYA.HTML?DIR=ASC&ORDER=PRICE
COOYOO	COOYOO	gosupps.com	HTTPS://WWW.GOSUPPS.COM/BRANDS/COOYOO.HTML?DIR=DESC&ORDER=PRICE
COPEAKY	COPEAKY	gosupps.com	HTTPS://WWW.GOSUPPS.COM/BEAUTY-BRANDS/COPEAKY.HTML?DIR=DESC&ORDER=PRICE
CORATED	CORATED	gosupps.com	HTTPS://WWW.GOSUPPS.COM/BRANDS/CORATED.HTML
COREWILL	COREWILL	gosupps.com	HTTPS://WWW.GOSUPPS.COM/BRANDS/COREWILL.HTML
COREZONE	COREZONE	gosupps.com	HTTPS://WWW.GOSUPPS.COM/BRANDS/COREZONE.HTML
CORODER	CORODER	gosupps.com	HTTPS://WWW.GOSUPPS.COM/BRANDS/CORODER.HTML?DIR=DESC&ORDER=POSITION
COROMAY	COROMAY	gosupps.com	HTTPS://WWW.GOSUPPS.COM/BRANDS/COROMAY.HTML?DIR=ASC&ORDER=PRICE
COSBARY	COSBARY	gosupps.com	HTTPS://WWW.GOSUPPS.COM/BRANDS/COSBARY.HTML
COSFUNMAX	COSFUNMAX	gosupps.com	HTTPS://WWW.GOSUPPS.COM/BRANDS/COSFUNMAX.HTML
COSIDEA	COSIDEA	gosupps.com	HTTPS://WWW.GOSUPPS.COM/BRANDS/COSIDEA.HTML
COSITTE	COSITTE	gosupps.com	HTTPS://WWW.GOSUPPS.COM/BRANDS/COSITTE.HTML
COSMAMA	COSMAMA	gosupps.com	HTTPS://WWW.GOSUPPS.COM/BRANDS/COSMAMA.HTML?DIR=ASC&ORDER=NAME
COSMAMA	COSMAMA	gosupps.com	HTTPS://WWW.GOSUPPS.COM/BEAUTY-BRANDS/COSMAMA.HTML
COSMICELEMENT	COSMICELEMENT	gosupps.com	HTTPS://WWW.GOSUPPS.COM/BRANDS/COSMIC-ELEMENT.HTML
COSMOBRANDS	COSMO	gosupps.com	HTTPS://WWW.GOSUPPS.COM/BRANDS/COSMO.HTML?DIR=ASC&ORDER=NAME
COSRK	COSRK	gosupps.com	HTTPS://WWW.GOSUPPS.COM/BRANDS/COSRK.HTML
COSYONALL	COSYONALL	gosupps.com	HTTPS://WWW.GOSUPPS.COM/BRANDS/COSYONALL.HTML
COSYTECH	COSYTECH	gosupps.com	HTTPS://WWW.GOSUPPS.COM/BRANDS/COSYTECH.HTML
COSYWELL	COSYWELL3	gosupps.com	HTTPS://WWW.GOSUPPS.COM/BRANDS/COSYWELL-3.HTML
COTILL	COTILL	gosupps.com	HTTPS://WWW.GOSUPPS.COM/BRANDS/COTILL.HTML?DIR=ASC&ORDER=PRICE
COTRE	COTRE	gosupps.com	HTTPS://WWW.GOSUPPS.COM/BRANDS/COTRE.HTML
COTTONCARE	COTTONCARE	gosupps.com	HTTPS://WWW.GOSUPPS.COM/BRANDS/COTTONCARE.HTML
COUGARBEAUTYPRODUCTS	COUGARBEAUTYPRODUCTS	gosupps.com	HTTPS://WWW.GOSUPPS.COM/BRANDS/COUGAR-BEAUTY-PRODUCTS.HTML?DIR=DESC&ORDER=POSITION
COYELL	COYELL	gosupps.com	HTTPS://WWW.GOSUPPS.COM/BRANDS/COYELL.HTML
COYLAPY	COYLAPY	gosupps.com	HTTPS://WWW.GOSUPPS.COM/BRANDS/COYLAPY.HTML
COZIADESIGN	COZIADESIGN	gosupps.com	HTTPS://WWW.GOSUPPS.COM/BRANDS/COZIA-DESIGN.HTML
COZOPLE	COZOPLE	gosupps.com	HTTPS://WWW.GOSUPPS.COM/BRANDS/COZOPLE.HTML?DIR=ASC&ORDER=NAME
COZYBOMB	COZYBOMB	gosupps.com	HTTPS://WWW.GOSUPPS.COM/BRANDS/COZYBOMB.HTML?DIR=ASC&ORDER=NAME
COZYGREENS	COZYGREENS	gosupps.com	HTTPS://WWW.GOSUPPS.COM/BRANDS/COZY-GREENS.HTML?DIR=DESC&ORDER=BEST_SELLING_SORT
COZYHEALTH	COZYHEALTH	gosupps.com	HTTPS://WWW.GOSUPPS.COM/BRANDS/COZYHEALTH.HTML?P=2
COZZIPLUS	COZZIPLUS	gosupps.com	HTTPS://WWW.GOSUPPS.COM/BRANDS/COZZIPLUS.HTML
CPAPOLOGY	CPAPOLOGY	gosupps.com	HTTPS://WWW.GOSUPPS.COM/BRANDS/CPAPOLOGY.HTML?DIR=ASC&ORDER=BEST_SELLING
CPCGER	CPCGER	gosupps.com	HTTPS://WWW.GOSUPPS.COM/BRANDS/CPCGER.HTML?DIR=ASC&ORDER=PRICE
CPCITRAGENPHARMACEUTICALS	CPCITRAGENPHARMACEUTICALS	gosupps.com	HTTPS://WWW.GOSUPPS.COM/BRANDS/CP-CITRAGEN-PHARMACEUTICALS-INC.HTML
CPFK	CPFK	gosupps.com	HTTPS://WWW.GOSUPPS.COM/BRANDS/CPFK.HTML
CPLIRIS	CPLIRIS	gosupps.com	HTTPS://WWW.GOSUPPS.COM/BRANDS/CPLIRIS.HTML
CPTOTS	CPTOTS6	gosupps.com	HTTPS://WWW.GOSUPPS.COM/BRANDS/CPTOTS-6.HTML
CR8GR8	CR8GR8	gosupps.com	HTTPS://WWW.GOSUPPS.COM/BRANDS/CR8GR8.HTML?DIR=ASC&ORDER=POSITION
CRAFKART	CRAFKART	gosupps.com	HTTPS://WWW.GOSUPPS.COM/BRANDS/CRAFKART.HTML?DIR=ASC&ORDER=NAME
CRAFTCOUNTY	CRAFTCOUNTY	gosupps.com	HTTPS://WWW.GOSUPPS.COM/BRANDS/CRAFT-COUNTY.HTML
CRAFTEDBEARDS	CRAFTEDBEARDS	gosupps.com	HTTPS://WWW.GOSUPPS.COM/BRANDS/CRAFTED-BEARDS.HTML?DIR=ASC&ORDER=POSITION
CRAYBG	CRAYBG	gosupps.com	HTTPS://WWW.GOSUPPS.COM/BRANDS/CRAYBG.HTML
CREAHAUS	CREAHAUS3	gosupps.com	HTTPS://WWW.GOSUPPS.COM/BRANDS/CREAHAUS-3.HTML
CREARBUD	CRAFTBUD	gosupps.com	HTTPS://WWW.GOSUPPS.COM/BRANDS/CRAFTBUD.HTML
CREATEY	CREATEY	gosupps.com	HTTPS://WWW.GOSUPPS.COM/BRANDS/CREATEY.HTML?DIR=ASC&ORDER=POSITION
CREATIVESTUFFGLASS	CREATIVESTUFFGLASS	gosupps.com	HTTPS://WWW.GOSUPPS.COM/BRANDS/CREATIVE-STUFF-GLASS.HTML
CREAWOO	CREAWOO	gosupps.com	HTTPS://WWW.GOSUPPS.COM/BRANDS/CREAWOO.HTML?DIR=DESC&ORDER=PRICE
CREDITHINK	CREDITHINK	gosupps.com	HTTPS://WWW.GOSUPPS.COM/BRANDS/CREDITHINK.HTML
CREDSTAR	CREDSTAR	gosupps.com	HTTPS://WWW.GOSUPPS.COM/BRANDS/CREDSTAR.HTML
CREIP	CREIP	gosupps.com	HTTPS://WWW.GOSUPPS.COM/BRANDS/CREIP.HTML
CRETEE	CRETEE	gosupps.com	HTTPS://WWW.GOSUPPS.COM/BRANDS/CRETEE.HTML
CRGHS	CRGHS	gosupps.com	HTTPS://WWW.GOSUPPS.COM/BRANDS/CRGHS.HTML
CRINOVA	CRINOVA	gosupps.com	HTTPS://WWW.GOSUPPS.COM/BRANDS/CRINOVA.HTML
CRIOLPO	CRIOLPO	gosupps.com	HTTPS://WWW.GOSUPPS.COM/BRANDS/CRIOLPO.HTML
CRISLASHES	CRISLASHES5	gosupps.com	HTTPS://WWW.GOSUPPS.COM/BRANDS/CRISLASHES-5.HTML
CRLKSSJX	CRLKSSJX	gosupps.com	HTTPS://WWW.GOSUPPS.COM/BRANDS/CRLKSSJX.HTML
CROCON	CROCON	gosupps.com	HTTPS://WWW.GOSUPPS.COM/BRANDS/CROCON.HTML
CRONHAWK	CRONHAWK	gosupps.com	HTTPS://WWW.GOSUPPS.COM/BRANDS/CRONHAWK.HTML?DIR=ASC&ORDER=NAME
CROPAL	CROPAL	gosupps.com	HTTPS://WWW.GOSUPPS.COM/BRANDS/CROPAL.HTML
CROSIGHT	CROSIGHT	gosupps.com	HTTPS://WWW.GOSUPPS.COM/BRANDS/CROSIGHT.HTML?DIR=ASC&ORDER=PRICE
CROSTICE	CROSTICE	gosupps.com	HTTPS://WWW.GOSUPPS.COM/BRANDS/CROSTICE.HTML?DIR=DESC&ORDER=PRICE
CROWNDY	CROWNDY	gosupps.com	HTTPS://WWW.GOSUPPS.COM/BEAUTY-BRANDS/CROWNDY.HTML
CRPSEN	CRPSEN	gosupps.com	HTTPS://WWW.GOSUPPS.COM/BRANDS/CRPSEN.HTML?DIR=ASC&ORDER=NAME
CRSKIY	CRSKIY	gosupps.com	HTTPS://WWW.GOSUPPS.COM/BRANDS/CRSKIY.HTML?DIR=ASC&ORDER=POSITION
CRTIIN	CRTIIN	gosupps.com	HTTPS://WWW.GOSUPPS.COM/BRANDS/CRTIIN.HTML?DIR=ASC&ORDER=BEST_SELLING
CRUSHUNT	CRUSHUNT	gosupps.com	HTTPS://WWW.GOSUPPS.COM/BRANDS/CRUSHUNT.HTML?DIR=DESC&ORDER=PRICE
CRUZIX	CRUZIX	gosupps.com	HTTPS://WWW.GOSUPPS.COM/BRANDS/CRUZIX.HTML
CRYSULLY	CRYSULLY	gosupps.com	HTTPS://WWW.GOSUPPS.COM/BRANDS/CRYSULLY.HTML?DIR=ASC&ORDER=BEST_SELLING
CRZKO	CRZKO	gosupps.com	HTTPS://WWW.GOSUPPS.COM/BRANDS/CRZKO.HTML?DIR=ASC&ORDER=POSITION
CSKB	CSKB	gosupps.com	HTTPS://WWW.GOSUPPS.COM/BRANDS/CSKB.HTML
CTHH	CTHH	gosupps.com	HTTPS://WWW.GOSUPPS.COM/BRANDS/CTHH.HTML
CTOMCHE	CTOMCHE	gosupps.com	HTTPS://WWW.GOSUPPS.COM/BRANDS/CTOMCHE.HTML
CTRLSPORTS	CTRLSPORTS	gosupps.com	HTTPS://WWW.GOSUPPS.COM/BRANDS/CTRL-SPORTS.HTML?DIR=DESC&ORDER=BEST_SELLING_SORT
CUAYAES	CUAYAES	gosupps.com	HTTPS://WWW.GOSUPPS.COM/BRANDS/CUAYAES.HTML?DIR=DESC&ORDER=NAME
CUDDLECAMPUS	CUDDLECAMPUS	gosupps.com	HTTPS://WWW.GOSUPPS.COM/BRANDS/CUDDLE-CAMPUS.HTML
CULASIGN	CULASIGN	gosupps.com	HTTPS://WWW.GOSUPPS.COM/BRANDS/CULASIGN.HTML
CULINWARE	CULINWARE	gosupps.com	HTTPS://WWW.GOSUPPS.COM/BRANDS/CULINWARE.HTML
CUMKLUU	CUMKLUU	gosupps.com	HTTPS://WWW.GOSUPPS.COM/BRANDS/CUMKLUU.HTML
CUPIDIAN	CUPIDIAN	gosupps.com	HTTPS://WWW.GOSUPPS.COM/BRANDS/CUPIDIAN.HTML?DIR=DESC&ORDER=BEST_SELLING
CURECURE	CURECURE	gosupps.com	HTTPS://WWW.GOSUPPS.COM/BRANDS/CURECURE.HTML?DIR=ASC&ORDER=BEST_SELLING
CUREVENATURALTHERAPIES	CUREVENATURALTHERAPIES	gosupps.com	HTTPS://WWW.GOSUPPS.COM/BRANDS/CUREVE-NATURAL-THERAPIES.HTML?DIR=ASC&ORDER=PRICE
CUSHYFORM	CUSHYFORM	gosupps.com	HTTPS://WWW.GOSUPPS.COM/BRANDS/CUSHY-FORM.HTML
CUTEBEIN	CUTEBEIN	gosupps.com	HTTPS://WWW.GOSUPPS.COM/BRANDS/CUTE-BEIN.HTML
CUTELOVE	CUTELOVE	gosupps.com	HTTPS://WWW.GOSUPPS.COM/BRANDS/CUTELOVE.HTML?DIR=ASC&ORDER=NAME
CUTEMEDI	CUTEMEDI	gosupps.com	HTTPS://WWW.GOSUPPS.COM/BRANDS/CUTEMEDI.HTML?DIR=ASC&ORDER=BEST_SELLING
CUTEWING	CUTEWING	gosupps.com	HTTPS://WWW.GOSUPPS.COM/BRANDS/CUTEWING.HTML?DIR=DESC&ORDER=NAME
CUTTTE	CUTTTE	gosupps.com	HTTPS://WWW.GOSUPPS.COM/BRANDS/CUTTTE.HTML
CUTULAMO	CUTULAMO	gosupps.com	HTTPS://WWW.GOSUPPS.COM/BRANDS/CUTULAMO.HTML
CUUPA	CUUPA	gosupps.com	HTTPS://WWW.GOSUPPS.COM/BRANDS/CUUPA.HTML?DIR=ASC&ORDER=NAME
CXCTCT	CXCTCT	gosupps.com	HTTPS://WWW.GOSUPPS.COM/BRANDS/CXCTCT.HTML
CXLOODE	CXLOODE	gosupps.com	HTTPS://WWW.GOSUPPS.COM/BRANDS/CXLOODE.HTML
CXYARY	CXYARY	gosupps.com	HTTPS://WWW.GOSUPPS.COM/BRANDS/CXYARY.HTML?DIR=ASC&ORDER=NAME
CYEVA	CYEVA	gosupps.com	HTTPS://WWW.GOSUPPS.COM/BRANDS/CYEVA.HTML
CYKT	CYKT	gosupps.com	HTTPS://WWW.GOSUPPS.COM/BRANDS/CYKT.HTML?DIR=ASC&ORDER=POSITION
CYNPEL	CYNPEL	gosupps.com	HTTPS://WWW.GOSUPPS.COM/BRANDS/CYNPEL.HTML?DIR=ASC&ORDER=PRICE
CYOIDAI	CYOIDAI	gosupps.com	HTTPS://WWW.GOSUPPS.COM/BRANDS/CYOIDAI.HTML?DIR=ASC&ORDER=BEST_SELLING
CZHIYANG	CZHIYANG	gosupps.com	HTTPS://WWW.GOSUPPS.COM/BRANDS/CZHIYANG.HTML?DIR=ASC&ORDER=NAME
CZPET	CZPET	gosupps.com	HTTPS://WWW.GOSUPPS.COM/BRANDS/CZPET.HTML
DABACC	DABACC	gosupps.com	HTTPS://WWW.GOSUPPS.COM/BRANDS/DABACC.HTML
DABLIZ	DABLIZGROUPINTERNATIONTRADING	gosupps.com	HTTPS://WWW.GOSUPPS.COM/BRANDS/DABLIZ-GROUP-INTERNATION-TRADING-LLC.HTML
DABLIZGROUPINTERNATIONTRADING	DABLIZGROUPINTERNATIONTRADING	gosupps.com	HTTPS://WWW.GOSUPPS.COM/BRANDS/DABLIZ-GROUP-INTERNATION-TRADING-LLC.HTML
DABOGOSA	DABOGOSA	gosupps.com	HTTPS://WWW.GOSUPPS.COM/BRANDS/DABOGOSA.HTML
DABOSHOBO	DABOSHOBO	gosupps.com	HTTPS://WWW.GOSUPPS.COM/BRANDS/DABO-SHOBO.HTML
DACHIC	DACHIC	gosupps.com	HTTPS://WWW.GOSUPPS.COM/BRANDS/DACHIC.HTML
DADABABYCARRIER	DADABABYCARRIER	gosupps.com	HTTPS://WWW.GOSUPPS.COM/BRANDS/DADA-BABY-CARRIER.HTML
DADDYSCHOICE	DADDYSCHOICE	gosupps.com	HTTPS://WWW.GOSUPPS.COM/BRANDS/DADDY-S-CHOICE.HTML
DADOP	DADOP	gosupps.com	HTTPS://WWW.GOSUPPS.COM/BRANDS/DADOP.HTML?DIR=DESC&ORDER=BEST_SELLING_SORT
DADUDE	DADUDE	gosupps.com	HTTPS://WWW.GOSUPPS.COM/BRANDS/DA-DUDE.HTML
DAEKPAEK	DAEKPAEK	gosupps.com	HTTPS://WWW.GOSUPPS.COM/BRANDS/DAEKPAEK.HTML?DIR=ASC&ORDER=PRICE
DAGONGREN	DAGONGREN	gosupps.com	HTTPS://WWW.GOSUPPS.COM/BRANDS/DAGONGREN.HTML?DIR=ASC&ORDER=BEST_SELLING
DAHOCAMGO	DAHOCAMGO	gosupps.com	HTTPS://WWW.GOSUPPS.COM/BRANDS/DAHOCAMGO.HTML
DAILAO	DAILAO	gosupps.com	HTTPS://WWW.GOSUPPS.COM/BRANDS/DAILAO.HTML
DAILYDREAM	DAILYDREAM	gosupps.com	HTTPS://WWW.GOSUPPS.COM/BRANDS/DAILYDREAM.HTML
DAIUNI	DAIUNI	gosupps.com	HTTPS://WWW.GOSUPPS.COM/BRANDS/DAIUNI.HTML?DIR=DESC&ORDER=NAME
DAIXISM	DAIXISM	gosupps.com	HTTPS://WWW.GOSUPPS.COM/BRANDS/DAIXISM.HTML
DALAMHARI	DALAMHARI	gosupps.com	HTTPS://WWW.GOSUPPS.COM/BRANDS/DALAMHARI.HTML?DIR=DESC&ORDER=PRICE
DALINTEMPORARYTATTOO	DALINTEMPORARYTATTOO	gosupps.com	HTTPS://WWW.GOSUPPS.COM/BEAUTY-BRANDS/DALIN-TEMPORARY-TATTOO.HTML
DALLEAN	DALLEAN	gosupps.com	HTTPS://WWW.GOSUPPS.COM/BRANDS/DALLEAN.HTML?DIR=DESC&ORDER=NAME
DALYNN	DALYNN	gosupps.com	HTTPS://WWW.GOSUPPS.COM/BRANDS/DALYNN.HTML?DIR=DESC&ORDER=BEST_SELLING&P=1
DAMOHONY	DAMOHONY1	gosupps.com	HTTPS://WWW.GOSUPPS.COM/BRANDS/DAMOHONY-1.HTML?DIR=DESC&ORDER=PRICE
DAMUZHI	DAMUZHI1	gosupps.com	HTTPS://WWW.GOSUPPS.COM/BRANDS/DAMUZHI-1.HTML
DANAMIX	DANAMIX	gosupps.com	HTTPS://WWW.GOSUPPS.COM/BRANDS/DANAMIX.HTML
DANCINGDISC	DANCINGDISC	gosupps.com	HTTPS://WWW.GOSUPPS.COM/BRANDS/DANCING-DISC.HTML?DIR=ASC&ORDER=NAME
DANDSLTD	DANDSLTD	gosupps.com	HTTPS://WWW.GOSUPPS.COM/BRANDS/DANDS-LTD.HTML
DANGEROUSFX	DANGEROUSFX	gosupps.com	HTTPS://WWW.GOSUPPS.COM/BRANDS/DANGEROUSFX.HTML
DANISSE	DANISSE	gosupps.com	HTTPS://WWW.GOSUPPS.COM/BRANDS/DANISSE.HTML
DANMY	DANMY	gosupps.com	HTTPS://WWW.GOSUPPS.COM/BRANDS/DANMY.HTML
DANNARY	DANNARY	gosupps.com	HTTPS://WWW.GOSUPPS.COM/BRANDS/DANNARY.HTML
DANTECHNOLOGY	DANTECHNOLOGY	gosupps.com	HTTPS://WWW.GOSUPPS.COM/BRANDS/DAN-TECHNOLOGY.HTML
DANVISIT	DANVISIT	gosupps.com	HTTPS://WWW.GOSUPPS.COM/BEAUTY-BRANDS/DANVISIT.HTML
DAREKUKU	DAREKUKU	gosupps.com	HTTPS://WWW.GOSUPPS.COM/BRANDS/DAREKUKU.HTML?DIR=DESC&ORDER=PRICE
DARKBEAM	DARKBEAM	gosupps.com	HTTPS://WWW.GOSUPPS.COM/BRANDS/DARKBEAM.HTML
DARKIRON	DARKIRON	gosupps.com	HTTPS://WWW.GOSUPPS.COM/BRANDS/DARKIRON.HTML?DIR=ASC&ORDER=POSITION
DASKING	DASKING	gosupps.com	HTTPS://WWW.GOSUPPS.COM/BRANDS/DASKING.HTML?DIR=ASC&ORDER=NAME
DATOO	DATOO	gosupps.com	HTTPS://WWW.GOSUPPS.COM/BRANDS/DATOO.HTML?DIR=DESC&ORDER=BEST_SELLING
DAUPANZEES	DAUPANZEES	gosupps.com	HTTPS://WWW.GOSUPPS.COM/BRANDS/DAUPANZEES.HTML
DAUSROOB	DAUSROOB	gosupps.com	HTTPS://WWW.GOSUPPS.COM/BRANDS/DAUSROOB.HTML
DAVESPESTDEFENSE	DAVESPESTDEFENSE	gosupps.com	HTTPS://WWW.GOSUPPS.COM/BRANDS/DAVESPESTDEFENSE.HTML
DAVISMART	DAVISMART	gosupps.com	HTTPS://WWW.GOSUPPS.COM/BRANDS/DAVI-SMART.HTML
DAYGOS	DAYGOS	gosupps.com	HTTPS://WWW.GOSUPPS.COM/BRANDS/DAYGOS.HTML
DAYKIT	DAYKIT	gosupps.com	HTTPS://WWW.GOSUPPS.COM/BRANDS/DAYKIT.HTML?DIR=ASC&ORDER=NAME
DAZERKII	DAZZER	gosupps.com	HTTPS://WWW.GOSUPPS.COM/BRANDS/DAZZER.HTML
DAZSPIRIT	DAZSPIRIT	gosupps.com	HTTPS://WWW.GOSUPPS.COM/BRANDS/DAZSPIRIT.HTML?DIR=DESC&ORDER=PRICE
DCBEAUTIFUL	DCBEAUTIFUL	gosupps.com	HTTPS://WWW.GOSUPPS.COM/BRANDS/DC-BEAUTIFUL.HTML
DCLYSI	DCSILY	gosupps.com	HTTPS://WWW.GOSUPPS.COM/BRANDS/DCSILY.HTML
DCOPRO	DCOPRO3	gosupps.com	HTTPS://WWW.GOSUPPS.COM/BRANDS/DCOPRO-3.HTML
DCSILY	DCSILY	gosupps.com	HTTPS://WWW.GOSUPPS.COM/BRANDS/DCSILY.HTML
DDEWING	DDEWING	gosupps.com	HTTPS://WWW.GOSUPPS.COM/BRANDS/DDEWING.HTML
DDLUCK	DDLUCK	gosupps.com	HTTPS://WWW.GOSUPPS.COM/BRANDS/DDLUCK.HTML?DIR=DESC&ORDER=BEST_SELLING_SORT
DDMOMMY	DDMOMMY	gosupps.com	HTTPS://WWW.GOSUPPS.COM/BRANDS/DDMOMMY.HTML?DIR=ASC&ORDER=BEST_SELLING
DDMY	DDMY	gosupps.com	HTTPS://WWW.GOSUPPS.COM/BRANDS/DDMY.HTML
DDOXX	DDOXX	gosupps.com	HTTPS://WWW.GOSUPPS.COM/BRANDS/DDOXX.HTML?DIR=ASC&ORDER=NAME
DDUSSAL	DDBUY	gosupps.com	HTTPS://WWW.GOSUPPS.COM/BRANDS/DDBUY.HTML
DDVWU	DDVWU	gosupps.com	HTTPS://WWW.GOSUPPS.COM/BRANDS/DDVWU.HTML?DIR=ASC&ORDER=NAME
DDYMOECE	DDYMOECE	gosupps.com	HTTPS://WWW.GOSUPPS.COM/BRANDS/D-DYMOECE.HTML
DDYMOECE	DYMOECE	gosupps.com	HTTPS://WWW.GOSUPPS.COM/BRANDS/DYMOECE.HTML?DIR=DESC&ORDER=NAME&P=3
DEALCASE	DEALCASE3	gosupps.com	HTTPS://WWW.GOSUPPS.COM/BRANDS/DEALCASE-3.HTML
DEALPEAK	DEALPEAK	gosupps.com	HTTPS://WWW.GOSUPPS.COM/BRANDS/DEALPEAK.HTML
DEARLOMUM	DEARLOMUM	gosupps.com	HTTPS://WWW.GOSUPPS.COM/BRANDS/DEARLOMUM.HTML?DIR=ASC&ORDER=PRICE
DEBATLOG	DEBATLOG	gosupps.com	HTTPS://WWW.GOSUPPS.COM/BEAUTY-BRANDS/DEBATLOG.HTML
DEBATLOG	DEBATLOG	gosupps.com	HTTPS://WWW.GOSUPPS.COM/BRANDS/DEBATLOG.HTML?DIR=ASC&ORDER=PRICE
DEBECTY	DEBECTY3	gosupps.com	HTTPS://WWW.GOSUPPS.COM/BRANDS/DEBECTY-3.HTML
DECDEAL	DECDEAL	gosupps.com	HTTPS://WWW.GOSUPPS.COM/BRANDS/DECDEAL.HTML
DECIMAR	DECIMAR	gosupps.com	HTTPS://WWW.GOSUPPS.COM/BRANDS/DECIMAR.HTML?DIR=ASC&ORDER=NAME
DECORCODE	DECORCODE	gosupps.com	HTTPS://WWW.GOSUPPS.COM/BRANDS/DECORCODE.HTML
DECORCODE	DECORCODE	gosupps.com	HTTPS://WWW.GOSUPPS.COM/BEAUTY-BRANDS/DECORCODE.HTML
DECUTE	DECUTE	gosupps.com	HTTPS://WWW.GOSUPPS.COM/BRANDS/DECUTE.HTML
DEEINN	DEEINN	gosupps.com	HTTPS://WWW.GOSUPPS.COM/BEAUTY-BRANDS/DEEINN.HTML
DEEPSOON	DEEPSOON	gosupps.com	HTTPS://WWW.GOSUPPS.COM/BRANDS/DEEPSOON.HTML
DEERACE	DEERACE	gosupps.com	HTTPS://WWW.GOSUPPS.COM/BRANDS/DEERACE.HTML
DEERSEEKEROUTDOOR	DEERSEEKEROUTDOOR	gosupps.com	HTTPS://WWW.GOSUPPS.COM/BRANDS/DEERSEEKER-OUTDOOR.HTML?DIR=ASC&ORDER=POSITION
DEESIK	DEESIK	gosupps.com	HTTPS://WWW.GOSUPPS.COM/BRANDS/DEESIK.HTML
DEETOK	DEETOK	gosupps.com	HTTPS://WWW.GOSUPPS.COM/BRANDS/DEETOK.HTML?DIR=DESC&ORDER=BEST_SELLING
DEFENDTEK	DEFENDTEK	gosupps.com	HTTPS://WWW.GOSUPPS.COM/BRANDS/DEFENDTEK.HTML
DEHAI	DEHAI	gosupps.com	HTTPS://WWW.GOSUPPS.COM/BRANDS/DEHAI.HTML?DIR=ASC&ORDER=BEST_SELLING
DEILIN	DEILIN	gosupps.com	HTTPS://WWW.GOSUPPS.COM/BRANDS/DEILIN.HTML?DIR=DESC&ORDER=BEST_SELLING&P=2
DEIOVWXS	DEIOVWXS	gosupps.com	HTTPS://WWW.GOSUPPS.COM/BRANDS/DEIOVWXS.HTML?DIR=ASC&ORDER=NAME
DEKEHOME	DEKEHOME	gosupps.com	HTTPS://WWW.GOSUPPS.COM/BRANDS/DEKE-HOME.HTML?DIR=DESC&ORDER=BEST_SELLING_SORT
DEKRION	DEKRION	gosupps.com	HTTPS://WWW.GOSUPPS.COM/BRANDS/DEKRION.HTML?DIR=DESC&ORDER=PRICE
DELAYNOMORE77	DELAYNOMORE773	gosupps.com	HTTPS://WWW.GOSUPPS.COM/BRANDS/DELAYNOMORE77-3.HTML
DELCAMPOTORTILLAS	DELCAMPOTORTILLAS	gosupps.com	HTTPS://WWW.GOSUPPS.COM/BRANDS/DEL-CAMPO-TORTILLAS.HTML?DIR=ASC&ORDER=NAME
DELLEBEAUTY	DELLEBEAUTY	gosupps.com	HTTPS://WWW.GOSUPPS.COM/BEAUTY-BRANDS/DELLE-BEAUTY.HTML
DELUCKY	DELUCKY	gosupps.com	HTTPS://WWW.GOSUPPS.COM/BRANDS/DELUCKY.HTML
DELUPET	DELUPET	gosupps.com	HTTPS://WWW.GOSUPPS.COM/BRANDS/DELUPET.HTML
DEMELON	DEMELON	gosupps.com	HTTPS://WWW.GOSUPPS.COM/BRANDS/DEMELON.HTML?DIR=ASC&ORDER=NAME
DEMMEX	DEMMEX	gosupps.com	HTTPS://WWW.GOSUPPS.COM/BEAUTY-BRANDS/DEMMEX.HTML
DENCERT	DENCERT	gosupps.com	HTTPS://WWW.GOSUPPS.COM/BRANDS/DENCERT.HTML
DENFANY	DENFANY	gosupps.com	HTTPS://WWW.GOSUPPS.COM/BRANDS/DENFANY.HTML
DENTALDUTY	DENTALDUTY	gosupps.com	HTTPS://WWW.GOSUPPS.COM/BRANDS/DENTAL-DUTY.HTML
DENYLOPRO	DENYLOPRO	gosupps.com	HTTPS://WWW.GOSUPPS.COM/BRANDS/DENYLO-PRO.HTML
DEOUSS	DEOUSS	gosupps.com	HTTPS://WWW.GOSUPPS.COM/BRANDS/DEOUSS.HTML
DEPETS	DEPETS	gosupps.com	HTTPS://WWW.GOSUPPS.COM/BRANDS/DEPETS.HTML
DEPISUTA	DEPISUTA	gosupps.com	HTTPS://WWW.GOSUPPS.COM/BRANDS/DEPISUTA.HTML
DEPOKA	DEPOKA	gosupps.com	HTTPS://WWW.GOSUPPS.COM/BRANDS/DEPOKA.HTML
DEPROVE	DEPROVE	gosupps.com	HTTPS://WWW.GOSUPPS.COM/BRANDS/DEPROVE.HTML
DEPSUNNY	DEPSUNNY	gosupps.com	HTTPS://WWW.GOSUPPS.COM/BEAUTY-BRANDS/DEPSUNNY.HTML
DEPVKO	DEPVKO	gosupps.com	HTTPS://WWW.GOSUPPS.COM/BRANDS/DEPVKO.HTML
DEPZOL	DEPZOL	gosupps.com	HTTPS://WWW.GOSUPPS.COM/BRANDS/DEPZOL.HTML
DEREBIR	DEREBIR	gosupps.com	HTTPS://WWW.GOSUPPS.COM/BRANDS/DEREBIR.HTML
DERMACED	DERMACED	gosupps.com	HTTPS://WWW.GOSUPPS.COM/BRANDS/DERMACED.HTML?DIR=ASC&ORDER=NAME
DERMACHANGE	DERMACHANGE	gosupps.com	HTTPS://WWW.GOSUPPS.COM/BRANDS/DERMACHANGE.HTML?DIR=ASC&ORDER=NAME
DERMACIA	DERMACIA	gosupps.com	HTTPS://WWW.GOSUPPS.COM/BRANDS/DERMACIA.HTML
DERMALTECH	DERMALTECH	gosupps.com	HTTPS://WWW.GOSUPPS.COM/BRANDS/DERMAL-TECH.HTML
DERMORA	DERMORA	gosupps.com	HTTPS://WWW.GOSUPPS.COM/BRANDS/DERMORA.HTML
DERMSOURCE	DERMSOURCE	gosupps.com	HTTPS://WWW.GOSUPPS.COM/BRANDS/DERMSOURCE.HTML
DESERTBREEZEDISTRIBUTING	DESERTBREEZEDISTRIBUTING	gosupps.com	HTTPS://WWW.GOSUPPS.COM/BRANDS/DESERT-BREEZE-DISTRIBUTING.HTML
DESIGNERSIMPRESSIONS	DESIGNERSIMPRESSIONS	gosupps.com	HTTPS://WWW.GOSUPPS.COM/BRANDS/DESIGNERS-IMPRESSIONS.HTML?DIR=DESC&ORDER=BEST_SELLING
DESIGNLINE	DESIGNLINE	gosupps.com	HTTPS://WWW.GOSUPPS.COM/BRANDS/DESIGNLINE.HTML?DIR=ASC&ORDER=PRICE&P=2
DESIREDBODY	DESIREDBODY	gosupps.com	HTTPS://WWW.GOSUPPS.COM/BRANDS/DESIRED-BODY.HTML
DESKTOPPUBLISHINGSUPPLIES	DESKTOPPUBLISHINGSUPPLIES	gosupps.com	HTTPS://WWW.GOSUPPS.COM/BRANDS/DESKTOP-PUBLISHING-SUPPLIES.HTML?DIR=DESC&ORDER=NAME
DESMILO	DESMILO	gosupps.com	HTTPS://WWW.GOSUPPS.COM/BRANDS/DESMILO.HTML
DESMONDPHOTOGRAPHIC	DESMONDPHOTOGRAPHIC	gosupps.com	HTTPS://WWW.GOSUPPS.COM/BRANDS/DESMOND-PHOTOGRAPHIC.HTML?DIR=DESC&ORDER=BEST_SELLING
DEUVUO	DEUVUO	gosupps.com	HTTPS://WWW.GOSUPPS.COM/BRANDS/DEUVUO.HTML?DIR=DESC&ORDER=NAME
DEVIMIC	DEVIMIC	gosupps.com	HTTPS://WWW.GOSUPPS.COM/BRANDS/DEVIMIC.HTML
DEWEDRT	DEWEDRT	gosupps.com	HTTPS://WWW.GOSUPPS.COM/BRANDS/DEWEDRT.HTML
DEWVIE	DEWVIE	gosupps.com	HTTPS://WWW.GOSUPPS.COM/BRANDS/DEWVIE.HTML?DIR=DESC&ORDER=NAME
DEWVIE	DEWVIE	gosupps.com	HTTPS://WWW.GOSUPPS.COM/BEAUTY-BRANDS/DEWVIE.HTML
DEXIL	DEXILLIMITED	gosupps.com	HTTPS://WWW.GOSUPPS.COM/BRANDS/DEXIL-LIMITED.HTML
DEXILLIMITED	DEXILLIMITED	gosupps.com	HTTPS://WWW.GOSUPPS.COM/BRANDS/DEXIL-LIMITED.HTML
DEXMAR	DEXMAR	gosupps.com	HTTPS://WWW.GOSUPPS.COM/BRANDS/DEXMAR.HTML
DEYOT	DEYOT	gosupps.com	HTTPS://WWW.GOSUPPS.COM/BRANDS/DEYOT.HTML?DIR=DESC&ORDER=PRICE
DGERP	DGERP	gosupps.com	HTTPS://WWW.GOSUPPS.COM/BRANDS/DGERP.HTML
DGFAN	DGFANDIGITAL	gosupps.com	HTTPS://WWW.GOSUPPS.COM/BRANDS/DGFAN-DIGITAL.HTML
DGVDO	DGVDO	gosupps.com	HTTPS://WWW.GOSUPPS.COM/BRANDS/DGVDO.HTML?DIR=DESC&ORDER=NAME
DGVR	DGVR	gosupps.com	HTTPS://WWW.GOSUPPS.COM/BRANDS/DGVR.HTML?DIR=ASC&ORDER=PRICE
DHOOZ	DHOOZ	gosupps.com	HTTPS://WWW.GOSUPPS.COM/BRANDS/DHOOZ.HTML?DIR=DESC&ORDER=NAME
DHTELECTRONICS	DHTELECTRONICS	gosupps.com	HTTPS://WWW.GOSUPPS.COM/BRANDS/DHT-ELECTRONICS.HTML?P=1
DIAMELEO	DIAMELEO	gosupps.com	HTTPS://WWW.GOSUPPS.COM/BEAUTY-BRANDS/DIAMELEO.HTML
DIAZSPORT	DIAZSPORT	gosupps.com	HTTPS://WWW.GOSUPPS.COM/BRANDS/DIAZ-SPORT.HTML
DICFEOS	DICFEOS	gosupps.com	HTTPS://WWW.GOSUPPS.COM/BRANDS/DICFEOS.HTML
DICKINDA	DICKINDA	gosupps.com	HTTPS://WWW.GOSUPPS.COM/BRANDS/DICKINDA.HTML
DIDADIC	DIDADIC	gosupps.com	HTTPS://WWW.GOSUPPS.COM/BEAUTY-BRANDS/DIDADIC.HTML
DIERTUDMY	DIERTUDMY	gosupps.com	HTTPS://WWW.GOSUPPS.COM/BRANDS/DIERTUDMY.HTML?DIR=DESC&ORDER=BEST_SELLING
DIFCUL	DIFCUL	gosupps.com	HTTPS://WWW.GOSUPPS.COM/BRANDS/DIFCUL.HTML
DIGITBLUE	DIGITBLUE	gosupps.com	HTTPS://WWW.GOSUPPS.COM/BRANDS/DIGITBLUE.HTML
DIGIYES	DIGIYES	gosupps.com	HTTPS://WWW.GOSUPPS.COM/BRANDS/DIGIYES.HTML
DIGTIA	DIGTIA	gosupps.com	HTTPS://WWW.GOSUPPS.COM/BRANDS/DIGTIA.HTML
DIGUAN	DIGUAN	gosupps.com	HTTPS://WWW.GOSUPPS.COM/BRANDS/DIGUAN.HTML
DIHOOL	DIHOOL	gosupps.com	HTTPS://WWW.GOSUPPS.COM/BRANDS/DIHOOL.HTML?DIR=DESC&ORDER=BEST_SELLING_SORT
DIIDA	DIIDA	gosupps.com	HTTPS://WWW.GOSUPPS.COM/BRANDS/DIIDA.HTML?DIR=DESC&ORDER=PRICE
DIINOKA	DINOKA	gosupps.com	HTTPS://WWW.GOSUPPS.COM/BRANDS/DINOKA.HTML?DIR=ASC&ORDER=POSITION
DIIRGLUS	DIIRGLUS	gosupps.com	HTTPS://WWW.GOSUPPS.COM/BRANDS/DIIRGLUS.HTML
DIKDOC	DIKDOC	gosupps.com	HTTPS://WWW.GOSUPPS.COM/BRANDS/DIKDOC.HTML
DILANDO	DILANDO	gosupps.com	HTTPS://WWW.GOSUPPS.COM/BRANDS/DILANDO.HTML
DILIMI	DILIMI	gosupps.com	HTTPS://WWW.GOSUPPS.COM/BRANDS/DILIMI.HTML
DILIQUA	DILIQUA	gosupps.com	HTTPS://WWW.GOSUPPS.COM/BRANDS/DILIQUA.HTML?DIR=ASC&ORDER=PRICE
DILLOT	DILLOT	gosupps.com	HTTPS://WWW.GOSUPPS.COM/BRANDS/DILLOT.HTML?DIR=ASC&ORDER=NAME
DIMSILE	DIMSILE	gosupps.com	HTTPS://WWW.GOSUPPS.COM/BRANDS/DIMSILE.HTML?DIR=ASC&ORDER=NAME
DINDOSAL	DINDOSAL	gosupps.com	HTTPS://WWW.GOSUPPS.COM/BRANDS/DINDOSAL.HTML
DINIAL	DINIAL	gosupps.com	HTTPS://WWW.GOSUPPS.COM/BRANDS/DINIAL.HTML
DINOKA	DINOKA	gosupps.com	HTTPS://WWW.GOSUPPS.COM/BRANDS/DINOKA.HTML?DIR=ASC&ORDER=POSITION
DIOCHE	DIOCHE	gosupps.com	HTTPS://WWW.GOSUPPS.COM/BEAUTY-BRANDS/DIOCHE.HTML
DIOCOS	DIOCOS	gosupps.com	HTTPS://WWW.GOSUPPS.COM/BRANDS/DIOCOS.HTML?DIR=DESC&ORDER=BEST_SELLING_SORT
DIODIVA	DIODIVA	gosupps.com	HTTPS://WWW.GOSUPPS.COM/BRANDS/DIODIVA.HTML
DIOJU	DIOJU	gosupps.com	HTTPS://WWW.GOSUPPS.COM/BRANDS/DIOJU.HTML?DIR=ASC&ORDER=PRICE
DIOUGENS	DIOUGENSLEE	gosupps.com	HTTPS://WWW.GOSUPPS.COM/BRANDS/DIOUGENS-LEE.HTML?DIR=ASC&ORDER=BEST_SELLING
DIPISO	DIPISO	gosupps.com	HTTPS://WWW.GOSUPPS.COM/BRANDS/DIPISO.HTML
DIPLASTIBLE	DIPLASTIBLE	gosupps.com	HTTPS://WWW.GOSUPPS.COM/BRANDS/DIPLASTIBLE.HTML
DIPWAND	DIPWAND	gosupps.com	HTTPS://WWW.GOSUPPS.COM/BRANDS/DIPWAND.HTML
DIRHOLL	DIRHOLL	gosupps.com	HTTPS://WWW.GOSUPPS.COM/BRANDS/DIRHOLL.HTML?DIR=ASC&ORDER=PRICE
DISCOVERYNATURALS	DISCOVERYNATURALS	gosupps.com	HTTPS://WWW.GOSUPPS.COM/BRANDS/DISCOVERY-NATURALS.HTML?DIR=DESC&ORDER=PRICE
DISIBOY	DISIBOY	gosupps.com	HTTPS://WWW.GOSUPPS.COM/BRANDS/DISIBOY.HTML
DISTORE	DISTORE	gosupps.com	HTTPS://WWW.GOSUPPS.COM/BRANDS/DISTORE.HTML
DIULIFE	DIULIFE	gosupps.com	HTTPS://WWW.GOSUPPS.COM/BRANDS/DIU-LIFE.HTML
DIVESAFESCUBA	DIVESAFESCUBA	gosupps.com	HTTPS://WWW.GOSUPPS.COM/BRANDS/DIVESAFE-SCUBA.HTML?DIR=DESC&ORDER=BEST_SELLING_SORT
DKOVN	DKOVN	gosupps.com	HTTPS://WWW.GOSUPPS.COM/BRANDS/DKOVN.HTML
DLNIA	DLNIA	gosupps.com	HTTPS://WWW.GOSUPPS.COM/BRANDS/DLNIA.HTML
DLOGSADOOD	DAODROPS	gosupps.com	HTTPS://WWW.GOSUPPS.COM/BRANDS/DAO-DROPS.HTML
DLUGOPIS	DLUGOPIS	gosupps.com	HTTPS://WWW.GOSUPPS.COM/BRANDS/DLUGOPIS.HTML?DIR=ASC&ORDER=NAME
DLUXSPA	DLUXSPA	gosupps.com	HTTPS://WWW.GOSUPPS.COM/BRANDS/DLUXSPA.HTML
DNEOUXI	DNEOUXI	gosupps.com	HTTPS://WWW.GOSUPPS.COM/BRANDS/DNEOUXI.HTML?DIR=DESC&ORDER=NAME
DNFUN	DNFUN	gosupps.com	HTTPS://WWW.GOSUPPS.COM/BRANDS/DNFUN.HTML?DIR=DESC&ORDER=NAME
DOAOPOAO	DOAO	gosupps.com	HTTPS://WWW.GOSUPPS.COM/BRANDS/DOAO.HTML
DOAY	DOAY	gosupps.com	HTTPS://WWW.GOSUPPS.COM/BRANDS/DOAY.HTML
DOBMIT	DOBMIT3	gosupps.com	HTTPS://WWW.GOSUPPS.COM/BRANDS/DOBMIT-3.HTML
DOCALON	DOCALON	gosupps.com	HTTPS://WWW.GOSUPPS.COM/BRANDS/DOCALON.HTML?DIR=DESC&ORDER=NAME
DOCATGO	DOCATGO	gosupps.com	HTTPS://WWW.GOSUPPS.COM/BRANDS/DOCATGO.HTML
DOCKAPA	DOCKAPA	gosupps.com	HTTPS://WWW.GOSUPPS.COM/BRANDS/DOCKAPA.HTML
DOCKAPA	DOCKAPA	gosupps.com	HTTPS://WWW.GOSUPPS.COM/BEAUTY-BRANDS/DOCKAPA.HTML
DOCTORCOS	DOCTORCOS	gosupps.com	HTTPS://WWW.GOSUPPS.COM/BRANDS/DOCTORCOS.HTML?DIR=DESC&ORDER=BEST_SELLING
DOCTORSCHOICEUVSTERILIZER	DOCTORSCHOICEUVSTERILIZER	gosupps.com	HTTPS://WWW.GOSUPPS.COM/BRANDS/DOCTOR-S-CHOICE-UV-STERILIZER.HTML
DOCUTE	DOCUTE	gosupps.com	HTTPS://WWW.GOSUPPS.COM/BEAUTY-BRANDS/DOCUTE.HTML
DODODUM	DODODUM	gosupps.com	HTTPS://WWW.GOSUPPS.COM/BRANDS/DODODUM.HTML
DOFLYESKY	DOFLYESKY	gosupps.com	HTTPS://WWW.GOSUPPS.COM/BRANDS/DOFLYESKY.HTML?DIR=ASC&ORDER=POSITION
DOFOPO	DOFOPO1	gosupps.com	HTTPS://WWW.GOSUPPS.COM/BRANDS/DOFOPO-1.HTML
DOGEEK	DOGEEK	gosupps.com	HTTPS://WWW.GOSUPPS.COM/BRANDS/DOGEEK.HTML?DIR=ASC&ORDER=BEST_SELLING_SORT
DOGWONG	DOGWONG	gosupps.com	HTTPS://WWW.GOSUPPS.COM/BRANDS/DOGWONG.HTML?DIR=ASC&ORDER=POSITION&P=5
DOGXIONG	DOGXIONG	gosupps.com	HTTPS://WWW.GOSUPPS.COM/BRANDS/DOGXIONG.HTML
DOHV	DOHV	gosupps.com	HTTPS://WWW.GOSUPPS.COM/BRANDS/DOHV.HTML?DIR=ASC&ORDER=PRICE
DOIMERI	DOIMERI	gosupps.com	HTTPS://WWW.GOSUPPS.COM/BRANDS/DOIMERI.HTML?DIR=ASC&ORDER=PRICE
DOKEAL	DOKEAL	gosupps.com	HTTPS://WWW.GOSUPPS.COM/BRANDS/DOKEAL.HTML
DOKPAV	DOKPAV	gosupps.com	HTTPS://WWW.GOSUPPS.COM/BRANDS/DOKPAV.HTML?DIR=ASC&ORDER=BEST_SELLING
DOLOMY	DOLOMY	gosupps.com	HTTPS://WWW.GOSUPPS.COM/BRANDS/DOLOMY.HTML?P=1
DOLOTREX	DOLOTREX	gosupps.com	HTTPS://WWW.GOSUPPS.COM/BRANDS/DOLOTREX.HTML
DOLWIS	DOLWIS	gosupps.com	HTTPS://WWW.GOSUPPS.COM/BRANDS/DOLWIS.HTML?DIR=ASC&ORDER=NAME
DOMALITY	DOMALITY	gosupps.com	HTTPS://WWW.GOSUPPS.COM/BRANDS/DOMALITY.HTML
DOMENSI	DOMENSI	gosupps.com	HTTPS://WWW.GOSUPPS.COM/BRANDS/DOMENSI.HTML?DIR=ASC&ORDER=PRICE
DOMIPATROL	DOMIPATROL	gosupps.com	HTTPS://WWW.GOSUPPS.COM/BRANDS/DOMI-PATROL.HTML
DONGYU	DONGYU	gosupps.com	HTTPS://WWW.GOSUPPS.COM/BRANDS/DONGYU.HTML
DONHEK	DONHEK2	gosupps.com	HTTPS://WWW.GOSUPPS.COM/BRANDS/DONHEK-2.HTML
DONNETTY	DONNETTY	gosupps.com	HTTPS://WWW.GOSUPPS.COM/BRANDS/DONNETTY.HTML?DIR=ASC&ORDER=BEST_SELLING
DOODBI	DOODBI	gosupps.com	HTTPS://WWW.GOSUPPS.COM/BRANDS/DOODBI.HTML
DOOHALO	DOOHALO	gosupps.com	HTTPS://WWW.GOSUPPS.COM/BRANDS/DOOHALO.HTML
DOOKEH	DOOKEH	gosupps.com	HTTPS://WWW.GOSUPPS.COM/BRANDS/DOOKEH.HTML
DOPHEUOR	DOPHEUOR	gosupps.com	HTTPS://WWW.GOSUPPS.COM/BRANDS/DOPHEUOR.HTML
DOPHO	DOPHO	gosupps.com	HTTPS://WWW.GOSUPPS.COM/BRANDS/DOPHO.HTML
DORAGYM	DORAGYM	gosupps.com	HTTPS://WWW.GOSUPPS.COM/BEAUTY-BRANDS/DORAGYM.HTML
DORAMILE	DORAMIO	gosupps.com	HTTPS://WWW.GOSUPPS.COM/BRANDS/DORAMIO.HTML
DORAUBIA	DORAUBIA	gosupps.com	HTTPS://WWW.GOSUPPS.COM/BRANDS/DORAUBIA.HTML?DIR=ASC&ORDER=PRICE
DOREINK	DOREINK	gosupps.com	HTTPS://WWW.GOSUPPS.COM/BRANDS/DOREINK.HTML
DORHUI	DORHUI	gosupps.com	HTTPS://WWW.GOSUPPS.COM/BRANDS/DORHUI.HTML
DORNVAP	DORNVAP	gosupps.com	HTTPS://WWW.GOSUPPS.COM/BRANDS/DORNVAP.HTML
DOROSUN	DOROSUN	gosupps.com	HTTPS://WWW.GOSUPPS.COM/BRANDS/DOROSUN.HTML?DIR=DESC&ORDER=PRICE
DOROSY	DOROSYHAIR	gosupps.com	HTTPS://WWW.GOSUPPS.COM/BRANDS/DOROSY-HAIR.HTML
DOROSYHAIR	DOROSYHAIR	gosupps.com	HTTPS://WWW.GOSUPPS.COM/BEAUTY-BRANDS/DOROSY-HAIR.HTML
DORRI	DORRI	gosupps.com	HTTPS://WWW.GOSUPPS.COM/BRANDS/DORRI.HTML
DORRSOZ	DORZU	gosupps.com	HTTPS://WWW.GOSUPPS.COM/BRANDS/DORZU.HTML?DIR=ASC&ORDER=NAME
DORUI	DORUI	gosupps.com	HTTPS://WWW.GOSUPPS.COM/BRANDS/DORUI.HTML
DORUIMI	DORUIMI	gosupps.com	HTTPS://WWW.GOSUPPS.COM/BRANDS/DORUIMI.HTML
DORZU	DORZU	gosupps.com	HTTPS://WWW.GOSUPPS.COM/BRANDS/DORZU.HTML
DORZU	DORZU	gosupps.com	HTTPS://WWW.GOSUPPS.COM/BEAUTY-BRANDS/DORZU.HTML
DOSENSEPRO	DOSENSEPRO	gosupps.com	HTTPS://WWW.GOSUPPS.COM/BRANDS/DOSENSEPRO.HTML?DIR=DESC&ORDER=PRICE
DOSET	DOSET	gosupps.com	HTTPS://WWW.GOSUPPS.COM/BRANDS/DOSET.HTML
DOSMART	DOSMART	gosupps.com	HTTPS://WWW.GOSUPPS.COM/BRANDS/DOSMART.HTML?DIR=ASC&ORDER=NAME
DOSMARTER	DOSMARTER	gosupps.com	HTTPS://WWW.GOSUPPS.COM/BRANDS/DOSMARTER.HTML
DOSURBAN	DOSURBAN	gosupps.com	HTTPS://WWW.GOSUPPS.COM/BRANDS/DOSURBAN.HTML?DIR=DESC&ORDER=BEST_SELLING_SORT
DOTONER	DOTONER	gosupps.com	HTTPS://WWW.GOSUPPS.COM/BRANDS/DOTONER.HTML?DIR=ASC&ORDER=NAME&P=2
DOUBLERHYTHM	DOUBLERHYTHM	gosupps.com	HTTPS://WWW.GOSUPPS.COM/BRANDS/DOUBLE-RHYTHM.HTML
DOUHAO	DOUHAO	gosupps.com	HTTPS://WWW.GOSUPPS.COM/BRANDS/DOUHAO.HTML
DOUKEY	DOUKEY	gosupps.com	HTTPS://WWW.GOSUPPS.COM/BRANDS/DOUKEY.HTML
DOUKOM	DOUKOM	gosupps.com	HTTPS://WWW.GOSUPPS.COM/BRANDS/DOUKOM.HTML
DOVAHLIA	DOVAHLIA	gosupps.com	HTTPS://WWW.GOSUPPS.COM/BRANDS/DOVAHLIA.HTML
DOVOV	DOVOV	gosupps.com	HTTPS://WWW.GOSUPPS.COM/BRANDS/DOVOV.HTML
DOWELLIFE	DOWELLIFE	gosupps.com	HTTPS://WWW.GOSUPPS.COM/BRANDS/DOWELLIFE.HTML?DIR=ASC&ORDER=BEST_SELLING
DOYOMI	DOYOMI	gosupps.com	HTTPS://WWW.GOSUPPS.COM/BRANDS/DOYOMI.HTML?DIR=ASC&ORDER=NAME
DOYOMY	DOYOMI	gosupps.com	HTTPS://WWW.GOSUPPS.COM/BRANDS/DOYOMI.HTML?DIR=ASC&ORDER=NAME
DOYOMY	DOYOMTOY	gosupps.com	HTTPS://WWW.GOSUPPS.COM/BRANDS/DOYOMTOY.HTML
DOYOO	DOYOO	gosupps.com	HTTPS://WWW.GOSUPPS.COM/BRANDS/DOYOO.HTML?DIR=ASC&ORDER=NAME
DPOIS	DPOIS	gosupps.com	HTTPS://WWW.GOSUPPS.COM/BRANDS/DPOIS.HTML
DPRODO	DPRODO	gosupps.com	HTTPS://WWW.GOSUPPS.COM/BRANDS/DPRODO.HTML?DIR=ASC&ORDER=BEST_SELLING
DRAGONFIT	DRAGONFIT	gosupps.com	HTTPS://WWW.GOSUPPS.COM/BRANDS/DRAGON-FIT.HTML?DIR=DESC&ORDER=NAME
DRAGONMALL	DRAGONMALL	gosupps.com	HTTPS://WWW.GOSUPPS.COM/BRANDS/DRAGONMALL.HTML?DIR=DESC&ORDER=BEST_SELLING
DRCATCH	DRCATCH	gosupps.com	HTTPS://WWW.GOSUPPS.COM/BRANDS/DR-CATCH.HTML?DIR=DESC&ORDER=NAME
DRCKHROS	DRCKHROS	gosupps.com	HTTPS://WWW.GOSUPPS.COM/BRANDS/DRCKHROS.HTML
DREAMFOCUS	DREAMFOCUS	gosupps.com	HTTPS://WWW.GOSUPPS.COM/BRANDS/DREAMFOCUS.HTML?DIR=ASC&ORDER=NAME
DREAMTOYZ	DREAMTOYZ	gosupps.com	HTTPS://WWW.GOSUPPS.COM/BRANDS/DREAMTOYZ.HTML?DIR=ASC&ORDER=POSITION
DRIDDLE	DRIDDLE	gosupps.com	HTTPS://WWW.GOSUPPS.COM/BRANDS/DRIDDLE.HTML?DIR=ASC&ORDER=BEST_SELLING_SORT
DRIFEEZ	DRIFEEZ	gosupps.com	HTTPS://WWW.GOSUPPS.COM/BRANDS/DRIFEEZ.HTML
DRIMM	DRIMM	gosupps.com	HTTPS://WWW.GOSUPPS.COM/BRANDS/DRIMM.HTML
DRIVELINK	DRIVELINK	gosupps.com	HTTPS://WWW.GOSUPPS.COM/BRANDS/DRIVELINK.HTML?DIR=ASC&ORDER=BEST_SELLING
DRJEFFSAUTHENTIC	DRJEFFSAUTHENTIC	gosupps.com	HTTPS://WWW.GOSUPPS.COM/BRANDS/DR-JEFF-S-AUTHENTIC.HTML?DIR=DESC&ORDER=NAME
DRJOELS	DRJOELAB	gosupps.com	HTTPS://WWW.GOSUPPS.COM/BRANDS/DR-JOE-LAB.HTML?DIR=DESC&ORDER=BEST_SELLING_SORT&P=4
DRKA	DRKA	gosupps.com	HTTPS://WWW.GOSUPPS.COM/BRANDS/DRKA.HTML
DRMODE	DRMODE	gosupps.com	HTTPS://WWW.GOSUPPS.COM/BRANDS/DR-MODE.HTML
DRMOXA	DRMOXA	gosupps.com	HTTPS://WWW.GOSUPPS.COM/BRANDS/DR-MOXA.HTML?DIR=ASC&ORDER=PRICE
DROPOFDIVINITI	DROPOFDIVINITI	gosupps.com	HTTPS://WWW.GOSUPPS.COM/BEAUTY-BRANDS/DROP-OF-DIVINITI.HTML
DROPOFDIVINITI	DROPOFDIVINITI3	gosupps.com	HTTPS://WWW.GOSUPPS.COM/BRANDS/DROP-OF-DIVINITI-3.HTML?DIR=ASC&ORDER=NAME
DROPPERSTOP	DROPPERSTOP	gosupps.com	HTTPS://WWW.GOSUPPS.COM/BRANDS/DROPPERSTOP.HTML
DROSICA	DROSICA	gosupps.com	HTTPS://WWW.GOSUPPS.COM/BRANDS/DROSICA.HTML?DIR=DESC&ORDER=NAME
DRRAPETI	DRRAPETI	gosupps.com	HTTPS://WWW.GOSUPPS.COM/BRANDS/DR-RAPETI.HTML
DRRELIEF	DRRELIEF	gosupps.com	HTTPS://WWW.GOSUPPS.COM/BRANDS/DR-RELIEF.HTML
DRUGEXAM	DRUGEXAM	gosupps.com	HTTPS://WWW.GOSUPPS.COM/BRANDS/DRUGEXAM.HTML
DRWARM	DRWARM	gosupps.com	HTTPS://WWW.GOSUPPS.COM/BRANDS/DR-WARM.HTML
DRWATE	DRWATE	gosupps.com	HTTPS://WWW.GOSUPPS.COM/BRANDS/DRWATE.HTML
DRYEASY	DRYEASY	gosupps.com	HTTPS://WWW.GOSUPPS.COM/BRANDS/DRYEASY.HTML
DSCMARKET	DSCMARKET	gosupps.com	HTTPS://WWW.GOSUPPS.COM/BRANDS/DSC-MARKET.HTML?DIR=ASC&ORDER=PRICE
DSOAR	DSOAR3	gosupps.com	HTTPS://WWW.GOSUPPS.COM/BRANDS/DSOAR-3.HTML
DSOAR	DSOAR	gosupps.com	HTTPS://WWW.GOSUPPS.COM/BEAUTY-BRANDS/DSOAR.HTML
DUALECO	DUALECO	gosupps.com	HTTPS://WWW.GOSUPPS.COM/BRANDS/DUALECO.HTML?DIR=ASC&ORDER=NAME
DUALOAI	DUALOAI	gosupps.com	HTTPS://WWW.GOSUPPS.COM/BRANDS/DUALOAI.HTML?DIR=DESC&ORDER=PRICE
DUALSHINE	DUALSHINE	gosupps.com	HTTPS://WWW.GOSUPPS.COM/BRANDS/DUALSHINE.HTML?DIR=ASC&ORDER=PRICE
DUKARS	DUKARS	gosupps.com	HTTPS://WWW.GOSUPPS.COM/BRANDS/DUKARS.HTML?DIR=DESC&ORDER=BEST_SELLING
DUKYA	DUKYA	gosupps.com	HTTPS://WWW.GOSUPPS.COM/BRANDS/DUKYA.HTML
DULRLLY	DULRLLY	gosupps.com	HTTPS://WWW.GOSUPPS.COM/BRANDS/DULRLLY.HTML
DULUMS	DULUMS	gosupps.com	HTTPS://WWW.GOSUPPS.COM/BRANDS/DULUMS.HTML?DIR=ASC&ORDER=POSITION
DUODUOBEAUTY	DUODUOBEAUTY3	gosupps.com	HTTPS://WWW.GOSUPPS.COM/BRANDS/DUODUO-BEAUTY-3.HTML
DUOMISHU	DUOMISHU	gosupps.com	HTTPS://WWW.GOSUPPS.COM/BRANDS/DUOMISHU.HTML?DIR=ASC&ORDER=NAME
DUOOUT	DUOOUT	gosupps.com	HTTPS://WWW.GOSUPPS.COM/BRANDS/DUOOUT.HTML
DURCELER	DURCELER	gosupps.com	HTTPS://WWW.GOSUPPS.COM/BRANDS/DURCELER.HTML
DUSSDIL	DUSSDIL	gosupps.com	HTTPS://WWW.GOSUPPS.COM/BRANDS/DUSSDIL.HTML
DUST2OASIS	DUST2OASIS	gosupps.com	HTTPS://WWW.GOSUPPS.COM/BRANDS/DUST2OASIS.HTML?DIR=ASC&ORDER=PRICE
DUSXLX	DUSXLX3	gosupps.com	HTTPS://WWW.GOSUPPS.COM/BRANDS/DUSXLX-3.HTML
DUUFIN	DUUFIN	gosupps.com	HTTPS://WWW.GOSUPPS.COM/BRANDS/DUUFIN.HTML
DUVILO	DUVILO	gosupps.com	HTTPS://WWW.GOSUPPS.COM/BRANDS/DUVILO.HTML
DUVILO	DUVILO	gosupps.com	HTTPS://WWW.GOSUPPS.COM/BEAUTY-BRANDS/DUVILO.HTML
DUZFOREI	DUZFOREI	gosupps.com	HTTPS://WWW.GOSUPPS.COM/BRANDS/DUZFOREI.HTML
DWAWOO	DWAWOO	gosupps.com	HTTPS://WWW.GOSUPPS.COM/BRANDS/DWAWOO.HTML
DXOPHIEX	DXOPHIEX	gosupps.com	HTTPS://WWW.GOSUPPS.COM/BRANDS/DXOPHIEX.HTML
DYCROL	DYCROL	gosupps.com	HTTPS://WWW.GOSUPPS.COM/BRANDS/DYCROL.HTML
DYLMINEHEALTH	DYLMINEHEALTH	gosupps.com	HTTPS://WWW.GOSUPPS.COM/BRANDS/DYLMINE-HEALTH.HTML
DYOONOER	DYOONOER	gosupps.com	HTTPS://WWW.GOSUPPS.COM/BRANDS/DYOONOER.HTML
DYSDENSA	DYSDENSA	gosupps.com	HTTPS://WWW.GOSUPPS.COM/BRANDS/DYSDENSA.HTML?DIR=ASC&ORDER=PRICE
DYTAH	DYTAH	gosupps.com	HTTPS://WWW.GOSUPPS.COM/BRANDS/DYTAH.HTML?DIR=ASC&ORDER=NAME&P=2
DZHJKIO	DZHJKIO	gosupps.com	HTTPS://WWW.GOSUPPS.COM/BEAUTY-BRANDS/DZHJKIO.HTML
DZXIASO	DZXIASO	gosupps.com	HTTPS://WWW.GOSUPPS.COM/BRANDS/DZXIASO.HTML
EAGLESHINEVITAMINS	EAGLESHINEVITAMINS	gosupps.com	HTTPS://WWW.GOSUPPS.COM/BRANDS/EAGLESHINE-VITAMINS.HTML
EAKROO	EAKROO3	gosupps.com	HTTPS://WWW.GOSUPPS.COM/BRANDS/EAKROO-3.HTML
EALGA	EALGA	gosupps.com	HTTPS://WWW.GOSUPPS.COM/BEAUTY-BRANDS/EALGA.HTML
EALIONMED	EALIONMED	gosupps.com	HTTPS://WWW.GOSUPPS.COM/BRANDS/EALIONMED.HTML?DIR=ASC&ORDER=NAME
EARRCK	EARRCK	gosupps.com	HTTPS://WWW.GOSUPPS.COM/BRANDS/EARRCK.HTML
EARROCK	EARROCK	gosupps.com	HTTPS://WWW.GOSUPPS.COM/BRANDS/EARROCK.HTML
EARTHSDAUGHTER	EARTHSDAUGHTER	gosupps.com	HTTPS://WWW.GOSUPPS.COM/BRANDS/EARTH-S-DAUGHTER.HTML
EARTHSTONEINTERNATIONAL	EARTHSTONEINTERNATIONAL	gosupps.com	HTTPS://WWW.GOSUPPS.COM/BRANDS/EARTHSTONE-INTERNATIONAL.HTML
EARTHTOSKIN	EARTHTOSKIN	gosupps.com	HTTPS://WWW.GOSUPPS.COM/BRANDS/EARTH-TO-SKIN.HTML?DIR=DESC&ORDER=BEST_SELLING_SORT
EARUP	EARUP	gosupps.com	HTTPS://WWW.GOSUPPS.COM/BRANDS/EARUP.HTML
EASACE	EASACE	gosupps.com	HTTPS://WWW.GOSUPPS.COM/BRANDS/EASACE.HTML?DIR=DESC&ORDER=BEST_SELLING_SORT
EASDMN	EASDMN	gosupps.com	HTTPS://WWW.GOSUPPS.COM/BRANDS/EASDMN.HTML?DIR=ASC&ORDER=PRICE
EASEHOLD	EASEHOLD	gosupps.com	HTTPS://WWW.GOSUPPS.COM/BRANDS/EASEHOLD.HTML
EASEVE	EASEVE	gosupps.com	HTTPS://WWW.GOSUPPS.COM/BEAUTY-BRANDS/EASEVE.HTML
EASICUTI	EASICUTI	gosupps.com	HTTPS://WWW.GOSUPPS.COM/BRANDS/EASICUTI.HTML
EASKEP	EASKEP	gosupps.com	HTTPS://WWW.GOSUPPS.COM/BRANDS/EASKEP.HTML?P=2
EASTBUY	EASTBUY	gosupps.com	HTTPS://WWW.GOSUPPS.COM/BRANDS/EASTBUY.HTML
EASTPIN	EASTPIN	gosupps.com	HTTPS://WWW.GOSUPPS.COM/BRANDS/EASTPIN.HTML
EASYBABY	EASYBABY	gosupps.com	HTTPS://WWW.GOSUPPS.COM/BRANDS/EASYBABY.HTML
EASYGIGGLES	EASYGIGGLES	gosupps.com	HTTPS://WWW.GOSUPPS.COM/BRANDS/EASY-GIGGLES.HTML
EASYHONOR	EASYHONOR	gosupps.com	HTTPS://WWW.GOSUPPS.COM/BRANDS/EASYHONOR.HTML
EASYLIFELIFESTYLESOLUTIONS	EASYLIFELIFESTYLESOLUTIONS	gosupps.com	HTTPS://WWW.GOSUPPS.COM/BRANDS/EASYLIFE-LIFESTYLE-SOLUTIONS.HTML?DIR=DESC&ORDER=NAME
EASYOUTH	EASYOUTH	gosupps.com	HTTPS://WWW.GOSUPPS.COM/BRANDS/EASYOUTH.HTML?DIR=DESC&ORDER=BEST_SELLING&P=1
EASYPLAYSPORTSANDOUTDOORS	EASYPLAYSPORTSANDOUTDOORS	gosupps.com	HTTPS://WWW.GOSUPPS.COM/BRANDS/EASY-PLAY-SPORTS-AND-OUTDOORS.HTML
EATWELLPREMIUMFOODS	EATWELLPREMIUMFOODS3	gosupps.com	HTTPS://WWW.GOSUPPS.COM/BRANDS/EAT-WELL-PREMIUM-FOODS-3.HTML
EAZYRUN	EAZYRUN	gosupps.com	HTTPS://WWW.GOSUPPS.COM/BRANDS/EAZYRUN.HTML?DIR=DESC&ORDER=NAME
EBAIFUN	EBAIFUN	gosupps.com	HTTPS://WWW.GOSUPPS.COM/BRANDS/EBAIFUN.HTML
EBEET	EBEET	gosupps.com	HTTPS://WWW.GOSUPPS.COM/BRANDS/EBEET.HTML
EBTOOLS	EBTOOLS	gosupps.com	HTTPS://WWW.GOSUPPS.COM/BRANDS/EBTOOLS.HTML?DIR=ASC&ORDER=BEST_SELLING&P=8
EBYPHAN	EBYPHAN	gosupps.com	HTTPS://WWW.GOSUPPS.COM/BRANDS/EBYPHAN.HTML
EBYSU	EBYSU	gosupps.com	HTTPS://WWW.GOSUPPS.COM/BRANDS/EBYSU.HTML?DIR=DESC&ORDER=BEST_SELLING&P=2
ECASP	ECASP	gosupps.com	HTTPS://WWW.GOSUPPS.COM/BRANDS/ECASP.HTML?DIR=ASC&ORDER=PRICE
ECBASKET	ECBASKET3	gosupps.com	HTTPS://WWW.GOSUPPS.COM/BRANDS/ECBASKET-3.HTML
ECOFOX	ECOFOX	gosupps.com	HTTPS://WWW.GOSUPPS.COM/BRANDS/ECOFOX.HTML
ECOIGY	ECOIGY	gosupps.com	HTTPS://WWW.GOSUPPS.COM/BRANDS/ECOIGY.HTML?DIR=DESC&ORDER=NAME
ECOSWER	ECOSWER	gosupps.com	HTTPS://WWW.GOSUPPS.COM/BRANDS/ECOSWER.HTML?DIR=ASC&ORDER=NAME
ECOZENLIFESTYLE	ECOZENLIFESTYLE	gosupps.com	HTTPS://WWW.GOSUPPS.COM/BRANDS/ECOZEN-LIFESTYLE.HTML
ECQIZER	ECQIZER1	gosupps.com	HTTPS://WWW.GOSUPPS.COM/BRANDS/ECQIZER-1.HTML?DIR=DESC&ORDER=POSITION
ECTY	ECTY	gosupps.com	HTTPS://WWW.GOSUPPS.COM/BRANDS/ECTY.HTML?DIR=ASC&ORDER=POSITION
ECURFU	ECURFU	gosupps.com	HTTPS://WWW.GOSUPPS.COM/BEAUTY-BRANDS/ECURFU.HTML
EDARY	EDARY	gosupps.com	HTTPS://WWW.GOSUPPS.COM/BRANDS/EDARY.HTML?DIR=DESC&ORDER=PRICE
EDARY	EDARY	gosupps.com	HTTPS://WWW.GOSUPPS.COM/BEAUTY-BRANDS/EDARY.HTML?DIR=ASC&ORDER=NAME
EDAYDEALHOMEGOODS	EDAYDEALHOMEGOODS	gosupps.com	HTTPS://WWW.GOSUPPS.COM/BRANDS/EDAYDEAL-HOMEGOODS.HTML
EDCYF	EDCYF	gosupps.com	HTTPS://WWW.GOSUPPS.COM/BRANDS/EDCYF.HTML
EDELFELD	EDELFELD	gosupps.com	HTTPS://WWW.GOSUPPS.COM/BRANDS/EDELFELD.HTML?DIR=ASC&ORDER=PRICE
EDICC	EDICC3	gosupps.com	HTTPS://WWW.GOSUPPS.COM/BRANDS/EDICC-3.HTML
EDISONKING	EDISONKING	gosupps.com	HTTPS://WWW.GOSUPPS.COM/BRANDS/EDISON-KING.HTML?DIR=ASC&ORDER=BEST_SELLING&P=2
EDOUSIN	EDOUSIN	gosupps.com	HTTPS://WWW.GOSUPPS.COM/BRANDS/EDOUSIN.HTML?DIR=DESC&ORDER=BEST_SELLING
EDRACO	EDRACO	gosupps.com	HTTPS://WWW.GOSUPPS.COM/BRANDS/EDRACO.HTML
EDSRDRUS	EDSRDRUS3	gosupps.com	HTTPS://WWW.GOSUPPS.COM/BRANDS/EDSRDRUS-3.HTML
EDWINN	EDWINN	gosupps.com	HTTPS://WWW.GOSUPPS.COM/BRANDS/EDWINN.HTML
EERONS	EERONS	gosupps.com	HTTPS://WWW.GOSUPPS.COM/BRANDS/EERONS.HTML?DIR=DESC&ORDER=BEST_SELLING_SORT
EERRHHAQ	EERRHHAQ	gosupps.com	HTTPS://WWW.GOSUPPS.COM/BRANDS/EERRHHAQ.HTML
EERYA	EERYA	gosupps.com	HTTPS://WWW.GOSUPPS.COM/BRANDS/EERYA.HTML
EESKA	EESKA	gosupps.com	HTTPS://WWW.GOSUPPS.COM/BRANDS/EESKA.HTML
EFFEREY	EFFEREY	gosupps.com	HTTPS://WWW.GOSUPPS.COM/BRANDS/EFFEREY.HTML
EFFIET	EFFIET	gosupps.com	HTTPS://WWW.GOSUPPS.COM/BRANDS/EFFIET.HTML
EFFLEMOUR	EFFLEMOUR	gosupps.com	HTTPS://WWW.GOSUPPS.COM/BRANDS/EFFLEMOUR.HTML?DIR=ASC&ORDER=BEST_SELLING_SORT
EFORCASE	EFORCASE	gosupps.com	HTTPS://WWW.GOSUPPS.COM/BRANDS/EFORCASE.HTML?DIR=ASC&ORDER=POSITION
EGANO	EGANO	gosupps.com	HTTPS://WWW.GOSUPPS.COM/BRANDS/EGANO.HTML?DIR=ASC&ORDER=NAME
EGETOTA	EGETOTA	gosupps.com	HTTPS://WWW.GOSUPPS.COM/BRANDS/EGETOTA.HTML
EGOOL	EGOOL	gosupps.com	HTTPS://WWW.GOSUPPS.COM/BRANDS/EGOOL.HTML
EGURS	EGURS	gosupps.com	HTTPS://WWW.GOSUPPS.COM/BRANDS/EGURS.HTML?DIR=ASC&ORDER=NAME
EHUCON	EHUCON	gosupps.com	HTTPS://WWW.GOSUPPS.COM/BRANDS/EHUCON.HTML?DIR=ASC&ORDER=NAME
EIRONA	EIRONA	gosupps.com	HTTPS://WWW.GOSUPPS.COM/BRANDS/EIRONA.HTML?DIR=ASC&ORDER=NAME
EJIUBAS	EJIUBAS	gosupps.com	HTTPS://WWW.GOSUPPS.COM/BRANDS/EJIUBAS.HTML?DIR=ASC&ORDER=POSITION
EJOYCE	EJOYCE3	gosupps.com	HTTPS://WWW.GOSUPPS.COM/BRANDS/EJOYCE-3.HTML
EKALIY	EKALIY	gosupps.com	HTTPS://WWW.GOSUPPS.COM/BRANDS/EKALIY.HTML
EKSUCCESSBRANDS	EKSUCCESSBRANDS	gosupps.com	HTTPS://WWW.GOSUPPS.COM/BRANDS/EK-SUCCESS-BRANDS.HTML?DIR=DESC&ORDER=PRICE
EKUPUZ	EKUPUZ	gosupps.com	HTTPS://WWW.GOSUPPS.COM/BRANDS/EKUPUZ.HTML
ELANDY	ELANDY3	gosupps.com	HTTPS://WWW.GOSUPPS.COM/BRANDS/ELANDY-3.HTML?DIR=ASC&ORDER=BEST_SELLING&P=4
ELDERBERRYHILLORGANICS	ELDERBERRYHILLORGANICS	gosupps.com	HTTPS://WWW.GOSUPPS.COM/BRANDS/ELDERBERRY-HILL-ORGANICS.HTML
ELEADY	ELEADY	gosupps.com	HTTPS://WWW.GOSUPPS.COM/BRANDS/ELEADY.HTML?DIR=ASC&ORDER=NAME
ELECHOME	ELECHOME	gosupps.com	HTTPS://WWW.GOSUPPS.COM/BRANDS/ELECHOME.HTML?DIR=ASC&ORDER=BEST_SELLING
ELECTRIBRITE	ELECTRIBRITE	gosupps.com	HTTPS://WWW.GOSUPPS.COM/BRANDS/ELECTRIBRITE.HTML
ELEHERE	ELEHERE	gosupps.com	HTTPS://WWW.GOSUPPS.COM/BRANDS/ELEHERE.HTML?DIR=DESC&ORDER=NAME
ELEHOLD	ELEHOLD	gosupps.com	HTTPS://WWW.GOSUPPS.COM/BRANDS/ELEHOLD.HTML
ELELIFE	ELELIFE	gosupps.com	HTTPS://WWW.GOSUPPS.COM/BRANDS/ELELIFE.HTML
ELEMENTALTOOLS	ELEMENTALTOOLS	gosupps.com	HTTPS://WWW.GOSUPPS.COM/BRANDS/ELEMENTAL-TOOLS.HTML?DIR=DESC&ORDER=BEST_SELLING
ELEMENTEQUIPMENT	ELEMENTEQUIPMENT	gosupps.com	HTTPS://WWW.GOSUPPS.COM/BRANDS/ELEMENT-EQUIPMENT.HTML?DIR=ASC&ORDER=BEST_SELLING
ELEPHO	ELEPHO	gosupps.com	HTTPS://WWW.GOSUPPS.COM/BRANDS/ELEPHO.HTML
ELEPRO	ELEPRO	gosupps.com	HTTPS://WWW.GOSUPPS.COM/BRANDS/ELEPRO.HTML
ELESIK	ELESIK	gosupps.com	HTTPS://WWW.GOSUPPS.COM/BRANDS/ELESIK.HTML?DIR=DESC&ORDER=NAME
ELESTY	ELESTY	gosupps.com	HTTPS://WWW.GOSUPPS.COM/BRANDS/ELESTY.HTML
ELEVACITY	ELEVACITY	gosupps.com	HTTPS://WWW.GOSUPPS.COM/BRANDS/ELEVACITY.HTML
ELFESOUL	ELFESOUL1	gosupps.com	HTTPS://WWW.GOSUPPS.COM/BRANDS/ELFESOUL-1.HTML
ELFIRLY	ELFIRLY	gosupps.com	HTTPS://WWW.GOSUPPS.COM/BRANDS/ELFIRLY.HTML
ELIACE	ELIACE	gosupps.com	HTTPS://WWW.GOSUPPS.COM/BEAUTY-BRANDS/ELIACE.HTML
ELIAGLOW	ELIAGLOW	gosupps.com	HTTPS://WWW.GOSUPPS.COM/BRANDS/ELIAGLOW.HTML
ELIAVALTH	ELIAVALTH2	gosupps.com	HTTPS://WWW.GOSUPPS.COM/BRANDS/ELIAVALTH-2.HTML
ELIPHS	ELIPHS	gosupps.com	HTTPS://WWW.GOSUPPS.COM/BRANDS/ELIPHS.HTML?DIR=ASC&ORDER=NAME
ELITEEMO	ELITEEMO	gosupps.com	HTTPS://WWW.GOSUPPS.COM/BRANDS/ELITEEMO.HTML?DIR=ASC&ORDER=NAME
ELITEGO	ELITEGO	gosupps.com	HTTPS://WWW.GOSUPPS.COM/BRANDS/ELITEGO.HTML
ELITETECHGEAR	ELITETECHGEAR	gosupps.com	HTTPS://WWW.GOSUPPS.COM/BRANDS/ELITE-TECH-GEAR.HTML?DIR=DESC&ORDER=BEST_SELLING
ELITETRIBE	ELITETRIBE	gosupps.com	HTTPS://WWW.GOSUPPS.COM/BRANDS/ELITE-TRIBE.HTML
ELIVERSION	ELIVERSION	gosupps.com	HTTPS://WWW.GOSUPPS.COM/BRANDS/ELIVERSION.HTML?DIR=DESC&ORDER=NAME
ELIVERSION	ELIVERSION	gosupps.com	HTTPS://WWW.GOSUPPS.COM/BEAUTY-BRANDS/ELIVERSION.HTML
ELLESY	ELLESY	gosupps.com	HTTPS://WWW.GOSUPPS.COM/BRANDS/ELLESY.HTML
ELLYEMMY	ELLYEMMY	gosupps.com	HTTPS://WWW.GOSUPPS.COM/BRANDS/ELLY-EMMY.HTML
ELMCHEE	ELMCHEE	gosupps.com	HTTPS://WWW.GOSUPPS.COM/BRANDS/ELMCHEE.HTML
ELOTAME	ELOTAME	gosupps.com	HTTPS://WWW.GOSUPPS.COM/BRANDS/ELOTAME.HTML
ELUTONG	ELUTONG	gosupps.com	HTTPS://WWW.GOSUPPS.COM/BRANDS/ELUTONG.HTML
ELVIRESPORT	ELVIRESPORT	gosupps.com	HTTPS://WWW.GOSUPPS.COM/BRANDS/ELVIRE-SPORT.HTML
ELVYAI	ELVYAI	gosupps.com	HTTPS://WWW.GOSUPPS.COM/BRANDS/ELVY-AI.HTML
ELWISH	ELWISH	gosupps.com	HTTPS://WWW.GOSUPPS.COM/BRANDS/ELWISH.HTML?DIR=ASC&ORDER=POSITION
ELYSEOUL	ELYSEOUL	gosupps.com	HTTPS://WWW.GOSUPPS.COM/BEAUTY-BRANDS/ELYSEOUL.HTML
ELYSEOUL	ELYSEOUL	gosupps.com	HTTPS://WWW.GOSUPPS.COM/BRANDS/ELYSEOUL.HTML?DIR=DESC&ORDER=BEST_SELLING
EMEKIAN	EMEKIAN	gosupps.com	HTTPS://WWW.GOSUPPS.COM/BRANDS/EMEKIAN.HTML
EMEMAPPAREL	EMEMAPPAREL	gosupps.com	HTTPS://WWW.GOSUPPS.COM/BRANDS/EMEM-APPAREL.HTML?DIR=ASC&ORDER=NAME
EMILYDEALS	EMILYDEALS	gosupps.com	HTTPS://WWW.GOSUPPS.COM/BRANDS/EMILYDEALS.HTML
EMILYSTORES	EMILYSTORES	gosupps.com	HTTPS://WWW.GOSUPPS.COM/BRANDS/EMILYSTORES.HTML?DIR=DESC&ORDER=POSITION
EMISTAR	EMISTAR	gosupps.com	HTTPS://WWW.GOSUPPS.COM/BRANDS/EMISTAR.HTML?DIR=DESC&ORDER=NAME
EMISTEM	EMISTEM	gosupps.com	HTTPS://WWW.GOSUPPS.COM/BRANDS/EMISTEM.HTML
EMOCCI	EMOCCIPRO	gosupps.com	HTTPS://WWW.GOSUPPS.COM/BRANDS/EMOCCI-PRO.HTML
EMOCCIPRO	EMOCCIPRO	gosupps.com	HTTPS://WWW.GOSUPPS.COM/BRANDS/EMOCCI-PRO.HTML
EMOSHAYOGA	EMOSHAYOGA	gosupps.com	HTTPS://WWW.GOSUPPS.COM/BRANDS/EMOSHAYOGA.HTML?DIR=ASC&ORDER=NAME
EMPOWLINE	EMPOWLINE	gosupps.com	HTTPS://WWW.GOSUPPS.COM/BRANDS/EMPOWLINE.HTML?DIR=DESC&ORDER=PRICE
ENCANLIGHT	ENCANLIGHT	gosupps.com	HTTPS://WWW.GOSUPPS.COM/BRANDS/ENCANLIGHT.HTML
ENDMAN	ENDMAN	gosupps.com	HTTPS://WWW.GOSUPPS.COM/BRANDS/ENDMAN.HTML
ENDOTO	ENDOTO	gosupps.com	HTTPS://WWW.GOSUPPS.COM/BRANDS/ENDOTO.HTML?DIR=ASC&ORDER=NAME
ENERBONE	ENERBONE	gosupps.com	HTTPS://WWW.GOSUPPS.COM/BRANDS/ENERBONE.HTML
ENERGYBOOST70	ENERGYBOOST70	gosupps.com	HTTPS://WWW.GOSUPPS.COM/BRANDS/ENERGY-BOOST-70.HTML
ENFAMILPRENATALSBABYVITAMIN	ENFAMILPRENATALSBABYVITAMINS	gosupps.com	HTTPS://WWW.GOSUPPS.COM/BRANDS/ENFAMIL-PRENATALS-BABY-VITAMINS.HTML
ENFORTEN	ENFORTEN3	gosupps.com	HTTPS://WWW.GOSUPPS.COM/BRANDS/ENFORTEN-3.HTML
ENGINDOT	ENGINDOT	gosupps.com	HTTPS://WWW.GOSUPPS.COM/BRANDS/ENGINDOT.HTML
ENHUAGOLF	ENHUAGOLF	gosupps.com	HTTPS://WWW.GOSUPPS.COM/BRANDS/ENHUA-GOLF.HTML
ENIMAY	ENIMAY	gosupps.com	HTTPS://WWW.GOSUPPS.COM/BRANDS/ENIMAY.HTML
ENJOYEE	ENJOYEE	gosupps.com	HTTPS://WWW.GOSUPPS.COM/BRANDS/ENJOYEE.HTML
ENNSU	ENSSU	gosupps.com	HTTPS://WWW.GOSUPPS.COM/BRANDS/ENSSU.HTML?DIR=ASC&ORDER=PRICE&P=2
ENOIN	ENOIN	gosupps.com	HTTPS://WWW.GOSUPPS.COM/BRANDS/ENOIN.HTML
ENPACK	ENPACK	gosupps.com	HTTPS://WWW.GOSUPPS.COM/BRANDS/ENPACK.HTML?DIR=DESC&ORDER=NAME
ENRIPRT	ENRIPRT	gosupps.com	HTTPS://WWW.GOSUPPS.COM/BRANDS/ENRIPRT.HTML
ENSHEY	ENSHEY	gosupps.com	HTTPS://WWW.GOSUPPS.COM/BRANDS/ENSHEY.HTML
ENSSU	ENSSU	gosupps.com	HTTPS://WWW.GOSUPPS.COM/BRANDS/ENSSU.HTML?DIR=ASC&ORDER=PRICE&P=2
ENTATIAL	ENTATIAL5	gosupps.com	HTTPS://WWW.GOSUPPS.COM/BRANDS/ENTATIAL-5.HTML
ENTSPORT	ENTSPORT	gosupps.com	HTTPS://WWW.GOSUPPS.COM/BRANDS/ENTSPORT.HTML?DIR=DESC&ORDER=NAME
ENVYCURE	ENVYCURE	gosupps.com	HTTPS://WWW.GOSUPPS.COM/BRANDS/ENVYCURE.HTML
ENVYDEAL	ENVYDEAL	gosupps.com	HTTPS://WWW.GOSUPPS.COM/BRANDS/ENVYDEAL.HTML?DIR=DESC&ORDER=PRICE
ENYUWLCM	ENYUWLCM	gosupps.com	HTTPS://WWW.GOSUPPS.COM/BRANDS/ENYUWLCM.HTML
ENZEMIT	ENZEMIT	gosupps.com	HTTPS://WWW.GOSUPPS.COM/BRANDS/ENZEMIT.HTML
ENZOKEN	ENZOKEN	gosupps.com	HTTPS://WWW.GOSUPPS.COM/BEAUTY-BRANDS/ENZO-KEN.HTML
EOHAK	EOHAK	gosupps.com	HTTPS://WWW.GOSUPPS.COM/BRANDS/EOHAK.HTML
EONPOW	EONPOW	gosupps.com	HTTPS://WWW.GOSUPPS.COM/BRANDS/EONPOW.HTML
EOOMA	EOOMA	gosupps.com	HTTPS://WWW.GOSUPPS.COM/BRANDS/EOOMA.HTML
EOSPRIM	EOSPRIM	gosupps.com	HTTPS://WWW.GOSUPPS.COM/BRANDS/EOSPRIM.HTML
EOSVAP	EOSVAP	gosupps.com	HTTPS://WWW.GOSUPPS.COM/BRANDS/EOSVAP.HTML?DIR=ASC&ORDER=NAME
EOTW	EOTW	gosupps.com	HTTPS://WWW.GOSUPPS.COM/BRANDS/EOTW.HTML?DIR=DESC&ORDER=PRICE
EPABO	EPABO	gosupps.com	HTTPS://WWW.GOSUPPS.COM/BRANDS/EPABO.HTML
EPAKH	EPAKH	gosupps.com	HTTPS://WWW.GOSUPPS.COM/BRANDS/EPAKH.HTML
EPHLYN	EPHLYN	gosupps.com	HTTPS://WWW.GOSUPPS.COM/BRANDS/EPHLYN.HTML
EPNSUPPLEMENTS	EPNSUPPLEMENTS	gosupps.com	HTTPS://WWW.GOSUPPS.COM/BRANDS/EPN-SUPPLEMENTS.HTML
EPOLEATRIES	EPOLEATRIES	gosupps.com	HTTPS://WWW.GOSUPPS.COM/BRANDS/EPOLEATRIES.HTML
ERADREAM	ERADREAM	gosupps.com	HTTPS://WWW.GOSUPPS.COM/BRANDS/ERADREAM.HTML
ERBRA	ERBRA	gosupps.com	HTTPS://WWW.GOSUPPS.COM/BRANDS/ERBRA.HTML
ERHIVORA	ERHIVORA	gosupps.com	HTTPS://WWW.GOSUPPS.COM/BRANDS/ERHIVORA.HTML
ERHUIDA	ERHUIDA	gosupps.com	HTTPS://WWW.GOSUPPS.COM/BRANDS/ERHUIDA.HTML
ERICOTRY	ERICOTRY	gosupps.com	HTTPS://WWW.GOSUPPS.COM/BEAUTY-BRANDS/ERICOTRY.HTML
ERKIES	ERKIES	gosupps.com	HTTPS://WWW.GOSUPPS.COM/BRANDS/ERKIES.HTML
ERLIGPOWHT	ERLIGPOWHT	gosupps.com	HTTPS://WWW.GOSUPPS.COM/BRANDS/ERLIGPOWHT.HTML
ERLINGERYI	ERLINGERYI	gosupps.com	HTTPS://WWW.GOSUPPS.COM/BEAUTY-BRANDS/ERLINGERYI.HTML
ERNZI	ERNZI	gosupps.com	HTTPS://WWW.GOSUPPS.COM/BRANDS/ERNZI.HTML?DIR=ASC&ORDER=NAME
ERONGDIAN	ERONGDIAN	gosupps.com	HTTPS://WWW.GOSUPPS.COM/BRANDS/ERONGDIAN.HTML?DIR=ASC&ORDER=NAME
EROSOM	EROSOM	gosupps.com	HTTPS://WWW.GOSUPPS.COM/BRANDS/EROSOM.HTML?DIR=ASC&ORDER=NAME
EROUGE	EROUGE	gosupps.com	HTTPS://WWW.GOSUPPS.COM/BRANDS/EROUGE.HTML
ERPMLYO	ERPMLYO	gosupps.com	HTTPS://WWW.GOSUPPS.COM/BEAUTY-BRANDS/ERPMLYO.HTML
ERWEICET	ERWEICET	gosupps.com	HTTPS://WWW.GOSUPPS.COM/BRANDS/ERWEICET.HTML?DIR=ASC&ORDER=POSITION
ESHOO	ESHOO	gosupps.com	HTTPS://WWW.GOSUPPS.COM/BRANDS/ESHOO.HTML
ESLYYDS	ESLYYDS	gosupps.com	HTTPS://WWW.GOSUPPS.COM/BRANDS/ESLYYDS.HTML
ESOBO	ESOBO	gosupps.com	HTTPS://WWW.GOSUPPS.COM/BRANDS/ESOBO.HTML?DIR=DESC&ORDER=BEST_SELLING
ESOCA	ESOCA	gosupps.com	HTTPS://WWW.GOSUPPS.COM/BRANDS/ESOCA.HTML?DIR=ASC&ORDER=NAME
ESSENTIALLYKATES	ESSENTIALLYKATES	gosupps.com	HTTPS://WWW.GOSUPPS.COM/BRANDS/ESSENTIALLY-KATES.HTML
ESSENYA	ESSENYA	gosupps.com	HTTPS://WWW.GOSUPPS.COM/BRANDS/ESSENYA.HTML?DIR=DESC&ORDER=PRICE
ESSORT	ESSORT	gosupps.com	HTTPS://WWW.GOSUPPS.COM/BRANDS/ESSORT.HTML?DIR=ASC&ORDER=NAME
ESSYNATURALSADVANCED	ESSYNATURALSADVANCED	gosupps.com	HTTPS://WWW.GOSUPPS.COM/BRANDS/ESSYNATURALS-ADVANCED.HTML?DIR=ASC&ORDER=PRICE
ESTLILY	ESTLILY	gosupps.com	HTTPS://WWW.GOSUPPS.COM/BRANDS/ESTLILY.HTML
ESTOUR	ESTOUR	gosupps.com	HTTPS://WWW.GOSUPPS.COM/BRANDS/ESTOUR.HTML
ESTUNE	ESTUNE1	gosupps.com	HTTPS://WWW.GOSUPPS.COM/BRANDS/ESTUNE-1.HTML
ESTYLV	ESTHELIV	gosupps.com	HTTPS://WWW.GOSUPPS.COM/BRANDS/ESTHELIV.HTML
ESYEST	ESYEST3	gosupps.com	HTTPS://WWW.GOSUPPS.COM/BRANDS/ESYEST-3.HTML
ETACOSMETICS	ETACOSMETICS	gosupps.com	HTTPS://WWW.GOSUPPS.COM/BRANDS/ETA-COSMETICS.HTML
ETBOTU	ETBOTU	gosupps.com	HTTPS://WWW.GOSUPPS.COM/BRANDS/ETBOTU.HTML
ETEDES	ETEDES	gosupps.com	HTTPS://WWW.GOSUPPS.COM/BEAUTY-BRANDS/ETEDES.HTML
ETUIH	ETUIH	gosupps.com	HTTPS://WWW.GOSUPPS.COM/BRANDS/ETUIH.HTML?DIR=ASC&ORDER=PRICE
ETWAR	ETWAR	gosupps.com	HTTPS://WWW.GOSUPPS.COM/BRANDS/ETWAR.HTML?DIR=DESC&ORDER=BEST_SELLING_SORT
EUICAE	EUICAE	gosupps.com	HTTPS://WWW.GOSUPPS.COM/BEAUTY-BRANDS/EUICAE.HTML
EUJGOOV	EUJGOOV	gosupps.com	HTTPS://WWW.GOSUPPS.COM/BRANDS/EUJGOOV.HTML?P=3
EULLA	EULLA	gosupps.com	HTTPS://WWW.GOSUPPS.COM/BRANDS/EULLA.HTML?DIR=ASC&ORDER=NAME
EUNZEL	EUNZEL	gosupps.com	HTTPS://WWW.GOSUPPS.COM/BRANDS/EUNZEL.HTML
EUPHORIABLISS	EUPHORIABLISS	gosupps.com	HTTPS://WWW.GOSUPPS.COM/BRANDS/EUPHORIA-BLISS.HTML
EVANDA	EVANDA	gosupps.com	HTTPS://WWW.GOSUPPS.COM/BRANDS/EVANDA.HTML
EVERFAREL	EVERFAREL	gosupps.com	HTTPS://WWW.GOSUPPS.COM/BRANDS/EVERFAREL.HTML
EVERFAVOR	EVERFAVOR1	gosupps.com	HTTPS://WWW.GOSUPPS.COM/BRANDS/EVERFAVOR-1.HTML
EVERMARKET	EVERMARKET3	gosupps.com	HTTPS://WWW.GOSUPPS.COM/BRANDS/EVERMARKET-3.HTML
EVERYMILE	EVERYMILE	gosupps.com	HTTPS://WWW.GOSUPPS.COM/BRANDS/EVERYMILE.HTML?DIR=ASC&ORDER=NAME
EVERYYAY	EVERYYAY	gosupps.com	HTTPS://WWW.GOSUPPS.COM/BRANDS/EVERYYAY.HTML
EVIKOO	EVIKOO	gosupps.com	HTTPS://WWW.GOSUPPS.COM/BRANDS/EVIKOO.HTML
EVOVEE	EVOVEE	gosupps.com	HTTPS://WWW.GOSUPPS.COM/BRANDS/EVOVEE.HTML
EVUIOAS	EVUIOAS	gosupps.com	HTTPS://WWW.GOSUPPS.COM/BRANDS/EVUIOAS.HTML
EWILIBE	EWILIBE	gosupps.com	HTTPS://WWW.GOSUPPS.COM/BRANDS/EWILIBE.HTML
EWPJDK	EWPJDK	gosupps.com	HTTPS://WWW.GOSUPPS.COM/BRANDS/EWPJDK.HTML?DIR=ASC&ORDER=BEST_SELLING_SORT
EWUONU	EWUONU	gosupps.com	HTTPS://WWW.GOSUPPS.COM/BRANDS/EWUONU.HTML
EXCALLA	EXCALLA6	gosupps.com	HTTPS://WWW.GOSUPPS.COM/BRANDS/EXCALLA-6.HTML
EXCERCUS	EXCERCUS	gosupps.com	HTTPS://WWW.GOSUPPS.COM/BRANDS/EXCERCUS.HTML?DIR=ASC&ORDER=POSITION
EXCEREY	EXCEREY	gosupps.com	HTTPS://WWW.GOSUPPS.COM/BRANDS/EXCEREY.HTML?DIR=ASC&ORDER=POSITION
EXECUTIVECOMMUNICATIONSYSTEMS	EXECUTIVECOMMUNICATIONSYSTEMS	gosupps.com	HTTPS://WWW.GOSUPPS.COM/BRANDS/EXECUTIVE-COMMUNICATION-SYSTEMS.HTML?DIR=ASC&ORDER=NAME
EXEMABA	EXEMABA1	gosupps.com	HTTPS://WWW.GOSUPPS.COM/BRANDS/EXEMABA-1.HTML?DIR=DESC&ORDER=PRICE
EXERSCRIBE	EXERSCRIBE	gosupps.com	HTTPS://WWW.GOSUPPS.COM/BRANDS/EXERSCRIBE.HTML
EXERSHIELD	EXERSHIELD	gosupps.com	HTTPS://WWW.GOSUPPS.COM/BRANDS/EXERSHIELD.HTML
EXPOINTERNATIONALEXPBK	EXPOINTERNATIONAL	gosupps.com	HTTPS://WWW.GOSUPPS.COM/BRANDS/EXPO-INTERNATIONAL-INC.HTML
EXPRESSIONSGIRL	EXPRESSIONSGIRL	gosupps.com	HTTPS://WWW.GOSUPPS.COM/BRANDS/EXPRESSIONS-GIRL.HTML?DIR=ASC&ORDER=POSITION
EXPTOLII	EXPTOLII3	gosupps.com	HTTPS://WWW.GOSUPPS.COM/BRANDS/EXPTOLII-3.HTML
EXSHOW	EXSHOW	gosupps.com	HTTPS://WWW.GOSUPPS.COM/BRANDS/EXSHOW.HTML?DIR=ASC&ORDER=BEST_SELLING
EXTENUATINGTHREADS	EXTENUATINGTHREADS	gosupps.com	HTTPS://WWW.GOSUPPS.COM/BRANDS/EXTENUATING-THREADS.HTML
EXTFANS	EXTFANS	gosupps.com	HTTPS://WWW.GOSUPPS.COM/BRANDS/EXTFANS.HTML
EXTRAPINS	EXTRAPINS	gosupps.com	HTTPS://WWW.GOSUPPS.COM/BRANDS/EXTRAPINS.HTML
EXTREMEPRODUCTSGROUP	EPGEXTREMEPRODUCTSGROUP	gosupps.com	HTTPS://WWW.GOSUPPS.COM/BRANDS/EPG-EXTREME-PRODUCTS-GROUP.HTML
EXTRIC	EXTRIC	gosupps.com	HTTPS://WWW.GOSUPPS.COM/BRANDS/EXTRIC.HTML
EXZACT	EXZACT	gosupps.com	HTTPS://WWW.GOSUPPS.COM/BRANDS/EXZACT.HTML?DIR=ASC&ORDER=BEST_SELLING_SORT
EXZEIT	EXZEIT	gosupps.com	HTTPS://WWW.GOSUPPS.COM/BRANDS/EXZEIT.HTML
EYELOV	EYELOV3	gosupps.com	HTTPS://WWW.GOSUPPS.COM/BRANDS/EYELOV-3.HTML
EYL	EYLMEDICALSUPPLIES	gosupps.com	HTTPS://WWW.GOSUPPS.COM/BRANDS/EYL-MEDICAL-SUPPLIES.HTML
EYOBE	EYOBE	gosupps.com	HTTPS://WWW.GOSUPPS.COM/BRANDS/EYOBE.HTML
EYUSHIJIA	EYUSHIJIA	gosupps.com	HTTPS://WWW.GOSUPPS.COM/BRANDS/EYUSHIJIA.HTML
EZCASA	EZCASA	gosupps.com	HTTPS://WWW.GOSUPPS.COM/BRANDS/EZCASA.HTML?DIR=ASC&ORDER=NAME
EZCASA	EZCASA	gosupps.com	HTTPS://WWW.GOSUPPS.COM/BEAUTY-BRANDS/EZCASA.HTML
EZESO	EZESOESSENTIALSKINCARE3	gosupps.com	HTTPS://WWW.GOSUPPS.COM/BRANDS/EZESO-ESSENTIAL-SKINCARE-3.HTML
EZESOESSENTIALSKINCARE	EZESOESSENTIALSKINCARE3	gosupps.com	HTTPS://WWW.GOSUPPS.COM/BRANDS/EZESO-ESSENTIAL-SKINCARE-3.HTML
EZLIFEGO	EZLIFEGO	gosupps.com	HTTPS://WWW.GOSUPPS.COM/BRANDS/EZLIFEGO.HTML
EZNDURAY	EZNDURAY	gosupps.com	HTTPS://WWW.GOSUPPS.COM/BRANDS/EZNDURAY.HTML
EZONA	EZONA	gosupps.com	HTTPS://WWW.GOSUPPS.COM/BRANDS/EZONA.HTML
EZTOTZ	EZTOTZ	gosupps.com	HTTPS://WWW.GOSUPPS.COM/BRANDS/EZTOTZ.HTML
EZUISVE	EZUISVE	gosupps.com	HTTPS://WWW.GOSUPPS.COM/BRANDS/EZUISVE.HTML
EZYOUTDOOR	EZYOUTDOOR	gosupps.com	HTTPS://WWW.GOSUPPS.COM/BRANDS/EZYOUTDOOR.HTML?DIR=ASC&ORDER=NAME
EZZKE	EZZKE	gosupps.com	HTTPS://WWW.GOSUPPS.COM/BRANDS/EZZKE.HTML?DIR=ASC&ORDER=NAME
FABBAY	FABBAY	gosupps.com	HTTPS://WWW.GOSUPPS.COM/BRANDS/FABBAY.HTML?DIR=DESC&ORDER=BEST_SELLING
FABQUALITY	FABQUALITY	gosupps.com	HTTPS://WWW.GOSUPPS.COM/BRANDS/FABQUALITY.HTML?DIR=DESC&ORDER=BEST_SELLING_SORT
FABURO	FABURO	gosupps.com	HTTPS://WWW.GOSUPPS.COM/BRANDS/FABURO.HTML
FACCITO	FACCITO	gosupps.com	HTTPS://WWW.GOSUPPS.COM/BRANDS/FACCITO.HTML
FACEIL	FACEIL	gosupps.com	HTTPS://WWW.GOSUPPS.COM/BRANDS/FACEIL.HTML?DIR=ASC&ORDER=POSITION
FACMOOD	FACMOOD	gosupps.com	HTTPS://WWW.GOSUPPS.COM/BRANDS/FACMOOD.HTML?DIR=ASC&ORDER=NAME
FADACAI	FADACAI	gosupps.com	HTTPS://WWW.GOSUPPS.COM/BRANDS/FADACAI.HTML
FAELBATY	FAELBATY	gosupps.com	HTTPS://WWW.GOSUPPS.COM/BRANDS/FAELBATY.HTML
FAFAFROG	FAFAFROG	gosupps.com	HTTPS://WWW.GOSUPPS.COM/BRANDS/FAFAFROG.HTML?DIR=ASC&ORDER=PRICE
FAHXNVB	FAHXNVB	gosupps.com	HTTPS://WWW.GOSUPPS.COM/BRANDS/FAHXNVB.HTML?DIR=ASC&ORDER=PRICE&P=2
FAIRLYODDTREASURES	FAIRLYODDTREASURES	gosupps.com	HTTPS://WWW.GOSUPPS.COM/BRANDS/FAIRLY-ODD-TREASURES.HTML?DIR=ASC&ORDER=POSITION
FALEMEI	FALEMEI	gosupps.com	HTTPS://WWW.GOSUPPS.COM/BRANDS/FALEMEI.HTML
FALIM	FALIM	gosupps.com	HTTPS://WWW.GOSUPPS.COM/BRANDS/FALIM.HTML?DIR=DESC&ORDER=BEST_SELLING_SORT
FAMALL	FAMALL	gosupps.com	HTTPS://WWW.GOSUPPS.COM/BRANDS/FAMALL.HTML
FAMASTON	FAMASTON	gosupps.com	HTTPS://WWW.GOSUPPS.COM/BRANDS/FAMASTON.HTML?DIR=ASC&ORDER=POSITION
FAMIKAKO	FAMIKAKO	gosupps.com	HTTPS://WWW.GOSUPPS.COM/BRANDS/FAMIKAKO.HTML
FAMILL	FAMILL3	gosupps.com	HTTPS://WWW.GOSUPPS.COM/BRANDS/FAMILL-3.HTML
FAMIRY	FAMIRY	gosupps.com	HTTPS://WWW.GOSUPPS.COM/BRANDS/FAMIRY.HTML
FANBX	FANBXF	gosupps.com	HTTPS://WWW.GOSUPPS.COM/BRANDS/FANBX-F.HTML
FANCET	FANCET	gosupps.com	HTTPS://WWW.GOSUPPS.COM/BRANDS/FANCET.HTML
FANCYFAMS	FANCYFAMS	gosupps.com	HTTPS://WWW.GOSUPPS.COM/BRANDS/FANCYFAMS.HTML
FANGUU	FANGUU	gosupps.com	HTTPS://WWW.GOSUPPS.COM/BRANDS/FANGUU.HTML
FANLECY	FANLECY	gosupps.com	HTTPS://WWW.GOSUPPS.COM/BRANDS/FANLECY.HTML
FANME	FANME	gosupps.com	HTTPS://WWW.GOSUPPS.COM/BRANDS/FANME.HTML
FANNAS	FANNAS2	gosupps.com	HTTPS://WWW.GOSUPPS.COM/BRANDS/FANNAS-2.HTML
FANSTINOW	FANSTINOW3	gosupps.com	HTTPS://WWW.GOSUPPS.COM/BRANDS/FANSTINOW-3.HTML
FANTASEAL	FANTASEAL	gosupps.com	HTTPS://WWW.GOSUPPS.COM/BRANDS/FANTASEAL.HTML?DIR=DESC&ORDER=BEST_SELLING
FANTLUX	FANTLUX	gosupps.com	HTTPS://WWW.GOSUPPS.COM/BRANDS/FANT-LUX.HTML
FANXOO	FANXOO	gosupps.com	HTTPS://WWW.GOSUPPS.COM/BRANDS/FANXOO.HTML
FANXUS	FANXUS2	gosupps.com	HTTPS://WWW.GOSUPPS.COM/BRANDS/FANXUS-2.HTML?DIR=ASC&ORDER=PRICE&P=2
FAONIE	FAONIE	gosupps.com	HTTPS://WWW.GOSUPPS.COM/BRANDS/FAONIE.HTML
FARMERQUEEN	FARMERQUEEN	gosupps.com	HTTPS://WWW.GOSUPPS.COM/BRANDS/FARMER-QUEEN.HTML?DIR=ASC&ORDER=NAME
FAROOT	FAROOT	gosupps.com	HTTPS://WWW.GOSUPPS.COM/BRANDS/FAROOT.HTML
FARUIJIE	FARUIJIE	gosupps.com	HTTPS://WWW.GOSUPPS.COM/BRANDS/FARUIJIE.HTML
FARUIJIE	FARUIJIE	gosupps.com	HTTPS://WWW.GOSUPPS.COM/BEAUTY-BRANDS/FARUIJIE.HTML?DIR=DESC&ORDER=PRICE
FASHIONTATS	FASHIONTATS	gosupps.com	HTTPS://WWW.GOSUPPS.COM/BRANDS/FASHIONTATS.HTML?DIR=ASC&ORDER=PRICE
FASHIXD	FASHIXD	gosupps.com	HTTPS://WWW.GOSUPPS.COM/BRANDS/FASHIXD.HTML?DIR=DESC&ORDER=PRICE
FASLVINK	FASLVINK	gosupps.com	HTTPS://WWW.GOSUPPS.COM/BRANDS/FASLVINK.HTML
FASYOU	FASYOU	gosupps.com	HTTPS://WWW.GOSUPPS.COM/BRANDS/FASYOU.HTML
FASZFSAF	FASFSAF	gosupps.com	HTTPS://WWW.GOSUPPS.COM/BRANDS/FASFSAF.HTML
FATEFAN	FATEFAN	gosupps.com	HTTPS://WWW.GOSUPPS.COM/BRANDS/FATEFAN.HTML
FAUKAIT	FAUKAIT	gosupps.com	HTTPS://WWW.GOSUPPS.COM/BRANDS/FAUKAIT.HTML
FAUXOMOR	FAUXOMOR	gosupps.com	HTTPS://WWW.GOSUPPS.COM/BRANDS/FAUXOMOR.HTML
FAVIRZCE	FAVIRZCE	gosupps.com	HTTPS://WWW.GOSUPPS.COM/BRANDS/FAVIRZCE.HTML
FAVOFIT	FAVOFIT	gosupps.com	HTTPS://WWW.GOSUPPS.COM/BRANDS/FAVOFIT.HTML?DIR=ASC&ORDER=POSITION
FAVRISON	FAVRISON	gosupps.com	HTTPS://WWW.GOSUPPS.COM/BEAUTY-BRANDS/FAVRISON.HTML
FAVRISON	FAVRISON	gosupps.com	HTTPS://WWW.GOSUPPS.COM/BRANDS/FAVRISON.HTML
FAXCO	FAXCO	gosupps.com	HTTPS://WWW.GOSUPPS.COM/BRANDS/FAXCO.HTML
FAYASU	FAYASU	gosupps.com	HTTPS://WWW.GOSUPPS.COM/BRANDS/FAYASU.HTML?DIR=DESC&ORDER=NAME
FAYWARE	FAYWARE	gosupps.com	HTTPS://WWW.GOSUPPS.COM/BRANDS/FAYWARE.HTML
FAYYA	FAYYA3	gosupps.com	HTTPS://WWW.GOSUPPS.COM/BRANDS/FAYYA-3.HTML?DIR=ASC&ORDER=BEST_SELLING_SORT&P=3
FCHWWIG	FCHWWIG	gosupps.com	HTTPS://WWW.GOSUPPS.COM/BRANDS/FCHW-WIG.HTML
FCNUSX	FCNUSX	gosupps.com	HTTPS://WWW.GOSUPPS.COM/BRANDS/FCNUSX.HTML
FCYSY	FCYSY	gosupps.com	HTTPS://WWW.GOSUPPS.COM/BEAUTY-BRANDS/FCYSY.HTML
FDMGEL	FDMGEL	gosupps.com	HTTPS://WWW.GOSUPPS.COM/BRANDS/FDMGEL.HTML
FEALAY	FEALAY	gosupps.com	HTTPS://WWW.GOSUPPS.COM/BRANDS/FEALAY.HTML?DIR=DESC&ORDER=BEST_SELLING_SORT
FEAMERO	FEAMERO	gosupps.com	HTTPS://WWW.GOSUPPS.COM/BRANDS/FEAMERO.HTML
FEANTEEK	FEANTEEK	gosupps.com	HTTPS://WWW.GOSUPPS.COM/BRANDS/FEANTEEK.HTML
FEATCH	FEATCH	gosupps.com	HTTPS://WWW.GOSUPPS.COM/BRANDS/FEATCH.HTML
FECIHOR	FECIHOR	gosupps.com	HTTPS://WWW.GOSUPPS.COM/BEAUTY-BRANDS/FECIHOR.HTML?DIR=ASC&ORDER=PRICE
FEDANS	FEDANS	gosupps.com	HTTPS://WWW.GOSUPPS.COM/BRANDS/FEDANS.HTML?DIR=ASC&ORDER=BEST_SELLING&P=2
FEECCOFITNESS	FEECCOFITNESS	gosupps.com	HTTPS://WWW.GOSUPPS.COM/BRANDS/FEECCO-FITNESS.HTML
FEECOZ	FEECOZ	gosupps.com	HTTPS://WWW.GOSUPPS.COM/BRANDS/FEECOZ.HTML?P=3
FEEIN	FEEIN	gosupps.com	HTTPS://WWW.GOSUPPS.COM/BRANDS/FEEIN.HTML
FEEKE	FEEKE	gosupps.com	HTTPS://WWW.GOSUPPS.COM/BRANDS/FEEKE.HTML?DIR=ASC&ORDER=NAME&P=2
FEEKEPET	FEEKE	gosupps.com	HTTPS://WWW.GOSUPPS.COM/BRANDS/FEEKE.HTML?DIR=ASC&ORDER=NAME&P=2
FEEKO	FEEKO	gosupps.com	HTTPS://WWW.GOSUPPS.COM/BRANDS/FEEKO.HTML
FEELGOODORGANICS	FEELGOODORGANICSUPERFOODS	gosupps.com	HTTPS://WWW.GOSUPPS.COM/BRANDS/FEELGOOD-ORGANIC-SUPERFOODS.HTML?DIR=DESC&ORDER=BEST_SELLING
FEELGOODSUPERFOODS	FEELGOODSUPERFOODS	gosupps.com	HTTPS://WWW.GOSUPPS.COM/BRANDS/FEELGOOD-SUPERFOODS.HTML
FEELGREAT365	FEELGREAT365	gosupps.com	HTTPS://WWW.GOSUPPS.COM/BRANDS/FEEL-GREAT-365.HTML
FEETLU	FEETLU	gosupps.com	HTTPS://WWW.GOSUPPS.COM/BRANDS/FEETLU.HTML
FEEYAR	FEEYAR	gosupps.com	HTTPS://WWW.GOSUPPS.COM/BRANDS/FEEYAR.HTML
FEEYE	FEEYE	gosupps.com	HTTPS://WWW.GOSUPPS.COM/BRANDS/FEEYE.HTML?DIR=ASC&ORDER=POSITION
FEHROMINGER	FEHROMINGER	gosupps.com	HTTPS://WWW.GOSUPPS.COM/BRANDS/FEHROMINGER.HTML
FEIDAGUOJI	FEICAOJI	gosupps.com	HTTPS://WWW.GOSUPPS.COM/BRANDS/FEICAOJI.HTML
FEIMAX	FEIMAX	gosupps.com	HTTPS://WWW.GOSUPPS.COM/BRANDS/FEIMAX.HTML
FEIMENGJEWELRY	FEIMENGJEWELRY	gosupps.com	HTTPS://WWW.GOSUPPS.COM/BRANDS/FEIMENG-JEWELRY.HTML?DIR=ASC&ORDER=NAME
FEIMINI	FEIMINI	gosupps.com	HTTPS://WWW.GOSUPPS.COM/BEAUTY-BRANDS/FEIMINI.HTML
FEINION	FEINION	gosupps.com	HTTPS://WWW.GOSUPPS.COM/BRANDS/FEINION.HTML
FEIRTON	FEIRTON	gosupps.com	HTTPS://WWW.GOSUPPS.COM/BRANDS/FEIRTON.HTML?DIR=ASC&ORDER=NAME
FEISATE	FEISATE	gosupps.com	HTTPS://WWW.GOSUPPS.COM/BRANDS/FEISATE.HTML
FEISCO	FEISCO2	gosupps.com	HTTPS://WWW.GOSUPPS.COM/BRANDS/FEISCO-2.HTML
FEIVO	FEIVO	gosupps.com	HTTPS://WWW.GOSUPPS.COM/BRANDS/FEIVO.HTML
FEIYOLD	FEIYOLD	gosupps.com	HTTPS://WWW.GOSUPPS.COM/BRANDS/FEIYOLD.HTML
FELISTORY	FELISTORY	gosupps.com	HTTPS://WWW.GOSUPPS.COM/BRANDS/FELISTORY.HTML
FELIZMAX	FELIZMAX	gosupps.com	HTTPS://WWW.GOSUPPS.COM/BRANDS/FELIZMAX.HTML?DIR=DESC&ORDER=NAME
FELTECHELECTR	FELTECHELECTR	gosupps.com	HTTPS://WWW.GOSUPPS.COM/BRANDS/FELTECHELECTR.HTML?DIR=ASC&ORDER=POSITION&P=4
FEMALUX	FEMALUX2	gosupps.com	HTTPS://WWW.GOSUPPS.COM/BRANDS/FEMALUX-2.HTML
FEMBW	FEMBW	gosupps.com	HTTPS://WWW.GOSUPPS.COM/BRANDS/FEMBW.HTML
FEMIBON	FEMIBION	gosupps.com	HTTPS://WWW.GOSUPPS.COM/BRANDS/FEMIBION.HTML?DIR=ASC&ORDER=POSITION
FEMOMETERFAMILY	FEMOMETERFAMILY3	gosupps.com	HTTPS://WWW.GOSUPPS.COM/BRANDS/FEMOMETER-FAMILY-3.HTML
FENAIR	FENAIR	gosupps.com	HTTPS://WWW.GOSUPPS.COM/BRANDS/FENAIR.HTML
FENELY	FENELY	gosupps.com	HTTPS://WWW.GOSUPPS.COM/BRANDS/FENELY.HTML?DIR=ASC&ORDER=PRICE
FENGDONG	FENGDONG	gosupps.com	HTTPS://WWW.GOSUPPS.COM/BRANDS/FENGDONG.HTML
FENGIRL	FENGIRL	gosupps.com	HTTPS://WWW.GOSUPPS.COM/BRANDS/FENGIRL.HTML?DIR=DESC&ORDER=NAME
FENGLIREN	FENGLIREN	gosupps.com	HTTPS://WWW.GOSUPPS.COM/BRANDS/FENGLIREN.HTML?DIR=ASC&ORDER=NAME
FENJANER	FENJANER	gosupps.com	HTTPS://WWW.GOSUPPS.COM/BRANDS/FENJANER.HTML
FENOMO	FENOMO	gosupps.com	HTTPS://WWW.GOSUPPS.COM/BRANDS/FENOMO.HTML
FENSHINE	FENSHINE	gosupps.com	HTTPS://WWW.GOSUPPS.COM/BRANDS/FENSHINE.HTML
FENXINCHIP	FENXINCHIP	gosupps.com	HTTPS://WWW.GOSUPPS.COM/BRANDS/FENXINCHIP.HTML?DIR=ASC&ORDER=NAME
FERAMOX	FERAMOX	gosupps.com	HTTPS://WWW.GOSUPPS.COM/BRANDS/FERAMOX.HTML
FERCLA	FERCLA	gosupps.com	HTTPS://WWW.GOSUPPS.COM/BRANDS/FERCLA.HTML
FERGRELMAE	FERGRELMAABBCC	gosupps.com	HTTPS://WWW.GOSUPPS.COM/BRANDS/FERGRELMAABBCC.HTML
FERRAYCLE	FERRAYCLE	gosupps.com	HTTPS://WWW.GOSUPPS.COM/BRANDS/FERRAYCLE.HTML
FETNHU	FETNHU	gosupps.com	HTTPS://WWW.GOSUPPS.COM/BRANDS/FETNHU.HTML?DIR=ASC&ORDER=POSITION&P=2
FFCHUANHE	FFCHUANHE	gosupps.com	HTTPS://WWW.GOSUPPS.COM/BRANDS/FFCHUANHE.HTML
FFLAMMI	FFLAMMI	gosupps.com	HTTPS://WWW.GOSUPPS.COM/BRANDS/F-FLAMMI.HTML
FFOK	FFOK	gosupps.com	HTTPS://WWW.GOSUPPS.COM/BRANDS/FFOK.HTML
FGTAGTAL	FGTAGTAL	gosupps.com	HTTPS://WWW.GOSUPPS.COM/BRANDS/FGTAGTAL.HTML
FHINE	FHINE	gosupps.com	HTTPS://WWW.GOSUPPS.COM/BRANDS/FHINE.HTML?DIR=ASC&ORDER=PRICE
FHONGELECTRONICCOLIMITED	FHONGELECTRONICCOLIMITED	gosupps.com	HTTPS://WWW.GOSUPPS.COM/BRANDS/F-HONG-ELECTRONIC-CO-LIMITED.HTML
FHSRETAIL	FHSRETAIL	gosupps.com	HTTPS://WWW.GOSUPPS.COM/BRANDS/FHS-RETAIL.HTML
FIBEE	FIBEE	gosupps.com	HTTPS://WWW.GOSUPPS.COM/BRANDS/FIBEE.HTML
FIBOUND	FIBOUND	gosupps.com	HTTPS://WWW.GOSUPPS.COM/BRANDS/FIBOUND.HTML?DIR=ASC&ORDER=PRICE
FIDITUIH	FIDITUIH	gosupps.com	HTTPS://WWW.GOSUPPS.COM/BEAUTY-BRANDS/FIDITUIH.HTML?DIR=ASC&ORDER=POSITION
FIEWMAY	FIEWMAY	gosupps.com	HTTPS://WWW.GOSUPPS.COM/BEAUTY-BRANDS/FIEWMAY.HTML?DIR=DESC&ORDER=NAME
FIEWSZIHU	FIEWSZIHU3	gosupps.com	HTTPS://WWW.GOSUPPS.COM/BRANDS/FIEWSZIHU-3.HTML
FIFIGO	FIFIGO	gosupps.com	HTTPS://WWW.GOSUPPS.COM/BEAUTY-BRANDS/FIFIGO.HTML
FIHAPYLI	FIHAPYLI	gosupps.com	HTTPS://WWW.GOSUPPS.COM/BRANDS/FIHAPYLI.HTML
FIICO	FIICO	gosupps.com	HTTPS://WWW.GOSUPPS.COM/BRANDS/FIICO.HTML
FIKWO	FIKWO	gosupps.com	HTTPS://WWW.GOSUPPS.COM/BRANDS/FIKWO.HTML
FILASLFT	FILASLFT	gosupps.com	HTTPS://WWW.GOSUPPS.COM/BRANDS/FILASLFT.HTML
FIMAGO	FIMAGO	gosupps.com	HTTPS://WWW.GOSUPPS.COM/BRANDS/FIMAGO.HTML
FIN86	FIN86	gosupps.com	HTTPS://WWW.GOSUPPS.COM/BRANDS/FIN86.HTML
FINDCOZY	FINDCOZY	gosupps.com	HTTPS://WWW.GOSUPPS.COM/BRANDS/FINDCOZY.HTML?DIR=DESC&ORDER=NAME
FINENIC	FINENIC	gosupps.com	HTTPS://WWW.GOSUPPS.COM/BRANDS/FINENIC.HTML
FINESER	FINESER	gosupps.com	HTTPS://WWW.GOSUPPS.COM/BRANDS/FINESER.HTML
FINESSCITY	FINESSCITY	gosupps.com	HTTPS://WWW.GOSUPPS.COM/BRANDS/FINESSCITY.HTML?DIR=ASC&ORDER=NAME
FINEVINEORGANICS	FINEVINEORGANICS	gosupps.com	HTTPS://WWW.GOSUPPS.COM/BRANDS/FINEVINE-ORGANICS.HTML?DIR=ASC&ORDER=NAME
FINGERANGEL	FINGERANGEL	gosupps.com	HTTPS://WWW.GOSUPPS.COM/BRANDS/FINGER-ANGEL.HTML?DIR=ASC&ORDER=PRICE
FINGERQUEEN	FINGERQUEEN	gosupps.com	HTTPS://WWW.GOSUPPS.COM/BRANDS/FINGER-QUEEN.HTML
FINGERTEN	FINGERTEN	gosupps.com	HTTPS://WWW.GOSUPPS.COM/BRANDS/FINGER-TEN.HTML?DIR=ASC&ORDER=PRICE
FIPASEN	FIPASEN	gosupps.com	HTTPS://WWW.GOSUPPS.COM/BRANDS/FIPASEN.HTML?DIR=ASC&ORDER=NAME
FIREBOOMOON	FIREBOOMOON	gosupps.com	HTTPS://WWW.GOSUPPS.COM/BRANDS/FIREBOOMOON.HTML
FIRONST	FIRONST	gosupps.com	HTTPS://WWW.GOSUPPS.COM/BRANDS/FIRONST.HTML
FIROT	FIROT	gosupps.com	HTTPS://WWW.GOSUPPS.COM/BRANDS/FIROT.HTML
FIRSKIDS	FIRSKIDS	gosupps.com	HTTPS://WWW.GOSUPPS.COM/BRANDS/FIRSKIDS.HTML?DIR=ASC&ORDER=NAME
FIRSTFLY	FIRSTFLY	gosupps.com	HTTPS://WWW.GOSUPPS.COM/BRANDS/FIRSTFLY.HTML
FISHDOWN	FISHDOWN	gosupps.com	HTTPS://WWW.GOSUPPS.COM/BRANDS/FISHDOWN.HTML
FISHERNOMICS	FISHERNOMICS	gosupps.com	HTTPS://WWW.GOSUPPS.COM/BRANDS/FISHERNOMICS.HTML
FISHPROS	FISHPROS	gosupps.com	HTTPS://WWW.GOSUPPS.COM/BRANDS/FISH-PROS.HTML
FISTRAGEFR	FISTRAGEFR	gosupps.com	HTTPS://WWW.GOSUPPS.COM/BRANDS/FISTRAGE-FR.HTML?DIR=DESC&ORDER=NAME
FISTRAGEFR	FISTRAGEFR	gosupps.com	HTTPS://WWW.GOSUPPS.COM/BRANDS/FISTRAGE-FR.HTML
FITDOM	FITDOM	gosupps.com	HTTPS://WWW.GOSUPPS.COM/BRANDS/FITDOM.HTML
FITEROC	FITEROC	gosupps.com	HTTPS://WWW.GOSUPPS.COM/BRANDS/FITEROC.HTML
FITEVER	FITEVER	gosupps.com	HTTPS://WWW.GOSUPPS.COM/BRANDS/FITEVER.HTML
FITHEAVEN	FITHEAVEN1	gosupps.com	HTTPS://WWW.GOSUPPS.COM/BRANDS/FITHEAVEN-1.HTML
FITHEAVEN	FITHEAVEN	gosupps.com	HTTPS://WWW.GOSUPPS.COM/BEAUTY-BRANDS/FITHEAVEN.HTML
FITIEFUN	FITIFUN	gosupps.com	HTTPS://WWW.GOSUPPS.COM/BRANDS/FITIFUN.HTML
FITNCLEANHERBSANDSPICES	FITNCLEANHERBSANDSPICES	gosupps.com	HTTPS://WWW.GOSUPPS.COM/BRANDS/FITNCLEAN-HERBS-AND-SPICES.HTML
FITRELL	FITRELL	gosupps.com	HTTPS://WWW.GOSUPPS.COM/BRANDS/FITRELL.HTML
FITRU	FITRU	gosupps.com	HTTPS://WWW.GOSUPPS.COM/BRANDS/FITRU.HTML?DIR=ASC&ORDER=NAME
FITTIA	FITTIA	gosupps.com	HTTPS://WWW.GOSUPPS.COM/BRANDS/FITTIA.HTML
FIUFUL	FIUFUL	gosupps.com	HTTPS://WWW.GOSUPPS.COM/BRANDS/FIUFUL.HTML
FIVEWAN	FIVEWAN	gosupps.com	HTTPS://WWW.GOSUPPS.COM/BRANDS/FIVEWAN.HTML
FIVING	FIVING	gosupps.com	HTTPS://WWW.GOSUPPS.COM/BRANDS/FIVING.HTML?DIR=DESC&ORDER=NAME
FIXBODY	FIXBODY	gosupps.com	HTTPS://WWW.GOSUPPS.COM/BRANDS/FIXBODY.HTML?P=1
FIXDEEP	FIXDEEP	gosupps.com	HTTPS://WWW.GOSUPPS.COM/BRANDS/FIXDEEP.HTML?DIR=ASC&ORDER=PRICE
FIXSMITH	FIXSMITH	gosupps.com	HTTPS://WWW.GOSUPPS.COM/BRANDS/FIXSMITH.HTML
FIXZILLA	FIXZILLA	gosupps.com	HTTPS://WWW.GOSUPPS.COM/BRANDS/FIXZILLA.HTML
FIZZBENEFITZ	FIZZBENEFITZ	gosupps.com	HTTPS://WWW.GOSUPPS.COM/BEAUTY-BRANDS/FIZZBENEFITZ.HTML
FLADORA	FLADORA	gosupps.com	HTTPS://WWW.GOSUPPS.COM/BRANDS/FLADORA.HTML
FLADY	FLADY	gosupps.com	HTTPS://WWW.GOSUPPS.COM/BRANDS/FLADY.HTML
FLAGEST	FLAGEST	gosupps.com	HTTPS://WWW.GOSUPPS.COM/BRANDS/FLAGEST.HTML
FLAMMI	FFLAMMI	gosupps.com	HTTPS://WWW.GOSUPPS.COM/BRANDS/F-FLAMMI.HTML
FLANDI	FLANDI	gosupps.com	HTTPS://WWW.GOSUPPS.COM/BEAUTY-BRANDS/FLANDI.HTML?DIR=DESC&ORDER=BEST_SELLING_SORT
FLASKARS	FLASKARS	gosupps.com	HTTPS://WWW.GOSUPPS.COM/BRANDS/FLASKARS.HTML?DIR=DESC&ORDER=PRICE
FLAVORFOREST	FLAVORFOREST	gosupps.com	HTTPS://WWW.GOSUPPS.COM/BRANDS/FLAVOR-FOREST.HTML?DIR=ASC&ORDER=POSITION
FLEXAMED	FLEXAMED	gosupps.com	HTTPS://WWW.GOSUPPS.COM/BRANDS/FLEXAMED.HTML?DIR=ASC&ORDER=BEST_SELLING
FLEXGUARDSUPPORT	FLEXGUARDSUPPORT	gosupps.com	HTTPS://WWW.GOSUPPS.COM/BRANDS/FLEXGUARD-SUPPORT.HTML
FLIBEN	FLIBEN	gosupps.com	HTTPS://WWW.GOSUPPS.COM/BRANDS/FLIBEN.HTML
FLIRESY	FLIRESY	gosupps.com	HTTPS://WWW.GOSUPPS.COM/BEAUTY-BRANDS/FLIRESY.HTML
FLOATIDEA	FLOATIDEA	gosupps.com	HTTPS://WWW.GOSUPPS.COM/BRANDS/FLOATIDEA.HTML?DIR=ASC&ORDER=NAME
FLOWSCUBAGEAR	FLOWSCUBAGEAR	gosupps.com	HTTPS://WWW.GOSUPPS.COM/BRANDS/FLOW-SCUBA-GEAR.HTML
FLUFYMOOZ	FLUFYMOOZ	gosupps.com	HTTPS://WWW.GOSUPPS.COM/BRANDS/FLUFYMOOZ.HTML?DIR=ASC&ORDER=NAME&P=2
FLUORY	FLUORY	gosupps.com	HTTPS://WWW.GOSUPPS.COM/BRANDS/FLUORY.HTML?DIR=ASC&ORDER=NAME
FLYAMAPIRIT	FLYAMAPIRIT3	gosupps.com	HTTPS://WWW.GOSUPPS.COM/BRANDS/FLYAMAPIRIT-3.HTML
FLYHOOM	FLYHOOM	gosupps.com	HTTPS://WWW.GOSUPPS.COM/BRANDS/FLYHOOM.HTML
FLYUFO	FLYUFO	gosupps.com	HTTPS://WWW.GOSUPPS.COM/BRANDS/FLYUFO.HTML
FMJI	FMJI	gosupps.com	HTTPS://WWW.GOSUPPS.COM/BRANDS/FMJI.HTML?DIR=ASC&ORDER=PRICE
FOCARADO	FOCARADO	gosupps.com	HTTPS://WWW.GOSUPPS.COM/BRANDS/FOCARADO.HTML
FOCIPEYSA	FOCIPEYSA	gosupps.com	HTTPS://WWW.GOSUPPS.COM/BRANDS/FOCIPEYSA.HTML
FOCUBOODY	FOCUBOODY	gosupps.com	HTTPS://WWW.GOSUPPS.COM/BRANDS/FOCUBOODY.HTML
FOCUSCARE	FOCUSCARE	gosupps.com	HTTPS://WWW.GOSUPPS.COM/BRANDS/FOCUSCARE.HTML
FOCUSGEAR	FOCUSGEAR	gosupps.com	HTTPS://WWW.GOSUPPS.COM/BRANDS/FOCUSGEAR.HTML
FODATTM	FODAT4	gosupps.com	HTTPS://WWW.GOSUPPS.COM/BRANDS/FODATTM-4.HTML
FOIBURELY	FOIBURELY	gosupps.com	HTTPS://WWW.GOSUPPS.COM/BRANDS/FOIBURELY.HTML?DIR=DESC&ORDER=BEST_SELLING
FOKIIBO	FOKIIBO	gosupps.com	HTTPS://WWW.GOSUPPS.COM/BRANDS/FOKIIBO.HTML?DIR=ASC&ORDER=BEST_SELLING_SORT
FOLDTIER	FOLDTIER	gosupps.com	HTTPS://WWW.GOSUPPS.COM/BRANDS/FOLDTIER.HTML
FOLETO	FOLETO	gosupps.com	HTTPS://WWW.GOSUPPS.COM/BRANDS/FOLETO.HTML
FOLISHINE	FOLISHINE	gosupps.com	HTTPS://WWW.GOSUPPS.COM/BRANDS/FOLISHINE.HTML?DIR=ASC&ORDER=PRICE
FOLORA	FOLORA	gosupps.com	HTTPS://WWW.GOSUPPS.COM/BRANDS/FOLORA.HTML
FOMIYES	FOMIYES	gosupps.com	HTTPS://WWW.GOSUPPS.COM/BRANDS/FOMIYES.HTML
FONDAY	FONDAY	gosupps.com	HTTPS://WWW.GOSUPPS.COM/BRANDS/FONDAY.HTML?DIR=ASC&ORDER=PRICE&P=2
FONDERMOLS	FONDERMOLS	gosupps.com	HTTPS://WWW.GOSUPPS.COM/BRANDS/FONDER-MOLS.HTML
FONESTUFF	FONESTUFF	gosupps.com	HTTPS://WWW.GOSUPPS.COM/BRANDS/FONESTUFF.HTML
FONRRONI	FONRRONI	gosupps.com	HTTPS://WWW.GOSUPPS.COM/BRANDS/FONRRONI.HTML
FOOSI	FOOSI	gosupps.com	HTTPS://WWW.GOSUPPS.COM/BRANDS/FOOSI.HTML
FOOTINSOLECOM	FOOTINSOLECOM	gosupps.com	HTTPS://WWW.GOSUPPS.COM/BRANDS/FOOTINSOLE-COM.HTML?DIR=ASC&ORDER=BEST_SELLING_SORT
FORABELI	FORABELI	gosupps.com	HTTPS://WWW.GOSUPPS.COM/BRANDS/FORABELI.HTML
FORGEDDICECO	FORGEDDICECO	gosupps.com	HTTPS://WWW.GOSUPPS.COM/BRANDS/FORGED-DICE-CO.HTML?DIR=DESC&ORDER=NAME
FORICH	FORICH	gosupps.com	HTTPS://WWW.GOSUPPS.COM/BRANDS/FORICH.HTML
FOROGORE	FOROGORE	gosupps.com	HTTPS://WWW.GOSUPPS.COM/BRANDS/FOROGORE.HTML
FORSONE	FORSONE	gosupps.com	HTTPS://WWW.GOSUPPS.COM/BRANDS/FORSONE.HTML
FORTHERYWOMEN	FORTHERYWOMEN	gosupps.com	HTTPS://WWW.GOSUPPS.COM/BRANDS/FORTHERY-WOMEN.HTML
FORTHIQ	FORTHIQ	gosupps.com	HTTPS://WWW.GOSUPPS.COM/BRANDS/FORTHIQ.HTML
FORTUNINGSJDS	FORTUNINGSJDS	gosupps.com	HTTPS://WWW.GOSUPPS.COM/BRANDS/FORTUNING-S-JDS.HTML
FORUU	FORUU	gosupps.com	HTTPS://WWW.GOSUPPS.COM/BRANDS/FORUU.HTML
FOSER	FOSER	gosupps.com	HTTPS://WWW.GOSUPPS.COM/BRANDS/FOSER.HTML
FOSIYAA	FOSIYA	gosupps.com	HTTPS://WWW.GOSUPPS.COM/BRANDS/FOSIYA.HTML
FOTGA	FOTGA	gosupps.com	HTTPS://WWW.GOSUPPS.COM/BRANDS/FOTGA.HTML
FOUF	FOUF	gosupps.com	HTTPS://WWW.GOSUPPS.COM/BRANDS/FOUF.HTML?DIR=ASC&ORDER=NAME
FOUNTAINSERUMCOMPANY	FOUNTAINSERUMCOMPANY	gosupps.com	HTTPS://WWW.GOSUPPS.COM/BRANDS/FOUNTAIN-SERUM-COMPANY.HTML
FOURSTEEDS	FOURSTEEDS	gosupps.com	HTTPS://WWW.GOSUPPS.COM/BRANDS/FOURSTEEDS.HTML
FOVANGA	FOWENDIA	gosupps.com	HTTPS://WWW.GOSUPPS.COM/BRANDS/FOWENDIA.HTML
FOVCOS	FOVCOS	gosupps.com	HTTPS://WWW.GOSUPPS.COM/BRANDS/FOVCOS.HTML?DIR=DESC&ORDER=BEST_SELLING_SORT
FOVER	FOVER	gosupps.com	HTTPS://WWW.GOSUPPS.COM/BRANDS/FOVER.HTML?DIR=ASC&ORDER=PRICE
FOXIVO	FOXIVO	gosupps.com	HTTPS://WWW.GOSUPPS.COM/BRANDS/FOXIVO.HTML
FOXMM	FOXMM	gosupps.com	HTTPS://WWW.GOSUPPS.COM/BRANDS/FOXMM.HTML
FOXNSK	FOXNSK	gosupps.com	HTTPS://WWW.GOSUPPS.COM/BRANDS/FOXNSK.HTML
FOXYOO	FOXYOO	gosupps.com	HTTPS://WWW.GOSUPPS.COM/BRANDS/FOXYOO.HTML?DIR=ASC&ORDER=POSITION
FOXZONE	FOXZONE	gosupps.com	HTTPS://WWW.GOSUPPS.COM/BRANDS/FOXZONE.HTML
FOYERNUAGE	FOYERNUAGE	gosupps.com	HTTPS://WWW.GOSUPPS.COM/BRANDS/FOYER-NUAGE.HTML
FOYOJO	FOJOJO	gosupps.com	HTTPS://WWW.GOSUPPS.COM/BRANDS/FOJOJO.HTML
FOYTE	FOYTE	gosupps.com	HTTPS://WWW.GOSUPPS.COM/BRANDS/FOYTE.HTML
FPGEAR	FPGEAR	gosupps.com	HTTPS://WWW.GOSUPPS.COM/BRANDS/FPGEAR.HTML
FRACODA	FRACODA	gosupps.com	HTTPS://WWW.GOSUPPS.COM/BRANDS/FRACODA.HTML?DIR=DESC&ORDER=BEST_SELLING_SORT
FRAGRANTSHARE	FRAGRANTSHARE	gosupps.com	HTTPS://WWW.GOSUPPS.COM/BRANDS/FRAGRANTSHARE.HTML
FRANKTECH	FRANKTECH	gosupps.com	HTTPS://WWW.GOSUPPS.COM/BRANDS/FRANKTECH.HTML
FREEBILY	FREEBILY	gosupps.com	HTTPS://WWW.GOSUPPS.COM/BRANDS/FREEBILY.HTML?DIR=DESC&ORDER=BEST_SELLING
FREEDOMGROOMING	FREEDOMGROOMING	gosupps.com	HTTPS://WWW.GOSUPPS.COM/BRANDS/FREEDOM-GROOMING.HTML
FREEFA	FREEFA	gosupps.com	HTTPS://WWW.GOSUPPS.COM/BRANDS/FREEFA.HTML
FREEGENE	FREEGENE	gosupps.com	HTTPS://WWW.GOSUPPS.COM/BRANDS/FREEGENE.HTML?DIR=ASC&ORDER=POSITION
FREEKITE	FREEKITE	gosupps.com	HTTPS://WWW.GOSUPPS.COM/BRANDS/FREEKITE.HTML?DIR=ASC&ORDER=NAME
FREESEA	FREESEA	gosupps.com	HTTPS://WWW.GOSUPPS.COM/BRANDS/FREESEA.HTML?DIR=ASC&ORDER=PRICE
FREFEEL	FREFEEL	gosupps.com	HTTPS://WWW.GOSUPPS.COM/BEAUTY-BRANDS/FREFEEL.HTML
FREFEEL	FREFEEL	gosupps.com	HTTPS://WWW.GOSUPPS.COM/BRANDS/FREFEEL.HTML
FREGUM	FREGUM	gosupps.com	HTTPS://WWW.GOSUPPS.COM/BEAUTY-BRANDS/FREGUM.HTML
FREIDAANDJOE	FREIDAANDJOE	gosupps.com	HTTPS://WWW.GOSUPPS.COM/BRANDS/FREIDA-AND-JOE.HTML?DIR=DESC&ORDER=BEST_SELLING_SORT
FRENSHION	FRENSHION	gosupps.com	HTTPS://WWW.GOSUPPS.COM/BRANDS/FRENSHION.HTML
FRERDUI	FRERDUI	gosupps.com	HTTPS://WWW.GOSUPPS.COM/BEAUTY-BRANDS/FRERDUI.HTML
FREREFETER	FREREFETER	gosupps.com	HTTPS://WWW.GOSUPPS.COM/BEAUTY-BRANDS/FREREFETER.HTML
FRESHBODYFB	FRESHBODYFB	gosupps.com	HTTPS://WWW.GOSUPPS.COM/BRANDS/FRESH-BODY-FB.HTML
FRESHLIGHT	FRESHLIGHT	gosupps.com	HTTPS://WWW.GOSUPPS.COM/BRANDS/FRESHLIGHT.HTML
FRESHME	FRESHME	gosupps.com	HTTPS://WWW.GOSUPPS.COM/BRANDS/FRESHME.HTML?DIR=ASC&ORDER=POSITION
FRESHORE	FRESHORE	gosupps.com	HTTPS://WWW.GOSUPPS.COM/BRANDS/FRESHORE.HTML
FRICARE	FRICARE	gosupps.com	HTTPS://WWW.GOSUPPS.COM/BRANDS/FRICARE.HTML?DIR=DESC&ORDER=BEST_SELLING
FRICHO	FRICHO	gosupps.com	HTTPS://WWW.GOSUPPS.COM/BRANDS/FRICHO.HTML?DIR=ASC&ORDER=BEST_SELLING_SORT
FRIENDRIVER	FRIENDRIVER	gosupps.com	HTTPS://WWW.GOSUPPS.COM/BRANDS/FRIENDRIVER.HTML
FRIEQ	FRIEQ	gosupps.com	HTTPS://WWW.GOSUPPS.COM/BRANDS/FRIEQ.HTML
FRIFER	FRIFER	gosupps.com	HTTPS://WWW.GOSUPPS.COM/BRANDS/FRIFER.HTML?DIR=DESC&ORDER=PRICE
FRLEDM	FRLEDM	gosupps.com	HTTPS://WWW.GOSUPPS.COM/BRANDS/FRLEDM.HTML?DIR=DESC&ORDER=PRICE
FROLA	FROLA	gosupps.com	HTTPS://WWW.GOSUPPS.COM/BRANDS/FROLA.HTML
FROOMER	FROOMER	gosupps.com	HTTPS://WWW.GOSUPPS.COM/BRANDS/FROOMER.HTML?DIR=DESC&ORDER=NAME
FROSCH	FROSCH	gosupps.com	HTTPS://WWW.GOSUPPS.COM/BRANDS/FROSCH.HTML
FRSHANIAH	FRSHANIAH	gosupps.com	HTTPS://WWW.GOSUPPS.COM/BRANDS/FRSHANIAH.HTML
FRTKK	FRTKK	gosupps.com	HTTPS://WWW.GOSUPPS.COM/BRANDS/FRTKK.HTML?DIR=DESC&ORDER=BEST_SELLING
FRUIDLES	FRUIDLES	gosupps.com	HTTPS://WWW.GOSUPPS.COM/BRANDS/FRUIDLES.HTML
FSTCRT	FSTCRT	gosupps.com	HTTPS://WWW.GOSUPPS.COM/BRANDS/FSTCRT.HTML
FTVOGUE	FTVOGUE	gosupps.com	HTTPS://WWW.GOSUPPS.COM/BRANDS/FTVOGUE.HTML
FUANKANG	FUANKANG	gosupps.com	HTTPS://WWW.GOSUPPS.COM/BRANDS/FUANKANG.HTML?DIR=DESC&ORDER=BEST_SELLING_SORT
FUDULE	FUDULE	gosupps.com	HTTPS://WWW.GOSUPPS.COM/BRANDS/FUDULE.HTML
FUDUO	FUDUO	gosupps.com	HTTPS://WWW.GOSUPPS.COM/BRANDS/FUDUO.HTML
FUEIYITA	FUEIYITA	gosupps.com	HTTPS://WWW.GOSUPPS.COM/BRANDS/FUEIYITA.HTML
FUHUIM	FUHUIM	gosupps.com	HTTPS://WWW.GOSUPPS.COM/BRANDS/FUHUIM.HTML?DIR=DESC&ORDER=NAME
FUISETAEA	FUISETAEA	gosupps.com	HTTPS://WWW.GOSUPPS.COM/BRANDS/FUISETAEA.HTML
FUKIDOG	FUKIDOG	gosupps.com	HTTPS://WWW.GOSUPPS.COM/BRANDS/FUKIDOG.HTML
FUKUEN	FUKUEN	gosupps.com	HTTPS://WWW.GOSUPPS.COM/BRANDS/FUKUEN.HTML
FULABAO	FULABAO	gosupps.com	HTTPS://WWW.GOSUPPS.COM/BRANDS/FULA-BAO.HTML
FULENYI	FULENYI	gosupps.com	HTTPS://WWW.GOSUPPS.COM/BRANDS/FULENYI.HTML?DIR=ASC&ORDER=PRICE
FULLLIGHTTECH	FULLLIGHTTECH	gosupps.com	HTTPS://WWW.GOSUPPS.COM/BRANDS/FULLLIGHT-TECH.HTML
FULLSOFT	FULLSOFT	gosupps.com	HTTPS://WWW.GOSUPPS.COM/BRANDS/FULLSOFT.HTML
FULLWARE	FULLWARE	gosupps.com	HTTPS://WWW.GOSUPPS.COM/BRANDS/FULLWARE.HTML
FUMAX	FUMAX3	gosupps.com	HTTPS://WWW.GOSUPPS.COM/BRANDS/FUMAX-3.HTML
FUMEIKANG	FUMEIKANG	gosupps.com	HTTPS://WWW.GOSUPPS.COM/BEAUTY-BRANDS/FUMEIKANG.HTML
FUMILE	FUMILE	gosupps.com	HTTPS://WWW.GOSUPPS.COM/BRANDS/FUMILE.HTML?DIR=ASC&ORDER=PRICE
FUNBASE	FUNBASE	gosupps.com	HTTPS://WWW.GOSUPPS.COM/BRANDS/FUNBASE.HTML
FUNBLISS	FUNBLISS	gosupps.com	HTTPS://WWW.GOSUPPS.COM/BRANDS/FUNBLISS.HTML?DIR=ASC&ORDER=BEST_SELLING
FUNCHIC	FUNCHIC	gosupps.com	HTTPS://WWW.GOSUPPS.COM/BRANDS/FUNCHIC.HTML
FUNDAFUL	FUNDAFUL	gosupps.com	HTTPS://WWW.GOSUPPS.COM/BRANDS/FUNDAFUL.HTML?DIR=ASC&ORDER=POSITION
FUNFERY	FUNFERY	gosupps.com	HTTPS://WWW.GOSUPPS.COM/BRANDS/FUNFERY.HTML
FUNGAVIR	FUNGAVIR	gosupps.com	HTTPS://WWW.GOSUPPS.COM/BRANDS/FUNGAVIR.HTML?DIR=ASC&ORDER=PRICE
FUNGENIX	FUNGENIX	gosupps.com	HTTPS://WWW.GOSUPPS.COM/BRANDS/FUNGENIX.HTML
FUNKEEN	FUNKEEN	gosupps.com	HTTPS://WWW.GOSUPPS.COM/BRANDS/FUNKEEN.HTML?DIR=ASC&ORDER=NAME
FUNLUCY	FUNLUCY	gosupps.com	HTTPS://WWW.GOSUPPS.COM/BRANDS/FUNLUCY.HTML?DIR=ASC&ORDER=NAME
FUNMOMO	FUNMO	gosupps.com	HTTPS://WWW.GOSUPPS.COM/BRANDS/FUNMO.HTML?DIR=ASC&ORDER=NAME
FUNMOMO	FUNOMO	gosupps.com	HTTPS://WWW.GOSUPPS.COM/BRANDS/FUNOMO.HTML
FUNNYCOKID	FUNNYCOKID	gosupps.com	HTTPS://WWW.GOSUPPS.COM/BRANDS/FUNNYCOKID.HTML?DIR=ASC&ORDER=NAME
FUNSEED	FUNSEED	gosupps.com	HTTPS://WWW.GOSUPPS.COM/BRANDS/FUNSEED.HTML?DIR=ASC&ORDER=NAME
FUNSHOWCASE	FUNSHOWCASE3	gosupps.com	HTTPS://WWW.GOSUPPS.COM/BRANDS/FUNSHOWCASE-3.HTML
FUNTURBO	FUNTURBO	gosupps.com	HTTPS://WWW.GOSUPPS.COM/BRANDS/FUNTURBO.HTML
FUNZBO	FUNZBO	gosupps.com	HTTPS://WWW.GOSUPPS.COM/BRANDS/FUNZBO.HTML
FUPAH	FUPAH	gosupps.com	HTTPS://WWW.GOSUPPS.COM/BRANDS/FUPAH.HTML?DIR=DESC&ORDER=PRICE
FURALAND	FURALAND	gosupps.com	HTTPS://WWW.GOSUPPS.COM/BRANDS/FURALAND.HTML?DIR=ASC&ORDER=NAME
FURGOR	FURGOR	gosupps.com	HTTPS://WWW.GOSUPPS.COM/BRANDS/FURGOR.HTML
FURIDENLITE	FURIDENLITE	gosupps.com	HTTPS://WWW.GOSUPPS.COM/BEAUTY-BRANDS/FURIDEN-LITE.HTML
FURREN	FURREN	gosupps.com	HTTPS://WWW.GOSUPPS.COM/BRANDS/FURREN.HTML
FUSIONBLACKPRO	FUSIONBLACKPRO	gosupps.com	HTTPS://WWW.GOSUPPS.COM/BRANDS/FUSION-BLACK-PRO.HTML?DIR=ASC&ORDER=NAME
FUSIONLIFESTYLE	FUSIONLIFESTYLE	gosupps.com	HTTPS://WWW.GOSUPPS.COM/BRANDS/FUSION-LIFESTYLE.HTML?DIR=ASC&ORDER=PRICE
FUSTORE	FUSTORE	gosupps.com	HTTPS://WWW.GOSUPPS.COM/BRANDS/FU-STORE.HTML
FUTAI	FUTAI	gosupps.com	HTTPS://WWW.GOSUPPS.COM/BRANDS/FUTAI.HTML
FUTUREPLUSX	FUTUREPLUSX	gosupps.com	HTTPS://WWW.GOSUPPS.COM/BRANDS/FUTUREPLUSX.HTML?DIR=ASC&ORDER=NAME
FUTURUP	FUTURUP	gosupps.com	HTTPS://WWW.GOSUPPS.COM/BRANDS/FUTURUP.HTML
FUUFOME	FUUFOME	gosupps.com	HTTPS://WWW.GOSUPPS.COM/BRANDS/FUUFOME.HTML
FUYATINA	FUYATINA	gosupps.com	HTTPS://WWW.GOSUPPS.COM/BRANDS/FUYATINA.HTML
FVLFIL	FVLFIL	gosupps.com	HTTPS://WWW.GOSUPPS.COM/BEAUTY-BRANDS/FVLFIL.HTML?DIR=ASC&ORDER=NAME
FVOAI	FVOAI	gosupps.com	HTTPS://WWW.GOSUPPS.COM/BRANDS/FVOAI.HTML
FYHART	FYHART	gosupps.com	HTTPS://WWW.GOSUPPS.COM/BRANDS/FYHART.HTML
FYNJREX	FYNJREX	gosupps.com	HTTPS://WWW.GOSUPPS.COM/BRANDS/FYNJREX.HTML
FYOBOT	FYOBOT	gosupps.com	HTTPS://WWW.GOSUPPS.COM/BRANDS/FYOBOT.HTML
FYVUS	FYVUS	gosupps.com	HTTPS://WWW.GOSUPPS.COM/BEAUTY-BRANDS/FYVUS.HTML
FYY	FYY	gosupps.com	HTTPS://WWW.GOSUPPS.COM/BRANDS/FYY.HTML
FZANEST	FZANEST	gosupps.com	HTTPS://WWW.GOSUPPS.COM/BRANDS/FZANEST.HTML?DIR=DESC&ORDER=BEST_SELLING_SORT
FZCOK	FZCOK	gosupps.com	HTTPS://WWW.GOSUPPS.COM/BRANDS/FZCOK.HTML
G2GO2GETHER	G2GO2GETHER	gosupps.com	HTTPS://WWW.GOSUPPS.COM/BRANDS/G2-GO2GETHER.HTML
G2PLUS	G2PLUS	gosupps.com	HTTPS://WWW.GOSUPPS.COM/BRANDS/G2PLUS.HTML?P=13
G6SPORTS	G6SPORTS	gosupps.com	HTTPS://WWW.GOSUPPS.COM/BRANDS/G6-SPORTS.HTML
GACKOKO	GACKOKO	gosupps.com	HTTPS://WWW.GOSUPPS.COM/BRANDS/GACKOKO.HTML?DIR=ASC&ORDER=NAME
GADE10	GDAE10	gosupps.com	HTTPS://WWW.GOSUPPS.COM/BRANDS/GDAE10.HTML
GAFATORY	GAFATORY	gosupps.com	HTTPS://WWW.GOSUPPS.COM/BRANDS/GAFATORY.HTML?DIR=ASC&ORDER=PRICE
GAHOO	GAHOO	gosupps.com	HTTPS://WWW.GOSUPPS.COM/BRANDS/GAHOO.HTML
GAHSELEC	GAHSELEC	gosupps.com	HTTPS://WWW.GOSUPPS.COM/BRANDS/GAHSELEC.HTML
GALSPORTS	GALSPORTS	gosupps.com	HTTPS://WWW.GOSUPPS.COM/BRANDS/GALSPORTS.HTML
GAMEXCEL	GAMEXCEL	gosupps.com	HTTPS://WWW.GOSUPPS.COM/BRANDS/GAMEXCEL.HTML?DIR=DESC&ORDER=NAME
GANEN	GGANEN	gosupps.com	HTTPS://WWW.GOSUPPS.COM/BRANDS/G-GANEN.HTML
GANGYUYU	GANGYUYU	gosupps.com	HTTPS://WWW.GOSUPPS.COM/BRANDS/GANGYUYU.HTML
GANNONMED	GANNONMED	gosupps.com	HTTPS://WWW.GOSUPPS.COM/BRANDS/GANNON-MED.HTML?DIR=ASC&ORDER=NAME
GANWAY	GANWAY	gosupps.com	HTTPS://WWW.GOSUPPS.COM/BRANDS/GANWAY.HTML
GAOYIZI	GAOY	gosupps.com	HTTPS://WWW.GOSUPPS.COM/BRANDS/GAOY.HTML?DIR=DESC&ORDER=PRICE
GARDTOK	GARDTOK	gosupps.com	HTTPS://WWW.GOSUPPS.COM/BRANDS/GARDTOK.HTML?DIR=ASC&ORDER=NAME
GARLICRESEARCHLABS	GARLICRESEARCHLABS	gosupps.com	HTTPS://WWW.GOSUPPS.COM/BRANDS/GARLIC-RESEARCH-LABS.HTML?DIR=ASC&ORDER=NAME
GARSENCE	GARSANI	gosupps.com	HTTPS://WWW.GOSUPPS.COM/BRANDS/GARSANI.HTML
GARYOB	GARYOB	gosupps.com	HTTPS://WWW.GOSUPPS.COM/BEAUTY-BRANDS/GARYOB.HTML?DIR=ASC&ORDER=NAME
GASLIKE	GASLIKE	gosupps.com	HTTPS://WWW.GOSUPPS.COM/BRANDS/GASLIKE.HTML
GAUELERY	GAUELERY	gosupps.com	HTTPS://WWW.GOSUPPS.COM/BRANDS/GAUELERY.HTML?P=2
GAUNTINDUSTRIES	GAUNTINDUSTRIES	gosupps.com	HTTPS://WWW.GOSUPPS.COM/BRANDS/GAUNT-INDUSTRIES.HTML
GAUTERF	GAUTERF	gosupps.com	HTTPS://WWW.GOSUPPS.COM/BRANDS/GAUTERF.HTML?DIR=ASC&ORDER=POSITION
GAVIGAIN	GAVIGAIN	gosupps.com	HTTPS://WWW.GOSUPPS.COM/BRANDS/GAVIGAIN.HTML?DIR=ASC&ORDER=PRICE&P=6
GAXCOO	GAXCOO	gosupps.com	HTTPS://WWW.GOSUPPS.COM/BRANDS/GAXCOO.HTML
GAYHAY	GAYHAY	gosupps.com	HTTPS://WWW.GOSUPPS.COM/BRANDS/GAYHAY.HTML?DIR=ASC&ORDER=NAME
GBBAZU	GBBAZU	gosupps.com	HTTPS://WWW.GOSUPPS.COM/BRANDS/GBBAZU.HTML
GBHMED	GBHMED	gosupps.com	HTTPS://WWW.GOSUPPS.COM/BRANDS/GBH-MED.HTML
GBSELL	GBSELL	gosupps.com	HTTPS://WWW.GOSUPPS.COM/BRANDS/GBSELL.HTML
GBZON	GPZON	gosupps.com	HTTPS://WWW.GOSUPPS.COM/BRANDS/GPZON.HTML
GCATACC	GCATACC	gosupps.com	HTTPS://WWW.GOSUPPS.COM/BRANDS/G-CATACC.HTML?DIR=ASC&ORDER=NAME
GDGY	GDGY	gosupps.com	HTTPS://WWW.GOSUPPS.COM/BRANDS/GDGY.HTML
GEANBIOSO	GEANBAYE	gosupps.com	HTTPS://WWW.GOSUPPS.COM/BRANDS/GEANBAYE.HTML
GEARARI	GEARARI	gosupps.com	HTTPS://WWW.GOSUPPS.COM/BRANDS/GEARARI.HTML?DIR=ASC&ORDER=NAME
GEARWEAR	GEARWEAR	gosupps.com	HTTPS://WWW.GOSUPPS.COM/BRANDS/GEARWEAR.HTML
GEERDUO	GEERDUO	gosupps.com	HTTPS://WWW.GOSUPPS.COM/BRANDS/GEERDUO.HTML
GEESHUO	GISOU	gosupps.com	HTTPS://WWW.GOSUPPS.COM/BRANDS/GISOU.HTML?DIR=DESC&ORDER=PRICE&P=6
GEESHUO	GIHUO	gosupps.com	HTTPS://WWW.GOSUPPS.COM/BRANDS/GIHUO.HTML?DIR=DESC&ORDER=BEST_SELLING
GEISOFU	GEISOFU	gosupps.com	HTTPS://WWW.GOSUPPS.COM/BRANDS/GEISOFU.HTML?DIR=DESC&ORDER=BEST_SELLING_SORT
GEKORS	GEKORS	gosupps.com	HTTPS://WWW.GOSUPPS.COM/BRANDS/GEKORS.HTML
GELANTE	GELANTE	gosupps.com	HTTPS://WWW.GOSUPPS.COM/BRANDS/GELANTE.HTML
GELFAVOR	GELFAVOR3	gosupps.com	HTTPS://WWW.GOSUPPS.COM/BRANDS/GELFAVOR-3.HTML
GELMENUTRI	GELMENUTRI	gosupps.com	HTTPS://WWW.GOSUPPS.COM/BRANDS/GELME-NUTRI.HTML
GEMGO	GEMGO	gosupps.com	HTTPS://WWW.GOSUPPS.COM/BRANDS/GEMGO.HTML?DIR=ASC&ORDER=BEST_SELLING_SORT
GENCAREGENERICHEALTHCARE	GENCAREGENERICHEALTHCARE	gosupps.com	HTTPS://WWW.GOSUPPS.COM/BRANDS/GENCARE-GENERIC-HEALTHCARE.HTML
GENDOING	GENDOING	gosupps.com	HTTPS://WWW.GOSUPPS.COM/BRANDS/GENDOING.HTML?DIR=DESC&ORDER=BEST_SELLING_SORT
GENDOINGBBRAND	GENDOING	gosupps.com	HTTPS://WWW.GOSUPPS.COM/BRANDS/GENDOING.HTML?DIR=DESC&ORDER=BEST_SELLING_SORT
GENENIC	GENENIC	gosupps.com	HTTPS://WWW.GOSUPPS.COM/BRANDS/GENENIC.HTML?DIR=DESC&ORDER=BEST_SELLING_SORT
GENERATIC	GENERATIC	gosupps.com	HTTPS://WWW.GOSUPPS.COM/BRANDS/GENERATIC.HTML
GENERICJEUFUN	JEUFUN	gosupps.com	HTTPS://WWW.GOSUPPS.COM/BRANDS/JEUFUN.HTML?P=2
GENERIES	GENERIES	gosupps.com	HTTPS://WWW.GOSUPPS.COM/BRANDS/GENERIES.HTML
GENIUSCURE	GENIUSCURE	gosupps.com	HTTPS://WWW.GOSUPPS.COM/BRANDS/GENIUS-CURE.HTML?DIR=ASC&ORDER=NAME
GENOFO	GENOFO	gosupps.com	HTTPS://WWW.GOSUPPS.COM/BRANDS/GENOFO.HTML
GENRICE	GENRICE	gosupps.com	HTTPS://WWW.GOSUPPS.COM/BRANDS/GENRICE.HTML
GENSKIN	GENSKIN	gosupps.com	HTTPS://WWW.GOSUPPS.COM/BRANDS/GENSKIN.HTML
GENTLEJAW	GENTLEJAW	gosupps.com	HTTPS://WWW.GOSUPPS.COM/BRANDS/GENTLE-JAW.HTML?DIR=ASC&ORDER=NAME
GENTLEMANJON	GENTLEMANJON	gosupps.com	HTTPS://WWW.GOSUPPS.COM/BRANDS/GENTLEMAN-JON.HTML?DIR=ASC&ORDER=POSITION
GENTLEMENREPUBLICGENUINEGROOMING	GENTLEMENREPUBLICGENUINEGROOMING	gosupps.com	HTTPS://WWW.GOSUPPS.COM/BRANDS/GENTLEMEN-REPUBLIC-GENUINE-GROOMING.HTML
GENUBIINDUSTRY	GENUBIINDUSTRY	gosupps.com	HTTPS://WWW.GOSUPPS.COM/BRANDS/GENUBI-INDUSTRY.HTML
GEPOETRY	GEPOETRY	gosupps.com	HTTPS://WWW.GOSUPPS.COM/BRANDS/GEPOETRY.HTML?DIR=DESC&ORDER=BEST_SELLING_SORT
GEPULY	GEPULY	gosupps.com	HTTPS://WWW.GOSUPPS.COM/BRANDS/GEPULY.HTML?DIR=ASC&ORDER=POSITION
GESSEGO	GUSENGO	gosupps.com	HTTPS://WWW.GOSUPPS.COM/BRANDS/GUSENGO.HTML
GETFITSOO	GETFITSOO	gosupps.com	HTTPS://WWW.GOSUPPS.COM/BRANDS/GETFITSOO.HTML
GETINBULK	GETINBULK	gosupps.com	HTTPS://WWW.GOSUPPS.COM/BRANDS/GETINBULK.HTML
GETOO	GETOO	gosupps.com	HTTPS://WWW.GOSUPPS.COM/BRANDS/GETOO.HTML
GETRIC	GETRIC	gosupps.com	HTTPS://WWW.GOSUPPS.COM/BRANDS/GETRIC.HTML
GETRIC	GETRIC	gosupps.com	HTTPS://WWW.GOSUPPS.COM/BEAUTY-BRANDS/GETRIC.HTML
GETSING	GETSING	gosupps.com	HTTPS://WWW.GOSUPPS.COM/BRANDS/GETSING.HTML?DIR=ASC&ORDER=NAME
GEXO	GEXO	gosupps.com	HTTPS://WWW.GOSUPPS.COM/BRANDS/GEXO.HTML
GEXOND	GEZOND	gosupps.com	HTTPS://WWW.GOSUPPS.COM/BRANDS/GEZOND.HTML?DIR=ASC&ORDER=NAME
GEYEE	GEYEE	gosupps.com	HTTPS://WWW.GOSUPPS.COM/BRANDS/GEYEE.HTML?DIR=DESC&ORDER=BEST_SELLING_SORT&P=2
GEYOGA	GEYOGA3	gosupps.com	HTTPS://WWW.GOSUPPS.COM/BRANDS/GEYOGA-3.HTML
GEZHESIWEI	SEIWEI	gosupps.com	HTTPS://WWW.GOSUPPS.COM/BRANDS/SEIWEI.HTML
GEZIMETIE	GEZIMETIE	gosupps.com	HTTPS://WWW.GOSUPPS.COM/BRANDS/GEZIMETIE.HTML
GEZOND	GEZOND	gosupps.com	HTTPS://WWW.GOSUPPS.COM/BRANDS/GEZOND.HTML?DIR=ASC&ORDER=NAME
GGAIYAH	GGAIYAH	gosupps.com	HTTPS://WWW.GOSUPPS.COM/BRANDS/G-GAIYAH.HTML
GGANEN	GGANEN	gosupps.com	HTTPS://WWW.GOSUPPS.COM/BRANDS/G-GANEN.HTML
GGBUY	GGBUY	gosupps.com	HTTPS://WWW.GOSUPPS.COM/BRANDS/GGBUY.HTML?DIR=ASC&ORDER=NAME
GGOOB	GGOOB	gosupps.com	HTTPS://WWW.GOSUPPS.COM/BRANDS/GGOOB.HTML?DIR=ASC&ORDER=PRICE
GGOODGAIN	GGOODGAIN	gosupps.com	HTTPS://WWW.GOSUPPS.COM/BRANDS/G-GOOD-GAIN.HTML
GHANTOY	GHANTOY	gosupps.com	HTTPS://WWW.GOSUPPS.COM/BRANDS/GHANTOY.HTML
GHFY	GHFY	gosupps.com	HTTPS://WWW.GOSUPPS.COM/BRANDS/GHFY.HTML
GHORTHOUD	GHORTHOUD	gosupps.com	HTTPS://WWW.GOSUPPS.COM/BRANDS/GHORTHOUD.HTML?DIR=ASC&ORDER=POSITION&P=3
GHYREX	GHYREX	gosupps.com	HTTPS://WWW.GOSUPPS.COM/BRANDS/GHYREX.HTML?DIR=ASC&ORDER=BEST_SELLING
GIFTSFULFILLED	GIFTSFULFILLED	gosupps.com	HTTPS://WWW.GOSUPPS.COM/BRANDS/GIFTS-FULFILLED.HTML
GIHUNK	GIHUNK	gosupps.com	HTTPS://WWW.GOSUPPS.COM/BEAUTY-BRANDS/GIHUNK.HTML
GIHUO	GIHUO	gosupps.com	HTTPS://WWW.GOSUPPS.COM/BRANDS/GIHUO.HTML?DIR=DESC&ORDER=BEST_SELLING
GIISH	GIISH	gosupps.com	HTTPS://WWW.GOSUPPS.COM/BRANDS/GIISH.HTML?DIR=DESC&ORDER=NAME
GILDECKS	GILDECKS	gosupps.com	HTTPS://WWW.GOSUPPS.COM/BRANDS/GILDECKS.HTML
GIMBO	GIMBO	gosupps.com	HTTPS://WWW.GOSUPPS.COM/BRANDS/GIMBO.HTML
GIMILIFE	GIMILIFE	gosupps.com	HTTPS://WWW.GOSUPPS.COM/BRANDS/GIMILIFE.HTML
GINBEAR	GINBEAR	gosupps.com	HTTPS://WWW.GOSUPPS.COM/BRANDS/GINBEAR.HTML
GINCLEEY	GINCLEEY	gosupps.com	HTTPS://WWW.GOSUPPS.COM/BRANDS/GINCLEEY.HTML
GINDAMU	GINDAMU	gosupps.com	HTTPS://WWW.GOSUPPS.COM/BRANDS/GINDAMU.HTML?DIR=DESC&ORDER=NAME
GINGPAI	GINGPAI	gosupps.com	HTTPS://WWW.GOSUPPS.COM/BRANDS/GINGPAI.HTML
GINGPAIBOXING	GINGPAIBOXING	gosupps.com	HTTPS://WWW.GOSUPPS.COM/BRANDS/GINGPAI-BOXING.HTML?DIR=DESC&ORDER=BEST_SELLING_SORT
GINGPROUS	GINGPROUS	gosupps.com	HTTPS://WWW.GOSUPPS.COM/BRANDS/GINGPROUS.HTML?DIR=ASC&ORDER=NAME
GINSCO	GINSCO	gosupps.com	HTTPS://WWW.GOSUPPS.COM/BRANDS/GINSCO.HTML
GINSER	GINSER	gosupps.com	HTTPS://WWW.GOSUPPS.COM/BRANDS/GINSER.HTML?DIR=ASC&ORDER=PRICE
GINTAO	GINTAO	gosupps.com	HTTPS://WWW.GOSUPPS.COM/BRANDS/GINTAO.HTML
GIORDON	GIORDON	gosupps.com	HTTPS://WWW.GOSUPPS.COM/BRANDS/GIORDON.HTML
GIPIWYB	GIPIWYB	gosupps.com	HTTPS://WWW.GOSUPPS.COM/BRANDS/GIPIWYB.HTML
GIPSUPERMARKET	GIPSUPERMARKET	gosupps.com	HTTPS://WWW.GOSUPPS.COM/BRANDS/GIP-SUPER-MARKET.HTML
GIRAFVINYL	GIRAFVINYL	gosupps.com	HTTPS://WWW.GOSUPPS.COM/BRANDS/GIRAFVINYL.HTML?DIR=DESC&ORDER=PRICE
GISAAE	GISAAE	gosupps.com	HTTPS://WWW.GOSUPPS.COM/BRANDS/GISAAE.HTML
GISTOME	GISTOME	gosupps.com	HTTPS://WWW.GOSUPPS.COM/BRANDS/GISTOME.HTML
GIXIYIDY	GIXIYIDY	gosupps.com	HTTPS://WWW.GOSUPPS.COM/BRANDS/GIXIYIDY.HTML?DIR=DESC&ORDER=NAME
GKGK	GKGK	gosupps.com	HTTPS://WWW.GOSUPPS.COM/BRANDS/GKGK.HTML
GKUTW	GKUTW	gosupps.com	HTTPS://WWW.GOSUPPS.COM/BRANDS/GKUTW.HTML?DIR=ASC&ORDER=POSITION
GLADZY	GLADZY	gosupps.com	HTTPS://WWW.GOSUPPS.COM/BRANDS/GLADZY.HTML
GLAGLY	GLAGLY3	gosupps.com	HTTPS://WWW.GOSUPPS.COM/BRANDS/GLAGLY-3.HTML
GLALOVE	GLALOVE	gosupps.com	HTTPS://WWW.GOSUPPS.COM/BRANDS/GLALOVE.HTML?DIR=DESC&ORDER=PRICE
GLAMORSTAR	GLAMORSTAR	gosupps.com	HTTPS://WWW.GOSUPPS.COM/BRANDS/GLAMORSTAR.HTML
GLARYYEARS	GLARYYEARS3	gosupps.com	HTTPS://WWW.GOSUPPS.COM/BRANDS/GLARYYEARS-3.HTML
GLDYTIMES	GLDYTIMES	gosupps.com	HTTPS://WWW.GOSUPPS.COM/BRANDS/GLDYTIMES.HTML?DIR=ASC&ORDER=NAME
GLEMME	GLEMME	gosupps.com	HTTPS://WWW.GOSUPPS.COM/BRANDS/GLEMME.HTML
GLITZ4GIRLZ	GLITZ4GIRLZ	gosupps.com	HTTPS://WWW.GOSUPPS.COM/BRANDS/GLITZ4GIRLZ.HTML?DIR=ASC&ORDER=NAME
GLOFIT	GLOFIT	gosupps.com	HTTPS://WWW.GOSUPPS.COM/BRANDS/GLOFIT.HTML?DIR=DESC&ORDER=PRICE&P=2
GLORIFIEDMARY	GLORIFIEDMARY	gosupps.com	HTTPS://WWW.GOSUPPS.COM/BRANDS/GLORIFIED-MARY.HTML
GLOSSYEND	GLOSSYEND	gosupps.com	HTTPS://WWW.GOSUPPS.COM/BRANDS/GLOSSYEND.HTML
GLOWBOTANICA	GLOWBOTANICA	gosupps.com	HTTPS://WWW.GOSUPPS.COM/BRANDS/GLOW-BOTANICA.HTML?DIR=ASC&ORDER=PRICE
GLOWINGWIN	GLOWINGWIN	gosupps.com	HTTPS://WWW.GOSUPPS.COM/BRANDS/GLOWING-WIN.HTML?P=3
GLOWMIND	GLOWMIND	gosupps.com	HTTPS://WWW.GOSUPPS.COM/BRANDS/GLOW-MIND.HTML
GLRACD	GLRACD	gosupps.com	HTTPS://WWW.GOSUPPS.COM/BRANDS/GLRACD.HTML?DIR=ASC&ORDER=PRICE
GLTURELIFES	GLTURELIFES	gosupps.com	HTTPS://WWW.GOSUPPS.COM/BEAUTY-BRANDS/GL-TURELIFES.HTML
GLUCOLOGY	GLUCOLOGY	gosupps.com	HTTPS://WWW.GOSUPPS.COM/BRANDS/GLUCOLOGY.HTML?P=1
GMAGICTOBO	GMAGICTOBO	gosupps.com	HTTPS://WWW.GOSUPPS.COM/BRANDS/GMAGICTOBO.HTML?P=1
GMAXIT	GMAXIT	gosupps.com	HTTPS://WWW.GOSUPPS.COM/BEAUTY-BRANDS/GMAXIT.HTML
GMKD	GMKD	gosupps.com	HTTPS://WWW.GOSUPPS.COM/BRANDS/GMKD.HTML?DIR=ASC&ORDER=NAME
GMSGROUPMEDICALSUPPLY	GMSGROUPMEDICALSUPPLY	gosupps.com	HTTPS://WWW.GOSUPPS.COM/BRANDS/GMS-GROUP-MEDICAL-SUPPLY-LLC.HTML?DIR=ASC&ORDER=BEST_SELLING&P=1
GMSLUU	GMSLUU	gosupps.com	HTTPS://WWW.GOSUPPS.COM/BRANDS/GMSLUU.HTML?DIR=DESC&ORDER=NAME
GMSOUND	GMSOUND	gosupps.com	HTTPS://WWW.GOSUPPS.COM/BRANDS/GMSOUND.HTML
GMURA	GMURA	gosupps.com	HTTPS://WWW.GOSUPPS.COM/BRANDS/GMURA.HTML
GNAYE	GNAYE	gosupps.com	HTTPS://WWW.GOSUPPS.COM/BRANDS/GNAYE.HTML
GNEGKLEAN	GNEGKLEAN	gosupps.com	HTTPS://WWW.GOSUPPS.COM/BRANDS/GNEGKLEAN.HTML?DIR=DESC&ORDER=PRICE
GO2CRAFT	GO2CRAFT	gosupps.com	HTTPS://WWW.GOSUPPS.COM/BRANDS/GO2CRAFT.HTML?DIR=DESC&ORDER=PRICE
GOANDO	GOANDO1	gosupps.com	HTTPS://WWW.GOSUPPS.COM/BRANDS/GOANDO-1.HTML?DIR=DESC&ORDER=PRICE
GOBUROS	GOBUROS	gosupps.com	HTTPS://WWW.GOSUPPS.COM/BRANDS/GOBUROS.HTML
GODORA	GODORA	gosupps.com	HTTPS://WWW.GOSUPPS.COM/BRANDS/GODORA.HTML
GODORIO	GODORIO	gosupps.com	HTTPS://WWW.GOSUPPS.COM/BRANDS/GODORIO.HTML
GOEFUN	GOEFUN	gosupps.com	HTTPS://WWW.GOSUPPS.COM/BRANDS/GOEFUN.HTML
GOFOTU	GOFOTU	gosupps.com	HTTPS://WWW.GOSUPPS.COM/BRANDS/GOFOTU.HTML
GOGING	GOGING	gosupps.com	HTTPS://WWW.GOSUPPS.COM/BRANDS/GOGING.HTML
GOGOGMEE	GOGOGMEE	gosupps.com	HTTPS://WWW.GOSUPPS.COM/BRANDS/GOGOGMEE.HTML?DIR=DESC&ORDER=NAME&P=27
GOGOSO	GOGOSO	gosupps.com	HTTPS://WWW.GOSUPPS.COM/BRANDS/GOGOSO.HTML
GOIIO	GOIIO3	gosupps.com	HTTPS://WWW.GOSUPPS.COM/BRANDS/GOIIO-3.HTML
GOLDCOSMETICSSUPPLIES	GOLDCOSMETICSSUPPLIES	gosupps.com	HTTPS://WWW.GOSUPPS.COM/BRANDS/GOLD-COSMETICS-SUPPLIES.HTML?DIR=DESC&ORDER=NAME
GOLDMILLE	GOLDMILLE	gosupps.com	HTTPS://WWW.GOSUPPS.COM/BRANDS/GOLDMILLE.HTML
GOLDMOUNTAINBEAUTY	GOLDMOUNTAINBEAUTY	gosupps.com	HTTPS://WWW.GOSUPPS.COM/BRANDS/GOLD-MOUNTAIN-BEAUTY.HTML
GOMOYO	GOMOYO	gosupps.com	HTTPS://WWW.GOSUPPS.COM/BRANDS/GOMOYO.HTML
GONAIREY	GONAIREY	gosupps.com	HTTPS://WWW.GOSUPPS.COM/BRANDS/GONAIREY.HTML
GONETRE	GONETRE	gosupps.com	HTTPS://WWW.GOSUPPS.COM/BRANDS/GONETRE.HTML?DIR=ASC&ORDER=PRICE
GONGOTA	GONGOTA	gosupps.com	HTTPS://WWW.GOSUPPS.COM/BRANDS/GONGOTA.HTML
GONIMY	GONIM	gosupps.com	HTTPS://WWW.GOSUPPS.COM/BRANDS/GONIM.HTML?DIR=ASC&ORDER=BEST_SELLING_SORT
GOOCHOO	GOOCHOO	gosupps.com	HTTPS://WWW.GOSUPPS.COM/BRANDS/GOOCHOO.HTML?DIR=ASC&ORDER=NAME
GOOCRUN	GOOCRUN	gosupps.com	HTTPS://WWW.GOSUPPS.COM/BRANDS/GOOCRUN.HTML
GOODIESLAB	GOODIESLAB	gosupps.com	HTTPS://WWW.GOSUPPS.COM/BEAUTY-BRANDS/GOODIES-LAB.HTML
GOODKING	GOODKING	gosupps.com	HTTPS://WWW.GOSUPPS.COM/BRANDS/GOODKING.HTML?DIR=ASC&ORDER=PRICE
GOODKSSOP	GOODKSSOP	gosupps.com	HTTPS://WWW.GOSUPPS.COM/BRANDS/GOODKSSOP.HTML
GOODMA	GOODMA1	gosupps.com	HTTPS://WWW.GOSUPPS.COM/BRANDS/GOODMA-1.HTML?DIR=ASC&ORDER=BEST_SELLING_SORT
GOODNEST	GOODNEST	gosupps.com	HTTPS://WWW.GOSUPPS.COM/BRANDS/GOODNEST.HTML?DIR=DESC&ORDER=NAME
GOODSCIOUS	GOODSCIOUS	gosupps.com	HTTPS://WWW.GOSUPPS.COM/BRANDS/GOODSCIOUS.HTML?DIR=DESC&ORDER=BEST_SELLING_SORT
GOODTAR	GOODTAR	gosupps.com	HTTPS://WWW.GOSUPPS.COM/BRANDS/GOODTAR.HTML
GOODYKING	GOODYKING	gosupps.com	HTTPS://WWW.GOSUPPS.COM/BRANDS/GOODY-KING.HTML?DIR=ASC&ORDER=PRICE
GOOSEHILL	GOOSEHILL	gosupps.com	HTTPS://WWW.GOSUPPS.COM/BRANDS/GOOSEHILL.HTML?DIR=DESC&ORDER=PRICE
GOOSEKET	GOOSEKET	gosupps.com	HTTPS://WWW.GOSUPPS.COM/BRANDS/GOOSEKET.HTML?DIR=ASC&ORDER=POSITION
GOOSO	GOOSO	gosupps.com	HTTPS://WWW.GOSUPPS.COM/BRANDS/GOOSO.HTML?DIR=ASC&ORDER=BEST_SELLING
GOOTRADES	GOOTRADES	gosupps.com	HTTPS://WWW.GOSUPPS.COM/BEAUTY-BRANDS/GOOTRADES.HTML
GOOTTY	GOOTTY	gosupps.com	HTTPS://WWW.GOSUPPS.COM/BRANDS/GOOTTY.HTML
GOOYULE	GOOYULE	gosupps.com	HTTPS://WWW.GOSUPPS.COM/BRANDS/GOOYULE.HTML
GOOZEEZOO	GOOZEEZOO	gosupps.com	HTTPS://WWW.GOSUPPS.COM/BRANDS/GOOZEEZOO.HTML?DIR=ASC&ORDER=POSITION
GOPAMA	GOPAMA	gosupps.com	HTTPS://WWW.GOSUPPS.COM/BRANDS/GOPAMA.HTML
GORILLASUPPLY	GORILLASUPPLY	gosupps.com	HTTPS://WWW.GOSUPPS.COM/BRANDS/GORILLA-SUPPLY.HTML
GOROANLY	GOROANLY	gosupps.com	HTTPS://WWW.GOSUPPS.COM/BEAUTY-BRANDS/GOROANLY.HTML
GOSEAAR	GOSEAR	gosupps.com	HTTPS://WWW.GOSUPPS.COM/BRANDS/GOSEAR.HTML
GOSEAR	GOSEAR	gosupps.com	HTTPS://WWW.GOSUPPS.COM/BRANDS/GOSEAR.HTML
GOSHOOT	GOSHOOT	gosupps.com	HTTPS://WWW.GOSUPPS.COM/BRANDS/GOSHOOT.HTML
GOSHYDA	GOSHYDA	gosupps.com	HTTPS://WWW.GOSUPPS.COM/BRANDS/GOSHYDA.HTML
GOSICUKA	GOSICUKA	gosupps.com	HTTPS://WWW.GOSUPPS.COM/BRANDS/GOSICUKA.HTML?DIR=DESC&ORDER=PRICE
GOSPT	GOSPT	gosupps.com	HTTPS://WWW.GOSUPPS.COM/BRANDS/GOSPT.HTML
GOTICAL	GOTICAL3	gosupps.com	HTTPS://WWW.GOSUPPS.COM/BRANDS/GOTICAL-3.HTML
GOTIDEAL	GOTIDEAL	gosupps.com	HTTPS://WWW.GOSUPPS.COM/BRANDS/GOTIDEAL.HTML
GOTOILS	GOTOILS6	gosupps.com	HTTPS://WWW.GOSUPPS.COM/BRANDS/GOT-OILS-6.HTML
GOTOQI	GOTOQI	gosupps.com	HTTPS://WWW.GOSUPPS.COM/BRANDS/GOTOQI.HTML?DIR=ASC&ORDER=POSITION
GOTOYASI	GOTAYA	gosupps.com	HTTPS://WWW.GOSUPPS.COM/BRANDS/GOTAYA.HTML
GOURMEX	GOURMEX	gosupps.com	HTTPS://WWW.GOSUPPS.COM/BRANDS/GOURMEX.HTML?DIR=DESC&ORDER=NAME&P=3
GOWENIC	GOWENIC	gosupps.com	HTTPS://WWW.GOSUPPS.COM/BRANDS/GOWENIC.HTML?P=3
GOWMEE	GOGOGMEE	gosupps.com	HTTPS://WWW.GOSUPPS.COM/BRANDS/GOGOGMEE.HTML?DIR=DESC&ORDER=NAME&P=27
GOWWIM	GOWWIM	gosupps.com	HTTPS://WWW.GOSUPPS.COM/BRANDS/GOWWIM.HTML
GOXRUNX	GOXRUNX	gosupps.com	HTTPS://WWW.GOSUPPS.COM/BRANDS/GOXRUNX.HTML
GOYAPPIN	GOYAPPIN	gosupps.com	HTTPS://WWW.GOSUPPS.COM/BRANDS/GOYAPPIN.HTML
GOYOMA	GOYOMA	gosupps.com	HTTPS://WWW.GOSUPPS.COM/BRANDS/GOYOMA.HTML
GOYONDER	GOYONDER	gosupps.com	HTTPS://WWW.GOSUPPS.COM/BRANDS/GOYONDER.HTML?DIR=ASC&ORDER=PRICE
GOZYE	GOZYE	gosupps.com	HTTPS://WWW.GOSUPPS.COM/BRANDS/GOZYE.HTML
GPEESTRAC	GPEESTRAC3	gosupps.com	HTTPS://WWW.GOSUPPS.COM/BRANDS/GPEESTRAC-3.HTML
GPJYYDS	GPJYYDS	gosupps.com	HTTPS://WWW.GOSUPPS.COM/BRANDS/GPJYYDS.HTML?DIR=ASC&ORDER=PRICE
GQUEEN	GQUEEN	gosupps.com	HTTPS://WWW.GOSUPPS.COM/BRANDS/GQUEEN.HTML?DIR=DESC&ORDER=BEST_SELLING_SORT
GRACEPLUS	GRACEPLUS	gosupps.com	HTTPS://WWW.GOSUPPS.COM/BRANDS/GRACE-PLUS.HTML
GRADIENTFITNESS	GRADIENTFITNESS	gosupps.com	HTTPS://WWW.GOSUPPS.COM/BRANDS/GRADIENT-FITNESS.HTML?DIR=ASC&ORDER=PRICE
GRADUATEPRO	GRADUATEPRO	gosupps.com	HTTPS://WWW.GOSUPPS.COM/BRANDS/GRADUATEPRO.HTML?DIR=ASC&ORDER=POSITION
GRAMRIGHT	GRAMRIGHT	gosupps.com	HTTPS://WWW.GOSUPPS.COM/BEAUTY-BRANDS/GRAMRIGHT.HTML
GRANARBOL	GRANARBOL	gosupps.com	HTTPS://WWW.GOSUPPS.COM/BRANDS/GRANARBOL.HTML
GRANBEY	GRANBEY	gosupps.com	HTTPS://WWW.GOSUPPS.COM/BRANDS/GRANBEY.HTML
GRANDBASICS	GRANDBASICS2	gosupps.com	HTTPS://WWW.GOSUPPS.COM/BRANDS/GRAND-BASICS-2.HTML
GRANNATURALS	GRANNATURALS	gosupps.com	HTTPS://WWW.GOSUPPS.COM/BRANDS/GRANNATURALS.HTML?DIR=ASC&ORDER=NAME
GRANSUMR	GRANSUMR	gosupps.com	HTTPS://WWW.GOSUPPS.COM/BRANDS/GRANSUMR.HTML
GRANTEVA	GRANTEVA	gosupps.com	HTTPS://WWW.GOSUPPS.COM/BRANDS/GRANTEVA.HTML
GRASARTBUNDLES	GRASARTBUNDLES	gosupps.com	HTTPS://WWW.GOSUPPS.COM/BRANDS/GRAS-ART-BUNDLES.HTML
GRAVITYRAZORS	GRAVITYRAZORS	gosupps.com	HTTPS://WWW.GOSUPPS.COM/BRANDS/GRAVITY-RAZORS.HTML?DIR=DESC&ORDER=BEST_SELLING_SORT
GREANT	GREANT	gosupps.com	HTTPS://WWW.GOSUPPS.COM/BRANDS/GREANT.HTML
GREANTECK	GREANTECK	gosupps.com	HTTPS://WWW.GOSUPPS.COM/BRANDS/GREANTECK.HTML
GREATCHY	GREATCHY	gosupps.com	HTTPS://WWW.GOSUPPS.COM/BRANDS/GREATCHY.HTML
GREATLAKESCORDAGE	GREATLAKESCORDAGE	gosupps.com	HTTPS://WWW.GOSUPPS.COM/BRANDS/GREAT-LAKES-CORDAGE.HTML
GREATLOOKZFASHION	GREATLOOKZFASHION	gosupps.com	HTTPS://WWW.GOSUPPS.COM/BRANDS/GREATLOOKZ-FASHION.HTML
GREBARLEY	GREBARLEY	gosupps.com	HTTPS://WWW.GOSUPPS.COM/BRANDS/GREBARLEY.HTML?DIR=ASC&ORDER=PRICE
GRECIANPLUS	GRECIANPLUS	gosupps.com	HTTPS://WWW.GOSUPPS.COM/BRANDS/GRECIAN-PLUS.HTML?DIR=DESC&ORDER=PRICE
GREEN2	GREEN2	gosupps.com	HTTPS://WWW.GOSUPPS.COM/BRANDS/GREEN2.HTML
GREENCANYONSPA	GREENCANYONSPA3	gosupps.com	HTTPS://WWW.GOSUPPS.COM/BRANDS/GREEN-CANYON-SPA-3.HTML?DIR=ASC&ORDER=POSITION
GREENGONEWHENRESULTSMATTER	GREENGONEWHENRESULTSMATTER	gosupps.com	HTTPS://WWW.GOSUPPS.COM/BRANDS/GREEN-GONE-WHEN-RESULTS-MATTER.HTML?DIR=ASC&ORDER=BEST_SELLING
GREENJAYGOURMET	GREENJAYGOURMET	gosupps.com	HTTPS://WWW.GOSUPPS.COM/BRANDS/GREEN-JAY-GOURMET.HTML
GREENOUR	GREENOUR	gosupps.com	HTTPS://WWW.GOSUPPS.COM/BRANDS/GREENOUR.HTML
GREENTHPRO	GREENTHPRO	gosupps.com	HTTPS://WWW.GOSUPPS.COM/BRANDS/GREENTH-PRO.HTML
GREETMED	GREEED	gosupps.com	HTTPS://WWW.GOSUPPS.COM/BRANDS/GREETMED.HTML
GRENFU	GRENFU	gosupps.com	HTTPS://WWW.GOSUPPS.COM/BRANDS/GRENFU.HTML?DIR=ASC&ORDER=BEST_SELLING
GREVCEUX	GREVCEUX	gosupps.com	HTTPS://WWW.GOSUPPS.COM/BRANDS/GREVCEUX.HTML
GREYPARROTTAPE	GREYPARROTTAPE	gosupps.com	HTTPS://WWW.GOSUPPS.COM/BRANDS/GREYPARROT-TAPE.HTML?DIR=ASC&ORDER=NAME
GRFIT	GRFIT	gosupps.com	HTTPS://WWW.GOSUPPS.COM/BRANDS/GRFIT.HTML?DIR=ASC&ORDER=PRICE&P=11
GRILLHOGS	GRILLHOGS	gosupps.com	HTTPS://WWW.GOSUPPS.COM/BRANDS/GRILLHOGS.HTML
GRILLMER	GRILLMER	gosupps.com	HTTPS://WWW.GOSUPPS.COM/BRANDS/GRILLMER.HTML
GRINEST	GRINEST	gosupps.com	HTTPS://WWW.GOSUPPS.COM/BRANDS/GRINEST.HTML?DIR=ASC&ORDER=PRICE
GRINORALCARE	GRINORALCARE	gosupps.com	HTTPS://WWW.GOSUPPS.COM/BRANDS/GRIN-ORAL-CARE.HTML
GRIPPOWERPADS	GRIPPOWERPADS	gosupps.com	HTTPS://WWW.GOSUPPS.COM/BRANDS/GRIP-POWER-PADS.HTML
GRITION	GRITION	gosupps.com	HTTPS://WWW.GOSUPPS.COM/BRANDS/GRITION.HTML
GROOFOO	GROOFOO	gosupps.com	HTTPS://WWW.GOSUPPS.COM/BRANDS/GROOFOO.HTML?DIR=ASC&ORDER=BEST_SELLING
GROSUN	GROSUN	gosupps.com	HTTPS://WWW.GOSUPPS.COM/BRANDS/GROSUN.HTML
GROWALLETER	GROWALLETER	gosupps.com	HTTPS://WWW.GOSUPPS.COM/BRANDS/GROWALLETER.HTML
GROWALPHABEARD	GROWALPHABEARD	gosupps.com	HTTPS://WWW.GOSUPPS.COM/BRANDS/GROW-ALPHA-BEARD.HTML
GROYAL	GROYAL	gosupps.com	HTTPS://WWW.GOSUPPS.COM/BRANDS/GROYAL.HTML
GROYE	GROYE	gosupps.com	HTTPS://WWW.GOSUPPS.COM/BRANDS/GROYE.HTML
GRULLIN	GRULLIN	gosupps.com	HTTPS://WWW.GOSUPPS.COM/BRANDS/GRULLIN.HTML
GRUTTI	GRUTTI	gosupps.com	HTTPS://WWW.GOSUPPS.COM/BRANDS/GRUTTI.HTML
GSBOMZAP	GSBOMZAP	gosupps.com	HTTPS://WWW.GOSUPPS.COM/BRANDS/GSBOMZAP.HTML?DIR=DESC&ORDER=NAME
GSKS	GSKS	gosupps.com	HTTPS://WWW.GOSUPPS.COM/BRANDS/GSKS.HTML
GSPCARE	GSPCARE	gosupps.com	HTTPS://WWW.GOSUPPS.COM/BRANDS/GSPCARE.HTML
GSTK	GSTK	gosupps.com	HTTPS://WWW.GOSUPPS.COM/BRANDS/GSTK.HTML?DIR=ASC&ORDER=PRICE
GTETKDE	GTETKDE	gosupps.com	HTTPS://WWW.GOSUPPS.COM/BRANDS/GTETKDE.HTML
GTGR	GTGR	gosupps.com	HTTPS://WWW.GOSUPPS.COM/BRANDS/GTGR.HTML?DIR=DESC&ORDER=BEST_SELLING
GTGRAPHICSEXPRESS	GTGRAPHICSEXPRESS	gosupps.com	HTTPS://WWW.GOSUPPS.COM/BRANDS/GT-GRAPHICS-EXPRESS.HTML?DIR=ASC&ORDER=NAME
GTGY	GTGY	gosupps.com	HTTPS://WWW.GOSUPPS.COM/BRANDS/GTGY.HTML?DIR=ASC&ORDER=NAME
GTGYOC	GTGY	gosupps.com	HTTPS://WWW.GOSUPPS.COM/BRANDS/GTGY.HTML?DIR=ASC&ORDER=NAME
GTONGOKO	GTONGOKO	gosupps.com	HTTPS://WWW.GOSUPPS.COM/BRANDS/GTONGOKO.HTML
GUAAJA	GUAAJA	gosupps.com	HTTPS://WWW.GOSUPPS.COM/BRANDS/GUAAJA.HTML
GUANAI	GUANAI	gosupps.com	HTTPS://WWW.GOSUPPS.COM/BRANDS/GUANAI.HTML
GUANGU	GUANGU	gosupps.com	HTTPS://WWW.GOSUPPS.COM/BRANDS/GUANGU.HTML?DIR=ASC&ORDER=POSITION
GUANLANT	GUANLANT	gosupps.com	HTTPS://WWW.GOSUPPS.COM/BRANDS/GUANLANT.HTML
GUAWIN	GUAWIN	gosupps.com	HTTPS://WWW.GOSUPPS.COM/BRANDS/GUAWIN.HTML
GUCUJI	GUCUJI	gosupps.com	HTTPS://WWW.GOSUPPS.COM/BRANDS/GUCUJI.HTML?DIR=ASC&ORDER=PRICE
GUDGI	GUDGI	gosupps.com	HTTPS://WWW.GOSUPPS.COM/BRANDS/GUDGI.HTML?DIR=ASC&ORDER=PRICE
GUDOTRA	GUDOTRA	gosupps.com	HTTPS://WWW.GOSUPPS.COM/BRANDS/GUDOTRA.HTML
GUDUI	GUDUI3	gosupps.com	HTTPS://WWW.GOSUPPS.COM/BRANDS/GUDUI-3.HTML
GUDVUE	GUDVUE	gosupps.com	HTTPS://WWW.GOSUPPS.COM/BRANDS/GUDVUE.HTML?DIR=ASC&ORDER=POSITION
GUFASTOE	GUFASTOE	gosupps.com	HTTPS://WWW.GOSUPPS.COM/BRANDS/GUFASTOE.HTML
GUGMOY	GUGXIOM	gosupps.com	HTTPS://WWW.GOSUPPS.COM/BRANDS/GUGXIOM.HTML
GUGUG	GUGUG	gosupps.com	HTTPS://WWW.GOSUPPS.COM/BRANDS/GUGUG.HTML
GUGUSURE	GUGUSURE	gosupps.com	HTTPS://WWW.GOSUPPS.COM/BEAUTY-BRANDS/GUGUSURE.HTML
GUGXIOM	GUGXIOM	gosupps.com	HTTPS://WWW.GOSUPPS.COM/BRANDS/GUGXIOM.HTML
GUISEAPUE	GUISEAPUE	gosupps.com	HTTPS://WWW.GOSUPPS.COM/BEAUTY-BRANDS/GUISEAPUE.HTML?DIR=ASC&ORDER=NAME
GUITHIA	GUITHIA	gosupps.com	HTTPS://WWW.GOSUPPS.COM/BRANDS/GUITHIA.HTML
GUJIN	GUJIN	gosupps.com	HTTPS://WWW.GOSUPPS.COM/BRANDS/GUJIN.HTML
GULICOLA	GULICOLA	gosupps.com	HTTPS://WWW.GOSUPPS.COM/BRANDS/GULICOLA.HTML
GULIGULI	GULIGULI	gosupps.com	HTTPS://WWW.GOSUPPS.COM/BRANDS/GULIGULI.HTML
GUMIKE	GUMIKE	gosupps.com	HTTPS://WWW.GOSUPPS.COM/BRANDS/GUMIKE.HTML
GUMMIMI	GUMMIMI	gosupps.com	HTTPS://WWW.GOSUPPS.COM/BRANDS/GUMMIMI.HTML?DIR=DESC&ORDER=BEST_SELLING
GUNOZE	GUNOZE	gosupps.com	HTTPS://WWW.GOSUPPS.COM/BRANDS/GUNOZE.HTML?DIR=ASC&ORDER=POSITION
GUOSHUANG	GUOSHUANG	gosupps.com	HTTPS://WWW.GOSUPPS.COM/BRANDS/GUOSHUANG.HTML
GUOZI	GUOZI	gosupps.com	HTTPS://WWW.GOSUPPS.COM/BRANDS/GUOZI.HTML
GUSHEHUA	GUSHE	gosupps.com	HTTPS://WWW.GOSUPPS.COM/BRANDS/GUSHE.HTML
GUSSTZEL	GUSSTZEL	gosupps.com	HTTPS://WWW.GOSUPPS.COM/BRANDS/GUSSTZEL.HTML
GUSTYLE	GUSTYLE	gosupps.com	HTTPS://WWW.GOSUPPS.COM/BEAUTY-BRANDS/GUSTYLE.HTML
GUSTYLE	GUSTYLE	gosupps.com	HTTPS://WWW.GOSUPPS.COM/BRANDS/GUSTYLE.HTML
GUUSII	GUUSIIHOME	gosupps.com	HTTPS://WWW.GOSUPPS.COM/BRANDS/GUUSII-HOME.HTML?DIR=ASC&ORDER=NAME
GUWINA	GUWINA	gosupps.com	HTTPS://WWW.GOSUPPS.COM/BRANDS/GUWINA.HTML
GUYOLOGYLABS	GUYOLOGYLABS	gosupps.com	HTTPS://WWW.GOSUPPS.COM/BRANDS/GUYOLOGY-LABS.HTML?DIR=DESC&ORDER=BEST_SELLING
GUYUYII	GUYUYII	gosupps.com	HTTPS://WWW.GOSUPPS.COM/BRANDS/GUYUYII.HTML
GUZEKIER	GUZEKIER	gosupps.com	HTTPS://WWW.GOSUPPS.COM/BRANDS/GUZEKIER.HTML?DIR=DESC&ORDER=NAME
GVBER	GVBER	gosupps.com	HTTPS://WWW.GOSUPPS.COM/BRANDS/GVBER.HTML
GVRIOVIO	GVRIOY3	gosupps.com	HTTPS://WWW.GOSUPPS.COM/BRANDS/GVRIOY-3.HTML
GVSART	GVSART	gosupps.com	HTTPS://WWW.GOSUPPS.COM/BRANDS/GVS-ART.HTML
GWDZ	GWDZ	gosupps.com	HTTPS://WWW.GOSUPPS.COM/BRANDS/GWDZ.HTML
GWHOLE	GWHOLE	gosupps.com	HTTPS://WWW.GOSUPPS.COM/BRANDS/GWHOLE.HTML
GWYBKQ	GWYBKQ3	gosupps.com	HTTPS://WWW.GOSUPPS.COM/BRANDS/GWYBKQ-3.HTML
GXOBEAUTY	GXOBEAUTY	gosupps.com	HTTPS://WWW.GOSUPPS.COM/BRANDS/GXO-BEAUTY.HTML?DIR=ASC&ORDER=POSITION
GYANDULY	GYANDULY	gosupps.com	HTTPS://WWW.GOSUPPS.COM/BRANDS/GYANDULY.HTML?DIR=DESC&ORDER=NAME
GYDEHUTJ	GYDEHUTJ	gosupps.com	HTTPS://WWW.GOSUPPS.COM/BRANDS/GYDEHUTJ.HTML?DIR=ASC&ORDER=BEST_SELLING_SORT
GYH	GYH	gosupps.com	HTTPS://WWW.GOSUPPS.COM/BRANDS/GYH.HTML?DIR=ASC&ORDER=NAME
GYHJA	GYH	gosupps.com	HTTPS://WWW.GOSUPPS.COM/BRANDS/GYH.HTML?DIR=DESC&ORDER=POSITION
GYMBEE	GYMBEE	gosupps.com	HTTPS://WWW.GOSUPPS.COM/BRANDS/GYMBEE.HTML?DIR=DESC&ORDER=NAME
GYMBRAVE	GYMBRAVE	gosupps.com	HTTPS://WWW.GOSUPPS.COM/BRANDS/GYMBRAVE.HTML?DIR=ASC&ORDER=PRICE
GYSNAILMAKETHEWORLDCLEAR	GYSNAILMAKETHEWORLDCLEAR	gosupps.com	HTTPS://WWW.GOSUPPS.COM/BRANDS/GYSNAIL-MAKE-THE-WORLD-CLEAR.HTML
GYTERA	GYTERA	gosupps.com	HTTPS://WWW.GOSUPPS.COM/BRANDS/GYTERA.HTML
GZBCKJ	GZBCKJ	gosupps.com	HTTPS://WWW.GOSUPPS.COM/BRANDS/GZBCKJ.HTML
GZSYYDS	ZXSYYDS	gosupps.com	HTTPS://WWW.GOSUPPS.COM/BRANDS/ZXSYYDS.HTML?DIR=DESC&ORDER=PRICE
GZYDR	GZYDR2	gosupps.com	HTTPS://WWW.GOSUPPS.COM/BRANDS/GZYDR-2.HTML?DIR=ASC&ORDER=NAME
HAAPAW	HAAPAW	gosupps.com	HTTPS://WWW.GOSUPPS.COM/BRANDS/HAAPAW.HTML?P=2
HADWOER	HADWOER	gosupps.com	HTTPS://WWW.GOSUPPS.COM/BRANDS/HADWOER.HTML
HAFINO	HAFINO	gosupps.com	HTTPS://WWW.GOSUPPS.COM/BRANDS/HAFINO.HTML
HAFMALL	HAFMALL	gosupps.com	HTTPS://WWW.GOSUPPS.COM/BRANDS/HAFMALL.HTML
HAHAGO	HAHAGO	gosupps.com	HTTPS://WWW.GOSUPPS.COM/BRANDS/HAHAGO.HTML
HAHIYO	HAHIYO3	gosupps.com	HTTPS://WWW.GOSUPPS.COM/BRANDS/HAHIYO-3.HTML
HAHOCO	HAHOCO	gosupps.com	HTTPS://WWW.GOSUPPS.COM/BRANDS/HAHOCO.HTML
HAHOOD	HAHOOD	gosupps.com	HTTPS://WWW.GOSUPPS.COM/BRANDS/HAHOOD.HTML
HAIABEI	HAIABEI	gosupps.com	HTTPS://WWW.GOSUPPS.COM/BRANDS/HAIABEI.HTML
HAIGOO	HAIGOO	gosupps.com	HTTPS://WWW.GOSUPPS.COM/BRANDS/HAIGOO.HTML?DIR=ASC&ORDER=NAME
HAILLUSTY	HAILLUSTY	gosupps.com	HTTPS://WWW.GOSUPPS.COM/BRANDS/HAILLUSTY.HTML
HAIRLINK	HAIRLINK	gosupps.com	HTTPS://WWW.GOSUPPS.COM/BRANDS/HAIRLINK.HTML
HAIRTHICKNESSMAXIMIZER	HAIRTHICKNESSMAXIMIZER	gosupps.com	HTTPS://WWW.GOSUPPS.COM/BRANDS/HAIR-THICKNESS-MAXIMIZER.HTML
HAJOYFUL	HAJOYFUL	gosupps.com	HTTPS://WWW.GOSUPPS.COM/BRANDS/HAJOYFUL.HTML
HALLOFFAMESPORTSMEMORABILIA	HOFSMCOMHALLOFFAMESPORTSMEMORABILIA	gosupps.com	HTTPS://WWW.GOSUPPS.COM/BRANDS/HOFSM-COM-HALL-OF-FAME-SPORTS-MEMORABILIA.HTML
HALLOWEENLASHESBYEMILYSTORES	EMILYSTORES	gosupps.com	HTTPS://WWW.GOSUPPS.COM/BRANDS/EMILYSTORES.HTML?DIR=DESC&ORDER=POSITION
HALOTY	HALOTY	gosupps.com	HTTPS://WWW.GOSUPPS.COM/BEAUTY-BRANDS/HALOTY.HTML?DIR=ASC&ORDER=NAME
HALOVIN	HALOVIN	gosupps.com	HTTPS://WWW.GOSUPPS.COM/BRANDS/HALOVIN.HTML
HAMMSOM	HAMMSOM	gosupps.com	HTTPS://WWW.GOSUPPS.COM/BEAUTY-BRANDS/HAMMSOM.HTML
HANASCO	HANASCO1	gosupps.com	HTTPS://WWW.GOSUPPS.COM/BRANDS/HANASCO-1.HTML?DIR=ASC&ORDER=BEST_SELLING_SORT
HANDMADEBYAVO	HANDMADEBYAVO	gosupps.com	HTTPS://WWW.GOSUPPS.COM/BRANDS/HANDMADE-BY-AVO.HTML?DIR=ASC&ORDER=NAME
HANFANGLING	HANFANGLING	gosupps.com	HTTPS://WWW.GOSUPPS.COM/BRANDS/HANFANGLING.HTML?DIR=ASC&ORDER=PRICE
HANFETCH	HANFETCH	gosupps.com	HTTPS://WWW.GOSUPPS.COM/BRANDS/HANFETCH.HTML
HANKN	HANKN	gosupps.com	HTTPS://WWW.GOSUPPS.COM/BRANDS/HANKN.HTML
HANME	HANME	gosupps.com	HTTPS://WWW.GOSUPPS.COM/BRANDS/HANME.HTML
HANMEI	HANMEI	gosupps.com	HTTPS://WWW.GOSUPPS.COM/BRANDS/HANMEI.HTML
HANOLLY	HANOLLY	gosupps.com	HTTPS://WWW.GOSUPPS.COM/BRANDS/HANOLLY.HTML
HANSOLMEDICALEQUIPMENT	HANSOLMEDICALEQUIPMENT	gosupps.com	HTTPS://WWW.GOSUPPS.COM/BRANDS/HANSOL-MEDICAL-EQUIPMENT.HTML
HANYUDIE	HANYUDIE	gosupps.com	HTTPS://WWW.GOSUPPS.COM/BRANDS/HANYUDIE.HTML?DIR=DESC&ORDER=PRICE
HAOHIYO	HAOHIYO	gosupps.com	HTTPS://WWW.GOSUPPS.COM/BRANDS/HAOHIYO.HTML
HAOLA	HAOLA	gosupps.com	HTTPS://WWW.GOSUPPS.COM/BRANDS/HAOLA.HTML
HAOLAND	HAOLAND	gosupps.com	HTTPS://WWW.GOSUPPS.COM/BEAUTY-BRANDS/HAOLAND.HTML?DIR=ASC&ORDER=PRICE
HAOLAND	HAOLAND	gosupps.com	HTTPS://WWW.GOSUPPS.COM/BRANDS/HAOLAND.HTML?DIR=ASC&ORDER=NAME
HAOLIJIA	HUALIJIA	gosupps.com	HTTPS://WWW.GOSUPPS.COM/BRANDS/HUALIJIA.HTML
HAOMUK	HAOMUK	gosupps.com	HTTPS://WWW.GOSUPPS.COM/BRANDS/HAOMUK.HTML
HAPDOO	HAPDOO	gosupps.com	HTTPS://WWW.GOSUPPS.COM/BRANDS/HAPDOO.HTML
HAPHEAL	HAPHEAL	gosupps.com	HTTPS://WWW.GOSUPPS.COM/BRANDS/HAPHEAL.HTML?DIR=ASC&ORDER=NAME
HAPINNEX	HAPINNEX	gosupps.com	HTTPS://WWW.GOSUPPS.COM/BRANDS/HAPINNEX.HTML
HAPLULULY	HAPLULULY	gosupps.com	HTTPS://WWW.GOSUPPS.COM/BRANDS/HAPLULULY.HTML
HAPPYANDES	HAPPYANDES	gosupps.com	HTTPS://WWW.GOSUPPS.COM/BRANDS/HAPPY-ANDES.HTML
HAPPYDOTTINGCOMPANY	HAPPYDOTTINGCOMPANY	gosupps.com	HTTPS://WWW.GOSUPPS.COM/BRANDS/HAPPY-DOTTING-COMPANY.HTML?DIR=DESC&ORDER=PRICE
HAPPYFEATHER	HAPPYFEATHER	gosupps.com	HTTPS://WWW.GOSUPPS.COM/BRANDS/HAPPY-FEATHER.HTML
HAPPYHACHI	HAPPYHACHI	gosupps.com	HTTPS://WWW.GOSUPPS.COM/BRANDS/HAPPY-HACHI.HTML
HAPPYMA	HAPPYMA	gosupps.com	HTTPS://WWW.GOSUPPS.COM/BRANDS/HAPPYMA.HTML
HAPYKITYS	HAPYKITYS	gosupps.com	HTTPS://WWW.GOSUPPS.COM/BRANDS/HAPYKITYS.HTML
HARAPU	HARAPU	gosupps.com	HTTPS://WWW.GOSUPPS.COM/BRANDS/HARAPU.HTML
HARCHEN	HARCHEN	gosupps.com	HTTPS://WWW.GOSUPPS.COM/BRANDS/HARCHEN.HTML
HARDNEX	HARDNEX	gosupps.com	HTTPS://WWW.GOSUPPS.COM/BRANDS/HARDNEX.HTML
HARDYROAR	HARDYROAR	gosupps.com	HTTPS://WWW.GOSUPPS.COM/BRANDS/HARDYROAR.HTML?DIR=DESC&ORDER=NAME
HARGLESMAN	HARGLESMAN	gosupps.com	HTTPS://WWW.GOSUPPS.COM/BRANDS/HARGLESMAN.HTML?DIR=ASC&ORDER=BEST_SELLING
HARHANA	HARHANA	gosupps.com	HTTPS://WWW.GOSUPPS.COM/BRANDS/HARHANA.HTML
HARLORKI	HARLORKI	gosupps.com	HTTPS://WWW.GOSUPPS.COM/BRANDS/HARLORKI.HTML
HARNN	HARNN	gosupps.com	HTTPS://WWW.GOSUPPS.COM/BRANDS/HARNN.HTML?DIR=DESC&ORDER=BEST_SELLING
HARNNHALO	HARNN	gosupps.com	HTTPS://WWW.GOSUPPS.COM/BRANDS/HARNN.HTML?DIR=DESC&ORDER=BEST_SELLING
HASAGEI	HASAGEI	gosupps.com	HTTPS://WWW.GOSUPPS.COM/BRANDS/HASAGEI.HTML
HASAKY	HASAKY	gosupps.com	HTTPS://WWW.GOSUPPS.COM/BRANDS/HASAKY.HTML
HASALASO	HASALASO	gosupps.com	HTTPS://WWW.GOSUPPS.COM/BRANDS/HASALASO.HTML
HASDON	HASDON	gosupps.com	HTTPS://WWW.GOSUPPS.COM/BRANDS/HASDON.HTML
HASTAR	HASTAR	gosupps.com	HTTPS://WWW.GOSUPPS.COM/BRANDS/HASTAR.HTML
HATIIS	HATIIS	gosupps.com	HTTPS://WWW.GOSUPPS.COM/BRANDS/HATIIS.HTML
HATOTO	HATOTO	gosupps.com	HTTPS://WWW.GOSUPPS.COM/BRANDS/HATOTO.HTML
HATURI	HATURI	gosupps.com	HTTPS://WWW.GOSUPPS.COM/BEAUTY-BRANDS/HATURI.HTML
HAUCA	HAUCA	gosupps.com	HTTPS://WWW.GOSUPPS.COM/BEAUTY-BRANDS/HAUCA.HTML
HAUKING	HAUKING	gosupps.com	HTTPS://WWW.GOSUPPS.COM/BRANDS/HAUKING.HTML?DIR=ASC&ORDER=PRICE
HAUTN	HAUTN	gosupps.com	HTTPS://WWW.GOSUPPS.COM/BRANDS/HAUTN.HTML
HAUTOCO	HAUTOCO	gosupps.com	HTTPS://WWW.GOSUPPS.COM/BEAUTY-BRANDS/HAUTOCO.HTML
HAUTZADO	HAUTSTORE	gosupps.com	HTTPS://WWW.GOSUPPS.COM/BRANDS/HAUTSTORE.HTML
HAUUNWEY	HUNWEY	gosupps.com	HTTPS://WWW.GOSUPPS.COM/BEAUTY-BRANDS/HUNWEY.HTML
HAVAGDTM	HAVAGD	gosupps.com	HTTPS://WWW.GOSUPPS.COM/BRANDS/HAVAGDTM.HTML
HAVENHOUZ	HAVENHOUZ	gosupps.com	HTTPS://WWW.GOSUPPS.COM/BRANDS/HAVEN-HOUZ.HTML
HAWATOUR	HAWATOUR	gosupps.com	HTTPS://WWW.GOSUPPS.COM/BRANDS/HAWATOUR.HTML
HAWGON	HAWGON	gosupps.com	HTTPS://WWW.GOSUPPS.COM/BRANDS/HAWGON.HTML?DIR=ASC&ORDER=POSITION
HAWICL	HAWLIK	gosupps.com	HTTPS://WWW.GOSUPPS.COM/BRANDS/HAWLIK.HTML?DIR=ASC&ORDER=PRICE
HAWOWZ	HAWOWZ	gosupps.com	HTTPS://WWW.GOSUPPS.COM/BEAUTY-BRANDS/HAWOWZ.HTML?DIR=DESC&ORDER=POSITION
HAYAEN	HAYAEN	gosupps.com	HTTPS://WWW.GOSUPPS.COM/BRANDS/HAYAEN.HTML
HAYIUE	HAYIUE	gosupps.com	HTTPS://WWW.GOSUPPS.COM/BRANDS/HAYIUE.HTML?DIR=DESC&ORDER=BEST_SELLING_SORT
HAYLINK	HAYLINK	gosupps.com	HTTPS://WWW.GOSUPPS.COM/BRANDS/HAYLINK.HTML?DIR=ASC&ORDER=PRICE
HAYSANDY	HAYSANDY	gosupps.com	HTTPS://WWW.GOSUPPS.COM/BRANDS/HAYSANDY.HTML?DIR=ASC&ORDER=NAME&P=2
HAYSOMINTERIORS	HAYSOMINTERIORS	gosupps.com	HTTPS://WWW.GOSUPPS.COM/BRANDS/HAYSOM-INTERIORS.HTML
HBNOHEALTHBEAUTYNATURALOILS	HBNOHEALTHBEAUTYNATURALOILS	gosupps.com	HTTPS://WWW.GOSUPPS.COM/BRANDS/HBNO-HEALTH-BEAUTY-NATURAL-OILS.HTML?DIR=ASC&ORDER=BEST_SELLING
HCSMEDICALSOLUTIONS	HCSMEDICALSOLUTIONS	gosupps.com	HTTPS://WWW.GOSUPPS.COM/BRANDS/HCS-MEDICAL-SOLUTIONS.HTML?DIR=DESC&ORDER=NAME
HDLKRR	HDLKRR	gosupps.com	HTTPS://WWW.GOSUPPS.COM/BRANDS/HDLKRR.HTML?DIR=ASC&ORDER=PRICE
HDSMNGY	HDSMNGY	gosupps.com	HTTPS://WWW.GOSUPPS.COM/BRANDS/HDSMNGY.HTML
HDSTEK	HSYTEK	gosupps.com	HTTPS://WWW.GOSUPPS.COM/BRANDS/HSYTEK.HTML?DIR=ASC&ORDER=PRICE
HDSTHOME	HDSTHOME	gosupps.com	HTTPS://WWW.GOSUPPS.COM/BRANDS/HDST-HOME.HTML
HDTIME	HDTIME	gosupps.com	HTTPS://WWW.GOSUPPS.COM/BRANDS/HDTIME.HTML?DIR=ASC&ORDER=NAME
HEADOT	HEADOT	gosupps.com	HTTPS://WWW.GOSUPPS.COM/BRANDS/HEADOT.HTML
HEAFRONT	HEAFRONT	gosupps.com	HTTPS://WWW.GOSUPPS.COM/BRANDS/HEAFRONT.HTML
HEALEEP	HEALEEP	gosupps.com	HTTPS://WWW.GOSUPPS.COM/BRANDS/HEALEEP.HTML?DIR=ASC&ORDER=BEST_SELLING
HEALEVED	HEALEVED1	gosupps.com	HTTPS://WWW.GOSUPPS.COM/BRANDS/HEALEVED-1.HTML?DIR=ASC&ORDER=BEST_SELLING_SORT&P=303
HEALOV	HEALOV	gosupps.com	HTTPS://WWW.GOSUPPS.COM/BRANDS/HEALOV.HTML?DIR=DESC&ORDER=NAME
HEALRECUX	HEALRECUX	gosupps.com	HTTPS://WWW.GOSUPPS.COM/BRANDS/HEALRECUX.HTML
HEALTHEMBASSY	HEALTHEMBASSY	gosupps.com	HTTPS://WWW.GOSUPPS.COM/BRANDS/HEALTH-EMBASSY.HTML
HEALTHERGIZE	HEALTHERGIZE	gosupps.com	HTTPS://WWW.GOSUPPS.COM/BRANDS/HEALTHERGIZE.HTML
HEALTHKEEP	HEALTHKEEP	gosupps.com	HTTPS://WWW.GOSUPPS.COM/BRANDS/HEALTHKEEP.HTML?DIR=DESC&ORDER=BEST_SELLING
HEALTHLINEMASSAGEPRODUCT	HEALTHLINEMASSAGEPRODUCTS	gosupps.com	HTTPS://WWW.GOSUPPS.COM/BRANDS/HEALTH-LINE-MASSAGE-PRODUCTS.HTML
HEALTHLINEMASSAGEPRODUCTS	HEALTHLINEMASSAGEPRODUCTS	gosupps.com	HTTPS://WWW.GOSUPPS.COM/BRANDS/HEALTH-LINE-MASSAGE-PRODUCTS.HTML
HEALTHYDERM	HEALTHYDERM	gosupps.com	HTTPS://WWW.GOSUPPS.COM/BRANDS/HEALTHYDERM.HTML
HEALTHYHARVESTPRODUCTIONS	HEALTHYHARVESTPRODUCTIONS	gosupps.com	HTTPS://WWW.GOSUPPS.COM/BRANDS/HEALTHY-HARVEST-PRODUCTIONS-LLC.HTML?DIR=ASC&ORDER=PRICE
HEALTHYHARVESTPRODUCTIONS	HEALTHYHARVESTPRODUCTIONS	gosupps.com	HTTPS://WWW.GOSUPPS.COM/BRANDS/HEALTHY-HARVEST-PRODUCTIONS.HTML?DIR=DESC&ORDER=BEST_SELLING_SORT
HEALTHYWISER	HEALTHYWISER	gosupps.com	HTTPS://WWW.GOSUPPS.COM/BRANDS/HEALTHYWISER.HTML
HEALVALUEFIT	HEALVALUEFIT	gosupps.com	HTTPS://WWW.GOSUPPS.COM/BRANDS/HEALVALUEFIT.HTML
HEARFALCOM	HEARFALCOM	gosupps.com	HTTPS://WWW.GOSUPPS.COM/BRANDS/HEARFALCOM.HTML
HEARTBOOM	HEARTBOOM	gosupps.com	HTTPS://WWW.GOSUPPS.COM/BRANDS/HEARTBOOM.HTML?DIR=ASC&ORDER=PRICE
HEARTHMARK	HEARTHMARK	gosupps.com	HTTPS://WWW.GOSUPPS.COM/BRANDS/HEARTHMARK-LLC.HTML
HEARTSETPET	HEARTSETPET	gosupps.com	HTTPS://WWW.GOSUPPS.COM/BEAUTY-BRANDS/HEARTSETPET.HTML
HEATGOO	GHEATGOO	gosupps.com	HTTPS://WWW.GOSUPPS.COM/BRANDS/G-HEAT-GOO.HTML
HEATOO	HEATOO	gosupps.com	HTTPS://WWW.GOSUPPS.COM/BEAUTY-BRANDS/HEATOO.HTML
HEATUFF	HEATUFF	gosupps.com	HTTPS://WWW.GOSUPPS.COM/BRANDS/HEATUFF.HTML
HEBECA	HEBECA	gosupps.com	HTTPS://WWW.GOSUPPS.COM/BRANDS/HEBECA.HTML
HECTORBEAUTYSUPPLY	HECTORBEAUTYSUPPLY	gosupps.com	HTTPS://WWW.GOSUPPS.COM/BEAUTY-BRANDS/HECTOR-BEAUTY-SUPPLY.HTML
HEDIGON	HEDIGON	gosupps.com	HTTPS://WWW.GOSUPPS.COM/BRANDS/HEDIGON.HTML
HEDMY	HEDMY	gosupps.com	HTTPS://WWW.GOSUPPS.COM/BRANDS/HEDMY.HTML
HEELAY	HEELAY	gosupps.com	HTTPS://WWW.GOSUPPS.COM/BRANDS/HEELAY.HTML?DIR=ASC&ORDER=BEST_SELLING
HEEPIM	HEEPIM	gosupps.com	HTTPS://WWW.GOSUPPS.COM/BEAUTY-BRANDS/HEEPIM.HTML
HEGEBECK	HEGEBECK	gosupps.com	HTTPS://WWW.GOSUPPS.COM/BRANDS/HEGEBECK.HTML
HEGGCOOE	HEGGCOOE	gosupps.com	HTTPS://WWW.GOSUPPS.COM/BRANDS/HEGGCOOE.HTML?DIR=ASC&ORDER=NAME
HEHALI	HEHALI	gosupps.com	HTTPS://WWW.GOSUPPS.COM/BRANDS/HEHALI.HTML
HELENSOWNINTERNATIONAL	HELENSOWNINTERNATIONAL	gosupps.com	HTTPS://WWW.GOSUPPS.COM/BRANDS/HELEN-S-OWN-INTERNATIONAL.HTML?DIR=ASC&ORDER=BEST_SELLING_SORT&P=2
HELLWANG	HELLWANG	gosupps.com	HTTPS://WWW.GOSUPPS.COM/BRANDS/HELLWANG.HTML
HEMLI	HEMLI	gosupps.com	HTTPS://WWW.GOSUPPS.COM/BRANDS/HEMLI.HTML
HEMOTREAT	HEMOTREAT	gosupps.com	HTTPS://WWW.GOSUPPS.COM/BRANDS/HEMOTREAT.HTML
HENDELGARDEN	HENDELSGARDEN	gosupps.com	HTTPS://WWW.GOSUPPS.COM/BRANDS/HENDEL-S-GARDEN.HTML
