10STRAWBERRYSTREET	10STRAWBERRYSTREET	homedepot.com	HTTPS://WWW.HOMEDEPOT.COM/B/KITCHEN-TABLEWARE-BAR-DINNERWARE/10-STRAWBERRY-STREET/N-5YC1VZCEXXZHL5
12SURVIVORS	12SURVIVORS	homedepot.com	HTTPS://WWW.HOMEDEPOT.COM/B/HEALTH-AND-WELLNESS-MEDICAL-SUPPLIES/12-SURVIVORS/N-5YC1VZCFVLZOM1
1791EDC	1791EDC	homedepot.com	HTTPS://WWW.HOMEDEPOT.COM/B/TOOLS-TOOL-STORAGE-TOOL-BELTS/1791-EDC/N-5YC1VZC27ZZYDW
1829CARLSCHMIDTSOHN	1829CARLSCHMIDTSOHN	homedepot.com	HTTPS://WWW.HOMEDEPOT.COM/B/1829-CARL-SCHMIDT-SOHN/STAINLESS-STEEL/N-5YC1VZHNFZ1Z0LX6E
1829CARLSCHMIDTSOHN	1829CARLSCHMIDTSOHN	homedepot.com	HTTPS://WWW.HOMEDEPOT.COM/B/KITCHEN-KITCHENWARE/1829-CARL-SCHMIDT-SOHN/N-5YC1VZAQZOZHNF
1829CARLSCHMIDTSOHN	1829CARLSCHMIDTSOHN	homedepot.com	HTTPS://WWW.HOMEDEPOT.COM/B/KITCHEN-KITCHENWARE-COOKWARE-POT-PAN-SETS/1829-CARL-SCHMIDT-SOHN/N-5YC1VZCENZZHNF
1829CARLSCHMIDTSOHN	1829CARLSCHMIDTSOHN	homedepot.com	HTTPS://WWW.HOMEDEPOT.COM/B/1829-CARL-SCHMIDT-SOHN/N-5YC1VZHNF
1829CARLSCHMIDTSOHN	1829CARLSCHMIDTSOHN	homedepot.com	HTTPS://WWW.HOMEDEPOT.COM/B/1829-CARL-SCHMIDT-SOHN/STAINLESS-STEEL-HANDLE/N-5YC1VZHNFZ1Z0M5WJ
2000FLUSHES	2000FLUSHES	homedepot.com	HTTPS://WWW.HOMEDEPOT.COM/B/2000-FLUSHES/N-5YC1VZ417
222FIFTH	222FIFTH	homedepot.com	HTTPS://WWW.HOMEDEPOT.COM/B/KITCHEN-TABLEWARE-BAR-DINNERWARE-DINNERWARE-SETS/222-FIFTH/N-5YC1VZCEXAZH22
222FIFTH	222FIFTH	homedepot.com	HTTPS://WWW.HOMEDEPOT.COM/B/222-FIFTH/N-5YC1VZH22
24F	24F	homedepot.com	HTTPS://WWW.HOMEDEPOT.COM/B/GARAGE-AUTOMOTIVE-BATTERY-CHARGING-SYSTEMS-CAR-BATTERIES/24F/N-5YC1VZC8MXZ1Z1A6P1
2GIGTECHNOLOGIES	2GIGTECHNOLOGIES	homedepot.com	HTTPS://WWW.HOMEDEPOT.COM/B/ELECTRICAL/2GIG-TECHNOLOGIES/N-5YC1VZARCDZEHK
2X4BASICS	2X4BASICS	homedepot.com	HTTPS://WWW.HOMEDEPOT.COM/B/LUMBER-COMPOSITES/2X4BASICS/N-5YC1VZBQPGZH5Z
30WATT	30WATT	homedepot.com	HTTPS://WWW.HOMEDEPOT.COM/B/LIGHTING-LIGHT-BULBS/30-WATT/N-5YC1VZBMBUZ1Z1U6HC
30WATT	30WATT	homedepot.com	HTTPS://WWW.HOMEDEPOT.COM/B/LIGHTING-LIGHT-BULBS-LED-LIGHT-BULBS/30-WATT/N-5YC1VZBM79Z1Z1U6HC
360ELECTRICAL	360ELECTRICAL	homedepot.com	HTTPS://WWW.HOMEDEPOT.COM/B/360-ELECTRICAL/N-5YC1VZ4GZ
360ELECTRICAL	360ELECTRICAL	homedepot.com	HTTPS://WWW.HOMEDEPOT.COM/B/ELECTRICAL/360-ELECTRICAL/N-5YC1VZARCDZ4GZ
360ELECTRICAL	360ELECTRICAL	homedepot.com	HTTPS://WWW.HOMEDEPOT.COM/B/ELECTRICAL-ELECTRICAL-CORDS-SURGE-PROTECTORS/360-ELECTRICAL/N-5YC1VZC4N8Z4GZ
3DROSE	3DROSE	homedepot.com	HTTPS://WWW.HOMEDEPOT.COM/B/3DROSE/N-5YC1VZNFN
3EMBERS	3EMBERS	homedepot.com	HTTPS://WWW.HOMEDEPOT.COM/B/OUTDOORS-OUTDOOR-COOKING-GRILLS-GAS-GRILLS/3-EMBERS/N-5YC1VZC5T5ZGLR
3EMBERS	3EMBERS	homedepot.com	HTTPS://WWW.HOMEDEPOT.COM/B/3-EMBERS/N-5YC1VZGLR
3M	3M	homedepot.com	HTTPS://WWW.HOMEDEPOT.COM/B/3M/N-5YC1VZ30
3MCLAW	3MCLAW	homedepot.com	HTTPS://WWW.HOMEDEPOT.COM/B/STORAGE-ORGANIZATION-HOOKS/3M-CLAW/N-5YC1VZC89IZXZX
3RSTUDIOS	3RSTUDIOS	homedepot.com	HTTPS://WWW.HOMEDEPOT.COM/B/3R-STUDIOS/N-5YC1VZHCE
3RSTUDIOS	3RSTUDIOS	homedepot.com	HTTPS://WWW.HOMEDEPOT.COM/B/HOME-DECOR-HOME-ACCENTS/3R-STUDIOS/N-5YC1VZAR58ZHCE
3RSTUDIOS	3RSTUDIOS	homedepot.com	HTTPS://WWW.HOMEDEPOT.COM/B/FURNITURE/3R-STUDIOS/N-5YC1VZC7PCZHCE
3RSTUDIOS	3RSTUDIOS	homedepot.com	HTTPS://WWW.HOMEDEPOT.COM/B/3R-STUDIOS/MODERN/N-5YC1VZHCEZ1Z0LM6Y
3RSTUDIOS	3RSTUDIOS	homedepot.com	HTTPS://WWW.HOMEDEPOT.COM/B/HOME-DECOR-HOME-ACCENTS-VASES/3R-STUDIOS/N-5YC1VZCHZYZHCE
3RSTUDIOS	3RSTUDIOS	homedepot.com	HTTPS://WWW.HOMEDEPOT.COM/B/FURNITURE-BAR-FURNITURE-BAR-STOOLS/3R-STUDIOS/N-5YC1VZC7OFZUZQ
3RSTUDIOS	3RSTUDIOS	homedepot.com	HTTPS://WWW.HOMEDEPOT.COM/B/FURNITURE-HOME-OFFICE-FURNITURE/3R-STUDIOS/N-5YC1VZC7NPZHCE
3RSTUDIOS	3RSTUDIOS	homedepot.com	HTTPS://WWW.HOMEDEPOT.COM/B/FURNITURE-BAR-FURNITURE/3R-STUDIOS/N-5YC1VZ2FKPAAGZUZQ
3RSTUDIOS	3RSTUDIOS	homedepot.com	HTTPS://WWW.HOMEDEPOT.COM/B/HOME-DECOR-MIRRORS/3R-STUDIOS/N-5YC1VZBVE6ZUZQ
3RSTUDIOS	3RSTUDIOS	homedepot.com	HTTPS://WWW.HOMEDEPOT.COM/B/OUTDOORS-GARDEN-CENTER/3R-STUDIOS/N-5YC1VZBX6KZUZQ
3SPROUTS	3SPROUTS	homedepot.com	HTTPS://WWW.HOMEDEPOT.COM/B/3-SPROUTS/N-5YC1VZMNU
3XCHEMISTRY	3XCHEMISTRY	homedepot.com	HTTPS://WWW.HOMEDEPOT.COM/B/3XCHEMISTRY/N-5YC1VZRVJ
3XCHEMISTRY	3XCHEMISTRY	homedepot.com	HTTPS://WWW.HOMEDEPOT.COM/B/AUTOMOTIVE-RV-SUPPLIES/3XCHEMISTRY/N-5YC1VZCLREZRVJ
4000PSI	4000PSI	homedepot.com	HTTPS://WWW.HOMEDEPOT.COM/B/OUTDOORS-OUTDOOR-POWER-EQUIPMENT-PRESSURE-WASHERS/4000-PSI/N-5YC1VZBXBEZ1Z1CAP5
4000PSI	4000PSI	homedepot.com	HTTPS://WWW.HOMEDEPOT.COM/B/OUTDOORS-OUTDOOR-POWER-EQUIPMENT-PRESSURE-WASHERS-GAS-PRESSURE-WASHERS/4000-PSI/N-5YC1VZ2FKOOYLZ1Z1CAP5
4DCONCEPTS	4DCONCEPTS	homedepot.com	HTTPS://WWW.HOMEDEPOT.COM/B/4D-CONCEPTS/N-5YC1VZBM4
4DCONCEPTS	4DCONCEPTS	homedepot.com	HTTPS://WWW.HOMEDEPOT.COM/B/FURNITURE-KITCHEN-DINING-ROOM-FURNITURE/4D-CONCEPTS/N-5YC1VZC7OUZBM4
4SEASONSGLOBAL	4SEASONSGLOBAL	homedepot.com	HTTPS://WWW.HOMEDEPOT.COM/B/OUTDOORS-PATIO-FURNITURE/4-SEASONS-GLOBAL/N-5YC1VZBX4OZAMW
4SEASONSGLOBAL	4SEASONSGLOBAL	homedepot.com	HTTPS://WWW.HOMEDEPOT.COM/B/OUTDOORS-PATIO-FURNITURE-PATIO-CHAIRS/4-SEASONS-GLOBAL/N-5YC1VZC1XKZAMW
4SEASONSGLOBAL	4SEASONSGLOBAL	homedepot.com	HTTPS://WWW.HOMEDEPOT.COM/B/OUTDOORS-PATIO-FURNITURE-OUTDOOR-LOUNGE-FURNITURE-PATIO-CONVERSATION-SETS/4-SEASONS-GLOBAL/N-5YC1VZBX97ZAMW
4STEP	4STEP	homedepot.com	HTTPS://WWW.HOMEDEPOT.COM/B/BUILDING-MATERIALS-LADDERS-STEP-STOOLS/4-STEP/N-5YC1VZARJAZ1Z1A4NR
510DESIGN	510DESIGN	homedepot.com	HTTPS://WWW.HOMEDEPOT.COM/B/HOME-DECOR-BEDDING/510-DESIGN/N-5YC1VZCI04ZSNJ
510DESIGN	510DESIGN	homedepot.com	HTTPS://WWW.HOMEDEPOT.COM/B/510-DESIGN/N-5YC1VZSNJ
51GROUPS	51GROUPS	homedepot.com	HTTPS://WWW.HOMEDEPOT.COM/B/OUTDOORS-GARDEN-CENTER/51GROUPS/N-5YC1VZBX6KZOG0
51GROUPS	51GROUPS	homedepot.com	HTTPS://WWW.HOMEDEPOT.COM/B/OUTDOORS/51GROUPS/N-5YC1VZBX82ZOG0
51GROUPS	51GROUPS	homedepot.com	HTTPS://WWW.HOMEDEPOT.COM/B/OUTDOORS-GARDEN-CENTER-OUTDOOR-DECOR-FLAGS/51GROUPS/N-5YC1VZC6NMZOG0
51GROUPS	51GROUPS	homedepot.com	HTTPS://WWW.HOMEDEPOT.COM/B/OUTDOORS-GARDEN-CENTER-OUTDOOR-DECOR-FLAGS-GARDEN-FLAGS/51GROUPS/N-5YC1VZCL23ZOG0
5PIECE	5PIECE	homedepot.com	HTTPS://WWW.HOMEDEPOT.COM/B/FURNITURE-KITCHEN-DINING-ROOM-FURNITURE-DINING-ROOM-SETS/5-PIECE/N-5YC1VZCETRZ1Z1A79J
5ZONE	5ZONE	homedepot.com	HTTPS://WWW.HOMEDEPOT.COM/B/HEATING-VENTING-COOLING-MINI-SPLIT-AIR-CONDITIONERS-MINI-SPLIT-SYSTEMS/5-ZONE/N-5YC1VZ2FKPDFFZ1Z1WYD8
5ZONE	5ZONE	homedepot.com	HTTPS://WWW.HOMEDEPOT.COM/B/HEATING-VENTING-COOLING-MINI-SPLIT-AIR-CONDITIONERS/5-ZONE/N-5YC1VZC4M1Z1Z1WYD8
7GANG	7GANG	homedepot.com	HTTPS://WWW.HOMEDEPOT.COM/B/ELECTRICAL-WALL-PLATES/7-GANG/N-5YC1VZBM8MZ1Z1C262
7IN1CARPETCARE	7IN1CARPETCARE	homedepot.com	HTTPS://WWW.HOMEDEPOT.COM/B/7-IN-1-CARPET-CARE/N-5YC1VZ87M
7IN1CARPETCARE	7IN1CARPETCARE	homedepot.com	HTTPS://WWW.HOMEDEPOT.COM/B/CLEANING/7-IN-1-CARPET-CARE/N-5YC1VZBQSIZ87M
7IN1CARPETCARE	7IN1CARPETCARE	homedepot.com	HTTPS://WWW.HOMEDEPOT.COM/B/7-IN-1-CARPET-CARE/4/N-5YC1VZ87MZ1Z0Y5SO
7TECH	7TECH	homedepot.com	HTTPS://WWW.HOMEDEPOT.COM/B/ELECTRICAL-ELECTRONICS/7TECH/N-5YC1VZC958ZRYS
7TECH	7TECH	homedepot.com	HTTPS://WWW.HOMEDEPOT.COM/B/ELECTRICAL-ELECTRONICS-TELEPHONES-TELEPHONE-ACCESSORIES/7TECH/N-5YC1VZC32XZRYS
7WATTS	7WATTS	homedepot.com	HTTPS://WWW.HOMEDEPOT.COM/B/LIGHTING-LIGHT-BULBS-LED-LIGHT-BULBS/7-WATTS/N-5YC1VZBM79Z1Z1DQLJ
8NET	8NET	homedepot.com	HTTPS://WWW.HOMEDEPOT.COM/B/8NET/N-5YC1VZQJM
8NET	8NET	homedepot.com	HTTPS://WWW.HOMEDEPOT.COM/B/BUILDING-MATERIALS-MATERIAL-HANDLING-EQUIPMENT-SAFETY-TRAFFIC-CONTROL/8NET/N-5YC1VZCA3CZQJM
8X8	8X8	homedepot.com	HTTPS://WWW.HOMEDEPOT.COM/B/LUMBER-COMPOSITES-DIMENSIONAL-LUMBER/8X8/N-5YC1VZC3TCZ1Z0VYMU
8X8	8X8	homedepot.com	HTTPS://WWW.HOMEDEPOT.COM/B/STORAGE-ORGANIZATION-OUTDOOR-STORAGE-SHEDS/8-X-8/N-5YC1VZBTZ2Z1Z1BYHI
8X8	8X8	homedepot.com	HTTPS://WWW.HOMEDEPOT.COM/B/FLOORING-RUGS-AREA-RUGS/8-X-8/N-5YC1VZARJGZ1Z180UV
9ELEMENTS	9ELEMENTS	homedepot.com	HTTPS://WWW.HOMEDEPOT.COM/B/9-ELEMENTS/N-5YC1VZQI8
9ELEMENTS	9ELEMENTS	homedepot.com	HTTPS://WWW.HOMEDEPOT.COM/B/CLEANING-HOUSEHOLD-ESSENTIALS-LAUNDRY-SUPPLIES/9-ELEMENTS/N-5YC1VZCB4SZQI8
A1CARDONE	A1CARDONE	homedepot.com	HTTPS://WWW.HOMEDEPOT.COM/B/A1-CARDONE/N-5YC1VZNMH
A1HOMECOLLECTIONS	A1HOMECOLLECTIONS	homedepot.com	HTTPS://WWW.HOMEDEPOT.COM/B/A1-HOME-COLLECTIONS/N-5YC1VZNEZ
A1HOMECOLLECTIONS	A1HOMECOLLECTIONS	homedepot.com	HTTPS://WWW.HOMEDEPOT.COM/B/FLOORING-RUGS-MATS-DOOR-MATS/A1-HOME-COLLECTIONS/N-5YC1VZBNB0ZNEZ
A1HOMECOLLECTIONS	A1HOMECOLLECTIONS	homedepot.com	HTTPS://WWW.HOMEDEPOT.COM/B/HOME-DECOR/A1-HOME-COLLECTIONS/N-5YC1VZAS6PZNEZ
A1HOMECOLLECTIONS	A1HOMECOLLECTIONS	homedepot.com	HTTPS://WWW.HOMEDEPOT.COM/B/A1-HOME-COLLECTIONS/BEIGE/N-5YC1VZNEZZ1Z13HSJ
A1HOMECOLLECTIONS	A1HOMECOLLECTIONS	homedepot.com	HTTPS://WWW.HOMEDEPOT.COM/B/A1-HOME-COLLECTIONS-LLC/N-5YC1VZ10HZ
AAAA	AAAA	homedepot.com	HTTPS://WWW.HOMEDEPOT.COM/B/ELECTRICAL-BATTERIES/AAAA/N-5YC1VZC28MZ1Z1BGVZ
AAAAACESSORIES	AAAAACESSORIES	homedepot.com	HTTPS://WWW.HOMEDEPOT.COM/B/AAAAACESSORIES/N-5YC1VZZ8L
AAAAACESSORIES	AAAAACESSORIES	homedepot.com	HTTPS://WWW.HOMEDEPOT.COM/B/OUTDOORS-PATIO-FURNITURE-OUTDOOR-CUSHIONS/AAAAACESSORIES/N-5YC1VZC5F3ZZ8L
AAFFLANDERS	AAFFLANDERS	homedepot.com	HTTPS://WWW.HOMEDEPOT.COM/B/AAF-FLANDERS/N-5YC1VZPCO
AAFFLANDERS	AAFFLANDERS	homedepot.com	HTTPS://WWW.HOMEDEPOT.COM/B/HEATING-VENTING-COOLING-AIR-FILTERS/AAF-FLANDERS/N-5YC1VZC4KWZPCO
AANLEOLIFE	AANLEOLIFE	homedepot.com	HTTPS://WWW.HOMEDEPOT.COM/B/A-ANLEOLIFE/N-5YC1VZZ6L
AANLEOLIFE	AANLEOLIFE	homedepot.com	HTTPS://WWW.HOMEDEPOT.COM/B/OUTDOORS-GARDEN-CENTER-LANDSCAPING-SUPPLIES-LANDSCAPE-EDGING-PLASTIC-EDGING/A-ANLEOLIFE/N-5YC1VZCIALZZ6L
AAOBOSI	AAOBOSI	homedepot.com	HTTPS://WWW.HOMEDEPOT.COM/B/AAOBOSI/N-5YC1VZYE1
AAOBOSI	AAOBOSI	homedepot.com	HTTPS://WWW.HOMEDEPOT.COM/B/OUTDOORS-OUTDOOR-COOKING-OUTDOOR-KITCHENS-OUTDOOR-REFRIGERATORS/AAOBOSI/N-5YC1VZC6STZYE1
AAWAREHOUSING	AAWAREHOUSING	homedepot.com	HTTPS://WWW.HOMEDEPOT.COM/B/AA-WAREHOUSING/N-5YC1VZQCE
AAWAREHOUSING	AAWAREHOUSING	homedepot.com	HTTPS://WWW.HOMEDEPOT.COM/B/LIGHTING/AA-WAREHOUSING/N-5YC1VZBVN5ZQCE
AAWAREHOUSING	AAWAREHOUSING	homedepot.com	HTTPS://WWW.HOMEDEPOT.COM/B/AA-WAREHOUSING/RECTANGLE/N-5YC1VZQCEZ1Z1413Z
AAWAREHOUSING	AAWAREHOUSING	homedepot.com	HTTPS://WWW.HOMEDEPOT.COM/B/AA-WAREHOUSING/METAL-WOOD/N-5YC1VZQCEZ1Z0JJWV
AAWAREHOUSING	AAWAREHOUSING	homedepot.com	HTTPS://WWW.HOMEDEPOT.COM/B/LIGHTING-OUTDOOR-LIGHTING/AA-WAREHOUSING/N-5YC1VZC7QVZQCE
ABANI	ABANI	homedepot.com	HTTPS://WWW.HOMEDEPOT.COM/B/ABANI/N-5YC1VZUBN
ABANI	ABANI	homedepot.com	HTTPS://WWW.HOMEDEPOT.COM/B/FLOORING-RUGS-AREA-RUGS/ABANI/N-5YC1VZARJGZUBN
ABANI	ABANI	homedepot.com	HTTPS://WWW.HOMEDEPOT.COM/B/FLOORING-RUGS/ABANI/N-5YC1VZARFMZUBN
ABATRON	ABATRON	homedepot.com	HTTPS://WWW.HOMEDEPOT.COM/B/ABATRON/N-5YC1VZYJT
ABBAPATIO	ABBAPATIO	homedepot.com	HTTPS://WWW.HOMEDEPOT.COM/B/OUTDOORS-PATIO-FURNITURE-PATIO-UMBRELLAS/ABBA-PATIO/N-5YC1VZCCGWZNOH
ABBAPATIO	ABBAPATIO	homedepot.com	HTTPS://WWW.HOMEDEPOT.COM/B/ABBA-PATIO/N-5YC1VZNOH
ABBAPATIO	ABBAPATIO	homedepot.com	HTTPS://WWW.HOMEDEPOT.COM/B/OUTDOORS-PATIO-FURNITURE/ABBA-PATIO/N-5YC1VZBX4OZNOH
ABBEVILLE	ABBEVILLE	homedepot.com	HTTPS://WWW.HOMEDEPOT.COM/B/ABBEVILLE/N-5YC1VZ1Z1Z6CB
ABBYSONLIVING	ABBYSONLIVING	homedepot.com	HTTPS://WWW.HOMEDEPOT.COM/B/FURNITURE/ABBYSON-LIVING/N-5YC1VZC7PCZU4N
ABCCANOPY	ABCCANOPY	homedepot.com	HTTPS://WWW.HOMEDEPOT.COM/B/ABCCANOPY/N-5YC1VZV6Z
ABLELIFE	ABLELIFE	homedepot.com	HTTPS://WWW.HOMEDEPOT.COM/B/ABLE-LIFE/N-5YC1VZELY
ABOCRETE	ABOCRETE	homedepot.com	HTTPS://WWW.HOMEDEPOT.COM/B/BUILDING-MATERIALS-CONCRETE-CEMENT-MASONRY-CONCRETE-REPAIR/ABOCRETE/N-5YC1VZ2FKP62XZYA3
ABOGEAR	ABOGEAR	homedepot.com	HTTPS://WWW.HOMEDEPOT.COM/B/ABO-GEAR/N-5YC1VZC08
ABOGEAR	ABOGEAR	homedepot.com	HTTPS://WWW.HOMEDEPOT.COM/B/OUTDOORS-PET-SUPPLIES-WILDLIFE-DOG-SUPPLIES-DOG-CARRIERS-HOUSES-KENNELS/ABO-GEAR/N-5YC1VZC4TWZC08
ABOGEAR	ABOGEAR	homedepot.com	HTTPS://WWW.HOMEDEPOT.COM/B/OUTDOORS/ABO-GEAR/N-5YC1VZBX82ZC08
ABOLOS	ABOLOS	homedepot.com	HTTPS://WWW.HOMEDEPOT.COM/B/FLOORING-TILE-GLASS-TILE/ABOLOS/N-5YC1VZBO1XZHAJ
ABOLOS	ABOLOS	homedepot.com	HTTPS://WWW.HOMEDEPOT.COM/B/FLOORING-TILE/ABOLOS/N-5YC1VZAR0YZHAJ
ABOLOS	ABOLOS	homedepot.com	HTTPS://WWW.HOMEDEPOT.COM/B/ABOLOS/N-5YC1VZHAJ
ABOLOS	ABOLOS	homedepot.com	HTTPS://WWW.HOMEDEPOT.COM/B/FLOORING-TILE-MOSAIC-TILE/ABOLOS/N-5YC1VZC8GFZHAJ
ABOLOS	ABOLOS	homedepot.com	HTTPS://WWW.HOMEDEPOT.COM/B/FLOORING/ABOLOS/PEEL-AND-STICK/N-5YC1VZAQ7RZHAJZ1Z1BPEW
ABOLOS	ABOLOS	homedepot.com	HTTPS://WWW.HOMEDEPOT.COM/B/FLOORING/ABOLOS/N-5YC1VZAQ7RZHAJ
ABOLOS	ABOLOS	homedepot.com	HTTPS://WWW.HOMEDEPOT.COM/B/ABOLOS/8/N-5YC1VZHAJZ1Z10UEC
ABORON	ABORON	homedepot.com	HTTPS://WWW.HOMEDEPOT.COM/B/ABORON/N-5YC1VZZSQ
ABORON	ABORON	homedepot.com	HTTPS://WWW.HOMEDEPOT.COM/B/SPORTS-OUTDOORS-CAMPING-GEAR/ABORON/N-5YC1VZC452ZZSQ
ABORON	ABORON	homedepot.com	HTTPS://WWW.HOMEDEPOT.COM/B/SPORTS-OUTDOORS-CYCLING-GEAR/ABORON/N-5YC1VZC40YZZSQ
ABSCO	ABSCO	homedepot.com	HTTPS://WWW.HOMEDEPOT.COM/B/STORAGE-ORGANIZATION-OUTDOOR-STORAGE-SHEDS/ABSCO/N-5YC1VZBTZ2Z8QC
ABSCO	ABSCO	homedepot.com	HTTPS://WWW.HOMEDEPOT.COM/B/ABSCO/N-5YC1VZ8QC
ABSCO	ABSCO	homedepot.com	HTTPS://WWW.HOMEDEPOT.COM/B/STORAGE-ORGANIZATION/ABSCO/N-5YC1VZAS7EZ8QC
ABSORBENTINDUSTRIES	ABSORBENTINDUSTRIES	homedepot.com	HTTPS://WWW.HOMEDEPOT.COM/B/ABSORBENT-INDUSTRIES/N-5YC1VZNJ4
ACCELL	ACCELL	homedepot.com	HTTPS://WWW.HOMEDEPOT.COM/B/ACCELL/N-5YC1VZ3EC
ACCENTRICSHOME	ACCENTRICSHOME	homedepot.com	HTTPS://WWW.HOMEDEPOT.COM/B/ACCENTRICS-HOME/N-5YC1VZMFL
ACCENTRICSHOME	ACCENTRICSHOME	homedepot.com	HTTPS://WWW.HOMEDEPOT.COM/B/FURNITURE/ACCENTRICS-HOME/N-5YC1VZC7PCZMFL
ACCENTRICSHOME	ACCENTRICSHOME	homedepot.com	HTTPS://WWW.HOMEDEPOT.COM/B/FURNITURE-LIVING-ROOM-FURNITURE-CHAIRS-ACCENT-CHAIRS/ACCENTRICS-HOME/N-5YC1VZCF8GZMFL
ACCENTRICSHOME	ACCENTRICSHOME	homedepot.com	HTTPS://WWW.HOMEDEPOT.COM/B/FURNITURE-LIVING-ROOM-FURNITURE-ACCENT-CABINETS/ACCENTRICS-HOME/N-5YC1VZ2FKPCJ5ZMFL
ACCENTRICSHOME	ACCENTRICSHOME	homedepot.com	HTTPS://WWW.HOMEDEPOT.COM/B/FURNITURE-KITCHEN-DINING-ROOM-FURNITURE-KITCHEN-ISLANDS/ACCENTRICS-HOME/N-5YC1VZCF2BZMFL
ACCENTRICSHOME	ACCENTRICSHOME	homedepot.com	HTTPS://WWW.HOMEDEPOT.COM/B/FURNITURE-BEDROOM-FURNITURE/ACCENTRICS-HOME/N-5YC1VZC7PEZMFL
ACCENTRICSHOME	ACCENTRICSHOME	homedepot.com	HTTPS://WWW.HOMEDEPOT.COM/B/FURNITURE-LIVING-ROOM-FURNITURE-SOFAS-COUCHES/ACCENTRICS-HOME/N-5YC1VZC7OYZMFL
ACCENTUA	ACCENTUA	homedepot.com	HTTPS://WWW.HOMEDEPOT.COM/B/ACCENTUA/N-5YC1VZGCX
ACCENTUA	ACCENTUA	homedepot.com	HTTPS://WWW.HOMEDEPOT.COM/B/STORAGE-ORGANIZATION-OUTDOOR-STORAGE/ACCENTUA/N-5YC1VZBU96ZGCX
ACCENTUA	ACCENTUA	homedepot.com	HTTPS://WWW.HOMEDEPOT.COM/B/STORAGE-ORGANIZATION-OUTDOOR-STORAGE-CUPOLAS/ACCENTUA/N-5YC1VZCC5DZGCX
ACCESSLIGHTING	ACCESSLIGHTING	homedepot.com	HTTPS://WWW.HOMEDEPOT.COM/B/ACCESS-LIGHTING/N-5YC1VZB4K
ACCESSLIGHTING	ACCESSLIGHTING	homedepot.com	HTTPS://WWW.HOMEDEPOT.COM/B/LIGHTING/ACCESS-LIGHTING/N-5YC1VZBVN5ZB4K
ACCESSLIGHTING	ACCESSLIGHTING	homedepot.com	HTTPS://WWW.HOMEDEPOT.COM/B/LIGHTING-PENDANT-LIGHTS/ACCESS-LIGHTING/N-5YC1VZC7NUZB4K
ACCLAIMLIGHTING	ACCLAIMLIGHTING	homedepot.com	HTTPS://WWW.HOMEDEPOT.COM/B/ACCLAIM-LIGHTING/N-5YC1VZA8X
ACCLAIMLIGHTING	ACCLAIMLIGHTING	homedepot.com	HTTPS://WWW.HOMEDEPOT.COM/B/LIGHTING/ACCLAIM-LIGHTING/N-5YC1VZBVN5ZA8X
ACCLAIMLIGHTING	ACCLAIMLIGHTING	homedepot.com	HTTPS://WWW.HOMEDEPOT.COM/B/LIGHTING-OUTDOOR-LIGHTING-OUTDOOR-WALL-LIGHTING/ACCLAIM-LIGHTING/N-5YC1VZC7QQZA8X
ACCLAIMLIGHTING	ACCLAIMLIGHTING	homedepot.com	HTTPS://WWW.HOMEDEPOT.COM/B/LIGHTING-OUTDOOR-LIGHTING-POST-LIGHTING/ACCLAIM-LIGHTING/N-5YC1VZC7QJZA8X
ACCUGAGE	ACCUGAGE	homedepot.com	HTTPS://WWW.HOMEDEPOT.COM/B/GARAGE-AUTOMOTIVE-TIRE-ACCESSORIES-TIRE-PRESSURE-GAUGES/ACCU-GAGE/N-5YC1VZC8O0ZZ04
ACCUMULAIR	ACCUMULAIR	homedepot.com	HTTPS://WWW.HOMEDEPOT.COM/B/HEATING-VENTING-COOLING-AIR-FILTERS/ACCUMULAIR/N-5YC1VZC4KWZU15
ACCURIDE	ACCURIDE	homedepot.com	HTTPS://WWW.HOMEDEPOT.COM/B/ACCURIDE/N-5YC1VZPHI
ACCURIDE	ACCURIDE	homedepot.com	HTTPS://WWW.HOMEDEPOT.COM/B/HARDWARE/ACCURIDE/N-5YC1VZC21MZPHI
ACDELCO	ACDELCO	homedepot.com	HTTPS://WWW.HOMEDEPOT.COM/B/ACDELCO/N-5YC1VZ3PU
ACDELCO	ACDELCO	homedepot.com	HTTPS://WWW.HOMEDEPOT.COM/B/GARAGE-AUTOMOTIVE-AUTO-PARTS/ACDELCO/N-5YC1VZC8SSZ3PU
ACE	ACE	homedepot.com	HTTPS://WWW.HOMEDEPOT.COM/B/ACE/N-5YC1VZ5WY
ACECASUALFURNITURE	ACECASUALFURNITURE	homedepot.com	HTTPS://WWW.HOMEDEPOT.COM/B/ACE-CASUAL-FURNITURE/N-5YC1VZGT3
ACECASUALFURNITURE	ACECASUALFURNITURE	homedepot.com	HTTPS://WWW.HOMEDEPOT.COM/B/FURNITURE-LIVING-ROOM-FURNITURE-ACCENT-TABLES-END-SIDE-TABLES/ACE-CASUAL-FURNITURE/N-5YC1VZCF93ZGT3
ACECASUALFURNITURE	ACECASUALFURNITURE	homedepot.com	HTTPS://WWW.HOMEDEPOT.COM/B/ACE-CASUAL-FURNITURE/SAND/N-5YC1VZGT3Z1Z13HG8
ACECASUALFURNITURE	ACECASUALFURNITURE	homedepot.com	HTTPS://WWW.HOMEDEPOT.COM/B/FURNITURE-LIVING-ROOM-FURNITURE-CHAIRS-ACCENT-CHAIRS/ACE-CASUAL-FURNITURE/N-5YC1VZCF8GZGT3
ACECASUALFURNITURE	ACECASUALFURNITURE	homedepot.com	HTTPS://WWW.HOMEDEPOT.COM/B/ACE-CASUAL-FURNITURE/SOLID/N-5YC1VZGT3Z1Z0LYPG
ACECASUALFURNITURE	ACECASUALFURNITURE	homedepot.com	HTTPS://WWW.HOMEDEPOT.COM/B/FURNITURE-LIVING-ROOM-FURNITURE-OTTOMANS/ACE-CASUAL-FURNITURE/N-5YC1VZC7PLZGT3
ACECASUALFURNITURE	ACECASUALFURNITURE	homedepot.com	HTTPS://WWW.HOMEDEPOT.COM/B/FURNITURE-LIVING-ROOM-FURNITURE-CHAIRS-BEAN-BAG-CHAIRS/ACE-CASUAL-FURNITURE/N-5YC1VZCIJZZGT3
ACECASUALFURNITURE	ACECASUALFURNITURE	homedepot.com	HTTPS://WWW.HOMEDEPOT.COM/B/ACE-CASUAL-FURNITURE/SQUARE/N-5YC1VZGT3Z1Z13ZRU
ACECASUALFURNITURE	ACECASUALFURNITURE	homedepot.com	HTTPS://WWW.HOMEDEPOT.COM/B/FURNITURE/ACE-CASUAL-FURNITURE/N-5YC1VZC7PCZGT3?VISUALNAV=FURNITURE
ACESSENTIALS	ACESSENTIALS	homedepot.com	HTTPS://WWW.HOMEDEPOT.COM/B/ACESSENTIALS/N-5YC1VZTDI
ACESSENTIALS	ACESSENTIALS	homedepot.com	HTTPS://WWW.HOMEDEPOT.COM/B/FURNITURE-BAR-FURNITURE-BAR-STOOLS/ACESSENTIALS/N-5YC1VZC7OFZTDI
ACGGREENGROUP	ACGGREENGROUP	homedepot.com	HTTPS://WWW.HOMEDEPOT.COM/B/FURNITURE-BEDROOM-FURNITURE-BEDS/ACG-GREEN-GROUP/N-5YC1VZC7OHZTBN
ACGUARD	ACGUARD	homedepot.com	HTTPS://WWW.HOMEDEPOT.COM/B/AC-GUARD/N-5YC1VZARN
ACGUARD	ACGUARD	homedepot.com	HTTPS://WWW.HOMEDEPOT.COM/B/HEATING-VENTING-COOLING-AIR-CONDITIONERS/AC-GUARD/N-5YC1VZC4MEZARN
ACHEERFULGIVER	ACHEERFULGIVER	homedepot.com	HTTPS://WWW.HOMEDEPOT.COM/B/HOME-DECOR-CANDLES/A-CHEERFUL-GIVER/N-5YC1VZCI03ZUN1
ACHIM	ACHIM	homedepot.com	HTTPS://WWW.HOMEDEPOT.COM/B/ACHIM/N-5YC1VZS2Y
ACHIM	ACHIM	homedepot.com	HTTPS://WWW.HOMEDEPOT.COM/B/FLOORING-VINYL-FLOORING/ACHIM/N-5YC1VZAPWRZS2Y
ACHIM	ACHIM	homedepot.com	HTTPS://WWW.HOMEDEPOT.COM/B/WINDOW-TREATMENTS-BLINDS/ACHIM/N-5YC1VZCH24ZS2Y
ACHIMIMPORTINGCO	ACHIMIMPORTINGCO	homedepot.com	HTTPS://WWW.HOMEDEPOT.COM/B/HOME-DECOR/ACHIM-IMPORTING-CO/N-5YC1VZAS6PZYS2
ACHLADESIGNS	ACHLADESIGNS	homedepot.com	HTTPS://WWW.HOMEDEPOT.COM/B/OUTDOORS-GARDEN-CENTER-OUTDOOR-DECOR-TRELLISES-GARDEN-TRELLISES/ACHLA-DESIGNS/N-5YC1VZCC50ZRHR
ACHLADESIGNS	ACHLADESIGNS	homedepot.com	HTTPS://WWW.HOMEDEPOT.COM/B/ACHLA-DESIGNS/N-5YC1VZD8E
ACHLADESIGNS	ACHLADESIGNS	homedepot.com	HTTPS://WWW.HOMEDEPOT.COM/B/OUTDOORS-GARDEN-CENTER/ACHLA-DESIGNS/N-5YC1VZBX6KZRHR
ACHLADESIGNS	ACHLADESIGNS	homedepot.com	HTTPS://WWW.HOMEDEPOT.COM/B/OUTDOORS-GARDEN-CENTER-OUTDOOR-DECOR-TRELLISES/ACHLA-DESIGNS/N-5YC1VZC6NXZD8E
ACINFINITY	ACINFINITY	homedepot.com	HTTPS://WWW.HOMEDEPOT.COM/B/AC-INFINITY/N-5YC1VZU3A
ACINFINITY	ACINFINITY	homedepot.com	HTTPS://WWW.HOMEDEPOT.COM/B/HEATING-VENTING-COOLING-HVAC-SUPPLIES-HVAC-ACCESSORIES/AC-INFINITY/N-5YC1VZC6HMZU3A
ACMEFURNITURE	ACMEFURNITURE	homedepot.com	HTTPS://WWW.HOMEDEPOT.COM/B/FURNITURE/ACME-FURNITURE/N-5YC1VZC7PCZG65
ACMEFURNITURE	ACMEFURNITURE	homedepot.com	HTTPS://WWW.HOMEDEPOT.COM/B/ACME-FURNITURE/N-5YC1VZG65
ACMESPONGECHAMOIS	ACMESPONGECHAMOIS	homedepot.com	HTTPS://WWW.HOMEDEPOT.COM/B/CLEANING-CLEANING-TOOLS-CLEANING-CLOTHS/ACME-SPONGE-CHAMOIS/N-5YC1VZCB3MZB35
ACMESPONGECHAMOIS	ACMESPONGECHAMOIS	homedepot.com	HTTPS://WWW.HOMEDEPOT.COM/B/CLEANING-CLEANING-TOOLS/ACME-SPONGE-CHAMOIS/N-5YC1VZCB51ZB35
ACOPOWER	ACOPOWER	homedepot.com	HTTPS://WWW.HOMEDEPOT.COM/B/ACOPOWER/N-5YC1VZPO0
ACOPOWER	ACOPOWER	homedepot.com	HTTPS://WWW.HOMEDEPOT.COM/B/ELECTRICAL/ACOPOWER/N-5YC1VZARCDZPO0
ACORNINTERNATIONAL	ACORNINTERNATIONAL	homedepot.com	HTTPS://WWW.HOMEDEPOT.COM/B/ACORN-INTERNATIONAL/N-5YC1VZGQ6
ACORNINTERNATIONAL	ACORNINTERNATIONAL	homedepot.com	HTTPS://WWW.HOMEDEPOT.COM/B/HARDWARE/ACORN-INTERNATIONAL/N-5YC1VZC21MZGQ6
ACORNINTERNATIONAL	ACORNINTERNATIONAL	homedepot.com	HTTPS://WWW.HOMEDEPOT.COM/B/HARDWARE-FASTENERS-SCREWS/ACORN-INTERNATIONAL/N-5YC1VZC2B0ZGQ6
ACORNINTERNATIONAL	ACORNINTERNATIONAL	homedepot.com	HTTPS://WWW.HOMEDEPOT.COM/B/LUMBER-COMPOSITES-FENCING-GATES/ACORN-INTERNATIONAL/N-5YC1VZBRK7ZGQ6
ACORNINTERNATIONAL	ACORNINTERNATIONAL	homedepot.com	HTTPS://WWW.HOMEDEPOT.COM/B/LUMBER-COMPOSITES-FENCING-GATES-HARDWARE-CLOTH-FENCING/ACORN-INTERNATIONAL/N-5YC1VZCD55ZGQ6
ACORNINTERNATIONAL	ACORNINTERNATIONAL	homedepot.com	HTTPS://WWW.HOMEDEPOT.COM/B/HARDWARE-FASTENERS/ACORN-INTERNATIONAL/N-5YC1VZC255ZGQ6
ACOUSTICAUDIOBYGOLDWOOD	ACOUSTICAUDIOBYGOLDWOOD	homedepot.com	HTTPS://WWW.HOMEDEPOT.COM/B/ELECTRICAL-ELECTRONICS-HOME-AUDIO/ACOUSTIC-AUDIO-BY-GOLDWOOD/N-5YC1VZC641ZMZF
ACOUSTICAUDIOBYGOLDWOOD	ACOUSTICAUDIOBYGOLDWOOD	homedepot.com	HTTPS://WWW.HOMEDEPOT.COM/B/ELECTRICAL-ELECTRONICS-HOME-AUDIO-SPEAKERS/ACOUSTIC-AUDIO-BY-GOLDWOOD/N-5YC1VZC654ZMZF
ACOUSTICAUDIOBYGOLDWOOD	ACOUSTICAUDIOBYGOLDWOOD	homedepot.com	HTTPS://WWW.HOMEDEPOT.COM/B/ACOUSTIC-AUDIO-BY-GOLDWOOD/N-5YC1VZMZF
ACOUSTICAUDIOBYGOLDWOOD	ACOUSTICAUDIOBYGOLDWOOD	homedepot.com	HTTPS://WWW.HOMEDEPOT.COM/B/ELECTRICAL-ELECTRONICS-HOME-AUDIO-SPEAKERS/ACOUSTIC-AUDIO-BY-GOLDWOOD/POWERED/N-5YC1VZC654ZMZFZ1Z1CK1R
ACOUSTICRESEARCH	ACOUSTICRESEARCH	homedepot.com	HTTPS://WWW.HOMEDEPOT.COM/B/ELECTRICAL-ELECTRONICS-HOME-AUDIO-SPEAKERS/ACOUSTIC-RESEARCH/N-5YC1VZC654ZA8I
ACQUAER	ACQUAER	homedepot.com	HTTPS://WWW.HOMEDEPOT.COM/B/PLUMBING-WATER-PUMPS/ACQUAER/N-5YC1VZBQLBZHH5
ACQUAER	ACQUAER	homedepot.com	HTTPS://WWW.HOMEDEPOT.COM/B/PLUMBING-WATER-PUMPS-SUMP-PUMPS/ACQUAER/N-5YC1VZBQJXZHH5
ACROBUILDINGSYSTEMS	ACROBUILDINGSYSTEMS	homedepot.com	HTTPS://WWW.HOMEDEPOT.COM/B/BUILDING-MATERIALS-ROOFING/ACRO-BUILDING-SYSTEMS/N-5YC1VZAQ7MZG8J
ACROBUILDINGSYSTEMS	ACROBUILDINGSYSTEMS	homedepot.com	HTTPS://WWW.HOMEDEPOT.COM/B/ACRO-BUILDING-SYSTEMS/N-5YC1VZG8J
ACROBUILDINGSYSTEMS	ACROBUILDINGSYSTEMS	homedepot.com	HTTPS://WWW.HOMEDEPOT.COM/B/BUILDING-MATERIALS/ACRO-BUILDING-SYSTEMS/N-5YC1VZAQNSZG8J
ACROBUILDINGSYSTEMS	ACROBUILDINGSYSTEMS	homedepot.com	HTTPS://WWW.HOMEDEPOT.COM/B/BUILDING-MATERIALS-ROOFING-ROOFING-TOOLS/ACRO-BUILDING-SYSTEMS/N-5YC1VZC938ZG8J
ACROBUILDINGSYSTEMS	ACROBUILDINGSYSTEMS	homedepot.com	HTTPS://WWW.HOMEDEPOT.COM/B/BUILDING-MATERIALS-SCAFFOLDING/ACRO-BUILDING-SYSTEMS/N-5YC1VZAQFMZG8J
ACROBUILDINGSYSTEMS	ACROBUILDINGSYSTEMS	homedepot.com	HTTPS://WWW.HOMEDEPOT.COM/B/BUILDING-MATERIALS-LADDERS/ACRO-BUILDING-SYSTEMS/N-5YC1VZAQNPZG8J
ACTIONHEAT	ACTIONHEAT	homedepot.com	HTTPS://WWW.HOMEDEPOT.COM/B/ACTIONHEAT/N-5YC1VZTFF
ACTIONHEAT	ACTIONHEAT	homedepot.com	HTTPS://WWW.HOMEDEPOT.COM/B/WORKWEAR-HEATED-CLOTHING-GEAR/ACTIONHEAT/N-5YC1VZCERWZHUN
ACTIONHEAT	ACTIONHEAT	homedepot.com	HTTPS://WWW.HOMEDEPOT.COM/B/WORKWEAR-HEATED-CLOTHING-GEAR-HEATED-JACKETS/ACTIONHEAT/N-5YC1VZCERJZHUN
ACTIONINDUSTRIES	ACTIONINDUSTRIES	homedepot.com	HTTPS://WWW.HOMEDEPOT.COM/B/DOORS-WINDOWS/ACTION-INDUSTRIES/N-5YC1VZAQIHZNPQ
ACTIONINDUSTRIES	ACTIONINDUSTRIES	homedepot.com	HTTPS://WWW.HOMEDEPOT.COM/B/ACTION-INDUSTRIES/N-5YC1VZNPQ
ACTIONINDUSTRIES	ACTIONINDUSTRIES	homedepot.com	HTTPS://WWW.HOMEDEPOT.COM/B/DOORS-WINDOWS-GARAGE-DOORS-AND-PARTS-GARAGE-DOOR-SEALS/ACTION-INDUSTRIES/N-5YC1VZCGK8ZNPQ
ACTIVA	ACTIVA	homedepot.com	HTTPS://WWW.HOMEDEPOT.COM/B/ACTIVA/N-5YC1VZO5F
ACTIVEAQUA	ACTIVEAQUA	homedepot.com	HTTPS://WWW.HOMEDEPOT.COM/B/ACTIVE-AQUA/N-5YC1VZRB9
ACTIVEON	ACTIVEON	homedepot.com	HTTPS://WWW.HOMEDEPOT.COM/B/SPORTS-OUTDOORS-OUTDOOR-HOBBIES-KIDS-CAMERAS/ACTIVEON/N-5YC1VZCBWPZFTT
ACTIVPLAY	ACTIVPLAY	homedepot.com	HTTPS://WWW.HOMEDEPOT.COM/B/PLAYGROUND-SETS-SWING-SETS/ACTIVPLAY/N-5YC1VZC5PKZQGZ
ACTIVPLAY	ACTIVPLAY	homedepot.com	HTTPS://WWW.HOMEDEPOT.COM/B/ACTIVPLAY/N-5YC1VZQGZ
ACUDORPRODUCTS	ACUDORPRODUCTS	homedepot.com	HTTPS://WWW.HOMEDEPOT.COM/B/PLUMBING-PLUMBING-ACCESSORIES-ACCESS-PANELS/ACUDOR-PRODUCTS/N-5YC1VZBQKZZATT
ACUDORPRODUCTS	ACUDORPRODUCTS	homedepot.com	HTTPS://WWW.HOMEDEPOT.COM/B/ACUDOR-PRODUCTS/N-5YC1VZATT
ACUITYBRANDS	ACUITYBRANDS	homedepot.com	HTTPS://WWW.HOMEDEPOT.COM/B/LIGHTING/ACUITY-BRANDS/N-5YC1VZBVN5ZEGA
ACUITYBRANDS	ACUITYBRANDS	homedepot.com	HTTPS://WWW.HOMEDEPOT.COM/B/ACUITY-BRANDS/N-5YC1VZEGA
ACURITE	ACURITE	homedepot.com	HTTPS://WWW.HOMEDEPOT.COM/B/OUTDOORS-GARDEN-CENTER-OUTDOOR-DECOR-WEATHER-STATIONS-HOME-WEATHER-STATIONS/ACURITE/N-5YC1VZCL2LZ9J0
ACURITE	ACURITE	homedepot.com	HTTPS://WWW.HOMEDEPOT.COM/B/OUTDOORS-GARDEN-CENTER-OUTDOOR-DECOR-WEATHER-STATIONS/ACURITE/N-5YC1VZC6NOZ9J0
ACWORKS	ACWORKS	homedepot.com	HTTPS://WWW.HOMEDEPOT.COM/B/AC-WORKS/N-5YC1VZHHO
ACWORKS	ACWORKS	homedepot.com	HTTPS://WWW.HOMEDEPOT.COM/B/ELECTRICAL-WIRING-DEVICES-LIGHT-CONTROLS-ELECTRICAL-PLUGS-CONNECTORS/AC-WORKS/N-5YC1VZC336ZHHO
ACWORKS	ACWORKS	homedepot.com	HTTPS://WWW.HOMEDEPOT.COM/B/ELECTRICAL/AC-WORKS/N-5YC1VZARCDZHHO
ADAMAX	ADAMAX	homedepot.com	HTTPS://WWW.HOMEDEPOT.COM/B/ADAMAX/N-5YC1VZDGU
ADAMAX	ADAMAX	homedepot.com	HTTPS://WWW.HOMEDEPOT.COM/B/LIGHTING-LIGHT-BULBS/ADAMAX/N-5YC1VZBMBUZDGU
ADAMSMANUFACTURING	ADAMSMANUFACTURING	homedepot.com	HTTPS://WWW.HOMEDEPOT.COM/B/ADAMS-MANUFACTURING/N-5YC1VZD79
ADAMSMANUFACTURING	ADAMSMANUFACTURING	homedepot.com	HTTPS://WWW.HOMEDEPOT.COM/B/OUTDOORS-PATIO-FURNITURE/ADAMS-MANUFACTURING/N-5YC1VZBX4OZD79
ADCO	ADCO	homedepot.com	HTTPS://WWW.HOMEDEPOT.COM/B/ADCO/N-5YC1VZXP0
ADDINGTONPARK	ADDINGTONPARK	homedepot.com	HTTPS://WWW.HOMEDEPOT.COM/B/ADDINGTON-PARK/N-5YC1VZPNY
ADDINGTONPARK	ADDINGTONPARK	homedepot.com	HTTPS://WWW.HOMEDEPOT.COM/B/LIGHTING/ADDINGTON-PARK/N-5YC1VZBVN5ZPNY
ADDISONRUGS	ADDISONRUGS	homedepot.com	HTTPS://WWW.HOMEDEPOT.COM/B/FLOORING-RUGS-AREA-RUGS/ADDISON-RUGS/N-5YC1VZARJGZPED
ADECAB	ADECAB	homedepot.com	HTTPS://WWW.HOMEDEPOT.COM/B/BATH-BATHTUBS-FREESTANDING-TUBS/ADECAB/N-5YC1VZBZ9DZYJX
ADECAB	ADECAB	homedepot.com	HTTPS://WWW.HOMEDEPOT.COM/B/BATH-BATHTUBS/ADECAB/N-5YC1VZBZB7ZYJX
ADEPTUS	ADEPTUS	homedepot.com	HTTPS://WWW.HOMEDEPOT.COM/B/FURNITURE/ADEPTUS/N-5YC1VZC7PCZE0O
ADEPTUSUSA	ADEPTUSUSA	homedepot.com	HTTPS://WWW.HOMEDEPOT.COM/B/ADEPTUS-USA/N-5YC1VZOQ8
ADEPTUSUSA	ADEPTUSUSA	homedepot.com	HTTPS://WWW.HOMEDEPOT.COM/B/FURNITURE-BEDROOM-FURNITURE/ADEPTUS-USA/N-5YC1VZC7PEZOQ8
ADEPTUSUSA	ADEPTUSUSA	homedepot.com	HTTPS://WWW.HOMEDEPOT.COM/B/FURNITURE/ADEPTUS-USA/N-5YC1VZC7PCZOQ8
ADEPTUSUSA	ADEPTUSUSA	homedepot.com	HTTPS://WWW.HOMEDEPOT.COM/B/ADEPTUS-USA/SOLID-WOOD/N-5YC1VZOQ8Z1Z175B8
ADERSON	ADERSON	homedepot.com	HTTPS://WWW.HOMEDEPOT.COM/B/OUTDOORS-PATIO-FURNITURE-OUTDOOR-LOUNGE-FURNITURE-PATIO-CONVERSATION-SETS/ADERSON/N-5YC1VZBX97Z1Z21GDD
ADEWALK	ADEWALK	homedepot.com	HTTPS://WWW.HOMEDEPOT.COM/B/LIGHTING-COMMERCIAL-LIGHTING/ADEWALK/N-5YC1VZC7BUZ10B6
ADEWALK	ADEWALK	homedepot.com	HTTPS://WWW.HOMEDEPOT.COM/B/ADEWALK/N-5YC1VZ10B6
ADIRCHEF	ADIRCHEF	homedepot.com	HTTPS://WWW.HOMEDEPOT.COM/B/ADIRCHEF/N-5YC1VZO0S
ADIRCHEF	ADIRCHEF	homedepot.com	HTTPS://WWW.HOMEDEPOT.COM/B/APPLIANCES-SMALL-KITCHEN-APPLIANCES-COFFEE-MAKERS/ADIRCHEF/N-5YC1VZBV4WZO0S
ADIRCHEF	ADIRCHEF	homedepot.com	HTTPS://WWW.HOMEDEPOT.COM/B/APPLIANCES-SMALL-KITCHEN-APPLIANCES/ADIRCHEF/N-5YC1VZBV48ZO0S
ADIRHOME	ADIRHOME	homedepot.com	HTTPS://WWW.HOMEDEPOT.COM/B/ADIRHOME/N-5YC1VZO45
ADIRHOME	ADIRHOME	homedepot.com	HTTPS://WWW.HOMEDEPOT.COM/B/KITCHEN-KITCHEN-STORAGE-ORGANIZATION/ADIRHOME/N-5YC1VZAPU6ZO45
ADIRHOME	ADIRHOME	homedepot.com	HTTPS://WWW.HOMEDEPOT.COM/B/CLEANING-TRASH-RECYCLING-TRASH-CANS/ADIRHOME/N-5YC1VZCB2GZO45
ADIRMED	ADIRMED	homedepot.com	HTTPS://WWW.HOMEDEPOT.COM/B/ADIRMED/N-5YC1VZO69
ADIRMED	ADIRMED	homedepot.com	HTTPS://WWW.HOMEDEPOT.COM/B/HEALTH-AND-WELLNESS-MOBILITY-AIDS/ADIRMED/N-5YC1VZCGUVZO69
ADIRMED	ADIRMED	homedepot.com	HTTPS://WWW.HOMEDEPOT.COM/B/HIGHLY-RATED/ADIRMED/N-5YC1VZO69ZBWO5O
ADIRMED	ADIRMED	homedepot.com	HTTPS://WWW.HOMEDEPOT.COM/B/HEALTH-AND-WELLNESS-MOBILITY-AIDS-MOBILITY-EQUIPMENT-ACCESSORIES/ADIRMED/N-5YC1VZBZBTZO69
ADIRMED	ADIRMED	homedepot.com	HTTPS://WWW.HOMEDEPOT.COM/B/HEALTH-AND-WELLNESS/ADIRMED/N-5YC1VZC8KLZO69
ADIROFFICE	ADIROFFICE	homedepot.com	HTTPS://WWW.HOMEDEPOT.COM/B/ADIROFFICE/N-5YC1VZNTD
ADIROFFICE	ADIROFFICE	homedepot.com	HTTPS://WWW.HOMEDEPOT.COM/B/TOOLS-SAFETY-SECURITY-SAFES-KEY-CABINETS/ADIROFFICE/N-5YC1VZ2FKOS95ZNTD
ADIROFFICE	ADIROFFICE	homedepot.com	HTTPS://WWW.HOMEDEPOT.COM/B/STORAGE-ORGANIZATION-OFFICE-SUPPLIES-DESK-ORGANIZERS-ACCESSORIES/ADIROFFICE/N-5YC1VZCBIWZNTD
ADIROFFICE	ADIROFFICE	homedepot.com	HTTPS://WWW.HOMEDEPOT.COM/B/ADIROFFICE/KEYS/N-5YC1VZNTDZ1Z0LE9C
ADIRPRO	ADIRPRO	homedepot.com	HTTPS://WWW.HOMEDEPOT.COM/B/TOOLS/ADIRPRO/N-5YC1VZC1XYZHK0
ADIRPRO	ADIRPRO	homedepot.com	HTTPS://WWW.HOMEDEPOT.COM/B/TOOLS-HAND-TOOLS-MEASURING-TOOLS-LEVEL-ACCESSORIES/ADIRPRO/N-5YC1VZC6L3ZHK0
ADIRPRO	ADIRPRO	homedepot.com	HTTPS://WWW.HOMEDEPOT.COM/B/TOOLS/ADIR-PRO/N-5YC1VZC1XYZGAH
ADJUSTABLECLAMP	ADJUSTABLECLAMP	homedepot.com	HTTPS://WWW.HOMEDEPOT.COM/B/TOOLS-HAND-TOOLS-FASTENING-TOOLS-CLAMPS-VISES-CLAMPS/ADJUSTABLE-CLAMP/N-5YC1VZC266Z4B
ADJUSTABLECLAMP	ADJUSTABLECLAMP	homedepot.com	HTTPS://WWW.HOMEDEPOT.COM/B/TOOLS-HAND-TOOLS-FASTENING-TOOLS-CLAMPS-VISES/ADJUSTABLE-CLAMP/N-5YC1VZC97YZ4B
ADJUSTAGATE	ADJUSTAGATE	homedepot.com	HTTPS://WWW.HOMEDEPOT.COM/B/HARDWARE-GATE-HARDWARE-GATE-KITS/ADJUST-A-GATE/N-5YC1VZC2BBZ7KF
ADJUSTAGATE	ADJUSTAGATE	homedepot.com	HTTPS://WWW.HOMEDEPOT.COM/B/ADJUST-A-GATE/N-5YC1VZ7KF
ADJUSTAGRATE	ADJUSTAGRATE	homedepot.com	HTTPS://WWW.HOMEDEPOT.COM/B/HARDWARE-WINDOW-HARDWARE-WINDOW-WELLS-ACCESSORIES/ADJUST-A-GRATE/N-5YC1VZ1Z18IB2Z4YU
ADLENS	ADLENS	homedepot.com	HTTPS://WWW.HOMEDEPOT.COM/B/SAFETY-EQUIPMENT-SAFETY-GEAR/ADLENS/N-5YC1VZC1XRZCEQ
ADMIREDBYNATURE	ADMIREDBYNATURE	homedepot.com	HTTPS://WWW.HOMEDEPOT.COM/B/ADMIRED-BY-NATURE/N-5YC1VZRJ5
ADMIREDBYNATURE	ADMIREDBYNATURE	homedepot.com	HTTPS://WWW.HOMEDEPOT.COM/B/HOME-DECOR-ARTIFICIAL-PLANTS/ADMIRED-BY-NATURE/N-5YC1VZBPDGZRJ5
ADRINFLY	ADRINFLY	homedepot.com	HTTPS://WWW.HOMEDEPOT.COM/B/ADRINFLY/N-5YC1VZZAP
ADRINFLY	ADRINFLY	homedepot.com	HTTPS://WWW.HOMEDEPOT.COM/B/BATH-BATHROOM-ACCESSORIES/ADRINFLY/N-5YC1VZCFVTZZAP
ADRINFLY	ADRINFLY	homedepot.com	HTTPS://WWW.HOMEDEPOT.COM/B/HEATING-VENTING-COOLING-AIR-CONDITIONERS-PORTABLE-AIR-CONDITIONERS/ADRINFLY/N-5YC1VZC4M4ZZAP
ADRINFLY	ADRINFLY	homedepot.com	HTTPS://WWW.HOMEDEPOT.COM/B/FURNITURE-KITCHEN-DINING-ROOM-FURNITURE/ADRINFLY/N-5YC1VZC7OUZZAP
ADRINFLY	ADRINFLY	homedepot.com	HTTPS://WWW.HOMEDEPOT.COM/B/HEALTH-AND-WELLNESS-PERSONAL-CARE/ADRINFLY/N-5YC1VZCFVGZZAP
ADRINFLY	ADRINFLY	homedepot.com	HTTPS://WWW.HOMEDEPOT.COM/B/KITCHEN-COUNTERTOPS-LAMINATE-COUNTERTOPS/ADRINFLY/N-5YC1VZC3BGZZAP
ADRINFLY	ADRINFLY	homedepot.com	HTTPS://WWW.HOMEDEPOT.COM/B/ADRINFLY/ROUND/N-5YC1VZZAPZ1Z0ZBTO
ADRINFLY	ADRINFLY	homedepot.com	HTTPS://WWW.HOMEDEPOT.COM/B/ADRINFLY/COPPER/N-5YC1VZZAPZ1Z0UETQ
ADRINFLY	ADRINFLY	homedepot.com	HTTPS://WWW.HOMEDEPOT.COM/B/ADRINFLY/CLOTHES-STEAMER/N-5YC1VZZAPZ1Z0VMQF
ADRINFLY	ADRINFLY	homedepot.com	HTTPS://WWW.HOMEDEPOT.COM/B/HEATING-VENTING-COOLING-DEHUMIDIFIERS/ADRINFLY/N-5YC1VZC4L8ZZAP
ADRINFLY	ADRINFLY	homedepot.com	HTTPS://WWW.HOMEDEPOT.COM/B/BATH-BATHROOM-SINKS/ADRINFLY/ROUND/N-5YC1VZBZB0ZZAPZ1Z0USM3
ADRINFLY	ADRINFLY	homedepot.com	HTTPS://WWW.HOMEDEPOT.COM/B/BATH-BATHROOM-SAFETY-SHOWER-SEATS/ADRINFLY/N-5YC1VZCFW7ZZAP
ADTEC	ADTEC	homedepot.com	HTTPS://WWW.HOMEDEPOT.COM/B/WORKWEAR-FOOTWEAR/ADTEC/N-5YC1VZCL34ZP60
ADTEC	ADTEC	homedepot.com	HTTPS://WWW.HOMEDEPOT.COM/B/ADTEC/N-5YC1VZOPA
ADTEC	ADTEC	homedepot.com	HTTPS://WWW.HOMEDEPOT.COM/B/ADTEC/1/N-5YC1VZOPAZ1Z0ZP3W
ADTEC	ADTEC	homedepot.com	HTTPS://WWW.HOMEDEPOT.COM/B/WORKWEAR-FOOTWEAR-WORK-BOOTS/ADTEC/N-5YC1VZC24VZOPA
ADVANCEDDRAINAGESYSTEMS	ADVANCEDDRAINAGESYSTEMS	homedepot.com	HTTPS://WWW.HOMEDEPOT.COM/B/ADVANCED-DRAINAGE-SYSTEMS/N-5YC1VZ6YL
ADVANCEDDRAINAGESYSTEMS	ADVANCEDDRAINAGESYSTEMS	homedepot.com	HTTPS://WWW.HOMEDEPOT.COM/B/PLUMBING-PIPE-FITTINGS/ADVANCED-DRAINAGE-SYSTEMS/N-5YC1VZBQPFZ6YL
ADVANCEDDRAINAGESYSTEMS	ADVANCEDDRAINAGESYSTEMS	homedepot.com	HTTPS://WWW.HOMEDEPOT.COM/B/PLUMBING-DRAINAGE-CORRUGATED-PIPES/ADVANCED-DRAINAGE-SYSTEMS/N-5YC1VZ1Z18I3FZ6YL
ADVANCEDDRAINAGESYSTEMS	ADVANCEDDRAINAGESYSTEMS	homedepot.com	HTTPS://WWW.HOMEDEPOT.COM/B/PLUMBING/ADVANCED-DRAINAGE-SYSTEMS/N-5YC1VZBQEWZ6YL
ADVANCEDDRAINAGESYSTEMS	ADVANCEDDRAINAGESYSTEMS	homedepot.com	HTTPS://WWW.HOMEDEPOT.COM/B/PLUMBING-PLUMBING-PARTS-WATER-STORAGE-TANKS/ADVANCED-DRAINAGE-SYSTEMS/N-5YC1VZBUSJZ6YL
ADVANCEDLIGHTINGSYSTEMS	ADVANCEDLIGHTINGSYSTEMS	homedepot.com	HTTPS://WWW.HOMEDEPOT.COM/B/LIGHTING/ADVANCED-LIGHTING-SYSTEMS/N-5YC1VZBVN5ZOY4
ADVANCEDLIGHTINGSYSTEMS	ADVANCEDLIGHTINGSYSTEMS	homedepot.com	HTTPS://WWW.HOMEDEPOT.COM/B/LIGHTING-COMMERCIAL-LIGHTING-WORK-LIGHTS-STANDING-WORK-LIGHTS/ADVANCED-LIGHTING-SYSTEMS/N-5YC1VZ2FKP8ZFZOY4
ADVANCEDLIGHTINGSYSTEMS	ADVANCEDLIGHTINGSYSTEMS	homedepot.com	HTTPS://WWW.HOMEDEPOT.COM/B/ADVANCED-LIGHTING-SYSTEMS/1/N-5YC1VZOY4Z1Z0VB38
ADVANCEDLIGHTINGSYSTEMS	ADVANCEDLIGHTINGSYSTEMS	homedepot.com	HTTPS://WWW.HOMEDEPOT.COM/B/LIGHTING-COMMERCIAL-LIGHTING-WORK-LIGHTS/ADVANCED-LIGHTING-SYSTEMS/N-5YC1VZCGDUZOY4
ADVANCEDSEASONALINNOVATIONS	ADVANCEDSEASONALINNOVATIONS	homedepot.com	HTTPS://WWW.HOMEDEPOT.COM/B/ADVANCED-SEASONAL-INNOVATIONS/N-5YC1VZBBI
ADVANCEDSEASONALINNOVATIONS	ADVANCEDSEASONALINNOVATIONS	homedepot.com	HTTPS://WWW.HOMEDEPOT.COM/B/OUTDOORS-OUTDOOR-POWER-EQUIPMENT-SNOW-REMOVAL-EQUIPMENT/ADVANCED-SEASONAL-INNOVATIONS/N-5YC1VZBXAUZBBI
ADVANCEDSEASONALINNOVATIONS	ADVANCEDSEASONALINNOVATIONS	homedepot.com	HTTPS://WWW.HOMEDEPOT.COM/B/OUTDOORS-OUTDOOR-POWER-EQUIPMENT-SNOW-REMOVAL-EQUIPMENT-ICE-MELT/ADVANCED-SEASONAL-INNOVATIONS/N-5YC1VZCB74ZBBI
ADVANING	ADVANING	homedepot.com	HTTPS://WWW.HOMEDEPOT.COM/B/DOORS-WINDOWS-AWNINGS/ADVANING/N-5YC1VZASITZFHI
ADVANING	ADVANING	homedepot.com	HTTPS://WWW.HOMEDEPOT.COM/B/DOORS-WINDOWS-AWNINGS-RETRACTABLE-AWNINGS/ADVANING/N-5YC1VZBBUKZFHI
ADVANTAGESPORTSRACK	ADVANTAGESPORTSRACK	homedepot.com	HTTPS://WWW.HOMEDEPOT.COM/B/ADVANTAGE-SPORTSRACK/N-5YC1VZARY
ADVANTAGESPORTSRACK	ADVANTAGESPORTSRACK	homedepot.com	HTTPS://WWW.HOMEDEPOT.COM/B/SPORTS-OUTDOORS-CYCLING-GEAR-BIKE-RACKS/ADVANTAGE-SPORTSRACK/N-5YC1VZC43HZARY
ADVICS	ADVICS	homedepot.com	HTTPS://WWW.HOMEDEPOT.COM/B/ADVICS/N-5YC1VZOCF
ADZIF	ADZIF	homedepot.com	HTTPS://WWW.HOMEDEPOT.COM/B/ADZIF/N-5YC1VZO6D
ADZIF	ADZIF	homedepot.com	HTTPS://WWW.HOMEDEPOT.COM/B/HOME-DECOR-WALL-DECOR-WALL-DECALS/ADZIF/N-5YC1VZBVCHZO6D
AECOJOY	AECOJOY	homedepot.com	HTTPS://WWW.HOMEDEPOT.COM/B/AECOJOY/N-5YC1VZUY3
AECOJOY	AECOJOY	homedepot.com	HTTPS://WWW.HOMEDEPOT.COM/B/OUTDOORS-PATIO-FURNITURE-OUTDOOR-LOUNGE-FURNITURE/AECOJOY/N-5YC1VZCFJ3ZUY3
AECOJOY	AECOJOY	homedepot.com	HTTPS://WWW.HOMEDEPOT.COM/B/OUTDOORS-PATIO-FURNITURE/AECOJOY/N-5YC1VZBX4OZUY3
AEONSTANDSANDMOUNTS	AEONSTANDSANDMOUNTS	homedepot.com	HTTPS://WWW.HOMEDEPOT.COM/B/AEON-STANDS-AND-MOUNTS/N-5YC1VZOSO
AEONSTANDSANDMOUNTS	AEONSTANDSANDMOUNTS	homedepot.com	HTTPS://WWW.HOMEDEPOT.COM/B/AEON-STANDS-AND-MOUNTS/HARDWARE/N-5YC1VZOSOZ1Z0SF6W
AEONSTANDSANDMOUNTS	AEONSTANDSANDMOUNTS	homedepot.com	HTTPS://WWW.HOMEDEPOT.COM/B/ELECTRICAL-ELECTRONICS-TV-HOME-THEATER-ACCESSORIES-TV-MOUNTS/AEON-STANDS-AND-MOUNTS/N-5YC1VZC653ZOSO
AEONSTANDSANDMOUNTS	AEONSTANDSANDMOUNTS	homedepot.com	HTTPS://WWW.HOMEDEPOT.COM/B/AEON-STANDS-AND-MOUNTS/FLAT-PANEL-MOUNT/N-5YC1VZOSOZ1Z0SFKI
AEONSTANDSANDMOUNTS	AEONSTANDSANDMOUNTS	homedepot.com	HTTPS://WWW.HOMEDEPOT.COM/B/ELECTRICAL-ELECTRONICS-TV-HOME-THEATER-ACCESSORIES/AEON-STANDS-AND-MOUNTS/N-5YC1VZC64JZOSO
AEROBED	AEROBED	homedepot.com	HTTPS://WWW.HOMEDEPOT.COM/B/FURNITURE-BEDROOM-FURNITURE-AIR-MATTRESSES/AEROBED/N-5YC1VZCIO6Z8Q3
AEROCOOL	AEROCOOL	homedepot.com	HTTPS://WWW.HOMEDEPOT.COM/B/HEATING-VENTING-COOLING-EVAPORATIVE-COOLERS/AEROCOOL/N-5YC1VZC4LRZM7S
AEROFLEX	AEROFLEX	homedepot.com	HTTPS://WWW.HOMEDEPOT.COM/B/AERO-FLEX/N-5YC1VZ5NH
AEROGARDEN	AEROGARDEN	homedepot.com	HTTPS://WWW.HOMEDEPOT.COM/B/AEROGARDEN/N-5YC1VZ54H
AEROMIXERMIXAERATEWITHONEPUMP	AEROMIXERMIXAERATEWITHONEPUMP	homedepot.com	HTTPS://WWW.HOMEDEPOT.COM/B/OUTDOORS-GARDEN-CENTER-WATERING-IRRIGATION/AEROMIXER-MIX-AERATE-WITH-ONE-PUMP/N-5YC1VZBX5OZV1K
AEROPURE	AEROPURE	homedepot.com	HTTPS://WWW.HOMEDEPOT.COM/B/BATH-BATHROOM-EXHAUST-FANS/AERO-PURE/N-5YC1VZC4LYZLUF
AEROPURE	AEROPURE	homedepot.com	HTTPS://WWW.HOMEDEPOT.COM/B/BATH-BATHROOM-EXHAUST-FANS-BATH-FANS/AERO-PURE/N-5YC1VZC4KQZLUF
AEROPURE	AEROPURE	homedepot.com	HTTPS://WWW.HOMEDEPOT.COM/B/AERO-PURE/N-5YC1VZLUF
AEROSPRING	AEROSPRING	homedepot.com	HTTPS://WWW.HOMEDEPOT.COM/B/OUTDOORS-GARDEN-CENTER-HYDROPONIC-GARDENING-HYDROPONIC-SYSTEMS-HYDROPONIC-SYSTEMS/AEROSPRING/N-5YC1VZCFBJZXOW
AEROSPRING	AEROSPRING	homedepot.com	HTTPS://WWW.HOMEDEPOT.COM/B/AEROSPRING/N-5YC1VZXOW
AEROSPRING	AEROSPRING	homedepot.com	HTTPS://WWW.HOMEDEPOT.COM/B/OUTDOORS-GARDEN-CENTER-HYDROPONIC-GARDENING/AEROSPRING/N-5YC1VZCEO9ZXOW
AEROSTREAM	AEROSTREAM	homedepot.com	HTTPS://WWW.HOMEDEPOT.COM/B/AERO-STREAM/N-5YC1VZHPJ
AEROSTREAM	AEROSTREAM	homedepot.com	HTTPS://WWW.HOMEDEPOT.COM/B/PLUMBING-PLUMBING-PARTS/AERO-STREAM/N-5YC1VZBQKPZHPJ
AERVOEINDUSTRIES	AERVOEINDUSTRIES	homedepot.com	HTTPS://WWW.HOMEDEPOT.COM/B/AERVOE-INDUSTRIES/N-5YC1VZDAR
AERVOEINDUSTRIES	AERVOEINDUSTRIES	homedepot.com	HTTPS://WWW.HOMEDEPOT.COM/B/PAINT-SPRAY-PAINT/AERVOE-INDUSTRIES/N-5YC1VZAPZ5ZDAR
AESOPTICS	AESOPTICS	homedepot.com	HTTPS://WWW.HOMEDEPOT.COM/B/SPORTS-OUTDOORS-HUNTING-GEAR/AES-OPTICS/N-5YC1VZC40TZLSA
AESOPTICS	AESOPTICS	homedepot.com	HTTPS://WWW.HOMEDEPOT.COM/B/SPORTS-OUTDOORS-HUNTING-GEAR-SHOOTING-ACCESSORIES/AES-OPTICS/N-5YC1VZC4DXZLSA
AFAIF	AFAIF	homedepot.com	HTTPS://WWW.HOMEDEPOT.COM/B/AFAIF/N-5YC1VZZ8C
AFCCABLESYSTEMS	AFCCABLESYSTEMS	homedepot.com	HTTPS://WWW.HOMEDEPOT.COM/B/ELECTRICAL-WIRE/AFC-CABLE-SYSTEMS/N-5YC1VZBM7VZ5I2
AFCCABLESYSTEMS	AFCCABLESYSTEMS	homedepot.com	HTTPS://WWW.HOMEDEPOT.COM/B/AFC-CABLE-SYSTEMS/N-5YC1VZ5I2
AFCCABLESYSTEMS	AFCCABLESYSTEMS	homedepot.com	HTTPS://WWW.HOMEDEPOT.COM/B/ELECTRICAL-ELECTRICAL-BOXES-CONDUIT-FITTINGS-CONDUIT/AFC-CABLE-SYSTEMS/N-5YC1VZBOHLZ5I2
AFCCABLESYSTEMS	AFCCABLESYSTEMS	homedepot.com	HTTPS://WWW.HOMEDEPOT.COM/B/ELECTRICAL/AFC-CABLE-SYSTEMS/N-5YC1VZARCDZ5I2
AFCO	AFCO	homedepot.com	HTTPS://WWW.HOMEDEPOT.COM/B/AFCO/N-5YC1VZ5JU
AFCOINDUSTRIES	AFCOINDUSTRIES	homedepot.com	HTTPS://WWW.HOMEDEPOT.COM/B/BUILDING-MATERIALS-MOULDING-MILLWORK/AFCO-INDUSTRIES/N-5YC1VZAQ4YZSBA
AFCOINDUSTRIES	AFCOINDUSTRIES	homedepot.com	HTTPS://WWW.HOMEDEPOT.COM/B/AFCO-INDUSTRIES/N-5YC1VZSBA
AFCOINDUSTRIES	AFCOINDUSTRIES	homedepot.com	HTTPS://WWW.HOMEDEPOT.COM/B/BUILDING-MATERIALS-MOULDING-MILLWORK-COLUMNS-ACCESSORIES/AFCO-INDUSTRIES/N-5YC1VZAQOKZSBA
AFDHOME	AFDHOME	homedepot.com	HTTPS://WWW.HOMEDEPOT.COM/B/AFD-HOME/N-5YC1VZZTK
AFFRESH	AFFRESH	homedepot.com	HTTPS://WWW.HOMEDEPOT.COM/B/CLEANING/AFFRESH/N-5YC1VZBQSIZ4L1
AFFRESH	AFFRESH	homedepot.com	HTTPS://WWW.HOMEDEPOT.COM/B/AFFRESH/N-5YC1VZ4L1
AFINA	AFINA	homedepot.com	HTTPS://WWW.HOMEDEPOT.COM/B/AFINA/N-5YC1VZIJJ
AFLIGHTING	AFLIGHTING	homedepot.com	HTTPS://WWW.HOMEDEPOT.COM/B/LIGHTING/AF-LIGHTING/N-5YC1VZBVN5Z3UQ
AFLIGHTING	AFLIGHTING	homedepot.com	HTTPS://WWW.HOMEDEPOT.COM/B/AF-LIGHTING/N-5YC1VZ3UQ
AFLIGHTING	AFLIGHTING	homedepot.com	HTTPS://WWW.HOMEDEPOT.COM/B/LIGHTING-CHANDELIERS/AF-LIGHTING/N-5YC1VZC7O0Z3UQ
AFLIGHTING	AFLIGHTING	homedepot.com	HTTPS://WWW.HOMEDEPOT.COM/B/LIGHTING-LAMPS/AF-LIGHTING/N-5YC1VZC7PDZ3UQ
AFLIGHTING	AFLIGHTING	homedepot.com	HTTPS://WWW.HOMEDEPOT.COM/B/LIGHTING/AF-LIGHTING/MODERN/N-5YC1VZBVN5Z3UQZ1Z0JYLO
AFLIGHTING	AFLIGHTING	homedepot.com	HTTPS://WWW.HOMEDEPOT.COM/B/LIGHTING-PENDANT-LIGHTS/AF-LIGHTING/N-5YC1VZC7NUZ3UQ
AFLIGHTING	AFLIGHTING	homedepot.com	HTTPS://WWW.HOMEDEPOT.COM/B/LIGHTING-LAMPS-FLOOR-LAMPS/AF-LIGHTING/N-5YC1VZC7NOZ3UQ
AFOXSOS	AFOXSOS	homedepot.com	HTTPS://WWW.HOMEDEPOT.COM/B/OUTDOORS/AFOXSOS/N-5YC1VZBX82ZUZS
AFOXSOS	AFOXSOS	homedepot.com	HTTPS://WWW.HOMEDEPOT.COM/B/OUTDOORS-PATIO-FURNITURE/AFOXSOS/N-5YC1VZBX4OZUZS
AFOXSOS	AFOXSOS	homedepot.com	HTTPS://WWW.HOMEDEPOT.COM/B/LUMBER-COMPOSITES-DECKING-DECK-RAILINGS-DECK-RAILING-SYSTEMS/AFOXSOS/N-5YC1VZC5PXZUZS
AFOXSOS	AFOXSOS	homedepot.com	HTTPS://WWW.HOMEDEPOT.COM/B/AFOXSOS/N-5YC1VZUZS
AFOXSOS	AFOXSOS	homedepot.com	HTTPS://WWW.HOMEDEPOT.COM/B/LUMBER-COMPOSITES-DECKING-DECK-RAILINGS/AFOXSOS/N-5YC1VZC5I7ZUZS
AFOXSOS	AFOXSOS	homedepot.com	HTTPS://WWW.HOMEDEPOT.COM/B/LUMBER-COMPOSITES-DECKING-DECK-RAILINGS-DECK-RAILING-SYSTEMS/AFOXSOS/RAILING-KIT/N-5YC1VZC5PXZUZSZ1Z1A3LX
AFOXSOS	AFOXSOS	homedepot.com	HTTPS://WWW.HOMEDEPOT.COM/B/HOME-DECOR-CLOCKS-WALL-CLOCKS/AFOXSOS/N-5YC1VZBBZUZUZS
AFOXSOS	AFOXSOS	homedepot.com	HTTPS://WWW.HOMEDEPOT.COM/B/HOME-DECOR-HOME-ACCENTS-DECORATIVE-TRAYS/AFOXSOS/N-5YC1VZCFALZUZS
AFOXSOS	AFOXSOS	homedepot.com	HTTPS://WWW.HOMEDEPOT.COM/B/AFOXSOS/SOFT/N-5YC1VZUZSZ1Z17KH2
AFOXSOS	AFOXSOS	homedepot.com	HTTPS://WWW.HOMEDEPOT.COM/B/HOME-DECOR-HOME-ACCENTS-JEWELRY-BOXES/AFOXSOS/N-5YC1VZCF9RZUZS
AFX	AFX	homedepot.com	HTTPS://WWW.HOMEDEPOT.COM/B/LIGHTING/AFX/N-5YC1VZBVN5ZCM8
AGADHESIVEGURU	AGADHESIVEGURU	homedepot.com	HTTPS://WWW.HOMEDEPOT.COM/B/AG-ADHESIVE-GURU/N-5YC1VZZF9
AGADHESIVEGURU	AGADHESIVEGURU	homedepot.com	HTTPS://WWW.HOMEDEPOT.COM/B/PAINT-PAINT-SUPPLIES-ADHESIVES/AG-ADHESIVE-GURU/N-5YC1VZCI1SZZF9
AGELESSIRON	AGELESSIRON	homedepot.com	HTTPS://WWW.HOMEDEPOT.COM/B/HARDWARE/AGELESS-IRON/N-5YC1VZC21MZTYQ
AGELESSIRON	AGELESSIRON	homedepot.com	HTTPS://WWW.HOMEDEPOT.COM/B/HARDWARE-DOOR-HARDWARE-DOOR-KNOBS/AGELESS-IRON/N-5YC1VZC27LZTYQ
AGELESSIRON	AGELESSIRON	homedepot.com	HTTPS://WWW.HOMEDEPOT.COM/B/HARDWARE-DOOR-HARDWARE-ENTRY-DOOR-HANDLESETS/AGELESS-IRON/N-5YC1VZC2FLZTYQ
AGELESSIRON	AGELESSIRON	homedepot.com	HTTPS://WWW.HOMEDEPOT.COM/B/HARDWARE-DOOR-HARDWARE/AGELESS-IRON/N-5YC1VZC213ZTYQ
AGHDECO	AGHDECO	homedepot.com	HTTPS://WWW.HOMEDEPOT.COM/B/FURNITURE-HOME-OFFICE-FURNITURE/AGH-DECO/N-5YC1VZC7NPZQA3
AGIO	AGIO	homedepot.com	HTTPS://WWW.HOMEDEPOT.COM/B/AGIO/N-5YC1VZ1Y8
AGIO	AGIO	homedepot.com	HTTPS://WWW.HOMEDEPOT.COM/B/OUTDOORS-PATIO-FURNITURE-PATIO-DINING-FURNITURE/AGIO/N-5YC1VZBXDRZ1Y8
AGRICAS	AGRICAS	homedepot.com	HTTPS://WWW.HOMEDEPOT.COM/B/OUTDOORS-GARDEN-CENTER-SPRAYERS/AGRICAS/N-5YC1VZCALKZ108G
AGRICAS	AGRICAS	homedepot.com	HTTPS://WWW.HOMEDEPOT.COM/B/AGRICAS/N-5YC1VZ108G
AGRIFAB	AGRIFAB	homedepot.com	HTTPS://WWW.HOMEDEPOT.COM/B/AGRI-FAB/N-5YC1VZ3L7
AGROSCI	AGROSCI	homedepot.com	HTTPS://WWW.HOMEDEPOT.COM/B/AGROSCI/N-5YC1VZUYU
AHOKUA	AHOKUA	homedepot.com	HTTPS://WWW.HOMEDEPOT.COM/B/FURNITURE-BEDROOM-FURNITURE-BEDS/AHOKUA/N-5YC1VZC7OHZVJS
AIDATA	AIDATA	homedepot.com	HTTPS://WWW.HOMEDEPOT.COM/B/AIDATA/N-5YC1VZP6J
AIDATA	AIDATA	homedepot.com	HTTPS://WWW.HOMEDEPOT.COM/B/FURNITURE/AIDATA/N-5YC1VZC7PCZP6J
AIDATAUSA	AIDATAUSA	homedepot.com	HTTPS://WWW.HOMEDEPOT.COM/B/STORAGE-ORGANIZATION/AIDATA-USA/N-5YC1VZAS7EZP6H
AIDATAUSA	AIDATAUSA	homedepot.com	HTTPS://WWW.HOMEDEPOT.COM/B/AIDATA-USA/N-5YC1VZP6H
AIDATAUSA	AIDATAUSA	homedepot.com	HTTPS://WWW.HOMEDEPOT.COM/B/STORAGE-ORGANIZATION-OFFICE-SUPPLIES/AIDATA-USA/N-5YC1VZCBIOZP6H
AIDATAUSA	AIDATAUSA	homedepot.com	HTTPS://WWW.HOMEDEPOT.COM/B/STORAGE-ORGANIZATION-OFFICE-SUPPLIES-DESK-ORGANIZERS-ACCESSORIES/AIDATA-USA/N-5YC1VZCBIWZP6H
AIKVSXER	AIKVSXER	homedepot.com	HTTPS://WWW.HOMEDEPOT.COM/B/LIGHTING-COMMERCIAL-LIGHTING/AIKVSXER/N-5YC1VZC7BUZ10J5
AIKVSXER	AIKVSXER	homedepot.com	HTTPS://WWW.HOMEDEPOT.COM/B/LIGHTING-COMMERCIAL-LIGHTING-PANEL-AND-TROFFER-LIGHTS/AIKVSXER/N-5YC1VZ2FKOL6BZ10J5
AILOUIS	AILOUIS	homedepot.com	HTTPS://WWW.HOMEDEPOT.COM/B/AILOUIS/22/N-5YC1VZTQOZ1Z0NX00
AIMADI	AIMADI	homedepot.com	HTTPS://WWW.HOMEDEPOT.COM/B/KITCHEN-KITCHEN-FAUCETS/AIMADI/N-5YC1VZAR0KZZ6D
AIMADI	AIMADI	homedepot.com	HTTPS://WWW.HOMEDEPOT.COM/B/AIMADI/N-5YC1VZZ6D?NAO=120
AIMADI	AIMADI	homedepot.com	HTTPS://WWW.HOMEDEPOT.COM/B/AIMADI/BRUSHED-GOLD/N-5YC1VZZ6DZ1Z0YJ92
AIMADI	AIMADI	homedepot.com	HTTPS://WWW.HOMEDEPOT.COM/B/BATH-BATHROOM-FAUCETS-BATHTUB-FAUCETS-BATHTUB-SHOWER-FAUCET-COMBOS/AIMADI/N-5YC1VZCD09ZZ6D
AIMSPOWER	AIMSPOWER	homedepot.com	HTTPS://WWW.HOMEDEPOT.COM/B/AIMS-POWER/N-5YC1VZT0V
AIMTOWASH	AIMTOWASH	homedepot.com	HTTPS://WWW.HOMEDEPOT.COM/B/AIM-TO-WASH/N-5YC1VZG2O
AIPER	AIPER	homedepot.com	HTTPS://WWW.HOMEDEPOT.COM/B/AIPER/N-5YC1VZVR5
AIPOWER	AIPOWER	homedepot.com	HTTPS://WWW.HOMEDEPOT.COM/B/OUTDOORS-OUTDOOR-POWER-EQUIPMENT-GENERATORS-PORTABLE-GENERATORS/A-IPOWER/N-5YC1VZBX9NZEZL
AIRBLOWN	AIRBLOWN	homedepot.com	HTTPS://WWW.HOMEDEPOT.COM/B/HOLIDAY-DECORATIONS-CHRISTMAS-DECORATIONS-OUTDOOR-CHRISTMAS-DECORATIONS-CHRISTMAS-INFLATABLES/AIRBLOWN/N-5YC1VZC3RXZG2V
AIRBLOWN	AIRBLOWN	homedepot.com	HTTPS://WWW.HOMEDEPOT.COM/B/AIRBLOWN/N-5YC1VZG2V
AIRCARE	AIRCARE	homedepot.com	HTTPS://WWW.HOMEDEPOT.COM/B/HEATING-VENTING-COOLING-HUMIDIFIERS/AIRCARE/N-5YC1VZC4LVZEDU
AIRCARE	AIRCARE	homedepot.com	HTTPS://WWW.HOMEDEPOT.COM/B/AIRCARE/N-5YC1VZEDU
AIRCAT	AIRCAT	homedepot.com	HTTPS://WWW.HOMEDEPOT.COM/B/TOOLS-AIR-COMPRESSOR-TOOLS-AIR-TOOLS/AIRCAT/N-5YC1VZC9NQZEGZ
AIRCAT	AIRCAT	homedepot.com	HTTPS://WWW.HOMEDEPOT.COM/B/TOOLS/AIRCAT/N-5YC1VZC1XYZEGZ
AIRCHOICE	AIRCHOICE	homedepot.com	HTTPS://WWW.HOMEDEPOT.COM/B/HEATING-VENTING-COOLING-AIR-PURIFIERS-HOME-AIR-PURIFIERS/AIR-CHOICE/N-5YC1VZ2FKPGBFZZPY
AIRCHOICE	AIRCHOICE	homedepot.com	HTTPS://WWW.HOMEDEPOT.COM/B/HEATING-VENTING-COOLING/AIR-CHOICE/N-5YC1VZC4K8ZZPY
AIRCOMPRESSORS	AIRCOMPRESSORS	homedepot.com	HTTPS://WWW.HOMEDEPOT.COM/B/TOOLS-AIR-COMPRESSOR-TOOLS-AIR-COMPRESSORS/N-5YC1VZC27P
AIRCONDITIONERS	AIRCONDITIONERS	homedepot.com	HTTPS://WWW.HOMEDEPOT.COM/B/HEATING-VENTING-COOLING-AIR-CONDITIONERS/N-5YC1VZC4ME
AIRDOCTOR	AIRDOCTOR	homedepot.com	HTTPS://WWW.HOMEDEPOT.COM/B/HEATING-VENTING-COOLING-AIR-PURIFIERS/AIRDOCTOR/N-5YC1VZC4M5ZSH6
AIRDOCTOR	AIRDOCTOR	homedepot.com	HTTPS://WWW.HOMEDEPOT.COM/B/AIRDOCTOR/N-5YC1VZSH6
AIREAMINKAGROUPDESIGN	AIREAMINKAGROUPDESIGN	homedepot.com	HTTPS://WWW.HOMEDEPOT.COM/B/LIGHTING-CEILING-FANS/AIRE-A-MINKA-GROUP-DESIGN/N-5YC1VZBVLQZFNK
AIREAMINKAGROUPDESIGN	AIREAMINKAGROUPDESIGN	homedepot.com	HTTPS://WWW.HOMEDEPOT.COM/B/LIGHTING-CEILING-FANS-CEILING-FANS-WITH-LIGHTS/AIRE-A-MINKA-GROUP-DESIGN/N-5YC1VZCJNUZFNK
AIREAMINKAGROUPDESIGN	AIREAMINKAGROUPDESIGN	homedepot.com	HTTPS://WWW.HOMEDEPOT.COM/B/AIRE-A-MINKA-GROUP-DESIGN/N-5YC1VZFNK
AIREAMINKAGROUPDESIGN	AIREAMINKAGROUPDESIGN	homedepot.com	HTTPS://WWW.HOMEDEPOT.COM/B/LIGHTING/AIRE-A-MINKA-GROUP-DESIGN/N-5YC1VZBVN5ZFNK?EXPERIENCENAME=INSPIRATIONAL
AIREAMINKAGROUPDESIGN	AIREAMINKAGROUPDESIGN	homedepot.com	HTTPS://WWW.HOMEDEPOT.COM/B/LIGHTING-CEILING-FANS-CEILING-FANS-WITH-LIGHTS/AIRE-A-MINKA-GROUP-DESIGN/OUTDOOR/N-5YC1VZCJNUZFNKZ1Z17LKR
AIREAMINKAGROUPDESIGN	AIREAMINKAGROUPDESIGN	homedepot.com	HTTPS://WWW.HOMEDEPOT.COM/B/LIGHTING/AIRE-A-MINKA-GROUP-DESIGN/INDOOR/N-5YC1VZBVN5ZFNKZ1Z17LGM
AIREBYMINKA	AIREBYMINKA	homedepot.com	HTTPS://WWW.HOMEDEPOT.COM/B/AIRE-BY-MINKA/N-5YC1VZY5F
AIRECOLER	AIRECOLER	homedepot.com	HTTPS://WWW.HOMEDEPOT.COM/B/HEATING-VENTING-COOLING-DEHUMIDIFIERS/AIRECOLER/N-5YC1VZC4L8ZZJQ
AIRECOLER	AIRECOLER	homedepot.com	HTTPS://WWW.HOMEDEPOT.COM/B/HEATING-VENTING-COOLING/AIRECOLER/N-5YC1VZC4K8ZZJQ
AIREMAX	AIREMAX	homedepot.com	HTTPS://WWW.HOMEDEPOT.COM/B/HEATING-VENTING-COOLING-AIR-CONDITIONERS-PORTABLE-AIR-CONDITIONERS/AIREMAX/N-5YC1VZC4M4ZQXG
AIREMAX	AIREMAX	homedepot.com	HTTPS://WWW.HOMEDEPOT.COM/B/AIREMAX/N-5YC1VZQXG
AIRFLOWZ	AIRFLOWZ	homedepot.com	HTTPS://WWW.HOMEDEPOT.COM/B/AIRFLOWZ/N-5YC1VZFUE
AIRFLOWZ	AIRFLOWZ	homedepot.com	HTTPS://WWW.HOMEDEPOT.COM/B/AIRFLOWZ/INFLATABLE/N-5YC1VZFUEZ1Z0VBCG
AIRFLOWZ	AIRFLOWZ	homedepot.com	HTTPS://WWW.HOMEDEPOT.COM/B/HOLIDAY-DECORATIONS-HALLOWEEN-DECORATIONS/AIRFLOWZ/N-5YC1VZC2VEZFUE
AIRFLOWZ	AIRFLOWZ	homedepot.com	HTTPS://WWW.HOMEDEPOT.COM/B/HOLIDAY-DECORATIONS/AIRFLOWZ/N-5YC1VZBD6EZFUE
AIRFOXX	AIRFOXX	homedepot.com	HTTPS://WWW.HOMEDEPOT.COM/B/HEATING-VENTING-COOLING-FANS-BLOWER-FANS/AIR-FOXX/N-5YC1VZC4M7ZBL7
AIRFREE	AIRFREE	homedepot.com	HTTPS://WWW.HOMEDEPOT.COM/B/HEATING-VENTING-COOLING-AIR-PURIFIERS/AIRFREE/N-5YC1VZC4M5ZFJ5
AIRINNOVATIONS	AIRINNOVATIONS	homedepot.com	HTTPS://WWW.HOMEDEPOT.COM/B/HEATING-VENTING-COOLING-HUMIDIFIERS/AIR-INNOVATIONS/N-5YC1VZC4LVZCWG
AIRINNOVATIONS	AIRINNOVATIONS	homedepot.com	HTTPS://WWW.HOMEDEPOT.COM/B/AIR-INNOVATIONS/N-5YC1VZCWG
AIRKING	AIRKING	homedepot.com	HTTPS://WWW.HOMEDEPOT.COM/B/BATH-BATHROOM-EXHAUST-FANS/AIR-KING/N-5YC1VZC4LYZ6X8
AIRLESSCO	AIRLESSCO	homedepot.com	HTTPS://WWW.HOMEDEPOT.COM/B/PAINT-PAINT-SUPPLIES-PAINT-APPLICATORS-PAINT-SPRAYERS-AIRLESS-PAINT-SPRAYERS/AIRLESSCO/N-5YC1VZARTTZ66R
AIRMONSTER	AIRMONSTER	homedepot.com	HTTPS://WWW.HOMEDEPOT.COM/B/HEATING-VENTING-COOLING-FANS/AIR-MONSTER/N-5YC1VZC4LWZUQV
AIRPLUS	AIRPLUS	homedepot.com	HTTPS://WWW.HOMEDEPOT.COM/B/HEATING-VENTING-COOLING/AIRPLUS/N-5YC1VZC4K8ZU6D
AIRSTONE	AIRSTONE	homedepot.com	HTTPS://WWW.HOMEDEPOT.COM/B/AIRSTONE/N-5YC1VZU03
AIRTEX	AIRTEX	homedepot.com	HTTPS://WWW.HOMEDEPOT.COM/B/AIRTEX/N-5YC1VZNWE
AIRTHEREAL	AIRTHEREAL	homedepot.com	HTTPS://WWW.HOMEDEPOT.COM/B/HEATING-VENTING-COOLING-AIR-PURIFIERS/AIRTHEREAL/N-5YC1VZC4M5ZNS6
AIRTHINGS	AIRTHINGS	homedepot.com	HTTPS://WWW.HOMEDEPOT.COM/B/AIRTHINGS/N-5YC1VZM00
AIRTIGHT	AIRTIGHT	homedepot.com	HTTPS://WWW.HOMEDEPOT.COM/B/KITCHEN-KITCHEN-STORAGE-ORGANIZATION-FOOD-STORAGE-FOOD-STORAGE-CONTAINERS/AIRTIGHT/N-5YC1VZAS2JZ1Z0M61Q
AIRVANA	AIRVANA	homedepot.com	HTTPS://WWW.HOMEDEPOT.COM/B/AIRVANA/N-5YC1VZY0C
AIRVANA	AIRVANA	homedepot.com	HTTPS://WWW.HOMEDEPOT.COM/B/HEATING-VENTING-COOLING-FANS/AIRVANA/N-5YC1VZC4LWZY0C
AIRVANA	AIRVANA	homedepot.com	HTTPS://WWW.HOMEDEPOT.COM/B/HEATING-VENTING-COOLING-FANS-DESK-FANS/AIRVANA/N-5YC1VZCKB5ZY0C
AIRVENT	AIRVENT	homedepot.com	HTTPS://WWW.HOMEDEPOT.COM/B/BUILDING-MATERIALS-VENTILATION/AIR-VENT/N-5YC1VZC4MRZG8R
AIRWICK	AIRWICK	homedepot.com	HTTPS://WWW.HOMEDEPOT.COM/B/CLEANING-CLEANING-PRODUCTS-ROOM-FRESHENERS-AIR-FRESHENERS/AIR-WICK/N-5YC1VZCB2JZ7AU
AIRWICK	AIRWICK	homedepot.com	HTTPS://WWW.HOMEDEPOT.COM/B/CLEANING-CLEANING-PRODUCTS-ROOM-FRESHENERS-AIR-FRESHENERS-AIR-FRESHENER-REFILLS/AIR-WICK/N-5YC1VZCH5PZ7AU
AIRWIRE	AIRWIRE	homedepot.com	HTTPS://WWW.HOMEDEPOT.COM/B/AIRWIRE/N-5YC1VZ108T
AIRWIRE	AIRWIRE	homedepot.com	HTTPS://WWW.HOMEDEPOT.COM/B/STORAGE-ORGANIZATION-OUTDOOR-STORAGE-SHEDS/AIRWIRE/N-5YC1VZBTZ2Z108T
AIRWIRE	AIRWIRE	homedepot.com	HTTPS://WWW.HOMEDEPOT.COM/B/OUTDOORS-GARDEN-CENTER-GREENHOUSES/AIRWIRE/N-5YC1VZCC4VZ108T
AIRWIRE	AIRWIRE	homedepot.com	HTTPS://WWW.HOMEDEPOT.COM/B/STORAGE-ORGANIZATION-OUTDOOR-STORAGE-SHADE-STRUCTURES-GAZEBOS/AIRWIRE/N-5YC1VZBTYAZ108T
AIRWIRE	AIRWIRE	homedepot.com	HTTPS://WWW.HOMEDEPOT.COM/B/STORAGE-ORGANIZATION-OUTDOOR-STORAGE-SHADE-STRUCTURES/AIRWIRE/N-5YC1VZ2FKOMIIZ108T
AIRWIRE	AIRWIRE	homedepot.com	HTTPS://WWW.HOMEDEPOT.COM/B/STORAGE-ORGANIZATION-OUTDOOR-STORAGE/AIRWIRE/N-5YC1VZBU96Z108T
AIRXCEL	AIRXCEL	homedepot.com	HTTPS://WWW.HOMEDEPOT.COM/B/GARAGE-AUTOMOTIVE-RV-SUPPLIES/AIRXCEL/N-5YC1VZCLREZOS3
AIRXCEL	AIRXCEL	homedepot.com	HTTPS://WWW.HOMEDEPOT.COM/B/AIRXCEL/N-5YC1VZOS3
AIRXCEL	AIRXCEL	homedepot.com	HTTPS://WWW.HOMEDEPOT.COM/B/GARAGE-AUTOMOTIVE-RV-SUPPLIES-RV-ACCESSORIES-RV-FURNACES/AIRXCEL/N-5YC1VZ2FKPCU4ZOS3
AIRZONE	AIRZONE	homedepot.com	HTTPS://WWW.HOMEDEPOT.COM/B/AIRZONE/N-5YC1VZDLG
AISIN	AISIN	homedepot.com	HTTPS://WWW.HOMEDEPOT.COM/B/GARAGE-AUTOMOTIVE-AUTO-PARTS/AISIN/N-5YC1VZC8SSZO5O
AISIN	AISIN	homedepot.com	HTTPS://WWW.HOMEDEPOT.COM/B/GARAGE-AUTOMOTIVE/AISIN/N-5YC1VZC8O1ZO5O
AIVITUVIN	AIVITUVIN	homedepot.com	HTTPS://WWW.HOMEDEPOT.COM/B/AIVITUVIN/N-5YC1VZZMG
AIWA	AIWA	homedepot.com	HTTPS://WWW.HOMEDEPOT.COM/B/AIWA/N-5YC1VZXYO
AIWEN	AIWEN	homedepot.com	HTTPS://WWW.HOMEDEPOT.COM/B/LIGHTING/AIWEN/N-5YC1VZBVN5ZV2Z
AIWEN	AIWEN	homedepot.com	HTTPS://WWW.HOMEDEPOT.COM/B/LIGHTING-FLUSH-MOUNT-CEILING-LIGHTS/AIWEN/N-5YC1VZC7NKZV2Z
AIWEN	AIWEN	homedepot.com	HTTPS://WWW.HOMEDEPOT.COM/B/AIWEN/N-5YC1VZV2Z
AIWEN	AIWEN	homedepot.com	HTTPS://WWW.HOMEDEPOT.COM/B/LIGHTING-CHANDELIERS/AIWEN/N-5YC1VZC7O0ZV2Z
AIWEN	AIWEN	homedepot.com	HTTPS://WWW.HOMEDEPOT.COM/B/LIGHTING-PENDANT-LIGHTS/AIWEN/N-5YC1VZC7NUZV2Z
AIWEN	AIWEN	homedepot.com	HTTPS://WWW.HOMEDEPOT.COM/B/LIGHTING-VANITY-LIGHTING/AIWEN/N-5YC1VZC7PRZV2Z
AJAX	AJAX	homedepot.com	HTTPS://WWW.HOMEDEPOT.COM/B/CLEANING/AJAX/N-5YC1VZBQSIZ418
AJAX	AJAX	homedepot.com	HTTPS://WWW.HOMEDEPOT.COM/B/CLEANING-CLEANING-PRODUCTS/AJAX/N-5YC1VZCB33Z418
AJMPACKAGINGCORPORATION	AJMPACKAGINGCORPORATION	homedepot.com	HTTPS://WWW.HOMEDEPOT.COM/B/KITCHEN-TABLEWARE-BAR-DISPOSABLE-TABLEWARE/AJM-PACKAGING-CORPORATION/N-5YC1VZCEXJZPGS
AJUSTLOCK	AJUSTLOCK	homedepot.com	HTTPS://WWW.HOMEDEPOT.COM/B/AJUSTLOCK/N-5YC1VZH7H
AKDY	AKDY	homedepot.com	HTTPS://WWW.HOMEDEPOT.COM/B/AKDY/N-5YC1VZFS0
AKDY	AKDY	homedepot.com	HTTPS://WWW.HOMEDEPOT.COM/B/APPLIANCES/AKDY/N-5YC1VZBV1WZFS0
AKDY	AKDY	homedepot.com	HTTPS://WWW.HOMEDEPOT.COM/B/APPLIANCES-RANGE-HOODS/AKDY/N-5YC1VZC3NKZFS0
AKDY	AKDY	homedepot.com	HTTPS://WWW.HOMEDEPOT.COM/B/KITCHEN-KITCHEN-SINKS/AKDY/N-5YC1VZARSAZFS0
AKDY	AKDY	homedepot.com	HTTPS://WWW.HOMEDEPOT.COM/B/BATH-BATHTUBS-FREESTANDING-TUBS/AKDY/N-5YC1VZBZ9DZFS0
AKDY	AKDY	homedepot.com	HTTPS://WWW.HOMEDEPOT.COM/B/KITCHEN-KITCHEN-SINKS-DROP-IN-KITCHEN-SINKS/AKDY/N-5YC1VZCGK5ZFS0
AKERS	AKERS	homedepot.com	HTTPS://WWW.HOMEDEPOT.COM/B/FURNITURE-BAR-FURNITURE-BAR-STOOLS/AKERS/N-5YC1VZC7OFZ1Z1ATPZ
AKICON	AKICON	homedepot.com	HTTPS://WWW.HOMEDEPOT.COM/B/AKICON/N-5YC1VZRRV
AKICON	AKICON	homedepot.com	HTTPS://WWW.HOMEDEPOT.COM/B/KITCHEN-KITCHEN-FAUCETS/AKICON/N-5YC1VZAR0KZRRV
AKLFGN	AKLFGN	homedepot.com	HTTPS://WWW.HOMEDEPOT.COM/B/BATH-BATHROOM-FAUCETS-BATHROOM-SINK-FAUCETS/AKLFGN/N-5YC1VZC8D3ZYY0
AKLFGN	AKLFGN	homedepot.com	HTTPS://WWW.HOMEDEPOT.COM/B/KITCHEN-KITCHEN-FAUCETS/AKLFGN/N-5YC1VZAR0KZYY0
AKLFGN	AKLFGN	homedepot.com	HTTPS://WWW.HOMEDEPOT.COM/B/BATH-BATHROOM-FAUCETS-BATHROOM-SINK-FAUCETS-WIDESPREAD-BATHROOM-FAUCETS/AKLFGN/N-5YC1VZBRGKZYY0
AKROMILS	AKROMILS	homedepot.com	HTTPS://WWW.HOMEDEPOT.COM/B/AKRO-MILS/N-5YC1VZB2I
AKW	AKW	homedepot.com	HTTPS://WWW.HOMEDEPOT.COM/B/AKW/N-5YC1VZOSA
ALAISE	ALAISE	homedepot.com	HTTPS://WWW.HOMEDEPOT.COM/B/FURNITURE-LIVING-ROOM-FURNITURE-SOFAS-COUCHES/ALAISE/N-5YC1VZC7OYZ1Z1AL5U
ALARMSYSTEMS	ALARMSYSTEMS	homedepot.com	HTTPS://WWW.HOMEDEPOT.COM/B/ELECTRICAL-HOME-SECURITY-ALARM-SYSTEMS/N-5YC1VZC1T8
ALATERREFURNITURE	ALATERREFURNITURE	homedepot.com	HTTPS://WWW.HOMEDEPOT.COM/B/ALATERRE-FURNITURE/N-5YC1VZEA7
ALCHEMADE	ALCHEMADE	homedepot.com	HTTPS://WWW.HOMEDEPOT.COM/B/ALCHEMADE/N-5YC1VZGXT
ALCHEMADE	ALCHEMADE	homedepot.com	HTTPS://WWW.HOMEDEPOT.COM/B/KITCHEN-TABLEWARE-BAR-DRINKWARE-DRINKING-GLASSES-SETS/ALCHEMADE/N-5YC1VZC6XFZGXT
ALCHEMADE	ALCHEMADE	homedepot.com	HTTPS://WWW.HOMEDEPOT.COM/B/KITCHEN-TABLEWARE-BAR-BAR-ACCESSORIES/ALCHEMADE/N-5YC1VZCEXGZGXT
ALCHEMADE	ALCHEMADE	homedepot.com	HTTPS://WWW.HOMEDEPOT.COM/B/KITCHEN-TABLEWARE-BAR-DRINKWARE-COCKTAIL-GLASSES-MOSCOW-MULE-MUGS/ALCHEMADE/N-5YC1VZ1Z18GE0ZGXT
ALCHEMADE	ALCHEMADE	homedepot.com	HTTPS://WWW.HOMEDEPOT.COM/B/KITCHEN-TABLEWARE-BAR-BAR-ACCESSORIES-BAR-TOOLS-COCKTAIL-SETS/ALCHEMADE/N-5YC1VZ2FKP35BZGXT
ALCHEMADE	ALCHEMADE	homedepot.com	HTTPS://WWW.HOMEDEPOT.COM/B/HOME-DECOR/ALCHEMADE/N-5YC1VZAS6PZGXT
ALCHEMADE	ALCHEMADE	homedepot.com	HTTPS://WWW.HOMEDEPOT.COM/B/KITCHEN-TABLEWARE-BAR-DRINKWARE-BEER-GLASSES-BEER-MUGS/ALCHEMADE/N-5YC1VZ2FKP359ZGXT
ALCHEMADE	ALCHEMADE	homedepot.com	HTTPS://WWW.HOMEDEPOT.COM/B/KITCHEN-TABLEWARE-BAR-SERVEWARE/ALCHEMADE/N-5YC1VZCEZ8ZGXT
ALCIDAE	ALCIDAE	homedepot.com	HTTPS://WWW.HOMEDEPOT.COM/B/ELECTRICAL-HOME-SECURITY-SECURITY-CAMERAS/ALCIDAE/N-5YC1VZC20VZPXU
ALCIDAE	ALCIDAE	homedepot.com	HTTPS://WWW.HOMEDEPOT.COM/B/ELECTRICAL-HOME-SECURITY/ALCIDAE/N-5YC1VZC1TGZPXU
ALEASHA	ALEASHA	homedepot.com	HTTPS://WWW.HOMEDEPOT.COM/B/ALEASHA/N-5YC1VZYCZ
ALEASHA	ALEASHA	homedepot.com	HTTPS://WWW.HOMEDEPOT.COM/B/BATH-BATHROOM-FAUCETS-BATHROOM-SINK-FAUCETS/ALEASHA/N-5YC1VZC8D3ZYCZ
ALEASHA	ALEASHA	homedepot.com	HTTPS://WWW.HOMEDEPOT.COM/B/KITCHEN-KITCHEN-FAUCETS/ALEASHA/N-5YC1VZAR0KZYCZ
ALEASHA	ALEASHA	homedepot.com	HTTPS://WWW.HOMEDEPOT.COM/B/PLUMBING-PLUMBING-PARTS/ALEASHA/N-5YC1VZBQKPZYCZ
ALEASHA	ALEASHA	homedepot.com	HTTPS://WWW.HOMEDEPOT.COM/B/KITCHEN-KITCHEN-FAUCETS-PULL-OUT-KITCHEN-FAUCETS/ALEASHA/N-5YC1VZBU43ZYCZ
ALEASHA	ALEASHA	homedepot.com	HTTPS://WWW.HOMEDEPOT.COM/B/KITCHEN-KITCHEN-FAUCETS-PULL-DOWN-KITCHEN-FAUCETS/ALEASHA/N-5YC1VZBDFWZYCZ
ALEASHA	ALEASHA	homedepot.com	HTTPS://WWW.HOMEDEPOT.COM/B/BATH-BATHROOM-ACCESSORIES-BATHROOM-HARDWARE/ALEASHA/N-5YC1VZCFV8ZYCZ
ALEASHA	ALEASHA	homedepot.com	HTTPS://WWW.HOMEDEPOT.COM/B/BATH-BATHROOM-FAUCETS-BATHTUB-FAUCETS-BATHTUB-SHOWER-FAUCET-COMBOS/ALEASHA/N-5YC1VZCD09ZYCZ
ALECO	ALECO	homedepot.com	HTTPS://WWW.HOMEDEPOT.COM/B/ALECO/N-5YC1VZBOU
ALECO	ALECO	homedepot.com	HTTPS://WWW.HOMEDEPOT.COM/B/DOORS-WINDOWS/ALECO/N-5YC1VZAQIHZBOU
ALEKO	ALEKO	homedepot.com	HTTPS://WWW.HOMEDEPOT.COM/B/ALEKO/N-5YC1VZNZH
ALEKO	ALEKO	homedepot.com	HTTPS://WWW.HOMEDEPOT.COM/B/LUMBER-COMPOSITES-FENCING-GATES-METAL-FENCING/ALEKO/N-5YC1VZC3LEZNZH
ALEN	ALEN	homedepot.com	HTTPS://WWW.HOMEDEPOT.COM/B/HEATING-VENTING-COOLING-AIR-PURIFIERS/ALEN/N-5YC1VZC4M5ZEFX
ALEXANDRIAMOULDING	ALEXANDRIAMOULDING	homedepot.com	HTTPS://WWW.HOMEDEPOT.COM/B/BUILDING-MATERIALS-MOULDING-MILLWORK/ALEXANDRIA-MOULDING/N-5YC1VZAQ4YZ525
ALEXANDRIAMOULDING	ALEXANDRIAMOULDING	homedepot.com	HTTPS://WWW.HOMEDEPOT.COM/B/ALEXANDRIA-MOULDING/N-5YC1VZ525
ALEXANDRIAMOULDING	ALEXANDRIAMOULDING	homedepot.com	HTTPS://WWW.HOMEDEPOT.COM/B/BUILDING-MATERIALS-MOULDING-MILLWORK-MOULDING-CROWN-MOULDING/ALEXANDRIA-MOULDING/N-5YC1VZCBJIZ525
ALEXANDRIAMOULDING	ALEXANDRIAMOULDING	homedepot.com	HTTPS://WWW.HOMEDEPOT.COM/B/LUMBER-COMPOSITES/ALEXANDRIA-MOULDING/N-5YC1VZBQPGZ525
ALEXBELLA	ALEXBELLA	homedepot.com	HTTPS://WWW.HOMEDEPOT.COM/B/ALEX-BELLA/N-5YC1VZVBS
ALEXBELLA	ALEXBELLA	homedepot.com	HTTPS://WWW.HOMEDEPOT.COM/B/BABY-KIDS/ALEX-BELLA/N-5YC1VZ2FKPFUIZVBS
ALEXBELLA	ALEXBELLA	homedepot.com	HTTPS://WWW.HOMEDEPOT.COM/B/HOME-DECOR-BEDDING/ALEX-BELLA/N-5YC1VZCI04ZVBS
ALEXBELLA	ALEXBELLA	homedepot.com	HTTPS://WWW.HOMEDEPOT.COM/B/BABY-KIDS-KIDS-HOME-KIDS-BEDDING-SETS/ALEX-BELLA/N-5YC1VZ2FKOK7MZVBS
ALEXTECH	ALEXTECH	homedepot.com	HTTPS://WWW.HOMEDEPOT.COM/B/ELECTRICAL-ELECTRONICS/ALEX-TECH/N-5YC1VZC958ZZ35
ALFATOOLS	ALFATOOLS	homedepot.com	HTTPS://WWW.HOMEDEPOT.COM/B/ALFA-TOOLS/N-5YC1VZP0F
ALFATOOLS	ALFATOOLS	homedepot.com	HTTPS://WWW.HOMEDEPOT.COM/B/TOOLS-HAND-TOOLS/ALFA-TOOLS/N-5YC1VZC1ZGZP0F
ALFIBRAND	ALFIBRAND	homedepot.com	HTTPS://WWW.HOMEDEPOT.COM/B/ALFI-BRAND/N-5YC1VZGUP
ALFIBRAND	ALFIBRAND	homedepot.com	HTTPS://WWW.HOMEDEPOT.COM/B/BATH-BATHTUBS/ALFI-BRAND/N-5YC1VZBZB7ZGUP
ALFRESCO	ALFRESCO	homedepot.com	HTTPS://WWW.HOMEDEPOT.COM/B/ALFRESCO/N-5YC1VZMFT
ALFRESCOHOME	ALFRESCOHOME	homedepot.com	HTTPS://WWW.HOMEDEPOT.COM/B/ALFRESCO-HOME/N-5YC1VZMLI
ALFRESCOHOME	ALFRESCOHOME	homedepot.com	HTTPS://WWW.HOMEDEPOT.COM/B/OUTDOORS-GARDEN-CENTER-PLANTERS/ALFRESCO-HOME/N-5YC1VZBX81ZMLI
ALFRESCOHOME	ALFRESCOHOME	homedepot.com	HTTPS://WWW.HOMEDEPOT.COM/B/OUTDOORS-GARDEN-CENTER-PLANTERS-PLANT-POTS/ALFRESCO-HOME/N-5YC1VZBX87ZMLI
ALFRESCOHOME	ALFRESCOHOME	homedepot.com	HTTPS://WWW.HOMEDEPOT.COM/B/OUTDOORS-PATIO-FURNITURE/ALFRESCO-HOME/N-5YC1VZBX4OZMLI
ALGOMA	ALGOMA	homedepot.com	HTTPS://WWW.HOMEDEPOT.COM/B/ALGOMA/N-5YC1VZANX
ALGREEN	ALGREEN	homedepot.com	HTTPS://WWW.HOMEDEPOT.COM/B/OUTDOORS-GARDEN-CENTER-PLANTERS-PLANT-POTS/ALGREEN/N-5YC1VZBX87Z9VH
ALGREEN	ALGREEN	homedepot.com	HTTPS://WWW.HOMEDEPOT.COM/B/ALGREEN/N-5YC1VZ9VH
ALGREENPRODUCTS	ALGREENPRODUCTS	homedepot.com	HTTPS://WWW.HOMEDEPOT.COM/B/ALGREEN-PRODUCTS/N-5YC1VZVR4
ALINO	ALINO	homedepot.com	HTTPS://WWW.HOMEDEPOT.COM/B/ALINO/N-5YC1VZRVW
ALINO	ALINO	homedepot.com	HTTPS://WWW.HOMEDEPOT.COM/B/BATH-SHOWERS-SHOWER-STALLS-KITS/ALINO/N-5YC1VZBZA7ZRVW
ALINO	ALINO	homedepot.com	HTTPS://WWW.HOMEDEPOT.COM/B/FLOORING-FLOORING-SUPPLIES-FLOORING-TOOLS-SHOWER-SYSTEMS-INSTALLATION-KITS/ALINO/N-5YC1VZ2FKPCFUZRVW
ALLAVINO	ALLAVINO	homedepot.com	HTTPS://WWW.HOMEDEPOT.COM/B/APPLIANCES-BEVERAGE-COOLERS/ALLAVINO/N-5YC1VZC3O4ZFTO
ALLAVINO	ALLAVINO	homedepot.com	HTTPS://WWW.HOMEDEPOT.COM/B/APPLIANCES-BEVERAGE-COOLERS-WINE-COOLERS/ALLAVINO/N-5YC1VZC4FJZFTO
ALLAVINO	ALLAVINO	homedepot.com	HTTPS://WWW.HOMEDEPOT.COM/B/ALLAVINO/N-5YC1VZFTO
ALLENSPORTS	ALLENSPORTS	homedepot.com	HTTPS://WWW.HOMEDEPOT.COM/B/ALLEN-SPORTS/N-5YC1VZGZC
ALLENSPORTS	ALLENSPORTS	homedepot.com	HTTPS://WWW.HOMEDEPOT.COM/B/SPORTS-OUTDOORS-CYCLING-GEAR-BIKE-RACKS/ALLEN-SPORTS/N-5YC1VZC43HZGZC
ALLERGYZONE	ALLERGYZONE	homedepot.com	HTTPS://WWW.HOMEDEPOT.COM/B/ALLERGYZONE/N-5YC1VZE5T
ALLERGYZONE	ALLERGYZONE	homedepot.com	HTTPS://WWW.HOMEDEPOT.COM/B/HEATING-VENTING-COOLING-HVAC-SUPPLIES/ALLERGYZONE/N-5YC1VZC4NLZE5T
ALLERGYZONE	ALLERGYZONE	homedepot.com	HTTPS://WWW.HOMEDEPOT.COM/B/HEATING-VENTING-COOLING-HVAC-SUPPLIES-HVAC-REPLACEMENT-PARTS-HVAC-ACCESSORIES/ALLERGYZONE/N-5YC1VZC6HMZE5T
ALLFENZ	ALLFENZ	homedepot.com	HTTPS://WWW.HOMEDEPOT.COM/B/ALLFENZ/N-5YC1VZGV2
ALLFENZ	ALLFENZ	homedepot.com	HTTPS://WWW.HOMEDEPOT.COM/B/LUMBER-COMPOSITES-FENCING-GATES-WELDED-WIRE-FENCING/ALLFENZ/N-5YC1VZC3LPZGV2
ALLFENZ	ALLFENZ	homedepot.com	HTTPS://WWW.HOMEDEPOT.COM/B/ALLFENZ/METAL/N-5YC1VZGV2Z1Z0VB5J
ALLFENZ	ALLFENZ	homedepot.com	HTTPS://WWW.HOMEDEPOT.COM/B/OUTDOORS-GARDEN-CENTER-GARDEN-FENCING/ALLFENZ/N-5YC1VZBX6JZGV2
ALLFENZ	ALLFENZ	homedepot.com	HTTPS://WWW.HOMEDEPOT.COM/B/LUMBER-COMPOSITES/ALLFENZ/N-5YC1VZBQPGZGV2
ALLFITHD	ALLFITHD	homedepot.com	HTTPS://WWW.HOMEDEPOT.COM/B/OUTDOORS-OUTDOOR-POWER-EQUIPMENT-RIDING-MOWER-TRACTOR-ATTACHMENTS-LAWN-SWEEPERS/ALLFITHD/N-5YC1VZBX9FZB27
ALLFITHD	ALLFITHD	homedepot.com	HTTPS://WWW.HOMEDEPOT.COM/B/OUTDOORS-OUTDOOR-POWER-EQUIPMENT-RIDING-MOWER-TRACTOR-ATTACHMENTS-DUMP-CARTS/ALLFITHD/N-5YC1VZBXD5ZB27
ALLIEDBRASS	ALLIEDBRASS	homedepot.com	HTTPS://WWW.HOMEDEPOT.COM/B/ALLIED-BRASS/N-5YC1VZ2C3
ALLIEDBRASS	ALLIEDBRASS	homedepot.com	HTTPS://WWW.HOMEDEPOT.COM/B/BATH-BATHROOM-ACCESSORIES-BATHROOM-HARDWARE/ALLIED-BRASS/N-5YC1VZCFV8Z2C3
ALLIEDBRASS	ALLIEDBRASS	homedepot.com	HTTPS://WWW.HOMEDEPOT.COM/B/HARDWARE/ALLIED-BRASS/N-5YC1VZC21MZ2C3
ALLIEDBRASS	ALLIEDBRASS	homedepot.com	HTTPS://WWW.HOMEDEPOT.COM/B/ALLIED-BRASS/BRUSHED-BRONZE/N-5YC1VZ2C3Z1Z13F98
ALLIEDBRASS	ALLIEDBRASS	homedepot.com	HTTPS://WWW.HOMEDEPOT.COM/B/ALLIED-BRASS/BRASS/N-5YC1VZ2C3Z1Z0UN01
ALLIEDBRASS	ALLIEDBRASS	homedepot.com	HTTPS://WWW.HOMEDEPOT.COM/B/BATH-BATHROOM-ACCESSORIES-BATHROOM-HARDWARE-TOWEL-BARS/ALLIED-BRASS/N-5YC1VZCFW6Z2C3
ALLIEDFLAG	ALLIEDFLAG	homedepot.com	HTTPS://WWW.HOMEDEPOT.COM/B/OUTDOORS-GARDEN-CENTER-OUTDOOR-DECOR-FLAGS/ALLIED-FLAG/N-5YC1VZC6NMZOOX
ALLIEDFLAG	ALLIEDFLAG	homedepot.com	HTTPS://WWW.HOMEDEPOT.COM/B/OUTDOORS-GARDEN-CENTER-OUTDOOR-DECOR-FLAGS-HOUSE-FLAGS/ALLIED-FLAG/N-5YC1VZCL1TZOOX
ALLIEDFLAG	ALLIEDFLAG	homedepot.com	HTTPS://WWW.HOMEDEPOT.COM/B/ALLIED-FLAG/N-5YC1VZOOX
ALLIEDHOME	ALLIEDHOME	homedepot.com	HTTPS://WWW.HOMEDEPOT.COM/B/ALLIED-HOME/N-5YC1VZMZ3
ALLIEDHOME	ALLIEDHOME	homedepot.com	HTTPS://WWW.HOMEDEPOT.COM/B/HOME-DECOR-BEDDING-BED-PILLOWS/ALLIED-HOME/N-5YC1VZC3PVZMZ3
ALLIEDHOME	ALLIEDHOME	homedepot.com	HTTPS://WWW.HOMEDEPOT.COM/B/HOME-DECOR-BEDDING/ALLIED-HOME/N-5YC1VZCI04ZMZ3
ALLIEDHOME	ALLIEDHOME	homedepot.com	HTTPS://WWW.HOMEDEPOT.COM/B/HOME-DECOR-BEDDING-COMFORTERS/ALLIED-HOME/N-5YC1VZC1JZZMZ3
ALLIEDPRECISION	ALLIEDPRECISION	homedepot.com	HTTPS://WWW.HOMEDEPOT.COM/B/ALLIED-PRECISION/N-5YC1VZQNE
ALLOECH	ALLOECH	homedepot.com	HTTPS://WWW.HOMEDEPOT.COM/B/FURNITURE/ALLOECH/N-5YC1VZC7PCZYHH
ALLOECH	ALLOECH	homedepot.com	HTTPS://WWW.HOMEDEPOT.COM/B/FURNITURE-BEDROOM-FURNITURE-MATTRESSES/ALLOECH/N-5YC1VZC7OEZYHH
ALLPRO	ALLPRO	homedepot.com	HTTPS://WWW.HOMEDEPOT.COM/B/ALL-PRO/N-5YC1VZ383
ALLPROEMERGENCY	ALLPROEMERGENCY	homedepot.com	HTTPS://WWW.HOMEDEPOT.COM/B/LIGHTING-COMMERCIAL-LIGHTING/ALL-PRO-EMERGENCY/N-5YC1VZC7BUZRDP
ALLSMARTLIFE	ALLSMARTLIFE	homedepot.com	HTTPS://WWW.HOMEDEPOT.COM/B/ALLSMARTLIFE/55-LB/N-5YC1VZTRYZ1Z107CW
ALLSOP	ALLSOP	homedepot.com	HTTPS://WWW.HOMEDEPOT.COM/B/ALLSOP/N-5YC1VZRJY
ALLSOP	ALLSOP	homedepot.com	HTTPS://WWW.HOMEDEPOT.COM/B/LIGHTING/ALLSOP/N-5YC1VZBVN5ZRJY
ALLSPACE	ALLSPACE	homedepot.com	HTTPS://WWW.HOMEDEPOT.COM/B/ALLSPACE/N-5YC1VZFS5
ALLSPACE	ALLSPACE	homedepot.com	HTTPS://WWW.HOMEDEPOT.COM/B/STORAGE-ORGANIZATION/ALLSPACE/N-5YC1VZAS7EZFS5
ALLSPACE	ALLSPACE	homedepot.com	HTTPS://WWW.HOMEDEPOT.COM/B/TOOLS/ALLSPACE/N-5YC1VZC1XYZFS5
ALLSPACE	ALLSPACE	homedepot.com	HTTPS://WWW.HOMEDEPOT.COM/B/STORAGE-ORGANIZATION-GARAGE-STORAGE/ALLSPACE/N-5YC1VZARMIZFS5
ALLSPACE	ALLSPACE	homedepot.com	HTTPS://WWW.HOMEDEPOT.COM/B/STORAGE-ORGANIZATION-GARAGE-STORAGE-GARAGE-WALL-ORGANIZATION/ALLSPACE/N-5YC1VZCCYOZFS5
ALLSTATEFLORAL	ALLSTATEFLORAL	homedepot.com	HTTPS://WWW.HOMEDEPOT.COM/B/HOME-DECOR-ARTIFICIAL-PLANTS/ALLSTATE-FLORAL-INC/N-5YC1VZBPDGZ10TI
ALLSTATEFLORAL	ALLSTATEFLORAL	homedepot.com	HTTPS://WWW.HOMEDEPOT.COM/B/ALLSTATE-FLORAL-INC/N-5YC1VZ10TI
ALLTRADE	ALLTRADE	homedepot.com	HTTPS://WWW.HOMEDEPOT.COM/B/TOOLS/ALLTRADE/N-5YC1VZC1XYZ9YP
ALLTRADE	ALLTRADE	homedepot.com	HTTPS://WWW.HOMEDEPOT.COM/B/ALLTRADE/N-5YC1VZ9YP
ALLTRADE	ALLTRADE	homedepot.com	HTTPS://WWW.HOMEDEPOT.COM/B/ELECTRICAL-ELECTRICAL-TOOLS-ELECTRICAL-HAND-TOOLS/ALLTRADE/N-5YC1VZBM76Z9YP
ALLURA	ALLURA	homedepot.com	HTTPS://WWW.HOMEDEPOT.COM/B/BUILDING-MATERIALS-SIDING-FIBER-CEMENT-SIDING/ALLURA/N-5YC1VZC8AFZQ7Q
ALLWAYTOOLS	ALLWAYTOOLS	homedepot.com	HTTPS://WWW.HOMEDEPOT.COM/B/ALLWAY-TOOLS/N-5YC1VZ72H
ALLWAYTOOLS	ALLWAYTOOLS	homedepot.com	HTTPS://WWW.HOMEDEPOT.COM/B/PAINT-PAINT-SUPPLIES-PAINT-TOOLS-PAINT-SCRAPERS/ALLWAY-TOOLS/N-5YC1VZCI29Z72H
ALLWAYTOOLS	ALLWAYTOOLS	homedepot.com	HTTPS://WWW.HOMEDEPOT.COM/B/PAINT-PAINT-SUPPLIES/ALLWAY-TOOLS/N-5YC1VZCI1WZ72H
ALLWAYTOOLS	ALLWAYTOOLS	homedepot.com	HTTPS://WWW.HOMEDEPOT.COM/B/PAINT-PAINT-SUPPLIES-PAINT-TOOLS/ALLWAY-TOOLS/N-5YC1VZCI2FZ72H
ALLWEX	ALLWEX	homedepot.com	HTTPS://WWW.HOMEDEPOT.COM/B/ALLWEX/N-5YC1VZUTU
ALLWEX	ALLWEX	homedepot.com	HTTPS://WWW.HOMEDEPOT.COM/B/FURNITURE-LIVING-ROOM-FURNITURE-SECTIONAL-SOFAS/ALLWEX/N-5YC1VZCEUFZUTU
ALLWEX	ALLWEX	homedepot.com	HTTPS://WWW.HOMEDEPOT.COM/B/FURNITURE-HOME-OFFICE-FURNITURE-OFFICE-CHAIRS-DESK-CHAIRS-EXECUTIVE-CHAIRS/ALLWEX/N-5YC1VZ2FKP6BUZUTU
ALLWOODCABINETRY	ALLWOODCABINETRY	homedepot.com	HTTPS://WWW.HOMEDEPOT.COM/B/KITCHEN-KITCHEN-CABINETS-IN-STOCK-KITCHEN-CABINETS/ALL-WOOD-CABINETRY/N-5YC1VZCHBPZFW9
ALLWOODCABINETRY	ALLWOODCABINETRY	homedepot.com	HTTPS://WWW.HOMEDEPOT.COM/B/KITCHEN-KITCHEN-CABINETS/ALL-WOOD-CABINETRY/N-5YC1VZAS87ZFW9
ALOADECOR	ALOADECOR	homedepot.com	HTTPS://WWW.HOMEDEPOT.COM/B/ALOA-DECOR/N-5YC1VZSLS
ALOADECOR	ALOADECOR	homedepot.com	HTTPS://WWW.HOMEDEPOT.COM/B/LIGHTING-CHANDELIERS/ALOADECOR/N-5YC1VZC7O0ZTH6
ALORADECOR	ALORADECOR	homedepot.com	HTTPS://WWW.HOMEDEPOT.COM/B/FLOORING-RUGS-AREA-RUGS/ALORA-DECOR/N-5YC1VZARJGZV9N
ALORAIR	ALORAIR	homedepot.com	HTTPS://WWW.HOMEDEPOT.COM/B/HEATING-VENTING-COOLING-DEHUMIDIFIERS/ALORAIR/N-5YC1VZC4L8ZZEE
ALORAMOOD	ALORAMOOD	homedepot.com	HTTPS://WWW.HOMEDEPOT.COM/B/LIGHTING/ALORA-MOOD/N-5YC1VZBVN5ZZL6
ALORAMOOD	ALORAMOOD	homedepot.com	HTTPS://WWW.HOMEDEPOT.COM/B/LIGHTING-LAMPS-FLOOR-LAMPS/ALORA-MOOD/N-5YC1VZC7NOZZL6
ALORAMOOD	ALORAMOOD	homedepot.com	HTTPS://WWW.HOMEDEPOT.COM/B/ALORA-MOOD/WHITE/N-5YC1VZZL6Z1Z0QO15
ALORAMOOD	ALORAMOOD	homedepot.com	HTTPS://WWW.HOMEDEPOT.COM/B/ALORA-MOOD/N-5YC1VZZDA
ALPAN	ALPAN	homedepot.com	HTTPS://WWW.HOMEDEPOT.COM/B/ALPAN/WARM-WHITE/N-5YC1VZHDJZ1Z0WUJJ
ALPAN	ALPAN	homedepot.com	HTTPS://WWW.HOMEDEPOT.COM/B/ALPAN/N-5YC1VZHDJ
ALPCOUR	ALPCOUR	homedepot.com	HTTPS://WWW.HOMEDEPOT.COM/B/ALPCOUR/N-5YC1VZZOA
ALPHABIDET	ALPHABIDET	homedepot.com	HTTPS://WWW.HOMEDEPOT.COM/B/ALPHA-BIDET/N-5YC1VZMHU
ALPHABIDET	ALPHABIDET	homedepot.com	HTTPS://WWW.HOMEDEPOT.COM/B/BATH-BIDETS-BIDET-TOILET-SEATS/ALPHA-BIDET/N-5YC1VZBZA8ZMHU
ALPHALIVING	ALPHALIVING	homedepot.com	HTTPS://WWW.HOMEDEPOT.COM/B/ALPHA-LIVING/N-5YC1VZQ80
ALPHALIVING	ALPHALIVING	homedepot.com	HTTPS://WWW.HOMEDEPOT.COM/B/KITCHEN-TABLEWARE-BAR-SERVEWARE/ALPHA-LIVING/N-5YC1VZCEZ8ZQ80
ALPHASONSTUDIO	ALPHASONSTUDIO	homedepot.com	HTTPS://WWW.HOMEDEPOT.COM/B/ALPHASON-STUDIO/N-5YC1VZZ9N
ALPHASONSTUDIO	ALPHASONSTUDIO	homedepot.com	HTTPS://WWW.HOMEDEPOT.COM/B/FURNITURE-LIVING-ROOM-FURNITURE-TV-STANDS/ALPHASON-STUDIO/N-5YC1VZCFCTZZ9N
ALPICOOL	ALPICOOL	homedepot.com	HTTPS://WWW.HOMEDEPOT.COM/B/SPORTS-OUTDOORS-TAILGATING-GEAR-COOLERS-CHEST-COOLERS/ALPICOOL/N-5YC1VZCBWAZZ5W
ALPICOOL	ALPICOOL	homedepot.com	HTTPS://WWW.HOMEDEPOT.COM/B/ALPICOOL/N-5YC1VZZ5W
ALPINEARTMIRROR	ALPINEARTMIRROR	homedepot.com	HTTPS://WWW.HOMEDEPOT.COM/B/HOME-DECOR-MIRRORS/ALPINE-ART-MIRROR/N-5YC1VZBVE6ZAXJ
ALPINEARTMIRROR	ALPINEARTMIRROR	homedepot.com	HTTPS://WWW.HOMEDEPOT.COM/B/ALPINE-ART-MIRROR/N-5YC1VZAXJ
ALPINEARTMIRROR	ALPINEARTMIRROR	homedepot.com	HTTPS://WWW.HOMEDEPOT.COM/B/HOME-DECOR-MIRRORS-WALL-MIRRORS/ALPINE-ART-MIRROR/N-5YC1VZCL4ZZAXJ
ALPINEARTMIRROR	ALPINEARTMIRROR	homedepot.com	HTTPS://WWW.HOMEDEPOT.COM/B/HOME-DECOR/ALPINE-ART-MIRROR/N-5YC1VZAS6PZAXJ
ALPINECORPORATION	ALPINECORPORATION	homedepot.com	HTTPS://WWW.HOMEDEPOT.COM/B/OUTDOORS-GARDEN-CENTER-OUTDOOR-DECOR/ALPINE-CORPORATION/N-5YC1VZC6O0ZEXJ
ALPINECORPORATION	ALPINECORPORATION	homedepot.com	HTTPS://WWW.HOMEDEPOT.COM/B/ALPINE-CORPORATION/N-5YC1VZEXJ
ALPINECUISINE	ALPINECUISINE	homedepot.com	HTTPS://WWW.HOMEDEPOT.COM/B/KITCHEN-KITCHENWARE/ALPINE-CUISINE/N-5YC1VZAQZOZU99
ALPINEINDUSTRIES	ALPINEINDUSTRIES	homedepot.com	HTTPS://WWW.HOMEDEPOT.COM/B/ALPINE-INDUSTRIES/N-5YC1VZN4Q
ALPINEINDUSTRIES	ALPINEINDUSTRIES	homedepot.com	HTTPS://WWW.HOMEDEPOT.COM/B/CLEANING-TRASH-RECYCLING-TRASH-CANS/ALPINE-INDUSTRIES/N-5YC1VZCB2GZN4Q
ALPINEINDUSTRIES	ALPINEINDUSTRIES	homedepot.com	HTTPS://WWW.HOMEDEPOT.COM/B/HARDWARE/ALPINE-INDUSTRIES/N-5YC1VZC21MZN4Q
ALPINELODGE	ALPINELODGE	homedepot.com	HTTPS://WWW.HOMEDEPOT.COM/B/FURNITURE-LIVING-ROOM-FURNITURE-CHAIRS-ACCENT-CHAIRS/ALPINE-LODGE/N-5YC1VZCF8GZ1Z1B4EJ
ALPINESKY	ALPINESKY	homedepot.com	HTTPS://WWW.HOMEDEPOT.COM/B/PAINT-EXTERIOR-PAINT-MASONRY-PAINT/ALPINE-SKY/N-5YC1VZBBBJZ1Z0UNK8
ALPINESKY	ALPINESKY	homedepot.com	HTTPS://WWW.HOMEDEPOT.COM/B/PAINT/ALPINE-SKY/N-5YC1VZAR2DZ1Z0UNK8
ALSONS	ALSONS	homedepot.com	HTTPS://WWW.HOMEDEPOT.COM/B/BATH-BATHROOM-FAUCETS-SHOWER-HEADS/ALSONS/N-5YC1VZCJOCZ4Q
ALSONS	ALSONS	homedepot.com	HTTPS://WWW.HOMEDEPOT.COM/B/ALSONS/N-5YC1VZ4Q
ALSONS	ALSONS	homedepot.com	HTTPS://WWW.HOMEDEPOT.COM/B/BATH-BATHROOM-FAUCETS-SHOWER-PARTS-HANDHELD-SHOWER-MOUNTS/ALSONS/N-5YC1VZCJG5Z4Q
ALSONS	ALSONS	homedepot.com	HTTPS://WWW.HOMEDEPOT.COM/B/BATH-BATHROOM-FAUCETS-SHOWER-PARTS-SHOWER-HOSES/ALSONS/N-5YC1VZBRFNZ4Q
ALSONS	ALSONS	homedepot.com	HTTPS://WWW.HOMEDEPOT.COM/B/BATH-BATHROOM-FAUCETS-SHOWER-PARTS-SHOWER-ARMS/ALSONS/N-5YC1VZBZD8Z4Q
ALSONS	ALSONS	homedepot.com	HTTPS://WWW.HOMEDEPOT.COM/B/BATH-BATHROOM-FAUCETS-SHOWER-HEADS-HANDHELD-SHOWER-HEADS/ALSONS/N-5YC1VZBRDJZ4Q
ALSY	ALSY	homedepot.com	HTTPS://WWW.HOMEDEPOT.COM/B/LIGHTING/ALSY/N-5YC1VZBVN5Z2C4
ALSY	ALSY	homedepot.com	HTTPS://WWW.HOMEDEPOT.COM/B/ALSY/N-5YC1VZ2C4
ALSY	ALSY	homedepot.com	HTTPS://WWW.HOMEDEPOT.COM/B/LIGHTING-LAMPS/ALSY/N-5YC1VZC7PDZ2C4
ALSY	ALSY	homedepot.com	HTTPS://WWW.HOMEDEPOT.COM/B/LIGHTING-LAMPS-FLOOR-LAMPS/ALSY/N-5YC1VZC7NOZ2C4
ALSY	ALSY	homedepot.com	HTTPS://WWW.HOMEDEPOT.COM/B/LIGHTING-LAMPS-TABLE-LAMPS/ALSY/N-5YC1VZC7PTZ2C4
ALSY	ALSY	homedepot.com	HTTPS://WWW.HOMEDEPOT.COM/B/LIGHTING-LAMPS-LAMP-SETS/ALSY/N-5YC1VZC7O8Z2C4
ALSY	ALSY	homedepot.com	HTTPS://WWW.HOMEDEPOT.COM/B/LIGHTING-VANITY-LIGHTING/ALSY/N-5YC1VZC7PRZ2C4
ALSY	ALSY	homedepot.com	HTTPS://WWW.HOMEDEPOT.COM/B/LIGHTING-PENDANT-LIGHTS/ALSY/INCANDESCENT/N-5YC1VZC7NUZ2C4Z1Z1AJB6
ALSY	ALSY	homedepot.com	HTTPS://WWW.HOMEDEPOT.COM/B/LIGHTING-CHANDELIERS/ALSY/N-5YC1VZC7O0Z2C4
ALSY	ALSY	homedepot.com	HTTPS://WWW.HOMEDEPOT.COM/B/LIGHTING-LAMPS-NOVELTY-LAMPS/ALSY/N-5YC1VZC7Q1Z2C4
ALTAIR	ALTAIR	homedepot.com	HTTPS://WWW.HOMEDEPOT.COM/B/ALTAIR/N-5YC1VZM1J
ALTECLANSING	ALTECLANSING	homedepot.com	HTTPS://WWW.HOMEDEPOT.COM/B/ELECTRICAL-ELECTRONICS-HOME-AUDIO-PORTABLE-SPEAKERS/ALTEC-LANSING/N-5YC1VZ2FKP5B0ZGWI
ALTOCRAFT	ALTOCRAFT	homedepot.com	HTTPS://WWW.HOMEDEPOT.COM/B/TOOLS/ALTOCRAFT/N-5YC1VZC1XYZC2H
ALTOZZO	ALTOZZO	homedepot.com	HTTPS://WWW.HOMEDEPOT.COM/B/ALTOZZO/N-5YC1VZMS8
ALTRAFURNITURE	ALTRAFURNITURE	homedepot.com	HTTPS://WWW.HOMEDEPOT.COM/B/ALTRA-FURNITURE/N-5YC1VZE8N
ALTRAFURNITURE	ALTRAFURNITURE	homedepot.com	HTTPS://WWW.HOMEDEPOT.COM/B/FURNITURE/ALTRA-FURNITURE/N-5YC1VZC7PCZE8N
ALTRAFURNITURE	ALTRAFURNITURE	homedepot.com	HTTPS://WWW.HOMEDEPOT.COM/B/ALTRA-FURNITURE/HARDWARE/N-5YC1VZE8NZ1Z0M0SE
ALTRAFURNITURE	ALTRAFURNITURE	homedepot.com	HTTPS://WWW.HOMEDEPOT.COM/B/ALTRA-FURNITURE/OTHER-STORAGE-FURNITURE/N-5YC1VZE8NZ1Z0Z8P4
ALTRAFURNITURE	ALTRAFURNITURE	homedepot.com	HTTPS://WWW.HOMEDEPOT.COM/B/FURNITURE-LIVING-ROOM-FURNITURE-ACCENT-CABINETS/ALTRA-FURNITURE/N-5YC1VZ2FKPCJ5ZE8N
ALTRAFURNITURE	ALTRAFURNITURE	homedepot.com	HTTPS://WWW.HOMEDEPOT.COM/B/FURNITURE-HOME-OFFICE-FURNITURE-DESKS/ALTRA-FURNITURE/N-5YC1VZC7OGZE8N
ALTRAFURNITURE	ALTRAFURNITURE	homedepot.com	HTTPS://WWW.HOMEDEPOT.COM/B/FURNITURE-LIVING-ROOM-FURNITURE/ALTRA-FURNITURE/N-5YC1VZC7P3ZE8N
ALUFPLASTICS	ALUFPLASTICS	homedepot.com	HTTPS://WWW.HOMEDEPOT.COM/B/ALUF-PLASTICS/N-5YC1VZC3J
ALUFPLASTICS	ALUFPLASTICS	homedepot.com	HTTPS://WWW.HOMEDEPOT.COM/B/CLEANING-TRASH-RECYCLING-TRASH-BAGS-GARBAGE-BAGS/ALUF-PLASTICS/N-5YC1VZCB27ZC3J
ALUFPLASTICS	ALUFPLASTICS	homedepot.com	HTTPS://WWW.HOMEDEPOT.COM/B/ALUF-PLASTICS/BLACK/N-5YC1VZC3JZ1Z0VM5I
ALUMINUM	ALUMINUM	homedepot.com	HTTPS://WWW.HOMEDEPOT.COM/B/HARDWARE-METAL-STOCK/ALUMINUM/N-5YC1VZC2B9Z1Z115LQ
ALVANTOR	ALVANTOR	homedepot.com	HTTPS://WWW.HOMEDEPOT.COM/B/ALVANTOR/N-5YC1VZYKK
ALVANTOR	ALVANTOR	homedepot.com	HTTPS://WWW.HOMEDEPOT.COM/B/SPORTS-OUTDOORS-CAMPING-GEAR-TENTS/ALVANTOR/N-5YC1VZC417ZYKK
ALYSSUM	ALYSSUM	homedepot.com	HTTPS://WWW.HOMEDEPOT.COM/B/OUTDOORS-GARDEN-CENTER-OUTDOOR-PLANTS/ALYSSUM/N-5YC1VZC8RGZ1Z1BQIF
ALYSSUM	ALYSSUM	homedepot.com	HTTPS://WWW.HOMEDEPOT.COM/B/OUTDOORS-GARDEN-CENTER-OUTDOOR-PLANTS-GARDEN-FLOWERS-ANNUALS/ALYSSUM/N-5YC1VZC8RMZ1Z1BQIF
AMAIRCARE	AMAIRCARE	homedepot.com	HTTPS://WWW.HOMEDEPOT.COM/B/HEATING-VENTING-COOLING-AIR-PURIFIERS/AMAIRCARE/N-5YC1VZC4M5ZFHT
AMANA	AMANA	homedepot.com	HTTPS://WWW.HOMEDEPOT.COM/B/APPLIANCES/AMANA/N-5YC1VZBV1WZ3N2
AMANTIART	AMANTIART	homedepot.com	HTTPS://WWW.HOMEDEPOT.COM/B/AMANTI-ART/N-5YC1VZGLD
AMANTIART	AMANTIART	homedepot.com	HTTPS://WWW.HOMEDEPOT.COM/B/HOME-DECOR-WALL-DECOR-WALL-ART/AMANTI-ART/N-5YC1VZBBZHZGLD
AMARYLLIS	AMARYLLIS	homedepot.com	HTTPS://WWW.HOMEDEPOT.COM/B/OUTDOORS-GARDEN-CENTER-OUTDOOR-PLANTS-GARDEN-FLOWERS-FLOWER-BULBS/AMARYLLIS/N-5YC1VZC8RTZ1Z1BQFT
AMAX	AMAX	homedepot.com	HTTPS://WWW.HOMEDEPOT.COM/B/AMAX/N-5YC1VZM58
AMAXLIGHTING	AMAXLIGHTING	homedepot.com	HTTPS://WWW.HOMEDEPOT.COM/B/LIGHTING/AMAX-LIGHTING/N-5YC1VZBVN5ZRMF
AMAXLIGHTING	AMAXLIGHTING	homedepot.com	HTTPS://WWW.HOMEDEPOT.COM/B/LIGHTING-COMMERCIAL-LIGHTING/AMAX-LIGHTING/N-5YC1VZC7BUZRMF
AMAXLIGHTING	AMAXLIGHTING	homedepot.com	HTTPS://WWW.HOMEDEPOT.COM/B/LIGHTING-OUTDOOR-LIGHTING-SECURITY-LIGHTS/AMAX-LIGHTING/N-5YC1VZC7QFZRMF
AMAXLIGHTING	AMAXLIGHTING	homedepot.com	HTTPS://WWW.HOMEDEPOT.COM/B/LIGHTING-RECESSED-LIGHTING-RECESSED-LIGHTING-PARTS-AND-ACCESSORIES/AMAX-LIGHTING/N-5YC1VZC7Q4ZRMF
AMAXLIGHTING	AMAXLIGHTING	homedepot.com	HTTPS://WWW.HOMEDEPOT.COM/B/LIGHTING-CEILING-LIGHTING-ACCESSORIES-CEILING-LIGHT-PARTS/AMAX-LIGHTING/N-5YC1VZC7NEZRMF
AMAZEHEATER	AMAZEHEATER	homedepot.com	HTTPS://WWW.HOMEDEPOT.COM/B/HEATING-VENTING-COOLING-HEATERS-WALL-HEATERS/AMAZE-HEATER/N-5YC1VZC4K3ZFKR
AMAZINGFORCE	AMAZINGFORCE	homedepot.com	HTTPS://WWW.HOMEDEPOT.COM/B/KITCHEN-KITCHEN-FAUCETS-PULL-DOWN-KITCHEN-FAUCETS/AMAZING-FORCE/N-5YC1VZBDFWZYRQ
AMAZINGFORCE	AMAZINGFORCE	homedepot.com	HTTPS://WWW.HOMEDEPOT.COM/B/KITCHEN-KITCHEN-FAUCETS/AMAZING-FORCE/N-5YC1VZAR0KZYL3
AMAZINGGOOP	AMAZINGGOOP	homedepot.com	HTTPS://WWW.HOMEDEPOT.COM/B/PAINT-PAINT-SUPPLIES-ADHESIVES/AMAZING-GOOP/N-5YC1VZCI1SZ725
AMAZINGRAKE	AMAZINGRAKE	homedepot.com	HTTPS://WWW.HOMEDEPOT.COM/B/OUTDOORS-GARDEN-CENTER-GARDEN-TOOLS-GARDENING-TOOLS-RAKES/AMAZING-RAKE/N-5YC1VZC5RUZED9
AMAZINGRAKE	AMAZINGRAKE	homedepot.com	HTTPS://WWW.HOMEDEPOT.COM/B/AMAZING-RAKE/N-5YC1VZED9
AMAZINGRAKE	AMAZINGRAKE	homedepot.com	HTTPS://WWW.HOMEDEPOT.COM/B/OUTDOORS-GARDEN-CENTER-GARDEN-TOOLS-GARDENING-TOOLS/AMAZING-RAKE/N-5YC1VZC5QQZED9
AMAZINGRUGS	AMAZINGRUGS	homedepot.com	HTTPS://WWW.HOMEDEPOT.COM/B/FLOORING-RUGS-AREA-RUGS/AMAZING-RUGS/N-5YC1VZARJGZNC3
AMAZINGRUGS	AMAZINGRUGS	homedepot.com	HTTPS://WWW.HOMEDEPOT.COM/B/AMAZING-RUGS/N-5YC1VZNC3
AMAZINGRUGS	AMAZINGRUGS	homedepot.com	HTTPS://WWW.HOMEDEPOT.COM/B/AMAZING-RUGS/AREA-RUG/N-5YC1VZNC3Z1Z0W3EV
AMAZINGRUGS	AMAZINGRUGS	homedepot.com	HTTPS://WWW.HOMEDEPOT.COM/B/FLOORING-RUGS/AMAZING-RUGS/N-5YC1VZARFMZNC3
AMBIATE	AMBIATE	homedepot.com	HTTPS://WWW.HOMEDEPOT.COM/B/LIGHTING-PENDANT-LIGHTS/AMBIATE/N-5YC1VZC7NUZVNN
AMBIATE	AMBIATE	homedepot.com	HTTPS://WWW.HOMEDEPOT.COM/B/LIGHTING-OUTDOOR-LIGHTING-OUTDOOR-WALL-LIGHTING/AMBIATE/N-5YC1VZC7QQZVNN
AMBIATE	AMBIATE	homedepot.com	HTTPS://WWW.HOMEDEPOT.COM/B/LIGHTING-OUTDOOR-LIGHTING/AMBIATE/N-5YC1VZC7QVZVNN
AMBIATE	AMBIATE	homedepot.com	HTTPS://WWW.HOMEDEPOT.COM/B/AMBIATE/DIMMABLE/N-5YC1VZVNNZ1Z197U2
AMBIATE	AMBIATE	homedepot.com	HTTPS://WWW.HOMEDEPOT.COM/B/LIGHTING/AMBIATE/INDOOR/N-5YC1VZBVN5ZVNNZ1Z17LGM
AMBIATE	AMBIATE	homedepot.com	HTTPS://WWW.HOMEDEPOT.COM/B/AMBIATE/2/N-5YC1VZVNNZ1Z18NUU
AMBIATE	AMBIATE	homedepot.com	HTTPS://WWW.HOMEDEPOT.COM/B/LIGHTING-OUTDOOR-LIGHTING-OUTDOOR-WALL-LIGHTING/AMBIATE/1-LIGHT/N-5YC1VZC7QQZVNNZ1Z17X81
AMBIATE	AMBIATE	homedepot.com	HTTPS://WWW.HOMEDEPOT.COM/B/LIGHTING-OUTDOOR-LIGHTING-OUTDOOR-WALL-LIGHTING-OUTDOOR-SCONCES/AMBIATE/N-5YC1VZCDPUZVNN
AMCONSERVATIONGROUP	AMCONSERVATIONGROUP	homedepot.com	HTTPS://WWW.HOMEDEPOT.COM/B/PLUMBING-PLUMBING-PARTS-FAUCET-PARTS-FAUCET-AERATORS/AM-CONSERVATION-GROUP/N-5YC1VZCF5LZEUM
AMCONSERVATIONGROUP	AMCONSERVATIONGROUP	homedepot.com	HTTPS://WWW.HOMEDEPOT.COM/B/BATH-BATHROOM-FAUCETS/AM-CONSERVATION-GROUP/N-5YC1VZBREOZEUM
AMCONSERVATIONGROUP	AMCONSERVATIONGROUP	homedepot.com	HTTPS://WWW.HOMEDEPOT.COM/B/AM-CONSERVATION-GROUP/ALL-BRANDS/N-5YC1VZEUMZ1Z12ZXK
AMCREST	AMCREST	homedepot.com	HTTPS://WWW.HOMEDEPOT.COM/B/ELECTRICAL-HOME-SECURITY-VIDEO-SURVEILLANCE-SECURITY-CAMERAS/AMCREST/N-5YC1VZC20VZEZM
AMCREST	AMCREST	homedepot.com	HTTPS://WWW.HOMEDEPOT.COM/B/ELECTRICAL-HOME-SECURITY-VIDEO-SURVEILLANCE-SECURITY-CAMERA-SYSTEMS/AMCREST/N-5YC1VZC1XVZEZM
AMDRO	AMDRO	homedepot.com	HTTPS://WWW.HOMEDEPOT.COM/B/OUTDOORS-GARDEN-CENTER-PEST-CONTROL/AMDRO/N-5YC1VZBX4WZ3S
AMDRO	AMDRO	homedepot.com	HTTPS://WWW.HOMEDEPOT.COM/B/AMDRO/N-5YC1VZ3S
AMERCAREROYAL	AMERCAREROYAL	homedepot.com	HTTPS://WWW.HOMEDEPOT.COM/B/AMERCAREROYAL/N-5YC1VZRB2
AMERCOOK	AMERCOOK	homedepot.com	HTTPS://WWW.HOMEDEPOT.COM/B/KITCHEN-KITCHENWARE-COOKWARE/AMERCOOK/N-5YC1VZC7G9ZQ7T
AMERCOOK	AMERCOOK	homedepot.com	HTTPS://WWW.HOMEDEPOT.COM/B/AMERCOOK/COOKWARE-SET/N-5YC1VZQ7TZ1Z0M0XK
AMERCOOK	AMERCOOK	homedepot.com	HTTPS://WWW.HOMEDEPOT.COM/B/KITCHEN-KITCHENWARE-BAKEWARE/AMERCOOK/N-5YC1VZAR82ZQ7T
AMERCOOK	AMERCOOK	homedepot.com	HTTPS://WWW.HOMEDEPOT.COM/B/KITCHEN-KITCHENWARE-COOKWARE-STOVETOP-PRESSURE-COOKERS/AMERCOOK/N-5YC1VZC7GKZQ7T
AMERCOOK	AMERCOOK	homedepot.com	HTTPS://WWW.HOMEDEPOT.COM/B/AMERCOOK/N-5YC1VZQ7T?NAO=12
AMERCOOK	AMERCOOK	homedepot.com	HTTPS://WWW.HOMEDEPOT.COM/B/KITCHEN-KITCHENWARE-BAKEWARE-BAKING-SUPPLIES/AMERCOOK/N-5YC1VZC7GHZQ7T
AMERCOOK	AMERCOOK	homedepot.com	HTTPS://WWW.HOMEDEPOT.COM/B/AMERCOOK/RECTANGLE/N-5YC1VZQ7TZ1Z0M8T6
AMERCOOK	AMERCOOK	homedepot.com	HTTPS://WWW.HOMEDEPOT.COM/B/KITCHEN-KITCHENWARE-COOKWARE-GRILL-PANS/AMERCOOK/N-5YC1VZC7G0ZQ7T
AMERELLE	AMERELLE	homedepot.com	HTTPS://WWW.HOMEDEPOT.COM/B/ELECTRICAL-WALL-PLATES-LIGHT-SWITCH-PLATES/AMERELLE/N-5YC1VZC6QZZREO
AMERELLE	AMERELLE	homedepot.com	HTTPS://WWW.HOMEDEPOT.COM/B/AMERELLE/N-5YC1VZ4Y
AMERELLE	AMERELLE	homedepot.com	HTTPS://WWW.HOMEDEPOT.COM/B/ELECTRICAL-WALL-PLATES/AMERELLE/N-5YC1VZBM8MZREO
AMERELLE	AMERELLE	homedepot.com	HTTPS://WWW.HOMEDEPOT.COM/B/ELECTRICAL-WALL-PLATES-OUTLET-WALL-PLATES/AMERELLE/N-5YC1VZC6R0ZREO
AMERELLE	AMERELLE	homedepot.com	HTTPS://WWW.HOMEDEPOT.COM/B/ELECTRICAL/AMERELLE/N-5YC1VZARCDZREO
AMEREX	AMEREX	homedepot.com	HTTPS://WWW.HOMEDEPOT.COM/B/ELECTRICAL-FIRE-SAFETY-FIRE-EXTINGUISHERS/AMEREX/N-5YC1VZBMGPZU55
AMERICANAGRILLS	AMERICANAGRILLS	homedepot.com	HTTPS://WWW.HOMEDEPOT.COM/B/OUTDOORS-OUTDOOR-COOKING-GRILLS/AMERICANA-GRILLS/N-5YC1VZBXAZZZKX
AMERICANARTDECOR	AMERICANARTDECOR	homedepot.com	HTTPS://WWW.HOMEDEPOT.COM/B/AMERICAN-ART-DECOR/N-5YC1VZOS8
AMERICANATELIER	AMERICANATELIER	homedepot.com	HTTPS://WWW.HOMEDEPOT.COM/B/AMERICAN-ATELIER/N-5YC1VZHGN
AMERICANBATHFACTORY	AMERICANBATHFACTORY	homedepot.com	HTTPS://WWW.HOMEDEPOT.COM/B/AMERICAN-BATH-FACTORY/N-5YC1VZHRL
AMERICANBATHFACTORY	AMERICANBATHFACTORY	homedepot.com	HTTPS://WWW.HOMEDEPOT.COM/B/BATH-SHOWERS-SHOWER-STALLS-KITS/AMERICAN-BATH-FACTORY/N-5YC1VZBZA7ZHRL
AMERICANBATHFACTORY	AMERICANBATHFACTORY	homedepot.com	HTTPS://WWW.HOMEDEPOT.COM/B/BATH-BATHTUBS/AMERICAN-BATH-FACTORY/N-5YC1VZBZB7ZHRL
AMERICANBATHFACTORY	AMERICANBATHFACTORY	homedepot.com	HTTPS://WWW.HOMEDEPOT.COM/B/BATH/AMERICAN-BATH-FACTORY/N-5YC1VZBZB3ZHRL
AMERICANBATHFACTORY	AMERICANBATHFACTORY	homedepot.com	HTTPS://WWW.HOMEDEPOT.COM/B/BATH-SHOWERS/AMERICAN-BATH-FACTORY/N-5YC1VZBZCDZHRL
AMERICANBATHFACTORY	AMERICANBATHFACTORY	homedepot.com	HTTPS://WWW.HOMEDEPOT.COM/B/BATH-BATHTUBS/AMERICAN-BATH-FACTORY/DRAIN/N-5YC1VZBZB7ZHRLZ1Z0U1TE
AMERICANBATHFACTORY	AMERICANBATHFACTORY	homedepot.com	HTTPS://WWW.HOMEDEPOT.COM/B/BATH-SHOWERS-SHOWER-DOOR-PARTS/AMERICAN-BATH-FACTORY/N-5YC1VZCE76ZHRL
AMERICANBRASS	AMERICANBRASS	homedepot.com	HTTPS://WWW.HOMEDEPOT.COM/B/AMERICAN-BRASS/N-5YC1VZQK6
AMERICANBRASS	AMERICANBRASS	homedepot.com	HTTPS://WWW.HOMEDEPOT.COM/B/AMERICAN-BRASS/FITMENT/N-5YC1VZQK6Z1Z18GK5
AMERICANBUILTPRO	AMERICANBUILTPRO	homedepot.com	HTTPS://WWW.HOMEDEPOT.COM/B/AMERICAN-BUILT-PRO/N-5YC1VZVNH
AMERICANBUILTPRO	AMERICANBUILTPRO	homedepot.com	HTTPS://WWW.HOMEDEPOT.COM/B/HEATING-VENTING-COOLING/AMERICAN-BUILT-PRO/N-5YC1VZC4K8ZVNH
AMERICANBUILTPRO	AMERICANBUILTPRO	homedepot.com	HTTPS://WWW.HOMEDEPOT.COM/B/PLUMBING/AMERICAN-BUILT-PRO/N-5YC1VZBQEWZVNH
AMERICANCRAFTSMAN	AMERICANCRAFTSMAN	homedepot.com	HTTPS://WWW.HOMEDEPOT.COM/B/DOORS-WINDOWS-WINDOWS/AMERICAN-CRAFTSMAN/N-5YC1VZAQ1WZASO
AMERICANCRAFTSMAN	AMERICANCRAFTSMAN	homedepot.com	HTTPS://WWW.HOMEDEPOT.COM/B/AMERICAN-CRAFTSMAN/N-5YC1VZASO
AMERICANCRAFTSMAN	AMERICANCRAFTSMAN	homedepot.com	HTTPS://WWW.HOMEDEPOT.COM/B/HARDWARE/AMERICAN-CRAFTSMAN/N-5YC1VZC21MZASO
AMERICANCRAFTSMAN	AMERICANCRAFTSMAN	homedepot.com	HTTPS://WWW.HOMEDEPOT.COM/B/LIGHTING-OUTDOOR-LIGHTING/AMERICAN-CRAFTSMAN/N-5YC1VZC7QVZASO
AMERICANFIREGLASS	AMERICANFIREGLASS	homedepot.com	HTTPS://WWW.HOMEDEPOT.COM/B/AMERICAN-FIRE-GLASS/N-5YC1VZM8L
AMERICANFLAT	AMERICANFLAT	homedepot.com	HTTPS://WWW.HOMEDEPOT.COM/B/AMERICANFLAT/N-5YC1VZE0S
AMERICANFLUORESCENT	AMERICANFLUORESCENT	homedepot.com	HTTPS://WWW.HOMEDEPOT.COM/B/LIGHTING/AMERICAN-FLUORESCENT/N-5YC1VZBVN5Z2XW
AMERICANFLUORESCENT	AMERICANFLUORESCENT	homedepot.com	HTTPS://WWW.HOMEDEPOT.COM/B/LIGHTING-FLUSH-MOUNT-LIGHTS/AMERICAN-FLUORESCENT/N-5YC1VZ2XWZC7NK
AMERICANFLUORESCENT	AMERICANFLUORESCENT	homedepot.com	HTTPS://WWW.HOMEDEPOT.COM/B/AMERICAN-FLUORESCENT/N-5YC1VZ2XW
AMERICANFORGEANDFOUNDRY	AMERICANFORGEANDFOUNDRY	homedepot.com	HTTPS://WWW.HOMEDEPOT.COM/B/AMERICAN-FORGE-AND-FOUNDRY/N-5YC1VZZI8
AMERICANFORGEFOUNDRY	AMERICANFORGEFOUNDRY	homedepot.com	HTTPS://WWW.HOMEDEPOT.COM/B/AMERICAN-FORGE-FOUNDRY/N-5YC1VZFWJ
AMERICANFORGEFOUNDRY	AMERICANFORGEFOUNDRY	homedepot.com	HTTPS://WWW.HOMEDEPOT.COM/B/GARAGE-AUTOMOTIVE-SHOP-EQUIPMENT/AMERICAN-FORGE-FOUNDRY/N-5YC1VZC8MRZFWJ
AMERICANFORGEFOUNDRY	AMERICANFORGEFOUNDRY	homedepot.com	HTTPS://WWW.HOMEDEPOT.COM/B/HIGHLY-RATED/AMERICAN-FORGE-FOUNDRY/N-5YC1VZFWJZBWO5O
AMERICANFURNITURECLASSICS	AMERICANFURNITURECLASSICS	homedepot.com	HTTPS://WWW.HOMEDEPOT.COM/B/AMERICAN-FURNITURE-CLASSICS/N-5YC1VZBJ0
AMERICANFURNITURECLASSICS	AMERICANFURNITURECLASSICS	homedepot.com	HTTPS://WWW.HOMEDEPOT.COM/B/FURNITURE-LIVING-ROOM-FURNITURE/AMERICAN-FURNITURE-CLASSICS/N-5YC1VZC7P3ZBJ0
AMERICANFURNITURECLASSICS	AMERICANFURNITURECLASSICS	homedepot.com	HTTPS://WWW.HOMEDEPOT.COM/B/OUTDOORS-PATIO-FURNITURE/AMERICAN-FURNITURE-CLASSICS/N-5YC1VZBX4OZBJ0
AMERICANFURNITURECLASSICS	AMERICANFURNITURECLASSICS	homedepot.com	HTTPS://WWW.HOMEDEPOT.COM/B/FURNITURE-LIVING-ROOM-FURNITURE-SOFAS-COUCHES/AMERICAN-FURNITURE-CLASSICS/N-5YC1VZC7OYZBJ0
AMERICANFURNITURECLASSICS	AMERICANFURNITURECLASSICS	homedepot.com	HTTPS://WWW.HOMEDEPOT.COM/B/FURNITURE-LIVING-ROOM-FURNITURE-CHAIRS/AMERICAN-FURNITURE-CLASSICS/N-5YC1VZC7PYZBJ0
AMERICANGRANBY	AMERICANGRANBY	homedepot.com	HTTPS://WWW.HOMEDEPOT.COM/B/AMERICAN-GRANBY-INC/N-5YC1VZMQU
AMERICANGREENTRAVEL	AMERICANGREENTRAVEL	homedepot.com	HTTPS://WWW.HOMEDEPOT.COM/B/AMERICAN-GREEN-TRAVEL/N-5YC1VZN1X
AMERICANGREENTRAVEL	AMERICANGREENTRAVEL	homedepot.com	HTTPS://WWW.HOMEDEPOT.COM/B/HOME-DECOR-LUGGAGE/AMERICAN-GREEN-TRAVEL/N-5YC1VZC419ZN1X
AMERICANHARDWOODINDUSTRIES	AMERICANHARDWOODINDUSTRIES	homedepot.com	HTTPS://WWW.HOMEDEPOT.COM/B/KITCHEN-COUNTERTOPS/AMERICAN-HARDWOOD-INDUSTRIES/N-5YC1VZBMF2Z10RN
AMERICANHERITAGEBILLIARDS	AMERICANHERITAGEBILLIARDS	homedepot.com	HTTPS://WWW.HOMEDEPOT.COM/B/AMERICAN-HERITAGE-BILLIARDS/21/N-5YC1VZDLQZ1Z107KJ
AMERICANHOMECOLLECTION	AMERICANHOMECOLLECTION	homedepot.com	HTTPS://WWW.HOMEDEPOT.COM/B/AMERICAN-HOME-COLLECTION/N-5YC1VZGVP
AMERICANHOMECOLLECTION	AMERICANHOMECOLLECTION	homedepot.com	HTTPS://WWW.HOMEDEPOT.COM/B/DECOR-HOME-ACCENTS-HOME-ACCESSORIES/AMERICAN-HOME-COLLECTION/N-5YC1VZCF9NZGVP
AMERICANHOMECOLLECTION	AMERICANHOMECOLLECTION	homedepot.com	HTTPS://WWW.HOMEDEPOT.COM/B/HOME-DECOR-HOME-ACCENTS/AMERICAN-HOME-COLLECTION/N-5YC1VZAR58ZGVP
AMERICANHUNTER	AMERICANHUNTER	homedepot.com	HTTPS://WWW.HOMEDEPOT.COM/B/SPORTS-OUTDOORS-HUNTING-GEAR/AMERICAN-HUNTER/N-5YC1VZC40TZEFQ
AMERICANHYDROSYSTEMS	AMERICANHYDROSYSTEMS	homedepot.com	HTTPS://WWW.HOMEDEPOT.COM/B/AMERICAN-HYDRO-SYSTEMS/N-5YC1VZNS9
AMERICANHYDROSYSTEMS	AMERICANHYDROSYSTEMS	homedepot.com	HTTPS://WWW.HOMEDEPOT.COM/B/OUTDOORS-GARDEN-CENTER/AMERICAN-HYDRO-SYSTEMS/N-5YC1VZBX6KZNS9
AMERICANHYDROSYSTEMS	AMERICANHYDROSYSTEMS	homedepot.com	HTTPS://WWW.HOMEDEPOT.COM/B/OUTDOORS-GARDEN-CENTER-WATERING-IRRIGATION/AMERICAN-HYDRO-SYSTEMS/N-5YC1VZBX5OZNS9
AMERICANHYDROSYSTEMS	AMERICANHYDROSYSTEMS	homedepot.com	HTTPS://WWW.HOMEDEPOT.COM/B/AMERICAN-HYDRO-SYSTEMS/ACCESSORY/N-5YC1VZNS9Z1Z0RXI1
AMERICANHYDROSYSTEMS	AMERICANHYDROSYSTEMS	homedepot.com	HTTPS://WWW.HOMEDEPOT.COM/B/OUTDOORS-GARDEN-CENTER-PEST-CONTROL-LAWN-INSECT-PEST-CONTROL/AMERICAN-HYDRO-SYSTEMS/N-5YC1VZCALIZNS9
AMERICANHYDROSYSTEMS	AMERICANHYDROSYSTEMS	homedepot.com	HTTPS://WWW.HOMEDEPOT.COM/B/OUTDOORS-GARDEN-CENTER-WATERING-IRRIGATION-SPRINKLER-REPAIR/AMERICAN-HYDRO-SYSTEMS/N-5YC1VZBX4YZNS9
AMERICANHYDROSYSTEMS	AMERICANHYDROSYSTEMS	homedepot.com	HTTPS://WWW.HOMEDEPOT.COM/B/OUTDOORS-GARDEN-CENTER-LAWN-CARE-LAWN-FERTILIZERS-LIQUID-FERTILIZER/AMERICAN-HYDRO-SYSTEMS/N-5YC1VZBX6GZNS9
AMERICANIMAGINATIONS	AMERICANIMAGINATIONS	homedepot.com	HTTPS://WWW.HOMEDEPOT.COM/B/BATH-BATHROOM-FAUCETS-SHOWER-SYSTEMS/AMERICAN-IMAGINATIONS/N-5YC1VZCD03ZDJJ
AMERICANKENNELCLUB	AMERICANKENNELCLUB	homedepot.com	HTTPS://WWW.HOMEDEPOT.COM/B/AMERICAN-KENNEL-CLUB/N-5YC1VZ8ML
AMERICANLAWNMOWERCOMPANY	AMERICANLAWNMOWERCOMPANY	homedepot.com	HTTPS://WWW.HOMEDEPOT.COM/B/OUTDOORS-OUTDOOR-POWER-EQUIPMENT-LAWN-MOWERS/AMERICAN-LAWN-MOWER-COMPANY/N-5YC1VZC5ARZMYY
AMERICANLAWNMOWERCOMPANY	AMERICANLAWNMOWERCOMPANY	homedepot.com	HTTPS://WWW.HOMEDEPOT.COM/B/OUTDOORS-OUTDOOR-POWER-EQUIPMENT-LAWN-MOWERS-REEL-LAWN-MOWERS/AMERICAN-LAWN-MOWER-COMPANY/N-5YC1VZC5AVZMYY
AMERICANLAWNMOWERCOMPANY	AMERICANLAWNMOWERCOMPANY	homedepot.com	HTTPS://WWW.HOMEDEPOT.COM/B/AMERICAN-LAWN-MOWER-COMPANY/N-5YC1VZMYY
AMERICANLAWNMOWERCOMPANY	AMERICANLAWNMOWERCOMPANY	homedepot.com	HTTPS://WWW.HOMEDEPOT.COM/B/OUTDOORS/AMERICAN-LAWN-MOWER-COMPANY/N-5YC1VZBX82ZMYY
AMERICANLIFTING	AMERICANLIFTING	homedepot.com	HTTPS://WWW.HOMEDEPOT.COM/B/AMERICAN-LIFTING/N-5YC1VZZPA
AMERICANLINE	AMERICANLINE	homedepot.com	HTTPS://WWW.HOMEDEPOT.COM/B/TOOLS-HAND-TOOLS-KNIVES-BLADES/AMERICAN-LINE/N-5YC1VZC21PZ56
AMERICANLIVING	AMERICANLIVING	homedepot.com	HTTPS://WWW.HOMEDEPOT.COM/B/AMERICAN-LIVING/N-5YC1VZ10E4
AMERICANLOCK	AMERICANLOCK	homedepot.com	HTTPS://WWW.HOMEDEPOT.COM/B/TOOLS-SAFETY-SECURITY-PADLOCKS/AMERICAN-LOCK/N-5YC1VZC23AZ58
AMERICANMERCANTILE	AMERICANMERCANTILE	homedepot.com	HTTPS://WWW.HOMEDEPOT.COM/B/AMERICAN-MERCANTILE/WHITE/N-5YC1VZSN0Z1Z17Z2B
AMERICANMERCANTILE	AMERICANMERCANTILE	homedepot.com	HTTPS://WWW.HOMEDEPOT.COM/B/HOME-DECOR-HOME-ACCENTS/AMERICAN-MERCANTILE/N-5YC1VZAR58ZHT0
AMERICANMERCANTILE	AMERICANMERCANTILE	homedepot.com	HTTPS://WWW.HOMEDEPOT.COM/B/AMERICAN-MERCANTILE/N-5YC1VZHT0
AMERICANMERCANTILE	AMERICANMERCANTILE	homedepot.com	HTTPS://WWW.HOMEDEPOT.COM/B/AMERICAN-MERCANTILE/BROWN/N-5YC1VZHT0Z1Z17Z37
AMERICANMETALPRODUCTS	AMERICANMETALPRODUCTS	homedepot.com	HTTPS://WWW.HOMEDEPOT.COM/B/AMERICAN-METAL-PRODUCTS/N-5YC1VZ59
AMERICANMETALPRODUCTS	AMERICANMETALPRODUCTS	homedepot.com	HTTPS://WWW.HOMEDEPOT.COM/B/HEATING-VENTING-COOLING/AMERICAN-METAL-PRODUCTS/N-5YC1VZC4K8Z59
AMERICANMETALPRODUCTS	AMERICANMETALPRODUCTS	homedepot.com	HTTPS://WWW.HOMEDEPOT.COM/B/HEATING-VENTING-COOLING-HVAC-SUPPLIES/AMERICAN-METAL-PRODUCTS/N-5YC1VZC4NLZ59
AMERICANMODIFIED	AMERICANMODIFIED	homedepot.com	HTTPS://WWW.HOMEDEPOT.COM/B/AMERICAN-MODIFIED/N-5YC1VZYX2
AMERICANMODIFIED	AMERICANMODIFIED	homedepot.com	HTTPS://WWW.HOMEDEPOT.COM/B/GARAGE-AUTOMOTIVE-AUTO-PARTS/AMERICAN-MODIFIED/N-5YC1VZC8SSZYX2
AMERICANPLUMBER	AMERICANPLUMBER	homedepot.com	HTTPS://WWW.HOMEDEPOT.COM/B/AMERICAN-PLUMBER/N-5YC1VZFOE
AMERICANPLUMBER	AMERICANPLUMBER	homedepot.com	HTTPS://WWW.HOMEDEPOT.COM/B/PLUMBING-WATER-FILTERS/AMERICAN-PLUMBER/N-5YC1VZARMZZFOE
AMERICANPLUMBER	AMERICANPLUMBER	homedepot.com	HTTPS://WWW.HOMEDEPOT.COM/B/PLUMBING/AMERICAN-PLUMBER/N-5YC1VZBQEWZFOE
AMERICANPOWERPULL	AMERICANPOWERPULL	homedepot.com	HTTPS://WWW.HOMEDEPOT.COM/B/AMERICAN-POWER-PULL/N-5YC1VZZGK
AMERICANPRODECOR	AMERICANPRODECOR	homedepot.com	HTTPS://WWW.HOMEDEPOT.COM/B/AMERICAN-PRO-DECOR/N-5YC1VZBX5
AMERICANPRODECOR	AMERICANPRODECOR	homedepot.com	HTTPS://WWW.HOMEDEPOT.COM/B/BUILDING-MATERIALS-MOULDING-MILLWORK/AMERICAN-PRO-DECOR/N-5YC1VZAQ4YZBX5
AMERICANPRODECOR	AMERICANPRODECOR	homedepot.com	HTTPS://WWW.HOMEDEPOT.COM/B/BUILDING-MATERIALS/AMERICAN-PRO-DECOR/N-5YC1VZAQNSZBX5
AMERICANPRODECOR	AMERICANPRODECOR	homedepot.com	HTTPS://WWW.HOMEDEPOT.COM/B/BUILDING-MATERIALS-MOULDING-MILLWORK-MOULDING/AMERICAN-PRO-DECOR/N-5YC1VZARA1ZBX5
AMERICANPRODECOR	AMERICANPRODECOR	homedepot.com	HTTPS://WWW.HOMEDEPOT.COM/B/BUILDING-MATERIALS-MOULDING-MILLWORK-MOULDING-CROWN-MOULDING/AMERICAN-PRO-DECOR/N-5YC1VZCBJIZBX5
AMERICANPRODECOR	AMERICANPRODECOR	homedepot.com	HTTPS://WWW.HOMEDEPOT.COM/B/LUMBER-COMPOSITES/AMERICAN-PRO-DECOR/N-5YC1VZBQPGZBX5
AMERICANPRODECOR	AMERICANPRODECOR	homedepot.com	HTTPS://WWW.HOMEDEPOT.COM/B/BUILDING-MATERIALS-MOULDING-MILLWORK-FAUX-WOOD-BEAMS-MOULDINGS/AMERICAN-PRO-DECOR/N-5YC1VZC1MJZBX5
AMERICANPRODECOR	AMERICANPRODECOR	homedepot.com	HTTPS://WWW.HOMEDEPOT.COM/B/HOME-DECOR/AMERICAN-PRO-DECOR/N-5YC1VZAS6PZBX5
AMERICANPRODECOR	AMERICANPRODECOR	homedepot.com	HTTPS://WWW.HOMEDEPOT.COM/B/BUILDING-MATERIALS-MOULDING-MILLWORK-MOULDING-BASEBOARD/AMERICAN-PRO-DECOR/N-5YC1VZCBJPZBX5
AMERICANRUGCRAFTSMEN	AMERICANRUGCRAFTSMEN	homedepot.com	HTTPS://WWW.HOMEDEPOT.COM/B/FLOORING-RUGS/AMERICAN-RUG-CRAFTSMEN/N-5YC1VZARFMZEC0
AMERICANRUGCRAFTSMEN	AMERICANRUGCRAFTSMEN	homedepot.com	HTTPS://WWW.HOMEDEPOT.COM/B/FLOORING-RUGS-AREA-RUGS/AMERICAN-RUG-CRAFTSMEN/N-5YC1VZARJGZEC0
AMERICANRUGCRAFTSMEN	AMERICANRUGCRAFTSMEN	homedepot.com	HTTPS://WWW.HOMEDEPOT.COM/B/AMERICAN-RUG-CRAFTSMEN/5-X-8/N-5YC1VZEC0Z1Z0VK9R
AMERICANSLIDESTOP	AMERICANSLIDESTOP	homedepot.com	HTTPS://WWW.HOMEDEPOT.COM/B/FLOORING-RUGS-RUG-PADS/AMERICAN-SLIDE-STOP/N-5YC1VZB8E0Z995
AMERICANSLIDESTOP	AMERICANSLIDESTOP	homedepot.com	HTTPS://WWW.HOMEDEPOT.COM/B/AMERICAN-SLIDE-STOP/N-5YC1VZ995
AMERICANSOFTLINEN	AMERICANSOFTLINEN	homedepot.com	HTTPS://WWW.HOMEDEPOT.COM/B/AMERICAN-SOFT-LINEN/N-5YC1VZUXF
AMERICANSOFTLINEN	AMERICANSOFTLINEN	homedepot.com	HTTPS://WWW.HOMEDEPOT.COM/B/BATH-BATH-LINENS-TOWELS/AMERICAN-SOFT-LINEN/N-5YC1VZCFVAZUXF
AMERICANSPAS	AMERICANSPAS	homedepot.com	HTTPS://WWW.HOMEDEPOT.COM/B/OUTDOORS-HOME-SPAS-HOT-TUBS/AMERICAN-SPAS/N-5YC1VZCFZ2ZDYV
AMERICANSPAS	AMERICANSPAS	homedepot.com	HTTPS://WWW.HOMEDEPOT.COM/B/AMERICAN-SPAS/N-5YC1VZDYV
AMERICANSPORTPLUS	AMERICANSPORTPLUS	homedepot.com	HTTPS://WWW.HOMEDEPOT.COM/B/HOME-DECOR-LUGGAGE-SUITCASES/AMERICAN-SPORT-PLUS/N-5YC1VZCBVSZN50
AMERICANSPORTPLUS	AMERICANSPORTPLUS	homedepot.com	HTTPS://WWW.HOMEDEPOT.COM/B/AMERICAN-SPORT-PLUS/N-5YC1VZN50
AMERICANSPORTPLUS	AMERICANSPORTPLUS	homedepot.com	HTTPS://WWW.HOMEDEPOT.COM/B/HOME-DECOR-LUGGAGE/AMERICAN-SPORT-PLUS/N-5YC1VZC419ZN50
AMERICANSTANDARD	AMERICANSTANDARD	homedepot.com	HTTPS://WWW.HOMEDEPOT.COM/B/AMERICAN-STANDARD/N-5YC1VZ5A
AMERICANSTANDARD	AMERICANSTANDARD	homedepot.com	HTTPS://WWW.HOMEDEPOT.COM/B/BATH-TOILETS/AMERICAN-STANDARD/N-5YC1VZBZBDZ5A
AMERICANTINCEILINGS	AMERICANTINCEILINGS	homedepot.com	HTTPS://WWW.HOMEDEPOT.COM/B/BUILDING-MATERIALS-CEILINGS-CEILING-TILES/AMERICAN-TIN-CEILINGS/N-5YC1VZC58LZSUU
AMERICANTINCEILINGS	AMERICANTINCEILINGS	homedepot.com	HTTPS://WWW.HOMEDEPOT.COM/B/AMERICAN-TIN-CEILINGS/N-5YC1VZSUU
AMERICANTRADITIONS	AMERICANTRADITIONS	homedepot.com	HTTPS://WWW.HOMEDEPOT.COM/B/AMERICAN-TRADITIONS/N-5YC1VZH7N
AMERICANTRADITIONS	AMERICANTRADITIONS	homedepot.com	HTTPS://WWW.HOMEDEPOT.COM/B/AMERICAN-TRADITIONS/FULL/N-5YC1VZH7NZ1Z0ZACO
AMERICANTRADITIONS	AMERICANTRADITIONS	homedepot.com	HTTPS://WWW.HOMEDEPOT.COM/B/HOME-DECOR/AMERICAN-TRADITIONS/N-5YC1VZAS6PZH7N
AMERICANTRADITIONS	AMERICANTRADITIONS	homedepot.com	HTTPS://WWW.HOMEDEPOT.COM/B/HOME-DECOR-BEDDING-QUILTS-COVERLETS/AMERICAN-TRADITIONS/N-5YC1VZC1JYZH7N
AMERICANTRAILS	AMERICANTRAILS	homedepot.com	HTTPS://WWW.HOMEDEPOT.COM/B/AMERICAN-TRAILS/N-5YC1VZHRJ
AMERICANTRAILS	AMERICANTRAILS	homedepot.com	HTTPS://WWW.HOMEDEPOT.COM/B/FURNITURE/AMERICAN-TRAILS/N-5YC1VZC7PCZHRJ
AMERICANVALVE	AMERICANVALVE	homedepot.com	HTTPS://WWW.HOMEDEPOT.COM/B/PLUMBING-VALVES/AMERICAN-VALVE/N-5YC1VZBBL6ZNBS
AMERICANWATERHEATER	AMERICANWATERHEATER	homedepot.com	HTTPS://WWW.HOMEDEPOT.COM/B/PLUMBING-WATER-HEATERS/AMERICAN-WATER-HEATER/N-5YC1VZBQLYZIJ4
AMERICANWATERHEATER	AMERICANWATERHEATER	homedepot.com	HTTPS://WWW.HOMEDEPOT.COM/B/AMERICAN-WATER-HEATER/N-5YC1VZIJ4
AMERICANWOODCRAFTERS	AMERICANWOODCRAFTERS	homedepot.com	HTTPS://WWW.HOMEDEPOT.COM/B/AMERICAN-WOODCRAFTERS/N-5YC1VZHA1
AMERICANWOODCRAFTERS	AMERICANWOODCRAFTERS	homedepot.com	HTTPS://WWW.HOMEDEPOT.COM/B/FURNITURE-BEDROOM-FURNITURE/AMERICAN-WOODCRAFTERS/N-5YC1VZC7PEZHA1
AMERICANWOODCRAFTERS	AMERICANWOODCRAFTERS	homedepot.com	HTTPS://WWW.HOMEDEPOT.COM/B/FURNITURE/AMERICAN-WOODCRAFTERS/N-5YC1VZC7PCZHA1
AMERICANWOODFIBERS	AMERICANWOODFIBERS	homedepot.com	HTTPS://WWW.HOMEDEPOT.COM/B/AMERICAN-WOOD-FIBERS/N-5YC1VZE7F
AMERICANWOODMARK	AMERICANWOODMARK	homedepot.com	HTTPS://WWW.HOMEDEPOT.COM/B/AMERICAN-WOODMARK/N-5YC1VZC15
AMERICANWOODMARK	AMERICANWOODMARK	homedepot.com	HTTPS://WWW.HOMEDEPOT.COM/B/KITCHEN-KITCHEN-CABINETS/AMERICAN-WOODMARK/N-5YC1VZAS87ZC15
AMERICANWOODMARK	AMERICANWOODMARK	homedepot.com	HTTPS://WWW.HOMEDEPOT.COM/B/KITCHEN-KITCHEN-CABINETS-KITCHEN-CABINET-SAMPLES/AMERICAN-WOODMARK/N-5YC1VZC3B4ZC15
AMERICANWOODMARK	AMERICANWOODMARK	homedepot.com	HTTPS://WWW.HOMEDEPOT.COM/B/KITCHEN-KITCHEN-CABINETS-CUSTOM-KITCHEN-CABINETS/AMERICAN-WOODMARK/N-5YC1VZ1Z18GF7ZC15
AMERICANWOODMARK	AMERICANWOODMARK	homedepot.com	HTTPS://WWW.HOMEDEPOT.COM/B/AMERICAN-WOODMARK/TRADITIONAL/N-5YC1VZC15Z1Z1BWAC
AMERICANWOODMARK	AMERICANWOODMARK	homedepot.com	HTTPS://WWW.HOMEDEPOT.COM/B/FURNITURE-KITCHEN-DINING-ROOM-FURNITURE-PANTRY-CABINETS/AMERICAN-WOODMARK/N-5YC1VZCEUHZC15
AMERICANWOODMARK	AMERICANWOODMARK	homedepot.com	HTTPS://WWW.HOMEDEPOT.COM/B/KITCHEN-KITCHEN-CABINETS/AMERICAN-WOODMARK/PLYWOOD/N-5YC1VZAS87ZC15Z1Z1C55V
AMERICANWOODMARK	AMERICANWOODMARK	homedepot.com	HTTPS://WWW.HOMEDEPOT.COM/B/KITCHEN-KITCHEN-CABINETS/AMERICAN-WOODMARK/BROWN/N-5YC1VZAS87ZC15Z1Z0VL9P
AMERICANWOODMOULDING	AMERICANWOODMOULDING	homedepot.com	HTTPS://WWW.HOMEDEPOT.COM/B/BUILDING-MATERIALS-MOULDING-MILLWORK-MOULDING/AMERICAN-WOOD-MOULDING/N-5YC1VZARA1Z93Y
AMERICANWOODMOULDING	AMERICANWOODMOULDING	homedepot.com	HTTPS://WWW.HOMEDEPOT.COM/B/AMERICAN-WOOD-MOULDING/N-5YC1VZ93Y
AMERICANWOODMOULDING	AMERICANWOODMOULDING	homedepot.com	HTTPS://WWW.HOMEDEPOT.COM/B/BUILDING-MATERIALS/AMERICAN-WOOD-MOULDING/N-5YC1VZAQNSZ93Y
AMERICANWOODMOULDING	AMERICANWOODMOULDING	homedepot.com	HTTPS://WWW.HOMEDEPOT.COM/B/BUILDING-MATERIALS-MOULDING-MILLWORK/AMERICAN-WOOD-MOULDING/N-5YC1VZAQ4YZ93Y
AMERICANWOODMOULDING	AMERICANWOODMOULDING	homedepot.com	HTTPS://WWW.HOMEDEPOT.COM/B/BUILDING-MATERIALS-MOULDING-MILLWORK-MOULDING-GENERAL-PURPOSE-MOULDING/AMERICAN-WOOD-MOULDING/N-5YC1VZCBJ5Z93Y
AMERICANWOODMOULDING	AMERICANWOODMOULDING	homedepot.com	HTTPS://WWW.HOMEDEPOT.COM/B/BUILDING-MATERIALS-MOULDING-MILLWORK-MOULDING-CROWN-MOULDING/AMERICAN-WOOD-MOULDING/N-5YC1VZCBJIZ93Y
AMERICANWOODMOULDING	AMERICANWOODMOULDING	homedepot.com	HTTPS://WWW.HOMEDEPOT.COM/B/BUILDING-MATERIALS-MOULDING-MILLWORK-MOULDING-BASEBOARD/AMERICAN-WOOD-MOULDING/N-5YC1VZCBJPZ93Y
AMERICANWOODMOULDING	AMERICANWOODMOULDING	homedepot.com	HTTPS://WWW.HOMEDEPOT.COM/B/AMERICAN-WOOD-MOULDING/WOOD/N-5YC1VZ93YZ1Z0VIR2
AMERICANWOODMOULDING	AMERICANWOODMOULDING	homedepot.com	HTTPS://WWW.HOMEDEPOT.COM/B/MOULDING-MILLWORK-MOULDING/AMERICAN-WOOD-MOULDING/N-5YC1VZARA1Z93Y
AMERIHOME	AMERIHOME	homedepot.com	HTTPS://WWW.HOMEDEPOT.COM/B/AMERIHOME/N-5YC1VZAE5
AMERIHOME	AMERIHOME	homedepot.com	HTTPS://WWW.HOMEDEPOT.COM/B/FURNITURE/AMERIHOME/N-5YC1VZC7PCZAE5
AMERIHOME	AMERIHOME	homedepot.com	HTTPS://WWW.HOMEDEPOT.COM/B/HEALTH-AND-WELLNESS/AMERIHOME/N-5YC1VZC8KLZAE5
AMERIHOME	AMERIHOME	homedepot.com	HTTPS://WWW.HOMEDEPOT.COM/B/FURNITURE-ENTRYWAY-FURNITURE/AMERIHOME/N-5YC1VZC7OZZAE5
AMERIMAXHOMEPRODUCTS	AMERIMAXHOMEPRODUCTS	homedepot.com	HTTPS://WWW.HOMEDEPOT.COM/B/AMERIMAX-HOME-PRODUCTS/N-5YC1VZ2CB
AMERIMAXHOMEPRODUCTS	AMERIMAXHOMEPRODUCTS	homedepot.com	HTTPS://WWW.HOMEDEPOT.COM/B/BUILDING-MATERIALS-GUTTER-SYSTEMS/AMERIMAX-HOME-PRODUCTS/N-5YC1VZARDXZ2CB
AMERIMAXHOMEPRODUCTS	AMERIMAXHOMEPRODUCTS	homedepot.com	HTTPS://WWW.HOMEDEPOT.COM/B/BUILDING-MATERIALS/AMERIMAX-HOME-PRODUCTS/N-5YC1VZAQNSZ2CB
AMERIMAXHOMEPRODUCTS	AMERIMAXHOMEPRODUCTS	homedepot.com	HTTPS://WWW.HOMEDEPOT.COM/B/BUILDING-MATERIALS-GUTTER-SYSTEMS-GUTTER-PARTS-ACCESSORIES/AMERIMAX-HOME-PRODUCTS/N-5YC1VZBTMMZ2CB
AMERISLEEP	AMERISLEEP	homedepot.com	HTTPS://WWW.HOMEDEPOT.COM/B/FURNITURE-BEDROOM-FURNITURE-MATTRESSES/AMERISLEEP/N-5YC1VZC7OEZS98
AMERISTEP	AMERISTEP	homedepot.com	HTTPS://WWW.HOMEDEPOT.COM/B/SPORTS-OUTDOORS/AMERISTEP/N-5YC1VZC43LZLSL
AMERIVENT	AMERIVENT	homedepot.com	HTTPS://WWW.HOMEDEPOT.COM/B/HEATING-VENTING-COOLING/AMERIVENT/N-5YC1VZC4K8Z8F9
AMERIVENT	AMERIVENT	homedepot.com	HTTPS://WWW.HOMEDEPOT.COM/B/HEATING-VENTING-COOLING-FIREPLACES-FIREPLACE-ACCESSORIES-CHIMNEY-PIPE/AMERIVENT/N-5YC1VZCC2ZZ8F9
AMERIWOOD	AMERIWOOD	homedepot.com	HTTPS://WWW.HOMEDEPOT.COM/B/FURNITURE/AMERIWOOD/N-5YC1VZC7PCZE8K
AMERIWOOD	AMERIWOOD	homedepot.com	HTTPS://WWW.HOMEDEPOT.COM/B/AMERIWOOD/N-5YC1VZE8K
AMERIWOODHOME	AMERIWOODHOME	homedepot.com	HTTPS://WWW.HOMEDEPOT.COM/B/FURNITURE/AMERIWOOD-HOME/N-5YC1VZC7PCZLKA
AMERIWOODHOME	AMERIWOODHOME	homedepot.com	HTTPS://WWW.HOMEDEPOT.COM/B/AMERIWOOD-HOME/N-5YC1VZLKA
AMERIWOODHOME	AMERIWOODHOME	homedepot.com	HTTPS://WWW.HOMEDEPOT.COM/B/FURNITURE-BEDROOM-FURNITURE/AMERIWOOD-HOME/N-5YC1VZC7PEZLKA
AMERIWOODHOME	AMERIWOODHOME	homedepot.com	HTTPS://WWW.HOMEDEPOT.COM/B/FURNITURE-BEDROOM-FURNITURE-BEDS/AMERIWOOD-HOME/N-5YC1VZC7OHZLKA
AMEROCK	AMEROCK	homedepot.com	HTTPS://WWW.HOMEDEPOT.COM/B/AMEROCK/N-5YC1VZ5G
AMEROCK	AMEROCK	homedepot.com	HTTPS://WWW.HOMEDEPOT.COM/B/HARDWARE-CABINET-HARDWARE/AMEROCK/N-5YC1VZC29ZZ5G
AMEROCK	AMEROCK	homedepot.com	HTTPS://WWW.HOMEDEPOT.COM/B/HARDWARE-CABINET-HARDWARE-DRAWER-PULLS/AMEROCK/N-5YC1VZC29UZ5G
AMERRUGS	AMERRUGS	homedepot.com	HTTPS://WWW.HOMEDEPOT.COM/B/FLOORING-RUGS-AREA-RUGS/AMER-RUGS/N-5YC1VZARJGZMY7
AMERRUGS	AMERRUGS	homedepot.com	HTTPS://WWW.HOMEDEPOT.COM/B/AMER-RUGS/2-X-3/N-5YC1VZMY7Z1Z180S6
AMERRUGS	AMERRUGS	homedepot.com	HTTPS://WWW.HOMEDEPOT.COM/B/FLOORING-RUGS-AREA-RUGS/AMER-RUGS/ENTRYWAY/N-5YC1VZARJGZMY7Z1Z188UC
AMERRUGS	AMERRUGS	homedepot.com	HTTPS://WWW.HOMEDEPOT.COM/B/AMER-RUGS/ROUND/N-5YC1VZMY7Z1Z13HXG
AMFLO	AMFLO	homedepot.com	HTTPS://WWW.HOMEDEPOT.COM/B/TOOLS-AIR-COMPRESSOR-TOOLS-AIR-COMPRESSOR-PARTS-ACCESSORIES-AIR-HOSES/AMFLO/N-5YC1VZC9NNZ5BA
AMGOOD	AMGOOD	homedepot.com	HTTPS://WWW.HOMEDEPOT.COM/B/AMGOOD/N-5YC1VZV1X
AMGOOD	AMGOOD	homedepot.com	HTTPS://WWW.HOMEDEPOT.COM/B/AMGOOD/STAINLESS-STEEL/N-5YC1VZV1XZ1Z13HT8
AMGOOD	AMGOOD	homedepot.com	HTTPS://WWW.HOMEDEPOT.COM/B/PLUMBING-UTILITY-SINKS-ACCESSORIES-UTILITY-SINKS/AMGOOD/N-5YC1VZCGEUZV1X
AMICO	AMICO	homedepot.com	HTTPS://WWW.HOMEDEPOT.COM/B/LIGHTING-CEILING-FANS-CEILING-FANS-WITH-LIGHTS/AMICO/N-5YC1VZCJNUZ102W
AMICO	AMICO	homedepot.com	HTTPS://WWW.HOMEDEPOT.COM/B/LIGHTING-CEILING-FANS/AMICO/N-5YC1VZBVLQZ102W
AMISCO	AMISCO	homedepot.com	HTTPS://WWW.HOMEDEPOT.COM/B/FURNITURE-BAR-FURNITURE-BAR-STOOLS/AMISCO/N-5YC1VZC7OFZM22
AMISCO	AMISCO	homedepot.com	HTTPS://WWW.HOMEDEPOT.COM/B/FURNITURE/AMISCO/N-5YC1VZC7PCZM22
AMISCOINDUSTRIESLTD	AMISCOINDUSTRIESLTD	homedepot.com	HTTPS://WWW.HOMEDEPOT.COM/B/AMISCO-INDUSTRIES-LTD/N-5YC1VZXUS
AMISCOINDUSTRIESLTD	AMISCOINDUSTRIESLTD	homedepot.com	HTTPS://WWW.HOMEDEPOT.COM/B/FURNITURE-BAR-FURNITURE-BAR-STOOLS/AMISCO-INDUSTRIES-LTD/N-5YC1VZC7OFZH5K
AMISCOINDUSTRIESLTD	AMISCOINDUSTRIESLTD	homedepot.com	HTTPS://WWW.HOMEDEPOT.COM/B/FURNITURE-KITCHEN-DINING-ROOM-FURNITURE/AMISCO-INDUSTRIES-LTD/N-5YC1VZC7OUZH5K
AMISGLASS	AMISGLASS	homedepot.com	HTTPS://WWW.HOMEDEPOT.COM/B/AMISGLASS/RESTAURANT/N-5YC1VZU2RZ1Z1CULY
AMKA	AMKA	homedepot.com	HTTPS://WWW.HOMEDEPOT.COM/B/AMKA/N-5YC1VZN03
AMKA	AMKA	homedepot.com	HTTPS://WWW.HOMEDEPOT.COM/B/HOME-DECOR-LUGGAGE/AMKA/N-5YC1VZC419ZN03
AMKA	AMKA	homedepot.com	HTTPS://WWW.HOMEDEPOT.COM/B/HOME-DECOR-LUGGAGE-SUITCASES/AMKA/N-5YC1VZCBVSZN03
AMKA	AMKA	homedepot.com	HTTPS://WWW.HOMEDEPOT.COM/B/HOME-DECOR-LUGGAGE/AMKA/SUITCASE/N-5YC1VZC419ZN03Z1Z18VC3
AMMEX	AMMEX	homedepot.com	HTTPS://WWW.HOMEDEPOT.COM/B/AMMEX/N-5YC1VZH9Z
AMMEX	AMMEX	homedepot.com	HTTPS://WWW.HOMEDEPOT.COM/B/CLEANING-CLEANING-TOOLS-DISPOSABLE-GLOVES-NITRILE-GLOVES/AMMEX/N-5YC1VZ2FKOWH9ZH9Z
AMPLIFI	AMPLIFI	homedepot.com	HTTPS://WWW.HOMEDEPOT.COM/B/ELECTRICAL-ELECTRONICS-WIFI-NETWORKING-DEVICES/AMPLIFI/N-5YC1VZC33VZMH2
AMRADENGINEERING	AMRADENGINEERING	homedepot.com	HTTPS://WWW.HOMEDEPOT.COM/B/HEATING-VENTING-COOLING-AIR-CONDITIONERS/AMRAD-ENGINEERING/N-5YC1VZC4MEZTYP
AMRADENGINEERING	AMRADENGINEERING	homedepot.com	HTTPS://WWW.HOMEDEPOT.COM/B/HEATING-VENTING-COOLING-AIR-CONDITIONERS-AIR-CONDITIONER-SUPPLIES/AMRAD-ENGINEERING/N-5YC1VZCKAWZTYP
AMRAPUROVERSEAS	AMRAPUROVERSEAS	homedepot.com	HTTPS://WWW.HOMEDEPOT.COM/B/AMRAPUR-OVERSEAS/N-5YC1VZOGP
AMRAPUROVERSEAS	AMRAPUROVERSEAS	homedepot.com	HTTPS://WWW.HOMEDEPOT.COM/B/AMRAPUR-OVERSEAS/ADULT/N-5YC1VZOGPZ1Z17DKC
AMSAUTOMOTIVE	AMSAUTOMOTIVE	homedepot.com	HTTPS://WWW.HOMEDEPOT.COM/B/AMS-AUTOMOTIVE/VEHICLE-SPECIFIC/N-5YC1VZOR9Z1Z19016
AMSAUTOMOTIVE	AMSAUTOMOTIVE	homedepot.com	HTTPS://WWW.HOMEDEPOT.COM/B/GARAGE-AUTOMOTIVE-AUTO-PARTS-AUTO-BODY-PARTS/AMS-AUTOMOTIVE/N-5YC1VZCLA2ZOR9
AMTROL	AMTROL	homedepot.com	HTTPS://WWW.HOMEDEPOT.COM/B/AMTROL/N-5YC1VZELI
AMTROL	AMTROL	homedepot.com	HTTPS://WWW.HOMEDEPOT.COM/B/PLUMBING-WATER-HEATERS-TANK-WATER-HEATERS-WATER-HEATER-STORAGE-TANKS/AMTROL/N-5YC1VZC74QZELI
AMZCHEF	AMZCHEF	homedepot.com	HTTPS://WWW.HOMEDEPOT.COM/B/AMZCHEF/N-5YC1VZY6T
ANAGLYPTA	ANAGLYPTA	homedepot.com	HTTPS://WWW.HOMEDEPOT.COM/B/HOME-DECOR-WALLPAPER/ANAGLYPTA/N-5YC1VZBC0QZFT9
ANAGLYPTA	ANAGLYPTA	homedepot.com	HTTPS://WWW.HOMEDEPOT.COM/B/ANAGLYPTA/N-5YC1VZFT9
ANAYA	ANAYA	homedepot.com	HTTPS://WWW.HOMEDEPOT.COM/B/LIGHTING/ANAYA/N-5YC1VZBVN5Z1Z1SHKC
ANBAZAR	ANBAZAR	homedepot.com	HTTPS://WWW.HOMEDEPOT.COM/B/ANBAZAR/N-5YC1VZULM
ANBAZAR	ANBAZAR	homedepot.com	HTTPS://WWW.HOMEDEPOT.COM/B/FURNITURE-BEDROOM-FURNITURE-BEDS/ANBAZAR/N-5YC1VZC7OHZULM
ANBAZAR	ANBAZAR	homedepot.com	HTTPS://WWW.HOMEDEPOT.COM/B/FURNITURE-BEDROOM-FURNITURE-BEDS-PLATFORM-BEDS/ANBAZAR/N-5YC1VZ2FKP9K1ZULM
ANBAZAR	ANBAZAR	homedepot.com	HTTPS://WWW.HOMEDEPOT.COM/B/FURNITURE-BEDROOM-FURNITURE-NIGHTSTANDS/ANBAZAR/N-5YC1VZCEUMZULM
ANBAZAR	ANBAZAR	homedepot.com	HTTPS://WWW.HOMEDEPOT.COM/B/FURNITURE-BEDROOM-FURNITURE-DAYBEDS/ANBAZAR/N-5YC1VZCIO7ZULM
ANBAZAR	ANBAZAR	homedepot.com	HTTPS://WWW.HOMEDEPOT.COM/B/BABY-KIDS-KIDS-HOME-KIDS-FURNITURE-KIDS-BEDROOM-FURNITURE-LOFT-BEDS/ANBAZAR/N-5YC1VZ2FKP97DZULM
ANBAZAR	ANBAZAR	homedepot.com	HTTPS://WWW.HOMEDEPOT.COM/B/FURNITURE-KIDS-FURNITURE-KIDS-BEDROOM-FURNITURE-BUNK-BEDS/ANBAZAR/N-5YC1VZCIJJZULM
ANCASTERFOODEQUIPMENT	ANCASTERFOODEQUIPMENT	homedepot.com	HTTPS://WWW.HOMEDEPOT.COM/B/ANCASTER-FOOD-EQUIPMENT/N-5YC1VZSU9
ANCASTERFOODEQUIPMENT	ANCASTERFOODEQUIPMENT	homedepot.com	HTTPS://WWW.HOMEDEPOT.COM/B/ANCASTER-FOOD-EQUIPMENT/100/N-5YC1VZSU9Z1Z107MR
ANCASTERFOODEQUIPMENT	ANCASTERFOODEQUIPMENT	homedepot.com	HTTPS://WWW.HOMEDEPOT.COM/B/PLUMBING-UTILITY-SINKS-ACCESSORIES-UTILITY-SINKS/ANCASTER-FOOD-EQUIPMENT/N-5YC1VZCGEUZSU9
ANCERREDESIGNS	ANCERREDESIGNS	homedepot.com	HTTPS://WWW.HOMEDEPOT.COM/B/BATH-BATHROOM-VANITIES/ANCERRE-DESIGNS/N-5YC1VZCFV3ZFTQ
ANCERREDESIGNS	ANCERREDESIGNS	homedepot.com	HTTPS://WWW.HOMEDEPOT.COM/B/ANCERRE-DESIGNS/N-5YC1VZFTQ
ANCERREDESIGNS	ANCERREDESIGNS	homedepot.com	HTTPS://WWW.HOMEDEPOT.COM/B/BATH-BATHROOM-VANITIES-BATHROOM-VANITIES-WITH-TOPS/ANCERRE-DESIGNS/N-5YC1VZCFW5ZFTQ
ANCERREDESIGNS	ANCERREDESIGNS	homedepot.com	HTTPS://WWW.HOMEDEPOT.COM/B/BATH-BATHROOM-MIRRORS/ANCERRE-DESIGNS/N-5YC1VZBZBOZFTQ
ANCHORWIRE	ANCHORWIRE	homedepot.com	HTTPS://WWW.HOMEDEPOT.COM/B/ANCHOR-WIRE/N-5YC1VZ8A3
ANCO	ANCO	homedepot.com	HTTPS://WWW.HOMEDEPOT.COM/B/ANCO/N-5YC1VZNWC
ANCONA	ANCONA	homedepot.com	HTTPS://WWW.HOMEDEPOT.COM/B/ANCONA/N-5YC1VZFN3
ANCONA	ANCONA	homedepot.com	HTTPS://WWW.HOMEDEPOT.COM/B/APPLIANCES/ANCONA/N-5YC1VZBV1WZFN3
ANDERSEN	ANDERSEN	homedepot.com	HTTPS://WWW.HOMEDEPOT.COM/B/DOORS-WINDOWS-WINDOWS/ANDERSEN/N-5YC1VZAQ1WZ5O
ANDERSEN	ANDERSEN	homedepot.com	HTTPS://WWW.HOMEDEPOT.COM/B/DOORS-WINDOWS/ANDERSEN/N-5YC1VZAQIHZ5O
ANDERSONMETALS	ANDERSONMETALS	homedepot.com	HTTPS://WWW.HOMEDEPOT.COM/B/PLUMBING-PIPE-FITTINGS-FITTINGS-BRASS-FITTINGS/ANDERSON-METALS/N-5YC1VZ1Z18I42ZICT
ANDERSONMETALS	ANDERSONMETALS	homedepot.com	HTTPS://WWW.HOMEDEPOT.COM/B/ANDERSON-METALS/N-5YC1VZICT
ANDMAKERS	ANDMAKERS	homedepot.com	HTTPS://WWW.HOMEDEPOT.COM/B/FURNITURE/ANDMAKERS/N-5YC1VZC7PCZQNA
ANDMAKERS	ANDMAKERS	homedepot.com	HTTPS://WWW.HOMEDEPOT.COM/B/FURNITURE-LIVING-ROOM-FURNITURE/ANDMAKERS/N-5YC1VZC7P3ZQNA
ANDMAKERS	ANDMAKERS	homedepot.com	HTTPS://WWW.HOMEDEPOT.COM/B/ANDMAKERS/N-5YC1VZQNA
ANDMAKERS	ANDMAKERS	homedepot.com	HTTPS://WWW.HOMEDEPOT.COM/B/ANDMAKERS/1/N-5YC1VZQNAZ1Z0VRQ4
ANDMAKERS	ANDMAKERS	homedepot.com	HTTPS://WWW.HOMEDEPOT.COM/B/FURNITURE-LIVING-ROOM-FURNITURE-CHAIRS/ANDMAKERS/N-5YC1VZC7PYZQNA
ANDMAKERS	ANDMAKERS	homedepot.com	HTTPS://WWW.HOMEDEPOT.COM/B/OUTDOORS-PATIO-FURNITURE/ANDMAKERS/N-5YC1VZBX4OZQNA
ANDMAKERS	ANDMAKERS	homedepot.com	HTTPS://WWW.HOMEDEPOT.COM/B/FURNITURE-KITCHEN-DINING-ROOM-FURNITURE-DINING-CHAIRS/ANDMAKERS/N-5YC1VZC7P6ZQNA
ANDMAKERS	ANDMAKERS	homedepot.com	HTTPS://WWW.HOMEDEPOT.COM/B/FURNITURE-LIVING-ROOM-FURNITURE-SOFAS-COUCHES/ANDMAKERS/N-5YC1VZC7OYZQNA
ANDMAKERS	ANDMAKERS	homedepot.com	HTTPS://WWW.HOMEDEPOT.COM/B/LIGHTING/ANDMAKERS/N-5YC1VZBVN5ZQNA
ANDTE	ANDTE	homedepot.com	HTTPS://WWW.HOMEDEPOT.COM/B/ANDTE/N-5YC1VZZQ7
ANDTE	ANDTE	homedepot.com	HTTPS://WWW.HOMEDEPOT.COM/B/HEATING-VENTING-COOLING-DEHUMIDIFIERS/ANDTE/N-5YC1VZC4L8ZZQ7
ANDYSTAR	ANDYSTAR	homedepot.com	HTTPS://WWW.HOMEDEPOT.COM/B/HOME-DECOR-MIRRORS/ANDY-STAR/N-5YC1VZBVE6ZV82
ANGELSAR	ANGELSAR	homedepot.com	HTTPS://WWW.HOMEDEPOT.COM/B/FURNITURE/ANGEL-SAR/N-5YC1VZC7PCZUJO
ANGELSAR	ANGELSAR	homedepot.com	HTTPS://WWW.HOMEDEPOT.COM/B/FURNITURE-LIVING-ROOM-FURNITURE/ANGEL-SAR/N-5YC1VZC7P3ZUJO
ANGLES	ANGLES	homedepot.com	HTTPS://WWW.HOMEDEPOT.COM/B/HARDWARE-METAL-STOCK-ANGLES/N-5YC1VZ2FKOS9R
ANGRYORANGE	ANGRYORANGE	homedepot.com	HTTPS://WWW.HOMEDEPOT.COM/B/ANGRY-ORANGE/N-5YC1VZTZH
ANIMAT3D	ANIMAT3D	homedepot.com	HTTPS://WWW.HOMEDEPOT.COM/B/ANIMAT3D/N-5YC1VZVFS
ANJIMOUNTAIN	ANJIMOUNTAIN	homedepot.com	HTTPS://WWW.HOMEDEPOT.COM/B/FLOORING-RUGS-MATS/ANJI-MOUNTAIN/N-5YC1VZC9A5Z50Q
ANJIMOUNTAIN	ANJIMOUNTAIN	homedepot.com	HTTPS://WWW.HOMEDEPOT.COM/B/ANJI-MOUNTAIN/N-5YC1VZ50Q
ANJIMOUNTAIN	ANJIMOUNTAIN	homedepot.com	HTTPS://WWW.HOMEDEPOT.COM/B/FLOORING-RUGS-AREA-RUGS/ANJI-MOUNTAIN/N-5YC1VZARJGZ50Q
ANKEY	ANKEY	homedepot.com	HTTPS://WWW.HOMEDEPOT.COM/B/FURNITURE-HOME-OFFICE-FURNITURE-BOOKCASES-BOOKSHELVES/ANKEY/N-5YC1VZC7O5Z1Z1X5XG
ANLEY	ANLEY	homedepot.com	HTTPS://WWW.HOMEDEPOT.COM/B/ANLEY/N-5YC1VZOGI
ANLEY	ANLEY	homedepot.com	HTTPS://WWW.HOMEDEPOT.COM/B/OUTDOORS-GARDEN-CENTER-OUTDOOR-DECOR-FLAGS/ANLEY/N-5YC1VZC6NMZOGI
ANMUTIG	ANMUTIG	homedepot.com	HTTPS://WWW.HOMEDEPOT.COM/B/ANMUTIG/N-5YC1VZZNT
ANNALISA	ANNALISA	homedepot.com	HTTPS://WWW.HOMEDEPOT.COM/B/BATH-BATHROOM-ACCESSORIES/ANNALISA/N-5YC1VZCFVTZ1Z1R4SP
ANNINFLAGMAKERS	ANNINFLAGMAKERS	homedepot.com	HTTPS://WWW.HOMEDEPOT.COM/B/OUTDOORS-GARDEN-CENTER-OUTDOOR-DECOR-FLAGS/ANNIN-FLAGMAKERS/N-5YC1VZC6NMZAS1
ANRAJA	ANRAJA	homedepot.com	HTTPS://WWW.HOMEDEPOT.COM/B/OUTDOORS-PATIO-FURNITURE/ANRAJA/N-5YC1VZBX4OZUCU
ANSLEYAMBER	ANSLEYAMBER	homedepot.com	HTTPS://WWW.HOMEDEPOT.COM/B/FLOORING-TILE-CERAMIC-TILE/ANSLEY-AMBER/N-5YC1VZARSZZ1Z1BF0A
ANTENNASDIRECT	ANTENNASDIRECT	homedepot.com	HTTPS://WWW.HOMEDEPOT.COM/B/ELECTRICAL-ELECTRONICS-TV-HOME-THEATER-ACCESSORIES-TV-ANTENNAS/ANTENNAS-DIRECT/N-5YC1VZC64PZE89
ANTHURIUM	ANTHURIUM	homedepot.com	HTTPS://WWW.HOMEDEPOT.COM/B/OUTDOORS-GARDEN-CENTER-INDOOR-PLANTS/ANTHURIUM/N-5YC1VZC8RNZ1Z1BQ8A
ANTIQUEGOLD	ANTIQUEGOLD	homedepot.com	HTTPS://WWW.HOMEDEPOT.COM/B/HOME-DECOR/ANTIQUE-GOLD/N-5YC1VZAS6PZ1Z13FNK
ANTONINAVELLA	ANTONINAVELLA	homedepot.com	HTTPS://WWW.HOMEDEPOT.COM/B/HOME-DECOR-WALLPAPER-WALLPAPER-ROLLS/ANTONINA-VELLA/N-5YC1VZ2FKOWKWZYZX
ANTOP	ANTOP	homedepot.com	HTTPS://WWW.HOMEDEPOT.COM/B/ELECTRICAL-ELECTRONICS-TV-HOME-THEATER-ACCESSORIES-TV-ANTENNAS/ANTOP/N-5YC1VZC64PZG66
ANTOP	ANTOP	homedepot.com	HTTPS://WWW.HOMEDEPOT.COM/B/ANTOP/N-5YC1VZG66
ANTRA	ANTRA	homedepot.com	HTTPS://WWW.HOMEDEPOT.COM/B/ANTRA/N-5YC1VZGGX
ANTRA	ANTRA	homedepot.com	HTTPS://WWW.HOMEDEPOT.COM/B/TOOLS/ANTRA/N-5YC1VZC1XYZGGX
ANVILMARK	ANVILMARK	homedepot.com	HTTPS://WWW.HOMEDEPOT.COM/B/HARDWARE-DOOR-HARDWARE/ANVIL-MARK/N-5YC1VZC213ZIJP
ANVILMARK	ANVILMARK	homedepot.com	HTTPS://WWW.HOMEDEPOT.COM/B/HARDWARE-CABINET-HARDWARE/ANVIL-MARK/N-5YC1VZC29ZZIJP
ANVILMARK	ANVILMARK	homedepot.com	HTTPS://WWW.HOMEDEPOT.COM/B/HARDWARE-DOOR-HARDWARE-SLIDING-DOOR-HARDWARE/ANVIL-MARK/N-5YC1VZ2FKP34DZIJP
ANVILMARK	ANVILMARK	homedepot.com	HTTPS://WWW.HOMEDEPOT.COM/B/HARDWARE-CABINET-HARDWARE-DRAWER-PULLS/ANVIL-MARK/N-5YC1VZC29UZIJP
ANVILMARK	ANVILMARK	homedepot.com	HTTPS://WWW.HOMEDEPOT.COM/B/HARDWARE-DOOR-HARDWARE-SLIDING-DOOR-HARDWARE-SLIDING-DOOR-LOCKS/ANVIL-MARK/N-5YC1VZC6BEZIJP
ANVILMARK	ANVILMARK	homedepot.com	HTTPS://WWW.HOMEDEPOT.COM/B/HARDWARE-DOOR-HARDWARE-DOOR-SECURITY-DOOR-BOLTS/ANVIL-MARK/N-5YC1VZC6MMZIJP
ANVILMARK	ANVILMARK	homedepot.com	HTTPS://WWW.HOMEDEPOT.COM/B/HARDWARE-DOOR-HARDWARE-DOOR-SECURITY-DOOR-GUARDS/ANVIL-MARK/N-5YC1VZC7KQZIJP
ANVILMARK	ANVILMARK	homedepot.com	HTTPS://WWW.HOMEDEPOT.COM/B/HARDWARE-DOOR-HARDWARE-SLIDING-DOOR-HARDWARE-SLIDING-DOOR-HANDLES/ANVIL-MARK/N-5YC1VZ2FKP3GGZIJP
ANVILMARK	ANVILMARK	homedepot.com	HTTPS://WWW.HOMEDEPOT.COM/B/HARDWARE-DOOR-HARDWARE-CLOSET-DOOR-HARDWARE-BI-FOLD-DOOR-HARDWARE/ANVIL-MARK/N-5YC1VZC6BIZIJP
ANVILMARK	ANVILMARK	homedepot.com	HTTPS://WWW.HOMEDEPOT.COM/B/HARDWARE-FASTENERS/ANVIL-MARK/N-5YC1VZC255ZIJP
ANYWHEREFIREPLACE	ANYWHEREFIREPLACE	homedepot.com	HTTPS://WWW.HOMEDEPOT.COM/B/ANYWHERE-FIREPLACE/N-5YC1VZ7J6
ANYWHEREFIREPLACE	ANYWHEREFIREPLACE	homedepot.com	HTTPS://WWW.HOMEDEPOT.COM/B/HEATING-VENTING-COOLING-FIREPLACES/ANYWHERE-FIREPLACE/N-5YC1VZC4LBZ7J6
ANZZI	ANZZI	homedepot.com	HTTPS://WWW.HOMEDEPOT.COM/B/ANZZI/N-5YC1VZFRW
ANZZI	ANZZI	homedepot.com	HTTPS://WWW.HOMEDEPOT.COM/B/BATH-BATHROOM-FAUCETS-BATHROOM-SINK-FAUCETS/ANZZI/N-5YC1VZC8D3ZFRW
AOBOSI	AOBOSI	homedepot.com	HTTPS://WWW.HOMEDEPOT.COM/B/AOBOSI/N-5YC1VZY64
AOBOSI	AOBOSI	homedepot.com	HTTPS://WWW.HOMEDEPOT.COM/B/APPLIANCES-COOKTOPS/AOBOSI/N-5YC1VZC3OQZY64
AOIBOX	AOIBOX	homedepot.com	HTTPS://WWW.HOMEDEPOT.COM/B/AOIBOX/N-5YC1VZV72
AOIBOX	AOIBOX	homedepot.com	HTTPS://WWW.HOMEDEPOT.COM/B/APPLIANCES/AOIBOX/N-5YC1VZBV1WZV72
AOIBOX	AOIBOX	homedepot.com	HTTPS://WWW.HOMEDEPOT.COM/B/BATH-BATHROOM-VANITIES/AOIBOX/N-5YC1VZCFV3ZV72
AOIBOX	AOIBOX	homedepot.com	HTTPS://WWW.HOMEDEPOT.COM/B/KITCHEN-KITCHEN-STORAGE-ORGANIZATION/AOIBOX/N-5YC1VZAPU6ZV72
AOIBOX	AOIBOX	homedepot.com	HTTPS://WWW.HOMEDEPOT.COM/B/HEATING-VENTING-COOLING-AIR-CONDITIONERS-PORTABLE-AIR-CONDITIONERS/AOIBOX/N-5YC1VZC4M4ZV72
AOIBOX	AOIBOX	homedepot.com	HTTPS://WWW.HOMEDEPOT.COM/B/AOIBOX/BODY/N-5YC1VZV72Z1Z0LO7U
AOIFE	AOIFE	homedepot.com	HTTPS://WWW.HOMEDEPOT.COM/B/FURNITURE-BEDROOM-FURNITURE-BEDS/AOIFE/N-5YC1VZC7OHZ1Z1DUMH
AOODOR	AOODOR	homedepot.com	HTTPS://WWW.HOMEDEPOT.COM/B/OUTDOORS-PATIO-FURNITURE/AOODOR/N-5YC1VZBX4OZXZO
AOODOR	AOODOR	homedepot.com	HTTPS://WWW.HOMEDEPOT.COM/B/OUTDOORS-PATIO-FURNITURE-OUTDOOR-CUSHIONS/AOODOR/N-5YC1VZC5F3ZXZO
AOSKY	AOSKY	homedepot.com	HTTPS://WWW.HOMEDEPOT.COM/B/WINDOW-TREATMENTS-WINDOW-SHADES-ROLLER-SHADES/AOSKY/N-5YC1VZBT0WZ107Z
AOSMITH	AOSMITH	homedepot.com	HTTPS://WWW.HOMEDEPOT.COM/B/AO-SMITH/N-5YC1VZPJ6
AOSOM	AOSOM	homedepot.com	HTTPS://WWW.HOMEDEPOT.COM/B/AOSOM/N-5YC1VZSY7
AOSSPY	AOSSPY	homedepot.com	HTTPS://WWW.HOMEDEPOT.COM/B/BATH-BATHROOM-FAUCETS-SHOWER-HEADS/AOSSPY/N-5YC1VZCJOCZVM4
AOSSPY	AOSSPY	homedepot.com	HTTPS://WWW.HOMEDEPOT.COM/B/BATH-BATHROOM-FAUCETS-BATHROOM-SINK-FAUCETS-WALL-MOUNTED-FAUCETS/AOSSPY/N-5YC1VZBRG8ZVM4
AOSU	AOSU	homedepot.com	HTTPS://WWW.HOMEDEPOT.COM/B/ELECTRICAL-HOME-SECURITY-SECURITY-CAMERAS/AOSU/N-5YC1VZC20VZVGL
APACHEMILLS	APACHEMILLS	homedepot.com	HTTPS://WWW.HOMEDEPOT.COM/B/APACHE-MILLS/N-5YC1VZ2CF
APACHEMILLS	APACHEMILLS	homedepot.com	HTTPS://WWW.HOMEDEPOT.COM/B/FLOORING-RUGS-MATS/APACHE-MILLS/N-5YC1VZC9A5Z2CF
APACHEMILLS	APACHEMILLS	homedepot.com	HTTPS://WWW.HOMEDEPOT.COM/B/FLOORING-RUGS-MATS-DOOR-MATS/APACHE-MILLS/N-5YC1VZBNB0Z2CF
APACHEMILLS	APACHEMILLS	homedepot.com	HTTPS://WWW.HOMEDEPOT.COM/B/FLOORING-RUGS/APACHE-MILLS/N-5YC1VZARFMZ2CF
APDI	APDI	homedepot.com	HTTPS://WWW.HOMEDEPOT.COM/B/APDI/VEHICLE-SPECIFIC/N-5YC1VZNYDZ1Z19016
APEC	APEC	homedepot.com	HTTPS://WWW.HOMEDEPOT.COM/B/PLUMBING-WATER-FILTERS-REVERSE-OSMOSIS-WATER-FILTERS-REVERSE-OSMOSIS-FILTER-REPLACEMENTS/APEC/N-5YC1VZ2FKPC5AZ1Z1PD5O
APECASE	APECASE	homedepot.com	HTTPS://WWW.HOMEDEPOT.COM/B/APE-CASE/N-5YC1VZNMJ
APECWATERSYSTEMS	APECWATERSYSTEMS	homedepot.com	HTTPS://WWW.HOMEDEPOT.COM/B/APEC-WATER-SYSTEMS/N-5YC1VZF64
APECWATERSYSTEMS	APECWATERSYSTEMS	homedepot.com	HTTPS://WWW.HOMEDEPOT.COM/B/PLUMBING-WATER-FILTERS/APEC-WATER-SYSTEMS/N-5YC1VZARMZZF64
APEXGARDEN	APEXGARDEN	homedepot.com	HTTPS://WWW.HOMEDEPOT.COM/B/STORAGE-ORGANIZATION-OUTDOOR-STORAGE-SHADE-STRUCTURES-GAZEBOS/APEX-GARDEN/N-5YC1VZBTYAZN1D
APEXGARDEN	APEXGARDEN	homedepot.com	HTTPS://WWW.HOMEDEPOT.COM/B/APEX-GARDEN/N-5YC1VZN1D
APEXGARDEN	APEXGARDEN	homedepot.com	HTTPS://WWW.HOMEDEPOT.COM/B/STORAGE-ORGANIZATION-OUTDOOR-STORAGE-SHADE-STRUCTURES-PERGOLAS/APEX-GARDEN/N-5YC1VZBTZIZN1D
APEXGARDEN	APEXGARDEN	homedepot.com	HTTPS://WWW.HOMEDEPOT.COM/B/APEX-GARDEN/33/N-5YC1VZN1DZ1Z1086Q
APEXGARDEN	APEXGARDEN	homedepot.com	HTTPS://WWW.HOMEDEPOT.COM/B/STORAGE-ORGANIZATION-OUTDOOR-STORAGE-SHADE-STRUCTURES-CANOPIES-CANOPY-PARTS/APEX-GARDEN/N-5YC1VZCC5EZN1D
APMIR	APMIR	homedepot.com	HTTPS://WWW.HOMEDEPOT.COM/B/BATH-BATHROOM-MIRRORS-VANITY-MIRRORS/APMIR/N-5YC1VZBZASZYHZ
APOODR	APOODR	homedepot.com	HTTPS://WWW.HOMEDEPOT.COM/B/HEATING-VENTING-COOLING-MINI-SPLIT-AIR-CONDITIONERS-MINI-SPLIT-SYSTEMS/APOODR/N-5YC1VZ2FKPDFFZ10HG
APOODR	APOODR	homedepot.com	HTTPS://WWW.HOMEDEPOT.COM/B/HEATING-VENTING-COOLING-MINI-SPLIT-AIR-CONDITIONERS/APOODR/N-5YC1VZC4M1Z10HG
APPASO	APPASO	homedepot.com	HTTPS://WWW.HOMEDEPOT.COM/B/KITCHEN-KITCHEN-SINKS-UNDERMOUNT-KITCHEN-SINKS/APPASO/N-5YC1VZCGK0ZV8E
APPASO	APPASO	homedepot.com	HTTPS://WWW.HOMEDEPOT.COM/B/KITCHEN-KITCHEN-SINKS/APPASO/N-5YC1VZARSAZV8E
APPLIEDICON	APPLIEDICON	homedepot.com	HTTPS://WWW.HOMEDEPOT.COM/B/HOME-DECOR-WALL-DECOR-WALL-DECALS/APPLIED-ICON/N-5YC1VZBVCHZO8J
APPLIEDICON	APPLIEDICON	homedepot.com	HTTPS://WWW.HOMEDEPOT.COM/B/APPLIED-ICON/N-5YC1VZO8J
APPLIEDICON	APPLIEDICON	homedepot.com	HTTPS://WWW.HOMEDEPOT.COM/B/OUTDOORS-POOL-SUPPLIES-POOL-ACCESSORIES-POOL-SIGNS/APPLIED-ICON/N-5YC1VZCJOZZO8J
APPLIGHTS	APPLIGHTS	homedepot.com	HTTPS://WWW.HOMEDEPOT.COM/B/SMART-HOME-SMART-LIGHTING/APPLIGHTS/N-5YC1VZC7C8ZG6K
APPLIGHTS	APPLIGHTS	homedepot.com	HTTPS://WWW.HOMEDEPOT.COM/B/APPLIGHTS/N-5YC1VZG6K
APPLIGHTS	APPLIGHTS	homedepot.com	HTTPS://WWW.HOMEDEPOT.COM/B/HOLIDAY-DECORATIONS/APPLIGHTS/N-5YC1VZBD6EZG6K
APPLIGHTS	APPLIGHTS	homedepot.com	HTTPS://WWW.HOMEDEPOT.COM/B/HOLIDAY-DECORATIONS-CHRISTMAS-DECORATIONS-CHRISTMAS-LIGHTS/APPLIGHTS/N-5YC1VZC3TBZMBK
APPLIGHTS	APPLIGHTS	homedepot.com	HTTPS://WWW.HOMEDEPOT.COM/B/HOLIDAY-DECORATIONS-CHRISTMAS-DECORATIONS-CHRISTMAS-LIGHTS-ICICLE-LIGHTS/APPLIGHTS/N-5YC1VZC3TOZUH7
APRILAIRE	APRILAIRE	homedepot.com	HTTPS://WWW.HOMEDEPOT.COM/B/APRILAIRE/N-5YC1VZVQL
APRILAIRE	APRILAIRE	homedepot.com	HTTPS://WWW.HOMEDEPOT.COM/B/HEATING-VENTING-COOLING-AIR-FILTERS/APRILAIRE/N-5YC1VZC4KWZVQL
APTOOK	APTOOK	homedepot.com	HTTPS://WWW.HOMEDEPOT.COM/B/HEATING-VENTING-COOLING-DEHUMIDIFIERS/APTOOK/N-5YC1VZC4L8ZZK9
AQARA	AQARA	homedepot.com	HTTPS://WWW.HOMEDEPOT.COM/B/AQARA/N-5YC1VZVKV
AQUABLUE	AQUABLUE	homedepot.com	HTTPS://WWW.HOMEDEPOT.COM/B/PAINT-PAINT-COLORS/AQUA-BLUE/N-5YC1VZCAW8Z1Z12XM8
AQUACARE	AQUACARE	homedepot.com	HTTPS://WWW.HOMEDEPOT.COM/B/AQUACARE/N-5YC1VZUUY
AQUACARE	AQUACARE	homedepot.com	HTTPS://WWW.HOMEDEPOT.COM/B/BATH-BATHROOM-FAUCETS-SHOWER-HEADS/AQUACARE/N-5YC1VZCJOCZUUY
AQUACHEK	AQUACHEK	homedepot.com	HTTPS://WWW.HOMEDEPOT.COM/B/AQUACHEK/N-5YC1VZMJP
AQUACHEK	AQUACHEK	homedepot.com	HTTPS://WWW.HOMEDEPOT.COM/B/OUTDOORS-POOL-SUPPLIES/AQUACHEK/N-5YC1VZ1Z18GXCZMJP
AQUACHEM	AQUACHEM	homedepot.com	HTTPS://WWW.HOMEDEPOT.COM/B/OUTDOORS-POOL-SUPPLIES-POOL-CHEMICALS/AQUACHEM/N-5YC1VZCFYVZ79S
AQUADANCE	AQUADANCE	homedepot.com	HTTPS://WWW.HOMEDEPOT.COM/B/BATH-BATHROOM-FAUCETS-SHOWER-HEADS/AQUADANCE/N-5YC1VZCJOCZGX5
AQUADANCE	AQUADANCE	homedepot.com	HTTPS://WWW.HOMEDEPOT.COM/B/AQUADANCE/N-5YC1VZGX5
AQUAEDEN	AQUAEDEN	homedepot.com	HTTPS://WWW.HOMEDEPOT.COM/B/BATH-BATHTUBS-ALCOVE-BATHTUBS/AQUA-EDEN/N-5YC1VZCD0GZDIE
AQUAEDEN	AQUAEDEN	homedepot.com	HTTPS://WWW.HOMEDEPOT.COM/B/BATH-BATHTUBS/AQUA-EDEN/N-5YC1VZBZB7ZDIE
AQUAEDEN	AQUAEDEN	homedepot.com	HTTPS://WWW.HOMEDEPOT.COM/B/BATH-BATHTUBS-CLAWFOOT-TUBS/AQUA-EDEN/N-5YC1VZBZBRZDIE
AQUAEDEN	AQUAEDEN	homedepot.com	HTTPS://WWW.HOMEDEPOT.COM/B/BATH-BATHTUBS-FREESTANDING-TUBS/AQUA-EDEN/N-5YC1VZBZ9DZDIE
AQUAEDEN	AQUAEDEN	homedepot.com	HTTPS://WWW.HOMEDEPOT.COM/B/BATH-BATHROOM-FAUCETS/AQUA-EDEN/N-5YC1VZBREOZDIE
AQUAFLO	AQUAFLO	homedepot.com	HTTPS://WWW.HOMEDEPOT.COM/B/PLUMBING-WATER-FILTERS-REPLACEMENT-WATER-FILTERS/AQUA-FLO/N-5YC1VZ2FKP3KEZOPF
AQUAGARDEN	AQUAGARDEN	homedepot.com	HTTPS://WWW.HOMEDEPOT.COM/B/OUTDOORS-GARDEN-CENTER-PONDS-POND-ACCESSORIES/AQUAGARDEN/N-5YC1VZBX73ZOK6
AQUAGENIX	AQUAGENIX	homedepot.com	HTTPS://WWW.HOMEDEPOT.COM/B/AQUAGENIX/N-5YC1VZO7W
AQUAGENIX	AQUAGENIX	homedepot.com	HTTPS://WWW.HOMEDEPOT.COM/B/BATH-BATHROOM-FAUCETS-SHOWER-HEADS/AQUAGENIX/N-5YC1VZCJOCZO7W
AQUAGENIX	AQUAGENIX	homedepot.com	HTTPS://WWW.HOMEDEPOT.COM/B/BATH-BATHROOM-FAUCETS-SHOWER-HEADS-HANDHELD-SHOWER-HEADS/AQUAGENIX/N-5YC1VZBRDJZO7W
AQUAGENIX	AQUAGENIX	homedepot.com	HTTPS://WWW.HOMEDEPOT.COM/B/BATH-BATHROOM-FAUCETS-SHOWERHEADS/AQUAGENIX/N-5YC1VZBRDYZO7W
AQUAGLOBES	AQUAGLOBES	homedepot.com	HTTPS://WWW.HOMEDEPOT.COM/B/AQUA-GLOBES/N-5YC1VZ7IB
AQUAGLOBES	AQUAGLOBES	homedepot.com	HTTPS://WWW.HOMEDEPOT.COM/B/AQUA-GLOBES/PICK-UP-TODAY/N-5YC1VZ7IBZ1Z175A5
AQUAGUARD	AQUAGUARD	homedepot.com	HTTPS://WWW.HOMEDEPOT.COM/B/AQUAGUARD/N-5YC1VZUT7
AQUAJOE	AQUAJOE	homedepot.com	HTTPS://WWW.HOMEDEPOT.COM/B/AQUA-JOE/N-5YC1VZR6Q
AQUAJOE	AQUAJOE	homedepot.com	HTTPS://WWW.HOMEDEPOT.COM/B/OUTDOORS-GARDEN-CENTER-WATERING-IRRIGATION-WATERING-ESSENTIALS-GARDEN-HOSES/AQUA-JOE/N-5YC1VZBX4EZR6Q
AQUALEISURE	AQUALEISURE	homedepot.com	HTTPS://WWW.HOMEDEPOT.COM/B/OUTDOORS-POOL-SUPPLIES-POOL-FLOATS/AQUA-LEISURE/N-5YC1VZCFYFZRP7
AQUALEISURE	AQUALEISURE	homedepot.com	HTTPS://WWW.HOMEDEPOT.COM/B/OUTDOORS-POOL-SUPPLIES/AQUA-LEISURE/N-5YC1VZ1Z18GXCZRP7
AQUALEISURE	AQUALEISURE	homedepot.com	HTTPS://WWW.HOMEDEPOT.COM/B/AQUA-LEISURE/N-5YC1VZRP7
AQUALILYPAD	AQUALILYPAD	homedepot.com	HTTPS://WWW.HOMEDEPOT.COM/B/AQUA-LILY-PAD/N-5YC1VZT30
AQUAMARINA	AQUAMARINA	homedepot.com	HTTPS://WWW.HOMEDEPOT.COM/B/FLOORING-TILE-CERAMIC-TILE/AQUAMARINA/N-5YC1VZARSZZ1Z1UL0R
AQUAMATE	AQUAMATE	homedepot.com	HTTPS://WWW.HOMEDEPOT.COM/B/OUTDOORS-POOL-SUPPLIES-POOL-CHEMICALS/AQUAMATE/N-5YC1VZCFYVZLZZ
AQUAPHALT	AQUAPHALT	homedepot.com	HTTPS://WWW.HOMEDEPOT.COM/B/BUILDING-MATERIALS-CONCRETE-CEMENT-MASONRY-ASPHALT-REPAIR-ASPHALT-PATCH/AQUAPHALT/N-5YC1VZ2FKP5QYZFWV
AQUAPLUMB	AQUAPLUMB	homedepot.com	HTTPS://WWW.HOMEDEPOT.COM/B/AQUAPLUMB/N-5YC1VZOYM
AQUAPLUMB	AQUAPLUMB	homedepot.com	HTTPS://WWW.HOMEDEPOT.COM/B/BATH-BATHROOM-FAUCETS/AQUAPLUMB/N-5YC1VZBREOZOYM
AQUAPLUMB	AQUAPLUMB	homedepot.com	HTTPS://WWW.HOMEDEPOT.COM/B/KITCHEN-KITCHEN-FAUCETS/AQUAPLUMB/N-5YC1VZAR0KZOYM
AQUAPLUMB	AQUAPLUMB	homedepot.com	HTTPS://WWW.HOMEDEPOT.COM/B/OUTDOORS-GARDEN-CENTER-WATERING-IRRIGATION-WATERING-ESSENTIALS-GARDEN-HOSES/AQUAPLUMB/N-5YC1VZBX4EZOYM
AQUAPRO	AQUAPRO	homedepot.com	HTTPS://WWW.HOMEDEPOT.COM/B/AQUAPRO/N-5YC1VZFB3
AQUAPRO	AQUAPRO	homedepot.com	HTTPS://WWW.HOMEDEPOT.COM/B/SPORTS-OUTDOORS-WATER-SPORTS-BOAT-TUBES/AQUAPRO/N-5YC1VZC45VZFB3
AQUAPURE	AQUAPURE	homedepot.com	HTTPS://WWW.HOMEDEPOT.COM/B/PLUMBING-WATER-FILTERS/AQUAPURE/N-5YC1VZARMZZBUZ
AQUAPURE	AQUAPURE	homedepot.com	HTTPS://WWW.HOMEDEPOT.COM/B/PLUMBING-WATER-FILTERS-WHOLE-HOUSE-WATER-FILTERS-WHOLE-HOUSE-WATER-FILTER-SYSTEMS/AQUAPURE/N-5YC1VZCDBEZBUZ
AQUAPURE	AQUAPURE	homedepot.com	HTTPS://WWW.HOMEDEPOT.COM/B/AQUAPURE/N-5YC1VZBUZ
AQUAPURE	AQUAPURE	homedepot.com	HTTPS://WWW.HOMEDEPOT.COM/B/PLUMBING-WATER-FILTERS-WATER-FILTRATION-SYSTEMS/AQUAPURE/N-5YC1VZCDC0ZBUZ
AQUARESTSPAS	AQUARESTSPAS	homedepot.com	HTTPS://WWW.HOMEDEPOT.COM/B/OUTDOORS-HOME-SPAS-HOT-TUBS/AQUAREST-SPAS/N-5YC1VZCFZ2ZE48
AQUARESTSPAS	AQUARESTSPAS	homedepot.com	HTTPS://WWW.HOMEDEPOT.COM/B/AQUAREST-SPAS/N-5YC1VZE48
AQUARESTSPAS	AQUARESTSPAS	homedepot.com	HTTPS://WWW.HOMEDEPOT.COM/B/OUTDOORS-HOME-SPAS-HOT-TUBS/AQUAREST-SPAS/STANDARD/N-5YC1VZCFZ2ZE48Z1Z0LF26
AQUASAFE	AQUASAFE	homedepot.com	HTTPS://WWW.HOMEDEPOT.COM/B/AQUASAFE/N-5YC1VZT7Q
AQUASAFE	AQUASAFE	homedepot.com	HTTPS://WWW.HOMEDEPOT.COM/B/OUTDOORS-GARDEN-CENTER-LANDSCAPING-SUPPLIES/AQUASAFE/N-5YC1VZBX51ZT7Q
AQUASANA	AQUASANA	homedepot.com	HTTPS://WWW.HOMEDEPOT.COM/B/AQUASANA/N-5YC1VZCAR
AQUASANA	AQUASANA	homedepot.com	HTTPS://WWW.HOMEDEPOT.COM/B/PLUMBING-WATER-FILTERS/AQUASANA/N-5YC1VZARMZZCAR
AQUASANA	AQUASANA	homedepot.com	HTTPS://WWW.HOMEDEPOT.COM/B/PLUMBING-WATER-FILTERS-UNDER-SINK-WATER-FILTERS-UNDER-SINK-WATER-FILTER-SYSTEMS/AQUASANA/N-5YC1VZCDBGZCAR
AQUASANA	AQUASANA	homedepot.com	HTTPS://WWW.HOMEDEPOT.COM/B/PLUMBING-WATER-FILTERS-WHOLE-HOUSE-WATER-FILTERS-WHOLE-HOUSE-WATER-FILTER-SYSTEMS/AQUASANA/N-5YC1VZCDBEZCAR
AQUASENSE	AQUASENSE	homedepot.com	HTTPS://WWW.HOMEDEPOT.COM/B/AQUASENSE/N-5YC1VZOUE
AQUASHIELD	AQUASHIELD	homedepot.com	HTTPS://WWW.HOMEDEPOT.COM/B/AQUA-SHIELD/N-5YC1VZC8U
AQUASIGNAL	AQUASIGNAL	homedepot.com	HTTPS://WWW.HOMEDEPOT.COM/B/SPORTS-OUTDOORS-BOATING-BOATS-BOAT-PARTS-ACCESSORIES/AQUA-SIGNAL/N-5YC1VZC45EZT8E
AQUASIGNAL	AQUASIGNAL	homedepot.com	HTTPS://WWW.HOMEDEPOT.COM/B/AQUA-SIGNAL/N-5YC1VZT8E
AQUASIGNAL	AQUASIGNAL	homedepot.com	HTTPS://WWW.HOMEDEPOT.COM/B/SPORTS-OUTDOORS-BOATING/AQUA-SIGNAL/N-5YC1VZC45NZT8E
AQUASPA	AQUASPA	homedepot.com	HTTPS://WWW.HOMEDEPOT.COM/B/BATH-BATHROOM-FAUCETS/AQUASPA/N-5YC1VZBREOZO7U
AQUASPA	AQUASPA	homedepot.com	HTTPS://WWW.HOMEDEPOT.COM/B/AQUASPA/N-5YC1VZO7U
AQUASPA	AQUASPA	homedepot.com	HTTPS://WWW.HOMEDEPOT.COM/B/BATH-BATHROOM-FAUCETS-SHOWER-HEADS/AQUASPA/N-5YC1VZCJOCZO7U
AQUASPEC	AQUASPEC	homedepot.com	HTTPS://WWW.HOMEDEPOT.COM/B/PLUMBING-UTILITY-SINKS-ACCESSORIES/AQUASPEC/N-5YC1VZBQKNZ1Z1Z6PK
AQUASURE	AQUASURE	homedepot.com	HTTPS://WWW.HOMEDEPOT.COM/B/PLUMBING-WATER-FILTERS-WATER-SOFTENERS/AQUASURE/N-5YC1VZAQ3YZPRO
AQUASURE	AQUASURE	homedepot.com	HTTPS://WWW.HOMEDEPOT.COM/B/PLUMBING-WATER-FILTERS/AQUASURE/N-5YC1VZARMZZPRO
AQUASURE	AQUASURE	homedepot.com	HTTPS://WWW.HOMEDEPOT.COM/B/PLUMBING-WATER-FILTERS-WATER-SOFTENERS-WATER-SOFTENER-SYSTEMS/AQUASURE/N-5YC1VZC6SBZPRO
AQUASURE	AQUASURE	homedepot.com	HTTPS://WWW.HOMEDEPOT.COM/B/PLUMBING-WATER-FILTERS-WHOLE-HOUSE-WATER-FILTERS-WHOLE-HOUSE-WATER-FILTER-SYSTEMS/AQUASURE/N-5YC1VZCDBEZPRO
AQUASURE	AQUASURE	homedepot.com	HTTPS://WWW.HOMEDEPOT.COM/B/PLUMBING-WATER-FILTERS-REVERSE-OSMOSIS-WATER-FILTERS-REVERSE-OSMOSIS-SYSTEMS/AQUASURE/N-5YC1VZCDB1ZPRO
AQUASURE	AQUASURE	homedepot.com	HTTPS://WWW.HOMEDEPOT.COM/B/PLUMBING-WATER-FILTERS-WHOLE-HOUSE-WATER-FILTERS/AQUASURE/N-5YC1VZ2FKPCDBZPRO
AQUATEAK	AQUATEAK	homedepot.com	HTTPS://WWW.HOMEDEPOT.COM/B/AQUATEAK/N-5YC1VZSGP
AQUATEC	AQUATEC	homedepot.com	HTTPS://WWW.HOMEDEPOT.COM/B/AQUATEC/N-5YC1VZFAZ
AQUATEC	AQUATEC	homedepot.com	HTTPS://WWW.HOMEDEPOT.COM/B/PLUMBING-WATER-FILTERS-WATER-FILTRATION-SYSTEMS/AQUATEC/N-5YC1VZCDC0ZFAZ
AQUATIC	AQUATIC	homedepot.com	HTTPS://WWW.HOMEDEPOT.COM/B/BATH-BATHTUBS/AQUATIC/N-5YC1VZBZB7Z7T4
AQUATIC	AQUATIC	homedepot.com	HTTPS://WWW.HOMEDEPOT.COM/B/BATH/AQUATIC/N-5YC1VZBZB3Z7T4
AQUATICFUNDAMENTALS	AQUATICFUNDAMENTALS	homedepot.com	HTTPS://WWW.HOMEDEPOT.COM/B/AQUATIC-FUNDAMENTALS/N-5YC1VZZLU
AQUATOUCH	AQUATOUCH	homedepot.com	HTTPS://WWW.HOMEDEPOT.COM/B/AQUA-TOUCH/N-5YC1VZHGF
AQUATRU	AQUATRU	homedepot.com	HTTPS://WWW.HOMEDEPOT.COM/B/PLUMBING-WATER-FILTERS/AQUA-TRU/N-5YC1VZARMZZRVK
AQUATRU	AQUATRU	homedepot.com	HTTPS://WWW.HOMEDEPOT.COM/B/AQUA-TRU/N-5YC1VZRVK
AQUEDUCK	AQUEDUCK	homedepot.com	HTTPS://WWW.HOMEDEPOT.COM/B/AQUEDUCK/N-5YC1VZEG5
AQUEDUCK	AQUEDUCK	homedepot.com	HTTPS://WWW.HOMEDEPOT.COM/B/HEALTH-AND-WELLNESS-PERSONAL-CARE-APPLIANCES/AQUEDUCK/N-5YC1VZC69EZEG5
AQUVERSE	AQUVERSE	homedepot.com	HTTPS://WWW.HOMEDEPOT.COM/B/KITCHEN-WATER-DISPENSERS-PITCHERS-WATER-DISPENSER-FILTER-REPLACEMENTS/AQUVERSE/N-5YC1VZCDAKZEHP
AQUVERSE	AQUVERSE	homedepot.com	HTTPS://WWW.HOMEDEPOT.COM/B/KITCHEN-WATER-DISPENSERS-PITCHERS-WATER-DISPENSERS/AQUVERSE/N-5YC1VZCDADZEHP
ARBLUECLEAN	ARBLUECLEAN	homedepot.com	HTTPS://WWW.HOMEDEPOT.COM/B/OUTDOORS-OUTDOOR-POWER-EQUIPMENT-PRESSURE-WASHERS/AR-BLUE-CLEAN/N-5YC1VZBXBEZ9PW
ARBLUECLEAN	ARBLUECLEAN	homedepot.com	HTTPS://WWW.HOMEDEPOT.COM/B/AR-BLUE-CLEAN/N-5YC1VZ9PW
ARBOR	ARBOR	homedepot.com	HTTPS://WWW.HOMEDEPOT.COM/B/OUTDOORS-GARDEN-CENTER-OUTDOOR-DECOR-TRELLISES-ARBORS/ARBOR/N-5YC1VZCC58Z1Z0VOEY
ARBORS	ARBORS	homedepot.com	HTTPS://WWW.HOMEDEPOT.COM/B/OUTDOORS-GARDEN-CENTER-OUTDOOR-DECOR-TRELLISES-ARBORS/N-5YC1VZCC58
ARBORTECH	ARBORTECH	homedepot.com	HTTPS://WWW.HOMEDEPOT.COM/B/TOOLS/ARBORTECH/N-5YC1VZC1XYZB51
ARBTEAKANDSPECIALTIES	ARBTEAKANDSPECIALTIES	homedepot.com	HTTPS://WWW.HOMEDEPOT.COM/B/ARB-TEAK-AND-SPECIALTIES/N-5YC1VZMBO
ARBTEAKANDSPECIALTIES	ARBTEAKANDSPECIALTIES	homedepot.com	HTTPS://WWW.HOMEDEPOT.COM/B/OUTDOORS/ARB-TEAK-AND-SPECIALTIES/N-5YC1VZBX82ZMBO
ARBTEAKSPECIALTIES	ARBTEAKSPECIALTIES	homedepot.com	HTTPS://WWW.HOMEDEPOT.COM/B/ARB-TEAK-SPECIALTIES/N-5YC1VZC52
ARCADE1UP	ARCADE1UP	homedepot.com	HTTPS://WWW.HOMEDEPOT.COM/B/ARCADE1UP/N-5YC1VZNNW
ARCADIAGARDENPRODUCTS	ARCADIAGARDENPRODUCTS	homedepot.com	HTTPS://WWW.HOMEDEPOT.COM/B/ARCADIA-GARDEN-PRODUCTS/N-5YC1VZF8L
ARCADIAGARDENPRODUCTS	ARCADIAGARDENPRODUCTS	homedepot.com	HTTPS://WWW.HOMEDEPOT.COM/B/OUTDOORS-GARDEN-CENTER-PLANTERS-PLANT-POTS/ARCADIA-GARDEN-PRODUCTS/N-5YC1VZBX87ZF8L
ARCADIAGARDENPRODUCTS	ARCADIAGARDENPRODUCTS	homedepot.com	HTTPS://WWW.HOMEDEPOT.COM/B/OUTDOORS-GARDEN-CENTER-PLANTERS/ARCADIA-GARDEN-PRODUCTS/N-5YC1VZBX81ZF8L
ARCADIAGARDENPRODUCTS	ARCADIAGARDENPRODUCTS	homedepot.com	HTTPS://WWW.HOMEDEPOT.COM/B/OUTDOORS-GARDEN-CENTER-INDOOR-PLANTS/ARCADIA-GARDEN-PRODUCTS/N-5YC1VZC8RNZF8L
ARCADIAGARDENPRODUCTS	ARCADIAGARDENPRODUCTS	homedepot.com	HTTPS://WWW.HOMEDEPOT.COM/B/OUTDOORS-GARDEN-CENTER-INDOOR-PLANTS-HOUSE-PLANTS/ARCADIA-GARDEN-PRODUCTS/N-5YC1VZ2FKPCY0ZF8L
ARCADIAGARDENPRODUCTS	ARCADIAGARDENPRODUCTS	homedepot.com	HTTPS://WWW.HOMEDEPOT.COM/B/OUTDOORS-GARDEN-CENTER-PLANTERS/ARCADIA-GARDEN-PRODUCTS/LARGE/N-5YC1VZBX81ZF8LZ1Z182CI
ARCADVANCEDROYALCHAMPION	ARCADVANCEDROYALCHAMPION	homedepot.com	HTTPS://WWW.HOMEDEPOT.COM/B/ARC-ADVANCED-ROYAL-CHAMPION/N-5YC1VZ1012
ARCADVANCEDROYALCHAMPION	ARCADVANCEDROYALCHAMPION	homedepot.com	HTTPS://WWW.HOMEDEPOT.COM/B/OUTDOORS-OUTDOOR-COOKING-OUTDOOR-KITCHENS-BUILT-IN-GRILLS/ARC-ADVANCED-ROYAL-CHAMPION/N-5YC1VZC6T8Z1012
ARCADVANCEDROYALCHAMPION	ARCADVANCEDROYALCHAMPION	homedepot.com	HTTPS://WWW.HOMEDEPOT.COM/B/OUTDOORS-OUTDOOR-COOKING/ARC-ADVANCED-ROYAL-CHAMPION/N-5YC1VZCFB7Z1012
ARCADVANCEDROYALCHAMPION	ARCADVANCEDROYALCHAMPION	homedepot.com	HTTPS://WWW.HOMEDEPOT.COM/B/OUTDOORS-OUTDOOR-COOKING-OUTDOOR-KITCHENS-SIDE-BURNERS/ARC-ADVANCED-ROYAL-CHAMPION/N-5YC1VZCJGNZ1012
ARCAN	ARCAN	homedepot.com	HTTPS://WWW.HOMEDEPOT.COM/B/ARCAN/N-5YC1VZOMN
ARCAN	ARCAN	homedepot.com	HTTPS://WWW.HOMEDEPOT.COM/B/AUTOMOTIVE-SHOP-EQUIPMENT/ARCAN/N-5YC1VZC8MRZOMN
ARCAN	ARCAN	homedepot.com	HTTPS://WWW.HOMEDEPOT.COM/B/GARAGE-AUTOMOTIVE-SHOP-EQUIPMENT-CAR-JACKS-FLOOR-JACKS/ARCAN/N-5YC1VZ2FKOO0YZOMN
ARCAN	ARCAN	homedepot.com	HTTPS://WWW.HOMEDEPOT.COM/B/TOOLS/ARCAN/N-5YC1VZC1XYZOMN
ARCHED	ARCHED	homedepot.com	HTTPS://WWW.HOMEDEPOT.COM/B/ARCHED/N-5YC1VZ1Z0UGNW
ARCHERUSA	ARCHERUSA	homedepot.com	HTTPS://WWW.HOMEDEPOT.COM/B/TOOLS/ARCHER-USA/N-5YC1VZC1XYZCEL
ARCHERUSA	ARCHERUSA	homedepot.com	HTTPS://WWW.HOMEDEPOT.COM/B/TOOLS-POWER-TOOL-ACCESSORIES-DRILL-BITS/ARCHER-USA/N-5YC1VZC248ZCEL
ARCHERUSA	ARCHERUSA	homedepot.com	HTTPS://WWW.HOMEDEPOT.COM/B/ARCHER-USA/N-5YC1VZCEL
ARCHIPELAGOLIGHTING	ARCHIPELAGOLIGHTING	homedepot.com	HTTPS://WWW.HOMEDEPOT.COM/B/LIGHTING/ARCHIPELAGO-LIGHTING/N-5YC1VZBVN5ZSJZ
ARCHIPELAGOLIGHTING	ARCHIPELAGOLIGHTING	homedepot.com	HTTPS://WWW.HOMEDEPOT.COM/B/ARCHIPELAGO-LIGHTING/N-5YC1VZSJZ
ARCHIPELAGOLIGHTING	ARCHIPELAGOLIGHTING	homedepot.com	HTTPS://WWW.HOMEDEPOT.COM/B/LIGHTING-COMMERCIAL-LIGHTING-SHOP-LIGHTS/ARCHIPELAGO-LIGHTING/N-5YC1VZC9H6ZSJZ
ARCHIPELAGOLIGHTING	ARCHIPELAGOLIGHTING	homedepot.com	HTTPS://WWW.HOMEDEPOT.COM/B/LIGHTING-COMMERCIAL-LIGHTING/ARCHIPELAGO-LIGHTING/N-5YC1VZC7BUZSJZ
ARCHIPELAGOLIGHTING	ARCHIPELAGOLIGHTING	homedepot.com	HTTPS://WWW.HOMEDEPOT.COM/B/LIGHTING-OUTDOOR-LIGHTING-LANDSCAPE-LIGHTING/ARCHIPELAGO-LIGHTING/N-5YC1VZC7Q6ZSJZ
ARCHITECTURALGRILLE	ARCHITECTURALGRILLE	homedepot.com	HTTPS://WWW.HOMEDEPOT.COM/B/HEATING-VENTING-COOLING-HVAC-SUPPLIES-REGISTERS-GRILLES/ARCHITECTURAL-GRILLE/N-5YC1VZC4NCZDBS
ARCHITECTURALGRILLE	ARCHITECTURALGRILLE	homedepot.com	HTTPS://WWW.HOMEDEPOT.COM/B/ARCHITECTURAL-GRILLE/N-5YC1VZDBS
ARCHITECTURALGRILLE	ARCHITECTURALGRILLE	homedepot.com	HTTPS://WWW.HOMEDEPOT.COM/B/HEATING-VENTING-COOLING/ARCHITECTURAL-GRILLE/N-5YC1VZC4K8ZDBS
ARCHITECTURALGRILLE	ARCHITECTURALGRILLE	homedepot.com	HTTPS://WWW.HOMEDEPOT.COM/B/HEATING-VENTING-COOLING/HIGHLY-RATED/ARCHITECTURAL-GRILLE/N-5YC1VZC4K8ZDBSZBWO5O
ARCHITECTURALMAILBOXES	ARCHITECTURALMAILBOXES	homedepot.com	HTTPS://WWW.HOMEDEPOT.COM/B/ARCHITECTURAL-MAILBOXES/N-5YC1VZ4AU
ARCHITECTURALMAILBOXES	ARCHITECTURALMAILBOXES	homedepot.com	HTTPS://WWW.HOMEDEPOT.COM/B/HARDWARE-MAILBOXES-MAILBOX-POSTS-STANDS/ARCHITECTURAL-MAILBOXES/N-5YC1VZC8EWZ4AU
ARCHITECTURALMAILBOXES	ARCHITECTURALMAILBOXES	homedepot.com	HTTPS://WWW.HOMEDEPOT.COM/B/HARDWARE-MAILBOXES/ARCHITECTURAL-MAILBOXES/N-5YC1VZC8F5Z4AU
ARCMATE	ARCMATE	homedepot.com	HTTPS://WWW.HOMEDEPOT.COM/B/ARCMATE/N-5YC1VZ9YD
ARCMATE	ARCMATE	homedepot.com	HTTPS://WWW.HOMEDEPOT.COM/B/TOOLS-HAND-TOOLS/ARCMATE/N-5YC1VZC1ZGZ9YD
ARCORA	ARCORA	homedepot.com	HTTPS://WWW.HOMEDEPOT.COM/B/ARCORA/N-5YC1VZXSF
ARCORA	ARCORA	homedepot.com	HTTPS://WWW.HOMEDEPOT.COM/B/BATH-BATHROOM-FAUCETS-BATHROOM-SINK-FAUCETS/ARCORA/N-5YC1VZC8D3ZXSF
ARCORA	ARCORA	homedepot.com	HTTPS://WWW.HOMEDEPOT.COM/B/KITCHEN-KITCHEN-FAUCETS/ARCORA/N-5YC1VZAR0KZXSF
ARCORA	ARCORA	homedepot.com	HTTPS://WWW.HOMEDEPOT.COM/B/KITCHEN-KITCHEN-FAUCETS-STANDARD-KITCHEN-FAUCETS/ARCORA/DOUBLE-HANDLE/N-5YC1VZARG1ZXSFZ1Z11E3F
ARCORA	ARCORA	homedepot.com	HTTPS://WWW.HOMEDEPOT.COM/B/ARCORA/DOUBLE-HANDLE/N-5YC1VZXSFZ1Z11E3F
ARCORA	ARCORA	homedepot.com	HTTPS://WWW.HOMEDEPOT.COM/B/BATH-BATHROOM-FAUCETS-SHOWER-SYSTEMS/ARCORA/N-5YC1VZCD03ZXSF
ARCORA	ARCORA	homedepot.com	HTTPS://WWW.HOMEDEPOT.COM/B/BATH-BATHROOM-FAUCETS-BATHROOM-SINK-FAUCETS-CENTERSET-BATHROOM-FAUCETS/ARCORA/N-5YC1VZBRHKZXSF
ARCORA	ARCORA	homedepot.com	HTTPS://WWW.HOMEDEPOT.COM/B/PLUMBING-PLUMBING-PARTS-BATHTUB-PARTS-TUB-SHOWER-REPAIR-KITS/ARCORA/N-5YC1VZCKGVZXSF
ARCTICAIR	ARCTICAIR	homedepot.com	HTTPS://WWW.HOMEDEPOT.COM/B/ARCTIC-AIR/N-5YC1VZMJB
ARCTICAIR	ARCTICAIR	homedepot.com	HTTPS://WWW.HOMEDEPOT.COM/B/HEATING-VENTING-COOLING-EVAPORATIVE-COOLERS/ARCTIC-AIR/N-5YC1VZC4LRZMJB
ARCTICAIR	ARCTICAIR	homedepot.com	HTTPS://WWW.HOMEDEPOT.COM/B/HEATING-VENTING-COOLING-EVAPORATIVE-COOLERS-PORTABLE-EVAPORATIVE-COOLERS/ARCTIC-AIR/N-5YC1VZC4KLZMJB
ARCTICCOVE	ARCTICCOVE	homedepot.com	HTTPS://WWW.HOMEDEPOT.COM/B/HEATING-VENTING-COOLING-EVAPORATIVE-COOLERS-PORTABLE-EVAPORATIVE-COOLERS/ARCTIC-COVE/N-5YC1VZC4KLZDHV
ARCTICCOVE	ARCTICCOVE	homedepot.com	HTTPS://WWW.HOMEDEPOT.COM/B/HEATING-VENTING-COOLING-EVAPORATIVE-COOLERS/ARCTIC-COVE/N-5YC1VZC4LRZDHV
ARCTICCOVE	ARCTICCOVE	homedepot.com	HTTPS://WWW.HOMEDEPOT.COM/B/ARCTIC-COVE/N-5YC1VZDHV
ARCTICCOVE	ARCTICCOVE	homedepot.com	HTTPS://WWW.HOMEDEPOT.COM/B/HEATING-VENTING-COOLING-EVAPORATIVE-COOLERS-PORTABLE-EVAPORATIVE-COOLERS/ARCTIC-COVE/RESIDENTIAL/N-5YC1VZC4KLZDHVZ1Z117JW
ARCTICKING	ARCTICKING	homedepot.com	HTTPS://WWW.HOMEDEPOT.COM/B/ARCTIC-KING/N-5YC1VZFWS
ARCTICKING	ARCTICKING	homedepot.com	HTTPS://WWW.HOMEDEPOT.COM/B/HEATING-VENTING-COOLING-AIR-CONDITIONERS/ARCTIC-KING/N-5YC1VZC4MEZFWS
ARCTICKING	ARCTICKING	homedepot.com	HTTPS://WWW.HOMEDEPOT.COM/B/HEATING-VENTING-COOLING-AIR-CONDITIONERS-PORTABLE-AIR-CONDITIONERS/ARCTIC-KING/N-5YC1VZC4M4ZFWS
ARCTICWIND	ARCTICWIND	homedepot.com	HTTPS://WWW.HOMEDEPOT.COM/B/HEATING-VENTING-COOLING-AIR-CONDITIONERS/ARCTIC-WIND/N-5YC1VZC4MEZG4C
ARCTICWIND	ARCTICWIND	homedepot.com	HTTPS://WWW.HOMEDEPOT.COM/B/HEATING-VENTING-COOLING-AIR-CONDITIONERS-WINDOW-AIR-CONDITIONERS/ARCTIC-WIND/N-5YC1VZC4LUZG4C
ARDENSELECTIONS	ARDENSELECTIONS	homedepot.com	HTTPS://WWW.HOMEDEPOT.COM/B/OUTDOORS-PATIO-FURNITURE-OUTDOOR-CUSHIONS/ARDEN-SELECTIONS/N-5YC1VZC5F3ZRAE
ARDWOLF	ARDWOLF	homedepot.com	HTTPS://WWW.HOMEDEPOT.COM/B/HARDWARE-DOOR-HARDWARE-DOOR-LOCKS-ELECTRONIC-DOOR-LOCKS/ARDWOLF/N-5YC1VZC2BDZLYF
ARDWOLF	ARDWOLF	homedepot.com	HTTPS://WWW.HOMEDEPOT.COM/B/HARDWARE-DOOR-HARDWARE-DOOR-LOCKS/ARDWOLF/N-5YC1VZC223ZLYF
ARDWOLF	ARDWOLF	homedepot.com	HTTPS://WWW.HOMEDEPOT.COM/B/HARDWARE-DOOR-HARDWARE-DOOR-LOCKS-ELECTRONIC-DOOR-LOCKS/ARDWOLF/RESIDENTIAL/BIOMETRIC-LOCKS/N-5YC1VZC2BDZLYFZ1Z0NV7PZ1Z0PNYX
ARDWOLF	ARDWOLF	homedepot.com	HTTPS://WWW.HOMEDEPOT.COM/B/HARDWARE-DOOR-HARDWARE-DOOR-LOCKS-ELECTRONIC-DOOR-LOCKS/ARDWOLF/KEYED-ENTRY/N-5YC1VZC2BDZLYFZ1Z118V2
ARDWOLF	ARDWOLF	homedepot.com	HTTPS://WWW.HOMEDEPOT.COM/B/HARDWARE/ARDWOLF/N-5YC1VZC21MZLYF
ARDWOLF	ARDWOLF	homedepot.com	HTTPS://WWW.HOMEDEPOT.COM/B/HARDWARE-DOOR-HARDWARE/ARDWOLF/N-5YC1VZC213ZLYF
AREARUGS	AREARUGS	homedepot.com	HTTPS://WWW.HOMEDEPOT.COM/B/FLOORING-RUGS-AREA-RUGS/N-5YC1VZARJG
AREO	AREO	homedepot.com	HTTPS://WWW.HOMEDEPOT.COM/B/BATH-BATHROOM-ACCESSORIES-BATHROOM-HARDWARE-TOWEL-BARS/AREO/N-5YC1VZCFW6Z1Z1R0M8
AREZO	AREZO	homedepot.com	HTTPS://WWW.HOMEDEPOT.COM/B/FURNITURE-BEDROOM-FURNITURE-BEDS/AREZO/N-5YC1VZC7OHZ1Z1CVY0
ARGEE	ARGEE	homedepot.com	HTTPS://WWW.HOMEDEPOT.COM/B/ARGEE/N-5YC1VZ6L
ARGON	ARGON	homedepot.com	HTTPS://WWW.HOMEDEPOT.COM/B/TOOLS-WELDING-SOLDERING-TORCHES-TANKS/ARGON/N-5YC1VZC8LQZ1Z0Z712
ARIARAILING	ARIARAILING	homedepot.com	HTTPS://WWW.HOMEDEPOT.COM/B/LUMBER-COMPOSITES-DECKING-DECK-RAILINGS/ARIA-RAILING/N-5YC1VZC5I7ZM5C
ARIARAILING	ARIARAILING	homedepot.com	HTTPS://WWW.HOMEDEPOT.COM/B/LUMBER-COMPOSITES-DECKING-DECK-RAILINGS-DECK-RAILING-SYSTEMS/ARIA-RAILING/N-5YC1VZC5PXZM5C
ARIARAILING	ARIARAILING	homedepot.com	HTTPS://WWW.HOMEDEPOT.COM/B/LUMBER-COMPOSITES-DECKING-DECK-RAILINGS/ARIA-RAILING/ALUMINUM/N-5YC1VZC5I7ZM5CZ1Z0USGQ
ARIARAILING	ARIARAILING	homedepot.com	HTTPS://WWW.HOMEDEPOT.COM/B/ARIA-RAILING/N-5YC1VZM5C
ARIARAILING	ARIARAILING	homedepot.com	HTTPS://WWW.HOMEDEPOT.COM/B/LUMBER-COMPOSITES/ARIA-RAILING/N-5YC1VZBQPGZM5C
ARIARAILING	ARIARAILING	homedepot.com	HTTPS://WWW.HOMEDEPOT.COM/B/LUMBER-COMPOSITES-DECKING-DECK-RAILINGS-DECK-RAILING-SYSTEMS/ARIA-RAILING/FASTENERS/N-5YC1VZC5PXZM5CZ1Z1A3JB
ARIARAILING	ARIARAILING	homedepot.com	HTTPS://WWW.HOMEDEPOT.COM/B/LUMBER-COMPOSITES-DECKING-DECK-RAILINGS-DECK-STAIR-RAILINGS/ARIA-RAILING/N-5YC1VZC5KFZM5C
ARIARAILING	ARIARAILING	homedepot.com	HTTPS://WWW.HOMEDEPOT.COM/B/LUMBER-COMPOSITES-DECKING-DECK-RAILINGS/ARIA-RAILING/PICK-UP-TODAY/N-5YC1VZC5I7ZM5CZ1Z175A5
ARIENS	ARIENS	homedepot.com	HTTPS://WWW.HOMEDEPOT.COM/B/ARIENS/N-5YC1VZ2CI
ARIKITCHENANDBATH	ARIKITCHENANDBATH	homedepot.com	HTTPS://WWW.HOMEDEPOT.COM/B/BATH-BATHROOM-VANITIES/ARI-KITCHEN-AND-BATH/N-5YC1VZCFV3ZOMI
ARIKITCHENANDBATH	ARIKITCHENANDBATH	homedepot.com	HTTPS://WWW.HOMEDEPOT.COM/B/ARI-KITCHEN-AND-BATH/N-5YC1VZOMI
ARIKITCHENANDBATH	ARIKITCHENANDBATH	homedepot.com	HTTPS://WWW.HOMEDEPOT.COM/B/BATH/ARI-KITCHEN-AND-BATH/N-5YC1VZBZB3ZOMI
ARIKITCHENANDBATH	ARIKITCHENANDBATH	homedepot.com	HTTPS://WWW.HOMEDEPOT.COM/B/BATH/ARI-KITCHEN-AND-BATH/24-INCH-VANITIES/N-5YC1VZBZB3ZOMIZ1Z0KE71
ARIKITCHENANDBATH	ARIKITCHENANDBATH	homedepot.com	HTTPS://WWW.HOMEDEPOT.COM/B/BATH-BATHROOM-VANITIES-BATHROOM-VANITIES-WITH-TOPS/ARI-KITCHEN-AND-BATH/N-5YC1VZCFW5ZOMI
ARIKITCHENANDBATH	ARIKITCHENANDBATH	homedepot.com	HTTPS://WWW.HOMEDEPOT.COM/B/BATH-BATHROOM-VANITIES/ARI-KITCHEN-AND-BATH/60-INCH-VANITIES/N-5YC1VZCFV3ZOMIZ1Z0KE6N
ARISTON	ARISTON	homedepot.com	HTTPS://WWW.HOMEDEPOT.COM/B/PLUMBING-WATER-HEATERS/ARISTON/N-5YC1VZBQLYZ6N
ARISTON	ARISTON	homedepot.com	HTTPS://WWW.HOMEDEPOT.COM/B/ARISTON/N-5YC1VZ6N
ARKDESIGN	ARKDESIGN	homedepot.com	HTTPS://WWW.HOMEDEPOT.COM/B/ARK-DESIGN/N-5YC1VZVP6
ARKDESIGN	ARKDESIGN	homedepot.com	HTTPS://WWW.HOMEDEPOT.COM/B/DOORS-WINDOWS-INTERIOR-DOORS/ARK-DESIGN/N-5YC1VZC5IOZVP6
ARKDESIGN	ARKDESIGN	homedepot.com	HTTPS://WWW.HOMEDEPOT.COM/B/DOORS-WINDOWS-INTERIOR-DOORS-SLAB-DOORS/ARK-DESIGN/N-5YC1VZC5IEZVP6
ARKON	ARKON	homedepot.com	HTTPS://WWW.HOMEDEPOT.COM/B/ARKON/N-5YC1VZON9
ARLINGTONINDUSTRIES	ARLINGTONINDUSTRIES	homedepot.com	HTTPS://WWW.HOMEDEPOT.COM/B/ARLINGTON-INDUSTRIES/N-5YC1VZ4K4
ARLOBLINDS	ARLOBLINDS	homedepot.com	HTTPS://WWW.HOMEDEPOT.COM/B/WINDOW-TREATMENTS-WINDOW-SHADES/ARLO-BLINDS/N-5YC1VZCH27ZQDQ
ARMACELL	ARMACELL	homedepot.com	HTTPS://WWW.HOMEDEPOT.COM/B/ARMACELL/N-5YC1VZ40K
ARMACOSTLIGHTING	ARMACOSTLIGHTING	homedepot.com	HTTPS://WWW.HOMEDEPOT.COM/B/ARMACOST-LIGHTING/N-5YC1VZAH9
ARMACOSTLIGHTING	ARMACOSTLIGHTING	homedepot.com	HTTPS://WWW.HOMEDEPOT.COM/B/LIGHTING-ACCENT-LIGHTING-UNDER-CABINET-LIGHTING/ARMACOST-LIGHTING/N-5YC1VZ2FKPD01ZAH9
ARMACOSTLIGHTING	ARMACOSTLIGHTING	homedepot.com	HTTPS://WWW.HOMEDEPOT.COM/B/LIGHTING/ARMACOST-LIGHTING/N-5YC1VZBVN5ZAH9
ARMACOSTLIGHTING	ARMACOSTLIGHTING	homedepot.com	HTTPS://WWW.HOMEDEPOT.COM/B/LIGHTING-ACCENT-LIGHTING-LED-STRIP-LIGHTS/ARMACOST-LIGHTING/N-5YC1VZ2FKPD02ZAH9
ARMACOSTLIGHTING	ARMACOSTLIGHTING	homedepot.com	HTTPS://WWW.HOMEDEPOT.COM/B/LIGHTING-CABINET-LIGHTS/ARMACOST-LIGHTING/N-5YC1VZCET7ZAH9
ARMACOSTLIGHTING	ARMACOSTLIGHTING	homedepot.com	HTTPS://WWW.HOMEDEPOT.COM/B/LIGHTING-ACCENT-LIGHTING-LED-STRIP-LIGHTS/ARMACOST-LIGHTING/HARDWIRED/N-5YC1VZ2FKPD02ZAH9Z1Z1WHSE
ARMACOSTLIGHTING	ARMACOSTLIGHTING	homedepot.com	HTTPS://WWW.HOMEDEPOT.COM/B/ELECTRICAL/ARMACOST-LIGHTING/N-5YC1VZARCDZAH9
ARMADILLO	ARMADILLO	homedepot.com	HTTPS://WWW.HOMEDEPOT.COM/B/OUTDOORS-GARDEN-CENTER-PEST-CONTROL/ARMADILLO/N-5YC1VZBX4WZ1Z1TSGK
ARMAFLEX	ARMAFLEX	homedepot.com	HTTPS://WWW.HOMEDEPOT.COM/B/PLUMBING-PIPE-INSULATION/ARMAFLEX/N-5YC1VZBUY9ZAEE
ARMAFLEX	ARMAFLEX	homedepot.com	HTTPS://WWW.HOMEDEPOT.COM/B/ARMAFLEX/N-5YC1VZAEE
ARMALYPROPLUS	ARMALYPROPLUS	homedepot.com	HTTPS://WWW.HOMEDEPOT.COM/B/FLOORING-FLOORING-SUPPLIES-FLOORING-TOOLS-TILE-TOOLS-GROUT-SPONGES/ARMALY-PROPLUS/N-5YC1VZCDT4ZRO8
ARMALYPROPLUS	ARMALYPROPLUS	homedepot.com	HTTPS://WWW.HOMEDEPOT.COM/B/ARMALY-PROPLUS/N-5YC1VZRO8
ARMALYPROPLUS	ARMALYPROPLUS	homedepot.com	HTTPS://WWW.HOMEDEPOT.COM/B/PAINT-PAINT-SUPPLIES-PAINT-APPLICATORS/ARMALY-PROPLUS/N-5YC1VZ2FKPDMGZRO8
ARMENLIVING	ARMENLIVING	homedepot.com	HTTPS://WWW.HOMEDEPOT.COM/B/FURNITURE/ARMEN-LIVING/N-5YC1VZC7PCZH34
ARMENLIVING	ARMENLIVING	homedepot.com	HTTPS://WWW.HOMEDEPOT.COM/B/ARMEN-LIVING/N-5YC1VZH34
ARMENLIVING	ARMENLIVING	homedepot.com	HTTPS://WWW.HOMEDEPOT.COM/B/OUTDOORS-PATIO-FURNITURE/ARMEN-LIVING/N-5YC1VZBX4OZH34
ARMENLIVING	ARMENLIVING	homedepot.com	HTTPS://WWW.HOMEDEPOT.COM/B/FURNITURE-LIVING-ROOM-FURNITURE-SOFAS-COUCHES/ARMEN-LIVING/N-5YC1VZC7OYZH34
ARMORALL	ARMORALL	homedepot.com	HTTPS://WWW.HOMEDEPOT.COM/B/ARMOR-ALL/N-5YC1VZ4AY
ARMORALL	ARMORALL	homedepot.com	HTTPS://WWW.HOMEDEPOT.COM/B/GARAGE-AUTOMOTIVE-CAR-CLEANING-SUPPLIES/ARMOR-ALL/N-5YC1VZC8NEZ4AY
ARMORPOXY	ARMORPOXY	homedepot.com	HTTPS://WWW.HOMEDEPOT.COM/B/ARMORPOXY/N-5YC1VZYJF
ARMOURLINE	ARMOURLINE	homedepot.com	HTTPS://WWW.HOMEDEPOT.COM/B/ARMOUR-LINE/N-5YC1VZNN0
ARMREST	ARMREST	homedepot.com	HTTPS://WWW.HOMEDEPOT.COM/B/FURNITURE-KITCHEN-DINING-ROOM-FURNITURE-DINING-CHAIRS/ARMREST/N-5YC1VZC7P6Z1Z1T5SQ
ARMSTRONGCEILINGS	ARMSTRONGCEILINGS	homedepot.com	HTTPS://WWW.HOMEDEPOT.COM/B/BUILDING-MATERIALS-CEILINGS-CEILING-TILES/ARMSTRONG-CEILINGS/N-5YC1VZC58LZSBL
ARMSTRONGCEILINGS	ARMSTRONGCEILINGS	homedepot.com	HTTPS://WWW.HOMEDEPOT.COM/B/ARMSTRONG-CEILINGS/N-5YC1VZSBL
ARMSTRONGCEILINGS	ARMSTRONGCEILINGS	homedepot.com	HTTPS://WWW.HOMEDEPOT.COM/B/BUILDING-MATERIALS-CEILINGS-CEILING-TILES-DROP-CEILING-TILES/ARMSTRONG-CEILINGS/N-5YC1VZC58CZSBL
ARMSTRONGCEILINGS	ARMSTRONGCEILINGS	homedepot.com	HTTPS://WWW.HOMEDEPOT.COM/B/BUILDING-MATERIALS-CEILINGS/ARMSTRONG-CEILINGS/N-5YC1VZC58IZSBL
ARMSTRONGCEILINGS	ARMSTRONGCEILINGS	homedepot.com	HTTPS://WWW.HOMEDEPOT.COM/B/BUILDING-MATERIALS-CEILINGS-CEILING-GRIDS/ARMSTRONG-CEILINGS/N-5YC1VZC596ZSBL
ARMSTRONGFLOORING	ARMSTRONGFLOORING	homedepot.com	HTTPS://WWW.HOMEDEPOT.COM/B/FLOORING-VINYL-FLOORING-VINYL-PLANK-FLOORING/ARMSTRONG-FLOORING/N-5YC1VZBZJZZPHG
ARNORTHAMERICA	ARNORTHAMERICA	homedepot.com	HTTPS://WWW.HOMEDEPOT.COM/B/AR-NORTH-AMERICA/N-5YC1VZAWL
ARONICA	ARONICA	homedepot.com	HTTPS://WWW.HOMEDEPOT.COM/B/ARONICA/N-5YC1VZHNV
ARQLITE	ARQLITE	homedepot.com	HTTPS://WWW.HOMEDEPOT.COM/B/ARQLITE/N-5YC1VZTOX
ARQLITE	ARQLITE	homedepot.com	HTTPS://WWW.HOMEDEPOT.COM/B/OUTDOORS-GARDEN-CENTER-LANDSCAPING-SUPPLIES-LANDSCAPE-ROCKS/ARQLITE/N-5YC1VZBX5DZTOX
ARRAYBYHAMPTON	ARRAYBYHAMPTON	homedepot.com	HTTPS://WWW.HOMEDEPOT.COM/B/ARRAY-BY-HAMPTON/N-5YC1VZOQ9
ARRAYBYHAMPTON	ARRAYBYHAMPTON	homedepot.com	HTTPS://WWW.HOMEDEPOT.COM/B/HARDWARE-DOOR-HARDWARE-DOOR-LOCKS-ELECTRONIC-DOOR-LOCKS/ARRAY-BY-HAMPTON/N-5YC1VZC2BDZOQ9
ARRIS	ARRIS	homedepot.com	HTTPS://WWW.HOMEDEPOT.COM/B/ELECTRICAL-ELECTRONICS-WIFI-NETWORKING-DEVICES/ARRIS/N-5YC1VZC33VZGMN
ARROWHEADBRASS	ARROWHEADBRASS	homedepot.com	HTTPS://WWW.HOMEDEPOT.COM/B/ARROWHEAD-BRASS/N-5YC1VZF6L
ARROWHEADBRASS	ARROWHEADBRASS	homedepot.com	HTTPS://WWW.HOMEDEPOT.COM/B/PLUMBING-VALVES/ARROWHEAD-BRASS/N-5YC1VZBBL6ZF6L
ARROWHEADBRASS	ARROWHEADBRASS	homedepot.com	HTTPS://WWW.HOMEDEPOT.COM/B/PLUMBING-VALVES-HOSE-BIBBS/ARROWHEAD-BRASS/N-5YC1VZCA22ZF6L
ARROWHEADBRASS	ARROWHEADBRASS	homedepot.com	HTTPS://WWW.HOMEDEPOT.COM/B/PLUMBING/ARROWHEAD-BRASS/N-5YC1VZBQEWZF6L
ARROWHEADBRASS	ARROWHEADBRASS	homedepot.com	HTTPS://WWW.HOMEDEPOT.COM/B/PLUMBING-PLUMBING-PARTS/ARROWHEAD-BRASS/N-5YC1VZBQKPZF6L
ARROWHEADOUTDOOR	ARROWHEADOUTDOOR	homedepot.com	HTTPS://WWW.HOMEDEPOT.COM/B/SPORTS-OUTDOORS-CAMPING-GEAR-CAMPING-FURNITURE/ARROWHEAD-OUTDOOR/N-5YC1VZC43GZZY2
ARROWHEADOUTDOOR	ARROWHEADOUTDOOR	homedepot.com	HTTPS://WWW.HOMEDEPOT.COM/B/SPORTS-OUTDOORS-HUNTING-GEAR/ARROWHEAD-OUTDOOR/N-5YC1VZC40TZZY2
ARROWORTHY	ARROWORTHY	homedepot.com	HTTPS://WWW.HOMEDEPOT.COM/B/PAINT-PAINT-SUPPLIES-PAINT-APPLICATORS-PAINT-BRUSHES/ARROWORTHY/N-5YC1VZARACZ9C2
ARROWORTHY	ARROWORTHY	homedepot.com	HTTPS://WWW.HOMEDEPOT.COM/B/PAINT-PAINT-SUPPLIES-PAINT-APPLICATORS-PAINT-ROLLERS-PAINT-ROLLER-COVERS/ARROWORTHY/N-5YC1VZBD1JZ9C2
ART3D	ART3D	homedepot.com	HTTPS://WWW.HOMEDEPOT.COM/B/ART3D/N-5YC1VZH3B
ART3D	ART3D	homedepot.com	HTTPS://WWW.HOMEDEPOT.COM/B/BUILDING-MATERIALS-MOULDING-MILLWORK-WALL-PANELING/ART3D/N-5YC1VZBQP3ZH3B
ART3DWALLPANELS	ART3DWALLPANELS	homedepot.com	HTTPS://WWW.HOMEDEPOT.COM/B/BUILDING-MATERIALS-MOULDING-MILLWORK-WALL-PANELING-DECORATIVE-WALL-PANELING/HIGHLY-RATED/ART3DWALLPANELS/N-5YC1VZBQPJZOH9ZBWO5O
ART3DWALLPANELS	ART3DWALLPANELS	homedepot.com	HTTPS://WWW.HOMEDEPOT.COM/B/BUILDING-MATERIALS-MOULDING-MILLWORK-WALL-PANELING-DECORATIVE-WALL-PANELING/ART3DWALLPANELS/N-5YC1VZBQPJZOH9
ART3DWALLPANELS	ART3DWALLPANELS	homedepot.com	HTTPS://WWW.HOMEDEPOT.COM/B/LUMBER-COMPOSITES-BOARDS-PLANKS-PANELS-WALL-PANELING/ART3DWALLPANELS/N-5YC1VZBQP3ZOH9
ARTALTERNATIVES	ARTALTERNATIVES	homedepot.com	HTTPS://WWW.HOMEDEPOT.COM/B/PAINT-ART-SUPPLIES/ART-ALTERNATIVES/N-5YC1VZCCCUZETT
ARTALTERNATIVES	ARTALTERNATIVES	homedepot.com	HTTPS://WWW.HOMEDEPOT.COM/B/ART-ALTERNATIVES/N-5YC1VZETT
ARTASTE	ARTASTE	homedepot.com	HTTPS://WWW.HOMEDEPOT.COM/B/ARTASTE/N-5YC1VZGQ2
ARTASTE	ARTASTE	homedepot.com	HTTPS://WWW.HOMEDEPOT.COM/B/ARTASTE/FLATWARE-SINGLE-PIECES/N-5YC1VZGQ2Z1Z0LC8B
ARTASTE	ARTASTE	homedepot.com	HTTPS://WWW.HOMEDEPOT.COM/B/KITCHEN-TABLEWARE-BAR-FLATWARE/ARTASTE/N-5YC1VZCEYPZGQ2
ARTASTE	ARTASTE	homedepot.com	HTTPS://WWW.HOMEDEPOT.COM/B/KITCHEN-TABLEWARE-BAR-FLATWARE-FLATWARE-SETS/ARTASTE/N-5YC1VZC6XKZGQ2
ARTASTE	ARTASTE	homedepot.com	HTTPS://WWW.HOMEDEPOT.COM/B/ARTASTE/SERVING-SETS/N-5YC1VZGQ2Z1Z0UZ9R
ARTASTE	ARTASTE	homedepot.com	HTTPS://WWW.HOMEDEPOT.COM/B/ARTASTE/ANTIMICROBIAL/N-5YC1VZGQ2Z1Z0LOOD
ARTCARPET	ARTCARPET	homedepot.com	HTTPS://WWW.HOMEDEPOT.COM/B/FLOORING-RUGS-AREA-RUGS/ART-CARPET/N-5YC1VZARJGZG31
ARTCARPET	ARTCARPET	homedepot.com	HTTPS://WWW.HOMEDEPOT.COM/B/FLOORING-RUGS/ART-CARPET/N-5YC1VZARFMZG31
ARTCHIRLY	ARTCHIRLY	homedepot.com	HTTPS://WWW.HOMEDEPOT.COM/B/BATH-BATHROOM-VANITIES/ARTCHIRLY/N-5YC1VZCFV3ZVJV
ARTCHIRLY	ARTCHIRLY	homedepot.com	HTTPS://WWW.HOMEDEPOT.COM/B/ARTCHIRLY/N-5YC1VZVJV
ARTCHIRLY	ARTCHIRLY	homedepot.com	HTTPS://WWW.HOMEDEPOT.COM/B/ARTCHIRLY/WHITE/N-5YC1VZVJVZ1Z0PI81
ARTCHIRLY	ARTCHIRLY	homedepot.com	HTTPS://WWW.HOMEDEPOT.COM/B/BATH-BATHROOM-VANITIES-BATHROOM-VANITIES-WITH-TOPS/ARTCHIRLY/N-5YC1VZCFW5ZVJV
ARTCHIRLY	ARTCHIRLY	homedepot.com	HTTPS://WWW.HOMEDEPOT.COM/B/ARTCHIRLY/INTEGRAL/N-5YC1VZVJVZ1Z0LG1P?NAO=24
ARTCHIRLY	ARTCHIRLY	homedepot.com	HTTPS://WWW.HOMEDEPOT.COM/B/BATH/ARTCHIRLY/36-INCH-VANITIES/N-5YC1VZBZB3ZVJVZ1Z0KE6O
ARTCHIRLY	ARTCHIRLY	homedepot.com	HTTPS://WWW.HOMEDEPOT.COM/B/ARTCHIRLY/30-INCH-VANITIES/N-5YC1VZVJVZ1Z0KE6T
ARTCHIRLY	ARTCHIRLY	homedepot.com	HTTPS://WWW.HOMEDEPOT.COM/B/ARTCHIRLY/BROWN/N-5YC1VZVJVZ1Z0KEK2
ARTCRAFT	ARTCRAFT	homedepot.com	HTTPS://WWW.HOMEDEPOT.COM/B/LIGHTING/ARTCRAFT/N-5YC1VZBVN5ZMT9
ARTEFAMAFURNITURE	ARTEFAMAFURNITURE	homedepot.com	HTTPS://WWW.HOMEDEPOT.COM/B/FURNITURE-KITCHEN-DINING-ROOM-FURNITURE/ARTEFAMA-FURNITURE/N-5YC1VZC7OUZH4E
ARTEFAMAFURNITURE	ARTEFAMAFURNITURE	homedepot.com	HTTPS://WWW.HOMEDEPOT.COM/B/ARTEFAMA-FURNITURE/N-5YC1VZH4E
ARTEFAMAFURNITURE	ARTEFAMAFURNITURE	homedepot.com	HTTPS://WWW.HOMEDEPOT.COM/B/FURNITURE-KITCHEN-DINING-ROOM-FURNITURE-KITCHEN-DINING-TABLES/ARTEFAMA-FURNITURE/N-5YC1VZC7NYZH4E
ARTEFAMAFURNITURE	ARTEFAMAFURNITURE	homedepot.com	HTTPS://WWW.HOMEDEPOT.COM/B/FURNITURE-KITCHEN-DINING-ROOM-FURNITURE-DINING-ROOM-SETS/ARTEFAMA-FURNITURE/N-5YC1VZCETRZH4E
ARTEFAMAFURNITURE	ARTEFAMAFURNITURE	homedepot.com	HTTPS://WWW.HOMEDEPOT.COM/B/FURNITURE-BEDROOM-FURNITURE-BEDS/ARTEFAMA-FURNITURE/N-5YC1VZC7OHZH4E
ARTEFAMAFURNITURE	ARTEFAMAFURNITURE	homedepot.com	HTTPS://WWW.HOMEDEPOT.COM/B/ARTEFAMA-FURNITURE/LEATHER/N-5YC1VZH4EZ1Z0JJW7
ARTESA	ARTESA	homedepot.com	HTTPS://WWW.HOMEDEPOT.COM/B/ARTESA/N-5YC1VZLXY
ARTEVASI	ARTEVASI	homedepot.com	HTTPS://WWW.HOMEDEPOT.COM/B/OUTDOORS-GARDEN-CENTER-PLANTERS-PLANT-POTS/ARTEVASI/N-5YC1VZBX87ZV9B
ARTFULLIVINGDESIGN	ARTFULLIVINGDESIGN	homedepot.com	HTTPS://WWW.HOMEDEPOT.COM/B/FURNITURE-LIVING-ROOM-FURNITURE/ARTFUL-LIVING-DESIGN/N-5YC1VZC7P3ZV2C
ARTFULLIVINGDESIGN	ARTFULLIVINGDESIGN	homedepot.com	HTTPS://WWW.HOMEDEPOT.COM/B/FURNITURE/ARTFUL-LIVING-DESIGN/N-5YC1VZC7PCZV2C
ARTFULLIVINGDESIGN	ARTFULLIVINGDESIGN	homedepot.com	HTTPS://WWW.HOMEDEPOT.COM/B/ARTFUL-LIVING-DESIGN/N-5YC1VZV2C
ARTFULLIVINGDESIGN	ARTFULLIVINGDESIGN	homedepot.com	HTTPS://WWW.HOMEDEPOT.COM/B/HOME-DECOR/ARTFUL-LIVING-DESIGN/N-5YC1VZAS6PZV2C
ARTFULLIVINGDESIGN	ARTFULLIVINGDESIGN	homedepot.com	HTTPS://WWW.HOMEDEPOT.COM/B/FURNITURE-LIVING-ROOM-FURNITURE-SOFAS-COUCHES/ARTFUL-LIVING-DESIGN/N-5YC1VZC7OYZV2C
ARTFULLIVINGDESIGN	ARTFULLIVINGDESIGN	homedepot.com	HTTPS://WWW.HOMEDEPOT.COM/B/FURNITURE-LIVING-ROOM-FURNITURE-OTTOMANS/ARTFUL-LIVING-DESIGN/N-5YC1VZC7PLZV2C
ARTFULLIVINGDESIGN	ARTFULLIVINGDESIGN	homedepot.com	HTTPS://WWW.HOMEDEPOT.COM/B/FURNITURE-LIVING-ROOM-FURNITURE-CHAIRS/ARTFUL-LIVING-DESIGN/N-5YC1VZC7PYZV2C
ARTFULLIVINGDESIGN	ARTFULLIVINGDESIGN	homedepot.com	HTTPS://WWW.HOMEDEPOT.COM/B/ARTFUL-LIVING-DESIGN/WOOD/N-5YC1VZV2CZ1Z0JJX5
ARTIFICIALGRASS	ARTIFICIALGRASS	homedepot.com	HTTPS://WWW.HOMEDEPOT.COM/B/OUTDOORS-GARDEN-CENTER-ARTIFICIAL-GRASS/N-5YC1VZCDGY
ARTIFICIALPLANTS	ARTIFICIALPLANTS	homedepot.com	HTTPS://WWW.HOMEDEPOT.COM/B/HOME-DECOR-ARTIFICIAL-PLANTS/N-5YC1VZBPDG
ARTIKA	ARTIKA	homedepot.com	HTTPS://WWW.HOMEDEPOT.COM/B/LIGHTING/ARTIKA/N-5YC1VZBVN5ZH6R
ARTIKA	ARTIKA	homedepot.com	HTTPS://WWW.HOMEDEPOT.COM/B/ARTIKA/N-5YC1VZH6R
ARTISSIMODESIGNS	ARTISSIMODESIGNS	homedepot.com	HTTPS://WWW.HOMEDEPOT.COM/B/ARTISSIMO-DESIGNS/N-5YC1VZMRQ
ARTISSIMODESIGNS	ARTISSIMODESIGNS	homedepot.com	HTTPS://WWW.HOMEDEPOT.COM/B/HOME-DECOR-WALL-DECOR-WALL-ART-ART-PAINTINGS/ARTISSIMO-DESIGNS/N-5YC1VZBVCVZMRQ
ARTISSIMODESIGNS	ARTISSIMODESIGNS	homedepot.com	HTTPS://WWW.HOMEDEPOT.COM/B/HOME-DECOR-WALL-DECOR-WALL-ART/ARTISSIMO-DESIGNS/N-5YC1VZBBZHZMRQ
ARTISSIMODESIGNS	ARTISSIMODESIGNS	homedepot.com	HTTPS://WWW.HOMEDEPOT.COM/B/HOME-DECOR-WALL-DECOR-WALL-SCULPTURES/ARTISSIMO-DESIGNS/N-5YC1VZC4APZMRQ
ARTISSIMODESIGNS	ARTISSIMODESIGNS	homedepot.com	HTTPS://WWW.HOMEDEPOT.COM/B/HOME-DECOR-WALL-DECOR-WALL-ART/ARTISSIMO-DESIGNS/7/N-5YC1VZBBZHZMRQZ1Z1087W
ARTISSIMODESIGNS	ARTISSIMODESIGNS	homedepot.com	HTTPS://WWW.HOMEDEPOT.COM/B/ARTISSIMO-DESIGNS/HOME-ACCENT/N-5YC1VZMRQZ1Z1AJHE
ARTISSIMODESIGNS	ARTISSIMODESIGNS	homedepot.com	HTTPS://WWW.HOMEDEPOT.COM/B/ARTISSIMO-DESIGNS/51/N-5YC1VZMRQZ1Z10789
ARTISSIMODESIGNS	ARTISSIMODESIGNS	homedepot.com	HTTPS://WWW.HOMEDEPOT.COM/B/ARTISSIMO-DESIGNS/ALUMINUM/N-5YC1VZMRQZ1Z115LQ
ARTISTBE	ARTISTBE	homedepot.com	HTTPS://WWW.HOMEDEPOT.COM/B/HOME-DECOR-WALL-DECOR-WALL-ART-ART-PAINTINGS/ARTISTBE/N-5YC1VZBVCVZPON
ARTISTICK	ARTISTICK	homedepot.com	HTTPS://WWW.HOMEDEPOT.COM/B/ARTISTICK/N-5YC1VZU76
ARTISTICK	ARTISTICK	homedepot.com	HTTPS://WWW.HOMEDEPOT.COM/B/HOME-DECOR-WALLPAPER-WALLPAPER-ROLLS/ARTISTICK/N-5YC1VZ2FKOWKWZU76
ARTISTICK	ARTISTICK	homedepot.com	HTTPS://WWW.HOMEDEPOT.COM/B/HOME-DECOR-WALLPAPER/ARTISTICK/N-5YC1VZBC0QZU76
ARTISTICWEAVERS	ARTISTICWEAVERS	homedepot.com	HTTPS://WWW.HOMEDEPOT.COM/B/FLOORING-RUGS/ARTISTIC-WEAVERS/N-5YC1VZARFMZ7IT
ARTISTICWEAVERS	ARTISTICWEAVERS	homedepot.com	HTTPS://WWW.HOMEDEPOT.COM/B/ARTISTIC-WEAVERS/N-5YC1VZ7IT
ARTISTICWEAVERS	ARTISTICWEAVERS	homedepot.com	HTTPS://WWW.HOMEDEPOT.COM/B/DOORS-WINDOWS-GARAGE-DOORS/ARTISTIC-WEAVERS/N-5YC1VZAR38Z7IT
ARTISTICWEAVERS	ARTISTICWEAVERS	homedepot.com	HTTPS://WWW.HOMEDEPOT.COM/B/FLOORING-RUGS-AREA-RUGS/ARTISTIC-WEAVERS/N-5YC1VZARJGZ7IT
ARTISTICWEAVERS	ARTISTICWEAVERS	homedepot.com	HTTPS://WWW.HOMEDEPOT.COM/B/FLOORING-RUGS-AREA-RUGS/ARTISTIC-WEAVERS/ABSTRACT/N-5YC1VZARJGZ7ITZ1Z188N2
ARTISTICWEAVERS	ARTISTICWEAVERS	homedepot.com	HTTPS://WWW.HOMEDEPOT.COM/B/FLOORING-RUGS-RUG-PADS/ARTISTIC-WEAVERS/N-5YC1VZB8E0Z7IT
ARTIVA	ARTIVA	homedepot.com	HTTPS://WWW.HOMEDEPOT.COM/B/LIGHTING-LAMPS-FLOOR-LAMPS/ARTIVA/N-5YC1VZC7NOZM85
ARTIVA	ARTIVA	homedepot.com	HTTPS://WWW.HOMEDEPOT.COM/B/LIGHTING-LAMPS/ARTIVA/N-5YC1VZC7PDZM85
ARTIVAUSA	ARTIVAUSA	homedepot.com	HTTPS://WWW.HOMEDEPOT.COM/B/ARTIVA-USA/N-5YC1VZS52
ARTLAND	ARTLAND	homedepot.com	HTTPS://WWW.HOMEDEPOT.COM/B/ARTLAND/N-5YC1VZG8W
ARTLEON	ARTLEON	homedepot.com	HTTPS://WWW.HOMEDEPOT.COM/B/ART-LEON/N-5YC1VZTBP
ARTLEON	ARTLEON	homedepot.com	HTTPS://WWW.HOMEDEPOT.COM/B/FURNITURE/ART-LEON/N-5YC1VZC7PCZTBP
ARTLEON	ARTLEON	homedepot.com	HTTPS://WWW.HOMEDEPOT.COM/B/FURNITURE-LIVING-ROOM-FURNITURE-CHAIRS/ART-LEON/N-5YC1VZC7PYZTBP
ARTOFLIVINGDESIGNS	ARTOFLIVINGDESIGNS	homedepot.com	HTTPS://WWW.HOMEDEPOT.COM/B/FURNITURE/ART-OF-LIVING-DESIGNSINC/N-5YC1VZC7PCZZDO
ARTOFLIVINGDESIGNS	ARTOFLIVINGDESIGNS	homedepot.com	HTTPS://WWW.HOMEDEPOT.COM/B/ART-OF-LIVING-DESIGNSINC/N-5YC1VZZDO
ARTOGRAPH	ARTOGRAPH	homedepot.com	HTTPS://WWW.HOMEDEPOT.COM/B/ARTOGRAPH/N-5YC1VZUHU
ARTPUCH	ARTPUCH	homedepot.com	HTTPS://WWW.HOMEDEPOT.COM/B/ARTPUCH/N-5YC1VZT7B
ARTPUCH	ARTPUCH	homedepot.com	HTTPS://WWW.HOMEDEPOT.COM/B/STORAGE-ORGANIZATION-OUTDOOR-STORAGE-SHADE-STRUCTURES-CANOPIES-SHADE-SAILS/ARTPUCH/N-5YC1VZCC4RZT7B
ARTSCAPE	ARTSCAPE	homedepot.com	HTTPS://WWW.HOMEDEPOT.COM/B/WINDOW-TREATMENTS-WINDOW-FILM/ARTSCAPE/N-5YC1VZARC3Z6X
ARTSCAPE	ARTSCAPE	homedepot.com	HTTPS://WWW.HOMEDEPOT.COM/B/HIGHLY-RATED/ARTSCAPE/N-5YC1VZ6XZBWO5O
ARTSCAPE	ARTSCAPE	homedepot.com	HTTPS://WWW.HOMEDEPOT.COM/B/ARTSCAPE/N-5YC1VZ6X?CM_MMC=SEM%7CG%7CBT2
ARTSKILLS	ARTSKILLS	homedepot.com	HTTPS://WWW.HOMEDEPOT.COM/B/PAINT-ART-SUPPLIES/ARTSKILLS/N-5YC1VZCCCUZF0I
ARTSKILLS	ARTSKILLS	homedepot.com	HTTPS://WWW.HOMEDEPOT.COM/B/ARTSKILLS/N-5YC1VZF0I
ARTTOREAL	ARTTOREAL	homedepot.com	HTTPS://WWW.HOMEDEPOT.COM/B/ART-TO-REAL/N-5YC1VZZDX
ARTURESTHOME	ARTURESTHOME	homedepot.com	HTTPS://WWW.HOMEDEPOT.COM/B/LIGHTING-PENDANT-LIGHTS/ARTURESTHOME/N-5YC1VZC7NUZUXE
ARTURESTHOME	ARTURESTHOME	homedepot.com	HTTPS://WWW.HOMEDEPOT.COM/B/ARTURESTHOME/N-5YC1VZUXE
ASAELECTRONICS	ASAELECTRONICS	homedepot.com	HTTPS://WWW.HOMEDEPOT.COM/B/GARAGE-AUTOMOTIVE/ASA-ELECTRONICS/N-5YC1VZC8O1ZXP5
ASCREATION	ASCREATION	homedepot.com	HTTPS://WWW.HOMEDEPOT.COM/B/AS-CREATION/N-5YC1VZPYB
ASCREATION	ASCREATION	homedepot.com	HTTPS://WWW.HOMEDEPOT.COM/B/HOME-DECOR-WALLPAPER/AS-CREATION/N-5YC1VZBC0QZPYB
ASH	ASH	homedepot.com	HTTPS://WWW.HOMEDEPOT.COM/B/LUMBER-COMPOSITES-BOARDS-PLANKS-WOOD-BOARDS/ASH/N-5YC1VZBQMCZ1Z19WIB
ASHCROFTFURNITURECO	ASHCROFTFURNITURECO	homedepot.com	HTTPS://WWW.HOMEDEPOT.COM/B/ASHCROFT-FURNITURE-CO/N-5YC1VZYGJ
ASHCROFTFURNITURECO	ASHCROFTFURNITURECO	homedepot.com	HTTPS://WWW.HOMEDEPOT.COM/B/FURNITURE/ASHCROFT-FURNITURE-CO/N-5YC1VZC7PCZYGJ
ASHCROFTFURNITURECO	ASHCROFTFURNITURECO	homedepot.com	HTTPS://WWW.HOMEDEPOT.COM/B/FURNITURE-LIVING-ROOM-FURNITURE-SOFAS-COUCHES/ASHCROFT-FURNITURE-CO/N-5YC1VZC7OYZYGJ
ASHCROFTFURNITURECO	ASHCROFTFURNITURECO	homedepot.com	HTTPS://WWW.HOMEDEPOT.COM/B/FURNITURE-KITCHEN-DINING-ROOM-FURNITURE-KITCHEN-DINING-TABLES/ASHCROFT-FURNITURE-CO/N-5YC1VZC7NYZYGJ
ASHCROFTFURNITURECO	ASHCROFTFURNITURECO	homedepot.com	HTTPS://WWW.HOMEDEPOT.COM/B/FURNITURE-KITCHEN-DINING-ROOM-FURNITURE/ASHCROFT-FURNITURE-CO/N-5YC1VZC7OUZYGJ
ASHFIELD	ASHFIELD	homedepot.com	HTTPS://WWW.HOMEDEPOT.COM/B/FURNITURE-BEDROOM-FURNITURE-NIGHTSTANDS/ASHFIELD/N-5YC1VZCEUMZ1Z1AUKB
ASHFORD	ASHFORD	homedepot.com	HTTPS://WWW.HOMEDEPOT.COM/B/FURNITURE/ASHFORD/N-5YC1VZC7PCZ1Z1AR7A
ASHLANDPINE	ASHLANDPINE	homedepot.com	HTTPS://WWW.HOMEDEPOT.COM/B/FURNITURE-LIVING-ROOM-FURNITURE-TV-STANDS/ASHLAND-PINE/N-5YC1VZCFCTZ1Z0JLLI
ASHLANDPINE	ASHLANDPINE	homedepot.com	HTTPS://WWW.HOMEDEPOT.COM/B/HEATING-VENTING-COOLING-FIREPLACES-ELECTRIC-FIREPLACES-FIREPLACE-TV-STANDS/ASHLAND-PINE/N-5YC1VZC4L1Z1Z0JLLI
ASHLAR	ASHLAR	homedepot.com	HTTPS://WWW.HOMEDEPOT.COM/B/FLOORING/ASHLAR/N-5YC1VZAQ7RZ1Z13BVF
ASHLEYENTERTAINMENTCORP	ASHLEYENTERTAINMENTCORP	homedepot.com	HTTPS://WWW.HOMEDEPOT.COM/B/ASHLEY-ENTERTAINMENT-CORP/N-5YC1VZDXI
ASHLEYHARBOURCOLLECTION	ASHLEYHARBOURCOLLECTION	homedepot.com	HTTPS://WWW.HOMEDEPOT.COM/B/ASHLEY-HARBOUR-COLLECTION/N-5YC1VZSJE
ASHLEYHARBOURCOLLECTION	ASHLEYHARBOURCOLLECTION	homedepot.com	HTTPS://WWW.HOMEDEPOT.COM/B/LIGHTING-VANITY-LIGHTING/ASHLEY-HARBOUR-COLLECTION/N-5YC1VZC7PRZSJE
ASHLEYHARBOURCOLLECTION	ASHLEYHARBOURCOLLECTION	homedepot.com	HTTPS://WWW.HOMEDEPOT.COM/B/LIGHTING/ASHLEY-HARBOUR-COLLECTION/N-5YC1VZBVN5ZSJE
ASHLEYHARBOURCOLLECTION	ASHLEYHARBOURCOLLECTION	homedepot.com	HTTPS://WWW.HOMEDEPOT.COM/B/LIGHTING-OUTDOOR-LIGHTING-OUTDOOR-WALL-LIGHTING/ASHLEY-HARBOUR-COLLECTION/N-5YC1VZC7QQZSJE
ASHLEYHARBOURCOLLECTION	ASHLEYHARBOURCOLLECTION	homedepot.com	HTTPS://WWW.HOMEDEPOT.COM/B/LIGHTING-CHANDELIERS/ASHLEY-HARBOUR-COLLECTION/N-5YC1VZC7O0ZSJE
ASHLEYHARBOURCOLLECTION	ASHLEYHARBOURCOLLECTION	homedepot.com	HTTPS://WWW.HOMEDEPOT.COM/B/LIGHTING-PENDANT-LIGHTS/ASHLEY-HARBOUR-COLLECTION/N-5YC1VZC7NUZSJE
ASHLEYHARBOURCOLLECTION	ASHLEYHARBOURCOLLECTION	homedepot.com	HTTPS://WWW.HOMEDEPOT.COM/B/ASHLEY-HARBOUR-COLLECTION/578-LB/N-5YC1VZSJEZ1Z0ZJQJ
ASHLEYHARBOURCOLLECTION	ASHLEYHARBOURCOLLECTION	homedepot.com	HTTPS://WWW.HOMEDEPOT.COM/B/LIGHTING-FLUSH-MOUNT-CEILING-LIGHTS/ASHLEY-HARBOUR-COLLECTION/N-5YC1VZC7NKZSJE
ASHLEYHARBOURCOLLECTION	ASHLEYHARBOURCOLLECTION	homedepot.com	HTTPS://WWW.HOMEDEPOT.COM/B/ASHLEY-HARBOUR-COLLECTION/WET-RATED/N-5YC1VZSJEZ1Z17VFJ
ASHLEYHARBOURCOLLECTION	ASHLEYHARBOURCOLLECTION	homedepot.com	HTTPS://WWW.HOMEDEPOT.COM/B/LIGHTING-WALL-SCONCES/ASHLEY-HARBOUR-COLLECTION/E26/N-5YC1VZC7PIZSJEZ1Z0TP3J
ASHLEYHARBOURCOLLECTION	ASHLEYHARBOURCOLLECTION	homedepot.com	HTTPS://WWW.HOMEDEPOT.COM/B/LIGHTING-WALL-SCONCES/ASHLEY-HARBOUR-COLLECTION/N-5YC1VZC7PIZSJE
ASHLEYHARBOURCOLLECTION	ASHLEYHARBOURCOLLECTION	homedepot.com	HTTPS://WWW.HOMEDEPOT.COM/B/ASHLEY-HARBOUR-COLLECTION/CLEAR-GLASS/N-5YC1VZSJEZ1Z1842K
ASHLEYHARBOURCOLLECTION	ASHLEYHARBOURCOLLECTION	homedepot.com	HTTPS://WWW.HOMEDEPOT.COM/B/LIGHTING-OUTDOOR-LIGHTING-OUTDOOR-WALL-LIGHTING-OUTDOOR-SCONCES/ASHLEY-HARBOUR-COLLECTION/N-5YC1VZCDPUZSJE
ASHLEYHEARTHPRODUCTS	ASHLEYHEARTHPRODUCTS	homedepot.com	HTTPS://WWW.HOMEDEPOT.COM/B/ASHLEY-HEARTH-PRODUCTS/N-5YC1VZD8X
ASHLEYHEARTHPRODUCTS	ASHLEYHEARTHPRODUCTS	homedepot.com	HTTPS://WWW.HOMEDEPOT.COM/B/HEATING-VENTING-COOLING-HEATERS-WALL-HEATERS/ASHLEY-HEARTH-PRODUCTS/N-5YC1VZC4K3ZD8X
ASHLEYHEARTHPRODUCTS	ASHLEYHEARTHPRODUCTS	homedepot.com	HTTPS://WWW.HOMEDEPOT.COM/B/HEATING-VENTING-COOLING-FIREPLACES-FREESTANDING-STOVES-WOOD-STOVES/ASHLEY-HEARTH-PRODUCTS/N-5YC1VZC4LSZD8X
ASHLEYHEARTHPRODUCTS	ASHLEYHEARTHPRODUCTS	homedepot.com	HTTPS://WWW.HOMEDEPOT.COM/B/HEATING-VENTING-COOLING-FIREPLACES-FREESTANDING-STOVES-FREESTANDING-GAS-STOVES/ASHLEY-HEARTH-PRODUCTS/N-5YC1VZC4MJZD8X
ASHLEYHEARTHPRODUCTS	ASHLEYHEARTHPRODUCTS	homedepot.com	HTTPS://WWW.HOMEDEPOT.COM/B/HEATING-VENTING-COOLING-FIREPLACES-FREESTANDING-STOVES-PELLET-STOVES/ASHLEY-HEARTH-PRODUCTS/N-5YC1VZC7IXZD8X
ASHMANONLINE	ASHMANONLINE	homedepot.com	HTTPS://WWW.HOMEDEPOT.COM/B/ASHMAN-ONLINE/N-5YC1VZTJ1
ASHMANONLINE	ASHMANONLINE	homedepot.com	HTTPS://WWW.HOMEDEPOT.COM/B/OUTDOORS-GARDEN-CENTER-OUTDOOR-DECOR/ASHMAN-ONLINE/N-5YC1VZC6O0ZTJ1
ASHVIOLET	ASHVIOLET	homedepot.com	HTTPS://WWW.HOMEDEPOT.COM/B/PAINT-PAINT-COLORS/ASH-VIOLET/N-5YC1VZCAW8Z1Z0UQ11
ASHWOOD	ASHWOOD	homedepot.com	HTTPS://WWW.HOMEDEPOT.COM/B/LUMBER-COMPOSITES/ASHWOOD/N-5YC1VZBQPGZ1Z0UP8Z
ASHWOOD	ASHWOOD	homedepot.com	HTTPS://WWW.HOMEDEPOT.COM/B/ASHWOOD/N-5YC1VZ1Z0UP8Z
ASMOKE	ASMOKE	homedepot.com	HTTPS://WWW.HOMEDEPOT.COM/B/OUTDOORS-OUTDOOR-COOKING-GRILLS-PELLET-GRILLS/ASMOKE/N-5YC1VZCD18ZSLX
ASOBU	ASOBU	homedepot.com	HTTPS://WWW.HOMEDEPOT.COM/B/ASOBU/N-5YC1VZGV5
ASPARA	ASPARA	homedepot.com	HTTPS://WWW.HOMEDEPOT.COM/B/OUTDOORS-GARDEN-CENTER-PLANT-SEEDS/ASPARA/N-5YC1VZC8QLZRTQ
ASPARA	ASPARA	homedepot.com	HTTPS://WWW.HOMEDEPOT.COM/B/OUTDOORS-GARDEN-CENTER-PLANT-SEEDS-VEGETABLE-SEEDS/ASPARA/N-5YC1VZC8QOZRTQ
ASPARA	ASPARA	homedepot.com	HTTPS://WWW.HOMEDEPOT.COM/B/OUTDOORS-GARDEN-CENTER-HYDROPONIC-GARDENING/ASPARA/N-5YC1VZCEO9ZRTQ
ASPARA	ASPARA	homedepot.com	HTTPS://WWW.HOMEDEPOT.COM/B/OUTDOORS-GARDEN-CENTER-HYDROPONIC-GARDENING-HYDROPONIC-GROWING-MEDIA/ASPARA/N-5YC1VZCEOAZRTQ
ASPARA	ASPARA	homedepot.com	HTTPS://WWW.HOMEDEPOT.COM/B/OUTDOORS-GARDEN-CENTER-HYDROPONIC-GARDENING-HYDROPONIC-GROWING-MEDIA-HYDROPONIC-SEED-STARTERS/ASPARA/N-5YC1VZCFBQZRTQ
ASPARA	ASPARA	homedepot.com	HTTPS://WWW.HOMEDEPOT.COM/B/OUTDOORS-GARDEN-CENTER-PLANT-SEEDS-SEED-STARTERS/ASPARA/N-5YC1VZC8QSZRTQ
ASPARA	ASPARA	homedepot.com	HTTPS://WWW.HOMEDEPOT.COM/B/OUTDOORS-GARDEN-CENTER-HYDROPONIC-GARDENING-HYDROPONIC-SYSTEMS/ASPARA/N-5YC1VZCFC7ZRTQ
ASPARA	ASPARA	homedepot.com	HTTPS://WWW.HOMEDEPOT.COM/B/OUTDOORS-GARDEN-CENTER-ORGANIC-GARDENING-ORGANIC-SEEDS-ORGANIC-VEGETABLE-SEEDS/ASPARA/N-5YC1VZC8QKZRTQ
ASPECTEK	ASPECTEK	homedepot.com	HTTPS://WWW.HOMEDEPOT.COM/B/ASPECTEK/N-5YC1VZDJL
ASPECTEK	ASPECTEK	homedepot.com	HTTPS://WWW.HOMEDEPOT.COM/B/OUTDOORS-GARDEN-CENTER-PEST-CONTROL/ASPECTEK/N-5YC1VZBX4WZDJL
ASPECTEK	ASPECTEK	homedepot.com	HTTPS://WWW.HOMEDEPOT.COM/B/OUTDOORS-GARDEN-CENTER-PEST-CONTROL-INSECT-CONTROL-INSECT-KILLERS-BUG-ZAPPERS/ASPECTEK/N-5YC1VZCALMZDJL
ASPECTS	ASPECTS	homedepot.com	HTTPS://WWW.HOMEDEPOT.COM/B/LIGHTING-PENDANT-LIGHTS/ASPECTS/N-5YC1VZC7NUZ610
ASPENCREATIVE	ASPENCREATIVE	homedepot.com	HTTPS://WWW.HOMEDEPOT.COM/B/ASPEN-CREATIVE/N-5YC1VZVK6
ASPENCREATIVECORPORATION	ASPENCREATIVECORPORATION	homedepot.com	HTTPS://WWW.HOMEDEPOT.COM/B/LIGHTING/ASPEN-CREATIVE-CORPORATION/N-5YC1VZBVN5ZMIR
ASPENCREATIVECORPORATION	ASPENCREATIVECORPORATION	homedepot.com	HTTPS://WWW.HOMEDEPOT.COM/B/LIGHTING-VANITY-LIGHTING/ASPEN-CREATIVE-CORPORATION/N-5YC1VZC7PRZMIR
ASPENCREATIVECORPORATION	ASPENCREATIVECORPORATION	homedepot.com	HTTPS://WWW.HOMEDEPOT.COM/B/LIGHTING-LAMPS-LAMP-SHADES/ASPEN-CREATIVE-CORPORATION/N-5YC1VZC7OVZMIR
ASPENCREATIVECORPORATION	ASPENCREATIVECORPORATION	homedepot.com	HTTPS://WWW.HOMEDEPOT.COM/B/LIGHTING-LAMPS/ASPEN-CREATIVE-CORPORATION/N-5YC1VZC7PDZMIR
ASPENCREATIVECORPORATION	ASPENCREATIVECORPORATION	homedepot.com	HTTPS://WWW.HOMEDEPOT.COM/B/ASPEN-CREATIVE-CORPORATION/E26/N-5YC1VZMIRZ1Z0TP3J
ASPENCREATIVECORPORATION	ASPENCREATIVECORPORATION	homedepot.com	HTTPS://WWW.HOMEDEPOT.COM/B/ASPEN-CREATIVE-CORPORATION/N-5YC1VZMIR
ASPENCREATIVECORPORATION	ASPENCREATIVECORPORATION	homedepot.com	HTTPS://WWW.HOMEDEPOT.COM/B/LIGHTING-CEILING-LIGHTING-ACCESSORIES-GLOBES-SHADES/ASPEN-CREATIVE-CORPORATION/N-5YC1VZC7P4ZMIR
ASPENCREATIVECORPORATION	ASPENCREATIVECORPORATION	homedepot.com	HTTPS://WWW.HOMEDEPOT.COM/B/LIGHTING-PENDANT-LIGHTS/ASPEN-CREATIVE-CORPORATION/N-5YC1VZC7NUZMIR
ASPENCREATIVECORPORATION	ASPENCREATIVECORPORATION	homedepot.com	HTTPS://WWW.HOMEDEPOT.COM/B/LIGHTING-LAMPS-TABLE-LAMPS/ASPEN-CREATIVE-CORPORATION/N-5YC1VZC7PTZMIR
ASPENPET	ASPENPET	homedepot.com	HTTPS://WWW.HOMEDEPOT.COM/B/ASPEN-PET/N-5YC1VZF7L
ASPENPET	ASPENPET	homedepot.com	HTTPS://WWW.HOMEDEPOT.COM/B/OUTDOORS-PET-SUPPLIES-WILDLIFE-DOG-SUPPLIES/ASPEN-PET/N-5YC1VZC4TRZF7L
ASPIREHOMEACCENTS	ASPIREHOMEACCENTS	homedepot.com	HTTPS://WWW.HOMEDEPOT.COM/B/ASPIRE-HOME-ACCENTS/N-5YC1VZMHK
ASPIREHOMEACCENTS	ASPIREHOMEACCENTS	homedepot.com	HTTPS://WWW.HOMEDEPOT.COM/B/FURNITURE-LIVING-ROOM-FURNITURE-ACCENT-TABLES/ASPIRE-HOME-ACCENTS/N-5YC1VZC7NZZMHK
ASPIREHOMEACCENTS	ASPIREHOMEACCENTS	homedepot.com	HTTPS://WWW.HOMEDEPOT.COM/B/HOME-DECOR-WALL-DECOR/ASPIRE-HOME-ACCENTS/N-5YC1VZAR8XZMHK
ASPIREHOMEACCENTS	ASPIREHOMEACCENTS	homedepot.com	HTTPS://WWW.HOMEDEPOT.COM/B/HOME-DECOR-MIRRORS/ASPIRE-HOME-ACCENTS/N-5YC1VZBVE6ZMHK
ASPIREHOMEACCENTS	ASPIREHOMEACCENTS	homedepot.com	HTTPS://WWW.HOMEDEPOT.COM/B/FURNITURE-LIVING-ROOM-FURNITURE/ASPIRE-HOME-ACCENTS/N-5YC1VZC7P3ZMHK
ASPIREHOMEACCENTS	ASPIREHOMEACCENTS	homedepot.com	HTTPS://WWW.HOMEDEPOT.COM/B/FURNITURE/ASPIRE-HOME-ACCENTS/N-5YC1VZC7PCZMHK?_PXHC=1745884800380
ASTELLA	ASTELLA	homedepot.com	HTTPS://WWW.HOMEDEPOT.COM/B/ASTELLA/N-5YC1VZOSX
ASTELLA	ASTELLA	homedepot.com	HTTPS://WWW.HOMEDEPOT.COM/B/HOLIDAY-DECORATIONS-CHRISTMAS-DECORATIONS-CHRISTMAS-TREES-ARTIFICIAL-CHRISTMAS-TREES-PRE-LIT-CHRISTMAS-TREES/ASTELLA/N-5YC1VZC3YPZOSX
ASTEN	ASTEN	homedepot.com	HTTPS://WWW.HOMEDEPOT.COM/B/BABY-KIDS-NURSERY-NURSERY-BABY-FURNITURE/ASTEN/N-5YC1VZCEVPZ1Z1C8CG
ASTER	ASTER	homedepot.com	HTTPS://WWW.HOMEDEPOT.COM/B/OUTDOORS-GARDEN-CENTER-OUTDOOR-PLANTS-GARDEN-FLOWERS-PERENNIALS/ASTER/N-5YC1VZC8RYZ1Z1BQII
ASTER	ASTER	homedepot.com	HTTPS://WWW.HOMEDEPOT.COM/B/OUTDOORS-GARDEN-CENTER-OUTDOOR-PLANTS/ASTER/N-5YC1VZC8RGZ1Z1BQII
ASTREETPRINTS	ASTREETPRINTS	homedepot.com	HTTPS://WWW.HOMEDEPOT.COM/B/HOME-DECOR-WALLPAPER/A-STREET-PRINTS/N-5YC1VZBC0QZRCX
ASTROAI	ASTROAI	homedepot.com	HTTPS://WWW.HOMEDEPOT.COM/B/ASTROAI/N-5YC1VZUVY
ASTROAI	ASTROAI	homedepot.com	HTTPS://WWW.HOMEDEPOT.COM/B/TOOLS/ASTROAI/N-5YC1VZC1XYZUVY
ASTROPNEUMATIC	ASTROPNEUMATIC	homedepot.com	HTTPS://WWW.HOMEDEPOT.COM/B/TOOLS/ASTRO-PNEUMATIC/N-5YC1VZC1XYZFQH
ASTROPNEUMATIC	ASTROPNEUMATIC	homedepot.com	HTTPS://WWW.HOMEDEPOT.COM/B/GARAGE-AUTOMOTIVE-MECHANICS-TOOLS/ASTRO-PNEUMATIC/N-5YC1VZCLB1ZFQH
ATENGNES	ATENGNES	homedepot.com	HTTPS://WWW.HOMEDEPOT.COM/B/ATENGNES/N-5YC1VZZ9E
ATENGNES	ATENGNES	homedepot.com	HTTPS://WWW.HOMEDEPOT.COM/B/OUTDOORS-GARDEN-CENTER-WATERING-IRRIGATION-WATERING-ESSENTIALS-HOSE-FITTINGS/ATENGNES/N-5YC1VZC9BVZZ9E
ATENGNES	ATENGNES	homedepot.com	HTTPS://WWW.HOMEDEPOT.COM/B/OUTDOORS-GARDEN-CENTER-PEST-CONTROL-INSECT-CONTROL-INSECT-TRAPS/ATENGNES/N-5YC1VZCALRZZ9E
ATENGNES	ATENGNES	homedepot.com	HTTPS://WWW.HOMEDEPOT.COM/B/ATENGNES/FITMENT/N-5YC1VZZ9EZ1Z18GK5?NAO=36
ATENGNES	ATENGNES	homedepot.com	HTTPS://WWW.HOMEDEPOT.COM/B/ATENGNES/BORDER-FENCE/N-5YC1VZZ9EZ1Z0VWR3
ATENGNES	ATENGNES	homedepot.com	HTTPS://WWW.HOMEDEPOT.COM/B/OUTDOORS-PATIO-FURNITURE-PATIO-TABLES/ATENGNES/N-5YC1VZCCGLZZ9E
ATENGNES	ATENGNES	homedepot.com	HTTPS://WWW.HOMEDEPOT.COM/B/STORAGE-ORGANIZATION-OUTDOOR-STORAGE/ATENGNES/N-5YC1VZBU96ZZ9E
ATENGNES	ATENGNES	homedepot.com	HTTPS://WWW.HOMEDEPOT.COM/B/STORAGE-ORGANIZATION-OUTDOOR-STORAGE-SHADE-STRUCTURES-CANOPIES-CANOPY-PARTS/ATENGNES/N-5YC1VZCC5EZZ9E
ATENGNES	ATENGNES	homedepot.com	HTTPS://WWW.HOMEDEPOT.COM/B/OUTDOORS-GARDEN-CENTER-GARDEN-TOOLS-GARDENING-TOOLS-AERATORS/ATENGNES/N-5YC1VZC5RPZZ9E
ATENGNES	ATENGNES	homedepot.com	HTTPS://WWW.HOMEDEPOT.COM/B/OUTDOORS-GARDEN-CENTER-PLANT-SUPPORT/ATENGNES/N-5YC1VZBX6IZZ9E
ATENGNES	ATENGNES	homedepot.com	HTTPS://WWW.HOMEDEPOT.COM/B/OUTDOORS-PET-SUPPLIES-WILDLIFE-BIRD-WILDLIFE-SUPPLIES-BIRD-BATHS-BIRD-BATH-FOUNTAINS/ATENGNES/N-5YC1VZCL2NZZ9E
ATENGNES	ATENGNES	homedepot.com	HTTPS://WWW.HOMEDEPOT.COM/B/OUTDOORS-GARDEN-CENTER-PEST-CONTROL-ANIMAL-RODENT-CONTROL-TRAPS/ATENGNES/N-5YC1VZ2FKOQFWZZ9E
ATHMILE	ATHMILE	homedepot.com	HTTPS://WWW.HOMEDEPOT.COM/B/ATHMILE/N-5YC1VZVH3
ATHMILE	ATHMILE	homedepot.com	HTTPS://WWW.HOMEDEPOT.COM/B/FURNITURE-LIVING-ROOM-FURNITURE/ATHMILE/N-5YC1VZC7P3ZVH3
ATLANTICFURNITURE	ATLANTICFURNITURE	homedepot.com	HTTPS://WWW.HOMEDEPOT.COM/B/ATLANTIC-FURNITURE/ADULT/N-5YC1VZMABZ1Z17DKC
ATLANTICFURNITURE	ATLANTICFURNITURE	homedepot.com	HTTPS://WWW.HOMEDEPOT.COM/B/ATLANTIC-FURNITURE/N-5YC1VZMAB
ATLANTICFURNITURE	ATLANTICFURNITURE	homedepot.com	HTTPS://WWW.HOMEDEPOT.COM/B/FURNITURE-BEDROOM-FURNITURE/ATLANTIC-FURNITURE/N-5YC1VZC7PEZMAB
ATLASCONCORDE	ATLASCONCORDE	homedepot.com	HTTPS://WWW.HOMEDEPOT.COM/B/FLOORING-TILE-PORCELAIN-TILE/ATLAS-CONCORDE/N-5YC1VZB97MZ1Z23YMR
ATLASHOMEWARES	ATLASHOMEWARES	homedepot.com	HTTPS://WWW.HOMEDEPOT.COM/B/HARDWARE/ATLAS-HOMEWARES/N-5YC1VZC21MZ4Y6
ATLASHOMEWARES	ATLASHOMEWARES	homedepot.com	HTTPS://WWW.HOMEDEPOT.COM/B/HARDWARE-CABINET-HARDWARE/ATLAS-HOMEWARES/N-5YC1VZC29ZZ4Y6
ATLASHOMEWARES	ATLASHOMEWARES	homedepot.com	HTTPS://WWW.HOMEDEPOT.COM/B/HARDWARE-CABINET-HARDWARE-DRAWER-PULLS/ATLAS-HOMEWARES/N-5YC1VZC29UZ4Y6
ATLASPAPERMILLS	ATLASPAPERMILLS	homedepot.com	HTTPS://WWW.HOMEDEPOT.COM/B/ATLAS-PAPER-MILLS/N-5YC1VZAI2
ATLASPAPERMILLS	ATLASPAPERMILLS	homedepot.com	HTTPS://WWW.HOMEDEPOT.COM/B/CLEANING-HOUSEHOLD-ESSENTIALS/ATLAS-PAPER-MILLS/N-5YC1VZCB3OZAI2
ATLASSTAIRPARTS	ATLASSTAIRPARTS	homedepot.com	HTTPS://WWW.HOMEDEPOT.COM/B/BUILDING-MATERIALS-MOULDING-MILLWORK-STAIRS-RAILINGS/ATLAS-STAIR-PARTS/N-5YC1VZBCROZYUW
ATOMI	ATOMI	homedepot.com	HTTPS://WWW.HOMEDEPOT.COM/B/ATOMI/CHARGING-STATION/N-5YC1VZGZ5Z1Z0SCQT
ATOMI	ATOMI	homedepot.com	HTTPS://WWW.HOMEDEPOT.COM/B/ATOMI/N-5YC1VZGZ5
ATOMICBEAM	ATOMICBEAM	homedepot.com	HTTPS://WWW.HOMEDEPOT.COM/B/ATOMIC-BEAM/LED/N-5YC1VZG8DZ1Z132P0
ATOMISMART	ATOMISMART	homedepot.com	HTTPS://WWW.HOMEDEPOT.COM/B/SMART-HOME-SMART-DEVICES/ATOMI-SMART/N-5YC1VZ2FKP3E0ZPMK
ATOMISMART	ATOMISMART	homedepot.com	HTTPS://WWW.HOMEDEPOT.COM/B/ATOMI-SMART/N-5YC1VZPMK
ATOMISMART	ATOMISMART	homedepot.com	HTTPS://WWW.HOMEDEPOT.COM/B/LIGHTING-CEILING-FANS/ATOMI-SMART/N-5YC1VZBVLQZPMK
ATOMISMART	ATOMISMART	homedepot.com	HTTPS://WWW.HOMEDEPOT.COM/B/LIGHTING/ATOMI-SMART/N-5YC1VZBVN5ZPMK
ATOMISMART	ATOMISMART	homedepot.com	HTTPS://WWW.HOMEDEPOT.COM/B/SMART-HOME/ATOMI-SMART/N-5YC1VZC1JWZPMK
ATOMISMART	ATOMISMART	homedepot.com	HTTPS://WWW.HOMEDEPOT.COM/B/SMART-HOME-SMART-DEVICES-SMART-HOME-SYSTEMS/ATOMI-SMART/N-5YC1VZC7C9ZPMK
ATOMSTACK	ATOMSTACK	homedepot.com	HTTPS://WWW.HOMEDEPOT.COM/B/APPLIANCES/ATOMSTACK/N-5YC1VZBV1WZZKM
ATOUCHOFDESIGN	ATOUCHOFDESIGN	homedepot.com	HTTPS://WWW.HOMEDEPOT.COM/B/A-TOUCH-OF-DESIGN/N-5YC1VZRBT
ATOUCHOFDESIGN	ATOUCHOFDESIGN	homedepot.com	HTTPS://WWW.HOMEDEPOT.COM/B/LIGHTING/A-TOUCH-OF-DESIGN/N-5YC1VZBVN5ZRBT
ATOUCHOFDESIGN	ATOUCHOFDESIGN	homedepot.com	HTTPS://WWW.HOMEDEPOT.COM/B/LIGHTING-PENDANT-LIGHTS/A-TOUCH-OF-DESIGN/N-5YC1VZC7NUZRBT
ATOUCHOFDESIGN	ATOUCHOFDESIGN	homedepot.com	HTTPS://WWW.HOMEDEPOT.COM/B/LIGHTING-CHANDELIERS/A-TOUCH-OF-DESIGN/N-5YC1VZC7O0ZRBT
ATOUCHOFDESIGN	ATOUCHOFDESIGN	homedepot.com	HTTPS://WWW.HOMEDEPOT.COM/B/LIGHTING-VANITY-LIGHTING/A-TOUCH-OF-DESIGN/N-5YC1VZC7PRZRBT
ATPAUTOMOTIVE	ATPAUTOMOTIVE	homedepot.com	HTTPS://WWW.HOMEDEPOT.COM/B/AUTOMOTIVE-AUTO-PARTS/ATP-AUTOMOTIVE/N-5YC1VZNX7ZC8SS
ATRARTTOREAL	ATRARTTOREAL	homedepot.com	HTTPS://WWW.HOMEDEPOT.COM/B/OUTDOORS-PATIO-FURNITURE-PATIO-CHAIRS-OUTDOOR-LOUNGE-CHAIRS/ATR-ART-TO-REAL/N-5YC1VZCCG2ZZFR
ATRIX	ATRIX	homedepot.com	HTTPS://WWW.HOMEDEPOT.COM/B/ATRIX/N-5YC1VZABU
ATRIX	ATRIX	homedepot.com	HTTPS://WWW.HOMEDEPOT.COM/B/APPLIANCES/ATRIX/N-5YC1VZBV1WZABU
ATRIX	ATRIX	homedepot.com	HTTPS://WWW.HOMEDEPOT.COM/B/APPLIANCES-FLOOR-CARE-VACUUMS-VACUUM-CLEANERS/ATRIX/N-5YC1VZBV74ZABU
ATRIXINTERNATIONAL	ATRIXINTERNATIONAL	homedepot.com	HTTPS://WWW.HOMEDEPOT.COM/B/ATRIX-INTERNATIONAL/N-5YC1VZDVV
ATRIXINTERNATIONAL	ATRIXINTERNATIONAL	homedepot.com	HTTPS://WWW.HOMEDEPOT.COM/B/APPLIANCES-FLOOR-CARE-VACUUMS-VACUUM-CLEANERS/ATRIX-INTERNATIONAL/N-5YC1VZBV74ZDVV
ATSKO	ATSKO	homedepot.com	HTTPS://WWW.HOMEDEPOT.COM/B/ATSKO/N-5YC1VZFS3
ATTICEASE	ATTICEASE	homedepot.com	HTTPS://WWW.HOMEDEPOT.COM/B/ATTIC-EASE/N-5YC1VZCC0
ATTICEASE	ATTICEASE	homedepot.com	HTTPS://WWW.HOMEDEPOT.COM/B/BUILDING-MATERIALS-LADDERS-LADDER-ACCESSORIES/ATTIC-EASE/N-5YC1VZAQ1YZCC0
ATTICEASE	ATTICEASE	homedepot.com	HTTPS://WWW.HOMEDEPOT.COM/B/BUILDING-MATERIALS-LADDERS/ATTIC-EASE/N-5YC1VZAQNPZCC0
ATTICTRACPLUS	ATTICTRACPLUS	homedepot.com	HTTPS://WWW.HOMEDEPOT.COM/B/ATTIC-TRAC-PLUS/N-5YC1VZRPN
ATTICTRACPLUS	ATTICTRACPLUS	homedepot.com	HTTPS://WWW.HOMEDEPOT.COM/B/STORAGE-ORGANIZATION-GARAGE-STORAGE-GARAGE-STORAGE-SYSTEMS/ATTIC-TRAC-PLUS/N-5YC1VZ2FKOO3YZRPN
ATTICTRACPLUS	ATTICTRACPLUS	homedepot.com	HTTPS://WWW.HOMEDEPOT.COM/B/STORAGE-ORGANIZATION-GARAGE-STORAGE-GARAGE-RACKS/ATTIC-TRAC-PLUS/N-5YC1VZCCYTZRPN
ATTICTRACPLUS	ATTICTRACPLUS	homedepot.com	HTTPS://WWW.HOMEDEPOT.COM/B/ATTIC-TRAC-PLUS/WOOD/N-5YC1VZRPNZ1Z0ND9P
ATTICTRACPLUS	ATTICTRACPLUS	homedepot.com	HTTPS://WWW.HOMEDEPOT.COM/B/STORAGE-ORGANIZATION-GARAGE-STORAGE/ATTIC-TRAC-PLUS/N-5YC1VZARMIZRPN
ATTICTRACPLUS	ATTICTRACPLUS	homedepot.com	HTTPS://WWW.HOMEDEPOT.COM/B/STORAGE-ORGANIZATION-GARAGE-STORAGE-GARAGE-RACKS-GARAGE-OVERHEAD-STORAGE/ATTIC-TRAC-PLUS/N-5YC1VZCCYYZRPN
ATTOP	ATTOP	homedepot.com	HTTPS://WWW.HOMEDEPOT.COM/B/KITCHEN-KITCHEN-SINKS-UNDERMOUNT-KITCHEN-SINKS/ATTOP/N-5YC1VZCGK0ZTKV
ATTOP	ATTOP	homedepot.com	HTTPS://WWW.HOMEDEPOT.COM/B/KITCHEN-KITCHEN-SINKS/ATTOP/N-5YC1VZARSAZTKV
ATTWOOD	ATTWOOD	homedepot.com	HTTPS://WWW.HOMEDEPOT.COM/B/SPORTS-OUTDOORS-BOATING-BOATS-BOAT-PARTS-ACCESSORIES/ATTWOOD/N-5YC1VZC45EZ74
ATTWOOD	ATTWOOD	homedepot.com	HTTPS://WWW.HOMEDEPOT.COM/B/ATTWOOD/N-5YC1VZ74
ATWOOD	ATWOOD	homedepot.com	HTTPS://WWW.HOMEDEPOT.COM/B/ATWOOD/N-5YC1VZP7D
AUDIOPIPE	AUDIOPIPE	homedepot.com	HTTPS://WWW.HOMEDEPOT.COM/B/AUDIOPIPE/N-5YC1VZROW
AUDIOPIPE	AUDIOPIPE	homedepot.com	HTTPS://WWW.HOMEDEPOT.COM/B/ELECTRICAL-ELECTRONICS-HOME-AUDIO-SPEAKERS/AUDIOPIPE/N-5YC1VZC654ZROW
AUDIOSOURCE	AUDIOSOURCE	homedepot.com	HTTPS://WWW.HOMEDEPOT.COM/B/ELECTRICAL-ELECTRONICS-HOME-AUDIO-RECEIVERS-AMPLIFIERS/AUDIOSOURCE/N-5YC1VZC64UZAL5
AUGASONFARMS	AUGASONFARMS	homedepot.com	HTTPS://WWW.HOMEDEPOT.COM/B/AUGASON-FARMS/N-5YC1VZNFX
AULIGET	AULIGET	homedepot.com	HTTPS://WWW.HOMEDEPOT.COM/B/HOME-DECOR-WALL-DECOR-PEEL-AND-STICK-BACKSPLASH/AULIGET/N-5YC1VZCKSPZV0H
AULIGET	AULIGET	homedepot.com	HTTPS://WWW.HOMEDEPOT.COM/B/AULIGET/N-5YC1VZV0H
AURAGLASS	AURAGLASS	homedepot.com	HTTPS://WWW.HOMEDEPOT.COM/B/AURA-GLASS/N-5YC1VZHC5
AURALED	AURALED	homedepot.com	HTTPS://WWW.HOMEDEPOT.COM/B/AURALED/N-5YC1VZVF4
AURALED	AURALED	homedepot.com	HTTPS://WWW.HOMEDEPOT.COM/B/LIGHTING/AURALED/N-5YC1VZBVN5ZVF4
AURALEX	AURALEX	homedepot.com	HTTPS://WWW.HOMEDEPOT.COM/B/AURALEX/N-5YC1VZAY0
AURAOUTDOOR	AURAOUTDOOR	homedepot.com	HTTPS://WWW.HOMEDEPOT.COM/B/OUTDOORS-PATIO-FURNITURE-OUTDOOR-LOUNGE-FURNITURE/AURA-OUTDOOR/N-5YC1VZCFJ3ZZRZ
AURAOUTDOOR	AURAOUTDOOR	homedepot.com	HTTPS://WWW.HOMEDEPOT.COM/B/OUTDOORS-PATIO-FURNITURE/AURA-OUTDOOR/N-5YC1VZBX4OZZRZ
AURAOUTDOOR	AURAOUTDOOR	homedepot.com	HTTPS://WWW.HOMEDEPOT.COM/B/OUTDOORS/AURA-OUTDOOR/N-5YC1VZBX82ZZRZ
AURAOUTDOORPRODUCTS	AURAOUTDOORPRODUCTS	homedepot.com	HTTPS://WWW.HOMEDEPOT.COM/B/AURA-OUTDOOR-PRODUCTS/N-5YC1VZOHR
AURAOUTDOORPRODUCTS	AURAOUTDOORPRODUCTS	homedepot.com	HTTPS://WWW.HOMEDEPOT.COM/B/OUTDOORS-OUTDOOR-COOKING-GRILL-ACCESSORIES-GRILLING-COOKWARE-GRILL-RACKS/AURA-OUTDOOR-PRODUCTS/N-5YC1VZCD1IZOHR
AURAOUTDOORPRODUCTS	AURAOUTDOORPRODUCTS	homedepot.com	HTTPS://WWW.HOMEDEPOT.COM/B/OUTDOORS-OUTDOOR-COOKING-GRILL-ACCESSORIES-GRILLING-COOKWARE/AURA-OUTDOOR-PRODUCTS/N-5YC1VZCD1CZOHR
AURAOUTDOORPRODUCTS	AURAOUTDOORPRODUCTS	homedepot.com	HTTPS://WWW.HOMEDEPOT.COM/B/OUTDOORS-OUTDOOR-COOKING-GRILL-REPLACEMENT-PARTS-GRILL-GRATES/AURA-OUTDOOR-PRODUCTS/N-5YC1VZBXDEZOHR
AURAOUTDOORPRODUCTS	AURAOUTDOORPRODUCTS	homedepot.com	HTTPS://WWW.HOMEDEPOT.COM/B/AURA-OUTDOOR-PRODUCTS/GRIDDLE/N-5YC1VZOHRZ1Z0M8N4
AURIOLIGHTING	AURIOLIGHTING	homedepot.com	HTTPS://WWW.HOMEDEPOT.COM/B/LIGHTING-STRING-LIGHTS/AURIO-LIGHTING/N-5YC1VZCDPXZNMO
AURIOLIGHTING	AURIOLIGHTING	homedepot.com	HTTPS://WWW.HOMEDEPOT.COM/B/AURIO-LIGHTING/LED/N-5YC1VZNMOZ1Z11ERC
AURIOLIGHTING	AURIOLIGHTING	homedepot.com	HTTPS://WWW.HOMEDEPOT.COM/B/AURIO-LIGHTING/N-5YC1VZNMO
AURIOLIGHTING	AURIOLIGHTING	homedepot.com	HTTPS://WWW.HOMEDEPOT.COM/B/HOLIDAY-DECORATIONS-CHRISTMAS-DECORATIONS-CHRISTMAS-LIGHTS/AURIO-LIGHTING/N-5YC1VZC3TBZNMO
AURIOLIGHTING	AURIOLIGHTING	homedepot.com	HTTPS://WWW.HOMEDEPOT.COM/B/HOLIDAY-DECORATIONS-CHRISTMAS-DECORATIONS-CHRISTMAS-TREES/AURIO-LIGHTING/N-5YC1VZC3RZZNMO
AURIOLIGHTING	AURIOLIGHTING	homedepot.com	HTTPS://WWW.HOMEDEPOT.COM/B/AURIO-LIGHTING/617-LB/N-5YC1VZNMOZ1Z101S1
AURORAHEALTHBEAUTY	AURORAHEALTHBEAUTY	homedepot.com	HTTPS://WWW.HOMEDEPOT.COM/B/HEALTH-AND-WELLNESS-PERSONAL-CARE-APPLIANCES-MASSAGERS/AURORA-HEALTH-BEAUTY/N-5YC1VZC6A4ZLXE
AURORAHEALTHBEAUTY	AURORAHEALTHBEAUTY	homedepot.com	HTTPS://WWW.HOMEDEPOT.COM/B/HEALTH-AND-WELLNESS-PERSONAL-CARE-APPLIANCES/AURORA-HEALTH-BEAUTY/N-5YC1VZC69EZLXE
AURORALIGHTING	AURORALIGHTING	homedepot.com	HTTPS://WWW.HOMEDEPOT.COM/B/LIGHTING/AURORA-LIGHTING/N-5YC1VZBVN5ZCI3
AUSION	AUSION	homedepot.com	HTTPS://WWW.HOMEDEPOT.COM/B/AUS-ION/HEAVY-DUTY/N-5YC1VZHQVZ1Z0LZWG
AUSTINALLENCO	AUSTINALLENCO	homedepot.com	HTTPS://WWW.HOMEDEPOT.COM/B/LIGHTING-PENDANT-LIGHTS/AUSTIN-ALLEN-CO/N-5YC1VZC7NUZ100B
AUTHENTIK	AUTHENTIK	homedepot.com	HTTPS://WWW.HOMEDEPOT.COM/B/AUTHENTIK/N-5YC1VZVLZ
AUTOCOVE	AUTOCOVE	homedepot.com	HTTPS://WWW.HOMEDEPOT.COM/B/STORAGE-ORGANIZATION-OUTDOOR-STORAGE-CAR-STORAGE-CARPORTS/AUTOCOVE/N-5YC1VZBTY1ZV23
AUTOCOVE	AUTOCOVE	homedepot.com	HTTPS://WWW.HOMEDEPOT.COM/B/STORAGE-ORGANIZATION-OUTDOOR-STORAGE-CAR-STORAGE/AUTOCOVE/N-5YC1VZCC5IZV23
AUTOEXEC	AUTOEXEC	homedepot.com	HTTPS://WWW.HOMEDEPOT.COM/B/AUTOEXEC/N-5YC1VZLRC
AUTOEXEC	AUTOEXEC	homedepot.com	HTTPS://WWW.HOMEDEPOT.COM/B/GARAGE-AUTOMOTIVE-INTERIOR-CAR-ACCESSORIES-OTHER-INTERIOR-AUTO-ACCESSORIES/AUTOEXEC/N-5YC1VZCLAKZLRC
AUTOEXEC	AUTOEXEC	homedepot.com	HTTPS://WWW.HOMEDEPOT.COM/B/GARAGE-AUTOMOTIVE/AUTOEXEC/N-5YC1VZC8O1ZLRC
AUTOGRADE	AUTOGRADE	homedepot.com	HTTPS://WWW.HOMEDEPOT.COM/B/AUTOGRADE/N-5YC1VZPCT
AUTOGRADE	AUTOGRADE	homedepot.com	HTTPS://WWW.HOMEDEPOT.COM/B/GARAGE-AUTOMOTIVE-AUTO-PARTS/AUTOGRADE/N-5YC1VZC8SSZPCT
AUTOGRADE	AUTOGRADE	homedepot.com	HTTPS://WWW.HOMEDEPOT.COM/B/GARAGE-AUTOMOTIVE-AUTO-PARTS-ENGINE-PARTS/AUTOGRADE/N-5YC1VZCLASZPCT
AUTOJOE	AUTOJOE	homedepot.com	HTTPS://WWW.HOMEDEPOT.COM/B/AUTO-JOE/N-5YC1VZUNO
AUTOLITE	AUTOLITE	homedepot.com	HTTPS://WWW.HOMEDEPOT.COM/B/GARAGE-AUTOMOTIVE-AUTO-PARTS/AUTOLITE/N-5YC1VZC8SSZO9O
AUTOLITE	AUTOLITE	homedepot.com	HTTPS://WWW.HOMEDEPOT.COM/B/AUTOLITE/N-5YC1VZO9O
AUTOMATIONSYSTEMSINTERCONNECT	AUTOMATIONSYSTEMSINTERCONNECT	homedepot.com	HTTPS://WWW.HOMEDEPOT.COM/B/AUTOMATION-SYSTEMS-INTERCONNECT/N-5YC1VZNGL
AUTOMATIONSYSTEMSINTERCONNECT	AUTOMATIONSYSTEMSINTERCONNECT	homedepot.com	HTTPS://WWW.HOMEDEPOT.COM/B/ELECTRICAL-ELECTRONICS-CABLES/AUTOMATION-SYSTEMS-INTERCONNECT/N-5YC1VZC652ZNGL
AUTOMATIONSYSTEMSINTERCONNECT	AUTOMATIONSYSTEMSINTERCONNECT	homedepot.com	HTTPS://WWW.HOMEDEPOT.COM/B/ELECTRICAL-ELECTRICAL-TOOLS-WIRE-CONDUIT-TOOLS-WIRE-CONNECTORS-WIRE-TERMINALS/AUTOMATION-SYSTEMS-INTERCONNECT/N-5YC1VZBMCOZNGL
AUTOMATIONSYSTEMSINTERCONNECT	AUTOMATIONSYSTEMSINTERCONNECT	homedepot.com	HTTPS://WWW.HOMEDEPOT.COM/B/ELECTRICAL-ELECTRONICS/AUTOMATION-SYSTEMS-INTERCONNECT/N-5YC1VZC958ZNGL
AUTOMATIONSYSTEMSINTERCONNECT	AUTOMATIONSYSTEMSINTERCONNECT	homedepot.com	HTTPS://WWW.HOMEDEPOT.COM/B/ELECTRICAL/AUTOMATION-SYSTEMS-INTERCONNECT/N-5YC1VZARCDZNGL
AUTOMATIONSYSTEMSINTERCONNECT	AUTOMATIONSYSTEMSINTERCONNECT	homedepot.com	HTTPS://WWW.HOMEDEPOT.COM/B/ELECTRICAL-WIRING-DEVICES-LIGHT-CONTROLS-ELECTRICAL-OUTLETS-RECEPTACLES-OUTLETS/AUTOMATION-SYSTEMS-INTERCONNECT/N-5YC1VZ2FKPDZ5ZNGL
AUTOMATIONSYSTEMSINTERCONNECT	AUTOMATIONSYSTEMSINTERCONNECT	homedepot.com	HTTPS://WWW.HOMEDEPOT.COM/B/ELECTRICAL-WIRING-DEVICES-LIGHT-CONTROLS-ELECTRICAL-OUTLETS-RECEPTACLES/AUTOMATION-SYSTEMS-INTERCONNECT/N-5YC1VZC33AZNGL
AUTOMATIONSYSTEMSINTERCONNECT	AUTOMATIONSYSTEMSINTERCONNECT	homedepot.com	HTTPS://WWW.HOMEDEPOT.COM/B/ELECTRICAL-ELECTRICAL-BOXES-CONDUIT-FITTINGS-ACCESSORIES/AUTOMATION-SYSTEMS-INTERCONNECT/N-5YC1VZBMAFZNGL
AUTORIGHT	AUTORIGHT	homedepot.com	HTTPS://WWW.HOMEDEPOT.COM/B/AUTORIGHT/N-5YC1VZG7W
AUTORIGHT	AUTORIGHT	homedepot.com	HTTPS://WWW.HOMEDEPOT.COM/B/GARAGE-AUTOMOTIVE-CAR-CLEANING-SUPPLIES/AUTORIGHT/N-5YC1VZC8NEZG7W
AUTOSTICKS	AUTOSTICKS	homedepot.com	HTTPS://WWW.HOMEDEPOT.COM/B/AUTOSTICKS/N-5YC1VZFLE
AUTOSTICKS	AUTOSTICKS	homedepot.com	HTTPS://WWW.HOMEDEPOT.COM/B/AUTOMOTIVE-CAR-CLEANING-SUPPLIES/AUTOSTICKS/N-5YC1VZC8NEZFLE
AUTOTEK	AUTOTEK	homedepot.com	HTTPS://WWW.HOMEDEPOT.COM/B/AUTOTEK/N-5YC1VZPWG
AUTOTEK	AUTOTEK	homedepot.com	HTTPS://WWW.HOMEDEPOT.COM/B/GARAGE-AUTOMOTIVE/AUTOTEK/N-5YC1VZC8O1ZPWG
AUXIWA	AUXIWA	homedepot.com	HTTPS://WWW.HOMEDEPOT.COM/B/AUXIWA/N-5YC1VZSX8
AUXIWA	AUXIWA	homedepot.com	HTTPS://WWW.HOMEDEPOT.COM/B/AUXIWA/1-YEAR-LIMITED/N-5YC1VZSX8Z1Z0SAR1
AUXTUR	AUXTUR	homedepot.com	HTTPS://WWW.HOMEDEPOT.COM/B/AUXTUR/N-5YC1VZZOX
AUXTUR	AUXTUR	homedepot.com	HTTPS://WWW.HOMEDEPOT.COM/B/TOOLS-HAND-TOOLS-TOOL-ACCESSORIES/AUXTUR/N-5YC1VZC1ZWZZOX
AUXTUR	AUXTUR	homedepot.com	HTTPS://WWW.HOMEDEPOT.COM/B/TOOLS-HAND-TOOLS-KNIVES-BLADES/AUXTUR/N-5YC1VZC21PZZOX
AVALLON	AVALLON	homedepot.com	HTTPS://WWW.HOMEDEPOT.COM/B/AVALLON/N-5YC1VZDDQ
AVALLON	AVALLON	homedepot.com	HTTPS://WWW.HOMEDEPOT.COM/B/APPLIANCES/AVALLON/N-5YC1VZBV1WZDDQ
AVANTDECOR	AVANTDECOR	homedepot.com	HTTPS://WWW.HOMEDEPOT.COM/B/AVANT-DECOR/N-5YC1VZV9M
AVANTDECOR	AVANTDECOR	homedepot.com	HTTPS://WWW.HOMEDEPOT.COM/B/HOME-DECOR-WALL-DECOR-PEEL-AND-STICK-BACKSPLASH/AVANT-DECOR/N-5YC1VZCKSPZV9M
AVANTDECOR	AVANTDECOR	homedepot.com	HTTPS://WWW.HOMEDEPOT.COM/B/HOME-DECOR-WALL-DECOR/AVANT-DECOR/N-5YC1VZAR8XZV9M
AVANTE	AVANTE	homedepot.com	HTTPS://WWW.HOMEDEPOT.COM/B/AVANTE/N-5YC1VZPTB
AVANTI	AVANTI	homedepot.com	HTTPS://WWW.HOMEDEPOT.COM/B/APPLIANCES/AVANTI/N-5YC1VZBV1WZ4LC
AVANTILINENS	AVANTILINENS	homedepot.com	HTTPS://WWW.HOMEDEPOT.COM/B/HOME-DECOR-BEDDING-BATH-TOWELS/AVANTI-LINENS/N-5YC1VZCFVAZH64
AVANTILINENS	AVANTILINENS	homedepot.com	HTTPS://WWW.HOMEDEPOT.COM/B/AVANTI-LINENS/N-5YC1VZH64
AVANTIPRO	AVANTIPRO	homedepot.com	HTTPS://WWW.HOMEDEPOT.COM/B/AVANTI-PRO/N-5YC1VZ4QV
AVANTIPRO	AVANTIPRO	homedepot.com	HTTPS://WWW.HOMEDEPOT.COM/B/TOOLS/AVANTI-PRO/N-5YC1VZC1XYZ4QV
AVANTIPRO	AVANTIPRO	homedepot.com	HTTPS://WWW.HOMEDEPOT.COM/B/TOOLS-POWER-TOOL-ACCESSORIES-ABRASIVES-GRINDER-ACCESSORIES-GRINDING-WHEELS-CUT-OFF-WHEELS/AVANTI-PRO/N-5YC1VZC8Y5Z4QV
AVANTIPRO	AVANTIPRO	homedepot.com	HTTPS://WWW.HOMEDEPOT.COM/B/TOOLS-POWER-TOOL-ACCESSORIES-SAW-BLADES/AVANTI-PRO/N-5YC1VZC2JYZ4QV
AVATARCONTROLS	AVATARCONTROLS	homedepot.com	HTTPS://WWW.HOMEDEPOT.COM/B/AVATAR-CONTROLS/N-5YC1VZTT1
AVATARCONTROLS	AVATARCONTROLS	homedepot.com	HTTPS://WWW.HOMEDEPOT.COM/B/AVATAR-CONTROLS/SMART-HOME-ENABLED/N-5YC1VZTT1Z1Z0KIRF
AVATARCONTROLS	AVATARCONTROLS	homedepot.com	HTTPS://WWW.HOMEDEPOT.COM/B/ELECTRICAL-WIRING-DEVICES-LIGHT-CONTROLS/AVATAR-CONTROLS/N-5YC1VZC34HZTT1
AVENCO	AVENCO	homedepot.com	HTTPS://WWW.HOMEDEPOT.COM/B/FURNITURE-BEDROOM-FURNITURE-MATTRESSES/AVENCO/N-5YC1VZC7OEZVI3
AVENLUR	AVENLUR	homedepot.com	HTTPS://WWW.HOMEDEPOT.COM/B/AVENLUR/N-5YC1VZTWA
AVENUE33	AVENUE33	homedepot.com	HTTPS://WWW.HOMEDEPOT.COM/B/AVENUE-33/N-5YC1VZR8X
AVENUE33	AVENUE33	homedepot.com	HTTPS://WWW.HOMEDEPOT.COM/B/FLOORING-RUGS-AREA-RUGS/AVENUE-33/N-5YC1VZARJGZR8X
AVESIX	AVESIX	homedepot.com	HTTPS://WWW.HOMEDEPOT.COM/B/FURNITURE-LIVING-ROOM-FURNITURE/AVE-SIX/N-5YC1VZC7P3Z9PX
AVF	AVF	homedepot.com	HTTPS://WWW.HOMEDEPOT.COM/B/FURNITURE-LIVING-ROOM-FURNITURE/AVF/N-5YC1VZC7P3ZE9B
AVF	AVF	homedepot.com	HTTPS://WWW.HOMEDEPOT.COM/B/FURNITURE/AVF/N-5YC1VZC7PCZE9B
AVF	AVF	homedepot.com	HTTPS://WWW.HOMEDEPOT.COM/B/ELECTRICAL-ELECTRONICS-HOME-AUDIO-AUDIO-ACCESSORIES/AVF/N-5YC1VZ2FKOOLIZE9B
AVITAL	AVITAL	homedepot.com	HTTPS://WWW.HOMEDEPOT.COM/B/AVITAL/N-5YC1VZQFI
AVONDALEMANOR	AVONDALEMANOR	homedepot.com	HTTPS://WWW.HOMEDEPOT.COM/B/AVONDALE-MANOR/N-5YC1VZNDV
AVONDALEMANOR	AVONDALEMANOR	homedepot.com	HTTPS://WWW.HOMEDEPOT.COM/B/HOME-DECOR-BEDDING-COMFORTERS/AVONDALE-MANOR/N-5YC1VZC1JZZNDV
AVONDALEMANOR	AVONDALEMANOR	homedepot.com	HTTPS://WWW.HOMEDEPOT.COM/B/HOME-DECOR-BEDDING/AVONDALE-MANOR/N-5YC1VZCI04ZNDV
AVUE	AVUE	homedepot.com	HTTPS://WWW.HOMEDEPOT.COM/B/AVUE/N-5YC1VZEA3
AVUE	AVUE	homedepot.com	HTTPS://WWW.HOMEDEPOT.COM/B/ELECTRICAL-HOME-SECURITY-SECURITY-CAMERA-ACCESSORIES-SECURITY-MONITORS/AVUE/N-5YC1VZC20AZEA3
AVUE	AVUE	homedepot.com	HTTPS://WWW.HOMEDEPOT.COM/B/ELECTRICAL-HOME-SECURITY-SECURITY-CAMERA-ACCESSORIES-SECURITY-CAMERA-RECORDERS/AVUE/N-5YC1VZ2FKOUWHZEA3
AVUE	AVUE	homedepot.com	HTTPS://WWW.HOMEDEPOT.COM/B/TOOLS/AVUE/N-5YC1VZC1XYZEA3
AVUE	AVUE	homedepot.com	HTTPS://WWW.HOMEDEPOT.COM/B/ELECTRICAL-HOME-SECURITY-SECURITY-CAMERAS/AVUE/N-5YC1VZC20VZEA3
AVXAUDIO	AVXAUDIO	homedepot.com	HTTPS://WWW.HOMEDEPOT.COM/B/AVX-AUDIO/N-5YC1VZOSM
AVXAUDIO	AVXAUDIO	homedepot.com	HTTPS://WWW.HOMEDEPOT.COM/B/ELECTRICAL-ELECTRONICS/AVX-AUDIO/N-5YC1VZC958ZOSM
AVXAUDIO	AVXAUDIO	homedepot.com	HTTPS://WWW.HOMEDEPOT.COM/B/ELECTRICAL-ELECTRONICS-HOME-AUDIO-SPEAKERS/AVX-AUDIO/N-5YC1VZC654ZOSM
AVXAUDIO	AVXAUDIO	homedepot.com	HTTPS://WWW.HOMEDEPOT.COM/B/ELECTRICAL/AVX-AUDIO/N-5YC1VZARCDZOSM
AVXAUDIO	AVXAUDIO	homedepot.com	HTTPS://WWW.HOMEDEPOT.COM/B/ELECTRICAL-ELECTRONICS-HOME-AUDIO-RECEIVERS-AMPLIFIERS/AVX-AUDIO/N-5YC1VZC64UZOSM
AWFPRO	AWFPRO	homedepot.com	HTTPS://WWW.HOMEDEPOT.COM/B/AWF-PRO/N-5YC1VZQZM
AWNINGS	AWNINGS	homedepot.com	HTTPS://WWW.HOMEDEPOT.COM/B/DOORS-WINDOWS-AWNINGS/N-5YC1VZASIT
AWNTECH	AWNTECH	homedepot.com	HTTPS://WWW.HOMEDEPOT.COM/B/DOORS-WINDOWS-AWNINGS/AWNTECH/N-5YC1VZASITZ9D1
AWNTECH	AWNTECH	homedepot.com	HTTPS://WWW.HOMEDEPOT.COM/B/DOORS-WINDOWS-AWNINGS-RETRACTABLE-AWNINGS/AWNTECH/N-5YC1VZBBUKZ9D1
AWNTECH	AWNTECH	homedepot.com	HTTPS://WWW.HOMEDEPOT.COM/B/AWNTECH/N-5YC1VZ9D1
AWOCO	AWOCO	homedepot.com	HTTPS://WWW.HOMEDEPOT.COM/B/APPLIANCES-RANGE-HOODS-UNDER-CABINET-RANGE-HOODS/AWOCO/N-5YC1VZC3OHZVPP
AWOCO	AWOCO	homedepot.com	HTTPS://WWW.HOMEDEPOT.COM/B/APPLIANCES/AWOCO/N-5YC1VZBV1WZVPP
AWSENS	AWSENS	homedepot.com	HTTPS://WWW.HOMEDEPOT.COM/B/LIGHTING-LIGHT-BULBS-LED-LIGHT-BULBS/AWSENS/N-5YC1VZBM79ZOLP
AWSENS	AWSENS	homedepot.com	HTTPS://WWW.HOMEDEPOT.COM/B/LIGHTING-OUTDOOR-LIGHTING-SECURITY-LIGHTS-FLOODLIGHTS/AWSENS/N-5YC1VZCDQGZOLP
AWSENS	AWSENS	homedepot.com	HTTPS://WWW.HOMEDEPOT.COM/B/AWSENS/N-5YC1VZOLP
AWSENS	AWSENS	homedepot.com	HTTPS://WWW.HOMEDEPOT.COM/B/LIGHTING-OUTDOOR-LIGHTING-SECURITY-LIGHTS/AWSENS/N-5YC1VZC7QFZOLP
AWSENS	AWSENS	homedepot.com	HTTPS://WWW.HOMEDEPOT.COM/B/LIGHTING-OUTDOOR-LIGHTING/AWSENS/N-5YC1VZC7QVZOLP
AXESS	AXESS	homedepot.com	HTTPS://WWW.HOMEDEPOT.COM/B/AXESS/N-5YC1VZQKP
AXISINTERNATIONAL	AXISINTERNATIONAL	homedepot.com	HTTPS://WWW.HOMEDEPOT.COM/B/AXIS-INTERNATIONAL/N-5YC1VZ8IM
AXXESS	AXXESS	homedepot.com	HTTPS://WWW.HOMEDEPOT.COM/B/HARDWARE-KEYS/AXXESS/N-5YC1VZC2DUZPCD
AYESHACURRY	AYESHACURRY	homedepot.com	HTTPS://WWW.HOMEDEPOT.COM/B/KITCHEN-KITCHENWARE-COOKWARE/AYESHA-CURRY/N-5YC1VZC7G9ZN1C
AYESHACURRY	AYESHACURRY	homedepot.com	HTTPS://WWW.HOMEDEPOT.COM/B/AYESHA-CURRY/N-5YC1VZN1C
AYMCDONALD	AYMCDONALD	homedepot.com	HTTPS://WWW.HOMEDEPOT.COM/B/PLUMBING/AY-MCDONALD/N-5YC1VZBQEWZQCZ
AYNADECORS	AYNADECORS	homedepot.com	HTTPS://WWW.HOMEDEPOT.COM/B/BATH-BATHROOM-VANITIES-BATHROOM-VANITIES-WITH-TOPS/AYNA-DECORS/N-5YC1VZCFW5Z10N1
AYNADECORS	AYNADECORS	homedepot.com	HTTPS://WWW.HOMEDEPOT.COM/B/AYNA-DECORS/N-5YC1VZ10N1
AYP	AYP	homedepot.com	HTTPS://WWW.HOMEDEPOT.COM/B/OUTDOORS-OUTDOOR-POWER-EQUIPMENT-RIDING-LAWN-MOWERS/AYP/N-5YC1VZC5AXZ1Z1B25G
AYP	AYP	homedepot.com	HTTPS://WWW.HOMEDEPOT.COM/B/OUTDOORS-OUTDOOR-POWER-EQUIPMENT-OUTDOOR-POWER-EQUIPMENT-PARTS/AYP/N-5YC1VZBXC9Z1Z1B25G
AYP	AYP	homedepot.com	HTTPS://WWW.HOMEDEPOT.COM/B/OUTDOORS-OUTDOOR-POWER-EQUIPMENT-OUTDOOR-POWER-EQUIPMENT-PARTS-LAWN-MOWER-PARTS/AYP/N-5YC1VZ2FKP8ZMZ1Z1B25G
AZALEA	AZALEA	homedepot.com	HTTPS://WWW.HOMEDEPOT.COM/B/OUTDOORS-GARDEN-CENTER-OUTDOOR-PLANTS-BUSHES/AZALEA/N-5YC1VZC8R6Z1Z1BQM7
AZARDISPLAYS	AZARDISPLAYS	homedepot.com	HTTPS://WWW.HOMEDEPOT.COM/B/AZAR-DISPLAYS/N-5YC1VZHQ0
AZARDISPLAYS	AZARDISPLAYS	homedepot.com	HTTPS://WWW.HOMEDEPOT.COM/B/STORAGE-ORGANIZATION/AZAR-DISPLAYS/N-5YC1VZAS7EZHQ0
AZEK	AZEK	homedepot.com	HTTPS://WWW.HOMEDEPOT.COM/B/LUMBER-COMPOSITES-DECKING/AZEK/N-5YC1VZBQMGZN6L
AZEK	AZEK	homedepot.com	HTTPS://WWW.HOMEDEPOT.COM/B/LUMBER-COMPOSITES-DECKING-DECK-BOARDS/AZEK/N-5YC1VZC5MHZAQ6
AZHOMEANDGIFTS	AZHOMEANDGIFTS	homedepot.com	HTTPS://WWW.HOMEDEPOT.COM/B/HOME-DECOR-PICTURE-FRAMES/AZ-HOME-AND-GIFTS/N-5YC1VZCF9MZEF3
AZHOMEANDGIFTS	AZHOMEANDGIFTS	homedepot.com	HTTPS://WWW.HOMEDEPOT.COM/B/AZ-HOME-AND-GIFTS/N-5YC1VZEF3
AZHOMEANDGIFTS	AZHOMEANDGIFTS	homedepot.com	HTTPS://WWW.HOMEDEPOT.COM/B/HOME-DECOR-HOME-ACCENTS/AZ-HOME-AND-GIFTS/N-5YC1VZAR58ZEF3
AZPATIOHEATERS	AZPATIOHEATERS	homedepot.com	HTTPS://WWW.HOMEDEPOT.COM/B/OUTDOORS-OUTDOOR-HEATING/AZ-PATIO-HEATERS/N-5YC1VZC6NEZECW
AZPATIOHEATERS	AZPATIOHEATERS	homedepot.com	HTTPS://WWW.HOMEDEPOT.COM/B/OUTDOORS-OUTDOOR-HEATING-PATIO-HEATERS/AZ-PATIO-HEATERS/N-5YC1VZC6NFZECW
AZZURI	AZZURI	homedepot.com	HTTPS://WWW.HOMEDEPOT.COM/B/AZZURI/N-5YC1VZH7J
AZZURI	AZZURI	homedepot.com	HTTPS://WWW.HOMEDEPOT.COM/B/BATH-BATHROOM-MIRRORS/AZZURI/N-5YC1VZBZBOZH7J
AZZURI	AZZURI	homedepot.com	HTTPS://WWW.HOMEDEPOT.COM/B/BATH-BATHROOM-MIRRORS-VANITY-MIRRORS/AZZURI/N-5YC1VZBZASZH7J
AZZURI	AZZURI	homedepot.com	HTTPS://WWW.HOMEDEPOT.COM/B/BATH-BATHTUBS-FREESTANDING-TUBS/AZZURI/N-5YC1VZBZ9DZH7J
AZZURI	AZZURI	homedepot.com	HTTPS://WWW.HOMEDEPOT.COM/B/BATH-BATHTUBS/AZZURI/N-5YC1VZBZB7ZH7J
AZZURI	AZZURI	homedepot.com	HTTPS://WWW.HOMEDEPOT.COM/B/BATH-BATHROOM-VANITIES-BATHROOM-VANITIES-WITH-TOPS/AZZURI/N-5YC1VZCFW5ZH7J
BABOCARE	BABOCARE	homedepot.com	HTTPS://WWW.HOMEDEPOT.COM/B/FURNITURE-BEDROOM-FURNITURE-MATTRESSES/BABO-CARE/N-5YC1VZC7OEZYYG
BABOCARE	BABOCARE	homedepot.com	HTTPS://WWW.HOMEDEPOT.COM/B/BABO-CARE/N-5YC1VZYYG
BABYCARE	BABYCARE	homedepot.com	HTTPS://WWW.HOMEDEPOT.COM/B/HEALTH-AND-WELLNESS-PERSONAL-CARE-APPLIANCES-BABY-CARE/N-5YC1VZC6CA
BABYGATES	BABYGATES	homedepot.com	HTTPS://WWW.HOMEDEPOT.COM/B/TOOLS-SAFETY-SECURITY-HOME-SAFETY-CHILD-SAFETY-BABY-GATES/N-5YC1VZC22H
BABYLOO	BABYLOO	homedepot.com	HTTPS://WWW.HOMEDEPOT.COM/B/BABYLOO/N-5YC1VZNON
BABYLOO	BABYLOO	homedepot.com	HTTPS://WWW.HOMEDEPOT.COM/B/CLEANING-CLEANING-TOOLS/BABYLOO/N-5YC1VZCB51ZNON
BABYLOO	BABYLOO	homedepot.com	HTTPS://WWW.HOMEDEPOT.COM/B/BATH-TOILETS/BABYLOO/N-5YC1VZBZBDZNON
BABYLOO	BABYLOO	homedepot.com	HTTPS://WWW.HOMEDEPOT.COM/B/CLEANING-CLEANING-TOOLS-RUBBER-GLOVES/BABYLOO/N-5YC1VZCB34ZNON
BABYRELAX	BABYRELAX	homedepot.com	HTTPS://WWW.HOMEDEPOT.COM/B/BABY-KIDS-NURSERY-NURSERY-BABY-FURNITURE/BABY-RELAX/N-5YC1VZCEVPZQ06
BABYRELAX	BABYRELAX	homedepot.com	HTTPS://WWW.HOMEDEPOT.COM/B/BABY-RELAX/N-5YC1VZQ06
BABYRELAX	BABYRELAX	homedepot.com	HTTPS://WWW.HOMEDEPOT.COM/B/BABY-KIDS-NURSERY-NURSERY-BABY-FURNITURE-NURSERY-CHAIRS-ROCKERS-GLIDERS-OTTOMANS/BABY-RELAX/N-5YC1VZCEVMZQ06
BACKEZ	BACKEZ	homedepot.com	HTTPS://WWW.HOMEDEPOT.COM/B/BACKEZ/N-5YC1VZMBI
BACKEZ	BACKEZ	homedepot.com	HTTPS://WWW.HOMEDEPOT.COM/B/OUTDOORS-GARDEN-CENTER-GARDEN-TOOLS/BACKEZ/N-5YC1VZBX6XZMBI
BACKEZ	BACKEZ	homedepot.com	HTTPS://WWW.HOMEDEPOT.COM/B/OUTDOORS-GARDEN-CENTER-GARDEN-TOOLS-GARDENING-TOOLS/BACKEZ/N-5YC1VZC5QQZMBI
BACKLIT	BACKLIT	homedepot.com	HTTPS://WWW.HOMEDEPOT.COM/B/LIGHTING/BACKLIT/N-5YC1VZBVN5Z1Z0K4JW
BACKTOTHEROOTS	BACKTOTHEROOTS	homedepot.com	HTTPS://WWW.HOMEDEPOT.COM/B/BACK-TO-THE-ROOTS/N-5YC1VZEHY
BACKTOTHEROOTS	BACKTOTHEROOTS	homedepot.com	HTTPS://WWW.HOMEDEPOT.COM/B/OUTDOORS/BACK-TO-THE-ROOTS/N-5YC1VZBX82ZEHY
BACKTOTHEROOTS	BACKTOTHEROOTS	homedepot.com	HTTPS://WWW.HOMEDEPOT.COM/B/OUTDOORS-GARDEN-CENTER-PLANT-SEEDS/BACK-TO-THE-ROOTS/N-5YC1VZC8QLZEHY
BACKYARDDISCOVERY	BACKYARDDISCOVERY	homedepot.com	HTTPS://WWW.HOMEDEPOT.COM/B/BACKYARD-DISCOVERY/N-5YC1VZ8B2
BACKYARDDISCOVERY	BACKYARDDISCOVERY	homedepot.com	HTTPS://WWW.HOMEDEPOT.COM/B/PLAYGROUND-SETS-SWING-SETS/BACKYARD-DISCOVERY/N-5YC1VZC5PKZ8B2
BACKYARDDISCOVERY	BACKYARDDISCOVERY	homedepot.com	HTTPS://WWW.HOMEDEPOT.COM/B/PLAYGROUND-SETS/BACKYARD-DISCOVERY/N-5YC1VZCJCDZ8B2
BACKYARDHERO	BACKYARDHERO	homedepot.com	HTTPS://WWW.HOMEDEPOT.COM/B/BACKYARD-HERO/N-5YC1VZTRH
BACKYARDINNOVATIONS	BACKYARDINNOVATIONS	homedepot.com	HTTPS://WWW.HOMEDEPOT.COM/B/BACKYARD-INNOVATIONS/N-5YC1VZAGD
BACKYARDINNOVATIONS	BACKYARDINNOVATIONS	homedepot.com	HTTPS://WWW.HOMEDEPOT.COM/B/OUTDOORS-HOME-SPAS/BACKYARD-INNOVATIONS/N-5YC1VZCFYEZAGD
BACKYARDINNOVATIONS	BACKYARDINNOVATIONS	homedepot.com	HTTPS://WWW.HOMEDEPOT.COM/B/OUTDOORS-POOLS-POOL-SUPPLIES/BACKYARD-INNOVATIONS/N-5YC1VZ1Z18GXCZAGD
BACKYARDXSCAPES	BACKYARDXSCAPES	homedepot.com	HTTPS://WWW.HOMEDEPOT.COM/B/BACKYARD-X-SCAPES/N-5YC1VZ7W
BACKYARDXSCAPES	BACKYARDXSCAPES	homedepot.com	HTTPS://WWW.HOMEDEPOT.COM/B/OUTDOORS-GARDEN-CENTER-GARDEN-FENCING/BACKYARD-X-SCAPES/N-5YC1VZBX6JZ7W
BACKYARDXSCAPES	BACKYARDXSCAPES	homedepot.com	HTTPS://WWW.HOMEDEPOT.COM/B/OUTDOORS-GARDEN-CENTER-GARDEN-FENCING/BACKYARD-X-SCAPES/BAMBOO/N-5YC1VZBX6JZ7WZ1Z0U6R0
BACKYARDXSCAPES	BACKYARDXSCAPES	homedepot.com	HTTPS://WWW.HOMEDEPOT.COM/B/OUTDOORS-GARDEN-CENTER-LANDSCAPING-SUPPLIES-LANDSCAPE-EDGING/BACKYARD-X-SCAPES/N-5YC1VZBX74Z7W
BACKYARDXSCAPES	BACKYARDXSCAPES	homedepot.com	HTTPS://WWW.HOMEDEPOT.COM/B/OUTDOORS-GARDEN-CENTER-OUTDOOR-DECOR-FAKE-ROCKS/BACKYARD-X-SCAPES/N-5YC1VZCL2OZ7W
BADASHCRYSTAL	BADASHCRYSTAL	homedepot.com	HTTPS://WWW.HOMEDEPOT.COM/B/BADASH-CRYSTAL/N-5YC1VZMO2
BADASHCRYSTAL	BADASHCRYSTAL	homedepot.com	HTTPS://WWW.HOMEDEPOT.COM/B/HOME-DECOR/BADASH-CRYSTAL/N-5YC1VZAS6PZMO2
BADASHCRYSTAL	BADASHCRYSTAL	homedepot.com	HTTPS://WWW.HOMEDEPOT.COM/B/HOME-DECOR-HOME-ACCENTS-VASES/BADASH-CRYSTAL/N-5YC1VZCHZYZMO2
BADGERBASKET	BADGERBASKET	homedepot.com	HTTPS://WWW.HOMEDEPOT.COM/B/BADGER-BASKET/N-5YC1VZNO3
BADGERBASKET	BADGERBASKET	homedepot.com	HTTPS://WWW.HOMEDEPOT.COM/B/STORAGE-ORGANIZATION/BADGER-BASKET/N-5YC1VZAS7EZNO3
BADGERBASKET	BADGERBASKET	homedepot.com	HTTPS://WWW.HOMEDEPOT.COM/B/FURNITURE/BADGER-BASKET/N-5YC1VZC7PCZNO3
BAFODE	BAFODE	homedepot.com	HTTPS://WWW.HOMEDEPOT.COM/B/BAFODE/N-5YC1VZZ94
BAFODE	BAFODE	homedepot.com	HTTPS://WWW.HOMEDEPOT.COM/B/HOME-DECOR-MIRRORS-FLOOR-MIRRORS/BAFODE/N-5YC1VZCL4CZZ94
BAFODE	BAFODE	homedepot.com	HTTPS://WWW.HOMEDEPOT.COM/B/BAFODE/WHITE/N-5YC1VZZ94Z1Z117T4
BAGCRAFTPAPERCON	BAGCRAFTPAPERCON	homedepot.com	HTTPS://WWW.HOMEDEPOT.COM/B/BAGCRAFT-PAPERCON/N-5YC1VZAHV
BAGCRAFTPAPERCON	BAGCRAFTPAPERCON	homedepot.com	HTTPS://WWW.HOMEDEPOT.COM/B/BAGCRAFT-PAPERCON/PAPER/N-5YC1VZAHVZ1Z0UN0X
BAHCO	BAHCO	homedepot.com	HTTPS://WWW.HOMEDEPOT.COM/B/BAHCO/N-5YC1VZ53F
BAHIA	BAHIA	homedepot.com	HTTPS://WWW.HOMEDEPOT.COM/B/OUTDOORS-GARDEN-CENTER-LAWN-CARE-GRASS-SEED/BAHIA/N-5YC1VZBX62Z1Z0ZB67
BAKEELEMENT	BAKEELEMENT	homedepot.com	HTTPS://WWW.HOMEDEPOT.COM/B/APPLIANCES-APPLIANCE-PARTS-STOVE-PARTS/BAKE-ELEMENT/N-5YC1VZC35DZ1Z0KQPP
BAKERSFRIEND	BAKERSFRIEND	homedepot.com	HTTPS://WWW.HOMEDEPOT.COM/B/KITCHEN-KITCHENWARE-BAKEWARE-BAKING-SHEETS/BAKERS-FRIEND/N-5YC1VZC7GAZ1Z1PI0U
BAKERSSECRET	BAKERSSECRET	homedepot.com	HTTPS://WWW.HOMEDEPOT.COM/B/KITCHEN-KITCHENWARE-BAKEWARE-BAKEWARE-SETS/BAKERS-SECRET/N-5YC1VZC7G2ZEV5
BAKERSTONE	BAKERSTONE	homedepot.com	HTTPS://WWW.HOMEDEPOT.COM/B/OUTDOORS-OUTDOOR-COOKING-OUTDOOR-KITCHENS-PIZZA-OVENS/BAKERSTONE/N-5YC1VZCD7QZEM7
BAKKENMASTER	BAKKENMASTER	homedepot.com	HTTPS://WWW.HOMEDEPOT.COM/B/KITCHEN-KITCHENWARE/BAKKENMASTER/N-5YC1VZAQZOZ10IV
BAKKENMASTER	BAKKENMASTER	homedepot.com	HTTPS://WWW.HOMEDEPOT.COM/B/KITCHEN-KITCHENWARE-BAKEWARE-BAKEWARE-SETS/BAKKENMASTER/N-5YC1VZC7G2Z10IV
BALANCEFROM	BALANCEFROM	homedepot.com	HTTPS://WWW.HOMEDEPOT.COM/B/BALANCEFROM/N-5YC1VZSDI
BALDWIN	BALDWIN	homedepot.com	HTTPS://WWW.HOMEDEPOT.COM/B/HARDWARE-DOOR-HARDWARE/BALDWIN/N-5YC1VZC213Z7Y
BALICUTTOSIZE	BALICUTTOSIZE	homedepot.com	HTTPS://WWW.HOMEDEPOT.COM/B/WINDOW-TREATMENTS-WINDOW-SHADES/BALI-CUT-TO-SIZE/N-5YC1VZCH27Z9WA
BALICUTTOSIZE	BALICUTTOSIZE	homedepot.com	HTTPS://WWW.HOMEDEPOT.COM/B/BALI-CUT-TO-SIZE/N-5YC1VZ9WA
BALICUTTOSIZE	BALICUTTOSIZE	homedepot.com	HTTPS://WWW.HOMEDEPOT.COM/B/WINDOW-TREATMENTS-WINDOW-SHADES-CELLULAR-SHADES/BALI-CUT-TO-SIZE/CORDLESS/N-5YC1VZBT0SZ9WAZ1Z140I3
BALICUTTOSIZE	BALICUTTOSIZE	homedepot.com	HTTPS://WWW.HOMEDEPOT.COM/B/WINDOW-TREATMENTS-WINDOW-SHADES/BALI-CUT-TO-SIZE/CORDLESS/N-5YC1VZCH27Z9WAZ1Z140I3
BALICUTTOSIZE	BALICUTTOSIZE	homedepot.com	HTTPS://WWW.HOMEDEPOT.COM/B/BALI-CUT-TO-SIZE/178/N-5YC1VZ9WAZ1Z106H9
BALICUTTOSIZE	BALICUTTOSIZE	homedepot.com	HTTPS://WWW.HOMEDEPOT.COM/B/BALI-CUT-TO-SIZE/BATTERY/N-5YC1VZ9WAZ1Z0KWJY
BALICUTTOSIZE	BALICUTTOSIZE	homedepot.com	HTTPS://WWW.HOMEDEPOT.COM/B/BALI-CUT-TO-SIZE/FREE-SHIP-TO-STORE/N-5YC1VZ9WAZ25EGXE
BALIESSENTIALS	BALIESSENTIALS	homedepot.com	HTTPS://WWW.HOMEDEPOT.COM/B/WINDOW-TREATMENTS/BALI-ESSENTIALS/N-5YC1VZAR4WZA81
BALIOUTDOORS	BALIOUTDOORS	homedepot.com	HTTPS://WWW.HOMEDEPOT.COM/B/OUTDOORS-OUTDOOR-HEATING-FIRE-PITS/BALI-OUTDOORS/N-5YC1VZC6NAZV9X
BALIOUTDOORS	BALIOUTDOORS	homedepot.com	HTTPS://WWW.HOMEDEPOT.COM/B/OUTDOORS-OUTDOOR-HEATING-PATIO-HEATERS/BALI-OUTDOORS/N-5YC1VZC6NFZV9X
BALIOUTDOORS	BALIOUTDOORS	homedepot.com	HTTPS://WWW.HOMEDEPOT.COM/B/OUTDOORS-OUTDOOR-HEATING/BALI-OUTDOORS/N-5YC1VZC6NEZV9X
BALKENEHOME	BALKENEHOME	homedepot.com	HTTPS://WWW.HOMEDEPOT.COM/B/OUTDOORS-PATIO-FURNITURE/BALKENE-HOME/N-5YC1VZBX4OZQYS
BALKENEHOME	BALKENEHOME	homedepot.com	HTTPS://WWW.HOMEDEPOT.COM/B/OUTDOORS-PATIO-FURNITURE-PATIO-CHAIRS/BALKENE-HOME/N-5YC1VZC1XKZQYS
BALTA	BALTA	homedepot.com	HTTPS://WWW.HOMEDEPOT.COM/B/BALTA/N-5YC1VZQF8
BALTA	BALTA	homedepot.com	HTTPS://WWW.HOMEDEPOT.COM/B/FLOORING-RUGS/BALTA/N-5YC1VZARFMZQF8
BALTA	BALTA	homedepot.com	HTTPS://WWW.HOMEDEPOT.COM/B/BALTA/NURSERY/N-5YC1VZQF8Z1Z18748?NAO=204
BALTA	BALTA	homedepot.com	HTTPS://WWW.HOMEDEPOT.COM/B/BALTA/NEXT-DAY-DELIVERY/N-5YC1VZQF8Z1Z175CQ
BALTAUS	BALTAUS	homedepot.com	HTTPS://WWW.HOMEDEPOT.COM/B/FLOORING-RUGS/BALTA-US/N-5YC1VZARFMZ7S4
BALTAUS	BALTAUS	homedepot.com	HTTPS://WWW.HOMEDEPOT.COM/B/FLOORING-RUGS-OUTDOOR-RUGS/BALTA-US/N-5YC1VZCE9VZ7S4
BAMBECO	BAMBECO	homedepot.com	HTTPS://WWW.HOMEDEPOT.COM/B/BAMBECO/N-5YC1VZG00
BAMBECO	BAMBECO	homedepot.com	HTTPS://WWW.HOMEDEPOT.COM/B/OUTDOORS/BAMBECO/N-5YC1VZBX82ZG00
BAMBECO	BAMBECO	homedepot.com	HTTPS://WWW.HOMEDEPOT.COM/B/OUTDOORS-PET-SUPPLIES-WILDLIFE-BEEKEEPING-SUPPLIES/BAMBECO/N-5YC1VZCBTJZG00
BAMBOO	BAMBOO	homedepot.com	HTTPS://WWW.HOMEDEPOT.COM/B/OUTDOORS-GARDEN-CENTER-INDOOR-PLANTS/BAMBOO/N-5YC1VZC8RNZ1Z1BQGO
BAMBOOCOMFORT	BAMBOOCOMFORT	homedepot.com	HTTPS://WWW.HOMEDEPOT.COM/B/BAMBOO-COMFORT/N-5YC1VZYU1
BANCROFT	BANCROFT	homedepot.com	HTTPS://WWW.HOMEDEPOT.COM/B/BANCROFT/N-5YC1VZN5M
BANDO	BANDO	homedepot.com	HTTPS://WWW.HOMEDEPOT.COM/B/BANDO/N-5YC1VZNXA
BANSAROSE	BANSAROSE	homedepot.com	HTTPS://WWW.HOMEDEPOT.COM/B/LIGHTING-CEILING-FANS/BANSA-ROSE/N-5YC1VZBVLQZUHZ
BANSAROSE	BANSAROSE	homedepot.com	HTTPS://WWW.HOMEDEPOT.COM/B/LIGHTING-CEILING-FANS-CEILING-FANS-WITHOUT-LIGHTS/BANSA-ROSE/N-5YC1VZCJNVZUHZ
BARATO	BARATO	homedepot.com	HTTPS://WWW.HOMEDEPOT.COM/B/FURNITURE-LIVING-ROOM-FURNITURE-SOFAS-COUCHES/BARATO/N-5YC1VZC7OYZ1Z1C7Q5
BARCABINETS	BARCABINETS	homedepot.com	HTTPS://WWW.HOMEDEPOT.COM/B/FURNITURE-BAR-FURNITURE-BAR-CABINETS/N-5YC1VZ2FKPAAK
BARCANA	BARCANA	homedepot.com	HTTPS://WWW.HOMEDEPOT.COM/B/HOLIDAY-DECORATIONS-CHRISTMAS-DECORATIONS/BARCANA/N-5YC1VZCGXOZNN8
BARCANA	BARCANA	homedepot.com	HTTPS://WWW.HOMEDEPOT.COM/B/HOLIDAY-DECORATIONS/BARCANA/N-5YC1VZBD6EZNN8
BARCANA	BARCANA	homedepot.com	HTTPS://WWW.HOMEDEPOT.COM/B/HOLIDAY-DECORATIONS-CHRISTMAS-DECORATIONS-CHRISTMAS-TREE-DECORATIONS/BARCANA/N-5YC1VZCGXWZNN8
BARCLAYPRODUCTS	BARCLAYPRODUCTS	homedepot.com	HTTPS://WWW.HOMEDEPOT.COM/B/BARCLAY-PRODUCTS/N-5YC1VZ5WH
BARCLAYPRODUCTS	BARCLAYPRODUCTS	homedepot.com	HTTPS://WWW.HOMEDEPOT.COM/B/BATH-BATHROOM-FAUCETS/BARCLAY-PRODUCTS/N-5YC1VZBREOZ5WH
BARCLAYPRODUCTS	BARCLAYPRODUCTS	homedepot.com	HTTPS://WWW.HOMEDEPOT.COM/B/BATH-BATHROOM-SINKS/BARCLAY-PRODUCTS/N-5YC1VZBZB0Z5WH
BARCLAYPRODUCTS	BARCLAYPRODUCTS	homedepot.com	HTTPS://WWW.HOMEDEPOT.COM/B/PLUMBING-PLUMBING-PARTS/BARCLAY-PRODUCTS/N-5YC1VZBQKPZ5WH
BAREBONESLIVING	BAREBONESLIVING	homedepot.com	HTTPS://WWW.HOMEDEPOT.COM/B/BAREBONES-LIVING/N-5YC1VZENG
BARECOPPER	BARECOPPER	homedepot.com	HTTPS://WWW.HOMEDEPOT.COM/B/ELECTRICAL-WIRE/BARE-COPPER/N-5YC1VZBM7VZ1Z0UQQ4
BAREFOOTBUNGALOW	BAREFOOTBUNGALOW	homedepot.com	HTTPS://WWW.HOMEDEPOT.COM/B/BAREFOOT-BUNGALOW/N-5YC1VZPQF
BAREFOOTBUNGALOW	BAREFOOTBUNGALOW	homedepot.com	HTTPS://WWW.HOMEDEPOT.COM/B/HOME-DECOR-BEDDING-BEDDING-SETS/BAREFOOT-BUNGALOW/N-5YC1VZ2FKOR2VZPQF
BAREFOOTBUNGALOW	BAREFOOTBUNGALOW	homedepot.com	HTTPS://WWW.HOMEDEPOT.COM/B/HOME-DECOR-BEDDING-BEDDING-SETS/BAREFOOT-BUNGALOW/N-5YC1VZ2FKOR2VZ1Z1AL5I
BAREFOOTBUNGALOW	BAREFOOTBUNGALOW	homedepot.com	HTTPS://WWW.HOMEDEPOT.COM/B/BAREFOOT-BUNGALOW/ADULT/N-5YC1VZPQFZ1Z17DKC?NAO=24
BAREFOOTBUNGALOW	BAREFOOTBUNGALOW	homedepot.com	HTTPS://WWW.HOMEDEPOT.COM/B/BAREFOOT-BUNGALOW/QUEEN/N-5YC1VZPQFZ1Z0ZDLG
BAREGROUND	BAREGROUND	homedepot.com	HTTPS://WWW.HOMEDEPOT.COM/B/BARE-GROUND/N-5YC1VZ26N
BAREGROUND	BAREGROUND	homedepot.com	HTTPS://WWW.HOMEDEPOT.COM/B/OUTDOORS-OUTDOOR-POWER-EQUIPMENT-SNOW-REMOVAL-EQUIPMENT-ICE-MELT/BARE-GROUND/N-5YC1VZCB74Z26N
BARENBRUG	BARENBRUG	homedepot.com	HTTPS://WWW.HOMEDEPOT.COM/B/BARENBRUG/N-5YC1VZ9XU
BARENBRUG	BARENBRUG	homedepot.com	HTTPS://WWW.HOMEDEPOT.COM/B/OUTDOORS-GARDEN-CENTER-LAWN-CARE-GRASS-SEED/BARENBRUG/N-5YC1VZBX62Z9XU
BARENBRUG	BARENBRUG	homedepot.com	HTTPS://WWW.HOMEDEPOT.COM/B/HIGHLY-RATED/BARENBRUG/N-5YC1VZ9XUZBWO5O
BARGMAN	BARGMAN	homedepot.com	HTTPS://WWW.HOMEDEPOT.COM/B/BARGMAN/N-5YC1VZPHU
BARGMAN	BARGMAN	homedepot.com	HTTPS://WWW.HOMEDEPOT.COM/B/AUTOMOTIVE-RV-SUPPLIES/BARGMAN/N-5YC1VZCLREZPHU
BARGOOSEHOMETEXTILES	BARGOOSEHOMETEXTILES	homedepot.com	HTTPS://WWW.HOMEDEPOT.COM/B/BARGOOSE-HOME-TEXTILES-INC/N-5YC1VZXZJ
BARGOOSEHOMETEXTILES	BARGOOSEHOMETEXTILES	homedepot.com	HTTPS://WWW.HOMEDEPOT.COM/B/HOME-DECOR-BEDDING-MATTRESS-COVERS-PROTECTORS/BARGOOSE-HOME-TEXTILES-INC/N-5YC1VZC306ZXZJ
BARK	BARK	homedepot.com	HTTPS://WWW.HOMEDEPOT.COM/B/OUTDOORS-GARDEN-CENTER-LANDSCAPING-SUPPLIES-MULCH/BARK/N-5YC1VZBX4AZ1Z1WJ3U
BARKEEPERSFRIEND	BARKEEPERSFRIEND	homedepot.com	HTTPS://WWW.HOMEDEPOT.COM/B/BAR-KEEPERS-FRIEND/N-5YC1VZ5UU
BARKEEPERSFRIEND	BARKEEPERSFRIEND	homedepot.com	HTTPS://WWW.HOMEDEPOT.COM/B/CLEANING-CLEANING-PRODUCTS/BAR-KEEPERS-FRIEND/N-5YC1VZCB33Z5UU
BARNWOODUSA	BARNWOODUSA	homedepot.com	HTTPS://WWW.HOMEDEPOT.COM/B/BARNWOODUSA/N-5YC1VZSNA
BARRETTEOUTDOORLIVING	BARRETTEOUTDOORLIVING	homedepot.com	HTTPS://WWW.HOMEDEPOT.COM/B/BARRETTE-OUTDOOR-LIVING/N-5YC1VZSRA
BARRETTEOUTDOORLIVING	BARRETTEOUTDOORLIVING	homedepot.com	HTTPS://WWW.HOMEDEPOT.COM/B/LUMBER-COMPOSITES-FENCING-GATES-VINYL-FENCING-VINYL-FENCE-PANELS/BARRETTE-OUTDOOR-LIVING/N-5YC1VZC3NWZSRA
BARRETTEOUTDOORLIVING	BARRETTEOUTDOORLIVING	homedepot.com	HTTPS://WWW.HOMEDEPOT.COM/B/BARRETTE-OUTDOOR-LIVING/STANDARD/N-5YC1VZSRAZ1Z0ZX2I
BARRETTEOUTDOORLIVING	BARRETTEOUTDOORLIVING	homedepot.com	HTTPS://WWW.HOMEDEPOT.COM/B/LUMBER-COMPOSITES-DECKING-DECK-RAILINGS/BARRETTE-OUTDOOR-LIVING/N-5YC1VZC5I7ZSRA
BARRETTEOUTDOORLIVING	BARRETTEOUTDOORLIVING	homedepot.com	HTTPS://WWW.HOMEDEPOT.COM/B/STORAGE-ORGANIZATION-OUTDOOR-STORAGE-SHADE-STRUCTURES-PERGOLAS/BARRETTE-OUTDOOR-LIVING/N-5YC1VZBTZIZSRA
BARRETTEOUTDOORLIVING	BARRETTEOUTDOORLIVING	homedepot.com	HTTPS://WWW.HOMEDEPOT.COM/B/LUMBER-COMPOSITES-FENCING-GATES-VINYL-FENCING-VINYL-FENCE-POSTS/BARRETTE-OUTDOOR-LIVING/N-5YC1VZC3LDZSRA
BARRETTEOUTDOORLIVING	BARRETTEOUTDOORLIVING	homedepot.com	HTTPS://WWW.HOMEDEPOT.COM/B/LUMBER-COMPOSITES-LATTICE-VINYL-LATTICE/BARRETTE-OUTDOOR-LIVING/N-5YC1VZBVH1ZSRA
BARRONETTBLINDS	BARRONETTBLINDS	homedepot.com	HTTPS://WWW.HOMEDEPOT.COM/B/BARRONETT-BLINDS/N-5YC1VZFBF
BARSETTO	BARSETTO	homedepot.com	HTTPS://WWW.HOMEDEPOT.COM/B/APPLIANCES-SMALL-KITCHEN-APPLIANCES-COFFEE-MAKERS/BARSETTO/N-5YC1VZBV4WZFQ1
BARSETTO	BARSETTO	homedepot.com	HTTPS://WWW.HOMEDEPOT.COM/B/BARSETTO/N-5YC1VZFQ1
BARSTOOLS	BARSTOOLS	homedepot.com	HTTPS://WWW.HOMEDEPOT.COM/B/FURNITURE-BAR-FURNITURE-BAR-STOOLS/N-5YC1VZC7OF
BARTONKRAMER	BARTONKRAMER	homedepot.com	HTTPS://WWW.HOMEDEPOT.COM/B/BARTON-KRAMER/N-5YC1VZ79X
BARTONKRAMER	BARTONKRAMER	homedepot.com	HTTPS://WWW.HOMEDEPOT.COM/B/HARDWARE-WINDOW-HARDWARE/BARTON-KRAMER/N-5YC1VZC2ABZ79X
BARTONKRAMER	BARTONKRAMER	homedepot.com	HTTPS://WWW.HOMEDEPOT.COM/B/HARDWARE-DOOR-HARDWARE-SCREEN-STORM-DOOR-HARDWARE/BARTON-KRAMER/N-5YC1VZC2E1Z79X
BARTONKRAMER	BARTONKRAMER	homedepot.com	HTTPS://WWW.HOMEDEPOT.COM/B/HARDWARE-DOOR-HARDWARE/BARTON-KRAMER/N-5YC1VZC213Z79X
BARTONKRAMER	BARTONKRAMER	homedepot.com	HTTPS://WWW.HOMEDEPOT.COM/B/HARDWARE-DOOR-HARDWARE-CLOSET-DOOR-HARDWARE/BARTON-KRAMER/N-5YC1VZC28OZ79X
BARTONKRAMER	BARTONKRAMER	homedepot.com	HTTPS://WWW.HOMEDEPOT.COM/B/FURNITURE-FURNITURE-ACCESSORIES-REPLACEMENT-PARTS/BARTON-KRAMER/N-5YC1VZC7NSZ79X
BASCO	BASCO	homedepot.com	HTTPS://WWW.HOMEDEPOT.COM/B/BASCO/N-5YC1VZCYK
BASCO	BASCO	homedepot.com	HTTPS://WWW.HOMEDEPOT.COM/B/BATH-SHOWERS-SHOWER-DOORS/BASCO/N-5YC1VZBZCGZCYK
BASCO	BASCO	homedepot.com	HTTPS://WWW.HOMEDEPOT.COM/B/BATH-SHOWERS-SHOWER-DOORS-SHOWER-ENCLOSURES/BASCO/N-5YC1VZCBN2ZCYK
BASEBOARD	BASEBOARD	homedepot.com	HTTPS://WWW.HOMEDEPOT.COM/B/BUILDING-MATERIALS-MOULDING-MILLWORK-MOULDING-BASEBOARD/N-5YC1VZCBJP
BASEMENTWATCHDOG	BASEMENTWATCHDOG	homedepot.com	HTTPS://WWW.HOMEDEPOT.COM/B/BASEMENT-WATCHDOG/N-5YC1VZ2CU
BASHIAN	BASHIAN	homedepot.com	HTTPS://WWW.HOMEDEPOT.COM/B/FLOORING-RUGS/BASHIAN/N-5YC1VZARFMZBGF
BASHIAN	BASHIAN	homedepot.com	HTTPS://WWW.HOMEDEPOT.COM/B/FLOORING-RUGS-AREA-RUGS/BASHIAN/N-5YC1VZARJGZBGF
BASICESSENTIALS	BASICESSENTIALS	homedepot.com	HTTPS://WWW.HOMEDEPOT.COM/B/BASIC-ESSENTIALS/N-5YC1VZHN2
BASICWISE	BASICWISE	homedepot.com	HTTPS://WWW.HOMEDEPOT.COM/B/FURNITURE/BASICWISE/N-5YC1VZC7PCZGYO
BASICWISE	BASICWISE	homedepot.com	HTTPS://WWW.HOMEDEPOT.COM/B/STORAGE-ORGANIZATION/BASICWISE/N-5YC1VZAS7EZGYO
BASICWISE	BASICWISE	homedepot.com	HTTPS://WWW.HOMEDEPOT.COM/B/BASICWISE/N-5YC1VZGYO
BASICWISE	BASICWISE	homedepot.com	HTTPS://WWW.HOMEDEPOT.COM/B/BATH-BATHROOM-ACCESSORIES-BATHROOM-HARDWARE/BASICWISE/N-5YC1VZCFV8ZGYO
BASICWISE	BASICWISE	homedepot.com	HTTPS://WWW.HOMEDEPOT.COM/B/STORAGE-ORGANIZATION-STORAGE-CONTAINERS/BASICWISE/N-5YC1VZCFZIZGYO
BASSETTMIRRORCO	BASSETTMIRRORCO	homedepot.com	HTTPS://WWW.HOMEDEPOT.COM/B/HOME-DECOR-MIRRORS/BASSETT-MIRROR-CO-INC/N-5YC1VZBVE6Z10Z9
BATHADORE	BATHADORE	homedepot.com	HTTPS://WWW.HOMEDEPOT.COM/B/BATH-BATHROOM-FAUCETS-SHOWER-SYSTEMS/BATHADORE/N-5YC1VZCD03Z10O2
BATHADORE	BATHADORE	homedepot.com	HTTPS://WWW.HOMEDEPOT.COM/B/BATH-BATHROOM-FAUCETS-SHOWER-SYSTEMS-SHOWER-TOWERS/BATHADORE/N-5YC1VZBZE6Z10O2
BATHADORE	BATHADORE	homedepot.com	HTTPS://WWW.HOMEDEPOT.COM/B/BATH-BATHROOM-ACCESSORIES-BATHROOM-HARDWARE/BATHADORE/N-5YC1VZCFV8Z10O2
BATHADORE	BATHADORE	homedepot.com	HTTPS://WWW.HOMEDEPOT.COM/B/BATH-BATHROOM-FAUCETS-BATHROOM-SINK-FAUCETS/BATHADORE/N-5YC1VZC8D3Z10O2
BATHBLISS	BATHBLISS	homedepot.com	HTTPS://WWW.HOMEDEPOT.COM/B/BATH-BLISS/N-5YC1VZEHR
BATHBLISS	BATHBLISS	homedepot.com	HTTPS://WWW.HOMEDEPOT.COM/B/BATH-BATHROOM-ACCESSORIES/BATH-BLISS/N-5YC1VZCFVTZEHR
BATHBLISS	BATHBLISS	homedepot.com	HTTPS://WWW.HOMEDEPOT.COM/B/BATH/BATH-BLISS/N-5YC1VZBZB3ZEHR
BATHFUSION	BATHFUSION	homedepot.com	HTTPS://WWW.HOMEDEPOT.COM/B/BATH-FUSION/N-5YC1VZF06
BATHFUSION	BATHFUSION	homedepot.com	HTTPS://WWW.HOMEDEPOT.COM/B/BATH-BATH-LINENS-BATHROOM-RUGS-BATH-MATS/BATH-FUSION/N-5YC1VZCEA4ZF06
BATHFUSION	BATHFUSION	homedepot.com	HTTPS://WWW.HOMEDEPOT.COM/B/BATH/BATH-FUSION/N-5YC1VZBZB3ZF06
BATHFUSION	BATHFUSION	homedepot.com	HTTPS://WWW.HOMEDEPOT.COM/B/BATH-BATHROOM-ACCESSORIES/BATH-FUSION/N-5YC1VZCFVTZF06
BATHROOMACCESSORIES	BATHROOMACCESSORIES	homedepot.com	HTTPS://WWW.HOMEDEPOT.COM/B/BATH-BATHROOM-ACCESSORIES/N-5YC1VZCFVT
BATHROOMDECOR	BATHROOMDECOR	homedepot.com	HTTPS://WWW.HOMEDEPOT.COM/B/BATH-BATHROOM-ACCESSORIES-BATHROOM-DECOR/N-5YC1VZCFV6
BATHROOMSINKS	BATHROOMSINKS	homedepot.com	HTTPS://WWW.HOMEDEPOT.COM/B/BATH-BATHROOM-SINKS/N-5YC1VZBZB0
BATTERYDOCTOR	BATTERYDOCTOR	homedepot.com	HTTPS://WWW.HOMEDEPOT.COM/B/BATTERY-DOCTOR/N-5YC1VZ8Y8
BATTERYDOCTOR	BATTERYDOCTOR	homedepot.com	HTTPS://WWW.HOMEDEPOT.COM/B/ELECTRICAL-BATTERIES/BATTERY-DOCTOR/N-5YC1VZC28MZ8Y8
BATTERYTENDER	BATTERYTENDER	homedepot.com	HTTPS://WWW.HOMEDEPOT.COM/B/AUTOMOTIVE-EXTERIOR-CAR-ACCESSORIES/ATP/AVS/BATTERY-TENDER/CATERPILLAR/N-5YC1VZC8N1Z5MOZ5QLZBUKZDA4ZEDCZMZDZMZKZNWF?NCNI-5
BATTERYTENDER	BATTERYTENDER	homedepot.com	HTTPS://WWW.HOMEDEPOT.COM/B/GARAGE-AUTOMOTIVE-BATTERY-CHARGING-SYSTEMS/BATTERY-TENDER/N-5YC1VZC8M6ZDA4
BAXTONSTUDIO	BAXTONSTUDIO	homedepot.com	HTTPS://WWW.HOMEDEPOT.COM/B/FURNITURE/BAXTON-STUDIO/N-5YC1VZC7PCZFIB
BAXTONSTUDIO	BAXTONSTUDIO	homedepot.com	HTTPS://WWW.HOMEDEPOT.COM/B/BAXTON-STUDIO/N-5YC1VZFIB
BAYERADVANCED	BAYERADVANCED	homedepot.com	HTTPS://WWW.HOMEDEPOT.COM/B/OUTDOORS-GARDEN-CENTER-PEST-CONTROL/BAYER-ADVANCED/N-5YC1VZBX4WZ3PP
BAYERADVANCED	BAYERADVANCED	homedepot.com	HTTPS://WWW.HOMEDEPOT.COM/B/OUTDOORS-GARDEN-CENTER-LAWN-CARE/BAYER-ADVANCED/N-5YC1VZBX8AZ3PP
BAYERADVANCED	BAYERADVANCED	homedepot.com	HTTPS://WWW.HOMEDEPOT.COM/B/OUTDOORS-GARDEN-CENTER-PEST-CONTROL-INSECT-CONTROL-INSECT-KILLERS/BAYER-ADVANCED/N-5YC1VZ2FKOQG8Z3PP
BAYERADVANCED	BAYERADVANCED	homedepot.com	HTTPS://WWW.HOMEDEPOT.COM/B/OUTDOORS-GARDEN-CENTER-LAWN-CARE-WEED-KILLER/BAYER-ADVANCED/N-5YC1VZBX6FZ3PP
BAYOUCLASSIC	BAYOUCLASSIC	homedepot.com	HTTPS://WWW.HOMEDEPOT.COM/B/BAYOU-CLASSIC/N-5YC1VZRT7
BAYTON	BAYTON	homedepot.com	HTTPS://WWW.HOMEDEPOT.COM/B/FURNITURE-KITCHEN-DINING-ROOM-FURNITURE-DINING-ROOM-SETS/BAYTON/N-5YC1VZCETRZ1Z239ZS
BAZOONGI	BAZOONGI	homedepot.com	HTTPS://WWW.HOMEDEPOT.COM/B/BAZOONGI/N-5YC1VZNDS
BAZOONGI	BAZOONGI	homedepot.com	HTTPS://WWW.HOMEDEPOT.COM/B/SPORTS-OUTDOORS-KIDS-TOYS/BAZOONGI/N-5YC1VZC4F9ZNDS
BAZZ	BAZZ	homedepot.com	HTTPS://WWW.HOMEDEPOT.COM/B/BAZZ/N-5YC1VZA7Z
BAZZ	BAZZ	homedepot.com	HTTPS://WWW.HOMEDEPOT.COM/B/LIGHTING/BAZZ/N-5YC1VZBVN5ZA7Z
BAZZSMARTHOME	BAZZSMARTHOME	homedepot.com	HTTPS://WWW.HOMEDEPOT.COM/B/LIGHTING-RECESSED-LIGHTING/BAZZ-SMART-HOME/N-5YC1VZC7NIZQ7F
BAZZSMARTHOME	BAZZSMARTHOME	homedepot.com	HTTPS://WWW.HOMEDEPOT.COM/B/LIGHTING-OUTDOOR-LIGHTING-SECURITY-LIGHTS/BAZZ-SMART-HOME/N-5YC1VZC7QFZQ7F
BAZZSMARTHOME	BAZZSMARTHOME	homedepot.com	HTTPS://WWW.HOMEDEPOT.COM/B/ELECTRICAL-HOME-SECURITY-SECURITY-CAMERAS/BAZZ-SMART-HOME/N-5YC1VZC20VZQ7F
BBQDRAGON	BBQDRAGON	homedepot.com	HTTPS://WWW.HOMEDEPOT.COM/B/OUTDOORS-OUTDOOR-COOKING-GRILL-ACCESSORIES/BBQ-DRAGON/N-5YC1VZBXCYZMWT
BBQDRAGON	BBQDRAGON	homedepot.com	HTTPS://WWW.HOMEDEPOT.COM/B/OUTDOORS-OUTDOOR-COOKING-GRILL-ACCESSORIES-FIRE-STARTING-TOOLS-CHARCOAL-CHIMNEYS/BBQ-DRAGON/N-5YC1VZ2FKP91NZMWT
BEACHSIDE	BEACHSIDE	homedepot.com	HTTPS://WWW.HOMEDEPOT.COM/B/OUTDOORS-PATIO-FURNITURE-OUTDOOR-CUSHIONS/BEACHSIDE/N-5YC1VZC5F3Z1Z1ZFSW
BEACONLIGHTING	BEACONLIGHTING	homedepot.com	HTTPS://WWW.HOMEDEPOT.COM/B/BEACON-LIGHTING/N-5YC1VZLQY
BEACONLIGHTING	BEACONLIGHTING	homedepot.com	HTTPS://WWW.HOMEDEPOT.COM/B/LIGHTING/BEACON-LIGHTING/N-5YC1VZBVN5ZLQY
BEACONMORRIS	BEACONMORRIS	homedepot.com	HTTPS://WWW.HOMEDEPOT.COM/B/HEATING-VENTING-COOLING-HEATERS/BEACON-MORRIS/N-5YC1VZC4L7ZGNA
BEACONMORRIS	BEACONMORRIS	homedepot.com	HTTPS://WWW.HOMEDEPOT.COM/B/HEATING-VENTING-COOLING-HEATERS-WALL-HEATERS/BEACON-MORRIS/N-5YC1VZC4K3ZGNA
BEAMUP	BEAMUP	homedepot.com	HTTPS://WWW.HOMEDEPOT.COM/B/BEAMUP/N-5YC1VZRF0
BEAMUP	BEAMUP	homedepot.com	HTTPS://WWW.HOMEDEPOT.COM/B/DOORS-WINDOWS-GARAGE-DOOR-OPENERS-AND-ACCESSORIES/BEAMUP/N-5YC1VZC7N1ZRF0
BEAMUP	BEAMUP	homedepot.com	HTTPS://WWW.HOMEDEPOT.COM/B/DOORS-WINDOWS-GARAGE-DOOR-OPENERS/BEAMUP/N-5YC1VZAS5UZRF0
BEAMUP	BEAMUP	homedepot.com	HTTPS://WWW.HOMEDEPOT.COM/B/DOORS-WINDOWS-GARAGE-DOOR-OPENERS-AND-ACCESSORIES-GARAGE-DOOR-OPENER-REMOTES/BEAMUP/N-5YC1VZAS0HZRF0
BEAMUP	BEAMUP	homedepot.com	HTTPS://WWW.HOMEDEPOT.COM/B/BEAMUP/SMART-HOME-ENABLED/N-5YC1VZRF0Z1Z0KIRF
BEAPCO	BEAPCO	homedepot.com	HTTPS://WWW.HOMEDEPOT.COM/B/OUTDOORS-GARDEN-CENTER-PEST-CONTROL-INSECT-CONTROL-INSECT-TRAPS/BEAPCO/N-5YC1VZCALRZCCC
BEAPCO	BEAPCO	homedepot.com	HTTPS://WWW.HOMEDEPOT.COM/B/BEAPCO/N-5YC1VZCCC
BEARINGBUDDY	BEARINGBUDDY	homedepot.com	HTTPS://WWW.HOMEDEPOT.COM/B/BEARING-BUDDY/N-5YC1VZQCV
BEARMOUNTAINPREMIUMBBQWOODS	BEARMOUNTAINPREMIUMBBQWOODS	homedepot.com	HTTPS://WWW.HOMEDEPOT.COM/B/OUTDOORS-OUTDOOR-COOKING-GRILLING-FUELS-GRILLING-PELLETS/BEAR-MOUNTAIN-PREMIUM-BBQ-WOODS/N-5YC1VZCAV7ZRSI
BEARMOUNTAINPREMIUMBBQWOODS	BEARMOUNTAINPREMIUMBBQWOODS	homedepot.com	HTTPS://WWW.HOMEDEPOT.COM/B/OUTDOORS/BEAR-MOUNTAIN-PREMIUM-BBQ-WOODS/N-5YC1VZBX82ZTKZ
BEARMOUNTAINPREMIUMBBQWOODS	BEARMOUNTAINPREMIUMBBQWOODS	homedepot.com	HTTPS://WWW.HOMEDEPOT.COM/B/BEAR-MOUNTAIN-PREMIUM-BBQ-WOODS/N-5YC1VZRSI
BEAUTYREST	BEAUTYREST	homedepot.com	HTTPS://WWW.HOMEDEPOT.COM/B/FURNITURE-BEDROOM-FURNITURE-MATTRESSES/BEAUTYREST/N-5YC1VZC7OEZAOW
BEAUTYRESTRECHARGE	BEAUTYRESTRECHARGE	homedepot.com	HTTPS://WWW.HOMEDEPOT.COM/B/FURNITURE-BEDROOM-FURNITURE-MATTRESSES/BEAUTYREST-RECHARGE/N-5YC1VZC7OEZCHU
BEAUTYSLEEP	BEAUTYSLEEP	homedepot.com	HTTPS://WWW.HOMEDEPOT.COM/B/FURNITURE-BEDROOM-FURNITURE-MATTRESSES/BEAUTY-SLEEP/N-5YC1VZC7OEZZTS
BEBEJAN	BEBEJAN	homedepot.com	HTTPS://WWW.HOMEDEPOT.COM/B/BEBEJAN/N-5YC1VZY4F
BEBEJAN	BEBEJAN	homedepot.com	HTTPS://WWW.HOMEDEPOT.COM/B/HOME-DECOR-BEDDING-BEDDING-SETS/BEBEJAN/N-5YC1VZ2FKOR2VZY4F
BEBEJAN	BEBEJAN	homedepot.com	HTTPS://WWW.HOMEDEPOT.COM/B/HOME-DECOR-BEDDING-COMFORTERS/BEBEJAN/N-5YC1VZC1JZZY4F
BECKARNLEY	BECKARNLEY	homedepot.com	HTTPS://WWW.HOMEDEPOT.COM/B/BECK-ARNLEY/N-5YC1VZNX1
BECKYCAMERON	BECKYCAMERON	homedepot.com	HTTPS://WWW.HOMEDEPOT.COM/B/BECKY-CAMERON/N-5YC1VZNKO
BECKYCAMERON	BECKYCAMERON	homedepot.com	HTTPS://WWW.HOMEDEPOT.COM/B/HOME-DECOR-BEDDING/BECKY-CAMERON/N-5YC1VZCI04ZNKO
BECKYCAMERON	BECKYCAMERON	homedepot.com	HTTPS://WWW.HOMEDEPOT.COM/B/HOME-DECOR-BEDDING-BED-SHEETS/BECKY-CAMERON/N-5YC1VZC1KDZNKO
BECKYCAMERON	BECKYCAMERON	homedepot.com	HTTPS://WWW.HOMEDEPOT.COM/B/HOME-DECOR-BEDDING-COMFORTERS/BECKY-CAMERON/N-5YC1VZC1JZZNKO
BECKYCAMERON	BECKYCAMERON	homedepot.com	HTTPS://WWW.HOMEDEPOT.COM/B/HOME-DECOR-BEDDING-QUILTS-COVERLETS/BECKY-CAMERON/N-5YC1VZC1JYZNKO
BEDFORDCLOCKCOLLECTION	BEDFORDCLOCKCOLLECTION	homedepot.com	HTTPS://WWW.HOMEDEPOT.COM/B/HOME-DECOR-CLOCKS-WALL-CLOCKS/BEDFORD-CLOCK-COLLECTION/N-5YC1VZBBZUZOLR
BEDFORDCLOCKCOLLECTION	BEDFORDCLOCKCOLLECTION	homedepot.com	HTTPS://WWW.HOMEDEPOT.COM/B/BEDFORD-CLOCK-COLLECTION/N-5YC1VZOLR
BEDFORDCLOCKCOLLECTION	BEDFORDCLOCKCOLLECTION	homedepot.com	HTTPS://WWW.HOMEDEPOT.COM/B/HOME-DECOR-CLOCKS/BEDFORD-CLOCK-COLLECTION/N-5YC1VZ1Z18G7ZZOLR
BEDHOG	BEDHOG	homedepot.com	HTTPS://WWW.HOMEDEPOT.COM/B/HOME-DECOR-BEDDING-BED-SHEETS/BED-HOG/N-5YC1VZC1KDZZV1
BEDNEW	BEDNEW	homedepot.com	HTTPS://WWW.HOMEDEPOT.COM/B/BEDNEW/N-5YC1VZYVY
BEDNEW	BEDNEW	homedepot.com	HTTPS://WWW.HOMEDEPOT.COM/B/FURNITURE-BEDROOM-FURNITURE-MATTRESSES/BEDNEW/N-5YC1VZC7OEZYVY
BEDROSIANS	BEDROSIANS	homedepot.com	HTTPS://WWW.HOMEDEPOT.COM/B/FLOORING-TILE/BEDROSIANS/N-5YC1VZAR0YZYJN
BEDROSIANS	BEDROSIANS	homedepot.com	HTTPS://WWW.HOMEDEPOT.COM/B/FLOORING-TILE-PORCELAIN-TILE/BEDROSIANS/N-5YC1VZB97MZYJN
BEDROSIANS	BEDROSIANS	homedepot.com	HTTPS://WWW.HOMEDEPOT.COM/B/BEDROSIANS/N-5YC1VZYJN
BEDSLIDE	BEDSLIDE	homedepot.com	HTTPS://WWW.HOMEDEPOT.COM/B/GARAGE-AUTOMOTIVE-TRUCK-ACCESSORIES/BEDSLIDE/N-5YC1VZ1Z18IERZQ3J
BEDSLIDE	BEDSLIDE	homedepot.com	HTTPS://WWW.HOMEDEPOT.COM/B/BEDSLIDE/N-5YC1VZQ3J
BEDTITEABSOLUTELYFITTING	BEDTITEABSOLUTELYFITTING	homedepot.com	HTTPS://WWW.HOMEDEPOT.COM/B/BEDTITE-ABSOLUTELY-FITTING/N-5YC1VZTNT
BEDTITEABSOLUTELYFITTING	BEDTITEABSOLUTELYFITTING	homedepot.com	HTTPS://WWW.HOMEDEPOT.COM/B/HOME-DECOR-BEDDING-BED-SHEETS-SHEET-SETS/BEDTITE-ABSOLUTELY-FITTING/N-5YC1VZ2FKPC4BZTNT
BEDTITEABSOLUTELYFITTING	BEDTITEABSOLUTELYFITTING	homedepot.com	HTTPS://WWW.HOMEDEPOT.COM/B/BEDTITE-ABSOLUTELY-FITTING/SHEET-SET/N-5YC1VZTNTZ1Z17KHN
BEDVOYAGE	BEDVOYAGE	homedepot.com	HTTPS://WWW.HOMEDEPOT.COM/B/BEDVOYAGE/N-5YC1VZYM0
BEDVOYAGE	BEDVOYAGE	homedepot.com	HTTPS://WWW.HOMEDEPOT.COM/B/HOME-DECOR-BEDDING/BEDVOYAGE/N-5YC1VZCI04ZYM0
BEEFURNI	BEEFURNI	homedepot.com	HTTPS://WWW.HOMEDEPOT.COM/B/BEEFURNI/N-5YC1VZXON
BEESPOKE	BEESPOKE	homedepot.com	HTTPS://WWW.HOMEDEPOT.COM/B/BEESPOKE/N-5YC1VZT78
BEESPOKE	BEESPOKE	homedepot.com	HTTPS://WWW.HOMEDEPOT.COM/B/OUTDOORS-PATIO-FURNITURE/BEESPOKE/N-5YC1VZBX4OZT78
BEESPOKE	BEESPOKE	homedepot.com	HTTPS://WWW.HOMEDEPOT.COM/B/OUTDOORS-PATIO-FURNITURE-OUTDOOR-LOUNGE-FURNITURE/BEESPOKE/N-5YC1VZCFJ3ZT1Y
BEESPOKE	BEESPOKE	homedepot.com	HTTPS://WWW.HOMEDEPOT.COM/B/OUTDOORS-PATIO-FURNITURE/BEESPOKE/N-5YC1VZBX4OZT1Y
BEESPOKE	BEESPOKE	homedepot.com	HTTPS://WWW.HOMEDEPOT.COM/B/OUTDOORS-PATIO-FURNITURE-PATIO-CHAIRS-OUTDOOR-LOUNGE-CHAIRS/BEESPOKE/N-5YC1VZCCG2ZT78
BEESPOKE	BEESPOKE	homedepot.com	HTTPS://WWW.HOMEDEPOT.COM/B/OUTDOORS-PATIO-FURNITURE/BEESPOKE/BLUE/N-5YC1VZBX4OZT78Z1Z0RRRD
BEESPOKE	BEESPOKE	homedepot.com	HTTPS://WWW.HOMEDEPOT.COM/B/BEESPOKE/ARMS/N-5YC1VZT1YZ1Z0TLJF
BEESPOKE	BEESPOKE	homedepot.com	HTTPS://WWW.HOMEDEPOT.COM/B/OUTDOORS-PATIO-FURNITURE-PATIO-CHAIRS/BEESPOKE/N-5YC1VZC1XKZT1Y
BEESPOKE	BEESPOKE	homedepot.com	HTTPS://WWW.HOMEDEPOT.COM/B/OUTDOORS-PATIO-FURNITURE-PATIO-CHAIRS-OUTDOOR-BENCHES/BEESPOKE/N-5YC1VZC1XUZT1Y
BEESPOKE	BEESPOKE	homedepot.com	HTTPS://WWW.HOMEDEPOT.COM/B/OUTDOORS-PATIO-FURNITURE-PATIO-CHAIRS-OUTDOOR-CHAISE-LOUNGES/BEESPOKE/N-5YC1VZC1XPZT1Y
BEFREESOUND	BEFREESOUND	homedepot.com	HTTPS://WWW.HOMEDEPOT.COM/B/BEFREE-SOUND/N-5YC1VZO2Q
BEHLENCOUNTRY	BEHLENCOUNTRY	homedepot.com	HTTPS://WWW.HOMEDEPOT.COM/B/BEHLEN-COUNTRY/N-5YC1VZ8K
BEHLENCOUNTRY	BEHLENCOUNTRY	homedepot.com	HTTPS://WWW.HOMEDEPOT.COM/B/OUTDOORS/BEHLEN-COUNTRY/N-5YC1VZBX82Z8K
BEHR	BEHR	homedepot.com	HTTPS://WWW.HOMEDEPOT.COM/B/PAINT/BEHR/N-5YC1VZAR2DZ3MW
BEHR	BEHR	homedepot.com	HTTPS://WWW.HOMEDEPOT.COM/B/BEHR/N-5YC1VZ3MW
BEHRENS	BEHRENS	homedepot.com	HTTPS://WWW.HOMEDEPOT.COM/B/BEHRENS/N-5YC1VZ47E
BEHRMARQUEE	BEHRMARQUEE	homedepot.com	HTTPS://WWW.HOMEDEPOT.COM/B/PAINT-PAINT-COLORS/BEHR-MARQUEE/N-5YC1VZCAW8ZC2L
BEHRMARQUEE	BEHRMARQUEE	homedepot.com	HTTPS://WWW.HOMEDEPOT.COM/B/PAINT-INTERIOR-PAINT/BEHR-MARQUEE/N-5YC1VZBBBPZC2L
BEHRMARQUEE	BEHRMARQUEE	homedepot.com	HTTPS://WWW.HOMEDEPOT.COM/B/BEHR-MARQUEE/N-5YC1VZC2L
BEHRPREMIUMPLUS	BEHRPREMIUMPLUS	homedepot.com	HTTPS://WWW.HOMEDEPOT.COM/B/PAINT-PAINT-COLORS/BEHR-PREMIUM-PLUS/N-5YC1VZCAW8ZGAO
BELAIRLIGHTING	BELAIRLIGHTING	homedepot.com	HTTPS://WWW.HOMEDEPOT.COM/B/LIGHTING/BEL-AIR-LIGHTING/N-5YC1VZBVN5ZCGI
BELAIRLIGHTING	BELAIRLIGHTING	homedepot.com	HTTPS://WWW.HOMEDEPOT.COM/B/LIGHTING/BEST-RATED/BEL-AIR-LIGHTING/N-5YC1VZBVN5ZCGIZBWO5Q
BELAIRLIGHTING	BELAIRLIGHTING	homedepot.com	HTTPS://WWW.HOMEDEPOT.COM/B/BEL-AIR-LIGHTING/N-5YC1VZCGI
BELAIRLIGHTING	BELAIRLIGHTING	homedepot.com	HTTPS://WWW.HOMEDEPOT.COM/B/LIGHTING-OUTDOOR-LIGHTING/BEL-AIR-LIGHTING/N-5YC1VZC7QVZCGI
BELAIRLIGHTING	BELAIRLIGHTING	homedepot.com	HTTPS://WWW.HOMEDEPOT.COM/B/LIGHTING-OUTDOOR-LIGHTING-OUTDOOR-WALL-LIGHTING/BEL-AIR-LIGHTING/N-5YC1VZC7QQZCGI
BELANGERBYKEENEY	BELANGERBYKEENEY	homedepot.com	HTTPS://WWW.HOMEDEPOT.COM/B/BATH-BATHROOM-FAUCETS/BELANGER-BY-KEENEY/N-5YC1VZBREOZNF4
BELDI	BELDI	homedepot.com	HTTPS://WWW.HOMEDEPOT.COM/B/LIGHTING-PENDANT-LIGHTS/BELDI/N-5YC1VZC7NUZDCW
BELDI	BELDI	homedepot.com	HTTPS://WWW.HOMEDEPOT.COM/B/LIGHTING/BELDI/N-5YC1VZBVN5ZDCW
BELDI	BELDI	homedepot.com	HTTPS://WWW.HOMEDEPOT.COM/B/BELDI/N-5YC1VZDCW
BELHAM	BELHAM	homedepot.com	HTTPS://WWW.HOMEDEPOT.COM/B/FURNITURE-BEDROOM-FURNITURE-BEDS-PLATFORM-BEDS/BELHAM/N-5YC1VZ2FKP9K1Z1Z1NANI
BELLADEPOT	BELLADEPOT	homedepot.com	HTTPS://WWW.HOMEDEPOT.COM/B/LIGHTING-CEILING-FANS-CEILING-FANS-WITH-LIGHTS/BELLA-DEPOT/N-5YC1VZCJNUZXPR
BELLADEPOT	BELLADEPOT	homedepot.com	HTTPS://WWW.HOMEDEPOT.COM/B/BELLA-DEPOT/N-5YC1VZXPR
BELLADEPOT	BELLADEPOT	homedepot.com	HTTPS://WWW.HOMEDEPOT.COM/B/LIGHTING/BELLA-DEPOT/N-5YC1VZBVN5ZXPR
BELLADEPOT	BELLADEPOT	homedepot.com	HTTPS://WWW.HOMEDEPOT.COM/B/LIGHTING-CEILING-FANS/BELLA-DEPOT/N-5YC1VZBVLQZXPR
BELLATERRAHOME	BELLATERRAHOME	homedepot.com	HTTPS://WWW.HOMEDEPOT.COM/B/BELLATERRA-HOME/N-5YC1VZB79
BELLATERRAHOME	BELLATERRAHOME	homedepot.com	HTTPS://WWW.HOMEDEPOT.COM/B/BATH-BATHROOM-VANITIES/BELLATERRA-HOME/N-5YC1VZCFV3ZB79
BELLATERRAHOME	BELLATERRAHOME	homedepot.com	HTTPS://WWW.HOMEDEPOT.COM/B/BELLATERRA-HOME/4/N-5YC1VZB79Z1Z0ZCYA
BELLDINNI	BELLDINNI	homedepot.com	HTTPS://WWW.HOMEDEPOT.COM/B/DOORS-WINDOWS-INTERIOR-DOORS/BELLDINNI/N-5YC1VZC5IOZO8F
BELLDINNI	BELLDINNI	homedepot.com	HTTPS://WWW.HOMEDEPOT.COM/B/DOORS-WINDOWS/BELLDINNI/N-5YC1VZAQIHZO8F
BELLDINNI	BELLDINNI	homedepot.com	HTTPS://WWW.HOMEDEPOT.COM/B/DOORS-WINDOWS-INTERIOR-DOORS-PREHUNG-DOORS/BELLDINNI/N-5YC1VZC5IJZO8F
BELLDINNI	BELLDINNI	homedepot.com	HTTPS://WWW.HOMEDEPOT.COM/B/BELLDINNI/N-5YC1VZO8F
BELLDINNI	BELLDINNI	homedepot.com	HTTPS://WWW.HOMEDEPOT.COM/B/BUILDING-MATERIALS-MOULDING-MILLWORK-MOULDING-DOOR-WINDOW-MOULDING-CASING/BELLDINNI/N-5YC1VZCLF5ZO8F
BELLEFORET	BELLEFORET	homedepot.com	HTTPS://WWW.HOMEDEPOT.COM/B/BELLE-FORET/N-5YC1VZ8R
BELLEFORET	BELLEFORET	homedepot.com	HTTPS://WWW.HOMEDEPOT.COM/B/PLUMBING/BELLE-FORET/N-5YC1VZBQEWZ8R
BELLEFORET	BELLEFORET	homedepot.com	HTTPS://WWW.HOMEDEPOT.COM/B/KITCHEN-KITCHEN-FAUCETS/BELLE-FORET/N-5YC1VZAR0KZ8R
BELLEFORET	BELLEFORET	homedepot.com	HTTPS://WWW.HOMEDEPOT.COM/B/BATH-BATHROOM-FAUCETS/BELLE-FORET/N-5YC1VZBREOZ8R
BELLEFORET	BELLEFORET	homedepot.com	HTTPS://WWW.HOMEDEPOT.COM/B/BATH-BATHROOM-FAUCETS-BATHTUB-FAUCETS/BELLE-FORET/N-5YC1VZCD07Z8R
BELLEISLEFURNITURE	BELLEISLEFURNITURE	homedepot.com	HTTPS://WWW.HOMEDEPOT.COM/B/BELLE-ISLE-FURNITURE/N-5YC1VZPB8
BELLEISLEFURNITURE	BELLEISLEFURNITURE	homedepot.com	HTTPS://WWW.HOMEDEPOT.COM/B/BELLE-ISLE-FURNITURE-LLC/N-5YC1VZPUI
BELLEISLEFURNITURE	BELLEISLEFURNITURE	homedepot.com	HTTPS://WWW.HOMEDEPOT.COM/B/FURNITURE/BELLE-ISLE-FURNITURE/N-5YC1VZC7PCZPB8?EXPERIENCENAME=DEFAULT&CATSTYLE=SHOWPRODUCTS&SHOW=2
BELLEISLEFURNITURE	BELLEISLEFURNITURE	homedepot.com	HTTPS://WWW.HOMEDEPOT.COM/B/FURNITURE-BEDROOM-FURNITURE-BEDS/BELLE-ISLE-FURNITURE-LLC/N-5YC1VZC7OHZPUI
BELLEISLEFURNITURE	BELLEISLEFURNITURE	homedepot.com	HTTPS://WWW.HOMEDEPOT.COM/B/FURNITURE-BEDROOM-FURNITURE-BEDS/BELLE-ISLE-FURNITURE/N-5YC1VZC7OHZPB8
BELLFLOWER	BELLFLOWER	homedepot.com	HTTPS://WWW.HOMEDEPOT.COM/B/OUTDOORS-GARDEN-CENTER-OUTDOOR-PLANTS-GARDEN-FLOWERS-PERENNIALS/BELLFLOWER/N-5YC1VZC8RYZ1Z1BQDX
BELLFLOWER	BELLFLOWER	homedepot.com	HTTPS://WWW.HOMEDEPOT.COM/B/OUTDOORS-GARDEN-CENTER-OUTDOOR-PLANTS/BELLFLOWER/N-5YC1VZC8RGZ1Z1BQDX
BELLGOSSETT	BELLGOSSETT	homedepot.com	HTTPS://WWW.HOMEDEPOT.COM/B/BELL-GOSSETT/N-5YC1VZ83I
BELLHOWELL	BELLHOWELL	homedepot.com	HTTPS://WWW.HOMEDEPOT.COM/B/BELL-HOWELL/N-5YC1VZPGE
BELLONA	BELLONA	homedepot.com	HTTPS://WWW.HOMEDEPOT.COM/B/BELLONA/N-5YC1VZS0X
BELMINT	BELMINT	homedepot.com	HTTPS://WWW.HOMEDEPOT.COM/B/BELMINT/N-5YC1VZP72
BELVEDEREBATH	BELVEDEREBATH	homedepot.com	HTTPS://WWW.HOMEDEPOT.COM/B/BELVEDERE-BATH/N-5YC1VZRHI
BELVEDEREBATH	BELVEDEREBATH	homedepot.com	HTTPS://WWW.HOMEDEPOT.COM/B/BATH-BATHROOM-VANITIES/BELVEDERE-BATH/N-5YC1VZCFV3ZRHI
BELVEDEREBATH	BELVEDEREBATH	homedepot.com	HTTPS://WWW.HOMEDEPOT.COM/B/BATH-BATHROOM-VANITIES-BATHROOM-VANITIES-WITH-TOPS/BELVEDERE-BATH/N-5YC1VZCFW5ZRHI
BELVEDEREBATH	BELVEDEREBATH	homedepot.com	HTTPS://WWW.HOMEDEPOT.COM/B/BELVEDERE-BATH/60-INCH-VANITIES/N-5YC1VZRHIZ1Z0KE6N
BELVEDEREBATH	BELVEDEREBATH	homedepot.com	HTTPS://WWW.HOMEDEPOT.COM/B/BATH-BATHROOM-VANITIES/BELVEDERE-BATH/N-5YC1VZCFV3ZRHG
BELWARES	BELWARES	homedepot.com	HTTPS://WWW.HOMEDEPOT.COM/B/BELWARES/N-5YC1VZM8D
BEMIS	BEMIS	homedepot.com	HTTPS://WWW.HOMEDEPOT.COM/B/BATH-TOILETS/BEMIS/N-5YC1VZBZBDZ7F
BEMIS	BEMIS	homedepot.com	HTTPS://WWW.HOMEDEPOT.COM/B/BATH-TOILETS-TOILET-SEATS/BEMIS/N-5YC1VZCEQ5Z7F
BEMIS	BEMIS	homedepot.com	HTTPS://WWW.HOMEDEPOT.COM/B/BEMIS/N-5YC1VZ7F
BEMMA	BEMMA	homedepot.com	HTTPS://WWW.HOMEDEPOT.COM/B/BATH-BATHROOM-VANITIES/BEMMA/N-5YC1VZCFV3ZT1T
BEMMA	BEMMA	homedepot.com	HTTPS://WWW.HOMEDEPOT.COM/B/BEMMA/N-5YC1VZT1T
BEMMA	BEMMA	homedepot.com	HTTPS://WWW.HOMEDEPOT.COM/B/BEMMA/48-INCH-VANITIES/N-5YC1VZT1TZ1Z0KE51
BEMMA	BEMMA	homedepot.com	HTTPS://WWW.HOMEDEPOT.COM/B/BEMMA/24-INCH-VANITIES/N-5YC1VZT1TZ1Z0KE71
BENCHFOODS	BENCHFOODS	homedepot.com	HTTPS://WWW.HOMEDEPOT.COM/B/BENCHFOODS/N-5YC1VZYOK
BENCHPRO	BENCHPRO	homedepot.com	HTTPS://WWW.HOMEDEPOT.COM/B/STORAGE-ORGANIZATION-GARAGE-STORAGE-WORKBENCHES/BENCHPRO/N-5YC1VZC898ZMM4
BENDIX	BENDIX	homedepot.com	HTTPS://WWW.HOMEDEPOT.COM/B/GARAGE-AUTOMOTIVE-AUTO-PARTS-BRAKE-PARTS/BENDIX/N-5YC1VZCLA4ZO19
BENDIXFLEETMETLOK	BENDIXFLEETMETLOK	homedepot.com	HTTPS://WWW.HOMEDEPOT.COM/B/GARAGE-AUTOMOTIVE-AUTO-PARTS/BENDIX-FLEET-METLOK/N-5YC1VZC8SSZORU
BENDIXFLEETMETLOK	BENDIXFLEETMETLOK	homedepot.com	HTTPS://WWW.HOMEDEPOT.COM/B/GARAGE-AUTOMOTIVE/BENDIX-FLEET-METLOK/VEHICLE-SPECIFIC/N-5YC1VZC8O1ZORUZ1Z19016
BENDIXFLEETMETLOK	BENDIXFLEETMETLOK	homedepot.com	HTTPS://WWW.HOMEDEPOT.COM/B/BENDIX-FLEET-METLOK/N-5YC1VZNY0
BENDIXFLEETMETLOK	BENDIXFLEETMETLOK	homedepot.com	HTTPS://WWW.HOMEDEPOT.COM/B/AUTOMOTIVE/BENDIX-FLEET-METLOK/N-5YC1VZC8O1ZORU
BENDIXPREMIUMCOPPERFREE	BENDIXPREMIUMCOPPERFREE	homedepot.com	HTTPS://WWW.HOMEDEPOT.COM/B/GARAGE-AUTOMOTIVE-AUTO-PARTS/BENDIX-PREMIUM-COPPER-FREE/N-5YC1VZC8SSZORM
BENDIXPREMIUMDRUMANDROTOR	BENDIXPREMIUMDRUMANDROTOR	homedepot.com	HTTPS://WWW.HOMEDEPOT.COM/B/BENDIX-PREMIUM-DRUM-AND-ROTOR/N-5YC1VZNZ2
BENDIXPREMIUMDRUMANDROTOR	BENDIXPREMIUMDRUMANDROTOR	homedepot.com	HTTPS://WWW.HOMEDEPOT.COM/B/BENDIX-PREMIUM-DRUM-AND-ROTOR/6-SPEED-AUTOMATIC/N-5YC1VZNZ2Z1Z19EOO?NAO=24
BENDIXPREMIUMDRUMANDROTOR	BENDIXPREMIUMDRUMANDROTOR	homedepot.com	HTTPS://WWW.HOMEDEPOT.COM/B/BENDIX-PREMIUM-DRUM-AND-ROTOR/FITMENT/N-5YC1VZNZ2Z1Z18GK5?NAO=12
BENDPAK	BENDPAK	homedepot.com	HTTPS://WWW.HOMEDEPOT.COM/B/GARAGE-AUTOMOTIVE-SHOP-EQUIPMENT-CAR-LIFTS/BENDPAK/N-5YC1VZC8MWZY6X
BENEFECT	BENEFECT	homedepot.com	HTTPS://WWW.HOMEDEPOT.COM/B/BENEFECT/N-5YC1VZSRD
BENISSIMO	BENISSIMO	homedepot.com	HTTPS://WWW.HOMEDEPOT.COM/B/BENISSIMO/N-5YC1VZTSG
BENISSIMO	BENISSIMO	homedepot.com	HTTPS://WWW.HOMEDEPOT.COM/B/FLOORING-RUGS/BENISSIMO/N-5YC1VZARFMZTSG
BENISSIMO	BENISSIMO	homedepot.com	HTTPS://WWW.HOMEDEPOT.COM/B/FLOORING-RUGS-MATS/BENISSIMO/OUTDOOR/N-5YC1VZC9A5ZTSGZ1Z17LKR
BENJARA	BENJARA	homedepot.com	HTTPS://WWW.HOMEDEPOT.COM/B/FURNITURE/BENJARA/N-5YC1VZC7PCZOYU
BENJARA	BENJARA	homedepot.com	HTTPS://WWW.HOMEDEPOT.COM/B/FURNITURE-BEDROOM-FURNITURE/BENJARA/N-5YC1VZC7PEZOYU
BENJARA	BENJARA	homedepot.com	HTTPS://WWW.HOMEDEPOT.COM/B/FURNITURE-LIVING-ROOM-FURNITURE-SOFAS-COUCHES/BENJARA/N-5YC1VZC7OYZOYU
BENJARA	BENJARA	homedepot.com	HTTPS://WWW.HOMEDEPOT.COM/B/BENJARA/N-5YC1VZOYU
BENNETTMARINE	BENNETTMARINE	homedepot.com	HTTPS://WWW.HOMEDEPOT.COM/B/BENNETT-MARINE/N-5YC1VZPZK
BENTONCOLLECTION	BENTONCOLLECTION	homedepot.com	HTTPS://WWW.HOMEDEPOT.COM/B/BATH-BATHROOM-VANITIES/BENTON-COLLECTION/N-5YC1VZCFV3ZP1R
BENTONCOLLECTION	BENTONCOLLECTION	homedepot.com	HTTPS://WWW.HOMEDEPOT.COM/B/BENTON-COLLECTION/N-5YC1VZP1R
BENTONCOLLECTION	BENTONCOLLECTION	homedepot.com	HTTPS://WWW.HOMEDEPOT.COM/B/BATH-BATHROOM-VANITIES-BATHROOM-VANITIES-WITH-TOPS/BENTON-COLLECTION/N-5YC1VZCFW5ZP1R
BENTONCOLLECTION	BENTONCOLLECTION	homedepot.com	HTTPS://WWW.HOMEDEPOT.COM/B/BATH/BENTON-COLLECTION/36-INCH-VANITIES/N-5YC1VZBZB3ZP1RZ1Z0KE6O
BENTONCOLLECTION	BENTONCOLLECTION	homedepot.com	HTTPS://WWW.HOMEDEPOT.COM/B/BATH-BATHROOM-VANITIES/BENTON-COLLECTION/WHITE/N-5YC1VZCFV3ZP1RZ1Z0PI81
BENZARA	BENZARA	homedepot.com	HTTPS://WWW.HOMEDEPOT.COM/B/BENZARA/N-5YC1VZLUS
BEPOWEREQUIPMENT	BEPOWEREQUIPMENT	homedepot.com	HTTPS://WWW.HOMEDEPOT.COM/B/BE-POWER-EQUIPMENT/N-5YC1VZZ9J
BEPOWEREQUIPMENT	BEPOWEREQUIPMENT	homedepot.com	HTTPS://WWW.HOMEDEPOT.COM/B/OUTDOORS-OUTDOOR-POWER-EQUIPMENT-PRESSURE-WASHERS-GAS-PRESSURE-WASHERS/BE-POWER-EQUIPMENT/N-5YC1VZ2FKOOYLZ102V
BERGENINDUSTRIES	BERGENINDUSTRIES	homedepot.com	HTTPS://WWW.HOMEDEPOT.COM/B/LIGHTING-COMMERCIAL-LIGHTING/BERGEN-INDUSTRIES/N-5YC1VZC7BUZMC6
BERGENINDUSTRIES	BERGENINDUSTRIES	homedepot.com	HTTPS://WWW.HOMEDEPOT.COM/B/LIGHTING-COMMERCIAL-LIGHTING-WORK-LIGHTS/BERGEN-INDUSTRIES/N-5YC1VZCGDUZMC6
BERGENINDUSTRIES	BERGENINDUSTRIES	homedepot.com	HTTPS://WWW.HOMEDEPOT.COM/B/ELECTRICAL-ELECTRICAL-CORDS-EXTENSION-CORDS/BERGEN-INDUSTRIES/N-5YC1VZC4NEZMC6
BERGENINDUSTRIES	BERGENINDUSTRIES	homedepot.com	HTTPS://WWW.HOMEDEPOT.COM/B/TOOLS-POWER-TOOLS/BERGEN-INDUSTRIES/N-5YC1VZC298ZMC6
BERGENINDUSTRIES	BERGENINDUSTRIES	homedepot.com	HTTPS://WWW.HOMEDEPOT.COM/B/BERGEN-INDUSTRIES/N-5YC1VZMC6
BERGENINDUSTRIES	BERGENINDUSTRIES	homedepot.com	HTTPS://WWW.HOMEDEPOT.COM/B/LIGHTING/BERGEN-INDUSTRIES/N-5YC1VZBVN5ZMC6
BERGNER	BERGNER	homedepot.com	HTTPS://WWW.HOMEDEPOT.COM/B/BERGNER/N-5YC1VZVMW
BERGNER	BERGNER	homedepot.com	HTTPS://WWW.HOMEDEPOT.COM/B/KITCHEN-KITCHENWARE-COOKWARE/BERGNER/N-5YC1VZC7G9ZVMW
BERNADETTE	BERNADETTE	homedepot.com	HTTPS://WWW.HOMEDEPOT.COM/B/FURNITURE-BEDROOM-FURNITURE/BERNADETTE/N-5YC1VZC7PEZ1Z1AKW9
BERNDES	BERNDES	homedepot.com	HTTPS://WWW.HOMEDEPOT.COM/B/KITCHEN-KITCHENWARE-COOKWARE/BERNDES/N-5YC1VZC7G9ZG5W
BERNDES	BERNDES	homedepot.com	HTTPS://WWW.HOMEDEPOT.COM/B/BERNDES/COOKWARE-SET/N-5YC1VZG5WZ1Z0M0XK
BERNE	BERNE	homedepot.com	HTTPS://WWW.HOMEDEPOT.COM/B/WORKWEAR/BERNE/N-5YC1VZC4OTZGMR
BERNINIFOUNTAINS	BERNINIFOUNTAINS	homedepot.com	HTTPS://WWW.HOMEDEPOT.COM/B/OUTDOORS-GARDEN-CENTER-OUTDOOR-DECOR-FOUNTAINS/BERNINI-FOUNTAINS/N-5YC1VZC6NLZYB0
BERNINIFOUNTAINS	BERNINIFOUNTAINS	homedepot.com	HTTPS://WWW.HOMEDEPOT.COM/B/BERNINI-FOUNTAINS/N-5YC1VZYB0
BERNINIFOUNTAINS	BERNINIFOUNTAINS	homedepot.com	HTTPS://WWW.HOMEDEPOT.COM/B/OUTDOORS-GARDEN-CENTER-WATERING-IRRIGATION/BERNINI-FOUNTAINS/N-5YC1VZBX5OZYB0
BERNZOMATIC	BERNZOMATIC	homedepot.com	HTTPS://WWW.HOMEDEPOT.COM/B/BERNZOMATIC/N-5YC1VZ91
BERNZOMATIC	BERNZOMATIC	homedepot.com	HTTPS://WWW.HOMEDEPOT.COM/B/TOOLS-WELDING-SOLDERING-TORCHES-TANKS/BERNZOMATIC/N-5YC1VZC8LQZ91
BERRNOURHOME	BERRNOURHOME	homedepot.com	HTTPS://WWW.HOMEDEPOT.COM/B/FLOORING-RUGS-AREA-RUGS/BERRNOUR-HOME/N-5YC1VZARJGZFUJ
BERRYPLASTICS	BERRYPLASTICS	homedepot.com	HTTPS://WWW.HOMEDEPOT.COM/B/BERRY-PLASTICS/N-5YC1VZIRF
BERRYPLASTICS	BERRYPLASTICS	homedepot.com	HTTPS://WWW.HOMEDEPOT.COM/B/PLUMBING/BERRY-PLASTICS/N-5YC1VZBQEWZIRF
BERTOLINI	BERTOLINI	homedepot.com	HTTPS://WWW.HOMEDEPOT.COM/B/FURNITURE/BERTOLINI/N-5YC1VZC7PCZS09
BERTOLINI	BERTOLINI	homedepot.com	HTTPS://WWW.HOMEDEPOT.COM/B/BERTOLINI/N-5YC1VZS09
BESSEY	BESSEY	homedepot.com	HTTPS://WWW.HOMEDEPOT.COM/B/TOOLS/BESSEY/N-5YC1VZC1XYZDEP
BESSEY	BESSEY	homedepot.com	HTTPS://WWW.HOMEDEPOT.COM/B/TOOLS-HAND-TOOLS-FASTENING-TOOLS-CLAMPS-VISES-CLAMPS/BESSEY/N-5YC1VZC266ZDEP
BESSEY	BESSEY	homedepot.com	HTTPS://WWW.HOMEDEPOT.COM/B/TOOLS-HAND-TOOLS-FASTENING-TOOLS-CLAMPS-VISES/BESSEY/N-5YC1VZC97YZDEP
BEST1GUTTERGUARDS	BEST1GUTTERGUARDS	homedepot.com	HTTPS://WWW.HOMEDEPOT.COM/B/BEST-1-GUTTER-GUARDS/N-5YC1VZRTJ
BEST1GUTTERGUARDS	BEST1GUTTERGUARDS	homedepot.com	HTTPS://WWW.HOMEDEPOT.COM/B/BUILDING-MATERIALS-ROOFING-SUPPLIES/BEST-1-GUTTER-GUARDS/N-5YC1VZAR6RZRTJ
BESTA	BESTA	homedepot.com	HTTPS://WWW.HOMEDEPOT.COM/B/FURNITURE/BESTA/N-5YC1VZC7PCZ1Z1S6EC
BESTAIR	BESTAIR	homedepot.com	HTTPS://WWW.HOMEDEPOT.COM/B/HEATING-VENTING-COOLING-AIR-FILTERS/BESTAIR/N-5YC1VZC4KWZIJ2
BESTAIR	BESTAIR	homedepot.com	HTTPS://WWW.HOMEDEPOT.COM/B/BESTAIR/N-5YC1VZIJ2
BESTBEEBROTHERS	BESTBEEBROTHERS	homedepot.com	HTTPS://WWW.HOMEDEPOT.COM/B/BEST-BEE-BROTHERS/N-5YC1VZML4
BESTCHOICEPRODUCTS	BESTCHOICEPRODUCTS	homedepot.com	HTTPS://WWW.HOMEDEPOT.COM/B/BEST-CHOICE-PRODUCTS/N-5YC1VZSEY
BESTEK	BESTEK	homedepot.com	HTTPS://WWW.HOMEDEPOT.COM/B/BESTEK/N-5YC1VZGI9
BESTHOMEFASHION	BESTHOMEFASHION	homedepot.com	HTTPS://WWW.HOMEDEPOT.COM/B/WINDOW-TREATMENTS-CURTAINS-DRAPES/BEST-HOME-FASHION/N-5YC1VZARFWZMBA
BESTHOMEFASHION	BESTHOMEFASHION	homedepot.com	HTTPS://WWW.HOMEDEPOT.COM/B/BEST-HOME-FASHION/N-5YC1VZMBA
BESTHOMEFASHION	BESTHOMEFASHION	homedepot.com	HTTPS://WWW.HOMEDEPOT.COM/B/HOME-DECOR/BEST-HOME-FASHION/N-5YC1VZAS6PZMBA
BESTIER	BESTIER	homedepot.com	HTTPS://WWW.HOMEDEPOT.COM/B/BESTIER/N-5YC1VZUJ4
BESTISAN	BESTISAN	homedepot.com	HTTPS://WWW.HOMEDEPOT.COM/B/ELECTRICAL-ELECTRONICS-HOME-AUDIO-PORTABLE-SPEAKERS/BESTISAN/N-5YC1VZ2FKP5B0ZZ7H
BESTISAN	BESTISAN	homedepot.com	HTTPS://WWW.HOMEDEPOT.COM/B/ELECTRICAL-ELECTRONICS-HOME-AUDIO/BESTISAN/N-5YC1VZC641ZZ7H
BESTISAN	BESTISAN	homedepot.com	HTTPS://WWW.HOMEDEPOT.COM/B/ELECTRICAL-ELECTRONICS/BESTISAN/N-5YC1VZC958ZZ7H
BESTLINELUBRICANTS	BESTLINELUBRICANTS	homedepot.com	HTTPS://WWW.HOMEDEPOT.COM/B/BESTLINE-LUBRICANTS/N-5YC1VZFBW
BESTLINELUBRICANTS	BESTLINELUBRICANTS	homedepot.com	HTTPS://WWW.HOMEDEPOT.COM/B/AUTOMOTIVE/BESTLINE-LUBRICANTS/N-5YC1VZFBWZC8O1
BESTLINELUBRICANTS	BESTLINELUBRICANTS	homedepot.com	HTTPS://WWW.HOMEDEPOT.COM/B/AUTOMOTIVE-CAR-FLUIDS-CHEMICALS/BESTLINE-LUBRICANTS/N-5YC1VZCLA3ZFBW
BESTPROLIGHTING	BESTPROLIGHTING	homedepot.com	HTTPS://WWW.HOMEDEPOT.COM/B/BEST-PRO-LIGHTING/N-5YC1VZO6T
BESTPROLIGHTING	BESTPROLIGHTING	homedepot.com	HTTPS://WWW.HOMEDEPOT.COM/B/LIGHTING/BEST-PRO-LIGHTING/N-5YC1VZBVN5ZO6T
BESTQUALITYFURNITURE	BESTQUALITYFURNITURE	homedepot.com	HTTPS://WWW.HOMEDEPOT.COM/B/BEST-QUALITY-FURNITURE/N-5YC1VZUNP
BESTSTEP	BESTSTEP	homedepot.com	HTTPS://WWW.HOMEDEPOT.COM/B/FLOORING/BEST-STEP/N-5YC1VZAQ7RZ563
BESTWAY	BESTWAY	homedepot.com	HTTPS://WWW.HOMEDEPOT.COM/B/BESTWAY/N-5YC1VZFOJ
BESTWAY	BESTWAY	homedepot.com	HTTPS://WWW.HOMEDEPOT.COM/B/OUTDOORS-POOLS/BESTWAY/N-5YC1VZCFYRZFOJ
BETCO	BETCO	homedepot.com	HTTPS://WWW.HOMEDEPOT.COM/B/CLEANING-CLEANING-PRODUCTS/BETCO/N-5YC1VZCB33ZLQA
BETCO	BETCO	homedepot.com	HTTPS://WWW.HOMEDEPOT.COM/B/BETCO/N-5YC1VZLQA
BETO	BETO	homedepot.com	HTTPS://WWW.HOMEDEPOT.COM/B/BETO/N-5YC1VZDYL
BETO	BETO	homedepot.com	HTTPS://WWW.HOMEDEPOT.COM/B/SPORTS-OUTDOORS-CYCLING-GEAR-BIKE-PARTS-ACCESSORIES/BETO/N-5YC1VZC4O8ZDYL
BETTERBEVEL	BETTERBEVEL	homedepot.com	HTTPS://WWW.HOMEDEPOT.COM/B/BETTER-BEVEL/N-5YC1VZRGS
BETTERBEVEL	BETTERBEVEL	homedepot.com	HTTPS://WWW.HOMEDEPOT.COM/B/BATH-BATHROOM-MIRRORS/BETTER-BEVEL/N-5YC1VZBZBOZRGS
BETTERBRELLA	BETTERBRELLA	homedepot.com	HTTPS://WWW.HOMEDEPOT.COM/B/BETTER-BRELLA/N-5YC1VZMFX
BETTERBUILT	BETTERBUILT	homedepot.com	HTTPS://WWW.HOMEDEPOT.COM/B/GARAGE-AUTOMOTIVE-TRUCK-ACCESSORIES-TRUCK-TOOL-BOXES/BETTER-BUILT/N-5YC1VZC23LZ5AQ
BETTERCHEF	BETTERCHEF	homedepot.com	HTTPS://WWW.HOMEDEPOT.COM/B/BETTER-CHEF/N-5YC1VZM3I
BETTERCHEF	BETTERCHEF	homedepot.com	HTTPS://WWW.HOMEDEPOT.COM/B/APPLIANCES/BETTER-CHEF/N-5YC1VZBV1WZM3I
BETTERCHEF	BETTERCHEF	homedepot.com	HTTPS://WWW.HOMEDEPOT.COM/B/KITCHEN-KITCHENWARE-COOKWARE/BETTER-CHEF/N-5YC1VZC7G9ZM3I
BETTERGRO	BETTERGRO	homedepot.com	HTTPS://WWW.HOMEDEPOT.COM/B/BETTER-GRO/N-5YC1VZ94
BETTERGRO	BETTERGRO	homedepot.com	HTTPS://WWW.HOMEDEPOT.COM/B/OUTDOORS-GARDEN-CENTER-PLANT-CARE-PLANT-FOOD-FERTILIZER/BETTER-GRO/N-5YC1VZC8QZZ94
BETTERHOMESANDGARDENS	BETTERHOMESANDGARDENS	homedepot.com	HTTPS://WWW.HOMEDEPOT.COM/B/BETTER-HOMES-AND-GARDENS/N-5YC1VZATE
BETTERHOUSEWARE	BETTERHOUSEWARE	homedepot.com	HTTPS://WWW.HOMEDEPOT.COM/B/BETTER-HOUSEWARE/N-5YC1VZVMY
BETTERHOUSEWARE	BETTERHOUSEWARE	homedepot.com	HTTPS://WWW.HOMEDEPOT.COM/B/KITCHEN-KITCHENWARE/BETTER-HOUSEWARE/N-5YC1VZAQZOZVMY
BETTERHOUSEWARE	BETTERHOUSEWARE	homedepot.com	HTTPS://WWW.HOMEDEPOT.COM/B/KITCHEN-KITCHENWARE-COOKWARE/BETTER-HOUSEWARE/N-5YC1VZC7G9ZVMY
BETTERLIFE	BETTERLIFE	homedepot.com	HTTPS://WWW.HOMEDEPOT.COM/B/CLEANING-CLEANING-PRODUCTS/BETTER-LIFE/N-5YC1VZCB33Z9ZW
BETTERLIVING	BETTERLIVING	homedepot.com	HTTPS://WWW.HOMEDEPOT.COM/B/BETTER-LIVING/N-5YC1VZM81
BETTERLIVINGPRODUCTS	BETTERLIVINGPRODUCTS	homedepot.com	HTTPS://WWW.HOMEDEPOT.COM/B/BETTER-LIVING-PRODUCTS/N-5YC1VZ9O5
BETTERTOOLS	BETTERTOOLS	homedepot.com	HTTPS://WWW.HOMEDEPOT.COM/B/TOOLS-HAND-TOOLS-KNIVES-BLADES/BETTER-TOOLS/N-5YC1VZC21PZEBN
BETTERTOOLS	BETTERTOOLS	homedepot.com	HTTPS://WWW.HOMEDEPOT.COM/B/BETTER-TOOLS/N-5YC1VZEBN
BETTERTRENDS	BETTERTRENDS	homedepot.com	HTTPS://WWW.HOMEDEPOT.COM/B/BETTER-TRENDS/N-5YC1VZO02
BETTERVENT	BETTERVENT	homedepot.com	HTTPS://WWW.HOMEDEPOT.COM/B/HEATING-VENTING-COOLING/BETTERVENT/N-5YC1VZC4K8ZHMM
BETTERVENT	BETTERVENT	homedepot.com	HTTPS://WWW.HOMEDEPOT.COM/B/BETTERVENT/N-5YC1VZHMM
BETTERVENT	BETTERVENT	homedepot.com	HTTPS://WWW.HOMEDEPOT.COM/B/HEATING-VENTING-COOLING-AIR-FILTERS/BETTERVENT/N-5YC1VZC4KWZHMM
BETTERWOODPRODUCTS	BETTERWOODPRODUCTS	homedepot.com	HTTPS://WWW.HOMEDEPOT.COM/B/BETTER-WOOD-PRODUCTS/N-5YC1VZRDN
BETUS	BETUS	homedepot.com	HTTPS://WWW.HOMEDEPOT.COM/B/BETUS/N-5YC1VZPK6
BEUTA	BEUTA	homedepot.com	HTTPS://WWW.HOMEDEPOT.COM/B/OUTDOORS-GARDEN-CENTER-LANDSCAPING-SUPPLIES-LANDSCAPE-EDGING/BEUTA/N-5YC1VZBX74Z10FD
BEUTA	BEUTA	homedepot.com	HTTPS://WWW.HOMEDEPOT.COM/B/BEUTA/N-5YC1VZ10FD
BEVELED	BEVELED	homedepot.com	HTTPS://WWW.HOMEDEPOT.COM/B/LUMBER-COMPOSITES/BEVELED/WOOD/N-5YC1VZBQPGZ1Z0VIR2Z1Z0W46K
BEVELED	BEVELED	homedepot.com	HTTPS://WWW.HOMEDEPOT.COM/B/BATH-BATHROOM-MIRRORS/BEVELED/N-5YC1VZBZBOZ1Z1RTU7
BEVERLYRUG	BEVERLYRUG	homedepot.com	HTTPS://WWW.HOMEDEPOT.COM/B/FLOORING-RUGS/BEVERLY-RUG/N-5YC1VZARFMZURA
BEVERLYRUG	BEVERLYRUG	homedepot.com	HTTPS://WWW.HOMEDEPOT.COM/B/FLOORING-RUGS-AREA-RUGS/BEVERLY-RUG/N-5YC1VZARJGZURA
BEVERLYRUG	BEVERLYRUG	homedepot.com	HTTPS://WWW.HOMEDEPOT.COM/B/BEVERLY-RUG/BLUE/N-5YC1VZURAZ1Z0VI5D
BEVERLYRUG	BEVERLYRUG	homedepot.com	HTTPS://WWW.HOMEDEPOT.COM/B/FLOORING-RUGS-OUTDOOR-RUGS/BEVERLY-RUG/N-5YC1VZCE9VZURA
BEVERLYRUG	BEVERLYRUG	homedepot.com	HTTPS://WWW.HOMEDEPOT.COM/B/BEVERLY-RUG/N-5YC1VZURA
BEVERLYRUG	BEVERLYRUG	homedepot.com	HTTPS://WWW.HOMEDEPOT.COM/B/FLOORING-RUGS-AREA-RUGS/BEVERLY-RUG/WASHABLE/N-5YC1VZARJGZURAZ1Z1WCJ1
BEVERLYRUG	BEVERLYRUG	homedepot.com	HTTPS://WWW.HOMEDEPOT.COM/B/BEVERLY-RUG/RUNNER/N-5YC1VZURAZ1Z141FF
BEYBERK	BEYBERK	homedepot.com	HTTPS://WWW.HOMEDEPOT.COM/B/BEY-BERK/N-5YC1VZH17
BEYONDBRIGHT	BEYONDBRIGHT	homedepot.com	HTTPS://WWW.HOMEDEPOT.COM/B/BEYOND-BRIGHT/N-5YC1VZQDW
BEYONDDOWN	BEYONDDOWN	homedepot.com	HTTPS://WWW.HOMEDEPOT.COM/B/BEYOND-DOWN/N-5YC1VZM77
BEYONDNICE	BEYONDNICE	homedepot.com	HTTPS://WWW.HOMEDEPOT.COM/B/BEYONDNICE/N-5YC1VZH2Z
BEYONDNICE	BEYONDNICE	homedepot.com	HTTPS://WWW.HOMEDEPOT.COM/B/OUTDOORS-HOME-SPAS-HOT-TUB-ACCESSORIES-HOT-TUB-COVERS/BEYONDNICE/N-5YC1VZCFYOZH2Z
BEYONDPAINT	BEYONDPAINT	homedepot.com	HTTPS://WWW.HOMEDEPOT.COM/B/PAINT/BEYOND-PAINT/N-5YC1VZAR2DZGEB
BEYONDPAINT	BEYONDPAINT	homedepot.com	HTTPS://WWW.HOMEDEPOT.COM/B/PAINT-INTERIOR-PAINT-CABINET-PAINT/BEYOND-PAINT/N-5YC1VZ1Z18G8CZGD5
BEYONDPAINT	BEYONDPAINT	homedepot.com	HTTPS://WWW.HOMEDEPOT.COM/B/BEYOND-PAINT/N-5YC1VZGEB
BIALETTI	BIALETTI	homedepot.com	HTTPS://WWW.HOMEDEPOT.COM/B/BIALETTI/N-5YC1VZQ2Z
BIBBHOME	BIBBHOME	homedepot.com	HTTPS://WWW.HOMEDEPOT.COM/B/BIBB-HOME/N-5YC1VZYU0
BIBBHOME	BIBBHOME	homedepot.com	HTTPS://WWW.HOMEDEPOT.COM/B/HOME-DECOR-BEDDING/BIBB-HOME/SOLID-COLOR/N-5YC1VZCI04ZYU0Z1Z0ZN4M
BIBBHOME	BIBBHOME	homedepot.com	HTTPS://WWW.HOMEDEPOT.COM/B/HOME-DECOR-BEDDING-BED-SHEETS/BIBB-HOME/N-5YC1VZC1KDZYU0
BIBBHOME	BIBBHOME	homedepot.com	HTTPS://WWW.HOMEDEPOT.COM/B/HOME-DECOR-BEDDING-QUILTS-COVERLETS/BIBB-HOME/N-5YC1VZC1JYZYU0
BICAMERICA	BICAMERICA	homedepot.com	HTTPS://WWW.HOMEDEPOT.COM/B/ELECTRICAL-ELECTRONICS-HOME-AUDIO-SPEAKERS/BIC-AMERICA/N-5YC1VZC654Z3EH
BICAMERICA	BICAMERICA	homedepot.com	HTTPS://WWW.HOMEDEPOT.COM/B/ELECTRICAL-ELECTRONICS-HOME-AUDIO/BIC-AMERICA/N-5YC1VZC641Z3EH
BICAMERICA	BICAMERICA	homedepot.com	HTTPS://WWW.HOMEDEPOT.COM/B/ELECTRICAL-ELECTRONICS/BIC-AMERICA/N-5YC1VZC958Z3EH
BIDDEFORDBLANKETS	BIDDEFORDBLANKETS	homedepot.com	HTTPS://WWW.HOMEDEPOT.COM/B/BIDDEFORD-BLANKETS/N-5YC1VZHDT
BIEUORAM	BIEUORAM	homedepot.com	HTTPS://WWW.HOMEDEPOT.COM/B/BIEUORAM/N-5YC1VZZDT
BIEUORAM	BIEUORAM	homedepot.com	HTTPS://WWW.HOMEDEPOT.COM/B/BIEUORAM/2-YEAR-WARRANTY/N-5YC1VZZDTZ1Z0S9DT
BIEUORAM	BIEUORAM	homedepot.com	HTTPS://WWW.HOMEDEPOT.COM/B/LIGHTING-OUTDOOR-LIGHTING-LANDSCAPE-LIGHTING/BIEUORAM/N-5YC1VZC7Q6ZZDT
BIGAIR	BIGAIR	homedepot.com	HTTPS://WWW.HOMEDEPOT.COM/B/LIGHTING-CEILING-FANS/BIG-AIR/N-5YC1VZBVLQZF2Y
BIGASSFANS	BIGASSFANS	homedepot.com	HTTPS://WWW.HOMEDEPOT.COM/B/LIGHTING-CEILING-FANS/BIG-ASS-FANS/N-5YC1VZBVLQZC71
BIGBOBSFIREWOOD	BIGBOBSFIREWOOD	homedepot.com	HTTPS://WWW.HOMEDEPOT.COM/B/BIG-BOBS-FIREWOOD/N-5YC1VZCUZ
BIGBOBSFIREWOOD	BIGBOBSFIREWOOD	homedepot.com	HTTPS://WWW.HOMEDEPOT.COM/B/BIG-BOBS-FIREWOOD/FIREWOOD-SOLID-FUEL/N-5YC1VZCUZZ1Z0VOAA
BIGBOBSFIREWOOD	BIGBOBSFIREWOOD	homedepot.com	HTTPS://WWW.HOMEDEPOT.COM/B/OUTDOORS-OUTDOOR-HEATING-FIREWOOD/BIG-BOBS-FIREWOOD/N-5YC1VZC6NBZCUZ
BIGBOBSFIREWOOD	BIGBOBSFIREWOOD	homedepot.com	HTTPS://WWW.HOMEDEPOT.COM/B/OUTDOORS-OUTDOOR-HEATING/BIG-BOBS-FIREWOOD/N-5YC1VZC6NEZCUZ
BIGCHILL	BIGCHILL	homedepot.com	HTTPS://WWW.HOMEDEPOT.COM/B/BIG-CHILL/N-5YC1VZ1Z0VLW1
BIGDOTOFHAPPINESS	BIGDOTOFHAPPINESS	homedepot.com	HTTPS://WWW.HOMEDEPOT.COM/B/BIG-DOT-OF-HAPPINESS/N-5YC1VZV28
BIGGESTLOSER	BIGGESTLOSER	homedepot.com	HTTPS://WWW.HOMEDEPOT.COM/B/BIGGEST-LOSER/N-5YC1VZBCM
BIGJOE	BIGJOE	homedepot.com	HTTPS://WWW.HOMEDEPOT.COM/B/FURNITURE-LIVING-ROOM-FURNITURE-CHAIRS-BEAN-BAG-CHAIRS/BIG-JOE/N-5YC1VZCIJZZMSW
BIGREDROOSTER	BIGREDROOSTER	homedepot.com	HTTPS://WWW.HOMEDEPOT.COM/B/BIG-RED-ROOSTER/N-5YC1VZH32
BIGREDROOSTER	BIGREDROOSTER	homedepot.com	HTTPS://WWW.HOMEDEPOT.COM/B/HOME-DECOR/BIG-RED-ROOSTER/N-5YC1VZAS6PZH32
BIGREDROOSTER	BIGREDROOSTER	homedepot.com	HTTPS://WWW.HOMEDEPOT.COM/B/HEALTH-AND-WELLNESS/BIG-RED-ROOSTER/N-5YC1VZC8KLZH32
BIGROOF	BIGROOF	homedepot.com	HTTPS://WWW.HOMEDEPOT.COM/B/BIGROOF/RECTANGULAR/N-5YC1VZUVIZ1Z0WPVJ
BIGROOF	BIGROOF	homedepot.com	HTTPS://WWW.HOMEDEPOT.COM/B/STORAGE-ORGANIZATION-OUTDOOR-STORAGE-SHADE-STRUCTURES-CANOPIES-SHADE-CLOTHS/BIGROOF/N-5YC1VZBX4GZUVI
BIGSKYCARVERS	BIGSKYCARVERS	homedepot.com	HTTPS://WWW.HOMEDEPOT.COM/B/BIG-SKY-CARVERS/N-5YC1VZHPE
BIGTIMEPRODUCTS	BIGTIMEPRODUCTS	homedepot.com	HTTPS://WWW.HOMEDEPOT.COM/B/BIG-TIME-PRODUCTS/N-5YC1VZ66U
BIGTOP	BIGTOP	homedepot.com	HTTPS://WWW.HOMEDEPOT.COM/B/BIGTOP/N-5YC1VZFLF
BIGWOODBOARDS	BIGWOODBOARDS	homedepot.com	HTTPS://WWW.HOMEDEPOT.COM/B/BIGWOOD-BOARDS/N-5YC1VZPGU
BIGZZIA	BIGZZIA	homedepot.com	HTTPS://WWW.HOMEDEPOT.COM/B/BIGZZIA/N-5YC1VZUUS
BIKAHOM	BIKAHOM	homedepot.com	HTTPS://WWW.HOMEDEPOT.COM/B/FURNITURE-BEDROOM-FURNITURE-BEDS/BIKAHOM/N-5YC1VZC7OHZVMI
BIKAHOM	BIKAHOM	homedepot.com	HTTPS://WWW.HOMEDEPOT.COM/B/BIKAHOM/METAL/N-5YC1VZVMIZ1Z0JJIY
BIKAHOM	BIKAHOM	homedepot.com	HTTPS://WWW.HOMEDEPOT.COM/B/FURNITURE-BEDROOM-FURNITURE-BEDS-PLATFORM-BEDS/BIKAHOM/N-5YC1VZ2FKP9K1ZVMI
BIKELANE	BIKELANE	homedepot.com	HTTPS://WWW.HOMEDEPOT.COM/B/SPORTS-OUTDOORS-CYCLING-GEAR-BIKE-PARTS-ACCESSORIES/BIKE-LANE/N-5YC1VZC4O8ZNJV
BIKELANE	BIKELANE	homedepot.com	HTTPS://WWW.HOMEDEPOT.COM/B/SPORTS-OUTDOORS-KIDS-TOYS/BIKE-LANE/N-5YC1VZC4F9ZNJV
BILCO	BILCO	homedepot.com	HTTPS://WWW.HOMEDEPOT.COM/B/DOORS-WINDOWS-EXTERIOR-DOORS-CELLAR-DOORS/BILCO/N-5YC1VZC5IBZBIB
BILCO	BILCO	homedepot.com	HTTPS://WWW.HOMEDEPOT.COM/B/DOORS-WINDOWS-EXTERIOR-DOORS/BILCO/N-5YC1VZAS82ZBIB
BILCO	BILCO	homedepot.com	HTTPS://WWW.HOMEDEPOT.COM/B/HARDWARE-DOOR-HARDWARE-DOOR-LOCKS/BILCO/N-5YC1VZC223ZBIB
BILLYGOAT	BILLYGOAT	homedepot.com	HTTPS://WWW.HOMEDEPOT.COM/B/BILLY-GOAT/N-5YC1VZG4P
BINFORD	BINFORD	homedepot.com	HTTPS://WWW.HOMEDEPOT.COM/B/BINFORD/N-5YC1VZDQX
BINTOPIA	BINTOPIA	homedepot.com	HTTPS://WWW.HOMEDEPOT.COM/B/BINTOPIA/N-5YC1VZGRQ
BINTOPIA	BINTOPIA	homedepot.com	HTTPS://WWW.HOMEDEPOT.COM/B/STORAGE-ORGANIZATION-CUBE-STORAGE-CUBE-STORAGE-BINS/BINTOPIA/N-5YC1VZCFZTZGRQ
BINTOPIA	BINTOPIA	homedepot.com	HTTPS://WWW.HOMEDEPOT.COM/B/STORAGE-ORGANIZATION-CUBE-STORAGE/BINTOPIA/N-5YC1VZCFZJZGRQ
BIOADVANCED	BIOADVANCED	homedepot.com	HTTPS://WWW.HOMEDEPOT.COM/B/BIOADVANCED/N-5YC1VZXOS
BIOADVANCED	BIOADVANCED	homedepot.com	HTTPS://WWW.HOMEDEPOT.COM/B/OUTDOORS-GARDEN-CENTER-PEST-CONTROL-INSECT-CONTROL-INSECT-KILLERS-INSECT-KILLER-GRANULES/BIOADVANCED/N-5YC1VZ2FKOQFZZHOW
BIOBIDET	BIOBIDET	homedepot.com	HTTPS://WWW.HOMEDEPOT.COM/B/BATH-BIDETS-BIDET-TOILET-SEATS/BIO-BIDET/N-5YC1VZBZA8ZPUH
BIOBIDET	BIOBIDET	homedepot.com	HTTPS://WWW.HOMEDEPOT.COM/B/BIO-BIDET/N-5YC1VZPUH
BIOCEAN	BIOCEAN	homedepot.com	HTTPS://WWW.HOMEDEPOT.COM/B/KITCHEN-TABLEWARE-BAR-DISPOSABLE-TABLEWARE/BIOCEAN/N-5YC1VZCEXJZZ83
BIOCIDESYSTEMS	BIOCIDESYSTEMS	homedepot.com	HTTPS://WWW.HOMEDEPOT.COM/B/BIOCIDE-SYSTEMS/N-5YC1VZEVD
BIOCIDESYSTEMS	BIOCIDESYSTEMS	homedepot.com	HTTPS://WWW.HOMEDEPOT.COM/B/CLEANING-CLEANING-PRODUCTS/BIOCIDE-SYSTEMS/N-5YC1VZCB33ZEVD
BIOCIDESYSTEMS	BIOCIDESYSTEMS	homedepot.com	HTTPS://WWW.HOMEDEPOT.COM/B/CLEANING/BIOCIDE-SYSTEMS/N-5YC1VZBQSIZEVD
BIOCIDESYSTEMS	BIOCIDESYSTEMS	homedepot.com	HTTPS://WWW.HOMEDEPOT.COM/B/CLEANING-CLEANING-PRODUCTS-ROOM-FRESHENERS-ODOR-ELIMINATORS/BIOCIDE-SYSTEMS/N-5YC1VZCB2UZEVD
BIOCIDESYSTEMS	BIOCIDESYSTEMS	homedepot.com	HTTPS://WWW.HOMEDEPOT.COM/B/FLOORING-FLOORING-SUPPLIES-FLOOR-PROTECTION-MATERIALS/BIOCIDE-SYSTEMS/N-5YC1VZCDUSZEVD
BIOCLEANPRODUCTS	BIOCLEANPRODUCTS	homedepot.com	HTTPS://WWW.HOMEDEPOT.COM/B/CLEANING-CLEANING-PRODUCTS/BIO-CLEAN-PRODUCTS/N-5YC1VZCB33Z10WF
BIOESQUE	BIOESQUE	homedepot.com	HTTPS://WWW.HOMEDEPOT.COM/B/BIOESQUE/N-5YC1VZPTJ
BIOESQUE	BIOESQUE	homedepot.com	HTTPS://WWW.HOMEDEPOT.COM/B/CLEANING-CLEANING-PRODUCTS/BIOESQUE/N-5YC1VZCB33ZPTJ
BIOHORT	BIOHORT	homedepot.com	HTTPS://WWW.HOMEDEPOT.COM/B/BIOHORT/N-5YC1VZXLL
BIOHORT	BIOHORT	homedepot.com	HTTPS://WWW.HOMEDEPOT.COM/B/STORAGE-ORGANIZATION-OUTDOOR-STORAGE-SHEDS/BIOHORT/N-5YC1VZBTZ2ZXLL
BIOHORT	BIOHORT	homedepot.com	HTTPS://WWW.HOMEDEPOT.COM/B/STORAGE-ORGANIZATION/BIOHORT/N-5YC1VZAS7EZXLL
BIOHORT	BIOHORT	homedepot.com	HTTPS://WWW.HOMEDEPOT.COM/B/STORAGE-ORGANIZATION-OUTDOOR-STORAGE-PATIO-STORAGE/BIOHORT/N-5YC1VZ2FKPA4BZXLL
BIOHORT	BIOHORT	homedepot.com	HTTPS://WWW.HOMEDEPOT.COM/B/STORAGE-ORGANIZATION-OUTDOOR-STORAGE/BIOHORT/N-5YC1VZBU96ZXLL
BIOHORT	BIOHORT	homedepot.com	HTTPS://WWW.HOMEDEPOT.COM/B/STORAGE-ORGANIZATION-OUTDOOR-STORAGE-PATIO-STORAGE-OUTDOOR-STORAGE-CABINETS/BIOHORT/N-5YC1VZCI7BZXLL
BIOKLEEN	BIOKLEEN	homedepot.com	HTTPS://WWW.HOMEDEPOT.COM/B/BIO-KLEEN/N-5YC1VZPZT
BIONAIRE	BIONAIRE	homedepot.com	HTTPS://WWW.HOMEDEPOT.COM/B/HEATING-VENTING-COOLING-AIR-PURIFIERS/BIONAIRE/N-5YC1VZC4M5Z4PM
BIONICFLEX	BIONICFLEX	homedepot.com	HTTPS://WWW.HOMEDEPOT.COM/B/BIONIC-FLEX/N-5YC1VZRWA
BIONICFLEX	BIONICFLEX	homedepot.com	HTTPS://WWW.HOMEDEPOT.COM/B/OUTDOORS-GARDEN-CENTER-WATERING-IRRIGATION-WATERING-ESSENTIALS-GARDEN-HOSES/BIONIC-FLEX/N-5YC1VZBX4EZRWA
BIONICFORCE	BIONICFORCE	homedepot.com	HTTPS://WWW.HOMEDEPOT.COM/B/OUTDOORS-GARDEN-CENTER-WATERING-IRRIGATION-WATERING-ESSENTIALS-GARDEN-HOSES/BIONIC-FORCE/N-5YC1VZBX4EZP0Y
BIONICFORCE	BIONICFORCE	homedepot.com	HTTPS://WWW.HOMEDEPOT.COM/B/BIONIC-FORCE/N-5YC1VZP0Y
BIONICSTEEL	BIONICSTEEL	homedepot.com	HTTPS://WWW.HOMEDEPOT.COM/B/OUTDOORS-GARDEN-CENTER-WATERING-IRRIGATION-WATERING-ESSENTIALS-GARDEN-HOSES/BIONIC-STEEL/N-5YC1VZBX4EZN2Y
BIONIK	BIONIK	homedepot.com	HTTPS://WWW.HOMEDEPOT.COM/B/BIONIK/N-5YC1VZPYI
BIOPEDIC	BIOPEDIC	homedepot.com	HTTPS://WWW.HOMEDEPOT.COM/B/BIOPEDIC/N-5YC1VZCWB
BIOPEDIC	BIOPEDIC	homedepot.com	HTTPS://WWW.HOMEDEPOT.COM/B/HOME-DECOR-BEDDING-MATTRESS-TOPPERS/BIOPEDIC/N-5YC1VZC1KUZCWB
BIOPEDIC	BIOPEDIC	homedepot.com	HTTPS://WWW.HOMEDEPOT.COM/B/BIOPEDIC/TWIN/N-5YC1VZCWBZ1Z0ZAF5
BIOPEDIC	BIOPEDIC	homedepot.com	HTTPS://WWW.HOMEDEPOT.COM/B/FURNITURE-BEDROOM-FURNITURE-MATTRESSES/BIOPEDIC/N-5YC1VZC7OEZCWB
BIOSLIVING	BIOSLIVING	homedepot.com	HTTPS://WWW.HOMEDEPOT.COM/B/HEALTH-AND-WELLNESS/BIOS-LIVING/N-5YC1VZC8KLZXVB
BIOSLIVING	BIOSLIVING	homedepot.com	HTTPS://WWW.HOMEDEPOT.COM/B/BIOS-LIVING/N-5YC1VZXYW
BIRCHFOREST	BIRCHFOREST	homedepot.com	HTTPS://WWW.HOMEDEPOT.COM/B/PAINT-PAINT-COLORS/BIRCH-FOREST/N-5YC1VZCAW8Z1Z1AK1J
BIRCHLIGHTING	BIRCHLIGHTING	homedepot.com	HTTPS://WWW.HOMEDEPOT.COM/B/LIGHTING/BIRCH-LIGHTING/N-5YC1VZBVN5ZXY8
BIRCHLIGHTING	BIRCHLIGHTING	homedepot.com	HTTPS://WWW.HOMEDEPOT.COM/B/LIGHTING-ACCENT-LIGHTING-ENTERTAINMENT-LIGHTING-TV-AND-GAMING-LIGHTS/BIRCH-LIGHTING/N-5YC1VZ2FKPD03ZXY8
BIRCHTREE	BIRCHTREE	homedepot.com	HTTPS://WWW.HOMEDEPOT.COM/B/OUTDOORS-GARDEN-CENTER-OUTDOOR-PLANTS-TREES/BIRCH-TREE/N-5YC1VZC8RQZ1Z1BQF5
BIRCHTREE	BIRCHTREE	homedepot.com	HTTPS://WWW.HOMEDEPOT.COM/B/OUTDOORS-GARDEN-CENTER-OUTDOOR-PLANTS/BIRCH-TREE/N-5YC1VZC8RGZ1Z1BQF5
BIRCHWOODCASEY	BIRCHWOODCASEY	homedepot.com	HTTPS://WWW.HOMEDEPOT.COM/B/BIRCHWOOD-CASEY/N-5YC1VZXMU
BIRDBARRIER	BIRDBARRIER	homedepot.com	HTTPS://WWW.HOMEDEPOT.COM/B/BIRD-BARRIER/N-5YC1VZ102R
BIRDBARRIER	BIRDBARRIER	homedepot.com	HTTPS://WWW.HOMEDEPOT.COM/B/OUTDOORS-GARDEN-CENTER-PEST-CONTROL-ANIMAL-RODENT-CONTROL/BIRD-BARRIER/N-5YC1VZ2FKOQFUZ102R
BIRDBGONE	BIRDBGONE	homedepot.com	HTTPS://WWW.HOMEDEPOT.COM/B/BIRD-B-GONE/N-5YC1VZ5J2
BIRDROCKHOME	BIRDROCKHOME	homedepot.com	HTTPS://WWW.HOMEDEPOT.COM/B/BIRDROCK-HOME/N-5YC1VZEZ6
BIRDROCKHOME	BIRDROCKHOME	homedepot.com	HTTPS://WWW.HOMEDEPOT.COM/B/STORAGE-ORGANIZATION/BIRDROCK-HOME/N-5YC1VZAS7EZEZ6
BIRDSCHOICE	BIRDSCHOICE	homedepot.com	HTTPS://WWW.HOMEDEPOT.COM/B/OUTDOORS-PET-SUPPLIES-WILDLIFE-BIRD-WILDLIFE-SUPPLIES-BIRD-FEEDERS/BIRDS-CHOICE/N-5YC1VZC7O3ZSP3
BIRDSCHOICE	BIRDSCHOICE	homedepot.com	HTTPS://WWW.HOMEDEPOT.COM/B/OUTDOORS-PET-SUPPLIES-WILDLIFE-BIRD-WILDLIFE-SUPPLIES-BIRD-FEEDERS/BIRDS-CHOICE/N-5YC1VZC7O3ZOWM
BISCAYNEBAY	BISCAYNEBAY	homedepot.com	HTTPS://WWW.HOMEDEPOT.COM/B/BISCAYNE-BAY/N-5YC1VZ87D
BISONLIFE	BISONLIFE	homedepot.com	HTTPS://WWW.HOMEDEPOT.COM/B/BISON-LIFE/N-5YC1VZD02
BISONLIFE	BISONLIFE	homedepot.com	HTTPS://WWW.HOMEDEPOT.COM/B/WORKWEAR/BISON-LIFE/N-5YC1VZC4OTZTT3
BISONLIFE	BISONLIFE	homedepot.com	HTTPS://WWW.HOMEDEPOT.COM/B/SAFETY-EQUIPMENT-PROTECTIVE-EYEWEAR-SAFETY-GLASSES/BISON-LIFE/N-5YC1VZC1XTZTT3
BISONLIFE	BISONLIFE	homedepot.com	HTTPS://WWW.HOMEDEPOT.COM/B/CLEANING-CLEANING-TOOLS-RUBBER-GLOVES/BISON-LIFE/N-5YC1VZCB34ZTT3
BISSELL	BISSELL	homedepot.com	HTTPS://WWW.HOMEDEPOT.COM/B/CLEANING-CLEANING-PRODUCTS/BISSELL/N-5YC1VZCB33ZANU
BISSELL	BISSELL	homedepot.com	HTTPS://WWW.HOMEDEPOT.COM/B/BISSELL/N-5YC1VZANU
BITEAWAY	BITEAWAY	homedepot.com	HTTPS://WWW.HOMEDEPOT.COM/B/BITE-AWAY/N-5YC1VZT8C
BITEAWAY	BITEAWAY	homedepot.com	HTTPS://WWW.HOMEDEPOT.COM/B/OUTDOORS-GARDEN-CENTER-PEST-CONTROL-INSECT-CONTROL-INSECT-REPELLENTS-BUG-SPRAY/BITE-AWAY/N-5YC1VZCALLZT8C
BITEAWAY	BITEAWAY	homedepot.com	HTTPS://WWW.HOMEDEPOT.COM/B/OUTDOORS-GARDEN-CENTER-PEST-CONTROL-INSECT-CONTROL/BITE-AWAY/N-5YC1VZCALOZT8C
BITESHIELD	BITESHIELD	homedepot.com	HTTPS://WWW.HOMEDEPOT.COM/B/OUTDOORS-GARDEN-CENTER-PEST-CONTROL/BITE-SHIELD/N-5YC1VZBX4WZ71G
BITESHIELD	BITESHIELD	homedepot.com	HTTPS://WWW.HOMEDEPOT.COM/B/BITE-SHIELD/N-5YC1VZ71G
BIZHOMART	BIZHOMART	homedepot.com	HTTPS://WWW.HOMEDEPOT.COM/B/HEATING-VENTING-COOLING-FIREPLACES-ELECTRIC-FIREPLACES/BIZHOMART/N-5YC1VZC4MQZUBC
BIZROMA	BIZROMA	homedepot.com	HTTPS://WWW.HOMEDEPOT.COM/B/STORAGE-ORGANIZATION-LAUNDRY-ROOM-STORAGE-IRONING-BOARDS/BIZROMA/N-5YC1VZCHD0ZSUT
BJORNWOODWORKS	BJORNWOODWORKS	homedepot.com	HTTPS://WWW.HOMEDEPOT.COM/B/BJORN-WOODWORKS/N-5YC1VZPGD
BJORNWOODWORKS	BJORNWOODWORKS	homedepot.com	HTTPS://WWW.HOMEDEPOT.COM/B/STORAGE-ORGANIZATION-OUTDOOR-STORAGE-SHADE-STRUCTURES-PERGOLAS/BJORN-WOODWORKS/N-5YC1VZBTZIZPGD
BJORNWOODWORKS	BJORNWOODWORKS	homedepot.com	HTTPS://WWW.HOMEDEPOT.COM/B/STORAGE-ORGANIZATION/BJORN-WOODWORKS/N-5YC1VZAS7EZPGD
BJORNWOODWORKS	BJORNWOODWORKS	homedepot.com	HTTPS://WWW.HOMEDEPOT.COM/B/BJORN-WOODWORKS/STEEL/N-5YC1VZPGDZ1Z0T5IJ
BLACKDECKER	BLACKDECKER	homedepot.com	HTTPS://WWW.HOMEDEPOT.COM/B/TOOLS/BLACK-DECKER/N-5YC1VZC1XYZE7C
BLACKDECKER	BLACKDECKER	homedepot.com	HTTPS://WWW.HOMEDEPOT.COM/B/BLACK-DECKER/N-5YC1VZE7C
BLACKFIRE	BLACKFIRE	homedepot.com	HTTPS://WWW.HOMEDEPOT.COM/B/BLACKFIRE/N-5YC1VZ58K
BLACKGREY	BLACKGREY	homedepot.com	HTTPS://WWW.HOMEDEPOT.COM/B/BLACK-GREY/N-5YC1VZ1Z13H84
BLACKMAX	BLACKMAX	homedepot.com	HTTPS://WWW.HOMEDEPOT.COM/B/BLACK-MAX/N-5YC1VZFKA
BLACKMOREPROAUDIO	BLACKMOREPROAUDIO	homedepot.com	HTTPS://WWW.HOMEDEPOT.COM/B/BLACKMORE-PRO-AUDIO/N-5YC1VZPSY
BLACKMOREPROAUDIO	BLACKMOREPROAUDIO	homedepot.com	HTTPS://WWW.HOMEDEPOT.COM/B/ELECTRICAL-ELECTRONICS/BLACKMORE-PRO-AUDIO/N-5YC1VZC958ZPSY
BLACKMOREPROAUDIO	BLACKMOREPROAUDIO	homedepot.com	HTTPS://WWW.HOMEDEPOT.COM/B/ELECTRICAL-ELECTRONICS-HOME-AUDIO/BLACKMORE-PRO-AUDIO/N-5YC1VZC641ZPSY
BLACKMOREPROAUDIO	BLACKMOREPROAUDIO	homedepot.com	HTTPS://WWW.HOMEDEPOT.COM/B/ELECTRICAL-ELECTRONICS-HOME-AUDIO-SPEAKERS/BLACKMORE-PRO-AUDIO/N-5YC1VZC654ZPSY
BLACKMOREPROAUDIO	BLACKMOREPROAUDIO	homedepot.com	HTTPS://WWW.HOMEDEPOT.COM/B/ELECTRICAL-ELECTRONICS-WIFI-NETWORKING-DEVICES-STRUCTURED-MEDIA-ACCESSORIES/BLACKMORE-PRO-AUDIO/N-5YC1VZC33DZPSY
BLACKOUT	BLACKOUT	homedepot.com	HTTPS://WWW.HOMEDEPOT.COM/B/WINDOW-TREATMENTS-WINDOW-SHADES/BLACKOUT/N-5YC1VZCH27Z1Z0YK9K
BLACKOUT	BLACKOUT	homedepot.com	HTTPS://WWW.HOMEDEPOT.COM/B/WINDOW-TREATMENTS-WINDOW-SHADES-ROLLER-SHADES/BLACKOUT/N-5YC1VZBT0WZ1Z0YK9K
BLACKOUT365	BLACKOUT365	homedepot.com	HTTPS://WWW.HOMEDEPOT.COM/B/BLACKOUT-365/N-5YC1VZNBX
BLACKOUT365	BLACKOUT365	homedepot.com	HTTPS://WWW.HOMEDEPOT.COM/B/WINDOW-TREATMENTS-CURTAINS-DRAPES/BLACKOUT-365/N-5YC1VZARFWZNBX
BLACKOUT365	BLACKOUT365	homedepot.com	HTTPS://WWW.HOMEDEPOT.COM/B/WINDOW-TREATMENTS-CURTAINS-DRAPES-ROOM-DARKENING-CURTAINS/BLACKOUT-365/N-5YC1VZ1Z18GSWZNBX
BLACKPEPPERPAPERIE	BLACKPEPPERPAPERIE	homedepot.com	HTTPS://WWW.HOMEDEPOT.COM/B/BLACK-PEPPER-PAPERIE/WASHABLE/N-5YC1VZU33Z1Z17DI0
BLACKSTONE	BLACKSTONE	homedepot.com	HTTPS://WWW.HOMEDEPOT.COM/B/OUTDOORS-OUTDOOR-COOKING-GRILLS/BLACKSTONE/N-5YC1VZBXAZZD9A
BLADEMAID	BLADEMAID	homedepot.com	HTTPS://WWW.HOMEDEPOT.COM/B/CLEANING-CLEANING-TOOLS/BLADE-MAID/N-5YC1VZCB51ZRHP
BLADESWEEP	BLADESWEEP	homedepot.com	HTTPS://WWW.HOMEDEPOT.COM/B/CLEANING-CLEANING-TOOLS-BROOMS/BLADE-SWEEP/N-5YC1VZCB2SZRK5
BLAKESLEE	BLAKESLEE	homedepot.com	HTTPS://WWW.HOMEDEPOT.COM/B/BLAKESLEE/N-5YC1VZHHP
BLANCO	BLANCO	homedepot.com	HTTPS://WWW.HOMEDEPOT.COM/B/BLANCO/N-5YC1VZ9L
BLANCO	BLANCO	homedepot.com	HTTPS://WWW.HOMEDEPOT.COM/B/BATH-BATHROOM-SINKS/BLANCO/N-5YC1VZBZB0Z1Z13EFF
BLANTEX	BLANTEX	homedepot.com	HTTPS://WWW.HOMEDEPOT.COM/B/BLANTEX/N-5YC1VZUSV
BLANTEX	BLANTEX	homedepot.com	HTTPS://WWW.HOMEDEPOT.COM/B/SPORTS-OUTDOORS-CAMPING-GEAR-CAMPING-SLEEPING-GEAR/BLANTEX/N-5YC1VZC44BZUSV
BLASTRAC	BLASTRAC	homedepot.com	HTTPS://WWW.HOMEDEPOT.COM/B/TOOLS-POWER-TOOLS/BLASTRAC/N-5YC1VZC298ZG61
BLASTRAC	BLASTRAC	homedepot.com	HTTPS://WWW.HOMEDEPOT.COM/B/BLASTRAC/N-5YC1VZG61
BLASTZONE	BLASTZONE	homedepot.com	HTTPS://WWW.HOMEDEPOT.COM/B/BLAST-ZONE/N-5YC1VZF1M
BLAYLOCKAMERICANMETAL	BLAYLOCKAMERICANMETAL	homedepot.com	HTTPS://WWW.HOMEDEPOT.COM/B/BLAYLOCK-AMERICAN-METAL/N-5YC1VZH38
BLAYLOCKAMERICANMETAL	BLAYLOCKAMERICANMETAL	homedepot.com	HTTPS://WWW.HOMEDEPOT.COM/B/AUTOMOTIVE-TOWING-EQUIPMENT/BLAYLOCK-AMERICAN-METAL/N-5YC1VZC8N0ZH38
BLAZERINTERNATIONAL	BLAZERINTERNATIONAL	homedepot.com	HTTPS://WWW.HOMEDEPOT.COM/B/BLAZER-INTERNATIONAL/N-5YC1VZ7NU
BLAZERINTERNATIONAL	BLAZERINTERNATIONAL	homedepot.com	HTTPS://WWW.HOMEDEPOT.COM/B/GARAGE-AUTOMOTIVE-SHOP-EQUIPMENT/BLAZER-INTERNATIONAL/N-5YC1VZC8MRZ7NU
BLAZERINTERNATIONAL	BLAZERINTERNATIONAL	homedepot.com	HTTPS://WWW.HOMEDEPOT.COM/B/SAFETY-EQUIPMENT/BLAZER-INTERNATIONAL/N-5YC1VZC4OWZ7NU
BLAZERINTERNATIONAL	BLAZERINTERNATIONAL	homedepot.com	HTTPS://WWW.HOMEDEPOT.COM/B/SAFETY-EQUIPMENT-SAFETY-ACCESSORIES/BLAZER-INTERNATIONAL/N-5YC1VZC2FTZ7NU
BLAZEVIDEO	BLAZEVIDEO	homedepot.com	HTTPS://WWW.HOMEDEPOT.COM/B/BLAZEVIDEO/N-5YC1VZXOL
BLAZINGLEDZ	BLAZINGLEDZ	homedepot.com	HTTPS://WWW.HOMEDEPOT.COM/B/BLAZING-LEDZ/N-5YC1VZH8F
BLAZINGLEDZ	BLAZINGLEDZ	homedepot.com	HTTPS://WWW.HOMEDEPOT.COM/B/BLAZING-LEDZ/FLASHLIGHTS-ACCESSORIES/N-5YC1VZH8FZ1Z0O3MR
BLAZINGLEDZ	BLAZINGLEDZ	homedepot.com	HTTPS://WWW.HOMEDEPOT.COM/B/TOOLS-FLASHLIGHTS/BLAZING-LEDZ/N-5YC1VZC24WZH8F
BLAZINGLEDZ	BLAZINGLEDZ	homedepot.com	HTTPS://WWW.HOMEDEPOT.COM/B/OUTDOORS-GARDEN-CENTER-PEST-CONTROL-INSECT-CONTROL-INSECT-KILLERS/BLAZING-LEDZ/N-5YC1VZ2FKOQG8ZH8F
BLAZINGLEDZ	BLAZINGLEDZ	homedepot.com	HTTPS://WWW.HOMEDEPOT.COM/B/TOOLS-FLASHLIGHTS-LANTERN-FLASHLIGHTS/BLAZING-LEDZ/N-5YC1VZCC0KZH8F
BLAZINGLEDZ	BLAZINGLEDZ	homedepot.com	HTTPS://WWW.HOMEDEPOT.COM/B/BLAZING-LEDZ/LED/LANTERN/N-5YC1VZH8FZ1Z0O781Z1Z132P0
BLEACH	BLEACH	homedepot.com	HTTPS://WWW.HOMEDEPOT.COM/B/CLEANING-CLEANING-PRODUCTS-BLEACH/N-5YC1VZCB5B
BLENDTEC	BLENDTEC	homedepot.com	HTTPS://WWW.HOMEDEPOT.COM/B/APPLIANCES-SMALL-KITCHEN-APPLIANCES-BLENDERS/BLENDTEC/N-5YC1VZBV6YZD4Q
BLINDS	BLINDS	homedepot.com	HTTPS://WWW.HOMEDEPOT.COM/B/WINDOW-TREATMENTS-BLINDS/N-5YC1VZCH24
BLINDSAVENUE	BLINDSAVENUE	homedepot.com	HTTPS://WWW.HOMEDEPOT.COM/B/WINDOW-TREATMENTS-WINDOW-SHADES-CELLULAR-SHADES/BLINDSAVENUE/N-5YC1VZBT0SZUAY
BLINDSAVENUE	BLINDSAVENUE	homedepot.com	HTTPS://WWW.HOMEDEPOT.COM/B/BLINDS-AVENUE/N-5YC1VZUAQ
BLINDSAVENUE	BLINDSAVENUE	homedepot.com	HTTPS://WWW.HOMEDEPOT.COM/B/WINDOW-TREATMENTS-WINDOW-SHADES-CELLULAR-SHADES/BLINDS-AVENUE/N-5YC1VZBT0SZUAQ
BLINK	BLINK	homedepot.com	HTTPS://WWW.HOMEDEPOT.COM/B/BLINK/N-5YC1VZRKO
BLINK	BLINK	homedepot.com	HTTPS://WWW.HOMEDEPOT.COM/B/ELECTRICAL-HOME-SECURITY-SECURITY-CAMERAS/BLINK/WIRELESS/N-5YC1VZC20VZRKOZ1Z1ZCMA
BLINK	BLINK	homedepot.com	HTTPS://WWW.HOMEDEPOT.COM/B/ELECTRICAL-HOME-SECURITY-SECURITY-CAMERAS/BLINK/N-5YC1VZC20VZRKO
BLISSFULLIVING	BLISSFULLIVING	homedepot.com	HTTPS://WWW.HOMEDEPOT.COM/B/HOME-DECOR/BLISSFUL-LIVING/N-5YC1VZAS6PZHLB
BLISSFULLIVING	BLISSFULLIVING	homedepot.com	HTTPS://WWW.HOMEDEPOT.COM/B/HOME-DECOR-BEDDING-COMFORTERS/BLISSFUL-LIVING/N-5YC1VZC1JZZ1Z1AUP5
BLISSFULNIGHTS	BLISSFULNIGHTS	homedepot.com	HTTPS://WWW.HOMEDEPOT.COM/B/BLISSFUL-NIGHTS/N-5YC1VZHDM
BLISSFULNIGHTS	BLISSFULNIGHTS	homedepot.com	HTTPS://WWW.HOMEDEPOT.COM/B/FURNITURE-BEDROOM-FURNITURE-BEDS/BLISSFUL-NIGHTS/N-5YC1VZC7OHZHDM
BLISSFULNIGHTS	BLISSFULNIGHTS	homedepot.com	HTTPS://WWW.HOMEDEPOT.COM/B/FURNITURE-BEDROOM-FURNITURE/BLISSFUL-NIGHTS/N-5YC1VZC7PEZHDM
BLISSFULNIGHTS	BLISSFULNIGHTS	homedepot.com	HTTPS://WWW.HOMEDEPOT.COM/B/FURNITURE-BEDROOM-FURNITURE-BEDS-ADJUSTABLE-BEDS/BLISSFUL-NIGHTS/N-5YC1VZ2FKPBQPZHDM
BLISSHAMMOCKS	BLISSHAMMOCKS	homedepot.com	HTTPS://WWW.HOMEDEPOT.COM/B/OUTDOORS-PATIO-FURNITURE-HAMMOCKS/BLISS-HAMMOCKS/N-5YC1VZBXA7ZTLE
BLISSHAMMOCKS	BLISSHAMMOCKS	homedepot.com	HTTPS://WWW.HOMEDEPOT.COM/B/OUTDOORS-PATIO-FURNITURE-HAMMOCKS-HAMMOCK-STANDS/BLISS-HAMMOCKS/N-5YC1VZBXB8ZTLE
BLISSLIGHTS	BLISSLIGHTS	homedepot.com	HTTPS://WWW.HOMEDEPOT.COM/B/BLISSLIGHTS/N-5YC1VZ6LL
BLISSWALK	BLISSWALK	homedepot.com	HTTPS://WWW.HOMEDEPOT.COM/B/BLISSWALK/N-5YC1VZYPA
BLISSWALK	BLISSWALK	homedepot.com	HTTPS://WWW.HOMEDEPOT.COM/B/OUTDOORS-PATIO-FURNITURE-OUTDOOR-CUSHIONS/BLISSWALK/N-5YC1VZC5F3ZYPA
BLOEM	BLOEM	homedepot.com	HTTPS://WWW.HOMEDEPOT.COM/B/OUTDOORS-GARDEN-CENTER-PLANTERS-PLANT-POTS/BLOEM/N-5YC1VZBX87ZDFI
BLOEM	BLOEM	homedepot.com	HTTPS://WWW.HOMEDEPOT.COM/B/OUTDOORS-GARDEN-CENTER-PLANTERS/BLOEM/N-5YC1VZBX81ZDFI
BLOEM	BLOEM	homedepot.com	HTTPS://WWW.HOMEDEPOT.COM/B/BLOEM/N-5YC1VZDFI
BLOMED	BLOMED	homedepot.com	HTTPS://WWW.HOMEDEPOT.COM/B/APPLIANCES-RANGE-HOODS/BLOMED/N-5YC1VZC3NKZZ85
BLOMED	BLOMED	homedepot.com	HTTPS://WWW.HOMEDEPOT.COM/B/BLOMED/N-5YC1VZZ85
BLOMED	BLOMED	homedepot.com	HTTPS://WWW.HOMEDEPOT.COM/B/APPLIANCES/BLOMED/N-5YC1VZBV1WZZ85
BLOMUS	BLOMUS	homedepot.com	HTTPS://WWW.HOMEDEPOT.COM/B/BLOMUS/N-5YC1VZMG7
BLOOMBYSARABERRENSON	BLOOMBYSARABERRENSON	homedepot.com	HTTPS://WWW.HOMEDEPOT.COM/B/BLOOM-BY-SARA-BERRENSON/N-5YC1VZQZQ
BLOOMBYSARABERRENSON	BLOOMBYSARABERRENSON	homedepot.com	HTTPS://WWW.HOMEDEPOT.COM/B/HOME-DECOR-BEDDING/BLOOM-BY-SARA-BERRENSON/N-5YC1VZCI04ZQZQ
BLOOMBYSARABERRENSON	BLOOMBYSARABERRENSON	homedepot.com	HTTPS://WWW.HOMEDEPOT.COM/B/HOME-DECOR-BEDDING-COMFORTERS/BLOOM-BY-SARA-BERRENSON/N-5YC1VZC1JZZQZQ
BLOWMOLD	BLOWMOLD	homedepot.com	HTTPS://WWW.HOMEDEPOT.COM/B/HOLIDAY-DECORATIONS/BLOW-MOLD/N-5YC1VZBD6EZ1Z0X8VL
BLUBIRD	BLUBIRD	homedepot.com	HTTPS://WWW.HOMEDEPOT.COM/B/TOOLS-AIR-COMPRESSOR-TOOLS-AIR-COMPRESSOR-PARTS-ACCESSORIES-AIR-HOSES/BLUBIRD/N-5YC1VZC9NNZOTY
BLUBIRD	BLUBIRD	homedepot.com	HTTPS://WWW.HOMEDEPOT.COM/B/BLUBIRD/N-5YC1VZOTY
BLUEAIR	BLUEAIR	homedepot.com	HTTPS://WWW.HOMEDEPOT.COM/B/HEATING-VENTING-COOLING-AIR-PURIFIERS/BLUEAIR/N-5YC1VZC4M5Z7B2
BLUEBIDET	BLUEBIDET	homedepot.com	HTTPS://WWW.HOMEDEPOT.COM/B/BATH-BIDETS/BLUE-BIDET/N-5YC1VZCEQ2Z8QB
BLUEBIDET	BLUEBIDET	homedepot.com	HTTPS://WWW.HOMEDEPOT.COM/B/BATH-BIDETS-BIDET-TOILET-SEATS/BLUE-BIDET/N-5YC1VZBZA8Z8QB
BLUEBIDET	BLUEBIDET	homedepot.com	HTTPS://WWW.HOMEDEPOT.COM/B/BATH-TOILETS-BIDET-TOILETS/BLUE-BIDET/N-5YC1VZBZACZ8QB
BLUEDEVIL	BLUEDEVIL	homedepot.com	HTTPS://WWW.HOMEDEPOT.COM/B/BLUE-DEVIL/N-5YC1VZQRQ
BLUEDRI	BLUEDRI	homedepot.com	HTTPS://WWW.HOMEDEPOT.COM/B/BLUEDRI/N-5YC1VZQ0L
BLUEDRI	BLUEDRI	homedepot.com	HTTPS://WWW.HOMEDEPOT.COM/B/HEATING-VENTING-COOLING-FANS-BLOWER-FANS/BLUEDRI/N-5YC1VZC4M7ZQ0L
BLUEDRI	BLUEDRI	homedepot.com	HTTPS://WWW.HOMEDEPOT.COM/B/HEATING-VENTING-COOLING-AIR-PURIFIERS/BLUEDRI/N-5YC1VZC4M5ZQ0L
BLUEDRI	BLUEDRI	homedepot.com	HTTPS://WWW.HOMEDEPOT.COM/B/HEATING-VENTING-COOLING/BLUEDRI/N-5YC1VZC4K8ZQ0L
BLUEFALL	BLUEFALL	homedepot.com	HTTPS://WWW.HOMEDEPOT.COM/B/BLUEFALL/N-5YC1VZO7H
BLUEFALL	BLUEFALL	homedepot.com	HTTPS://WWW.HOMEDEPOT.COM/B/APPLIANCES-APPLIANCE-PARTS-REFRIGERATOR-WATER-FILTERS/BLUEFALL/N-5YC1VZC35AZO7H
BLUEFALL	BLUEFALL	homedepot.com	HTTPS://WWW.HOMEDEPOT.COM/B/PLUMBING-WATER-FILTERS/BLUEFALL/N-5YC1VZARMZZQDE
BLUEFALL	BLUEFALL	homedepot.com	HTTPS://WWW.HOMEDEPOT.COM/B/PLUMBING-WATER-FILTERS-WHOLE-HOUSE-WATER-FILTERS-WHOLE-HOUSE-WATER-FILTER-SYSTEMS/BLUEFALL/N-5YC1VZCDBEZO7H
BLUEFALL	BLUEFALL	homedepot.com	HTTPS://WWW.HOMEDEPOT.COM/B/BLUEFALL/FILTER/N-5YC1VZO7HZ1Z0LLAF
BLUEFALL	BLUEFALL	homedepot.com	HTTPS://WWW.HOMEDEPOT.COM/B/PLUMBING-WATER-FILTERS-WATER-FILTRATION-SYSTEMS/BLUEFALL/N-5YC1VZCDC0ZO7H
BLUEFALL	BLUEFALL	homedepot.com	HTTPS://WWW.HOMEDEPOT.COM/B/APPLIANCES/BLUEFALL/N-5YC1VZBV1WZO7H
BLUEFALL	BLUEFALL	homedepot.com	HTTPS://WWW.HOMEDEPOT.COM/B/PLUMBING-WATER-FILTERS-WATER-FILTRATION-SYSTEMS/BLUEFALL/N-5YC1VZCDC0ZQDE
BLUEFLAME	BLUEFLAME	homedepot.com	HTTPS://WWW.HOMEDEPOT.COM/B/BLUE-FLAME/N-5YC1VZ7DE
BLUEFLAME	BLUEFLAME	homedepot.com	HTTPS://WWW.HOMEDEPOT.COM/B/HEATING-VENTING-COOLING-FIREPLACES-FIREPLACE-ACCESSORIES-FIREPLACE-KEYS/BLUE-FLAME/N-5YC1VZCC09Z7DE
BLUEGRASSLIVING	BLUEGRASSLIVING	homedepot.com	HTTPS://WWW.HOMEDEPOT.COM/B/BLUEGRASS-LIVING/N-5YC1VZQL1
BLUEGRASSLIVING	BLUEGRASSLIVING	homedepot.com	HTTPS://WWW.HOMEDEPOT.COM/B/HEATING-VENTING-COOLING-FIREPLACES/BLUEGRASS-LIVING/N-5YC1VZC4LBZQL1
BLUEGRASSLIVING	BLUEGRASSLIVING	homedepot.com	HTTPS://WWW.HOMEDEPOT.COM/B/HEATING-VENTING-COOLING-HEATERS-WALL-HEATERS/BLUEGRASS-LIVING/N-5YC1VZC4K3ZQL1
BLUEGRASSLIVING	BLUEGRASSLIVING	homedepot.com	HTTPS://WWW.HOMEDEPOT.COM/B/HEATING-VENTING-COOLING/BLUEGRASS-LIVING/N-5YC1VZC4K8ZQL1
BLUEHATTOYCOMPANY	BLUEHATTOYCOMPANY	homedepot.com	HTTPS://WWW.HOMEDEPOT.COM/B/BLUE-HAT-TOY-COMPANY/N-5YC1VZG6B
BLUEHATTOYCOMPANY	BLUEHATTOYCOMPANY	homedepot.com	HTTPS://WWW.HOMEDEPOT.COM/B/ELECTRICAL-ELECTRONICS/BLUE-HAT-TOY-COMPANY/N-5YC1VZC958ZG6B
BLUELINX	BLUELINX	homedepot.com	HTTPS://WWW.HOMEDEPOT.COM/B/LUMBER-COMPOSITES/BLUELINX/N-5YC1VZBQPGZ1Z23X3M
BLUELINX	BLUELINX	homedepot.com	HTTPS://WWW.HOMEDEPOT.COM/B/LUMBER-COMPOSITES-BOARDS-PLANKS-PANELS-APPEARANCE-BOARDS-SOFTWOOD-BOARDS-PRIMED-BOARDS/BLUELINX/N-5YC1VZ1Z18GP5Z5LV
BLUEMAX	BLUEMAX	homedepot.com	HTTPS://WWW.HOMEDEPOT.COM/B/BLUE-MAX/N-5YC1VZ6KK
BLUEMONSTER	BLUEMONSTER	homedepot.com	HTTPS://WWW.HOMEDEPOT.COM/B/BLUE-MONSTER/N-5YC1VZN06
BLUEMOUNTAINFANS	BLUEMOUNTAINFANS	homedepot.com	HTTPS://WWW.HOMEDEPOT.COM/B/LIGHTING-CEILING-FANS/BLUE-MOUNTAIN-FANS/N-5YC1VZBVLQZYD6
BLUEMOUNTAINFANS	BLUEMOUNTAINFANS	homedepot.com	HTTPS://WWW.HOMEDEPOT.COM/B/BLUE-MOUNTAIN-FANS/N-5YC1VZYD6
BLUEOASIS	BLUEOASIS	homedepot.com	HTTPS://WWW.HOMEDEPOT.COM/B/PAINT-PAINT-COLORS/BLUE-OASIS/N-5YC1VZCAW8Z1Z1B9M0
BLUERIDGEHARDWOODFLOORING	BLUERIDGEHARDWOODFLOORING	homedepot.com	HTTPS://WWW.HOMEDEPOT.COM/B/FLOORING-HARDWOOD-FLOORING-SOLID-HARDWOOD/BLUE-RIDGE-HARDWOOD-FLOORING/N-5YC1VZBEJWZFYI
BLUERIDGEHARDWOODFLOORING	BLUERIDGEHARDWOODFLOORING	homedepot.com	HTTPS://WWW.HOMEDEPOT.COM/B/FLOORING-HARDWOOD-FLOORING-ENGINEERED-HARDWOOD/BLUE-RIDGE-HARDWOOD-FLOORING/N-5YC1VZB9ASZFYI
BLUERIDGEHARDWOODFLOORING	BLUERIDGEHARDWOODFLOORING	homedepot.com	HTTPS://WWW.HOMEDEPOT.COM/B/FLOORING-HARDWOOD-FLOORING/BLUE-RIDGE-HARDWOOD-FLOORING/N-5YC1VZAQ8XZFYI
BLUERIDGEHARDWOODFLOORING	BLUERIDGEHARDWOODFLOORING	homedepot.com	HTTPS://WWW.HOMEDEPOT.COM/B/FLOORING-HARDWOOD-FLOORING/BLUE-RIDGE-HARDWOOD-FLOORING/RED-OAK/N-5YC1VZAQ8XZFYIZ1Z11UQ9
BLUERIDGEHARDWOODFLOORING	BLUERIDGEHARDWOODFLOORING	homedepot.com	HTTPS://WWW.HOMEDEPOT.COM/B/BLUE-RIDGE-HARDWOOD-FLOORING/N-5YC1VZFYI
BLUERIDGEHARDWOODFLOORING	BLUERIDGEHARDWOODFLOORING	homedepot.com	HTTPS://WWW.HOMEDEPOT.COM/B/FLOORING-HARDWOOD-FLOORING-ENGINEERED-HARDWOOD/BLUE-RIDGE-HARDWOOD-FLOORING/DARK/N-5YC1VZB9ASZFYIZ1Z12X7J
BLUESEASYSTEMS	BLUESEASYSTEMS	homedepot.com	HTTPS://WWW.HOMEDEPOT.COM/B/BLUE-SEA-SYSTEMS/N-5YC1VZP89
BLUESHOEGUYS	BLUESHOEGUYS	homedepot.com	HTTPS://WWW.HOMEDEPOT.COM/B/SAFETY-EQUIPMENT-DISPOSABLE-PROTECTIVE-CLOTHING-DISPOSABLE-SHOE-COVERS/BLUE-SHOE-GUYS/N-5YC1VZCLLNZT77
BLUESHOEGUYS	BLUESHOEGUYS	homedepot.com	HTTPS://WWW.HOMEDEPOT.COM/B/BLUE-SHOE-GUYS/BLUE/N-5YC1VZT77Z1Z13HPF
BLUESKYOUTDOORLIVING	BLUESKYOUTDOORLIVING	homedepot.com	HTTPS://WWW.HOMEDEPOT.COM/B/BLUE-SKY-OUTDOOR-LIVING/N-5YC1VZRX8
BLUESKYOUTDOORLIVING	BLUESKYOUTDOORLIVING	homedepot.com	HTTPS://WWW.HOMEDEPOT.COM/B/OUTDOORS-OUTDOOR-HEATING-FIRE-PITS/BLUE-SKY-OUTDOOR-LIVING/N-5YC1VZC6NAZRX8
BLUESKYOUTDOORLIVING	BLUESKYOUTDOORLIVING	homedepot.com	HTTPS://WWW.HOMEDEPOT.COM/B/OUTDOORS/BLUE-SKY-OUTDOOR-LIVING/N-5YC1VZBX82ZRX8
BLUESTONE	BLUESTONE	homedepot.com	HTTPS://WWW.HOMEDEPOT.COM/B/OUTDOORS-GARDEN-CENTER-LANDSCAPING-SUPPLIES-HARDSCAPES-PAVERS/BLUESTONE/N-5YC1VZBX4BZ1Z0ZTST
BLUESTONE	BLUESTONE	homedepot.com	HTTPS://WWW.HOMEDEPOT.COM/B/OUTDOORS/BLUESTONE/N-5YC1VZBX82Z1Z0ZTST
BLUETECH	BLUETECH	homedepot.com	HTTPS://WWW.HOMEDEPOT.COM/B/LIGHTING-ACCENT-LIGHTING-NIGHT-LIGHTS/BLUETECH/N-5YC1VZ2FKPD3AZP68
BLUETTI	BLUETTI	homedepot.com	HTTPS://WWW.HOMEDEPOT.COM/B/OUTDOORS-OUTDOOR-POWER-EQUIPMENT-GENERATORS-PORTABLE-POWER-STATIONS/BLUETTI/N-5YC1VZ2FKP9XXZXO8
BLUEWAVE	BLUEWAVE	homedepot.com	HTTPS://WWW.HOMEDEPOT.COM/B/OUTDOORS-POOL-SUPPLIES/BLUE-WAVE/N-5YC1VZ1Z18GXCZEGB
BLUEWAVE	BLUEWAVE	homedepot.com	HTTPS://WWW.HOMEDEPOT.COM/B/BLUE-WAVE/N-5YC1VZEGB
BLUFIXX	BLUFIXX	homedepot.com	HTTPS://WWW.HOMEDEPOT.COM/B/BLUFIXX/N-5YC1VZOCQ
BLUM	BLUM	homedepot.com	HTTPS://WWW.HOMEDEPOT.COM/B/HARDWARE-CABINET-HARDWARE-CABINET-HINGES/BLUM/N-5YC1VZC29AZPHK
BLUMOL	BLUMOL	homedepot.com	HTTPS://WWW.HOMEDEPOT.COM/B/TOOLS/BLU-MOL/N-5YC1VZC1XYZ7L
BLUMOL	BLUMOL	homedepot.com	HTTPS://WWW.HOMEDEPOT.COM/B/TOOLS-POWER-TOOL-ACCESSORIES-DRILL-BITS-HOLE-SAWS-HOLE-SAWS-BITS/BLU-MOL/N-5YC1VZC268Z7L
BLUMOL	BLUMOL	homedepot.com	HTTPS://WWW.HOMEDEPOT.COM/B/TOOLS-POWER-TOOL-ACCESSORIES-DRILL-BITS/BLU-MOL/N-5YC1VZC248Z7L
BLURAMS	BLURAMS	homedepot.com	HTTPS://WWW.HOMEDEPOT.COM/B/SMART-HOME-SMART-DEVICES-SMART-HOME-SECURITY-SMART-SECURITY-CAMERAS/BLURAMS/N-5YC1VZC7CEZZUX
BLURAMS	BLURAMS	homedepot.com	HTTPS://WWW.HOMEDEPOT.COM/B/ELECTRICAL-HOME-SECURITY-SECURITY-CAMERAS/BLURAMS/N-5YC1VZC20VZZUX
BLURAMS	BLURAMS	homedepot.com	HTTPS://WWW.HOMEDEPOT.COM/B/SMART-HOME-SMART-DEVICES/BLURAMS/N-5YC1VZ2FKP3E0ZZUX
BLUU	BLUU	homedepot.com	HTTPS://WWW.HOMEDEPOT.COM/B/OUTDOORS-PATIO-FURNITURE-PATIO-UMBRELLAS-MARKET-UMBRELLAS/BLUU/N-5YC1VZCCGUZZ7X
BLUZEN	BLUZEN	homedepot.com	HTTPS://WWW.HOMEDEPOT.COM/B/HEALTH-AND-WELLNESS/BLUZEN/N-5YC1VZC8KLZVK1
BLUZEN	BLUZEN	homedepot.com	HTTPS://WWW.HOMEDEPOT.COM/B/BLUZEN/OIL-DIFFUSER/N-5YC1VZVK1Z1Z18ZID
BNC	BNC	homedepot.com	HTTPS://WWW.HOMEDEPOT.COM/B/ELECTRICAL-ELECTRONICS-CABLES-CABLE-ACCESSORIES-CABLE-CONNECTORS/BNC/N-5YC1VZC95BZ1Z0PHJZ
BOAHAUS	BOAHAUS	homedepot.com	HTTPS://WWW.HOMEDEPOT.COM/B/BOAHAUS/N-5YC1VZZRF
BOANN	BOANN	homedepot.com	HTTPS://WWW.HOMEDEPOT.COM/B/BATH-BATHROOM-FAUCETS-SHOWER-SYSTEMS/BOANN/N-5YC1VZCD03ZGXN
BOATBUCKLE	BOATBUCKLE	homedepot.com	HTTPS://WWW.HOMEDEPOT.COM/B/BOATBUCKLE/N-5YC1VZNYW
BOATBUCKLE	BOATBUCKLE	homedepot.com	HTTPS://WWW.HOMEDEPOT.COM/B/HARDWARE-TIE-DOWN-STRAPS/BOATBUCKLE/N-5YC1VZC2DNZNYW
BOATBUCKLE	BOATBUCKLE	homedepot.com	HTTPS://WWW.HOMEDEPOT.COM/B/HARDWARE-TIE-DOWN-STRAPS-RATCHET-STRAPS/BOATBUCKLE/N-5YC1VZ2FKOMM1ZNYW
BOBBEX	BOBBEX	homedepot.com	HTTPS://WWW.HOMEDEPOT.COM/B/OUTDOORS-GARDEN-CENTER-PEST-CONTROL/BOBBEX/N-5YC1VZBX4WZM04
BOBKONA	BOBKONA	homedepot.com	HTTPS://WWW.HOMEDEPOT.COM/B/FURNITURE-LIVING-ROOM-FURNITURE-SECTIONAL-SOFAS/BOBKONA/N-5YC1VZCEUFZ1Z1AM1Y
BOBRICK	BOBRICK	homedepot.com	HTTPS://WWW.HOMEDEPOT.COM/B/BOBRICK/N-5YC1VZRZL
BOBSWEEP	BOBSWEEP	homedepot.com	HTTPS://WWW.HOMEDEPOT.COM/B/APPLIANCES-FLOOR-CARE-VACUUMS-VACUUM-CLEANERS-ROBOT-VACUUMS-MOPS/BOBSWEEP/N-5YC1VZBV3AZGEO
BOCCHI	BOCCHI	homedepot.com	HTTPS://WWW.HOMEDEPOT.COM/B/KITCHEN-KITCHEN-SINKS/BOCCHI/N-5YC1VZARSAZHFE
BOCCHI	BOCCHI	homedepot.com	HTTPS://WWW.HOMEDEPOT.COM/B/BOCCHI/N-5YC1VZHFE
BOEN	BOEN	homedepot.com	HTTPS://WWW.HOMEDEPOT.COM/B/BOEN/N-5YC1VZ9HB
BOEN	BOEN	homedepot.com	HTTPS://WWW.HOMEDEPOT.COM/B/BUILDING-MATERIALS/BOEN/N-5YC1VZAQNSZ9HB
BOESHIELD	BOESHIELD	homedepot.com	HTTPS://WWW.HOMEDEPOT.COM/B/BOESHIELD/N-5YC1VZNM5
BOHOLIVING	BOHOLIVING	homedepot.com	HTTPS://WWW.HOMEDEPOT.COM/B/BOHO-LIVING/N-5YC1VZGTN
BOHOLIVING	BOHOLIVING	homedepot.com	HTTPS://WWW.HOMEDEPOT.COM/B/HOME-DECOR-BEDDING/BOHO-LIVING/N-5YC1VZCI04ZGTN?_PXHC=1745971200276
BOISECASCADE	BOISECASCADE	homedepot.com	HTTPS://WWW.HOMEDEPOT.COM/B/LUMBER-COMPOSITES/BOISE-CASCADE/N-5YC1VZBQPGZFJJ
BOISECASCADE	BOISECASCADE	homedepot.com	HTTPS://WWW.HOMEDEPOT.COM/B/BOISE-CASCADE/N-5YC1VZFJJ
BOISECASCADE	BOISECASCADE	homedepot.com	HTTPS://WWW.HOMEDEPOT.COM/B/LUMBER-COMPOSITES-ENGINEERED-LUMBER/BOISE-CASCADE/N-5YC1VZ2FKPEUKZFJJ
BOISECASCADE	BOISECASCADE	homedepot.com	HTTPS://WWW.HOMEDEPOT.COM/B/LUMBER-COMPOSITES-ENGINEERED-WOOD-PRODUCTS/BOISE-CASCADE/N-5YC1VZBTNFZFJJ
BOISECASCADE	BOISECASCADE	homedepot.com	HTTPS://WWW.HOMEDEPOT.COM/B/LUMBER-COMPOSITES-ENGINEERED-LUMBER-LVL-BEAMS/BOISE-CASCADE/N-5YC1VZBTMZZFJJ
BOLDFLAME	BOLDFLAME	homedepot.com	HTTPS://WWW.HOMEDEPOT.COM/B/HEATING-VENTING-COOLING-FIREPLACES-ELECTRIC-FIREPLACES/BOLD-FLAME/N-5YC1VZC4MQZMPY
BOLDFLAME	BOLDFLAME	homedepot.com	HTTPS://WWW.HOMEDEPOT.COM/B/HEATING-VENTING-COOLING-FIREPLACES/BOLD-FLAME/N-5YC1VZC4LBZMPY
BOLDFLAME	BOLDFLAME	homedepot.com	HTTPS://WWW.HOMEDEPOT.COM/B/HEATING-VENTING-COOLING-FIREPLACES-ELECTRIC-FIREPLACES-FREESTANDING-ELECTRIC-FIREPLACES/BOLD-FLAME/N-5YC1VZCHMDZMPY
BOLDFLAME	BOLDFLAME	homedepot.com	HTTPS://WWW.HOMEDEPOT.COM/B/BOLD-FLAME/N-5YC1VZMPY
BOLDTONES	BOLDTONES	homedepot.com	HTTPS://WWW.HOMEDEPOT.COM/B/FURNITURE/BOLD-TONES/N-5YC1VZC7PCZPLC
BOLDTONES	BOLDTONES	homedepot.com	HTTPS://WWW.HOMEDEPOT.COM/B/BOLD-TONES/POLISHED/N-5YC1VZPLCZ1Z1CAIY
BOLDTONES	BOLDTONES	homedepot.com	HTTPS://WWW.HOMEDEPOT.COM/B/FURNITURE-LIVING-ROOM-FURNITURE-COFFEE-TABLES/BOLD-TONES/N-5YC1VZCF8ZZ1Z1BGCC
BOLDTONES	BOLDTONES	homedepot.com	HTTPS://WWW.HOMEDEPOT.COM/B/FURNITURE-LIVING-ROOM-FURNITURE-COFFEE-TABLES/BOLD-TONES/N-5YC1VZCF8ZZPLC
BOLDTONES	BOLDTONES	homedepot.com	HTTPS://WWW.HOMEDEPOT.COM/B/FURNITURE-BAR-FURNITURE-BAR-CARTS/BOLD-TONES/N-5YC1VZCIO2Z1Z1BGCC
BOLDTONES	BOLDTONES	homedepot.com	HTTPS://WWW.HOMEDEPOT.COM/B/BOLD-TONES/GOLD/N-5YC1VZPLCZ1Z0JYJS
BOLENS	BOLENS	homedepot.com	HTTPS://WWW.HOMEDEPOT.COM/B/OUTDOORS-OUTDOOR-POWER-EQUIPMENT/BOLENS/N-5YC1VZBX5CZ1Z1B27P
BOLENS	BOLENS	homedepot.com	HTTPS://WWW.HOMEDEPOT.COM/B/OUTDOORS-OUTDOOR-POWER-EQUIPMENT-OUTDOOR-POWER-EQUIPMENT-PARTS-REPLACEMENT-ENGINE-PARTS/BOLENS/N-5YC1VZ1Z18IBMZ1Z1B27P
BOLENS	BOLENS	homedepot.com	HTTPS://WWW.HOMEDEPOT.COM/B/OUTDOORS-OUTDOOR-POWER-EQUIPMENT-OUTDOOR-POWER-EQUIPMENT-PARTS/BOLENS/N-5YC1VZBXC9Z1Z1B27P
BOLENS	BOLENS	homedepot.com	HTTPS://WWW.HOMEDEPOT.COM/B/OUTDOORS-OUTDOOR-POWER-EQUIPMENT/BOLENS/N-5YC1VZBX5CZ1Z0MGB4
BOLTONFURNITURE	BOLTONFURNITURE	homedepot.com	HTTPS://WWW.HOMEDEPOT.COM/B/BOLTON-FURNITURE/N-5YC1VZOFR
BOLTONFURNITURE	BOLTONFURNITURE	homedepot.com	HTTPS://WWW.HOMEDEPOT.COM/B/HIGHLY-RATED/BOLTON-FURNITURE/N-5YC1VZOFRZBWO5O
BONA	BONA	homedepot.com	HTTPS://WWW.HOMEDEPOT.COM/B/BONA/N-5YC1VZ6NH
BONA	BONA	homedepot.com	HTTPS://WWW.HOMEDEPOT.COM/B/CLEANING-CLEANING-PRODUCTS-FLOOR-CLEANERS/BONA/N-5YC1VZCB37Z6NH
BONAIREDURANGO	BONAIREDURANGO	homedepot.com	HTTPS://WWW.HOMEDEPOT.COM/B/HEATING-VENTING-COOLING-EVAPORATIVE-COOLERS/BONAIRE-DURANGO/N-5YC1VZC4LRZCYV
BONDEDLEATHER	BONDEDLEATHER	homedepot.com	HTTPS://WWW.HOMEDEPOT.COM/B/BONDED-LEATHER/N-5YC1VZ1Z1C3PO
BONDHUS	BONDHUS	homedepot.com	HTTPS://WWW.HOMEDEPOT.COM/B/TOOLS/BONDHUS/N-5YC1VZC1XYZGWW
BONDMANUFACTURING	BONDMANUFACTURING	homedepot.com	HTTPS://WWW.HOMEDEPOT.COM/B/BOND-MANUFACTURING/N-5YC1VZ3AN
BONDMANUFACTURING	BONDMANUFACTURING	homedepot.com	HTTPS://WWW.HOMEDEPOT.COM/B/OUTDOORS/BOND-MANUFACTURING/N-5YC1VZBX82Z3AN
BONDMANUFACTURING	BONDMANUFACTURING	homedepot.com	HTTPS://WWW.HOMEDEPOT.COM/B/OUTDOORS-OUTDOOR-HEATING-FIRE-PITS/BOND-MANUFACTURING/N-5YC1VZC6NAZ3AN
BONDMANUFACTURING	BONDMANUFACTURING	homedepot.com	HTTPS://WWW.HOMEDEPOT.COM/B/OUTDOORS-OUTDOOR-HEATING-FIRE-PITS-GAS-FIRE-PITS/BOND-MANUFACTURING/N-5YC1VZ2FKP9JUZ3AN
BONDO	BONDO	homedepot.com	HTTPS://WWW.HOMEDEPOT.COM/B/BONDO/N-5YC1VZ5W8
BONECO	BONECO	homedepot.com	HTTPS://WWW.HOMEDEPOT.COM/B/BONECO/N-5YC1VZHAL
BONECO	BONECO	homedepot.com	HTTPS://WWW.HOMEDEPOT.COM/B/HEATING-VENTING-COOLING-HUMIDIFIERS/BONECO/N-5YC1VZC4LVZHAL
BONFIREGEAR	BONFIREGEAR	homedepot.com	HTTPS://WWW.HOMEDEPOT.COM/B/BONFIRE-GEAR/N-5YC1VZG6T
BONFIREGEAR	BONFIREGEAR	homedepot.com	HTTPS://WWW.HOMEDEPOT.COM/B/OUTDOORS-OUTDOOR-HEATING-ACCESSORIES/BONFIRE-GEAR/N-5YC1VZC6N9ZG6T
BONFIREGEAR	BONFIREGEAR	homedepot.com	HTTPS://WWW.HOMEDEPOT.COM/B/OUTDOORS-OUTDOOR-HEATING/BONFIRE-GEAR/N-5YC1VZC6NEZG6T
BONIDE	BONIDE	homedepot.com	HTTPS://WWW.HOMEDEPOT.COM/B/BONIDE/N-5YC1VZ429
BONIDE	BONIDE	homedepot.com	HTTPS://WWW.HOMEDEPOT.COM/B/OUTDOORS-GARDEN-CENTER-PEST-CONTROL/BONIDE/N-5YC1VZBX4WZ429
BONNIEPLANTS	BONNIEPLANTS	homedepot.com	HTTPS://WWW.HOMEDEPOT.COM/B/BONNIE-PLANTS/N-5YC1VZA2N
BONNIEPLANTS	BONNIEPLANTS	homedepot.com	HTTPS://WWW.HOMEDEPOT.COM/B/OUTDOORS-GARDEN-CENTER/BONNIE-PLANTS/N-5YC1VZBX6KZA2N
BONNIEPLANTS	BONNIEPLANTS	homedepot.com	HTTPS://WWW.HOMEDEPOT.COM/B/OUTDOORS-GARDEN-CENTER-OUTDOOR-PLANTS-EDIBLE-GARDEN-VEGETABLE-PLANTS/BONNIE-PLANTS/N-5YC1VZC8R4ZA2N
BONTOOL	BONTOOL	homedepot.com	HTTPS://WWW.HOMEDEPOT.COM/B/BUILDING-MATERIALS-CONCRETE-CEMENT-MASONRY-CONCRETE-TOOLS/BON-TOOL/N-5YC1VZARH8ZH7E
BONTOOL	BONTOOL	homedepot.com	HTTPS://WWW.HOMEDEPOT.COM/B/BON-TOOL/N-5YC1VZH7E
BONWAY	BONWAY	homedepot.com	HTTPS://WWW.HOMEDEPOT.COM/B/BUILDING-MATERIALS/BONWAY/N-5YC1VZAQNSZHNG
BONWAY	BONWAY	homedepot.com	HTTPS://WWW.HOMEDEPOT.COM/B/BUILDING-MATERIALS-CONCRETE-CEMENT-MASONRY/BONWAY/N-5YC1VZARLKZHNG
BONWAY	BONWAY	homedepot.com	HTTPS://WWW.HOMEDEPOT.COM/B/BUILDING-MATERIALS-CONCRETE-CEMENT-MASONRY-DECORATIVE-CONCRETE/BONWAY/N-5YC1VZBAY2ZHNG
BONWAY	BONWAY	homedepot.com	HTTPS://WWW.HOMEDEPOT.COM/B/BUILDING-MATERIALS-CONCRETE-CEMENT-MASONRY-CONCRETE-FORMS/BONWAY/N-5YC1VZBV35ZHNG
BONWAY	BONWAY	homedepot.com	HTTPS://WWW.HOMEDEPOT.COM/B/BUILDING-MATERIALS-CONCRETE-CEMENT-MASONRY-DECORATIVE-CONCRETE-CONCRETE-STAMPS/BONWAY/N-5YC1VZCDQBZHNG
BONWAY	BONWAY	homedepot.com	HTTPS://WWW.HOMEDEPOT.COM/B/BONWAY/N-5YC1VZHNG
BONZY	BONZY	homedepot.com	HTTPS://WWW.HOMEDEPOT.COM/B/FURNITURE/BONZY/N-5YC1VZC7PCZPIU
BOOKENDS	BOOKENDS	homedepot.com	HTTPS://WWW.HOMEDEPOT.COM/B/HOME-DECOR-HOME-ACCENTS-BOOKENDS/N-5YC1VZCFAG
BOOMSTICKGUNACCESSORIES	BOOMSTICKGUNACCESSORIES	homedepot.com	HTTPS://WWW.HOMEDEPOT.COM/B/SPORTS-OUTDOORS-HUNTING-GEAR-SHOOTING-ACCESSORIES/BOOMSTICK-GUN-ACCESSORIES/N-5YC1VZC4DXZO6F
BOOMSTICKGUNACCESSORIES	BOOMSTICKGUNACCESSORIES	homedepot.com	HTTPS://WWW.HOMEDEPOT.COM/B/SPORTS-OUTDOORS-HUNTING-GEAR/BOOMSTICK-GUN-ACCESSORIES/N-5YC1VZC40TZO6F
BOOMSTICKGUNACCESSORIES	BOOMSTICKGUNACCESSORIES	homedepot.com	HTTPS://WWW.HOMEDEPOT.COM/B/BOOMSTICK-GUN-ACCESSORIES/N-5YC1VZO6F
BOOMSTICKGUNACCESSORIES	BOOMSTICKGUNACCESSORIES	homedepot.com	HTTPS://WWW.HOMEDEPOT.COM/B/TOOLS/BOOMSTICK-GUN-ACCESSORIES/N-5YC1VZC1XYZO6F
BOOMSTICKGUNACCESSORIES	BOOMSTICKGUNACCESSORIES	homedepot.com	HTTPS://WWW.HOMEDEPOT.COM/B/TOOLS-SAFETY-SECURITY/BOOMSTICK-GUN-ACCESSORIES/N-5YC1VZC1XNZO6F
BOOMSTICKGUNACCESSORIES	BOOMSTICKGUNACCESSORIES	homedepot.com	HTTPS://WWW.HOMEDEPOT.COM/B/HIGHLY-RATED/BOOMSTICK-GUN-ACCESSORIES/N-5YC1VZO6FZBWO5O
BOOMSTICKGUNACCESSORIES	BOOMSTICKGUNACCESSORIES	homedepot.com	HTTPS://WWW.HOMEDEPOT.COM/B/GARAGE-AUTOMOTIVE-SHOP-EQUIPMENT/BOOMSTICK-GUN-ACCESSORIES/N-5YC1VZC8MRZO6F
BOOMSTICKGUNACCESSORIES	BOOMSTICKGUNACCESSORIES	homedepot.com	HTTPS://WWW.HOMEDEPOT.COM/B/SPORTS-OUTDOORS-HUNTING-GEAR-PERSONAL-SAFETY/BOOMSTICK-GUN-ACCESSORIES/N-5YC1VZCBVJZO6F
BOOSTGRO	BOOSTGRO	homedepot.com	HTTPS://WWW.HOMEDEPOT.COM/B/LIGHTING-COMMERCIAL-LIGHTING-GROW-LIGHTS/BOOSTGRO/N-5YC1VZC9H4Z103Q
BOOSTGRO	BOOSTGRO	homedepot.com	HTTPS://WWW.HOMEDEPOT.COM/B/OUTDOORS-GARDEN-CENTER-HYDROPONIC-GARDENING-PLANT-GROW-LIGHTS-GROW-LIGHT-KITS-LED-GROW-LIGHT-KITS/BOOSTGRO/N-5YC1VZ2FKPD0QZ103Q
BOOSTWAVES	BOOSTWAVES	homedepot.com	HTTPS://WWW.HOMEDEPOT.COM/B/ELECTRICAL-ELECTRONICS-TV-HOME-THEATER-ACCESSORIES-TV-ANTENNAS/BOOSTWAVES/N-5YC1VZC64PZG0U
BOOSTWAVES	BOOSTWAVES	homedepot.com	HTTPS://WWW.HOMEDEPOT.COM/B/BOOSTWAVES/N-5YC1VZG0U
BOOTZINDUSTRIES	BOOTZINDUSTRIES	homedepot.com	HTTPS://WWW.HOMEDEPOT.COM/B/BATH-BATHTUBS/BOOTZ-INDUSTRIES/N-5YC1VZBZB7Z9T
BOOTZINDUSTRIES	BOOTZINDUSTRIES	homedepot.com	HTTPS://WWW.HOMEDEPOT.COM/B/BOOTZ-INDUSTRIES/N-5YC1VZ9T
BOOTZINDUSTRIES	BOOTZINDUSTRIES	homedepot.com	HTTPS://WWW.HOMEDEPOT.COM/B/BATH-SHOWERS-SHOWER-PANS/BOOTZ-INDUSTRIES/N-5YC1VZBZA4Z9T
BOOTZINDUSTRIES	BOOTZINDUSTRIES	homedepot.com	HTTPS://WWW.HOMEDEPOT.COM/B/BATH/BOOTZ-INDUSTRIES/N-5YC1VZBZB3Z9T
BOOTZINDUSTRIES	BOOTZINDUSTRIES	homedepot.com	HTTPS://WWW.HOMEDEPOT.COM/B/BATH-BATHTUBS-ALCOVE-BATHTUBS/BOOTZ-INDUSTRIES/N-5YC1VZCD0GZ9T
BORA	BORA	homedepot.com	HTTPS://WWW.HOMEDEPOT.COM/B/TOOLS/BORA/N-5YC1VZC1XYZ5IT
BORAAM	BORAAM	homedepot.com	HTTPS://WWW.HOMEDEPOT.COM/B/BORAAM/N-5YC1VZAQK
BORAAM	BORAAM	homedepot.com	HTTPS://WWW.HOMEDEPOT.COM/B/FURNITURE-BAR-FURNITURE-BAR-STOOLS/BORAAM/N-5YC1VZC7OFZAQK
BORAAM	BORAAM	homedepot.com	HTTPS://WWW.HOMEDEPOT.COM/B/FURNITURE-LIVING-ROOM-FURNITURE/BORAAM/N-5YC1VZC7P3ZAQK
BORAAM	BORAAM	homedepot.com	HTTPS://WWW.HOMEDEPOT.COM/B/FURNITURE-KITCHEN-DINING-ROOM-FURNITURE/BORAAM/N-5YC1VZC7OUZAQK
BORACARE	BORACARE	homedepot.com	HTTPS://WWW.HOMEDEPOT.COM/B/OUTDOORS-GARDEN-CENTER-PEST-CONTROL/BORA-CARE/N-5YC1VZBX4WZOHJ
BORACARE	BORACARE	homedepot.com	HTTPS://WWW.HOMEDEPOT.COM/B/OUTDOORS-GARDEN-CENTER-PEST-CONTROL/BORA-CARE/TERMITES/N-5YC1VZBX4WZOHJZ1Z0QCTU
BORAXO	BORAXO	homedepot.com	HTTPS://WWW.HOMEDEPOT.COM/B/CLEANING-CLEANING-PRODUCTS-HAND-SOAPS/BORAXO/N-5YC1VZCB41Z6BN
BORDERCONCEPTS	BORDERCONCEPTS	homedepot.com	HTTPS://WWW.HOMEDEPOT.COM/B/OUTDOORS-GARDEN-CENTER-GARDEN-TOOLS-GARDENING-TOOLS/BORDER-CONCEPTS/N-5YC1VZC5QQZ54Q
BORDERCONCEPTS	BORDERCONCEPTS	homedepot.com	HTTPS://WWW.HOMEDEPOT.COM/B/OUTDOORS-GARDEN-CENTER-GARDEN-TOOLS/BORDER-CONCEPTS/N-5YC1VZBX6XZ54Q
BORDERCONCEPTS	BORDERCONCEPTS	homedepot.com	HTTPS://WWW.HOMEDEPOT.COM/B/OUTDOORS-GARDEN-CENTER-PLANTERS-PLANT-POTS/BORDER-CONCEPTS/N-5YC1VZBX87Z54Q
BORDERCONCEPTS	BORDERCONCEPTS	homedepot.com	HTTPS://WWW.HOMEDEPOT.COM/B/BORDER-CONCEPTS/N-5YC1VZ54Q
BORDERSUNLIMITED	BORDERSUNLIMITED	homedepot.com	HTTPS://WWW.HOMEDEPOT.COM/B/BORDERS-UNLIMITED/N-5YC1VZN71
BOREAL	BOREAL	homedepot.com	HTTPS://WWW.HOMEDEPOT.COM/B/BOREAL/N-5YC1VZS5F
BOROUX	BOROUX	homedepot.com	HTTPS://WWW.HOMEDEPOT.COM/B/PLUMBING-WATER-FILTERS/BOROUX/N-5YC1VZARMZZNMF
BORROUGHS	BORROUGHS	homedepot.com	HTTPS://WWW.HOMEDEPOT.COM/B/BORROUGHS/N-5YC1VZFTU
BORROUGHS	BORROUGHS	homedepot.com	HTTPS://WWW.HOMEDEPOT.COM/B/STORAGE-ORGANIZATION-GARAGE-STORAGE-WORKBENCHES/BORROUGHS/N-5YC1VZC898ZFTU
BORROUGHS	BORROUGHS	homedepot.com	HTTPS://WWW.HOMEDEPOT.COM/B/STORAGE-ORGANIZATION-GARAGE-STORAGE-GARAGE-SHELVING-GARAGE-STORAGE-SHELVES/BORROUGHS/N-5YC1VZCCYMZFTU
BORROUGHS	BORROUGHS	homedepot.com	HTTPS://WWW.HOMEDEPOT.COM/B/STORAGE-ORGANIZATION-SHELVING/BORROUGHS/N-5YC1VZC89KZFTU
BORROUGHS	BORROUGHS	homedepot.com	HTTPS://WWW.HOMEDEPOT.COM/B/STORAGE-ORGANIZATION-GARAGE-STORAGE-GARAGE-SHELVING/BORROUGHS/N-5YC1VZ2FKOOLBZFTU
BOSCH	BOSCH	homedepot.com	HTTPS://WWW.HOMEDEPOT.COM/B/APPLIANCES/BOSCH/N-5YC1VZBV1WZ9U
BOSCONI	BOSCONI	homedepot.com	HTTPS://WWW.HOMEDEPOT.COM/B/BATH-BATHROOM-VANITIES/BOSCONI/N-5YC1VZCFV3ZLSX
BOSCONI	BOSCONI	homedepot.com	HTTPS://WWW.HOMEDEPOT.COM/B/BATH-BATHROOM-VANITIES-BATHROOM-VANITIES-WITH-TOPS/BOSCONI/N-5YC1VZCFW5ZLSX
BOSCONI	BOSCONI	homedepot.com	HTTPS://WWW.HOMEDEPOT.COM/B/BATH-BATHROOM-VANITIES/BOSCONI/WHITE/N-5YC1VZCFV3ZLSXZ1Z0PI81
BOSHARTINDUSTRIES	BOSHARTINDUSTRIES	homedepot.com	HTTPS://WWW.HOMEDEPOT.COM/B/PLUMBING-PLUMBING-TOOLS/BOSHART-INDUSTRIES/N-5YC1VZBQLQZIDH
BOSHARTINDUSTRIES	BOSHARTINDUSTRIES	homedepot.com	HTTPS://WWW.HOMEDEPOT.COM/B/BOSHART-INDUSTRIES/N-5YC1VZIDH
BOSHARTINDUSTRIES	BOSHARTINDUSTRIES	homedepot.com	HTTPS://WWW.HOMEDEPOT.COM/B/PLUMBING/BOSHART-INDUSTRIES/N-5YC1VZBQEWZIDH
BOSMERE	BOSMERE	homedepot.com	HTTPS://WWW.HOMEDEPOT.COM/B/BOSMERE/N-5YC1VZEN2
BOSMERE	BOSMERE	homedepot.com	HTTPS://WWW.HOMEDEPOT.COM/B/OUTDOORS-GARDEN-CENTER/BOSMERE/N-5YC1VZBX6KZEN2
BOSSAUDIOSYSTEMS	BOSSAUDIOSYSTEMS	homedepot.com	HTTPS://WWW.HOMEDEPOT.COM/B/BOSS-AUDIO-SYSTEMS/N-5YC1VZQCO
BOSSAUDIOSYSTEMS	BOSSAUDIOSYSTEMS	homedepot.com	HTTPS://WWW.HOMEDEPOT.COM/B/ELECTRICAL-ELECTRONICS/BOSS-AUDIO-SYSTEMS/N-5YC1VZC958ZQCO
BOSSINDUSTRIAL	BOSSINDUSTRIAL	homedepot.com	HTTPS://WWW.HOMEDEPOT.COM/B/OUTDOORS-OUTDOOR-POWER-EQUIPMENT-LOG-SPLITTERS/BOSS-INDUSTRIAL/N-5YC1VZBXAGZLWQ
BOSSINDUSTRIAL	BOSSINDUSTRIAL	homedepot.com	HTTPS://WWW.HOMEDEPOT.COM/B/BOSS-INDUSTRIAL/N-5YC1VZLWQ
BOSSOFFICEPRODUCTS	BOSSOFFICEPRODUCTS	homedepot.com	HTTPS://WWW.HOMEDEPOT.COM/B/BOSS-OFFICE-PRODUCTS/N-5YC1VZT4H
BOSSOFFICEPRODUCTS	BOSSOFFICEPRODUCTS	homedepot.com	HTTPS://WWW.HOMEDEPOT.COM/B/FURNITURE-HOME-OFFICE-FURNITURE-OFFICE-CHAIRS-DESK-CHAIRS/BOSS-OFFICE-PRODUCTS/N-5YC1VZ2FKP6BNZT4H
BOSTECH	BOSTECH	homedepot.com	HTTPS://WWW.HOMEDEPOT.COM/B/BOSTECH/N-5YC1VZNX0
BOSTECH	BOSTECH	homedepot.com	HTTPS://WWW.HOMEDEPOT.COM/B/GARAGE-AUTOMOTIVE-AUTO-PARTS/BOSTECH/N-5YC1VZC8SSZNX0
BOSTIK	BOSTIK	homedepot.com	HTTPS://WWW.HOMEDEPOT.COM/B/FLOORING-FLOORING-SUPPLIES-FLOORING-ADHESIVES/BOSTIK/N-5YC1VZCDUKZAR7
BOSTITCH	BOSTITCH	homedepot.com	HTTPS://WWW.HOMEDEPOT.COM/B/TOOLS-POWER-TOOLS-NAIL-GUNS/BOSTITCH/N-5YC1VZC2CDZ9X
BOSTONACOUSTICS	BOSTONACOUSTICS	homedepot.com	HTTPS://WWW.HOMEDEPOT.COM/B/ELECTRICAL-ELECTRONICS-HOME-AUDIO-HOME-THEATER-SYSTEMS/BOSTON-ACOUSTICS/N-5YC1VZC64LZAWZ
BOSTONACOUSTICS	BOSTONACOUSTICS	homedepot.com	HTTPS://WWW.HOMEDEPOT.COM/B/ELECTRICAL-ELECTRONICS-HOME-AUDIO-SPEAKERS/BOSTON-ACOUSTICS/N-5YC1VZC654ZAWZ
BOSTONLINENCOMPANY	BOSTONLINENCOMPANY	homedepot.com	HTTPS://WWW.HOMEDEPOT.COM/B/BOSTON-LINEN-COMPANY/N-5YC1VZUZL
BOSTONLINENCOMPANY	BOSTONLINENCOMPANY	homedepot.com	HTTPS://WWW.HOMEDEPOT.COM/B/HOME-DECOR-BEDDING-BATH-DUVET-COVERS/BOSTON-LINEN-COMPANY/N-5YC1VZUZLZC1K0
BOUGAINVILLEA	BOUGAINVILLEA	homedepot.com	HTTPS://WWW.HOMEDEPOT.COM/B/OUTDOORS-GARDEN-CENTER-OUTDOOR-PLANTS/BOUGAINVILLEA/N-5YC1VZC8RGZ1Z1BQJ6
BOUGERV	BOUGERV	homedepot.com	HTTPS://WWW.HOMEDEPOT.COM/B/BOUGERV/N-5YC1VZXSI
BOULDER	BOULDER	homedepot.com	HTTPS://WWW.HOMEDEPOT.COM/B/OUTDOORS-GARDEN-CENTER-LANDSCAPING-SUPPLIES-LANDSCAPE-ROCKS-BULK-LANDSCAPE-ROCKS/BOULDER/N-5YC1VZCIAVZ1Z0JQ8K
BOULDER	BOULDER	homedepot.com	HTTPS://WWW.HOMEDEPOT.COM/B/OUTDOORS-GARDEN-CENTER-LANDSCAPING-SUPPLIES-LANDSCAPE-ROCKS/BOULDER/N-5YC1VZBX5DZ1Z0JQ8K
BOULDERCLEAN	BOULDERCLEAN	homedepot.com	HTTPS://WWW.HOMEDEPOT.COM/B/CLEANING/BOULDER-CLEAN/N-5YC1VZBQSIZQ77
BOULDERCLEAN	BOULDERCLEAN	homedepot.com	HTTPS://WWW.HOMEDEPOT.COM/B/BOULDER-CLEAN/N-5YC1VZQ77
BOULDERCLEAN	BOULDERCLEAN	homedepot.com	HTTPS://WWW.HOMEDEPOT.COM/B/CLEANING-CLEANING-PRODUCTS/BOULDER-CLEAN/N-5YC1VZCB33ZQ77
BOULDERCLEAN	BOULDERCLEAN	homedepot.com	HTTPS://WWW.HOMEDEPOT.COM/B/CLEANING-CLEANING-PRODUCTS-ALL-PURPOSE-CLEANERS/BOULDER-CLEAN/N-5YC1VZCB2PZQ77
BOUNCECOMFORT	BOUNCECOMFORT	homedepot.com	HTTPS://WWW.HOMEDEPOT.COM/B/HOME-DECOR-BEDDING-BATH-BED-PILLOWS/BOUNCECOMFORT/N-5YC1VZC3PVZEYE
BOUNDERY	BOUNDERY	homedepot.com	HTTPS://WWW.HOMEDEPOT.COM/B/LIGHTING-LIGHT-BULBS-LED-LIGHT-BULBS/BOUNDERY/N-5YC1VZBM79ZSG9
BOUNDERY	BOUNDERY	homedepot.com	HTTPS://WWW.HOMEDEPOT.COM/B/BOUNDERY/STANDARD/N-5YC1VZSG9Z1Z17HNZ
BOUNDERY	BOUNDERY	homedepot.com	HTTPS://WWW.HOMEDEPOT.COM/B/BOUNDERY/N-5YC1VZSG9
BOUNDERY	BOUNDERY	homedepot.com	HTTPS://WWW.HOMEDEPOT.COM/B/BOUNDERY/AUTOMATIC-ON-OFF-SENSOR/N-5YC1VZSG9Z1Z0SLPH
BOWHAUS	BOWHAUS	homedepot.com	HTTPS://WWW.HOMEDEPOT.COM/B/BOWHAUS/N-5YC1VZY73
BOWHAUS	BOWHAUS	homedepot.com	HTTPS://WWW.HOMEDEPOT.COM/B/OUTDOORS-PET-SUPPLIES-WILDLIFE/BOWHAUS/N-5YC1VZC4U1ZY73
BOWHAUS	BOWHAUS	homedepot.com	HTTPS://WWW.HOMEDEPOT.COM/B/OUTDOORS-PET-SUPPLIES-WILDLIFE-DOG-SUPPLIES-DOG-KENNELS/BOWHAUS/N-5YC1VZC4TTZY73
BOWLFRESH	BOWLFRESH	homedepot.com	HTTPS://WWW.HOMEDEPOT.COM/B/CLEANING-CLEANING-PRODUCTS/BOWL-FRESH/N-5YC1VZCB33Z64U
BOWLS	BOWLS	homedepot.com	HTTPS://WWW.HOMEDEPOT.COM/B/KITCHEN-TABLEWARE-BAR-DINNERWARE-BOWLS/N-5YC1VZCEX8
BOXLOCK	BOXLOCK	homedepot.com	HTTPS://WWW.HOMEDEPOT.COM/B/BOXLOCK/N-5YC1VZP2D
BOXLOCK	BOXLOCK	homedepot.com	HTTPS://WWW.HOMEDEPOT.COM/B/TOOLS/BOXLOCK/N-5YC1VZC1XYZP2D
BOXWOOD	BOXWOOD	homedepot.com	HTTPS://WWW.HOMEDEPOT.COM/B/OUTDOORS-GARDEN-CENTER-OUTDOOR-PLANTS-BUSHES/BOXWOOD/N-5YC1VZC8R6Z1Z1BQLD
BOYDSLEEP	BOYDSLEEP	homedepot.com	HTTPS://WWW.HOMEDEPOT.COM/B/BOYD-SLEEP/N-5YC1VZS4K
BOYDSLEEP	BOYDSLEEP	homedepot.com	HTTPS://WWW.HOMEDEPOT.COM/B/FURNITURE-BEDROOM-FURNITURE-BEDS/BOYD-SLEEP/N-5YC1VZC7OHZS4K
BOYDSLEEP	BOYDSLEEP	homedepot.com	HTTPS://WWW.HOMEDEPOT.COM/B/FURNITURE-BEDROOM-FURNITURE-MATTRESSES/BOYD-SLEEP/N-5YC1VZC7OEZS4K
BOYDSLEEP	BOYDSLEEP	homedepot.com	HTTPS://WWW.HOMEDEPOT.COM/B/FURNITURE-BEDROOM-FURNITURE-BEDS/BOYD-SLEEP/FULL/N-5YC1VZC7OHZS4KZ1Z0ZACO
BOYDSLEEP	BOYDSLEEP	homedepot.com	HTTPS://WWW.HOMEDEPOT.COM/B/FURNITURE-BEDROOM-FURNITURE-BEDS-PLATFORM-BEDS/BOYD-SLEEP/N-5YC1VZ2FKP9K1ZS4K
BOYDSPECIALTYSLEEP	BOYDSPECIALTYSLEEP	homedepot.com	HTTPS://WWW.HOMEDEPOT.COM/B/BOYD-SPECIALTY-SLEEP/N-5YC1VZBI1
BOYDSPECIALTYSLEEP	BOYDSPECIALTYSLEEP	homedepot.com	HTTPS://WWW.HOMEDEPOT.COM/B/FURNITURE-BEDROOM-FURNITURE-MATTRESSES/BOYD-SPECIALTY-SLEEP/N-5YC1VZC7OEZBI1
BOYDSPECIALTYSLEEP	BOYDSPECIALTYSLEEP	homedepot.com	HTTPS://WWW.HOMEDEPOT.COM/B/FURNITURE-BEDROOM-FURNITURE-BEDS-ADJUSTABLE-BEDS/BOYD-SPECIALTY-SLEEP/N-5YC1VZ2FKPBQPZBI1
BOYTONE	BOYTONE	homedepot.com	HTTPS://WWW.HOMEDEPOT.COM/B/ELECTRICAL-ELECTRONICS-HOME-AUDIO-RECORD-PLAYERS-TURNTABLES/BOYTONE/N-5YC1VZ2FKOOKLZO3K
BOYTONE	BOYTONE	homedepot.com	HTTPS://WWW.HOMEDEPOT.COM/B/ELECTRICAL-ELECTRONICS-HOME-AUDIO-SPEAKERS/BOYTONE/N-5YC1VZC654ZO3K
BOYTONE	BOYTONE	homedepot.com	HTTPS://WWW.HOMEDEPOT.COM/B/ELECTRICAL-ELECTRONICS-HOME-AUDIO-PORTABLE-SPEAKERS/BOYTONE/N-5YC1VZ2FKP5B0ZO3K
BPINDUSTRIES	BPINDUSTRIES	homedepot.com	HTTPS://WWW.HOMEDEPOT.COM/B/BP-INDUSTRIES/N-5YC1VZQJ4
BPINDUSTRIES	BPINDUSTRIES	homedepot.com	HTTPS://WWW.HOMEDEPOT.COM/B/BP-INDUSTRIES-INC/N-5YC1VZU1D
BPINDUSTRIES	BPINDUSTRIES	homedepot.com	HTTPS://WWW.HOMEDEPOT.COM/B/BP-INDUSTRIES/FRAMED/N-5YC1VZQJ4Z1Z17YVN
BPINDUSTRIES	BPINDUSTRIES	homedepot.com	HTTPS://WWW.HOMEDEPOT.COM/B/HOME-DECOR-MIRRORS-WALL-MIRRORS/BP-INDUSTRIES/N-5YC1VZCL4ZZQJ4
BPLUSZ	BPLUSZ	homedepot.com	HTTPS://WWW.HOMEDEPOT.COM/B/BPLUSZ/WOOD/N-5YC1VZZI9Z1Z18TE4
BRABANTIA	BRABANTIA	homedepot.com	HTTPS://WWW.HOMEDEPOT.COM/B/BRABANTIA/N-5YC1VZHAD
BRADLEYSMOKER	BRADLEYSMOKER	homedepot.com	HTTPS://WWW.HOMEDEPOT.COM/B/OUTDOORS-OUTDOOR-COOKING-GRILLS/BRADLEY-SMOKER/N-5YC1VZBXAZZ3AZ
BRADY	BRADY	homedepot.com	HTTPS://WWW.HOMEDEPOT.COM/B/STORAGE-ORGANIZATION-OFFICE-SUPPLIES-LABELING/BRADY/N-5YC1VZCBIRZA3
BRADZ	BRADZ	homedepot.com	HTTPS://WWW.HOMEDEPOT.COM/B/BRADZ/N-5YC1VZLHI
BRADZ	BRADZ	homedepot.com	HTTPS://WWW.HOMEDEPOT.COM/B/FLOORING-FLOORING-SUPPLIES-FLOORING-TOOLS/BRADZ/N-5YC1VZCDTVZLHI
BRADZ	BRADZ	homedepot.com	HTTPS://WWW.HOMEDEPOT.COM/B/TOOLS-HAND-TOOLS-SPECIALTY-HAND-TOOLS/BRADZ/N-5YC1VZC1ZIZLII
BRADZ	BRADZ	homedepot.com	HTTPS://WWW.HOMEDEPOT.COM/B/TOOLS-SAFETY-SECURITY-HOME-SAFETY-EMERGENCY-PREPAREDNESS-OTHER-EMERGENCY-ACCESSORIES/BRADZ/N-5YC1VZC26PZLII
BRADZ	BRADZ	homedepot.com	HTTPS://WWW.HOMEDEPOT.COM/B/SAFETY-EQUIPMENT-KNEE-PADS/BRADZ/N-5YC1VZC220ZLII
BRAFAB	BRAFAB	homedepot.com	HTTPS://WWW.HOMEDEPOT.COM/B/BRAFAB/N-5YC1VZZ0V
BRAFAB	BRAFAB	homedepot.com	HTTPS://WWW.HOMEDEPOT.COM/B/OUTDOORS-PATIO-FURNITURE/BRAFAB/N-5YC1VZBX4OZZ0V
BRAINERD	BRAINERD	homedepot.com	HTTPS://WWW.HOMEDEPOT.COM/B/HARDWARE-CABINET-HARDWARE/BRAINERD/N-5YC1VZC29ZZ4MT
BRAINERD	BRAINERD	homedepot.com	HTTPS://WWW.HOMEDEPOT.COM/B/HARDWARE/BRAINERD/N-5YC1VZC21MZ4MT
BRAKEBUDDY	BRAKEBUDDY	homedepot.com	HTTPS://WWW.HOMEDEPOT.COM/B/BRAKE-BUDDY/N-5YC1VZSG1
BRAKEBUDDY	BRAKEBUDDY	homedepot.com	HTTPS://WWW.HOMEDEPOT.COM/B/GARAGE-AUTOMOTIVE-RV-SUPPLIES-RV-ACCESSORIES/BRAKE-BUDDY/N-5YC1VZCLQWZSG1
BRANDMOTION	BRANDMOTION	homedepot.com	HTTPS://WWW.HOMEDEPOT.COM/B/BRANDMOTION/N-5YC1VZQM4
BRANDTWORKS	BRANDTWORKS	homedepot.com	HTTPS://WWW.HOMEDEPOT.COM/B/HOME-DECOR-MIRRORS/BRANDTWORKS/N-5YC1VZBVE6ZOKX
BRANDTWORKS	BRANDTWORKS	homedepot.com	HTTPS://WWW.HOMEDEPOT.COM/B/BRANDTWORKS/N-5YC1VZOKX
BRANO	BRANO	homedepot.com	HTTPS://WWW.HOMEDEPOT.COM/B/APPLIANCES-RANGE-HOODS/BRANO/N-5YC1VZC3NKZZHN
BRANO	BRANO	homedepot.com	HTTPS://WWW.HOMEDEPOT.COM/B/BRANO/N-5YC1VZZHN
BRANO	BRANO	homedepot.com	HTTPS://WWW.HOMEDEPOT.COM/B/APPLIANCES/BRANO/N-5YC1VZBV1WZZHN
BRANO	BRANO	homedepot.com	HTTPS://WWW.HOMEDEPOT.COM/B/BRANO/30-IN/N-5YC1VZZHNZ1Z0Y6EG
BRASSCRAFT	BRASSCRAFT	homedepot.com	HTTPS://WWW.HOMEDEPOT.COM/B/PLUMBING/BRASSCRAFT/N-5YC1VZBQEWZA4
BRASSCRAFT	BRASSCRAFT	homedepot.com	HTTPS://WWW.HOMEDEPOT.COM/B/PLUMBING-VALVES/BRASSCRAFT/N-5YC1VZBBL6ZA4
BRASSCRAFT	BRASSCRAFT	homedepot.com	HTTPS://WWW.HOMEDEPOT.COM/B/BRASSCRAFT/N-5YC1VZA4
BRASSTECH	BRASSTECH	homedepot.com	HTTPS://WWW.HOMEDEPOT.COM/B/PLUMBING-PLUMBING-PARTS/BRASSTECH/N-5YC1VZBQKPZ6JC
BRASSTECH	BRASSTECH	homedepot.com	HTTPS://WWW.HOMEDEPOT.COM/B/BATH-BATHROOM-FAUCETS/BRASSTECH/N-5YC1VZBREOZ6JC
BRAWNYINDUSTRIAL	BRAWNYINDUSTRIAL	homedepot.com	HTTPS://WWW.HOMEDEPOT.COM/B/CLEANING-CLEANING-TOOLS-CLEANING-CLOTHS/BRAWNY-INDUSTRIAL/N-5YC1VZCB3MZAHQ
BRAWNYINDUSTRIAL	BRAWNYINDUSTRIAL	homedepot.com	HTTPS://WWW.HOMEDEPOT.COM/B/CLEANING-CLEANING-TOOLS/BRAWNY-INDUSTRIAL/N-5YC1VZCB51ZAHQ
BRAWNYINDUSTRIAL	BRAWNYINDUSTRIAL	homedepot.com	HTTPS://WWW.HOMEDEPOT.COM/B/CLEANING-CLEANING-TOOLS-CLEANING-CLOTHS-SHOP-TOWELS/BRAWNY-INDUSTRIAL/N-5YC1VZCB3BZAHQ
BRAWNYINDUSTRIAL	BRAWNYINDUSTRIAL	homedepot.com	HTTPS://WWW.HOMEDEPOT.COM/B/BRAWNY-INDUSTRIAL/20/N-5YC1VZAHQZ1Z0XALB
BRAWNYINDUSTRIAL	BRAWNYINDUSTRIAL	homedepot.com	HTTPS://WWW.HOMEDEPOT.COM/B/CLEANING-PAPER-PRODUCTS-PAPER-TOWELS/BRAWNY-INDUSTRIAL/N-5YC1VZCB4BZAHQ
BRAZOSWALKINGSTICKS	BRAZOSWALKINGSTICKS	homedepot.com	HTTPS://WWW.HOMEDEPOT.COM/B/BRAZOS-WALKING-STICKS/N-5YC1VZFCB
BRAZOSWALKINGSTICKS	BRAZOSWALKINGSTICKS	homedepot.com	HTTPS://WWW.HOMEDEPOT.COM/B/HEALTH-AND-WELLNESS-MOBILITY-AIDS-WALKING-CANES/BRAZOS-WALKING-STICKS/N-5YC1VZC8JBZTBV
BRAZOSWALKINGSTICKS	BRAZOSWALKINGSTICKS	homedepot.com	HTTPS://WWW.HOMEDEPOT.COM/B/BRAZOS-WALKING-STICKS/WOOD/N-5YC1VZFCBZ1Z0VM56
BREADMAN	BREADMAN	homedepot.com	HTTPS://WWW.HOMEDEPOT.COM/B/APPLIANCES-SMALL-KITCHEN-APPLIANCES-BREAD-MAKERS/BREADMAN/N-5YC1VZC6A3Z1YU
BREDEMEIJER	BREDEMEIJER	homedepot.com	HTTPS://WWW.HOMEDEPOT.COM/B/BREDEMEIJER/N-5YC1VZNR5
BREDEMEIJER	BREDEMEIJER	homedepot.com	HTTPS://WWW.HOMEDEPOT.COM/B/BREDEMEIJER/STAINLESS-STEEL/N-5YC1VZNR5Z1Z0UKAO
BREDEMEIJER	BREDEMEIJER	homedepot.com	HTTPS://WWW.HOMEDEPOT.COM/B/KITCHEN-KITCHENWARE-COOKWARE-TEA-KETTLES/BREDEMEIJER/N-5YC1VZC7FOZNR5
BREEO	BREEO	homedepot.com	HTTPS://WWW.HOMEDEPOT.COM/B/OUTDOORS-OUTDOOR-HEATING-FIRE-PITS/BREEO/N-5YC1VZC6NAZUVO
BREEZARY	BREEZARY	homedepot.com	HTTPS://WWW.HOMEDEPOT.COM/B/BREEZARY/N-5YC1VZVAJ
BREEZARY	BREEZARY	homedepot.com	HTTPS://WWW.HOMEDEPOT.COM/B/LIGHTING-CEILING-FANS/BREEZARY/N-5YC1VZBVLQZVAJ
BREEZARY	BREEZARY	homedepot.com	HTTPS://WWW.HOMEDEPOT.COM/B/LIGHTING-CEILING-FANS-CEILING-FANS-WITH-LIGHTS/BREEZARY/N-5YC1VZCJNUZVAJ
BREEZEDECOR	BREEZEDECOR	homedepot.com	HTTPS://WWW.HOMEDEPOT.COM/B/OUTDOORS-GARDEN-CENTER-OUTDOOR-DECOR/BREEZE-DECOR/N-5YC1VZC6O0ZSVN
BREEZEDECOR	BREEZEDECOR	homedepot.com	HTTPS://WWW.HOMEDEPOT.COM/B/OUTDOORS-GARDEN-CENTER-OUTDOOR-DECOR-FLAGS/BREEZE-DECOR/N-5YC1VZC6NMZSVN
BREEZEDECOR	BREEZEDECOR	homedepot.com	HTTPS://WWW.HOMEDEPOT.COM/B/BREEZE-DECOR/N-5YC1VZSVN?NAO=180
BREEZEDECOR	BREEZEDECOR	homedepot.com	HTTPS://WWW.HOMEDEPOT.COM/B/BREEZE-DECOR/28/N-5YC1VZSVNZ1Z0Z9BD
BREEZEDECOR	BREEZEDECOR	homedepot.com	HTTPS://WWW.HOMEDEPOT.COM/B/OUTDOORS/BREEZE-DECOR/N-5YC1VZBX82ZSVN
BREEZEDECOR	BREEZEDECOR	homedepot.com	HTTPS://WWW.HOMEDEPOT.COM/B/OUTDOORS-GARDEN-CENTER/BREEZE-DECOR/N-5YC1VZBX6KZSVN
BREEZISM	BREEZISM	homedepot.com	HTTPS://WWW.HOMEDEPOT.COM/B/LIGHTING-CEILING-FANS-CEILING-FANS-WITH-LIGHTS/BREEZISM/N-5YC1VZCJNUZU8Z
BREEZISM	BREEZISM	homedepot.com	HTTPS://WWW.HOMEDEPOT.COM/B/BREEZISM/N-5YC1VZU8Z
BRENTWOODAPPLIANCES	BRENTWOODAPPLIANCES	homedepot.com	HTTPS://WWW.HOMEDEPOT.COM/B/BRENTWOOD-APPLIANCES/N-5YC1VZPSM
BRENTWOODAPPLIANCES	BRENTWOODAPPLIANCES	homedepot.com	HTTPS://WWW.HOMEDEPOT.COM/B/APPLIANCES-SMALL-KITCHEN-APPLIANCES/BRENTWOOD-APPLIANCES/N-5YC1VZBV48ZPSM
BRENTWOODORIGINALS	BRENTWOODORIGINALS	homedepot.com	HTTPS://WWW.HOMEDEPOT.COM/B/BRENTWOOD-ORIGINALS/N-5YC1VZPOI
BRENTWOODORIGINALS	BRENTWOODORIGINALS	homedepot.com	HTTPS://WWW.HOMEDEPOT.COM/B/BRENTWOOD-ORIGINALS/32-LB/N-5YC1VZPOIZ1Z1059U
BRENTWOODORIGINALS	BRENTWOODORIGINALS	homedepot.com	HTTPS://WWW.HOMEDEPOT.COM/B/OUTDOORS/BRENTWOOD-ORIGINALS/N-5YC1VZBX82ZPOI
BRENTWOODORIGINALS	BRENTWOODORIGINALS	homedepot.com	HTTPS://WWW.HOMEDEPOT.COM/B/APPLIANCES/BRENTWOOD-ORIGINALS/N-5YC1VZBV1WZPOI
BREWDEMON	BREWDEMON	homedepot.com	HTTPS://WWW.HOMEDEPOT.COM/B/BREWDEMON/N-5YC1VZHV1
BREWSIE	BREWSIE	homedepot.com	HTTPS://WWW.HOMEDEPOT.COM/B/KITCHEN-KITCHENWARE-COOKWARE-STOCK-POTS/BREWSIE/N-5YC1VZCEONZ1Z1Q2GG
BREWSTER	BREWSTER	homedepot.com	HTTPS://WWW.HOMEDEPOT.COM/B/HIGHLY-RATED/BREWSTER/N-5YC1VZ7FHZBWO5O
BREWSTERHOMEFASHIONS	BREWSTERHOMEFASHIONS	homedepot.com	HTTPS://WWW.HOMEDEPOT.COM/B/BREWSTER-HOME-FASHIONS/N-5YC1VZUR0
BRICKWEB	BRICKWEB	homedepot.com	HTTPS://WWW.HOMEDEPOT.COM/B/BUILDING-MATERIALS-CONCRETE-CEMENT-MASONRY-BRICKS/BRICKWEB/N-5YC1VZCDPAZ1Z19AF0
BRICKWEB	BRICKWEB	homedepot.com	HTTPS://WWW.HOMEDEPOT.COM/B/BUILDING-MATERIALS-CONCRETE-CEMENT-MASONRY-BRICKS/TAN/BRICKWEB/N-5YC1VZCDPAZ1Z0VKV8Z1Z19AF0
BRIDGEVINEHOME	BRIDGEVINEHOME	homedepot.com	HTTPS://WWW.HOMEDEPOT.COM/B/BRIDGEVINE-HOME/N-5YC1VZUAM
BRIDGEVINEHOME	BRIDGEVINEHOME	homedepot.com	HTTPS://WWW.HOMEDEPOT.COM/B/FURNITURE-LIVING-ROOM-FURNITURE/BRIDGEVINE-HOME/N-5YC1VZC7P3ZUAM
BRIDGEVINEHOME	BRIDGEVINEHOME	homedepot.com	HTTPS://WWW.HOMEDEPOT.COM/B/FURNITURE-LIVING-ROOM-FURNITURE-TV-STANDS/BRIDGEVINE-HOME/N-5YC1VZCFCTZUAM
BRIELLEHOME	BRIELLEHOME	homedepot.com	HTTPS://WWW.HOMEDEPOT.COM/B/BRIELLE-HOME/N-5YC1VZR9N
BRIENZA	BRIENZA	homedepot.com	HTTPS://WWW.HOMEDEPOT.COM/B/KITCHEN-KITCHEN-FAUCETS/BRIENZA/N-5YC1VZAR0KZBN3
BRIENZA	BRIENZA	homedepot.com	HTTPS://WWW.HOMEDEPOT.COM/B/KITCHEN-KITCHEN-FAUCETS/BRIENZA/COPPER/N-5YC1VZAR0KZBN3Z1Z0VM55
BRIENZA	BRIENZA	homedepot.com	HTTPS://WWW.HOMEDEPOT.COM/B/BRIENZA/N-5YC1VZBN3
BRIENZA	BRIENZA	homedepot.com	HTTPS://WWW.HOMEDEPOT.COM/B/BATH-BATHROOM-FAUCETS-BATHROOM-SINK-FAUCETS/BRIENZA/N-5YC1VZC8D3ZBN3
BRIENZA	BRIENZA	homedepot.com	HTTPS://WWW.HOMEDEPOT.COM/B/FLOORING-HARDWOOD-FLOORING/BRIENZA/N-5YC1VZAQ8XZBN3
BRIENZA	BRIENZA	homedepot.com	HTTPS://WWW.HOMEDEPOT.COM/B/KITCHEN-KITCHEN-FAUCETS-PULL-OUT-KITCHEN-FAUCETS/BRIENZA/N-5YC1VZBU43ZBN3
BRIENZA	BRIENZA	homedepot.com	HTTPS://WWW.HOMEDEPOT.COM/B/KITCHEN-KITCHEN-FAUCETS-STANDARD-KITCHEN-FAUCETS/BRIENZA/N-5YC1VZARG1ZBN3
BRIGGSHEALTHCARE	BRIGGSHEALTHCARE	homedepot.com	HTTPS://WWW.HOMEDEPOT.COM/B/HEALTH-AND-WELLNESS-MEDICAL-SUPPLIES/BRIGGS-HEALTHCARE/N-5YC1VZCFVLZDAZ
BRIGGSHEALTHCARE	BRIGGSHEALTHCARE	homedepot.com	HTTPS://WWW.HOMEDEPOT.COM/B/BRIGGS-HEALTHCARE/N-5YC1VZDAZ
BRIGGSSTRATTON	BRIGGSSTRATTON	homedepot.com	HTTPS://WWW.HOMEDEPOT.COM/B/BRIGGS-STRATTON/N-5YC1VZA8
BRIGGSSTRATTON	BRIGGSSTRATTON	homedepot.com	HTTPS://WWW.HOMEDEPOT.COM/B/OUTDOORS-OUTDOOR-POWER-EQUIPMENT-OUTDOOR-POWER-EQUIPMENT-PARTS-REPLACEMENT-ENGINE-PARTS/BRIGGS-STRATTON/N-5YC1VZ1Z18IBMZ1Z1B27K
BRIGHTAIR	BRIGHTAIR	homedepot.com	HTTPS://WWW.HOMEDEPOT.COM/B/CLEANING-CLEANING-PRODUCTS-ROOM-FRESHENERS-AIR-FRESHENERS/BRIGHT-AIR/N-5YC1VZCB2JZF3M
BRIGHTAIR	BRIGHTAIR	homedepot.com	HTTPS://WWW.HOMEDEPOT.COM/B/BRIGHT-AIR/N-5YC1VZF3M
BRIGHTECH	BRIGHTECH	homedepot.com	HTTPS://WWW.HOMEDEPOT.COM/B/BRIGHTECH/N-5YC1VZT69
BRIGHTECH	BRIGHTECH	homedepot.com	HTTPS://WWW.HOMEDEPOT.COM/B/LIGHTING-LAMPS-FLOOR-LAMPS/BRIGHTECH/N-5YC1VZC7NOZT69
BRIGHTERBLOOMS	BRIGHTERBLOOMS	homedepot.com	HTTPS://WWW.HOMEDEPOT.COM/B/BRIGHTER-BLOOMS/N-5YC1VZR87
BRIGHTERBLOOMS	BRIGHTERBLOOMS	homedepot.com	HTTPS://WWW.HOMEDEPOT.COM/B/OUTDOORS-GARDEN-CENTER-OUTDOOR-PLANTS/BRIGHTER-BLOOMS/N-5YC1VZC8RGZR87
BRIGHTLUX	BRIGHTLUX	homedepot.com	HTTPS://WWW.HOMEDEPOT.COM/B/LIGHTING-OUTDOOR-LIGHTING/BRIGHTLUX/N-5YC1VZC7QVZU1C
BRIGHTLUX	BRIGHTLUX	homedepot.com	HTTPS://WWW.HOMEDEPOT.COM/B/LIGHTING-ACCENT-LIGHTING-ROPE-LIGHTS/BRIGHTLUX/N-5YC1VZ2FKPD0BZU1C
BRIGHTLUX	BRIGHTLUX	homedepot.com	HTTPS://WWW.HOMEDEPOT.COM/B/LIGHTING-OUTDOOR-LIGHTING-ROPE-LIGHTS/BRIGHTLUX/N-5YC1VZC7O9ZU1C
BRIGHTOWN	BRIGHTOWN	homedepot.com	HTTPS://WWW.HOMEDEPOT.COM/B/LIGHTING/BRIGHTOWN/N-5YC1VZBVN5ZZ2C
BRIGHTOWN	BRIGHTOWN	homedepot.com	HTTPS://WWW.HOMEDEPOT.COM/B/LIGHTING-STRING-LIGHTS/BRIGHTOWN/N-5YC1VZCDPXZZ2C
BRIGHTOWN	BRIGHTOWN	homedepot.com	HTTPS://WWW.HOMEDEPOT.COM/B/BRIGHTOWN/N-5YC1VZZ2C
BRIGHTTUNES	BRIGHTTUNES	homedepot.com	HTTPS://WWW.HOMEDEPOT.COM/B/LIGHTING-OUTDOOR-LIGHTING-STRING-LIGHTS/BRIGHT-TUNES/N-5YC1VZCDPXZG5V
BRIGHTTUNES	BRIGHTTUNES	homedepot.com	HTTPS://WWW.HOMEDEPOT.COM/B/LIGHTING/BRIGHT-TUNES/N-5YC1VZBVN5ZG5V
BRIGHTTUNES	BRIGHTTUNES	homedepot.com	HTTPS://WWW.HOMEDEPOT.COM/B/BRIGHT-TUNES/N-5YC1VZG5V
BRIIGNITE	BRIIGNITE	homedepot.com	HTTPS://WWW.HOMEDEPOT.COM/B/BRIIGNITE/N-5YC1VZZA6
BRIIGNITE	BRIIGNITE	homedepot.com	HTTPS://WWW.HOMEDEPOT.COM/B/LIGHTING-LIGHT-BULBS-LED-LIGHT-BULBS/BRIIGNITE/N-5YC1VZBM79ZZA6
BRIIGNITE	BRIIGNITE	homedepot.com	HTTPS://WWW.HOMEDEPOT.COM/B/LIGHTING-COMMERCIAL-LIGHTING-GROW-LIGHTS/BRIIGNITE/N-5YC1VZC9H4ZZA6
BRIIGNITE	BRIIGNITE	homedepot.com	HTTPS://WWW.HOMEDEPOT.COM/B/LIGHTING-LIGHT-BULBS-INCANDESCENT-LIGHT-BULBS/BRIIGNITE/N-5YC1VZBMGLZZA6
BRIIGNITE	BRIIGNITE	homedepot.com	HTTPS://WWW.HOMEDEPOT.COM/B/BRIIGNITE/G9/N-5YC1VZZA6Z1Z17HPE
BRIIGNITE	BRIIGNITE	homedepot.com	HTTPS://WWW.HOMEDEPOT.COM/B/LIGHTING-LIGHT-BULBS-EDISON-BULBS/BRIIGNITE/N-5YC1VZ2FKOL7BZZA6
BRIIGNITE	BRIIGNITE	homedepot.com	HTTPS://WWW.HOMEDEPOT.COM/B/BRIIGNITE/DIMMABLE/N-5YC1VZZA6Z1Z1BIDL
BRILLIANIZE	BRILLIANIZE	homedepot.com	HTTPS://WWW.HOMEDEPOT.COM/B/CLEANING-CLEANING-PRODUCTS/BRILLIANIZE/N-5YC1VZCB33ZM1Q
BRILLIANTEVOLUTION	BRILLIANTEVOLUTION	homedepot.com	HTTPS://WWW.HOMEDEPOT.COM/B/LIGHTING/BRILLIANT-EVOLUTION/N-5YC1VZBVN5ZLSO
BRILLIANTEVOLUTION	BRILLIANTEVOLUTION	homedepot.com	HTTPS://WWW.HOMEDEPOT.COM/B/BRILLIANT-EVOLUTION/N-5YC1VZLSO
BRILLIANTEVOLUTION	BRILLIANTEVOLUTION	homedepot.com	HTTPS://WWW.HOMEDEPOT.COM/B/LIGHTING-ACCENT-LIGHTING-UNDER-CABINET-LIGHTING/BRILLIANT-EVOLUTION/N-5YC1VZ2FKPD01ZLSO
BRILLIANTRIBBON	BRILLIANTRIBBON	homedepot.com	HTTPS://WWW.HOMEDEPOT.COM/B/FLOORING/BRILLIANT-RIBBON/N-5YC1VZAQ7RZOWA
BRILLIWELLNESSLIGHTING	BRILLIWELLNESSLIGHTING	homedepot.com	HTTPS://WWW.HOMEDEPOT.COM/B/BRILLI-WELLNESS-LIGHTING/N-5YC1VZSYW
BRILLIWELLNESSLIGHTING	BRILLIWELLNESSLIGHTING	homedepot.com	HTTPS://WWW.HOMEDEPOT.COM/B/LIGHTING-LIGHT-BULBS-LED-LIGHT-BULBS/BRILLI-WELLNESS-LIGHTING/N-5YC1VZBM79ZSYW
BRILLIWELLNESSLIGHTING	BRILLIWELLNESSLIGHTING	homedepot.com	HTTPS://WWW.HOMEDEPOT.COM/B/LIGHTING-LIGHT-BULBS/BRILLI-WELLNESS-LIGHTING/N-5YC1VZBMBUZSYW
BRILLIWELLNESSLIGHTING	BRILLIWELLNESSLIGHTING	homedepot.com	HTTPS://WWW.HOMEDEPOT.COM/B/LIGHTING-RECESSED-LIGHTING-RECESSED-LIGHTING-RETROFIT-TRIMS/BRILLI-WELLNESS-LIGHTING/N-5YC1VZC7ORZSYW
BRILLIWELLNESSLIGHTING	BRILLIWELLNESSLIGHTING	homedepot.com	HTTPS://WWW.HOMEDEPOT.COM/B/LIGHTING-LIGHT-BULBS-FLOOD-AND-SPOT-LIGHT-BULBS/BRILLI-WELLNESS-LIGHTING/N-5YC1VZ2FKPCW3ZSYW
BRILLO	BRILLO	homedepot.com	HTTPS://WWW.HOMEDEPOT.COM/B/CLEANING-CLEANING-TOOLS-SPONGES-SCOURING-PADS/BRILLO/N-5YC1VZCB3KZ4G6
BRILLO	BRILLO	homedepot.com	HTTPS://WWW.HOMEDEPOT.COM/B/CLEANING/BRILLO/N-5YC1VZBQSIZ4G6
BRILLO	BRILLO	homedepot.com	HTTPS://WWW.HOMEDEPOT.COM/B/BRILLO/N-5YC1VZ4G6
BRINKHILL	BRINKHILL	homedepot.com	HTTPS://WWW.HOMEDEPOT.COM/B/HOME-DECORATORS-COLLECTION/BRINKHILL/N-5YC1VZ4VRZ1Z1RB0Y
BRINKHILL	BRINKHILL	homedepot.com	HTTPS://WWW.HOMEDEPOT.COM/B/BATH-BATHROOM-VANITIES-BATHROOM-VANITIES-WITH-TOPS/BRINKHILL/N-5YC1VZCFW5Z1Z1RB0Y
BRINKMANN	BRINKMANN	homedepot.com	HTTPS://WWW.HOMEDEPOT.COM/B/OUTDOORS-OUTDOOR-COOKING-GRILLS/BRINKMANN/N-5YC1VZBXAZZ39N
BRINKMANN	BRINKMANN	homedepot.com	HTTPS://WWW.HOMEDEPOT.COM/B/OUTDOORS-OUTDOOR-COOKING-GRILLS-GAS-GRILLS-PROPANE-GRILLS/BRINKMANN/N-5YC1VZC5T2Z39N
BRINKS	BRINKS	homedepot.com	HTTPS://WWW.HOMEDEPOT.COM/B/BRINKS/N-5YC1VZMGV
BRINKS	BRINKS	homedepot.com	HTTPS://WWW.HOMEDEPOT.COM/B/TOOLS-SAFETY-SECURITY-PADLOCKS/BRINKS/N-5YC1VZC23AZMGV
BRINKS	BRINKS	homedepot.com	HTTPS://WWW.HOMEDEPOT.COM/B/TOOLS/BRINKS/N-5YC1VZC1XYZMGV
BRINLYHARDY	BRINLYHARDY	homedepot.com	HTTPS://WWW.HOMEDEPOT.COM/B/OUTDOORS-OUTDOOR-POWER-EQUIPMENT-RIDING-MOWER-TRACTOR-ATTACHMENTS/BRINLY-HARDY/N-5YC1VZBX56Z7SM
BRINLYHARDY	BRINLYHARDY	homedepot.com	HTTPS://WWW.HOMEDEPOT.COM/B/BRINLY-HARDY/N-5YC1VZ7SM
BRINLYHARDY	BRINLYHARDY	homedepot.com	HTTPS://WWW.HOMEDEPOT.COM/B/OUTDOORS/BRINLY-HARDY/N-5YC1VZBX82Z7SM
BRIOTECH	BRIOTECH	homedepot.com	HTTPS://WWW.HOMEDEPOT.COM/B/CLEANING-CLEANING-PRODUCTS/BRIOTECH/N-5YC1VZCB33ZUPK
BRIOTECH	BRIOTECH	homedepot.com	HTTPS://WWW.HOMEDEPOT.COM/B/CLEANING-CLEANING-PRODUCTS-ALL-PURPOSE-CLEANERS/BRIOTECH/N-5YC1VZCB2PZUPK
BRIOTECH	BRIOTECH	homedepot.com	HTTPS://WWW.HOMEDEPOT.COM/B/BRIOTECH/N-5YC1VZUPK
BRISA	BRISA	homedepot.com	HTTPS://WWW.HOMEDEPOT.COM/B/BRISA/N-5YC1VZDK4
BRISCON	BRISCON	homedepot.com	HTTPS://WWW.HOMEDEPOT.COM/B/ELECTRICAL-ELECTRICAL-TOOLS-WIRE-CONDUIT-TOOLS-ELECTRICAL-STAPLES/BRISCON/N-5YC1VZC5L4ZAA
BRITA	BRITA	homedepot.com	HTTPS://WWW.HOMEDEPOT.COM/B/KITCHEN-WATER-DISPENSERS-PITCHERS-WATER-FILTER-PITCHERS/BRITA/N-5YC1VZCDA0Z4B0
BRITA	BRITA	homedepot.com	HTTPS://WWW.HOMEDEPOT.COM/B/BRITA/N-5YC1VZ4B0
BRITESTAR	BRITESTAR	homedepot.com	HTTPS://WWW.HOMEDEPOT.COM/B/BRITE-STAR/N-5YC1VZ26R
BRITESTAR	BRITESTAR	homedepot.com	HTTPS://WWW.HOMEDEPOT.COM/B/HOLIDAY-DECORATIONS-CHRISTMAS-DECORATIONS-CHRISTMAS-LIGHTS/BRITE-STAR/N-5YC1VZC3TBZ26R
BRIZO	BRIZO	homedepot.com	HTTPS://WWW.HOMEDEPOT.COM/B/BRIZO/N-5YC1VZHX9
BROILKING	BROILKING	homedepot.com	HTTPS://WWW.HOMEDEPOT.COM/B/OUTDOORS-OUTDOOR-COOKING-GRILLS-GAS-GRILLS-PROPANE-GRILLS/BROIL-KING/N-5YC1VZC5T2ZR6U
BROILKING	BROILKING	homedepot.com	HTTPS://WWW.HOMEDEPOT.COM/B/OUTDOORS-OUTDOOR-COOKING-GRILLS-GAS-GRILLS/BROIL-KING/N-5YC1VZC5T5ZR6U
BROILMATE	BROILMATE	homedepot.com	HTTPS://WWW.HOMEDEPOT.COM/B/OUTDOORS-OUTDOOR-COOKING-GRILLS-GAS-GRILLS-PROPANE-GRILLS/BROIL-MATE/N-5YC1VZC5T2ZAIA
BROILMATE	BROILMATE	homedepot.com	HTTPS://WWW.HOMEDEPOT.COM/B/OUTDOORS-OUTDOOR-COOKING-GRILLS-GAS-GRILLS/BROIL-MATE/N-5YC1VZC5T5ZAIA
BROILMATE	BROILMATE	homedepot.com	HTTPS://WWW.HOMEDEPOT.COM/B/OUTDOORS-OUTDOOR-COOKING/BROIL-MATE/N-5YC1VZCFB7ZAIA
BROMIDESIGN	BROMIDESIGN	homedepot.com	HTTPS://WWW.HOMEDEPOT.COM/B/LIGHTING/BROMI-DESIGN/N-5YC1VZBVN5ZME6
BROMIDESIGN	BROMIDESIGN	homedepot.com	HTTPS://WWW.HOMEDEPOT.COM/B/BROMI-DESIGN/N-5YC1VZME6
BROMIDESIGN	BROMIDESIGN	homedepot.com	HTTPS://WWW.HOMEDEPOT.COM/B/LIGHTING-FLUSH-MOUNT-CEILING-LIGHTS/BROMI-DESIGN/N-5YC1VZC7NKZME6
BROMIDESIGN	BROMIDESIGN	homedepot.com	HTTPS://WWW.HOMEDEPOT.COM/B/LIGHTING-PENDANT-LIGHTS/BROMI-DESIGN/N-5YC1VZC7NUZME6
BROMIDESIGN	BROMIDESIGN	homedepot.com	HTTPS://WWW.HOMEDEPOT.COM/B/LIGHTING-FLUSH-MOUNT-CEILING-LIGHTS/BROMI-DESIGN/WHITE/N-5YC1VZC7NKZME6Z1Z0QO15
BRONDELL	BRONDELL	homedepot.com	HTTPS://WWW.HOMEDEPOT.COM/B/BRONDELL/N-5YC1VZ4SI
BRONDELL	BRONDELL	homedepot.com	HTTPS://WWW.HOMEDEPOT.COM/B/BATH-BIDETS-BIDET-TOILET-SEATS/BRONDELL/N-5YC1VZBZA8Z4SI
BROOKLYNLOOM	BROOKLYNLOOM	homedepot.com	HTTPS://WWW.HOMEDEPOT.COM/B/BROOKLYN-LOOM/N-5YC1VZH7L
BROOKLYNLOOM	BROOKLYNLOOM	homedepot.com	HTTPS://WWW.HOMEDEPOT.COM/B/HOME-DECOR/BROOKLYN-LOOM/N-5YC1VZAS6PZH7L
BROOKLYNLOOM	BROOKLYNLOOM	homedepot.com	HTTPS://WWW.HOMEDEPOT.COM/B/HOME-DECOR-BEDDING/BROOKLYN-LOOM/N-5YC1VZCI04ZH7L
BROOKLYNLOOM	BROOKLYNLOOM	homedepot.com	HTTPS://WWW.HOMEDEPOT.COM/B/BROOKLYN-LOOM/CLASSIC/N-5YC1VZH7LZ1Z17YVB
BROOKLYNLOOM	BROOKLYNLOOM	homedepot.com	HTTPS://WWW.HOMEDEPOT.COM/B/HOME-DECOR-BEDDING-BEDDING-SETS/BROOKLYN-LOOM/N-5YC1VZ2FKOR2VZH7L
BROOKLYNMAX	BROOKLYNMAX	homedepot.com	HTTPS://WWW.HOMEDEPOT.COM/B/BROOKLYN-MAX/N-5YC1VZQFU
BROOKLYNMAX	BROOKLYNMAX	homedepot.com	HTTPS://WWW.HOMEDEPOT.COM/B/FURNITURE-LIVING-ROOM-FURNITURE/BROOKLYN-MAX/N-5YC1VZC7P3ZQFU
BROOKLYNMAX	BROOKLYNMAX	homedepot.com	HTTPS://WWW.HOMEDEPOT.COM/B/BROOKLYN-MAX/BROWN/N-5YC1VZQFUZ1Z13HQC
BROOKLYNSTEELCO	BROOKLYNSTEELCO	homedepot.com	HTTPS://WWW.HOMEDEPOT.COM/B/BROOKLYN-STEEL-CO/N-5YC1VZU39
BROOKLYNSTEELCO	BROOKLYNSTEELCO	homedepot.com	HTTPS://WWW.HOMEDEPOT.COM/B/BROOKLYN-STEEL-CO/FRYING-PANS/N-5YC1VZU39Z1Z0UMFX
BROOKSTONE	BROOKSTONE	homedepot.com	HTTPS://WWW.HOMEDEPOT.COM/B/BROOKSTONE/N-5YC1VZQJK
BROWNELLBOATSTANDS	BROWNELLBOATSTANDS	homedepot.com	HTTPS://WWW.HOMEDEPOT.COM/B/BROWNELL-BOAT-STANDS/N-5YC1VZPIE
BROWNJORDAN	BROWNJORDAN	homedepot.com	HTTPS://WWW.HOMEDEPOT.COM/B/OUTDOORS-PATIO-FURNITURE/BROWN-JORDAN/N-5YC1VZBX4OZCHS
BROWNLOWGIFTS	BROWNLOWGIFTS	homedepot.com	HTTPS://WWW.HOMEDEPOT.COM/B/BROWNLOW-GIFTS/N-5YC1VZHJU
BRUCE	BRUCE	homedepot.com	HTTPS://WWW.HOMEDEPOT.COM/B/FLOORING-HARDWOOD-FLOORING/BRUCE/N-5YC1VZAQ8XZAH
BRUSHED	BRUSHED	homedepot.com	HTTPS://WWW.HOMEDEPOT.COM/B/TOOLS/BRUSHED/N-5YC1VZC1XYZ1Z17TQC
BRUSHEEZ	BRUSHEEZ	homedepot.com	HTTPS://WWW.HOMEDEPOT.COM/B/BRUSHEEZ/N-5YC1VZRXW
BRUSHGRUBBER	BRUSHGRUBBER	homedepot.com	HTTPS://WWW.HOMEDEPOT.COM/B/BRUSHGRUBBER/N-5YC1VZF5E
BRUSHMASTER	BRUSHMASTER	homedepot.com	HTTPS://WWW.HOMEDEPOT.COM/B/BRUSH-MASTER/N-5YC1VZ4M1
BRUSHMASTER	BRUSHMASTER	homedepot.com	HTTPS://WWW.HOMEDEPOT.COM/B/OUTDOORS-OUTDOOR-POWER-EQUIPMENT-WOOD-CHIPPERS/BRUSH-MASTER/N-5YC1VZBXBIZ4M1
BRUSHTOX	BRUSHTOX	homedepot.com	HTTPS://WWW.HOMEDEPOT.COM/B/BRUSHTOX/N-5YC1VZFQJ
BRUSHTOX	BRUSHTOX	homedepot.com	HTTPS://WWW.HOMEDEPOT.COM/B/OUTDOORS-GARDEN-CENTER-LAWN-CARE/BRUSHTOX/N-5YC1VZBX8AZFQJ
BRUSHTOX	BRUSHTOX	homedepot.com	HTTPS://WWW.HOMEDEPOT.COM/B/OUTDOORS-GARDEN-CENTER-LAWN-CARE-WEED-GRASS-KILLER/BRUSHTOX/N-5YC1VZBX5EZFQJ
BRUSSELSBONSAI	BRUSSELSBONSAI	homedepot.com	HTTPS://WWW.HOMEDEPOT.COM/B/OUTDOORS-GARDEN-CENTER-BONSAI-TREES/BRUSSELS-BONSAI/N-5YC1VZCD2JZZQ0
BRUSSELSBONSAI	BRUSSELSBONSAI	homedepot.com	HTTPS://WWW.HOMEDEPOT.COM/B/BRUSSELS-BONSAI/N-5YC1VZ6T2
BRUTUS	BRUTUS	homedepot.com	HTTPS://WWW.HOMEDEPOT.COM/B/BRUTUS/FREE-SHIP-TO-STORE/N-5YC1VZ3B5Z25EGXE
BSIPRODUCTS	BSIPRODUCTS	homedepot.com	HTTPS://WWW.HOMEDEPOT.COM/B/BEST-RATED/BSI-PRODUCTS/N-5YC1VZASKZBWO5Q
BSIPRODUCTS	BSIPRODUCTS	homedepot.com	HTTPS://WWW.HOMEDEPOT.COM/B/OUTDOORS-GARDEN-CENTER-OUTDOOR-DECOR-FLAGS/BSI-PRODUCTS/N-5YC1VZC6NMZASK
BUCKBROS	BUCKBROS	homedepot.com	HTTPS://WWW.HOMEDEPOT.COM/B/TOOLS-HAND-TOOLS/BUCK-BROS/N-5YC1VZC1ZGZAJ
BUCKBROS	BUCKBROS	homedepot.com	HTTPS://WWW.HOMEDEPOT.COM/B/BUCK-BROS/N-5YC1VZAJ
BUCKBROS	BUCKBROS	homedepot.com	HTTPS://WWW.HOMEDEPOT.COM/B/TOOLS-HAND-TOOLS-KNIVES-BLADES/BUCK-BROS/N-5YC1VZC21PZAJ
BUCKETBOSS	BUCKETBOSS	homedepot.com	HTTPS://WWW.HOMEDEPOT.COM/B/GARAGE-TOOL-STORAGE-TOOL-BAGS/BUCKET-BOSS/N-5YC1VZC2G6ZS3Z
BUCKETBOSS	BUCKETBOSS	homedepot.com	HTTPS://WWW.HOMEDEPOT.COM/B/BUCKET-BOSS/N-5YC1VZS3Z
BUDDEEZ	BUDDEEZ	homedepot.com	HTTPS://WWW.HOMEDEPOT.COM/B/BUDDEEZ/N-5YC1VZT97
BUDDYPRODUCTS	BUDDYPRODUCTS	homedepot.com	HTTPS://WWW.HOMEDEPOT.COM/B/STORAGE-ORGANIZATION-OFFICE-SUPPLIES/BUDDY-PRODUCTS/N-5YC1VZCBIOZBOO
BUDDYPRODUCTS	BUDDYPRODUCTS	homedepot.com	HTTPS://WWW.HOMEDEPOT.COM/B/BUDDY-PRODUCTS/N-5YC1VZBOO
BUDDYPRODUCTS	BUDDYPRODUCTS	homedepot.com	HTTPS://WWW.HOMEDEPOT.COM/B/HARDWARE-KEYS/BUDDY-PRODUCTS/N-5YC1VZC2DUZBOO
BUENOSPA	BUENOSPA	homedepot.com	HTTPS://WWW.HOMEDEPOT.COM/B/OUTDOORS-HOME-SPAS-HOT-TUBS/BUENOSPA/N-5YC1VZCFZ2ZV9R
BUENOSPA	BUENOSPA	homedepot.com	HTTPS://WWW.HOMEDEPOT.COM/B/BUENOSPA/N-5YC1VZV9R
BUFFALOINDUSTRIES	BUFFALOINDUSTRIES	homedepot.com	HTTPS://WWW.HOMEDEPOT.COM/B/BUFFALO-INDUSTRIES/N-5YC1VZ8T1
BUFFALOOUTDOOR	BUFFALOOUTDOOR	homedepot.com	HTTPS://WWW.HOMEDEPOT.COM/B/BUFFALO-OUTDOOR/N-5YC1VZBY1
BUFFALOTOOLS	BUFFALOTOOLS	homedepot.com	HTTPS://WWW.HOMEDEPOT.COM/B/BUFFALO-TOOLS/N-5YC1VZ3PJ
BUFFALOTOOLS	BUFFALOTOOLS	homedepot.com	HTTPS://WWW.HOMEDEPOT.COM/B/TOOLS-HAND-TOOLS-SPECIALTY-HAND-TOOLS/BUFFALO-TOOLS/N-5YC1VZC1ZIZ3PJ
BUFFALOTOOLS	BUFFALOTOOLS	homedepot.com	HTTPS://WWW.HOMEDEPOT.COM/B/TOOLS-POWER-TOOLS/BUFFALO-TOOLS/N-5YC1VZC298Z3PJ
BUFFALOTOOLS	BUFFALOTOOLS	homedepot.com	HTTPS://WWW.HOMEDEPOT.COM/B/OUTDOORS-OUTDOOR-POWER-EQUIPMENT-CHAINSAWS/BUFFALO-TOOLS/N-5YC1VZBXAMZ3PJ
BUGBAND	BUGBAND	homedepot.com	HTTPS://WWW.HOMEDEPOT.COM/B/OUTDOORS-GARDEN-CENTER-PEST-CONTROL-INSECT-CONTROL-INSECT-REPELLENTS/BUG-BAND/N-5YC1VZCALGZBFO
BUGBITETHING	BUGBITETHING	homedepot.com	HTTPS://WWW.HOMEDEPOT.COM/B/BUG-BITE-THING/N-5YC1VZGJ3
BUGGYBEDS	BUGGYBEDS	homedepot.com	HTTPS://WWW.HOMEDEPOT.COM/B/BUGGYBEDS/BED-BUGS/N-5YC1VZ9RBZ1Z0QCVH
BUGGYBEDS	BUGGYBEDS	homedepot.com	HTTPS://WWW.HOMEDEPOT.COM/B/BUGGYBEDS/N-5YC1VZ9RB
BUGGYBEDS	BUGGYBEDS	homedepot.com	HTTPS://WWW.HOMEDEPOT.COM/B/BUGGYBEDS/PICK-UP-TODAY/N-5YC1VZ9RBZ1Z175A5
BUGMACE	BUGMACE	homedepot.com	HTTPS://WWW.HOMEDEPOT.COM/B/OUTDOORS-GARDEN-CENTER-PEST-CONTROL/BUGMACE/N-5YC1VZBX4WZGLC
BUGMD	BUGMD	homedepot.com	HTTPS://WWW.HOMEDEPOT.COM/B/OUTDOORS-GARDEN-CENTER-PEST-CONTROL/BUGMD/N-5YC1VZBX4WZZD0
BUGMD	BUGMD	homedepot.com	HTTPS://WWW.HOMEDEPOT.COM/B/BUGMD/N-5YC1VZZD0
BUILDERSBEST	BUILDERSBEST	homedepot.com	HTTPS://WWW.HOMEDEPOT.COM/B/BUILDERS-BEST/N-5YC1VZO65
BUILDERSCHOICE	BUILDERSCHOICE	homedepot.com	HTTPS://WWW.HOMEDEPOT.COM/B/BUILDERS-CHOICE/N-5YC1VZFLZ
BUILDERSCHOICE	BUILDERSCHOICE	homedepot.com	HTTPS://WWW.HOMEDEPOT.COM/B/DOORS-WINDOWS-INTERIOR-DOORS/BUILDERS-CHOICE/N-5YC1VZC5IOZFLZ
BUILDERSCHOICE	BUILDERSCHOICE	homedepot.com	HTTPS://WWW.HOMEDEPOT.COM/B/BUILDING-MATERIALS/BUILDERS-CHOICE/N-5YC1VZAQNSZFLZ
BUILDERSCHOICE	BUILDERSCHOICE	homedepot.com	HTTPS://WWW.HOMEDEPOT.COM/B/DOORS-WINDOWS/BUILDERS-CHOICE/N-5YC1VZAQIHZFLZ
BUILDERSCHOICE	BUILDERSCHOICE	homedepot.com	HTTPS://WWW.HOMEDEPOT.COM/B/BUILDING-MATERIALS-MOULDING-MILLWORK-MOULDING/BUILDERS-CHOICE/N-5YC1VZARA1ZFLZ
BUILDERSCHOICE	BUILDERSCHOICE	homedepot.com	HTTPS://WWW.HOMEDEPOT.COM/B/LUMBER-COMPOSITES/BUILDERS-CHOICE/N-5YC1VZBQPGZFLZ
BUILDERSCHOICE	BUILDERSCHOICE	homedepot.com	HTTPS://WWW.HOMEDEPOT.COM/B/BUILDING-MATERIALS/BUILDERS-CHOICE/N-5YC1VZAQNSZ89B
BUILDERSCHOICE	BUILDERSCHOICE	homedepot.com	HTTPS://WWW.HOMEDEPOT.COM/B/DOORS-WINDOWS-INTERIOR-DOORS-PREHUNG-DOORS/BUILDERS-CHOICE/N-5YC1VZC5IJZFLZ
BUILDERSCHOICE	BUILDERSCHOICE	homedepot.com	HTTPS://WWW.HOMEDEPOT.COM/B/DOORS-WINDOWS-INTERIOR-DOORS-SLAB-DOORS/BUILDERS-CHOICE/N-5YC1VZC5IEZFLZ
BUILDERSCHOICE	BUILDERSCHOICE	homedepot.com	HTTPS://WWW.HOMEDEPOT.COM/B/DOORS-WINDOWS-INTERIOR-DOORS-CLOSET-DOORS/BUILDERS-CHOICE/N-5YC1VZ2FKP9SKZFLZ
BUILDERSCHOICE	BUILDERSCHOICE	homedepot.com	HTTPS://WWW.HOMEDEPOT.COM/B/LUMBER-COMPOSITES-BOARDS-PLANKS-WOOD-BOARDS-HARDWOOD-BOARDS/BUILDERS-CHOICE/N-5YC1VZ1Z18GP4ZFLZ
BUILDERSCHOICE	BUILDERSCHOICE	homedepot.com	HTTPS://WWW.HOMEDEPOT.COM/B/LUMBER-COMPOSITES-DIMENSIONAL-LUMBER/BUILDERS-CHOICE/N-5YC1VZC3TCZFLZ
BUILDERSEDGE	BUILDERSEDGE	homedepot.com	HTTPS://WWW.HOMEDEPOT.COM/B/BUILDERS-EDGE/N-5YC1VZAP
BUILDERSEDGE	BUILDERSEDGE	homedepot.com	HTTPS://WWW.HOMEDEPOT.COM/B/BUILDING-MATERIALS-SIDING/BUILDERS-EDGE/N-5YC1VZARIPZAP
BUILDERSEDGE	BUILDERSEDGE	homedepot.com	HTTPS://WWW.HOMEDEPOT.COM/B/DOORS-WINDOWS/BUILDERS-EDGE/N-5YC1VZAQIHZAP
BUILDERSEDGE	BUILDERSEDGE	homedepot.com	HTTPS://WWW.HOMEDEPOT.COM/B/BUILDING-MATERIALS-SIDING-SIDING-ACCESSORIES-MOUNTING-BLOCKS/BUILDERS-EDGE/N-5YC1VZBYE2ZAP
BUILDERSEDGE	BUILDERSEDGE	homedepot.com	HTTPS://WWW.HOMEDEPOT.COM/B/BUILDING-MATERIALS/BUILDERS-EDGE/N-5YC1VZAQNSZAP
BUILDEX	BUILDEX	homedepot.com	HTTPS://WWW.HOMEDEPOT.COM/B/BUILDEX/N-5YC1VZ3VI
BUILDEX	BUILDEX	homedepot.com	HTTPS://WWW.HOMEDEPOT.COM/B/HARDWARE-FASTENERS-ANCHORS/BUILDEX/N-5YC1VZC2E5Z3VI
BUILDEX	BUILDEX	homedepot.com	HTTPS://WWW.HOMEDEPOT.COM/B/HARDWARE-FASTENERS/BUILDEX/N-5YC1VZC255Z3VI
BUILTNY	BUILTNY	homedepot.com	HTTPS://WWW.HOMEDEPOT.COM/B/BUILT-NY/N-5YC1VZMT2
BULBEATS	BULBEATS	homedepot.com	HTTPS://WWW.HOMEDEPOT.COM/B/LIGHTING/BULBEATS/N-5YC1VZBVN5ZZNK
BULBEATS	BULBEATS	homedepot.com	HTTPS://WWW.HOMEDEPOT.COM/B/LIGHTING-COMMERCIAL-LIGHTING/BULBEATS/N-5YC1VZC7BUZZNK
BULBGRABBER	BULBGRABBER	homedepot.com	HTTPS://WWW.HOMEDEPOT.COM/B/LIGHTING-LIGHT-BULBS-LIGHT-BULBS-CHANGERS/BULB-GRABBER/N-5YC1VZBMGTZPZQ
BULBGRABBER	BULBGRABBER	homedepot.com	HTTPS://WWW.HOMEDEPOT.COM/B/BULB-GRABBER/N-5YC1VZPZQ
BULBGRABBER	BULBGRABBER	homedepot.com	HTTPS://WWW.HOMEDEPOT.COM/B/LIGHTING-LIGHT-BULBS/BULB-GRABBER/N-5YC1VZBMBUZPZQ
BULBRITE	BULBRITE	homedepot.com	HTTPS://WWW.HOMEDEPOT.COM/B/LIGHTING-LIGHT-BULBS-LED-LIGHT-BULBS/BULBRITE/N-5YC1VZBM79ZG42
BULBRITE	BULBRITE	homedepot.com	HTTPS://WWW.HOMEDEPOT.COM/B/LIGHTING-LIGHT-BULBS/BULBRITE/N-5YC1VZBMBUZG42
BULLARD	BULLARD	homedepot.com	HTTPS://WWW.HOMEDEPOT.COM/B/BULLARD/SAME-DAY-DELIVERY/N-5YC1VZGC4Z1Z175CQ
BULLARD	BULLARD	homedepot.com	HTTPS://WWW.HOMEDEPOT.COM/B/HIGHLY-RATED/BULLARD/N-5YC1VZGC4ZBWO5O
BULLETINBOARD	BULLETINBOARD	homedepot.com	HTTPS://WWW.HOMEDEPOT.COM/B/HOME-DECOR-WALL-DECOR-MEMO-BOARDS/BULLETIN-BOARD/N-5YC1VZBBZSZ1Z183MO
BULLETPROOFHITCHES	BULLETPROOFHITCHES	homedepot.com	HTTPS://WWW.HOMEDEPOT.COM/B/BULLETPROOF-HITCHES/N-5YC1VZUMH
BULLETPROOFHITCHES	BULLETPROOFHITCHES	homedepot.com	HTTPS://WWW.HOMEDEPOT.COM/B/GARAGE-AUTOMOTIVE-TOWING-EQUIPMENT/BULLETPROOF-HITCHES/N-5YC1VZC8N0ZUMH
BULLETTOOLS	BULLETTOOLS	homedepot.com	HTTPS://WWW.HOMEDEPOT.COM/B/BULLET-TOOLS/N-5YC1VZD5X
BULLETTOOLS	BULLETTOOLS	homedepot.com	HTTPS://WWW.HOMEDEPOT.COM/B/BUILDING-MATERIALS-SIDING-SIDING-TOOLS/BULLET-TOOLS/N-5YC1VZAQ1TZD5X
BULLETTOOLS	BULLETTOOLS	homedepot.com	HTTPS://WWW.HOMEDEPOT.COM/B/BUILDING-MATERIALS/BULLET-TOOLS/N-5YC1VZAQNSZD5X
BULLOUTDOORPRODUCTS	BULLOUTDOORPRODUCTS	homedepot.com	HTTPS://WWW.HOMEDEPOT.COM/B/BULL-OUTDOOR-PRODUCTS/N-5YC1VZ3I7
BULLYTOOLS	BULLYTOOLS	homedepot.com	HTTPS://WWW.HOMEDEPOT.COM/B/OUTDOORS-GARDEN-CENTER-GARDEN-TOOLS-DIGGING-TOOLS-SHOVELS/BULLY-TOOLS/N-5YC1VZC5RRZ79N
BUMFLOAT	BUMFLOAT	homedepot.com	HTTPS://WWW.HOMEDEPOT.COM/B/BUMFLOAT/N-5YC1VZMRN
BUNGALOWFLOORING	BUNGALOWFLOORING	homedepot.com	HTTPS://WWW.HOMEDEPOT.COM/B/FLOORING-RUGS-MATS-DOOR-MATS/BUNGALOW-FLOORING/N-5YC1VZBNB0Z762
BUNGALOWFLOORING	BUNGALOWFLOORING	homedepot.com	HTTPS://WWW.HOMEDEPOT.COM/B/FLOORING/BUNGALOW-FLOORING/N-5YC1VZAQ7RZ762
BUNGALOWFLOORING	BUNGALOWFLOORING	homedepot.com	HTTPS://WWW.HOMEDEPOT.COM/B/BUNGALOW-FLOORING/N-5YC1VZ762
BUNGALOWFLOORING	BUNGALOWFLOORING	homedepot.com	HTTPS://WWW.HOMEDEPOT.COM/B/FLOORING-RUGS/BUNGALOW-FLOORING/N-5YC1VZARFMZ762
BUNKBEDS	BUNKBEDS	homedepot.com	HTTPS://WWW.HOMEDEPOT.COM/B/BABY-KIDS-KIDS-HOME-KIDS-FURNITURE-KIDS-BEDROOM-FURNITURE-BUNK-BEDS/N-5YC1VZCIJJ
BUNN	BUNN	homedepot.com	HTTPS://WWW.HOMEDEPOT.COM/B/APPLIANCES-SMALL-KITCHEN-APPLIANCES-COFFEE-MAKERS/BUNN/N-5YC1VZBV4WZ28K
BUOYBEACH	BUOYBEACH	homedepot.com	HTTPS://WWW.HOMEDEPOT.COM/B/OUTDOORS-PATIO-FURNITURE-PATIO-UMBRELLAS-MARKET-UMBRELLAS/BUOY-BEACH/N-5YC1VZCCGUZE22
BUOYBEACH	BUOYBEACH	homedepot.com	HTTPS://WWW.HOMEDEPOT.COM/B/OUTDOORS-PATIO-FURNITURE-PATIO-UMBRELLAS/BUOY-BEACH/N-5YC1VZCCGWZE22
BURCAMPUMPS	BURCAMPUMPS	homedepot.com	HTTPS://WWW.HOMEDEPOT.COM/B/BUR-CAM-PUMPS/N-5YC1VZ9M3
BURGONBALL	BURGONBALL	homedepot.com	HTTPS://WWW.HOMEDEPOT.COM/B/OUTDOORS-GARDEN-CENTER-GARDEN-TOOLS-GARDENING-TOOLS/BURGON-BALL/N-5YC1VZC5QQZSNP
BURNDY	BURNDY	homedepot.com	HTTPS://WWW.HOMEDEPOT.COM/B/BURNDY/N-5YC1VZ8R1
BURNDY	BURNDY	homedepot.com	HTTPS://WWW.HOMEDEPOT.COM/B/ELECTRICAL-ELECTRICAL-TOOLS-WIRE-CONDUIT-TOOLS-WIRE-CONNECTORS-WIRE-TERMINALS/BURNDY/N-5YC1VZBMCOZ8R1
BURNDY	BURNDY	homedepot.com	HTTPS://WWW.HOMEDEPOT.COM/B/ELECTRICAL/BURNDY/N-5YC1VZARCDZ8R1
BURPEE	BURPEE	homedepot.com	HTTPS://WWW.HOMEDEPOT.COM/B/OUTDOORS-GARDEN-CENTER-PLANT-SEEDS/BURPEE/N-5YC1VZC8QLZAR
BURPEE	BURPEE	homedepot.com	HTTPS://WWW.HOMEDEPOT.COM/B/OUTDOORS-GARDEN-CENTER/BURPEE/N-5YC1VZBX6KZAR
BURPEE	BURPEE	homedepot.com	HTTPS://WWW.HOMEDEPOT.COM/B/BURPEE/N-5YC1VZAR
BURROBRAND	BURROBRAND	homedepot.com	HTTPS://WWW.HOMEDEPOT.COM/B/BURRO-BRAND/N-5YC1VZ3O0
BURROBRAND	BURROBRAND	homedepot.com	HTTPS://WWW.HOMEDEPOT.COM/B/GARAGE-TOOL-STORAGE-SAW-HORSES/BURRO-BRAND/N-5YC1VZC708Z3O0
BURROBRAND	BURROBRAND	homedepot.com	HTTPS://WWW.HOMEDEPOT.COM/B/GARAGE-TOOL-STORAGE-SAW-HORSES/BURRO-BRAND/WOOD/N-5YC1VZC708Z3O0Z1Z0VIR2
BURROBRAND	BURROBRAND	homedepot.com	HTTPS://WWW.HOMEDEPOT.COM/B/TOOLS-TOOL-STORAGE/BURRO-BRAND/N-5YC1VZC22EZ3O0
BURSTPROTECT	BURSTPROTECT	homedepot.com	HTTPS://WWW.HOMEDEPOT.COM/B/PLUMBING-PLUMBING-PARTS-SUPPLY-LINES/BURST-PROTECT/N-5YC1VZBQJNZFYY
BURSTPROTECT	BURSTPROTECT	homedepot.com	HTTPS://WWW.HOMEDEPOT.COM/B/PLUMBING/BURST-PROTECT/N-5YC1VZBQEWZFYY
BURSTPROTECT	BURSTPROTECT	homedepot.com	HTTPS://WWW.HOMEDEPOT.COM/B/PLUMBING-PLUMBING-PARTS-REPAIR-SHUT-OFF-VALVES-SUPPLY-LINES/BURST-PROTECT/N-5YC1VZBQKIZFYY
BUSHBUSINESSFURNITURE	BUSHBUSINESSFURNITURE	homedepot.com	HTTPS://WWW.HOMEDEPOT.COM/B/FURNITURE-HOME-OFFICE-FURNITURE/BUSH-BUSINESS-FURNITURE/N-5YC1VZC7NPZYQI
BUSHFURNITURE	BUSHFURNITURE	homedepot.com	HTTPS://WWW.HOMEDEPOT.COM/B/FURNITURE-HOME-OFFICE-FURNITURE/BUSH-FURNITURE/N-5YC1VZC7NPZV3E
BUSHFURNITURE	BUSHFURNITURE	homedepot.com	HTTPS://WWW.HOMEDEPOT.COM/B/BUSH-FURNITURE/N-5YC1VZV3E
BUSHING	BUSHING	homedepot.com	HTTPS://WWW.HOMEDEPOT.COM/B/BUSHING/N-5YC1VZ1Z114X9
BUSHING	BUSHING	homedepot.com	HTTPS://WWW.HOMEDEPOT.COM/B/PLUMBING-PIPE-FITTINGS-FITTINGS/BUSHING/N-5YC1VZ1Z18I3TZ1Z114X9
BUSHTECADVENTURE	BUSHTECADVENTURE	homedepot.com	HTTPS://WWW.HOMEDEPOT.COM/B/BUSHTEC-ADVENTURE/N-5YC1VZQJ8
BUSHTECADVENTURE	BUSHTECADVENTURE	homedepot.com	HTTPS://WWW.HOMEDEPOT.COM/B/SPORTS-OUTDOORS-CAMPING-GEAR/BUSHTEC-ADVENTURE/N-5YC1VZC452ZQJ8
BUSSMANN	BUSSMANN	homedepot.com	HTTPS://WWW.HOMEDEPOT.COM/B/GARAGE-AUTOMOTIVE-RV-SUPPLIES/BUSSMANN/N-5YC1VZCLREZ9H6
BUSSMANN	BUSSMANN	homedepot.com	HTTPS://WWW.HOMEDEPOT.COM/B/BUSSMANN/N-5YC1VZ9H6
BUTLERSPECIALTYCOMPANY	BUTLERSPECIALTYCOMPANY	homedepot.com	HTTPS://WWW.HOMEDEPOT.COM/B/FURNITURE/BUTLER-SPECIALTY-COMPANY/N-5YC1VZC7PCZHI0
BUTLERSPECIALTYCOMPANY	BUTLERSPECIALTYCOMPANY	homedepot.com	HTTPS://WWW.HOMEDEPOT.COM/B/BUTLER-SPECIALTY-COMPANY/N-5YC1VZHI0
BUTLERSPECIALTYCOMPANY	BUTLERSPECIALTYCOMPANY	homedepot.com	HTTPS://WWW.HOMEDEPOT.COM/B/FURNITURE-BEDROOM-FURNITURE/BUTLER-SPECIALTY-COMPANY/N-5YC1VZC7PEZHI0
BUTLERSPECIALTYCOMPANY	BUTLERSPECIALTYCOMPANY	homedepot.com	HTTPS://WWW.HOMEDEPOT.COM/B/FURNITURE-KITCHEN-DINING-ROOM-FURNITURE-KITCHEN-DINING-TABLES/BUTLER-SPECIALTY-COMPANY/N-5YC1VZC7NYZHI0
BUTLERSPECIALTYCOMPANY	BUTLERSPECIALTYCOMPANY	homedepot.com	HTTPS://WWW.HOMEDEPOT.COM/B/FURNITURE-HOME-OFFICE-FURNITURE/BUTLER-SPECIALTY-COMPANY/N-5YC1VZC7NPZHI0
BUYDECORATIVEFILM	BUYDECORATIVEFILM	homedepot.com	HTTPS://WWW.HOMEDEPOT.COM/B/WINDOW-TREATMENTS-WINDOW-FILM/BUYDECORATIVEFILM/N-5YC1VZARC3ZMIM
BUYDEEM	BUYDEEM	homedepot.com	HTTPS://WWW.HOMEDEPOT.COM/B/BUYDEEM/N-5YC1VZP1X
BUYERSPRODUCTS	BUYERSPRODUCTS	homedepot.com	HTTPS://WWW.HOMEDEPOT.COM/B/BUYERS-PRODUCTS/N-5YC1VZZX6
BUYERSPRODUCTSCOMPANY	BUYERSPRODUCTSCOMPANY	homedepot.com	HTTPS://WWW.HOMEDEPOT.COM/B/BUYERS-PRODUCTS-COMPANY/N-5YC1VZCEZ
BWE	BWE	homedepot.com	HTTPS://WWW.HOMEDEPOT.COM/B/BWE/N-5YC1VZS42
BWE	BWE	homedepot.com	HTTPS://WWW.HOMEDEPOT.COM/B/BATH-BATHROOM-FAUCETS/BWE/N-5YC1VZBREOZS42
BYEROFMAINE	BYEROFMAINE	homedepot.com	HTTPS://WWW.HOMEDEPOT.COM/B/OUTDOORS-PATIO-FURNITURE-HAMMOCKS-FABRIC-HAMMOCKS/BYER-OF-MAINE/N-5YC1VZCFIHZGXI
BYPASS	BYPASS	homedepot.com	HTTPS://WWW.HOMEDEPOT.COM/B/DOORS-WINDOWS-INTERIOR-DOORS-CLOSET-DOORS-SLIDING-DOORS/BYPASS/N-5YC1VZC5IQZ1Z0V0HW
C32	C32	homedepot.com	HTTPS://WWW.HOMEDEPOT.COM/B/LIGHTING-LIGHT-BULBS/C32/N-5YC1VZBMBUZ1Z1NCBM
C32	C32	homedepot.com	HTTPS://WWW.HOMEDEPOT.COM/B/LIGHTING-LIGHT-BULBS-LED-LIGHT-BULBS/C32/N-5YC1VZBM79Z1Z1NCBM
CABANACLASSIC	CABANACLASSIC	homedepot.com	HTTPS://WWW.HOMEDEPOT.COM/B/OUTDOORS-PATIO-FURNITURE-OUTDOOR-CUSHIONS/CABANA-CLASSIC/N-5YC1VZC5F3Z1Z17NBU
CABIDOR	CABIDOR	homedepot.com	HTTPS://WWW.HOMEDEPOT.COM/B/KITCHEN-KITCHEN-STORAGE-ORGANIZATION/CABIDOR/N-5YC1VZAPU6ZDK0
CABINETIZER	CABINETIZER	homedepot.com	HTTPS://WWW.HOMEDEPOT.COM/B/CABINETIZER/N-5YC1VZPJC
CABINETIZER	CABINETIZER	homedepot.com	HTTPS://WWW.HOMEDEPOT.COM/B/BUILDING-MATERIALS-MATERIAL-HANDLING-EQUIPMENT-LIFTING-EQUIPMENT/CABINETIZER/N-5YC1VZCA3NZPJC
CABINETWORKSGROUP	CABINETWORKSGROUP	homedepot.com	HTTPS://WWW.HOMEDEPOT.COM/B/KITCHEN-KITCHEN-CABINETS/CABINETWORKS-GROUP/N-5YC1VZAS87ZT29
CABINETWORKSGROUP	CABINETWORKSGROUP	homedepot.com	HTTPS://WWW.HOMEDEPOT.COM/B/KITCHEN-KITCHEN-CABINETS-IN-STOCK-KITCHEN-CABINETS-ASSEMBLED-KITCHEN-CABINETS/CABINETWORKS-GROUP/N-5YC1VZ2FKOWUPZT29
CABINETWORKSGROUP	CABINETWORKSGROUP	homedepot.com	HTTPS://WWW.HOMEDEPOT.COM/B/KITCHEN-KITCHEN-CABINETS-IN-STOCK-KITCHEN-CABINETS/CABINETWORKS-GROUP/N-5YC1VZCHBPZT29
CABINETWORKSGROUP	CABINETWORKSGROUP	homedepot.com	HTTPS://WWW.HOMEDEPOT.COM/B/CABINETWORKS-GROUP/WALL/N-5YC1VZT29Z1Z115OG
CABLESUNLIMITED	CABLESUNLIMITED	homedepot.com	HTTPS://WWW.HOMEDEPOT.COM/B/CABLES-UNLIMITED/N-5YC1VZ3SS
CABOT	CABOT	homedepot.com	HTTPS://WWW.HOMEDEPOT.COM/B/PAINT-EXTERIOR-WOOD-COATINGS-EXTERIOR-WOOD-STAINS/CABOT/N-5YC1VZBBBMZF0P
CACIMALL	CACIMALL	homedepot.com	HTTPS://WWW.HOMEDEPOT.COM/B/CACI-MALL/N-5YC1VZZKU
CACIMALL	CACIMALL	homedepot.com	HTTPS://WWW.HOMEDEPOT.COM/B/LIGHTING-CEILING-FANS/CACI-MALL/N-5YC1VZBVLQZZKU
CACIMALL	CACIMALL	homedepot.com	HTTPS://WWW.HOMEDEPOT.COM/B/CACI-MALL/WI-FI/N-5YC1VZZKUZ1Z0KB2S
CACIMALL	CACIMALL	homedepot.com	HTTPS://WWW.HOMEDEPOT.COM/B/LIGHTING-CEILING-FANS-CEILING-FANS-WITH-LIGHTS/CACI-MALL/N-5YC1VZCJNUZZKU
CACIMALL	CACIMALL	homedepot.com	HTTPS://WWW.HOMEDEPOT.COM/B/LIGHTING-CEILING-FANS-CEILING-FANS-WITHOUT-LIGHTS/CACI-MALL/N-5YC1VZCJNVZZKU
CACTUS	CACTUS	homedepot.com	HTTPS://WWW.HOMEDEPOT.COM/B/OUTDOORS-GARDEN-CENTER-SUCCULENTS/CACTUS/N-5YC1VZC8S2Z1Z1BQF8
CADAC	CADAC	homedepot.com	HTTPS://WWW.HOMEDEPOT.COM/B/OUTDOORS-OUTDOOR-COOKING-GRILLS/CADAC/N-5YC1VZBXAZZDPQ
CADET	CADET	homedepot.com	HTTPS://WWW.HOMEDEPOT.COM/B/HEATING-VENTING-COOLING-HEATERS-WALL-HEATERS/CADET/N-5YC1VZC4K3ZBD
CADET	CADET	homedepot.com	HTTPS://WWW.HOMEDEPOT.COM/B/CADET/N-5YC1VZBD
CADETMANUFACTURING	CADETMANUFACTURING	homedepot.com	HTTPS://WWW.HOMEDEPOT.COM/B/HEATING-VENTING-COOLING-HEATERS-WALL-HEATERS-ELECTRIC-WALL-HEATERS/CADET-MANUFACTURING/N-5YC1VZC7DUZKYS
CADETMANUFACTURING	CADETMANUFACTURING	homedepot.com	HTTPS://WWW.HOMEDEPOT.COM/B/HEATING-VENTING-COOLING-HEATERS-WALL-HEATERS/CADET-MANUFACTURING/N-5YC1VZC4K3ZKYS
CAFRAMO	CAFRAMO	homedepot.com	HTTPS://WWW.HOMEDEPOT.COM/B/HEATING-VENTING-COOLING-HEATERS-SPACE-HEATERS/CAFRAMO/N-5YC1VZC4LHZ7I3
CAFRAMO	CAFRAMO	homedepot.com	HTTPS://WWW.HOMEDEPOT.COM/B/HEATING-VENTING-COOLING-FANS/CAFRAMO/N-5YC1VZC4LWZ7I3
CAHABA	CAHABA	homedepot.com	HTTPS://WWW.HOMEDEPOT.COM/B/CAHABA/N-5YC1VZ88D
CAHABA	CAHABA	homedepot.com	HTTPS://WWW.HOMEDEPOT.COM/B/KITCHEN-KITCHEN-FAUCETS/CAHABA/N-5YC1VZAR0KZ88D
CALACATTA	CALACATTA	homedepot.com	HTTPS://WWW.HOMEDEPOT.COM/B/FLOORING-TILE-PORCELAIN-TILE/CALACATTA/N-5YC1VZB97MZ1Z0O2KQ
CALACATTANOWY	CALACATTANOWY	homedepot.com	HTTPS://WWW.HOMEDEPOT.COM/B/BATH-BATHROOM-VANITIES-BATHROOM-VANITY-BACKSPLASHES/CALACATTA-NOWY/N-5YC1VZCFW4Z1Z1PGN0
CALCEANRENEWABLEBIOGENIC	CALCEANRENEWABLEBIOGENIC	homedepot.com	HTTPS://WWW.HOMEDEPOT.COM/B/CALCEAN-RENEWABLE-BIOGENIC/N-5YC1VZY32
CALCEANRENEWABLEBIOGENIC	CALCEANRENEWABLEBIOGENIC	homedepot.com	HTTPS://WWW.HOMEDEPOT.COM/B/OUTDOORS-GARDEN-CENTER-COMPOSTERS/CALCEAN-RENEWABLE-BIOGENIC/N-5YC1VZ2FKPB5QZY32
CALCEANRENEWABLEBIOGENIC	CALCEANRENEWABLEBIOGENIC	homedepot.com	HTTPS://WWW.HOMEDEPOT.COM/B/OUTDOORS-GARDEN-CENTER-LANDSCAPING-SUPPLIES-SAND/CALCEAN-RENEWABLE-BIOGENIC/N-5YC1VZ2FKP8FVZY32
CALCEANRENEWABLEBIOGENIC	CALCEANRENEWABLEBIOGENIC	homedepot.com	HTTPS://WWW.HOMEDEPOT.COM/B/OUTDOORS-GARDEN-CENTER-ORGANIC-GARDENING/CALCEAN-RENEWABLE-BIOGENIC/N-5YC1VZ1Z18GPNZY32
CALCEANRENEWABLEBIOGENIC	CALCEANRENEWABLEBIOGENIC	homedepot.com	HTTPS://WWW.HOMEDEPOT.COM/B/OUTDOORS-GARDEN-CENTER-LANDSCAPING-SUPPLIES-SOILS-SOIL-AMENDMENTS/CALCEAN-RENEWABLE-BIOGENIC/N-5YC1VZBX7HZY32
CALCULATEDINDUSTRIES	CALCULATEDINDUSTRIES	homedepot.com	HTTPS://WWW.HOMEDEPOT.COM/B/CALCULATED-INDUSTRIES/N-5YC1VZ2DN
CALDREA	CALDREA	homedepot.com	HTTPS://WWW.HOMEDEPOT.COM/B/CALDREA/N-5YC1VZUN4
CALDREA	CALDREA	homedepot.com	HTTPS://WWW.HOMEDEPOT.COM/B/CLEANING-CLEANING-PRODUCTS-ROOM-FRESHENERS-AIR-FRESHENERS/CALDREA/N-5YC1VZCB2JZUN4
CALEFORT	CALEFORT	homedepot.com	HTTPS://WWW.HOMEDEPOT.COM/B/CALEFORT/N-5YC1VZY4E
CALEFORT	CALEFORT	homedepot.com	HTTPS://WWW.HOMEDEPOT.COM/B/APPLIANCES-BEVERAGE-COOLERS/CALEFORT/N-5YC1VZC3O4ZY4E
CALFLAME	CALFLAME	homedepot.com	HTTPS://WWW.HOMEDEPOT.COM/B/OUTDOORS-OUTDOOR-COOKING-OUTDOOR-KITCHENS-BUILT-IN-GRILLS/CAL-FLAME/N-5YC1VZC6T8Z8UE
CALFLAME	CALFLAME	homedepot.com	HTTPS://WWW.HOMEDEPOT.COM/B/CAL-FLAME/N-5YC1VZ8UE
CALFLAME	CALFLAME	homedepot.com	HTTPS://WWW.HOMEDEPOT.COM/B/OUTDOORS-OUTDOOR-COOKING-OUTDOOR-KITCHENS-GRILL-ISLANDS/CAL-FLAME/N-5YC1VZC6SWZ8UE
CALFLOR	CALFLOR	homedepot.com	HTTPS://WWW.HOMEDEPOT.COM/B/CALFLOR/N-5YC1VZHTO
CALFLOR	CALFLOR	homedepot.com	HTTPS://WWW.HOMEDEPOT.COM/B/FLOORING-FLOORING-SUPPLIES/CALFLOR/N-5YC1VZCDU0ZHTO
CALFLOR	CALFLOR	homedepot.com	HTTPS://WWW.HOMEDEPOT.COM/B/FLOORING-FLOORING-SUPPLIES-FLOOR-PROTECTION-MATERIALS/CALFLOR/N-5YC1VZCDUSZHTO
CALHOME	CALHOME	homedepot.com	HTTPS://WWW.HOMEDEPOT.COM/B/CALHOME/N-5YC1VZGKP
CALHOME	CALHOME	homedepot.com	HTTPS://WWW.HOMEDEPOT.COM/B/DOORS-WINDOWS-INTERIOR-DOORS-BARN-DOORS/CALHOME/N-5YC1VZCAZIZGKP
CALHOME	CALHOME	homedepot.com	HTTPS://WWW.HOMEDEPOT.COM/B/DOORS-WINDOWS-INTERIOR-DOORS/CALHOME/N-5YC1VZC5IOZGKP
CALHOME	CALHOME	homedepot.com	HTTPS://WWW.HOMEDEPOT.COM/B/HARDWARE/CALHOME/N-5YC1VZC21MZGKP
CALHOME	CALHOME	homedepot.com	HTTPS://WWW.HOMEDEPOT.COM/B/STORAGE-ORGANIZATION-OUTDOOR-STORAGE/CALHOME/N-5YC1VZBU96ZGKP
CALHOME	CALHOME	homedepot.com	HTTPS://WWW.HOMEDEPOT.COM/B/DOORS-WINDOWS-INTERIOR-DOORS-SLAB-DOORS/CALHOME/N-5YC1VZC5IEZGKP
CALHOME	CALHOME	homedepot.com	HTTPS://WWW.HOMEDEPOT.COM/B/DOORS-WINDOWS-EXTERIOR-DOORS/CALHOME/N-5YC1VZAS82ZGKP
CALHOME	CALHOME	homedepot.com	HTTPS://WWW.HOMEDEPOT.COM/B/LUMBER-COMPOSITES-BOARDS-PLANKS/CALHOME/N-5YC1VZ1Z18H41ZGKP
CALHOME	CALHOME	homedepot.com	HTTPS://WWW.HOMEDEPOT.COM/B/DOORS-WINDOWS-INTERIOR-DOORS-CLOSET-DOORS-SLIDING-DOORS/CALHOME/N-5YC1VZC5IQZGKP
CALHOME	CALHOME	homedepot.com	HTTPS://WWW.HOMEDEPOT.COM/B/DOORS-WINDOWS/CALHOME/N-5YC1VZAQIHZGKP
CALHOME	CALHOME	homedepot.com	HTTPS://WWW.HOMEDEPOT.COM/B/CALHOME/STEEL/N-5YC1VZGKPZ1Z116EQ
CALIBAMBOO	CALIBAMBOO	homedepot.com	HTTPS://WWW.HOMEDEPOT.COM/B/FLOORING-HARDWOOD-FLOORING/CALI-BAMBOO/N-5YC1VZAQ8XZR08
CALIBAMBOO	CALIBAMBOO	homedepot.com	HTTPS://WWW.HOMEDEPOT.COM/B/FLOORING-HARDWOOD-FLOORING-BAMBOO-FLOORING/CALI-BAMBOO/N-5YC1VZBRFEZR08
CALIBAMBOO	CALIBAMBOO	homedepot.com	HTTPS://WWW.HOMEDEPOT.COM/B/FLOORING/CALI-BAMBOO/N-5YC1VZAQ7RZR08
CALICODESIGNS	CALICODESIGNS	homedepot.com	HTTPS://WWW.HOMEDEPOT.COM/B/CALICO-DESIGNS/N-5YC1VZMMB
CALICODESIGNS	CALICODESIGNS	homedepot.com	HTTPS://WWW.HOMEDEPOT.COM/B/FURNITURE-HOME-OFFICE-FURNITURE/CALICO-DESIGNS/N-5YC1VZC7NPZMMB
CALICODESIGNS	CALICODESIGNS	homedepot.com	HTTPS://WWW.HOMEDEPOT.COM/B/FURNITURE-HOME-OFFICE-FURNITURE-DESKS/CALICO-DESIGNS/N-5YC1VZC7OGZMMB
CALICODESIGNS	CALICODESIGNS	homedepot.com	HTTPS://WWW.HOMEDEPOT.COM/B/STORAGE-ORGANIZATION-OFFICE-SUPPLIES-BOARDS-EASELS/CALICO-DESIGNS/N-5YC1VZCBKZZMMB
CALICODESIGNS	CALICODESIGNS	homedepot.com	HTTPS://WWW.HOMEDEPOT.COM/B/FURNITURE/CALICO-DESIGNS/N-5YC1VZC7PCZMMBZBWO51
CALICODESIGNS	CALICODESIGNS	homedepot.com	HTTPS://WWW.HOMEDEPOT.COM/B/FURNITURE/CALICO-DESIGNS/N-5YC1VZC7PCZMMB
CALIFORNIAAIRTOOLS	CALIFORNIAAIRTOOLS	homedepot.com	HTTPS://WWW.HOMEDEPOT.COM/B/TOOLS-AIR-COMPRESSOR-TOOLS/CALIFORNIA-AIR-TOOLS/N-5YC1VZC2FHZ8TE
CALIFORNIASCENTS	CALIFORNIASCENTS	homedepot.com	HTTPS://WWW.HOMEDEPOT.COM/B/CALIFORNIA-SCENTS/N-5YC1VZFWU
CALIFORNIAUMBRELLA	CALIFORNIAUMBRELLA	homedepot.com	HTTPS://WWW.HOMEDEPOT.COM/B/OUTDOORS-PATIO-FURNITURE-PATIO-UMBRELLAS-MARKET-UMBRELLAS/CALIFORNIA-UMBRELLA/N-5YC1VZCCGUZCZJ
CALIFORNIAUMBRELLA	CALIFORNIAUMBRELLA	homedepot.com	HTTPS://WWW.HOMEDEPOT.COM/B/CALIFORNIA-UMBRELLA/N-5YC1VZCZJ
CALIFORNIAUMBRELLA	CALIFORNIAUMBRELLA	homedepot.com	HTTPS://WWW.HOMEDEPOT.COM/B/OUTDOORS-PATIO-FURNITURE-PATIO-UMBRELLAS/CALIFORNIA-UMBRELLA/N-5YC1VZCCGWZCZJ
CALLALILY	CALLALILY	homedepot.com	HTTPS://WWW.HOMEDEPOT.COM/B/OUTDOORS-GARDEN-CENTER-OUTDOOR-PLANTS/CALLA-LILY/N-5YC1VZC8RGZ1Z1BQBH
CALLIGHTING	CALLIGHTING	homedepot.com	HTTPS://WWW.HOMEDEPOT.COM/B/CAL-LIGHTING/N-5YC1VZ9NN
CALLIGHTING	CALLIGHTING	homedepot.com	HTTPS://WWW.HOMEDEPOT.COM/B/LIGHTING-LAMPS/CAL-LIGHTING/N-5YC1VZC7PDZ9NN
CALLIGHTING	CALLIGHTING	homedepot.com	HTTPS://WWW.HOMEDEPOT.COM/B/LIGHTING-LAMPS-LAMP-SHADES/CAL-LIGHTING/N-5YC1VZC7OVZ9NN
CALLIGHTING	CALLIGHTING	homedepot.com	HTTPS://WWW.HOMEDEPOT.COM/B/LIGHTING/CAL-LIGHTING/N-5YC1VZBVN5Z1Z0QOXD
CALLOWAYMILLS	CALLOWAYMILLS	homedepot.com	HTTPS://WWW.HOMEDEPOT.COM/B/CALLOWAY-MILLS/N-5YC1VZRHJ
CALLOWAYMILLS	CALLOWAYMILLS	homedepot.com	HTTPS://WWW.HOMEDEPOT.COM/B/FLOORING-RUGS-MATS-DOOR-MATS/CALLOWAY-MILLS/N-5YC1VZBNB0ZRHJ
CALLOWAYMILLS	CALLOWAYMILLS	homedepot.com	HTTPS://WWW.HOMEDEPOT.COM/B/FLOORING/CALLOWAY-MILLS/N-5YC1VZAQ7RZRHJ
CALMETRO	CALMETRO	homedepot.com	HTTPS://WWW.HOMEDEPOT.COM/B/CAL-METRO/N-5YC1VZDOU
CALMETRO	CALMETRO	homedepot.com	HTTPS://WWW.HOMEDEPOT.COM/B/OUTDOORS-HOME-SPAS-HOT-TUB-ACCESSORIES/CAL-METRO/N-5YC1VZCFYXZDOU
CALMETRO	CALMETRO	homedepot.com	HTTPS://WWW.HOMEDEPOT.COM/B/OUTDOORS-HOME-SPAS/CAL-METRO/N-5YC1VZCFYEZDOU
CALMETRO	CALMETRO	homedepot.com	HTTPS://WWW.HOMEDEPOT.COM/B/OUTDOORS-HOME-SPAS-HOT-TUB-ACCESSORIES-HOT-TUB-FURNITURE/CAL-METRO/N-5YC1VZ2FKOM6PZDOU
CALPHALON	CALPHALON	homedepot.com	HTTPS://WWW.HOMEDEPOT.COM/B/KITCHEN-KITCHENWARE-COOKWARE/CALPHALON/N-5YC1VZC7G9ZHCX
CALTERM	CALTERM	homedepot.com	HTTPS://WWW.HOMEDEPOT.COM/B/CALTERM/N-5YC1VZGID
CALTERM	CALTERM	homedepot.com	HTTPS://WWW.HOMEDEPOT.COM/B/ELECTRICAL/CALTERM/N-5YC1VZARCDZGID
CALTERM	CALTERM	homedepot.com	HTTPS://WWW.HOMEDEPOT.COM/B/ELECTRICAL-ELECTRICAL-TOOLS/CALTERM/N-5YC1VZBMC2ZGID
CALYPTUS	CALYPTUS	homedepot.com	HTTPS://WWW.HOMEDEPOT.COM/B/CLEANING-CLEANING-PRODUCTS/CALYPTUS/N-5YC1VZCB33ZTXZ
CAMAFLEXI	CAMAFLEXI	homedepot.com	HTTPS://WWW.HOMEDEPOT.COM/B/CAMAFLEXI/N-5YC1VZMB5
CAMAFLEXI	CAMAFLEXI	homedepot.com	HTTPS://WWW.HOMEDEPOT.COM/B/FURNITURE-BEDROOM-FURNITURE-BEDS/CAMAFLEXI/N-5YC1VZC7OHZMB5
CAMAFLEXI	CAMAFLEXI	homedepot.com	HTTPS://WWW.HOMEDEPOT.COM/B/FURNITURE-BEDROOM-FURNITURE/CAMAFLEXI/N-5YC1VZC7PEZMB5
CAMAFLEXI	CAMAFLEXI	homedepot.com	HTTPS://WWW.HOMEDEPOT.COM/B/FURNITURE/CAMAFLEXI/N-5YC1VZC7PCZMB5
CAMBRIA	CAMBRIA	homedepot.com	HTTPS://WWW.HOMEDEPOT.COM/B/KITCHEN-COUNTERTOPS-QUARTZ-COUNTERTOPS/CAMBRIA/N-5YC1VZ2FKOOAKZPZ6
CAMBRIA	CAMBRIA	homedepot.com	HTTPS://WWW.HOMEDEPOT.COM/B/KITCHEN-COUNTERTOPS/CAMBRIA/N-5YC1VZBMF2ZPZ6
CAMBRIDGECASUAL	CAMBRIDGECASUAL	homedepot.com	HTTPS://WWW.HOMEDEPOT.COM/B/OUTDOORS-PATIO-FURNITURE/CAMBRIDGE-CASUAL/N-5YC1VZBX4OZOD3
CAMBRIDGECASUAL	CAMBRIDGECASUAL	homedepot.com	HTTPS://WWW.HOMEDEPOT.COM/B/CAMBRIDGE-CASUAL/N-5YC1VZOD3
CAMBRIDGECASUAL	CAMBRIDGECASUAL	homedepot.com	HTTPS://WWW.HOMEDEPOT.COM/B/OUTDOORS-PATIO-FURNITURE-OUTDOOR-LOUNGE-FURNITURE-OUTDOOR-DAYBEDS/CAMBRIDGE-CASUAL/N-5YC1VZ1Z18G52ZOD3
CAMCO	CAMCO	homedepot.com	HTTPS://WWW.HOMEDEPOT.COM/B/CAMCO/N-5YC1VZ5M3
CAMCO	CAMCO	homedepot.com	HTTPS://WWW.HOMEDEPOT.COM/B/GARAGE-AUTOMOTIVE-RV-SUPPLIES-RV-ACCESSORIES/CAMCO/N-5YC1VZCLQWZ5M3
CAMDENISLE	CAMDENISLE	homedepot.com	HTTPS://WWW.HOMEDEPOT.COM/B/CAMDEN-ISLE/N-5YC1VZTB3
CAMDENISLE	CAMDENISLE	homedepot.com	HTTPS://WWW.HOMEDEPOT.COM/B/FURNITURE-BEDROOM-FURNITURE/CAMDEN-ISLE/N-5YC1VZC7PEZTB3
CAMDENISLE	CAMDENISLE	homedepot.com	HTTPS://WWW.HOMEDEPOT.COM/B/FURNITURE/CAMDEN-ISLE/N-5YC1VZC7PCZTB3
CAMDENISLE	CAMDENISLE	homedepot.com	HTTPS://WWW.HOMEDEPOT.COM/B/FURNITURE-BEDROOM-FURNITURE-BEDS/CAMDEN-ISLE/N-5YC1VZC7OHZTB3
CAMILLUS	CAMILLUS	homedepot.com	HTTPS://WWW.HOMEDEPOT.COM/B/TOOLS-HAND-TOOLS-KNIVES-BLADES-KNIVES-FOLDING-KNIVES/CAMILLUS/N-5YC1VZ1Z18GF4ZF1O
CAMILLUS	CAMILLUS	homedepot.com	HTTPS://WWW.HOMEDEPOT.COM/B/TOOLS-HAND-TOOLS-KNIVES-BLADES-KNIVES/CAMILLUS/N-5YC1VZC8FPZF1O
CAMILSON	CAMILSON	homedepot.com	HTTPS://WWW.HOMEDEPOT.COM/B/FLOORING-RUGS-OUTDOOR-RUGS/CAMILSON/N-5YC1VZCE9VZUBJ
CAMPBELLHAUSFELD	CAMPBELLHAUSFELD	homedepot.com	HTTPS://WWW.HOMEDEPOT.COM/B/TOOLS-AIR-COMPRESSOR-TOOLS/CAMPBELL-HAUSFELD/N-5YC1VZC2FHZBI
CAMPBELLHAUSFELD	CAMPBELLHAUSFELD	homedepot.com	HTTPS://WWW.HOMEDEPOT.COM/B/TOOLS-AIR-COMPRESSOR-TOOLS-AIR-COMPRESSOR-PARTS-ACCESSORIES/CAMPBELL-HAUSFELD/N-5YC1VZC9N8ZBI
CAMPBELLHAUSFELD	CAMPBELLHAUSFELD	homedepot.com	HTTPS://WWW.HOMEDEPOT.COM/B/CAMPBELL-HAUSFELD/N-5YC1VZBI
CAMPBELLHAUSFELD	CAMPBELLHAUSFELD	homedepot.com	HTTPS://WWW.HOMEDEPOT.COM/B/TOOLS-AIR-COMPRESSOR-TOOLS-AIR-COMPRESSORS/CAMPBELL-HAUSFELD/N-5YC1VZC27PZBI
CAMPCHEF	CAMPCHEF	homedepot.com	HTTPS://WWW.HOMEDEPOT.COM/B/OUTDOORS-OUTDOOR-COOKING-GRILLS/CAMP-CHEF/N-5YC1VZBXAZZAX6
CAMPCHEF	CAMPCHEF	homedepot.com	HTTPS://WWW.HOMEDEPOT.COM/B/CAMP-CHEF/N-5YC1VZAX6
CAMPGO	CAMPGO	homedepot.com	HTTPS://WWW.HOMEDEPOT.COM/B/SPORTS-OUTDOORS-CAMPING-GEAR-CAMPING-FURNITURE/CAMP%C2%A0-%C2%A0GO/N-5YC1VZC43GZZ7F
CAMPLUX	CAMPLUX	homedepot.com	HTTPS://WWW.HOMEDEPOT.COM/B/PLUMBING-WATER-HEATERS/CAMPLUX/N-5YC1VZBQLYZZEQ
CAMPLUXENJOYOUTDOORLIFE	CAMPLUXENJOYOUTDOORLIFE	homedepot.com	HTTPS://WWW.HOMEDEPOT.COM/B/PLUMBING-WATER-HEATERS-TANKLESS-WATER-HEATERS-TANKLESS-GAS-WATER-HEATERS/CAMPLUX-ENJOY-OUTDOOR-LIFE/N-5YC1VZC1U0ZPVG
CAMPLUXENJOYOUTDOORLIFE	CAMPLUXENJOYOUTDOORLIFE	homedepot.com	HTTPS://WWW.HOMEDEPOT.COM/B/CAMPLUX-ENJOY-OUTDOOR-LIFE/N-5YC1VZPVG
CAMPLUXENJOYOUTDOORLIFE	CAMPLUXENJOYOUTDOORLIFE	homedepot.com	HTTPS://WWW.HOMEDEPOT.COM/B/PLUMBING-WATER-HEATERS-TANKLESS-WATER-HEATERS/CAMPLUX-ENJOY-OUTDOOR-LIFE/N-5YC1VZ2FKOQERZPVG
CAMPLUXENJOYOUTDOORLIFE	CAMPLUXENJOYOUTDOORLIFE	homedepot.com	HTTPS://WWW.HOMEDEPOT.COM/B/OUTDOORS-OUTDOOR-COOKING-GRILLS-GAS-GRILLS/CAMPLUX-ENJOY-OUTDOOR-LIFE/N-5YC1VZC5T5ZPVG
CAMPLUXENJOYOUTDOORLIFE	CAMPLUXENJOYOUTDOORLIFE	homedepot.com	HTTPS://WWW.HOMEDEPOT.COM/B/PLUMBING-WATER-HEATERS-UNDER-SINK-WATER-HEATERS-UNDER-SINK-TANKLESS-WATER-HEATERS/CAMPLUX-ENJOY-OUTDOOR-LIFE/N-5YC1VZCKRDZPVG
CAMPLUXENJOYOUTDOORLIFE	CAMPLUXENJOYOUTDOORLIFE	homedepot.com	HTTPS://WWW.HOMEDEPOT.COM/B/PLUMBING-WATER-HEATERS-UNDER-SINK-WATER-HEATERS/CAMPLUX-ENJOY-OUTDOOR-LIFE/N-5YC1VZCKR6ZPVG
CAMPLUXENJOYOUTDOORLIFE	CAMPLUXENJOYOUTDOORLIFE	homedepot.com	HTTPS://WWW.HOMEDEPOT.COM/B/OUTDOORS-OUTDOOR-COOKING-GRILLS/CAMPLUX-ENJOY-OUTDOOR-LIFE/N-5YC1VZBXAZZPVG
CAMPLUXENJOYOUTDOORLIFE	CAMPLUXENJOYOUTDOORLIFE	homedepot.com	HTTPS://WWW.HOMEDEPOT.COM/B/OUTDOORS-OUTDOOR-HEATING-FIRE-PITS/CAMPLUX-ENJOY-OUTDOOR-LIFE/N-5YC1VZC6NAZPVG
CAMPZERO	CAMPZERO	homedepot.com	HTTPS://WWW.HOMEDEPOT.COM/B/SPORTS-OUTDOORS-TAILGATING-GEAR-COOLERS/CAMP-ZERO/N-5YC1VZCBWFZPGF
CANARM	CANARM	homedepot.com	HTTPS://WWW.HOMEDEPOT.COM/B/LIGHTING/CANARM/N-5YC1VZBVN5ZCU8
CANARM	CANARM	homedepot.com	HTTPS://WWW.HOMEDEPOT.COM/B/CANARM/N-5YC1VZCU8
CANARYPRODUCTS	CANARYPRODUCTS	homedepot.com	HTTPS://WWW.HOMEDEPOT.COM/B/CANARY-PRODUCTS/N-5YC1VZMAQ
CANCOOKER	CANCOOKER	homedepot.com	HTTPS://WWW.HOMEDEPOT.COM/B/OUTDOORS-OUTDOOR-COOKING/CANCOOKER/N-5YC1VZCFB7ZH1J
CANDELABRA	CANDELABRA	homedepot.com	HTTPS://WWW.HOMEDEPOT.COM/B/HOME-DECOR-CANDLE-HOLDERS/CANDELABRA/N-5YC1VZCF9QZ1Z1BOCO
CANDLEBYTHEHOUR	CANDLEBYTHEHOUR	homedepot.com	HTTPS://WWW.HOMEDEPOT.COM/B/CANDLE-BY-THE-HOUR/N-5YC1VZ3YY
CANDLEHOLDERS	CANDLEHOLDERS	homedepot.com	HTTPS://WWW.HOMEDEPOT.COM/B/HOME-DECOR-CANDLE-HOLDERS/N-5YC1VZCF9Q
CANDLEWARMERSETC	CANDLEWARMERSETC	homedepot.com	HTTPS://WWW.HOMEDEPOT.COM/B/CANDLE-WARMERS-ETC/N-5YC1VZGCM
CANEST	CANEST	homedepot.com	HTTPS://WWW.HOMEDEPOT.COM/B/BATH-TOILETS-BIDET-TOILETS/CANEST/N-5YC1VZBZACZZU7
CANEST	CANEST	homedepot.com	HTTPS://WWW.HOMEDEPOT.COM/B/SMART-HOME/CANEST/N-5YC1VZC1JWZZU7
CANFILTERGROUP	CANFILTERGROUP	homedepot.com	HTTPS://WWW.HOMEDEPOT.COM/B/BATH-BATHROOM-EXHAUST-FANS-BATH-FANS/CAN-FILTER-GROUP/N-5YC1VZC4KQZD7X
CANFILTERGROUP	CANFILTERGROUP	homedepot.com	HTTPS://WWW.HOMEDEPOT.COM/B/HEATING-VENTING-COOLING-HVAC-SUPPLIES-HVAC-REPLACEMENT-PARTS-HVAC-ACCESSORIES/CAN-FILTER-GROUP/N-5YC1VZC6HMZD7X
CANFILTERGROUP	CANFILTERGROUP	homedepot.com	HTTPS://WWW.HOMEDEPOT.COM/B/HEATING-VENTING-COOLING-HVAC-SUPPLIES-DUCTING-VENTING-DUCT-ACCESSORIES-DAMPERS/CAN-FILTER-GROUP/N-5YC1VZC5HOZD7X
CANFORD	CANFORD	homedepot.com	HTTPS://WWW.HOMEDEPOT.COM/B/FURNITURE-LIVING-ROOM-FURNITURE-COFFEE-TABLES/CANFORD/N-5YC1VZCF8ZZ1Z1CWT1
CANGLONG	CANGLONG	homedepot.com	HTTPS://WWW.HOMEDEPOT.COM/B/CANGLONG/N-5YC1VZY8D
CANGLONG	CANGLONG	homedepot.com	HTTPS://WWW.HOMEDEPOT.COM/B/FURNITURE-KITCHEN-DINING-ROOM-FURNITURE-DINING-CHAIRS/CANGLONG/N-5YC1VZC7P6ZY8F
CANOPIABYPALRAM	CANOPIABYPALRAM	homedepot.com	HTTPS://WWW.HOMEDEPOT.COM/B/CANOPIA-BY-PALRAM/N-5YC1VZU1I
CANPLAS	CANPLAS	homedepot.com	HTTPS://WWW.HOMEDEPOT.COM/B/PLUMBING/CANPLAS/N-5YC1VZBQEWZHHE
CANPLAS	CANPLAS	homedepot.com	HTTPS://WWW.HOMEDEPOT.COM/B/PLUMBING-PIPE-FITTINGS/CANPLAS/N-5YC1VZBQPFZHHE
CANPLAS	CANPLAS	homedepot.com	HTTPS://WWW.HOMEDEPOT.COM/B/PLUMBING-PLUMBING-PARTS/CANPLAS/N-5YC1VZBQKPZHHE
CANPLAS	CANPLAS	homedepot.com	HTTPS://WWW.HOMEDEPOT.COM/B/PLUMBING-DRAINAGE/CANPLAS/N-5YC1VZBV0ZZHHE
CANTEX	CANTEX	homedepot.com	HTTPS://WWW.HOMEDEPOT.COM/B/CANTEX/N-5YC1VZ591
CANTEX	CANTEX	homedepot.com	HTTPS://WWW.HOMEDEPOT.COM/B/ELECTRICAL-ELECTRICAL-BOXES-CONDUIT-FITTINGS/CANTEX/N-5YC1VZBM4MZ591
CANTEX	CANTEX	homedepot.com	HTTPS://WWW.HOMEDEPOT.COM/B/CANTEX/PICK-UP-TODAY/N-5YC1VZ591Z1Z175A5
CANTRIO	CANTRIO	homedepot.com	HTTPS://WWW.HOMEDEPOT.COM/B/KITCHEN-KITCHEN-SINKS/CANTRIO/N-5YC1VZARSAZDSL
CANTRIO	CANTRIO	homedepot.com	HTTPS://WWW.HOMEDEPOT.COM/B/CANTRIO/N-5YC1VZDSL
CANTRIO	CANTRIO	homedepot.com	HTTPS://WWW.HOMEDEPOT.COM/B/KITCHEN-KITCHEN-SINKS-DROP-IN-KITCHEN-SINKS/CANTRIO/1/N-5YC1VZCGK5ZDSLZ1Z0XAR4
CANWOOD	CANWOOD	homedepot.com	HTTPS://WWW.HOMEDEPOT.COM/B/FURNITURE-KIDS-FURNITURE/CANWOOD/N-5YC1VZC8RCZQBI
CANWOOD	CANWOOD	homedepot.com	HTTPS://WWW.HOMEDEPOT.COM/B/FURNITURE-KIDS-FURNITURE-KIDS-BEDROOM-FURNITURE-KIDS-BEDS/CANWOOD/N-5YC1VZCF89ZQBI
CANYONRIDGE	CANYONRIDGE	homedepot.com	HTTPS://WWW.HOMEDEPOT.COM/B/DOORS-WINDOWS-GARAGE-DOORS/CANYON-RIDGE/N-5YC1VZAR38Z1Z1DEY1
CAODOC	CAODOC	homedepot.com	HTTPS://WWW.HOMEDEPOT.COM/B/CAODOC/N-5YC1VZ107M
CAODOC	CAODOC	homedepot.com	HTTPS://WWW.HOMEDEPOT.COM/B/OUTDOORS-PATIO-FURNITURE/CAODOC/FADE-RESISTANT/N-5YC1VZBX4OZ107MZ1Z1T4SX
CAODOC	CAODOC	homedepot.com	HTTPS://WWW.HOMEDEPOT.COM/B/OUTDOORS-PATIO-FURNITURE-OUTDOOR-LOUNGE-FURNITURE-PATIO-CONVERSATION-SETS/CAODOC/N-5YC1VZBX97Z107M
CAPATREAD	CAPATREAD	homedepot.com	HTTPS://WWW.HOMEDEPOT.COM/B/FLOORING-LAMINATE-FLOORING/CAP-A-TREAD/N-5YC1VZARE1ZBZ7
CAPATREAD	CAPATREAD	homedepot.com	HTTPS://WWW.HOMEDEPOT.COM/B/CAP-A-TREAD/N-5YC1VZBZ7
CAPATREAD	CAPATREAD	homedepot.com	HTTPS://WWW.HOMEDEPOT.COM/B/FLOORING-LAMINATE-FLOORING-LAMINATE-STAIR-TREADS/CAP-A-TREAD/N-5YC1VZC6TSZBZ7
CAPATREAD	CAPATREAD	homedepot.com	HTTPS://WWW.HOMEDEPOT.COM/B/FLOORING-VINYL-FLOORING-VINYL-STAIR-TREADS/CAP-A-TREAD/N-5YC1VZC6TRZBZ7
CAPATREAD	CAPATREAD	homedepot.com	HTTPS://WWW.HOMEDEPOT.COM/B/FLOORING-VINYL-FLOORING/CAP-A-TREAD/N-5YC1VZAPWRZBZ7
CAPBARBELL	CAPBARBELL	homedepot.com	HTTPS://WWW.HOMEDEPOT.COM/B/CAP-BARBELL/N-5YC1VZNLJ
CAPECRAFTSMAN	CAPECRAFTSMAN	homedepot.com	HTTPS://WWW.HOMEDEPOT.COM/B/OUTDOORS-PATIO-FURNITURE/CAPE-CRAFTSMAN/N-5YC1VZBX4OZE20
CAPECRAFTSMAN	CAPECRAFTSMAN	homedepot.com	HTTPS://WWW.HOMEDEPOT.COM/B/OUTDOORS-PATIO-FURNITURE-PATIO-CHAIRS/CAPE-CRAFTSMAN/N-5YC1VZC1XKZE20
CAPECRAFTSMAN	CAPECRAFTSMAN	homedepot.com	HTTPS://WWW.HOMEDEPOT.COM/B/CAPE-CRAFTSMAN/29/N-5YC1VZE20Z1Z107VC
CAPECRAFTSMAN	CAPECRAFTSMAN	homedepot.com	HTTPS://WWW.HOMEDEPOT.COM/B/FURNITURE/CAPE-CRAFTSMAN/N-5YC1VZC7PCZE20
CAPECRAFTSMAN	CAPECRAFTSMAN	homedepot.com	HTTPS://WWW.HOMEDEPOT.COM/B/STORAGE-ORGANIZATION-FOLDING-TABLES/CAPE-CRAFTSMAN/N-5YC1VZC7NNZE20
CAPEL	CAPEL	homedepot.com	HTTPS://WWW.HOMEDEPOT.COM/B/FLOORING-RUGS-AREA-RUGS/CAPEL/N-5YC1VZARJGZ4PG
CAPEL	CAPEL	homedepot.com	HTTPS://WWW.HOMEDEPOT.COM/B/CAPEL/N-5YC1VZ4PG
CAPHAUS	CAPHAUS	homedepot.com	HTTPS://WWW.HOMEDEPOT.COM/B/CAPHAUS/N-5YC1VZVDN
CAPHAUS	CAPHAUS	homedepot.com	HTTPS://WWW.HOMEDEPOT.COM/B/STORAGE-ORGANIZATION/CAPHAUS/N-5YC1VZAS7EZVDN
CAPITALLIGHTINGFIXTURECOMPANY	CAPITALLIGHTINGFIXTURECOMPANY	homedepot.com	HTTPS://WWW.HOMEDEPOT.COM/B/LIGHTING/CAPITAL-LIGHTING-FIXTURE-COMPANY/N-5YC1VZBVN5Z10BZ
CAPITALLIGHTINGFIXTURECOMPANY	CAPITALLIGHTINGFIXTURECOMPANY	homedepot.com	HTTPS://WWW.HOMEDEPOT.COM/B/CAPITAL-LIGHTING-FIXTURE-COMPANY/N-5YC1VZ10BZ
CAPITALLIGHTINGFIXTURECOMPANY	CAPITALLIGHTINGFIXTURECOMPANY	homedepot.com	HTTPS://WWW.HOMEDEPOT.COM/B/LIGHTING-PENDANT-LIGHTS/CAPITAL-LIGHTING-FIXTURE-COMPANY/N-5YC1VZC7NUZ10BZ
CAPITALLIGHTINGFIXTURECOMPANY	CAPITALLIGHTINGFIXTURECOMPANY	homedepot.com	HTTPS://WWW.HOMEDEPOT.COM/B/LIGHTING-VANITY-LIGHTING/CAPITAL-LIGHTING-FIXTURE-COMPANY/N-5YC1VZC7PRZ10BZ
CAPITALLIGHTINGFIXTURECOMPANY	CAPITALLIGHTINGFIXTURECOMPANY	homedepot.com	HTTPS://WWW.HOMEDEPOT.COM/B/LIGHTING-OUTDOOR-LIGHTING-OUTDOOR-CEILING-LIGHTS/CAPITAL-LIGHTING-FIXTURE-COMPANY/N-5YC1VZC7R5Z10BZ
CAPITALLIGHTINGFIXTURECOMPANY	CAPITALLIGHTINGFIXTURECOMPANY	homedepot.com	HTTPS://WWW.HOMEDEPOT.COM/B/CAPITAL-LIGHTING-FIXTURE-COMPANY/1/N-5YC1VZ10BZZ1Z18NUT
CAPITALLIGHTINGFIXTURECOMPANY	CAPITALLIGHTINGFIXTURECOMPANY	homedepot.com	HTTPS://WWW.HOMEDEPOT.COM/B/LIGHTING-OUTDOOR-LIGHTING-POST-LIGHTING/CAPITAL-LIGHTING-FIXTURE-COMPANY/N-5YC1VZC7QJZ10BZ
CAPITALLIGHTINGFIXTURECOMPANY	CAPITALLIGHTINGFIXTURECOMPANY	homedepot.com	HTTPS://WWW.HOMEDEPOT.COM/B/CAPITAL-LIGHTING-FIXTURE-COMPANY/NICKEL/N-5YC1VZ10BZZ1Z0W31O
CAPITALLIGHTINGFIXTURECOMPANY	CAPITALLIGHTINGFIXTURECOMPANY	homedepot.com	HTTPS://WWW.HOMEDEPOT.COM/B/LIGHTING-OUTDOOR-LIGHTING-OUTDOOR-WALL-LIGHTING/CAPITAL-LIGHTING-FIXTURE-COMPANY/N-5YC1VZC7QQZ10BZ
CAPLIVING	CAPLIVING	homedepot.com	HTTPS://WWW.HOMEDEPOT.COM/B/FURNITURE-HOME-OFFICE-FURNITURE/CAP-LIVING/N-5YC1VZC7NPZOUL
CAPRITOOLS	CAPRITOOLS	homedepot.com	HTTPS://WWW.HOMEDEPOT.COM/B/TOOLS-HAND-TOOLS/CAPRI-TOOLS/N-5YC1VZC1ZGZFU3
CAPRITOOLS	CAPRITOOLS	homedepot.com	HTTPS://WWW.HOMEDEPOT.COM/B/TOOLS-HAND-TOOLS-HAND-TOOL-SETS/CAPRI-TOOLS/N-5YC1VZC22XZFU3
CAPRITOOLS	CAPRITOOLS	homedepot.com	HTTPS://WWW.HOMEDEPOT.COM/B/TOOLS/CAPRI-TOOLS/N-5YC1VZC1XYZFU3
CAPRITOOLS	CAPRITOOLS	homedepot.com	HTTPS://WWW.HOMEDEPOT.COM/B/CAPRI-TOOLS/N-5YC1VZFU3
CAPRITOOLS	CAPRITOOLS	homedepot.com	HTTPS://WWW.HOMEDEPOT.COM/B/TOOLS-HAND-TOOLS-RATCHETS-SOCKETS/CAPRI-TOOLS/N-5YC1VZC242ZFU3
CARAVANCANOPY	CARAVANCANOPY	homedepot.com	HTTPS://WWW.HOMEDEPOT.COM/B/CARAVAN-CANOPY/N-5YC1VZFCC
CARAVANCANOPY	CARAVANCANOPY	homedepot.com	HTTPS://WWW.HOMEDEPOT.COM/B/SPORTS-OUTDOORS-TAILGATING-GEAR-POP-UP-TENTS/CARAVAN-CANOPY/N-5YC1VZCBY0ZFCC
CARAVANCANOPY	CARAVANCANOPY	homedepot.com	HTTPS://WWW.HOMEDEPOT.COM/B/SPORTS-OUTDOORS-CAMPING-GEAR-ACCESSORIES/CARAVAN-CANOPY/N-5YC1VZC42OZFCC
CARAVANSPORTS	CARAVANSPORTS	homedepot.com	HTTPS://WWW.HOMEDEPOT.COM/B/CARAVAN-SPORTS/N-5YC1VZE6Y
CARAVANSPORTS	CARAVANSPORTS	homedepot.com	HTTPS://WWW.HOMEDEPOT.COM/B/OUTDOORS-PATIO-FURNITURE-PATIO-CHAIRS-OUTDOOR-LOUNGE-CHAIRS/CARAVAN-SPORTS/N-5YC1VZCCG2ZE6Y
CARAVANSPORTS	CARAVANSPORTS	homedepot.com	HTTPS://WWW.HOMEDEPOT.COM/B/OUTDOORS/CARAVAN-SPORTS/N-5YC1VZBX82ZE6Y
CARAWAYHOME	CARAWAYHOME	homedepot.com	HTTPS://WWW.HOMEDEPOT.COM/B/CARAWAY-HOME/N-5YC1VZY7S
CARAWAYHOME	CARAWAYHOME	homedepot.com	HTTPS://WWW.HOMEDEPOT.COM/B/KITCHEN-KITCHENWARE-COOKWARE/CARAWAY-HOME/N-5YC1VZC7G9ZY7S
CARCOVERS	CARCOVERS	homedepot.com	HTTPS://WWW.HOMEDEPOT.COM/B/GARAGE-AUTOMOTIVE-EXTERIOR-CAR-ACCESSORIES-CAR-COVERS/N-5YC1VZC8MD
CARDINALGATES	CARDINALGATES	homedepot.com	HTTPS://WWW.HOMEDEPOT.COM/B/TOOLS-SAFETY-SECURITY-HOME-SAFETY-CHILD-SAFETY-BABY-GATES/CARDINAL-GATES/N-5YC1VZC22HZCGO
CARDINALGATES	CARDINALGATES	homedepot.com	HTTPS://WWW.HOMEDEPOT.COM/B/CARDINAL-GATES/N-5YC1VZCGO
CARDONEREMAN	CARDONEREMAN	homedepot.com	HTTPS://WWW.HOMEDEPOT.COM/B/CARDONE-REMAN/N-5YC1VZP8G
CARDONEREMAN	CARDONEREMAN	homedepot.com	HTTPS://WWW.HOMEDEPOT.COM/B/GARAGE-AUTOMOTIVE-AUTO-PARTS/CARDONE-REMAN/N-5YC1VZC8SSZP8G
CARDONESELECT	CARDONESELECT	homedepot.com	HTTPS://WWW.HOMEDEPOT.COM/B/GARAGE-AUTOMOTIVE-AUTO-PARTS-BRAKE-PARTS/CARDONE-SELECT/N-5YC1VZCLA4ZNXV
CARDONESELECT	CARDONESELECT	homedepot.com	HTTPS://WWW.HOMEDEPOT.COM/B/AUTOMOTIVE-AUTO-PARTS-ENGINE-PARTS/CARDONE-SELECT/N-5YC1VZCLASZNXV
CARDONEULTRA	CARDONEULTRA	homedepot.com	HTTPS://WWW.HOMEDEPOT.COM/B/GARAGE-AUTOMOTIVE-AUTO-PARTS-BRAKE-PARTS/CARDONE-ULTRA/N-5YC1VZCLA4ZQDU
CAREXHEALTHBRANDS	CAREXHEALTHBRANDS	homedepot.com	HTTPS://WWW.HOMEDEPOT.COM/B/CAREX-HEALTH-BRANDS/N-5YC1VZCFP
CAREXHEALTHBRANDS	CAREXHEALTHBRANDS	homedepot.com	HTTPS://WWW.HOMEDEPOT.COM/B/HEALTH-AND-WELLNESS-MEDICAL-SUPPLIES/CAREX-HEALTH-BRANDS/N-5YC1VZCFVLZCFP
CAREXHEALTHBRANDS	CAREXHEALTHBRANDS	homedepot.com	HTTPS://WWW.HOMEDEPOT.COM/B/HEALTH-AND-WELLNESS/CAREX-HEALTH-BRANDS/N-5YC1VZC8KLZCFP
CAREY	CAREY	homedepot.com	HTTPS://WWW.HOMEDEPOT.COM/B/CAREY/N-5YC1VZMC8
CAREY	CAREY	homedepot.com	HTTPS://WWW.HOMEDEPOT.COM/B/APPLIANCES-SMALL-KITCHEN-APPLIANCES/CAREY/N-5YC1VZBV48ZMC8
CARGOLOC	CARGOLOC	homedepot.com	HTTPS://WWW.HOMEDEPOT.COM/B/CARGOLOC/N-5YC1VZNF3
CARGOLOC	CARGOLOC	homedepot.com	HTTPS://WWW.HOMEDEPOT.COM/B/GARAGE-AUTOMOTIVE-CARGO-CARRIERS/CARGOLOC/N-5YC1VZC8LYZNF3
CARGOLOC	CARGOLOC	homedepot.com	HTTPS://WWW.HOMEDEPOT.COM/B/GARAGE-AUTOMOTIVE-CARGO-CARRIERS-ROOF-RACKS/CARGOLOC/N-5YC1VZ2FKOK8CZNF3
CARGOSMART	CARGOSMART	homedepot.com	HTTPS://WWW.HOMEDEPOT.COM/B/CARGOSMART/N-5YC1VZGCA
CARGOSMART	CARGOSMART	homedepot.com	HTTPS://WWW.HOMEDEPOT.COM/B/TOOLS-TOOL-STORAGE-TOOL-STORAGE-ACCESSORIES/CARGOSMART/N-5YC1VZCERQZGCA
CARGOSMART	CARGOSMART	homedepot.com	HTTPS://WWW.HOMEDEPOT.COM/B/GARAGE-AUTOMOTIVE-CARGO-CARRIERS/CARGOSMART/N-5YC1VZC8LYZGCA
CARGOSMART	CARGOSMART	homedepot.com	HTTPS://WWW.HOMEDEPOT.COM/B/AUTOMOTIVE-CARGO-CARRIERS/CARGOSMART/N-5YC1VZC8LYZGCA
CARISSA	CARISSA	homedepot.com	HTTPS://WWW.HOMEDEPOT.COM/B/BABY-KIDS-KIDS-HOME-KIDS-FURNITURE/CARISSA/N-5YC1VZC8RCZ1Z1WI58
CARKEYSEXPRESS	CARKEYSEXPRESS	homedepot.com	HTTPS://WWW.HOMEDEPOT.COM/B/CAR-KEYS-EXPRESS/N-5YC1VZTPI
CARLISLEFOODSERVICEPRODUCTS	CARLISLEFOODSERVICEPRODUCTS	homedepot.com	HTTPS://WWW.HOMEDEPOT.COM/B/CARLISLE-FOODSERVICE-PRODUCTS/N-5YC1VZVO9
CARLON	CARLON	homedepot.com	HTTPS://WWW.HOMEDEPOT.COM/B/ELECTRICAL-ELECTRICAL-BOXES-CONDUIT-FITTINGS/CARLON/N-5YC1VZBM4MZ2DQ
CARLON	CARLON	homedepot.com	HTTPS://WWW.HOMEDEPOT.COM/B/CARLON/N-5YC1VZ2DQ
CARLON	CARLON	homedepot.com	HTTPS://WWW.HOMEDEPOT.COM/B/ELECTRICAL-ELECTRICAL-BOXES-CONDUIT-FITTINGS-CONDUIT/CARLON/N-5YC1VZBOHLZ2DQ
CARLON	CARLON	homedepot.com	HTTPS://WWW.HOMEDEPOT.COM/B/ELECTRICAL-ELECTRICAL-BOXES-CONDUIT-FITTINGS-BOXES-BRACKETS/CARLON/N-5YC1VZBOHNZ2DQ
CARMELAHOME	CARMELAHOME	homedepot.com	HTTPS://WWW.HOMEDEPOT.COM/B/CARMELA-HOME/QUEEN/N-5YC1VZM41Z1Z0ZDLG
CARMELAHOME	CARMELAHOME	homedepot.com	HTTPS://WWW.HOMEDEPOT.COM/B/HOME-DECOR/CARMELA-HOME/QUEEN/N-5YC1VZAS6PZM41Z1Z0ZDLG
CARNATION	CARNATION	homedepot.com	HTTPS://WWW.HOMEDEPOT.COM/B/OUTDOORS-GARDEN-CENTER-OUTDOOR-PLANTS/CARNATION/N-5YC1VZC8RGZ1Z1BQIS
CARNEGIEAVENUE	CARNEGIEAVENUE	homedepot.com	HTTPS://WWW.HOMEDEPOT.COM/B/FURNITURE-LIVING-ROOM-FURNITURE/CARNEGIE-AVENUE/N-5YC1VZC7P3Z1Z1AU73
CARNEGIEAVENUE	CARNEGIEAVENUE	homedepot.com	HTTPS://WWW.HOMEDEPOT.COM/B/FURNITURE-KITCHEN-DINING-ROOM-FURNITURE-DINING-CHAIRS/CARNEGIE-AVENUE/N-5YC1VZC7P6Z1Z1AU73
CARNEGIEAVENUE	CARNEGIEAVENUE	homedepot.com	HTTPS://WWW.HOMEDEPOT.COM/B/FURNITURE-LIVING-ROOM-FURNITURE-CHAIRS/CARNEGIE-AVENUE/N-5YC1VZC7PYZ1Z1AU73
CAROLINACHAIRTABLE	CAROLINACHAIRTABLE	homedepot.com	HTTPS://WWW.HOMEDEPOT.COM/B/FURNITURE/CAROLINA-CHAIR-TABLE/N-5YC1VZC7PCZOBP
CAROLINACLASSICS	CAROLINACLASSICS	homedepot.com	HTTPS://WWW.HOMEDEPOT.COM/B/FURNITURE-KITCHEN-DINING-ROOM-FURNITURE-KITCHEN-DINING-TABLES/CAROLINA-CLASSICS/N-5YC1VZC7NYZLSS
CAROLINACOTTAGE	CAROLINACOTTAGE	homedepot.com	HTTPS://WWW.HOMEDEPOT.COM/B/CAROLINA-COTTAGE/N-5YC1VZANW
CAROLINACOTTAGE	CAROLINACOTTAGE	homedepot.com	HTTPS://WWW.HOMEDEPOT.COM/B/FURNITURE/CAROLINA-COTTAGE/N-5YC1VZC7PCZANW
CAROLINACOTTAGE	CAROLINACOTTAGE	homedepot.com	HTTPS://WWW.HOMEDEPOT.COM/B/FURNITURE-KITCHEN-DINING-ROOM-FURNITURE/CAROLINA-COTTAGE/N-5YC1VZC7OUZANW
CAROLINAFORGE	CAROLINAFORGE	homedepot.com	HTTPS://WWW.HOMEDEPOT.COM/B/CAROLINA-FORGE/N-5YC1VZLTW
CAROLINAFORGE	CAROLINAFORGE	homedepot.com	HTTPS://WWW.HOMEDEPOT.COM/B/FURNITURE/CAROLINA-FORGE/N-5YC1VZC7PCZLTW
CAROLINAFORGE	CAROLINAFORGE	homedepot.com	HTTPS://WWW.HOMEDEPOT.COM/B/OUTDOORS-PATIO-FURNITURE/CAROLINA-FORGE/N-5YC1VZBX4OZLTW
CAROLINAFORGE	CAROLINAFORGE	homedepot.com	HTTPS://WWW.HOMEDEPOT.COM/B/FURNITURE-KITCHEN-DINING-ROOM-FURNITURE-KITCHEN-DINING-TABLES/CAROLINA-FORGE/N-5YC1VZC7NYZLTW
CAROLINAFORGE	CAROLINAFORGE	homedepot.com	HTTPS://WWW.HOMEDEPOT.COM/B/FURNITURE-BAR-FURNITURE-BAR-STOOLS/CAROLINA-FORGE/N-5YC1VZC7OFZLTW
CAROLINAFORGE	CAROLINAFORGE	homedepot.com	HTTPS://WWW.HOMEDEPOT.COM/B/FURNITURE-ENTRYWAY-FURNITURE/CAROLINA-FORGE/N-5YC1VZC7OZZLTW
CAROLINAFORGE	CAROLINAFORGE	homedepot.com	HTTPS://WWW.HOMEDEPOT.COM/B/FURNITURE-KITCHEN-DINING-ROOM-FURNITURE/CAROLINA-FORGE/N-5YC1VZC7OUZLTW
CAROLINAFORGE	CAROLINAFORGE	homedepot.com	HTTPS://WWW.HOMEDEPOT.COM/B/CAROLINA-FORGE/INDUSTRIAL/N-5YC1VZLTWZ1Z0JYLE
CAROLINAPETCOMPANY	CAROLINAPETCOMPANY	homedepot.com	HTTPS://WWW.HOMEDEPOT.COM/B/CAROLINA-PET-COMPANY/N-5YC1VZBCS
CAROLINAPETCOMPANY	CAROLINAPETCOMPANY	homedepot.com	HTTPS://WWW.HOMEDEPOT.COM/B/OUTDOORS-PET-SUPPLIES-WILDLIFE-DOG-SUPPLIES/CAROLINA-PET-COMPANY/N-5YC1VZC4TRZBCS
CAROLINAPETCOMPANY	CAROLINAPETCOMPANY	homedepot.com	HTTPS://WWW.HOMEDEPOT.COM/B/OUTDOORS/CAROLINA-PET-COMPANY/N-5YC1VZBX82ZBCS
CAROLINEAVENUE	CAROLINEAVENUE	homedepot.com	HTTPS://WWW.HOMEDEPOT.COM/B/BATH-BATHROOM-VANITIES/CAROLINE-AVENUE/N-5YC1VZCFV3Z1Z1RNRW
CAROLINEETBETTINA	CAROLINEETBETTINA	homedepot.com	HTTPS://WWW.HOMEDEPOT.COM/B/CAROLINE-ET-BETTINA/N-5YC1VZUST
CAROLINESTREASURES	CAROLINESTREASURES	homedepot.com	HTTPS://WWW.HOMEDEPOT.COM/B/CAROLINES-TREASURES/N-5YC1VZNBW
CAROLINESTREASURES	CAROLINESTREASURES	homedepot.com	HTTPS://WWW.HOMEDEPOT.COM/B/OUTDOORS-GARDEN-CENTER-OUTDOOR-DECOR-FLAGS/CAROLINES-TREASURES/N-5YC1VZC6NMZNBW
CAROLINESTREASURES	CAROLINESTREASURES	homedepot.com	HTTPS://WWW.HOMEDEPOT.COM/B/HIGHLY-RATED/CAROLINES-TREASURES/N-5YC1VZNBWZBWO5O?NAO=48
CARPET	CARPET	homedepot.com	HTTPS://WWW.HOMEDEPOT.COM/B/FLOORING-CARPET/N-5YC1VZARL0
CARPETPRO	CARPETPRO	homedepot.com	HTTPS://WWW.HOMEDEPOT.COM/B/CARPET-PRO/N-5YC1VZCIH
CARRARA	CARRARA	homedepot.com	HTTPS://WWW.HOMEDEPOT.COM/B/FLOORING-TILE-NATURAL-STONE-TILE-MARBLE-TILE/CARRARA/N-5YC1VZAQWIZ1Z13HIV
CARRARA	CARRARA	homedepot.com	HTTPS://WWW.HOMEDEPOT.COM/B/FLOORING-TILE/CARRARA/N-5YC1VZAR0YZ1Z13HIV
CARRARA	CARRARA	homedepot.com	HTTPS://WWW.HOMEDEPOT.COM/B/FLOORING-TILE-PORCELAIN-TILE/CARRARA/N-5YC1VZB97MZ1Z13HIV
CARRERAPRECISION	CARRERAPRECISION	homedepot.com	HTTPS://WWW.HOMEDEPOT.COM/B/TOOLS-HAND-TOOLS-MEASURING-TOOLS-CALIPERS/CARRERA-PRECISION/N-5YC1VZC23YZDLA
CARRERAPRECISION	CARRERAPRECISION	homedepot.com	HTTPS://WWW.HOMEDEPOT.COM/B/TOOLS/CARRERA-PRECISION/N-5YC1VZC1XYZDLA
CARRERAPRECISION	CARRERAPRECISION	homedepot.com	HTTPS://WWW.HOMEDEPOT.COM/B/CARRERA-PRECISION/SAE/N-5YC1VZDLAZ1Z0SC33
CARRERAPRECISION	CARRERAPRECISION	homedepot.com	HTTPS://WWW.HOMEDEPOT.COM/B/TOOLS-HAND-TOOLS/CARRERA-PRECISION/N-5YC1VZC1ZGZDLA
CARRIER	CARRIER	homedepot.com	HTTPS://WWW.HOMEDEPOT.COM/B/HEATING-VENTING-COOLING-AIR-CONDITIONERS-CENTRAL-AIR-CONDITIONERS/CARRIER/N-5YC1VZC4KDZF5C
CARRIER	CARRIER	homedepot.com	HTTPS://WWW.HOMEDEPOT.COM/B/HEATING-VENTING-COOLING-AIR-CONDITIONERS/CARRIER/N-5YC1VZC4MEZF5C
CARRIERICP	CARRIERICP	homedepot.com	HTTPS://WWW.HOMEDEPOT.COM/B/HEATING-VENTING-COOLING-HVAC-SUPPLIES/CARRIER-ICP/N-5YC1VZC4NLZ1Z1XGQW
CARTHAGECO	CARTHAGECO	homedepot.com	HTTPS://WWW.HOMEDEPOT.COM/B/CARTHAGECO/N-5YC1VZQ2Y
CARTHAGECO	CARTHAGECO	homedepot.com	HTTPS://WWW.HOMEDEPOT.COM/B/CARTHAGECO/DINNERWARE-SETS/N-5YC1VZR91Z1Z0UZA1
CARTHAGECO	CARTHAGECO	homedepot.com	HTTPS://WWW.HOMEDEPOT.COM/B/KITCHEN-TABLEWARE-BAR-DINNERWARE/CARTHAGECO/N-5YC1VZCEXXZQ2Y
CASABELLA	CASABELLA	homedepot.com	HTTPS://WWW.HOMEDEPOT.COM/B/CASABELLA/N-5YC1VZD0P
CASABELLANTE	CASABELLANTE	homedepot.com	HTTPS://WWW.HOMEDEPOT.COM/B/KITCHEN-TABLEWARE-BAR-DRINKWARE/CASA-BELLANTE/N-5YC1VZ2FKP36VZQ29
CASABREWS	CASABREWS	homedepot.com	HTTPS://WWW.HOMEDEPOT.COM/B/APPLIANCES-SMALL-KITCHEN-APPLIANCES-COFFEE-MAKERS-ESPRESSO-MACHINES/CASABREWS/N-5YC1VZC69UZYDA
CASAFIELD	CASAFIELD	homedepot.com	HTTPS://WWW.HOMEDEPOT.COM/B/HOME-DECOR-HOME-ACCENTS-STORAGE-BASKETS/CASAFIELD/N-5YC1VZAPUPZZV5
CASAMARE	CASAMARE	homedepot.com	HTTPS://WWW.HOMEDEPOT.COM/B/BATH-BATHROOM-VANITIES/CASA-MARE/N-5YC1VZCFV3ZROF
CASAMARE	CASAMARE	homedepot.com	HTTPS://WWW.HOMEDEPOT.COM/B/CASA-MARE/N-5YC1VZROF
CASAMARE	CASAMARE	homedepot.com	HTTPS://WWW.HOMEDEPOT.COM/B/CASA-MARE/WHITE/N-5YC1VZROFZ1Z0UA6V
CASAMARE	CASAMARE	homedepot.com	HTTPS://WWW.HOMEDEPOT.COM/B/FURNITURE/CASA-MARE/N-5YC1VZC7PCZROF
CASAMARE	CASAMARE	homedepot.com	HTTPS://WWW.HOMEDEPOT.COM/B/CASA-MARE/WOOD/N-5YC1VZROFZ1Z0O9LW
CASAMIA	CASAMIA	homedepot.com	HTTPS://WWW.HOMEDEPOT.COM/B/HOME-DECOR/CASA-MIA/N-5YC1VZAS6PZV5D
CASAMODE	CASAMODE	homedepot.com	HTTPS://WWW.HOMEDEPOT.COM/B/CASAMODE/N-5YC1VZH3D
CASAMOTION	CASAMOTION	homedepot.com	HTTPS://WWW.HOMEDEPOT.COM/B/LIGHTING/CASAMOTION/N-5YC1VZBVN5ZMDZ
CASAMOTION	CASAMOTION	homedepot.com	HTTPS://WWW.HOMEDEPOT.COM/B/LIGHTING-PENDANT-LIGHTS/CASAMOTION/CLEAR-GLASS/N-5YC1VZC7NUZMDZZ1Z1A4KX
CASAMOTION	CASAMOTION	homedepot.com	HTTPS://WWW.HOMEDEPOT.COM/B/LIGHTING-PENDANT-LIGHTS/CASAMOTION/N-5YC1VZC7NUZMDZ
CASAMOTION	CASAMOTION	homedepot.com	HTTPS://WWW.HOMEDEPOT.COM/B/LIGHTING-PENDANT-LIGHTS/CASAMOTION/MINI/N-5YC1VZC7NUZMDZZ1Z1AG2I
CASAMOTION	CASAMOTION	homedepot.com	HTTPS://WWW.HOMEDEPOT.COM/B/LIGHTING-PENDANT-LIGHTS/CASAMOTION/BLUE/N-5YC1VZC7NUZMDZZ1Z0U7KJ
CASAWARE	CASAWARE	homedepot.com	HTTPS://WWW.HOMEDEPOT.COM/B/KITCHEN-KITCHENWARE-BAKEWARE/CASAWARE/N-5YC1VZAR82ZG49
CASCADE	CASCADE	homedepot.com	HTTPS://WWW.HOMEDEPOT.COM/B/CLEANING-CLEANING-PRODUCTS-DISHWASHER-DETERGENT/CASCADE/N-5YC1VZCB2MZ1TW
CASCADESPRO	CASCADESPRO	homedepot.com	HTTPS://WWW.HOMEDEPOT.COM/B/CASCADES-PRO/N-5YC1VZNPW
CASCADESPRO	CASCADESPRO	homedepot.com	HTTPS://WWW.HOMEDEPOT.COM/B/CLEANING-PAPER-PRODUCTS-PAPER-TOWELS/CASCADES-PRO/N-5YC1VZCB4BZNPW
CASESBYSOURCE	CASESBYSOURCE	homedepot.com	HTTPS://WWW.HOMEDEPOT.COM/B/GARAGE-TOOL-STORAGE/CASES-BY-SOURCE/N-5YC1VZC22EZPPS
CASHACME	CASHACME	homedepot.com	HTTPS://WWW.HOMEDEPOT.COM/B/CASH-ACME/N-5YC1VZ9OP
CASHACME	CASHACME	homedepot.com	HTTPS://WWW.HOMEDEPOT.COM/B/PLUMBING/CASH-ACME/N-5YC1VZBQEWZ9OP
CASHACME	CASHACME	homedepot.com	HTTPS://WWW.HOMEDEPOT.COM/B/PLUMBING-VALVES/CASH-ACME/N-5YC1VZBBL6Z9OP
CASHACME	CASHACME	homedepot.com	HTTPS://WWW.HOMEDEPOT.COM/B/PLUMBING-VALVES-MIXING-VALVES/CASH-ACME/N-5YC1VZCA1NZ9OP
CASHACME	CASHACME	homedepot.com	HTTPS://WWW.HOMEDEPOT.COM/B/PLUMBING-VALVES-PRESSURE-REDUCING-VALVES/CASH-ACME/N-5YC1VZCA1ZZ9OP
CASLBRANDS	CASLBRANDS	homedepot.com	HTTPS://WWW.HOMEDEPOT.COM/B/CASL-BRANDS/N-5YC1VZNRZ
CASLBRANDS	CASLBRANDS	homedepot.com	HTTPS://WWW.HOMEDEPOT.COM/B/OUTDOORS-GARDEN-CENTER-GARDEN-TOOLS-DIGGING-TOOLS/CASL-BRANDS/N-5YC1VZC5RVZNRZ
CASO	CASO	homedepot.com	HTTPS://WWW.HOMEDEPOT.COM/B/CASO/N-5YC1VZG4S
CASO	CASO	homedepot.com	HTTPS://WWW.HOMEDEPOT.COM/B/APPLIANCES/CASO/N-5YC1VZBV1WZG4S
CASODESIGN	CASODESIGN	homedepot.com	HTTPS://WWW.HOMEDEPOT.COM/B/CASO-DESIGN/N-5YC1VZO3U
CASODESIGN	CASODESIGN	homedepot.com	HTTPS://WWW.HOMEDEPOT.COM/B/APPLIANCES/CASO-DESIGN/N-5YC1VZBV1WZO3U
CASTADIVA	CASTADIVA	homedepot.com	HTTPS://WWW.HOMEDEPOT.COM/B/BATH-TOILETS-BIDET-TOILETS/CASTA-DIVA/N-5YC1VZBZACZXLO
CASTADIVA	CASTADIVA	homedepot.com	HTTPS://WWW.HOMEDEPOT.COM/B/CASTA-DIVA/N-5YC1VZXLO
CASTADIVA	CASTADIVA	homedepot.com	HTTPS://WWW.HOMEDEPOT.COM/B/BATH-TOILETS/CASTA-DIVA/N-5YC1VZBZBDZXLO
CASTELLOUSA	CASTELLOUSA	homedepot.com	HTTPS://WWW.HOMEDEPOT.COM/B/CASTELLOUSA/N-5YC1VZV3P
CASTERS	CASTERS	homedepot.com	HTTPS://WWW.HOMEDEPOT.COM/B/FURNITURE-FURNITURE-ACCESSORIES-REPLACEMENT-PARTS-CASTERS/N-5YC1VZC29F
CASTICO	CASTICO	homedepot.com	HTTPS://WWW.HOMEDEPOT.COM/B/BATH-SHOWERS-SHOWER-STALLS-KITS/CASTICO/N-5YC1VZBZA7ZUL0
CASTICO	CASTICO	homedepot.com	HTTPS://WWW.HOMEDEPOT.COM/B/BATH-SHOWERS-SHOWER-PANS/CASTICO/N-5YC1VZBZA4ZUL0
CASTICO	CASTICO	homedepot.com	HTTPS://WWW.HOMEDEPOT.COM/B/CASTICO/N-5YC1VZUL0
CASTICO	CASTICO	homedepot.com	HTTPS://WWW.HOMEDEPOT.COM/B/BATH-SHOWERS-SHOWER-PANS/CASTICO/60-X-36/N-5YC1VZBZA4ZUL0Z1Z1NA8K
CASTICO	CASTICO	homedepot.com	HTTPS://WWW.HOMEDEPOT.COM/B/BATH-SHOWERS/CASTICO/N-5YC1VZBZCDZUL0
CASTICO	CASTICO	homedepot.com	HTTPS://WWW.HOMEDEPOT.COM/B/BATH-SHOWERS-SHOWER-PANS/CASTICO/60-X-32/N-5YC1VZBZA4ZUL0Z1Z1N97M
CASTICO	CASTICO	homedepot.com	HTTPS://WWW.HOMEDEPOT.COM/B/BATH-BATHTUBS/CASTICO/SOAKING/N-5YC1VZBZB7ZUL0Z1Z0JTCY
CASTIRON	CASTIRON	homedepot.com	HTTPS://WWW.HOMEDEPOT.COM/B/KITCHEN-KITCHENWARE-COOKWARE-SKILLETS/CAST-IRON/N-5YC1VZC7FWZ1Z0UB2T
CASTLEFILTERS	CASTLEFILTERS	homedepot.com	HTTPS://WWW.HOMEDEPOT.COM/B/HEATING-VENTING-COOLING-AIR-FILTERS/CASTLE-FILTERS/N-5YC1VZC4KWZPJ5
CASTLEHILLLONDON	CASTLEHILLLONDON	homedepot.com	HTTPS://WWW.HOMEDEPOT.COM/B/CASTLE-HILL-LONDON/FULL/N-5YC1VZODPZ1Z0ZACO
CASTLEHILLLONDON	CASTLEHILLLONDON	homedepot.com	HTTPS://WWW.HOMEDEPOT.COM/B/CASTLE-HILL-LONDON/N-5YC1VZODP
CASTLEHILLLONDON	CASTLEHILLLONDON	homedepot.com	HTTPS://WWW.HOMEDEPOT.COM/B/HOME-DECOR-BEDDING/CASTLE-HILL-LONDON/N-5YC1VZCI04ZODP
CASTLEHILLLONDON	CASTLEHILLLONDON	homedepot.com	HTTPS://WWW.HOMEDEPOT.COM/B/CASTLE-HILL-LONDON/BEIGE/N-5YC1VZODPZ1Z0V0T8
CASTLEHILLLONDON	CASTLEHILLLONDON	homedepot.com	HTTPS://WWW.HOMEDEPOT.COM/B/CASTLE-HILL-LONDON/SOLID/N-5YC1VZODPZ1Z186MM
CASTLEHILLLONDON	CASTLEHILLLONDON	homedepot.com	HTTPS://WWW.HOMEDEPOT.COM/B/BATH-BATH-LINENS-BATHROOM-RUGS-BATH-MATS/CASTLE-HILL-LONDON/N-5YC1VZCEA4ZODP
CASTLEHILLLONDON	CASTLEHILLLONDON	homedepot.com	HTTPS://WWW.HOMEDEPOT.COM/B/CASTLE-HILL-LONDON/CASE/N-5YC1VZODPZ1Z0UYTB?CATSTYLE=SHOWPRODUCTS&OPEN=4
CASTLEHILLLONDON	CASTLEHILLLONDON	homedepot.com	HTTPS://WWW.HOMEDEPOT.COM/B/HOME-DECOR-BEDDING-BED-SHEETS/CASTLE-HILL-LONDON/N-5YC1VZC1KDZ1Z1AQU7
CASUALHOME	CASUALHOME	homedepot.com	HTTPS://WWW.HOMEDEPOT.COM/B/FURNITURE/CASUAL-HOME/N-5YC1VZC7PCZHFX
CASUALHOME	CASUALHOME	homedepot.com	HTTPS://WWW.HOMEDEPOT.COM/B/CASUAL-HOME/N-5YC1VZHFX
CASUALHOME	CASUALHOME	homedepot.com	HTTPS://WWW.HOMEDEPOT.COM/B/FURNITURE-HOME-OFFICE-FURNITURE-BOOKCASES-BOOKSHELVES/CASUAL-HOME/N-5YC1VZC7O5ZHFX
CASUALHOME	CASUALHOME	homedepot.com	HTTPS://WWW.HOMEDEPOT.COM/B/FURNITURE-HOME-OFFICE-FURNITURE-BOOKCASES-BOOKSHELVES/CASUAL-HOME/BROWN/N-5YC1VZC7O5ZHFXZ1Z1BR26
CASUALWORLD	CASUALWORLD	homedepot.com	HTTPS://WWW.HOMEDEPOT.COM/B/OUTDOORS-PATIO-FURNITURE-PATIO-DINING-FURNITURE/CASUAL-WORLD/N-5YC1VZBXDRZ1098
CASUALWORLD	CASUALWORLD	homedepot.com	HTTPS://WWW.HOMEDEPOT.COM/B/CASUAL-WORLD/N-5YC1VZ1098
CASUALWORLD	CASUALWORLD	homedepot.com	HTTPS://WWW.HOMEDEPOT.COM/B/OUTDOORS-PATIO-FURNITURE-PATIO-TABLES/CASUAL-WORLD/N-5YC1VZCCGLZ1098
CAT6	CAT6	homedepot.com	HTTPS://WWW.HOMEDEPOT.COM/B/ELECTRICAL-ELECTRONICS-CABLES-ETHERNET-CABLES/CAT-6/N-5YC1VZCDT1Z1Z1PHGM
CAT6	CAT6	homedepot.com	HTTPS://WWW.HOMEDEPOT.COM/B/ELECTRICAL-WIRE/CAT6/N-5YC1VZBM7VZ1Z0UCFK
CATALINACREATIONS	CATALINACREATIONS	homedepot.com	HTTPS://WWW.HOMEDEPOT.COM/B/CATALINA-CREATIONS/N-5YC1VZ3WN
CATALINACREATIONS	CATALINACREATIONS	homedepot.com	HTTPS://WWW.HOMEDEPOT.COM/B/OUTDOORS-OUTDOOR-HEATING-FIRE-PITS/CATALINA-CREATIONS/N-5YC1VZC6NAZ3WN
CATALINACREATIONS	CATALINACREATIONS	homedepot.com	HTTPS://WWW.HOMEDEPOT.COM/B/CATALINA-CREATIONS/26-IN/N-5YC1VZ3WNZ1Z0WIWB
CATALINACREATIONS	CATALINACREATIONS	homedepot.com	HTTPS://WWW.HOMEDEPOT.COM/B/OUTDOORS-OUTDOOR-HEATING-FIRE-PITS-WOOD-BURNING-FIRE-PITS/CATALINA-CREATIONS/N-5YC1VZ2FKP9JTZ3WN
CATALINACREATIONS	CATALINACREATIONS	homedepot.com	HTTPS://WWW.HOMEDEPOT.COM/B/OUTDOORS-OUTDOOR-HEATING-ACCESSORIES/CATALINA-CREATIONS/N-5YC1VZC6N9Z3WN
CATALINALIGHTING	CATALINALIGHTING	homedepot.com	HTTPS://WWW.HOMEDEPOT.COM/B/LIGHTING/CATALINA-LIGHTING/N-5YC1VZBVN5Z9EF
CATALINALIGHTING	CATALINALIGHTING	homedepot.com	HTTPS://WWW.HOMEDEPOT.COM/B/LIGHTING-LAMPS/CATALINA-LIGHTING/N-5YC1VZC7PDZ9EF
CATALINALIGHTING	CATALINALIGHTING	homedepot.com	HTTPS://WWW.HOMEDEPOT.COM/B/CATALINA-LIGHTING/N-5YC1VZ9EF
CATCHMASTER	CATCHMASTER	homedepot.com	HTTPS://WWW.HOMEDEPOT.COM/B/OUTDOORS-GARDEN-CENTER-PEST-CONTROL/CATCHMASTER/N-5YC1VZBX4WZ6NT
CATCHMASTER	CATCHMASTER	homedepot.com	HTTPS://WWW.HOMEDEPOT.COM/B/CATCHMASTER/N-5YC1VZ6NT
CATCRAFT	CATCRAFT	homedepot.com	HTTPS://WWW.HOMEDEPOT.COM/B/CAT-CRAFT/N-5YC1VZXLR
CATFOOTWEAR	CATFOOTWEAR	homedepot.com	HTTPS://WWW.HOMEDEPOT.COM/B/WORKWEAR-FOOTWEAR-WORK-BOOTS/CAT-FOOTWEAR/N-5YC1VZC24VZMI6
CATHAYHOME	CATHAYHOME	homedepot.com	HTTPS://WWW.HOMEDEPOT.COM/B/CATHAY-HOME/N-5YC1VZGMD
CATHYSCONCEPTS	CATHYSCONCEPTS	homedepot.com	HTTPS://WWW.HOMEDEPOT.COM/B/CATHYS-CONCEPTS/N-5YC1VZGCE
CATHYSCONCEPTS	CATHYSCONCEPTS	homedepot.com	HTTPS://WWW.HOMEDEPOT.COM/B/KITCHEN/CATHYS-CONCEPTS/N-5YC1VZAR4IZGCE
CATHYSCONCEPTS	CATHYSCONCEPTS	homedepot.com	HTTPS://WWW.HOMEDEPOT.COM/B/HIGHLY-RATED/CATHYS-CONCEPTS/N-5YC1VZGCEZBWO5O
CATLEZA	CATLEZA	homedepot.com	HTTPS://WWW.HOMEDEPOT.COM/B/OUTDOORS-GARDEN-CENTER-PLANTERS/CATLEZA/N-5YC1VZBX81ZXQ7
CATPUMPS	CATPUMPS	homedepot.com	HTTPS://WWW.HOMEDEPOT.COM/B/CAT-PUMPS/N-5YC1VZ7OU
CATSKILLCRAFTSMEN	CATSKILLCRAFTSMEN	homedepot.com	HTTPS://WWW.HOMEDEPOT.COM/B/CATSKILL-CRAFTSMEN/N-5YC1VZ28N
CATSKILLCRAFTSMEN	CATSKILLCRAFTSMEN	homedepot.com	HTTPS://WWW.HOMEDEPOT.COM/B/CATSKILL-CRAFTSMEN/N-5YC1VZ28NZ12KZ
CATSKILLCRAFTSMEN	CATSKILLCRAFTSMEN	homedepot.com	HTTPS://WWW.HOMEDEPOT.COM/B/CATSKILL-CRAFTSMEN/CABINETS/N-5YC1VZ28NZ1Z1770B
CATSKILLCRAFTSMEN	CATSKILLCRAFTSMEN	homedepot.com	HTTPS://WWW.HOMEDEPOT.COM/B/FURNITURE-KITCHEN-DINING-ROOM-FURNITURE-CARTS-UTILITY-TABLES-KITCHEN-CARTS/CATSKILL-CRAFTSMEN/N-5YC1VZCF2CZ28N
CATSKILLCRAFTSMEN	CATSKILLCRAFTSMEN	homedepot.com	HTTPS://WWW.HOMEDEPOT.COM/B/KITCHEN/CATSKILL-CRAFTSMEN/N-5YC1VZAR4IZ28N
CAVALIERE	CAVALIERE	homedepot.com	HTTPS://WWW.HOMEDEPOT.COM/B/APPLIANCES-RANGE-HOODS/CAVALIERE/N-5YC1VZC3NKZEUJ
CAVETOOLS	CAVETOOLS	homedepot.com	HTTPS://WWW.HOMEDEPOT.COM/B/OUTDOORS-OUTDOOR-COOKING-GRILL-ACCESSORIES/CAVE-TOOLS/N-5YC1VZBXCYZMDK
CAVETOOLS	CAVETOOLS	homedepot.com	HTTPS://WWW.HOMEDEPOT.COM/B/CAVE-TOOLS/N-5YC1VZMDK
CAVEX	CAVEX	homedepot.com	HTTPS://WWW.HOMEDEPOT.COM/B/OUTDOORS-GARDEN-CENTER-GARDEN-TOOLS/CAVEX/N-5YC1VZBX6XZB1D
CAVINESSWOODWORKING	CAVINESSWOODWORKING	homedepot.com	HTTPS://WWW.HOMEDEPOT.COM/B/CAVINESS-WOODWORKING/N-5YC1VZMZV
CBSTATION	CBSTATION	homedepot.com	HTTPS://WWW.HOMEDEPOT.COM/B/CB-STATION/N-5YC1VZMD2
CCHOMEFURNISHINGS	CCHOMEFURNISHINGS	homedepot.com	HTTPS://WWW.HOMEDEPOT.COM/B/CC-HOME-FURNISHINGS/N-5YC1VZNSR
CCT	CCT	homedepot.com	HTTPS://WWW.HOMEDEPOT.COM/B/LIGHTING-FLUSH-MOUNT-CEILING-LIGHTS/CCT/N-5YC1VZC7NKZ1Z1SKUT
CDAWOOD	CDAWOOD	homedepot.com	HTTPS://WWW.HOMEDEPOT.COM/B/LUMBER-COMPOSITES-BOARDS-PLANKS/CDA-WOOD/N-5YC1VZ1Z18H41ZZSX
CDAWOOD	CDAWOOD	homedepot.com	HTTPS://WWW.HOMEDEPOT.COM/B/CDA-WOOD/N-5YC1VZZSX
CDIELECTRONICS	CDIELECTRONICS	homedepot.com	HTTPS://WWW.HOMEDEPOT.COM/B/CDI-ELECTRONICS/N-5YC1VZOXK
CDIELECTRONICS	CDIELECTRONICS	homedepot.com	HTTPS://WWW.HOMEDEPOT.COM/B/GARAGE-AUTOMOTIVE-RV-SUPPLIES-RV-ACCESSORIES-OTHER-RV-ACESSORIES/CDI-ELECTRONICS/N-5YC1VZ2FKPCTXZOXK
CEDAN	CEDAN	homedepot.com	HTTPS://WWW.HOMEDEPOT.COM/B/LUMBER-COMPOSITES/CEDAN/N-5YC1VZBQPGZE0I
CEDAN	CEDAN	homedepot.com	HTTPS://WWW.HOMEDEPOT.COM/B/LUMBER-COMPOSITES-SHIMS/CEDAN/N-5YC1VZBQJTZE0I
CEDAR	CEDAR	homedepot.com	HTTPS://WWW.HOMEDEPOT.COM/B/LUMBER-COMPOSITES-BOARDS-PLANKS-WOOD-BOARDS/CEDAR/N-5YC1VZBQMCZ1Z1RL75
CEDAR	CEDAR	homedepot.com	HTTPS://WWW.HOMEDEPOT.COM/B/LUMBER-COMPOSITES/CEDAR/N-5YC1VZBQPGZ1Z11KDO
CEDAR	CEDAR	homedepot.com	HTTPS://WWW.HOMEDEPOT.COM/B/CEDAR/N-5YC1VZ1Z11KDO
CEDARGREEN	CEDARGREEN	homedepot.com	HTTPS://WWW.HOMEDEPOT.COM/B/CEDAR-GREEN/N-5YC1VZOUX
CEDARGREEN	CEDARGREEN	homedepot.com	HTTPS://WWW.HOMEDEPOT.COM/B/CEDAR-GREEN/HARDWARE/N-5YC1VZOUXZ1Z0TRM6
CEDARROSE	CEDARROSE	homedepot.com	HTTPS://WWW.HOMEDEPOT.COM/B/CEDAR-ROSE/N-5YC1VZQL8
CEDARSAFE	CEDARSAFE	homedepot.com	HTTPS://WWW.HOMEDEPOT.COM/B/CEDARSAFE/N-5YC1VZ4MU
CEDARSAFE	CEDARSAFE	homedepot.com	HTTPS://WWW.HOMEDEPOT.COM/B/LUMBER-COMPOSITES-BOARDS-PLANKS-WOOD-BOARDS-SOFTWOOD-BOARDS/CEDARSAFE/N-5YC1VZCHZNZ4MU
CEDARSAFE	CEDARSAFE	homedepot.com	HTTPS://WWW.HOMEDEPOT.COM/B/LUMBER-COMPOSITES-BOARDS-PLANKS/CEDARSAFE/N-5YC1VZ1Z18H41Z4MU
CEDARSAFE	CEDARSAFE	homedepot.com	HTTPS://WWW.HOMEDEPOT.COM/B/CEDARSAFE/CEDAR/N-5YC1VZ4MUZ1Z0UHJ8
CEDARSAFE	CEDARSAFE	homedepot.com	HTTPS://WWW.HOMEDEPOT.COM/B/BUILDING-MATERIALS-MOULDING-MILLWORK-WALL-PANELING/CEDARSAFE/N-5YC1VZBQP3Z4MU
CEDARSAFE	CEDARSAFE	homedepot.com	HTTPS://WWW.HOMEDEPOT.COM/B/LUMBER-COMPOSITES/CEDARSAFE/N-5YC1VZBQPGZ4MU
CEDARSUMMIT	CEDARSUMMIT	homedepot.com	HTTPS://WWW.HOMEDEPOT.COM/B/PLAYGROUND-SETS-PLAYHOUSES/CEDAR-SUMMIT/N-5YC1VZC5PZZC0W
CEDARSUMMIT	CEDARSUMMIT	homedepot.com	HTTPS://WWW.HOMEDEPOT.COM/B/CEDAR-SUMMIT/N-5YC1VZC0W
CEDARSUMMIT	CEDARSUMMIT	homedepot.com	HTTPS://WWW.HOMEDEPOT.COM/B/PLAYGROUND-SETS-PLAYSETS/CEDAR-SUMMIT/N-5YC1VZC5PIZC0W
CEILINGFANS	CEILINGFANS	homedepot.com	HTTPS://WWW.HOMEDEPOT.COM/B/LIGHTING-CEILING-FANS/N-5YC1VZBVLQ
CEILINGMAX	CEILINGMAX	homedepot.com	HTTPS://WWW.HOMEDEPOT.COM/B/CEILINGMAX/N-5YC1VZ66Z
CEILINGMAX	CEILINGMAX	homedepot.com	HTTPS://WWW.HOMEDEPOT.COM/B/BUILDING-MATERIALS-CEILINGS-CEILING-GRIDS/CEILINGMAX/N-5YC1VZC596Z66Z
CEILINGMAX	CEILINGMAX	homedepot.com	HTTPS://WWW.HOMEDEPOT.COM/B/BUILDING-MATERIALS-CEILINGS-CEILING-GRIDS-CEILING-GRID-KITS/CEILINGMAX/N-5YC1VZC59KZ66Z
CEILINGMAX	CEILINGMAX	homedepot.com	HTTPS://WWW.HOMEDEPOT.COM/B/BUILDING-MATERIALS/CEILINGMAX/N-5YC1VZAQNSZ66Z
CEILINGTILES	CEILINGTILES	homedepot.com	HTTPS://WWW.HOMEDEPOT.COM/B/BUILDING-MATERIALS-CEILINGS-CEILING-TILES/N-5YC1VZC58L
CEILUME	CEILUME	homedepot.com	HTTPS://WWW.HOMEDEPOT.COM/B/BUILDING-MATERIALS-CEILINGS-CEILING-TILES/CEILUME/N-5YC1VZC58LZAIS
CEILUME	CEILUME	homedepot.com	HTTPS://WWW.HOMEDEPOT.COM/B/CEILUME/N-5YC1VZAIS
CEILUME	CEILUME	homedepot.com	HTTPS://WWW.HOMEDEPOT.COM/B/BUILDING-MATERIALS-CEILINGS-CEILING-TILES-DROP-CEILING-TILES/CEILUME/N-5YC1VZC58CZAIS
CELESTIALFIREGLASS	CELESTIALFIREGLASS	homedepot.com	HTTPS://WWW.HOMEDEPOT.COM/B/OUTDOORS-OUTDOOR-HEATING/CELESTIAL-FIRE-GLASS/N-5YC1VZC6NEZMB3
CELESTIALFIREGLASS	CELESTIALFIREGLASS	homedepot.com	HTTPS://WWW.HOMEDEPOT.COM/B/CELESTIAL-FIRE-GLASS/FIRE-GLASS/N-5YC1VZMB3Z1Z0VJTO
CENTEC	CENTEC	homedepot.com	HTTPS://WWW.HOMEDEPOT.COM/B/CEN-TEC/N-5YC1VZG0M
CENTEC	CENTEC	homedepot.com	HTTPS://WWW.HOMEDEPOT.COM/B/APPLIANCES-FLOOR-CARE-VACUUMS-VACUUM-CLEANERS/CEN-TEC/N-5YC1VZBV74ZG0M
CENTEC	CENTEC	homedepot.com	HTTPS://WWW.HOMEDEPOT.COM/B/GARAGE-SHOP-VACUUMS-SHOP-VACUUM-HOSES/CEN-TEC/N-5YC1VZ2FKPA8FZG0M
CENTOCO	CENTOCO	homedepot.com	HTTPS://WWW.HOMEDEPOT.COM/B/BATH-TOILETS-TOILET-SEATS/CENTOCO/N-5YC1VZCEQ5ZRFC
CENTOCO	CENTOCO	homedepot.com	HTTPS://WWW.HOMEDEPOT.COM/B/BATH-TOILETS-TOILET-SEATS/CENTOCO/ROUND/N-5YC1VZCEQ5ZRFCZ1Z0ZBTO
CENTRALBRASS	CENTRALBRASS	homedepot.com	HTTPS://WWW.HOMEDEPOT.COM/B/CENTRAL-BRASS/N-5YC1VZ2Y5
CENTRALBRASS	CENTRALBRASS	homedepot.com	HTTPS://WWW.HOMEDEPOT.COM/B/KITCHEN-KITCHEN-FAUCETS/CENTRAL-BRASS/N-5YC1VZAR0KZ2Y5
CENTRALBRASS	CENTRALBRASS	homedepot.com	HTTPS://WWW.HOMEDEPOT.COM/B/BATH-BATHROOM-FAUCETS/CENTRAL-BRASS/N-5YC1VZBREOZ2Y5
CENTRALBRASS	CENTRALBRASS	homedepot.com	HTTPS://WWW.HOMEDEPOT.COM/B/PLUMBING/CENTRAL-BRASS/N-5YC1VZBQEWZ2Y5
CENTRALGARDENANDPET	CENTRALGARDENANDPET	homedepot.com	HTTPS://WWW.HOMEDEPOT.COM/B/OUTDOORS-GARDEN-CENTER-PLANTERS/CENTRAL-GARDEN-AND-PET/N-5YC1VZBX81ZE1R
CENTREX	CENTREX	homedepot.com	HTTPS://WWW.HOMEDEPOT.COM/B/CENTREX/N-5YC1VZR2E
CENTREXPLASTICS	CENTREXPLASTICS	homedepot.com	HTTPS://WWW.HOMEDEPOT.COM/B/STORAGE-ORGANIZATION-STORAGE-CONTAINERS/CENTREX-PLASTICS/N-5YC1VZCFZIZATA
CENTREXPLASTICS	CENTREXPLASTICS	homedepot.com	HTTPS://WWW.HOMEDEPOT.COM/B/STORAGE-ORGANIZATION/CENTREX-PLASTICS/N-5YC1VZAS7EZATA
CENTREXPLASTICS	CENTREXPLASTICS	homedepot.com	HTTPS://WWW.HOMEDEPOT.COM/B/STORAGE-ORGANIZATION-STORAGE-CONTAINERS-STORAGE-BINS/CENTREX-PLASTICS/N-5YC1VZCL3ZZATA
CENTREXPLASTICS	CENTREXPLASTICS	homedepot.com	HTTPS://WWW.HOMEDEPOT.COM/B/CENTREX-PLASTICS/DURABLE/N-5YC1VZATAZ1Z0KWXP
CENTREXPLASTICS	CENTREXPLASTICS	homedepot.com	HTTPS://WWW.HOMEDEPOT.COM/B/STORAGE-ORGANIZATION-SHELVING/CENTREX-PLASTICS/N-5YC1VZC89KZATA
CENTREXPLASTICS	CENTREXPLASTICS	homedepot.com	HTTPS://WWW.HOMEDEPOT.COM/B/CENTREX-PLASTICS/SHELVING-UNITS/N-5YC1VZATAZ1Z0TUQR
CENTREXPLASTICS	CENTREXPLASTICS	homedepot.com	HTTPS://WWW.HOMEDEPOT.COM/B/STORAGE-ORGANIZATION-GARAGE-STORAGE-GARAGE-SHELVING-GARAGE-STORAGE-SHELVES/CENTREX-PLASTICS/N-5YC1VZCCYMZATA
CENTRICPARTS	CENTRICPARTS	homedepot.com	HTTPS://WWW.HOMEDEPOT.COM/B/GARAGE-AUTOMOTIVE-AUTO-PARTS-BRAKE-PARTS/CENTRIC-PARTS/N-5YC1VZCLA4ZNVZ
CENTRICPARTS	CENTRICPARTS	homedepot.com	HTTPS://WWW.HOMEDEPOT.COM/B/CENTRIC-PARTS/N-5YC1VZNVZ
CENTURIONGARDENANDOUTDOORLIVING	CENTURIONGARDENANDOUTDOORLIVING	homedepot.com	HTTPS://WWW.HOMEDEPOT.COM/B/OUTDOORS-GARDEN-CENTER-GARDEN-TOOLS/CENTURION-GARDEN-AND-OUTDOOR-LIVING/N-5YC1VZBX6XZ6OI
CENTURIONGARDENANDOUTDOORLIVING	CENTURIONGARDENANDOUTDOORLIVING	homedepot.com	HTTPS://WWW.HOMEDEPOT.COM/B/CENTURION-GARDEN-AND-OUTDOOR-LIVING/N-5YC1VZ6OI
CENTURIONGARDENANDOUTDOORLIVING	CENTURIONGARDENANDOUTDOORLIVING	homedepot.com	HTTPS://WWW.HOMEDEPOT.COM/B/OUTDOORS-GARDEN-CENTER-GARDEN-TOOLS-PRUNING-TOOLS-LOPPERS/CENTURION-GARDEN-AND-OUTDOOR-LIVING/N-5YC1VZC5R7Z6OI
CENTURIONGARDENANDOUTDOORLIVING	CENTURIONGARDENANDOUTDOORLIVING	homedepot.com	HTTPS://WWW.HOMEDEPOT.COM/B/OUTDOORS-GARDEN-CENTER-GARDEN-TOOLS-PRUNING-TOOLS/CENTURION-GARDEN-AND-OUTDOOR-LIVING/N-5YC1VZC5RCZ6OI
CENTURYCOMPONENTS	CENTURYCOMPONENTS	homedepot.com	HTTPS://WWW.HOMEDEPOT.COM/B/CENTURY-COMPONENTS/N-5YC1VZNRY
CENTURYCOMPONENTS	CENTURYCOMPONENTS	homedepot.com	HTTPS://WWW.HOMEDEPOT.COM/B/KITCHEN-KITCHEN-STORAGE-ORGANIZATION-PULL-OUT-CABINET-ORGANIZERS/CENTURY-COMPONENTS/N-5YC1VZC3U9ZNRY
CENTURYCOMPONENTS	CENTURYCOMPONENTS	homedepot.com	HTTPS://WWW.HOMEDEPOT.COM/B/KITCHEN-KITCHEN-STORAGE-ORGANIZATION/CENTURY-COMPONENTS/N-5YC1VZAPU6ZNRY
CEQUENT	CEQUENT	homedepot.com	HTTPS://WWW.HOMEDEPOT.COM/B/CEQUENT/N-5YC1VZ26Z
CERAMABRYTE	CERAMABRYTE	homedepot.com	HTTPS://WWW.HOMEDEPOT.COM/B/CERAMA-BRYTE/N-5YC1VZ4VO
CERAMABRYTE	CERAMABRYTE	homedepot.com	HTTPS://WWW.HOMEDEPOT.COM/B/CERAMA-BRYTE/PICK-UP-TODAY/N-5YC1VZ4VOZ1Z175A5
CERAMIX	CERAMIX	homedepot.com	HTTPS://WWW.HOMEDEPOT.COM/B/CERAMIX/N-5YC1VZV19
CERAMIX	CERAMIX	homedepot.com	HTTPS://WWW.HOMEDEPOT.COM/B/FLOORING-VINYL-FLOORING/CERAMIX/N-5YC1VZAPWRZV19
CERAMIX	CERAMIX	homedepot.com	HTTPS://WWW.HOMEDEPOT.COM/B/FLOORING-VINYL-FLOORING-VINYL-TILE-FLOORING/CERAMIX/N-5YC1VZAQ27ZV19
CERAMIX	CERAMIX	homedepot.com	HTTPS://WWW.HOMEDEPOT.COM/B/FLOORING-VINYL-FLOORING-VINYL-PLANK-FLOORING/CERAMIX/N-5YC1VZBZJZZV19
CERROWIRE	CERROWIRE	homedepot.com	HTTPS://WWW.HOMEDEPOT.COM/B/ELECTRICAL-WIRE/CERROWIRE/N-5YC1VZBM7VZ6GU
CERROWIRE	CERROWIRE	homedepot.com	HTTPS://WWW.HOMEDEPOT.COM/B/CERROWIRE/N-5YC1VZ6GU
CERTAINTEED	CERTAINTEED	homedepot.com	HTTPS://WWW.HOMEDEPOT.COM/B/CERTAINTEED/N-5YC1VZDS3
CERTIFIEDAPPLIANCEACCESSORIES	CERTIFIEDAPPLIANCEACCESSORIES	homedepot.com	HTTPS://WWW.HOMEDEPOT.COM/B/APPLIANCES-APPLIANCE-PARTS/CERTIFIED-APPLIANCE-ACCESSORIES/N-5YC1VZC35VZMMC
CERTIFIEDAPPLIANCEACCESSORIES	CERTIFIEDAPPLIANCEACCESSORIES	homedepot.com	HTTPS://WWW.HOMEDEPOT.COM/B/CERTIFIED-APPLIANCE-ACCESSORIES/N-5YC1VZMMC
CERTIFIEDINTERNATIONAL	CERTIFIEDINTERNATIONAL	homedepot.com	HTTPS://WWW.HOMEDEPOT.COM/B/KITCHEN-TABLEWARE-BAR-DINNERWARE/CERTIFIED-INTERNATIONAL/N-5YC1VZCEXXZHAO
CERTIFIEDINTERNATIONAL	CERTIFIEDINTERNATIONAL	homedepot.com	HTTPS://WWW.HOMEDEPOT.COM/B/CERTIFIED-INTERNATIONAL/N-5YC1VZHAO
CERWINVEGAMOBILECV	CERWINVEGAMOBILECV	homedepot.com	HTTPS://WWW.HOMEDEPOT.COM/B/CERWIN-VEGA-MOBILE-CV/N-5YC1VZQ22
CESICIA	CESICIA	homedepot.com	HTTPS://WWW.HOMEDEPOT.COM/B/CESICIA/N-5YC1VZUYF
CESICIA	CESICIA	homedepot.com	HTTPS://WWW.HOMEDEPOT.COM/B/OUTDOORS-PATIO-FURNITURE/CESICIA/N-5YC1VZBX4OZUYF
CESICIA	CESICIA	homedepot.com	HTTPS://WWW.HOMEDEPOT.COM/B/OUTDOORS-PATIO-FURNITURE-OUTDOOR-LOUNGE-FURNITURE/CESICIA/N-5YC1VZCFJ3ZUYF
CESICIA	CESICIA	homedepot.com	HTTPS://WWW.HOMEDEPOT.COM/B/OUTDOORS-GARDEN-CENTER-GARDEN-TOOLS-GARDENING-TOOLS/CESICIA/N-5YC1VZC5QQZUYF
CESICIA	CESICIA	homedepot.com	HTTPS://WWW.HOMEDEPOT.COM/B/OUTDOORS-GARDEN-CENTER-RAISED-GARDEN-BEDS/CESICIA/N-5YC1VZBX7CZUYF
CESICIA	CESICIA	homedepot.com	HTTPS://WWW.HOMEDEPOT.COM/B/KITCHEN-KITCHEN-CABINETS-IN-STOCK-KITCHEN-CABINETS/CESICIA/N-5YC1VZCHBPZUYF
CESICIA	CESICIA	homedepot.com	HTTPS://WWW.HOMEDEPOT.COM/B/OUTDOORS-GARDEN-CENTER-LAWN-CARE/CESICIA/N-5YC1VZBX8AZUYF
CESICIA	CESICIA	homedepot.com	HTTPS://WWW.HOMEDEPOT.COM/B/HOME-DECOR-ARTIFICIAL-PLANTS/CESICIA/N-5YC1VZBPDGZUYF
CESICIA	CESICIA	homedepot.com	HTTPS://WWW.HOMEDEPOT.COM/B/PLUMBING-UTILITY-SINKS-ACCESSORIES/CESICIA/N-5YC1VZBQKNZUYF
CESICIA	CESICIA	homedepot.com	HTTPS://WWW.HOMEDEPOT.COM/B/OUTDOORS-OUTDOOR-COOKING-GRILL-ACCESSORIES-GRILL-TABLES-GRILL-CARTS/CESICIA/N-5YC1VZBXCOZUYF
CESICIA	CESICIA	homedepot.com	HTTPS://WWW.HOMEDEPOT.COM/B/KITCHEN-KITCHEN-CABINETS-IN-STOCK-KITCHEN-CABINETS-READY-TO-ASSEMBLE-KITCHEN-CABINETS/CESICIA/N-5YC1VZ2FKOWPZZUYF
CESICIA	CESICIA	homedepot.com	HTTPS://WWW.HOMEDEPOT.COM/B/CESICIA/DROP-IN/N-5YC1VZUYFZ1Z19VGX
CESICIA	CESICIA	homedepot.com	HTTPS://WWW.HOMEDEPOT.COM/B/CESICIA/CUSHIONS-INCLUDED/N-5YC1VZUYFZ1Z1965K
CETECH	CETECH	homedepot.com	HTTPS://WWW.HOMEDEPOT.COM/B/CE-TECH/N-5YC1VZ9KR
CETECH	CETECH	homedepot.com	HTTPS://WWW.HOMEDEPOT.COM/B/ELECTRONICS-TV-HOME-THEATER/CE-TECH/N-5YC1VZC64JZ9KR
CETOOLS	CETOOLS	homedepot.com	HTTPS://WWW.HOMEDEPOT.COM/B/TOOLS-HAND-TOOLS-MARKING-TOOLS-LAYOUT-TOOLS-CHALK-LINES-AND-REELS/CE-TOOLS/N-5YC1VZC97IZSP2
CGSIGNLAB	CGSIGNLAB	homedepot.com	HTTPS://WWW.HOMEDEPOT.COM/B/CGSIGNLAB/N-5YC1VZOHG
CGSIGNLAB	CGSIGNLAB	homedepot.com	HTTPS://WWW.HOMEDEPOT.COM/B/HOME-DECOR-WALLPAPER-WALLPAPER-PANELS/CGSIGNLAB/N-5YC1VZ2FKOWL4ZOHG
CGSIGNLAB	CGSIGNLAB	homedepot.com	HTTPS://WWW.HOMEDEPOT.COM/B/CGSIGNLAB/1/N-5YC1VZOHGZ1Z1088M?STORESELECTION=&NAO=48
CGSIGNLAB	CGSIGNLAB	homedepot.com	HTTPS://WWW.HOMEDEPOT.COM/B/CGSIGNLAB/MODERN/N-5YC1VZOHGZ1Z0WUK1?_PXHC=1745280000276
CGSIGNLAB	CGSIGNLAB	homedepot.com	HTTPS://WWW.HOMEDEPOT.COM/B/HOME-DECOR-WALLPAPER/CGSIGNLAB/N-5YC1VZBC0QZOHG
CHAIN	CHAIN	homedepot.com	HTTPS://WWW.HOMEDEPOT.COM/B/HARDWARE-CHAINS-ROPES-CHAIN/N-5YC1VZC2A3
CHAMBERLAIN	CHAMBERLAIN	homedepot.com	HTTPS://WWW.HOMEDEPOT.COM/B/DOORS-WINDOWS-GARAGE-DOOR-OPENERS-AND-ACCESSORIES-GARAGE-DOOR-OPENERS/CHAMBERLAIN/N-5YC1VZ2FKPFUMZCC
CHAMBERLAIN	CHAMBERLAIN	homedepot.com	HTTPS://WWW.HOMEDEPOT.COM/B/CHAMBERLAIN/N-5YC1VZCC
CHAMPIONCOOLER	CHAMPIONCOOLER	homedepot.com	HTTPS://WWW.HOMEDEPOT.COM/B/HEATING-VENTING-COOLING-EVAPORATIVE-COOLERS/CHAMPION-COOLER/N-5YC1VZC4LRZ4BQ
CHAMPIONCOOLER	CHAMPIONCOOLER	homedepot.com	HTTPS://WWW.HOMEDEPOT.COM/B/CHAMPION-COOLER/N-5YC1VZ4BQ
CHAMPIONCOOLER	CHAMPIONCOOLER	homedepot.com	HTTPS://WWW.HOMEDEPOT.COM/B/HEATING-VENTING-COOLING-EVAPORATIVE-COOLERS-EVAPORATIVE-COOLER-PARTS-ACCESSORIES/CHAMPION-COOLER/N-5YC1VZC5AWZ4BQ
CHAMPIONCOOLER	CHAMPIONCOOLER	homedepot.com	HTTPS://WWW.HOMEDEPOT.COM/B/HEATING-VENTING-COOLING-EVAPORATIVE-COOLERS-WINDOW-EVAPORATIVE-COOLERS/CHAMPION-COOLER/N-5YC1VZCKB3Z4BQ
CHAMPIONPOWEREQUIPMENT	CHAMPIONPOWEREQUIPMENT	homedepot.com	HTTPS://WWW.HOMEDEPOT.COM/B/OUTDOORS-OUTDOOR-POWER-EQUIPMENT-GENERATORS/CHAMPION-POWER-EQUIPMENT/N-5YC1VZBX8LZ9XS
CHAMPIONPOWEREQUIPMENT	CHAMPIONPOWEREQUIPMENT	homedepot.com	HTTPS://WWW.HOMEDEPOT.COM/B/CHAMPION-POWER-EQUIPMENT/N-5YC1VZ9XS
CHANASYA	CHANASYA	homedepot.com	HTTPS://WWW.HOMEDEPOT.COM/B/HOME-DECOR-BEDDING/CHANASYA/N-5YC1VZCI04ZZQ9
CHANASYA	CHANASYA	homedepot.com	HTTPS://WWW.HOMEDEPOT.COM/B/CHANASYA/FITMENT/N-5YC1VZZQ9Z1Z18GK5
CHANDELIERS	CHANDELIERS	homedepot.com	HTTPS://WWW.HOMEDEPOT.COM/B/LIGHTING-CHANDELIERS/N-5YC1VZC7O0
CHANDRA	CHANDRA	homedepot.com	HTTPS://WWW.HOMEDEPOT.COM/B/CHANDRA/N-5YC1VZC7Z
CHANEYINSTRUMENTS	CHANEYINSTRUMENTS	homedepot.com	HTTPS://WWW.HOMEDEPOT.COM/B/CHANEY-INSTRUMENTS/N-5YC1VZCEH
CHANEYINSTRUMENTS	CHANEYINSTRUMENTS	homedepot.com	HTTPS://WWW.HOMEDEPOT.COM/B/HOME-DECOR-CLOCKS/CHANEY-INSTRUMENTS/N-5YC1VZ1Z18G7ZZCEH
CHANNELLOCK	CHANNELLOCK	homedepot.com	HTTPS://WWW.HOMEDEPOT.COM/B/TOOLS/CHANNELLOCK/N-5YC1VZC1XYZCF
CHANNELLOCK	CHANNELLOCK	homedepot.com	HTTPS://WWW.HOMEDEPOT.COM/B/CHANNELLOCK/N-5YC1VZCF
CHANNELLOCK	CHANNELLOCK	homedepot.com	HTTPS://WWW.HOMEDEPOT.COM/B/TOOLS-HAND-TOOLS-PLIERS/CHANNELLOCK/N-5YC1VZC987ZCF
CHANNELMASTER	CHANNELMASTER	homedepot.com	HTTPS://WWW.HOMEDEPOT.COM/B/ELECTRICAL-ELECTRONICS-TV-HOME-THEATER-ACCESSORIES-TV-ANTENNAS/CHANNEL-MASTER/N-5YC1VZC64PZBI8
CHAPIN	CHAPIN	homedepot.com	HTTPS://WWW.HOMEDEPOT.COM/B/OUTDOORS-GARDEN-CENTER-SPRAYERS/CHAPIN/N-5YC1VZCALKZEH2
CHAPIN	CHAPIN	homedepot.com	HTTPS://WWW.HOMEDEPOT.COM/B/CHAPIN/N-5YC1VZEH2
CHAPININTERNATIONAL	CHAPININTERNATIONAL	homedepot.com	HTTPS://WWW.HOMEDEPOT.COM/B/OUTDOORS-GARDEN-CENTER-SPRAYERS/CHAPIN-INTERNATIONAL/N-5YC1VZCALKZ3W1
CHAPININTERNATIONAL	CHAPININTERNATIONAL	homedepot.com	HTTPS://WWW.HOMEDEPOT.COM/B/CHAPIN-INTERNATIONAL/N-5YC1VZ3W1
CHARCOALCOMPANION	CHARCOALCOMPANION	homedepot.com	HTTPS://WWW.HOMEDEPOT.COM/B/CHARCOAL-COMPANION/N-5YC1VZD7H
CHARCOALCOMPANION	CHARCOALCOMPANION	homedepot.com	HTTPS://WWW.HOMEDEPOT.COM/B/OUTDOORS-OUTDOOR-COOKING-GRILL-ACCESSORIES-GRILL-TOOLS/CHARCOAL-COMPANION/N-5YC1VZBX9PZD7H
CHARCOALCOMPANION	CHARCOALCOMPANION	homedepot.com	HTTPS://WWW.HOMEDEPOT.COM/B/OUTDOORS-OUTDOOR-COOKING-GRILL-ACCESSORIES/CHARCOAL-COMPANION/N-5YC1VZBXCYZD7H
CHARCOALCOMPANION	CHARCOALCOMPANION	homedepot.com	HTTPS://WWW.HOMEDEPOT.COM/B/OUTDOORS-OUTDOOR-COOKING-GRILL-ACCESSORIES-GRILL-TOOLS-GRILLING-SETS/CHARCOAL-COMPANION/N-5YC1VZ1Z18G76ZD7H
CHARCOALCOMPANION	CHARCOALCOMPANION	homedepot.com	HTTPS://WWW.HOMEDEPOT.COM/B/OUTDOORS-OUTDOOR-COOKING-GRILL-ACCESSORIES-GRILLING-COOKWARE-GRILL-BASKETS/CHARCOAL-COMPANION/N-5YC1VZCD1NZD7H
CHARD	CHARD	homedepot.com	HTTPS://WWW.HOMEDEPOT.COM/B/OUTDOORS-GARDEN-CENTER-OUTDOOR-PLANTS-EDIBLE-GARDEN-VEGETABLE-PLANTS/CHARD/N-5YC1VZC8R4Z1Z1BQBN
CHARGEBALL	CHARGEBALL	homedepot.com	HTTPS://WWW.HOMEDEPOT.COM/B/SPORTS-OUTDOORS-OUTDOOR-SPORTS/CHARGEBALL/N-5YC1VZCBWGZV5V
CHARGEHUB	CHARGEHUB	homedepot.com	HTTPS://WWW.HOMEDEPOT.COM/B/ELECTRICAL/CHARGEHUB/N-5YC1VZARCDZTX6
CHARGEHUB	CHARGEHUB	homedepot.com	HTTPS://WWW.HOMEDEPOT.COM/B/CHARGEHUB/N-5YC1VZTX6
CHARGEITBYJAY	CHARGEITBYJAY	homedepot.com	HTTPS://WWW.HOMEDEPOT.COM/B/CHARGEIT-BY-JAY/325-LB/N-5YC1VZMTFZ1Z10503
CHARGEPOINT	CHARGEPOINT	homedepot.com	HTTPS://WWW.HOMEDEPOT.COM/B/ELECTRICAL-RENEWABLE-ENERGY-EV-CHARGERS/CHARGEPOINT/N-5YC1VZC3GJZH8C
CHARGEWORX	CHARGEWORX	homedepot.com	HTTPS://WWW.HOMEDEPOT.COM/B/CHARGEWORX/N-5YC1VZZWY
CHARGRILLER	CHARGRILLER	homedepot.com	HTTPS://WWW.HOMEDEPOT.COM/B/OUTDOORS-OUTDOOR-COOKING-GRILLS/CHAR-GRILLER/N-5YC1VZBXAZZ97R
CHARGRILLER	CHARGRILLER	homedepot.com	HTTPS://WWW.HOMEDEPOT.COM/B/CHAR-GRILLER/N-5YC1VZ97R
CHARLOTTEPIPE	CHARLOTTEPIPE	homedepot.com	HTTPS://WWW.HOMEDEPOT.COM/B/PLUMBING-PIPE-FITTINGS/CHARLOTTE-PIPE/N-5YC1VZBQPFZ2OX
CHARLOTTEPIPE	CHARLOTTEPIPE	homedepot.com	HTTPS://WWW.HOMEDEPOT.COM/B/PLUMBING-PIPE-FITTINGS-PIPE-PVC-PIPE/CHARLOTTE-PIPE/N-5YC1VZ1Z18I41Z2OX
CHARLOTTEPIPE	CHARLOTTEPIPE	homedepot.com	HTTPS://WWW.HOMEDEPOT.COM/B/CHARLOTTE-PIPE/N-5YC1VZ2OX
CHARLOTTEPIPE	CHARLOTTEPIPE	homedepot.com	HTTPS://WWW.HOMEDEPOT.COM/B/PLUMBING-PIPE-FITTINGS-FITTINGS-PVC-FITTINGS/CHARLOTTE-PIPE/N-5YC1VZ1Z18I3XZ2OX
CHARMIN	CHARMIN	homedepot.com	HTTPS://WWW.HOMEDEPOT.COM/B/CLEANING-PAPER-PRODUCTS-TOILET-PAPER/CHARMIN/N-5YC1VZCB2KZ4M7
CHARMIN	CHARMIN	homedepot.com	HTTPS://WWW.HOMEDEPOT.COM/B/CHARMIN/N-5YC1VZ4M7
CHECKEREDCHEF	CHECKEREDCHEF	homedepot.com	HTTPS://WWW.HOMEDEPOT.COM/B/KITCHEN-KITCHENWARE-BAKEWARE-BAKING-SHEETS/CHECKERED-CHEF/N-5YC1VZC7GAZXTU
CHECKOLITE	CHECKOLITE	homedepot.com	HTTPS://WWW.HOMEDEPOT.COM/B/LIGHTING/CHECKOLITE/N-5YC1VZBVN5Z5IU
CHECKOLITE	CHECKOLITE	homedepot.com	HTTPS://WWW.HOMEDEPOT.COM/B/LIGHTING-CHANDELIERS/CHECKOLITE/N-5YC1VZC7O0Z5IU
CHEFBUDDY	CHEFBUDDY	homedepot.com	HTTPS://WWW.HOMEDEPOT.COM/B/CHEF-BUDDY/N-5YC1VZBOV
CHEFBUDDY	CHEFBUDDY	homedepot.com	HTTPS://WWW.HOMEDEPOT.COM/B/KITCHEN/CHEF-BUDDY/N-5YC1VZAR4IZBOV
CHEFBUDDY	CHEFBUDDY	homedepot.com	HTTPS://WWW.HOMEDEPOT.COM/B/APPLIANCES/CHEF-BUDDY/N-5YC1VZBV1WZBOV
CHEFGEAR	CHEFGEAR	homedepot.com	HTTPS://WWW.HOMEDEPOT.COM/B/CHEF-GEAR/N-5YC1VZEYZ
CHEFGIANT	CHEFGIANT	homedepot.com	HTTPS://WWW.HOMEDEPOT.COM/B/CHEFGIANT/N-5YC1VZT0A
CHEFGIANT	CHEFGIANT	homedepot.com	HTTPS://WWW.HOMEDEPOT.COM/B/KITCHEN-KITCHENWARE/CHEFGIANT/N-5YC1VZAQZOZT0A
CHEFGIANT	CHEFGIANT	homedepot.com	HTTPS://WWW.HOMEDEPOT.COM/B/KITCHEN-KITCHENWARE-KITCHEN-GADGETS-TOOLS/CHEFGIANT/N-5YC1VZC7GIZT0A
CHEFGIANT	CHEFGIANT	homedepot.com	HTTPS://WWW.HOMEDEPOT.COM/B/OUTDOORS-OUTDOOR-COOKING-GRILL-ACCESSORIES-GRILL-TOOLS-GRILL-TONGS/CHEFGIANT/N-5YC1VZ1Z18G7FZT0A
CHEFIQ	CHEFIQ	homedepot.com	HTTPS://WWW.HOMEDEPOT.COM/B/CHEF-IQ/N-5YC1VZTMJ
CHEFMAN	CHEFMAN	homedepot.com	HTTPS://WWW.HOMEDEPOT.COM/B/APPLIANCES/CHEFMAN/N-5YC1VZBV1WZDIM
CHEFMAN	CHEFMAN	homedepot.com	HTTPS://WWW.HOMEDEPOT.COM/B/APPLIANCES-SMALL-KITCHEN-APPLIANCES/CHEFMAN/N-5YC1VZBV48ZDIM
CHEFSGRILL	CHEFSGRILL	homedepot.com	HTTPS://WWW.HOMEDEPOT.COM/B/OUTDOORS-OUTDOOR-COOKING-GRILLS/CHEFS-GRILL/N-5YC1VZBXAZZG2N
CHEFSGRILL	CHEFSGRILL	homedepot.com	HTTPS://WWW.HOMEDEPOT.COM/B/OUTDOORS-OUTDOOR-COOKING-GRILLS-GAS-GRILLS-PROPANE-GRILLS/CHEFS-GRILL/N-5YC1VZC5T2ZG2N
CHEFSGRILL	CHEFSGRILL	homedepot.com	HTTPS://WWW.HOMEDEPOT.COM/B/OUTDOORS-OUTDOOR-COOKING-GRILLS-GAS-GRILLS/CHEFS-GRILL/N-5YC1VZC5T5ZG2N
CHELSEAHOMEFURNITURE	CHELSEAHOMEFURNITURE	homedepot.com	HTTPS://WWW.HOMEDEPOT.COM/B/FURNITURE-LIVING-ROOM-FURNITURE-SOFAS-COUCHES/CHELSEA-HOME-FURNITURE/N-5YC1VZC7OYZO7S
CHELSEAHOMEFURNITURE	CHELSEAHOMEFURNITURE	homedepot.com	HTTPS://WWW.HOMEDEPOT.COM/B/FURNITURE-LIVING-ROOM-FURNITURE/CHELSEA-HOME-FURNITURE/N-5YC1VZC7P3ZO7S
CHEMDRY	CHEMDRY	homedepot.com	HTTPS://WWW.HOMEDEPOT.COM/B/CHEMDRY/N-5YC1VZ42P
CHEMDRY	CHEMDRY	homedepot.com	HTTPS://WWW.HOMEDEPOT.COM/B/CLEANING-CLEANING-PRODUCTS/CHEMDRY/N-5YC1VZCB33Z42P
CHEMDRY	CHEMDRY	homedepot.com	HTTPS://WWW.HOMEDEPOT.COM/B/CLEANING-CLEANING-PRODUCTS-STAIN-REMOVERS-CARPET-STAIN-REMOVERS/CHEMDRY/N-5YC1VZ2FKOWGKZ42P
CHEMDRY	CHEMDRY	homedepot.com	HTTPS://WWW.HOMEDEPOT.COM/B/CLEANING/CHEMDRY/N-5YC1VZBQSIZ42P
CHEMDRY	CHEMDRY	homedepot.com	HTTPS://WWW.HOMEDEPOT.COM/B/HIGHLY-RATED/CHEMDRY/N-5YC1VZ42PZBWO5O
CHEMICALGUYS	CHEMICALGUYS	homedepot.com	HTTPS://WWW.HOMEDEPOT.COM/B/CHEMICAL-GUYS/N-5YC1VZNC2
CHEMTAINER	CHEMTAINER	homedepot.com	HTTPS://WWW.HOMEDEPOT.COM/B/CHEMTAINER/N-5YC1VZOEM
CHEMTAINER	CHEMTAINER	homedepot.com	HTTPS://WWW.HOMEDEPOT.COM/B/PLUMBING-PLUMBING-PARTS-WATER-STORAGE-TANKS/CHEMTAINER/N-5YC1VZBUSJZOEM
CHEMTAINERINDUSTRIES	CHEMTAINERINDUSTRIES	homedepot.com	HTTPS://WWW.HOMEDEPOT.COM/B/CHEM-TAINER-INDUSTRIES/N-5YC1VZ6BZ
CHEMTAINERINDUSTRIES	CHEMTAINERINDUSTRIES	homedepot.com	HTTPS://WWW.HOMEDEPOT.COM/B/PLUMBING-PLUMBING-PARTS-WATER-STORAGE-TANKS/CHEM-TAINER-INDUSTRIES/N-5YC1VZBUSJZ6BZ
CHEMTAINERINDUSTRIES	CHEMTAINERINDUSTRIES	homedepot.com	HTTPS://WWW.HOMEDEPOT.COM/B/PLUMBING-PLUMBING-PARTS/CHEM-TAINER-INDUSTRIES/N-5YC1VZBQKPZ6BZ
CHERNE	CHERNE	homedepot.com	HTTPS://WWW.HOMEDEPOT.COM/B/PLUMBING-PIPE-FITTINGS/CHERNE/PLUG/N-5YC1VZBQPFZ2DAZ1Z114X6
CHERNE	CHERNE	homedepot.com	HTTPS://WWW.HOMEDEPOT.COM/B/CHERNE/N-5YC1VZ2DA
CHERRYVALLEYFEEDER	CHERRYVALLEYFEEDER	homedepot.com	HTTPS://WWW.HOMEDEPOT.COM/B/OUTDOORS-PET-SUPPLIES-WILDLIFE-BIRD-WILDLIFE-SUPPLIES-BIRD-FEEDERS/CHERRY-VALLEY-FEEDER/N-5YC1VZC7O3Z9ME
CHERRYVALLEYFEEDER	CHERRYVALLEYFEEDER	homedepot.com	HTTPS://WWW.HOMEDEPOT.COM/B/OUTDOORS-PET-SUPPLIES-WILDLIFE-BIRD-WILDLIFE-SUPPLIES/CHERRY-VALLEY-FEEDER/N-5YC1VZC7PZZ9ME
CHERUBIC	CHERUBIC	homedepot.com	HTTPS://WWW.HOMEDEPOT.COM/B/PAINT-PAINT-COLORS/CHERUBIC/N-5YC1VZCAW8Z1Z0PK5B
CHESAPEAKEMERCHANDISING	CHESAPEAKEMERCHANDISING	homedepot.com	HTTPS://WWW.HOMEDEPOT.COM/B/CHESAPEAKE-MERCHANDISING/N-5YC1VZESW
CHESAPEAKEMERCHANDISING	CHESAPEAKEMERCHANDISING	homedepot.com	HTTPS://WWW.HOMEDEPOT.COM/B/CHESAPEAKE-MERCHANDISING/MACHINE-MADE/N-5YC1VZESWZ1Z187NC
CHESAPEAKEMERCHANDISING	CHESAPEAKEMERCHANDISING	homedepot.com	HTTPS://WWW.HOMEDEPOT.COM/B/FLOORING-RUGS-AREA-RUGS/CHESAPEAKE-MERCHANDISING/N-5YC1VZARJGZESW
CHESAPEAKEMERCHANDISING	CHESAPEAKEMERCHANDISING	homedepot.com	HTTPS://WWW.HOMEDEPOT.COM/B/CHESAPEAKE-MERCHANDISING-INC/N-5YC1VZYR7
CHESAPEAKEMERCHANDISING	CHESAPEAKEMERCHANDISING	homedepot.com	HTTPS://WWW.HOMEDEPOT.COM/B/FLOORING/CHESAPEAKE-MERCHANDISING/N-5YC1VZAQ7RZESW
CHESAPEAKEMERCHANDISING	CHESAPEAKEMERCHANDISING	homedepot.com	HTTPS://WWW.HOMEDEPOT.COM/B/HOME-DECOR-BEDDING-BATH-BATHROOM-RUGS-BATH-MATS/CHESAPEAKE-MERCHANDISING/N-5YC1VZCEA4ZESW
CHESTOFDRAWERS	CHESTOFDRAWERS	homedepot.com	HTTPS://WWW.HOMEDEPOT.COM/B/FURNITURE-BEDROOM-FURNITURE-CHEST-OF-DRAWERS/N-5YC1VZ2FKOQ99
CHEUNGS	CHEUNGS	homedepot.com	HTTPS://WWW.HOMEDEPOT.COM/B/CHEUNGS/N-5YC1VZP8D
CHFINDUSTRIES	CHFINDUSTRIES	homedepot.com	HTTPS://WWW.HOMEDEPOT.COM/B/CHF-INDUSTRIES/N-5YC1VZRGP
CHFINDUSTRIES	CHFINDUSTRIES	homedepot.com	HTTPS://WWW.HOMEDEPOT.COM/B/WINDOW-TREATMENTS/CHF-INDUSTRIES/N-5YC1VZAR4WZRGP
CHFINDUSTRIES	CHFINDUSTRIES	homedepot.com	HTTPS://WWW.HOMEDEPOT.COM/B/WINDOW-TREATMENTS-CURTAINS-DRAPES/CHF-INDUSTRIES/N-5YC1VZARFWZRGP
CHGCLASSICHOMEGARDEN	CHGCLASSICHOMEGARDEN	homedepot.com	HTTPS://WWW.HOMEDEPOT.COM/B/OUTDOORS-GARDEN-CENTER-PLANTERS-PLANT-POTS/CHG-CLASSIC-HOME-GARDEN/N-5YC1VZBX87ZV6K
CHGCLASSICHOMEGARDEN	CHGCLASSICHOMEGARDEN	homedepot.com	HTTPS://WWW.HOMEDEPOT.COM/B/CHG-CLASSIC-HOME-GARDEN/N-5YC1VZV6K
CHGCLASSICHOMEGARDEN	CHGCLASSICHOMEGARDEN	homedepot.com	HTTPS://WWW.HOMEDEPOT.COM/B/OUTDOORS/CHG-CLASSIC-HOME-GARDEN/N-5YC1VZBX82ZV6K
CHGCLASSICHOMEGARDEN	CHGCLASSICHOMEGARDEN	homedepot.com	HTTPS://WWW.HOMEDEPOT.COM/B/OUTDOORS-GARDEN-CENTER-PLANTERS-PLANT-POTS/CHG-CLASSIC-HOME-GARDEN/ROUND/N-5YC1VZBX87ZV6KZ1Z1DAX6
CHGCLASSICHOMEGARDEN	CHGCLASSICHOMEGARDEN	homedepot.com	HTTPS://WWW.HOMEDEPOT.COM/B/CHG-CLASSIC-HOME-GARDEN/SELF-WATERING/N-5YC1VZV6KZ1Z0PQPE
CHGCLASSICHOMEGARDEN	CHGCLASSICHOMEGARDEN	homedepot.com	HTTPS://WWW.HOMEDEPOT.COM/B/CHG-CLASSIC-HOME-GARDEN/EXCLUSIVE/N-5YC1VZV6KZ1Z17HRL
CHGCLASSICHOMEGARDEN	CHGCLASSICHOMEGARDEN	homedepot.com	HTTPS://WWW.HOMEDEPOT.COM/B/OUTDOORS-GARDEN-CENTER-PLANTERS-PLANT-POTS/CHG-CLASSIC-HOME-GARDEN/DRAINAGE-HOLES/N-5YC1VZBX87ZV6KZ1Z0PQPH
CHICAGOCUTLERY	CHICAGOCUTLERY	homedepot.com	HTTPS://WWW.HOMEDEPOT.COM/B/KITCHEN-KITCHENWARE-CUTLERY-KNIFE-SETS/CHICAGO-CUTLERY/N-5YC1VZCF1OZ28P
CHICAGOCUTLERY	CHICAGOCUTLERY	homedepot.com	HTTPS://WWW.HOMEDEPOT.COM/B/CHICAGO-CUTLERY/N-5YC1VZ28P
CHICAGOFAUCETS	CHICAGOFAUCETS	homedepot.com	HTTPS://WWW.HOMEDEPOT.COM/B/CHICAGO-FAUCETS/N-5YC1VZAO4
CHICAGOPNEUMATIC	CHICAGOPNEUMATIC	homedepot.com	HTTPS://WWW.HOMEDEPOT.COM/B/TOOLS/CHICAGO-PNEUMATIC/N-5YC1VZC1XYZFRA
CHICAGOPNEUMATIC	CHICAGOPNEUMATIC	homedepot.com	HTTPS://WWW.HOMEDEPOT.COM/B/TOOLS-AIR-COMPRESSOR-TOOLS-AIR-TOOLS/CHICAGO-PNEUMATIC/N-5YC1VZC9NQZFRA
CHICAGOPNEUMATIC	CHICAGOPNEUMATIC	homedepot.com	HTTPS://WWW.HOMEDEPOT.COM/B/CHICAGO-PNEUMATIC/N-5YC1VZFRA
CHICOLOGY	CHICOLOGY	homedepot.com	HTTPS://WWW.HOMEDEPOT.COM/B/CHICOLOGY/N-5YC1VZD87
CHICOLOGY	CHICOLOGY	homedepot.com	HTTPS://WWW.HOMEDEPOT.COM/B/WINDOW-TREATMENTS/CHICOLOGY/N-5YC1VZAR4WZD87
CHICOLOGY	CHICOLOGY	homedepot.com	HTTPS://WWW.HOMEDEPOT.COM/B/WINDOW-TREATMENTS-BLINDS/CHICOLOGY/N-5YC1VZCH24ZD87
CHICOPEE	CHICOPEE	homedepot.com	HTTPS://WWW.HOMEDEPOT.COM/B/CLEANING-CLEANING-TOOLS-CLEANING-CLOTHS/CHICOPEE/N-5YC1VZCB3MZROP
CHILDSAFETY	CHILDSAFETY	homedepot.com	HTTPS://WWW.HOMEDEPOT.COM/B/TOOLS-SAFETY-SECURITY-HOME-SAFETY-CHILD-SAFETY/N-5YC1VZC22G
CHIMCAPCORP	CHIMCAPCORP	homedepot.com	HTTPS://WWW.HOMEDEPOT.COM/B/HEATING-VENTING-COOLING-FIREPLACES/CHIM-CAP-CORP/N-5YC1VZC4LBZBVA
CHIMCAPCORP	CHIMCAPCORP	homedepot.com	HTTPS://WWW.HOMEDEPOT.COM/B/CHIM-CAP-CORP/N-5YC1VZBVA
CHIMCAPCORP	CHIMCAPCORP	homedepot.com	HTTPS://WWW.HOMEDEPOT.COM/B/HEATING-VENTING-COOLING-FIREPLACES-FIREPLACE-ACCESSORIES/CHIM-CAP-CORP/N-5YC1VZC6HDZBVA
CHIMCAPCORP	CHIMCAPCORP	homedepot.com	HTTPS://WWW.HOMEDEPOT.COM/B/HEATING-VENTING-COOLING-FIREPLACES-FIREPLACE-ACCESSORIES-CHIMNEY-LINERS/CHIM-CAP-CORP/N-5YC1VZCC0CZBVA
CHIMCAPCORP	CHIMCAPCORP	homedepot.com	HTTPS://WWW.HOMEDEPOT.COM/B/HEATING-VENTING-COOLING-FIREPLACES-FIREPLACE-ACCESSORIES-CHIMNEY-PIPE/CHIM-CAP-CORP/N-5YC1VZCC2ZZBVA
CHIMNEYFREE	CHIMNEYFREE	homedepot.com	HTTPS://WWW.HOMEDEPOT.COM/B/CHIMNEY-FREE/N-5YC1VZ3EB
CHIMNEYFREE	CHIMNEYFREE	homedepot.com	HTTPS://WWW.HOMEDEPOT.COM/B/HEATING-VENTING-COOLING-FIREPLACES/CHIMNEY-FREE/N-5YC1VZC4LBZ3EB
CHIMNEYFREE	CHIMNEYFREE	homedepot.com	HTTPS://WWW.HOMEDEPOT.COM/B/HEATING-VENTING-COOLING-FIREPLACES-ELECTRIC-FIREPLACES-FREESTANDING-ELECTRIC-FIREPLACES/CHIMNEY-FREE/N-5YC1VZCHMDZ3EB
CHIMNEYFREE	CHIMNEYFREE	homedepot.com	HTTPS://WWW.HOMEDEPOT.COM/B/HEATING-VENTING-COOLING-FIREPLACES-ELECTRIC-FIREPLACES-FIREPLACE-TV-STANDS/CHIMNEY-FREE/N-5YC1VZC4L1Z3EB
CHIMNEYRX	CHIMNEYRX	homedepot.com	HTTPS://WWW.HOMEDEPOT.COM/B/BUILDING-MATERIALS-ROOFING/CHIMNEYRX/N-5YC1VZAQ7MZ10D1
CHIMNEYRX	CHIMNEYRX	homedepot.com	HTTPS://WWW.HOMEDEPOT.COM/B/CHIMNEYRX/N-5YC1VZ10D1
CHIPMUNK	CHIPMUNK	homedepot.com	HTTPS://WWW.HOMEDEPOT.COM/B/OUTDOORS-GARDEN-CENTER-PEST-CONTROL-ANIMAL-RODENT-CONTROL-TRAPS/CHIPMUNK/N-5YC1VZ2FKOQFWZ1Z1TSHE
CHIX	CHIX	homedepot.com	HTTPS://WWW.HOMEDEPOT.COM/B/CLEANING-CLEANING-TOOLS-CLEANING-CLOTHS/CHIX/N-5YC1VZCB3MZABK
CHLOELIGHTING	CHLOELIGHTING	homedepot.com	HTTPS://WWW.HOMEDEPOT.COM/B/LIGHTING/CHLOE-LIGHTING/N-5YC1VZBVN5ZBKT
CHLOELIGHTING	CHLOELIGHTING	homedepot.com	HTTPS://WWW.HOMEDEPOT.COM/B/LIGHTING-OUTDOOR-LIGHTING-OUTDOOR-WALL-LIGHTING/CHLOE-LIGHTING/N-5YC1VZC7QQZBKT
CHLOELIGHTING	CHLOELIGHTING	homedepot.com	HTTPS://WWW.HOMEDEPOT.COM/B/LIGHTING-LAMPS-TABLE-LAMPS/CHLOE-LIGHTING/N-5YC1VZC7PTZBKT
CHOKEBERRY	CHOKEBERRY	homedepot.com	HTTPS://WWW.HOMEDEPOT.COM/B/OUTDOORS-GARDEN-CENTER-OUTDOOR-PLANTS-BUSHES/CHOKEBERRY/N-5YC1VZC8R6Z1Z1BS10
CHOME	CHOME	homedepot.com	HTTPS://WWW.HOMEDEPOT.COM/B/BATH-BATHROOM-FAUCETS-BATHTUB-FAUCETS/CHOME/N-5YC1VZCD07Z1Z0Z8YZ
CHOPETREE	CHOPETREE	homedepot.com	HTTPS://WWW.HOMEDEPOT.COM/B/C-HOPETREE/N-5YC1VZULC
CHRISANDCHRIS	CHRISANDCHRIS	homedepot.com	HTTPS://WWW.HOMEDEPOT.COM/B/CHRIS-AND-CHRIS/N-5YC1VZN2D
CHRISANDCHRIS	CHRISANDCHRIS	homedepot.com	HTTPS://WWW.HOMEDEPOT.COM/B/FURNITURE-KITCHEN-DINING-ROOM-FURNITURE-CARTS-UTILITY-TABLES-KITCHEN-CARTS/CHRIS-AND-CHRIS/N-5YC1VZCF2CZN2D
CHRISLOVESJULIA	CHRISLOVESJULIA	homedepot.com	HTTPS://WWW.HOMEDEPOT.COM/B/CHRIS-LOVES-JULIA/N-5YC1VZYI8
CHRISLOVESJULIA	CHRISLOVESJULIA	homedepot.com	HTTPS://WWW.HOMEDEPOT.COM/B/HOME-DECOR/CHRIS-LOVES-JULIA/N-5YC1VZAS6PZYI8
CHRISLOVESJULIA	CHRISLOVESJULIA	homedepot.com	HTTPS://WWW.HOMEDEPOT.COM/B/HOME-DECOR-WALLPAPER/CHRIS-LOVES-JULIA/N-5YC1VZBC0QZYI8
CHRISTIANSIRIANONEWYORK	CHRISTIANSIRIANONEWYORK	homedepot.com	HTTPS://WWW.HOMEDEPOT.COM/B/CHRISTIAN-SIRIANO-NEW-YORK/N-5YC1VZQBJ
CHRISTOPHERKNIGHTCOLLECTION	CHRISTOPHERKNIGHTCOLLECTION	homedepot.com	HTTPS://WWW.HOMEDEPOT.COM/B/CHRISTOPHER-KNIGHT-COLLECTION/N-5YC1VZQXU
CHRISTOPHERKNIGHTCOLLECTION	CHRISTOPHERKNIGHTCOLLECTION	homedepot.com	HTTPS://WWW.HOMEDEPOT.COM/B/HOME-DECOR-WALL-DECOR/CHRISTOPHER-KNIGHT-COLLECTION/N-5YC1VZAR8XZQXU
CHRISTOPHERKNIGHTCOLLECTION	CHRISTOPHERKNIGHTCOLLECTION	homedepot.com	HTTPS://WWW.HOMEDEPOT.COM/B/HOME-DECOR/CHRISTOPHER-KNIGHT-COLLECTION/N-5YC1VZAS6PZQXU
CHRISTOPHERKNIGHTCOLLECTION	CHRISTOPHERKNIGHTCOLLECTION	homedepot.com	HTTPS://WWW.HOMEDEPOT.COM/B/CHRISTOPHER-KNIGHT-COLLECTION/SMALL-UNDER-20-IN/N-5YC1VZQXUZ1Z1CO7V
CHRISTOPHERKNIGHTHOME	CHRISTOPHERKNIGHTHOME	homedepot.com	HTTPS://WWW.HOMEDEPOT.COM/B/FURNITURE/CHRISTOPHER-KNIGHT-HOME/N-5YC1VZC7PCZZN8
CHRISTOPHERKNIGHTHOME	CHRISTOPHERKNIGHTHOME	homedepot.com	HTTPS://WWW.HOMEDEPOT.COM/B/CHRISTOPHER-KNIGHT-HOME/N-5YC1VZZN8
CHRISTOPHERKNIGHTHOME	CHRISTOPHERKNIGHTHOME	homedepot.com	HTTPS://WWW.HOMEDEPOT.COM/B/OUTDOORS-PATIO-FURNITURE-PATIO-CHAIRS/CHRISTOPHER-KNIGHT-HOME/N-5YC1VZC1XKZZN8
CHRISTOPHERKNIGHTHOME	CHRISTOPHERKNIGHTHOME	homedepot.com	HTTPS://WWW.HOMEDEPOT.COM/B/OUTDOORS-PATIO-FURNITURE/CHRISTOPHER-KNIGHT-HOME/N-5YC1VZBX4OZZN8
CHRISTOPHERKNIGHTHOME	CHRISTOPHERKNIGHTHOME	homedepot.com	HTTPS://WWW.HOMEDEPOT.COM/B/FURNITURE-BEDROOM-FURNITURE/CHRISTOPHER-KNIGHT-HOME/N-5YC1VZC7PEZZN8
CHRONOMITE	CHRONOMITE	homedepot.com	HTTPS://WWW.HOMEDEPOT.COM/B/CHRONOMITE/N-5YC1VZNLY
CHRONOMITE	CHRONOMITE	homedepot.com	HTTPS://WWW.HOMEDEPOT.COM/B/PLUMBING-WATER-HEATERS/CHRONOMITE/N-5YC1VZBQLYZNLY
CHULUX	CHULUX	homedepot.com	HTTPS://WWW.HOMEDEPOT.COM/B/CHULUX/N-5YC1VZPF5
CIARRA	CIARRA	homedepot.com	HTTPS://WWW.HOMEDEPOT.COM/B/APPLIANCES/CIARRA/N-5YC1VZBV1WZY4O
CIATA	CIATA	homedepot.com	HTTPS://WWW.HOMEDEPOT.COM/B/LIGHTING/CIATA/N-5YC1VZBVN5ZU69
CIATA	CIATA	homedepot.com	HTTPS://WWW.HOMEDEPOT.COM/B/CIATA/N-5YC1VZU69
CIATA	CIATA	homedepot.com	HTTPS://WWW.HOMEDEPOT.COM/B/LIGHTING-CEILING-FANS/CIATA/N-5YC1VZBVLQZU69
CIATA	CIATA	homedepot.com	HTTPS://WWW.HOMEDEPOT.COM/B/LIGHTING-COMMERCIAL-LIGHTING-EMERGENCY-EXIT-LIGHTS/CIATA/N-5YC1VZC9GVZU69
CIATA	CIATA	homedepot.com	HTTPS://WWW.HOMEDEPOT.COM/B/LIGHTING-COMMERCIAL-LIGHTING/CIATA/N-5YC1VZC7BUZU69
CIATA	CIATA	homedepot.com	HTTPS://WWW.HOMEDEPOT.COM/B/LIGHTING-CEILING-FANS-CEILING-FANS-WITH-LIGHTS/CIATA/N-5YC1VZCJNUZU69
CIATA	CIATA	homedepot.com	HTTPS://WWW.HOMEDEPOT.COM/B/LIGHTING-OUTDOOR-LIGHTING/CIATA/N-5YC1VZC7QVZU69
CIATALIGHTING	CIATALIGHTING	homedepot.com	HTTPS://WWW.HOMEDEPOT.COM/B/LIGHTING-COMMERCIAL-LIGHTING/CIATA-LIGHTING/N-5YC1VZC7BUZZ9L
CIFIAL	CIFIAL	homedepot.com	HTTPS://WWW.HOMEDEPOT.COM/B/CIFIAL/N-5YC1VZC4U
CILIO	CILIO	homedepot.com	HTTPS://WWW.HOMEDEPOT.COM/B/CILIO/N-5YC1VZH8K
CILIO	CILIO	homedepot.com	HTTPS://WWW.HOMEDEPOT.COM/B/APPLIANCES/CILIO/N-5YC1VZBV1WZH8K
CINDERBLOCK	CINDERBLOCK	homedepot.com	HTTPS://WWW.HOMEDEPOT.COM/B/BUILDING-MATERIALS-CONCRETE-CEMENT-MASONRY-CINDER-BLOCKS/CINDER-BLOCK/N-5YC1VZCDPEZ1Z0MM2X
CINEMOOD	CINEMOOD	homedepot.com	HTTPS://WWW.HOMEDEPOT.COM/B/CINEMOOD/N-5YC1VZMJV
CINEMOOD	CINEMOOD	homedepot.com	HTTPS://WWW.HOMEDEPOT.COM/B/HIGHLY-RATED/CINEMOOD/N-5YC1VZMJVZBWO5O
CINKEDA	CINKEDA	homedepot.com	HTTPS://WWW.HOMEDEPOT.COM/B/LIGHTING-LAMPS/CINKEDA/N-5YC1VZC7PDZYMP
CIPACHO	CIPACHO	homedepot.com	HTTPS://WWW.HOMEDEPOT.COM/B/CIPACHO/N-5YC1VZU0J
CIPACHO	CIPACHO	homedepot.com	HTTPS://WWW.HOMEDEPOT.COM/B/LIGHTING-CEILING-FANS-CEILING-FANS-WITH-LIGHTS/CIPACHO/N-5YC1VZCJNUZU0J
CIPACHO	CIPACHO	homedepot.com	HTTPS://WWW.HOMEDEPOT.COM/B/FURNITURE-LIVING-ROOM-FURNITURE-COFFEE-TABLES/CIPACHO/N-5YC1VZCF8ZZU0J
CIPACHO	CIPACHO	homedepot.com	HTTPS://WWW.HOMEDEPOT.COM/B/FURNITURE-HOME-OFFICE-FURNITURE-DESKS/CIPACHO/N-5YC1VZC7OGZU0J
CIPACHO	CIPACHO	homedepot.com	HTTPS://WWW.HOMEDEPOT.COM/B/LIGHTING/CIPACHO/HALOGEN/N-5YC1VZBVN5ZU0JZ1Z0OGMT
CIPAUSA	CIPAUSA	homedepot.com	HTTPS://WWW.HOMEDEPOT.COM/B/CIPA%C2%A0USA-INC/N-5YC1VZPZM
CIRCLESOCIETY	CIRCLESOCIETY	homedepot.com	HTTPS://WWW.HOMEDEPOT.COM/B/SPORTS-OUTDOORS-OUTDOOR-SPORTS-SKATING-ROLLERSKATES/CIRCLE-SOCIETY/N-5YC1VZCBX5ZMU7
CIRCLEWARE	CIRCLEWARE	homedepot.com	HTTPS://WWW.HOMEDEPOT.COM/B/CIRCLEWARE/N-5YC1VZM3M
CIRCLEWARE	CIRCLEWARE	homedepot.com	HTTPS://WWW.HOMEDEPOT.COM/B/KITCHEN-TABLEWARE-BAR-DRINKWARE/CIRCLEWARE/N-5YC1VZ2FKP36VZM3M
CIRCLEWARE	CIRCLEWARE	homedepot.com	HTTPS://WWW.HOMEDEPOT.COM/B/CIRCLEWARE/GLASS/N-5YC1VZM3MZ1Z0UH5X
CIRCULON	CIRCULON	homedepot.com	HTTPS://WWW.HOMEDEPOT.COM/B/KITCHEN-KITCHENWARE-COOKWARE/CIRCULON/N-5YC1VZC7G9Z6WN
CIRCULONCONTEMPO	CIRCULONCONTEMPO	homedepot.com	HTTPS://WWW.HOMEDEPOT.COM/B/KITCHEN-KITCHENWARE-COOKWARE-POT-PAN-SETS/CIRCULON-CONTEMPO/N-5YC1VZCENZZ1Z1AML7
CISVIO	CISVIO	homedepot.com	HTTPS://WWW.HOMEDEPOT.COM/B/CISVIO/N-5YC1VZTBH
CISVIO	CISVIO	homedepot.com	HTTPS://WWW.HOMEDEPOT.COM/B/OUTDOORS-PATIO-FURNITURE-PATIO-TABLES-PICNIC-TABLES/CISVIO/N-5YC1VZCCG9ZTBH
CITRASOLV	CITRASOLV	homedepot.com	HTTPS://WWW.HOMEDEPOT.COM/B/CITRA-SOLV/N-5YC1VZRN5
CITRISTRIP	CITRISTRIP	homedepot.com	HTTPS://WWW.HOMEDEPOT.COM/B/CITRISTRIP/N-5YC1VZCS
CITRONELLA	CITRONELLA	homedepot.com	HTTPS://WWW.HOMEDEPOT.COM/B/OUTDOORS-GARDEN-CENTER-OUTDOOR-PLANTS/CITRONELLA/N-5YC1VZC8RGZ1Z1BQIW
CITRUSMAGIC	CITRUSMAGIC	homedepot.com	HTTPS://WWW.HOMEDEPOT.COM/B/CITRUS-MAGIC/N-5YC1VZ6WW
CITYPICKERS	CITYPICKERS	homedepot.com	HTTPS://WWW.HOMEDEPOT.COM/B/CITY-PICKERS/N-5YC1VZ71J
CITYPICKERS	CITYPICKERS	homedepot.com	HTTPS://WWW.HOMEDEPOT.COM/B/OUTDOORS-GARDEN-CENTER-RAISED-GARDEN-BEDS/CITY-PICKERS/N-5YC1VZBX7CZ71J
CITYPICKERS	CITYPICKERS	homedepot.com	HTTPS://WWW.HOMEDEPOT.COM/B/OUTDOORS-GARDEN-CENTER/CITY-PICKERS/N-5YC1VZBX6KZ71J
CITYPOST	CITYPOST	homedepot.com	HTTPS://WWW.HOMEDEPOT.COM/B/CITYPOST/N-5YC1VZV7X
CITYPOST	CITYPOST	homedepot.com	HTTPS://WWW.HOMEDEPOT.COM/B/LUMBER-COMPOSITES-DECKING-DECK-RAILINGS/CITYPOST/N-5YC1VZC5I7ZV7X
CITYPOST	CITYPOST	homedepot.com	HTTPS://WWW.HOMEDEPOT.COM/B/LUMBER-COMPOSITES-DECKING/CITYPOST/N-5YC1VZBQMGZV7X
CITYPOST	CITYPOST	homedepot.com	HTTPS://WWW.HOMEDEPOT.COM/B/LUMBER-COMPOSITES-DECKING-DECK-RAILINGS-CABLE-RAILINGS/CITYPOST/N-5YC1VZC626ZV7X
CITYPOST	CITYPOST	homedepot.com	HTTPS://WWW.HOMEDEPOT.COM/B/LUMBER-COMPOSITES/CITYPOST/N-5YC1VZBQPGZV7X
CJTECH	CJTECH	homedepot.com	HTTPS://WWW.HOMEDEPOT.COM/B/CJ-TECH/N-5YC1VZMFA
CLABER	CLABER	homedepot.com	HTTPS://WWW.HOMEDEPOT.COM/B/CLABER/N-5YC1VZRHC
CLABER	CLABER	homedepot.com	HTTPS://WWW.HOMEDEPOT.COM/B/OUTDOORS-GARDEN-CENTER-HYDROPONIC-GARDENING-HYDROPONIC-SYSTEMS-HYDROPONIC-SYSTEMS/CLABER/N-5YC1VZCFBJZRHC
CLAMPS	CLAMPS	homedepot.com	HTTPS://WWW.HOMEDEPOT.COM/B/TOOLS-HAND-TOOLS-FASTENING-TOOLS-CLAMPS-VISES-CLAMPS/N-5YC1VZC266
CLARIDGE	CLARIDGE	homedepot.com	HTTPS://WWW.HOMEDEPOT.COM/B/FURNITURE-BAR-FURNITURE/CLARIDGE/N-5YC1VZ2FKPAAGZ1Z1AU5P
CLASSICACCESSORIES	CLASSICACCESSORIES	homedepot.com	HTTPS://WWW.HOMEDEPOT.COM/B/CLASSIC-ACCESSORIES/N-5YC1VZ3B0
CLASSICACCESSORIES	CLASSICACCESSORIES	homedepot.com	HTTPS://WWW.HOMEDEPOT.COM/B/OUTDOORS-PATIO-FURNITURE-PATIO-FURNITURE-COVERS/CLASSIC-ACCESSORIES/N-5YC1VZBXBQZ3B0
CLASSICACCESSORIES	CLASSICACCESSORIES	homedepot.com	HTTPS://WWW.HOMEDEPOT.COM/B/CLASSIC-ACCESSORIES/DESIGNER/N-5YC1VZ3B0Z1Z1BQ90
CLASSICBRANDS	CLASSICBRANDS	homedepot.com	HTTPS://WWW.HOMEDEPOT.COM/B/CLASSIC-BRANDS/N-5YC1VZOON
CLASSICCUISINE	CLASSICCUISINE	homedepot.com	HTTPS://WWW.HOMEDEPOT.COM/B/CLASSIC-CUISINE/N-5YC1VZN4O
CLASSICCUISINE	CLASSICCUISINE	homedepot.com	HTTPS://WWW.HOMEDEPOT.COM/B/KITCHEN-KITCHENWARE-COOKWARE/CLASSIC-CUISINE/N-5YC1VZC7G9ZN4O
CLASSICCUISINE	CLASSICCUISINE	homedepot.com	HTTPS://WWW.HOMEDEPOT.COM/B/KITCHEN-KITCHENWARE-COOKWARE-POT-PAN-SETS/CLASSIC-CUISINE/N-5YC1VZCENZZN4O
CLASSICFLAME	CLASSICFLAME	homedepot.com	HTTPS://WWW.HOMEDEPOT.COM/B/HEATING-VENTING-COOLING-FIREPLACES-FIREPLACE-INSERTS-ELECTRIC-FIREPLACE-INSERTS/CLASSIC-FLAME/N-5YC1VZCEA0ZC9G
CLASSICFLAME	CLASSICFLAME	homedepot.com	HTTPS://WWW.HOMEDEPOT.COM/B/CLASSIC-FLAME/N-5YC1VZC9G
CLASSICFLAME	CLASSICFLAME	homedepot.com	HTTPS://WWW.HOMEDEPOT.COM/B/HEATING-VENTING-COOLING-FIREPLACES-ELECTRIC-FIREPLACES/CLASSIC-FLAME/N-5YC1VZC4MQZC9G
CLASSICHARDWOODSCOLLECTION	CLASSICHARDWOODSCOLLECTION	homedepot.com	HTTPS://WWW.HOMEDEPOT.COM/B/FLOORING-HARDWOOD-FLOORING-ENGINEERED-HARDWOOD/CLASSIC-HARDWOODS-COLLECTION/TRADITIONAL/N-5YC1VZB9ASZMIFZ1Z12X3R
CLASSICHARDWOODSCOLLECTION	CLASSICHARDWOODSCOLLECTION	homedepot.com	HTTPS://WWW.HOMEDEPOT.COM/B/FLOORING-HARDWOOD-FLOORING/CLASSIC-HARDWOODS-COLLECTION/CASE/N-5YC1VZAQ8XZMIFZ1Z18TEE
CLASSICHARDWOODSCOLLECTION	CLASSICHARDWOODSCOLLECTION	homedepot.com	HTTPS://WWW.HOMEDEPOT.COM/B/FLOORING-HARDWOOD-FLOORING/CLASSIC-HARDWOODS-COLLECTION/N-5YC1VZAQ8XZMIF
CLASSICHOME	CLASSICHOME	homedepot.com	HTTPS://WWW.HOMEDEPOT.COM/B/CLASSIC-HOME/N-5YC1VZ4RR
CLASSICHOMEGARDEN	CLASSICHOMEGARDEN	homedepot.com	HTTPS://WWW.HOMEDEPOT.COM/B/OUTDOORS/CLASSIC-HOME-GARDEN/N-5YC1VZBX82ZLPR
CLASSICHOMEGARDEN	CLASSICHOMEGARDEN	homedepot.com	HTTPS://WWW.HOMEDEPOT.COM/B/OUTDOORS-GARDEN-CENTER/CLASSIC-HOME-GARDEN/N-5YC1VZBX6KZLPR
CLASSICHOMEGARDEN	CLASSICHOMEGARDEN	homedepot.com	HTTPS://WWW.HOMEDEPOT.COM/B/OUTDOORS-GARDEN-CENTER-PLANTERS-PLANT-POTS/CLASSIC-HOME-GARDEN/N-5YC1VZBX87ZLPR
CLASSICHOMEGARDEN	CLASSICHOMEGARDEN	homedepot.com	HTTPS://WWW.HOMEDEPOT.COM/B/CLASSIC-HOME-GARDEN/N-5YC1VZLPR
CLASSICHOMEGARDEN	CLASSICHOMEGARDEN	homedepot.com	HTTPS://WWW.HOMEDEPOT.COM/B/OUTDOORS-GARDEN-CENTER-OUTDOOR-PLANTS/CLASSIC-HOME-GARDEN/N-5YC1VZC8RGZLPR
CLASSYART	CLASSYART	homedepot.com	HTTPS://WWW.HOMEDEPOT.COM/B/CLASSY-ART/N-5YC1VZGLH
CLASSYART	CLASSYART	homedepot.com	HTTPS://WWW.HOMEDEPOT.COM/B/HOME-DECOR-WALL-DECOR-WALL-ART-ART-PRINTS/CLASSY-ART/N-5YC1VZBVD0ZGLH
CLASSYCAPS	CLASSYCAPS	homedepot.com	HTTPS://WWW.HOMEDEPOT.COM/B/CLASSY-CAPS/N-5YC1VZEM0
CLASSYCAPS	CLASSYCAPS	homedepot.com	HTTPS://WWW.HOMEDEPOT.COM/B/LIGHTING-OUTDOOR-LIGHTING/CLASSY-CAPS/N-5YC1VZC7QVZEM0
CLAUSS	CLAUSS	homedepot.com	HTTPS://WWW.HOMEDEPOT.COM/B/TOOLS-HAND-TOOLS-CUTTING-TOOLS-SCISSORS/CLAUSS/N-5YC1VZC23CZ69W
CLAVIE	CLAVIE	homedepot.com	HTTPS://WWW.HOMEDEPOT.COM/B/CLAVIE/N-5YC1VZVD5
CLAVIE	CLAVIE	homedepot.com	HTTPS://WWW.HOMEDEPOT.COM/B/BATH-BATHROOM-ACCESSORIES-BATHROOM-ORGANIZERS/CLAVIE/N-5YC1VZ2FKP9ZNZVD5
CLAVIE	CLAVIE	homedepot.com	HTTPS://WWW.HOMEDEPOT.COM/B/BATH/CLAVIE/N-5YC1VZBZB3ZVD5
CLAVIE	CLAVIE	homedepot.com	HTTPS://WWW.HOMEDEPOT.COM/B/BATH-BATHTUBS-FREESTANDING-TUBS/CLAVIE/N-5YC1VZBZ9DZVD5
CLAVIE	CLAVIE	homedepot.com	HTTPS://WWW.HOMEDEPOT.COM/B/CLAVIE/FRAMED/N-5YC1VZVD5Z1Z1399K
CLAVIE	CLAVIE	homedepot.com	HTTPS://WWW.HOMEDEPOT.COM/B/CLAVIE/WALL/N-5YC1VZVD5Z1Z0LG1V
CLAVIE	CLAVIE	homedepot.com	HTTPS://WWW.HOMEDEPOT.COM/B/BATH-BATHROOM-MIRRORS/CLAVIE/N-5YC1VZBZBOZVD5
CLAXY	CLAXY	homedepot.com	HTTPS://WWW.HOMEDEPOT.COM/B/LIGHTING/CLAXY/N-5YC1VZBVN5ZYT1
CLAXY	CLAXY	homedepot.com	HTTPS://WWW.HOMEDEPOT.COM/B/LIGHTING-FLUSH-MOUNT-CEILING-LIGHTS/CLAXY/SEMI-FLUSH-MOUNT-LIGHTING/N-5YC1VZC7NKZYT1Z1Z18OPD
CLAXY	CLAXY	homedepot.com	HTTPS://WWW.HOMEDEPOT.COM/B/LIGHTING-FLUSH-MOUNT-CEILING-LIGHTS/CLAXY/N-5YC1VZC7NKZYT1
CLAXY	CLAXY	homedepot.com	HTTPS://WWW.HOMEDEPOT.COM/B/LIGHTING-CHANDELIERS/CLAXY/N-5YC1VZC7O0ZYT1
CLAXY	CLAXY	homedepot.com	HTTPS://WWW.HOMEDEPOT.COM/B/LIGHTING-PENDANT-LIGHTS/CLAXY/N-5YC1VZC7NUZYT1
CLAYBARNUSA	CLAYBARNUSA	homedepot.com	HTTPS://WWW.HOMEDEPOT.COM/B/CLAYBARN-USA/N-5YC1VZOMQ
CLEANCUBES	CLEANCUBES	homedepot.com	HTTPS://WWW.HOMEDEPOT.COM/B/CLEANING/CLEAN-CUBES/N-5YC1VZBQSIZCYD
CLEANCUT	CLEANCUT	homedepot.com	HTTPS://WWW.HOMEDEPOT.COM/B/CLEANCUT/N-5YC1VZMNF
CLEANFLO	CLEANFLO	homedepot.com	HTTPS://WWW.HOMEDEPOT.COM/B/KITCHEN-KITCHEN-FAUCETS/CLEANFLO/N-5YC1VZAR0KZFCE
CLEANFLO	CLEANFLO	homedepot.com	HTTPS://WWW.HOMEDEPOT.COM/B/PLUMBING-UTILITY-SINKS-ACCESSORIES-UTILITY-SINK-FAUCETS/CLEANFLO/N-5YC1VZC8YHZFCE
CLEANFLO	CLEANFLO	homedepot.com	HTTPS://WWW.HOMEDEPOT.COM/B/PLUMBING-UTILITY-SINKS-ACCESSORIES/CLEANFLO/N-5YC1VZBQKNZFCE
CLEANFLO	CLEANFLO	homedepot.com	HTTPS://WWW.HOMEDEPOT.COM/B/CLEANFLO/N-5YC1VZFCE
CLEANFLO	CLEANFLO	homedepot.com	HTTPS://WWW.HOMEDEPOT.COM/B/KITCHEN-KITCHEN-FAUCETS-PULL-OUT-KITCHEN-FAUCETS/CLEANFLO/N-5YC1VZBU43ZFCE
CLEANFLO	CLEANFLO	homedepot.com	HTTPS://WWW.HOMEDEPOT.COM/B/CLEANFLO/SUPPLY-LINES/N-5YC1VZFCEZ1Z0TN6X
CLEANFORCE	CLEANFORCE	homedepot.com	HTTPS://WWW.HOMEDEPOT.COM/B/OUTDOORS-OUTDOOR-POWER-EQUIPMENT-PRESSURE-WASHERS/CLEANFORCE/N-5YC1VZBXBEZ62V
CLEANFORCEAIR	CLEANFORCEAIR	homedepot.com	HTTPS://WWW.HOMEDEPOT.COM/B/CLEANFORCE-AIR/N-5YC1VZYLU
CLEANING	CLEANING	homedepot.com	HTTPS://WWW.HOMEDEPOT.COM/B/CLEANING/N-5YC1VZBQSI
CLEANINGPRODUCTS	CLEANINGPRODUCTS	homedepot.com	HTTPS://WWW.HOMEDEPOT.COM/B/CLEANING-CLEANING-PRODUCTS/N-5YC1VZCB33
CLEANINGTOOLS	CLEANINGTOOLS	homedepot.com	HTTPS://WWW.HOMEDEPOT.COM/B/CLEANING-CLEANING-TOOLS/N-5YC1VZCB51
CLEANMAX	CLEANMAX	homedepot.com	HTTPS://WWW.HOMEDEPOT.COM/B/CLEANMAX/N-5YC1VZRGQ
CLEANMAX	CLEANMAX	homedepot.com	HTTPS://WWW.HOMEDEPOT.COM/B/APPLIANCES-FLOOR-CARE-VACUUMS-VACUUM-CLEANERS/CLEANMAX/N-5YC1VZBV74ZRGQ
CLEANQUICK	CLEANQUICK	homedepot.com	HTTPS://WWW.HOMEDEPOT.COM/B/CLEAN-QUICK/N-5YC1VZR6A
CLEANRITE	CLEANRITE	homedepot.com	HTTPS://WWW.HOMEDEPOT.COM/B/CLEANING/CLEAN-RITE/N-5YC1VZBQSIZ43C
CLEANX	CLEANX	homedepot.com	HTTPS://WWW.HOMEDEPOT.COM/B/CLEANING-CLEANING-PRODUCTS/CLEAN-X/N-5YC1VZCB33ZBQP
CLEANX	CLEANX	homedepot.com	HTTPS://WWW.HOMEDEPOT.COM/B/CLEAN-X/N-5YC1VZBQP
CLEANX	CLEANX	homedepot.com	HTTPS://WWW.HOMEDEPOT.COM/B/CLEANING-CLEANING-SUPPLIES-GLASS-CLEANERS/CLEAN-X/N-5YC1VZCB3CZBQP
CLEAR	CLEAR	homedepot.com	HTTPS://WWW.HOMEDEPOT.COM/B/BUILDING-MATERIALS-GLASS-PLASTIC-SHEETS-PLEXIGLASS/CLEAR/N-5YC1VZC9X2Z1Z0UWQ2
CLEAR2O	CLEAR2O	homedepot.com	HTTPS://WWW.HOMEDEPOT.COM/B/PLUMBING-WATER-FILTERS/CLEAR2O/N-5YC1VZARMZZGLB
CLEAR2O	CLEAR2O	homedepot.com	HTTPS://WWW.HOMEDEPOT.COM/B/CLEAR2O/N-5YC1VZGLB
CLEARANCE	CLEARANCE	homedepot.com	HTTPS://WWW.HOMEDEPOT.COM/B/CLEARANCE/N-5YC1VZ1Z11ADF
CLEARLYSECURE	CLEARLYSECURE	homedepot.com	HTTPS://WWW.HOMEDEPOT.COM/B/DOORS-WINDOWS-WINDOWS-GLASS-BLOCK-WINDOWS-ACCESSORIES-GLASS-BLOCK-WINDOWS/CLEARLY-SECURE/N-5YC1VZCLEYZF6O
CLEARLYSECURE	CLEARLYSECURE	homedepot.com	HTTPS://WWW.HOMEDEPOT.COM/B/DOORS-WINDOWS-WINDOWS-GLASS-BLOCK-WINDOWS-ACCESSORIES/CLEARLY-SECURE/N-5YC1VZC9LVZF6O
CLEARLYSECURE	CLEARLYSECURE	homedepot.com	HTTPS://WWW.HOMEDEPOT.COM/B/DOORS-WINDOWS-WINDOWS/CLEARLY-SECURE/N-5YC1VZAQ1WZF6O
CLEARLYSECURE	CLEARLYSECURE	homedepot.com	HTTPS://WWW.HOMEDEPOT.COM/B/DOORS-WINDOWS-WINDOWS-GLASS-BLOCK-WINDOWS-ACCESSORIES-GLASS-BLOCKS/CLEARLY-SECURE/N-5YC1VZASJ8ZF6O
CLEARLYSECURE	CLEARLYSECURE	homedepot.com	HTTPS://WWW.HOMEDEPOT.COM/B/BUILDING-MATERIALS-CONCRETE-CEMENT-MASONRY/CLEARLY-SECURE/N-5YC1VZARLKZF6O
CLEARLYSECURE	CLEARLYSECURE	homedepot.com	HTTPS://WWW.HOMEDEPOT.COM/B/DOORS-WINDOWS-WINDOWS/CLEARLY-SECURE/VENTING/N-5YC1VZAQ1WZF6OZ1Z0RMOV
CLEARLYSECURE	CLEARLYSECURE	homedepot.com	HTTPS://WWW.HOMEDEPOT.COM/B/CLEARLY-SECURE/N-5YC1VZF6O
CLEARSOUNDS	CLEARSOUNDS	homedepot.com	HTTPS://WWW.HOMEDEPOT.COM/B/HIGHLY-RATED/CLEARSOUNDS/N-5YC1VZCDFZBWO5O
CLEARTEX	CLEARTEX	homedepot.com	HTTPS://WWW.HOMEDEPOT.COM/B/CLEARTEX/N-5YC1VZVE0
CLEARWAVE	CLEARWAVE	homedepot.com	HTTPS://WWW.HOMEDEPOT.COM/B/PLUMBING-WATER-FILTERS/CLEARWAVE/N-5YC1VZARMZZP5Q
CLEARWAVE	CLEARWAVE	homedepot.com	HTTPS://WWW.HOMEDEPOT.COM/B/PLUMBING-WATER-FILTERS-WATER-SOFTENERS/CLEARWAVE/N-5YC1VZAQ3YZP5Q
CLERET	CLERET	homedepot.com	HTTPS://WWW.HOMEDEPOT.COM/B/CLEANING-CLEANING-TOOLS-SQUEEGEES/CLERET/N-5YC1VZCB4PZ9SJ
CLERET	CLERET	homedepot.com	HTTPS://WWW.HOMEDEPOT.COM/B/CLERET/N-5YC1VZ9SJ
CLERET	CLERET	homedepot.com	HTTPS://WWW.HOMEDEPOT.COM/B/CLEANING-CLEANING-TOOLS/CLERET/N-5YC1VZCB51Z9SJ
CLERET	CLERET	homedepot.com	HTTPS://WWW.HOMEDEPOT.COM/B/CLEANING-CLEANING-TOOLS-SQUEEGEES/CLERET/SHOWER-SQUEEGEE/N-5YC1VZCB4PZ9SJZ1Z0PNXM
CLEVA	CLEVA	homedepot.com	HTTPS://WWW.HOMEDEPOT.COM/B/GARAGE-SHOP-VACUUMS-WET-DRY-VACUUMS/CLEVA/N-5YC1VZC2F8ZEQB
CLEVELANDFAUCETGROUP	CLEVELANDFAUCETGROUP	homedepot.com	HTTPS://WWW.HOMEDEPOT.COM/B/KITCHEN-KITCHEN-FAUCETS/CLEVELAND-FAUCET-GROUP/N-5YC1VZAR0KZLWK
CLEVELANDFAUCETGROUP	CLEVELANDFAUCETGROUP	homedepot.com	HTTPS://WWW.HOMEDEPOT.COM/B/KITCHEN-KITCHEN-FAUCETS-PULL-DOWN-KITCHEN-FAUCETS/CLEVELAND-FAUCET-GROUP/N-5YC1VZBDFWZLWK
CLEVELANDFAUCETGROUP	CLEVELANDFAUCETGROUP	homedepot.com	HTTPS://WWW.HOMEDEPOT.COM/B/PLUMBING-PLUMBING-PARTS-FAUCET-PARTS/CLEVELAND-FAUCET-GROUP/N-5YC1VZC6A9ZLWK
CLEVELANDFAUCETGROUP	CLEVELANDFAUCETGROUP	homedepot.com	HTTPS://WWW.HOMEDEPOT.COM/B/PLUMBING-PLUMBING-PARTS/CLEVELAND-FAUCET-GROUP/N-5YC1VZBQKPZLWK
CLEVELANDFAUCETGROUP	CLEVELANDFAUCETGROUP	homedepot.com	HTTPS://WWW.HOMEDEPOT.COM/B/PLUMBING-PLUMBING-PARTS-FAUCET-PARTS-FAUCET-CARTRIDGES/CLEVELAND-FAUCET-GROUP/N-5YC1VZCF5MZ1Z0PI4L
CLEVELANDIRONWORKS	CLEVELANDIRONWORKS	homedepot.com	HTTPS://WWW.HOMEDEPOT.COM/B/CLEVELAND-IRON-WORKS/N-5YC1VZRD7
CLEVELANDIRONWORKS	CLEVELANDIRONWORKS	homedepot.com	HTTPS://WWW.HOMEDEPOT.COM/B/HEATING-VENTING-COOLING-FIREPLACES-FREESTANDING-STOVES-PELLET-STOVES/CLEVELAND-IRON-WORKS/N-5YC1VZC7IXZRD7
CLEVERCRATES	CLEVERCRATES	homedepot.com	HTTPS://WWW.HOMEDEPOT.COM/B/CLEVER-CRATES/N-5YC1VZDK8
CLEVERCRATES	CLEVERCRATES	homedepot.com	HTTPS://WWW.HOMEDEPOT.COM/B/STORAGE-ORGANIZATION-STORAGE-CONTAINERS/CLEVER-CRATES/N-5YC1VZCFZIZDK8
CLEVERMADE	CLEVERMADE	homedepot.com	HTTPS://WWW.HOMEDEPOT.COM/B/CLEVERMADE/N-5YC1VZEV6
CLIHOME	CLIHOME	homedepot.com	HTTPS://WWW.HOMEDEPOT.COM/B/CLIHOME/N-5YC1VZTEL
CLIHOME	CLIHOME	homedepot.com	HTTPS://WWW.HOMEDEPOT.COM/B/OUTDOORS-PATIO-FURNITURE/CLIHOME/N-5YC1VZBX4OZTEL
CLIHOME	CLIHOME	homedepot.com	HTTPS://WWW.HOMEDEPOT.COM/B/OUTDOORS-PATIO-FURNITURE-OUTDOOR-LOUNGE-FURNITURE/CLIHOME/N-5YC1VZCFJ3ZTEL
CLIHOME	CLIHOME	homedepot.com	HTTPS://WWW.HOMEDEPOT.COM/B/FURNITURE/CLIHOME/N-5YC1VZC7PCZTEL
CLIHOME	CLIHOME	homedepot.com	HTTPS://WWW.HOMEDEPOT.COM/B/CLIHOME/1/N-5YC1VZTELZ1Z0ZD6V
CLIHOME	CLIHOME	homedepot.com	HTTPS://WWW.HOMEDEPOT.COM/B/CLIHOME/2/N-5YC1VZTELZ1Z18NUU
CLIHOME	CLIHOME	homedepot.com	HTTPS://WWW.HOMEDEPOT.COM/B/HEATING-VENTING-COOLING/CLIHOME/N-5YC1VZC4K8ZTEL
CLIHOME	CLIHOME	homedepot.com	HTTPS://WWW.HOMEDEPOT.COM/B/STORAGE-ORGANIZATION-OUTDOOR-STORAGE/CLIHOME/N-5YC1VZBU96ZTEL
CLIMALOC	CLIMALOC	homedepot.com	HTTPS://WWW.HOMEDEPOT.COM/B/CLIMALOC/N-5YC1VZGZN
CLIMALOC	CLIMALOC	homedepot.com	HTTPS://WWW.HOMEDEPOT.COM/B/HARDWARE-WEATHER-STRIPPING/CLIMALOC/N-5YC1VZC291ZGZN
CLIMATEK	CLIMATEK	homedepot.com	HTTPS://WWW.HOMEDEPOT.COM/B/HARDWARE-FASTENERS-SCREWS-STRUCTURAL-SCREWS/CLIMATEK/N-5YC1VZ2FKPE5XZ1Z0KJ1C
CLIMATERIGHT	CLIMATERIGHT	homedepot.com	HTTPS://WWW.HOMEDEPOT.COM/B/HEATING-VENTING-COOLING/CLIMATERIGHT/N-5YC1VZC4K8ZFYU
CLIMATERIGHT	CLIMATERIGHT	homedepot.com	HTTPS://WWW.HOMEDEPOT.COM/B/HEATING-VENTING-COOLING-AIR-CONDITIONERS-PORTABLE-AIR-CONDITIONERS/CLIMATERIGHT/N-5YC1VZC4M4ZFYU
CLIMATERIGHT	CLIMATERIGHT	homedepot.com	HTTPS://WWW.HOMEDEPOT.COM/B/CLIMATERIGHT/N-5YC1VZFYU
CLIMATERIGHT	CLIMATERIGHT	homedepot.com	HTTPS://WWW.HOMEDEPOT.COM/B/HEATING-VENTING-COOLING-AIR-CONDITIONERS-PORTABLE-AIR-CONDITIONERS/CLIMATERIGHT/AIR-CONDITIONER/N-5YC1VZC4M4ZFYUZ1Z0UN5I
CLIMATERIGHT	CLIMATERIGHT	homedepot.com	HTTPS://WWW.HOMEDEPOT.COM/B/HEATING-VENTING-COOLING-MINI-SPLIT-AIR-CONDITIONERS-MINI-SPLIT-SYSTEMS/CLIMATERIGHT/N-5YC1VZ2FKPDFFZFYU
CLIMATERIGHT	CLIMATERIGHT	homedepot.com	HTTPS://WWW.HOMEDEPOT.COM/B/HEATING-VENTING-COOLING-HEATERS-SPACE-HEATERS-ELECTRIC-HEATERS/CLIMATERIGHT/N-5YC1VZC4LOZFYU
CLIMATERIGHT	CLIMATERIGHT	homedepot.com	HTTPS://WWW.HOMEDEPOT.COM/B/HEATING-VENTING-COOLING-MINI-SPLIT-AIR-CONDITIONERS/CLIMATERIGHT/N-5YC1VZC4M1ZFYU
CLIMATERIGHT	CLIMATERIGHT	homedepot.com	HTTPS://WWW.HOMEDEPOT.COM/B/HEATING-VENTING-COOLING-HVAC-SUPPLIES-HVAC-ACCESSORIES/CLIMATERIGHT/N-5YC1VZC6HMZFYU
CLIMATERIGHT	CLIMATERIGHT	homedepot.com	HTTPS://WWW.HOMEDEPOT.COM/B/HEATING-VENTING-COOLING-AIR-CONDITIONERS-PORTABLE-AIR-CONDITIONERS/CLIMATERIGHT/WITH-HEATER/N-5YC1VZC4M4ZFYUZ1Z182ZP
CLIMATEX	CLIMATEX	homedepot.com	HTTPS://WWW.HOMEDEPOT.COM/B/CLIMATEX/N-5YC1VZM8E
CLIMATEX	CLIMATEX	homedepot.com	HTTPS://WWW.HOMEDEPOT.COM/B/FLOORING-RUGS-MATS/CLIMATEX/N-5YC1VZC9A5ZM8E
CLIMBUP	CLIMBUP	homedepot.com	HTTPS://WWW.HOMEDEPOT.COM/B/OUTDOORS-GARDEN-CENTER-PEST-CONTROL-INSECT-CONTROL-INSECT-TRAPS/CLIMBUP/N-5YC1VZCALRZC3M
CLIPLIGHT	CLIPLIGHT	homedepot.com	HTTPS://WWW.HOMEDEPOT.COM/B/TOOLS-FLASHLIGHTS/CLIP-LIGHT/N-5YC1VZC24WZ1Z1C5CI
CLOCKWISE	CLOCKWISE	homedepot.com	HTTPS://WWW.HOMEDEPOT.COM/B/HOME-DECOR-CLOCKS-WALL-CLOCKS/CLOCKWISE/N-5YC1VZBBZUZVB0
CLOCKWISE	CLOCKWISE	homedepot.com	HTTPS://WWW.HOMEDEPOT.COM/B/CLOCKWISE/N-5YC1VZVB0
CLOPAY	CLOPAY	homedepot.com	HTTPS://WWW.HOMEDEPOT.COM/B/DOORS-WINDOWS-GARAGE-DOORS-AND-PARTS-GARAGE-DOORS/CLOPAY/N-5YC1VZ2FKPFUKZD2
CLOPAY	CLOPAY	homedepot.com	HTTPS://WWW.HOMEDEPOT.COM/B/CLOPAY/N-5YC1VZD2
CLOPAY	CLOPAY	homedepot.com	HTTPS://WWW.HOMEDEPOT.COM/B/DOORS-WINDOWS-GARAGE-DOORS-AND-PARTS-GARAGE-DOOR-PARTS/CLOPAY/N-5YC1VZBDOFZD2
CLORALEN	CLORALEN	homedepot.com	HTTPS://WWW.HOMEDEPOT.COM/B/CLORALEN/N-5YC1VZDPL
CLOREAUTOMOTIVE	CLOREAUTOMOTIVE	homedepot.com	HTTPS://WWW.HOMEDEPOT.COM/B/GARAGE-AUTOMOTIVE-BATTERY-CHARGING-SYSTEMS/CLORE-AUTOMOTIVE/N-5YC1VZC8M6ZYR0
CLOROX	CLOROX	homedepot.com	HTTPS://WWW.HOMEDEPOT.COM/B/CLOROX/N-5YC1VZ1U0
CLOROXHEALTHCARE	CLOROXHEALTHCARE	homedepot.com	HTTPS://WWW.HOMEDEPOT.COM/B/CLEANING-CLEANING-PRODUCTS/CLOROX-HEALTHCARE/N-5YC1VZCB33ZOEW
CLOROXPRO	CLOROXPRO	homedepot.com	HTTPS://WWW.HOMEDEPOT.COM/B/CLEANING-CLEANING-PRODUCTS/CLOROXPRO/N-5YC1VZCB33ZSXK
CLOSETACCESSORIES	CLOSETACCESSORIES	homedepot.com	HTTPS://WWW.HOMEDEPOT.COM/B/STORAGE-ORGANIZATION-CLOSET-ORGANIZERS-CLOSET-ACCESSORIES/N-5YC1VZC89G
CLOSETCOMPLETE	CLOSETCOMPLETE	homedepot.com	HTTPS://WWW.HOMEDEPOT.COM/B/STORAGE-ORGANIZATION-CLOSET-ORGANIZERS-CLOSET-ACCESSORIES-HANGERS/CLOSET-COMPLETE/N-5YC1VZCD8OZLNU
CLOSETCOMPLETE	CLOSETCOMPLETE	homedepot.com	HTTPS://WWW.HOMEDEPOT.COM/B/CLOSET-COMPLETE/N-5YC1VZLNU
CLOSETEVOLUTION	CLOSETEVOLUTION	homedepot.com	HTTPS://WWW.HOMEDEPOT.COM/B/STORAGE-ORGANIZATION-CLOSET-ORGANIZERS/CLOSET-EVOLUTION/N-5YC1VZC1X1ZP1K
CLOSETEVOLUTION	CLOSETEVOLUTION	homedepot.com	HTTPS://WWW.HOMEDEPOT.COM/B/STORAGE-ORGANIZATION-CLOSET-ORGANIZERS-WOOD-CLOSET-ORGANIZERS-WOOD-CLOSET-SYSTEMS/CLOSET-EVOLUTION/N-5YC1VZCD8VZP1K
CLOSETEVOLUTION	CLOSETEVOLUTION	homedepot.com	HTTPS://WWW.HOMEDEPOT.COM/B/CLOSET-EVOLUTION/N-5YC1VZP1K
CLOSETEVOLUTION	CLOSETEVOLUTION	homedepot.com	HTTPS://WWW.HOMEDEPOT.COM/B/STORAGE-ORGANIZATION-SHELVING/CLOSET-EVOLUTION/N-5YC1VZC89KZP1K
CLOSETEVOLUTION	CLOSETEVOLUTION	homedepot.com	HTTPS://WWW.HOMEDEPOT.COM/B/STORAGE-ORGANIZATION-CLOSET-ORGANIZERS-CLOSET-ACCESSORIES/CLOSET-EVOLUTION/N-5YC1VZC89GZP1K
CLOSETEVOLUTION	CLOSETEVOLUTION	homedepot.com	HTTPS://WWW.HOMEDEPOT.COM/B/STORAGE-ORGANIZATION/CLOSET-EVOLUTION/N-5YC1VZAS7EZP1K
CLOSETEVOLUTION	CLOSETEVOLUTION	homedepot.com	HTTPS://WWW.HOMEDEPOT.COM/B/STORAGE-ORGANIZATION-CLOSET-ORGANIZERS-WOOD-CLOSET-ORGANIZERS/CLOSET-EVOLUTION/N-5YC1VZCLIBZP1K
CLOSETPRO	CLOSETPRO	homedepot.com	HTTPS://WWW.HOMEDEPOT.COM/B/CLOSET-PRO/N-5YC1VZ9M1
CLOSETPRO	CLOSETPRO	homedepot.com	HTTPS://WWW.HOMEDEPOT.COM/B/STORAGE-ORGANIZATION-CLOSET-ORGANIZERS/CLOSET-PRO/N-5YC1VZC1X1Z9M1
CLOSETPRO	CLOSETPRO	homedepot.com	HTTPS://WWW.HOMEDEPOT.COM/B/STORAGE-ORGANIZATION-CLOSET-ORGANIZERS-CLOSET-ACCESSORIES-CLOSET-RODS/CLOSET-PRO/N-5YC1VZCD8TZ9M1
CLOSETPRO	CLOSETPRO	homedepot.com	HTTPS://WWW.HOMEDEPOT.COM/B/CLOSET-PRO/STEEL/N-5YC1VZ9M1Z1Z0V4PE
CLOSETRODS	CLOSETRODS	homedepot.com	HTTPS://WWW.HOMEDEPOT.COM/B/STORAGE-ORGANIZATION-CLOSET-ORGANIZERS-CLOSET-ACCESSORIES-CLOSET-RODS/N-5YC1VZCD8T
CLOSETSBYLIBERTY	CLOSETSBYLIBERTY	homedepot.com	HTTPS://WWW.HOMEDEPOT.COM/B/STORAGE-ORGANIZATION-CLOSET-ORGANIZERS/CLOSETS-BY-LIBERTY/N-5YC1VZC1X1ZR7T
CLOSETSBYLIBERTY	CLOSETSBYLIBERTY	homedepot.com	HTTPS://WWW.HOMEDEPOT.COM/B/STORAGE-ORGANIZATION-CLOSET-ORGANIZERS-WOOD-CLOSET-ORGANIZERS-WOOD-CLOSET-SYSTEMS/CLOSETS-BY-LIBERTY/N-5YC1VZCD8VZR7T
CLOSETSBYLIBERTY	CLOSETSBYLIBERTY	homedepot.com	HTTPS://WWW.HOMEDEPOT.COM/B/STORAGE-ORGANIZATION-CLOSET-ORGANIZERS-WOOD-CLOSET-ORGANIZERS/CLOSETS-BY-LIBERTY/FREESTANDING/N-5YC1VZCLIBZR7TZ1Z18CPB
CLOSETSBYLIBERTY	CLOSETSBYLIBERTY	homedepot.com	HTTPS://WWW.HOMEDEPOT.COM/B/STORAGE-ORGANIZATION-CLOSET-ORGANIZERS-WOOD-CLOSET-ORGANIZERS-WOOD-CLOSET-SHELVES/CLOSETS-BY-LIBERTY/N-5YC1VZCD8ZZR7T
CLOSETSBYLIBERTY	CLOSETSBYLIBERTY	homedepot.com	HTTPS://WWW.HOMEDEPOT.COM/B/STORAGE-ORGANIZATION-CLOSET-ORGANIZERS-WOOD-CLOSET-ORGANIZERS/CLOSETS-BY-LIBERTY/N-5YC1VZCLIBZR7T
CLOSETSBYLIBERTY	CLOSETSBYLIBERTY	homedepot.com	HTTPS://WWW.HOMEDEPOT.COM/B/STORAGE-ORGANIZATION/CLOSETS-BY-LIBERTY/N-5YC1VZAS7EZR7T
CLOSETSBYLIBERTY	CLOSETSBYLIBERTY	homedepot.com	HTTPS://WWW.HOMEDEPOT.COM/B/STORAGE-ORGANIZATION-CLOSET-ORGANIZERS-WOOD-CLOSET-ORGANIZERS-WOOD-CLOSET-DRAWERS-ORGANIZER-DOORS/CLOSETS-BY-LIBERTY/N-5YC1VZCD8WZR7T
CLOSETSBYLIBERTY	CLOSETSBYLIBERTY	homedepot.com	HTTPS://WWW.HOMEDEPOT.COM/B/STORAGE-ORGANIZATION-CLOSET-ORGANIZERS-WOOD-CLOSET-ORGANIZERS-WOOD-CLOSET-SYSTEMS/CLOSETS-BY-LIBERTY/TOWER-SYSTEM/N-5YC1VZCD8VZR7TZ1Z1DIAI
CLOSETSBYLIBERTY	CLOSETSBYLIBERTY	homedepot.com	HTTPS://WWW.HOMEDEPOT.COM/B/STORAGE-ORGANIZATION-CLOSET-ORGANIZERS-WOOD-CLOSET-ORGANIZERS-WOOD-CLOSET-SYSTEMS/CLOSETS-BY-LIBERTY/WOOD/N-5YC1VZCD8VZR7TZ1Z0VIR2
CLOSETSBYLIBERTY	CLOSETSBYLIBERTY	homedepot.com	HTTPS://WWW.HOMEDEPOT.COM/B/STORAGE-ORGANIZATION-CLOSET-ORGANIZERS-WOOD-CLOSET-ORGANIZERS/CLOSETS-BY-LIBERTY/WHITE/N-5YC1VZCLIBZR7TZ1Z0VM5F
CLOUDFLY	CLOUDFLY	homedepot.com	HTTPS://WWW.HOMEDEPOT.COM/B/OUTDOORS/CLOUDFLY/N-5YC1VZBX82Z10K1
CLOUDFLY	CLOUDFLY	homedepot.com	HTTPS://WWW.HOMEDEPOT.COM/B/CLOUDFLY/N-5YC1VZ10K1
CLOUDFLY	CLOUDFLY	homedepot.com	HTTPS://WWW.HOMEDEPOT.COM/B/OUTDOORS-PATIO-FURNITURE-OUTDOOR-CUSHIONS/CLOUDFLY/N-5YC1VZC5F3Z10K1
CLOUDFLY	CLOUDFLY	homedepot.com	HTTPS://WWW.HOMEDEPOT.COM/B/OUTDOORS-PATIO-FURNITURE-PATIO-UMBRELLAS/CLOUDFLY/N-5YC1VZCCGWZ10K1
CLOUDFLY	CLOUDFLY	homedepot.com	HTTPS://WWW.HOMEDEPOT.COM/B/CLOUDFLY/WATERPROOF/N-5YC1VZ10K1Z1Z0QYW8
CLOUDFLY	CLOUDFLY	homedepot.com	HTTPS://WWW.HOMEDEPOT.COM/B/OUTDOORS-PATIO-FURNITURE-PATIO-CHAIRS/CLOUDFLY/N-5YC1VZC1XKZ10K1
CLOYES	CLOYES	homedepot.com	HTTPS://WWW.HOMEDEPOT.COM/B/CLOYES/N-5YC1VZNXB
CLOYES	CLOYES	homedepot.com	HTTPS://WWW.HOMEDEPOT.COM/B/GARAGE-AUTOMOTIVE-AUTO-PARTS/CLOYES/N-5YC1VZC8SSZNXB
CLR	CLR	homedepot.com	HTTPS://WWW.HOMEDEPOT.COM/B/CLEANING-CLEANING-PRODUCTS/CLR/N-5YC1VZCB33Z41A
CLR	CLR	homedepot.com	HTTPS://WWW.HOMEDEPOT.COM/B/CLEANING/CLR/N-5YC1VZBQSIZ41A
CLR	CLR	homedepot.com	HTTPS://WWW.HOMEDEPOT.COM/B/CLR/N-5YC1VZ41A
CLRPRO	CLRPRO	homedepot.com	HTTPS://WWW.HOMEDEPOT.COM/B/CLEANING-CLEANING-PRODUCTS/CLR-PRO/N-5YC1VZCB33ZSGH
CLUBCHAIR	CLUBCHAIR	homedepot.com	HTTPS://WWW.HOMEDEPOT.COM/B/FURNITURE-LIVING-ROOM-FURNITURE-CHAIRS-ACCENT-CHAIRS/CLUB-CHAIR/N-5YC1VZCF8GZ1Z0JJE2
CLUBGIZMO	CLUBGIZMO	homedepot.com	HTTPS://WWW.HOMEDEPOT.COM/B/CLUB-GIZMO/N-5YC1VZNMU
CLUBGIZMO	CLUBGIZMO	homedepot.com	HTTPS://WWW.HOMEDEPOT.COM/B/HOME-DECOR/CLUB-GIZMO/MICROFIBER/N-5YC1VZAS6PZNMUZ1Z17KH8
CMEREDEER	CMEREDEER	homedepot.com	HTTPS://WWW.HOMEDEPOT.COM/B/SPORTS-OUTDOORS-HUNTING-GEAR-GAME-MANAGEMENT/C-MERE-DEER/N-5YC1VZC469ZLSI
COASTALBLUE	COASTALBLUE	homedepot.com	HTTPS://WWW.HOMEDEPOT.COM/B/PAINT/COASTAL-BLUE/N-5YC1VZAR2DZ1Z0UNFB
COASTALSHOWERDOORS	COASTALSHOWERDOORS	homedepot.com	HTTPS://WWW.HOMEDEPOT.COM/B/BATH-SHOWERS-SHOWER-DOORS/COASTAL-SHOWER-DOORS/N-5YC1VZBZCGZE5I
COASTALVOGUE	COASTALVOGUE	homedepot.com	HTTPS://WWW.HOMEDEPOT.COM/B/COASTAL-VOGUE/N-5YC1VZMOT
COASTALVOGUE	COASTALVOGUE	homedepot.com	HTTPS://WWW.HOMEDEPOT.COM/B/BATH-BATHROOM-SAFETY-SHOWER-SEATS/COASTAL-VOGUE/N-5YC1VZCFW7ZMOT
COASTALVOGUE	COASTALVOGUE	homedepot.com	HTTPS://WWW.HOMEDEPOT.COM/B/COASTAL-VOGUE/TEAK/N-5YC1VZMOTZ1Z0SBBI
COASTALVOGUE	COASTALVOGUE	homedepot.com	HTTPS://WWW.HOMEDEPOT.COM/B/COASTAL-VOGUE/DRIFTWOOD/N-5YC1VZMOTZ1Z12YWS
COASTERHOMEFURNISHINGS	COASTERHOMEFURNISHINGS	homedepot.com	HTTPS://WWW.HOMEDEPOT.COM/B/COASTER-HOME-FURNISHINGS/N-5YC1VZPC1
COASTERS	COASTERS	homedepot.com	HTTPS://WWW.HOMEDEPOT.COM/B/KITCHEN-TABLEWARE-BAR-BAR-ACCESSORIES-COASTERS/N-5YC1VZCEX5
COASTOFMAINE	COASTOFMAINE	homedepot.com	HTTPS://WWW.HOMEDEPOT.COM/B/OUTDOORS-GARDEN-CENTER-LANDSCAPING-SUPPLIES-SOILS/COAST-OF-MAINE/N-5YC1VZBX67ZTV1
COASTSEQUOIA	COASTSEQUOIA	homedepot.com	HTTPS://WWW.HOMEDEPOT.COM/B/DOORS-WINDOWS-INTERIOR-DOORS-BARN-DOORS/COAST-SEQUOIA-INC/N-5YC1VZCAZIZV9L
COASTSEQUOIA	COASTSEQUOIA	homedepot.com	HTTPS://WWW.HOMEDEPOT.COM/B/COAST-SEQUOIA-INC/N-5YC1VZV9L
COASTSEQUOIA	COASTSEQUOIA	homedepot.com	HTTPS://WWW.HOMEDEPOT.COM/B/DOORS-WINDOWS-INTERIOR-DOORS-CLOSET-DOORS-BIFOLD-DOORS/COAST-SEQUOIA-INC/N-5YC1VZC5IKZV9L
COASTSEQUOIA	COASTSEQUOIA	homedepot.com	HTTPS://WWW.HOMEDEPOT.COM/B/COAST-SEQUOIA-INC/DARK-GRAY/N-5YC1VZV9LZ1Z13FO1
COASTSHADE	COASTSHADE	homedepot.com	HTTPS://WWW.HOMEDEPOT.COM/B/STORAGE-ORGANIZATION-OUTDOOR-STORAGE-SHADE-STRUCTURES-GAZEBOS/COASTSHADE/N-5YC1VZBTYAZUCS
COASTTOCOASTACCENTS	COASTTOCOASTACCENTS	homedepot.com	HTTPS://WWW.HOMEDEPOT.COM/B/COAST-TO-COAST-ACCENTS/N-5YC1VZUJ2
COASTTOCOASTACCENTS	COASTTOCOASTACCENTS	homedepot.com	HTTPS://WWW.HOMEDEPOT.COM/B/FURNITURE/COAST-TO-COAST-ACCENTS/N-5YC1VZC7PCZUJ5
COASTTOCOASTACCENTS	COASTTOCOASTACCENTS	homedepot.com	HTTPS://WWW.HOMEDEPOT.COM/B/FURNITURE-LIVING-ROOM-FURNITURE/COAST-TO-COAST-ACCENTS/N-5YC1VZC7P3ZUJ5
COASTTOCOASTACCENTS	COASTTOCOASTACCENTS	homedepot.com	HTTPS://WWW.HOMEDEPOT.COM/B/FURNITURE-HOME-OFFICE-FURNITURE/COAST-TO-COAST-ACCENTS/N-5YC1VZC7NPZUJ5
COASTTOCOASTACCENTS	COASTTOCOASTACCENTS	homedepot.com	HTTPS://WWW.HOMEDEPOT.COM/B/FURNITURE-LIVING-ROOM-FURNITURE-ACCENT-TABLES-END-SIDE-TABLES/COAST-TO-COAST-ACCENTS/N-5YC1VZCF93ZUJ5
COBBE	COBBE	homedepot.com	HTTPS://WWW.HOMEDEPOT.COM/B/BATH-BATHROOM-FAUCETS-SHOWER-HEADS/COBBE/N-5YC1VZCJOCZYTQ
COBBE	COBBE	homedepot.com	HTTPS://WWW.HOMEDEPOT.COM/B/COBBE/N-5YC1VZYTQ
COBBE	COBBE	homedepot.com	HTTPS://WWW.HOMEDEPOT.COM/B/BATH-BATHROOM-FAUCETS/COBBE/N-5YC1VZBREOZYTQ
COBBE	COBBE	homedepot.com	HTTPS://WWW.HOMEDEPOT.COM/B/BATH-BATHROOM-FAUCETS-SHOWER-FAUCETS/COBBE/N-5YC1VZCD02ZYTQ
COBBLESTONE	COBBLESTONE	homedepot.com	HTTPS://WWW.HOMEDEPOT.COM/B/OUTDOORS-GARDEN-CENTER-LANDSCAPING-SUPPLIES-LANDSCAPE-ROCKS/COBBLESTONE/N-5YC1VZBX5DZ1Z0ZXFI
COBBLESTONE	COBBLESTONE	homedepot.com	HTTPS://WWW.HOMEDEPOT.COM/B/OUTDOORS-GARDEN-CENTER-LANDSCAPING-SUPPLIES-HARDSCAPES-PAVERS/COBBLESTONE/N-5YC1VZBX4BZ1Z1PQMS
COBRAANCHORS	COBRAANCHORS	homedepot.com	HTTPS://WWW.HOMEDEPOT.COM/B/HARDWARE-FASTENERS-ANCHORS/COBRA-ANCHORS/N-5YC1VZC2E5Z7G8
COBRAANCHORS	COBRAANCHORS	homedepot.com	HTTPS://WWW.HOMEDEPOT.COM/B/HARDWARE/COBRA-ANCHORS/N-5YC1VZC21MZ7G8
COBRAANCHORS	COBRAANCHORS	homedepot.com	HTTPS://WWW.HOMEDEPOT.COM/B/HARDWARE-FASTENERS-ANCHORS-MASONRY-ANCHORS/COBRA-ANCHORS/N-5YC1VZ2FKP96CZ7G8
COBRAANCHORS	COBRAANCHORS	homedepot.com	HTTPS://WWW.HOMEDEPOT.COM/B/HARDWARE-FASTENERS-ANCHORS-HOLLOW-DRYWALL-ANCHORS/COBRA-ANCHORS/N-5YC1VZC2EQZ7G8
COBRAANCHORS	COBRAANCHORS	homedepot.com	HTTPS://WWW.HOMEDEPOT.COM/B/HARDWARE-FASTENERS/COBRA-ANCHORS/N-5YC1VZC255Z7G8
COBRAANCHORS	COBRAANCHORS	homedepot.com	HTTPS://WWW.HOMEDEPOT.COM/B/COBRA-ANCHORS/EXTERIOR/N-5YC1VZ7G8Z1Z17E31
COBRACO	COBRACO	homedepot.com	HTTPS://WWW.HOMEDEPOT.COM/B/COBRACO/N-5YC1VZ3VS
COBRACO	COBRACO	homedepot.com	HTTPS://WWW.HOMEDEPOT.COM/B/OUTDOORS-GARDEN-CENTER-PLANTERS/COBRACO/N-5YC1VZBX81Z3VS
COBRACO	COBRACO	homedepot.com	HTTPS://WWW.HOMEDEPOT.COM/B/OUTDOORS-GARDEN-CENTER-LANDSCAPING-SUPPLIES/COBRACO/N-5YC1VZBX51Z3VS
COBRACO	COBRACO	homedepot.com	HTTPS://WWW.HOMEDEPOT.COM/B/OUTDOORS-OUTDOOR-HEATING-FIRE-PITS/COBRACO/N-5YC1VZC6NAZ3VS
COBRACO	COBRACO	homedepot.com	HTTPS://WWW.HOMEDEPOT.COM/B/OUTDOORS-GARDEN-CENTER-PLANTERS-PLANT-STANDS/COBRACO/N-5YC1VZBX7ZZ3VS
COBRACO	COBRACO	homedepot.com	HTTPS://WWW.HOMEDEPOT.COM/B/OUTDOORS-OUTDOOR-HEATING-FIRE-PITS-WOOD-BURNING-FIRE-PITS/COBRACO/N-5YC1VZ2FKP9JTZ3VS
COBRACO	COBRACO	homedepot.com	HTTPS://WWW.HOMEDEPOT.COM/B/OUTDOORS-GARDEN-CENTER-PLANTERS-PLANT-POTS/COBRACO/N-5YC1VZBX87Z3VS
COBRACO	COBRACO	homedepot.com	HTTPS://WWW.HOMEDEPOT.COM/B/LUMBER-COMPOSITES/COBRACO/N-5YC1VZBQPGZ3VS
COBRATOOLS	COBRATOOLS	homedepot.com	HTTPS://WWW.HOMEDEPOT.COM/B/COBRA-TOOLS/N-5YC1VZOU2
COBY	COBY	homedepot.com	HTTPS://WWW.HOMEDEPOT.COM/B/ELECTRICAL-ELECTRONICS/COBY/N-5YC1VZC958Z65B
COCOONBYCOULISSE	COCOONBYCOULISSE	homedepot.com	HTTPS://WWW.HOMEDEPOT.COM/B/COCOON-BY-COULISSE/N-5YC1VZNV8
COCOONBYCOULISSE	COCOONBYCOULISSE	homedepot.com	HTTPS://WWW.HOMEDEPOT.COM/B/WINDOW-TREATMENTS-WINDOW-SHADES-ROLLER-SHADES/COCOON-BY-COULISSE/N-5YC1VZBT0WZNV8
COCOONBYCOULISSE	COCOONBYCOULISSE	homedepot.com	HTTPS://WWW.HOMEDEPOT.COM/B/WINDOW-TREATMENTS-WINDOW-SHADES/COCOON-BY-COULISSE/N-5YC1VZCH27ZNV8
COCOONBYCOULISSE	COCOONBYCOULISSE	homedepot.com	HTTPS://WWW.HOMEDEPOT.COM/B/WINDOW-TREATMENTS/COCOON-BY-COULISSE/N-5YC1VZAR4WZNV8
COCOONBYCOULISSE	COCOONBYCOULISSE	homedepot.com	HTTPS://WWW.HOMEDEPOT.COM/B/WINDOW-TREATMENTS-WINDOW-SHADES-SOLAR-SHADES/COCOON-BY-COULISSE/N-5YC1VZCBB8ZNV8
COCOONBYCOULISSE	COCOONBYCOULISSE	homedepot.com	HTTPS://WWW.HOMEDEPOT.COM/B/WINDOW-TREATMENTS-WINDOW-SHADES-CELLULAR-SHADES/COCOON-BY-COULISSE/N-5YC1VZBT0SZNV8
COCOONBYCOULISSE	COCOONBYCOULISSE	homedepot.com	HTTPS://WWW.HOMEDEPOT.COM/B/KITCHEN-TABLEWARE-BAR-BAR-GLASSES/COCOON-BY-COULISSE/N-5YC1VZCEWKZNV8
COCOONBYSEALY	COCOONBYSEALY	homedepot.com	HTTPS://WWW.HOMEDEPOT.COM/B/FURNITURE-BEDROOM-FURNITURE-MATTRESSES/COCOON-BY-SEALY/N-5YC1VZC7OEZHCY
COCOONLIVING	COCOONLIVING	homedepot.com	HTTPS://WWW.HOMEDEPOT.COM/B/COCOON-LIVING/N-5YC1VZHNH
CODDLE	CODDLE	homedepot.com	HTTPS://WWW.HOMEDEPOT.COM/B/CODDLE/N-5YC1VZRBY
CODDLE	CODDLE	homedepot.com	HTTPS://WWW.HOMEDEPOT.COM/B/FURNITURE-LIVING-ROOM-FURNITURE/CODDLE/N-5YC1VZC7P3ZRBY
CODDLE	CODDLE	homedepot.com	HTTPS://WWW.HOMEDEPOT.COM/B/FURNITURE-LIVING-ROOM-FURNITURE-SOFAS-COUCHES/CODDLE/N-5YC1VZC7OYZRBY
CODIAK	CODIAK	homedepot.com	HTTPS://WWW.HOMEDEPOT.COM/B/CODIAK/N-5YC1VZZ6P
COFFEEKEEPERS	COFFEEKEEPERS	homedepot.com	HTTPS://WWW.HOMEDEPOT.COM/B/STORAGE-ORGANIZATION-STORAGE-CONTAINERS/COFFEE-KEEPERS/N-5YC1VZCFZIZFG7
COFUN	COFUN	homedepot.com	HTTPS://WWW.HOMEDEPOT.COM/B/COFUN/N-5YC1VZYV5
COLEMAN	COLEMAN	homedepot.com	HTTPS://WWW.HOMEDEPOT.COM/B/SPORTS-OUTDOORS-CAMPING-GEAR/COLEMAN/N-5YC1VZC452Z2E1
COLEMANCABLE	COLEMANCABLE	homedepot.com	HTTPS://WWW.HOMEDEPOT.COM/B/COLEMAN-CABLE/N-5YC1VZDC
COLEMONT	COLEMONT	homedepot.com	HTTPS://WWW.HOMEDEPOT.COM/B/FURNITURE-BEDROOM-FURNITURE-BEDS/COLEMONT/N-5YC1VZC7OHZ1Z1AWGM
COLEMONT	COLEMONT	homedepot.com	HTTPS://WWW.HOMEDEPOT.COM/B/FURNITURE-BEDROOM-FURNITURE-HEADBOARDS/COLEMONT/N-5YC1VZ2FKOLX5Z1Z1AWGM
COLLEGECOVERS	COLLEGECOVERS	homedepot.com	HTTPS://WWW.HOMEDEPOT.COM/B/COLLEGE-COVERS/N-5YC1VZN2P
COLLEGEKITCHENCOLLECTION	COLLEGEKITCHENCOLLECTION	homedepot.com	HTTPS://WWW.HOMEDEPOT.COM/B/KITCHEN-KITCHENWARE-COOKWARE-SKILLETS/COLLEGE-KITCHEN-COLLECTION/N-5YC1VZC7FWZ1Z1AS8N
COLLEGEKITCHENCOLLECTION	COLLEGEKITCHENCOLLECTION	homedepot.com	HTTPS://WWW.HOMEDEPOT.COM/B/COLLEGE-KITCHEN-COLLECTION/N-5YC1VZOIG
COLLIERCAMPBELL	COLLIERCAMPBELL	homedepot.com	HTTPS://WWW.HOMEDEPOT.COM/B/HOME-DECOR-BEDDING-BEDDING-SETS/COLLIER-CAMPBELL/N-5YC1VZ2FKOR2VZPKH
COLLIERCAMPBELL	COLLIERCAMPBELL	homedepot.com	HTTPS://WWW.HOMEDEPOT.COM/B/HOME-DECOR-BEDDING/COLLIER-CAMPBELL/N-5YC1VZCI04ZPKH
COLMET	COLMET	homedepot.com	HTTPS://WWW.HOMEDEPOT.COM/B/OUTDOORS-GARDEN-CENTER-LANDSCAPING-SUPPLIES-LANDSCAPE-EDGING-METAL-EDGING/COLMET/N-5YC1VZCIASZUXL
COLMET	COLMET	homedepot.com	HTTPS://WWW.HOMEDEPOT.COM/B/COLMET/N-5YC1VZUXL
COLMET	COLMET	homedepot.com	HTTPS://WWW.HOMEDEPOT.COM/B/OUTDOORS-GARDEN-CENTER-LANDSCAPING-SUPPLIES-LANDSCAPE-EDGING/COLMET/N-5YC1VZBX74ZUXL
COLONIALCANDLE	COLONIALCANDLE	homedepot.com	HTTPS://WWW.HOMEDEPOT.COM/B/HOME-DECOR-CANDLES/COLONIAL-CANDLE/N-5YC1VZCI03ZG55
COLONIALELEGANCE	COLONIALELEGANCE	homedepot.com	HTTPS://WWW.HOMEDEPOT.COM/B/COLONIAL-ELEGANCE/N-5YC1VZGAE
COLONIALELEGANCE	COLONIALELEGANCE	homedepot.com	HTTPS://WWW.HOMEDEPOT.COM/B/COLONIAL-ELEGANCE/HARDWARE/N-5YC1VZGAEZ1Z0O1FY
COLONIALELEGANCE	COLONIALELEGANCE	homedepot.com	HTTPS://WWW.HOMEDEPOT.COM/B/DOORS-WINDOWS-INTERIOR-DOORS/COLONIAL-ELEGANCE/N-5YC1VZC5IOZGAE
COLONIALELEGANCE	COLONIALELEGANCE	homedepot.com	HTTPS://WWW.HOMEDEPOT.COM/B/DOORS-WINDOWS/COLONIAL-ELEGANCE/N-5YC1VZAQIHZV2T
COLONIALELEGANCE	COLONIALELEGANCE	homedepot.com	HTTPS://WWW.HOMEDEPOT.COM/B/DOORS-WINDOWS-INTERIOR-DOORS-CLOSET-DOORS/COLONIAL-ELEGANCE/N-5YC1VZ2FKP9SKZGAE
COLONIALELEGANCE	COLONIALELEGANCE	homedepot.com	HTTPS://WWW.HOMEDEPOT.COM/B/HARDWARE-DOOR-HARDWARE-BARN-DOOR-HARDWARE/COLONIAL-ELEGANCE/N-5YC1VZC6BHZGAE
COLONIALELEGANCE	COLONIALELEGANCE	homedepot.com	HTTPS://WWW.HOMEDEPOT.COM/B/DOORS-WINDOWS-INTERIOR-DOORS-CLOSET-DOORS-BIFOLD-DOORS/COLONIAL-ELEGANCE/N-5YC1VZC5IKZGAE
COLONIALELEGANCE	COLONIALELEGANCE	homedepot.com	HTTPS://WWW.HOMEDEPOT.COM/B/DOORS-WINDOWS-INTERIOR-DOORS/COLONIAL-ELEGANCE/WOOD/N-5YC1VZC5IOZGAEZ1Z0VIR2
COLONIALELEGANCE	COLONIALELEGANCE	homedepot.com	HTTPS://WWW.HOMEDEPOT.COM/B/BUILDING-MATERIALS-MOULDING-MILLWORK/COLONIAL-ELEGANCE/N-5YC1VZAQ4YZGAE
COLONIALELEGANCE	COLONIALELEGANCE	homedepot.com	HTTPS://WWW.HOMEDEPOT.COM/B/HARDWARE-DOOR-HARDWARE/COLONIAL-ELEGANCE/N-5YC1VZC213ZGAE
COLONIALMILLS	COLONIALMILLS	homedepot.com	HTTPS://WWW.HOMEDEPOT.COM/B/FLOORING-RUGS-AREA-RUGS/COLONIAL-MILLS/N-5YC1VZARJGZA8V
COLONIALMILLS	COLONIALMILLS	homedepot.com	HTTPS://WWW.HOMEDEPOT.COM/B/COLONIAL-MILLS/N-5YC1VZA8V
COLORBACK	COLORBACK	homedepot.com	HTTPS://WWW.HOMEDEPOT.COM/B/COLORBACK/N-5YC1VZ7IX
COLORBACK	COLORBACK	homedepot.com	HTTPS://WWW.HOMEDEPOT.COM/B/OUTDOORS-GARDEN-CENTER-LANDSCAPING-SUPPLIES-LANDSCAPE-ACCESSORIES/COLORBACK/N-5YC1VZBX58Z7IX
COLORDRIFT	COLORDRIFT	homedepot.com	HTTPS://WWW.HOMEDEPOT.COM/B/WINDOW-TREATMENTS-CURTAINS-DRAPES/COLORDRIFT/N-5YC1VZARFWZM0A
COLORDRIFT	COLORDRIFT	homedepot.com	HTTPS://WWW.HOMEDEPOT.COM/B/COLORDRIFT/N-5YC1VZM0A
COLORDRIFT	COLORDRIFT	homedepot.com	HTTPS://WWW.HOMEDEPOT.COM/B/WINDOW-TREATMENTS-CURTAINS-DRAPES-BLACKOUT-CURTAINS/COLORDRIFT/N-5YC1VZ1Z18GSLZM0A
COLORFIL	COLORFIL	homedepot.com	HTTPS://WWW.HOMEDEPOT.COM/B/COLORFIL/N-5YC1VZZUN
COLORFIL	COLORFIL	homedepot.com	HTTPS://WWW.HOMEDEPOT.COM/B/HEATING-VENTING-COOLING-AIR-FILTERS/COLORFIL/N-5YC1VZC4KWZZUN
COLOROLL	COLOROLL	homedepot.com	HTTPS://WWW.HOMEDEPOT.COM/B/HOME-DECOR-WALLPAPER-WALLPAPER-ROLLS/COLOROLL/N-5YC1VZ2FKOWKWZNEG
COLOROLL	COLOROLL	homedepot.com	HTTPS://WWW.HOMEDEPOT.COM/B/HOME-DECOR-WALLPAPER/COLOROLL/N-5YC1VZBC0QZNEG
COLOROLL	COLOROLL	homedepot.com	HTTPS://WWW.HOMEDEPOT.COM/B/COLOROLL/N-5YC1VZNEG
COLOROLL	COLOROLL	homedepot.com	HTTPS://WWW.HOMEDEPOT.COM/B/HOME-DECOR/COLOROLL/N-5YC1VZAS6PZNEG
COLOROLL	COLOROLL	homedepot.com	HTTPS://WWW.HOMEDEPOT.COM/B/HOME-DECOR-WALLPAPER-WALLPAPER-ROLLS/COLOROLL/ADULT/N-5YC1VZ2FKOWKWZNEGZ1Z17DKC
COLOROLL	COLOROLL	homedepot.com	HTTPS://WWW.HOMEDEPOT.COM/B/COLOROLL/INDUSTRIAL/N-5YC1VZNEGZ1Z178CW
COLOROLL	COLOROLL	homedepot.com	HTTPS://WWW.HOMEDEPOT.COM/B/HOME-DECOR-WALLPAPER/COLOROLL/PURPLE/N-5YC1VZBC0QZNEGZ1Z17C6E
COLOROLL	COLOROLL	homedepot.com	HTTPS://WWW.HOMEDEPOT.COM/B/HOME-DECOR-WALLPAPER/COLOROLL/DOUBLE-ROLL/N-5YC1VZBC0QZNEGZ1Z1DTMN
COLORPOINT	COLORPOINT	homedepot.com	HTTPS://WWW.HOMEDEPOT.COM/B/BATH-BATHROOM-VANITIES-BATHROOM-VANITY-TOPS/COLORPOINT/N-5YC1VZCFVFZ1Z1TU9P
COLORSCENTS	COLORSCENTS	homedepot.com	HTTPS://WWW.HOMEDEPOT.COM/B/CLEANING-TRASH-RECYCLING-TRASH-BAGS/COLOR-SCENTS/N-5YC1VZCB24ZEIQ
COLORSCENTS	COLORSCENTS	homedepot.com	HTTPS://WWW.HOMEDEPOT.COM/B/CLEANING-TRASH-RECYCLING/COLOR-SCENTS/N-5YC1VZCB21ZEIQ
COLORSHOT	COLORSHOT	homedepot.com	HTTPS://WWW.HOMEDEPOT.COM/B/PAINT/COLORSHOT/N-5YC1VZAR2DZOOU
COLORSHOT	COLORSHOT	homedepot.com	HTTPS://WWW.HOMEDEPOT.COM/B/PAINT-SPRAY-PAINT/COLORSHOT/N-5YC1VZAPZ5ZOOU
COLOURTREE	COLOURTREE	homedepot.com	HTTPS://WWW.HOMEDEPOT.COM/B/COLOURTREE/N-5YC1VZRH5
COLOURTREE	COLOURTREE	homedepot.com	HTTPS://WWW.HOMEDEPOT.COM/B/OUTDOORS-SHADE-STRUCTURES-CANOPIES-SHADE-SAILS/COLOURTREE/N-5YC1VZCC4RZRH5
COMET	COMET	homedepot.com	HTTPS://WWW.HOMEDEPOT.COM/B/CLEANING-CLEANING-PRODUCTS/COMET/N-5YC1VZCB33Z8PO
COMFEE	COMFEE	homedepot.com	HTTPS://WWW.HOMEDEPOT.COM/B/COMFEE/N-5YC1VZYL1
COMFEE	COMFEE	homedepot.com	HTTPS://WWW.HOMEDEPOT.COM/B/APPLIANCES/COMFEE/N-5YC1VZBV1WZYL1
COMFILIFE	COMFILIFE	homedepot.com	HTTPS://WWW.HOMEDEPOT.COM/B/COMFILIFE/N-5YC1VZUFO
COMFORDAY	COMFORDAY	homedepot.com	HTTPS://WWW.HOMEDEPOT.COM/B/COMFORDAY/N-5YC1VZGWM
COMFORDAY	COMFORDAY	homedepot.com	HTTPS://WWW.HOMEDEPOT.COM/B/CLEANING-CLEANING-TOOLS-STEAM-CLEANERS/COMFORDAY/N-5YC1VZCB4IZGWM
COMFORDAY	COMFORDAY	homedepot.com	HTTPS://WWW.HOMEDEPOT.COM/B/OUTDOORS-GARDEN-CENTER-PEST-CONTROL-INSECT-CONTROL-INSECT-KILLERS/COMFORDAY/N-5YC1VZ2FKOQG8ZGWM
COMFORTBILT	COMFORTBILT	homedepot.com	HTTPS://WWW.HOMEDEPOT.COM/B/HEATING-VENTING-COOLING-FIREPLACES-FREESTANDING-STOVES-PELLET-STOVES/COMFORTBILT/N-5YC1VZC7IXZHA3
COMFORTBILT	COMFORTBILT	homedepot.com	HTTPS://WWW.HOMEDEPOT.COM/B/COMFORTBILT/N-5YC1VZHA3
COMFORTBILT	COMFORTBILT	homedepot.com	HTTPS://WWW.HOMEDEPOT.COM/B/COMFORTBILT/HOPPER/N-5YC1VZHA3Z1Z0K479
COMFORTCHAIR	COMFORTCHAIR	homedepot.com	HTTPS://WWW.HOMEDEPOT.COM/B/FURNITURE-LIVING-ROOM-FURNITURE-CHAIRS-ACCENT-CHAIRS/COMFORT-CHAIR/N-5YC1VZCF8GZ1Z1ANG8
COMFORTGLOW	COMFORTGLOW	homedepot.com	HTTPS://WWW.HOMEDEPOT.COM/B/COMFORT-GLOW/N-5YC1VZB46
COMFORTGLOW	COMFORTGLOW	homedepot.com	HTTPS://WWW.HOMEDEPOT.COM/B/HEATING-VENTING-COOLING-HEATERS/COMFORT-GLOW/N-5YC1VZC4L7ZB46
COMFORTGLOW	COMFORTGLOW	homedepot.com	HTTPS://WWW.HOMEDEPOT.COM/B/HEATING-VENTING-COOLING-HEATERS-SPACE-HEATERS/COMFORT-GLOW/N-5YC1VZC4LHZB46
COMFORTLINEPRODUCTS	COMFORTLINEPRODUCTS	homedepot.com	HTTPS://WWW.HOMEDEPOT.COM/B/OUTDOORS-HOT-TUB-SPAS-HOME-SAUNAS-HOT-TUB-ACCESSORIES/COMFORT-LINE-PRODUCTS/N-5YC1VZCFYXZA6S
COMFORTLINEPRODUCTS	COMFORTLINEPRODUCTS	homedepot.com	HTTPS://WWW.HOMEDEPOT.COM/B/OUTDOORS-HOME-SPAS-HOT-TUBS/COMFORT-LINE-PRODUCTS/N-5YC1VZCFZ2ZA6S
COMFORTLINEPRODUCTS	COMFORTLINEPRODUCTS	homedepot.com	HTTPS://WWW.HOMEDEPOT.COM/B/COMFORT-LINE-PRODUCTS/N-5YC1VZA6S
COMFORTREVOLUTION	COMFORTREVOLUTION	homedepot.com	HTTPS://WWW.HOMEDEPOT.COM/B/COMFORT-REVOLUTION/N-5YC1VZHG6
COMFORTREVOLUTION	COMFORTREVOLUTION	homedepot.com	HTTPS://WWW.HOMEDEPOT.COM/B/HOME-DECOR-BEDDING-BED-PILLOWS/COMFORT-REVOLUTION/N-5YC1VZC3PVZHG6
COMFORTSEATS	COMFORTSEATS	homedepot.com	HTTPS://WWW.HOMEDEPOT.COM/B/BATH-TOILETS-TOILET-SEATS/COMFORT-SEATS/N-5YC1VZCEQ5ZE17
COMFORTTECH	COMFORTTECH	homedepot.com	HTTPS://WWW.HOMEDEPOT.COM/B/COMFORT-TECH/N-5YC1VZM70
COMFORTTECH	COMFORTTECH	homedepot.com	HTTPS://WWW.HOMEDEPOT.COM/B/FURNITURE-BEDROOM-FURNITURE-MATTRESSES/COMFORT-TECH/N-5YC1VZC7OEZM70
COMFORTTECH	COMFORTTECH	homedepot.com	HTTPS://WWW.HOMEDEPOT.COM/B/HOME-DECOR-BEDDING-MATTRESS-TOPPERS/COMFORT-TECH/N-5YC1VZC1KUZM70
COMFORTTECH	COMFORTTECH	homedepot.com	HTTPS://WWW.HOMEDEPOT.COM/B/FURNITURE-LIVING-ROOM-FURNITURE-SOFAS-COUCHES/COMFORT-TECH/N-5YC1VZC7OYZM70
COMFORTZONE	COMFORTZONE	homedepot.com	HTTPS://WWW.HOMEDEPOT.COM/B/HEATING-VENTING-COOLING-HEATERS-SPACE-HEATERS/COMFORT-ZONE/N-5YC1VZC4LHZB13
COMFORTZONE	COMFORTZONE	homedepot.com	HTTPS://WWW.HOMEDEPOT.COM/B/COMFORT-ZONE/N-5YC1VZB13
COMFREY	COMFREY	homedepot.com	HTTPS://WWW.HOMEDEPOT.COM/B/OUTDOORS-GARDEN-CENTER-OUTDOOR-PLANTS/COMFREY/N-5YC1VZC8RGZ1Z1BS49
COMFYFLOATS	COMFYFLOATS	homedepot.com	HTTPS://WWW.HOMEDEPOT.COM/B/OUTDOORS-POOLS-POOL-SUPPLIES-POOL-FLOATS/COMFY-FLOATS/N-5YC1VZCFYFZUHC
COMFYSTYLE	COMFYSTYLE	homedepot.com	HTTPS://WWW.HOMEDEPOT.COM/B/COMFYSTYLE/N-5YC1VZUO9
COMFYSTYLE	COMFYSTYLE	homedepot.com	HTTPS://WWW.HOMEDEPOT.COM/B/BATH-BATHROOM-VANITIES/COMFYSTYLE/N-5YC1VZCFV3ZUO9
COMFYSTYLE	COMFYSTYLE	homedepot.com	HTTPS://WWW.HOMEDEPOT.COM/B/BATH-BATHROOM-VANITIES-BATHROOM-VANITIES-WITH-TOPS/COMFYSTYLE/N-5YC1VZCFW5ZUO9
COMHOMA	COMHOMA	homedepot.com	HTTPS://WWW.HOMEDEPOT.COM/B/FURNITURE-LIVING-ROOM-FURNITURE/COMHOMA/N-5YC1VZC7P3ZZPK
COMHOMA	COMHOMA	homedepot.com	HTTPS://WWW.HOMEDEPOT.COM/B/FURNITURE-LIVING-ROOM-FURNITURE-CHAIRS/COMHOMA/N-5YC1VZC7PYZZPK
COMHOMA	COMHOMA	homedepot.com	HTTPS://WWW.HOMEDEPOT.COM/B/FURNITURE-LIVING-ROOM-FURNITURE-CHAIRS-RECLINERS/COMHOMA/N-5YC1VZCF7SZZPK
COMLLEN	COMLLEN	homedepot.com	HTTPS://WWW.HOMEDEPOT.COM/B/BATH-BATHROOM-VANITIES/COMLLEN/N-5YC1VZCFV3ZVJY
COMLLEN	COMLLEN	homedepot.com	HTTPS://WWW.HOMEDEPOT.COM/B/COMLLEN/N-5YC1VZVJY
COMMAND	COMMAND	homedepot.com	HTTPS://WWW.HOMEDEPOT.COM/B/COMMAND/N-5YC1VZ4AV
COMMERCIALCHEF	COMMERCIALCHEF	homedepot.com	HTTPS://WWW.HOMEDEPOT.COM/B/APPLIANCES-MICROWAVES/COMMERCIAL-CHEF/N-5YC1VZC3OKZPSS
COMMERCIALCHEF	COMMERCIALCHEF	homedepot.com	HTTPS://WWW.HOMEDEPOT.COM/B/COMMERCIAL-CHEF/N-5YC1VZPSS
COMMERCIALCHEF	COMMERCIALCHEF	homedepot.com	HTTPS://WWW.HOMEDEPOT.COM/B/APPLIANCES/COMMERCIAL-CHEF/N-5YC1VZBV1WZPSS
COMMERCIALCOOL	COMMERCIALCOOL	homedepot.com	HTTPS://WWW.HOMEDEPOT.COM/B/HEATING-VENTING-COOLING-AIR-CONDITIONERS-PORTABLE-AIR-CONDITIONERS/COMMERCIAL-COOL/N-5YC1VZC4M4Z8KA
COMMERCIALCOOL	COMMERCIALCOOL	homedepot.com	HTTPS://WWW.HOMEDEPOT.COM/B/COMMERCIAL-COOL/N-5YC1VZ8KA
COMMERCIALELECTRIC	COMMERCIALELECTRIC	homedepot.com	HTTPS://WWW.HOMEDEPOT.COM/B/COMMERCIAL-ELECTRIC/N-5YC1VZDN
COMMERCIALELECTRIC	COMMERCIALELECTRIC	homedepot.com	HTTPS://WWW.HOMEDEPOT.COM/B/LIGHTING-RECESSED-LIGHTING/COMMERCIAL-ELECTRIC/N-5YC1VZC7NIZDN
COMMERCIALELECTRIC	COMMERCIALELECTRIC	homedepot.com	HTTPS://WWW.HOMEDEPOT.COM/B/ELECTRICAL/COMMERCIAL-ELECTRIC/N-5YC1VZARCDZDN
COMMERCIALELECTRIC	COMMERCIALELECTRIC	homedepot.com	HTTPS://WWW.HOMEDEPOT.COM/B/LIGHTING/COMMERCIAL-ELECTRIC/N-5YC1VZBVN5ZDN
COMMERCIALELECTRIC	COMMERCIALELECTRIC	homedepot.com	HTTPS://WWW.HOMEDEPOT.COM/B/LIGHTING-COMMERCIAL-LIGHTING-SHOP-LIGHTS/COMMERCIAL-ELECTRIC/N-5YC1VZC9H6ZDN
COMMERCIALELECTRIC	COMMERCIALELECTRIC	homedepot.com	HTTPS://WWW.HOMEDEPOT.COM/B/LIGHTING-COMMERCIAL-LIGHTING/COMMERCIAL-ELECTRIC/N-5YC1VZC7BUZDN
COMMERCIALELECTRIC	COMMERCIALELECTRIC	homedepot.com	HTTPS://WWW.HOMEDEPOT.COM/B/COMMERCIAL-ELECTRIC/RESIDENTIAL/N-5YC1VZDNZ1Z0PNYX
COMMERCIALLIGHTING	COMMERCIALLIGHTING	homedepot.com	HTTPS://WWW.HOMEDEPOT.COM/B/LIGHTING-COMMERCIAL-LIGHTING/N-5YC1VZC7BU
COMMUNITYCOFFEE	COMMUNITYCOFFEE	homedepot.com	HTTPS://WWW.HOMEDEPOT.COM/B/COMMUNITY-COFFEE/N-5YC1VZ7HP
COMPARENSAVE	COMPARENSAVE	homedepot.com	HTTPS://WWW.HOMEDEPOT.COM/B/COMPARE-N-SAVE/N-5YC1VZ9LQ
COMPARENSAVE	COMPARENSAVE	homedepot.com	HTTPS://WWW.HOMEDEPOT.COM/B/OUTDOORS-GARDEN-CENTER-LAWN-CARE-WEED-KILLER/COMPARE-N-SAVE/N-5YC1VZBX6FZ9LQ
COMSTAR	COMSTAR	homedepot.com	HTTPS://WWW.HOMEDEPOT.COM/B/COMSTAR/N-5YC1VZPL4
CONCEPTSINWOOD	CONCEPTSINWOOD	homedepot.com	HTTPS://WWW.HOMEDEPOT.COM/B/CONCEPTS-IN-WOOD/N-5YC1VZ9T5
CONCEPTSINWOOD	CONCEPTSINWOOD	homedepot.com	HTTPS://WWW.HOMEDEPOT.COM/B/FURNITURE/CONCEPTS-IN-WOOD/N-5YC1VZC7PCZ9T5
CONCEPTSINWOOD	CONCEPTSINWOOD	homedepot.com	HTTPS://WWW.HOMEDEPOT.COM/B/FURNITURE-HOME-OFFICE-FURNITURE-BOOKCASES-BOOKSHELVES/CONCEPTS-IN-WOOD/N-5YC1VZC7O5Z9T5
CONCORDFANS	CONCORDFANS	homedepot.com	HTTPS://WWW.HOMEDEPOT.COM/B/LIGHTING-CEILING-FANS-CEILING-FANS-WITH-LIGHTS/CONCORD-FANS/N-5YC1VZCJNUZFSZ
CONCORDFANS	CONCORDFANS	homedepot.com	HTTPS://WWW.HOMEDEPOT.COM/B/LIGHTING-CEILING-FANS/CONCORD-FANS/N-5YC1VZBVLQZFSZ
CONCORDFANS	CONCORDFANS	homedepot.com	HTTPS://WWW.HOMEDEPOT.COM/B/LIGHTING/CONCORD-FANS/N-5YC1VZBVN5ZFSZ
CONCORDFANS	CONCORDFANS	homedepot.com	HTTPS://WWW.HOMEDEPOT.COM/B/LIGHTING-CEILING-FANS/CONCORD-FANS/COASTAL/N-5YC1VZBVLQZFSZZ1Z0JYL2
CONCORDGLOBALTRADING	CONCORDGLOBALTRADING	homedepot.com	HTTPS://WWW.HOMEDEPOT.COM/B/FLOORING-RUGS-AREA-RUGS/CONCORD-GLOBAL-TRADING/N-5YC1VZARJGZE15
CONCORDGLOBALTRADING	CONCORDGLOBALTRADING	homedepot.com	HTTPS://WWW.HOMEDEPOT.COM/B/FLOORING-RUGS/CONCORD-GLOBAL-TRADING/N-5YC1VZARFMZE15
CONFERPLASTICS	CONFERPLASTICS	homedepot.com	HTTPS://WWW.HOMEDEPOT.COM/B/CONFER-PLASTICS/N-5YC1VZ3RP
CONFERPLASTICS	CONFERPLASTICS	homedepot.com	HTTPS://WWW.HOMEDEPOT.COM/B/OUTDOORS-POOLS-POOL-SUPPLIES-POOL-ACCESSORIES-POOL-LADDERS/CONFER-PLASTICS/N-5YC1VZCFZ3Z3RP
CONFERPLASTICS	CONFERPLASTICS	homedepot.com	HTTPS://WWW.HOMEDEPOT.COM/B/OUTDOORS-POOLS-POOL-SUPPLIES/CONFER-PLASTICS/N-5YC1VZ1Z18GXCZVJG
CONFLEX	CONFLEX	homedepot.com	HTTPS://WWW.HOMEDEPOT.COM/B/PAINT/CON-FLEX/N-5YC1VZAR2DZMMX
CONGLOM	CONGLOM	homedepot.com	HTTPS://WWW.HOMEDEPOT.COM/B/PLUMBING-UTILITY-SINKS-ACCESSORIES-UTILITY-SINKS/CONGLOM/N-5YC1VZCGEUZD50
CONGLOM	CONGLOM	homedepot.com	HTTPS://WWW.HOMEDEPOT.COM/B/CONGLOM/N-5YC1VZD50
CONNECTICUTELECTRIC	CONNECTICUTELECTRIC	homedepot.com	HTTPS://WWW.HOMEDEPOT.COM/B/CONNECTICUT-ELECTRIC/N-5YC1VZDR
CONNECTICUTELECTRIC	CONNECTICUTELECTRIC	homedepot.com	HTTPS://WWW.HOMEDEPOT.COM/B/ELECTRICAL-POWER-DISTRIBUTION-ELECTRICAL-PANELS-PROTECTIVE-DEVICES-CIRCUIT-BREAKERS/CONNECTICUT-ELECTRIC/N-5YC1VZBM16ZDR
CONNECTICUTELECTRIC	CONNECTICUTELECTRIC	homedepot.com	HTTPS://WWW.HOMEDEPOT.COM/B/ELECTRICAL/CONNECTICUT-ELECTRIC/N-5YC1VZARCDZDR
CONNTEK	CONNTEK	homedepot.com	HTTPS://WWW.HOMEDEPOT.COM/B/ELECTRICAL-ELECTRICAL-CORDS-EXTENSION-CORDS-GENERATOR-CORDS/CONNTEK/N-5YC1VZC4MVZGYR
CONNTEK	CONNTEK	homedepot.com	HTTPS://WWW.HOMEDEPOT.COM/B/ELECTRICAL/CONNTEK/N-5YC1VZARCDZGYR
CONNTEK	CONNTEK	homedepot.com	HTTPS://WWW.HOMEDEPOT.COM/B/ELECTRICAL-ELECTRICAL-CORDS-PLUG-ADAPTERS/CONNTEK/N-5YC1VZC4O9ZGYR
CONSERVCO	CONSERVCO	homedepot.com	HTTPS://WWW.HOMEDEPOT.COM/B/CONSERVCO/N-5YC1VZEJL
CONSERVCO	CONSERVCO	homedepot.com	HTTPS://WWW.HOMEDEPOT.COM/B/PLUMBING-PLUMBING-TOOLS/CONSERVCO/N-5YC1VZBQLQZEJL
CONSTRUCTIONMETALS	CONSTRUCTIONMETALS	homedepot.com	HTTPS://WWW.HOMEDEPOT.COM/B/BUILDING-MATERIALS/CONSTRUCTION-METALS/N-5YC1VZAQNSZ9S8
CONSTRUCTIONMETALS	CONSTRUCTIONMETALS	homedepot.com	HTTPS://WWW.HOMEDEPOT.COM/B/BUILDING-MATERIALS-ROOFING/CONSTRUCTION-METALS/N-5YC1VZAQ7MZ9S8
CONSTRUCTIONMETALS	CONSTRUCTIONMETALS	homedepot.com	HTTPS://WWW.HOMEDEPOT.COM/B/BUILDING-MATERIALS-DRYWALL/CONSTRUCTION-METALS-INC/N-5YC1VZAR3DZ5T6
CONSTRUCTOR	CONSTRUCTOR	homedepot.com	HTTPS://WWW.HOMEDEPOT.COM/B/HARDWARE/CONSTRUCTOR/N-5YC1VZC21MZEGH
CONTAINERFURNITUREDIRECT	CONTAINERFURNITUREDIRECT	homedepot.com	HTTPS://WWW.HOMEDEPOT.COM/B/CONTAINER-FURNITURE-DIRECT/N-5YC1VZTN9
CONTAINERFURNITUREDIRECT	CONTAINERFURNITUREDIRECT	homedepot.com	HTTPS://WWW.HOMEDEPOT.COM/B/FURNITURE-LIVING-ROOM-FURNITURE-LOVESEATS/CONTAINER-FURNITURE-DIRECT/N-5YC1VZ2FKOWJEZTN9
CONTAINERFURNITUREDIRECT	CONTAINERFURNITUREDIRECT	homedepot.com	HTTPS://WWW.HOMEDEPOT.COM/B/CONTAINER-FURNITURE-DIRECT/2-SEAT/N-5YC1VZTN9Z1Z1DRG7
CONTEMPOLIVING	CONTEMPOLIVING	homedepot.com	HTTPS://WWW.HOMEDEPOT.COM/B/CONTEMPO-LIVING-INC/N-5YC1VZPFV
CONTICO	CONTICO	homedepot.com	HTTPS://WWW.HOMEDEPOT.COM/B/STORAGE-ORGANIZATION-STORAGE-CONTAINERS/CONTICO/N-5YC1VZCFZIZ8HK
CONTICO	CONTICO	homedepot.com	HTTPS://WWW.HOMEDEPOT.COM/B/STORAGE-ORGANIZATION/CONTICO/N-5YC1VZAS7EZ8HK
CONTICO	CONTICO	homedepot.com	HTTPS://WWW.HOMEDEPOT.COM/B/TOOLS/CONTICO/N-5YC1VZC1XYZ8HK
CONTICO	CONTICO	homedepot.com	HTTPS://WWW.HOMEDEPOT.COM/B/CONTICO/N-5YC1VZ8HK
CONTICO	CONTICO	homedepot.com	HTTPS://WWW.HOMEDEPOT.COM/B/STORAGE-ORGANIZATION-STORAGE-CONTAINERS-STORAGE-BINS/CONTICO/N-5YC1VZCL3ZZ8HK
CONTINENTALCOMMERCIALPRODUCTS	CONTINENTALCOMMERCIALPRODUCTS	homedepot.com	HTTPS://WWW.HOMEDEPOT.COM/B/CONTINENTAL-COMMERCIAL-PRODUCTS/N-5YC1VZIAR
CONTINENTALELECTRIC	CONTINENTALELECTRIC	homedepot.com	HTTPS://WWW.HOMEDEPOT.COM/B/APPLIANCES/CONTINENTAL-ELECTRIC/N-5YC1VZBV1WZ2E5
CONTINENTALELECTRIC	CONTINENTALELECTRIC	homedepot.com	HTTPS://WWW.HOMEDEPOT.COM/B/CONTINENTAL-ELECTRIC/N-5YC1VZ2E5
CONTINENTALELECTRIC	CONTINENTALELECTRIC	homedepot.com	HTTPS://WWW.HOMEDEPOT.COM/B/APPLIANCES-SMALL-KITCHEN-APPLIANCES/CONTINENTAL-ELECTRIC/N-5YC1VZBV48Z2E5
CONTINENTALELITE	CONTINENTALELITE	homedepot.com	HTTPS://WWW.HOMEDEPOT.COM/B/CONTINENTAL-ELITE/N-5YC1VZNVU
CONTINENTALELITE	CONTINENTALELITE	homedepot.com	HTTPS://WWW.HOMEDEPOT.COM/B/GARAGE-AUTOMOTIVE/CONTINENTAL-ELITE/N-5YC1VZC8O1ZNVU
CONTINENTALELITE	CONTINENTALELITE	homedepot.com	HTTPS://WWW.HOMEDEPOT.COM/B/CONTINENTAL-ELITE/6-SPEED-AUTOMATIC/N-5YC1VZNVUZ1Z19EOO
CONTINENTALHOMEHARDWARE	CONTINENTALHOMEHARDWARE	homedepot.com	HTTPS://WWW.HOMEDEPOT.COM/B/CONTINENTAL-HOME-HARDWARE/N-5YC1VZ8VS
CONTINENTALHOMEHARDWARE	CONTINENTALHOMEHARDWARE	homedepot.com	HTTPS://WWW.HOMEDEPOT.COM/B/HARDWARE/CONTINENTAL-HOME-HARDWARE/N-5YC1VZC21MZ8VS
CONTINENTALHOMEHARDWARE	CONTINENTALHOMEHARDWARE	homedepot.com	HTTPS://WWW.HOMEDEPOT.COM/B/HARDWARE-CABINET-HARDWARE-CABINET-KNOBS/CONTINENTAL-HOME-HARDWARE/N-5YC1VZC296Z8VS
CONTINENTALHOMEHARDWARE	CONTINENTALHOMEHARDWARE	homedepot.com	HTTPS://WWW.HOMEDEPOT.COM/B/HARDWARE-CABINET-HARDWARE/CONTINENTAL-HOME-HARDWARE/N-5YC1VZC29ZZ8VS
CONTINENTALHOMEHARDWARE	CONTINENTALHOMEHARDWARE	homedepot.com	HTTPS://WWW.HOMEDEPOT.COM/B/HARDWARE-CABINET-HARDWARE-DRAWER-PULLS/CONTINENTAL-HOME-HARDWARE/N-5YC1VZC29UZ8VS
CONTINENTALHOMEHARDWARE	CONTINENTALHOMEHARDWARE	homedepot.com	HTTPS://WWW.HOMEDEPOT.COM/B/CONTINENTAL-HOME-HARDWARE/SATIN-NICKEL/N-5YC1VZ8VSZ1Z0O5Y8
CONTINENTALHOMEHARDWARE	CONTINENTALHOMEHARDWARE	homedepot.com	HTTPS://WWW.HOMEDEPOT.COM/B/HARDWARE-CABINET-HARDWARE/CONTINENTAL-HOME-HARDWARE/ANTIQUE-BRASS/N-5YC1VZC29ZZ8VSZ1Z0O5YA
CONTINENTALHOMEHARDWARE	CONTINENTALHOMEHARDWARE	homedepot.com	HTTPS://WWW.HOMEDEPOT.COM/B/HARDWARE-CABINET-HARDWARE-DRAWER-PULLS/CONTINENTAL-HOME-HARDWARE/HANDLE-BAR-PULL/N-5YC1VZC29UZ8VSZ1Z0Z65I
CONTIXO	CONTIXO	homedepot.com	HTTPS://WWW.HOMEDEPOT.COM/B/SPORTS-OUTDOORS-OUTDOOR-HOBBIES-DRONES/CONTIXO/N-5YC1VZCBW9ZHNR
CONTRACTOREXPRESSCABINETS	CONTRACTOREXPRESSCABINETS	homedepot.com	HTTPS://WWW.HOMEDEPOT.COM/B/KITCHEN-KITCHEN-CABINETS/CONTRACTOR-EXPRESS-CABINETS/N-5YC1VZAS87ZS67
CONTRACTOREXPRESSCABINETS	CONTRACTOREXPRESSCABINETS	homedepot.com	HTTPS://WWW.HOMEDEPOT.COM/B/CONTRACTOR-EXPRESS-CABINETS/N-5YC1VZS67
CONTRACTOREXPRESSCABINETS	CONTRACTOREXPRESSCABINETS	homedepot.com	HTTPS://WWW.HOMEDEPOT.COM/B/KITCHEN/CONTRACTOR-EXPRESS-CABINETS/N-5YC1VZAR4IZS67
CONTRACTOREXPRESSCABINETS	CONTRACTOREXPRESSCABINETS	homedepot.com	HTTPS://WWW.HOMEDEPOT.COM/B/KITCHEN-KITCHEN-CABINETS-IN-STOCK-KITCHEN-CABINETS-ASSEMBLED-KITCHEN-CABINETS/CONTRACTOR-EXPRESS-CABINETS/N-5YC1VZ2FKOWUPZS67
CONTRACTOREXPRESSCABINETS	CONTRACTOREXPRESSCABINETS	homedepot.com	HTTPS://WWW.HOMEDEPOT.COM/B/KITCHEN-KITCHEN-CABINETS-IN-STOCK-KITCHEN-CABINETS/CONTRACTOR-EXPRESS-CABINETS/N-5YC1VZCHBPZS67
CONTRACTOREXPRESSCABINETS	CONTRACTOREXPRESSCABINETS	homedepot.com	HTTPS://WWW.HOMEDEPOT.COM/B/KITCHEN-KITCHEN-CABINETS-KITCHEN-CABINET-SAMPLES/CONTRACTOR-EXPRESS-CABINETS/N-5YC1VZC3B4ZS67
CONTRACTOREXPRESSCABINETS	CONTRACTOREXPRESSCABINETS	homedepot.com	HTTPS://WWW.HOMEDEPOT.COM/B/KITCHEN-KITCHEN-CABINETS-IN-STOCK-KITCHEN-CABINETS-READY-TO-ASSEMBLE-KITCHEN-CABINETS/CONTRACTOR-EXPRESS-CABINETS/N-5YC1VZ2FKOWPZZS67
CONTRACTOREXPRESSCABINETS	CONTRACTOREXPRESSCABINETS	homedepot.com	HTTPS://WWW.HOMEDEPOT.COM/B/KITCHEN-KITCHEN-CABINETS/CONTRACTOR-EXPRESS-CABINETS/BLIND/N-5YC1VZAS87ZS67Z1Z1DVJJ
CONTRACTOREXPRESSCABINETS	CONTRACTOREXPRESSCABINETS	homedepot.com	HTTPS://WWW.HOMEDEPOT.COM/B/KITCHEN-KITCHEN-CABINETS/CONTRACTOR-EXPRESS-CABINETS/PICK-UP-TODAY/N-5YC1VZAS87ZS67Z1Z175A5
CONTRACTOREXPRESSCABINETS	CONTRACTOREXPRESSCABINETS	homedepot.com	HTTPS://WWW.HOMEDEPOT.COM/B/KITCHEN-KITCHEN-CABINETS-KITCHEN-CABINET-END-PANELS/CONTRACTOR-EXPRESS-CABINETS/N-5YC1VZ2FKOMT6ZS67
CONTRACTOREXPRESSCABINETS	CONTRACTOREXPRESSCABINETS	homedepot.com	HTTPS://WWW.HOMEDEPOT.COM/B/CONTRACTOR-EXPRESS-CABINETS/30-36/N-5YC1VZS67Z1Z1812Q
CONTRACTORSCHOICE	CONTRACTORSCHOICE	homedepot.com	HTTPS://WWW.HOMEDEPOT.COM/B/CONTRACTORS-CHOICE/N-5YC1VZ7DU
CONTROL4	CONTROL4	homedepot.com	HTTPS://WWW.HOMEDEPOT.COM/B/SMART-HOME-SMART-DEVICES/CONTROL4/N-5YC1VZ2FKP3E0Z1Z1AZ25
CONVENIENCECONCEPTS	CONVENIENCECONCEPTS	homedepot.com	HTTPS://WWW.HOMEDEPOT.COM/B/FURNITURE/CONVENIENCE-CONCEPTS/N-5YC1VZC7PCZEHI
CONVENIENCECONCEPTS	CONVENIENCECONCEPTS	homedepot.com	HTTPS://WWW.HOMEDEPOT.COM/B/CONVENIENCE-CONCEPTS/N-5YC1VZEHI
CONVENIENCECONCEPTS	CONVENIENCECONCEPTS	homedepot.com	HTTPS://WWW.HOMEDEPOT.COM/B/GARAGE-GARAGE-STORAGE/CONVENIENCE-CONCEPTS/N-5YC1VZARMIZEHI
CONVENIENCECONCEPTS	CONVENIENCECONCEPTS	homedepot.com	HTTPS://WWW.HOMEDEPOT.COM/B/FURNITURE-LIVING-ROOM-FURNITURE/CONVENIENCE-CONCEPTS/N-5YC1VZC7P3ZEHI
CONVENIENTHEIGHT	CONVENIENTHEIGHT	homedepot.com	HTTPS://WWW.HOMEDEPOT.COM/B/BATH-TOILETS/CONVENIENT-HEIGHT/N-5YC1VZBZBDZOGM
CONVENIENTHEIGHT	CONVENIENTHEIGHT	homedepot.com	HTTPS://WWW.HOMEDEPOT.COM/B/BATH-TOILETS/CONVENIENT-HEIGHT/EXTRA-TALL/N-5YC1VZBZBDZOGMZ1Z1PJBE
CONVERTABALL	CONVERTABALL	homedepot.com	HTTPS://WWW.HOMEDEPOT.COM/B/AUTOMOTIVE-RV-SUPPLIES-RV-ACCESSORIES/CONVERT-A-BALL/N-5YC1VZCLQWZP7E
COOKDUO	COOKDUO	homedepot.com	HTTPS://WWW.HOMEDEPOT.COM/B/KITCHEN-KITCHENWARE/COOKDUO/N-5YC1VZAQZOZRG6
COOKNHOME	COOKNHOME	homedepot.com	HTTPS://WWW.HOMEDEPOT.COM/B/KITCHEN-KITCHENWARE-COOKWARE/COOK-N-HOME/N-5YC1VZC7G9ZG7H
COOKNHOME	COOKNHOME	homedepot.com	HTTPS://WWW.HOMEDEPOT.COM/B/COOK-N-HOME/N-5YC1VZG7H
COOKPREPEAT	COOKPREPEAT	homedepot.com	HTTPS://WWW.HOMEDEPOT.COM/B/KITCHEN-KITCHENWARE-COOKWARE-STOCK-POTS/COOK-PREP-EAT/N-5YC1VZCEONZ1Z1UUWD
COOKPRO	COOKPRO	homedepot.com	HTTPS://WWW.HOMEDEPOT.COM/B/COOK-PRO/N-5YC1VZM9Q
COOKSSTANDARD	COOKSSTANDARD	homedepot.com	HTTPS://WWW.HOMEDEPOT.COM/B/KITCHEN-KITCHENWARE-COOKWARE/COOKS-STANDARD/N-5YC1VZC7G9ZG70
COOKSSTANDARD	COOKSSTANDARD	homedepot.com	HTTPS://WWW.HOMEDEPOT.COM/B/COOKS-STANDARD/N-5YC1VZG70
COOKTRON	COOKTRON	homedepot.com	HTTPS://WWW.HOMEDEPOT.COM/B/COOKTRON/N-5YC1VZYTS
COOKWITHCOLOR	COOKWITHCOLOR	homedepot.com	HTTPS://WWW.HOMEDEPOT.COM/B/KITCHEN-KITCHENWARE-KITCHEN-UTENSILS/COOK%C2%A0WITH%C2%A0COLOR/N-5YC1VZCEZEZYHP
COOKWITHCOLOR	COOKWITHCOLOR	homedepot.com	HTTPS://WWW.HOMEDEPOT.COM/B/KITCHEN-KITCHENWARE-KITCHEN-UTENSILS-WHISKS/COOK-WITH-COLOR/N-5YC1VZCEYQZ1Z1XMT5
COOLAROO	COOLAROO	homedepot.com	HTTPS://WWW.HOMEDEPOT.COM/B/COOLAROO/N-5YC1VZ39W
COOLAROO	COOLAROO	homedepot.com	HTTPS://WWW.HOMEDEPOT.COM/B/WINDOW-TREATMENTS-WINDOW-SHADES-OUTDOOR-SHADES/COOLAROO/N-5YC1VZBT0ZZ39W
COOLATTIC	COOLATTIC	homedepot.com	HTTPS://WWW.HOMEDEPOT.COM/B/HEATING-VENTING-COOLING/COOL-ATTIC/N-5YC1VZC4K8ZBQN
COOLDRAFT	COOLDRAFT	homedepot.com	HTTPS://WWW.HOMEDEPOT.COM/B/HEATING-VENTING-COOLING-FANS/COOL-DRAFT/N-5YC1VZC4LWZMW1
COOLDRAFT	COOLDRAFT	homedepot.com	HTTPS://WWW.HOMEDEPOT.COM/B/HEATING-VENTING-COOLING-MISTERS-MISTING-FANS/COOL-DRAFT/N-5YC1VZCKB4ZMW1
COOLDRAFT	COOLDRAFT	homedepot.com	HTTPS://WWW.HOMEDEPOT.COM/B/COOL-DRAFT/N-5YC1VZMW1
COOLERDEPOT	COOLERDEPOT	homedepot.com	HTTPS://WWW.HOMEDEPOT.COM/B/COOLER-DEPOT/N-5YC1VZSSZ
COOLERDEPOT	COOLERDEPOT	homedepot.com	HTTPS://WWW.HOMEDEPOT.COM/B/APPLIANCES/COOLER-DEPOT/N-5YC1VZBV1WZSSZ
COOLERDEPOT	COOLERDEPOT	homedepot.com	HTTPS://WWW.HOMEDEPOT.COM/B/APPLIANCES-REFRIGERATORS-COMMERCIAL-REFRIGERATORS/COOLER-DEPOT/N-5YC1VZC3OEZSSZ
COOLERSHOCK	COOLERSHOCK	homedepot.com	HTTPS://WWW.HOMEDEPOT.COM/B/SPORTS-OUTDOORS-TAILGATING-GEAR-COOLERS/COOLER-SHOCK/N-5YC1VZCBWFZSJP
COOLERSHOCK	COOLERSHOCK	homedepot.com	HTTPS://WWW.HOMEDEPOT.COM/B/COOLER-SHOCK/N-5YC1VZSJP
COOLERZ	COOLERZ	homedepot.com	HTTPS://WWW.HOMEDEPOT.COM/B/COOLERZ/N-5YC1VZHIW
COOLERZ	COOLERZ	homedepot.com	HTTPS://WWW.HOMEDEPOT.COM/B/OUTDOORS-POOLS-POOL-SUPPLIES-POOL-FLOATS/COOLERZ/N-5YC1VZCFYFZHIW
COOLERZ	COOLERZ	homedepot.com	HTTPS://WWW.HOMEDEPOT.COM/B/WORKWEAR-COOLING-CLOTHING-GEAR-COOLING-ACCESSORIES/COOLERZ/BANDANA/N-5YC1VZC4ONZHIWZ1Z181RJ
COOLLIVING	COOLLIVING	homedepot.com	HTTPS://WWW.HOMEDEPOT.COM/B/HEATING-VENTING-COOLING-AIR-CONDITIONERS-PORTABLE-AIR-CONDITIONERS/COOL-LIVING/N-5YC1VZC4M4ZFJX
COOLMIST	COOLMIST	homedepot.com	HTTPS://WWW.HOMEDEPOT.COM/B/HEATING-VENTING-COOLING-HUMIDIFIERS/COOL-MIST/N-5YC1VZC4LVZ1Z24QZT
COOLSHARK	COOLSHARK	homedepot.com	HTTPS://WWW.HOMEDEPOT.COM/B/COOLSHARK/N-5YC1VZZ84
COOLSHARK	COOLSHARK	homedepot.com	HTTPS://WWW.HOMEDEPOT.COM/B/OUTDOORS-GARDEN-CENTER/COOLSHARK/N-5YC1VZBX6KZZ84
COOLSHARK	COOLSHARK	homedepot.com	HTTPS://WWW.HOMEDEPOT.COM/B/OUTDOORS-OUTDOOR-POWER-EQUIPMENT/COOLSHARK/N-5YC1VZBX5CZZ84
COOLSHARK	COOLSHARK	homedepot.com	HTTPS://WWW.HOMEDEPOT.COM/B/OUTDOORS-POOLS/COOLSHARK/N-5YC1VZCFYRZZ84
COOLSHARK	COOLSHARK	homedepot.com	HTTPS://WWW.HOMEDEPOT.COM/B/OUTDOORS-PATIO-FURNITURE-OUTDOOR-LOUNGE-FURNITURE/COOLSHARK/N-5YC1VZCFJ3ZZ84
COOLSPACE	COOLSPACE	homedepot.com	HTTPS://WWW.HOMEDEPOT.COM/B/HEATING-VENTING-COOLING-EVAPORATIVE-COOLERS-PORTABLE-EVAPORATIVE-COOLERS/COOL-SPACE/N-5YC1VZC4KLZH2N
COOLSPACE	COOLSPACE	homedepot.com	HTTPS://WWW.HOMEDEPOT.COM/B/HEATING-VENTING-COOLING-EVAPORATIVE-COOLERS/COOL-SPACE/N-5YC1VZC4LRZH2N
COOLULI	COOLULI	homedepot.com	HTTPS://WWW.HOMEDEPOT.COM/B/APPLIANCES-MINI-FRIDGES/COOLULI/N-5YC1VZC4MOZQ6S
COOLZONE	COOLZONE	homedepot.com	HTTPS://WWW.HOMEDEPOT.COM/B/HEATING-VENTING-COOLING-EVAPORATIVE-COOLERS/COOLZONE/N-5YC1VZC4LRZF55
COOPERBUSSMANN	COOPERBUSSMANN	homedepot.com	HTTPS://WWW.HOMEDEPOT.COM/B/ELECTRICAL-POWER-DISTRIBUTION-FUSES/COOPER-BUSSMANN/N-5YC1VZBTVMZ3K9
COOPERBUSSMANN	COOPERBUSSMANN	homedepot.com	HTTPS://WWW.HOMEDEPOT.COM/B/ELECTRICAL-POWER-DISTRIBUTION-FUSES/COOPER-BUSSMANN/ELECTRONICS/N-5YC1VZBTVMZ3K9Z1Z10WQJ
COOPERCLASSICS	COOPERCLASSICS	homedepot.com	HTTPS://WWW.HOMEDEPOT.COM/B/COOPER-CLASSICS/N-5YC1VZGXM
COOPERCLASSICS	COOPERCLASSICS	homedepot.com	HTTPS://WWW.HOMEDEPOT.COM/B/COOPER-CLASSICS/12/N-5YC1VZGXMZ1Z1087V
COOPERHUNTER	COOPERHUNTER	homedepot.com	HTTPS://WWW.HOMEDEPOT.COM/B/HEATING-VENTING-COOLING-MINI-SPLIT-AIR-CONDITIONERS-MINI-SPLIT-SYSTEMS/COOPER%C2%A0-%C2%A0HUNTER/MINI-SPLIT-HEAT-PUMP/N-5YC1VZ2FKPDFFZRMQZ1Z1WQGY
COOPERHUNTER	COOPERHUNTER	homedepot.com	HTTPS://WWW.HOMEDEPOT.COM/B/HEATING-VENTING-COOLING-MINI-SPLIT-AIR-CONDITIONERS/COOPER%C2%A0-%C2%A0HUNTER/N-5YC1VZC4M1ZRMQ
COOPERINDUSTRIES	COOPERINDUSTRIES	homedepot.com	HTTPS://WWW.HOMEDEPOT.COM/B/LIGHTING/COOPER-INDUSTRIES/N-5YC1VZBVN5Z1Z1PEUK
COOPERLIGHTING	COOPERLIGHTING	homedepot.com	HTTPS://WWW.HOMEDEPOT.COM/B/LIGHTING-COMMERCIAL-LIGHTING-WORK-LIGHTS/COOPER-LIGHTING/N-5YC1VZCGDUZ6JD
COOPERWIRINGDEVICES	COOPERWIRINGDEVICES	homedepot.com	HTTPS://WWW.HOMEDEPOT.COM/B/ELECTRICAL-WIRING-DEVICES-LIGHT-CONTROLS/COOPER-WIRING-DEVICES/N-5YC1VZC34HZAWH
COPCO	COPCO	homedepot.com	HTTPS://WWW.HOMEDEPOT.COM/B/COPCO/N-5YC1VZES0
COPPERCHEF	COPPERCHEF	homedepot.com	HTTPS://WWW.HOMEDEPOT.COM/B/KITCHEN-KITCHENWARE-COOKWARE-POT-PAN-SETS/COPPER-CHEF/N-5YC1VZCENZZH8X
COPPERCREEK	COPPERCREEK	homedepot.com	HTTPS://WWW.HOMEDEPOT.COM/B/HARDWARE-DOOR-HARDWARE-DOOR-LOCKS/COPPER-CREEK/N-5YC1VZC223ZHH8
COPPERCREEK	COPPERCREEK	homedepot.com	HTTPS://WWW.HOMEDEPOT.COM/B/HARDWARE/COPPER-CREEK/N-5YC1VZC21MZHH8
COPPERCREEK	COPPERCREEK	homedepot.com	HTTPS://WWW.HOMEDEPOT.COM/B/HARDWARE-DOOR-HARDWARE/COPPER-CREEK/N-5YC1VZC213ZHH8
COPPERCREEKHARDWARE	COPPERCREEKHARDWARE	homedepot.com	HTTPS://WWW.HOMEDEPOT.COM/B/HARDWARE-DOOR-HARDWARE-DOOR-KNOBS/COPPER-CREEK-HARDWARE/N-5YC1VZC27LZXQW
COPPERFIT	COPPERFIT	homedepot.com	HTTPS://WWW.HOMEDEPOT.COM/B/COPPER-FIT/N-5YC1VZG32
COPPERMOON	COPPERMOON	homedepot.com	HTTPS://WWW.HOMEDEPOT.COM/B/FOOD-GIFTS-BEVERAGES/COPPER-MOON/N-5YC1VZCIGAZUEG
COPPERMOON	COPPERMOON	homedepot.com	HTTPS://WWW.HOMEDEPOT.COM/B/FOOD-GIFTS-BEVERAGES-COFFEE-COFFEE-PODS-K-CUPS/COPPER-MOON/N-5YC1VZC6AFZUEG
COPPERMOUNTAINHARDWARE	COPPERMOUNTAINHARDWARE	homedepot.com	HTTPS://WWW.HOMEDEPOT.COM/B/COPPER-MOUNTAIN-HARDWARE/N-5YC1VZBZ8
COPPERMOUNTAINHARDWARE	COPPERMOUNTAINHARDWARE	homedepot.com	HTTPS://WWW.HOMEDEPOT.COM/B/HARDWARE-CABINET-HARDWARE-DRAWER-PULLS/COPPER-MOUNTAIN-HARDWARE/N-5YC1VZC29UZBZ8
COPPERMOUNTAINHARDWARE	COPPERMOUNTAINHARDWARE	homedepot.com	HTTPS://WWW.HOMEDEPOT.COM/B/HARDWARE-CABINET-HARDWARE-CABINET-KNOBS/COPPER-MOUNTAIN-HARDWARE/N-5YC1VZC296ZBZ8
COPPERMOUNTAINHARDWARE	COPPERMOUNTAINHARDWARE	homedepot.com	HTTPS://WWW.HOMEDEPOT.COM/B/KITCHEN-KITCHEN-CABINETS/COPPER-MOUNTAIN-HARDWARE/N-5YC1VZAS87ZBZ8
COPPERMOUNTAINHARDWARE	COPPERMOUNTAINHARDWARE	homedepot.com	HTTPS://WWW.HOMEDEPOT.COM/B/HARDWARE-DOOR-HARDWARE-DOOR-KNOBS-PRIVACY-DOOR-KNOBS/COPPER-MOUNTAIN-HARDWARE/N-5YC1VZC2E0ZBZ8
COPSECURITY	COPSECURITY	homedepot.com	HTTPS://WWW.HOMEDEPOT.COM/B/COP-SECURITY/N-5YC1VZDQB
COPSECURITY	COPSECURITY	homedepot.com	HTTPS://WWW.HOMEDEPOT.COM/B/TOOLS-SAFETY-SECURITY-HOME-SAFETY-HOME-SAFETY-ACCESSORIES/COP-SECURITY/N-5YC1VZC22UZDQB
COPSECURITY	COPSECURITY	homedepot.com	HTTPS://WWW.HOMEDEPOT.COM/B/TOOLS/COP-SECURITY/N-5YC1VZC1XYZDQB
CORDELIALIGHTING	CORDELIALIGHTING	homedepot.com	HTTPS://WWW.HOMEDEPOT.COM/B/CORDELIA-LIGHTING/N-5YC1VZDY
CORDELIALIGHTING	CORDELIALIGHTING	homedepot.com	HTTPS://WWW.HOMEDEPOT.COM/B/LIGHTING/CORDELIA-LIGHTING/N-5YC1VZBVN5Z1Z23X8B
CORDELIALIGHTING	CORDELIALIGHTING	homedepot.com	HTTPS://WWW.HOMEDEPOT.COM/B/LIGHTING-OUTDOOR-LIGHTING-OUTDOOR-WALL-LIGHTING/CORDELIA-LIGHTING/N-5YC1VZC7QQZDY
CORDELIALIGHTING	CORDELIALIGHTING	homedepot.com	HTTPS://WWW.HOMEDEPOT.COM/B/LIGHTING-CHANDELIERS/CORDELIA-LIGHTING/N-5YC1VZC7O0ZDY
CORDELIALIGHTING	CORDELIALIGHTING	homedepot.com	HTTPS://WWW.HOMEDEPOT.COM/B/LIGHTING-VANITY-LIGHTING/CORDELIA-LIGHTING/N-5YC1VZC7PRZDY
CORDELIALIGHTING	CORDELIALIGHTING	homedepot.com	HTTPS://WWW.HOMEDEPOT.COM/B/LIGHTING-FLUSH-MOUNT-CEILING-LIGHTS/CORDELIA-LIGHTING/N-5YC1VZC7NKZDY
CORDELIALIGHTING	CORDELIALIGHTING	homedepot.com	HTTPS://WWW.HOMEDEPOT.COM/B/LIGHTING-PENDANT-LIGHTS/CORDELIA-LIGHTING/N-5YC1VZC7NUZDY
CORDELIALIGHTING	CORDELIALIGHTING	homedepot.com	HTTPS://WWW.HOMEDEPOT.COM/B/LIGHTING/CORDELIA-LIGHTING/N-5YC1VZBVN5ZDY
CORDELIALIGHTING	CORDELIALIGHTING	homedepot.com	HTTPS://WWW.HOMEDEPOT.COM/B/LIGHTING-OUTDOOR-LIGHTING-OUTDOOR-WALL-LIGHTING-OUTDOOR-SCONCES/CORDELIA-LIGHTING/N-5YC1VZCDPUZDY
CORDINATE	CORDINATE	homedepot.com	HTTPS://WWW.HOMEDEPOT.COM/B/CORDINATE/N-5YC1VZHLO
CORDINATE	CORDINATE	homedepot.com	HTTPS://WWW.HOMEDEPOT.COM/B/ELECTRICAL-ELECTRICAL-CORDS/CORDINATE/N-5YC1VZC4MZZHLO
CORDOVACOOLERS	CORDOVACOOLERS	homedepot.com	HTTPS://WWW.HOMEDEPOT.COM/B/SPORTS-OUTDOORS-TAILGATING-GEAR-COOLERS/CORDOVA-COOLERS/N-5YC1VZCBWFZMFP
CORDOVACOOLERS	CORDOVACOOLERS	homedepot.com	HTTPS://WWW.HOMEDEPOT.COM/B/CORDOVA-COOLERS/N-5YC1VZMFP
CORDOVACOOLERS	CORDOVACOOLERS	homedepot.com	HTTPS://WWW.HOMEDEPOT.COM/B/SPORTS-OUTDOORS-TAILGATING-GEAR-COOLERS-CHEST-COOLERS/CORDOVA-COOLERS/N-5YC1VZCBWAZMFP
CORDOVACOOLERS	CORDOVACOOLERS	homedepot.com	HTTPS://WWW.HOMEDEPOT.COM/B/SPORTS-OUTDOORS/CORDOVA-COOLERS/N-5YC1VZC43LZMFP
CORDPRO	CORDPRO	homedepot.com	HTTPS://WWW.HOMEDEPOT.COM/B/ELECTRICAL-ELECTRICAL-CORDS-EXTENSION-CORDS/CORDPRO/N-5YC1VZC4NEZBYF
CORDPRO	CORDPRO	homedepot.com	HTTPS://WWW.HOMEDEPOT.COM/B/CORDPRO/N-5YC1VZBYF
CORDPRO	CORDPRO	homedepot.com	HTTPS://WWW.HOMEDEPOT.COM/B/ELECTRICAL-ELECTRICAL-CORDS-EXTENSION-CORDS-EXTENSION-CORD-REELS/CORDPRO/N-5YC1VZC5BLZBYF
CORDYLINE	CORDYLINE	homedepot.com	HTTPS://WWW.HOMEDEPOT.COM/B/OUTDOORS-GARDEN-CENTER-OUTDOOR-PLANTS/CORDYLINE/N-5YC1VZC8RGZ1Z1CY65
CORDYLINE	CORDYLINE	homedepot.com	HTTPS://WWW.HOMEDEPOT.COM/B/OUTDOORS-GARDEN-CENTER-INDOOR-PLANTS-HOUSE-PLANTS/CORDYLINE/N-5YC1VZ2FKPCY0Z1Z1CY65
COREBAMBOO	COREBAMBOO	homedepot.com	HTTPS://WWW.HOMEDEPOT.COM/B/CORE-BAMBOO/N-5YC1VZGMM
COREBAMBOO	COREBAMBOO	homedepot.com	HTTPS://WWW.HOMEDEPOT.COM/B/CORE-BAMBOO/BAMBOO/N-5YC1VZGMMZ1Z0U6R0
COREBAMBOO	COREBAMBOO	homedepot.com	HTTPS://WWW.HOMEDEPOT.COM/B/CORE-BAMBOO/BOARD/N-5YC1VZGMMZ1Z0LYOW
CORECOVERS	CORECOVERS	homedepot.com	HTTPS://WWW.HOMEDEPOT.COM/B/CORE-COVERS/N-5YC1VZC3Q
COREGEAR	COREGEAR	homedepot.com	HTTPS://WWW.HOMEDEPOT.COM/B/CORE-GEAR/N-5YC1VZEX2
COREHOME	COREHOME	homedepot.com	HTTPS://WWW.HOMEDEPOT.COM/B/CORE-HOME/N-5YC1VZGL3
COREKITCHEN	COREKITCHEN	homedepot.com	HTTPS://WWW.HOMEDEPOT.COM/B/KITCHEN-KITCHENWARE-KITCHEN-UTENSILS-KITCHEN-UTENSIL-SETS/CORE-KITCHEN/N-5YC1VZCEYMZHI3
COREKITCHEN	COREKITCHEN	homedepot.com	HTTPS://WWW.HOMEDEPOT.COM/B/KITCHEN-KITCHENWARE-KITCHEN-UTENSILS/CORE-KITCHEN/N-5YC1VZCEZEZHI3
COREKITCHEN	COREKITCHEN	homedepot.com	HTTPS://WWW.HOMEDEPOT.COM/B/CORE-KITCHEN/N-5YC1VZHI3
CORELLE	CORELLE	homedepot.com	HTTPS://WWW.HOMEDEPOT.COM/B/KITCHEN-TABLEWARE-BAR-DINNERWARE/CORELLE/N-5YC1VZCEXXZEVN
CORETARPS	CORETARPS	homedepot.com	HTTPS://WWW.HOMEDEPOT.COM/B/CORE-TARPS/N-5YC1VZVBO
CORKBOARD	CORKBOARD	homedepot.com	HTTPS://WWW.HOMEDEPOT.COM/B/HOME-DECOR-WALL-DECOR-MEMO-BOARDS/CORK-BOARD/N-5YC1VZBBZSZ1Z17TIR
CORLIVING	CORLIVING	homedepot.com	HTTPS://WWW.HOMEDEPOT.COM/B/FURNITURE/CORLIVING/N-5YC1VZC7PCZHLJ
CORNERHOUSEWARES	CORNERHOUSEWARES	homedepot.com	HTTPS://WWW.HOMEDEPOT.COM/B/FURNITURE-KITCHEN-DINING-ROOM-FURNITURE-CARTS-UTILITY-TABLES-KITCHEN-CARTS/CORNER-HOUSEWARES/N-5YC1VZCF2CZ1Z1APQM
CORNERS	CORNERS	homedepot.com	HTTPS://WWW.HOMEDEPOT.COM/B/CORNERS/N-5YC1VZ1Z0R6R6
CORNERSTONE	CORNERSTONE	homedepot.com	HTTPS://WWW.HOMEDEPOT.COM/B/BUILDING-MATERIALS/CORNERSTONE/N-5YC1VZAQNSZRUM
CORNINGWARE	CORNINGWARE	homedepot.com	HTTPS://WWW.HOMEDEPOT.COM/B/CORNINGWARE/N-5YC1VZEVO
CORROPROTEC	CORROPROTEC	homedepot.com	HTTPS://WWW.HOMEDEPOT.COM/B/PLUMBING-WATER-HEATERS-WATER-HEATER-PARTS-WATER-HEATER-ANODE-RODS/CORRO-PROTEC/N-5YC1VZ2FKP6BWZYU4
CORROSEAL	CORROSEAL	homedepot.com	HTTPS://WWW.HOMEDEPOT.COM/B/CORROSEAL/N-5YC1VZ9VE
CORRUGATED	CORRUGATED	homedepot.com	HTTPS://WWW.HOMEDEPOT.COM/B/BUILDING-MATERIALS-ROOFING-ROOF-PANELS-METAL-ROOFING/CORRUGATED/N-5YC1VZAPWHZ1Z1TKQU
CORRUGATED	CORRUGATED	homedepot.com	HTTPS://WWW.HOMEDEPOT.COM/B/BUILDING-MATERIALS-ROOFING-ROOF-PANELS/CORRUGATED/N-5YC1VZAQ4RZ1Z1TKQU
CORSOITALIA	CORSOITALIA	homedepot.com	HTTPS://WWW.HOMEDEPOT.COM/B/CORSO-ITALIA/N-5YC1VZF0E
CORSOITALIA	CORSOITALIA	homedepot.com	HTTPS://WWW.HOMEDEPOT.COM/B/FLOORING-TILE-PORCELAIN-TILE/CORSO-ITALIA/N-5YC1VZB97MZF0E
CORSOITALIA	CORSOITALIA	homedepot.com	HTTPS://WWW.HOMEDEPOT.COM/B/OUTDOORS-GARDEN-CENTER-LANDSCAPING-SUPPLIES-HARDSCAPES-PAVERS-PORCELAIN-PAVERS/CORSO-ITALIA/N-5YC1VZCIC5ZF0E
CORSOITALIA	CORSOITALIA	homedepot.com	HTTPS://WWW.HOMEDEPOT.COM/B/FLOORING-TILE-CERAMIC-TILE/CORSO-ITALIA/N-5YC1VZARSZZF0E
CORSOITALIA	CORSOITALIA	homedepot.com	HTTPS://WWW.HOMEDEPOT.COM/B/FLOORING-TILE/CORSO-ITALIA/N-5YC1VZAR0YZF0E
CORSOITALIA	CORSOITALIA	homedepot.com	HTTPS://WWW.HOMEDEPOT.COM/B/FLOORING-TILE-PORCELAIN-TILE/CORSO-ITALIA/12X24/N-5YC1VZB97MZF0EZ1Z118BP
CORTAG	CORTAG	homedepot.com	HTTPS://WWW.HOMEDEPOT.COM/B/CORTAG/N-5YC1VZM88
CORTAG	CORTAG	homedepot.com	HTTPS://WWW.HOMEDEPOT.COM/B/FLOORING-FLOORING-SUPPLIES-FLOORING-TOOLS-TILE-TOOLS/CORTAG/N-5YC1VZCDULZM88
CORTAG	CORTAG	homedepot.com	HTTPS://WWW.HOMEDEPOT.COM/B/FLOORING-FLOORING-SUPPLIES-FLOORING-TOOLS-TILE-TOOLS-TILE-CUTTERS/CORTAG/N-5YC1VZCDT6ZM88
CORTAG	CORTAG	homedepot.com	HTTPS://WWW.HOMEDEPOT.COM/B/FLOORING-FLOORING-SUPPLIES-FLOORING-TOOLS/CORTAG/N-5YC1VZCDTVZM88
CORTAG	CORTAG	homedepot.com	HTTPS://WWW.HOMEDEPOT.COM/B/FLOORING-FLOORING-SUPPLIES-FLOORING-TOOLS-TILE-TOOLS-TILE-SPACERS/CORTAG/N-5YC1VZCDTUZM88
CORTAG	CORTAG	homedepot.com	HTTPS://WWW.HOMEDEPOT.COM/B/CORTAG/ADJUSTABLE-BLADE/N-5YC1VZM88Z1Z0MAFR
CORTAG	CORTAG	homedepot.com	HTTPS://WWW.HOMEDEPOT.COM/B/FLOORING-FLOORING-SUPPLIES-FLOORING-TOOLS-TILE-TOOLS-TILE-CUTTERS/CORTAG/GLASS/N-5YC1VZCDT6ZM88Z1Z0U6OZ
CORTAG	CORTAG	homedepot.com	HTTPS://WWW.HOMEDEPOT.COM/B/FLOORING-FLOORING-SUPPLIES/CORTAG/N-5YC1VZCDU0ZM88
CORTELCO	CORTELCO	homedepot.com	HTTPS://WWW.HOMEDEPOT.COM/B/ELECTRICAL-ELECTRONICS-TELEPHONES/CORTELCO/N-5YC1VZC337ZCFD
CORTELCO	CORTELCO	homedepot.com	HTTPS://WWW.HOMEDEPOT.COM/B/CORTELCO/N-5YC1VZCFD
CORTESIHOME	CORTESIHOME	homedepot.com	HTTPS://WWW.HOMEDEPOT.COM/B/CORTESI-HOME/N-5YC1VZGJS
CORTESIHOME	CORTESIHOME	homedepot.com	HTTPS://WWW.HOMEDEPOT.COM/B/HOME-DECOR/CORTESI-HOME/N-5YC1VZAS6PZGJS
COSMOLIVINGBYCOSMOPOLITAN	COSMOLIVINGBYCOSMOPOLITAN	homedepot.com	HTTPS://WWW.HOMEDEPOT.COM/B/COSMOLIVING-BY-COSMOPOLITAN/N-5YC1VZOPM
COSMOLIVINGBYCOSMOPOLITAN	COSMOLIVINGBYCOSMOPOLITAN	homedepot.com	HTTPS://WWW.HOMEDEPOT.COM/B/FURNITURE-LIVING-ROOM-FURNITURE/COSMOLIVING-BY-COSMOPOLITAN/N-5YC1VZC7P3ZOPM
COSMOLIVINGBYCOSMOPOLITAN	COSMOLIVINGBYCOSMOPOLITAN	homedepot.com	HTTPS://WWW.HOMEDEPOT.COM/B/FURNITURE/COSMOLIVING-BY-COSMOPOLITAN/N-5YC1VZC7PCZOPM
COSMOS	COSMOS	homedepot.com	HTTPS://WWW.HOMEDEPOT.COM/B/OUTDOORS-GARDEN-CENTER-OUTDOOR-PLANTS-GARDEN-FLOWERS-ANNUALS/COSMOS/N-5YC1VZC8RMZ1Z1BQBL
COSORI	COSORI	homedepot.com	HTTPS://WWW.HOMEDEPOT.COM/B/APPLIANCES-SMALL-KITCHEN-APPLIANCES-AIR-FRYERS/COSORI/N-5YC1VZ1Z18GDRZOC4
COSTAFARMS	COSTAFARMS	homedepot.com	HTTPS://WWW.HOMEDEPOT.COM/B/OUTDOORS-GARDEN-CENTER-INDOOR-PLANTS/COSTA-FARMS/N-5YC1VZC8RNZ9O3
COSTAFARMS	COSTAFARMS	homedepot.com	HTTPS://WWW.HOMEDEPOT.COM/B/COSTA-FARMS/N-5YC1VZ9O3
COSTAFARMS	COSTAFARMS	homedepot.com	HTTPS://WWW.HOMEDEPOT.COM/B/OUTDOORS-GARDEN-CENTER-OUTDOOR-PLANTS/COSTA-FARMS/N-5YC1VZC8RGZ9O3
COSTWAY	COSTWAY	homedepot.com	HTTPS://WWW.HOMEDEPOT.COM/B/COSTWAY/N-5YC1VZN4E
COSYCORNER	COSYCORNER	homedepot.com	HTTPS://WWW.HOMEDEPOT.COM/B/FLOORING-VINYL-FLOORING-VINYL-PLANK-FLOORING/COSY-CORNER/N-5YC1VZBZJZZ1Z1U6QC
COTTAGECLASSICS	COTTAGECLASSICS	homedepot.com	HTTPS://WWW.HOMEDEPOT.COM/B/COTTAGE-CLASSICS/N-5YC1VZNB2
COTTAGECLASSICS	COTTAGECLASSICS	homedepot.com	HTTPS://WWW.HOMEDEPOT.COM/B/HOME-DECOR-BEDDING-QUILTS-COVERLETS/COTTAGE-CLASSICS/N-5YC1VZC1JYZNB2
COTTONBLOSSOM	COTTONBLOSSOM	homedepot.com	HTTPS://WWW.HOMEDEPOT.COM/B/PAINT-PAINT-COLORS/COTTON-BLOSSOM/N-5YC1VZCAW8Z1Z0PJMZ
COTTONTALEDESIGNS	COTTONTALEDESIGNS	homedepot.com	HTTPS://WWW.HOMEDEPOT.COM/B/COTTON-TALE-DESIGNS/N-5YC1VZGRT
COUNTRYCLUB	COUNTRYCLUB	homedepot.com	HTTPS://WWW.HOMEDEPOT.COM/B/HIGHLY-RATED/COUNTRY-CLUB/N-5YC1VZBWO5OZ1Z0UP93?NCNI-5
COUNTRYSMOKERS	COUNTRYSMOKERS	homedepot.com	HTTPS://WWW.HOMEDEPOT.COM/B/COUNTRY-SMOKERS/N-5YC1VZPS0
COUNTRYSMOKERS	COUNTRYSMOKERS	homedepot.com	HTTPS://WWW.HOMEDEPOT.COM/B/OUTDOORS-OUTDOOR-COOKING-GRILLS/COUNTRY-SMOKERS/N-5YC1VZBXAZZPS0
COUNTRYSMOKERS	COUNTRYSMOKERS	homedepot.com	HTTPS://WWW.HOMEDEPOT.COM/B/OUTDOORS-OUTDOOR-COOKING-GRILLS-GAS-GRILLS/COUNTRY-SMOKERS/N-5YC1VZC5T5ZPS0
COURISTAN	COURISTAN	homedepot.com	HTTPS://WWW.HOMEDEPOT.COM/B/FLOORING-RUGS-AREA-RUGS/COURISTAN/N-5YC1VZARJGZ4M2
COURISTAN	COURISTAN	homedepot.com	HTTPS://WWW.HOMEDEPOT.COM/B/FLOORING-RUGS/COURISTAN/N-5YC1VZARFMZ4M2
COURISTAN	COURISTAN	homedepot.com	HTTPS://WWW.HOMEDEPOT.COM/B/COURISTAN/N-5YC1VZ4M2
COURTSIDEMARKET	COURTSIDEMARKET	homedepot.com	HTTPS://WWW.HOMEDEPOT.COM/B/COURTSIDE-MARKET/N-5YC1VZH7Z
COURTSIDEMARKET	COURTSIDEMARKET	homedepot.com	HTTPS://WWW.HOMEDEPOT.COM/B/HOME-DECOR-WALL-DECOR/COURTSIDE-MARKET/N-5YC1VZAR8XZH7Z
COURTSIDEMARKET	COURTSIDEMARKET	homedepot.com	HTTPS://WWW.HOMEDEPOT.COM/B/COURTSIDE-MARKET/MEDIUM-20-40-IN/N-5YC1VZH7ZZ1Z1COH2
COURTYARDCASUAL	COURTYARDCASUAL	homedepot.com	HTTPS://WWW.HOMEDEPOT.COM/B/OUTDOORS-PATIO-FURNITURE/COURTYARD-CASUAL/N-5YC1VZBX4OZNCG
COURTYARDCASUAL	COURTYARDCASUAL	homedepot.com	HTTPS://WWW.HOMEDEPOT.COM/B/OUTDOORS-PATIO-FURNITURE-PATIO-CHAIRS-OUTDOOR-DINING-CHAIRS/COURTYARD-CASUAL/N-5YC1VZCCGTZNCG
COURTYARDCASUAL	COURTYARDCASUAL	homedepot.com	HTTPS://WWW.HOMEDEPOT.COM/B/COURTYARD-CASUAL/N-5YC1VZNCG
COURTYARDCASUAL	COURTYARDCASUAL	homedepot.com	HTTPS://WWW.HOMEDEPOT.COM/B/OUTDOORS-PATIO-FURNITURE/COURTYARD-CASUAL/ALUMINUM/N-5YC1VZBX4OZNCGZ1Z0T5HP
COURTYARDCASUAL	COURTYARDCASUAL	homedepot.com	HTTPS://WWW.HOMEDEPOT.COM/B/OUTDOORS-PATIO-FURNITURE-PATIO-CHAIRS/COURTYARD-CASUAL/N-5YC1VZC1XKZNCG
COURTYARDCASUAL	COURTYARDCASUAL	homedepot.com	HTTPS://WWW.HOMEDEPOT.COM/B/OUTDOORS-PATIO-FURNITURE-OUTDOOR-LOUNGE-FURNITURE/COURTYARD-CASUAL/N-5YC1VZCFJ3ZNCG
COURTYARDCASUAL	COURTYARDCASUAL	homedepot.com	HTTPS://WWW.HOMEDEPOT.COM/B/OUTDOORS-PATIO-FURNITURE-PATIO-DINING-FURNITURE-PATIO-DINING-SETS/COURTYARD-CASUAL/WHITE/N-5YC1VZBXDLZNCGZ1Z0RRRY
COUTUREDREAMS	COUTUREDREAMS	homedepot.com	HTTPS://WWW.HOMEDEPOT.COM/B/COUTURE-DREAMS/TEXTURED/N-5YC1VZOQ7Z1Z1B0NQ
COUTUREDREAMS	COUTUREDREAMS	homedepot.com	HTTPS://WWW.HOMEDEPOT.COM/B/WINDOW-TREATMENTS-CURTAINS-DRAPES/COUTURE-DREAMS/N-5YC1VZARFWZOQ7
COUTUREDREAMS	COUTUREDREAMS	homedepot.com	HTTPS://WWW.HOMEDEPOT.COM/B/HOME-DECOR-THROW-PILLOWS/COUTURE-DREAMS/N-5YC1VZC1KYZOQ7
COUTUREDREAMS	COUTUREDREAMS	homedepot.com	HTTPS://WWW.HOMEDEPOT.COM/B/HOME-DECOR-BEDDING-BED-SKIRTS/COUTURE-DREAMS/N-5YC1VZCL0NZOQ7
COVE	COVE	homedepot.com	HTTPS://WWW.HOMEDEPOT.COM/B/BUILDING-MATERIALS-MOULDING-MILLWORK-MOULDING/COVE/N-5YC1VZARA1Z1Z135PS
COVERONICS	COVERONICS	homedepot.com	HTTPS://WWW.HOMEDEPOT.COM/B/STORAGE-ORGANIZATION-OUTDOOR-STORAGE/COVERONICS/N-5YC1VZBU96ZZSU
COVERONICS	COVERONICS	homedepot.com	HTTPS://WWW.HOMEDEPOT.COM/B/STORAGE-ORGANIZATION-OUTDOOR-STORAGE-SHADE-STRUCTURES-GAZEBOS/COVERONICS/N-5YC1VZBTYAZZSU
COVERVALET	COVERVALET	homedepot.com	HTTPS://WWW.HOMEDEPOT.COM/B/COVER-VALET/N-5YC1VZBXT
COWAY	COWAY	homedepot.com	HTTPS://WWW.HOMEDEPOT.COM/B/HEATING-VENTING-COOLING-AIR-PURIFIERS/COWAY/N-5YC1VZC4M5ZOPN
COWSAR	COWSAR	homedepot.com	HTTPS://WWW.HOMEDEPOT.COM/B/COWSAR/N-5YC1VZZ11
COWSAR	COWSAR	homedepot.com	HTTPS://WWW.HOMEDEPOT.COM/B/APPLIANCES-ICE-MAKERS/COWSAR/N-5YC1VZ2FKOUR0ZZ11
COWSAR	COWSAR	homedepot.com	HTTPS://WWW.HOMEDEPOT.COM/B/APPLIANCES/COWSAR/N-5YC1VZBV1WZZ11
COXNORTHAMERICA	COXNORTHAMERICA	homedepot.com	HTTPS://WWW.HOMEDEPOT.COM/B/TOOLS/COX-NORTH-AMERICA/N-5YC1VZC1XYZD5C
COYOTELANDSCAPEPRODUCTS	COYOTELANDSCAPEPRODUCTS	homedepot.com	HTTPS://WWW.HOMEDEPOT.COM/B/OUTDOORS-GARDEN-CENTER-PLANT-SUPPORT/COYOTE-LANDSCAPE-PRODUCTS/N-5YC1VZCIAKZTD7
COYOTEOUTDOORLIVING	COYOTEOUTDOORLIVING	homedepot.com	HTTPS://WWW.HOMEDEPOT.COM/B/OUTDOORS-OUTDOOR-COOKING-OUTDOOR-KITCHENS-BUILT-IN-GRILLS/COYOTE-OUTDOOR-LIVING/N-5YC1VZC6T8ZQSM
COYOTEOUTDOORLIVING	COYOTEOUTDOORLIVING	homedepot.com	HTTPS://WWW.HOMEDEPOT.COM/B/OUTDOORS-OUTDOOR-COOKING-OUTDOOR-KITCHENS/COYOTE-OUTDOOR-LIVING/N-5YC1VZC4POZQSM
COZIWOW	COZIWOW	homedepot.com	HTTPS://WWW.HOMEDEPOT.COM/B/COZIWOW/N-5YC1VZUB4
COZIWOW	COZIWOW	homedepot.com	HTTPS://WWW.HOMEDEPOT.COM/B/OUTDOORS-PET-SUPPLIES-WILDLIFE/COZIWOW/N-5YC1VZC4U1ZUB4
COZIWOW	COZIWOW	homedepot.com	HTTPS://WWW.HOMEDEPOT.COM/B/OUTDOORS-PET-SUPPLIES-WILDLIFE-CAT-SUPPLIES/COZIWOW/N-5YC1VZC4UKZUB4
COZIWOW	COZIWOW	homedepot.com	HTTPS://WWW.HOMEDEPOT.COM/B/OUTDOORS-PET-SUPPLIES-WILDLIFE-SMALL-ANIMAL-SUPPLIES-BEDS-CAGES/COZIWOW/N-5YC1VZC53BZUB4
COZYBLOCK	COZYBLOCK	homedepot.com	HTTPS://WWW.HOMEDEPOT.COM/B/COZYBLOCK/N-5YC1VZNVO
COZYBLOCK	COZYBLOCK	homedepot.com	HTTPS://WWW.HOMEDEPOT.COM/B/KITCHEN-KITCHEN-SINKS/COZYBLOCK/N-5YC1VZARSAZNVO
COZYBLOCK	COZYBLOCK	homedepot.com	HTTPS://WWW.HOMEDEPOT.COM/B/FURNITURE/COZYBLOCK/N-5YC1VZC7PCZNVO
COZYBLOCK	COZYBLOCK	homedepot.com	HTTPS://WWW.HOMEDEPOT.COM/B/COZYBLOCK/PLASTIC/N-5YC1VZNVOZ1Z0UTJ8
COZYLA	COZYLA	homedepot.com	HTTPS://WWW.HOMEDEPOT.COM/B/COZYLA/N-5YC1VZ10DP
COZYLINEHOMEFASHIONS	COZYLINEHOMEFASHIONS	homedepot.com	HTTPS://WWW.HOMEDEPOT.COM/B/HOME-DECOR-BEDDING-QUILTS-COVERLETS/COZY-LINE-HOME-FASHIONS/N-5YC1VZC1JYZSAV
COZYLINEHOMEFASHIONS	COZYLINEHOMEFASHIONS	homedepot.com	HTTPS://WWW.HOMEDEPOT.COM/B/COZY-LINE-HOME-FASHIONS/N-5YC1VZSAV
COZYLINEHOMEFASHIONS	COZYLINEHOMEFASHIONS	homedepot.com	HTTPS://WWW.HOMEDEPOT.COM/B/COZY-LINE-HOME-FASHIONS/BEDROOM-LINEN/N-5YC1VZSAVZ1Z17GZX
COZYLINEHOMEFASHIONS	COZYLINEHOMEFASHIONS	homedepot.com	HTTPS://WWW.HOMEDEPOT.COM/B/HOME-DECOR-BEDDING-BEDDING-SETS/COZY-LINE-HOME-FASHIONS/N-5YC1VZ2FKOR2VZSAV
COZYLINEHOMEFASHIONS	COZYLINEHOMEFASHIONS	homedepot.com	HTTPS://WWW.HOMEDEPOT.COM/B/HOME-DECOR/COZY-LINE-HOME-FASHIONS/N-5YC1VZAS6PZSAV
COZYMAN	COZYMAN	homedepot.com	HTTPS://WWW.HOMEDEPOT.COM/B/FURNITURE/COZYMAN/N-5YC1VZC7PCZY07
COZYMAN	COZYMAN	homedepot.com	HTTPS://WWW.HOMEDEPOT.COM/B/COZYMAN/N-5YC1VZY07
COZYMAN	COZYMAN	homedepot.com	HTTPS://WWW.HOMEDEPOT.COM/B/OUTDOORS-PATIO-FURNITURE-OUTDOOR-BAR-FURNITURE/COZYMAN/N-5YC1VZCFIVZY07
COZYPRODUCTS	COZYPRODUCTS	homedepot.com	HTTPS://WWW.HOMEDEPOT.COM/B/COZY-PRODUCTS/N-5YC1VZEDO
CRACKSTIX	CRACKSTIX	homedepot.com	HTTPS://WWW.HOMEDEPOT.COM/B/CRACK-STIX/N-5YC1VZ6WQ
CRAFTBASICS	CRAFTBASICS	homedepot.com	HTTPS://WWW.HOMEDEPOT.COM/B/CRAFT-BASICS/N-5YC1VZOJJ
CRAFTSMAN	CRAFTSMAN	homedepot.com	HTTPS://WWW.HOMEDEPOT.COM/B/CRAFTSMAN/N-5YC1VZ1Z0MGD7
CRAFTSMAN	CRAFTSMAN	homedepot.com	HTTPS://WWW.HOMEDEPOT.COM/B/OUTDOORS-OUTDOOR-POWER-EQUIPMENT/CRAFTSMAN/PICK-UP-TODAY/N-5YC1VZBX5CZ1Z175A5Z1Z1B2AI
CRANACH	CRANACH	homedepot.com	HTTPS://WWW.HOMEDEPOT.COM/B/BATH-BATHROOM-FAUCETS-SHOWER-HEADS/CRANACH/N-5YC1VZCJOCZY5O
CRANACH	CRANACH	homedepot.com	HTTPS://WWW.HOMEDEPOT.COM/B/CRANACH/N-5YC1VZY5O
CRANACH	CRANACH	homedepot.com	HTTPS://WWW.HOMEDEPOT.COM/B/BATH/CRANACH/N-5YC1VZBZB3ZY5O
CRANACH	CRANACH	homedepot.com	HTTPS://WWW.HOMEDEPOT.COM/B/BATH-BATHROOM-FAUCETS-SHOWER-FAUCETS/CRANACH/N-5YC1VZCD02ZY5O
CRANACH	CRANACH	homedepot.com	HTTPS://WWW.HOMEDEPOT.COM/B/BATH-BATHROOM-FAUCETS/CRANACH/N-5YC1VZBREOZY5O
CRANACH	CRANACH	homedepot.com	HTTPS://WWW.HOMEDEPOT.COM/B/BATH-BATHROOM-FAUCETS-SHOWER-SYSTEMS/CRANACH/N-5YC1VZCD03ZY5O
CRANACH	CRANACH	homedepot.com	HTTPS://WWW.HOMEDEPOT.COM/B/CRANACH/ALL-MOUNTING-HARDWARE/N-5YC1VZY5OZ1Z0LAJ9
CRATESPALLET	CRATESPALLET	homedepot.com	HTTPS://WWW.HOMEDEPOT.COM/B/STORAGE-ORGANIZATION-WOODEN-CRATES/CRATES-PALLET/N-5YC1VZCFZFZDR8
CRATESPALLET	CRATESPALLET	homedepot.com	HTTPS://WWW.HOMEDEPOT.COM/B/STORAGE-ORGANIZATION/CRATES-PALLET/N-5YC1VZAS7EZDR8
CRAWFORDBURKE	CRAWFORDBURKE	homedepot.com	HTTPS://WWW.HOMEDEPOT.COM/B/CRAWFORD-BURKE/N-5YC1VZH4O
CRAWFORDBURKE	CRAWFORDBURKE	homedepot.com	HTTPS://WWW.HOMEDEPOT.COM/B/FURNITURE-LIVING-ROOM-FURNITURE/CRAWFORD-BURKE/N-5YC1VZC7P3ZH4O
CRAWFORDBURKE	CRAWFORDBURKE	homedepot.com	HTTPS://WWW.HOMEDEPOT.COM/B/FURNITURE-BEDROOM-FURNITURE/CRAWFORD-BURKE/N-5YC1VZC7PEZH4O
CRAWFORDBURKE	CRAWFORDBURKE	homedepot.com	HTTPS://WWW.HOMEDEPOT.COM/B/FURNITURE/CRAWFORD-BURKE/N-5YC1VZC7PCZH4O
CRAWFORDBURKE	CRAWFORDBURKE	homedepot.com	HTTPS://WWW.HOMEDEPOT.COM/B/FURNITURE-LIVING-ROOM-FURNITURE-TV-STANDS/CRAWFORD-BURKE/N-5YC1VZCFCTZH4O
CRAWFORDBURKE	CRAWFORDBURKE	homedepot.com	HTTPS://WWW.HOMEDEPOT.COM/B/OUTDOORS-OUTDOOR-COOKING/CRAWFORD-BURKE/N-5YC1VZCFB7ZH4O
CRAWFORDBURKE	CRAWFORDBURKE	homedepot.com	HTTPS://WWW.HOMEDEPOT.COM/B/OUTDOORS-PATIO-FURNITURE-PATIO-TABLES-PATIO-DINING-TABLES/CRAWFORD-BURKE/N-5YC1VZCCG6ZH4O
CRAWFORDBURKE	CRAWFORDBURKE	homedepot.com	HTTPS://WWW.HOMEDEPOT.COM/B/OUTDOORS-PATIO-FURNITURE-PATIO-CHAIRS-OUTDOOR-DINING-CHAIRS/CRAWFORD-BURKE/N-5YC1VZCCGTZH4O
CRAWFORDBURKE	CRAWFORDBURKE	homedepot.com	HTTPS://WWW.HOMEDEPOT.COM/B/OUTDOORS-OUTDOOR-COOKING-GRILL-ACCESSORIES-GRILL-COVERS/CRAWFORD-BURKE/N-5YC1VZBXB0ZH4O
CRAWFORDBURKE	CRAWFORDBURKE	homedepot.com	HTTPS://WWW.HOMEDEPOT.COM/B/FURNITURE-ENTRYWAY-FURNITURE/CRAWFORD-BURKE/N-5YC1VZC7OZZH4O
CRAWFORDBURKE	CRAWFORDBURKE	homedepot.com	HTTPS://WWW.HOMEDEPOT.COM/B/CRAWFORD-BURKE/ASSEMBLY-REQUIRED/N-5YC1VZH4OZ1Z0NDLQ
CRAWFORDBURKE	CRAWFORDBURKE	homedepot.com	HTTPS://WWW.HOMEDEPOT.COM/B/FURNITURE-BEDROOM-FURNITURE-MATTRESSES/CRAWFORD-BURKE/N-5YC1VZC7OEZH4O
CRAWFORDBURKE	CRAWFORDBURKE	homedepot.com	HTTPS://WWW.HOMEDEPOT.COM/B/FURNITURE-KITCHEN-DINING-ROOM-FURNITURE-DINING-CHAIRS/CRAWFORD-BURKE/N-5YC1VZC7P6ZH4O
CRAWFORDBURKE	CRAWFORDBURKE	homedepot.com	HTTPS://WWW.HOMEDEPOT.COM/B/OUTDOORS-PATIO-FURNITURE-PATIO-CHAIRS/CRAWFORD-BURKE/N-5YC1VZC1XKZH4O
CRAWFORDBURKE	CRAWFORDBURKE	homedepot.com	HTTPS://WWW.HOMEDEPOT.COM/B/OUTDOORS-OUTDOOR-COOKING-GRILL-ACCESSORIES/CRAWFORD-BURKE/N-5YC1VZBXCYZH4O
CRAWFORDBURKE	CRAWFORDBURKE	homedepot.com	HTTPS://WWW.HOMEDEPOT.COM/B/OUTDOORS-OUTDOOR-HEATING-FIRE-PITS/CRAWFORD-BURKE/N-5YC1VZC6NAZH4O
CRAWFORDBURKE	CRAWFORDBURKE	homedepot.com	HTTPS://WWW.HOMEDEPOT.COM/B/FURNITURE-HOME-OFFICE-FURNITURE/CRAWFORD-BURKE/N-5YC1VZC7NPZH4O
CRBROPHYMACHINEWORKS	CRBROPHYMACHINEWORKS	homedepot.com	HTTPS://WWW.HOMEDEPOT.COM/B/CR-BROPHY-MACHINE-WORKS/N-5YC1VZQDG
CRBROPHYMACHINEWORKS	CRBROPHYMACHINEWORKS	homedepot.com	HTTPS://WWW.HOMEDEPOT.COM/B/GARAGE-AUTOMOTIVE-RV-SUPPLIES-RV-ACCESSORIES/CR-BROPHY-MACHINE-WORKS/N-5YC1VZCLQWZQG4
CRBROPHYMACHINEWORKS	CRBROPHYMACHINEWORKS	homedepot.com	HTTPS://WWW.HOMEDEPOT.COM/B/GARAGE-AUTOMOTIVE-RV-SUPPLIES/CR-BROPHY-MACHINE-WORKS/N-5YC1VZCLREZQG4
CRBROPHYMACHINEWORKS	CRBROPHYMACHINEWORKS	homedepot.com	HTTPS://WWW.HOMEDEPOT.COM/B/GARAGE-AUTOMOTIVE-RV-SUPPLIES/CR-BROPHY-MACHINE-WORKS/N-5YC1VZCLREZQDG
CRBROPHYMACHINEWORKS	CRBROPHYMACHINEWORKS	homedepot.com	HTTPS://WWW.HOMEDEPOT.COM/B/GARAGE-AUTOMOTIVE-RV-SUPPLIES-RV-ACCESSORIES-OTHER-RV-ACESSORIES/CR-BROPHY-MACHINE-WORKS/N-5YC1VZ2FKPCTXZQDG
CRBROPHYMACHINEWORKS	CRBROPHYMACHINEWORKS	homedepot.com	HTTPS://WWW.HOMEDEPOT.COM/B/AUTOMOTIVE-RV-SUPPLIES-RV-ACCESSORIES-OTHER-RV-ACESSORIES/CR-BROPHY-MACHINE-WORKS/N-5YC1VZ2FKPCTXZQG4
CRBROPHYMACHINEWORKS	CRBROPHYMACHINEWORKS	homedepot.com	HTTPS://WWW.HOMEDEPOT.COM/B/AUTOMOTIVE-RV-SUPPLIES-RV-ACCESSORIES/CR-BROPHY-MACHINE-WORKS/N-5YC1VZCLQWZQDG
CRE8TIVEHARDWARE	CRE8TIVEHARDWARE	homedepot.com	HTTPS://WWW.HOMEDEPOT.COM/B/HARDWARE-GARAGE-DOOR-HARDWARE/CRE8TIVE-HARDWARE/N-5YC1VZC275ZFFR
CRE8TIVEHARDWARE	CRE8TIVEHARDWARE	homedepot.com	HTTPS://WWW.HOMEDEPOT.COM/B/CRE8TIVE-HARDWARE/N-5YC1VZFFR
CRE8TIVEHARDWARE	CRE8TIVEHARDWARE	homedepot.com	HTTPS://WWW.HOMEDEPOT.COM/B/HARDWARE/CRE8TIVE-HARDWARE/N-5YC1VZC21MZFFR
CREARREDA	CREARREDA	homedepot.com	HTTPS://WWW.HOMEDEPOT.COM/B/CREARREDA/N-5YC1VZSWQ
CREARREDA	CREARREDA	homedepot.com	HTTPS://WWW.HOMEDEPOT.COM/B/HOME-DECOR-WALL-DECOR-WALL-DECALS/CREARREDA/N-5YC1VZBVCHZSWQ
CREARREDA	CREARREDA	homedepot.com	HTTPS://WWW.HOMEDEPOT.COM/B/HOME-DECOR-WALL-DECOR/CREARREDA/N-5YC1VZAR8XZSWQ
CREATIONSBYNATHALIE	CREATIONSBYNATHALIE	homedepot.com	HTTPS://WWW.HOMEDEPOT.COM/B/CREATIONS-BY-NATHALIE/N-5YC1VZYZI
CREATIONSBYNATHALIE	CREATIONSBYNATHALIE	homedepot.com	HTTPS://WWW.HOMEDEPOT.COM/B/OUTDOORS-GARDEN-CENTER-SUCCULENTS/CREATIONS-BY-NATHALIE/N-5YC1VZC8S2ZYZI
CREATIVEACCENTS	CREATIVEACCENTS	homedepot.com	HTTPS://WWW.HOMEDEPOT.COM/B/FLOORING-RUGS/CREATIVE-ACCENTS/N-5YC1VZARFMZ4M8
CREATIVEACCENTS	CREATIVEACCENTS	homedepot.com	HTTPS://WWW.HOMEDEPOT.COM/B/ELECTRICAL-WALL-PLATES-OUTLET-WALL-PLATES/CREATIVE-ACCENTS/N-5YC1VZC6R0Z4M8
CREATIVEBATH	CREATIVEBATH	homedepot.com	HTTPS://WWW.HOMEDEPOT.COM/B/CREATIVE-BATH/N-5YC1VZGZJ
CREATIVEBATH	CREATIVEBATH	homedepot.com	HTTPS://WWW.HOMEDEPOT.COM/B/BATH-BATHROOM-ACCESSORIES/CREATIVE-BATH/N-5YC1VZCFVTZGZJ
CREATIVEBATH	CREATIVEBATH	homedepot.com	HTTPS://WWW.HOMEDEPOT.COM/B/BATH-SHOWER-ACCESSORIES/CREATIVE-BATH/N-5YC1VZCFVRZGZJ
CREATIVEBATH	CREATIVEBATH	homedepot.com	HTTPS://WWW.HOMEDEPOT.COM/B/CREATIVE-BATH/SOLID-COLOR/N-5YC1VZGZJZ1Z0ZN4M
CREATIVEBATH	CREATIVEBATH	homedepot.com	HTTPS://WWW.HOMEDEPOT.COM/B/BATH-SHOWER-ACCESSORIES-SHOWER-CURTAINS/CREATIVE-BATH/N-5YC1VZCFV5ZGZJ
CREATIVECEDARDESIGNS	CREATIVECEDARDESIGNS	homedepot.com	HTTPS://WWW.HOMEDEPOT.COM/B/CREATIVE-CEDAR-DESIGNS/N-5YC1VZGGE
CREATIVECEDARDESIGNS	CREATIVECEDARDESIGNS	homedepot.com	HTTPS://WWW.HOMEDEPOT.COM/B/PLAYGROUND-SETS-SWING-SETS/CREATIVE-CEDAR-DESIGNS/N-5YC1VZC5PKZGGE
CREATIVECEDARDESIGNS	CREATIVECEDARDESIGNS	homedepot.com	HTTPS://WWW.HOMEDEPOT.COM/B/PLAYGROUND-SETS/CREATIVE-CEDAR-DESIGNS/N-5YC1VZCJCDZGGE
CREATIVEHOME	CREATIVEHOME	homedepot.com	HTTPS://WWW.HOMEDEPOT.COM/B/CREATIVE-HOME/N-5YC1VZCF7
CREATIVEHOMEIDEAS	CREATIVEHOMEIDEAS	homedepot.com	HTTPS://WWW.HOMEDEPOT.COM/B/CREATIVE-HOME-IDEAS/N-5YC1VZXT1
CREATIVEHOMEIDEAS	CREATIVEHOMEIDEAS	homedepot.com	HTTPS://WWW.HOMEDEPOT.COM/B/FLOORING-RUGS-AREA-RUGS/CREATIVE-HOME-IDEAS/N-5YC1VZARJGZXT1
CREATIVEHOMEIDEAS	CREATIVEHOMEIDEAS	homedepot.com	HTTPS://WWW.HOMEDEPOT.COM/B/WINDOW-TREATMENTS-CURTAINS-DRAPES/CREATIVE-HOME-IDEAS/N-5YC1VZARFWZF7G
CREATIVEOUTDOOR	CREATIVEOUTDOOR	homedepot.com	HTTPS://WWW.HOMEDEPOT.COM/B/CREATIVE-OUTDOOR/N-5YC1VZFQP
CREATIVEOUTDOOR	CREATIVEOUTDOOR	homedepot.com	HTTPS://WWW.HOMEDEPOT.COM/B/OUTDOORS-GARDEN-CENTER-GARDEN-TOOLS-GARDEN-CARTS/CREATIVE-OUTDOOR/N-5YC1VZC5QLZFQP
CREATIVEOUTDOOR	CREATIVEOUTDOOR	homedepot.com	HTTPS://WWW.HOMEDEPOT.COM/B/SPORTS-OUTDOORS-TAILGATING-GEAR/CREATIVE-OUTDOOR/N-5YC1VZCBVBZFQP
CREATIVEOUTDOOR	CREATIVEOUTDOOR	homedepot.com	HTTPS://WWW.HOMEDEPOT.COM/B/SPORTS-OUTDOORS-CAMPING-GEAR-TENTS/CREATIVE-OUTDOOR/N-5YC1VZC417ZFQP
CREATIVEROOTS	CREATIVEROOTS	homedepot.com	HTTPS://WWW.HOMEDEPOT.COM/B/OUTDOORS-GARDEN-CENTER-LANDSCAPING-SUPPLIES/CREATIVE-ROOTS/N-5YC1VZBX51ZH72
CREATIVEROOTS	CREATIVEROOTS	homedepot.com	HTTPS://WWW.HOMEDEPOT.COM/B/SPORTS-OUTDOORS-KIDS-TOYS/CREATIVE-ROOTS/N-5YC1VZC4F9ZH72
CREATIVESPECIALTIES	CREATIVESPECIALTIES	homedepot.com	HTTPS://WWW.HOMEDEPOT.COM/B/CREATIVE-SPECIALTIES/N-5YC1VZ5QX
CREATIVESPECIALTIES	CREATIVESPECIALTIES	homedepot.com	HTTPS://WWW.HOMEDEPOT.COM/B/BATH-BATHROOM-ACCESSORIES-BATHROOM-HARDWARE/CREATIVE-SPECIALTIES/N-5YC1VZCFV8Z5QX
CREATIVESURFACES	CREATIVESURFACES	homedepot.com	HTTPS://WWW.HOMEDEPOT.COM/B/CREATIVE-SURFACES/N-5YC1VZVAI
CREATIVESURFACES	CREATIVESURFACES	homedepot.com	HTTPS://WWW.HOMEDEPOT.COM/B/LUMBER-COMPOSITES-FENCING-GATES/CREATIVE-SURFACES/N-5YC1VZBRK7ZVAI
CREATIVESURFACES	CREATIVESURFACES	homedepot.com	HTTPS://WWW.HOMEDEPOT.COM/B/FLOORING-VINYL-FLOORING-VINYL-PLANK-FLOORING/CREATIVE-SURFACES/N-5YC1VZBZJZZVAI
CREATIVESURFACES	CREATIVESURFACES	homedepot.com	HTTPS://WWW.HOMEDEPOT.COM/B/LUMBER-COMPOSITES-FENCING-GATES-VINYL-FENCING/CREATIVE-SURFACES/N-5YC1VZC3MQZVAI
CREATIVESURFACES	CREATIVESURFACES	homedepot.com	HTTPS://WWW.HOMEDEPOT.COM/B/LUMBER-COMPOSITES-DECKING/CREATIVE-SURFACES/N-5YC1VZBQMGZVAI
CREATIVESURFACES	CREATIVESURFACES	homedepot.com	HTTPS://WWW.HOMEDEPOT.COM/B/LUMBER-COMPOSITES-FENCING-GATES-COMPOSITE-FENCING/CREATIVE-SURFACES/N-5YC1VZC5UGZVAI
CREATIVEWARE	CREATIVEWARE	homedepot.com	HTTPS://WWW.HOMEDEPOT.COM/B/CREATIVEWARE/N-5YC1VZMOO
CREE	CREE	homedepot.com	HTTPS://WWW.HOMEDEPOT.COM/B/CREE/N-5YC1VZBOL
CREEKKOOLER	CREEKKOOLER	homedepot.com	HTTPS://WWW.HOMEDEPOT.COM/B/CREEKKOOLER/N-5YC1VZO5Q
CREOLEFEAST	CREOLEFEAST	homedepot.com	HTTPS://WWW.HOMEDEPOT.COM/B/CREOLEFEAST/N-5YC1VZQVS
CRESCENT	CRESCENT	homedepot.com	HTTPS://WWW.HOMEDEPOT.COM/B/TOOLS-HAND-TOOLS-HAND-TOOL-SETS/CRESCENT/N-5YC1VZC22XZE6
CRESCENT	CRESCENT	homedepot.com	HTTPS://WWW.HOMEDEPOT.COM/B/TOOLS-HAND-TOOLS-HAND-TOOL-SETS-WRENCH-SETS/CRESCENT/N-5YC1VZC91OZE6
CRESCENT	CRESCENT	homedepot.com	HTTPS://WWW.HOMEDEPOT.COM/B/TOOLS-HAND-TOOLS-WRENCHES/CRESCENT/N-5YC1VZC239ZE6
CRESCENTGARDEN	CRESCENTGARDEN	homedepot.com	HTTPS://WWW.HOMEDEPOT.COM/B/OUTDOORS-GARDEN-CENTER-PLANTERS-PLANT-POTS/CRESCENT-GARDEN/N-5YC1VZBX87ZGEJ
CRESCENTGARDEN	CRESCENTGARDEN	homedepot.com	HTTPS://WWW.HOMEDEPOT.COM/B/OUTDOORS-GARDEN-CENTER-PLANTERS/CRESCENT-GARDEN/N-5YC1VZBX81ZGEJ
CRESCENTJOBOX	CRESCENTJOBOX	homedepot.com	HTTPS://WWW.HOMEDEPOT.COM/B/GARAGE-AUTOMOTIVE-TRUCK-ACCESSORIES-TRUCK-TOOL-BOXES/CRESCENT-JOBOX/N-5YC1VZC23LZRI5
CRESCENTJOBOX	CRESCENTJOBOX	homedepot.com	HTTPS://WWW.HOMEDEPOT.COM/B/GARAGE-TOOL-STORAGE-JOBSITE-BOXES/CRESCENT-JOBOX/N-5YC1VZC27GZRI5
CRESSWELL	CRESSWELL	homedepot.com	HTTPS://WWW.HOMEDEPOT.COM/B/LIGHTING/CRESSWELL/N-5YC1VZBVN5ZOJL
CRESTFIELD	CRESTFIELD	homedepot.com	HTTPS://WWW.HOMEDEPOT.COM/B/CRESTFIELD/N-5YC1VZ1Z0XSS1
CRESTFIELD	CRESTFIELD	homedepot.com	HTTPS://WWW.HOMEDEPOT.COM/B/DELTA/CRESTFIELD/N-5YC1VZG2Z1Z0XSS1
CRESTFIELD	CRESTFIELD	homedepot.com	HTTPS://WWW.HOMEDEPOT.COM/B/BATH/CRESTFIELD/N-5YC1VZBZB3Z1Z0XSS1
CRESTFIELD	CRESTFIELD	homedepot.com	HTTPS://WWW.HOMEDEPOT.COM/B/BATH-BATHROOM-ACCESSORIES/CRESTFIELD/N-5YC1VZCFVTZ1Z0XSS1
CRESTFIELD	CRESTFIELD	homedepot.com	HTTPS://WWW.HOMEDEPOT.COM/B/BATH-BATHROOM-ACCESSORIES-BATHROOM-HARDWARE/CRESTFIELD/N-5YC1VZCFV8Z1Z0XSS1?_PXHC=1726617600322
CRESTLIVEPRODUCTS	CRESTLIVEPRODUCTS	homedepot.com	HTTPS://WWW.HOMEDEPOT.COM/B/CRESTLIVE-PRODUCTS/COMMERCIAL/N-5YC1VZRRSZ1Z0PNYT
CRESTLIVEPRODUCTS	CRESTLIVEPRODUCTS	homedepot.com	HTTPS://WWW.HOMEDEPOT.COM/B/OUTDOORS-PATIO-FURNITURE/CRESTLIVE-PRODUCTS/N-5YC1VZBX4OZRRS
CRESTLIVEPRODUCTS	CRESTLIVEPRODUCTS	homedepot.com	HTTPS://WWW.HOMEDEPOT.COM/B/OUTDOORS/CRESTLIVE-PRODUCTS/N-5YC1VZBX82ZRRS
CRESTVIEWCOLLECTION	CRESTVIEWCOLLECTION	homedepot.com	HTTPS://WWW.HOMEDEPOT.COM/B/CRESTVIEW-COLLECTION/N-5YC1VZZ42
CRESTVIEWCOLLECTION	CRESTVIEWCOLLECTION	homedepot.com	HTTPS://WWW.HOMEDEPOT.COM/B/LIGHTING/CRESTVIEW-COLLECTION/N-5YC1VZBVN5ZZ42
CRETORS	CRETORS	homedepot.com	HTTPS://WWW.HOMEDEPOT.COM/B/CRETORS/N-5YC1VZZ2Q
CREWAXEL	CREWAXEL	homedepot.com	HTTPS://WWW.HOMEDEPOT.COM/B/CREW-AXEL/N-5YC1VZT8O
CREWAXEL	CREWAXEL	homedepot.com	HTTPS://WWW.HOMEDEPOT.COM/B/SPORTS-OUTDOORS-BOATING-BOATS/CREW-AXEL/N-5YC1VZC42BZT8O
CRIBMATTRESSES	CRIBMATTRESSES	homedepot.com	HTTPS://WWW.HOMEDEPOT.COM/B/BABY-KIDS-NURSERY-NURSERY-BABY-FURNITURE-CRIB-MATTRESSES/N-5YC1VZ2FKP9N3
CRISTEL	CRISTEL	homedepot.com	HTTPS://WWW.HOMEDEPOT.COM/B/CRISTEL/N-5YC1VZGOC
CRISTEL	CRISTEL	homedepot.com	HTTPS://WWW.HOMEDEPOT.COM/B/KITCHEN-KITCHENWARE-COOKWARE/CRISTEL/N-5YC1VZC7G9ZGOC
CRITTERSITTERS	CRITTERSITTERS	homedepot.com	HTTPS://WWW.HOMEDEPOT.COM/B/CRITTER-SITTERS/N-5YC1VZQK4
CRL	CRL	homedepot.com	HTTPS://WWW.HOMEDEPOT.COM/B/CRL/N-5YC1VZ9X7
CROCKPOT	CROCKPOT	homedepot.com	HTTPS://WWW.HOMEDEPOT.COM/B/CROCK-POT/N-5YC1VZHQ9
CROSCILL	CROSCILL	homedepot.com	HTTPS://WWW.HOMEDEPOT.COM/B/CROSCILL/N-5YC1VZ106M
CROSCILL	CROSCILL	homedepot.com	HTTPS://WWW.HOMEDEPOT.COM/B/HOME-DECOR-BEDDING-COMFORTERS/CROSCILL/N-5YC1VZC1JZZ106M
CROSLEY	CROSLEY	homedepot.com	HTTPS://WWW.HOMEDEPOT.COM/B/ELECTRICAL-ELECTRONICS-HOME-AUDIO-RECORD-PLAYERS-TURNTABLES/CROSLEY/N-5YC1VZ2FKOOKLZCGL
CROSLEYFURNITURE	CROSLEYFURNITURE	homedepot.com	HTTPS://WWW.HOMEDEPOT.COM/B/CROSLEY-FURNITURE/N-5YC1VZPSH
CROSLEYFURNITURE	CROSLEYFURNITURE	homedepot.com	HTTPS://WWW.HOMEDEPOT.COM/B/FURNITURE/CROSLEY-FURNITURE/N-5YC1VZC7PCZPSH
CROSLEYFURNITURE	CROSLEYFURNITURE	homedepot.com	HTTPS://WWW.HOMEDEPOT.COM/B/OUTDOORS-PATIO-FURNITURE-PATIO-CHAIRS/CROSLEY-FURNITURE/N-5YC1VZC1XKZPSH
CROWNBOLT	CROWNBOLT	homedepot.com	HTTPS://WWW.HOMEDEPOT.COM/B/CROWN-BOLT/N-5YC1VZ1Z8
CROWNBOLT	CROWNBOLT	homedepot.com	HTTPS://WWW.HOMEDEPOT.COM/B/HARDWARE-FASTENERS-BOLTS/CROWN-BOLT/N-5YC1VZC26WZ1Z8
CROWNBOLT	CROWNBOLT	homedepot.com	HTTPS://WWW.HOMEDEPOT.COM/B/HARDWARE-FASTENERS-SCREWS/CROWN-BOLT/N-5YC1VZC2B0Z1Z8
CROWNBOLT	CROWNBOLT	homedepot.com	HTTPS://WWW.HOMEDEPOT.COM/B/HARDWARE-FASTENERS-SCREWS-MACHINE-SCREWS/CROWN-BOLT/N-5YC1VZC27IZ1Z8
CROWNBOLT	CROWNBOLT	homedepot.com	HTTPS://WWW.HOMEDEPOT.COM/B/HARDWARE-FASTENERS-SCREWS-WOOD-SCREWS/CROWN-BOLT/N-5YC1VZC2BLZ1Z8
CROWNBOLT	CROWNBOLT	homedepot.com	HTTPS://WWW.HOMEDEPOT.COM/B/HARDWARE-FASTENERS-BOLTS-HEX-BOLTS/CROWN-BOLT/N-5YC1VZC2C0Z1Z8
CROWNBOLT	CROWNBOLT	homedepot.com	HTTPS://WWW.HOMEDEPOT.COM/B/HARDWARE-FASTENERS/CROWN-BOLT/N-5YC1VZC255Z1Z8
CROWNBOLT	CROWNBOLT	homedepot.com	HTTPS://WWW.HOMEDEPOT.COM/B/HARDWARE/CROWN-BOLT/N-5YC1VZC21MZ1Z8
CROWNBOLT	CROWNBOLT	homedepot.com	HTTPS://WWW.HOMEDEPOT.COM/B/HARDWARE-FASTENERS-SCREWS-SHEET-METAL-SCREWS/CROWN-BOLT/N-5YC1VZC2BWZ1Z8
CROWNBOLT	CROWNBOLT	homedepot.com	HTTPS://WWW.HOMEDEPOT.COM/B/HARDWARE-METAL-STOCK/CROWN-BOLT/N-5YC1VZC2B9Z1Z8
CROWNBOLT	CROWNBOLT	homedepot.com	HTTPS://WWW.HOMEDEPOT.COM/B/HARDWARE-FASTENERS-SCREWS-LAG-BOLTS/CROWN-BOLT/N-5YC1VZC2HAZ1Z8
CROWNSHADES	CROWNSHADES	homedepot.com	HTTPS://WWW.HOMEDEPOT.COM/B/STORAGE-ORGANIZATION-OUTDOOR-STORAGE-SHADE-STRUCTURES-CANOPIES/CROWN-SHADES/N-5YC1VZCC59ZZ7S
CROWNSHADES	CROWNSHADES	homedepot.com	HTTPS://WWW.HOMEDEPOT.COM/B/CROWN-SHADES/N-5YC1VZZ7S
CROWNWALL	CROWNWALL	homedepot.com	HTTPS://WWW.HOMEDEPOT.COM/B/GARAGE-GARAGE-STORAGE-GARAGE-WALL-ORGANIZATION-SLATWALL-PANELS/CROWNWALL/N-5YC1VZCCYUZTH9
CROWNWALL	CROWNWALL	homedepot.com	HTTPS://WWW.HOMEDEPOT.COM/B/STORAGE-ORGANIZATION-GARAGE-STORAGE-GARAGE-WALL-ORGANIZATION/CROWNWALL/N-5YC1VZCCYOZTH9
CROWNWALL	CROWNWALL	homedepot.com	HTTPS://WWW.HOMEDEPOT.COM/B/STORAGE-ORGANIZATION-GARAGE-STORAGE/CROWNWALL/N-5YC1VZARMIZTH9
CROYDEX	CROYDEX	homedepot.com	HTTPS://WWW.HOMEDEPOT.COM/B/CROYDEX/N-5YC1VZ8IN
CROYDEX	CROYDEX	homedepot.com	HTTPS://WWW.HOMEDEPOT.COM/B/BATH-BATHROOM-ACCESSORIES-BATHROOM-HARDWARE/CROYDEX/N-5YC1VZCFV8Z8IN
CROYDEX	CROYDEX	homedepot.com	HTTPS://WWW.HOMEDEPOT.COM/B/BATH-BATHROOM-ACCESSORIES/CROYDEX/N-5YC1VZCFVTZ8IN
CRUISERCANDY	CRUISERCANDY	homedepot.com	HTTPS://WWW.HOMEDEPOT.COM/B/CRUISER-CANDY/N-5YC1VZH6M
CRUISERCANDY	CRUISERCANDY	homedepot.com	HTTPS://WWW.HOMEDEPOT.COM/B/SPORTS-OUTDOORS-CYCLING-GEAR-BIKE-PARTS-ACCESSORIES/CRUISER-CANDY/N-5YC1VZC4O8ZH6M
CRYOTEX	CRYOTEX	homedepot.com	HTTPS://WWW.HOMEDEPOT.COM/B/KITCHEN-KITCHENWARE/CRYOTEX/N-5YC1VZAQZOZECB
CRYOVAC	CRYOVAC	homedepot.com	HTTPS://WWW.HOMEDEPOT.COM/B/CRYOVAC/N-5YC1VZN4F
CRYSTALARTGALLERY	CRYSTALARTGALLERY	homedepot.com	HTTPS://WWW.HOMEDEPOT.COM/B/CRYSTAL-ART-GALLERY/N-5YC1VZH8N
CRYSTALARTGALLERY	CRYSTALARTGALLERY	homedepot.com	HTTPS://WWW.HOMEDEPOT.COM/B/STORAGE-ORGANIZATION/CRYSTAL-ART-GALLERY/N-5YC1VZAS7EZH8N
CRYSTALARTGALLERY	CRYSTALARTGALLERY	homedepot.com	HTTPS://WWW.HOMEDEPOT.COM/B/HOME-DECOR-MIRRORS/CRYSTAL-ART-GALLERY/N-5YC1VZBVE6ZH8N
CRYSTALARTGALLERY	CRYSTALARTGALLERY	homedepot.com	HTTPS://WWW.HOMEDEPOT.COM/B/HOME-DECOR-WALL-DECOR/CRYSTAL-ART-GALLERY/N-5YC1VZAR8XZH8N
CRYSTALARTGALLERY	CRYSTALARTGALLERY	homedepot.com	HTTPS://WWW.HOMEDEPOT.COM/B/HOME-DECOR-HOME-ACCENTS-SCULPTURES/CRYSTAL-ART-GALLERY/N-5YC1VZ1Z18G7WZH8N
CRYSTALCLEAR	CRYSTALCLEAR	homedepot.com	HTTPS://WWW.HOMEDEPOT.COM/B/PAINT-PAINT-SUPPLIES-CAULK-SEALANTS/CRYSTAL-CLEAR/N-5YC1VZC5BPZ1Z139D9
CRYSTALIA	CRYSTALIA	homedepot.com	HTTPS://WWW.HOMEDEPOT.COM/B/CRYSTALIA/N-5YC1VZZQ5
CRYSTALVISION	CRYSTALVISION	homedepot.com	HTTPS://WWW.HOMEDEPOT.COM/B/CRYSTAL-VISION/N-5YC1VZG36
CRYSTORAMA	CRYSTORAMA	homedepot.com	HTTPS://WWW.HOMEDEPOT.COM/B/LIGHTING/CRYSTORAMA/N-5YC1VZBVN5ZLQ3
CRYSTORAMA	CRYSTORAMA	homedepot.com	HTTPS://WWW.HOMEDEPOT.COM/B/LIGHTING-CHANDELIERS/CRYSTORAMA/N-5YC1VZC7O0ZLQ3
CRYSTORAMA	CRYSTORAMA	homedepot.com	HTTPS://WWW.HOMEDEPOT.COM/B/CRYSTORAMA/N-5YC1VZLQ3
CSH	CSH	homedepot.com	HTTPS://WWW.HOMEDEPOT.COM/B/HARDWARE-CABINET-HARDWARE/CSH/N-5YC1VZC29ZZMVB
CSH	CSH	homedepot.com	HTTPS://WWW.HOMEDEPOT.COM/B/HARDWARE/CSH/N-5YC1VZC21MZMVB
CSIBATHWARE	CSIBATHWARE	homedepot.com	HTTPS://WWW.HOMEDEPOT.COM/B/BATH/CSI-BATHWARE/N-5YC1VZBZB3ZNOI
CSIBATHWARE	CSIBATHWARE	homedepot.com	HTTPS://WWW.HOMEDEPOT.COM/B/BATH-BATHROOM-SAFETY-GRAB-BARS/CSI-BATHWARE/N-5YC1VZCFVBZNOI
CSIBATHWARE	CSIBATHWARE	homedepot.com	HTTPS://WWW.HOMEDEPOT.COM/B/BATH-BATHROOM-ACCESSORIES/CSI-BATHWARE/N-5YC1VZCFVTZNOI
CSIBATHWARE	CSIBATHWARE	homedepot.com	HTTPS://WWW.HOMEDEPOT.COM/B/CSI-BATHWARE/N-5YC1VZNOI
CSIBATHWARE	CSIBATHWARE	homedepot.com	HTTPS://WWW.HOMEDEPOT.COM/B/BATH-BATHROOM-SAFETY-SHOWER-SEATS/CSI-BATHWARE/N-5YC1VZCFW7ZNOI
CSIBATHWARE	CSIBATHWARE	homedepot.com	HTTPS://WWW.HOMEDEPOT.COM/B/BATH-BATHROOM-SAFETY-GRAB-BARS/CSI-BATHWARE/STAINLESS-STEEL/N-5YC1VZCFVBZNOIZ1Z0UKAO
CSIBATHWARE	CSIBATHWARE	homedepot.com	HTTPS://WWW.HOMEDEPOT.COM/B/CSI-BATHWARE/WHITE/N-5YC1VZNOIZ1Z0VM5F
CUCINAPRO	CUCINAPRO	homedepot.com	HTTPS://WWW.HOMEDEPOT.COM/B/CUCINAPRO/N-5YC1VZH4H
CUCINAPRO	CUCINAPRO	homedepot.com	HTTPS://WWW.HOMEDEPOT.COM/B/APPLIANCES/CUCINAPRO/N-5YC1VZBV1WZH4H
CUISINART	CUISINART	homedepot.com	HTTPS://WWW.HOMEDEPOT.COM/B/CUISINART/N-5YC1VZEC
CUISINEL	CUISINEL	homedepot.com	HTTPS://WWW.HOMEDEPOT.COM/B/KITCHEN-KITCHENWARE-COOKWARE/CUISINEL/N-5YC1VZC7G9ZTTE
CUISINEL	CUISINEL	homedepot.com	HTTPS://WWW.HOMEDEPOT.COM/B/CUISINEL/N-5YC1VZTTE
CUISINEPRO	CUISINEPRO	homedepot.com	HTTPS://WWW.HOMEDEPOT.COM/B/CUISINEPRO/N-5YC1VZYF1
CUISINEPRO	CUISINEPRO	homedepot.com	HTTPS://WWW.HOMEDEPOT.COM/B/KITCHEN-KITCHENWARE-CUTLERY-KNIFE-SETS/CUISINEPRO/N-5YC1VZCF1OZYF1
CUIZEN	CUIZEN	homedepot.com	HTTPS://WWW.HOMEDEPOT.COM/B/CUIZEN/N-5YC1VZDHG
CUIZEN	CUIZEN	homedepot.com	HTTPS://WWW.HOMEDEPOT.COM/B/APPLIANCES-SMALL-KITCHEN-APPLIANCES/CUIZEN/N-5YC1VZBV48ZDHG
CULINARYEDGE	CULINARYEDGE	homedepot.com	HTTPS://WWW.HOMEDEPOT.COM/B/CULINARY-EDGE/N-5YC1VZGQT
CULLIGAN	CULLIGAN	homedepot.com	HTTPS://WWW.HOMEDEPOT.COM/B/PLUMBING-WATER-FILTERS-WHOLE-HOUSE-WATER-FILTERS-WHOLE-HOUSE-WATER-FILTER-SYSTEMS/CULLIGAN/N-5YC1VZCDBEZE5L
CULPEPER	CULPEPER	homedepot.com	HTTPS://WWW.HOMEDEPOT.COM/B/HOME-DECOR-DECORATIVE-PILLOWS-THROW-PILLOWS/CULPEPER/N-5YC1VZC1KYZ1Z1BCA2
CUORI	CUORI	homedepot.com	HTTPS://WWW.HOMEDEPOT.COM/B/HEATING-VENTING-COOLING-HEATERS-SPACE-HEATERS/CUORI/N-5YC1VZC4LHZDS1
CUORI	CUORI	homedepot.com	HTTPS://WWW.HOMEDEPOT.COM/B/CUORI/N-5YC1VZDS1
CURIPEER	CURIPEER	homedepot.com	HTTPS://WWW.HOMEDEPOT.COM/B/BABY-KIDS-KIDS-HOME-KIDS-FURNITURE/CURIPEER/N-5YC1VZC8RCZYCR
CURT	CURT	homedepot.com	HTTPS://WWW.HOMEDEPOT.COM/B/GARAGE-AUTOMOTIVE-TOWING-EQUIPMENT-HITCHES/CURT/N-5YC1VZC8NDZECH
CURTAINFRESH	CURTAINFRESH	homedepot.com	HTTPS://WWW.HOMEDEPOT.COM/B/WINDOW-TREATMENTS-CURTAINS-DRAPES/CURTAIN-FRESH/N-5YC1VZARFWZD9D
CURTAINFRESH	CURTAINFRESH	homedepot.com	HTTPS://WWW.HOMEDEPOT.COM/B/WINDOW-TREATMENTS/CURTAIN-FRESH/N-5YC1VZAR4WZD9D
CURTAINRODS	CURTAINRODS	homedepot.com	HTTPS://WWW.HOMEDEPOT.COM/B/WINDOW-TREATMENTS-CURTAINS-DRAPES-CURTAIN-RODS/N-5YC1VZASCO
CURTAINWORKS	CURTAINWORKS	homedepot.com	HTTPS://WWW.HOMEDEPOT.COM/B/WINDOW-TREATMENTS-CURTAINS-DRAPES/CURTAINWORKS/N-5YC1VZARFWZ4Z9
CURTAINWORKS	CURTAINWORKS	homedepot.com	HTTPS://WWW.HOMEDEPOT.COM/B/WINDOW-TREATMENTS/CURTAINWORKS/N-5YC1VZAR4WZ4Z9
CURTAINWORKS	CURTAINWORKS	homedepot.com	HTTPS://WWW.HOMEDEPOT.COM/B/CURTAINWORKS/N-5YC1VZ4Z9
CURTAINWORKS	CURTAINWORKS	homedepot.com	HTTPS://WWW.HOMEDEPOT.COM/B/WINDOW-TREATMENTS-CURTAINS-DRAPES/CURTAINWORKS/PINCH-PLEAT/N-5YC1VZARFWZ4Z9Z1Z1R6J5
CURVER	CURVER	homedepot.com	HTTPS://WWW.HOMEDEPOT.COM/B/CURVER/N-5YC1VZDBH
CURVER	CURVER	homedepot.com	HTTPS://WWW.HOMEDEPOT.COM/B/STORAGE-ORGANIZATION-STORAGE-CONTAINERS-STORAGE-BINS/CURVER/N-5YC1VZCL3ZZDBH
CURVER	CURVER	homedepot.com	HTTPS://WWW.HOMEDEPOT.COM/B/STORAGE-ORGANIZATION-STORAGE-CONTAINERS/CURVER/N-5YC1VZCFZIZDBH
CUSIMAX	CUSIMAX	homedepot.com	HTTPS://WWW.HOMEDEPOT.COM/B/CUSIMAX/N-5YC1VZVKC
CUSTOMBUILDINGPRODUCTS	CUSTOMBUILDINGPRODUCTS	homedepot.com	HTTPS://WWW.HOMEDEPOT.COM/B/CUSTOM-BUILDING-PRODUCTS/N-5YC1VZEF
CUSTOMBUILDINGPRODUCTS	CUSTOMBUILDINGPRODUCTS	homedepot.com	HTTPS://WWW.HOMEDEPOT.COM/B/FLOORING-FLOORING-SUPPLIES-TILE-SETTING/CUSTOM-BUILDING-PRODUCTS/N-5YC1VZCDUTZEF
CUSTOMBUILDINGPRODUCTS	CUSTOMBUILDINGPRODUCTS	homedepot.com	HTTPS://WWW.HOMEDEPOT.COM/B/FLOORING-FLOORING-SUPPLIES-TILE-SETTING-GROUT/CUSTOM-BUILDING-PRODUCTS/N-5YC1VZCDTXZEF
CUSTOMBUILDINGPRODUCTS	CUSTOMBUILDINGPRODUCTS	homedepot.com	HTTPS://WWW.HOMEDEPOT.COM/B/FLOORING-FLOORING-SUPPLIES/CUSTOM-BUILDING-PRODUCTS/N-5YC1VZCDU0ZEF
CUSTOMBUILDINGPRODUCTS	CUSTOMBUILDINGPRODUCTS	homedepot.com	HTTPS://WWW.HOMEDEPOT.COM/B/FLOORING/CUSTOM-BUILDING-PRODUCTS/N-5YC1VZAQ7RZEF
CUSTOMHOMECOLLECTION	CUSTOMHOMECOLLECTION	homedepot.com	HTTPS://WWW.HOMEDEPOT.COM/B/CUSTOM-HOME-COLLECTION/N-5YC1VZNCC
CUSTOMHOMECOLLECTION	CUSTOMHOMECOLLECTION	homedepot.com	HTTPS://WWW.HOMEDEPOT.COM/B/WINDOW-TREATMENTS/CUSTOM-HOME-COLLECTION/N-5YC1VZAR4WZNCC
CUSTOMHOMECOLLECTION	CUSTOMHOMECOLLECTION	homedepot.com	HTTPS://WWW.HOMEDEPOT.COM/B/WINDOW-TREATMENTS-WINDOW-SHADES/CUSTOM-HOME-COLLECTION/N-5YC1VZCH27ZNCC
CUSTOMSERVICEHARDWARE	CUSTOMSERVICEHARDWARE	homedepot.com	HTTPS://WWW.HOMEDEPOT.COM/B/HARDWARE-DOOR-HARDWARE/CUSTOM-SERVICE-HARDWARE/N-5YC1VZC213ZPWE
CUTLERKITCHENANDBATH	CUTLERKITCHENANDBATH	homedepot.com	HTTPS://WWW.HOMEDEPOT.COM/B/BATH-BATHROOM-VANITIES/CUTLER-KITCHEN-AND-BATH/N-5YC1VZCFV3ZOJ2
CUTLERKITCHENANDBATH	CUTLERKITCHENANDBATH	homedepot.com	HTTPS://WWW.HOMEDEPOT.COM/B/BATH/CUTLER-KITCHEN-AND-BATH/N-5YC1VZBZB3ZOJ2
CUTLERKITCHENANDBATH	CUTLERKITCHENANDBATH	homedepot.com	HTTPS://WWW.HOMEDEPOT.COM/B/BATH-BATHROOM-VANITIES-BATHROOM-VANITIES-WITH-TOPS/CUTLER-KITCHEN-AND-BATH/N-5YC1VZCFW5ZOJ2
CUTLERKITCHENANDBATH	CUTLERKITCHENANDBATH	homedepot.com	HTTPS://WWW.HOMEDEPOT.COM/B/CUTLER-KITCHEN-AND-BATH/N-5YC1VZOJ2
CUTLERKITCHENANDBATH	CUTLERKITCHENANDBATH	homedepot.com	HTTPS://WWW.HOMEDEPOT.COM/B/BATH/CUTLER-KITCHEN-AND-BATH/30-INCH-VANITIES/N-5YC1VZBZB3ZOJ2Z1Z0KE6T
CUTLERKITCHENANDBATH	CUTLERKITCHENANDBATH	homedepot.com	HTTPS://WWW.HOMEDEPOT.COM/B/CUTLER-KITCHEN-AND-BATH/INTEGRAL/N-5YC1VZOJ2Z1Z0LG1P
CUTLERKITCHENANDBATH	CUTLERKITCHENANDBATH	homedepot.com	HTTPS://WWW.HOMEDEPOT.COM/B/BATH-BATHROOM-STORAGE-BATHROOM-CABINETS-BATHROOM-WALL-CABINETS/CUTLER-KITCHEN-AND-BATH/N-5YC1VZCFVEZOJ2
CUTLERKITCHENANDBATH	CUTLERKITCHENANDBATH	homedepot.com	HTTPS://WWW.HOMEDEPOT.COM/B/BATH-BATHROOM-VANITIES/CUTLER-KITCHEN-AND-BATH/WHITE/N-5YC1VZCFV3ZOJ2Z1Z0PI81
CUTLERKITCHENBATH	CUTLERKITCHENBATH	homedepot.com	HTTPS://WWW.HOMEDEPOT.COM/B/BATH-BATHROOM-VANITIES/CUTLER-KITCHEN-BATH/N-5YC1VZCFV3ZEQS
CUTTINGBOARDS	CUTTINGBOARDS	homedepot.com	HTTPS://WWW.HOMEDEPOT.COM/B/KITCHEN-KITCHENWARE-CUTLERY-CUTTING-BOARDS/N-5YC1VZCF0Z
CUTTINGEDGE	CUTTINGEDGE	homedepot.com	HTTPS://WWW.HOMEDEPOT.COM/B/CUTTING-EDGE/N-5YC1VZDQD
CUZN	CUZN	homedepot.com	HTTPS://WWW.HOMEDEPOT.COM/B/CUZN/N-5YC1VZ10BH
CUZN	CUZN	homedepot.com	HTTPS://WWW.HOMEDEPOT.COM/B/PLUMBING-WATER-FILTERS-UNDER-SINK-WATER-FILTERS/CUZN/N-5YC1VZ2FKPCD6Z10BH
CUZN	CUZN	homedepot.com	HTTPS://WWW.HOMEDEPOT.COM/B/PLUMBING-WATER-FILTERS/CUZN/N-5YC1VZARMZZ10BH
CUZN	CUZN	homedepot.com	HTTPS://WWW.HOMEDEPOT.COM/B/PLUMBING-WATER-FILTERS-UNDER-SINK-WATER-FILTERS-UNDER-SINK-WATER-FILTER-SYSTEMS/CUZN/N-5YC1VZCDBGZ10BH
CWILIGHTING	CWILIGHTING	homedepot.com	HTTPS://WWW.HOMEDEPOT.COM/B/LIGHTING-CHANDELIERS/CWI-LIGHTING/N-5YC1VZC7O0ZMPX
CWILIGHTING	CWILIGHTING	homedepot.com	HTTPS://WWW.HOMEDEPOT.COM/B/LIGHTING-PENDANT-LIGHTS/CWI-LIGHTING/N-5YC1VZC7NUZMPX
CWILIGHTING	CWILIGHTING	homedepot.com	HTTPS://WWW.HOMEDEPOT.COM/B/LIGHTING/CWI-LIGHTING/N-5YC1VZBVN5ZMPX
CWILIGHTING	CWILIGHTING	homedepot.com	HTTPS://WWW.HOMEDEPOT.COM/B/CWI-LIGHTING/N-5YC1VZMPX
CYBERPOWER	CYBERPOWER	homedepot.com	HTTPS://WWW.HOMEDEPOT.COM/B/CYBERPOWER/N-5YC1VZEJO
CYBRTRAYD	CYBRTRAYD	homedepot.com	HTTPS://WWW.HOMEDEPOT.COM/B/KITCHEN-KITCHENWARE-BAKEWARE/CYBRTRAYD/N-5YC1VZAR82ZNLR
CYCLAMEN	CYCLAMEN	homedepot.com	HTTPS://WWW.HOMEDEPOT.COM/B/OUTDOORS-GARDEN-CENTER-OUTDOOR-PLANTS/CYCLAMEN/N-5YC1VZC8RGZ1Z1BQLR
CYCLEFORCE	CYCLEFORCE	homedepot.com	HTTPS://WWW.HOMEDEPOT.COM/B/SPORTS-OUTDOORS-CYCLING-GEAR-BIKE-PARTS-ACCESSORIES/CYCLE-FORCE/N-5YC1VZC4O8ZDYK
CYCLEFORCE	CYCLEFORCE	homedepot.com	HTTPS://WWW.HOMEDEPOT.COM/B/SPORTS-OUTDOORS-CYCLING-GEAR-BIKES/CYCLE-FORCE/N-5YC1VZC43QZDYK
CYCLEFORCE	CYCLEFORCE	homedepot.com	HTTPS://WWW.HOMEDEPOT.COM/B/CYCLE-FORCE/N-5YC1VZDYK
CYCLEFORCEGROUP	CYCLEFORCEGROUP	homedepot.com	HTTPS://WWW.HOMEDEPOT.COM/B/SPORTS-OUTDOORS-CYCLING-GEAR-BIKES/CYCLE-FORCE-GROUP/N-5YC1VZC43QZEYJ
CYCLEFORCEGROUP	CYCLEFORCEGROUP	homedepot.com	HTTPS://WWW.HOMEDEPOT.COM/B/SPORTS-OUTDOORS-CYCLING-GEAR-BIKE-PARTS-ACCESSORIES/CYCLE-FORCE-GROUP/N-5YC1VZC4O8ZEYJ
CYCLEFORCEGROUP	CYCLEFORCEGROUP	homedepot.com	HTTPS://WWW.HOMEDEPOT.COM/B/SPORTS-OUTDOORS-CYCLING-GEAR/CYCLE-FORCE-GROUP/N-5YC1VZC40YZEYJ
CYGNETT	CYGNETT	homedepot.com	HTTPS://WWW.HOMEDEPOT.COM/B/CYGNETT/N-5YC1VZ4BB
CYNC	CYNC	homedepot.com	HTTPS://WWW.HOMEDEPOT.COM/B/LIGHTING-LIGHT-BULBS-LED-LIGHT-BULBS/CYNC/N-5YC1VZBM79ZXYF
CYNC	CYNC	homedepot.com	HTTPS://WWW.HOMEDEPOT.COM/B/LIGHTING/CYNC/N-5YC1VZBVN5ZXYF
CYPRESSALABASTER	CYPRESSALABASTER	homedepot.com	HTTPS://WWW.HOMEDEPOT.COM/B/HOME-DECOR-ARTIFICIAL-PLANTS-ARTIFICIAL-TREES/CYPRESS-ALABASTER/N-5YC1VZ2FKP3GYZZ62
DAHLIA	DAHLIA	homedepot.com	HTTPS://WWW.HOMEDEPOT.COM/B/OUTDOORS-GARDEN-CENTER-OUTDOOR-PLANTS/DAHLIA/N-5YC1VZC8RGZ1Z1BQFP
DAICH	DAICH	homedepot.com	HTTPS://WWW.HOMEDEPOT.COM/B/PAINT/DAICH/N-5YC1VZAR2DZMPA
DAICH	DAICH	homedepot.com	HTTPS://WWW.HOMEDEPOT.COM/B/DAICH/N-5YC1VZMPA
DAINOLITE	DAINOLITE	homedepot.com	HTTPS://WWW.HOMEDEPOT.COM/B/LIGHTING/DAINOLITE/N-5YC1VZBVN5ZEK8
DAINOLITE	DAINOLITE	homedepot.com	HTTPS://WWW.HOMEDEPOT.COM/B/DAINOLITE/N-5YC1VZEK8
DAINTYHOME	DAINTYHOME	homedepot.com	HTTPS://WWW.HOMEDEPOT.COM/B/DAINTY-HOME/N-5YC1VZN1A
DAINTYHOME	DAINTYHOME	homedepot.com	HTTPS://WWW.HOMEDEPOT.COM/B/WINDOW-TREATMENTS-CURTAINS-DRAPES/DAINTY-HOME/N-5YC1VZARFWZN1A
DAISY	DAISY	homedepot.com	HTTPS://WWW.HOMEDEPOT.COM/B/OUTDOORS-GARDEN-CENTER-OUTDOOR-PLANTS-GARDEN-FLOWERS-PERENNIALS/DAISY/N-5YC1VZC8RYZ1Z1BQIB
DALEN	DALEN	homedepot.com	HTTPS://WWW.HOMEDEPOT.COM/B/DALEN/N-5YC1VZRUP
DALEN	DALEN	homedepot.com	HTTPS://WWW.HOMEDEPOT.COM/B/OUTDOORS-GARDEN-CENTER/DALEN/N-5YC1VZBX6KZRUP
DALETIFFANY	DALETIFFANY	homedepot.com	HTTPS://WWW.HOMEDEPOT.COM/B/LIGHTING-LAMPS/DALE-TIFFANY/N-5YC1VZC7PDZ2EL
DALETIFFANY	DALETIFFANY	homedepot.com	HTTPS://WWW.HOMEDEPOT.COM/B/LIGHTING/DALE-TIFFANY/N-5YC1VZBVN5Z2EL
DALETIFFANY	DALETIFFANY	homedepot.com	HTTPS://WWW.HOMEDEPOT.COM/B/DALE-TIFFANY/N-5YC1VZ2EL
DALSLIGHTING	DALSLIGHTING	homedepot.com	HTTPS://WWW.HOMEDEPOT.COM/B/DALS-LIGHTING/N-5YC1VZP2X
DALTILE	DALTILE	homedepot.com	HTTPS://WWW.HOMEDEPOT.COM/B/FLOORING-TILE-CERAMIC-TILE/DALTILE/N-5YC1VZARSZZ5ZT
DALXO	DALXO	homedepot.com	HTTPS://WWW.HOMEDEPOT.COM/B/APPLIANCES/DALXO/N-5YC1VZBV1WZVPT
DALXO	DALXO	homedepot.com	HTTPS://WWW.HOMEDEPOT.COM/B/DALXO/HIGH-EFFICIENCY/N-5YC1VZVPTZ1Z17IDA
DAMPRID	DAMPRID	homedepot.com	HTTPS://WWW.HOMEDEPOT.COM/B/DAMPRID/N-5YC1VZF4
DAMPRID	DAMPRID	homedepot.com	HTTPS://WWW.HOMEDEPOT.COM/B/CLEANING-CLEANING-PRODUCTS-ROOM-FRESHENERS-MOISTURE-ABSORBERS/DAMPRID/N-5YC1VZCB9VZF4
DAMTITE	DAMTITE	homedepot.com	HTTPS://WWW.HOMEDEPOT.COM/B/PAINT-CONCRETE-COATINGS-CONCRETE-SEALERS/DAMTITE/N-5YC1VZCJ9BZV5B
DAMTITEWATERPROOFING	DAMTITEWATERPROOFING	homedepot.com	HTTPS://WWW.HOMEDEPOT.COM/B/DAMTITE-WATERPROOFING/N-5YC1VZ846
DANBY	DANBY	homedepot.com	HTTPS://WWW.HOMEDEPOT.COM/B/DANBY/N-5YC1VZ4MV
DANBY	DANBY	homedepot.com	HTTPS://WWW.HOMEDEPOT.COM/B/APPLIANCES/DANBY/N-5YC1VZBV1WZ4MV
DANBYDESIGNER	DANBYDESIGNER	homedepot.com	HTTPS://WWW.HOMEDEPOT.COM/B/DANBY-DESIGNER/N-5YC1VZ4PS
DANCO	DANCO	homedepot.com	HTTPS://WWW.HOMEDEPOT.COM/B/DANCO/N-5YC1VZ3ZA
DANCO	DANCO	homedepot.com	HTTPS://WWW.HOMEDEPOT.COM/B/PLUMBING-PLUMBING-PARTS/DANCO/N-5YC1VZBQKPZ3ZA
DANCO	DANCO	homedepot.com	HTTPS://WWW.HOMEDEPOT.COM/B/PLUMBING-PLUMBING-PARTS-FAUCET-PARTS/DANCO/N-5YC1VZC6A9Z3ZA
DANDELION	DANDELION	homedepot.com	HTTPS://WWW.HOMEDEPOT.COM/B/OUTDOORS-GARDEN-CENTER-ORGANIC-GARDENING/DANDELION/N-5YC1VZ1Z18GPNZ1Z0QCUZ
DANIKHOOK	DANIKHOOK	homedepot.com	HTTPS://WWW.HOMEDEPOT.COM/B/DANIK-HOOK/N-5YC1VZHPB
DANYAB	DANYAB	homedepot.com	HTTPS://WWW.HOMEDEPOT.COM/B/DANYA-B/N-5YC1VZGNS
DANYAB	DANYAB	homedepot.com	HTTPS://WWW.HOMEDEPOT.COM/B/STORAGE-ORGANIZATION-SHELVING-DECORATIVE-WALL-SHELVES/DANYA-B/N-5YC1VZBBZOZGNS
DANYAB	DANYAB	homedepot.com	HTTPS://WWW.HOMEDEPOT.COM/B/HOME-DECOR-HOME-ACCENTS/DANYA-B/N-5YC1VZAR58ZGNS
DANZE	DANZE	homedepot.com	HTTPS://WWW.HOMEDEPOT.COM/B/DANZE/N-5YC1VZ8TI
DANZE	DANZE	homedepot.com	HTTPS://WWW.HOMEDEPOT.COM/B/KITCHEN-KITCHEN-FAUCETS/DANZE/N-5YC1VZAR0KZ8TI
DANZE	DANZE	homedepot.com	HTTPS://WWW.HOMEDEPOT.COM/B/BATH-BATHROOM-FAUCETS-BATHROOM-SINK-FAUCETS-CENTERSET-BATHROOM-FAUCETS/DANZE/N-5YC1VZBRHKZ8TI
DARBY	DARBY	homedepot.com	HTTPS://WWW.HOMEDEPOT.COM/B/BUILDING-MATERIALS-DRYWALL-DRYWALL-TOOLS/DARBY/N-5YC1VZARO4Z1Z18NPP
DARTSEASONALPRODUCTS	DARTSEASONALPRODUCTS	homedepot.com	HTTPS://WWW.HOMEDEPOT.COM/B/OUTDOORS-OUTDOOR-POWER-EQUIPMENT-SNOW-REMOVAL-EQUIPMENT-ICE-MELT/DART-SEASONAL-PRODUCTS/N-5YC1VZCB74ZESG
DARTSEASONALPRODUCTS	DARTSEASONALPRODUCTS	homedepot.com	HTTPS://WWW.HOMEDEPOT.COM/B/OUTDOORS-OUTDOOR-POWER-EQUIPMENT-SNOW-REMOVAL-EQUIPMENT/DART-SEASONAL-PRODUCTS/N-5YC1VZBXAUZESG
DARTWOOD	DARTWOOD	homedepot.com	HTTPS://WWW.HOMEDEPOT.COM/B/DARTWOOD/N-5YC1VZSBX
DARTWOOD	DARTWOOD	homedepot.com	HTTPS://WWW.HOMEDEPOT.COM/B/ELECTRICAL-ELECTRONICS/DARTWOOD/N-5YC1VZC958ZSBX
DARTWOOD	DARTWOOD	homedepot.com	HTTPS://WWW.HOMEDEPOT.COM/B/HEATING-VENTING-COOLING-AIR-PURIFIERS/DARTWOOD/N-5YC1VZC4M5ZSBX
DARTWOOD	DARTWOOD	homedepot.com	HTTPS://WWW.HOMEDEPOT.COM/B/OUTDOORS-GARDEN-CENTER-OUTDOOR-DECOR-FOUNTAINS-TABLETOP-FOUNTAINS/DARTWOOD/N-5YC1VZCL4PZSBX
DASCO	DASCO	homedepot.com	HTTPS://WWW.HOMEDEPOT.COM/B/DASCO/N-5YC1VZVQX
DASCOPRO	DASCOPRO	homedepot.com	HTTPS://WWW.HOMEDEPOT.COM/B/DASCO-PRO/N-5YC1VZF9
DASCOPRO	DASCOPRO	homedepot.com	HTTPS://WWW.HOMEDEPOT.COM/B/TOOLS-HAND-TOOLS-HAND-TOOL-SETS/DASCO-PRO/N-5YC1VZC22XZF9
DASCOPRO	DASCOPRO	homedepot.com	HTTPS://WWW.HOMEDEPOT.COM/B/TOOLS/DASCO-PRO/N-5YC1VZC1XYZF9
DASCOPRO	DASCOPRO	homedepot.com	HTTPS://WWW.HOMEDEPOT.COM/B/TOOLS-HAND-TOOLS-CHISELS-FILES-PUNCHES/DASCO-PRO/N-5YC1VZC97XZF9
DASHALBERT	DASHALBERT	homedepot.com	HTTPS://WWW.HOMEDEPOT.COM/B/DASH-ALBERT/N-5YC1VZ109E
DASHENG	DASHENG	homedepot.com	HTTPS://WWW.HOMEDEPOT.COM/B/PAINT-PAINT-SUPPLIES-PAINT-PROTECTIVE-WEAR-PAINT-RESPIRATORS-MASKS/DASHENG/N-5YC1VZCIBWZRGV
DASHENG	DASHENG	homedepot.com	HTTPS://WWW.HOMEDEPOT.COM/B/SAFETY-EQUIPMENT-RESPIRATOR-MASKS-FACE-MASKS/DASHENG/N-5YC1VZCLKSZRGV
DASHENG	DASHENG	homedepot.com	HTTPS://WWW.HOMEDEPOT.COM/B/SAFETY-EQUIPMENT-RESPIRATOR-MASKS/DASHENG/N95/N-5YC1VZC25KZRGVZ1Z195HH
DATACOMM	DATACOMM	homedepot.com	HTTPS://WWW.HOMEDEPOT.COM/B/DATACOMM/N-5YC1VZE4X
DATEXX	DATEXX	homedepot.com	HTTPS://WWW.HOMEDEPOT.COM/B/KITCHEN-KITCHENWARE-KITCHEN-GADGETS-TOOLS-TIMERS-THERMOMETERS-KITCHEN-TIMERS/DATEXX/N-5YC1VZCEYZZH6A
DATEXX	DATEXX	homedepot.com	HTTPS://WWW.HOMEDEPOT.COM/B/DATEXX/DIGITAL/N-5YC1VZH6AZ1Z0LYRL
DATEXX	DATEXX	homedepot.com	HTTPS://WWW.HOMEDEPOT.COM/B/OUTDOORS-GARDEN-CENTER-OUTDOOR-DECOR-WEATHER-STATIONS-HOME-WEATHER-STATIONS/DATEXX/N-5YC1VZCL2LZH6A
DATEXX	DATEXX	homedepot.com	HTTPS://WWW.HOMEDEPOT.COM/B/DATEXX/N-5YC1VZH6A
DAVIDSHAWSILVERWARENALTD	DAVIDSHAWSILVERWARENALTD	homedepot.com	HTTPS://WWW.HOMEDEPOT.COM/B/KITCHEN-TABLEWARE-BAR-FLATWARE-FLATWARE-SETS/DAVID-SHAW-SILVERWARE-NA-LTD/N-5YC1VZC6XKZRUS
DAVIDSHAWSILVERWARENALTD	DAVIDSHAWSILVERWARENALTD	homedepot.com	HTTPS://WWW.HOMEDEPOT.COM/B/DAVID-SHAW-SILVERWARE-NA-LTD/WEDDING/N-5YC1VZRUSZ1Z1BPZ3
DAVIDSHAWSILVERWARENALTD	DAVIDSHAWSILVERWARENALTD	homedepot.com	HTTPS://WWW.HOMEDEPOT.COM/B/DAVID-SHAW-SILVERWARE-NA-LTD/N-5YC1VZRUS
DAVIDSHAWSILVERWARENALTD	DAVIDSHAWSILVERWARENALTD	homedepot.com	HTTPS://WWW.HOMEDEPOT.COM/B/DAVID-SHAW-SILVERWARE-NA-LTD/BIRTHDAY/N-5YC1VZRUSZ1Z1B6T1
DAVIDSONWOODCRAFTERS	DAVIDSONWOODCRAFTERS	homedepot.com	HTTPS://WWW.HOMEDEPOT.COM/B/BATH-BATHROOM-VANITIES-BATHROOM-VANITIES-WITH-TOPS/DAVIDSON-WOODCRAFTERS/N-5YC1VZCFW5ZPJL
DAVISINSTRUMENTS	DAVISINSTRUMENTS	homedepot.com	HTTPS://WWW.HOMEDEPOT.COM/B/DAVIS-INSTRUMENTS/N-5YC1VZPMQ
DAWN	DAWN	homedepot.com	HTTPS://WWW.HOMEDEPOT.COM/B/CLEANING-CLEANING-PRODUCTS-DISH-SOAP/DAWN/N-5YC1VZCH5TZ1U2
DAYBRITE	DAYBRITE	homedepot.com	HTTPS://WWW.HOMEDEPOT.COM/B/LIGHTING/DAY-BRITE/N-5YC1VZBVN5Z1Z1PCV6
DAYLIGHT24	DAYLIGHT24	homedepot.com	HTTPS://WWW.HOMEDEPOT.COM/B/LIGHTING-LAMPS-FLOOR-LAMPS/DAYLIGHT24/N-5YC1VZC7NOZYQV
DAYLIGHT24	DAYLIGHT24	homedepot.com	HTTPS://WWW.HOMEDEPOT.COM/B/LIGHTING/DAYLIGHT24/INTEGRATED-LED/N-5YC1VZBVN5ZYQVZ1Z0O8RO
DAYLILYNURSERY	DAYLILYNURSERY	homedepot.com	HTTPS://WWW.HOMEDEPOT.COM/B/DAYLILY-NURSERY/N-5YC1VZPLM
DAYTONAUDIO	DAYTONAUDIO	homedepot.com	HTTPS://WWW.HOMEDEPOT.COM/B/ELECTRICAL-ELECTRONICS-HOME-AUDIO/DAYTON-AUDIO/N-5YC1VZC641Z10FS
DAZONE	DAZONE	homedepot.com	HTTPS://WWW.HOMEDEPOT.COM/B/DAZONE/N-5YC1VZVFA
DAZONE	DAZONE	homedepot.com	HTTPS://WWW.HOMEDEPOT.COM/B/FURNITURE-LIVING-ROOM-FURNITURE-CHAIRS/DAZONE/N-5YC1VZC7PYZVFA
DAZONE	DAZONE	homedepot.com	HTTPS://WWW.HOMEDEPOT.COM/B/FURNITURE-LIVING-ROOM-FURNITURE-CHAIRS-ACCENT-CHAIRS/DAZONE/N-5YC1VZCF8GZVFA
DBELECTRICAL	DBELECTRICAL	homedepot.com	HTTPS://WWW.HOMEDEPOT.COM/B/DB-ELECTRICAL/N-5YC1VZVL0
DBELECTRICAL	DBELECTRICAL	homedepot.com	HTTPS://WWW.HOMEDEPOT.COM/B/OUTDOORS-OUTDOOR-POWER-EQUIPMENT/DB-ELECTRICAL/N-5YC1VZBX5CZVL0
DBELECTRICAL	DBELECTRICAL	homedepot.com	HTTPS://WWW.HOMEDEPOT.COM/B/DB-ELECTRICAL/ENGINE/N-5YC1VZVL0Z1Z0ZY8J
DBHL	DBHL	homedepot.com	HTTPS://WWW.HOMEDEPOT.COM/B/PLUMBING-PLUMBING-PARTS/DBHL/N-5YC1VZBQKPZ2EI
DBHL	DBHL	homedepot.com	HTTPS://WWW.HOMEDEPOT.COM/B/DBHL/1-1-4/N-5YC1VZ2EIZ1Z0U2L7
DBSMITH	DBSMITH	homedepot.com	HTTPS://WWW.HOMEDEPOT.COM/B/OUTDOORS-GARDEN-CENTER-SPRAYERS/DB-SMITH/N-5YC1VZCALKZBYK
DBSMITH	DBSMITH	homedepot.com	HTTPS://WWW.HOMEDEPOT.COM/B/DB-SMITH/N-5YC1VZBYK
DBSMITH	DBSMITH	homedepot.com	HTTPS://WWW.HOMEDEPOT.COM/B/OUTDOORS-GARDEN-CENTER-SPRAYERS-SPRAYER-PARTS-ACCESSORIES/DB-SMITH/N-5YC1VZ2FKP89TZBYK
DCFIX	DCFIX	homedepot.com	HTTPS://WWW.HOMEDEPOT.COM/B/D-C-FIX/N-5YC1VZQLR
DCFIX	DCFIX	homedepot.com	HTTPS://WWW.HOMEDEPOT.COM/B/DC-FIX/N-5YC1VZFUU
DCON	DCON	homedepot.com	HTTPS://WWW.HOMEDEPOT.COM/B/D-CON/N-5YC1VZ426
DCON	DCON	homedepot.com	HTTPS://WWW.HOMEDEPOT.COM/B/OUTDOORS-GARDEN-CENTER-PEST-CONTROL-ANIMAL-RODENT-CONTROL/D-CON/N-5YC1VZCALNZ426
DCORTHERAPY	DCORTHERAPY	homedepot.com	HTTPS://WWW.HOMEDEPOT.COM/B/LIGHTING-LAMPS/DCOR-THERAPY/N-5YC1VZC7PDZMNZ
DEACERO	DEACERO	homedepot.com	HTTPS://WWW.HOMEDEPOT.COM/B/LUMBER-COMPOSITES-FENCING-GATES-CHAIN-LINK-FENCING/DEACERO/N-5YC1VZC3LHZ84E
DEADONTOOLS	DEADONTOOLS	homedepot.com	HTTPS://WWW.HOMEDEPOT.COM/B/DEAD-ON-TOOLS/N-5YC1VZSLG
DEADONTOOLS	DEADONTOOLS	homedepot.com	HTTPS://WWW.HOMEDEPOT.COM/B/GARAGE-TOOL-STORAGE-TOOL-BELTS/DEAD-ON-TOOLS/N-5YC1VZC27ZZSLG
DEAPRODUCTS	DEAPRODUCTS	homedepot.com	HTTPS://WWW.HOMEDEPOT.COM/B/DEA-PRODUCTS/N-5YC1VZNZ3
DEAPRODUCTS	DEAPRODUCTS	homedepot.com	HTTPS://WWW.HOMEDEPOT.COM/B/AUTOMOTIVE-AUTO-PARTS-DRIVETRAIN/DEA-PRODUCTS/N-5YC1VZC8SFZNZ3
DEARBORNBRASS	DEARBORNBRASS	homedepot.com	HTTPS://WWW.HOMEDEPOT.COM/B/DEARBORN-BRASS/N-5YC1VZ6GZ
DEARBORNBRASS	DEARBORNBRASS	homedepot.com	HTTPS://WWW.HOMEDEPOT.COM/B/PLUMBING-PLUMBING-PARTS-DRAIN-PARTS/DEARBORN-BRASS/N-5YC1VZC69KZ6GZ
DEARBORNBRASS	DEARBORNBRASS	homedepot.com	HTTPS://WWW.HOMEDEPOT.COM/B/PLUMBING/DEARBORN-BRASS/N-5YC1VZBQEWZ6GZ
DEARBORNBRASS	DEARBORNBRASS	homedepot.com	HTTPS://WWW.HOMEDEPOT.COM/B/PLUMBING-PIPE-FITTINGS/DEARBORN-BRASS/N-5YC1VZBQPFZ6GZ
DEARBORNBRASS	DEARBORNBRASS	homedepot.com	HTTPS://WWW.HOMEDEPOT.COM/B/PLUMBING-PLUMBING-PARTS-DRAIN-PARTS-TUBULAR/DEARBORN-BRASS/N-5YC1VZ2FKOUI4Z6GZ
DEARBORNBRASS	DEARBORNBRASS	homedepot.com	HTTPS://WWW.HOMEDEPOT.COM/B/PLUMBING-PLUMBING-PARTS/DEARBORN-BRASS/N-5YC1VZBQKPZ6GZ
DEARBORNBRASS	DEARBORNBRASS	homedepot.com	HTTPS://WWW.HOMEDEPOT.COM/B/PLUMBING-PIPE-FITTINGS-FITTINGS/DEARBORN-BRASS/N-5YC1VZ1Z18I3TZ6GZ
DEARBORNBRASS	DEARBORNBRASS	homedepot.com	HTTPS://WWW.HOMEDEPOT.COM/B/DEARBORN-BRASS/PICK-UP-TODAY/N-5YC1VZ6GZZ1Z175A5
DECADOM	DECADOM	homedepot.com	HTTPS://WWW.HOMEDEPOT.COM/B/BATH-BATHROOM-STORAGE-MEDICINE-CABINETS-MEDICINE-CABINETS-WITH-MIRRORS/DECADOM/N-5YC1VZ2FKOWHRZRV8
DECADOM	DECADOM	homedepot.com	HTTPS://WWW.HOMEDEPOT.COM/B/DECADOM/N-5YC1VZRV8
DECADOM	DECADOM	homedepot.com	HTTPS://WWW.HOMEDEPOT.COM/B/BATH-BATHROOM-STORAGE-MEDICINE-CABINETS/DECADOM/N-5YC1VZ2FKOWHHZRV8
DECADOM	DECADOM	homedepot.com	HTTPS://WWW.HOMEDEPOT.COM/B/BATH-BATHROOM-STORAGE-MEDICINE-CABINETS-MEDICINE-CABINETS-WITH-MIRRORS/DECADOM/FOG-FREE/N-5YC1VZ2FKOWHRZRV8Z1Z1P7AY
DECKED	DECKED	homedepot.com	HTTPS://WWW.HOMEDEPOT.COM/B/DECKED/N-5YC1VZFD0
DECKED	DECKED	homedepot.com	HTTPS://WWW.HOMEDEPOT.COM/B/GARAGE-AUTOMOTIVE-TRUCK-ACCESSORIES-TRUCK-TOOL-BOXES/DECKED/N-5YC1VZC23LZFD0
DECKIMPRESSIONS	DECKIMPRESSIONS	homedepot.com	HTTPS://WWW.HOMEDEPOT.COM/B/LIGHTING-OUTDOOR-LIGHTING/DECK-IMPRESSIONS/N-5YC1VZC7QVZB2C
DECKIMPRESSIONS	DECKIMPRESSIONS	homedepot.com	HTTPS://WWW.HOMEDEPOT.COM/B/DECK-IMPRESSIONS/N-5YC1VZB2C
DECKIMPRESSIONS	DECKIMPRESSIONS	homedepot.com	HTTPS://WWW.HOMEDEPOT.COM/B/LIGHTING/DECK-IMPRESSIONS/N-5YC1VZBVN5ZB2C
DECKIMPRESSIONS	DECKIMPRESSIONS	homedepot.com	HTTPS://WWW.HOMEDEPOT.COM/B/SMART-HOME-SMART-DEVICES/DECK-IMPRESSIONS/N-5YC1VZ2FKP3E0ZB2C
DECKIMPRESSIONS	DECKIMPRESSIONS	homedepot.com	HTTPS://WWW.HOMEDEPOT.COM/B/LIGHTING-VANITY-LIGHTING/DECK-IMPRESSIONS/N-5YC1VZC7PRZB2C
DECKIMPRESSIONS	DECKIMPRESSIONS	homedepot.com	HTTPS://WWW.HOMEDEPOT.COM/B/LIGHTING-OUTDOOR-LIGHTING-LANDSCAPE-LIGHTING-SPOTLIGHTS/DECK-IMPRESSIONS/N-5YC1VZ1Z18GEEZB2C
DECKIMPRESSIONS	DECKIMPRESSIONS	homedepot.com	HTTPS://WWW.HOMEDEPOT.COM/B/LIGHTING-OUTDOOR-LIGHTING-LANDSCAPE-LIGHTING-ROCK-LIGHTS/DECK-IMPRESSIONS/N-5YC1VZ2FKPBQAZB2C
DECKIMPRESSIONS	DECKIMPRESSIONS	homedepot.com	HTTPS://WWW.HOMEDEPOT.COM/B/DECK-IMPRESSIONS/2/N-5YC1VZB2CZ1Z0Y5P8
DECKMATE	DECKMATE	homedepot.com	HTTPS://WWW.HOMEDEPOT.COM/B/LUMBER-COMPOSITES-DECKING-DECK-HARDWARE/DECKMATE/N-5YC1VZBQPRZRKZ
DECKMATE	DECKMATE	homedepot.com	HTTPS://WWW.HOMEDEPOT.COM/B/HARDWARE-FASTENERS-SCREWS-DECK-SCREWS/DECKMATE/N-5YC1VZC9N0ZRKZ
DECKMATE	DECKMATE	homedepot.com	HTTPS://WWW.HOMEDEPOT.COM/B/LUMBER-COMPOSITES-DECKING/DECKMATE/N-5YC1VZBQMGZNBY
DECKORAIL	DECKORAIL	homedepot.com	HTTPS://WWW.HOMEDEPOT.COM/B/DECKORAIL/N-5YC1VZFM
DECKORAIL	DECKORAIL	homedepot.com	HTTPS://WWW.HOMEDEPOT.COM/B/LUMBER-COMPOSITES-DECKING-DECK-RAILINGS-DECK-RAILING-SYSTEMS/DECKORAIL/N-5YC1VZC5PXZFM
DECKORAIL	DECKORAIL	homedepot.com	HTTPS://WWW.HOMEDEPOT.COM/B/LUMBER-COMPOSITES-DECKING-DECK-RAILINGS/DECKORAIL/N-5YC1VZC5I7ZFM
DECKORAIL	DECKORAIL	homedepot.com	HTTPS://WWW.HOMEDEPOT.COM/B/LUMBER-COMPOSITES-DECKING-DECK-RAILINGS-RAILING-ACCESSORIES/DECKORAIL/N-5YC1VZC5PYZFM
DECKORAIL	DECKORAIL	homedepot.com	HTTPS://WWW.HOMEDEPOT.COM/B/LUMBER-COMPOSITES-DECKING-DECK-RAILINGS-BALUSTERS-SPINDLES/DECKORAIL/N-5YC1VZC5Q0ZFM
DECKORAIL	DECKORAIL	homedepot.com	HTTPS://WWW.HOMEDEPOT.COM/B/DECKORAIL/KIT/N-5YC1VZFMZ1Z0Y991
DECKORAIL	DECKORAIL	homedepot.com	HTTPS://WWW.HOMEDEPOT.COM/B/LUMBER-COMPOSITES-DECKING-DECK-STAIRS-DECKING-HANDRAIL-BRACKETS/DECKORAIL/N-5YC1VZC3GRZFM
DECKORAIL	DECKORAIL	homedepot.com	HTTPS://WWW.HOMEDEPOT.COM/B/BUILDING-MATERIALS-MOULDING-MILLWORK-STAIRS-RAILINGS-STAIR-RAILINGS-HANDRAILS/DECKORAIL/N-5YC1VZ2FKPAACZFM
DECKORAIL	DECKORAIL	homedepot.com	HTTPS://WWW.HOMEDEPOT.COM/B/LUMBER-COMPOSITES-DECKING-DECK-STAIRS-OUTDOOR-HANDRAILS/DECKORAIL/N-5YC1VZC3H0ZFM
DECKORAIL	DECKORAIL	homedepot.com	HTTPS://WWW.HOMEDEPOT.COM/B/BUILDING-MATERIALS-MOULDING-MILLWORK-STAIRS-RAILINGS-STAIR-RAILINGS/DECKORAIL/N-5YC1VZBCRWZFM
DECKORAIL	DECKORAIL	homedepot.com	HTTPS://WWW.HOMEDEPOT.COM/B/LUMBER-COMPOSITES-DECKING-DECK-RAILINGS/DECKORAIL/PAINTABLE/N-5YC1VZC5I7ZFMZ1Z0N5MJ
DECKORAIL	DECKORAIL	homedepot.com	HTTPS://WWW.HOMEDEPOT.COM/B/LUMBER-COMPOSITES/DECKORAIL/N-5YC1VZBQPGZFM
DECKORAIL	DECKORAIL	homedepot.com	HTTPS://WWW.HOMEDEPOT.COM/B/LUMBER-COMPOSITES-DECKING-DECK-RAILINGS/DECKORAIL/STAIR-PART/N-5YC1VZC5I7ZFMZ1Z10NWO
DECKORATORS	DECKORATORS	homedepot.com	HTTPS://WWW.HOMEDEPOT.COM/B/DECKORATORS/N-5YC1VZNLK
DECKORATORS	DECKORATORS	homedepot.com	HTTPS://WWW.HOMEDEPOT.COM/B/LUMBER-COMPOSITES-DECKING-DECK-BOARDS-COMPOSITE-DECKING-BOARDS/DECKORATORS/N-5YC1VZC5MBZNLK
DECKORATORS	DECKORATORS	homedepot.com	HTTPS://WWW.HOMEDEPOT.COM/B/LUMBER-COMPOSITES-DECKING/DECKORATORS/N-5YC1VZBQMGZNLK
DECKORATORS	DECKORATORS	homedepot.com	HTTPS://WWW.HOMEDEPOT.COM/B/LUMBER-COMPOSITES-DECKING-DECK-BOARDS/DECKORATORS/N-5YC1VZC5MHZNLK
DECKPRO	DECKPRO	homedepot.com	HTTPS://WWW.HOMEDEPOT.COM/B/DECK-PRO/N-5YC1VZ8EY
DECKTOK	DECKTOK	homedepot.com	HTTPS://WWW.HOMEDEPOT.COM/B/DECKTOK/N-5YC1VZ10K6
DECKTOK	DECKTOK	homedepot.com	HTTPS://WWW.HOMEDEPOT.COM/B/LIGHTING/DECKTOK/INTEGRATED-LED/N-5YC1VZBVN5Z10K6Z1Z0O8RO
DECKWISE	DECKWISE	homedepot.com	HTTPS://WWW.HOMEDEPOT.COM/B/DECKWISE/N-5YC1VZF9W
DECKWISE	DECKWISE	homedepot.com	HTTPS://WWW.HOMEDEPOT.COM/B/LUMBER-COMPOSITES-DECKING-DECK-HARDWARE/DECKWISE/N-5YC1VZBQPRZF9W
DECKWISE	DECKWISE	homedepot.com	HTTPS://WWW.HOMEDEPOT.COM/B/LUMBER-COMPOSITES-DECKING/DECKWISE/N-5YC1VZBQMGZF9W
DECKWISE	DECKWISE	homedepot.com	HTTPS://WWW.HOMEDEPOT.COM/B/LUMBER-COMPOSITES-DECKING-DECK-TILES/DECKWISE/N-5YC1VZC224ZF9W
DECOART	DECOART	homedepot.com	HTTPS://WWW.HOMEDEPOT.COM/B/PAINT/DECOART/N-5YC1VZAR2DZ8Q2
DECOBREEZE	DECOBREEZE	homedepot.com	HTTPS://WWW.HOMEDEPOT.COM/B/HEATING-VENTING-COOLING-FANS/DECO-BREEZE/N-5YC1VZC4LWZ8KN
DECOBREEZE	DECOBREEZE	homedepot.com	HTTPS://WWW.HOMEDEPOT.COM/B/DECO-BREEZE/N-5YC1VZ8KN
DECOFLAIR	DECOFLAIR	homedepot.com	HTTPS://WWW.HOMEDEPOT.COM/B/LIGHTING-LAMPS/DECOFLAIR/N-5YC1VZC7PDZASJ
DECOFLAIR	DECOFLAIR	homedepot.com	HTTPS://WWW.HOMEDEPOT.COM/B/LIGHTING-ACCENT-LIGHTING-NOVELTY-LIGHTS/DECOFLAIR/N-5YC1VZ2FKPCZVZASJ
DECOLAV	DECOLAV	homedepot.com	HTTPS://WWW.HOMEDEPOT.COM/B/BATH-BATHROOM-SINKS/DECOLAV/N-5YC1VZBZB0Z4B1
DECOLAV	DECOLAV	homedepot.com	HTTPS://WWW.HOMEDEPOT.COM/B/BATH-BATHROOM-SINKS-UNDERMOUNT-BATHROOM-SINKS/DECOLAV/WHITE/N-5YC1VZBZ9TZ4B1Z1Z0VM5F
DECOLAV	DECOLAV	homedepot.com	HTTPS://WWW.HOMEDEPOT.COM/B/PLUMBING-PLUMBING-PARTS/DECOLAV/N-5YC1VZBQKPZ4B1
DECOLAV	DECOLAV	homedepot.com	HTTPS://WWW.HOMEDEPOT.COM/B/BATH-BATHROOM-VANITIES/DECOLAV/N-5YC1VZCFV3Z4B1
DECOLAV	DECOLAV	homedepot.com	HTTPS://WWW.HOMEDEPOT.COM/B/DECOLAV/N-5YC1VZ4B1
DECOLAV	DECOLAV	homedepot.com	HTTPS://WWW.HOMEDEPOT.COM/B/BATH-BATHROOM-SINKS-UNDERMOUNT-BATHROOM-SINKS/DECOLAV/N-5YC1VZBZ9TZ4B1
DECOLAV	DECOLAV	homedepot.com	HTTPS://WWW.HOMEDEPOT.COM/B/BATHROOM-SINK/N-5YC1VZ4B1Z1Z0LOPU
DECOMIRROR	DECOMIRROR	homedepot.com	HTTPS://WWW.HOMEDEPOT.COM/B/BATH-BATHROOM-MIRRORS/DECO-MIRROR/N-5YC1VZBZBOZFO
DECOMIRROR	DECOMIRROR	homedepot.com	HTTPS://WWW.HOMEDEPOT.COM/B/HOME-DECOR-MIRRORS/DECO-MIRROR/N-5YC1VZBVE6ZFO
DECOMIRROR	DECOMIRROR	homedepot.com	HTTPS://WWW.HOMEDEPOT.COM/B/DECO-MIRROR/N-5YC1VZFO
DECOMUST	DECOMUST	homedepot.com	HTTPS://WWW.HOMEDEPOT.COM/B/LIGHTING-WALL-SCONCES/DECOMUST/N-5YC1VZC7PIZZKO
DECOPOLITAN	DECOPOLITAN	homedepot.com	HTTPS://WWW.HOMEDEPOT.COM/B/DECOPOLITAN/N-5YC1VZMMI
DECOPOLITAN	DECOPOLITAN	homedepot.com	HTTPS://WWW.HOMEDEPOT.COM/B/WINDOW-TREATMENTS-CURTAINS-DRAPES-CURTAIN-RODS/DECOPOLITAN/N-5YC1VZASCOZMMI
DECOPOLITAN	DECOPOLITAN	homedepot.com	HTTPS://WWW.HOMEDEPOT.COM/B/WINDOW-TREATMENTS-CURTAINS-DRAPES-CURTAIN-RODS-DOUBLE-CURTAIN-RODS/DECOPOLITAN/N-5YC1VZ1Z18GSPZMMI
DECOPOLITAN	DECOPOLITAN	homedepot.com	HTTPS://WWW.HOMEDEPOT.COM/B/WINDOW-TREATMENTS/DECOPOLITAN/N-5YC1VZAR4WZMMI
DECOPOLITAN	DECOPOLITAN	homedepot.com	HTTPS://WWW.HOMEDEPOT.COM/B/WINDOW-TREATMENTS-CURTAINS-DRAPES-CURTAIN-DRAPERY-HARDWARE-CURTAIN-HOLDBACKS/DECOPOLITAN/N-5YC1VZBC7RZMMI
DECOPRODUCTS	DECOPRODUCTS	homedepot.com	HTTPS://WWW.HOMEDEPOT.COM/B/DECO-PRODUCTS/N-5YC1VZORD
DECORA	DECORA	homedepot.com	HTTPS://WWW.HOMEDEPOT.COM/B/KITCHEN-KITCHEN-CABINETS/DECORA/N-5YC1VZAS87ZD0I
DECORA	DECORA	homedepot.com	HTTPS://WWW.HOMEDEPOT.COM/B/KITCHEN-KITCHEN-CABINETS-IN-STOCK-KITCHEN-CABINETS/DECORA/N-5YC1VZCHBPZ1Z0MVS2
DECORATIVEBOXES	DECORATIVEBOXES	homedepot.com	HTTPS://WWW.HOMEDEPOT.COM/B/HOME-DECOR-HOME-ACCENTS-DECORATIVE-BOXES/N-5YC1VZ2FKPF0R
DECORATIVEPLATES	DECORATIVEPLATES	homedepot.com	HTTPS://WWW.HOMEDEPOT.COM/B/HOME-DECOR-HOME-ACCENTS-DECORATIVE-PLATES/N-5YC1VZ2FKP7XP
DECORBATHWARE	DECORBATHWARE	homedepot.com	HTTPS://WWW.HOMEDEPOT.COM/B/BATH-BATHROOM-ACCESSORIES/DECOR-BATHWARE/N-5YC1VZCFVTZFP
DECORBATHWARE	DECORBATHWARE	homedepot.com	HTTPS://WWW.HOMEDEPOT.COM/B/BATH/DECOR-BATHWARE/N-5YC1VZBZB3ZFP
DECORBATHWARE	DECORBATHWARE	homedepot.com	HTTPS://WWW.HOMEDEPOT.COM/B/DECOR-BATHWARE/ZINC/N-5YC1VZFPZ1Z0UBBO
DECORLINE	DECORLINE	homedepot.com	HTTPS://WWW.HOMEDEPOT.COM/B/HOME-DECOR/DECORLINE/N-5YC1VZAS6PZGW8
DECORLINE	DECORLINE	homedepot.com	HTTPS://WWW.HOMEDEPOT.COM/B/DECORLINE/N-5YC1VZGW8
DECORLINE	DECORLINE	homedepot.com	HTTPS://WWW.HOMEDEPOT.COM/B/HOME-DECOR-WALLPAPER/DECORLINE/N-5YC1VZBC0QZGW8
DECORLINE	DECORLINE	homedepot.com	HTTPS://WWW.HOMEDEPOT.COM/B/HOME-DECOR-WALLPAPER/DECORLINE/GREY/N-5YC1VZBC0QZGW8Z1Z17B3F
DECORLIVING	DECORLIVING	homedepot.com	HTTPS://WWW.HOMEDEPOT.COM/B/DECOR-LIVING/N-5YC1VZFGP
DECORO	DECORO	homedepot.com	HTTPS://WWW.HOMEDEPOT.COM/B/DECORO/N-5YC1VZN76
DECORO	DECORO	homedepot.com	HTTPS://WWW.HOMEDEPOT.COM/B/FURNITURE-LIVING-ROOM-FURNITURE/DECORO/N-5YC1VZC7P3ZN76
DECORO	DECORO	homedepot.com	HTTPS://WWW.HOMEDEPOT.COM/B/FURNITURE/DECORO/N-5YC1VZC7PCZN76
DECORO	DECORO	homedepot.com	HTTPS://WWW.HOMEDEPOT.COM/B/FURNITURE-KITCHEN-DINING-ROOM-FURNITURE/DECORO/N-5YC1VZC7OUZN76
DECORO	DECORO	homedepot.com	HTTPS://WWW.HOMEDEPOT.COM/B/FURNITURE-BEDROOM-FURNITURE-BEDS/DECORO/N-5YC1VZC7OHZN76
DECORTHERAPY	DECORTHERAPY	homedepot.com	HTTPS://WWW.HOMEDEPOT.COM/B/FURNITURE/DECOR-THERAPY/N-5YC1VZC7PCZHMN
DECORTHERAPY	DECORTHERAPY	homedepot.com	HTTPS://WWW.HOMEDEPOT.COM/B/DECOR-THERAPY/N-5YC1VZHMN
DECORTHERAPY	DECORTHERAPY	homedepot.com	HTTPS://WWW.HOMEDEPOT.COM/B/FURNITURE-LIVING-ROOM-FURNITURE-ACCENT-TABLES-END-SIDE-TABLES/DECOR-THERAPY/N-5YC1VZCF93ZHMN
DECORTHERAPY	DECORTHERAPY	homedepot.com	HTTPS://WWW.HOMEDEPOT.COM/B/DECOR-THERAPY/RESIDENTIAL/N-5YC1VZHMNZ1Z13NWL
DECORTHERAPY	DECORTHERAPY	homedepot.com	HTTPS://WWW.HOMEDEPOT.COM/B/LIGHTING-LAMPS/DECOR-THERAPY/N-5YC1VZC7PDZHMN
DECORTHERAPY	DECORTHERAPY	homedepot.com	HTTPS://WWW.HOMEDEPOT.COM/B/FURNITURE-LIVING-ROOM-FURNITURE-CONSOLE-TABLES/DECOR-THERAPY/N-5YC1VZCF7VZHMN
DECORWONDERLAND	DECORWONDERLAND	homedepot.com	HTTPS://WWW.HOMEDEPOT.COM/B/BATH-BATHROOM-MIRRORS/DECOR-WONDERLAND/N-5YC1VZBZBOZQJ7
DECORWONDERLAND	DECORWONDERLAND	homedepot.com	HTTPS://WWW.HOMEDEPOT.COM/B/DECOR-WONDERLAND/N-5YC1VZQJ7
DECOTEAK	DECOTEAK	homedepot.com	HTTPS://WWW.HOMEDEPOT.COM/B/DECOTEAK/N-5YC1VZMAG
DECOWALL	DECOWALL	homedepot.com	HTTPS://WWW.HOMEDEPOT.COM/B/DECOWALL/N-5YC1VZH65
DECOWALL	DECOWALL	homedepot.com	HTTPS://WWW.HOMEDEPOT.COM/B/HOME-DECOR/DECOWALL/N-5YC1VZAS6PZH65
DECOWALL	DECOWALL	homedepot.com	HTTPS://WWW.HOMEDEPOT.COM/B/HOME-DECOR-WALLPAPER-WALLPAPER-ROLLS/DECOWALL/N-5YC1VZ2FKOWKWZH65
DECOWALL	DECOWALL	homedepot.com	HTTPS://WWW.HOMEDEPOT.COM/B/HOME-DECOR-WALLPAPER/DECOWALL/N-5YC1VZBC0QZH65
DEECOCONSUMERPRODUCTS	DEECOCONSUMERPRODUCTS	homedepot.com	HTTPS://WWW.HOMEDEPOT.COM/B/DEECO-CONSUMER-PRODUCTS/N-5YC1VZ6NU
DEECOCONSUMERPRODUCTS	DEECOCONSUMERPRODUCTS	homedepot.com	HTTPS://WWW.HOMEDEPOT.COM/B/OUTDOORS-GARDEN-CENTER-GARDEN-TOOLS/DEECO-CONSUMER-PRODUCTS/N-5YC1VZBX6XZ6NU
DEECOCONSUMERPRODUCTS	DEECOCONSUMERPRODUCTS	homedepot.com	HTTPS://WWW.HOMEDEPOT.COM/B/OUTDOORS-PATIO-FURNITURE/DEECO-CONSUMER-PRODUCTS/N-5YC1VZBX4OZ6NU
DEECOCONSUMERPRODUCTS	DEECOCONSUMERPRODUCTS	homedepot.com	HTTPS://WWW.HOMEDEPOT.COM/B/OUTDOORS-PATIO-FURNITURE-PATIO-CHAIRS/DEECO-CONSUMER-PRODUCTS/N-5YC1VZC1XKZ6NU
DEEPDRIP	DEEPDRIP	homedepot.com	HTTPS://WWW.HOMEDEPOT.COM/B/OUTDOORS-GARDEN-CENTER-WATERING-IRRIGATION-DRIP-IRRIGATION/DEEP-DRIP/N-5YC1VZBX57ZCLY
DEERLUX	DEERLUX	homedepot.com	HTTPS://WWW.HOMEDEPOT.COM/B/FLOORING-RUGS-AREA-RUGS/DEERLUX/N-5YC1VZARJGZOWL
DEERLUX	DEERLUX	homedepot.com	HTTPS://WWW.HOMEDEPOT.COM/B/FLOORING-RUGS-AREA-RUGS/DEERLUX/NON-SLIP-BACKING/N-5YC1VZARJGZOWLZ1Z0S9ZZ
DEERLUX	DEERLUX	homedepot.com	HTTPS://WWW.HOMEDEPOT.COM/B/FLOORING-RUGS/DEERLUX/N-5YC1VZARFMZOWL
DEERPARKIRONWORKS	DEERPARKIRONWORKS	homedepot.com	HTTPS://WWW.HOMEDEPOT.COM/B/DEER-PARK-IRONWORKS/N-5YC1VZTJ6
DEERPARKIRONWORKS	DEERPARKIRONWORKS	homedepot.com	HTTPS://WWW.HOMEDEPOT.COM/B/OUTDOORS-GARDEN-CENTER-PLANTERS-PLANT-STANDS/DEER-PARK-IRONWORKS/N-5YC1VZBX7ZZTJ6
DEERPARKIRONWORKS	DEERPARKIRONWORKS	homedepot.com	HTTPS://WWW.HOMEDEPOT.COM/B/OUTDOORS-GARDEN-CENTER-PLANTERS/DEER-PARK-IRONWORKS/N-5YC1VZBX81ZTJ6
DEERTALK	DEERTALK	homedepot.com	HTTPS://WWW.HOMEDEPOT.COM/B/LIGHTING/DEERTALK/N-5YC1VZBVN5Z10KE
DEERTALK	DEERTALK	homedepot.com	HTTPS://WWW.HOMEDEPOT.COM/B/DEERTALK/N-5YC1VZ10KE
DEERTALK	DEERTALK	homedepot.com	HTTPS://WWW.HOMEDEPOT.COM/B/ELECTRICAL/DEERTALK/N-5YC1VZARCDZ10KE
DEERTALK	DEERTALK	homedepot.com	HTTPS://WWW.HOMEDEPOT.COM/B/LIGHTING/DEERTALK/INDOOR/N-5YC1VZBVN5Z10KEZ1Z17LGM
DEFIANT	DEFIANT	homedepot.com	HTTPS://WWW.HOMEDEPOT.COM/B/HARDWARE-DOOR-HARDWARE-DOOR-LOCKS/DEFIANT/N-5YC1VZC223ZFW
DEFIANT	DEFIANT	homedepot.com	HTTPS://WWW.HOMEDEPOT.COM/B/TOOLS-SAFETY-SECURITY-SAFES-HOME-SAFES/DEFIANT/N-5YC1VZC29NZFW
DEFIANT	DEFIANT	homedepot.com	HTTPS://WWW.HOMEDEPOT.COM/B/TOOLS/HIGHLY-RATED/DEFIANT/N-5YC1VZC1XYZFWZBWO5O
DEFLECTO	DEFLECTO	homedepot.com	HTTPS://WWW.HOMEDEPOT.COM/B/DEFLECT-O/N-5YC1VZ602
DEK	DEK	homedepot.com	HTTPS://WWW.HOMEDEPOT.COM/B/OUTDOORS-OUTDOOR-POWER-EQUIPMENT/DEK/N-5YC1VZBX5CZ45O
DEKOLIVING	DEKOLIVING	homedepot.com	HTTPS://WWW.HOMEDEPOT.COM/B/OUTDOORS-PATIO-FURNITURE/DEKO-LIVING/N-5YC1VZBX4OZYAX
DEKOLIVING	DEKOLIVING	homedepot.com	HTTPS://WWW.HOMEDEPOT.COM/B/OUTDOORS-PATIO-FURNITURE-OUTDOOR-LOUNGE-FURNITURE/DEKO-LIVING/N-5YC1VZCFJ3ZYAX
DEKOLIVING	DEKOLIVING	homedepot.com	HTTPS://WWW.HOMEDEPOT.COM/B/OUTDOORS/DEKO-LIVING/N-5YC1VZBX82ZYAX
DEKOLIVING	DEKOLIVING	homedepot.com	HTTPS://WWW.HOMEDEPOT.COM/B/OUTDOORS-PATIO-FURNITURE-OUTDOOR-LOUNGE-FURNITURE-OUTDOOR-SECTIONALS/DEKO-LIVING/N-5YC1VZCCGDZYAX
DEKOLIVING	DEKOLIVING	homedepot.com	HTTPS://WWW.HOMEDEPOT.COM/B/DEKO-LIVING/ALUMINUM/N-5YC1VZYAXZ1Z0T5HP
DEKOLIVING	DEKOLIVING	homedepot.com	HTTPS://WWW.HOMEDEPOT.COM/B/DEKO-LIVING/GRAY/N-5YC1VZYAXZ1Z0ZX73
DEKOLIVING	DEKOLIVING	homedepot.com	HTTPS://WWW.HOMEDEPOT.COM/B/OUTDOORS-PATIO-FURNITURE-PATIO-CHAIRS-OUTDOOR-CHAISE-LOUNGES/DEKO-LIVING/N-5YC1VZC1XPZYAX
DEKOLIVING	DEKOLIVING	homedepot.com	HTTPS://WWW.HOMEDEPOT.COM/B/OUTDOORS-PATIO-FURNITURE-PATIO-CHAIRS-OUTDOOR-BENCHES/DEKO-LIVING/N-5YC1VZC1XUZYAX
DEKORMAN	DEKORMAN	homedepot.com	HTTPS://WWW.HOMEDEPOT.COM/B/FLOORING-VINYL-FLOORING-VINYL-PLANK-FLOORING/DEKORMAN/N-5YC1VZBZJZZHUR
DEKORMAN	DEKORMAN	homedepot.com	HTTPS://WWW.HOMEDEPOT.COM/B/DEKORMAN/N-5YC1VZHUR
DEKORMAN	DEKORMAN	homedepot.com	HTTPS://WWW.HOMEDEPOT.COM/B/FLOORING/DEKORMAN/N-5YC1VZAQ7RZHUR
DEKORMAN	DEKORMAN	homedepot.com	HTTPS://WWW.HOMEDEPOT.COM/B/FLOORING-VINYL-FLOORING/DEKORMAN/N-5YC1VZAPWRZHUR
DEKORMAN	DEKORMAN	homedepot.com	HTTPS://WWW.HOMEDEPOT.COM/B/FLOORING-FLOORING-SUPPLIES/DEKORMAN/N-5YC1VZCDU0ZHUR
DEKORMAN	DEKORMAN	homedepot.com	HTTPS://WWW.HOMEDEPOT.COM/B/FLOORING-FLOORING-SUPPLIES-SURFACE-PREP-UNDERLAYMENT/DEKORMAN/N-5YC1VZCDTWZHUR
DEKORMAN	DEKORMAN	homedepot.com	HTTPS://WWW.HOMEDEPOT.COM/B/FLOORING-LAMINATE-FLOORING-LAMINATE-WOOD-FLOORING/DEKORMAN/N-5YC1VZBEJKZLEZ
DEKORRA	DEKORRA	homedepot.com	HTTPS://WWW.HOMEDEPOT.COM/B/DEKORRA/N-5YC1VZA7I
DELANEYHARDWARE	DELANEYHARDWARE	homedepot.com	HTTPS://WWW.HOMEDEPOT.COM/B/HARDWARE-DOOR-HARDWARE/DELANEY-HARDWARE/N-5YC1VZC213ZSOC
DELANEYHARDWARE	DELANEYHARDWARE	homedepot.com	HTTPS://WWW.HOMEDEPOT.COM/B/HARDWARE-DOOR-HARDWARE-DOOR-LOCKS/DELANEY-HARDWARE/N-5YC1VZC223ZSOC
DELANEYHARDWARE	DELANEYHARDWARE	homedepot.com	HTTPS://WWW.HOMEDEPOT.COM/B/HARDWARE-DOOR-HARDWARE-ENTRY-DOOR-HANDLESETS/DELANEY-HARDWARE/N-5YC1VZC2FLZSOC
DELANEYHARDWARE	DELANEYHARDWARE	homedepot.com	HTTPS://WWW.HOMEDEPOT.COM/B/HARDWARE-DOOR-HARDWARE-DOOR-HANDLES/DELANEY-HARDWARE/N-5YC1VZC28ZZSOC
DELARA	DELARA	homedepot.com	HTTPS://WWW.HOMEDEPOT.COM/B/HOME-DECOR/DELARA/N-5YC1VZAS6PZU1U
DELARA	DELARA	homedepot.com	HTTPS://WWW.HOMEDEPOT.COM/B/DELARA/N-5YC1VZU1U
DELAVAN	DELAVAN	homedepot.com	HTTPS://WWW.HOMEDEPOT.COM/B/DELAVAN/PICK-UP-TODAY/N-5YC1VZ7Q6Z1Z175A5
DELHUTSONDESIGNS	DELHUTSONDESIGNS	homedepot.com	HTTPS://WWW.HOMEDEPOT.COM/B/DEL-HUTSON-DESIGNS/N-5YC1VZM61
DELHUTSONDESIGNS	DELHUTSONDESIGNS	homedepot.com	HTTPS://WWW.HOMEDEPOT.COM/B/FURNITURE/DEL-HUTSON-DESIGNS/N-5YC1VZC7PCZPVQ
DELHUTSONDESIGNS	DELHUTSONDESIGNS	homedepot.com	HTTPS://WWW.HOMEDEPOT.COM/B/HOME-DECOR/DEL-HUTSON-DESIGNS/N-5YC1VZAS6PZM61
DELHUTSONDESIGNS	DELHUTSONDESIGNS	homedepot.com	HTTPS://WWW.HOMEDEPOT.COM/B/STORAGE-ORGANIZATION-SHELVING/DEL-HUTSON-DESIGNS/N-5YC1VZC89KZM61
DELHUTSONDESIGNS	DELHUTSONDESIGNS	homedepot.com	HTTPS://WWW.HOMEDEPOT.COM/B/FURNITURE-ENTRYWAY-FURNITURE/DEL-HUTSON-DESIGNS/N-5YC1VZC7OZZM61
DELHUTSONDESIGNS	DELHUTSONDESIGNS	homedepot.com	HTTPS://WWW.HOMEDEPOT.COM/B/FURNITURE-KITCHEN-DINING-ROOM-FURNITURE/DEL-HUTSON-DESIGNS/N-5YC1VZC7OUZM61
DELHUTSONDESIGNS	DELHUTSONDESIGNS	homedepot.com	HTTPS://WWW.HOMEDEPOT.COM/B/FURNITURE-LIVING-ROOM-FURNITURE-CONSOLE-TABLES/DEL-HUTSON-DESIGNS/N-5YC1VZCF7VZM61
DELNAVIK	DELNAVIK	homedepot.com	HTTPS://WWW.HOMEDEPOT.COM/B/DELNAVIK/N-5YC1VZ1059
DELTABREEZ	DELTABREEZ	homedepot.com	HTTPS://WWW.HOMEDEPOT.COM/B/BATH-BATHROOM-EXHAUST-FANS-BATH-FANS/DELTA-BREEZ/N-5YC1VZC4KQZA6T
DELTACHILDREN	DELTACHILDREN	homedepot.com	HTTPS://WWW.HOMEDEPOT.COM/B/DELTA-CHILDREN/N-5YC1VZMTH
DELTAPOWEREQUIPMENT	DELTAPOWEREQUIPMENT	homedepot.com	HTTPS://WWW.HOMEDEPOT.COM/B/DELTA-POWER-EQUIPMENT/N-5YC1VZEO6
DELTAPOWEREQUIPMENT	DELTAPOWEREQUIPMENT	homedepot.com	HTTPS://WWW.HOMEDEPOT.COM/B/TOOLS/DELTA-POWER-EQUIPMENT/N-5YC1VZC1XYZEO6
DELTAPOWEREQUIPMENT	DELTAPOWEREQUIPMENT	homedepot.com	HTTPS://WWW.HOMEDEPOT.COM/B/TOOLS-POWER-TOOL-ACCESSORIES/DELTA-POWER-EQUIPMENT/N-5YC1VZC246ZEO6
DEMCO	DEMCO	homedepot.com	HTTPS://WWW.HOMEDEPOT.COM/B/DEMCO/N-5YC1VZQ86
DEMOBAGS	DEMOBAGS	homedepot.com	HTTPS://WWW.HOMEDEPOT.COM/B/CLEANING-TRASH-RECYCLING-TRASH-BAGS-CONTRACTOR-BAGS/DEMOBAGS/N-5YC1VZCB2BZ4A0
DEMOBAGS	DEMOBAGS	homedepot.com	HTTPS://WWW.HOMEDEPOT.COM/B/DEMOBAGS/N-5YC1VZ4A0
DEMORI	DEMORI	homedepot.com	HTTPS://WWW.HOMEDEPOT.COM/B/HOME-DECOR/DEMORI/N-5YC1VZAS6PZMUA
DEMORI	DEMORI	homedepot.com	HTTPS://WWW.HOMEDEPOT.COM/B/DEMORI/BEDROOM-LINEN/N-5YC1VZMUAZ1Z17GZX
DEMORI	DEMORI	homedepot.com	HTTPS://WWW.HOMEDEPOT.COM/B/WINDOW-TREATMENTS-WINDOW-SHADES/DEMORI/N-5YC1VZCH27ZMUA
DEMORI	DEMORI	homedepot.com	HTTPS://WWW.HOMEDEPOT.COM/B/WINDOW-TREATMENTS-WINDOW-SHADES-ROLLER-SHADES/DEMORI/N-5YC1VZBT0WZMUA
DENBIG	DENBIG	homedepot.com	HTTPS://WWW.HOMEDEPOT.COM/B/HEATING-VENTING-COOLING-AIR-CONDITIONERS-PORTABLE-AIR-CONDITIONERS/DENBIG/N-5YC1VZC4M4ZYCY
DENBIG	DENBIG	homedepot.com	HTTPS://WWW.HOMEDEPOT.COM/B/HEATING-VENTING-COOLING-AIR-CONDITIONERS/DENBIG/N-5YC1VZC4MEZYCY
DENBY	DENBY	homedepot.com	HTTPS://WWW.HOMEDEPOT.COM/B/DENBY/N-5YC1VZM2T
DENBY	DENBY	homedepot.com	HTTPS://WWW.HOMEDEPOT.COM/B/KITCHEN-TABLEWARE-BAR-DINNERWARE/DENBY/N-5YC1VZCEXXZM2T
DENCO	DENCO	homedepot.com	HTTPS://WWW.HOMEDEPOT.COM/B/DENCO/N-5YC1VZLNT
DENCO	DENCO	homedepot.com	HTTPS://WWW.HOMEDEPOT.COM/B/HOME-DECOR/DENCO/N-5YC1VZAS6PZLNT
DENSO	DENSO	homedepot.com	HTTPS://WWW.HOMEDEPOT.COM/B/GARAGE-AUTOMOTIVE-AUTO-PARTS/DENSO/N-5YC1VZC8SSZOAN
DENSOAUTOPARTS	DENSOAUTOPARTS	homedepot.com	HTTPS://WWW.HOMEDEPOT.COM/B/AUTOMOTIVE-AUTO-PARTS/DENSO-AUTO-PARTS/N-5YC1VZC8SSZR7X
DENTPULLER	DENTPULLER	homedepot.com	HTTPS://WWW.HOMEDEPOT.COM/B/GARAGE-AUTOMOTIVE-MECHANICS-TOOLS/DENT-PULLER/N-5YC1VZCLB1Z1Z1R0ZT
DENTPULLER	DENTPULLER	homedepot.com	HTTPS://WWW.HOMEDEPOT.COM/B/GARAGE-AUTOMOTIVE-MECHANICS-TOOLS-PULLERS/DENT-PULLER/N-5YC1VZ2FKP8BLZ1Z1R0ZT
DEPULEY	DEPULEY	homedepot.com	HTTPS://WWW.HOMEDEPOT.COM/B/DEPULEY/N-5YC1VZYDH
DEPULEY	DEPULEY	homedepot.com	HTTPS://WWW.HOMEDEPOT.COM/B/LIGHTING-CEILING-FANS-CEILING-FANS-WITH-LIGHTS/DEPULEY/N-5YC1VZCJNUZYDH
DEPULEY	DEPULEY	homedepot.com	HTTPS://WWW.HOMEDEPOT.COM/B/LIGHTING-CEILING-FANS/DEPULEY/N-5YC1VZBVLQZYDH
DEROMA	DEROMA	homedepot.com	HTTPS://WWW.HOMEDEPOT.COM/B/OUTDOORS-GARDEN-CENTER-PLANTERS-PLANT-POTS/DEROMA/N-5YC1VZBX87Z6IC
DESERTSTEEL	DESERTSTEEL	homedepot.com	HTTPS://WWW.HOMEDEPOT.COM/B/DESERT-STEEL/N-5YC1VZBZE
DESERTSTEEL	DESERTSTEEL	homedepot.com	HTTPS://WWW.HOMEDEPOT.COM/B/OUTDOORS-GARDEN-CENTER-LANDSCAPING-SUPPLIES/DESERT-STEEL/N-5YC1VZBX51ZBZE
DESIGNCRAFTMILLWORKS	DESIGNCRAFTMILLWORKS	homedepot.com	HTTPS://WWW.HOMEDEPOT.COM/B/DOORS-WINDOWS-EXTERIOR-SHUTTERS/DESIGN-CRAFT-MILLWORKS/N-5YC1VZARCHZ6L2
DESIGNCRAFTMILLWORKS	DESIGNCRAFTMILLWORKS	homedepot.com	HTTPS://WWW.HOMEDEPOT.COM/B/DESIGN-CRAFT-MILLWORKS/N-5YC1VZ6L2
DESIGNCRAFTMILLWORKS	DESIGNCRAFTMILLWORKS	homedepot.com	HTTPS://WWW.HOMEDEPOT.COM/B/DOORS-WINDOWS/DESIGN-CRAFT-MILLWORKS/N-5YC1VZAQIHZ6L2
DESIGNCRAFTMILLWORKS	DESIGNCRAFTMILLWORKS	homedepot.com	HTTPS://WWW.HOMEDEPOT.COM/B/DESIGN-CRAFT-MILLWORKS/125/N-5YC1VZ6L2Z1Z0UE7P
DESIGNCRAFTMILLWORKS	DESIGNCRAFTMILLWORKS	homedepot.com	HTTPS://WWW.HOMEDEPOT.COM/B/DOORS-WINDOWS/DESIGN-CRAFT-MILLWORKS/15-IN/N-5YC1VZAQIHZ6L2Z1Z1VF9C
DESIGNELEMENT	DESIGNELEMENT	homedepot.com	HTTPS://WWW.HOMEDEPOT.COM/B/DESIGN-ELEMENT/N-5YC1VZ9UH
DESIGNERAIRE	DESIGNERAIRE	homedepot.com	HTTPS://WWW.HOMEDEPOT.COM/B/HEATING-VENTING-COOLING-FANS/DESIGNER-AIRE/N-5YC1VZC4LWZPBT
DESIGNERAIRE	DESIGNERAIRE	homedepot.com	HTTPS://WWW.HOMEDEPOT.COM/B/HEATING-VENTING-COOLING-FANS-PEDESTAL-FANS/DESIGNER-AIRE/N-5YC1VZC4KEZPBT
DESIGNERSCHOICECOLLECTION	DESIGNERSCHOICECOLLECTION	homedepot.com	HTTPS://WWW.HOMEDEPOT.COM/B/DESIGNERS-CHOICE-COLLECTION/N-5YC1VZ97T
DESIGNERSCHOICECOLLECTION	DESIGNERSCHOICECOLLECTION	homedepot.com	HTTPS://WWW.HOMEDEPOT.COM/B/DESIGNERS-CHOICE-COLLECTION/N-5YC1VZLO1
DESIGNERSCHOICECOLLECTION	DESIGNERSCHOICECOLLECTION	homedepot.com	HTTPS://WWW.HOMEDEPOT.COM/B/LIGHTING-CEILING-FANS/DESIGNERS-CHOICE-COLLECTION/N-5YC1VZBVLQZ97T
DESIGNERSCHOICECOLLECTION	DESIGNERSCHOICECOLLECTION	homedepot.com	HTTPS://WWW.HOMEDEPOT.COM/B/LIGHTING/DESIGNERS-CHOICE-COLLECTION/TRANSITIONAL/N-5YC1VZBVN5Z97TZ1Z0JYLP
DESIGNERSCHOICECOLLECTION	DESIGNERSCHOICECOLLECTION	homedepot.com	HTTPS://WWW.HOMEDEPOT.COM/B/LIGHTING/DESIGNERS-CHOICE-COLLECTION/N-5YC1VZBVN5Z97T
DESIGNERSCHOICECOLLECTION	DESIGNERSCHOICECOLLECTION	homedepot.com	HTTPS://WWW.HOMEDEPOT.COM/B/DESIGNERS-CHOICE-COLLECTION/LIMITED-LIFETIME/N-5YC1VZ97TZ1Z0SARA
DESIGNERSEDGE	DESIGNERSEDGE	homedepot.com	HTTPS://WWW.HOMEDEPOT.COM/B/DESIGNERS-EDGE/N-5YC1VZ412
DESIGNERSEDGE	DESIGNERSEDGE	homedepot.com	HTTPS://WWW.HOMEDEPOT.COM/B/LIGHTING/DESIGNERS-EDGE/N-5YC1VZBVN5Z412
DESIGNERSFOUNTAIN	DESIGNERSFOUNTAIN	homedepot.com	HTTPS://WWW.HOMEDEPOT.COM/B/LIGHTING/DESIGNERS-FOUNTAIN/N-5YC1VZBVN5ZDEC
DESIGNERSFOUNTAIN	DESIGNERSFOUNTAIN	homedepot.com	HTTPS://WWW.HOMEDEPOT.COM/B/LIGHTING-OUTDOOR-LIGHTING-OUTDOOR-WALL-LIGHTS/DESIGNERS-FOUNTAIN/INTEGRATED-LED/N-5YC1VZC7QQZDECZ1Z0O8RO
DESIGNERSFOUNTAIN	DESIGNERSFOUNTAIN	homedepot.com	HTTPS://WWW.HOMEDEPOT.COM/B/DESIGNERS-FOUNTAIN/N-5YC1VZDEC
DESIGNERSFOUNTAIN	DESIGNERSFOUNTAIN	homedepot.com	HTTPS://WWW.HOMEDEPOT.COM/B/LIGHTING-OUTDOOR-LIGHTING-OUTDOOR-WALL-LIGHTING/DESIGNERS-FOUNTAIN/N-5YC1VZC7QQZDEC
DESIGNERSFOUNTAIN	DESIGNERSFOUNTAIN	homedepot.com	HTTPS://WWW.HOMEDEPOT.COM/B/LIGHTING-VANITY-LIGHTING/DESIGNERS-FOUNTAIN/N-5YC1VZC7PRZDEC
DESIGNERSTOUCH	DESIGNERSTOUCH	homedepot.com	HTTPS://WWW.HOMEDEPOT.COM/B/DESIGNERS-TOUCH/N-5YC1VZIHB
DESIGNERSTOUCH	DESIGNERSTOUCH	homedepot.com	HTTPS://WWW.HOMEDEPOT.COM/B/WINDOW-TREATMENTS-BLINDS-MINI-BLINDS-VINYL-MINI-BLINDS/DESIGNERS-TOUCH/N-5YC1VZBC82ZIHB
DESIGNOVATION	DESIGNOVATION	homedepot.com	HTTPS://WWW.HOMEDEPOT.COM/B/DESIGNOVATION/N-5YC1VZMMQ
DESIGNOVATION	DESIGNOVATION	homedepot.com	HTTPS://WWW.HOMEDEPOT.COM/B/HOME-DECOR-FRAMES-ALBUMS-PICTURE-FRAMES/DESIGNOVATION/N-5YC1VZCF9MZMMQ
DESIGNSDIRECT	DESIGNSDIRECT	homedepot.com	HTTPS://WWW.HOMEDEPOT.COM/B/DESIGNS-DIRECT/N-5YC1VZHNN
DESIGNSOLUTIONSINTERNATIONAL	DESIGNSOLUTIONSINTERNATIONAL	homedepot.com	HTTPS://WWW.HOMEDEPOT.COM/B/DESIGN-SOLUTIONS-INTERNATIONAL/N-5YC1VZOQM
DESIGNSOLUTIONSINTERNATIONAL	DESIGNSOLUTIONSINTERNATIONAL	homedepot.com	HTTPS://WWW.HOMEDEPOT.COM/B/LIGHTING/DESIGN-SOLUTIONS-INTERNATIONAL/N-5YC1VZBVN5ZOQM
DESIGNSOLUTIONSINTERNATIONAL	DESIGNSOLUTIONSINTERNATIONAL	homedepot.com	HTTPS://WWW.HOMEDEPOT.COM/B/LIGHTING-LAMPS-FLOOR-LAMPS/DESIGN-SOLUTIONS-INTERNATIONAL/N-5YC1VZC7NOZOQM
DESIGNSOLUTIONSINTERNATIONAL	DESIGNSOLUTIONSINTERNATIONAL	homedepot.com	HTTPS://WWW.HOMEDEPOT.COM/B/LIGHTING-LAMPS/DESIGN-SOLUTIONS-INTERNATIONAL/N-5YC1VZC7PDZOQM
DESIGNTOSCANO	DESIGNTOSCANO	homedepot.com	HTTPS://WWW.HOMEDEPOT.COM/B/DESIGN-TOSCANO/N-5YC1VZ5OH
DESIGNTOSCANO	DESIGNTOSCANO	homedepot.com	HTTPS://WWW.HOMEDEPOT.COM/B/OUTDOORS-GARDEN-CENTER-OUTDOOR-DECOR-GARDEN-STATUES/DESIGN-TOSCANO/N-5YC1VZC6NTZ5OH
DESIGNTOSCANO	DESIGNTOSCANO	homedepot.com	HTTPS://WWW.HOMEDEPOT.COM/B/HOME-DECOR-HOME-ACCENTS-SCULPTURES/DESIGN-TOSCANO/N-5YC1VZ1Z18G7WZ5OH
DESIGNVIEW	DESIGNVIEW	homedepot.com	HTTPS://WWW.HOMEDEPOT.COM/B/WINDOW-TREATMENTS-BLINDS/DESIGNVIEW/N-5YC1VZCH24ZS4M
DESIGNVIEW	DESIGNVIEW	homedepot.com	HTTPS://WWW.HOMEDEPOT.COM/B/WINDOW-TREATMENTS-BLINDS-VERTICAL-BLINDS/DESIGNVIEW/N-5YC1VZBC7CZS4M
DESIGNVIEW	DESIGNVIEW	homedepot.com	HTTPS://WWW.HOMEDEPOT.COM/B/DESIGNVIEW/N-5YC1VZS4M
DESIGNVIEW	DESIGNVIEW	homedepot.com	HTTPS://WWW.HOMEDEPOT.COM/B/WINDOW-TREATMENTS-BLINDS-PARTS/DESIGNVIEW/N-5YC1VZBD33Z3YR
DESTINATIONGEAR	DESTINATIONGEAR	homedepot.com	HTTPS://WWW.HOMEDEPOT.COM/B/OUTDOORS-PATIO-FURNITURE-PATIO-UMBRELLAS/DESTINATIONGEAR/N-5YC1VZCCGWZEUP
DESTINATIONGEAR	DESTINATIONGEAR	homedepot.com	HTTPS://WWW.HOMEDEPOT.COM/B/OUTDOORS-PATIO-FURNITURE-PATIO-UMBRELLAS-BEACH-UMBRELLAS/DESTINATIONGEAR/N-5YC1VZ1Z18G4XZEUP
DESWAN	DESWAN	homedepot.com	HTTPS://WWW.HOMEDEPOT.COM/B/DESWAN/N-5YC1VZTRP
DESWAN	DESWAN	homedepot.com	HTTPS://WWW.HOMEDEPOT.COM/B/DESWAN/BLACK/N-5YC1VZTRPZ1Z0W31I
DESWAN	DESWAN	homedepot.com	HTTPS://WWW.HOMEDEPOT.COM/B/LIGHTING-CHANDELIERS/DESWAN/N-5YC1VZC7O0ZTRP
DESWAN	DESWAN	homedepot.com	HTTPS://WWW.HOMEDEPOT.COM/B/OUTDOORS-PATIO-FURNITURE-PATIO-DINING-FURNITURE/DESWAN/N-5YC1VZBXDRZTRP
DESWAN	DESWAN	homedepot.com	HTTPS://WWW.HOMEDEPOT.COM/B/BATH-BATHROOM-MIRRORS-VANITY-MIRRORS/DESWAN/N-5YC1VZBZASZTRP
DETAILERSCHOICE	DETAILERSCHOICE	homedepot.com	HTTPS://WWW.HOMEDEPOT.COM/B/DETAILERS-CHOICE/N-5YC1VZ8KF
DETAILERSCHOICE	DETAILERSCHOICE	homedepot.com	HTTPS://WWW.HOMEDEPOT.COM/B/AUTOMOTIVE-CAR-CLEANING-SUPPLIES-CAR-DETAILING-SUPPLIES/DETAILERS-CHOICE/N-5YC1VZCLA7Z8KF
DETAILERSCHOICE	DETAILERSCHOICE	homedepot.com	HTTPS://WWW.HOMEDEPOT.COM/B/GARAGE-AUTOMOTIVE-CAR-CLEANING-SUPPLIES/DETAILERS-CHOICE/N-5YC1VZC8NEZ8KF
DETAILK2	DETAILK2	homedepot.com	HTTPS://WWW.HOMEDEPOT.COM/B/DETAIL-K2/N-5YC1VZE98
DETAILK2	DETAILK2	homedepot.com	HTTPS://WWW.HOMEDEPOT.COM/B/DETAIL-K2/STEEL/N-5YC1VZE98Z1Z0V4PE
DEVAULTENTERPRISES	DEVAULTENTERPRISES	homedepot.com	HTTPS://WWW.HOMEDEPOT.COM/B/DEVAULT-ENTERPRISES/N-5YC1VZ7SH
DEVAULTENTERPRISES	DEVAULTENTERPRISES	homedepot.com	HTTPS://WWW.HOMEDEPOT.COM/B/BUILDING-MATERIALS-MATERIAL-HANDLING-EQUIPMENT/DEVAULT-ENTERPRISES/N-5YC1VZCA3DZ7SH
DEVAULTENTERPRISES	DEVAULTENTERPRISES	homedepot.com	HTTPS://WWW.HOMEDEPOT.COM/B/OUTDOORS-OUTDOOR-POWER-EQUIPMENT-OUTDOOR-POWER-EQUIPMENT-PARTS-GAS-CANS/DEVAULT-ENTERPRISES/N-5YC1VZ2FKP8A5Z7SH
DEVAULTENTERPRISES	DEVAULTENTERPRISES	homedepot.com	HTTPS://WWW.HOMEDEPOT.COM/B/OUTDOORS-GARDEN-CENTER-PLANTERS-PLANT-POTS/DEVAULT-ENTERPRISES/N-5YC1VZBX87Z7SH
DEVAULTENTERPRISES	DEVAULTENTERPRISES	homedepot.com	HTTPS://WWW.HOMEDEPOT.COM/B/DEVAULT-ENTERPRISES/5/N-5YC1VZ7SHZ1Z1086M
DEVAULTENTERPRISES	DEVAULTENTERPRISES	homedepot.com	HTTPS://WWW.HOMEDEPOT.COM/B/OUTDOORS-GARDEN-CENTER-PLANTERS-PLANTER-CADDIES/DEVAULT-ENTERPRISES/N-5YC1VZC607Z7SH
DEVAULTENTERPRISES	DEVAULTENTERPRISES	homedepot.com	HTTPS://WWW.HOMEDEPOT.COM/B/OUTDOORS-GARDEN-CENTER/DEVAULT-ENTERPRISES/N-5YC1VZBX6KZ7SH
DEVOE	DEVOE	homedepot.com	HTTPS://WWW.HOMEDEPOT.COM/B/PAINT-PAINT-COLORS/DEVOE/N-5YC1VZCAW8Z730
DEVOE	DEVOE	homedepot.com	HTTPS://WWW.HOMEDEPOT.COM/B/PAINT/DEVOE/N-5YC1VZAR2DZ730
DEVONCLAIRE	DEVONCLAIRE	homedepot.com	HTTPS://WWW.HOMEDEPOT.COM/B/FURNITURE-LIVING-ROOM-FURNITURE/DEVON-CLAIRE/N-5YC1VZC7P3ZUNT
DEVONCLAIRE	DEVONCLAIRE	homedepot.com	HTTPS://WWW.HOMEDEPOT.COM/B/DEVON-CLAIRE/N-5YC1VZUNT
DEVONCLAIRE	DEVONCLAIRE	homedepot.com	HTTPS://WWW.HOMEDEPOT.COM/B/DEVON-CLAIRE/BOTH/N-5YC1VZUNTZ1Z17YX9
DEVONCLAIRE	DEVONCLAIRE	homedepot.com	HTTPS://WWW.HOMEDEPOT.COM/B/DEVON-CLAIRE/DRAWERS/N-5YC1VZUNTZ1Z0JJJJ
DEWALT	DEWALT	homedepot.com	HTTPS://WWW.HOMEDEPOT.COM/B/TOOLS-POWER-TOOLS/DEWALT/N-5YC1VZC298Z4J2
DEWALT	DEWALT	homedepot.com	HTTPS://WWW.HOMEDEPOT.COM/B/DEWALT/N-5YC1VZ4J2
DEWAY	DEWAY	homedepot.com	HTTPS://WWW.HOMEDEPOT.COM/B/DEWAY/N-5YC1VZZH4
DEWENWILS	DEWENWILS	homedepot.com	HTTPS://WWW.HOMEDEPOT.COM/B/DEWENWILS/N-5YC1VZYP1
DEWIT	DEWIT	homedepot.com	HTTPS://WWW.HOMEDEPOT.COM/B/OUTDOORS-GARDEN-CENTER-GARDEN-TOOLS-GARDENING-TOOLS/DEWIT/N-5YC1VZC5QQZGRX
DEWIT	DEWIT	homedepot.com	HTTPS://WWW.HOMEDEPOT.COM/B/OUTDOORS-GARDEN-CENTER-GARDEN-TOOLS/DEWIT/N-5YC1VZBX6XZGRX
DEWIT	DEWIT	homedepot.com	HTTPS://WWW.HOMEDEPOT.COM/B/OUTDOORS-GARDEN-CENTER/DEWIT/N-5YC1VZBX6KZGRX
DEWIT	DEWIT	homedepot.com	HTTPS://WWW.HOMEDEPOT.COM/B/DEWIT/N-5YC1VZGRX
DEWIT	DEWIT	homedepot.com	HTTPS://WWW.HOMEDEPOT.COM/B/OUTDOORS-GARDEN-CENTER-GARDEN-TOOLS-DIGGING-TOOLS-SHOVELS/DEWIT/N-5YC1VZC5RRZGRX
DEWITTCOMPANY	DEWITTCOMPANY	homedepot.com	HTTPS://WWW.HOMEDEPOT.COM/B/OUTDOORS-GARDEN-CENTER-LANDSCAPING-SUPPLIES-LANDSCAPE-FABRIC/DEWITT-COMPANY/N-5YC1VZBX4QZF68
DEWITTCOMPANY	DEWITTCOMPANY	homedepot.com	HTTPS://WWW.HOMEDEPOT.COM/B/OUTDOORS-GARDEN-CENTER-LANDSCAPING-SUPPLIES/DEWITT-COMPANY/N-5YC1VZBX51ZF68
DEWITTCOMPANY	DEWITTCOMPANY	homedepot.com	HTTPS://WWW.HOMEDEPOT.COM/B/DEWITT-COMPANY/N-5YC1VZF68
DEWITTCOMPANY	DEWITTCOMPANY	homedepot.com	HTTPS://WWW.HOMEDEPOT.COM/B/OUTDOORS-GARDEN-CENTER/DEWITT-COMPANY/N-5YC1VZBX6KZF68
DEWITTCOMPANY	DEWITTCOMPANY	homedepot.com	HTTPS://WWW.HOMEDEPOT.COM/B/DEWITT-COMPANY/50-FT/N-5YC1VZF68Z1Z115D6
DEXPAN	DEXPAN	homedepot.com	HTTPS://WWW.HOMEDEPOT.COM/B/DEXPAN/N-5YC1VZCWZ
DEXTRUS	DEXTRUS	homedepot.com	HTTPS://WWW.HOMEDEPOT.COM/B/DEXTRUS/N-5YC1VZY9T
DEXTRUS	DEXTRUS	homedepot.com	HTTPS://WWW.HOMEDEPOT.COM/B/OUTDOORS-PATIO-FURNITURE/DEXTRUS/N-5YC1VZBX4OZY9T
DEXTRUS	DEXTRUS	homedepot.com	HTTPS://WWW.HOMEDEPOT.COM/B/OUTDOORS-PATIO-FURNITURE-OUTDOOR-LOUNGE-FURNITURE/DEXTRUS/N-5YC1VZCFJ3ZY9T
DEXTRUS	DEXTRUS	homedepot.com	HTTPS://WWW.HOMEDEPOT.COM/B/STORAGE-ORGANIZATION-OUTDOOR-STORAGE/DEXTRUS/N-5YC1VZBU96ZY9T
DEXTRUS	DEXTRUS	homedepot.com	HTTPS://WWW.HOMEDEPOT.COM/B/STORAGE-ORGANIZATION-OUTDOOR-STORAGE-PATIO-STORAGE/DEXTRUS/N-5YC1VZ2FKPA4BZY9T
DEXTRUS	DEXTRUS	homedepot.com	HTTPS://WWW.HOMEDEPOT.COM/B/BEST-RATED/DEXTRUS/N-5YC1VZY9TZBWO5Q
DEYIDN	DEYIDN	homedepot.com	HTTPS://WWW.HOMEDEPOT.COM/B/LIGHTING/DEYIDN/N-5YC1VZBVN5ZZ5I
DEYIDN	DEYIDN	homedepot.com	HTTPS://WWW.HOMEDEPOT.COM/B/LIGHTING-CHANDELIERS/DEYIDN/BULB/N-5YC1VZC7O0ZZ5IZ1Z1NB8L
DHDIGLANTHOME	DHDIGLANTHOME	homedepot.com	HTTPS://WWW.HOMEDEPOT.COM/B/DH-DIGLANT-HOME/N-5YC1VZVDS
DHP	DHP	homedepot.com	HTTPS://WWW.HOMEDEPOT.COM/B/FURNITURE/DHP/N-5YC1VZC7PCZG5L
DHP	DHP	homedepot.com	HTTPS://WWW.HOMEDEPOT.COM/B/DHP/N-5YC1VZG5L
DIAGONADESIGNS	DIAGONADESIGNS	homedepot.com	HTTPS://WWW.HOMEDEPOT.COM/B/FLOORING-RUGS-AREA-RUGS/DIAGONA-DESIGNS/N-5YC1VZARJGZH05
DIAGONADESIGNS	DIAGONADESIGNS	homedepot.com	HTTPS://WWW.HOMEDEPOT.COM/B/FLOORING-RUGS/DIAGONA-DESIGNS/N-5YC1VZARFMZH05
DIAGONADESIGNS	DIAGONADESIGNS	homedepot.com	HTTPS://WWW.HOMEDEPOT.COM/B/FLOORING/DIAGONA-DESIGNS/N-5YC1VZAQ7RZH05
DIAGONADESIGNS	DIAGONADESIGNS	homedepot.com	HTTPS://WWW.HOMEDEPOT.COM/B/OUTDOORS-GARDEN-CENTER/DIAGONA-DESIGNS/N-5YC1VZBX6KZH05
DIAGONADESIGNS	DIAGONADESIGNS	homedepot.com	HTTPS://WWW.HOMEDEPOT.COM/B/DIAGONA-DESIGNS/N-5YC1VZH05
DIAL	DIAL	homedepot.com	HTTPS://WWW.HOMEDEPOT.COM/B/CLEANING-CLEANING-PRODUCTS-HAND-SOAPS/DIAL/N-5YC1VZCB41ZEW
DIALCOMPLETE	DIALCOMPLETE	homedepot.com	HTTPS://WWW.HOMEDEPOT.COM/B/DIAL-COMPLETE/N-5YC1VZCDZ
DIALCOMPLETE	DIALCOMPLETE	homedepot.com	HTTPS://WWW.HOMEDEPOT.COM/B/CLEANING-CLEANING-PRODUCTS-HAND-SOAPS/DIAL-COMPLETE/N-5YC1VZCB41ZCDZ
DIALMANUFACTURING	DIALMANUFACTURING	homedepot.com	HTTPS://WWW.HOMEDEPOT.COM/B/DIAL-MANUFACTURING/N-5YC1VZQWY
DIALMANUFACTURING	DIALMANUFACTURING	homedepot.com	HTTPS://WWW.HOMEDEPOT.COM/B/HEATING-VENTING-COOLING-EVAPORATIVE-COOLERS/DIAL-MANUFACTURING/N-5YC1VZC4LRZQWY
DIALPROFESSIONAL	DIALPROFESSIONAL	homedepot.com	HTTPS://WWW.HOMEDEPOT.COM/B/DIAL-PROFESSIONAL/N-5YC1VZQZE
DIALPROFESSIONAL	DIALPROFESSIONAL	homedepot.com	HTTPS://WWW.HOMEDEPOT.COM/B/CLEANING-CLEANING-PRODUCTS-HAND-SOAPS/DIAL-PROFESSIONAL/N-5YC1VZCB41ZQZE
DIAMABRUSH	DIAMABRUSH	homedepot.com	HTTPS://WWW.HOMEDEPOT.COM/B/DIAMABRUSH/N-5YC1VZC4R
DIAMABRUSH	DIAMABRUSH	homedepot.com	HTTPS://WWW.HOMEDEPOT.COM/B/TOOLS-POWER-TOOL-ACCESSORIES/DIAMABRUSH/N-5YC1VZC246ZC4R
DIAMABRUSH	DIAMABRUSH	homedepot.com	HTTPS://WWW.HOMEDEPOT.COM/B/TOOLS/DIAMABRUSH/N-5YC1VZC1XYZC4R
DIAMONDBRITEPAINT	DIAMONDBRITEPAINT	homedepot.com	HTTPS://WWW.HOMEDEPOT.COM/B/PAINT/DIAMOND-BRITE-PAINT/N-5YC1VZAR2DZOBX
DIAMONDBRITEPAINT	DIAMONDBRITEPAINT	homedepot.com	HTTPS://WWW.HOMEDEPOT.COM/B/PAINT-PAINT-COLORS/DIAMOND-BRITE-PAINT/N-5YC1VZCAW8ZOBX
DIAMONDBRITEPAINT	DIAMONDBRITEPAINT	homedepot.com	HTTPS://WWW.HOMEDEPOT.COM/B/PAINT-PAINT-COLORS/DIAMOND-BRITE-PAINT/WHITE/N-5YC1VZCAW8ZOBXZ1Z19X9G
DIAMONDBRITEPAINT	DIAMONDBRITEPAINT	homedepot.com	HTTPS://WWW.HOMEDEPOT.COM/B/DIAMOND-BRITE-PAINT/ALUMINUM/N-5YC1VZOBXZ1Z13HP7
DIAMONDBRITEPAINT	DIAMONDBRITEPAINT	homedepot.com	HTTPS://WWW.HOMEDEPOT.COM/B/PAINT-PAINT-COLORS/DIAMOND-BRITE-PAINT/BLACK/N-5YC1VZCAW8ZOBXZ1Z19X64
DIAMONDDECK	DIAMONDDECK	homedepot.com	HTTPS://WWW.HOMEDEPOT.COM/B/FLOORING/DIAMOND-DECK/N-5YC1VZAQ7RZAYN
DIAMONDDECK	DIAMONDDECK	homedepot.com	HTTPS://WWW.HOMEDEPOT.COM/B/DIAMOND-DECK/N-5YC1VZAYN
DIAMONDDECK	DIAMONDDECK	homedepot.com	HTTPS://WWW.HOMEDEPOT.COM/B/FLOORING-GARAGE-FLOORING/DIAMOND-DECK/N-5YC1VZB97TZAYN
DIAMONDEYEPERFORMANCE	DIAMONDEYEPERFORMANCE	homedepot.com	HTTPS://WWW.HOMEDEPOT.COM/B/DIAMOND-EYE-PERFORMANCE/N-5YC1VZODL
DIAMONDMULTIMEDIA	DIAMONDMULTIMEDIA	homedepot.com	HTTPS://WWW.HOMEDEPOT.COM/B/ELECTRICAL-ELECTRONICS/DIAMOND-MULTIMEDIA/N-5YC1VZC958ZA5B
DICOFUN	DICOFUN	homedepot.com	HTTPS://WWW.HOMEDEPOT.COM/B/HOME-DECOR-WALL-DECOR-PEEL-AND-STICK-BACKSPLASH/DICOFUN/N-5YC1VZCKSPZUZU
DICOFUN	DICOFUN	homedepot.com	HTTPS://WWW.HOMEDEPOT.COM/B/HOME-DECOR-WALL-DECOR/DICOFUN/N-5YC1VZAR8XZUZU
DICOR	DICOR	homedepot.com	HTTPS://WWW.HOMEDEPOT.COM/B/GARAGE-AUTOMOTIVE-RV-SUPPLIES/DICOR/N-5YC1VZCLREZOU1
DICOR	DICOR	homedepot.com	HTTPS://WWW.HOMEDEPOT.COM/B/DICOR/N-5YC1VZOU1
DIETGINGERALE	DIETGINGERALE	homedepot.com	HTTPS://WWW.HOMEDEPOT.COM/B/FOOD-GIFTS-BEVERAGES-SODA-FLAVORS/DIET-GINGER-ALE/N-5YC1VZC6ATZ1Z0O02B
DIGDEFENCE	DIGDEFENCE	homedepot.com	HTTPS://WWW.HOMEDEPOT.COM/B/OUTDOORS-PET-SUPPLIES-WILDLIFE/DIG-DEFENCE/N-5YC1VZC4U1ZSXB
DIGIPAS	DIGIPAS	homedepot.com	HTTPS://WWW.HOMEDEPOT.COM/B/TOOLS-HAND-TOOLS-MEASURING-TOOLS-LEVELS/DIGI-PAS/N-5YC1VZC1ZHZMIO
DIGIWAVE	DIGIWAVE	homedepot.com	HTTPS://WWW.HOMEDEPOT.COM/B/DIGIWAVE/N-5YC1VZOGC
DIGZ	DIGZ	homedepot.com	HTTPS://WWW.HOMEDEPOT.COM/B/OUTDOORS-GARDEN-CENTER-GARDEN-TOOLS-GARDENING-TOOLS-GARDENING-GLOVES/DIGZ/N-5YC1VZC5R1Z7DD
DII	DII	homedepot.com	HTTPS://WWW.HOMEDEPOT.COM/B/HOME-DECOR-HOME-ACCENTS/DII/N-5YC1VZAR58ZNLV
DII	DII	homedepot.com	HTTPS://WWW.HOMEDEPOT.COM/B/DII/N-5YC1VZNLV
DIIG	DIIG	homedepot.com	HTTPS://WWW.HOMEDEPOT.COM/B/DIIG/N-5YC1VZURN
DIIG	DIIG	homedepot.com	HTTPS://WWW.HOMEDEPOT.COM/B/OUTDOORS-GARDEN-CENTER-OUTDOOR-DECOR-FLAGS-FLAGPOLES/DIIG/N-5YC1VZCL1XZURN
DILLEN	DILLEN	homedepot.com	HTTPS://WWW.HOMEDEPOT.COM/B/OUTDOORS-GARDEN-CENTER-PLANTERS-NURSERY-POTS/DILLEN/N-5YC1VZBX77ZK7I
DILLEN	DILLEN	homedepot.com	HTTPS://WWW.HOMEDEPOT.COM/B/OUTDOORS-GARDEN-CENTER-PLANTERS/DILLEN/N-5YC1VZBX81ZK7I
DIMEX	DIMEX	homedepot.com	HTTPS://WWW.HOMEDEPOT.COM/B/DIMEX/N-5YC1VZASP
DIMEX	DIMEX	homedepot.com	HTTPS://WWW.HOMEDEPOT.COM/B/OUTDOORS-GARDEN-CENTER-LANDSCAPING-SUPPLIES-LANDSCAPE-EDGING/DIMEX/N-5YC1VZBX74ZASP
DIMMABLE	DIMMABLE	homedepot.com	HTTPS://WWW.HOMEDEPOT.COM/B/LIGHTING-LIGHT-BULBS/DIMMABLE/N-5YC1VZBMBUZ1Z1AIYW
DIMMABLE	DIMMABLE	homedepot.com	HTTPS://WWW.HOMEDEPOT.COM/B/LIGHTING-LIGHT-BULBS-LED-LIGHT-BULBS/DIMMABLE/N-5YC1VZBM79Z1Z1AIYW
DIMMABLE	DIMMABLE	homedepot.com	HTTPS://WWW.HOMEDEPOT.COM/B/LIGHTING-FLUSH-MOUNT-CEILING-LIGHTS/DIMMABLE/N-5YC1VZC7NKZ1Z18MEW
DIMMABLE	DIMMABLE	homedepot.com	HTTPS://WWW.HOMEDEPOT.COM/B/LIGHTING/DIMMABLE/N-5YC1VZBVN5Z1Z0U4XV
DIMMABLE	DIMMABLE	homedepot.com	HTTPS://WWW.HOMEDEPOT.COM/B/LIGHTING-COMMERCIAL-LIGHTING-PANEL-AND-TROFFER-LIGHTS/DIMMABLE/N-5YC1VZ2FKOL6BZ1Z1AIYW
DIMMABLE	DIMMABLE	homedepot.com	HTTPS://WWW.HOMEDEPOT.COM/B/LIGHTING-RECESSED-LIGHTING/DIMMABLE/N-5YC1VZC7NIZ1Z1AIYW
DIMMABLE	DIMMABLE	homedepot.com	HTTPS://WWW.HOMEDEPOT.COM/B/LIGHTING-COMMERCIAL-LIGHTING-SHOP-LIGHTS/DIMMABLE/N-5YC1VZC9H6Z1Z1AIYW
DIMPLEX	DIMPLEX	homedepot.com	HTTPS://WWW.HOMEDEPOT.COM/B/DIMPLEX/N-5YC1VZ3KZ
DINAZA	DINAZA	homedepot.com	HTTPS://WWW.HOMEDEPOT.COM/B/FURNITURE-KITCHEN-DINING-ROOM-FURNITURE-KITCHEN-DINING-TABLES/DINAZA/N-5YC1VZC7NYZV78
DIPDESIGNISPERSONAL	DIPDESIGNISPERSONAL	homedepot.com	HTTPS://WWW.HOMEDEPOT.COM/B/DIP-DESIGN-IS-PERSONAL/N-5YC1VZQBY
DIPDESIGNISPERSONAL	DIPDESIGNISPERSONAL	homedepot.com	HTTPS://WWW.HOMEDEPOT.COM/B/HOME-DECOR-WALL-DECOR-PEEL-AND-STICK-BACKSPLASH/DIP-DESIGN-IS-PERSONAL/N-5YC1VZCKSPZQBY
DIPDESIGNISPERSONAL	DIPDESIGNISPERSONAL	homedepot.com	HTTPS://WWW.HOMEDEPOT.COM/B/HOME-DECOR-WALL-DECOR-PEEL-AND-STICK-BACKSPLASH/DIP-DESIGN-IS-PERSONAL/SELF-ADHESIVE-BACKING/N-5YC1VZCKSPZQBYZ1Z1BEK5
DIPDESIGNISPERSONAL	DIPDESIGNISPERSONAL	homedepot.com	HTTPS://WWW.HOMEDEPOT.COM/B/HOME-DECOR-WALLPAPER/DIP-DESIGN-IS-PERSONAL/BLACK/N-5YC1VZBC0QZQBYZ1Z10QPY
DIPDESIGNISPERSONAL	DIPDESIGNISPERSONAL	homedepot.com	HTTPS://WWW.HOMEDEPOT.COM/B/FLOORING-TILE/DIP-DESIGN-IS-PERSONAL/N-5YC1VZAR0YZQBY
DIRECTWICKER	DIRECTWICKER	homedepot.com	HTTPS://WWW.HOMEDEPOT.COM/B/OUTDOORS-PATIO-FURNITURE/DIRECT-WICKER/N-5YC1VZBX4OZN72
DIRECTWICKER	DIRECTWICKER	homedepot.com	HTTPS://WWW.HOMEDEPOT.COM/B/DIRECT-WICKER/N-5YC1VZN72
DIRECTWICKER	DIRECTWICKER	homedepot.com	HTTPS://WWW.HOMEDEPOT.COM/B/OUTDOORS-PATIO-FURNITURE-PATIO-DINING-FURNITURE-PATIO-DINING-SETS/DIRECT-WICKER/N-5YC1VZBXDLZN72
DIRTDEVIL	DIRTDEVIL	homedepot.com	HTTPS://WWW.HOMEDEPOT.COM/B/APPLIANCES-FLOOR-CARE-VACUUMS-VACUUM-CLEANERS/DIRT-DEVIL/N-5YC1VZBV74ZGH
DIRTDEVIL	DIRTDEVIL	homedepot.com	HTTPS://WWW.HOMEDEPOT.COM/B/DIRT-DEVIL/N-5YC1VZGH
DIRTYHANDTOOLS	DIRTYHANDTOOLS	homedepot.com	HTTPS://WWW.HOMEDEPOT.COM/B/OUTDOORS-OUTDOOR-POWER-EQUIPMENT/DIRTY-HAND-TOOLS/N-5YC1VZBX5CZCY1
DIRTYHANDTOOLS	DIRTYHANDTOOLS	homedepot.com	HTTPS://WWW.HOMEDEPOT.COM/B/OUTDOORS-OUTDOOR-POWER-EQUIPMENT-ROTOTILLERS-CULTIVATORS-TILLERS/DIRTY-HAND-TOOLS/N-5YC1VZBXD8ZCY1
DIRTYHANDTOOLS	DIRTYHANDTOOLS	homedepot.com	HTTPS://WWW.HOMEDEPOT.COM/B/OUTDOORS-OUTDOOR-POWER-EQUIPMENT-OUTDOOR-POWER-EQUIPMENT-PARTS-REPLACEMENT-PARTS/DIRTY-HAND-TOOLS/N-5YC1VZ1Z18IBGZCY1
DIRTYHANDTOOLS	DIRTYHANDTOOLS	homedepot.com	HTTPS://WWW.HOMEDEPOT.COM/B/OUTDOORS-OUTDOOR-POWER-EQUIPMENT-OUTDOOR-POWER-EQUIPMENT-PARTS-MISCELLANEOUS-OUTDOOR-EQUIPMENT-PARTS-MISCELLANEOUS-PARTS/DIRTY-HAND-TOOLS/N-5YC1VZBXCCZCY1
DIRTYHANDTOOLS	DIRTYHANDTOOLS	homedepot.com	HTTPS://WWW.HOMEDEPOT.COM/B/DIRTY-HAND-TOOLS/N-5YC1VZCY1
DIRTYHANDTOOLS	DIRTYHANDTOOLS	homedepot.com	HTTPS://WWW.HOMEDEPOT.COM/B/OUTDOORS-OUTDOOR-POWER-EQUIPMENT-LAWN-MOWERS/DIRTY-HAND-TOOLS/N-5YC1VZC5ARZCY1
DIRTYHANDTOOLS	DIRTYHANDTOOLS	homedepot.com	HTTPS://WWW.HOMEDEPOT.COM/B/DIRTY-HAND-TOOLS/PULL/N-5YC1VZCY1Z1Z0THR9
DIRTYHANDTOOLS	DIRTYHANDTOOLS	homedepot.com	HTTPS://WWW.HOMEDEPOT.COM/B/OUTDOORS-OUTDOOR-POWER-EQUIPMENT-OUTDOOR-POWER-EQUIPMENT-PARTS-LOG-SPLITTER-PARTS/DIRTY-HAND-TOOLS/N-5YC1VZ2FKOL2ZZCY1
DISCOUNTRAMPS	DISCOUNTRAMPS	homedepot.com	HTTPS://WWW.HOMEDEPOT.COM/B/DISCOUNT-RAMPS/N-5YC1VZRWG
DISCOUNTRAMPS	DISCOUNTRAMPS	homedepot.com	HTTPS://WWW.HOMEDEPOT.COM/B/DISCOUNT-RAMPS/64-LB/N-5YC1VZRWGZ1Z105E2
DISGUISE	DISGUISE	homedepot.com	HTTPS://WWW.HOMEDEPOT.COM/B/DISGUISE/N-5YC1VZD0U
DISHWASHERDETERGENT	DISHWASHERDETERGENT	homedepot.com	HTTPS://WWW.HOMEDEPOT.COM/B/CLEANING-CLEANING-PRODUCTS-DISHWASHER-DETERGENT/N-5YC1VZCB2M
DIVERSEY	DIVERSEY	homedepot.com	HTTPS://WWW.HOMEDEPOT.COM/B/CLEANING-CLEANING-PRODUCTS/DIVERSEY/N-5YC1VZCB33ZIZT
DIVERSITECH	DIVERSITECH	homedepot.com	HTTPS://WWW.HOMEDEPOT.COM/B/DIVERSITECH/N-5YC1VZBAB
DIXIE	DIXIE	homedepot.com	HTTPS://WWW.HOMEDEPOT.COM/B/DIXIE/N-5YC1VZSA0
DK2	DK2	homedepot.com	HTTPS://WWW.HOMEDEPOT.COM/B/DK2/N-5YC1VZT0N
DK2	DK2	homedepot.com	HTTPS://WWW.HOMEDEPOT.COM/B/OUTDOORS-OUTDOOR-POWER-EQUIPMENT-WOOD-CHIPPERS/DK2/N-5YC1VZBXBIZT0N
DK2	DK2	homedepot.com	HTTPS://WWW.HOMEDEPOT.COM/B/OUTDOORS-OUTDOOR-POWER-EQUIPMENT/DK2/N-5YC1VZBX5CZT0N
DMI	DMI	homedepot.com	HTTPS://WWW.HOMEDEPOT.COM/B/HEALTH-AND-WELLNESS-MEDICAL-SUPPLIES/DMI/N-5YC1VZCFVLZ9XJ
DMX1STEP	DMX1STEP	homedepot.com	HTTPS://WWW.HOMEDEPOT.COM/B/FLOORING-FLOORING-SUPPLIES-SURFACE-PREP-UNDERLAYMENT/DMX-1-STEP/N-5YC1VZCDTWZCV7
DOBERMANSECURITY	DOBERMANSECURITY	homedepot.com	HTTPS://WWW.HOMEDEPOT.COM/B/ELECTRICAL-HOME-SECURITY/DOBERMAN-SECURITY/N-5YC1VZC1TGZ45R
DOBERMANSECURITY	DOBERMANSECURITY	homedepot.com	HTTPS://WWW.HOMEDEPOT.COM/B/ELECTRICAL-HOME-SECURITY-ALARM-SYSTEMS/DOBERMAN-SECURITY/N-5YC1VZC1T8Z45R
DOBERMANSECURITY	DOBERMANSECURITY	homedepot.com	HTTPS://WWW.HOMEDEPOT.COM/B/DOBERMAN-SECURITY/N-5YC1VZ45R
DOBERMANSECURITY	DOBERMANSECURITY	homedepot.com	HTTPS://WWW.HOMEDEPOT.COM/B/TOOLS-SAFETY-SECURITY-HOME-SAFETY/DOBERMAN-SECURITY/N-5YC1VZC22IZ45R
DOCAPOLE	DOCAPOLE	homedepot.com	HTTPS://WWW.HOMEDEPOT.COM/B/DOCAPOLE/N-5YC1VZRZ9
DOCASCREEN	DOCASCREEN	homedepot.com	HTTPS://WWW.HOMEDEPOT.COM/B/DOORS-WINDOWS-WINDOWS-SCREENS-TOOLS-ACCESSORIES-SCREEN-PARTS/DOCASCREEN/N-5YC1VZ1Z18IB0ZSON
DOCASCREEN	DOCASCREEN	homedepot.com	HTTPS://WWW.HOMEDEPOT.COM/B/DOCASCREEN/N-5YC1VZSON
DOCASCREEN	DOCASCREEN	homedepot.com	HTTPS://WWW.HOMEDEPOT.COM/B/DOORS-WINDOWS-WINDOWS-WINDOW-SCREENS-TOOLS-ACCESSORIES/DOCASCREEN/OTHER/N-5YC1VZAPVRZSONZ1Z1Q0VS
DOCASCREEN	DOCASCREEN	homedepot.com	HTTPS://WWW.HOMEDEPOT.COM/B/DOORS-WINDOWS-WINDOWS-SCREENS-TOOLS-ACCESSORIES/DOCASCREEN/N-5YC1VZAPVRZSON
DOCASCREEN	DOCASCREEN	homedepot.com	HTTPS://WWW.HOMEDEPOT.COM/B/DOORS-WINDOWS-WINDOWS-WINDOW-SCREENS-WINDOW-SCREENS-REPLACEMENT-SCREENS/DOCASCREEN/N-5YC1VZ1Z18IAUZSON
DOCBOX	DOCBOX	homedepot.com	HTTPS://WWW.HOMEDEPOT.COM/B/DOC-BOX/N-5YC1VZ44V
DOCKEDGE	DOCKEDGE	homedepot.com	HTTPS://WWW.HOMEDEPOT.COM/B/BUILDING-MATERIALS-BOAT-DOCKS-HARDWARE/DOCK-EDGE/N-5YC1VZAR4ZZBX7
DOCKEDGE	DOCKEDGE	homedepot.com	HTTPS://WWW.HOMEDEPOT.COM/B/DOCK-EDGE/N-5YC1VZBX7
DOCKHARDWARE	DOCKHARDWARE	homedepot.com	HTTPS://WWW.HOMEDEPOT.COM/B/BUILDING-MATERIALS-BOAT-DOCKS-HARDWARE-DOCK-HARDWARE/N-5YC1VZC8XD
DOCKINGDRAWER	DOCKINGDRAWER	homedepot.com	HTTPS://WWW.HOMEDEPOT.COM/B/ELECTRICAL-WIRING-DEVICES-LIGHT-CONTROLS-ELECTRICAL-OUTLETS-RECEPTACLES/DOCKING-DRAWER/N-5YC1VZC33AZYD4
DOCKINGDRAWER	DOCKINGDRAWER	homedepot.com	HTTPS://WWW.HOMEDEPOT.COM/B/DOCKING-DRAWER/N-5YC1VZYD4
DOCKINGDRAWER	DOCKINGDRAWER	homedepot.com	HTTPS://WWW.HOMEDEPOT.COM/B/DOCKING-DRAWER/OUTLET/N-5YC1VZYD4Z1Z117I1
DOCKINGDRAWER	DOCKINGDRAWER	homedepot.com	HTTPS://WWW.HOMEDEPOT.COM/B/DOCKING-DRAWER/1/N-5YC1VZYD4Z1Z141LB
DOCTORDRAIN	DOCTORDRAIN	homedepot.com	HTTPS://WWW.HOMEDEPOT.COM/B/CLEANING-CLEANING-PRODUCTS-DRAIN-CLEANERS/DOCTOR-DRAIN/N-5YC1VZBQLJZHT8
DOCTORDRAIN	DOCTORDRAIN	homedepot.com	HTTPS://WWW.HOMEDEPOT.COM/B/PLUMBING/DOCTOR-DRAIN/N-5YC1VZBQEWZHT8
DOCTORDRAIN	DOCTORDRAIN	homedepot.com	HTTPS://WWW.HOMEDEPOT.COM/B/DOCTOR-DRAIN/N-5YC1VZHT8
DOCTORDRAIN	DOCTORDRAIN	homedepot.com	HTTPS://WWW.HOMEDEPOT.COM/B/CLEANING-CLEANING-PRODUCTS-SEPTIC-TANK-TREATMENT/DOCTOR-DRAIN/N-5YC1VZCB3AZHT8
DOGBERRY	DOGBERRY	homedepot.com	HTTPS://WWW.HOMEDEPOT.COM/B/DOGBERRY/N-5YC1VZQ2M
DOGBERRY	DOGBERRY	homedepot.com	HTTPS://WWW.HOMEDEPOT.COM/B/OUTDOORS-PET-SUPPLIES-WILDLIFE-DOG-SUPPLIES/DOGBERRY/N-5YC1VZC4TRZQ2M
DOGBERRY	DOGBERRY	homedepot.com	HTTPS://WWW.HOMEDEPOT.COM/B/STORAGE-ORGANIZATION-SHELVING-WALL-MOUNTED-SHELVES/DOGBERRY/N-5YC1VZCKSOZQ2M
DOGBERRYCOLLECTIONS	DOGBERRYCOLLECTIONS	homedepot.com	HTTPS://WWW.HOMEDEPOT.COM/B/DOGBERRY-COLLECTIONS/N-5YC1VZN2B
DOGBERRYCOLLECTIONS	DOGBERRYCOLLECTIONS	homedepot.com	HTTPS://WWW.HOMEDEPOT.COM/B/HEATING-VENTING-COOLING-FIREPLACES-FIREPLACE-MANTELS/DOGBERRY-COLLECTIONS/N-5YC1VZC4MCZN2B
DOGBERRYCOLLECTIONS	DOGBERRYCOLLECTIONS	homedepot.com	HTTPS://WWW.HOMEDEPOT.COM/B/HEATING-VENTING-COOLING-FIREPLACES-FIREPLACE-MANTELS-MANTEL-SHELVES/DOGBERRY-COLLECTIONS/N-5YC1VZC4L0ZN2B
DOGBERRYCOLLECTIONS	DOGBERRYCOLLECTIONS	homedepot.com	HTTPS://WWW.HOMEDEPOT.COM/B/DOORS-WINDOWS-EXTERIOR-SHUTTERS/DOGBERRY-COLLECTIONS/N-5YC1VZARCHZN2B
DOGCRATES	DOGCRATES	homedepot.com	HTTPS://WWW.HOMEDEPOT.COM/B/OUTDOORS-PET-SUPPLIES-WILDLIFE-DOG-SUPPLIES-DOG-CRATES/N-5YC1VZC4TI
DOGGYDO	DOGGYDO	homedepot.com	HTTPS://WWW.HOMEDEPOT.COM/B/OUTDOORS-PET-SUPPLIES-WILDLIFE-PET-CLEANING-SUPPLIES/DOGGY-DO/N-5YC1VZC50MZRUW
DOGRAMPS	DOGRAMPS	homedepot.com	HTTPS://WWW.HOMEDEPOT.COM/B/OUTDOORS-PET-SUPPLIES-WILDLIFE-DOG-SUPPLIES-DOG-RAMPS/N-5YC1VZ2FKPE5L
DOGWOOD	DOGWOOD	homedepot.com	HTTPS://WWW.HOMEDEPOT.COM/B/OUTDOORS-GARDEN-CENTER-OUTDOOR-PLANTS-TREES/DOGWOOD/N-5YC1VZC8RQZ1Z1BQDK
DOIFUN	DOIFUN	homedepot.com	HTTPS://WWW.HOMEDEPOT.COM/B/DOIFUN/N-5YC1VZTGU
DOLCEHOME	DOLCEHOME	homedepot.com	HTTPS://WWW.HOMEDEPOT.COM/B/DOLCE-HOME/N-5YC1VZNPL
DOLLE	DOLLE	homedepot.com	HTTPS://WWW.HOMEDEPOT.COM/B/DOLLE/N-5YC1VZBUV
DOLLE	DOLLE	homedepot.com	HTTPS://WWW.HOMEDEPOT.COM/B/BUILDING-MATERIALS-MOULDING-MILLWORK-STAIRS-RAILINGS-STAIRCASE-KITS/DOLLE/N-5YC1VZBLM9ZBUV
DOLLE	DOLLE	homedepot.com	HTTPS://WWW.HOMEDEPOT.COM/B/BUILDING-MATERIALS/DOLLE/N-5YC1VZAQNSZBUV
DOLLE	DOLLE	homedepot.com	HTTPS://WWW.HOMEDEPOT.COM/B/DOLLE/CLASSIC/N-5YC1VZBUVZ1Z17YVB
DOLLE	DOLLE	homedepot.com	HTTPS://WWW.HOMEDEPOT.COM/B/LUMBER-COMPOSITES-DECKING/DOLLE/N-5YC1VZBQMGZBUV
DOMETIC	DOMETIC	homedepot.com	HTTPS://WWW.HOMEDEPOT.COM/B/DOMETIC/N-5YC1VZN46
DOMETIC	DOMETIC	homedepot.com	HTTPS://WWW.HOMEDEPOT.COM/B/GARAGE-AUTOMOTIVE-RV-SUPPLIES-RV-ACCESSORIES/DOMETIC/N-5YC1VZCLQWZN46
DOMIOUTDOORLIVING	DOMIOUTDOORLIVING	homedepot.com	HTTPS://WWW.HOMEDEPOT.COM/B/DOMI-OUTDOOR-LIVING/N-5YC1VZYL5
DOMIOUTDOORLIVING	DOMIOUTDOORLIVING	homedepot.com	HTTPS://WWW.HOMEDEPOT.COM/B/OUTDOORS-SHADE-STRUCTURES-GAZEBOS/DOMI-OUTDOOR-LIVING/N-5YC1VZBTYAZYL5
DOMIOUTDOORLIVING	DOMIOUTDOORLIVING	homedepot.com	HTTPS://WWW.HOMEDEPOT.COM/B/OUTDOORS-PATIO-FURNITURE/DOMI-OUTDOOR-LIVING/N-5YC1VZBX4OZYL5
DOMIOUTDOORLIVING	DOMIOUTDOORLIVING	homedepot.com	HTTPS://WWW.HOMEDEPOT.COM/B/STORAGE-ORGANIZATION-OUTDOOR-STORAGE-SHADE-STRUCTURES/DOMI-OUTDOOR-LIVING/N-5YC1VZ2FKOMIIZYL5
DOMIOUTDOORLIVING	DOMIOUTDOORLIVING	homedepot.com	HTTPS://WWW.HOMEDEPOT.COM/B/OUTDOORS-PATIO-FURNITURE-PATIO-CHAIRS/DOMI-OUTDOOR-LIVING/N-5YC1VZC1XKZYL5
DOMIOUTDOORLIVING	DOMIOUTDOORLIVING	homedepot.com	HTTPS://WWW.HOMEDEPOT.COM/B/STORAGE-ORGANIZATION-OUTDOOR-STORAGE-SHEDS/DOMI-OUTDOOR-LIVING/N-5YC1VZBTZ2ZYL5
DOMOOS	DOMOOS	homedepot.com	HTTPS://WWW.HOMEDEPOT.COM/B/KITCHEN-COUNTERTOPS-ULTRA-DURABLE-COUNTERTOPS/DOMOOS/N-5YC1VZ2FKOOA0Z1Z189YR
DONCOKIDS	DONCOKIDS	homedepot.com	HTTPS://WWW.HOMEDEPOT.COM/B/BABY-KIDS-KIDS-HOME-KIDS-FURNITURE/DONCO-KIDS/N-5YC1VZC8RCZO1R
DONCOKIDS	DONCOKIDS	homedepot.com	HTTPS://WWW.HOMEDEPOT.COM/B/DONCO-KIDS/N-5YC1VZO1R
DONCOKIDS	DONCOKIDS	homedepot.com	HTTPS://WWW.HOMEDEPOT.COM/B/BABY-KIDS-KIDS-HOME-KIDS-FURNITURE-KIDS-BEDROOM-FURNITURE/DONCO-KIDS/N-5YC1VZCF8MZO1R
DONNASHARP	DONNASHARP	homedepot.com	HTTPS://WWW.HOMEDEPOT.COM/B/DONNA-SHARP/N-5YC1VZR9P
DONNIEANN	DONNIEANN	homedepot.com	HTTPS://WWW.HOMEDEPOT.COM/B/DONNIEANN/N-5YC1VZE13
DONNIEANN	DONNIEANN	homedepot.com	HTTPS://WWW.HOMEDEPOT.COM/B/DONNIEANN/HARDWARE/N-5YC1VZE13Z1Z0SF6W
DONNYOSMONDHOME	DONNYOSMONDHOME	homedepot.com	HTTPS://WWW.HOMEDEPOT.COM/B/DONNY-OSMOND-HOME/N-5YC1VZDO6
DONNYOSMONDHOME	DONNYOSMONDHOME	homedepot.com	HTTPS://WWW.HOMEDEPOT.COM/B/HOME-DECOR/DONNY-OSMOND-HOME/N-5YC1VZAS6PZDO6
DONUTSHOPBLEND	DONUTSHOPBLEND	homedepot.com	HTTPS://WWW.HOMEDEPOT.COM/B/FOOD-GIFTS-BEVERAGES-COFFEE/DONUT-SHOP-BLEND/N-5YC1VZ2FKONXSZ1Z0WJBG
DONUTSHOPCLASSICS	DONUTSHOPCLASSICS	homedepot.com	HTTPS://WWW.HOMEDEPOT.COM/B/FOOD-GIFTS/DONUT-SHOP-CLASSICS/N-5YC1VZCIGLZDEI
DONUTSHOPCLASSICS	DONUTSHOPCLASSICS	homedepot.com	HTTPS://WWW.HOMEDEPOT.COM/B/FOOD-GIFTS-BEVERAGES/DONUT-SHOP-CLASSICS/N-5YC1VZCIGAZDEI
DOORJAMMER	DOORJAMMER	homedepot.com	HTTPS://WWW.HOMEDEPOT.COM/B/HARDWARE-DOOR-HARDWARE-DOOR-LOCKS/DOORJAMMER/N-5YC1VZC223ZGBL
DOORMATS	DOORMATS	homedepot.com	HTTPS://WWW.HOMEDEPOT.COM/B/FLOORING-RUGS-MATS-DOOR-MATS/N-5YC1VZBNB0
DOORSTOPS	DOORSTOPS	homedepot.com	HTTPS://WWW.HOMEDEPOT.COM/B/HARDWARE-DOOR-HARDWARE-DOOR-ACCESSORIES-DOOR-STOPS/N-5YC1VZC7KB
DOPHIGO	DOPHIGO	homedepot.com	HTTPS://WWW.HOMEDEPOT.COM/B/ELECTRICAL-HOME-SECURITY-SECURITY-CAMERAS/DOPHIGO/N-5YC1VZC20VZPQS
DOPHIGO	DOPHIGO	homedepot.com	HTTPS://WWW.HOMEDEPOT.COM/B/DOPHIGO/SMART-HOME-ENABLED/N-5YC1VZPQSZ1Z0KIRF
DOPHIGO	DOPHIGO	homedepot.com	HTTPS://WWW.HOMEDEPOT.COM/B/ELECTRICAL-HOME-SECURITY-SYSTEMS-VIDEO-SURVEILLANCE-SECURITY-CAMERAS/DOPHIGO/N-5YC1VZC20VZPQS
DORCY	DORCY	homedepot.com	HTTPS://WWW.HOMEDEPOT.COM/B/DORCY/N-5YC1VZ6F8
DORED	DORED	homedepot.com	HTTPS://WWW.HOMEDEPOT.COM/B/FURNITURE-KITCHEN-DINING-ROOM-FURNITURE-DINING-ROOM-SETS/DORED/N-5YC1VZCETRZ1Z1XJLK
DORELASIA	DORELASIA	homedepot.com	HTTPS://WWW.HOMEDEPOT.COM/B/FURNITURE-BEDROOM-FURNITURE-BEDS/DOREL-ASIA/N-5YC1VZC7OHZGV6
DORELHOME	DORELHOME	homedepot.com	HTTPS://WWW.HOMEDEPOT.COM/B/DOREL-HOME/N-5YC1VZZKC
DORELHOME	DORELHOME	homedepot.com	HTTPS://WWW.HOMEDEPOT.COM/B/FURNITURE/DOREL-HOME/N-5YC1VZC7PCZZKC
DORELLIVING	DORELLIVING	homedepot.com	HTTPS://WWW.HOMEDEPOT.COM/B/DOREL-LIVING/N-5YC1VZM1B
DORELLIVING	DORELLIVING	homedepot.com	HTTPS://WWW.HOMEDEPOT.COM/B/FURNITURE/DOREL-LIVING/N-5YC1VZC7PCZM1B
DORELLIVING	DORELLIVING	homedepot.com	HTTPS://WWW.HOMEDEPOT.COM/B/BABY-KIDS-KIDS-HOME-KIDS-FURNITURE-KIDS-BEDROOM-FURNITURE-BUNK-BEDS/DOREL-LIVING/N-5YC1VZCIJJZM1B
DOUBLESIGHTDISPLAYS	DOUBLESIGHTDISPLAYS	homedepot.com	HTTPS://WWW.HOMEDEPOT.COM/B/DOUBLESIGHT-DISPLAYS/N-5YC1VZFL5
DOUGHMAKERS	DOUGHMAKERS	homedepot.com	HTTPS://WWW.HOMEDEPOT.COM/B/DOUGHMAKERS/N-5YC1VZOJ9
DOUGHMAKERS	DOUGHMAKERS	homedepot.com	HTTPS://WWW.HOMEDEPOT.COM/B/KITCHEN/DOUGHMAKERS/N-5YC1VZAR4IZOJ9
DOUGHMAKERS	DOUGHMAKERS	homedepot.com	HTTPS://WWW.HOMEDEPOT.COM/B/KITCHEN-KITCHENWARE-BAKEWARE/DOUGHMAKERS/N-5YC1VZAR82ZOJ9
DOUGHMAKERS	DOUGHMAKERS	homedepot.com	HTTPS://WWW.HOMEDEPOT.COM/B/KITCHEN-KITCHENWARE-BAKEWARE-BAKING-SHEETS/DOUGHMAKERS/N-5YC1VZC7GAZOJ9
DOUGHMAKERS	DOUGHMAKERS	homedepot.com	HTTPS://WWW.HOMEDEPOT.COM/B/KITCHEN-KITCHENWARE/DOUGHMAKERS/N-5YC1VZAQZOZOJ9
DOWNLITE	DOWNLITE	homedepot.com	HTTPS://WWW.HOMEDEPOT.COM/B/HOME-DECOR-BEDDING-BED-PILLOWS/DOWNLITE/N-5YC1VZC3PVZT4S
DOWNY	DOWNY	homedepot.com	HTTPS://WWW.HOMEDEPOT.COM/B/CLEANING-LAUNDRY-SUPPLIES-FABRIC-SOFTENERS/DOWNY/N-5YC1VZCB3WZ1U3
DOWNY	DOWNY	homedepot.com	HTTPS://WWW.HOMEDEPOT.COM/B/DOWNY/N-5YC1VZ1U3
DRACAENA	DRACAENA	homedepot.com	HTTPS://WWW.HOMEDEPOT.COM/B/OUTDOORS-GARDEN-CENTER-INDOOR-PLANTS/DRACAENA/N-5YC1VZC8RNZ1Z1BQEJ
DRAINADO	DRAINADO	homedepot.com	HTTPS://WWW.HOMEDEPOT.COM/B/GARAGE-SHOP-VACUUMS/DRAINADO/N-5YC1VZC2A7ZR8V
DRAINADO	DRAINADO	homedepot.com	HTTPS://WWW.HOMEDEPOT.COM/B/TOOLS/DRAINADO/N-5YC1VZC1XYZR8V
DRAINADO	DRAINADO	homedepot.com	HTTPS://WWW.HOMEDEPOT.COM/B/APPLIANCES-APPLIANCE-PARTS-VACUUM-PARTS/DRAINADO/N-5YC1VZC359ZR8V
DRAINADO	DRAINADO	homedepot.com	HTTPS://WWW.HOMEDEPOT.COM/B/TOOLS-SHOP-VACUUMS-SHOP-VACUUM-ATTACHMENTS/DRAINADO/N-5YC1VZC2CZZR8V
DRAINSLEEVE	DRAINSLEEVE	homedepot.com	HTTPS://WWW.HOMEDEPOT.COM/B/PLUMBING-DRAINAGE/DRAIN-SLEEVE/PICK-UP-TODAY/N-5YC1VZBV0ZZ1RCZ1Z175A5
DRAINSLEEVE	DRAINSLEEVE	homedepot.com	HTTPS://WWW.HOMEDEPOT.COM/B/PLUMBING-DRAINAGE-DRAIN-SLEEVES/DRAIN-SLEEVE/N-5YC1VZ1Z18I3YZ1RC
DRAINSLEEVE	DRAINSLEEVE	homedepot.com	HTTPS://WWW.HOMEDEPOT.COM/B/PLUMBING-DRAINAGE/DRAIN-SLEEVE/N-5YC1VZBV0ZZ1RC
DRAINSTRAIN	DRAINSTRAIN	homedepot.com	HTTPS://WWW.HOMEDEPOT.COM/B/PLUMBING/DRAIN-STRAIN/N-5YC1VZBQEWZFS7
DRAINSTRAIN	DRAINSTRAIN	homedepot.com	HTTPS://WWW.HOMEDEPOT.COM/B/DRAIN-STRAIN/N-5YC1VZFS7
DRAINSTRAIN	DRAINSTRAIN	homedepot.com	HTTPS://WWW.HOMEDEPOT.COM/B/PLUMBING-PLUMBING-PARTS/DRAIN-STRAIN/N-5YC1VZBQKPZFS7
DRAMM	DRAMM	homedepot.com	HTTPS://WWW.HOMEDEPOT.COM/B/OUTDOORS-GARDEN-CENTER-WATERING-IRRIGATION/DRAMM/N-5YC1VZBX5OZPDC
DRANO	DRANO	homedepot.com	HTTPS://WWW.HOMEDEPOT.COM/B/CLEANING-CLEANING-PRODUCTS-DRAIN-CLEANERS/DRANO/N-5YC1VZBQLJZ3IP
DRANO	DRANO	homedepot.com	HTTPS://WWW.HOMEDEPOT.COM/B/DRANO/N-5YC1VZ3IP
DRAPER	DRAPER	homedepot.com	HTTPS://WWW.HOMEDEPOT.COM/B/FURNITURE-LIVING-ROOM-FURNITURE/DRAPER/N-5YC1VZC7P3Z1Z1ARUB
DREAMAX	DREAMAX	homedepot.com	HTTPS://WWW.HOMEDEPOT.COM/B/DREAMAX/FULL/N-5YC1VZYG5Z1Z0ZACO
DREAMAX	DREAMAX	homedepot.com	HTTPS://WWW.HOMEDEPOT.COM/B/DREAMAX/N-5YC1VZYG5
DREAMBABY	DREAMBABY	homedepot.com	HTTPS://WWW.HOMEDEPOT.COM/B/DREAMBABY/N-5YC1VZAV6
DREAMBABY	DREAMBABY	homedepot.com	HTTPS://WWW.HOMEDEPOT.COM/B/TOOLS-SAFETY-SECURITY/DREAMBABY/N-5YC1VZC1XNZAV6
DREAMBABY	DREAMBABY	homedepot.com	HTTPS://WWW.HOMEDEPOT.COM/B/TOOLS-SAFETY-SECURITY-HOME-SAFETY-CHILD-SAFETY-CHILD-SAFETY-ACCESSORIES/DREAMBABY/N-5YC1VZC24XZAV6
DREAMFOAMBEDDING	DREAMFOAMBEDDING	homedepot.com	HTTPS://WWW.HOMEDEPOT.COM/B/FURNITURE-BEDROOM-FURNITURE-MATTRESSES/DREAMFOAM-BEDDING/N-5YC1VZC7OEZQW7
DREAMLAB	DREAMLAB	homedepot.com	HTTPS://WWW.HOMEDEPOT.COM/B/HOME-DECOR-BEDDING-BED-PILLOWS/DREAMLAB/N-5YC1VZC3PVZTTT
DREAMLAB	DREAMLAB	homedepot.com	HTTPS://WWW.HOMEDEPOT.COM/B/DREAMLAB/1/N-5YC1VZTTTZ1Z0K4JK
DREAMLIFY	DREAMLIFY	homedepot.com	HTTPS://WWW.HOMEDEPOT.COM/B/FURNITURE-HOME-OFFICE-FURNITURE-DESKS-COMPUTER-DESKS/DREAMLIFY/N-5YC1VZ2FKOUVVZV9G
DREAMLIFY	DREAMLIFY	homedepot.com	HTTPS://WWW.HOMEDEPOT.COM/B/FURNITURE-HOME-OFFICE-FURNITURE-DESKS/DREAMLIFY/N-5YC1VZ2FKOU13ZV9G
DREAMLINE	DREAMLINE	homedepot.com	HTTPS://WWW.HOMEDEPOT.COM/B/DREAMLINE/N-5YC1VZBVT
DREAMLINE	DREAMLINE	homedepot.com	HTTPS://WWW.HOMEDEPOT.COM/B/BATH-SHOWERS-SHOWER-DOORS/DREAMLINE/N-5YC1VZBZCGZBVT
DREAMLINE	DREAMLINE	homedepot.com	HTTPS://WWW.HOMEDEPOT.COM/B/BATH-SHOWERS-SHOWER-STALLS-KITS/DREAMLINE/N-5YC1VZBZA7ZBVT
DREAMLINE	DREAMLINE	homedepot.com	HTTPS://WWW.HOMEDEPOT.COM/B/BATH-BATHTUBS/DREAMLINE/N-5YC1VZBZB7ZBVT
DREAMONME	DREAMONME	homedepot.com	HTTPS://WWW.HOMEDEPOT.COM/B/BABY-KIDS-NURSERY-NURSERY-BABY-FURNITURE-CRIBS/DREAM-ON-ME/N-5YC1VZCEVYZMPL
DREAMONME	DREAMONME	homedepot.com	HTTPS://WWW.HOMEDEPOT.COM/B/DREAM-ON-ME/N-5YC1VZMPL
DREAMONME	DREAMONME	homedepot.com	HTTPS://WWW.HOMEDEPOT.COM/B/BABY-KIDS-NURSERY-NURSERY-BABY-FURNITURE/DREAM-ON-ME/N-5YC1VZCEVPZMPL
DREAMPATIO	DREAMPATIO	homedepot.com	HTTPS://WWW.HOMEDEPOT.COM/B/DREAM-PATIO/N-5YC1VZVML
DREAMPATIO	DREAMPATIO	homedepot.com	HTTPS://WWW.HOMEDEPOT.COM/B/OUTDOORS-GARDEN-CENTER-PLANTERS/DREAM-PATIO/N-5YC1VZBX81ZR7K
DREAMPATIO	DREAMPATIO	homedepot.com	HTTPS://WWW.HOMEDEPOT.COM/B/OUTDOORS-GARDEN-CENTER-PLANTERS-PLANT-POTS/DREAM-PATIO/N-5YC1VZBX87ZR7K
DREAMPATIO	DREAMPATIO	homedepot.com	HTTPS://WWW.HOMEDEPOT.COM/B/OUTDOORS-PATIO-FURNITURE-PATIO-CHAIRS-OUTDOOR-DINING-CHAIRS/DREAM-PATIO/N-5YC1VZCCGTZR7K
DREAMSMART	DREAMSMART	homedepot.com	HTTPS://WWW.HOMEDEPOT.COM/B/DREAMSMART/N-5YC1VZP45Z1Z1BQOK
DREAMSPA	DREAMSPA	homedepot.com	HTTPS://WWW.HOMEDEPOT.COM/B/DREAM-SPA/N-5YC1VZGS2
DREAMSPA	DREAMSPA	homedepot.com	HTTPS://WWW.HOMEDEPOT.COM/B/BATH-BATHROOM-FAUCETS-SHOWER-HEADS/DREAM-SPA/N-5YC1VZCJOCZGS2
DREAMSPA	DREAMSPA	homedepot.com	HTTPS://WWW.HOMEDEPOT.COM/B/DREAM-SPA/MASSAGE/N-5YC1VZGS2Z1Z0URVW
DREAMWERKS	DREAMWERKS	homedepot.com	HTTPS://WWW.HOMEDEPOT.COM/B/BATH-SHOWERS-SHOWER-STALLS-KITS/DREAMWERKS/N-5YC1VZBZA7ZC13
DREAMWERKS	DREAMWERKS	homedepot.com	HTTPS://WWW.HOMEDEPOT.COM/B/BATH/DREAMWERKS/N-5YC1VZBZB3ZC13
DREAMWERKS	DREAMWERKS	homedepot.com	HTTPS://WWW.HOMEDEPOT.COM/B/BATH-BATHROOM-VANITIES/DREAMWERKS/N-5YC1VZCFV3ZC13
DREAMWERKS	DREAMWERKS	homedepot.com	HTTPS://WWW.HOMEDEPOT.COM/B/BATH-BATHROOM-VANITIES-BATHROOM-VANITIES-WITH-TOPS/DREAMWERKS/N-5YC1VZCFW5ZC13
DREAMWERKS	DREAMWERKS	homedepot.com	HTTPS://WWW.HOMEDEPOT.COM/B/BATH-SHOWERS-SHOWER-DOORS/DREAMWERKS/N-5YC1VZBZCGZC13
DREARTH	DREARTH	homedepot.com	HTTPS://WWW.HOMEDEPOT.COM/B/OUTDOORS-GARDEN-CENTER-PLANT-CARE-PLANT-FOOD-FERTILIZER/DR-EARTH/N-5YC1VZC8QZZEPB
DREARTH	DREARTH	homedepot.com	HTTPS://WWW.HOMEDEPOT.COM/B/DR-EARTH/N-5YC1VZEPB
DREMEL	DREMEL	homedepot.com	HTTPS://WWW.HOMEDEPOT.COM/B/TOOLS-POWER-TOOLS-POWER-MULTI-TOOLS-ROTARY-TOOLS/DREMEL/N-5YC1VZC2FPZGR
DREMEL	DREMEL	homedepot.com	HTTPS://WWW.HOMEDEPOT.COM/B/DREMEL/N-5YC1VZGR
DREMEL	DREMEL	homedepot.com	HTTPS://WWW.HOMEDEPOT.COM/B/TOOLS-POWER-TOOLS/DREMEL/N-5YC1VZC298ZGR
DREO	DREO	homedepot.com	HTTPS://WWW.HOMEDEPOT.COM/B/HEATING-VENTING-COOLING-FANS/DREO/N-5YC1VZC4LWZZCI
DREO	DREO	homedepot.com	HTTPS://WWW.HOMEDEPOT.COM/B/DREO/N-5YC1VZZCI
DRICORE	DRICORE	homedepot.com	HTTPS://WWW.HOMEDEPOT.COM/B/DRICORE/N-5YC1VZMNQ
DRIFTSUN	DRIFTSUN	homedepot.com	HTTPS://WWW.HOMEDEPOT.COM/B/SPORTS-OUTDOORS-BOATING-BOATS/DRIFTSUN/N-5YC1VZC42BZT98
DRIFTSUN	DRIFTSUN	homedepot.com	HTTPS://WWW.HOMEDEPOT.COM/B/SPORTS-OUTDOORS-BOATING/DRIFTSUN/N-5YC1VZC45NZT98
DRILLAMERICA	DRILLAMERICA	homedepot.com	HTTPS://WWW.HOMEDEPOT.COM/B/TOOLS-POWER-TOOL-ACCESSORIES-DRILL-BITS/DRILL-AMERICA/N-5YC1VZC248ZLZR
DRILLAMERICA	DRILLAMERICA	homedepot.com	HTTPS://WWW.HOMEDEPOT.COM/B/DRILL-AMERICA/N-5YC1VZLZR
DRILLAMERICA	DRILLAMERICA	homedepot.com	HTTPS://WWW.HOMEDEPOT.COM/B/TOOLS/DRILL-AMERICA/N-5YC1VZC1XYZLZR
DRINKMATE	DRINKMATE	homedepot.com	HTTPS://WWW.HOMEDEPOT.COM/B/APPLIANCES/DRINKMATE/N-5YC1VZBV1WZHA8
DRINKMATE	DRINKMATE	homedepot.com	HTTPS://WWW.HOMEDEPOT.COM/B/DRINKMATE/N-5YC1VZHA8
DRINKPOD	DRINKPOD	homedepot.com	HTTPS://WWW.HOMEDEPOT.COM/B/DRINKPOD/N-5YC1VZRL2
DRINKPOD	DRINKPOD	homedepot.com	HTTPS://WWW.HOMEDEPOT.COM/B/KITCHEN-WATER-DISPENSERS-PITCHERS-WATER-DISPENSERS/DRINKPOD/N-5YC1VZCDADZRL2
DRINKPODUSA	DRINKPODUSA	homedepot.com	HTTPS://WWW.HOMEDEPOT.COM/B/DRINKPOD-USA/N-5YC1VZF2T
DRINKPODUSA	DRINKPODUSA	homedepot.com	HTTPS://WWW.HOMEDEPOT.COM/B/KITCHEN-WATER-DISPENSERS-PITCHERS-WATER-DISPENSERS/DRINKPOD-USA/N-5YC1VZCDADZF2T
DRIPLESS	DRIPLESS	homedepot.com	HTTPS://WWW.HOMEDEPOT.COM/B/PAINT-PAINT-SUPPLIES-CAULK-SEALANTS/DRIPLESS/N-5YC1VZC5BPZ1Z232TU
DRIPLESS	DRIPLESS	homedepot.com	HTTPS://WWW.HOMEDEPOT.COM/B/DRIPLESS/N-5YC1VZC7K
DRIPLESS	DRIPLESS	homedepot.com	HTTPS://WWW.HOMEDEPOT.COM/B/HOME-DECOR-CANDLES/DRIPLESS/N-5YC1VZCI03Z1Z1BO3W
DRIVEMEDICAL	DRIVEMEDICAL	homedepot.com	HTTPS://WWW.HOMEDEPOT.COM/B/HEALTH-AND-WELLNESS-MEDICAL-SUPPLIES/DRIVE-MEDICAL/N-5YC1VZCFVLZA6D
DRIVEMEDICAL	DRIVEMEDICAL	homedepot.com	HTTPS://WWW.HOMEDEPOT.COM/B/DRIVE-MEDICAL/N-5YC1VZA6D
DROLET	DROLET	homedepot.com	HTTPS://WWW.HOMEDEPOT.COM/B/DROLET/N-5YC1VZGZO
DROLET	DROLET	homedepot.com	HTTPS://WWW.HOMEDEPOT.COM/B/HEATING-VENTING-COOLING-FIREPLACES-FREESTANDING-STOVES-WOOD-STOVES/DROLET/N-5YC1VZC4LSZGZO
DROLET	DROLET	homedepot.com	HTTPS://WWW.HOMEDEPOT.COM/B/HEATING-VENTING-COOLING-FIREPLACES-FIREPLACE-ACCESSORIES-CHIMNEY-PIPE/DROLET/N-5YC1VZCC2ZZGZO
DROLLYANKEES	DROLLYANKEES	homedepot.com	HTTPS://WWW.HOMEDEPOT.COM/B/DROLL-YANKEES/N-5YC1VZBCJ
DRPLANZEN	DRPLANZEN	homedepot.com	HTTPS://WWW.HOMEDEPOT.COM/B/HOME-DECOR-ARTIFICIAL-PLANTS/DRPLANZEN/N-5YC1VZBPDGZZAX
DRPLANZEN	DRPLANZEN	homedepot.com	HTTPS://WWW.HOMEDEPOT.COM/B/HOME-DECOR-ARTIFICIAL-PLANTS-ARTIFICIAL-TREES/DRPLANZEN/N-5YC1VZ2FKP3GYZZAX
DRPLANZEN	DRPLANZEN	homedepot.com	HTTPS://WWW.HOMEDEPOT.COM/B/DRPLANZEN/N-5YC1VZZAX
DRTALBOTS	DRTALBOTS	homedepot.com	HTTPS://WWW.HOMEDEPOT.COM/B/HEALTH-AND-WELLNESS/DR-TALBOTS/N-5YC1VZC8KLZSFY
DRYCONN	DRYCONN	homedepot.com	HTTPS://WWW.HOMEDEPOT.COM/B/ELECTRICAL-ELECTRICAL-TOOLS-WIRE-CONDUIT-TOOLS-WIRE-CONNECTORS-WIRE-TERMINALS/DRYCONN/N-5YC1VZBMCOZ8RP
DRYCONN	DRYCONN	homedepot.com	HTTPS://WWW.HOMEDEPOT.COM/B/DRYCONN/N-5YC1VZ8RP
DRYCONN	DRYCONN	homedepot.com	HTTPS://WWW.HOMEDEPOT.COM/B/DRYCONN/10/N-5YC1VZ8RPZ1Z141GS
DRYERBOX	DRYERBOX	homedepot.com	HTTPS://WWW.HOMEDEPOT.COM/B/DRYERBOX/N-5YC1VZS64
DRYERMAX	DRYERMAX	homedepot.com	HTTPS://WWW.HOMEDEPOT.COM/B/DRYER-MAX/N-5YC1VZRGT
DRYERMAX	DRYERMAX	homedepot.com	HTTPS://WWW.HOMEDEPOT.COM/B/APPLIANCES/DRYER-MAX/N-5YC1VZBV1WZRGT
DRYERS	DRYERS	homedepot.com	HTTPS://WWW.HOMEDEPOT.COM/B/APPLIANCES-WASHERS-DRYERS-DRYERS/N-5YC1VZC3P3
DRYLOK	DRYLOK	homedepot.com	HTTPS://WWW.HOMEDEPOT.COM/B/DRYLOK/N-5YC1VZ5EY
DRYLOK	DRYLOK	homedepot.com	HTTPS://WWW.HOMEDEPOT.COM/B/PAINT/DRYLOK/N-5YC1VZAR2DZ5EY
DRYLOK	DRYLOK	homedepot.com	HTTPS://WWW.HOMEDEPOT.COM/B/PAINT-CONCRETE-COATINGS-CONCRETE-SEALERS/DRYLOK/N-5YC1VZCJ9BZ5EY
DRYMATE	DRYMATE	homedepot.com	HTTPS://WWW.HOMEDEPOT.COM/B/DRYMATE/N-5YC1VZHF1
DRYPACKS	DRYPACKS	homedepot.com	HTTPS://WWW.HOMEDEPOT.COM/B/DRY-PACKS/N-5YC1VZHQF
DSILIGHTING	DSILIGHTING	homedepot.com	HTTPS://WWW.HOMEDEPOT.COM/B/DSI-LIGHTING/N-5YC1VZTOR
DSILIGHTING	DSILIGHTING	homedepot.com	HTTPS://WWW.HOMEDEPOT.COM/B/LIGHTING/DSI-LIGHTING/N-5YC1VZBVN5ZTOR
DSILIGHTING	DSILIGHTING	homedepot.com	HTTPS://WWW.HOMEDEPOT.COM/B/LIGHTING-CHANDELIERS/DSI-LIGHTING/N-5YC1VZC7O0ZTOR
DSILIGHTING	DSILIGHTING	homedepot.com	HTTPS://WWW.HOMEDEPOT.COM/B/LIGHTING-PENDANT-LIGHTS/DSI-LIGHTING/N-5YC1VZC7NUZTOR
DSILIGHTING	DSILIGHTING	homedepot.com	HTTPS://WWW.HOMEDEPOT.COM/B/LIGHTING-LAMPS/DSI-LIGHTING/N-5YC1VZC7PDZM98
DSILIGHTING	DSILIGHTING	homedepot.com	HTTPS://WWW.HOMEDEPOT.COM/B/LIGHTING-VANITY-LIGHTING/DSI-LIGHTING/N-5YC1VZC7PRZTOR
DSILIGHTING	DSILIGHTING	homedepot.com	HTTPS://WWW.HOMEDEPOT.COM/B/LIGHTING-FLUSH-MOUNT-CEILING-LIGHTS/DSI-LIGHTING/N-5YC1VZC7NKZTOR
DSILIGHTING	DSILIGHTING	homedepot.com	HTTPS://WWW.HOMEDEPOT.COM/B/DSI-LIGHTING/ELECTRICAL-HARDWARE/N-5YC1VZM98Z1Z184AF
DSILIGHTING	DSILIGHTING	homedepot.com	HTTPS://WWW.HOMEDEPOT.COM/B/DSI-LIGHTING/INTEGRATED-LED/N-5YC1VZM98Z1Z1ACTJ
DUALIT	DUALIT	homedepot.com	HTTPS://WWW.HOMEDEPOT.COM/B/DUALIT/N-5YC1VZ993
DUALIT	DUALIT	homedepot.com	HTTPS://WWW.HOMEDEPOT.COM/B/APPLIANCES-SMALL-KITCHEN-APPLIANCES-TOASTERS/DUALIT/N-5YC1VZCFASZ993
DUALLITE	DUALLITE	homedepot.com	HTTPS://WWW.HOMEDEPOT.COM/B/LIGHTING-COMMERCIAL-LIGHTING-EMERGENCY-EXIT-LIGHTS/DUAL-LITE/N-5YC1VZC9GVZF32
DUALLITE	DUALLITE	homedepot.com	HTTPS://WWW.HOMEDEPOT.COM/B/LIGHTING/DUAL-LITE/N-5YC1VZBVN5Z1Z1PDIN
DUALUX	DUALUX	homedepot.com	HTTPS://WWW.HOMEDEPOT.COM/B/LIGHTING/DUALUX/N-5YC1VZBVN5ZYFT
DUALUX	DUALUX	homedepot.com	HTTPS://WWW.HOMEDEPOT.COM/B/LIGHTING-OUTDOOR-LIGHTING/DUALUX/N-5YC1VZC7QVZYFT
DUALUX	DUALUX	homedepot.com	HTTPS://WWW.HOMEDEPOT.COM/B/LIGHTING-OUTDOOR-LIGHTING-OUTDOOR-WALL-LIGHTING/DUALUX/N-5YC1VZC7QQZYFT
DUALUX	DUALUX	homedepot.com	HTTPS://WWW.HOMEDEPOT.COM/B/LIGHTING-OUTDOOR-LIGHTING-SECURITY-LIGHTS-FLOODLIGHTS/DUALUX/N-5YC1VZCDQGZYFT
DUALUX	DUALUX	homedepot.com	HTTPS://WWW.HOMEDEPOT.COM/B/LIGHTING-OUTDOOR-LIGHTING-OUTDOOR-WALL-LIGHTING-OUTDOOR-SCONCES/DUALUX/N-5YC1VZCDPUZ1Z1Z6QN
DUCKCOVERS	DUCKCOVERS	homedepot.com	HTTPS://WWW.HOMEDEPOT.COM/B/OUTDOORS-PATIO-FURNITURE-PATIO-FURNITURE-COVERS/DUCK-COVERS/N-5YC1VZBXBQZB1Q
DUCKCOVERS	DUCKCOVERS	homedepot.com	HTTPS://WWW.HOMEDEPOT.COM/B/DUCK-COVERS/N-5YC1VZB1Q
DUCKCOVERS	DUCKCOVERS	homedepot.com	HTTPS://WWW.HOMEDEPOT.COM/B/OUTDOORS-PATIO-FURNITURE-PATIO-FURNITURE-COVERS/DUCK-COVERS/WATERPROOF/N-5YC1VZBXBQZB1QZ1Z0QYW8
DUCKRIVER	DUCKRIVER	homedepot.com	HTTPS://WWW.HOMEDEPOT.COM/B/DUCK-RIVER/FULL/N-5YC1VZGN0Z1Z0ZACO
DUCKRIVER	DUCKRIVER	homedepot.com	HTTPS://WWW.HOMEDEPOT.COM/B/DUCK-RIVER/MULTI-COLORED/N-5YC1VZGN0Z1Z17KC7
DUCKRIVERTEXTILE	DUCKRIVERTEXTILE	homedepot.com	HTTPS://WWW.HOMEDEPOT.COM/B/WINDOW-TREATMENTS-CURTAINS-DRAPES/DUCK-RIVER-TEXTILE/N-5YC1VZARFWZPJB
DUCKRIVERTEXTILE	DUCKRIVERTEXTILE	homedepot.com	HTTPS://WWW.HOMEDEPOT.COM/B/DUCK-RIVER-TEXTILE/NAVY/N-5YC1VZPJBZ1Z13HPS
DUCKRIVERTEXTILE	DUCKRIVERTEXTILE	homedepot.com	HTTPS://WWW.HOMEDEPOT.COM/B/WINDOW-TREATMENTS-CURTAINS-DRAPES/DUCK-RIVER-TEXTILE/WHITE/N-5YC1VZARFWZPJBZ1Z19X7M
DUCKRIVERTEXTILE	DUCKRIVERTEXTILE	homedepot.com	HTTPS://WWW.HOMEDEPOT.COM/B/BATH-SHOWER-ACCESSORIES-SHOWER-CURTAINS/DUCK-RIVER-TEXTILE/N-5YC1VZCFV5ZQ82
DUCKRIVERTEXTILE	DUCKRIVERTEXTILE	homedepot.com	HTTPS://WWW.HOMEDEPOT.COM/B/DUCK-RIVER-TEXTILE/POLYESTER/N-5YC1VZPJBZ1Z0VIE5
DUCTLESSAIRE	DUCTLESSAIRE	homedepot.com	HTTPS://WWW.HOMEDEPOT.COM/B/DUCTLESSAIRE/N-5YC1VZES2
DUCTLESSAIRE	DUCTLESSAIRE	homedepot.com	HTTPS://WWW.HOMEDEPOT.COM/B/HEATING-VENTING-COOLING-MINI-SPLIT-AIR-CONDITIONERS/DUCTLESSAIRE/N-5YC1VZC4M1ZES2
DUCTTAPE	DUCTTAPE	homedepot.com	HTTPS://WWW.HOMEDEPOT.COM/B/PAINT-PAINT-SUPPLIES-TAPE-DUCT-TAPE/N-5YC1VZCIC2
DUKAP	DUKAP	homedepot.com	HTTPS://WWW.HOMEDEPOT.COM/B/HOME-DECOR-LUGGAGE-SUITCASES/DUKAP/N-5YC1VZCBVSZNSL
DULUTHFORGE	DULUTHFORGE	homedepot.com	HTTPS://WWW.HOMEDEPOT.COM/B/DULUTH-FORGE/N-5YC1VZO5I
DULUTHFORGE	DULUTHFORGE	homedepot.com	HTTPS://WWW.HOMEDEPOT.COM/B/HEATING-VENTING-COOLING-FIREPLACES-GAS-FIREPLACES/DULUTH-FORGE/N-5YC1VZC4LDZO5I
DULUTHFORGE	DULUTHFORGE	homedepot.com	HTTPS://WWW.HOMEDEPOT.COM/B/HEATING-VENTING-COOLING-FIREPLACES/DULUTH-FORGE/N-5YC1VZC4LBZO5I
DUMAWALL	DUMAWALL	homedepot.com	HTTPS://WWW.HOMEDEPOT.COM/B/FLOORING-TILE/DUMAWALL/N-5YC1VZAR0YZLQM
DUMAWALL	DUMAWALL	homedepot.com	HTTPS://WWW.HOMEDEPOT.COM/B/FLOORING-TILE-TILE-BACKSPLASHES/DUMAWALL/N-5YC1VZBCSZZLQM
DUMBBELLS	DUMBBELLS	homedepot.com	HTTPS://WWW.HOMEDEPOT.COM/B/EXERCISE-EQUIPMENT-WEIGHT-LIFTING-EQUIPMENT-DUMBBELLS/N-5YC1VZCERU
DUMPCART	DUMPCART	homedepot.com	HTTPS://WWW.HOMEDEPOT.COM/B/OUTDOORS-GARDEN-CENTER-GARDEN-TOOLS/DUMP-CART/N-5YC1VZBX6XZ1Z1PLP5
DUNDASJAFINE	DUNDASJAFINE	homedepot.com	HTTPS://WWW.HOMEDEPOT.COM/B/DUNDAS-JAFINE/N-5YC1VZ5Z9
DUNDEEDECO	DUNDEEDECO	homedepot.com	HTTPS://WWW.HOMEDEPOT.COM/B/BUILDING-MATERIALS-MOULDING-MILLWORK-WALL-PANELING-DECORATIVE-WALL-PANELING/DUNDEE-DECO/N-5YC1VZBQPJZQFE
DUNDEEDECO	DUNDEEDECO	homedepot.com	HTTPS://WWW.HOMEDEPOT.COM/B/BUILDING-MATERIALS-MOULDING-MILLWORK-WALL-PANELING/DUNDEE-DECO/N-5YC1VZBQP3ZQFE
DUNDEEDECO	DUNDEEDECO	homedepot.com	HTTPS://WWW.HOMEDEPOT.COM/B/DUNDEE-DECO/N-5YC1VZQFE
DUNDEEDECO	DUNDEEDECO	homedepot.com	HTTPS://WWW.HOMEDEPOT.COM/B/DUNDEE-DECO/COMMERCIAL/N-5YC1VZQFEZ1Z1BVVN
DUNWELL	DUNWELL	homedepot.com	HTTPS://WWW.HOMEDEPOT.COM/B/DUNWELL/N-5YC1VZRXE
DUOFAST	DUOFAST	homedepot.com	HTTPS://WWW.HOMEDEPOT.COM/B/DUO-FAST/N-5YC1VZ74T
DUOFAST	DUOFAST	homedepot.com	HTTPS://WWW.HOMEDEPOT.COM/B/HARDWARE-FASTENERS/DUO-FAST/N-5YC1VZC255Z74T
DUOFAST	DUOFAST	homedepot.com	HTTPS://WWW.HOMEDEPOT.COM/B/TOOLS-POWER-TOOLS-NAIL-GUNS/DUO-FAST/N-5YC1VZC2CDZ74T
DUOFAST	DUOFAST	homedepot.com	HTTPS://WWW.HOMEDEPOT.COM/B/TOOLS-HAND-TOOLS-FASTENING-TOOLS-STAPLERS-STAPLES-STAPLES/DUO-FAST/N-5YC1VZC23XZ74T
DUOFAST	DUOFAST	homedepot.com	HTTPS://WWW.HOMEDEPOT.COM/B/TOOLS-HAND-TOOLS-FASTENING-TOOLS-STAPLERS-STAPLES/DUO-FAST/N-5YC1VZC23KZ74T
DUOP	DUOP	homedepot.com	HTTPS://WWW.HOMEDEPOT.COM/B/CLEANING-CLEANING-TOOLS/DUOP/N-5YC1VZCB51ZPQ1
DUOP	DUOP	homedepot.com	HTTPS://WWW.HOMEDEPOT.COM/B/CLEANING-CLEANING-TOOLS-MOPS/DUOP/N-5YC1VZCB4KZPQ1
DUOP	DUOP	homedepot.com	HTTPS://WWW.HOMEDEPOT.COM/B/CLEANING-CLEANING-TOOLS-MOPS-MOP-ACCESSORIES-MOP-HOLDERS/DUOP/N-5YC1VZCH2OZPVU
DUPRAY	DUPRAY	homedepot.com	HTTPS://WWW.HOMEDEPOT.COM/B/DUPRAY/N-5YC1VZR80
DURABILT	DURABILT	homedepot.com	HTTPS://WWW.HOMEDEPOT.COM/B/DURABILT/N-5YC1VZGBU
DURABILT	DURABILT	homedepot.com	HTTPS://WWW.HOMEDEPOT.COM/B/STORAGE-ORGANIZATION-STORAGE-CONTAINERS/DURABILT/N-5YC1VZCFZIZGBU
DURABILT	DURABILT	homedepot.com	HTTPS://WWW.HOMEDEPOT.COM/B/STORAGE-ORGANIZATION-STORAGE-CONTAINERS-STORAGE-BINS/DURABILT/N-5YC1VZCL3ZZGBU
DURABOARD	DURABOARD	homedepot.com	HTTPS://WWW.HOMEDEPOT.COM/B/DURABOARD/N-5YC1VZFS9
DURABOARD	DURABOARD	homedepot.com	HTTPS://WWW.HOMEDEPOT.COM/B/STORAGE-ORGANIZATION/DURABOARD/N-5YC1VZAS7EZFS9
DURACELL	DURACELL	homedepot.com	HTTPS://WWW.HOMEDEPOT.COM/B/ELECTRICAL-BATTERIES/DURACELL/N-5YC1VZC28MZ3IC
DURADECOR	DURADECOR	homedepot.com	HTTPS://WWW.HOMEDEPOT.COM/B/DURADECOR/N-5YC1VZQ6O
DURADECOR	DURADECOR	homedepot.com	HTTPS://WWW.HOMEDEPOT.COM/B/FLOORING-VINYL-FLOORING-VINYL-PLANK-FLOORING/DURADECOR/N-5YC1VZBZJZZQ6O
DURADECOR	DURADECOR	homedepot.com	HTTPS://WWW.HOMEDEPOT.COM/B/FLOORING-VINYL-FLOORING/DURADECOR/N-5YC1VZAPWRZQ6O
DURADECOR	DURADECOR	homedepot.com	HTTPS://WWW.HOMEDEPOT.COM/B/DURADECOR/FITMENT/N-5YC1VZQ6OZ1Z18GK5?NAO=84
DURADECOR	DURADECOR	homedepot.com	HTTPS://WWW.HOMEDEPOT.COM/B/FLOORING/DURADECOR/WATERPROOF/N-5YC1VZAQ7RZQ6OZ1Z1BMDP
DURADECOR	DURADECOR	homedepot.com	HTTPS://WWW.HOMEDEPOT.COM/B/DURADECOR/VINYL-FLOORING-SAMPLE/N-5YC1VZQ6OZ1Z0W3BF
DURAFAUCET	DURAFAUCET	homedepot.com	HTTPS://WWW.HOMEDEPOT.COM/B/BATH-BATHROOM-FAUCETS/DURA-FAUCET/N-5YC1VZBREOZMXE
DURAFAUCET	DURAFAUCET	homedepot.com	HTTPS://WWW.HOMEDEPOT.COM/B/KITCHEN-KITCHEN-FAUCETS/DURA-FAUCET/N-5YC1VZAR0KZMXE
DURAFAUCET	DURAFAUCET	homedepot.com	HTTPS://WWW.HOMEDEPOT.COM/B/KITCHEN-KITCHEN-FAUCETS-PULL-DOWN-KITCHEN-FAUCETS/DURA-FAUCET/N-5YC1VZBDFWZMXE
DURAFLAME	DURAFLAME	homedepot.com	HTTPS://WWW.HOMEDEPOT.COM/B/DURAFLAME/N-5YC1VZ8EM
DURAHEAT	DURAHEAT	homedepot.com	HTTPS://WWW.HOMEDEPOT.COM/B/DURAHEAT/N-5YC1VZH0
DURAHEAT	DURAHEAT	homedepot.com	HTTPS://WWW.HOMEDEPOT.COM/B/HEATING-VENTING-COOLING-HEATERS-SPACE-HEATERS/DURAHEAT/N-5YC1VZC4LHZH0
DURAHEAT	DURAHEAT	homedepot.com	HTTPS://WWW.HOMEDEPOT.COM/B/HEATING-VENTING-COOLING-HEATERS-SPACE-HEATERS-ELECTRIC-HEATERS/DURAHEAT/N-5YC1VZC4LOZH0
DURAHEAT	DURAHEAT	homedepot.com	HTTPS://WWW.HOMEDEPOT.COM/B/HEATING-VENTING-COOLING-HEATERS/DURAHEAT/N-5YC1VZC4L7ZH0
DURAHEAT	DURAHEAT	homedepot.com	HTTPS://WWW.HOMEDEPOT.COM/B/HEATING-VENTING-COOLING-HEATERS-SPACE-HEATERS-GAS-HEATERS-KEROSENE-HEATERS/DURAHEAT/N-5YC1VZC4K7ZH0
DURAL	DURAL	homedepot.com	HTTPS://WWW.HOMEDEPOT.COM/B/DURAL/N-5YC1VZS8G
DURAL	DURAL	homedepot.com	HTTPS://WWW.HOMEDEPOT.COM/B/FLOORING-FLOORING-SUPPLIES/DURAL/N-5YC1VZCDU0ZS8G
DURALIFT	DURALIFT	homedepot.com	HTTPS://WWW.HOMEDEPOT.COM/B/DURA-LIFT/N-5YC1VZHFJ
DURALIFT	DURALIFT	homedepot.com	HTTPS://WWW.HOMEDEPOT.COM/B/DOORS-WINDOWS-GARAGE-DOORS-AND-PARTS-GARAGE-DOOR-PARTS/DURA-LIFT/N-5YC1VZBDOFZHFJ
DURALIFT	DURALIFT	homedepot.com	HTTPS://WWW.HOMEDEPOT.COM/B/DOORS-WINDOWS-GARAGE-DOORS-AND-PARTS-GARAGE-DOOR-SPRINGS/DURA-LIFT/N-5YC1VZBNQTZHFJ
DURAMAXBUILDINGPRODUCTS	DURAMAXBUILDINGPRODUCTS	homedepot.com	HTTPS://WWW.HOMEDEPOT.COM/B/DURAMAX-BUILDING-PRODUCTS/N-5YC1VZ487
DURAMAXBUILDINGPRODUCTS	DURAMAXBUILDINGPRODUCTS	homedepot.com	HTTPS://WWW.HOMEDEPOT.COM/B/STORAGE-ORGANIZATION-OUTDOOR-STORAGE-SHEDS-PLASTIC-SHEDS/DURAMAX-BUILDING-PRODUCTS/N-5YC1VZBU8ZZ487
DURAMAXBUILDINGPRODUCTS	DURAMAXBUILDINGPRODUCTS	homedepot.com	HTTPS://WWW.HOMEDEPOT.COM/B/STORAGE-ORGANIZATION-OUTDOOR-STORAGE-SHEDS/DURAMAX-BUILDING-PRODUCTS/N-5YC1VZBTZ2Z487
DURAMAXBUILDINGPRODUCTS	DURAMAXBUILDINGPRODUCTS	homedepot.com	HTTPS://WWW.HOMEDEPOT.COM/B/STORAGE-ORGANIZATION-SHEDS-GARAGES-OUTDOOR-STORAGE/DURAMAX-BUILDING-PRODUCTS/N-5YC1VZBSTEZ487
DURAMAXBUILDINGPRODUCTS	DURAMAXBUILDINGPRODUCTS	homedepot.com	HTTPS://WWW.HOMEDEPOT.COM/B/STORAGE-ORGANIZATION-OUTDOOR-STORAGE-CAR-STORAGE-GARAGES/DURAMAX-BUILDING-PRODUCTS/N-5YC1VZBTYOZ487
DURAMAXBUILDINGPRODUCTS	DURAMAXBUILDINGPRODUCTS	homedepot.com	HTTPS://WWW.HOMEDEPOT.COM/B/STORAGE-ORGANIZATION/DURAMAX-BUILDING-PRODUCTS/N-5YC1VZAS7EZ487
DURAPAD	DURAPAD	homedepot.com	HTTPS://WWW.HOMEDEPOT.COM/B/FLOORING-RUGS-RUG-PADS/DURAPAD/N-5YC1VZB8E0Z1Z1TV55
DURASACK	DURASACK	homedepot.com	HTTPS://WWW.HOMEDEPOT.COM/B/DURASACK/N-5YC1VZVK4
DURASTALL	DURASTALL	homedepot.com	HTTPS://WWW.HOMEDEPOT.COM/B/BATH-SHOWERS-SHOWER-STALLS-KITS/DURASTALL/N-5YC1VZBZA7Z9NP
DURASTALL	DURASTALL	homedepot.com	HTTPS://WWW.HOMEDEPOT.COM/B/DURASTALL/N-5YC1VZ9NP
DURASTALL	DURASTALL	homedepot.com	HTTPS://WWW.HOMEDEPOT.COM/B/BATH/DURASTALL/N-5YC1VZBZB3Z9NP
DURASTAR	DURASTAR	homedepot.com	HTTPS://WWW.HOMEDEPOT.COM/B/HEATING-VENTING-COOLING-AIR-CONDITIONERS/DURASTAR/N-5YC1VZC4MEZ104P
DURATECH	DURATECH	homedepot.com	HTTPS://WWW.HOMEDEPOT.COM/B/TOOLS-HAND-TOOLS/DURATECH/N-5YC1VZC1ZGZDWD
DURATECH	DURATECH	homedepot.com	HTTPS://WWW.HOMEDEPOT.COM/B/TOOLS-HAND-TOOLS-KNIVES-BLADES/DURATECH/N-5YC1VZC21PZDWD
DURATREL	DURATREL	homedepot.com	HTTPS://WWW.HOMEDEPOT.COM/B/OUTDOORS-GARDEN-CENTER-OUTDOOR-DECOR-TRELLISES/DURA-TREL/N-5YC1VZC6NXZEKU
DURAVENT	DURAVENT	homedepot.com	HTTPS://WWW.HOMEDEPOT.COM/B/DURAVENT/N-5YC1VZ8II
DURAVENT	DURAVENT	homedepot.com	HTTPS://WWW.HOMEDEPOT.COM/B/HEATING-VENTING-COOLING-FIREPLACES-FIREPLACE-ACCESSORIES-CHIMNEY-PIPE/DURAVENT/N-5YC1VZCC2ZZ8II
DURAVENT	DURAVENT	homedepot.com	HTTPS://WWW.HOMEDEPOT.COM/B/HEATING-VENTING-COOLING/DURAVENT/N-5YC1VZC4K8Z8II
DURAVIT	DURAVIT	homedepot.com	HTTPS://WWW.HOMEDEPOT.COM/B/BATH-TOILETS/DURAVIT/N-5YC1VZBZBDZIDQ
DURAVIT	DURAVIT	homedepot.com	HTTPS://WWW.HOMEDEPOT.COM/B/DURAVIT/N-5YC1VZIDQ
DURAVIT	DURAVIT	homedepot.com	HTTPS://WWW.HOMEDEPOT.COM/B/BATH-BATHROOM-FAUCETS-BATHROOM-SINK-FAUCETS/DURAVIT/N-5YC1VZC8D3ZIDQ
DURAWALL	DURAWALL	homedepot.com	HTTPS://WWW.HOMEDEPOT.COM/B/BATH-SHOWERS-SHOWER-WALLS-SURROUNDS/DURAWALL/N-5YC1VZBZBSZ1Z1RHAO
DURAWEATHERPOLY	DURAWEATHERPOLY	homedepot.com	HTTPS://WWW.HOMEDEPOT.COM/B/DURAWEATHER-POLY/N-5YC1VZZG0
DURAWEATHERPOLY	DURAWEATHERPOLY	homedepot.com	HTTPS://WWW.HOMEDEPOT.COM/B/OUTDOORS-PATIO-FURNITURE/DURAWEATHER-POLY/N-5YC1VZBX4OZZG0
DURAWEATHERPOLY	DURAWEATHERPOLY	homedepot.com	HTTPS://WWW.HOMEDEPOT.COM/B/OUTDOORS-PATIO-FURNITURE-PATIO-CHAIRS-ADIRONDACK-CHAIRS/DURAWEATHER-POLY/N-5YC1VZCCGZZZG0
DURAWEATHERPOLY	DURAWEATHERPOLY	homedepot.com	HTTPS://WWW.HOMEDEPOT.COM/B/OUTDOORS-PATIO-FURNITURE-PATIO-CHAIRS/DURAWEATHER-POLY/N-5YC1VZC1XKZZG0
DURAWEATHERPOLY	DURAWEATHERPOLY	homedepot.com	HTTPS://WWW.HOMEDEPOT.COM/B/DURAWEATHER-POLY/BLUE/N-5YC1VZZG0Z1Z0RRRD
DURGOL	DURGOL	homedepot.com	HTTPS://WWW.HOMEDEPOT.COM/B/DURGOL/N-5YC1VZNWB
DUROFIX	DUROFIX	homedepot.com	HTTPS://WWW.HOMEDEPOT.COM/B/DUROFIX/N-5YC1VZH2H
DUROFIX	DUROFIX	homedepot.com	HTTPS://WWW.HOMEDEPOT.COM/B/GARAGE-AUTOMOTIVE-MECHANICS-TOOLS-ENGINE-TOOLS/DUROFIX/N-5YC1VZ2FKOO39ZH2H
DUROGREEN	DUROGREEN	homedepot.com	HTTPS://WWW.HOMEDEPOT.COM/B/OUTDOORS-PATIO-FURNITURE/DUROGREEN/N-5YC1VZBX4OZOHB
DUROGREEN	DUROGREEN	homedepot.com	HTTPS://WWW.HOMEDEPOT.COM/B/DUROGREEN/N-5YC1VZOHB
DUROGREEN	DUROGREEN	homedepot.com	HTTPS://WWW.HOMEDEPOT.COM/B/DUROGREEN/3-PIECE/N-5YC1VZOHBZ1Z1C62H
DUROGREEN	DUROGREEN	homedepot.com	HTTPS://WWW.HOMEDEPOT.COM/B/OUTDOORS-PATIO-FURNITURE-PATIO-CHAIRS-ADIRONDACK-CHAIRS-PLASTIC-ADIRONDACK-CHAIRS/DUROGREEN/N-5YC1VZ1Z18G7AZOHB
DUROGREEN	DUROGREEN	homedepot.com	HTTPS://WWW.HOMEDEPOT.COM/B/OUTDOORS-PATIO-FURNITURE-PATIO-TABLES/DUROGREEN/N-5YC1VZCCGLZOHB
DUROGREEN	DUROGREEN	homedepot.com	HTTPS://WWW.HOMEDEPOT.COM/B/OUTDOORS-PATIO-FURNITURE/DUROGREEN/PLASTIC/N-5YC1VZBX4OZOHBZ1Z18TE6
DUROGREEN	DUROGREEN	homedepot.com	HTTPS://WWW.HOMEDEPOT.COM/B/OUTDOORS-PATIO-FURNITURE-PATIO-CHAIRS-ADIRONDACK-CHAIRS/DUROGREEN/N-5YC1VZCCGZZOHB
DUROGREEN	DUROGREEN	homedepot.com	HTTPS://WWW.HOMEDEPOT.COM/B/OUTDOORS-PATIO-FURNITURE-PATIO-CHAIRS-OUTDOOR-ROCKING-CHAIRS/DUROGREEN/N-5YC1VZCCGEZOHB
DUROMAX	DUROMAX	homedepot.com	HTTPS://WWW.HOMEDEPOT.COM/B/OUTDOORS-OUTDOOR-POWER-EQUIPMENT-GENERATORS/DUROMAX/N-5YC1VZBX8LZRT8
DUROMAX	DUROMAX	homedepot.com	HTTPS://WWW.HOMEDEPOT.COM/B/OUTDOORS-OUTDOOR-POWER-EQUIPMENT-GENERATORS-PORTABLE-INVERTER-GENERATORS-INVERTER-GENERATORS/DUROMAX/N-5YC1VZCBPXZRT8
DUROSTAR	DUROSTAR	homedepot.com	HTTPS://WWW.HOMEDEPOT.COM/B/OUTDOORS-OUTDOOR-POWER-EQUIPMENT-GENERATORS/DUROSTAR/N-5YC1VZBX8LZBGD
DURXLITECRETE	DURXLITECRETE	homedepot.com	HTTPS://WWW.HOMEDEPOT.COM/B/OUTDOORS-GARDEN-CENTER-PLANTERS/DURX-LITECRETE/N-5YC1VZBX81ZN2S
DURXLITECRETE	DURXLITECRETE	homedepot.com	HTTPS://WWW.HOMEDEPOT.COM/B/OUTDOORS-GARDEN-CENTER-PLANTERS-PLANT-POTS/DURX-LITECRETE/N-5YC1VZBX87ZN2S
DURXLITECRETE	DURXLITECRETE	homedepot.com	HTTPS://WWW.HOMEDEPOT.COM/B/DURX-LITECRETE/N-5YC1VZN2S
DURXLITECRETE	DURXLITECRETE	homedepot.com	HTTPS://WWW.HOMEDEPOT.COM/B/OUTDOORS-GARDEN-CENTER/DURX-LITECRETE/N-5YC1VZBX6KZN2S
DURXLITECRETE	DURXLITECRETE	homedepot.com	HTTPS://WWW.HOMEDEPOT.COM/B/OUTDOORS/DURX-LITECRETE/N-5YC1VZBX82ZN2S
DUSTLESSTECHNOLOGIES	DUSTLESSTECHNOLOGIES	homedepot.com	HTTPS://WWW.HOMEDEPOT.COM/B/TOOLS/DUSTLESS-TECHNOLOGIES/N-5YC1VZC1XYZ47O
DUSTLESSTECHNOLOGIES	DUSTLESSTECHNOLOGIES	homedepot.com	HTTPS://WWW.HOMEDEPOT.COM/B/DUSTLESS-TECHNOLOGIES/N-5YC1VZ47O
DUSTLESSTECHNOLOGIES	DUSTLESSTECHNOLOGIES	homedepot.com	HTTPS://WWW.HOMEDEPOT.COM/B/TOOLS-SHOP-VACUUMS/DUSTLESS-TECHNOLOGIES/N-5YC1VZC2A7Z47O
DUSTOFF	DUSTOFF	homedepot.com	HTTPS://WWW.HOMEDEPOT.COM/B/CLEANING-CLEANING-TOOLS-DUSTING-TOOLS-DUSTERS/DUST-OFF/N-5YC1VZCB4RZHR9
DUSTOPPER	DUSTOPPER	homedepot.com	HTTPS://WWW.HOMEDEPOT.COM/B/DUSTOPPER/N-5YC1VZLUG
DUSTOPPER	DUSTOPPER	homedepot.com	HTTPS://WWW.HOMEDEPOT.COM/B/TOOLS/DUSTOPPER/N-5YC1VZC1XYZLUG
DUSTOPPER	DUSTOPPER	homedepot.com	HTTPS://WWW.HOMEDEPOT.COM/B/TOOLS-WOODWORKING-TOOLS/DUSTOPPER/N-5YC1VZC2GVZLUG
DUSTOPPER	DUSTOPPER	homedepot.com	HTTPS://WWW.HOMEDEPOT.COM/B/TOOLS-WOODWORKING-TOOLS-DUST-COLLECTOR-ACCESSORIES/DUSTOPPER/N-5YC1VZ2FKP99XZLUG
DUTTONLAINSON	DUTTONLAINSON	homedepot.com	HTTPS://WWW.HOMEDEPOT.COM/B/DUTTON-LAINSON/N-5YC1VZPM0
DUTTONLAINSONCOMPANY	DUTTONLAINSONCOMPANY	homedepot.com	HTTPS://WWW.HOMEDEPOT.COM/B/DUTTON-LAINSON-COMPANY/N-5YC1VZPXE
DVAULT	DVAULT	homedepot.com	HTTPS://WWW.HOMEDEPOT.COM/B/HARDWARE-MAILBOXES-RESIDENTIAL-MAILBOXES/DVAULT/N-5YC1VZC8G5Z253
DVAULT	DVAULT	homedepot.com	HTTPS://WWW.HOMEDEPOT.COM/B/DVAULT/N-5YC1VZ253
DVAULT	DVAULT	homedepot.com	HTTPS://WWW.HOMEDEPOT.COM/B/HARDWARE-MAILBOXES/DVAULT/N-5YC1VZC8F5Z253
DVI	DVI	homedepot.com	HTTPS://WWW.HOMEDEPOT.COM/B/ELECTRICAL-ELECTRONICS-CABLES/DVI/N-5YC1VZC652Z1Z19CP7
DWELLHOME	DWELLHOME	homedepot.com	HTTPS://WWW.HOMEDEPOT.COM/B/DWELL-HOME-INC/N-5YC1VZMKW
DXV	DXV	homedepot.com	HTTPS://WWW.HOMEDEPOT.COM/B/DXV/RESIDENTIAL/N-5YC1VZQIEZ1Z117JW
DYCONN	DYCONN	homedepot.com	HTTPS://WWW.HOMEDEPOT.COM/B/DYCONN/N-5YC1VZGXR
DYCONN	DYCONN	homedepot.com	HTTPS://WWW.HOMEDEPOT.COM/B/BATH-BATHROOM-FAUCETS/DYCONN/N-5YC1VZBREOZGXR
DYCONN	DYCONN	homedepot.com	HTTPS://WWW.HOMEDEPOT.COM/B/BATH-BATHROOM-FAUCETS-BATHROOM-SINK-FAUCETS/DYCONN/BRONZE/N-5YC1VZC8D3ZGXRZ1Z0VM5J
DYCONN	DYCONN	homedepot.com	HTTPS://WWW.HOMEDEPOT.COM/B/KITCHEN-KITCHEN-FAUCETS/DYCONN/N-5YC1VZAR0KZGXR
DYCONN	DYCONN	homedepot.com	HTTPS://WWW.HOMEDEPOT.COM/B/BATH-BATHROOM-FAUCETS-BATHROOM-SINK-FAUCETS-WIDESPREAD-BATHROOM-FAUCETS/DYCONN/N-5YC1VZBRGKZGXR
DYCONN	DYCONN	homedepot.com	HTTPS://WWW.HOMEDEPOT.COM/B/BATH-BATHROOM-MIRRORS/DYCONN/N-5YC1VZBZBOZGXR
DYCONN	DYCONN	homedepot.com	HTTPS://WWW.HOMEDEPOT.COM/B/PLUMBING-PLUMBING-PARTS/DYCONN/N-5YC1VZBQKPZGXR
DYCONN	DYCONN	homedepot.com	HTTPS://WWW.HOMEDEPOT.COM/B/BATH-BATHTUBS-FREESTANDING-TUBS/DYCONN/WHITE/N-5YC1VZBZ9DZGXRZ1Z0VM5F
DYCONN	DYCONN	homedepot.com	HTTPS://WWW.HOMEDEPOT.COM/B/BATH-BATHROOM-FAUCETS-BATHTUB-FAUCETS/DYCONN/FREESTANDING/N-5YC1VZCD07ZGXRZ1Z17KKD
DYMON	DYMON	homedepot.com	HTTPS://WWW.HOMEDEPOT.COM/B/CLEANING-CLEANING-PRODUCTS/DYMON/N-5YC1VZCB33ZR4C
DYMON	DYMON	homedepot.com	HTTPS://WWW.HOMEDEPOT.COM/B/DYMON/N-5YC1VZR4C
DYMOND	DYMOND	homedepot.com	HTTPS://WWW.HOMEDEPOT.COM/B/DYMOND/N-5YC1VZU0W
DYMOND	DYMOND	homedepot.com	HTTPS://WWW.HOMEDEPOT.COM/B/LIGHTING/DYMOND/N-5YC1VZBVN5ZU0W
DYMOND	DYMOND	homedepot.com	HTTPS://WWW.HOMEDEPOT.COM/B/LIGHTING-COMMERCIAL-LIGHTING-GROW-LIGHTS/DYMOND/N-5YC1VZC9H4ZU0W
DYNACRAFT	DYNACRAFT	homedepot.com	HTTPS://WWW.HOMEDEPOT.COM/B/SPORTS-OUTDOORS-CYCLING-GEAR-BIKES/DYNACRAFT/N-5YC1VZC43QZNEQ
DYNACRAFT	DYNACRAFT	homedepot.com	HTTPS://WWW.HOMEDEPOT.COM/B/SPORTS-OUTDOORS-CYCLING-GEAR/DYNACRAFT/N-5YC1VZC40YZNEQ
DYNAGLO	DYNAGLO	homedepot.com	HTTPS://WWW.HOMEDEPOT.COM/B/DYNA-GLO/N-5YC1VZ79J
DYNAGLO	DYNAGLO	homedepot.com	HTTPS://WWW.HOMEDEPOT.COM/B/OUTDOORS-OUTDOOR-COOKING-GRILLS-GAS-GRILLS-PROPANE-GRILLS/DYNA-GLO/N-5YC1VZC5T2Z79J
DYNAGLO	DYNAGLO	homedepot.com	HTTPS://WWW.HOMEDEPOT.COM/B/HEATING-VENTING-COOLING-HEATERS/DYNA-GLO/N-5YC1VZC4L7Z79J
DYNAGLO	DYNAGLO	homedepot.com	HTTPS://WWW.HOMEDEPOT.COM/B/OUTDOORS-OUTDOOR-COOKING-GRILLS/DYNA-GLO/N-5YC1VZBXAZZ79J
DYNAGLO	DYNAGLO	homedepot.com	HTTPS://WWW.HOMEDEPOT.COM/B/OUTDOORS-OUTDOOR-COOKING-GRILLS-GAS-GRILLS/DYNA-GLO/N-5YC1VZC5T5Z79J
DYNAGLODELUX	DYNAGLODELUX	homedepot.com	HTTPS://WWW.HOMEDEPOT.COM/B/DYNA-GLO-DELUX/N-5YC1VZB98
DYNAGLODELUX	DYNAGLODELUX	homedepot.com	HTTPS://WWW.HOMEDEPOT.COM/B/HEATING-VENTING-COOLING-HEATERS-SPACE-HEATERS/DYNA-GLO-DELUX/N-5YC1VZC4LHZB98
DYNAGLODELUX	DYNAGLODELUX	homedepot.com	HTTPS://WWW.HOMEDEPOT.COM/B/HEATING-VENTING-COOLING/DYNA-GLO-DELUX/N-5YC1VZC4K8ZB98
DYNAGLOPRO	DYNAGLOPRO	homedepot.com	HTTPS://WWW.HOMEDEPOT.COM/B/HEATING-VENTING-COOLING-HEATERS-SPACE-HEATERS/DYNA-GLO-PRO/N-5YC1VZC4LHZ5FY
DYNAGLOPRO	DYNAGLOPRO	homedepot.com	HTTPS://WWW.HOMEDEPOT.COM/B/DYNA-GLO-PRO/N-5YC1VZ5FY
DYNAGRO	DYNAGRO	homedepot.com	HTTPS://WWW.HOMEDEPOT.COM/B/OUTDOORS-GARDEN-CENTER-PLANT-CARE-PLANT-FOOD-FERTILIZER/DYNA-GRO/N-5YC1VZC8QZZFT5
DYNAMICDESIGN	DYNAMICDESIGN	homedepot.com	HTTPS://WWW.HOMEDEPOT.COM/B/OUTDOORS-GARDEN-CENTER-PLANTERS/DYNAMIC-DESIGN/N-5YC1VZBX81ZH7
DYNAMICDESIGN	DYNAMICDESIGN	homedepot.com	HTTPS://WWW.HOMEDEPOT.COM/B/DYNAMIC-DESIGN/N-5YC1VZH7
DYNAMICDESIGN	DYNAMICDESIGN	homedepot.com	HTTPS://WWW.HOMEDEPOT.COM/B/OUTDOORS-GARDEN-CENTER-PLANTERS-PLANT-POTS/DYNAMIC-DESIGN/N-5YC1VZBX87ZH7
DYNAMICFRICTIONCOMPANY	DYNAMICFRICTIONCOMPANY	homedepot.com	HTTPS://WWW.HOMEDEPOT.COM/B/GARAGE-AUTOMOTIVE-AUTO-PARTS-BRAKE-PARTS/DYNAMIC-FRICTION-COMPANY/N-5YC1VZCLA4ZREN
DYNAMICRUGS	DYNAMICRUGS	homedepot.com	HTTPS://WWW.HOMEDEPOT.COM/B/FLOORING-RUGS-AREA-RUGS/DYNAMIC-RUGS/N-5YC1VZARJGZEPR
DYNAMICRUGS	DYNAMICRUGS	homedepot.com	HTTPS://WWW.HOMEDEPOT.COM/B/DYNAMIC-RUGS/N-5YC1VZEPR
DYNAMICRUGS	DYNAMICRUGS	homedepot.com	HTTPS://WWW.HOMEDEPOT.COM/B/FLOORING-RUGS-AREA-RUGS/DYNAMIC-RUGS/8-X-10/N-5YC1VZARJGZEPRZ1Z0VK9P
DYNAMICSAUNAS	DYNAMICSAUNAS	homedepot.com	HTTPS://WWW.HOMEDEPOT.COM/B/OUTDOORS-HOME-SPAS-SAUNAS/DYNAMIC-SAUNAS/N-5YC1VZCFZ6ZXO2
DYNAMICSAUNAS	DYNAMICSAUNAS	homedepot.com	HTTPS://WWW.HOMEDEPOT.COM/B/DYNAMIC-SAUNAS/N-5YC1VZXO2
DYNAMITE	DYNAMITE	homedepot.com	HTTPS://WWW.HOMEDEPOT.COM/B/DYNAMITE/N-5YC1VZ7GF
DYNAMO	DYNAMO	homedepot.com	HTTPS://WWW.HOMEDEPOT.COM/B/DYNAMO/N-5YC1VZS7T
DYNASTYFIREPLACES	DYNASTYFIREPLACES	homedepot.com	HTTPS://WWW.HOMEDEPOT.COM/B/DYNASTY-FIREPLACES/N-5YC1VZO5E
DYNASTYFIREPLACES	DYNASTYFIREPLACES	homedepot.com	HTTPS://WWW.HOMEDEPOT.COM/B/HEATING-VENTING-COOLING-FIREPLACES-ELECTRIC-FIREPLACES/DYNASTY-FIREPLACES/N-5YC1VZC4MQZO5E
DYNASTYFIREPLACES	DYNASTYFIREPLACES	homedepot.com	HTTPS://WWW.HOMEDEPOT.COM/B/HEATING-VENTING-COOLING-FIREPLACES/DYNASTY-FIREPLACES/N-5YC1VZC4LBZO5E
DYNASTYHARDWARE	DYNASTYHARDWARE	homedepot.com	HTTPS://WWW.HOMEDEPOT.COM/B/HARDWARE-DOOR-HARDWARE/DYNASTY-HARDWARE/N-5YC1VZC213ZFTV
DYNASTYHARDWARE	DYNASTYHARDWARE	homedepot.com	HTTPS://WWW.HOMEDEPOT.COM/B/DYNASTY-HARDWARE/N-5YC1VZFTV
DYNASTYHARDWARE	DYNASTYHARDWARE	homedepot.com	HTTPS://WWW.HOMEDEPOT.COM/B/HARDWARE-CABINET-HARDWARE/DYNASTY-HARDWARE/N-5YC1VZC29ZZFTV
DYNASTYHARDWARE	DYNASTYHARDWARE	homedepot.com	HTTPS://WWW.HOMEDEPOT.COM/B/HARDWARE-DOOR-HARDWARE-DOOR-KNOBS/DYNASTY-HARDWARE/N-5YC1VZC27LZFTV
DYNASTYHARDWARE	DYNASTYHARDWARE	homedepot.com	HTTPS://WWW.HOMEDEPOT.COM/B/HARDWARE-DOOR-HARDWARE-DOOR-HINGES/DYNASTY-HARDWARE/N-5YC1VZC2APZFTV
DYNATRAP	DYNATRAP	homedepot.com	HTTPS://WWW.HOMEDEPOT.COM/B/OUTDOORS-GARDEN-CENTER-PEST-CONTROL-INSECT-CONTROL-INSECT-TRAPS/DYNATRAP/N-5YC1VZCALRZ9K8
DYNATRAP	DYNATRAP	homedepot.com	HTTPS://WWW.HOMEDEPOT.COM/B/DYNATRAP/N-5YC1VZ9K8
DYNOMAX	DYNOMAX	homedepot.com	HTTPS://WWW.HOMEDEPOT.COM/B/DYNOMAX/N-5YC1VZRC7
DYNOSEASONALSOLUTIONS	DYNOSEASONALSOLUTIONS	homedepot.com	HTTPS://WWW.HOMEDEPOT.COM/B/HOLIDAY-DECORATIONS-CHRISTMAS-DECORATIONS-CHRISTMAS-LIGHTS/DYNO-SEASONAL-SOLUTIONS/N-5YC1VZC3TBZD2A
DYSON	DYSON	homedepot.com	HTTPS://WWW.HOMEDEPOT.COM/B/DYSON/N-5YC1VZHA
E11	E11	homedepot.com	HTTPS://WWW.HOMEDEPOT.COM/B/LIGHTING-LIGHT-BULBS/E11/N-5YC1VZBMBUZ1Z17IK6
E11	E11	homedepot.com	HTTPS://WWW.HOMEDEPOT.COM/B/LIGHTING-LIGHT-BULBS/FEIT-ELECTRIC/E11/N-5YC1VZBMBUZ3ZEZ1Z17IK6
E6000	E6000	homedepot.com	HTTPS://WWW.HOMEDEPOT.COM/B/E6000/N-5YC1VZBUX
E900HARDWARE	E900HARDWARE	homedepot.com	HTTPS://WWW.HOMEDEPOT.COM/B/E900-HARDWARE/N-5YC1VZLUB
EAGLEASPEN	EAGLEASPEN	homedepot.com	HTTPS://WWW.HOMEDEPOT.COM/B/EAGLE-ASPEN/N-5YC1VZG0J
EAGLEASPEN	EAGLEASPEN	homedepot.com	HTTPS://WWW.HOMEDEPOT.COM/B/ELECTRICAL-ELECTRONICS-TV-HOME-THEATER-ACCESSORIES-TV-ANTENNAS/EAGLE-ASPEN/N-5YC1VZC64PZG0J
EAGLEASPEN	EAGLEASPEN	homedepot.com	HTTPS://WWW.HOMEDEPOT.COM/B/EAGLE-ASPEN/OUTDOOR/N-5YC1VZG0JZ1Z11EPF
EAGLEHEALTHSUPPLIES	EAGLEHEALTHSUPPLIES	homedepot.com	HTTPS://WWW.HOMEDEPOT.COM/B/EAGLE-HEALTH-SUPPLIES/N-5YC1VZOHD
EAGLEPEAK	EAGLEPEAK	homedepot.com	HTTPS://WWW.HOMEDEPOT.COM/B/STORAGE-ORGANIZATION-OUTDOOR-STORAGE-SHADE-STRUCTURES-GAZEBOS/EAGLE-PEAK/N-5YC1VZBTYAZUO8
EAGLEPEAK	EAGLEPEAK	homedepot.com	HTTPS://WWW.HOMEDEPOT.COM/B/EAGLE-PEAK/N-5YC1VZUO8
EAGLETOOLUS	EAGLETOOLUS	homedepot.com	HTTPS://WWW.HOMEDEPOT.COM/B/EAGLE-TOOL-US/N-5YC1VZDPY
EAGLETOOLUS	EAGLETOOLUS	homedepot.com	HTTPS://WWW.HOMEDEPOT.COM/B/TOOLS/EAGLE-TOOL-US/N-5YC1VZC1XYZDPY
EAGLETOOLUS	EAGLETOOLUS	homedepot.com	HTTPS://WWW.HOMEDEPOT.COM/B/TOOLS-POWER-TOOL-ACCESSORIES-DRILL-BITS/EAGLE-TOOL-US/N-5YC1VZC248ZDPY
EAGLETOOLUS	EAGLETOOLUS	homedepot.com	HTTPS://WWW.HOMEDEPOT.COM/B/TOOLS-HAND-TOOLS/EAGLE-TOOL-US/N-5YC1VZC1ZGZDPY
EAGLETOOLUS	EAGLETOOLUS	homedepot.com	HTTPS://WWW.HOMEDEPOT.COM/B/TOOLS-POWER-TOOL-ACCESSORIES-DRILL-BITS-SPECIALTY-DRILL-BITS/EAGLE-TOOL-US/N-5YC1VZC24EZDPY
EAGO	EAGO	homedepot.com	HTTPS://WWW.HOMEDEPOT.COM/B/BATH-TOILETS/EAGO/N-5YC1VZBZBDZHCZ
EAGO	EAGO	homedepot.com	HTTPS://WWW.HOMEDEPOT.COM/B/EAGO/N-5YC1VZHCZ
EAGO	EAGO	homedepot.com	HTTPS://WWW.HOMEDEPOT.COM/B/BATH-BATHTUBS/EAGO/N-5YC1VZBZB7ZHCZ
EAGO	EAGO	homedepot.com	HTTPS://WWW.HOMEDEPOT.COM/B/BATH-TOILETS-TOILET-SEATS/EAGO/N-5YC1VZCEQ5ZHCZ
EARISE	EARISE	homedepot.com	HTTPS://WWW.HOMEDEPOT.COM/B/ELECTRICAL-ELECTRONICS-HOME-AUDIO/EARISE/N-5YC1VZC641ZTH3
EARLEX	EARLEX	homedepot.com	HTTPS://WWW.HOMEDEPOT.COM/B/EARLEX/N-5YC1VZAFA
EARLEX	EARLEX	homedepot.com	HTTPS://WWW.HOMEDEPOT.COM/B/PAINT-PAINT-SUPPLIES-PAINT-APPLICATORS-PAINT-SPRAYERS-HVLP-PAINT-SPRAYERS/EARLEX/N-5YC1VZCIKYZAFA
EARLEX	EARLEX	homedepot.com	HTTPS://WWW.HOMEDEPOT.COM/B/PAINT-PAINT-SUPPLIES-PAINT-APPLICATORS-PAINT-SPRAYERS/EARLEX/N-5YC1VZARV5ZAFA
EARLEX	EARLEX	homedepot.com	HTTPS://WWW.HOMEDEPOT.COM/B/HIGHLY-RATED/EARLEX/N-5YC1VZAFAZBWO5O
EARLYGROW	EARLYGROW	homedepot.com	HTTPS://WWW.HOMEDEPOT.COM/B/EARLYGROW/N-5YC1VZNQE
EARLYGROW	EARLYGROW	homedepot.com	HTTPS://WWW.HOMEDEPOT.COM/B/OUTDOORS-GARDEN-CENTER-PLANT-SEEDS/EARLYGROW/N-5YC1VZC8QLZNQE
EARTHEDGE	EARTHEDGE	homedepot.com	HTTPS://WWW.HOMEDEPOT.COM/B/OUTDOORS-GARDEN-CENTER-GARDEN-TOOLS-GARDENING-TOOLS/EARTH-EDGE/N-5YC1VZC5QQZUIH
EARTHEDGE	EARTHEDGE	homedepot.com	HTTPS://WWW.HOMEDEPOT.COM/B/OUTDOORS-GARDEN-CENTER-GARDEN-TOOLS/EARTH-EDGE/N-5YC1VZBX6XZUIH
EARTHFIRST	EARTHFIRST	homedepot.com	HTTPS://WWW.HOMEDEPOT.COM/B/EARTH-FIRST/N-5YC1VZOTH
EARTHFLORA	EARTHFLORA	homedepot.com	HTTPS://WWW.HOMEDEPOT.COM/B/HOME-DECOR-ARTIFICIAL-PLANTS-ARTIFICIAL-FLOWERS/EARTHFLORA/N-5YC1VZCF9YZFI8
EARTHFLORA	EARTHFLORA	homedepot.com	HTTPS://WWW.HOMEDEPOT.COM/B/OUTDOORS-GARDEN-CENTER-OUTDOOR-DECOR-ARTIFICIAL-FOLIAGE-TOPIARIES/EARTHFLORA/N-5YC1VZC6NZZFI8
EARTHFLORA	EARTHFLORA	homedepot.com	HTTPS://WWW.HOMEDEPOT.COM/B/HOME-DECOR-ARTIFICIAL-PLANTS/EARTHFLORA/N-5YC1VZBPDGZFI8
EARTHFLORA	EARTHFLORA	homedepot.com	HTTPS://WWW.HOMEDEPOT.COM/B/EARTHFLORA/N-5YC1VZFI8
EARTHJUICE	EARTHJUICE	homedepot.com	HTTPS://WWW.HOMEDEPOT.COM/B/OUTDOORS-GARDEN-CENTER-PLANT-CARE-PLANT-FOOD-FERTILIZER/EARTH-JUICE/N-5YC1VZC8QZZEJE
EARTHJUICE	EARTHJUICE	homedepot.com	HTTPS://WWW.HOMEDEPOT.COM/B/EARTH-JUICE/N-5YC1VZEJE
EARTHKIND	EARTHKIND	homedepot.com	HTTPS://WWW.HOMEDEPOT.COM/B/EARTHKIND/N-5YC1VZTTN
EARTHKIND	EARTHKIND	homedepot.com	HTTPS://WWW.HOMEDEPOT.COM/B/OUTDOORS-GARDEN-CENTER-PEST-CONTROL/EARTHKIND/N-5YC1VZBX4WZTTN
EARTHKIND	EARTHKIND	homedepot.com	HTTPS://WWW.HOMEDEPOT.COM/B/OUTDOORS-GARDEN-CENTER-PEST-CONTROL-INSECT-CONTROL-INSECT-KILLERS-BUG-KILLER-SPRAY/EARTHKIND/N-5YC1VZ2FKOQFYZTTN
EARTHMARK	EARTHMARK	homedepot.com	HTTPS://WWW.HOMEDEPOT.COM/B/EARTHMARK/N-5YC1VZG5B
EARTHMARK	EARTHMARK	homedepot.com	HTTPS://WWW.HOMEDEPOT.COM/B/OUTDOORS-GARDEN-CENTER-RAISED-GARDEN-BEDS/EARTHMARK/N-5YC1VZBX7CZG5B
EARTHMARK	EARTHMARK	homedepot.com	HTTPS://WWW.HOMEDEPOT.COM/B/OUTDOORS-GARDEN-CENTER/EARTHMARK/N-5YC1VZBX6KZG5B
EARTHMINDED	EARTHMINDED	homedepot.com	HTTPS://WWW.HOMEDEPOT.COM/B/EARTHMINDED/N-5YC1VZA1K
EARTHMINDED	EARTHMINDED	homedepot.com	HTTPS://WWW.HOMEDEPOT.COM/B/OUTDOORS-GARDEN-CENTER-WATERING-IRRIGATION-WATERING-ESSENTIALS-RAIN-BARRELS/EARTHMINDED/N-5YC1VZC7PBZA1K
EARTHSALLY	EARTHSALLY	homedepot.com	HTTPS://WWW.HOMEDEPOT.COM/B/EARTHS%C2%A0ALLY/N-5YC1VZRQG
EARTHSENSE	EARTHSENSE	homedepot.com	HTTPS://WWW.HOMEDEPOT.COM/B/CLEANING-TRASH-RECYCLING-TRASH-BAGS-GARBAGE-BAGS/EARTHSENSE/N-5YC1VZCB27ZEIZ
EARTHSENSE	EARTHSENSE	homedepot.com	HTTPS://WWW.HOMEDEPOT.COM/B/CLEANING-TRASH-RECYCLING-TRASH-BAGS/EARTHSENSE/N-5YC1VZCB24ZEIZ
EARTHSENSE	EARTHSENSE	homedepot.com	HTTPS://WWW.HOMEDEPOT.COM/B/EARTHSENSE/N-5YC1VZEIZ
EARTHSNATURALALTERNATIVE	EARTHSNATURALALTERNATIVE	homedepot.com	HTTPS://WWW.HOMEDEPOT.COM/B/EARTHS-NATURAL-ALTERNATIVE/N-5YC1VZYAI
EARTHTRONICS	EARTHTRONICS	homedepot.com	HTTPS://WWW.HOMEDEPOT.COM/B/EARTHTRONICS/N-5YC1VZNU0
EARTHTRONICS	EARTHTRONICS	homedepot.com	HTTPS://WWW.HOMEDEPOT.COM/B/LIGHTING/EARTHTRONICS/N-5YC1VZBVN5ZNU0
EARTHTRONICS	EARTHTRONICS	homedepot.com	HTTPS://WWW.HOMEDEPOT.COM/B/LIGHTING-COMMERCIAL-LIGHTING/EARTHTRONICS/N-5YC1VZC7BUZNU0
EARTHWAY	EARTHWAY	homedepot.com	HTTPS://WWW.HOMEDEPOT.COM/B/OUTDOORS-GARDEN-CENTER-LAWN-CARE-SPREADERS/EARTHWAY/N-5YC1VZBX4XZG01
EARTHWAY	EARTHWAY	homedepot.com	HTTPS://WWW.HOMEDEPOT.COM/B/OUTDOORS-GARDEN-CENTER-GARDEN-TOOLS-GARDENING-TOOLS-HAND-CULTIVATORS/EARTHWAY/N-5YC1VZC5RSZG01
EARTHWISE	EARTHWISE	homedepot.com	HTTPS://WWW.HOMEDEPOT.COM/B/EARTHWISE/N-5YC1VZ621
EARTHWISE	EARTHWISE	homedepot.com	HTTPS://WWW.HOMEDEPOT.COM/B/OUTDOORS-OUTDOOR-POWER-EQUIPMENT/EARTHWISE/N-5YC1VZBX5CZ621
EARTHWISE	EARTHWISE	homedepot.com	HTTPS://WWW.HOMEDEPOT.COM/B/OUTDOORS-GARDEN-CENTER-LAWN-CARE/EARTHWISE/N-5YC1VZBX8AZ621
EARTHWISEPOWERTOOLSBYALM	EARTHWISEPOWERTOOLSBYALM	homedepot.com	HTTPS://WWW.HOMEDEPOT.COM/B/EARTHWISE-POWER-TOOLS-BY-ALM/N-5YC1VZXR5
EARTHWORTH	EARTHWORTH	homedepot.com	HTTPS://WWW.HOMEDEPOT.COM/B/EARTH-WORTH/N-5YC1VZNLE
EARTHWORTH	EARTHWORTH	homedepot.com	HTTPS://WWW.HOMEDEPOT.COM/B/OUTDOORS-GARDEN-CENTER-GARDEN-TOOLS/EARTH-WORTH/N-5YC1VZBX6XZNLE
EARTHWORTH	EARTHWORTH	homedepot.com	HTTPS://WWW.HOMEDEPOT.COM/B/TOOLS-HAND-TOOLS/EARTH-WORTH/N-5YC1VZC1ZGZNLE
EARTHWORTH	EARTHWORTH	homedepot.com	HTTPS://WWW.HOMEDEPOT.COM/B/TOOLS-HAND-TOOLS-SPECIALTY-HAND-TOOLS/EARTH-WORTH/N-5YC1VZC1ZIZNLE
EASELIFE	EASELIFE	homedepot.com	HTTPS://WWW.HOMEDEPOT.COM/B/EASELIFE/N-5YC1VZZMN
EASELIFE	EASELIFE	homedepot.com	HTTPS://WWW.HOMEDEPOT.COM/B/DOORS-WINDOWS-INTERIOR-DOORS-BARN-DOORS/EASELIFE/N-5YC1VZCAZIZZMN
EASELIFE	EASELIFE	homedepot.com	HTTPS://WWW.HOMEDEPOT.COM/B/DOORS-WINDOWS-INTERIOR-DOORS/EASELIFE/N-5YC1VZC5IOZZMN
EASELIFE	EASELIFE	homedepot.com	HTTPS://WWW.HOMEDEPOT.COM/B/DOORS-WINDOWS-INTERIOR-DOORS-CLOSET-DOORS/EASELIFE/N-5YC1VZ2FKP9SKZZMN
EASELIFE	EASELIFE	homedepot.com	HTTPS://WWW.HOMEDEPOT.COM/B/DOORS-WINDOWS/EASELIFE/N-5YC1VZAQIHZZMN
EASTATMAIN	EASTATMAIN	homedepot.com	HTTPS://WWW.HOMEDEPOT.COM/B/EAST-AT-MAIN/N-5YC1VZQ9I
EASTATMAIN	EASTATMAIN	homedepot.com	HTTPS://WWW.HOMEDEPOT.COM/B/FURNITURE-LIVING-ROOM-FURNITURE/EAST-AT-MAIN/N-5YC1VZC7P3ZQ9I
EASTCOASTRUSTIC	EASTCOASTRUSTIC	homedepot.com	HTTPS://WWW.HOMEDEPOT.COM/B/LUMBER-COMPOSITES-BOARDS-PLANKS-WOOD-BOARDS-BARN-WOOD/EAST-COAST-RUSTIC/N-5YC1VZCHZQZONQ
EASTCOASTRUSTIC	EASTCOASTRUSTIC	homedepot.com	HTTPS://WWW.HOMEDEPOT.COM/B/EAST-COAST-RUSTIC/N-5YC1VZONQ
EASTCOASTRUSTIC	EASTCOASTRUSTIC	homedepot.com	HTTPS://WWW.HOMEDEPOT.COM/B/LUMBER-COMPOSITES-BOARDS-PLANKS-PANELS/EAST-COAST-RUSTIC/N-5YC1VZ1Z18H41ZONQ
EASTCOASTRUSTIC	EASTCOASTRUSTIC	homedepot.com	HTTPS://WWW.HOMEDEPOT.COM/B/LUMBER-COMPOSITES-BOARDS-PLANKS-WOOD-BOARDS/EAST-COAST-RUSTIC/N-5YC1VZBQMCZONQ
EASTCOASTRUSTIC	EASTCOASTRUSTIC	homedepot.com	HTTPS://WWW.HOMEDEPOT.COM/B/LUMBER-COMPOSITES/EAST-COAST-RUSTIC/N-5YC1VZBQPGZONQ
EASTCOASTRUSTIC	EASTCOASTRUSTIC	homedepot.com	HTTPS://WWW.HOMEDEPOT.COM/B/FLOORING-HARDWOOD-FLOORING-SOLID-HARDWOOD/EAST-COAST-RUSTIC/N-5YC1VZBEJWZONQ
EASTERNCATALYTIC	EASTERNCATALYTIC	homedepot.com	HTTPS://WWW.HOMEDEPOT.COM/B/EASTERN-CATALYTIC/N-5YC1VZNZI
EASTPOINTSPORTS	EASTPOINTSPORTS	homedepot.com	HTTPS://WWW.HOMEDEPOT.COM/B/SPORTS-OUTDOORS-GAMES/EASTPOINT-SPORTS/N-5YC1VZC466ZUAU
EASTPOINTSPORTS	EASTPOINTSPORTS	homedepot.com	HTTPS://WWW.HOMEDEPOT.COM/B/SPORTS-OUTDOORS-GAMES-YARD-GAMES/EASTPOINT-SPORTS/N-5YC1VZC45LZUAU
EASTWESTFURNITURE	EASTWESTFURNITURE	homedepot.com	HTTPS://WWW.HOMEDEPOT.COM/B/FURNITURE-KITCHEN-DINING-ROOM-FURNITURE/EAST-WEST-FURNITURE/N-5YC1VZC7OUZZKH
EASTWESTFURNITURE	EASTWESTFURNITURE	homedepot.com	HTTPS://WWW.HOMEDEPOT.COM/B/FURNITURE/EAST-WEST-FURNITURE/N-5YC1VZC7PCZZKH
EASYCAN	EASYCAN	homedepot.com	HTTPS://WWW.HOMEDEPOT.COM/B/OUTDOORS-OUTDOOR-POWER-EQUIPMENT-OUTDOOR-POWER-EQUIPMENT-PARTS-GAS-CANS/EASY-CAN/N-5YC1VZ2FKP8A5ZFG9
EASYFIT	EASYFIT	homedepot.com	HTTPS://WWW.HOMEDEPOT.COM/B/EASY-FIT/N-5YC1VZHSN
EASYFLEX	EASYFLEX	homedepot.com	HTTPS://WWW.HOMEDEPOT.COM/B/EASYFLEX/N-5YC1VZFTW
EASYFLEX	EASYFLEX	homedepot.com	HTTPS://WWW.HOMEDEPOT.COM/B/PLUMBING-PIPE-FITTINGS/EASYFLEX/N-5YC1VZBQPFZFTW
EASYGARDENER	EASYGARDENER	homedepot.com	HTTPS://WWW.HOMEDEPOT.COM/B/EASY-GARDENER/N-5YC1VZHV
EASYGARDENER	EASYGARDENER	homedepot.com	HTTPS://WWW.HOMEDEPOT.COM/B/OUTDOORS-GARDEN-CENTER-LANDSCAPING-SUPPLIES/EASY-GARDENER/N-5YC1VZBX51ZHV
EASYGARDENER	EASYGARDENER	homedepot.com	HTTPS://WWW.HOMEDEPOT.COM/B/OUTDOORS-GARDEN-CENTER-LANDSCAPING-SUPPLIES-LANDSCAPE-FABRIC/EASY-GARDENER/N-5YC1VZBX4QZHV
EASYGARDENER	EASYGARDENER	homedepot.com	HTTPS://WWW.HOMEDEPOT.COM/B/OUTDOORS-GARDEN-CENTER/EASY-GARDENER/N-5YC1VZBX6KZHV
EASYGOPRODUCTS	EASYGOPRODUCTS	homedepot.com	HTTPS://WWW.HOMEDEPOT.COM/B/SPORTS-OUTDOORS/EASYGO-PRODUCTS/N-5YC1VZC43LZHJT
EASYGOPRODUCTS	EASYGOPRODUCTS	homedepot.com	HTTPS://WWW.HOMEDEPOT.COM/B/EASYGO-PRODUCTS/N-5YC1VZHJT
EASYGOPRODUCTS	EASYGOPRODUCTS	homedepot.com	HTTPS://WWW.HOMEDEPOT.COM/B/OUTDOORS-GARDEN-CENTER-GARDEN-TOOLS-GARDENING-TOOLS-WEEDERS/EASYGO-PRODUCTS/N-5YC1VZC5RFZHJT
EASYGOPRODUCTS	EASYGOPRODUCTS	homedepot.com	HTTPS://WWW.HOMEDEPOT.COM/B/SPORTS-OUTDOORS-TAILGATING-GEAR-POP-UP-TENTS/EASYGO-PRODUCTS/N-5YC1VZCBY0ZHJT
EASYHEAT	EASYHEAT	homedepot.com	HTTPS://WWW.HOMEDEPOT.COM/B/EASY-HEAT/N-5YC1VZOYO
EASYLITE	EASYLITE	homedepot.com	HTTPS://WWW.HOMEDEPOT.COM/B/LIGHTING/EASYLITE/N-5YC1VZBVN5ZI0
EASYLITE	EASYLITE	homedepot.com	HTTPS://WWW.HOMEDEPOT.COM/B/EASYLITE/N-5YC1VZI0
EASYLITE	EASYLITE	homedepot.com	HTTPS://WWW.HOMEDEPOT.COM/B/LIGHTING/EASYLITE/MODERN/N-5YC1VZBVN5ZI0Z1Z0JYLO
EASYLITE	EASYLITE	homedepot.com	HTTPS://WWW.HOMEDEPOT.COM/B/LIGHTING-VANITY-LIGHTING/EASYLITE/N-5YC1VZC7PRZI0
EASYLITE	EASYLITE	homedepot.com	HTTPS://WWW.HOMEDEPOT.COM/B/LIGHTING-PENDANT-LIGHTS/EASYLITE/N-5YC1VZC7NUZI0
EASYLITE	EASYLITE	homedepot.com	HTTPS://WWW.HOMEDEPOT.COM/B/LIGHTING-CHANDELIERS/EASYLITE/N-5YC1VZC7O0ZI0
EASYLITE	EASYLITE	homedepot.com	HTTPS://WWW.HOMEDEPOT.COM/B/LIGHTING/EASYLITE/INTEGRATED-LED/N-5YC1VZBVN5ZI0Z1Z0O8RO
EASYLITE	EASYLITE	homedepot.com	HTTPS://WWW.HOMEDEPOT.COM/B/EASYLITE/INTEGRATED-LED/N-5YC1VZI0Z1Z1ACTJ
EASYLITE	EASYLITE	homedepot.com	HTTPS://WWW.HOMEDEPOT.COM/B/LIGHTING-TRACK-LIGHTING/EASYLITE/N-5YC1VZC7NDZI0
EASYMASK	EASYMASK	homedepot.com	HTTPS://WWW.HOMEDEPOT.COM/B/EASY-MASK/N-5YC1VZ7QM
EASYOFF	EASYOFF	homedepot.com	HTTPS://WWW.HOMEDEPOT.COM/B/EASY-OFF/N-5YC1VZ2WY
EASYPLANKING	EASYPLANKING	homedepot.com	HTTPS://WWW.HOMEDEPOT.COM/B/LUMBER-COMPOSITES-BOARDS-PLANKS-WOOD-BOARDS/EASY-PLANKING/N-5YC1VZBQMCZOPO
EASYPLANKING	EASYPLANKING	homedepot.com	HTTPS://WWW.HOMEDEPOT.COM/B/LUMBER-COMPOSITES-BOARDS-PLANKS/EASY-PLANKING/N-5YC1VZ1Z18H41ZOPO
EASYPLANKING	EASYPLANKING	homedepot.com	HTTPS://WWW.HOMEDEPOT.COM/B/LUMBER-COMPOSITES-BOARDS-PLANKS-WOOD-BOARDS-BARN-WOOD/EASY-PLANKING/N-5YC1VZCHZQZOPO
EASYPLANKING	EASYPLANKING	homedepot.com	HTTPS://WWW.HOMEDEPOT.COM/B/LUMBER-COMPOSITES-DIMENSIONAL-LUMBER/EASY-PLANKING/PAINTABLE/N-5YC1VZC3TCZOPOZ1Z0N5MJ
EASYPLANKING	EASYPLANKING	homedepot.com	HTTPS://WWW.HOMEDEPOT.COM/B/BUILDING-MATERIALS/EASY-PLANKING/N-5YC1VZAQNSZOPO
EASYPLANKING	EASYPLANKING	homedepot.com	HTTPS://WWW.HOMEDEPOT.COM/B/EASY-PLANKING/N-5YC1VZOPO
EASYTRACK	EASYTRACK	homedepot.com	HTTPS://WWW.HOMEDEPOT.COM/B/STORAGE-ORGANIZATION-CLOSET-ORGANIZERS/EASY-TRACK/N-5YC1VZC1X1ZT88
EASYTREEZY	EASYTREEZY	homedepot.com	HTTPS://WWW.HOMEDEPOT.COM/B/HOLIDAY-DECORATIONS-CHRISTMAS-DECORATIONS-CHRISTMAS-TREES-ARTIFICIAL-CHRISTMAS-TREES-PRE-LIT-CHRISTMAS-TREES/EASY-TREEZY/N-5YC1VZC3YPZS7O
EASYTREEZY	EASYTREEZY	homedepot.com	HTTPS://WWW.HOMEDEPOT.COM/B/EASY-TREEZY/N-5YC1VZS7O
EASYTREEZY	EASYTREEZY	homedepot.com	HTTPS://WWW.HOMEDEPOT.COM/B/EASY-TREEZY/TRADITIONAL/N-5YC1VZS7OZ1Z0MD3Z
EASYWHEELS	EASYWHEELS	homedepot.com	HTTPS://WWW.HOMEDEPOT.COM/B/EASY-WHEELS/N-5YC1VZ6YZ
EASYWHEELS	EASYWHEELS	homedepot.com	HTTPS://WWW.HOMEDEPOT.COM/B/CLEANING/EASY-WHEELS/N-5YC1VZBQSIZ6YZ
EATEX	EATEX	homedepot.com	HTTPS://WWW.HOMEDEPOT.COM/B/EATEX/N-5YC1VZYK4
EATEX	EATEX	homedepot.com	HTTPS://WWW.HOMEDEPOT.COM/B/KITCHEN-KITCHENWARE-BAKEWARE/EATEX/N-5YC1VZAR82ZYK4
EATEX	EATEX	homedepot.com	HTTPS://WWW.HOMEDEPOT.COM/B/KITCHEN/EATEX/N-5YC1VZAR4IZYK4
EATEX	EATEX	homedepot.com	HTTPS://WWW.HOMEDEPOT.COM/B/KITCHEN-KITCHEN-STORAGE-ORGANIZATION-FOOD-STORAGE-FOOD-STORAGE-CONTAINERS/EATEX/N-5YC1VZAS2JZYK4
EATNEAT	EATNEAT	homedepot.com	HTTPS://WWW.HOMEDEPOT.COM/B/EATNEAT/N-5YC1VZUHQ
EATON	EATON	homedepot.com	HTTPS://WWW.HOMEDEPOT.COM/B/ELECTRICAL/EATON/N-5YC1VZARCDZ384
EATON	EATON	homedepot.com	HTTPS://WWW.HOMEDEPOT.COM/B/ELECTRICAL-POWER-DISTRIBUTION-ELECTRICAL-PANELS-PROTECTIVE-DEVICES-CIRCUIT-BREAKERS/EATON/N-5YC1VZBM16Z384
EAZEECHAIRS	EAZEECHAIRS	homedepot.com	HTTPS://WWW.HOMEDEPOT.COM/B/FURNITURE-HOME-OFFICE-FURNITURE-OFFICE-CHAIRS-DESK-CHAIRS/EAZEECHAIRS/N-5YC1VZ2FKP6BNZRQ1
EAZEECHAIRS	EAZEECHAIRS	homedepot.com	HTTPS://WWW.HOMEDEPOT.COM/B/FURNITURE-HOME-OFFICE-FURNITURE-OFFICE-CHAIRS-DESK-CHAIRS-TASK-CHAIRS/EAZEECHAIRS/N-5YC1VZ2FKP6C3ZRQ1
EAZEECHAIRS	EAZEECHAIRS	homedepot.com	HTTPS://WWW.HOMEDEPOT.COM/B/FURNITURE-HOME-OFFICE-FURNITURE-OFFICE-CHAIRS/EAZEECHAIRS/N-5YC1VZC7PGZRQ1
EAZEECHAIRS	EAZEECHAIRS	homedepot.com	HTTPS://WWW.HOMEDEPOT.COM/B/FURNITURE-HOME-OFFICE-FURNITURE-OFFICE-CHAIRS-DESK-CHAIRS-ERGONOMIC-CHAIRS/EAZEECHAIRS/N-5YC1VZ2FKP6C1ZRQ1
EAZEECHAIRS	EAZEECHAIRS	homedepot.com	HTTPS://WWW.HOMEDEPOT.COM/B/EAZEECHAIRS/ERGONOMIC/N-5YC1VZRQ1Z1Z17UUF
EAZYPOWER	EAZYPOWER	homedepot.com	HTTPS://WWW.HOMEDEPOT.COM/B/EAZYPOWER/N-5YC1VZ35T
EAZYPOWER	EAZYPOWER	homedepot.com	HTTPS://WWW.HOMEDEPOT.COM/B/TOOLS-HAND-TOOLS/EAZYPOWER/N-5YC1VZC1ZGZ35T
EAZYPOWER	EAZYPOWER	homedepot.com	HTTPS://WWW.HOMEDEPOT.COM/B/TOOLS-POWER-TOOL-ACCESSORIES-DRILL-BITS/EAZYPOWER/N-5YC1VZC248Z35T
EBELLOHOME	EBELLOHOME	homedepot.com	HTTPS://WWW.HOMEDEPOT.COM/B/FURNITURE-LIVING-ROOM-FURNITURE/EBELLO-HOME/N-5YC1VZC7P3ZLS2
ECARPETGALLERY	ECARPETGALLERY	homedepot.com	HTTPS://WWW.HOMEDEPOT.COM/B/ECARPETGALLERY/AREA-RUG/N-5YC1VZQLXZ1Z0W3EV
ECCOLO	ECCOLO	homedepot.com	HTTPS://WWW.HOMEDEPOT.COM/B/ECCOLO/N-5YC1VZQAC
ECCOSTYLE	ECCOSTYLE	homedepot.com	HTTPS://WWW.HOMEDEPOT.COM/B/FURNITURE/ECCOSTYLE/N-5YC1VZC7PCZO6C
ECCOSTYLE	ECCOSTYLE	homedepot.com	HTTPS://WWW.HOMEDEPOT.COM/B/ECCOSTYLE/N-5YC1VZO6C
ECCOSTYLE	ECCOSTYLE	homedepot.com	HTTPS://WWW.HOMEDEPOT.COM/B/FURNITURE-LIVING-ROOM-FURNITURE-CONSOLE-TABLES/ECCOSTYLE/N-5YC1VZCF7VZO6C
ECCOTEMP	ECCOTEMP	homedepot.com	HTTPS://WWW.HOMEDEPOT.COM/B/ECCOTEMP/N-5YC1VZEB2
ECCOTEMP	ECCOTEMP	homedepot.com	HTTPS://WWW.HOMEDEPOT.COM/B/PLUMBING-WATER-HEATERS-TANKLESS-WATER-HEATERS-TANKLESS-GAS-WATER-HEATERS/ECCOTEMP/N-5YC1VZC1U0ZEB2
ECCOTEMP	ECCOTEMP	homedepot.com	HTTPS://WWW.HOMEDEPOT.COM/B/PLUMBING-WATER-HEATERS/ECCOTEMP/N-5YC1VZBQLYZEB2
ECHOSMILE	ECHOSMILE	homedepot.com	HTTPS://WWW.HOMEDEPOT.COM/B/ECHOSMILE/N-5YC1VZZ7J
ECHOSMILE	ECHOSMILE	homedepot.com	HTTPS://WWW.HOMEDEPOT.COM/B/SPORTS-OUTDOORS-CAMPING-GEAR/ECHOSMILE/N-5YC1VZC452ZZ7J
ECHOTAPE	ECHOTAPE	homedepot.com	HTTPS://WWW.HOMEDEPOT.COM/B/PAINT-PAINT-SUPPLIES-TAPE/ECHOTAPE/N-5YC1VZC5DKZERC
ECHOTAPE	ECHOTAPE	homedepot.com	HTTPS://WWW.HOMEDEPOT.COM/B/PAINT/ECHOTAPE/N-5YC1VZAR2DZERC
ECHOVALLEY	ECHOVALLEY	homedepot.com	HTTPS://WWW.HOMEDEPOT.COM/B/OUTDOORS-GARDEN-CENTER-OUTDOOR-DECOR-GARDEN-DECOR/ECHO-VALLEY/N-5YC1VZCAZFZ9VT
ECKOUNLTD	ECKOUNLTD	homedepot.com	HTTPS://WWW.HOMEDEPOT.COM/B/ECKO-UNLTD/N-5YC1VZU13
ECLIFE	ECLIFE	homedepot.com	HTTPS://WWW.HOMEDEPOT.COM/B/ECLIFE/N-5YC1VZVKP
ECLIFE	ECLIFE	homedepot.com	HTTPS://WWW.HOMEDEPOT.COM/B/BATH-BATHROOM-VANITIES-BATHROOM-VANITIES-WITH-TOPS/ECLIFE/N-5YC1VZCFW5ZVKP
ECLIFE	ECLIFE	homedepot.com	HTTPS://WWW.HOMEDEPOT.COM/B/BATH-BATHROOM-VANITIES/ECLIFE/N-5YC1VZCFV3ZVKP
ECLIPSETOOLS	ECLIPSETOOLS	homedepot.com	HTTPS://WWW.HOMEDEPOT.COM/B/TOOLS/ECLIPSE-TOOLS/N-5YC1VZC1XYZFBG
ECLIPSETOOLS	ECLIPSETOOLS	homedepot.com	HTTPS://WWW.HOMEDEPOT.COM/B/ECLIPSE-TOOLS/N-5YC1VZFBG
ECLIPSETOOLS	ECLIPSETOOLS	homedepot.com	HTTPS://WWW.HOMEDEPOT.COM/B/TOOLS-HAND-TOOLS/ECLIPSE-TOOLS/N-5YC1VZC1ZGZFBG
ECLISSE	ECLISSE	homedepot.com	HTTPS://WWW.HOMEDEPOT.COM/B/ECLISSE/N-5YC1VZLPO
ECO4LIFE	ECO4LIFE	homedepot.com	HTTPS://WWW.HOMEDEPOT.COM/B/ECO4LIFE/N-5YC1VZYJM
ECO4LIFE	ECO4LIFE	homedepot.com	HTTPS://WWW.HOMEDEPOT.COM/B/ELECTRICAL-HOME-SECURITY-SECURITY-CAMERAS/ECO4LIFE/N-5YC1VZC20VZYJM
ECO4LIFE	ECO4LIFE	homedepot.com	HTTPS://WWW.HOMEDEPOT.COM/B/ECO4LIFE/NOVELTY/N-5YC1VZYJMZ1Z1C68H
ECOADVANCE	ECOADVANCE	homedepot.com	HTTPS://WWW.HOMEDEPOT.COM/B/ECO-ADVANCE/N-5YC1VZTEE
ECOADVANCE	ECOADVANCE	homedepot.com	HTTPS://WWW.HOMEDEPOT.COM/B/PAINT-CONCRETE-COATINGS-CONCRETE-SEALERS/ECO-ADVANCE/N-5YC1VZCJ9BZTEE
ECOADVANCE	ECOADVANCE	homedepot.com	HTTPS://WWW.HOMEDEPOT.COM/B/PAINT-EXTERIOR-WOOD-COATINGS-EXTERIOR-WOOD-SEALERS/ECO-ADVANCE/N-5YC1VZAQUXZTEE
ECOAQUA	ECOAQUA	homedepot.com	HTTPS://WWW.HOMEDEPOT.COM/B/APPLIANCES-APPLIANCE-PARTS-REFRIGERATOR-WATER-FILTERS/ECOAQUA/N-5YC1VZC35AZ1Z20HI1
ECOBEE	ECOBEE	homedepot.com	HTTPS://WWW.HOMEDEPOT.COM/B/HEATING-VENTING-COOLING-THERMOSTATS-WIFI-THERMOSTATS/ECOBEE/N-5YC1VZC5KLZEKO
ECOBORDER	ECOBORDER	homedepot.com	HTTPS://WWW.HOMEDEPOT.COM/B/OUTDOORS-GARDEN-CENTER-LANDSCAPING-SUPPLIES-LANDSCAPE-EDGING/ECOBORDER/N-5YC1VZBX74ZCD5
ECOBUST	ECOBUST	homedepot.com	HTTPS://WWW.HOMEDEPOT.COM/B/BUILDING-MATERIALS-CONCRETE-CEMENT-MASONRY/ECOBUST/N-5YC1VZARLKZAHP
ECOBUST	ECOBUST	homedepot.com	HTTPS://WWW.HOMEDEPOT.COM/B/ECOBUST/N-5YC1VZAHP
ECOBUST	ECOBUST	homedepot.com	HTTPS://WWW.HOMEDEPOT.COM/B/BUILDING-MATERIALS/ECOBUST/N-5YC1VZAQNSZAHP
ECOBUST	ECOBUST	homedepot.com	HTTPS://WWW.HOMEDEPOT.COM/B/ECOBUST/N-5YC1VZAHPZBWO5M
ECOCLEAN	ECOCLEAN	homedepot.com	HTTPS://WWW.HOMEDEPOT.COM/B/CLEANING-CLEANING-PRODUCTS/ECO-CLEAN/N-5YC1VZCB33ZNAQ
ECOCLEAN	ECOCLEAN	homedepot.com	HTTPS://WWW.HOMEDEPOT.COM/B/CLEANING-CLEANING-PRODUCTS-ALL-PURPOSE-CLEANERS/ECO-CLEAN/N-5YC1VZCB2PZNAQ
ECOCLEAN	ECOCLEAN	homedepot.com	HTTPS://WWW.HOMEDEPOT.COM/B/ECO-CLEAN/N-5YC1VZNAQ
ECOCLEARPRODUCTS	ECOCLEARPRODUCTS	homedepot.com	HTTPS://WWW.HOMEDEPOT.COM/B/ECOCLEAR-PRODUCTS/N-5YC1VZXT7
ECOCLEARPRODUCTS	ECOCLEARPRODUCTS	homedepot.com	HTTPS://WWW.HOMEDEPOT.COM/B/OUTDOORS-GARDEN-CENTER-PEST-CONTROL-ANIMAL-RODENT-CONTROL/ECOCLEAR-PRODUCTS/N-5YC1VZ2FKOQFUZXT7
ECOCLEARPRODUCTS	ECOCLEARPRODUCTS	homedepot.com	HTTPS://WWW.HOMEDEPOT.COM/B/OUTDOORS-GARDEN-CENTER-PEST-CONTROL/ECOCLEAR-PRODUCTS/N-5YC1VZBX4WZXT7
ECOCORKFOAM	ECOCORKFOAM	homedepot.com	HTTPS://WWW.HOMEDEPOT.COM/B/FLOORING-FLOORING-SUPPLIES-SURFACE-PREP-UNDERLAYMENT/ECO-CORK-FOAM/N-5YC1VZCDTWZD70
ECOCORKFOAM	ECOCORKFOAM	homedepot.com	HTTPS://WWW.HOMEDEPOT.COM/B/ECO-CORK-FOAM/N-5YC1VZD70
ECOCORKFOAM	ECOCORKFOAM	homedepot.com	HTTPS://WWW.HOMEDEPOT.COM/B/FLOORING-FLOORING-SUPPLIES-SURFACE-PREP-UNDERLAYMENT/ECO-CORK-FOAM/RADIANT-HEAT/N-5YC1VZCDTWZD70Z1Z0KIPY
ECOCORKFOAM	ECOCORKFOAM	homedepot.com	HTTPS://WWW.HOMEDEPOT.COM/B/ECO-CORK-FOAM/PICK-UP-TODAY/N-5YC1VZD70Z1Z175A5
ECOCORKFOAM	ECOCORKFOAM	homedepot.com	HTTPS://WWW.HOMEDEPOT.COM/B/FLOORING-FLOORING-SUPPLIES-SURFACE-PREP-UNDERLAYMENT/ECO-CORK-FOAM/CORK/N-5YC1VZCDTWZD70Z1Z0MF2A
ECODECORS	ECODECORS	homedepot.com	HTTPS://WWW.HOMEDEPOT.COM/B/ECODECORS/N-5YC1VZMB2
ECODECORS	ECODECORS	homedepot.com	HTTPS://WWW.HOMEDEPOT.COM/B/BATH-BATHROOM-VANITIES/ECODECORS/N-5YC1VZCFV3ZMB2
ECODECORS	ECODECORS	homedepot.com	HTTPS://WWW.HOMEDEPOT.COM/B/BATH-BATHROOM-SAFETY-SHOWER-SEATS/ECODECORS/N-5YC1VZCFW7ZMB2
ECODUTY	ECODUTY	homedepot.com	HTTPS://WWW.HOMEDEPOT.COM/B/OUTDOORS-GARDEN-CENTER-PLANT-SUPPORT/ECODUTY/PLANT-SUPPORT-PROTECTION/N-5YC1VZBX6IZE2MZ1Z17C0B
ECODUTY	ECODUTY	homedepot.com	HTTPS://WWW.HOMEDEPOT.COM/B/OUTDOORS-GARDEN-CENTER-PLANT-SUPPORT-GARDEN-STAKES/ECODUTY/N-5YC1VZCIAPZE2M
ECOFAN	ECOFAN	homedepot.com	HTTPS://WWW.HOMEDEPOT.COM/B/ECOFAN/N-5YC1VZN0M
ECOFIRE	ECOFIRE	homedepot.com	HTTPS://WWW.HOMEDEPOT.COM/B/ECOFIRE/N-5YC1VZR8Q
ECOFIRE	ECOFIRE	homedepot.com	HTTPS://WWW.HOMEDEPOT.COM/B/HEATING-VENTING-COOLING-FIREPLACES/ECOFIRE/N-5YC1VZC4LBZR8Q
ECOFIRE	ECOFIRE	homedepot.com	HTTPS://WWW.HOMEDEPOT.COM/B/OUTDOORS-OUTDOOR-HEATING-FIREWOOD/ECOFIRE/N-5YC1VZC6NBZR8Q
ECOFIRE	ECOFIRE	homedepot.com	HTTPS://WWW.HOMEDEPOT.COM/B/OUTDOORS-OUTDOOR-HEATING/ECOFIRE/N-5YC1VZC6NEZR8Q
ECOFLEX	ECOFLEX	homedepot.com	HTTPS://WWW.HOMEDEPOT.COM/B/ECOFLEX/N-5YC1VZLV0
ECOFLOW	ECOFLOW	homedepot.com	HTTPS://WWW.HOMEDEPOT.COM/B/ECOFLOW/N-5YC1VZNDU
ECOFOREST	ECOFOREST	homedepot.com	HTTPS://WWW.HOMEDEPOT.COM/B/OUTDOORS-OUTDOOR-HEATING-FIREWOOD/ECOFOREST/N-5YC1VZC6NBZ5ZA
ECOFOREST	ECOFOREST	homedepot.com	HTTPS://WWW.HOMEDEPOT.COM/B/OUTDOORS-GARDEN-CENTER-GARDEN-TOOLS-GARDENING-TOOLS/ECOFOREST/N-5YC1VZC5QQZ5ZA
ECOFOREST	ECOFOREST	homedepot.com	HTTPS://WWW.HOMEDEPOT.COM/B/OUTDOORS-GARDEN-CENTER-LANDSCAPING-SUPPLIES-MULCH/ECOFOREST/N-5YC1VZBX4AZ5ZA
ECOFOREST	ECOFOREST	homedepot.com	HTTPS://WWW.HOMEDEPOT.COM/B/ECOFOREST/N-5YC1VZ5ZA
ECOGREEN	ECOGREEN	homedepot.com	HTTPS://WWW.HOMEDEPOT.COM/B/OUTDOORS-GARDEN-CENTER-LANDSCAPING-SUPPLIES/ECOGREEN/N-5YC1VZBX51ZE8W
ECOHEATER	ECOHEATER	homedepot.com	HTTPS://WWW.HOMEDEPOT.COM/B/HEATING-VENTING-COOLING-HEATERS-WALL-HEATERS-ELECTRIC-WALL-HEATERS/ECO-HEATER/N-5YC1VZC7DUZ449
ECOHEATER	ECOHEATER	homedepot.com	HTTPS://WWW.HOMEDEPOT.COM/B/ECO-HEATER/N-5YC1VZ449
ECOHOUZNG	ECOHOUZNG	homedepot.com	HTTPS://WWW.HOMEDEPOT.COM/B/ECOHOUZNG/N-5YC1VZORX
ECOHOUZNG	ECOHOUZNG	homedepot.com	HTTPS://WWW.HOMEDEPOT.COM/B/HEATING-VENTING-COOLING-AIR-CONDITIONERS-PORTABLE-AIR-CONDITIONERS/ECOHOUZNG/N-5YC1VZC4M4ZORX
ECOHOUZNG	ECOHOUZNG	homedepot.com	HTTPS://WWW.HOMEDEPOT.COM/B/HEATING-VENTING-COOLING-FANS/ECOHOUZNG/N-5YC1VZC4LWZORX
ECOLAB	ECOLAB	homedepot.com	HTTPS://WWW.HOMEDEPOT.COM/B/CLEANING/ECOLAB/N-5YC1VZBQSIZIXR
ECOLAB	ECOLAB	homedepot.com	HTTPS://WWW.HOMEDEPOT.COM/B/ECOLAB/N-5YC1VZIXR
ECOLOGIC	ECOLOGIC	homedepot.com	HTTPS://WWW.HOMEDEPOT.COM/B/ECOLOGIC/N-5YC1VZFP5
ECOLUTION	ECOLUTION	homedepot.com	HTTPS://WWW.HOMEDEPOT.COM/B/ECOLUTION/N-5YC1VZCWA
ECOLUTION	ECOLUTION	homedepot.com	HTTPS://WWW.HOMEDEPOT.COM/B/KITCHEN-KITCHENWARE-COOKWARE/ECOLUTION/N-5YC1VZC7G9ZCWA
ECOMAX	ECOMAX	homedepot.com	HTTPS://WWW.HOMEDEPOT.COM/B/ECOMAX/N-5YC1VZYAU
ECOMAX	ECOMAX	homedepot.com	HTTPS://WWW.HOMEDEPOT.COM/B/TOOLS-AIR-COMPRESSOR-TOOLS-AIR-COMPRESSORS/ECOMAX/N-5YC1VZC27PZYAU
ECONAT	ECONAT	homedepot.com	HTTPS://WWW.HOMEDEPOT.COM/B/ECONAT/N-5YC1VZMT5
ECONAT	ECONAT	homedepot.com	HTTPS://WWW.HOMEDEPOT.COM/B/HEATING-VENTING-COOLING-HEATERS/ECONAT/N-5YC1VZC4L7ZMT5
ECONAT	ECONAT	homedepot.com	HTTPS://WWW.HOMEDEPOT.COM/B/HEATING-VENTING-COOLING-HEATERS-SPACE-HEATERS-ELECTRIC-HEATERS/ECONAT/N-5YC1VZC4LOZMT5
ECONAT	ECONAT	homedepot.com	HTTPS://WWW.HOMEDEPOT.COM/B/ECONAT/PORTABLE/N-5YC1VZMT5Z1Z0KA49
ECONAT	ECONAT	homedepot.com	HTTPS://WWW.HOMEDEPOT.COM/B/HOME-DECOR-FRAGRANCE-CANDLES-CANDLES/ECONAT/N-5YC1VZCF9ZZMT5
ECONAT	ECONAT	homedepot.com	HTTPS://WWW.HOMEDEPOT.COM/B/STORAGE-ORGANIZATION-LAUNDRY-ROOM-STORAGE/ECONAT/N-5YC1VZC89HZMT5
ECONAT	ECONAT	homedepot.com	HTTPS://WWW.HOMEDEPOT.COM/B/STORAGE-ORGANIZATION-LAUNDRY-ROOM-STORAGE-IRONING-BOARDS/ECONAT/IRONING-BOARD/N-5YC1VZCHD0ZMT5Z1Z0KA3Y
ECONOCO	ECONOCO	homedepot.com	HTTPS://WWW.HOMEDEPOT.COM/B/ECONOCO/N-5YC1VZN7L
ECONOCO	ECONOCO	homedepot.com	HTTPS://WWW.HOMEDEPOT.COM/B/STORAGE-ORGANIZATION-SHELVING/ECONOCO/N-5YC1VZC89KZN7L
ECONOHOME	ECONOHOME	homedepot.com	HTTPS://WWW.HOMEDEPOT.COM/B/ECONOHOME/N-5YC1VZUBK
ECONOHOME	ECONOHOME	homedepot.com	HTTPS://WWW.HOMEDEPOT.COM/B/ECONOHOME/HEATING/N-5YC1VZUBKZ1Z0UN6A
ECOOPTS	ECOOPTS	homedepot.com	HTTPS://WWW.HOMEDEPOT.COM/B/STORAGE-ORGANIZATION-OUTDOOR-STORAGE/ECOOPTS/N-5YC1VZBU96Z10JN
ECOPEDIC	ECOPEDIC	homedepot.com	HTTPS://WWW.HOMEDEPOT.COM/B/ECOPEDIC/N-5YC1VZOHA
ECOPOLY	ECOPOLY	homedepot.com	HTTPS://WWW.HOMEDEPOT.COM/B/ECOPOLY/N-5YC1VZPGZ
ECOPOLY	ECOPOLY	homedepot.com	HTTPS://WWW.HOMEDEPOT.COM/B/PLUMBING-PIPE-FITTINGS-FITTINGS-PEX-FITTINGS/ECOPOLY/N-5YC1VZ1Z18I38ZPGZ
ECOPOLY	ECOPOLY	homedepot.com	HTTPS://WWW.HOMEDEPOT.COM/B/PLUMBING-PIPE-FITTINGS-FITTINGS/ECOPOLY/N-5YC1VZ1Z18I3TZPGZ
ECOPURE	ECOPURE	homedepot.com	HTTPS://WWW.HOMEDEPOT.COM/B/ECOPURE/N-5YC1VZCC6
ECOPURE	ECOPURE	homedepot.com	HTTPS://WWW.HOMEDEPOT.COM/B/PLUMBING-WATER-FILTERS/ECOPURE/N-5YC1VZARMZZCC6
ECOPURE	ECOPURE	homedepot.com	HTTPS://WWW.HOMEDEPOT.COM/B/PLUMBING-WATER-FILTERS-WATER-SOFTENERS-WATER-SOFTENER-SYSTEMS/ECOPURE/N-5YC1VZC6SBZCC6
ECOS	ECOS	homedepot.com	HTTPS://WWW.HOMEDEPOT.COM/B/CLEANING/ECOS/N-5YC1VZBQSIZBHO
ECOSCRAPS	ECOSCRAPS	homedepot.com	HTTPS://WWW.HOMEDEPOT.COM/B/ECOSCRAPS/N-5YC1VZAUX
ECOSCRAPS	ECOSCRAPS	homedepot.com	HTTPS://WWW.HOMEDEPOT.COM/B/OUTDOORS-GARDEN-CENTER-ORGANIC-GARDENING/ECOSCRAPS/N-5YC1VZ1Z18GPNZAUX
ECOSCRAPS	ECOSCRAPS	homedepot.com	HTTPS://WWW.HOMEDEPOT.COM/B/OUTDOORS-GARDEN-CENTER-ORGANIC-GARDENING-ORGANIC-SOIL/ECOSCRAPS/N-5YC1VZ1Z18GPOZAUX
ECOSCRAPS	ECOSCRAPS	homedepot.com	HTTPS://WWW.HOMEDEPOT.COM/B/OUTDOORS-GARDEN-CENTER-ORGANIC-GARDENING-ORGANIC-PLANT-FOOD/ECOSCRAPS/N-5YC1VZ1Z18GPRZAUX
ECOSMART	ECOSMART	homedepot.com	HTTPS://WWW.HOMEDEPOT.COM/B/LIGHTING-LIGHT-BULBS/ECOSMART/N-5YC1VZBMBUZ4B8
ECOSMART	ECOSMART	homedepot.com	HTTPS://WWW.HOMEDEPOT.COM/B/OUTDOORS-GARDEN-CENTER-PEST-CONTROL/ECOSMART/N-5YC1VZBX4WZ4B8
ECOSMART	ECOSMART	homedepot.com	HTTPS://WWW.HOMEDEPOT.COM/B/PLUMBING-WATER-HEATERS-TANKLESS-WATER-HEATERS-TANKLESS-ELECTRIC-WATER-HEATERS/ECOSMART/N-5YC1VZC1TYZ4B8
ECOSMART	ECOSMART	homedepot.com	HTTPS://WWW.HOMEDEPOT.COM/B/OUTDOORS-GARDEN-CENTER-PEST-CONTROL-INSECT-CONTROL-INSECT-KILLERS/ECOSMART/N-5YC1VZ2FKOQG8Z4B8
ECOSOLUTION	ECOSOLUTION	homedepot.com	HTTPS://WWW.HOMEDEPOT.COM/B/STORAGE-ORGANIZATION-STORAGE-CONTAINERS/ECOSOLUTION/N-5YC1VZCFZIZV5R
ECOSOLUTION	ECOSOLUTION	homedepot.com	HTTPS://WWW.HOMEDEPOT.COM/B/ECOSOLUTION/6/N-5YC1VZV5RZ1Z0Y5SP
ECOSOLUTION	ECOSOLUTION	homedepot.com	HTTPS://WWW.HOMEDEPOT.COM/B/STORAGE-ORGANIZATION-STORAGE-CONTAINERS-STORAGE-BINS/ECOSOLUTION/N-5YC1VZCL3ZZV5R
ECOSOLUTION	ECOSOLUTION	homedepot.com	HTTPS://WWW.HOMEDEPOT.COM/B/CLEANING-TRASH-RECYCLING-TRASH-CANS-OUTDOOR-TRASH-CANS/ECOSOLUTION/N-5YC1VZ2FKOWJAZV5R
ECOSOLUTION	ECOSOLUTION	homedepot.com	HTTPS://WWW.HOMEDEPOT.COM/B/ECOSOLUTION/STORAGE-BINS-AND-TOTES/N-5YC1VZV5RZ1Z0TUQH
ECOSPRO	ECOSPRO	homedepot.com	HTTPS://WWW.HOMEDEPOT.COM/B/CLEANING/ECOS-PRO/N-5YC1VZBQSIZO5Y
ECOSPRO	ECOSPRO	homedepot.com	HTTPS://WWW.HOMEDEPOT.COM/B/CLEANING-CLEANING-PRODUCTS/ECOS-PRO/N-5YC1VZCB33ZO5Y
ECOSPRO	ECOSPRO	homedepot.com	HTTPS://WWW.HOMEDEPOT.COM/B/CLEANING-CLEANING-PRODUCTS-ALL-PURPOSE-CLEANERS/ECOS-PRO/N-5YC1VZCB2PZO5Y
ECOSTAKE	ECOSTAKE	homedepot.com	HTTPS://WWW.HOMEDEPOT.COM/B/ECOSTAKE/N-5YC1VZSIF
ECOSTAKE	ECOSTAKE	homedepot.com	HTTPS://WWW.HOMEDEPOT.COM/B/OUTDOORS-GARDEN-CENTER-PLANT-SUPPORT/ECOSTAKE/N-5YC1VZBX6IZSIF
ECOTEX	ECOTEX	homedepot.com	HTTPS://WWW.HOMEDEPOT.COM/B/ECOTEX/N-5YC1VZQP2
ECOTHINK	ECOTHINK	homedepot.com	HTTPS://WWW.HOMEDEPOT.COM/B/LIGHTING-OUTDOOR-LIGHTING-LANDSCAPE-LIGHTING/ECOTHINK/N-5YC1VZC7Q6ZGOF
ECOTHINK	ECOTHINK	homedepot.com	HTTPS://WWW.HOMEDEPOT.COM/B/OUTDOORS-GARDEN-CENTER-PEST-CONTROL-INSECT-CONTROL/ECOTHINK/N-5YC1VZCALOZGOF
ECOTHINK	ECOTHINK	homedepot.com	HTTPS://WWW.HOMEDEPOT.COM/B/LIGHTING/ECOTHINK/N-5YC1VZBVN5ZGOF
ECOTHINK	ECOTHINK	homedepot.com	HTTPS://WWW.HOMEDEPOT.COM/B/LIGHTING-OUTDOOR-LIGHTING/ECOTHINK/N-5YC1VZC7QVZGOF
ECOTHINK	ECOTHINK	homedepot.com	HTTPS://WWW.HOMEDEPOT.COM/B/OUTDOORS-GARDEN-CENTER-PEST-CONTROL/EZ-CLONE/ECOTHINK/GOODNATURE/NATRIA/N-5YC1VZBX4WZ1FFZ7EBZ829ZF6NZGOFZMKKZNQUZTIZ?NCNI-5
ECOTHINK	ECOTHINK	homedepot.com	HTTPS://WWW.HOMEDEPOT.COM/B/LIGHTING-OUTDOOR-LIGHTING-OUTDOOR-SECURITY-LIGHTING/ECOTHINK/N-5YC1VZC7QFZGOF
ECOTRONIC	ECOTRONIC	homedepot.com	HTTPS://WWW.HOMEDEPOT.COM/B/HEATING-VENTING-COOLING-HEATERS-SPACE-HEATERS/ECOTRONIC/N-5YC1VZC4LHZFFV
ECOTRONIC	ECOTRONIC	homedepot.com	HTTPS://WWW.HOMEDEPOT.COM/B/ECOTRONIC/N-5YC1VZFFV
ECOVENGER	ECOVENGER	homedepot.com	HTTPS://WWW.HOMEDEPOT.COM/B/OUTDOORS-GARDEN-CENTER-PEST-CONTROL-INSECT-CONTROL/ECOVENGER/N-5YC1VZCALOZTPS
ECOVENGER	ECOVENGER	homedepot.com	HTTPS://WWW.HOMEDEPOT.COM/B/OUTDOORS-GARDEN-CENTER-PEST-CONTROL/ECOVENGER/N-5YC1VZBX4WZTPS
ECOWATER	ECOWATER	homedepot.com	HTTPS://WWW.HOMEDEPOT.COM/B/PLUMBING-WATER-FILTERS-WATER-SOFTENERS-WATER-SOFTENER-SYSTEMS/ECOWATER/N-5YC1VZC6SBZYSU
ECOWATER	ECOWATER	homedepot.com	HTTPS://WWW.HOMEDEPOT.COM/B/PLUMBING-WATER-FILTERS/ECOWATER/N-5YC1VZARMZZYSU
ECOWATER	ECOWATER	homedepot.com	HTTPS://WWW.HOMEDEPOT.COM/B/PLUMBING-WATER-FILTERS-WATER-SOFTENERS/ECOWATER/N-5YC1VZAQ3YZYSU
ECOWELL	ECOWELL	homedepot.com	HTTPS://WWW.HOMEDEPOT.COM/B/ECOWELL/N-5YC1VZXQ2
ECOXGEAR	ECOXGEAR	homedepot.com	HTTPS://WWW.HOMEDEPOT.COM/B/ECOXGEAR/N-5YC1VZF0O
EDDIEBAUER	EDDIEBAUER	homedepot.com	HTTPS://WWW.HOMEDEPOT.COM/B/EDDIE-BAUER/N-5YC1VZNSY
EDELLENDEGENERES	EDELLENDEGENERES	homedepot.com	HTTPS://WWW.HOMEDEPOT.COM/B/HIGHLY-RATED/ED-ELLEN-DEGENERES/N-5YC1VZSTKZBWO5O
EDELMANN	EDELMANN	homedepot.com	HTTPS://WWW.HOMEDEPOT.COM/B/EDELMANN/N-5YC1VZNW9
EDELMANN	EDELMANN	homedepot.com	HTTPS://WWW.HOMEDEPOT.COM/B/GARAGE-AUTOMOTIVE-AUTO-PARTS/EDELMANN/N-5YC1VZC8SSZNW9
EDELMANN	EDELMANN	homedepot.com	HTTPS://WWW.HOMEDEPOT.COM/B/AUTOMOTIVE/EDELMANN/N-5YC1VZC8O1ZNW9
EDENBATH	EDENBATH	homedepot.com	HTTPS://WWW.HOMEDEPOT.COM/B/EDEN-BATH/N-5YC1VZGLZ
EDENBATH	EDENBATH	homedepot.com	HTTPS://WWW.HOMEDEPOT.COM/B/BATH-BATHROOM-SINKS-VESSEL-SINKS/EDEN-BATH/N-5YC1VZBZ9IZGLZ
EDENBATH	EDENBATH	homedepot.com	HTTPS://WWW.HOMEDEPOT.COM/B/BATH-BATHROOM-SINKS/EDEN-BATH/N-5YC1VZBZB0ZGLZ
EDENBATH	EDENBATH	homedepot.com	HTTPS://WWW.HOMEDEPOT.COM/B/BATH-BATHROOM-VANITIES/EDEN-BATH/N-5YC1VZCFV3ZGLZ
EDENBRANCH	EDENBRANCH	homedepot.com	HTTPS://WWW.HOMEDEPOT.COM/B/OUTDOORS-OUTDOOR-HEATING-PATIO-HEATERS/EDENBRANCH/N-5YC1VZC6NFZP5E
EDENBRANCH	EDENBRANCH	homedepot.com	HTTPS://WWW.HOMEDEPOT.COM/B/HEATING-VENTING-COOLING-FIREPLACES/EDENBRANCH/N-5YC1VZC4LBZP5E
EDENBRANCH	EDENBRANCH	homedepot.com	HTTPS://WWW.HOMEDEPOT.COM/B/HEATING-VENTING-COOLING-FIREPLACES-ELECTRIC-FIREPLACES/EDENBRANCH/N-5YC1VZC4MQZP5E
EDENPURE	EDENPURE	homedepot.com	HTTPS://WWW.HOMEDEPOT.COM/B/HEATING-VENTING-COOLING-HEATERS-SPACE-HEATERS-ELECTRIC-HEATERS/EDENPURE/N-5YC1VZC4LOZE9Q
EDGECRAFT	EDGECRAFT	homedepot.com	HTTPS://WWW.HOMEDEPOT.COM/B/EDGECRAFT/N-5YC1VZBJV
EDGECRAFT	EDGECRAFT	homedepot.com	HTTPS://WWW.HOMEDEPOT.COM/B/KITCHEN-KITCHENWARE-CUTLERY-KNIFE-SHARPENERS/EDGECRAFT/N-5YC1VZCF10ZBJV
EDGEKEEPER	EDGEKEEPER	homedepot.com	HTTPS://WWW.HOMEDEPOT.COM/B/KITCHEN-KITCHENWARE-CUTLERY-KNIFE-SETS/EDGEKEEPER/N-5YC1VZCF1OZ1Z1ALZ2
EDGEMOD	EDGEMOD	homedepot.com	HTTPS://WWW.HOMEDEPOT.COM/B/FURNITURE/EDGEMOD/N-5YC1VZC7PCZR53
EDGEMOD	EDGEMOD	homedepot.com	HTTPS://WWW.HOMEDEPOT.COM/B/FURNITURE-BAR-FURNITURE-BAR-STOOLS/EDGEMOD/N-5YC1VZC7OFZR53
EDGEMOD	EDGEMOD	homedepot.com	HTTPS://WWW.HOMEDEPOT.COM/B/FURNITURE-KITCHEN-DINING-ROOM-FURNITURE-DINING-CHAIRS/EDGEMOD/N-5YC1VZC7P6ZR53
EDGEMOD	EDGEMOD	homedepot.com	HTTPS://WWW.HOMEDEPOT.COM/B/EDGEMOD/BUILT-IN-STORAGE/N-5YC1VZR53Z1Z0M127
EDGEMOD	EDGEMOD	homedepot.com	HTTPS://WWW.HOMEDEPOT.COM/B/FURNITURE-HOME-OFFICE-FURNITURE-DESKS-COMPUTER-DESKS/EDGEMOD/N-5YC1VZ2FKOUVVZR53
EDGEMODFURNITURE	EDGEMODFURNITURE	homedepot.com	HTTPS://WWW.HOMEDEPOT.COM/B/FURNITURE-KITCHEN-DINING-ROOM-FURNITURE/EDGEMOD-FURNITURE/N-5YC1VZC7OUZLV3
EDGEOFBELGRAVIA	EDGEOFBELGRAVIA	homedepot.com	HTTPS://WWW.HOMEDEPOT.COM/B/EDGE-OF-BELGRAVIA/N-5YC1VZORJ
EDGERIGHT	EDGERIGHT	homedepot.com	HTTPS://WWW.HOMEDEPOT.COM/B/OUTDOORS-GARDEN-CENTER-LANDSCAPING-SUPPLIES-LANDSCAPE-EDGING/EDGE-RIGHT/N-5YC1VZBX74ZTUI
EDGESTAR	EDGESTAR	homedepot.com	HTTPS://WWW.HOMEDEPOT.COM/B/APPLIANCES/EDGESTAR/N-5YC1VZBV1WZOV6
EDGESTAR	EDGESTAR	homedepot.com	HTTPS://WWW.HOMEDEPOT.COM/B/APPLIANCES-BEVERAGE-COOLERS/EDGESTAR/N-5YC1VZC3O4ZOV6
EDGEWOOD	EDGEWOOD	homedepot.com	HTTPS://WWW.HOMEDEPOT.COM/B/EDGEWOOD/N-5YC1VZVJ9
EDIEHOME	EDIEHOME	homedepot.com	HTTPS://WWW.HOMEDEPOT.COM/B/HOME-DECOR-THROW-PILLOWS/EDIE@HOME/N-5YC1VZC1KYZOLE
EDIEHOME	EDIEHOME	homedepot.com	HTTPS://WWW.HOMEDEPOT.COM/B/HOME-DECOR/EDIE@HOME/N-5YC1VZAS6PZOLE
EDIEHOME	EDIEHOME	homedepot.com	HTTPS://WWW.HOMEDEPOT.COM/B/EDIE@HOME/N-5YC1VZOLE
EDINGTON	EDINGTON	homedepot.com	HTTPS://WWW.HOMEDEPOT.COM/B/OUTDOORS-PATIO-FURNITURE/EDINGTON/N-5YC1VZBX4OZ1Z0W57J
EDINGTON	EDINGTON	homedepot.com	HTTPS://WWW.HOMEDEPOT.COM/B/HAMPTON-BAY/EDINGTON/N-5YC1VZP4Z1Z0W57J
EDINGTON	EDINGTON	homedepot.com	HTTPS://WWW.HOMEDEPOT.COM/B/OUTDOORS-PATIO-FURNITURE-PATIO-CHAIRS-OUTDOOR-LOUNGE-CHAIRS/HAMPTON-BAY/EDINGTON/N-5YC1VZCCG2ZP4Z1Z0W57J
EDISHINE	EDISHINE	homedepot.com	HTTPS://WWW.HOMEDEPOT.COM/B/EDISHINE/N-5YC1VZZ2S
EDISHINE	EDISHINE	homedepot.com	HTTPS://WWW.HOMEDEPOT.COM/B/LIGHTING-LAMPS-FLOOR-LAMPS/EDISHINE/N-5YC1VZC7NOZZ2S
EDISHINE	EDISHINE	homedepot.com	HTTPS://WWW.HOMEDEPOT.COM/B/LIGHTING-LIGHT-BULBS-LED-LIGHT-BULBS/EDISHINE/N-5YC1VZBM79ZZ2S
EDISHINE	EDISHINE	homedepot.com	HTTPS://WWW.HOMEDEPOT.COM/B/LIGHTING-LAMPS/EDISHINE/N-5YC1VZC7PDZZ2S
EDISHINE	EDISHINE	homedepot.com	HTTPS://WWW.HOMEDEPOT.COM/B/LIGHTING-PENDANT-LIGHTS/EDISHINE/N-5YC1VZC7NUZZ2S
EDISLIVE	EDISLIVE	homedepot.com	HTTPS://WWW.HOMEDEPOT.COM/B/LIGHTING/EDISLIVE/N-5YC1VZBVN5ZV7H
EDISLIVE	EDISLIVE	homedepot.com	HTTPS://WWW.HOMEDEPOT.COM/B/LIGHTING/EDISLIVE/BLACK/N-5YC1VZBVN5ZV7HZ1Z0W31I
EDISLIVE	EDISLIVE	homedepot.com	HTTPS://WWW.HOMEDEPOT.COM/B/LIGHTING-FLUSH-MOUNT-CEILING-LIGHTS/EDISLIVE/N-5YC1VZC7NKZV7H
EDISLIVE	EDISLIVE	homedepot.com	HTTPS://WWW.HOMEDEPOT.COM/B/LIGHTING-VANITY-LIGHTING/EDISLIVE/N-5YC1VZC7PRZV7H
EDISLIVE	EDISLIVE	homedepot.com	HTTPS://WWW.HOMEDEPOT.COM/B/EDISLIVE/N-5YC1VZV7H
EDISLIVE	EDISLIVE	homedepot.com	HTTPS://WWW.HOMEDEPOT.COM/B/EDISLIVE/SEMI-FLUSH-MOUNT-LIGHTING/N-5YC1VZV7HZ1Z18OPD
EDISLIVE	EDISLIVE	homedepot.com	HTTPS://WWW.HOMEDEPOT.COM/B/EDISLIVE/INCANDESCENT/N-5YC1VZV7HZ1Z1AJB6
EDSAL	EDSAL	homedepot.com	HTTPS://WWW.HOMEDEPOT.COM/B/EDSAL/N-5YC1VZ1PO
EDSAL	EDSAL	homedepot.com	HTTPS://WWW.HOMEDEPOT.COM/B/STORAGE-ORGANIZATION-SHELVING/EDSAL/N-5YC1VZC89KZ1PO
EDSAL	EDSAL	homedepot.com	HTTPS://WWW.HOMEDEPOT.COM/B/STORAGE-ORGANIZATION/EDSAL/N-5YC1VZAS7EZ1PO
EDVIVI	EDVIVI	homedepot.com	HTTPS://WWW.HOMEDEPOT.COM/B/LIGHTING-CHANDELIERS/EDVIVI/N-5YC1VZC7O0ZN7D
EDVIVI	EDVIVI	homedepot.com	HTTPS://WWW.HOMEDEPOT.COM/B/LIGHTING/EDVIVI/N-5YC1VZBVN5ZN7D
EDVIVI	EDVIVI	homedepot.com	HTTPS://WWW.HOMEDEPOT.COM/B/LIGHTING-OUTDOOR-LIGHTING/EDVIVI/N-5YC1VZC7QVZN7D
EDVIVI	EDVIVI	homedepot.com	HTTPS://WWW.HOMEDEPOT.COM/B/LIGHTING-PENDANT-LIGHTS/EDVIVI/N-5YC1VZC7NUZN7D
EDVIVI	EDVIVI	homedepot.com	HTTPS://WWW.HOMEDEPOT.COM/B/LIGHTING-VANITY-LIGHTING/EDVIVI/N-5YC1VZC7PRZN7D
EDVIVI	EDVIVI	homedepot.com	HTTPS://WWW.HOMEDEPOT.COM/B/EDVIVI/N-5YC1VZN7D
EDVIVI	EDVIVI	homedepot.com	HTTPS://WWW.HOMEDEPOT.COM/B/LIGHTING-CHANDELIERS/EDVIVI/6-LIGHT/N-5YC1VZC7O0ZN7DZ1Z1SEPC
EDWINSCHOICE	EDWINSCHOICE	homedepot.com	HTTPS://WWW.HOMEDEPOT.COM/B/FURNITURE-LIVING-ROOM-FURNITURE/EDWINS-CHOICE/N-5YC1VZC7P3ZV9F
EDWINSCHOICE	EDWINSCHOICE	homedepot.com	HTTPS://WWW.HOMEDEPOT.COM/B/FURNITURE-LIVING-ROOM-FURNITURE-TV-STANDS/EDWINS-CHOICE/N-5YC1VZCFCTZV9F
EDWINSCHOICE	EDWINSCHOICE	homedepot.com	HTTPS://WWW.HOMEDEPOT.COM/B/FURNITURE-LIVING-ROOM-FURNITURE-SOFAS-COUCHES/EDWINS-CHOICE/N-5YC1VZC7OYZV9F
EDWINSCHOICE	EDWINSCHOICE	homedepot.com	HTTPS://WWW.HOMEDEPOT.COM/B/FURNITURE-LIVING-ROOM-FURNITURE-COFFEE-TABLES/EDWINS-CHOICE/N-5YC1VZCF8ZZV9F
EDWINSCHOICE	EDWINSCHOICE	homedepot.com	HTTPS://WWW.HOMEDEPOT.COM/B/FURNITURE-KITCHEN-DINING-ROOM-FURNITURE-SIDEBOARDS-BUFFET-TABLES/EDWINS-CHOICE/N-5YC1VZC7O2ZV9F
EDYOLIVING	EDYOLIVING	homedepot.com	HTTPS://WWW.HOMEDEPOT.COM/B/EDYO-LIVING/N-5YC1VZTXU
EDYOLIVING	EDYOLIVING	homedepot.com	HTTPS://WWW.HOMEDEPOT.COM/B/OUTDOORS-PATIO-FURNITURE/EDYO-LIVING/N-5YC1VZBX4OZTXU
EDYOLIVING	EDYOLIVING	homedepot.com	HTTPS://WWW.HOMEDEPOT.COM/B/OUTDOORS-PATIO-FURNITURE-OUTDOOR-LOUNGE-FURNITURE/EDYO-LIVING/N-5YC1VZCFJ3ZTXU
EDYOLIVING	EDYOLIVING	homedepot.com	HTTPS://WWW.HOMEDEPOT.COM/B/OUTDOORS-PATIO-FURNITURE-OUTDOOR-LOUNGE-FURNITURE-PATIO-CONVERSATION-SETS/EDYO-LIVING/N-5YC1VZBX97ZTXU
EEMAX	EEMAX	homedepot.com	HTTPS://WWW.HOMEDEPOT.COM/B/PLUMBING-WATER-HEATERS-TANKLESS-WATER-HEATERS-TANKLESS-ELECTRIC-WATER-HEATERS/EEMAX/N-5YC1VZC1TYZBUW
EEMERSONTOOLCO	EEMERSONTOOLCO	homedepot.com	HTTPS://WWW.HOMEDEPOT.COM/B/TOOLS/E-EMERSON-TOOL-CO/N-5YC1VZC1XYZO1U
EEMERSONTOOLCO	EEMERSONTOOLCO	homedepot.com	HTTPS://WWW.HOMEDEPOT.COM/B/E-EMERSON-TOOL-CO/N-5YC1VZO1U
EEMERSONTOOLCO	EEMERSONTOOLCO	homedepot.com	HTTPS://WWW.HOMEDEPOT.COM/B/TOOLS-HAND-TOOLS-FASTENING-TOOLS-CLAMPS-VISES/E-EMERSON-TOOL-CO/N-5YC1VZC97YZO1U
EEMERSONTOOLCO	EEMERSONTOOLCO	homedepot.com	HTTPS://WWW.HOMEDEPOT.COM/B/E-EMERSON-TOOL-CO/STANDARD/N-5YC1VZO1UZ1Z0ZX2I
EEMERSONTOOLCO	EEMERSONTOOLCO	homedepot.com	HTTPS://WWW.HOMEDEPOT.COM/B/TOOLS-HAND-TOOLS-FASTENING-TOOLS-CLAMPS-VISES-CLAMPS/E-EMERSON-TOOL-CO/N-5YC1VZC266ZO1U
EEMERSONTOOLCO	EEMERSONTOOLCO	homedepot.com	HTTPS://WWW.HOMEDEPOT.COM/B/TOOLS-HAND-TOOLS-FASTENING-TOOLS/E-EMERSON-TOOL-CO/N-5YC1VZC24GZO1U
EEMERSONTOOLCO	EEMERSONTOOLCO	homedepot.com	HTTPS://WWW.HOMEDEPOT.COM/B/TOOLS-HAND-TOOLS/E-EMERSON-TOOL-CO/N-5YC1VZC1ZGZO1U
EENERGETICLIGHTING	EENERGETICLIGHTING	homedepot.com	HTTPS://WWW.HOMEDEPOT.COM/B/E-ENERGETIC-LIGHTING/N-5YC1VZZK3
EENERGETICLIGHTING	EENERGETICLIGHTING	homedepot.com	HTTPS://WWW.HOMEDEPOT.COM/B/LIGHTING-LIGHT-BULBS-LED-LIGHT-BULBS/E-ENERGETIC-LIGHTING/N-5YC1VZBM79ZZK3
EERO	EERO	homedepot.com	HTTPS://WWW.HOMEDEPOT.COM/B/ELECTRICAL-ELECTRONICS-WIFI-NETWORKING-DEVICES/EERO/N-5YC1VZC33VZGOA
EGGCRATE	EGGCRATE	homedepot.com	HTTPS://WWW.HOMEDEPOT.COM/B/HOME-DECOR-BEDDING-MATTRESS-TOPPERS/EGG-CRATE/N-5YC1VZC1KUZ1Z1SUFV
EGGTRONIC	EGGTRONIC	homedepot.com	HTTPS://WWW.HOMEDEPOT.COM/B/ELECTRICAL-BATTERIES-RECHARGEABLE-BATTERY-CHARGERS/EGGTRONIC/N-5YC1VZ2FKPB17ZP5W
EGHOME	EGHOME	homedepot.com	HTTPS://WWW.HOMEDEPOT.COM/B/EGHOME/N-5YC1VZYJ7
EGHOME	EGHOME	homedepot.com	HTTPS://WWW.HOMEDEPOT.COM/B/BATH-BATHROOM-MIRRORS/EGHOME/N-5YC1VZBZBOZYJ7
EGHOME	EGHOME	homedepot.com	HTTPS://WWW.HOMEDEPOT.COM/B/BATH-BATHROOM-VANITIES-BATHROOM-VANITIES-WITH-TOPS/EGHOME/N-5YC1VZCFW5ZYJ7
EGLO	EGLO	homedepot.com	HTTPS://WWW.HOMEDEPOT.COM/B/LIGHTING/EGLO/N-5YC1VZBVN5Z5G4
EGLO	EGLO	homedepot.com	HTTPS://WWW.HOMEDEPOT.COM/B/EGLO/N-5YC1VZ5G4
EGLO	EGLO	homedepot.com	HTTPS://WWW.HOMEDEPOT.COM/B/LIGHTING-OUTDOOR-LIGHTING/EGLO/N-5YC1VZC7QVZ5G4
EGLO	EGLO	homedepot.com	HTTPS://WWW.HOMEDEPOT.COM/B/LIGHTING-PENDANT-LIGHTS/EGLO/N-5YC1VZC7NUZ5G4
EGLO	EGLO	homedepot.com	HTTPS://WWW.HOMEDEPOT.COM/B/LIGHTING-VANITY-LIGHTING/EGLO/N-5YC1VZC7PRZ5G4
EGLOUSA	EGLOUSA	homedepot.com	HTTPS://WWW.HOMEDEPOT.COM/B/EGLO-USA/N-5YC1VZGUY
EGO	EGO	homedepot.com	HTTPS://WWW.HOMEDEPOT.COM/B/OUTDOORS-OUTDOOR-POWER-EQUIPMENT/EGO/N-5YC1VZBX5CZD9Q
EGOHOME	EGOHOME	homedepot.com	HTTPS://WWW.HOMEDEPOT.COM/B/FURNITURE-BEDROOM-FURNITURE-MATTRESSES/EGO-HOME/N-5YC1VZC7OEZZ0B
EIGHTDOORS	EIGHTDOORS	homedepot.com	HTTPS://WWW.HOMEDEPOT.COM/B/EIGHTDOORS/N-5YC1VZQ05
EIGHTDOORS	EIGHTDOORS	homedepot.com	HTTPS://WWW.HOMEDEPOT.COM/B/DOORS-WINDOWS-INTERIOR-DOORS/EIGHTDOORS/N-5YC1VZC5IOZQ05
EIGHTDOORS	EIGHTDOORS	homedepot.com	HTTPS://WWW.HOMEDEPOT.COM/B/DOORS-WINDOWS-INTERIOR-DOORS-SLAB-DOORS/EIGHTDOORS/N-5YC1VZC5IEZQ05
EIGHTDOORS	EIGHTDOORS	homedepot.com	HTTPS://WWW.HOMEDEPOT.COM/B/EIGHTDOORS/32-X-80/N-5YC1VZQ05Z1Z0RBL3
EIGHTEENTEK	EIGHTEENTEK	homedepot.com	HTTPS://WWW.HOMEDEPOT.COM/B/SPORTS-OUTDOORS-CAMPING-GEAR-TENTS-CAMPING-TENTS/EIGHTEENTEK/N-5YC1VZC45RZYPS
EIGHTEENTEK	EIGHTEENTEK	homedepot.com	HTTPS://WWW.HOMEDEPOT.COM/B/EIGHTEENTEK/N-5YC1VZYPS
EIGHTEENTEK	EIGHTEENTEK	homedepot.com	HTTPS://WWW.HOMEDEPOT.COM/B/SPORTS-OUTDOORS-CAMPING-GEAR-TENTS/EIGHTEENTEK/N-5YC1VZC417ZYPS
EINHELL	EINHELL	homedepot.com	HTTPS://WWW.HOMEDEPOT.COM/B/TOOLS-POWER-TOOLS/EINHELL/N-5YC1VZC298ZPXF
EINHELL	EINHELL	homedepot.com	HTTPS://WWW.HOMEDEPOT.COM/B/TOOLS/EINHELL/N-5YC1VZC1XYZPXF
EINHELL	EINHELL	homedepot.com	HTTPS://WWW.HOMEDEPOT.COM/B/EINHELL/CORDLESS/N-5YC1VZPXFZ1Z0MA09
EISENHOME	EISENHOME	homedepot.com	HTTPS://WWW.HOMEDEPOT.COM/B/EISEN-HOME/N-5YC1VZQ12
EISENHOME	EISENHOME	homedepot.com	HTTPS://WWW.HOMEDEPOT.COM/B/BATH-BATHROOM-FAUCETS-BATHROOM-SINK-FAUCETS/EISEN-HOME/N-5YC1VZC8D3ZQ12
EISENHOME	EISENHOME	homedepot.com	HTTPS://WWW.HOMEDEPOT.COM/B/BATH-BATHROOM-FAUCETS/EISEN-HOME/N-5YC1VZBREOZQ12
EISENHOME	EISENHOME	homedepot.com	HTTPS://WWW.HOMEDEPOT.COM/B/BATH-BATHROOM-FAUCETS-BATHROOM-SINK-FAUCETS-WIDESPREAD-BATHROOM-FAUCETS/EISEN-HOME/N-5YC1VZBRGKZQ12
EISENHOME	EISENHOME	homedepot.com	HTTPS://WWW.HOMEDEPOT.COM/B/BATH-BATHROOM-FAUCETS-BATHROOM-SINK-FAUCETS-SINGLE-HOLE-BATHROOM-FAUCETS/EISEN-HOME/N-5YC1VZBRG2ZQ12
EISENHOME	EISENHOME	homedepot.com	HTTPS://WWW.HOMEDEPOT.COM/B/BATH-BATHROOM-FAUCETS-SHOWER-HEADS-DUAL-SHOWER-HEADS/EISEN-HOME/N-5YC1VZ2FKOSKCZQ12
EISENHOME	EISENHOME	homedepot.com	HTTPS://WWW.HOMEDEPOT.COM/B/KITCHEN-KITCHEN-FAUCETS-STANDARD-KITCHEN-FAUCETS/EISEN-HOME/N-5YC1VZARG1ZQ12
EISENHOME	EISENHOME	homedepot.com	HTTPS://WWW.HOMEDEPOT.COM/B/BATH-BATHROOM-FAUCETS-SHOWER-HEADS/EISEN-HOME/N-5YC1VZCJOCZQ12
EJOY	EJOY	homedepot.com	HTTPS://WWW.HOMEDEPOT.COM/B/EJOY/N-5YC1VZRJQ
EJOY	EJOY	homedepot.com	HTTPS://WWW.HOMEDEPOT.COM/B/BUILDING-MATERIALS-SIDING/EJOY/N-5YC1VZARIPZRJQ
EJOY	EJOY	homedepot.com	HTTPS://WWW.HOMEDEPOT.COM/B/OUTDOORS-OUTDOOR-HEATING-PATIO-HEATERS/EJOY/N-5YC1VZC6NFZRJQ
EJOY	EJOY	homedepot.com	HTTPS://WWW.HOMEDEPOT.COM/B/LUMBER-COMPOSITES-BOARDS-PLANKS/EJOY/N-5YC1VZ1Z18H41ZRJQ
EJOY	EJOY	homedepot.com	HTTPS://WWW.HOMEDEPOT.COM/B/BUILDING-MATERIALS-SIDING-COMPOSITE-SIDING/EJOY/BLACK/N-5YC1VZC8IKZRJQZ1Z17OTY
EJOY	EJOY	homedepot.com	HTTPS://WWW.HOMEDEPOT.COM/B/BUILDING-MATERIALS-MOULDING-MILLWORK-WALL-PANELING/EJOY/N-5YC1VZBQP3ZRJQ
EJOY	EJOY	homedepot.com	HTTPS://WWW.HOMEDEPOT.COM/B/HOME-DECOR-WALLPAPER/EJOY/N-5YC1VZBC0QZRJQ
EKCO	EKCO	homedepot.com	HTTPS://WWW.HOMEDEPOT.COM/B/KITCHEN-KITCHENWARE/EKCO/N-5YC1VZAQZOZZAM
EKENAMILLWORK	EKENAMILLWORK	homedepot.com	HTTPS://WWW.HOMEDEPOT.COM/B/BUILDING-MATERIALS-MOULDING-MILLWORK-MOULDING/EKENA-MILLWORK/N-5YC1VZARA1Z96P
EKLIND	EKLIND	homedepot.com	HTTPS://WWW.HOMEDEPOT.COM/B/TOOLS/EKLIND/N-5YC1VZC1XYZLWF
EKLIND	EKLIND	homedepot.com	HTTPS://WWW.HOMEDEPOT.COM/B/TOOLS-HAND-TOOLS-HEX-KEYS/EKLIND/N-5YC1VZC265ZLWF
ELAMA	ELAMA	homedepot.com	HTTPS://WWW.HOMEDEPOT.COM/B/ELAMA/N-5YC1VZLQV
ELAMASIGNATURE	ELAMASIGNATURE	homedepot.com	HTTPS://WWW.HOMEDEPOT.COM/B/KITCHEN-TABLEWARE-BAR-SERVEWARE-CONDIMENT-SERVERS/ELAMA-SIGNATURE/N-5YC1VZCEYVZNU6
ELANTI	ELANTI	homedepot.com	HTTPS://WWW.HOMEDEPOT.COM/B/ELANTI/N-5YC1VZD8T
ELANTI	ELANTI	homedepot.com	HTTPS://WWW.HOMEDEPOT.COM/B/BATH-BATHROOM-SINKS/ELANTI/N-5YC1VZBZB0ZD8T
ELANTI	ELANTI	homedepot.com	HTTPS://WWW.HOMEDEPOT.COM/B/BATH-BATHROOM-SINKS-WALL-MOUNT-SINKS/ELANTI/N-5YC1VZBZBKZD8T
ELANTI	ELANTI	homedepot.com	HTTPS://WWW.HOMEDEPOT.COM/B/BATH-BATHROOM-VANITIES/ELANTI/N-5YC1VZCFV3ZD8T
ELANTI	ELANTI	homedepot.com	HTTPS://WWW.HOMEDEPOT.COM/B/BATH-BATHROOM-SINKS-VESSEL-SINKS/ELANTI/N-5YC1VZBZ9IZD8T
ELANTI	ELANTI	homedepot.com	HTTPS://WWW.HOMEDEPOT.COM/B/BATH/ELANTI/N-5YC1VZBZB3ZD8T
ELASCOPRODUCTS	ELASCOPRODUCTS	homedepot.com	HTTPS://WWW.HOMEDEPOT.COM/B/ELECTRICAL-ELECTRONICS-CABLE-MANAGEMENT/ELASCO-PRODUCTS/N-5YC1VZC64EZSRO
ELASCOPRODUCTS	ELASCOPRODUCTS	homedepot.com	HTTPS://WWW.HOMEDEPOT.COM/B/ELASCO-PRODUCTS/N-5YC1VZSRO
ELASCOPRODUCTS	ELASCOPRODUCTS	homedepot.com	HTTPS://WWW.HOMEDEPOT.COM/B/ELECTRICAL-ELECTRONICS/ELASCO-PRODUCTS/N-5YC1VZC958ZSRO
ELECHOMES	ELECHOMES	homedepot.com	HTTPS://WWW.HOMEDEPOT.COM/B/HEATING-VENTING-COOLING-HUMIDIFIERS/ELECHOMES/N-5YC1VZC4LVZU7I
ELECTRICBLUE	ELECTRICBLUE	homedepot.com	HTTPS://WWW.HOMEDEPOT.COM/B/PAINT-PAINT-COLORS/ELECTRIC-BLUE/N-5YC1VZCAW8Z1Z0TSH8
ELECTROBOSS	ELECTROBOSS	homedepot.com	HTTPS://WWW.HOMEDEPOT.COM/B/ELECTRO-BOSS/N-5YC1VZNJ7
ELECTROBOSS	ELECTROBOSS	homedepot.com	HTTPS://WWW.HOMEDEPOT.COM/B/APPLIANCES-BEVERAGE-COOLERS/ELECTRO-BOSS/N-5YC1VZC3O4ZNJ7
ELECTROBOSS	ELECTROBOSS	homedepot.com	HTTPS://WWW.HOMEDEPOT.COM/B/APPLIANCES-SMALL-KITCHEN-APPLIANCES/ELECTRO-BOSS/N-5YC1VZBV48ZNJ7
ELECTROBOSS	ELECTROBOSS	homedepot.com	HTTPS://WWW.HOMEDEPOT.COM/B/APPLIANCES/ELECTRO-BOSS/N-5YC1VZBV1WZNJ7
ELECTROHOME	ELECTROHOME	homedepot.com	HTTPS://WWW.HOMEDEPOT.COM/B/ELECTROHOME/N-5YC1VZAXG
ELECTROLUX	ELECTROLUX	homedepot.com	HTTPS://WWW.HOMEDEPOT.COM/B/ELECTROLUX/N-5YC1VZARW
ELECTROLUX	ELECTROLUX	homedepot.com	HTTPS://WWW.HOMEDEPOT.COM/B/APPLIANCES/ELECTROLUX/N-5YC1VZBV1WZARW
ELECTRONICSPECIALTIES	ELECTRONICSPECIALTIES	homedepot.com	HTTPS://WWW.HOMEDEPOT.COM/B/ELECTRONIC-SPECIALTIES/N-5YC1VZO8R
ELECTROSTATIC	ELECTROSTATIC	homedepot.com	HTTPS://WWW.HOMEDEPOT.COM/B/OUTDOORS-GARDEN-CENTER-SPRAYERS-BATTERY-SPRAYERS/ELECTROSTATIC/N-5YC1VZ2FKOQG7Z1Z1PK1M
ELECWISH	ELECWISH	homedepot.com	HTTPS://WWW.HOMEDEPOT.COM/B/ELECWISH/N-5YC1VZTLG
ELECWISH	ELECWISH	homedepot.com	HTTPS://WWW.HOMEDEPOT.COM/B/LIGHTING-LIGHT-BULBS/ELECWISH/N-5YC1VZBMBUZTLG
ELEDING	ELEDING	homedepot.com	HTTPS://WWW.HOMEDEPOT.COM/B/LIGHTING/ELEDING/N-5YC1VZBVN5ZEHG
ELEDING	ELEDING	homedepot.com	HTTPS://WWW.HOMEDEPOT.COM/B/ELEDING/N-5YC1VZEHG
ELEDING	ELEDING	homedepot.com	HTTPS://WWW.HOMEDEPOT.COM/B/LIGHTING/ELEDING/MODERN/N-5YC1VZBVN5ZEHGZ1Z0JYLO
ELEDING	ELEDING	homedepot.com	HTTPS://WWW.HOMEDEPOT.COM/B/LIGHTING-OUTDOOR-LIGHTING-SECURITY-LIGHTS/ELEDING/N-5YC1VZC7QFZEHG
ELEDING	ELEDING	homedepot.com	HTTPS://WWW.HOMEDEPOT.COM/B/LIGHTING-OUTDOOR-LIGHTING-OUTDOOR-LIGHTING-ACCESSORIES/ELEDING/N-5YC1VZC7QZZEHG
ELEGA	ELEGA	homedepot.com	HTTPS://WWW.HOMEDEPOT.COM/B/FURNITURE/ELEGA/N-5YC1VZC7PCZ1Z1ZDDV
ELEGANTCOMFORT	ELEGANTCOMFORT	homedepot.com	HTTPS://WWW.HOMEDEPOT.COM/B/ELEGANT-COMFORT/N-5YC1VZH27
ELEGANTDESIGNS	ELEGANTDESIGNS	homedepot.com	HTTPS://WWW.HOMEDEPOT.COM/B/LIGHTING/ELEGANT-DESIGNS/N-5YC1VZBVN5ZCIF
ELEGANTDESIGNS	ELEGANTDESIGNS	homedepot.com	HTTPS://WWW.HOMEDEPOT.COM/B/ELEGANT-DESIGNS/N-5YC1VZCIF
ELEGANTHOMEFASHIONS	ELEGANTHOMEFASHIONS	homedepot.com	HTTPS://WWW.HOMEDEPOT.COM/B/ELEGANT-HOME-FASHIONS/N-5YC1VZ8YX
ELEGANTHOMEFASHIONS	ELEGANTHOMEFASHIONS	homedepot.com	HTTPS://WWW.HOMEDEPOT.COM/B/BATH-BATHROOM-STORAGE-BATHROOM-CABINETS-LINEN-CABINETS/ELEGANT-HOME-FASHIONS/N-5YC1VZCFV2Z8YX
ELEGANTHOMEFASHIONS	ELEGANTHOMEFASHIONS	homedepot.com	HTTPS://WWW.HOMEDEPOT.COM/B/FURNITURE/ELEGANT-HOME-FASHIONS/N-5YC1VZC7PCZ8YX
ELEGANTLIGHTING	ELEGANTLIGHTING	homedepot.com	HTTPS://WWW.HOMEDEPOT.COM/B/LIGHTING/ELEGANT-LIGHTING/N-5YC1VZBVN5ZBPU
ELEGANTLIGHTING	ELEGANTLIGHTING	homedepot.com	HTTPS://WWW.HOMEDEPOT.COM/B/LIGHTING-CHANDELIERS/ELEGANT-LIGHTING/N-5YC1VZC7O0ZBPU
ELEGRP	ELEGRP	homedepot.com	HTTPS://WWW.HOMEDEPOT.COM/B/ELECTRICAL-WIRING-DEVICES-LIGHT-CONTROLS-ELECTRICAL-OUTLETS-RECEPTACLES/ELEGRP/N-5YC1VZC33AZS6L
ELEGRP	ELEGRP	homedepot.com	HTTPS://WWW.HOMEDEPOT.COM/B/ELEGRP/N-5YC1VZS6L
ELELIGHTDECOR	ELELIGHTDECOR	homedepot.com	HTTPS://WWW.HOMEDEPOT.COM/B/LIGHTING/ELE-LIGHT-DECOR/N-5YC1VZBVN5ZVE3
ELELIGHTDECOR	ELELIGHTDECOR	homedepot.com	HTTPS://WWW.HOMEDEPOT.COM/B/ELE-LIGHT-DECOR/N-5YC1VZVE3
ELELIGHTDECOR	ELELIGHTDECOR	homedepot.com	HTTPS://WWW.HOMEDEPOT.COM/B/ELE-LIGHT-DECOR/INCANDESCENT/N-5YC1VZVE3Z1Z1AJB6
ELELIGHTDECOR	ELELIGHTDECOR	homedepot.com	HTTPS://WWW.HOMEDEPOT.COM/B/ELE-LIGHT-DECOR/LED/N-5YC1VZVE3Z1Z1AJAI
ELEMENTBYVINOTEMP	ELEMENTBYVINOTEMP	homedepot.com	HTTPS://WWW.HOMEDEPOT.COM/B/APPLIANCES-BEVERAGE-COOLERS/ELEMENT-BY-VINOTEMP/N-5YC1VZC3O4Z1Z1ROEP
ELEMENTBYVINOTEMP	ELEMENTBYVINOTEMP	homedepot.com	HTTPS://WWW.HOMEDEPOT.COM/B/APPLIANCES-BEVERAGE-COOLERS-WINE-COOLERS/ELEMENT-BY-VINOTEMP/N-5YC1VZC4FJZLZ5
ELEMENTFIREGLASS	ELEMENTFIREGLASS	homedepot.com	HTTPS://WWW.HOMEDEPOT.COM/B/OUTDOORS-OUTDOOR-HEATING-FIRE-GLASS/ELEMENT-FIREGLASS/N-5YC1VZCBR8ZGU9
ELEMENTFIREGLASS	ELEMENTFIREGLASS	homedepot.com	HTTPS://WWW.HOMEDEPOT.COM/B/ELEMENT-FIREGLASS/N-5YC1VZGU9
ELEMENTFIREGLASS	ELEMENTFIREGLASS	homedepot.com	HTTPS://WWW.HOMEDEPOT.COM/B/OUTDOORS-OUTDOOR-HEATING-FIRE-GLASS/ELEMENT-FIREGLASS/10-LB/N-5YC1VZCBR8ZGU9Z1Z1SSZL
ELEMENTFIREGLASS	ELEMENTFIREGLASS	homedepot.com	HTTPS://WWW.HOMEDEPOT.COM/B/HIGHLY-RATED/ELEMENT-FIREGLASS/N-5YC1VZGU9ZBWO5O
ELEMENTI	ELEMENTI	homedepot.com	HTTPS://WWW.HOMEDEPOT.COM/B/ELEMENTI/N-5YC1VZM1S
ELEVATEOUTDOOR	ELEVATEOUTDOOR	homedepot.com	HTTPS://WWW.HOMEDEPOT.COM/B/ELEVATE-OUTDOOR/N-5YC1VZUEM
ELEVATEOUTDOOR	ELEVATEOUTDOOR	homedepot.com	HTTPS://WWW.HOMEDEPOT.COM/B/AUTOMOTIVE-TOWING-EQUIPMENT/ELEVATE-OUTDOOR/N-5YC1VZC8N0ZUEM
ELEVATEOUTDOOR	ELEVATEOUTDOOR	homedepot.com	HTTPS://WWW.HOMEDEPOT.COM/B/SPORTS-OUTDOORS-CYCLING-GEAR/ELEVATE-OUTDOOR/N-5YC1VZC40YZUEM
ELEVATEOUTDOOR	ELEVATEOUTDOOR	homedepot.com	HTTPS://WWW.HOMEDEPOT.COM/B/SPORTS-OUTDOORS-CYCLING-GEAR-BIKE-RACKS/ELEVATE-OUTDOOR/N-5YC1VZC43HZUEM
ELEVATEOUTDOOR	ELEVATEOUTDOOR	homedepot.com	HTTPS://WWW.HOMEDEPOT.COM/B/ELEVATE-OUTDOOR/FITMENT/N-5YC1VZUEMZ1Z18GKA
ELEVATION	ELEVATION	homedepot.com	HTTPS://WWW.HOMEDEPOT.COM/B/FLOORING-VINYL-FLOORING-VINYL-PLANK-FLOORING/ELEVATION/N-5YC1VZBZJZZ1Z0M3IG
ELEVATORS	ELEVATORS	homedepot.com	HTTPS://WWW.HOMEDEPOT.COM/B/ELEVATORS/N-5YC1VZ6KN
ELEVENS	ELEVENS	homedepot.com	HTTPS://WWW.HOMEDEPOT.COM/B/ELEVENS/N-5YC1VZUHX
ELEVENS	ELEVENS	homedepot.com	HTTPS://WWW.HOMEDEPOT.COM/B/FURNITURE-BAR-FURNITURE-BAR-STOOLS/ELEVENS/N-5YC1VZC7OFZUHX
ELFA	ELFA	homedepot.com	HTTPS://WWW.HOMEDEPOT.COM/B/FURNITURE/ELFA/N-5YC1VZC7PCZ1Z1PZWA
ELFREDA	ELFREDA	homedepot.com	HTTPS://WWW.HOMEDEPOT.COM/B/BATH-SHOWERS-SHOWER-DOORS-ALCOVE-SHOWER-DOORS/ELFREDA/N-5YC1VZCBMQZ1Z1Q26M
ELIANE	ELIANE	homedepot.com	HTTPS://WWW.HOMEDEPOT.COM/B/FLOORING-TILE-CERAMIC-TILE/ELIANE/N-5YC1VZARSZZ55K
ELIANE	ELIANE	homedepot.com	HTTPS://WWW.HOMEDEPOT.COM/B/FLOORING-TILE-PORCELAIN-TILE/ELIANE/N-5YC1VZB97MZ55K
ELIANE	ELIANE	homedepot.com	HTTPS://WWW.HOMEDEPOT.COM/B/ELIANE/N-5YC1VZ55K
ELIANE	ELIANE	homedepot.com	HTTPS://WWW.HOMEDEPOT.COM/B/FLOORING-TILE/ELIANE/N-5YC1VZAR0YZ55K
ELICE	ELICE	homedepot.com	HTTPS://WWW.HOMEDEPOT.COM/B/KITCHEN-KITCHEN-CABINETS-IN-STOCK-KITCHEN-CABINETS-READY-TO-ASSEMBLE-KITCHEN-CABINETS/ELICE/N-5YC1VZ2FKOWPZZ1Z0MVUW
ELICTO	ELICTO	homedepot.com	HTTPS://WWW.HOMEDEPOT.COM/B/CLEANING-CLEANING-TOOLS/ELICTO/N-5YC1VZCB51ZH8J
ELIMADRAFT	ELIMADRAFT	homedepot.com	HTTPS://WWW.HOMEDEPOT.COM/B/ELIMA-DRAFT/N-5YC1VZECD
ELIMADRAFT	ELIMADRAFT	homedepot.com	HTTPS://WWW.HOMEDEPOT.COM/B/HEATING-VENTING-COOLING-HVAC-SUPPLIES-REGISTERS-GRILLES/ELIMA-DRAFT/N-5YC1VZC4NCZECD
ELITECUISINE	ELITECUISINE	homedepot.com	HTTPS://WWW.HOMEDEPOT.COM/B/APPLIANCES/ELITE-CUISINE/N-5YC1VZBV1WZH46
ELITECUISINE	ELITECUISINE	homedepot.com	HTTPS://WWW.HOMEDEPOT.COM/B/ELITE-CUISINE/N-5YC1VZH46
ELITECUISINE	ELITECUISINE	homedepot.com	HTTPS://WWW.HOMEDEPOT.COM/B/APPLIANCES-SMALL-KITCHEN-APPLIANCES-COOKERS/ELITE-CUISINE/N-5YC1VZ1Z18GDPZH46
ELITEGOURMET	ELITEGOURMET	homedepot.com	HTTPS://WWW.HOMEDEPOT.COM/B/APPLIANCES-SMALL-KITCHEN-APPLIANCES/ELITE-GOURMET/N-5YC1VZBV48ZH3W
ELITEGOURMET	ELITEGOURMET	homedepot.com	HTTPS://WWW.HOMEDEPOT.COM/B/APPLIANCES/ELITE-GOURMET/N-5YC1VZBV1WZH3W
ELITEGOURMET	ELITEGOURMET	homedepot.com	HTTPS://WWW.HOMEDEPOT.COM/B/BEST-RATED/ELITE-GOURMET/N-5YC1VZH3WZBWO5Q
ELITEHOMEPRODUCTS	ELITEHOMEPRODUCTS	homedepot.com	HTTPS://WWW.HOMEDEPOT.COM/B/ELITE-HOME-PRODUCTS/N-5YC1VZUEN
ELITELUGGAGE	ELITELUGGAGE	homedepot.com	HTTPS://WWW.HOMEDEPOT.COM/B/HOME-DECOR-LUGGAGE/ELITE-LUGGAGE/N-5YC1VZC419ZHL7
ELITELUGGAGE	ELITELUGGAGE	homedepot.com	HTTPS://WWW.HOMEDEPOT.COM/B/ELITE-LUGGAGE/N-5YC1VZHL7
ELITELUGGAGE	ELITELUGGAGE	homedepot.com	HTTPS://WWW.HOMEDEPOT.COM/B/ELITE-LUGGAGE/GREY/N-5YC1VZHL7Z1Z13HTR
ELITEPLATINUM	ELITEPLATINUM	homedepot.com	HTTPS://WWW.HOMEDEPOT.COM/B/ELITE-PLATINUM/N-5YC1VZH1N
ELIZABETHANCLASSICS	ELIZABETHANCLASSICS	homedepot.com	HTTPS://WWW.HOMEDEPOT.COM/B/BATH-BATHROOM-FAUCETS/ELIZABETHAN-CLASSICS/N-5YC1VZBREOZ1ZN
ELIZABETHANCLASSICS	ELIZABETHANCLASSICS	homedepot.com	HTTPS://WWW.HOMEDEPOT.COM/B/BATH-BATHROOM-FAUCETS-BATHTUB-FAUCETS/ELIZABETHAN-CLASSICS/N-5YC1VZCD07Z1ZN
ELIZABETHANCLASSICS	ELIZABETHANCLASSICS	homedepot.com	HTTPS://WWW.HOMEDEPOT.COM/B/ELIZABETHAN-CLASSICS/N-5YC1VZ1ZN
ELIZABETHANCLASSICS	ELIZABETHANCLASSICS	homedepot.com	HTTPS://WWW.HOMEDEPOT.COM/B/BATH-BATHTUBS-FREESTANDING-TUBS/ELIZABETHAN-CLASSICS/N-5YC1VZBZ9DZ1ZN
ELIZABETHANCLASSICS	ELIZABETHANCLASSICS	homedepot.com	HTTPS://WWW.HOMEDEPOT.COM/B/BATH-BATHROOM-FAUCETS-BATHTUB-FAUCETS-CLAW-FOOT-TUB-FAUCETS/ELIZABETHAN-CLASSICS/N-5YC1VZBRIIZ1ZN
ELIZABETHANCLASSICS	ELIZABETHANCLASSICS	homedepot.com	HTTPS://WWW.HOMEDEPOT.COM/B/BATH-BATHTUBS/ELIZABETHAN-CLASSICS/N-5YC1VZBZB7Z1ZN
ELIZABETHANCLASSICS	ELIZABETHANCLASSICS	homedepot.com	HTTPS://WWW.HOMEDEPOT.COM/B/BATH-SHOWERS/ELIZABETHAN-CLASSICS/N-5YC1VZBZCDZ1ZN
ELJER	ELJER	homedepot.com	HTTPS://WWW.HOMEDEPOT.COM/B/PLUMBING-PLUMBING-PARTS-FAUCET-PARTS/ELJER/N-5YC1VZC6A9Z1Z13W3M
ELJER	ELJER	homedepot.com	HTTPS://WWW.HOMEDEPOT.COM/B/PLUMBING-PLUMBING-PARTS-TOILET-PARTS/ELJER/N-5YC1VZC69LZ306
ELJER	ELJER	homedepot.com	HTTPS://WWW.HOMEDEPOT.COM/B/ELJER/N-5YC1VZ1Z13W3M
ELJER	ELJER	homedepot.com	HTTPS://WWW.HOMEDEPOT.COM/B/PLUMBING/ELJER/N-5YC1VZBQEWZ306
ELKAY	ELKAY	homedepot.com	HTTPS://WWW.HOMEDEPOT.COM/B/KITCHEN-KITCHEN-SINKS/ELKAY/N-5YC1VZARSAZIC
ELKLIGHTING	ELKLIGHTING	homedepot.com	HTTPS://WWW.HOMEDEPOT.COM/B/ELK-LIGHTING/N-5YC1VZQGB
ELKLIGHTING	ELKLIGHTING	homedepot.com	HTTPS://WWW.HOMEDEPOT.COM/B/LIGHTING/ELK-LIGHTING/N-5YC1VZBVN5ZQGB
ELKOUTDOORS	ELKOUTDOORS	homedepot.com	HTTPS://WWW.HOMEDEPOT.COM/B/OUTDOORS-PATIO-FURNITURE/ELK-OUTDOORS/N-5YC1VZBX4OZP8T
ELKOUTDOORS	ELKOUTDOORS	homedepot.com	HTTPS://WWW.HOMEDEPOT.COM/B/OUTDOORS/ELK-OUTDOORS/N-5YC1VZBX82ZP8T
ELKOUTDOORS	ELKOUTDOORS	homedepot.com	HTTPS://WWW.HOMEDEPOT.COM/B/OUTDOORS-PATIO-FURNITURE-PATIO-CHAIRS-ADIRONDACK-CHAIRS/ELK-OUTDOORS/N-5YC1VZCCGZZP8T
ELKTONOUTDOORS	ELKTONOUTDOORS	homedepot.com	HTTPS://WWW.HOMEDEPOT.COM/B/SPORTS-OUTDOORS-FISHING-GEAR-TACKLE-BOXES/ELKTON-OUTDOORS/N-5YC1VZC41FZT2N
ELLAJAYNE	ELLAJAYNE	homedepot.com	HTTPS://WWW.HOMEDEPOT.COM/B/ELLA-JAYNE/N-5YC1VZUL9
ELLAJAYNE	ELLAJAYNE	homedepot.com	HTTPS://WWW.HOMEDEPOT.COM/B/HOME-DECOR-BEDDING/ELLA-JAYNE/N-5YC1VZCI04ZUL9
ELLAJAYNE	ELLAJAYNE	homedepot.com	HTTPS://WWW.HOMEDEPOT.COM/B/HOME-DECOR-BEDDING-BED-PILLOWS/ELLA-JAYNE/N-5YC1VZC3PVZUL9
ELLEDECOR	ELLEDECOR	homedepot.com	HTTPS://WWW.HOMEDEPOT.COM/B/ELLE-DECOR/N-5YC1VZISH
ELLEDECOR	ELLEDECOR	homedepot.com	HTTPS://WWW.HOMEDEPOT.COM/B/HOME-DECOR/ELLE-DECOR/N-5YC1VZAS6PZISH
ELLISCURTAIN	ELLISCURTAIN	homedepot.com	HTTPS://WWW.HOMEDEPOT.COM/B/WINDOW-TREATMENTS/ELLIS-CURTAIN/N-5YC1VZAR4WZMZ7
ELLOALLO	ELLOALLO	homedepot.com	HTTPS://WWW.HOMEDEPOT.COM/B/ELLO-ALLO/N-5YC1VZRRU
ELLOALLO	ELLOALLO	homedepot.com	HTTPS://WWW.HOMEDEPOT.COM/B/BATH-BATHROOM-FAUCETS-SHOWER-SYSTEMS-SHOWER-TOWERS/ELLO-ALLO/N-5YC1VZBZE6ZRRU
ELLOALLO	ELLOALLO	homedepot.com	HTTPS://WWW.HOMEDEPOT.COM/B/KITCHEN-KITCHEN-FAUCETS/ELLO-ALLO/N-5YC1VZAR0KZRRU
ELLOALLO	ELLOALLO	homedepot.com	HTTPS://WWW.HOMEDEPOT.COM/B/BATH-BATHROOM-FAUCETS/ELLO-ALLO/N-5YC1VZBREOZRRU
ELLUMI	ELLUMI	homedepot.com	HTTPS://WWW.HOMEDEPOT.COM/B/LIGHTING-RECESSED-LIGHTING/ELLUMI/N-5YC1VZC7NIZMCE
ELLUMI	ELLUMI	homedepot.com	HTTPS://WWW.HOMEDEPOT.COM/B/LIGHTING-RECESSED-LIGHTING-CANLESS-RECESSED-LIGHTING/ELLUMI/N-5YC1VZC7PSZMCE
ELLUMI	ELLUMI	homedepot.com	HTTPS://WWW.HOMEDEPOT.COM/B/ELLUMI/N-5YC1VZMCE
ELMDOR	ELMDOR	homedepot.com	HTTPS://WWW.HOMEDEPOT.COM/B/PLUMBING-PLUMBING-ACCESSORIES-ACCESS-PANELS/ELMDOR/N-5YC1VZBQKZZ9AZ
ELMDOR	ELMDOR	homedepot.com	HTTPS://WWW.HOMEDEPOT.COM/B/ELMDOR/N-5YC1VZ9AZ
ELRENE	ELRENE	homedepot.com	HTTPS://WWW.HOMEDEPOT.COM/B/WINDOW-TREATMENTS-CURTAINS-DRAPES/ELRENE/N-5YC1VZARFWZLXR
ELRENE	ELRENE	homedepot.com	HTTPS://WWW.HOMEDEPOT.COM/B/ELRENE/N-5YC1VZLXR
ELRENEHOMEFASHIONS	ELRENEHOMEFASHIONS	homedepot.com	HTTPS://WWW.HOMEDEPOT.COM/B/ELRENE-HOME-FASHIONS/N-5YC1VZLXN
ELSIE	ELSIE	homedepot.com	HTTPS://WWW.HOMEDEPOT.COM/B/FURNITURE-BEDROOM-FURNITURE-BEDS/ELSIE/N-5YC1VZC7OHZ1Z1AL6D
EMACROS	EMACROS	homedepot.com	HTTPS://WWW.HOMEDEPOT.COM/B/EMACROS/N-5YC1VZV03
EMACROS	EMACROS	homedepot.com	HTTPS://WWW.HOMEDEPOT.COM/B/ELECTRICAL-HOME-SECURITY-MOTION-SENSORS-ALARMS/EMACROS/N-5YC1VZC20TZV03
EMACROS	EMACROS	homedepot.com	HTTPS://WWW.HOMEDEPOT.COM/B/ELECTRICAL-HOME-SECURITY/EMACROS/N-5YC1VZC1TGZV03
EMATIC	EMATIC	homedepot.com	HTTPS://WWW.HOMEDEPOT.COM/B/ELECTRICAL-ELECTRONICS-TABLETS-ACCESSORIES/EMATIC/N-5YC1VZC86BZUX2
EMATIC	EMATIC	homedepot.com	HTTPS://WWW.HOMEDEPOT.COM/B/EMATIC/N-5YC1VZF82
EMATIC	EMATIC	homedepot.com	HTTPS://WWW.HOMEDEPOT.COM/B/ELECTRICAL-ELECTRONICS/EMATIC/N-5YC1VZC958ZF82
EMATIC	EMATIC	homedepot.com	HTTPS://WWW.HOMEDEPOT.COM/B/ELECTRONICS-HOME-AUDIO-PORTABLE-SPEAKERS/EMATIC/N-5YC1VZ2FKP5B0ZF82
EMBERGLO	EMBERGLO	homedepot.com	HTTPS://WWW.HOMEDEPOT.COM/B/PAINT-PAINT-COLORS/EMBERGLO/N-5YC1VZCAW8Z1Z1RTRB
EMBERGLOW	EMBERGLOW	homedepot.com	HTTPS://WWW.HOMEDEPOT.COM/B/EMBERGLOW/N-5YC1VZIE
EMBERGLOW	EMBERGLOW	homedepot.com	HTTPS://WWW.HOMEDEPOT.COM/B/HEATING-VENTING-COOLING-FIREPLACES/EMBERGLOW/N-5YC1VZC4LBZIE
EMBERGLOW	EMBERGLOW	homedepot.com	HTTPS://WWW.HOMEDEPOT.COM/B/HEATING-VENTING-COOLING-FIREPLACES-FIREPLACE-LOGS-GAS-FIREPLACE-LOGS-VENTLESS-GAS-FIREPLACE-LOGS/EMBERGLOW/N-5YC1VZCHMFZIE
EMBERGLOW	EMBERGLOW	homedepot.com	HTTPS://WWW.HOMEDEPOT.COM/B/HEATING-VENTING-COOLING-FIREPLACES-GAS-FIREPLACES/EMBERGLOW/N-5YC1VZC4LDZIE
EMCO	EMCO	homedepot.com	HTTPS://WWW.HOMEDEPOT.COM/B/HARDWARE/EMCO/N-5YC1VZC21MZHG
EMELLE	EMELLE	homedepot.com	HTTPS://WWW.HOMEDEPOT.COM/B/FURNITURE-HOME-OFFICE-FURNITURE-BOOKCASES-BOOKSHELVES/EMELLE/N-5YC1VZC7O5Z1Z1AOSQ
EMERSONQUIETKOOL	EMERSONQUIETKOOL	homedepot.com	HTTPS://WWW.HOMEDEPOT.COM/B/HEATING-VENTING-COOLING-AIR-CONDITIONERS/EMERSON-QUIET-KOOL/N-5YC1VZC4MEZGY1
EMERSONQUIETKOOL	EMERSONQUIETKOOL	homedepot.com	HTTPS://WWW.HOMEDEPOT.COM/B/HEATING-VENTING-COOLING-AIR-CONDITIONERS-WINDOW-AIR-CONDITIONERS/EMERSON-QUIET-KOOL/N-5YC1VZC4LUZYRS
EMERSONRADIOCORP	EMERSONRADIOCORP	homedepot.com	HTTPS://WWW.HOMEDEPOT.COM/B/EMERSON-RADIO-CORP/N-5YC1VZOIH
EMERSONRADIOCORP	EMERSONRADIOCORP	homedepot.com	HTTPS://WWW.HOMEDEPOT.COM/B/ELECTRICAL-ELECTRONICS/EMERSON-RADIO-CORP/N-5YC1VZC958ZOIH
EMERSONRADIOCORP	EMERSONRADIOCORP	homedepot.com	HTTPS://WWW.HOMEDEPOT.COM/B/ELECTRICAL-ELECTRONICS-HOME-AUDIO/EMERSON-RADIO-CORP/N-5YC1VZC641ZOIH
EMERSONRADIOCORP	EMERSONRADIOCORP	homedepot.com	HTTPS://WWW.HOMEDEPOT.COM/B/ELECTRICAL-ELECTRONICS-HOME-AUDIO-PORTABLE-SPEAKERS/EMERSON-RADIO-CORP/N-5YC1VZ2FKP5B0ZOIH
EMERYALLEN	EMERYALLEN	homedepot.com	HTTPS://WWW.HOMEDEPOT.COM/B/LIGHTING-LIGHT-BULBS-LED-LIGHT-BULBS/EMERYALLEN/N-5YC1VZBM79ZOGB
EMERYALLEN	EMERYALLEN	homedepot.com	HTTPS://WWW.HOMEDEPOT.COM/B/LIGHTING-LIGHT-BULBS/EMERYALLEN/N-5YC1VZBMBUZOGB
EMODERNDECOR	EMODERNDECOR	homedepot.com	HTTPS://WWW.HOMEDEPOT.COM/B/EMODERNDECOR/N-5YC1VZMGB
EMODERNDECOR	EMODERNDECOR	homedepot.com	HTTPS://WWW.HOMEDEPOT.COM/B/KITCHEN-KITCHEN-SINKS/EMODERNDECOR/N-5YC1VZARSAZMGB
EMODERNDECOR	EMODERNDECOR	homedepot.com	HTTPS://WWW.HOMEDEPOT.COM/B/KITCHEN-KITCHEN-SINKS-DROP-IN-KITCHEN-SINKS/EMODERNDECOR/N-5YC1VZCGK5ZMGB
EMODERNDECOR	EMODERNDECOR	homedepot.com	HTTPS://WWW.HOMEDEPOT.COM/B/KITCHEN-KITCHEN-SINKS-UNDERMOUNT-KITCHEN-SINKS/EMODERNDECOR/STAINLESS-STEEL/N-5YC1VZCGK0ZMGBZ1Z0KQCN
EMODERNDECOR	EMODERNDECOR	homedepot.com	HTTPS://WWW.HOMEDEPOT.COM/B/KITCHEN-KITCHEN-STORAGE-ORGANIZATION-KITCHEN-SINK-ORGANIZERS-DISH-RACKS/EMODERNDECOR/N-5YC1VZ1Z18GD4ZMGB
EMOH	EMOH	homedepot.com	HTTPS://WWW.HOMEDEPOT.COM/B/EMOH/N-5YC1VZQIC
EMPAVA	EMPAVA	homedepot.com	HTTPS://WWW.HOMEDEPOT.COM/B/APPLIANCES/EMPAVA/N-5YC1VZBV1WZOMK
EMPAVA	EMPAVA	homedepot.com	HTTPS://WWW.HOMEDEPOT.COM/B/BATH-BATHTUBS/EMPAVA/N-5YC1VZBZB7ZOMK
EMPIRE	EMPIRE	homedepot.com	HTTPS://WWW.HOMEDEPOT.COM/B/EMPIRE/N-5YC1VZIF
EMPIREARTDIRECT	EMPIREARTDIRECT	homedepot.com	HTTPS://WWW.HOMEDEPOT.COM/B/EMPIRE-ART-DIRECT/N-5YC1VZMLZ
EMPIREARTDIRECT	EMPIREARTDIRECT	homedepot.com	HTTPS://WWW.HOMEDEPOT.COM/B/HOME-DECOR-WALL-DECOR-WALL-ART/EMPIRE-ART-DIRECT/N-5YC1VZBBZHZMLZ
EMPIREARTDIRECT	EMPIREARTDIRECT	homedepot.com	HTTPS://WWW.HOMEDEPOT.COM/B/HOME-DECOR-MIRRORS/EMPIRE-ART-DIRECT/N-5YC1VZBVE6ZMLZ
EMPIREARTDIRECT	EMPIREARTDIRECT	homedepot.com	HTTPS://WWW.HOMEDEPOT.COM/B/EMPIRE-ART-DIRECT/ACRYLIC-PAINTING/N-5YC1VZMLZZ1Z1COD0
EMPIREBRASS	EMPIREBRASS	homedepot.com	HTTPS://WWW.HOMEDEPOT.COM/B/EMPIRE-BRASS/N-5YC1VZQJT
EMPIREBRASS	EMPIREBRASS	homedepot.com	HTTPS://WWW.HOMEDEPOT.COM/B/GARAGE-AUTOMOTIVE-RV-SUPPLIES/EMPIRE-BRASS/N-5YC1VZCLREZQJT
EMPIREINDUSTRIES	EMPIREINDUSTRIES	homedepot.com	HTTPS://WWW.HOMEDEPOT.COM/B/EMPIRE-INDUSTRIES/N-5YC1VZN12
EMSCO	EMSCO	homedepot.com	HTTPS://WWW.HOMEDEPOT.COM/B/EMSCO/N-5YC1VZ3Q3
EMSCO	EMSCO	homedepot.com	HTTPS://WWW.HOMEDEPOT.COM/B/OUTDOORS-GARDEN-CENTER/EMSCO/N-5YC1VZBX6KZ3Q3
EMSCO	EMSCO	homedepot.com	HTTPS://WWW.HOMEDEPOT.COM/B/OUTDOORS-GARDEN-CENTER-PLANTERS/EMSCO/N-5YC1VZBX81Z3Q3
EMSER	EMSER	homedepot.com	HTTPS://WWW.HOMEDEPOT.COM/B/FLOORING-TILE/EMSER/N-5YC1VZAR0YZ95B
EMSERTILE	EMSERTILE	homedepot.com	HTTPS://WWW.HOMEDEPOT.COM/B/FLOORING-TILE/EMSER-TILE/N-5YC1VZAR0YZTHM
EMSERTILE	EMSERTILE	homedepot.com	HTTPS://WWW.HOMEDEPOT.COM/B/FLOORING-TILE-PORCELAIN-TILE/EMSER-TILE/N-5YC1VZB97MZTHM
EMT	EMT	homedepot.com	HTTPS://WWW.HOMEDEPOT.COM/B/ELECTRICAL-ELECTRICAL-BOXES-CONDUIT-FITTINGS-CONDUIT/EMT/N-5YC1VZBOHLZ1Z1UZJU
ENBRIGHTEN	ENBRIGHTEN	homedepot.com	HTTPS://WWW.HOMEDEPOT.COM/B/LIGHTING/ENBRIGHTEN/N-5YC1VZBVN5ZFIL
ENBRIGHTEN	ENBRIGHTEN	homedepot.com	HTTPS://WWW.HOMEDEPOT.COM/B/LIGHTING-STRING-LIGHTS/ENBRIGHTEN/N-5YC1VZCDPXZFIL
ENBRIGHTEN	ENBRIGHTEN	homedepot.com	HTTPS://WWW.HOMEDEPOT.COM/B/LIGHTING-OUTDOOR-LIGHTING/ENBRIGHTEN/N-5YC1VZC7QVZFIL
ENBRIGHTEN	ENBRIGHTEN	homedepot.com	HTTPS://WWW.HOMEDEPOT.COM/B/ENBRIGHTEN/N-5YC1VZFIL
ENCHANTEHOME	ENCHANTEHOME	homedepot.com	HTTPS://WWW.HOMEDEPOT.COM/B/ENCHANTE-HOME/N-5YC1VZTJT
ENCHANTEHOME	ENCHANTEHOME	homedepot.com	HTTPS://WWW.HOMEDEPOT.COM/B/BATH-BATH-LINENS-TOWELS-BATH-TOWELS/ENCHANTE-HOME/N-5YC1VZ2FKPA9CZTJT
ENCHANTEHOME	ENCHANTEHOME	homedepot.com	HTTPS://WWW.HOMEDEPOT.COM/B/HOME-DECOR/ENCHANTE-HOME/N-5YC1VZAS6PZTJT
ENCHANTEHOME	ENCHANTEHOME	homedepot.com	HTTPS://WWW.HOMEDEPOT.COM/B/HOME-DECOR-BEDDING-BED-PILLOWS/ENCHANTE-HOME/N-5YC1VZC3PVZTJT
ENCHANTEHOME	ENCHANTEHOME	homedepot.com	HTTPS://WWW.HOMEDEPOT.COM/B/BATH-SHOWER-ACCESSORIES/ENCHANTE-HOME/N-5YC1VZCFVRZTJT
ENCLOPRIVACYSCREENS	ENCLOPRIVACYSCREENS	homedepot.com	HTTPS://WWW.HOMEDEPOT.COM/B/LUMBER-COMPOSITES-FENCING-GATES/ENCLO-PRIVACY-SCREENS/N-5YC1VZBRK7ZTY6
ENCLOPRIVACYSCREENS	ENCLOPRIVACYSCREENS	homedepot.com	HTTPS://WWW.HOMEDEPOT.COM/B/LUMBER-COMPOSITES-FENCING-GATES-VINYL-FENCING-VINYL-FENCE-PANELS/ENCLO-PRIVACY-SCREENS/N-5YC1VZC3NWZTY6
ENCLUME	ENCLUME	homedepot.com	HTTPS://WWW.HOMEDEPOT.COM/B/ENCLUME/N-5YC1VZEMO
ENCLUME	ENCLUME	homedepot.com	HTTPS://WWW.HOMEDEPOT.COM/B/KITCHEN-KITCHEN-STORAGE-ORGANIZATION-POT-RACKS/ENCLUME/N-5YC1VZARNXZEMO
ENCLUME	ENCLUME	homedepot.com	HTTPS://WWW.HOMEDEPOT.COM/B/KITCHEN/ENCLUME/N-5YC1VZAR4IZEMO
ENCLUME	ENCLUME	homedepot.com	HTTPS://WWW.HOMEDEPOT.COM/B/KITCHEN-KITCHEN-STORAGE-ORGANIZATION/ENCLUME/N-5YC1VZAPU6ZEMO
ENCLUME	ENCLUME	homedepot.com	HTTPS://WWW.HOMEDEPOT.COM/B/ENCLUME/STAINLESS-STEEL/N-5YC1VZEMOZ1Z0UKAO
ENDARK	ENDARK	homedepot.com	HTTPS://WWW.HOMEDEPOT.COM/B/STORAGE-ORGANIZATION-OUTDOOR-STORAGE-SHADE-STRUCTURES-GAZEBOS/ENDARK/N-5YC1VZBTYAZZWJ
ENDURAFLAP	ENDURAFLAP	homedepot.com	HTTPS://WWW.HOMEDEPOT.COM/B/DOORS-WINDOWS-EXTERIOR-DOORS-PET-DOORS-DOG-DOORS/ENDURA-FLAP/N-5YC1VZC8YJZGC0
ENDURAFLAP	ENDURAFLAP	homedepot.com	HTTPS://WWW.HOMEDEPOT.COM/B/DOORS-WINDOWS-EXTERIOR-DOORS-PET-DOORS/ENDURA-FLAP/N-5YC1VZC1I9ZGC0
ENDURAFLAP	ENDURAFLAP	homedepot.com	HTTPS://WWW.HOMEDEPOT.COM/B/DOORS-WINDOWS-EXTERIOR-DOORS/ENDURA-FLAP/N-5YC1VZAS82ZGC0
ENDUST	ENDUST	homedepot.com	HTTPS://WWW.HOMEDEPOT.COM/B/ENDUST/N-5YC1VZNRB
ENDUST	ENDUST	homedepot.com	HTTPS://WWW.HOMEDEPOT.COM/B/CLEANING-CLEANING-PRODUCTS/ENDUST/N-5YC1VZCB33ZNRB
ENERGETICLIGHTING	ENERGETICLIGHTING	homedepot.com	HTTPS://WWW.HOMEDEPOT.COM/B/LIGHTING/ENERGETIC-LIGHTING/N-5YC1VZBVN5ZTIS
ENERGETICLIGHTING	ENERGETICLIGHTING	homedepot.com	HTTPS://WWW.HOMEDEPOT.COM/B/LIGHTING-LIGHT-BULBS-LED-LIGHT-BULBS/ENERGETIC-LIGHTING/N-5YC1VZBM79ZTIS
ENERGIZER	ENERGIZER	homedepot.com	HTTPS://WWW.HOMEDEPOT.COM/B/ELECTRICAL-BATTERIES/ENERGIZER/N-5YC1VZC28MZIK
ENERLITES	ENERLITES	homedepot.com	HTTPS://WWW.HOMEDEPOT.COM/B/ELECTRICAL/ENERLITES/N-5YC1VZARCDZU3L
ENERLITES	ENERLITES	homedepot.com	HTTPS://WWW.HOMEDEPOT.COM/B/ENERLITES/N-5YC1VZU3L
ENERLITES	ENERLITES	homedepot.com	HTTPS://WWW.HOMEDEPOT.COM/B/ELECTRICAL-WIRING-DEVICES-LIGHT-CONTROLS/ENERLITES/N-5YC1VZC34HZU3L
ENERLITES	ENERLITES	homedepot.com	HTTPS://WWW.HOMEDEPOT.COM/B/ENERLITES/3/N-5YC1VZU3LZ1Z0Y5KO
ENFORCER	ENFORCER	homedepot.com	HTTPS://WWW.HOMEDEPOT.COM/B/OUTDOORS-GARDEN-CENTER-PEST-CONTROL/ENFORCER/N-5YC1VZBX4WZ57P
ENGELCOOLERS	ENGELCOOLERS	homedepot.com	HTTPS://WWW.HOMEDEPOT.COM/B/SPORTS-OUTDOORS-TAILGATING-GEAR-COOLERS/ENGEL-COOLERS/N-5YC1VZCBWFZM02
ENKAY	ENKAY	homedepot.com	HTTPS://WWW.HOMEDEPOT.COM/B/ENKAY/N-5YC1VZP2J
ENKOR	ENKOR	homedepot.com	HTTPS://WWW.HOMEDEPOT.COM/B/BUILDING-MATERIALS-MOULDING-MILLWORK-WALL-PANELING/ENKOR/N-5YC1VZBQP3ZO7T
ENKOR	ENKOR	homedepot.com	HTTPS://WWW.HOMEDEPOT.COM/B/BUILDING-MATERIALS-MOULDING-MILLWORK-WALL-PANELING-DECORATIVE-WALL-PANELING/ENKOR/N-5YC1VZBQPJZO7T
ENKOR	ENKOR	homedepot.com	HTTPS://WWW.HOMEDEPOT.COM/B/ENKOR/N-5YC1VZO7T
ENOZ	ENOZ	homedepot.com	HTTPS://WWW.HOMEDEPOT.COM/B/ENOZ/N-5YC1VZTFU
ENOZ	ENOZ	homedepot.com	HTTPS://WWW.HOMEDEPOT.COM/B/OUTDOORS-GARDEN-CENTER-PEST-CONTROL-INSECT-CONTROL-INSECT-KILLERS/ENOZ/N-5YC1VZ2FKOQG8ZTFU
ENOZ	ENOZ	homedepot.com	HTTPS://WWW.HOMEDEPOT.COM/B/OUTDOORS-GARDEN-CENTER-PEST-CONTROL-INSECT-CONTROL/ENOZ/N-5YC1VZCALOZTFU
ENOZ	ENOZ	homedepot.com	HTTPS://WWW.HOMEDEPOT.COM/B/OUTDOORS-GARDEN-CENTER-PEST-CONTROL/ENOZ/N-5YC1VZBX4WZTFU
ENSUENO	ENSUENO	homedepot.com	HTTPS://WWW.HOMEDEPOT.COM/B/ENSUENO/N-5YC1VZ87A
ENSUENO	ENSUENO	homedepot.com	HTTPS://WWW.HOMEDEPOT.COM/B/CLEANING-LAUNDRY-SUPPLIES/ENSUENO/N-5YC1VZCB4SZ87A
ENTRYWAYFURNITURE	ENTRYWAYFURNITURE	homedepot.com	HTTPS://WWW.HOMEDEPOT.COM/B/FURNITURE-ENTRYWAY-FURNITURE/N-5YC1VZC7OZ
ENVELOR	ENVELOR	homedepot.com	HTTPS://WWW.HOMEDEPOT.COM/B/ENVELOR/N-5YC1VZNKH
ENVELOR	ENVELOR	homedepot.com	HTTPS://WWW.HOMEDEPOT.COM/B/OUTDOORS/ENVELOR/N-5YC1VZBX82ZNKH
ENVELOR	ENVELOR	homedepot.com	HTTPS://WWW.HOMEDEPOT.COM/B/ENVELOR/INDOOR/N-5YC1VZNKHZ1Z17LGM
ENVELOR	ENVELOR	homedepot.com	HTTPS://WWW.HOMEDEPOT.COM/B/FLOORING-RUGS-MATS/ENVELOR/N-5YC1VZC9A5ZNKH
ENVELOR	ENVELOR	homedepot.com	HTTPS://WWW.HOMEDEPOT.COM/B/OUTDOORS-GARDEN-CENTER-PLANT-SUPPORT/ENVELOR/N-5YC1VZBX6IZNKH
ENVIROCOLOR	ENVIROCOLOR	homedepot.com	HTTPS://WWW.HOMEDEPOT.COM/B/ENVIROCOLOR/N-5YC1VZC3R
ENVIROLITE	ENVIROLITE	homedepot.com	HTTPS://WWW.HOMEDEPOT.COM/B/LIGHTING/ENVIROLITE/N-5YC1VZBVN5ZC25
ENVIROLITE	ENVIROLITE	homedepot.com	HTTPS://WWW.HOMEDEPOT.COM/B/LIGHTING-RECESSED-LIGHTING/ENVIROLITE/N-5YC1VZC7NIZC25
ENVIROLITE	ENVIROLITE	homedepot.com	HTTPS://WWW.HOMEDEPOT.COM/B/LIGHTING-FLUSH-MOUNT-CEILING-LIGHTS/ENVIROLITE/N-5YC1VZC7NKZC25
ENVIROLITE	ENVIROLITE	homedepot.com	HTTPS://WWW.HOMEDEPOT.COM/B/LIGHTING-TRACK-LIGHTING/ENVIROLITE/N-5YC1VZC7NDZC25
ENVIROLITE	ENVIROLITE	homedepot.com	HTTPS://WWW.HOMEDEPOT.COM/B/LIGHTING/ENVIROLITE/INTERIOR-LIGHTING/N-5YC1VZBVN5ZC25Z1Z1DWDJ
ENVIROLITE	ENVIROLITE	homedepot.com	HTTPS://WWW.HOMEDEPOT.COM/B/ENVIROLITE/243-LB/N-5YC1VZC25Z1Z102JL
ENVIROLITE	ENVIROLITE	homedepot.com	HTTPS://WWW.HOMEDEPOT.COM/B/LIGHTING-RECESSED-LIGHTING/ENVIROLITE/4-IN/N-5YC1VZC7NIZC25Z1Z18JAO
ENVIROSCENT	ENVIROSCENT	homedepot.com	HTTPS://WWW.HOMEDEPOT.COM/B/ENVIROSCENT/N-5YC1VZSPC
ENVIROWATERPRODUCTS	ENVIROWATERPRODUCTS	homedepot.com	HTTPS://WWW.HOMEDEPOT.COM/B/PLUMBING-WATER-FILTERS-WATER-SOFTENERS/ENVIRO-WATER-PRODUCTS/N-5YC1VZAQ3YZM37
ENVIROWORLD	ENVIROWORLD	homedepot.com	HTTPS://WWW.HOMEDEPOT.COM/B/OUTDOORS-GARDEN-CENTER-COMPOSTERS/ENVIRO-WORLD/N-5YC1VZBX5PZDON
ENVIROWORLD	ENVIROWORLD	homedepot.com	HTTPS://WWW.HOMEDEPOT.COM/B/ENVIRO-WORLD/N-5YC1VZDON
EORC	EORC	homedepot.com	HTTPS://WWW.HOMEDEPOT.COM/B/EORC/N-5YC1VZY8K
EORC	EORC	homedepot.com	HTTPS://WWW.HOMEDEPOT.COM/B/FLOORING-RUGS/EORC/N-5YC1VZARFMZY8K
EORC	EORC	homedepot.com	HTTPS://WWW.HOMEDEPOT.COM/B/EORC/ROUND/N-5YC1VZY8KZ1Z13HXG
EOSLIFT	EOSLIFT	homedepot.com	HTTPS://WWW.HOMEDEPOT.COM/B/EOSLIFT/N-5YC1VZGYA
EOSLIFT	EOSLIFT	homedepot.com	HTTPS://WWW.HOMEDEPOT.COM/B/BUILDING-MATERIALS-MATERIAL-HANDLING-EQUIPMENT-LIFTING-EQUIPMENT/EOSLIFT/N-5YC1VZCA3NZGYA
EOSLIFT	EOSLIFT	homedepot.com	HTTPS://WWW.HOMEDEPOT.COM/B/BUILDING-MATERIALS-MATERIAL-HANDLING-EQUIPMENT/EOSLIFT/N-5YC1VZCA3DZGYA
EPC	EPC	homedepot.com	HTTPS://WWW.HOMEDEPOT.COM/B/EPC/N-5YC1VZ5JH
EPDM	EPDM	homedepot.com	HTTPS://WWW.HOMEDEPOT.COM/B/BUILDING-MATERIALS-ROOFING-COMMERCIAL-ROOFING-ROOF-SEALANTS/EPDM/N-5YC1VZ1Z18GIJZ1Z19UCP
EPDM	EPDM	homedepot.com	HTTPS://WWW.HOMEDEPOT.COM/B/BUILDING-MATERIALS-ROOFING-ROLL-ROOFING/EPDM/N-5YC1VZAQAAZ1Z19UJP
EPICUREANIST	EPICUREANIST	homedepot.com	HTTPS://WWW.HOMEDEPOT.COM/B/EPICUREANIST/N-5YC1VZ6TV
EPILADYUSA	EPILADYUSA	homedepot.com	HTTPS://WWW.HOMEDEPOT.COM/B/EPILADY-USA/N-5YC1VZGRD
EPOWER360	EPOWER360	homedepot.com	HTTPS://WWW.HOMEDEPOT.COM/B/GARAGE-AUTOMOTIVE-BATTERY-CHARGING-SYSTEMS-JUMP-STARTERS/EPOWER-360/N-5YC1VZC8MZZGQG
EPOWP	EPOWP	homedepot.com	HTTPS://WWW.HOMEDEPOT.COM/B/EPOWP/N-5YC1VZTKR
EPOWP	EPOWP	homedepot.com	HTTPS://WWW.HOMEDEPOT.COM/B/BATH-BATHROOM-MIRRORS/EPOWP/N-5YC1VZBZBOZTKR
EPOWP	EPOWP	homedepot.com	HTTPS://WWW.HOMEDEPOT.COM/B/BATH-SHOWERS-SHOWER-DOORS/EPOWP/N-5YC1VZBZCGZTKR
EPPCO	EPPCO	homedepot.com	HTTPS://WWW.HOMEDEPOT.COM/B/WORKWEAR-WORKWEAR-ACCESSORIES/EPPCO/N-5YC1VZ2FKP6CHZ8HS
EPPMO	EPPMO	homedepot.com	HTTPS://WWW.HOMEDEPOT.COM/B/KITCHEN-KITCHENWARE-COOKWARE/EPPMO/N-5YC1VZC7G9ZVN7
EPPMO	EPPMO	homedepot.com	HTTPS://WWW.HOMEDEPOT.COM/B/KITCHEN-KITCHENWARE-COOKWARE-SKILLETS/EPPMO/N-5YC1VZC7FWZVN7
EPPMO	EPPMO	homedepot.com	HTTPS://WWW.HOMEDEPOT.COM/B/EPPMO/N-5YC1VZVN7
EPS	EPS	homedepot.com	HTTPS://WWW.HOMEDEPOT.COM/B/BUILDING-MATERIALS-INSULATION-FOAM-BOARD-INSULATION/EPS/N-5YC1VZBAXXZ1Z0W1XR
EQK	EQK	homedepot.com	HTTPS://WWW.HOMEDEPOT.COM/B/HEATING-VENTING-COOLING-AIR-CONDITIONERS/EQK/N-5YC1VZC4MEZVCE
EQK	EQK	homedepot.com	HTTPS://WWW.HOMEDEPOT.COM/B/HEATING-VENTING-COOLING-AIR-CONDITIONERS-WALL-AIR-CONDITIONERS/EQK/N-5YC1VZC4MDZVCE
EQK	EQK	homedepot.com	HTTPS://WWW.HOMEDEPOT.COM/B/HEATING-VENTING-COOLING-AIR-CONDITIONERS-WINDOW-AIR-CONDITIONERS/EQK/N-5YC1VZC4LUZVCE
EQK	EQK	homedepot.com	HTTPS://WWW.HOMEDEPOT.COM/B/HEATING-VENTING-COOLING-MINI-SPLIT-AIR-CONDITIONERS/EQK/N-5YC1VZC4M1ZVCE
EQK	EQK	homedepot.com	HTTPS://WWW.HOMEDEPOT.COM/B/HEATING-VENTING-COOLING-AIR-CONDITIONERS-PORTABLE-AIR-CONDITIONERS/EQK/N-5YC1VZC4M4ZVCE
EQK	EQK	homedepot.com	HTTPS://WWW.HOMEDEPOT.COM/B/HEATING-VENTING-COOLING-MINI-SPLIT-AIR-CONDITIONERS/EQK/SINGLE-ZONE/N-5YC1VZC4M1ZVCEZ1Z0Y63V
EQK	EQK	homedepot.com	HTTPS://WWW.HOMEDEPOT.COM/B/EQK/N-5YC1VZVCE?_PXHC=1711353600277
EQK	EQK	homedepot.com	HTTPS://WWW.HOMEDEPOT.COM/B/HEATING-VENTING-COOLING-MINI-SPLIT-AIR-CONDITIONERS/EQK/WALL-MOUNT/N-5YC1VZC4M1ZVCEZ1Z0NPOI
EQKITCHENLINE	EQKITCHENLINE	homedepot.com	HTTPS://WWW.HOMEDEPOT.COM/B/FURNITURE-KITCHEN-DINING-ROOM-FURNITURE-CARTS-UTILITY-TABLES/EQ-KITCHEN-LINE/N-5YC1VZCDDSZM2N
EQKITCHENLINE	EQKITCHENLINE	homedepot.com	HTTPS://WWW.HOMEDEPOT.COM/B/KITCHEN-KITCHEN-SINKS/EQ-KITCHEN-LINE/N-5YC1VZARSAZM2N
EQKITCHENLINE	EQKITCHENLINE	homedepot.com	HTTPS://WWW.HOMEDEPOT.COM/B/APPLIANCES-SMALL-KITCHEN-APPLIANCES-FOOD-WARMERS/EQ-KITCHEN-LINE/N-5YC1VZ1Z18GDAZM2N
EQLIGHT	EQLIGHT	homedepot.com	HTTPS://WWW.HOMEDEPOT.COM/B/LIGHTING/EQLIGHT/N-5YC1VZBVN5ZMVO
EQLIGHT	EQLIGHT	homedepot.com	HTTPS://WWW.HOMEDEPOT.COM/B/EQLIGHT/N-5YC1VZMVO
EQLIGHT	EQLIGHT	homedepot.com	HTTPS://WWW.HOMEDEPOT.COM/B/LIGHTING-OUTDOOR-LIGHTING/EQLIGHT/N-5YC1VZC7QVZMVO
EQLIGHT	EQLIGHT	homedepot.com	HTTPS://WWW.HOMEDEPOT.COM/B/LIGHTING-PENDANT-LIGHTS/EQLIGHT/N-5YC1VZC7NUZMVO
EQUATOR	EQUATOR	homedepot.com	HTTPS://WWW.HOMEDEPOT.COM/B/APPLIANCES/EQUATOR/N-5YC1VZBV1WZF4F
EQUATORADVANCEDAPPLIANCES	EQUATORADVANCEDAPPLIANCES	homedepot.com	HTTPS://WWW.HOMEDEPOT.COM/B/APPLIANCES-WASHERS-DRYERS/EQUATOR-ADVANCED-APPLIANCES/N-5YC1VZC3OLZ1Z1YO73
EQUATORADVANCEDAPPLIANCES	EQUATORADVANCEDAPPLIANCES	homedepot.com	HTTPS://WWW.HOMEDEPOT.COM/B/EQUATOR-ADVANCED-APPLIANCES/N-5YC1VZROX
EQUATORADVANCEDAPPLIANCES	EQUATORADVANCEDAPPLIANCES	homedepot.com	HTTPS://WWW.HOMEDEPOT.COM/B/ELECTRICAL-ELECTRICAL-CORDS-EXTENSION-CORDS-APPLIANCE-SPECIALTY-EXTENSION-CORDS/EQUATOR-ADVANCED-APPLIANCES/N-5YC1VZC4MXZROX
EQUITYBYLACROSSE	EQUITYBYLACROSSE	homedepot.com	HTTPS://WWW.HOMEDEPOT.COM/B/EQUITY-BY-LA-CROSSE/N-5YC1VZCIT
EQUITYBYLACROSSE	EQUITYBYLACROSSE	homedepot.com	HTTPS://WWW.HOMEDEPOT.COM/B/HOME-DECOR-CLOCKS-TABLE-CLOCKS/EQUITY-BY-LA-CROSSE/N-5YC1VZC540ZCIT
ERA	ERA	homedepot.com	HTTPS://WWW.HOMEDEPOT.COM/B/CLEANING-LAUNDRY-SUPPLIES-LAUNDRY-DETERGENTS/ERA/N-5YC1VZCB50Z6YX
EREPLACEMENTS	EREPLACEMENTS	homedepot.com	HTTPS://WWW.HOMEDEPOT.COM/B/EREPLACEMENTS/N-5YC1VZ9UZ
EREPLACEMENTS	EREPLACEMENTS	homedepot.com	HTTPS://WWW.HOMEDEPOT.COM/B/ELECTRICAL-ELECTRONICS-COMPUTER-LAPTOP-ACCESSORIES/EREPLACEMENTS/N-5YC1VZCDSYZ9UZ
EREPLACEMENTS	EREPLACEMENTS	homedepot.com	HTTPS://WWW.HOMEDEPOT.COM/B/TOOLS-POWER-TOOL-ACCESSORIES/EREPLACEMENTS/N-5YC1VZC246Z9UZ
ERGODYNE	ERGODYNE	homedepot.com	HTTPS://WWW.HOMEDEPOT.COM/B/ERGODYNE/N-5YC1VZG8P
ERGODYNE	ERGODYNE	homedepot.com	HTTPS://WWW.HOMEDEPOT.COM/B/WORKWEAR-WORK-GLOVES/ERGODYNE/N-5YC1VZC260ZG8P
ERGOMAX	ERGOMAX	homedepot.com	HTTPS://WWW.HOMEDEPOT.COM/B/ERGOMAX/N-5YC1VZQW3
ERGOMAX	ERGOMAX	homedepot.com	HTTPS://WWW.HOMEDEPOT.COM/B/FURNITURE-HOME-OFFICE-FURNITURE-OFFICE-CHAIRS/ERGOMAX/N-5YC1VZC7PGZQW3
ERGOMAX	ERGOMAX	homedepot.com	HTTPS://WWW.HOMEDEPOT.COM/B/FURNITURE-HOME-OFFICE-FURNITURE-OFFICE-CHAIRS-DESK-CHAIRS/ERGOMAX/N-5YC1VZ2FKP6BNZQW3
ERGOMAX	ERGOMAX	homedepot.com	HTTPS://WWW.HOMEDEPOT.COM/B/FURNITURE/ERGOMAX/N-5YC1VZC7PCZQW3
ERGOMAX	ERGOMAX	homedepot.com	HTTPS://WWW.HOMEDEPOT.COM/B/FURNITURE-HOME-OFFICE-FURNITURE/ERGOMAX/N-5YC1VZC7NPZQW3
ERGOMAXOFFICE	ERGOMAXOFFICE	homedepot.com	HTTPS://WWW.HOMEDEPOT.COM/B/FURNITURE-HOME-OFFICE-FURNITURE/ERGOMAX-OFFICE/N-5YC1VZC7NPZ10D5
ERGONOMIC	ERGONOMIC	homedepot.com	HTTPS://WWW.HOMEDEPOT.COM/B/FURNITURE-HOME-OFFICE-FURNITURE-OFFICE-CHAIRS-DESK-CHAIRS/ERGONOMIC/N-5YC1VZ2FKP6BNZ1Z1WOLZ
ERIASHOMEDESIGNS	ERIASHOMEDESIGNS	homedepot.com	HTTPS://WWW.HOMEDEPOT.COM/B/HOME-DECOR-MIRRORS-WALL-MIRRORS/ERIAS-HOME-DESIGNS/N-5YC1VZCL4ZZ98D
ERIASHOMEDESIGNS	ERIASHOMEDESIGNS	homedepot.com	HTTPS://WWW.HOMEDEPOT.COM/B/HOME-DECOR-MIRRORS/ERIAS-HOME-DESIGNS/N-5YC1VZBVE6Z98D
ERIASHOMEDESIGNS	ERIASHOMEDESIGNS	homedepot.com	HTTPS://WWW.HOMEDEPOT.COM/B/ERIAS-HOME-DESIGNS/N-5YC1VZ98D
ERIASHOMEDESIGNS	ERIASHOMEDESIGNS	homedepot.com	HTTPS://WWW.HOMEDEPOT.COM/B/HOME-DECOR/ERIAS-HOME-DESIGNS/N-5YC1VZAS6PZ98D
ERIASHOMEDESIGNS	ERIASHOMEDESIGNS	homedepot.com	HTTPS://WWW.HOMEDEPOT.COM/B/BATH-BATHROOM-MIRRORS/ERIAS-HOME-DESIGNS/N-5YC1VZBZBOZ98D
ERIASHOMEDESIGNS	ERIASHOMEDESIGNS	homedepot.com	HTTPS://WWW.HOMEDEPOT.COM/B/HOME-DECOR-WALL-DECOR/ERIAS-HOME-DESIGNS/N-5YC1VZAR8XZ98D
ERICKSON	ERICKSON	homedepot.com	HTTPS://WWW.HOMEDEPOT.COM/B/HIGHLY-RATED/ERICKSON/N-5YC1VZ92EZBWO5O
ERIDANUS	ERIDANUS	homedepot.com	HTTPS://WWW.HOMEDEPOT.COM/B/ERIDANUS/N-5YC1VZSCZ
ERIDANUS	ERIDANUS	homedepot.com	HTTPS://WWW.HOMEDEPOT.COM/B/BATH-TOILETS/ERIDANUS/N-5YC1VZBZBDZSCZ
ERIDANUS	ERIDANUS	homedepot.com	HTTPS://WWW.HOMEDEPOT.COM/B/KITCHEN-KITCHEN-SINKS-FARMHOUSE-KITCHEN-SINKS/ERIDANUS/N-5YC1VZCGK2ZSCZ
ERIDANUS	ERIDANUS	homedepot.com	HTTPS://WWW.HOMEDEPOT.COM/B/BATH-BATHROOM-SINKS/ERIDANUS/N-5YC1VZBZB0ZSCZ
ERIETOOLS	ERIETOOLS	homedepot.com	HTTPS://WWW.HOMEDEPOT.COM/B/TOOLS-POWER-TOOLS/ERIE-TOOLS/N-5YC1VZC298ZNFL
ERIETOOLS	ERIETOOLS	homedepot.com	HTTPS://WWW.HOMEDEPOT.COM/B/TOOLS/ERIE-TOOLS/N-5YC1VZC1XYZNFL
ERIETOOLS	ERIETOOLS	homedepot.com	HTTPS://WWW.HOMEDEPOT.COM/B/TOOLS-POWER-TOOL-ACCESSORIES-DRILL-BITS/ERIE-TOOLS/N-5YC1VZC248ZNFL
ERINBENCO	ERINBENCO	homedepot.com	HTTPS://WWW.HOMEDEPOT.COM/B/HOME-DECOR-WALLPAPER/ERIN%C2%A0-%C2%A0BEN-CO/N-5YC1VZBC0QZY5Q
EROD	EROD	homedepot.com	HTTPS://WWW.HOMEDEPOT.COM/B/EROD/N-5YC1VZCBF
EROD	EROD	homedepot.com	HTTPS://WWW.HOMEDEPOT.COM/B/WINDOW-TREATMENTS-CURTAINS-DRAPES-CURTAIN-DRAPERY-HARDWARE/EROD/N-5YC1VZ1Z18GSMZCBF
EROD	EROD	homedepot.com	HTTPS://WWW.HOMEDEPOT.COM/B/WINDOW-TREATMENTS/EROD/N-5YC1VZAR4WZCBF
EROMMY	EROMMY	homedepot.com	HTTPS://WWW.HOMEDEPOT.COM/B/EROMMY/N-5YC1VZULT
EROMMY	EROMMY	homedepot.com	HTTPS://WWW.HOMEDEPOT.COM/B/STORAGE-ORGANIZATION-OUTDOOR-STORAGE-SHADE-STRUCTURES-GAZEBOS/EROMMY/N-5YC1VZBTYAZULT
EROMMY	EROMMY	homedepot.com	HTTPS://WWW.HOMEDEPOT.COM/B/STORAGE-ORGANIZATION-OUTDOOR-STORAGE/EROMMY/N-5YC1VZBU96ZULT
EROMMY	EROMMY	homedepot.com	HTTPS://WWW.HOMEDEPOT.COM/B/STORAGE-ORGANIZATION-OUTDOOR-STORAGE-SHADE-STRUCTURES/EROMMY/N-5YC1VZ2FKOMIIZULT
ESCALI	ESCALI	homedepot.com	HTTPS://WWW.HOMEDEPOT.COM/B/KITCHEN-KITCHENWARE-KITCHEN-GADGETS-TOOLS-KITCHEN-SCALES/ESCALI/N-5YC1VZC7GMZBOD
ESENLITE	ESENLITE	homedepot.com	HTTPS://WWW.HOMEDEPOT.COM/B/LIGHTING/ESENLITE/N-5YC1VZBVN5ZFKE
ESENLITE	ESENLITE	homedepot.com	HTTPS://WWW.HOMEDEPOT.COM/B/ESENLITE/N-5YC1VZFKE
ESENLITE	ESENLITE	homedepot.com	HTTPS://WWW.HOMEDEPOT.COM/B/LIGHTING-FLUSH-MOUNT-CEILING-LIGHTS/ESENLITE/N-5YC1VZC7NKZFKE
ESENLITE	ESENLITE	homedepot.com	HTTPS://WWW.HOMEDEPOT.COM/B/LIGHTING-COMMERCIAL-LIGHTING/ESENLITE/N-5YC1VZC7BUZFKE
ESHINE	ESHINE	homedepot.com	HTTPS://WWW.HOMEDEPOT.COM/B/ESHINE/N-5YC1VZRE8
ESHINE	ESHINE	homedepot.com	HTTPS://WWW.HOMEDEPOT.COM/B/LIGHTING/ESHINE/N-5YC1VZBVN5ZRE8
ESKIMO	ESKIMO	homedepot.com	HTTPS://WWW.HOMEDEPOT.COM/B/SPORTS-OUTDOORS-FISHING-GEAR-SPECIALTY-FISHING-ICE-FISHING/ESKIMO/N-5YC1VZC428ZFDH
ESPALMA	ESPALMA	homedepot.com	HTTPS://WWW.HOMEDEPOT.COM/B/ESPALMA/N-5YC1VZH1Y
ESPALMA	ESPALMA	homedepot.com	HTTPS://WWW.HOMEDEPOT.COM/B/BATH-BATH-LINENS-TOWELS/ESPALMA/N-5YC1VZCFVAZH1Y
ESPOMA	ESPOMA	homedepot.com	HTTPS://WWW.HOMEDEPOT.COM/B/OUTDOORS-GARDEN-CENTER-PLANT-CARE-PLANT-FOOD-FERTILIZER/ESPOMA/N-5YC1VZC8QZZ3E6
ESPOMA	ESPOMA	homedepot.com	HTTPS://WWW.HOMEDEPOT.COM/B/OUTDOORS-GARDEN-CENTER-ORGANIC-GARDENING/ESPOMA/N-5YC1VZ1Z18GPNZ3E6
ESPRESSIONE	ESPRESSIONE	homedepot.com	HTTPS://WWW.HOMEDEPOT.COM/B/ESPRESSIONE/N-5YC1VZ9AS
ESSCHERTDESIGN	ESSCHERTDESIGN	homedepot.com	HTTPS://WWW.HOMEDEPOT.COM/B/ESSCHERT-DESIGN/N-5YC1VZMWS
ESSCHERTDESIGN	ESSCHERTDESIGN	homedepot.com	HTTPS://WWW.HOMEDEPOT.COM/B/OUTDOORS-GARDEN-CENTER/ESSCHERT-DESIGN/N-5YC1VZBX6KZMWS
ESSCHERTDESIGNUSA	ESSCHERTDESIGNUSA	homedepot.com	HTTPS://WWW.HOMEDEPOT.COM/B/OUTDOORS-GARDEN-CENTER-WATERING-IRRIGATION/ESSCHERT-DESIGN-USA/N-5YC1VZBX5OZNOD
ESSCHERTDESIGNUSA	ESSCHERTDESIGNUSA	homedepot.com	HTTPS://WWW.HOMEDEPOT.COM/B/OUTDOORS-GARDEN-CENTER-WATERING-IRRIGATION-WATERING-ESSENTIALS/ESSCHERT-DESIGN-USA/N-5YC1VZ2FKPD9LZNOD
ESSENCEOFBAMBOO	ESSENCEOFBAMBOO	homedepot.com	HTTPS://WWW.HOMEDEPOT.COM/B/HOME-DECOR-BEDDING-BED-PILLOWS/ESSENCE-OF-BAMBOO/N-5YC1VZC3PVZPFH
ESSENCEOFBAMBOO	ESSENCEOFBAMBOO	homedepot.com	HTTPS://WWW.HOMEDEPOT.COM/B/HOME-DECOR-BEDDING-MATTRESS-PADS/ESSENCE-OF-BAMBOO/N-5YC1VZ2FKOXYFZPFH
ESSENCEOFCOPPER	ESSENCEOFCOPPER	homedepot.com	HTTPS://WWW.HOMEDEPOT.COM/B/HOME-DECOR-BEDDING-BED-PILLOWS/ESSENCE-OF-COPPER/N-5YC1VZC3PVZ1Z1AKUF
ESSENCEOFCOPPER	ESSENCEOFCOPPER	homedepot.com	HTTPS://WWW.HOMEDEPOT.COM/B/ESSENCE-OF-COPPER/N-5YC1VZPFG
ESSENCEOFCOPPER	ESSENCEOFCOPPER	homedepot.com	HTTPS://WWW.HOMEDEPOT.COM/B/ESSENCE-OF-COPPER/COMBINATION/N-5YC1VZPFGZ1Z17KH9
ESSENTIALDECORBEYOND	ESSENTIALDECORBEYOND	homedepot.com	HTTPS://WWW.HOMEDEPOT.COM/B/OUTDOORS-GARDEN-CENTER-PLANTERS/ESSENTIAL-DECOR-BEYOND/N-5YC1VZBX81ZNND
ESSENTIALILLUMINATIONS	ESSENTIALILLUMINATIONS	homedepot.com	HTTPS://WWW.HOMEDEPOT.COM/B/ESSENTIAL-ILLUMINATIONS/N-5YC1VZCZX
ESSICKAIR	ESSICKAIR	homedepot.com	HTTPS://WWW.HOMEDEPOT.COM/B/ESSICK-AIR/N-5YC1VZFD5
ESSICKAIR	ESSICKAIR	homedepot.com	HTTPS://WWW.HOMEDEPOT.COM/B/HEATING-VENTING-COOLING/ESSICK-AIR/N-5YC1VZC4K8ZFD5
ESTAHOME	ESTAHOME	homedepot.com	HTTPS://WWW.HOMEDEPOT.COM/B/HOME-DECOR-WALLPAPER/ESTA-HOME/N-5YC1VZBC0QZSJ6
ESTWING	ESTWING	homedepot.com	HTTPS://WWW.HOMEDEPOT.COM/B/ESTWING/N-5YC1VZIU
ESTWING	ESTWING	homedepot.com	HTTPS://WWW.HOMEDEPOT.COM/B/TOOLS-HAND-TOOLS-HAMMERS/ESTWING/N-5YC1VZC98GZIU
ET2	ET2	homedepot.com	HTTPS://WWW.HOMEDEPOT.COM/B/LIGHTING/ET2/N-5YC1VZBVN5ZFJ7
ETAPE16	ETAPE16	homedepot.com	HTTPS://WWW.HOMEDEPOT.COM/B/TOOLS-HAND-TOOLS-MEASURING-TOOLS-TAPE-MEASURES/ETAPE16/N-5YC1VZC256ZEX3
ETEKCITY	ETEKCITY	homedepot.com	HTTPS://WWW.HOMEDEPOT.COM/B/ETEKCITY/N-5YC1VZNPX
ETERNABOND	ETERNABOND	homedepot.com	HTTPS://WWW.HOMEDEPOT.COM/B/ETERNABOND/N-5YC1VZOUB
ETERNABOND	ETERNABOND	homedepot.com	HTTPS://WWW.HOMEDEPOT.COM/B/GARAGE-AUTOMOTIVE-RV-SUPPLIES-RV-ACCESSORIES/ETERNABOND/N-5YC1VZCLQWZOUB
ETHANOLSHIELD	ETHANOLSHIELD	homedepot.com	HTTPS://WWW.HOMEDEPOT.COM/B/ETHANOL-SHIELD/N-5YC1VZ8RE
ETILIGHTING	ETILIGHTING	homedepot.com	HTTPS://WWW.HOMEDEPOT.COM/B/LIGHTING/ETI-LIGHTING/N-5YC1VZBVN5ZZSR
ETISOLIDSTATELIGHTING	ETISOLIDSTATELIGHTING	homedepot.com	HTTPS://WWW.HOMEDEPOT.COM/B/LIGHTING-COMMERCIAL-LIGHTING/ETI-SOLID-STATE-LIGHTING-INC/N-5YC1VZC7BUZLYN
ETISOLIDSTATELIGHTING	ETISOLIDSTATELIGHTING	homedepot.com	HTTPS://WWW.HOMEDEPOT.COM/B/LIGHTING-LIGHT-BULBS-LED-LIGHT-BULBS/ETI-SOLID-STATE-LIGHTING-INC/N-5YC1VZBM79ZLYN
ETONIMERR	ETONIMERR	homedepot.com	HTTPS://WWW.HOMEDEPOT.COM/B/LIGHTING-PENDANT-LIGHTS/ETONIMERR/N-5YC1VZC7NUZ10H1
ETRACK	ETRACK	homedepot.com	HTTPS://WWW.HOMEDEPOT.COM/B/HARDWARE-TIE-DOWN-STRAPS-TIE-DOWN-HARDWARE-ACCESSORIES/E-TRACK/N-5YC1VZ2FKOMLXZ1Z1BT98
ETTORE	ETTORE	homedepot.com	HTTPS://WWW.HOMEDEPOT.COM/B/ETTORE/N-5YC1VZCGE
ETTORE	ETTORE	homedepot.com	HTTPS://WWW.HOMEDEPOT.COM/B/CLEANING-CLEANING-TOOLS-SQUEEGEES-WINDOW-SQUEEGEES/ETTORE/N-5YC1VZCB9SZCGE
EUCHIRUS	EUCHIRUS	homedepot.com	HTTPS://WWW.HOMEDEPOT.COM/B/OUTDOORS/EUCHIRUS/N-5YC1VZBX82ZUP6
EUCHIRUS	EUCHIRUS	homedepot.com	HTTPS://WWW.HOMEDEPOT.COM/B/OUTDOORS-PET-SUPPLIES-WILDLIFE-BIRD-WILDLIFE-SUPPLIES/EUCHIRUS/N-5YC1VZC7PZZUP6
EUFY	EUFY	homedepot.com	HTTPS://WWW.HOMEDEPOT.COM/B/EUFY/N-5YC1VZNOX
EUFYSECURITY	EUFYSECURITY	homedepot.com	HTTPS://WWW.HOMEDEPOT.COM/B/EUFY-SECURITY/N-5YC1VZUXD
EUGENIA	EUGENIA	homedepot.com	HTTPS://WWW.HOMEDEPOT.COM/B/OUTDOORS-GARDEN-CENTER-OUTDOOR-PLANTS-BUSHES/EUGENIA/N-5YC1VZC8R6Z1Z1R4ZN
EUHOMY	EUHOMY	homedepot.com	HTTPS://WWW.HOMEDEPOT.COM/B/EUHOMY/N-5YC1VZTAZ
EUHOMY	EUHOMY	homedepot.com	HTTPS://WWW.HOMEDEPOT.COM/B/APPLIANCES-ICE-MAKERS/EUHOMY/N-5YC1VZ2FKOUR0ZTAZ
EUREKA	EUREKA	homedepot.com	HTTPS://WWW.HOMEDEPOT.COM/B/APPLIANCES-FLOOR-CARE-VACUUMS-VACUUM-CLEANERS/EUREKA/N-5YC1VZBV74Z52Y
EUROCAVE	EUROCAVE	homedepot.com	HTTPS://WWW.HOMEDEPOT.COM/B/APPLIANCES-BEVERAGE-COOLERS-WINE-COOLERS/EUROCAVE/N-5YC1VZC4FJZ4WI
EUROCERAMICA	EUROCERAMICA	homedepot.com	HTTPS://WWW.HOMEDEPOT.COM/B/EURO-CERAMICA/N-5YC1VZMTB
EUROCERAMICA	EUROCERAMICA	homedepot.com	HTTPS://WWW.HOMEDEPOT.COM/B/KITCHEN-TABLEWARE-BAR-DINNERWARE-DINNERWARE-SETS/EURO-CERAMICA/N-5YC1VZCEXAZMTB
EUROCUBE	EUROCUBE	homedepot.com	HTTPS://WWW.HOMEDEPOT.COM/B/BATH-BATHROOM-FAUCETS-BATHROOM-SINK-FAUCETS-SINGLE-HOLE-BATHROOM-FAUCETS/EUROCUBE/N-5YC1VZBRG2Z1Z1PNBZ
EUROCUISINE	EUROCUISINE	homedepot.com	HTTPS://WWW.HOMEDEPOT.COM/B/EURO-CUISINE/N-5YC1VZCFG
EUROCUISINE	EUROCUISINE	homedepot.com	HTTPS://WWW.HOMEDEPOT.COM/B/APPLIANCES/EURO-CUISINE/N-5YC1VZBV1WZCFG
EUROFASE	EUROFASE	homedepot.com	HTTPS://WWW.HOMEDEPOT.COM/B/LIGHTING/EUROFASE/N-5YC1VZBVN5Z3OV
EUROFASE	EUROFASE	homedepot.com	HTTPS://WWW.HOMEDEPOT.COM/B/EUROFASE/N-5YC1VZ3OV
EUROFASE	EUROFASE	homedepot.com	HTTPS://WWW.HOMEDEPOT.COM/B/EUROFASE/1/N-5YC1VZ3OVZ1Z133KU
EUROFLEX	EUROFLEX	homedepot.com	HTTPS://WWW.HOMEDEPOT.COM/B/EUROFLEX/N-5YC1VZV3Y
EUROSTYLE	EUROSTYLE	homedepot.com	HTTPS://WWW.HOMEDEPOT.COM/B/EUROSTYLE/N-5YC1VZE2S
EUROSTYLE	EUROSTYLE	homedepot.com	HTTPS://WWW.HOMEDEPOT.COM/B/FURNITURE/EUROSTYLE/N-5YC1VZC7PCZE2S
EVADRY	EVADRY	homedepot.com	HTTPS://WWW.HOMEDEPOT.COM/B/HEATING-VENTING-COOLING-DEHUMIDIFIERS/EVA-DRY/N-5YC1VZC4L8Z91H
EVAPOLAR	EVAPOLAR	homedepot.com	HTTPS://WWW.HOMEDEPOT.COM/B/HEATING-VENTING-COOLING-EVAPORATIVE-COOLERS/EVAPOLAR/N-5YC1VZC4LRZH8Q
EVAPORUST	EVAPORUST	homedepot.com	HTTPS://WWW.HOMEDEPOT.COM/B/EVAPO-RUST/N-5YC1VZFOP
EVEAGE	EVEAGE	homedepot.com	HTTPS://WWW.HOMEDEPOT.COM/B/OUTDOORS-OUTDOOR-POWER-EQUIPMENT-PRESSURE-WASHERS/EVEAGE/N-5YC1VZBXBEZV6V
EVEAGE	EVEAGE	homedepot.com	HTTPS://WWW.HOMEDEPOT.COM/B/EVEAGE/N-5YC1VZV6V
EVEAGE	EVEAGE	homedepot.com	HTTPS://WWW.HOMEDEPOT.COM/B/OUTDOORS-OUTDOOR-POWER-EQUIPMENT-PRESSURE-WASHERS-PRESSURE-WASHER-SURFACE-CLEANERS/EVEAGE/N-5YC1VZ2FKOOYVZV6V
EVEKARE	EVEKARE	homedepot.com	HTTPS://WWW.HOMEDEPOT.COM/B/BATH-BIDETS-BIDET-TOILET-SEATS/EVEKARE/N-5YC1VZBZA8ZRH0
EVEKARE	EVEKARE	homedepot.com	HTTPS://WWW.HOMEDEPOT.COM/B/BATH-BATHROOM-SAFETY/EVEKARE/N-5YC1VZ1Z18I4TZRH0
EVEKARE	EVEKARE	homedepot.com	HTTPS://WWW.HOMEDEPOT.COM/B/BATH/EVEKARE/N-5YC1VZBZB3ZRH0
EVELOTS	EVELOTS	homedepot.com	HTTPS://WWW.HOMEDEPOT.COM/B/EVELOTS/N-5YC1VZNXP
EVELOTS	EVELOTS	homedepot.com	HTTPS://WWW.HOMEDEPOT.COM/B/STORAGE-ORGANIZATION-CLOSET-ORGANIZERS-CLOSET-ACCESSORIES/EVELOTS/N-5YC1VZC89GZNXP
EVELOTS	EVELOTS	homedepot.com	HTTPS://WWW.HOMEDEPOT.COM/B/GARAGE-TOOL-STORAGE-TOOL-BAGS/EVELOTS/N-5YC1VZC2G6ZNXP
EVELOTS	EVELOTS	homedepot.com	HTTPS://WWW.HOMEDEPOT.COM/B/HIGHLY-RATED/EVELOTS/N-5YC1VZNXPZBWO5O
EVERBILT	EVERBILT	homedepot.com	HTTPS://WWW.HOMEDEPOT.COM/B/EVERBILT/N-5YC1VZ402
EVERBILT	EVERBILT	homedepot.com	HTTPS://WWW.HOMEDEPOT.COM/B/HARDWARE/EVERBILT/N-5YC1VZC21MZ402
EVERBILT	EVERBILT	homedepot.com	HTTPS://WWW.HOMEDEPOT.COM/B/BUILDING-MATERIALS/EVERBILT/N-5YC1VZAQNSZ402
EVERBILT	EVERBILT	homedepot.com	HTTPS://WWW.HOMEDEPOT.COM/B/STORAGE-ORGANIZATION/EVERBILT/N-5YC1VZAS7EZ402
EVERBILT	EVERBILT	homedepot.com	HTTPS://WWW.HOMEDEPOT.COM/B/STORAGE-ORGANIZATION-SHELVING/EVERBILT/N-5YC1VZC89KZ402
EVERBILT	EVERBILT	homedepot.com	HTTPS://WWW.HOMEDEPOT.COM/B/LUMBER-COMPOSITES-FENCING-GATES-FENCE-PARTS/EVERBILT/N-5YC1VZBT2JZ402
EVERBLOCK	EVERBLOCK	homedepot.com	HTTPS://WWW.HOMEDEPOT.COM/B/EVERBLOCK/N-5YC1VZGM9
EVERBLOOM	EVERBLOOM	homedepot.com	HTTPS://WWW.HOMEDEPOT.COM/B/OUTDOORS-GARDEN-CENTER-RAISED-GARDEN-BEDS/EVERBLOOM/N-5YC1VZBX7CZRBC
EVERBLOOM	EVERBLOOM	homedepot.com	HTTPS://WWW.HOMEDEPOT.COM/B/EVERBLOOM/N-5YC1VZRBC
EVERBLOOM	EVERBLOOM	homedepot.com	HTTPS://WWW.HOMEDEPOT.COM/B/OUTDOORS-GARDEN-CENTER/EVERBLOOM/N-5YC1VZBX6KZRBC
EVERBRITE	EVERBRITE	homedepot.com	HTTPS://WWW.HOMEDEPOT.COM/B/EVERBRITE/N-5YC1VZ8K6
EVERBRITE	EVERBRITE	homedepot.com	HTTPS://WWW.HOMEDEPOT.COM/B/EVER-BRITE/N-5YC1VZGFB
EVERCOAT	EVERCOAT	homedepot.com	HTTPS://WWW.HOMEDEPOT.COM/B/EVERCOAT/N-5YC1VZLR6
EVERCROSS	EVERCROSS	homedepot.com	HTTPS://WWW.HOMEDEPOT.COM/B/EVERCROSS/N-5YC1VZZD6
EVERCROSS	EVERCROSS	homedepot.com	HTTPS://WWW.HOMEDEPOT.COM/B/SPORTS-OUTDOORS-OUTDOOR-SPORTS-SKATING-SCOOTERS/EVERCROSS/N-5YC1VZCBVKZZD6
EVEREADY	EVEREADY	homedepot.com	HTTPS://WWW.HOMEDEPOT.COM/B/EVEREADY/N-5YC1VZ5MH
EVEREADY	EVEREADY	homedepot.com	HTTPS://WWW.HOMEDEPOT.COM/B/TOOLS-FLASHLIGHTS/EVEREADY/N-5YC1VZC24WZ5MH
EVEREADYBATTERY	EVEREADYBATTERY	homedepot.com	HTTPS://WWW.HOMEDEPOT.COM/B/ELECTRICAL-BATTERIES/EVEREADY-BATTERY/N-5YC1VZC28MZMUH
EVERGRACE	EVERGRACE	homedepot.com	HTTPS://WWW.HOMEDEPOT.COM/B/EVERGRACE/N-5YC1VZT09
EVERGREEN	EVERGREEN	homedepot.com	HTTPS://WWW.HOMEDEPOT.COM/B/OUTDOORS-GARDEN-CENTER-OUTDOOR-PLANTS-TREES/EVERGREEN/N-5YC1VZC8RQZ1Z10TKO
EVERGREENCLASSICS	EVERGREENCLASSICS	homedepot.com	HTTPS://WWW.HOMEDEPOT.COM/B/HOLIDAY-DECORATIONS-CHRISTMAS-DECORATIONS-CHRISTMAS-TREES-ARTIFICIAL-CHRISTMAS-TREES-PRE-LIT-CHRISTMAS-TREES/EVERGREEN-CLASSICS/N-5YC1VZC3YPZTMM
EVERGREENENTERPRISES	EVERGREENENTERPRISES	homedepot.com	HTTPS://WWW.HOMEDEPOT.COM/B/EVERGREEN-ENTERPRISES/N-5YC1VZ6GD
EVERGREENENTERPRISES	EVERGREENENTERPRISES	homedepot.com	HTTPS://WWW.HOMEDEPOT.COM/B/OUTDOORS/EVERGREEN-ENTERPRISES/N-5YC1VZBX82Z6GD
EVERKITCH	EVERKITCH	homedepot.com	HTTPS://WWW.HOMEDEPOT.COM/B/APPLIANCES-RANGE-HOODS-UNDER-CABINET-RANGE-HOODS/EVERKITCH/N-5YC1VZC3OHZ112U
EVERLAST	EVERLAST	homedepot.com	HTTPS://WWW.HOMEDEPOT.COM/B/TOOLS-WELDING-SOLDERING-WELDING-MACHINES/EVERLAST/N-5YC1VZC8LKZ1ZT
EVERLASTINGGLOW	EVERLASTINGGLOW	homedepot.com	HTTPS://WWW.HOMEDEPOT.COM/B/HOLIDAY-DECORATIONS-CHRISTMAS-DECORATIONS-CHRISTMAS-LIGHTS-CHRISTMAS-STRING-LIGHTS/EVERLASTING-GLOW/N-5YC1VZC3T9ZG60
EVERLASTINGGLOW	EVERLASTINGGLOW	homedepot.com	HTTPS://WWW.HOMEDEPOT.COM/B/EVERLASTING-GLOW/N-5YC1VZG60
EVERLASTINGGLOW	EVERLASTINGGLOW	homedepot.com	HTTPS://WWW.HOMEDEPOT.COM/B/LIGHTING-STRING-LIGHTS/EVERLASTING-GLOW/N-5YC1VZCDPXZG60
EVERLASTINGGLOW	EVERLASTINGGLOW	homedepot.com	HTTPS://WWW.HOMEDEPOT.COM/B/HOME-DECOR-FLAMELESS-CANDLES/EVERLASTING-GLOW/N-5YC1VZ1Z18G84ZG60
EVERLASTINGGLOW	EVERLASTINGGLOW	homedepot.com	HTTPS://WWW.HOMEDEPOT.COM/B/HOLIDAY-DECORATIONS-CHRISTMAS-DECORATIONS-CHRISTMAS-LIGHTS/EVERLASTING-GLOW/N-5YC1VZC3TBZG60
EVERLASTINGGLOW	EVERLASTINGGLOW	homedepot.com	HTTPS://WWW.HOMEDEPOT.COM/B/HOLIDAY-DECORATIONS/EVERLASTING-GLOW/N-5YC1VZBD6EZG60
EVERLASTINGGLOW	EVERLASTINGGLOW	homedepot.com	HTTPS://WWW.HOMEDEPOT.COM/B/EVERLASTING-GLOW/LED/N-5YC1VZG60Z1Z11ERC
EVERLIFE	EVERLIFE	homedepot.com	HTTPS://WWW.HOMEDEPOT.COM/B/EVERLIFE/N-5YC1VZT5N
EVERLOC	EVERLOC	homedepot.com	HTTPS://WWW.HOMEDEPOT.COM/B/EVERLOC/N-5YC1VZ901
EVERLOC	EVERLOC	homedepot.com	HTTPS://WWW.HOMEDEPOT.COM/B/BATH-BATHROOM-ACCESSORIES-BATHROOM-HARDWARE/EVERLOC/N-5YC1VZCFV8Z901
EVERMARK	EVERMARK	homedepot.com	HTTPS://WWW.HOMEDEPOT.COM/B/EVERMARK/N-5YC1VZS9S
EVERMARK	EVERMARK	homedepot.com	HTTPS://WWW.HOMEDEPOT.COM/B/BUILDING-MATERIALS-MOULDING-MILLWORK-STAIRS-RAILINGS/EVERMARK/N-5YC1VZBCROZS9S
EVERMARK	EVERMARK	homedepot.com	HTTPS://WWW.HOMEDEPOT.COM/B/HARDWARE/EVERMARK/N-5YC1VZC21MZS9S
EVERMARK	EVERMARK	homedepot.com	HTTPS://WWW.HOMEDEPOT.COM/B/BUILDING-MATERIALS-MOULDING-MILLWORK-STAIRS-RAILINGS-STAIR-PARTS-HARDWARE/EVERMARK/N-5YC1VZ2FKPA6XZS9S
EVERMARK	EVERMARK	homedepot.com	HTTPS://WWW.HOMEDEPOT.COM/B/HEATING-VENTING-COOLING-FIREPLACES-FIREPLACE-MANTELS/EVERMARK/N-5YC1VZC4MCZS9S
EVERMARK	EVERMARK	homedepot.com	HTTPS://WWW.HOMEDEPOT.COM/B/BUILDING-MATERIALS-MOULDING-MILLWORK-STAIRS-RAILINGS-STAIR-BALUSTERS/EVERMARK/N-5YC1VZBCRSZS9S
EVERPURE	EVERPURE	homedepot.com	HTTPS://WWW.HOMEDEPOT.COM/B/PLUMBING-WATER-FILTERS/EVERPURE/N-5YC1VZARMZZFEF
EVERPURE	EVERPURE	homedepot.com	HTTPS://WWW.HOMEDEPOT.COM/B/EVERPURE/N-5YC1VZFEF
EVERSTEIN	EVERSTEIN	homedepot.com	HTTPS://WWW.HOMEDEPOT.COM/B/BATH-BATHROOM-FAUCETS-SHOWER-HEADS/EVERSTEIN/N-5YC1VZCJOCZVMR
EVERSTEIN	EVERSTEIN	homedepot.com	HTTPS://WWW.HOMEDEPOT.COM/B/BATH-BATHROOM-FAUCETS-SHOWER-SYSTEMS/EVERSTEIN/N-5YC1VZCD03ZVMR
EVERSTEIN	EVERSTEIN	homedepot.com	HTTPS://WWW.HOMEDEPOT.COM/B/EVERSTEIN/N-5YC1VZVMR
EVERSTEIN	EVERSTEIN	homedepot.com	HTTPS://WWW.HOMEDEPOT.COM/B/BATH-BATHROOM-FAUCETS-SHOWER-FAUCETS/EVERSTEIN/N-5YC1VZCD02ZVMR
EVERSTEIN	EVERSTEIN	homedepot.com	HTTPS://WWW.HOMEDEPOT.COM/B/BATH-BATHROOM-FAUCETS-BATHROOM-SINK-FAUCETS/EVERSTEIN/N-5YC1VZC8D3ZVMR
EVERSTEIN	EVERSTEIN	homedepot.com	HTTPS://WWW.HOMEDEPOT.COM/B/BATH-BATHROOM-FAUCETS/EVERSTEIN/N-5YC1VZBREOZVMR
EVERSTEIN	EVERSTEIN	homedepot.com	HTTPS://WWW.HOMEDEPOT.COM/B/BATH-BATHROOM-FAUCETS-SHOWER-HEADS-DUAL-SHOWER-HEADS/EVERSTEIN/N-5YC1VZ2FKOSKCZVMR
EVERSTEIN	EVERSTEIN	homedepot.com	HTTPS://WWW.HOMEDEPOT.COM/B/BATH-BATHROOM-FAUCETS-SHOWER-FAUCETS/EVERSTEIN/RAIN/N-5YC1VZCD02ZVMRZ1Z0URFG
EVERSTEIN	EVERSTEIN	homedepot.com	HTTPS://WWW.HOMEDEPOT.COM/B/BATH-BATHROOM-FAUCETS-BATHTUB-FAUCETS/EVERSTEIN/N-5YC1VZCD07ZVMR
EVERWASH	EVERWASH	homedepot.com	HTTPS://WWW.HOMEDEPOT.COM/B/EVERWASH/N-5YC1VZUI2
EVERWOOD	EVERWOOD	homedepot.com	HTTPS://WWW.HOMEDEPOT.COM/B/LUMBER-COMPOSITES/EVERWOOD/N-5YC1VZBQPGZSAB
EVERYDROP	EVERYDROP	homedepot.com	HTTPS://WWW.HOMEDEPOT.COM/B/APPLIANCES-APPLIANCE-PARTS-REFRIGERATOR-WATER-FILTERS/EVERYDROP/N-5YC1VZC35AZFPC
EVIDECO	EVIDECO	homedepot.com	HTTPS://WWW.HOMEDEPOT.COM/B/EVIDECO/N-5YC1VZQ02
EVIDECO	EVIDECO	homedepot.com	HTTPS://WWW.HOMEDEPOT.COM/B/BATH-BATHROOM-STORAGE/EVIDECO/N-5YC1VZCFVMZQ02
EVIDECOFRENCHHOMEGOODS	EVIDECOFRENCHHOMEGOODS	homedepot.com	HTTPS://WWW.HOMEDEPOT.COM/B/EVIDECO-FRENCH-HOME-GOODS/N-5YC1VZZIC
EVIDECOFRENCHHOMEGOODS	EVIDECOFRENCHHOMEGOODS	homedepot.com	HTTPS://WWW.HOMEDEPOT.COM/B/BATH-BATHROOM-ACCESSORIES/EVIDECO-FRENCH-HOME-GOODS/N-5YC1VZCFVTZZIC
EVIDECOFRENCHHOMEGOODS	EVIDECOFRENCHHOMEGOODS	homedepot.com	HTTPS://WWW.HOMEDEPOT.COM/B/HOME-DECOR/EVIDECO-FRENCH-HOME-GOODS/N-5YC1VZAS6PZZIC
EVIDECOFRENCHHOMEGOODS	EVIDECOFRENCHHOMEGOODS	homedepot.com	HTTPS://WWW.HOMEDEPOT.COM/B/EVIDECO-FRENCH-HOME-GOODS/POLYPROPYLENE/N-5YC1VZZICZ1Z0VOSI
EVIVA	EVIVA	homedepot.com	HTTPS://WWW.HOMEDEPOT.COM/B/BATH-BATHROOM-VANITIES/EVIVA/N-5YC1VZCFV3ZHU4
EVIVA	EVIVA	homedepot.com	HTTPS://WWW.HOMEDEPOT.COM/B/EVIVA/N-5YC1VZHU4
EVIVA	EVIVA	homedepot.com	HTTPS://WWW.HOMEDEPOT.COM/B/BATH-BATHROOM-MIRRORS/EVIVA/N-5YC1VZBZBOZHU4
EVIVA	EVIVA	homedepot.com	HTTPS://WWW.HOMEDEPOT.COM/B/BATH-BATHROOM-STORAGE-MEDICINE-CABINETS/EVIVA/N-5YC1VZ2FKOWHHZHU4
EVLAS	EVLAS	homedepot.com	HTTPS://WWW.HOMEDEPOT.COM/B/EVLAS/N-5YC1VZ1061
EVOLUR	EVOLUR	homedepot.com	HTTPS://WWW.HOMEDEPOT.COM/B/BABY-KIDS-NURSERY-NURSERY-BABY-FURNITURE/EVOLUR/N-5YC1VZCEVPZMR9
EVOLUR	EVOLUR	homedepot.com	HTTPS://WWW.HOMEDEPOT.COM/B/EVOLUR/N-5YC1VZMR9
EVOLURSLEEP	EVOLURSLEEP	homedepot.com	HTTPS://WWW.HOMEDEPOT.COM/B/BABY-KIDS-NURSERY-NURSERY-BABY-FURNITURE-CRIB-MATTRESSES/EVOLUR-SLEEP/N-5YC1VZ2FKP9N3Z1Z1DHG1
EVOLURSLEEP	EVOLURSLEEP	homedepot.com	HTTPS://WWW.HOMEDEPOT.COM/B/FURNITURE-KIDS-FURNITURE/EVOLUR-SLEEP/N-5YC1VZC8RCZ1Z1DHG1
EVOLUTIONLIGHTING	EVOLUTIONLIGHTING	homedepot.com	HTTPS://WWW.HOMEDEPOT.COM/B/LIGHTING/EVOLUTION-LIGHTING/N-5YC1VZBVN5Z9GZ
EVOLUTIONLIGHTING	EVOLUTIONLIGHTING	homedepot.com	HTTPS://WWW.HOMEDEPOT.COM/B/LIGHTING-LAMPS/EVOLUTION-LIGHTING/N-5YC1VZC7PDZ9GZ
EVOLUTIONLIGHTING	EVOLUTIONLIGHTING	homedepot.com	HTTPS://WWW.HOMEDEPOT.COM/B/LIGHTING-LAMPS-LAMP-SHADES/EVOLUTION-LIGHTING/N-5YC1VZC7OVZ9GZ
EVOLUTIONLIGHTING	EVOLUTIONLIGHTING	homedepot.com	HTTPS://WWW.HOMEDEPOT.COM/B/LIGHTING-LAMPS-DESK-LAMPS/EVOLUTION-LIGHTING/N-5YC1VZC7PPZ9GZ
EVOLUTIONLIGHTING	EVOLUTIONLIGHTING	homedepot.com	HTTPS://WWW.HOMEDEPOT.COM/B/LIGHTING-LAMPS-TABLE-LAMPS/EVOLUTION-LIGHTING/N-5YC1VZC7PTZ9GZ
EVOLUTIONLIGHTING	EVOLUTIONLIGHTING	homedepot.com	HTTPS://WWW.HOMEDEPOT.COM/B/EVOLUTION-LIGHTING/N-5YC1VZ9GZ
EVOLUTIONLIGHTING	EVOLUTIONLIGHTING	homedepot.com	HTTPS://WWW.HOMEDEPOT.COM/B/LIGHTING-LAMPS-FLOOR-LAMPS/EVOLUTION-LIGHTING/N-5YC1VZC7NOZ9GZ
EVOLUTIONPOWERTOOLS	EVOLUTIONPOWERTOOLS	homedepot.com	HTTPS://WWW.HOMEDEPOT.COM/B/TOOLS-POWER-TOOLS-SAWS/EVOLUTION-POWER-TOOLS/N-5YC1VZC28LZB9E
EVOLUTIONPOWERTOOLS	EVOLUTIONPOWERTOOLS	homedepot.com	HTTPS://WWW.HOMEDEPOT.COM/B/TOOLS/EVOLUTION-POWER-TOOLS/N-5YC1VZC1XYZB9E
EVOLUTIONPOWERTOOLS	EVOLUTIONPOWERTOOLS	homedepot.com	HTTPS://WWW.HOMEDEPOT.COM/B/EVOLUTION-POWER-TOOLS/N-5YC1VZB9E
EVOLVEDHABITATS	EVOLVEDHABITATS	homedepot.com	HTTPS://WWW.HOMEDEPOT.COM/B/EVOLVED-HABITATS/N-5YC1VZOYD
EVOLVEDHABITATS	EVOLVEDHABITATS	homedepot.com	HTTPS://WWW.HOMEDEPOT.COM/B/SPORTS-OUTDOORS-HUNTING-GEAR-GAME-MANAGEMENT/EVOLVED-HABITATS/N-5YC1VZC469ZOYD
EVOLVEDHABITATS	EVOLVEDHABITATS	homedepot.com	HTTPS://WWW.HOMEDEPOT.COM/B/SPORTS-OUTDOORS-HUNTING-GEAR/EVOLVED-HABITATS/N-5YC1VZC40TZOYD
EWBANK	EWBANK	homedepot.com	HTTPS://WWW.HOMEDEPOT.COM/B/EWBANK/N-5YC1VZ3X0
EWBANK	EWBANK	homedepot.com	HTTPS://WWW.HOMEDEPOT.COM/B/APPLIANCES/EWBANK/N-5YC1VZBV1WZ3X0
EXACO	EXACO	homedepot.com	HTTPS://WWW.HOMEDEPOT.COM/B/OUTDOORS-GARDEN-CENTER-GREENHOUSES/EXACO/N-5YC1VZCC4VZ8Q5
EXACO	EXACO	homedepot.com	HTTPS://WWW.HOMEDEPOT.COM/B/EXACO/N-5YC1VZ8Q5
EXACO	EXACO	homedepot.com	HTTPS://WWW.HOMEDEPOT.COM/B/OUTDOORS-GARDEN-CENTER-PLANTERS/EXACO/MEDIUM/N-5YC1VZBX81Z8Q5Z1Z182DA
EXACTREPLACEMENTPARTS	EXACTREPLACEMENTPARTS	homedepot.com	HTTPS://WWW.HOMEDEPOT.COM/B/EXACT-REPLACEMENT-PARTS/N-5YC1VZMTG
EXACTREPLACEMENTPARTS	EXACTREPLACEMENTPARTS	homedepot.com	HTTPS://WWW.HOMEDEPOT.COM/B/APPLIANCES/EXACT-REPLACEMENT-PARTS/N-5YC1VZBV1WZMTG
EXBRITE	EXBRITE	homedepot.com	HTTPS://WWW.HOMEDEPOT.COM/B/EXBRITE/N-5YC1VZSU8
EXBRITE	EXBRITE	homedepot.com	HTTPS://WWW.HOMEDEPOT.COM/B/BATH-BATHROOM-MIRRORS/EXBRITE/N-5YC1VZBZBOZSU8
EXBRITE	EXBRITE	homedepot.com	HTTPS://WWW.HOMEDEPOT.COM/B/BATH-BATHROOM-MIRRORS-VANITY-MIRRORS/EXBRITE/N-5YC1VZBZASZSU8
EXCELLOGLOBALPRODUCTS	EXCELLOGLOBALPRODUCTS	homedepot.com	HTTPS://WWW.HOMEDEPOT.COM/B/EXCELLO-GLOBAL-PRODUCTS/N-5YC1VZUH4
EXCELLOGLOBALPRODUCTS	EXCELLOGLOBALPRODUCTS	homedepot.com	HTTPS://WWW.HOMEDEPOT.COM/B/LIGHTING-OUTDOOR-LIGHTING-OUTDOOR-LIGHTING-ACCESSORIES/EXCELLO-GLOBAL-PRODUCTS/N-5YC1VZC7QZZUH4
EXCELLOGLOBALPRODUCTS	EXCELLOGLOBALPRODUCTS	homedepot.com	HTTPS://WWW.HOMEDEPOT.COM/B/BATH-BATHROOM-ACCESSORIES-BATHROOM-HARDWARE/EXCELLO-GLOBAL-PRODUCTS/N-5YC1VZCFV8ZUH4
EXCELLOGLOBALPRODUCTS	EXCELLOGLOBALPRODUCTS	homedepot.com	HTTPS://WWW.HOMEDEPOT.COM/B/LIGHTING-OUTDOOR-LIGHTING/EXCELLO-GLOBAL-PRODUCTS/N-5YC1VZC7QVZUH4
EXCELLOGLOBALPRODUCTS	EXCELLOGLOBALPRODUCTS	homedepot.com	HTTPS://WWW.HOMEDEPOT.COM/B/OUTDOORS/EXCELLO-GLOBAL-PRODUCTS/N-5YC1VZBX82ZUH4
EXCELSTEEL	EXCELSTEEL	homedepot.com	HTTPS://WWW.HOMEDEPOT.COM/B/EXCELSTEEL/N-5YC1VZM9R
EXCELSTEEL	EXCELSTEEL	homedepot.com	HTTPS://WWW.HOMEDEPOT.COM/B/KITCHEN-KITCHENWARE-COOKWARE/EXCELSTEEL/N-5YC1VZC7G9ZM9R
EXCELSTEEL	EXCELSTEEL	homedepot.com	HTTPS://WWW.HOMEDEPOT.COM/B/KITCHEN-KITCHENWARE-KITCHEN-GADGETS-TOOLS/EXCELSTEEL/N-5YC1VZC7GIZM9R
EXCEPTIONALCONCEPTS	EXCEPTIONALCONCEPTS	homedepot.com	HTTPS://WWW.HOMEDEPOT.COM/B/EXCEPTIONAL-CONCEPTS/N-5YC1VZZS7
EXCLUSIVEFABRICSFURNISHINGS	EXCLUSIVEFABRICSFURNISHINGS	homedepot.com	HTTPS://WWW.HOMEDEPOT.COM/B/WINDOW-TREATMENTS-CURTAINS-DRAPES/EXCLUSIVE-FABRICS-FURNISHINGS/N-5YC1VZARFWZG7D
EXCLUSIVEFABRICSFURNISHINGS	EXCLUSIVEFABRICSFURNISHINGS	homedepot.com	HTTPS://WWW.HOMEDEPOT.COM/B/EXCLUSIVE-FABRICS-FURNISHINGS/N-5YC1VZG7D
EXCLUSIVEHERITAGE	EXCLUSIVEHERITAGE	homedepot.com	HTTPS://WWW.HOMEDEPOT.COM/B/EXCLUSIVE-HERITAGE/N-5YC1VZHNC
EXCLUSIVEHERITAGE	EXCLUSIVEHERITAGE	homedepot.com	HTTPS://WWW.HOMEDEPOT.COM/B/BATH-BATHROOM-VANITIES/EXCLUSIVE-HERITAGE/N-5YC1VZCFV3ZHNC
EXCLUSIVEHERITAGE	EXCLUSIVEHERITAGE	homedepot.com	HTTPS://WWW.HOMEDEPOT.COM/B/KITCHEN-KITCHEN-SINKS/EXCLUSIVE-HERITAGE/N-5YC1VZARSAZHNC
EXCLUSIVEHOME	EXCLUSIVEHOME	homedepot.com	HTTPS://WWW.HOMEDEPOT.COM/B/EXCLUSIVE-HOME/N-5YC1VZTXC
EXCLUSIVEHOMECURTAINS	EXCLUSIVEHOMECURTAINS	homedepot.com	HTTPS://WWW.HOMEDEPOT.COM/B/WINDOW-TREATMENTS/EXCLUSIVE-HOME-CURTAINS/N-5YC1VZAR4WZNP1
EXECUTIVECHAIRS	EXECUTIVECHAIRS	homedepot.com	HTTPS://WWW.HOMEDEPOT.COM/B/FURNITURE-HOME-OFFICE-FURNITURE-OFFICE-CHAIRS-DESK-CHAIRS-EXECUTIVE-CHAIRS/N-5YC1VZ2FKP6BU
EXELAIR	EXELAIR	homedepot.com	HTTPS://WWW.HOMEDEPOT.COM/B/TOOLS-AIR-COMPRESSOR-TOOLS/EXELAIR/N-5YC1VZC2FHZH2V
EXELAIR	EXELAIR	homedepot.com	HTTPS://WWW.HOMEDEPOT.COM/B/EXELAIR/N-5YC1VZH2V
EXELAIR	EXELAIR	homedepot.com	HTTPS://WWW.HOMEDEPOT.COM/B/TOOLS-AIR-COMPRESSOR-TOOLS-AIR-TOOLS/EXELAIR/N-5YC1VZC9NQZH2V
EXELAIR	EXELAIR	homedepot.com	HTTPS://WWW.HOMEDEPOT.COM/B/TOOLS/EXELAIR/N-5YC1VZC1XYZH2V
EXELAIR	EXELAIR	homedepot.com	HTTPS://WWW.HOMEDEPOT.COM/B/TOOLS-AIR-COMPRESSOR-TOOLS-AIR-COMPRESSOR-PARTS-ACCESSORIES-AIR-TOOL-ACCESSORY-KITS/EXELAIR/N-5YC1VZC9NSZH2V
EXERCISEBIKES	EXERCISEBIKES	homedepot.com	HTTPS://WWW.HOMEDEPOT.COM/B/EXERCISE-EQUIPMENT-CARDIO-EQUIPMENT-EXERCISE-BIKES/N-5YC1VZCERB
EXERCISEMAT	EXERCISEMAT	homedepot.com	HTTPS://WWW.HOMEDEPOT.COM/B/FLOORING-GYM-FLOORING-GYM-MATS/EXERCISE-MAT/N-5YC1VZBNILZ1Z1P60Z
EXERCISEMAT	EXERCISEMAT	homedepot.com	HTTPS://WWW.HOMEDEPOT.COM/B/FLOORING-GYM-FLOORING/EXERCISE-MAT/N-5YC1VZB97IZ1Z1P60Z
EXHART	EXHART	homedepot.com	HTTPS://WWW.HOMEDEPOT.COM/B/EXHART/N-5YC1VZ3WK
EXHART	EXHART	homedepot.com	HTTPS://WWW.HOMEDEPOT.COM/B/OUTDOORS/EXHART/N-5YC1VZBX82Z3WK
EXIDE	EXIDE	homedepot.com	HTTPS://WWW.HOMEDEPOT.COM/B/GARAGE-AUTOMOTIVE-BATTERY-CHARGING-SYSTEMS-CAR-BATTERIES/EXIDE/N-5YC1VZC8MXZFIC
EXMARK	EXMARK	homedepot.com	HTTPS://WWW.HOMEDEPOT.COM/B/OUTDOORS-OUTDOOR-POWER-EQUIPMENT-OUTDOOR-POWER-EQUIPMENT-PARTS/EXMARK/N-5YC1VZBXC9Z1Z1B27V
EXOTICFIREGLASS	EXOTICFIREGLASS	homedepot.com	HTTPS://WWW.HOMEDEPOT.COM/B/OUTDOORS-OUTDOOR-HEATING/EXOTIC-FIRE-GLASS/N-5YC1VZC6NEZRNA
EXOTICFIREGLASS	EXOTICFIREGLASS	homedepot.com	HTTPS://WWW.HOMEDEPOT.COM/B/EXOTIC-FIRE-GLASS/N-5YC1VZRNA
EXOTICFIREGLASS	EXOTICFIREGLASS	homedepot.com	HTTPS://WWW.HOMEDEPOT.COM/B/OUTDOORS/EXOTIC-FIRE-GLASS/N-5YC1VZBX82ZRNA
EXPACE	EXPACE	homedepot.com	HTTPS://WWW.HOMEDEPOT.COM/B/BUILDING-MATERIALS-LADDERS-STEP-STOOLS/EXPACE/N-5YC1VZARJAZMWW
EXPERTPOWER	EXPERTPOWER	homedepot.com	HTTPS://WWW.HOMEDEPOT.COM/B/ELECTRICAL-BATTERIES-12V-BATTERIES/EXPERTPOWER/N-5YC1VZ2FKOLATZNP6
EXPERTPOWER	EXPERTPOWER	homedepot.com	HTTPS://WWW.HOMEDEPOT.COM/B/OUTDOORS-OUTDOOR-POWER-EQUIPMENT-GENERATORS-PORTABLE-POWER-STATIONS/EXPERTPOWER/N-5YC1VZ2FKP9XXZNP6
EXPLOREHARDWARE	EXPLOREHARDWARE	homedepot.com	HTTPS://WWW.HOMEDEPOT.COM/B/HARDWARE-DOOR-HARDWARE/EXPLORE-HARDWARE/N-5YC1VZC213ZZW8
EXPLOREHARDWARE	EXPLOREHARDWARE	homedepot.com	HTTPS://WWW.HOMEDEPOT.COM/B/HARDWARE-DOOR-HARDWARE-DOOR-HANDLES/EXPLORE-HARDWARE/N-5YC1VZC28ZZZW8
EXPLOREHARDWARE	EXPLOREHARDWARE	homedepot.com	HTTPS://WWW.HOMEDEPOT.COM/B/HARDWARE-DOOR-HARDWARE-DOOR-KNOBS-PRIVACY-DOOR-KNOBS/EXPLORE-HARDWARE/N-5YC1VZC2E0ZZW8
EXPRESSWATER	EXPRESSWATER	homedepot.com	HTTPS://WWW.HOMEDEPOT.COM/B/PLUMBING-WATER-FILTERS/EXPRESS-WATER/N-5YC1VZARMZZNRD
EXPRESSWATER	EXPRESSWATER	homedepot.com	HTTPS://WWW.HOMEDEPOT.COM/B/EXPRESS-WATER/N-5YC1VZNRD
EXPRESSWATER	EXPRESSWATER	homedepot.com	HTTPS://WWW.HOMEDEPOT.COM/B/PLUMBING-WATER-FILTERS-REVERSE-OSMOSIS-WATER-FILTERS-REVERSE-OSMOSIS-SYSTEMS/EXPRESS-WATER/N-5YC1VZCDB1ZNRD
EXPRESSWATER	EXPRESSWATER	homedepot.com	HTTPS://WWW.HOMEDEPOT.COM/B/PLUMBING/EXPRESS-WATER/N-5YC1VZBQEWZNRD
EXTANG	EXTANG	homedepot.com	HTTPS://WWW.HOMEDEPOT.COM/B/GARAGE-AUTOMOTIVE-TRUCK-ACCESSORIES-TONNEAU-COVER/EXTANG/N-5YC1VZ2FKOK9FZPIC
EXTECHINSTRUMENTS	EXTECHINSTRUMENTS	homedepot.com	HTTPS://WWW.HOMEDEPOT.COM/B/TOOLS-POWER-TOOLS/EXTECH-INSTRUMENTS/N-5YC1VZC298ZAJN
EXTECHINSTRUMENTS	EXTECHINSTRUMENTS	homedepot.com	HTTPS://WWW.HOMEDEPOT.COM/B/ELECTRICAL-ELECTRICAL-TOOLS-ELECTRICAL-TESTERS/EXTECH-INSTRUMENTS/N-5YC1VZBOFFZAJN
EXTECHINSTRUMENTS	EXTECHINSTRUMENTS	homedepot.com	HTTPS://WWW.HOMEDEPOT.COM/B/TOOLS-HAND-TOOLS/EXTECH-INSTRUMENTS/N-5YC1VZC1ZGZAJN
EXTECHINSTRUMENTS	EXTECHINSTRUMENTS	homedepot.com	HTTPS://WWW.HOMEDEPOT.COM/B/OUTDOORS-OUTDOOR-POWER-EQUIPMENT/EXTECH-INSTRUMENTS/N-5YC1VZBX5CZAJN
EXTENDABLE	EXTENDABLE	homedepot.com	HTTPS://WWW.HOMEDEPOT.COM/B/FURNITURE-KITCHEN-DINING-ROOM-FURNITURE-KITCHEN-DINING-TABLES/EXTENDABLE/N-5YC1VZC7NYZ1Z1WE4J
EXTENDABLE	EXTENDABLE	homedepot.com	HTTPS://WWW.HOMEDEPOT.COM/B/FURNITURE-BEDROOM-FURNITURE-BEDS/EXTENDABLE/N-5YC1VZC7OHZ1Z0JJVE
EXTRAFIRM	EXTRAFIRM	homedepot.com	HTTPS://WWW.HOMEDEPOT.COM/B/FURNITURE-BEDROOM-FURNITURE-MATTRESSES/EXTRA-FIRM/N-5YC1VZC7OEZ1Z1C7CD
EXTREMEMAX	EXTREMEMAX	homedepot.com	HTTPS://WWW.HOMEDEPOT.COM/B/EXTREME-MAX/N-5YC1VZNBN
EXTREMEMAX	EXTREMEMAX	homedepot.com	HTTPS://WWW.HOMEDEPOT.COM/B/SPORTS-OUTDOORS-BOATING-BOATS-BOAT-PARTS-ACCESSORIES/EXTREME-MAX/N-5YC1VZC45EZNBN
EYELEVEL	EYELEVEL	homedepot.com	HTTPS://WWW.HOMEDEPOT.COM/B/EYE-LEVEL/N-5YC1VZ5I3
EYEVAC	EYEVAC	homedepot.com	HTTPS://WWW.HOMEDEPOT.COM/B/EYEVAC/N-5YC1VZLOF
EZACCESS	EZACCESS	homedepot.com	HTTPS://WWW.HOMEDEPOT.COM/B/HEALTH-AND-WELLNESS-MOBILITY-AIDS-WHEELCHAIR-RAMPS/EZ-ACCESS/N-5YC1VZC8JEZA4M
EZACCESS	EZACCESS	homedepot.com	HTTPS://WWW.HOMEDEPOT.COM/B/EZ-ACCESS/N-5YC1VZA4M
EZANCOR	EZANCOR	homedepot.com	HTTPS://WWW.HOMEDEPOT.COM/B/HARDWARE-FASTENERS-ANCHORS/E-Z-ANCOR/N-5YC1VZC2E5Z79M
EZBAGGER	EZBAGGER	homedepot.com	HTTPS://WWW.HOMEDEPOT.COM/B/EZ-BAGGER/N-5YC1VZCHX
EZCLONE	EZCLONE	homedepot.com	HTTPS://WWW.HOMEDEPOT.COM/B/EZ-CLONE/N-5YC1VZMOK
EZCONNECT	EZCONNECT	homedepot.com	HTTPS://WWW.HOMEDEPOT.COM/B/E-Z-CONNECT/N-5YC1VZFXZ
EZCONNECT	EZCONNECT	homedepot.com	HTTPS://WWW.HOMEDEPOT.COM/B/OUTDOORS-OUTDOOR-POWER-EQUIPMENT-GENERATORS/EZ-CONNECT/N-5YC1VZBX8LZNEO
EZDRINKER	EZDRINKER	homedepot.com	HTTPS://WWW.HOMEDEPOT.COM/B/EZ-DRINKER/N-5YC1VZM4F
EZFLO	EZFLO	homedepot.com	HTTPS://WWW.HOMEDEPOT.COM/B/EZ-FLO/N-5YC1VZDUH
EZFLO	EZFLO	homedepot.com	HTTPS://WWW.HOMEDEPOT.COM/B/PLUMBING/EZ-FLO/N-5YC1VZBQEWZDUH
EZGOAL	EZGOAL	homedepot.com	HTTPS://WWW.HOMEDEPOT.COM/B/SPORTS-OUTDOORS-OUTDOOR-SPORTS-LACROSSE-EQUIPMENT/EZGOAL/N-5YC1VZCBWZZG8S
EZGRO	EZGRO	homedepot.com	HTTPS://WWW.HOMEDEPOT.COM/B/EZ-GRO/N-5YC1VZF9U
EZKUT	EZKUT	homedepot.com	HTTPS://WWW.HOMEDEPOT.COM/B/EZ-KUT/N-5YC1VZ10E6
EZLIFE	EZLIFE	homedepot.com	HTTPS://WWW.HOMEDEPOT.COM/B/EZLIFE/N-5YC1VZZZD
EZLIFE	EZLIFE	homedepot.com	HTTPS://WWW.HOMEDEPOT.COM/B/OUTDOORS-HOME-SPAS-HOT-TUBS/EZLIFE/N-5YC1VZCFZ2ZZZD
EZLIFE	EZLIFE	homedepot.com	HTTPS://WWW.HOMEDEPOT.COM/B/OUTDOORS/EZLIFE/N-5YC1VZBX82ZZZD
EZLIFE	EZLIFE	homedepot.com	HTTPS://WWW.HOMEDEPOT.COM/B/EZLIFE/40/N-5YC1VZZZDZ1Z0LF27
EZLIFE	EZLIFE	homedepot.com	HTTPS://WWW.HOMEDEPOT.COM/B/OUTDOORS-HOME-SPAS/EZLIFE/N-5YC1VZCFYEZZZD
EZLOK	EZLOK	homedepot.com	HTTPS://WWW.HOMEDEPOT.COM/B/HARDWARE/E-Z-LOK/N-5YC1VZC21MZNGR
EZLOK	EZLOK	homedepot.com	HTTPS://WWW.HOMEDEPOT.COM/B/E-Z-LOK/N-5YC1VZNGR
EZPOLE	EZPOLE	homedepot.com	HTTPS://WWW.HOMEDEPOT.COM/B/EZPOLE/N-5YC1VZEA6
EZPOLE	EZPOLE	homedepot.com	HTTPS://WWW.HOMEDEPOT.COM/B/OUTDOORS-GARDEN-CENTER-OUTDOOR-DECOR-FLAGS-FLAGPOLE-KITS/EZPOLE/N-5YC1VZCL2EZEA6
EZPOUR	EZPOUR	homedepot.com	HTTPS://WWW.HOMEDEPOT.COM/B/EZ-POUR/N-5YC1VZZNY
EZSHADE	EZSHADE	homedepot.com	HTTPS://WWW.HOMEDEPOT.COM/B/EZ-SHADE/N-5YC1VZYDR
EZSHADE	EZSHADE	homedepot.com	HTTPS://WWW.HOMEDEPOT.COM/B/LIGHTING-CEILING-LIGHTING-ACCESSORIES-GLOBES-SHADES/EZ-SHADE/N-5YC1VZC7P4ZYDR
EZSHELF	EZSHELF	homedepot.com	HTTPS://WWW.HOMEDEPOT.COM/B/STORAGE-ORGANIZATION-SHELVING/EZ-SHELF/N-5YC1VZC89KZDBR
EZSHELF	EZSHELF	homedepot.com	HTTPS://WWW.HOMEDEPOT.COM/B/EZ-SHELF/N-5YC1VZDBR
EZSHELF	EZSHELF	homedepot.com	HTTPS://WWW.HOMEDEPOT.COM/B/STORAGE-ORGANIZATION-CLOSET-ORGANIZERS/EZ-SHELF/N-5YC1VZC1X1ZDBR
EZSHELF	EZSHELF	homedepot.com	HTTPS://WWW.HOMEDEPOT.COM/B/STORAGE-ORGANIZATION-CLOSET-ORGANIZERS-WIRE-CLOSET-SHELVES/EZ-SHELF/N-5YC1VZCD8NZDBR
EZSTRIP	EZSTRIP	homedepot.com	HTTPS://WWW.HOMEDEPOT.COM/B/PAINT-PAINT-STRIPPERS-REMOVERS/EZ-STRIP/N-5YC1VZC5BQZELM
EZTANKLESS	EZTANKLESS	homedepot.com	HTTPS://WWW.HOMEDEPOT.COM/B/PLUMBING-WATER-HEATERS-TANKLESS-WATER-HEATERS-TANKLESS-GAS-WATER-HEATERS/EZ-TANKLESS/N-5YC1VZC1U0ZFEB
EZTANKLESS	EZTANKLESS	homedepot.com	HTTPS://WWW.HOMEDEPOT.COM/B/PLUMBING-WATER-HEATERS/EZ-TANKLESS/N-5YC1VZBQLYZFEB
EZTEC	EZTEC	homedepot.com	HTTPS://WWW.HOMEDEPOT.COM/B/EZTEC/N-5YC1VZEZY
EZTEC	EZTEC	homedepot.com	HTTPS://WWW.HOMEDEPOT.COM/B/EZTEC/REMOTE-CONTROL/N-5YC1VZEZYZ1Z0MG9V
EZUP	EZUP	homedepot.com	HTTPS://WWW.HOMEDEPOT.COM/B/SPORTS-OUTDOORS-TAILGATING-GEAR-POP-UP-TENTS/E-Z-UP/N-5YC1VZCBY0ZDIH
EZVALO	EZVALO	homedepot.com	HTTPS://WWW.HOMEDEPOT.COM/B/EZVALO/N-5YC1VZZZT
EZVIZ	EZVIZ	homedepot.com	HTTPS://WWW.HOMEDEPOT.COM/B/ELECTRICAL-HOME-SECURITY-SECURITY-CAMERAS/EZVIZ/N-5YC1VZC20VZG44
EZVIZ	EZVIZ	homedepot.com	HTTPS://WWW.HOMEDEPOT.COM/B/EZVIZ/N-5YC1VZG44
EZYSTORAGE	EZYSTORAGE	homedepot.com	HTTPS://WWW.HOMEDEPOT.COM/B/STORAGE-ORGANIZATION-STORAGE-CONTAINERS/EZY-STORAGE/N-5YC1VZCFZIZPKQ
EZYSTORAGE	EZYSTORAGE	homedepot.com	HTTPS://WWW.HOMEDEPOT.COM/B/EZY-STORAGE/N-5YC1VZPKQ
FABGLASSANDMIRROR	FABGLASSANDMIRROR	homedepot.com	HTTPS://WWW.HOMEDEPOT.COM/B/FAB-GLASS-AND-MIRROR/N-5YC1VZM1L
FABGLASSANDMIRROR	FABGLASSANDMIRROR	homedepot.com	HTTPS://WWW.HOMEDEPOT.COM/B/FAB-GLASS-AND-MIRROR/GLASS/N-5YC1VZM1LZ1Z0UH5X
FABHABITAT	FABHABITAT	homedepot.com	HTTPS://WWW.HOMEDEPOT.COM/B/FLOORING-RUGS/FAB-HABITAT/N-5YC1VZARFMZNAM
FABHABITAT	FABHABITAT	homedepot.com	HTTPS://WWW.HOMEDEPOT.COM/B/FAB-HABITAT/N-5YC1VZNAM
FABHABITAT	FABHABITAT	homedepot.com	HTTPS://WWW.HOMEDEPOT.COM/B/FLOORING-RUGS-OUTDOOR-RUGS/FAB-HABITAT/N-5YC1VZCE9VZNAM
FABLON	FABLON	homedepot.com	HTTPS://WWW.HOMEDEPOT.COM/B/FABLON/N-5YC1VZHJ2
FABLON	FABLON	homedepot.com	HTTPS://WWW.HOMEDEPOT.COM/B/FABLON/DECORATIVE/N-5YC1VZHJ2Z1Z139PL
FABLON	FABLON	homedepot.com	HTTPS://WWW.HOMEDEPOT.COM/B/WINDOW-TREATMENTS-WINDOW-FILM/FABLON/N-5YC1VZARC3ZHJ2
FABLON	FABLON	homedepot.com	HTTPS://WWW.HOMEDEPOT.COM/B/HOME-DECOR/FABLON/N-5YC1VZAS6PZHJ2
FABRIQUEINNOVATIONS	FABRIQUEINNOVATIONS	homedepot.com	HTTPS://WWW.HOMEDEPOT.COM/B/HOLIDAY-DECORATIONS-CHRISTMAS-DECORATIONS-CHRISTMAS-LIGHTS-CHRISTMAS-LIGHT-PROJECTORS/FABRIQUE-INNOVATIONS-INC/N-5YC1VZC3RWZ10SY
FABTEKLOGIC	FABTEKLOGIC	homedepot.com	HTTPS://WWW.HOMEDEPOT.COM/B/FABTEK-LOGIC/N-5YC1VZD8Q
FABTEKLOGIC	FABTEKLOGIC	homedepot.com	HTTPS://WWW.HOMEDEPOT.COM/B/HEATING-VENTING-COOLING-HVAC-SUPPLIES/FABTEK-LOGIC/N-5YC1VZC4NLZD8Q
FABTEKLOGIC	FABTEKLOGIC	homedepot.com	HTTPS://WWW.HOMEDEPOT.COM/B/HEATING-VENTING-COOLING/FABTEK-LOGIC/N-5YC1VZC4K8ZD8Q
FABTEKLOGIC	FABTEKLOGIC	homedepot.com	HTTPS://WWW.HOMEDEPOT.COM/B/HEATING-VENTING-COOLING-HVAC-SUPPLIES-HVAC-ACCESSORIES/FABTEK-LOGIC/N-5YC1VZC6HMZD8Q
FABTEKLOGIC	FABTEKLOGIC	homedepot.com	HTTPS://WWW.HOMEDEPOT.COM/B/OUTDOORS-GARDEN-CENTER-HYDROPONIC-GARDENING-GROW-TENT-ACCESSORIES-GROW-ROOM-VENTILATION/FABTEK-LOGIC/N-5YC1VZCFBIZD8Q
FABTEKLOGIC	FABTEKLOGIC	homedepot.com	HTTPS://WWW.HOMEDEPOT.COM/B/OUTDOORS-GARDEN-CENTER-HYDROPONIC-GARDENING-GROW-TENT-ACCESSORIES/FABTEK-LOGIC/N-5YC1VZCFCFZD8Q
FABULAXE	FABULAXE	homedepot.com	HTTPS://WWW.HOMEDEPOT.COM/B/FABULAXE/N-5YC1VZT9Q
FABULAXE	FABULAXE	homedepot.com	HTTPS://WWW.HOMEDEPOT.COM/B/FURNITURE-KITCHEN-DINING-ROOM-FURNITURE-DINING-ROOM-SETS/FABULAXE/N-5YC1VZCETRZT9Q
FABULAXE	FABULAXE	homedepot.com	HTTPS://WWW.HOMEDEPOT.COM/B/FURNITURE-KITCHEN-DINING-ROOM-FURNITURE-KITCHEN-DINING-TABLES/FABULAXE/N-5YC1VZC7NYZT9Q
FABULAXE	FABULAXE	homedepot.com	HTTPS://WWW.HOMEDEPOT.COM/B/FURNITURE-KITCHEN-DINING-ROOM-FURNITURE-DINING-CHAIRS/FABULAXE/N-5YC1VZC7P6ZT9Q
FABULAXE	FABULAXE	homedepot.com	HTTPS://WWW.HOMEDEPOT.COM/B/FURNITURE/FABULAXE/N-5YC1VZC7PCZT9Q
FABULAXE	FABULAXE	homedepot.com	HTTPS://WWW.HOMEDEPOT.COM/B/FURNITURE-KITCHEN-DINING-ROOM-FURNITURE/FABULAXE/N-5YC1VZC7OUZT9Q
FABULOSO	FABULOSO	homedepot.com	HTTPS://WWW.HOMEDEPOT.COM/B/CLEANING-CLEANING-PRODUCTS-ALL-PURPOSE-CLEANERS/FABULOSO/N-5YC1VZCB2PZ3NS
FACEMASKS	FACEMASKS	homedepot.com	HTTPS://WWW.HOMEDEPOT.COM/B/SAFETY-EQUIPMENT-RESPIRATOR-MASKS-FACE-MASKS/N-5YC1VZCLKS
FAFCO	FAFCO	homedepot.com	HTTPS://WWW.HOMEDEPOT.COM/B/FAFCO/N-5YC1VZSGT
FAGOR	FAGOR	homedepot.com	HTTPS://WWW.HOMEDEPOT.COM/B/FAGOR/N-5YC1VZC2M
FAHRENHEAT	FAHRENHEAT	homedepot.com	HTTPS://WWW.HOMEDEPOT.COM/B/HEATING-VENTING-COOLING-HEATERS/FAHRENHEAT/N-5YC1VZC4L7Z7CF
FAHRENHEAT	FAHRENHEAT	homedepot.com	HTTPS://WWW.HOMEDEPOT.COM/B/HEATING-VENTING-COOLING-HEATERS-WALL-HEATERS-ELECTRIC-WALL-HEATERS/FAHRENHEAT/N-5YC1VZC7DUZ7CF
FAHRENHEAT	FAHRENHEAT	homedepot.com	HTTPS://WWW.HOMEDEPOT.COM/B/HEATING-VENTING-COOLING-HEATERS-WALL-HEATERS-ELECTRIC-WALL-HEATERS/FAHRENHEAT/FORCED-AIR/N-5YC1VZC7DUZ7CFZ1Z0UYTA
FAHRENHEAT	FAHRENHEAT	homedepot.com	HTTPS://WWW.HOMEDEPOT.COM/B/HEATING-VENTING-COOLING-HEATERS-SPACE-HEATERS-ELECTRIC-HEATERS-RADIANT-HEATERS/FAHRENHEAT/N-5YC1VZC8ODZ7CF
FAIRLYODDNOVELTIES	FAIRLYODDNOVELTIES	homedepot.com	HTTPS://WWW.HOMEDEPOT.COM/B/FAIRLY-ODD-NOVELTIES/N-5YC1VZNJ0
FAIRLYODDNOVELTIES	FAIRLYODDNOVELTIES	homedepot.com	HTTPS://WWW.HOMEDEPOT.COM/B/HIGHLY-RATED/FAIRLY-ODD-NOVELTIES/N-5YC1VZNJ0ZBWO5O
FAIRLYODDTREASURES	FAIRLYODDTREASURES	homedepot.com	HTTPS://WWW.HOMEDEPOT.COM/B/TOOLS-SAFETY-SECURITY/FAIRLY-ODD-TREASURES/N-5YC1VZC1XNZOPZ
FAIRLYODDTREASURES	FAIRLYODDTREASURES	homedepot.com	HTTPS://WWW.HOMEDEPOT.COM/B/FAIRLY-ODD-TREASURES/N-5YC1VZOPZ
FAIRLYODDTREASURES	FAIRLYODDTREASURES	homedepot.com	HTTPS://WWW.HOMEDEPOT.COM/B/TOOLS/FAIRLY-ODD-TREASURES/N-5YC1VZC1XYZOPZ
FAKRO	FAKRO	homedepot.com	HTTPS://WWW.HOMEDEPOT.COM/B/FAKRO/N-5YC1VZ4IR
FALCONSTAINLESS	FALCONSTAINLESS	homedepot.com	HTTPS://WWW.HOMEDEPOT.COM/B/FALCON-STAINLESS/N-5YC1VZ3H2
FALKENDESIGN	FALKENDESIGN	homedepot.com	HTTPS://WWW.HOMEDEPOT.COM/B/BUILDING-MATERIALS-GLASS-PLASTIC-SHEETS-PLEXIGLASS/FALKEN-DESIGN/N-5YC1VZC9X2ZOGX
FALKENDESIGN	FALKENDESIGN	homedepot.com	HTTPS://WWW.HOMEDEPOT.COM/B/FALKEN-DESIGN/N-5YC1VZOGX
FALKENDESIGN	FALKENDESIGN	homedepot.com	HTTPS://WWW.HOMEDEPOT.COM/B/LUMBER-COMPOSITES-PLYWOOD/FALKEN-DESIGN/N-5YC1VZBQM7ZOGX
FALLDECORATIONS	FALLDECORATIONS	homedepot.com	HTTPS://WWW.HOMEDEPOT.COM/B/HOLIDAY-DECORATIONS-FALL-DECORATIONS/N-5YC1VZC9QN
FAMILYGUARD	FAMILYGUARD	homedepot.com	HTTPS://WWW.HOMEDEPOT.COM/B/FAMILYGUARD/N-5YC1VZXWF
FAMOWOOD	FAMOWOOD	homedepot.com	HTTPS://WWW.HOMEDEPOT.COM/B/FAMOWOOD/N-5YC1VZEK0
FANAWAY	FANAWAY	homedepot.com	HTTPS://WWW.HOMEDEPOT.COM/B/LIGHTING-CEILING-FANS/FANAWAY/N-5YC1VZBVLQZMJN
FANCREATIONS	FANCREATIONS	homedepot.com	HTTPS://WWW.HOMEDEPOT.COM/B/HOME-DECOR/FAN-CREATIONS/N-5YC1VZAS6PZPYU
FANCREATIONS	FANCREATIONS	homedepot.com	HTTPS://WWW.HOMEDEPOT.COM/B/FAN-CREATIONS/N-5YC1VZPYU
FANCREATIONS	FANCREATIONS	homedepot.com	HTTPS://WWW.HOMEDEPOT.COM/B/FAN-CREATIONS/24-IN/N-5YC1VZPYUZ1Z1VO08
FANCYTUB	FANCYTUB	homedepot.com	HTTPS://WWW.HOMEDEPOT.COM/B/BATH-BATHTUBS/FANCY-TUB/N-5YC1VZBZB7ZGTM
FANCYTUB	FANCYTUB	homedepot.com	HTTPS://WWW.HOMEDEPOT.COM/B/BATH-BATHTUBS-ALCOVE-BATHTUBS/FANCY-TUB/N-5YC1VZCD0GZGTM
FANDELI	FANDELI	homedepot.com	HTTPS://WWW.HOMEDEPOT.COM/B/FANDELI/N-5YC1VZFDM
FANDELI	FANDELI	homedepot.com	HTTPS://WWW.HOMEDEPOT.COM/B/PAINT-PAINT-SUPPLIES-SANDING-SUPPLIES-SANDPAPER/FANDELI/N-5YC1VZBOBKZFDM
FANDELI	FANDELI	homedepot.com	HTTPS://WWW.HOMEDEPOT.COM/B/PAINT-PAINT-SUPPLIES-SANDPAPER-PATCHING-REPAIR/FANDELI/N-5YC1VZC5D2ZFDM
FANFAIR	FANFAIR	homedepot.com	HTTPS://WWW.HOMEDEPOT.COM/B/HEATING-VENTING-COOLING-FANS/FANFAIR/N-5YC1VZC4LWZQ0Z
FANFAIR	FANFAIR	homedepot.com	HTTPS://WWW.HOMEDEPOT.COM/B/HEATING-VENTING-COOLING-FANS-DESK-FANS/FANFAIR/N-5YC1VZCKB5ZQ0Z
FANGIOLIGHTING	FANGIOLIGHTING	homedepot.com	HTTPS://WWW.HOMEDEPOT.COM/B/LIGHTING-LAMPS/FANGIO-LIGHTING/N-5YC1VZC7PDZ9ST
FANGIOLIGHTING	FANGIOLIGHTING	homedepot.com	HTTPS://WWW.HOMEDEPOT.COM/B/LIGHTING/FANGIO-LIGHTING/N-5YC1VZBVN5Z9ST
FANGIOLIGHTING	FANGIOLIGHTING	homedepot.com	HTTPS://WWW.HOMEDEPOT.COM/B/FANGIO-LIGHTING/N-5YC1VZ9ST
FANGIOLIGHTING	FANGIOLIGHTING	homedepot.com	HTTPS://WWW.HOMEDEPOT.COM/B/LIGHTING-LAMPS-FLOOR-LAMPS/FANGIO-LIGHTING/N-5YC1VZC7NOZ9ST
FANGIOLIGHTING	FANGIOLIGHTING	homedepot.com	HTTPS://WWW.HOMEDEPOT.COM/B/LIGHTING-LAMPS-TABLE-LAMPS/FANGIO-LIGHTING/N-5YC1VZC7PTZ9ST
FANIMATION	FANIMATION	homedepot.com	HTTPS://WWW.HOMEDEPOT.COM/B/LIGHTING-CEILING-FANS-CEILING-FANS-WITH-LIGHTS/FANIMATION/N-5YC1VZCJNUZREC
FANIMATION	FANIMATION	homedepot.com	HTTPS://WWW.HOMEDEPOT.COM/B/LIGHTING-CEILING-FANS/FANIMATION/N-5YC1VZBVLQZREC
FANMATS	FANMATS	homedepot.com	HTTPS://WWW.HOMEDEPOT.COM/B/FANMATS/N-5YC1VZ5BH
FANMATS	FANMATS	homedepot.com	HTTPS://WWW.HOMEDEPOT.COM/B/FLOORING-RUGS-MATS/FANMATS/N-5YC1VZC9A5Z5BH
FANMATS	FANMATS	homedepot.com	HTTPS://WWW.HOMEDEPOT.COM/B/FLOORING-RUGS-MATS-DOOR-MATS/FANMATS/N-5YC1VZBNB0Z5BH
FANPAC	FANPAC	homedepot.com	HTTPS://WWW.HOMEDEPOT.COM/B/HEATING-VENTING-COOLING-EVAPORATIVE-COOLERS-EVAPORATIVE-COOLER-PARTS-ACCESSORIES-EVAPORATIVE-COOLER-MOTORS/FANPAC/N-5YC1VZC6G2ZEU9
FANPAC	FANPAC	homedepot.com	HTTPS://WWW.HOMEDEPOT.COM/B/HEATING-VENTING-COOLING-EVAPORATIVE-COOLERS/FANPAC/N-5YC1VZC4LRZEU9
FANTASTIK	FANTASTIK	homedepot.com	HTTPS://WWW.HOMEDEPOT.COM/B/CLEANING-CLEANING-PRODUCTS-ALL-PURPOSE-CLEANERS/FANTASTIK/N-5YC1VZCB2PZ3VT
FANTASYFIELDS	FANTASYFIELDS	homedepot.com	HTTPS://WWW.HOMEDEPOT.COM/B/FANTASY-FIELDS/N-5YC1VZSJC
FANTECH	FANTECH	homedepot.com	HTTPS://WWW.HOMEDEPOT.COM/B/FANTECH/N-5YC1VZCV9
FANTECH	FANTECH	homedepot.com	HTTPS://WWW.HOMEDEPOT.COM/B/BATH-BATHROOM-EXHAUST-FANS-BATH-FANS/FANTECH/N-5YC1VZC4KQZCV9
FAPULLY	FAPULLY	homedepot.com	HTTPS://WWW.HOMEDEPOT.COM/B/KITCHEN-KITCHEN-FAUCETS/FAPULLY/N-5YC1VZAR0KZVMJ
FAPULLY	FAPULLY	homedepot.com	HTTPS://WWW.HOMEDEPOT.COM/B/FAPULLY/N-5YC1VZVMJ
FAPULLY	FAPULLY	homedepot.com	HTTPS://WWW.HOMEDEPOT.COM/B/BATH-BATHROOM-FAUCETS-SHOWER-FAUCETS/FAPULLY/N-5YC1VZCD02ZVMJ
FARATI	FARATI	homedepot.com	HTTPS://WWW.HOMEDEPOT.COM/B/FARATI/N-5YC1VZURF
FARATI	FARATI	homedepot.com	HTTPS://WWW.HOMEDEPOT.COM/B/FURNITURE-KITCHEN-DINING-ROOM-FURNITURE/FARATI/N-5YC1VZC7OUZURF
FARATI	FARATI	homedepot.com	HTTPS://WWW.HOMEDEPOT.COM/B/FURNITURE-LIVING-ROOM-FURNITURE-SOFAS-COUCHES/FARATI/N-5YC1VZC7OYZURF
FARATI	FARATI	homedepot.com	HTTPS://WWW.HOMEDEPOT.COM/B/FURNITURE-LIVING-ROOM-FURNITURE/FARATI/N-5YC1VZC7P3ZURF
FARATI	FARATI	homedepot.com	HTTPS://WWW.HOMEDEPOT.COM/B/FURNITURE-KITCHEN-DINING-ROOM-FURNITURE-SIDEBOARDS-BUFFET-TABLES/FARATI/N-5YC1VZC7O2ZURF
FARBERWARE	FARBERWARE	homedepot.com	HTTPS://WWW.HOMEDEPOT.COM/B/KITCHEN-KITCHENWARE-COOKWARE/FARBERWARE/N-5YC1VZC7G9Z201
FARMGARD	FARMGARD	homedepot.com	HTTPS://WWW.HOMEDEPOT.COM/B/LUMBER-COMPOSITES-FENCING-GATES/FARMGARD/N-5YC1VZBRK7Z5AF
FARMGARD	FARMGARD	homedepot.com	HTTPS://WWW.HOMEDEPOT.COM/B/LUMBER-COMPOSITES/FARMGARD/N-5YC1VZBQPGZ5AF
FARMGARD	FARMGARD	homedepot.com	HTTPS://WWW.HOMEDEPOT.COM/B/OUTDOORS-PET-SUPPLIES-WILDLIFE-FARM-ANIMAL-HORSE-SUPPLIES-LIVESTOCK-SUPPLIES/FARMGARD/N-5YC1VZC532Z5AF
FARMGARD	FARMGARD	homedepot.com	HTTPS://WWW.HOMEDEPOT.COM/B/FARMGARD/N-5YC1VZ5AF
FARMGARD	FARMGARD	homedepot.com	HTTPS://WWW.HOMEDEPOT.COM/B/OUTDOORS-PET-SUPPLIES-WILDLIFE-FARM-ANIMAL-HORSE-SUPPLIES/FARMGARD/N-5YC1VZC4YYZ5AF
FARNAM	FARNAM	homedepot.com	HTTPS://WWW.HOMEDEPOT.COM/B/FARNAM/N-5YC1VZ48U
FASCIA	FASCIA	homedepot.com	HTTPS://WWW.HOMEDEPOT.COM/B/BUILDING-MATERIALS-SIDING-SIDING-TRIM/FASCIA/N-5YC1VZAQ0NZ1Z1TNHA
FASCO	FASCO	homedepot.com	HTTPS://WWW.HOMEDEPOT.COM/B/FASCO/N-5YC1VZ9MR
FASCO	FASCO	homedepot.com	HTTPS://WWW.HOMEDEPOT.COM/B/HEATING-VENTING-COOLING-HVAC-SUPPLIES/FASCO/N-5YC1VZC4NLZ1Z1PE8Y
FASHIONBEDGROUP	FASHIONBEDGROUP	homedepot.com	HTTPS://WWW.HOMEDEPOT.COM/B/FURNITURE-BEDROOM-FURNITURE-BEDS-PANEL-BEDS/FASHION-BED-GROUP/N-5YC1VZ2FKP9K5ZH04
FASHIONHOME	FASHIONHOME	homedepot.com	HTTPS://WWW.HOMEDEPOT.COM/B/FASHION-HOME/N-5YC1VZDGE
FASTCAP	FASTCAP	homedepot.com	HTTPS://WWW.HOMEDEPOT.COM/B/FASTCAP/N-5YC1VZTPL
FASTENERSUNLIMITED	FASTENERSUNLIMITED	homedepot.com	HTTPS://WWW.HOMEDEPOT.COM/B/FASTENERS-UNLIMITED/N-5YC1VZP77
FASTENERSUNLIMITED	FASTENERSUNLIMITED	homedepot.com	HTTPS://WWW.HOMEDEPOT.COM/B/GARAGE-AUTOMOTIVE-RV-SUPPLIES-RV-ACCESSORIES/FASTENERS-UNLIMITED/N-5YC1VZCLQWZP77
FASTENERSUNLIMITED	FASTENERSUNLIMITED	homedepot.com	HTTPS://WWW.HOMEDEPOT.COM/B/GARAGE-AUTOMOTIVE/FASTENERS-UNLIMITED/N-5YC1VZC8O1ZP77
FASTENERSUNLIMITED	FASTENERSUNLIMITED	homedepot.com	HTTPS://WWW.HOMEDEPOT.COM/B/FASTENERS-UNLIMITED/FITMENT/N-5YC1VZP77Z1Z18GKH
FASTENMASTER	FASTENMASTER	homedepot.com	HTTPS://WWW.HOMEDEPOT.COM/B/HARDWARE/FASTENMASTER/N-5YC1VZC21MZ64D
FASTENMASTER	FASTENMASTER	homedepot.com	HTTPS://WWW.HOMEDEPOT.COM/B/HARDWARE-FASTENERS-SCREWS/FASTENMASTER/N-5YC1VZC2B0Z64D
FASTENMASTER	FASTENMASTER	homedepot.com	HTTPS://WWW.HOMEDEPOT.COM/B/HARDWARE-FASTENERS-SCREWS/FASTENMASTER/2-1-2-IN/N-5YC1VZC2B0Z64DZ1Z0SG0Y
FATWOOD	FATWOOD	homedepot.com	HTTPS://WWW.HOMEDEPOT.COM/B/OUTDOORS-OUTDOOR-HEATING-FIREWOOD/FATWOOD/N-5YC1VZC6NBZFYG
FAULTLESS	FAULTLESS	homedepot.com	HTTPS://WWW.HOMEDEPOT.COM/B/HARDWARE-DOOR-HARDWARE-DOOR-LOCKS/FAULTLESS/N-5YC1VZC223ZA2M
FAUXWOOD	FAUXWOOD	homedepot.com	HTTPS://WWW.HOMEDEPOT.COM/B/FURNITURE/FAUX-WOOD/N-5YC1VZC7PCZ1Z0SF2S
FAUXWOOD	FAUXWOOD	homedepot.com	HTTPS://WWW.HOMEDEPOT.COM/B/OUTDOORS/FAUX-WOOD/N-5YC1VZBX82Z1Z0SF2S
FAVORITEMONKEY	FAVORITEMONKEY	homedepot.com	HTTPS://WWW.HOMEDEPOT.COM/B/FAVORITE-MONKEY/N-5YC1VZO6Z
FAYMARTLIGHTING	FAYMARTLIGHTING	homedepot.com	HTTPS://WWW.HOMEDEPOT.COM/B/LIGHTING-PENDANT-LIGHTS/FAYMART-LIGHTING/N-5YC1VZC7NUZ104K
FAYMARTLIGHTING	FAYMARTLIGHTING	homedepot.com	HTTPS://WWW.HOMEDEPOT.COM/B/LIGHTING-FLUSH-MOUNT-CEILING-LIGHTS/FAYMART-LIGHTING/N-5YC1VZC7NKZ104K
FAYMARTLIGHTING	FAYMARTLIGHTING	homedepot.com	HTTPS://WWW.HOMEDEPOT.COM/B/LIGHTING-CEILING-LIGHTING-ACCESSORIES-GLOBES-SHADES/FAYMART-LIGHTING/N-5YC1VZC7P4Z104K
FAYMARTLIGHTING	FAYMARTLIGHTING	homedepot.com	HTTPS://WWW.HOMEDEPOT.COM/B/LIGHTING-OUTDOOR-LIGHTING-OUTDOOR-WALL-LIGHTING/FAYMART-LIGHTING/N-5YC1VZC7QQZ104K
FAYMARTLIGHTING	FAYMARTLIGHTING	homedepot.com	HTTPS://WWW.HOMEDEPOT.COM/B/FAYMART-LIGHTING/N-5YC1VZ104K
FBLUMLEIN	FBLUMLEIN	homedepot.com	HTTPS://WWW.HOMEDEPOT.COM/B/FBLUMLEIN/N-5YC1VZRRR
FBLUMLEIN	FBLUMLEIN	homedepot.com	HTTPS://WWW.HOMEDEPOT.COM/B/APPLIANCES-SMALL-KITCHEN-APPLIANCES/FBLUMLEIN/N-5YC1VZBV48ZRRR
FBLUMLEIN	FBLUMLEIN	homedepot.com	HTTPS://WWW.HOMEDEPOT.COM/B/FBLUMLEIN/BLACK/N-5YC1VZRRRZ1Z141MN
FCDESIGN	FCDESIGN	homedepot.com	HTTPS://WWW.HOMEDEPOT.COM/B/FC-DESIGN/N-5YC1VZROK
FCDESIGN	FCDESIGN	homedepot.com	HTTPS://WWW.HOMEDEPOT.COM/B/FURNITURE-HOME-OFFICE-FURNITURE/FC-DESIGN/N-5YC1VZC7NPZROK
FCDESIGN	FCDESIGN	homedepot.com	HTTPS://WWW.HOMEDEPOT.COM/B/HOME-DECOR-HOME-ACCENTS-SCULPTURES/FC-DESIGN/N-5YC1VZ1Z18G7WZROK
FCDESIGN	FCDESIGN	homedepot.com	HTTPS://WWW.HOMEDEPOT.COM/B/FURNITURE/FC-DESIGN/N-5YC1VZC7PCZROK
FCDESIGN	FCDESIGN	homedepot.com	HTTPS://WWW.HOMEDEPOT.COM/B/FURNITURE-LIVING-ROOM-FURNITURE/FC-DESIGN/N-5YC1VZC7P3ZROK
FCDESIGN	FCDESIGN	homedepot.com	HTTPS://WWW.HOMEDEPOT.COM/B/HOME-DECOR/FC-DESIGN/N-5YC1VZAS6PZROK
FCMPOUTDOOR	FCMPOUTDOOR	homedepot.com	HTTPS://WWW.HOMEDEPOT.COM/B/FCMP-OUTDOOR/N-5YC1VZNPZ
FCMPOUTDOOR	FCMPOUTDOOR	homedepot.com	HTTPS://WWW.HOMEDEPOT.COM/B/OUTDOORS-GARDEN-CENTER-COMPOSTERS/FCMP-OUTDOOR/N-5YC1VZBX5PZNPZ
FCSAUTOPARTS	FCSAUTOPARTS	homedepot.com	HTTPS://WWW.HOMEDEPOT.COM/B/FCS-AUTO-PARTS/N-5YC1VZNZ0
FCSAUTOPARTS	FCSAUTOPARTS	homedepot.com	HTTPS://WWW.HOMEDEPOT.COM/B/HIGHLY-RATED/FCS-AUTO-PARTS/N-5YC1VZNZ0ZBWO5O
FEASTO	FEASTO	homedepot.com	HTTPS://WWW.HOMEDEPOT.COM/B/OUTDOORS-OUTDOOR-COOKING/FEASTO/N-5YC1VZCFB7ZVEG
FEASTO	FEASTO	homedepot.com	HTTPS://WWW.HOMEDEPOT.COM/B/FEASTO/N-5YC1VZVEG
FEASTO	FEASTO	homedepot.com	HTTPS://WWW.HOMEDEPOT.COM/B/OUTDOORS/FEASTO/N-5YC1VZBX82ZVEG
FEASTO	FEASTO	homedepot.com	HTTPS://WWW.HOMEDEPOT.COM/B/OUTDOORS-OUTDOOR-COOKING-GRILLS-GAS-GRILLS-PROPANE-GRILLS/FEASTO/N-5YC1VZC5T2ZVEG
FEATHERLOOM	FEATHERLOOM	homedepot.com	HTTPS://WWW.HOMEDEPOT.COM/B/FEATHER-LOOM/N-5YC1VZYZY
FEATHERLOOM	FEATHERLOOM	homedepot.com	HTTPS://WWW.HOMEDEPOT.COM/B/FEATHER-LOOM/MODERN/N-5YC1VZYZYZ1Z17Z2O
FEATHERRIVERDOORS	FEATHERRIVERDOORS	homedepot.com	HTTPS://WWW.HOMEDEPOT.COM/B/DOORS-WINDOWS-EXTERIOR-DOORS-FRONT-DOORS/FEATHER-RIVER-DOORS/N-5YC1VZAR90Z7CM
FEATHERRIVERDOORS	FEATHERRIVERDOORS	homedepot.com	HTTPS://WWW.HOMEDEPOT.COM/B/FEATHER-RIVER-DOORS/N-5YC1VZ7CM
FEATHERRIVERDOORS	FEATHERRIVERDOORS	homedepot.com	HTTPS://WWW.HOMEDEPOT.COM/B/DOORS-WINDOWS-EXTERIOR-DOORS/FEATHER-RIVER-DOORS/N-5YC1VZAS82Z7CM
FEATHERRIVERDOORS	FEATHERRIVERDOORS	homedepot.com	HTTPS://WWW.HOMEDEPOT.COM/B/DOORS-WINDOWS/FEATHER-RIVER-DOORS/N-5YC1VZAQIHZ7CM
FEATHERRIVERDOORS	FEATHERRIVERDOORS	homedepot.com	HTTPS://WWW.HOMEDEPOT.COM/B/DOORS-WINDOWS-INTERIOR-DOORS/FEATHER-RIVER-DOORS/N-5YC1VZC5IOZ7CM
FEATHERRIVERDOORS	FEATHERRIVERDOORS	homedepot.com	HTTPS://WWW.HOMEDEPOT.COM/B/DOORS-WINDOWS-EXTERIOR-DOORS-FRONT-DOORS-FIBERGLASS-DOORS/FEATHER-RIVER-DOORS/SINGLE-DOOR/N-5YC1VZC94BZ7CMZ1Z0SFRD
FEATHERRIVERDOORS	FEATHERRIVERDOORS	homedepot.com	HTTPS://WWW.HOMEDEPOT.COM/B/DOORS-WINDOWS-EXTERIOR-DOORS-FRONT-DOORS-FIBERGLASS-DOORS/FEATHER-RIVER-DOORS/N-5YC1VZC94BZ7CM
FEATHERSTONE	FEATHERSTONE	homedepot.com	HTTPS://WWW.HOMEDEPOT.COM/B/PAINT-PAINT-COLORS/FEATHERSTONE/N-5YC1VZCAW8Z1Z0LZGS
FEBCO	FEBCO	homedepot.com	HTTPS://WWW.HOMEDEPOT.COM/B/FEBCO/N-5YC1VZ8G1
FEBCO	FEBCO	homedepot.com	HTTPS://WWW.HOMEDEPOT.COM/B/PLUMBING-PLUMBING-PARTS/FEBCO/N-5YC1VZBQKPZ8G1
FEBCO	FEBCO	homedepot.com	HTTPS://WWW.HOMEDEPOT.COM/B/PLUMBING-VALVES/FEBCO/N-5YC1VZBBL6Z8G1
FEBREZE	FEBREZE	homedepot.com	HTTPS://WWW.HOMEDEPOT.COM/B/FEBREZE/N-5YC1VZ1U6
FEBREZE	FEBREZE	homedepot.com	HTTPS://WWW.HOMEDEPOT.COM/B/CLEANING-CLEANING-PRODUCTS-ROOM-FRESHENERS-AIR-FRESHENERS/FEBREZE/N-5YC1VZCB2JZ1U6
FEDERALBRACE	FEDERALBRACE	homedepot.com	HTTPS://WWW.HOMEDEPOT.COM/B/FEDERAL-BRACE/N-5YC1VZIVO
FEENEY	FEENEY	homedepot.com	HTTPS://WWW.HOMEDEPOT.COM/B/FEENEY/N-5YC1VZI7O
FEENEY	FEENEY	homedepot.com	HTTPS://WWW.HOMEDEPOT.COM/B/LUMBER-COMPOSITES-DECKING-DECK-RAILINGS-CABLE-RAILINGS/FEENEY/N-5YC1VZC626ZI7O
FEHOM	FEHOM	homedepot.com	HTTPS://WWW.HOMEDEPOT.COM/B/HEATING-VENTING-COOLING-DEHUMIDIFIERS/FEHOM/N-5YC1VZC4L8ZXW9
FEIN	FEIN	homedepot.com	HTTPS://WWW.HOMEDEPOT.COM/B/TOOLS/FEIN/N-5YC1VZC1XYZ8H3
FEISS	FEISS	homedepot.com	HTTPS://WWW.HOMEDEPOT.COM/B/LIGHTING/FEISS/N-5YC1VZBVN5ZDXT
FEISS	FEISS	homedepot.com	HTTPS://WWW.HOMEDEPOT.COM/B/LIGHTING-LAMPS/FEISS/N-5YC1VZC7PDZDXT
FEISS	FEISS	homedepot.com	HTTPS://WWW.HOMEDEPOT.COM/B/FEISS/N-5YC1VZDXT
FEITELECTRIC	FEITELECTRIC	homedepot.com	HTTPS://WWW.HOMEDEPOT.COM/B/LIGHTING-LIGHT-BULBS/FEIT-ELECTRIC/N-5YC1VZBMBUZ3ZE
FEITELECTRIC	FEITELECTRIC	homedepot.com	HTTPS://WWW.HOMEDEPOT.COM/B/SMART-HOME-SMART-LIGHTING-SMART-LIGHT-BULBS/FEIT-ELECTRIC/N-5YC1VZC7CHZ3ZE
FEITELECTRIC	FEITELECTRIC	homedepot.com	HTTPS://WWW.HOMEDEPOT.COM/B/FEIT-ELECTRIC/N-5YC1VZ3ZE
FEIZY	FEIZY	homedepot.com	HTTPS://WWW.HOMEDEPOT.COM/B/FLOORING-RUGS/FEIZY/N-5YC1VZARFMZ203
FELCO	FELCO	homedepot.com	HTTPS://WWW.HOMEDEPOT.COM/B/OUTDOORS-GARDEN-CENTER-GARDEN-TOOLS/FELCO/N-5YC1VZBX6XZ505
FELO	FELO	homedepot.com	HTTPS://WWW.HOMEDEPOT.COM/B/FELO/N-5YC1VZMLC
FELO	FELO	homedepot.com	HTTPS://WWW.HOMEDEPOT.COM/B/TOOLS/FELO/N-5YC1VZC1XYZMLC
FELPRO	FELPRO	homedepot.com	HTTPS://WWW.HOMEDEPOT.COM/B/FEL-PRO/N-5YC1VZQUP
FENBAO	FENBAO	homedepot.com	HTTPS://WWW.HOMEDEPOT.COM/B/FENBAO/N-5YC1VZSTO
FENBAO	FENBAO	homedepot.com	HTTPS://WWW.HOMEDEPOT.COM/B/FURNITURE-HOME-OFFICE-FURNITURE-OFFICE-CHAIRS-DESK-CHAIRS/FENBAO/N-5YC1VZ2FKP6BNZSTO
FENBAO	FENBAO	homedepot.com	HTTPS://WWW.HOMEDEPOT.COM/B/LIGHTING-LIGHT-BULBS-EDISON-BULBS/FENBAO/N-5YC1VZ2FKOL7BZSTO
FENCE4EVER	FENCE4EVER	homedepot.com	HTTPS://WWW.HOMEDEPOT.COM/B/FENCE4EVER/N-5YC1VZOBL
FENCE4EVER	FENCE4EVER	homedepot.com	HTTPS://WWW.HOMEDEPOT.COM/B/LUMBER-COMPOSITES-FENCING-GATES-OUTDOOR-PRIVACY-SCREENS/FENCE4EVER/N-5YC1VZ2FKP6ANZOBL
FENCE4EVER	FENCE4EVER	homedepot.com	HTTPS://WWW.HOMEDEPOT.COM/B/OUTDOORS/FENCE4EVER/N-5YC1VZBX82ZOBL
FENCEDECKRITE	FENCEDECKRITE	homedepot.com	HTTPS://WWW.HOMEDEPOT.COM/B/LUMBER-COMPOSITES-DECKING/FENCE-DECK-RITE/N-5YC1VZBQMGZVCT
FENCEDECKRITE	FENCEDECKRITE	homedepot.com	HTTPS://WWW.HOMEDEPOT.COM/B/FENCE-DECK-RITE/N-5YC1VZVCT
FENCEDECKRITE	FENCEDECKRITE	homedepot.com	HTTPS://WWW.HOMEDEPOT.COM/B/LUMBER-COMPOSITES-DECKING-DECK-HARDWARE-SPECIALTY-HARDWARE/FENCE-DECK-RITE/N-5YC1VZBQL0ZVCT
FENCEDECKRITE	FENCEDECKRITE	homedepot.com	HTTPS://WWW.HOMEDEPOT.COM/B/LUMBER-COMPOSITES-DECKING-DECK-HARDWARE/FENCE-DECK-RITE/N-5YC1VZBQPRZVCT
FENCEMASTER	FENCEMASTER	homedepot.com	HTTPS://WWW.HOMEDEPOT.COM/B/FENCEMASTER/N-5YC1VZF54
FENCEMASTER	FENCEMASTER	homedepot.com	HTTPS://WWW.HOMEDEPOT.COM/B/OUTDOORS/FENCEMASTER/N-5YC1VZBX82ZF54
FENCEMASTER	FENCEMASTER	homedepot.com	HTTPS://WWW.HOMEDEPOT.COM/B/OUTDOORS-PET-SUPPLIES-WILDLIFE-DOG-SUPPLIES-DOG-CARRIERS-HOUSES-KENNELS-DOG-KENNELS/FENCEMASTER/N-5YC1VZC4TTZF54
FENCEMASTER	FENCEMASTER	homedepot.com	HTTPS://WWW.HOMEDEPOT.COM/B/OUTDOORS-PET-SUPPLIES-WILDLIFE-DOG-SUPPLIES-DOG-KENNELS/FENCEMASTER/MEDIUM-TO-LARGE/N-5YC1VZC4TTZF54Z1Z0RSTO
FENCHELSHADESCOM	FENCHELSHADESCOM	homedepot.com	HTTPS://WWW.HOMEDEPOT.COM/B/LIGHTING-LAMPS-LAMP-SHADES/FENCHELSHADESCOM/N-5YC1VZC7OVZP2L
FENCY	FENCY	homedepot.com	HTTPS://WWW.HOMEDEPOT.COM/B/OUTDOORS-GARDEN-CENTER-PLANTERS-PLANT-POTS/FENCY/N-5YC1VZBX87ZTT8
FENCY	FENCY	homedepot.com	HTTPS://WWW.HOMEDEPOT.COM/B/OUTDOORS-GARDEN-CENTER-PLANTERS-PLANTER-BOXES/FENCY/N-5YC1VZ2FKP30BZTT8
FENCY	FENCY	homedepot.com	HTTPS://WWW.HOMEDEPOT.COM/B/OUTDOORS-GARDEN-CENTER-OUTDOOR-DECOR-TRELLISES/FENCY/N-5YC1VZC6NXZTT8
FENCY	FENCY	homedepot.com	HTTPS://WWW.HOMEDEPOT.COM/B/OUTDOORS-GARDEN-CENTER-OUTDOOR-DECOR/FENCY/N-5YC1VZC6O0ZTT8
FENCY	FENCY	homedepot.com	HTTPS://WWW.HOMEDEPOT.COM/B/OUTDOORS-GARDEN-CENTER-OUTDOOR-DECOR-OUTDOOR-WALL-DECOR/FENCY/N-5YC1VZC95ZZTT8
FENESTRELLE	FENESTRELLE	homedepot.com	HTTPS://WWW.HOMEDEPOT.COM/B/FENESTRELLE/N-5YC1VZPOU
FENESTRELLE	FENESTRELLE	homedepot.com	HTTPS://WWW.HOMEDEPOT.COM/B/DOORS-WINDOWS-WINDOWS-WINDOW-SCREENS-TOOLS-ACCESSORIES/FENESTRELLE/N-5YC1VZAPVRZPOU
FENESTRELLE	FENESTRELLE	homedepot.com	HTTPS://WWW.HOMEDEPOT.COM/B/DOORS-WINDOWS-WINDOWS/FENESTRELLE/N-5YC1VZAQ1WZPOU
FENESTRELLE	FENESTRELLE	homedepot.com	HTTPS://WWW.HOMEDEPOT.COM/B/DOORS-WINDOWS-EXTERIOR-DOORS-SCREEN-DOORS/FENESTRELLE/N-5YC1VZBAEDZPOU
FENIX	FENIX	homedepot.com	HTTPS://WWW.HOMEDEPOT.COM/B/TOOLS-FLASHLIGHTS/FENIX/N-5YC1VZC24WZ8PB
FERADYNEOUTDOORS	FERADYNEOUTDOORS	homedepot.com	HTTPS://WWW.HOMEDEPOT.COM/B/SPORTS-OUTDOORS-HUNTING-GEAR-ARCHERY-SUPPLIES-ARROWS-BOLTS/FERADYNE-OUTDOORS/N-5YC1VZC42YZSGE
FERADYNEOUTDOORS	FERADYNEOUTDOORS	homedepot.com	HTTPS://WWW.HOMEDEPOT.COM/B/FERADYNE-OUTDOORS/N-5YC1VZSGE
FERN	FERN	homedepot.com	HTTPS://WWW.HOMEDEPOT.COM/B/OUTDOORS-GARDEN-CENTER-OUTDOOR-PLANTS/FERN/N-5YC1VZC8RGZ1Z1BQ9M
FERNCO	FERNCO	homedepot.com	HTTPS://WWW.HOMEDEPOT.COM/B/PLUMBING-PIPE-FITTINGS/FERNCO/N-5YC1VZBQPFZ4HS
FERNCO	FERNCO	homedepot.com	HTTPS://WWW.HOMEDEPOT.COM/B/FERNCO/N-5YC1VZ4HS
FERNCO	FERNCO	homedepot.com	HTTPS://WWW.HOMEDEPOT.COM/B/PLUMBING-PIPE-FITTINGS-FITTINGS/FERNCO/N-5YC1VZ1Z18I3TZ4HS
FERNOX	FERNOX	homedepot.com	HTTPS://WWW.HOMEDEPOT.COM/B/FERNOX/N-5YC1VZRVF
FERRYMORSE	FERRYMORSE	homedepot.com	HTTPS://WWW.HOMEDEPOT.COM/B/OUTDOORS-GARDEN-CENTER-PLANT-SEEDS/FERRY-MORSE/N-5YC1VZC8QLZ5RY
FERRYMORSE	FERRYMORSE	homedepot.com	HTTPS://WWW.HOMEDEPOT.COM/B/FERRY-MORSE/N-5YC1VZ5RY
FERRYMORSE	FERRYMORSE	homedepot.com	HTTPS://WWW.HOMEDEPOT.COM/B/OUTDOORS-GARDEN-CENTER-PLANT-SEEDS-VEGETABLE-SEEDS/FERRY-MORSE/N-5YC1VZC8QOZ5RY
FESTIVO	FESTIVO	homedepot.com	HTTPS://WWW.HOMEDEPOT.COM/B/FURNITURE/FESTIVO/N-5YC1VZC7PCZSVT
FESTIVO	FESTIVO	homedepot.com	HTTPS://WWW.HOMEDEPOT.COM/B/FESTIVO/N-5YC1VZSVT
FESTIVO	FESTIVO	homedepot.com	HTTPS://WWW.HOMEDEPOT.COM/B/FURNITURE-LIVING-ROOM-FURNITURE/FESTIVO/N-5YC1VZC7P3ZSVT
FESTIVO	FESTIVO	homedepot.com	HTTPS://WWW.HOMEDEPOT.COM/B/HEATING-VENTING-COOLING-FIREPLACES-ELECTRIC-FIREPLACES/FESTIVO/N-5YC1VZC4MQZSVT
FHGROUP	FHGROUP	homedepot.com	HTTPS://WWW.HOMEDEPOT.COM/B/FH-GROUP/N-5YC1VZG4U
FHGROUP	FHGROUP	homedepot.com	HTTPS://WWW.HOMEDEPOT.COM/B/GARAGE-AUTOMOTIVE-INTERIOR-CAR-ACCESSORIES-CAR-SEAT-ACCESSORIES-CAR-SEAT-COVERS/FH-GROUP/N-5YC1VZC8NZZG4U
FHT	FHT	homedepot.com	HTTPS://WWW.HOMEDEPOT.COM/B/PLUMBING-PLUMBING-PARTS-SUPPLY-LINES/FHT/N-5YC1VZBQJNZ1Z1CMQM
FIBARO	FIBARO	homedepot.com	HTTPS://WWW.HOMEDEPOT.COM/B/FIBARO/N-5YC1VZGC5
FIBERBUILTUMBRELLAS	FIBERBUILTUMBRELLAS	homedepot.com	HTTPS://WWW.HOMEDEPOT.COM/B/OUTDOORS-PATIO-FURNITURE-PATIO-UMBRELLAS-MARKET-UMBRELLAS/FIBERBUILT-UMBRELLAS/N-5YC1VZCCGUZ94Q
FIBERBUILTUMBRELLAS	FIBERBUILTUMBRELLAS	homedepot.com	HTTPS://WWW.HOMEDEPOT.COM/B/OUTDOORS-PATIO-FURNITURE/FIBERBUILT-UMBRELLAS/N-5YC1VZBX4OZ94Q
FIBERGLASSINNOVATIONS	FIBERGLASSINNOVATIONS	homedepot.com	HTTPS://WWW.HOMEDEPOT.COM/B/TOOLS-HAND-TOOLS/FIBERGLASS-INNOVATIONS/N-5YC1VZC1ZGZP2M
FIBERLOCK	FIBERLOCK	homedepot.com	HTTPS://WWW.HOMEDEPOT.COM/B/FIBERLOCK/N-5YC1VZSPG
FIBERLOCK	FIBERLOCK	homedepot.com	HTTPS://WWW.HOMEDEPOT.COM/B/PAINT/FIBERLOCK/N-5YC1VZAR2DZSPG
FIBERMARKER	FIBERMARKER	homedepot.com	HTTPS://WWW.HOMEDEPOT.COM/B/HARDWARE-MAILBOXES-ADDRESS-SIGNS-REFLECTIVE-DRIVEWAY-MARKERS/FIBERMARKER/N-5YC1VZC8FVZSX3
FIBERON	FIBERON	homedepot.com	HTTPS://WWW.HOMEDEPOT.COM/B/LUMBER-COMPOSITES-DECKING/FIBERON/N-5YC1VZBQMGZ4TO
FIBERON	FIBERON	homedepot.com	HTTPS://WWW.HOMEDEPOT.COM/B/LUMBER-COMPOSITES-DECKING-DECK-BOARDS-COMPOSITE-DECKING-BOARDS/FIBERON/N-5YC1VZC5MBZ4TO
FIBERON	FIBERON	homedepot.com	HTTPS://WWW.HOMEDEPOT.COM/B/LUMBER-COMPOSITES-DECKING-DECK-BOARDS/FIBERON/N-5YC1VZC5MHZ4TO
FIBERON	FIBERON	homedepot.com	HTTPS://WWW.HOMEDEPOT.COM/B/FIBERON/N-5YC1VZ4TO
FIELDCONTROLS	FIELDCONTROLS	homedepot.com	HTTPS://WWW.HOMEDEPOT.COM/B/HEATING-VENTING-COOLING-HVAC-SUPPLIES/FIELD-CONTROLS/N-5YC1VZC4NLZERJ
FIELDGUARDIAN	FIELDGUARDIAN	homedepot.com	HTTPS://WWW.HOMEDEPOT.COM/B/LUMBER-COMPOSITES-FENCING-GATES-ELECTRIC-FENCING/FIELD-GUARDIAN/N-5YC1VZC3LQZCZT
FIELDGUARDIAN	FIELDGUARDIAN	homedepot.com	HTTPS://WWW.HOMEDEPOT.COM/B/LUMBER-COMPOSITES-FENCING-GATES-ELECTRIC-FENCING-ELECTRIC-FENCE-INSULATORS/FIELD-GUARDIAN/N-5YC1VZC81UZCZT
FIELDTUFF	FIELDTUFF	homedepot.com	HTTPS://WWW.HOMEDEPOT.COM/B/OUTDOORS/FIELD-TUFF/N-5YC1VZBX82ZFSQ
FIELDTUFF	FIELDTUFF	homedepot.com	HTTPS://WWW.HOMEDEPOT.COM/B/FIELD-TUFF/N-5YC1VZFSQ
FIELDTUFF	FIELDTUFF	homedepot.com	HTTPS://WWW.HOMEDEPOT.COM/B/OUTDOORS-OUTDOOR-POWER-EQUIPMENT/FIELD-TUFF/N-5YC1VZBX5CZFSQ
FIELDTUFF	FIELDTUFF	homedepot.com	HTTPS://WWW.HOMEDEPOT.COM/B/OUTDOORS-GARDEN-CENTER-GARDEN-TOOLS-GARDENING-TOOLS/FIELD-TUFF/N-5YC1VZC5QQZFSQ
FIERYRED	FIERYRED	homedepot.com	HTTPS://WWW.HOMEDEPOT.COM/B/FIERYRED/N-5YC1VZXQ9
FIERYRED	FIERYRED	homedepot.com	HTTPS://WWW.HOMEDEPOT.COM/B/PAINT-PAINT-COLORS/FIERY-RED/N-5YC1VZCAW8Z1Z0UPZV
FIFLEXMESH	FIFLEXMESH	homedepot.com	HTTPS://WWW.HOMEDEPOT.COM/B/FIFLEXMESH/N-5YC1VZNE3
FIFLEXMESH	FIFLEXMESH	homedepot.com	HTTPS://WWW.HOMEDEPOT.COM/B/BUILDING-MATERIALS/FIFLEXMESH/FIBERGLASS-MESH/N-5YC1VZAQNSZNE3Z1Z0QVC2
FIFLEXMESH	FIFLEXMESH	homedepot.com	HTTPS://WWW.HOMEDEPOT.COM/B/BUILDING-MATERIALS/FIFLEXMESH/N-5YC1VZAQNSZNE3
FIFTHANDMAINLIGHTING	FIFTHANDMAINLIGHTING	homedepot.com	HTTPS://WWW.HOMEDEPOT.COM/B/LIGHTING/FIFTH-AND-MAIN-LIGHTING/N-5YC1VZBVN5ZFTG
FIFTHANDMAINLIGHTING	FIFTHANDMAINLIGHTING	homedepot.com	HTTPS://WWW.HOMEDEPOT.COM/B/FIFTH-AND-MAIN-LIGHTING/N-5YC1VZFTG
FIFTHANDMAINLIGHTING	FIFTHANDMAINLIGHTING	homedepot.com	HTTPS://WWW.HOMEDEPOT.COM/B/LIGHTING-PENDANT-LIGHTS/FIFTH-AND-MAIN-LIGHTING/N-5YC1VZC7NUZFTG
FIFTHANDMAINLIGHTING	FIFTHANDMAINLIGHTING	homedepot.com	HTTPS://WWW.HOMEDEPOT.COM/B/LIGHTING-OUTDOOR-LIGHTING-OUTDOOR-CEILING-LIGHTS/FIFTH-AND-MAIN-LIGHTING/N-5YC1VZC7R5ZFTG
FIFTHANDMAINLIGHTING	FIFTHANDMAINLIGHTING	homedepot.com	HTTPS://WWW.HOMEDEPOT.COM/B/LIGHTING-CHANDELIERS/FIFTH-AND-MAIN-LIGHTING/N-5YC1VZC7O0ZFTG
FIFTHANDMAINLIGHTING	FIFTHANDMAINLIGHTING	homedepot.com	HTTPS://WWW.HOMEDEPOT.COM/B/LIGHTING-PENDANT-LIGHTS/FIFTH-AND-MAIN-LIGHTING/FARMHOUSE/N-5YC1VZC7NUZFTGZ1Z17PRU
FIFTHANDMAINLIGHTING	FIFTHANDMAINLIGHTING	homedepot.com	HTTPS://WWW.HOMEDEPOT.COM/B/LIGHTING-WALL-SCONCES/FIFTH-AND-MAIN-LIGHTING/N-5YC1VZC7PIZFTG
FIFTHANDMAINLIGHTING	FIFTHANDMAINLIGHTING	homedepot.com	HTTPS://WWW.HOMEDEPOT.COM/B/FIFTH-AND-MAIN-LIGHTING/METAL/N-5YC1VZFTGZ1Z19A1J
FIFTHANDMAINLIGHTING	FIFTHANDMAINLIGHTING	homedepot.com	HTTPS://WWW.HOMEDEPOT.COM/B/FIFTH-AND-MAIN-LIGHTING/MINIMALIST/N-5YC1VZFTGZ1Z0JYLK
FIFTHANDMAINLIGHTING	FIFTHANDMAINLIGHTING	homedepot.com	HTTPS://WWW.HOMEDEPOT.COM/B/LIGHTING-OUTDOOR-LIGHTING/FIFTH-AND-MAIN-LIGHTING/N-5YC1VZC7QVZFTG
FIFTHANDMAINLIGHTING	FIFTHANDMAINLIGHTING	homedepot.com	HTTPS://WWW.HOMEDEPOT.COM/B/FIFTH-AND-MAIN-LIGHTING/CLEAR-GLASS/N-5YC1VZFTGZ1Z1842K
FIFTHANDMAINLIGHTING	FIFTHANDMAINLIGHTING	homedepot.com	HTTPS://WWW.HOMEDEPOT.COM/B/LIGHTING-VANITY-LIGHTING/FIFTH-AND-MAIN-LIGHTING/N-5YC1VZC7PRZFTG
FIFTHANDMAINLIGHTING	FIFTHANDMAINLIGHTING	homedepot.com	HTTPS://WWW.HOMEDEPOT.COM/B/LIGHTING-CEILING-LIGHTS/FIFTH-AND-MAIN-LIGHTING/N-5YC1VZC7P5ZFTG
FIFTHANDMAINLIGHTING	FIFTHANDMAINLIGHTING	homedepot.com	HTTPS://WWW.HOMEDEPOT.COM/B/LIGHTING-FLUSH-MOUNT-LIGHTS/FIFTH-AND-MAIN-LIGHTING/N-5YC1VZC7NKZFTG
FIFTHPULSE	FIFTHPULSE	homedepot.com	HTTPS://WWW.HOMEDEPOT.COM/B/FIFTHPULSE/N-5YC1VZYC2
FIGTREE	FIGTREE	homedepot.com	HTTPS://WWW.HOMEDEPOT.COM/B/OUTDOORS-GARDEN-CENTER-OUTDOOR-PLANTS-EDIBLE-GARDEN-FRUIT-PLANTS/FIG-TREE/N-5YC1VZC8R1Z1Z1BQ1I
FILLRITE	FILLRITE	homedepot.com	HTTPS://WWW.HOMEDEPOT.COM/B/FILL-RITE/N-5YC1VZG2X
FILMGARD	FILMGARD	homedepot.com	HTTPS://WWW.HOMEDEPOT.COM/B/PAINT-PAINT-SUPPLIES-PLASTIC-SHEETING/FILM-GARD/N-5YC1VZCI20ZKP
FILTERMONSTER	FILTERMONSTER	homedepot.com	HTTPS://WWW.HOMEDEPOT.COM/B/FILTER-MONSTER/N-5YC1VZVC0
FILTERMONSTER	FILTERMONSTER	homedepot.com	HTTPS://WWW.HOMEDEPOT.COM/B/HEATING-VENTING-COOLING-AIR-QUALITY-PARTS-ACCESSORIES/FILTER-MONSTER/N-5YC1VZC5AUZVC0
FILTRETE	FILTRETE	homedepot.com	HTTPS://WWW.HOMEDEPOT.COM/B/HEATING-VENTING-COOLING-AIR-FILTERS/FILTRETE/N-5YC1VZC4KWZ4AX
FIMCO	FIMCO	homedepot.com	HTTPS://WWW.HOMEDEPOT.COM/B/FIMCO/N-5YC1VZ7QR
FIMCO	FIMCO	homedepot.com	HTTPS://WWW.HOMEDEPOT.COM/B/OUTDOORS-GARDEN-CENTER-SPRAYERS/FIMCO/N-5YC1VZCALKZ7QR
FIMCOMANUFACTURING	FIMCOMANUFACTURING	homedepot.com	HTTPS://WWW.HOMEDEPOT.COM/B/FIMCO-MANUFACTURING-INC/N-5YC1VZYCP
FIMCOMANUFACTURING	FIMCOMANUFACTURING	homedepot.com	HTTPS://WWW.HOMEDEPOT.COM/B/OUTDOORS-GARDEN-CENTER-WATERING-IRRIGATION-SPRINKLER-SYSTEMS/FIMCO-MANUFACTURING-INC/N-5YC1VZC63NZYCP
FINCATI	FINCATI	homedepot.com	HTTPS://WWW.HOMEDEPOT.COM/B/OUTDOORS-PATIO-FURNITURE/FINCATI/N-5YC1VZBX4OZZWH
FINCATI	FINCATI	homedepot.com	HTTPS://WWW.HOMEDEPOT.COM/B/FINCATI/1-YEAR/N-5YC1VZZWHZ1Z0SAQR
FINCATI	FINCATI	homedepot.com	HTTPS://WWW.HOMEDEPOT.COM/B/OUTDOORS-PATIO-FURNITURE-PATIO-FURNITURE-COVERS/FINCATI/N-5YC1VZBXBQZZWH
FINEC	FINEC	homedepot.com	HTTPS://WWW.HOMEDEPOT.COM/B/FLOORING-FLOORING-SUPPLIES-FLOORING-TOOLS-TILE-TOOLS-TILE-EDGING-TRIM/FINEC/N-5YC1VZCDV7Z1Z1RU8L
FINEC	FINEC	homedepot.com	HTTPS://WWW.HOMEDEPOT.COM/B/FLOORING-FLOORING-SUPPLIES-FLOORING-TOOLS/SCHLUTER-SYSTEMS/FINEC/N-5YC1VZCDTVZSKCZ1Z1RU8L
FINEDECOR	FINEDECOR	homedepot.com	HTTPS://WWW.HOMEDEPOT.COM/B/HOME-DECOR-WALLPAPER/FINE-DECOR/N-5YC1VZBC0QZN3E
FINEDECOR	FINEDECOR	homedepot.com	HTTPS://WWW.HOMEDEPOT.COM/B/HOME-DECOR-WALLPAPER-WALLPAPER-SAMPLES/FINE-DECOR/N-5YC1VZ2FKOWKLZN3E
FINEDECOR	FINEDECOR	homedepot.com	HTTPS://WWW.HOMEDEPOT.COM/B/HOME-DECOR/FINE-DECOR/N-5YC1VZAS6PZN3E
FINEDECOR	FINEDECOR	homedepot.com	HTTPS://WWW.HOMEDEPOT.COM/B/FINE-DECOR/N-5YC1VZN3E
FINEFIXTURES	FINEFIXTURES	homedepot.com	HTTPS://WWW.HOMEDEPOT.COM/B/FINE-FIXTURES/N-5YC1VZT8U
FINEFIXTURES	FINEFIXTURES	homedepot.com	HTTPS://WWW.HOMEDEPOT.COM/B/BATH-BATHROOM-VANITIES/FINE-FIXTURES/N-5YC1VZCFV3ZT8U
FINEFIXTURES	FINEFIXTURES	homedepot.com	HTTPS://WWW.HOMEDEPOT.COM/B/BATH-TOILETS/FINE-FIXTURES/N-5YC1VZBZBDZT8U
FINEFIXTURES	FINEFIXTURES	homedepot.com	HTTPS://WWW.HOMEDEPOT.COM/B/BATH-BATHROOM-SINKS/FINE-FIXTURES/N-5YC1VZBZB0ZT8U
FINEFIXTURES	FINEFIXTURES	homedepot.com	HTTPS://WWW.HOMEDEPOT.COM/B/BATH-BATHROOM-VANITIES/FINE-FIXTURES/BROWN/N-5YC1VZCFV3ZT8UZ1Z0KEK2
FINESSEDECOR	FINESSEDECOR	homedepot.com	HTTPS://WWW.HOMEDEPOT.COM/B/FINESSE-DECOR/N-5YC1VZU78
FINESSEDECOR	FINESSEDECOR	homedepot.com	HTTPS://WWW.HOMEDEPOT.COM/B/LIGHTING/FINESSE-DECOR/N-5YC1VZBVN5ZU78
FINESSEDECOR	FINESSEDECOR	homedepot.com	HTTPS://WWW.HOMEDEPOT.COM/B/LIGHTING-CHANDELIERS/FINESSE-DECOR/N-5YC1VZC7O0ZU78
FINESSEDECOR	FINESSEDECOR	homedepot.com	HTTPS://WWW.HOMEDEPOT.COM/B/LIGHTING/FINESSE-DECOR/INTERIOR-LIGHTING/N-5YC1VZBVN5ZU78Z1Z1DWDJ
FINEX	FINEX	homedepot.com	HTTPS://WWW.HOMEDEPOT.COM/B/FINEX/N-5YC1VZP17
FINISH	FINISH	homedepot.com	HTTPS://WWW.HOMEDEPOT.COM/B/CLEANING-CLEANING-PRODUCTS-DISHWASHER-DETERGENT/FINISH/N-5YC1VZCB2MZ8C0
FINISH	FINISH	homedepot.com	HTTPS://WWW.HOMEDEPOT.COM/B/CLEANING-CLEANING-PRODUCTS/FINISH/N-5YC1VZCB33Z8C0
FINXIN	FINXIN	homedepot.com	HTTPS://WWW.HOMEDEPOT.COM/B/LIGHTING-CEILING-FANS-CEILING-FANS-WITH-LIGHTS/FINXIN/N-5YC1VZCJNUZ10GP
FIREANDFLAVOR	FIREANDFLAVOR	homedepot.com	HTTPS://WWW.HOMEDEPOT.COM/B/FIRE-AND-FLAVOR/N-5YC1VZPTA
FIREANDFLAVOR	FIREANDFLAVOR	homedepot.com	HTTPS://WWW.HOMEDEPOT.COM/B/FOOD-GIFTS-PANTRY-STAPLES-SPICES-SEASONINGS/FIRE-AND-FLAVOR/N-5YC1VZCIGSZPTA
FIREANDFLAVOR	FIREANDFLAVOR	homedepot.com	HTTPS://WWW.HOMEDEPOT.COM/B/OUTDOORS-OUTDOOR-COOKING-GRILL-ACCESSORIES-BBQ-SAUCES-RUBS/FIRE-AND-FLAVOR/N-5YC1VZCB7DZPTA
FIREANDFLAVOR	FIREANDFLAVOR	homedepot.com	HTTPS://WWW.HOMEDEPOT.COM/B/OUTDOORS-OUTDOOR-COOKING-GRILL-ACCESSORIES-GRILLING-COOKWARE-GRILLING-PLANKS/FIRE-AND-FLAVOR/N-5YC1VZBXCHZPTA
FIREBACK	FIREBACK	homedepot.com	HTTPS://WWW.HOMEDEPOT.COM/B/HEATING-VENTING-COOLING-FIREPLACES-FIREPLACE-ACCESSORIES-FIREPLACE-STOVE-PARTS/FIREBACK/N-5YC1VZCC0HZ1Z0OG5A
FIREBUGGZ	FIREBUGGZ	homedepot.com	HTTPS://WWW.HOMEDEPOT.COM/B/OUTDOORS-OUTDOOR-HEATING-FIRE-PITS/FIREBUGGZ/N-5YC1VZC6NAZEB1
FIREBUGGZ	FIREBUGGZ	homedepot.com	HTTPS://WWW.HOMEDEPOT.COM/B/FIREBUGGZ/FIRE-PIT/N-5YC1VZEB1Z1Z0VOHR
FIREBUGGZ	FIREBUGGZ	homedepot.com	HTTPS://WWW.HOMEDEPOT.COM/B/OUTDOORS-OUTDOOR-HEATING/FIREBUGGZ/N-5YC1VZC6NEZEB1
FIRECOMMAND	FIRECOMMAND	homedepot.com	HTTPS://WWW.HOMEDEPOT.COM/B/ELECTRICAL-FIRE-SAFETY-FIRE-EXTINGUISHERS/FIRE-COMMAND/N-5YC1VZBMGPZHQ6
FIREDISCCOOKERS	FIREDISCCOOKERS	homedepot.com	HTTPS://WWW.HOMEDEPOT.COM/B/OUTDOORS-OUTDOOR-COOKING-GRILLS/FIREDISC-COOKERS/N-5YC1VZBXAZZM7G
FIREMIZER	FIREMIZER	homedepot.com	HTTPS://WWW.HOMEDEPOT.COM/B/HEATING-VENTING-COOLING-FIREPLACES-FIREPLACE-ACCESSORIES/FIREMIZER/N-5YC1VZC6HDZN40
FIREMIZER	FIREMIZER	homedepot.com	HTTPS://WWW.HOMEDEPOT.COM/B/FIREMIZER/N-5YC1VZN40
FIREMIZER	FIREMIZER	homedepot.com	HTTPS://WWW.HOMEDEPOT.COM/B/HEATING-VENTING-COOLING-FIREPLACES/FIREMIZER/N-5YC1VZC4LBZN40
FIREPITART	FIREPITART	homedepot.com	HTTPS://WWW.HOMEDEPOT.COM/B/OUTDOORS-OUTDOOR-HEATING-FIRE-PITS/FIRE-PIT-ART/N-5YC1VZC6NAZOU4
FIREPITESSENTIALS	FIREPITESSENTIALS	homedepot.com	HTTPS://WWW.HOMEDEPOT.COM/B/FIRE-PIT-ESSENTIALS/N-5YC1VZMCV
FIREPITESSENTIALS	FIREPITESSENTIALS	homedepot.com	HTTPS://WWW.HOMEDEPOT.COM/B/OUTDOORS-OUTDOOR-HEATING-ACCESSORIES/FIRE-PIT-ESSENTIALS/N-5YC1VZC6N9ZMCV
FIREPLACES	FIREPLACES	homedepot.com	HTTPS://WWW.HOMEDEPOT.COM/B/HEATING-VENTING-COOLING-FIREPLACES/N-5YC1VZC4LB
FIREPLACESCREENS	FIREPLACESCREENS	homedepot.com	HTTPS://WWW.HOMEDEPOT.COM/B/HEATING-VENTING-COOLING-FIREPLACES-FIREPLACE-SCREENS/N-5YC1VZC4KO
FIRESENSE	FIRESENSE	homedepot.com	HTTPS://WWW.HOMEDEPOT.COM/B/OUTDOORS-OUTDOOR-HEATING-PATIO-HEATERS/FIRE-SENSE/N-5YC1VZC6NFZ1XA
FIRESENSE	FIRESENSE	homedepot.com	HTTPS://WWW.HOMEDEPOT.COM/B/FIRE-SENSE/N-5YC1VZ1XA
FIRESENSE	FIRESENSE	homedepot.com	HTTPS://WWW.HOMEDEPOT.COM/B/OUTDOORS-OUTDOOR-HEATING-FIRE-PITS/FIRE-SENSE/N-5YC1VZC6NAZ1XA
FIRESIDEOUTDOOR	FIRESIDEOUTDOOR	homedepot.com	HTTPS://WWW.HOMEDEPOT.COM/B/OUTDOORS-OUTDOOR-HEATING-FIRE-PITS/FIRESIDE-OUTDOOR/N-5YC1VZC6NAZTB7
FIRESIDEPATIOMATS	FIRESIDEPATIOMATS	homedepot.com	HTTPS://WWW.HOMEDEPOT.COM/B/FLOORING-RUGS-AREA-RUGS/FIRESIDE-PATIO-MATS/N-5YC1VZARJGZAWG
FIRMAN	FIRMAN	homedepot.com	HTTPS://WWW.HOMEDEPOT.COM/B/OUTDOORS-OUTDOOR-POWER-EQUIPMENT-GENERATORS/FIRMAN/N-5YC1VZBX8LZPFD
FIRMAN	FIRMAN	homedepot.com	HTTPS://WWW.HOMEDEPOT.COM/B/FIRMAN/N-5YC1VZPFD
FIRMGRIP	FIRMGRIP	homedepot.com	HTTPS://WWW.HOMEDEPOT.COM/B/WORKWEAR-WORK-GLOVES/FIRM-GRIP/N-5YC1VZC260ZSL9
FIRNEWST	FIRNEWST	homedepot.com	HTTPS://WWW.HOMEDEPOT.COM/B/FURNITURE-HOME-OFFICE-FURNITURE-DESKS-STANDING-DESKS/FIRNEWST/N-5YC1VZ2FKOTZCZYTX
FIRNEWST	FIRNEWST	homedepot.com	HTTPS://WWW.HOMEDEPOT.COM/B/FURNITURE-HOME-OFFICE-FURNITURE/FIRNEWST/N-5YC1VZC7NPZYTX
FIRNEWST	FIRNEWST	homedepot.com	HTTPS://WWW.HOMEDEPOT.COM/B/HOME-DECOR-MIRRORS/FIRNEWST/N-5YC1VZBVE6ZYTX
FIRNEWST	FIRNEWST	homedepot.com	HTTPS://WWW.HOMEDEPOT.COM/B/FURNITURE-BEDROOM-FURNITURE-CHEST-OF-DRAWERS/FIRNEWST/N-5YC1VZ2FKOQ99ZYTX
FIRNEWST	FIRNEWST	homedepot.com	HTTPS://WWW.HOMEDEPOT.COM/B/FURNITURE-HOME-OFFICE-FURNITURE-DESKS/FIRNEWST/N-5YC1VZC7OGZYTX
FIRSTALERT	FIRSTALERT	homedepot.com	HTTPS://WWW.HOMEDEPOT.COM/B/ELECTRICAL-FIRE-SAFETY-SMOKE-DETECTORS/FIRST-ALERT/N-5YC1VZBMH8ZKV
FIRSTIMECO	FIRSTIMECO	homedepot.com	HTTPS://WWW.HOMEDEPOT.COM/B/FIRSTIME-CO/N-5YC1VZM39
FIRSTIMECO	FIRSTIMECO	homedepot.com	HTTPS://WWW.HOMEDEPOT.COM/B/HOME-DECOR-CLOCKS-WALL-CLOCKS/FIRSTIME-CO/N-5YC1VZBBZUZM39
FIRSTWATCHSECURITY	FIRSTWATCHSECURITY	homedepot.com	HTTPS://WWW.HOMEDEPOT.COM/B/FIRST-WATCH-SECURITY/N-5YC1VZ8EJ
FIRSTWATCHSECURITY	FIRSTWATCHSECURITY	homedepot.com	HTTPS://WWW.HOMEDEPOT.COM/B/HARDWARE-DOOR-HARDWARE-DOOR-LOCKS/FIRST-WATCH-SECURITY/N-5YC1VZC223Z8EJ
FIRSTWATCHSECURITY	FIRSTWATCHSECURITY	homedepot.com	HTTPS://WWW.HOMEDEPOT.COM/B/HARDWARE/FIRST-WATCH-SECURITY/N-5YC1VZC21MZ8EJ
FIRSTWATCHSECURITY	FIRSTWATCHSECURITY	homedepot.com	HTTPS://WWW.HOMEDEPOT.COM/B/FIRST-WATCH-SECURITY/FREE-SHIP-TO-STORE/N-5YC1VZ8EJZ25EGXE?NCNI-5=&NAO=96
FISKARS	FISKARS	homedepot.com	HTTPS://WWW.HOMEDEPOT.COM/B/OUTDOORS-GARDEN-CENTER-GARDEN-TOOLS/FISKARS/N-5YC1VZBX6XZKX
FITNESSREALITYKIDS	FITNESSREALITYKIDS	homedepot.com	HTTPS://WWW.HOMEDEPOT.COM/B/PLAYGROUND-SETS/FITNESS-REALITY-KIDS/N-5YC1VZCJCDZHSS
FITNESSREALITYKIDS	FITNESSREALITYKIDS	homedepot.com	HTTPS://WWW.HOMEDEPOT.COM/B/PLAYGROUND-SETS-SWING-SETS/FITNESS-REALITY-KIDS/N-5YC1VZC5PKZHSS
FITSYSTEM	FITSYSTEM	homedepot.com	HTTPS://WWW.HOMEDEPOT.COM/B/FIT-SYSTEM/N-5YC1VZM8W
FITTES	FITTES	homedepot.com	HTTPS://WWW.HOMEDEPOT.COM/B/FITTES/N-5YC1VZYM2
FITTES	FITTES	homedepot.com	HTTPS://WWW.HOMEDEPOT.COM/B/HEATING-VENTING-COOLING-HVAC-SUPPLIES-REGISTERS-GRILLES/FITTES/N-5YC1VZC4NCZYM2
FITTES	FITTES	homedepot.com	HTTPS://WWW.HOMEDEPOT.COM/B/HEATING-VENTING-COOLING/FITTES/N-5YC1VZC4K8ZYM2
FITUEYES	FITUEYES	homedepot.com	HTTPS://WWW.HOMEDEPOT.COM/B/FITUEYES/N-5YC1VZT9D
FITUEYES	FITUEYES	homedepot.com	HTTPS://WWW.HOMEDEPOT.COM/B/FURNITURE-LIVING-ROOM-FURNITURE-TV-STANDS/FITUEYES/N-5YC1VZCFCTZT9D
FITZANDFLOYD	FITZANDFLOYD	homedepot.com	HTTPS://WWW.HOMEDEPOT.COM/B/FITZ-AND-FLOYD/N-5YC1VZNK1
FIXMAN	FIXMAN	homedepot.com	HTTPS://WWW.HOMEDEPOT.COM/B/FIXMAN/N-5YC1VZGN6
FIZITI	FIZITI	homedepot.com	HTTPS://WWW.HOMEDEPOT.COM/B/SPORTS-OUTDOORS-TRAMPOLINES-OUTDOOR-TRAMPOLINES/FIZITI/N-5YC1VZCBX0ZZCA
FLAIRIT	FLAIRIT	homedepot.com	HTTPS://WWW.HOMEDEPOT.COM/B/PLUMBING-PIPE-FITTINGS-FITTINGS-PEX-FITTINGS/FLAIR-IT/N-5YC1VZ1Z18I38ZIM1
FLAMEBOSS	FLAMEBOSS	homedepot.com	HTTPS://WWW.HOMEDEPOT.COM/B/FLAME-BOSS/N-5YC1VZH2L
FLAMEEFFECT	FLAMEEFFECT	homedepot.com	HTTPS://WWW.HOMEDEPOT.COM/B/LIGHTING-LIGHT-BULBS/FLAME-EFFECT/N-5YC1VZBMBUZ1Z1DQF4
FLAMEKING	FLAMEKING	homedepot.com	HTTPS://WWW.HOMEDEPOT.COM/B/FLAME-KING/N-5YC1VZG9P
FLAMEKING	FLAMEKING	homedepot.com	HTTPS://WWW.HOMEDEPOT.COM/B/OUTDOORS-OUTDOOR-COOKING-GRILLING-FUELS-PROPANE-TANKS/FLAME-KING/N-5YC1VZBX96ZG9P
FLAMEKING	FLAMEKING	homedepot.com	HTTPS://WWW.HOMEDEPOT.COM/B/GARAGE-WELDING-SOLDERING-TORCHES-TANKS/FLAME-KING/N-5YC1VZC8LQZG9P
FLAMELUX	FLAMELUX	homedepot.com	HTTPS://WWW.HOMEDEPOT.COM/B/HEATING-VENTING-COOLING-FIREPLACES-ELECTRIC-FIREPLACES/FLAMELUX/N-5YC1VZC4MQZFD1
FLANDERSPRECISIONAIRE	FLANDERSPRECISIONAIRE	homedepot.com	HTTPS://WWW.HOMEDEPOT.COM/B/HEATING-VENTING-COOLING-AIR-FILTERS/FLANDERS-PRECISIONAIRE/N-5YC1VZC4KWZ58F
FLASHERS	FLASHERS	homedepot.com	HTTPS://WWW.HOMEDEPOT.COM/B/TOOLS-FLASHLIGHTS/FLASHERS/N-5YC1VZC24WZ1Z0V09A
FLASHFURNITURE	FLASHFURNITURE	homedepot.com	HTTPS://WWW.HOMEDEPOT.COM/B/FLASH-FURNITURE/N-5YC1VZGAW
FLATSCREENTVS	FLATSCREENTVS	homedepot.com	HTTPS://WWW.HOMEDEPOT.COM/B/ELECTRICAL-ELECTRONICS-FLAT-SCREEN-TVS/N-5YC1VZC64H
FLEXDRAIN	FLEXDRAIN	homedepot.com	HTTPS://WWW.HOMEDEPOT.COM/B/FLEX-DRAIN/N-5YC1VZ81C
FLEXDRAIN	FLEXDRAIN	homedepot.com	HTTPS://WWW.HOMEDEPOT.COM/B/PLUMBING-DRAINAGE/FLEX-DRAIN/N-5YC1VZBV0ZZ81C
FLEXDRAIN	FLEXDRAIN	homedepot.com	HTTPS://WWW.HOMEDEPOT.COM/B/PLUMBING/FLEX-DRAIN/N-5YC1VZBQEWZ81C
FLEXDRAIN	FLEXDRAIN	homedepot.com	HTTPS://WWW.HOMEDEPOT.COM/B/PLUMBING-PIPE-FITTINGS/FLEX-DRAIN/N-5YC1VZBQPFZ81C
FLEXIBLEFLYER	FLEXIBLEFLYER	homedepot.com	HTTPS://WWW.HOMEDEPOT.COM/B/FLEXIBLE-FLYER/N-5YC1VZCZP
FLEXIMOUNTS	FLEXIMOUNTS	homedepot.com	HTTPS://WWW.HOMEDEPOT.COM/B/FLEXIMOUNTS/N-5YC1VZFWL
FLEXIMOUNTS	FLEXIMOUNTS	homedepot.com	HTTPS://WWW.HOMEDEPOT.COM/B/GARAGE-GARAGE-STORAGE/FLEXIMOUNTS/N-5YC1VZARMIZFWL
FLEXIMOUNTS	FLEXIMOUNTS	homedepot.com	HTTPS://WWW.HOMEDEPOT.COM/B/GARAGE-GARAGE-STORAGE-OVERHEAD-GARAGE-STORAGE/FLEXIMOUNTS/N-5YC1VZ2FKP9INZFWL
FLEXISNAKE	FLEXISNAKE	homedepot.com	HTTPS://WWW.HOMEDEPOT.COM/B/FLEXISNAKE/N-5YC1VZESL
FLEXISNAKE	FLEXISNAKE	homedepot.com	HTTPS://WWW.HOMEDEPOT.COM/B/PLUMBING/FLEXISNAKE/N-5YC1VZBQEWZESL
FLEXISNAKE	FLEXISNAKE	homedepot.com	HTTPS://WWW.HOMEDEPOT.COM/B/PLUMBING-PLUMBING-TOOLS-DRAIN-CLEANING-TOOLS-DRAIN-SNAKES/FLEXISNAKE/N-5YC1VZBQOEZESL
FLEXONE	FLEXONE	homedepot.com	HTTPS://WWW.HOMEDEPOT.COM/B/STORAGE-ORGANIZATION-FOLDING-FURNITURE-FOLDING-CHAIRS/FLEXONE/N-5YC1VZ1Z18HTGZ1Z1ASFE
FLEXSCREEN	FLEXSCREEN	homedepot.com	HTTPS://WWW.HOMEDEPOT.COM/B/DOORS-WINDOWS-WINDOWS/FLEXSCREEN/N-5YC1VZAQ1WZSYI
FLEXSCREEN	FLEXSCREEN	homedepot.com	HTTPS://WWW.HOMEDEPOT.COM/B/DOORS-WINDOWS-WINDOWS-SCREENS-TOOLS-ACCESSORIES/FLEXSCREEN/N-5YC1VZAPVRZSYI
FLEXSCREEN	FLEXSCREEN	homedepot.com	HTTPS://WWW.HOMEDEPOT.COM/B/FLEXSCREEN/N-5YC1VZSPN
FLEXSTEEL	FLEXSTEEL	homedepot.com	HTTPS://WWW.HOMEDEPOT.COM/B/FURNITURE-LIVING-ROOM-FURNITURE/FLEXSTEEL/N-5YC1VZC7P3ZYKZ
FLEXSTEEL	FLEXSTEEL	homedepot.com	HTTPS://WWW.HOMEDEPOT.COM/B/FLEXSTEEL/N-5YC1VZYKZ
FLEXSTONE	FLEXSTONE	homedepot.com	HTTPS://WWW.HOMEDEPOT.COM/B/FLEXSTONE/N-5YC1VZMNJ
FLEXSTONE	FLEXSTONE	homedepot.com	HTTPS://WWW.HOMEDEPOT.COM/B/BATH-SHOWERS-SHOWER-WALLS-SURROUNDS/FLEXSTONE/N-5YC1VZBZBSZMNJ
FLEXSTONE	FLEXSTONE	homedepot.com	HTTPS://WWW.HOMEDEPOT.COM/B/BATH-SHOWERS/FLEXSTONE/N-5YC1VZBZCDZMNJ
FLEXSTONE	FLEXSTONE	homedepot.com	HTTPS://WWW.HOMEDEPOT.COM/B/BATH-SHOWERS-SHOWER-PANS/FLEXSTONE/N-5YC1VZBZA4ZMNJ
FLEXTRIM	FLEXTRIM	homedepot.com	HTTPS://WWW.HOMEDEPOT.COM/B/BUILDING-MATERIALS-MOULDING-MILLWORK-MOULDING/FLEX-TRIM/N-5YC1VZARA1ZFGF
FLEXTRIM	FLEXTRIM	homedepot.com	HTTPS://WWW.HOMEDEPOT.COM/B/BUILDING-MATERIALS-MOULDING-MILLWORK-MOULDING-GENERAL-PURPOSE-MOULDING/FLEX-TRIM/N-5YC1VZCBJ5ZFGF
FLEXTRIM	FLEXTRIM	homedepot.com	HTTPS://WWW.HOMEDEPOT.COM/B/BUILDING-MATERIALS-MOULDING-MILLWORK-MOULDING-DOOR-WINDOW-MOULDING/FLEX-TRIM/N-5YC1VZCBJMZFGF
FLEXTRIM	FLEXTRIM	homedepot.com	HTTPS://WWW.HOMEDEPOT.COM/B/BUILDING-MATERIALS-MOULDING-MILLWORK/FLEX-TRIM/N-5YC1VZAQ4YZFGF
FLEXTRIM	FLEXTRIM	homedepot.com	HTTPS://WWW.HOMEDEPOT.COM/B/BUILDING-MATERIALS/FLEX-TRIM/N-5YC1VZAQNSZFGF
FLEXZILLA	FLEXZILLA	homedepot.com	HTTPS://WWW.HOMEDEPOT.COM/B/FLEXZILLA/N-5YC1VZCDK
FLINTGARDEN	FLINTGARDEN	homedepot.com	HTTPS://WWW.HOMEDEPOT.COM/B/FLINT-GARDEN/N-5YC1VZTTS
FLINTGARDEN	FLINTGARDEN	homedepot.com	HTTPS://WWW.HOMEDEPOT.COM/B/LIGHTING/FLINT-GARDEN/N-5YC1VZBVN5ZTTS
FLINTGARDEN	FLINTGARDEN	homedepot.com	HTTPS://WWW.HOMEDEPOT.COM/B/LIGHTING-CEILING-FANS-CEILING-FANS-WITH-LIGHTS/FLINT-GARDEN/N-5YC1VZCJNUZTTS
FLINTGARDEN	FLINTGARDEN	homedepot.com	HTTPS://WWW.HOMEDEPOT.COM/B/LIGHTING/FLINT-GARDEN/INTERIOR-LIGHTING/N-5YC1VZBVN5ZTTSZ1Z1DWDJ
FLINTGARDEN	FLINTGARDEN	homedepot.com	HTTPS://WWW.HOMEDEPOT.COM/B/LIGHTING/FLINT-GARDEN/FARMHOUSE/N-5YC1VZBVN5ZTTSZ1Z17PRU
FLINTGARDEN	FLINTGARDEN	homedepot.com	HTTPS://WWW.HOMEDEPOT.COM/B/LIGHTING-CEILING-FANS/FLINT-GARDEN/N-5YC1VZBVLQZTTS
FLINTGARDEN	FLINTGARDEN	homedepot.com	HTTPS://WWW.HOMEDEPOT.COM/B/LIGHTING-FLUSH-MOUNT-CEILING-LIGHTS/FLINT-GARDEN/FUNCTIONAL/N-5YC1VZC7NKZTTSZ1Z1T241
FLINTGARDEN	FLINTGARDEN	homedepot.com	HTTPS://WWW.HOMEDEPOT.COM/B/LIGHTING-CHANDELIERS/FLINT-GARDEN/N-5YC1VZC7O0ZU4J
FLINTGARDEN	FLINTGARDEN	homedepot.com	HTTPS://WWW.HOMEDEPOT.COM/B/FLINT-GARDEN/ASSEMBLY-REQUIRED/N-5YC1VZTTSZ1Z1AGDG
FLINTGARDEN	FLINTGARDEN	homedepot.com	HTTPS://WWW.HOMEDEPOT.COM/B/LIGHTING-FLUSH-MOUNT-CEILING-LIGHTS/FLINT-GARDEN/FUNCTIONAL/INDOOR/N-5YC1VZC7NKZTTSZ1Z17LGMZ1Z1T241
FLINTGARDEN	FLINTGARDEN	homedepot.com	HTTPS://WWW.HOMEDEPOT.COM/B/LIGHTING-FLUSH-MOUNT-CEILING-LIGHTS/FLINT-GARDEN/N-5YC1VZC7NKZU4J
FLINTGARDEN	FLINTGARDEN	homedepot.com	HTTPS://WWW.HOMEDEPOT.COM/B/LIGHTING-PENDANT-LIGHTS/FLINT-GARDEN/N-5YC1VZC7NUZTTS
FLIPFORK	FLIPFORK	homedepot.com	HTTPS://WWW.HOMEDEPOT.COM/B/OUTDOORS-OUTDOOR-COOKING-GRILL-ACCESSORIES/FLIPFORK/N-5YC1VZBXCYZRKT
FLIPFRAME	FLIPFRAME	homedepot.com	HTTPS://WWW.HOMEDEPOT.COM/B/FLIP-FRAME/N-5YC1VZOVY
FLIPSHELF	FLIPSHELF	homedepot.com	HTTPS://WWW.HOMEDEPOT.COM/B/STORAGE-ORGANIZATION-SHELVING/FLIPSHELF/N-5YC1VZC89KZHA6
FLITZ	FLITZ	homedepot.com	HTTPS://WWW.HOMEDEPOT.COM/B/FLITZ/N-5YC1VZE9L
FLOATATIONIQ	FLOATATIONIQ	homedepot.com	HTTPS://WWW.HOMEDEPOT.COM/B/FLOATATION-IQ/N-5YC1VZP04
FLOATATIONIQ	FLOATATIONIQ	homedepot.com	HTTPS://WWW.HOMEDEPOT.COM/B/OUTDOORS-POOL-SUPPLIES/FLOATATION-IQ/N-5YC1VZ1Z18GXCZP04
FLOATATIONIQ	FLOATATIONIQ	homedepot.com	HTTPS://WWW.HOMEDEPOT.COM/B/OUTDOORS-POOL-SUPPLIES-POOL-FLOATS/FLOATATION-IQ/N-5YC1VZCFYFZP04
FLOATATIONIQ	FLOATATIONIQ	homedepot.com	HTTPS://WWW.HOMEDEPOT.COM/B/OUTDOORS/FLOATATION-IQ/N-5YC1VZBX82ZP04
FLOATINGSHELVES	FLOATINGSHELVES	homedepot.com	HTTPS://WWW.HOMEDEPOT.COM/B/STORAGE-ORGANIZATION-SHELVING-DECORATIVE-WALL-SHELVES/FLOATING-SHELVES/N-5YC1VZBBZOZ1Z204N3
FLOJET	FLOJET	homedepot.com	HTTPS://WWW.HOMEDEPOT.COM/B/FLOJET/N-5YC1VZDBF
FLOODSAX	FLOODSAX	homedepot.com	HTTPS://WWW.HOMEDEPOT.COM/B/OUTDOORS-GARDEN-CENTER-LANDSCAPING-SUPPLIES-LANDSCAPE-ACCESSORIES/FLOODSAX/N-5YC1VZBX58ZFK0
FLOODSAX	FLOODSAX	homedepot.com	HTTPS://WWW.HOMEDEPOT.COM/B/FLOODSAX/N-5YC1VZFK0
FLOORCOMFORT	FLOORCOMFORT	homedepot.com	HTTPS://WWW.HOMEDEPOT.COM/B/FLOORING/FLOOR-COMFORT/UNDER-099/N-5YC1VZAQ7RZ10FVZ1Z1RAZ7
FLOORCOMFORT	FLOORCOMFORT	homedepot.com	HTTPS://WWW.HOMEDEPOT.COM/B/FLOORING-FLOORING-SUPPLIES-SURFACE-PREP-UNDERLAYMENT/FLOOR-COMFORT/N-5YC1VZCDTWZ10FV
FLOORET	FLOORET	homedepot.com	HTTPS://WWW.HOMEDEPOT.COM/B/FLOORING-VINYL-FLOORING-VINYL-PLANK-FLOORING/FLOORET/N-5YC1VZBZJZZ1156
FLOORET	FLOORET	homedepot.com	HTTPS://WWW.HOMEDEPOT.COM/B/FLOORET/N-5YC1VZ1156
FLOORING	FLOORING	homedepot.com	HTTPS://WWW.HOMEDEPOT.COM/B/FLOORING/N-5YC1VZAQ7R
FLOORLOT	FLOORLOT	homedepot.com	HTTPS://WWW.HOMEDEPOT.COM/B/FLOORING-FLOORING-SUPPLIES-SURFACE-PREP-UNDERLAYMENT/FLOORLOT/N-5YC1VZCDTWZUJV
FLOORMUFFLER	FLOORMUFFLER	homedepot.com	HTTPS://WWW.HOMEDEPOT.COM/B/FLOORING-FLOORING-SUPPLIES-SURFACE-PREP-UNDERLAYMENT/FLOORMUFFLER/N-5YC1VZCDTWZAVB
FLOORMUFFLER	FLOORMUFFLER	homedepot.com	HTTPS://WWW.HOMEDEPOT.COM/B/FLOORMUFFLER/N-5YC1VZAVB
FLOORMUFFLER	FLOORMUFFLER	homedepot.com	HTTPS://WWW.HOMEDEPOT.COM/B/FLOORING/FLOORMUFFLER/N-5YC1VZAQ7RZAVB
FLOORPOPS	FLOORPOPS	homedepot.com	HTTPS://WWW.HOMEDEPOT.COM/B/FLOORING-VINYL-FLOORING-VINYL-TILE-FLOORING/FLOORPOPS/N-5YC1VZAQ27ZO4R
FLOORPOPS	FLOORPOPS	homedepot.com	HTTPS://WWW.HOMEDEPOT.COM/B/FLOORPOPS/N-5YC1VZO4R
FLOORSCORE	FLOORSCORE	homedepot.com	HTTPS://WWW.HOMEDEPOT.COM/B/FLOORING-VINYL-FLOORING-VINYL-PLANK-FLOORING/FLOORSCORE/N-5YC1VZBZJZZ1Z1B1JW
FLOORTEPRO	FLOORTEPRO	homedepot.com	HTTPS://WWW.HOMEDEPOT.COM/B/FLOORING-VINYL-FLOORING-VINYL-PLANK-FLOORING/FLOORTE-PRO/N-5YC1VZBZJZZ1Z1RA96
FLOORTEX	FLOORTEX	homedepot.com	HTTPS://WWW.HOMEDEPOT.COM/B/FLOORTEX/N-5YC1VZTO1
FLOORTEX	FLOORTEX	homedepot.com	HTTPS://WWW.HOMEDEPOT.COM/B/FLOORING-RUGS-MATS-CHAIR-MATS/FLOORTEX/N-5YC1VZBVPUZTO1
FLOORTEX	FLOORTEX	homedepot.com	HTTPS://WWW.HOMEDEPOT.COM/B/FLOORING/FLOORTEX/N-5YC1VZAQ7RZTO1
FLOORX	FLOORX	homedepot.com	HTTPS://WWW.HOMEDEPOT.COM/B/FLOORX/N-5YC1VZSPD
FLOORX	FLOORX	homedepot.com	HTTPS://WWW.HOMEDEPOT.COM/B/FLOORING-GARAGE-FLOORING-GARAGE-FLOORING-TILES/FLOORX/N-5YC1VZB999ZSPD
FLOORX	FLOORX	homedepot.com	HTTPS://WWW.HOMEDEPOT.COM/B/FLOORING-GARAGE-FLOORING/FLOORX/N-5YC1VZB97TZSPD
FLORABUNDA	FLORABUNDA	homedepot.com	HTTPS://WWW.HOMEDEPOT.COM/B/FLORA-BUNDA/N-5YC1VZPZB
FLORABUNDA	FLORABUNDA	homedepot.com	HTTPS://WWW.HOMEDEPOT.COM/B/OUTDOORS-GARDEN-CENTER-PLANTERS-PLANT-POTS/FLORA-BUNDA/N-5YC1VZBX87ZPZB
FLORABUNDA	FLORABUNDA	homedepot.com	HTTPS://WWW.HOMEDEPOT.COM/B/OUTDOORS-GARDEN-CENTER/FLORA-BUNDA/N-5YC1VZBX6KZPZB
FLORACRAFT	FLORACRAFT	homedepot.com	HTTPS://WWW.HOMEDEPOT.COM/B/HOLIDAY-DECORATIONS-FALL-DECORATIONS-OUTDOOR-FALL-DECORATIONS/FLORACRAFT/N-5YC1VZC9QUZGWN
FLORAFLEX	FLORAFLEX	homedepot.com	HTTPS://WWW.HOMEDEPOT.COM/B/FLORAFLEX/N-5YC1VZQCG
FLORIDAPNEUMATIC	FLORIDAPNEUMATIC	homedepot.com	HTTPS://WWW.HOMEDEPOT.COM/B/TOOLS-AIR-COMPRESSOR-TOOLS-AIR-TOOLS/FLORIDA-PNEUMATIC/N-5YC1VZC9NQZB75
FLORIDAPNEUMATIC	FLORIDAPNEUMATIC	homedepot.com	HTTPS://WWW.HOMEDEPOT.COM/B/TOOLS/FLORIDA-PNEUMATIC/N-5YC1VZC1XYZB75
FLORIDATILEHOMECOLLECTION	FLORIDATILEHOMECOLLECTION	homedepot.com	HTTPS://WWW.HOMEDEPOT.COM/B/FLOORING-TILE-PORCELAIN-TILE/FLORIDA-TILE-HOME-COLLECTION/N-5YC1VZB97MZDWB
FLORIDATILEHOMECOLLECTION	FLORIDATILEHOMECOLLECTION	homedepot.com	HTTPS://WWW.HOMEDEPOT.COM/B/FLORIDA-TILE-HOME-COLLECTION/N-5YC1VZDWB
FLORIDATILEHOMECOLLECTION	FLORIDATILEHOMECOLLECTION	homedepot.com	HTTPS://WWW.HOMEDEPOT.COM/B/FLOORING-TILE/FLORIDA-TILE-HOME-COLLECTION/N-5YC1VZAR0YZDWB
FLORIDATILEHOMECOLLECTION	FLORIDATILEHOMECOLLECTION	homedepot.com	HTTPS://WWW.HOMEDEPOT.COM/B/FLOORING-TILE-PORCELAIN-TILE/FLORIDA-TILE-HOME-COLLECTION/BATHROOM/N-5YC1VZB97MZDWBZ1Z0JQW4
FLORIDATILEHOMECOLLECTION	FLORIDATILEHOMECOLLECTION	homedepot.com	HTTPS://WWW.HOMEDEPOT.COM/B/FLOORING-TILE-PORCELAIN-TILE/FLORIDA-TILE-HOME-COLLECTION/12X24/N-5YC1VZB97MZDWBZ1Z118BP
FLORIDIS	FLORIDIS	homedepot.com	HTTPS://WWW.HOMEDEPOT.COM/B/OUTDOORS-GARDEN-CENTER-PLANTERS/FLORIDIS/N-5YC1VZBX81ZRTL
FLORIDIS	FLORIDIS	homedepot.com	HTTPS://WWW.HOMEDEPOT.COM/B/OUTDOORS-GARDEN-CENTER-PLANTERS-PLANT-POTS/FLORIDIS/N-5YC1VZBX87ZRTL
FLORIDIS	FLORIDIS	homedepot.com	HTTPS://WWW.HOMEDEPOT.COM/B/FLORIDIS/N-5YC1VZRTL
FLOTEC	FLOTEC	homedepot.com	HTTPS://WWW.HOMEDEPOT.COM/B/PLUMBING-WATER-PUMPS/FLOTEC/N-5YC1VZBQLBZL1
FLOTEC	FLOTEC	homedepot.com	HTTPS://WWW.HOMEDEPOT.COM/B/PLUMBING/FLOTEC/N-5YC1VZBQEWZL1
FLOTEC	FLOTEC	homedepot.com	HTTPS://WWW.HOMEDEPOT.COM/B/FLOTEC/N-5YC1VZL1
FLOTEC	FLOTEC	homedepot.com	HTTPS://WWW.HOMEDEPOT.COM/B/PLUMBING-WATER-PUMPS-SEPTIC-PUMPS/FLOTEC/N-5YC1VZBQPCZL1
FLOTEC	FLOTEC	homedepot.com	HTTPS://WWW.HOMEDEPOT.COM/B/PLUMBING-WATER-PUMPS-WELL-PUMPS/FLOTEC/N-5YC1VZBQK6ZL1
FLOTOOL	FLOTOOL	homedepot.com	HTTPS://WWW.HOMEDEPOT.COM/B/FLOTOOL/N-5YC1VZD4B
FLOWERHOUSE	FLOWERHOUSE	homedepot.com	HTTPS://WWW.HOMEDEPOT.COM/B/OUTDOORS-PATIO-FURNITURE/FLOWERHOUSE/N-5YC1VZBX4OZ206
FLOWERHOUSE	FLOWERHOUSE	homedepot.com	HTTPS://WWW.HOMEDEPOT.COM/B/FLOWERHOUSE/N-5YC1VZ206
FLOWERHOUSE	FLOWERHOUSE	homedepot.com	HTTPS://WWW.HOMEDEPOT.COM/B/OUTDOORS-GARDEN-CENTER-GREENHOUSES-PORTABLE-GREENHOUSES/FLOWERHOUSE/N-5YC1VZCC4HZ206
FLOWERHOUSE	FLOWERHOUSE	homedepot.com	HTTPS://WWW.HOMEDEPOT.COM/B/OUTDOORS-GARDEN-CENTER-GREENHOUSES/FLOWERHOUSE/N-5YC1VZCC4VZ206
FLOWERHOUSE	FLOWERHOUSE	homedepot.com	HTTPS://WWW.HOMEDEPOT.COM/B/STORAGE-ORGANIZATION-OUTDOOR-STORAGE-SHEDS/FLOWERHOUSE/N-5YC1VZBTZ2Z206
FLOWTRON	FLOWTRON	homedepot.com	HTTPS://WWW.HOMEDEPOT.COM/B/FLOWTRON/N-5YC1VZECT
FLOWTRON	FLOWTRON	homedepot.com	HTTPS://WWW.HOMEDEPOT.COM/B/OUTDOORS-GARDEN-CENTER-PEST-CONTROL/FLOWTRON/N-5YC1VZBX4WZECT
FLOWTRON	FLOWTRON	homedepot.com	HTTPS://WWW.HOMEDEPOT.COM/B/OUTDOORS-GARDEN-CENTER-PEST-CONTROL-INSECT-CONTROL-INSECT-KILLERS-BUG-ZAPPERS/FLOWTRON/N-5YC1VZCALMZECT
FLOWWALL	FLOWWALL	homedepot.com	HTTPS://WWW.HOMEDEPOT.COM/B/GARAGE-GARAGE-STORAGE/FLOW-WALL/N-5YC1VZARMIZ5J3
FLOWWALL	FLOWWALL	homedepot.com	HTTPS://WWW.HOMEDEPOT.COM/B/FLOW-WALL/N-5YC1VZ5J3
FLOWWALL	FLOWWALL	homedepot.com	HTTPS://WWW.HOMEDEPOT.COM/B/GARAGE-GARAGE-STORAGE-GARAGE-WALL-ORGANIZATION-SLATWALL-PANELS/FLOW-WALL/N-5YC1VZCCYUZ5J3
FLOWWALL	FLOWWALL	homedepot.com	HTTPS://WWW.HOMEDEPOT.COM/B/GARAGE-GARAGE-STORAGE-GARAGE-STORAGE-SYSTEMS/FLOW-WALL/N-5YC1VZ2FKOOKGZ5J3
FLOWWALL	FLOWWALL	homedepot.com	HTTPS://WWW.HOMEDEPOT.COM/B/STORAGE-ORGANIZATION-SHELVING/FLOW-WALL/N-5YC1VZC89KZ5J3
FLOWXTREME	FLOWXTREME	homedepot.com	HTTPS://WWW.HOMEDEPOT.COM/B/FLOWXTREME/N-5YC1VZMLU
FLOWXTREME	FLOWXTREME	homedepot.com	HTTPS://WWW.HOMEDEPOT.COM/B/OUTDOORS-POOLS-POOL-SUPPLIES-POOL-REPLACEMENT-PARTS/FLOWXTREME/N-5YC1VZCJOVZMLU
FLOWXTREME	FLOWXTREME	homedepot.com	HTTPS://WWW.HOMEDEPOT.COM/B/OUTDOORS/FLOWXTREME/N-5YC1VZBX82ZMLU
FLOWXTREME	FLOWXTREME	homedepot.com	HTTPS://WWW.HOMEDEPOT.COM/B/OUTDOORS-POOL-SUPPLIES/FLOWXTREME/N-5YC1VZ1Z18GXCZMLU
FLOWZONE	FLOWZONE	homedepot.com	HTTPS://WWW.HOMEDEPOT.COM/B/OUTDOORS-GARDEN-CENTER-SPRAYERS/FLOWZONE/N-5YC1VZCALKZYPY
FLOWZONE	FLOWZONE	homedepot.com	HTTPS://WWW.HOMEDEPOT.COM/B/FLOWZONE/N-5YC1VZYPY
FLOWZONE	FLOWZONE	homedepot.com	HTTPS://WWW.HOMEDEPOT.COM/B/OUTDOORS-GARDEN-CENTER-SPRAYERS-BATTERY-SPRAYERS/FLOWZONE/N-5YC1VZ2FKOQG7ZYPY
FLSNT	FLSNT	homedepot.com	HTTPS://WWW.HOMEDEPOT.COM/B/LIGHTING-LIGHT-BULBS-LED-LIGHT-BULBS/FLSNT/N-5YC1VZBM79ZXQ6
FLSNT	FLSNT	homedepot.com	HTTPS://WWW.HOMEDEPOT.COM/B/FLSNT/N-5YC1VZXQ6
FLSNT	FLSNT	homedepot.com	HTTPS://WWW.HOMEDEPOT.COM/B/LIGHTING-LIGHT-BULBS/FLSNT/N-5YC1VZBMBUZXQ6
FLUIDFILM	FLUIDFILM	homedepot.com	HTTPS://WWW.HOMEDEPOT.COM/B/FLUID-FILM/N-5YC1VZQFR
FLUIDMASTER	FLUIDMASTER	homedepot.com	HTTPS://WWW.HOMEDEPOT.COM/B/FLUIDMASTER/N-5YC1VZL3
FLUIDMASTER	FLUIDMASTER	homedepot.com	HTTPS://WWW.HOMEDEPOT.COM/B/PLUMBING-PLUMBING-PARTS-TOILET-PARTS/FLUIDMASTER/N-5YC1VZC69LZL3
FLUKE	FLUKE	homedepot.com	HTTPS://WWW.HOMEDEPOT.COM/B/ELECTRICAL-ELECTRICAL-TOOLS-ELECTRICAL-TESTERS-MULTIMETER/FLUKE/N-5YC1VZCHJCZYUK
FLUKE	FLUKE	homedepot.com	HTTPS://WWW.HOMEDEPOT.COM/B/FLUKE/N-5YC1VZYUK
FLUKENETWORKS	FLUKENETWORKS	homedepot.com	HTTPS://WWW.HOMEDEPOT.COM/B/FLUKE-NETWORKS/N-5YC1VZ1XB
FLUME	FLUME	homedepot.com	HTTPS://WWW.HOMEDEPOT.COM/B/PLUMBING-VALVES-WATER-LEAK-DETECTORS/FLUME/N-5YC1VZCKVOZQAW
FLUSHMATE	FLUSHMATE	homedepot.com	HTTPS://WWW.HOMEDEPOT.COM/B/FLUSHMATE/N-5YC1VZEZN
FLUX	FLUX	homedepot.com	HTTPS://WWW.HOMEDEPOT.COM/B/TOOLS-WELDING-SOLDERING-BRAZING-SOLDERING-EQUIPMENT-SOLDER-SOLDER-FLUX/FLUX/N-5YC1VZ1Z18GVZZ1Z1A33X
FLYBAR	FLYBAR	homedepot.com	HTTPS://WWW.HOMEDEPOT.COM/B/PLAYGROUND-SETS-SWINGS/FLYBAR/N-5YC1VZC5PTZYBR
FLYINGFISHERMAN	FLYINGFISHERMAN	homedepot.com	HTTPS://WWW.HOMEDEPOT.COM/B/FLYING-FISHERMAN/N-5YC1VZOHM
FLYINGFISHERMAN	FLYINGFISHERMAN	homedepot.com	HTTPS://WWW.HOMEDEPOT.COM/B/SAFETY-EQUIPMENT-PROTECTIVE-EYEWEAR-SAFETY-GLASSES/FLYING-FISHERMAN/N-5YC1VZC1XTZOHM
FLYNAMA	FLYNAMA	homedepot.com	HTTPS://WWW.HOMEDEPOT.COM/B/FLYNAMA/N-5YC1VZU85
FLYNAMA	FLYNAMA	homedepot.com	HTTPS://WWW.HOMEDEPOT.COM/B/BATH-BATHROOM-SINKS/FLYNAMA/N-5YC1VZBZB0ZU85
FLYNAMA	FLYNAMA	homedepot.com	HTTPS://WWW.HOMEDEPOT.COM/B/BATH-BATHROOM-FAUCETS-SHOWER-FAUCETS/FLYNAMA/N-5YC1VZCD02ZU85
FLYNAMA	FLYNAMA	homedepot.com	HTTPS://WWW.HOMEDEPOT.COM/B/BATH/FLYNAMA/N-5YC1VZBZB3ZU85
FLYNAMA	FLYNAMA	homedepot.com	HTTPS://WWW.HOMEDEPOT.COM/B/KITCHEN-KITCHEN-FAUCETS-PULL-DOWN-KITCHEN-FAUCETS/FLYNAMA/N-5YC1VZBDFWZU85
FLYNAMA	FLYNAMA	homedepot.com	HTTPS://WWW.HOMEDEPOT.COM/B/OUTDOORS-PATIO-FURNITURE/FLYNAMA/N-5YC1VZBX4OZU85
FLYNAMA	FLYNAMA	homedepot.com	HTTPS://WWW.HOMEDEPOT.COM/B/KITCHEN-KITCHEN-FAUCETS-POT-FILLERS/FLYNAMA/N-5YC1VZBL82ZU85
FLYNAMA	FLYNAMA	homedepot.com	HTTPS://WWW.HOMEDEPOT.COM/B/FLYNAMA/FLOATING/N-5YC1VZU85Z1Z17ALI
FLYNAMA	FLYNAMA	homedepot.com	HTTPS://WWW.HOMEDEPOT.COM/B/FLYNAMA/WALL-MOUNT/N-5YC1VZU85Z1Z17KJF
FNAGROUP	FNAGROUP	homedepot.com	HTTPS://WWW.HOMEDEPOT.COM/B/FNA-GROUP-INC/N-5YC1VZSQG
FOAMPRO	FOAMPRO	homedepot.com	HTTPS://WWW.HOMEDEPOT.COM/B/FOAMPRO/N-5YC1VZ858
FOAMPRO	FOAMPRO	homedepot.com	HTTPS://WWW.HOMEDEPOT.COM/B/PAINT/FOAMPRO/N-5YC1VZAR2DZ858
FOAMPRO	FOAMPRO	homedepot.com	HTTPS://WWW.HOMEDEPOT.COM/B/PAINT-PAINT-SUPPLIES/FOAMPRO/N-5YC1VZCI1WZ858
FOAMPRO	FOAMPRO	homedepot.com	HTTPS://WWW.HOMEDEPOT.COM/B/PAINT-PAINT-SUPPLIES-PAINT-APPLICATORS-PAINT-ROLLERS/FOAMPRO/N-5YC1VZAQPYZ858
FOAMPRO	FOAMPRO	homedepot.com	HTTPS://WWW.HOMEDEPOT.COM/B/CLEANING-CLEANING-PRODUCTS/FOAMPRO/N-5YC1VZCB33Z858
FOCA	FOCA	homedepot.com	HTTPS://WWW.HOMEDEPOT.COM/B/CLEANING-LAUNDRY-SUPPLIES-LAUNDRY-DETERGENTS/FOCA/N-5YC1VZCB50Z67Q
FOCALPOINT	FOCALPOINT	homedepot.com	HTTPS://WWW.HOMEDEPOT.COM/B/BUILDING-MATERIALS-MOULDING-MILLWORK-MOULDING/FOCAL-POINT/N-5YC1VZARA1Z2FV
FOCALPOINT	FOCALPOINT	homedepot.com	HTTPS://WWW.HOMEDEPOT.COM/B/BUILDING-MATERIALS-MOULDING-MILLWORK/FOCAL-POINT/N-5YC1VZAQ4YZ2FV
FOCALPOINT	FOCALPOINT	homedepot.com	HTTPS://WWW.HOMEDEPOT.COM/B/BUILDING-MATERIALS-MOULDING-MILLWORK-MOULDING-CROWN-MOULDING/FOCAL-POINT/N-5YC1VZCBJIZ2FV
FOCALPOINT	FOCALPOINT	homedepot.com	HTTPS://WWW.HOMEDEPOT.COM/B/LIGHTING/FOCAL-POINT/N-5YC1VZBVN5Z2FV
FOCUSAUTOPARTS	FOCUSAUTOPARTS	homedepot.com	HTTPS://WWW.HOMEDEPOT.COM/B/GARAGE-AUTOMOTIVE-AUTO-PARTS/FOCUS-AUTO-PARTS/N-5YC1VZC8SSZQUS
FOGATTI	FOGATTI	homedepot.com	HTTPS://WWW.HOMEDEPOT.COM/B/PLUMBING-WATER-HEATERS/FOGATTI/N-5YC1VZBQLYZYVM
FOGATTI	FOGATTI	homedepot.com	HTTPS://WWW.HOMEDEPOT.COM/B/PLUMBING-WATER-HEATERS-TANKLESS-WATER-HEATERS/FOGATTI/N-5YC1VZ2FKOQERZYVM
FOGATTI	FOGATTI	homedepot.com	HTTPS://WWW.HOMEDEPOT.COM/B/FOGATTI/N-5YC1VZYVM
FOGO	FOGO	homedepot.com	HTTPS://WWW.HOMEDEPOT.COM/B/FOGO/N-5YC1VZUAP
FOLDINGCHAIRS	FOLDINGCHAIRS	homedepot.com	HTTPS://WWW.HOMEDEPOT.COM/B/STORAGE-ORGANIZATION-FOLDING-FURNITURE-FOLDING-CHAIRS/N-5YC1VZ1Z18HTG
FOLDINGFURNITURE	FOLDINGFURNITURE	homedepot.com	HTTPS://WWW.HOMEDEPOT.COM/B/STORAGE-ORGANIZATION-FOLDING-FURNITURE/N-5YC1VZ2FKPDUX
FONTAINE	FONTAINE	homedepot.com	HTTPS://WWW.HOMEDEPOT.COM/B/BATH-BATHROOM-FAUCETS/FONTAINE/N-5YC1VZBREOZ8LW
FONTAINE	FONTAINE	homedepot.com	HTTPS://WWW.HOMEDEPOT.COM/B/FONTAINE/N-5YC1VZ8LW
FONTAINEBYITALIA	FONTAINEBYITALIA	homedepot.com	HTTPS://WWW.HOMEDEPOT.COM/B/BATH-BATHROOM-FAUCETS/FONTAINE-BY-ITALIA/N-5YC1VZBREOZN17
FONTAINEBYITALIA	FONTAINEBYITALIA	homedepot.com	HTTPS://WWW.HOMEDEPOT.COM/B/PLUMBING-PLUMBING-PARTS/FONTAINE-BY-ITALIA/N-5YC1VZBQKPZN17
FONTAINEBYITALIA	FONTAINEBYITALIA	homedepot.com	HTTPS://WWW.HOMEDEPOT.COM/B/FONTAINE-BY-ITALIA/N-5YC1VZN17
FONTAINEBYITALIA	FONTAINEBYITALIA	homedepot.com	HTTPS://WWW.HOMEDEPOT.COM/B/KITCHEN-KITCHEN-SOAP-DISPENSERS/FONTAINE-BY-ITALIA/N-5YC1VZBD31ZN17
FONTAINEBYITALIA	FONTAINEBYITALIA	homedepot.com	HTTPS://WWW.HOMEDEPOT.COM/B/BATH-BATHROOM-FAUCETS-BATHTUB-FAUCETS-BATHTUB-SHOWER-FAUCET-COMBOS/FONTAINE-BY-ITALIA/RAIN/N-5YC1VZCD09ZN17Z1Z0URFG
FONTAINEBYITALIA	FONTAINEBYITALIA	homedepot.com	HTTPS://WWW.HOMEDEPOT.COM/B/KITCHEN/FONTAINE-BY-ITALIA/N-5YC1VZAR4IZN17
FOODSAVER	FOODSAVER	homedepot.com	HTTPS://WWW.HOMEDEPOT.COM/B/FOODSAVER/N-5YC1VZ208
FOOTINGPAD	FOOTINGPAD	homedepot.com	HTTPS://WWW.HOMEDEPOT.COM/B/FOOTINGPAD/N-5YC1VZP5D
FOOTINGPAD	FOOTINGPAD	homedepot.com	HTTPS://WWW.HOMEDEPOT.COM/B/BUILDING-MATERIALS-CONCRETE-CEMENT-MASONRY/FOOTINGPAD/N-5YC1VZARLKZP5D
FOOTINGPAD	FOOTINGPAD	homedepot.com	HTTPS://WWW.HOMEDEPOT.COM/B/HIGHLY-RATED/FOOTINGPAD/N-5YC1VZP5DZBWO5O
FOOTINGPAD	FOOTINGPAD	homedepot.com	HTTPS://WWW.HOMEDEPOT.COM/B/BUILDING-MATERIALS-CONCRETE-CEMENT-MASONRY-CINDER-BLOCKS/FOOTINGPAD/N-5YC1VZCDPEZP5D
FOOTMASTER	FOOTMASTER	homedepot.com	HTTPS://WWW.HOMEDEPOT.COM/B/FURNITURE-FURNITURE-ACCESSORIES-REPLACEMENT-PARTS-CASTERS/FOOT-MASTER/N-5YC1VZC29FZEDM
FOOTMASTER	FOOTMASTER	homedepot.com	HTTPS://WWW.HOMEDEPOT.COM/B/FOOT-MASTER/N-5YC1VZEDM
FORBEST	FORBEST	homedepot.com	HTTPS://WWW.HOMEDEPOT.COM/B/FORBEST/N-5YC1VZHG8
FORCLOVER	FORCLOVER	homedepot.com	HTTPS://WWW.HOMEDEPOT.COM/B/FURNITURE-LIVING-ROOM-FURNITURE/FORCLOVER/N-5YC1VZC7P3ZU1A
FORCLOVER	FORCLOVER	homedepot.com	HTTPS://WWW.HOMEDEPOT.COM/B/FORCLOVER/N-5YC1VZU1A
FORCLOVER	FORCLOVER	homedepot.com	HTTPS://WWW.HOMEDEPOT.COM/B/OUTDOORS-PATIO-FURNITURE/FORCLOVER/N-5YC1VZBX4OZU1A
FORCLOVER	FORCLOVER	homedepot.com	HTTPS://WWW.HOMEDEPOT.COM/B/BATH-BATHROOM-MIRRORS/FORCLOVER/N-5YC1VZBZBOZU1A
FORCLOVER	FORCLOVER	homedepot.com	HTTPS://WWW.HOMEDEPOT.COM/B/BATH-BATHROOM-VANITIES/FORCLOVER/N-5YC1VZCFV3ZU1A
FORCLOVER	FORCLOVER	homedepot.com	HTTPS://WWW.HOMEDEPOT.COM/B/BATH-SHOWERS-SHOWER-DOORS/FORCLOVER/N-5YC1VZBZCGZU1A
FORCLOVER	FORCLOVER	homedepot.com	HTTPS://WWW.HOMEDEPOT.COM/B/BUILDING-MATERIALS-LADDERS-STEP-STOOLS/FORCLOVER/N-5YC1VZARJAZU1A
FORCLOVER	FORCLOVER	homedepot.com	HTTPS://WWW.HOMEDEPOT.COM/B/BATH-TOILETS/FORCLOVER/N-5YC1VZBZBDZU1A
FOREARMFORKLIFT	FOREARMFORKLIFT	homedepot.com	HTTPS://WWW.HOMEDEPOT.COM/B/FOREARM-FORKLIFT/N-5YC1VZ5TF
FOREARMFORKLIFT	FOREARMFORKLIFT	homedepot.com	HTTPS://WWW.HOMEDEPOT.COM/B/BUILDING-MATERIALS-MATERIAL-HANDLING-EQUIPMENT/FOREARM-FORKLIFT/N-5YC1VZCA3DZ5TF
FOREARMFORKLIFT	FOREARMFORKLIFT	homedepot.com	HTTPS://WWW.HOMEDEPOT.COM/B/BUILDING-MATERIALS-MATERIAL-HANDLING-EQUIPMENT-LIFTING-EQUIPMENT/FOREARM-FORKLIFT/N-5YC1VZCA3NZ5TF
FOREDOM	FOREDOM	homedepot.com	HTTPS://WWW.HOMEDEPOT.COM/B/TOOLS/FOREDOM/N-5YC1VZC1XYZN5O
FOREDOM	FOREDOM	homedepot.com	HTTPS://WWW.HOMEDEPOT.COM/B/FOREDOM/N-5YC1VZN5O
FOREMOSTTARPCO	FOREMOSTTARPCO	homedepot.com	HTTPS://WWW.HOMEDEPOT.COM/B/PAINT-PAINT-SUPPLIES-TARPS/FOREMOST-TARP-CO/N-5YC1VZCI18Z1037
FOREMOSTTARPCO	FOREMOSTTARPCO	homedepot.com	HTTPS://WWW.HOMEDEPOT.COM/B/PAINT-PAINT-SUPPLIES-TARPS/FOREMOST-TARP-CO/WITH-GROMMETS/N-5YC1VZCI18Z1037Z1Z1NBOJ
FOREMOSTTARPCO	FOREMOSTTARPCO	homedepot.com	HTTPS://WWW.HOMEDEPOT.COM/B/FOREMOST-TARP-CO/EXTERIOR/N-5YC1VZ1037Z1Z17E31
FORESIDEHOMEGARDEN	FORESIDEHOMEGARDEN	homedepot.com	HTTPS://WWW.HOMEDEPOT.COM/B/FORESIDE-HOME-GARDEN/N-5YC1VZSHY
FORESIDEHOMEGARDEN	FORESIDEHOMEGARDEN	homedepot.com	HTTPS://WWW.HOMEDEPOT.COM/B/OUTDOORS-GARDEN-CENTER-OUTDOOR-DECOR-GARDEN-DECOR/FORESIDE-HOME-GARDEN/N-5YC1VZCAZFZSHY
FORESTFLOOR	FORESTFLOOR	homedepot.com	HTTPS://WWW.HOMEDEPOT.COM/B/FLOORING-GYM-FLOORING/FOREST-FLOOR/N-5YC1VZB97IZGR7
FORESTFLOOR	FORESTFLOOR	homedepot.com	HTTPS://WWW.HOMEDEPOT.COM/B/FLOORING/FOREST-FLOOR/N-5YC1VZAQ7RZGR7
FORESTMASTER	FORESTMASTER	homedepot.com	HTTPS://WWW.HOMEDEPOT.COM/B/FOREST-MASTER/N-5YC1VZGAP
FORESTMASTER	FORESTMASTER	homedepot.com	HTTPS://WWW.HOMEDEPOT.COM/B/OUTDOORS-OUTDOOR-POWER-EQUIPMENT/FOREST-MASTER/N-5YC1VZBX5CZGAP
FORESTMASTER	FORESTMASTER	homedepot.com	HTTPS://WWW.HOMEDEPOT.COM/B/OUTDOORS-OUTDOOR-POWER-EQUIPMENT-LOG-SPLITTERS/FOREST-MASTER/N-5YC1VZBXAGZGAP
FOREVERBAMBOO	FOREVERBAMBOO	homedepot.com	HTTPS://WWW.HOMEDEPOT.COM/B/PAINT-EXTERIOR-WOOD-COATINGS-EXTERIOR-WOOD-SEALERS/FOREVER-BAMBOO/N-5YC1VZAQUXZ10LE
FOREVERBAMBOO	FOREVERBAMBOO	homedepot.com	HTTPS://WWW.HOMEDEPOT.COM/B/FOREVER-BAMBOO/N-5YC1VZ10LE
FOREVERCOLLECTIBLES	FOREVERCOLLECTIBLES	homedepot.com	HTTPS://WWW.HOMEDEPOT.COM/B/FOREVER-COLLECTIBLES/N-5YC1VZ8KL
FOREVERLEAF	FOREVERLEAF	homedepot.com	HTTPS://WWW.HOMEDEPOT.COM/B/FOREVER-LEAF/N-5YC1VZXV6
FOREVERLEAF	FOREVERLEAF	homedepot.com	HTTPS://WWW.HOMEDEPOT.COM/B/FOREVER-LEAF/SILK/N-5YC1VZXV6Z1Z1AZ8I
FORIOUS	FORIOUS	homedepot.com	HTTPS://WWW.HOMEDEPOT.COM/B/KITCHEN-KITCHEN-FAUCETS/FORIOUS/N-5YC1VZAR0KZV7Y
FORIOUS	FORIOUS	homedepot.com	HTTPS://WWW.HOMEDEPOT.COM/B/FORIOUS/N-5YC1VZV7Y
FORIOUS	FORIOUS	homedepot.com	HTTPS://WWW.HOMEDEPOT.COM/B/BATH-BATHROOM-FAUCETS-BATHROOM-SINK-FAUCETS-SINGLE-HOLE-BATHROOM-FAUCETS/FORIOUS/N-5YC1VZBRG2ZV7Y
FORMICA	FORMICA	homedepot.com	HTTPS://WWW.HOMEDEPOT.COM/B/KITCHEN-COUNTERTOPS-LAMINATE-SHEETS/FORMICA/N-5YC1VZC3B5Z934
FORMICA	FORMICA	homedepot.com	HTTPS://WWW.HOMEDEPOT.COM/B/KITCHEN-COUNTERTOPS/FORMICA/N-5YC1VZBMF2Z934
FORMUFIT	FORMUFIT	homedepot.com	HTTPS://WWW.HOMEDEPOT.COM/B/FORMUFIT/N-5YC1VZDOE
FORMUFIT	FORMUFIT	homedepot.com	HTTPS://WWW.HOMEDEPOT.COM/B/PLUMBING-PIPE-FITTINGS-PIPE-PVC-PIPE/FORMUFIT/N-5YC1VZ1Z18I41ZDOE
FORMUFIT	FORMUFIT	homedepot.com	HTTPS://WWW.HOMEDEPOT.COM/B/PLUMBING-PIPE-FITTINGS-FITTINGS-PVC-FITTINGS/FORMUFIT/N-5YC1VZ1Z18I3XZDOE
FORMUFIT	FORMUFIT	homedepot.com	HTTPS://WWW.HOMEDEPOT.COM/B/PLUMBING-PIPE-FITTINGS-PIPE/FORMUFIT/N-5YC1VZ1Z18I34ZDOE
FORMULA409	FORMULA409	homedepot.com	HTTPS://WWW.HOMEDEPOT.COM/B/CLEANING-CLEANING-PRODUCTS-ALL-PURPOSE-CLEANERS/FORMULA-409/N-5YC1VZCB2PZ4DE
FORMULA88	FORMULA88	homedepot.com	HTTPS://WWW.HOMEDEPOT.COM/B/FORMULA-88/N-5YC1VZ439
FORMULASHELL	FORMULASHELL	homedepot.com	HTTPS://WWW.HOMEDEPOT.COM/B/FORMULA-SHELL/N-5YC1VZDKD
FORNETTO	FORNETTO	homedepot.com	HTTPS://WWW.HOMEDEPOT.COM/B/OUTDOORS-OUTDOOR-COOKING-OUTDOOR-KITCHENS-PIZZA-OVENS/FORNETTO/N-5YC1VZCD7QZLY0
FORNETTO	FORNETTO	homedepot.com	HTTPS://WWW.HOMEDEPOT.COM/B/OUTDOORS-OUTDOOR-COOKING-GRILLS-CHARCOAL-GRILLS/FORNETTO/N-5YC1VZBX8HZLY0
FORNETTO	FORNETTO	homedepot.com	HTTPS://WWW.HOMEDEPOT.COM/B/OUTDOORS-OUTDOOR-COOKING-GRILLING-FUELS-WOOD-SMOKING-CHIPS/FORNETTO/N-5YC1VZBXB6ZLY0
FORNETTO	FORNETTO	homedepot.com	HTTPS://WWW.HOMEDEPOT.COM/B/OUTDOORS-OUTDOOR-COOKING-GRILLING-FUELS-WOOD-SMOKING-CHIPS/FORNETTO/OAK/N-5YC1VZBXB6ZLY0Z1Z0NFVJ
FORNEY	FORNEY	homedepot.com	HTTPS://WWW.HOMEDEPOT.COM/B/TOOLS-WELDING-SOLDERING-WELDING-MACHINES/FORNEY/N-5YC1VZC8LKZEKS
FORNEY	FORNEY	homedepot.com	HTTPS://WWW.HOMEDEPOT.COM/B/FORNEY/N-5YC1VZEKS
FORNEYHIDE	FORNEYHIDE	homedepot.com	HTTPS://WWW.HOMEDEPOT.COM/B/WORKWEAR-WORK-GLOVES/FORNEY-HIDE/N-5YC1VZC260ZOB3
FORNO	FORNO	homedepot.com	HTTPS://WWW.HOMEDEPOT.COM/B/APPLIANCES/FORNO/N-5YC1VZBV1WZOWN
FORNO	FORNO	homedepot.com	HTTPS://WWW.HOMEDEPOT.COM/B/APPLIANCES-RANGES/FORNO/N-5YC1VZC3O9ZOWN
FORNOVENETZIA	FORNOVENETZIA	homedepot.com	HTTPS://WWW.HOMEDEPOT.COM/B/OUTDOORS-OUTDOOR-COOKING-OUTDOOR-KITCHENS-PIZZA-OVENS/FORNO-VENETZIA/N-5YC1VZCD7QZTPH
FORNOVENETZIA	FORNOVENETZIA	homedepot.com	HTTPS://WWW.HOMEDEPOT.COM/B/FORNO-VENETZIA/N-5YC1VZHI9
FORTELIGHTING	FORTELIGHTING	homedepot.com	HTTPS://WWW.HOMEDEPOT.COM/B/LIGHTING/FORTE-LIGHTING-INC/N-5YC1VZBVN5Z10UV
FORTELIGHTING	FORTELIGHTING	homedepot.com	HTTPS://WWW.HOMEDEPOT.COM/B/FORTE-LIGHTING/N-5YC1VZPKA
FORTELIGHTING	FORTELIGHTING	homedepot.com	HTTPS://WWW.HOMEDEPOT.COM/B/LIGHTING/FORTE-LIGHTING/N-5YC1VZBVN5ZPKA
FORTELIGHTING	FORTELIGHTING	homedepot.com	HTTPS://WWW.HOMEDEPOT.COM/B/LIGHTING-WALL-SCONCES/FORTE-LIGHTING/N-5YC1VZC7PIZPKA
FORTELIGHTING	FORTELIGHTING	homedepot.com	HTTPS://WWW.HOMEDEPOT.COM/B/LIGHTING-OUTDOOR-LIGHTING/FORTE-LIGHTING/N-5YC1VZC7QVZPKA
FORTELIGHTING	FORTELIGHTING	homedepot.com	HTTPS://WWW.HOMEDEPOT.COM/B/LIGHTING-PENDANT-LIGHTS/FORTE-LIGHTING/N-5YC1VZC7NUZPKA
FORTELIGHTING	FORTELIGHTING	homedepot.com	HTTPS://WWW.HOMEDEPOT.COM/B/FORTE-LIGHTING/MEDIUM/N-5YC1VZPKAZ1Z1A7Z2
FORTIFIBER	FORTIFIBER	homedepot.com	HTTPS://WWW.HOMEDEPOT.COM/B/FORTIFIBER/N-5YC1VZ695
FORTIFIBER	FORTIFIBER	homedepot.com	HTTPS://WWW.HOMEDEPOT.COM/B/FLOORING-FLOORING-SUPPLIES-SURFACE-PREP-UNDERLAYMENT/FORTIFIBER/N-5YC1VZCDTWZ695
FORTIFIBER	FORTIFIBER	homedepot.com	HTTPS://WWW.HOMEDEPOT.COM/B/BUILDING-MATERIALS/FORTIFIBER/N-5YC1VZAQNSZ695
FORTIFIBER	FORTIFIBER	homedepot.com	HTTPS://WWW.HOMEDEPOT.COM/B/FLOORING/FORTIFIBER/N-5YC1VZAQ7RZ695
FORTIFIBER	FORTIFIBER	homedepot.com	HTTPS://WWW.HOMEDEPOT.COM/B/FORTIFIBER/LAMINATE/N-5YC1VZ695Z1Z0MJYI
FORTIFIBER	FORTIFIBER	homedepot.com	HTTPS://WWW.HOMEDEPOT.COM/B/BUILDING-MATERIALS-INSULATION/FORTIFIBER/N-5YC1VZASBSZ695
FORTO	FORTO	homedepot.com	HTTPS://WWW.HOMEDEPOT.COM/B/FORTO/N-5YC1VZGG3
FORTRESS	FORTRESS	homedepot.com	HTTPS://WWW.HOMEDEPOT.COM/B/FORTRESS/N-5YC1VZS8T
FORTRESSBUILDINGPRODUCTS	FORTRESSBUILDINGPRODUCTS	homedepot.com	HTTPS://WWW.HOMEDEPOT.COM/B/FORTRESS-BUILDING-PRODUCTS/N-5YC1VZS2P
FORTRESSRAILINGPRODUCTS	FORTRESSRAILINGPRODUCTS	homedepot.com	HTTPS://WWW.HOMEDEPOT.COM/B/LUMBER-COMPOSITES-DECKING-DECK-RAILINGS/FORTRESS-RAILING-PRODUCTS/N-5YC1VZC5I7ZEV7
FORTRESSRAILINGPRODUCTS	FORTRESSRAILINGPRODUCTS	homedepot.com	HTTPS://WWW.HOMEDEPOT.COM/B/LUMBER-COMPOSITES-DECKING-DECK-RAILINGS-DECK-RAILING-SYSTEMS/FORTRESS-RAILING-PRODUCTS/N-5YC1VZC5PXZEV7
FORTRESSRAILINGPRODUCTS	FORTRESSRAILINGPRODUCTS	homedepot.com	HTTPS://WWW.HOMEDEPOT.COM/B/FORTRESS-RAILING-PRODUCTS/N-5YC1VZEV7
FORTRESSRAILINGPRODUCTS	FORTRESSRAILINGPRODUCTS	homedepot.com	HTTPS://WWW.HOMEDEPOT.COM/B/LUMBER-COMPOSITES/FORTRESS-RAILING-PRODUCTS/N-5YC1VZBQPGZEV7
FOSCAM	FOSCAM	homedepot.com	HTTPS://WWW.HOMEDEPOT.COM/B/ELECTRICAL-HOME-SECURITY-SECURITY-CAMERA-SYSTEMS/FOSCAM/N-5YC1VZC1XVZLM2
FOSCAM	FOSCAM	homedepot.com	HTTPS://WWW.HOMEDEPOT.COM/B/ELECTRICAL-HOME-SECURITY-SECURITY-CAMERAS/FOSCAM/N-5YC1VZC20VZAO0
FOSMON	FOSMON	homedepot.com	HTTPS://WWW.HOMEDEPOT.COM/B/TOOLS-SAFETY-SECURITY-HOME-SAFETY/FOSMON/N-5YC1VZC22IZMP5
FOSS	FOSS	homedepot.com	HTTPS://WWW.HOMEDEPOT.COM/B/FOSS/N-5YC1VZ4VL
FOSSFLOORS	FOSSFLOORS	homedepot.com	HTTPS://WWW.HOMEDEPOT.COM/B/FLOORING-CARPET-CARPET-TILE/FOSS-FLOORS/N-5YC1VZBO4WZSBJ
FOSSILBLU	FOSSILBLU	homedepot.com	HTTPS://WWW.HOMEDEPOT.COM/B/KITCHEN-KITCHEN-SINKS-FARMHOUSE-KITCHEN-SINKS/FOSSIL-BLU/N-5YC1VZCGK2ZO8G
FOSSILBLU	FOSSILBLU	homedepot.com	HTTPS://WWW.HOMEDEPOT.COM/B/KITCHEN-KITCHEN-SINKS/FOSSIL-BLU/N-5YC1VZARSAZO8G
FOSTERMANTELS	FOSTERMANTELS	homedepot.com	HTTPS://WWW.HOMEDEPOT.COM/B/FOSTER-MANTELS/N-5YC1VZLF
FOSTERRYE	FOSTERRYE	homedepot.com	HTTPS://WWW.HOMEDEPOT.COM/B/FOSTER-RYE/N-5YC1VZPGL
FOSTERRYE	FOSTERRYE	homedepot.com	HTTPS://WWW.HOMEDEPOT.COM/B/KITCHEN-TABLEWARE-BAR-BAR-ACCESSORIES-BAR-TOOLS-COCKTAIL-SETS/FOSTER-RYE/N-5YC1VZ2FKP35BZPGL
FOTILE	FOTILE	homedepot.com	HTTPS://WWW.HOMEDEPOT.COM/B/APPLIANCES/FOTILE/N-5YC1VZBV1WZQLA
FOUNDATIONARMOR	FOUNDATIONARMOR	homedepot.com	HTTPS://WWW.HOMEDEPOT.COM/B/FOUNDATION-ARMOR/N-5YC1VZEN6
FOUNDATIONARMOR	FOUNDATIONARMOR	homedepot.com	HTTPS://WWW.HOMEDEPOT.COM/B/PAINT-CONCRETE-COATINGS-CONCRETE-SEALERS/FOUNDATION-ARMOR/N-5YC1VZCJ9BZEN6
FOUNDATIONARMOR	FOUNDATIONARMOR	homedepot.com	HTTPS://WWW.HOMEDEPOT.COM/B/BUILDING-MATERIALS-CONCRETE-CEMENT-MASONRY-CONCRETE-WATERPROOFERS-FOUNDATION-COATINGS/FOUNDATION-ARMOR/N-5YC1VZAQ3ZZEN6
FOUNDATIONARMOR	FOUNDATIONARMOR	homedepot.com	HTTPS://WWW.HOMEDEPOT.COM/B/PAINT-CONCRETE-COATINGS/FOUNDATION-ARMOR/N-5YC1VZ2FKOV3GZEN6
FOUNTAINCELLAR	FOUNTAINCELLAR	homedepot.com	HTTPS://WWW.HOMEDEPOT.COM/B/OUTDOORS-GARDEN-CENTER-OUTDOOR-DECOR-FOUNTAINS/FOUNTAIN-CELLAR/N-5YC1VZC6NLZCVT
FOUNTAINCELLAR	FOUNTAINCELLAR	homedepot.com	HTTPS://WWW.HOMEDEPOT.COM/B/OUTDOORS-GARDEN-CENTER-OUTDOOR-DECOR-FOUNTAINS-FREESTANDING-FOUNTAINS/FOUNTAIN-CELLAR/N-5YC1VZCL29ZCVT
FOUNTAINCELLAR	FOUNTAINCELLAR	homedepot.com	HTTPS://WWW.HOMEDEPOT.COM/B/FOUNTAIN-CELLAR/N-5YC1VZCVT
FOUNTAINCELLAR	FOUNTAINCELLAR	homedepot.com	HTTPS://WWW.HOMEDEPOT.COM/B/FOUNTAIN-CELLAR/1/N-5YC1VZCVTZ1Z141J4
FOXFARM	FOXFARM	homedepot.com	HTTPS://WWW.HOMEDEPOT.COM/B/FOXFARM/N-5YC1VZRAN
FOXFARM	FOXFARM	homedepot.com	HTTPS://WWW.HOMEDEPOT.COM/B/OUTDOORS-GARDEN-CENTER-LANDSCAPING-SUPPLIES-SOILS-POTTING-SOIL/FOXFARM/N-5YC1VZCFCRZRAN
FRAILEY	FRAILEY	homedepot.com	HTTPS://WWW.HOMEDEPOT.COM/B/FURNITURE-HOME-OFFICE-FURNITURE-BOOKCASES-BOOKSHELVES/FRAILEY/N-5YC1VZC7O5Z1Z1TZKV
FRAMEITALL	FRAMEITALL	homedepot.com	HTTPS://WWW.HOMEDEPOT.COM/B/FRAME-IT-ALL/N-5YC1VZ48E
FRAMEITALL	FRAMEITALL	homedepot.com	HTTPS://WWW.HOMEDEPOT.COM/B/OUTDOORS-GARDEN-CENTER-RAISED-GARDEN-BEDS/FRAME-IT-ALL/N-5YC1VZBX7CZ48E
FRAMELESS	FRAMELESS	homedepot.com	HTTPS://WWW.HOMEDEPOT.COM/B/BATH-SHOWERS-SHOWER-DOORS/FRAMELESS/N-5YC1VZBZCGZ1Z0P9C7
FRAMELESS	FRAMELESS	homedepot.com	HTTPS://WWW.HOMEDEPOT.COM/B/DOORS-WINDOWS-WINDOWS/FRAMELESS/N-5YC1VZAQ1WZ1Z132BR
FRAMEPORT	FRAMEPORT	homedepot.com	HTTPS://WWW.HOMEDEPOT.COM/B/DOORS-WINDOWS-INTERIOR-DOORS/FRAMEPORT/N-5YC1VZC5IOZDM3
FRAMEPORT	FRAMEPORT	homedepot.com	HTTPS://WWW.HOMEDEPOT.COM/B/DOORS-WINDOWS-INTERIOR-DOORS-CLOSET-DOORS-BIFOLD-DOORS/FRAMEPORT/N-5YC1VZC5IKZDM3
FRAMEPORT	FRAMEPORT	homedepot.com	HTTPS://WWW.HOMEDEPOT.COM/B/DOORS-WINDOWS-INTERIOR-DOORS-SLAB-DOORS/FRAMEPORT/N-5YC1VZC5IEZDM3
FRANKE	FRANKE	homedepot.com	HTTPS://WWW.HOMEDEPOT.COM/B/KITCHEN-KITCHEN-SINKS/FRANKE/N-5YC1VZARSAZH7Q
FRANKE	FRANKE	homedepot.com	HTTPS://WWW.HOMEDEPOT.COM/B/FRANKE/N-5YC1VZH7Q
FRANKEUSA	FRANKEUSA	homedepot.com	HTTPS://WWW.HOMEDEPOT.COM/B/KITCHEN-KITCHEN-SINKS/FRANKEUSA/N-5YC1VZARSAZAAG
FRANKLINBRASS	FRANKLINBRASS	homedepot.com	HTTPS://WWW.HOMEDEPOT.COM/B/FRANKLIN-BRASS/N-5YC1VZLG
FRANKLINBRASS	FRANKLINBRASS	homedepot.com	HTTPS://WWW.HOMEDEPOT.COM/B/HARDWARE-CABINET-HARDWARE-DRAWER-PULLS/FRANKLIN-BRASS/N-5YC1VZC29UZLG
FRANKLINBRASS	FRANKLINBRASS	homedepot.com	HTTPS://WWW.HOMEDEPOT.COM/B/HARDWARE-CABINET-HARDWARE/FRANKLIN-BRASS/N-5YC1VZC29ZZLG
FRANKLINBRASS	FRANKLINBRASS	homedepot.com	HTTPS://WWW.HOMEDEPOT.COM/B/HARDWARE/FRANKLIN-BRASS/N-5YC1VZC21MZLG
FRANKLINCHEF	FRANKLINCHEF	homedepot.com	HTTPS://WWW.HOMEDEPOT.COM/B/APPLIANCES/FRANKLIN-CHEF/N-5YC1VZBV1WZ33G
FRANKLINSENSORS	FRANKLINSENSORS	homedepot.com	HTTPS://WWW.HOMEDEPOT.COM/B/TOOLS-HAND-TOOLS-STUD-FINDERS/FRANKLIN-SENSORS/N-5YC1VZC23HZHKQ
FRANKLINSENSORS	FRANKLINSENSORS	homedepot.com	HTTPS://WWW.HOMEDEPOT.COM/B/FRANKLIN-SENSORS/N-5YC1VZHKQ
FRANKLINSENSORS	FRANKLINSENSORS	homedepot.com	HTTPS://WWW.HOMEDEPOT.COM/B/HIGHLY-RATED/FRANKLIN-SENSORS/N-5YC1VZHKQZBWO5O
FRANKLINSPORTS	FRANKLINSPORTS	homedepot.com	HTTPS://WWW.HOMEDEPOT.COM/B/FRANKLIN-SPORTS/N-5YC1VZD65
FRASERHILLFARM	FRASERHILLFARM	homedepot.com	HTTPS://WWW.HOMEDEPOT.COM/B/FRASER-HILL-FARM/N-5YC1VZHU2
FRASERHILLFARM	FRASERHILLFARM	homedepot.com	HTTPS://WWW.HOMEDEPOT.COM/B/HOLIDAY-DECORATIONS-CHRISTMAS-DECORATIONS-CHRISTMAS-TREES-ARTIFICIAL-CHRISTMAS-TREES/FRASER-HILL-FARM/N-5YC1VZC3S7ZHU2
FREECLEAR	FREECLEAR	homedepot.com	HTTPS://WWW.HOMEDEPOT.COM/B/CLEANING-HOUSEHOLD-ESSENTIALS-LAUNDRY-SUPPLIES-LAUNDRY-DETERGENTS/FREECLEAR/N-5YC1VZCB50Z1Z1N98C
FREEMOTION	FREEMOTION	homedepot.com	HTTPS://WWW.HOMEDEPOT.COM/B/EXERCISE-EQUIPMENT-CARDIO-EQUIPMENT-EXERCISE-BIKES/FREEMOTION/N-5YC1VZCERBZGF3
FREESTANDING	FREESTANDING	homedepot.com	HTTPS://WWW.HOMEDEPOT.COM/B/APPLIANCES-RANGES/FREESTANDING/N-5YC1VZC3O9Z1Z127EH
FREESTANDING	FREESTANDING	homedepot.com	HTTPS://WWW.HOMEDEPOT.COM/B/FURNITURE/FREESTANDING/N-5YC1VZC7PCZ1Z0JJVY?NAO=60
FREMONTDIE	FREMONTDIE	homedepot.com	HTTPS://WWW.HOMEDEPOT.COM/B/FREMONT-DIE/N-5YC1VZF2V
FRENCHIHOMEFURNISHING	FRENCHIHOMEFURNISHING	homedepot.com	HTTPS://WWW.HOMEDEPOT.COM/B/FRENCHI-HOME-FURNISHING/N-5YC1VZCWN
FRENCHIHOMEFURNISHING	FRENCHIHOMEFURNISHING	homedepot.com	HTTPS://WWW.HOMEDEPOT.COM/B/FURNITURE-LIVING-ROOM-FURNITURE-ACCENT-TABLES/FRENCHI-HOME-FURNISHING/N-5YC1VZC7NZZCWN
FRENCHIHOMEFURNISHING	FRENCHIHOMEFURNISHING	homedepot.com	HTTPS://WWW.HOMEDEPOT.COM/B/FURNITURE-LIVING-ROOM-FURNITURE-ACCENT-TABLES-END-SIDE-TABLES/FRENCHI-HOME-FURNISHING/N-5YC1VZCF93ZCWN
FRENCHIHOMEFURNISHING	FRENCHIHOMEFURNISHING	homedepot.com	HTTPS://WWW.HOMEDEPOT.COM/B/STORAGE-ORGANIZATION-SHELVING/FRENCHI-HOME-FURNISHING/N-5YC1VZC89KZCWN
FRENCHIHOMEFURNISHING	FRENCHIHOMEFURNISHING	homedepot.com	HTTPS://WWW.HOMEDEPOT.COM/B/FURNITURE-ENTRYWAY-FURNITURE/FRENCHI-HOME-FURNISHING/N-5YC1VZC7OZZCWN
FREONIC	FREONIC	homedepot.com	HTTPS://WWW.HOMEDEPOT.COM/B/HEATING-VENTING-COOLING-AIR-CONDITIONERS-PORTABLE-AIR-CONDITIONERS/FREONIC/N-5YC1VZC4M4ZYCJ
FRESHEE	FRESHEE	homedepot.com	HTTPS://WWW.HOMEDEPOT.COM/B/FRESHEE/N-5YC1VZQYR
FRESHEE	FRESHEE	homedepot.com	HTTPS://WWW.HOMEDEPOT.COM/B/FRESHEE/MULTI-COLORED/N-5YC1VZQYRZ1Z17KC7
FRESHLINEN	FRESHLINEN	homedepot.com	HTTPS://WWW.HOMEDEPOT.COM/B/CLEANING-CLEANING-PRODUCTS-ALL-PURPOSE-CLEANERS/FRESH-LINEN/N-5YC1VZCB2PZ1Z0LPBJ
FRESHLINEN	FRESHLINEN	homedepot.com	HTTPS://WWW.HOMEDEPOT.COM/B/CLEANING/FRESH-LINEN/N-5YC1VZBQSIZ1Z0LPBJ
FREUD	FREUD	homedepot.com	HTTPS://WWW.HOMEDEPOT.COM/B/TOOLS/FREUD/N-5YC1VZC1XYZQUN
FRIEDRICH	FRIEDRICH	homedepot.com	HTTPS://WWW.HOMEDEPOT.COM/B/FRIEDRICH/N-5YC1VZIGQ
FRIEDRICH	FRIEDRICH	homedepot.com	HTTPS://WWW.HOMEDEPOT.COM/B/HEATING-VENTING-COOLING-AIR-CONDITIONERS/FRIEDRICH/N-5YC1VZC4MEZIGQ
FRIELING	FRIELING	homedepot.com	HTTPS://WWW.HOMEDEPOT.COM/B/FRIELING/N-5YC1VZPBR
FRIELING	FRIELING	homedepot.com	HTTPS://WWW.HOMEDEPOT.COM/B/APPLIANCES/FRIELING/N-5YC1VZBV1WZPBR
FRIGIDAIRE	FRIGIDAIRE	homedepot.com	HTTPS://WWW.HOMEDEPOT.COM/B/APPLIANCES/FRIGIDAIRE/N-5YC1VZBV1WZ75H
FRIGIDAIRE	FRIGIDAIRE	homedepot.com	HTTPS://WWW.HOMEDEPOT.COM/B/APPLIANCES-REFRIGERATORS/FRIGIDAIRE/N-5YC1VZC3PIZ75H
FRIGIDAIREGALLERY	FRIGIDAIREGALLERY	homedepot.com	HTTPS://WWW.HOMEDEPOT.COM/B/APPLIANCES-REFRIGERATORS/FRIGIDAIRE-GALLERY/N-5YC1VZC3PIZ1Z1YO0Y
FRIGIDAIREPROFESSIONAL	FRIGIDAIREPROFESSIONAL	homedepot.com	HTTPS://WWW.HOMEDEPOT.COM/B/APPLIANCES/FRIGIDAIRE-PROFESSIONAL/N-5YC1VZBV1WZBC2
FRIGIDAIREPROFESSIONAL	FRIGIDAIREPROFESSIONAL	homedepot.com	HTTPS://WWW.HOMEDEPOT.COM/B/APPLIANCES-REFRIGERATORS/FRIGIDAIRE-PROFESSIONAL/N-5YC1VZC3PIZ1Z1ZCYN
FRIGODESIGN	FRIGODESIGN	homedepot.com	HTTPS://WWW.HOMEDEPOT.COM/B/FRIGO-DESIGN/N-5YC1VZ4BE
FRIGODESIGN	FRIGODESIGN	homedepot.com	HTTPS://WWW.HOMEDEPOT.COM/B/FRIGO-DESIGN/SOLID/N-5YC1VZ4BEZ1Z17GW0
FRIGODESIGN	FRIGODESIGN	homedepot.com	HTTPS://WWW.HOMEDEPOT.COM/B/KITCHEN/FRIGO-DESIGN/N-5YC1VZAR4IZ4BE
FRIGODESIGN	FRIGODESIGN	homedepot.com	HTTPS://WWW.HOMEDEPOT.COM/B/KITCHEN-COUNTERTOPS-BACKSPLASHES/FRIGO-DESIGN/N-5YC1VZ4BEZBMF2
FRIGODESIGN	FRIGODESIGN	homedepot.com	HTTPS://WWW.HOMEDEPOT.COM/B/FRIGO-DESIGN/ANTIMICROBIAL/N-5YC1VZ4BEZ1Z0LOOD
FROMPLAINTOBEAUTIFULINHOURS	FROMPLAINTOBEAUTIFULINHOURS	homedepot.com	HTTPS://WWW.HOMEDEPOT.COM/B/FROM-PLAIN-TO-BEAUTIFUL-IN-HOURS/N-5YC1VZVLX
FROSTKING	FROSTKING	homedepot.com	HTTPS://WWW.HOMEDEPOT.COM/B/FROST-KING/N-5YC1VZ2FX
FROSTRUSH	FROSTRUSH	homedepot.com	HTTPS://WWW.HOMEDEPOT.COM/B/SPORTS-OUTDOORS-OUTDOOR-SPORTS-WINTER-SPORTS-SLEDS/FROSTRUSH/N-5YC1VZC460ZUMN
FROSTTE	FROSTTE	homedepot.com	HTTPS://WWW.HOMEDEPOT.COM/B/FROSTTE/N-5YC1VZPXZ
FROTHPAK	FROTHPAK	homedepot.com	HTTPS://WWW.HOMEDEPOT.COM/B/BUILDING-MATERIALS-INSULATION-SPRAY-FOAM-INSULATION/FROTH-PAK/N-5YC1VZBAXJZCC1
FRP	FRP	homedepot.com	HTTPS://WWW.HOMEDEPOT.COM/B/BUILDING-MATERIALS-MOULDING-MILLWORK-WALL-PANELING/FRP/N-5YC1VZBQP3Z1Z19XX2
FUEGO	FUEGO	homedepot.com	HTTPS://WWW.HOMEDEPOT.COM/B/OUTDOORS-OUTDOOR-COOKING-GRILLS-GAS-GRILLS/FUEGO/N-5YC1VZC5T5Z5F3
FUEGO	FUEGO	homedepot.com	HTTPS://WWW.HOMEDEPOT.COM/B/OUTDOORS-OUTDOOR-COOKING-GRILLS/FUEGO/N-5YC1VZBXAZZ5F3
FUELFILTER	FUELFILTER	homedepot.com	HTTPS://WWW.HOMEDEPOT.COM/B/GARAGE-AUTOMOTIVE-AUTO-PARTS/FUEL-FILTER/N-5YC1VZC8SSZ1Z18YB9
FUFUGAGA	FUFUGAGA	homedepot.com	HTTPS://WWW.HOMEDEPOT.COM/B/FUFU-GAGA/N-5YC1VZTEW
FUFUGAGA	FUFUGAGA	homedepot.com	HTTPS://WWW.HOMEDEPOT.COM/B/FURNITURE-KITCHEN-DINING-ROOM-FURNITURE/FUFU-GAGA/N-5YC1VZC7OUZTEW
FUFUGAGA	FUFUGAGA	homedepot.com	HTTPS://WWW.HOMEDEPOT.COM/B/FURNITURE/FUFU-GAGA/N-5YC1VZC7PCZTEW
FUFUGAGA	FUFUGAGA	homedepot.com	HTTPS://WWW.HOMEDEPOT.COM/B/FUFU-GAGA/WHITE/N-5YC1VZTEWZ1Z0U7KS
FUFUGAGA	FUFUGAGA	homedepot.com	HTTPS://WWW.HOMEDEPOT.COM/B/FURNITURE-BEDROOM-FURNITURE-ARMOIRES-WARDROBES/FUFU-GAGA/N-5YC1VZC7OMZTEW
FUIN	FUIN	homedepot.com	HTTPS://WWW.HOMEDEPOT.COM/B/FUIN/N-5YC1VZVDT
FUIN	FUIN	homedepot.com	HTTPS://WWW.HOMEDEPOT.COM/B/FURNITURE-BEDROOM-FURNITURE/FUIN/N-5YC1VZC7PEZVDT
FUIN	FUIN	homedepot.com	HTTPS://WWW.HOMEDEPOT.COM/B/FURNITURE/FUIN/N-5YC1VZC7PCZVDT
FUIN	FUIN	homedepot.com	HTTPS://WWW.HOMEDEPOT.COM/B/FURNITURE-LIVING-ROOM-FURNITURE/FUIN/N-5YC1VZC7P3ZVDT
FUIN	FUIN	homedepot.com	HTTPS://WWW.HOMEDEPOT.COM/B/FURNITURE-BEDROOM-FURNITURE-CHEST-OF-DRAWERS/FUIN/N-5YC1VZ2FKOQ99ZVDT
FUIN	FUIN	homedepot.com	HTTPS://WWW.HOMEDEPOT.COM/B/FURNITURE-LIVING-ROOM-FURNITURE-ACCENT-TABLES-END-SIDE-TABLES/FUIN/N-5YC1VZCF93ZVDT
FUIN	FUIN	homedepot.com	HTTPS://WWW.HOMEDEPOT.COM/B/FURNITURE-BEDROOM-FURNITURE-NIGHTSTANDS/FUIN/N-5YC1VZCEUMZVDT
FUIN	FUIN	homedepot.com	HTTPS://WWW.HOMEDEPOT.COM/B/FURNITURE-HOME-OFFICE-FURNITURE-OFFICE-STORAGE-CABINETS/FUIN/N-5YC1VZCIO4ZVDT
FUJIENVIROMAX	FUJIENVIROMAX	homedepot.com	HTTPS://WWW.HOMEDEPOT.COM/B/ELECTRICAL-BATTERIES-AA-BATTERIES/FUJI-ENVIROMAX/N-5YC1VZCBV2ZCBJ
FUJISPRAY	FUJISPRAY	homedepot.com	HTTPS://WWW.HOMEDEPOT.COM/B/PAINT-PAINT-SUPPLIES-PAINT-APPLICATORS-PAINT-SPRAYERS/FUJI-SPRAY/N-5YC1VZARV5ZHFK
FUJISPRAY	FUJISPRAY	homedepot.com	HTTPS://WWW.HOMEDEPOT.COM/B/PAINT-PAINT-SUPPLIES-PAINT-APPLICATORS-PAINT-SPRAYERS-HVLP-PAINT-SPRAYERS/FUJI-SPRAY/N-5YC1VZCIKYZHFK
FUL	FUL	homedepot.com	HTTPS://WWW.HOMEDEPOT.COM/B/FUL/N-5YC1VZMEZ
FULFLO	FULFLO	homedepot.com	HTTPS://WWW.HOMEDEPOT.COM/B/FULFLO/N-5YC1VZ84I
FULLCRYSTAL	FULLCRYSTAL	homedepot.com	HTTPS://WWW.HOMEDEPOT.COM/B/CLEANING-CLEANING-PRODUCTS-GLASS-CLEANERS/FULL-CRYSTAL/N-5YC1VZCB3CZTKM
FULLERBRUSH	FULLERBRUSH	homedepot.com	HTTPS://WWW.HOMEDEPOT.COM/B/CLEANING-CLEANING-PRODUCTS/FULLER-BRUSH/N-5YC1VZCB33Z6C5
FULLSPECTRUM	FULLSPECTRUM	homedepot.com	HTTPS://WWW.HOMEDEPOT.COM/B/LIGHTING-LIGHT-BULBS-LED-LIGHT-BULBS/FULL-SPECTRUM/N-5YC1VZBM79Z1Z1PSF7
FULLSPECTRUM	FULLSPECTRUM	homedepot.com	HTTPS://WWW.HOMEDEPOT.COM/B/LIGHTING-LIGHT-BULBS/FULL-SPECTRUM/N-5YC1VZBMBUZ1Z1PSF7
FULLXL	FULLXL	homedepot.com	HTTPS://WWW.HOMEDEPOT.COM/B/FURNITURE-BEDROOM-FURNITURE-MATTRESSES/FULL-XL/N-5YC1VZC7OEZ1Z0X8NV
FUNPHIX	FUNPHIX	homedepot.com	HTTPS://WWW.HOMEDEPOT.COM/B/FUNPHIX/N-5YC1VZNRW
FUNPHIX	FUNPHIX	homedepot.com	HTTPS://WWW.HOMEDEPOT.COM/B/SPORTS-OUTDOORS/FUNPHIX/N-5YC1VZC43LZNRW
FUNPHIX	FUNPHIX	homedepot.com	HTTPS://WWW.HOMEDEPOT.COM/B/PLAYGROUND-SETS-PLAYHOUSES/FUNPHIX/N-5YC1VZC5PZZNRW
FUNPHIX	FUNPHIX	homedepot.com	HTTPS://WWW.HOMEDEPOT.COM/B/SPORTS-OUTDOORS-KIDS-TOYS/FUNPHIX/N-5YC1VZC4F9ZNRW
FUNPHIX	FUNPHIX	homedepot.com	HTTPS://WWW.HOMEDEPOT.COM/B/SPORTS-OUTDOORS-KIDS-TOYS-BUILDING-SETS-BLOCKS/FUNPHIX/N-5YC1VZCBW2ZNRW
FUNRUGS	FUNRUGS	homedepot.com	HTTPS://WWW.HOMEDEPOT.COM/B/FLOORING-RUGS-AREA-RUGS/FUN-RUGS/N-5YC1VZARJGZ9O6
FUNRUGS	FUNRUGS	homedepot.com	HTTPS://WWW.HOMEDEPOT.COM/B/FLOORING-RUGS-KIDS-RUGS/FUN-RUGS/N-5YC1VZCK4XZ9O6
FUNSICLE	FUNSICLE	homedepot.com	HTTPS://WWW.HOMEDEPOT.COM/B/OUTDOORS-POOLS-ABOVE-GROUND-POOLS/FUNSICLE/N-5YC1VZCFYTZY7K
FUNSITE	FUNSITE	homedepot.com	HTTPS://WWW.HOMEDEPOT.COM/B/OUTDOORS-PATIO-FURNITURE-PATIO-UMBRELLAS/FUNSITE/N-5YC1VZCCGWZZFK
FUNSITE	FUNSITE	homedepot.com	HTTPS://WWW.HOMEDEPOT.COM/B/FUNSITE/N-5YC1VZZFK
FUNSITE	FUNSITE	homedepot.com	HTTPS://WWW.HOMEDEPOT.COM/B/FUNSITE/MANUAL-LIFT/N-5YC1VZZFKZ1Z0NWSW
FURINNO	FURINNO	homedepot.com	HTTPS://WWW.HOMEDEPOT.COM/B/FURINNO/N-5YC1VZGDX
FURINNO	FURINNO	homedepot.com	HTTPS://WWW.HOMEDEPOT.COM/B/FURNITURE/FURINNO/N-5YC1VZC7PCZGDX
FURINNO	FURINNO	homedepot.com	HTTPS://WWW.HOMEDEPOT.COM/B/FURNITURE-HOME-OFFICE-FURNITURE-BOOKCASES-BOOKSHELVES/FURINNO/N-5YC1VZC7O5ZGDX
FURINNO	FURINNO	homedepot.com	HTTPS://WWW.HOMEDEPOT.COM/B/FURNITURE-FURNITURE-ACCESSORIES-REPLACEMENT-PARTS/FURINNO/N-5YC1VZC7NSZGDX
FURNISHINGSDIRECT	FURNISHINGSDIRECT	homedepot.com	HTTPS://WWW.HOMEDEPOT.COM/B/FURNISHINGS-DIRECT/N-5YC1VZS7W
FURNISHINGSDIRECT	FURNISHINGSDIRECT	homedepot.com	HTTPS://WWW.HOMEDEPOT.COM/B/FURNITURE-BEDROOM-FURNITURE-BEDS/FURNISHINGS-DIRECT/N-5YC1VZC7OHZS7W
FURNITURECLINIC	FURNITURECLINIC	homedepot.com	HTTPS://WWW.HOMEDEPOT.COM/B/FURNITURECLINIC/N-5YC1VZRIZ
FURNITURECLINIC	FURNITURECLINIC	homedepot.com	HTTPS://WWW.HOMEDEPOT.COM/B/CLEANING-CLEANING-PRODUCTS-FURNITURE-CLEANERS-LEATHER-CLEANERS/FURNITURECLINIC/N-5YC1VZCH5WZRIZ
FURNITUREFEET	FURNITUREFEET	homedepot.com	HTTPS://WWW.HOMEDEPOT.COM/B/FURNITURE-FURNITURE-ACCESSORIES-REPLACEMENT-PARTS-FURNITURE-PARTS/FURNITURE-FEET/N-5YC1VZCISHZ1Z0P36A
FURNITUREFIX	FURNITUREFIX	homedepot.com	HTTPS://WWW.HOMEDEPOT.COM/B/FURNITURE-FURNITURE-ACCESSORIES-REPLACEMENT-PARTS/FURNITURE-FIX/N-5YC1VZC7NSZBB4
FURNITUREOFAMERICA	FURNITUREOFAMERICA	homedepot.com	HTTPS://WWW.HOMEDEPOT.COM/B/FURNITURE-OF-AMERICA/N-5YC1VZA1T
FURNITUREOFAMERICA	FURNITUREOFAMERICA	homedepot.com	HTTPS://WWW.HOMEDEPOT.COM/B/FURNITURE-LIVING-ROOM-FURNITURE/FURNITURE-OF-AMERICA/N-5YC1VZC7P3ZA1T
FURNITUREOFAMERICA	FURNITUREOFAMERICA	homedepot.com	HTTPS://WWW.HOMEDEPOT.COM/B/FURNITURE/FURNITURE-OF-AMERICA/N-5YC1VZC7PCZA1T
FURNITUREPIPELINE	FURNITUREPIPELINE	homedepot.com	HTTPS://WWW.HOMEDEPOT.COM/B/FURNITURE-PIPELINE/N-5YC1VZOEN
FURNITUREPIPELINE	FURNITUREPIPELINE	homedepot.com	HTTPS://WWW.HOMEDEPOT.COM/B/FURNITURE-HOME-OFFICE-FURNITURE/FURNITURE-PIPELINE/N-5YC1VZC7NPZOEN
FURNITUREPIPELINE	FURNITUREPIPELINE	homedepot.com	HTTPS://WWW.HOMEDEPOT.COM/B/FURNITURE-LIVING-ROOM-FURNITURE-ACCENT-TABLES-END-SIDE-TABLES/FURNITURE-PIPELINE/N-5YC1VZCF93ZOEN
FURNITUREPIPELINE	FURNITUREPIPELINE	homedepot.com	HTTPS://WWW.HOMEDEPOT.COM/B/STORAGE-ORGANIZATION-SHELVING-WALL-MOUNTED-SHELVES/FURNITURE-PIPELINE/N-5YC1VZCKSOZOEN
FURNITUREPIPELINE	FURNITUREPIPELINE	homedepot.com	HTTPS://WWW.HOMEDEPOT.COM/B/FURNITURE-PIPELINE/3/N-5YC1VZOENZ1Z0Y9DT
FURNITUREPIPELINE	FURNITUREPIPELINE	homedepot.com	HTTPS://WWW.HOMEDEPOT.COM/B/FURNITURE-PIPELINE/SOLID-WOOD/N-5YC1VZOENZ1Z0LGWS
FURNITUREPIPELINE	FURNITUREPIPELINE	homedepot.com	HTTPS://WWW.HOMEDEPOT.COM/B/FURNITURE-HOME-OFFICE-FURNITURE-BOOKCASES-BOOKSHELVES/FURNITURE-PIPELINE/N-5YC1VZC7O5ZOEN
FURNITUREPIPELINE	FURNITUREPIPELINE	homedepot.com	HTTPS://WWW.HOMEDEPOT.COM/B/STORAGE-ORGANIZATION-SHELVING-DECORATIVE-WALL-SHELVES/FURNITURE-PIPELINE/N-5YC1VZBBZOZOEN
FURNITURESLIDERS	FURNITURESLIDERS	homedepot.com	HTTPS://WWW.HOMEDEPOT.COM/B/STORAGE-ORGANIZATION-MOVING-SUPPLIES-PACKING-SUPPLIES-FURNITURE-SLIDERS/N-5YC1VZ2FKOJW8
FURNIWELL	FURNIWELL	homedepot.com	HTTPS://WWW.HOMEDEPOT.COM/B/FURNIWELL/N-5YC1VZUUP
FURNIWELL	FURNIWELL	homedepot.com	HTTPS://WWW.HOMEDEPOT.COM/B/FURNITURE-HOME-OFFICE-FURNITURE/FURNIWELL/N-5YC1VZC7NPZUSM
FURRION	FURRION	homedepot.com	HTTPS://WWW.HOMEDEPOT.COM/B/FURRION/N-5YC1VZPG5
FUTUREFOAM	FUTUREFOAM	homedepot.com	HTTPS://WWW.HOMEDEPOT.COM/B/FUTURE-FOAM/N-5YC1VZQZV
FUTUREFOAM	FUTUREFOAM	homedepot.com	HTTPS://WWW.HOMEDEPOT.COM/B/FLOORING-CARPET-CARPET-PADDING/FUTURE-FOAM/N-5YC1VZBOISZQZV
FYPON	FYPON	homedepot.com	HTTPS://WWW.HOMEDEPOT.COM/B/BUILDING-MATERIALS-MOULDING-MILLWORK-MOULDING/FYPON/N-5YC1VZARA1ZA19
FYPON	FYPON	homedepot.com	HTTPS://WWW.HOMEDEPOT.COM/B/BUILDING-MATERIALS-MOULDING-MILLWORK-MOULDING-DOOR-WINDOW-MOULDING/FYPON/N-5YC1VZCBJMZA19
G128	G128	homedepot.com	HTTPS://WWW.HOMEDEPOT.COM/B/G128/N-5YC1VZZEB
GABBIANOLUGGAGE	GABBIANOLUGGAGE	homedepot.com	HTTPS://WWW.HOMEDEPOT.COM/B/HOME-DECOR-LUGGAGE/GABBIANO-LUGGAGE/N-5YC1VZC419ZMF6
GAF	GAF	homedepot.com	HTTPS://WWW.HOMEDEPOT.COM/B/BUILDING-MATERIALS-ROOFING-ROOF-SHINGLES/GAF/N-5YC1VZC5RBZLL
GAF	GAF	homedepot.com	HTTPS://WWW.HOMEDEPOT.COM/B/GAF/N-5YC1VZLL
GAF	GAF	homedepot.com	HTTPS://WWW.HOMEDEPOT.COM/B/BUILDING-MATERIALS-ROOFING/GAF/N-5YC1VZAQ7MZLL
GAGALIFE	GAGALIFE	homedepot.com	HTTPS://WWW.HOMEDEPOT.COM/B/BATH-BATHROOM-FAUCETS-BATHROOM-SINK-FAUCETS-WIDESPREAD-BATHROOM-FAUCETS/GAGALIFE/N-5YC1VZBRGKZZ9D
GAGALIFE	GAGALIFE	homedepot.com	HTTPS://WWW.HOMEDEPOT.COM/B/PLUMBING/GAGALIFE/N-5YC1VZBQEWZZ9D
GAGALIFE	GAGALIFE	homedepot.com	HTTPS://WWW.HOMEDEPOT.COM/B/BATH-BATHROOM-FAUCETS-SHOWER-FAUCETS/GAGALIFE/N-5YC1VZCD02ZZ9D
GAGALIFE	GAGALIFE	homedepot.com	HTTPS://WWW.HOMEDEPOT.COM/B/BATH-BATHROOM-FAUCETS-BATHROOM-SINK-FAUCETS-CENTERSET-BATHROOM-FAUCETS/GAGALIFE/N-5YC1VZBRHKZZ9D
GAGALIFE	GAGALIFE	homedepot.com	HTTPS://WWW.HOMEDEPOT.COM/B/KITCHEN/GAGALIFE/N-5YC1VZAR4IZZ9D
GAIN	GAIN	homedepot.com	HTTPS://WWW.HOMEDEPOT.COM/B/CLEANING-LAUNDRY-SUPPLIES-LAUNDRY-DETERGENTS/GAIN/N-5YC1VZCB50Z36A
GAINESMANUFACTURING	GAINESMANUFACTURING	homedepot.com	HTTPS://WWW.HOMEDEPOT.COM/B/GAINES-MANUFACTURING/N-5YC1VZ275
GAINESMANUFACTURING	GAINESMANUFACTURING	homedepot.com	HTTPS://WWW.HOMEDEPOT.COM/B/HARDWARE-MAILBOXES/GAINES-MANUFACTURING/N-5YC1VZC8F5Z275
GAINESMANUFACTURING	GAINESMANUFACTURING	homedepot.com	HTTPS://WWW.HOMEDEPOT.COM/B/HARDWARE-MAILBOXES-MAILBOX-POSTS-STANDS/GAINES-MANUFACTURING/N-5YC1VZC8EWZ275
GAINESMANUFACTURING	GAINESMANUFACTURING	homedepot.com	HTTPS://WWW.HOMEDEPOT.COM/B/HARDWARE-MAILBOXES-RESIDENTIAL-MAILBOXES-POST-MOUNT-MAILBOXES/GAINES-MANUFACTURING/N-5YC1VZC8EVZ275
GAINESMANUFACTURING	GAINESMANUFACTURING	homedepot.com	HTTPS://WWW.HOMEDEPOT.COM/B/HARDWARE-MAILBOXES-RESIDENTIAL-MAILBOXES-WALL-MOUNT-MAILBOXES/GAINES-MANUFACTURING/N-5YC1VZC8G1Z275
GALANO	GALANO	homedepot.com	HTTPS://WWW.HOMEDEPOT.COM/B/FURNITURE-BEDROOM-FURNITURE-BEDS/GALANO/N-5YC1VZC7OHZXTJ
GALANO	GALANO	homedepot.com	HTTPS://WWW.HOMEDEPOT.COM/B/FURNITURE-BEDROOM-FURNITURE/GALANO/N-5YC1VZC7PEZXTJ
GALANO	GALANO	homedepot.com	HTTPS://WWW.HOMEDEPOT.COM/B/FURNITURE-ENTRYWAY-FURNITURE/GALANO/N-5YC1VZC7OZZXTJ
GALANO	GALANO	homedepot.com	HTTPS://WWW.HOMEDEPOT.COM/B/FURNITURE/GALANO/N-5YC1VZC7PCZXTJ
GALANO	GALANO	homedepot.com	HTTPS://WWW.HOMEDEPOT.COM/B/FURNITURE-HOME-OFFICE-FURNITURE-OFFICE-STORAGE-CABINETS/GALANO/N-5YC1VZCIO4ZXTJ
GALANO	GALANO	homedepot.com	HTTPS://WWW.HOMEDEPOT.COM/B/FURNITURE-LIVING-ROOM-FURNITURE-COFFEE-TABLES/GALANO/N-5YC1VZCF8ZZXTJ
GALANZ	GALANZ	homedepot.com	HTTPS://WWW.HOMEDEPOT.COM/B/APPLIANCES/GALANZ/N-5YC1VZBV1WZD4E
GALANZ	GALANZ	homedepot.com	HTTPS://WWW.HOMEDEPOT.COM/B/GALANZ/N-5YC1VZD4E
GALCON	GALCON	homedepot.com	HTTPS://WWW.HOMEDEPOT.COM/B/OUTDOORS-GARDEN-CENTER-WATERING-IRRIGATION/GALCON/N-5YC1VZBX5OZFFY
GALCON	GALCON	homedepot.com	HTTPS://WWW.HOMEDEPOT.COM/B/OUTDOORS-GARDEN-CENTER-WATERING-IRRIGATION-SPRINKLER-SYSTEMS-SPRINKLER-TIMERS-IRRIGATION-CONTROLLERS/GALCON/N-5YC1VZC63PZFFY
GALCON	GALCON	homedepot.com	HTTPS://WWW.HOMEDEPOT.COM/B/OUTDOORS-GARDEN-CENTER-WATERING-IRRIGATION-SPRINKLER-SYSTEMS-SPRINKLER-TIMERS-IRRIGATION-CONTROLLERS/GALCON/PROGRAMMABLE/N-5YC1VZC63PZFFYZ1Z1829R
GALEPACIFIC	GALEPACIFIC	homedepot.com	HTTPS://WWW.HOMEDEPOT.COM/B/GALE-PACIFIC/N-5YC1VZE2F
GALLERYPERFECT	GALLERYPERFECT	homedepot.com	HTTPS://WWW.HOMEDEPOT.COM/B/HOME-DECOR-FRAMES-ALBUMS-PICTURE-FRAMES/GALLERY-PERFECT/N-5YC1VZCF9MZV0O
GALLERYSOLUTIONS	GALLERYSOLUTIONS	homedepot.com	HTTPS://WWW.HOMEDEPOT.COM/B/HOME-DECOR-PICTURE-FRAMES/GALLERY-SOLUTIONS/N-5YC1VZCF9MZUNY
GALLERYSOLUTIONS	GALLERYSOLUTIONS	homedepot.com	HTTPS://WWW.HOMEDEPOT.COM/B/GALLERY-SOLUTIONS/N-5YC1VZUNY
GALTINTERNATIONAL	GALTINTERNATIONAL	homedepot.com	HTTPS://WWW.HOMEDEPOT.COM/B/GALT-INTERNATIONAL/N-5YC1VZYKO
GALTINTERNATIONAL	GALTINTERNATIONAL	homedepot.com	HTTPS://WWW.HOMEDEPOT.COM/B/OUTDOORS-GARDEN-CENTER/GALT-INTERNATIONAL/N-5YC1VZBX6KZYKO
GALTINTERNATIONAL	GALTINTERNATIONAL	homedepot.com	HTTPS://WWW.HOMEDEPOT.COM/B/OUTDOORS-GARDEN-CENTER-OUTDOOR-DECOR/GALT-INTERNATIONAL/N-5YC1VZC6O0ZYKO
GALTINTERNATIONAL	GALTINTERNATIONAL	homedepot.com	HTTPS://WWW.HOMEDEPOT.COM/B/OUTDOORS-GARDEN-CENTER-PLANTERS/GALT-INTERNATIONAL/N-5YC1VZBX81ZYKO
GALTINTERNATIONAL	GALTINTERNATIONAL	homedepot.com	HTTPS://WWW.HOMEDEPOT.COM/B/OUTDOORS-GARDEN-CENTER-PLANTERS-PLANT-POTS/GALT-INTERNATIONAL/N-5YC1VZBX87ZYKO
GALTINTERNATIONAL	GALTINTERNATIONAL	homedepot.com	HTTPS://WWW.HOMEDEPOT.COM/B/OUTDOORS-GARDEN-CENTER-OUTDOOR-DECOR-GARDEN-STATUES/GALT-INTERNATIONAL/N-5YC1VZC6NTZYKO
GAMASONIC	GAMASONIC	homedepot.com	HTTPS://WWW.HOMEDEPOT.COM/B/LIGHTING/GAMA-SONIC/N-5YC1VZBVN5ZRCQ
GAMASONIC	GAMASONIC	homedepot.com	HTTPS://WWW.HOMEDEPOT.COM/B/GAMA-SONIC/N-5YC1VZRCQ
GARAGEBOSS	GARAGEBOSS	homedepot.com	HTTPS://WWW.HOMEDEPOT.COM/B/GARAGE-BOSS/N-5YC1VZNPC
GARAGEBOSS	GARAGEBOSS	homedepot.com	HTTPS://WWW.HOMEDEPOT.COM/B/OUTDOORS-OUTDOOR-POWER-EQUIPMENT/GARAGE-BOSS/N-5YC1VZBX5CZNPC
GARAGEBOSS	GARAGEBOSS	homedepot.com	HTTPS://WWW.HOMEDEPOT.COM/B/OUTDOORS-OUTDOOR-POWER-EQUIPMENT-OUTDOOR-POWER-EQUIPMENT-PARTS-MAINTENANCE-PARTS/GARAGE-BOSS/N-5YC1VZ1Z18IBKZNPC
GARAGEDOORPARTS	GARAGEDOORPARTS	homedepot.com	HTTPS://WWW.HOMEDEPOT.COM/B/DOORS-WINDOWS-GARAGE-DOORS-AND-PARTS-GARAGE-DOOR-PARTS/N-5YC1VZBDOF
GARAGEESSENTIALS	GARAGEESSENTIALS	homedepot.com	HTTPS://WWW.HOMEDEPOT.COM/B/GARAGE-ESSENTIALS/N-5YC1VZU0R
GARAGEESSENTIALS	GARAGEESSENTIALS	homedepot.com	HTTPS://WWW.HOMEDEPOT.COM/B/STORAGE-ORGANIZATION-GARAGE-STORAGE/GARAGE-ESSENTIALS/N-5YC1VZARMIZU0R
GARAGEFLOORING	GARAGEFLOORING	homedepot.com	HTTPS://WWW.HOMEDEPOT.COM/B/FLOORING-GARAGE-FLOORING/N-5YC1VZB97T
GARAGEGATOR	GARAGEGATOR	homedepot.com	HTTPS://WWW.HOMEDEPOT.COM/B/GARAGE-GATOR/N-5YC1VZ8BH
GARAGEGATOR	GARAGEGATOR	homedepot.com	HTTPS://WWW.HOMEDEPOT.COM/B/STORAGE-ORGANIZATION-GARAGE-STORAGE-OVERHEAD-GARAGE-STORAGE/GARAGE-GATOR/N-5YC1VZ2FKP9INZ8BH
GARAGEMATE	GARAGEMATE	homedepot.com	HTTPS://WWW.HOMEDEPOT.COM/B/GARAGEMATE/N-5YC1VZAS8
GARAGEMATE	GARAGEMATE	homedepot.com	HTTPS://WWW.HOMEDEPOT.COM/B/GARAGE/GARAGEMATE/N-5YC1VZ2FKPG2OZAS8
GARAGEMATE	GARAGEMATE	homedepot.com	HTTPS://WWW.HOMEDEPOT.COM/B/GARAGE-AUTOMOTIVE-TIRE-ACCESSORIES/GARAGEMATE/N-5YC1VZC8SWZAS8
GARAGEMATE	GARAGEMATE	homedepot.com	HTTPS://WWW.HOMEDEPOT.COM/B/AUTOMOTIVE-TIRE-ACCESSORIES/GARAGEMATE/N-5YC1VZC8SWZAS8
GARAGEREADY	GARAGEREADY	homedepot.com	HTTPS://WWW.HOMEDEPOT.COM/B/APPLIANCES-REFRIGERATORS/GARAGE-READY/N-5YC1VZC3PIZ1Z1SFP7
GARAGETECH	GARAGETECH	homedepot.com	HTTPS://WWW.HOMEDEPOT.COM/B/GARAGE/GARAGE-TECH/N-5YC1VZ2FKPG2OZSXE
GARAGETECH	GARAGETECH	homedepot.com	HTTPS://WWW.HOMEDEPOT.COM/B/GARAGE-GARAGE-STORAGE/GARAGE-TECH/N-5YC1VZARMIZSXE
GARAGETECH	GARAGETECH	homedepot.com	HTTPS://WWW.HOMEDEPOT.COM/B/GARAGE-GARAGE-STORAGE-GARAGE-CABINETS/GARAGE-TECH/N-5YC1VZCCV5ZSXE
GARAGETECH	GARAGETECH	homedepot.com	HTTPS://WWW.HOMEDEPOT.COM/B/STORAGE-ORGANIZATION/GARAGE-TECH/N-5YC1VZAS7EZSXE
GARAGETECH	GARAGETECH	homedepot.com	HTTPS://WWW.HOMEDEPOT.COM/B/STORAGE-ORGANIZATION-GARAGE-STORAGE-GARAGE-CABINETS/GARAGE-TECH/N-5YC1VZCCV5ZSXE
GARDENA	GARDENA	homedepot.com	HTTPS://WWW.HOMEDEPOT.COM/B/GARDENA/N-5YC1VZRHT
GARDENBEE	GARDENBEE	homedepot.com	HTTPS://WWW.HOMEDEPOT.COM/B/OUTDOORS-PATIO-FURNITURE/GARDENBEE/N-5YC1VZBX4OZYRC
GARDENBEE	GARDENBEE	homedepot.com	HTTPS://WWW.HOMEDEPOT.COM/B/OUTDOORS-PATIO-FURNITURE-OUTDOOR-LOUNGE-FURNITURE/GARDENBEE/N-5YC1VZCFJ3ZYRC
GARDENBEE	GARDENBEE	homedepot.com	HTTPS://WWW.HOMEDEPOT.COM/B/OUTDOORS-SHADE-STRUCTURES-GAZEBOS/GARDENBEE/N-5YC1VZBTYAZYRC
GARDENBEE	GARDENBEE	homedepot.com	HTTPS://WWW.HOMEDEPOT.COM/B/GARDENBEE/N-5YC1VZYRC
GARDENBEE	GARDENBEE	homedepot.com	HTTPS://WWW.HOMEDEPOT.COM/B/OUTDOORS-PATIO-FURNITURE-OUTDOOR-LOUNGE-FURNITURE-PATIO-CONVERSATION-SETS/GARDENBEE/N-5YC1VZBX97ZYRC
GARDENBEE	GARDENBEE	homedepot.com	HTTPS://WWW.HOMEDEPOT.COM/B/OUTDOORS-PATIO-FURNITURE-PATIO-DINING-FURNITURE/GARDENBEE/N-5YC1VZBXDRZYRC
GARDENBEE	GARDENBEE	homedepot.com	HTTPS://WWW.HOMEDEPOT.COM/B/OUTDOORS-PATIO-FURNITURE-PATIO-DINING-FURNITURE-PATIO-DINING-SETS/GARDENBEE/N-5YC1VZBXDLZYRC
GARDENCRAFT	GARDENCRAFT	homedepot.com	HTTPS://WWW.HOMEDEPOT.COM/B/GARDEN-CRAFT/N-5YC1VZC4S
GARDENCRAFT	GARDENCRAFT	homedepot.com	HTTPS://WWW.HOMEDEPOT.COM/B/LUMBER-COMPOSITES-FENCING-GATES/GARDEN-CRAFT/N-5YC1VZBRK7ZC4S
GARDENDECOR	GARDENDECOR	homedepot.com	HTTPS://WWW.HOMEDEPOT.COM/B/OUTDOORS-GARDEN-CENTER-OUTDOOR-DECOR-GARDEN-DECOR/N-5YC1VZCAZF
GARDENEERBYDALEN	GARDENEERBYDALEN	homedepot.com	HTTPS://WWW.HOMEDEPOT.COM/B/OUTDOORS-GARDEN-CENTER-LANDSCAPING-SUPPLIES-LANDSCAPE-EDGING/GARDENEER-BY-DALEN/N-5YC1VZBX74ZU63
GARDENEERBYDALEN	GARDENEERBYDALEN	homedepot.com	HTTPS://WWW.HOMEDEPOT.COM/B/OUTDOORS-GARDEN-CENTER/GARDENEER-BY-DALEN/N-5YC1VZBX6KZU63
GARDENEERBYDALEN	GARDENEERBYDALEN	homedepot.com	HTTPS://WWW.HOMEDEPOT.COM/B/OUTDOORS-GARDEN-CENTER-LANDSCAPING-SUPPLIES/GARDENEER-BY-DALEN/N-5YC1VZBX51ZU63
GARDENEERBYDALEN	GARDENEERBYDALEN	homedepot.com	HTTPS://WWW.HOMEDEPOT.COM/B/OUTDOORS/GARDENEER-BY-DALEN/N-5YC1VZBX82ZU63
GARDENEERBYDALEN	GARDENEERBYDALEN	homedepot.com	HTTPS://WWW.HOMEDEPOT.COM/B/GARDENEER-BY-DALEN/N-5YC1VZU63
GARDENEERBYDALEN	GARDENEERBYDALEN	homedepot.com	HTTPS://WWW.HOMEDEPOT.COM/B/OUTDOORS-GARDEN-CENTER-LANDSCAPING-SUPPLIES-LANDSCAPE-EDGING-PLASTIC-EDGING/GARDENEER-BY-DALEN/N-5YC1VZCIALZU63
GARDENERSBLUERIBBON	GARDENERSBLUERIBBON	homedepot.com	HTTPS://WWW.HOMEDEPOT.COM/B/GARDENERS-BLUE-RIBBON/N-5YC1VZ6TS
GARDENERSBLUERIBBON	GARDENERSBLUERIBBON	homedepot.com	HTTPS://WWW.HOMEDEPOT.COM/B/OUTDOORS-GARDEN-CENTER/GARDENERS-BLUE-RIBBON/N-5YC1VZBX6KZ6TS
GARDENERSBLUERIBBON	GARDENERSBLUERIBBON	homedepot.com	HTTPS://WWW.HOMEDEPOT.COM/B/OUTDOORS-GARDEN-CENTER-LANDSCAPING-SUPPLIES/GARDENERS-BLUE-RIBBON/N-5YC1VZBX51Z6TS
GARDENERSBLUERIBBON	GARDENERSBLUERIBBON	homedepot.com	HTTPS://WWW.HOMEDEPOT.COM/B/OUTDOORS-GARDEN-CENTER-PLANT-SUPPORT/GARDENERS-BLUE-RIBBON/N-5YC1VZBX6IZ6TS
GARDENERSBLUERIBBON	GARDENERSBLUERIBBON	homedepot.com	HTTPS://WWW.HOMEDEPOT.COM/B/OUTDOORS-GARDEN-CENTER-PLANTERS/GARDENERS-BLUE-RIBBON/N-5YC1VZBX81Z6TS
GARDENERSBLUERIBBON	GARDENERSBLUERIBBON	homedepot.com	HTTPS://WWW.HOMEDEPOT.COM/B/OUTDOORS-GARDEN-CENTER-PLANT-SUPPORT-TOMATO-CAGES/GARDENERS-BLUE-RIBBON/N-5YC1VZCIB4Z6TS
GARDENERSBLUERIBBON	GARDENERSBLUERIBBON	homedepot.com	HTTPS://WWW.HOMEDEPOT.COM/B/GARDENERS-BLUE-RIBBON/96-IN/N-5YC1VZ6TSZ1Z0WIZL
GARDENERSBLUERIBBON	GARDENERSBLUERIBBON	homedepot.com	HTTPS://WWW.HOMEDEPOT.COM/B/OUTDOORS-GARDEN-CENTER-PLANT-SUPPORT/GARDENERS-BLUE-RIBBON/STEEL/N-5YC1VZBX6IZ6TSZ1Z0V4PE
GARDENERSBLUERIBBON	GARDENERSBLUERIBBON	homedepot.com	HTTPS://WWW.HOMEDEPOT.COM/B/OUTDOORS-GARDEN-CENTER-LANDSCAPING-SUPPLIES-LANDSCAPE-EDGING/GARDENERS-BLUE-RIBBON/N-5YC1VZBX74Z6TS
GARDENIA	GARDENIA	homedepot.com	HTTPS://WWW.HOMEDEPOT.COM/B/OUTDOORS-GARDEN-CENTER-OUTDOOR-PLANTS-BUSHES/GARDENIA/N-5YC1VZC8R6Z1Z1BQDW
GARDENIQUE	GARDENIQUE	homedepot.com	HTTPS://WWW.HOMEDEPOT.COM/B/OUTDOORS/GARDENIQUE/N-5YC1VZBX82ZF2Q
GARDENIQUE	GARDENIQUE	homedepot.com	HTTPS://WWW.HOMEDEPOT.COM/B/OUTDOORS-GARDEN-CENTER/GARDENIQUE/N-5YC1VZBX6KZF2Q?VISUALNAV=GARDEN+CENTER
GARDENIQUE	GARDENIQUE	homedepot.com	HTTPS://WWW.HOMEDEPOT.COM/B/GARDENIQUE/N-5YC1VZF2Q
GARDENIQUE	GARDENIQUE	homedepot.com	HTTPS://WWW.HOMEDEPOT.COM/B/OUTDOORS-GARDEN-CENTER-PONDS-POND-ACCESSORIES-POND-TREATMENTS/GARDENIQUE/N-5YC1VZBX6EZF2Q
GARDENISED	GARDENISED	homedepot.com	HTTPS://WWW.HOMEDEPOT.COM/B/GARDENISED/N-5YC1VZMG9
GARDENISED	GARDENISED	homedepot.com	HTTPS://WWW.HOMEDEPOT.COM/B/OUTDOORS-GARDEN-CENTER/GARDENISED/N-5YC1VZBX6KZMG9
GARDENISED	GARDENISED	homedepot.com	HTTPS://WWW.HOMEDEPOT.COM/B/OUTDOORS-PATIO-FURNITURE/GARDENISED/N-5YC1VZBX4OZMG9
GARDENISED	GARDENISED	homedepot.com	HTTPS://WWW.HOMEDEPOT.COM/B/GARDENISED/PLASTIC/N-5YC1VZMG9Z1Z118J1
GARDENISED	GARDENISED	homedepot.com	HTTPS://WWW.HOMEDEPOT.COM/B/OUTDOORS-GARDEN-CENTER-GARDEN-TOOLS/GARDENISED/N-5YC1VZBX6XZMG9?VISUALNAV=GARDEN+TOOLS
GARDENISED	GARDENISED	homedepot.com	HTTPS://WWW.HOMEDEPOT.COM/B/OUTDOORS-GARDEN-CENTER-LANDSCAPING-SUPPLIES-HARDSCAPES-PAVERS/GARDENISED/N-5YC1VZBX4BZMG9
GARDENISED	GARDENISED	homedepot.com	HTTPS://WWW.HOMEDEPOT.COM/B/OUTDOORS-GARDEN-CENTER-GARDEN-TOOLS-GARDENING-TOOLS/GARDENISED/N-5YC1VZC5QQZMG9
GARDENISED	GARDENISED	homedepot.com	HTTPS://WWW.HOMEDEPOT.COM/B/OUTDOORS-GARDEN-CENTER-ARTIFICIAL-GRASS-TOOLS/GARDENISED/N-5YC1VZ2FKOQ94ZMG9
GARDENISED	GARDENISED	homedepot.com	HTTPS://WWW.HOMEDEPOT.COM/B/GARAGE-GARAGE-STORAGE-GARAGE-SPORTS-ORGANIZERS/GARDENISED/N-5YC1VZ2FKP9ILZMG9
GARDENISED	GARDENISED	homedepot.com	HTTPS://WWW.HOMEDEPOT.COM/B/OUTDOORS-GARDEN-CENTER-LANDSCAPING-SUPPLIES-HARDSCAPES-PAVERS-PLASTIC-PAVERS/GARDENISED/N-5YC1VZCIC4ZMG9
GARDENJOY	GARDENJOY	homedepot.com	HTTPS://WWW.HOMEDEPOT.COM/B/GARDENJOY/N-5YC1VZZHL
GARDENJOY	GARDENJOY	homedepot.com	HTTPS://WWW.HOMEDEPOT.COM/B/OUTDOORS/GARDENJOY/N-5YC1VZBX82ZZHL
GARDENJOY	GARDENJOY	homedepot.com	HTTPS://WWW.HOMEDEPOT.COM/B/OUTDOORS-GARDEN-CENTER-WATERING-IRRIGATION-WATERING-ESSENTIALS/GARDENJOY/N-5YC1VZ2FKPD9LZZHL
GARDENMEADOW	GARDENMEADOW	homedepot.com	HTTPS://WWW.HOMEDEPOT.COM/B/OUTDOORS-GARDEN-CENTER-OUTDOOR-DECOR-GARDEN-STATUES/GARDEN-MEADOW/N-5YC1VZC6NTZQX7
GARDENMEADOW	GARDENMEADOW	homedepot.com	HTTPS://WWW.HOMEDEPOT.COM/B/GARDEN-MEADOW/N-5YC1VZQX7
GARDENPALS	GARDENPALS	homedepot.com	HTTPS://WWW.HOMEDEPOT.COM/B/OUTDOORS-GARDEN-CENTER-GARDEN-TOOLS-GARDENING-TOOLS/GARDEN-PALS/N-5YC1VZC5QQZDQ9
GARDENPALS	GARDENPALS	homedepot.com	HTTPS://WWW.HOMEDEPOT.COM/B/OUTDOORS-GARDEN-CENTER-GARDEN-TOOLS-GARDENING-TOOLS-RAKES-SHRUB-RAKES/GARDEN-PALS/N-5YC1VZC5QSZDQ9
GARDENSAFE	GARDENSAFE	homedepot.com	HTTPS://WWW.HOMEDEPOT.COM/B/GARDEN-SAFE/N-5YC1VZAUJ
GARDENSAFE	GARDENSAFE	homedepot.com	HTTPS://WWW.HOMEDEPOT.COM/B/OUTDOORS-GARDEN-CENTER-PEST-CONTROL/GARDEN-SAFE/N-5YC1VZBX4WZAUJ
GARDENSALIVE	GARDENSALIVE	homedepot.com	HTTPS://WWW.HOMEDEPOT.COM/B/OUTDOORS-GARDEN-CENTER/GARDENS-ALIVE/N-5YC1VZBX6KZM9X
GARDENSALIVE	GARDENSALIVE	homedepot.com	HTTPS://WWW.HOMEDEPOT.COM/B/OUTDOORS-GARDEN-CENTER-OUTDOOR-PLANTS/GARDENS-ALIVE/N-5YC1VZC8RGZM9X
GARDENSALIVE	GARDENSALIVE	homedepot.com	HTTPS://WWW.HOMEDEPOT.COM/B/OUTDOORS-GARDEN-CENTER-PEST-CONTROL/GARDENS-ALIVE/N-5YC1VZBX4WZM9X
GARDENSALIVE	GARDENSALIVE	homedepot.com	HTTPS://WWW.HOMEDEPOT.COM/B/OUTDOORS-GARDEN-CENTER-PLANT-CARE-PLANT-FOOD-FERTILIZER/GARDENS-ALIVE/N-5YC1VZC8QZZM9X
GARDENSALIVE	GARDENSALIVE	homedepot.com	HTTPS://WWW.HOMEDEPOT.COM/B/OUTDOORS-GARDEN-CENTER-LAWN-CARE/GARDENS-ALIVE/N-5YC1VZBX8AZM9X
GARDENSALIVE	GARDENSALIVE	homedepot.com	HTTPS://WWW.HOMEDEPOT.COM/B/OUTDOORS-GARDEN-CENTER-LANDSCAPING-SUPPLIES-SOILS/GARDENS-ALIVE/N-5YC1VZBX67ZM9X
GARDENSALIVE	GARDENSALIVE	homedepot.com	HTTPS://WWW.HOMEDEPOT.COM/B/OUTDOORS-GARDEN-CENTER-LAWN-CARE-GRASS-SEED/GARDENS-ALIVE/N-5YC1VZBX62ZM9X
GARDENSTATEBULB	GARDENSTATEBULB	homedepot.com	HTTPS://WWW.HOMEDEPOT.COM/B/OUTDOORS-GARDEN-CENTER-OUTDOOR-PLANTS-GARDEN-FLOWERS-FLOWER-BULBS/GARDEN-STATE-BULB/N-5YC1VZC8RTZNZF
GARDENSTATEBULB	GARDENSTATEBULB	homedepot.com	HTTPS://WWW.HOMEDEPOT.COM/B/OUTDOORS-GARDEN-CENTER-OUTDOOR-PLANTS/GARDEN-STATE-BULB/N-5YC1VZC8RGZNZF
GARDENSTATEBULB	GARDENSTATEBULB	homedepot.com	HTTPS://WWW.HOMEDEPOT.COM/B/OUTDOORS/GARDEN-STATE-BULB/N-5YC1VZBX82ZNZF
GARDENSTATEBULB	GARDENSTATEBULB	homedepot.com	HTTPS://WWW.HOMEDEPOT.COM/B/GARDEN-STATE-BULB/N-5YC1VZNZF
GARDENSTATEBULB	GARDENSTATEBULB	homedepot.com	HTTPS://WWW.HOMEDEPOT.COM/B/OUTDOORS-GARDEN-CENTER-OUTDOOR-PLANTS-EDIBLE-GARDEN-FRUIT-PLANTS/GARDEN-STATE-BULB/N-5YC1VZC8R1ZNZF
GARDENSTATEBULB	GARDENSTATEBULB	homedepot.com	HTTPS://WWW.HOMEDEPOT.COM/B/OUTDOORS-GARDEN-CENTER/GARDEN-STATE-BULB/N-5YC1VZBX6KZNZF
GARDENSUN	GARDENSUN	homedepot.com	HTTPS://WWW.HOMEDEPOT.COM/B/OUTDOORS-OUTDOOR-HEATING-PATIO-HEATERS/GARDENSUN/N-5YC1VZC6NFZ60J
GARDENSUN	GARDENSUN	homedepot.com	HTTPS://WWW.HOMEDEPOT.COM/B/GARDENSUN/N-5YC1VZ60J
GARDENSUN	GARDENSUN	homedepot.com	HTTPS://WWW.HOMEDEPOT.COM/B/OUTDOORS-OUTDOOR-HEATING/GARDENSUN/N-5YC1VZC6NEZ60J
GARDENTIME	GARDENTIME	homedepot.com	HTTPS://WWW.HOMEDEPOT.COM/B/OUTDOORS-GARDEN-CENTER-LANDSCAPING-SUPPLIES/GARDENTIME/N-5YC1VZBX51Z79F
GARDENTIME	GARDENTIME	homedepot.com	HTTPS://WWW.HOMEDEPOT.COM/B/OUTDOORS-GARDEN-CENTER-LANDSCAPING-SUPPLIES-MULCH-WOOD-MULCH/GARDENTIME/N-5YC1VZC9NXZ79F
GARDENTIME	GARDENTIME	homedepot.com	HTTPS://WWW.HOMEDEPOT.COM/B/OUTDOORS-GARDEN-CENTER-LANDSCAPING-SUPPLIES-MULCH/GARDENTIME/N-5YC1VZBX4AZ79F
GARDENWEASEL	GARDENWEASEL	homedepot.com	HTTPS://WWW.HOMEDEPOT.COM/B/OUTDOORS-GARDEN-CENTER-GARDEN-TOOLS-GARDENING-TOOLS/GARDEN-WEASEL/N-5YC1VZC5QQZMB
GARDENWEASEL	GARDENWEASEL	homedepot.com	HTTPS://WWW.HOMEDEPOT.COM/B/OUTDOORS-GARDEN-CENTER-GARDEN-TOOLS/GARDEN-WEASEL/N-5YC1VZBX6XZMB
GARDENWINDS	GARDENWINDS	homedepot.com	HTTPS://WWW.HOMEDEPOT.COM/B/GARDEN-WINDS/N-5YC1VZMML
GARDENWINDS	GARDENWINDS	homedepot.com	HTTPS://WWW.HOMEDEPOT.COM/B/OUTDOORS-SHADE-STRUCTURES-CANOPIES-CANOPY-PARTS/GARDEN-WINDS/N-5YC1VZCC5EZMML
GARDENWINDS	GARDENWINDS	homedepot.com	HTTPS://WWW.HOMEDEPOT.COM/B/OUTDOORS-SHADE-STRUCTURES-PERGOLAS/GARDEN-WINDS/N-5YC1VZBTZIZMML
GARDIEN	GARDIEN	homedepot.com	HTTPS://WWW.HOMEDEPOT.COM/B/OUTDOORS-GARDEN-CENTER-LANDSCAPING-SUPPLIES-LANDSCAPE-FABRIC/GARDIEN/N-5YC1VZBX4QZPBO
GARDIEN	GARDIEN	homedepot.com	HTTPS://WWW.HOMEDEPOT.COM/B/OUTDOORS-GARDEN-CENTER/GARDIEN/N-5YC1VZBX6KZPBO
GARDMAN	GARDMAN	homedepot.com	HTTPS://WWW.HOMEDEPOT.COM/B/GARDMAN/N-5YC1VZ7FV
GARDMAN	GARDMAN	homedepot.com	HTTPS://WWW.HOMEDEPOT.COM/B/OUTDOORS-GARDEN-CENTER-GARDEN-TOOLS-GARDENING-TOOLS/GARDMAN/N-5YC1VZC5QQZ7FV
GARDMAN	GARDMAN	homedepot.com	HTTPS://WWW.HOMEDEPOT.COM/B/OUTDOORS-GARDEN-CENTER/GARDMAN/N-5YC1VZBX6KZ7FV
GARDNERBENDER	GARDNERBENDER	homedepot.com	HTTPS://WWW.HOMEDEPOT.COM/B/ELECTRICAL-ELECTRICAL-TOOLS/GARDNER-BENDER/N-5YC1VZBMC2ZMI
GARDNERBENDER	GARDNERBENDER	homedepot.com	HTTPS://WWW.HOMEDEPOT.COM/B/GARDNER-BENDER/N-5YC1VZMI
GARDNERBENDER	GARDNERBENDER	homedepot.com	HTTPS://WWW.HOMEDEPOT.COM/B/ELECTRICAL-ELECTRICAL-TOOLS-WIRE-CONDUIT-TOOLS-CONDUIT-BENDERS/GARDNER-BENDER/N-5YC1VZBMCYZMI
GARDNERBENDER	GARDNERBENDER	homedepot.com	HTTPS://WWW.HOMEDEPOT.COM/B/TOOLS/GARDNER-BENDER/N-5YC1VZC1XYZMI
GARDNERBENDER	GARDNERBENDER	homedepot.com	HTTPS://WWW.HOMEDEPOT.COM/B/ELECTRICAL-ELECTRICAL-TOOLS-ELECTRICAL-HAND-TOOLS/GARDNER-BENDER/N-5YC1VZBM76ZMI
GARDNERBENDER	GARDNERBENDER	homedepot.com	HTTPS://WWW.HOMEDEPOT.COM/B/ELECTRICAL/GARDNER-BENDER/N-5YC1VZARCDZMI
GARDNERBENDER	GARDNERBENDER	homedepot.com	HTTPS://WWW.HOMEDEPOT.COM/B/ELECTRICAL-ELECTRICAL-TOOLS-WIRE-CONDUIT-TOOLS/GARDNER-BENDER/N-5YC1VZBOFHZMI
GARDNERGLASSPRODUCTS	GARDNERGLASSPRODUCTS	homedepot.com	HTTPS://WWW.HOMEDEPOT.COM/B/BUILDING-MATERIALS-GLASS-PLASTIC-SHEETS-GLASS-SHEETS/GARDNER-GLASS-PRODUCTS/N-5YC1VZAQJNZAT9
GARDUS	GARDUS	homedepot.com	HTTPS://WWW.HOMEDEPOT.COM/B/GARDUS/N-5YC1VZFN2
GARDYN	GARDYN	homedepot.com	HTTPS://WWW.HOMEDEPOT.COM/B/OUTDOORS-GARDEN-CENTER-HYDROPONIC-GARDENING/GARDYN/N-5YC1VZCEO9ZZXU
GARELICK	GARELICK	homedepot.com	HTTPS://WWW.HOMEDEPOT.COM/B/GARELICK/N-5YC1VZ6RA
GARLANDRUG	GARLANDRUG	homedepot.com	HTTPS://WWW.HOMEDEPOT.COM/B/FLOORING-RUGS-AREA-RUGS/GARLAND-RUG/N-5YC1VZARJGZ62N
GARLANDRUG	GARLANDRUG	homedepot.com	HTTPS://WWW.HOMEDEPOT.COM/B/BATH-BATH-LINENS-BATHROOM-RUGS-BATH-MATS/GARLAND-RUG/N-5YC1VZCEA4Z62N
GARLANDRUG	GARLANDRUG	homedepot.com	HTTPS://WWW.HOMEDEPOT.COM/B/GARLAND-RUG/N-5YC1VZ62N
GARMENTBAGS	GARMENTBAGS	homedepot.com	HTTPS://WWW.HOMEDEPOT.COM/B/STORAGE-ORGANIZATION-CLOSET-ORGANIZERS-CLOSET-ACCESSORIES-GARMENT-BAGS/N-5YC1VZCD8S
GARRISON	GARRISON	homedepot.com	HTTPS://WWW.HOMEDEPOT.COM/B/GARRISON/N-5YC1VZIK5
GARTENKRAFT	GARTENKRAFT	homedepot.com	HTTPS://WWW.HOMEDEPOT.COM/B/GARTENKRAFT/N-5YC1VZM9P
GARTENKRAFT	GARTENKRAFT	homedepot.com	HTTPS://WWW.HOMEDEPOT.COM/B/OUTDOORS-GARDEN-CENTER-WATERING-IRRIGATION-WATERING-ESSENTIALS-HOSE-REELS/GARTENKRAFT/N-5YC1VZBX7EZM9P
GARTENKRAFT	GARTENKRAFT	homedepot.com	HTTPS://WWW.HOMEDEPOT.COM/B/OUTDOORS-GARDEN-CENTER-WATERING-IRRIGATION-HOSE-REELS/GARTENKRAFT/PORTABLE/N-5YC1VZBX7EZM9PZ1Z0ZX21
GARVEE	GARVEE	homedepot.com	HTTPS://WWW.HOMEDEPOT.COM/B/GARVEE/N-5YC1VZZIJ
GARVEE	GARVEE	homedepot.com	HTTPS://WWW.HOMEDEPOT.COM/B/FLOORING-RUGS-AREA-RUGS/GARVEE/N-5YC1VZARJGZZIJ
GARVEY	GARVEY	homedepot.com	HTTPS://WWW.HOMEDEPOT.COM/B/TOOLS/GARVEY/N-5YC1VZC1XYZMVM
GASADAR	GASADAR	homedepot.com	HTTPS://WWW.HOMEDEPOT.COM/B/OUTDOORS-PATIO-FURNITURE-PATIO-FURNITURE-COVERS/GASADAR/N-5YC1VZBXBQZYZ9
GASADAR	GASADAR	homedepot.com	HTTPS://WWW.HOMEDEPOT.COM/B/OUTDOORS-PATIO-FURNITURE-PATIO-FURNITURE-COVERS-PATIO-TABLE-COVERS/GASADAR/N-5YC1VZ1Z18G4MZYZ9
GASADAR	GASADAR	homedepot.com	HTTPS://WWW.HOMEDEPOT.COM/B/OUTDOORS-PATIO-FURNITURE-PATIO-UMBRELLAS-MARKET-UMBRELLAS/GASADAR/N-5YC1VZCCGUZYZ9
GASANDGO	GASANDGO	homedepot.com	HTTPS://WWW.HOMEDEPOT.COM/B/OUTDOORS-OUTDOOR-POWER-EQUIPMENT/GAS-AND-GO/N-5YC1VZBX5CZHJL
GASANDGO	GASANDGO	homedepot.com	HTTPS://WWW.HOMEDEPOT.COM/B/GAS-AND-GO/N-5YC1VZHJL
GASLAND	GASLAND	homedepot.com	HTTPS://WWW.HOMEDEPOT.COM/B/GASLAND/N-5YC1VZQ0C
GASLANDCHEF	GASLANDCHEF	homedepot.com	HTTPS://WWW.HOMEDEPOT.COM/B/GASLAND-CHEF/N-5YC1VZR79
GASLANDCHEF	GASLANDCHEF	homedepot.com	HTTPS://WWW.HOMEDEPOT.COM/B/APPLIANCES-COOKTOPS/GASLAND-CHEF/N-5YC1VZC3OQZR79
GASLANDCHEF	GASLANDCHEF	homedepot.com	HTTPS://WWW.HOMEDEPOT.COM/B/APPLIANCES-COOKTOPS-GAS-COOKTOPS/GASLAND-CHEF/N-5YC1VZC3PHZR79
GASOILA	GASOILA	homedepot.com	HTTPS://WWW.HOMEDEPOT.COM/B/PLUMBING-PLUMBING-ACCESSORIES-PIPE-SEALANTS/GASOILA/N-5YC1VZ2FKP8ENZRM4
GASONE	GASONE	homedepot.com	HTTPS://WWW.HOMEDEPOT.COM/B/GASONE/N-5YC1VZPVW
GASPRO	GASPRO	homedepot.com	HTTPS://WWW.HOMEDEPOT.COM/B/GASPRO/N-5YC1VZ10D7
GATCO	GATCO	homedepot.com	HTTPS://WWW.HOMEDEPOT.COM/B/GATCO/N-5YC1VZMJ
GATCO	GATCO	homedepot.com	HTTPS://WWW.HOMEDEPOT.COM/B/BATH-BATHROOM-ACCESSORIES-BATHROOM-HARDWARE/GATCO/N-5YC1VZCFV8ZMJ
GATCO	GATCO	homedepot.com	HTTPS://WWW.HOMEDEPOT.COM/B/BATH-BATHROOM-ACCESSORIES-BATHROOM-HARDWARE-TOWEL-BARS/GATCO/N-5YC1VZCFW6ZMJ
GATORGRIP	GATORGRIP	homedepot.com	HTTPS://WWW.HOMEDEPOT.COM/B/GATOR-GRIP/N-5YC1VZ2G6
GATORMAGNETICS	GATORMAGNETICS	homedepot.com	HTTPS://WWW.HOMEDEPOT.COM/B/GATOR-MAGNETICS/N-5YC1VZVJC
GATORWIRE	GATORWIRE	homedepot.com	HTTPS://WWW.HOMEDEPOT.COM/B/GATORWIRE/N-5YC1VZLYZ
GATORWIRE	GATORWIRE	homedepot.com	HTTPS://WWW.HOMEDEPOT.COM/B/HIGHLY-RATED/GATORWIRE/N-5YC1VZLYZZBWO5O
GATORWIRE	GATORWIRE	homedepot.com	HTTPS://WWW.HOMEDEPOT.COM/B/ELECTRICAL-ELECTRONICS-CABLES-HDMI-CABLES/GATORWIRE/N-5YC1VZC959ZLYZ
GATORZ	GATORZ	homedepot.com	HTTPS://WWW.HOMEDEPOT.COM/B/SAFETY-EQUIPMENT-PROTECTIVE-EYEWEAR-SAFETY-GLASSES/GATORZ/N-5YC1VZC1XTZ10PD
GAURIKOHLI	GAURIKOHLI	homedepot.com	HTTPS://WWW.HOMEDEPOT.COM/B/GAURI-KOHLI/N-5YC1VZTKP
GAURIKOHLI	GAURIKOHLI	homedepot.com	HTTPS://WWW.HOMEDEPOT.COM/B/HOME-DECOR/GAURI-KOHLI/N-5YC1VZAS6PZTKP
GAYAFORES	GAYAFORES	homedepot.com	HTTPS://WWW.HOMEDEPOT.COM/B/FLOORING-TILE/GAYAFORES/N-5YC1VZAR0YZQ0A
GAYAFORES	GAYAFORES	homedepot.com	HTTPS://WWW.HOMEDEPOT.COM/B/GAYAFORES/N-5YC1VZQ0A
GAYAFORES	GAYAFORES	homedepot.com	HTTPS://WWW.HOMEDEPOT.COM/B/FLOORING-TILE-PORCELAIN-TILE/GAYAFORES/N-5YC1VZB97MZQ0A
GAYAFORES	GAYAFORES	homedepot.com	HTTPS://WWW.HOMEDEPOT.COM/B/FLOORING-TILE-PORCELAIN-TILE/GAYAFORES/GRAY/N-5YC1VZB97MZQ0AZ1Z0JOOA
GAYAFORES	GAYAFORES	homedepot.com	HTTPS://WWW.HOMEDEPOT.COM/B/FLOORING-TILE/GAYAFORES/WOOD-LOOK/N-5YC1VZAR0YZQ0AZ1Z1CMG9
GAZEBEST	GAZEBEST	homedepot.com	HTTPS://WWW.HOMEDEPOT.COM/B/STORAGE-ORGANIZATION-OUTDOOR-STORAGE-SHADE-STRUCTURES-GAZEBOS/GAZEBEST/N-5YC1VZBTYAZ10J0
GAZEBOPENGUIN	GAZEBOPENGUIN	homedepot.com	HTTPS://WWW.HOMEDEPOT.COM/B/OUTDOORS-SHADE-STRUCTURES-GAZEBOS/GAZEBO-PENGUIN/N-5YC1VZBTYAZM8O
GAZEBOPENGUIN	GAZEBOPENGUIN	homedepot.com	HTTPS://WWW.HOMEDEPOT.COM/B/GAZEBO-PENGUIN/GAZEBO/N-5YC1VZM8OZ1Z0VOGQ
GAZEBOS	GAZEBOS	homedepot.com	HTTPS://WWW.HOMEDEPOT.COM/B/OUTDOORS-SHADE-STRUCTURES-GAZEBOS/N-5YC1VZBTYA
GBCMOTORSPORTS	GBCMOTORSPORTS	homedepot.com	HTTPS://WWW.HOMEDEPOT.COM/B/GBC-MOTORSPORTS/N-5YC1VZN55
GBCMOTORSPORTS	GBCMOTORSPORTS	homedepot.com	HTTPS://WWW.HOMEDEPOT.COM/B/GARAGE-AUTOMOTIVE/GBC-MOTORSPORTS/N-5YC1VZC8O1ZN55
GBCMOTORSPORTS	GBCMOTORSPORTS	homedepot.com	HTTPS://WWW.HOMEDEPOT.COM/B/GARAGE-AUTOMOTIVE-TIRES/GBC-MOTORSPORTS/N-5YC1VZC8M4ZN55
GBCMOTORSPORTS	GBCMOTORSPORTS	homedepot.com	HTTPS://WWW.HOMEDEPOT.COM/B/HIGHLY-RATED/GBC-MOTORSPORTS/N-5YC1VZN55ZBWO5O
GCPAPPLIEDTECHNOLOGIES	GCPAPPLIEDTECHNOLOGIES	homedepot.com	HTTPS://WWW.HOMEDEPOT.COM/B/BUILDING-MATERIALS-ROOFING/GCP-APPLIED-TECHNOLOGIES/N-5YC1VZAQ7MZG4T
GCPAPPLIEDTECHNOLOGIES	GCPAPPLIEDTECHNOLOGIES	homedepot.com	HTTPS://WWW.HOMEDEPOT.COM/B/BUILDING-MATERIALS/GCP-APPLIED-TECHNOLOGIES/N-5YC1VZAQNSZG4T
GCPAPPLIEDTECHNOLOGIES	GCPAPPLIEDTECHNOLOGIES	homedepot.com	HTTPS://WWW.HOMEDEPOT.COM/B/BUILDING-MATERIALS-SIDING/GCP-APPLIED-TECHNOLOGIES/N-5YC1VZARIPZG4T
GCPAPPLIEDTECHNOLOGIES	GCPAPPLIEDTECHNOLOGIES	homedepot.com	HTTPS://WWW.HOMEDEPOT.COM/B/BUILDING-MATERIALS-INSULATION-INSULATION-ACCESSORIES/GCP-APPLIED-TECHNOLOGIES/N-5YC1VZBMGSZG4T
GDFSTUDIO	GDFSTUDIO	homedepot.com	HTTPS://WWW.HOMEDEPOT.COM/B/GDFSTUDIO/N-5YC1VZZLL
GE	GE	homedepot.com	HTTPS://WWW.HOMEDEPOT.COM/B/APPLIANCES/GE/N-5YC1VZBV1WZLO
GEARWRENCH	GEARWRENCH	homedepot.com	HTTPS://WWW.HOMEDEPOT.COM/B/GEARWRENCH/N-5YC1VZR9S
GEARWRENCH	GEARWRENCH	homedepot.com	HTTPS://WWW.HOMEDEPOT.COM/B/TOOLS/GEARWRENCH/N-5YC1VZC1XYZR9S
GEARWRENCH	GEARWRENCH	homedepot.com	HTTPS://WWW.HOMEDEPOT.COM/B/TOOLS-HAND-TOOLS-WRENCHES/GEARWRENCH/N-5YC1VZC239ZR9S
GEBALLAST	GEBALLAST	homedepot.com	HTTPS://WWW.HOMEDEPOT.COM/B/LIGHTING-CEILING-LIGHTING-ACCESSORIES-BALLASTS/GE-BALLAST/N-5YC1VZC7NXZ1Z0XSFY
GEBERIT	GEBERIT	homedepot.com	HTTPS://WWW.HOMEDEPOT.COM/B/BATH-TOILETS/GEBERIT/N-5YC1VZBZBDZ2G7
GEBERIT	GEBERIT	homedepot.com	HTTPS://WWW.HOMEDEPOT.COM/B/BATH-TOILETS/GEBERIT/WALL-MOUNTED/N-5YC1VZBZBDZ2G7Z1Z1B6TH
GEBERIT	GEBERIT	homedepot.com	HTTPS://WWW.HOMEDEPOT.COM/B/GEBERIT/N-5YC1VZ2G7
GEDORE	GEDORE	homedepot.com	HTTPS://WWW.HOMEDEPOT.COM/B/TOOLS/GEDORE/N-5YC1VZC1XYZFIR
GEEKAIRE	GEEKAIRE	homedepot.com	HTTPS://WWW.HOMEDEPOT.COM/B/HEATING-VENTING-COOLING-FANS/GEEK-AIRE/N-5YC1VZC4LWZMKA
GEEKCHEF	GEEKCHEF	homedepot.com	HTTPS://WWW.HOMEDEPOT.COM/B/GEEK-CHEF/N-5YC1VZM8Y
GEEKCHEF	GEEKCHEF	homedepot.com	HTTPS://WWW.HOMEDEPOT.COM/B/APPLIANCES/GEEK-CHEF/N-5YC1VZBV1WZM8Y
GEEKCHEF	GEEKCHEF	homedepot.com	HTTPS://WWW.HOMEDEPOT.COM/B/APPLIANCES-SMALL-KITCHEN-APPLIANCES/GEEK-CHEF/N-5YC1VZBV48ZM8Y
GEEKHEAT	GEEKHEAT	homedepot.com	HTTPS://WWW.HOMEDEPOT.COM/B/HEATING-VENTING-COOLING-HEATERS-SPACE-HEATERS-ELECTRIC-HEATERS/GEEK-HEAT/N-5YC1VZC4LOZNXT
GEEKHEAT	GEEKHEAT	homedepot.com	HTTPS://WWW.HOMEDEPOT.COM/B/HEATING-VENTING-COOLING-HEATERS-SPACE-HEATERS/GEEK-HEAT/N-5YC1VZC4LHZNXT
GEEKHEAT	GEEKHEAT	homedepot.com	HTTPS://WWW.HOMEDEPOT.COM/B/HEATING-VENTING-COOLING-HEATERS/GEEK-HEAT/HEATING/N-5YC1VZC4L7ZNXTZ1Z0UN6A
GEEKHEAT	GEEKHEAT	homedepot.com	HTTPS://WWW.HOMEDEPOT.COM/B/HEATING-VENTING-COOLING-HEATERS-SPACE-HEATERS-ELECTRIC-HEATERS/GEEK-HEAT/HANDLE/N-5YC1VZC4LOZNXTZ1Z0OFEH
GEEKHEAT	GEEKHEAT	homedepot.com	HTTPS://WWW.HOMEDEPOT.COM/B/HEATING-VENTING-COOLING-HEATERS-SPACE-HEATERS-ELECTRIC-HEATERS-FAN-HEATERS/GEEK-HEAT/N-5YC1VZC8OCZNXT
GEEKHEAT	GEEKHEAT	homedepot.com	HTTPS://WWW.HOMEDEPOT.COM/B/HEATING-VENTING-COOLING-HEATERS/GEEK-HEAT/N-5YC1VZC4L7ZNXT
GEEKHEAT	GEEKHEAT	homedepot.com	HTTPS://WWW.HOMEDEPOT.COM/B/HEATING-VENTING-COOLING-HEATERS-SPACE-HEATERS/GEEK-HEAT/SMALL/N-5YC1VZC4LHZNXTZ1Z18PMI
GEEKHEAT	GEEKHEAT	homedepot.com	HTTPS://WWW.HOMEDEPOT.COM/B/HEATING-VENTING-COOLING-HEATERS-SPACE-HEATERS/GEEK-HEAT/COMPACT/N-5YC1VZC4LHZNXTZ1Z13948
GEEKSMART	GEEKSMART	homedepot.com	HTTPS://WWW.HOMEDEPOT.COM/B/HARDWARE-DOOR-HARDWARE-DOOR-LOCKS/GEEKSMART/N-5YC1VZC223ZXU8
GEEKSMART	GEEKSMART	homedepot.com	HTTPS://WWW.HOMEDEPOT.COM/B/HARDWARE-DOOR-HARDWARE-DOOR-LOCKS/GEEK-SMART/N-5YC1VZC223ZTCN
GEEKSMART	GEEKSMART	homedepot.com	HTTPS://WWW.HOMEDEPOT.COM/B/HARDWARE-DOOR-HARDWARE-DOOR-LOCKS-ELECTRONIC-DOOR-LOCKS/GEEKSMART/N-5YC1VZC2BDZXU8
GEEKSMART	GEEKSMART	homedepot.com	HTTPS://WWW.HOMEDEPOT.COM/B/GEEKSMART/BLACK/N-5YC1VZXU8Z1Z0O5XH
GEEKSMART	GEEKSMART	homedepot.com	HTTPS://WWW.HOMEDEPOT.COM/B/HARDWARE-DOOR-HARDWARE-DOOR-LOCKS-KEYLESS-DOOR-LOCKS-KEYLESS-DEADBOLTS/GEEKSMART/N-5YC1VZC29LZXU8
GEEKTALE	GEEKTALE	homedepot.com	HTTPS://WWW.HOMEDEPOT.COM/B/HARDWARE-DOOR-HARDWARE-DOOR-LOCKS/GEEKTALE/N-5YC1VZC223ZXTK
GEEKTALE	GEEKTALE	homedepot.com	HTTPS://WWW.HOMEDEPOT.COM/B/HARDWARE-DOOR-HARDWARE-DOOR-LOCKS-ELECTRONIC-DOOR-LOCKS/GEEKTALE/N-5YC1VZC2BDZXTK
GEENBRIGHTEN	GEENBRIGHTEN	homedepot.com	HTTPS://WWW.HOMEDEPOT.COM/B/GE-ENBRIGHTEN/N-5YC1VZOOM
GEENI	GEENI	homedepot.com	HTTPS://WWW.HOMEDEPOT.COM/B/SMART-HOME/GEENI/N-5YC1VZC1JWZH2B
GEENI	GEENI	homedepot.com	HTTPS://WWW.HOMEDEPOT.COM/B/GEENI/N-5YC1VZH2B
GEENI	GEENI	homedepot.com	HTTPS://WWW.HOMEDEPOT.COM/B/SMART-HOME-SMART-DEVICES/GEENI/N-5YC1VZ2FKP3E0ZH2B
GEFU	GEFU	homedepot.com	HTTPS://WWW.HOMEDEPOT.COM/B/KITCHEN-KITCHENWARE-KITCHEN-GADGETS-TOOLS/GEFU/N-5YC1VZC7GIZHJY
GELA	GELA	homedepot.com	HTTPS://WWW.HOMEDEPOT.COM/B/GELA/N-5YC1VZZWM
GELGLOSS	GELGLOSS	homedepot.com	HTTPS://WWW.HOMEDEPOT.COM/B/GEL-GLOSS/N-5YC1VZ3MB
GELPRO	GELPRO	homedepot.com	HTTPS://WWW.HOMEDEPOT.COM/B/GELPRO/N-5YC1VZ6M3
GELPRO	GELPRO	homedepot.com	HTTPS://WWW.HOMEDEPOT.COM/B/FLOORING-RUGS-MATS/GELPRO/N-5YC1VZC9A5Z6M3
GELUOXI	GELUOXI	homedepot.com	HTTPS://WWW.HOMEDEPOT.COM/B/GARAGE-AUTOMOTIVE-AUTO-PARTS/GELUOXI/N-5YC1VZC8SSZYX4
GEMMY	GEMMY	homedepot.com	HTTPS://WWW.HOMEDEPOT.COM/B/GEMMY/N-5YC1VZ3G2
GEMONOGRAM	GEMONOGRAM	homedepot.com	HTTPS://WWW.HOMEDEPOT.COM/B/GE-MONOGRAM/N-5YC1VZ9BR
GENERAC	GENERAC	homedepot.com	HTTPS://WWW.HOMEDEPOT.COM/B/OUTDOORS-OUTDOOR-POWER-EQUIPMENT-GENERATORS/GENERAC/N-5YC1VZBX8LZ4PH
GENERAC	GENERAC	homedepot.com	HTTPS://WWW.HOMEDEPOT.COM/B/OUTDOORS-OUTDOOR-POWER-EQUIPMENT-GENERATORS-HOUSE-GENERATORS/GENERAC/N-5YC1VZBX9SZ4PH
GENERALFILTER	GENERALFILTER	homedepot.com	HTTPS://WWW.HOMEDEPOT.COM/B/GENERAL-FILTER/N-5YC1VZSM9
GENERALFILTERS	GENERALFILTERS	homedepot.com	HTTPS://WWW.HOMEDEPOT.COM/B/GENERAL-FILTERS/N-5YC1VZN2E
GENERALFILTERS	GENERALFILTERS	homedepot.com	HTTPS://WWW.HOMEDEPOT.COM/B/HEATING-VENTING-COOLING-AIR-FILTERS/GENERAL-FILTERS/N-5YC1VZC4KWZN2E
GENERALFINISHES	GENERALFINISHES	homedepot.com	HTTPS://WWW.HOMEDEPOT.COM/B/GENERAL-FINISHES/N-5YC1VZM8R
GENERALFINISHES	GENERALFINISHES	homedepot.com	HTTPS://WWW.HOMEDEPOT.COM/B/PAINT-INTERIOR-WOOD-STAINS/GENERAL-FINISHES/GEL/N-5YC1VZBO8PZM8RZ1Z0W0LO
GENERALFINISHES	GENERALFINISHES	homedepot.com	HTTPS://WWW.HOMEDEPOT.COM/B/PAINT-INTERIOR-WOOD-STAINS/GENERAL-FINISHES/N-5YC1VZBO8PZM8R
GENERALINTERNATIONAL	GENERALINTERNATIONAL	homedepot.com	HTTPS://WWW.HOMEDEPOT.COM/B/TOOLS-POWER-TOOLS/GENERAL-INTERNATIONAL/N-5YC1VZC298ZBWR
GENERALINTERNATIONAL	GENERALINTERNATIONAL	homedepot.com	HTTPS://WWW.HOMEDEPOT.COM/B/TOOLS-WOODWORKING-TOOLS-DRILL-PRESSES/GENERAL-INTERNATIONAL/N-5YC1VZC2DJZBWR
GENERALPIPECLEANERS	GENERALPIPECLEANERS	homedepot.com	HTTPS://WWW.HOMEDEPOT.COM/B/GENERAL-PIPE-CLEANERS/N-5YC1VZMVS
GENERALPIPECLEANERS	GENERALPIPECLEANERS	homedepot.com	HTTPS://WWW.HOMEDEPOT.COM/B/PLUMBING-PLUMBING-TOOLS-DRAIN-CLEANING-TOOLS/GENERAL-PIPE-CLEANERS/N-5YC1VZBQNCZMVS
GENERALPIPECLEANERS	GENERALPIPECLEANERS	homedepot.com	HTTPS://WWW.HOMEDEPOT.COM/B/PLUMBING/GENERAL-PIPE-CLEANERS/N-5YC1VZBQEWZMVS
GENERALPIPECLEANERS	GENERALPIPECLEANERS	homedepot.com	HTTPS://WWW.HOMEDEPOT.COM/B/PLUMBING-PLUMBING-TOOLS-DRAIN-CLEANING-TOOLS-DRAIN-CLEANING-ACCESSORIES/GENERAL-PIPE-CLEANERS/N-5YC1VZ2FKOWHSZMVS
GENERALPIPECLEANERS	GENERALPIPECLEANERS	homedepot.com	HTTPS://WWW.HOMEDEPOT.COM/B/PLUMBING-PLUMBING-TOOLS-DRAIN-CLEANING-TOOLS-DRAIN-SNAKES/GENERAL-PIPE-CLEANERS/N-5YC1VZBQOEZMVS
GENERALSUPPLY	GENERALSUPPLY	homedepot.com	HTTPS://WWW.HOMEDEPOT.COM/B/GENERAL-SUPPLY/N-5YC1VZE8R
GENERALTOOLS	GENERALTOOLS	homedepot.com	HTTPS://WWW.HOMEDEPOT.COM/B/TOOLS/GENERAL-TOOLS/N-5YC1VZC1XYZ404
GENERALTOOLS	GENERALTOOLS	homedepot.com	HTTPS://WWW.HOMEDEPOT.COM/B/TOOLS-HAND-TOOLS/GENERAL-TOOLS/N-5YC1VZC1ZGZ404
GENERALTOOLS	GENERALTOOLS	homedepot.com	HTTPS://WWW.HOMEDEPOT.COM/B/GENERAL-TOOLS/N-5YC1VZ404
GENERATIONLIGHTING	GENERATIONLIGHTING	homedepot.com	HTTPS://WWW.HOMEDEPOT.COM/B/LIGHTING/GENERATION-LIGHTING/N-5YC1VZBVN5ZXRJ
GENERATIONLIGHTING	GENERATIONLIGHTING	homedepot.com	HTTPS://WWW.HOMEDEPOT.COM/B/GENERATION-LIGHTING/N-5YC1VZXRJ
GENERATIONLIGHTING	GENERATIONLIGHTING	homedepot.com	HTTPS://WWW.HOMEDEPOT.COM/B/LIGHTING-CEILING-FANS/GENERATION-LIGHTING/N-5YC1VZBVLQZXRJ
GENERATIONLIGHTING	GENERATIONLIGHTING	homedepot.com	HTTPS://WWW.HOMEDEPOT.COM/B/LIGHTING-CHANDELIERS/GENERATION-LIGHTING/N-5YC1VZC7O0ZXRJ
GENERICUNBRANDED	GENERICUNBRANDED	homedepot.com	HTTPS://WWW.HOMEDEPOT.COM/B/GENERIC-UNBRANDED/N-5YC1VZMEA
GENEVAHOMEFASHION	GENEVAHOMEFASHION	homedepot.com	HTTPS://WWW.HOMEDEPOT.COM/B/GENEVA-HOME-FASHION/N-5YC1VZNQB
GENEVAHOMEFASHION	GENEVAHOMEFASHION	homedepot.com	HTTPS://WWW.HOMEDEPOT.COM/B/HOME-DECOR-BEDDING-COMFORTERS/GENEVA-HOME-FASHION/N-5YC1VZC1JZZNQB
GENEVAHOMEFASHION	GENEVAHOMEFASHION	homedepot.com	HTTPS://WWW.HOMEDEPOT.COM/B/GENEVA-HOME-FASHION/N-5YC1VZNQBZBWO5O
GENEVAHOMEFASHION	GENEVAHOMEFASHION	homedepot.com	HTTPS://WWW.HOMEDEPOT.COM/B/HOME-DECOR-BEDDING/GENEVA-HOME-FASHION/N-5YC1VZCI04ZNQB
GENEVAHOMEFASHION	GENEVAHOMEFASHION	homedepot.com	HTTPS://WWW.HOMEDEPOT.COM/B/HOME-DECOR-BEDDING-QUILTS-COVERLETS/GENEVA-HOME-FASHION/N-5YC1VZC1JYZNQB
GENEVAHOMEFASHION	GENEVAHOMEFASHION	homedepot.com	HTTPS://WWW.HOMEDEPOT.COM/B/HOME-DECOR-BEDDING-BEDDING-SETS/GENEVA-HOME-FASHION/N-5YC1VZ2FKOR2VZNQB
GENMAX	GENMAX	homedepot.com	HTTPS://WWW.HOMEDEPOT.COM/B/OUTDOORS-OUTDOOR-POWER-EQUIPMENT-GENERATORS/GENMAX/N-5YC1VZBX8LZUO7
GENMAX	GENMAX	homedepot.com	HTTPS://WWW.HOMEDEPOT.COM/B/OUTDOORS-OUTDOOR-POWER-EQUIPMENT-GENERATORS-PORTABLE-INVERTER-GENERATORS-INVERTER-GENERATORS/GENMAX/N-5YC1VZCBPXZUO7
GENMAX	GENMAX	homedepot.com	HTTPS://WWW.HOMEDEPOT.COM/B/GENMAX/N-5YC1VZUO7
GENOVAPRODUCTS	GENOVAPRODUCTS	homedepot.com	HTTPS://WWW.HOMEDEPOT.COM/B/GENOVA-PRODUCTS/N-5YC1VZA1O
GENOVAPRODUCTS	GENOVAPRODUCTS	homedepot.com	HTTPS://WWW.HOMEDEPOT.COM/B/PLUMBING-PIPE-FITTINGS-PIPE/GENOVA-PRODUCTS/N-5YC1VZ1Z18I34ZA1O
GENOVAPRODUCTS	GENOVAPRODUCTS	homedepot.com	HTTPS://WWW.HOMEDEPOT.COM/B/PLUMBING-PIPE-FITTINGS/GENOVA-PRODUCTS/N-5YC1VZBQPFZA1O
GENTAP	GENTAP	homedepot.com	HTTPS://WWW.HOMEDEPOT.COM/B/SPORTS-OUTDOORS-TAILGATING-GEAR-COOLERS/GENTAP/N-5YC1VZCBWFZMF5
GENTAP	GENTAP	homedepot.com	HTTPS://WWW.HOMEDEPOT.COM/B/GENTAP/N-5YC1VZMF5
GENTAP	GENTAP	homedepot.com	HTTPS://WWW.HOMEDEPOT.COM/B/GENTAP/96/N-5YC1VZMF5Z1Z0TQ8O
GENTAP	GENTAP	homedepot.com	HTTPS://WWW.HOMEDEPOT.COM/B/LUMBER-COMPOSITES-FENCING-GATES/GENTAP/N-5YC1VZBRK7ZMF5
GENTAP	GENTAP	homedepot.com	HTTPS://WWW.HOMEDEPOT.COM/B/AUTOMOTIVE-MECHANICS-TOOLS/GENTAP/N-5YC1VZCLB1ZMF5
GENTENT	GENTENT	homedepot.com	HTTPS://WWW.HOMEDEPOT.COM/B/GENTENT/N-5YC1VZMS0
GENTENT	GENTENT	homedepot.com	HTTPS://WWW.HOMEDEPOT.COM/B/OUTDOORS-OUTDOOR-POWER-EQUIPMENT-OUTDOOR-POWER-EQUIPMENT-PARTS-GENERATOR-PARTS/GENTENT/N-5YC1VZ2FKPC3BZMS0
GENTEX	GENTEX	homedepot.com	HTTPS://WWW.HOMEDEPOT.COM/B/ELECTRICAL-FIRE-SAFETY-SMOKE-DETECTORS/GENTEX/N-5YC1VZBMH8Z8ZE
GENTEX	GENTEX	homedepot.com	HTTPS://WWW.HOMEDEPOT.COM/B/GENTEX/N-5YC1VZ8ZE
GENUINEJOE	GENUINEJOE	homedepot.com	HTTPS://WWW.HOMEDEPOT.COM/B/GENUINE-JOE/N-5YC1VZECI
GEOCEL	GEOCEL	homedepot.com	HTTPS://WWW.HOMEDEPOT.COM/B/GEOCEL/N-5YC1VZR77
GEOCEL	GEOCEL	homedepot.com	HTTPS://WWW.HOMEDEPOT.COM/B/GARAGE-AUTOMOTIVE-RV-SUPPLIES/GEOCEL/N-5YC1VZCLREZR77
GEOCRAFTS	GEOCRAFTS	homedepot.com	HTTPS://WWW.HOMEDEPOT.COM/B/FLOORING-RUGS-MATS/GEO-CRAFTS/N-5YC1VZC9A5ZR8C
GEOCRAFTS	GEOCRAFTS	homedepot.com	HTTPS://WWW.HOMEDEPOT.COM/B/FLOORING-RUGS/GEO-CRAFTS/N-5YC1VZARFMZ10TS
GEOFFREYBEENE	GEOFFREYBEENE	homedepot.com	HTTPS://WWW.HOMEDEPOT.COM/B/HOME-DECOR-LUGGAGE/GEOFFREY-BEENE/N-5YC1VZC419ZP2A
GEORGEFOREMAN	GEORGEFOREMAN	homedepot.com	HTTPS://WWW.HOMEDEPOT.COM/B/GEORGE-FOREMAN/N-5YC1VZ20K
GEORGEKOVACS	GEORGEKOVACS	homedepot.com	HTTPS://WWW.HOMEDEPOT.COM/B/LIGHTING/GEORGE-KOVACS/N-5YC1VZBVN5Z5T0
GEORGIABOOT	GEORGIABOOT	homedepot.com	HTTPS://WWW.HOMEDEPOT.COM/B/WORKWEAR-FOOTWEAR/GEORGIA-BOOT/N-5YC1VZCL34ZQO0
GEORGIAPACIFIC	GEORGIAPACIFIC	homedepot.com	HTTPS://WWW.HOMEDEPOT.COM/B/GEORGIA-PACIFIC/N-5YC1VZ780
GEPROFILE	GEPROFILE	homedepot.com	HTTPS://WWW.HOMEDEPOT.COM/B/APPLIANCES/GE-PROFILE/N-5YC1VZBV1WZ1Z1YO17
GERATHERM	GERATHERM	homedepot.com	HTTPS://WWW.HOMEDEPOT.COM/B/HEALTH-AND-WELLNESS-PERSONAL-CARE/GERATHERM/N-5YC1VZCFVGZGRF
GERBERLEGENDARYBLADES	GERBERLEGENDARYBLADES	homedepot.com	HTTPS://WWW.HOMEDEPOT.COM/B/TOOLS-HAND-TOOLS/GERBER-LEGENDARY-BLADES/N-5YC1VZC1ZGZHIN
GERBERLEGENDARYBLADES	GERBERLEGENDARYBLADES	homedepot.com	HTTPS://WWW.HOMEDEPOT.COM/B/TOOLS/GERBER-LEGENDARY-BLADES/N-5YC1VZC1XYZHIN
GERBERLEGENDARYBLADES	GERBERLEGENDARYBLADES	homedepot.com	HTTPS://WWW.HOMEDEPOT.COM/B/GERBER-LEGENDARY-BLADES/N-5YC1VZHIN
GEREEN	GEREEN	homedepot.com	HTTPS://WWW.HOMEDEPOT.COM/B/HOME-DECOR-WALLPAPER-WALLPAPER-ROLLS/GEREEN/N-5YC1VZ2FKOWKWZ1Z1VS8W
GEREVEAL	GEREVEAL	homedepot.com	HTTPS://WWW.HOMEDEPOT.COM/B/LIGHTING-LIGHT-BULBS-LED-LIGHT-BULBS/GE-REVEAL/N-5YC1VZBM79ZCIM
GERMGUARDIAN	GERMGUARDIAN	homedepot.com	HTTPS://WWW.HOMEDEPOT.COM/B/GERMGUARDIAN/N-5YC1VZFRJ
GERMGUARDIAN	GERMGUARDIAN	homedepot.com	HTTPS://WWW.HOMEDEPOT.COM/B/HEATING-VENTING-COOLING-AIR-PURIFIERS/GERMGUARDIAN/N-5YC1VZC4M5ZFRJ
GERSONINTERNATIONAL	GERSONINTERNATIONAL	homedepot.com	HTTPS://WWW.HOMEDEPOT.COM/B/GERSON-INTERNATIONAL/N-5YC1VZUA8
GERSONINTERNATIONAL	GERSONINTERNATIONAL	homedepot.com	HTTPS://WWW.HOMEDEPOT.COM/B/HOLIDAY-DECORATIONS-CHRISTMAS-DECORATIONS/GERSON-INTERNATIONAL/N-5YC1VZCGXOZUA8
GERSONINTERNATIONAL	GERSONINTERNATIONAL	homedepot.com	HTTPS://WWW.HOMEDEPOT.COM/B/OUTDOORS-GARDEN-CENTER-OUTDOOR-DECOR-GARDEN-DECOR/GERSON-INTERNATIONAL/N-5YC1VZCAZFZUA8
GERSONINTERNATIONAL	GERSONINTERNATIONAL	homedepot.com	HTTPS://WWW.HOMEDEPOT.COM/B/HOME-DECOR-ARTIFICIAL-PLANTS/GERSON-INTERNATIONAL/N-5YC1VZBPDGZUA8
GETLEDEL	GETLEDEL	homedepot.com	HTTPS://WWW.HOMEDEPOT.COM/B/BATH-BATHROOM-MIRRORS/GETLEDEL/N-5YC1VZBZBOZVBX
GETLEDEL	GETLEDEL	homedepot.com	HTTPS://WWW.HOMEDEPOT.COM/B/GETLEDEL/N-5YC1VZVBX
GETLEDEL	GETLEDEL	homedepot.com	HTTPS://WWW.HOMEDEPOT.COM/B/BATH-BATHROOM-MIRRORS/GETLEDEL/WALL/N-5YC1VZBZBOZVBXZ1Z0LG1V
GETLEDEL	GETLEDEL	homedepot.com	HTTPS://WWW.HOMEDEPOT.COM/B/BATH-BATHROOM-MIRRORS-VANITY-MIRRORS/GETLEDEL/N-5YC1VZBZASZVBX
GETPRO	GETPRO	homedepot.com	HTTPS://WWW.HOMEDEPOT.COM/B/GETPRO/N-5YC1VZV31
GETPRO	GETPRO	homedepot.com	HTTPS://WWW.HOMEDEPOT.COM/B/BATH-BATHTUBS/GETPRO/N-5YC1VZBZB7ZV31
GETPRO	GETPRO	homedepot.com	HTTPS://WWW.HOMEDEPOT.COM/B/BATH-BATHROOM-VANITIES/GETPRO/N-5YC1VZCFV3ZV31
GETPRO	GETPRO	homedepot.com	HTTPS://WWW.HOMEDEPOT.COM/B/BATH-BATHROOM-ACCESSORIES-BATHROOM-HARDWARE/GETPRO/N-5YC1VZCFV8ZV31
GETPRO	GETPRO	homedepot.com	HTTPS://WWW.HOMEDEPOT.COM/B/BATH-BATHTUBS-FREESTANDING-TUBS/GETPRO/N-5YC1VZBZ9DZV31
GETPRO	GETPRO	homedepot.com	HTTPS://WWW.HOMEDEPOT.COM/B/BATH-BATHTUBS-BATHTUB-DOORS/GETPRO/N-5YC1VZBZAWZV31
GFCI	GFCI	homedepot.com	HTTPS://WWW.HOMEDEPOT.COM/B/ELECTRICAL-WIRING-DEVICES-LIGHT-CONTROLS-ELECTRICAL-OUTLETS-RECEPTACLES/GFCI/N-5YC1VZC33AZ1Z17VH7
GFGARDEN	GFGARDEN	homedepot.com	HTTPS://WWW.HOMEDEPOT.COM/B/OUTDOORS-GARDEN-CENTER-WATERING-IRRIGATION/GF-GARDEN/N-5YC1VZBX5OZOXH
GFGARDEN	GFGARDEN	homedepot.com	HTTPS://WWW.HOMEDEPOT.COM/B/GF-GARDEN/N-5YC1VZOXH
GFGARDEN	GFGARDEN	homedepot.com	HTTPS://WWW.HOMEDEPOT.COM/B/OUTDOORS-GARDEN-CENTER/GF-GARDEN/N-5YC1VZBX6KZOXH
GGBAILEY	GGBAILEY	homedepot.com	HTTPS://WWW.HOMEDEPOT.COM/B/GGBAILEY/N-5YC1VZO7R
GGBAILEY	GGBAILEY	homedepot.com	HTTPS://WWW.HOMEDEPOT.COM/B/GARAGE-AUTOMOTIVE-AUTO-PARTS/GGBAILEY/N-5YC1VZC8SSZO7R
GGBAILEY	GGBAILEY	homedepot.com	HTTPS://WWW.HOMEDEPOT.COM/B/GARAGE-AUTOMOTIVE-INTERIOR-CAR-ACCESSORIES-FLOOR-MATS/GGBAILEY/N-5YC1VZCLCEZO7R
GGCOLLECTION	GGCOLLECTION	homedepot.com	HTTPS://WWW.HOMEDEPOT.COM/B/GG-COLLECTION/N-5YC1VZTFX
GGCOLLECTION	GGCOLLECTION	homedepot.com	HTTPS://WWW.HOMEDEPOT.COM/B/KITCHEN-TABLEWARE-BAR-SERVEWARE/GG-COLLECTION/N-5YC1VZCEZ8ZTFX
GHOSTBED	GHOSTBED	homedepot.com	HTTPS://WWW.HOMEDEPOT.COM/B/GHOSTBED/N-5YC1VZSU5
GHOSTCONTROLS	GHOSTCONTROLS	homedepot.com	HTTPS://WWW.HOMEDEPOT.COM/B/GHOST-CONTROLS/N-5YC1VZGJ2
GHOSTCONTROLS	GHOSTCONTROLS	homedepot.com	HTTPS://WWW.HOMEDEPOT.COM/B/LUMBER-COMPOSITES-FENCING-GATES-GATES-GATE-OPENERS/GHOST-CONTROLS/N-5YC1VZBU77ZGJ2
GHOSTCONTROLS	GHOSTCONTROLS	homedepot.com	HTTPS://WWW.HOMEDEPOT.COM/B/LUMBER-COMPOSITES-FENCING-GATES-GATES-GATE-OPENERS-GATE-OPENER-ACCESSORIES/GHOST-CONTROLS/N-5YC1VZBUGWZGJ2
GHOSTCONTROLS	GHOSTCONTROLS	homedepot.com	HTTPS://WWW.HOMEDEPOT.COM/B/LUMBER-COMPOSITES-FENCING-GATES-GATES-GATE-OPENERS-GATE-OPENER-REMOTES/GHOST-CONTROLS/N-5YC1VZBU7EZGJ2
GHOSTEK	GHOSTEK	homedepot.com	HTTPS://WWW.HOMEDEPOT.COM/B/GHOSTEK/N-5YC1VZGVF
GHQME	GHQME	homedepot.com	HTTPS://WWW.HOMEDEPOT.COM/B/GHQME/N-5YC1VZXQR
GHQME	GHQME	homedepot.com	HTTPS://WWW.HOMEDEPOT.COM/B/STORAGE-ORGANIZATION-GARAGE-STORAGE-GARAGE-SHELVING-GARAGE-STORAGE-SHELVES/GHQME/N-5YC1VZCCYMZXQR
GIAGNI	GIAGNI	homedepot.com	HTTPS://WWW.HOMEDEPOT.COM/B/KITCHEN-KITCHEN-FAUCETS-PULL-OUT-KITCHEN-FAUCETS/GIAGNI/N-5YC1VZBU43Z4KV
GIAGNI	GIAGNI	homedepot.com	HTTPS://WWW.HOMEDEPOT.COM/B/GIAGNI/N-5YC1VZ4KV
GIANI	GIANI	homedepot.com	HTTPS://WWW.HOMEDEPOT.COM/B/PAINT-INTERIOR-PAINT-COUNTERTOP-PAINT/GIANI/N-5YC1VZC61SZO3T
GIANI	GIANI	homedepot.com	HTTPS://WWW.HOMEDEPOT.COM/B/GIANI/N-5YC1VZO3T
GIANI	GIANI	homedepot.com	HTTPS://WWW.HOMEDEPOT.COM/B/PAINT/GIANI/N-5YC1VZAR2DZO3T
GIANIGRANITE	GIANIGRANITE	homedepot.com	HTTPS://WWW.HOMEDEPOT.COM/B/GIANI-GRANITE/N-5YC1VZCYA
GIBRALTARBUILDINGPRODUCTS	GIBRALTARBUILDINGPRODUCTS	homedepot.com	HTTPS://WWW.HOMEDEPOT.COM/B/BUILDING-MATERIALS-ROOFING/GIBRALTAR-BUILDING-PRODUCTS/N-5YC1VZAQ7MZ6H7
GIBRALTARBUILDINGPRODUCTS	GIBRALTARBUILDINGPRODUCTS	homedepot.com	HTTPS://WWW.HOMEDEPOT.COM/B/GIBRALTAR-BUILDING-PRODUCTS/N-5YC1VZ6H7
GIBRALTARBUILDINGPRODUCTS	GIBRALTARBUILDINGPRODUCTS	homedepot.com	HTTPS://WWW.HOMEDEPOT.COM/B/BUILDING-MATERIALS-ROOFING-ROOF-PANELS-METAL-ROOFING/GIBRALTAR-BUILDING-PRODUCTS/N-5YC1VZAPWHZ6H7
GIBRALTARBUILDINGPRODUCTS	GIBRALTARBUILDINGPRODUCTS	homedepot.com	HTTPS://WWW.HOMEDEPOT.COM/B/BUILDING-MATERIALS/GIBRALTAR-BUILDING-PRODUCTS/N-5YC1VZAQNSZ6H7
GIBRALTARBUILDINGPRODUCTS	GIBRALTARBUILDINGPRODUCTS	homedepot.com	HTTPS://WWW.HOMEDEPOT.COM/B/BUILDING-MATERIALS-GUTTER-SYSTEMS/GIBRALTAR-BUILDING-PRODUCTS/N-5YC1VZARDXZ6H7
GIBRALTARBUILDINGPRODUCTS	GIBRALTARBUILDINGPRODUCTS	homedepot.com	HTTPS://WWW.HOMEDEPOT.COM/B/GIBRALTAR-BUILDING-PRODUCTS/10/N-5YC1VZ6H7Z1Z0SDG9
GIBRALTARBUILDINGPRODUCTS	GIBRALTARBUILDINGPRODUCTS	homedepot.com	HTTPS://WWW.HOMEDEPOT.COM/B/BUILDING-MATERIALS-SIDING/GIBRALTAR-BUILDING-PRODUCTS/N-5YC1VZARIPZ6H7
GIBRALTARBUILDINGPRODUCTS	GIBRALTARBUILDINGPRODUCTS	homedepot.com	HTTPS://WWW.HOMEDEPOT.COM/B/GIBRALTAR-BUILDING-PRODUCTS/GALVANIZED-STEEL/N-5YC1VZ6H7Z1Z0UGNQ
GIBRALTARBUILDINGPRODUCTS	GIBRALTARBUILDINGPRODUCTS	homedepot.com	HTTPS://WWW.HOMEDEPOT.COM/B/BUILDING-MATERIALS-DRYWALL/GIBRALTAR-BUILDING-PRODUCTS/N-5YC1VZAR3DZ6H7
GIBRALTARBUILDINGPRODUCTS	GIBRALTARBUILDINGPRODUCTS	homedepot.com	HTTPS://WWW.HOMEDEPOT.COM/B/GIBRALTAR-BUILDING-PRODUCTS/BLACK-WHITE/N-5YC1VZ6H7Z1Z13HN4
GIBRALTARBUILDINGPRODUCTS	GIBRALTARBUILDINGPRODUCTS	homedepot.com	HTTPS://WWW.HOMEDEPOT.COM/B/BUILDING-MATERIALS-ROOFING-ROOF-FLASHING-VENT-PIPE-FLASHING/GIBRALTAR-BUILDING-PRODUCTS/N-5YC1VZCB05Z6H7
GIBRALTARMAILBOXES	GIBRALTARMAILBOXES	homedepot.com	HTTPS://WWW.HOMEDEPOT.COM/B/HARDWARE-MAILBOXES/GIBRALTAR-MAILBOXES/N-5YC1VZC8F5Z7ZS
GIBRALTARMAILBOXES	GIBRALTARMAILBOXES	homedepot.com	HTTPS://WWW.HOMEDEPOT.COM/B/GIBRALTAR-MAILBOXES/N-5YC1VZ7ZS
GIBRALTARMAILBOXES	GIBRALTARMAILBOXES	homedepot.com	HTTPS://WWW.HOMEDEPOT.COM/B/HARDWARE-MAILBOXES-RESIDENTIAL-MAILBOXES/GIBRALTAR-MAILBOXES/N-5YC1VZC8G5Z7ZS
GIBRALTARMAILBOXES	GIBRALTARMAILBOXES	homedepot.com	HTTPS://WWW.HOMEDEPOT.COM/B/HARDWARE-MAILBOXES-MAILBOX-POSTS-STANDS/GIBRALTAR-MAILBOXES/N-5YC1VZC8EWZ7ZS
GIBSONCUISINE	GIBSONCUISINE	homedepot.com	HTTPS://WWW.HOMEDEPOT.COM/B/GIBSON-CUISINE/N-5YC1VZO27
GIBSONCUISINE	GIBSONCUISINE	homedepot.com	HTTPS://WWW.HOMEDEPOT.COM/B/GIBSON-CUISINE/FRYING-PANS/N-5YC1VZO27Z1Z0UMFX
GIBSONELITE	GIBSONELITE	homedepot.com	HTTPS://WWW.HOMEDEPOT.COM/B/KITCHEN-TABLEWARE-BAR-DINNERWARE-DINNERWARE-SETS/GIBSON-ELITE/N-5YC1VZCEXAZH36
GIBSONELITE	GIBSONELITE	homedepot.com	HTTPS://WWW.HOMEDEPOT.COM/B/GIBSON-ELITE/N-5YC1VZH7S
GIBSONEVERYDAY	GIBSONEVERYDAY	homedepot.com	HTTPS://WWW.HOMEDEPOT.COM/B/GIBSON-EVERYDAY/N-5YC1VZH92
GIBSONEVERYDAY	GIBSONEVERYDAY	homedepot.com	HTTPS://WWW.HOMEDEPOT.COM/B/GIBSON-EVERYDAY/SET-FOR-4/N-5YC1VZH92Z1Z1B6EV
GIBSONEVERYDAY	GIBSONEVERYDAY	homedepot.com	HTTPS://WWW.HOMEDEPOT.COM/B/KITCHEN-KITCHENWARE-COOKWARE/GIBSON-EVERYDAY/N-5YC1VZC7G9ZH92
GIBSONHOME	GIBSONHOME	homedepot.com	HTTPS://WWW.HOMEDEPOT.COM/B/GIBSON-HOME/N-5YC1VZH3C
GIBSONHOME	GIBSONHOME	homedepot.com	HTTPS://WWW.HOMEDEPOT.COM/B/KITCHEN/GIBSON-HOME/N-5YC1VZAR4IZH3C
GIBSONULTRA	GIBSONULTRA	homedepot.com	HTTPS://WWW.HOMEDEPOT.COM/B/KITCHEN/GIBSON-ULTRA/N-5YC1VZAR4IZRB0
GIGALUMI	GIGALUMI	homedepot.com	HTTPS://WWW.HOMEDEPOT.COM/B/LIGHTING-OUTDOOR-LIGHTING-LANDSCAPE-LIGHTING/GIGALUMI/N-5YC1VZC7Q6ZSPP
GIGALUMI	GIGALUMI	homedepot.com	HTTPS://WWW.HOMEDEPOT.COM/B/GIGALUMI/N-5YC1VZSPP
GIGATENT	GIGATENT	homedepot.com	HTTPS://WWW.HOMEDEPOT.COM/B/GIGATENT/N-5YC1VZEN8
GIGATENT	GIGATENT	homedepot.com	HTTPS://WWW.HOMEDEPOT.COM/B/SPORTS-OUTDOORS-CAMPING-GEAR-TENTS-CAMPING-TENTS/GIGATENT/N-5YC1VZC45RZEN8
GIGATENT	GIGATENT	homedepot.com	HTTPS://WWW.HOMEDEPOT.COM/B/SPORTS-OUTDOORS-TAILGATING-GEAR-POP-UP-TENTS/GIGATENT/N-5YC1VZCBY0ZEN8
GIGATENT	GIGATENT	homedepot.com	HTTPS://WWW.HOMEDEPOT.COM/B/SPORTS-OUTDOORS-CAMPING-GEAR-TENTS/GIGATENT/N-5YC1VZC417ZEN8
GILATI	GILATI	homedepot.com	HTTPS://WWW.HOMEDEPOT.COM/B/GILATI/N-5YC1VZZ79
GILATI	GILATI	homedepot.com	HTTPS://WWW.HOMEDEPOT.COM/B/APPLIANCES-ICE-MAKERS/GILATI/N-5YC1VZ2FKOUR0ZZ79
GILATI	GILATI	homedepot.com	HTTPS://WWW.HOMEDEPOT.COM/B/APPLIANCES-BEVERAGE-COOLERS-BEVERAGE-REFRIGERATORS/GILATI/N-5YC1VZC4FGZZ79
GILATI	GILATI	homedepot.com	HTTPS://WWW.HOMEDEPOT.COM/B/SPORTS-OUTDOORS-TAILGATING-GEAR-COOLERS/GILATI/N-5YC1VZCBWFZZ79
GILBERTBENNETT	GILBERTBENNETT	homedepot.com	HTTPS://WWW.HOMEDEPOT.COM/B/GILBERT-BENNETT/N-5YC1VZ8O2
GILBERTBENNETT	GILBERTBENNETT	homedepot.com	HTTPS://WWW.HOMEDEPOT.COM/B/OUTDOORS-GARDEN-CENTER-GARDEN-FENCING/GILBERT-BENNETT/N-5YC1VZBX6JZ8O2
GILBERTBENNETT	GILBERTBENNETT	homedepot.com	HTTPS://WWW.HOMEDEPOT.COM/B/OUTDOORS-GARDEN-CENTER-PLANTERS-PLANT-STANDS/GILBERT-BENNETT/N-5YC1VZBX7ZZ8O2
GILBERTBENNETT	GILBERTBENNETT	homedepot.com	HTTPS://WWW.HOMEDEPOT.COM/B/OUTDOORS-GARDEN-CENTER-PLANT-SUPPORT/GILBERT-BENNETT/N-5YC1VZBX6IZ8O2
GILBERTBENNETT	GILBERTBENNETT	homedepot.com	HTTPS://WWW.HOMEDEPOT.COM/B/GILBERT-BENNETT/CAST-IRON/N-5YC1VZ8O2Z1Z0UB2T
GILBERTBENNETT	GILBERTBENNETT	homedepot.com	HTTPS://WWW.HOMEDEPOT.COM/B/OUTDOORS-GARDEN-CENTER-PLANTERS-WINDOW-BOXES/GILBERT-BENNETT/N-5YC1VZBX4RZ8O2
GILBERTBENNETT	GILBERTBENNETT	homedepot.com	HTTPS://WWW.HOMEDEPOT.COM/B/OUTDOORS-GARDEN-CENTER-PLANTERS-PLANT-POTS/GILBERT-BENNETT/N-5YC1VZBX87Z8O2
GILBERTBENNETT	GILBERTBENNETT	homedepot.com	HTTPS://WWW.HOMEDEPOT.COM/B/OUTDOORS-OUTDOOR-HEATING-FIRE-PITS/GILBERT-BENNETT/N-5YC1VZC6NAZ8O2
GILBERTBENNETT	GILBERTBENNETT	homedepot.com	HTTPS://WWW.HOMEDEPOT.COM/B/OUTDOORS-OUTDOOR-HEATING-FIRE-PITS/GILBERT-BENNETT/WOOD/N-5YC1VZC6NAZ8O2Z1Z110S6
GILESKENDALL	GILESKENDALL	homedepot.com	HTTPS://WWW.HOMEDEPOT.COM/B/GILES-KENDALL/N-5YC1VZBTU
GILMOUR	GILMOUR	homedepot.com	HTTPS://WWW.HOMEDEPOT.COM/B/OUTDOORS-GARDEN-CENTER-WATERING-IRRIGATION-WATERING-ESSENTIALS-GARDEN-HOSES/GILMOUR/N-5YC1VZBX4EZ5GX
GILMOUR	GILMOUR	homedepot.com	HTTPS://WWW.HOMEDEPOT.COM/B/OUTDOORS-GARDEN-CENTER-WATERING-IRRIGATION/GILMOUR/N-5YC1VZBX5OZ5GX
GINODEVELOPMENT	GINODEVELOPMENT	homedepot.com	HTTPS://WWW.HOMEDEPOT.COM/B/TOOLS-HAND-TOOLS/GINO-DEVELOPMENT/N-5YC1VZC1ZGZOGE
GINODEVELOPMENT	GINODEVELOPMENT	homedepot.com	HTTPS://WWW.HOMEDEPOT.COM/B/TOOLS-HAND-TOOLS-CUTTING-TOOLS/GINO-DEVELOPMENT/N-5YC1VZC21JZOGE
GINODEVELOPMENT	GINODEVELOPMENT	homedepot.com	HTTPS://WWW.HOMEDEPOT.COM/B/TOOLS-HAND-TOOLS-MEASURING-TOOLS/GINO-DEVELOPMENT/N-5YC1VZC24NZOGE
GINODEVELOPMENT	GINODEVELOPMENT	homedepot.com	HTTPS://WWW.HOMEDEPOT.COM/B/GINO-DEVELOPMENT/STEEL/N-5YC1VZOGEZ1Z0Z9PE
GINODEVELOPMENT	GINODEVELOPMENT	homedepot.com	HTTPS://WWW.HOMEDEPOT.COM/B/GARAGE-AUTOMOTIVE/GINO-DEVELOPMENT/N-5YC1VZC8O1ZOGE
GINODEVELOPMENT	GINODEVELOPMENT	homedepot.com	HTTPS://WWW.HOMEDEPOT.COM/B/TOOLS-HAND-TOOLS-SPECIALTY-HAND-TOOLS/GINO-DEVELOPMENT/N-5YC1VZC1ZIZOGE
GINSEY	GINSEY	homedepot.com	HTTPS://WWW.HOMEDEPOT.COM/B/GINSEY/N-5YC1VZGXL
GINSEY	GINSEY	homedepot.com	HTTPS://WWW.HOMEDEPOT.COM/B/BATH-TOILETS-TOILET-SEATS/GINSEY/N-5YC1VZCEQ5ZGXL
GINSEY	GINSEY	homedepot.com	HTTPS://WWW.HOMEDEPOT.COM/B/BATH/GINSEY/N-5YC1VZBZB3ZGXL
GINSU	GINSU	homedepot.com	HTTPS://WWW.HOMEDEPOT.COM/B/KITCHEN-KITCHENWARE-CUTLERY-KNIFE-SETS/GINSU/N-5YC1VZCF1OZ9UQ
GINSU	GINSU	homedepot.com	HTTPS://WWW.HOMEDEPOT.COM/B/GINSU/N-5YC1VZ9UQ
GIORBELLO	GIORBELLO	homedepot.com	HTTPS://WWW.HOMEDEPOT.COM/B/GIORBELLO/N-5YC1VZMGF
GIORBELLO	GIORBELLO	homedepot.com	HTTPS://WWW.HOMEDEPOT.COM/B/FLOORING-TILE-PORCELAIN-TILE/GIORBELLO/N-5YC1VZB97MZMGF
GIORBELLO	GIORBELLO	homedepot.com	HTTPS://WWW.HOMEDEPOT.COM/B/FLOORING-TILE-GLASS-TILE/GIORBELLO/N-5YC1VZBO1XZMGF
GIORBELLO	GIORBELLO	homedepot.com	HTTPS://WWW.HOMEDEPOT.COM/B/FLOORING-TILE/GIORBELLO/N-5YC1VZAR0YZMGF
GIR	GIR	homedepot.com	HTTPS://WWW.HOMEDEPOT.COM/B/KITCHEN-KITCHENWARE-KITCHEN-UTENSILS/GIR/N-5YC1VZCEZEZG6A
GIRAFFETOOLS	GIRAFFETOOLS	homedepot.com	HTTPS://WWW.HOMEDEPOT.COM/B/GIRAFFE-TOOLS/N-5YC1VZYXT
GIRLPOWERATWORK	GIRLPOWERATWORK	homedepot.com	HTTPS://WWW.HOMEDEPOT.COM/B/GIRL-POWER-AT-WORK/N-5YC1VZCG4
GIVENSCOMPANY	GIVENSCOMPANY	homedepot.com	HTTPS://WWW.HOMEDEPOT.COM/B/FOOD-GIFTS-GIFTS-GIFT-BASKETS/GIVENS-COMPANY/N-5YC1VZCIGHZLYP
GIVENSCOMPANY	GIVENSCOMPANY	homedepot.com	HTTPS://WWW.HOMEDEPOT.COM/B/FOOD-GIFTS-GIFTS/GIVENS-COMPANY/N-5YC1VZCIGTZLYP
GIVIMO	GIVIMO	homedepot.com	HTTPS://WWW.HOMEDEPOT.COM/B/HEATING-VENTING-COOLING-HEATERS-SPACE-HEATERS-ELECTRIC-HEATERS/GIVIMO/N-5YC1VZC4LOZ114Q
GIZZMO	GIZZMO	homedepot.com	HTTPS://WWW.HOMEDEPOT.COM/B/OUTDOORS-POOL-SUPPLIES/GIZZMO/N-5YC1VZ1Z18GXCZHRZ
GIZZMO	GIZZMO	homedepot.com	HTTPS://WWW.HOMEDEPOT.COM/B/GIZZMO/N-5YC1VZHRZ
GIZZMO	GIZZMO	homedepot.com	HTTPS://WWW.HOMEDEPOT.COM/B/GIZZMO/POOL-SKIMMERS/N-5YC1VZHRZZ1Z0L739
GKIBETHLEHEMLIGHTING	GKIBETHLEHEMLIGHTING	homedepot.com	HTTPS://WWW.HOMEDEPOT.COM/B/HOLIDAY-DECORATIONS-CHRISTMAS-DECORATIONS-CHRISTMAS-LIGHTS-CHRISTMAS-STRING-LIGHTS/GKI-BETHLEHEM-LIGHTING/N-5YC1VZC3T9ZOXB
GKIBETHLEHEMLIGHTING	GKIBETHLEHEMLIGHTING	homedepot.com	HTTPS://WWW.HOMEDEPOT.COM/B/GKI-BETHLEHEM-LIGHTING/STRING-LIGHTS/N-5YC1VZOXBZ1Z0VBCR
GKIBETHLEHEMLIGHTING	GKIBETHLEHEMLIGHTING	homedepot.com	HTTPS://WWW.HOMEDEPOT.COM/B/HOLIDAY-DECORATIONS-CHRISTMAS-DECORATIONS-CHRISTMAS-TREES-ARTIFICIAL-CHRISTMAS-TREES-PRE-LIT-CHRISTMAS-TREES/GKI-BETHLEHEM-LIGHTING/N-5YC1VZC3YPZOXB
GKIBETHLEHEMLIGHTING	GKIBETHLEHEMLIGHTING	homedepot.com	HTTPS://WWW.HOMEDEPOT.COM/B/HOLIDAY-DECORATIONS-CHRISTMAS-DECORATIONS/GKI-BETHLEHEM-LIGHTING/N-5YC1VZCGXOZOXB
GKIBETHLEHEMLIGHTING	GKIBETHLEHEMLIGHTING	homedepot.com	HTTPS://WWW.HOMEDEPOT.COM/B/HOME-DECOR-ARTIFICIAL-PLANTS-ARTIFICIAL-TREES/GKI-BETHLEHEM-LIGHTING/N-5YC1VZ2FKP3GYZ908
GKIBETHLEHEMLIGHTING	GKIBETHLEHEMLIGHTING	homedepot.com	HTTPS://WWW.HOMEDEPOT.COM/B/HOLIDAY-DECORATIONS-CHRISTMAS-DECORATIONS-CHRISTMAS-TREES/GKI-BETHLEHEM-LIGHTING/N-5YC1VZC3RZZOXB
GLACIERBAY	GLACIERBAY	homedepot.com	HTTPS://WWW.HOMEDEPOT.COM/B/GLACIER-BAY/N-5YC1VZN7
GLACIERBAY	GLACIERBAY	homedepot.com	HTTPS://WWW.HOMEDEPOT.COM/B/KITCHEN-KITCHEN-FAUCETS/GLACIER-BAY/N-5YC1VZAR0KZN7
GLACIERBAY	GLACIERBAY	homedepot.com	HTTPS://WWW.HOMEDEPOT.COM/B/BATH/GLACIER-BAY/N-5YC1VZBZB3ZN7
GLACIERFRESH	GLACIERFRESH	homedepot.com	HTTPS://WWW.HOMEDEPOT.COM/B/APPLIANCES-APPLIANCE-PARTS-REFRIGERATOR-WATER-FILTERS/GLACIER-FRESH/N-5YC1VZC35AZY80
GLAD	GLAD	homedepot.com	HTTPS://WWW.HOMEDEPOT.COM/B/GLAD/N-5YC1VZ1UD
GLADE	GLADE	homedepot.com	HTTPS://WWW.HOMEDEPOT.COM/B/CLEANING-CLEANING-PRODUCTS-ROOM-FRESHENERS-AIR-FRESHENERS/GLADE/N-5YC1VZCB2JZN9
GLADE	GLADE	homedepot.com	HTTPS://WWW.HOMEDEPOT.COM/B/GLADE/N-5YC1VZN9
GLADEPLUGINS	GLADEPLUGINS	homedepot.com	HTTPS://WWW.HOMEDEPOT.COM/B/CLEANING-CLEANING-PRODUCTS-ROOM-FRESHENERS-AIR-FRESHENERS/GLADE-PLUGINS/N-5YC1VZCB2JZ1Z1PDS4
GLADIATORCARGONETS	GLADIATORCARGONETS	homedepot.com	HTTPS://WWW.HOMEDEPOT.COM/B/GLADIATOR-CARGO-NETS/N-5YC1VZQXA
GLADIATORCARGONETS	GLADIATORCARGONETS	homedepot.com	HTTPS://WWW.HOMEDEPOT.COM/B/GARAGE-AUTOMOTIVE-CARGO-CARRIERS-CARGO-NETS/GLADIATOR-CARGO-NETS/N-5YC1VZCLAJZQXA
GLADON	GLADON	homedepot.com	HTTPS://WWW.HOMEDEPOT.COM/B/GLADON/N-5YC1VZAGB
GLADON	GLADON	homedepot.com	HTTPS://WWW.HOMEDEPOT.COM/B/OUTDOORS/GLADON/N-5YC1VZBX82ZAGB
GLAMOSWIREPRODUCTS	GLAMOSWIREPRODUCTS	homedepot.com	HTTPS://WWW.HOMEDEPOT.COM/B/GLAMOS-WIRE-PRODUCTS/N-5YC1VZ723
GLAMOSWIREPRODUCTS	GLAMOSWIREPRODUCTS	homedepot.com	HTTPS://WWW.HOMEDEPOT.COM/B/OUTDOORS/GLAMOS-WIRE-PRODUCTS/N-5YC1VZBX82Z723
GLAMOSWIREPRODUCTS	GLAMOSWIREPRODUCTS	homedepot.com	HTTPS://WWW.HOMEDEPOT.COM/B/OUTDOORS-GARDEN-CENTER-PLANT-SUPPORT/GLAMOS-WIRE-PRODUCTS/N-5YC1VZBX6IZ723
GLAMOSWIREPRODUCTS	GLAMOSWIREPRODUCTS	homedepot.com	HTTPS://WWW.HOMEDEPOT.COM/B/OUTDOORS-GARDEN-CENTER-PLANT-SUPPORT-TOMATO-CAGES/GLAMOS-WIRE-PRODUCTS/N-5YC1VZCIB4Z723
GLAMOSWIREPRODUCTS	GLAMOSWIREPRODUCTS	homedepot.com	HTTPS://WWW.HOMEDEPOT.COM/B/GLAMOS-WIRE-PRODUCTS/5/N-5YC1VZ723Z1Z133HG
GLAMOSWIREPRODUCTS	GLAMOSWIREPRODUCTS	homedepot.com	HTTPS://WWW.HOMEDEPOT.COM/B/OUTDOORS-GARDEN-CENTER-GARDEN-FENCING/GLAMOS-WIRE-PRODUCTS/N-5YC1VZBX6JZ723
GLAMOSWIREPRODUCTS	GLAMOSWIREPRODUCTS	homedepot.com	HTTPS://WWW.HOMEDEPOT.COM/B/OUTDOORS-PET-SUPPLIES-WILDLIFE/GLAMOS-WIRE-PRODUCTS/N-5YC1VZC4U1Z723
GLAMOURHOME	GLAMOURHOME	homedepot.com	HTTPS://WWW.HOMEDEPOT.COM/B/GLAMOUR-HOME/N-5YC1VZQID
GLAMOURHOME	GLAMOURHOME	homedepot.com	HTTPS://WWW.HOMEDEPOT.COM/B/FURNITURE/GLAMOUR-HOME/N-5YC1VZC7PCZQID
GLAMOURHOME	GLAMOURHOME	homedepot.com	HTTPS://WWW.HOMEDEPOT.COM/B/GLAMOUR-HOME/4/N-5YC1VZQIDZ1Z0VSH8
GLAMOURHOME	GLAMOURHOME	homedepot.com	HTTPS://WWW.HOMEDEPOT.COM/B/HOME-DECOR/GLAMOUR-HOME/N-5YC1VZAS6PZQID
GLAMOURHOME	GLAMOURHOME	homedepot.com	HTTPS://WWW.HOMEDEPOT.COM/B/FURNITURE-KITCHEN-DINING-ROOM-FURNITURE/GLAMOUR-HOME/N-5YC1VZC7OUZQID
GLAROS	GLAROS	homedepot.com	HTTPS://WWW.HOMEDEPOT.COM/B/GLAROS/N-5YC1VZFV7
GLAROS	GLAROS	homedepot.com	HTTPS://WWW.HOMEDEPOT.COM/B/APPLIANCES-BEVERAGE-COOLERS/GLAROS/N-5YC1VZC3O4ZFV7
GLAROS	GLAROS	homedepot.com	HTTPS://WWW.HOMEDEPOT.COM/B/APPLIANCES/GLAROS/N-5YC1VZBV1WZFV7
GLASSLOCK	GLASSLOCK	homedepot.com	HTTPS://WWW.HOMEDEPOT.COM/B/GLASSLOCK/N-5YC1VZHIG
GLASSLOCK	GLASSLOCK	homedepot.com	HTTPS://WWW.HOMEDEPOT.COM/B/KITCHEN-KITCHEN-STORAGE-ORGANIZATION-FOOD-STORAGE-FOOD-STORAGE-CONTAINERS/GLASSLOCK/N-5YC1VZAS2JZHIG
GLASSPLUS	GLASSPLUS	homedepot.com	HTTPS://WWW.HOMEDEPOT.COM/B/CLEANING-CLEANING-PRODUCTS-GLASS-CLEANERS/GLASS-PLUS/N-5YC1VZCB3CZSEP
GLASSWAREHOUSE	GLASSWAREHOUSE	homedepot.com	HTTPS://WWW.HOMEDEPOT.COM/B/BATH-SHOWERS-SHOWER-DOORS/GLASS-WAREHOUSE/N-5YC1VZBZCGZMC1
GLASSWAREHOUSE	GLASSWAREHOUSE	homedepot.com	HTTPS://WWW.HOMEDEPOT.COM/B/GLASS-WAREHOUSE/N-5YC1VZMC1
GLAZENSEAL	GLAZENSEAL	homedepot.com	HTTPS://WWW.HOMEDEPOT.COM/B/GLAZE-N-SEAL/N-5YC1VZFCU
GLAZENSEAL	GLAZENSEAL	homedepot.com	HTTPS://WWW.HOMEDEPOT.COM/B/PAINT-CONCRETE-COATINGS-CONCRETE-SEALERS/GLAZE-N-SEAL/N-5YC1VZCJ9BZFCU
GLENROCK	GLENROCK	homedepot.com	HTTPS://WWW.HOMEDEPOT.COM/B/FLOORING-CARPET-INSTALLED-CARPET-TEXTURE-CARPET/GLENROCK/N-5YC1VZAR36Z1Z1ZN9I
GLIDDEN	GLIDDEN	homedepot.com	HTTPS://WWW.HOMEDEPOT.COM/B/PAINT/GLIDDEN/N-5YC1VZAR2DZ30J
GLIDDENCEILING	GLIDDENCEILING	homedepot.com	HTTPS://WWW.HOMEDEPOT.COM/B/PAINT-INTERIOR-PAINT-CEILING-PAINT/GLIDDEN-CEILING/N-5YC1VZBBBVZLZS
GLIDDENCEILING	GLIDDENCEILING	homedepot.com	HTTPS://WWW.HOMEDEPOT.COM/B/PAINT/GLIDDEN-CEILING/N-5YC1VZAR2DZLZS
GLIDDENCEILING	GLIDDENCEILING	homedepot.com	HTTPS://WWW.HOMEDEPOT.COM/B/PAINT-INTERIOR-PAINT-CEILING-PAINT/GLIDDEN-CEILING/FLAT-MATTE/N-5YC1VZBBBVZLZSZ1Z10M12
GLIDDENCEILING	GLIDDENCEILING	homedepot.com	HTTPS://WWW.HOMEDEPOT.COM/B/GLIDDEN-CEILING/N-5YC1VZLZS
GLIDDENCEILING	GLIDDENCEILING	homedepot.com	HTTPS://WWW.HOMEDEPOT.COM/B/GLIDDEN-CEILING/SPLATTER-RESISTANT/N-5YC1VZLZSZ1Z0Q3MP
GLIDDENESSENTIALS	GLIDDENESSENTIALS	homedepot.com	HTTPS://WWW.HOMEDEPOT.COM/B/PAINT/GLIDDEN-ESSENTIALS/N-5YC1VZAR2DZFTX
GLIDDENESSENTIALS	GLIDDENESSENTIALS	homedepot.com	HTTPS://WWW.HOMEDEPOT.COM/B/PAINT-PAINT-COLORS/GLIDDEN-ESSENTIALS/N-5YC1VZCAW8ZFTX
GLIDDENESSENTIALS	GLIDDENESSENTIALS	homedepot.com	HTTPS://WWW.HOMEDEPOT.COM/B/GLIDDEN-ESSENTIALS/BEIGE-CREAM/N-5YC1VZFTXZ1Z19X9J
GLIDDENESSENTIALS	GLIDDENESSENTIALS	homedepot.com	HTTPS://WWW.HOMEDEPOT.COM/B/FURNITURE-LIVING-ROOM-FURNITURE-CHAIRS/GLIDDEN-ESSENTIALS/N-5YC1VZC7PYZFTX
GLIDDENMAXFLEX	GLIDDENMAXFLEX	homedepot.com	HTTPS://WWW.HOMEDEPOT.COM/B/PAINT-SPRAY-PAINT-GENERAL-PURPOSE-SPRAY-PAINT/GLIDDEN-MAX-FLEX/N-5YC1VZCGEOZUPM
GLIDDENPREMIUM	GLIDDENPREMIUM	homedepot.com	HTTPS://WWW.HOMEDEPOT.COM/B/PAINT/GLIDDEN-PREMIUM/N-5YC1VZAR2DZ55A
GLIDDENPREMIUM	GLIDDENPREMIUM	homedepot.com	HTTPS://WWW.HOMEDEPOT.COM/B/PAINT-PAINT-COLORS/GLIDDEN-PREMIUM/N-5YC1VZCAW8Z55A
GLIDERITE	GLIDERITE	homedepot.com	HTTPS://WWW.HOMEDEPOT.COM/B/HARDWARE/GLIDERITE/N-5YC1VZC21MZHF0
GLIDERITE	GLIDERITE	homedepot.com	HTTPS://WWW.HOMEDEPOT.COM/B/HARDWARE-CABINET-HARDWARE/GLIDERITE/N-5YC1VZC29ZZHF0
GLIDERITE	GLIDERITE	homedepot.com	HTTPS://WWW.HOMEDEPOT.COM/B/HARDWARE-CABINET-HARDWARE-DRAWER-PULLS/GLIDERITE/N-5YC1VZC29UZHF0
GLIPOOLPRODUCTS	GLIPOOLPRODUCTS	homedepot.com	HTTPS://WWW.HOMEDEPOT.COM/B/GLI-POOL-PRODUCTS/N-5YC1VZAIB
GLITZHOME	GLITZHOME	homedepot.com	HTTPS://WWW.HOMEDEPOT.COM/B/GLITZHOME/N-5YC1VZFSC
GLOBALCRAFTS	GLOBALCRAFTS	homedepot.com	HTTPS://WWW.HOMEDEPOT.COM/B/GLOBAL-CRAFTS/N-5YC1VZUDN
GLOBALCRAFTS	GLOBALCRAFTS	homedepot.com	HTTPS://WWW.HOMEDEPOT.COM/B/HOME-DECOR/GLOBAL-CRAFTS/N-5YC1VZAS6PZUDN
GLOBALDOORCONTROLS	GLOBALDOORCONTROLS	homedepot.com	HTTPS://WWW.HOMEDEPOT.COM/B/HARDWARE-DOOR-HARDWARE/GLOBAL-DOOR-CONTROLS/N-5YC1VZC213ZAF3
GLOBALDOORCONTROLS	GLOBALDOORCONTROLS	homedepot.com	HTTPS://WWW.HOMEDEPOT.COM/B/GLOBAL-DOOR-CONTROLS/N-5YC1VZAF3
GLOBALDOORCONTROLS	GLOBALDOORCONTROLS	homedepot.com	HTTPS://WWW.HOMEDEPOT.COM/B/HARDWARE-DOOR-HARDWARE-DOOR-ACCESSORIES-DOOR-CLOSERS/GLOBAL-DOOR-CONTROLS/N-5YC1VZC7KMZAF3
GLOBALDOORCONTROLS	GLOBALDOORCONTROLS	homedepot.com	HTTPS://WWW.HOMEDEPOT.COM/B/HARDWARE-DOOR-HARDWARE-DOOR-LOCKS/GLOBAL-DOOR-CONTROLS/N-5YC1VZC223ZAF3
GLOBALDOORCONTROLS	GLOBALDOORCONTROLS	homedepot.com	HTTPS://WWW.HOMEDEPOT.COM/B/HARDWARE-DOOR-HARDWARE-DOOR-HANDLES/GLOBAL-DOOR-CONTROLS/N-5YC1VZC28ZZAF3
GLOBALFLEX	GLOBALFLEX	homedepot.com	HTTPS://WWW.HOMEDEPOT.COM/B/GLOBALFLEX/N-5YC1VZM7N
GLOBALFLEX	GLOBALFLEX	homedepot.com	HTTPS://WWW.HOMEDEPOT.COM/B/HEATING-VENTING-COOLING-HVAC-SUPPLIES-DUCTING-VENTING-FLEXIBLE-DUCTWORK/GLOBALFLEX/N-5YC1VZC4NKZM7N
GLOBALFLEX	GLOBALFLEX	homedepot.com	HTTPS://WWW.HOMEDEPOT.COM/B/HEATING-VENTING-COOLING-HVAC-SUPPLIES/GLOBALFLEX/N-5YC1VZC4NLZM7N
GLOBALOUTDOORS	GLOBALOUTDOORS	homedepot.com	HTTPS://WWW.HOMEDEPOT.COM/B/OUTDOORS-GARDEN-CENTER-PLANTERS-PLANT-POTS/GLOBAL-OUTDOORS/N-5YC1VZBX87ZV2Y
GLOBALOUTDOORS	GLOBALOUTDOORS	homedepot.com	HTTPS://WWW.HOMEDEPOT.COM/B/GLOBAL-OUTDOORS/PICK-UP-TODAY/N-5YC1VZV2YZ1Z175A5
GLOBALPARTSDISTRIBUTORS	GLOBALPARTSDISTRIBUTORS	homedepot.com	HTTPS://WWW.HOMEDEPOT.COM/B/GLOBAL-PARTS-DISTRIBUTORS-LLC/N-5YC1VZRER
GLOBALSPECIALTYPRODUCTS	GLOBALSPECIALTYPRODUCTS	homedepot.com	HTTPS://WWW.HOMEDEPOT.COM/B/GLOBAL-SPECIALTY-PRODUCTS/N-5YC1VZCVA
GLOBALSPECIALTYPRODUCTS	GLOBALSPECIALTYPRODUCTS	homedepot.com	HTTPS://WWW.HOMEDEPOT.COM/B/BUILDING-MATERIALS-CEILINGS-CEILING-TILES/GLOBAL-SPECIALTY-PRODUCTS/N-5YC1VZC58LZCVA
GLOBALSPECIALTYPRODUCTS	GLOBALSPECIALTYPRODUCTS	homedepot.com	HTTPS://WWW.HOMEDEPOT.COM/B/BUILDING-MATERIALS/GLOBAL-SPECIALTY-PRODUCTS/N-5YC1VZAQNSZCVA
GLOBALVALUELIGHTING	GLOBALVALUELIGHTING	homedepot.com	HTTPS://WWW.HOMEDEPOT.COM/B/LIGHTING-LIGHT-BULBS/GLOBAL-VALUE-LIGHTING/N-5YC1VZBMBUZ1Z23Y95
GLOBALWATER	GLOBALWATER	homedepot.com	HTTPS://WWW.HOMEDEPOT.COM/B/GLOBAL-WATER/N-5YC1VZF5Z
GLOBALWATER	GLOBALWATER	homedepot.com	HTTPS://WWW.HOMEDEPOT.COM/B/PLUMBING-WATER-FILTERS-WATER-FILTRATION-SYSTEMS/GLOBAL-WATER/N-5YC1VZCDC0ZF5Z
GLOBEELECTRIC	GLOBEELECTRIC	homedepot.com	HTTPS://WWW.HOMEDEPOT.COM/B/LIGHTING/GLOBE-ELECTRIC/N-5YC1VZBVN5ZCDT
GLOBEELECTRIC	GLOBEELECTRIC	homedepot.com	HTTPS://WWW.HOMEDEPOT.COM/B/LIGHTING-LIGHT-BULBS-LED-LIGHT-BULBS/GLOBE-ELECTRIC/N-5YC1VZBM79ZCDT
GLOBEELECTRIC	GLOBEELECTRIC	homedepot.com	HTTPS://WWW.HOMEDEPOT.COM/B/LIGHTING-OUTDOOR-LIGHTING/GLOBE-ELECTRIC/N-5YC1VZC7QVZCDT
GLOBEUNION	GLOBEUNION	homedepot.com	HTTPS://WWW.HOMEDEPOT.COM/B/KITCHEN-KITCHEN-FAUCETS/GLOBE-UNION/N-5YC1VZAR0KZ95E
GLOCOVER	GLOCOVER	homedepot.com	HTTPS://WWW.HOMEDEPOT.COM/B/GLOCOVER/N-5YC1VZS2B
GLOCOVER	GLOCOVER	homedepot.com	HTTPS://WWW.HOMEDEPOT.COM/B/ELECTRICAL-WALL-PLATES/GLOCOVER/N-5YC1VZBM8MZS2B
GLOCOVER	GLOCOVER	homedepot.com	HTTPS://WWW.HOMEDEPOT.COM/B/ELECTRICAL-WALL-PLATES-LIGHT-SWITCH-PLATES/GLOCOVER/N-5YC1VZC6QZZS2B
GLOCOVER	GLOCOVER	homedepot.com	HTTPS://WWW.HOMEDEPOT.COM/B/ELECTRICAL-WALL-PLATES-OUTLET-WALL-PLATES/GLOCOVER/N-5YC1VZC6R0ZS2B
GLOMAR	GLOMAR	homedepot.com	HTTPS://WWW.HOMEDEPOT.COM/B/LIGHTING/GLOMAR/N-5YC1VZBVN5Z6VY
GLOMAR	GLOMAR	homedepot.com	HTTPS://WWW.HOMEDEPOT.COM/B/LIGHTING-OUTDOOR-LIGHTING-LANDSCAPE-LIGHTING/GLOMAR/N-5YC1VZC7Q6Z6VY
GLOMAR	GLOMAR	homedepot.com	HTTPS://WWW.HOMEDEPOT.COM/B/GLOMAR/N-5YC1VZ6VY
GLOMAR	GLOMAR	homedepot.com	HTTPS://WWW.HOMEDEPOT.COM/B/LIGHTING-VANITY-LIGHTING/GLOMAR/N-5YC1VZC7PRZ6VY
GLOMAR	GLOMAR	homedepot.com	HTTPS://WWW.HOMEDEPOT.COM/B/LIGHTING-WALL-SCONCES/GLOMAR/N-5YC1VZC7PIZ6VY
GLOMAR	GLOMAR	homedepot.com	HTTPS://WWW.HOMEDEPOT.COM/B/GLOMAR/SEEDED-GLASS/N-5YC1VZ6VYZ1Z1A4KO
GLOTECH	GLOTECH	homedepot.com	HTTPS://WWW.HOMEDEPOT.COM/B/BATH-BATHROOM-MIRRORS-MAKEUP-MIRRORS/GLOTECH/N-5YC1VZBZB8Z1Z1SFLZ
GLOVEWORKS	GLOVEWORKS	homedepot.com	HTTPS://WWW.HOMEDEPOT.COM/B/WORKWEAR-WORK-GLOVES/GLOVEWORKS/N-5YC1VZC260ZOJB
GLOVEWORKS	GLOVEWORKS	homedepot.com	HTTPS://WWW.HOMEDEPOT.COM/B/GLOVEWORKS/N-5YC1VZOJB
GLOWEAR	GLOWEAR	homedepot.com	HTTPS://WWW.HOMEDEPOT.COM/B/WORKWEAR-OUTERWEAR/GLOWEAR/N-5YC1VZCL5JZG8K
GLOWEAR	GLOWEAR	homedepot.com	HTTPS://WWW.HOMEDEPOT.COM/B/GLOWEAR/N-5YC1VZG8K
GLOWEAR	GLOWEAR	homedepot.com	HTTPS://WWW.HOMEDEPOT.COM/B/WORKWEAR-OUTERWEAR-WORK-JACKETS-COATS/GLOWEAR/N-5YC1VZC3VLZG8K
GLOWGEEK	GLOWGEEK	homedepot.com	HTTPS://WWW.HOMEDEPOT.COM/B/GLOWGEEK/N-5YC1VZP3W
GLOWGEEK	GLOWGEEK	homedepot.com	HTTPS://WWW.HOMEDEPOT.COM/B/TOOLS-HAND-TOOLS-MEASURING-TOOLS-CALIPERS/GLOWGEEK/N-5YC1VZC23YZP3W
GLOWGEEK	GLOWGEEK	homedepot.com	HTTPS://WWW.HOMEDEPOT.COM/B/TOOLS-HAND-TOOLS-MEASURING-TOOLS/GLOWGEEK/N-5YC1VZC24NZP3W
GLOWLIGHTING	GLOWLIGHTING	homedepot.com	HTTPS://WWW.HOMEDEPOT.COM/B/LIGHTING/GLOW-LIGHTING/N-5YC1VZBVN5ZCVZ
GLOWPEAR	GLOWPEAR	homedepot.com	HTTPS://WWW.HOMEDEPOT.COM/B/GLOWPEAR/N-5YC1VZF80
GLOWPEAR	GLOWPEAR	homedepot.com	HTTPS://WWW.HOMEDEPOT.COM/B/OUTDOORS-GARDEN-CENTER-PLANTERS-PLANTER-BOXES/GLOWPEAR/N-5YC1VZ2FKP30BZF80
GLOWPEAR	GLOWPEAR	homedepot.com	HTTPS://WWW.HOMEDEPOT.COM/B/OUTDOORS-GARDEN-CENTER-PLANTERS/GLOWPEAR/N-5YC1VZBX81ZF80
GLOWPEAR	GLOWPEAR	homedepot.com	HTTPS://WWW.HOMEDEPOT.COM/B/OUTDOORS-GARDEN-CENTER-PLANTERS-PLANT-POTS/GLOWPEAR/N-5YC1VZBX87ZF80
GLOWPEAR	GLOWPEAR	homedepot.com	HTTPS://WWW.HOMEDEPOT.COM/B/OUTDOORS/GLOWPEAR/N-5YC1VZBX82ZF80
GLOWSOL	GLOWSOL	homedepot.com	HTTPS://WWW.HOMEDEPOT.COM/B/FLOORING-RUGS-AREA-RUGS/GLOWSOL/N-5YC1VZARJGZYI9
GLOWSOL	GLOWSOL	homedepot.com	HTTPS://WWW.HOMEDEPOT.COM/B/GLOWSOL/LOOMED/N-5YC1VZYI9Z1Z187YD
GLUCKSTEINELEMENTS	GLUCKSTEINELEMENTS	homedepot.com	HTTPS://WWW.HOMEDEPOT.COM/B/LIGHTING/GLUCKSTEINELEMENTS/N-5YC1VZBVN5ZV7M
GLUCKSTEINELEMENTS	GLUCKSTEINELEMENTS	homedepot.com	HTTPS://WWW.HOMEDEPOT.COM/B/GLUCKSTEINELEMENTS/N-5YC1VZV7M
GLUCKSTEINELEMENTS	GLUCKSTEINELEMENTS	homedepot.com	HTTPS://WWW.HOMEDEPOT.COM/B/LIGHTING-PENDANT-LIGHTS/GLUCKSTEINELEMENTS/N-5YC1VZC7NUZV7M
GLUCKSTEINELEMENTS	GLUCKSTEINELEMENTS	homedepot.com	HTTPS://WWW.HOMEDEPOT.COM/B/LIGHTING-OUTDOOR-LIGHTING-OUTDOOR-WALL-LIGHTING-OUTDOOR-SCONCES/GLUCKSTEINELEMENTS/N-5YC1VZCDPUZV7M
GLUCKSTEINELEMENTS	GLUCKSTEINELEMENTS	homedepot.com	HTTPS://WWW.HOMEDEPOT.COM/B/LIGHTING-OUTDOOR-LIGHTING-OUTDOOR-CEILING-LIGHTS-OUTDOOR-HANGING-LIGHTS-OUTDOOR-PENDANT-LIGHTS/GLUCKSTEINELEMENTS/N-5YC1VZCDPQZV7M
GLUCKSTEINELEMENTS	GLUCKSTEINELEMENTS	homedepot.com	HTTPS://WWW.HOMEDEPOT.COM/B/LIGHTING-CHANDELIERS/GLUCKSTEINELEMENTS/N-5YC1VZC7O0ZV7M
GLUEDOTS	GLUEDOTS	homedepot.com	HTTPS://WWW.HOMEDEPOT.COM/B/GLUE-DOTS/N-5YC1VZELR
GO4CORK	GO4CORK	homedepot.com	HTTPS://WWW.HOMEDEPOT.COM/B/GO4CORK/SOUND-ABSORBING/N-5YC1VZVCBZ1Z0MJXC
GO4CORK	GO4CORK	homedepot.com	HTTPS://WWW.HOMEDEPOT.COM/B/FLOORING-FLOORING-SUPPLIES-SURFACE-PREP-UNDERLAYMENT/GO4CORK/N-5YC1VZCDTWZVCB
GOALZERO	GOALZERO	homedepot.com	HTTPS://WWW.HOMEDEPOT.COM/B/GOAL-ZERO/N-5YC1VZCKK
GOBIDET	GOBIDET	homedepot.com	HTTPS://WWW.HOMEDEPOT.COM/B/BATH-BIDETS/GOBIDET/N-5YC1VZCEQ2Z6YC
GOBIDET	GOBIDET	homedepot.com	HTTPS://WWW.HOMEDEPOT.COM/B/GOBIDET/HARDWARE/N-5YC1VZ6YCZ1Z0M5OU
GOBOARD	GOBOARD	homedepot.com	HTTPS://WWW.HOMEDEPOT.COM/B/GOBOARD/N-5YC1VZOQS
GOBOARD	GOBOARD	homedepot.com	HTTPS://WWW.HOMEDEPOT.COM/B/GOBOARD/WATERPROOFING-MEMBRANE/N-5YC1VZOQSZ1Z0MDVQ
GOCONTROL	GOCONTROL	homedepot.com	HTTPS://WWW.HOMEDEPOT.COM/B/SMART-HOME/GOCONTROL/Z-WAVE/N-5YC1VZC1JWZF4BZ1Z0KB2T
GODEARDESIGN	GODEARDESIGN	homedepot.com	HTTPS://WWW.HOMEDEPOT.COM/B/WINDOW-TREATMENTS-BLINDS/GODEAR-DESIGN/N-5YC1VZCH24ZQ13
GODEARDESIGN	GODEARDESIGN	homedepot.com	HTTPS://WWW.HOMEDEPOT.COM/B/WINDOW-TREATMENTS-BLINDS-PANEL-TRACK-BLINDS/GODEAR-DESIGN/N-5YC1VZCBB0ZQ13
GODEARDESIGN	GODEARDESIGN	homedepot.com	HTTPS://WWW.HOMEDEPOT.COM/B/GODEAR-DESIGN/N-5YC1VZQ13
GODEARDESIGN	GODEARDESIGN	homedepot.com	HTTPS://WWW.HOMEDEPOT.COM/B/WINDOW-TREATMENTS/GODEAR-DESIGN/N-5YC1VZAR4WZQ13
GODEARDESIGN	GODEARDESIGN	homedepot.com	HTTPS://WWW.HOMEDEPOT.COM/B/WINDOW-TREATMENTS-BLINDS-VERTICAL-BLINDS/GODEAR-DESIGN/N-5YC1VZBC7CZQ13
GODEER	GODEER	homedepot.com	HTTPS://WWW.HOMEDEPOT.COM/B/FURNITURE/GODEER/N-5YC1VZC7PCZU2B
GODEER	GODEER	homedepot.com	HTTPS://WWW.HOMEDEPOT.COM/B/FURNITURE-LIVING-ROOM-FURNITURE/GODEER/N-5YC1VZC7P3ZU2B
GODEER	GODEER	homedepot.com	HTTPS://WWW.HOMEDEPOT.COM/B/FURNITURE-BEDROOM-FURNITURE/GODEER/N-5YC1VZC7PEZU2B
GODEER	GODEER	homedepot.com	HTTPS://WWW.HOMEDEPOT.COM/B/FURNITURE-BEDROOM-FURNITURE-BEDS/GODEER/N-5YC1VZC7OHZU2B
GODEER	GODEER	homedepot.com	HTTPS://WWW.HOMEDEPOT.COM/B/FURNITURE-KITCHEN-DINING-ROOM-FURNITURE-DINING-ROOM-SETS/GODEER/N-5YC1VZCETRZU2B
GODEER	GODEER	homedepot.com	HTTPS://WWW.HOMEDEPOT.COM/B/BABY-KIDS-KIDS-HOME-KIDS-FURNITURE-KIDS-BEDROOM-FURNITURE-BUNK-BEDS/GODEER/N-5YC1VZCIJJZU2B
GODEER	GODEER	homedepot.com	HTTPS://WWW.HOMEDEPOT.COM/B/FURNITURE-LIVING-ROOM-FURNITURE-LOVESEATS/GODEER/N-5YC1VZ2FKOWJEZU2B
GODEER	GODEER	homedepot.com	HTTPS://WWW.HOMEDEPOT.COM/B/STORAGE-ORGANIZATION-OUTDOOR-STORAGE-SHEDS/GODEER/N-5YC1VZBTZ2ZU2B
GODEER	GODEER	homedepot.com	HTTPS://WWW.HOMEDEPOT.COM/B/BABY-KIDS/GODEER/N-5YC1VZ2FKPFUIZU2B
GODEER	GODEER	homedepot.com	HTTPS://WWW.HOMEDEPOT.COM/B/FURNITURE-HOME-OFFICE-FURNITURE-BOOKCASES-BOOKSHELVES/GODEER/N-5YC1VZC7O5ZU2B
GODINGER	GODINGER	homedepot.com	HTTPS://WWW.HOMEDEPOT.COM/B/GODINGER/N-5YC1VZBPN
GODINGERSILVERART	GODINGERSILVERART	homedepot.com	HTTPS://WWW.HOMEDEPOT.COM/B/HOME-DECOR/GODINGER-SILVER-ART/N-5YC1VZAS6PZOFB
GOFLOATS	GOFLOATS	homedepot.com	HTTPS://WWW.HOMEDEPOT.COM/B/GOFLOATS/N-5YC1VZNMM
GOGATER	GOGATER	homedepot.com	HTTPS://WWW.HOMEDEPOT.COM/B/SPORTS-OUTDOORS-GAMES-YARD-GAMES-COMBINATION-GAME-SETS/GO-GATER/N-5YC1VZCBYRZONJ
GOGREENPOWER	GOGREENPOWER	homedepot.com	HTTPS://WWW.HOMEDEPOT.COM/B/ELECTRICAL/GOGREEN-POWER/N-5YC1VZARCDZSUY
GOGREENPOWER	GOGREENPOWER	homedepot.com	HTTPS://WWW.HOMEDEPOT.COM/B/GO-GREEN-POWER/N-5YC1VZDLZ
GOJANE	GOJANE	homedepot.com	HTTPS://WWW.HOMEDEPOT.COM/B/GOJANE/N-5YC1VZULP
GOJANE	GOJANE	homedepot.com	HTTPS://WWW.HOMEDEPOT.COM/B/FURNITURE/GOJANE/N-5YC1VZC7PCZULP
GOJANE	GOJANE	homedepot.com	HTTPS://WWW.HOMEDEPOT.COM/B/FURNITURE-KITCHEN-DINING-ROOM-FURNITURE-DINING-ROOM-SETS/GOJANE/N-5YC1VZCETRZULP
GOJANE	GOJANE	homedepot.com	HTTPS://WWW.HOMEDEPOT.COM/B/FURNITURE-KITCHEN-DINING-ROOM-FURNITURE-DINING-CHAIRS/GOJANE/N-5YC1VZC7P6ZULP
GOJANE	GOJANE	homedepot.com	HTTPS://WWW.HOMEDEPOT.COM/B/FURNITURE-LIVING-ROOM-FURNITURE-SOFAS-COUCHES/GOJANE/N-5YC1VZC7OYZULP
GOJANE	GOJANE	homedepot.com	HTTPS://WWW.HOMEDEPOT.COM/B/FURNITURE-BAR-FURNITURE-BAR-STOOLS/GOJANE/N-5YC1VZC7OFZULP
GOJANE	GOJANE	homedepot.com	HTTPS://WWW.HOMEDEPOT.COM/B/FURNITURE-KITCHEN-DINING-ROOM-FURNITURE-KITCHEN-DINING-TABLES/GOJANE/N-5YC1VZC7NYZULP
GOJANE	GOJANE	homedepot.com	HTTPS://WWW.HOMEDEPOT.COM/B/OUTDOORS-PATIO-FURNITURE-OUTDOOR-LOUNGE-FURNITURE-OUTDOOR-COUCHES/GOJANE/N-5YC1VZCCH3ZULP
GOJANE	GOJANE	homedepot.com	HTTPS://WWW.HOMEDEPOT.COM/B/FURNITURE-LIVING-ROOM-FURNITURE/GOJANE/N-5YC1VZC7P3ZULP
GOJO	GOJO	homedepot.com	HTTPS://WWW.HOMEDEPOT.COM/B/GOJO/N-5YC1VZ753
GOJO	GOJO	homedepot.com	HTTPS://WWW.HOMEDEPOT.COM/B/CLEANING-CLEANING-PRODUCTS-HAND-SOAPS/GOJO/N-5YC1VZCB41Z753
GOLDBERGBROTHERS	GOLDBERGBROTHERS	homedepot.com	HTTPS://WWW.HOMEDEPOT.COM/B/GOLDBERG-BROTHERS-INC/N-5YC1VZQJW
GOLDBERGBROTHERS	GOLDBERGBROTHERS	homedepot.com	HTTPS://WWW.HOMEDEPOT.COM/B/HARDWARE-DOOR-HARDWARE/GOLDBERG-BROTHERS-INC/N-5YC1VZC213ZQJW
GOLDBLATT	GOLDBLATT	homedepot.com	HTTPS://WWW.HOMEDEPOT.COM/B/GOLDBLATT/N-5YC1VZSYQ
GOLDBLATT	GOLDBLATT	homedepot.com	HTTPS://WWW.HOMEDEPOT.COM/B/BUILDING-MATERIALS-DRYWALL-DRYWALL-TOOLS/GOLDBLATT/N-5YC1VZARO4ZSYQ
GOLDBLATT	GOLDBLATT	homedepot.com	HTTPS://WWW.HOMEDEPOT.COM/B/TOOLS/GOLDBLATT/N-5YC1VZC1XYZSYQ
GOLDCOASTSUNWEAR	GOLDCOASTSUNWEAR	homedepot.com	HTTPS://WWW.HOMEDEPOT.COM/B/WORKWEAR-WORKWEAR-ACCESSORIES-WORK-HATS-SUN-HATS/GOLDCOAST-SUNWEAR/N-5YC1VZ2FKP6NBZK8C
GOLDCOASTSUNWEAR	GOLDCOASTSUNWEAR	homedepot.com	HTTPS://WWW.HOMEDEPOT.COM/B/WORKWEAR-WORKWEAR-ACCESSORIES-WORK-HATS/GOLDCOAST-SUNWEAR/N-5YC1VZCL3VZK8C
GOLDDIGGER	GOLDDIGGER	homedepot.com	HTTPS://WWW.HOMEDEPOT.COM/B/GOLD-DIGGER/N-5YC1VZBGK
GOLDENHARVEST	GOLDENHARVEST	homedepot.com	HTTPS://WWW.HOMEDEPOT.COM/B/GOLDEN-HARVEST/N-5YC1VZ7GA
GOLDENLIGHTING	GOLDENLIGHTING	homedepot.com	HTTPS://WWW.HOMEDEPOT.COM/B/LIGHTING-CHANDELIERS/GOLDEN-LIGHTING/N-5YC1VZC7O0ZGLU
GOLDENLIGHTING	GOLDENLIGHTING	homedepot.com	HTTPS://WWW.HOMEDEPOT.COM/B/LIGHTING/GOLDEN-LIGHTING/N-5YC1VZBVN5ZGLU
GOLDENPOLEY	GOLDENPOLEY	homedepot.com	HTTPS://WWW.HOMEDEPOT.COM/B/DOORS-WINDOWS/GOLDENPOLEY/30-X-84/N-5YC1VZAQIHZZIEZ1Z0RB6Y
GOLDENVANTAGE	GOLDENVANTAGE	homedepot.com	HTTPS://WWW.HOMEDEPOT.COM/B/GOLDEN-VANTAGE/N-5YC1VZMR0
GOLDORO	GOLDORO	homedepot.com	HTTPS://WWW.HOMEDEPOT.COM/B/SPORTS-OUTDOORS-CYCLING-GEAR/GOLDORO/N-5YC1VZC40YZYAA
GOLDORO	GOLDORO	homedepot.com	HTTPS://WWW.HOMEDEPOT.COM/B/GOLDORO/N-5YC1VZYAA
GOLDORO	GOLDORO	homedepot.com	HTTPS://WWW.HOMEDEPOT.COM/B/SPORTS-OUTDOORS-CYCLING-GEAR-BIKES/GOLDORO/N-5YC1VZC43QZYAA
GOLDWOOD	GOLDWOOD	homedepot.com	HTTPS://WWW.HOMEDEPOT.COM/B/GOLDWOOD/N-5YC1VZOJH
GOLIGHT	GOLIGHT	homedepot.com	HTTPS://WWW.HOMEDEPOT.COM/B/GOLIGHT/N-5YC1VZQIB
GOMOJI	GOMOJI	homedepot.com	HTTPS://WWW.HOMEDEPOT.COM/B/GOMOJI/28-IN/N-5YC1VZPPNZ1Z0WIYG
GOMOJI	GOMOJI	homedepot.com	HTTPS://WWW.HOMEDEPOT.COM/B/GOMOJI/N-5YC1VZPPN
GOMOJI	GOMOJI	homedepot.com	HTTPS://WWW.HOMEDEPOT.COM/B/GOMOJI/FABRIC/N-5YC1VZPPNZ1Z0V8U1
GONEFISHING	GONEFISHING	homedepot.com	HTTPS://WWW.HOMEDEPOT.COM/B/SPORTS-OUTDOORS-FISHING-GEAR/GONE-FISHING/N-5YC1VZC45TZEPD
GONZONATURALMAGIC	GONZONATURALMAGIC	homedepot.com	HTTPS://WWW.HOMEDEPOT.COM/B/CLEANING-CLEANING-PRODUCTS-ROOM-FRESHENERS-ODOR-ELIMINATORS/GONZO-NATURAL-MAGIC/N-5YC1VZCB2UZHTH
GOODCOOK	GOODCOOK	homedepot.com	HTTPS://WWW.HOMEDEPOT.COM/B/KITCHEN-KITCHENWARE-BAKEWARE/GOODCOOK/N-5YC1VZAR82ZUK2
GOODDIRECTIONS	GOODDIRECTIONS	homedepot.com	HTTPS://WWW.HOMEDEPOT.COM/B/GOOD-DIRECTIONS/N-5YC1VZ25J
GOODDIRECTIONS	GOODDIRECTIONS	homedepot.com	HTTPS://WWW.HOMEDEPOT.COM/B/OUTDOORS-GARDEN-CENTER/GOOD-DIRECTIONS/N-5YC1VZBX6KZ25J
GOODECO	GOODECO	homedepot.com	HTTPS://WWW.HOMEDEPOT.COM/B/OUTDOORS-GARDEN-CENTER-OUTDOOR-DECOR-GARDEN-STATUES/GOODECO/N-5YC1VZC6NTZV97
GOODECO	GOODECO	homedepot.com	HTTPS://WWW.HOMEDEPOT.COM/B/OUTDOORS-GARDEN-CENTER-PLANTERS-PLANT-POTS/GOODECO/N-5YC1VZBX87ZV97
GOODIDEAS	GOODIDEAS	homedepot.com	HTTPS://WWW.HOMEDEPOT.COM/B/GOOD-IDEAS/N-5YC1VZ4YK
GOODLUMENSBYMADISONAVENUE	GOODLUMENSBYMADISONAVENUE	homedepot.com	HTTPS://WWW.HOMEDEPOT.COM/B/LIGHTING/GOOD-LUMENS-BY-MADISON-AVENUE/N-5YC1VZBVN5ZG0X
GOODLUMENSBYMADISONAVENUE	GOODLUMENSBYMADISONAVENUE	homedepot.com	HTTPS://WWW.HOMEDEPOT.COM/B/LIGHTING-OUTDOOR-LIGHTING-OUTDOOR-WALL-LIGHTING/GOOD-LUMENS-BY-MADISON-AVENUE/N-5YC1VZC7QQZG0X
GOODLUMENSBYMADISONAVENUE	GOODLUMENSBYMADISONAVENUE	homedepot.com	HTTPS://WWW.HOMEDEPOT.COM/B/LIGHTING-CHANDELIERS/GOOD-LUMENS-BY-MADISON-AVENUE/N-5YC1VZC7O0ZG0X
GOODLUMENSBYMADISONAVENUE	GOODLUMENSBYMADISONAVENUE	homedepot.com	HTTPS://WWW.HOMEDEPOT.COM/B/LIGHTING/GOOD-LUMENS-BY-MADISON-AVENUE/MODERN/N-5YC1VZBVN5ZG0XZ1Z0JYLO
GOODLUMENSBYMADISONAVENUE	GOODLUMENSBYMADISONAVENUE	homedepot.com	HTTPS://WWW.HOMEDEPOT.COM/B/LIGHTING-PENDANT-LIGHTS/GOOD-LUMENS-BY-MADISON-AVENUE/N-5YC1VZC7NUZG0X
GOODLUMENSBYMADISONAVENUE	GOODLUMENSBYMADISONAVENUE	homedepot.com	HTTPS://WWW.HOMEDEPOT.COM/B/LIGHTING-VANITY-LIGHTING/GOOD-LUMENS-BY-MADISON-AVENUE/N-5YC1VZC7PRZG0X
GOODLUMENSBYMADISONAVENUE	GOODLUMENSBYMADISONAVENUE	homedepot.com	HTTPS://WWW.HOMEDEPOT.COM/B/LIGHTING-OUTDOOR-LIGHTING/GOOD-LUMENS-BY-MADISON-AVENUE/N-5YC1VZC7QVZG0X
GOODLUMENSBYMADISONAVENUE	GOODLUMENSBYMADISONAVENUE	homedepot.com	HTTPS://WWW.HOMEDEPOT.COM/B/LIGHTING/GOOD-LUMENS-BY-MADISON-AVENUE/CHROME/N-5YC1VZBVN5ZG0XZ1Z0W30Y
GOODLUMENSBYMADISONAVENUE	GOODLUMENSBYMADISONAVENUE	homedepot.com	HTTPS://WWW.HOMEDEPOT.COM/B/GOOD-LUMENS-BY-MADISON-AVENUE/BLACK/N-5YC1VZG0XZ1Z1163S
GOODLUMENSBYMADISONAVENUE	GOODLUMENSBYMADISONAVENUE	homedepot.com	HTTPS://WWW.HOMEDEPOT.COM/B/LIGHTING-VANITY-LIGHTING/GOOD-LUMENS-BY-MADISON-AVENUE/CHROME/N-5YC1VZC7PRZG0XZ1Z0W30Y
GOODLUMENSBYMADISONAVENUE	GOODLUMENSBYMADISONAVENUE	homedepot.com	HTTPS://WWW.HOMEDEPOT.COM/B/LIGHTING-CHANDELIERS/GOOD-LUMENS-BY-MADISON-AVENUE/FARMHOUSE/N-5YC1VZC7O0ZG0XZ1Z17PRU
GOODLUMENSBYMADISONAVENUE	GOODLUMENSBYMADISONAVENUE	homedepot.com	HTTPS://WWW.HOMEDEPOT.COM/B/LIGHTING-PENDANT-LIGHTS/GOOD-LUMENS-BY-MADISON-AVENUE/ISLAND/N-5YC1VZC7NUZG0XZ1Z0OWSQ
GOODLUMENSBYMADISONAVENUE	GOODLUMENSBYMADISONAVENUE	homedepot.com	HTTPS://WWW.HOMEDEPOT.COM/B/LIGHTING-CHANDELIERS/GOOD-LUMENS-BY-MADISON-AVENUE/HARDWARE-INCLUDED/N-5YC1VZC7O0ZG0XZ1Z0RWUZ
GOODLUMENSBYMADISONAVENUE	GOODLUMENSBYMADISONAVENUE	homedepot.com	HTTPS://WWW.HOMEDEPOT.COM/B/LIGHTING-OUTDOOR-LIGHTING-OUTDOOR-WALL-LIGHTING-OUTDOOR-SCONCES/GOOD-LUMENS-BY-MADISON-AVENUE/N-5YC1VZCDPUZG0X
GOODMAN	GOODMAN	homedepot.com	HTTPS://WWW.HOMEDEPOT.COM/B/HEATING-VENTING-COOLING-AIR-CONDITIONERS/GOODMAN/N-5YC1VZC4MEZIT2
GOODVIBRATIONS	GOODVIBRATIONS	homedepot.com	HTTPS://WWW.HOMEDEPOT.COM/B/GOOD-VIBRATIONS/N-5YC1VZCA8
GOODYO	GOODYO	homedepot.com	HTTPS://WWW.HOMEDEPOT.COM/B/BATH-BATHROOM-STORAGE/GOODYO/N-5YC1VZCFVMZVBV
GOOFOFF	GOOFOFF	homedepot.com	HTTPS://WWW.HOMEDEPOT.COM/B/GOOF-OFF/N-5YC1VZ4JX
GOOFPROOFSHOWER	GOOFPROOFSHOWER	homedepot.com	HTTPS://WWW.HOMEDEPOT.COM/B/GOOF-PROOF-SHOWER/N-5YC1VZ8GC
GOOSEDOWN	GOOSEDOWN	homedepot.com	HTTPS://WWW.HOMEDEPOT.COM/B/HOME-DECOR-BEDDING-BED-PILLOWS/GOOSE-DOWN/N-5YC1VZC3PVZ1Z17K5A
GOPLUS	GOPLUS	homedepot.com	HTTPS://WWW.HOMEDEPOT.COM/B/GOPLUS/N-5YC1VZPTR
GOPONG	GOPONG	homedepot.com	HTTPS://WWW.HOMEDEPOT.COM/B/GOPONG/N-5YC1VZN20
GORDONSKYLIGHT	GORDONSKYLIGHT	homedepot.com	HTTPS://WWW.HOMEDEPOT.COM/B/GORDON-SKYLIGHT/N-5YC1VZ7KM
GORDONSKYLIGHT	GORDONSKYLIGHT	homedepot.com	HTTPS://WWW.HOMEDEPOT.COM/B/DOORS-WINDOWS-WINDOWS-SKYLIGHTS/GORDON-SKYLIGHT/N-5YC1VZC5EOZ7KM
GORDONSKYLIGHT	GORDONSKYLIGHT	homedepot.com	HTTPS://WWW.HOMEDEPOT.COM/B/DOORS-WINDOWS-WINDOWS/GORDON-SKYLIGHT/N-5YC1VZAQ1WZ7KM
GORDONSKYLIGHT	GORDONSKYLIGHT	homedepot.com	HTTPS://WWW.HOMEDEPOT.COM/B/DOORS-WINDOWS-WINDOWS-SKYLIGHTS-FIXED-SKYLIGHTS/GORDON-SKYLIGHT/PLASTIC/N-5YC1VZC5ENZ7KMZ1Z1C2GV
GORILLACARTS	GORILLACARTS	homedepot.com	HTTPS://WWW.HOMEDEPOT.COM/B/OUTDOORS-GARDEN-CENTER-GARDEN-TOOLS-GARDEN-CARTS/GORILLA-CARTS/N-5YC1VZC5QLZRGU
GORILLAEASYCONNECT	GORILLAEASYCONNECT	homedepot.com	HTTPS://WWW.HOMEDEPOT.COM/B/GORILLA-EASY-CONNECT/N-5YC1VZYLN
GORILLAGRIP	GORILLAGRIP	homedepot.com	HTTPS://WWW.HOMEDEPOT.COM/B/GORILLA-GRIP/N-5YC1VZPVT
GORILLALADDERS	GORILLALADDERS	homedepot.com	HTTPS://WWW.HOMEDEPOT.COM/B/BUILDING-MATERIALS-LADDERS-MULTI-POSITION-LADDERS/GORILLA-LADDERS/N-5YC1VZASEWZNO
GORILLALADDERS	GORILLALADDERS	homedepot.com	HTTPS://WWW.HOMEDEPOT.COM/B/GORILLA-LADDERS/N-5YC1VZNO
GORILLALADDERS	GORILLALADDERS	homedepot.com	HTTPS://WWW.HOMEDEPOT.COM/B/BUILDING-MATERIALS-LADDERS/GORILLA-LADDERS/N-5YC1VZAQNPZNO
GORILLALADDERS	GORILLALADDERS	homedepot.com	HTTPS://WWW.HOMEDEPOT.COM/B/BUILDING-MATERIALS-LADDERS-STEP-STOOLS/GORILLA-LADDERS/N-5YC1VZARJAZNO
GORILLALADDERS	GORILLALADDERS	homedepot.com	HTTPS://WWW.HOMEDEPOT.COM/B/BUILDING-MATERIALS-LADDERS-MULTI-POSITION-LADDERS/GORILLA-LADDERS/18-FT/N-5YC1VZASEWZNOZ1Z1A4A7
GORILLALIFT	GORILLALIFT	homedepot.com	HTTPS://WWW.HOMEDEPOT.COM/B/GARAGE-AUTOMOTIVE-TOWING-EQUIPMENT-TRAILER-PARTS-ACCESSORIES/GORILLA-LIFT/N-5YC1VZC8SMZTML
GORILLAPLAYSETS	GORILLAPLAYSETS	homedepot.com	HTTPS://WWW.HOMEDEPOT.COM/B/PLAYGROUND-SETS-SWING-SETS/GORILLA-PLAYSETS/N-5YC1VZC5PKZ20M
GORILLAPLAYSETS	GORILLAPLAYSETS	homedepot.com	HTTPS://WWW.HOMEDEPOT.COM/B/GORILLA-PLAYSETS/N-5YC1VZ20M
GORILLARACK	GORILLARACK	homedepot.com	HTTPS://WWW.HOMEDEPOT.COM/B/GARAGE-GARAGE-STORAGE/GORILLA-RACK/N-5YC1VZARMIZB6G
GORILLARACK	GORILLARACK	homedepot.com	HTTPS://WWW.HOMEDEPOT.COM/B/GARAGE-GARAGE-STORAGE-GARAGE-SHELVING-METAL-SHELVING/GORILLA-RACK/N-5YC1VZCCYMZB6G
GORILLARACK	GORILLARACK	homedepot.com	HTTPS://WWW.HOMEDEPOT.COM/B/STORAGE-ORGANIZATION/GORILLA-RACK/N-5YC1VZAS7EZB6G
GORILLARACK	GORILLARACK	homedepot.com	HTTPS://WWW.HOMEDEPOT.COM/B/STORAGE-ORGANIZATION-SHELVING-FREESTANDING-SHELVING-UNITS/GORILLA-RACK/N-5YC1VZCKSRZB6G
GOSPORTS	GOSPORTS	homedepot.com	HTTPS://WWW.HOMEDEPOT.COM/B/GOSPORTS/N-5YC1VZN0Y
GOSPORTS	GOSPORTS	homedepot.com	HTTPS://WWW.HOMEDEPOT.COM/B/SPORTS-OUTDOORS-GAMES/GOSPORTS/N-5YC1VZC466ZN0Y
GOSUN	GOSUN	homedepot.com	HTTPS://WWW.HOMEDEPOT.COM/B/GOSUN/N-5YC1VZHBB
GOSUND	GOSUND	homedepot.com	HTTPS://WWW.HOMEDEPOT.COM/B/GOSUND/N-5YC1VZUB6
GOTHAMSTEEL	GOTHAMSTEEL	homedepot.com	HTTPS://WWW.HOMEDEPOT.COM/B/KITCHEN-KITCHENWARE-COOKWARE/GOTHAM-STEEL/N-5YC1VZC7G9ZGIU
GOTOW	GOTOW	homedepot.com	HTTPS://WWW.HOMEDEPOT.COM/B/AUTOMOTIVE-TOWING-EQUIPMENT/GOTOW/N-5YC1VZC8N0ZP8A
GOTOW	GOTOW	homedepot.com	HTTPS://WWW.HOMEDEPOT.COM/B/AUTOMOTIVE-TOWING-EQUIPMENT-HITCHES/GOTOW/N-5YC1VZC8NDZP8A
GOTOW	GOTOW	homedepot.com	HTTPS://WWW.HOMEDEPOT.COM/B/AUTOMOTIVE-TOWING-EQUIPMENT-HITCHES-BALL-MOUNTS/GOTOW/N-5YC1VZC8MYZP8A
GOTOW	GOTOW	homedepot.com	HTTPS://WWW.HOMEDEPOT.COM/B/AUTOMOTIVE/GOTOW/N-5YC1VZC8O1ZP8A
GOULDS	GOULDS	homedepot.com	HTTPS://WWW.HOMEDEPOT.COM/B/PLUMBING-WATER-PUMPS/GOULDS/N-5YC1VZBQLBZQWW
GOULDSWATERTECHNOLOGY	GOULDSWATERTECHNOLOGY	homedepot.com	HTTPS://WWW.HOMEDEPOT.COM/B/PLUMBING-WATER-PUMPS/GOULDS-WATER-TECHNOLOGY/N-5YC1VZBQLBZRJR
GOULDSWATERTECHNOLOGY	GOULDSWATERTECHNOLOGY	homedepot.com	HTTPS://WWW.HOMEDEPOT.COM/B/GOULDS-WATER-TECHNOLOGY/N-5YC1VZRJR
GOURMATE	GOURMATE	homedepot.com	HTTPS://WWW.HOMEDEPOT.COM/B/GOURMATE/N-5YC1VZY6G
GOURMATE	GOURMATE	homedepot.com	HTTPS://WWW.HOMEDEPOT.COM/B/APPLIANCES-SMALL-KITCHEN-APPLIANCES/GOURMATE/N-5YC1VZBV48ZY6G
GOURMATE	GOURMATE	homedepot.com	HTTPS://WWW.HOMEDEPOT.COM/B/GOURMATE/OVAL/N-5YC1VZY6GZ1Z1AB37
GOURMETBASICSBYMIKASA	GOURMETBASICSBYMIKASA	homedepot.com	HTTPS://WWW.HOMEDEPOT.COM/B/GOURMET-BASICS-BY-MIKASA/N-5YC1VZGVG
GOURMETCHEF	GOURMETCHEF	homedepot.com	HTTPS://WWW.HOMEDEPOT.COM/B/KITCHEN-KITCHENWARE-COOKWARE/GOURMET-CHEF/N-5YC1VZC7G9ZGPQ
GOURMETCHEF	GOURMETCHEF	homedepot.com	HTTPS://WWW.HOMEDEPOT.COM/B/KITCHEN-KITCHENWARE/GOURMET-CHEF/N-5YC1VZAQZOZGPQ
GOURMETCHEF	GOURMETCHEF	homedepot.com	HTTPS://WWW.HOMEDEPOT.COM/B/GOURMET-CHEF/15/N-5YC1VZGPQZ1Z0R77B
GOURMETEXPRESSIONS	GOURMETEXPRESSIONS	homedepot.com	HTTPS://WWW.HOMEDEPOT.COM/B/KITCHEN-TABLEWARE-BAR-DINNERWARE/GOURMET-EXPRESSIONS/N-5YC1VZCEXXZO8I
GOURMETEXPRESSIONS	GOURMETEXPRESSIONS	homedepot.com	HTTPS://WWW.HOMEDEPOT.COM/B/KITCHEN-TABLEWARE-BAR-DINNERWARE-DINNERWARE-SETS/GOURMET-EXPRESSIONS/N-5YC1VZCEXAZO8I
GOVEE	GOVEE	homedepot.com	HTTPS://WWW.HOMEDEPOT.COM/B/GOVEE/N-5YC1VZVKU
GOWARMER	GOWARMER	homedepot.com	HTTPS://WWW.HOMEDEPOT.COM/B/HEATING-VENTING-COOLING-HEATERS-WALL-HEATERS/GO-WARMER/N-5YC1VZC4K3ZRCJ
GOWISEUSA	GOWISEUSA	homedepot.com	HTTPS://WWW.HOMEDEPOT.COM/B/GOWISE-USA/N-5YC1VZH94
GOWISEUSA	GOWISEUSA	homedepot.com	HTTPS://WWW.HOMEDEPOT.COM/B/APPLIANCES-SMALL-KITCHEN-APPLIANCES-AIR-FRYERS/GOWISE-USA/N-5YC1VZ1Z18GDRZH94
GOWISEUSA	GOWISEUSA	homedepot.com	HTTPS://WWW.HOMEDEPOT.COM/B/APPLIANCES-SMALL-KITCHEN-APPLIANCES/GOWISE-USA/N-5YC1VZBV48ZH94
GOYEEL	GOYEEL	homedepot.com	HTTPS://WWW.HOMEDEPOT.COM/B/LIGHTING/GOYEEL/N-5YC1VZBVN5ZYJ8
GOYEEL	GOYEEL	homedepot.com	HTTPS://WWW.HOMEDEPOT.COM/B/GOYEEL/INTEGRATED-LED/N-5YC1VZYJ8Z1Z0O8RO
GOYEEL	GOYEEL	homedepot.com	HTTPS://WWW.HOMEDEPOT.COM/B/LIGHTING-CEILING-FANS/GOYEEL/N-5YC1VZBVLQZYJ8
GOYEEL	GOYEEL	homedepot.com	HTTPS://WWW.HOMEDEPOT.COM/B/GOYEEL/METAL/N-5YC1VZYJ8Z1Z18O90?NAO=72
GOZNEY	GOZNEY	homedepot.com	HTTPS://WWW.HOMEDEPOT.COM/B/OUTDOORS-OUTDOOR-COOKING-OUTDOOR-KITCHENS-PIZZA-OVENS/GOZNEY/N-5YC1VZCD7QZXN1
GOZNEY	GOZNEY	homedepot.com	HTTPS://WWW.HOMEDEPOT.COM/B/GOZNEY/N-5YC1VZXN1
GRABBERBUDDY	GRABBERBUDDY	homedepot.com	HTTPS://WWW.HOMEDEPOT.COM/B/TOOLS-HAND-TOOLS/GRABBER-BUDDY/N-5YC1VZC1ZGZFAN
GRABBERBUDDY	GRABBERBUDDY	homedepot.com	HTTPS://WWW.HOMEDEPOT.COM/B/GRABBER-BUDDY/N-5YC1VZFAN
GRABBERCONSTRUCTIONPRODUCTS	GRABBERCONSTRUCTIONPRODUCTS	homedepot.com	HTTPS://WWW.HOMEDEPOT.COM/B/GRABBER-CONSTRUCTION-PRODUCTS/N-5YC1VZST7
GRABBERCONSTRUCTIONPRODUCTS	GRABBERCONSTRUCTIONPRODUCTS	homedepot.com	HTTPS://WWW.HOMEDEPOT.COM/B/GRABBER-CONSTRUCTION-PRODUCTS/1-IN/N-5YC1VZST7Z1Z0SG1C
GRABCESSORIES	GRABCESSORIES	homedepot.com	HTTPS://WWW.HOMEDEPOT.COM/B/GRABCESSORIES/N-5YC1VZAK4
GRABCESSORIES	GRABCESSORIES	homedepot.com	HTTPS://WWW.HOMEDEPOT.COM/B/BATH-BATHROOM-SAFETY-GRAB-BARS/GRABCESSORIES/N-5YC1VZCFVBZAK4
GRABCESSORIES	GRABCESSORIES	homedepot.com	HTTPS://WWW.HOMEDEPOT.COM/B/BATH-BATHROOM-SAFETY-GRAB-BARS/GRABCESSORIES/STAINLESS-STEEL/N-5YC1VZCFVBZAK4Z1Z0UKAO
GRABCESSORIES	GRABCESSORIES	homedepot.com	HTTPS://WWW.HOMEDEPOT.COM/B/BATH-BATHROOM-SAFETY-GRAB-BARS/GRABCESSORIES/CONCEALED-MOUNTING-HARDWARE/N-5YC1VZCFVBZAK4Z1Z0LHHJ
GRABEASY	GRABEASY	homedepot.com	HTTPS://WWW.HOMEDEPOT.COM/B/GRABEASY/N-5YC1VZ7F2
GRABEASY	GRABEASY	homedepot.com	HTTPS://WWW.HOMEDEPOT.COM/B/PLUMBING-PLUMBING-TOOLS-DRAIN-CLEANING-TOOLS/GRABEASY/N-5YC1VZBQNCZ7F2
GRABEASY	GRABEASY	homedepot.com	HTTPS://WWW.HOMEDEPOT.COM/B/PLUMBING-PLUMBING-TOOLS-DRAIN-CLEANING-TOOLS-DRAIN-SNAKES/GRABEASY/N-5YC1VZBQOEZ7F2
GRACIOUSLIVING	GRACIOUSLIVING	homedepot.com	HTTPS://WWW.HOMEDEPOT.COM/B/GRACIOUS-LIVING/N-5YC1VZQ1P
GRACIOUSLIVING	GRACIOUSLIVING	homedepot.com	HTTPS://WWW.HOMEDEPOT.COM/B/STORAGE-ORGANIZATION/GRACIOUS-LIVING/N-5YC1VZAS7EZQ1P
GRACIOUSLIVING	GRACIOUSLIVING	homedepot.com	HTTPS://WWW.HOMEDEPOT.COM/B/STORAGE-ORGANIZATION-STORAGE-CONTAINERS/GRACIOUS-LIVING/N-5YC1VZCFZIZQ1P
GRACIOUSLIVINGINNOVATIONS	GRACIOUSLIVINGINNOVATIONS	homedepot.com	HTTPS://WWW.HOMEDEPOT.COM/B/GRACIOUS-LIVING-INNOVATIONS/N-5YC1VZTPW
GRACIOUSLIVINGINNOVATIONS	GRACIOUSLIVINGINNOVATIONS	homedepot.com	HTTPS://WWW.HOMEDEPOT.COM/B/LUMBER-COMPOSITES-DECKING/GRACIOUS-LIVING-INNOVATIONS/N-5YC1VZBQMGZTPW
GRACO	GRACO	homedepot.com	HTTPS://WWW.HOMEDEPOT.COM/B/PAINT-PAINT-SUPPLIES-PAINT-APPLICATORS-PAINT-SPRAYERS-AIRLESS-PAINT-SPRAYERS/GRACO/N-5YC1VZARTTZ5KN
GRACO	GRACO	homedepot.com	HTTPS://WWW.HOMEDEPOT.COM/B/GRACO/N-5YC1VZ5KN
GRAHAMBROWN	GRAHAMBROWN	homedepot.com	HTTPS://WWW.HOMEDEPOT.COM/B/GRAHAM-BROWN/N-5YC1VZ3PS
GRAHAMBROWN	GRAHAMBROWN	homedepot.com	HTTPS://WWW.HOMEDEPOT.COM/B/HOME-DECOR-WALLPAPER/GRAHAM-BROWN/N-5YC1VZBC0QZ3PS
GRAINTEX	GRAINTEX	homedepot.com	HTTPS://WWW.HOMEDEPOT.COM/B/GARAGE-TOOL-STORAGE-TOOL-BELTS/GRAINTEX/N-5YC1VZC27ZZOS6
GRAINTEX	GRAINTEX	homedepot.com	HTTPS://WWW.HOMEDEPOT.COM/B/GRAINTEX/BEIGE/N-5YC1VZOS6Z1Z13HSJ
GRAINTEX	GRAINTEX	homedepot.com	HTTPS://WWW.HOMEDEPOT.COM/B/TOOLS/GRAINTEX/N-5YC1VZC1XYZOS6
GRANDEURHARDWARE	GRANDEURHARDWARE	homedepot.com	HTTPS://WWW.HOMEDEPOT.COM/B/HARDWARE-DOOR-HARDWARE/GRANDEUR-HARDWARE/N-5YC1VZC213ZMRD
GRANDFUSIONHOUSEWARES	GRANDFUSIONHOUSEWARES	homedepot.com	HTTPS://WWW.HOMEDEPOT.COM/B/GRAND-FUSION-HOUSEWARES/N-5YC1VZGWU
GRANDFUSIONHOUSEWARES	GRANDFUSIONHOUSEWARES	homedepot.com	HTTPS://WWW.HOMEDEPOT.COM/B/SPORTS-OUTDOORS-CAMPING-HUNTING-FISHING-HIKING-CAMPING-GEAR/GRAND-FUSION-HOUSEWARES/N-5YC1VZC452ZGWU
GRANDJOY	GRANDJOY	homedepot.com	HTTPS://WWW.HOMEDEPOT.COM/B/GRANDJOY/N-5YC1VZXPY
GRANDJOY	GRANDJOY	homedepot.com	HTTPS://WWW.HOMEDEPOT.COM/B/BATH-BATHROOM-FAUCETS-BATHROOM-SINK-FAUCETS/GRANDJOY/N-5YC1VZC8D3ZXPY
GRANDJOY	GRANDJOY	homedepot.com	HTTPS://WWW.HOMEDEPOT.COM/B/BATH-BATHROOM-FAUCETS-SHOWER-SYSTEMS/GRANDJOY/N-5YC1VZCD03ZXPY
GRANDJOY	GRANDJOY	homedepot.com	HTTPS://WWW.HOMEDEPOT.COM/B/BATH-BATHROOM-FAUCETS-BATHTUB-FAUCETS/GRANDJOY/N-5YC1VZCD07ZXPY
GRANDJOY	GRANDJOY	homedepot.com	HTTPS://WWW.HOMEDEPOT.COM/B/BATH-BATHROOM-FAUCETS-SHOWER-HEADS/GRANDJOY/N-5YC1VZCJOCZXPY
GRANDJOY	GRANDJOY	homedepot.com	HTTPS://WWW.HOMEDEPOT.COM/B/GRANDJOY/LIFETIME-WARRANTY/N-5YC1VZXPYZ1Z0SAQX
GRANDJOY	GRANDJOY	homedepot.com	HTTPS://WWW.HOMEDEPOT.COM/B/BATH-BATHROOM-FAUCETS/GRANDJOY/N-5YC1VZBREOZXPY
GRANDPAGUSS	GRANDPAGUSS	homedepot.com	HTTPS://WWW.HOMEDEPOT.COM/B/GRANDPA-GUSS/N-5YC1VZYY7
GRANDPAGUSS	GRANDPAGUSS	homedepot.com	HTTPS://WWW.HOMEDEPOT.COM/B/OUTDOORS-GARDEN-CENTER-PEST-CONTROL/GRANDPA-GUSS/N-5YC1VZBX4WZYY7
GRANDPATIO	GRANDPATIO	homedepot.com	HTTPS://WWW.HOMEDEPOT.COM/B/GRAND-PATIO/N-5YC1VZV07
GRANDPATIO	GRANDPATIO	homedepot.com	HTTPS://WWW.HOMEDEPOT.COM/B/OUTDOORS-PATIO-FURNITURE-PATIO-DINING-FURNITURE/GRAND-PATIO/N-5YC1VZBXDRZV07
GRANDPATIO	GRANDPATIO	homedepot.com	HTTPS://WWW.HOMEDEPOT.COM/B/OUTDOORS-PATIO-FURNITURE/GRAND-PATIO/N-5YC1VZBX4OZV07
GRANDPATIO	GRANDPATIO	homedepot.com	HTTPS://WWW.HOMEDEPOT.COM/B/OUTDOORS-PATIO-FURNITURE-PATIO-CHAIRS-OUTDOOR-ROCKING-CHAIRS/GRAND-PATIO/N-5YC1VZCCGEZV07
GRANDPATIO	GRANDPATIO	homedepot.com	HTTPS://WWW.HOMEDEPOT.COM/B/OUTDOORS/GRAND-PATIO/N-5YC1VZBX82ZV07
GRANDTIES	GRANDTIES	homedepot.com	HTTPS://WWW.HOMEDEPOT.COM/B/GRANDTIES/N-5YC1VZUCW
GRANDVIEWGALLERY	GRANDVIEWGALLERY	homedepot.com	HTTPS://WWW.HOMEDEPOT.COM/B/LIGHTING-LAMPS/GRANDVIEW-GALLERY/N-5YC1VZC7PDZS1N
GRANDVIEWGALLERY	GRANDVIEWGALLERY	homedepot.com	HTTPS://WWW.HOMEDEPOT.COM/B/GRANDVIEW-GALLERY/N-5YC1VZS1N
GRANDVIEWGALLERY	GRANDVIEWGALLERY	homedepot.com	HTTPS://WWW.HOMEDEPOT.COM/B/LIGHTING-LAMPS-TABLE-LAMPS/GRANDVIEW-GALLERY/N-5YC1VZC7PTZS1N
GRANDVIEWGALLERY	GRANDVIEWGALLERY	homedepot.com	HTTPS://WWW.HOMEDEPOT.COM/B/LIGHTING-LAMPS-LAMP-SETS/GRANDVIEW-GALLERY/N-5YC1VZC7O8ZS24
GRANDVIEWGALLERY	GRANDVIEWGALLERY	homedepot.com	HTTPS://WWW.HOMEDEPOT.COM/B/GRANDVIEW-GALLERY/1-YEAR-LIMITED/N-5YC1VZS1NZ1Z0SACR
GRANDVIEWGALLERY	GRANDVIEWGALLERY	homedepot.com	HTTPS://WWW.HOMEDEPOT.COM/B/GRANDVIEW-GALLERY/1/N-5YC1VZS1NZ1Z18NUT
GRANDVIEWGALLERY	GRANDVIEWGALLERY	homedepot.com	HTTPS://WWW.HOMEDEPOT.COM/B/GRANDVIEW-GALLERY/E26/N-5YC1VZS1NZ1Z0TP3J
GRANDVIEWGALLERY	GRANDVIEWGALLERY	homedepot.com	HTTPS://WWW.HOMEDEPOT.COM/B/LIGHTING/GRANDVIEW-GALLERY/N-5YC1VZBVN5ZS1N
GRANDVIEWGALLERY	GRANDVIEWGALLERY	homedepot.com	HTTPS://WWW.HOMEDEPOT.COM/B/GRANDVIEW-GALLERY/BLUE/N-5YC1VZS1NZ1Z0U7KJ
GRANDWALNUT	GRANDWALNUT	homedepot.com	HTTPS://WWW.HOMEDEPOT.COM/B/FURNITURE/GRAND-WALNUT/N-5YC1VZC7PCZ1Z0K123
GRANDWALNUT	GRANDWALNUT	homedepot.com	HTTPS://WWW.HOMEDEPOT.COM/B/FURNITURE-BEDROOM-FURNITURE-DRESSERS/GRAND-WALNUT/N-5YC1VZC7PWZ1Z0K123
GRANITEGOLD	GRANITEGOLD	homedepot.com	HTTPS://WWW.HOMEDEPOT.COM/B/GRANITE-GOLD/N-5YC1VZC6T
GRANITEGOLD	GRANITEGOLD	homedepot.com	HTTPS://WWW.HOMEDEPOT.COM/B/CLEANING-CLEANING-PRODUCTS/GRANITE-GOLD/N-5YC1VZCB33ZC6T
GRANITEGOLD	GRANITEGOLD	homedepot.com	HTTPS://WWW.HOMEDEPOT.COM/B/CLEANING/GRANITE-GOLD/N-5YC1VZBQSIZC6T
GRANITESTONE	GRANITESTONE	homedepot.com	HTTPS://WWW.HOMEDEPOT.COM/B/KITCHEN-KITCHENWARE-COOKWARE/GRANITESTONE/N-5YC1VZC7G9ZQ3P
GRAPEVINE	GRAPEVINE	homedepot.com	HTTPS://WWW.HOMEDEPOT.COM/B/OUTDOORS-GARDEN-CENTER-OUTDOOR-PLANTS-EDIBLE-GARDEN-FRUIT-PLANTS/GRAPE-VINE/N-5YC1VZC8R1Z1Z1BQEW
GRAY	GRAY	homedepot.com	HTTPS://WWW.HOMEDEPOT.COM/B/PAINT-PAINT-COLORS/GRAY/N-5YC1VZCAW8Z1Z19X95
GREASEDLIGHTNING	GREASEDLIGHTNING	homedepot.com	HTTPS://WWW.HOMEDEPOT.COM/B/GREASED-LIGHTNING/N-5YC1VZ41K
GREATAMERICANPRODUCTS	GREATAMERICANPRODUCTS	homedepot.com	HTTPS://WWW.HOMEDEPOT.COM/B/GREAT-AMERICAN-PRODUCTS/N-5YC1VZMKZ
GREATBAYHOME	GREATBAYHOME	homedepot.com	HTTPS://WWW.HOMEDEPOT.COM/B/GREAT-BAY-HOME/N-5YC1VZHNJ
GREATBAYHOME	GREATBAYHOME	homedepot.com	HTTPS://WWW.HOMEDEPOT.COM/B/HOME-DECOR-BEDDING-BEDDING-SETS/GREAT-BAY-HOME/N-5YC1VZ2FKOR2VZHNJ
GREATBIGCANVAS	GREATBIGCANVAS	homedepot.com	HTTPS://WWW.HOMEDEPOT.COM/B/GREATBIGCANVAS/N-5YC1VZMZQ
GREATLAKESTIN	GREATLAKESTIN	homedepot.com	HTTPS://WWW.HOMEDEPOT.COM/B/BUILDING-MATERIALS-CEILINGS-CEILING-TILES/GREAT-LAKES-TIN/N-5YC1VZC58LZEYY
GREATNECKSAW	GREATNECKSAW	homedepot.com	HTTPS://WWW.HOMEDEPOT.COM/B/GREAT-NECK-SAW/N-5YC1VZ8GV
GREATNECKSAW	GREATNECKSAW	homedepot.com	HTTPS://WWW.HOMEDEPOT.COM/B/TOOLS-POWER-TOOLS/GREAT-NECK-SAW/N-5YC1VZC298Z8GV
GREATNECKSAW	GREATNECKSAW	homedepot.com	HTTPS://WWW.HOMEDEPOT.COM/B/TOOLS/GREAT-NECK-SAW/N-5YC1VZC1XYZ8GV
GREATNORTHERN	GREATNORTHERN	homedepot.com	HTTPS://WWW.HOMEDEPOT.COM/B/GREAT-NORTHERN/N-5YC1VZ7IF
GREATSTATES	GREATSTATES	homedepot.com	HTTPS://WWW.HOMEDEPOT.COM/B/OUTDOORS-OUTDOOR-POWER-EQUIPMENT-LAWN-MOWERS-REEL-LAWN-MOWERS/GREAT-STATES/N-5YC1VZC5AVZN3S
GREATSTUFF	GREATSTUFF	homedepot.com	HTTPS://WWW.HOMEDEPOT.COM/B/BUILDING-MATERIALS-INSULATION-SPRAY-FOAM-INSULATION/GREAT-STUFF/N-5YC1VZBAXJZ4NH
GREATTAPE	GREATTAPE	homedepot.com	HTTPS://WWW.HOMEDEPOT.COM/B/GREAT-TAPE/N-5YC1VZH9H
GREATTAPE	GREATTAPE	homedepot.com	HTTPS://WWW.HOMEDEPOT.COM/B/FLOORING-FLOORING-SUPPLIES-FLOORING-TOOLS-FLOOR-TAPE/GREAT-TAPE/N-5YC1VZCDT7ZH9H
GREATTAPE	GREATTAPE	homedepot.com	HTTPS://WWW.HOMEDEPOT.COM/B/FLOORING-FLOORING-SUPPLIES-FLOORING-TOOLS/GREAT-TAPE/N-5YC1VZCDTVZH9H
GREE	GREE	homedepot.com	HTTPS://WWW.HOMEDEPOT.COM/B/HEATING-VENTING-COOLING-MINI-SPLIT-AIR-CONDITIONERS/GREE/N-5YC1VZC4M1ZAX8
GREE	GREE	homedepot.com	HTTPS://WWW.HOMEDEPOT.COM/B/GREE/N-5YC1VZAX8
GREE	GREE	homedepot.com	HTTPS://WWW.HOMEDEPOT.COM/B/HEATING-VENTING-COOLING/GREE/N-5YC1VZC4K8ZAX8
GREE	GREE	homedepot.com	HTTPS://WWW.HOMEDEPOT.COM/B/HEATING-VENTING-COOLING-AIR-CONDITIONERS/GREE/N-5YC1VZC4MEZAX8
GREEMOTION	GREEMOTION	homedepot.com	HTTPS://WWW.HOMEDEPOT.COM/B/OUTDOORS-PATIO-FURNITURE/GREEMOTION/N-5YC1VZBX4OZY9H
GREEMOTION	GREEMOTION	homedepot.com	HTTPS://WWW.HOMEDEPOT.COM/B/OUTDOORS-PATIO-FURNITURE-PATIO-CHAIRS/GREEMOTION/N-5YC1VZC1XKZY9H
GREEMOTION	GREEMOTION	homedepot.com	HTTPS://WWW.HOMEDEPOT.COM/B/OUTDOORS-PATIO-FURNITURE-PATIO-DINING-FURNITURE-PATIO-DINING-SETS/GREEMOTION/N-5YC1VZBXDLZY9H
GREEMOTION	GREEMOTION	homedepot.com	HTTPS://WWW.HOMEDEPOT.COM/B/GREEMOTION/STEEL/N-5YC1VZY9HZ1Z0T5IJ
GREEMOTION	GREEMOTION	homedepot.com	HTTPS://WWW.HOMEDEPOT.COM/B/OUTDOORS-PATIO-FURNITURE-OUTDOOR-LOUNGE-FURNITURE-OUTDOOR-SECTIONALS/GREEMOTION/N-5YC1VZCCGDZY9H
GREENBO	GREENBO	homedepot.com	HTTPS://WWW.HOMEDEPOT.COM/B/OUTDOORS-GARDEN-CENTER-PLANTERS/GREENBO/N-5YC1VZBX81ZBB7
GREENBO	GREENBO	homedepot.com	HTTPS://WWW.HOMEDEPOT.COM/B/OUTDOORS-GARDEN-CENTER-PLANTERS-PLANT-POTS/GREENBO/N-5YC1VZBX87ZBB7
GREENCANTEEN	GREENCANTEEN	homedepot.com	HTTPS://WWW.HOMEDEPOT.COM/B/GREEN-CANTEEN/N-5YC1VZHBD
GREENCANTEEN	GREENCANTEEN	homedepot.com	HTTPS://WWW.HOMEDEPOT.COM/B/SPORTS-OUTDOORS-WATER-BOTTLES/GREEN-CANTEEN/N-5YC1VZCEXKZHBD
GREENCO	GREENCO	homedepot.com	HTTPS://WWW.HOMEDEPOT.COM/B/GREENCO/N-5YC1VZSNQ
GREENDALEHOMEFASHIONS	GREENDALEHOMEFASHIONS	homedepot.com	HTTPS://WWW.HOMEDEPOT.COM/B/GREENDALE-HOME-FASHIONS/N-5YC1VZOH2
GREENDALEHOMEFASHIONS	GREENDALEHOMEFASHIONS	homedepot.com	HTTPS://WWW.HOMEDEPOT.COM/B/OUTDOORS-PATIO-FURNITURE/GREENDALE-HOME-FASHIONS/N-5YC1VZBX4OZOH2
GREENDALEHOMEFASHIONS	GREENDALEHOMEFASHIONS	homedepot.com	HTTPS://WWW.HOMEDEPOT.COM/B/OUTDOORS-PATIO-FURNITURE-OUTDOOR-CUSHIONS/GREENDALE-HOME-FASHIONS/N-5YC1VZC5F3ZOH2
GREENDALEHOMEFASHIONS	GREENDALEHOMEFASHIONS	homedepot.com	HTTPS://WWW.HOMEDEPOT.COM/B/HOME-DECOR/GREENDALE-HOME-FASHIONS/N-5YC1VZAS6PZOH2
GREENDALEHOMEFASHIONS	GREENDALEHOMEFASHIONS	homedepot.com	HTTPS://WWW.HOMEDEPOT.COM/B/OUTDOORS-PATIO-FURNITURE/GREENDALE-HOME-FASHIONS/BLUE/N-5YC1VZBX4OZOH2Z1Z0ZX88
GREENESFENCE	GREENESFENCE	homedepot.com	HTTPS://WWW.HOMEDEPOT.COM/B/GREENES-FENCE/N-5YC1VZ6D8
GREENEVER	GREENEVER	homedepot.com	HTTPS://WWW.HOMEDEPOT.COM/B/GREENEVER/N-5YC1VZZSD
GREENEVER	GREENEVER	homedepot.com	HTTPS://WWW.HOMEDEPOT.COM/B/BATH-BIDETS-BIDET-TOILET-SEATS/GREENEVER/N-5YC1VZBZA8ZZSD
GREENEVER	GREENEVER	homedepot.com	HTTPS://WWW.HOMEDEPOT.COM/B/BATH-BIDETS/GREENEVER/N-5YC1VZCEQ2ZZSD
GREENFIBER	GREENFIBER	homedepot.com	HTTPS://WWW.HOMEDEPOT.COM/B/BUILDING-MATERIALS-INSULATION-BLOWN-IN-INSULATION/GREENFIBER/N-5YC1VZBAYPZP9C
GREENFIELDPRODUCTS	GREENFIELDPRODUCTS	homedepot.com	HTTPS://WWW.HOMEDEPOT.COM/B/GREENFIELD-PRODUCTS/N-5YC1VZQHC
GREENGOBBLER	GREENGOBBLER	homedepot.com	HTTPS://WWW.HOMEDEPOT.COM/B/GREEN-GOBBLER/N-5YC1VZDQO
GREENGOBBLER	GREENGOBBLER	homedepot.com	HTTPS://WWW.HOMEDEPOT.COM/B/CLEANING-CLEANING-PRODUCTS-DRAIN-CLEANERS/GREEN-GOBBLER/N-5YC1VZBQLJZDQO
GREENINGTON	GREENINGTON	homedepot.com	HTTPS://WWW.HOMEDEPOT.COM/B/FURNITURE/GREENINGTON/N-5YC1VZC7PCZHK4
GREENINGTON	GREENINGTON	homedepot.com	HTTPS://WWW.HOMEDEPOT.COM/B/GREENINGTON/N-5YC1VZHK4
GREENLANDGARDENER	GREENLANDGARDENER	homedepot.com	HTTPS://WWW.HOMEDEPOT.COM/B/OUTDOORS-GARDEN-CENTER/GREENLAND-GARDENER/N-5YC1VZBX6KZ9PL
GREENLANDGARDENER	GREENLANDGARDENER	homedepot.com	HTTPS://WWW.HOMEDEPOT.COM/B/OUTDOORS-GARDEN-CENTER-RAISED-GARDEN-BEDS-RAISED-PLANTER-BOXES/GREENLAND-GARDENER/N-5YC1VZ2FKPA3VZ9PL
GREENLANDGARDENER	GREENLANDGARDENER	homedepot.com	HTTPS://WWW.HOMEDEPOT.COM/B/OUTDOORS-GARDEN-CENTER-RAISED-GARDEN-BEDS/GREENLAND-GARDENER/N-5YC1VZBX7CZ9PL
GREENLANDGARDENER	GREENLANDGARDENER	homedepot.com	HTTPS://WWW.HOMEDEPOT.COM/B/GREENLAND-GARDENER/N-5YC1VZ9PL
GREENLANDHOMEFASHIONS	GREENLANDHOMEFASHIONS	homedepot.com	HTTPS://WWW.HOMEDEPOT.COM/B/GREENLAND-HOME-FASHIONS/N-5YC1VZLPF
GREENLANDHOMEFASHIONS	GREENLANDHOMEFASHIONS	homedepot.com	HTTPS://WWW.HOMEDEPOT.COM/B/HOME-DECOR/GREENLAND-HOME-FASHIONS/N-5YC1VZAS6PZLPF
GREENLANDHOMEFASHIONS	GREENLANDHOMEFASHIONS	homedepot.com	HTTPS://WWW.HOMEDEPOT.COM/B/HOME-DECOR-BEDDING-QUILTS-COVERLETS/GREENLAND-HOME-FASHIONS/N-5YC1VZC1JYZLPF
GREENLEE	GREENLEE	homedepot.com	HTTPS://WWW.HOMEDEPOT.COM/B/ELECTRICAL-ELECTRICAL-TOOLS/GREENLEE/N-5YC1VZBMC2ZO2
GREENLEE	GREENLEE	homedepot.com	HTTPS://WWW.HOMEDEPOT.COM/B/TOOLS/GREENLEE/N-5YC1VZC1XYZO2
GREENLIFE	GREENLIFE	homedepot.com	HTTPS://WWW.HOMEDEPOT.COM/B/KITCHEN-KITCHENWARE-COOKWARE/GREENLIFE/N-5YC1VZC7G9ZQBE
GREENLIFE	GREENLIFE	homedepot.com	HTTPS://WWW.HOMEDEPOT.COM/B/GREENLIFE/N-5YC1VZQBE
GREENLINE	GREENLINE	homedepot.com	HTTPS://WWW.HOMEDEPOT.COM/B/OUTDOORS-GARDEN-CENTER-ARTIFICIAL-GRASS/GREENLINE/N-5YC1VZCDGYZC6K
GREENLITE	GREENLITE	homedepot.com	HTTPS://WWW.HOMEDEPOT.COM/B/LIGHTING-LIGHT-BULBS-LED-LIGHT-BULBS/GREENLITE/N-5YC1VZBM79ZFS4
GREENLITE	GREENLITE	homedepot.com	HTTPS://WWW.HOMEDEPOT.COM/B/LIGHTING-LIGHT-BULBS/GREENLITE/N-5YC1VZBMBUZFS4
GREENLITE	GREENLITE	homedepot.com	HTTPS://WWW.HOMEDEPOT.COM/B/GREENLITE/N-5YC1VZFS4
GREENMACHINE	GREENMACHINE	homedepot.com	HTTPS://WWW.HOMEDEPOT.COM/B/GREEN-MACHINE/N-5YC1VZC7W
GREENMACHINE	GREENMACHINE	homedepot.com	HTTPS://WWW.HOMEDEPOT.COM/B/OUTDOORS-OUTDOOR-POWER-EQUIPMENT/GREEN-MACHINE/N-5YC1VZBX5CZC7W
GREENMADE	GREENMADE	homedepot.com	HTTPS://WWW.HOMEDEPOT.COM/B/STORAGE-ORGANIZATION-STORAGE-CONTAINERS/GREENMADE/N-5YC1VZCFZIZPGK
GREENMADE	GREENMADE	homedepot.com	HTTPS://WWW.HOMEDEPOT.COM/B/STORAGE-ORGANIZATION-STORAGE-CONTAINERS-STORAGE-BINS/GREENMADE/N-5YC1VZCL3ZZPGK
GREENMADE	GREENMADE	homedepot.com	HTTPS://WWW.HOMEDEPOT.COM/B/GREENMADE/N-5YC1VZPGK
GREENMOUNTAINCOFFEEROASTERS	GREENMOUNTAINCOFFEEROASTERS	homedepot.com	HTTPS://WWW.HOMEDEPOT.COM/B/FOOD-GIFTS-BEVERAGES-COFFEE/GREEN-MOUNTAIN-COFFEE-ROASTERS/N-5YC1VZ2FKONXSZQOY
GREENMOUNTAINPRODUCTS	GREENMOUNTAINPRODUCTS	homedepot.com	HTTPS://WWW.HOMEDEPOT.COM/B/GREEN-MOUNTAIN-PRODUCTS/N-5YC1VZPW4
GREENPROMISEFARMS	GREENPROMISEFARMS	homedepot.com	HTTPS://WWW.HOMEDEPOT.COM/B/GREEN-PROMISE-FARMS/N-5YC1VZZY0
GREENPROMISEFARMS	GREENPROMISEFARMS	homedepot.com	HTTPS://WWW.HOMEDEPOT.COM/B/OUTDOORS-GARDEN-CENTER-OUTDOOR-PLANTS-BUSHES-SHRUBS-HEDGES/GREEN-PROMISE-FARMS/N-5YC1VZ2FKPCYMZZY0
GREENPROMISEFARMS	GREENPROMISEFARMS	homedepot.com	HTTPS://WWW.HOMEDEPOT.COM/B/OUTDOORS-GARDEN-CENTER-OUTDOOR-PLANTS-BUSHES-HYDRANGEAS/GREEN-PROMISE-FARMS/N-5YC1VZ2FKPCYQZZY0
GREENPROMISEFARMS	GREENPROMISEFARMS	homedepot.com	HTTPS://WWW.HOMEDEPOT.COM/B/OUTDOORS-GARDEN-CENTER-OUTDOOR-PLANTS-GARDEN-FLOWERS-ROSE-BUSHES/GREEN-PROMISE-FARMS/N-5YC1VZC8RDZZY0
GREENSCAPES	GREENSCAPES	homedepot.com	HTTPS://WWW.HOMEDEPOT.COM/B/GREENSCAPES/N-5YC1VZC6J
GREENSCAPES	GREENSCAPES	homedepot.com	HTTPS://WWW.HOMEDEPOT.COM/B/OUTDOORS-GARDEN-CENTER-PEST-CONTROL/GREENSCAPES/N-5YC1VZBX4WZC6J
GREENSMARTDECOR	GREENSMARTDECOR	homedepot.com	HTTPS://WWW.HOMEDEPOT.COM/B/GREENSMART-DECOR/N-5YC1VZF21
GREENSMARTDECOR	GREENSMARTDECOR	homedepot.com	HTTPS://WWW.HOMEDEPOT.COM/B/DECOR/GREENSMART-DECOR/N-5YC1VZAS6PZF21
GREENSMARTDECOR	GREENSMARTDECOR	homedepot.com	HTTPS://WWW.HOMEDEPOT.COM/B/HOME-DECOR/GREENSMART-DECOR/N-5YC1VZAS6PZF21
GREENSMARTDECOR	GREENSMARTDECOR	homedepot.com	HTTPS://WWW.HOMEDEPOT.COM/B/HOME-DECOR-ARTIFICIAL-PLANTS/GREENSMART-DECOR/N-5YC1VZBPDGZF21
GREENSMARTDEKOR	GREENSMARTDEKOR	homedepot.com	HTTPS://WWW.HOMEDEPOT.COM/B/HOME-DECOR-ARTIFICIAL-PLANTS/GREEN-SMART-DEKOR/N-5YC1VZBPDGZYK5
GREENSMARTDEKOR	GREENSMARTDEKOR	homedepot.com	HTTPS://WWW.HOMEDEPOT.COM/B/GREEN-SMART-DEKOR/N-5YC1VZYK5
GREENSMARTDEKOR	GREENSMARTDEKOR	homedepot.com	HTTPS://WWW.HOMEDEPOT.COM/B/HOME-DECOR-ROOM-DIVIDERS/GREENSMART-DEKOR/N-5YC1VZC9QAZ1Z1DQW8
GREENSTAR	GREENSTAR	homedepot.com	HTTPS://WWW.HOMEDEPOT.COM/B/GREENSTAR/N-5YC1VZ9D5
GREENTECHENVIRONMENTAL	GREENTECHENVIRONMENTAL	homedepot.com	HTTPS://WWW.HOMEDEPOT.COM/B/GREENTECH-ENVIRONMENTAL/N-5YC1VZMYJ
GREENTECHENVIRONMENTAL	GREENTECHENVIRONMENTAL	homedepot.com	HTTPS://WWW.HOMEDEPOT.COM/B/HEATING-VENTING-COOLING-AIR-PURIFIERS/GREENTECH-ENVIRONMENTAL/N-5YC1VZC4M5ZMYJ
GREENVIEW	GREENVIEW	homedepot.com	HTTPS://WWW.HOMEDEPOT.COM/B/OUTDOORS-GARDEN-CENTER-LAWN-CARE-LAWN-FERTILIZERS/GREENVIEW/N-5YC1VZBX6BZLXW
GREENVIEW	GREENVIEW	homedepot.com	HTTPS://WWW.HOMEDEPOT.COM/B/GREENVIEW/N-5YC1VZLXW
GREENVIEW	GREENVIEW	homedepot.com	HTTPS://WWW.HOMEDEPOT.COM/B/OUTDOORS-GARDEN-CENTER-LAWN-CARE/GREENVIEW/N-5YC1VZBX8AZLXW
GREENVILLESIGNATURE	GREENVILLESIGNATURE	homedepot.com	HTTPS://WWW.HOMEDEPOT.COM/B/LIGHTING/GREENVILLE-SIGNATURE/N-5YC1VZBVN5ZZCN
GREENVILLESIGNATURE	GREENVILLESIGNATURE	homedepot.com	HTTPS://WWW.HOMEDEPOT.COM/B/GREENVILLE-SIGNATURE/N-5YC1VZZCN
GREENVILLESIGNATURE	GREENVILLESIGNATURE	homedepot.com	HTTPS://WWW.HOMEDEPOT.COM/B/LIGHTING-CHANDELIERS/GREENVILLE-SIGNATURE/N-5YC1VZC7O0ZZCN
GREENVILLESIGNATURE	GREENVILLESIGNATURE	homedepot.com	HTTPS://WWW.HOMEDEPOT.COM/B/LIGHTING-WALL-SCONCES/GREENVILLE-SIGNATURE/N-5YC1VZC7PIZZCN
GREENWAY	GREENWAY	homedepot.com	HTTPS://WWW.HOMEDEPOT.COM/B/GREENWAY/N-5YC1VZ3WA
GREENWOOD	GREENWOOD	homedepot.com	HTTPS://WWW.HOMEDEPOT.COM/B/LUMBER-COMPOSITES/GREEN-WOOD/N-5YC1VZBQPGZ1Z19XVG
GREENWORKS	GREENWORKS	homedepot.com	HTTPS://WWW.HOMEDEPOT.COM/B/OUTDOORS-OUTDOOR-POWER-EQUIPMENT/GREENWORKS/N-5YC1VZBX5CZ6O0
GREENWORKS	GREENWORKS	homedepot.com	HTTPS://WWW.HOMEDEPOT.COM/B/GREENWORKS/N-5YC1VZ6O0
GREIGE	GREIGE	homedepot.com	HTTPS://WWW.HOMEDEPOT.COM/B/PAINT-PAINT-COLORS/GREIGE/N-5YC1VZCAW8Z1Z0PD8D
GREX	GREX	homedepot.com	HTTPS://WWW.HOMEDEPOT.COM/B/TOOLS/GREX/N-5YC1VZC1XYZM6V
GREX	GREX	homedepot.com	HTTPS://WWW.HOMEDEPOT.COM/B/GREX/N-5YC1VZM6V
GREYSONHOME	GREYSONHOME	homedepot.com	HTTPS://WWW.HOMEDEPOT.COM/B/GREYSON-HOME/N-5YC1VZYVB
GREYSTONE	GREYSTONE	homedepot.com	HTTPS://WWW.HOMEDEPOT.COM/B/PAVESTONE/GREYSTONE/N-5YC1VZ411Z1Z0ZNZT
GREYSTONE	GREYSTONE	homedepot.com	HTTPS://WWW.HOMEDEPOT.COM/B/GREYSTONE/N-5YC1VZ1Z0ZNZT
GRIDAXCENTS	GRIDAXCENTS	homedepot.com	HTTPS://WWW.HOMEDEPOT.COM/B/LUMBER-COMPOSITES-LATTICE-VINYL-LATTICE/GRID-AXCENTS/N-5YC1VZBVH1ZPY0
GRIDAXCENTS	GRIDAXCENTS	homedepot.com	HTTPS://WWW.HOMEDEPOT.COM/B/LUMBER-COMPOSITES-LATTICE/GRID-AXCENTS/N-5YC1VZBQNAZPY0
GRIDDLEBUDDY	GRIDDLEBUDDY	homedepot.com	HTTPS://WWW.HOMEDEPOT.COM/B/OUTDOORS/GRIDDLE-BUDDY/N-5YC1VZBX82ZZN3
GRIDDLEBUDDY	GRIDDLEBUDDY	homedepot.com	HTTPS://WWW.HOMEDEPOT.COM/B/OUTDOORS-OUTDOOR-COOKING-GRILLS-PORTABLE-GRILLS-PORTABLE-CHARCOAL-GRILLS/GRIDDLE-BUDDY/N-5YC1VZ1Z18G7GZZN3
GRIDDLEBUDDY	GRIDDLEBUDDY	homedepot.com	HTTPS://WWW.HOMEDEPOT.COM/B/OUTDOORS-OUTDOOR-COOKING-GRILLS-PORTABLE-GRILLS/GRIDDLE-BUDDY/N-5YC1VZC4PRZZN3
GRIDDLEGUARD	GRIDDLEGUARD	homedepot.com	HTTPS://WWW.HOMEDEPOT.COM/B/GRIDDLE-GUARD/N-5YC1VZXMX
GRIDMANN	GRIDMANN	homedepot.com	HTTPS://WWW.HOMEDEPOT.COM/B/GRIDMANN/N-5YC1VZT1D
GRIDMANN	GRIDMANN	homedepot.com	HTTPS://WWW.HOMEDEPOT.COM/B/KITCHEN-KITCHEN-SINKS/GRIDMANN/N-5YC1VZARSAZT1D
GRIDMANN	GRIDMANN	homedepot.com	HTTPS://WWW.HOMEDEPOT.COM/B/KITCHEN-KITCHENWARE/GRIDMANN/N-5YC1VZAQZOZT1D
GRIDMANN	GRIDMANN	homedepot.com	HTTPS://WWW.HOMEDEPOT.COM/B/FURNITURE-KITCHEN-DINING-ROOM-FURNITURE-CARTS-UTILITY-TABLES-KITCHEN-PREP-TABLES/GRIDMANN/N-5YC1VZCF2AZT1D
GRILLBOSS	GRILLBOSS	homedepot.com	HTTPS://WWW.HOMEDEPOT.COM/B/OUTDOORS-OUTDOOR-COOKING-GRILLS-PORTABLE-GRILLS-PORTABLE-GAS-GRILLS/GRILL-BOSS/N-5YC1VZ1Z18G74ZXMV
GRILLBOSS	GRILLBOSS	homedepot.com	HTTPS://WWW.HOMEDEPOT.COM/B/OUTDOORS-OUTDOOR-COOKING-GRILLS/GRILL-BOSS/N-5YC1VZBXAZZXMV
GRILLCARE	GRILLCARE	homedepot.com	HTTPS://WWW.HOMEDEPOT.COM/B/OUTDOORS-OUTDOOR-COOKING-GRILL-REPLACEMENT-PARTS/GRILL-CARE/N-5YC1VZBX9OZOKF
GRILLCARE	GRILLCARE	homedepot.com	HTTPS://WWW.HOMEDEPOT.COM/B/GRILL-CARE/N-5YC1VZOKF
GRILLDOME	GRILLDOME	homedepot.com	HTTPS://WWW.HOMEDEPOT.COM/B/OUTDOORS-OUTDOOR-COOKING-GRILLS-CHARCOAL-GRILLS/GRILL-DOME/N-5YC1VZBX8HZNOF
GRILLDOME	GRILLDOME	homedepot.com	HTTPS://WWW.HOMEDEPOT.COM/B/OUTDOORS-OUTDOOR-COOKING-GRILLS/GRILL-DOME/N-5YC1VZBXAZZNOF
GRILLDOME	GRILLDOME	homedepot.com	HTTPS://WWW.HOMEDEPOT.COM/B/GRILL-DOME/N-5YC1VZNOF
GRILLDOME	GRILLDOME	homedepot.com	HTTPS://WWW.HOMEDEPOT.COM/B/OUTDOORS-OUTDOOR-COOKING-GRILLS-CHARCOAL-GRILLS-KAMADO-GRILLS/GRILL-DOME/BLACK/N-5YC1VZCFBCZNOFZ1Z0XDVL
GRILLDOZER	GRILLDOZER	homedepot.com	HTTPS://WWW.HOMEDEPOT.COM/B/OUTDOORS-OUTDOOR-COOKING-GRILLS/GRILL-DOZER/N-5YC1VZBXAZZ4WX
GRILLDOZER	GRILLDOZER	homedepot.com	HTTPS://WWW.HOMEDEPOT.COM/B/OUTDOORS-OUTDOOR-COOKING-GRILL-ACCESSORIES/GRILL-DOZER/N-5YC1VZBXCYZ4WX
GRILLDOZER	GRILLDOZER	homedepot.com	HTTPS://WWW.HOMEDEPOT.COM/B/GRILL-DOZER/PLASTIC/N-5YC1VZ4WXZ1Z0Z9P3
GRILLDOZER	GRILLDOZER	homedepot.com	HTTPS://WWW.HOMEDEPOT.COM/B/GRILL-DOZER/N-5YC1VZ4WX?EXPERIENCENAME=INSPIRATIONAL
GRILLEYE	GRILLEYE	homedepot.com	HTTPS://WWW.HOMEDEPOT.COM/B/OUTDOORS-OUTDOOR-COOKING-GRILL-ACCESSORIES-GRILL-TOOLS-GRILL-THERMOMETERS/GRILLEYE/N-5YC1VZCD1LZHJQ
GRILLEYE	GRILLEYE	homedepot.com	HTTPS://WWW.HOMEDEPOT.COM/B/OUTDOORS-OUTDOOR-COOKING-GRILL-ACCESSORIES/GRILLEYE/N-5YC1VZBXCYZHJQ
GRILLEYE	GRILLEYE	homedepot.com	HTTPS://WWW.HOMEDEPOT.COM/B/OUTDOORS-OUTDOOR-COOKING-GRILL-ACCESSORIES-GRILL-TOOLS-GRILL-THERMOMETERS/GRILLEYE/BLUETOOTH-ENABLED/N-5YC1VZCD1LZHJQZ1Z0MW38
GRILLEYE	GRILLEYE	homedepot.com	HTTPS://WWW.HOMEDEPOT.COM/B/GRILLEYE/N-5YC1VZHJQ
GRILLFEST	GRILLFEST	homedepot.com	HTTPS://WWW.HOMEDEPOT.COM/B/GRILLFEST/N-5YC1VZSGO
GRILLFEST	GRILLFEST	homedepot.com	HTTPS://WWW.HOMEDEPOT.COM/B/OUTDOORS-OUTDOOR-COOKING-GRILLS-PELLET-GRILLS/GRILLFEST/N-5YC1VZCD18ZSGO
GRILLGRATE	GRILLGRATE	homedepot.com	HTTPS://WWW.HOMEDEPOT.COM/B/OUTDOORS-OUTDOOR-COOKING-GRILL-REPLACEMENT-PARTS-GRILL-GRATES/GRILLGRATE/N-5YC1VZBXDEZYQK
GRILLIGHT	GRILLIGHT	homedepot.com	HTTPS://WWW.HOMEDEPOT.COM/B/OUTDOORS-OUTDOOR-COOKING-GRILL-ACCESSORIES-GRILL-TOOLS-GRILLING-SETS/GRILLIGHT/N-5YC1VZ1Z18G76ZHA5
GRILLINGPLANKS	GRILLINGPLANKS	homedepot.com	HTTPS://WWW.HOMEDEPOT.COM/B/OUTDOORS-OUTDOOR-COOKING-GRILL-ACCESSORIES-GRILLING-COOKWARE-GRILLING-PLANKS/N-5YC1VZBXCH
GRILLMARK	GRILLMARK	homedepot.com	HTTPS://WWW.HOMEDEPOT.COM/B/OUTDOORS-OUTDOOR-COOKING-GRILL-ACCESSORIES/GRILL-MARK/N-5YC1VZBXCYZVKD
GRILLMARK	GRILLMARK	homedepot.com	HTTPS://WWW.HOMEDEPOT.COM/B/GRILL-MARK/N-5YC1VZVKD
GRILLPRO	GRILLPRO	homedepot.com	HTTPS://WWW.HOMEDEPOT.COM/B/OUTDOORS-OUTDOOR-COOKING-GRILLS/GRILLPRO/N-5YC1VZBXAZZA44
GRILLPRO	GRILLPRO	homedepot.com	HTTPS://WWW.HOMEDEPOT.COM/B/GRILLPRO/N-5YC1VZA44
GRILLPRO	GRILLPRO	homedepot.com	HTTPS://WWW.HOMEDEPOT.COM/B/OUTDOORS-OUTDOOR-COOKING-GRILL-ACCESSORIES/GRILLPRO/N-5YC1VZBXCYZA44
GRILLRESCUE	GRILLRESCUE	homedepot.com	HTTPS://WWW.HOMEDEPOT.COM/B/OUTDOORS-OUTDOOR-COOKING-GRILL-ACCESSORIES-GRILL-CLEANING-TOOLS-GRILL-BRUSHES/GRILL-RESCUE/N-5YC1VZCD1GZSYO
GRILLSTONE	GRILLSTONE	homedepot.com	HTTPS://WWW.HOMEDEPOT.COM/B/GRILLSTONE/N-5YC1VZ6YY
GRILLSTONE	GRILLSTONE	homedepot.com	HTTPS://WWW.HOMEDEPOT.COM/B/OUTDOORS-OUTDOOR-COOKING-GRILL-ACCESSORIES/GRILLSTONE/N-5YC1VZBXCYZ6YY
GRILLSTONE	GRILLSTONE	homedepot.com	HTTPS://WWW.HOMEDEPOT.COM/B/GRILLSTONE/STONE/N-5YC1VZ6YYZ1Z0UH5T
GRILLSTONE	GRILLSTONE	homedepot.com	HTTPS://WWW.HOMEDEPOT.COM/B/OUTDOORS-OUTDOOR-COOKING-GRILL-ACCESSORIES-GRILL-CLEANING-TOOLS/GRILLSTONE/N-5YC1VZBXBKZ6YY
GRILLSTONE	GRILLSTONE	homedepot.com	HTTPS://WWW.HOMEDEPOT.COM/B/GRILLSTONE/SAME-DAY-DELIVERY/N-5YC1VZ6YYZ1Z175CQ
GRILLTEX	GRILLTEX	homedepot.com	HTTPS://WWW.HOMEDEPOT.COM/B/GRILLTEX/N-5YC1VZMYA
GRILLTEX	GRILLTEX	homedepot.com	HTTPS://WWW.HOMEDEPOT.COM/B/OUTDOORS-OUTDOOR-COOKING-GRILL-ACCESSORIES/GRILLTEX/N-5YC1VZBXCYZMYA
GRILLTIME	GRILLTIME	homedepot.com	HTTPS://WWW.HOMEDEPOT.COM/B/GRILL-TIME/N-5YC1VZRTT
GRIMEBOSS	GRIMEBOSS	homedepot.com	HTTPS://WWW.HOMEDEPOT.COM/B/GRIME-BOSS/N-5YC1VZOIY
GRIMEBOSS	GRIMEBOSS	homedepot.com	HTTPS://WWW.HOMEDEPOT.COM/B/CLEANING-CLEANING-PRODUCTS/GRIME-BOSS/N-5YC1VZCB33ZOIY
GRIPCLEAN	GRIPCLEAN	homedepot.com	HTTPS://WWW.HOMEDEPOT.COM/B/GRIP-CLEAN/N-5YC1VZYQL
GRIPCLEAN	GRIPCLEAN	homedepot.com	HTTPS://WWW.HOMEDEPOT.COM/B/CLEANING-CLEANING-PRODUCTS/GRIP-CLEAN/N-5YC1VZCB33ZYQL
GRIPGLO	GRIPGLO	homedepot.com	HTTPS://WWW.HOMEDEPOT.COM/B/GRIPGLO/VESTS/N-5YC1VZF9BZ1Z0W8UB
GRIPONTOOLS	GRIPONTOOLS	homedepot.com	HTTPS://WWW.HOMEDEPOT.COM/B/GRIP-ON-TOOLS/N-5YC1VZOWD
GRIPONTOOLS	GRIPONTOOLS	homedepot.com	HTTPS://WWW.HOMEDEPOT.COM/B/TOOLS-HAND-TOOLS-PLIERS/GRIP-ON-TOOLS/N-5YC1VZC987ZOWD
GRIPRITE	GRIPRITE	homedepot.com	HTTPS://WWW.HOMEDEPOT.COM/B/HARDWARE-FASTENERS/GRIP-RITE/N-5YC1VZC255Z5KT
GRIPRITE	GRIPRITE	homedepot.com	HTTPS://WWW.HOMEDEPOT.COM/B/HARDWARE-FASTENERS-NAILS/GRIP-RITE/N-5YC1VZC2DXZ90J
GRIPRITE	GRIPRITE	homedepot.com	HTTPS://WWW.HOMEDEPOT.COM/B/HARDWARE-FASTENERS-SCREWS/GRIP-RITE/N-5YC1VZC2B0Z5KT
GRIPRITE	GRIPRITE	homedepot.com	HTTPS://WWW.HOMEDEPOT.COM/B/GRIP-RITE/N-5YC1VZ5KT
GRIPRITE	GRIPRITE	homedepot.com	HTTPS://WWW.HOMEDEPOT.COM/B/TOOLS/GRIP-RITE/N-5YC1VZC1XYZ5KT
GRIPRITE	GRIPRITE	homedepot.com	HTTPS://WWW.HOMEDEPOT.COM/B/TOOLS-POWER-TOOLS-NAIL-GUNS-FINISHING-NAILERS/GRIP-RITE/N-5YC1VZC2BEZ5KT
GRIPSTRIP	GRIPSTRIP	homedepot.com	HTTPS://WWW.HOMEDEPOT.COM/B/FLOORING-VINYL-FLOORING-VINYL-PLANK-FLOORING/GRIP-STRIP/N-5YC1VZBZJZZ1Z1AK2P
GRIPSTRIP	GRIPSTRIP	homedepot.com	HTTPS://WWW.HOMEDEPOT.COM/B/GRIPSTRIP/N-5YC1VZ1Z0R4FF
GRIPSTRIP	GRIPSTRIP	homedepot.com	HTTPS://WWW.HOMEDEPOT.COM/B/FLOORING-VINYL-FLOORING-VINYL-TILE-FLOORING/GRIP-STRIP/N-5YC1VZAQ27Z1Z1AK2P
GRIPSTRIP	GRIPSTRIP	homedepot.com	HTTPS://WWW.HOMEDEPOT.COM/B/FLOORING-VINYL-FLOORING-VINYL-PLANK-FLOORING/PICK-UP-TODAY/GRIP-STRIP/N-5YC1VZBZJZZ1Z175A5Z1Z1AK2P
GRIPSTRIP	GRIPSTRIP	homedepot.com	HTTPS://WWW.HOMEDEPOT.COM/B/BUILDING-MATERIALS-MOULDING-MILLWORK-WALL-PANELING/GRIPSTRIP/N-5YC1VZBQP3Z1Z0R4FF
GRIPSTRIP	GRIPSTRIP	homedepot.com	HTTPS://WWW.HOMEDEPOT.COM/B/FLOORING-VINYL-FLOORING-VINYL-PLANK-FLOORING/GRIPSTRIP/N-5YC1VZBZJZZ1Z0R4FF
GRIPTIGHTTOOLS	GRIPTIGHTTOOLS	homedepot.com	HTTPS://WWW.HOMEDEPOT.COM/B/GRIP-TIGHT-TOOLS/N-5YC1VZRG7
GRIPTIGHTTOOLS	GRIPTIGHTTOOLS	homedepot.com	HTTPS://WWW.HOMEDEPOT.COM/B/FLOORING-FLOORING-SUPPLIES-FLOORING-TOOLS/GRIP-TIGHT-TOOLS/N-5YC1VZCDTVZOHT
GRIPTIGHTTOOLS	GRIPTIGHTTOOLS	homedepot.com	HTTPS://WWW.HOMEDEPOT.COM/B/TOOLS/GRIP-TIGHT-TOOLS/N-5YC1VZC1XYZRG7
GRIZZLYINDUSTRIAL	GRIZZLYINDUSTRIAL	homedepot.com	HTTPS://WWW.HOMEDEPOT.COM/B/TOOLS-WOODWORKING-TOOLS/GRIZZLY-INDUSTRIAL/N-5YC1VZC2GVZPCZ
GRIZZLYINDUSTRIAL	GRIZZLYINDUSTRIAL	homedepot.com	HTTPS://WWW.HOMEDEPOT.COM/B/TOOLS/GRIZZLY-INDUSTRIAL/N-5YC1VZC1XYZPCZ
GRIZZLYINDUSTRIAL	GRIZZLYINDUSTRIAL	homedepot.com	HTTPS://WWW.HOMEDEPOT.COM/B/GRIZZLY-INDUSTRIAL/N-5YC1VZPCZ
GRIZZLYINDUSTRIAL	GRIZZLYINDUSTRIAL	homedepot.com	HTTPS://WWW.HOMEDEPOT.COM/B/TOOLS/BEST-RATED/GRIZZLY-INDUSTRIAL/N-5YC1VZC1XYZPCZZBWO5Q
GRIZZLYINDUSTRIAL	GRIZZLYINDUSTRIAL	homedepot.com	HTTPS://WWW.HOMEDEPOT.COM/B/TOOLS-POWER-TOOLS/GRIZZLY-INDUSTRIAL/N-5YC1VZC298ZPCZ
GRIZZLYINDUSTRIAL	GRIZZLYINDUSTRIAL	homedepot.com	HTTPS://WWW.HOMEDEPOT.COM/B/TOOLS-WOODWORKING-TOOLS-LATHES/GRIZZLY-INDUSTRIAL/N-5YC1VZC289ZPCZ
GRIZZLYTARPS	GRIZZLYTARPS	homedepot.com	HTTPS://WWW.HOMEDEPOT.COM/B/PAINT-PAINT-SUPPLIES-TARPS/GRIZZLY-TARPS/N-5YC1VZCI18ZMJA
GRKFASTENERS	GRKFASTENERS	homedepot.com	HTTPS://WWW.HOMEDEPOT.COM/B/HARDWARE-FASTENERS/GRK-FASTENERS/N-5YC1VZC255Z8TA
GROCO	GROCO	homedepot.com	HTTPS://WWW.HOMEDEPOT.COM/B/GROCO/N-5YC1VZNFW
GROGRO	GROGRO	homedepot.com	HTTPS://WWW.HOMEDEPOT.COM/B/GROGRO/N-5YC1VZVD4
GROGRO	GROGRO	homedepot.com	HTTPS://WWW.HOMEDEPOT.COM/B/BATH-BATHROOM-STORAGE-MEDICINE-CABINETS/GROGRO/N-5YC1VZ2FKOWHHZVD4
GROHE	GROHE	homedepot.com	HTTPS://WWW.HOMEDEPOT.COM/B/GROHE/N-5YC1VZ3ZN
GROHE	GROHE	homedepot.com	HTTPS://WWW.HOMEDEPOT.COM/B/PLUMBING-PLUMBING-PARTS/GROHE/N-5YC1VZBQKPZ3ZN
GRONOMICS	GRONOMICS	homedepot.com	HTTPS://WWW.HOMEDEPOT.COM/B/OUTDOORS-GARDEN-CENTER-RAISED-GARDEN-BEDS/GRONOMICS/N-5YC1VZBX7CZ992
GRONOMICS	GRONOMICS	homedepot.com	HTTPS://WWW.HOMEDEPOT.COM/B/GRONOMICS/N-5YC1VZ992
GRONOMICS	GRONOMICS	homedepot.com	HTTPS://WWW.HOMEDEPOT.COM/B/OUTDOORS-GARDEN-CENTER/GRONOMICS/OUTDOOR/N-5YC1VZBX6KZ992Z1Z17LKR
GRONOMICS	GRONOMICS	homedepot.com	HTTPS://WWW.HOMEDEPOT.COM/B/OUTDOORS-GARDEN-CENTER-PLANTERS-PLANTER-BOXES/GRONOMICS/N-5YC1VZ2FKP30BZ992
GROSCHE	GROSCHE	homedepot.com	HTTPS://WWW.HOMEDEPOT.COM/B/GROSCHE/N-5YC1VZGQI
GROSFILLEX	GROSFILLEX	homedepot.com	HTTPS://WWW.HOMEDEPOT.COM/B/GROSFILLEX/N-5YC1VZ7VJ
GROTRAX	GROTRAX	homedepot.com	HTTPS://WWW.HOMEDEPOT.COM/B/OUTDOORS-GARDEN-CENTER-LAWN-CARE-GRASS-SEED/GROTRAX/N-5YC1VZBX62ZPZ0
GROUCHYGOOSE	GROUCHYGOOSE	homedepot.com	HTTPS://WWW.HOMEDEPOT.COM/B/OUTDOORS-PATIO-FURNITURE-OUTDOOR-PILLOWS/GROUCHY-GOOSE/N-5YC1VZC5FHZMRJ
GROUCHYGOOSE	GROUCHYGOOSE	homedepot.com	HTTPS://WWW.HOMEDEPOT.COM/B/GROUCHY-GOOSE/N-5YC1VZMRJ
GROUCHYGOOSE	GROUCHYGOOSE	homedepot.com	HTTPS://WWW.HOMEDEPOT.COM/B/OUTDOORS-PATIO-FURNITURE/GROUCHY-GOOSE/N-5YC1VZBX4OZMRJ
GROUCHYGOOSE	GROUCHYGOOSE	homedepot.com	HTTPS://WWW.HOMEDEPOT.COM/B/OUTDOORS-PATIO-FURNITURE-OUTDOOR-PILLOWS-OUTDOOR-LUMBAR-PILLOWS/GROUCHY-GOOSE/N-5YC1VZ1Z18G73ZMRJ
GROUCHYGOOSE	GROUCHYGOOSE	homedepot.com	HTTPS://WWW.HOMEDEPOT.COM/B/OUTDOORS-PATIO-FURNITURE-OUTDOOR-CUSHIONS-PORCH-SWING-CUSHIONS/GROUCHY-GOOSE/N-5YC1VZ1Z18G4WZMRJ
GROUCHYGOOSE	GROUCHYGOOSE	homedepot.com	HTTPS://WWW.HOMEDEPOT.COM/B/OUTDOORS-PATIO-FURNITURE-PATIO-ACCESSORIES/GROUCHY-GOOSE/N-5YC1VZCFJ2ZMRJ
GROUNDHOG	GROUNDHOG	homedepot.com	HTTPS://WWW.HOMEDEPOT.COM/B/OUTDOORS-GARDEN-CENTER-PEST-CONTROL-ANIMAL-RODENT-CONTROL-TRAPS/GROUNDHOG/N-5YC1VZ2FKOQFWZ1Z1TSHD
GROWERSEDGE	GROWERSEDGE	homedepot.com	HTTPS://WWW.HOMEDEPOT.COM/B/GROWERS-EDGE/N-5YC1VZOOB
GROWGREEN	GROWGREEN	homedepot.com	HTTPS://WWW.HOMEDEPOT.COM/B/GROWGREEN/N-5YC1VZT1Q
GROWGREEN	GROWGREEN	homedepot.com	HTTPS://WWW.HOMEDEPOT.COM/B/OUTDOORS-GARDEN-CENTER-WATERING-IRRIGATION-WATERING-ESSENTIALS-GARDEN-HOSES/GROWGREEN/N-5YC1VZBX4EZT1Q
GROWGREEN	GROWGREEN	homedepot.com	HTTPS://WWW.HOMEDEPOT.COM/B/GROWGREEN/LIMITED-LIFETIME-WARRANTY/N-5YC1VZT1QZ1Z0SAR8
GROWLERWERKS	GROWLERWERKS	homedepot.com	HTTPS://WWW.HOMEDEPOT.COM/B/GROWLERWERKS/N-5YC1VZMY8
GROWOYA	GROWOYA	homedepot.com	HTTPS://WWW.HOMEDEPOT.COM/B/OUTDOORS-GARDEN-CENTER-WATERING-IRRIGATION/GROWOYA/N-5YC1VZBX5OZEXB
GROWOYA	GROWOYA	homedepot.com	HTTPS://WWW.HOMEDEPOT.COM/B/GROWOYA/N-5YC1VZEXB
GROWOYA	GROWOYA	homedepot.com	HTTPS://WWW.HOMEDEPOT.COM/B/OUTDOORS-GARDEN-CENTER/GROWOYA/N-5YC1VZBX6KZEXB
GROWSTONE	GROWSTONE	homedepot.com	HTTPS://WWW.HOMEDEPOT.COM/B/OUTDOORS-GARDEN-CENTER-LANDSCAPING-SUPPLIES/GROWSTONE/N-5YC1VZBX51ZE33
GROWSTONE	GROWSTONE	homedepot.com	HTTPS://WWW.HOMEDEPOT.COM/B/OUTDOORS-GARDEN-CENTER-HYDROPONIC-GARDENING/GROWSTONE/N-5YC1VZCEO9ZE33
GRUNDFOS	GRUNDFOS	homedepot.com	HTTPS://WWW.HOMEDEPOT.COM/B/PLUMBING-WATER-PUMPS/GRUNDFOS/N-5YC1VZBQLBZC9P
GRUNDFOS	GRUNDFOS	homedepot.com	HTTPS://WWW.HOMEDEPOT.COM/B/GRUNDFOS/N-5YC1VZC9P
GSCTECHNOLOGIES	GSCTECHNOLOGIES	homedepot.com	HTTPS://WWW.HOMEDEPOT.COM/B/GSC-TECHNOLOGIES/N-5YC1VZASU
GSCTECHNOLOGIES	GSCTECHNOLOGIES	homedepot.com	HTTPS://WWW.HOMEDEPOT.COM/B/STORAGE-ORGANIZATION-STORAGE-CONTAINERS/GSC-TECHNOLOGIES/N-5YC1VZCFZIZASU
GSCTECHNOLOGIES	GSCTECHNOLOGIES	homedepot.com	HTTPS://WWW.HOMEDEPOT.COM/B/STORAGE-ORGANIZATION/GSC-TECHNOLOGIES/N-5YC1VZAS7EZASU
GSCTECHNOLOGIES	GSCTECHNOLOGIES	homedepot.com	HTTPS://WWW.HOMEDEPOT.COM/B/BUILDING-MATERIALS-MATERIAL-HANDLING-EQUIPMENT-PLATFORM-TRUCKS-DOLLIES/GSC-TECHNOLOGIES/N-5YC1VZCA3KZASU
GSCTECHNOLOGIES	GSCTECHNOLOGIES	homedepot.com	HTTPS://WWW.HOMEDEPOT.COM/B/STORAGE-ORGANIZATION-STORAGE-CONTAINERS-MILK-CRATES/GSC-TECHNOLOGIES/N-5YC1VZCL2YZASU
GSTANDARD	GSTANDARD	homedepot.com	HTTPS://WWW.HOMEDEPOT.COM/B/STORAGE-ORGANIZATION/GSTANDARD/N-5YC1VZAS7EZOAP
GSTANDARD	GSTANDARD	homedepot.com	HTTPS://WWW.HOMEDEPOT.COM/B/GSTANDARD/N-5YC1VZOAG
GSTANDARD	GSTANDARD	homedepot.com	HTTPS://WWW.HOMEDEPOT.COM/B/STORAGE-ORGANIZATION-GARAGE-STORAGE/GSTANDARD/N-5YC1VZARMIZOAG
GSTANDARD	GSTANDARD	homedepot.com	HTTPS://WWW.HOMEDEPOT.COM/B/GSTANDARD/TOOL-BOX/N-5YC1VZOAGZ1Z0UTPL
GTLITE	GTLITE	homedepot.com	HTTPS://WWW.HOMEDEPOT.COM/B/LIGHTING-LIGHT-BULBS-LED-LIGHT-BULBS/GT-LITE/N-5YC1VZBM79ZMTA
GTLITE	GTLITE	homedepot.com	HTTPS://WWW.HOMEDEPOT.COM/B/GT-LITE/N-5YC1VZMTA
GTLITE	GTLITE	homedepot.com	HTTPS://WWW.HOMEDEPOT.COM/B/LIGHTING-COMMERCIAL-LIGHTING-WORK-LIGHTS/GT-LITE/N-5YC1VZCGDUZMTA
GUARDAIR	GUARDAIR	homedepot.com	HTTPS://WWW.HOMEDEPOT.COM/B/TOOLS-AIR-COMPRESSOR-TOOLS-AIR-TOOLS-AIR-BLOW-GUNS/GUARDAIR/N-5YC1VZC9NVZH98
GUARDAIRCORPORATION	GUARDAIRCORPORATION	homedepot.com	HTTPS://WWW.HOMEDEPOT.COM/B/TOOLS-AIR-COMPRESSOR-TOOLS-AIR-TOOLS-AIR-BLOW-GUNS/GUARDAIR-CORPORATION/N-5YC1VZC9NVZGVR
GUARDAIRCORPORATION	GUARDAIRCORPORATION	homedepot.com	HTTPS://WWW.HOMEDEPOT.COM/B/TOOLS-AIR-COMPRESSOR-TOOLS-AIR-TOOLS/GUARDAIR-CORPORATION/N-5YC1VZC9NQZGVR
GUARDAIRCORPORATION	GUARDAIRCORPORATION	homedepot.com	HTTPS://WWW.HOMEDEPOT.COM/B/TOOLS-AIR-COMPRESSOR-TOOLS/GUARDAIR-CORPORATION/BLOW-GUN/N-5YC1VZC2FHZGVRZ1Z10XD5
GUARDDOGSECURITY	GUARDDOGSECURITY	homedepot.com	HTTPS://WWW.HOMEDEPOT.COM/B/GUARD-DOG-SECURITY/N-5YC1VZGA2
GUARDDOGSECURITY	GUARDDOGSECURITY	homedepot.com	HTTPS://WWW.HOMEDEPOT.COM/B/TOOLS/GUARD-DOG-SECURITY/N-5YC1VZC1XYZGA2
GUARDIANFALLPROTECTION	GUARDIANFALLPROTECTION	homedepot.com	HTTPS://WWW.HOMEDEPOT.COM/B/SAFETY-EQUIPMENT-FALL-PROTECTION-EQUIPMENT/GUARDIAN-FALL-PROTECTION/N-5YC1VZBZZJZ9LO
GUARDIANFALLPROTECTION	GUARDIANFALLPROTECTION	homedepot.com	HTTPS://WWW.HOMEDEPOT.COM/B/GUARDIAN-FALL-PROTECTION/N-5YC1VZ9LO
GUARDIANFLOORPROTECTION	GUARDIANFLOORPROTECTION	homedepot.com	HTTPS://WWW.HOMEDEPOT.COM/B/FLOORING-RUGS/GUARDIAN-FLOOR-PROTECTION/N-5YC1VZARFMZQX3
GUARDLINE	GUARDLINE	homedepot.com	HTTPS://WWW.HOMEDEPOT.COM/B/ELECTRICAL-HOME-SECURITY-MOTION-SENSORS-ALARMS/GUARDLINE/N-5YC1VZC20TZHTY
GUARDLINE	GUARDLINE	homedepot.com	HTTPS://WWW.HOMEDEPOT.COM/B/ELECTRICAL-HOME-SECURITY/GUARDLINE/N-5YC1VZC1TGZHTY
GUARDSMAN	GUARDSMAN	homedepot.com	HTTPS://WWW.HOMEDEPOT.COM/B/GUARDSMAN/N-5YC1VZBMZ
GUARDSMAN	GUARDSMAN	homedepot.com	HTTPS://WWW.HOMEDEPOT.COM/B/CLEANING-CLEANING-PRODUCTS-FURNITURE-CLEANERS-WOOD-CLEANERS/GUARDSMAN/N-5YC1VZCH5NZBMZ
GUARDZILLA	GUARDZILLA	homedepot.com	HTTPS://WWW.HOMEDEPOT.COM/B/ELECTRICAL-HOME-SECURITY-SECURITY-CAMERAS/GUARDZILLA/N-5YC1VZC20VZGDM
GUARDZILLA	GUARDZILLA	homedepot.com	HTTPS://WWW.HOMEDEPOT.COM/B/ELECTRICAL-HOME-SECURITY-VIDEO-SURVEILLANCE-SECURITY-CAMERAS-WIRELESS-SECURITY-CAMERAS/GUARDZILLA/N-5YC1VZCCEAZGDM
GUARDZILLA	GUARDZILLA	homedepot.com	HTTPS://WWW.HOMEDEPOT.COM/B/SMART-HOME-SMART-DEVICES-SMART-HOME-SECURITY-SMART-SECURITY-CAMERAS/GUARDZILLA/N-5YC1VZC7CEZGDM
GUESTROOMSURVIVALKIT	GUESTROOMSURVIVALKIT	homedepot.com	HTTPS://WWW.HOMEDEPOT.COM/B/GUESTROOM-SURVIVAL-KIT/N-5YC1VZMP0
GUESTROOMSURVIVALKIT	GUESTROOMSURVIVALKIT	homedepot.com	HTTPS://WWW.HOMEDEPOT.COM/B/FURNITURE-BEDROOM-FURNITURE-AIR-MATTRESSES/GUESTROOM-SURVIVAL-KIT/N-5YC1VZCIO6ZMP0
GUESTROOMSURVIVALKIT	GUESTROOMSURVIVALKIT	homedepot.com	HTTPS://WWW.HOMEDEPOT.COM/B/GUESTROOM-SURVIVAL-KIT/AIR/N-5YC1VZMP0Z1Z0Y98S
GULLSWEEP	GULLSWEEP	homedepot.com	HTTPS://WWW.HOMEDEPOT.COM/B/BUILDING-MATERIALS-BOAT-DOCKS-HARDWARE/GULLSWEEP/N-5YC1VZAR4ZZQQD
GUNK	GUNK	homedepot.com	HTTPS://WWW.HOMEDEPOT.COM/B/GUNK/N-5YC1VZDGG
GUNMETAL	GUNMETAL	homedepot.com	HTTPS://WWW.HOMEDEPOT.COM/B/PAINT/GUNMETAL/N-5YC1VZAR2DZ1Z13HEC
GUNVAULT	GUNVAULT	homedepot.com	HTTPS://WWW.HOMEDEPOT.COM/B/GUNVAULT/N-5YC1VZ9XP
GUNVAULT	GUNVAULT	homedepot.com	HTTPS://WWW.HOMEDEPOT.COM/B/TOOLS-SAFETY-SECURITY-SAFES/GUNVAULT/N-5YC1VZC2B1Z9XP
GUTTERFOAM	GUTTERFOAM	homedepot.com	HTTPS://WWW.HOMEDEPOT.COM/B/BUILDING-MATERIALS-GUTTER-SYSTEMS/GUTTERFOAM/N-5YC1VZARDXZUF8
GUTTERFOAM	GUTTERFOAM	homedepot.com	HTTPS://WWW.HOMEDEPOT.COM/B/BUILDING-MATERIALS-GUTTER-SYSTEMS-GUTTER-GUARDS-STRAINERS/GUTTERFOAM/N-5YC1VZAR5EZUF8
GUTTERFOAM	GUTTERFOAM	homedepot.com	HTTPS://WWW.HOMEDEPOT.COM/B/BUILDING-MATERIALS-GUTTER-SYSTEMS-DOWNSPOUTS/GUTTERFOAM/N-5YC1VZAR84ZUF8
GUTTERGUARDBYGUTTERGLOVE	GUTTERGUARDBYGUTTERGLOVE	homedepot.com	HTTPS://WWW.HOMEDEPOT.COM/B/BUILDING-MATERIALS-GUTTER-SYSTEMS-GUTTER-GUARDS-STRAINERS/GUTTER-GUARD-BY-GUTTERGLOVE/N-5YC1VZAR5EZG5S
GUTTERSTUFF	GUTTERSTUFF	homedepot.com	HTTPS://WWW.HOMEDEPOT.COM/B/BUILDING-MATERIALS-GUTTER-SYSTEMS/GUTTERSTUFF/N-5YC1VZARDXZAXN
GUTTERSTUFF	GUTTERSTUFF	homedepot.com	HTTPS://WWW.HOMEDEPOT.COM/B/BUILDING-MATERIALS-GUTTER-SYSTEMS-DOWNSPOUTS/GUTTERSTUFF/N-5YC1VZAR84ZAXN
GUTTERSTUFF	GUTTERSTUFF	homedepot.com	HTTPS://WWW.HOMEDEPOT.COM/B/BUILDING-MATERIALS-GUTTER-SYSTEMS/GUTTERSTUFF/6-IN/N-5YC1VZARDXZAXNZ1Z0T1O7
GUTTERSTUFF	GUTTERSTUFF	homedepot.com	HTTPS://WWW.HOMEDEPOT.COM/B/GUTTERSTUFF/N-5YC1VZAXN
GVODE	GVODE	homedepot.com	HTTPS://WWW.HOMEDEPOT.COM/B/GVODE/N-5YC1VZYMC
GVODE	GVODE	homedepot.com	HTTPS://WWW.HOMEDEPOT.COM/B/HEATING-VENTING-COOLING-FANS/GVODE/N-5YC1VZC4LWZYMC
GVODE	GVODE	homedepot.com	HTTPS://WWW.HOMEDEPOT.COM/B/SPORTS-OUTDOORS-CAMPING-GEAR-CAMPING-FURNITURE/GVODE/N-5YC1VZC43GZYMC
GWSECURITY	GWSECURITY	homedepot.com	HTTPS://WWW.HOMEDEPOT.COM/B/ELECTRICAL-HOME-SECURITY-SECURITY-CAMERA-SYSTEMS/GW-SECURITY/N-5YC1VZC1XVZM9J
GWSECURITY	GWSECURITY	homedepot.com	HTTPS://WWW.HOMEDEPOT.COM/B/GW-SECURITY/N-5YC1VZM9J
GYBER	GYBER	homedepot.com	HTTPS://WWW.HOMEDEPOT.COM/B/OUTDOORS-OUTDOOR-COOKING-GRILLS/GYBER/N-5YC1VZBXAZZQN6
GYBER	GYBER	homedepot.com	HTTPS://WWW.HOMEDEPOT.COM/B/OUTDOORS-OUTDOOR-COOKING-OUTDOOR-KITCHENS-PIZZA-OVENS/GYBER/N-5YC1VZCD7QZQN6
GYBER	GYBER	homedepot.com	HTTPS://WWW.HOMEDEPOT.COM/B/OUTDOORS-OUTDOOR-COOKING-GRILLS-PORTABLE-GRILLS/GYBER/N-5YC1VZC4PRZQN6
GYBER	GYBER	homedepot.com	HTTPS://WWW.HOMEDEPOT.COM/B/OUTDOORS-OUTDOOR-COOKING/GYBER/N-5YC1VZCFB7ZQN6
GYBER	GYBER	homedepot.com	HTTPS://WWW.HOMEDEPOT.COM/B/GYBER/N-5YC1VZQN6
GYBER	GYBER	homedepot.com	HTTPS://WWW.HOMEDEPOT.COM/B/GYBER/PELLET/N-5YC1VZQN6Z1Z0VA8N
GYBER	GYBER	homedepot.com	HTTPS://WWW.HOMEDEPOT.COM/B/GYBER/OUTDOOR-PIZZA-OVENS/N-5YC1VZQN6Z1Z0V8WN
GYMAX	GYMAX	homedepot.com	HTTPS://WWW.HOMEDEPOT.COM/B/GYMAX/N-5YC1VZUEF
GYMAX	GYMAX	homedepot.com	HTTPS://WWW.HOMEDEPOT.COM/B/OUTDOORS-PATIO-FURNITURE/GYMAX/N-5YC1VZBX4OZUEF
GYMOJOY	GYMOJOY	homedepot.com	HTTPS://WWW.HOMEDEPOT.COM/B/OUTDOORS-PATIO-FURNITURE/GYMOJOY/N-5YC1VZBX4OZYJB
GYMOJOY	GYMOJOY	homedepot.com	HTTPS://WWW.HOMEDEPOT.COM/B/OUTDOORS-PATIO-FURNITURE-PATIO-CHAIRS/GYMOJOY/N-5YC1VZC1XKZYJB
GYMOJOY	GYMOJOY	homedepot.com	HTTPS://WWW.HOMEDEPOT.COM/B/GYMOJOY/N-5YC1VZYJB
GYPTOOL	GYPTOOL	homedepot.com	HTTPS://WWW.HOMEDEPOT.COM/B/BUILDING-MATERIALS-DRYWALL/GYPTOOL/N-5YC1VZAR3DZTRA
GYPTOOL	GYPTOOL	homedepot.com	HTTPS://WWW.HOMEDEPOT.COM/B/TOOLS/GYPTOOL/N-5YC1VZC1XYZTRA
GZMR	GZMR	homedepot.com	HTTPS://WWW.HOMEDEPOT.COM/B/FURNITURE/GZMR/N-5YC1VZC7PCZSV6
GZMR	GZMR	homedepot.com	HTTPS://WWW.HOMEDEPOT.COM/B/GZMR/2315-LB/N-5YC1VZSV6Z1Z0ZL34
GZMR	GZMR	homedepot.com	HTTPS://WWW.HOMEDEPOT.COM/B/GZMR/N-5YC1VZSV6
GZMR	GZMR	homedepot.com	HTTPS://WWW.HOMEDEPOT.COM/B/FURNITURE-BEDROOM-FURNITURE-BEDS/GZMR/N-5YC1VZC7OHZSV6
GZMR	GZMR	homedepot.com	HTTPS://WWW.HOMEDEPOT.COM/B/FURNITURE-LIVING-ROOM-FURNITURE/GZMR/N-5YC1VZC7P3ZSV6
GZMR	GZMR	homedepot.com	HTTPS://WWW.HOMEDEPOT.COM/B/FURNITURE-HOME-OFFICE-FURNITURE/GZMR/N-5YC1VZC7NPZSV6?NAO=48
GZMR	GZMR	homedepot.com	HTTPS://WWW.HOMEDEPOT.COM/B/GZMR/FOAM/N-5YC1VZSV6Z1Z0LPQ9
GZMR	GZMR	homedepot.com	HTTPS://WWW.HOMEDEPOT.COM/B/FURNITURE-KITCHEN-DINING-ROOM-FURNITURE/GZMR/N-5YC1VZC7OUZSV6
H20GO	H20GO	homedepot.com	HTTPS://WWW.HOMEDEPOT.COM/B/H20GO/N-5YC1VZV1A
H2OELITELABS	H2OELITELABS	homedepot.com	HTTPS://WWW.HOMEDEPOT.COM/B/KITCHEN-WATER-FILTERS-WATER-SOFTENERS-WATER-CONDITIONERS/N-5YC1VZC6SDZMXH
H2OELITELABS	H2OELITELABS	homedepot.com	HTTPS://WWW.HOMEDEPOT.COM/B/H2OELITELABS/N-5YC1VZMXH
H2OPTION	H2OPTION	homedepot.com	HTTPS://WWW.HOMEDEPOT.COM/B/BATH-TOILETS-TOILET-TANKS/H2OPTION/N-5YC1VZBZ9WZ1Z1TU99
H2OPTION	H2OPTION	homedepot.com	HTTPS://WWW.HOMEDEPOT.COM/B/BATH-TOILETS-TWO-PIECE-TOILETS/H2OPTION/N-5YC1VZCB8NZ1Z1TU99
H2OWORKS	H2OWORKS	homedepot.com	HTTPS://WWW.HOMEDEPOT.COM/B/OUTDOORS-GARDEN-CENTER-WATERING-IRRIGATION-WATERING-ESSENTIALS-HOSE-NOZZLES/H2O-WORKS/N-5YC1VZBX6CZTFN
HADEN	HADEN	homedepot.com	HTTPS://WWW.HOMEDEPOT.COM/B/APPLIANCES/HADEN/N-5YC1VZBV1WZSRU
HADEN	HADEN	homedepot.com	HTTPS://WWW.HOMEDEPOT.COM/B/HADEN/N-5YC1VZSRU
HAFELE	HAFELE	homedepot.com	HTTPS://WWW.HOMEDEPOT.COM/B/HAFELE/N-5YC1VZEAL
HAIER	HAIER	homedepot.com	HTTPS://WWW.HOMEDEPOT.COM/B/APPLIANCES/HAIER/N-5YC1VZBV1WZ43G
HAILANG	HAILANG	homedepot.com	HTTPS://WWW.HOMEDEPOT.COM/B/APPLIANCES/HAILANG/N-5YC1VZBV1WZZNX
HAILANG	HAILANG	homedepot.com	HTTPS://WWW.HOMEDEPOT.COM/B/HAILANG/N-5YC1VZZNX
HAILANG	HAILANG	homedepot.com	HTTPS://WWW.HOMEDEPOT.COM/B/KITCHEN-KITCHENWARE-KITCHEN-GADGETS-TOOLS/HAILANG/N-5YC1VZC7GIZZNX
HAILANG	HAILANG	homedepot.com	HTTPS://WWW.HOMEDEPOT.COM/B/HAILANG/IN-DOOR-ICE-MAKER/N-5YC1VZZNXZ1Z0V5K7
HAKKO	HAKKO	homedepot.com	HTTPS://WWW.HOMEDEPOT.COM/B/TOOLS-WELDING-SOLDERING/HAKKO/N-5YC1VZC8LPZCI6
HAKKO	HAKKO	homedepot.com	HTTPS://WWW.HOMEDEPOT.COM/B/GARAGE-WELDING-SOLDERING-BRAZING-SOLDERING-EQUIPMENT/HAKKO/N-5YC1VZC8LFZCI6
HAKKO	HAKKO	homedepot.com	HTTPS://WWW.HOMEDEPOT.COM/B/GARAGE-WELDING-SOLDERING-BRAZING-SOLDERING-EQUIPMENT-SOLDERING-IRONS/HAKKO/N-5YC1VZ1Z18GW8ZCI6
HAKUNAPETS	HAKUNAPETS	homedepot.com	HTTPS://WWW.HOMEDEPOT.COM/B/DOORS-WINDOWS-EXTERIOR-DOORS-PET-DOORS/HAKUNA-PETS/N-5YC1VZC1I9ZMX8
HAKUNAPETS	HAKUNAPETS	homedepot.com	HTTPS://WWW.HOMEDEPOT.COM/B/HAKUNA-PETS/N-5YC1VZMX8
HALCOLIGHTINGTECHNOLOGIES	HALCOLIGHTINGTECHNOLOGIES	homedepot.com	HTTPS://WWW.HOMEDEPOT.COM/B/LIGHTING-LIGHT-BULBS-LED-LIGHT-BULBS/HALCO-LIGHTING-TECHNOLOGIES/N-5YC1VZBM79ZLK2
HALCOLIGHTINGTECHNOLOGIES	HALCOLIGHTINGTECHNOLOGIES	homedepot.com	HTTPS://WWW.HOMEDEPOT.COM/B/LIGHTING/HALCO-LIGHTING-TECHNOLOGIES/N-5YC1VZBVN5ZTOW
HALCOLIGHTINGTECHNOLOGIES	HALCOLIGHTINGTECHNOLOGIES	homedepot.com	HTTPS://WWW.HOMEDEPOT.COM/B/LIGHTING/HALCO-LIGHTING-TECHNOLOGIES/MODERN/N-5YC1VZBVN5ZLK2Z1Z0JYLO
HALCOLIGHTINGTECHNOLOGIES	HALCOLIGHTINGTECHNOLOGIES	homedepot.com	HTTPS://WWW.HOMEDEPOT.COM/B/HALCO-LIGHTING-TECHNOLOGIES/N-5YC1VZTOW
HALCOLIGHTINGTECHNOLOGIES	HALCOLIGHTINGTECHNOLOGIES	homedepot.com	HTTPS://WWW.HOMEDEPOT.COM/B/LIGHTING-RECESSED-LIGHTING/HALCO-LIGHTING-TECHNOLOGIES/N-5YC1VZC7NIZTOW
HALCOLIGHTINGTECHNOLOGIES	HALCOLIGHTINGTECHNOLOGIES	homedepot.com	HTTPS://WWW.HOMEDEPOT.COM/B/LIGHTING-OUTDOOR-LIGHTING/HALCO-LIGHTING-TECHNOLOGIES/N-5YC1VZC7QVZTOW
HALCOLIGHTINGTECHNOLOGIES	HALCOLIGHTINGTECHNOLOGIES	homedepot.com	HTTPS://WWW.HOMEDEPOT.COM/B/LIGHTING-COMMERCIAL-LIGHTING-WRAPAROUND-LIGHTS/HALCO-LIGHTING-TECHNOLOGIES/N-5YC1VZC9H0ZTOW
HALCOLIGHTINGTECHNOLOGIES	HALCOLIGHTINGTECHNOLOGIES	homedepot.com	HTTPS://WWW.HOMEDEPOT.COM/B/LIGHTING-OUTDOOR-LIGHTING-LANDSCAPE-LIGHTING/HALCO-LIGHTING-TECHNOLOGIES/N-5YC1VZC7Q6ZLK2
HALDER	HALDER	homedepot.com	HTTPS://WWW.HOMEDEPOT.COM/B/TOOLS/HALDER/N-5YC1VZC1XYZNF6
HALDER	HALDER	homedepot.com	HTTPS://WWW.HOMEDEPOT.COM/B/TOOLS-HAND-TOOLS-HAMMERS-MALLETS/HALDER/N-5YC1VZC98FZNF6
HALDER	HALDER	homedepot.com	HTTPS://WWW.HOMEDEPOT.COM/B/TOOLS-HAND-TOOLS-HAMMERS/HALDER/N-5YC1VZC98GZNF6
HALDER	HALDER	homedepot.com	HTTPS://WWW.HOMEDEPOT.COM/B/TOOLS-HAND-TOOLS/HALDER/N-5YC1VZC1ZGZNF6
HALDER	HALDER	homedepot.com	HTTPS://WWW.HOMEDEPOT.COM/B/HALDER/N-5YC1VZNF6
HALEX	HALEX	homedepot.com	HTTPS://WWW.HOMEDEPOT.COM/B/ELECTRICAL-ELECTRICAL-BOXES-CONDUIT-FITTINGS-CONDUIT-FITTINGS/HALEX/N-5YC1VZBOHKZOY
HALEX	HALEX	homedepot.com	HTTPS://WWW.HOMEDEPOT.COM/B/ELECTRICAL-ELECTRICAL-BOXES-CONDUIT-FITTINGS/HALEX/N-5YC1VZBM4MZOY
HALEX	HALEX	homedepot.com	HTTPS://WWW.HOMEDEPOT.COM/B/ELECTRICAL/HALEX/N-5YC1VZARCDZOY
HALEX	HALEX	homedepot.com	HTTPS://WWW.HOMEDEPOT.COM/B/HALEX/N-5YC1VZOY
HALEX	HALEX	homedepot.com	HTTPS://WWW.HOMEDEPOT.COM/B/FLOORING/HALEX/N-5YC1VZAQ7RZOY
HALLE	HALLE	homedepot.com	HTTPS://WWW.HOMEDEPOT.COM/B/FURNITURE/HALLE/N-5YC1VZC7PCZ1Z1C782
HALLOFGAMES	HALLOFGAMES	homedepot.com	HTTPS://WWW.HOMEDEPOT.COM/B/SPORTS-OUTDOORS-GAMES-GAME-ROOM/HALL-OF-GAMES/N-5YC1VZC454ZQB9
HALLOFGAMES	HALLOFGAMES	homedepot.com	HTTPS://WWW.HOMEDEPOT.COM/B/SPORTS-OUTDOORS-GAMES-GAME-ROOM-ARCADE-GAMES/HALL-OF-GAMES/N-5YC1VZC44OZQB9
HALLOFGAMES	HALLOFGAMES	homedepot.com	HTTPS://WWW.HOMEDEPOT.COM/B/SPORTS-OUTDOORS-GAMES/HALL-OF-GAMES/N-5YC1VZC466ZQB9
HALLOFGAMES	HALLOFGAMES	homedepot.com	HTTPS://WWW.HOMEDEPOT.COM/B/HALL-OF-GAMES/N-5YC1VZQB9
HALLOWEENCLASSICS	HALLOWEENCLASSICS	homedepot.com	HTTPS://WWW.HOMEDEPOT.COM/B/HOLIDAY-DECORATIONS-HALLOWEEN-DECORATIONS/HALLOWEEN-CLASSICS/N-5YC1VZC2VEZ1Z1DQHG
HALLOWEENCLASSICS	HALLOWEENCLASSICS	homedepot.com	HTTPS://WWW.HOMEDEPOT.COM/B/HOLIDAY-DECORATIONS-HALLOWEEN-DECORATIONS-OUTDOOR-HALLOWEEN-DECORATIONS/LIGHTED/HALLOWEEN-CLASSICS/N-5YC1VZC2Y9Z1Z1BDW3Z1Z1DQHG
HALLOWEENCLASSICS	HALLOWEENCLASSICS	homedepot.com	HTTPS://WWW.HOMEDEPOT.COM/B/HOLIDAY-DECORATIONS-HALLOWEEN-DECORATIONS-OUTDOOR-HALLOWEEN-DECORATIONS/HALLOWEEN-CLASSICS/N-5YC1VZC2Y9Z1Z1DQHG
HALLOWEENDECORATIONS	HALLOWEENDECORATIONS	homedepot.com	HTTPS://WWW.HOMEDEPOT.COM/B/HOLIDAY-DECORATIONS-HALLOWEEN-DECORATIONS/N-5YC1VZC2VE
HALLOWEENSTRINGLIGHTS	HALLOWEENSTRINGLIGHTS	homedepot.com	HTTPS://WWW.HOMEDEPOT.COM/B/HOLIDAY-DECORATIONS-HALLOWEEN-DECORATIONS-HALLOWEEN-LIGHTS-FOG-MACHINES-HALLOWEEN-LIGHTS-HALLOWEEN-STRING-LIGHTS/N-5YC1VZ2FKOLXZ
HALMUZ	HALMUZ	homedepot.com	HTTPS://WWW.HOMEDEPOT.COM/B/OUTDOORS-PATIO-FURNITURE/HALMUZ/N-5YC1VZBX4OZYFY
HALMUZ	HALMUZ	homedepot.com	HTTPS://WWW.HOMEDEPOT.COM/B/HALMUZ/N-5YC1VZYFY
HALMUZ	HALMUZ	homedepot.com	HTTPS://WWW.HOMEDEPOT.COM/B/OUTDOORS-PATIO-FURNITURE-OUTDOOR-LOUNGE-FURNITURE/HALMUZ/N-5YC1VZCFJ3ZYFY
HALMUZ	HALMUZ	homedepot.com	HTTPS://WWW.HOMEDEPOT.COM/B/OUTDOORS-PATIO-FURNITURE-PATIO-CHAIRS/HALMUZ/N-5YC1VZC1XKZYFY
HALMUZ	HALMUZ	homedepot.com	HTTPS://WWW.HOMEDEPOT.COM/B/HALMUZ/WICKER/N-5YC1VZYFYZ1Z18WPS
HALMUZ	HALMUZ	homedepot.com	HTTPS://WWW.HOMEDEPOT.COM/B/OUTDOORS-PATIO-FURNITURE-OUTDOOR-LOUNGE-FURNITURE-FIRE-PIT-PATIO-SETS/HALMUZ/N-5YC1VZBXASZYFY
HALMUZ	HALMUZ	homedepot.com	HTTPS://WWW.HOMEDEPOT.COM/B/STORAGE-ORGANIZATION-OUTDOOR-STORAGE-SHADE-STRUCTURES-GAZEBOS/HALMUZ/N-5YC1VZBTYAZYFY
HALMUZ	HALMUZ	homedepot.com	HTTPS://WWW.HOMEDEPOT.COM/B/OUTDOORS-PATIO-FURNITURE-OUTDOOR-LOUNGE-FURNITURE-OUTDOOR-COUCHES/HALMUZ/N-5YC1VZCCH3ZYFY
HALMUZ	HALMUZ	homedepot.com	HTTPS://WWW.HOMEDEPOT.COM/B/OUTDOORS-PATIO-FURNITURE-PATIO-CHAIRS-OUTDOOR-ROCKING-CHAIRS/HALMUZ/N-5YC1VZCCGEZYFY
HALMUZ	HALMUZ	homedepot.com	HTTPS://WWW.HOMEDEPOT.COM/B/STORAGE-ORGANIZATION-OUTDOOR-STORAGE-SHADE-STRUCTURES/HALMUZ/N-5YC1VZ2FKOMIIZYFY
HALSTEAD	HALSTEAD	homedepot.com	HTTPS://WWW.HOMEDEPOT.COM/B/HALSTEAD/N-5YC1VZVKB
HALSTEAD	HALSTEAD	homedepot.com	HTTPS://WWW.HOMEDEPOT.COM/B/FLOORING-VINYL-FLOORING-VINYL-PLANK-FLOORING/HALSTEAD/N-5YC1VZBZJZZ1Z23XRK
HALSTED	HALSTED	homedepot.com	HTTPS://WWW.HOMEDEPOT.COM/B/HALSTED/N-5YC1VZQZ5
HALSTED	HALSTED	homedepot.com	HTTPS://WWW.HOMEDEPOT.COM/B/OUTDOORS-GARDEN-CENTER-LANDSCAPING-SUPPLIES/HALSTED/N-5YC1VZBX51ZQZ5
HALSTED	HALSTED	homedepot.com	HTTPS://WWW.HOMEDEPOT.COM/B/OUTDOORS/HALSTED/N-5YC1VZBX82ZQZ5
HALSTED	HALSTED	homedepot.com	HTTPS://WWW.HOMEDEPOT.COM/B/BEST-RATED/HALSTED/N-5YC1VZQZ5ZBWO5Q
HAMILTONBEACH	HAMILTONBEACH	homedepot.com	HTTPS://WWW.HOMEDEPOT.COM/B/HAMILTON-BEACH/N-5YC1VZP2
HAMILTONBEACHPROFESSIONAL	HAMILTONBEACHPROFESSIONAL	homedepot.com	HTTPS://WWW.HOMEDEPOT.COM/B/HAMILTON-BEACH-PROFESSIONAL/N-5YC1VZRMI
HAMMAMLINEN	HAMMAMLINEN	homedepot.com	HTTPS://WWW.HOMEDEPOT.COM/B/BATH-BATH-LINENS-TOWELS/HAMMAM-LINEN/N-5YC1VZCFVAZYSM
HAMMERS	HAMMERS	homedepot.com	HTTPS://WWW.HOMEDEPOT.COM/B/TOOLS-HAND-TOOLS-HAMMERS/N-5YC1VZC98G
HAMMOCKS	HAMMOCKS	homedepot.com	HTTPS://WWW.HOMEDEPOT.COM/B/OUTDOORS-PATIO-FURNITURE-HAMMOCKS/N-5YC1VZBXA7
HAMPTONBAY	HAMPTONBAY	homedepot.com	HTTPS://WWW.HOMEDEPOT.COM/B/HAMPTON-BAY/N-5YC1VZP4
HAMPTONBAY	HAMPTONBAY	homedepot.com	HTTPS://WWW.HOMEDEPOT.COM/B/LIGHTING-CEILING-FANS/HAMPTON-BAY/N-5YC1VZBVLQZP4
HAMPTONBAYDESIGNERSERIES	HAMPTONBAYDESIGNERSERIES	homedepot.com	HTTPS://WWW.HOMEDEPOT.COM/B/KITCHEN-KITCHEN-CABINETS/HAMPTON-BAY-DESIGNER-SERIES/N-5YC1VZAS87Z1Z1P57A
HAMPTONBAYDESIGNERSERIES	HAMPTONBAYDESIGNERSERIES	homedepot.com	HTTPS://WWW.HOMEDEPOT.COM/B/KITCHEN-KITCHEN-CABINETS/HAMPTON-BAY-DESIGNER-SERIES/BASE/N-5YC1VZAS87Z1Z118IFZ1Z1P57A
HAMPTONBAYDESIGNERSERIES	HAMPTONBAYDESIGNERSERIES	homedepot.com	HTTPS://WWW.HOMEDEPOT.COM/B/HAMPTON-BAY-DESIGNER-SERIES/TRANSFORMER/N-5YC1VZMQ1Z1Z0LU0L
HAMPTONFORGE	HAMPTONFORGE	homedepot.com	HTTPS://WWW.HOMEDEPOT.COM/B/KITCHEN-KITCHENWARE-CUTLERY-KNIFE-SETS/HAMPTON-FORGE/N-5YC1VZCF1OZEOO
HAMPTONFORGE	HAMPTONFORGE	homedepot.com	HTTPS://WWW.HOMEDEPOT.COM/B/HAMPTON-FORGE/N-5YC1VZEOO
HAMPTONHILL	HAMPTONHILL	homedepot.com	HTTPS://WWW.HOMEDEPOT.COM/B/HAMPTON-HILL/N-5YC1VZZEW
HAMPTONSIGNATURE	HAMPTONSIGNATURE	homedepot.com	HTTPS://WWW.HOMEDEPOT.COM/B/KITCHEN-TABLEWARE-BAR-FLATWARE-FLATWARE-SETS/HAMPTON-SIGNATURE/N-5YC1VZC6XKZH7K
HAMPTONSIGNATURE	HAMPTONSIGNATURE	homedepot.com	HTTPS://WWW.HOMEDEPOT.COM/B/HAMPTON-SIGNATURE/N-5YC1VZH7K
HANDCRAFTED4HOME	HANDCRAFTED4HOME	homedepot.com	HTTPS://WWW.HOMEDEPOT.COM/B/HANDCRAFTED-4-HOME/N-5YC1VZPDT
HANDITREADS	HANDITREADS	homedepot.com	HTTPS://WWW.HOMEDEPOT.COM/B/HANDI-TREADS/N-5YC1VZG1A
HANDSCRAPED	HANDSCRAPED	homedepot.com	HTTPS://WWW.HOMEDEPOT.COM/B/FLOORING-HARDWOOD-FLOORING/HAND-SCRAPED/N-5YC1VZAQ8XZ1Z17N41
HANDYBRITE	HANDYBRITE	homedepot.com	HTTPS://WWW.HOMEDEPOT.COM/B/LIGHTING-COMMERCIAL-LIGHTING-WORK-LIGHTS/HANDY-BRITE/N-5YC1VZCGDUZO52
HANDYBRITE	HANDYBRITE	homedepot.com	HTTPS://WWW.HOMEDEPOT.COM/B/HANDY-BRITE/N-5YC1VZO52
HANDYBRITE	HANDYBRITE	homedepot.com	HTTPS://WWW.HOMEDEPOT.COM/B/LIGHTING/HANDY-BRITE/N-5YC1VZBVN5ZO52
HANDYFAMM	HANDYFAMM	homedepot.com	HTTPS://WWW.HOMEDEPOT.COM/B/TOOLS-HAND-TOOLS-MEASURING-TOOLS/HANDY-FAMM/N-5YC1VZC24NZYPQ
HANDYGOURMET	HANDYGOURMET	homedepot.com	HTTPS://WWW.HOMEDEPOT.COM/B/HANDY-GOURMET/N-5YC1VZTXJ
HANDYGOURMET	HANDYGOURMET	homedepot.com	HTTPS://WWW.HOMEDEPOT.COM/B/KITCHEN-KITCHENWARE-KITCHEN-GADGETS-TOOLS-CAN-OPENERS/HANDY-GOURMET/N-5YC1VZC7G5ZTXJ
HANDYHEATER	HANDYHEATER	homedepot.com	HTTPS://WWW.HOMEDEPOT.COM/B/HANDY-HEATER/N-5YC1VZU9M
HANDYHEATER	HANDYHEATER	homedepot.com	HTTPS://WWW.HOMEDEPOT.COM/B/HEATING-VENTING-COOLING-HEATERS/HANDY-HEATER/N-5YC1VZC4L7ZU9M
HANDYHOMEPRODUCTS	HANDYHOMEPRODUCTS	homedepot.com	HTTPS://WWW.HOMEDEPOT.COM/B/HANDY-HOME-PRODUCTS/N-5YC1VZP6
HANDYHOMEPRODUCTS	HANDYHOMEPRODUCTS	homedepot.com	HTTPS://WWW.HOMEDEPOT.COM/B/STORAGE-ORGANIZATION-OUTDOOR-STORAGE-SHEDS-WOOD-SHEDS/HANDY-HOME-PRODUCTS/N-5YC1VZBU93ZP6
HANDYHOMEPRODUCTS	HANDYHOMEPRODUCTS	homedepot.com	HTTPS://WWW.HOMEDEPOT.COM/B/STORAGE-ORGANIZATION-OUTDOOR-STORAGE-SHEDS/HANDY-HOME-PRODUCTS/N-5YC1VZBTZ2ZP6
HANDYHOMEPRODUCTS	HANDYHOMEPRODUCTS	homedepot.com	HTTPS://WWW.HOMEDEPOT.COM/B/STORAGE-ORGANIZATION/HANDY-HOME-PRODUCTS/N-5YC1VZAS7EZP6
HANDYLIVING	HANDYLIVING	homedepot.com	HTTPS://WWW.HOMEDEPOT.COM/B/FURNITURE/HANDY-LIVING/N-5YC1VZC7PCZLZG
HANDYLIVING	HANDYLIVING	homedepot.com	HTTPS://WWW.HOMEDEPOT.COM/B/FURNITURE-LIVING-ROOM-FURNITURE/HANDY-LIVING/N-5YC1VZC7P3ZLZG
HANDYLIVING	HANDYLIVING	homedepot.com	HTTPS://WWW.HOMEDEPOT.COM/B/FURNITURE-LIVING-ROOM-FURNITURE-CHAIRS-ACCENT-CHAIRS/HANDY-LIVING/N-5YC1VZCF8GZLZG
HANDYLIVING	HANDYLIVING	homedepot.com	HTTPS://WWW.HOMEDEPOT.COM/B/HIGHLY-RATED/HANDY-LIVING/N-5YC1VZLZGZBWO5O
HANDYPAINTPRODUCTS	HANDYPAINTPRODUCTS	homedepot.com	HTTPS://WWW.HOMEDEPOT.COM/B/HANDY-PAINT-PRODUCTS/N-5YC1VZG11
HANDYPANTRY	HANDYPANTRY	homedepot.com	HTTPS://WWW.HOMEDEPOT.COM/B/HANDY-PANTRY/N-5YC1VZOO2
HANDYPANTRY	HANDYPANTRY	homedepot.com	HTTPS://WWW.HOMEDEPOT.COM/B/HIGHLY-RATED/HANDY-PANTRY/N-5YC1VZOO2ZBWO5O
HANDYPOWERX	HANDYPOWERX	homedepot.com	HTTPS://WWW.HOMEDEPOT.COM/B/AUTOMOTIVE-BATTERY-CHARGING-SYSTEMS/HANDYPOWER-X/N-5YC1VZC8M6ZSWG
HANERGY	HANERGY	homedepot.com	HTTPS://WWW.HOMEDEPOT.COM/B/ELECTRICAL-RENEWABLE-ENERGY-SOLAR-PANEL-KITS/HANERGY/N-5YC1VZCDROZGZB
HANERGY	HANERGY	homedepot.com	HTTPS://WWW.HOMEDEPOT.COM/B/ELECTRICAL-RENEWABLE-ENERGY-SOLAR-BATTERY-CHARGERS/HANERGY/N-5YC1VZCDRPZGZB
HANERGY	HANERGY	homedepot.com	HTTPS://WWW.HOMEDEPOT.COM/B/ELECTRICAL-RENEWABLE-ENERGY-SOLAR-POWER-ACCESSORIES/HANERGY/N-5YC1VZCDRIZGZB
HANESGEOCOMPONENTS	HANESGEOCOMPONENTS	homedepot.com	HTTPS://WWW.HOMEDEPOT.COM/B/HANES-GEO-COMPONENTS/N-5YC1VZFWR
HANESGEOCOMPONENTS	HANESGEOCOMPONENTS	homedepot.com	HTTPS://WWW.HOMEDEPOT.COM/B/OUTDOORS-GARDEN-CENTER-LANDSCAPING-SUPPLIES/HANES-GEO-COMPONENTS/N-5YC1VZBX51ZFWR
HANESGEOCOMPONENTS	HANESGEOCOMPONENTS	homedepot.com	HTTPS://WWW.HOMEDEPOT.COM/B/LUMBER-COMPOSITES/HANES-GEO-COMPONENTS/N-5YC1VZBQPGZFWR
HANESGEOCOMPONENTS	HANESGEOCOMPONENTS	homedepot.com	HTTPS://WWW.HOMEDEPOT.COM/B/LUMBER-COMPOSITES-FENCING-GATES/HANES-GEO-COMPONENTS/N-5YC1VZBRK7ZFWR
HANESGEOCOMPONENTS	HANESGEOCOMPONENTS	homedepot.com	HTTPS://WWW.HOMEDEPOT.COM/B/HANES-GEO-COMPONENTS/PICK-UP-TODAY/N-5YC1VZFWRZ1Z175A5
HANGINGDECOR	HANGINGDECOR	homedepot.com	HTTPS://WWW.HOMEDEPOT.COM/B/HANGING-DECOR/N-5YC1VZ1Z0R3MB
HANGOMATIC	HANGOMATIC	homedepot.com	HTTPS://WWW.HOMEDEPOT.COM/B/HARDWARE-PICTURE-MIRROR-HANGING/HANG-O-MATIC/N-5YC1VZC2CUZF7O
HANGOUTPOD	HANGOUTPOD	homedepot.com	HTTPS://WWW.HOMEDEPOT.COM/B/HANGOUT-POD/N-5YC1VZV3B
HANGOUTPOD	HANGOUTPOD	homedepot.com	HTTPS://WWW.HOMEDEPOT.COM/B/OUTDOORS-PATIO-FURNITURE-HAMMOCKS-HAMMOCK-ACCESSORIES/HANGOUT-POD/N-5YC1VZCFIIZV3B
HANIKES	HANIKES	homedepot.com	HTTPS://WWW.HOMEDEPOT.COM/B/BATH-TOILETS/HANIKES/N-5YC1VZBZBDZYHD
HANIKES	HANIKES	homedepot.com	HTTPS://WWW.HOMEDEPOT.COM/B/HANIKES/N-5YC1VZYHD
HANIKES	HANIKES	homedepot.com	HTTPS://WWW.HOMEDEPOT.COM/B/BATH-TOILETS-ONE-PIECE-TOILETS/HANIKES/N-5YC1VZCB8VZYHD
HANIKES	HANIKES	homedepot.com	HTTPS://WWW.HOMEDEPOT.COM/B/BATH-TOILETS-BIDET-TOILETS/HANIKES/N-5YC1VZBZACZYHD
HANIKES	HANIKES	homedepot.com	HTTPS://WWW.HOMEDEPOT.COM/B/BATH-TOILETS/BEST-RATED/HANIKES/N-5YC1VZBZBDZYHDZBWO5Q
HANIKES	HANIKES	homedepot.com	HTTPS://WWW.HOMEDEPOT.COM/B/BATH-TOILETS/HANIKES/COMPACT/N-5YC1VZBZBDZYHDZ1Z1Q0P1
HANNEX	HANNEX	homedepot.com	HTTPS://WWW.HOMEDEPOT.COM/B/APPLIANCES-SMALL-KITCHEN-APPLIANCES/HANNEX/N-5YC1VZBV48ZBLF
HANNEX	HANNEX	homedepot.com	HTTPS://WWW.HOMEDEPOT.COM/B/APPLIANCES/HANNEX/N-5YC1VZBV1WZBLF
HANNEX	HANNEX	homedepot.com	HTTPS://WWW.HOMEDEPOT.COM/B/APPLIANCES-COOKTOPS-INDUCTION-COOKTOPS/HANNEX/N-5YC1VZC5LXZBLF
HANSGROHE	HANSGROHE	homedepot.com	HTTPS://WWW.HOMEDEPOT.COM/B/HANSGROHE/N-5YC1VZP8
HANSGROHE	HANSGROHE	homedepot.com	HTTPS://WWW.HOMEDEPOT.COM/B/BATH-BATHROOM-FAUCETS/HANSGROHE/N-5YC1VZBREOZP8
HANSGROHE	HANSGROHE	homedepot.com	HTTPS://WWW.HOMEDEPOT.COM/B/BATH-BATHROOM-FAUCETS-SHOWER-SYSTEMS/HANSGROHE/N-5YC1VZCD03ZP8
HAPPATIO	HAPPATIO	homedepot.com	HTTPS://WWW.HOMEDEPOT.COM/B/OUTDOORS-PATIO-FURNITURE/HAPPATIO/N-5YC1VZBX4OZVA0
HAPPATIO	HAPPATIO	homedepot.com	HTTPS://WWW.HOMEDEPOT.COM/B/OUTDOORS-PATIO-FURNITURE-PATIO-DINING-FURNITURE-PATIO-DINING-SETS/HAPPATIO/N-5YC1VZBXDLZVA0
HAPPATIO	HAPPATIO	homedepot.com	HTTPS://WWW.HOMEDEPOT.COM/B/OUTDOORS-PATIO-FURNITURE-OUTDOOR-LOUNGE-FURNITURE-PATIO-CONVERSATION-SETS/HAPPATIO/N-5YC1VZBX97ZVA0
HAPPATIO	HAPPATIO	homedepot.com	HTTPS://WWW.HOMEDEPOT.COM/B/HAPPATIO/N-5YC1VZVA0
HAPPATIO	HAPPATIO	homedepot.com	HTTPS://WWW.HOMEDEPOT.COM/B/OUTDOORS-PATIO-FURNITURE-PATIO-DINING-FURNITURE/HAPPATIO/N-5YC1VZBXDRZVA0
HAPPYHOUNDS	HAPPYHOUNDS	homedepot.com	HTTPS://WWW.HOMEDEPOT.COM/B/OUTDOORS-PET-SUPPLIES-WILDLIFE-DOG-SUPPLIES-DOG-FURNITURE-DOG-BEDS-PILLOWS/HAPPY-HOUNDS/N-5YC1VZC4UAZQTL
HAPPYHOUNDS	HAPPYHOUNDS	homedepot.com	HTTPS://WWW.HOMEDEPOT.COM/B/HAPPY-HOUNDS/N-5YC1VZQTL
HAPPYHOUNDS	HAPPYHOUNDS	homedepot.com	HTTPS://WWW.HOMEDEPOT.COM/B/OUTDOORS-PET-SUPPLIES-WILDLIFE-DOG-SUPPLIES-DOG-BEDS/HAPPY-HOUNDS/N-5YC1VZ2FKPE5HZQTL
HAPPYHOUNDS	HAPPYHOUNDS	homedepot.com	HTTPS://WWW.HOMEDEPOT.COM/B/OUTDOORS-PET-SUPPLIES-WILDLIFE/HAPPY-HOUNDS/N-5YC1VZC4U1ZQTL
HAPPYHOUNDS	HAPPYHOUNDS	homedepot.com	HTTPS://WWW.HOMEDEPOT.COM/B/OUTDOORS-PET-SUPPLIES-WILDLIFE-DOG-SUPPLIES/HAPPY-HOUNDS/N-5YC1VZC4TRZQTL
HARBORGARDENS	HARBORGARDENS	homedepot.com	HTTPS://WWW.HOMEDEPOT.COM/B/HARBOR-GARDENS/N-5YC1VZRFU
HARBORGARDENS	HARBORGARDENS	homedepot.com	HTTPS://WWW.HOMEDEPOT.COM/B/OUTDOORS-GARDEN-CENTER-OUTDOOR-DECOR-TRELLISES-ARBORS/HARBOR-GARDENS/N-5YC1VZCC58ZRFU
HARBORGARDENS	HARBORGARDENS	homedepot.com	HTTPS://WWW.HOMEDEPOT.COM/B/OUTDOORS-GARDEN-CENTER-OUTDOOR-DECOR-TRELLISES/HARBOR-GARDENS/N-5YC1VZC6NXZRFU
HARBORGARDENS	HARBORGARDENS	homedepot.com	HTTPS://WWW.HOMEDEPOT.COM/B/OUTDOORS-OUTDOOR-HEATING-FIRE-PITS/HARBOR-GARDENS/N-5YC1VZC6NAZRFU
HARBORGARDENS	HARBORGARDENS	homedepot.com	HTTPS://WWW.HOMEDEPOT.COM/B/OUTDOORS-GARDEN-CENTER-PLANT-SUPPORT-PLANT-TRELLISES/HARBOR-GARDENS/N-5YC1VZCIAZZRFU
HARBORGARDENS	HARBORGARDENS	homedepot.com	HTTPS://WWW.HOMEDEPOT.COM/B/HARBOR-GARDENS/CERAMIC/N-5YC1VZRFUZ1Z0UGM0
HARDLINEPRODUCTS	HARDLINEPRODUCTS	homedepot.com	HTTPS://WWW.HOMEDEPOT.COM/B/HARDLINE-PRODUCTS/N-5YC1VZO3I
HARDLINEPRODUCTS	HARDLINEPRODUCTS	homedepot.com	HTTPS://WWW.HOMEDEPOT.COM/B/HARDWARE/HARDLINE-PRODUCTS/N-5YC1VZC21MZO3I
HARDTOP	HARDTOP	homedepot.com	HTTPS://WWW.HOMEDEPOT.COM/B/OUTDOORS-SHADE-STRUCTURES-GAZEBOS/HARDTOP/N-5YC1VZBTYAZ1Z1S1TD
HARDWARE	HARDWARE	homedepot.com	HTTPS://WWW.HOMEDEPOT.COM/B/HARDWARE/N-5YC1VZC21M
HARDWAREESSENTIALS	HARDWAREESSENTIALS	homedepot.com	HTTPS://WWW.HOMEDEPOT.COM/B/HARDWARE-ESSENTIALS/N-5YC1VZPE4
HARDWAREESSENTIALS	HARDWAREESSENTIALS	homedepot.com	HTTPS://WWW.HOMEDEPOT.COM/B/HARDWARE/HARDWARE-ESSENTIALS/N-5YC1VZC21MZPE4
HARDWAREESSENTIALS	HARDWAREESSENTIALS	homedepot.com	HTTPS://WWW.HOMEDEPOT.COM/B/HARDWARE-ESSENTIALS/336/N-5YC1VZPE4Z1Z1075V
HARDWAREESSENTIALS	HARDWAREESSENTIALS	homedepot.com	HTTPS://WWW.HOMEDEPOT.COM/B/HARDWARE-DOOR-HARDWARE-CLOSET-DOOR-HARDWARE/HARDWARE-ESSENTIALS/N-5YC1VZC28OZPE4
HARDWAREHOUSE	HARDWAREHOUSE	homedepot.com	HTTPS://WWW.HOMEDEPOT.COM/B/HARDWARE-HOUSE/N-5YC1VZNDO
HARDWOODREFLECTIONS	HARDWOODREFLECTIONS	homedepot.com	HTTPS://WWW.HOMEDEPOT.COM/B/HARDWOOD-REFLECTIONS/N-5YC1VZSFH
HARDWOODREFLECTIONS	HARDWOODREFLECTIONS	homedepot.com	HTTPS://WWW.HOMEDEPOT.COM/B/KITCHEN-COUNTERTOPS-BUTCHER-BLOCK-COUNTERTOPS/HARDWOOD-REFLECTIONS/N-5YC1VZCGRCZSFH
HARDWOODREFLECTIONS	HARDWOODREFLECTIONS	homedepot.com	HTTPS://WWW.HOMEDEPOT.COM/B/KITCHEN/HARDWOOD-REFLECTIONS/N-5YC1VZAR4IZSFH
HARDWOODREFLECTIONS	HARDWOODREFLECTIONS	homedepot.com	HTTPS://WWW.HOMEDEPOT.COM/B/PAINT-INTERIOR-WOOD-STAINS/HARDWOOD-REFLECTIONS/N-5YC1VZBO8PZSFH
HARDWOODREFLECTIONS	HARDWOODREFLECTIONS	homedepot.com	HTTPS://WWW.HOMEDEPOT.COM/B/STORAGE-ORGANIZATION-SHELVING-DECORATIVE-WALL-SHELVES/HARDWOOD-REFLECTIONS/N-5YC1VZBBZOZSFH
HARDWOODREFLECTIONS	HARDWOODREFLECTIONS	homedepot.com	HTTPS://WWW.HOMEDEPOT.COM/B/KITCHEN-COUNTERTOPS/HARDWOOD-REFLECTIONS/N-5YC1VZBMF2ZLPV
HARDWOODREFLECTIONS	HARDWOODREFLECTIONS	homedepot.com	HTTPS://WWW.HOMEDEPOT.COM/B/LUMBER-COMPOSITES-BOARDS-PLANKS/HARDWOOD-REFLECTIONS/N-5YC1VZ1Z18H41ZSFH
HARDWOODREFLECTIONS	HARDWOODREFLECTIONS	homedepot.com	HTTPS://WWW.HOMEDEPOT.COM/B/KITCHEN-COUNTERTOPS-BUTCHER-BLOCK-OILS/HARDWOOD-REFLECTIONS/N-5YC1VZ2FKP3H1ZSFH
HARDWOODREFLECTIONS	HARDWOODREFLECTIONS	homedepot.com	HTTPS://WWW.HOMEDEPOT.COM/B/STORAGE-ORGANIZATION-SHELVING/HARDWOOD-REFLECTIONS/N-5YC1VZC89KZSFH
HARPER	HARPER	homedepot.com	HTTPS://WWW.HOMEDEPOT.COM/B/HARPER/N-5YC1VZY13
HARPERANDBRIGHTDESIGNS	HARPERANDBRIGHTDESIGNS	homedepot.com	HTTPS://WWW.HOMEDEPOT.COM/B/FURNITURE-BEDROOM-FURNITURE-DRESSERS/HARPER-AND-BRIGHT-DESIGNS/N-5YC1VZC7PWZQJD
HARPERBRIGHTDESIGNS	HARPERBRIGHTDESIGNS	homedepot.com	HTTPS://WWW.HOMEDEPOT.COM/B/FURNITURE/HARPER-BRIGHT-DESIGNS/N-5YC1VZC7PCZNBU
HARPERBRIGHTDESIGNS	HARPERBRIGHTDESIGNS	homedepot.com	HTTPS://WWW.HOMEDEPOT.COM/B/HARPER-BRIGHT-DESIGNS/N-5YC1VZNBU
HARPERBRIGHTDESIGNS	HARPERBRIGHTDESIGNS	homedepot.com	HTTPS://WWW.HOMEDEPOT.COM/B/BATH-BATHROOM-STORAGE-BATHROOM-CABINETS/HARPER-BRIGHT-DESIGNS/N-5YC1VZ2FKP9QXZNBU
HARPERBRIGHTDESIGNS	HARPERBRIGHTDESIGNS	homedepot.com	HTTPS://WWW.HOMEDEPOT.COM/B/FURNITURE-BEDROOM-FURNITURE-BEDS/HARPER-BRIGHT-DESIGNS/N-5YC1VZC7OHZNBU
HARPERBRIGHTDESIGNS	HARPERBRIGHTDESIGNS	homedepot.com	HTTPS://WWW.HOMEDEPOT.COM/B/FURNITURE-KITCHEN-DINING-ROOM-FURNITURE/HARPER-BRIGHT-DESIGNS/N-5YC1VZC7OUZNBU
HARPERBRIGHTDESIGNS	HARPERBRIGHTDESIGNS	homedepot.com	HTTPS://WWW.HOMEDEPOT.COM/B/FURNITURE-LIVING-ROOM-FURNITURE/HARPER-BRIGHT-DESIGNS/N-5YC1VZC7P3ZNBU
HARPERBRIGHTDESIGNS	HARPERBRIGHTDESIGNS	homedepot.com	HTTPS://WWW.HOMEDEPOT.COM/B/OUTDOORS-PATIO-FURNITURE/HARPER-BRIGHT-DESIGNS/N-5YC1VZBX4OZNBU
HARPERLANE	HARPERLANE	homedepot.com	HTTPS://WWW.HOMEDEPOT.COM/B/HOME-DECOR-BEDDING-BEDDING-SETS/HARPER-LANE/N-5YC1VZ2FKOR2VZQWG
HARPERLANE	HARPERLANE	homedepot.com	HTTPS://WWW.HOMEDEPOT.COM/B/HOME-DECOR/HARPER-LANE/N-5YC1VZAS6PZQWG
HARPERLANE	HARPERLANE	homedepot.com	HTTPS://WWW.HOMEDEPOT.COM/B/WINDOW-TREATMENTS-WINDOW-SHADES-CELLULAR-SHADES/HARPER-LANE/N-5YC1VZBT0SZQWG
HARRISONLANE	HARRISONLANE	homedepot.com	HTTPS://WWW.HOMEDEPOT.COM/B/HARRISON-LANE/9-LB/N-5YC1VZGYQZ1Z1089U
HARRISONLANE	HARRISONLANE	homedepot.com	HTTPS://WWW.HOMEDEPOT.COM/B/LIGHTING/HARRISON-LANE/N-5YC1VZBVN5ZGYQ
HARRISONLANE	HARRISONLANE	homedepot.com	HTTPS://WWW.HOMEDEPOT.COM/B/HARRISON-LANE/N-5YC1VZGYQ
HARRISONLANE	HARRISONLANE	homedepot.com	HTTPS://WWW.HOMEDEPOT.COM/B/LIGHTING-CHANDELIERS/HARRISON-LANE/CRYSTAL/E12/N-5YC1VZC7O0ZGYQZ1Z0OWSVZ1Z0TP3I
HARRISWOOD	HARRISWOOD	homedepot.com	HTTPS://WWW.HOMEDEPOT.COM/B/FLOORING-HARDWOOD-FLOORING/HARRIS-WOOD/N-5YC1VZAQ8XZSY6
HART	HART	homedepot.com	HTTPS://WWW.HOMEDEPOT.COM/B/TOOLS/HART/N-5YC1VZC1XYZAFN
HART	HART	homedepot.com	HTTPS://WWW.HOMEDEPOT.COM/B/TOOLS-HAND-TOOLS/HART/N-5YC1VZC1ZGZAFN
HARTELL	HARTELL	homedepot.com	HTTPS://WWW.HOMEDEPOT.COM/B/PLUMBING-WATER-PUMPS/HARTELL/N-5YC1VZBQLBZFFX
HARTELL	HARTELL	homedepot.com	HTTPS://WWW.HOMEDEPOT.COM/B/HARTELL/N-5YC1VZFFX
HARTELL	HARTELL	homedepot.com	HTTPS://WWW.HOMEDEPOT.COM/B/PLUMBING-WATER-PUMPS-UTILITY-PUMPS/HARTELL/N-5YC1VZBQN6ZFFX
HARVESTLANEHONEY	HARVESTLANEHONEY	homedepot.com	HTTPS://WWW.HOMEDEPOT.COM/B/OUTDOORS-PET-SUPPLIES-WILDLIFE-BEEKEEPING-SUPPLIES/HARVEST-LANE-HONEY/N-5YC1VZCBTJZFA3
HASIPU	HASIPU	homedepot.com	HTTPS://WWW.HOMEDEPOT.COM/B/HOME-DECOR-MIRRORS/HASIPU/N-5YC1VZBVE6ZZL5
HATTERASHAMMOCKS	HATTERASHAMMOCKS	homedepot.com	HTTPS://WWW.HOMEDEPOT.COM/B/HATTERAS-HAMMOCKS/N-5YC1VZB5H
HATTERASHAMMOCKS	HATTERASHAMMOCKS	homedepot.com	HTTPS://WWW.HOMEDEPOT.COM/B/OUTDOORS-PATIO-FURNITURE-HAMMOCKS/HATTERAS-HAMMOCKS/N-5YC1VZBXA7ZB5H
HAUNTEDHILLFARM	HAUNTEDHILLFARM	homedepot.com	HTTPS://WWW.HOMEDEPOT.COM/B/HOLIDAY-DECORATIONS-HALLOWEEN-DECORATIONS-HALLOWEEN-ANIMATRONICS-AND-GIANTS/HAUNTED-HILL-FARM/N-5YC1VZ2FKOWJYZQ4C
HAUNTEDHILLFARM	HAUNTEDHILLFARM	homedepot.com	HTTPS://WWW.HOMEDEPOT.COM/B/HOLIDAY-DECORATIONS-HALLOWEEN-DECORATIONS/HAUNTED-HILL-FARM/N-5YC1VZC2VEZQ4C
HAUNTEDHILLFARMHAUNTEDHILLFARM	HAUNTEDHILLFARMHAUNTEDHILLFARM	homedepot.com	HTTPS://WWW.HOMEDEPOT.COM/B/HOLIDAY-DECORATIONS-HALLOWEEN-DECORATIONS-HALLOWEEN-ANIMATRONICS-AND-GIANTS/HAUNTED-HILL-FARMHAUNTED-HILL-FARM/N-5YC1VZ2FKOWJYZS87
HAUSFAME	HAUSFAME	homedepot.com	HTTPS://WWW.HOMEDEPOT.COM/B/FURNITURE-BAR-FURNITURE/HAUSFAME/N-5YC1VZ2FKPAAGZVI6
HAUSLANE	HAUSLANE	homedepot.com	HTTPS://WWW.HOMEDEPOT.COM/B/APPLIANCES-RANGE-HOODS-UNDER-CABINET-RANGE-HOODS/HAUSLANE/N-5YC1VZC3OHZUJR
HAUSOURCE	HAUSOURCE	homedepot.com	HTTPS://WWW.HOMEDEPOT.COM/B/GARAGE-GARAGE-STORAGE/HAUSOURCE/N-5YC1VZARMIZ105Q
HAUSVITA	HAUSVITA	homedepot.com	HTTPS://WWW.HOMEDEPOT.COM/B/HAUSVITA/N-5YC1VZZ99
HAUSVITA	HAUSVITA	homedepot.com	HTTPS://WWW.HOMEDEPOT.COM/B/HAUSVITA/BASE/N-5YC1VZZ99Z1Z118IF
HAUSVITA	HAUSVITA	homedepot.com	HTTPS://WWW.HOMEDEPOT.COM/B/KITCHEN-KITCHEN-CABINETS-IN-STOCK-KITCHEN-CABINETS-READY-TO-ASSEMBLE-KITCHEN-CABINETS/HAUSVITA/N-5YC1VZ2FKOWPZZZ99
HAUSVITA	HAUSVITA	homedepot.com	HTTPS://WWW.HOMEDEPOT.COM/B/BATH-BATHROOM-MIRRORS/HAUSVITA/N-5YC1VZBZBOZZ99
HAUTEDECOR	HAUTEDECOR	homedepot.com	HTTPS://WWW.HOMEDEPOT.COM/B/HAUTE-DECOR/N-5YC1VZDV3
HAUTEDECOR	HAUTEDECOR	homedepot.com	HTTPS://WWW.HOMEDEPOT.COM/B/HOLIDAY-DECORATIONS-CHRISTMAS-DECORATIONS/HAUTE-DECOR/N-5YC1VZCGXOZDV3
HAUTEDECOR	HAUTEDECOR	homedepot.com	HTTPS://WWW.HOMEDEPOT.COM/B/HAUTE-DECOR/STEEL/N-5YC1VZDV3Z1Z116EQ
HAUTELOOM	HAUTELOOM	homedepot.com	HTTPS://WWW.HOMEDEPOT.COM/B/FLOORING-RUGS-AREA-RUGS/HAUTELOOM/N-5YC1VZARJGZVDV
HAVAHART	HAVAHART	homedepot.com	HTTPS://WWW.HOMEDEPOT.COM/B/HAVAHART/N-5YC1VZPL
HAVAHART	HAVAHART	homedepot.com	HTTPS://WWW.HOMEDEPOT.COM/B/OUTDOORS-GARDEN-CENTER-PEST-CONTROL-ANIMAL-RODENT-CONTROL-TRAPS/HAVAHART/N-5YC1VZ2FKOQFWZPL
HAVAHARTWIRELESS	HAVAHARTWIRELESS	homedepot.com	HTTPS://WWW.HOMEDEPOT.COM/B/OUTDOORS-PET-SUPPLIES-WILDLIFE-PET-FENCING-TRAINING/HAVAHART-WIRELESS/N-5YC1VZC51YZB71
HAVAHARTWIRELESS	HAVAHARTWIRELESS	homedepot.com	HTTPS://WWW.HOMEDEPOT.COM/B/HAVAHART-WIRELESS/N-5YC1VZB71
HAVAHARTWIRELESS	HAVAHARTWIRELESS	homedepot.com	HTTPS://WWW.HOMEDEPOT.COM/B/OUTDOORS-PET-SUPPLIES-WILDLIFE-PET-FENCING-TRAINING-FENCING-SYSTEMS/HAVAHART-WIRELESS/N-5YC1VZC51WZB71
HAVENWAY	HAVENWAY	homedepot.com	HTTPS://WWW.HOMEDEPOT.COM/B/OUTDOORS-PATIO-FURNITURE-OUTDOOR-LOUNGE-FURNITURE-PATIO-CONVERSATION-SETS/HAVEN-WAY/N-5YC1VZBX97ZYAS
HAVENWAY	HAVENWAY	homedepot.com	HTTPS://WWW.HOMEDEPOT.COM/B/HAVEN-WAY/N-5YC1VZYAS
HAWKINGTECHNOLOGY	HAWKINGTECHNOLOGY	homedepot.com	HTTPS://WWW.HOMEDEPOT.COM/B/ELECTRICAL-ELECTRONICS-WIFI-NETWORKING-DEVICES-WIRELESS-ROUTERS/HAWKING-TECHNOLOGY/N-5YC1VZC6MHZMZ8
HAWMAMLINEN	HAWMAMLINEN	homedepot.com	HTTPS://WWW.HOMEDEPOT.COM/B/BATH-BATH-LINENS/HAWMAM-LINEN/N-5YC1VZ2FKPESBZZ5X
HAWMAMLINEN	HAWMAMLINEN	homedepot.com	HTTPS://WWW.HOMEDEPOT.COM/B/BATH-BATH-LINENS-TOWELS-BATH-TOWELS/HAWMAM-LINEN/N-5YC1VZ2FKPA9CZ1Z22Z54
HAWOO	HAWOO	homedepot.com	HTTPS://WWW.HOMEDEPOT.COM/B/HAWOO/N-5YC1VZSRZ
HAWOO	HAWOO	homedepot.com	HTTPS://WWW.HOMEDEPOT.COM/B/FURNITURE-HOME-OFFICE-FURNITURE/HAWOO/N-5YC1VZC7NPZSRZ
HAWOO	HAWOO	homedepot.com	HTTPS://WWW.HOMEDEPOT.COM/B/STORAGE-ORGANIZATION-SHELVING-WALL-MOUNTED-SHELVES/HAWOO/N-5YC1VZCKSOZSRZ
HAWOO	HAWOO	homedepot.com	HTTPS://WWW.HOMEDEPOT.COM/B/FURNITURE-HOME-OFFICE-FURNITURE-BOOKCASES-BOOKSHELVES/HAWOO/N-5YC1VZC7O5ZSRZ
HAWOO	HAWOO	homedepot.com	HTTPS://WWW.HOMEDEPOT.COM/B/HOME-DECOR-HOME-FRAGRANCE/HAWOO/N-5YC1VZCF9SZSRZ
HAWOO	HAWOO	homedepot.com	HTTPS://WWW.HOMEDEPOT.COM/B/FURNITURE-HOME-OFFICE-FURNITURE-OFFICE-STORAGE-CABINETS/HAWOO/BROWN/N-5YC1VZCIO4ZSRZZ1Z13HQC
HAWTHORN	HAWTHORN	homedepot.com	HTTPS://WWW.HOMEDEPOT.COM/B/OUTDOORS-GARDEN-CENTER-OUTDOOR-PLANTS/HAWTHORN/N-5YC1VZC8RGZ1Z1BQJ3
HAWTHORN	HAWTHORN	homedepot.com	HTTPS://WWW.HOMEDEPOT.COM/B/OUTDOORS-GARDEN-CENTER-OUTDOOR-PLANTS-BUSHES/HAWTHORN/N-5YC1VZC8R6Z1Z1BQJ3
HAYDEN	HAYDEN	homedepot.com	HTTPS://WWW.HOMEDEPOT.COM/B/HAYDEN/N-5YC1VZNWH
HAYDON	HAYDON	homedepot.com	HTTPS://WWW.HOMEDEPOT.COM/B/HAYDON/N-5YC1VZMGM
HAYDON	HAYDON	homedepot.com	HTTPS://WWW.HOMEDEPOT.COM/B/HEATING-VENTING-COOLING-HEATERS-BASEBOARD-HEATERS/HAYDON/N-5YC1VZC4KUZMGM
HAYMONT	HAYMONT	homedepot.com	HTTPS://WWW.HOMEDEPOT.COM/B/OUTDOORS-PATIO-FURNITURE-PATIO-DINING-FURNITURE/HAYMONT/N-5YC1VZBXDRZ1Z1DKSR
HAYMONT	HAYMONT	homedepot.com	HTTPS://WWW.HOMEDEPOT.COM/B/OUTDOORS-PATIO-FURNITURE-PATIO-CHAIRS/HAYMONT/N-5YC1VZC1XKZ1Z1DKSR
HAYMONT	HAYMONT	homedepot.com	HTTPS://WWW.HOMEDEPOT.COM/B/OUTDOORS-PATIO-FURNITURE/HAYMONT/N-5YC1VZBX4OZ1Z1DKSR
HAYWARD	HAYWARD	homedepot.com	HTTPS://WWW.HOMEDEPOT.COM/B/HAYWARD/N-5YC1VZQ3L
HAYWARD	HAYWARD	homedepot.com	HTTPS://WWW.HOMEDEPOT.COM/B/OUTDOORS-POOL-SUPPLIES/HAYWARD/N-5YC1VZ1Z18GXCZQ3L
HAZELHURST	HAZELHURST	homedepot.com	HTTPS://WWW.HOMEDEPOT.COM/B/OUTDOORS-PATIO-FURNITURE/HAZELHURST/N-5YC1VZBX4OZ1Z1PK0Z
HAZELHURST	HAZELHURST	homedepot.com	HTTPS://WWW.HOMEDEPOT.COM/B/OUTDOORS-PATIO-FURNITURE/HAZELHURST/N-5YC1VZBX4OZ1Z1R0K0
HBEZON	HBEZON	homedepot.com	HTTPS://WWW.HOMEDEPOT.COM/B/HBEZON/N-5YC1VZV4E
HBEZON	HBEZON	homedepot.com	HTTPS://WWW.HOMEDEPOT.COM/B/BATH-BATHROOM-STORAGE-MEDICINE-CABINETS/HBEZON/N-5YC1VZ2FKOWHHZV4E
HBEZON	HBEZON	homedepot.com	HTTPS://WWW.HOMEDEPOT.COM/B/BATH-BATHROOM-STORAGE-MEDICINE-CABINETS-MEDICINE-CABINETS-WITH-MIRRORS/HBEZON/N-5YC1VZ2FKOWHRZV4E
HBEZON	HBEZON	homedepot.com	HTTPS://WWW.HOMEDEPOT.COM/B/BATH-SHOWERS-SHOWER-DOORS/HBEZON/N-5YC1VZBZCGZV4E
HBSMITH	HBSMITH	homedepot.com	HTTPS://WWW.HOMEDEPOT.COM/B/OUTDOORS-GARDEN-CENTER-GARDEN-TOOLS-GARDENING-TOOLS/HB-SMITH/N-5YC1VZC5QQZQ0Y
HBSMITH	HBSMITH	homedepot.com	HTTPS://WWW.HOMEDEPOT.COM/B/HB-SMITH/N-5YC1VZQ0Y
HBSMITH	HBSMITH	homedepot.com	HTTPS://WWW.HOMEDEPOT.COM/B/TOOLS/HB-SMITH/N-5YC1VZC1XYZQ0Y
HCK	HCK	homedepot.com	HTTPS://WWW.HOMEDEPOT.COM/B/OUTDOORS-OUTDOOR-COOKING-OUTDOOR-KITCHENS-OUTDOOR-REFRIGERATORS/HCK/N-5YC1VZC6STZYUX
HCK	HCK	homedepot.com	HTTPS://WWW.HOMEDEPOT.COM/B/OUTDOORS-OUTDOOR-COOKING-OUTDOOR-KITCHENS/HCK/N-5YC1VZC4POZYUX
HCK	HCK	homedepot.com	HTTPS://WWW.HOMEDEPOT.COM/B/HCK/N-5YC1VZYUX
HDF	HDF	homedepot.com	HTTPS://WWW.HOMEDEPOT.COM/B/LUMBER-COMPOSITES-BOARDS-PLANKS/HDF/N-5YC1VZ1Z18H41Z1Z19XR1
HDSOLUTIONS	HDSOLUTIONS	homedepot.com	HTTPS://WWW.HOMEDEPOT.COM/B/HD-SOLUTIONS/N-5YC1VZQ0W
HDSTRADINGCORP	HDSTRADINGCORP	homedepot.com	HTTPS://WWW.HOMEDEPOT.COM/B/STORAGE-ORGANIZATION/HDS-TRADING-CORP/N-5YC1VZAS7EZGGJ
HDSTRADINGCORP	HDSTRADINGCORP	homedepot.com	HTTPS://WWW.HOMEDEPOT.COM/B/HDS-TRADING-CORP/N-5YC1VZGGJ
HDSTRADINGCORP	HDSTRADINGCORP	homedepot.com	HTTPS://WWW.HOMEDEPOT.COM/B/KITCHEN-KITCHEN-STORAGE-ORGANIZATION/HDS-TRADING-CORP/N-5YC1VZAPU6ZGGJ
HDSTRADINGCORP	HDSTRADINGCORP	homedepot.com	HTTPS://WWW.HOMEDEPOT.COM/B/KITCHEN-KITCHEN-STORAGE-ORGANIZATION-FOOD-STORAGE/HDS-TRADING-CORP/N-5YC1VZCF06ZGGJ
HDSTRADINGCORP	HDSTRADINGCORP	homedepot.com	HTTPS://WWW.HOMEDEPOT.COM/B/BATH/HDS-TRADING-CORP/N-5YC1VZBZB3ZGGJ
HDSTRADINGCORP	HDSTRADINGCORP	homedepot.com	HTTPS://WWW.HOMEDEPOT.COM/B/BATH-BATHROOM-ACCESSORIES-BATHROOM-HARDWARE/HDS-TRADING-CORP/N-5YC1VZCFV8ZGGJ
HDSUPPLY	HDSUPPLY	homedepot.com	HTTPS://WWW.HOMEDEPOT.COM/B/HD-SUPPLY/N-5YC1VZDSR
HDSUPPLY	HDSUPPLY	homedepot.com	HTTPS://WWW.HOMEDEPOT.COM/B/HARDWARE/HD-SUPPLY/N-5YC1VZC21MZDSR
HDX	HDX	homedepot.com	HTTPS://WWW.HOMEDEPOT.COM/B/HDX/N-5YC1VZ9TK
HDX	HDX	homedepot.com	HTTPS://WWW.HOMEDEPOT.COM/B/STORAGE-ORGANIZATION/HDX/N-5YC1VZAS7EZ9TK
HDX	HDX	homedepot.com	HTTPS://WWW.HOMEDEPOT.COM/B/TOOLS/HDX/N-5YC1VZC1XYZ9TK
HEADWEST	HEADWEST	homedepot.com	HTTPS://WWW.HOMEDEPOT.COM/B/HOME-DECOR-MIRRORS/HEAD-WEST/N-5YC1VZBVE6ZD83
HEALTHCRAFT	HEALTHCRAFT	homedepot.com	HTTPS://WWW.HOMEDEPOT.COM/B/HEALTHCRAFT/N-5YC1VZZ8T
HEALTHMASTER	HEALTHMASTER	homedepot.com	HTTPS://WWW.HOMEDEPOT.COM/B/HEALTHMASTER/N-5YC1VZ5SL
HEALTHMATE	HEALTHMATE	homedepot.com	HTTPS://WWW.HOMEDEPOT.COM/B/HEALTHMATE/N-5YC1VZOWG
HEALTHSMART	HEALTHSMART	homedepot.com	HTTPS://WWW.HOMEDEPOT.COM/B/HEALTHSMART/N-5YC1VZ9YG
HEARTHGARDEN	HEARTHGARDEN	homedepot.com	HTTPS://WWW.HOMEDEPOT.COM/B/OUTDOORS-OUTDOOR-HEATING-ACCESSORIES/HEARTH-GARDEN/N-5YC1VZC6N9Z4WK
HEARTHGARDEN	HEARTHGARDEN	homedepot.com	HTTPS://WWW.HOMEDEPOT.COM/B/HEARTH-GARDEN/N-5YC1VZ4WK
HEARTHHARBOR	HEARTHHARBOR	homedepot.com	HTTPS://WWW.HOMEDEPOT.COM/B/HEARTH-HARBOR/N-5YC1VZZ8M
HEARTHHARBOR	HEARTHHARBOR	homedepot.com	HTTPS://WWW.HOMEDEPOT.COM/B/OUTDOORS-PATIO-FURNITURE/HEARTH-HARBOR/N-5YC1VZBX4OZZ8M
HEARTHPRO	HEARTHPRO	homedepot.com	HTTPS://WWW.HOMEDEPOT.COM/B/HEATING-VENTING-COOLING-FIREPLACES-ELECTRIC-FIREPLACES/HEARTHPRO/N-5YC1VZC4MQZT7T
HEARTHPRO	HEARTHPRO	homedepot.com	HTTPS://WWW.HOMEDEPOT.COM/B/HEARTHPRO/N-5YC1VZT7T
HEARTHPRO	HEARTHPRO	homedepot.com	HTTPS://WWW.HOMEDEPOT.COM/B/HEATING-VENTING-COOLING-FIREPLACES-FREESTANDING-STOVES-ELECTRIC-STOVE-HEATERS/HEARTHPRO/N-5YC1VZC4LIZT7T
HEARTHPRO	HEARTHPRO	homedepot.com	HTTPS://WWW.HOMEDEPOT.COM/B/HEATING-VENTING-COOLING-FIREPLACES-ELECTRIC-FIREPLACES-FREESTANDING-ELECTRIC-FIREPLACES/HEARTHPRO/N-5YC1VZCHMDZT7T
HEARTHPRO	HEARTHPRO	homedepot.com	HTTPS://WWW.HOMEDEPOT.COM/B/HEATING-VENTING-COOLING-FIREPLACES/HEARTHPRO/N-5YC1VZC4LBZT7T
HEARTHSENSE	HEARTHSENSE	homedepot.com	HTTPS://WWW.HOMEDEPOT.COM/B/HEARTHSENSE/N-5YC1VZQ3I
HEARTHSENSE	HEARTHSENSE	homedepot.com	HTTPS://WWW.HOMEDEPOT.COM/B/HEATING-VENTING-COOLING-HEATERS-WALL-HEATERS-GAS-WALL-HEATERS/HEARTHSENSE/N-5YC1VZC7E2ZQ3I
HEARTHSENSE	HEARTHSENSE	homedepot.com	HTTPS://WWW.HOMEDEPOT.COM/B/HEATING-VENTING-COOLING-HEATERS-WALL-HEATERS/HEARTHSENSE/N-5YC1VZC4K3ZQ3I
HEARTHSENSE	HEARTHSENSE	homedepot.com	HTTPS://WWW.HOMEDEPOT.COM/B/HEATING-VENTING-COOLING-FIREPLACES-FIREPLACE-LOGS-GAS-FIREPLACE-LOGS/HEARTHSENSE/N-5YC1VZCHM7ZQ3I
HEARTHSENSE	HEARTHSENSE	homedepot.com	HTTPS://WWW.HOMEDEPOT.COM/B/HEATING-VENTING-COOLING-FIREPLACES-GAS-FIREPLACES/HEARTHSENSE/N-5YC1VZC4LDZQ3I
HEARTLANDFOOTWEAR	HEARTLANDFOOTWEAR	homedepot.com	HTTPS://WWW.HOMEDEPOT.COM/B/WORKWEAR-FOOTWEAR-RUBBER-BOOTS/HEARTLAND-FOOTWEAR-INC/N-5YC1VZCL57ZZMO
HEATFAST	HEATFAST	homedepot.com	HTTPS://WWW.HOMEDEPOT.COM/B/HEATING-VENTING-COOLING-HEATERS-SPACE-HEATERS/HEATFAST/N-5YC1VZC4LHZQ5Y
HEATFAST	HEATFAST	homedepot.com	HTTPS://WWW.HOMEDEPOT.COM/B/HEATING-VENTING-COOLING-HEATERS-SPACE-HEATERS-GAS-HEATERS-KEROSENE-HEATERS/HEATFAST/N-5YC1VZC4K7ZQ5Y
HEATHER	HEATHER	homedepot.com	HTTPS://WWW.HOMEDEPOT.COM/B/OUTDOORS-GARDEN-CENTER-OUTDOOR-PLANTS-BUSHES/HEATHER/N-5YC1VZC8R6Z1Z1NB0K
HEATHOG	HEATHOG	homedepot.com	HTTPS://WWW.HOMEDEPOT.COM/B/HEAT-HOG/N-5YC1VZUPT
HEATHOUTDOORPRODUCTS	HEATHOUTDOORPRODUCTS	homedepot.com	HTTPS://WWW.HOMEDEPOT.COM/B/HEATH-OUTDOOR-PRODUCTS/N-5YC1VZH8D
HEATHOUTDOORPRODUCTS	HEATHOUTDOORPRODUCTS	homedepot.com	HTTPS://WWW.HOMEDEPOT.COM/B/OUTDOORS-PET-SUPPLIES-WILDLIFE-BIRD-WILDLIFE-SUPPLIES/HEATH-OUTDOOR-PRODUCTS/N-5YC1VZC7PZZH8D
HEATHOUTDOORPRODUCTS	HEATHOUTDOORPRODUCTS	homedepot.com	HTTPS://WWW.HOMEDEPOT.COM/B/OUTDOORS/HEATH-OUTDOOR-PRODUCTS/N-5YC1VZBX82ZH8D
HEATHZENITH	HEATHZENITH	homedepot.com	HTTPS://WWW.HOMEDEPOT.COM/B/HEATH-ZENITH/N-5YC1VZPN
HEATHZENITH	HEATHZENITH	homedepot.com	HTTPS://WWW.HOMEDEPOT.COM/B/ELECTRICAL-DOORBELLS/HEATH-ZENITH/N-5YC1VZBM92ZPN
HEATHZENITH	HEATHZENITH	homedepot.com	HTTPS://WWW.HOMEDEPOT.COM/B/LIGHTING-OUTDOOR-LIGHTING/HEATH-ZENITH/N-5YC1VZC7QVZPN
HEATHZENITH	HEATHZENITH	homedepot.com	HTTPS://WWW.HOMEDEPOT.COM/B/LIGHTING-OUTDOOR-LIGHTING-SECURITY-LIGHTS/HEATH-ZENITH/N-5YC1VZC7QFZPN
HEATINGELEMENT	HEATINGELEMENT	homedepot.com	HTTPS://WWW.HOMEDEPOT.COM/B/HEATING-VENTING-COOLING-HEATERS-SPACE-HEATERS-SPACE-HEATER-PARTS-ACCESSORIES/HEATING-ELEMENT/N-5YC1VZC5ASZ1Z0LIOD
HEATINGELEMENT	HEATINGELEMENT	homedepot.com	HTTPS://WWW.HOMEDEPOT.COM/B/APPLIANCES-APPLIANCE-PARTS/HEATING-ELEMENT/N-5YC1VZC35VZ1Z0LIOD
HEATMATE	HEATMATE	homedepot.com	HTTPS://WWW.HOMEDEPOT.COM/B/HEATING-VENTING-COOLING-HEATERS-SPACE-HEATERS/HEAT-MATE/N-5YC1VZC4LHZSZR
HEATSTAR	HEATSTAR	homedepot.com	HTTPS://WWW.HOMEDEPOT.COM/B/HEATING-VENTING-COOLING-HEATERS/HEATSTAR/N-5YC1VZC4L7ZLED
HEATSTAR	HEATSTAR	homedepot.com	HTTPS://WWW.HOMEDEPOT.COM/B/HEATING-VENTING-COOLING-HEATERS-WALL-HEATERS/HEATSTAR/N-5YC1VZC4K3ZI6Z
HEATSTORM	HEATSTORM	homedepot.com	HTTPS://WWW.HOMEDEPOT.COM/B/HEATING-VENTING-COOLING-HEATERS-SPACE-HEATERS/HEAT-STORM/N-5YC1VZC4LHZGZQ
HEATSTORM	HEATSTORM	homedepot.com	HTTPS://WWW.HOMEDEPOT.COM/B/HEAT-STORM/N-5YC1VZGZQ
HEATSTREAM	HEATSTREAM	homedepot.com	HTTPS://WWW.HOMEDEPOT.COM/B/HEATING-VENTING-COOLING-HEATERS-SPACE-HEATERS/HEAT-STREAM/N-5YC1VZC4LHZ68M
HEATSTREAM	HEATSTREAM	homedepot.com	HTTPS://WWW.HOMEDEPOT.COM/B/HEATING-VENTING-COOLING-HEATERS-SPACE-HEATERS-GAS-HEATERS/HEAT-STREAM/N-5YC1VZC4KFZ68M
HEATSTREAM	HEATSTREAM	homedepot.com	HTTPS://WWW.HOMEDEPOT.COM/B/HEAT-STREAM/N-5YC1VZ68M
HEATWARDEN	HEATWARDEN	homedepot.com	HTTPS://WWW.HOMEDEPOT.COM/B/HEAT-WARDEN/N-5YC1VZRD4
HEATWARDEN	HEATWARDEN	homedepot.com	HTTPS://WWW.HOMEDEPOT.COM/B/OUTDOORS-OUTDOOR-HEATING/HEAT-WARDEN/N-5YC1VZC6NEZRD4
HEATWARDEN	HEATWARDEN	homedepot.com	HTTPS://WWW.HOMEDEPOT.COM/B/OUTDOORS-OUTDOOR-HEATING-ACCESSORIES/HEAT-WARDEN/N-5YC1VZC6N9ZRD4
HEATWARDEN	HEATWARDEN	homedepot.com	HTTPS://WWW.HOMEDEPOT.COM/B/HEAT-WARDEN/STAINLESS-STEEL/N-5YC1VZRD4Z1Z13HT8
HEATWORKS	HEATWORKS	homedepot.com	HTTPS://WWW.HOMEDEPOT.COM/B/HEATWORKS/N-5YC1VZGH3
HEAVENFRESH	HEAVENFRESH	homedepot.com	HTTPS://WWW.HOMEDEPOT.COM/B/HEATING-VENTING-COOLING-HUMIDIFIERS/HEAVEN-FRESH/N-5YC1VZC4LVZMK5
HEAVENFRESH	HEAVENFRESH	homedepot.com	HTTPS://WWW.HOMEDEPOT.COM/B/HEATING-VENTING-COOLING-AIR-PURIFIERS/HEAVEN-FRESH/N-5YC1VZC4M5ZMK5
HEAVENFRESH	HEAVENFRESH	homedepot.com	HTTPS://WWW.HOMEDEPOT.COM/B/HEAVEN-FRESH/N-5YC1VZMK5
HEAVYDUTY	HEAVYDUTY	homedepot.com	HTTPS://WWW.HOMEDEPOT.COM/B/STORAGE-ORGANIZATION-MOVING-SUPPLIES-MOVING-BOXES/HEAVY-DUTY/N-5YC1VZCHNCZ1Z1Z3O3
HEBE	HEBE	homedepot.com	HTTPS://WWW.HOMEDEPOT.COM/B/OUTDOORS-GARDEN-CENTER-OUTDOOR-PLANTS-BUSHES/HEBE/N-5YC1VZC8R6Z1Z1BQER
HEEMLI	HEEMLI	homedepot.com	HTTPS://WWW.HOMEDEPOT.COM/B/BATH-BATHROOM-FAUCETS-SHOWER-FAUCETS/HEEMLI/N-5YC1VZCD02ZXOJ
HEEMLI	HEEMLI	homedepot.com	HTTPS://WWW.HOMEDEPOT.COM/B/BATH-BATHROOM-FAUCETS-SHOWER-HEADS/HEEMLI/N-5YC1VZCJOCZXOJ
HEEMLI	HEEMLI	homedepot.com	HTTPS://WWW.HOMEDEPOT.COM/B/BATH-BATHROOM-FAUCETS-BATHROOM-SINK-FAUCETS-WIDESPREAD-BATHROOM-FAUCETS/HEEMLI/N-5YC1VZBRGKZXOJ
HEEMLI	HEEMLI	homedepot.com	HTTPS://WWW.HOMEDEPOT.COM/B/BATH/HEEMLI/N-5YC1VZBZB3ZXOJ
HEEMLI	HEEMLI	homedepot.com	HTTPS://WWW.HOMEDEPOT.COM/B/HEEMLI/N-5YC1VZXOJ
HEEMLI	HEEMLI	homedepot.com	HTTPS://WWW.HOMEDEPOT.COM/B/BATH-BATHROOM-FAUCETS-BATHROOM-SINK-FAUCETS/HEEMLI/N-5YC1VZC8D3ZXOJ
HEEMLI	HEEMLI	homedepot.com	HTTPS://WWW.HOMEDEPOT.COM/B/BATH-BATHROOM-FAUCETS-SHOWER-SYSTEMS/HEEMLI/N-5YC1VZCD03ZXOJ
HEEMLI	HEEMLI	homedepot.com	HTTPS://WWW.HOMEDEPOT.COM/B/BATH-BATHROOM-ACCESSORIES-BATHROOM-HARDWARE-TOILET-PAPER-HOLDERS/HEEMLI/N-5YC1VZCFVCZXOJ
HEFTY	HEFTY	homedepot.com	HTTPS://WWW.HOMEDEPOT.COM/B/HEFTY/N-5YC1VZARL
HEIMCONCEPT	HEIMCONCEPT	homedepot.com	HTTPS://WWW.HOMEDEPOT.COM/B/KITCHEN-KITCHENWARE-COOKWARE-POT-PAN-SETS/HEIM-CONCEPT/N-5YC1VZCENZZNTG
HEININGER	HEININGER	homedepot.com	HTTPS://WWW.HOMEDEPOT.COM/B/HEININGER/N-5YC1VZCJM
HELENOFTROY	HELENOFTROY	homedepot.com	HTTPS://WWW.HOMEDEPOT.COM/B/HELEN-OF-TROY/N-5YC1VZLR2
HELPINGHAND	HELPINGHAND	homedepot.com	HTTPS://WWW.HOMEDEPOT.COM/B/HELPING-HAND/N-5YC1VZOLW
HEMSLY	HEMSLY	homedepot.com	HTTPS://WWW.HOMEDEPOT.COM/B/HEMSLY/N-5YC1VZTKB?_PXHC=1744156800380
HEMSLY	HEMSLY	homedepot.com	HTTPS://WWW.HOMEDEPOT.COM/B/HOME-DECOR/HEMSLY/N-5YC1VZAS6PZTKB
