100BTF	100BTF	poshmark.com	HTTPS://POSHMARK.COM/LISTING/UNIVERSAL-FOLDABLE-AND-PORTABLE-DIGITAL-CAMERA-TRIPOD-100BTF-65-1635MM-BY868-64DB6D6956B2F86986763645
10LOL	10LOL	poshmark.com	HTTPS://POSHMARK.COM/LISTING/GOLF-CART-ARM-REST-WITH-CUP-HOLDER-652F307702760B8CC00A689E
124SCALE	124SCALE	poshmark.com	HTTPS://POSHMARK.COM/LISTING/COORS-LIGHT-DARRELL-GWYNN-TOP-FUEL-DRAGSTER-124SCALE-DIECAST-65A87823DBB0E7416EFBE263
1738DYNASTY	1738DYNASTY	poshmark.com	HTTPS://POSHMARK.COM/LISTING/1738-DYNASTY-MENS-JEANS-SIZE-50-6260601CFF7C5AE566EB59AD
1STATE	1STATE	poshmark.com	HTTPS://POSHMARK.COM/LISTING/1STATE-DRESS-NEW-WITH-TAGS-648151E99464F3A8E243EFE3
1TAC	1TAC	poshmark.com	HTTPS://POSHMARK.COM/LISTING/1TAC-PRO-5MODE-1200-LUMEN-CONVERTIBLE-FLASHLIGHT-AND-LANTERN-6377DC94ABE6B2261BF84007
206COLLECTIVE	206COLLECTIVE	poshmark.com	HTTPS://POSHMARK.COM/LISTING/206-COLLECTIVE-MENS-MARK-LACE-UP-SNEAKER-WHITE-62F93A8E2FBF1A1D33EBB5ED
27EDIT	27EDIT	poshmark.com	HTTPS://POSHMARK.COM/LISTING/27EDIT-BY-NATURALIZER-NUDE-TAN-BLOCK-HEEL-POINTY-TOE-LEATHER-PUMPS-SIZE-9-64C29059D909591F45F09228
28C	28C	poshmark.com	HTTPS://POSHMARK.COM/LISTING/VICTORIAS-SECRET-BRA-PUSHUP-SIZE-28C-NEW-6573DB3A8E40FD51234977B0
2CLDIRECT	2CLDIRECT	poshmark.com	HTTPS://POSHMARK.COM/LISTING/2CL-DIRECT-RED-TACTICAL-PEN-67A52E72DC327DAF32ED201E
2LIPSTOO	2LIPSTOO	poshmark.com	HTTPS://POSHMARK.COM/LISTING/2-LIPS-TOO-WOMEN-BOOTS-SIZE-6-66F5ECFD0E517255A3A32E93
32NORTH	32NORTH	poshmark.com	HTTPS://POSHMARK.COM/LISTING/NWT-STABILICERS-TRACTION-OVERSHOES-BY-32NORTH-673BC1420A60D5A2A14AF471
33DEGREES	33DEGREES	poshmark.com	HTTPS://POSHMARK.COM/LISTING/33DEGREES-HEAT-PANT-5EA4F0FB88CCE38F34D21C77
33REVOLUTIONS	33REVOLUTIONS	poshmark.com	HTTPS://POSHMARK.COM/LISTING/33-REVOLUTIONS-JACKET-631F908491E05385E035D7CF
33REVOLUTIONS	33REVOLUTIONS	poshmark.com	HTTPS://POSHMARK.COM/LISTING/33-REVOLUTIONS-1776-WINDBREAKER-627E0BF02A1EFF7AD82EA0ED
3PACK	3PACK	poshmark.com	HTTPS://POSHMARK.COM/LISTING/SAXX-ULTRA-BOXER-BRIEF-MENS-UNDERWEAR-3PACK-ASSORTED-COLORS-SZ-MEDIUM-67F673FD7321B0C58A67D16A
4AMINLA	4AMINLA	poshmark.com	HTTPS://POSHMARK.COM/LISTING/4AMINLA-1-GALLON128-OZ-MOTIVATIONAL-WATER-FITNESS-BOTTLE-OMBRE-GREEN-AND-PURPLE-66C9DD8C9A76EF4466585B3C
4CLAWS	4CLAWS	poshmark.com	HTTPS://POSHMARK.COM/LISTING/4CLAWS-WALL-MOUNTED-SISAL-SCRATCHING-POST-CAT-NIP-650A4398678C3A2D3D5D6EF9
4HOW	4HOW	poshmark.com	HTTPS://POSHMARK.COM/LISTING/BOGO-FREE-CLOSET-SHOES-WORN-ONE-TIME-602C26A52CA9AB12C0681F96
4HOW	4HOW	poshmark.com	HTTPS://POSHMARK.COM/LISTING/4HOW-WOMANS-HOODED-WINTER-PUFFER-JACKET-67515146580123EA8E38EAC0
4SI3NNA	4SI3NNA	poshmark.com	HTTPS://POSHMARK.COM/LISTING/4-SIENNA-WHITE-FLORAL-DRESS-NWT-65BBD84FA0AEB79CC0E6D6EF
5MAYI	5MAYI	poshmark.com	HTTPS://POSHMARK.COM/LISTING/5-MAYI-BOXER-BRIEFS-PACKAGE-SALE-OR-INDIVIDUAL-62EFBC6A1645F789819A432F
8FANS	8FANS	poshmark.com	HTTPS://POSHMARK.COM/LISTING/8-FANS-FLY-FISHING-WADERS-100-WATERPROOF-602BBFE4771B8EB5D360ED36
8X105	8X105	poshmark.com	HTTPS://POSHMARK.COM/LISTING/8X105-ALICE-IN-WONDERLAND-SHADOW-BOX-6376A96202760BB816DA67AC
9012SS	9012SS	poshmark.com	HTTPS://POSHMARK.COM/LISTING/9012SS-MACHINE-WASHABLE-KNIT-SLIPON-KID-SNEAKERS-SIZE-6-NEW-67A41D36B4EE5B69114F743C
AABELOY	AABELOY	poshmark.com	HTTPS://POSHMARK.COM/LISTING/AABELOY-VIDEO-CAMERA-ULTRA-HD-27K-607A174B2A1EFF728BE0C698
AASSOO	AASSOO	poshmark.com	HTTPS://POSHMARK.COM/LISTING/AASSOO-PLUSH-STUFFED-TOY-DOL-AVOCADO-18-IN-TALL-WINKING-SOFT-6310E16920C89EEFE48A3796
ABABOON	ABABOON	poshmark.com	HTTPS://POSHMARK.COM/LISTING/NWT-ABABOON-SEXY-COMFY-SIZE-XL-WHITE-LACE-5F0D005A2A1EFF3222712D3E
ABANANACOVER	ABANANACOVER	poshmark.com	HTTPS://POSHMARK.COM/LISTING/A-BANANA-COVER-MENS-BLUE-STRETCH-BOXER-SIZE-M-66CFCE05F4D179560B23092E
ABCDEF	ABCDEF	poshmark.com	HTTPS://POSHMARK.COM/LISTING/SHOES-64D2B73F4BF9FF0E3910A43D
ABCOSPORT	ABCOSPORT	poshmark.com	HTTPS://POSHMARK.COM/LISTING/ABCOSPORT-INDOOR-GOLF-PUTTING-PRACTICE-MAT-63E6BF8B8D7A3CD297DE26CF
ABCOSPORT	ABCOSPORT	poshmark.com	HTTPS://POSHMARK.COM/LISTING/ABCO-SPORT-SLEEPING-BAG-647551BE4BF9FFB5E6591581
ABCOSPORTS	ABCOSPORTS	poshmark.com	HTTPS://POSHMARK.COM/LISTING/ABCO-SPORT-SLEEPING-BAG-647551BE4BF9FFB5E6591581
ABELLE	ABELLE	poshmark.com	HTTPS://POSHMARK.COM/LISTING/ABELLE-TRUE-COMFORT-WEDGE-HEELS-PEEP-TOE-63030B66A0E6C6E7FCA835FE
ABENCA	ABENCA	poshmark.com	HTTPS://POSHMARK.COM/LISTING/ABENCA-FLEECE-ONESIE-PAJAMAS-FOR-WOMEN-ADULT-UNICORN-HALLOWEEN-6522081E678C3A6BDF293324
ABERDEENOAK	ABERDEENOAK	poshmark.com	HTTPS://POSHMARK.COM/LISTING/NWT-ABERDEEN-OAK-DELUXE-COCKTAIL-SMOKER-KIT-HICKORY-OAK-WHISKEY-INFUSER-SET-6661F37DD3309F3DC9EA5BAA
ABERTINA	ABERTINA	poshmark.com	HTTPS://POSHMARK.COM/LISTING/VERONICA-BEARD-ABERTINA-RAGLAN-SWEATER-67BAB259E2AC0CE6C213B78F
ABETER	ABETER	poshmark.com	HTTPS://POSHMARK.COM/LISTING/ABETER-SAND-FREE-BEACH-MAT-BLANKET-5FA8C1C889A0EAF7D5D51E48
ABLIBI	ABLIBI	poshmark.com	HTTPS://POSHMARK.COM/LISTING/ABLIBI-WOMENS-SUNGLASSES-WOODEN-EAR-PIECE-AND-MIRROR-LENSES-NWT-6640F087154600F6CB5DB71E
ABODY	ABODY	poshmark.com	HTTPS://POSHMARK.COM/LISTING/ABODY-125-CURLING-IRON-AND-GLOVE-657E01EF9464F3F82DE16BD1
ABOTE	ABOTE	poshmark.com	HTTPS://POSHMARK.COM/LISTING/ABOTE-3-PACK-HYALURONIC-ACID-SERUM-MOISTURIZING-FACE-ANTIWRINKLE-ANTIAGING-66297415EF1EF7B14066BF7C
ABSKRYO	ABSKRYO	poshmark.com	HTTPS://POSHMARK.COM/LISTING/PORTABLE-NECK-FAN-64912D1804166D8BA55C1EC1
ABSOGLOW	ABSOGLOW	poshmark.com	HTTPS://POSHMARK.COM/LISTING/RECHARGEABLE-SKIN-SPOT-MOLE-TATTOO-REMOVER-PEN-5D68E546144565F4CBBABB2E
ABSONIC	ABSONIC	poshmark.com	HTTPS://POSHMARK.COM/LISTING/ABSONIC-CONDUCTIVE-GEL-65DA083B83CBECEA25B16565
ABULER	ABULER	poshmark.com	HTTPS://POSHMARK.COM/LISTING/ABULER-900W-BULLET-BLENDER-BL311B-MULTIFUNCTIONAL-SHAKES-SMOOTHIES-TOGO-CUPS-66C95CBB147B982527C02FEF
ABUSA	ABUSA	poshmark.com	HTTPS://POSHMARK.COM/LISTING/ABUSA-SHEEPSKIN-INSOLES-64A081B16149730CD3F41F56
ABVOT	ABVOT	poshmark.com	HTTPS://POSHMARK.COM/LISTING/PINK-AND-WHITE-HAIR-STYLING-TOOL-FOR-EFFORTLESS-CURLS-6846DB1A14937725EF5DB024
ABYER	ABYER	poshmark.com	HTTPS://POSHMARK.COM/LISTING/ABYER-RED-TOP-5F50000D633CFCAB4BE455D8
ABYER	ABYER	poshmark.com	HTTPS://POSHMARK.COM/LISTING/ABYER-PLAID-SKIRT-SIZE-13-MADE-IN-USA-5DBC8C0416105DB61A44C38B
ABYER	ABYER	poshmark.com	HTTPS://POSHMARK.COM/LISTING/ABYER-JUNIORS-PARTY-DRESS-674A1FAB0A60D5768D8D0CC9
ABYER	ABYER	poshmark.com	HTTPS://POSHMARK.COM/LISTING/SALE-ABYER-BROWN-WIDELEG-DRESS-PANTS-SIZE-7-6660DC02CD201BD12AD9C51E
ABYER	ABYER	poshmark.com	HTTPS://POSHMARK.COM/LISTING/ABYER-WOMENS-LG-BLAZER-BLACK-CAREER-WEAR-5B9ADAFE8C536BAA8C9D5324
ABYER	ABYER	poshmark.com	HTTPS://POSHMARK.COM/LISTING/ABYER-MAGENTA-TRENCH-COAT-LARGE-597ED4DC22172DFBC16EC782
ABYER	ABYER	poshmark.com	HTTPS://POSHMARK.COM/LISTING/ABYER-Y2K-DAISY-JUMPER-SZ-11-636A5C9FEB7E7AD44437FF56
ABYER	ABYER	poshmark.com	HTTPS://POSHMARK.COM/LISTING/ABYER-YELLOW-DRESS-5811772A6802784A9900D7AE
ABYER	ABYER	poshmark.com	HTTPS://POSHMARK.COM/LISTING/CLASSY-BLACK-WHITE-MINI-SKIRT-DRESS-BY-ABYER-56E4BB40291A35E84700FC06
ACADAMIA	ACADAMIA	poshmark.com	HTTPS://POSHMARK.COM/LISTING/MY-HERO-ACADAMIA-MANGA-VOL-29-621BC2D36F6C9135BC7ED9BC
ACADAMIA	ACADAMIA	poshmark.com	HTTPS://POSHMARK.COM/LISTING/MY-HERO-ACADAMIA-ALL-OVER-PRINT-PULL-OVER-HOODIE-SIZE-SMALL-NWT-655E925B308F0709D06BDA5A
ACAXIN	ACAXIN	poshmark.com	HTTPS://POSHMARK.COM/LISTING/TOUCH-CONTROLLED-TABLE-LAMP-WITH-CLEAR-CRYSTAL-LAMPSHADE-66948F6E8FA20780E0744FF3
ACCFLY	ACCFLY	poshmark.com	HTTPS://POSHMARK.COM/LISTING/4K-ULTRA-HD-DASH-CAM-63E65E6C81078A98C394ABBD
ACCPLANET	ACCPLANET	poshmark.com	HTTPS://POSHMARK.COM/LISTING/ACC-PLANET-GOLD-LAYERED-NECKLACE-FOR-WOMEN-14K-GOLD-PLATED-64EA826DFFB5D0C305FFC7E7
ACCPLANET	ACCPLANET	poshmark.com	HTTPS://POSHMARK.COM/LISTING/ACC-PLANET-LAYERED-NECKLACE-FOR-WOMEN-GOLD-PLATED-COIN-PENDANT-63993BBD81078AF568A61683
ACCURIAN	ACCURIAN	poshmark.com	HTTPS://POSHMARK.COM/LISTING/ACCURIAN-RADIO-SHACK-PORTABLE-CD-PLAYER-LASER-PRODUCT-62E2BCF77EC30CE497A771BC
ACCUTRIG	ACCUTRIG	poshmark.com	HTTPS://POSHMARK.COM/LISTING/ACCUTRIG-NECK-AND-SHOULDER-RELAXER-61154FF7CE1E8745C3E2CB0D
ACCUWEIGH	ACCUWEIGH	poshmark.com	HTTPS://POSHMARK.COM/LISTING/VINTAGE-ACCUWEIGH-SCALE-100LBS-COLLECTABLE-ANTIQUE-STILL-WORKS-662AFBFFBFD9A67F31414FFD
ACEGUARDER	ACEGUARDER	poshmark.com	HTTPS://POSHMARK.COM/LISTING/ACEGUARDER-IPAD-CASE-SET-67EC0818325187462F3AEAC5
ACELANDY	ACELANDY	poshmark.com	HTTPS://POSHMARK.COM/LISTING/ACELANDY-PURPLE-CORSET-WITH-BONING-AND-LACE-SIZE-SM-67249E35154600CA921E84C1
ACHIMHOMEFURNISHING	ACHIMHOMEFURNISHING	poshmark.com	HTTPS://POSHMARK.COM/LISTING/ACHIM-HOME-FURNISHING-TATTERSALL-WINDOW-CURTAINS-FOR-KITCHEN-AND-LIVINGROOMS-6633AA02E09A68CAFA311E80
ACHIOOWA	ACHIOOWA	poshmark.com	HTTPS://POSHMARK.COM/LISTING/LOOSE-FIT-OVERALLS-61103B7CAE766F856DFEB6AE
ACHIX	ACHIX	poshmark.com	HTTPS://POSHMARK.COM/LISTING/ACHIX-BLUETOOTH-MAGNETIC-GOLF-SPEAKER-NEW-SEALED-6796AC7B280CC6D0AD2FA213
ACKITRY	ACKITRY	poshmark.com	HTTPS://POSHMARK.COM/LISTING/ACKITRY-OUTDOOR-BAT-HOUSE-6318D5A692E49116A23CB6FA
ACMIND	ACMIND	poshmark.com	HTTPS://POSHMARK.COM/LISTING/NEW-ACMIND-BLACK-RED-BBQ-GLOVES-60254F1393649FCB064D9211
ACTEH	ACTEH	poshmark.com	HTTPS://POSHMARK.COM/LISTING/SPA-SCIENCES-SONIC-FACIAL-BRUSH-WITH-ANTIMICROBIAL-BRUSH-BRISTLES-66FF92C9D399FF68E9C9F474
ACTIVCOOL	ACTIVCOOL	poshmark.com	HTTPS://POSHMARK.COM/LISTING/COOLING-HEADBAND-6057AFB2BCBB52E8E868D0AB
ACTIVEGEARGUY	ACTIVEGEARGUY	poshmark.com	HTTPS://POSHMARK.COM/LISTING/ACTIVE-GEAR-GUY-AGG-ELECTRIC-INFUSER-DECARBS-INFUSES-SEALED-62A712DAD6BAAB41C6489A0E
ACTLOE	ACTLOE	poshmark.com	HTTPS://POSHMARK.COM/LISTING/ACTLOE-WOMEN-COWL-NECK-ASYMMETRICAL-HEM-SWEATER-5FFFBA6AAC9702F35518C314
ACUEL	ACUEL	poshmark.com	HTTPS://POSHMARK.COM/LISTING/WOMENS-WATCH-5FE4F667A4DE41D91D1E1303
ACUMAS	ACUMAS	poshmark.com	HTTPS://POSHMARK.COM/LISTING/BABY-CARRIER-WITH-HIP-SEAT-BABY-CARRIER-NEWBORN-TO-TODDLER-6IN1-WAYS-TO-CARRY-678C1AA1C479B8F0AEF2EA46
ADASBRIDAL	ADASBRIDAL	poshmark.com	HTTPS://POSHMARK.COM/LISTING/ADAS-BRIDAL-NWT-WHITE-BEADED-WEDDING-DRESS-SIZE-16-6684FC00014648DE6D5E03BA
ADASION	ADASION	poshmark.com	HTTPS://POSHMARK.COM/LISTING/ADDISON-BINOCULARS-61940200633CFC8D977FD7F3
ADDIE	ADDIE	poshmark.com	HTTPS://POSHMARK.COM/LISTING/NWT-COACH-C2817-ADDIE-CROSSBODY-IN-SIGNATURE-CANVAS-KHAKI-FUSCHIA-ORG-328-63521E919376E55FDD66B4D3
ADDKAKA	ADDKAKA	poshmark.com	HTTPS://POSHMARK.COM/LISTING/ADDKAKA-WOMENS-CREW-NECK-SHORT-SLEEVE-ONEPIECE-TIE-WAIST-LONG-JUMPSUIT-6591C660BD66CDC386744975
ADENEW	ADENEW	poshmark.com	HTTPS://POSHMARK.COM/LISTING/ADENEW-5-WIFI-PAN-TILT-VIDEO-BABY-MONITOR-NIGHT-VISION-2-WAY-TALK-66C1CF0287AEB6924F79C667
ADENEW	ADENEW	poshmark.com	HTTPS://POSHMARK.COM/LISTING/BABY-MONITORING-CAMERA-66AE478E9A76EF78FC7BDE61
ADEPOY	ADEPOY	poshmark.com	HTTPS://POSHMARK.COM/LISTING/SWIM-GOGGLES-WCASE-NEW-ADEPOY-5D727450ACB24BA9CDA1DE1F
ADEWU	ADEWU	poshmark.com	HTTPS://POSHMARK.COM/LISTING/NEW-ADEWU-SUNGLASSES-FOR-KIDS-ROUND-FLOWER-CUTE-GLASSES-UV-400-PROTECTION-GIRLS-631E9F2BDFF94D374264B7E6
ADFOLF	ADFOLF	poshmark.com	HTTPS://POSHMARK.COM/LISTING/12-PAIRS-LOW-CUT-COTTON-ANKLE-SOCKS-5F38CCAD4FD23A7B0032907B
ADHJITO	ADHJITO	poshmark.com	HTTPS://POSHMARK.COM/LISTING/NEW-DUTCH-DANISH-DOUGH-WHISK-BREAD-MIXER-135-INCH-607C752A8DA5C9C4C67D68BB
ADIRUN	ADIRUN	poshmark.com	HTTPS://POSHMARK.COM/LISTING/ADIRUN-BATHING-SUIT-FOR-GIRLS-TANKINI-SWIMSUITS-SIZE-1516-TWO-PIECE-TROPICAL-6855E356B7F0AC9CD74BF143
ADITYNA	ADITYNA	poshmark.com	HTTPS://POSHMARK.COM/LISTING/ADITYNA-HEAVY-DUTY-DOG-COLLAR-WITH-HANDLE-REFLECTIVE-SIZE-XL-6553C09124237AB94AE4CFC4
ADKWSE	ADKWSE	poshmark.com	HTTPS://POSHMARK.COM/LISTING/HAIR-DRYER-CURLING-BRUSH-63337BD8BD66CD62A569FCB1
ADMETTRE	ADMETTRE	poshmark.com	HTTPS://POSHMARK.COM/LISTING/HUMIDIFIER-ULTRASONIC-ULTRA-QUIET-COOL-MIST-BY-ADMETTRE-66403348DC327D6DC44DA3B5
ADOC	ADOC	poshmark.com	HTTPS://POSHMARK.COM/LISTING/SHOES-ADOC-63B7CE201645F7FEDA53ABCB
ADONTZE	ADONTZE	poshmark.com	HTTPS://POSHMARK.COM/LISTING/BACK-CRACKING-POLE-66D1330007AC55C534FC79E8
ADORACOUTURE	ADORACOUTURE	poshmark.com	HTTPS://POSHMARK.COM/LISTING/ADORA-COUTURE-GEL-NAIL-STRIPS-6547DBD9BD66CD3DBF3444B9
ADOREVER	ADOREVER	poshmark.com	HTTPS://POSHMARK.COM/LISTING/NEW-ADOREVER-MILK-FROTHING-PITCHER-64EA944C2FBF1AFBBE4ACC10
ADOSK	ADOSK	poshmark.com	HTTPS://POSHMARK.COM/LISTING/MUSIC-STAND-6502E5EEB635F80B0F83E850
ADOWES	ADOWES	poshmark.com	HTTPS://POSHMARK.COM/LISTING/NIB-HOLDER-FOR-TOP-BUNK-CLAMP-ON-SHELF-BEDSIDE-TRAY-CLIP-ON-NIGHTSTAND-62FBA99E2E25866F37697D41
ADPOW	ADPOW	poshmark.com	HTTPS://POSHMARK.COM/LISTING/ADPOW-SMART-BATTERY-CHARGER-68112EA0071D330E683DA638
ADREAMLY	ADREAMLY	poshmark.com	HTTPS://POSHMARK.COM/LISTING/ADREAMLY-WOMENS-SEXY-SLEEVELESS-ONE-SHOULDER-BACK-CUT-OUT-BODYSUIT-BLACK-66A173DAD90D211E2C931D0D
ADREAMLY	ADREAMLY	poshmark.com	HTTPS://POSHMARK.COM/LISTING/ADREAMLY-SIZE-MEDIUM-ROMPER-BRAND-NEW-674F5F65CE7065DC70CE18A2
ADUROSPORT	ADUROSPORT	poshmark.com	HTTPS://POSHMARK.COM/LISTING/ADURO-SPORT-613BAA4C275E5560D5D7DC28
ADVANCEDAMERICANTELEPHONES	ADVANCEDAMERICANTELEPHONES	poshmark.com	HTTPS://POSHMARK.COM/LISTING/HAND-HELD-BLACK-TELEPHONE-NWOT-66E447741546006C7D399ABB
ADVANCORE	ADVANCORE	poshmark.com	HTTPS://POSHMARK.COM/LISTING/ADVANCORE-FINGER-COLD-GEL-ICE-PACK-66CEB0086AF57530848BFACE
ADVENTUREMORE	ADVENTUREMORE	poshmark.com	HTTPS://POSHMARK.COM/LISTING/ADVENTUREMORE-DOG-HARNESS-LIGHT-BLUE-SOFT-MESH-MEDIUM-639BBE2A3B982A3F17BF5399
ADVENTUREMORE	ADVENTUREMORE	poshmark.com	HTTPS://POSHMARK.COM/LISTING/ADVENTUREMORE-DOG-HARNESS-LEASH-SET-ESCAPE-PROOF-NOPULL-ADJ-HALTER-LEAD-SM-6207FE9B2B46B565D06ED73B
ADXEICE	ADXEICE	poshmark.com	HTTPS://POSHMARK.COM/LISTING/ADXEICE-WALL-SCONCE-CHROME-MODERN-BATHROOM-WALL-LIGHT-UP-DOWN-WALL-LAMP-LED-6586292181078AAC9D4B1E6B
AEAKEY	AEAKEY	poshmark.com	HTTPS://POSHMARK.COM/LISTING/AEAKEY-WALLMOUNTED-TOOTHBRUSH-HOLDERS-WITH-AUTOMATIC-TOOTHPASTE-DISPENSER-6425DFE76C05040B10C9DFDF
AEEKEL	AEEKEL	poshmark.com	HTTPS://POSHMARK.COM/LISTING/29PACK-SQUARE-CABINET-KNOBS-MATTE-BLACK-DRAWER-6601975A91E0537B7BBC8020
AEGEANCONCEPT	AEGEANCONCEPT	poshmark.com	HTTPS://POSHMARK.COM/LISTING/AEGEAN-CONCEPT-TURKISH-MUSLIN-BATHROBE-65281CA6678C3A3356682739
AEGISPREMIUMLABELS	AEGISPREMIUMLABELS	poshmark.com	HTTPS://POSHMARK.COM/LISTING/7-FULL-ROLLS-OF-PREMIUM-WHITE-MATTE-LABELSTHESE-ARE-PREMIUM-MATTE-NOT-PLAIN-6365D3312CA3080757EE855C
AEIOU	AEIOU	poshmark.com	HTTPS://POSHMARK.COM/LISTING/NWT-AEIOU-TEETHER-682B84F6BD4CE3C1D85C5DBD
AENDERN	AENDERN	poshmark.com	HTTPS://POSHMARK.COM/LISTING/AENDERN-WIRELESS-CAR-CHARGER-MOUNTFAST-CHARGERPHONE-HOLDER-FOR-IPHONE-6637BA94B4EE5B35F70BC3F9
AENNEBABY	AENNEBABY	poshmark.com	HTTPS://POSHMARK.COM/LISTING/AENNE-BABY-MUSLIN-SWADDLE-BLANKET-FOR-INFANT-SOFT-SILKYFLORAL-ORANGE47X-47-67A208CC13D681B2D1D38CC3
AENNEBABY	AENNEBABY	poshmark.com	HTTPS://POSHMARK.COM/LISTING/AENNE-BABY-MUSLIN-SWADDLE-BLANKET-DINOSAUR-BAMBOO-COTTON-47X47-IN-66310D7D5801239A3F83D943
AENNEBABY	AENNEBABY	poshmark.com	HTTPS://POSHMARK.COM/LISTING/AENNE-BABY-SWADDLE-BLANKET-DINOSAUR-PRINT-47X47-62BBB4EECF7B274BAED0C9C2
AEOLUSDOWN	AEOLUSDOWN	poshmark.com	HTTPS://POSHMARK.COM/LISTING/TWIN-XL-DUVET-5EC160992A1EFF38C1F96680
AEPOTUMN	AEPOTUMN	poshmark.com	HTTPS://POSHMARK.COM/LISTING/AEPOTUMN-SEA-MONSTER-COSTUMES-FOR-KIDS-BOYS-BLUE-HALLOWEEN-BODYSUIT-OUTFIT-640671398D7A3C032436BB99
AERIAL7	AERIAL7	poshmark.com	HTTPS://POSHMARK.COM/LISTING/AERIAL7-CHOPPER2-HEADPHONES-63AB291520C89EA406B8995E
AERVY	AERVY	poshmark.com	HTTPS://POSHMARK.COM/LISTING/AERVY-WIFI-EXTENDERSIGNALBOOSTER-FORHOMEFASTERLONGEST-RANGE-UP-TO-9800-SQFT-672122E8F9927CE9259E87A1
AERVY	AERVY	poshmark.com	HTTPS://POSHMARK.COM/LISTING/AERVY-WIFI-EXTENDER-63C7021FFFB5D06000C176AC
AESFEE	AESFEE	poshmark.com	HTTPS://POSHMARK.COM/LISTING/AESFEE-LED-MAKEUP-MIRROR-600B1343BCBB52134A666C65
AFALA	AFALA	poshmark.com	HTTPS://POSHMARK.COM/LISTING/AFALA-FOAM-BLASTERS-PORTABLE-PRACTICE-TARGET-FOR-NERF-GUNS-FOR-BOYS-GIRLS-659FD70497B5D00D9C021ADC
AFEETSING	AFEETSING	poshmark.com	HTTPS://POSHMARK.COM/LISTING/BALLET-SLIPPER-FLATS-641A4ED204166D5B707FE22C
AFEETSING	AFEETSING	poshmark.com	HTTPS://POSHMARK.COM/LISTING/AFEETSING-NWOT-SZ-7-NUDE-ROUND-TOE-BALLET-FLATS-COMFORTABLE-FLATS-665DF5D6142AD4A9B0F35874
AFONTOTO	AFONTOTO	poshmark.com	HTTPS://POSHMARK.COM/LISTING/JAR-SEALER-KIT-FOR-FOODSAVER-VACUUM-SEALER-355-656D348BACF462FDCF2DC1AD
AFTIME	AFTIME	poshmark.com	HTTPS://POSHMARK.COM/LISTING/WIRELESS-COMPUTER-MOUSE-AFTIME-HANDY-MICE-FOR-LAPTOP-PC-TABLET-PAD-TV-WITH-POINT-6226EB0CCB692C2A791C0103
AFUNSO	AFUNSO	poshmark.com	HTTPS://POSHMARK.COM/LISTING/AFUNSO-HEATED-VEST-ELECTRIC-HEATING-COAT-HEATED-JACKET-6635A2B7E34C3041B4BBD633
AGAG	AGAG	poshmark.com	HTTPS://POSHMARK.COM/LISTING/MAGIC-SIX-COLOR-LIPSTICK-SET-68535B2BED788D03D2504BC2
AGICEA	AGICEA	poshmark.com	HTTPS://POSHMARK.COM/LISTING/AGICEA-NOISE-CANCELLING-EARPLUGS-31DB-4-SIZES-WITH-KEYCHAIN-CARRIER-NEW-SEALED-655399386CB777E2EA6B7D96
AGONA	AGONA	poshmark.com	HTTPS://POSHMARK.COM/LISTING/GONA-FASHION-WIDELEG-WRAP-PANTS-SKIRT-100-675F422A896C38081DB351CB
AGSIVO	AGSIVO	poshmark.com	HTTPS://POSHMARK.COM/LISTING/AGSIVO-HANGING-SHELVES-FOR-WALL-HANGING-FLOATING-60ECB4249BD5EF7B3DDBEBBB
AGSIVO	AGSIVO	poshmark.com	HTTPS://POSHMARK.COM/LISTING/AGSIVO-3-FLOATING-SHELVES-RUSTIC-WOOD-WALL-DECOR-6337719D3B982A6C356E444A
AHASTI	AHASTI	poshmark.com	HTTPS://POSHMARK.COM/LISTING/AHASTI-BLUETOOTH-PONYTAIL-BEANIE-NEVER-BEEN-OPENED-OR-USED-66E8D285FE7E2C3C4AAB7CA2
AHEVO	AHEVO	poshmark.com	HTTPS://POSHMARK.COM/LISTING/12-PACK-HALOGEN-BULBS-G4-355-6533D117BD66CD8BB2226242
AHLASKA	AHLASKA	poshmark.com	HTTPS://POSHMARK.COM/LISTING/ALASKA-AHLASKA-COFFEE-TEA-MUG-POLAR-BEAR-AND-STARS-623BE19506D59CC76D9F01AB
AIBAG	AIBAG	poshmark.com	HTTPS://POSHMARK.COM/LISTING/AIBAG-CANVAS-SATCHEL-WITH-SHOULDER-STRAP-STRIPES-65F350EF678C3A575A1CDEEB
AIBERLE	AIBERLE	poshmark.com	HTTPS://POSHMARK.COM/LISTING/WATER-PURIFICATION-SYSTEM-6640371FAC1B042436118A33
AIBESSER	AIBESSER	poshmark.com	HTTPS://POSHMARK.COM/LISTING/AIBESSER-HAIR-DRYER-AND-VOLUMIZER-HOT-AIR-BRUSH-BLACK-COLOR-6613399AB635F8409290F77B
AIBORS	AIBORS	poshmark.com	HTTPS://POSHMARK.COM/LISTING/AIBORS-PROFESSIONAL-CLIPPERS-FOR-GROOMING-62942881CB23AA787D3ECE21
AIBORS	AIBORS	poshmark.com	HTTPS://POSHMARK.COM/LISTING/PROFESSIONAL-CORDLESS-HAIR-CLIPPERS-FOR-MEN-602E66631460BB7D1B4D3BC3
AIBRIT	AIBRIT	poshmark.com	HTTPS://POSHMARK.COM/LISTING/AIBRIT-UV-LED-LIGHT-NAIL-LAMP-GEL-NAIL-POLISH-MANICURE-65E3F48FB3EF626FA3035E94
AIBRIT	AIBRIT	poshmark.com	HTTPS://POSHMARK.COM/LISTING/AIBRIT-NAIL-ART-GEL-BLACK-WHITE-GOLD-SILVER-UV-LED-SOAK-OFF-65A814B5F8C5DAFB6D7D6998
AIBRITPRO	AIBRITPRO	poshmark.com	HTTPS://POSHMARK.COM/LISTING/ELECTRIC-BIKINI-TRIMMER-FOR-WOMEN-65DE128EFFB5D055D1C0F6A9
AIBROU	AIBROU	poshmark.com	HTTPS://POSHMARK.COM/LISTING/WOMENS-CASUAL-JOGGING-PANTS-65B328798D7A3C068E6C77CF
AICHIYU	AICHIYU	poshmark.com	HTTPS://POSHMARK.COM/LISTING/AICHIYU-PIRATE-HAT-678346FF0146484970BA3AE6
AIDBRACE	AIDBRACE	poshmark.com	HTTPS://POSHMARK.COM/LISTING/AIDBRACE-MATERNITY-SUPPORT-BELT-BACK-SUPPORT-3842-LONG-BEIGE-BELLY-BAND-653D5FC691E0530577337DC1
AIDEK	AIDEK	poshmark.com	HTTPS://POSHMARK.COM/LISTING/AIDEK-MINI-COSMETICFOOD-MINI-FRIDGE-66A30F1BBA3D48217F7C6A86
AIDEMEI	AIDEMEI	poshmark.com	HTTPS://POSHMARK.COM/LISTING/AIDEMEI-TRADITIONAL-CHINESE-JINGDEZHEN-CERAMIC-REDBLUEYELLOW-PORCELAIN-MUG-6533D5E64BD7603DC2781B60
AIDONGER	AIDONGER	poshmark.com	HTTPS://POSHMARK.COM/LISTING/AIDONGER-ONE-PIECE-SWIM-DRESS-SWIMSUITS-FOR-WOMEN-TUMMY-CONTROL-NEW-WITH-TAGS-6508D387F8C5DA9D42714689
AIGEMEI	AIGEMEI	poshmark.com	HTTPS://POSHMARK.COM/LISTING/AIGEMEI-CROCHET-HAIR-100-KAREKALON-COLOR-F1B30-62120DB1FFBA94625008A196
AIGMY	AIGMY	poshmark.com	HTTPS://POSHMARK.COM/LISTING/AIGMY-GRAND-CHEROKEE-KEYCHAIN-ACCESSORY-MODEL-METAL-6745F7B98A00E39F68A9122D
AIHOOR	AIHOOR	poshmark.com	HTTPS://POSHMARK.COM/LISTING/NWT-AIHOOR-A2-TRUE-WIRELESS-EARBUDS-65AD6E857DFCC25A3FB67226
AIJIASI	AIJIASI	poshmark.com	HTTPS://POSHMARK.COM/LISTING/AIJIASI-GOLD-BATHROOM-SCONCES-WALL-LIGHTING2LIGHT-MODERN-WALL-SCONCE-147-INCH-656A75CC2FBF1AE32A2DD9A8
AIKELA	AIKELA	poshmark.com	HTTPS://POSHMARK.COM/LISTING/AIKELA-X10-WIRELESS-EARBUDS-LED-CHARGING-CASE-65FD8FF5D6AB5D0D3CC2ADA6
AIKELA	AIKELA	poshmark.com	HTTPS://POSHMARK.COM/LISTING/AIKELA-BHM9A-MONO-WIRELESS-HEADSET-617B1806045E39BFD6BC8894
AIKELA	AIKELA	poshmark.com	HTTPS://POSHMARK.COM/LISTING/AIKELA-TRUCKER-WIRELESS-BLUETOOTH-HEADSET-6808F8CF2C9E44CDEAA47CB3
AIKINGHOMECOLLECTION	AIKINGHOMECOLLECTION	poshmark.com	HTTPS://POSHMARK.COM/LISTING/AIKING-HOME-COLLECTION-GOLD-DECORATIVE-PILLOW-COVER-12-INCH-X-24-INCH-QTY-2-65B291A304166D908A6A2D80
AIKKER	AIKKER	poshmark.com	HTTPS://POSHMARK.COM/LISTING/AIKKER-12-DIP-POWDER-NAIL-KIT-NEW-627D1489DA1041C7D737449B
AIKKER	AIKKER	poshmark.com	HTTPS://POSHMARK.COM/LISTING/AIKKER-DIP-POWDER-NAIL-SET-WITH-10-NAIL-SOAKING-CAPS-64402FB07DFCC28FCED8F3DA
AIKKER	AIKKER	poshmark.com	HTTPS://POSHMARK.COM/LISTING/AIKKER-12-DIP-POWDER-NAIL-COLORS-SET-ACRYLIC-DIPPING-POWDER-SYSTEM-NEW-IN-BOX-615FD4D4284E99443E505C02
AIKMI	AIKMI	poshmark.com	HTTPS://POSHMARK.COM/LISTING/AIKMI-WALKIE-TALKIES-FOR-KIDS-22-CHANNEL-2-WAY-RADIO-3-MILES-LONG-RANGE-HANDHELD-6549616B58083DED7C8CBD06
AIKS	AIKS	poshmark.com	HTTPS://POSHMARK.COM/LISTING/AIKS-KANGAROO-VINTAGE-BLACK-ZIPPERED-PU-LEATHER-RFID-BLOCKING-MENS-WALLET-617AC555F5C2444AA2537654
AIKS	AIKS	poshmark.com	HTTPS://POSHMARK.COM/LISTING/AIKS-KANGAROO-VINTAGE-MENS-ZIPPERED-PU-LEATHER-RFID-BLOCKING-WALLET-IN-BROWN-NWT-6403CD6172F45FC6E6A721A0
AIKS	AIKS	poshmark.com	HTTPS://POSHMARK.COM/LISTING/BRAND-NEW-AIKS-KANGAROO-WALLET-6637C02A9A76EF063A94551C
AIKUASS	AIKUASS	poshmark.com	HTTPS://POSHMARK.COM/LISTING/AIKUASS-KIDS-USB-CHARGEABLE-LED-LIGHT-UP-ROLLER-SKATE-SHOES-659D75EDA0E6C60AE2314991
AILCION	AILCION	poshmark.com	HTTPS://POSHMARK.COM/LISTING/THE-AILCION-ELECTRIC-AIR-PUMP-65D53EC5C9A228B5F8308C97
AILINKE	AILINKE	poshmark.com	HTTPS://POSHMARK.COM/LISTING/AILINKE-FLOOR-STANDING-ULTRASONIC-HUMIDIFIER-66D366CC1CE666254153AE5D
AILIVIN	AILIVIN	poshmark.com	HTTPS://POSHMARK.COM/LISTING/AILIVIN-BRA-63BCB6E93B982A46D3930B7A
AILIVIN	AILIVIN	poshmark.com	HTTPS://POSHMARK.COM/LISTING/WHITE-LACE-BRA-BY-AILIVIN-641CD566948F48DE26B18851
AILWYN	AILWYN	poshmark.com	HTTPS://POSHMARK.COM/LISTING/THE-AILWYN-12-PIECE-NONSTICK-CERAMIC-NAVY-BLUE-COOKWARE-SET-WITH-LIDS-65E90D7EBD062930E8FE21FE
AIMASI	AIMASI	poshmark.com	HTTPS://POSHMARK.COM/LISTING/NWT-AIMASI-SET-OF-4-PIECES-SCENTED-CANDLES-EACH-CANDLE-IN-INDIVIDUAL-TINPLATES-62C1B109614973DF52A99FAD
AIMECOR	AIMECOR	poshmark.com	HTTPS://POSHMARK.COM/LISTING/WIFI-CAMERA-63D7F97C4BD7604BB9F6D7A1
AIMINTO	AIMINTO	poshmark.com	HTTPS://POSHMARK.COM/LISTING/BRAIDED-ROPE-DOG-COLLAR-66943C83142AD400C8969918
AIMOLE	AIMOLE	poshmark.com	HTTPS://POSHMARK.COM/LISTING/AIMOLE-WIG-BRAND-NEW-6480B56197B5D03EF3E8E296
AIMOURI	AIMOURI	poshmark.com	HTTPS://POSHMARK.COM/LISTING/AIMOURI-SHERPA-FLEECE-OUTERWEAR-OVERCOAT-WOMEN-6567296E2FD49A760A8556C8
AIMSUMY	AIMSUMY	poshmark.com	HTTPS://POSHMARK.COM/LISTING/AIMSUMY-BEIGE-RECHARGEABLE-NOISE-CANCELLING-RIC-HEARING-AIDS-FOR-ADULTS-NIB-670C3C4D693FF76DAC991C44
AINHYZIC	AINHYZIC	poshmark.com	HTTPS://POSHMARK.COM/LISTING/AINHYZIE-DASH-CAMERA-1080P-FRONT-CAMERA-NEW-6195843B9F626AC37CE48CBD
AINHYZIC	AINHYZIC	poshmark.com	HTTPS://POSHMARK.COM/LISTING/FRONT-DASH-CAMERA-62954653E609AB88405BC1B8
AINROCK	AINROCK	poshmark.com	HTTPS://POSHMARK.COM/LISTING/WOMENS-RHINESTONE-BOW-HEELS-66C3298282DCEB87EB77113F
AIOPR	AIOPR	poshmark.com	HTTPS://POSHMARK.COM/LISTING/AIOPR-WOMENS-OPEN-FRONT-LONG-SLEEVE-HOODED-SWEATER-CARDIGAN-CABLE-KNIT-LONG-64137B28884D768FCC085E8F
AIRAND	AIRAND	poshmark.com	HTTPS://POSHMARK.COM/LISTING/AIRAND-5000K-SET-OF-4-LED-SQUARE-CEILING-LIGHT-MOUNTS-62F442E68BB2E2151E5D1C38
AIRASSI	AIRASSI	poshmark.com	HTTPS://POSHMARK.COM/LISTING/AIRASSI-HAIR-REMOVAL-KIT-5F9CCF8167BD91D77624E3E2
AIRBIRD	AIRBIRD	poshmark.com	HTTPS://POSHMARK.COM/LISTING/MEN-AIRBIRD-MID-RUNNING-UP-SIZE-12M-64C882262FD49A710748C1FA
AIRCEE	AIRCEE	poshmark.com	HTTPS://POSHMARK.COM/LISTING/AIRCEE-HYDRATION-BACKPACK-5FEB43826F6C91D4FA92382B
AIRDEER	AIRDEER	poshmark.com	HTTPS://POSHMARK.COM/LISTING/AIRDEER-AUTOMATIC-TRASH-CAN-3-REFILL-BAGS-67B0FA1187AEB6B394AF4F59
AIRIALUXURY	AIRIALUXURY	poshmark.com	HTTPS://POSHMARK.COM/LISTING/AIRIA-LUXURY-QUICK-DRY-CURVED-SPA-PILLOW-WHITE-66D85A577CCC900C995121D1
AIRPLUS	AIRPLUS	poshmark.com	HTTPS://POSHMARK.COM/LISTING/SOLD-AIRPLUS-ULTRASONIC-HUMIDIFIER-61EF32615E0BA8DCC1036534
AIRWIRL	AIRWIRL	poshmark.com	HTTPS://POSHMARK.COM/LISTING/AIRWIRL-PERSONAL-COOLING-AND-HEATING-SYSTEM-67FEA39E0015428ECD8589DC
AIRYOMI	AIRYOMI	poshmark.com	HTTPS://POSHMARK.COM/LISTING/AIRYOMI-PROFESSIONAL-IONIC-HAIR-DRYERBLOW-DRYER-NEW-IN-BOX-6484A7C417FB4B15AD6786BB
AIRYOMI	AIRYOMI	poshmark.com	HTTPS://POSHMARK.COM/LISTING/AIRYOMI-HAIR-DRYER-BLOW-DRYER-2000W-NO-WITH-DIFFUSER-OR-CONCENTRATOR-64D11FC5BC6E1C6CF026009D
AIRYOMI	AIRYOMI	poshmark.com	HTTPS://POSHMARK.COM/LISTING/NEW-IN-BOX-AIRYOMI-HAIR-DRYER-667DAA24BFD9A626B82E68FF
AISBUGUR	AISBUGUR	poshmark.com	HTTPS://POSHMARK.COM/LISTING/AISBUGUR-BUTTER-DISH-NEW-IN-BOX-65B8900A7F29DD8E80979FEE
AISIDRA	AISIDRA	poshmark.com	HTTPS://POSHMARK.COM/LISTING/AISIDRA-2IN1BLUETOOTH-AUX-ADAPTER-FOR-TVCARPCMP3-PLAYERHOME-THEATERSWITCH-63CF482BC9A2281F0D329331
AISIDRA	AISIDRA	poshmark.com	HTTPS://POSHMARK.COM/LISTING/AISIDRA-WIRELESS-2-IN-1-ADAPTER-65EA16EDBD0629AAF404AD7A
AISITIN	AISITIN	poshmark.com	HTTPS://POSHMARK.COM/LISTING/NEW-LED-SOLAR-FOUNTAIN-PUMP-6355714AB635F8F2C873926D
AISON	AISON	poshmark.com	HTTPS://POSHMARK.COM/LISTING/TAPEIN-HAIR-EXTENSIONS-100-REMY-HUMAN-HAIR-COLOR-4-62BF4DF960FDED2360F2F5F9
AISPARKY	AISPARKY	poshmark.com	HTTPS://POSHMARK.COM/LISTING/BEACH-BLANKETMAT-64F38442C9A228638217FB53
AISPARKY	AISPARKY	poshmark.com	HTTPS://POSHMARK.COM/LISTING/AISPARKY-CROSSBODY-MINI-BAG-NWT-66C90FC3CE70650B176C2FF4
AISPARKY	AISPARKY	poshmark.com	HTTPS://POSHMARK.COM/LISTING/AISPARKY-CROSSBODY-PURSE-BLUETAN-6661CB9F775CAF0AFF772B2B
AISYEE	AISYEE	poshmark.com	HTTPS://POSHMARK.COM/LISTING/AISYEE-RASH-GUARD-ONE-PIECE-SWIMSUIT-SIZE-1112-67A556BC18D1C2CE0A4F07E5
AIUWO	AIUWO	poshmark.com	HTTPS://POSHMARK.COM/LISTING/AIUWO-SLIM-WALLET-638CAC078BB2E2E1BC6EDF84
AIUWO	AIUWO	poshmark.com	HTTPS://POSHMARK.COM/LISTING/AIUWO-CREDIT-CARD-HOLDER-FOR-MEN-62ADB4820DD4FBCD05D424E4
AIXIQEE	AIXIQEE	poshmark.com	HTTPS://POSHMARK.COM/LISTING/AIXIQEE-THERMAL-PORTABLE-PRINTER-WIRELESS-4A5234-US-LETTER-LEGAL-NEW-TESTED-677F4439E2AC0CB261683F80
AIXY	AIXY	poshmark.com	HTTPS://POSHMARK.COM/LISTING/AIXY-WOMEN-VINTAGE-TWO-PIECE-SWIMSUITS-HIGH-WAISTED-BATHING-SUITS-WITH-UNDERWIRE-62EC8C571645F7AC41887C50
AIYI	AIYI	poshmark.com	HTTPS://POSHMARK.COM/LISTING/AIYI-3-PC-TINT-MY-4-TIP-BROW-LIGHT-BROWN-WITH-TRIMMER-5-G-EACH-6397F0100A6A8674E6D8FA67
AIYIMEI	AIYIMEI	poshmark.com	HTTPS://POSHMARK.COM/LISTING/AIYIMEI-MEN-WOOL-COAT-MENSTOPCOAT-MENS-MID-LONG-CLASSIC-SHIRT-COLLAR-SINGLE-63886E9892E49194E5F3C692
AJESDANI	AJESDANI	poshmark.com	HTTPS://POSHMARK.COM/LISTING/AJESDANI-WOMENS-CARDIGANS-LIGHTWEIGHT-SOFT-KNIT-CREWNECK-CARDIGAN-SWEATER-66DC95ECFE7E2C092C69B2E4
AJISAI	AJISAI	poshmark.com	HTTPS://POSHMARK.COM/LISTING/AJISAI-78-JOGGERS-6825F66D243DAE440C95C161
AJNAMAT	AJNAMAT	poshmark.com	HTTPS://POSHMARK.COM/LISTING/AJNA-WELLBEING-AJNAMAT-ACUPRESSURE-MAT-60E345DABCDB2F00BDA13F3C
AJNAWELLBEING	AJNAWELLBEING	poshmark.com	HTTPS://POSHMARK.COM/LISTING/AJNA-WELLBEING-AJNAMAT-ACUPRESSURE-MAT-60E345DABCDB2F00BDA13F3C
AKARDEN	AKARDEN	poshmark.com	HTTPS://POSHMARK.COM/LISTING/AKARDEN-WALL-MOUNTED-CAT-SCRATCHER-INDOOR-CAT-SCRATCHING-BOARD-CAT-NEW-67B98D0BDC8A4E494776CECD
AKEDRE	AKEDRE	poshmark.com	HTTPS://POSHMARK.COM/LISTING/RECHARGEABLE-BLACKHEAD-REMOVER-VACUUM-WHITEHEAD-EXTRACTOR-5TOOL-SUCTION-POWER-67F57C4DC71BA1482A21F0D8
AKIHE	AKIHE	poshmark.com	HTTPS://POSHMARK.COM/LISTING/SHEER-AKIHE-DEKI-NIMULA-NIGHTIE-WITH-RUFFLE-DOWN-ONE-SIDE-65E92836308F070227BF74FA
AKIIDO	AKIIDO	poshmark.com	HTTPS://POSHMARK.COM/LISTING/COMMODITY-AKIIDO-HIGH-WAIST-STOCKINGS-PANTYHOSE-6034429F88CCE31A324065DE
AKINERRI	AKINERRI	poshmark.com	HTTPS://POSHMARK.COM/LISTING/PET-FOLDABLE-CARRIER-BAG-SOFTSIDED-UP-TO-28-LBS-AIRLINE-APPROVED-CAT-OR-DOG-6806498D9553833248525A49
AKINERRI	AKINERRI	poshmark.com	HTTPS://POSHMARK.COM/LISTING/AKINERRI-PORTABLE-PET-BOOSTER-CAR-SEAT-CARRIER-60349B35FFBA949B6997F93C
AKINGER	AKINGER	poshmark.com	HTTPS://POSHMARK.COM/LISTING/AKINGER-DELUXE-5-IN-1-LENS-KIT-640CD1F62FBF1AAB11D3254F
AKKERDS	AKKERDS	poshmark.com	HTTPS://POSHMARK.COM/LISTING/AKKERDS-CASE-IPAD-61AE474E12D88002C363AE71
AKKYA	AKKYA	poshmark.com	HTTPS://POSHMARK.COM/LISTING/AKKYA-HAIR-TOPPERS-18INCHS-LIGHT-BROWN-609EE7D8FF8304AC62C47F49
AKOENY	AKOENY	poshmark.com	HTTPS://POSHMARK.COM/LISTING/AKOENY-MENS-GRAYANKLE-SOCKS-WITH-TAB-CUSHIONED-ATHLETIC-RUNNING-SOCKS-6-PACK-664512F1FE7E2C66360B2D4A
AKUVU	AKUVU	poshmark.com	HTTPS://POSHMARK.COM/LISTING/DOG-BARK-COLLAR-6595C0E5DFF94D24AFC8FE1E
ALAGO	ALAGO	poshmark.com	HTTPS://POSHMARK.COM/LISTING/DRESS-BY-ALAGO-GOWNS-61C4C8F2C32EE60371002BFD
ALAGO	ALAGO	poshmark.com	HTTPS://POSHMARK.COM/LISTING/BLACK-HALTER-DRESS-59DD6A102FD0B77E6A00A3DB
ALANSMA	ALANSMA	poshmark.com	HTTPS://POSHMARK.COM/LISTING/ALANSMA-REVERSIBLE-WEIGHTED-BLANKET-5F013C9BFFBA94F609F92090
ALANZE	ALANZE	poshmark.com	HTTPS://POSHMARK.COM/LISTING/ELIE-TAHARI-ALANZE-BUTTON-DOWN-VIRGIN-WOOL-BLAZER-5DED37BC8557AF245CEB7D39
ALANZE	ALANZE	poshmark.com	HTTPS://POSHMARK.COM/LISTING/ELI-TAHARI-ALANZE-JEAN-JACKET-5DD7D4AD689EBC3B124D6D18
ALATINO	ALATINO	poshmark.com	HTTPS://POSHMARK.COM/LISTING/ALATINO-PORTABLE-CHANGING-PAD-6580CE46253A8C792A92A87C
ALBERTOFELLINI	ALBERTOFELLINI	poshmark.com	HTTPS://POSHMARK.COM/LISTING/MENS-ATHLETIC-HIGH-END-SPORTS-SHOES-6516B5A781078A41346F3D7B
ALBERTOFELLINI	ALBERTOFELLINI	poshmark.com	HTTPS://POSHMARK.COM/LISTING/ALBERTO-FELLINI-SPIKED-MENS-DRESS-SHOES-SIZE-95-665E0DC3CF86B17FE54EB656
ALBERTOFELLINI	ALBERTOFELLINI	poshmark.com	HTTPS://POSHMARK.COM/LISTING/MENS-ATHALTIC-HIGH-END-LIGHTWEIGHT-OREO-COLOR-SNEAKERS-LOW-FLAT-SHOES-634344FF253A8CF1A19E0BF7
ALBERTOFELLINI	ALBERTOFELLINI	poshmark.com	HTTPS://POSHMARK.COM/LISTING/NWOB-MENS-BOOTS-622EABAB2A1EFF34DB048AF7
ALCIDAE	ALCIDAE	poshmark.com	HTTPS://POSHMARK.COM/LISTING/WIFI-CAMERA-SECURITYGARAGE-62BEABFAC693BD877B452618
ALCOOK	ALCOOK	poshmark.com	HTTPS://POSHMARK.COM/LISTING/ALCOOK-SLOW-JUICER-631A835924237AC1049AFF19
ALEATH	ALEATH	poshmark.com	HTTPS://POSHMARK.COM/LISTING/NWT-ALEATH-HAIR-WAVER-63EE507802760B4ECCAC4855
ALEATH	ALEATH	poshmark.com	HTTPS://POSHMARK.COM/LISTING/WIFI-LIGHT-SWITCH-SMART-SWITCH-2-GANG-TOUCH-WALL-SWITCH-COMPATIBLE-WITH-ALEXA-621024F7941F17646513EEA4
ALEATH	ALEATH	poshmark.com	HTTPS://POSHMARK.COM/LISTING/ALEATH-HAIR-WAVER-63BF25C0382DB8EB55DE8305
ALECOY	ALECOY	poshmark.com	HTTPS://POSHMARK.COM/LISTING/ALECOY-SKIN-BLACKHEAD-VACUUM-NEW-6276DA0493649F2C6090BD1B
ALEGRIABYPGLITE	ALEGRIABYPGLITE	poshmark.com	HTTPS://POSHMARK.COM/LISTING/ALEGRIA-BY-PG-LITE-ANKLE-BOOTS-68962F18850012E465ED2735
ALEKSMELNYK	ALEKSMELNYK	poshmark.com	HTTPS://POSHMARK.COM/LISTING/METAL-JOURNAL-STENCIL-67A3D14D580123B335646D37
ALENOSS	ALENOSS	poshmark.com	HTTPS://POSHMARK.COM/LISTING/ALENOSS-HAND-PAINTED-MODERN-3D-ABSTRACT-OIL-PAINTING-6776ED55FEE468C4A3095D1F
ALEXANDERKALIFANO	ALEXANDERKALIFANO	poshmark.com	HTTPS://POSHMARK.COM/LISTING/ALEXANDER-KALIFANO-ART-VASE-CERAMIC-RED-BLUE-WHITE-GLAZED-POTTERY-22-26LBS-658365656149731E5B1A000E
ALEXANDRAOAK	ALEXANDRAOAK	poshmark.com	HTTPS://POSHMARK.COM/LISTING/ALEXANDRA-OAK-OPEN-LONG-CARDIGAN-5C57858712CD4A50FAA2A6CF
ALFAMO	ALFAMO	poshmark.com	HTTPS://POSHMARK.COM/LISTING/ALFAMO-COOLING-TOWELS-5FCC18E7074D2417B0C089BF
ALIG	ALIG	poshmark.com	HTTPS://POSHMARK.COM/LISTING/ALIG-HR-WIDE-LEG-PANT-31-IN-TERRA-ORANGE-6513418487A2F51C4EF35A2A
ALIKEY	ALIKEY	poshmark.com	HTTPS://POSHMARK.COM/LISTING/ALIKEY-V-NECK-DRESS-NWOT-65B1A9ED9464F315124C4228
ALIKEY	ALIKEY	poshmark.com	HTTPS://POSHMARK.COM/LISTING/ALIKEY-SATIN-PROMGOWN-DRESS-63E2B86F92E4911A940A0DA4
ALIKEY	ALIKEY	poshmark.com	HTTPS://POSHMARK.COM/LISTING/ALIKEY-BRIDESMAID-DRESSES-SATIN-PROM-DRESSES-64CFA71F842DD44742CA108B
ALITTE	ALITTE	poshmark.com	HTTPS://POSHMARK.COM/LISTING/ALITTE-COLD-SHOULDER-MINI-DRESS-US-XS-1195-68CDF395875D65B7F389746B
ALITTE	ALITTE	poshmark.com	HTTPS://POSHMARK.COM/LISTING/ALITTE-BLACK-RUCHED-DRESS-677708D547C1309844A90194
ALIVILAYFASHIONCORSET	ALIVILAYFASHIONCORSET	poshmark.com	HTTPS://POSHMARK.COM/LISTING/ALIVILAY-FASHION-CORSET-WOMENS-FAUX-LEATHER-STEAMPUNK-CORSETS-VICTORIAN-BUSTIER-63F1905CFB7304C721450A93
ALKISTA	ALKISTA	poshmark.com	HTTPS://POSHMARK.COM/LISTING/48-PCS-TETRA-TOWER-BALANCE-STACKING-BLOCKS-GAME-TEAM-TOYS-GIFTS-KIDS-3-EUC-659094F264164A3BF0DD6683
ALKIVISION	ALKIVISION	poshmark.com	HTTPS://POSHMARK.COM/LISTING/ALKIVISION-2K-LIGHT-BULB-SECURITY-CAMERAS-WIRELESS-OUTDOOR-24G-HZ-360-64FE1B1FAC1B04B90346D70F
ALLBELL	ALLBELL	poshmark.com	HTTPS://POSHMARK.COM/LISTING/ALLBELL-BLACK-LAYERED-WIGS-LONG-STRAIGHT-WIG-WITH-BANGS-SYNTHETIC-NATURAL-HAIR-63C2551C9376E5F5DEE640D9
ALLCAMPOUTDOORGEAR	ALLCAMPOUTDOORGEAR	poshmark.com	HTTPS://POSHMARK.COM/LISTING/ALLCAMP-OUTDOOR-GEAR-63D707EC4BC655F1A985AE00
ALLDAILY	ALLDAILY	poshmark.com	HTTPS://POSHMARK.COM/LISTING/ALLDAILY-RFID-BLOCKING-LEATHER-WALLET-BLACK-NEW-68A2036EB2780C3CFA4B3159
ALLDAILY	ALLDAILY	poshmark.com	HTTPS://POSHMARK.COM/LISTING/ALLDAILY-SLIM-LEATHER-WALLET-62F3B885C1C346C32DB1768B
ALLENROTHCOSGROVE	ALLENROTHCOSGROVE	poshmark.com	HTTPS://POSHMARK.COM/LISTING/ALLEN-ROTH-COSGROVE-DECORATOR-WALL-PLATE-SATIN-NICKEL-2GANG-SINGLE-ROUND-66BCC4AFFEE4681AEDCC1A23
ALLENSKY	ALLENSKY	poshmark.com	HTTPS://POSHMARK.COM/LISTING/ANKLE-RAIN-BOOTS-63A0D181F644E59FE48CA6C0
ALLICAVER	ALLICAVER	poshmark.com	HTTPS://POSHMARK.COM/LISTING/OUTLET-SHELF-F-604E4FC41E75A8BE78D8BB8A
ALLOBEBE	ALLOBEBE	poshmark.com	HTTPS://POSHMARK.COM/LISTING/ALLOBEBE-BABY-BALANCE-BIKE-6768972707AC5586F7B56DC4
ALLORA	ALLORA	poshmark.com	HTTPS://POSHMARK.COM/LISTING/ALLORA-SLING-BACK-SHOES-65E49F9F3B982ADAB89B2715
ALLOUNCER	ALLOUNCER	poshmark.com	HTTPS://POSHMARK.COM/LISTING/HUMIDIFIER-658F97DC5D686B6FAA786AA0
ALLPAIPAI	ALLPAIPAI	poshmark.com	HTTPS://POSHMARK.COM/LISTING/ALLPAIPAI-SWIM-GOGGLES-SWIMMING-GOGGLESPACK-OF-2-PROFESSIONAL-ANTI-FOG-63AD6E2E74BDBED0506F010D
ALLPROPASSER	ALLPROPASSER	poshmark.com	HTTPS://POSHMARK.COM/LISTING/ALL-PRO-PASSER-ROBOTIC-QUARTERBACK-OVER-35-YARDS-THROW-6761CC2D694D7239EF3735AD
ALMAREE	ALMAREE	poshmark.com	HTTPS://POSHMARK.COM/LISTING/LONG-SLEEVE-CROSSOVER-OPEN-BACK-BLOUSE-62B3A8F1A7729DD247D0E62E
ALODRELY	ALODRELY	poshmark.com	HTTPS://POSHMARK.COM/LISTING/WATERPROOF-SELFIE-STICK-24-INCH-EXTENDABLE-PHONE-SELFIE-STICK-WITH-WIRELESS-REM-655BA40352EEE15C3761F6C4
ALOUDY	ALOUDY	poshmark.com	HTTPS://POSHMARK.COM/LISTING/ERGONOMIC-MEMORY-FOAM-OFFICE-CHAIR-ARMREST-PADS2-6077263AD6F3B7C594C8DE77
ALPHABEING	ALPHABEING	poshmark.com	HTTPS://POSHMARK.COM/LISTING/ALPHABEING-INFLATABLE-LOUNGER-INFLATABLE-GROUND-HAMMOCK-MINT-GREEN-64C54B44528015C170C526B3
ALPHAKEEPER	ALPHAKEEPER	poshmark.com	HTTPS://POSHMARK.COM/LISTING/NIB-ALPHA-KEEPER-RFID-MONEY-BELT-64F50DB29464F3652DE24E54
ALPRANG	ALPRANG	poshmark.com	HTTPS://POSHMARK.COM/LISTING/ALPRANG-KIDS-SPACE-THEMED-TENT-6868B4EBD50746332E80D90B
ALRENCE	ALRENCE	poshmark.com	HTTPS://POSHMARK.COM/LISTING/ALRENCE-PRE-STRETCHED-HAIR-LONG-20-INCHES-3-PACKS-BRAIDING-HAIR-EXTENSIONS-6610B24E4BC6558264F4DFBB
ALRISCO	ALRISCO	poshmark.com	HTTPS://POSHMARK.COM/LISTING/ALRISCO-WOMEN-LEATHERETTE-SINGLE-BAND-RHINESTONES-BACKING-STILLETTO-SANDALGOLD-6362AE855D686BE1693731EC
ALSONE	ALSONE	poshmark.com	HTTPS://POSHMARK.COM/LISTING/ALSONE-201LM-DIGITAL-CAMCORDER-PRICE-INCLUDES-TRIPOD-6834166A850012B8337716A5
ALSTEN	ALSTEN	poshmark.com	HTTPS://POSHMARK.COM/LISTING/PUMA-ALSTEN-LUX-SHOES-61C942001801363639DF7DB9
ALTAPOLO	ALTAPOLO	poshmark.com	HTTPS://POSHMARK.COM/LISTING/ALTAPOLO-POSTURE-CORRECTOR-67C4D1602839BC2DFAEB69AA
ALTAVIDA	ALTAVIDA	poshmark.com	HTTPS://POSHMARK.COM/LISTING/ALTAVIDA-ANTIBACTERIAL-FRESH-SHEET-LUXURY-MICROFIBER-QUEEN2DECALS-35X5-6458108BDBB0E7858ABFCC66
ALTELIEBE	ALTELIEBE	poshmark.com	HTTPS://POSHMARK.COM/LISTING/ALTE-LIEBE-WOMENS-SZ-34-CORSET-DIRNDL-DRESS-6699A1EA147B98D25CEE3C84
ALTISAPPAREL	ALTISAPPAREL	poshmark.com	HTTPS://POSHMARK.COM/LISTING/ALTIS-APPAREL-MESH-USA-TRUCKER-HAT-5FC5121F3A0DB9A453F77A56
ALTITACO	ALTITACO	poshmark.com	HTTPS://POSHMARK.COM/LISTING/ALTITACO-MINI-DRONE-W-CAMERA-67021FCD2D829A19B2589E71
ALTRU	ALTRU	poshmark.com	HTTPS://POSHMARK.COM/LISTING/ALTRA-WOMEN-TENNIS-SHOES-65BEBC463B982A09C017E6F4
ALUMILUXE	ALUMILUXE	poshmark.com	HTTPS://POSHMARK.COM/LISTING/NEW-ALUMILUXE-2PIECE-TOILET-BRUSH-CANISTER-SET-WHITEPOLISHED-NICKEL-631B6638C5DF6CE5A4E3CA5A
ALWAYSKY	ALWAYSKY	poshmark.com	HTTPS://POSHMARK.COM/LISTING/NWT-ALWAYSKY-SKULL-HANDBAG-LARGE-CAPACITY-GOTHIC-SHOULDER-BAG-670486114FBBFD86428A374D
ALYVIASPRING	ALYVIASPRING	poshmark.com	HTTPS://POSHMARK.COM/LISTING/NEW-WITH-TAGS-WATERPROOF-FABRIC-SHOWER-CURTAINLINER-653C6B7CEB7E7AD878D57F9F
AMABILIS	AMABILIS	poshmark.com	HTTPS://POSHMARK.COM/LISTING/TRUE-NORTH-AMABILIS-FIRST-RESPONDERMILITARY-GRADE-25L-DUFFLE-6616D61F7B2DB6DF90B58E3F
AMAGARM	AMAGARM	poshmark.com	HTTPS://POSHMARK.COM/LISTING/WIRELESS-SMART-SCALE-5F56CA2012D88032533E8B03
AMAILTOM	AMAILTOM	poshmark.com	HTTPS://POSHMARK.COM/LISTING/MODULAR-TOUCH-LIGHTCREATIVE-SMART-TOUCH-LED-LIGHT-PANEL-REMOVABLE-HEXAGONAL-DIY-62CEE79083EA589E38B46140
AMARAVALI	AMARAVALI	poshmark.com	HTTPS://POSHMARK.COM/LISTING/AMARAVALLI-BOOTS-NEW-75-WOMEN-677B4F199A76EF96DEF20FF4
AMARAVALI	AMARAVALI	poshmark.com	HTTPS://POSHMARK.COM/LISTING/WOMENS-ANKLE-BOOTS-668AF7570E5172759553966F
AMARSEX	AMARSEX	poshmark.com	HTTPS://POSHMARK.COM/LISTING/NWT-AMARSEX-COMFORT-WIREFREE-BRA-FULL-COVERAGE-M-612F9920BB59373262453E35
AMASSLOVE	AMASSLOVE	poshmark.com	HTTPS://POSHMARK.COM/LISTING/BRAND-NEW-AMASSLOVE-TRUCKER-HAT-BLACK-66E42D6E47C130B9DF64AAE7
AMATHLEY	AMATHLEY	poshmark.com	HTTPS://POSHMARK.COM/LISTING/AMATHLEY-BENTO-BOX-WITH-5-COMPARTMENTS-FOR-LUNCHES-ADULTS-KIDS-PURPLE-BPA-FREE-656E3BDDA0AEB7AD12504105
AMAURIOUTDOORLIVING	AMAURIOUTDOORLIVING	poshmark.com	HTTPS://POSHMARK.COM/LISTING/AMAURI-OUTDOOR-LIVING-9-ROUND-UNIVERSAL-SUNBRELLA-REPLACEMENT-CANOPY-TAUPE-643AE7ED58083D38B6D2CF64
AMAZINGSQUISHEE	AMAZINGSQUISHEE	poshmark.com	HTTPS://POSHMARK.COM/LISTING/AMAZING-SQUISHEE-PLUSHIES-ANIMALS-SUPER-SOFT-CUDDLY-COLLECTABLE-ORBY-MONKEY-4-IN-638951E7413EB6CEEB34D1F3
AMAZINGWARE	AMAZINGWARE	poshmark.com	HTTPS://POSHMARK.COM/LISTING/AMAZINGWARE-PORCELAIN-SALAD-BOWLS-18-OUNCE-CEREAL-SOUP-SALAD-PASTA-SET-OF-3-664A29020146484A00C487AE
AMBOTHER	AMBOTHER	poshmark.com	HTTPS://POSHMARK.COM/LISTING/AMBOTHER-CAR-LED-LIGHT-W-REMOTE-63013F94DA557F1C437B770E
AMBREVIEW	AMBREVIEW	poshmark.com	HTTPS://POSHMARK.COM/LISTING/AMBREVIEW-DISPOSABLE-FEMALE-DOG-PINK-DIAPERS-10-PACK-SIZE-LARGE-NEWUNOPENED-67BE2BA724237A82F5FBAE9E
AMCLOS	AMCLOS	poshmark.com	HTTPS://POSHMARK.COM/LISTING/AMCLOS-WOMENS-TOPS-V-NECK-5F56583E89A0EA8D409B9811
AMEGOYA	AMEGOYA	poshmark.com	HTTPS://POSHMARK.COM/LISTING/AMEGOYA-V-NECK-FLORAL-MAXI-BOHO-FLOWY-RUFFLE-LONG-WOMENS-DRESS-SIZE-MEDIUM-67C5809F0C8427299F98ACBB
AMELEMA	AMELEMA	poshmark.com	HTTPS://POSHMARK.COM/LISTING/AMELEMA-PORTABLE-CHARGER-65E2CC63FB73049EB1BEED43
AMERICANBLING	AMERICANBLING	poshmark.com	HTTPS://POSHMARK.COM/LISTING/AMERICAN-BLING-ROOMY-ZIPPER-SILVER-STUDDED-WESTERN-HAND-BAG-HEAVY-QUALITY-63348E074BD760225288F273
AMERICANCLASSICCOLLECTION	AMERICANCLASSICCOLLECTION	poshmark.com	HTTPS://POSHMARK.COM/LISTING/AMERICAN-CLASSIC-COLLECTION-HAND-CRAFTED-PORCELAIN-DOLL-61631BDC691412C11EF1F7C4
AMERICANSOYORGANICS	AMERICANSOYORGANICS	poshmark.com	HTTPS://POSHMARK.COM/LISTING/NWOT-AMERICAN-SOY-ORGANICS-100-SOY-CONTAINER-WAX-BEADS-FOR-CANDLES-6414D9FC5D686B4BC5D30A9B
AMERICANSPORTPLUS	AMERICANSPORTPLUS	poshmark.com	HTTPS://POSHMARK.COM/LISTING/LARGE-SUITCASE-6546A3C54BD760775C11BE0C
AMERIGOMAKEITSPECIAL	AMERIGOMAKEITSPECIAL	poshmark.com	HTTPS://POSHMARK.COM/LISTING/AMERIGO-MAKE-IT-SPECIAL-LUXURY-8-REUSABLE-WHISKY-ROCKS-STONES-GIFT-SET-TONGS-663428CD0C8427B2469E5C7C
AMERISENSE	AMERISENSE	poshmark.com	HTTPS://POSHMARK.COM/LISTING/WHITE-POWER-ADAPTER-WITH-USB-PORTS-68A09C272C9E44D4D3D3C72B
AMICOSON	AMICOSON	poshmark.com	HTTPS://POSHMARK.COM/LISTING/AMICOSON-PICKLEBALL-PADDLES-WOOD-PICKLEBALL-PADDLE-SET-OF-4-W-6-BALLS-BAG-624CD35981A36C0F5668B8BD
AMILIASHP	AMILIASHP	poshmark.com	HTTPS://POSHMARK.COM/LISTING/AMILIASHP-SPAGHETTI-STRAP-TANK-TOP-SHORT-JUMPSUIT-ROMPERS-BODYSUIT-ONE-PIECE-NWT-644EAB303B982A0D30900B05
AMILLIARDI	AMILLIARDI	poshmark.com	HTTPS://POSHMARK.COM/LISTING/AMILLIARDI-GRAY-DIAPER-BAG-60E50126E131645BF01998B0
AMINNO	AMINNO	poshmark.com	HTTPS://POSHMARK.COM/LISTING/AMINNO-OIL-AND-VINEGAR-DISPENSER-63EF3153ACF462FF9BA514E6
AMINZER	AMINZER	poshmark.com	HTTPS://POSHMARK.COM/LISTING/IPL-PERMANENT-HAIR-REMOVER-AMINZER-500001-TREATMENTS-LEFT-PREVENTS-HAIR-GROWTH-678A604828E1E0EF8142253C
AMITER	AMITER	poshmark.com	HTTPS://POSHMARK.COM/LISTING/AMITER-PLASTIC-HALF-GALLON-WATER-BOTTLE-63923B0B9464F3ADAF33F63C
AMKE	AMKE	poshmark.com	HTTPS://POSHMARK.COM/LISTING/AMKE-BABY-BASSINETS-BEDSIDE-SLEEPERALL-MESH-CRIB-PORTABLE-657F14E158083D42C8D8CFE9
AMKE	AMKE	poshmark.com	HTTPS://POSHMARK.COM/LISTING/AMKE-BEDSIDE-BASSINET-LIKE-NEW-USED-LESS-THAN-10-TIMES-67734CCE47C130FFAD2CC03F
AMLIEBOUTIK	AMLIEBOUTIK	poshmark.com	HTTPS://POSHMARK.COM/LISTING/AMLIEBOUTIK-WOMEN-BOLERO-STYLE-BUTTON-EMBELLISHED-LONG-SLEEVE-BLOUSE-65FA25C4FB7304170B103D62
AMNPOLEN	AMNPOLEN	poshmark.com	HTTPS://POSHMARK.COM/LISTING/PLUSH-TOYS-WITH-OPENABLE-PATCH-ANIME-GOJO-SATORU-PLUSHIE-DOLL-STUFFED-TOY-643AF0B750E2DFC879EC9DEC
AMOISE	AMOISE	poshmark.com	HTTPS://POSHMARK.COM/LISTING/AMOISE-IN-CREOLE-64430F677DFCC28470C46BF0
AMORNO	AMORNO	poshmark.com	HTTPS://POSHMARK.COM/LISTING/AMORNO-WIRELESS-EARBUDS-66EDEC07154600F7CD6F7E2B
AMORTEK	AMORTEK	poshmark.com	HTTPS://POSHMARK.COM/LISTING/HP-AMORTEK-ECHO-DOT-3RD-GEN-OUTLET-WALL-MOUNT-HOLDER-SPACE-SAVER-BLACK-NEW-62BB7534B6D82536532BF1D5
AMORXIAO	AMORXIAO	poshmark.com	HTTPS://POSHMARK.COM/LISTING/AMORXIAO-SCENTED-CANDLE-63581822FFB5D0A01504880A
AMORXIAO	AMORXIAO	poshmark.com	HTTPS://POSHMARK.COM/LISTING/AMORXIAO-GOOD-JOB-HANDMADE-BEST-WISHES-SCENTED-CANDLE-PARIS-CAFE-113OZ-NIB-67833C398A00E335811EAC9C
AMOSTING	AMOSTING	poshmark.com	HTTPS://POSHMARK.COM/LISTING/AMOSTING-COLOR-MATCHING-MOSAIC-PEGBOARD-EARLY-LEARNING-EDUCATIONAL-TOY-64F3C0267FC826251A52634E
AMOYART	AMOYART	poshmark.com	HTTPS://POSHMARK.COM/LISTING/HOMEBERRY-AMOYART-HAUCOZE-BEER-STEIN-60885A450BEE623D91BE41C8
AMPAKE	AMPAKE	poshmark.com	HTTPS://POSHMARK.COM/LISTING/NEW-AMPAKE-HOODED-THERMAL-HOODED-W-FUR-PARKA-JACKET-WARM-WINTER-COAT-GREEN-XL-661038BE28E1E0F72CD084D3
AMTIOUS	AMTIOUS	poshmark.com	HTTPS://POSHMARK.COM/LISTING/AMITOUS-FASHION-WHITE-DRESS-6702E21782DCEB37E2354E48
AMTIOUS	AMTIOUS	poshmark.com	HTTPS://POSHMARK.COM/LISTING/AMITOUS-LACEY-MINI-DRESS-6775DD3ABFD9A659EE4371EC
AMTIOUS	AMTIOUS	poshmark.com	HTTPS://POSHMARK.COM/LISTING/BOUTIQUE-SATIN-MAXI-DRESS-66E72C202D829A267B5985ED
AMTIOUS	AMTIOUS	poshmark.com	HTTPS://POSHMARK.COM/LISTING/AMTIOUS-GREEN-ROUCHED-SLEEVELESS-DRESS-677481ACED3F4A536C33559D
AMTIOUS	AMTIOUS	poshmark.com	HTTPS://POSHMARK.COM/LISTING/AMITOUS-AQUA-SEXY-DRESS-677995FCF9927C8D93C57F9B
AMTIOUS	AMTIOUS	poshmark.com	HTTPS://POSHMARK.COM/LISTING/AMTIOUS-STRAIGHT-STRAPPING-DRESS-66FAFD63142AD4D52BA3DA34
AMUOC	AMUOC	poshmark.com	HTTPS://POSHMARK.COM/LISTING/HEADPHONES-60C74FF3E13164F79ADE5DBD
AMVITA	AMVITA	poshmark.com	HTTPS://POSHMARK.COM/LISTING/NWT-VINCE-CAMUTO-AMVITA-BOOTIES-5EBB93E3EFD0E4ADD762BE16
AMYNEO	AMYNEO	poshmark.com	HTTPS://POSHMARK.COM/LISTING/AMYNEO-ISO-STORM-BLACK-TEXTURED-SNEAKER-6708338DBC6E1C11C7608D90
ANAISGVANI	ANAISGVANI	poshmark.com	HTTPS://POSHMARK.COM/LISTING/ANAIS-GVANI-NY-SUNGLASSES-64E3F2B897B5D0A96D358B23
ANAISGVANI	ANAISGVANI	poshmark.com	HTTPS://POSHMARK.COM/LISTING/LUXURIOUS-DESIGNER-ANAIS-GVANI-NEW-YORK-UV-PROTECTION-BROWN-OMBR-SUNGLASSES-64E9688D17E49C85B1E306B5
ANAISI	ANAISI	poshmark.com	HTTPS://POSHMARK.COM/LISTING/ANAISI-6479ED33EB7E7A3E8A58C345
ANAISI	ANAISI	poshmark.com	HTTPS://POSHMARK.COM/LISTING/ANAISI-FRUITS-VEGGIES-DRESS-672A59E37321B04B314B3015
ANAMA	ANAMA	poshmark.com	HTTPS://POSHMARK.COM/LISTING/ANAMA-ANTHROPOLOGY-STRAPLESS-MIDI-DRESS-6713CA47775CAF00AC421FF0
ANAMINA	ANAMINA	poshmark.com	HTTPS://POSHMARK.COM/LISTING/THE-ANAMINA-MIXING-BOWL-6666182B47C130F075A286A7
ANANDAWOODWORKING	ANANDAWOODWORKING	poshmark.com	HTTPS://POSHMARK.COM/LISTING/MEDITATION-BENCH-SEIZA-CHAIR-ANANDA-WOODWORKING-FOLDING-WOOD-PURPLE-67A3F6760382912A42F6DD48
ANAREAL	ANAREAL	poshmark.com	HTTPS://POSHMARK.COM/LISTING/ANAREAL-EYE-CREAM-FOR-DARK-CIRCLES-DARK-CIRCLES-UNDER-EYE-TREATMENT-UNDER-EYE-661084CC2FBF1A12386EE4BC
ANATOKY	ANATOKY	poshmark.com	HTTPS://POSHMARK.COM/LISTING/NEW-WOMANS-COLORBLOCK-STRIPED-LONG-SLEEVE-TOP-6798DCCA04B36DD876A6B365
ANBERX	ANBERX	poshmark.com	HTTPS://POSHMARK.COM/LISTING/ANBERX-OUTDOOR-SECURITY-CAMERA-655AB09DBC6E1C145E91FFDF
ANBES	ANBES	poshmark.com	HTTPS://POSHMARK.COM/LISTING/ANBES-BLUETOOTH-EARBUDS-648A3CC904166D8992B5202F
ANCAIXIN	ANCAIXIN	poshmark.com	HTTPS://POSHMARK.COM/LISTING/ANCAIXIN-TODDLER-MINI-BIKE-664FAB8B741271662195AD84
ANCCER	ANCCER	poshmark.com	HTTPS://POSHMARK.COM/LISTING/ANCCER-COMPATIBLE-WITH-IPHONE-14-PLUS-CASE-DESIGNED-FOR-IPHONE-14-PLUS-67-INCH-64A242043B982A680467FAAE
ANDMON	ANDMON	poshmark.com	HTTPS://POSHMARK.COM/LISTING/SOLAR-ELECTRIC-FENCE-ANDMON-HELIOS-MINI-250-6691995B5AF6E608DBB30406
ANDOLA	ANDOLA	poshmark.com	HTTPS://POSHMARK.COM/LISTING/ANDOLA-PANTS-AND-MATCHING-SPORTS-BRA-5B633037AAA5B8D03CAE5529
ANDRIA	ANDRIA	poshmark.com	HTTPS://POSHMARK.COM/LISTING/LE-ORE-ANDRIA-BRA-NWT-6457CDBE97B5D0D355265370
ANDWOOD	ANDWOOD	poshmark.com	HTTPS://POSHMARK.COM/LISTING/ANDWOOD-SUNGLASSES-2-PIECE-627C74F03E732B3E4EC6A243
ANESKY	ANESKY	poshmark.com	HTTPS://POSHMARK.COM/LISTING/ANESKY-KIDS-TOY-CAMERA-FOR-AGES-312-WITH-32GB-CARD-PURPLE-NEW-IN-BOX-657BCEABBD66CD9104514D95
ANEWDAYVITALVOICES	ANEWDAYVITALVOICES	poshmark.com	HTTPS://POSHMARK.COM/LISTING/A-NEW-DAY-VITAL-VOICES-GLOBAL-PARTNERSHIP-LIMITED-TIME-COLLECTION-DRESS-SIZE-XS-6356C780C1C346EEC2FEB872
ANEWDAYVITALVOICES	ANEWDAYVITALVOICES	poshmark.com	HTTPS://POSHMARK.COM/LISTING/A-NEW-DAY-VITAL-VOICES-LIMITED-EDITION-POLYURETHANE-MOTO-JACKET-63CB888D5D686B0A284CB5CC
ANGELAICOS	ANGELAICOS	poshmark.com	HTTPS://POSHMARK.COM/LISTING/ANGELAICOS-WOMEN-JUMPSUIT-COSTUME-70S-80S-DISCO-PARTY-OUTFITS-COSPLAY-ONESIE-65E8DEB5FFB5D01D311F0720
ANGELSHINE	ANGELSHINE	poshmark.com	HTTPS://POSHMARK.COM/LISTING/DOLL-CARRIER-67327F751DF636247CD67C0F
ANGEMAY	ANGEMAY	poshmark.com	HTTPS://POSHMARK.COM/LISTING/TRAVEL-FOOTREST-ACCESSORIES-PORTABLE-FLIGHT-BUS-TRAIN-OFFICE-HOME-FOOT-64CBB5A025B2F2D1C1D519E6
ANGFAN	ANGFAN	poshmark.com	HTTPS://POSHMARK.COM/LISTING/ANGFAN-PET-HAIR-CLIPPER-SET-6655EEC7D3309F1495F0DFC5
ANGFLY	ANGFLY	poshmark.com	HTTPS://POSHMARK.COM/LISTING/PHONE-CAMERA-LENS-5DD847712E7C2F8C79BD7546
ANGIEHAIE	ANGIEHAIE	poshmark.com	HTTPS://POSHMARK.COM/LISTING/ANGIEHAIE-BEAUTY-EYEBROW-STAMP-POMADE-STENCIL-KIT-642A0D381741BE518C255D2C
ANGOOL	ANGOOL	poshmark.com	HTTPS://POSHMARK.COM/LISTING/ANGOOL-WOMENS-NEOPRENE-WAIST-TRAINER-NEW-601EEC61576006DF1313FFEA
ANIGOLD	ANIGOLD	poshmark.com	HTTPS://POSHMARK.COM/LISTING/ANI-GOLD-DAY-NIGHT-SERUM-SET-FACE-COLLAGEN-FIRMING-ANTI-AGING-WRINKLE-BRIGHTENED-6747769DB9BD7439F0DC28D1
ANIMALALLEY	ANIMALALLEY	poshmark.com	HTTPS://POSHMARK.COM/LISTING/ANIMAL-ALLEY-A-CENTURY-OF-BEARS-COLLECTION-661B215BB1EF58B01E14C0E2
ANITAKE	ANITAKE	poshmark.com	HTTPS://POSHMARK.COM/LISTING/MENS-STEEL-TOE-REINFORCED-WORK-BOOTS-633DA97A17E49CB8B090D065
ANKACE	ANKACE	poshmark.com	HTTPS://POSHMARK.COM/LISTING/STYLUS-PEN-COMPATIBLE-WITH-20182020-APPLE-IPAD-652DEC0FB635F87AC75B9F84
ANKOMMLING	ANKOMMLING	poshmark.com	HTTPS://POSHMARK.COM/LISTING/ANKOMMLING-DIAPER-BAG-BACKPACK-61648A4D941F17F416F316EA
ANKOOY	ANKOOY	poshmark.com	HTTPS://POSHMARK.COM/LISTING/ANKOOY-PLANT-HAND-CREAM-BUNDLE-SET-OF-TEN-658E9BBC5D686BFC95712DE2
ANKUWA	ANKUWA	poshmark.com	HTTPS://POSHMARK.COM/LISTING/ULTRASONIC-ANTI-BARKING-SONIC-BARK-DETERRENTS-652AFA9061497316B30DF148
ANLEO	ANLEO	poshmark.com	HTTPS://POSHMARK.COM/LISTING/ANLEO-MENS-WATCH-1088-61D096D77096511D5E1A54A2
ANLISIM	ANLISIM	poshmark.com	HTTPS://POSHMARK.COM/LISTING/ANLISIM-MENS-WOOL-FUZZY-SOCKS-4-PACK-6123C7CC8D9BE95F061B7359
ANLUKE	ANLUKE	poshmark.com	HTTPS://POSHMARK.COM/LISTING/MENS-ANLUKE-HIGH-TOP-SOCCER-CLEATS-6678DD0CB1EF58AC4E9751D2
ANLUNOB	ANLUNOB	poshmark.com	HTTPS://POSHMARK.COM/LISTING/THE-ONLY-ETERNAL-ROSE-ANLUNOBNEW-IN-BOX-667AFB1C8A00E33C4C50AAC2
ANLUNOB	ANLUNOB	poshmark.com	HTTPS://POSHMARK.COM/LISTING/BEAUTIFUL-ANGEL-FLOWER-FIGURINE-BY-ANLUNOB-THE-ONLY-ETERNAL-ROSE-637EAB3D948F483B63EDF7FB
ANMABABY	ANMABABY	poshmark.com	HTTPS://POSHMARK.COM/LISTING/ANMABABY-CLOTH-DIAPERS-ADJUSTABLE-8-35-LBS-INSERT-LOT-OF-FOUR-WET-DIAPER-BAG-634F41476F53A6D39D3459F6
ANMABABY	ANMABABY	poshmark.com	HTTPS://POSHMARK.COM/LISTING/ANMABABY-CLOTH-DIAPERS-67032390F9927C16271B848D
ANMADE	ANMADE	poshmark.com	HTTPS://POSHMARK.COM/LISTING/ANMADE-WIRELESS-CAM-BRAND-NEW-6771A35ADC327D7EDA9E3850
ANMARKO	ANMARKO	poshmark.com	HTTPS://POSHMARK.COM/LISTING/ANMARKO-STAINLESS-STEEL-METAL-SPATULA-SET-6369EAAC02760B5D9B6E3204
ANMOSE	ANMOSE	poshmark.com	HTTPS://POSHMARK.COM/LISTING/NEW-ANMOSE-MEDIUM-RAZOR-BACK-CUT-OUTS-SPORTS-BRA-6360303D9464F32590512234
ANMRY	ANMRY	poshmark.com	HTTPS://POSHMARK.COM/LISTING/ANMRY-RUNNING-ARMBAND-FOR-PHONE-AND-ZUMBA-BELT-BUNDLE-664B9182896C3862E7BB1177
ANN	ANN	poshmark.com	HTTPS://POSHMARK.COM/LISTING/ANN-NAI-LOAFERS-68588660A566497DF17F9EDB
ANNAKACI	ANNAKACI	poshmark.com	HTTPS://POSHMARK.COM/LISTING/ANNAKACI-VINTAGE-DRESS-CASUAL-LONG-PUFF-SLEEVE-HIGH-WAIST-SMOCKED-CHIFFON-679336452839BCF54F3B692A
ANNAKACI	ANNAKACI	poshmark.com	HTTPS://POSHMARK.COM/LISTING/ANNAKACI-GREY-RIBBED-KNIT-SWEATER-CROP-TANK-TOP-5FE65BE6AE766FB376813D87
ANNBON	ANNBON	poshmark.com	HTTPS://POSHMARK.COM/LISTING/BRAND-NEW-ANNBON-ONE-PIECE-SWIMSUIT-622D1F71BCBB523910EE3FD1
ANNYISON	ANNYISON	poshmark.com	HTTPS://POSHMARK.COM/LISTING/NWT-3-PACK-ANNYISON-WOMENS-UNDERWEAR-XXL-667457A71B40A79AC27B174D
ANOMALYHAIRCARE	ANOMALYHAIRCARE	poshmark.com	HTTPS://POSHMARK.COM/LISTING/ANOMALY-HAIR-CARE-65C0335304166DBD3D7839D4
ANOZIE	ANOZIE	poshmark.com	HTTPS://POSHMARK.COM/LISTING/16X16-PICTURE-FRAME-WHITE-DISPLAY-PICTURES-12X12-WITH-MAT-OR-16X16-WITHOUT-MAT-663A9CEEEBA4C4C679BF5B62
ANRRI	ANRRI	poshmark.com	HTTPS://POSHMARK.COM/LISTING/ANRRI-BLUE-LIGHT-GLASSES-62E1464FDFF94D2269AEFDEB
ANRUZ	ANRUZ	poshmark.com	HTTPS://POSHMARK.COM/LISTING/ANRUZ-HARD-WAX-BEANS-61D86FADE1316400CA2EEFCD
ANSERIS	ANSERIS	poshmark.com	HTTPS://POSHMARK.COM/LISTING/HEATED-INSOLES-64192FEE61497330D273E943
ANSIONSOL	ANSIONSOL	poshmark.com	HTTPS://POSHMARK.COM/LISTING/19-SQUIRREL-BAFFLE-GUARD-FOR-BIRD-FEEDER-POLE-OUTSIDE-POLE-MOUNT-BLACK-NEW-66CD157613D6818ABA0E63BC
ANSTEKER	ANSTEKER	poshmark.com	HTTPS://POSHMARK.COM/LISTING/NWT-ANSTEKER-UNIVERSAL-HEAD-REST-CRADLE-CAR-MOUNT-60CF6C58BB5937D45498CA93
ANTDALIS	ANTDALIS	poshmark.com	HTTPS://POSHMARK.COM/LISTING/ANTDALIS-SUNRISE-ALARM-CLOCK-WAKE-UP-LIGHT-FOR-KIDS-ADULTS-HEAVY-SLEEPERS-67C7D0F5FE7E2C4510EBCD72
ANTICAFORNACE	ANTICAFORNACE	poshmark.com	HTTPS://POSHMARK.COM/LISTING/ANTICA-FORNACE-CERAMICHE-DA-TAVOLA-LARGE-PLATTER-FISH-DESIGN-MADE-IN-ITALY-67DCC353E825D18A22C64312
ANTIK	ANTIK	poshmark.com	HTTPS://POSHMARK.COM/LISTING/NEW-ANTIK-BATIK-RAFI-BLOUSE-IN-BLACK-68507E552E0505F4D88744BA
ANTIMI	ANTIMI	poshmark.com	HTTPS://POSHMARK.COM/LISTING/ANTIMI-BLUETOOTH-FM-RADIO-WIRELESS-SPEAKER-679092FA1CE666937CAFA06B
ANTMOR	ANTMOR	poshmark.com	HTTPS://POSHMARK.COM/LISTING/ANTMOR-BLACK-CRYSTAL-BEAD-CHOKER-NECKLACE-611B146C88CCE3B11F6578DB
ANTOOK	ANTOOK	poshmark.com	HTTPS://POSHMARK.COM/LISTING/NWT-ANTOOK-BABY-CAR-CAMERA-64BAE74D04166D86238F3B9D
ANTOOK	ANTOOK	poshmark.com	HTTPS://POSHMARK.COM/LISTING/ANTOOK-1080P-BABY-CAR-MIRROR-FOR-BACK-SEAT-5-INCH-BABY-CAR-CAMERA-INFANTS-KIDS-64AA12EBBD66CDC4BB4C947B
ANVASK	ANVASK	poshmark.com	HTTPS://POSHMARK.COM/LISTING/ANVASK-FULL-HD-1080P-30FPS-WEBCAM-CM04-USB-PRIVACY-COVER-TRIPOD-MICROPHONE-63D80896B0F1932BB9F49B87
ANVO	ANVO	poshmark.com	HTTPS://POSHMARK.COM/LISTING/NWT-PREMIUM-ANVO-CERVICAL-MEMORY-FOAM-PILLOW-64D4D35791E053F8CD5BE1C1
ANYCORE	ANYCORE	poshmark.com	HTTPS://POSHMARK.COM/LISTING/ANYCORE-12X12X1-AC-FURNACE-AIR-FILTER-MPR-600-MERV-8-PLEATED-HVAC-FILTER-4-PK-663F972A4F80F9161B2FA179
ANYEAST	ANYEAST	poshmark.com	HTTPS://POSHMARK.COM/LISTING/ANYEAST-BLUETOOTH-24G-WIRELESS-BARCODE-SCANNER-WITH-STAND-2D-1D-QR-CODE-READER-65AA3ED0B591ED933276AAED
ANYONEER	ANYONEER	poshmark.com	HTTPS://POSHMARK.COM/LISTING/ANYONEER-UNDER-BED-SHOE-STORAGE-ORGANIZER-SET-OF-2-6697D3516CB777735B548582
ANZERWIN	ANZERWIN	poshmark.com	HTTPS://POSHMARK.COM/LISTING/NEW-COLOR-CHANGING-GAMING-KEYBOARD-AND-MOUSE-COMBO-WITH-LED-BACKLIT-63CC927697B5D05EC9ECA346
AOBOR	AOBOR	poshmark.com	HTTPS://POSHMARK.COM/LISTING/AOBOR-BEST-RECHARGEABLE-AUTOMATIC-AUTO-SENSOR-HAND-SOAP-DISPENSER-680BE7D6F3D624D31F22B48D
AOBRICON	AOBRICON	poshmark.com	HTTPS://POSHMARK.COM/LISTING/AOBRICON-BLACK-SLIM-SLIPON-ELEGANT-PU-LEATHER-CLOSED-ROUNDTOE-LOW-HEEL-SHOES-672AD77AD90D21ECD6F93D5F
AOCOOLFAN	AOCOOLFAN	poshmark.com	HTTPS://POSHMARK.COM/LISTING/AOCOOLFAN-PORTABLE-NECK-FAN-MINI-HANGING-NECK-FAN-WITH-ADJUSTABLE-LANYARD-653594339B37C74DB494D5AA
AODERTI	AODERTI	poshmark.com	HTTPS://POSHMARK.COM/LISTING/NEW-WILD-FLORAL-FABRIC-SHOWER-CURTAIN-NATURE-SCENERY-WITH-SHOWER-RINGS-72-X-72-63CC80BD24237A44CF76A998
AODERTI	AODERTI	poshmark.com	HTTPS://POSHMARK.COM/LISTING/NWT-BLUE-PRINT-SHOWER-CURTAIN-WITH-HOOKS-6240D17667FFB11DF36BAE1A
AODISMAN	AODISMAN	poshmark.com	HTTPS://POSHMARK.COM/LISTING/NEW-DOG-STEPS-FOR-SMALL-DOG-3STEP-DOG-STAIRS-FOR-HIGH-BEDS-AND-COUCH-670D31EA2839BCED510559AB
AOGESI	AOGESI	poshmark.com	HTTPS://POSHMARK.COM/LISTING/AOGESI-WOMENS-FLORAL-TUNIC-SHORT-DRESS-KEYHOLE-WITH-TIE-CLOSURE-LARGE-6459945BFFB5D04E45F09B79
AOJUN	AOJUN	poshmark.com	HTTPS://POSHMARK.COM/LISTING/AOJUN-FASHIONCLASSIC-18K-GOLDPLATED-TITANIUM-STEEL-WOMEN-STACKING-RING-65F6BF36AC1B04C36E6BC5FA
AOKEDA	AOKEDA	poshmark.com	HTTPS://POSHMARK.COM/LISTING/AOKEDA-WATERPROOF-OUTDOOR-PANTS-5D5BFAAFB146CC57AF766F44
AOKEDA	AOKEDA	poshmark.com	HTTPS://POSHMARK.COM/LISTING/AOKEDA-6-PC-KITCHEN-KNIFE-BLOCK-SET-STEEL-BUTT-DESIGN-DK-BROWN-6380A83BE6B37BDDA31746F9
AOKIWO	AOKIWO	poshmark.com	HTTPS://POSHMARK.COM/LISTING/AOKIWO-20OZ-AND-30OZ-TUMBLERS-WITH-HANDLES-64470AB99464F3FDCFB19005
AOLAILIYA	AOLAILIYA	poshmark.com	HTTPS://POSHMARK.COM/LISTING/AOLAILIYA-24-COLOR-PRESSED-GLITTER-EYESHADOW-PALETTE-MINERAL-ULTRA-SHIMMER-643DA4640274270360DAB856
AOLIDA	AOLIDA	poshmark.com	HTTPS://POSHMARK.COM/LISTING/AOLIDA-BAG-WOMENS-BACKPACK-FASHIONS-WATERPROOF-RUCKSACK-SCHOOL-LAPTOP-USB-YELOW-65C449EC4BF9FF54C145D95B
AOLITE	AOLITE	poshmark.com	HTTPS://POSHMARK.COM/LISTING/MENS-LONG-LIGHT-GRAY-THICKENING-SOCKS-64FFED39F8C5DA6443C16D8D
AOLRO	AOLRO	poshmark.com	HTTPS://POSHMARK.COM/LISTING/AOLRO-WOMENS-BLUE-BEACH-COVER-UPS-V-NECK-SWIMSUIT-DRESS-LOOSE-BATHING-SUIT-633FCBC4C9A2280DF1FB17CE
AOMAGO	AOMAGO	poshmark.com	HTTPS://POSHMARK.COM/LISTING/AOMAGO-DIGITAL-VOICE-RECORDER-685D7887149377C376F37670
AOMAGO	AOMAGO	poshmark.com	HTTPS://POSHMARK.COM/LISTING/AOMAGO-VOICE-RECORDER-64A5FDD5C5DF6CB595680DB8
AOMIDA	AOMIDA	poshmark.com	HTTPS://POSHMARK.COM/LISTING/AOMIDA-PRO-UV-LED-NAIL-LAMP-AUTO-SENSOR-QUICK-DRY-TIMING-TESTED-683F6609013D2A794B972B67
AOMUU	AOMUU	poshmark.com	HTTPS://POSHMARK.COM/LISTING/AUMOON-CUSTOM-SUMMER-HAT-5D2338912F4831BC82B5614E
AONI	AONI	poshmark.com	HTTPS://POSHMARK.COM/LISTING/315-AONI-WEBCAM-AUTO-FOCUS-CAMERA-USB-HD-1080P-30FPS-BUILDIN-MIC-PC-TV-LAPTOP-6574E11197B5D0815635C934
AOOTOO	AOOTOO	poshmark.com	HTTPS://POSHMARK.COM/LISTING/MENS-DENIM-JOGGER-JEANS-PANTS-M-5BC52979AA5719406DA5A721
AOOZI	AOOZI	poshmark.com	HTTPS://POSHMARK.COM/LISTING/AOOZI-HD-1080P-WEBCAM-WITH-PRIVACY-COVER-AND-TRIPOD-WEB-CAMERA-WITH-MICROPHONE-61F83596045E39E2B9E2F7A9
AOOZI	AOOZI	poshmark.com	HTTPS://POSHMARK.COM/LISTING/PORTABLE-BLENDER-618494C3691412FC8547E29A
AOPANT	AOPANT	poshmark.com	HTTPS://POSHMARK.COM/LISTING/HAIR-DRYER-BRUSH-BLOW-DRYER-IN-ONE-4-IN-1-STYLING-TOOLS-WITH-CERAMIC-OVAL-BARREL-6642AE21DC327D14525DD150
AOPOUL	AOPOUL	poshmark.com	HTTPS://POSHMARK.COM/LISTING/AOPOUL-PICKLEBALL-PADDLE-CUSHIONED-GRIP-BLUE-TRIANGLES-GRAPHICS-PREMIUM-WOOD-655F547906C231E81D30C740
AOPUSI	AOPUSI	poshmark.com	HTTPS://POSHMARK.COM/LISTING/100-HUMAN-HAIR-BUNDLES-627058A767FFB1FC92D87914
AOSLEN	AOSLEN	poshmark.com	HTTPS://POSHMARK.COM/LISTING/AOSLEN-WIRELESS-BLUETOOTH-HEADPHONES-623C2192CB692CF7E47E08B0
AOTDAOU	AOTDAOU	poshmark.com	HTTPS://POSHMARK.COM/LISTING/AOYDAOU-KIDS-KN95-MASKS-VARIOUS-COLORS-624520C9F0F28CFB307C9953
AOWOFS	AOWOFS	poshmark.com	HTTPS://POSHMARK.COM/LISTING/MENS-BIKERHEAVY-METAL-JACKET-61F8BA9F463D4F07B2FD7386
AOYITE	AOYITE	poshmark.com	HTTPS://POSHMARK.COM/LISTING/SET-OF-12-BPA-FREE-PLASTIC-TUMBLERS-6708893534E253F8E1F54E09
APEAINTHEPOD	APEAINTHEPOD	poshmark.com	HTTPS://POSHMARK.COM/LISTING/APEAINTHEPOD-MATERNITY-DRESS-SHIRT-6273F3B03E732BD90ABADA34
APETDOLA	APETDOLA	poshmark.com	HTTPS://POSHMARK.COM/LISTING/APD-APETDOLA-CAT-WATER-FOUNTAIN-CAT-FOUNTAIN-AUTOMATIC-WSTAINLESS-STEEL-TRAY-65AC75E817E49C2A360C7658
APICALLIFE	APICALLIFE	poshmark.com	HTTPS://POSHMARK.COM/LISTING/APICAL-LIFE-SONIC-ELECTRIC-TOOTHBRUSH-6729323B07AC5567EC2CFAD9
APIKER	APIKER	poshmark.com	HTTPS://POSHMARK.COM/LISTING/APIKER-2-PACK-GLASS-SCREEN-PROTECTOR-FOR-IPAD-64DAE935BD66CD5BEF9BF495
APLUSBOOST	APLUSBOOST	poshmark.com	HTTPS://POSHMARK.COM/LISTING/APLUS-BOOST-CELL-PHONE-BOOSTER-FOR-HOME-OR-OFFICE-WITH-BUILTIN-ANTENNA-GRAY-682E23F73509D129E7E370A5
APNINO	APNINO	poshmark.com	HTTPS://POSHMARK.COM/LISTING/BATH-TUB-SHOWER-MAT-APNINO-SOFT-TEXTURED-24X16-65370BA70C8427D6A2AA64A8
APOLLOKINETICS	APOLLOKINETICS	poshmark.com	HTTPS://POSHMARK.COM/LISTING/APOLLO-KINETICS-STORE-PULSE-MASSAGE-GUN-66FC87B5CF86B18909694D0E
APOWUS	APOWUS	poshmark.com	HTTPS://POSHMARK.COM/LISTING/PORTABLE-NEBULIZER-NEBULIZER-FOR-ADULTS-AND-KIDS-676B10A9C4B73AA86757F035
APPERLOTHA	APPERLOTHA	poshmark.com	HTTPS://POSHMARK.COM/LISTING/APPERLOTHA-RED-FAUX-SUEDE-MOTO-JACKET-IN-SIZE-S-6230D4CEFF7C5A25D1C6D5E1
APPOLUS	APPOLUS	poshmark.com	HTTPS://POSHMARK.COM/LISTING/APPOLUS-617B663AC32EE629A9A936C0
APRILBATHSHOWER	APRILBATHSHOWER	poshmark.com	HTTPS://POSHMARK.COM/LISTING/APRIL-BATH-SHOWER-5EC9975467BD918CE904A76C
APRILSPRING	APRILSPRING	poshmark.com	HTTPS://POSHMARK.COM/LISTING/APRILSPRING-WOMENS-WALKING-SHOES-637109482E2586EE51C4085B
APRILSPRING	APRILSPRING	poshmark.com	HTTPS://POSHMARK.COM/LISTING/UNISEX-APRILSPRING-RUNNING-SHOES-MENS-SZ-8-EU-SZ-41-63ACEDBC8BB2E241817822C0
APTKDOE	APTKDOE	poshmark.com	HTTPS://POSHMARK.COM/LISTING/APTKDOE-A90-PRO-TRUE-WIRELESS-EARBUDS-BLACK-68D028F41986C2CFF1A8637E
AQUAFLOPS	AQUAFLOPS	poshmark.com	HTTPS://POSHMARK.COM/LISTING/SHOWER-SHOES-60E3616D8DA5C90ADA7C5716
AQUASOUND	AQUASOUND	poshmark.com	HTTPS://POSHMARK.COM/LISTING/AQUASOUND-SHOWER-WIRELESS-BLUETOOTH-WATERPROOF-SPEAKER-FOR-IPHONE-ANDROID-624E1648FBC604BF830B97A0
AQUATICWAY	AQUATICWAY	poshmark.com	HTTPS://POSHMARK.COM/LISTING/AQUATIC-WAY-HYDRATION-BLADDER-WATER-RESERVOIR-69812B85E2AC0C97DE83BC76
ARABESKA	ARABESKA	poshmark.com	HTTPS://POSHMARK.COM/LISTING/NEEDLEWORK-TABLE-AND-LAP-HANDSFREE-STAND-WITH-ADJUSTABLE-FRAME-MADE-OF-ORGANIC-66ACD39049D8D81418CA57FB
ARCMIRA	ARCMIRA	poshmark.com	HTTPS://POSHMARK.COM/LISTING/ARCMIRA-AUTOMATIC-NUT-MILK-MAKER-20-OZ-HOMEMADE-ALMOND-OAT-SOY-PLANTBASED-N-653F0C78FFB5D06F39C4860C
ARCOMEAD	ARCOMEAD	poshmark.com	HTTPS://POSHMARK.COM/LISTING/ARCOMEAD-SWING-ARM-WALL-LAMP-PLUGIN-CORD-INDUSTRIAL-WALL-SCONCE-BRONZE-AND-BL-67873697580123AB64A8D16D
ARCOOK	ARCOOK	poshmark.com	HTTPS://POSHMARK.COM/LISTING/ARCOOK-8-PIECES-KNIFE-BLOCK-SET-OMBRE-6567994992E491C33879FFE2
ARCTICEAGLE	ARCTICEAGLE	poshmark.com	HTTPS://POSHMARK.COM/LISTING/ARCTIC-EAGLE-MEDIUM-WOOL-BLEND-JACKET-62CB657EBCBB526BD5D2E086
ARCTICQUEEN	ARCTICQUEEN	poshmark.com	HTTPS://POSHMARK.COM/LISTING/ARCTIC-KING-ARCTIC-QUEEN-JACKET-65A43FC2253A8C46BBF38EAA
AREALER	AREALER	poshmark.com	HTTPS://POSHMARK.COM/LISTING/AREALER-NECK-MASSAGER-62378383C3C2D0990BC97689
ARHIKY	ARHIKY	poshmark.com	HTTPS://POSHMARK.COM/LISTING/HEAT-TRANSFER-VINYL-67AD27149D05C4D4677D961F
ARIALWAND	ARIALWAND	poshmark.com	HTTPS://POSHMARK.COM/LISTING/ARIALWAND-O2-BEAUTY-AIRBRUSH-SYSTEM-TAN-NEW-5E2A12B6A16F9757CCBDB9B0
ARIAT	ARIAT	poshmark.com	HTTPS://POSHMARK.COM/LISTING/HIGHLAND-BOOTS-5BE773AE8AD2F91F97E75370
ARIDER	ARIDER	poshmark.com	HTTPS://POSHMARK.COM/LISTING/ARIDER-GIRL-BLACK-BOOTS-63D1BD6D8BB2E2FF65D078E9
ARILIYA	ARILIYA	poshmark.com	HTTPS://POSHMARK.COM/LISTING/ARILIYA-OWFPJB-ELECTRIC-BLANKET-2-PRONG-CONTROLLER-120VAC-60HZ-120W-673311449CEAF7B33EDB9D66
ARISIC	ARISIC	poshmark.com	HTTPS://POSHMARK.COM/LISTING/ARISIC-NON-SLIP-WORK-WATER-RESISTANT-SNEAKERS-67BE7B40C1C34683049D7FF9
ARKARTECH	ARKARTECH	poshmark.com	HTTPS://POSHMARK.COM/LISTING/ARKARTECH-GAMING-HEADSET-62A279D89207860943C00CA2
ARKBIRD	ARKBIRD	poshmark.com	HTTPS://POSHMARK.COM/LISTING/AZKBIZD-MENS-OXFORD-TAN-BROWN-LEATHER-CASUAL-SNEAKER-LOW-TOP-SHOES-6472B6AB9464F3B7C0E9F629
ARKMIIDO	ARKMIIDO	poshmark.com	HTTPS://POSHMARK.COM/LISTING/SET-OF-ARKMIIDO-SMART-WIFI-CAMERAS-6205AA858DA5C91D1281630C
ARKOUR	ARKOUR	poshmark.com	HTTPS://POSHMARK.COM/LISTING/ARKOUR-LG-STYLO-5-SILICONE-PHONE-CASE-NEW-64527A743B982A16E1AC4FD4
ARLMONT	ARLMONT	poshmark.com	HTTPS://POSHMARK.COM/LISTING/ARLMONT-CO-GERMAR-120-CANTILEVER-PATIO-UMBRELLA-639F304EEB7E7AECC36E4CF4
ARLMONTCO	ARLMONTCO	poshmark.com	HTTPS://POSHMARK.COM/LISTING/ARLMONT-CO-GERMAR-120-CANTILEVER-PATIO-UMBRELLA-639F304EEB7E7AECC36E4CF4
ARNARTIMPORTS	ARNARTIMPORTS	poshmark.com	HTTPS://POSHMARK.COM/LISTING/IVORY-DYNASTY-1982-PLATE-5EAEC9B3E107BB9FD60C14B7
ARNARTIMPORTS	ARNARTIMPORTS	poshmark.com	HTTPS://POSHMARK.COM/LISTING/GOLDEN-EMPRESS-ARNART-BUD-VASE-5F2F0A0E60FDED0D73BDE4F6
ARNUZ	ARNUZ	poshmark.com	HTTPS://POSHMARK.COM/LISTING/ARNUZ-DRESS-645D4B5224237ABEEA02A6A1
AROAMASSCAR	AROAMASSCAR	poshmark.com	HTTPS://POSHMARK.COM/LISTING/AROAMAS-SCAR-ADVANCED-SCAR-GEL-MEDICALGRADE-SILICONE-SCAR-GEL-FOR-SURGICAL-66804552741271461182C7AF
AROMAGURU	AROMAGURU	poshmark.com	HTTPS://POSHMARK.COM/LISTING/LOT-OF-4-AROMA-GURU-ROLLON-PEPPERMINT-TEA-TREE-MUSCLE-EASE-LAVENDER-6309A6D58D7A3CF2EE68C65C
AROMAOUTFITTERS	AROMAOUTFITTERS	poshmark.com	HTTPS://POSHMARK.COM/LISTING/FREE-AROMA-OUTFITTERS-ESSENTIAL-OIL-CAR-DIFFUSER-65BE9B25382DB83A55D6088E
AROSKY	AROSKY	poshmark.com	HTTPS://POSHMARK.COM/LISTING/8-AROSKY-42-OZ-CITRONELLA-SCENTED-CANDLES-OUTDOOR-AND-INDOOR-AROMATHER-62505C0121F2E137C118FB6B
ARSHEK	ARSHEK	poshmark.com	HTTPS://POSHMARK.COM/LISTING/ARSHEK-SCREEN-PROTECTOR-AND-CAMERA-PROTECTOR-OPENED-PACK-2-OF-EACH-660CABE856B2F847EB58E2A2
ARSLO	ARSLO	poshmark.com	HTTPS://POSHMARK.COM/LISTING/NEW-ARSLO-WATER-BOTTLE-664CCF54B1EF588F6A222EFF
ARSUPEN	ARSUPEN	poshmark.com	HTTPS://POSHMARK.COM/LISTING/ARSUPEN-HDS2-IONIC-BRUSHLESS-HIGH-SPEED-HAIR-DRYER-6706A0A42839BC1CC15E9B39
ARTBECK	ARTBECK	poshmark.com	HTTPS://POSHMARK.COM/LISTING/VINTAGE-1940S-ARTBECK-PYREX-TURKEY-BASTER-65B5B25D91E0530554430195
ARTBECK	ARTBECK	poshmark.com	HTTPS://POSHMARK.COM/LISTING/1946-ARTBECK-MEAT-BASTER-W-ORIGINAL-BOX-5E7513A62F48316EFBBBA7A8
ARTBUSKE	ARTBUSKE	poshmark.com	HTTPS://POSHMARK.COM/LISTING/NEW-IKEA-ARTBUSKE-CACTUS-STEEL-VASEWATERING-CAN-GREEN-10-VOLUME-507-OZ-6505EBEB0C84278DA2C93153
ARTEESOL	ARTEESOL	poshmark.com	HTTPS://POSHMARK.COM/LISTING/ARTEESOL-WATERPROOF-DRY-DOUBLESHOULDER-20L-BAG-622C1DD3771B8E5B682EC22F
ARTESANIASFR	ARTESANIASFR	poshmark.com	HTTPS://POSHMARK.COM/LISTING/ARTESANIAS-F-R-INC-PINK-COTTON-MEXICAN-BLOUSE-5C689B9D409C1597B61DFDF7
ARTESANIASFR	ARTESANIASFR	poshmark.com	HTTPS://POSHMARK.COM/LISTING/ARTESANIAS-FR-MEXICAN-MODERN-PONCHOSERAPE-ORANGE-GREEN-COLORFUL-SZ-FITS-MOST-686C1079B14A06FBF7B14E03
ARTFIT	ARTFIT	poshmark.com	HTTPS://POSHMARK.COM/LISTING/BLACK-SKETCHERS-ARTFIT-SLIPON-SANDALS-638E58F1678C3A213DF96E6D
ARTIKSUNSHADE	ARTIKSUNSHADE	poshmark.com	HTTPS://POSHMARK.COM/LISTING/ARTIK-SUNSHADE-BEACH-TENT-24-PERSON-SIZE-MEDIUM-65B7F868BD06294A08ADFAF7
ARTIMUS	ARTIMUS	poshmark.com	HTTPS://POSHMARK.COM/LISTING/ARTIMUS-PREMIUM-ANTI-VIBRATION-PADS-4-PC-BLACK-6510F0D413D6814D0BDB88B3
ARTIN	ARTIN	poshmark.com	HTTPS://POSHMARK.COM/LISTING/SQUISHMALLOW-ARTIN-685E097A006E43CC570EC64A
ARTISANDS	ARTISANDS	poshmark.com	HTTPS://POSHMARK.COM/LISTING/ARTISANDS-HUES-DELACROIX-CROSS-FRONT-ONEPIECE-SWIMSUIT-RETAIL-135-672832A86DA06E2D540FF9AB
ARTISANSIGNWORKS	ARTISANSIGNWORKS	poshmark.com	HTTPS://POSHMARK.COM/LISTING/WELCOME-PORCH-LEANER-FLOOR-SIGN-ARTISAN-SIGNWORKS-64B010323B982AF9BFD9AF70
ARTISTIA	ARTISTIA	poshmark.com	HTTPS://POSHMARK.COM/LISTING/ARDISTIA-NEW-YORK-DESIGNER-SILK-BLOUSE-685834305BB1EE42FC59B743
ARTISTRYLEATHER	ARTISTRYLEATHER	poshmark.com	HTTPS://POSHMARK.COM/LISTING/GENUINE-LEATHER-BOMBER-JACKET-ARTISTRY-LEATHER-63D0367C58083D23F1F2A934
ARTISTRYLEATHER	ARTISTRYLEATHER	poshmark.com	HTTPS://POSHMARK.COM/LISTING/ARTISTRY-LEATHER-MENS-LEATHER-BIKER-JACKET-6670BC56B9BD746F7E5A6F77
ARTISTSLOFTNECESSITIES	ARTISTSLOFTNECESSITIES	poshmark.com	HTTPS://POSHMARK.COM/LISTING/ARTISTS-LOFT-NECESSITIES-GIFT-ART-SET-126-PC-666D9FEDF33F712B9298E110
ARTISTSLOFTNECESSITIES	ARTISTSLOFTNECESSITIES	poshmark.com	HTTPS://POSHMARK.COM/LISTING/ARTISTS-LOFT-PAINT-BY-NUMBERS-KIT-SET-613FDB60AC9702429D8F9598
ARTIZWARE	ARTIZWARE	poshmark.com	HTTPS://POSHMARK.COM/LISTING/ACRYLIC-COFFEE-POD-STORAGE-DRAWER-643B5CB09464F3D1B369E971
ARTLSTE	ARTLSTE	poshmark.com	HTTPS://POSHMARK.COM/LISTING/WIRELESS-HEADPHONES-FOR-TV-WATCHING-OVEREAR-HEADSET-FOR-TELEVISION-LISTENING-6570ED138BB2E25EC29D7C65
ARTOLF	ARTOLF	poshmark.com	HTTPS://POSHMARK.COM/LISTING/ARTOLF-HAIR-REMOVAL-62196DEB074D2473CA1F77A0
ARTOLO	ARTOLO	poshmark.com	HTTPS://POSHMARK.COM/LISTING/HANDBLOWN-GLASS-CARAFE-WITH-LID-BOROSILICATE-50OZ-WATER-PITCHER-FRUIT-INFUSER-685178644FAB7BBCE8B2BC3A
ARTOWNLAR	ARTOWNLAR	poshmark.com	HTTPS://POSHMARK.COM/LISTING/ARTOWNLAR-SKETCHING-SET-666A78636DA06EC69A68A565
ARTRIPS	ARTRIPS	poshmark.com	HTTPS://POSHMARK.COM/LISTING/ARTRIPS-2022-INCH-LUGGAGE-65A2BF194BD760332109DDA1
ARTSOCKET	ARTSOCKET	poshmark.com	HTTPS://POSHMARK.COM/LISTING/ARTSOCKET-4-PCS-SHOWER-CURTAIN-SET-MARBLE-BLACK-GOLD-OMBRE-LUXURY-6760AC789CEAF7155A7C5F6D
ARVOK	ARVOK	poshmark.com	HTTPS://POSHMARK.COM/LISTING/ARVOK-LAPTOP-SLEEVE-5B1193D51B3294E2613C51D0
ARZEL	ARZEL	poshmark.com	HTTPS://POSHMARK.COM/LISTING/GREEN-SUIT-ARZEL-644322EEFFB5D0D5BE04E746
ASAMOOM	ASAMOOM	poshmark.com	HTTPS://POSHMARK.COM/LISTING/25FT-SURGE-PROTECTOR-POWER-STRIP-EXTENSION-CORD-WITH-USB-C-ASAMOOM-FLAT-PLUG-645913F6FE25046242C3D375
ASAVEA	ASAVEA	poshmark.com	HTTPS://POSHMARK.COM/LISTING/ASAVEA-ELECTRIC-SHAVER-GROOMING-KIT-6283B08BAE766FD9DA9522DC
ASAWESLING	ASAWESLING	poshmark.com	HTTPS://POSHMARK.COM/LISTING/PILLOW-PREGNANCY-65B0469FFEDC5C2E40C42DF5
ASCLE	ASCLE	poshmark.com	HTTPS://POSHMARK.COM/LISTING/ASCLE-ASCLE-CUPPING-SET-WITH-EXTRA-THICK-SUPER-CUP-12-CUPS-650B6CAADFF94DCA77422CB3
ASEBBO	ASEBBO	poshmark.com	HTTPS://POSHMARK.COM/LISTING/NEW-ASEBBO-INSULATED-WAXED-CANVAS-INSULATED-LUNCH-BAG-10L-ELEGANT-GRAY-6753AE4E8FA207FCC4F53F5B
ASERLIN	ASERLIN	poshmark.com	HTTPS://POSHMARK.COM/LISTING/NIP-MENS-ASERLIN-BOXER-BRIEFS-BLACK-SIZE-XXL-PACK-OF-5-666DD3295AF6E61649C88CE5
ASETY	ASETY	poshmark.com	HTTPS://POSHMARK.COM/LISTING/3-PC-PRO-KITCHEN-KNIFE-SET-W-FINGER-GUARD-BLACK-6380B3E7712EAECF8940DDE4
ASFANES	ASFANES	poshmark.com	HTTPS://POSHMARK.COM/LISTING/ASFANES-OUTDOOR-WATERPROOF-PET-AUTOMATIC-CAMPING-CAVE-BED-TENT-DOG-CAT-68F85331FC6D1E8649D4E114
ASGYISA	ASGYISA	poshmark.com	HTTPS://POSHMARK.COM/LISTING/ASGYISA-6LIGHT-CANDLE-CHANDELIERS-MODERN-BLACK-FARMHOUSE-CEILING-LIGHT-FIXTURE-67B7741B1B40A7D9B7249C7B
ASHINER	ASHINER	poshmark.com	HTTPS://POSHMARK.COM/LISTING/GIRLS-ASHINER-DRESS-662D948C963C42BC3BAD05BC
ASHLEYBELLE	ASHLEYBELLE	poshmark.com	HTTPS://POSHMARK.COM/LISTING/ASHLEY-BELLE-PORCELAIN-DOLL-SAYS-I-LOVE-YOU-6233A6C8E97E4823075C9DB1
ASHOREFIT	ASHOREFIT	poshmark.com	HTTPS://POSHMARK.COM/LISTING/ASHORE-FIT-24-W-TOP-6489DEFCAF7F47C0E919B4C3
ASHTONWILLOW	ASHTONWILLOW	poshmark.com	HTTPS://POSHMARK.COM/LISTING/ASHTON-WILLOW-QUEEN-QUILT-AND-2-SHAMS-6793A913775CAFCDFAC13CA2
ASITVO	ASITVO	poshmark.com	HTTPS://POSHMARK.COM/LISTING/ASITVO-CASUAL-LOAFERS-66C3EA88147B988CDE46A097
ASIYUN	ASIYUN	poshmark.com	HTTPS://POSHMARK.COM/LISTING/ASIYUN-SOUNDBAR-SOUND-BAR-OUTPUT-5WX2-62DF27BF17E49C91786EA416
ASNISH	ASNISH	poshmark.com	HTTPS://POSHMARK.COM/LISTING/ASNISH-VIDEO-PROJECTOR-64F9D8746C05046AEC821D41
ASOONYUM	ASOONYUM	poshmark.com	HTTPS://POSHMARK.COM/LISTING/COMPRESSION-FIT-SUPPORT-KNEE-SLEEVE-66E303E015AD548DBF875F53
ASOONYUM	ASOONYUM	poshmark.com	HTTPS://POSHMARK.COM/LISTING/ASOONYUM-55INCH-35INCH-VAMPIRE-CLOAK-HALLOWEEN-COSTUMES-FOR-WOMEN-MEN-BOYS-GIRLS-64CFBC815D686BC4712651FC
ASOPAL	ASOPAL	poshmark.com	HTTPS://POSHMARK.COM/LISTING/ASOPALAV-LEHENGA-CHOLI-62BA9F7921F2E15B7B06EEB5
ASSARK	ASSARK	poshmark.com	HTTPS://POSHMARK.COM/LISTING/ASSARK-SOLAR-POWER-TRAIL-CAMERA-NEW-665A5E6E2D829A4C8669FC1D
ASSORTEDBRANDS	ASSORTEDBRANDS	poshmark.com	HTTPS://POSHMARK.COM/LISTING/ASSORTED-BRANDS-67B7FC6C896C38B837BA54DF
ASSORTEDDVDS	ASSORTEDDVDS	poshmark.com	HTTPS://POSHMARK.COM/LISTING/ASSORTED-DVDS-63C34D8E17FB4B98B1DA2C71
ASTOUNDBEAUTY	ASTOUNDBEAUTY	poshmark.com	HTTPS://POSHMARK.COM/LISTING/ASTOUND-BEAUTY-POLY-NAIL-GEL-ENTIRE-KIT-634015F1308F07F7223EC31E
ASTRAET	ASTRAET	poshmark.com	HTTPS://POSHMARK.COM/LISTING/ASTRAET-DRESS-656CEF44DBB0E72325D1755E
ATAHANA	ATAHANA	poshmark.com	HTTPS://POSHMARK.COM/LISTING/ATAHANA-JADE-ROLLER-5FF0A30B81A36C70DEA052BD
ATAHANA	ATAHANA	poshmark.com	HTTPS://POSHMARK.COM/LISTING/BRAND-NEW-IN-BOX-ATAHANA-JADE-ROLLER-AND-GUA-SHA-FACIAL-TOOL-FACIAL-TREATMENT-65170C8058083DA70A287751
ATHLERIA	ATHLERIA	poshmark.com	HTTPS://POSHMARK.COM/LISTING/ATHLERIA-KIDS-BEACH-CASTLE-TOY-3TWO-FOR-25-621FD3FC81A36C8652B11ADC
ATHLETASALUTATION	ATHLETASALUTATION	poshmark.com	HTTPS://POSHMARK.COM/LISTING/ATHLETA-SALUTATION-JOGGERS-6639737D2068474A17A0D2A9
ATIDIE	ATIDIE	poshmark.com	HTTPS://POSHMARK.COM/LISTING/DERMA-ROLLER-65DEC1D817E49C28C08203C4
ATIFBOP	ATIFBOP	poshmark.com	HTTPS://POSHMARK.COM/LISTING/ATIFBOP-BIODEGRADABLE-PET-POOP-BAGS-24-ROLLS-COUNT-66D2CABAE47C6C3F16C644B5
ATIVIA	ATIVIA	poshmark.com	HTTPS://POSHMARK.COM/LISTING/DIGITAL-PICTURE-FRAME-ATIVIA-641E5A47C1C346BDBF81A568
ATLECKO	ATLECKO	poshmark.com	HTTPS://POSHMARK.COM/LISTING/5FOR10-ATLECKO-PERSONAL-ALARM-RUNNERS-SAFETY-PANIC-ALARM-SIREN-300M-EMERGENCY-66D741DE198524B68E250AB9
ATMOKO	ATMOKO	poshmark.com	HTTPS://POSHMARK.COM/LISTING/ATMOKO-SONIC-3-ELECTRIC-TOOTHBRUSH-RECHARGEABLE-BRAND-NEW-6656767BC479B891442ECE24
ATOKISS	ATOKISS	poshmark.com	HTTPS://POSHMARK.COM/LISTING/BUSTIER-CROP-TOP-WITH-PEARLS-BEADED-AND-RHINESTONES-CORSET-TOP-BRA-6687396CB2780CEC72D5054F
ATRIABOOKSBEYONDWORDS	ATRIABOOKSBEYONDWORDS	poshmark.com	HTTPS://POSHMARK.COM/LISTING/THE-SECRET-LIBRARY-SECRET-SERIES-1-HARDCOVER-BOOK-LIFE-ADVICE-LAW-OF-ATTRACTION-66BFD167AC1B0428B4D70AFA
ATTEGA	ATTEGA	poshmark.com	HTTPS://POSHMARK.COM/LISTING/SILVER-AND-BLUE-WOMENS-TOP-685066749936D693DCE200F1
ATTOP	ATTOP	poshmark.com	HTTPS://POSHMARK.COM/LISTING/NIB-ATTOP-XPACK-18-FOLDABLE-DRONE-WITH-CAMERA-FHD-1080P-NIGHT-BLACK-660E4316842DD438A0AD1EE0
ATUNAS	ATUNAS	poshmark.com	HTTPS://POSHMARK.COM/LISTING/ATUNAS-GORETEX-WOMENS-BLACK-JACKET-5D965E8226219F1C77EB0BE9
AUAG	AUAG	poshmark.com	HTTPS://POSHMARK.COM/LISTING/DESK-SIZE-MOUSE-PAD-FOR-GAMING-64385E4F34E253668204DCAD
AUCARY	AUCARY	poshmark.com	HTTPS://POSHMARK.COM/LISTING/AUCARY-SATIN-GOLDEN-RETRIEVER-PAJAMAS-675F8630206847164AEF71A9
AUCIP	AUCIP	poshmark.com	HTTPS://POSHMARK.COM/LISTING/AUCIP-WOODEN-PICKLEBALL-SET-OF-4-PADDELS-3-BALLS-AND-2-BALL-HOLDERS-65768407382DB8A6D4EFC6B4
AUCIP	AUCIP	poshmark.com	HTTPS://POSHMARK.COM/LISTING/6-FOR-20-WHITE-AND-BROWN-AUCIP-PICKLEBALL-PADDLE-COVER-68EE749621BD42C378D0D5CE
AUDALA	AUDALA	poshmark.com	HTTPS://POSHMARK.COM/LISTING/AUDALA-NEVER-USED-WIRELESS-BLUETOOTH-OVER-EAR-HEADPHONES-67810A46580123507971FA66
AUDIOVOXSIRIUS	AUDIOVOXSIRIUS	poshmark.com	HTTPS://POSHMARK.COM/LISTING/AUDIOVOX-SIRIUS-SATELLITE-RADIO-WITH-REMOTE-62E6D7DEFFB5D0008FE76C67
AUIIAH	AUIIAH	poshmark.com	HTTPS://POSHMARK.COM/LISTING/AUIIAH-2-PACK-RECHARGABLE-HAND-WARMERS-AND-POWER-BANK-63696B59678C3A753E1FE56F
AUIIKIY	AUIIKIY	poshmark.com	HTTPS://POSHMARK.COM/LISTING/AUIIKY-CHEF-KNIFE-603E7E56BCDB2F19355E7947
AULAR	AULAR	poshmark.com	HTTPS://POSHMARK.COM/LISTING/AULARALE-CHECK-COLOR-5E3AD6AA2E7C2F0070368B80
AULLSATY	AULLSATY	poshmark.com	HTTPS://POSHMARK.COM/LISTING/NWT-EDUCATIONAL-FLASH-CARD-TALKING-DEVICE-12M-67734B70693FF7303578ABCC
AULLYPARK	AULLYPARK	poshmark.com	HTTPS://POSHMARK.COM/LISTING/SNOWBOARDMOTORCYCLE-GOGGLES-5D8741EEAFADE8189526A0B0
AUMOTOP	AUMOTOP	poshmark.com	HTTPS://POSHMARK.COM/LISTING/AUMOTOP-ENDOSCOPE-8MM-CAMERA-683B96CE4A072B0290214F5E
AURADAYLIGHT	AURADAYLIGHT	poshmark.com	HTTPS://POSHMARK.COM/LISTING/AURA-DAYLIGHT-10000-LUX-6095F59B446E59A27F668596
AURIQUE	AURIQUE	poshmark.com	HTTPS://POSHMARK.COM/LISTING/AURIQUE-JACQUARDOMBR-YOGA-LEGGINGS-SIZE-SMALL-64628CECE48E863E0BCF5A0B
AURMOO	AURMOO	poshmark.com	HTTPS://POSHMARK.COM/LISTING/AROMATHERAPY-DIFFUSER-5FFA2D703CDA88E5CE9C7D39
AURORABTQ	AURORABTQ	poshmark.com	HTTPS://POSHMARK.COM/LISTING/NEW-SMILEY-FACE-SLIPPERS-SHERPA-COMFORTABLE-PINK-YELLOW-PURPLE-PREPPY-CUTE-SOFT-624D14AC3A0DB949D88CF3FD
AUTENPOO	AUTENPOO	poshmark.com	HTTPS://POSHMARK.COM/LISTING/AUTENPOO-PEDICUREMANICURE-25-PIECE-SET-61D3C4D709D760DC781207ED
AUTHENTICGALAXYSCHOOLUNIFORM	AUTHENTICGALAXYSCHOOLUNIFORM	poshmark.com	HTTPS://POSHMARK.COM/LISTING/AUTHENTIC-GALAXY-SCHOOL-UNIFORM-5EFF8109E1316415DAD8A8E0
AUTNTICO	AUTNTICO	poshmark.com	HTTPS://POSHMARK.COM/LISTING/43-N-PARALEL-COLOGNE-FOR-MEN-YANBAL-PERFUME-AUTNTICO-PARA-HOMBRE-6173228BA4DE41ACC66BB286
AUTSCA	AUTSCA	poshmark.com	HTTPS://POSHMARK.COM/LISTING/AUTSCA-KEY-LOCK-BOX-6771795AF9927C1F1F07DABE
AUTTGINN	AUTTGINN	poshmark.com	HTTPS://POSHMARK.COM/LISTING/AUTTGINN-6812141624V-BATTERY-CHARGER-010AMP-CAR-BATTERY-CHARGER-672FDAC813D68139649D1F04
AUVIO	AUVIO	poshmark.com	HTTPS://POSHMARK.COM/LISTING/AUVIO-BLUETOOTH-SPEAKER-59727C714127D057C70B9A40
AUXIWA	AUXIWA	poshmark.com	HTTPS://POSHMARK.COM/LISTING/NEWCLIP-ON-SELFIE-RING-LIGHT-FOR-SMARTPHONE-AUXIWA-36-LED-MULTI-USE-670668D7775CAF8981A012D4
AUYUKOI	AUYUKOI	poshmark.com	HTTPS://POSHMARK.COM/LISTING/AUYUKOI-LASER-HAIR-REMOVAL-66400C7EF884711672D79C74
AUZKIN	AUZKIN	poshmark.com	HTTPS://POSHMARK.COM/LISTING/SMALL-DEHUMIDIFIER-FOR-BEDROOM-653411BF92E49153F7069350
AVACOSTUME	AVACOSTUME	poshmark.com	HTTPS://POSHMARK.COM/LISTING/AVACOSTUME-WOMENSADJUSTABLE-DENIM-OVERALLS-648748108FA207FBA1DB36C2
AVAFORT	AVAFORT	poshmark.com	HTTPS://POSHMARK.COM/LISTING/AVAFORT-HONEY-JAR-GLASS-CONTAINER-HOLDER-WITH-WOODEN-ACACIA-LID-AND-DIPPER-8OZ-68405113A951056DA0F1A942
AVAII	AVAII	poshmark.com	HTTPS://POSHMARK.COM/LISTING/AVAII-WAX-WARMER-KIT-6539D461FB7304D9C8B8F3BC
AVANTMEN	AVANTMEN	poshmark.com	HTTPS://POSHMARK.COM/LISTING/AVANTMEN-BOW-TIE-NIB-5D922883B3E917CD85160CB6
AVAVIV	AVAVIV	poshmark.com	HTTPS://POSHMARK.COM/LISTING/AVAVIV-WASHED-OUT-BLACK-PLUS-SIZE-WOMANS-BLOUSE-TOP-NWT-65BEB81CC1C346BDBBC47764
AVAVIV	AVAVIV	poshmark.com	HTTPS://POSHMARK.COM/LISTING/WOMENS-AVAVIV-VNECK-TSHIRT-COLOR-BURNT-ORANGE-SIZE-2X-6636842F15AD5421F5F1370F
AVELORA	AVELORA	poshmark.com	HTTPS://POSHMARK.COM/LISTING/PORTABLE-PET-WATER-BOTTLE-W-FOOD-CONTAINER-68FAE2DEC4E7B4E19878A2BD
AVERLLY	AVERLLY	poshmark.com	HTTPS://POSHMARK.COM/LISTING/AVERLLY-CAP-SLEEVE-MIDI-62CB1D0C9B5A4DCBB564F631
AVIGO	AVIGO	poshmark.com	HTTPS://POSHMARK.COM/LISTING/AVIGO-SKATEBOARD-24-LONG-X-7-WIDE-PINK-WHEELS-RARE-66E5946AAC1B047FFBFCAC3A
AVINIA	AVINIA	poshmark.com	HTTPS://POSHMARK.COM/LISTING/FUNKO-POP-MONSTER-HUNTER-AVINIA-FIGURE-62734C01800F64881B12F91B
AVIU	AVIU	poshmark.com	HTTPS://POSHMARK.COM/LISTING/AVIU-WOMENS-CASHMERE-SILK-BLEND-TURTLENECK-BEIGE-40-6851F005943DDB89E86FE8D7
AVIVAYOGA	AVIVAYOGA	poshmark.com	HTTPS://POSHMARK.COM/LISTING/AVIVA-YOGA-MAT-BAG-60934CC13BAD6D67E21CC772
AVJONE	AVJONE	poshmark.com	HTTPS://POSHMARK.COM/LISTING/COLLAGEN-GOLD-EYE-MASK-67154A02B1EF58E84A7BD489
AVMTON	AVMTON	poshmark.com	HTTPS://POSHMARK.COM/LISTING/KVM-SWITCH-HDMI-2-PORTAVMTON-METAL-USB-KVM-SWITCHES-BOX-SHARE-ONE-KEYBOARD-MOUS-62D04E3692078677B69BA6B6
AVONSP	AVONSP	poshmark.com	HTTPS://POSHMARK.COM/LISTING/AVON-SP-651DBC3556B2F878D1E27B0B
AVORLA	AVORLA	poshmark.com	HTTPS://POSHMARK.COM/LISTING/AVORLA-BEAUTY-LED-MASK-INFRARED-LIGHT-THERAPY-67AA2A186AF57556C720CB91
AVWOO	AVWOO	poshmark.com	HTTPS://POSHMARK.COM/LISTING/AVWOO-ACORN-WIRELESS-BLUETOOTH-SPEAKER-UP-TO-8-HOURS200-SONGS-LONG-PLAYTIME-62BBBA0F83EA581D3BB49D87
AWATERWANG	AWATERWANG	poshmark.com	HTTPS://POSHMARK.COM/LISTING/A-WATERWANG-MENS-JOGGERS-ATHLETIC-PANTS-RUNNING-6025A39EAA5427E0A9FE4F7B
AWEEC	AWEEC	poshmark.com	HTTPS://POSHMARK.COM/LISTING/AWEEC-WIRELESS-DOG-FENCE-SYSTEM-2IN1-TRAINING-COLLAR-OPEN-BOX-678409F0D6C0DC6F48FF2CA8
AWEGIFT	AWEGIFT	poshmark.com	HTTPS://POSHMARK.COM/LISTING/AWEGIFT-PERSONALIZED-NAME-NECKLACE-18K-GOLD-PLATED-NEW-MOM-BRIDESMAID-GIFT-63C6769A20C89E7391F668A5
AWJ	AWJ	poshmark.com	HTTPS://POSHMARK.COM/LISTING/10-AWJ-DISTRESSED-STRETCH-JEANS-6310BDC6B635F8552C019F25
AWKWARDHUGSGAME	AWKWARDHUGSGAME	poshmark.com	HTTPS://POSHMARK.COM/LISTING/AWKWARD-HUGS-GAME-611468A5576006BBBFCF8654
AXCESS	AXCESS	poshmark.com	HTTPS://POSHMARK.COM/LISTING/NEW-WITH-TAGS-MENS-DRESS-SHIRT-BY-AXCESS-A-LIZ-CLAIBORNE-CO-64CEDF5658083D2E121B6532
AXHKIO	AXHKIO	poshmark.com	HTTPS://POSHMARK.COM/LISTING/INFRARED-THERMOMETER-BY-AXHKIO-NWT-60F091F8C693BD8B45FDE506
AXLIO	AXLIO	poshmark.com	HTTPS://POSHMARK.COM/LISTING/AXLIO-TUMBLER-HEAT-PRESS-678D2B7F0A60D512D697A877
AXTEE	AXTEE	poshmark.com	HTTPS://POSHMARK.COM/LISTING/AXTEE-LED-LAMP-5D804C9BB3E9170460C5B92B
AXVUE	AXVUE	poshmark.com	HTTPS://POSHMARK.COM/LISTING/AXVUE-VIDEO-BABY-MONITOR-MODEL-A242-6480FC5D83CBEC1108DDF0FA
AYFEE	AYFEE	poshmark.com	HTTPS://POSHMARK.COM/LISTING/AYFEE-HOT-PINK-AND-TURQUOISE-BEAUTIFUL-DRESS-FROM-ITALY-661A7F13896C38F9D9F578C6
AYKASA	AYKASA	poshmark.com	HTTPS://POSHMARK.COM/LISTING/AYKASA-FOLDING-CRATES-LARGE-BOX-LARGE-63E42C69DDAB40AFE7169A7E
AYRAVIIO	AYRAVIIO	poshmark.com	HTTPS://POSHMARK.COM/LISTING/AYRAVIIO-HD-MONOCULAR-TELESCOPE-65A574ACDBB0E7B016B15026
AYSESA	AYSESA	poshmark.com	HTTPS://POSHMARK.COM/LISTING/TURKISH-COTTON-BEACH-TOWEL-XL-W-POCKET-QUICK-DRY-5B3F147EAAA5B81BD13BCF58
AYSESA	AYSESA	poshmark.com	HTTPS://POSHMARK.COM/LISTING/OWB-GUN-HOLSTER-GLOCK-19-23-SPRINGFIELD-HK-VP40-5C4E495412CD4ABA760BD1B2
AYSESA	AYSESA	poshmark.com	HTTPS://POSHMARK.COM/LISTING/LEATHER-SHOULDER-HOLSTER-FIT-GLOCK-19-23-26-27-32-5CCE0335B146CCF3B73EF312
AYTRAHOME	AYTRAHOME	poshmark.com	HTTPS://POSHMARK.COM/LISTING/AYTRAHOME-INDULGENCE-BY-ISOTONIC-SIDE-SLEEPER-PILLOW-1-STANDARDQUEEN-6277E0A6D6BAAB5A54192482
AZMOGDT	AZMOGDT	poshmark.com	HTTPS://POSHMARK.COM/LISTING/NWT-BRAND-AZMOGDT-CHARGER-67789ED187AEB69AFC9BCE57
AZOKOE	AZOKOE	poshmark.com	HTTPS://POSHMARK.COM/LISTING/NWOTAZOKOE-WOMENS-FLORAL-ZIP-FRONT-ONE-PIECE-RASHGUARD-6314FE0D91E053127B594E48
AZSPORT	AZSPORT	poshmark.com	HTTPS://POSHMARK.COM/LISTING/VINTAGE-AZSPORT-SWEATER-5F56A7C3EFD0E4AA47C87CF3
AZSSMUK	AZSSMUK	poshmark.com	HTTPS://POSHMARK.COM/LISTING/AZSSMUK-CHILDRENS-FOUNTAIN-MATANIMAL-SPRINKLER-60120DBE67BD9151CE93CA69
AZTECASDESIGN	AZTECASDESIGN	poshmark.com	HTTPS://POSHMARK.COM/LISTING/HAND-BLOWN-RUBY-RED-COUPE-GLASS-MEXICO-AZTECAS-DESIGN-6598C940FEDC5C7A650E0924
AZTECASDESIGN	AZTECASDESIGN	poshmark.com	HTTPS://POSHMARK.COM/LISTING/AZTECAS-DESIGN-MEXICAN-HAND-BLOWN-BLUE-RIM-MARTINI-MARGARITA-COCKTAIL-GLASS-75-67A58D5FD399FFB0C0FCA03E
AZURIERA	AZURIERA	poshmark.com	HTTPS://POSHMARK.COM/LISTING/AZURIERA-100-SILK-DRESS-6520902FFB73044155ACA589
AZURIERA	AZURIERA	poshmark.com	HTTPS://POSHMARK.COM/LISTING/AZURIERA-ESTELLE-DRESS-64125DF2DBB0E7C1BD22D227
BAABUSHKA	BAABUSHKA	poshmark.com	HTTPS://POSHMARK.COM/LISTING/BAABUSHKA-FELTED-WOOL-BOOTIE-SLIPPERS-INDOOR-OUTDOOR-SIZE-105-WOMEN-NEAR-NEW-6825314324D2E72864B52D44
BAAPET	BAAPET	poshmark.com	HTTPS://POSHMARK.COM/LISTING/BAAPET-2-PACKS-56-FT-STRONG-DOG-LEASH-60E7C73967BD91B870237D90
BABIATORS	BABIATORS	poshmark.com	HTTPS://POSHMARK.COM/LISTING/BABIATORS-SUNGLASSES-AGES-03-656941DF87A2F5F327EBE473
BABOLAR	BABOLAR	poshmark.com	HTTPS://POSHMARK.COM/LISTING/BABOLAR-BLACK-PINK-WOMENS-TENNIS-RACKET-BAG-677AE908E948983B9593DB30
BABUTENLO	BABUTENLO	poshmark.com	HTTPS://POSHMARK.COM/LISTING/MENS-BABUTENLO-HEATED-VEST-SIZE-XL-BLACK-WITH-BLUE-STITCHING-Q7-64F8B777F3D6243B0DEDC9FF
BABYANDBROOKE	BABYANDBROOKE	poshmark.com	HTTPS://POSHMARK.COM/LISTING/BABY-AND-BROOKE-CRIB-MATTRESS-PROTECTOR-PAD-5FB068CFC936AFBC9A54DF31
BABYBRAZZAVILLE	BABYBRAZZAVILLE	poshmark.com	HTTPS://POSHMARK.COM/LISTING/BABY-BRAZZAVILLE-BABY-FOOD-MAKER-WITH-GLASS-JAR-5E52CD5EE974FB14B1CF962C
BABYBRIEFCASE	BABYBRIEFCASE	poshmark.com	HTTPS://POSHMARK.COM/LISTING/BABY-BRIEFCASE-6456D67A046D74803EE5EC24
BABYBRIELLE	BABYBRIELLE	poshmark.com	HTTPS://POSHMARK.COM/LISTING/FOLDING-BATHTUBE-3-IN-1-608A44FDAC97021C0948BEB3
BABYLAB	BABYLAB	poshmark.com	HTTPS://POSHMARK.COM/LISTING/BABYLAB-BUCKET-HAT-63CB916020C89E3C5450FE7D
BABYLAB	BABYLAB	poshmark.com	HTTPS://POSHMARK.COM/LISTING/INFANT-SUMMER-HAT-60B7C862AE766FC291CB9C1A
BABYLAND	BABYLAND	poshmark.com	HTTPS://POSHMARK.COM/LISTING/CLOTH-DIAPERS-5B76C9E50CB5AAB50D828D05
BABYLICIOUS	BABYLICIOUS	poshmark.com	HTTPS://POSHMARK.COM/LISTING/BABY-SLEEP-SACK-5C77F9BF9FE486D4FC1A5C52
BABYLTRL	BABYLTRL	poshmark.com	HTTPS://POSHMARK.COM/LISTING/BABYLTRL-NEW-NO-PULL-DOG-HARNESS-LEASH-AND-COLLAR-XL-664912596AF5759B6667B27B
BACGNYER	BACGNYER	poshmark.com	HTTPS://POSHMARK.COM/LISTING/BACGNYER-SMART-WATCH-NEW-61FB5AF9BB59375B621168BE
BACGNYER	BACGNYER	poshmark.com	HTTPS://POSHMARK.COM/LISTING/BLACK-BACGNYER-UNISEX-SMART-WATCH-639E72589464F36CB03F5B67
BACKBAYAUDIO	BACKBAYAUDIO	poshmark.com	HTTPS://POSHMARK.COM/LISTING/BACK-BAY-TEMPO-30-WIRELESS-EARBUDS-IN-CHAMPAGNE-66AFE14A896C3852C1FC7F82
BACKBUBBLE	BACKBUBBLE	poshmark.com	HTTPS://POSHMARK.COM/LISTING/BACK-BUBBLE-62E60B0B5D7F87BAF244C36C
BACKCUT	BACKCUT	poshmark.com	HTTPS://POSHMARK.COM/LISTING/AND1-MENS-BACKCUT-BASKETBALL-HIGHTOP-SHOES-SZ-7-NWOB-LACE-UP-BLACK-ATHLETIC-689C4A129F19E26482212C64
BACKCUT	BACKCUT	poshmark.com	HTTPS://POSHMARK.COM/LISTING/NWT-AND1-MENS-BACKCUT-BLACK-BASKETBALL-HIGHTOP-SHOES-SIZE-11-SIZE-13-NO-BOX-67A2676C9D05C4633BE71D50
BACLIFE	BACLIFE	poshmark.com	HTTPS://POSHMARK.COM/LISTING/BACLIFE-HAND-BLOWN-RED-WINE-GLASSES-SET-OF-4-23-OZ-67290DCD74CB472FFB2B6500
BAFASO	BAFASO	poshmark.com	HTTPS://POSHMARK.COM/LISTING/BAFASO-TRAVEL-MAKEUP-BAG-WITH-4-INNER-REMOVABLE-POUCHES-GRAY-673A6B330430DF4F5B8ADEED
BAFASO	BAFASO	poshmark.com	HTTPS://POSHMARK.COM/LISTING/BAFASO-2-LAYERS-LARGE-COSMETIC-BAG-WITH-3-INNER-REMOVABLE-POUCHES-GRAY-673A6B87A56F008886401694
BAGCU	BAGCU	poshmark.com	HTTPS://POSHMARK.COM/LISTING/BAGCU-REUSABLE-SHOPPING-BAG-5C0F32782E14780231E809EB
BAGCU	BAGCU	poshmark.com	HTTPS://POSHMARK.COM/LISTING/CLOTH-GROCERYTOTE-BAGS-REUSABLE-FOLDABLE-RECYCLE-FOR-SHOPPINGFITS-IN-POCKET-65DD3D7FA0E6C653570C5426
BAGOLITAS	BAGOLITAS	poshmark.com	HTTPS://POSHMARK.COM/LISTING/BAGOLITAS-BY-JANICE-FABRIC-HANDBAGS-65F7633E5D686BAE2B40BFA5
BAGOTTE	BAGOTTE	poshmark.com	HTTPS://POSHMARK.COM/LISTING/JUICER-MACHINE-BAGOTTE-400W-CENTRIFUGAL-JUICER-PREOWNED-65DBD8E18D7A3C387D4DBC6E
BAGTOPIA	BAGTOPIA	poshmark.com	HTTPS://POSHMARK.COM/LISTING/BAGTOPIA-PUFFER-TOTE-BAG-WOMEN-BLACK-LARGE-SOFT-PADDED-WINTER-SHOULDER-BAG-677445E734E253D3E1D8649D
BAIBU	BAIBU	poshmark.com	HTTPS://POSHMARK.COM/LISTING/BAIBU-ANTITHEFT-BACKPACK-156USB-PORT-COMPUTER-BAG-6574FD885C465E18E34C7772
BAIDI	BAIDI	poshmark.com	HTTPS://POSHMARK.COM/LISTING/BAIDI-MENS-WATCH-602751CA074D2421C291A85F
BAIFROS	BAIFROS	poshmark.com	HTTPS://POSHMARK.COM/LISTING/BAIFROS-SMART-SCALE-FOR-BODY-FAT-BLUETOOTH-DIGITAL-PERSONENWAAGEN-NEW-MODEL-FI-63F811F26665F3250ECAB5B9
BAIFROS	BAIFROS	poshmark.com	HTTPS://POSHMARK.COM/LISTING/BAIFROS-IPL-HAIR-REMOVAL-DEVICE-5FE7D82F633CFC98D2D781D1
BAILOCH	BAILOCH	poshmark.com	HTTPS://POSHMARK.COM/LISTING/BLACK-VINTAGE-WIRELESS-BATTERY-OPERATED-WALL-SCONCES-INDUSTRIAL-CORDLESS-BATTER-6797309AFE7E2C481ABE4677
BAISHIQI	BAISHIQI	poshmark.com	HTTPS://POSHMARK.COM/LISTING/BIG-KIDS-BACKPACK-664DDC33DC8A4E19FE2A2A48
BAISTOM	BAISTOM	poshmark.com	HTTPS://POSHMARK.COM/LISTING/BAISTOM-BABY-HAIR-CLIPPERS-QUIET-HAIR-TRIMMER-FOR-KIDS-WATERPROOF-RECHARGEABLE-66A3F615A6BB76B5ABC0B1DE
BAKERSADVANTAGE	BAKERSADVANTAGE	poshmark.com	HTTPS://POSHMARK.COM/LISTING/NIB-BAKERS-ADVANTAGE-FILLABLES-2-PIECE-CAKE-PAN-61156DBEA4DE41B1CA6A5C6E
BAKYA	BAKYA	poshmark.com	HTTPS://POSHMARK.COM/LISTING/FILIPINO-BAKYA-645E79632FBF1ABE101AD0BF
BALASAMI	BALASAMI	poshmark.com	HTTPS://POSHMARK.COM/LISTING/BALASAMI-BLACK-HALTER-BIKINI-TOP-5F124900633CFC767479D207
BALCONYFALCON	BALCONYFALCON	poshmark.com	HTTPS://POSHMARK.COM/LISTING/BALCONY-FALCON-BOARD-SHORTS-60A5E55A8DA5C9BCB4AF4C35
BALDAUFCLOCKCO	BALDAUFCLOCKCO	poshmark.com	HTTPS://POSHMARK.COM/LISTING/WALL-CLOCK-679D622AC9AF8C47E3D719AC
BALEID	BALEID	poshmark.com	HTTPS://POSHMARK.COM/LISTING/OIL-ORANGE-BALEID-SMALL-CANDLE-65B6CA3EEB7E7ABA48424B9A
BALLBRITE	BALLBRITE	poshmark.com	HTTPS://POSHMARK.COM/LISTING/BALLBRITE-THE-ULTIMATE-PORTABLE-GOLF-BALL-CLEANER-BEST-GOLF-ACCESSORIES-GIFTS-677408C2FBAE95B1B9027FA9
BALLSBALM	BALLSBALM	poshmark.com	HTTPS://POSHMARK.COM/LISTING/BALLS-BALM-X-BARE-YOUR-PAIR-62B1256ECF7B27CB2DB8DA33
BALOBOO	BALOBOO	poshmark.com	HTTPS://POSHMARK.COM/LISTING/LORIGINALE-BALOBOO-ANKLE-BOOTS-66B4DF1EDC8A4E29387E7F86
BALTICWONDER	BALTICWONDER	poshmark.com	HTTPS://POSHMARK.COM/LISTING/BALTIC-WONDER-AMBER-UNISEX-NECKLACE-640EFD3B4BF9FFE4800FB7E8
BALYWOOD	BALYWOOD	poshmark.com	HTTPS://POSHMARK.COM/LISTING/BALYWOOD-GLASS-COLOR-MULTICOLOR-DESTINY-THE-GAME-OFFICIAL-CUP-16-OZ-672166263B762092FCED9521
BAMBEEGO	BAMBEEGO	poshmark.com	HTTPS://POSHMARK.COM/LISTING/BAMBEEGO-WOMB-BABYBLIP-SOUND-AMPLIFIER-65BACC7717FB4B689CDF4E4E
BAMFAN	BAMFAN	poshmark.com	HTTPS://POSHMARK.COM/LISTING/BATH-TUB-TRAY-66A8E6E1C3837213FAABEF56
BAMIBI	BAMIBI	poshmark.com	HTTPS://POSHMARK.COM/LISTING/BAMIBI-BABY-NURSING-PILLOW-61DE3920800F6427228627C4
BAMMAX	BAMMAX	poshmark.com	HTTPS://POSHMARK.COM/LISTING/BAM-MAX-BIKE-655A0E9F24237A34B039A741
BAMOMBY	BAMOMBY	poshmark.com	HTTPS://POSHMARK.COM/LISTING/BAMOMBY-DIAPER-BAG-669854D09CEAF70AC79B0C26
BANDKOS	BANDKOS	poshmark.com	HTTPS://POSHMARK.COM/LISTING/BANDKOS-WOMENS-PENNY-LOAFERSCOMFORT-SUEDE-PLATFORM-67362A381DF636F276687D43
BANFEI	BANFEI	poshmark.com	HTTPS://POSHMARK.COM/LISTING/BANFEI-SWIM-PANTS-SIZE-LARGE-66C89DFAA5BB34E477FB12C4
BANGLIJIAN	BANGLIJIAN	poshmark.com	HTTPS://POSHMARK.COM/LISTING/BANGLIJIAN-HEARING-AID-ZIV-201P-646C493E4BF9FFC1F065AAB9
BANGLONG	BANGLONG	poshmark.com	HTTPS://POSHMARK.COM/LISTING/BANGLONG-CYCLING-SUNGLASSES-POLARIZED-SPORTS-GLASSES-FOR-MEN-WOMEN-WITH-3-LENSES-6646F432948FFE545B6942C3
BANGOULUO	BANGOULUO	poshmark.com	HTTPS://POSHMARK.COM/LISTING/BANGOULUO-SWEATER-674E018E580123848A3D2D4D
BANGOULUO	BANGOULUO	poshmark.com	HTTPS://POSHMARK.COM/LISTING/BANGOULUO-IS-THE-BRAND-ITS-A-THICK-HEAVY-BLACK-SWEATER-SIZE-XL-64EA782C04166DB71B04FE5C
BANSUSU	BANSUSU	poshmark.com	HTTPS://POSHMARK.COM/LISTING/BANSUSU-GEOMETRIC-PRINT-BACKPACKS-64E89CF17DFCC28F2773C42D
BAOBEI	BAOBEI	poshmark.com	HTTPS://POSHMARK.COM/LISTING/NEW-LIGHTLYUSED-BAOBEI-LOVESTEADY-PREGNANCY-SUPPORT-BAND-6727A073775CAF4B5060A082
BAOERHUI	BAOERHUI	poshmark.com	HTTPS://POSHMARK.COM/LISTING/BAOERHUI-HIP-SEAT-VERSATILE-AND-ERGONOMIC-WITH-PADDING-AND-ADJUSTABLE-WAIST-672AAC409CEAF7E337021843
BAOMOSI	BAOMOSI	poshmark.com	HTTPS://POSHMARK.COM/LISTING/BAOMOSI-RACERBACK-SEAMLESS-HIGH-IMPACT-SPORTS-BRA-WOMENS-LARGE-BLACK-62A553498E9F0407E828AE2A
BAOSHIDI	BAOSHIDI	poshmark.com	HTTPS://POSHMARK.COM/LISTING/100-MULBERRY-SILK-SCARF-WRAP-16MM-BAOSHIDI-5C7254C2F4145277DBDB9796
BARBADOSLEATHER	BARBADOSLEATHER	poshmark.com	HTTPS://POSHMARK.COM/LISTING/NEW-GENUINE-LEATHER-HANDBAG-60BA598E1801363A38CB1532
BAREFOOTCARIBOU	BAREFOOTCARIBOU	poshmark.com	HTTPS://POSHMARK.COM/LISTING/BAREFOOT-CARIBOU-HAIR-TOOLS-TRAVEL-BAG-AND-HEAT-RESISTANT-666499F90E517244E471A838
BARIHO	BARIHO	poshmark.com	HTTPS://POSHMARK.COM/LISTING/BARIHO-WATCH-634AC7C91645F74E80B8A001
BARIHO	BARIHO	poshmark.com	HTTPS://POSHMARK.COM/LISTING/BARIHO-A11-MENS-WATCH-5FF0B94EC693BD55C2E5DAE7
BARIHO	BARIHO	poshmark.com	HTTPS://POSHMARK.COM/LISTING/THIS-ITEM-IS-A-BARIHO-MENS-WATERPROOF-GLASS-WATCH-5CDE3E9A29F030E168F892EC
BARIHO	BARIHO	poshmark.com	HTTPS://POSHMARK.COM/LISTING/BARIHO-A112-WATCH-62A67A0A21F2E10EFC251B9F
BARINI	BARINI	poshmark.com	HTTPS://POSHMARK.COM/LISTING/LEATHER-SATCHEL-BARINI-LEATHER-SHOP-CUSTOM-MADE-60A1468D074D24398897BA0F
BARKERSOFKENSINGTON	BARKERSOFKENSINGTON	poshmark.com	HTTPS://POSHMARK.COM/LISTING/BARKERS-KENSINGTON-MEGA-SPORT-WATCH-5F07598D163DF4CFAF521ED1
BARKERSOFKENSINGTON	BARKERSOFKENSINGTON	poshmark.com	HTTPS://POSHMARK.COM/LISTING/BARKERS-OF-KENSINGTON-GOLD-REGATTA-WHITE-WATCH-5E3F06D195676BDF46FB3BF1
BARKOUTFITTERS	BARKOUTFITTERS	poshmark.com	HTTPS://POSHMARK.COM/LISTING/BARK-OUTFITTERS-SOFT-VEST-DOG-HARNESS-LARGE-RED-BLACK-TRIM-REFLECTIVE-TRIM-DOG-66E1A7950B8FADF9D3713465
BARNUMS	BARNUMS	poshmark.com	HTTPS://POSHMARK.COM/LISTING/VINTAGE-BARNUMS-ANIMAL-CRACKERS-TIN-636C6B2C046D743FA850C51E
BARPHIL	BARPHIL	poshmark.com	HTTPS://POSHMARK.COM/LISTING/BARPHIL-ALPARGATA-WEDGE-61F1F643E107BBB52E39C776
BARSDAR	BARSDAR	poshmark.com	HTTPS://POSHMARK.COM/LISTING/PONYTAIL-HAIR-EXTENSION-64827C01FFB5D0D51C00E35E
BARSINE	BARSINE	poshmark.com	HTTPS://POSHMARK.COM/LISTING/GIRLS-FASHION-MINI-BACKPACK-PURSE-SMALL-CUTE-PLAID-LEATHER-WOMEN-BACKPACKS-683A60704B2FCD338F969249
BASDHE	BASDHE	poshmark.com	HTTPS://POSHMARK.COM/LISTING/BASDHE-ELEGANT-GOLD-LUXURY-BATH-ACCESSORY-SET-67CCE58DC383721E3CC42C7B
BASDHE	BASDHE	poshmark.com	HTTPS://POSHMARK.COM/LISTING/MODERN-TRIO-OF-BASDHE-BRIGHT-BRASS-GLASS-VASES-652B010E948FFEE694521B4B
BASONLIGHTING	BASONLIGHTING	poshmark.com	HTTPS://POSHMARK.COM/LISTING/DIGITAL-LED-LIGHT-STRIP-5F0B4D342F3D1929FC5FFE6C
BASQUETTES	BASQUETTES	poshmark.com	HTTPS://POSHMARK.COM/LISTING/BASQUETTES-AIRFRY-CRISP-ROAST-ROTISSERIE-DEHYDRATE-GRILL-SMOKE-1089-667BD1EE32B7863783FCA577
BASSCO	BASSCO	poshmark.com	HTTPS://POSHMARK.COM/LISTING/GH-BASSCO-WEEJUNS-LOAFERS-BFPM04242-6266D7BE8DA5C9C89AF3D8D2
BASSETMIRROR	BASSETMIRROR	poshmark.com	HTTPS://POSHMARK.COM/LISTING/BASSET-MIRROR-COMPANY-VINTAGE-640F5E50253A8CD259351FC0
BASSETTMIRRORCOMPANY	BASSETTMIRRORCOMPANY	poshmark.com	HTTPS://POSHMARK.COM/LISTING/BASSET-MIRROR-COMPANY-VINTAGE-640F5E50253A8CD259351FC0
BASSPAL	BASSPAL	poshmark.com	HTTPS://POSHMARK.COM/LISTING/IPX7-WATERPROOF-BLUETOOTH-SPEAKER-WITH-SUCTION-CUP-NEW-BLUE-AND-BLACK-654FCF678E40FD4F72CDCDE2
BASUMIU	BASUMIU	poshmark.com	HTTPS://POSHMARK.COM/LISTING/BASUMIU-MENS-WATERPROOF-ANALOG-DIGITAL-ELECTRONIC-TACTICAL-ARMY-SPORTS-WATCHNWT-6305DFC5B635F820F6979679
BAUHSLAND	BAUHSLAND	poshmark.com	HTTPS://POSHMARK.COM/LISTING/NEW-BAUHSLAND-COOLPAK-CORAL-BACKPACK-68165EFB7AC6290BF673FD28
BAWEKTRL	BAWEKTRL	poshmark.com	HTTPS://POSHMARK.COM/LISTING/BAWEKTRL-FULL-HOOK-SUPPORT-FOR-LONG-LEGGED-DOGS-6448E54AB142F3EF64CAFBC6
BAXENDALEANDCO	BAXENDALEANDCO	poshmark.com	HTTPS://POSHMARK.COM/LISTING/NWOT-3-PACK-NEOPRENE-SLEEVES-65D7CCC917FB4BE1A59252DE
BAXROU	BAXROU	poshmark.com	HTTPS://POSHMARK.COM/LISTING/SET-OF-4-TERRACOTTA-PLANT-WATERING-SPIKES-64FE266CFED51F5D8C4D2210
BAYEREXPERTCARE	BAYEREXPERTCARE	poshmark.com	HTTPS://POSHMARK.COM/LISTING/BAYER-BEPANTHEN-30GSKIN-REGENERATING-OINTMENT-PREVENTION-TREATMENT-EXP-0225-6493A2BB92E4916FFDF47FCE
BAYJOY	BAYJOY	poshmark.com	HTTPS://POSHMARK.COM/LISTING/BAYJOY-PRO-G1502-5F8CD5A25760068BF872E0C0
BAYJOY	BAYJOY	poshmark.com	HTTPS://POSHMARK.COM/LISTING/BAYJOY-MAKUP-BRUSH-SET-15PIECES-61A3B10FFDD4CDE3CCB39C4E
BAYJOY	BAYJOY	poshmark.com	HTTPS://POSHMARK.COM/LISTING/BAYJOY-MAKEUP-BRUSHES-SET-11-PIECES-64276FED932A8A188DFAA8D1
BAYJOY	BAYJOY	poshmark.com	HTTPS://POSHMARK.COM/LISTING/BAYJOY-PRO-G1502-POWDER-BRUSH-BNIB-61090C50D737FD6DC951DD44
BAYLVN	BAYLVN	poshmark.com	HTTPS://POSHMARK.COM/LISTING/MENS-JEANS-639344A15D686B3B68B485CB
BAYLVN	BAYLVN	poshmark.com	HTTPS://POSHMARK.COM/LISTING/BAYLVN-MENS-CASUAL-PRINTED-SLIM-FIT-JEANS-SKINNY-DENIM-PANTS-660333D3382DB8C62FE77531
BAYTON	BAYTON	poshmark.com	HTTPS://POSHMARK.COM/LISTING/BAYTON-SLIP-ON-LEATHER-COMFORT-SANDALS-10-619CD670F470E25854CE436C
BAZADER	BAZADER	poshmark.com	HTTPS://POSHMARK.COM/LISTING/BAZADER-RC-CARSWITH-LED-LIGHTSREMOTE-CONTROLCARSNAKE360ROLL-TOYS-64DFFEC391E0533D02B9FF6A
BAZO	BAZO	poshmark.com	HTTPS://POSHMARK.COM/LISTING/BAZO-1199-68104ED421B801FC53DDCA0C
BAZO	BAZO	poshmark.com	HTTPS://POSHMARK.COM/LISTING/BAZO-SCREEN-PROTECTOR-65C4123D87A2F549C4427EFA
BBCARE	BBCARE	poshmark.com	HTTPS://POSHMARK.COM/LISTING/BBCARE-BABY-BATH-SEAT-62168607FF8304D94372A6A4
BBDAKOTABYSTEVEMADDEN	BBDAKOTABYSTEVEMADDEN	poshmark.com	HTTPS://POSHMARK.COM/LISTING/STEVEMADDEN-COTTON-JERSEY-654A7370F62533E4DA371EF0
BBOLDIN	BBOLDIN	poshmark.com	HTTPS://POSHMARK.COM/LISTING/1000-PIECE-PUZZLE-64208B8FB635F8636DA03244
BBPARK	BBPARK	poshmark.com	HTTPS://POSHMARK.COM/LISTING/BBPARK-SOFT-BABY-CARRIER-62EED299F644E54699C1426E
BBPARK	BBPARK	poshmark.com	HTTPS://POSHMARK.COM/LISTING/BBPARK-MODERN-SCANDINAVIAN-PREGNANCY-PILLOW-62448DB75D7F874A709D5EDA
BBXLEPHSNT	BBXLEPHSNT	poshmark.com	HTTPS://POSHMARK.COM/LISTING/WOMENS-SHEER-MESH-LAYERING-TOP-SPARKLE-LONG-SLEEVE-SHIRT-67B8AC1D280CC699C5664C53
BBYES	BBYES	poshmark.com	HTTPS://POSHMARK.COM/LISTING/BBYES-COLLECTION-PURPLE-SHEER-LACE-MINI-MAXI-SEXY-DEEP-V-DRESS-682DD7717DDF567B4F7EC5F5
BCIECLIPSE	BCIECLIPSE	poshmark.com	HTTPS://POSHMARK.COM/LISTING/BALLROOM-DANCE-DVD-AUDIO-CD-6276DF0A008B99B5A9C4AD10
BCOH	BCOH	poshmark.com	HTTPS://POSHMARK.COM/LISTING/BCOH-DAD-DIAPER-BAG-MILITARY-BACKPACK-WITH-CHANGING-STATION-CAMO-BLACK-63C4D3597F29DD9168987922
BDARLIN	BDARLIN	poshmark.com	HTTPS://POSHMARK.COM/LISTING/BDARLIN-JUNIORS-PLEATEDBODICE-HIGHSLIT-EVENING-GOWN-HUNTER-GREEN-78-660739965D686B43B8BF5710
BDARLIN	BDARLIN	poshmark.com	HTTPS://POSHMARK.COM/LISTING/BDARLIN-FROM-MACYS-DRESS-62C0AD02DA1041BE82600FA5
BDARLIN	BDARLIN	poshmark.com	HTTPS://POSHMARK.COM/LISTING/BDARLIN-HIGH-LOW-DRESS-S-78-5D361F63969D1F847E3AB356
BDITANLE	BDITANLE	poshmark.com	HTTPS://POSHMARK.COM/LISTING/MATERNITY-WORKOUT-ROMPER-RIBBED-ONE-PIECE-SEAMLESS-TANK-TOP-JUMPSUIT-688D39492C9E442DAC6E213C
BEACHBETTYBYMIRACLEBRANDS	BEACHBETTYBYMIRACLEBRANDS	poshmark.com	HTTPS://POSHMARK.COM/LISTING/BEACH-BETTY-BY-MIRACLE-BRANDS-BLACK-1-PIECE-SWIM-6109D6D493649FB054CF5273
BEACHBETTYBYMIRACLEBRANDS	BEACHBETTYBYMIRACLEBRANDS	poshmark.com	HTTPS://POSHMARK.COM/LISTING/BEACH-BETTY-BY-MIRACLE-BRANDS-BIKINI-TOP-SIZE-S-PINK-AND-GREEN-NWT-646D4242BD66CDA8FC9F0DCA
BEACOO	BEACOO	poshmark.com	HTTPS://POSHMARK.COM/LISTING/BEACOO-2-IN-1-CHARGING-STATION-FOR-IPHONE-AND-AIRPODS-63645094FFB5D0D02867970E
BEALUZ	BEALUZ	poshmark.com	HTTPS://POSHMARK.COM/LISTING/BEALUZ-EXFOLIATING-FOOT-PEEL-MASK-1-PACKAGE-624A0B5D5E46B0DF2FAF8B0B
BEAMTECH	BEAMTECH	poshmark.com	HTTPS://POSHMARK.COM/LISTING/BEAMTECH-LED-HEADLIGHT-KIT-NEW-666B0F375C465E2524E78EE4
BEARDCLASS	BEARDCLASS	poshmark.com	HTTPS://POSHMARK.COM/LISTING/BEARDCLASS-BEARD-SHAPING-TOOL-8-IN-1-COMB-MULTI-665A65AC2FD49AD4088D0DFB
BEARDSKI	BEARDSKI	poshmark.com	HTTPS://POSHMARK.COM/LISTING/BEARD-SKI-BEARD-FOR-SKIING-OR-SNOWBOARD-65F676F3013D2AD801699BBE
BEASPIRE	BEASPIRE	poshmark.com	HTTPS://POSHMARK.COM/LISTING/BEASPIRE-CAMERA-BAG-5DD1A0F8D948A18E4D1ADC43
BEAUBELLELITTLES	BEAUBELLELITTLES	poshmark.com	HTTPS://POSHMARK.COM/LISTING/BEAU-BELLE-LITTLES-REUSEABLE-SWIM-DIAPER-6581FE9AA0E6C63ED1FFA979
BEAUBELLELITTLES	BEAUBELLELITTLES	poshmark.com	HTTPS://POSHMARK.COM/LISTING/REUSABLE-SWIM-DIAPER-5B49129E409C15CD0994F917
BEAUELI	BEAUELI	poshmark.com	HTTPS://POSHMARK.COM/LISTING/BEAUELI-ACNE-SPOT-TREATMENT-631F79D004166DFC33472D7B
BEAUFOX	BEAUFOX	poshmark.com	HTTPS://POSHMARK.COM/LISTING/HUMAN-HAIR-BUNDLES-6270287CE1316459C6944FEA
BEAUPRO	BEAUPRO	poshmark.com	HTTPS://POSHMARK.COM/LISTING/BEAUPRO-LUXURIOUS-BATH-BOMBS-12-COUNT-60A8C61F2F3D19A9C14BE7D7
BEAURE	BEAURE	poshmark.com	HTTPS://POSHMARK.COM/LISTING/BEAURE-LEATHER-HANDSHOULDER-BAG-61EC15F9C693BDBBD3B88B2C
BEAUSEEN	BEAUSEEN	poshmark.com	HTTPS://POSHMARK.COM/LISTING/BEAUSEEN-NWOT-PINK-LOAFERS-SIZE-75-6464439702760B1CE9378585
BEAUTIESFACTORY	BEAUTIESFACTORY	poshmark.com	HTTPS://POSHMARK.COM/LISTING/MAKEUP-BRUSHES-12PC-MAKEUP-BRUSH-SET-63CDB17387A2F5D2B2497AAF
BEAUTIVITY	BEAUTIVITY	poshmark.com	HTTPS://POSHMARK.COM/LISTING/LASH-LIFT-PERMING-KIT-NEW-SEALED-BY-BEAUTIVITY-622B4C8DFDCBF60B52C9273B
BEAUTIYAND	BEAUTIYAND	poshmark.com	HTTPS://POSHMARK.COM/LISTING/BEAUTIYAND-18-PIECE-HAIR-ROLLER-61DCE4D13A0DB915609789AE
BEAVIIOO	BEAVIIOO	poshmark.com	HTTPS://POSHMARK.COM/LISTING/BEAVIIOO-WIRELESS-GAMING-HEADSET-WITH-MICROPHONE-FOR-PC-PS4-PS5-PLAYSTATION-45-6435DDF94FAB7B800345B798
BEAYOU	BEAYOU	poshmark.com	HTTPS://POSHMARK.COM/LISTING/BEAYOU-CLOTHING-CO-WHITE-LINED-LACE-TOP-6439DA16FFB5D071A224DF9E
BEBEBLUE	BEBEBLUE	poshmark.com	HTTPS://POSHMARK.COM/LISTING/BEBE-BLUE-MINI-DRESS-6835227EC71BA11C22D33C5E
BECKHAMLUXURYLINENS	BECKHAMLUXURYLINENS	poshmark.com	HTTPS://POSHMARK.COM/LISTING/BECKHAM-LUXURY-LINENS-HOTEL-COLLECTION-DUVET-COVER-3-PIECE-SET-6448D27D52EEE19C173649C5
BECKHAMLUXURYLINENS	BECKHAMLUXURYLINENS	poshmark.com	HTTPS://POSHMARK.COM/LISTING/BECKHAM-LUXURY-LINENS-60341BBD9E1559CA0A14BD22
BECWARE	BECWARE	poshmark.com	HTTPS://POSHMARK.COM/LISTING/BECWARE-3-IN-1-BREAKFAST-MAKER-WHITE-60DE2DAFB51256ABFE67FD5B
BEDBINDERDELUXE	BEDBINDERDELUXE	poshmark.com	HTTPS://POSHMARK.COM/LISTING/BEDBINDER-DELUXE-BED-BRIDGE-KIT-MATTRESS-CONNECTOR-GAP-FILLER-BED-DOUBLER-68196E7974CB47D640D55EFE
BEDGARD	BEDGARD	poshmark.com	HTTPS://POSHMARK.COM/LISTING/NEW-BEDGARD-MATTRESS-PROTECTOR-300-TC-EGYPTIAN-COTTON-646A990987A2F57952BFB30A
BEDOAR	BEDOAR	poshmark.com	HTTPS://POSHMARK.COM/LISTING/BEDOAR-WOMENS-PLUS-SIZESUMMER-EMPIRE-WAIST-CASUAL-PLUS-SIZE-KNEELENGTH-DRESSE-65D3AF1E13D6810B803EE4A4
BEDVCATY	BEDVCATY	poshmark.com	HTTPS://POSHMARK.COM/LISTING/BEDVCATY-CAMPING-BLANKET-PUFFY-WATERPROOF-TRAVEL-BLANKET-674B0DACF33F711ED723CB5D
BEEBANG	BEEBANG	poshmark.com	HTTPS://POSHMARK.COM/LISTING/BEEBANG-USB-HEADSET-BNG806DUC-WITH-NOISE-CANCELLING-BEE-BANG-61B52309691412863AE587D6
BEEFREE	BEEFREE	poshmark.com	HTTPS://POSHMARK.COM/LISTING/BEEFREE-DENIM-SIZE-M-66484239147B9898FF32009A
BEEMO	BEEMO	poshmark.com	HTTPS://POSHMARK.COM/LISTING/ADVENTURE-TIME-WITH-FINN-JAKE-12-BMO-BEEMO-PLUSH-TOY-661235E55D686BB331E0FF54
BEHAESTY	BEHAESTY	poshmark.com	HTTPS://POSHMARK.COM/LISTING/BRAND-NEW-TRAVEL-MAKEUP-TOILETRY-CASE-6831FEC09F19E299AD667DEB
BEHAESTY	BEHAESTY	poshmark.com	HTTPS://POSHMARK.COM/LISTING/VIRAL-TIKTOK-BEHAESTY-MAKEUP-BAG-674E2A3C7412713F03F87776
BEICARIN	BEICARIN	poshmark.com	HTTPS://POSHMARK.COM/LISTING/BEICARIN-CARREAR-WINDOW-SUN-SHADE-2PACK-NIP-66957F04981D482C2B584C62
BEINIU	BEINIU	poshmark.com	HTTPS://POSHMARK.COM/LISTING/BIBEI-BEINIU-KIDS-FROZEN-ELSA-SEQUINED-DRESS-66BF9D32A6BB768111FEE710
BEINUO	BEINUO	poshmark.com	HTTPS://POSHMARK.COM/LISTING/BEINUO-QUARTZ-WATCH-5A8739FEA4C485FE40B7C40A
BEITA	BEITA	poshmark.com	HTTPS://POSHMARK.COM/LISTING/BEITA-HIGH-UPPER-BASKETBALL-SHOES-SNEAKERS-MEN-BREATHABLE-SPORTS-SHOES-ANTI-SLIP-6380A676BD062950BB0C511F
BEIXTOPOPO	BEIXTOPOPO	poshmark.com	HTTPS://POSHMARK.COM/LISTING/NIB-A4-9-THERMAL-LAMINATOR-MACHINE-66CA4160EF1EF720E3F09643
BEIYI	BEIYI	poshmark.com	HTTPS://POSHMARK.COM/LISTING/BEIYI-2-HANDLE-SHOWER-FAUCET-COMPLETE-SYSTEM-SET-MATTE-BLACK-NEW-67A70D19538BEB68420D5FB0
BEJOLLY	BEJOLLY	poshmark.com	HTTPS://POSHMARK.COM/LISTING/2SETS-FOR-8-FLASHING-CHRISTMAS-BULB-NECKLACE-BY-BEJOLLY-NWT-BATTERY-5F066A7FBCDB2F9D184DE3FD
BEKILOLE	BEKILOLE	poshmark.com	HTTPS://POSHMARK.COM/LISTING/BEKILOLE-MINI-BALANCE-BIKE-BRAND-NEW-IN-A-DAMAGED-BOX-MANUAL-INCLUDED-679F0125B9DB3AA64746993D
BEKILOLE	BEKILOLE	poshmark.com	HTTPS://POSHMARK.COM/LISTING/BEKILOLE-MINI-BALANCE-BIKE-62FCF1B787A2F50287E52B46
BEKILOLE	BEKILOLE	poshmark.com	HTTPS://POSHMARK.COM/LISTING/BEKILOLE-BABY-BALANCE-BIKE-FOR-1024-MONTH-TODDLER-BALANCE-683EF7EDDCD5A5C7F7BA0F68
BEKILOLE	BEKILOLE	poshmark.com	HTTPS://POSHMARK.COM/LISTING/BEKILOLE-WOMENS-SPACIOUS-STYLISH-WATERPROOF-SHOULDER-TOTE-BAG-IN-CLASSIC-NAVY-66A983107FC826E2D3D15C8D
BELEMAY	BELEMAY	poshmark.com	HTTPS://POSHMARK.COM/LISTING/BELEMAY-GENUINE-LEATHER-IPHONE-WALLET-CASE-NEW-AND-IN-EXCELLENT-CONDITION-657BDE587DFCC2427A486012
BELENOSDAN	BELENOSDAN	poshmark.com	HTTPS://POSHMARK.COM/LISTING/BELENOSDAN-RECTANGULAR-PATIO-CANOPYHEAVY-DUTY-CUSTOM-SIZE-12-X-12-INCH-GRAY-61CB8224AC97022AEEDBFAE8
BELFEN	BELFEN	poshmark.com	HTTPS://POSHMARK.COM/LISTING/MINI-CROSS-BODY-CLUTCH-WALLET-630391304BD7601B90F4394F
BELILENT	BELILENT	poshmark.com	HTTPS://POSHMARK.COM/LISTING/WATER-SHOES-105-QUICK-DRYING-BLACK-WHITE-NEW-44-66D8E156C38372D95829CFD7
BELILENT	BELILENT	poshmark.com	HTTPS://POSHMARK.COM/LISTING/BELILENT-WOMENS-WALKING-SHOES-SLIP-ON-SNEAKER-SOCKS-BREATHABLE-LIGHTWEIGHT-64701041253A8C3E8602E6E7
BELISSPRO	BELISSPRO	poshmark.com	HTTPS://POSHMARK.COM/LISTING/NEW-BELISSPRO-LUXE-SERIES-PROFESSIONAL-HAIR-DRYER-FIRM-PRICE-64DCF943EB7E7A8031BB1158
BELLABUG	BELLABUG	poshmark.com	HTTPS://POSHMARK.COM/LISTING/NEW-BOXED-SET-50-INVITATIONS-61E5E70A2E8E4402ADC47619
BELLALUSSO	BELLALUSSO	poshmark.com	HTTPS://POSHMARK.COM/LISTING/ONE-SHOULDER-GRECIAN-STYLE-BRIDESMAID-DRESS-64CE8735C9A2280DAC56C924
BELLAPRO	BELLAPRO	poshmark.com	HTTPS://POSHMARK.COM/LISTING/BELLAPRO-LIFESTYLE-PRODUCTS-CURL-TALK-50-VOLUME-CURL-ESSENTIALS-BAG-CURLERS-642ECC4392E49154FD893061
BELLAUNOBELLISSIMA	BELLAUNOBELLISSIMA	poshmark.com	HTTPS://POSHMARK.COM/LISTING/BELLA-UNO-BELLISSIMA-NECKLACE-629E9BDADA10416AC677AE49
BELLAVILLA	BELLAVILLA	poshmark.com	HTTPS://POSHMARK.COM/LISTING/BELLA-VILLA-LIVING-DECORATIVE-METAL-WOOD-WALL-SHELF-WITH-3-HOOKS-12W-X-11H-64AB93E1308F07DF8C6C12F3
BELLAVILLALIVING	BELLAVILLALIVING	poshmark.com	HTTPS://POSHMARK.COM/LISTING/BELLA-VILLA-LIVING-DECORATIVE-METAL-WOOD-WALL-SHELF-WITH-3-HOOKS-12W-X-11H-64AB93E1308F07DF8C6C12F3
BELLAVILLALIVING	BELLAVILLALIVING	poshmark.com	HTTPS://POSHMARK.COM/LISTING/DIFFUSER-66A5542E20684779E4FEAAF7
BELLEFORD	BELLEFORD	poshmark.com	HTTPS://POSHMARK.COM/LISTING/NWOT-INSULATED-FOOD-DELIVERY-BAG-XXL-23X14X15-FOOD-CONTAINER-66438A78CE70654B0B427390
BELLESHOW	BELLESHOW	poshmark.com	HTTPS://POSHMARK.COM/LISTING/BELLESHOW-FRENCH-CURLY-BRAIDING-HAIR-8-PACKS-22-INCH-SPANISH-CURLY-66F98CCD896C387ACEE11C1F
BELLEUR	BELLEUR	poshmark.com	HTTPS://POSHMARK.COM/LISTING/BELLEVUE-CAR-RAMP-PLUS-CARS-64DBC701253A8C6C5CAAA59D
BELLFORNO	BELLFORNO	poshmark.com	HTTPS://POSHMARK.COM/LISTING/BELLFORNO-FR700-GOLD-CORDED-2200-WATTS-IONIC-PROFESSIONAL-HAIR-DRYER-67EEAD3DB722F5FB16CA3138
BELLICON	BELLICON	poshmark.com	HTTPS://POSHMARK.COM/LISTING/ISO-NEW-OR-GENTLY-USED-BELLICON-BUNGEES-5EC6F774BCBB52CAA305A2E0
BELLIPOD	BELLIPOD	poshmark.com	HTTPS://POSHMARK.COM/LISTING/2IN1-PREGNANCY-SUPPORT-PILLOW-68424239955383377D4ED7A1
BELLIVERA	BELLIVERA	poshmark.com	HTTPS://POSHMARK.COM/LISTING/NEW-BELLIVERA-JACKET-64E3BB2C4BD7609E49DDEFBA
BELLYBOTTLE	BELLYBOTTLE	poshmark.com	HTTPS://POSHMARK.COM/LISTING/NIB-BELLY-BOTTLE-PREGNANCY-WATER-BOTTLE-INTAKE-TRACKER-65BF3D0987A2F5BD75D1D0D8
BELLYBUNKER	BELLYBUNKER	poshmark.com	HTTPS://POSHMARK.COM/LISTING/BELLY-BUNKER-632A89DCA0AEB7DBA35CB308
BELOPEZZ	BELOPEZZ	poshmark.com	HTTPS://POSHMARK.COM/LISTING/AUTOMATIC-PET-FEEDER-6LITER-63EF1A0832C1DC1549F1DA94
BELOVEDINSPIRED	BELOVEDINSPIRED	poshmark.com	HTTPS://POSHMARK.COM/LISTING/CHARMED-BY-BELOVED-INSPIRED-BRACELET-SET-6032CE52A4DE41DD695C23AC
BELSIANG	BELSIANG	poshmark.com	HTTPS://POSHMARK.COM/LISTING/NIB-BELSIANG-ADULT-SWING-PILLOW-EXTREME-VERSION-6516FFE12FBF1A622D66F906
BELSIANG	BELSIANG	poshmark.com	HTTPS://POSHMARK.COM/LISTING/INDOOR-SEXY-SWING-NWT-687C0B18D8024CA78479578C
BELSIANG	BELSIANG	poshmark.com	HTTPS://POSHMARK.COM/LISTING/ADULT-SEX-SWING-63AA0F3517FB4B72B78E4490
BELTOXFINE	BELTOXFINE	poshmark.com	HTTPS://POSHMARK.COM/LISTING/BELTOX-FINE-MENS-LEATHER-BELT-IN-BLACK-66870C851546004387A25544
BELUGUE	BELUGUE	poshmark.com	HTTPS://POSHMARK.COM/LISTING/BUNDLE-OF-2-BELUGUE-LACE-BRALETTES-WOMENS-XL-16-WHITE-GRAY-ONE-TEAR-68740DEDF51A0F798B04B802
BELURSUS	BELURSUS	poshmark.com	HTTPS://POSHMARK.COM/LISTING/BELURSUS-POCKET-MULTI-TOOL-WSLEEVE-66F0A76E39A1F6270A5760FB
BEMISO	BEMISO	poshmark.com	HTTPS://POSHMARK.COM/LISTING/BEMISO-SHOWER-MAT-NON-SLIP-MAT-WITH-SUCTION-CUPS-AND-DRAIN-HOLES-394-X157-INCH-63C7CD7795EC707BAE4BC8E0
BEMIXPETS	BEMIXPETS	poshmark.com	HTTPS://POSHMARK.COM/LISTING/BEMIX-PETS-BREAKAWAY-REFLECTIVE-BLUE-COLLAR-WITH-BELL-NEW-61D62CD9463D4FA250DF2993
BEMMO	BEMMO	poshmark.com	HTTPS://POSHMARK.COM/LISTING/BEMMOSLIM-CREDIT-CARD-WALLET-BLACK-RED-CARBON-67F2E0B1B142F321386E3201
BEMMO	BEMMO	poshmark.com	HTTPS://POSHMARK.COM/LISTING/BEMMO-BLACK-RED-CARBON-FIBER-SLIM-CREDIT-CARD-WALLET-RFID-BLOCKING-67F2E0B1B142F321386E3201
BEMYLADY	BEMYLADY	poshmark.com	HTTPS://POSHMARK.COM/LISTING/SPA-STEAM-EYE-MASK-FOR-DRY-EYES-16-PCS-BEMYLADY-NEW-IN-BOX-62BE17D14FD23AB064458F7A
BEMYLADY	BEMYLADY	poshmark.com	HTTPS://POSHMARK.COM/LISTING/ILL-HAIR-REMOVAL-6264342609D76028AF67CC90
BENAIR	BENAIR	poshmark.com	HTTPS://POSHMARK.COM/LISTING/STAR-WARS-COLOR-CHANGING-MUG-6515FAAE32C1DC999777EDB4
BENAIVE	BENAIVE	poshmark.com	HTTPS://POSHMARK.COM/LISTING/BOUTIQUE-BOYS-P-J-60B5270DA4DE41F3B5C18A9B
BENBOY	BENBOY	poshmark.com	HTTPS://POSHMARK.COM/LISTING/BENBOY-SKI-PANTS-SIZE-BOYS-XL-66B68618280CC6D3CE6D66DF
BENDYFIGS	BENDYFIGS	poshmark.com	HTTPS://POSHMARK.COM/LISTING/BENDYFIGS-STAR-TREK-THE-ORIGINAL-SERIES-CAPTAIN-KIRK-BENDABLE-POSABLE-ACTION-FI-698BE7502C7EC6092F9CC510
BENECHARM	BENECHARM	poshmark.com	HTTPS://POSHMARK.COM/LISTING/18K-ROSE-GOLD-PLATED-HEART-PENDANT-CHARM-ENGRAVED-KYLIE-NEW-6840F8C4943DDB19057AA35E
BENEPOM	BENEPOM	poshmark.com	HTTPS://POSHMARK.COM/LISTING/BENEPOM-NECK-PAIN-RELIEF-CERVICAL-TRACTION-6643FDE9CE70654B0B466093
BENEPOM	BENEPOM	poshmark.com	HTTPS://POSHMARK.COM/LISTING/BENEPOM-VISCO-FOAM-BACKSEAT-CUSHION-61DB213081A36CD7CE375969
BENESTELLAR	BENESTELLAR	poshmark.com	HTTPS://POSHMARK.COM/LISTING/FITBIT-ALTA-HR-CHARGER-WITH-RESET-BUTTON-65873860308F07D24333C8DF
BENGUP	BENGUP	poshmark.com	HTTPS://POSHMARK.COM/LISTING/TIKTOK-SHOP-BENGUP-WOMENS-PUNK-ROCK-FAUX-LEATHER-CORSET-WITH-SKIRT-RETRO-68880869310F1C6BE488F5B6
BENHERO	BENHERO	poshmark.com	HTTPS://POSHMARK.COM/LISTING/HAIR-STRAIGHTENING-BRUSHHAIR-STRAIGHTENING-BRUSH-WITH-ANTIBURNING-BENHERO-66A4D096ED3F4A34E9B28798
BENHEROFUN	BENHEROFUN	poshmark.com	HTTPS://POSHMARK.COM/LISTING/HAIR-STRAIGHTENING-BRUSHHAIR-STRAIGHTENING-BRUSH-WITH-ANTIBURNING-BENHERO-66A4D096ED3F4A34E9B28798
BENHEROFUN	BENHEROFUN	poshmark.com	HTTPS://POSHMARK.COM/LISTING/BENHEROFUN-ELECTRIC-STRAIGHTENING-BRUSH-65A4C2A2B635F8F26F7C7E38
BENIBOS	BENIBOS	poshmark.com	HTTPS://POSHMARK.COM/LISTING/BENIBOS-NAVY-SHOULDER-PADDED-BLAZER-5DCF4A419ED36D74DB340916
BENIBOS	BENIBOS	poshmark.com	HTTPS://POSHMARK.COM/LISTING/BENIBOS-CLASSIC-STYLE-JACKET-MENS-POLICE-FAUX-625178EE9B5A4DE223F4D54B
BENKII	BENKII	poshmark.com	HTTPS://POSHMARK.COM/LISTING/HYDRATION-BACKPACK-66B25580B4EE5B1A34F1CFAC
BENKII	BENKII	poshmark.com	HTTPS://POSHMARK.COM/LISTING/BACKPACK-BENKII-652B050F3B982A5CB536A6F1
BENKII	BENKII	poshmark.com	HTTPS://POSHMARK.COM/LISTING/MENS-BENKII-BLACK-LEATHER-BELT-630A5A5B7F29DDBA6E1A94BA
BENKII	BENKII	poshmark.com	HTTPS://POSHMARK.COM/LISTING/BENKII-WHITE-TEAL-BLACK-HYDRATION-BACK-PACK-HIKING-CAMPING-OUTDOOR-6858B26664164A4B6374E709
BENUO	BENUO	poshmark.com	HTTPS://POSHMARK.COM/LISTING/BENUO-ALLLEATHER-IPHONE-CASE-NEW-5D45CD4DFFC2D4ECA71126A9
BEOLOUS	BEOLOUS	poshmark.com	HTTPS://POSHMARK.COM/LISTING/LEBRON-JAMES-FIGHTING-IRISH-JERSEY-665E1086C4B73ACB759FBD96
BEONSKY	BEONSKY	poshmark.com	HTTPS://POSHMARK.COM/LISTING/5FOR10-PINK-STRAW-COVER-SPILL-STOPPER-SET-STANLEY-CUP-QUENCHER-H10-ACCESSORIES-687EF47B95538305138BE45E
BEQOOL	BEQOOL	poshmark.com	HTTPS://POSHMARK.COM/LISTING/BEQOOL-HAIR-STEAM-CURLER-661B452AC4B73A28CFD6AAF6
BEQUEMERLADEN	BEQUEMERLADEN	poshmark.com	HTTPS://POSHMARK.COM/LISTING/BEQUEMER-LADEN-WOMENS-SUMMER-BOHO-VNECK-SHORT-SLEEVE-ALINE-RUFFLE-MAXI-DRESS-68F7C60C6C050419C7146594
BERCHIRLY	BERCHIRLY	poshmark.com	HTTPS://POSHMARK.COM/LISTING/BERCHIRLY-CANVAS-CROSSBODY-BAG-6717E2795AF6E669EF72C85E
BERGKOCH	BERGKOCH	poshmark.com	HTTPS://POSHMARK.COM/LISTING/BERGKOCH-SPLATTER-SCREEN-FOR-FRYING-PAN-95-INCH-STAINLESS-STEEL-65087DD83EDDEB0D3556A106
BERHAPY	BERHAPY	poshmark.com	HTTPS://POSHMARK.COM/LISTING/BERHAPY-MONKEY-GIRL-TODDLER-PAL-HARNESS-6000E754163DF423F16A52D6
BERILONA	BERILONA	poshmark.com	HTTPS://POSHMARK.COM/LISTING/SMART-WATCH-FOR-KIDS-412-YEARS-OLD-WITH-15-GAMES-CAMERA-ALARM-VIDEO-MUSIC-6794DFDA948FFEB509A66E3D
BERIWINKLE	BERIWINKLE	poshmark.com	HTTPS://POSHMARK.COM/LISTING/BERIWINKLE-ELEPHANT-WALL-HOOKS-NIB-SET-OF-3-623F97FE4EEEDE8E99BD7978
BERLOOK	BERLOOK	poshmark.com	HTTPS://POSHMARK.COM/LISTING/BERLOOK-SWIMSUIT-64D2A520FFB5D04F7C702548
BERMANINDUSTRIES	BERMANINDUSTRIES	poshmark.com	HTTPS://POSHMARK.COM/LISTING/VINTAGE-BERMAN-INDUSTRIES-GREEN-PLASTIC-CABBAGE-LEAF-BOWL-SET-OF-11-64C1AF33A0E6C62351DE9DB2
BESTALENT	BESTALENT	poshmark.com	HTTPS://POSHMARK.COM/LISTING/NEW-BESTALENT-PATIO-OUTDOOR-CHAIR-COVER-WOVEN-POLYESTER-38-X-40-X-31-INCHES-662293A139A1F64C2FB314C2
BESTALENT	BESTALENT	poshmark.com	HTTPS://POSHMARK.COM/LISTING/BESTALENT-AIR-CONDITIONER-COVER-24X24X30-SEE-PICTURES-62F0663952EEE1D186CFE2B0
BESTEKER	BESTEKER	poshmark.com	HTTPS://POSHMARK.COM/LISTING/BRAND-NEW-BESTEKER-CAMCORDER-IN-THE-BOX-SEE-PHOTOS-BOOKLET-641AAC6F20C89E5958B09DF0
BESTINNKITS	BESTINNKITS	poshmark.com	HTTPS://POSHMARK.COM/LISTING/NWT-SMART-COFFEE-WARMER-BESTINNKITS-AUTO-ONOFF-GRAVITYINDUCTION-MUG-WARMER-68053E97D8024C6763C54C8A
BESTLAND	BESTLAND	poshmark.com	HTTPS://POSHMARK.COM/LISTING/BESTLAND-LIP-LINER-AND-LIPSTICK-PACK-637FE8EA4BC65540D9671D9C
BESTRELLA	BESTRELLA	poshmark.com	HTTPS://POSHMARK.COM/LISTING/MOXEE-CASE-65C4819A81078A145F881ADF
BESTZMWK	BESTZMWK	poshmark.com	HTTPS://POSHMARK.COM/LISTING/BEIGE-KITCHEN-UTENSIL-SET-6773EF26147B983B339F849B
BETAVEN	BETAVEN	poshmark.com	HTTPS://POSHMARK.COM/LISTING/BETAVEN-PLEATED-TENNIS-SKIRTS-FOR-WOMEN-WITH-POCKETS-SHORTS-SKORT-HIGH-WAISTED-643AB58824237A5AB9702EDC
BETOPHOUSE	BETOPHOUSE	poshmark.com	HTTPS://POSHMARK.COM/LISTING/BETOP-HOUSE-FASHION-DOG-CARRIER-659361EC7DFCC274DD65B58E
BETTECOS	BETTECOS	poshmark.com	HTTPS://POSHMARK.COM/LISTING/BETTECOS-LONG-BLONDE-OR-BARBIE-COSPLAY-WIG-GREAT-FOR-HALLOWEEN-PARTY-COSTUMES-658DCA21B635F88436C7F914
BETTERCHIC	BETTERCHIC	poshmark.com	HTTPS://POSHMARK.COM/LISTING/BETTERCHIC-PINK-ZIP-UP-HOODIE-6702F9D7C9AF8C3C1A1054F2
BETTLITY	BETTLITY	poshmark.com	HTTPS://POSHMARK.COM/LISTING/BETTLITY-BOUTIQUE-TT-SHOP-SPLIT-HEM-KNITTED-JUMPER-670FE83D9E4F74E57E0716B5
BETTLITY	BETTLITY	poshmark.com	HTTPS://POSHMARK.COM/LISTING/NWOT-BETTLITY-LETTER-PRINT-SWEAT-SHIRT-66EB4B47147B986C4E4ED337
BETTLITY	BETTLITY	poshmark.com	HTTPS://POSHMARK.COM/LISTING/BETTLITY-COZY-PINK-WOMENS-SWEATER-686FE079FE4C6889D4A97EE2
BETTYBOSSI	BETTYBOSSI	poshmark.com	HTTPS://POSHMARK.COM/LISTING/BETTY-BOSSI-WONDERBOX-613531AF2A1EFF25E8504310
BEUWAY	BEUWAY	poshmark.com	HTTPS://POSHMARK.COM/LISTING/0563-WOOL-PEA-COAT-FOR-MENFLEECE-JACKET-CLASSIC-5DD8CFF39ED36D6851A6C9F3
BEVBUCKLE	BEVBUCKLE	poshmark.com	HTTPS://POSHMARK.COM/LISTING/BEV-BELT-BUCKLE-AMERICAN-FLAG-LARGE-BEVERAGE-HOLDER-MADE-IN-AMERICA-BEVBUCKLE-67089A330C8427EDA473DD34
BEVLXNIV	BEVLXNIV	poshmark.com	HTTPS://POSHMARK.COM/LISTING/4K-DIGITAL-CAMERA-48MP-16X-DIGITAL-ZOOM-COMPACT-CAMERA-WITH-32GB-CARD-65EF578352EEE19213C0A6C0
BEVPOD	BEVPOD	poshmark.com	HTTPS://POSHMARK.COM/LISTING/BEVPOD-ULTRA-SLIM-MINI-COOLER-62F02580253A8CD56E874ABF
BEXTZUBY	BEXTZUBY	poshmark.com	HTTPS://POSHMARK.COM/LISTING/BEXTZU-PROJECTOR-NATIVE-1080P-HD-MOVIE-PROJECTOR-WITH-CARRYING-CASE-646A3765C1C346740FDF863E
BEYLE	BEYLE	poshmark.com	HTTPS://POSHMARK.COM/LISTING/BEYLE-CLASSIC-GREY-TEXTURED-BACKPACK-GENTLY-USED-STYLISH-AND-PRACTICAL-661203D7EB7E7A3FA4B240AD
BEYTON	BEYTON	poshmark.com	HTTPS://POSHMARK.COM/LISTING/BACK-SPINE-BRACE-6726E923198524D6D96AF246
BFFBABY	BFFBABY	poshmark.com	HTTPS://POSHMARK.COM/LISTING/BFF-BABY-5X-PLUS-SIZE-SLING-DRESS-668C2A1DED3F4A2F60ACE046
BFFMIRACLEBODYBUFFER	BFFMIRACLEBODYBUFFER	poshmark.com	HTTPS://POSHMARK.COM/LISTING/BFF-MIRACLE-BODY-BUFFER-MASSAGER-6841EED900154292BF6901E1
BFIT	BFIT	poshmark.com	HTTPS://POSHMARK.COM/LISTING/BFIT-WATCH-61560CD1FFBA94108D086192
BGOVERSS	BGOVERSS	poshmark.com	HTTPS://POSHMARK.COM/LISTING/BGOVERSS-WHITE-NOISE-SOUND-MACHINE-WITH-SOOTHING-SOUNDS-67CE0D3787AEB6FC34AD7DFC
BHDBEAUTY	BHDBEAUTY	poshmark.com	HTTPS://POSHMARK.COM/LISTING/BHD-BEAUTY-PRACTICE-HEAD-66383813147B980D57235123
BHFHAIR	BHFHAIR	poshmark.com	HTTPS://POSHMARK.COM/LISTING/BHF-HAIR-CLIP-IN-EXTENSIONS-16-INCHES-NEW-4-660742C756B2F8311A34A166
BHL	BHL	poshmark.com	HTTPS://POSHMARK.COM/LISTING/BHL-CROSSBODY-5F9F8E0C43895F104A68400C
BIDDLEBEE	BIDDLEBEE	poshmark.com	HTTPS://POSHMARK.COM/LISTING/BIDDLEBEE-TEACHER-SQUAD-WITH-APPLE-INSULATED-TRAVEL-TUMBLER-WITH-LID-20-OZ-67E076FFE825D106B8E6E03C
BIEWALK	BIEWALK	poshmark.com	HTTPS://POSHMARK.COM/LISTING/BIEWALK-CRYSTAL-PENDANT-LUXURY-LIGHT-FIXTURE-GOLD-6526D838FFB5D05489BD6A98
BIGARY	BIGARY	poshmark.com	HTTPS://POSHMARK.COM/LISTING/MENS-STEAMPUNK-VINTAGE-TAILCOAT-JACKET-GOTHIC-VICTORIAN-FROCK-COAT-UNIFORM-COAT-659731ABF644E5DD5E706325
BIGOCEANSPORT	BIGOCEANSPORT	poshmark.com	HTTPS://POSHMARK.COM/LISTING/NEW-BIG-OCEAN-SPORT-FISHING-SHIRT-6521A580A56649CFD334FB6B
BIHIWOIA	BIHIWOIA	poshmark.com	HTTPS://POSHMARK.COM/LISTING/NWT-BIHIWOIA-DIGITAL-PICTURE-FRAME-MODEL-65CBE0A391E0534CA2BA534A
BIHUO	BIHUO	poshmark.com	HTTPS://POSHMARK.COM/LISTING/BIJOU-WOMENS-PATENT-LEATHER-HANDBAGS-5E9BA537045E39E96DDFA466
BIJORCA	BIJORCA	poshmark.com	HTTPS://POSHMARK.COM/LISTING/BIJORKA-CANVAS-TOTE-MULTI-PURPOSE-BAG-SCHOOLBEACH-PERFECT-FOR-ALL-YOUR-NEEDS-61118C9E275E55349C512A88
BIJORCA	BIJORCA	poshmark.com	HTTPS://POSHMARK.COM/LISTING/BIJORCA-NAVY-BOOT-SOCKS-6430D80204166D9C7D65EF04
BIJORCA	BIJORCA	poshmark.com	HTTPS://POSHMARK.COM/LISTING/NAVY-BLUE-LEG-WARMERS-BIJORCA-TOP-LACE-6350DA3A32C1DCD985AF1388
BIKROD	BIKROD	poshmark.com	HTTPS://POSHMARK.COM/LISTING/BACKPACK-EXTRA-LARGE-SCHOOL-BACKPACKS-FOR-TEENS-WATER-RESISTANCE-USB-PORT-663B9C830E51726928C68DD5
BINACL	BINACL	poshmark.com	HTTPS://POSHMARK.COM/LISTING/NWT-BINACL-WINTER-PARKA-PUFFER-FAUX-FUR-HOODED-COAT-JACKET-WARM-BLACK-SMALL-6417FF99382DB8B4437B69AA
BINETGO	BINETGO	poshmark.com	HTTPS://POSHMARK.COM/LISTING/BINETGO-DOG-HOODIES-PET-CLOTHES-DOG-SWEATSHIRTS-PULLOVER-CAT-JACKETS-6308E2E358083DB271321423
BINETGO	BINETGO	poshmark.com	HTTPS://POSHMARK.COM/LISTING/BINETGO-DOG-SWEATSHIRT-YELLOW-HOODIE-60799980E0B7C7DF054C510B
BINGGLE	BINGGLE	poshmark.com	HTTPS://POSHMARK.COM/LISTING/BINGGLE-WEIGHTED-AXOLOTL-DINOSAUR-ANIMAL-THROWS-PILLOWS-38LBS-WEIGHT-PLUSH-6445A1ED14D7A61F6305A761
BINGPET	BINGPET	poshmark.com	HTTPS://POSHMARK.COM/LISTING/BING-PET-DOG-HARNESS-5CE0ABDA2F8276399200F0B0
BINICHIC	BINICHIC	poshmark.com	HTTPS://POSHMARK.COM/LISTING/BINICHIC-BARCELONA-LEATHER-TOTE-HANDBAG-676C447BCC0A73383E9C06DC
BINKASEN	BINKASEN	poshmark.com	HTTPS://POSHMARK.COM/LISTING/BINKASEN-WOMEN-SNOW-BOOTS-WARM-LACEUP-MIDCALF-BOOTS-SIZE-8-6386EF4A24237AD6E7364359
BINNANO	BINNANO	poshmark.com	HTTPS://POSHMARK.COM/LISTING/BINNANO-HEADBAND-HAIRPIECE-61632D19A7729D97BFB60321
BINNIFA	BINNIFA	poshmark.com	HTTPS://POSHMARK.COM/LISTING/20CH-SOUNDBAR-FOR-TV-WALL-MOUNTABLE-BT-COMPATIBLE-29IN-BINNIFA-68BE253B3869377952EFAB53
BINOSTER	BINOSTER	poshmark.com	HTTPS://POSHMARK.COM/LISTING/BINOSTER-BEAR-GLASS-MUG-6599BB054BF9FF7082964A58
BINSUCA	BINSUCA	poshmark.com	HTTPS://POSHMARK.COM/LISTING/SILICONE-BABY-FEEDING-SET-65C18F138634CB6C6B48085A
BINYUAN	BINYUAN	poshmark.com	HTTPS://POSHMARK.COM/LISTING/HUIZHOU-BINYUAN-PORTABLE-BATHTUB-FOLDABLE-LARGE-ICE-BATH-TUB-OUTDOOR-COLD-WAT-65506F5A93A13D7C6B321EF6
BINZIM	BINZIM	poshmark.com	HTTPS://POSHMARK.COM/LISTING/COMEDO-SUCTION-BEAUTY-DEVICE-5EF3B45DA5CBED1240BE68DC
BIOAUM	BIOAUM	poshmark.com	HTTPS://POSHMARK.COM/LISTING/BIOAUM-BLUE-GREEN-BROWN-5-PACK-QUARTER-ATHLETIC-SOCKS-MENS-SIZE-895-NEW-6675A3E40382911EEDD3F6F3
BIOBOO	BIOBOO	poshmark.com	HTTPS://POSHMARK.COM/LISTING/BIOBOO-PUMP-68BDC5A79936D6A566C92D53
BIOINFUSION	BIOINFUSION	poshmark.com	HTTPS://POSHMARK.COM/LISTING/BUNDLE-4-BOTTLES-BIOINFUSION-SHAMPOO-CONDITIONER-68F8B9F6E5E917D472D4746B
BIOMSK	BIOMSK	poshmark.com	HTTPS://POSHMARK.COM/LISTING/2-REUSABLE-MASKS-60308E869C3378F05F61782D
BIONDOBEVERLYHILLS	BIONDOBEVERLYHILLS	poshmark.com	HTTPS://POSHMARK.COM/LISTING/BIONDO-BEVERLY-HILLS-QUALITY-DRESSY-STRETCH-HALTER-TANK-SMALL-64D8A2C4ACF46256FE6B178A
BIONDOBEVERLYHILLS	BIONDOBEVERLYHILLS	poshmark.com	HTTPS://POSHMARK.COM/LISTING/BUNDOE-3-FOR-1500-664B6E7E741271B8D5BD3299
BIONEK	BIONEK	poshmark.com	HTTPS://POSHMARK.COM/LISTING/BIONEK-G-STRING-THONGS-WOMENS-LACE-UNDERWEAR-BRAZILIAN-PANTIES-SEXY-TANGAS-PACK6-618C7DBDAA5427F049677420
BIONSO	BIONSO	poshmark.com	HTTPS://POSHMARK.COM/LISTING/CONTACTLESS-THERMOMETER-WITH-BATTERY-INCLUDED-669FB111142AD4E3422FB34B
BIOVECO	BIOVECO	poshmark.com	HTTPS://POSHMARK.COM/LISTING/BIOVECO-ANTIFUNGAL-CREAM-TOENAIL-FUNGUS-TREATMENT-ATHLETES-FOOT-CREAM-2-OZ-61FEB2209C3378282C473E13
BIRDROCK	BIRDROCK	poshmark.com	HTTPS://POSHMARK.COM/LISTING/BIRDROCK-HOME-65FF1A95F8C5DADD08DB27AC
BIRDROCKHOME	BIRDROCKHOME	poshmark.com	HTTPS://POSHMARK.COM/LISTING/BIRDROCK-HOME-65FF1A95F8C5DADD08DB27AC
BIRITALO	BIRITALO	poshmark.com	HTTPS://POSHMARK.COM/LISTING/BIRITALO-PORCH-LIGHTS-OUTDOOR-WALL-SCONCE-ALUMINUM-LED-WIRED-4-PACK-NEW-66AE6D39D399FF98D27DDFFE
BISUAL	BISUAL	poshmark.com	HTTPS://POSHMARK.COM/LISTING/BISUAL-HIGH-RISE-BOOTCUT-JEANS-65CA8E66932A8A436F30D398
BIUCLY	BIUCLY	poshmark.com	HTTPS://POSHMARK.COM/LISTING/BIUCLYWOMENS-CASUAL-BOHO-FLORALPRINT-V-NECK-STYLISH-DRAWSTRING-LONG-SLEEVE-65B3F3342FD49AFD1B16636C
BIUONE	BIUONE	poshmark.com	HTTPS://POSHMARK.COM/LISTING/BIOUNE-CAR-DASH-CAM-KIT-WITH-ACCESSORIES-67F42C164A072BE581680B6D
BIUZKO	BIUZKO	poshmark.com	HTTPS://POSHMARK.COM/LISTING/BIUZKO-ACRYLIC-NAIL-KIT-WITH-PREP-DEHYDRATOR-PRIMER-ACRYLIC-POWDER-NAIL-TIPS-6719BAB2A6BB7681D7F9EDB3
BIUZKO	BIUZKO	poshmark.com	HTTPS://POSHMARK.COM/LISTING/PRACTICE-HAND-FOR-ACRYLIC-NAILS-NEW-IN-BOX-65D7E2E0FF04841BE6D8D9A7
BIUZKO	BIUZKO	poshmark.com	HTTPS://POSHMARK.COM/LISTING/RACER-YELLOW-JUMPSUIT-629A8BA060FDEDC859FECE32
BIZOERADE	BIZOERADE	poshmark.com	HTTPS://POSHMARK.COM/LISTING/BIZOERADE-SILENT-STOPWATCH-METAL-DIGITAL-SPORTS-S-612AA6F1A2F48CC2883C96B7
BJERGINSTRUMENTS	BJERGINSTRUMENTS	poshmark.com	HTTPS://POSHMARK.COM/LISTING/SAUNA-THERMOMETER-BJERG-INSTRUMENTS-MEASUREMENT-SAUNA-ROOM-NEW-66312CC849D8D853D2941292
BJOUR	BJOUR	poshmark.com	HTTPS://POSHMARK.COM/LISTING/BJOUR-INDOOR-OUTDOOR-WALL-SCONCE-LIGHT-FIXTURE-NEW-620CA8EA69141266492EA8E4
BKAMINS	BKAMINS	poshmark.com	HTTPS://POSHMARK.COM/LISTING/BKAMINS-ANTIAGING-HAND-TREATMENT-642B2E5F61497334540AD1E8
BKEE	BKEE	poshmark.com	HTTPS://POSHMARK.COM/LISTING/BKEE-DUSTY-MINT-SILICONE-BABY-BOTTLE-PREP-SUCTION-CUP-LIFESAVER-BABY-MUST-HAVE-6230D46E9F626AA2E4702409
BKPEARL	BKPEARL	poshmark.com	HTTPS://POSHMARK.COM/LISTING/BKPEARL-2-PACK-DOUBLE-GROMMET-BELT-PU-LEATHER-PUNK-BELT-2-HOLE-GROMMET-JEANS-BE-63C04AFD7099BF09D0CB911F
BLACICO	BLACICO	poshmark.com	HTTPS://POSHMARK.COM/LISTING/BLACICO-JELLY-6-COLORS-SET-NUDE-GEL-POLISH-KIT-TRANSLUCENT-COLOR-UV-LED-6577F714FED51F6A31C098F9
BLADEHAWKS	BLADEHAWKS	poshmark.com	HTTPS://POSHMARK.COM/LISTING/BLADE-HAWKS-LED-GAMING-MOUSE-PAD-BX02-5E12B2227F617FB46E37590D
BLAHOO	BLAHOO	poshmark.com	HTTPS://POSHMARK.COM/LISTING/BROWN-BLAHOO-STROLLER-INFANT-TODDLER-68A00AC8FF353A73FEDFFC7A
BLASOUL	BLASOUL	poshmark.com	HTTPS://POSHMARK.COM/LISTING/BLASOUL-PLASTIC-POOL-JOINTS-PIN-1012FT-ROUND-METAL-FRAME-POOLS-67C764DA147B986C49D1CD5B
BLBYHO	BLBYHO	poshmark.com	HTTPS://POSHMARK.COM/LISTING/5-PC-FARMHOUSE-STYLE-WHITE-CERAMIC-BATHROOM-ACCESSORY-SET-65B2F8A164164A8DB4445C24
BLEURODBEATTIE	BLEURODBEATTIE	poshmark.com	HTTPS://POSHMARK.COM/LISTING/BLUE-ROD-BEATTIE-EXPECT-SOMETHING-BEAUTIFUL-649BAD921645F70F36A910A5
BLEVONH	BLEVONH	poshmark.com	HTTPS://POSHMARK.COM/LISTING/BLEVONH-ATHLETIC-SHORTS-62870E2FC693BD341066C98B
BLEVONH	BLEVONH	poshmark.com	HTTPS://POSHMARK.COM/LISTING/NWT-BLEVONH-RUNNING-SHORTS-5F28D56D446E5994E801DB0E
BLEVONH	BLEVONH	poshmark.com	HTTPS://POSHMARK.COM/LISTING/BLEVONH-RUNNING-SHORTS-6166811E8E7C649DC92A296E
BLINDECOR	BLINDECOR	poshmark.com	HTTPS://POSHMARK.COM/LISTING/BLINDECOR-BLACKOUT-CELLULAR-SHADES-CORDLESS-30-X-64-IN-HONEYCOMB-BEIGE-6563FD74E2AC0C5CBE73EE3E
BLINGSTAR	BLINGSTAR	poshmark.com	HTTPS://POSHMARK.COM/LISTING/BLINGSTAR-MENS-WATCH-5FFAF149446E59A2D01A7102
BLISSJOLLY	BLISSJOLLY	poshmark.com	HTTPS://POSHMARK.COM/LISTING/BLISSJOLLY-NONSLIP-BATHROOM-RUG-1724-DARK-GREY-62A80868FDD4CD878C743D11
BLISSWILL	BLISSWILL	poshmark.com	HTTPS://POSHMARK.COM/LISTING/BLISSWILL-FISHING-BACKPACK-WROD-HOLDER-ETC-657605AB7F29DD3954102BAD
BLITZBY	BLITZBY	poshmark.com	HTTPS://POSHMARK.COM/LISTING/BLITZBY-ANTIPERSPIRANT-HAND-CREAM-62CE3D2C614973CF6F3DFA60
BLIZZOW	BLIZZOW	poshmark.com	HTTPS://POSHMARK.COM/LISTING/BLIZZOW-HANDHELD-SEWING-MACHINE-ELECTRIC-HOUSEHOLD-QUICK-REPAIRING-TOOL-65306380FF0484F71BFA046E
BLKSMITH	BLKSMITH	poshmark.com	HTTPS://POSHMARK.COM/LISTING/THE-BEER-BELT-BY-BLKSMITH-64204CC891E05359943174B7
BLKWH	BLKWH	poshmark.com	HTTPS://POSHMARK.COM/LISTING/FINAL-PRICE-VINTAGE-SIZE-S-BLKWH-CARDIGAN-5DAA668B08D2C20B3B0B9670?ENABLE_GUEST_BUY_FLOW=TRUE&UL_OFF=TRUE
BLOFINCHE	BLOFINCHE	poshmark.com	HTTPS://POSHMARK.COM/LISTING/NWOT-BLOFINCHE-LAPTOP-MESSENGER-SHOULDER-BAG-GENUINE-COW-LEATHER-156-BROWN-65777374E0F2CEBA29AA1FDA
BLOFINCHE	BLOFINCHE	poshmark.com	HTTPS://POSHMARK.COM/LISTING/BLOFINCHE-BLACK-LEATHER-LAPTOP-MESSENGER-BAG-TOTE-NWT-69374CBD50E2DF9CCBB6B394
BLOFUN	BLOFUN	poshmark.com	HTTPS://POSHMARK.COM/LISTING/BLOFUN-WATER-SWIMMING-POOL-FLOAT-HAMMOCK-2-PACK-BLUE-AND-PINK-63C0F7A7BD66CDBDB77C77A7
BLOGGERLOVE	BLOGGERLOVE	poshmark.com	HTTPS://POSHMARK.COM/LISTING/WOMENS-DRESS-6090633B045E397C8C2BFF5B
BLOMOBA	BLOMOBA	poshmark.com	HTTPS://POSHMARK.COM/LISTING/BLOMOBA-PUSH-UP-BOARD-6562590E58083DB29D7859AD
BLPPLDYCI	BLPPLDYCI	poshmark.com	HTTPS://POSHMARK.COM/LISTING/BLPPLDYCI-HIGH-QUALITY-PUZZLE-1000-PIECES-61ECBB9767BD9183BA532C82
BLUCARE	BLUCARE	poshmark.com	HTTPS://POSHMARK.COM/LISTING/BLURAD-BLUCARE-3-IN-1-DERMA-ROLLER-KIT-65FB2A1A2FBF1AE30A521FFF
BLUEENJOY	BLUEENJOY	poshmark.com	HTTPS://POSHMARK.COM/LISTING/BLUEENJOY-COPPER-COMPRESSION-SOCKS-FOR-WOMEN-MEN-6-PAIRS-66214874741271111CAF627C
BLUENIN	BLUENIN	poshmark.com	HTTPS://POSHMARK.COM/LISTING/BLACK-EARBUD-HEADPHONES-685C30832326C8630EE9B415
BLUENIN	BLUENIN	poshmark.com	HTTPS://POSHMARK.COM/LISTING/BLUENIN-WIRELESS-HEADPHONES-612BFB77CB692CC6815C080B
BLUEPHONIC	BLUEPHONIC	poshmark.com	HTTPS://POSHMARK.COM/LISTING/BLUEPHONIC-LIBRE-WIRELESS-BLUETOOTH-EARBUDS-674E6C81B4EE5BB46758DC81
BLUESIM	BLUESIM	poshmark.com	HTTPS://POSHMARK.COM/LISTING/BLUESIM-PROFESSIONALCHEFS-KNIFE-8-420-GRADE-3CR13MOV-SS-SHARP-FAST-SHIPPING-6858D97EEF1EF7E634356617
BLUEWAVEBEDDING	BLUEWAVEBEDDING	poshmark.com	HTTPS://POSHMARK.COM/LISTING/BLUEWAVE-BEDDING-ULTRA-SLIM-GEL-MEMORY-FOAM-PILLOW-FOR-STOMACH-AND-BACK-SLEEPERS-661AA753B1EF58646F109D1D
BLUMELODY	BLUMELODY	poshmark.com	HTTPS://POSHMARK.COM/LISTING/SMART-WATCH-FITNESS-TRACKER-BODY-TEMPERATURE-BLOOD-OXYGEN-AND-MORE-6404E3B44BF9FF4CA651A394
BLUMELODY	BLUMELODY	poshmark.com	HTTPS://POSHMARK.COM/LISTING/FITNESS-TRACKER-SMART-WATCH-62EB1819B289D2DF538949D5
BLUMELODY	BLUMELODY	poshmark.com	HTTPS://POSHMARK.COM/LISTING/BLUMELODY-SMART-WATCH-602449F243895FA31CB8B02A
BLUMELODY	BLUMELODY	poshmark.com	HTTPS://POSHMARK.COM/LISTING/BLUEMELODY-SMART-WATCH-FITNESS-TRACKER-631BF6D3C9A228AD04033793
BMHOLU	BMHOLU	poshmark.com	HTTPS://POSHMARK.COM/LISTING/BMHOLU-WIRELESS-EARBUDS-WITH-CHARGING-CASE-BLUETOOTH-53-HEADPHONES-INEAR-NEW-65C94CA4678C3AC6754355AC
BNIB	BNIB	poshmark.com	HTTPS://POSHMARK.COM/LISTING/NYX-LOOK-IN-A-BOX-LUSH-FLORA-BNIB-5AE6B812A44DBE928EB04135
BNWT	BNWT	poshmark.com	HTTPS://POSHMARK.COM/LISTING/BNWT-BRANDY-MELVILLE-LYDIA-TANK-62699EF360FDED9FB4DCC498
BNWT	BNWT	poshmark.com	HTTPS://POSHMARK.COM/LISTING/THERMAL-SHERPA-SLIPPER-SOCKS-BNWT-62EAC5F2932A8AC78B249859
BNWT	BNWT	poshmark.com	HTTPS://POSHMARK.COM/LISTING/BNWT-66BFECF1D90D21793AB4A1DB
BNWT	BNWT	poshmark.com	HTTPS://POSHMARK.COM/LISTING/LANDS-END-BNWT-DEEP-SEA-NAVY-BLUE-CORDUROY-BLAZER-JACKET-SIZE-SMALL-661B45DB154600BDB4CA3141
BOBEINI	BOBEINI	poshmark.com	HTTPS://POSHMARK.COM/LISTING/NWT-BOBEINI-3-PIECE-EYEBROW-PENCIL-SET-BROWN-BLACK-EYELINER-RAZOR-6849B1E79F034CC1A1295299
BOBEINI	BOBEINI	poshmark.com	HTTPS://POSHMARK.COM/LISTING/4-PC-WATERPROOF-EYEBROW-KIT-4-PIECES-WATERPROOF-BOBEINI-64363503ACF46243A96C6438
BOBICOM	BOBICOM	poshmark.com	HTTPS://POSHMARK.COM/LISTING/UNISEX-BLACK-ADJUSTABLE-INLINE-SKATES-WITH-FULL-LIGHT-UP-WHEELS-BOBICOM-6798791A1B40A78380C0BD93
BOBJGEAR	BOBJGEAR	poshmark.com	HTTPS://POSHMARK.COM/LISTING/BOBJ-RUGGED-CASE-FOR-ASUS-TRANSFORMER-BOOK-T100KID-FRIENDLY-BATFISH-BLUE-63FCE3DD84B307E48686ECED
BODATU	BODATU	poshmark.com	HTTPS://POSHMARK.COM/LISTING/BODATU-BOYS-GIRLS-GARDEN-CLOGS-KIDS-SLIP-ON-BEACH-CHILDREN-SANDALS-SIZE-13-6760B8B21546008AB655B1CF
BODDENLY	BODDENLY	poshmark.com	HTTPS://POSHMARK.COM/LISTING/BLACK-SWIMSUIT-TANK-TOP-V-NECK-SPORT-TOP-COVERUP-60CE30E7B9190EC7598502C1
BODIWELLFORABETTERLIFE	BODIWELLFORABETTERLIFE	poshmark.com	HTTPS://POSHMARK.COM/LISTING/BODIWELL-FOR-A-BETTER-LIFE-MUSCLE-MASSAGE-GUN-65B54700013D2A7FB162C779
BODREAM	BODREAM	poshmark.com	HTTPS://POSHMARK.COM/LISTING/BODREAM-ROUND-CUBIC-ZIRCONIA-CZ-FULL-ETERNITY-RING-STERLING-SILVER-NIB-6477E7AA3B982A6C1930EB4B
BODREAM	BODREAM	poshmark.com	HTTPS://POSHMARK.COM/LISTING/BODREAM-3CT-ELONGATED-CUSHION-CUT-CUBIC-ZIRCONIA-CZ-RING-FOR-WOMEN-SZ-5-SILVER-6601AE5FF62533DC76AE3F99
BODYBAY	BODYBAY	poshmark.com	HTTPS://POSHMARK.COM/LISTING/BODYBAY-PERSONAL-PERCUSSION-MASSAGE-GUN-VIBRATION-DEEP-TISSUE-PERCUSSION-662A6B429CEAF7419EFBF277
BODYBUGG	BODYBUGG	poshmark.com	HTTPS://POSHMARK.COM/LISTING/BODY-BUGG-V2-BODY-MEDIA-ACTIVITY-CALORIE-TRACKER-ARMBAND-24-HR-W-ACCESSORIES-61BAD8844FD23A5D8011BEBB
BODYGLOVESURGE	BODYGLOVESURGE	poshmark.com	HTTPS://POSHMARK.COM/LISTING/BODY-GLOVE-SURGE-SWIM-FINS-SWEEP-VU-GOGGLES-IN-CARRYING-CASE-SIZE-1213-ADULT-6297D37457600602D90E3CDF
BODYGLOVESURGE	BODYGLOVESURGE	poshmark.com	HTTPS://POSHMARK.COM/LISTING/BODY-GLOVE-SURGE-DIVING-FINS-78-ITALY-62A37A3FD6BAAB04CE1ED552
BODYINNOVATION	BODYINNOVATION	poshmark.com	HTTPS://POSHMARK.COM/LISTING/BODY-INNOVATIONS-SOOTHING-FOOT-WARMER-MASSAGE-HEAT-MEMORY-FOAM-BRAND-GRAY-NEW-627F009773D96198CBDF1969
BODYINNOVATIONS	BODYINNOVATIONS	poshmark.com	HTTPS://POSHMARK.COM/LISTING/BODY-INNOVATIONS-SOOTHING-FOOT-WARMER-MASSAGE-HEAT-MEMORY-FOAM-BRAND-GRAY-NEW-627F009773D96198CBDF1969
BODYSHOTZ	BODYSHOTZ	poshmark.com	HTTPS://POSHMARK.COM/LISTING/EXOTIC-DANCE-CLOTHES-60E7C63793649FCB385CD15A
BOENCE	BOENCE	poshmark.com	HTTPS://POSHMARK.COM/LISTING/BOENCE-PET-NAIL-GRINDER-621EAAD62CA9ABB5E77F6960
BOENCE	BOENCE	poshmark.com	HTTPS://POSHMARK.COM/LISTING/BOENCE-YOGA-MAT-BAG-AND-DOUBLE-STORAGE-POCKET-HOT-61145F15CB692C0D369079C2
BOERNI	BOERNI	poshmark.com	HTTPS://POSHMARK.COM/LISTING/IBSO-BOERNI-AIBISINO-WATCH-61D779DB074D248AA62BC48F
BOERTE	BOERTE	poshmark.com	HTTPS://POSHMARK.COM/LISTING/BOERTE-PICKLEBALL-SET-2-PADDLES-AND-FOUR-BALLS-WITH-CASEENJOY-THIS-FUN-GAME-683D1B202C9E4431600115C2
BOERTE	BOERTE	poshmark.com	HTTPS://POSHMARK.COM/LISTING/BOERTE-BIKE-PEDAL-ADAPTER-TOE-CLIPS-CAGE-COMPATIBLE-WITH-PELOTON-BIKE-BIKE-634B0B37F644E5C06EF3D4E9
BOFFDOCK	BOFFDOCK	poshmark.com	HTTPS://POSHMARK.COM/LISTING/NEW-ROUND-DUAL-RUN-CAPACITOR-FOR-AIR-CONDITIONER-HEAT-PUMP-CONDENSER-615757F79AD8441F854ECABD
BOGUANG	BOGUANG	poshmark.com	HTTPS://POSHMARK.COM/LISTING/BOGUANG-SUNGLASSES-PURPLE-TORTOISE-60D73E4C93649FECB50B3C8A
BOHHO	BOHHO	poshmark.com	HTTPS://POSHMARK.COM/LISTING/MAN-BOHHO-MAN-PANTS-675651C4C479B815F262A9FA
BOII	BOII	poshmark.com	HTTPS://POSHMARK.COM/LISTING/BOII-LIFE-LEMON-PRINT-STRAPPY-DRESS-67FE6FDE2C9E44C0368CD3F0
BOIWANMA	BOIWANMA	poshmark.com	HTTPS://POSHMARK.COM/LISTING/STEEL-TOE-WORK-BOOTS-6597853C04166D7757C3004B
BOIWANMA	BOIWANMA	poshmark.com	HTTPS://POSHMARK.COM/LISTING/BOIWANMA-STEEL-TOE-MENS-BOOTS-BLACK-SIZE-10-63A8B9B4FED51F0769B4E528
BOJAFA	BOJAFA	poshmark.com	HTTPS://POSHMARK.COM/LISTING/PET-GROOMING-CLIPPERS-66048C0B32C1DC4DDBA8C3D5
BOJEUX	BOJEUX	poshmark.com	HTTPS://POSHMARK.COM/LISTING/HAND-WARMER-627ACE08C3C2D0A03B6D3926
BOJIN	BOJIN	poshmark.com	HTTPS://POSHMARK.COM/LISTING/BOJIN-MENS-HAWAIIAN-SHIRT-66746D419A76EFE2DF2F50D1
BOKIMD	BOKIMD	poshmark.com	HTTPS://POSHMARK.COM/LISTING/BOKIMD-JAZZ-DANCE-SHOES-SIZE-135-62E2DB73614973A16546EB02
BOKIMD	BOKIMD	poshmark.com	HTTPS://POSHMARK.COM/LISTING/NEW-CHILD-LACE-UP-BLACK-TAP-SHOES-SIZE-35-630554E09376E50D110AF40C
BOLAIYA	BOLAIYA	poshmark.com	HTTPS://POSHMARK.COM/LISTING/BOLAIYA-SLEEVELESS-WHITE-LACE-MINI-DRESS-61EA2407F5C244E5AD946522
BOLAIYA	BOLAIYA	poshmark.com	HTTPS://POSHMARK.COM/LISTING/BOLAIYA-DRESS-664CDC25206847739154B0F4
BOLAIYA	BOLAIYA	poshmark.com	HTTPS://POSHMARK.COM/LISTING/BOLAIYA-CROCHET-DRESS-6688AFB62D829ACE715EA039
BOLBOVE	BOLBOVE	poshmark.com	HTTPS://POSHMARK.COM/LISTING/BOLBOVE-KEYCHAIN-63BC3F4F253A8C4748B98733
BOLBOVE	BOLBOVE	poshmark.com	HTTPS://POSHMARK.COM/LISTING/BOLBOVE-DOG-KEYCHAIN-67436C54C479B8C9A3A226C3
BOLBOVE	BOLBOVE	poshmark.com	HTTPS://POSHMARK.COM/LISTING/CUTE-PENGUIN-KEYCHAIN-HANDBAG-CHARM-BLUE-NEW-631E31BF3B982ACAA5118D67
BOLL	BOLL	poshmark.com	HTTPS://POSHMARK.COM/LISTING/NWT-2-BOLL-BRANCH-KING-SHAMS-698A400A21B801B72F8E9BD2
BOLLEPO	BOLLEPO	poshmark.com	HTTPS://POSHMARK.COM/LISTING/NWT-BOLLEPO-PINK-BED-CANOPY-677C1F730A60D5146E42FB11
BOLLFO	BOLLFO	poshmark.com	HTTPS://POSHMARK.COM/LISTING/BOLLFO-POLARIZED-SPORTS-SUNGLASSES-CYCLING-3-INTERCHANGEABLE-LENSES-UNISEX-NEW-644AA65A8D7A3CB97C78B6CF
BOLZRA	BOLZRA	poshmark.com	HTTPS://POSHMARK.COM/LISTING/BOLZRA-SAFARI-ANIMALS-FIGURINES-TOYS-WITH-ACTIVITY-PLAY-MAT-TREES-66730D0E693FF72E9F16F092
BOMAKER	BOMAKER	poshmark.com	HTTPS://POSHMARK.COM/LISTING/BOMAKER-GC355-WIFI-WIRELESS-LED-PROJECTOR-NATIVE-HD-1080P-HOME-THEATER-WIFI-NEW-6225342EE1316422567CF217
BOMAKER	BOMAKER	poshmark.com	HTTPS://POSHMARK.COM/LISTING/BOMAKER-SIFI-II-TRUE-WIRELESS-EARBUDS-6621612A5C465E869AEF4ED9
BOMATA	BOMATA	poshmark.com	HTTPS://POSHMARK.COM/LISTING/BOMATA-DIGITAL-KITCHEN-SCALE-69044E88310F1C70B1455D57
BOMINE	BOMINE	poshmark.com	HTTPS://POSHMARK.COM/LISTING/NIB-BOMINE-STILETTO-OMBR-PRESS-ON-NAILS-6338719991E0534776FCBC19
BOMVES	BOMVES	poshmark.com	HTTPS://POSHMARK.COM/LISTING/ELECTRIC-SPIN-SCRUBBER-CORDLESS-CLEANING-BRUSH-SCRUBBER-672573E3147B9899CD4E369C
BONAFINI	BONAFINI	poshmark.com	HTTPS://POSHMARK.COM/LISTING/BONAFINI-COLLECTION-MENS-LUXURY-DERBY-DRESS-SHOES-61CF857481A36CC57DDAB4C1
BONAFINICOLLECTION	BONAFINICOLLECTION	poshmark.com	HTTPS://POSHMARK.COM/LISTING/BONAFINI-COLLECTION-MENS-LUXURY-DERBY-DRESS-SHOES-61CF857481A36CC57DDAB4C1
BONCERA	BONCERA	poshmark.com	HTTPS://POSHMARK.COM/LISTING/BONCERA-ALLINONE-4PCS-PREMIUM-CERAMIC-GARLIC-GRATER-SET-HANDMADE-6333CD64A0AEB72B07443297
BONDKA	BONDKA	poshmark.com	HTTPS://POSHMARK.COM/LISTING/BACKPACK-60B8EA292E8E44D2A9C319A9
BONITEE	BONITEE	poshmark.com	HTTPS://POSHMARK.COM/LISTING/BONITEE-WOMENS-SPAGHETTI-STRAP-CROP-TOP-SEXY-CAMI-BASIC-63FF59DFC5DF6C4A107AC0C9
BONSAIWELLNESS	BONSAIWELLNESS	poshmark.com	HTTPS://POSHMARK.COM/LISTING/BONSAI-WELLNESS-CERVICAL-HAMMOCK-65104831F644E5AFD70BFC9A
BONSING	BONSING	poshmark.com	HTTPS://POSHMARK.COM/LISTING/KAYAK-LOAD-ASSIST-FOR-VEHICLE-ROOF-LIFT-WITH-SUCTION-CUPS-BONSING-KAYAK-ROLLER-64767F15A5BB34F4E861F56B
BONTHEE	BONTHEE	poshmark.com	HTTPS://POSHMARK.COM/LISTING/LARGE-DOG-CONE-65EE0EEE9464F3EE6BE5683B
BONTIERIE	BONTIERIE	poshmark.com	HTTPS://POSHMARK.COM/LISTING/NEVER-WORN-BONTIERIE-USHAPED-ADHESIVE-STRAPLESS-BACKLESS-BRA-SIZE-D-6339CFACEB7E7A1F9AA4CB1C
BONTILL	BONTILL	poshmark.com	HTTPS://POSHMARK.COM/LISTING/COOL-MIST-HUMIDIFIERS-645ADAB0ACF462C7B1537A49
BONTILL	BONTILL	poshmark.com	HTTPS://POSHMARK.COM/LISTING/COOL-MIST-HUMIDIFIERS-FOR-BEDROOM-LARGE-ROOM-25L-WATER-TANK-QUIET-ULTRASONI-6408007883CBEC7016790CAA
BONTILL	BONTILL	poshmark.com	HTTPS://POSHMARK.COM/LISTING/NWT-NEVER-USED-COOL-MIST-HUMIDIFIER-FOR-BEDROOM-LARGE-ROOM-25L-WATER-TANK-66DF0B591DF636AEE81817C7
BONVIGOR	BONVIGOR	poshmark.com	HTTPS://POSHMARK.COM/LISTING/BONVIGOR-BLACK-MATERNITY-LEGGINGS-OVER-THE-BELLY-6660A75EC383720A910EB8E2
BONZLO	BONZLO	poshmark.com	HTTPS://POSHMARK.COM/LISTING/SHARK-CHARCUTERIE-BOARD-BY-BONZLO-SHELF-66015F5DBA3D4869CA42B67D
BOODABRAND	BOODABRAND	poshmark.com	HTTPS://POSHMARK.COM/LISTING/ANTI-TIP-METAL-FURNITURE-STRAP-10-PK-63FAB6C44BF9FFDB89FFE841
BOODLAB	BOODLAB	poshmark.com	HTTPS://POSHMARK.COM/LISTING/BOODLAB-SLEEP-MASK-HEADPHONES-3D-BLUETOOTH-629BFF57C3C2D0E796EDF5AD
BOOROO	BOOROO	poshmark.com	HTTPS://POSHMARK.COM/LISTING/BOOROO-BOOTS-5522D3D02599FE31DE00D408
BOOSTEADY	BOOSTEADY	poshmark.com	HTTPS://POSHMARK.COM/LISTING/BOOSTEADY-UNIVERSAL-HANDGUN-CLEANING-KIT-22357389MM45-CALIBER-63B7D105E5B9CF35BCB97958
BOOTYBUDDY	BOOTYBUDDY	poshmark.com	HTTPS://POSHMARK.COM/LISTING/BOOTY-BUDDY-640E4C57EB7E7AA9F14AC87A
BOOTYLICIOUSBBLPILLOW	BOOTYLICIOUSBBLPILLOW	poshmark.com	HTTPS://POSHMARK.COM/LISTING/BBL-PILLOW-641DC7F5FFB5D04ADF2BDF20
BOPPIE	BOPPIE	poshmark.com	HTTPS://POSHMARK.COM/LISTING/BABY-BOPPIE-651399A187A2F5C302F61699
BOPPIE	BOPPIE	poshmark.com	HTTPS://POSHMARK.COM/LISTING/BOPPIE-NURSING-PILLOW-67377921C38372C44E860124
BORGASETS	BORGASETS	poshmark.com	HTTPS://POSHMARK.COM/LISTING/BORGASETS-WALLET-60D654C1FF7C5A210E556C55
BORIVILLA	BORIVILLA	poshmark.com	HTTPS://POSHMARK.COM/LISTING/TOUCH-SCREEN-CROSS-BODY-PHONE-PURSE-BY-BORIVILLA-61E0621B946D37C306B2C207
BORLENI	BORLENI	poshmark.com	HTTPS://POSHMARK.COM/LISTING/BORLENI-RACING-MOTOR-SPORTS-MOTORCYCLE-JACKET-636F2B198D7A3C36A2604D7F
BORLENI	BORLENI	poshmark.com	HTTPS://POSHMARK.COM/LISTING/BORLENI-MOTORCYCLE-JACKET-MOTORBIKE-RIDING-WINDPROOF-PROTECTIVE-SIZE-LARGE150-63096B03CBDA47330E09C47D
BORNBASIC	BORNBASIC	poshmark.com	HTTPS://POSHMARK.COM/LISTING/BORN-BASIC-ANTIBAC-HAND-SANITIZER-6091E5C1284E992EA0D81DED
BORPEIN	BORPEIN	poshmark.com	HTTPS://POSHMARK.COM/LISTING/BORPEIN-CATSLOW-FEEDER-CAT-TOYS-PUZZLE-FEEDER-INTERACTIVE-BALL-TOY-64847E62AF7F4786FA792047
BORSALI	BORSALI	poshmark.com	HTTPS://POSHMARK.COM/LISTING/PORTABLE-PAPER-SOAP-SHEETS-NON-LIQUID-5FEB92A85462C3AE8B28DF53
BORUO	BORUO	poshmark.com	HTTPS://POSHMARK.COM/LISTING/BORUO-925-STERLING-SILVER-RING-67769D6A6AF575A53F4D3C37
BOSANE	BOSANE	poshmark.com	HTTPS://POSHMARK.COM/LISTING/BOSANE-PREMIUM-100-WATERPROOF-FULL-MATTRESS-PROTECTOR-BREATHABLE-COOL-WHITE-NEW-6637E414CE70651A9255F2D3
BOSCEOS	BOSCEOS	poshmark.com	HTTPS://POSHMARK.COM/LISTING/OUTDOOR-G40-LED-GLOBE-STRING-LIGHTS-200FT-100FEET-2-WATERPROOF-SHATTERPROOF-664A0D09F4D1794FE93E29A7
BOSESSENTIALS	BOSESSENTIALS	poshmark.com	HTTPS://POSHMARK.COM/LISTING/ULTRA-FINE-COSMETIC-GRADE-VITAMIN-C-POWDER-DISSOLVES-INSTANTLY-IN-WATER-NEW-628EA1C189A0EAA16C83D42E
BOSIDENG	BOSIDENG	poshmark.com	HTTPS://POSHMARK.COM/LISTING/SOLD-BOSIDENG-DOWN-FILLED-JACKET-MENS-L-BLACK-CASUAL-COMFY-MINIMALIST-WARM-68CF8FBFBD4CE3F2A3BB4D8C
BOSTONIANCOMMONWEALTH	BOSTONIANCOMMONWEALTH	poshmark.com	HTTPS://POSHMARK.COM/LISTING/BOSTONIAN-COMMONWEALTH-61F85B497EC30CFA811F71C4
BOSTONIANCOMMONWEALTH	BOSTONIANCOMMONWEALTH	poshmark.com	HTTPS://POSHMARK.COM/LISTING/BOSTONIAN-COMMONWEALTH-FLEXLITE-SHOES-SIZE-11-65D38EDB678C3A52C8A9869C
BOSTONIANCOMMONWEALTH	BOSTONIANCOMMONWEALTH	poshmark.com	HTTPS://POSHMARK.COM/LISTING/BOSTONIAN-COMMONWEALTH-SHOES-61DC7F4B941F170B37BD7ECC
BOSTONIANCOMMONWEALTH	BOSTONIANCOMMONWEALTH	poshmark.com	HTTPS://POSHMARK.COM/LISTING/BOSTONIAN-COMMONWEALTH-MENS-SHOES-SLIPON-LOAFERS-BROWN-SIZE-105-DURALITE-62E834F3E5F8DC7850995D8D
BOSYNOY	BOSYNOY	poshmark.com	HTTPS://POSHMARK.COM/LISTING/BOSYNOY-SKI-BAG-WATERPROOF-PADDED-BACKPACK-AIR-TRAVEL-SNOWBOARD-GEAR-NEW-65B123B9B9BD74A2DDA6E2BA
BOSYTRO	BOSYTRO	poshmark.com	HTTPS://POSHMARK.COM/LISTING/SWITCHING-POWER-SUPPLY-6679E790C383726CA6E4D31E
BOTEE	BOTEE	poshmark.com	HTTPS://POSHMARK.COM/LISTING/BOTEE-BLUE-WOMENS-ACTIVEWEAR-SET-SMALL-68920E3C149377B62FC103B6?ENABLE_GUEST_BUY_FLOW=TRUE&UL_OFF=TRUE
BOTEE	BOTEE	poshmark.com	HTTPS://POSHMARK.COM/LISTING/BOTEE-OPEN-BACK-PLUNGE-SPORTS-BRA-AND-SHORTS-SET-GREEN-SM-6860D82AE8638002AD8F5F00
BOTHENIAL	BOTHENIAL	poshmark.com	HTTPS://POSHMARK.COM/LISTING/BOTHENIAL-BUTTON-UP-PINK-SHORT-SLEEVE-COLLARED-SHIRT-SIZE-MEDIUM-63A34A0E3DDDF4934B65EBEC
BOTINDO	BOTINDO	poshmark.com	HTTPS://POSHMARK.COM/LISTING/BOTINDO-LEATHER-GLOVES-WARM-LINING-TOUCHSCREEN-DRIVING-CLOVESNWT-622BFACA3A0DB9A0F0460127
BOTORRO	BOTORRO	poshmark.com	HTTPS://POSHMARK.COM/LISTING/FOLDING-TREADMILL-EXERCISER-FOLDABLE-WALK-63A63B9D36660E5DC7E63B63
BOTPOV	BOTPOV	poshmark.com	HTTPS://POSHMARK.COM/LISTING/BOTPOV-EYEWEAR-BLUE-SUNGLASSES-676F7B1A147B989AEE7037B1
BOUNCEMASTER	BOUNCEMASTER	poshmark.com	HTTPS://POSHMARK.COM/LISTING/VINTAGE-ACCURA-BOUNCEMASTER-FLASH-5E149038B3E9174D93F10539
BOUNDERY	BOUNDERY	poshmark.com	HTTPS://POSHMARK.COM/LISTING/BOUNDERY-BUG-BULB-WITH-LED-LIGHT-PORTABLE-FOR-CAMPING-63729A3A614973E8E95AFC44
BOUROKI	BOUROKI	poshmark.com	HTTPS://POSHMARK.COM/LISTING/BOUROKI-CUTE-CARTOON-SHIBA-INU-SERIES-CAR-AIR-FRESHENERS-IN-5-DIFFERENT-SCENTS-67BF4A4FD6C0DC2B73C5F657
BOUSH	BOUSH	poshmark.com	HTTPS://POSHMARK.COM/LISTING/VINTAGE-RAY-BAN-VAGABOND-BY-BOUSH-LOMB-63C03DA0FED51F097B7946BF
BOXCLEVERPRESS	BOXCLEVERPRESS	poshmark.com	HTTPS://POSHMARK.COM/LISTING/BOXCLEVER-PRESS-GOAL-PLANNER-LUXURY-UNDATED-WEEKLY-PLANNER-66A16D72DC327DC1F1A65156
BOXERPOINT	BOXERPOINT	poshmark.com	HTTPS://POSHMARK.COM/LISTING/COPY-BOXING-REFLEX-BALL-FOR-ADULTS-AND-KIDS-60828794FDEA1B4D5FEFF84A
BOYXCO	BOYXCO	poshmark.com	HTTPS://POSHMARK.COM/LISTING/PORTABLE-GREEN-SCREEN-FOR-OFFICE-DESK-6473AF5DF8C5DAE1E6E53084
BOYXCO	BOYXCO	poshmark.com	HTTPS://POSHMARK.COM/LISTING/GREEN-SCREEN-65C41931253A8CED0DA6BFAB
BOYXCO	BOYXCO	poshmark.com	HTTPS://POSHMARK.COM/LISTING/MENS-TRENCH-COAT-6002312BC936AF89B76C8A84
BOZYBO	BOZYBO	poshmark.com	HTTPS://POSHMARK.COM/LISTING/BOZYBO-WEATHER-STATION-INDOOROUTDOOR-THERMOMETER-KA001-64B43B10F3D624E165B4CA09
BPLUMA	BPLUMA	poshmark.com	HTTPS://POSHMARK.COM/LISTING/BPLUMA-KNEE-BRACE-IN-BLUE-689DCF6DC4E7B41BE3359B5B
BPLUMA	BPLUMA	poshmark.com	HTTPS://POSHMARK.COM/LISTING/NEW-BPLUMA-TRAVEL-BOTTLES-LEAK-PROOF-CONTAINERS-FOR-TOILETRIES-TSA-APPROVED-AIR-69020DDE134DDB852BF8D47F
BQYPOWER	BQYPOWER	poshmark.com	HTTPS://POSHMARK.COM/LISTING/BQYPOWER-MIXER-MEAT-GRINDER-KITCHEN-AID-FOOD-GRINDER-ATTACHMENT-NEW-6660994B280CC6E4DAAE4DAC
BRABALAS	BRABALAS	poshmark.com	HTTPS://POSHMARK.COM/LISTING/BRABALAS-WIRELESS-SEAMLESS-BRA-COMFORTABLE-SEAMLESS-ADJUSTABLE-STRAPS-NWT-40DD-65B1C314F644E5E284581AEA
BRACHER	BRACHER	poshmark.com	HTTPS://POSHMARK.COM/LISTING/BE-BY-BRACHER-EMDEN-DESIGNER-HANDBAG-557FCC2A8FE421507000017C
BRAILEY	BRAILEY	poshmark.com	HTTPS://POSHMARK.COM/LISTING/SHOWPO-BRAILEY-MIDI-DRESS-65763BA4B635F8F2DBC01BC1
BRAKEFLY	BRAKEFLY	poshmark.com	HTTPS://POSHMARK.COM/LISTING/BRAKEFLY-PORTABLE-HANDHELD-MULTIPURPOSE-VACUUM-SEALER-MACHINE-NEW-SEALED-6340661591E053102AFB9E1E
BRANDZINI	BRANDZINI	poshmark.com	HTTPS://POSHMARK.COM/LISTING/BRANDZINI-SIGNATURE-6297D928920786BDDA392B5B
BRANFIT	BRANFIT	poshmark.com	HTTPS://POSHMARK.COM/LISTING/BRANFIT-POSTURE-CORRECTOR-654FE64E7F29DD601CFB0A59
BRANFIT	BRANFIT	poshmark.com	HTTPS://POSHMARK.COM/LISTING/NECK-TRACTION-DEVICE-602D7ACA074D24F506B80196
BRAPILOT	BRAPILOT	poshmark.com	HTTPS://POSHMARK.COM/LISTING/BRAPILOT-DIGITAL-FOOD-MEAT-CANDY-THERMOMETER-FT200-INSTANT-READ-PROBE-THERMOME-63ABED0E0A6A863EFC639D35
BREAVO	BREAVO	poshmark.com	HTTPS://POSHMARK.COM/LISTING/BREAVO-FACE-CREAM-FOR-MEN-682F9C5205DEB327896ED98F
BREAVO	BREAVO	poshmark.com	HTTPS://POSHMARK.COM/LISTING/NWT-BREAVO-6-IN-1-MENS-DAILY-CARE-FACE-CREAM-17OZ-683379C39F19E28B0D70B1E3
BREEKET	BREEKET	poshmark.com	HTTPS://POSHMARK.COM/LISTING/BREEKET-OVER-THE-SINK-MULTIPURPOSE-ROLL-UP-DISH-DRYING-RACK-62AA857AFDD4CDD8B3F15932
BREEZSISAN	BREEZSISAN	poshmark.com	HTTPS://POSHMARK.COM/LISTING/ROUND-TABLE-PLACEMATS-SET-WEDGE-PLACEMATS-WITH-CENTERPIECE-ROUND-PLACEMAT-BURGUN-66622677F51A0FE675C8F2BA
BRELLAVI	BRELLAVI	poshmark.com	HTTPS://POSHMARK.COM/LISTING/REUSABLE-BRELLAVI-PET-HAIR-REMOVER-ROLLER-681840522FA0541064447A03
BREVINO	BREVINO	poshmark.com	HTTPS://POSHMARK.COM/LISTING/BREVINO-BEVERAGE-CHILLER-68912FA59F034CDBDAD5A886
BREWIN	BREWIN	poshmark.com	HTTPS://POSHMARK.COM/LISTING/BREWIN-3PC-PROFESSIONAL-CHEF-KNIFE-SET-CARBON-STAINLESS-STEEL-JAPANESE-KNIFE-64441769E34C301A260D10E7
BRFBM	BRFBM	poshmark.com	HTTPS://POSHMARK.COM/LISTING/BRFBM-BLUE-FLORAL-WRAP-FRONT-MIDI-DRESS-NEW-WITH-TAGS-SIZE-SMALL-64D04D27C5DF6C0413D1E719
BRFBM	BRFBM	poshmark.com	HTTPS://POSHMARK.COM/LISTING/BRFBM-BLUE-FLORAL-WRAP-FRONT-MIDI-DRESS-XL-6431C390FED51FD5A62DBEA9
BRG	BRG	poshmark.com	HTTPS://POSHMARK.COM/LISTING/CARHARTT-MIDWEIGHT-QUILT-LINED-JACKET-YOUTH-LARGE-Y06-BRG-BURGUNDY-690C04D5E292AA274D3A5B02
BRIDGEPORTDESIGNS	BRIDGEPORTDESIGNS	poshmark.com	HTTPS://POSHMARK.COM/LISTING/2-BRIDGEPORT-DESIGNS-TABLE-LAMPS-LIAM-6578BBE524237A4A6141266B
BRIGHTERELEMENTS	BRIGHTERELEMENTS	poshmark.com	HTTPS://POSHMARK.COM/LISTING/BRIGHTER-ELEMENTS-BABY-CARRIER-5D45894C8D6F1A902362CA6E
BRIGHTEYESBLANKET	BRIGHTEYESBLANKET	poshmark.com	HTTPS://POSHMARK.COM/LISTING/BRIGHT-EYES-BLANKET-2023-VERSION-SUPER-SOFT-BLANKET-FOR-KIDS-WITH-LED-LIGHTS-H-64F8CCE256B2F830352DAA52
BRIGHTFEET	BRIGHTFEET	poshmark.com	HTTPS://POSHMARK.COM/LISTING/BRIGHT-FEET-LIGHTED-SLIPPERS-656417627DFCC21337A06B53
BRIGHTFEET	BRIGHTFEET	poshmark.com	HTTPS://POSHMARK.COM/LISTING/MED-121-CHILDRENS-KIDS-BRIGHT-FEET-LIGHTED-SLIPPERS-BLUE-FLEECE-NON-SKID-621D0749A2F48C5134A9D8E1
BRIGHTJUNGLE	BRIGHTJUNGLE	poshmark.com	HTTPS://POSHMARK.COM/LISTING/BRIGHTJUNGLE-UNDER-EYE-COLLAGEN-PATCH-24K-GOLDEN-ANTIAGING-MASK-PADS-16-PAIRS-64DFE9EFB591EDBE11D9CDB0
BRIGHTKINGDOM	BRIGHTKINGDOM	poshmark.com	HTTPS://POSHMARK.COM/LISTING/VINTAGE-BRIGHT-KINGDOM-PLASTIC-BLUE-GT-600-TOY-RACE-CAR-625-66614075B3EF620E4E570057
BRIGHTKINGDOM	BRIGHTKINGDOM	poshmark.com	HTTPS://POSHMARK.COM/LISTING/BRIGHT-KINGDOM-TOY-BLACK-GREY-PLASTIC-MOTORCYCLE-CHOPPER-105-WITH-LIGHT-650B240D678C3A060C1FE145
BRIGHTRIGHT	BRIGHTRIGHT	poshmark.com	HTTPS://POSHMARK.COM/LISTING/SOLAR-LAWN-LIGHTS-BRIGHTRIGHT-A-BOX-OF-3-NEW-6661E0CB69EF1ADB231E6CF9
BRIGHTTIDINGS	BRIGHTTIDINGS	poshmark.com	HTTPS://POSHMARK.COM/LISTING/35-INDOOR-CLEAR-LIGHTS-NWOT-651A0A7997B5D07BCF6E51B3
BRIGITTEBAILEY	BRIGITTEBAILEY	poshmark.com	HTTPS://POSHMARK.COM/LISTING/BRIGITTE-BAILEY-RED-DEMRI-DRESS-57FBFA8FF092820F6E03CED7
BRIGITTEBAILEY	BRIGITTEBAILEY	poshmark.com	HTTPS://POSHMARK.COM/LISTING/BRIGITTE-BAILEY-CREAM-ROMPER-585DFB88F739BC82A80BA58B
BRILLIANCEBYVANITYFAIR	BRILLIANCEBYVANITYFAIR	poshmark.com	HTTPS://POSHMARK.COM/LISTING/BRILLIANCE-BY-VANITY-FAIR-FULL-FIGURE-JERSEY-LINED-UNDERWIRE-BRA-SIZE-44DD-EUC-66DCB18DDC8A4E303ECEA98E
BRILLIER	BRILLIER	poshmark.com	HTTPS://POSHMARK.COM/LISTING/BRILLIER-WATCH-IN-GREAT-CONDITION-63E3B7C0B635F829ED339C4E
BRIMMA	BRIMMA	poshmark.com	HTTPS://POSHMARK.COM/LISTING/32-OZ-BRIMMA-WATER-BOTTLE-67634CBB0146484618AC5BBE
BRIMZ	BRIMZ	poshmark.com	HTTPS://POSHMARK.COM/LISTING/BRIMZ-SUPPLY-BLACK-AND-YELLOW-MENS-SNAP-BACK-ADJUSTABLE-HAT-SKELETON-DECAL-6840750AB7F0AC49EA0BFDFB
BRINIE	BRINIE	poshmark.com	HTTPS://POSHMARK.COM/LISTING/ERYN-BRINIE-DUSTY-ROSE-RUFFLED-SKIRT-DRESS-5D3A6ADDADB58DB00ABD8B84?ENABLE_GUEST_BUY_FLOW=TRUE&UL_OFF=TRUE
BRINWARE	BRINWARE	poshmark.com	HTTPS://POSHMARK.COM/LISTING/BRINWARE-GLASS-AND-SILICONE-DISH-SET-67187A86C4B73AEEA067C11F
BRINWARE	BRINWARE	poshmark.com	HTTPS://POSHMARK.COM/LISTING/BRINWARE-PAIR-OF-CLEAR-TEMPERED-GLASS-PLATES-WITH-SILCONE-PROTECTIVE-SLEEVE-68828C57EF1EF70E72FE5DEA
BRINWARE	BRINWARE	poshmark.com	HTTPS://POSHMARK.COM/LISTING/BRINWARE-CHILDS-PLATES-65BFD835F644E50F94E1420C
BRITZGO	BRITZGO	poshmark.com	HTTPS://POSHMARK.COM/LISTING/DIGITAL-HEARING-AMPLIFIER-66996B3A1DF63664B4254DB0
BRKLZ	BRKLZ	poshmark.com	HTTPS://POSHMARK.COM/LISTING/BRKLZ-DOG-COLLAR-AND-LEASH-SET-623AB1B7AE766F43E08EBB3A
BRLIDO	BRLIDO	poshmark.com	HTTPS://POSHMARK.COM/LISTING/BNWT-NURSING-TANK-TOP-WITH-BUILT-IN-BRA-624C8EBCA4DE41E2B90260EA
BROCADE	BROCADE	poshmark.com	HTTPS://POSHMARK.COM/LISTING/FABRIC-HIGHLAND-COURT-SOMBRA-HU15891-BROCADE-FLORAL-BLUETURQUOISEGOLD-66D8B3EF963C4267BF4F5B00
BRODARK	BRODARK	poshmark.com	HTTPS://POSHMARK.COM/LISTING/BRODARK-6-PC-PROFESSIONAL-CHEF-KNIVE-SET-6358C37D84B30701643866F5
BROKIG	BROKIG	poshmark.com	HTTPS://POSHMARK.COM/LISTING/BLACK-PERFORMANCE-JACKET-BY-BROKIG-67DF3C3CCE70659CF78C45F0
BROO	BROO	poshmark.com	HTTPS://POSHMARK.COM/LISTING/BROO-DRENCH-YOUR-DO-CRAFT-CONDITIONER-FOR-DRY-DAMAGED-HAIR-85-OZ-67A2FD4E15AD542039DC1B7A
BROSHOPP	BROSHOPP	poshmark.com	HTTPS://POSHMARK.COM/LISTING/BOCONI-BLACK-AND-ORANGE-MENS-WALLET-67E042F19D05C454D9AB487D
BROTEC	BROTEC	poshmark.com	HTTPS://POSHMARK.COM/LISTING/BROTEC-BROTHERS-STONES-WHISKEY-STONES-6162C650800F647B606116A5
BROVINO	BROVINO	poshmark.com	HTTPS://POSHMARK.COM/LISTING/BROVINO-WHITE-SILICONE-WINE-GLASSES-SET-OF-FOUR-686FCFDC5919E081475C7374
BROVINO	BROVINO	poshmark.com	HTTPS://POSHMARK.COM/LISTING/SILICONE-WINE-GLASS-SET-5EAF3C0DEFD0E4BD63FFE239
BSBL	BSBL	poshmark.com	HTTPS://POSHMARK.COM/LISTING/NIKE-VAPOR-PRO-BSBL-PANTS-5E5C6F12B3E91753A6813C4A
BSISME	BSISME	poshmark.com	HTTPS://POSHMARK.COM/LISTING/NWT-BSISME-LAPTOP-BACKPACK-BAG-5CB389EAA16F979C82C08417
BSISME	BSISME	poshmark.com	HTTPS://POSHMARK.COM/LISTING/BSISME-NYLON-COMPUTER-WORK-BOOK-LAPTOP-BACKPACK-600DCBB91801363391A82E5E
BSISME	BSISME	poshmark.com	HTTPS://POSHMARK.COM/LISTING/FINAL-SALE-BSISME-BOAR-BRISTLE-HAIR-BRUSH-WITH-NYLON-BINS-671050D89CEAF77C87F182BA
BTIZTLLA	BTIZTLLA	poshmark.com	HTTPS://POSHMARK.COM/LISTING/320-BTIZTLLA-120W-NAILLAMP-67C9A160DFF1F1A22E9CBAF0
BTIZTLLA	BTIZTLLA	poshmark.com	HTTPS://POSHMARK.COM/LISTING/GEL-NAIL-KIT-651C5A71B635F8FD6BEA2A95
BTYSUN	BTYSUN	poshmark.com	HTTPS://POSHMARK.COM/LISTING/BTYSUN-BRACELET-627E8D215561F7EFF2A0103C
BUAIAHUG	BUAIAHUG	poshmark.com	HTTPS://POSHMARK.COM/LISTING/NEW-BHG-BUAIAHUG-NUT-MILK-MAKER-673D16E52068476DE0FD0D61
BUCOTA	BUCOTA	poshmark.com	HTTPS://POSHMARK.COM/LISTING/BUCOTA-SWIMSUITS-SWIMDRESS-FOR-WOMENS-TWO-PIECE-TANKINI-GREEN-5XLARGE-SIZE-6580D1754BA08AD174B70E07
BUDDINGSPROUT	BUDDINGSPROUT	poshmark.com	HTTPS://POSHMARK.COM/LISTING/SWIM-DIAPER-SET-616C85E26F6C9168957728B1
BUDDINGSPROUT	BUDDINGSPROUT	poshmark.com	HTTPS://POSHMARK.COM/LISTING/BUDDING-SPROUT-REUSABLE-SWIM-DIAPERS-USED-ONCE-SIZE-4-TWO-62A2441B800F645B6F6EF876
BUENAVO	BUENAVO	poshmark.com	HTTPS://POSHMARK.COM/LISTING/PINK-KIDS-TRAVEL-TRAY-WITH-TABLET-HOLDER-67883DEDCE7065A7DCCD7CA9
BUFONA	BUFONA	poshmark.com	HTTPS://POSHMARK.COM/LISTING/JESTERINA-BUFONA-HALLOWEEN-COSTUME-6535A215ACF462693CC38344
BUGLEBOY	BUGLEBOY	poshmark.com	HTTPS://POSHMARK.COM/LISTING/BUGLE-BOY-JEANS-5B40EE192BEB79D107E498E3
BUGRTEY	BUGRTEY	poshmark.com	HTTPS://POSHMARK.COM/LISTING/BUGRTEY-TOY-GUN-LOT-TWO-MODES-REALISTIC-SOFT-BULLET-TOY-GUNS-6859EB2A134DDB203888072A
BUHBO	BUHBO	poshmark.com	HTTPS://POSHMARK.COM/LISTING/BUHBO-FLOATING-SHELF-WALL-MOUNTED-WHITE-NEW-IN-BOX-61D741EE9207861CD580D3D5
BUHOET	BUHOET	poshmark.com	HTTPS://POSHMARK.COM/LISTING/BLUE-LANDSCAPE-1000-PIECE-JIGSAW-PUZZLE-BY-BUHOET-660B1419932A8AC39446FB38
BUHOET	BUHOET	poshmark.com	HTTPS://POSHMARK.COM/LISTING/BUHOET-BLUE-LANDSCAPE-1000-PIECES-PUZZLE-295-X-197-INCHES-63C395E67FC3ACE2F18AF463
BUILDLIFE	BUILDLIFE	poshmark.com	HTTPS://POSHMARK.COM/LISTING/BUILDLIFE-1-GALLON-MOTIVATIONAL-WATER-JUG-66AD5A9C8A00E38CB4201A87
BUKEBU	BUKEBU	poshmark.com	HTTPS://POSHMARK.COM/LISTING/LCD-WRITING-DRAWING-TABLET-125-DOODLE-BOARD-PAD-TOY-COLORFUL-YELLOW-NEW-IN-BOX-67A00CD9D399FFDB0C1A9266
BULADO	BULADO	poshmark.com	HTTPS://POSHMARK.COM/LISTING/2-FOR-15-TOILETRY-BAG-COSMETIC-BAG-682B0F79BBFBEAD77D69031D
BULEX	BULEX	poshmark.com	HTTPS://POSHMARK.COM/LISTING/AIR-PURIFIER-BULEX-66A29CE76C050421052D8934
BULLHUG	BULLHUG	poshmark.com	HTTPS://POSHMARK.COM/LISTING/BULLHUG-DOG-HARNESS-66325337B1EF58835FC9F1D3
BULOFE	BULOFE	poshmark.com	HTTPS://POSHMARK.COM/LISTING/BULOFE-65E4DE4CDBB0E7C1615C89B1
BULTER	BULTER	poshmark.com	HTTPS://POSHMARK.COM/LISTING/LINING-YUSHUAI-BASKETBALL-SHOES-JIMMY-BULTER-653829E202760BDFB4858A4F
BUMBIN	BUMBIN	poshmark.com	HTTPS://POSHMARK.COM/LISTING/BUMBIN-DOG-HARNESS-SIZE-M-62EC1C7CDFF94D45B9B9012E
BUMBIN	BUMBIN	poshmark.com	HTTPS://POSHMARK.COM/LISTING/BUMBIN-DOG-HARNESS-M-643EFAB8FF048439036C14D2
BUMBIN	BUMBIN	poshmark.com	HTTPS://POSHMARK.COM/LISTING/BUMBIN-TACITAL-NOPULL-DOG-HARNESS-FOR-LARGE-DOGS-60F0C53B2F3D199FA3E766B1
BUMBIN	BUMBIN	poshmark.com	HTTPS://POSHMARK.COM/LISTING/NWOT-BUMBIM-TACTICAL-DOG-HARNESS-M-688B7E673509D1E8AED51078
BUMBLEBERRYGIRLS	BUMBLEBERRYGIRLS	poshmark.com	HTTPS://POSHMARK.COM/LISTING/BUMBLEBERRY-GIRLS-DOLL-644189BFACF4627A44B68023
BUMBLEBERRYGIRLS	BUMBLEBERRYGIRLS	poshmark.com	HTTPS://POSHMARK.COM/LISTING/BUMBLE-BERRY-DOLLTATUM-674644F9896C38C1079C7237
BUMDEEP	BUMDEEP	poshmark.com	HTTPS://POSHMARK.COM/LISTING/NWT-BUMDEEP-WOMENS-ONE-PIECES-SKI-SUITS-JUMPSUITS-SNOWSUITS-GREEN-SMALL-63DC0CB43B982AA0F52483EA
BUNFLY	BUNFLY	poshmark.com	HTTPS://POSHMARK.COM/LISTING/BUNFLY-DOG-GROOMING-KIT-658CE16452EEE1C6C25E0350
BUNFLY	BUNFLY	poshmark.com	HTTPS://POSHMARK.COM/LISTING/BUNFLY-PET-HAIR-TRIMMER-PCS1-6795DD4247C13060577BD121
BURIEDBLUEPRINTSPUZZLESFROMTHEP	BURIEDBLUEPRINTSPUZZLESFROMTHEP	poshmark.com	HTTPS://POSHMARK.COM/LISTING/BURIED-BLUEPRINTS-PUZZLES-FROM-THE-PAST-THE-WILD-WEST-PUZZLE-1000-PC-NEW-IN-BOX-662BCF70F6253397EF8E51FB
BURKSBAY	BURKSBAY	poshmark.com	HTTPS://POSHMARK.COM/LISTING/BURKA-BAY-BLACK-LEATHER-TRENCH-COAT-654CE7C687A2F56504F8FD74
BURNBUDDY	BURNBUDDY	poshmark.com	HTTPS://POSHMARK.COM/LISTING/BURN-BUDDY-ELECTRIC-HEATED-SOCKS-LARGE-BLACK-310-HRS-5000MAH-661964A2CE70658259C90ABF
BURNGOGO	BURNGOGO	poshmark.com	HTTPS://POSHMARK.COM/LISTING/BURNGOGO-MENS-SIZE-LARGE-BLACK-HEATED-VEST-6-HEATING-ZONES-NO-BATTERY-67F5555EA951053BD151A614
BURNUR	BURNUR	poshmark.com	HTTPS://POSHMARK.COM/LISTING/NWOT-BURNUR-DURABLE-LAPTOP-BAG-156-SHOCKPROOF-AIRBAG-WATERPROOF-DENIM-681030FDFEE468EFFDDB3903
BURRKI	BURRKI	poshmark.com	HTTPS://POSHMARK.COM/LISTING/BURRKI-EYE-MASSAGER-NIB-67DC99D8BFD9A697C50FCD7F
BURSVIK	BURSVIK	poshmark.com	HTTPS://POSHMARK.COM/LISTING/ALUMINIUM-WIND-CHIMES-37-INCHES-OUTDOOR-GARDEN-PATIO-DECORATION-656C09AA69EF1A306C19C159
BUSOHA	BUSOHA	poshmark.com	HTTPS://POSHMARK.COM/LISTING/BUSOHA-LARGE-CLEAR-MESH-VINYL-BAG-WITH-HANDLE-AND-ZIPPERWATERPROOF-ART-STORAGE-65E6DF629B37C79738D87612
BUTFULAKE	BUTFULAKE	poshmark.com	HTTPS://POSHMARK.COM/LISTING/NEW-SL300-BUTFULAKE-GAMING-HEADPHONES-GAMING-HEADSET-BLUE-BLACK-664E78FC34E984BC60F6EE42
BUTTERGENE	BUTTERGENE	poshmark.com	HTTPS://POSHMARK.COM/LISTING/BUTTERGENE-WOMENS-MATERNITY-LEGGINGS-66E4CC886AF5756407CEBB48
BUTTONSPLEATS	BUTTONSPLEATS	poshmark.com	HTTPS://POSHMARK.COM/LISTING/BUTTONS-PLEATS-WOOL-SOCKS-FOR-MEN-WOMEN-MERINO-THERMAL-WARM-COZY-WINTER-FUZZY-679D3B0E34D156E12EDC9889
BUTYCE	BUTYCE	poshmark.com	HTTPS://POSHMARK.COM/LISTING/BUTYCE-MASSAGE-GUN-DEEP-TISSUE-PERCUSSION-MUSCLE-MASSAGE-GUN-63A24E8D678C3ABED656165C
BUTYCE	BUTYCE	poshmark.com	HTTPS://POSHMARK.COM/LISTING/BUTYCE-MASSAGE-GUN-645E97CE17E49C070C81FC00
BUVEZ	BUVEZ	poshmark.com	HTTPS://POSHMARK.COM/LISTING/VTG-FRENCH-BUVEZ-COCA-COLA-COLLECTIBLE-TALL-GLASS-61023DAF6914124F69DF42A4
BUWAYS	BUWAYS	poshmark.com	HTTPS://POSHMARK.COM/LISTING/BUWAYS-LUNCH-BOX-6489260D308F07ED8FDAD164
BVEIUGN	BVEIUGN	poshmark.com	HTTPS://POSHMARK.COM/LISTING/BVEIUGN-SMART-BODY-FAT-SCALE-67BC941F206847CEB40C8AF7
BVEIUGN	BVEIUGN	poshmark.com	HTTPS://POSHMARK.COM/LISTING/BVEIUGN-DIGITAL-BATHROOM-SCALE-BLACK-67946625B4EE5B3CC9CD13B8
BWRETHAY	BWRETHAY	poshmark.com	HTTPS://POSHMARK.COM/LISTING/BWRETHAY-PROFESSIONAL-USB-CONDENSER-MICROPHONE-BRAND-NEW-STILL-IN-THE-BOX-6548E6974BD760DD7A20CC6E
BWRETHAY	BWRETHAY	poshmark.com	HTTPS://POSHMARK.COM/LISTING/BWRETHAY-DASH-CAM-FRONTREAR-INSIDE-4K-HD-DASH-CAM-FOR-CARS-70-WIDE-ANGLE-67D9C18D0C0A3FDFE7764300
BXYY	BXYY	poshmark.com	HTTPS://POSHMARK.COM/LISTING/BXYY-DOG-GROOMING-KIT-VACUUM-SUCTION-9999-PET-HAIR-DOG-CLIPPERS-G20-B53-66CFD0B7F8EDE7EB51AA31F0
BXYY	BXYY	poshmark.com	HTTPS://POSHMARK.COM/LISTING/BXYY-PET-GROOMING-VACUUM-KIT-67C0180B87AEB6665D0923DD
BYCR	BYCR	poshmark.com	HTTPS://POSHMARK.COM/LISTING/BYCR-ROYAL-BLUE-PANTS-63828A8F614973FCE4DA658A
BYCR	BYCR	poshmark.com	HTTPS://POSHMARK.COM/LISTING/EUROPEAN-BOYS-JEANS-BYCR-FLEECE-LINED-SIZE-10-YEARS-65CBCCC352EEE10F148022E0
BYDOLL	BYDOLL	poshmark.com	HTTPS://POSHMARK.COM/LISTING/BYDOLL-PLANT-SELF-WATERING-SYSTEM-AUTOMATIC-IRRIGATION-5-PACK-NWT-GREEN-OS-678DC4C49A76EFF71AE0B40C
BYINDORN	BYINDORN	poshmark.com	HTTPS://POSHMARK.COM/LISTING/NEW-BYINDORN-CORDLESS-VACUUM-SEALER-MACHINE-63446C2B6F53A69541042016
BYINDORN	BYINDORN	poshmark.com	HTTPS://POSHMARK.COM/LISTING/BYINDORN-ELECTRIC-EAR-CLEANER-WITH-IRRIGATION-SYSTEM-6789B1C6B142F30172A48640
BYOAUO	BYOAUO	poshmark.com	HTTPS://POSHMARK.COM/LISTING/BYOAUO-SEXY-BIKINI-FOR-WOMEN-CUTOUT-UNDERBOOB-TOP-WITH-HIGH-CUT-CHEEKY-BOTTOM-645BCA5B87A2F52F065D7167
BYOKA	BYOKA	poshmark.com	HTTPS://POSHMARK.COM/LISTING/BYOKA-GOLD-AND-SILVER-WAVE-RING-SET-60D2608888CCE38EA68D001C
BYRDBAND	BYRDBAND	poshmark.com	HTTPS://POSHMARK.COM/LISTING/SPEED-AND-AGILITY-TRAINING-BANDS-5EF816BB09D760CA00DC1E8C
BYRONSTATICS	BYRONSTATICS	poshmark.com	HTTPS://POSHMARK.COM/LISTING/BYRON-STATICS-BRAND-BLACK-AND-TAN-VINTAGE-RETRO-LOOK-AMFM-RADIO-NEW-WO-TAGS-65A020E697B5D09B5303EBD1
C2021	C2021	poshmark.com	HTTPS://POSHMARK.COM/LISTING/STARBUCKA-TALL-GREEN-COFFEE-TEA-MUG-C2021-670FC903147B985E29186905
C2829	C2829	poshmark.com	HTTPS://POSHMARK.COM/LISTING/COACH-C2829-DEMPSEY-SHOULDER-BAG-667DABB764F5A2E6EF653F56
C2DJOY	C2DJOY	poshmark.com	HTTPS://POSHMARK.COM/LISTING/C2DJOY-GARMIN-MILANESE-BRACELET-23MM-5E597D0D9E1559171F0C654D
C3233	C3233	poshmark.com	HTTPS://POSHMARK.COM/LISTING/BRAND-NEW-CORRAL-STYLE-C3233-5C9E936E600EBCF4BC5B307F
CAATTIILAA	CAATTIILAA	poshmark.com	HTTPS://POSHMARK.COM/LISTING/CAATTIILAA-PROFESSIONAL-USB-CONDENSER-MICROPHONE-PC-STREAMING-PODCAST-RECORDING-65515480382DB8699EE5F822
CAB55	CAB55	poshmark.com	HTTPS://POSHMARK.COM/LISTING/CAB55-HANDBAG-5AFE0146B7F72B2C2460E14B
CABBAY	CABBAY	poshmark.com	HTTPS://POSHMARK.COM/LISTING/NWT-CABBAY-SMALLMEDIUM-DOG-BED-6566165AFFB5D0C935B78BBC
CABEA	CABEA	poshmark.com	HTTPS://POSHMARK.COM/LISTING/BABY-BELLY-BAND-6579E308BD0629E88D2866D2
CABOTCARLYLE	CABOTCARLYLE	poshmark.com	HTTPS://POSHMARK.COM/LISTING/CABOT-CARLYLE-LUXURY-BATH-CADDY-TRAY-FOR-TUB-BATH-TABLE-BAMBOO-NEW-6490D5968D9977D53A269455
CABRAKALANI	CABRAKALANI	poshmark.com	HTTPS://POSHMARK.COM/LISTING/CABRA-KALANI-MENS-SIZE-29W-UNDERWEAR-NEW-WITH-TAGS-64A8A01FFB73049849A565E1
CABTICK	CABTICK	poshmark.com	HTTPS://POSHMARK.COM/LISTING/CABTICK-SUNRISE-ALARM-CLOCK-BLUETOOTH-ENABLED-FM-RADIO-WHITE-NOISE-NATURE-SOUNDS-67965D3FAC1F76ACF69125B5
CACAGOO	CACAGOO	poshmark.com	HTTPS://POSHMARK.COM/LISTING/CACAGOO-SMART-HOME-CAMERA-6402C16C17FB4B806D609BA5
CADDYBAYCOLLECTION	CADDYBAYCOLLECTION	poshmark.com	HTTPS://POSHMARK.COM/LISTING/CADDY-BAY-COLLECTION-WATCH-BAND-CASE-OBSIDIAN-WOOD-64E5101F4BC6553C2BD9F411
CADIDL	CADIDL	poshmark.com	HTTPS://POSHMARK.COM/LISTING/CADIDL-CHEER-SHOES-NEW-85-6519811FEB7E7AE8235D61A3
CADIDL	CADIDL	poshmark.com	HTTPS://POSHMARK.COM/LISTING/CADIDL-WHITE-CHEERLEADING-ATHLETIC-DANCE-SHOES-SNEAKERS-TENNIS-WALK-NEW-64CA6BA204166DF3DEADA5C6
CAFORU	CAFORU	poshmark.com	HTTPS://POSHMARK.COM/LISTING/CAFORU-HEATED-MENS-JACKET-SZ-LARGE-DARK-GREY-PERFORMANCE-663A33EC142AD42FF85B0E0C
CAFZED	CAFZED	poshmark.com	HTTPS://POSHMARK.COM/LISTING/NWT-CAFZED-MUG-WARMER-671E9DB7C4C837471A9B7AF7
CAHOT	CAHOT	poshmark.com	HTTPS://POSHMARK.COM/LISTING/CAHOT-UV-LIGHT-MOBLIE-PHONE-WIRELESS-CHARGING-STERILIZING-BOX-646594441645F77F88A68DBA
CAILIDE	CAILIDE	poshmark.com	HTTPS://POSHMARK.COM/LISTING/CAILIDE-39OZ-LARGE-COFFEE-MUG-CERAMIC-TEA-CUP-FOR-OFFICE-AND-HOME-BIG-CAPACITY-6591D31287A2F5961B97FA11
CAISANG	CAISANG	poshmark.com	HTTPS://POSHMARK.COM/LISTING/CAISANG-MINI-SLING-BAG-MEN-CROSSBODY-PERSONAL-POCKET-BAG-SMALL-SHOULDER-BACKPACK-65DFFDDE981D48CC9B6FBF62
CAISSIP	CAISSIP	poshmark.com	HTTPS://POSHMARK.COM/LISTING/CAISSIP-WOMENS-VEST-LONG-PLUSH-WARM-FUZZY-HOODED-COMFORTY-SLEEVELESS-POCKETS-638284F732C1DCC2085B5C1C
CAITENG	CAITENG	poshmark.com	HTTPS://POSHMARK.COM/LISTING/CAI-TENG-WAFFLE-THROW-BLANKET-LIVING-FLEECE-60-X-80-INCHES-GRAY-NEW-62CDB178ADE7B5CDE2CEC6D7
CAIUL	CAIUL	poshmark.com	HTTPS://POSHMARK.COM/LISTING/INSTAX-MINI-CAMERA-CASE-65FF327FF644E56A7B3F785A
CAIYU	CAIYU	poshmark.com	HTTPS://POSHMARK.COM/LISTING/CAIYU-CANDLE-65DE48FDC9A228DA43223440
CAKCE	CAKCE	poshmark.com	HTTPS://POSHMARK.COM/LISTING/LIGHT-UP-KEYBOARD-AND-MOUSE-MOUSE-PAD-INCLUDED-61C611DF275E557B72B726A8
CAKCE	CAKCE	poshmark.com	HTTPS://POSHMARK.COM/LISTING/MEDIUM-SIZED-GAMING-MOUSE-PAD-62D60AD4614973F33ED0B3B8
CAKCTON	CAKCTON	poshmark.com	HTTPS://POSHMARK.COM/LISTING/CAKCTON-DRESS-600CC1C87457AD90428720B3
CAKCTON	CAKCTON	poshmark.com	HTTPS://POSHMARK.COM/LISTING/CAKCTON-BLACK-LEGGINGS-NWT-6330202452EEE127CEAEE823
CAKKI	CAKKI	poshmark.com	HTTPS://POSHMARK.COM/LISTING/CAKKI-SHORTS-5F98B4BEE97E486D6B16DF14
CAKULA	CAKULA	poshmark.com	HTTPS://POSHMARK.COM/LISTING/CAKULO-MENS-WORKOUT-GYM-ACTIVE-ATHLETIC-SHORTS-M-LIGHTWEIGHT-QUICK-DRY-RUNNING-6425F787B9BD74D450FB60A3
CALILY	CALILY	poshmark.com	HTTPS://POSHMARK.COM/LISTING/CALILY-LIFE-HYALURONIC-ACID-EYE-CREAM-NWOT-661CA0D2D3309F27E0048D0C
CALILYLIFE	CALILYLIFE	poshmark.com	HTTPS://POSHMARK.COM/LISTING/CALILY-LIFE-HYALURONIC-ACID-EYE-CREAM-NWOT-661CA0D2D3309F27E0048D0C
CALINDA	CALINDA	poshmark.com	HTTPS://POSHMARK.COM/LISTING/VINTAGE-CALINDA-BLACK-AND-GOLD-TONE-WATCH-5FCC1C85C936AF924D302B0C
CALLADREAM	CALLADREAM	poshmark.com	HTTPS://POSHMARK.COM/LISTING/CALLA-DREAM-MATERNITY-DRESS-664900991985245B035F1B20
CALLAHAN	CALLAHAN	poshmark.com	HTTPS://POSHMARK.COM/LISTING/CALLAHAN-GREEN-SWEATER-CARDIGAN-673A41B507AC55664118F43D
CALLANY	CALLANY	poshmark.com	HTTPS://POSHMARK.COM/LISTING/HEADSET-TELEPHONE-HT500-62BA28E860FDEDC5D636C5F0
CALMPER	CALMPER	poshmark.com	HTTPS://POSHMARK.COM/LISTING/BRAND-NEW-6644B30D9CEAF7D29F2B4BD2
CALMYST	CALMYST	poshmark.com	HTTPS://POSHMARK.COM/LISTING/4L-CALMYST-TOP-FILL-HUMIDIFIER-WITH-ESSENTIAL-OIL-DIFFUSER-AND-AUTO-SHUT-OFF-64B0CF0AB3EF629271765BC8
CALOVER	CALOVER	poshmark.com	HTTPS://POSHMARK.COM/LISTING/CALOVER-JELLYFISH-TANK-LAVA-NIGHT-LIGHT-COLOR-CHANGING-NEW-GREAT-HOLIDAYS-GIFT-673E849CFEE468136A58D48B
CALUOMATT	CALUOMATT	poshmark.com	HTTPS://POSHMARK.COM/LISTING/CALUOMATT-LARGE-PUFFER-TOTE-BAG-FOR-WOMEN-PADDED-QUILTED-HOBO-BAGS-BLACK-68EC843C948FFEFB3562D3C6
CAMDENGEAR	CAMDENGEAR	poshmark.com	HTTPS://POSHMARK.COM/LISTING/SPORTS-HYDRATION-PACK-623F6CE97028EC0A29AA14AB
CAMDENGEAR	CAMDENGEAR	poshmark.com	HTTPS://POSHMARK.COM/LISTING/CAMDEN-GEAR-SPORTS-HYDRATION-BACKPACK-50-OZ15-L-OUTDOOR-HIKING-BIK-644D153A7F29DDEE5805B103
CAMILLAJAMES	CAMILLAJAMES	poshmark.com	HTTPS://POSHMARK.COM/LISTING/CAMILLA-JAMES-RHINESTONE-AND-DENIM-CHAIN-BRACELET-5E1A56955B565FE7DDD3CEB8
CAMKEY	CAMKEY	poshmark.com	HTTPS://POSHMARK.COM/LISTING/CAMKEY-23PCS-WHISKEY-SMOKER-KIT-NWOT-68F3DC41955383E8093EA9E2
CAMKORY	CAMKORY	poshmark.com	HTTPS://POSHMARK.COM/LISTING/CAMKORY-DIGITAL-CAMERA-BRAND-NEW-BLACK-64F7C8288634CBF5015DA869
CAMOLAND	CAMOLAND	poshmark.com	HTTPS://POSHMARK.COM/LISTING/CAMOLAND-GRAY-EAR-FLAP-BEANIE-CAP-691F326AA9A4482013031799
CAMPAK	CAMPAK	poshmark.com	HTTPS://POSHMARK.COM/LISTING/CAMPAK-CRAFTING-BOOK-BAG-5E6535C89E1559963E30A497
CAMPBELLWOOD	CAMPBELLWOOD	poshmark.com	HTTPS://POSHMARK.COM/LISTING/JEFFREY-CAMPBELLWOOD-PLATFORM-BOOTS-55BC7F74514A681CF4009A94
CAMPEAK	CAMPEAK	poshmark.com	HTTPS://POSHMARK.COM/LISTING/NWT-CAMPEAK-HIGH-IMPACT-SPORTS-BRA-WOMENS-SIZE-SMALL-634A271CB0F193BB38799AD1
CAMPEAK	CAMPEAK	poshmark.com	HTTPS://POSHMARK.COM/LISTING/CAMPEAK-BLACK-SPORT-BRA-HIGH-IMPACT-609964159BD5EFC2D5BA22CC
CAMPYGEAR	CAMPYGEAR	poshmark.com	HTTPS://POSHMARK.COM/LISTING/CAMPY-GEAR-CHUBBY-HEATER-STOVE-HOSE-6396A8057DFCC29246611AE1
CAMSSOO	CAMSSOO	poshmark.com	HTTPS://POSHMARK.COM/LISTING/STUDDED-HEELS-60CD1C167F80D2E4BBAE7006
CANBOR	CANBOR	poshmark.com	HTTPS://POSHMARK.COM/LISTING/CANBOR-VIRTUAL-REALITY-HEADSET-65D8A69104166DF9B0F820A0
CANDICE	CANDICE	poshmark.com	HTTPS://POSHMARK.COM/LISTING/CANDICE-TOTE-BAG-WHITE-RED-BLUE-NEVER-USED-TAGS-INCLUDED-GOOD-CONDITION-656C7F27B635F84A23928C93
CANDICE	CANDICE	poshmark.com	HTTPS://POSHMARK.COM/LISTING/CANDICE-JEANS-SKIRT-SIZE-11-USED-5E8CF67688CCE31815BF708E
CANESVILLE	CANESVILLE	poshmark.com	HTTPS://POSHMARK.COM/LISTING/UNIVERSITY-OF-MIAMI-CANESVILLE-HURRICANES-NEXT-LEVEL-APPAREL-TEE-MEDIUM-655271C1BC6E1C048B7122FA
CANHEAL	CANHEAL	poshmark.com	HTTPS://POSHMARK.COM/LISTING/BODY-MASSAGER-FASCIA-GUN-658DDE75A0E6C61D02CA6801
CANIKAT	CANIKAT	poshmark.com	HTTPS://POSHMARK.COM/LISTING/CANIKAT-ANIMAL-PRINT-SWING-DRESS-653FDD20DFF94D1D06300C15
CANITORON	CANITORON	poshmark.com	HTTPS://POSHMARK.COM/LISTING/CANITORON-MAKEUP-ORGANIZER-3-LAYERS-LARGE-CAPACITY-COSMETIC-STORAGE-65AAD629ACF462B9E94BF6A6
CANSHUO	CANSHUO	poshmark.com	HTTPS://POSHMARK.COM/LISTING/CANSHUO-43-BABY-MONITOR-1080P-SPLITSCREEN-VIDEO-W-2-WIRELESS-CAMERAS-1281-66B8698C538BEBBF55518795
CANVAS	CANVAS	poshmark.com	HTTPS://POSHMARK.COM/LISTING/HIGHLAND-COW-CANVAS-WALL-ART-6834A6BAE9C77D47AFB1872E
CANVIX	CANVIX	poshmark.com	HTTPS://POSHMARK.COM/LISTING/CANVIX-CALENDAR-WHITEBOARD-STICKER-FILM-24-X-36-TEACHER-CLASSROOM-DRY-ERASE-65B006CD6CB77730339DFE1C
CANWAY	CANWAY	poshmark.com	HTTPS://POSHMARK.COM/LISTING/CANWAY-DUFFEL-BAG-65B92616BD06295575B54084
CAOCEN	CAOCEN	poshmark.com	HTTPS://POSHMARK.COM/LISTING/NWOTCAOCENIPHONE-11-PRO-MAX-BLUE-AESTHETIC-CASERETRO-NEON-COLLAGE-680E1977E86380C1936F0CC7
CAPECLIQUE	CAPECLIQUE	poshmark.com	HTTPS://POSHMARK.COM/LISTING/CAPE-CLIQUIE-TIE-NECK-CROP-6252087EBCBB52C34FCFF04C
CAPEJUBY	CAPEJUBY	poshmark.com	HTTPS://POSHMARK.COM/LISTING/CAPE-JUBY-FLOWY-DRESS-5CDB13F8969D1FF16BB059E1
CAPEJUBY	CAPEJUBY	poshmark.com	HTTPS://POSHMARK.COM/LISTING/CAPE-JUBY-FLORAL-ROMPER-6245E41C9C33785DDDC401E8
CAPOXO	CAPOXO	poshmark.com	HTTPS://POSHMARK.COM/LISTING/CAPOXO-WIRELESS-BLACK-EARBUDS-65FF7AF47DFCC2A2A6BEFAF1
CAPTSURE	CAPTSURE	poshmark.com	HTTPS://POSHMARK.COM/LISTING/MOUSE-TRAP-60299377D737FD1160B2F459
CAPUCINEDEWULF	CAPUCINEDEWULF	poshmark.com	HTTPS://POSHMARK.COM/LISTING/CAPUCINE-DEWULF-EARRINGS-67782C2AC4B73A3051F2984B
CARACALEAP	CARACALEAP	poshmark.com	HTTPS://POSHMARK.COM/LISTING/SKI-SNOWBOARD-BAG-FULLY-PADDED-FOR-AIR-TRAVEL-2-PAIR-DOUBLE-SNOWBOARD-BAG-66E5F3892D829AB07C50650E
CARAKNOTS	CARAKNOTS	poshmark.com	HTTPS://POSHMARK.COM/LISTING/BRIDE-TO-BE-TOTE-BAG-65BDC533A0AEB738B72236E1
CARAMELCANTINA	CARAMELCANTINA	poshmark.com	HTTPS://POSHMARK.COM/LISTING/4-PACK-OF-NURSING-MATERNITY-SLEEP-BRA-6723F480C4B73A549D736359
CARCC	CARCC	poshmark.com	HTTPS://POSHMARK.COM/LISTING/CARCC-ERLY-COLLECLE-5EED056809D76011A53BC828
CARDYDONY	CARDYDONY	poshmark.com	HTTPS://POSHMARK.COM/LISTING/CARDYDONY-WOMENSSWIMSUIT-COVER-UP-WRAP-SKIRT-64904A52694D72CE97A04477
CARDYDONY	CARDYDONY	poshmark.com	HTTPS://POSHMARK.COM/LISTING/CARDYDONY-SIZE-MEDIUM-RED-MATERNITY-DRESS-61B3BDFC2A1EFFFD3F94AF15
CARDYDONY	CARDYDONY	poshmark.com	HTTPS://POSHMARK.COM/LISTING/NEW-CARDYDONY-LIGHTWEIGHT-CASUAL-34-SLEEVE-OPEN-FRONT-NAVY-BLUE-CARDIGAN-LARGE-63CA6ABD92E4915619380BA8
CARDYDONY	CARDYDONY	poshmark.com	HTTPS://POSHMARK.COM/LISTING/CARDYDONY-WOMENS-SWIMSUIT-COVER-UP-SARONG-BIKINI-SWIMWEAR-BEACH-COVERUPS-WRAP-64ACBA11E94898F7E6B629D0
CARENURSE	CARENURSE	poshmark.com	HTTPS://POSHMARK.COM/LISTING/MENS-CARENURSE-WORK-SNOW-BOOTS-65E7551C17FB4BA3F4556DAC
CARESKIDSFLYSAFE	CARESKIDSFLYSAFE	poshmark.com	HTTPS://POSHMARK.COM/LISTING/CARES-KIDS-FLY-SAFE-AIRPLANE-SAFETY-HARNESS-SEATBELTBELT-DEVICE-WITH-BOX-SEALED-646F10F227539D9BF074462D
CARESY	CARESY	poshmark.com	HTTPS://POSHMARK.COM/LISTING/CARESY-DENTAL-CALCULUS-REMOVER-68E653721986C2386B5843F5
CARETRAS	CARETRAS	poshmark.com	HTTPS://POSHMARK.COM/LISTING/CARETRAS-BUNION-CORRECTOR-BUNDLE-OF-2-NEW-IN-PACKAGE-682EABBFFE2504D44263D032
CAREZOE	CAREZOE	poshmark.com	HTTPS://POSHMARK.COM/LISTING/CAREZOE-HAND-WRIST-SPLINT-FOR-CARPAL-TUNNEL-SYNDROME-TENDONITIS-CARPELRX-6853D681B142F3183DFDD046
CARIEDO	CARIEDO	poshmark.com	HTTPS://POSHMARK.COM/LISTING/CARIEDO-CHANEL-STYLE-BRAIDED-66993897B9DB3A686DD46ACB
CARISSA	CARISSA	poshmark.com	HTTPS://POSHMARK.COM/LISTING/STEVE-MADDEN-CARISSA-DISCO-BALL-WEDGE-SNEAKERS-SIZE-65-M-69702935DC3B4668976FE4E2
CARLEEN	CARLEEN	poshmark.com	HTTPS://POSHMARK.COM/LISTING/CARLEEN-HOODIE-684B31A6420644F61D129A23
CARLOSKITBASH	CARLOSKITBASH	poshmark.com	HTTPS://POSHMARK.COM/LISTING/CARLOS-KITBASH-RESCUE-HEROES-ACTION-FIGURE-673770931985249782C024F2
CAROMAY	CAROMAY	poshmark.com	HTTPS://POSHMARK.COM/LISTING/CAROMAY-EARRINGS-5FFB5FC9AE766F59DECE0191
CARPENTREE	CARPENTREE	poshmark.com	HTTPS://POSHMARK.COM/LISTING/PICTURE-FRAME-BY-CARPENTREE-6040158543895F5C2E8B8E82
CARPETSPOTMARKERS	CARPETSPOTMARKERS	poshmark.com	HTTPS://POSHMARK.COM/LISTING/CARPET-SPOT-MARKERS-FOR-CLASSROOMS-688010279F034C9BCE12D779
CARRYOWN	CARRYOWN	poshmark.com	HTTPS://POSHMARK.COM/LISTING/CARRYOWN-SNOWSHOES-FOR-ADULTS-YOUTH-KIDS-LIGHT-WEIGHT-ALUMINUM-ALLOY-TERRAIN-672BC82D580123F059462D49
CARTHAGECO	CARTHAGECO	poshmark.com	HTTPS://POSHMARK.COM/LISTING/LOT-OF-5-CARTHAGE-CO-POTTERY-BOWLS-6492013087A2F5FCEF9D5E05
CARTINOE	CARTINOE	poshmark.com	HTTPS://POSHMARK.COM/LISTING/CARTINOE-TOMMY-RFID-BLOCKING-LAPTOP-TOTE-62AF9211A4DE4137898B1DDB
CASANI	CASANI	poshmark.com	HTTPS://POSHMARK.COM/LISTING/CASANI-LEATHER-BAG-68996470FEDC5CACDA968AC6
CASECROWN	CASECROWN	poshmark.com	HTTPS://POSHMARK.COM/LISTING/MINI-IPAD-ZIPPER-CASE-63FC4F1E9376E543CA2F7905
CASEEK	CASEEK	poshmark.com	HTTPS://POSHMARK.COM/LISTING/CASEEK-BLACK-AND-BROWN-BEIGE-CROSSBODY-BAG-68038A41310F1C758D34D34A
CASEEK	CASEEK	poshmark.com	HTTPS://POSHMARK.COM/LISTING/CASEEK-BLACK-BROWN-IVORY-CROSSBODY-ZIP-CLOSE-PURSENEW-LOTS-OF-STORAGE-681BF10F7FC826DCFB6DB9F1
CASELING	CASELING	poshmark.com	HTTPS://POSHMARK.COM/LISTING/CASELING-HARD-SIDED-CASE-67900B239A76EFCF43CF157C
CASIFOR	CASIFOR	poshmark.com	HTTPS://POSHMARK.COM/LISTING/PET-NAIL-GRINDER-640E7B8D932A8ADED0D585FA
CASMON	CASMON	poshmark.com	HTTPS://POSHMARK.COM/LISTING/CASMON-COMPRESSION-STOCKINGS-FOR-WOMEN-MEN-2030-MMHG-MEDICAL-CLOSED-TOE-669D6558F9927C2D9D063DD8
CASODA	CASODA	poshmark.com	HTTPS://POSHMARK.COM/LISTING/CASODA-HD1080P-WIFI-BACKUP-CAMERA-FOR-IPHONE-AND-ANDROID-633C7F4F91E0536EC418E7F7
CASTAWAYTRAVELHAMMOCKS	CASTAWAYTRAVELHAMMOCKS	poshmark.com	HTTPS://POSHMARK.COM/LISTING/CASTAWAY-TRAVEL-HAMMOCKS-NEW-605806DBFF7C5A2AE0E403E0
CATCORA	CATCORA	poshmark.com	HTTPS://POSHMARK.COM/LISTING/CATCORA-DURABLE-ANTIFATIGUE-KITCHEN-FLOOR-MAT-605015C2EFD0E4DEA4668BC3
CATELLES	CATELLES	poshmark.com	HTTPS://POSHMARK.COM/LISTING/WOMENS-06-THIN-WAIST-BELTS-CATELLES-14CM-SKINNY-FULL-GRAIN-LEATHER-FASHION-D-636C3A8CD8DBA7B1E02DA729
CATERLOVE	CATERLOVE	poshmark.com	HTTPS://POSHMARK.COM/LISTING/CATERLOVE-HIPSTER-PANTY-BUNDLE-M-65AD7562308F072FFA604B14
CATFISHCALHOUN	CATFISHCALHOUN	poshmark.com	HTTPS://POSHMARK.COM/LISTING/VINTAGE-CATFISH-CALHOUN-87IN-BY-77IN-FABRIC-5FEF81BE941F179BA4D7966B
CATGURU	CATGURU	poshmark.com	HTTPS://POSHMARK.COM/LISTING/SET-OF-2-CATGURU-CAT-DOG-FOOD-DISHES-66441DD5DC8A4E7F5D5F640C
CATHYLIN	CATHYLIN	poshmark.com	HTTPS://POSHMARK.COM/LISTING/CATHYLIN-125-1-QT-NONSTICK-STAINLESS-STEEL-WOK-PAN-WITH-LID-646321A5BE296B7DE15F5C8A
CATLYN	CATLYN	poshmark.com	HTTPS://POSHMARK.COM/LISTING/BUILD-A-BEAR-KABU-CATLYN-66421EEBC479B82B2B618422
CATMICOO	CATMICOO	poshmark.com	HTTPS://POSHMARK.COM/LISTING/CATMICOO-CROSSBODY-PURSE-5F891DFF81A36C2C0B1F4382
CATRIANA	CATRIANA	poshmark.com	HTTPS://POSHMARK.COM/LISTING/CATRIANA-PONTE-SKINNY-PANT-5B7F5522409C158ABD3079E1
CATURE	CATURE	poshmark.com	HTTPS://POSHMARK.COM/LISTING/JUICY-CATURE-SET-6615DD82775CAF39D38F2974
CAWCARACCESSORIES	CAWCARACCESSORIES	poshmark.com	HTTPS://POSHMARK.COM/LISTING/CAW-CAR-ACCESSORIES-MAGNETIC-CAR-MOUNT-WITH-INSTRUCTIONS-693E3760AC1B04183272D03E
CAWONO	CAWONO	poshmark.com	HTTPS://POSHMARK.COM/LISTING/SMART-WATCH-602C2716941F17790A72329D
CAWONO	CAWONO	poshmark.com	HTTPS://POSHMARK.COM/LISTING/ROHS-GOLD-BROWN-SMART-WATCH-6314D12987A2F588AA074760
CAYTRAILL	CAYTRAILL	poshmark.com	HTTPS://POSHMARK.COM/LISTING/CAYTRAILL-FACIAL-CLEANSING-BRUSH-NEW-66916F9ACF86B16A86B42438
CAYTRAILL	CAYTRAILL	poshmark.com	HTTPS://POSHMARK.COM/LISTING/CAYTRAILL-PINK-FACIAL-CLEANSING-BRUSH-WITH-USB-CHARGER-67ECF597DBD8F076C7B48E37
CAYZOR	CAYZOR	poshmark.com	HTTPS://POSHMARK.COM/LISTING/MENS-BEARD-STRAIGHTENER-61A95DCB3CDA88877EA8E431
CBAZY	CBAZY	poshmark.com	HTTPS://POSHMARK.COM/LISTING/18-AWG-HOOK-UP-WIRE-KIT-STRANDED-WIRE-KIT-18-GAUGE-FLEXIBLE-SILICONE-RUBBER-65B915FB308F072075E8E766
CBMTCR	CBMTCR	poshmark.com	HTTPS://POSHMARK.COM/LISTING/CBMTCR-WOMENS-SIZE-85-BLACK-MEMORY-FORM-ADJUSTABLE-DIABETIC-SHOES-65727ACCCE663FB527DE0457
CCFOUD	CCFOUD	poshmark.com	HTTPS://POSHMARK.COM/LISTING/COLORED-PENCILS-66A9F7D7CF86B1CC72D0DC44
CCLOS	CCLOS	poshmark.com	HTTPS://POSHMARK.COM/LISTING/NWB-CCLOS-MENS-WATERPROOF-HIKING-BOOTS-MIDTOP-BOOTS-NONSLIP-HIGHTRACTION-SZ46-668A0F17D399FFF410585C0C
CEBECIARMS	CEBECIARMS	poshmark.com	HTTPS://POSHMARK.COM/LISTING/CEBECI-ARMS-20924LT41-LEFT-HAND-SPEED-HOLSTER-TAN-6048E99888CCE3CC28D66CF5
CEBECIARMS	CEBECIARMS	poshmark.com	HTTPS://POSHMARK.COM/LISTING/CEBECI-ARMS-20863LT50-LEFT-HAND-BIKINI-HOLSTER-6048EF2060FDED29A90B5D88
CEBOSTIN	CEBOSTIN	poshmark.com	HTTPS://POSHMARK.COM/LISTING/CEBOSTIN-60383C643BAD6DBE54CCB712
CEDITA	CEDITA	poshmark.com	HTTPS://POSHMARK.COM/LISTING/CEDITA-27K-DIGITAL-CAMERA-VLOGGING-CAMERA-30MP-FULL-HD-DIGITAL-CAMERA-WITH-RETR-6516A6434BD760C3CEB20818
CEED4U	CEED4U	poshmark.com	HTTPS://POSHMARK.COM/LISTING/RETRACTABLE-TELESCOPIC-METAL-BIRD-FEEDER-W-CUTE-CATFACE-COVER-651FC930E2AC0C32DEA20431
CEENWES	CEENWES	poshmark.com	HTTPS://POSHMARK.COM/LISTING/CEENWES-DOG-GROOMING-CLIPPERS-WGUARDS-66DAF910C24A6DC1D56D98CC
CEESC	CEESC	poshmark.com	HTTPS://POSHMARK.COM/LISTING/CEESC-CAT-DOORS-MAGNETIC-PET-DOOR-WITH-4-WAY-ROTARY-LOCK-FOR-CATS-679E1B4887AEB636071FE554
CEESC	CEESC	poshmark.com	HTTPS://POSHMARK.COM/LISTING/CEESC-CAT-DOORS-MAGNETIC-PET-DOOR-WITH-4-WAY-ROTARY-LOCK-FOR-CATS-OPEN-BOX-667CC1BC1546003C8F32A751
CEIHOIT	CEIHOIT	poshmark.com	HTTPS://POSHMARK.COM/LISTING/CEIHOIT-MINI-PORTABLE-MULTIMEDIA-DVD-CD-PLAYER-62F1D76F3E37E369DA75C145
CEINOL	CEINOL	poshmark.com	HTTPS://POSHMARK.COM/LISTING/CEINOL-WATERFALL-FAUCET-MATTE-BLACK-NEW-OPEN-BOX-66C134D2FE7E2C67A944F4BF
CELESTAURA	CELESTAURA	poshmark.com	HTTPS://POSHMARK.COM/LISTING/SMART-RING-HEALTH-TRACKER-674B4A2564164A4A9C8722B6
CELLULESS	CELLULESS	poshmark.com	HTTPS://POSHMARK.COM/LISTING/CELLULESS-MD-62DBEBCA9C33781C6FE8D87C
CENFOR	CENFOR	poshmark.com	HTTPS://POSHMARK.COM/LISTING/CENFOR-MENS-7-ATHLETIC-WORKOUT-SHORTS-61154BF393649F2BD411603F
CENGCEN	CENGCEN	poshmark.com	HTTPS://POSHMARK.COM/LISTING/CENGCEN-PET-CAMERA-PRO-MONITORING-DOG-TREAT-DISPENSER-TWOWAY-AUDIO-OPEN-BOX-665C7FA1B9DB3A8FE9C47D65
CENPIN	CENPIN	poshmark.com	HTTPS://POSHMARK.COM/LISTING/JOGGERS-SET-JACKET-AND-SWEAT-PANTS-NEVER-WORN-5D7D323F152812B58C98E015
CENSHI	CENSHI	poshmark.com	HTTPS://POSHMARK.COM/LISTING/CENSHI-WIRELESS-CHARGER-W-BLUETOOTH-SPEAKER-6226702EC936AFF0A9C19649
CENTRALPARKACTIVEWEAR	CENTRALPARKACTIVEWEAR	poshmark.com	HTTPS://POSHMARK.COM/LISTING/CENTRAL-PARK-ACTIVEWEAR-PANTS-614DF06802BCAF239BF25C82
CENZO	CENZO	poshmark.com	HTTPS://POSHMARK.COM/LISTING/FLOTO-CENZO-LEATHER-MESSENGER-BAG-586B085B36D594519C11EACC
CGID	CGID	poshmark.com	HTTPS://POSHMARK.COM/LISTING/CGID-EYEWEAR-COLLECTION-5D07934829F03016D0AC9E4C
CHAINJOY	CHAINJOY	poshmark.com	HTTPS://POSHMARK.COM/LISTING/NWOT-CHAINJOY-WOMEN-WHITE-FLOWY-HIGH-WAIST-RUFFLE-SKIRT-US-M-65A7298CF62533B0EA96775C
CHALLENGEWEIGHTEDWORKOUTWEAR	CHALLENGEWEIGHTEDWORKOUTWEAR	poshmark.com	HTTPS://POSHMARK.COM/LISTING/CHALLENGE-WEIGHTED-WORKOUTWEAR-WEIGHTED-VEST-4-LBS-EQUIPMENTBODYWEIGHT-682E09594206442FB170BFAE
CHAMBRO	CHAMBRO	poshmark.com	HTTPS://POSHMARK.COM/LISTING/CHAMBRO-BELT-AND-SOCK-SET-60E772838DA5C98B0B3DB234
CHAMI	CHAMI	poshmark.com	HTTPS://POSHMARK.COM/LISTING/CHAMI-TEA-HEXAGON-W-6-FESTIVE-FLAVORS-65A9E401BD062906C0F21091
CHAMONIXCOLLECTION	CHAMONIXCOLLECTION	poshmark.com	HTTPS://POSHMARK.COM/LISTING/CHAMONIX-COLLECTION-LIGHTWEIGHT-XC-JACKET-659F27E787A2F59A455ED583
CHANGUAN	CHANGUAN	poshmark.com	HTTPS://POSHMARK.COM/LISTING/DUSTY-BLUE-SATIN-PROM-DRESS-WITH-BEADED-WAIST-665BBC9D0A60D50010C180E1
CHAOLUN	CHAOLUN	poshmark.com	HTTPS://POSHMARK.COM/LISTING/DOG-DRYER-DOG-BLOW-DRYER-676503BA206847D4F7561A1C
CHAOPAI	CHAOPAI	poshmark.com	HTTPS://POSHMARK.COM/LISTING/CHAOPAI-RED-GRADE-A-BADMINTON-GOOSE-FEATHER-SHUTTLECOCK-SPEED-77-667184AF27539D1DDCDC4770
CHARCY	CHARCY	poshmark.com	HTTPS://POSHMARK.COM/LISTING/IDIFU-WOMENS-IN5-CHARCY-CRISSCROSS-STRAPPY-PLATFORM-HIGH-CHUNKY-HEELS-PEEP-TOE-63448EBD9464F3E1F2F62C3C
CHARLESTONKNOBCOMPANY	CHARLESTONKNOBCOMPANY	poshmark.com	HTTPS://POSHMARK.COM/LISTING/DRAWER-PULLS-DOOR-KNOBS-SET-OF-2-NWT-65FF527256B2F8ED3F37ECBF
CHARLIECURLS	CHARLIECURLS	poshmark.com	HTTPS://POSHMARK.COM/LISTING/HEATLESS-CURLER-HTF-66E5FF219D05C46BE7AB2122
CHARLOTTECOOKCOSMETICS	CHARLOTTECOOKCOSMETICS	poshmark.com	HTTPS://POSHMARK.COM/LISTING/CHARLOTTE-COOK-LIP-GLOSS-IN-BROOKLYN-64EB261F74CB476DA2AD6C33
CHARMCODE	CHARMCODE	poshmark.com	HTTPS://POSHMARK.COM/LISTING/CHARMCODE-COLOR-ALL-IN-ONE-MAKEUP-FOR-WOMEN-FULL-KITPROFESSIONAL-MAKEUP-KIT-6591A6694BD760E92D9E957B
CHARMINGLADY	CHARMINGLADY	poshmark.com	HTTPS://POSHMARK.COM/LISTING/PERFECT-CONDITION-IT-IS-FROM-CHARMINGLADYCOM-6696A386CE70657AB0040EB5
CHARMONT	CHARMONT	poshmark.com	HTTPS://POSHMARK.COM/LISTING/CHARMONT-EMBROIDERED-TOWELS-1-BATH-TOWEL-AND-2-FACE-TOWELS-62DB2F1E3A0DB9E06B636B91
CHASECHLOE	CHASECHLOE	poshmark.com	HTTPS://POSHMARK.COM/LISTING/NEW-CHASE-CHLOE-PLATFORM-HEELS-65060B35FFB5D0CD57F6B3DC
CHASINGBAXTER	CHASINGBAXTER	poshmark.com	HTTPS://POSHMARK.COM/LISTING/LOVE-AND-A-DOG-SPIRAL-WRITING-JOURNAL-65A59B44382DB8322B397894
CHASINGBAXTER	CHASINGBAXTER	poshmark.com	HTTPS://POSHMARK.COM/LISTING/DOG-LOVERS-NOTEBOOK-PEN-5F5A7596D737FD2373B64C12
CHASINGFIN	CHASINGFIN	poshmark.com	HTTPS://POSHMARK.COM/LISTING/CHASING-FIN-FISH-HOOK-PENDANT-BRACELET-655700A7EB7E7A73B0CC5357
CHASINGFIN	CHASINGFIN	poshmark.com	HTTPS://POSHMARK.COM/LISTING/ASSORTED-CHASING-FIN-BRACELETS-6609E0A458083D691C46506C
CHATAUE	CHATAUE	poshmark.com	HTTPS://POSHMARK.COM/LISTING/Y2K-VINTAGE-EMO-SCENE-ZEBRA-PRINT-CROSSBODY-BAG-675E80B8BC6E1CC38F1C3A54
CHATAUE	CHATAUE	poshmark.com	HTTPS://POSHMARK.COM/LISTING/LA-CHATAUE-TOP-FROM-CANADA-NWOT-5AA4B623DAA8F6C9E8017F4C
CHATINF	CHATINF	poshmark.com	HTTPS://POSHMARK.COM/LISTING/CELLPHONE-NETWORK-BOOSTER-65A3D05A3B982A350430F434
CHEAYAR	CHEAYAR	poshmark.com	HTTPS://POSHMARK.COM/LISTING/CHEAYAR-CAR-TRUNK-ORGANIZERADJUSTABLE-SECURING-STRAPS-COLLAPSIBLE-MULTI-COMPAR-65D9FC55A6BB76D0266EEA6E
CHEBELLA	CHEBELLA	poshmark.com	HTTPS://POSHMARK.COM/LISTING/CHEBELLA-REAL-FUR-JACKET-639669C3308F072F67956798
CHEERFULMARIO	CHEERFULMARIO	poshmark.com	HTTPS://POSHMARK.COM/LISTING/CHEERFUL-MARIOCHILDREN-BOOTS-6199D85D2A1EFF43785497D9
CHEERFULMARIO	CHEERFULMARIO	poshmark.com	HTTPS://POSHMARK.COM/LISTING/CHEERFUL-MARIO-TODDLER-KOALA-SHOES-613CF9E6CB692C37333840A2
CHEERMORE	CHEERMORE	poshmark.com	HTTPS://POSHMARK.COM/LISTING/NEW-WEDGE-ESPERILLE-SANDALS-BY-CHEERMORE-SIZE-7-63D93FDC1645F78DB90A264A
CHEETAHTALK	CHEETAHTALK	poshmark.com	HTTPS://POSHMARK.COM/LISTING/CHEETAH-TALK-CM-SMART-INSTANT-LANGUAGE-TRANSLATOR-DEVICE-PORTABLE-FOREIGN-6289C94D180136C3044E7F39
CHEFSMARK	CHEFSMARK	poshmark.com	HTTPS://POSHMARK.COM/LISTING/CHEFS-MARK-COOKWARE-SET-61537B29941F17106103EF95
CHEFSMARK	CHEFSMARK	poshmark.com	HTTPS://POSHMARK.COM/LISTING/CHEFS-MARK-PREFERRED-QUALITY-STAINLESS-SKILLET-607B496E1460BBDB5C29A2EF
CHEGIF	CHEGIF	poshmark.com	HTTPS://POSHMARK.COM/LISTING/CHEGIF-TENNIS-TRAINER-REBOUND-BALL-WITH-3-STRING-BALLS-SOLO-TENNIS-TRAINING-EQU-65E8981F14D7A6C6E9678A7B
CHELSOND	CHELSOND	poshmark.com	HTTPS://POSHMARK.COM/LISTING/CHELSOND-CARD-BINDER-CARD-COLLECTORS-POKMON-ADULTS-YOUTH-MEN-WOMEN-6562880CDBB0E714DB7D6800
CHENHAN	CHENHAN	poshmark.com	HTTPS://POSHMARK.COM/LISTING/CHENHAN-WOMEN-LEATHER-SHOULDER-BAG-AND-PURSE-MOTHERS-DAY-61E7192D045E396E72375314
CHENSIVE	CHENSIVE	poshmark.com	HTTPS://POSHMARK.COM/LISTING/OPEN-EAR-BONE-CONDUCTION-MOTION-HEADPHONES-CHENSIVE-66BFFA47F3D6243ACCCAE519
CHERIOLL	CHERIOLL	poshmark.com	HTTPS://POSHMARK.COM/LISTING/CHERIOLL-OINTMENT-ANTIBACTERIAL-CREAM-15G-67FFB215A5BB345B02DC114E
CHERISHEDACCENTS	CHERISHEDACCENTS	poshmark.com	HTTPS://POSHMARK.COM/LISTING/NEW-CHERISHED-ACCENTS-GLASS-2-X-3-INCH-PHOTO-COASTERS-SET-OF-4-653C541E7F29DDFA43BB8F8C
CHERUTY	CHERUTY	poshmark.com	HTTPS://POSHMARK.COM/LISTING/CHERUTY-WOMEN-BACKPACK-PURSE-NYLON-SHOULDER-BAG-NAVY-BLUE-6410932481078A9D43B9304C
CHFONG	CHFONG	poshmark.com	HTTPS://POSHMARK.COM/LISTING/CHFONG-SHOWER-CAPS-FOR-WOMEN-4-PCS-ELASTIC-AND-REUSABLE-6817B7A12981AFB38D4BAFC4
CHICAROUSAL	CHICAROUSAL	poshmark.com	HTTPS://POSHMARK.COM/LISTING/CHICAROUSAL-CROSSBODY-PURSE-LIGHT-PINK-663E65B6C9AF8C233F574BDD
CHICASTIC	CHICASTIC	poshmark.com	HTTPS://POSHMARK.COM/LISTING/CHICASTIC-CORSET-62465FAAFF830459BF63A064
CHICREPUBLIC	CHICREPUBLIC	poshmark.com	HTTPS://POSHMARK.COM/LISTING/CHIC-REPUBLIC-MAKEUP-BRUSHES-5EF1041A941F170A0E825D53
CHICZONE	CHICZONE	poshmark.com	HTTPS://POSHMARK.COM/LISTING/CHICZONE-WOMENS-HIGH-WAISTED-JEAN-SHORTS-NEW-SIZE-LARGE-653581118634CB40B00467DB
CHIFIT	CHIFIT	poshmark.com	HTTPS://POSHMARK.COM/LISTING/CHIFIT-LUMBAR-BACK-PAIN-RELIEF-DEVICE-LUMBAR-BACK-STRETCHER-FOR-LOWER-AND-UPPE-6459D05CFB7304DC1FB89E3D
CHILDOFMINEMADEBYCARTERS	CHILDOFMINEMADEBYCARTERS	poshmark.com	HTTPS://POSHMARK.COM/LISTING/CHILD-OF-MINE-MADE-BY-CARTERS-LEOPARD-PRINT-BABY-SHOES-616C5FCE941F176D6CA6A7C9
CHILLNCHIC	CHILLNCHIC	poshmark.com	HTTPS://POSHMARK.COM/LISTING/NIP-CHILLNCHIC-APPLE-AIR-POD-PRO-SILICON-CARRY-CASE-BLACK-FRENCH-BULLDOG-61DDC7AC60FDED3D4A61EF00
CHILLOMATIC	CHILLOMATIC	poshmark.com	HTTPS://POSHMARK.COM/LISTING/NIB-CHILLOMATIC-INSTANT-BEVERAGE-COOLER-BLACK-CHILLS-DRINKS-IN-60-SECONDS-67BB82EC013D2AE3277A95BD
CHIMIAGE	CHIMIAGE	poshmark.com	HTTPS://POSHMARK.COM/LISTING/CHIMIAGE-AURORA-SUNRISE-ALARM-CLOCK-BLUETOOTH-SPEAKER-SLEEK-WAKE-UP-LIGHT-6742444A82DCEB5024136363
CHIMOCEE	CHIMOCEE	poshmark.com	HTTPS://POSHMARK.COM/LISTING/CHIMOCEE-BLACKHEAD-REMOVER-NWOT-665266C4BFD9A60C8351FC33
CHINATERA	CHINATERA	poshmark.com	HTTPS://POSHMARK.COM/LISTING/CHINATERA-TANKINI-SWIMSUITS-ONE-PIECE-HIGH-NECK-PLUNGE-MESH-SWIMWEAR-24W-6305B7DEFB73042D415398A7
CHINMOON	CHINMOON	poshmark.com	HTTPS://POSHMARK.COM/LISTING/CHINMOON-MENS-RDS-DOWN-JACKET-ULTRALIGHT-SHORT-WARM-COAT-THICKENED-BOMBER-JACKET-6762AEFB8A00E39CF525D9B6
CHINPHON	CHINPHON	poshmark.com	HTTPS://POSHMARK.COM/LISTING/FINAL-PRICE-WIGS-HUMAN-HAIR-13X4-BODY-WAVE-FRONTAL-GLUELESS20-INCH-64ED5DAC87A2F56933FA4472
CHINYA	CHINYA	poshmark.com	HTTPS://POSHMARK.COM/LISTING/NEW-BLACKCHINYA-MILK-FROTHER-AUTOMATIC-FROTHE-HOT-COLD-FUNCTIONS-ICEDCOFFEE-67FA78B5CD201B22495F8FAC
CHIPHELL	CHIPHELL	poshmark.com	HTTPS://POSHMARK.COM/LISTING/CHIPHELL-WOMENS-HIGH-WAISTED-BIKER-SHORTS-SEAMLESS-SIZE-SMALL-64F8BFEAB635F8F901698165
CHIROGUN	CHIROGUN	poshmark.com	HTTPS://POSHMARK.COM/LISTING/CHIROGUN-PREMIUM-MASSAGE-GUN-DEEP-TISSUE-17-HEADS-2-MASSAGE-BALLS-C-6848CA8CB944916D94E9E522
CHISANA	CHISANA	poshmark.com	HTTPS://POSHMARK.COM/LISTING/BLACK-WIRELESS-EARBUDS-WITH-CHARGING-CASE-67700485206847A092DC56F4
CHISOFT	CHISOFT	poshmark.com	HTTPS://POSHMARK.COM/LISTING/CHISOFT-BACK-STRETCHING-DEVICE-63BDD7587DFCC2CF1E2C57B4
CHIYR	CHIYR	poshmark.com	HTTPS://POSHMARK.COM/LISTING/CHIYR-EXPRESSION-PUZZLE-BUILDING-BLOCKS-PRESCHOOL-PUZZLE-GAME-HOMESCHOOL-6497530925B2F2B337E37582
CHIYR	CHIYR	poshmark.com	HTTPS://POSHMARK.COM/LISTING/BRICKYARD-BUILDING-BLOCKS-AND-CHIYR-EXPRESSION-PUZZLE-BUNDLE-66A127981DF63606BFDBFC97
CHIYR	CHIYR	poshmark.com	HTTPS://POSHMARK.COM/LISTING/CHIYR-WOODEN-EXPRESSIONS-MATCHING-BLOCK-PUZZLES-BUILDING-CUBES-TOY-BOARD-GAME-62A80AB91668C3A87998D46C
CHIYUAN	CHIYUAN	poshmark.com	HTTPS://POSHMARK.COM/LISTING/CHIYUAN-SKATEBOARD-608C7B52AC970285ED5514CF
CHKADAWA	CHKADAWA	poshmark.com	HTTPS://POSHMARK.COM/LISTING/CHKADAWA-FLUORESCENT-CIRCLING-LAMP-22W22W-2-PACK-660E00BB932A8AB96EC95760
CHMILECHAU	CHMILECHAU	poshmark.com	HTTPS://POSHMARK.COM/LISTING/CHMILE-CHAU-METALLIC-PURPLE-SHINE-PEEP-TOE-HEELS-66E62D3A450B42D53F8D4B0D
CHMING	CHMING	poshmark.com	HTTPS://POSHMARK.COM/LISTING/CHMING-REX-RABBIT-FUR-KEYCHAIN-SOFT-AND-CUTE-KEYCHAIN-FOR-CAR-AND-BAG-655C4B492FBF1ADACF3B9F0A
CHOMOLEZA	CHOMOLEZA	poshmark.com	HTTPS://POSHMARK.COM/LISTING/WOMEN-PAJAMAS-SET-LACE-CAMISOLE-SHORT-SETS-5B3EA89B9FE48610167B2189
CHOOKA	CHOOKA	poshmark.com	HTTPS://POSHMARK.COM/LISTING/CHOOKA-RAIN-BOOTS-636B38E8C9A2280C42021A38
CHOUKY	CHOUKY	poshmark.com	HTTPS://POSHMARK.COM/LISTING/SET-OF-3-CABLE-ORGANIZER-BOXES-6566C37FB635F85D159B059E
CHOVERY	CHOVERY	poshmark.com	HTTPS://POSHMARK.COM/LISTING/CHOVERY-WINDOW-CLEANING-ROBOT-63DD58E4C1C34697DBD93447
CHQEL	CHQEL	poshmark.com	HTTPS://POSHMARK.COM/LISTING/CHQEL-MOMMY-BAG-6297D8443A0DB9DA4595EB4A
CHRISHAPLAYFULPLUSH	CHRISHAPLAYFULPLUSH	poshmark.com	HTTPS://POSHMARK.COM/LISTING/CHRISHA-PLAYFUL-PLUSH-1988-WHITE-KITTYCAT-BLUE-EYES-18-LAYING-PLUSH-TAIL-BELL-66BE847620684703BCFC7AB2
CHRISLAN	CHRISLAN	poshmark.com	HTTPS://POSHMARK.COM/LISTING/NEW-SET-OF-2-CHRISLAN-CERAMICS-BEER-TAP-HANDLES-BROOKLYN-NARANJITO-BEL-AIR-SOUR-66007154D909598EF5EC9D4C
CHRISTINETAYLORCOLLECTION	CHRISTINETAYLORCOLLECTION	poshmark.com	HTTPS://POSHMARK.COM/LISTING/25-X-LARGE-18-PURPLE-FABRIC-GIFT-BAGS-W-SILVER-RIBBON-CHRISTINE-TAYLOR-CTC-644D780CF51A0FD0B25CC1F6
CHSHOER	CHSHOER	poshmark.com	HTTPS://POSHMARK.COM/LISTING/CHSHOER-LACE-UP-LEATHER-BOOTS-652946B491E053A0EAC07036
CHUCKLEROAR	CHUCKLEROAR	poshmark.com	HTTPS://POSHMARK.COM/LISTING/CHUCKLE-ROAR-SENSORY-SEEK-FIND-BEAR-BOARD-GAME-25-ITEMS-TO-FIND-40-CHALLENGES-67ECDD6A981D48666E6A5698
CHUNPIN	CHUNPIN	poshmark.com	HTTPS://POSHMARK.COM/LISTING/NWT-CHUNPIN-BODYSUIT-WHITESMALL-SQUARE-NECK-THONG-6682FB1ABFD9A644A33EFA65
CHUNPIN	CHUNPIN	poshmark.com	HTTPS://POSHMARK.COM/LISTING/CHUNPIN-XL-RED-SQUARE-NECK-NOTCH-V-NECK-LONG-SLEEVE-THONG-BODYSUIT-658B277E58083DF840646E2D
CHUYI	CHUYI	poshmark.com	HTTPS://POSHMARK.COM/LISTING/NWT-CHUYI-SUVSTYLE-WIRELESS-MOUSE-WHITE-63770AF297B5D0A8CE723C2A
CHWARES	CHWARES	poshmark.com	HTTPS://POSHMARK.COM/LISTING/CHWARES-VIDEO-DOORBELL-M10-WIFI-1080-VIDEO-AL-FACIAL-RECOGNITION-24-GHZ-63E431D9EF1A4E6BB9D9DB19
CICIARTFACTORY	CICIARTFACTORY	poshmark.com	HTTPS://POSHMARK.COM/LISTING/CICI-ART-FACTORY-WALL-ART-POPPY-LOVES-BUBBLEGUM-SMALL-6407539BABE6B218F744B17B
CICYBELL	CICYBELL	poshmark.com	HTTPS://POSHMARK.COM/LISTING/CICYBELL-62BDC0595E46B0DA46A3A32B
CIDBEST	CIDBEST	poshmark.com	HTTPS://POSHMARK.COM/LISTING/CIDBEST-HEATED-EYELASH-CURLER-NEW-624F28B94FD23AA246AB6FE8
CIDETTY	CIDETTY	poshmark.com	HTTPS://POSHMARK.COM/LISTING/TRIPLE-LAPTOP-EXTENDER-669EFB2FE0F2CE9D0550E6B2
CIERWS	CIERWS	poshmark.com	HTTPS://POSHMARK.COM/LISTING/BLACK-RHINESTONE-COVERED-COWGIRL-BOOTS-PERFECT-FOR-ERAS-TOUR-64C0C8E0FFB5D0C397B43F45
CIJOKA	CIJOKA	poshmark.com	HTTPS://POSHMARK.COM/LISTING/SUNGLASSES-SUNGLASSES-663E46B1C4B73ADFF633E091
CIJOKA	CIJOKA	poshmark.com	HTTPS://POSHMARK.COM/LISTING/SUNGLASSESSUNGLASSES-663E438A9D05C49E3469ADB5
CIMALAB	CIMALAB	poshmark.com	HTTPS://POSHMARK.COM/LISTING/NEW-OPEN-BOX-CIMALAB-TRIPLE-SCALE-HYDROMETER-SPECIFIC-GRAVITY-HYDROMETER-66460832775CAF7EA92799B7
CIMKIZ	CIMKIZ	poshmark.com	HTTPS://POSHMARK.COM/LISTING/CIMKIZ-MENS-WAIST-TRAINER-SAUNA-SUIT-SHIRT-COMPRESSION-VEST-SWEAT-BOOSTING-671FD0BCB9DB3A31DFC00DC5
CIN2	CIN2	poshmark.com	HTTPS://POSHMARK.COM/LISTING/CIN2-FADED-CARGO-PANTS-EXCELLENT-CONDITION-619175B788CCE3DE88E9E46F
CINAK	CINAK	poshmark.com	HTTPS://POSHMARK.COM/LISTING/CINAK-CLORAFRAM-DRESS-SHOES-7-60B788D700B70DE961B149EA
CINDOU	CINDOU	poshmark.com	HTTPS://POSHMARK.COM/LISTING/WAIST-TRAINER-FOR-WOMEN-PLUS-SIZE-CINDOU-BAND-WAIST-WRAP-FOR-STOMACH-XL-63FFC2A3C0CE509168902508
CINDRO	CINDRO	poshmark.com	HTTPS://POSHMARK.COM/LISTING/CINDRO-VENT-PHONE-MOUNT-FOR-CAR-NIB-6871ED295919E018A12D663B
CINEDIGMUNIDISTCORP	CINEDIGMUNIDISTCORP	poshmark.com	HTTPS://POSHMARK.COM/LISTING/CUENTOS-INFANTILES-CLASICOS-DVD-668E654A40ADDAF7B0022501
CINEYO	CINEYO	poshmark.com	HTTPS://POSHMARK.COM/LISTING/CINEYO-CASE-FOR-APPLE-IPAD-PRO-129-IN-TABLET-5AD4FBB3250C5D7C0BCDAFFC
CINSE	CINSE	poshmark.com	HTTPS://POSHMARK.COM/LISTING/EMILY-B-LYNDY-CINSE-NUDE-SIZE-7-5BAE80813C9844A6ECAD08E5
CINTIKA	CINTIKA	poshmark.com	HTTPS://POSHMARK.COM/LISTING/VINTAGE-CINTIKA-FACIAL-RAZOR-62277DFD67BD918F9E313F3D
CINTIKA	CINTIKA	poshmark.com	HTTPS://POSHMARK.COM/LISTING/VINTAGE-THE-TALE-TOAD-BY-PRINCE-SHAVING-WELL-FROG-SHAPED-RAZOR-1993-UNISEX-630A7FE61645F7D4727C5061
CIOEY	CIOEY	poshmark.com	HTTPS://POSHMARK.COM/LISTING/CIOEY-FIREPROOF-DOCUMENT-BAG-664722ED0E517203D10B4788
CIOEY	CIOEY	poshmark.com	HTTPS://POSHMARK.COM/LISTING/SOLD-CIOEY-FIREPROOF-DOCUMENT-BAG-664722ED0E517203D10B4788
CIRCLEMALLS	CIRCLEMALLS	poshmark.com	HTTPS://POSHMARK.COM/LISTING/LG-G4-CASE-6196F80113F1B6987D7D16F6
CIRCLEROAD	CIRCLEROAD	poshmark.com	HTTPS://POSHMARK.COM/LISTING/1PACK-CIRCLEROAD-TRAILER-JACK-BLOCK-UP-TO-15000-LBS-STURDY-RV-CAMPER-BLOCKS-65AB36A7842DD4CDE4C537E0
CIRCUITEXPLOREAIR2	CIRCUITEXPLOREAIR2	poshmark.com	HTTPS://POSHMARK.COM/LISTING/CIRCUIT-EXPLORE-AIR-2-64EF825E56B2F8AF880D8A05
CIRRABYSHEDRAIN	CIRRABYSHEDRAIN	poshmark.com	HTTPS://POSHMARK.COM/LISTING/CIRRA-BY-SHEDRAIN-JUMBO-AIR-VENT-COMPACT-UMBRELLA-BLACK-62812A9B7272AF983286BE4D
CITRUSYBOUTIQUE	CITRUSYBOUTIQUE	poshmark.com	HTTPS://POSHMARK.COM/LISTING/NWOT-CITRUSY-BOUTIQUE-TRUCKER-HAT-66F21D906AF5755243EE0513
CITYCLASSIFIEDCOMFORT	CITYCLASSIFIEDCOMFORT	poshmark.com	HTTPS://POSHMARK.COM/LISTING/CITYCLASSIFIED-COMFORT-HEELS-664D4FAB07AC5505458AF4C7
CITYOUNG	CITYOUNG	poshmark.com	HTTPS://POSHMARK.COM/LISTING/WOMENS-WHITE-TENNIS-SKIRT-SHORTS-PLEATED-ATHLETIC-GOLF-SPORTS-XL-CITYOUNG-663175D5142AD48C8CE52372
CITYTRIANGLESJODIKRISTOPHER	CITYTRIANGLESJODIKRISTOPHER	poshmark.com	HTTPS://POSHMARK.COM/LISTING/CITY-STUDIOS-WOMENS-PRINTED-OFFTHESHOULDER-MIDI-DRESS-NAVY-693F11DF74CB4762C28229AC
CIVEYA	CIVEYA	poshmark.com	HTTPS://POSHMARK.COM/LISTING/NIB-TRAVEL-CURLER-66C798CF3EDDEBE9F4890BB0
CJSPORX	CJSPORX	poshmark.com	HTTPS://POSHMARK.COM/LISTING/MENS-BASKETBALL-SHOES-BREATHABLE-NON-SLIP-RUNNING-FASHION-SNEAKERS-65D2D36F74CB4774F55B821C
CKIKIOU	CKIKIOU	poshmark.com	HTTPS://POSHMARK.COM/LISTING/CKIKIOU-WOMENS-LIGHTWEIGHT-OVERSIZED-BOAT-NECK-SWEATER-674F6C46B9DB3A08F7F8286F
CLAASICO	CLAASICO	poshmark.com	HTTPS://POSHMARK.COM/LISTING/CLAASICO-MENS-SLIM-MONEY-CLIP-LEATHER-WALLET-66172904580123AA8860E0C9
CLAIRDAI	CLAIRDAI	poshmark.com	HTTPS://POSHMARK.COM/LISTING/CLAIRDAI-MINI-MODERN-CHANDELIER-CRYSTAL-6680A93213D6819EB49C8D56
CLANOR	CLANOR	poshmark.com	HTTPS://POSHMARK.COM/LISTING/CLANOR-MASSAGE-GUN-DEEP-TISSUE-MUSCLE-MASSAGER-FOR-PAIN-RELIEFS-63AD51547687EE76A8A66A22
CLAPZOVR	CLAPZOVR	poshmark.com	HTTPS://POSHMARK.COM/LISTING/CLAPZOVR-MENS-SANDALS-SHOWER-WATER-SHOES-BEACH-SWIM-POOL-RIVER-SHOES-COMFORT-GAR-671966BBA6BB76219AC58881
CLAPZOVR	CLAPZOVR	poshmark.com	HTTPS://POSHMARK.COM/LISTING/CLAPZOVR-BLACK-BLUE-AQUA-WATER-SHOES-SLIPON-SANDALS-EU-41-US-M-8-W-10-6873495724B20BEFD01B25E2
CLAUDIA	CLAUDIA	poshmark.com	HTTPS://POSHMARK.COM/LISTING/MNG-BY-MANGO-JEANS-CLAUDIA-SIZE-10-624F782967FFB17E4DDEE86D
CLAWSHIELD	CLAWSHIELD	poshmark.com	HTTPS://POSHMARK.COM/LISTING/CLAW-SHIELD-THE-ULTIMATE-SCRATCH-PROTECTOR-631544792FBF1AC25BB3C4D7
CLDREAM	CLDREAM	poshmark.com	HTTPS://POSHMARK.COM/LISTING/SPRAY-MOP-FOR-FLOOR-CLEANING-W3PCS-WASHABLE-PADS-REFILLABLE-MICROFIBER-DUST-MOP-6732698DC24A6DF08A5AE19D
CLDREAM	CLDREAM	poshmark.com	HTTPS://POSHMARK.COM/LISTING/SPRAY-MOP-FOR-FLOOR-CLEANING-WITH-3PCS-WASHABLE-PADS-WET-DRY-MICROFIBER-MOP-65D47D3DB635F81B356AE1D0
CLDREAM	CLDREAM	poshmark.com	HTTPS://POSHMARK.COM/LISTING/CLDREAM-SPRAY-MOP-666180916AF575188CA9AC37
CLEANITIZE	CLEANITIZE	poshmark.com	HTTPS://POSHMARK.COM/LISTING/CLEANITIZE-CLEANING-AND-SANITIZING-WIPES-CASE-6-PACKS-72-COUNT-EACH-432-TOTAL-64E53CAD56B2F898C93ABD3C
CLEARLYHERBAL	CLEARLYHERBAL	poshmark.com	HTTPS://POSHMARK.COM/LISTING/CLEARLY-HERBAL-BAMBOO-ULTRA-SOFT-SNUG-FIT-DIAPERS-SIZE-2-674141FBC9AF8C18FF232272
CLEARREAR	CLEARREAR	poshmark.com	HTTPS://POSHMARK.COM/LISTING/CLEAR-REAR-BIDET-ATTACHMENT-FOR-TOILET-66AD34DEE34C3014B3069DD8
CLEAVLAND	CLEAVLAND	poshmark.com	HTTPS://POSHMARK.COM/LISTING/CLEAVLAND-CAVALIERS-HAT-6273E50A463D4F4CFE9D34D7
CLEAVLAND	CLEAVLAND	poshmark.com	HTTPS://POSHMARK.COM/LISTING/VINTAGE-CLEAVLAND-CAVS-HAT-61898BBD275E552F30A9FD3D
CLEAVLAND	CLEAVLAND	poshmark.com	HTTPS://POSHMARK.COM/LISTING/CLEAVLAND-INDIANS-MENS-SHORT-SLEEVE-TEE-60FF7D9C1801368E1EEAAF43
CLEAVLAND	CLEAVLAND	poshmark.com	HTTPS://POSHMARK.COM/LISTING/CLEAVLAND-GOLF-HAT-60E5D6C1AE766F41132F3AC8
CLEAVLAND	CLEAVLAND	poshmark.com	HTTPS://POSHMARK.COM/LISTING/CLEAVLAND-INDIANS-BASEBALL-SLIP-ON-SHOES-SIZE-6-66B78B46B142F393229CD0EC
CLEAVLAND	CLEAVLAND	poshmark.com	HTTPS://POSHMARK.COM/LISTING/CLEAVLAND-INDIANS-HAT-627BFC62DA1041E7265897C9
CLEAVLAND	CLEAVLAND	poshmark.com	HTTPS://POSHMARK.COM/LISTING/VINTAGE-1990S-CLEAVLAND-BROWN-LOGO-7-CREWNECK-SWEATSHIRT-65A9E72050E2DFB4017B8856
CLEAVLAND	CLEAVLAND	poshmark.com	HTTPS://POSHMARK.COM/LISTING/CLEAVLAND-INDIANS-TEAM-MLB-1-HAT-64EF9167B635F87663A4E686
CLEAVLAND	CLEAVLAND	poshmark.com	HTTPS://POSHMARK.COM/LISTING/CLEAVLAND-CAVALIER-JERSEY-LABRON-JAMES-63C9FF4B046D74D110D5992F
CLEECLI	CLEECLI	poshmark.com	HTTPS://POSHMARK.COM/LISTING/NEW-CLEECLI-SATIN-LATIN-SALSA-DANCE-SHOES-SIZE-12-67139EEBAC1F76F1B25AF28C
CLEESMIL	CLEESMIL	poshmark.com	HTTPS://POSHMARK.COM/LISTING/GLASS-WATER-BOTTLE-22-OZ-SILICON-SLEEVE-BAMBOO-LID-5DB9C7B253F5E7F0CC90721E
CLEVERCLASP	CLEVERCLASP	poshmark.com	HTTPS://POSHMARK.COM/LISTING/CLEVER-CLASP-MAGNETIC-JEWELRY-CLASP-4-PACK-64B5BC2287A2F53EF51C2043
CLICKNCURL	CLICKNCURL	poshmark.com	HTTPS://POSHMARK.COM/LISTING/CLICK-N-CURL-BLOWOUT-BRUSH-SET-66461836A2C69E9955352DA6
CLIFTONHERITAGE	CLIFTONHERITAGE	poshmark.com	HTTPS://POSHMARK.COM/LISTING/CLIFTON-HERITAGE-WALLET-6795B4A2B4EE5BC0E8D75D65
CLINGSTRAPS	CLINGSTRAPS	poshmark.com	HTTPS://POSHMARK.COM/LISTING/CLING-STRAPS-WATERPROOF-ROOF-TOP-CARGO-BAG-15-CUBIC-FEET-CAR-TOP-CARGO-B-66A2DD378FA20743FAC36AAA
CLONEMUS	CLONEMUS	poshmark.com	HTTPS://POSHMARK.COM/LISTING/COPY-CLONEMUS-SMALL-HUMIDIFIERS-FOR-BEDROOM-1L-MINI-PORTABLE-USB-HUMIDIFIER-644F0FD9A0CF3D360C714207
CLOSETDOODLES	CLOSETDOODLES	poshmark.com	HTTPS://POSHMARK.COM/LISTING/NAUTICAL-BABY-CLOSET-DIVIDERS-628861FCAC970270D6D969E3
CLOUDBBQ	CLOUDBBQ	poshmark.com	HTTPS://POSHMARK.COM/LISTING/CLOUD-BBQ-CL18-WIRELESS-BLUETOOTH-INSTANT-READ-MEATFOOD-THERMOMETER-NEW-65141B79134DDB21FC35CB35
CLOUDFIELD	CLOUDFIELD	poshmark.com	HTTPS://POSHMARK.COM/LISTING/CLOUDFIELD-MANHATTAN-WOODEN-SUNGLASSES-64AB144B046D749D846D4743
CLOUDNINEUMBRELLAS	CLOUDNINEUMBRELLAS	poshmark.com	HTTPS://POSHMARK.COM/LISTING/CLOUDNINE-UMBRELLAS-CLOUDS-IN-THE-SKY-AUTO-OPENCLOSE-UMBRELLA-46INCH-CANOPY-64EEA8A570C31591F52F7897
CLOUDPOEM	CLOUDPOEM	poshmark.com	HTTPS://POSHMARK.COM/LISTING/CLOUDPOEM-FITNESS-TRACKER-FITNESS-WATCHES-WITH-247-HEART-RATE-MONITOR-678676B7B1EF5831093775A4
CLOZZERS	CLOZZERS	poshmark.com	HTTPS://POSHMARK.COM/LISTING/NEW-CLOZZERS-CHRISTMAS-TREE-STORAGE-BAG-UP-TO-9-65-X-15-X-30-66FEFD082068475F60CA0401
CLSEVXY	CLSEVXY	poshmark.com	HTTPS://POSHMARK.COM/LISTING/FACIAL-CLEANSING-BRUSH-SET-63AC7B60FF0484CDD51BEED1
CMFRT	CMFRT	poshmark.com	HTTPS://POSHMARK.COM/LISTING/CMFRT-RED-HOODIE-SZ-L-681641DE28E1E09F89C189F7
CMIDY	CMIDY	poshmark.com	HTTPS://POSHMARK.COM/LISTING/100PCS-NATURAL-STONE-BEADS-8MM-BRECCIATED-JASPER-63DB5A327F29DD03E370296B
CMLHARDWARE	CMLHARDWARE	poshmark.com	HTTPS://POSHMARK.COM/LISTING/CML-HARDWARE-2GANG-DECORATOR-WALL-PLATE-10-PACK-681B8171FF0320A63711BB3C
CMPEY	CMPEY	poshmark.com	HTTPS://POSHMARK.COM/LISTING/CMPEY-RADIO-FREQUENCY-SKIN-TIGHTENING-MACHINE-MULTIFUNCTION-HOME-USE-BEAUTY-NWT-668065C8693FF72E8F20F61A
CMUEPO	CMUEPO	poshmark.com	HTTPS://POSHMARK.COM/LISTING/CMUEPO-12-SELFIE-RING-LIGHT-WITH-TRIPOD-STAND-6296B7680DD4FB03BF25DC90
CNOLES	CNOLES	poshmark.com	HTTPS://POSHMARK.COM/LISTING/CNOLES-DESIGN-63160F0F4BD7609EA2258947
COASIS	COASIS	poshmark.com	HTTPS://POSHMARK.COM/LISTING/COASIS-WOMENS-OPEN-TOE-PLATFORM-WEDGE-SANDALS-SIZE-10-64E1314DDBB0E747E7354475
COASTA	COASTA	poshmark.com	HTTPS://POSHMARK.COM/LISTING/COASTA-SUNGLASSES-6671E42D1DF63669C044576F
COAWG	COAWG	poshmark.com	HTTPS://POSHMARK.COM/LISTING/TEA-CUP-GLASS-COFFEE-MUGS-ENAMEL-FLOWER-BUTTERFLY-COAWG-6192C294163DF4B0BDBBA76C
COAWG	COAWG	poshmark.com	HTTPS://POSHMARK.COM/LISTING/TEA-CUP-GLASS-COFFEE-MUGS-W-MATCHING-SPOON-ENAMEL-FLOWER-BUTTERFLY-COAWG-652B107EFFB5D091D44AC661
COBALTX	COBALTX	poshmark.com	HTTPS://POSHMARK.COM/LISTING/COBALTX-BLUETOOTH-HEADPHONES-63581367ACF46287ECD0D61B
COCOCKA	COCOCKA	poshmark.com	HTTPS://POSHMARK.COM/LISTING/COCOCKA-SD-CARD-READER-3-IN-1-USBC-USBA-MICRO-USB-CAMERA-MEMORY-CARD-READER-6508B3BD87A2F5E2020BEBA2
COCOMONG	COCOMONG	poshmark.com	HTTPS://POSHMARK.COM/LISTING/COCOMONG-ROBOCONG-TOYTRON-PLUSH-12-STUFFED-ANIMAL-KOREAN-ANIMATION-RED-MONKEY-635055769C38CEEB0812FA5B
COCONBBY	COCONBBY	poshmark.com	HTTPS://POSHMARK.COM/LISTING/CONCOBBY-FACIAL-STEAMER-AND-HUMIDIFIER-COLOR-BLACK-64A424F591E053D330B831B9
COCOONINNOVATIONS	COCOONINNOVATIONS	poshmark.com	HTTPS://POSHMARK.COM/LISTING/COCOON-SLIM-15-BACKPACK-WITH-BUILTIN-GRIDIT-ACCESSORY-ORGANIZER-BLACK-6387E3221DF2EB90F8CF5635
COCOPEAR	COCOPEAR	poshmark.com	HTTPS://POSHMARK.COM/LISTING/COCOPEAR-WOMENS-ONE-PIECE-FLOUNCE-SWIMSUIT-OFF-SHOULDER-651714788D7A3CCEAC37A1F0
COCOPIN	COCOPIN	poshmark.com	HTTPS://POSHMARK.COM/LISTING/COCOPIN-CANDLE-MAKING-KIT-68649A02A0DC2BB4337EE276
COCOZY	COCOZY	poshmark.com	HTTPS://POSHMARK.COM/LISTING/COCOZY-MATERNITY-PILLOW-GREY-64BACB29EB7E7AC5A5224049
COCOZY	COCOZY	poshmark.com	HTTPS://POSHMARK.COM/LISTING/COCOZY-ADJUSTABLE-MATERNITY-PILLOW-PURPLE-CLOUDSOFT-664FA015014648BF1C0925AA
CODOULE	CODOULE	poshmark.com	HTTPS://POSHMARK.COM/LISTING/CODOULE-MANS-WATERPROOF-SLING-HIKING-DAYPACK-MULTIPURPOSE-CROSS-BODY-CHEST-BAG-64F72CC334D156BFEE86BB9C
COFELIFE	COFELIFE	poshmark.com	HTTPS://POSHMARK.COM/LISTING/COFELIFE-PROFESSIONAL-CONDENSER-MICROPHONE-KIT-NIB-6499067634D15698834C7E53
COFOF	COFOF	poshmark.com	HTTPS://POSHMARK.COM/LISTING/COFOF-RESISTANCE-WORKOUT-3-BANDS-5F8C83DA06D59C4552D4C41B
COKAFIL	COKAFIL	poshmark.com	HTTPS://POSHMARK.COM/LISTING/COKAFIL-JUST-SO-SO-SHOES-648258FFF644E5EC7F87DE3C
COKAFIL	COKAFIL	poshmark.com	HTTPS://POSHMARK.COM/LISTING/RUNNING-SHOES-WALKED-IN-ONCE-65C033B0ACF462A95673AF96
COKARSEY	COKARSEY	poshmark.com	HTTPS://POSHMARK.COM/LISTING/COKARSEYWOMENS-PLUS-SIZE-JUMPSUITSLONG-SLEEVE-VNECK-CASUAL-STYLE-SET-65B86E74BA3D48F715CEDECA
COLEBROOK	COLEBROOK	poshmark.com	HTTPS://POSHMARK.COM/LISTING/COLEBROOK-CO-GRAY-SNAKE-PRINT-LEATHER-JACKET-SIZE-MEDIUM-63D6D4B2FB7304A30081C56E
COLIARY	COLIARY	poshmark.com	HTTPS://POSHMARK.COM/LISTING/50-SALE-NEW-2PK-S20-PLUS-GLASS-SCREEN-PRO-R69-63926B992FBF1A6137F3E5C4
COLIBEN	COLIBEN	poshmark.com	HTTPS://POSHMARK.COM/LISTING/TOWEL-WARMER-63F4102B4BF9FF32BC44ADE0
COLLECTIBLEMEMORIES	COLLECTIBLEMEMORIES	poshmark.com	HTTPS://POSHMARK.COM/LISTING/PORCELAIN-DOLL-COLLECTABLE-MEMORIES-BRIDE-EMMA-65B6BC6CEB7E7A95AE41AE05
COLLECTIONEIGHTEEN	COLLECTIONEIGHTEEN	poshmark.com	HTTPS://POSHMARK.COM/LISTING/COLLECTION-EIGHTEEN-OS-67C63820D47BE5A6C5C477EC
COLLECTIONXIIX	COLLECTIONXIIX	poshmark.com	HTTPS://POSHMARK.COM/LISTING/COLLECTION-XIIX-WOMEN-BAGS-64A86EE27F29DD22A576FB08
COLLEER	COLLEER	poshmark.com	HTTPS://POSHMARK.COM/LISTING/BLACK-COLLEER-PUSHUP-BRA-5D0BE0D5ABE1CED066DFC1A8
COLOFROG	COLOFROG	poshmark.com	HTTPS://POSHMARK.COM/LISTING/2-IN-1-DOG-TRAINING-COLLAR-AND-BARK-CONTROL-SENSITIVITY-REMOTE-ALL-BREADS-68FC180124D2E709FEACBA19
COLONELPOPPER	COLONELPOPPER	poshmark.com	HTTPS://POSHMARK.COM/LISTING/ORIGINAL-COLONEL-POPPER-HEALTHY-MICROWAVE-POPCORN-MAKER-64D1B3847321B0EA21E2BF0E
COMBATWING	COMBATWING	poshmark.com	HTTPS://POSHMARK.COM/LISTING/NEW-COMBATWING-GAMING-HEADSET-WITH-MICROPHONE-6515D44A9464F3C2B6C0D369
COMBATWING	COMBATWING	poshmark.com	HTTPS://POSHMARK.COM/LISTING/COMBATWING-GAMING-HEADSET-WITH-MIC-SURROUND-SOUND-WIRED-M180-PRO-BLACK-READ-673222B3BC6E1C7486D41DED
COMBATWING	COMBATWING	poshmark.com	HTTPS://POSHMARK.COM/LISTING/COPY-NEW-COMBATWING-GAMING-HEADSET-WITH-MICROPHONE-6515D668FF0484A04D567DDF
COMFOLIFE	COMFOLIFE	poshmark.com	HTTPS://POSHMARK.COM/LISTING/COMFOLIFE-FOLDABLE-CAMPING-CHAIR-NEW-68222842001542D8BBF610D6
COMFORTICACLASSICS	COMFORTICACLASSICS	poshmark.com	HTTPS://POSHMARK.COM/LISTING/COMFORTICA-CLASSICS-KING-HERRINGBONE-BED-THROW-BLANKET-WHITE-WARM-COZY-SUPERSOFT-62F6C07B4BC65571C1FF9756
COMFORTOLOGY	COMFORTOLOGY	poshmark.com	HTTPS://POSHMARK.COM/LISTING/COMFORTOLOGY-HEELS-57709DD69818298D6C099B2B
COMFORTOLOGY	COMFORTOLOGY	poshmark.com	HTTPS://POSHMARK.COM/LISTING/COMFORTOLOGY-85W-MARY-JANE-65357782DFF94DA729513D88
COMFORTOLOGY	COMFORTOLOGY	poshmark.com	HTTPS://POSHMARK.COM/LISTING/COMFORTOLOGY-INSOLIA-BOOTS-6060ED5443895F7B8FFA687D
COMFORTSPACES	COMFORTSPACES	poshmark.com	HTTPS://POSHMARK.COM/LISTING/COMFORT-SPACES-DAYBED-COVER-WITH-TWO-SHAMS-62B36DC0AC97027036D2C0DF
COMFORTTAC	COMFORTTAC	poshmark.com	HTTPS://POSHMARK.COM/LISTING/NEW-XL-COMFORTTAC-BELLY-BAND-HOLSTER-20-66D75BAF741271A525CF06F6
COMFYABLE	COMFYABLE	poshmark.com	HTTPS://POSHMARK.COM/LISTING/COMFYABLE-LAPTOP-CASE-67350ABA9D05C46C3F8FC8DB
COMFYNANA	COMFYNANA	poshmark.com	HTTPS://POSHMARK.COM/LISTING/COMFYNANA-BABY-DIAPER-BAG-BACKPACK-WITH-CHANGING-STATION-DIAPER-BAGS-BG-GRAY-6699EE1FD6AB5D4C9A063EC1
COMFYPOT	COMFYPOT	poshmark.com	HTTPS://POSHMARK.COM/LISTING/COMFY-POT-NETI-POT-NIBNWT-SEND-OFFER-66293ABC2839BC2AFCA4E3AF
COMILA	COMILA	poshmark.com	HTTPS://POSHMARK.COM/LISTING/COMILA-XXL-WOMENS-MAXI-DRESS-64B4339724237A8D23779B25
COMLAX	COMLAX	poshmark.com	HTTPS://POSHMARK.COM/LISTING/COMLAX-LACROSSE-SHORTS-LAX-BRO-CHEWBACCA-63916D8B7F29DD12BC3C01E9
COMOBLU	COMOBLU	poshmark.com	HTTPS://POSHMARK.COM/LISTING/COMO-BLU-BOHO-TUNIC-TOP-PAISLEY-BUTTON-DOWN-SHIRT-SZ-MEDIUM-647D2141FFB5D01C4ACA84A6
COMOBLU	COMOBLU	poshmark.com	HTTPS://POSHMARK.COM/LISTING/COMO-BLU-TOP-PAISLEY-SHORT-SLEEVE-WOMENS-SIZE-SMALL-STRETCHY-SHORT-SLEEVE-NEW-63CC633A02760B2436A2F159
COMPER	COMPER	poshmark.com	HTTPS://POSHMARK.COM/LISTING/COMPER-INFRARED-FOREHEAD-THERMOMETER-NEW-NWT-66E23891B1EF588B364A9DCA
COMPUDA	COMPUDA	poshmark.com	HTTPS://POSHMARK.COM/LISTING/COMPUDA-DOG-COLLAR-6412A0BBBD66CD3E61689FC7
COMTRUE	COMTRUE	poshmark.com	HTTPS://POSHMARK.COM/LISTING/COMTRUE-TELEPHONE-HANDSET-CORD-5F2DB28D074D24AC9BB1D372
CONCENTRATEDNATURALS	CONCENTRATEDNATURALS	poshmark.com	HTTPS://POSHMARK.COM/LISTING/CONCENTRATED-NATURALS-SKIN-STEM-CELL-SERUM-6187A3038AE37C140E33DB2C
CONCEPT3BYSKECHERS	CONCEPT3BYSKECHERS	poshmark.com	HTTPS://POSHMARK.COM/LISTING/CONCEPT-3-BY-SKECHERS-WOMENS-NATURAL-CHIC-SNEAKER-MIDNIGHT-BLUE-SIZE-9-631373C79464F304F4D54520
CONCEPTSINTIME	CONCEPTSINTIME	poshmark.com	HTTPS://POSHMARK.COM/LISTING/CONCEPTS-IN-TIME-BRAND-COSTUME-WATCH-5B7CC1EEAAA5B881E795FE1F
CONFIDENCEFITNESS	CONFIDENCEFITNESS	poshmark.com	HTTPS://POSHMARK.COM/LISTING/CONFIDENCE-FITNESS-BIKE-618C71663A0DB9F02D9A7F0F
CONIDO	CONIDO	poshmark.com	HTTPS://POSHMARK.COM/LISTING/CONIDO-ROSE-GOLD-CHARGING-STAND-FOR-APPLE-WATCH-626B139DFDD4CDFD42675CF3
CONIDO	CONIDO	poshmark.com	HTTPS://POSHMARK.COM/LISTING/CONIDO-BLACK-CHARGING-STATION-677B5482DC8A4E11163A559D
CONNOISSERVE	CONNOISSERVE	poshmark.com	HTTPS://POSHMARK.COM/LISTING/CONNOISSERVE-COFFEE-CARAFE-20-OZ-6190ABF409D7603D89823687
CONNOISSERVE	CONNOISSERVE	poshmark.com	HTTPS://POSHMARK.COM/LISTING/RETRO-CONNOISSERVE-INSULATED-PAIR-OF-CUPS-MALLARD-DUCK-HUNTING-NO-41916-67F2B2720C84275EA02D52E5
CONRADRONTGEN	CONRADRONTGEN	poshmark.com	HTTPS://POSHMARK.COM/LISTING/CONRAD-RONTGEN-SUNGLASSES-65441C1C28E1E05EFDB4B98D
COOBIIYA	COOBIIYA	poshmark.com	HTTPS://POSHMARK.COM/LISTING/NWOT-COOBIIYA-LUNCH-BAG-WITH-INSULATED-CUP-WITH-LID-672EBA9720684796B3B992BB
COOBONSFITNESS	COOBONSFITNESS	poshmark.com	HTTPS://POSHMARK.COM/LISTING/COOBONS-FITNESS-RESISTANCE-BANDS-SET-5EF8693706D59C1076DF8D19
COOBONSFITNESS	COOBONSFITNESS	poshmark.com	HTTPS://POSHMARK.COM/LISTING/WORKOUT-BANDS-5ECF009D60FDEDB90F4D92DE
COOCRAFT	COOCRAFT	poshmark.com	HTTPS://POSHMARK.COM/LISTING/COOCRAFT-15PC-PREMIUM-HIGH-CARBON-STAINLESS-STEEL-KNIFE-BLOCK-SET-664056C050E2DF97546F57C5
COODIA	COODIA	poshmark.com	HTTPS://POSHMARK.COM/LISTING/SMALL-DOG-CARRIER-65F1E81C17E49C71964E1265
COOFIT	COOFIT	poshmark.com	HTTPS://POSHMARK.COM/LISTING/COOFIT-BLACK-LEATHER-BACKPACK-SHOULDER-BAG-6589C2DF87A2F54E1065D1B2
COOFO	COOFO	poshmark.com	HTTPS://POSHMARK.COM/LISTING/2PACK-FACIAL-CLEANSING-BRUSH-622B9E59E2C432853C15943F
COOFO	COOFO	poshmark.com	HTTPS://POSHMARK.COM/LISTING/COOFO-COMEDO-SUCTION-BLACKHEAD-REMOVER-6807ED78375218742E8D5616
COOFO	COOFO	poshmark.com	HTTPS://POSHMARK.COM/LISTING/COOFO-COMEDO-SUCTION-BLACKHEAD-REMOVER-NEW-IN-BOX-645181EB83CBEC585177914F
COOFO	COOFO	poshmark.com	HTTPS://POSHMARK.COM/LISTING/BLACKHEAD-REMOVER-NEW-IN-BOX-67995DD7C9AF8CC27C7BB5A1
COOFO	COOFO	poshmark.com	HTTPS://POSHMARK.COM/LISTING/COOFO-WHITE-AND-BLUE-BLACKHEAD-REMOVER-6886C39D1986C280ED1D109D
COOKSMART	COOKSMART	poshmark.com	HTTPS://POSHMARK.COM/LISTING/COOKSMART-APRON-67211FFECF86B1FB652D8000
COOLALA	COOLALA	poshmark.com	HTTPS://POSHMARK.COM/LISTING/FREE-COOLALA-WHITE-RUNNING-SHOES-60F2F2227F80D2FC09C0447A
COOLCHA	COOLCHA	poshmark.com	HTTPS://POSHMARK.COM/LISTING/COOLCHA-LUNCHBAG-WITH-GLASS-FOOD-CONTAINERS-666D7310014648E4358412BA
COOLCHOICE	COOLCHOICE	poshmark.com	HTTPS://POSHMARK.COM/LISTING/VEST-COOLCHOICE-GREEN-MENS-2XL-AUTHENTIC-OUTDOOR-LEISURE-ACTIVE-100-POLYESTER-692C7474CC0A7394A358AE77
COOLCHOICE	COOLCHOICE	poshmark.com	HTTPS://POSHMARK.COM/LISTING/NWOT-COOLCHOICE-OUTDOOR-LEISURE-VEST-MENS-SIZE-L-6909F64A1B40A7C059E6266C
COOLMAKERJOJOSIWABOWMAKER	COOLMAKERJOJOSIWABOWMAKER	poshmark.com	HTTPS://POSHMARK.COM/LISTING/COOL-MAKER-JOJO-SIWA-BOW-MAKER-KIT-PLUS-1-REFILL-PACK-635E4966BD66CDF85D53C02E
COOLOOK	COOLOOK	poshmark.com	HTTPS://POSHMARK.COM/LISTING/212-UNISEX-ICONIC-SUNGLASSES-604382E9284E9930DAE7E836
COOLOVER	COOLOVER	poshmark.com	HTTPS://POSHMARK.COM/LISTING/COOLOVER-COPPER-COMPRESSION-SOCKS-FOR-WOMEN-AND-MEN6-PAIRS-SIZE-LXL-NWOT-664CC65982DCEB25F75E717B
COOLSNAIL	COOLSNAIL	poshmark.com	HTTPS://POSHMARK.COM/LISTING/COOLSNAIL-DOG-HARNESS-NO-PULL-W-PADDED-CHEST-L-CHEST-2731-HEAVY-DUTY-LEASH-665DD23704B36D3B9A4AF002
COOLSO	COOLSO	poshmark.com	HTTPS://POSHMARK.COM/LISTING/COOLSO-KEYCHAIN-66730E15775CAF1ABBC2866E
COOLSOUL	COOLSOUL	poshmark.com	HTTPS://POSHMARK.COM/LISTING/NEW-COOLSOUL-BATTERY-REPLACEMENT-FOR-DYSON-V6-BATTERY-EXTRA-FILTERS-640CE5783B982A75270A0EF8
COOLTURTLE	COOLTURTLE	poshmark.com	HTTPS://POSHMARK.COM/LISTING/COOL-TURTLE-NONMEDICAL-MASK-ENHANCERS-62CF0702DA10414A6AEF3875
COOPERCASES	COOPERCASES	poshmark.com	HTTPS://POSHMARK.COM/LISTING/COOPER-BOUNCE-STRAP-DROP-PROOF-RUGGED-CASE-FOR-TABLET-644FDA0FC1C3463295AEC7A0
COOPERWIN	COOPERWIN	poshmark.com	HTTPS://POSHMARK.COM/LISTING/COOPERWIN-RUNNERS-FANNY-PACK-NWOT-624F57C06914126170E4431E
COOSKY	COOSKY	poshmark.com	HTTPS://POSHMARK.COM/LISTING/NEWWITH-TAGS-COOSKY-TRAVEL-HANGING-TOILETRY-BAG-6763B9D5694D72FBF63C07B0
COOSO	COOSO	poshmark.com	HTTPS://POSHMARK.COM/LISTING/COOSO-WHITE-COMEDO-SUCTION-BLACKHEAD-REMOVER-677C2DF315AD546C537499DB
COOWONE	COOWONE	poshmark.com	HTTPS://POSHMARK.COM/LISTING/COOWONE-STEP-IN-DOG-HARNESS-AND-LEASH-SET-647977EB32C1DC2921D62239
COOX	COOX	poshmark.com	HTTPS://POSHMARK.COM/LISTING/COOX-CABLE-5F692E9F633CFCDD276D7BFC
COOYOKIT	COOYOKIT	poshmark.com	HTTPS://POSHMARK.COM/LISTING/COOYOKIT-AMAZON-FASHION-LS-ACCORDION-STYLE-STRETCH-BOHO-SHIRT-W-TAGS-64D5264024237AE9747BBAF3
COOZERO	COOZERO	poshmark.com	HTTPS://POSHMARK.COM/LISTING/67OZ-20L-AUTOMATIC-PET-WATER-FOUNTAIN-WITH-BLUE-LED-LIGHT-63E7CB9D91E053D8675E125D
COPATCHY	COPATCHY	poshmark.com	HTTPS://POSHMARK.COM/LISTING/NIB-COPATCHY-MEDIUM-NO-PULL-REFLECTIVE-DOG-HARNESS-63E7DB9624237AEF07B15D48
COPATCHY	COPATCHY	poshmark.com	HTTPS://POSHMARK.COM/LISTING/COPATCHY-PINK-ADJUSTABLE-NO-PULL-REFLECTIVE-DOG-HARNESS-SIZE-MEDIUM-652A05BC4BF9FFE4190368B9
COPATCHY	COPATCHY	poshmark.com	HTTPS://POSHMARK.COM/LISTING/DOG-HARNESS-SMALL-SIZED-DOG-ALL-WEATHER-MESH-OVERHEAD-ADJUSTABLE-NO-PULL-VEST-66EFA4FAB142F35C66EEB3D0
COPCAPE	COPCAPE	poshmark.com	HTTPS://POSHMARK.COM/LISTING/WINTER-GLOVES-WOMEN-COLD-WEATHER-GLOVES-FOR-WOMEN-KNIT-MERINO-WOOL-CABLE-NEW-67987A9F0A60D57C17B59347
COPGAIN	COPGAIN	poshmark.com	HTTPS://POSHMARK.COM/LISTING/COPGAIN-P1M13-LAPTOP-SCREEN-EXTENDER-PORTABLE-MONITOR-12-FOR-136-MACBOOK-665E97D7D399FF40277A03B0
COPILOTPETTRAVEL	COPILOTPETTRAVEL	poshmark.com	HTTPS://POSHMARK.COM/LISTING/COPILOT-PET-TRAVEL-WATERPROOF-CAR-SEAT-COVER-62EEEE468634CB443CB0EDC3
COPIPA	COPIPA	poshmark.com	HTTPS://POSHMARK.COM/LISTING/50-STATES-CUP-HOLDERTUMBLER-6837D3EDF6035AB9F52C47DE
COPPERCHEFCOPPEREGGSXL	COPPERCHEFCOPPEREGGSXL	poshmark.com	HTTPS://POSHMARK.COM/LISTING/BRAND-NEW-COPPER-CHEF-COPPER-EGGS-XL-SET-5E040B375263ECC8AA966982
CORDAW	CORDAW	poshmark.com	HTTPS://POSHMARK.COM/LISTING/CORDAW-ZIPPER-IN-FRONT-SPORTS-BRA-HIGH-IMPACT-STRAPPY-BACK-SUPPORT-WORKOUT-TOP-S-630FBCD5C1C3469AE91877B8
CORDAW	CORDAW	poshmark.com	HTTPS://POSHMARK.COM/LISTING/CORDAW-ZIP-FRONT-CROSS-BACK-SPORTS-BRA-WITH-REMOVABLE-PADS-62A55BDB8498D4AA66F7500E
CORE46	CORE46	poshmark.com	HTTPS://POSHMARK.COM/LISTING/ORIGINAL-COREXT46-WORKOUT-AB-MACHINE-CORE-STRONG-UPPER-POWER-RESISTANCE-STACK-66956AAE4FBBFD0190591050
COREBAY	COREBAY	poshmark.com	HTTPS://POSHMARK.COM/LISTING/NIB-COREBAY-CEILING-FAN-REMOTE-CONTROL-KIT-WDIMMER-61B530B060FDED96F5F3A6FE
CORELL	CORELL	poshmark.com	HTTPS://POSHMARK.COM/LISTING/VINTAGE-6PC-WHITE-10-DINNER-PLATES-CORELL-BY-CORNING-677F251FFEE468E48B155327
CORELLECOORDINATES	CORELLECOORDINATES	poshmark.com	HTTPS://POSHMARK.COM/LISTING/CORELLE-COORDINATES-BAKE-AND-SERVE-65E7921987A2F55EBBC72D90
COREMINDED	COREMINDED	poshmark.com	HTTPS://POSHMARK.COM/LISTING/COREMINDEDUNIVERSAL-DESK-PRIVACY-PANEL-HEAVYDUTY-DESK-DIVIDER-OFFICE-PARTI-685C3B219936D6549DF14219
COREMINDED	COREMINDED	poshmark.com	HTTPS://POSHMARK.COM/LISTING/COREMINDED-ADJUSTABLE-DUAL-VERTICAL-LAPTOP-STAND-FOR-DESK-WOODEN-6950BCE834E253AE14E519FF
COREWILL	COREWILL	poshmark.com	HTTPS://POSHMARK.COM/LISTING/MANICURE-SET-5FF0C56FE107BB43EAFE7438
CORFTY	CORFTY	poshmark.com	HTTPS://POSHMARK.COM/LISTING/CORFTY-MENS-SHIRT-XL-680D91D0B9BD74E66E504A69
CORIWELL	CORIWELL	poshmark.com	HTTPS://POSHMARK.COM/LISTING/CORIWELL-PINK-HEATED-ELECTRIC-THROW-WHITE-SHERPA-50X60-4-SETTING-AUTO-OFF-NEW-674B53738A00E3015BCE9FA1
CORLAP	CORLAP	poshmark.com	HTTPS://POSHMARK.COM/LISTING/CORLAP-WOMENS-CREW-ANKLE-HIGH-COTTON-FUN-CUTE-ATHLETIC-RUNNING-SOCKS-66D98A5A1CE6665E91A40BBC
CORLITEC	CORLITEC	poshmark.com	HTTPS://POSHMARK.COM/LISTING/CORLITEC-WEBCAM-W6-60F8FC0F163DF453FB3D72C0
CORNELA	CORNELA	poshmark.com	HTTPS://POSHMARK.COM/LISTING/TED-BAKER-CORNELA-PLEATED-VELVET-MIDI-DRESS-60C66072727B3E644627C0F8
CORTEXINTERNATIONAL	CORTEXINTERNATIONAL	poshmark.com	HTTPS://POSHMARK.COM/LISTING/CORTEX-4-IN-1-TITANIUM-CURLING-IRON-5AD95FDA2AE12FB34878CE0E
COSANO	COSANO	poshmark.com	HTTPS://POSHMARK.COM/LISTING/COSANO-ELECTRIC-AIR-DUSTER-3-GEAR-ADJUSTABLE-MINI-JET-BLOWER-130000RPM-66F48E3A64164A2635E536DE
COSFLYOUTDOORFURNITURE	COSFLYOUTDOORFURNITURE	poshmark.com	HTTPS://POSHMARK.COM/LISTING/COSFLY-OUTDOOR-FURNITURE-PATIO-CHAIR-COVERS-WATERPROOF-CLEARANCE-61B6CC9E2F3D19F8F28F5D07
COSMAMA	COSMAMA	poshmark.com	HTTPS://POSHMARK.COM/LISTING/BABY-BOTTLE-WORMER-657FB4FE78B9E86175C11716
COSMI	COSMI	poshmark.com	HTTPS://POSHMARK.COM/LISTING/PC-GAMES-300-ARCADE-GAMES-COSMI-2000-UNIVERSAL-PC-GAME-674F4099B3EF62C53D8BBC3C
COSNEY	COSNEY	poshmark.com	HTTPS://POSHMARK.COM/LISTING/COSNEY-CERVICAL-MEMORY-FOAM-PILLOWCONTOUR-PILLOWS-FOR-NECK-PAIN-6506E6EAFB73049D149D6B5C
COSPARX	COSPARX	poshmark.com	HTTPS://POSHMARK.COM/LISTING/12-CUP-COFFE-POT-CARAFE-FOR-KEURIG-KDUO-ESSENTIALS-25-6705F8B89D05C49A8276DED2
COSSINIGE	COSSINIGE	poshmark.com	HTTPS://POSHMARK.COM/LISTING/COSSINIGE-MENS-DIGITAL-WATERPROOF-MILITARY-WATCH-BLUE-AND-BLACK-6792A0D119852490C27EAF04
COSYONALL	COSYONALL	poshmark.com	HTTPS://POSHMARK.COM/LISTING/COSYONALL-HAIR-CLIPPERS-FOR-MEN-PRO-CORDED-HAIR-TRIMMER-CUTTING-KIT-673D4C1ED253F1666646FEF1
COSYOU	COSYOU	poshmark.com	HTTPS://POSHMARK.COM/LISTING/COSYOU-MATERNITY-LONG-DRESS-PHOTOSHOOT-SIZE-S-YELLOW-652DC77656B2F823CFBE6F4B
COSYOU	COSYOU	poshmark.com	HTTPS://POSHMARK.COM/LISTING/COSYOU-WOMENS-MATERNITY-DRESS-SIZE-3XL-BLUE-LACE-SHEER-COVER-UP-66CA1B6A3FD8E7A99E3DA12F
COSYYOSY	COSYYOSY	poshmark.com	HTTPS://POSHMARK.COM/LISTING/NWT-COSYYOSY-HEATED-VEST-FOR-MEN-WOMEN-SIZE-L-6478C6EB02760B6164CE1384
COSYYOSY	COSYYOSY	poshmark.com	HTTPS://POSHMARK.COM/LISTING/COSYYOSY-HEATED-ZIP-VEST-WITH-HOOD-UNISEX-BLACK-5-HEATING-PANELS-LARGE-NEW-677E9DE5CE7065E4FF2FAF52
COTEEZA	COTEEZA	poshmark.com	HTTPS://POSHMARK.COM/LISTING/COTEEZA-BLACK-CELTIC-BRAIDED-COSPLAY-CROWN-ELVEN-DRESS-ACCESSORIES-BRONZE-DRAGON-63C79E7F74BDBED5C28AC32B
COTTORY	COTTORY	poshmark.com	HTTPS://POSHMARK.COM/LISTING/COTTORY-MENS-SHORT-HIPHOP-DANCE-JOGGER-SWEATPANTS-TROUSERS-SPORT-DEPTSZ-2XL-626AE09996501402D7543B81
COUTUDI	COUTUDI	poshmark.com	HTTPS://POSHMARK.COM/LISTING/COUTUDI-DUSTCOATS-5DC328D6FE19C7A493229D20
COVER2COVER	COVER2COVER	poshmark.com	HTTPS://POSHMARK.COM/LISTING/COVER2COVER-BLACK-BEACH-COVER-UP-604813F8B69E9E0DC6C39D56
COVER2COVER	COVER2COVER	poshmark.com	HTTPS://POSHMARK.COM/LISTING/SWIMSUIT-COVERUP-62F323EC97B5D01FD1A71812
COVERON	COVERON	poshmark.com	HTTPS://POSHMARK.COM/LISTING/COVERON-CASE-FOR-LG-G8-THINQ-61D0CD3D93649F5C7F4FAB72
COVERYOURHAIR	COVERYOURHAIR	poshmark.com	HTTPS://POSHMARK.COM/LISTING/12-PACK-OF-BANDANAS-63051F08413EB617ABA710AD
COVONO	COVONO	poshmark.com	HTTPS://POSHMARK.COM/LISTING/COVONO-ELECTRIC-DOG-FENCE-PET-CONTAINMENT-SYSTEM-IP66-63C0F6863DDDF4E1104577D4
COVONO	COVONO	poshmark.com	HTTPS://POSHMARK.COM/LISTING/COVONO-ELECTRIC-DOG-FENCE-WIRED-PET-CONTAINMENT-SYSTEM-65F65B68E34C30666F96BB87
COVRWARE	COVRWARE	poshmark.com	HTTPS://POSHMARK.COM/LISTING/COVRWARE-PHONE-CASE-CLIP-6863F484BE296BA29242EE56
COWZUC	COWZUC	poshmark.com	HTTPS://POSHMARK.COM/LISTING/NEW-COWZUC-USB-HUB-66EB8C53BFD9A670CB4D836C
COXIST	COXIST	poshmark.com	HTTPS://POSHMARK.COM/LISTING/COXIST-SOCCER-SLIDES-628966B34FD23A26B8532DFC
COXIST	COXIST	poshmark.com	HTTPS://POSHMARK.COM/LISTING/CROCS-CONISTON-SIZE-1-NWOT-DESIGNED-BY-BOUTIQUE-NIGHTCAP-645A3AA5A0E6C6152FD49A18
COZILIFE	COZILIFE	poshmark.com	HTTPS://POSHMARK.COM/LISTING/COZILIFE-EGG-POACHER-60807EA9FF83041E0BB70ADD
COZITECH	COZITECH	poshmark.com	HTTPS://POSHMARK.COM/LISTING/NWOT-FASHION-READY-TO-HANG-WOODFRAMED-CANVAS-WALL-ART-PINK-AND-BLACK-65FCC283C5DF6CF423E14232
COZOO	COZOO	poshmark.com	HTTPS://POSHMARK.COM/LISTING/COZOO-3-PORT-SMART-SUPER-CHARGER-WITH-HEADPHONE-STAND-65F6EA45B2780C307733B2EF
COZYBERRY	COZYBERRY	poshmark.com	HTTPS://POSHMARK.COM/LISTING/COZYBERRY-CANDLE-WARMER-BLACK-65CE9ECA92E491AB96939B21
COZYBUMP	COZYBUMP	poshmark.com	HTTPS://POSHMARK.COM/LISTING/COZY-BUMP-PREGNANCY-PILLOW-664C0A4CB1EF5816ED1E11E0
COZYFLEECE	COZYFLEECE	poshmark.com	HTTPS://POSHMARK.COM/LISTING/COZY-FLEECE-BOYFRIEND-CREW-SWEATSHIRT-6623505B693FF775D55BA0AC
COZYLOUCIA	COZYLOUCIA	poshmark.com	HTTPS://POSHMARK.COM/LISTING/COZYLOUCIA-WOMENS-BLACK-CROSSBODY-BAG-WITH-FLORAL-INTERIOR-68D93B01FF353AF6EF2D90D1
COZYTIMEPUZZLES	COZYTIMEPUZZLES	poshmark.com	HTTPS://POSHMARK.COM/LISTING/PUZZLE-DIFFICULT-DONUTS-1000-PIECE-COMPLETE-WITH-POSTER-USED-ONCE-655BA18124237A30E444CFD1
COZZMTS	COZZMTS	poshmark.com	HTTPS://POSHMARK.COM/LISTING/JIG-SAW-BLADES-WOODMETAL-20-PCS-PLUS-EXTRA-SET-COZZMTS-NEW-63FB09633E7602F45DFBE08E
COZZYLIFE	COZZYLIFE	poshmark.com	HTTPS://POSHMARK.COM/LISTING/CLASSIC-HOME-THROW-BLANKET-REVERSIBLE-ACRYLIC-COZY-PLAID-FRINGE-50X67-PUMPKN-67251430A5BB34666FCCC280
CRADREAM	CRADREAM	poshmark.com	HTTPS://POSHMARK.COM/LISTING/NIB-CRADREAM-HYPER-WHEELS-RC-STUNT-CAR-W-REMOTE-CONTROL-61F20BBDB69E9E86FA56E00F
CRAFTABELLE	CRAFTABELLE	poshmark.com	HTTPS://POSHMARK.COM/LISTING/CRAFTABELLE-DIY-BRACELET-KIT-5E4CA04C1153BA1C002ADEDD
CRAFTABELLE	CRAFTABELLE	poshmark.com	HTTPS://POSHMARK.COM/LISTING/CRAFTBELLE-NWT-CHAIN-JEWELRY-MAKING-KIT-66F9FB589A76EFDE52C75F24
CRAFTERSMARK	CRAFTERSMARK	poshmark.com	HTTPS://POSHMARK.COM/LISTING/SHELF-BRACKETS-10-INCH-HEAVY-DUTY-EXTRA-THICK-CORNER-BRACE-WHITE-STEEL-DECOR-634CE160ACB9F5833C13539A
CRAFTMATES	CRAFTMATES	poshmark.com	HTTPS://POSHMARK.COM/LISTING/CRAFTMATES-LOCKABLES-2XL-7-COMPARTMENT-BEAD-STORAGE-PRICE-6295A8728498D448EAB2B6AF
CRAFTMATES	CRAFTMATES	poshmark.com	HTTPS://POSHMARK.COM/LISTING/CRAFTMATES-LOCKABLES-14-COMPARTMENT-BEAD-ORGANIZER-3XL-626312FB965014F0226F5EBB
CRAIGKARAOKESYSTEM	CRAIGKARAOKESYSTEM	poshmark.com	HTTPS://POSHMARK.COM/LISTING/CRAIG-KARAOKE-SYSTEM-63023CAC382DB8DC23D521E3
CRAZYFIRE	CRAZYFIRE	poshmark.com	HTTPS://POSHMARK.COM/LISTING/CRAZY-FIRE-POLARIZED-SPORTS-SUNGLASSES-CRAZYFIRE-UV-400-PROTECTION-64271BB0DBB0E73E8FE09027
CRCHOM	CRCHOM	poshmark.com	HTTPS://POSHMARK.COM/LISTING/CRCHOM-LEDGE-FLOATING-SHELFS-60A1F064BCBB529DC846C871
CREACITY	CREACITY	poshmark.com	HTTPS://POSHMARK.COM/LISTING/CREACITY-UNIVERSAL-GARAGE-DOOR-OPENER-REMOTE-2-PACK-FOR-5-COLORS-OF-LEARN-BUTTON-646BAD5E24237AFFE27B275E
CREATIVEAPPARELCONCEPTS	CREATIVEAPPARELCONCEPTS	poshmark.com	HTTPS://POSHMARK.COM/LISTING/CREATIVE-APPAREL-CONCEPTS-SWEATSHIRT-AND-HAT-COMBO-6076451A2F3D1972F9274FB0
CREATIVELYCALMSTUDIOS	CREATIVELYCALMSTUDIOS	poshmark.com	HTTPS://POSHMARK.COM/LISTING/3-ADULT-COLORING-BOOK-SET-66FDBE65B142F341A88DD7E6
CRECOLIFE	CRECOLIFE	poshmark.com	HTTPS://POSHMARK.COM/LISTING/CRECOLIFE-SMART-AIR-PURIFIER-WITH-WIFI-683867E19F19E2D9AC7D670C
CRESCENTSTARLIGHT	CRESCENTSTARLIGHT	poshmark.com	HTTPS://POSHMARK.COM/LISTING/1NWT-CRESCENT-STARLIGHT-FLORAL-VELVET-PILLOWS-READ-DESCRIPTION-FOR-DETAILS-667A5951154600AD20655960
CRESCENTWOMB	CRESCENTWOMB	poshmark.com	HTTPS://POSHMARK.COM/LISTING/CRESCENT-WOMB-BABY-HAMMOCK-637C2D7C24237AD18FBA3FC9
CRESCENTWOMB	CRESCENTWOMB	poshmark.com	HTTPS://POSHMARK.COM/LISTING/CRESCENT-WOMB-62B2E09367BD9191B2208449
CRGSPORTS	CRGSPORTS	poshmark.com	HTTPS://POSHMARK.COM/LISTING/CRG-SPORTS-MOTORCYCLE-GOGGLES-ATV-DIRT-BIKE-OFF-ROAD-RACING-RIDING-MOTOCROSS-63B941AFC026863AF10911B7
CRIOXEN	CRIOXEN	poshmark.com	HTTPS://POSHMARK.COM/LISTING/CRIOXEN-INDOOR-BUG-ZAPPER-MOSQUITO-TRAP-INDOOR-INSECT-KILLER-UVA-TUBE-365NM-6202BFF31460BB008FAD2F53
CRISTALBOX	CRISTALBOX	poshmark.com	HTTPS://POSHMARK.COM/LISTING/612-CRISTALBOX-CHAMOMILE-NATURAL-PURE-HAND-CREAM-LOTION-4677-678FBA129CEAF741B34C83F0
CROLOOSE	CROLOOSE	poshmark.com	HTTPS://POSHMARK.COM/LISTING/CROLOOSE-2-PC-HALLOWEEN-ADULT-UNISEX-ADVENTURE-COSPLAY-COSTUME-ACCESSORIES-689A49CD243DAEECF7178EC7
CROMIFY	CROMIFY	poshmark.com	HTTPS://POSHMARK.COM/LISTING/VACUUM-SEALER-662FF413B9DB3A2FE06B2DC8
CROMONCENT	CROMONCENT	poshmark.com	HTTPS://POSHMARK.COM/LISTING/MEN-SHIRT-COTTON-LONG-SLEEVE-PLAID-WORK-SHIRT-OUTDOOR-BUTTON-DOWN-CASUAL-MENS-3X-66B6B3BD93FA8A93574AACA5
CROSPACK	CROSPACK	poshmark.com	HTTPS://POSHMARK.COM/LISTING/CONVERTIBLE-GARMENT-DUFFEL-BAG-55L-HANGING-TRAVEL-SUITCASE-WEEKENDER-BAGS-GREY-632ED39D7099BF3BD1402B52
CROSSTREELANE	CROSSTREELANE	poshmark.com	HTTPS://POSHMARK.COM/LISTING/CROSSTREE-LANE-TUNIC-TOP-621E051B3A0DB925ED28D4AF
CRSKIY	CRSKIY	poshmark.com	HTTPS://POSHMARK.COM/LISTING/CRSKIY-WAX-WARMER-KIT-WITH-ALOE-WAX-BEADS-683C944421B8012EA0DA418C
CRUBELON	CRUBELON	poshmark.com	HTTPS://POSHMARK.COM/LISTING/NWOT-CRUBELON-STEAMPUNK-VINTAGE-TAILCOAT-GOTHIC-VICTORIAN-FROCK-UNIFORM-2XL-686DB0D721BD42E0BE9D8135
CRYOFORCE	CRYOFORCE	poshmark.com	HTTPS://POSHMARK.COM/LISTING/CRYOFORCE-TUBE-6632F70ACF86B1932C0AF75C
CRYPTDOGLE	CRYPTDOGLE	poshmark.com	HTTPS://POSHMARK.COM/LISTING/CRYPTDOGLE-UPGRADED-DOG-CONE-COLLAR-FOR-AFTER-SURGERY-SOFT-PET-USED-6600D47058083D2F2A872A35
CRYSTALGUARDMB	CRYSTALGUARDMB	poshmark.com	HTTPS://POSHMARK.COM/LISTING/CRYSTAL-GUARD-MB-KEYBOARD-PROTECTOR-6200A4B5BB5937CC2DE0F575
CT31A	CT31A	poshmark.com	HTTPS://POSHMARK.COM/LISTING/HONEYWELL-HOME-CT31A-NONPROGRAMMABLE-THEROMSTAT-HEAT-AND-COOL-BRAND-NEW-IN-BOX-63F568F0B635F83F5486722C
CTOBU	CTOBU	poshmark.com	HTTPS://POSHMARK.COM/LISTING/CTOBU-ORGANIC-MOISTURIZING-SKINCARE-SUNSCREEN-SPF-50-PA-10062027-67BB071FC9AF8C460A3380DC
CTRLSPORTS	CTRLSPORTS	poshmark.com	HTTPS://POSHMARK.COM/LISTING/CTRL-SPORTS-10-LOOP-STRETCH-STRAP-RED-6121FAF1E97E48014ED10733
CUAZCCS	CUAZCCS	poshmark.com	HTTPS://POSHMARK.COM/LISTING/GROUNDING-SHEET-QUEEN-SIZE-60X80-INCHES-67CA366082DCEBA9479B0198
CUCKOOL	CUCKOOL	poshmark.com	HTTPS://POSHMARK.COM/LISTING/BABY-HEATED-TUMMY-WRAP-COLIC-RELIEF-GAS-RELIEF-NATURAL-RELIEF-INFANT-TODDLER-65B73818A0AEB712BA11669D
CUDDLEDREAMS	CUDDLEDREAMS	poshmark.com	HTTPS://POSHMARK.COM/LISTING/CASHMERE-THROW-BLANKET-65EB7995F644E5985BC6A007
CUDDLISSIMO	CUDDLISSIMO	poshmark.com	HTTPS://POSHMARK.COM/LISTING/CUDDLISSIMO-PET-SLING-CARRIER-60AC39D22CA9AB53713CEB93
CUIMEI	CUIMEI	poshmark.com	HTTPS://POSHMARK.COM/LISTING/CUIMEI-FLEECE-NECK-WARMER-GAITER-67C3CEB334E253B772867A80
CULOVITY	CULOVITY	poshmark.com	HTTPS://POSHMARK.COM/LISTING/COLOVITY-BAT-PENDANT-CHOKER-5E3427B6D948A180E39A01EA
CULTURAAZURE	CULTURAAZURE	poshmark.com	HTTPS://POSHMARK.COM/LISTING/CULTURA-AZURE-MENS-SKINNY-FIT-JEANS-FOR-MEN-BLACK-63EADD8532C1DC6C7622F226
CUNHILL	CUNHILL	poshmark.com	HTTPS://POSHMARK.COM/LISTING/95-PLASTICCUPS-8-OZ-CHEERS-50TH-BIRTHDAY-PARTY-CUPS-PERSONALIZED-DISPOSABLE-6467E173DB3A6F71ECA00EDC
CUNMISO	CUNMISO	poshmark.com	HTTPS://POSHMARK.COM/LISTING/CUNMISO-CORDLESS-ELECTRIC-HAND-MASSAGER-ARTHRITIS-AIR-COMPRESSION-PAIN-RELIEF-647A3DEDBE296BDEC54A6BD3
CUOKAMIRACLE	CUOKAMIRACLE	poshmark.com	HTTPS://POSHMARK.COM/LISTING/CUOKA-MIRACLE-PIERCED-ELEPHANT-EARRINGS-63D97BEDFFB5D0ACDFA452DF
CUPEISI	CUPEISI	poshmark.com	HTTPS://POSHMARK.COM/LISTING/CUPEISI-101-INCH-TABLET-BRAND-NEW-BLACK-643A2CD117FB4B175E40C641
CURATIONSCARAVAN	CURATIONSCARAVAN	poshmark.com	HTTPS://POSHMARK.COM/LISTING/HSN-CURATIONS-CARAVAN-LG-DRESSY-BLACK-JUMPSUIT-BRAND-NEW-643DFB1949D8D8530422BCD6
CURATIONSCARAVAN	CURATIONSCARAVAN	poshmark.com	HTTPS://POSHMARK.COM/LISTING/BLACK-CURATIONS-CARAVAN-SLINKY-CONVERTIBLE-GAUCHO-PANT-JUMPSUIT-S-5F78A99BE107BBB6EEEDE2E7
CURCONSA	CURCONSA	poshmark.com	HTTPS://POSHMARK.COM/LISTING/NIB-POOL-THERMOMETER-FLOATING-CURCONSA-DIGITAL-POOL-THERMOMETER-WIRELESS-66E9B6DBED3F4A6824279B9B
CUREGUARD	CUREGUARD	poshmark.com	HTTPS://POSHMARK.COM/LISTING/100PCS-CUREGUARD-DISPOSABLE-GLOVES-5EBCC7A1A1D4135EF84CD62C
CURVATION	CURVATION	poshmark.com	HTTPS://POSHMARK.COM/LISTING/VINTAGE-CURVATION-BRA-65AA7422FB730419B474A3A3
CUSHNIEFORTARGET	CUSHNIEFORTARGET	poshmark.com	HTTPS://POSHMARK.COM/LISTING/CUSHNIE-FOR-TARGET-DRESS-642FBD747DFCC233D3C3ED3E
CUSHYFORM	CUSHYFORM	poshmark.com	HTTPS://POSHMARK.COM/LISTING/CUSHY-FORM-KNEE-PILLOW-FOR-SIDE-SLEEPERS-64B93595DFF94DFEE25F78AB
CUSHYTUSHY	CUSHYTUSHY	poshmark.com	HTTPS://POSHMARK.COM/LISTING/LIKENEW-TRAVEL-CUSHY-TUSHY-PREMIUM-FOLDABLE-TRAVEL-SEAT-CUSHION-67A10351B9DB3A03B256C354
CUSIBOX	CUSIBOX	poshmark.com	HTTPS://POSHMARK.COM/LISTING/ELECTRIC-KETTLE-CUSIBOX-15L-WATER-KETTLE-DOUBLE-WALL-STAINLESS-STEEL-62B5ED0CF065FEF67C645A79
CUSIBOX	CUSIBOX	poshmark.com	HTTPS://POSHMARK.COM/LISTING/CUSIBOX-HAND-MIXER-BLACK-300W-MOTOR-NEW-IN-BOX-65FCE646DFF94DB7933F37E4
CUTEBEY	CUTEBEY	poshmark.com	HTTPS://POSHMARK.COM/LISTING/HIGH-FREQUENCY-FACIAL-MACHINE-5E9E9227D872B41CED953F54
CUTECHERRY	CUTECHERRY	poshmark.com	HTTPS://POSHMARK.COM/LISTING/CUTECHERRY-BELL-BOTTOM-JEANS-622781D281A36CC2C1D5F07C
CUTECHERRY	CUTECHERRY	poshmark.com	HTTPS://POSHMARK.COM/LISTING/CUTECHERRY-BELL-BOTTOM-JEANS-WOMENS-SMALL-68-663A9D9DCE7065FEE669012B
CUTEEXPRESS	CUTEEXPRESS	poshmark.com	HTTPS://POSHMARK.COM/LISTING/CUTE-EXPRESS-TOP-WITH-FEMININE-DETAILS-66E2FBD8B4EE5B89336E3A27
CUTEKING	CUTEKING	poshmark.com	HTTPS://POSHMARK.COM/LISTING/CUTEKING-WEIGHTED-BLANKET-FOR-KIDS-5LBS-36X-48-TWIN-SIZE-GREY-65FA39B6DCD5A55DE0E481CA
CUTEQUEEN	CUTEQUEEN	poshmark.com	HTTPS://POSHMARK.COM/LISTING/CUTEQUEEN-CAR-EATINGLAPTOP-STEERING-WHEEL-DESK-BLACK1661-X-112-3-IN-1-65E91121D90959622E8812E5
CUUD	CUUD	poshmark.com	HTTPS://POSHMARK.COM/LISTING/CUUD-CREAM-LEATHER-HANDBAG-597E30DE68027886ED0BF33F
CVDOOS	CVDOOS	poshmark.com	HTTPS://POSHMARK.COM/LISTING/CVDOOS-PERRITO-PUSSIN-BOOTS-STUFFED-ANIMAL-PLUSH-TOY-FOR-KIDS-98-PUSS-IN-BO-66A88836E94898344142E063
CVISTPIEO	CVISTPIEO	poshmark.com	HTTPS://POSHMARK.COM/LISTING/CVISTPIEO-LOAFERS-FOR-WOMEN-CASUAL-MOCCASINS-65D164EC02760BB072996C9A
CVISTPIEO	CVISTPIEO	poshmark.com	HTTPS://POSHMARK.COM/LISTING/CVISTPIEO-WOMENS-LOAFERS-SZ-10-COMFY-CASUAL-WORK-SLIPON-FLATS-WALKING-NWOT-684C8110FF353A645382B2D3
CXLOODE	CXLOODE	poshmark.com	HTTPS://POSHMARK.COM/LISTING/CXLOODE-4-PIECE-DISPOSABLE-SHEET-SET-2-BATH-TOWELS-2-FACE-TOWELS-2-TOILET-COVER-67A694A507AC55E76AF3EF2C
CYANSTYLE	CYANSTYLE	poshmark.com	HTTPS://POSHMARK.COM/LISTING/CYANSTYLE-M-WOMENS-LONG-SLEEVE-HENLEY-VNECK-TUNIC-647795A7E948988A212E0DCC
CYBOTRONIX	CYBOTRONIX	poshmark.com	HTTPS://POSHMARK.COM/LISTING/MARS-MOTORIZED-ATTACK-ROBO-SQUAD-CYBOTRONIX-RED-REVO-NEW-ROBOT-TOY-66346C81CE663F546690A981
CYEE	CYEE	poshmark.com	HTTPS://POSHMARK.COM/LISTING/CYEE-LIFE-DARTS-NEW-66B145440E5172728933F8F4
CYEZCOR	CYEZCOR	poshmark.com	HTTPS://POSHMARK.COM/LISTING/VIDEO-CONFERENCE-LIGHTS-WITH-LED-RING-BLACK-68370466DBD8F0696C23B537
CYRDER	CYRDER	poshmark.com	HTTPS://POSHMARK.COM/LISTING/CYRDER-135-QT-NONSTICK-WOK-DEEP-FRYING-PAN-W-LID-SPATULA-BLUE-63DDF1F4CBDA47ED9CC1C981
CYUMMY	CYUMMY	poshmark.com	HTTPS://POSHMARK.COM/LISTING/CYUMMY-3D-ILLUSION-STAR-WARS-NIGHT-LIGHTNIB-612C0B613A0DB913882492BB
CZDOLAY	CZDOLAY	poshmark.com	HTTPS://POSHMARK.COM/LISTING/SOFTSLEEPWEAR-WOMENS-SHORT-SLEEVE-NIGHTGOWNS-6465EEF1AC1B04656A182E2D
CZOFEK	CZOFEK	poshmark.com	HTTPS://POSHMARK.COM/LISTING/EUC-CZOFEK-RUNA-YOMUZUKI-ANIME-COSPLAY-ORANGE-HOODIE-BUNNY-EARS-TAIL-SIZE-M-64906F7CDFF94D21F628B7A9
CZZXI	CZZXI	poshmark.com	HTTPS://POSHMARK.COM/LISTING/CZZXI-3-PCS-MICROFIBER-HAIR-TOWEL-HAIR-WRAPS-FOR-WOMEN-WET-HAIR-FAST-DRYING-HA-65D82B3EB591ED2072629F22
DADDYCHILD	DADDYCHILD	poshmark.com	HTTPS://POSHMARK.COM/LISTING/DADDYCHILD-3WHEEL-KICK-SCOOTER-ADJUSTABLE-HEIGHT-RED-NEW-IN-BOX-62E86E49FFB5D0975820F4A2
DADDYCHILD	DADDYCHILD	poshmark.com	HTTPS://POSHMARK.COM/LISTING/DADDYCHILD-RED-3WHEEL-KICK-SCOOTER-ADJUSTABLE-HEIGHT-NEW-IN-BOX-62E9EDC532C1DC0D68F6DC65
DADIJIER	DADIJIER	poshmark.com	HTTPS://POSHMARK.COM/LISTING/DADIJIER-BLACK-OXFORD-DRESS-SHOES-SIZE55-M-SIZE-78-W-61D3770F6E28461B22D1FF2B
DADYPET	DADYPET	poshmark.com	HTTPS://POSHMARK.COM/LISTING/DADYPET-PET-CARRIER-65369E5EFFB5D051E3A39ACE
DADYPET	DADYPET	poshmark.com	HTTPS://POSHMARK.COM/LISTING/NWOT-DADYPET-PET-CARRIER-6365D6A1382DB80E43E261DD
DAESAN	DAESAN	poshmark.com	HTTPS://POSHMARK.COM/LISTING/NWT-BLACK-FEDORA-HAT-DAESAN-648620BC932A8A3D60B9B511
DAEYOUNG	DAEYOUNG	poshmark.com	HTTPS://POSHMARK.COM/LISTING/NWOT-WORFLY-DAEYOUNG-PURSE-5C420122C89E1D2A1D274C59
DAGANXI	DAGANXI	poshmark.com	HTTPS://POSHMARK.COM/LISTING/2-SETS-BUNDLE-DAGANXI-TACTICAL-DOG-COLLAR-DOG-LEASH-65485ED82FBF1A4FC9CBCF07
DAIXISM	DAIXISM	poshmark.com	HTTPS://POSHMARK.COM/LISTING/DAIXISM-FURNITURE-REPAIR-KIT-WOOD-MARKERS-SET-OF-12-AND-WAX-STICKS-SHARPENER-65C8EF19013D2AD968359728
DAKULY	DAKULY	poshmark.com	HTTPS://POSHMARK.COM/LISTING/LUXURIOUS-BLACK-CROCODILEEMBOSSED-TOTECOMPUTER-BAG-685DDBAAA0DC2B356A3BE690
DALARY	DALARY	poshmark.com	HTTPS://POSHMARK.COM/LISTING/BRAND-NEW-NEVER-WORN-BABYBOO-FLORAL-DALARY-MAXI-IVORY-DRESS-WOMENS-SIZE-XS-6658AD9C1DF6362D217F5D59
DALARY	DALARY	poshmark.com	HTTPS://POSHMARK.COM/LISTING/NATURALIZER-DALARY-SLINGBACK-PUMPS-6658E84A5AF6E635F4277774
DALIVA	DALIVA	poshmark.com	HTTPS://POSHMARK.COM/LISTING/DALIVA-METATARSAL-ARCH-GEL-SET-PADS-5DD8BA21241483C398CF3EF5
DALMATIANPRESS	DALMATIANPRESS	poshmark.com	HTTPS://POSHMARK.COM/LISTING/ILLUSTRATED-DALMATIAN-PRESS-CLASSIC-CHILDREN-BOOKS-3PACK-636EE20A382DB8C858134249
DANCMOLLY	DANCMOLLY	poshmark.com	HTTPS://POSHMARK.COM/LISTING/DANCMOLLY-TIGHTS-6150FF30800F64DB65E4FD4B
DANELI	DANELI	poshmark.com	HTTPS://POSHMARK.COM/LISTING/DANELI-ACOUSTIC-HD52-51-HOME-THEATER-SYSTEM-5E200B70152812481C17E42B
DANELI	DANELI	poshmark.com	HTTPS://POSHMARK.COM/LISTING/DANELI-HOME-THEATER-SYSTEM-5D7BD88DADB58D1FDE995B2E
DANJOR	DANJOR	poshmark.com	HTTPS://POSHMARK.COM/LISTING/NEW-DUVET-COVER-660755B5DFF94DC49B12D70A
DANMERS	DANMERS	poshmark.com	HTTPS://POSHMARK.COM/LISTING/WHITE-DINNER-PLATE-SET-105INCH-PARTY-AND-KITCHEN-SET-FOR-6-637DA038614973CA4F02EA43
DANNARY	DANNARY	poshmark.com	HTTPS://POSHMARK.COM/LISTING/ELECTRIC-NAIL-DRILL-MACHINE-PROFESSIONAL-CORDLESS-ELECTRIC-NAIL-FILE-67900C861DF63674634AA61D
DANNTO	DANNTO	poshmark.com	HTTPS://POSHMARK.COM/LISTING/DANNTO-WOMEN-RELAX-SLIPPER-ARCH-SUPPORT-ORTHOTIC-HOUSE-SANDALS-631591C90A6A86C5185C246E
DANNYBEAR	DANNYBEAR	poshmark.com	HTTPS://POSHMARK.COM/LISTING/DANNY-BEAR-MAP-BACKPACK-5EA6EA13E97E483497B776DD
DANNYBEAR	DANNYBEAR	poshmark.com	HTTPS://POSHMARK.COM/LISTING/DANNY-BEAR-TRAVEL-SERIES-SHOES-62D0CE027028ECD1DF67916D
DANSRUE	DANSRUE	poshmark.com	HTTPS://POSHMARK.COM/LISTING/DANSRUE-CASSETTE-TO-MP3-CONVERTER-USB-CASSETTE-PLAYER-FROM-TAPE-C53-62A104D3CE1E870E837C4141
DANSRUE	DANSRUE	poshmark.com	HTTPS://POSHMARK.COM/LISTING/FANS-RURAL-CASSETTE-TO-MP3-CONVERTER-655F73C98BB2E24BBFBEA903
DANSRUE	DANSRUE	poshmark.com	HTTPS://POSHMARK.COM/LISTING/BLACK-AND-SILVER-MP3-PLAYER-685DD92E243DAE4683ED8169
DANSRUE	DANSRUE	poshmark.com	HTTPS://POSHMARK.COM/LISTING/DANSRUE-SUPER-USB-CASSETTE-TO-MP3-TAPE-CAPTURE-DIGITAL-AUDIO-MEDIA-CONVERTER-682BD3B0FEDC5CBE669D8248
DANTIYA	DANTIYA	poshmark.com	HTTPS://POSHMARK.COM/LISTING/DANTIYA-DRESS-6281C7FC5E46B055A9300BF9
DAOLA	DAOLA	poshmark.com	HTTPS://POSHMARK.COM/LISTING/BIRKENSTOCK-DAOLA-SANDALS-66E2A7A2D6AB5DD4743B998C
DAOQUAN	DAOQUAN	poshmark.com	HTTPS://POSHMARK.COM/LISTING/DAOBIQUAN-SOCCER-CLEATS-IN-BLACK-AND-TEAL-11-EXCELLENT-CONDITION-HIGH-TOP-6833707F9F034C4B4CC2DFCD
DAPRIL	DAPRIL	poshmark.com	HTTPS://POSHMARK.COM/LISTING/BEGINNER-FRIENDLY-SEWING-MACHINE-631EB60887A2F5707AB89488
DARENMEDICAL	DARENMEDICAL	poshmark.com	HTTPS://POSHMARK.COM/LISTING/DAREN-MEDICAL-SUCTION-CUP-GRAB-BAR-BATHROOM-NWOT-66175F06F9927C3B8D09DC73
DARGAHOU	DARGAHOU	poshmark.com	HTTPS://POSHMARK.COM/LISTING/DARGAHOU-TRAIL-CAMERA-8K-60MP-WIFI-GAME-CAMERA-W-NO-GLOW-NIGHT-VISION-MOTION-6605AFFA02760BC0F314E3CA
DARKIRON	DARKIRON	poshmark.com	HTTPS://POSHMARK.COM/LISTING/DARKIRON-MASSAGE-GUN-66B18ED92839BC8E44F8DD09
DARKIRON	DARKIRON	poshmark.com	HTTPS://POSHMARK.COM/LISTING/NEW-DARKIRON-GRAY-DEEP-TISSUE-PERCUSSION-MASSAGE-GUN-WITH-15-MASSAGE-HEADS-637C0D7056B2F82591867CEB
DASEN	DASEN	poshmark.com	HTTPS://POSHMARK.COM/LISTING/DASEN-USA-HANDBAG-63893BEE7F29DDC2F9FEDEA0
DASHGREEKYOGURTMAKER	DASHGREEKYOGURTMAKER	poshmark.com	HTTPS://POSHMARK.COM/LISTING/DASH-GREEK-YOGURT-MAKER-BONUS-PACK-PINK-DGY001-6854B7453EDDEBB63FAD859B
DASHINGNOAH	DASHINGNOAH	poshmark.com	HTTPS://POSHMARK.COM/LISTING/DASHINGNOAH-DOUBLE-ROLLING-SKI-BAG-BRAND-NEW-66EF223382DCEB0DEC693AD1
DATONTEN	DATONTEN	poshmark.com	HTTPS://POSHMARK.COM/LISTING/GARAGE-DOOR-OPENERS-66D26614B1EF5824DC01F722
DAVENIL	DAVENIL	poshmark.com	HTTPS://POSHMARK.COM/LISTING/HOODIE-COOL-MOM-FLEECE-BLACK-DAVENIL-SZ-LARGE-WMN-60FB20EA2A1EFF300D0EB80C
DAVIDNILE	DAVIDNILE	poshmark.com	HTTPS://POSHMARK.COM/LISTING/CANVAS-MESSENGER-BAG-FOR-MEN-SHOULDER-BACKPACK-61252995446E59E59F8276E5
DAVISMART	DAVISMART	poshmark.com	HTTPS://POSHMARK.COM/LISTING/DAVI-SMART-INFLATABLE-CERVICAL-NECK-TRACTION-DEVICE-6684FCDE775CAFA9A85176C7
DAYMOO	DAYMOO	poshmark.com	HTTPS://POSHMARK.COM/LISTING/BUILDON-BRICK-MUG-631BBA3DDBB0E7CC6DC31BFB
DAZZLEUP	DAZZLEUP	poshmark.com	HTTPS://POSHMARK.COM/LISTING/DAZZLE-UP-62B52C84DA1041F17EA29398
DCSILY	DCSILY	poshmark.com	HTTPS://POSHMARK.COM/LISTING/DCSILY-DARK-SPOT-CORRECTOR-FOR-FACEBODYHANDS-LEGS-INNER-THIGHSNEW-MSRP48-67EFEADD310F1CB08A969CFF
DCWVE	DCWVE	poshmark.com	HTTPS://POSHMARK.COM/LISTING/LETTERBOARD-LETTERS-TEAL-1IN-188PACK-608328927FB272BD2E6EE5C1
DDCOLLECTION	DDCOLLECTION	poshmark.com	HTTPS://POSHMARK.COM/LISTING/DD-COLLECTION-LEATHER-JACKET-SIZE-4-B32-65A15E0B382DB8BF401A4EF8
DDIDBI	DDIDBI	poshmark.com	HTTPS://POSHMARK.COM/LISTING/DDIDBI-SMART-FITNESS-WATCH-FOR-MEN-WOMENANSWERMAKE-CALLS-185-HD-TOUCH-NEW-685C95A09E4F74C77161F832
DDMY	DDMY	poshmark.com	HTTPS://POSHMARK.COM/LISTING/DDMY-UTILITY-ADHESIVE-HOOKS-6837A7D62326C8652B0CEDF9
DDVWU	DDVWU	poshmark.com	HTTPS://POSHMARK.COM/LISTING/DDVWU-MASSAGE-GUN-64CD7D3458083D02191209A6
DDVWU	DDVWU	poshmark.com	HTTPS://POSHMARK.COM/LISTING/DDVWU-MASSAGE-GUN-MUSCLE-MASSAGE-GUN-674516E2896C381F7093F8A2
DDYOUTDOOR	DDYOUTDOOR	poshmark.com	HTTPS://POSHMARK.COM/LISTING/SUMMER-OUTDOOR-SUN-PROTECTION-FISHING-CAP-NECK-FACE-FLAP-HAT-62C8FD1A84BB0BBB7C62144D
DDYOUTDOOR	DDYOUTDOOR	poshmark.com	HTTPS://POSHMARK.COM/LISTING/DDYOUTDOOR-SUMMER-OUTDOOR-SUN-PROTECTION-FISHING-C-6032E90FD6F3B736E18DFCC5
DEALMORE	DEALMORE	poshmark.com	HTTPS://POSHMARK.COM/LISTING/DEALMORE-LACE-LONG-SLEEVE-FLORAL-MESH-TOP-6797F39007AC559E31D2EA91
DEBAIY	DEBAIY	poshmark.com	HTTPS://POSHMARK.COM/LISTING/DEBAIY-NOURISHING-VITAMIN-E-CREAM-W-DAMASCUS-ROSE-EXTRACTSMOISTURIZING-19OZ-6645A08E896C38132C527901
DEBATLOG	DEBATLOG	poshmark.com	HTTPS://POSHMARK.COM/LISTING/DEBATLOG-ULTRASONIC-CLEANER-MODEL-DL280B001-676729E8CE663FE9E6FD22D4
DEBATLOG	DEBATLOG	poshmark.com	HTTPS://POSHMARK.COM/LISTING/DEBATLOG-ULTRASONIC-RETAINER-CLEANER-IN-BLACK-680936BF2981AFC96FC2EC9E
DEBECTY	DEBECTY	poshmark.com	HTTPS://POSHMARK.COM/LISTING/DEBECTY-CORDLESS-DEEP-CONDITIONING-HEAT-CAP-MICROWAVABLE-656FCC8DE2AC0CADF5DAFB8E
DEBONSAPT	DEBONSAPT	poshmark.com	HTTPS://POSHMARK.COM/LISTING/DEBONSAPT-STEEL-TOE-SHOES-FOR-MENS-SIZE-45-LIGHTWEIGHT-SAFETY-BREATHABL-65E92C1B4BF9FFCCDDC6824D
DECARAT	DECARAT	poshmark.com	HTTPS://POSHMARK.COM/LISTING/3ROW-12-CTTW-GENUINE-DIAMOND-925-SS-EARRINGS-67D4E5CF27539D9D51B2B622
DECASSO	DECASSO	poshmark.com	HTTPS://POSHMARK.COM/LISTING/DECASSO-4-LEATHER-COASTERS-BLACK-WITH-MATCHING-HOLDER-62FAB04924237AD467337481
DECHOYECHO	DECHOYECHO	poshmark.com	HTTPS://POSHMARK.COM/LISTING/DECHOYECHO-BLUETOOTH-HEADSET-V51-WITH-BATTERY-CHARGING-CASE-6547DBEC56B2F89E69708445
DECOBAIN	DECOBAIN	poshmark.com	HTTPS://POSHMARK.COM/LISTING/BLUE-BEIGE-STRIPED-SHOWER-CURTAIN-BY-DECO-BAIN-66D9D412DC8A4EEFF1B900EF
DECODE18	DECODE18	poshmark.com	HTTPS://POSHMARK.COM/LISTING/NWT-DECODE-18-DRESS-BLACK-SIZE-8-62EEC4D7A0AEB7758C7D949D
DECOMFY	DECOMFY	poshmark.com	HTTPS://POSHMARK.COM/LISTING/MENS-SHOES-64FA4007ACF4629415C92E76
DECYAM	DECYAM	poshmark.com	HTTPS://POSHMARK.COM/LISTING/PET-FUN-FEEDER-DOG-BOWL-SLOW-FEEDER-60BE797B941F17E5DE0A1DBB
DEDOO	DEDOO	poshmark.com	HTTPS://POSHMARK.COM/LISTING/DEDOO-SHOPPING-FASHION-SATCHEL-SHOULDER-BAG-MEDIUM-PURSE-ZIP-METALIC-GRAY-NEW-65E2B278B591ED1F44210002
DEEGO	DEEGO	poshmark.com	HTTPS://POSHMARK.COM/LISTING/DEEGO-BACKPACK-BAG-64FB7EDA253A8C5A384F613F
DEEPRIO	DEEPRIO	poshmark.com	HTTPS://POSHMARK.COM/LISTING/DEEPRIO-SMART-WATCH-66708F0E87AEB6189C6760B3
DEESIK	DEESIK	poshmark.com	HTTPS://POSHMARK.COM/LISTING/DEESIK-FOUR-IN-ONE-GLASSES-67F9E611842DD41C781CE022
DEETIK	DEETIK	poshmark.com	HTTPS://POSHMARK.COM/LISTING/DEETIK-FANNY-PACK-NWOT-677F153AA2C69E579B64B866
DEEVAN	DEEVAN	poshmark.com	HTTPS://POSHMARK.COM/LISTING/STEVEN-NEW-YORK-WOMENS-DEEVAN-STUDDED-BOW-JELLY-SANDALS-SIZE-75-62B09AB2C3C2D0946A90F167
DEFAITH	DEFAITH	poshmark.com	HTTPS://POSHMARK.COM/LISTING/DEFAITH-24K-DIPPED-ROSE-GOLD-ROSE-DISPLAY-636BEA3EC1C34665DBDB4BA0
DEGBIT	DEGBIT	poshmark.com	HTTPS://POSHMARK.COM/LISTING/DEGBIT-SPORTS-BOTTLE-1000-ML32OZ-6134DE4B2A1EFFE1374DB1DE
DEGREESOFCOMFORT	DEGREESOFCOMFORT	poshmark.com	HTTPS://POSHMARK.COM/LISTING/DEGREES-OF-COMFORT-HEATED-BLANKET-FULL-SIZE-NEW-650F68731645F7A2F5228DA4
DEGULAN	DEGULAN	poshmark.com	HTTPS://POSHMARK.COM/LISTING/DEGULAN-WIRELESS-CONTROLLER-COMPATIBLE-WITH-PS2-CONSOLE-CLEAR-RED-AND-BLUE-6871B08BD6C0DCD3621A2674
DEJAROO	DEJAROO	poshmark.com	HTTPS://POSHMARK.COM/LISTING/DEJAROO-MESH-BEACH-BAG-665F797C1CE66691830953EC
DEJAROO	DEJAROO	poshmark.com	HTTPS://POSHMARK.COM/LISTING/DEJAROO-ORANGE-MESH-BEACH-BAG-65D7AC8BC1C3462E52EEE710
DEJAVIA	DEJAVIA	poshmark.com	HTTPS://POSHMARK.COM/LISTING/DEJAVIA-MAGNETIC-EYELASHES-AND-EYELINER-KIT-646518863B982A2CADC2E62A
DEKUGAA	DEKUGAA	poshmark.com	HTTPS://POSHMARK.COM/LISTING/NEW-DEKUGAA-FULL-FACE-SNORKEL-MASK-W-DETACHABLE-CAMERA-MOUNT-PANORAMIC-VIEWING-631F47DF2FBF1A1CF42E1D2F
DELCARINO	DELCARINO	poshmark.com	HTTPS://POSHMARK.COM/LISTING/DELCARINO-SHIRT-6245CB9860FDEDF43CB90629
DELCARINO	DELCARINO	poshmark.com	HTTPS://POSHMARK.COM/LISTING/DELCARINO-MENS-DRESS-SHIRT-SIZE-SMALL-NWOT-64B93B39FBAE9569F4E803E6
DELEXI	DELEXI	poshmark.com	HTTPS://POSHMARK.COM/LISTING/DELEXI-WAX-BURNER-WAXING-KIT-ACCESSORIES-6642A0B4014648B8EDCD4EB9
DEMENADES	DEMENADES	poshmark.com	HTTPS://POSHMARK.COM/LISTING/DEMENADES-CORKSCREW-633B7E39A0E6C6649DCB09B3
DEMENADES	DEMENADES	poshmark.com	HTTPS://POSHMARK.COM/LISTING/DEMENADES-CORKSCREW-62E870B9046D74BEB331D2EC
DEMENADES	DEMENADES	poshmark.com	HTTPS://POSHMARK.COM/LISTING/DEMENADES-CORKSCREW-2020-UPGRADED-WINE-OPENER-ACCESSORIES-NIB-66BAD5DFCE663F94934F40DE
DEMIFILL	DEMIFILL	poshmark.com	HTTPS://POSHMARK.COM/LISTING/GIRLS-PERIOD-UNDERWEAR-63F291157F29DD484F8D47B1
DEMOMENT	DEMOMENT	poshmark.com	HTTPS://POSHMARK.COM/LISTING/DEMOMENT-WATER-RESISTANCE-LARGE-CANVAS-UTILITY-TOTE-BAG-63D16921253A8C2A3BD6593F
DEMPSEY	DEMPSEY	poshmark.com	HTTPS://POSHMARK.COM/LISTING/DEMPSEY-LARGE-CORNER-ZIP-WRISTLET-685AAEA6F59CC47B4E407475
DENATER	DENATER	poshmark.com	HTTPS://POSHMARK.COM/LISTING/DENATER-WOMENS-BLACK-WHITE-OPTICAL-ILLUSION-LONG-SLEEVE-SHIRT-SIZE-MEDIUM-6685795AE34C30B888029220
DENATER	DENATER	poshmark.com	HTTPS://POSHMARK.COM/LISTING/WOMANS-SWIM-SUIT-642EF72BFED51F1CEFC6C3DC
DENATER	DENATER	poshmark.com	HTTPS://POSHMARK.COM/LISTING/DENATER-TANKINI-2XL-BRAND-NEW-WITHOUT-TAGS-610EA1412A1EFF0E6ABB761A
DENICER	DENICER	poshmark.com	HTTPS://POSHMARK.COM/LISTING/DUAL-DASH-CAMERA-639618669464F392EB82FEE0
DENIK	DENIK	poshmark.com	HTTPS://POSHMARK.COM/LISTING/CONSTELLATION-JOURNAL-64DE63B792E4913F2AD4EBE6
DEOQASH	DEOQASH	poshmark.com	HTTPS://POSHMARK.COM/LISTING/THE-OFFICE-WORLDS-BEST-BOSS-MUG-64973C74253A8C567737DB1F
DEPSOUL	DEPSOUL	poshmark.com	HTTPS://POSHMARK.COM/LISTING/DEPSOUL-CELLULITE-MASSAGER-ARM-LEG-BUTT-66A29BA1842DD443FE22664A
DERICAM	DERICAM	poshmark.com	HTTPS://POSHMARK.COM/LISTING/WEBCAM-1080-PIXEL-BRAND-NEW-64ADE4CB1645F74375E79231
DERJUNSTAR	DERJUNSTAR	poshmark.com	HTTPS://POSHMARK.COM/LISTING/DERJUNSTAR-DIAPER-BAG-BACKPACK-WITH-PORTABLE-BASSINET-65F3B43AFFB5D04566A4F102
DERMALTECH	DERMALTECH	poshmark.com	HTTPS://POSHMARK.COM/LISTING/DERMALTECH-SKIN-LIGHT-CARE-HIGH-FREQUENCY-DEVICE-65FB45637F29DD96F07FE625
DERMAWONDER	DERMAWONDER	poshmark.com	HTTPS://POSHMARK.COM/LISTING/BRAND-NEW-DERMAWONDER-ROLLER-KIT-5F5D44AF691412CE689A3D1B
DERMINPRO	DERMINPRO	poshmark.com	HTTPS://POSHMARK.COM/LISTING/MENS-DERMINPRO-LONG-SLEEVE-SHIRT-61D1F32F81A36CBBFEE7918A
DERMISHINE	DERMISHINE	poshmark.com	HTTPS://POSHMARK.COM/LISTING/DERMASHINE-PRO-7-COLOR-LED-MASK-628AAA62BB5937AA33605AA8
DERYEP	DERYEP	poshmark.com	HTTPS://POSHMARK.COM/LISTING/NEW-DHPO3-DOG-HEARING-PROTECTOR-GEAR-BY-DERYEP-WHITE-WITH-ADJUSTABLE-STRAPS-64B96D83C9A2287215D1F9B8
DESIGNERSEXCELLENCE	DESIGNERSEXCELLENCE	poshmark.com	HTTPS://POSHMARK.COM/LISTING/DESIGNERS-EXCELLENCE-BY-DIRECT-EXPORT-COMPANY-633F768375F02AC76D7B94A5
DESIGNERSEXCELLENCE	DESIGNERSEXCELLENCE	poshmark.com	HTTPS://POSHMARK.COM/LISTING/DESIGNERS-EXCELLENCE-JEWELED-CONTAINERPURSE-NEW-5F1F76139BD5EF906CD28198
DETAKER	DETAKER	poshmark.com	HTTPS://POSHMARK.COM/LISTING/210-DETAKER-IPHONE-11-61-CASE-65D822945D686B6911EE1828
DETROITGROOMINGCO	DETROITGROOMINGCO	poshmark.com	HTTPS://POSHMARK.COM/LISTING/DETROIT-GROOMING-CO-6669F5EAB9DB3AB69BBDA737
DETTI	DETTI	poshmark.com	HTTPS://POSHMARK.COM/LISTING/VINTAGE-DETTI-ORIGINALS-DOLPHIN-EYEGLASS-HOLDER-630EDBE024237AF6CDAAE365
DEVELO	DEVELO	poshmark.com	HTTPS://POSHMARK.COM/LISTING/23-PIECE-UTENSIL-SET-65C00F76BC6E1C8DF9C95EFD
DEVESANTER	DEVESANTER	poshmark.com	HTTPS://POSHMARK.COM/LISTING/SET-OF-4-DEVESANTER-NONSLIP-SSHAPE-STAINLESS-STEEL-PANTS-HANGERS-67207F53775CAF605131ABCB
DEWANSONS	DEWANSONS	poshmark.com	HTTPS://POSHMARK.COM/LISTING/STOCKING-HOLDER-BY-DEWAN-SONS-65FB87FD1645F7DEF2045711
DEWJOM	DEWJOM	poshmark.com	HTTPS://POSHMARK.COM/LISTING/MEAT-THERMOMETER-65DA2F1EDBB0E7DB14F055B7
DEWSON	DEWSON	poshmark.com	HTTPS://POSHMARK.COM/LISTING/VERO-CUOIO-JW-DEWSON-1951-HANDMADE-ITALIAN-BLUE-SUEDE-LOAFERS-44-65F88F08F6253345AEFA35A3
DEXMAYDM	DEXMAYDM	poshmark.com	HTTPS://POSHMARK.COM/LISTING/DEXMAY-DM-GOLD-CRYSTAL-EVENING-BAG-NWOT-64224BFBC9A2285EF604B91B
DEXPT	DEXPT	poshmark.com	HTTPS://POSHMARK.COM/LISTING/DEXPT-AC-ADAPTER-NEW-IN-ORIGINAL-PACKAGING-64886E9224237A17D5E7E797
DEZILIAO	DEZILIAO	poshmark.com	HTTPS://POSHMARK.COM/LISTING/DEZILIAO-LINED-JOURNAL-NOTEBOOKS-WITH-PEN-LOOP-HARDCOVER-NOTEBOOK-JOURNAL-PINK-649CEDC269EF1A8094485CDC
DFBIU	DFBIU	poshmark.com	HTTPS://POSHMARK.COM/LISTING/THEERAFTER-SLIP-ON-SNEAKERS-NWOB-62F551349464F367AFFC524C
DGERP	DGERP	poshmark.com	HTTPS://POSHMARK.COM/LISTING/ADJUSTABLE-REFLECTIVE-AIRTAG-CAT-AND-KITTEN-COLLAR-PET-ACCESSORIES-6638173A2D829A9C3402EC77
DGLTOYS	DGLTOYS	poshmark.com	HTTPS://POSHMARK.COM/LISTING/CHICAGO-CUBS-FIGURE-FLYER-TOY-DRONE-OFFICIAL-MLB-6306D8FFADE7B54AACCE977C
DHTELECTRONICS	DHTELECTRONICS	poshmark.com	HTTPS://POSHMARK.COM/LISTING/DHT-ELECTRONICS-RF-65D3E397A0AEB735C7327D6E
DHWAZZ	DHWAZZ	poshmark.com	HTTPS://POSHMARK.COM/LISTING/NEW-DHWAZZ-105-INCH-DIGITAL-PHOTO-FRAME-67F46B3CB142F3267EA368FB
DIAMONDBOXX	DIAMONDBOXX	poshmark.com	HTTPS://POSHMARK.COM/LISTING/DIAMONDBOXX-XL2-5FB55F0C446E591EFE2E717A
DIAPERSQUAD	DIAPERSQUAD	poshmark.com	HTTPS://POSHMARK.COM/LISTING/7-DIAPER-SQUAD-ORGANIC-BANDANA-BIBS-665A8D84775CAF53E9C440E1
DIBU	DIBU	poshmark.com	HTTPS://POSHMARK.COM/LISTING/ARGENTINA-GOALKEEPER-DIBU-EMARTINEZ-COPA-AMERICA-CHAMPIONS-KIDS-SET-67DCB347B9BD7460BC5D9B9A
DICCEAO	DICCEAO	poshmark.com	HTTPS://POSHMARK.COM/LISTING/COPY-GROW-LIGHTS-FOR-INDOOR-PLANTS-DICCEAO-150W-LEDS-GROW-LIGHT-FOR-SEED-STA-68BBE7422C9E4489B6C537BE
DICKENSCLOSET	DICKENSCLOSET	poshmark.com	HTTPS://POSHMARK.COM/LISTING/DOG-SWEATER-63B4D6972FBF1A60DE7F1059
DIDAKAY	DIDAKAY	poshmark.com	HTTPS://POSHMARK.COM/LISTING/DIDAKAY-COMPASS-BAND-5FB3D7AE9207862BA236C739
DIENSPEAK	DIENSPEAK	poshmark.com	HTTPS://POSHMARK.COM/LISTING/DIENSPEAK-POWER-LEGS-VIBRATION-PLATE-FOOT-MASSAGER-PLATFORM-62856AFBCC9AA281B16C32EC
DIESETSR	DIESETSR	poshmark.com	HTTPS://POSHMARK.COM/LISTING/LAUNDRY-SHEETS-DETERGENTDIESETSR-LAUNDRY-DETERGENT-SHEETS-300-LOADS-TRAVEL-SET-2-685B6B46E9C77D94E2CF294D
DIETZGEN	DIETZGEN	poshmark.com	HTTPS://POSHMARK.COM/LISTING/DIETZGEN-MADE-IN-GERMANY-DRAFTING-TOOLS-64C11D8BF8C5DADF7EAD5432
DIFFMELY	DIFFMELY	poshmark.com	HTTPS://POSHMARK.COM/LISTING/DIFFMELY-FACE-ROLLER-GUA-SET-63C8B6E5FF04846DE7A9390E
DIFFMELY	DIFFMELY	poshmark.com	HTTPS://POSHMARK.COM/LISTING/DIFFMELY-JADE-ROLLER-GUASHA-SKINCARE-GUA-SHA-TOOLS-FACE-ICE-ROLLERS-SKIN-CAR-64223AEE2B55C4BB7E12379C
DIFU	DIFU	poshmark.com	HTTPS://POSHMARK.COM/LISTING/DIFU-WOMENS-IN4-PEDAZO-HIGH-BLOCK-HEELS-PUMPS-POINTED-CLOSED-TOE-ANKLE-STRAP-65E513BE4BF9FF4D027C5B1C
DIGERUI	DIGERUI	poshmark.com	HTTPS://POSHMARK.COM/LISTING/DIGERUI-FLOWER-GRAY-HANDBAG-61F5D3EA6F6C911542483C0F
DIGGRO	DIGGRO	poshmark.com	HTTPS://POSHMARK.COM/LISTING/SMART-WATCH-63E3BE11678C3ADE9907CEF9
DIGIHERO	DIGIHERO	poshmark.com	HTTPS://POSHMARK.COM/LISTING/DIGIHERO-WATER-SHOES-FOR-WOMEN-AND-MEN-QUICKDRY-AQUA-SOCKS-SWIM-BEACH-633D0629DBB0E7CD9E66D61F
DIHINES	DIHINES	poshmark.com	HTTPS://POSHMARK.COM/LISTING/DIHINES-PD-FAST-CHARGER-65AEE3FC046D7443DF85D71F
DIHOOM	DIHOOM	poshmark.com	HTTPS://POSHMARK.COM/LISTING/NEW-NIB-DIHOOM-WIFI-SMART-CAMERA-6686DA15E825D11A63D2A42F
DIIDA	DIIDA	poshmark.com	HTTPS://POSHMARK.COM/LISTING/DIIDA-ELEGANT-LONG-SLEEVE-BEIGE-DRESS-678D0DF80E5172EF80DE030D
DIKAMEN	DIKAMEN	poshmark.com	HTTPS://POSHMARK.COM/LISTING/DIKAMEN-MENS-THERMAL-UNDERWEAR-FLEECE-LINED-PERFORMANCE-FLEECE-TACTICAL-SPORTS-66A3BD0AD399FFAC12435490
DIKAMEN	DIKAMEN	poshmark.com	HTTPS://POSHMARK.COM/LISTING/DIKAMEN-MENS-PANTS-XL-TACTICAL-WORKWEAR-POCKETS-CASUAL-BLACK-CARGO-ELASTIC-WAIST-615F9BF8163DF429DFDD969A
DIKANG	DIKANG	poshmark.com	HTTPS://POSHMARK.COM/LISTING/DIKANG-MEDICAL-INFRARED-THERMOMETER-63E58AACFFB5D0CFABC182A6
DIKAOU	DIKAOU	poshmark.com	HTTPS://POSHMARK.COM/LISTING/DIKAOU-FLAME-ATMOSPHERE-SPEAKER-6715680FD253F1FB5DDBB8AD
DILAKS	DILAKS	poshmark.com	HTTPS://POSHMARK.COM/LISTING/DILAKS-COLLECTION-LEATHER-BLACK-HANDBAG-SHOULDER-S-5F0223457457ADC8A6D26634
DILAKS	DILAKS	poshmark.com	HTTPS://POSHMARK.COM/LISTING/DILAKS-SHOULDER-BAG-60BBD1CF6F6C915CF1DFEF0C
DILISS	DILISS	poshmark.com	HTTPS://POSHMARK.COM/LISTING/DILISS-KIDS-RED-RECHARGEABLE-WALKIE-TALKIE-TESTED-WORKS-MULTI-CHAN-BATT-INCL-67AD420D39A1F67D9930E8A3
DIMBRAH	DIMBRAH	poshmark.com	HTTPS://POSHMARK.COM/LISTING/DIMBRAH-SALT-AND-PEPPER-SHAKERS-SET-6366DC9583CBEC87B3780F00
DIMPOLA	DIMPOLA	poshmark.com	HTTPS://POSHMARK.COM/LISTING/W4-SNACK-TRAY-FOR-WONDERFOLD-65B9EAE27F29DD1C19A08726
DINDIN	DINDIN	poshmark.com	HTTPS://POSHMARK.COM/LISTING/DINDIN-PORTABLE-RADIOSPEAKER-BLUETOOTH-OR-USB-65C1490F2FBF1AD8E3104B38
DINGGU	DINGGU	poshmark.com	HTTPS://POSHMARK.COM/LISTING/DINGGU-MENS-STEEL-TOE-WORK-BOOTS-BLACK-LEATHER-13-M-66EDBB8BE9489811D0577C22
DIOJU	DIOJU	poshmark.com	HTTPS://POSHMARK.COM/LISTING/DIOJU-STEM-EDUCATIONAL-SOLAR-ROBOT-CREATION-KIT-13IN1NWT-63332C34B01CDB8F822E6681
DIPOO	DIPOO	poshmark.com	HTTPS://POSHMARK.COM/LISTING/SELF-CLEANING-PET-BRUSH-FOR-SHEDDING-AND-GROOMING-DOGS-AND-CATS-BLACK-685B73C1842DD497257938D3
DIPPERDAP	DIPPERDAP	poshmark.com	HTTPS://POSHMARK.COM/LISTING/DOG-ADJUSTABLE-HARNESS-6598709217E49C3772661715
DIRAVO	DIRAVO	poshmark.com	HTTPS://POSHMARK.COM/LISTING/DIRAVO-BELLY-BAND-PREGNANCY-SUPPORT-BAND-BREATHABLE-WHITE-MEDIUM-638F3075FB7304BAD89C8292
DIRZA	DIRZA	poshmark.com	HTTPS://POSHMARK.COM/LISTING/DIRZA-BIKE-WALL-MOUNT-RACK-VERTICAL-BIKE-STORAGE-RACK-FOR-INDOOR-WHARDWARE-63EC2FB515D8AC6C8FFAC5CE
DISGEAR	DISGEAR	poshmark.com	HTTPS://POSHMARK.COM/LISTING/DISCGEARDISCUS-22-CDDVD-WALLET-679A9689F88471DA496D1211
DISINFEX	DISINFEX	poshmark.com	HTTPS://POSHMARK.COM/LISTING/CLEANING-WIPES-4PACK-DISINFEX-MULTI-PURPOSE-WIPES-2-IN-1-CLEAN-AND-DEODORISE-642301E6FFB5D0691A7E5A58
DISINFEX	DISINFEX	poshmark.com	HTTPS://POSHMARK.COM/LISTING/DISINFEX-DISINFECTING-WIPES-999-OF-BACTERIA-IN-15-SECONDS-15-PACK-68503F6BFE25041096C0BC68
DISNEYMICKEYMOUSECLUBHOUSEPUZZLE	DISNEYMICKEYMOUSECLUBHOUSEPUZZLE	poshmark.com	HTTPS://POSHMARK.COM/LISTING/DISNEY-MICKEY-MOUSE-CLUBHOUSE-PUZZLE-5EE7B7037F80D2B947505C39
DISPARITYTRAP	DISPARITYTRAP	poshmark.com	HTTPS://POSHMARK.COM/LISTING/DISPARITY-TRAP-BOARD-GAME-SET-SEALED-NEW-663553AEF33F714D3655DB14
DISWOE	DISWOE	poshmark.com	HTTPS://POSHMARK.COM/LISTING/NEW-DISWOE-SWITCH-CONTROLLER-WIRELESS-PRO-CONTROLLER-SWITCHSWITCH-LITESWITCH-64FFB1D9BD66CD36CDE9741D
DITWIS	DITWIS	poshmark.com	HTTPS://POSHMARK.COM/LISTING/NEW-DITWIS-LUXURY-4-PACK-12X6X4-INCHES-GIFT-BOXES-WITH-MAGNETIC-CLOSURE-LIDS-64BDE89E49D8D8E6DDEE25BC
DIVARINGLIGHT	DIVARINGLIGHT	poshmark.com	HTTPS://POSHMARK.COM/LISTING/DIVA-RING-LIGHT-SUPER-NOVA-18-WITH-STAND-INCLUDED-LIKE-NEW-66B50C2ED6AB5DC65C1A740A
DIVELUX	DIVELUX	poshmark.com	HTTPS://POSHMARK.COM/LISTING/DIVELUX-FULL-FACE-SNORKEL-MASK-63DC4AE78BB2E257B62C8215
DIVERSO	DIVERSO	poshmark.com	HTTPS://POSHMARK.COM/LISTING/DIVERSO-WOMENS-JEANS-STRETCH-DENIM-SIZE-14W-6684228E2839BC04A1CDC752
DIVINEDERRIERE	DIVINEDERRIERE	poshmark.com	HTTPS://POSHMARK.COM/LISTING/DIVINE-DERRIERE-INTIMATE-SKIN-LIGHTENING-GEL-6340A4657F29DD1EEA6F5002
DIVMYSTERY	DIVMYSTERY	poshmark.com	HTTPS://POSHMARK.COM/LISTING/DIVMYSTERY-WETSUIT-MENSWOMENS-FOR-ALL-YOUR-WATER-SPORTS-SIZE-ST-687EC12EBD4CE3C9E00EBAF6
DIVMYSTERY	DIVMYSTERY	poshmark.com	HTTPS://POSHMARK.COM/LISTING/NWT-DIVMYSTERY-WETSUIT-FOR-WOMEN-SIZE-SMALL-65C1660B83CBECE4178B9AB2
DIZAUL	DIZAUL	poshmark.com	HTTPS://POSHMARK.COM/LISTING/BLACK-SOLAR-CHARGER-PORTABLE-POWER-BANK-686D84DB2326C8E422AC8296
DIZAUL	DIZAUL	poshmark.com	HTTPS://POSHMARK.COM/LISTING/DIZAUL-MOBILE-PHONE-SCREEN-MAGNIFIER-681517A9006E43E98233C393
DJAER	DJAER	poshmark.com	HTTPS://POSHMARK.COM/LISTING/LG-BIRD-CARRIER-BACKPACK-PORTABLE-COCKATIEL-PARROTS-PARAKEETS-PREOWN-175X13X2-66B21622943DDB174D219BCC
DJDRAPERJAMES	DJDRAPERJAMES	poshmark.com	HTTPS://POSHMARK.COM/LISTING/DJ-DRAPER-JAMES-WOMENS-2-PIECE-ROBE-AND-SLEEPSHIRT-SET-PINK-STRIPES-NEW-WITH-T-6488CA59DFF94D1688750579
DJONES	DJONES	poshmark.com	HTTPS://POSHMARK.COM/LISTING/DJONES-WOMENS-LONG-SLEEVE-BUTTON-DOWN-POLO-5F72A5039C33782E18F433D1
DJOY	DJOY	poshmark.com	HTTPS://POSHMARK.COM/LISTING/DIOR-LADY-DJOY-MICRO-BAG-64E0C3AE17FB4B5DAC016960
DKDKSIP	DKDKSIP	poshmark.com	HTTPS://POSHMARK.COM/LISTING/DKDKSIP-BLACK-LEATHER-PHONE-CASE-CROSSBODY-WALLET-68447A523509D1750C2793F3
DKNIGHT	DKNIGHT	poshmark.com	HTTPS://POSHMARK.COM/LISTING/DKNIGHT-MAGICBOX-PORTABLE-WIRELESS-SPEAKER-61C2472009D7609D69F013B4
DKYY	DKYY	poshmark.com	HTTPS://POSHMARK.COM/LISTING/DKYY-WOMENS-JEAN-JACKETSIZEXXSBLUEJACKETCOATO440-684FB05B538BEB913C53B0C6
DLATRE	DLATRE	poshmark.com	HTTPS://POSHMARK.COM/LISTING/DLATRE-WHISKEY-DECANTER-646B9446308F071440BC51F7
DLIGHTBEDDING	DLIGHTBEDDING	poshmark.com	HTTPS://POSHMARK.COM/LISTING/DLIGHT-BEDDING-SLIM-MEMORY-FOAM-PILLOW-6209863EC936AFF8FE984560
DLOCCOLD	DLOCCOLD	poshmark.com	HTTPS://POSHMARK.COM/LISTING/DLOCCOLD-40-OZ-STAINLESS-STEEL-TUMBLER-WITH-HANDLE-INSULATED-TUMBLER-65A5A118932A8ACB52C99437
DLUSSODESIGNS	DLUSSODESIGNS	poshmark.com	HTTPS://POSHMARK.COM/LISTING/11-X-11-DECORATIVE-PLATTER-6385560AFB7304A7F51FC8D2
DLUXE	DLUXE	poshmark.com	HTTPS://POSHMARK.COM/LISTING/DLUXE-BY-DEARFOAM-SLIPPERS-639D569F8D7A3C846DF3732C
DLUXEBYDEARFOAMS	DLUXEBYDEARFOAMS	poshmark.com	HTTPS://POSHMARK.COM/LISTING/DLUXE-BY-DEARFOAM-SLIPPERS-639D569F8D7A3C846DF3732C
DMAXARMOR	DMAXARMOR	poshmark.com	HTTPS://POSHMARK.COM/LISTING/DMAX-ARMOR-9H-TEMPERED-GLASS-SCREEN-PROTECTOR-FOR-59645857C2845647C40F1F2D
DMZOK	DMZOK	poshmark.com	HTTPS://POSHMARK.COM/LISTING/DMZOK-WIFI-CAMERA-5D989D59969D1F1488C768C8
DOBESTS	DOBESTS	poshmark.com	HTTPS://POSHMARK.COM/LISTING/EUC-DOBESTS-AIR-TRACK-INFLATABLE-GYMNASTICS-MAT-TUMBLING-MAT-16-FEET-6765B712B9DB3AB57ECEFC94
DOBULO	DOBULO	poshmark.com	HTTPS://POSHMARK.COM/LISTING/DOBULO-WOMENS-SLEEVELESS-SUSPENDER-OVERALLSBAGGY-WIDE-LEG-LONG-PANT-ROMPER-65C1FF2E1741BE8C71450D1F
DOCIEA	DOCIEA	poshmark.com	HTTPS://POSHMARK.COM/LISTING/VALENTINES-HEARTS-RAINBOW-SCRATCH-PAPER-42-PIECES-CRAFT-NEW-6512DEDB013D2A04940C62FB
DOCIOTE	DOCIOTE	poshmark.com	HTTPS://POSHMARK.COM/LISTING/DOG-HARNESS-XS-675601A0775CAF81C42F46E0
DOCOSY	DOCOSY	poshmark.com	HTTPS://POSHMARK.COM/LISTING/DOCOSY-ORTHOTIC-FLIP-FLOPS-FOR-WOMEN-WITH-ARCH-SUPPORT-COMFORT-SIZE-7-NWT-64F909C887A2F5059FB7A56A
DOCRIT	DOCRIT	poshmark.com	HTTPS://POSHMARK.COM/LISTING/DOCRIT-HUMAN-HAIR-CLIP-IN-HAIR-EXTENSIONS-NWT-660E032C83CBECA43A93B75C
DOCTORSSELECT	DOCTORSSELECT	poshmark.com	HTTPS://POSHMARK.COM/LISTING/DOCTORS-SELECT-XLARGE-CALF-EXTRA-WIDE-COMPRESSION-DIABETIC-SOCKS-3-PAIRS-688BBB2FCC0A73A7B70EC14B
DODOKO	DODOKO	poshmark.com	HTTPS://POSHMARK.COM/LISTING/UNUSED-NEW-DODOKO-REUSABLE-BOBA-CUP-BLUE-710ML-24-OZ-STRAWCLEANERBAG-655FB7AE253A8CB3FF2BD216
DODOMES	DODOMES	poshmark.com	HTTPS://POSHMARK.COM/LISTING/DODOMES-HIGH-SECURITY-ANTITHEFT-DEVICE-STEERING-WHEEL-LOCK-NEW-666090FB1CE6668931103EA6
DOEPSILON	DOEPSILON	poshmark.com	HTTPS://POSHMARK.COM/LISTING/MENS-BLACK-BEARD-TRIMMING-APRON-DOEPSILON-687BF30C1986C2139A005BF1
DOFLY	DOFLY	poshmark.com	HTTPS://POSHMARK.COM/LISTING/DOFLY-UNIVERSAL-PHONE-HD-CAMERA-LENS-KIT-6403B89A932A8A47599C9B02
DOFLY	DOFLY	poshmark.com	HTTPS://POSHMARK.COM/LISTING/DOFLY-PRO-LENS-KIT-FOR-IPHONE-AND-ANDROID-62CE34054F1A291F3F6DD665
DOFLYESKY	DOFLYESKY	poshmark.com	HTTPS://POSHMARK.COM/LISTING/MAGNETIC-PHONE-FINGER-RING-HOLDER-WITH-MAGSAFE-64E39E7B39A1F6005D019BDC
DOGDAN	DOGDAN	poshmark.com	HTTPS://POSHMARK.COM/LISTING/BRAND-NEW-JORDAN-6-LOW-DOGDAN-63D13F1EC5DF6CB23067FC55
DOGEEK	DOGEEK	poshmark.com	HTTPS://POSHMARK.COM/LISTING/DOGEEK-SATIN-POINTE-SHOES-FOR-GIRLS-AND-LADIES-PROFESSIONAL-BALLET-DANCE-SHOES-657D1EE0046D74A12D555D5A
DOGFAD	DOGFAD	poshmark.com	HTTPS://POSHMARK.COM/LISTING/NWT-DOGFAD-BLACK-HALTER-ADJUSTABLE-REFLECTIVE-DOG-PET-VEST-WALK-HARNESS-NO-PULL-625675C83CDA88BA99B3994A
DOGGYKINGDOM	DOGGYKINGDOM	poshmark.com	HTTPS://POSHMARK.COM/LISTING/DOGGYKINGDOM-WATERPROOF-WINTER-BOOTS-62EAAA5F81078A37DF934034
DOGNOTGONE	DOGNOTGONE	poshmark.com	HTTPS://POSHMARK.COM/LISTING/DOG-NOT-GONE-IS-A-DOG-VEST-THAT-REPELS-TICKS-THEY-REALLY-WORKLIKE-NEW-COND-62C036A809D760A20E0100E9
DOGPHORA	DOGPHORA	poshmark.com	HTTPS://POSHMARK.COM/LISTING/DOGPHORA-SHED-CONTROL-SHAMPOO-62C4EC6C12D88074391E79F5
DOHAOOE	DOHAOOE	poshmark.com	HTTPS://POSHMARK.COM/LISTING/NWT-DOHAOOE-2PC-BIKINI-SIZE-LARGE-6050C0CCBCBB522D06560E40
DOINKERZ	DOINKERZ	poshmark.com	HTTPS://POSHMARK.COM/LISTING/DOINKERZ-SERIES-1-TOY-639AB6C591E0534C47B7FBA4
DOKOCLUB	DOKOCLUB	poshmark.com	HTTPS://POSHMARK.COM/LISTING/DOKOCLUB-DIAPER-BAG-BACKPACK-BRAND-NEW-5CF9A92319C157693CE159AE
DOKOCLUB	DOKOCLUB	poshmark.com	HTTPS://POSHMARK.COM/LISTING/DOKOCLUB-DIAPER-BAG-BACKPACK-BLACK-GREY-63F19628DDAB40FDC02D25ED
DOKOCLUB	DOKOCLUB	poshmark.com	HTTPS://POSHMARK.COM/LISTING/DOKOCLUB-BACKPACK-61E49A11FF7C5A33342F1F85
DOKOCLUB	DOKOCLUB	poshmark.com	HTTPS://POSHMARK.COM/LISTING/DOKOCLUB-DIAPER-BAGBACKPACK-LARGE-CAPACITY-WATERPROOF-63C6F6B556B2F86589F706EA
DOKOCLUB	DOKOCLUB	poshmark.com	HTTPS://POSHMARK.COM/LISTING/DIAPER-BACKPACK-607B51564FD23A35068E21B0
DOLFINIE	DOLFINIE	poshmark.com	HTTPS://POSHMARK.COM/LISTING/LOW-SPEED-BENCHTOP-CENTRIFUGE-BY-DOLFINIE-SCIENTIFIC-63503ABF4578A168D989D052
DOLWIS	DOLWIS	poshmark.com	HTTPS://POSHMARK.COM/LISTING/DOLWIS-BAMBOO-HOODED-BEAR-BABY-BATH-TOWEL-ORGANIC-COTTON-NEWBORN-62C2215915D8AC912DA17A4E
DOMCCY	DOMCCY	poshmark.com	HTTPS://POSHMARK.COM/LISTING/DOMCCY-STAINLESS-STEEL-4-STAGE-KNIFE-SCISSOR-SHARPENER-65972B0317E49C3D555DAD8C
DOMISTYLE	DOMISTYLE	poshmark.com	HTTPS://POSHMARK.COM/LISTING/DOMISTYLE-SET-OF-2-SCONCES-64976AE5F644E50521520F56
DONALWORLD	DONALWORLD	poshmark.com	HTTPS://POSHMARK.COM/LISTING/DONALWORLD-SUMMER-ROUND-STRAW-BASKET-WEAVE-CIRCLE-CROSSBODY-BAG-PURSE-62A26F5269141242C3B80B7D
DONBFUL	DONBFUL	poshmark.com	HTTPS://POSHMARK.COM/LISTING/DIE-CAST-METAL-MOTORCYCLE-64015DAC4BC655F35A5DFE14
DONERTON	DONERTON	poshmark.com	HTTPS://POSHMARK.COM/LISTING/DONERTON-WIRELESS-EARBUDS-BLUETOOTH-50-EARBUDS-WIRELESS-HEADPHONES-WITH-HIFI-654C376713D681343C385BDE
DONWORD	DONWORD	poshmark.com	HTTPS://POSHMARK.COM/LISTING/RFID-BLOCKING-TACTICAL-AEROSPACE-CARBON-FIBER-MINIMALIST-SLIM-WALLET-CARD-HOLDER-6516B8CEFBAE953656800C91
DOOAIR	DOOAIR	poshmark.com	HTTPS://POSHMARK.COM/LISTING/HAIR-DRYER-WITH-DIFFUSER-DOOAIR-BLOW-DRYER-WITH-COMB-AND-CONCENTRATOR-64FB2665DCD5A535ED0B5424
DOOAIR	DOOAIR	poshmark.com	HTTPS://POSHMARK.COM/LISTING/NEW-IN-BOX-DOOAIR-IONIC-HAIRDRYER-WITH-ATTACHMENTS-BLUE-664F6CDB8A00E340A712F5C2
DOOLEYBOARDS	DOOLEYBOARDS	poshmark.com	HTTPS://POSHMARK.COM/LISTING/DOOLEY-BOARDS-9X11-LED-DISPLAY-SIGN-WITH-7-CHANGEABLE-COLORS-ILLUMINATED-BOARD-66B2C4BB981D486C3F1C2A9E
DOOLV	DOOLV	poshmark.com	HTTPS://POSHMARK.COM/LISTING/BIDET-ATTACHMENT-FOR-TOILET-NEW-OPEN-BOX-6545A28E1645F761000298E5
DOONLY	DOONLY	poshmark.com	HTTPS://POSHMARK.COM/LISTING/DOONLY-EASY-RELEASE-ICE-CUBE-TRAY-675061142D829ABE86DC15FF
DOOPO	DOOPO	poshmark.com	HTTPS://POSHMARK.COM/LISTING/DOOPO-NIGHT-LIGHTS-BLUETOOTH-SPEAKERWIRELESS-CHARGER-15W-WITH-PHONE-HOLDER-66C3CC6CF88471C0E7A037AA
DOORBELLBOA	DOORBELLBOA	poshmark.com	HTTPS://POSHMARK.COM/LISTING/DOORBELL-BOA-PROTECTIVE-VIDEO-DOORBELL-MOUNT-IN-BLACK-63AAAD7891E0531268274405
DOORBELLBOA	DOORBELLBOA	poshmark.com	HTTPS://POSHMARK.COM/LISTING/DOORBELLBOA-ANTITHEFT-VIDEO-DOORBELL-DOOR-MOUNT-61620283878A46ECF28E9BEB
DOORBELLBOA	DOORBELLBOA	poshmark.com	HTTPS://POSHMARK.COM/LISTING/DOORBELLBOA-PROTECTIVE-DOOR-MOUNT-FOR-VIDEO-DOORBELL-ANTITHEFT-RING-ARLO-NEW-630154FE81078AD79CA98AFC
DOPHEUOR	DOPHEUOR	poshmark.com	HTTPS://POSHMARK.COM/LISTING/DOPHEUOR-HAIR-CURLING-3-BARREL-WAND25MM-HAIR-WAVER-6137D1AA800F64DFF4768BC7
DOPICT	DOPICT	poshmark.com	HTTPS://POSHMARK.COM/LISTING/PET-GROOMING-DRYER-WITH-ADJUSTABLE-SPEED-AND-TEMPERATURE-CONTROL-PET-DRYER-63CC1E2417E49C6D215E29DA
DOPTIKA	DOPTIKA	poshmark.com	HTTPS://POSHMARK.COM/LISTING/DOPTIKA-MOTIVATIONAL-NECKLACE-FOR-WOMEN-STERLING-SILVER-NECKLACE-6370A96797B5D008753C356A
DORAIMI	DORAIMI	poshmark.com	HTTPS://POSHMARK.COM/LISTING/DORAIMI-GLASS-PENDANT-LIGHT-LAMP-CHANDELIER-LIGHTING-65906504BD0629830F5DA2DD
DORAKITTEN	DORAKITTEN	poshmark.com	HTTPS://POSHMARK.COM/LISTING/NEW-IN-BOX-DORAKITTEN-CAT-BOWL-6665DAE5C479B871AE150F02
DOREAMALOE	DOREAMALOE	poshmark.com	HTTPS://POSHMARK.COM/LISTING/DOREAMALOE-SHOULDER-BAG-RETRO-CLASSIC-PURSE-CLUTCH-SHOULDER-TOTE-HANDBAG-640F4B311DF2EBC8AB8BCF1F
DORISJACKY	DORISJACKY	poshmark.com	HTTPS://POSHMARK.COM/LISTING/DORIS-JACKY-WRISTLET-61F736A06F6C911DCE52A5C3
DORISUE	DORISUE	poshmark.com	HTTPS://POSHMARK.COM/LISTING/SUPER-CUTE-PEELING-BANANA-KEYCHAIN-PHONE-ASSOCIATI-57AC110E13302A9F66013312
DORMEYER	DORMEYER	poshmark.com	HTTPS://POSHMARK.COM/LISTING/DORMEYER-MEAT-GRINDER-ATTACHMENT-6410A9E97DFCC2381DD0F184
DOROSY	DOROSY	poshmark.com	HTTPS://POSHMARK.COM/LISTING/DOROSY-HAIR-RED-SYNTHETIC-LACE-FRONT-WIG-6637CC3F82DCEB88D813568D
DORSANEE	DORSANEE	poshmark.com	HTTPS://POSHMARK.COM/LISTING/DORSANEE-HAIR-EXTENSIONS-12-NEW-DORSANEE-BRAIDING-HAIR-WEAVE-SYNTHETIC-SET-OF-7-659EE00925B2F2FE06A1DE10
DOSAY	DOSAY	poshmark.com	HTTPS://POSHMARK.COM/LISTING/NEW-OPEN-BOX-NEVER-WORN-BLACK-PEWTER-SNAKE-PRINT-STILETTO-HEELS-DOSAY-PUMPS-62143556AB62C5D644C520CC
DOSENSEPRO	DOSENSEPRO	poshmark.com	HTTPS://POSHMARK.COM/LISTING/DOSENSEPRO-ACUPRESSURE-MAT-AND-PILLOW-65FA09E797B5D089EF1CE5EA
DOSHOOP	DOSHOOP	poshmark.com	HTTPS://POSHMARK.COM/LISTING/WOMENS-CROCHET-CREWNECK-LIGHTWEIGHT-HOLLOW-OUT-LONG-SLEEVE-KNIT-SWEATER-PINK-6689A7DB9CEAF7923FA0D212
DOSHOOP	DOSHOOP	poshmark.com	HTTPS://POSHMARK.COM/LISTING/WOMENS-CORDUROY-MINI-DRESS-65732E75678C3ACC22BBE349
DOSMARTER	DOSMARTER	poshmark.com	HTTPS://POSHMARK.COM/LISTING/DOSMARTER-FITNESS-TRACKER-LIGHTWEIGHT-SMARTWATCH-WITH-HEART-RATE-BLOOD-OXYGEN-M-65582166FEE468D6FA594C7C
DOSURBAN	DOSURBAN	poshmark.com	HTTPS://POSHMARK.COM/LISTING/INFLATABLE-SNORKEL-VEST-NEON-BLUE-AQUA-66D47E5D775CAF0411D8EC1C
DOSURBAN	DOSURBAN	poshmark.com	HTTPS://POSHMARK.COM/LISTING/INFLATABLE-SNORKEL-VESTNEON-YELLOW-66D480AAED3F4A656DF54676
DOTOUUD	DOTOUUD	poshmark.com	HTTPS://POSHMARK.COM/LISTING/PET-CAR-SEAT-65A54BEE17E49C367C63F8BA
DOTTIE	DOTTIE	poshmark.com	HTTPS://POSHMARK.COM/LISTING/DOTTIE-FOR-RUNNING-SKIRT-667381F5450B42DA9DC1B90A
DOTTIRPRESS	DOTTIRPRESS	poshmark.com	HTTPS://POSHMARK.COM/LISTING/NOT-MY-IDEA-A-BOOK-ABOUT-WHITENESS-HARDBACK-BOOK-BY-ANASTASIA-HIGGINBOTJAM-672FFDC6B9DB3ACC865AA5DB
DOTZSO	DOTZSO	poshmark.com	HTTPS://POSHMARK.COM/LISTING/DOTZSO-DIAMOND-PAINTING-KIT-68199B85850012C67B878FD0
DOUBLENICECO	DOUBLENICECO	poshmark.com	HTTPS://POSHMARK.COM/LISTING/NWT-EIFFEL-TOWER-6-OIL-BOTTLE-63955563678C3A9579E0B5EE
DOUBLETAKE	DOUBLETAKE	poshmark.com	HTTPS://POSHMARK.COM/LISTING/DOUBLETAKE-TENNIS-BAG-6726A036693FF78AC2F35075
DOUDELE	DOUDELE	poshmark.com	HTTPS://POSHMARK.COM/LISTING/DOUDELE-DOG-TIRE-CHEW-TOY-LARGE-TOUGH-DOG-CHEW-TOYS-FOR-AGGRESSIVE-CHEWERS-6646540AD253F13B3A857762
DOUFURT	DOUFURT	poshmark.com	HTTPS://POSHMARK.COM/LISTING/SZ-MEDIUM-DOUFURT-KNEE-BRACE-FOR-WOMEN-MEN-KNEE-BRACES-FOR-KNEE-PAIN-66D7529B07AC556C7CE6E21D
DOUGEZ	DOUGEZ	poshmark.com	HTTPS://POSHMARK.COM/LISTING/NEW-INTERACTIVE-LASER-TOY-FOR-CATS-60DE3C1F446E592E729A6D04
DOUGUYAN	DOUGUYAN	poshmark.com	HTTPS://POSHMARK.COM/LISTING/DOUGUYAN-WOMEN-FLORAL-PRINT-CASUAL-CANVAS-BACKPACK-601C5D87163DF4B7BC01D297
DOUGUYAN	DOUGUYAN	poshmark.com	HTTPS://POSHMARK.COM/LISTING/DOUGUYAN-BACKPACK-5FF99E9412D880D599091769
DOUMIGO	DOUMIGO	poshmark.com	HTTPS://POSHMARK.COM/LISTING/DOUMIGO-CORDLESS-VACUUM-MOP-COMBO-LIGHTWEIGHT-WET-DRY-VAC-HARD-FLOOR-62FD5247253A8C573F308560
DOUNEWYORK	DOUNEWYORK	poshmark.com	HTTPS://POSHMARK.COM/LISTING/NEVER-WORN-WOMENS-NY-FOOTBALL-FLEECE-JOGGERS-5D7F033D7F617F630DA38AE0
DOUNEWYORK	DOUNEWYORK	poshmark.com	HTTPS://POSHMARK.COM/LISTING/BUNDLESAVEMENS-DOU-NEW-YORK-SLIM-FIT-JOGGERS-5C5709ECAA5719C07995041C
DOUNEWYORK	DOUNEWYORK	poshmark.com	HTTPS://POSHMARK.COM/LISTING/DOU-NEW-YORK-MENS-SWEATPANTS-5C6B1DA165FA0921F2F5D259
DOUZZLE	DOUZZLE	poshmark.com	HTTPS://POSHMARK.COM/LISTING/DOUZZLE-2-SIDED-FLOOR-PUZZLE-FUN-IN-THE-SUN-AGES-3-AND-UP-24-PIECES-6388DC678BB2E27015B101E6
DOVAHLIA	DOVAHLIA	poshmark.com	HTTPS://POSHMARK.COM/LISTING/DOVAHLIA-BOAR-BRISTLE-HAIR-BRUSH-622FB067A4DE4145BB9CACC7
DOVAHLIA	DOVAHLIA	poshmark.com	HTTPS://POSHMARK.COM/LISTING/DOVAHLIA-BOAR-BRISTLE-BAMBOO-HAIR-BRUSH-SET-6807C33C969094E50AACBE8F
DOWGCLUB	DOWGCLUB	poshmark.com	HTTPS://POSHMARK.COM/LISTING/DOWGCLUB-GENUINE-LEATHER-COLLAR-65944A2256B2F861D562C8AC
DOWNHOLME	DOWNHOLME	poshmark.com	HTTPS://POSHMARK.COM/LISTING/DOWNHOLME-MENS-CLASSIC-LEATHER-CASHMERE-LINED-GLOVES-SMALL-TAN-6595F64656B2F8C0E66E8751
DOYOURGIN	DOYOURGIN	poshmark.com	HTTPS://POSHMARK.COM/LISTING/DO-YOUR-GIN-DIY-GIN-MAKING-KIT-65F9B05EFED51F60258A9629
DOZAWA	DOZAWA	poshmark.com	HTTPS://POSHMARK.COM/LISTING/DOZAWA-RECHARGEABLE-LED-CAMPING-LANTERN3000-LUMENSULTRA-BRIGHT-CAMPING-LAMP-62A971C5B6D8256BAB342580
DOZZIOR	DOZZIOR	poshmark.com	HTTPS://POSHMARK.COM/LISTING/DOZZIOR-BRACELET-YOU-FKING-GOT-THIS-639786CA7F29DDC3E9E98D22
DRAFTMARK	DRAFTMARK	poshmark.com	HTTPS://POSHMARK.COM/LISTING/DRAFTMARK-TAP-SYSTEM-600F479E7EC30C1BE3FC2DD4
DRAFTMARK	DRAFTMARK	poshmark.com	HTTPS://POSHMARK.COM/LISTING/DRAFTMARK-BEER-HOME-TAP-SYSTEM-TM-ANHEUSERBUSCH-FITS-IN-FRIDGE-CLEARANCE-65B85468BE296B9488E3FBDF
DRAGONART	DRAGONART	poshmark.com	HTTPS://POSHMARK.COM/LISTING/SET-OF-3-DRAGONART-DRAWING-BOOKS-BY-J-NEONDRAGON-PEFFER-IMPACT-645734A6C5DF6C54C6CA1676
DRAINSOON	DRAINSOON	poshmark.com	HTTPS://POSHMARK.COM/LISTING/DRAINSOON-DRAIN-AUGER-25-FT-WITH-GLOVES-PLUMBING-SNAKE-DRAIN-AUGER-NEW-67BB6DAB0C8427E664D52D11
DRALEGEND	DRALEGEND	poshmark.com	HTTPS://POSHMARK.COM/LISTING/DRALEGEND-3M-THINSULATE-MENS-LARGE-GLOVES-BLACK-ADJUSTABLE-WITH-POCKETS-658001A352EEE1E5755BC144
DRAPERSSTRENGTH	DRAPERSSTRENGTH	poshmark.com	HTTPS://POSHMARK.COM/LISTING/DRAPERS-STRENGTH-HEAVY-DUTY-RESISTANCE-2580-LB-TENSION-STRETCH-LOOP-BANDS-NWT-6515C63502760B1A1EF06E2D
DRAWJAMMIES	DRAWJAMMIES	poshmark.com	HTTPS://POSHMARK.COM/LISTING/DRAW-JAMMIES-5E122CEA969D1FC8B658E9B9
DREAMBUILDERTOY	DREAMBUILDERTOY	poshmark.com	HTTPS://POSHMARK.COM/LISTING/DREAM-BUILDER-TOY-SET-5EF2BF3A3CDA883F207513B6
DREAMCIA	DREAMCIA	poshmark.com	HTTPS://POSHMARK.COM/LISTING/DREAMCIA-EMBROIDERED-WESTERN-BOOTS-FOR-WOMEN-COWBOY-BOOTS-WIDE-MID-CALF-BROWN-67089CA825B2F206C7F15C78
DREAMDRAWER	DREAMDRAWER	poshmark.com	HTTPS://POSHMARK.COM/LISTING/NWOT-DREAM-DRAWER-ORGANIZERS-WHITE-EXPAND-FROM-12-TO-18-TWO-INCLUDED-66B2823FD90D216850C6844E
DREAMFIELDLINEN	DREAMFIELDLINEN	poshmark.com	HTTPS://POSHMARK.COM/LISTING/DREAMFIELD-LINEN-FULL-BAMBOO-WATERPROOF-MATTRESS-ENCASEMENT-DEEP-POCKET-54X75NEW-644EFA92382DB81B1541CE81
DREAMGENIUS	DREAMGENIUS	poshmark.com	HTTPS://POSHMARK.COM/LISTING/DREAMGENIUS-ROTATING-MAKEUP-ORGANIZER-626435F14F1A29615965A945
DREAMINGCASA	DREAMINGCASA	poshmark.com	HTTPS://POSHMARK.COM/LISTING/DREAMING-CASA-WHITE-TEXTURED-SHEER-CURTAINS-65E4D285C5DF6CD4DD3F60EE
DREAMINGCASA	DREAMINGCASA	poshmark.com	HTTPS://POSHMARK.COM/LISTING/DREAMING-CASA-SOLID-SHEER-CURTAINS-68476B2BF6035AAE718A3564
DREAMINGWAPITI	DREAMINGWAPITI	poshmark.com	HTTPS://POSHMARK.COM/LISTING/MEOFLAW-DREAMING-WAPITI-2-PILLOW-1-DUVET-COVER-608C08C98BE913D0B715CF1B
DREAMINGWAPITI	DREAMINGWAPITI	poshmark.com	HTTPS://POSHMARK.COM/LISTING/DREAMINGWAPITIKINGDUVETSET-68548058F4D1791A49CBFD29
DREAMLILY	DREAMLILY	poshmark.com	HTTPS://POSHMARK.COM/LISTING/NEW-DREAMLILY-ALINE-SCOOP-TEA-LENGTH-LACE-MOTHER-OF-THE-BRIDE-DRESS-6872C2ACDBD8F0D70101F40A
DREAMLITES	DREAMLITES	poshmark.com	HTTPS://POSHMARK.COM/LISTING/DREAMLITES-PILLOW-PETS-PINK-UNICORN-6563B3BF58083D540C821014
DREAMLOOKBELLABROW	DREAMLOOKBELLABROW	poshmark.com	HTTPS://POSHMARK.COM/LISTING/DREAM-LOOK-BELLA-BROW-DARK-BROWN-MICROBLADING-EYEBROW-PEN-07OZ-AS-SEEN-ON-TV-63F7DE4BB635F81D06A57AA2
DREAMOSA	DREAMOSA	poshmark.com	HTTPS://POSHMARK.COM/LISTING/REUSABLE-SELFADHESIVE-EYELASHES-WITHOUT-GLUE-NIB-6321429ADFF94D9E9FD34629
DREAMSBE	DREAMSBE	poshmark.com	HTTPS://POSHMARK.COM/LISTING/NWT-DREAMSBE-UNICORN-FAIRY-SLEEPING-BAG-67874185E0F2CEFF061D8AC7
DREAMSBE	DREAMSBE	poshmark.com	HTTPS://POSHMARK.COM/LISTING/NWT-DREAMSBE-UNICORN-FAIRY-SLEEPING-BAG-62E53DA817E49CDB990D30F6
DREAMSLINK	DREAMSLINK	poshmark.com	HTTPS://POSHMARK.COM/LISTING/DREAMSLINK-2-PIECE-SWIMSUIT-5FE4A3F4C693BD99C1A68CB7
DREAMSUITBYMIRACLEBRANDS	DREAMSUITBYMIRACLEBRANDS	poshmark.com	HTTPS://POSHMARK.COM/LISTING/DREAMSUIT-BY-MIRACLE-BRANDS-CROSS-FRONT-ONE-PIECE-63BB08BEF8C5DA90242600E3
DREAMTOWNKIDS	DREAMTOWNKIDS	poshmark.com	HTTPS://POSHMARK.COM/LISTING/NWT-ORGANIC-ABCS-TODDLE-PILLOWCASE-63712F4356B2F87DDFA8517A
DREAMYDRESSUPS	DREAMYDRESSUPS	poshmark.com	HTTPS://POSHMARK.COM/LISTING/DREAMY-DRESS-UPS-BUTTERFLY-WINGS-62157FE22A1EFF2103F6F9F8
DREASY	DREASY	poshmark.com	HTTPS://POSHMARK.COM/LISTING/WOMENS-DREASY-SANDALS-67323C85C9AF8C0B37849A3A
DREASY	DREASY	poshmark.com	HTTPS://POSHMARK.COM/LISTING/ORANGEPEACH-DREASY-HEELED-SANDALS-95-66A9187BBFD9A6C585A2281D
DREASY	DREASY	poshmark.com	HTTPS://POSHMARK.COM/LISTING/ZARA-SPARKLY-BOW-SHOES-SANDALS-DREASY-VINYL-STRAP-WORN-2X-67919B98896C3875264C3C20
DREIZACK	DREIZACK	poshmark.com	HTTPS://POSHMARK.COM/LISTING/VINTAGE-BOXED-GERMAN-WUSTHOF-DREIZACK-GEMUSEMESSERSATZ-3-PC-PARING-KNIFE-SET-65EFF1DEF4D179BC54EF5A26
DREVO	DREVO	poshmark.com	HTTPS://POSHMARK.COM/LISTING/DREVO-96-KEY-JOYEUSE-V2-SUPER-SLIM-WIRED-MECHANICAL-KEYBOARD-633E1EC2C1C3464264C2CB48
DRHOWS	DRHOWS	poshmark.com	HTTPS://POSHMARK.COM/LISTING/DRHOWS-GOYO-ELECTRIC-KETTLE-ELEGANT-AND-STYLISH-DESIGN-TEAPOT-650A1D4AEB7E7AE79A80861C
DRIBET	DRIBET	poshmark.com	HTTPS://POSHMARK.COM/LISTING/DRIBET-TOP-61FA63232CA9AB3CCCE6FF53
DRIMMAKS	DRIMMAKS	poshmark.com	HTTPS://POSHMARK.COM/LISTING/DRIMMACKS-BLACK-FLORAL-DRESS-SIZE-M-NEW-65D1709BACF46255F2F71546
DRIMMAKS	DRIMMAKS	poshmark.com	HTTPS://POSHMARK.COM/LISTING/DRIMMACKS-DARK-GREEN-WRAP-STYLE-DRESS-62D6ED5F58083D73349523B2
DRIMMAKS	DRIMMAKS	poshmark.com	HTTPS://POSHMARK.COM/LISTING/DRIMMAKS-ELEGANT-LACE-HEM-ASYMMETRIC-NECK-COCKTAIL-DRESS-WOMENS-XL-66EC900F896C38F13D5A0D3C
DRINCARIER	DRINCARIER	poshmark.com	HTTPS://POSHMARK.COM/LISTING/METAL-CAT-DESIGN-WINE-BOTTLE-HOLDER-6394DFB0F644E5BAA4E4B5F1
DRINKINGDIVAS	DRINKINGDIVAS	poshmark.com	HTTPS://POSHMARK.COM/LISTING/DRINKING-DIVAS-TIPSY-AND-TIPPED-STEMLESS-WINE-TUMBLERS-SET-OF-2-15-OZ-65344C3881078A8A631FA3D1
DRINKINGDIVAS	DRINKINGDIVAS	poshmark.com	HTTPS://POSHMARK.COM/LISTING/COW-TIPSY-TIPPED-GLASSWARE-WINE-GLASSES-GIFT-FARMHOUSE-KITCHEN-65EB37E5BD66CDF46AD44F8E
DRKA	DRKA	poshmark.com	HTTPS://POSHMARK.COM/LISTING/DRKA-MENS-STEEL-TOE-WORK-BOOTS-WATER-RESISTANT-SAFETY-SHOES-654DBE35BD0629DBF6891AFD
DRKEA	DRKEA	poshmark.com	HTTPS://POSHMARK.COM/LISTING/BABY-EAR-AND-FOREHEAD-INFARED-THERMOMETER-6079EACFCB692C9F5A38A8DD
DROCON	DROCON	poshmark.com	HTTPS://POSHMARK.COM/LISTING/DROCON-CAMERA-DRONE-674B6F7A1B40A7119BC9BDEE
DROGRACE	DROGRACE	poshmark.com	HTTPS://POSHMARK.COM/LISTING/DROGRACE-DROGRACE-KIDS-ACTION-CAMERA-WATERPROOF-DIGITAL-VIDEO-HD-1080P-COLOR-LCD-6675C6672FD49A08B8933E1C
DROWSIE	DROWSIE	poshmark.com	HTTPS://POSHMARK.COM/LISTING/NEW-DROWSIE-PILLOW-SPEAKER-FLEXI-GREY-ENJOY-GOING-TO-SLEEP-AND-WAKING-REFRESHED-672A8B97DC327D571878F700
DRQQ	DRQQ	poshmark.com	HTTPS://POSHMARK.COM/LISTING/DRQQ-AIRBUDS-2-WIRELESS-EARBUDS-NEW-6876ED3249E17BF7CF56095E
DSCHLZY	DSCHLZY	poshmark.com	HTTPS://POSHMARK.COM/LISTING/NEW-DSCHLZY-USB-CONDENSER-MICROPHONE-629559811C528A1F58DBD300
DSCHLZY	DSCHLZY	poshmark.com	HTTPS://POSHMARK.COM/LISTING/STREAMING-PODCAST-PC-USB-CONDENSER-MICROPHONE-STUDIO-KIT-DSCHLZY-667DC7615280155B6D2F4A9B
DSJHK	DSJHK	poshmark.com	HTTPS://POSHMARK.COM/LISTING/DSJHK-CATREPELLENT-662E5586E86380F8AED85BCD
DSTFUY	DSTFUY	poshmark.com	HTTPS://POSHMARK.COM/LISTING/DSTFUY-WIRELESS-REMOTE-SWITCH-AC-110V120V240V40A-RELAY-WIRELESS-RF-SWITCH-FOR-67C21294D3309F695EB2C53E
DTBG	DTBG	poshmark.com	HTTPS://POSHMARK.COM/LISTING/DTBG-LAPTOP-TOTE-BAG-WOMEN-SHOULDER-BAG-NYLON-BRIEFCASE-619473B8F9C382F813C36694
DTHPANDA	DTHPANDA	poshmark.com	HTTPS://POSHMARK.COM/LISTING/DTHPANDA-PROTECTIVE-CASE-FOR-IPAD-632A6647DFF94D40B9768446
DUALPOW	DUALPOW	poshmark.com	HTTPS://POSHMARK.COM/LISTING/DUALPOW-WIRELESS-HEADPHONES-5FDB86BE43895F4AA79D7959
DUDUCREAM	DUDUCREAM	poshmark.com	HTTPS://POSHMARK.COM/LISTING/TUTU-DRESS-65BABC6E04166D3DA36F16FA
DUDUGWA	DUDUGWA	poshmark.com	HTTPS://POSHMARK.COM/LISTING/BAMBOO-BABY-PLATES-BAMBOO-SUCTION-PLATE-AND-SPOON-NWT-645BC7E76149732C9173D3D5
DUDUMA	DUDUMA	poshmark.com	HTTPS://POSHMARK.COM/LISTING/DUDUMA-SUNGLASSES-POLARIZED-BLACK-BIKER-SPORT-UV-400-6676D28BD909596AED7C531C
DUFANNIE	DUFANNIE	poshmark.com	HTTPS://POSHMARK.COM/LISTING/DUFANNIE-COMMUNION-CHURCH-DRESS-SHOES-FOR-GIRLS-6522D5B804166DCCDBCD9521
DUGEE	DUGEE	poshmark.com	HTTPS://POSHMARK.COM/LISTING/HEY-DUGEE-60BAD94FC32EE6FD429D36F9
DUJUAN	DUJUAN	poshmark.com	HTTPS://POSHMARK.COM/LISTING/DUJUAN-NAVY-CROSSBODY-BAG-LEATHER-CROCODILE-628C12AC5E46B0C00AA7A1B5
DULASEED	DULASEED	poshmark.com	HTTPS://POSHMARK.COM/LISTING/DULASEED-WOODEN-PUZZLES-6-W-FLASH-CARDS-STORAGE-BAG-MONTESSORI-AGES-1-3-685EC253538BEB356217980F
DUMMA	DUMMA	poshmark.com	HTTPS://POSHMARK.COM/LISTING/DUMMA-INDEPENDENT-PERUVIAN-BRAND-DUMMASTORE-67AB5F471CE66610B564D14F
DUNAGA	DUNAGA	poshmark.com	HTTPS://POSHMARK.COM/LISTING/DUNAGA-ZAP-T360-PRO-MOSQUITO-TRAP-BUG-ZAPPER-360-COVERAGE-65B6ABCB1645F75D9E622561
DUOLAIMI	DUOLAIMI	poshmark.com	HTTPS://POSHMARK.COM/LISTING/DUOLAIMI-CROSSBODY-60F0B5D63CDA88744A66DA92
DUOLZ	DUOLZ	poshmark.com	HTTPS://POSHMARK.COM/LISTING/COPPER-DUOLZ-WATCH-64481939BD66CD8D459475BC
DUOMIER	DUOMIER	poshmark.com	HTTPS://POSHMARK.COM/LISTING/DUOMIER-PURSE-62534E27E131649A983B429B
DUOMISHU	DUOMISHU	poshmark.com	HTTPS://POSHMARK.COM/LISTING/AUTOMATIC-CURLING-IRON-6281555967BD915AD5EF5B96
DUOMIW	DUOMIW	poshmark.com	HTTPS://POSHMARK.COM/LISTING/NWOT-BEDSIDE-STORAGE-ORGANIZER-64EB6CDD17E49C0EE8EDFE91
DUPASU	DUPASU	poshmark.com	HTTPS://POSHMARK.COM/LISTING/DUPASU-ELECTRIC-LUNCH-BOX-659708367DFCC2B5837CEAF3
DURACASA	DURACASA	poshmark.com	HTTPS://POSHMARK.COM/LISTING/DURACASA-HEAVYDUTY-2-INCH-FURNITURE-RISERS-HOLDS-OVER-2000-LBS-ONE-SET-LEFT-65B00E4E253A8C101240D67F
DURACOMFORTESSENTIALS	DURACOMFORTESSENTIALS	poshmark.com	HTTPS://POSHMARK.COM/LISTING/DURA-COMFORT-ESSENTIALS-QUICK-DRY-HAIR-TOWEL-CURLY-HAIR-CURLS-KINKY-WAVY-64AAAB128D9977BD8CBFCFD3
DURATON	DURATON	poshmark.com	HTTPS://POSHMARK.COM/LISTING/DURATON-50L-HIKING-DAYPACK-BACKPACK-59D7010F4225BE7960014A41
DURATRAK	DURATRAK	poshmark.com	HTTPS://POSHMARK.COM/LISTING/THINSULATE-DURATRAK-SKI-SNOWMOBILE-WINTER-JACKET-5B7044054A0F2DD8B0133F89
DURAWARE	DURAWARE	poshmark.com	HTTPS://POSHMARK.COM/LISTING/DURA-WARE-RESTAURANT-QUALITY-85-QT-STAINLESS-STEEL-SAUCEPAN-67F3D672F59CC4A69ABB5311
DURAWEAR	DURAWEAR	poshmark.com	HTTPS://POSHMARK.COM/LISTING/DURAWEAR-RAIN-GEAR-STYLE-1220-JACKET-PANTS-WSUSPENDERS-SZ-XL-VNPLC-68B9FE6524B20B55A6C3B502
DURAWEAR	DURAWEAR	poshmark.com	HTTPS://POSHMARK.COM/LISTING/BRAND-NEW-NEVER-WORN-MENS-RAIN-SUIT-JACKET-AND-PANTS-DURAWEAR-BRAND-68F54ACA05DEB36C305AD01C
DUSDIMON	DUSDIMON	poshmark.com	HTTPS://POSHMARK.COM/LISTING/DUSDIMON-CASUAL-ALINE-DRESS-SIZE-2XL-6732EF42963C42C904394418
DUSTO	DUSTO	poshmark.com	HTTPS://POSHMARK.COM/LISTING/DUSTO-VEGAN-LEATHER-BACKPACK-5DF19282138E189A427B7D21
DUVINO	DUVINO	poshmark.com	HTTPS://POSHMARK.COM/LISTING/DUVINO-WINE-OR-DRINKING-GLASSES-682E2AD649E17B5232A7B0A8
DUXDANCE	DUXDANCE	poshmark.com	HTTPS://POSHMARK.COM/LISTING/DUX-DANCE-CARAMEL-CONVERTIBLE-TIGHTS-624A314EE97E4858A44AB47F
DUXDANCE	DUXDANCE	poshmark.com	HTTPS://POSHMARK.COM/LISTING/DUX-DANCE-WOMENSCHILD-BODYSUIT-DANCE-CAMISOLE-5F052C313BAD6D93860B541A
DWELLSIX	DWELLSIX	poshmark.com	HTTPS://POSHMARK.COM/LISTING/12-CERAMIC-CASSEROLE-DISH-IN-GRAY-624485A8CE1E877DBA4F9106
DWELLSIX	DWELLSIX	poshmark.com	HTTPS://POSHMARK.COM/LISTING/BELFER-PREMIUM-COOKWARE175-QT-SAUCE-POT-THE-ANDALUSIAN-COLLECTIONNEW-IN-BOX-65F9CB235280155DFBE1141A
DWERSTY	DWERSTY	poshmark.com	HTTPS://POSHMARK.COM/LISTING/NEW-DWERSTY-FROSTED-GLASS-WINDOW-FILM-175-X-118-PRIVACY-FILM-684DAE8E5DF8E746A9E7481E
DWMM	DWMM	poshmark.com	HTTPS://POSHMARK.COM/LISTING/LULULEMON-WOMEN-DIMENSIONAL-ICING-BLUE-DWMM-HIGH-NECK-SPLIT-HEM-RUN-TANK-TOP-4-648FD9BE3752184A24948C6D
DWMM	DWMM	poshmark.com	HTTPS://POSHMARK.COM/LISTING/LULULEMON-FAST-AND-FREE-25-SIZE-14-DWMM-6112DA032A1EFF61D30B86CA
DWZRG	DWZRG	poshmark.com	HTTPS://POSHMARK.COM/LISTING/LIGHTWEIGHT-HIKING-WATERPROOF-BOOTS-MENS-SIZE-46-657B4A1C4BC6558FEC92AE24
DWZRG	DWZRG	poshmark.com	HTTPS://POSHMARK.COM/LISTING/DWZRG-MENS-TANTU-BLUE-FITNESS-LIFESTYLE-TRAINERS-HIGHTOP-SNEAKERS-SHOES-NWT-6698D5437CCC9063C1E352EC
DX4	DX4	poshmark.com	HTTPS://POSHMARK.COM/LISTING/DX4-DRONE-62C075DE93649F2FE52772EB
DXLIWKY	DXLIWKY	poshmark.com	HTTPS://POSHMARK.COM/LISTING/DXLIWKY-PROFESSIONAL-HAIR-DRYER-1875-WATT-HIGHSPEED-IONIC-BLOW-DRYER-6839FDD9B722F50C812B6FBE
DXTON	DXTON	poshmark.com	HTTPS://POSHMARK.COM/LISTING/PASTELSEQUIN-TULLE-DRESS-23Y-66BE90DB775CAF46C673F772
DXYIZU	DXYIZU	poshmark.com	HTTPS://POSHMARK.COM/LISTING/NWOT-DXYIZU-CANVAS-BAG-62F54CD31741BE02B3582983
DYJ	DYJ	poshmark.com	HTTPS://POSHMARK.COM/LISTING/DYJ-MEN-BLACK-VEGAN-LEATHER-LAPTOP-BACKPACK-TRAVEL-DAYPACKS-WITH-PORT-LAPTOP-68C45653B75E9F11C211544F
DYKHMATE	DYKHMATE	poshmark.com	HTTPS://POSHMARK.COM/LISTING/DYKHMATE-MEN-LIGHTWEIGHT-SNEAKERS-FASHION-WORK-SHOES-COMFORTABLE-TENNIS-SHOES-664A8AA807AC55EB6E40D058
DYKHMATE	DYKHMATE	poshmark.com	HTTPS://POSHMARK.COM/LISTING/SLIPON-SNEAKERS-6738D86D8A00E319E5DFD9C6
DYLONIC	DYLONIC	poshmark.com	HTTPS://POSHMARK.COM/LISTING/DYLONIC-EXFOLIATING-BRUSH-AND-TWEEZERS-SET-RAZOR-BUMPS-AND-INGROWN-HAIRS-BE-GONE-61F4684B920786DDBE425C19
DYNAMING	DYNAMING	poshmark.com	HTTPS://POSHMARK.COM/LISTING/DYNAMING-SOLAR-FLAME-POST-LIGHTS-OUTDOOR-SOLAR-POWERED-LAMPS-FENCE-66D82F2849D8D8899CC7D289
DYNAMING	DYNAMING	poshmark.com	HTTPS://POSHMARK.COM/LISTING/DYNAMING-8-PACK-SOLAR-FLAME-POST-LIGHTS-OUTDOOR-SOLAR-POWERED-FENCE-POST-66D83060943DDBB8D9DDE16B
DYNASTYTOYS	DYNASTYTOYS	poshmark.com	HTTPS://POSHMARK.COM/LISTING/DYNASTY-TOYS-CAPTURE-THE-FLAG-GLOW-IN-THE-DARK-LASER-TAG-GAME-638BE3E27F29DDB5C7A578CE
DYNASTYTOYS	DYNASTYTOYS	poshmark.com	HTTPS://POSHMARK.COM/LISTING/DYNASTY-TOYS-ROBOT-FOR-KIDS-PARENTS-JUKIBOT-LASER-TAG-FAMILY-COMPANION-REPLACE-6489CCA30841B9450E8BE024
DYTOY	DYTOY	poshmark.com	HTTPS://POSHMARK.COM/LISTING/DYTOY-PLAYFUL-PENGUIN-RACE-TOY-BATTERY-OPERATED-ESCALATOR-CLIMBING-STAIRS-685079CE64164A029C5E8F58
DYTOY	DYTOY	poshmark.com	HTTPS://POSHMARK.COM/LISTING/DYTOY-FLYING-WITCH-SHE-REALLY-FLIES-AROUND-HALLOWEEN-VINTAGE-6786FDCF5C465E23B44450BD
DZEETEE	DZEETEE	poshmark.com	HTTPS://POSHMARK.COM/LISTING/I-MAY-LOOK-CALM-BUT-IN-MY-HEAD-IVE-PECKED-YOU-3-TIMES-MUG-CHICKEN-COFFEE-CUP-6595C0EBC5DF6C16FD504A28
DZG	DZG	poshmark.com	HTTPS://POSHMARK.COM/LISTING/DZG-WATCH-6296B2FE163DF4905AB52BE3
DZHAVAELCOUTURE	DZHAVAELCOUTURE	poshmark.com	HTTPS://POSHMARK.COM/LISTING/DCHAVAEL-COUTURE-FRANCE-6494B0B1FFB5D06713180E72
DZHAVAELCOUTURE	DZHAVAELCOUTURE	poshmark.com	HTTPS://POSHMARK.COM/LISTING/DZHAVAEL-COUTURE-588FB96A5C12F8C3CC018E46
DZHAVAELCOUTURE	DZHAVAELCOUTURE	poshmark.com	HTTPS://POSHMARK.COM/LISTING/BLACK-LONG-BODY-SHAPING-DRESS-WITH-BACK-ROPE-DETAIL-S-624BD1C993649FB253AF5C9C
DZRZVD	DZRZVD	poshmark.com	HTTPS://POSHMARK.COM/LISTING/DZRZVD-SNOWBOARDING-LAYERED-TEAL-JACKET-3XL-5F8A043988CCE3721E0CBC22
DZZIT	DZZIT	poshmark.com	HTTPS://POSHMARK.COM/LISTING/DZZIT-JACKET-SHELL-WOOL-645DA18032C1DC8CD50CF303
DZZIT	DZZIT	poshmark.com	HTTPS://POSHMARK.COM/LISTING/DZZIT-TOP-5D5B101ED948A16AC4C33CDA
DZZIT	DZZIT	poshmark.com	HTTPS://POSHMARK.COM/LISTING/DZZIT-SHARK-BITE-MUSTARD-TOP-WITH-SHEER-SLEEVES-5C7A1618CDC7F7794274ECB5
EACHWAY	EACHWAY	poshmark.com	HTTPS://POSHMARK.COM/LISTING/NEW-EACHWAY-SHOE-STRETCHER-SHOE-TREES-ADJUSTABLE-LENGTH-WIDTH-FOR-MEN-66C37BB9AC1B048C57F4D7DE
EACONN	EACONN	poshmark.com	HTTPS://POSHMARK.COM/LISTING/TELESCOPES-FOR-ADULTS-ASTRONOMY-80MM-APERTURE-600MM-REFRACTOR-TELESCOPE-FOR-665205CC47C1301EAD3C7E2D
EADDA	EADDA	poshmark.com	HTTPS://POSHMARK.COM/LISTING/ADORABLE-LUCKY-BRAND-EADDA-FLATS-SLIPPERS-SHOES-WBOW-TIE-CROSS-STITCH-645BB89FA0E6C6B57BDE0C71
EAILGORL	EAILGORL	poshmark.com	HTTPS://POSHMARK.COM/LISTING/EAILGORL-WATER-BOTTLES-WITH-MOTIVATIONAL-TIME-MARKER-640B5006F85C852BB5523DF0
EANCEIL	EANCEIL	poshmark.com	HTTPS://POSHMARK.COM/LISTING/NIB-EANCEIL-PROFESSIONAL-28-TEETH-BLADE-SYSTEM-BABY-HAIR-CLIPPERS-690AABD6A7E26088D02773F4
EAORUL	EAORUL	poshmark.com	HTTPS://POSHMARK.COM/LISTING/ACTIVE-NOISE-CANCELLING-HEADPHONES100H-PLAYTIME-HEADPHONES-WIRELESS-BLUETOOTH-66B280AC147B9885BF14B5D7
EARAMBLE	EARAMBLE	poshmark.com	HTTPS://POSHMARK.COM/LISTING/EARAMBLE-ADJUSTABLE-DESKTOP-MICROPHONE-STAND-MIC-STAND-WITH-ARM-AND-CLAMP-NEW-66157024FE7E2C3E618E9060
EARBAY	EARBAY	poshmark.com	HTTPS://POSHMARK.COM/LISTING/EARBAY-BLUETOOTH-HEADSET-WITH-MICROPHONE-WIRELESS-WITH-NOISE-CANCELLING-65CE352B981D4856C9C38AC3
EARISE	EARISE	poshmark.com	HTTPS://POSHMARK.COM/LISTING/EARISE-SPEAKER-62C2F425D6BAAB2D462797F6
EARLYEARS	EARLYEARS	poshmark.com	HTTPS://POSHMARK.COM/LISTING/EARLYEARS-FIRST-DISCOVERIES-TOY-67AE8A81B1EF5852A5E3E21F
EARMATES	EARMATES	poshmark.com	HTTPS://POSHMARK.COM/LISTING/NWOT-EARMATES-CELESTIAL-EARINGS-5E8DFAF167BD91ACB7BE8DB1
EARRCK	EARRCK	poshmark.com	HTTPS://POSHMARK.COM/LISTING/EARRCK-IN-THE-EAR-HEARING-AID-663F9E7CC383724B99C8840C
EARUP	EARUP	poshmark.com	HTTPS://POSHMARK.COM/LISTING/EARUP-EU-1021-HEARING-AIDS-RECHARGEABLE-PAIR-65584774FE2504E832E7922F
EASARS	EASARS	poshmark.com	HTTPS://POSHMARK.COM/LISTING/EASARS-CAT-EAR-WIRED-HEADSET-USB-GAMING-HEADSET-WITH-RETRACTABLE-MIC-66365FD1896C38F685C8C1D1
EASEFIT	EASEFIT	poshmark.com	HTTPS://POSHMARK.COM/LISTING/EASEFIT-CPAP-MASK-63E675938634CB8818789269
EASTERJUBILEE	EASTERJUBILEE	poshmark.com	HTTPS://POSHMARK.COM/LISTING/EASTER-JUBILEE-62842218BB593781EE5D9AE1
EASTERUNLIMITED	EASTERUNLIMITED	poshmark.com	HTTPS://POSHMARK.COM/LISTING/VINTAGE-FUN-WORLDEASTER-UNLIMITED-GLOW-IN-THE-DARK-SCREAM-GHOSTFACE-MASK-67D3FBD3FBAE954C2C0B0639
EASTYLISH	EASTYLISH	poshmark.com	HTTPS://POSHMARK.COM/LISTING/EASTYLISH-CHIFFON-HALTER-HILOW-DRESS-WBELT-NWOT-6124160F727B3E5E904D1F59
EASYEINSTEINBALLOONS	EASYEINSTEINBALLOONS	poshmark.com	HTTPS://POSHMARK.COM/LISTING/EASY-EINSTEIN-BALLOONS-5AA5729B50687C55C1C9BB93
EATNEAT	EATNEAT	poshmark.com	HTTPS://POSHMARK.COM/LISTING/EATNEAT-KITCHEN-KNIFE-SET-5-BLACK-STAINLESS-STEEL-KNIVES-AND-A-CHOPPING-BOARD-6536A7919464F3D17F93DF2C
EAZYRUN	EAZYRUN	poshmark.com	HTTPS://POSHMARK.COM/LISTING/EAZYRUN-BLACK-ADULT-POLARIZED-SHIELD-SUNGLASSES-FOR-MEN-WOMEN-NEW-66162A5464164A5B10FA0D97
EBAKIN	EBAKIN	poshmark.com	HTTPS://POSHMARK.COM/LISTING/SMARTWATCH-CALL-NEW-VELVET-USED-65D67C598D7A3C401D5263C0
EBEET	EBEET	poshmark.com	HTTPS://POSHMARK.COM/LISTING/4-IN-1-WIRELESS-CHARGER-COMPATIBLE-WITH-IPHONE-121111-PRO-EBEET-DIRECT-BLACK-65AF178B17FB4B9253528CF4
EBJ	EBJ	poshmark.com	HTTPS://POSHMARK.COM/LISTING/EBJGOLDTONETWOPIECEGATOREARRINGS-6634FDAFCD201B0F52AC6C5B
EBUNS	EBUNS	poshmark.com	HTTPS://POSHMARK.COM/LISTING/EBUNS-KITCHEN-MORTAR-AND-PESTLE-SET-IN-SOLID-UNPOLISHED-HEAVY-GRANITE-STONE-62CB3F844578A190F7C32D9C
ECARE	ECARE	poshmark.com	HTTPS://POSHMARK.COM/LISTING/ECARE-MICRO-VACUUM-ATTACHMENT-KIT-626B517FCC9AA2798AA6DDA6
ECBASKET	ECBASKET	poshmark.com	HTTPS://POSHMARK.COM/LISTING/FAKE-NAILS-10-SIZES-ECBASKET-BY-NAILS-GAGS-66B773F4F33F716DB2AA74BC
ECENUR	ECENUR	poshmark.com	HTTPS://POSHMARK.COM/LISTING/ECENUR-TEXTILE-SATIN-SCARF-5E12A048969D1FBB635C00DD
ECHOHANA	ECHOHANA	poshmark.com	HTTPS://POSHMARK.COM/LISTING/ECHOHANA-NWOT-PET-CARRIER-637C1BADB635F8B5CC0FC04D
ECHSRT	ECHSRT	poshmark.com	HTTPS://POSHMARK.COM/LISTING/ECHSRT-LARGE-PENCIL-CASE-DURABLE-PEN-POUCH-WITH-BIG-CAPACITY-INSIDE-ZIPPER-6786ED9085C016BCD23F9AB1
ECIRCUIT	ECIRCUIT	poshmark.com	HTTPS://POSHMARK.COM/LISTING/ECIRCUIT-SUPER-HEAVY-DUTY-C-BATTERIES-2CT-PACK-6405F201375218B044BC8766
ECIRCUIT	ECIRCUIT	poshmark.com	HTTPS://POSHMARK.COM/LISTING/MINI-POWERED-PORTABLE-SPEAKER-5A7F51EA9D20F01447A626EF
ECLIPSESUNPRODUCTS	ECLIPSESUNPRODUCTS	poshmark.com	HTTPS://POSHMARK.COM/LISTING/ECLIPSE-SUN-SLEEVES-MEN-OR-WOMEN-S-OR-L-NEW-5D44B5A4ACB24B2905C1A18A
ECOANGEL	ECOANGEL	poshmark.com	HTTPS://POSHMARK.COM/LISTING/ECOANGEL-PORTABLE-REUSABLE-STRAW-62C5D3C4E131646F4F528B32
ECOWAARE	ECOWAARE	poshmark.com	HTTPS://POSHMARK.COM/LISTING/ECOWAARE-ZERO-WASTE-PRODUCE-MESH-BAGS-SET-OF-10-682689E9BEDD34BF45DD1551
ECOWALSON	ECOWALSON	poshmark.com	HTTPS://POSHMARK.COM/LISTING/WAIST-TRAINER-FOR-WOMEN-CORSET-CINCHER-BODY-SHAPER-GIRDLE-66197287014648698AD68391
ECPAUTECH	ECPAUTECH	poshmark.com	HTTPS://POSHMARK.COM/LISTING/PORTABLE-WIRELESS-SOUND-BAR-HOME-MINI-BLUETOOTH-SPEAKER-WITH-MULTICOLOR-LIGHTS-63965DB3A0E6C6C024B20121
ECTY	ECTY	poshmark.com	HTTPS://POSHMARK.COM/LISTING/ECTY-KAWAII-PLUSH-DOLL-11-SITTING-HEIGHT-SOFT-STUFFED-PINK-CAT-PLUSH-TOY-6567AD1617E49CF5E6396075
EDDIEMARC	EDDIEMARC	poshmark.com	HTTPS://POSHMARK.COM/LISTING/GOLD-GREEK-GODDESS-SHOES-652309FDC1C346E2D90807E8
EDENORGANYX	EDENORGANYX	poshmark.com	HTTPS://POSHMARK.COM/LISTING/EDEN-ORGANYX-MAGNETIC-EYELASH-KIT-BRAND-NEW-NEVER-USED-6607D8F9C1C346FDE32D1CDD
EDEUOEY	EDEUOEY	poshmark.com	HTTPS://POSHMARK.COM/LISTING/EDEUOEY-INFLATABLE-LOUNGER-AIR-SOFA-WATERPROOF-BEACH-TRAVEL-OUTDOOR-RECLINER-637FF8441741BE2CA4E2B015
EESKA	EESKA	poshmark.com	HTTPS://POSHMARK.COM/LISTING/EESKA-TEAL-AND-GOLD-ELECTRIC-SHAVER-68407E74E9C77DCD1DA32080
EFAITHTEK	EFAITHTEK	poshmark.com	HTTPS://POSHMARK.COM/LISTING/EFAITHTEK-SINGLE-WATCH-WINDER-6558344817E49C18E4417C92
EFAITHTEK	EFAITHTEK	poshmark.com	HTTPS://POSHMARK.COM/LISTING/EFAITHTEK-AUTOMATIC-SINGLE-WATCH-WINDER-6605D2B256B2F86D828D5D61
EFAK	EFAK	poshmark.com	HTTPS://POSHMARK.COM/LISTING/EFAK-AMAZON-TODDLER-SIZE-6-BROWN-SHOES-6434BC63C5DF6CE14290C171
EFLOWING	EFLOWING	poshmark.com	HTTPS://POSHMARK.COM/LISTING/EFLOWING-BLACK-PORTABLE-WIRELESS-MINI-HANDHELD-CAR-VACUUM-CLEANER-WITH-LED-6754BBAD8D997762AECA7C31
EGGGENIE	EGGGENIE	poshmark.com	HTTPS://POSHMARK.COM/LISTING/EGG-GENIE-5DD67100BBF0762FD5A7C913
EGOGO	EGOGO	poshmark.com	HTTPS://POSHMARK.COM/LISTING/EGOGO-WAIST-PACKHIP-BAG-61784F2DAB62C5C3A4DFA2EC
EHHE	EHHE	poshmark.com	HTTPS://POSHMARK.COM/LISTING/EHHE-KIDS-LITTLE-GIRLS-DRESS-634857367F29DD0E2EAC2EB7
EIAIA	EIAIA	poshmark.com	HTTPS://POSHMARK.COM/LISTING/STEM-DINO-LEARN-PLAY-625308EA12D88080AF812396
EINOOR	EINOOR	poshmark.com	HTTPS://POSHMARK.COM/LISTING/EINOOR-PET-GROOMING-KIT-64FA3FEE92E4914ABFB1BBAD
EISINLY	EISINLY	poshmark.com	HTTPS://POSHMARK.COM/LISTING/KITCHEN-NONSTICK-WOODEN-SPOONS-FOR-COOKING-7PIECE-BAMBOO-COOKING-UTENSILS-SET-65CBEA24E0F2CEAA4E33E26A
EIUBUIE	EIUBUIE	poshmark.com	HTTPS://POSHMARK.COM/LISTING/40-PC-STAINLESS-STEEL-FLATWARE-SET-FINE-SILVERWARE-SET-SERVICE-FOR-8-63A215D974BDBE84640D97E8
EIVOTOR	EIVOTOR	poshmark.com	HTTPS://POSHMARK.COM/LISTING/PROFESSIONAL-PODCAST-MICROPHONE-USB-FOR-COMPUTER-BRAND-NEW-6202FDB36E2846911B00E0BB
EJERLYA	EJERLYA	poshmark.com	HTTPS://POSHMARK.COM/LISTING/NWB-DUSK-TO-DAWN-MOTION-SENSOR-OUTDOOR-PORCH-LIGHT-672CFB4E9CEAF75799B1E48E
EJING	EJING	poshmark.com	HTTPS://POSHMARK.COM/LISTING/EJING-ZHANG-RESIN-EARRINGS-TEARDROP-664154010C0A3FB02A1524A4
EJIUBAS	EJIUBAS	poshmark.com	HTTPS://POSHMARK.COM/LISTING/EJIUBAS-ELECTRIC-NAIL-DRILL-633A0289A0E6C6ED08C089E1
EKOTECH	EKOTECH	poshmark.com	HTTPS://POSHMARK.COM/LISTING/DC-SNOWBOARD-SKI-EKOTECH-5K-JACKET-61D0A058E1316484128CE60B
ELBARAMONY	ELBARAMONY	poshmark.com	HTTPS://POSHMARK.COM/LISTING/HANDMADE-EGYPTIAN-COFFEE-ALCOHOL-BURNER-MAKER-TABLE-TOP-65EB740252EEE14D1FA3C234
ELCTHUNDER	ELCTHUNDER	poshmark.com	HTTPS://POSHMARK.COM/LISTING/ELCTHUNDER-KEYBOARD-5FA07FF6BCDB2FEE12BB43FE
ELEACC	ELEACC	poshmark.com	HTTPS://POSHMARK.COM/LISTING/ELEACC-PORTABLE-WIRELESS-CARPLAY-CAR-STEREO-7-HD-TOUCHSCREEN-FOR-CAR-WITH-APP-6809ACA63509D1E7A49AF100
ELECKEY	ELECKEY	poshmark.com	HTTPS://POSHMARK.COM/LISTING/ELECKEY-CAR-CAMERA-6350382EF8C5DA884D62520C
ELECSHION	ELECSHION	poshmark.com	HTTPS://POSHMARK.COM/LISTING/NEW-ELECSHION-3D-MOBILE-PHONE-SCREEN-PROTECTOR-FOR-IPHONE-XS-6577F3EB046D7428F04558C7
ELECSTARS	ELECSTARS	poshmark.com	HTTPS://POSHMARK.COM/LISTING/ELECSTARS-LED-TOUCH-BEDSIDE-LAMP-6250415F7272AFE9DA40C518
ELECSTARS	ELECSTARS	poshmark.com	HTTPS://POSHMARK.COM/LISTING/TOUCH-BEDSIDE-LAMP-64CEF149C1C346CA26C95C09
ELECTECK	ELECTECK	poshmark.com	HTTPS://POSHMARK.COM/LISTING/ELECTECK-5-PACK-15A-GFCI-OUTLET-RECEPTACLE-66CA3CE39D05C44C67E72EE8
ELECWAVE	ELECWAVE	poshmark.com	HTTPS://POSHMARK.COM/LISTING/ELECWAVE-TRAVEL-DASH-CAM-WITH-BOX-64C44E2252EEE191D579A6FA
ELEFOR	ELEFOR	poshmark.com	HTTPS://POSHMARK.COM/LISTING/NWT-ELEFOR-MASSAGE-GUN-DEEP-TISSUEPERCUSSION-BACK-MASSAGER-GUN-FOR-ATHLETES-63F4F2BC4BF9FFE8220CA7D5
ELEGANTEXPRESSIONSBYHOSLEY	ELEGANTEXPRESSIONSBYHOSLEY	poshmark.com	HTTPS://POSHMARK.COM/LISTING/ELEGANT-EXPRESSIONS-BY-HOSLEY-SMALL-RED-REACTIVE-CERAMIC-VASE-6412510DFF04848FA46343B8
ELEHOT	ELEHOT	poshmark.com	HTTPS://POSHMARK.COM/LISTING/ELEHOT-BLUETOOTH-SPEAKER-HIFI-STEREO-COLORFUL-LIGHTS16H-PLAYTIMETWSFM-6536DED2382DB847DF223555
ELEMAKE	ELEMAKE	poshmark.com	HTTPS://POSHMARK.COM/LISTING/ELEMAKE-KEYLESS-ENTRY-DOOR-LOCK-MECHANICAL-KEYPAD-DOOR-LOCK-KEYLESS-DEADBOLT-65516E682FBF1A094BC1F140
ELEMENTALKITCHEN	ELEMENTALKITCHEN	poshmark.com	HTTPS://POSHMARK.COM/LISTING/ELEMENTAL-KITCHEN-OIL-AND-VINEGAR-DISPENSERS-6746466BCE7065E3B58B7953
ELEMENTEX	ELEMENTEX	poshmark.com	HTTPS://POSHMARK.COM/LISTING/ELEMENTEX-AUTO-UMBRELLA-DUPONT-TEFLON-TRAVEL-UMBRE-60D62A5F8BE91359F04882A0
ELEMSY	ELEMSY	poshmark.com	HTTPS://POSHMARK.COM/LISTING/ELEMSY-PET-HAIR-REMOVER-678408EA9A76EFD59AD64E81
ELENTURE	ELENTURE	poshmark.com	HTTPS://POSHMARK.COM/LISTING/ELENTURE-YOGA-MAT-BAG-62A144B006D59CB11BBD61A9
ELENTURE	ELENTURE	poshmark.com	HTTPS://POSHMARK.COM/LISTING/ELENTURE-YOGA-MAT-BAG-TRAVEL-FULLZIP-WITH-POCKETS-AND-ADJUSTABLE-STRAP-655A4E09BD66CD746FF158ED
ELERHYTHM	ELERHYTHM	poshmark.com	HTTPS://POSHMARK.COM/LISTING/ELERHYTHM-MARY-JANE-HEELS-WITH-BOW-ROUND-TOE-PUMPS-SIZE-7EXCELLENT-CONDITION-680595BCA9510527C929E2D7
ELESHOW	ELESHOW	poshmark.com	HTTPS://POSHMARK.COM/LISTING/NECKLACE-5E1C6DD0216968D675C762BC
ELESIK	ELESIK	poshmark.com	HTTPS://POSHMARK.COM/LISTING/EKESIK-PLANTAR-FASCIITIS-NIGHT-SPLINT-66C9ECEE0C0A3FB31DF61C70
ELESIK	ELESIK	poshmark.com	HTTPS://POSHMARK.COM/LISTING/ELESIK-NIGHT-SPLINT-FOR-PLANTAR-FASCIITIS-ADJUSTABLE-FOOT-BRACE-HEELARCH-RELIEF-68DEF89B0841B997CF8CDB93
ELESUIT	ELESUIT	poshmark.com	HTTPS://POSHMARK.COM/LISTING/ELESUIT-PLAID-FLANNEL-JACKET-MENS-M-HOODED-FULL-ZIP-WHITE-BLACK-SHERPA-LINED-NEW-67BDB639E0F2CEE5D5952D2A
ELETAB	ELETAB	poshmark.com	HTTPS://POSHMARK.COM/LISTING/ELETAB-DUALARM-MONITOR-DESK-ARM-STAND-ADJUSTABLE-ELTDM02-BRAND-NEW-62CA76FD1A6232438604FE54
ELETALKER	ELETALKER	poshmark.com	HTTPS://POSHMARK.COM/LISTING/ELETALKER-ELECTRIC-SPIN-SCRUBBER-CORDLESS-RECHARGEABLE-ELECTRIC-CLEANING-BRUSH-634EE0623B982ABCFFC2EECA
ELEVTAB	ELEVTAB	poshmark.com	HTTPS://POSHMARK.COM/LISTING/NEW-ELEVTAB-BODY-WEIGHT-RESISTANT-TRX-5F2202CA93649FC75CB16929
ELEYSE	ELEYSE	poshmark.com	HTTPS://POSHMARK.COM/LISTING/STELLA-MCCARTNEY-ELEYSE-ALTER-SPORTY-MAT-PLATFORMS-6784A9C8B4EE5B49089E4937
ELFPREPBLUR	ELFPREPBLUR	poshmark.com	HTTPS://POSHMARK.COM/LISTING/ELF-PREP-BLUR-STICKS-SHEER-NWT-WHOL-6130FD20FF830414427EE76D
ELFSTARDUST	ELFSTARDUST	poshmark.com	HTTPS://POSHMARK.COM/LISTING/ELF-STARDUST-GLITTER-EYELINER-SEA-FOAM-5F4029102A1EFFD549937D2B
ELIBELLE	ELIBELLE	poshmark.com	HTTPS://POSHMARK.COM/LISTING/COSTUME-ELIBELLE-CLASSIC-JAPANESE-ANIME-SCHOOL-GIRLS-SAILOR-UNIFORM-COSPLAY-SET-6520B2865C465E351E8C2C9A
ELIDOMC	ELIDOMC	poshmark.com	HTTPS://POSHMARK.COM/LISTING/ELIDOMC-ELEGANT-CRYSTAL-DECANTER-SET-WITH-GLASSES-6807D754310F1CF95BCF8F16
ELIMOONS	ELIMOONS	poshmark.com	HTTPS://POSHMARK.COM/LISTING/ELIMOONS-SKI-GOGGLES-FOR-MEN-WOMEN-YOUTH-SNOWBOARD-GOGGLES-FOR-ADULTS-63AD7719508D27A13CED63E8
ELINNA	ELINNA	poshmark.com	HTTPS://POSHMARK.COM/LISTING/ALDO-ELINNA-FLAT-OVER-THE-KNEE-BOOTS-606CAC15275E55E3C3E29181
ELITE99	ELITE99	poshmark.com	HTTPS://POSHMARK.COM/LISTING/ELITE-99-NAIL-GEL-POLISH-UV-LED-64CC1C0797B5D08216A6BBFB
ELITEBISTRO	ELITEBISTRO	poshmark.com	HTTPS://POSHMARK.COM/LISTING/ELITE-BISTRO-BY-MAXI-MATIC-EPC202T-8-QT-ELECTRIC-PRESSURE-COOKER-TURQUOISE-BLUE-670C0FF4FEE4682A99194215
ELITERA	ELITERA	poshmark.com	HTTPS://POSHMARK.COM/LISTING/ELITERA-SUNGLASSES-WOMENS-POLARIZED-SUNGLASSES-FOR-MENS-WOMENS-RETRO-MIRROR-63FF8A6CE6B37B74DEC9ADD9
ELITRIBE	ELITRIBE	poshmark.com	HTTPS://POSHMARK.COM/LISTING/ELITRIBE-HOT-CREAM-35-OZ-UNOPENED-JAR-OF-WORKOUT-ENHANCER-67A920EC47C130A6E5E87965
ELIXIRGLASSWARE	ELIXIRGLASSWARE	poshmark.com	HTTPS://POSHMARK.COM/LISTING/ELIXIR-GLASSWARE-STEMLESS-WINE-GLASSES-17-OZ-CRYSTAL-WINE-GLASS-SET-OF-4-6657E256DC327D9D32DBE6A1
ELLERYHOMESTYLESECLIPSE	ELLERYHOMESTYLESECLIPSE	poshmark.com	HTTPS://POSHMARK.COM/LISTING/ELLERY-HOMESTYLES-ECLIPSE-THERMABACK-BLACKOUT-CURTAINS-TWO-GROMMET-PANELS-52X63-6925DC03A56649829CC7AD7E
ELLESYE	ELLESYE	poshmark.com	HTTPS://POSHMARK.COM/LISTING/PINK-HAIR-WAVER-682F80C65919E05C8172DE1F
ELLOCY	ELLOCY	poshmark.com	HTTPS://POSHMARK.COM/LISTING/NWT-5-FOR-24-ELLOCY-MASCARAS-63043F85DFF94DA2A0B62F2B
ELLSWOS	ELLSWOS	poshmark.com	HTTPS://POSHMARK.COM/LISTING/ELLSWOS-MENS-SNOW-JACKET-L-653D5D5F4BF9FF91A8F3375A
ELLSWOS	ELLSWOS	poshmark.com	HTTPS://POSHMARK.COM/LISTING/ELLSWOS-WOMENS-WINTER-COATS-SKI-JACKET-SNOW-WINDPROOF-WINDBREAKER-RAINCOAT-SZ-M-67A2DBCF9E4F7410E3D93365
ELOSH	ELOSH	poshmark.com	HTTPS://POSHMARK.COM/LISTING/ELOSH-BABY-NAIL-TRIMMER-5FA18AA943895F0B76FA5966
ELSTEY	ELSTEY	poshmark.com	HTTPS://POSHMARK.COM/LISTING/ELSTEY-SOCCER-3D-LED-NIGHT-LIGHT-OPTICAL-ILLUSION-LAMP-7-COLOR-6773E727D3309FA6B3DF4C52
ELVASO	ELVASO	poshmark.com	HTTPS://POSHMARK.COM/LISTING/ELVASO-ULTRASONIC-JEWELRY-CLEANER-65E5BF27A0E6C6A587F4E3B7
ELVASO	ELVASO	poshmark.com	HTTPS://POSHMARK.COM/LISTING/ELVASO-ULTRASONIC-JEWELRY-CLEANER-65E4C58702760BBF9784DE6D
ELVASO	ELVASO	poshmark.com	HTTPS://POSHMARK.COM/LISTING/ELVASO-NEW-IN-BOX-ULTRASONIC-CLEANER-66AB9D2E038291C4EE8C0937
ELYPHINE	ELYPHINE	poshmark.com	HTTPS://POSHMARK.COM/LISTING/ELYPHINE-32OZ-MOTIVATIONAL-WATER-BOTTLES-WITH-REMOVABLE-STRAW-TIME-MARKER-63E59006F8C5DA9BF0A6C8EC
EMETOK	EMETOK	poshmark.com	HTTPS://POSHMARK.COM/LISTING/EMETOK-UNIVERSAL-BLUETOOTH-KEYBOARD-678083F85AF6E6BC8237C5B4
EMIDO	EMIDO	poshmark.com	HTTPS://POSHMARK.COM/LISTING/EMIDO-BUILDING-BLOCK-TOYS-COLORFUL-BUILDING-TOYS-PLASTIC-IN-POUCH-LIKE-NEW-67238A7C1546004E7B171445
EMILYWEST	EMILYWEST	poshmark.com	HTTPS://POSHMARK.COM/LISTING/COLORFUL-CHEVRON-SLEEVELESS-DRESS-67968CC29CEAF7F941DC3AA4
EMINTA	EMINTA	poshmark.com	HTTPS://POSHMARK.COM/LISTING/DESK-PADMATPROTECTOR-EMINTA-LARGE-STITCHED-EDGE-315-X-155-INCH-PU-LEATHE-664BAEC7BC6E1C909E50F528
EMINTA	EMINTA	poshmark.com	HTTPS://POSHMARK.COM/LISTING/NEW-EMINTA-DUAL-SIDED-DESK-PAD-CLASSICAL-BLACK-315-X-157-6425839C87A2F5A2797813F7
EMMANI	EMMANI	poshmark.com	HTTPS://POSHMARK.COM/LISTING/EMMANI-WOMENS-STRAPLESS-PARTY-JUMPSUITS-WITH-DETACHABLE-SKIRT-SIZE-18W-63E3F4724BC6552508365DC2
EMMASTREET	EMMASTREET	poshmark.com	HTTPS://POSHMARK.COM/LISTING/EMMA-STREET-NAVY-GOWN-WITH-EMBELLISHMENT-65BE9A9FBD0629FC3BC89FC6
EMOMAS	EMOMAS	poshmark.com	HTTPS://POSHMARK.COM/LISTING/DESKMOUSE-PAD-AUTHENTIC-EMOMAS-MULTIFUNCTION-TABLE-MAT-LEATHER-DESK-PAD-36X17-62C7640E45D731F1E747F5DE
EMOTIONLIN	EMOTIONLIN	poshmark.com	HTTPS://POSHMARK.COM/LISTING/EMOTIONLIN-1000-PIECES-JIGSAW-PUZZLE-27-X-19-FINISHED-SIZE-AGES-599-0771-61944D9EF5EB6BB05B855D5A
EMPOF	EMPOF	poshmark.com	HTTPS://POSHMARK.COM/LISTING/16-PCS-DOUBLE-SIDED-CHRISTMAS-HANGING-DECORATIONS-6890C1375BB1EECEDED12CA1
EMPRELLA	EMPRELLA	poshmark.com	HTTPS://POSHMARK.COM/LISTING/EMPRELLA-TANK-TOPS-64D3B4F504166D3097A6A586
EMVICA	EMVICA	poshmark.com	HTTPS://POSHMARK.COM/LISTING/FRENCH-PRESS-COFFEE-MAKER-SET-TRAVEL-SET-64AEA8729464F3D88F25B457
ENCHANTEACCESSORIES	ENCHANTEACCESSORIES	poshmark.com	HTTPS://POSHMARK.COM/LISTING/ENCHANTE-ACCESSORIES-INC-620C285DFF7C5AD997F0D1F9
ENCHANTEDIRECT	ENCHANTEDIRECT	poshmark.com	HTTPS://POSHMARK.COM/LISTING/COOK-WITH-COLOR-MIXING-BOWLS-4-PIECE-NESTING-PLASTIC-MIXING-BOWL-SET-63E2D6593D6092267231C6E8
ENCOREHOMEDECOR	ENCOREHOMEDECOR	poshmark.com	HTTPS://POSHMARK.COM/LISTING/ENCORE-HOME-DECOR-2PC-INTERLOCKING-WALL-CUBES-63E2AF31253A8C56EDB826E7
ENCORETECHNOLOGY	ENCORETECHNOLOGY	poshmark.com	HTTPS://POSHMARK.COM/LISTING/SELLING-AN-ENCORE-TECHNOLOGY-RECORD-PLAYER-62EDC3BE4BF9FFEEAEE2BB5F
ENDA	ENDA	poshmark.com	HTTPS://POSHMARK.COM/LISTING/WORN-ONCE-ENDA-MENS-LAPATET-WATAMU-BLUE-SIZE-10-VEGAN-FRIENDLY-64B5B0C6FFB5D02E25C37737
ENHANCEDPETBOWL	ENHANCEDPETBOWL	poshmark.com	HTTPS://POSHMARK.COM/LISTING/ENHANCED-PET-BOWL-SILVER-AND-BLACK-67B60D23F33F711A167893D0
ENJIPRIME	ENJIPRIME	poshmark.com	HTTPS://POSHMARK.COM/LISTING/MINI-CAMERA-636137C13B982AF9B38627A8
ENKLOZE	ENKLOZE	poshmark.com	HTTPS://POSHMARK.COM/LISTING/CARRY-ON-LUGGAGE-17-100-PC-TS-NAVY-BLUE-684098E5BD4CE3190641376B
ENKLOZE	ENKLOZE	poshmark.com	HTTPS://POSHMARK.COM/LISTING/CARRY-ON-LUGGAGE-17-100-PC-TS-BLACK-673629402839BC07199AF89A
ENLLERVIID	ENLLERVIID	poshmark.com	HTTPS://POSHMARK.COM/LISTING/ENLLERVIID-WOMEN-SANDALS-GRAY-66B0570BED3F4A42CE4498AD
ENNEFU	ENNEFU	poshmark.com	HTTPS://POSHMARK.COM/LISTING/ENNEFU-COMFORTABLE-DOGCAT-BACKPACK-OR-FRONT-CARRIER-65485A812FBF1A37D9CBA7CF
ENNVA	ENNVA	poshmark.com	HTTPS://POSHMARK.COM/LISTING/ENNVA-100-SILK-SLEEP-CAP-2LAYERED-BONNET-NIGHT-ADJUSTABLE-ELASTIC-PINK-TURBAN-61F1904B1460BBDA334385D1
ENOCTU	ENOCTU	poshmark.com	HTTPS://POSHMARK.COM/LISTING/ENOCTU-INTERACTIVE-RECHARGEABLE-CAT-FEATHER-TOY-LASER-POINTER-67B777701DF63695CD0A328D
ENOLUXE	ENOLUXE	poshmark.com	HTTPS://POSHMARK.COM/LISTING/ENOLUXE-WINE-CHILLER-GOLD-WINE-BOTTLE-CHILLER-BUCKET-100-STAINLESS-STEEL-67F6B150C71BA144CD2BFB16
ENOWO	ENOWO	poshmark.com	HTTPS://POSHMARK.COM/LISTING/ENOWO-3-PIECE-KNIFE-SET-CKSH031B-NEW-62508B287028EC9F8B2FEA62
ENRYKUO	ENRYKUO	poshmark.com	HTTPS://POSHMARK.COM/LISTING/ENRYKUO-LABOR-SAVING-ARM-JACK-OPEN-BOX-65B8FBCF97B5D08748F49E3D
ENSAISON	ENSAISON	poshmark.com	HTTPS://POSHMARK.COM/LISTING/ENSAISON-COTTON-POPLIN-PUFF-SLEEVE-MINIDRESS-673A0407BC6E1C1A291B0FAE
ENTRIGE	ENTRIGE	poshmark.com	HTTPS://POSHMARK.COM/LISTING/VACUUM-SEALER-MACHINE-BY-ENTRIGE-669F0B626CCBB6057DA68D84
ENTRIGE	ENTRIGE	poshmark.com	HTTPS://POSHMARK.COM/LISTING/ENTRIGE-FOOD-VACUUM-SEALER-12-INCHE-SEALING-SIZE-MODEL-E2902MS-62E0751793649F2BA112D203
ENUOSUMA	ENUOSUMA	poshmark.com	HTTPS://POSHMARK.COM/LISTING/ENUOSUMA-ANDROID-13-MINI-PROJECTOR-WHITE-200-ANSI-4K-SUPPORT-WIFI-6-130IN-169-68FF6AFFDD06C81B6357E900
ENVYGREEN	ENVYGREEN	poshmark.com	HTTPS://POSHMARK.COM/LISTING/ENVYGREEN-MANOR-YULETIDE-SHIRT-673A87289A76EFA00151F27F
ENZOROMEO	ENZOROMEO	poshmark.com	HTTPS://POSHMARK.COM/LISTING/ENZO-ROMEO-MENS-SHOES-6605CC19C9A2282E4B058112
ENZOSUM	ENZOSUM	poshmark.com	HTTPS://POSHMARK.COM/LISTING/ENZOSUM-DUFFLEGARMENT-BAG-669FE184DC8A4E2D846C7F05
EODORA	EODORA	poshmark.com	HTTPS://POSHMARK.COM/LISTING/HUGO-BOSS-DARK-PINK-EODORA-DRESS-672D2A0BE825D15660313BC8
EONSANITIZINGMIST	EONSANITIZINGMIST	poshmark.com	HTTPS://POSHMARK.COM/LISTING/EON-SANITIZING-MIST-3-PACK-615DC8433BAD6D67CAA08CE2
EPHIZA	EPHIZA	poshmark.com	HTTPS://POSHMARK.COM/LISTING/EPHIZA-BOYS-WINTER-WARM-HIKING-SNOW-BOOTS-OUTDOOR-INSULATED-FUR-LINED-6514394C1645F74A3E407CB7
EPICSTEP	EPICSTEP	poshmark.com	HTTPS://POSHMARK.COM/LISTING/SLIP-ON-FLATSMULTI-COLORED-SIZE-7-623BA94481A36CC433215030
EPOWER360	EPOWER360	poshmark.com	HTTPS://POSHMARK.COM/LISTING/EPOWER-360-RECHARGEABLE-EP360-2000-LUMENS-LED-WORKLIGHT-SPOTLIGHT-67094C2C2FD49ADC4046519A
EPTISON	EPTISON	poshmark.com	HTTPS://POSHMARK.COM/LISTING/WHITE-OVERSIZED-HOODIE-5B6CED19A31C337BDAE277CF
EQSPORT	EQSPORT	poshmark.com	HTTPS://POSHMARK.COM/LISTING/EQ-SPORT-WEAR-YELLOW-RACERBACK-TOP-5D6D4072152812A62B44839B
ERAVINO	ERAVINO	poshmark.com	HTTPS://POSHMARK.COM/LISTING/ERAVINO-GLOBAL-WHISKEY-DECANTER-NEW-IN-BOX-66DF581DE825D1344BE9F729
ERAVSOW	ERAVSOW	poshmark.com	HTTPS://POSHMARK.COM/LISTING/HANDY-ERAVSOW-180ML-PORTABLE-GARMENT-STEAMER-IN-ORIGINAL-BOX-65BD530C3B982AF8CB0E1D16
ERFEI	ERFEI	poshmark.com	HTTPS://POSHMARK.COM/LISTING/ERFEI-SHOULDERCROSSBODY-64DE1471614973DEE196DE1D
ERIKENURBEN	ERIKENURBEN	poshmark.com	HTTPS://POSHMARK.COM/LISTING/ERIKENURBEN-WOMEN-SWEET-MARY-JANE-HEELS-SIZE-8-64D970FCEB7E7AB5FF88B6AF
ERLIGPOWHT	ERLIGPOWHT	poshmark.com	HTTPS://POSHMARK.COM/LISTING/WIRELESS-SELFIE-STICK-TRIPOD-63265CBF2FBF1A990DF5207C
ERLIGPOWHT	ERLIGPOWHT	poshmark.com	HTTPS://POSHMARK.COM/LISTING/BLUETOOTH-WIRELESS-HEADPHONES-5FE9E12DFF7C5A6B81046890
ERLOOD	ERLOOD	poshmark.com	HTTPS://POSHMARK.COM/LISTING/ERLOOD-METAL-TIN-COFFEE-DECORATIVE-KITCHEN-SIGN-COFFEE-MENU-66DFD93A5801237398A3212B
ERMENEGILDOZEGNA	ERMENEGILDOZEGNA	poshmark.com	HTTPS://POSHMARK.COM/LISTING/ERMENEGILDO-ZAGNA-LEATHER-SHOES-627ED4D8BB593764F1EC4E66
ERMONN	ERMONN	poshmark.com	HTTPS://POSHMARK.COM/LISTING/ERMONN-WOMENS-FAUX-SUEDE-KNEE-HIGH-SIDE-ZIPPER-CHUNKY-HEEL-POINTED-TOE-BOOTS-7-67A14937BBFBEABCDDE87D3D
ESCATCH	ESCATCH	poshmark.com	HTTPS://POSHMARK.COM/LISTING/MEN-SWIM-TRUNKS-BY-ESCATCH-64E7F230FFB5D01F94F01D86
ESETAY	ESETAY	poshmark.com	HTTPS://POSHMARK.COM/LISTING/ESETAY-WHITE-LACE-BRA-WITH-GEM-ACCENT-SIZE-46105-ADJUSTABLE-STRAPS-HOOK-CLOSURE-667E036734D15651BCD906D6
ESGOFO	ESGOFO	poshmark.com	HTTPS://POSHMARK.COM/LISTING/RECHARGEABLE-FLASHLIGHTS-HIGH-LUMENS-LONG-RANGE-ESGOFO-HIGH-POWER-100000-LUMEN-64ADE9DFB635F8B81B8E3393
ESICOO	ESICOO	poshmark.com	HTTPS://POSHMARK.COM/LISTING/SMART-PLUG-ESICOO-ALEXA-ECHO-GOOGLE-HOME-ONLY-WIFI-24G-SET-OF-4-65D5158D3B982AE711CCE297
ESIXJS	ESIXJS	poshmark.com	HTTPS://POSHMARK.COM/LISTING/NIB-SMART-INTERACTIVE-CAT-CAR-TOY-66AD4B04C4B73A9D39A03E03
ESMULA	ESMULA	poshmark.com	HTTPS://POSHMARK.COM/LISTING/ESMULA-COCKTAIL-SHAKER-SET-NIB-62094FC32E8E44010E242C23
ESNAHOME	ESNAHOME	poshmark.com	HTTPS://POSHMARK.COM/LISTING/ESNA-HOME-PREMIUM-ALL-NATURAL-SCENTED-CANDLE-BLUE-AGAVE-WILD-NEROLI-6726F2AEBFD9A6ABED68BFB9
ESOLOM	ESOLOM	poshmark.com	HTTPS://POSHMARK.COM/LISTING/ESOLOM-WIREDSTEREO-GAMINGHEADSETONCABLE-MICROPHONEHEADPHONEEARPHONE-64F7721804166DCEE590B812
ESPLE	ESPLE	poshmark.com	HTTPS://POSHMARK.COM/LISTING/ESPLEE-BLOW-BRUSH-VOLUMIZING-DRYER-BRUSH-67C0A653B4EE5B5F8BDB3172
ESPLE	ESPLE	poshmark.com	HTTPS://POSHMARK.COM/LISTING/ESPLEE-HOT-N-STRAIGHT-HAIR-STRAIGHTENING-BRUSH-NEW-60CC341860FDED7D7C463CC6
ESPRLIA	ESPRLIA	poshmark.com	HTTPS://POSHMARK.COM/LISTING/ESPRLIA-BIKINI-SWIMSUIT-CACTUS-PRINT-SLING-FLYING-SWIMSUIT-TRIANGLE-2X-62634173AC9702D4A9B4DD01
ESPRLIA	ESPRLIA	poshmark.com	HTTPS://POSHMARK.COM/LISTING/ESPRLIA-WOMEN-2-PIECE-SWIMSUIT-TUMMY-CONTROL-WITH-BOY-SHORTS-V-NECK-TANK-TOP-65259BF732C1DCF871692ADC
ESRAN	ESRAN	poshmark.com	HTTPS://POSHMARK.COM/LISTING/MENS-ESRAN-HEATED-VEST-6671B8CADC8A4E2F6DC0A538
ESSENTIALLYGREENWOOD	ESSENTIALLYGREENWOOD	poshmark.com	HTTPS://POSHMARK.COM/LISTING/NIP-ESSENTIALLY-GREENWOOD-HYALURONIC-ACID-SERUM-BUNDLE-OF-TWO-6351E1B5046D74DAFA5A69B5
ESSEXWARES	ESSEXWARES	poshmark.com	HTTPS://POSHMARK.COM/LISTING/DRY-ERASE-HANDWRITING-PAPER-SHEETS-85-X-11-30-PACK-JUST-WRITE-WIPE-AWAY-66CC10500E51725A0595516F
ESSTIVE	ESSTIVE	poshmark.com	HTTPS://POSHMARK.COM/LISTING/ESSTIVE-BLACK-GRAY-SWEATS-662743DAC9AF8C973F7388C3
ESTCARBON	ESTCARBON	poshmark.com	HTTPS://POSHMARK.COM/LISTING/ESTCARBON-MORTONS-EXTENSION-CARBON-FIBER-RECOVERY-INSOLE-1-PC-43-US-MEN-11115-67971B8A580123D0A87E1BDE
ESTERNO	ESTERNO	poshmark.com	HTTPS://POSHMARK.COM/LISTING/AIR-JORDAN-ESTERNO-SNEAKER-5F0629CB800F648B01238EAA
ESTINE	ESTINE	poshmark.com	HTTPS://POSHMARK.COM/LISTING/ESTINE-MARY-JANE-FLATS-FOR-LITTLE-KIDS-TODDLER-GLITTERY-BALLET-SHOES-65A35BF0DFF94DCEBFDC7A15
ESYEST	ESYEST	poshmark.com	HTTPS://POSHMARK.COM/LISTING/ESYEST-2-SUPER-WIDE-PLATE-HAIR-STRAIGHTENER-FLAT-IRON-649481A9DBB0E7B5B57B82D3
ESYEST	ESYEST	poshmark.com	HTTPS://POSHMARK.COM/LISTING/ESYEST-2-SUPER-WIDE-PLATE-HAIR-STRAIGHTENER-649481A9DBB0E7B5B57B82D3
ETERISH	ETERISH	poshmark.com	HTTPS://POSHMARK.COM/LISTING/ETERISH-30-FUFFLY-ROUND-CALMING-DOG-BED-610B90D01801366947472704
ETEVON	ETEVON	poshmark.com	HTTPS://POSHMARK.COM/LISTING/ETEVON-THE-ETERNAL-VOGUE-WATCH-5E3BA2A69ED36DC88FD65418
ETEVON	ETEVON	poshmark.com	HTTPS://POSHMARK.COM/LISTING/ETEVON-INITIAL-N-BRACELET-GOLD-PLATED-64D32E577DFCC24C0B8F76AB
ETHNICEXPRESSIONS	ETHNICEXPRESSIONS	poshmark.com	HTTPS://POSHMARK.COM/LISTING/AFRICAN-AMERICAN-ART-5D360BCB9D3B78653D6EBB46
ETIAL	ETIAL	poshmark.com	HTTPS://POSHMARK.COM/LISTING/ETIAL-COLLECTION-WALLET-5E23509122BD7CD6CE75E56B
ETPARK	ETPARK	poshmark.com	HTTPS://POSHMARK.COM/LISTING/ETPARK-IPS-6172EE0D941F177AD78B07BF
ETTELO	ETTELO	poshmark.com	HTTPS://POSHMARK.COM/LISTING/ETTELO-GRAY-LEOPARD-PRINT-WIDE-LEG-DENIM-JEANS-PANTS-SIZE-12-COTTON-SPANDEX-69028A643FD8E77EDE069333
EUCALYPTUSORIGINS	EUCALYPTUSORIGINS	poshmark.com	HTTPS://POSHMARK.COM/LISTING/EUCALYPTUS-ORIGINS-KING-PILLOWCASES-61DB42B36F6C91F02DAFB7F7
EUDOLAH	EUDOLAH	poshmark.com	HTTPS://POSHMARK.COM/LISTING/EUDOLAH-MENS-HOODIE-HOODIE-SHARK-CAMO-PRINT-SWEATER-CASUAL-LOOSE-JACKET-ZIP-UP-6502851224237AE8BA200074
EUKI	EUKI	poshmark.com	HTTPS://POSHMARK.COM/LISTING/ANTITHEFT-DOORBELL-MOUNT-64CA99CF52EEE1D4C3A442D0
EUOVMY	EUOVMY	poshmark.com	HTTPS://POSHMARK.COM/LISTING/LONG-SLEEVE-LOOSE-MAXI-DRESS-WITH-POCKETS-610F2586800F64DA02BF0EB1
EUROPAFINELINENS	EUROPAFINELINENS	poshmark.com	HTTPS://POSHMARK.COM/LISTING/EUROPA-FINE-LINENS-IVORY-TEXTURED-STANDARD-SIZE-PILLOW-SHAM-EUC-6208E752463D4FE188AC161B
EUROPEANSOFTEST	EUROPEANSOFTEST	poshmark.com	HTTPS://POSHMARK.COM/LISTING/SLIPPERS-671284BC8E40FD21191AD806
EUROPEANSOFTEST	EUROPEANSOFTEST	poshmark.com	HTTPS://POSHMARK.COM/LISTING/EUROPEAN-SOFTEST-662AEF611CE6663E422C1B68
EUROPREP	EUROPREP	poshmark.com	HTTPS://POSHMARK.COM/LISTING/EUROPREP-62C3893760FDEDB6970E8505
EUROWARE	EUROWARE	poshmark.com	HTTPS://POSHMARK.COM/LISTING/EUROWARE-FRENCH-COFFEE-PRESS-STAINLESS-STEEL-65BD6C83253A8C9A0AC891C6
EVABABY	EVABABY	poshmark.com	HTTPS://POSHMARK.COM/LISTING/EVABABY-WOMENS-HALTERNECK-MICRO-THONG-BIKINI-2-PIECE-SWIMSUIT-MINI-TIE-SIDE-PU-684B3FC818D1C25CBB6F8570
EVABJD	EVABJD	poshmark.com	HTTPS://POSHMARK.COM/LISTING/EVA-BJD-22-INCH-DOLL-JOINTED-DOLL-PINK-HAIR-PARTY-DRESS-62192B665DFEB56A82AD4FEF
EVACH	EVACH	poshmark.com	HTTPS://POSHMARK.COM/LISTING/EVACH-ACTIVE-STYLUS-65AF317ADFF94DA3207FC0E2
EVAIFE	EVAIFE	poshmark.com	HTTPS://POSHMARK.COM/LISTING/EVAIFE-WHITE-BABY-SOUND-MACHINE-MAKER-WITH-PHONE-APP-CONTROL-RELAX-669535A074127165E5AD3D60
EVASTER	EVASTER	poshmark.com	HTTPS://POSHMARK.COM/LISTING/EVASTER-WHITE-AND-GOLD-PLACE-CARDS-67A8DA58D253F1C9ACBC5239
EVECASE	EVECASE	poshmark.com	HTTPS://POSHMARK.COM/LISTING/EVECASE-CAMERA-BAG-654BE383450B4244A39A5F2A
EVEDON	EVEDON	poshmark.com	HTTPS://POSHMARK.COM/LISTING/JOULES-EVEDON-NAVY-BLUE-TALL-RAIN-BOOTS-WITH-RED-BOWS-US-SZ-8-63DA94A5F644E50FCF75132B
EVEDON	EVEDON	poshmark.com	HTTPS://POSHMARK.COM/LISTING/NEW-JOULES-BLACK-EVEDON-RUBBER-WELLY-RAIN-BOOTS-62195B897F80D21EC38E87BF
EVELIE	EVELIE	poshmark.com	HTTPS://POSHMARK.COM/LISTING/EVELIE-SZ-M-DRESS-EUC-62110560AE766F883A7A8B56
EVENTRONIC	EVENTRONIC	poshmark.com	HTTPS://POSHMARK.COM/LISTING/WATCH-REPAIR-KIT-EVENTRONIC-PROFESSIONAL-WATCH-BATTERY-REPLACEMENT-TOOL-66C867FAA5BB34A838DD72AD
EVERDESIGN	EVERDESIGN	poshmark.com	HTTPS://POSHMARK.COM/LISTING/RED-FLARE-WIDE-LEG-PLUS-SIZE-BELL-BOTTOM-WOMENS-JEANS-SIZE-XXXL-671C30FA28E1E099EA7379F4
EVERFAVOR	EVERFAVOR	poshmark.com	HTTPS://POSHMARK.COM/LISTING/15COLOR-GLITTER-MAKEUP-PALETTE-EVERFAVOR-PIGMENTED-MATTE-EYESHADOW-PALETTE-646D3E70D90959EC7500D099
EVEROCEAN	EVEROCEAN	poshmark.com	HTTPS://POSHMARK.COM/LISTING/NEW-EVEROCEAN-SILICONE-LOAF-PAN-SUBWAY-HEATING-TRAY-12-PACK-BAKING-BREAD-6383396D4BC655AE517BBD89
EVERRICH	EVERRICH	poshmark.com	HTTPS://POSHMARK.COM/LISTING/EVERRICH-KNIFE-SET-6681B67AD90D214EDDC548BD
EVERSNUG	EVERSNUG	poshmark.com	HTTPS://POSHMARK.COM/LISTING/NEW-EVERSNUG-2-IN-1-TRAVEL-BLANKETPILLOW-663EED6113D681F0B4E38009
EVERTRACK	EVERTRACK	poshmark.com	HTTPS://POSHMARK.COM/LISTING/PUMA-EVERTRACK-SHOES-5C7C1025194DADADD45E9A4F
EVERYYAY	EVERYYAY	poshmark.com	HTTPS://POSHMARK.COM/LISTING/BUY-2-GET-1-FREE-EVERYYAY-GET-FRESH-WATERFALL-CLASSIC-PET-FOUNTAIN-65233E64DE6EDC4693DA45CD
EVGLOW	EVGLOW	poshmark.com	HTTPS://POSHMARK.COM/LISTING/EVGLOW-MENS-SNEAKER-WHITE-SZ-10-6245F13E3E732B5A9221E7ED
EVINTER	EVINTER	poshmark.com	HTTPS://POSHMARK.COM/LISTING/EVINTER-BLUE-SNEAKER-LIGHTWEIGHT-BREATHABLE-ATHLETIC-RUNNING-TENNIS-SIZE-10-6605FBE5AF7F4796468BCB9D
EVIRA	EVIRA	poshmark.com	HTTPS://POSHMARK.COM/LISTING/CLUB-MONACO-EVIRA-PLAID-FRILL-TOP-625A02B0463D4F26F7CD26E0
EVISWIY	EVISWIY	poshmark.com	HTTPS://POSHMARK.COM/LISTING/EVISWIY-12-IN-CUTTING-MATS-PACK-OF-4-626DCCC1800F646FBE5053E7
EVLAS	EVLAS	poshmark.com	HTTPS://POSHMARK.COM/LISTING/EVLAS-LARGE-UV-LIGHT-SANITIZER-BOX-60E9E351941F170A0011E44F
EVLAS	EVLAS	poshmark.com	HTTPS://POSHMARK.COM/LISTING/EVLAS-BABY-FOOD-MAKER-64BD746ABD66CDCD42F50D62
EVOCEL	EVOCEL	poshmark.com	HTTPS://POSHMARK.COM/LISTING/BRAND-NEW-EVOCEL-PHONE-CASE-6439B8FBDBB0E7FC04D1E293
EVOFLY	EVOFLY	poshmark.com	HTTPS://POSHMARK.COM/LISTING/EVOFLY-WHISKEY-SET-66B17F4FCE7065DAC1FEDE23
EVOFLY	EVOFLY	poshmark.com	HTTPS://POSHMARK.COM/LISTING/WHISKEY-SET-642C86BA2FBF1A89579B6FE5
EVOFLY	EVOFLY	poshmark.com	HTTPS://POSHMARK.COM/LISTING/EVOFLY-WOODEN-WHISKEY-SET-BOX-67FACCFAFF0320CB30F77C02
EVOFLY	EVOFLY	poshmark.com	HTTPS://POSHMARK.COM/LISTING/EVOFLY-WOODEN-FINEST-WHISKEY-BOX-GIFT-SET-MISSING-STONES-66AB26B714D7A6BFBEF8FB09
EVOLATREE	EVOLATREE	poshmark.com	HTTPS://POSHMARK.COM/LISTING/EVOLATREE-MICROFIBER-HAIR-TOWEL-WET-HAIR-WRAP-TURBANS-660D7803DFF94DC05404093C
EVOLVEBY2XIST	EVOLVEBY2XIST	poshmark.com	HTTPS://POSHMARK.COM/LISTING/EVOLVE-BY-2XIST-BRIEF-615E06BA180136379554F231
EVORO	EVORO	poshmark.com	HTTPS://POSHMARK.COM/LISTING/EVORO-NUT-MILK-MAKER-MACHINE-6727FF54D90D21F5FCE32310
EVRIFIT	EVRIFIT	poshmark.com	HTTPS://POSHMARK.COM/LISTING/NWT-EVRIFIT-YOGA-GRIP-MAT-TOWEL-6254DB2CE97E488861ABD650
EVRIFIT	EVRIFIT	poshmark.com	HTTPS://POSHMARK.COM/LISTING/NWT-EVRIFIT-YOGA-TOWEL-635D5F64F8C5DA9669697029
EVRIFIT	EVRIFIT	poshmark.com	HTTPS://POSHMARK.COM/LISTING/FITNESS-PILATES-RING-NEW-BLACK-COLOR-6266BEA7CB692C53AF3958C3
EVRIFIT	EVRIFIT	poshmark.com	HTTPS://POSHMARK.COM/LISTING/CORK-YOGA-BLOCK-SET-OF-2-61FED113920786AE42BC996F
EVUIME	EVUIME	poshmark.com	HTTPS://POSHMARK.COM/LISTING/EVUIME-DOG-TRAINING-COLLAR-WITH-REMOTE-SHOCK-COLLAR-3-TRAINING-MODES-WATERPROOF-6702D2E51546007FCC640F8A
EXCALIBURELECTRONIC	EXCALIBURELECTRONIC	poshmark.com	HTTPS://POSHMARK.COM/LISTING/EXCALIBUR-TOUCH-SCREEN-HANDHELD-SOLITAIRE-TESTED-WORKING-6914A689D909598A40C61439
EXCELPURE	EXCELPURE	poshmark.com	HTTPS://POSHMARK.COM/LISTING/EXCELPURE-REPLACEMENT-REFRIGERATOR-WATER-FILTER-EPLT600P-FOR-LG-KENMORE-NEW-64FB158C83CBEC52DE5E8FBF
EXCELVAN	EXCELVAN	poshmark.com	HTTPS://POSHMARK.COM/LISTING/EXCELVAN-MINI-LED-PROJECTOR-66CBB88CE2AC0CD4ED85C4C9
EXCEPTIONALSHEETS	EXCEPTIONALSHEETS	poshmark.com	HTTPS://POSHMARK.COM/LISTING/EXCEPTIONALSHEETS-RAYON-FROM-BAMBOO-MATTRESS-PAD-WITH-FITTED-SKIRT-KING-66C1A2FBC4B73A328FE86F99
EXCITINGLIGHTING	EXCITINGLIGHTING	poshmark.com	HTTPS://POSHMARK.COM/LISTING/EXCITING-LIGHTING-LEDS-WALL-SCONCE-BATT-3-PATTERN-66576B9549D8D8BB1E823B8F
EXCLUSIVELYOURS	EXCLUSIVELYOURS	poshmark.com	HTTPS://POSHMARK.COM/LISTING/625THREADCOUNT-QUEEN-FULL-100-COTTON-DUVET-COVER-SET-620014705462C3DC1830D663
EXFIT	EXFIT	poshmark.com	HTTPS://POSHMARK.COM/LISTING/EXFIT-POWERFUL-SOUND-67C63ABAFE7E2C641882E86A
EXIOTY	EXIOTY	poshmark.com	HTTPS://POSHMARK.COM/LISTING/ALEXA-SMART-PLUG-EXIOTY-VOICEAPP-ACTIVATED-6413990117FB4B39747DDC82
EXPERCITY	EXPERCITY	poshmark.com	HTTPS://POSHMARK.COM/LISTING/EXPER-CITY-WATCH-BOX-WATCH-CASE-FOR-MEN-WOMEN-WITH-LARGE-GLASS-LID-NEW-IN-BOX-65B0CCD3932A8A771CC7A299
EXPLORATOY	EXPLORATOY	poshmark.com	HTTPS://POSHMARK.COM/LISTING/EXPLORATOY-GEO-SAFARI-WORLD-TALKING-GLOBE-63968A4ECBDA4757B11F3B77
EXPOPROX	EXPOPROX	poshmark.com	HTTPS://POSHMARK.COM/LISTING/EXPOPROX-WEARABLE-GEL-WRIST-PADS-669275D4E825D172C558B52B
EXSNUGY	EXSNUGY	poshmark.com	HTTPS://POSHMARK.COM/LISTING/EXSNUGY-WASHABLE-DOG-BED-MAT-REVERSIBLE-DOG-CRATE-42-IN-GREY-NIB-DETAILS-300GS-666579CFFEE468FDD980FEB0
EXTREMUS	EXTREMUS	poshmark.com	HTTPS://POSHMARK.COM/LISTING/EXTREMUS-MENS-WALLET-SLIM-TACTICAL-WALLET-W-MONEY-CLIP-AND-CREDIT-CARD-HOLDER-6660AA12896C386C783627B5
EYOBE	EYOBE	poshmark.com	HTTPS://POSHMARK.COM/LISTING/EYOBE-HAIR-WAVER-6237833E9C3378F5BD03E2B2
EYOBE	EYOBE	poshmark.com	HTTPS://POSHMARK.COM/LISTING/NIB-EYOBE-3-BARREL-CURLING-IRON-62F7BE15DBB0E711A6A603F1
EZEAR	EZEAR	poshmark.com	HTTPS://POSHMARK.COM/LISTING/BRAND-NEW-EZEAR-TWS-50-WIRELESS-EARPHONES-YOUR-AUDIO-MUSTHAVE-68537771A9A4484F88D0D587
EZFORT	EZFORT	poshmark.com	HTTPS://POSHMARK.COM/LISTING/EZFORT-CONSTRUCTION-TOY-FORT-BUILDING-SYSTEM-KIDS-WITH-54-PIECES-6753EB26A6BB765A489D3BA4
EZIUSE	EZIUSE	poshmark.com	HTTPS://POSHMARK.COM/LISTING/NEW-SHIATSU-BACK-SHOULDER-AND-NECK-MASSAGE-5E90EB7BED2F3FE647EDDE4D
EZKRWXN	EZKRWXN	poshmark.com	HTTPS://POSHMARK.COM/LISTING/EZKRWXN-SNEAKERS-ATHLETIC-TENNIS-WALKING-FASHIONSPORT-RUNNING-SHOES-672DB46782DCEB4DFE2508BF
EZKRWXN	EZKRWXN	poshmark.com	HTTPS://POSHMARK.COM/LISTING/EZKRWXN-WOMENSPORT-RUNNING-SHOES-648B1F482FD49A690EAF02F5
EZLUX	EZLUX	poshmark.com	HTTPS://POSHMARK.COM/LISTING/EZLUX-DEATH-TRAY-68276AAF178627FCFD126112
EZONA	EZONA	poshmark.com	HTTPS://POSHMARK.COM/LISTING/EZONA-ELECTRIC-HEATED-EYE-MASK-NEW-677480AD14D7A6DC3E8E19CA
EZPET	EZPET	poshmark.com	HTTPS://POSHMARK.COM/LISTING/NEW-EZPET-ADJUSTABLE-HARNESSES-FOR-DOGS-5EE41CB4E13164463D03B766
EZPOCKETS	EZPOCKETS	poshmark.com	HTTPS://POSHMARK.COM/LISTING/EZ-POCKETS-PIE-AND-POCKET-PAN-SET-67E2C63D147B9893FBBA3967
EZYKOO	EZYKOO	poshmark.com	HTTPS://POSHMARK.COM/LISTING/BLING-LICENSE-PLATE-FRAME-657AB38FF644E59BA42D908A
EZYWEAR	EZYWEAR	poshmark.com	HTTPS://POSHMARK.COM/LISTING/EZYWEAR-BLACK-AND-BRONZE-LIGHTWEIGHT-WALKING-SHOES-SIZE-9-66DB9ECD9D05C4AFA3CA1B1B
EZYWEAR	EZYWEAR	poshmark.com	HTTPS://POSHMARK.COM/LISTING/EZYWEAR-SLIP-ON-TENNIS-SHOES-616C5134EFD0E4ADF6F5E01E
FABBAY	FABBAY	poshmark.com	HTTPS://POSHMARK.COM/LISTING/FABBAY-SWIMMING-GOGGLES-8-PACK-NOSE-CLIPS-EAR-PLUGS-BLACK-RED-GREEN-PINK-GIFTS-693373EAAC1B04AE5B24C0DF
FABFEET	FABFEET	poshmark.com	HTTPS://POSHMARK.COM/LISTING/FAB-FEET-BALL-OF-FOOT-CUSHIONS-BLACK-3-PACK-63F804437DFCC204F73DB95A
FABFEET	FABFEET	poshmark.com	HTTPS://POSHMARK.COM/LISTING/NEW-FAB-FEET-BY-FOOT-PETALS-SOCKFREE-INSOLES-63B3817D8D7A3C2568364843
FABFEETBYFOOTPETALS	FABFEETBYFOOTPETALS	poshmark.com	HTTPS://POSHMARK.COM/LISTING/FAB-FEET-BY-FOOT-PETALS-HEEL-CUSHIONS-62819AE55D7F87727E217094
FABHAB	FABHAB	poshmark.com	HTTPS://POSHMARK.COM/LISTING/FABHAB-BURLAP-MATRUG-CARRIER-STORAGE-BAG-SACK-6136B96AC936AFA3BC01FAEA
FABIOFABRINI	FABIOFABRINI	poshmark.com	HTTPS://POSHMARK.COM/LISTING/FABIO-FABRINI-MENS-CHARCOAL-GRAY-SLIM-SHORT-SUIT-JACKET-SIZE-38-SKU-502-653A4AF4FED51FC5514B3184
FABIOFABRINI	FABIOFABRINI	poshmark.com	HTTPS://POSHMARK.COM/LISTING/RED-MENS-SUIT-JACKET-AND-VEST-67BC869B896C38234ADF627D
FABLEWARE	FABLEWARE	poshmark.com	HTTPS://POSHMARK.COM/LISTING/FABLEWARE-AUTOMATIC-LIQUID-SOAP-DISPENCER-NIB-WALL-MOUNT-HAND-SANITIZER-DISPENSE-649DBE1C72F45FB86F510F35
FABNY	FABNY	poshmark.com	HTTPS://POSHMARK.COM/LISTING/FABNY-PLUSH-PIGGY-BANK-SOFT-HUGGABLE-JUMBO-PINK-663679FE375218BABFDACFFC
FABRICTECH	FABRICTECH	poshmark.com	HTTPS://POSHMARK.COM/LISTING/0520-FABRICTECH-MATTRESS-PROTECTOR-6287917D7EC30CA8CCB52078
FABRICTECHINTERNATIONAL	FABRICTECHINTERNATIONAL	poshmark.com	HTTPS://POSHMARK.COM/LISTING/FABRICTECH-INTERNATIONAL-SCULPTED-MEMORY-FOAM-PILL-60FEB41E60FDEDDF98AC5A1C
FABUDAY	FABUDAY	poshmark.com	HTTPS://POSHMARK.COM/LISTING/FABUDAY-TRAVEL-PILLOW-MEMORY-FOAM-HEAD-NECK-SUPPORT-AIRPLANE-PILLOW-BLUE-66FCC5B50841B92CAB552B35
FACELYFT	FACELYFT	poshmark.com	HTTPS://POSHMARK.COM/LISTING/FACELYFT-BRAND-PILLOW-NEW-67D5BE17E48E861BFC8BB586
FACEMADE	FACEMADE	poshmark.com	HTTPS://POSHMARK.COM/LISTING/NEW-FACEMADE-6-PIECES-FACE-POWDER-PUFF-WITH-CASE-66DBD549D90D21E04DFBA88B
FACHIXY	FACHIXY	poshmark.com	HTTPS://POSHMARK.COM/LISTING/WIRED-GAMING-HEADSET-65C0180724237A51A5C57944
FADACHY	FADACHY	poshmark.com	HTTPS://POSHMARK.COM/LISTING/FADACHY-CLASSIC-FEDORA-HATS-FOR-MEN-WOMENS-WIDE-BRIM-FELT-HAT-RED-W-FEATHERS-646CF6964BF9FFFFB169114C
FADERIC	FADERIC	poshmark.com	HTTPS://POSHMARK.COM/LISTING/FADERIC-SERRATED-8-STEAK-KNIVES-SET-BLACK-FULL-TANG-TRIPLE-RIVET-45-BLADE-NEW-6681FD5DCE70657244E8B7EF
FADSHOW	FADSHOW	poshmark.com	HTTPS://POSHMARK.COM/LISTING/FADSHOW-WINTER-THICKENED-DOWN-JACKER-LONG-DOWN-COATS-WARM-PARKA-WITH-HOOD-61BD2146FFBA94A2C1F40006
FAHZON	FAHZON	poshmark.com	HTTPS://POSHMARK.COM/LISTING/FAHZON-INVISIBLE-STICKY-RABBIT-EARS-STICK-ON-BRA-2-PK-REUSABLE-SIZE-L-DE-CUP-6561768D2FBF1AC3560B61E8
FAICUK	FAICUK	poshmark.com	HTTPS://POSHMARK.COM/LISTING/FAICUK-ELECTRONIC-MOSQUITO-ZAPPER-RACKET-63442ECCACB9F5960A4D3021
FAIRFIELDSQUARE	FAIRFIELDSQUARE	poshmark.com	HTTPS://POSHMARK.COM/LISTING/FAIRFIELD-SQUARE-COLLECTION-COMFORTER-6593FC3534E2535FB96F54AA
FAIRYLANDCUTIES	FAIRYLANDCUTIES	poshmark.com	HTTPS://POSHMARK.COM/LISTING/FAIRY-LAND-CUTIES-BLUE-SURPRISE-FAIRIES-667DEA0B82DCEBC291604689
FAIRYMEI	FAIRYMEI	poshmark.com	HTTPS://POSHMARK.COM/LISTING/WINE-POLKA-DOT-JUMPSUIT-608B3B5FAC970285ED4DC431
FALEBARE	FALEBARE	poshmark.com	HTTPS://POSHMARK.COM/LISTING/BRAND-NEW-WIRELESS-HEADPHONES-67B29CC615AD54D7E46B4F7B
FAMARINE	FAMARINE	poshmark.com	HTTPS://POSHMARK.COM/LISTING/FAMARINE-BIG-DISC-DROP-EARRINGS-GOLD-DANGLE-EARRINGS-ROUND-HAMMERED-EARRINGS-63D275F1046D749DB9224EE9
FAMIKAKO	FAMIKAKO	poshmark.com	HTTPS://POSHMARK.COM/LISTING/FAMIKAKO-DOG-EAR-MUFFS-NOISE-PROTECTION-LARGE-WHITEPINK-68339C1D2C9E444AEDC71673
FAMIWORTHS	FAMIWORTHS	poshmark.com	HTTPS://POSHMARK.COM/LISTING/FAMIWORTH-COFFEE-MAKER-66785180BFD9A69B76A66561
FAMIWORTHS	FAMIWORTHS	poshmark.com	HTTPS://POSHMARK.COM/LISTING/FAMIWORTHS-STORESINGLE-SERVE-COFFEE-MAKER-6265C1E209D760FDB1731FAA
FAMJAMS	FAMJAMS	poshmark.com	HTTPS://POSHMARK.COM/LISTING/HOLIDAY-FAMJAMS-KIDS-UNISEX-MATCHING-FAMILY-PAJAMAS-2-PIECE-SET-652EDD60F62533FD42F23289
FAMLOVE	FAMLOVE	poshmark.com	HTTPS://POSHMARK.COM/LISTING/FAMLOVE-4-IN-1-HAIR-TOOL-62913650E1316425478E3218
FAMOUSHOMEFASHIONS	FAMOUSHOMEFASHIONS	poshmark.com	HTTPS://POSHMARK.COM/LISTING/ELEGANTIA-JOYCE-POLYESTER-TABLECLOTH-606540BF1460BBB4702F7720
FAMOUSHOMEFASHIONS	FAMOUSHOMEFASHIONS	poshmark.com	HTTPS://POSHMARK.COM/LISTING/FAMOUS-HOME-FASHIONS-FABRIC-SHOWER-CURTAIN-65342172382DB8908C374EBB
FANBX	FANBX	poshmark.com	HTTPS://POSHMARK.COM/LISTING/FANBX-SILVER-TENT-PEGS-67E878A4B09B7C029A3DF660
FANCYDELI	FANCYDELI	poshmark.com	HTTPS://POSHMARK.COM/LISTING/ANVN-FANCYDELI-BOW-NECKLACE-63DF12744BC65528AB15ACDD
FANCYDELI	FANCYDELI	poshmark.com	HTTPS://POSHMARK.COM/LISTING/FANCYDELI-CIRCLE-CRYSTALS-ROSE-GOLD-BRACELET-5FB9BB92FF7C5ACA01085516
FANCYDELI	FANCYDELI	poshmark.com	HTTPS://POSHMARK.COM/LISTING/FANCYDELI-ROSE-GOLD-NECKLACE-5F1DD25F941F1747692E1198
FANFLY	FANFLY	poshmark.com	HTTPS://POSHMARK.COM/LISTING/TOP-61732A8FCB23AA0506D52E87
FANJU	FANJU	poshmark.com	HTTPS://POSHMARK.COM/LISTING/FANJU-FJ3356-DIGITAL-THERMOMETER-HYGROMETER-WEATHER-STATION-WIRELESSBLACK-66C5FD1E1B40A7D7FA3FB93A
FANLOCN	FANLOCN	poshmark.com	HTTPS://POSHMARK.COM/LISTING/FANLOCN-BOTTLE-CAP-SEALER-INDUCTION-SEALING-MACHINE-655C0B6A8634CB3B6EBF7A7B
FANNEL	FANNEL	poshmark.com	HTTPS://POSHMARK.COM/LISTING/FANNEL-61BA91B460FDED5DAD707A48
FANSING	FANSING	poshmark.com	HTTPS://POSHMARK.COM/LISTING/FANSING-6PCSSURGICAL-STEELTITANIUM-NOSESTUDS-FOR-WOMEN-NOSTRIL-PIERCING-65D9754D7321B0116D5D72B3
FANTASDECOR	FANTASDECOR	poshmark.com	HTTPS://POSHMARK.COM/LISTING/FANTASDECOR-NATURAL-COLOR-LINEN-SHEER-CURTAINS-96-INCH-LENGTH2-PANEL-SETS-67097510C9AF8C7EEA84D1FD
FANTELI	FANTELI	poshmark.com	HTTPS://POSHMARK.COM/LISTING/FANTELI-LED-CAR-HEADLIGHTS-6438C795F644E57EF074D0CE
FANYE	FANYE	poshmark.com	HTTPS://POSHMARK.COM/LISTING/MENS-FANYE-STORE-LONG-SLEEVE-GRAPHIC-HOODIE-XL-NWOT-6313D64E6F53A671514C4E9A
FARAER	FARAER	poshmark.com	HTTPS://POSHMARK.COM/LISTING/FARAER-ULTRA-FINE-GARDEN-MESH-NETTING-PLANT-COVERS-8X24-GARDEN-NETTING-68B48760721F58D734DBCE37
FARANZI	FARANZI	poshmark.com	HTTPS://POSHMARK.COM/LISTING/MEN-SHOES-5F81C537800F64AAE1F3FCFD
FARASLA	FARASLA	poshmark.com	HTTPS://POSHMARK.COM/LISTING/FARASLA-WATERPROOF-TRUNK-ORGANIZER-WITH-INSULATED-LEAKPROOF-COOLER-BAG-FOLDABLE-64A76CB9943DDBE70B4C37F0
FARMLYNCREEK	FARMLYNCREEK	poshmark.com	HTTPS://POSHMARK.COM/LISTING/FARMLYN-CREEK-4PACK-GREY-WICKER-STORAGE-BASKETS-WITH-LINERS-63DDB1AF83CBEC21D49EC6EF
FARRIDORO	FARRIDORO	poshmark.com	HTTPS://POSHMARK.COM/LISTING/FARRIDORO-WOOL-BLANKETS-AND-THROWS-51INCHES-WITH-67INCHES-6185DA6B9C3378F4EC2077E7
FASBRUY	FASBRUY	poshmark.com	HTTPS://POSHMARK.COM/LISTING/FASBRUY-IPL-HAIR-REMOVAL-SYSTEM-661FAF63775CAF66728F1DD5
FASHARE	FASHARE	poshmark.com	HTTPS://POSHMARK.COM/LISTING/NUDE-HEELS-6379539383CBEC58E11E4E82
FASHGL	FASHGL	poshmark.com	HTTPS://POSHMARK.COM/LISTING/WOMENS-THANKSGIVING-MATERNITY-SHIRT-677C8BC4F9927C2BC4E0AA0E
FASHMADE	FASHMADE	poshmark.com	HTTPS://POSHMARK.COM/LISTING/FASHMADE-50KIT-GOLD-WEDDING-INVITATIONS-WITH-RSVP-CARDS-AND-ENVELOPES-65010DAFEBA4C455536FD9E2
FASISA	FASISA	poshmark.com	HTTPS://POSHMARK.COM/LISTING/FASISA-CHRISTMAS-TREE-TABLECLOTH-RED-WHITE-RECTANG-5E15E4FFFE19C77346D5E794
FASKER	FASKER	poshmark.com	HTTPS://POSHMARK.COM/LISTING/FASKER-MENS-SUSPENDERS-XBACK-WIDE-ADJUSTABLE-SOLID-STRAIGHT-HEAVY-DUTY-CLIP-67B0AB7334E984F18861D6E6
FASRYKOC	FASRYKOC	poshmark.com	HTTPS://POSHMARK.COM/LISTING/NAVY-HOODED-BLAZER-WITH-FAUX-FUR-TRIM-6819839BF6035A78AAA237CC
FASTAND	FASTAND	poshmark.com	HTTPS://POSHMARK.COM/LISTING/LULULEMON-FASTAND-FREE-HIGHRISE-CHARTREUSE-SIZE-6-65FA3493F644E5368C99BD39
FASTHOMEGOODS	FASTHOMEGOODS	poshmark.com	HTTPS://POSHMARK.COM/LISTING/GRAY-WALL-MOUNT-STEEL-VERTICAL-FILE-HOLDER-RACK-10-SECTIONAL-MODULAR-DESIGN-663D22098FA207A35B2CE63E
FATORK	FATORK	poshmark.com	HTTPS://POSHMARK.COM/LISTING/FATORK-MINI-PROJECTOR-66D7C81772F45F1C2973D3A3
FAVOFIT	FAVOFIT	poshmark.com	HTTPS://POSHMARK.COM/LISTING/FAVOFIT-ORANGE-AND-BLUE-WATER-BOTTLE-68729C802C9E446646103FBE
FAVORMATES	FAVORMATES	poshmark.com	HTTPS://POSHMARK.COM/LISTING/FAVORMATES-IPAD-KEYBOARD-NOTEBOOK-FITS-925X625-ROSEGOLD-LIGHT-UP-KEYBOARD-66B4B33358012389480C4999
FAVORMATES	FAVORMATES	poshmark.com	HTTPS://POSHMARK.COM/LISTING/FAVORMATES-MX3-PRO-AIR-MOUSE-REMOTE-CONTROL-CLEANED-AND-TESTED-679FC3B4F33F71B6B0C9B071
FCHO	FCHO	poshmark.com	HTTPS://POSHMARK.COM/LISTING/GLASS-SUCTION-CUPS-645C56B4DBB0E74DE265C0C6
FCHO	FCHO	poshmark.com	HTTPS://POSHMARK.COM/LISTING/FCHO-GLASS-SUCTION-CUPS-6664F0BD206847568F473C7E
FCOREEY	FCOREEY	poshmark.com	HTTPS://POSHMARK.COM/LISTING/FCOREEY-RC-CAR-114-SCALE-6351D46887A2F5CEB81AE94F
FCYSY	FCYSY	poshmark.com	HTTPS://POSHMARK.COM/LISTING/HAIR-CUTTING-SCISSORS-THINNING-SHEARS-FCYSY-PROFESSIONAL-BARBER-SHARP-SCISSORS-6705E3253EDDEB2122056E8C
FDBTL	FDBTL	poshmark.com	HTTPS://POSHMARK.COM/LISTING/FDBTL-BABY-SOFT-SPOUT-SIPPY-CUPS-LEARNER-CUP-FOR-TODDLERS-INFANT-PINK-9OZ-628D9D15008B99393259D4BE
FDCELIGOO	FDCELIGOO	poshmark.com	HTTPS://POSHMARK.COM/LISTING/FDCELIGOO-DOG-TRAINING-SHOCK-COLLAR-2600FT-RANGE-NO-BARKING-MODE-W-REMOTE-NIB-6674917E9D05C4EE2A6092D5
FDJASGY	FDJASGY	poshmark.com	HTTPS://POSHMARK.COM/LISTING/FDJASGY-SMALL-DOG-SLING-CAT-CARRIER-SLING-63BA0C8AACF462BB128FA115
FDPBY	FDPBY	poshmark.com	HTTPS://POSHMARK.COM/LISTING/FDPBY-CHROME-PENDANT-LIGHTING-MODERN-PENDANT-LIGHT-1-PACK-653C199824237AC1F2DE3969
FEABASK	FEABASK	poshmark.com	HTTPS://POSHMARK.COM/LISTING/FEABASK-EH07-COMPUTER-HEADSET-NOISECANCELLING-MICROPHONE-PC-LAPTOP-IPHONE-NIB-65F383D772F45F1BE2CB0529
FEAGER	FEAGER	poshmark.com	HTTPS://POSHMARK.COM/LISTING/DARK-CORAL-FESTIVAL-CROP-TOP-BRA-63BDF8B73B982A2560B3323A
FEARWIKY	FEARWIKY	poshmark.com	HTTPS://POSHMARK.COM/LISTING/MINI-PROJECTOR-WITH-WIFI-6-AND-BLUETOOTH-4K-1080P-SUPPORT-PORTABLE-PROJECTOR-6761E8E4198524AB96DA46F3
FEATHERSTEP	FEATHERSTEP	poshmark.com	HTTPS://POSHMARK.COM/LISTING/VINTAGE-SLIPPERS-55CFA1554C531007D3005C97
FECBK	FECBK	poshmark.com	HTTPS://POSHMARK.COM/LISTING/FECBK-40OZ-INSULATED-TUMBLER-WITH-HANDLE-67A0FA89C38372B534332D17
FECIHOR	FECIHOR	poshmark.com	HTTPS://POSHMARK.COM/LISTING/FECIHOR-BOHO-KNOTLESS-BRAIDED-WIG-COLOR-1B-6730E4F607AC55F5431E93D8
FEDEMER	FEDEMER	poshmark.com	HTTPS://POSHMARK.COM/LISTING/LAPTOP-6415D43BF85C85ABC62AECAB
FEDOM	FEDOM	poshmark.com	HTTPS://POSHMARK.COM/LISTING/GIORGIO-FEDOM-BLACK-LEATHER-CARD-CASE-LEATHER-GOODS-663F603BD7CF297F2DBC2945
FEEKO	FEEKO	poshmark.com	HTTPS://POSHMARK.COM/LISTING/WHITE-QUEEN-4-PIECE-SHEET-SET-68FD4E21006E433C852820B1
FEETLU	FEETLU	poshmark.com	HTTPS://POSHMARK.COM/LISTING/FEETLU-YOGA-MAT-656130C8FB7304108E5C0E06
FEHROMINGER	FEHROMINGER	poshmark.com	HTTPS://POSHMARK.COM/LISTING/AIRBRUSH-KIT-WITH-COMPRESSOR-30PSI-663D90951546001C8E48D7E1
FEHROMINGER	FEHROMINGER	poshmark.com	HTTPS://POSHMARK.COM/LISTING/PROFESSIONAL-AIR-BRUSH-KIT-WITH-COMPRESSOR-PORTABLE-CORDLESS-AIRBRUSH-OPEN-BOX-67C240249CEAF7C6FCF1966F
FEIDU	FEIDU	poshmark.com	HTTPS://POSHMARK.COM/LISTING/FEIDU-SUNGLASSES-644750A74BF9FFD0B4B6203A
FEIDUSUN	FEIDUSUN	poshmark.com	HTTPS://POSHMARK.COM/LISTING/FEIDUSUN-SUNGLASSES-MEN-POLARIZED-SUNGLASSES-FOR-MENS-AND-WOMENSBLACK-RETRO-640035849D619493E46F0AAB
FEIERSI	FEIERSI	poshmark.com	HTTPS://POSHMARK.COM/LISTING/FEIERSI-SWEATER-LONG-SLEEVE-LOOSE-VNECK-PULLOVER-KNIT-S-65B313264BC655DFC106CD67
FEIERYA	FEIERYA	poshmark.com	HTTPS://POSHMARK.COM/LISTING/FEIER-AUTOMATIC-2-DECK-CARD-SHUFFLERNIB-689A9FB6B7F0ACF31DB0641B
FEIGO	FEIGO	poshmark.com	HTTPS://POSHMARK.COM/LISTING/DESK-MUG-WARMER-5E1BE8D7FE19C787E2165DFC
FEIQIAOSH	FEIQIAOSH	poshmark.com	HTTPS://POSHMARK.COM/LISTING/WOMENS-LEATHER-GLOVES-5DAFDD958D653DD7C6F430A2
FEIQIAOSH	FEIQIAOSH	poshmark.com	HTTPS://POSHMARK.COM/LISTING/BLACK-LEATHER-GLOVES-FEIQIAOSH-638AC49FA0E6C6FED4108FD0
FEIRDIO	FEIRDIO	poshmark.com	HTTPS://POSHMARK.COM/LISTING/BIG-FEIRDIO-BLACK-SUNGLASSES-WITH-RHINESTONES-5B441A8C9FE486CD000564D1
FEIVO	FEIVO	poshmark.com	HTTPS://POSHMARK.COM/LISTING/FEIVO-WOMENS-POWER-FLEX-YOGA-PANTS-63803DD61741BE1D9FE4541D
FEIYOLD	FEIYOLD	poshmark.com	HTTPS://POSHMARK.COM/LISTING/BLUE-LIGHT-BLOCKING-GLASSES-WOMENMEN-FOR-COMPUTER-USE-2-PACK-631595527099BFE2FA605D91
FEIYOUNG	FEIYOUNG	poshmark.com	HTTPS://POSHMARK.COM/LISTING/FEIYOUNG-WOMENSSEXY-STRAPLESS-LONG-PANT-JUMPSUIT-648B3460F51A0F1A2044FD7F
FELEMAN	FELEMAN	poshmark.com	HTTPS://POSHMARK.COM/LISTING/FELEMAN-PORTABLE-CD-PLAYERSPEAKER-BLUETOOTH-RECHARGEABLE-WALL-MOUNT-FM-6529E5078BB2E2B105A28411
FELIBEACO	FELIBEACO	poshmark.com	HTTPS://POSHMARK.COM/LISTING/FELIBEACO-COFFEE-MUG-WARMER-SET-FOR-DESK-677A8385C383723E30814980
FELICIGEELY	FELICIGEELY	poshmark.com	HTTPS://POSHMARK.COM/LISTING/NEW-FELICIGEELY-CREW-SOCKS-6-PAIR-CUSHIONED-ATHLETIC-SOCKS-MEN-SZ-912-68937A2DCB25E9282F9A8D46
FELTLIKESHARING	FELTLIKESHARING	poshmark.com	HTTPS://POSHMARK.COM/LISTING/FELT-LIKE-SHARING-BOARD-LETTERBOARD-WITH-LETTERS-AND-STAND-66CA7CC7694D724D75E01DEB
FELTLIKESHARING	FELTLIKESHARING	poshmark.com	HTTPS://POSHMARK.COM/LISTING/PINK-FELT-LETTER-BOARD-WITH-WHITE-LETTERS-6896BA75310F1CF80D7BBF87
FEMAGIQUE	FEMAGIQUE	poshmark.com	HTTPS://POSHMARK.COM/LISTING/FEMAGIQUE-SILICONE-GEL-BRA-INSERTS-PUSH-UP-BREAST-CUPS-CLEAVAGE-ENHANCERS-PADS-M-68922277DFF1F126DE1D9025
FEMIRO	FEMIRO	poshmark.com	HTTPS://POSHMARK.COM/LISTING/NWT-FEMIRO-HOME-WAXING-KIT-627F26157028EC21F0637AC0
FEMIRO	FEMIRO	poshmark.com	HTTPS://POSHMARK.COM/LISTING/FEMIRO-HOME-WAXING-KIT-NEW-647D297A4BC655AEB558C716
FEMIVO	FEMIVO	poshmark.com	HTTPS://POSHMARK.COM/LISTING/FEMIVO-4K-DIGITAL-CAMERA-BRAND-NEWINCLUDES-CORDS-BATTERY-EVERYTHING-6650BC5B014648E02A100949
FEMSTEP	FEMSTEP	poshmark.com	HTTPS://POSHMARK.COM/LISTING/ELEGANT-BLACK-WOMENS-FLATS-6828ECB7B09B7CD867585090
FENBAO	FENBAO	poshmark.com	HTTPS://POSHMARK.COM/LISTING/MESH-JACQUARD-PANTYHOSE-SZ-L-5A42BABBA44DBE92C9064C5A
FENBAO	FENBAO	poshmark.com	HTTPS://POSHMARK.COM/LISTING/FENBAO-WOMEN-MESH-JACQUARD-PANTYHOSE-BLACK-ONE-SIZE-6402-67784281B9BD744CFED4DC4F
FENELY	FENELY	poshmark.com	HTTPS://POSHMARK.COM/LISTING/KNITTED-HATS-62F699C0308F075A7410307E
FENGPAI	FENGPAI	poshmark.com	HTTPS://POSHMARK.COM/LISTING/FENGPAI-BROWN-FULLZIP-RAIN-COAT-WOMENS-SIZE-XLARGE-6723BB4BB2780C508FDF8809
FENGPAI	FENGPAI	poshmark.com	HTTPS://POSHMARK.COM/LISTING/FENGPAI-BLACK-WHITE-STRIPED-SHORT-JACKET-LARGE-NWT-673DD3C4775CAFDFB9AB68FB
FENGTAIYUAN	FENGTAIYUAN	poshmark.com	HTTPS://POSHMARK.COM/LISTING/FENGTAIYUAN-07P18-BLACK-GEL-INK-ROLLERBALL-PENS-FINE-POINT-07MM-18PIECE-66A7FECE47C1309552DB7E8F
FENJAR	FENJAR	poshmark.com	HTTPS://POSHMARK.COM/LISTING/WOMENS-ELEGANCE-AUDREY-HEPBURN-STYLE-DRESS-E12-5F203F2243895F53919ABC17
FENOMO	FENOMO	poshmark.com	HTTPS://POSHMARK.COM/LISTING/FENOMO-WOMENS-ONE-PIECE-SWIMWEAR-FRONT-CROSSOVER-HOLLOW-BATHING-SUITS-MONOKINIS-64F655C1C9A22860012AD202
FENSHINE	FENSHINE	poshmark.com	HTTPS://POSHMARK.COM/LISTING/FENSHINE-EYELASH-EXTENSION-KIT-FOR-PRACTICE-63FDF031DBB0E71DAA59D5EC
FEOYOHO	FEOYOHO	poshmark.com	HTTPS://POSHMARK.COM/LISTING/FEOYOHO-ACRYLIC-ELEVATED-PET-BOWLS-2-GLASS-2-METAL-FOR-SMALL-DOGS-CATS-65B14F609B37C74A218BEF2F
FERAMOX	FERAMOX	poshmark.com	HTTPS://POSHMARK.COM/LISTING/FERAMOX-RING-SIZE-ADJUSTER-6006037D9E1559C5C0721AF9
FERBIA	FERBIA	poshmark.com	HTTPS://POSHMARK.COM/LISTING/TUNIC-WRAP-SWEATER-62D60CFF3B982A62C82E05C6
FERGALICIOUS	FERGALICIOUS	poshmark.com	HTTPS://POSHMARK.COM/LISTING/FERGALICIOUS-BY-FERGIE-BLACK-SUEDE-LASER-CUT-PLATFORMS-HEELS-65E9DB634BC65515C886251E
FERGIE	FERGIE	poshmark.com	HTTPS://POSHMARK.COM/LISTING/NUDE-HEELS-5D7BEDFCD948A14DF2C554F4
FERGRELM	FERGRELM	poshmark.com	HTTPS://POSHMARK.COM/LISTING/3PCS-3D-6-SIDED-PETAL-SHAPED-FOUNDATION-BRUSHES-FOUNDATION-OR-BLUSH-BLACK-64041B63FF04843DAA5C9DC7
FERLIN	FERLIN	poshmark.com	HTTPS://POSHMARK.COM/LISTING/NEW-FERLIN-BACKPACK-DIAPER-BAG-DARK-GREY-61E1011C8D9BE9830BE09226
FESCIORY	FESCIORY	poshmark.com	HTTPS://POSHMARK.COM/LISTING/FESCIORY-LEATHER-WRAP-BRACELET-WOMEN-SILVER-BOHO-CRYSTAL-BEADS-CUFF-JEWELRY-6887DD3EA7E2602AD40E9C2C
FESIER	FESIER	poshmark.com	HTTPS://POSHMARK.COM/LISTING/FESIER-WOMENS-BOHO-HALTER-NECK-FLORAL-PRINT-LONG-MAXI-DRESS-SLEEVELESS-62F02888FF0484425170A41B
FESKIN	FESKIN	poshmark.com	HTTPS://POSHMARK.COM/LISTING/FESKIN-LAPTOP-TRAVEL-RUCKSACK-BACKPACK-GRAY-60CBA5BCC7C17181AAFAF294
FESKIN	FESKIN	poshmark.com	HTTPS://POSHMARK.COM/LISTING/FESKIN-BACKPACK-5D38A5027F617F1F49D3196C
FESTIVEVOICE	FESTIVEVOICE	poshmark.com	HTTPS://POSHMARK.COM/LISTING/FESTIVE-VOICE-MINI-MAKEUP-BAG-BLUE-NWT-MIGHT-BE-MAKEUP-MIGHT-BE-SNACKS-6923772EE9C77D82CB3EDCDD
FETY	FETY	poshmark.com	HTTPS://POSHMARK.COM/LISTING/FETY-HIGH-WAISTED-WORKOUT-LEGGINGS-SIZE-M-63EE633D91E0532E3738CF67
FEZAX	FEZAX	poshmark.com	HTTPS://POSHMARK.COM/LISTING/FEZAX-HAIR-CURLER-NEW-65528AFD92E49149337C2B00
FFRAAO	FFRAAO	poshmark.com	HTTPS://POSHMARK.COM/LISTING/HEATED-BLACK-GLOVES-675115EBDC8A4E501E529BC5
FFROI	FFROI	poshmark.com	HTTPS://POSHMARK.COM/LISTING/FFROI-DRIVE-BAG-66DF4D02896C384A988CF5A0
FGIAZDU	FGIAZDU	poshmark.com	HTTPS://POSHMARK.COM/LISTING/2-PACK-CUTE-CARTOON-PHONE-CASE-FOR-IPHONE-15-PRO-MAX-CASESTITCH-ANGEL-662847A8013D2AD5BE12C6E7
FIBRUM	FIBRUM	poshmark.com	HTTPS://POSHMARK.COM/LISTING/FIBRUM-VR-HEADSET-665B78D1896C38CB424A2A2F
FIBRUM	FIBRUM	poshmark.com	HTTPS://POSHMARK.COM/LISTING/VR-3D-GLASSES-FIBRUM-VIRTUAL-REALITY-660567668E40FDD6848B8C2E
FIBRUM	FIBRUM	poshmark.com	HTTPS://POSHMARK.COM/LISTING/VIRTUAL-REALITY-HEADSET-5F6A4F9F2CA9ABACB402163F
FIBURE	FIBURE	poshmark.com	HTTPS://POSHMARK.COM/LISTING/FIBURE-RAINBOW-GLADIATOR-SANDALS-63137616DFF94DF671610E37
FIELDCRESTBATHRUG	FIELDCRESTBATHRUG	poshmark.com	HTTPS://POSHMARK.COM/LISTING/FIELDCREST-BATH-RUG-643863DF8D7A3C1A3A0C1CF6
FIEMAOVES	FIEMAOVES	poshmark.com	HTTPS://POSHMARK.COM/LISTING/126-MEDIUM-NWT-FIEMAOVES-SATIN-SILK-SLIP-BACKLESS-MAXI-DRESS-FOR-WEDDING-GUEST-64F4E49924237A8495E00434
FIFTHANDFINE	FIFTHANDFINE	poshmark.com	HTTPS://POSHMARK.COM/LISTING/12CT-DIAMOND-STUD-EARRINGS-SET-IN-STERLING-SILVER-63BCB620FF048414CDAD758D
FIGERM	FIGERM	poshmark.com	HTTPS://POSHMARK.COM/LISTING/FETAL-DOPPLER-5B9FF1E27386BCC2A7FB95BF
FIGERM	FIGERM	poshmark.com	HTTPS://POSHMARK.COM/LISTING/FIGERM-ULTRASOFT-HEATED-FOOT-WARMER-PINK-666DB138C9AF8C53E6AE773D
FIGESTIN	FIGESTIN	poshmark.com	HTTPS://POSHMARK.COM/LISTING/FIGESTIN-CARRY-ON-LUGGAGE-66A2D4404FBBFD9655D3CFD3
FIGROL	FIGROL	poshmark.com	HTTPS://POSHMARK.COM/LISTING/FIGROL-FIDGET-SPINNER-680FED32FF353A94706AF809
FIGYARROWAPOTHECARY	FIGYARROWAPOTHECARY	poshmark.com	HTTPS://POSHMARK.COM/LISTING/FIG-YARROW-APOTHECARY-FRENCH-GREEN-CLAY-MASK-661B2599F88471F449A094B3
FIJIX	FIJIX	poshmark.com	HTTPS://POSHMARK.COM/LISTING/FIJIX-SPINNER-TOY-FREDDY-FIVE-NIGHTS-AT-FREDDYS-FIDGET-SPINNER-COLLECTIBLE-8-6620106D8B736438D7AA0C74
FILTHYETIQUETTE	FILTHYETIQUETTE	poshmark.com	HTTPS://POSHMARK.COM/LISTING/FILTHY-ETIQUETTE-SHIRT-L-SUBTLY-STYLISH-61A41081633CFCCFE34900D6
FINCATI	FINCATI	poshmark.com	HTTPS://POSHMARK.COM/LISTING/NWT-FINCATI-TANBEIGE-CASHMERE-SWEATER-MEDIUM-5DBDE7B860FF85A4178E398B
FINEGO	FINEGO	poshmark.com	HTTPS://POSHMARK.COM/LISTING/WOMENS-TOP-5604FC9813302AB4BD003CCD
FINEJO	FINEJO	poshmark.com	HTTPS://POSHMARK.COM/LISTING/FINEJO-BRAND-LAYERED-CROP-TOP-6154B950FFBA94B102DB53E9
FINESKY	FINESKY	poshmark.com	HTTPS://POSHMARK.COM/LISTING/FINESKY-HUMIDIFIER-ULTRASONIC-COOL-MIST-BRAND-NEW-BLACK-TAOTRONICS-6216CF142CA9ABC9936E9D23
FINGERTEN	FINGERTEN	poshmark.com	HTTPS://POSHMARK.COM/LISTING/GOLF-FINGER-TEN-656C8D65FB7304C8B6CFA515
FINIZO	FINIZO	poshmark.com	HTTPS://POSHMARK.COM/LISTING/ADORABLE-SWIMSUIT-WITH-LEMONS-NWT-SIZE-SMALL-650130433B982A7BDA9A62CA
FINMOR	FINMOR	poshmark.com	HTTPS://POSHMARK.COM/LISTING/PRETTY-LAPTOP-BAG-5E2F29384D03A056F7B46A88
FINWANLO	FINWANLO	poshmark.com	HTTPS://POSHMARK.COM/LISTING/FINWANLO-TWO-PIECE-SWIM-SUIT-XXL-NEW-629786F9180136EDEDAD5BF3
FIRESARA	FIRESARA	poshmark.com	HTTPS://POSHMARK.COM/LISTING/FIRESARA-SWIM-GOGGLES-NO-LEAKING-LARGE-FRAME-WIDE-VIEW-POOL-FOR-WOMEN-632F29BF7099BFC70C8545D7
FIRSTCOMMEMORATIVEMINT	FIRSTCOMMEMORATIVEMINT	poshmark.com	HTTPS://POSHMARK.COM/LISTING/FIRST-COMMEMORATIVE-MINT-INC-65AFC9ED24237A1C1B3715ED
FIRSTIME	FIRSTIME	poshmark.com	HTTPS://POSHMARK.COM/LISTING/FIRSTIME-MANUFACTORY-CLOCK-65F4B07EBD66CDFF6ACE1F64
FIRSTTIMECO	FIRSTTIMECO	poshmark.com	HTTPS://POSHMARK.COM/LISTING/FIRSTTIME-CO-WALL-CLOCK-62669BAAF0F28C36BCD5C327
FIRSTTIMEMANUFACTORY	FIRSTTIMEMANUFACTORY	poshmark.com	HTTPS://POSHMARK.COM/LISTING/ELEGANT-BLACK-AND-WHITE-SCROLLWORK-WALL-CLOCK-67C88B01154600C9920D7E7A
FISHINGPEPO	FISHINGPEPO	poshmark.com	HTTPS://POSHMARK.COM/LISTING/FISHINGPEPO-FISHING-BACKPACK-TACKLE-STORAGE-BAG-FISHING-GEAR-AND-EQUIPMENT-WITH-65D4111EC24A6D8629A75BFB
FITBALLZ	FITBALLZ	poshmark.com	HTTPS://POSHMARK.COM/LISTING/FITBALLZ-EXERCISE-EQUIPMENT-SET-IN-PURPLE-AND-BLUE-67E0657115AD5451073DB11B
FITEROC	FITEROC	poshmark.com	HTTPS://POSHMARK.COM/LISTING/FITEROC-WEIGHTED-HULA-HOOP-666F64965AF6E6E149D34F5E
FITIGER	FITIGER	poshmark.com	HTTPS://POSHMARK.COM/LISTING/FITIGER-SMART-HEALTH-RING-66D7A20B693FF7568336ADFD
FITIGER	FITIGER	poshmark.com	HTTPS://POSHMARK.COM/LISTING/BRAND-NEW-FITIGER-HEALTH-FITNESS-TRACKER-RING-6545178BF644E5E8C3CF0A5F
FITINHOT	FITINHOT	poshmark.com	HTTPS://POSHMARK.COM/LISTING/A-FITINHOT-NUG-SMASHER-60DA45634FD23A997B46FCD5
FITLEIST	FITLEIST	poshmark.com	HTTPS://POSHMARK.COM/LISTING/FITLEIST-PRO-VI-GOLD-CAP-665A68DE775CAF84BCC30C78
FITNESSERY	FITNESSERY	poshmark.com	HTTPS://POSHMARK.COM/LISTING/FITNESSERY-AB-ROLLER-6776FE17F9927CAD49AF7125
FITNIV	FITNIV	poshmark.com	HTTPS://POSHMARK.COM/LISTING/FITNIV-SMART-WATCH-6352A67CC1C34607BFE3265C
FITSOK	FITSOK	poshmark.com	HTTPS://POSHMARK.COM/LISTING/FITSOK-RUNNING-SOCKS-637DA97C8BB2E283A76A9D86
FITSPIRIT	FITSPIRIT	poshmark.com	HTTPS://POSHMARK.COM/LISTING/FITSPIRIT-FASHION-HIGH-WAISTED-SPECKLE-LEGGINGS-5CA7C0E47F617FFE6203519A
FITSYSTEM	FITSYSTEM	poshmark.com	HTTPS://POSHMARK.COM/LISTING/NWOT-KSOURCE-FITSYSTEM-CLIPON-TOWING-MIRRORSONE-PAIR-66D36D8A5AF6E6D6F1A2EAF2
FITTESTPRO	FITTESTPRO	poshmark.com	HTTPS://POSHMARK.COM/LISTING/BRAND-NEW-FITTEST-PRO-WEARABLE-ICE-PACKS-FOR-SHINS-CALFS-STILL-IN-PACKAGE-64D16F3224237A8336561E23
FIUSEM	FIUSEM	poshmark.com	HTTPS://POSHMARK.COM/LISTING/FIUSEM-MENS-CHAIN-64470244DBB0E7F495900C2E
FIVEJOY	FIVEJOY	poshmark.com	HTTPS://POSHMARK.COM/LISTING/FIVEJOY-CLEANING-GEL-4-PACK-659705D783CBECC5ADBFE52B
FIVEWAN	FIVEWAN	poshmark.com	HTTPS://POSHMARK.COM/LISTING/FIVEWAN-24K-GOLD-EYE-TREATMENT-MASK-60-PCS-NIB-64147C4875F02A8923B1AB95
FIXZILLA	FIXZILLA	poshmark.com	HTTPS://POSHMARK.COM/LISTING/NIP-FIXZILLA-8-PCS-CAT-FURNITURE-PROTECTOR-CLEAR-XL-LARGE-STICK-ON-NEW-KITTEN-6658E86C694D7292ABDD039C
FIYOTE	FIYOTE	poshmark.com	HTTPS://POSHMARK.COM/LISTING/FIYOTE-WOMENS-BANDED-PRINTED-TANKINI-TOP-WITH-BRIEFS-SWIMSUIT-M-NEVER-WORN-67DC02B147842C569599D64B
FIYOTE	FIYOTE	poshmark.com	HTTPS://POSHMARK.COM/LISTING/FIYOTE-WOMENS-LONG-SLEEVE-ZIPUP-SIZE-S-BLUEGRAY-NEW-WITHOUT-TAGS-64F62BA41741BE3286C85DA1
FIYOTE	FIYOTE	poshmark.com	HTTPS://POSHMARK.COM/LISTING/LONG-SLEEVE-SOLID-HOODIE-COAT-JACKET-5CF6DB9D2EB33FC3CDACF01F
FIYOTE	FIYOTE	poshmark.com	HTTPS://POSHMARK.COM/LISTING/NWT-FITOTE-MENS-CASUAL-SLIM-FIT-HOODED-LONG-SLEEVE-HOODIE-SEPIA-BROWN-648B2B9BBD0629DCB6828CE3
FJW	FJW	poshmark.com	HTTPS://POSHMARK.COM/LISTING/2-VINTAGE-FJW-DUFEX-FOIL-CLIPPER-SHIP-HOUSES-ART-PRINTS-ENGLAND-FRAMED-GOOD-61AF78AA00B70DBB4AFA6781
FJYQOP	FJYQOP	poshmark.com	HTTPS://POSHMARK.COM/LISTING/FJYQOP-SILICONE-NIPPLE-COVERS-5-PAIRS-WOMENS-REUSABLE-ADHESIVE-INVISIBLE-PAS-65EDA737B3EF624F999AC254
FLAGPOWER	FLAGPOWER	poshmark.com	HTTPS://POSHMARK.COM/LISTING/GAMING-KEYBOARD-AND-MOUSE-COMBO-RAINBOW-BACKLITE-5F83ADCA633CFC81907FBA21
FLAGPOWER	FLAGPOWER	poshmark.com	HTTPS://POSHMARK.COM/LISTING/FLAGPOWER-GAMING-RAINBOW-BACKLIT-KEYBOARD-5E44980C29F03025C6C609FD
FLAMEKISS	FLAMEKISS	poshmark.com	HTTPS://POSHMARK.COM/LISTING/FLAMEKISS-NONSTICK-EGG-PAN-658C9E094BC6554187B777F3
FLASHPAD	FLASHPAD	poshmark.com	HTTPS://POSHMARK.COM/LISTING/FLASHPAD-20-TOUCH-N-GO-ELECTRONIC-GAME-RED-2-PLAYER-MEMORY-REACTION-5-GAMES-62EF41B89C38CE31D609EF47
FLASHTEK	FLASHTEK	poshmark.com	HTTPS://POSHMARK.COM/LISTING/FLASHTEK-SNOW-SHOES-WITH-POLES-BAG-LIGHT-WEIGHT-ALUMINUM-25-65A30C0DF8C5DA24A6F1DBD4
FLEADOCTOR	FLEADOCTOR	poshmark.com	HTTPS://POSHMARK.COM/LISTING/PET-LEA-LICE-KILLER-WITH-NO-CHEMICALS-6254937CE2C432A36F525C4E
FLEADOCTOR	FLEADOCTOR	poshmark.com	HTTPS://POSHMARK.COM/LISTING/FLEA-DOCTOR-ELECTRICALLY-CHARGED-FLEA-COMB-AS-SEEN-ON-TV-DOGS-CATS-NEW-6886C6D060BEAF53D14D763D
FLEADOCTOR	FLEADOCTOR	poshmark.com	HTTPS://POSHMARK.COM/LISTING/PET-FLEA-LICE-KILLER-WITH-NO-CHEMICALS-6307C3B59D6194E2ED5F5B34
FLEAGLE	FLEAGLE	poshmark.com	HTTPS://POSHMARK.COM/LISTING/1982-ANTICS-FLEAGLE-BEAGLE-DAPHNE-DOG-MATTHEW-FOX-VINTAGE-PLUSH-STUFFED-TOY-66C698C6C4B73A14EAD54EF8
FLEEROSE	FLEEROSE	poshmark.com	HTTPS://POSHMARK.COM/LISTING/FLEEROSE-BABY-HIP-CARRIER-W-POCKETS-GRAY-685F0627FF0320FB7C4DFDBA
FLEISCHERANDWOLF	FLEISCHERANDWOLF	poshmark.com	HTTPS://POSHMARK.COM/LISTING/FLEISCHER-AND-WOLF-10-INCH-SKILLET-MADE-IN-USA-67BF7DA2450B420B966C3E3D
FLERISE	FLERISE	poshmark.com	HTTPS://POSHMARK.COM/LISTING/FLERISE-24PCS-2ROUND-SELFADHESIVE-FELT-TABLE-MAT-60D3847FE107BBCD393E1E79
FLEXFIXX	FLEXFIXX	poshmark.com	HTTPS://POSHMARK.COM/LISTING/FLEXFIXX-SET-OF-4-HAND-MUSCLE-TRAINER-BALLS-64B5662F678C3AEAEB8ACF92
FLEXIBRACE	FLEXIBRACE	poshmark.com	HTTPS://POSHMARK.COM/LISTING/FLEXIBRACE-ANKLE-BRACES-6163400BAE766FCE1CE82C82
FLEXIBRACE	FLEXIBRACE	poshmark.com	HTTPS://POSHMARK.COM/LISTING/PLANTAR-FASCIITIS-SOFT-NIGHT-SPLINT-ACHILLES-TENDINITISEXTRA-COMFORTFLEXIBRACE-M-67A7E473FE7E2CCCA8BB816C
FLGOCEXS	FLGOCEXS	poshmark.com	HTTPS://POSHMARK.COM/LISTING/FLGOCEXS-BLACK-WIRELESS-CARPLAY-ADAPTER-68011D8CDFF1F1449F8579CC
FLIPSAUDIO	FLIPSAUDIO	poshmark.com	HTTPS://POSHMARK.COM/LISTING/FLIPS-AUDIO-HEAD-PHONES-WHITE-LISTEN-ALONE-FLIP-THE-SPEAKERS-OUTWARD-TO-SHARE-659DBBB8382DB8E01FB66C0F
FLITTOR	FLITTOR	poshmark.com	HTTPS://POSHMARK.COM/LISTING/FLITTOR-DOG-TRAINING-COLLAR-65184D6EFED51F206F6B2FCA
FLNGR	FLNGR	poshmark.com	HTTPS://POSHMARK.COM/LISTING/FLNGR-48-VOLT-10-AMP-GOLF-CART-BATTERY-CHARGER-FOR-EZGO-19962024-GOLF-CLUB-CAR-667D163C014648D719836605
FLOROOM	FLOROOM	poshmark.com	HTTPS://POSHMARK.COM/LISTING/FLOROOM-ARTIFICIAL-FLOWERS-6478AA2891E0535ABC8076E7
FLOWINGPLUME	FLOWINGPLUME	poshmark.com	HTTPS://POSHMARK.COM/LISTING/NEW-FLOWING-PLUME-WATERPROOF-SHOES-FOR-MEN-WOMEN-LIGHTWEIGHT-TENNIS-SNEAKER-677B49E4038291CFAB2E629A
FLUFFYSENSE	FLUFFYSENSE	poshmark.com	HTTPS://POSHMARK.COM/LISTING/FLUFFY-SENSE-STRAW-CATTLEMAN-COWGIRL-HAT-682DF38BB7F0ACCE65D0A7FF
FLUFFYSENSE	FLUFFYSENSE	poshmark.com	HTTPS://POSHMARK.COM/LISTING/NEW-FLUFFY-SENSE-UNISEX-BLACK-WESTERN-HAT-6850E8A944AD4DE3E812D14F
FLYAMAPIRIT	FLYAMAPIRIT	poshmark.com	HTTPS://POSHMARK.COM/LISTING/FLYAMAPIRIT-DIGITAL-PICTURE-FRAME-101-INCH-DIGITAL-PHOTO-FRAME-WITH-1280X800-IP-6632B4F3E9489875E0C14D2B
FLYDOT	FLYDOT	poshmark.com	HTTPS://POSHMARK.COM/LISTING/FLYDOT-PICKLEBALL-PADDLE-SET-WITH-BALLS-6837681F95538355BB1C9CEB
FLYHARE	FLYHARE	poshmark.com	HTTPS://POSHMARK.COM/LISTING/WOMENS-FLYHARE-BLACK-HEATED-VEST-SIZE-LARGE-64A91EB017FB4B5B5ADAEB9C
FLYHIT	FLYHIT	poshmark.com	HTTPS://POSHMARK.COM/LISTING/FLYHIT-TOWEL-WARMER-65D4BCC552EEE18A9253D4F3
FLYHIT	FLYHIT	poshmark.com	HTTPS://POSHMARK.COM/LISTING/FLYHIT-TOWEL-WARMER-67E31340D399FFFDC6A13A0E
FLYHORSE	FLYHORSE	poshmark.com	HTTPS://POSHMARK.COM/LISTING/FLYHORSE-PORTABLE-ELECTRICAL-HEATING-PAD-PERFECT-FOR-MENSTRUAL-FRONTBACK-CRAMPS-67FE13FA006E435158D8D754
FLYMIRO	FLYMIRO	poshmark.com	HTTPS://POSHMARK.COM/LISTING/FLYMIRO-TRIFOLD-VANITY-LIGHTUP-MAKEUP-MIRROR-66AEAA20D6C0DC9E2A6354B7
FLYNIX	FLYNIX	poshmark.com	HTTPS://POSHMARK.COM/LISTING/FLYNIX-13-INCH-DIMMABLE-LED-WALL-SCONCE-659B33381741BE52829D19C2
FLYTENG	FLYTENG	poshmark.com	HTTPS://POSHMARK.COM/LISTING/NEW-BLACK-FAUX-LOCS-66BD20DCB1EF588E42BE756E
FLYTIANMY	FLYTIANMY	poshmark.com	HTTPS://POSHMARK.COM/LISTING/FLYTIANMY-40PCS-DRAWER-DIVIDERS-ADJUSTABLE-DRAWER-64DBC3C6DFF94D6E2132371D
FOAMNASIUM	FOAMNASIUM	poshmark.com	HTTPS://POSHMARK.COM/LISTING/FOAMNASIUM-GYMNASIUM-LIKE-NEW-642733E85D686BF0037C5130
FOCHEA	FOCHEA	poshmark.com	HTTPS://POSHMARK.COM/LISTING/FOCHEA-AUTOMATIC-FOOD-VACUUM-SEALER-FOR-WET-DRY-FOOD-NEW-IN-BOX-65E8EACEDFF1F17BEAD2EBF0
FOCHST	FOCHST	poshmark.com	HTTPS://POSHMARK.COM/LISTING/CRYSTAL-HAIR-ERASER-FOR-WOMEN-AND-MEN-REUSABLE-CRYSTAL-HAIR-REMOVER-PAINLESS-6480BEA8325187ABBADD8B93
FOCIPEYSA	FOCIPEYSA	poshmark.com	HTTPS://POSHMARK.COM/LISTING/FOCIPEYSA-FALSE-LASHES-FLUFFY-MINK-EYELASHES-18MM-LASHES-PACK-8D-MINK-CURLY-FAUX-63B137D722F797E05BA0F3BB
FOCKOF	FOCKOF	poshmark.com	HTTPS://POSHMARK.COM/LISTING/FOCKOF-SOFT-VINYL-BABY-DOLL-GREY-17INCH-NEWBORN-ACCESSORIES-FOR-3-YEARS-OLD-687680898FA2074791C17113
FOCONDOT	FOCONDOT	poshmark.com	HTTPS://POSHMARK.COM/LISTING/FOCONDOT-PORTABLE-AIR-CONDITIONER-FAN-6015263D9E15598028E570A7
FOCUSEDSPACE	FOCUSEDSPACE	poshmark.com	HTTPS://POSHMARK.COM/LISTING/FOCUSED-SPACE-BACKPACK-56D1C8BA3C6F9FBF04002F4D
FOCUSGEAR	FOCUSGEAR	poshmark.com	HTTPS://POSHMARK.COM/LISTING/FOCUSGEAR-GYMCROSSFIT-BAG-MEN-OR-WOMEN-6478AEF6ACF46286E3C81442
FOCUSONN	FOCUSONN	poshmark.com	HTTPS://POSHMARK.COM/LISTING/FOCUS-ONN-WIFI-DIGITAL-PICTURE-FRAME-658F087A7DFCC2B91D48BA92
FOCUSONN	FOCUSONN	poshmark.com	HTTPS://POSHMARK.COM/LISTING/FOCUS-ONN-ACTION-CAMERA-ACCESSORY-KIT-67DADDFC8A00E393545C92C6
FODEXAZY	FODEXAZY	poshmark.com	HTTPS://POSHMARK.COM/LISTING/DISCO-BALL-LIGHT-PARTY-LIGHTS-6579280F32B78677201D1DF7
FOLHAOTH	FOLHAOTH	poshmark.com	HTTPS://POSHMARK.COM/LISTING/FOLHAOTH-LITTLE-KIDS-CLOGS-EXCAVATOR-BOYS-TODDLERS-NONSLIP-SIZE-7-65B3ED9FBC6E1C0C0C082AA2
FOLICURE	FOLICURE	poshmark.com	HTTPS://POSHMARK.COM/LISTING/FOLICURE-SHAMPOO-6529E166BE296BA465AC07CC
FOLKSMATE	FOLKSMATE	poshmark.com	HTTPS://POSHMARK.COM/LISTING/FOLKSMATE-FLOOR-LAMP-FOR-LIVING-ROOM-LED-MODERN-SIMPLE-STANDING-LAMPS-TALL-6795C995D47BE5237D03B46F
FOMAGAS	FOMAGAS	poshmark.com	HTTPS://POSHMARK.COM/LISTING/FOMAGAS-WHIP-CREAM-CHARGERS-50-PACK-5FD3B03EE97E487BC959F9B6
FOMANSH	FOMANSH	poshmark.com	HTTPS://POSHMARK.COM/LISTING/FOMANSH-WAIST-TRAINER-VEST-SAUNA-SUIT-SWEAT-VEST-WOMEN-WAIST-SHAPER-SZXL-654ADE0C046D74DCC4DA5400
FOOSIBO	FOOSIBO	poshmark.com	HTTPS://POSHMARK.COM/LISTING/FOOSIBO-GLASS-WOOD-PROPOGATION-STATION-PLANT-TERRARIUM-NEW-671691B81CE6662D7965550F
FOOTINSOLECOM	FOOTINSOLECOM	poshmark.com	HTTPS://POSHMARK.COM/LISTING/1-IN-HEIGHT-INCREASE-FOOT-INSOLE-BY-FOOTINSOLECOM-62E55D7A09D7602909EFBBAB
FOOULLAIDE	FOOULLAIDE	poshmark.com	HTTPS://POSHMARK.COM/LISTING/SEXY-OFF-SHOULDER-SLEEVELESS-BODYCON-RUCHED-MIDI-ELEGANT-COCKTAIL-EVENING-DRESS-68368104310F1C7526864225
FOPETT	FOPETT	poshmark.com	HTTPS://POSHMARK.COM/LISTING/FOPETT-24GHZ-WIRELESS-KEYBOARD-AND-MOUSE-SET-WITH-PHONE-HOLDER-COMPAC-65D8B2EF0F752B7B5D5E9DAE
FOPETT	FOPETT	poshmark.com	HTTPS://POSHMARK.COM/LISTING/FOPETT-KEYBOARD-SOLD-6551560FDBB0E7B9CAF1C623
FORBUSITE	FORBUSITE	poshmark.com	HTTPS://POSHMARK.COM/LISTING/BEAUTIFUL-CHURCH-SUNDAY-HOLIDAY-HAT-BY-FORBUSITE-644DAF7BDBB0E7510F393155
FORBUSITE	FORBUSITE	poshmark.com	HTTPS://POSHMARK.COM/LISTING/SALE-FORBUSITE-KNIT-SLOUCHY-HAT-6216C6032CA9AB6ACD6E56C3
FORCHIC	FORCHIC	poshmark.com	HTTPS://POSHMARK.COM/LISTING/FORCHICS-EYELASH-ENHANCING-SERUM-646A84F117FB4B4C421B6BC5
FOREGOER	FOREGOER	poshmark.com	HTTPS://POSHMARK.COM/LISTING/FOREGOER-LIGHTWEIGHT-BLACK-TRAVEL-BAG-673535030A60D50441572D5B
FOREMODE	FOREMODE	poshmark.com	HTTPS://POSHMARK.COM/LISTING/FOREMODE-DRESS-PINK-PURPLE-PEASANT-MIDI-FLORAL-BOHO-HIPPIE-FESTIVAL-RETRO-M-691145E4BBFBEA140F24E6DD
FOREVEREALLY	FOREVEREALLY	poshmark.com	HTTPS://POSHMARK.COM/LISTING/DAINTY-CIRCLE-NECKLACE-5FFCA7FE941F173BADE3355C
FOREVERLAZY	FOREVERLAZY	poshmark.com	HTTPS://POSHMARK.COM/LISTING/DUCK-CLOSED-FOOT-ONESIE-663C0026C479B887D5A23BD5
FORHAHA	FORHAHA	poshmark.com	HTTPS://POSHMARK.COM/LISTING/FORHAHA-RUNNING-GLOVES-620F2C552E8E44C116096022
FORNEYHIDE	FORNEYHIDE	poshmark.com	HTTPS://POSHMARK.COM/LISTING/GLOVES-683B441ABC6E1C87386D2950
FORNY	FORNY	poshmark.com	HTTPS://POSHMARK.COM/LISTING/M-FORNY-WOMEN-RUFFLE-ONE-PIECE-PRINT-SWIMWEAR-672CCBF1E48E8639F23ABBFF
FOROLAV	FOROLAV	poshmark.com	HTTPS://POSHMARK.COM/LISTING/FOROLAV-WOMENS-PUFF-SLEEVE-TIE-BACK-ALINE-DRESS-ELASTIC-WAIST-SMALL-WHITE-64DC115A04F8AD1F380DC26D
FOROLAV	FOROLAV	poshmark.com	HTTPS://POSHMARK.COM/LISTING/FOROLAV-WHITE-DRESS-65B30E0056B2F84E51B8224F
FOROOMACO	FOROOMACO	poshmark.com	HTTPS://POSHMARK.COM/LISTING/FOROOMACO-ACOUSTIC-FOAM-PANELS-PACK-OF-12-SOUND-PROOFING-PANELS-NIB-SEALED-65147D7B8FA20739F5F8CBD1
FORSTART	FORSTART	poshmark.com	HTTPS://POSHMARK.COM/LISTING/FORSTART-INFANT-RATTLE-TEETHER-SET-60738DC5180136E990D8A1BF
FORTIKPO	FORTIKPO	poshmark.com	HTTPS://POSHMARK.COM/LISTING/GLOW-IN-THE-DARK-LED-FLYING-DISC-65B97F5132B786ED0D9B2B7C
FORTOP	FORTOP	poshmark.com	HTTPS://POSHMARK.COM/LISTING/FORTOP-BICYCLE-TRAINING-WHEELS-FOR-20-BIKE-611E91537EC30CC5C243FB8B
FORTUNECANDY	FORTUNECANDY	poshmark.com	HTTPS://POSHMARK.COM/LISTING/FORTUNE-CANDY-6609EE7002760B54FEFEE10D
FORTY4	FORTY4	poshmark.com	HTTPS://POSHMARK.COM/LISTING/FORTY4-WIRELESS-GAMING-CONTROLLER-625C54DD67FFB11326AAFC82
FORYEE	FORYEE	poshmark.com	HTTPS://POSHMARK.COM/LISTING/FORYEE-CUTE-FROG-POTTY-TRAINING-URINAL-FOR-BOYS-WITH-FUNNY-AIMING-TARGET-BLA-627D023EAB62C52F6873D8E2
FORZENA	FORZENA	poshmark.com	HTTPS://POSHMARK.COM/LISTING/VINTAGE-AUTHENTIC-FORZENA-HENLEY-TOP-WOMENS-SIZE-M-BROWN-LONG-SLEEVE-KNIT-BUTTON-673191A13251879B7D6B006E
FOSHOW	FOSHOW	poshmark.com	HTTPS://POSHMARK.COM/LISTING/FOSHOW-WOMENS-FALL-V-NECK-PUFF-SHORT-SLEEVE-SWEATER-LOOSE-KNIT-DOT-PULLOVER-6863172B3752189EEE19A4A7
FOSTAK	FOSTAK	poshmark.com	HTTPS://POSHMARK.COM/LISTING/FOSTAK-DAILY-3-SECTION-BACKPACK-66C68C00CE663FEA9785DE18
FOUEWS	FOUEWS	poshmark.com	HTTPS://POSHMARK.COM/LISTING/FOUEWS-SMALL-SHOE-RACK-NARROW-STACKABLE-SHOE-SHELF-ORGANIZER-FOR-ENTRYWAY-DOOR-63B148F2DDAB4004251A82C0
FOURING	FOURING	poshmark.com	HTTPS://POSHMARK.COM/LISTING/FOURING-BL-ADJUSTABLE-STEERING-WHEEL-KNOB-SPINNER-UNIVERSAL-638BA198A0E6C696D51540AE
FOVERE	FOVERE	poshmark.com	HTTPS://POSHMARK.COM/LISTING/FOVERE-21-PLUS-SIZE-BLACK-CHERRY-SHORT-SLEEVE-KNIT-DRES-SZ0X-6616E876FE7E2CFDD472EDDD
FOVSMO	FOVSMO	poshmark.com	HTTPS://POSHMARK.COM/LISTING/WOMENS-VINTAGE-OXFORD-SHOE-SIZE-85-66C4C196C4B73A058C3030A9
FOXIEDOX	FOXIEDOX	poshmark.com	HTTPS://POSHMARK.COM/LISTING/FOXIEDOX-COCKTAIL-DRESS-6143DA526E284629DDDCF1FD
FOXXD	FOXXD	poshmark.com	HTTPS://POSHMARK.COM/LISTING/FOXXD-A56-SMARTPHONE-16GB-PHONE-68154F259F19E2C24867E1F3
FRAGRANCELOCK	FRAGRANCELOCK	poshmark.com	HTTPS://POSHMARK.COM/LISTING/FRAGRANCE-LOCK-FRAGRANCE-FINISHING-SPRAY-639EC5E67DFCC29D1A966060
FRANATO	FRANATO	poshmark.com	HTTPS://POSHMARK.COM/LISTING/FRANATO-MATERNITY-SHAPEWEAR-5DC0907BDE696A5D36450AB1
FRANCOFIERAMOSCA	FRANCOFIERAMOSCA	poshmark.com	HTTPS://POSHMARK.COM/LISTING/BRAND-FRANCO-FIERAMOSCA-SIZE-712-SUEDE-LIGHT-BROWN-6156E34C7EC30C61C0DF51DC
FRANCOVANUCCI	FRANCOVANUCCI	poshmark.com	HTTPS://POSHMARK.COM/LISTING/FRANCO-VANUCCI-5BE0EE0E0CB5AAB5A400B0F8
FRANKIEZHOU	FRANKIEZHOU	poshmark.com	HTTPS://POSHMARK.COM/LISTING/FRANKIEZHOU-REALISTIC-BLACKCAT-STUFFED-ANIMAL827CAT-PLUSH-TOY-SOFT-PLUSH-66D2A3776DA06E221F260004
FRANKTECH	FRANKTECH	poshmark.com	HTTPS://POSHMARK.COM/LISTING/FRANKTECH-GOLF-HEAD-COVER-GRAY-COLOR-666234CEC4B73A1369FEBA72
FRANWILLOR	FRANWILLOR	poshmark.com	HTTPS://POSHMARK.COM/LISTING/FRAN-WILLOR-COAT-61C25968284E99E86AA79215
FRASUKIS	FRASUKIS	poshmark.com	HTTPS://POSHMARK.COM/LISTING/20212022-COLORED-ACADEMIC-PLANNER-612D104812D88044794BC843
FRAWIRSHAU	FRAWIRSHAU	poshmark.com	HTTPS://POSHMARK.COM/LISTING/FRAWIRSHAU-WOMENS-LACE-UP-BONED-UNDERBUST-CORSET-BUSTIER-PLUS-6X-TOP-BLACK-NWT-62786339F3FD66C36B79E9E2
FREEKNIGHT	FREEKNIGHT	poshmark.com	HTTPS://POSHMARK.COM/LISTING/FREEKNIGHT-HIKING-BACKPACK-64A32C61253A8C6DE741C290
FREEPRANCE	FREEPRANCE	poshmark.com	HTTPS://POSHMARK.COM/LISTING/FREE-PRANCE-WIDE-LEGGED-COMFY-PANTS-ELASTIC-WAIST-WITH-A-DRAW-STRING-TIE-63FA96B2F644E5D3A63EB61F
FREEPRANCE	FREEPRANCE	poshmark.com	HTTPS://POSHMARK.COM/LISTING/FREEPRANCE-BLACK-CASUAL-TROUSER-PAPER-BAG-PANTS-ELASTIC-WAIST-SLIM-POCKETS-XS-6418A3938634CB832487C662
FREEPRANCE	FREEPRANCE	poshmark.com	HTTPS://POSHMARK.COM/LISTING/WOMENS-BLACK-PAPER-BAG-WAIST-TROUSERS-SIZE-2XL-64453482EB7E7ACFCB90ECED
FRENCHMAY	FRENCHMAY	poshmark.com	HTTPS://POSHMARK.COM/LISTING/FRENCHMAY-AIR-FRYER-A370-61CD3B50BCDB2F442178BD33
FREORY	FREORY	poshmark.com	HTTPS://POSHMARK.COM/LISTING/CORK-YOGA-WHEEL-PRO-GRADE-13INCH-DHARMA-YOGA-PROP-6839DDDEE86380860CD6CAEF
FRESHASSURED	FRESHASSURED	poshmark.com	HTTPS://POSHMARK.COM/LISTING/FRESH-ASSURED-PREMIUM-MYLAR-BAGS-30PCS-1GALLON-PERFECT-FOR-FOOD-STORAGE-DR8-667358A6EBA4C474D1192A39
FRESHORE	FRESHORE	poshmark.com	HTTPS://POSHMARK.COM/LISTING/FRESHORE-2-BOTTLE-WINE-TOTE-BAG-BROWN-BLACK-652274A5E94898E1441AEA91
FRESION	FRESION	poshmark.com	HTTPS://POSHMARK.COM/LISTING/ANTITHEFT-TRAVEL-LAPTOP-BACKPACK-BAG-5E506429A20DFCB58DEF3695
FRESMOL	FRESMOL	poshmark.com	HTTPS://POSHMARK.COM/LISTING/FRESMOL-AIR-DUSTER-W-CLEANING-KIT-6677D36415AD541A03F7C638
FRESTAR	FRESTAR	poshmark.com	HTTPS://POSHMARK.COM/LISTING/FRESTAR-BABY-BLUE-SHEER-FLORAL-OVERLAY-PUFF-SLEEVE-CROP-TOP-SIZE-LARGE-67E85B98F6035A2CC69CCB9D
FRETREE	FRETREE	poshmark.com	HTTPS://POSHMARK.COM/LISTING/FRETREE-CAMPING-AIR-SLEEPING-PAD-MAT-634C5811DBB0E705DACCC14F
FREWICO	FREWICO	poshmark.com	HTTPS://POSHMARK.COM/LISTING/FREWICO-X10-BLUETOOTH-SPEAKER-WATCH-MP3-PLAYER-WATERPROOF-WITH-TWSVOICE-CONTROL-670698CF8FA2071A8F72E857
FREYJA	FREYJA	poshmark.com	HTTPS://POSHMARK.COM/LISTING/FREYJA-COLLECTION-BODY-LOTION-5D5E36252F483157620E3A9A
FRH	FRH	poshmark.com	HTTPS://POSHMARK.COM/LISTING/FRH-SILVER-SANDALS-646567A456B2F8563D814AA0
FRIDAY7CARE	FRIDAY7CARE	poshmark.com	HTTPS://POSHMARK.COM/LISTING/FRIDAY-7CARE-BABY-EAR-PROTECTION-62C5998C3CDA88C163997332
FRIDGEMATE	FRIDGEMATE	poshmark.com	HTTPS://POSHMARK.COM/LISTING/3-PIECE-FRIDGEMATE-VENTED-LOCKING-LID-NESTING-STORAGE-SET-6383F71397B5D05D35AF387A
FRIGHTNIGHTBYARDELL	FRIGHTNIGHTBYARDELL	poshmark.com	HTTPS://POSHMARK.COM/LISTING/FRIGHT-NIGHT-BY-ARDELL-FAIRY-WITCH-LASHES-6174F267B721A18F471F386A
FRIGHTNIGHTBYARDELL	FRIGHTNIGHTBYARDELL	poshmark.com	HTTPS://POSHMARK.COM/LISTING/FRIGHT-NIGHT-BY-ARDELL-SPOOKY-LASHES-6307572AA0E6C6A7F317F134
FRILUFTS	FRILUFTS	poshmark.com	HTTPS://POSHMARK.COM/LISTING/FRILUFTS-LUINO-40-TRAVEL-BACKPACK-6240BF74108A245B26C197F1
FRILUFTS	FRILUFTS	poshmark.com	HTTPS://POSHMARK.COM/LISTING/FRILUFTS-LONG-WOOLFLEECE-JACKET-66FF07A6142AD47EB048E189
FRISUN	FRISUN	poshmark.com	HTTPS://POSHMARK.COM/LISTING/CCO-FRISUN-DOUBLE-DISCOUNTSDISCOUNT-ON-ITEMS-SHIPPING-633902D9382DB827A49DD4D1
FRLEDM	FRLEDM	poshmark.com	HTTPS://POSHMARK.COM/LISTING/FRLEDM-EYELASH-GROWTH-SERUM-68BE051B2326C84DB2031E9A
FROBUTTER	FROBUTTER	poshmark.com	HTTPS://POSHMARK.COM/LISTING/FRO-BUTTER-PEPPERMINT-6292A94A2A1EFFC2CBE48137
FROGLEGGS	FROGLEGGS	poshmark.com	HTTPS://POSHMARK.COM/LISTING/FROGLEGGS-4-PC-KEY-CHAIN-LIGHT-SET-NWT-61C91FF49C33787A46DECA7D
FROTHLABS	FROTHLABS	poshmark.com	HTTPS://POSHMARK.COM/LISTING/FROTH-LABS-ELECTRIC-MILK-FROTHER-STEAMER-FOR-COFFEE-ESPRESSO-LATTES-67A148729CEAF7BCFA22533E
FROZENZEN	FROZENZEN	poshmark.com	HTTPS://POSHMARK.COM/LISTING/FROZEN-ZEN-ICE-BATHCOLD-PLUNGE-67756081896C383D5FE66711
FROZZUR	FROZZUR	poshmark.com	HTTPS://POSHMARK.COM/LISTING/FEMALE-BODY-SHAPED-RESIN-PLANTERS-5IN-DIAMETER-WITH-DRAINAGE-HOLES-NWOT-67BB5A4A775CAF9E16B374DE
FRSHANIAH	FRSHANIAH	poshmark.com	HTTPS://POSHMARK.COM/LISTING/FRSHANIAH-ATHLETIC-SHOES-642EDAF41645F7071F4898BC
FRSHANIAH	FRSHANIAH	poshmark.com	HTTPS://POSHMARK.COM/LISTING/FRSHANIAH-MEN-ATHLETIC-SHOES-BREATHABLE-RUNNING-SHOES-NONSLIP-FASHION-SNEAKERS-6207CC5BCE1E87126FB3F506
FRSHANIAH	FRSHANIAH	poshmark.com	HTTPS://POSHMARK.COM/LISTING/FRSHANIAH-MEN-ATHLETIC-SHOES-6413B8FFFFB5D055E07C3188
FRSHANIAH	FRSHANIAH	poshmark.com	HTTPS://POSHMARK.COM/LISTING/FRSHANIAH-WOMENS-RUNNING-SNEAKERS-676BD5FCD507467B8096B6CF
FRUEO	FRUEO	poshmark.com	HTTPS://POSHMARK.COM/LISTING/FRUEO-BLACK-SHORT-SLEEVE-POLO-SHIRT-MENS-SIZE-MEDIUM-671A7C31E0F2CEE85E14E1DA
FSNEY	FSNEY	poshmark.com	HTTPS://POSHMARK.COM/LISTING/FSNEY-HOT-AIR-DRYER-MULTI-FUNCTION-HAIR-DRYER-BRUSH-65C2E82C614973ADEF133153
FSVGYY	FSVGYY	poshmark.com	HTTPS://POSHMARK.COM/LISTING/FSVGYY-WIND-CHIMES-OUTDOOR-LARGE-DECOR-DEEP-TONE-SOOTHING-657D48B132B78666F4025FB5
FSVOS	FSVOS	poshmark.com	HTTPS://POSHMARK.COM/LISTING/TAN-SUEDE-BLUE-DENIM-FEATHER-COWBOY-FEDORA-LARGE-FLOPPY-HAT-668F3789BFD9A67CBF56A9DB
FTBY	FTBY	poshmark.com	HTTPS://POSHMARK.COM/LISTING/NWOT-BLACK-TULLE-KENDALL-JENNER-DRESS-66AC78309B37C7F7F2C1A4BE
FUBARBAR	FUBARBAR	poshmark.com	HTTPS://POSHMARK.COM/LISTING/FUBARBAR-GARBAGE-TRUCK-TOYS-FUBAR-143-BRUDER-TONKA-TRASH-TRUCKS-MODEL-677C9C23981D48327277E16A
FUELMEFOOT	FUELMEFOOT	poshmark.com	HTTPS://POSHMARK.COM/LISTING/FUELMEFOOT-COMPRESSION-SOCKS-6442DE0E1645F7E5F3CDCCB8
FUETI	FUETI	poshmark.com	HTTPS://POSHMARK.COM/LISTING/FUETI-MAGNETIC-GARAGE-SCREEN-DOOR-2-CAR-BLACK-65F097483B982A6B6D25B864
FUHAYA	FUHAYA	poshmark.com	HTTPS://POSHMARK.COM/LISTING/USB-C-CAR-CHARGER-ADAPTER-40W-DUAL-USB-C-CAR-CHARGER-CIGARETTE-LIGHTER-WCABLES-666F5913F625337329E40AF6
FULAIDA	FULAIDA	poshmark.com	HTTPS://POSHMARK.COM/LISTING/FULAIDA-WATCH-605E317409D760A3A21D522E
FULEXT	FULEXT	poshmark.com	HTTPS://POSHMARK.COM/LISTING/FULEXT-BLUETOOTH-HEADBANDSLEEPING-SPORTS-HEADPHONES-HEADSET-WBUILT-IN-SPEAKERS-65ADEA09ACF4620C82631013
FULLCHEEKS	FULLCHEEKS	poshmark.com	HTTPS://POSHMARK.COM/LISTING/FULL-CHEEKS-HAMSTER-CAGE-66FE1F09B9DB3A8240F4FE0C
FUNDAISY	FUNDAISY	poshmark.com	HTTPS://POSHMARK.COM/LISTING/FUNDAISY-BLACK-SEQUINS-FRINGE-1920S-FLAPPER-DRESS-648FB01892E491CAEB308AD2
FUNDAISY	FUNDAISY	poshmark.com	HTTPS://POSHMARK.COM/LISTING/FUNDAISY-GATSBYFLAPPER-STYLE-DRESS-6589F490253A8C7543C8D57F
FUNDY	FUNDY	poshmark.com	HTTPS://POSHMARK.COM/LISTING/FUNDY-BLUE-JACKET-661593ECFE7E2C6A148FBCA8
FUNIGHT	FUNIGHT	poshmark.com	HTTPS://POSHMARK.COM/LISTING/KN95-FOLDABLE-PROTECTIVE-MASK-20-NEW-6334D153B635F836D1527CE4
FUNJO	FUNJO	poshmark.com	HTTPS://POSHMARK.COM/LISTING/FUNJO-POP-NETFLIX-THE-WITCHER-YENNEFER-6302BEE8CBDA473CA8133BB4
FUNKYFINGERS	FUNKYFINGERS	poshmark.com	HTTPS://POSHMARK.COM/LISTING/FUNKY-FINGERS-NAIL-POLISH-58CDEDFF5C12F87AC3033169
FUNLOOM	FUNLOOM	poshmark.com	HTTPS://POSHMARK.COM/LISTING/FUNLOOM-RUBBER-BAND-BRACELET-KIT-BONUS-300-BANDS-5FB8122DB51256B388C35324
FUNMIER	FUNMIER	poshmark.com	HTTPS://POSHMARK.COM/LISTING/WHITE-BATHROOM-SINK-MODERN-RECTANGULAR-WALL-MOUNT-VESSEL-SINK-22-X-18-667E43CB04B36D87853BFB56
FUNNA	FUNNA	poshmark.com	HTTPS://POSHMARK.COM/LISTING/PRINCESS-JASMINE-COSTUME-BY-FUNNA-AMAZON-SIZE-56-64E61D71DFF94D870FA6AD2B
FUNNYLAZYBONES	FUNNYLAZYBONES	poshmark.com	HTTPS://POSHMARK.COM/LISTING/BABY-ORGANIC-SHORTS-SUSPENDERS-630FA8E556B2F8AF83233F73
FUNOC	FUNOC	poshmark.com	HTTPS://POSHMARK.COM/LISTING/FUNOC-WOMENS-DRESS-5B9078F134A4EFCD5CD01E5C
FUNPAC	FUNPAC	poshmark.com	HTTPS://POSHMARK.COM/LISTING/NEW-FUN-PAC-ULTRALIGHT-SLEEPING-PAD-WITH-PILLOW-INFLATABLE-PADS-MATTRESS-685078F4BDCB04289A6AB879
FUNSOUND	FUNSOUND	poshmark.com	HTTPS://POSHMARK.COM/LISTING/EAR-BUDS-FOR-SLEEPING-NOISE-REDUCTION-6844AB9D9F034C170D071983
FUNSTRUCTION	FUNSTRUCTION	poshmark.com	HTTPS://POSHMARK.COM/LISTING/FUNSTRUCTION-TOYSSPORTS-CAR-LEGOS-664A4F3ED3309FB82B491142
FUNTEREST	FUNTEREST	poshmark.com	HTTPS://POSHMARK.COM/LISTING/BLACK-LEAF-WALL-DECOR-MODERN-WALL-ART-HOME-DECOR-SET-OF-3-METAL-WALL-HANGING-686DAB59AD0EEA44EC511BF0
FUNWOO	FUNWOO	poshmark.com	HTTPS://POSHMARK.COM/LISTING/FUNWOO-STUDIO-SHEARLING-JACKET-6568C5E64BF9FFFC38037F42
FUNXIM	FUNXIM	poshmark.com	HTTPS://POSHMARK.COM/LISTING/ONE-FUNXIM-STANDARD-SKATEBOARD-FOR-KIDS-31-X-8-INCH-4-WHEELS-7-LAYER-MAPLE-64C54765FE2504EB65906FBE
FUQIDO	FUQIDO	poshmark.com	HTTPS://POSHMARK.COM/LISTING/FUQIDO-GAMING-CHAIR-62A52CB3163DF40EAEC1C303
FURCROSS	FURCROSS	poshmark.com	HTTPS://POSHMARK.COM/LISTING/COFACE-WOMENS-FUZZY-SLIDES-FLUFF-FAUX-FURCROSS-SLIPPERS-78-685286ABAC1F764B67A9C723
FURHUA	FURHUA	poshmark.com	HTTPS://POSHMARK.COM/LISTING/30PCS-SUPER-HOOK-PICTURE-HANGERS-HEAVY-DUTY-DRYWALL-HOOKS-FOR-HANGING-PICTURES-681353CF37521825073EE8C7
FURIDEN	FURIDEN	poshmark.com	HTTPS://POSHMARK.COM/LISTING/NEW-FURIDEN-PROFESSIONAL-HAIR-STRAIGHTENER-5E6DE41E22BD7C3169326FD1
FURIDENLITE	FURIDENLITE	poshmark.com	HTTPS://POSHMARK.COM/LISTING/FURIDEN-LITE-DUAL-VOLTAGE-TRAVEL-CURLING-IRON-65975CF72FBF1A27CDF59FDF
FURNINXS	FURNINXS	poshmark.com	HTTPS://POSHMARK.COM/LISTING/FURNINXS-FNFLS2-ADJUSTABLE-HOLDER-ERGONOMIC-PORTABLE-LAPTOP-STAND-FIT-11173-65BD66EB9464F3A8ADE44484
FURORALIGHTING	FURORALIGHTING	poshmark.com	HTTPS://POSHMARK.COM/LISTING/LED-PILLAR-CANDLES-FLAMELESS-CANDLE-REMOTE-GREEN-OMBRE-SET-OF-8-FURORA-LIGHTING-664BF4DAB3EF62C659ED838B
FURRAIN	FURRAIN	poshmark.com	HTTPS://POSHMARK.COM/LISTING/FURRAIN-PIE-WEIGHTSBAKING-BEANS-62C37930CB692C873787AA36
FURRYTALE	FURRYTALE	poshmark.com	HTTPS://POSHMARK.COM/LISTING/DISNEY-FURRYTALE-FRIENDS-LADY-AND-THE-TRAMP-PLAYSET-JOCK-STARTER-HOME-PLAYSET-643DFDD9EBA4C4DD35459887
FURUYAL	FURUYAL	poshmark.com	HTTPS://POSHMARK.COM/LISTING/XXL-FURUYAL-LINEN-SUIT-3-PIECES-VINTAGE-RETRO-WEDDING-PROM-SUITS-SLIM-FIT-JACKET-66C08E4104B36DA744EDF2F7
FUSOTO	FUSOTO	poshmark.com	HTTPS://POSHMARK.COM/LISTING/FUSOTO-2PCS-INTERACTIVE-DOG-BALLS-DOG-TOYS-FOR-BOREDOM-AND-STIMULATING-DOG-TOY-640AE01E4AC341802BC80C07
FUTURECHARGER	FUTURECHARGER	poshmark.com	HTTPS://POSHMARK.COM/LISTING/FUTURECHARGER-WIRELESS-CHARGING-MOUSE-PAD-GAMING-PAD-68535B0D9F034C748B7283A8
FUTURECOLLECTIVEWITHKAHLANA	FUTURECOLLECTIVEWITHKAHLANA	poshmark.com	HTTPS://POSHMARK.COM/LISTING/FUTURE-COLLECTIVE-WITH-KAHLANA-BARFIELD-BROWN-WOMENS-BOMBER-JACKET-636F765052EEE1BD999823D9
FUTURECOLLECTIVEWITHREESE	FUTURECOLLECTIVEWITHREESE	poshmark.com	HTTPS://POSHMARK.COM/LISTING/WOMENS-LONG-SLEEVE-NOTCHED-COLLAR-CORD-BLAZER-FUTURE-COLLECTIVE-WITH-REE-655136C04BA08A85A2B68A9B
FUTUREHYDRATE	FUTUREHYDRATE	poshmark.com	HTTPS://POSHMARK.COM/LISTING/FUTURE-HYDRATE-8OZ-BLACK-LEATHER-FLASK-WITH-STAINLESS-STEEL-COLLAPSIBLE-CUP-67B6A8B82839BCBC9817149C
FUZBIGAZA	FUZBIGAZA	poshmark.com	HTTPS://POSHMARK.COM/LISTING/THREE-ADJUSTABLE-DOG-INCONTINENCE-DIAPERS-66899DE774127197D19E8612
FUZZIBLEFRIENDS	FUZZIBLEFRIENDS	poshmark.com	HTTPS://POSHMARK.COM/LISTING/FUZZIBLE-FRIENDS-643BC0A4375218B7748A57E5
FUZZIBLEFRIENDS	FUZZIBLEFRIENDS	poshmark.com	HTTPS://POSHMARK.COM/LISTING/FUZZIBLE-FRIENDS-CUDDLES-THE-PUPPY-PLUSH-LIGHT-UP-TOY-WITH-SOUNDS-PHRASES-62D50063941F17CE36D84D95
FUZZIBLEFRIENDS	FUZZIBLEFRIENDS	poshmark.com	HTTPS://POSHMARK.COM/LISTING/FUZZIBLE-FRIENDS-CUDDLES-THE-PUPPY-PLUSH-LIGHT-UP-TOY-62D50063941F17CE36D84D95
FVTGA	FVTGA	poshmark.com	HTTPS://POSHMARK.COM/LISTING/4K-NIGHT-VISION-BINOCULARS-FOR-ADULTS-3CAN-SAVE-PHOTO-S-AND-VIDEO-6407BF2CFED51F219FA4665F
FXTIAA	FXTIAA	poshmark.com	HTTPS://POSHMARK.COM/LISTING/LEDFACELIGHTTHERAPY-7-IN-1-COLOR-LED-FACE-MASK-FACIAL-BODY-BEAUTY-EQUIPMENT-66EF2245F88471AD986C8A8F
FXYXGYC	FXYXGYC	poshmark.com	HTTPS://POSHMARK.COM/LISTING/NEW-PORTABLE-TOUCHSCREEN-INTELLIGENT-VOICE-TRANSLATOR-WIFI-645A69E1FB7304C1D5BB50C6
FY317	FY317	poshmark.com	HTTPS://POSHMARK.COM/LISTING/BIKE-LIGHT-LED-FY317-ILLUMINATION-MODES-6014A127A4DE41C7AE099544
FYHART	FYHART	poshmark.com	HTTPS://POSHMARK.COM/LISTING/FYHART-POWER-SUPERB-ROLLER-SKATES-62E2B465DFF94D30421788FE
FYHEART	FYHEART	poshmark.com	HTTPS://POSHMARK.COM/LISTING/FYHEART-GROW-LIGHTFULL-SPECTRUM-LED-GROW-LIGHTS-WITH-6-LIGHT-TUBES-63CB85B6046D74C712DFE8D6
FYP	FYP	poshmark.com	HTTPS://POSHMARK.COM/LISTING/FYP-HATS-5DAB5DF99ED36DE9FC6FCCD0
FYTTO	FYTTO	poshmark.com	HTTPS://POSHMARK.COM/LISTING/FYTTO-BLACK-COMPRESSION-SOCKS-SMALL-SIZE-NEW-5B173EC08AD2F9DB6F4EB911
G2RISE	G2RISE	poshmark.com	HTTPS://POSHMARK.COM/LISTING/G2RISE-POLARIZED-SUNGLASSES-655D1317253A8C250D1C825E
GAATPOT	GAATPOT	poshmark.com	HTTPS://POSHMARK.COM/LISTING/GAATPOT-LINED-MULESCLOGS-UNISEX-12-WOMENS105-MENS-IN-GRAY-65DF023F7321B0D5A4C81F2E
GABBAY	GABBAY	poshmark.com	HTTPS://POSHMARK.COM/LISTING/GABBAY-5F740029800F64E1C5EFEC01
GABEFISH	GABEFISH	poshmark.com	HTTPS://POSHMARK.COM/LISTING/BLIND-DOG-HARNESS-GUIDING-DEVICE-MEDIUM-DOG-HALO-PET-ANTICOLLISION-HARNESS-RED-67678895D909599F395DC789
GACKOKO	GACKOKO	poshmark.com	HTTPS://POSHMARK.COM/LISTING/GACKOKO-FACIAL-CLEANSING-BRUSHWATERPROOF-FACE-SPIN-BRUSH-SET-BLUE-63D3FD7004166D5F196B2EF5
GADINO	GADINO	poshmark.com	HTTPS://POSHMARK.COM/LISTING/GADINO-ULTRASONIC-PEST-REPELLENT-ELECTRONIC-REPELLER-MICE-BUG-INSECT-6-PLUG-INS-68115820538BEB00A568E1CB
GADOLE	GADOLE	poshmark.com	HTTPS://POSHMARK.COM/LISTING/GADOLE-8X-CERVICAL-SUPPORT-SIDE-PILLOW-NEVK-PAIN-RELIEF-CONTOUR-MEMORY-FOAM-NEW-65354D224BF9FF97D04CFC9A
GAGABODY	GAGABODY	poshmark.com	HTTPS://POSHMARK.COM/LISTING/GAGABODY-ELIZABETHAN-COLLAR-WATERRESISTANT-SOFT-ADJUSTABLE-PROTECTIVE-CONE-6341DAA71FD5E3D3F83C393E
GAHENWO	GAHENWO	poshmark.com	HTTPS://POSHMARK.COM/LISTING/60-PHONE-TRIPOD-SELFIE-STICK-WITH-REMOTE-6728F17E19852418207A0FDF
GAHOO	GAHOO	poshmark.com	HTTPS://POSHMARK.COM/LISTING/GAHOO-13IN1-STEM-SOLAR-ROBOT-KIT-DIY-BUILDING-SCIENCE-LEARNING-YELLOW-67C10336450B4243288699CE
GAIMGLASS	GAIMGLASS	poshmark.com	HTTPS://POSHMARK.COM/LISTING/GAIMGLASS-FOR-SHOOTER-GAMES-ATTACHES-TO-YOUR-MONITOR-67871E8B2068479400E7A992
GAINKEE	GAINKEE	poshmark.com	HTTPS://POSHMARK.COM/LISTING/GAINKEE-CLIP-AND-ZIP-WAIST-TRAINER-CORSET-613F9A3843895FAFCE127B35
GALEBEIREN	GALEBEIREN	poshmark.com	HTTPS://POSHMARK.COM/LISTING/GALEBEIREN-FAUX-LARGE-FERN-45-STEM-INDOOR-OUTDOOR-66B31C070E5172CB468CD1BD
GALIVA	GALIVA	poshmark.com	HTTPS://POSHMARK.COM/LISTING/6-PAIR-GALIVA-MENS-OVER-CALF-SOCKS-COTTON-SPANDEX-AND-ELASTIC-WARM-SMALL-THICK-671AF17ECF86B1DBB9FF1386
GALLSTEP	GALLSTEP	poshmark.com	HTTPS://POSHMARK.COM/LISTING/GALLSTOP-BLUETOOTH-SPEAKER-LED-LAMP-ALARM-CLOCK-6456A5564BC6555F6A342D14
GALPHI	GALPHI	poshmark.com	HTTPS://POSHMARK.COM/LISTING/GALPHI-Q2-DASH-CAMERA-663C3BD082DCEB6C898E4E42
GALPHI	GALPHI	poshmark.com	HTTPS://POSHMARK.COM/LISTING/DASH-CAM-64074A86C1C34683D8D3FC9A
GALSOAR	GALSOAR	poshmark.com	HTTPS://POSHMARK.COM/LISTING/GALSOAR-CAR-VACUUM8000PA-HIGH-POWER-CAR-VACUUM-CLEANER-620C5C9CC32EE6CD8E51389E
GALSPORTS	GALSPORTS	poshmark.com	HTTPS://POSHMARK.COM/LISTING/GALSPORTS-EXERCISE-BALL-64A979921741BEDE309B9E58
GALTAMERICA	GALTAMERICA	poshmark.com	HTTPS://POSHMARK.COM/LISTING/GALT-AMERICA-USA-PATRIOTIC-TSHIRT-NEW-XL-66777933842DD4F2CB11A4CB
GAMAGESOFLONDON	GAMAGESOFLONDON	poshmark.com	HTTPS://POSHMARK.COM/LISTING/SALENEWAUTHENTIC-GAMAGES-OF-LONDON-MENS-WATCH-61235ABBBCDB2F40B3BADF67
GAMCATZ	GAMCATZ	poshmark.com	HTTPS://POSHMARK.COM/LISTING/VERY-GENTLY-USED-WIRELESS-KEYBOARD-WSIDE-NUMERIC-KEY-PADS-659B54EA64F5A2C1FB4F3381
GAMCATZ	GAMCATZ	poshmark.com	HTTPS://POSHMARK.COM/LISTING/GAMCATZ-WIRELESS-KEYBOARD-WITH-MOUSE-63BDE32D4BD760FA8FA628C9
GAMENAMICS	GAMENAMICS	poshmark.com	HTTPS://POSHMARK.COM/LISTING/COMPLETE-KIDS-SOCCER-SET-62B49AF681A36C64FC0A37F7
GAMERIDER	GAMERIDER	poshmark.com	HTTPS://POSHMARK.COM/LISTING/GAMERIDER-ACCUMULATOR-GAME-STORAGE-TOWER-EUC-667B5376D399FF213FCB14F9
GAMMARAYOPTIX	GAMMARAYOPTIX	poshmark.com	HTTPS://POSHMARK.COM/LISTING/GAMMA-RAY-OPTIX-READERS-687B173AF62533FF1AA5A318
GAMZOO	GAMZOO	poshmark.com	HTTPS://POSHMARK.COM/LISTING/GAMZOO-STEM-BUILDING-REMOTE-CONTROL-CAR-6590B8C51741BE904757851D
GANDONE	GANDONE	poshmark.com	HTTPS://POSHMARK.COM/LISTING/GANDONE-IMMERSION-WATER-HEATER-FOR-HOT-AND-BATH-TUBS-67E0785107AC55F86042DE71
GANIBAY	GANIBAY	poshmark.com	HTTPS://POSHMARK.COM/LISTING/GANIBAY-PORTABLE-GARMENT-STEAMER-WHITE-6855D4F1B6AF926DBA0979FD
GANPOS	GANPOS	poshmark.com	HTTPS://POSHMARK.COM/LISTING/GANPOS-DRONE-WITH-1080P-DUAL-HD-CAMERA-2024-66211BBBCE706533A68EA7C5
GANSANRO	GANSANRO	poshmark.com	HTTPS://POSHMARK.COM/LISTING/NWT-GANSANRO-SWEAT-PANTS-5AB959A8739D485FD6A05E9B
GAORUI	GAORUI	poshmark.com	HTTPS://POSHMARK.COM/LISTING/BLACKGOLD-SIZE-75-LOW-HEEL-SHOE-6147831CC32EE6FCAB866BB6
GARAGESALEPUP	GARAGESALEPUP	poshmark.com	HTTPS://POSHMARK.COM/LISTING/GARAGE-SALE-PUP-THANK-YOU-LABELS-NWOT-NEVER-OPENED-68339969B944915D4B768260
GARATIA	GARATIA	poshmark.com	HTTPS://POSHMARK.COM/LISTING/GARATIA-MENS-HOUSE-SLIPPER-NWT-64334270B3EF62CFDBE6ABB0
GARDIAN	GARDIAN	poshmark.com	HTTPS://POSHMARK.COM/LISTING/GARDIAN-BELL-KEY-RING-NWT-5F4AA0C82CA9AB14570481B9
GARLANDO	GARLANDO	poshmark.com	HTTPS://POSHMARK.COM/LISTING/ALFONSO-GARLANDO-HEELS-5E542DA5A20DFCCAF5FEFEDD
GARMEE	GARMEE	poshmark.com	HTTPS://POSHMARK.COM/LISTING/GARMEE-ELECTRIC-PASTA-MAKER-MACHINE-NOODLE-MAKER-AUTOMATIC-SPAGHETTI-MAKER-683C032CB2780CC835CA595A
GARYVALENTI	GARYVALENTI	poshmark.com	HTTPS://POSHMARK.COM/LISTING/VTG-GARY-VALENTI-MASPETH-QUEENS-NY-BOWL-HAND-PAINTED-FLORAL-ITALY-11-AS-IS-678917E2AC1B04D360179702
GARYVALENTI	GARYVALENTI	poshmark.com	HTTPS://POSHMARK.COM/LISTING/VINTAGEGARY-VALENTI-OVAL-PASTA-PLATTER-MADE-IN-ITALY-68128B3FEF1EF777115B236F
GARYWAY	GARYWAY	poshmark.com	HTTPS://POSHMARK.COM/LISTING/GARYWAY-MASSAGE-GUN-DEEP-TISSUE-MUSCLE-WITH-9-HEAD-ATTACHMENTS-HANDHELD-PORTABLE-626B7BE04FD23AC8C0D40345
GASSDA	GASSDA	poshmark.com	HTTPS://POSHMARK.COM/LISTING/GASSDA-MESH-BEACH-BAG-BEACH-BAGS-FOR-WOMEN-BEACH-BAG-TOTE-LARGE-BEACH-TOTE-BAG-655460448D7A3C6A5250045C
GATGOODS	GATGOODS	poshmark.com	HTTPS://POSHMARK.COM/LISTING/NWT-GATGOODS-GRAVITY-ELECTRIC-SALT-AND-PEPPER-GRINDER-SET-65AE198158083DE637055B01
GATICHETTA	GATICHETTA	poshmark.com	HTTPS://POSHMARK.COM/LISTING/SELF-ADHESIVE-VINYL-CRAFT-PERMANENT-VINYL-ROLL-12-X-10FT-FOR-VINYL-CUTTER-646A74698BB2E25D745DBB02
GAVASTO	GAVASTO	poshmark.com	HTTPS://POSHMARK.COM/LISTING/GAVASTO-IMMERSION-BLENDER-JHB328-800-WATTS-15-VARIABLE-SPEEDS-4-PRONG-NEW-673229E0C479B86BAFAFBC1D
GAXCO	GAXCO	poshmark.com	HTTPS://POSHMARK.COM/LISTING/NEW-GAXCO-SMALL-CATDOG-CARRIER-616F4A44163DF44F5CA0B44F
GAZIGO	GAZIGO	poshmark.com	HTTPS://POSHMARK.COM/LISTING/GAZIGO-BACKPACK-FOR-WOMEN-NYLON-TRAVEL-BACKPACK-PURSE-BLACK-SHOULDER-BAG-SMALL-659AD958E863803B92B5A905
GBASICS	GBASICS	poshmark.com	HTTPS://POSHMARK.COM/LISTING/GBASICS-INKLESS-SHIPPING-LABEL-PRINTER-NEW-68292A7D95538395F367C7DA
GBG	GBG	poshmark.com	HTTPS://POSHMARK.COM/LISTING/G-BY-GUESS-CANVAS-GBG-LOS-ANGELES-SHOES-64F0FB1017FB4BAF17C15F76
GBGBEAUTY	GBGBEAUTY	poshmark.com	HTTPS://POSHMARK.COM/LISTING/GBG-BEAUTY-MAKEUP-YOUR-EYES-DRAMATIC-LASHES-BLACK-MASCARA-6618404FE34C307803079F76
GCATACC	GCATACC	poshmark.com	HTTPS://POSHMARK.COM/LISTING/GCATACC-PRO-PROFESSIONAL-10-PIECE-DENTAL-TOOLS-WITH-CASE-655A2188948FFEBC4A32311C
GCQC	GCQC	poshmark.com	HTTPS://POSHMARK.COM/LISTING/GCQC-PINK-CHECKERED-THROW-BLANKET-KNITTED-CHECKERBOARD-FLUFFY-SHAGGY-NEW-6612CC284FBBFD74E0E94FC5
GEARARI	GEARARI	poshmark.com	HTTPS://POSHMARK.COM/LISTING/BRAND-GEARARIPOSTURE-CORRECTOR-FOR-MEN-AND-WOMEN-62C82B6281A36C0028C46CCC
GEARARI	GEARARI	poshmark.com	HTTPS://POSHMARK.COM/LISTING/GEARARI-POSTURE-CORRECTOR-BACK-BRACE-FOR-CLAVICLE-SUPPORT-SIZE-SMALL-REGULAR-67EF11D3A95105B3420EC98D
GEBOOR	GEBOOR	poshmark.com	HTTPS://POSHMARK.COM/LISTING/GEBOOR-DIY-OIL-PAINTING-DRAWING-W-BRUSHES-PAINT-PAINT-BY-NUMBER-KIT-FOR-ADULTS-61D432CD4FD23A5956753CB7
GEEKCLICK	GEEKCLICK	poshmark.com	HTTPS://POSHMARK.COM/LISTING/NIB-DIGITAL-FOOD-SCALE-6610CBCFA0AEB7C100823C1B
GEEKEE	GEEKEE	poshmark.com	HTTPS://POSHMARK.COM/LISTING/GEEKEE-TRUE-WIRELESS-BLUETOOTH-50-EARBUDS-675B56F26CCBB6C166053597
GEEKERA	GEEKERA	poshmark.com	HTTPS://POSHMARK.COM/LISTING/GEEKERA-WIRELESS-CHARGER-3-IN-1-CHARGING-STATION-6350250BC1C346AEA3A7C681
GEEMAI	GEEMAI	poshmark.com	HTTPS://POSHMARK.COM/LISTING/GEEMAI-WIRELESS-KEYBOARD-AND-MOUSE-642E1C73382DB8DFAA58767D
GEEMO	GEEMO	poshmark.com	HTTPS://POSHMARK.COM/LISTING/GEEMO-60F9BD1281A36CAB42DCDB01
GEERDUO	GEERDUO	poshmark.com	HTTPS://POSHMARK.COM/LISTING/GEERDUO-PET-CARRIER-TOTE-656E93E98634CB75F3813521
GEESENSS	GEESENSS	poshmark.com	HTTPS://POSHMARK.COM/LISTING/AMAZON-GEESENSS-ACTIVE-RAINCOAT-WATERPROOF-WINDBREAKER-JACKET-SMALL-MINT-GRAY-63B86C0CF644E534BE966E26
GEJRIO	GEJRIO	poshmark.com	HTTPS://POSHMARK.COM/LISTING/CAR-SNOW-BRUSH-WITH-DETACHABLE-ICE-SCRAPER-61BA4A5ABCBB52D295309071
GELAPEEL	GELAPEEL	poshmark.com	HTTPS://POSHMARK.COM/LISTING/GELAPEEL-3PACK-CRAFT-KIT-6514C6A918D1C2E0BE513A2D
GELEISEN	GELEISEN	poshmark.com	HTTPS://POSHMARK.COM/LISTING/GELEISEN-ELECTRIC-BIKE-658F2780308F07F9F057BF43
GELPAL	GELPAL	poshmark.com	HTTPS://POSHMARK.COM/LISTING/GELPAL-EXTENDED-PORTABLE-CORDLESS-NAIL-DRILL-FOR-ACRYLIC-NAILS-30000RPM-NWT-65ADBF40046D74A90C7E6CED
GENHOO	GENHOO	poshmark.com	HTTPS://POSHMARK.COM/LISTING/GENHOO-WOMENS-LONG-SLEEVE-SINGLE-BUTTON-BLAZER-WITH-ZIPPER-POCKETS-SIZE-MEDIUM-653076BE17FB4B332D1F6EBD
GENIEHOURGLASS	GENIEHOURGLASS	poshmark.com	HTTPS://POSHMARK.COM/LISTING/GENIE-HOURGLASS-WAIST-TRAINING-BELT-CREAM-67B25DE9C3837272633BA8D7
GENNISSY	GENNISSY	poshmark.com	HTTPS://POSHMARK.COM/LISTING/NEW-GENNISSY-STAINLESS-STEEL-188-HIP-FLASK-LEATHER-AMERICAN-FLAG-647E749D87A2F5A818560145
GENSKIN	GENSKIN	poshmark.com	HTTPS://POSHMARK.COM/LISTING/GENSKIN-HYDRATING-MARINE-ALGAE-EYE-PATCHES-608F4BC5163DF408282D6840
GENSKIN	GENSKIN	poshmark.com	HTTPS://POSHMARK.COM/LISTING/GENSKIN-HYDRATING-MARINE-ALGAE-EYE-PATCHES-FROM-GENERATION-SKIN-30-PAIRS-617B5BE6BB5937AD27205758
GENTLESOULSSIGNATURE	GENTLESOULSSIGNATURE	poshmark.com	HTTPS://POSHMARK.COM/LISTING/GENTLE-SOULS-SIGNATURE-BY-KENNETH-COLE-BLACK-WEDGE-SANDALS-66D34637142AD4C0D87FCDA1
GENUINETHERMOSBRAND	GENUINETHERMOSBRAND	poshmark.com	HTTPS://POSHMARK.COM/LISTING/GENUINE-THERMOS-BRAND-VACUUM-INSULATED-STAINLESS-STEEL-THERMOS-40-OZ-12-L-64AC73507DFCC283970E6970
GENUSKIN	GENUSKIN	poshmark.com	HTTPS://POSHMARK.COM/LISTING/GENUSKIN-SUEDE-JACKET-657B647BBD0629271109D8A2
GEOELEPH	GEOELEPH	poshmark.com	HTTPS://POSHMARK.COM/LISTING/GEOELEPH-NEW-WOMENS-SIZE-6-CASUAL-SLIP-ON-LOAFERS-COMFORT-FLATS-RED-65C604BD14D7A60874AE9622
GEPROSMA	GEPROSMA	poshmark.com	HTTPS://POSHMARK.COM/LISTING/GEPROSMA-SUPER-BRIGHT-HANDHELD-SPOTLIGHT-FLASHLIGHT-RECHARGEABLE-CORDLESS-64912F5172F45F363E95D23E
GERUNSI	GERUNSI	poshmark.com	HTTPS://POSHMARK.COM/LISTING/GERUNSI-SILK-SCARF-BA-609198F9E107BB2CB731FFBD
GERYMU	GERYMU	poshmark.com	HTTPS://POSHMARK.COM/LISTING/GERYMU-GARDEN-BAG-65415467A0AEB7B8461548DC
GERZ	GERZ	poshmark.com	HTTPS://POSHMARK.COM/LISTING/VINTAGE-GERZ-WEST-GERMANY-LIDDED-BEER-STEIN-COBALT-BLUE-LION-CREST-6543F38AA0AEB7D06980AB59
GESCHALLINO	GESCHALLINO	poshmark.com	HTTPS://POSHMARK.COM/LISTING/GESCHALLINO-WOMENS-FAUX-FUR-COAT-HOODED-FLUFFY-SHEARLING-JACKET-674B0945CF86B116F93E8007
GESEAN	GESEAN	poshmark.com	HTTPS://POSHMARK.COM/LISTING/GESEAN-MENS-COLOR-BLOCK-PULLOVER-FLEECE-SWEATSHIRT-LONG-SLEEVE-BLACK-HOODIE-Y3-62AFA98B83EA5855E781F5E9
GESMA	GESMA	poshmark.com	HTTPS://POSHMARK.COM/LISTING/GESMA-1080P-40FPS-WEBCAM-62C0F1A6AC97022916622C7B
GESOBYTE	GESOBYTE	poshmark.com	HTTPS://POSHMARK.COM/LISTING/HD-DIGITAL-TV-ANTENNA-AMPLIFIED-FULL-HDTV-MULTIPLE-INSTALLATIONS-EASY-SET-UP-NOB-67CDAF3325B2F228296C8561
GETOHAN	GETOHAN	poshmark.com	HTTPS://POSHMARK.COM/LISTING/GETOHAN-CANDLE-WARMER-LAMP-DIMMABLE-CANDLE-LAMP-66B85BF1D90D21A69EAF0416
GETUMP	GETUMP	poshmark.com	HTTPS://POSHMARK.COM/LISTING/X2GETUMP-CAR-SEAT-TRAVEL-BAG-BLACK-DURABLE-GATE-CHECK-BACKPACK-ADJUSTABLE-STRAPS-68858CF98D997702C2D8B731
GEYA	GEYA	poshmark.com	HTTPS://POSHMARK.COM/LISTING/MENS-HOLLOW-GEYA-WATCH-64EA49CDACF462CC90B4214C
GEYES	GEYES	poshmark.com	HTTPS://POSHMARK.COM/LISTING/BLUETOOTH-MOUSE-6297879ECF7B27B53CB60609
GFIEND	GFIEND	poshmark.com	HTTPS://POSHMARK.COM/LISTING/GFIEND-KIDS-PROTECTIVE-GEAR-609C7A53180136CD4ECBA21E
GGING	GGING	poshmark.com	HTTPS://POSHMARK.COM/LISTING/GGING-SHOULDER-BAG-5DA74EC17A81732B38B91BD3
GGPOWER	GGPOWER	poshmark.com	HTTPS://POSHMARK.COM/LISTING/G-BY-GUESS-GGPOWER-HIDDEN-WEDGE-SZ-10-SNEAKER-SHOE-66A019C9F33F71A1746EE8D3
GHDIP	GHDIP	poshmark.com	HTTPS://POSHMARK.COM/LISTING/GHDIP-FAST-DRYING-DIP-POWDER-STARTER-KIT-6834AEEE9B215832CF9C1418
GHFY	GHFY	poshmark.com	HTTPS://POSHMARK.COM/LISTING/GHFY-TACTICAL-DROP-LEG-HOLSTER-THIGH-PISTOL-GUN-HOLSTER-RIGHT-HAND-ADJUSTABLE-63AF7E5ECCFF63F58C767D3C
GIAMIA	GIAMIA	poshmark.com	HTTPS://POSHMARK.COM/LISTING/GIAMIA-DANCEWEAR-NWT-SPORTS-BRA-CHILD-M-64CBFBE217FB4B6AD5E6DDCD
GIBSONWHITEELEMENTS	GIBSONWHITEELEMENTS	poshmark.com	HTTPS://POSHMARK.COM/LISTING/GIBSON-WHITE-ELEMENTS-DINNER-PLATES-6833629AFEE4683240CC9E8F
GIDLI	GIDLI	poshmark.com	HTTPS://POSHMARK.COM/LISTING/KITCHEN-SCISSORS-6665E3E3F9927CEC209276A6
GIFEEZ	GIFEEZ	poshmark.com	HTTPS://POSHMARK.COM/LISTING/SPIN-MASTER-GIFEEZ-SPINNING-GIF-ART-STUDIO-ACTIVITY-STEAM-KID-ADULT-COLOR-NWT-672E1AC3DFF1F1CCC05D8626
GIFEEZ	GIFEEZ	poshmark.com	HTTPS://POSHMARK.COM/LISTING/GIFEEZ-SPIN-YOUR-ART-TO-LIFE-30-ANIMATIONS-5ECED16D9C33780D5EF8E9A0
GIFFFTED	GIFFFTED	poshmark.com	HTTPS://POSHMARK.COM/LISTING/2-GIFFFTED-MR-AND-MRS-MUGS-600956C2163DF41540A0CCA7
GIFFFTED	GIFFFTED	poshmark.com	HTTPS://POSHMARK.COM/LISTING/TRIPLE-GIFFFTED-MR-AND-MRS-CERAMIC-COFFEE-MUGS-12-OZ-BLACK-WHITE-GOLD-RIM-68059D9AA951056F4D2A390A
GIFFFTED	GIFFFTED	poshmark.com	HTTPS://POSHMARK.COM/LISTING/GIFFFTED-TRIPLE-GIFFFTED-MUG-BEST-CRAZY-LITTLE-SISTER-EVER-616EE7F2A4DE414A31437DD1
GIFTAGIRL	GIFTAGIRL	poshmark.com	HTTPS://POSHMARK.COM/LISTING/THREE-DACHSHUND-CERAMIC-PLANT-HOLDERS-WITH-WOODEN-BASE-637AE4CC81078AA7DD4DAE1C
GIGAMIC	GIGAMIC	poshmark.com	HTTPS://POSHMARK.COM/LISTING/KATAMINO-WOODEN-STRATEGY-GAME-GIGAMIC-LOGIC-PUZZLE-MATH-500-CHALLENGES-PERRILOT-673B6589E0F2CE6812351745
GIGAWARE	GIGAWARE	poshmark.com	HTTPS://POSHMARK.COM/LISTING/GIGAWARE-UNIVERSAL-GPS-DASH-MOUNT-683F2667FE4C6869A83CD10B
GIGGLEWAY	GIGGLEWAY	poshmark.com	HTTPS://POSHMARK.COM/LISTING/GIGGLEWAY-ROBOTIC-SCIENCE-KIT-65A66B9032C1DC1E630818C2
GIGGLYGOGGLES	GIGGLYGOGGLES	poshmark.com	HTTPS://POSHMARK.COM/LISTING/GIGGLY-GOGGLES-5B6B97516A0BB772E47B192D
GIGGLYGOGGLES	GIGGLYGOGGLES	poshmark.com	HTTPS://POSHMARK.COM/LISTING/GIGGLY-GOGGLES-FOR-SWIMMING-64938CB9ACF4620ED8829CAD
GIGIC	GIGIC	poshmark.com	HTTPS://POSHMARK.COM/LISTING/NWOT-GIGIC-LEATHER-BIKINI-TOPS-66A09443ED3F4A7512DD6C70
GIGIC	GIGIC	poshmark.com	HTTPS://POSHMARK.COM/LISTING/GIGIC-NWT-RILEY-SURFSUIT-IN-WHITE-SIZE-SMALL-6894A3EDB7F0AC6577E576F4
GIGIC	GIGIC	poshmark.com	HTTPS://POSHMARK.COM/LISTING/BRAND-NEW-GIGIC-BLACK-AND-WHITE-SWIMSUIT-6609BCF897B5D08B74709122
GIIVEN	GIIVEN	poshmark.com	HTTPS://POSHMARK.COM/LISTING/GIIVEN-32-OZ-VACUUM-INSULATED-GLACIER-BLUE-BOTTLE-NEW-675182E3693FF7C68B1C0DF2
GILDANPLATINUM	GILDANPLATINUM	poshmark.com	HTTPS://POSHMARK.COM/LISTING/GILDAN-PLATINUM-MENS-BRIEFS-BLACKCHARCOAL-6PACK-NWT-SIZE-2XL-64210034DFF94D6B5B8BC15B
GILLIANOMALLEY	GILLIANOMALLEY	poshmark.com	HTTPS://POSHMARK.COM/LISTING/GILLIANOMALLEY-BRIDE-RHINESTONE-ZIP-UP-HOODIE-60EB2B547F80D2D229F49014
GILUTA	GILUTA	poshmark.com	HTTPS://POSHMARK.COM/LISTING/GILUTA-RECTANGULAR-WOOD-AND-METAL-PENDANT-LIGHT-66D61AF29D05C47889B6B339
GIMUE	GIMUE	poshmark.com	HTTPS://POSHMARK.COM/LISTING/SMALL-CHECKERED-SHOULDER-BAGCROSSBODY-BAG-6793C268C479B832CD37A04D
GINAJOYFURNO	GINAJOYFURNO	poshmark.com	HTTPS://POSHMARK.COM/LISTING/FROZEN-FRUIT-ICE-CREAM-MAKER-HOUSEHOLD-FULLY-AUTOMATIC-MINI-DIY-SLUSHY-WHITE-61D6BA4CAE766FE8C54A6C97
GINCLEEY	GINCLEEY	poshmark.com	HTTPS://POSHMARK.COM/LISTING/BRAND-NEW-GINCLEEY-COMFORT-BIKE-SEAT-652770348634CBB535B4A182
GINEVA	GINEVA	poshmark.com	HTTPS://POSHMARK.COM/LISTING/GINEVA-MURANO-GLASS-JEWELRY-SET-61F1D9EB1801367BFF5FFB01
GINMEWRAE	GINMEWRAE	poshmark.com	HTTPS://POSHMARK.COM/LISTING/WOMEN-FUZZY-SOCKS-COZY-SOFT-FLUFFY-CUTE-ANIMAL-SLIPPER-MULTICOLORED-SOCKS-6722F63D13D681F6C7D9EAB3
GINMEWRAE	GINMEWRAE	poshmark.com	HTTPS://POSHMARK.COM/LISTING/GINMEWRAE-WOMENS-COZY-FUZZY-SOCKS-FLUFFY-SLIPPER-WINTER-WARM-6PACK-US-510-67F0B8FB528015955AD5D31A
GINODEVELOPMENT	GINODEVELOPMENT	poshmark.com	HTTPS://POSHMARK.COM/LISTING/GINO-DEVELOPMENT-010101-TRUEPOWER-18-GAUGE-HEAVY-DUTY-ELECTRIC-SHEET-METAL-640508EAB635F8BB7B60FA60
GINOPHERONI	GINOPHERONI	poshmark.com	HTTPS://POSHMARK.COM/LISTING/BOOTS-NEW-5ECB4A2B8DA5C9BA0A6D1107
GINOPHERONI	GINOPHERONI	poshmark.com	HTTPS://POSHMARK.COM/LISTING/GINO-PHERONI-DRESS-SHOES-61E0FC1B3A0DB944B8A6EA45
GINOPHERONI	GINOPHERONI	poshmark.com	HTTPS://POSHMARK.COM/LISTING/GINO-PHERONI-CHELSEA-BOOTS-5D0FC2B519C157B92BA59E78
GINOPHERONI	GINOPHERONI	poshmark.com	HTTPS://POSHMARK.COM/LISTING/GINO-PHERONI-CHELSEA-FAUX-SUEDE-BOOTS-5D5C1D03151CCD2375788E5B
GINOPHERONI	GINOPHERONI	poshmark.com	HTTPS://POSHMARK.COM/LISTING/GINO-PHERONI-5BE76B84409C15A3ED7D3F2B
GINOROSSI	GINOROSSI	poshmark.com	HTTPS://POSHMARK.COM/LISTING/SHOES-5A14F2FF8F0FC4956A013062
GINOVITALE	GINOVITALE	poshmark.com	HTTPS://POSHMARK.COM/LISTING/GINO-VITALE-MENS-NAVY-BLUE-CAP-TOE-OXFORD-DRESS-SHOES-686F37D2DB3A6FC506ABC696
GIOVA	GIOVA	poshmark.com	HTTPS://POSHMARK.COM/LISTING/EUC-MAVIC-GIOVA-CYCLING-SHOE-WITH-DELTA-CLEATS-75M-67F16EE9E9C77D03CF8F3143
GIQ	GIQ	poshmark.com	HTTPS://POSHMARK.COM/LISTING/USB-DOCKING-STATION-GIQ-USB-C-HUB-USB-30-TO-DUAL-HDMI-VGA-ADAPTER-TRIPL-659BB038EB32B28D4B701D2F
GIRLSLUG	GIRLSLUG	poshmark.com	HTTPS://POSHMARK.COM/LISTING/WONDER-NATION-LITTLE-BIG-GIRLSLUG-LOAFER-MARY-JANE-SHOESZ-2-NWT-65075959DBB0E7289B548307
GITIBAB	GITIBAB	poshmark.com	HTTPS://POSHMARK.COM/LISTING/GITIBAB-BABY-DIAPERBACKPACK-WITH-MULTIPLE-COMPARTMENTS-NWOT-62D45B8BD6BAAB278753790A
GITIBAB	GITIBAB	poshmark.com	HTTPS://POSHMARK.COM/LISTING/GITIBAB-DIAPER-BAG-BACKPACK-W-TRAVEL-BASSINET-DETACHABLE-FOLDABLE-BABY-BED-GRAY-6472F1ACA0AEB7057482393D
GITIBAB	GITIBAB	poshmark.com	HTTPS://POSHMARK.COM/LISTING/NWT-DIAPER-BAG-BACKPACK-WITH-TRAVEL-BASSINET-DETACHABLE-FOLDABLE-BABY-BED-GRAY-62AC51C25CF5691496AE6E22
GIVEET	GIVEET	poshmark.com	HTTPS://POSHMARK.COM/LISTING/GIVEET-BLUETOOTH-HEADSET-WCHARGING-DOCK-63DDAB00948F4887E8A2FBE2
GIVETHEMLALA	GIVETHEMLALA	poshmark.com	HTTPS://POSHMARK.COM/LISTING/GIVE-THEM-LALA-MASCARA-62D5F323F0F28C776D3CF464
GJUYC	GJUYC	poshmark.com	HTTPS://POSHMARK.COM/LISTING/GJUYC-SNEAKERS-SHOES-FOR-MEN-63F10EAC17FB4B90BEED6695
GKIDOER	GKIDOER	poshmark.com	HTTPS://POSHMARK.COM/LISTING/LCD-WRITING-TABLET-61EC5D13163DF4CC769ACE98
GLADLE	GLADLE	poshmark.com	HTTPS://POSHMARK.COM/LISTING/AUKEY-GLADLE-LIGHT-THERAPY-LAMP-UVFREE-10000-LUX-BRIGHT-LED-SUN-LAMP-NO-CORD-65AADB52C5DF6C9AA9B3D188
GLAINTE	GLAINTE	poshmark.com	HTTPS://POSHMARK.COM/LISTING/NWOT-GLAINTE-WOOD-LOOK-PAINT-FOR-FURNITURE-KITCHEN-COUNTERTOP-FRONT-DOORS-677EFF5919852410F0E25CBF
GLAMAKER	GLAMAKER	poshmark.com	HTTPS://POSHMARK.COM/LISTING/WHITE-ELEGANT-SUPER-CUTE-SHIRT-DRESS-65C11247308F07A4979ED854
GLAMEFOUR	GLAMEFOUR	poshmark.com	HTTPS://POSHMARK.COM/LISTING/GLAMEFOUR-SILVER-TONE-CRYSTAL-EMBELLISHED-FASHION-RECTANGLE-DROP-EARRINGS-6711C0810C84272B2194CFA7
GLAMFORT	GLAMFORT	poshmark.com	HTTPS://POSHMARK.COM/LISTING/GLAMFORT-MAKEUP-TRAVEL-CASE-PINK-GOLD-ZIPPERS-63C5CFE583CBEC16E11D1BD7
GLAMSIA	GLAMSIA	poshmark.com	HTTPS://POSHMARK.COM/LISTING/FAUX-FUR-VEST-63EE71D83676A1FED6B0D569
GLAMSIA	GLAMSIA	poshmark.com	HTTPS://POSHMARK.COM/LISTING/GLAMSIA-NEW-OLIVE-GREEN-BOMBER-JACKET-6323F15E6149734A3D7747A5
GLANOUDUN	GLANOUDUN	poshmark.com	HTTPS://POSHMARK.COM/LISTING/GLANOUDUN-WELDING-BOOTS-MEN-SLIP-ON-STEEL-TOE-WORK-BOOTS-10-66DB9608775CAF200FEB1740
GLANZSTCKBERLIN	GLANZSTCKBERLIN	poshmark.com	HTTPS://POSHMARK.COM/LISTING/GLANZSTCK-BERLIN-ACUPRESSURE-MAT-AND-PILLOW-SET-6867470FF6035A850472D27D
GLAREA	GLAREA	poshmark.com	HTTPS://POSHMARK.COM/LISTING/GLAREA-MICROFIBER-FLAT-SHEETS-6-PACK-GRAY-634B431CA0E6C6118348BB92
GLAROLLIRACE	GLAROLLIRACE	poshmark.com	HTTPS://POSHMARK.COM/LISTING/PICKLEBALL-PADDLES-SET-OF-2-13MM-HONEYCOMB-CORE2-INDOOR2-OUTDOORWITHOUT-BALLS-678AC1ABBA3D481C219C4C5D
GLAYKO	GLAYKO	poshmark.com	HTTPS://POSHMARK.COM/LISTING/50-FEET-EXPANDABLE-GARDEN-HOSE-NEW-2019-SUPER-STRONG-CONSTRUCTION-34-65D529FCF644E5CE0E4C39FA
GLEEPORTE	GLEEPORTE	poshmark.com	HTTPS://POSHMARK.COM/LISTING/GLEEPORTE-STACKING-PEG-BOARD-SET-TOY-30-PEGS-BOARDS-6680A9F8693FF72E8F23304E
GLEEPORTE	GLEEPORTE	poshmark.com	HTTPS://POSHMARK.COM/LISTING/NWT-RAINBOW-COUNTING-BEARS-WITH-MATCHING-SORTING-CUPS-SET-JUMBO-PACK-62A2116AE609AB4FEDAFB615
GLEMME	GLEMME	poshmark.com	HTTPS://POSHMARK.COM/LISTING/GLEMME-MICRONEEDLE-ROLLER-REPLACEMENT-HEAD-540-NEEDLES-65B5015272F45F5DA8D9F17F
GLITZEEZ	GLITZEEZ	poshmark.com	HTTPS://POSHMARK.COM/LISTING/GLITZEEZ-PETS-61C093DF43895FC957C9C2E3
GLITZEEZ	GLITZEEZ	poshmark.com	HTTPS://POSHMARK.COM/LISTING/GLITZEEZ-HAIR-DREAMS-SURPRISE-DOLL-SET-6530B46724237AA09275F1C0
GLLYSION	GLLYSION	poshmark.com	HTTPS://POSHMARK.COM/LISTING/GLLYSION-12-X-50-HD-BINOCULARS-WITH-PHONE-ADAPTER-WATERPROOF-HIGH-POWER-B2-66B057D37412710B84D7B9BF
GLOCHYRA	GLOCHYRA	poshmark.com	HTTPS://POSHMARK.COM/LISTING/SOFA-ARMREST-ORGANIZER-REMOTE-CONTROL-HOLDER-606B7DC98D9BE98405120318
GLOPUS	GLOPUS	poshmark.com	HTTPS://POSHMARK.COM/LISTING/GLOPUS-BLUETOOTH-BEANIE-HAT-679FBB79CE7065E346DD42D4
GLOPUS	GLOPUS	poshmark.com	HTTPS://POSHMARK.COM/LISTING/BNIB-GLOPUS-BLACK-WIRELESS-SPEAKER-PHONE-HOLDER-6837AB3F420644C669092A02
GLORYBEAR	GLORYBEAR	poshmark.com	HTTPS://POSHMARK.COM/LISTING/NEW-BOYDS-BEAR-MAMIE-GLORYBEAR-COUNTRY-CLUTTER-6-6181C49C463D4F199732577D
GLOWMIND	GLOWMIND	poshmark.com	HTTPS://POSHMARK.COM/LISTING/100-GLOW-STICKS-679EFA7C147B98F005688FE0
GLUERIOUS	GLUERIOUS	poshmark.com	HTTPS://POSHMARK.COM/LISTING/GLUERIOUS-DUAL-TEMP-LARGE-HOT-GLUE-GUN-KIT-WITH-15-HOT-GLUE-STICKS-FOR-CRAFTS-642AB5D874CB471BB0C24E39
GMAGICTOBO	GMAGICTOBO	poshmark.com	HTTPS://POSHMARK.COM/LISTING/GMAGICTOBO-LASHES-NATURAL-SHORT-FALSE-EYELASHES-WISPY-LASHES-PACK-LIGHT-VOLUME-C-63B140A33E37E3080564C999
GMAOPHY	GMAOPHY	poshmark.com	HTTPS://POSHMARK.COM/LISTING/GMAOPHY-MECHANICAL-MASTER-BRICKS-REMOTE-CONTROL-CA-6599941197B5D0CD9676870D
GMEITOEY	GMEITOEY	poshmark.com	HTTPS://POSHMARK.COM/LISTING/GMEITOEY-DRESS-687877CDC71BA1DEEE1932E3
GMKITCHENESSENTIALS	GMKITCHENESSENTIALS	poshmark.com	HTTPS://POSHMARK.COM/LISTING/GM-KITCHEN-ESSENTIALS-IMMERSION-COOKER-DIGITAL-CIRCULATOR-TIMER-STAINLESS-STEEL-675ADF2BF51A0FD1E528A4BE
GMKITCHENESSENTIALS	GMKITCHENESSENTIALS	poshmark.com	HTTPS://POSHMARK.COM/LISTING/GM-KITCHEN-ESSENTIALS-ELECTRIC-CREPE-MAKER-682B641B05DEB37D4D04C7E0
GNBI	GNBI	poshmark.com	HTTPS://POSHMARK.COM/LISTING/GNBI-TRAVEL-BAG-5F0A1B4E9C3378882743A73D
GNBI	GNBI	poshmark.com	HTTPS://POSHMARK.COM/LISTING/GNBI-WATER-FITNESS-BAG-31-X-712-CLEARBLACK-65E0B1DB4BC65572480F062F
GNIEMCKIN	GNIEMCKIN	poshmark.com	HTTPS://POSHMARK.COM/LISTING/3-PIECE-BROWN-WOVEN-RATTAN-WICKER-BREAD-BASKET-SET-155-X-115-X-25NEW-679D80A049D8D8CB90ABE3A4
GOALIATH	GOALIATH	poshmark.com	HTTPS://POSHMARK.COM/LISTING/GOALIATH-MINI-BASKETBALL-HOOP-WITH-BALL-5DFAAB7DAFADE87C07ECF12A
GOANDWELL	GOANDWELL	poshmark.com	HTTPS://POSHMARK.COM/LISTING/PORTION-CONTROL-CONTAINERS-SET-OF-14-GOANDWELL-DIET-CONTAINERS-67EA823D9936D61C91C89D67
GOBEIGO	GOBEIGO	poshmark.com	HTTPS://POSHMARK.COM/LISTING/GOBEIGO-DOG-NAIL-CLIPPERS-WITH-NAIL-FILE-PROFESSIONAL-HEAVY-DUTY-DOG-6507463587A2F503F1030178
GOBIGER	GOBIGER	poshmark.com	HTTPS://POSHMARK.COM/LISTING/GOBIGER-MENS-SUNGLASSES-6186906D3A0DB9E991808234
GOBIGER	GOBIGER	poshmark.com	HTTPS://POSHMARK.COM/LISTING/NEW-GOBIGER-POLARIZED-SUNGLASSES-FOR-MEN-5EDD94A5D737FDAE855CC2D1
GODEA	GODEA	poshmark.com	HTTPS://POSHMARK.COM/LISTING/MARC-FISHER-GODEA-SANDALS-BLACK-66EDDAD69A76EFD8193000BC
GODEFA	GODEFA	poshmark.com	HTTPS://POSHMARK.COM/LISTING/GODEFA-PHONE-CAMERA-LENS-KIT-14-IN-1-LENSES-WITH-SELFIE-LIGHT-NWOT-6739426A4F80F950D7CE7295
GODEFA	GODEFA	poshmark.com	HTTPS://POSHMARK.COM/LISTING/GODEFA-CAMERA-LENS-KIT-664EB4B9F9927CF9B096591E
GODSNOW	GODSNOW	poshmark.com	HTTPS://POSHMARK.COM/LISTING/19961998-GODSNOW-CIVIC-CATBACK-EXHAUST-6133C1D9E131648D9EFF41CB
GOER	GOER	poshmark.com	HTTPS://POSHMARK.COM/LISTING/GOER-WATCH-61EC43797F80D2DC85FADB83
GOFREETECH	GOFREETECH	poshmark.com	HTTPS://POSHMARK.COM/LISTING/GOFREETECH-S016-24G-WIRELESS-KEYBOARD-AND-MOUSE-COMBO-FULLSIZE-KEYBOARD-6201B14F3A0DB9EF853FE3BA
GOFULY	GOFULY	poshmark.com	HTTPS://POSHMARK.COM/LISTING/SUMMER-TOP-6480D8BA5D686BC8F0470EB4
GOFUNLY	GOFUNLY	poshmark.com	HTTPS://POSHMARK.COM/LISTING/KIDS-GOFUNLY-PRINT-CAMERA-641C666258083D9089722432
GOGODUCKS	GOGODUCKS	poshmark.com	HTTPS://POSHMARK.COM/LISTING/GOGODUCKS-11-HANGING-FILE-FOLDERS-66A6B39AC3837270A810AA81
GOGOMG	GOGOMG	poshmark.com	HTTPS://POSHMARK.COM/LISTING/STATMENT-EARINGS-BALL-BACK-FANCY-BACK-5C69EC013C9844D6F3D1523C
GOGUM	GOGUM	poshmark.com	HTTPS://POSHMARK.COM/LISTING/GOGUM-SLIM-FITNESS-TRACKER-WATCH-GIRL-623100A888CCE357F38A99C6
GOKUID	GOKUID	poshmark.com	HTTPS://POSHMARK.COM/LISTING/GOKUID-MULTIMEDIA-PLAYER-HD-DVD-PLAYER-FOR-TV-WITH-1080P-64D0348314D7A6D7958E42CE
GOKUID	GOKUID	poshmark.com	HTTPS://POSHMARK.COM/LISTING/MULTIMEDIA-PLAYER-DVP506-67C63494D253F1F10E1100CB
GOKUID	GOKUID	poshmark.com	HTTPS://POSHMARK.COM/LISTING/MINI-REPRODUCTOR-DE-DVD-GOKUID-MODER-DVP-62B68F69CB692CEEB36CF253
GOLBYLICC	GOLBYLICC	poshmark.com	HTTPS://POSHMARK.COM/LISTING/SILICON-TOE-SPACERS-BY-GOLBYLICC-NEW-4PC-SIZE-MED-TOE-SEPARATORS-LATEX-FREE-683E2BA4538BEB09FDAEC888
GOLDCOASTSUNWEAR	GOLDCOASTSUNWEAR	poshmark.com	HTTPS://POSHMARK.COM/LISTING/COWBOY-HATS-5E785105AA7ED3AB5B2CD15D
GOLDENGROUNDHOG	GOLDENGROUNDHOG	poshmark.com	HTTPS://POSHMARK.COM/LISTING/GOLDEN-GROUNDHOG-BLUE-CARD-STORAGE-BOX-68561893C4E7B4CD584B0CE2
GOLDENREIGN	GOLDENREIGN	poshmark.com	HTTPS://POSHMARK.COM/LISTING/GOLDEN-REIGN-642FA98792E49122158F69FB
GOLDENSTARBEAUTY	GOLDENSTARBEAUTY	poshmark.com	HTTPS://POSHMARK.COM/LISTING/GOLDEN-STAR-BEAUTY-SELF-TANNER-BRAND-NEW-65245E8C308F0792C60B76ED
GOLDLION	GOLDLION	poshmark.com	HTTPS://POSHMARK.COM/LISTING/GOLDLION-MEN-SHOES-63D6A4C181078A44C6A56850
GOLDMOUNTAINBEAUTY	GOLDMOUNTAINBEAUTY	poshmark.com	HTTPS://POSHMARK.COM/LISTING/GOLD-MOUNTAIN-DAY-CREAM-WITH-NAYURAL-EXTRACTS-60ML-1L7-TL-OZ-NWB-65EF5824C5DF6CBE41CA6F4B
GOLDPLUM	GOLDPLUM	poshmark.com	HTTPS://POSHMARK.COM/LISTING/ROSE-GOLDPLUM-ROMPER-5D5068FCFE19C7A50558E6F9
GOLLATE	GOLLATE	poshmark.com	HTTPS://POSHMARK.COM/LISTING/GOLLATE-SELF-TIE-BOW-TIE-62680EE0FF7C5A3F641D1EB1
GOLLNWE	GOLLNWE	poshmark.com	HTTPS://POSHMARK.COM/LISTING/GOLLNWE-SLIM-FIT-FRENCH-CUFF-STRETCH-BAMBOO-MENS-DRESS-SHIRT-SZ-LARGE-BLK-643696F8C5DF6CA2229B696B
GOLOHO	GOLOHO	poshmark.com	HTTPS://POSHMARK.COM/LISTING/BOTTLE-WARMER-630265994BD760C57CEC8D17
GOLREX	GOLREX	poshmark.com	HTTPS://POSHMARK.COM/LISTING/GOLREX-WIRELESS-EARBUDS-673B5DDB896C38B43037A4E2
GOMAT	GOMAT	poshmark.com	HTTPS://POSHMARK.COM/LISTING/SKECHERS-GO-WALK-3-LOAFER-MENS-8-BLACK-GRAY-GOMAT-TECHNOLOGY-WALKING-SHOES-53980-66F0AC44FE25049E9C868886
GONDER	GONDER	poshmark.com	HTTPS://POSHMARK.COM/LISTING/ETHIOPIAN-TRADITIONAL-GONDER-GIRLS-DRESS-61A94DAC60FDEDB57D02401E
GONDER	GONDER	poshmark.com	HTTPS://POSHMARK.COM/LISTING/ETHIOPIAN-TRADITIONAL-GONDER-WOMANS-DRESS-6249E3BDC693BD06B2E456E5
GONDER	GONDER	poshmark.com	HTTPS://POSHMARK.COM/LISTING/ETHIOPIAN-AND-ERITREAN-TRADITIONAL-DRESS-GONDER-KEMIS-66BE5F972D829AFB72C9EEE7
GONDER	GONDER	poshmark.com	HTTPS://POSHMARK.COM/LISTING/ETHIOPIAN-ERITREAN-TRADITIONAL-GONDER-DRESS-6719606CBFD9A67026578380
GOOBANG	GOOBANG	poshmark.com	HTTPS://POSHMARK.COM/LISTING/TT-TV-4K-TV-BOX-M8-ANDROID-BOX-GOOBANG-DOO-INTERNET-TV-BOX-628A74C2BCBB52140C492C8B
GOOBGS	GOOBGS	poshmark.com	HTTPS://POSHMARK.COM/LISTING/1950S-VINTAGE-COCKTAIL-DRESS-6155E8035E0BA8531BA8E115
GOOBON	GOOBON	poshmark.com	HTTPS://POSHMARK.COM/LISTING/GOOBON-AIR-SHOES-SNEAKERS-MENS-SIZE-95-63DED7403676A10923F36E19
GOOCRUN	GOOCRUN	poshmark.com	HTTPS://POSHMARK.COM/LISTING/GOOCRUN-PILATES-BAR-AND-RESISTANCE-BAND-SET-68D090977AC62919BD0E2A63
GOODATE	GOODATE	poshmark.com	HTTPS://POSHMARK.COM/LISTING/WALL-SCONCES-SET-OF-TWO-WREMOTE-STEPLESS-COLORS-3000K6500K-STEPLESS-DIMMING-672340CB896C38FF93D901E1
GOODAY	GOODAY	poshmark.com	HTTPS://POSHMARK.COM/LISTING/VINTAGE-GOODAY-MATE-AUSTRALIA-CROCODILE-CROP-SWEATSHIRT-XL-641281C79C38CE94734FCFCA
GOODFIXER	GOODFIXER	poshmark.com	HTTPS://POSHMARK.COM/LISTING/GOOD-FIXER-SCREEN-REPLACEMENT-6255EB3AD6BAABB59752068E
GOODIELLOWCO	GOODIELLOWCO	poshmark.com	HTTPS://POSHMARK.COM/LISTING/GOODIELLOW-CO-LARGE-LONG-SLEEVED-6560BA0858083D173D6CDE28
GOODIELLOWCO	GOODIELLOWCO	poshmark.com	HTTPS://POSHMARK.COM/LISTING/GOODIELLOW-CO-MENS-SOFT-BURGUNDY-BUTTON-DOWN-EUC-SIZE-MEDIUM-64CF55583B982A338695F7E3
GOOLA	GOOLA	poshmark.com	HTTPS://POSHMARK.COM/LISTING/GOOLA-GONG-VINTAGE-WINDBREAKER-JACKET-MEDIUM-5AAC67469D20F0C4B628F3FA
GOOSO	GOOSO	poshmark.com	HTTPS://POSHMARK.COM/LISTING/GOOSO-DISC-GOLF-SET-WBAG-66608F1B9A76EF708E36F36C
GOOTUS	GOOTUS	poshmark.com	HTTPS://POSHMARK.COM/LISTING/GOOTUS-BIKE-WALL-MOUNT-HANGER-HORIZONTAL-BICYCLE-INDOOR-STORAGE-RACK-CYCLING-2PK-657F64D19464F3D334EA1278
GOPOONY	GOPOONY	poshmark.com	HTTPS://POSHMARK.COM/LISTING/GOPOONY-QUEEN-MATTRESS-PROTECTOR-663E70ACF9927C09851070F3
GOPUNE	GOPUNE	poshmark.com	HTTPS://POSHMARK.COM/LISTING/GOPUNE-MENS-LIGHTWEIGHT-HIKING-PANTS-GREY-WITH-SIDE-ZIPPER-POCKETS-66271023147B98319656A641
GORANBON	GORANBON	poshmark.com	HTTPS://POSHMARK.COM/LISTING/GORANBON-OVERALLS-SIZE-MEDIUM-668BD3BE93A13DDE9590858E
GORAPTURE	GORAPTURE	poshmark.com	HTTPS://POSHMARK.COM/LISTING/GORAPTURE-INFRARED-SAUNA-BLANKET-W-REMOTE-CONTROL-DETOX-EXERCISE-RECOVE-6822442360BEAFEF003EF446
GORDVE	GORDVE	poshmark.com	HTTPS://POSHMARK.COM/LISTING/DIGITAL-CAMERA-5FB592C1446E59E8D831C55F
GOROANLY	GOROANLY	poshmark.com	HTTPS://POSHMARK.COM/LISTING/GOROANLY-CURLERS-BOUGHT-ON-AMAZON-SELF-GRIP-ROLLER-SET-WITH-CLIPS-BRUSH-629523F5E609AB962E5AA00D
GORYEOBABY	GORYEOBABY	poshmark.com	HTTPS://POSHMARK.COM/LISTING/GORYEO-BABY-TODDLER-MONTESSORI-HARVEST-CARROTS-PUZZLE-669FAD61014648D4D97EC87F
GORYEOBABY	GORYEOBABY	poshmark.com	HTTPS://POSHMARK.COM/LISTING/GORYEO-BABY-CARROT-PUZZLE-TOY-PREOWNED-65DB517F614973E6B7A80E49
GORYEOBABY	GORYEOBABY	poshmark.com	HTTPS://POSHMARK.COM/LISTING/BABY-MONTESSORI-CARROT-LEARNING-GAME-12MO-6352D5F52FBF1AC5EE116668
GOSCIEN	GOSCIEN	poshmark.com	HTTPS://POSHMARK.COM/LISTING/FOOD-VACUUM-SEALER-IN-WHITE-WITH-ACCESSORIES-NEW-BY-GOSCIEN-67D0BD04B9DB3A1EA054E230
GOSPT	GOSPT	poshmark.com	HTTPS://POSHMARK.COM/LISTING/GOSPT-WOMENS-ELASTIC-WOVEN-WALKING-SHOES-MARY-JANE-FLATS-SLIP-ON-SNEAKERS-64EFB3EAD90959B716634477
GOSTRAP	GOSTRAP	poshmark.com	HTTPS://POSHMARK.COM/LISTING/2X-GOSTRAP-CELL-PHONE-STRAPS-ORIGINAL-VERSION-640A29C102760BB24E033128
GOSWAG	GOSWAG	poshmark.com	HTTPS://POSHMARK.COM/LISTING/GOSWAG-32OZ-MOTIVATIONAL-WATER-BOTTLE-WITH-TIME-MARKER-FRUIT-STRAINER-BPA-FREE-655E9DA0ACF4624D8D68AEDA
GOTHICLOLITAWIGS	GOTHICLOLITAWIGS	poshmark.com	HTTPS://POSHMARK.COM/LISTING/GOTHIC-LOLITA-WIGS-DUCHESS-ELODIE-COLLECTION-BLACK-AND-CRIMSON-RED-SPLIT-631663776665F3FA4C59EA33
GOTIMEGEAR	GOTIMEGEAR	poshmark.com	HTTPS://POSHMARK.COM/LISTING/GO-TIME-GEAR-FULLBODY-FITNESS-TRAINER-637198E71645F7907031DDEE
GOTSHADES	GOTSHADES	poshmark.com	HTTPS://POSHMARK.COM/LISTING/WHITE-SUNGLASSES-5B6B0F656A0BB719537857C2
GOTTY	GOTTY	poshmark.com	HTTPS://POSHMARK.COM/LISTING/GOTTY-POLARIZED-SUNGLASSES-62939AF206D59CE0EFC1ED85
GOTUNES	GOTUNES	poshmark.com	HTTPS://POSHMARK.COM/LISTING/IPHONE-EGG-BEATS-SPEAKER-5A5CBFF28290AF7545561336
GOTYOUALITTLESOMETHING	GOTYOUALITTLESOMETHING	poshmark.com	HTTPS://POSHMARK.COM/LISTING/GOT-YOU-A-LITTLE-SOMETHING-WORLDS-BEST-NEIGHBOR-LAVENDER-SOY-WAX-CANDLE-NWT-6591FA2602760BB50F3FEDA3
GOURBETTE	GOURBETTE	poshmark.com	HTTPS://POSHMARK.COM/LISTING/GOURBETTE-JIGSAW-PUZZLE-MAT-WITH-COLORFUL-SORTING-TRAYS-MISSING-3-PIECES-67A136F18A00E3DF0F6820D2
GOURMEX	GOURMEX	poshmark.com	HTTPS://POSHMARK.COM/LISTING/GOURMEX-PASTA-MACHINE-65AC3775F644E55C4318F4B6
GOVICTA	GOVICTA	poshmark.com	HTTPS://POSHMARK.COM/LISTING/GOVICTA-MENS-NYLON-ANKLE-BOOT-6445E736C9A228A309F59332
GOVICTA	GOVICTA	poshmark.com	HTTPS://POSHMARK.COM/LISTING/GOVICTA-MENS-LEATHER-ANKLE-CHUKKA-SHOES-65785CD017E49CB08EED9418
GOVIVO	GOVIVO	poshmark.com	HTTPS://POSHMARK.COM/LISTING/GOVIVO-BELT-WALLET-HANDS-FREE-RUNNING-HIKING-6612F8C0B635F8387B8E7116
GOWISEPOWER	GOWISEPOWER	poshmark.com	HTTPS://POSHMARK.COM/LISTING/GOWISE-POWER-1500W3000W-PEAK-PURE-SINE-WAVE-POWER-INVERTER-WITH-3-AC-OUTLETS-68CA1859BEDD3472E5FDDDFD
GOZATO	GOZATO	poshmark.com	HTTPS://POSHMARK.COM/LISTING/GYRO-BALL-HAND-WRIST-EXERCISER-W-ZIP-CASE-6083761CE107BBB57C0F98D8
GOZATO	GOZATO	poshmark.com	HTTPS://POSHMARK.COM/LISTING/GYRO-BALL-POWER-WRIST-BALL-BEST-WRIST-EXERCISE-61A671E78DA5C92470864952
GPEESTRAC	GPEESTRAC	poshmark.com	HTTPS://POSHMARK.COM/LISTING/BLUETOOTH-HEADSET-65FF34D8EB7E7ABB513B817A
GPENG	GPENG	poshmark.com	HTTPS://POSHMARK.COM/LISTING/GPENG-SNOWSHOES-ADULTS-LIGHTWEIGHT-ALUMINUM-WITHTREKKING-POLESCARRY-BAG-660C9666FB73047A5DCA2781
GPROJECT	GPROJECT	poshmark.com	HTTPS://POSHMARK.COM/LISTING/GPROJECT-GZIP-UNIVERSAL-TRAVEL-SPEAKER-WITH-RECHARGEABLE-BATTERY-66AFD3D4280CC69AF46B3CEB
GRACESTELLACO	GRACESTELLACO	poshmark.com	HTTPS://POSHMARK.COM/LISTING/GRACE-STELLA-CO-SPRAY-ALL-DAY-5FBB0E7F941F1732135757C9
GRANDWISH	GRANDWISH	poshmark.com	HTTPS://POSHMARK.COM/LISTING/GRANDWISH-BOYS-BLUE-AND-BLACK-PLAID-BUTTON-DOWN-SHIRT-SIZE-M-663C33E9C38372B3208B9379
GRANKEE	GRANKEE	poshmark.com	HTTPS://POSHMARK.COM/LISTING/GRANKEE-BREATHABLE-SEAMLESS-THONG-PANTIES-3-PACK-5FCAC8EF16295827823635FC
GRANSUMR	GRANSUMR	poshmark.com	HTTPS://POSHMARK.COM/LISTING/IPL-LASER-HAIR-REMOVAL-DEVICE-PERMANENT-PAINLESS-REMOVER-HOME-WHOLE-BODY-CORDED-65015E917F29DD11E0BDD449
GRANTHOWARD	GRANTHOWARD	poshmark.com	HTTPS://POSHMARK.COM/LISTING/GRANT-HOWARD-SET-OF-6-MINI-MASON-JARS-NEW-60E204BFC693BD5BDF8820C4
GRAVITYBOOSTERS	GRAVITYBOOSTERS	poshmark.com	HTTPS://POSHMARK.COM/LISTING/GRAVITY-BOOSTERS-ULTRA-RARE-BUNDLE-120-CARD-FOR-POKEMON-CARD-COLLECTORS-2PCS-66615B95741271757C0BDA8A
GRAVOCORE	GRAVOCORE	poshmark.com	HTTPS://POSHMARK.COM/LISTING/GRAVOCORE-PORTABLE-GYM-63696364B0F193F680243D09
GRAYSONPUP	GRAYSONPUP	poshmark.com	HTTPS://POSHMARK.COM/LISTING/PUP-SLEEVELESS-TEES-65EFA46CFB73048AE56B4A6C
GREDAY	GREDAY	poshmark.com	HTTPS://POSHMARK.COM/LISTING/G59-BLUE-BLACK-GREDAY-2024-TOUR-SHIRT-67AA8E97375218104ACE2CD5
GREECO	GREECO	poshmark.com	HTTPS://POSHMARK.COM/LISTING/GREECO-KIDS-POP-UP-TENT-PLAY-HOUSE-TENT-4-X-345-X-345-FEET-BLUE-64989ED77F29DD4A16336F1E
GREENAHOLICS	GREENAHOLICS	poshmark.com	HTTPS://POSHMARK.COM/LISTING/NEW-GREENAHOLICS-8-PIECE-CERAMIC-DESKTOP-SUCCULENT-PLANTERS-WBAMBOO-TRAY-SET-63EADFB0FFB5D0CA83B3CD9D
GREENCANYONSPA	GREENCANYONSPA	poshmark.com	HTTPS://POSHMARK.COM/LISTING/GREEN-CANYON-SPA-GIFT-SET-65E0DA241741BE461875E49D
GREENINSPIRED	GREENINSPIRED	poshmark.com	HTTPS://POSHMARK.COM/LISTING/DAILY-INSPIRATION-CARDS-5FB2C1D5941F17A9A6F37702
GREENPOLLYWOG	GREENPOLLYWOG	poshmark.com	HTTPS://POSHMARK.COM/LISTING/GREEN-POLLYWOG-PAW-PRINT-FRAME-KIT-PAWNOSE-PRINT-PICTURE-FRAME-673671D9B591EDF8C035B9C8
GRESUR	GRESUR	poshmark.com	HTTPS://POSHMARK.COM/LISTING/WALL-MOUNT-FOR-BLINK-SYNC-MODULE-2-WITH-SHORT-CABLE-RETRO-67E8469B9A31FA4050521464
GRETESS	GRETESS	poshmark.com	HTTPS://POSHMARK.COM/LISTING/BRAND-NEW-GRETESS-ESPRESSO-MACHINE-6403B92281078A059835C7D0
GRILLDOZER	GRILLDOZER	poshmark.com	HTTPS://POSHMARK.COM/LISTING/GRILL-DOZER-STEAM-CLEANING-GRILL-BRUSH-62055245F470E2D870AF7C8C
GRILLEX	GRILLEX	poshmark.com	HTTPS://POSHMARK.COM/LISTING/BRAZILIAN-BARBECUE-63854E1B4AC341078F73E4D1
GRILLINGTRADITIONS	GRILLINGTRADITIONS	poshmark.com	HTTPS://POSHMARK.COM/LISTING/GRILLING-TRADITIONS-MEAT-THERMOMETER-WIRELESS-DIGITAL-MEAT-THERMOMETER-NEW-6407D35A68A786DB90B8C198
GRINCHAT	GRINCHAT	poshmark.com	HTTPS://POSHMARK.COM/LISTING/PORTABLE-WASHING-MACHINEMINI-WASHER11L-UPGRADED-LARGE-CAPACITY-FOLDABLE-WASHER-65BD4B58F644E5715DCFD68F
GRINSTUDIOS	GRINSTUDIOS	poshmark.com	HTTPS://POSHMARK.COM/LISTING/GRIN-STUDIOS-SUPER-DIAMOND-DIG-IT-65CD3328B142F3E9D4AD0094
GRIPMASTER	GRIPMASTER	poshmark.com	HTTPS://POSHMARK.COM/LISTING/GRIP-MASTER-6559FD8387A2F5E8181DBDC3
GRIPSTAR	GRIPSTAR	poshmark.com	HTTPS://POSHMARK.COM/LISTING/NALT-GRIPSTAR-63824F3732C1DCC20859767B
GRIPX	GRIPX	poshmark.com	HTTPS://POSHMARK.COM/LISTING/GRIPX-DIGITAL-HAND-DYNAMOMETER-GRIP-STRENGTH-MEASUREMENT-TESTER-BLACK-679FBE2F0A60D5820F9916A7
GRISPOT	GRISPOT	poshmark.com	HTTPS://POSHMARK.COM/LISTING/GRISPOT-SHOULDER-SUPPORT-BRACE-LIGHTLY-USED-6075FE17D737FDB9278D9B97
GROPECAN	GROPECAN	poshmark.com	HTTPS://POSHMARK.COM/LISTING/COLLAPSIBLE-DOG-FOOD-STORAGE-CONTAINER-50LB-CAPACITY-63670FA102760B86BA1E99C7
GROUNDWORK	GROUNDWORK	poshmark.com	HTTPS://POSHMARK.COM/LISTING/GROUNDWORK-BLACK-LAWN-SPREADER-67CEAE60D253F1B92559EF1C
GROYDBEE	GROYDBEE	poshmark.com	HTTPS://POSHMARK.COM/LISTING/GROYDBEE-SUZUME-NOTOJIMARI-CAT-PLUSH-DAIJIN-CAT-PLUSH-ANIMAL-DOLL-STUFFED-TO-66C7968B943DDB99C322E4B1
GROYE	GROYE	poshmark.com	HTTPS://POSHMARK.COM/LISTING/GROYE-ADJUSTABLE-NECK-PILLOWS-FOR-PAIN-RELIEF-SLEEPING-6564FFB213D681D504916B02
GROYE	GROYE	poshmark.com	HTTPS://POSHMARK.COM/LISTING/GROYE-READING-GLASSES-649B8C5FE34C30F92DE421F6
GRSICO	GRSICO	poshmark.com	HTTPS://POSHMARK.COM/LISTING/GRSICO-HOME-SECURITY-ALARM-SYSTEM-WIFI-WIRELESS-9-PIECE-KIT-635DC59397B5D0A1AE58DF49
GRTDHX	GRTDHX	poshmark.com	HTTPS://POSHMARK.COM/LISTING/GRTDHX-K188-MP3-MUSIC-DIGITAL-AUDIO-PLAYER-BLACK-16GB-HIFI-LOSSLESS-50V-500MA-66FADC1B0841B9356B497AC9
GRUMBLIESMINIACS	GRUMBLIESMINIACS	poshmark.com	HTTPS://POSHMARK.COM/LISTING/GRUMBLIES-MINIACS-SERIES-1-610DB5134FD23AC02A5CC214
GRUNENWOLKEN	GRUNENWOLKEN	poshmark.com	HTTPS://POSHMARK.COM/LISTING/GRUNEN-WOLKEN-ELECTRIC-MILK-FROTHER-678D29F70E51724698DF2D54
GS115	GS115	poshmark.com	HTTPS://POSHMARK.COM/LISTING/GS115-JEANS-60B8066F09D7604FD3D885AE
GS115	GS115	poshmark.com	HTTPS://POSHMARK.COM/LISTING/GS115-DENIM-JEANS-23X23-SIZE-18-638D56B3C02686D9917063B4
GSBOGOSSE	GSBOGOSSE	poshmark.com	HTTPS://POSHMARK.COM/LISTING/MENS-LUXURY-BRAND-PRINTED-SILK-LIKE-SATIN-BUTTON-DOWN-DRESS-SHIRT-FOR-PARTY-PROM-6771D2441CE6667049459AA9
GSPDIRECT	GSPDIRECT	poshmark.com	HTTPS://POSHMARK.COM/LISTING/GSP-DIRECT-1-VINYL-LIGHT-FILTERING-BLIND-39-W-X-64-L-CORDLESS-WHITE-64F1ACE370C315EE1FDC3D44
GTAKH	GTAKH	poshmark.com	HTTPS://POSHMARK.COM/LISTING/SCAR-FOAM-DART-BLASTER-BY-GTAKH-6501076AC5DF6C5B21A35262
GTBRITER	GTBRITER	poshmark.com	HTTPS://POSHMARK.COM/LISTING/GT-BRITER-LED-POOL-LIGHT-WITH-APP-CONTROL-64EDFACCB635F8E1C97BEEE8
GTING	GTING	poshmark.com	HTTPS://POSHMARK.COM/LISTING/NEW-STILL-IN-BOX-PORTABLE-GTING-PER-BLENDER-60A4145A284E99CC203C8396
GUANSITU	GUANSITU	poshmark.com	HTTPS://POSHMARK.COM/LISTING/AMAZON-FOLDABLE-BALLET-FLATS-GOLD-WITH-FLOWER-RHINESTONE-SIZE-7-EC-668B1D02B9DB3A2C4C8F9762
GUANSITU	GUANSITU	poshmark.com	HTTPS://POSHMARK.COM/LISTING/AMAZON-BRAND-GUANSITU-FOLDABLE-BALLET-FLATS-BLACK-WITH-FLOWER-RHINESTONES-7-668BFFC4775CAF772DC9B598
GUAVATOYS	GUAVATOYS	poshmark.com	HTTPS://POSHMARK.COM/LISTING/GUAVA-TOYS-SLIME-TIME-SLIME-622A324C93649F0A2A72EDCA
GUCABE	GUCABE	poshmark.com	HTTPS://POSHMARK.COM/LISTING/GUCABE-MILITARY-SMART-WATCH-FOR-MEN-OUTDOOR-TACTICAL-SMARTWATCH-653C11FC03829119C712AC73
GUDAMAYE	GUDAMAYE	poshmark.com	HTTPS://POSHMARK.COM/LISTING/GUDAMAYE-13-INCH-LONG-WOODEN-SPOONS-10PCS-NATURAL-TEAK-WOODEN-SET-NO-HOLDER-68FD9E17850012B236DD1553
GUISEETIQUETTE	GUISEETIQUETTE	poshmark.com	HTTPS://POSHMARK.COM/LISTING/GUISE-ETIQUETTE-DUAL-FOIL-ELECTRIC-RAZOR-WITH-STAINLESS-STEEL-BLADES-6237EB52045E39AB3AE44C7D
GUJO	GUJO	poshmark.com	HTTPS://POSHMARK.COM/LISTING/FUNKO-POP-JUJITSU-KAISEN-SATORU-GUJO-1114-WITH-PROTECTOR-666E9C6B1CE66611BD25386B
GUKOK	GUKOK	poshmark.com	HTTPS://POSHMARK.COM/LISTING/LARGE-WATER-BOTTLE-64OZ-6599680C04166D2822CE23EA
GULLANE	GULLANE	poshmark.com	HTTPS://POSHMARK.COM/LISTING/GULLANE-LIMITED-THOMAS-THE-TANK-ENGINE-CLEAR-BLUE-LIGHT-UP-TRAIN-1-THOMAS-FRI-673EB7A7ED3F4A03C390A433
GUNAPOD	GUNAPOD	poshmark.com	HTTPS://POSHMARK.COM/LISTING/GUNAMUNA-GUNAPOD-SLEEP-SACK-654A898A4BD76008514D1547
GUNLIRE	GUNLIRE	poshmark.com	HTTPS://POSHMARK.COM/LISTING/320-GUNLIRE-BOYS-COTTON-SWEATPANTSJOGGERS-N-5FDE0ED9920786FFD8756901
GUNTOTENMAMAS	GUNTOTENMAMAS	poshmark.com	HTTPS://POSHMARK.COM/LISTING/GUN-TOTEN-MAMAS-CONCEALED-CARRY-HANDBAG-6391013FACF462E2C62F9866
GUOAN	GUOAN	poshmark.com	HTTPS://POSHMARK.COM/LISTING/SNEAKERS-640BDFDB7DFCC2350840195B
GUOEAPPA	GUOEAPPA	poshmark.com	HTTPS://POSHMARK.COM/LISTING/GUOEAPPA-SEXY-BLACK-LACE-BRA-SIZE-38F-691D729E24B20B594215CAF3
GURUGEAR	GURUGEAR	poshmark.com	HTTPS://POSHMARK.COM/LISTING/GURUGEAR-MULTISPORT-FITNESS-WRISTBAND-5E405FA8FFC2D44C109230B6
GURUGEAR	GURUGEAR	poshmark.com	HTTPS://POSHMARK.COM/LISTING/GURUGEAR-MULTISPORT-FITNESS-SMART-WATCH-BLACK-5E372430EF8D49A4D84DB8EB
GUTEIDEE	GUTEIDEE	poshmark.com	HTTPS://POSHMARK.COM/LISTING/GUTEIDEE-GYM-MESH-OLIVE-WALKING-SHOES-624C858667FFB1F7151766A7
GUYARNS	GUYARNS	poshmark.com	HTTPS://POSHMARK.COM/LISTING/NWT-SIZE-78-GUYARNS-SMILEY-INDOOR-SLIPPER-SANDALS-62E5E53F614973E02C3613ED
GVRIOY	GVRIOY	poshmark.com	HTTPS://POSHMARK.COM/LISTING/GVRIOY-MULTI-DISPLAY-DOCKING-STATION-67656CB98FA2073E28059BCE
GWANDLALM	GWANDLALM	poshmark.com	HTTPS://POSHMARK.COM/LISTING/NEW-GWANDLALM-STAR-WARS-DEATH-STAR-MOUSE-PAD-NOSLIP-MAY-THE-FORCE-BE-WITH-YOU-672C32956DA06E5C6F358A7D
GWSECU	GWSECU	poshmark.com	HTTPS://POSHMARK.COM/LISTING/GWSECU-32-CHANNEL-NVR-SECURITY-CAMERA-SYSTEM-32-CAMERAS-IN-TOTAL-663A79B5E825D14CCDBE4BA6
GXOBEAUTY	GXOBEAUTY	poshmark.com	HTTPS://POSHMARK.COM/LISTING/MAGNETIC-EYELASHESLOWEREDPRICE-5A28770EF092824646057187
GYBBERMUMU	GYBBERMUMU	poshmark.com	HTTPS://POSHMARK.COM/LISTING/GYBBERMUMU-WOODEN-PRESCHOOL-COLORFUL-SHAPE-PUZZLE-6483D8D0EB7E7A43BC3D924E
GYBBERMUMU	GYBBERMUMU	poshmark.com	HTTPS://POSHMARK.COM/LISTING/COLORFUL-WOODEN-TOWER-KIDS-JENGA-63D7EF60ACB9F5FE64070132
GYH	GYH	poshmark.com	HTTPS://POSHMARK.COM/LISTING/GYH-7COLOR-LED-LIGHT-THERAPY-FACE-NECK-MASK-WITH-HANDHELD-LIGHT-WAND-66AD59B60C84277E09FF0472
GYHUEGO	GYHUEGO	poshmark.com	HTTPS://POSHMARK.COM/LISTING/NIB-BIKE-LIGHT-USB-RECHARGEABLE-4000-LUMEN-FRONT-SAFETY-FLASH-LIGHT-FUEL-BANK-66606C6A0A60D5310A8F5894
GYMBANDIT	GYMBANDIT	poshmark.com	HTTPS://POSHMARK.COM/LISTING/GYMBANDIT-MINI-BANDS-SET-OF-5-PREMIUMQUALITY-RESISTANCE-BANDS-WITH-BAG-65A85B9891E0533994FD6A7E
GYMWELL	GYMWELL	poshmark.com	HTTPS://POSHMARK.COM/LISTING/GYMWELL-RESISTANCE-SET-6269967112D8801EBA102E8A
GYTF	GYTF	poshmark.com	HTTPS://POSHMARK.COM/LISTING/GYTF-T5-GROW-LIGHTS-408-LEDBULB-WHITE-FULL-SPECTRUM-HIGH-PPFD-PLANT-LIGHT-65FB2CDF17FB4B8CB13128BB
H20FLOSS	H20FLOSS	poshmark.com	HTTPS://POSHMARK.COM/LISTING/CORDLESS-WATER-FLOSSER-BLACK-684783A021BD428A2BAAFE3B
H20FLOSS	H20FLOSS	poshmark.com	HTTPS://POSHMARK.COM/LISTING/H2O-DENTAL-FLOSSER-TEETH-5-MODES-RECHARGEABLE-WATERPROOF-ORTHOPEDIC-CLEANER-66C675428A00E366EE203221
HAAYOT	HAAYOT	poshmark.com	HTTPS://POSHMARK.COM/LISTING/UNISEX-POLARIZED-SPORTS-SUNGLASSES-W-3-INTERCHAGEABLE-LENSES-64AF37BEB9BD74ADE5327291
HABITOTES	HABITOTES	poshmark.com	HTTPS://POSHMARK.COM/LISTING/RICE-UNIVERSITY-HABITOTES-TOTE-BAG-625113D03E732BAF03CC0083
HABOM	HABOM	poshmark.com	HTTPS://POSHMARK.COM/LISTING/HABOM-PERFECT-TUMMY-TIME-MAT-GREEN-60906DB53CDA88BFC94F57B6
HAEKIM	HAEKIM	poshmark.com	HTTPS://POSHMARK.COM/LISTING/HAE-BY-HAEKIM-BALLON-SUMMER-DRESS-64CC7021F644E5FDBA72EF41
HAFEI	HAFEI	poshmark.com	HTTPS://POSHMARK.COM/LISTING/HAFEIJEANS-658DC4F332B7863D2AEA57AA
HAGD	HAGD	poshmark.com	HTTPS://POSHMARK.COM/LISTING/HAVE-A-GREAT-DAY-MAGAZINE-WOVEN-SOLDIER-BLANKET-662BFE30F4D17900FA25CC18
HAHOWA	HAHOWA	poshmark.com	HTTPS://POSHMARK.COM/LISTING/HAHOWA-PUZZLE-CROSSING-ISLAND-68786F7CBD4CE3941404B03D
HAIKU	HAIKU	poshmark.com	HTTPS://POSHMARK.COM/LISTING/AVON-HAIKU-VOTIVE-CANDLE-63F140F9C5DF6CED24D52DDA
HAILI	HAILI	poshmark.com	HTTPS://POSHMARK.COM/LISTING/INC-HAILI-CONVERTABLE-BLACK-BACKPACK-624A33C8008B9943C01BAB05
HAILICARE	HAILICARE	poshmark.com	HTTPS://POSHMARK.COM/LISTING/HAILICARE-COLORING-HAIR-WAX-423OZ-VIOLET-60178A63AA54279228DF1673
HAILICARE	HAILICARE	poshmark.com	HTTPS://POSHMARK.COM/LISTING/HAILICARE-FACE-MASSAGER-BLUE-6380F44B8D7A3C06FA5262FB
HAIMIM	HAIMIM	poshmark.com	HTTPS://POSHMARK.COM/LISTING/UNIVERSAL-LIGHTWEIGHT-ALUMINUM-ALLOY-ROAD-BIKE-PEDALS-13-661FC861C4B73AD384494B01
HAINNUM	HAINNUM	poshmark.com	HTTPS://POSHMARK.COM/LISTING/PRINCESS-LEIA-ORAGNA-RETURN-OF-THE-JEDI-COSPLAY-COSTUME-SIZE-M-65904906038291F7377EBB9B
HAIQIN	HAIQIN	poshmark.com	HTTPS://POSHMARK.COM/LISTING/MENS-WATCH-5F7CCD2688CCE365EBE9E4F7
HAIREALM	HAIREALM	poshmark.com	HTTPS://POSHMARK.COM/LISTING/HAIREALM-24-WIG-MAKING-MANNEQUIN-HEAD-64E8D63CC5DF6C31FF442D5A
HAIRGINKGO	HAIRGINKGO	poshmark.com	HTTPS://POSHMARK.COM/LISTING/HAIRGINKGO-MANNEQUIN-HEAD-FOR-HAIRDRESSER-TRAINING-AND-STYLING-PRACTICE-67361F16E0F2CEA0D630C95F
HAIRINGRID	HAIRINGRID	poshmark.com	HTTPS://POSHMARK.COM/LISTING/HIN-HAIRINGRID-MANNEQUIN-SYNTHETIC-FIBER-TRAINING-HEAD-W-BOX-BURETTE-22-LONG-62CF17273074D5B3990A4616
HAIVIDO	HAIVIDO	poshmark.com	HTTPS://POSHMARK.COM/LISTING/HAIVIDO-WOMANS-TUMMY-CONTROL-RUNCHED-ONE-PIECE-LEOPARD-PRINT-SWIMSUIT-64261DA9A0AEB72F43193722
HAIVIDO	HAIVIDO	poshmark.com	HTTPS://POSHMARK.COM/LISTING/HAIVIDO-VNECK-ONE-PIECE-TUMMY-CONTROL-SWIMSUITS-648C2A758D997767C651C3D8
HAIYING	HAIYING	poshmark.com	HTTPS://POSHMARK.COM/LISTING/HAIYING-SNIDER-CANVAS-BIG-TOTE-648CA170C24A6DEAA0E920F7
HAKINAKU	HAKINAKU	poshmark.com	HTTPS://POSHMARK.COM/LISTING/PORTABLE-CARBON-MONOXIDE-DETECTORS-3IN1-MINI-SIZE-CO-MONITOR-WITH-KICKSTAND-66108F312FBF1A07986F3AA0
HAKJAY	HAKJAY	poshmark.com	HTTPS://POSHMARK.COM/LISTING/WOMENS-HAKJAY-ACTIVE-WEAR-PANTS-SIZE-XXL-BRAND-NEW-61E5E06AA5CBED862BA5C291
HALO2CLOUD	HALO2CLOUD	poshmark.com	HTTPS://POSHMARK.COM/LISTING/HALO2CLOUD-CHARGE-IT-3000-66BB7C3AB9DB3AF4274C2371
HALO2CLOUD	HALO2CLOUD	poshmark.com	HTTPS://POSHMARK.COM/LISTING/WPURCHASE-OF-EQUAL-OR-GREATER-VALUE-HALO2CLOUD-CHARGER-65F7216297B5D082CD076907
HAMOPY	HAMOPY	poshmark.com	HTTPS://POSHMARK.COM/LISTING/HAMOPY-RETRACTABLE-BABY-GATE-33-TALL-EXTENDS-UP-TO-72-BABY-GATES-EXTRA-WIDE-663D2942CD201B866E6A3196
HAMUTI	HAMUTI	poshmark.com	HTTPS://POSHMARK.COM/LISTING/HAMUTI-OPEN-EAR-BONE-CONDUCTION-HEADPHONE-6558D16C1645F73B2E5CEAD1
HANASS	HANASS	poshmark.com	HTTPS://POSHMARK.COM/LISTING/HANASS-FARMHOUSE-WOOD-PENDANT-LIGHT-BLACK-GLASS-PENDANT-LIGHTING-IN-WALNUT-WOOD-63091A67C5DF6C793506D20B
HANCOOK	HANCOOK	poshmark.com	HTTPS://POSHMARK.COM/LISTING/HANCOOK-FINE-BONE-CHINA-WKOREAN-WRITING-ASIAN-TRIANGLE-HANDLE-TEA-CUP-SAUCERS-65E3D1B27DFCC214C0EB633A
HANDICRAFTVIET	HANDICRAFTVIET	poshmark.com	HTTPS://POSHMARK.COM/LISTING/HANDICRAFTVIET-HAND-CARVED-WOODEN-MAGIC-WANDS-15-INCH-64AF6E4FA0AEB7A858000A4F
HANDITHINGS	HANDITHINGS	poshmark.com	HTTPS://POSHMARK.COM/LISTING/NWT-HANDITHINGS-CHRISTMAS-TREE-STAND-63DED2D802760BADA540A690
HANDITHINGS	HANDITHINGS	poshmark.com	HTTPS://POSHMARK.COM/LISTING/NEW-HANDITHINGS-HAND-WEIGHTS-AND-ARMWEIGHT-65C917DDC1C34621384EFAFC
HANDYANDY	HANDYANDY	poshmark.com	HTTPS://POSHMARK.COM/LISTING/HANDY-ANDY-TOOLS-AND-TOOLBOX-66D4BEC01546004B4782609B
HANKSTWISTEDCHALLENGE	HANKSTWISTEDCHALLENGE	poshmark.com	HTTPS://POSHMARK.COM/LISTING/HANKS-TWISTED-CHALLENGE-FAMILY-GAME-BRAND-NEW-619FEEF41C528AA115FDF6C2
HANMO	HANMO	poshmark.com	HTTPS://POSHMARK.COM/LISTING/HANMO-MOMMY-AND-ME-MATCHING-SWEATERS-6473081AACF462D65BDFF44F
HANOLLY	HANOLLY	poshmark.com	HTTPS://POSHMARK.COM/LISTING/ESSENTIAL-OILS-AROMATHERAPY-SET-OF-12-65A1D424382DB860D21E7BA8
HANPLES	HANPLES	poshmark.com	HTTPS://POSHMARK.COM/LISTING/LARGE-TRAVEL-LAPTOP-BACKPACK-CARRY-ON-HANPLES-BACKPACK-HIKING-BACKPACK-NEW-67019CD193A13D11B4728346
HANPURE	HANPURE	poshmark.com	HTTPS://POSHMARK.COM/LISTING/MAGNETIC-PICKUP-TOOL-FLASHLIGHT-EXTENSION-NEW-IN-ORIGINAL-PACKAGING-648CA987ACF46255123E2038
HANPUSEN	HANPUSEN	poshmark.com	HTTPS://POSHMARK.COM/LISTING/HANPUSEN-TR90-REMOTE-SWITCH-WITH-DIGITAL-TIMER-FOR-CAMERA-SHUTTER-USE-OPEN-BOX-6830794849E17B0B8C385CC7
HANTUN	HANTUN	poshmark.com	HTTPS://POSHMARK.COM/LISTING/ARCTERYX-HANTUN-PANT-WOMENS-654CE3918D7A3C5BA490EE1A
HAOFILM	HAOFILM	poshmark.com	HTTPS://POSHMARK.COM/LISTING/HAOFILM-3V-BATTERIES-6300CDC4FB730415D433E57A
HAOKEKE	HAOKEKE	poshmark.com	HTTPS://POSHMARK.COM/LISTING/WHITE-DRESS-6089C45EC693BD953DF14E0B
HAOKEO	HAOKEO	poshmark.com	HTTPS://POSHMARK.COM/LISTING/MAGNETIC-SOLAR-WIRELESS-BACKUP-CAMERA-SYSTEM-SMARTER-CAMERA-5-INCH-DVR-1080P-66CE9E1B2D829ADAC27E2D68
HAOLAND	HAOLAND	poshmark.com	HTTPS://POSHMARK.COM/LISTING/HAOLAND-BROWN-WIG-FOR-WOMEN-NATURAL-BRUNETTE-HEAT-RESISTANT-SYNTHETIC-26-IN-63E599F6ADE7B5B72B80CEBF
HAOMAOMAO	HAOMAOMAO	poshmark.com	HTTPS://POSHMARK.COM/LISTING/HAOMAOMAO-KIDSYOUTH-KNEE-ELBOW-PADS-WRIST-GUARDS-PROTECTIVE-GEAR-SET-MED-65EA4167E94898982B0CD6D1
HAOMIAN	HAOMIAN	poshmark.com	HTTPS://POSHMARK.COM/LISTING/IN-BETWEEN-KNEES-MEMORY-FOAM-PILLOW-663D1751CE706573DD152CDF
HAOMSJ	HAOMSJ	poshmark.com	HTTPS://POSHMARK.COM/LISTING/HAOMSJ-BIG-TRUCK-TOYS-CRANE-INERTIAL-TOY-CAR-WIHT-LIGHTS-AND-SOUND-MODULE-6425A53F02742730D9F84866
HAPJUMP	HAPJUMP	poshmark.com	HTTPS://POSHMARK.COM/LISTING/HAPJUMP-INSOLES-PLANTAR-FASCIITIS-PAIN-RELIEF-GREEN-XS-MEN-4565-WOMEN-5575-651A81E661497338B96DBB8E
HAPPYGRADUATES	HAPPYGRADUATES	poshmark.com	HTTPS://POSHMARK.COM/LISTING/HAPPY-GRADUATES-BOY-GIRL-PRESCHOOL-OR-KINDERGARTEN-GRADUATION-GOWN-SIZE-S-643AC1124BF9FF3449B6D6B1
HAPPYHUNTINGBOWL	HAPPYHUNTINGBOWL	poshmark.com	HTTPS://POSHMARK.COM/LISTING/HAPPY-HUNTING-BOWL-SLOW-FEEDER-DOG-BOWL-COLOR-BLACK-67323D6FA2C69E822EB4BCF6
HAPPYLUOKA	HAPPYLUOKA	poshmark.com	HTTPS://POSHMARK.COM/LISTING/HAPPY-LUOKA-DIAPER-BAG-AND-CHANGING-STATION-66AD4ECACE7065C340E06759
HAPPYPOSH	HAPPYPOSH	poshmark.com	HTTPS://POSHMARK.COM/LISTING/HAPPY-POSHING-6642CDF5580123D9F527B2BC
HAPPYPOSH	HAPPYPOSH	poshmark.com	HTTPS://POSHMARK.COM/LISTING/HAPPY-POSHING-56A92B9644ADBA78CE0166A6
HAPRAIT	HAPRAIT	poshmark.com	HTTPS://POSHMARK.COM/LISTING/HP005-REPLACEMENT-FOR-FRIGIDAIRE-ULTRAWF-PURE-SOURCE-ULTRA-KENMORE-9999-46999-673511A20E51720B769CA1A5
HAPTIM	HAPTIM	poshmark.com	HTTPS://POSHMARK.COM/LISTING/HAPTIM-DIAPER-BAG-MULTIFUNCTION-LARGE-BABY-DIAPER-BAG-INSULATED-POCKETS-64038402120B057355D0169F
HAPURS	HAPURS	poshmark.com	HTTPS://POSHMARK.COM/LISTING/CHARGING-STAND-FOR-IPHONE-AND-WATCH-60161E386E28461F148828BA
HARBORBREEZECENTREVILLE	HARBORBREEZECENTREVILLE	poshmark.com	HTTPS://POSHMARK.COM/LISTING/HARBOR-BREEZE-CENTREVILLE-CEILING-FANS-64542CAF4BF9FFCFE7E97A59
HARBORMASTER	HARBORMASTER	poshmark.com	HTTPS://POSHMARK.COM/LISTING/HARBORMASTER-BOAT-COVER-66F09656154600026883E008
HARMIN	HARMIN	poshmark.com	HTTPS://POSHMARK.COM/LISTING/BRAND-NEW-UTILITY-BAG-FOR-WOMAN-6001F7B47EC30C684C52745A
HARMONI	HARMONI	poshmark.com	HTTPS://POSHMARK.COM/LISTING/HARMONI-EMF-EQUILIBRIUM-CARD-WITH-SATIN-POUCH-689A467EF6035A1522297D12
HARPELUNDE	HARPELUNDE	poshmark.com	HTTPS://POSHMARK.COM/LISTING/HARPELUNDE-DRESS-LOAFERS-5B1C311BE944BA1D668CF56A
HARPERIMAN	HARPERIMAN	poshmark.com	HTTPS://POSHMARK.COM/LISTING/MIXMATCH-2FOR1-DEAL-UNRELEASED-HARPERIMAN-DOLLS-6339E2ADA0E6C6853EBF2310
HARPERIMAN	HARPERIMAN	poshmark.com	HTTPS://POSHMARK.COM/LISTING/UNRELEASED-HARPERIMAN-2022-DOLLS-633D30EE1741BE0537A4DCCB
HARPERTON	HARPERTON	poshmark.com	HTTPS://POSHMARK.COM/LISTING/HARPERTON-NAIL-CLIPPER-SET-64B9E8B0F51A0F32FFD9B26E
HARRISONMYLES	HARRISONMYLES	poshmark.com	HTTPS://POSHMARK.COM/LISTING/HARRISON-MYLES-LT-BROWN-BOOTS-W-FUR-ON-THE-INSIDE-61B22D5F463D4F3E29D985B4
HARVITE	HARVITE	poshmark.com	HTTPS://POSHMARK.COM/LISTING/VINTAGE-ASSORTED-STACKWELL-HARVITE-POKER-CHIPS-6473E206B142F3307AF20F2F
HARVOPU	HARVOPU	poshmark.com	HTTPS://POSHMARK.COM/LISTING/HARVOPU-IPAD-11TH-10TH-GENERATION-KEYBOARD-CASE-WITH-TRACKPAD-YELLOW-67E09D424F80F9A94EBF0FEB
HASAKEE	HASAKEE	poshmark.com	HTTPS://POSHMARK.COM/LISTING/HASAKEE-MINIDRONE-REMOTE-CONTROL-RC-DRONES-YELLOWBLACK-TESTED-64C864CD34D156DFADD548C4
HASTINGSCOLLECTIVE	HASTINGSCOLLECTIVE	poshmark.com	HTTPS://POSHMARK.COM/LISTING/HASTINGS-COLLECTIVE-THERMAL-COFFEE-CARAFE-50-OZ-LARGE-STAINLESS-STEEL-WHITE-67D484AED6C0DCE76992B6A5
HATIIS	HATIIS	poshmark.com	HTTPS://POSHMARK.COM/LISTING/NWT-HATIIS-BEANIE-HAT-62CD8E4D3CDA880B4914991B
HAUCAN	HAUCAN	poshmark.com	HTTPS://POSHMARK.COM/LISTING/NWT-ALDO-HAUCAN-BOOTIE-BLACK-LEATHER-SIZE-9-66B7FD8C147B98A65E7D8245
HAUCAN	HAUCAN	poshmark.com	HTTPS://POSHMARK.COM/LISTING/ALDO-HAUCAN-ANKLE-BOOTS-65A47EE550E2DF95ACA4C5F9
HAUSBRIGHT	HAUSBRIGHT	poshmark.com	HTTPS://POSHMARK.COM/LISTING/LOT-OF-2-HAUS-BRIGHT-LED-GROW-LIGHT-BULB-FULL-SPECTRUM-E27-BASE-1200-LUMENS-681D07E134E253B9AD4A2067
HAUTIK	HAUTIK	poshmark.com	HTTPS://POSHMARK.COM/LISTING/HAUTIK-CELL-PHONE-CAMERA-LENS-READ-DESCRIPTION-62E6E65324237AA28C54D209
HAUTURE	HAUTURE	poshmark.com	HTTPS://POSHMARK.COM/LISTING/BABY-BOTTLE-STERILIZER-6IN1-HAUTURE-BOTTLE-STERILIZER-AND-DRYER-65AAD02C58083D6615ED13EA
HAVATEK	HAVATEK	poshmark.com	HTTPS://POSHMARK.COM/LISTING/HAVATEK-CANON-COMPATIBLE-XL-901-PRINTER-INK-6248A6A65D7F8702D71ADD28
HAVEGET	HAVEGET	poshmark.com	HTTPS://POSHMARK.COM/LISTING/HAVEGET-WATERPROOF-DOG-SHOES-MEDIUM-628AE22BAC9702FB5DEA62B3
HAVIC	HAVIC	poshmark.com	HTTPS://POSHMARK.COM/LISTING/GAMING-MOUSE-62F92F3A37D0DF2B8E1E667C
HAWBATH	HAWBATH	poshmark.com	HTTPS://POSHMARK.COM/LISTING/HAWBATH-BATH-PILLOW-FOR-BATHTUBS-NEW-627435D95561F7BB43D00941
HAWKECO	HAWKECO	poshmark.com	HTTPS://POSHMARK.COM/LISTING/HAWKECO-PERFORMANCE-DYNAMIC-SPORT-JACKET-MED-620411AD3751F5AA9459B1C4
HAWKECO	HAWKECO	poshmark.com	HTTPS://POSHMARK.COM/LISTING/HAWKECO-SPORT-DYNAMICS-SPORT-FIBER-PERFORMANCE-DOWN-JACKET-SIZE-L-616F8B9ABCBB52FAA1954E49
HAWKJIUJITSU	HAWKJIUJITSU	poshmark.com	HTTPS://POSHMARK.COM/LISTING/HAWK-JIU-JITSU-BJJ-GI-5FDA65343A0DB9FDB1BEBFCF
HAWLANDER	HAWLANDER	poshmark.com	HTTPS://POSHMARK.COM/LISTING/HAWLANDER-BACKPACK-5F626C7AC693BD777F0816C7
HAYLEYCHERIE	HAYLEYCHERIE	poshmark.com	HTTPS://POSHMARK.COM/LISTING/HAYLEY-CHERIE-GIFT-BOX-SET-REMNANTS-680EBF600015423D2BE70D79
HAYLINK	HAYLINK	poshmark.com	HTTPS://POSHMARK.COM/LISTING/DESKTOP-POWER-GROMMET-HAYLINK-DESK-HOLE-COVER-GROMMET-315-INCH80MM-RECESSED-64F1419D3752182AAEA55D8F
HAYOUSUI	HAYOUSUI	poshmark.com	HTTPS://POSHMARK.COM/LISTING/HAYOUSUI-EXERCISE-RESISTANCE-WORKOUT-BANDS-62F5AE1902760B1CE7898E54
HAYVENHURST	HAYVENHURST	poshmark.com	HTTPS://POSHMARK.COM/LISTING/HAYVENHURST-LED-FLASHLIGHT-69560ACD39A1F6A819A46CEB
HCHANA	HCHANA	poshmark.com	HTTPS://POSHMARK.COM/LISTING/HCHANA-PROPOLIS-LIP-MASK-65B931763FD8E73B1E155BF1
HCHANA	HCHANA	poshmark.com	HTTPS://POSHMARK.COM/LISTING/HCHANA-PROPOLIS-LIP-MASK-MOISTURIZING-HYDRATING-NOURISHING-LIP-CARE-55G-685EC1CFD50746A1886B6CDA
HCOOKER	HCOOKER	poshmark.com	HTTPS://POSHMARK.COM/LISTING/2-TIER-KITCHEN-BAMBOO-STEAMER-BASKET-60A1620BFDCBF6E3189A7386
HDLKRR	HDLKRR	poshmark.com	HTTPS://POSHMARK.COM/LISTING/HDLKRR-DOG-LEASH-4-LONG-NEW-IN-PACKAGE-62D8407167BD9111EDCF80F0
HDLKRR	HDLKRR	poshmark.com	HTTPS://POSHMARK.COM/LISTING/HDLKRR-COLLAR-LEASH-SET-IN-BLUEBERRY-BLUE-620834062E8E44F3651D6E76
HDMX	HDMX	poshmark.com	HTTPS://POSHMARK.COM/LISTING/HMDX-PORTABLE-SPEAKER-5EA463AF463D4F3660B0FF23
HDMX	HDMX	poshmark.com	HTTPS://POSHMARK.COM/LISTING/HDMX-WIRELESS-EARBUDS-5D87739E26219F0340D6AA0F
HDWDANCE	HDWDANCE	poshmark.com	HTTPS://POSHMARK.COM/LISTING/WOMEN-GIRLS-NUDE-LEOTARD-W-REMOVABLE-STRAPS-5B3BE3AA6F8F592FE33DFC35
HEADLIGHTEXPERTS	HEADLIGHTEXPERTS	poshmark.com	HTTPS://POSHMARK.COM/LISTING/HEADLIGHT-EXPERTS-LED-CONVERSION-KIT-65CFAF5097B5D0368EC829CA
HEADOT	HEADOT	poshmark.com	HTTPS://POSHMARK.COM/LISTING/HEADOT-MASSAGE-GUN-FOR-ATHLETES-AND-FITNESS-LOVERS-63DB5F41ADE7B5A6D25B31DC
HEADOT	HEADOT	poshmark.com	HTTPS://POSHMARK.COM/LISTING/MASSAGE-GUN-6027497CCE1E87020D892618
HEADSHION	HEADSHION	poshmark.com	HTTPS://POSHMARK.COM/LISTING/HEADSHION-COTTON-SKULL-CAPS-FOR-MEN-WOMEN2PACK-LIGHTWEIGHT-BEANIE-SLEEP-HATS-67AEE4BFEF1EF7C710E56AA2
HEALNITOR	HEALNITOR	poshmark.com	HTTPS://POSHMARK.COM/LISTING/HEALNITOR-NUTRI-BLENDER-639D0554046D7452BE465C1F
HEALNITOR	HEALNITOR	poshmark.com	HTTPS://POSHMARK.COM/LISTING/TOUCH-LED-DISPLAY-MASTICATING-JUICER-MACHINES-VEGETABLE-AND-FRUIT-HEALNITOR-COL-65753D9532C1DCCA8702E70E
HEALNITOR	HEALNITOR	poshmark.com	HTTPS://POSHMARK.COM/LISTING/HEALNITOR-650W-CENTRIFUGAL-JUICER-3SPEED-WIDE-FEED-CHUTE-BPAFREE-WHITE-669310FB07AC55ABDC0922C6
HEALPARK	HEALPARK	poshmark.com	HTTPS://POSHMARK.COM/LISTING/NEW-HEALPARK-HEMP-CREAM-85OZ-688FC4381986C26EA3FDC461
HEALTHRITE	HEALTHRITE	poshmark.com	HTTPS://POSHMARK.COM/LISTING/HEALTHRITE-INSTADRY-MENS-BOXER-SHORTS-NAVY-POLYESTER-NEVER-WORN-XL-5-PIECES-636FE6D8F644E5E2E0DDD293
HEALTHYCLEAR	HEALTHYCLEAR	poshmark.com	HTTPS://POSHMARK.COM/LISTING/MYCELVAN-ADVANCED-ANTIFUNGAL-CREAM-FOR-HEALTHYCLEAR-SKIN-675655E2CF86B165F45A1462
HEALVALUEFIT	HEALVALUEFIT	poshmark.com	HTTPS://POSHMARK.COM/LISTING/HEALVALUEFIT-SIMPLE-MUSIC-PLAYER-FOR-ELDERLY-AUDIOBOOK-CARD-READER-ALZHEIMERS-6785A10CA5BB34E2DB59C891
HEAPETS	HEAPETS	poshmark.com	HTTPS://POSHMARK.COM/LISTING/ALLINONE-PET-GROOMING-VACUUM-AND-GROOMING-KIT-680C7CCB49E17B2F6F536827
HEARTEK	HEARTEK	poshmark.com	HTTPS://POSHMARK.COM/LISTING/BABY-EAR-PROTECTION-HEARTEK-6145FB7B800F64D8653C0774
HEARTEK	HEARTEK	poshmark.com	HTTPS://POSHMARK.COM/LISTING/HEARTEK-NOISE-CANCELING-HEADPHONES-FOR-JUNIOR-CHILD-HEARING-EAR-PROTECTION-67442021F88471206FCC6FC5
HEARTLANDHIVE	HEARTLANDHIVE	poshmark.com	HTTPS://POSHMARK.COM/LISTING/HEARTLAND-HIVE-SET-OF-TWO-MUGS-64B0BE00FFB5D071E9A2D2E4
HEARTMADEOFGOLD	HEARTMADEOFGOLD	poshmark.com	HTTPS://POSHMARK.COM/LISTING/HEARTMADE-OF-GOLD-GOLD-PAPER-CLIP-CHAIN-GOLD-PLATED-63C84FC3678C3A694EC77F46
HEATHZENITHNOTIFIELITEVIDEODOOR	HEATHZENITHNOTIFIELITEVIDEODOOR	poshmark.com	HTTPS://POSHMARK.COM/LISTING/HEATH-ZENITH-NOTIFI-ELITE-VIDEO-DOORBELL-6627F33C07AC55CF137BC978
HEATLAST	HEATLAST	poshmark.com	HTTPS://POSHMARK.COM/LISTING/MENS-HEATLAST-THERMAL-BASE-LAYER-63066DCFC9A2285E4C4968CF
HEATLAST	HEATLAST	poshmark.com	HTTPS://POSHMARK.COM/LISTING/HEATLAST-LONG-SLEEVE-XXL-6025CE4C2CA9AB091798035B
HEATLAST	HEATLAST	poshmark.com	HTTPS://POSHMARK.COM/LISTING/HEATLAST-GLOVES-5E3589F31528123FF30C47C1
HEATLAST	HEATLAST	poshmark.com	HTTPS://POSHMARK.COM/LISTING/MENS-HEATLAST-GLOVES-62A90B8E81A36C5B45B2958A
HEATOLOGY	HEATOLOGY	poshmark.com	HTTPS://POSHMARK.COM/LISTING/HEATOLOGY-HEATED-ELECTRIC-BLANKET-PAD-FAST-HEATING-30-X-61-WHITE-6477EBF987A2F58D4139F468
HEATOO	HEATOO	poshmark.com	HTTPS://POSHMARK.COM/LISTING/HEATOO-BACKPACK-DIAPER-BAGTHIS-HEATOO-BACKPACK-DIAPER-BAG-IS-PERFECT-FOR-PAR-66DF5386DC8A4EB34AE31E3B
HEATOO	HEATOO	poshmark.com	HTTPS://POSHMARK.COM/LISTING/NEW-HEATOO-CHANGING-STATIONDIAPER-BAG-BACKPACK-BLACKSILVER-63D6F9DC4BD760E3F1F07F0E
HEATOO	HEATOO	poshmark.com	HTTPS://POSHMARK.COM/LISTING/HEATOO-ALLIN1-DIAPER-BAG-63D098194BF9FFDAC631D2A7
HEATOO	HEATOO	poshmark.com	HTTPS://POSHMARK.COM/LISTING/HEATOO-DIAPER-BAG-628596B1C693BDEEDE2E6692
HEAVENLYACUPRESSUREMATS	HEAVENLYACUPRESSUREMATS	poshmark.com	HTTPS://POSHMARK.COM/LISTING/HEAVENLY-ACUPRESSURE-MAT-635C0272C9A2280C6CD3F736
HEAYE	HEAYE	poshmark.com	HTTPS://POSHMARK.COM/LISTING/WRISTLET-WALLET-CELL-PHONE-PURSE-SMALL-CROSS-BODY-BAG-66293733C3837223F051B334
HEDAYAHOMEFASHIONS	HEDAYAHOMEFASHIONS	poshmark.com	HTTPS://POSHMARK.COM/LISTING/MACHINE-AND-HAND-QUILTED-STORE-BOUGHT-QUILT-6469106856B2F87CEA9844C6
HEDBANZHEADRUSH	HEDBANZHEADRUSH	poshmark.com	HTTPS://POSHMARK.COM/LISTING/HEDBANZ-HEADRUSH-GAME-61FAA44067BD91D95D90C64A
HEDYNSHINE	HEDYNSHINE	poshmark.com	HTTPS://POSHMARK.COM/LISTING/HEDYNSHINE-LED-FAIRY-LIGHTS-50FT-USB-SMART-COLOR-LED-STRING-LIGHTS-APP-CONNECT-65492F7D0C84273347418F2B
HEEJOONAY	HEEJOONAY	poshmark.com	HTTPS://POSHMARK.COM/LISTING/12-ROYAL-RED-SATIN-SILK-BEJEWELED-CHRISTMAS-BALLS-ORNAMENTS-HEEJOONAY-6578E25A9B37C71B75441580
HEEJOONAY	HEEJOONAY	poshmark.com	HTTPS://POSHMARK.COM/LISTING/VINTAGE-HEEJOONAY-2010-DESIGNER-FELT-ORNAMENTS-WHITE-GOLD-SET-OF-10-62A66ACCF0F28C094F1FE53B
HEELE	HEELE	poshmark.com	HTTPS://POSHMARK.COM/LISTING/6-HEELE-RED-SANDALS-FOR-WOMEN-6441B8D1DBB0E717B89A2741
HEELTHEWORLD	HEELTHEWORLD	poshmark.com	HTTPS://POSHMARK.COM/LISTING/FLATS-633D7D9AF8C5DA9008ED4D3F
HEENDZOO	HEENDZOO	poshmark.com	HTTPS://POSHMARK.COM/LISTING/BACKPACK-FOR-MEN-LARGE-USB-RFID-FITS-2-13-IN-LAPTOP-BAGS-BLACK-62396AF8FDD4CD36ABB352EB
HEIDEN	HEIDEN	poshmark.com	HTTPS://POSHMARK.COM/LISTING/HRTG-45-BY-HEIDEN-HERITAGE-MENS-115-HIGH-TOP-SNEAKERS-TENNIS-SHOE-682F29BBF51A0F633F2A1768
HEIHUOHUA	HEIHUOHUA	poshmark.com	HTTPS://POSHMARK.COM/LISTING/HEIHUOHUA-MENS-FLAT-COLLAR-MILITARY-JACKET-5B58EC453E0CAA6F3B25A8EF
HEIRIO	HEIRIO	poshmark.com	HTTPS://POSHMARK.COM/LISTING/HEIRIO-RACE-CAR-TRACK-65E118234BF9FFEB211E5E9E
HELEMAN	HELEMAN	poshmark.com	HTTPS://POSHMARK.COM/LISTING/NWT-HELEMAN-MINI-RATCHET-SET-65DFB27C046D747D6D18CE62
HELLOHELIO	HELLOHELIO	poshmark.com	HTTPS://POSHMARK.COM/LISTING/HELLO-HELIO-VINTAGE-PU-LEATHER-CASE-FOR-FUJIFILM-5A4F12A236B9DECB2E0165E6
HELLOMOCKINGBIRD	HELLOMOCKINGBIRD	poshmark.com	HTTPS://POSHMARK.COM/LISTING/SINGLE-TO-DOUBLE-HELLO-MOCKING-BIRD-STROLLER-61A66A70AE766FBD99A30E33
HELLOSPUD	HELLOSPUD	poshmark.com	HTTPS://POSHMARK.COM/LISTING/2-HELLO-SPUD-COTTON-CRIB-SKIRTS-6758F4672D829AC5499F4DE4
HELLOSPUD	HELLOSPUD	poshmark.com	HTTPS://POSHMARK.COM/LISTING/HELLO-SPUD-FITTED-CRIB-SHEET-65B6AB8FBE296BC46A24E6D7
HELOPSSA	HELOPSSA	poshmark.com	HTTPS://POSHMARK.COM/LISTING/NEW-HELOPSSA-180-HEMP-CALMING-CHEWS-DUCK-FLAVOR-FOR-DOGS-STRESS-ANXIETY-JULY-4TH-685B3E33F59CC4E5FE45823A
HELVAK	HELVAK	poshmark.com	HTTPS://POSHMARK.COM/LISTING/HELVAK-POINTED-HEM-TUNIC-SIZE-4-630137F1C5DF6CE88053D2F7
HELVAK	HELVAK	poshmark.com	HTTPS://POSHMARK.COM/LISTING/RARE-HELVAK-DOOMLORD-HOODIE-64E82CBE9464F3DAF88854CD
HELVAK	HELVAK	poshmark.com	HTTPS://POSHMARK.COM/LISTING/HELVAK-POINTED-HEM-TUNIC-MEDIUM-67BA67A9F33F71344AE33358
HEMICASA	HEMICASA	poshmark.com	HTTPS://POSHMARK.COM/LISTING/HEMI-CASA-BRAIDED-SMALL-TRASH-CAN-FIRM-PRICE-6496268602760B49ED2FC763
HEMINGWEIGH	HEMINGWEIGH	poshmark.com	HTTPS://POSHMARK.COM/LISTING/HEMINGWEIGH-ACUPRESSURE-MAT-65D26CC6614973B9946353BD
