1000BULBS	1000BULBS	retailmenot.com	HTTPS://WWW.RETAILMENOT.COM/VIEW/1000BULBS.COM
1000BULBS	1000BULBS	retailmenot.com	HTTPS://WWW.RETAILMENOT.COM/VIEW/1000BULBS.COM
123POSTERS	123POSTERS	retailmenot.com	HTTPS://WWW.RETAILMENOT.COM/VIEW/123POSTERS.COM
123POSTERSCOM	123POSTERS	retailmenot.com	HTTPS://WWW.RETAILMENOT.COM/VIEW/123POSTERS.COM
1800PETMEDS	1800PEEDS	retailmenot.com	HTTPS://WWW.RETAILMENOT.COM/VIEW/1800PETMEDS.COM
1800PETMEDS	1800PEEDS	retailmenot.com	HTTPS://WWW.RETAILMENOT.COM/VIEW/1800PETMEDS.COM
1ONEPERCENT	1PERCENT	retailmenot.com	HTTPS://WWW.RETAILMENOT.COM/VIEW/1PERCENT.COM
1REPLACEMENTS	REPLACEMENTS	retailmenot.com	HTTPS://WWW.RETAILMENOT.COM/VIEW/REPLACEMENTS.COM
1STAVENUE	1EREAVENUE	retailmenot.com	HTTPS://WWW.RETAILMENOT.COM/VIEW/1EREAVENUE.COM
24THOCEAN	4OCEAN	retailmenot.com	HTTPS://WWW.RETAILMENOT.COM/VIEW/4OCEAN.COM
2HOUNDSDESIGN	2HOUNDSDESIGN	retailmenot.com	HTTPS://WWW.RETAILMENOT.COM/VIEW/2HOUNDSDESIGN.COM
3VGEAR	3VGEAR	retailmenot.com	HTTPS://WWW.RETAILMENOT.COM/VIEW/3VGEAR.COM
3VGEAR	3VGEAR	retailmenot.com	HTTPS://WWW.RETAILMENOT.COM/VIEW/3VGEAR.COM
47BRAND	47BRAND	retailmenot.com	HTTPS://WWW.RETAILMENOT.COM/VIEW/47BRAND.COM
47BRAND	47BRAND	retailmenot.com	HTTPS://WWW.RETAILMENOT.COM/VIEW/47BRAND.COM
4KNINES	4KNINES	retailmenot.com	HTTPS://WWW.RETAILMENOT.COM/VIEW/4KNINES.COM
4KNINES	4KNINES	retailmenot.com	HTTPS://WWW.RETAILMENOT.COM/VIEW/4KNINES.COM
4OCEAN	4OCEAN	retailmenot.com	HTTPS://WWW.RETAILMENOT.COM/VIEW/4OCEAN.COM
511TACTICAL	511TACTICAL	retailmenot.com	HTTPS://WWW.RETAILMENOT.COM/VIEW/511TACTICAL.COM
5THOCEAN	4OCEAN	retailmenot.com	HTTPS://WWW.RETAILMENOT.COM/VIEW/4OCEAN.COM
7FORALLMANKIND	7FORALLMANKIND	retailmenot.com	HTTPS://WWW.RETAILMENOT.COM/VIEW/7FORALLMANKIND.COM
7FORALLMANKIND	7FORALLMANKIND	retailmenot.com	HTTPS://WWW.RETAILMENOT.COM/VIEW/7FORALLMANKIND.COM
7FORALLMANKINDR	7FORALLMANKIND	retailmenot.com	HTTPS://WWW.RETAILMENOT.COM/VIEW/7FORALLMANKIND.COM
7FORALLMANKINDR	7FORALLMANKIND	retailmenot.com	HTTPS://WWW.RETAILMENOT.COM/VIEW/7FORALLMANKIND.COM
828PETSUPPLIES	PETSUPPLIES	retailmenot.com	HTTPS://WWW.RETAILMENOT.COM/VIEW/PETSUPPLIES.COM
89THMADISON	89THANDMADISON	retailmenot.com	HTTPS://WWW.RETAILMENOT.COM/VIEW/89THANDMADISON.COM
AABADBABY	BUYBUYBABY	retailmenot.com	HTTPS://WWW.RETAILMENOT.COM/VIEW/BUYBUYBABY.COM
AABADBABY	BUYBUYBABY	retailmenot.com	HTTPS://WWW.RETAILMENOT.COM/VIEW/BUYBUYBABY.COM
AAEAREFU	AE	retailmenot.com	HTTPS://WWW.RETAILMENOT.COM/VIEW/AE.COM
AALLCOVER	COVERSANDALL	retailmenot.com	HTTPS://WWW.RETAILMENOT.COM/VIEW/COVERSANDALL.COM
AALLCOVER	COVERSANDALL	retailmenot.com	HTTPS://WWW.RETAILMENOT.COM/VIEW/COVERSANDALL.COM
AANNYDESIGNS	ANJAYSDESIGNS	retailmenot.com	HTTPS://WWW.RETAILMENOT.COM/VIEW/ANJAYSDESIGNS.COM
AAPLUSSHOP	APLUS	retailmenot.com	HTTPS://WWW.RETAILMENOT.COM/VIEW/APLUS.NET
AAPLUSSHOP	APLUS	retailmenot.com	HTTPS://WWW.RETAILMENOT.COM/VIEW/APLUS.NET
ABCHOMECOLLECTION	ABCHOME	retailmenot.com	HTTPS://WWW.RETAILMENOT.COM/VIEW/ABCHOME.COM
ABCXGOOD	ABCSTORES	retailmenot.com	HTTPS://WWW.RETAILMENOT.COM/VIEW/ABCSTORES.COM
ABERCROMBIE	ABERCROMBIE	retailmenot.com	HTTPS://WWW.RETAILMENOT.COM/VIEW/ABERCROMBIE.COM
ABEYC	ABEBOOKS	retailmenot.com	HTTPS://WWW.RETAILMENOT.COM/VIEW/ABEBOOKS.COM
ACADEMYSPORTS	ACADEMY	retailmenot.com	HTTPS://WWW.RETAILMENOT.COM/VIEW/ACADEMY.COM
ACCONTOCHE	ACCENTCLOTHING	retailmenot.com	HTTPS://WWW.RETAILMENOT.COM/VIEW/ACCENTCLOTHING.COM
ACE	ACEHARDWARE	retailmenot.com	HTTPS://WWW.RETAILMENOT.COM/VIEW/ACEHARDWARE.COM
ACEGOES	ACEHARDWARE	retailmenot.com	HTTPS://WWW.RETAILMENOT.COM/VIEW/ACEHARDWARE.COM
ACEJUNKY	ACEHARDWARE	retailmenot.com	HTTPS://WWW.RETAILMENOT.COM/VIEW/ACEHARDWARE.COM
ACESMARK	ACEMARKS	retailmenot.com	HTTPS://WWW.RETAILMENOT.COM/VIEW/ACEMARKS.COM
ACESMARK	ACEMARKS	retailmenot.com	HTTPS://WWW.RETAILMENOT.COM/VIEW/ACEMARKS.COM
ACGOING	GOINGGOINGGONE	retailmenot.com	HTTPS://WWW.RETAILMENOT.COM/VIEW/GOINGGOINGGONE.COM
ACIAZAAZ	AZAZIE	retailmenot.com	HTTPS://WWW.RETAILMENOT.COM/VIEW/AZAZIE.COM
ACMEBUY	ACMEMARKETS	retailmenot.com	HTTPS://WWW.RETAILMENOT.COM/VIEW/ACMEMARKETS.COM
ACMEBUY	ACMEMARKETS	retailmenot.com	HTTPS://WWW.RETAILMENOT.COM/VIEW/ACMEMARKETS.COM
ACODABLEM	ACEABLE	retailmenot.com	HTTPS://WWW.RETAILMENOT.COM/VIEW/ACEABLE.COM
ACODABLEM	ACEABLE	retailmenot.com	HTTPS://WWW.RETAILMENOT.COM/VIEW/ACEABLE.COM
ACTIONVILLAGE	ACTIONVILLAGE	retailmenot.com	HTTPS://WWW.RETAILMENOT.COM/VIEW/ACTIONVILLAGE.COM
ACTIVATEDYOU	ACTIVATEDYOU	retailmenot.com	HTTPS://WWW.RETAILMENOT.COM/VIEW/ACTIVATEDYOU.COM
ACTIVEANNIE	ANNIESELKE	retailmenot.com	HTTPS://WWW.RETAILMENOT.COM/VIEW/ANNIESELKE.COM
ACTIVEANNIE	ANNIESELKE	retailmenot.com	HTTPS://WWW.RETAILMENOT.COM/VIEW/ANNIESELKE.COM
ACTIVEFOREVER	ACTIVEFOREVER	retailmenot.com	HTTPS://WWW.RETAILMENOT.COM/VIEW/ACTIVEFOREVER.COM
ACTIVEFOREVER	ACTIVEFOREVER	retailmenot.com	HTTPS://WWW.RETAILMENOT.COM/VIEW/ACTIVEFOREVER.COM
ADAMEVE	ADAMEVE	retailmenot.com	HTTPS://WWW.RETAILMENOT.COM/VIEW/ADAMEVE.COM
ADDIMOR	ADIAMOR	retailmenot.com	HTTPS://WWW.RETAILMENOT.COM/VIEW/ADIAMOR.COM
ADENBYADENANAIS	ADENANDANAIS	retailmenot.com	HTTPS://WWW.RETAILMENOT.COM/VIEW/ADENANDANAIS.COM
ADIDASINLINEAPPARELCHILDCODESP	ADIDAS	retailmenot.com	HTTPS://WWW.RETAILMENOT.COM/VIEW/ADIDAS.COM
ADINSENEN	ADENANDANAIS	retailmenot.com	HTTPS://WWW.RETAILMENOT.COM/VIEW/ADENANDANAIS.COM
ADODA	AGODA	retailmenot.com	HTTPS://WWW.RETAILMENOT.COM/VIEW/AGODA.COM
ADODA	AGODA	retailmenot.com	HTTPS://WWW.RETAILMENOT.COM/VIEW/AGODA.COM
ADOLAVIE	ADAMEVE	retailmenot.com	HTTPS://WWW.RETAILMENOT.COM/VIEW/ADAMEVE.COM
ADOREME	ADOREME	retailmenot.com	HTTPS://WWW.RETAILMENOT.COM/VIEW/ADOREME.COM
ADORYSWEETY	ADOREME	retailmenot.com	HTTPS://WWW.RETAILMENOT.COM/VIEW/ADOREME.COM
ADORYSWEETY	ADOREME	retailmenot.com	HTTPS://WWW.RETAILMENOT.COM/VIEW/ADOREME.COM
ADRIENESCHOICE	US	retailmenot.com	HTTPS://WWW.RETAILMENOT.COM/VIEW/US.ARDENE.COM
ADRIENESCHOICE	US	retailmenot.com	HTTPS://WWW.RETAILMENOT.COM/VIEW/US.ARDENE.COM
ADVANCEDSHOP	SHOP	retailmenot.com	HTTPS://WWW.RETAILMENOT.COM/VIEW/SHOP.ADVANCEAUTOPARTS.COM
ADVANCEDSHOP	SHOP	retailmenot.com	HTTPS://WWW.RETAILMENOT.COM/VIEW/SHOP.ADVANCEAUTOPARTS.COM
ADVANCEDVANCE	SHOP	retailmenot.com	HTTPS://WWW.RETAILMENOT.COM/VIEW/SHOP.ADVANCEAUTOPARTS.COM
ADVANCEDVANCE	SHOP	retailmenot.com	HTTPS://WWW.RETAILMENOT.COM/VIEW/SHOP.ADVANCEAUTOPARTS.COM
ADVENTUREISAND	ADVENTUREISLAND	retailmenot.com	HTTPS://WWW.RETAILMENOT.COM/VIEW/ADVENTUREISLAND.COM
ADVENTUREISLAND	ADVENTUREISLAND	retailmenot.com	HTTPS://WWW.RETAILMENOT.COM/VIEW/ADVENTUREISLAND.COM
ADW	ADWDIABETES	retailmenot.com	HTTPS://WWW.RETAILMENOT.COM/VIEW/ADWDIABETES.COM
ADW	ADWDIABETES	retailmenot.com	HTTPS://WWW.RETAILMENOT.COM/VIEW/ADWDIABETES.COM
ADWLOF	ADWDIABETES	retailmenot.com	HTTPS://WWW.RETAILMENOT.COM/VIEW/ADWDIABETES.COM
ADWLOF	ADWDIABETES	retailmenot.com	HTTPS://WWW.RETAILMENOT.COM/VIEW/ADWDIABETES.COM
AECKT	AE	retailmenot.com	HTTPS://WWW.RETAILMENOT.COM/VIEW/AE.COM
AEEAEEY	AE	retailmenot.com	HTTPS://WWW.RETAILMENOT.COM/VIEW/AE.COM
AEEFNUIE	AE	retailmenot.com	HTTPS://WWW.RETAILMENOT.COM/VIEW/AE.COM
AEEFNUIE	AE	retailmenot.com	HTTPS://WWW.RETAILMENOT.COM/VIEW/AE.COM
AERA	AERAFORHOME	retailmenot.com	HTTPS://WWW.RETAILMENOT.COM/VIEW/AERAFORHOME.COM
AERA	AERAFORHOME	retailmenot.com	HTTPS://WWW.RETAILMENOT.COM/VIEW/AERAFORHOME.COM
AEROTECHDESIGNS	AEROTECHDESIGNS	retailmenot.com	HTTPS://WWW.RETAILMENOT.COM/VIEW/AEROTECHDESIGNS.COM
AFLORAL	AFLORAL	retailmenot.com	HTTPS://WWW.RETAILMENOT.COM/VIEW/AFLORAL.COM
AFLORAL	AFLORAL	retailmenot.com	HTTPS://WWW.RETAILMENOT.COM/VIEW/AFLORAL.COM
AFOLIRY	AFLORAL	retailmenot.com	HTTPS://WWW.RETAILMENOT.COM/VIEW/AFLORAL.COM
AFURAES	AFASTORES	retailmenot.com	HTTPS://WWW.RETAILMENOT.COM/VIEW/AFASTORES.COM
AHZIMKLM	AZAZIE	retailmenot.com	HTTPS://WWW.RETAILMENOT.COM/VIEW/AZAZIE.COM
AILIFLY	IFLYWORLD	retailmenot.com	HTTPS://WWW.RETAILMENOT.COM/VIEW/IFLYWORLD.COM
AIRWEAVE	AIRWEAVE	retailmenot.com	HTTPS://WWW.RETAILMENOT.COM/VIEW/AIRWEAVE.COM
AKSPORTS	AKATHLETICS	retailmenot.com	HTTPS://WWW.RETAILMENOT.COM/VIEW/AKATHLETICS.COM
ALALA	ALALASTYLE	retailmenot.com	HTTPS://WWW.RETAILMENOT.COM/VIEW/ALALASTYLE.COM
ALETHA	ALETHAHEALTH	retailmenot.com	HTTPS://WWW.RETAILMENOT.COM/VIEW/ALETHAHEALTH.COM
ALEXANDANI	ALEXANDANI	retailmenot.com	HTTPS://WWW.RETAILMENOT.COM/VIEW/ALEXANDANI.COM
ALFDSUOKE	ALDOSHOES	retailmenot.com	HTTPS://WWW.RETAILMENOT.COM/VIEW/ALDOSHOES.COM
ALFDSUOKE	ALDOSHOES	retailmenot.com	HTTPS://WWW.RETAILMENOT.COM/VIEW/ALDOSHOES.COM
ALINECADACOSAENSULUGAR	ANALUISA	retailmenot.com	HTTPS://WWW.RETAILMENOT.COM/VIEW/ANALUISA.COM
ALINECADACOSAENSULUGAR	ANALUISA	retailmenot.com	HTTPS://WWW.RETAILMENOT.COM/VIEW/ANALUISA.COM
ALLECIAGO	ALLEGIANTAIR	retailmenot.com	HTTPS://WWW.RETAILMENOT.COM/VIEW/ALLEGIANTAIR.COM
ALLEGROMEDICAL	ALLEGROMEDICAL	retailmenot.com	HTTPS://WWW.RETAILMENOT.COM/VIEW/ALLEGROMEDICAL.COM
ALLMODERN	ALLMODERN	retailmenot.com	HTTPS://WWW.RETAILMENOT.COM/VIEW/ALLMODERN.COM
ALLPOSTERSUS	ALLPOSTERS	retailmenot.com	HTTPS://WWW.RETAILMENOT.COM/VIEW/ALLPOSTERS.COM
ALLPOSTERSUS	ALLPOSTERS	retailmenot.com	HTTPS://WWW.RETAILMENOT.COM/VIEW/ALLPOSTERS.COM
ALOOVOO	ALOYOGA	retailmenot.com	HTTPS://WWW.RETAILMENOT.COM/VIEW/ALOYOGA.COM
ALPHABETDEAL	ALPHABETDEAL	retailmenot.com	HTTPS://WWW.RETAILMENOT.COM/VIEW/ALPHABETDEAL.COM
ALPHABETDEAL	ALPHABETDEAL	retailmenot.com	HTTPS://WWW.RETAILMENOT.COM/VIEW/ALPHABETDEAL.COM
ALPHAMARTS	ALPHAMARTS	retailmenot.com	HTTPS://WWW.RETAILMENOT.COM/VIEW/ALPHAMARTS.COM
ALPHAMARTS	ALPHAMARTS	retailmenot.com	HTTPS://WWW.RETAILMENOT.COM/VIEW/ALPHAMARTS.COM
ALPHAOMEGAPUBLICATIONS	AOP	retailmenot.com	HTTPS://WWW.RETAILMENOT.COM/VIEW/AOP.COM
ALPHAOMEGAPUBLICATIONS	AOP	retailmenot.com	HTTPS://WWW.RETAILMENOT.COM/VIEW/AOP.COM
ALPYNBEAUTY	ALPYNBEAUTY	retailmenot.com	HTTPS://WWW.RETAILMENOT.COM/VIEW/ALPYNBEAUTY.COM
AMANDALINDROTH	AMANDALINDROTH	retailmenot.com	HTTPS://WWW.RETAILMENOT.COM/VIEW/AMANDALINDROTH.COM
AMERICANGREETINGSJUSTFORYOU	AMERICANGREETINGS	retailmenot.com	HTTPS://WWW.RETAILMENOT.COM/VIEW/AMERICANGREETINGS.COM
AMERICANGREETINGSJUSTFORYOU	AMERICANGREETINGS	retailmenot.com	HTTPS://WWW.RETAILMENOT.COM/VIEW/AMERICANGREETINGS.COM
AMERICANMEADOWS	AMERICANMEADOWS	retailmenot.com	HTTPS://WWW.RETAILMENOT.COM/VIEW/AMERICANMEADOWS.COM
AMERICANMEADOWS	AMERICANMEADOWS	retailmenot.com	HTTPS://WWW.RETAILMENOT.COM/VIEW/AMERICANMEADOWS.COM
AMESWALKER	AMESWALKER	retailmenot.com	HTTPS://WWW.RETAILMENOT.COM/VIEW/AMESWALKER.COM
AMESWALKER	AMESWALKER	retailmenot.com	HTTPS://WWW.RETAILMENOT.COM/VIEW/AMESWALKER.COM
AMOILEOP	AMOILS	retailmenot.com	HTTPS://WWW.RETAILMENOT.COM/VIEW/AMOILS.COM
AMOILEOP	AMOILS	retailmenot.com	HTTPS://WWW.RETAILMENOT.COM/VIEW/AMOILS.COM
AMPHUSKYLINERS	HUSKYLINERS	retailmenot.com	HTTPS://WWW.RETAILMENOT.COM/VIEW/HUSKYLINERS.COM
AMYOOLE	AMYOJEWELRY	retailmenot.com	HTTPS://WWW.RETAILMENOT.COM/VIEW/AMYOJEWELRY.COM
ANCRUNCH	CRUNCH	retailmenot.com	HTTPS://WWW.RETAILMENOT.COM/VIEW/CRUNCH.COM
ANDERSONWMPROMO	ANDERSONS	retailmenot.com	HTTPS://WWW.RETAILMENOT.COM/VIEW/ANDERSONS.COM
ANDERSONWMPROMO	PARTS	retailmenot.com	HTTPS://WWW.RETAILMENOT.COM/VIEW/PARTS.ANDERSENWINDOWS.COM
ANDWARMTH	THEWARMINGSTORE	retailmenot.com	HTTPS://WWW.RETAILMENOT.COM/VIEW/THEWARMINGSTORE.COM
ANECTRIA	ANCESTRY	retailmenot.com	HTTPS://WWW.RETAILMENOT.COM/VIEW/ANCESTRY.COM
ANGOODDEN	BANGGOOD	retailmenot.com	HTTPS://WWW.RETAILMENOT.COM/VIEW/BANGGOOD.COM
ANGRACE	ANGARA	retailmenot.com	HTTPS://WWW.RETAILMENOT.COM/VIEW/ANGARA.COM
ANNASBRIDAL	ANNSBRIDALBARGAINS	retailmenot.com	HTTPS://WWW.RETAILMENOT.COM/VIEW/ANNSBRIDALBARGAINS.COM
ANNDOO	ANAONO	retailmenot.com	HTTPS://WWW.RETAILMENOT.COM/VIEW/ANAONO.COM
ANNIFREE	ANNALEE	retailmenot.com	HTTPS://WWW.RETAILMENOT.COM/VIEW/ANNALEE.COM
ANNIFREE	ANNIESCATALOG	retailmenot.com	HTTPS://WWW.RETAILMENOT.COM/VIEW/ANNIESCATALOG.COM
ANNIFREE	ANNALEE	retailmenot.com	HTTPS://WWW.RETAILMENOT.COM/VIEW/ANNALEE.COM
ANNIFREE	US	retailmenot.com	HTTPS://WWW.RETAILMENOT.COM/VIEW/US.INNISFREE.COM
ANNMARIE	ANNMARIEGIANNI	retailmenot.com	HTTPS://WWW.RETAILMENOT.COM/VIEW/ANNMARIEGIANNI.COM
ANNMARIE	ANNMARIEGIANNI	retailmenot.com	HTTPS://WWW.RETAILMENOT.COM/VIEW/ANNMARIEGIANNI.COM
ANNMARIESKINCARE	ANNMARIEGIANNI	retailmenot.com	HTTPS://WWW.RETAILMENOT.COM/VIEW/ANNMARIEGIANNI.COM
AOOSDUM	AOSOM	retailmenot.com	HTTPS://WWW.RETAILMENOT.COM/VIEW/AOSOM.COM
AOOSDUM	AOSOM	retailmenot.com	HTTPS://WWW.RETAILMENOT.COM/VIEW/AOSOM.COM
AOSNOM	AOSOM	retailmenot.com	HTTPS://WWW.RETAILMENOT.COM/VIEW/AOSOM.COM
AOXO	OXO	retailmenot.com	HTTPS://WWW.RETAILMENOT.COM/VIEW/OXO.COM
AOXO	OXO	retailmenot.com	HTTPS://WWW.RETAILMENOT.COM/VIEW/OXO.COM
AOYAR	AYR	retailmenot.com	HTTPS://WWW.RETAILMENOT.COM/VIEW/AYR.COM
AOYOM	AOSOM	retailmenot.com	HTTPS://WWW.RETAILMENOT.COM/VIEW/AOSOM.COM
AOYOM	AOSOM	retailmenot.com	HTTPS://WWW.RETAILMENOT.COM/VIEW/AOSOM.COM
APEAINTHEPOD	APEAINTHEPOD	retailmenot.com	HTTPS://WWW.RETAILMENOT.COM/VIEW/APEAINTHEPOD.COM
APEAINTHEPOD	APEAINTHEPOD	retailmenot.com	HTTPS://WWW.RETAILMENOT.COM/VIEW/APEAINTHEPOD.COM
APRIDDEO	APRIADIRECT	retailmenot.com	HTTPS://WWW.RETAILMENOT.COM/VIEW/APRIADIRECT.COM
APROMOOM	ANYPROMO	retailmenot.com	HTTPS://WWW.RETAILMENOT.COM/VIEW/ANYPROMO.COM
AQUANAINA	AQUASANA	retailmenot.com	HTTPS://WWW.RETAILMENOT.COM/VIEW/AQUASANA.COM
ARCEWARES	ACEHARDWARE	retailmenot.com	HTTPS://WWW.RETAILMENOT.COM/VIEW/ACEHARDWARE.COM
ARCHITECTURALDEPOT	ARCHITECTURALDEPOT	retailmenot.com	HTTPS://WWW.RETAILMENOT.COM/VIEW/ARCHITECTURALDEPOT.COM
ARCHITECTURALDEPOT	ARCHITECTURALDEPOT	retailmenot.com	HTTPS://WWW.RETAILMENOT.COM/VIEW/ARCHITECTURALDEPOT.COM
ARCHITECTURALDEPOTCOM	ARCHITECTURALDEPOT	retailmenot.com	HTTPS://WWW.RETAILMENOT.COM/VIEW/ARCHITECTURALDEPOT.COM
ARDENE	US	retailmenot.com	HTTPS://WWW.RETAILMENOT.COM/VIEW/US.ARDENE.COM
AREY	AREYGREY	retailmenot.com	HTTPS://WWW.RETAILMENOT.COM/VIEW/AREYGREY.COM
AREZIIR	ARIZER	retailmenot.com	HTTPS://WWW.RETAILMENOT.COM/VIEW/ARIZER.COM
ARHASLUS	ARHAUS	retailmenot.com	HTTPS://WWW.RETAILMENOT.COM/VIEW/ARHAUS.COM
ARHAUS	ARHAUS	retailmenot.com	HTTPS://WWW.RETAILMENOT.COM/VIEW/ARHAUS.COM
ARICOVE	ARICOVE	retailmenot.com	HTTPS://WWW.RETAILMENOT.COM/VIEW/ARICOVE.COM
ARICOVE	ARICOVE	retailmenot.com	HTTPS://WWW.RETAILMENOT.COM/VIEW/ARICOVE.COM
ARMORCONCEPTS	ARMORCONCEPTS	retailmenot.com	HTTPS://WWW.RETAILMENOT.COM/VIEW/ARMORCONCEPTS.COM
ARMORCONCEPTS	ARMORCONCEPTS	retailmenot.com	HTTPS://WWW.RETAILMENOT.COM/VIEW/ARMORCONCEPTS.COM
ARTPLAZA	PLAZAART	retailmenot.com	HTTPS://WWW.RETAILMENOT.COM/VIEW/PLAZAART.COM
ARTTOFRAME	ARTTOFRAME	retailmenot.com	HTTPS://WWW.RETAILMENOT.COM/VIEW/ARTTOFRAME.COM
ARTTOFRAME	ARTTOFRAME	retailmenot.com	HTTPS://WWW.RETAILMENOT.COM/VIEW/ARTTOFRAME.COM
ARTTOFRAMES	ARTTOFRAME	retailmenot.com	HTTPS://WWW.RETAILMENOT.COM/VIEW/ARTTOFRAME.COM
ARTTOFRAMES	ARTTOFRAME	retailmenot.com	HTTPS://WWW.RETAILMENOT.COM/VIEW/ARTTOFRAME.COM
ASHLEYALLIANCE	ASHLEYFURNITURE	retailmenot.com	HTTPS://WWW.RETAILMENOT.COM/VIEW/ASHLEYFURNITURE.COM
ASHLEYBLACK	ASHLEYBLACKGURU	retailmenot.com	HTTPS://WWW.RETAILMENOT.COM/VIEW/ASHLEYBLACKGURU.COM
ASHLEYBLACK	ASHLEYBLACKGURU	retailmenot.com	HTTPS://WWW.RETAILMENOT.COM/VIEW/ASHLEYBLACKGURU.COM
ASHLEYBLACKGURU	ASHLEYBLACKGURU	retailmenot.com	HTTPS://WWW.RETAILMENOT.COM/VIEW/ASHLEYBLACKGURU.COM
ASHLEYBLACKGURU	ASHLEYBLACKGURU	retailmenot.com	HTTPS://WWW.RETAILMENOT.COM/VIEW/ASHLEYBLACKGURU.COM
ASHLEYDALLSON	ASHLEYFURNITURE	retailmenot.com	HTTPS://WWW.RETAILMENOT.COM/VIEW/ASHLEYFURNITURE.COM
ASHLEYDALLSON	ASHLEYFURNITURE	retailmenot.com	HTTPS://WWW.RETAILMENOT.COM/VIEW/ASHLEYFURNITURE.COM
ASHLEYSTANDARD	ASHLEYFURNITURE	retailmenot.com	HTTPS://WWW.RETAILMENOT.COM/VIEW/ASHLEYFURNITURE.COM
ASHLEYSTEWART	ASHLEYSTEWART	retailmenot.com	HTTPS://WWW.RETAILMENOT.COM/VIEW/ASHLEYSTEWART.COM
ASHLEYSTEWART	ASHLEYSTEWART	retailmenot.com	HTTPS://WWW.RETAILMENOT.COM/VIEW/ASHLEYSTEWART.COM
ASIZZED	AZAZIE	retailmenot.com	HTTPS://WWW.RETAILMENOT.COM/VIEW/AZAZIE.COM
ASIZZED	AZAZIE	retailmenot.com	HTTPS://WWW.RETAILMENOT.COM/VIEW/AZAZIE.COM
ASLSQYN	ASHLEYFURNITURE	retailmenot.com	HTTPS://WWW.RETAILMENOT.COM/VIEW/ASHLEYFURNITURE.COM
ASOM	AOSOM	retailmenot.com	HTTPS://WWW.RETAILMENOT.COM/VIEW/AOSOM.COM
ASTRTHELABEL	ASTRTHELABEL	retailmenot.com	HTTPS://WWW.RETAILMENOT.COM/VIEW/ASTRTHELABEL.COM
ASTRTHELABEL	ASTRTHELABEL	retailmenot.com	HTTPS://WWW.RETAILMENOT.COM/VIEW/ASTRTHELABEL.COM
ATITEAS	ATITESTING	retailmenot.com	HTTPS://WWW.RETAILMENOT.COM/VIEW/ATITESTING.COM
ATKEEN	KEENFOOTWEAR	retailmenot.com	HTTPS://WWW.RETAILMENOT.COM/VIEW/KEENFOOTWEAR.COM
ATVIDA	AVEDA	retailmenot.com	HTTPS://WWW.RETAILMENOT.COM/VIEW/AVEDA.COM
AUTOADVANCE	SHOP	retailmenot.com	HTTPS://WWW.RETAILMENOT.COM/VIEW/SHOP.ADVANCEAUTOPARTS.COM
AUTOMKT	AUTOM	retailmenot.com	HTTPS://WWW.RETAILMENOT.COM/VIEW/AUTOM.COM
AUTONOMOUS	AUTONOMOUS	retailmenot.com	HTTPS://WWW.RETAILMENOT.COM/VIEW/AUTONOMOUS.AI
AUTOPARTSBESTBUY	BUYAUTOPARTS	retailmenot.com	HTTPS://WWW.RETAILMENOT.COM/VIEW/BUYAUTOPARTS.COM
AUTORIMSHOP	AUTORIMSHOP	retailmenot.com	HTTPS://WWW.RETAILMENOT.COM/VIEW/AUTORIMSHOP.COM
AVELOTUUG	AVELOAIR	retailmenot.com	HTTPS://WWW.RETAILMENOT.COM/VIEW/AVELOAIR.COM
AVELOTUUG	AVELOAIR	retailmenot.com	HTTPS://WWW.RETAILMENOT.COM/VIEW/AVELOAIR.COM
AVENCO	AVENCOHOME	retailmenot.com	HTTPS://WWW.RETAILMENOT.COM/VIEW/AVENCOHOME.COM
AVERYSBOUTIQUE	AVERY	retailmenot.com	HTTPS://WWW.RETAILMENOT.COM/VIEW/AVERY.COM
AVERYSBOUTIQUE	AVERY	retailmenot.com	HTTPS://WWW.RETAILMENOT.COM/VIEW/AVERY.COM
AVGDEALS	AVG	retailmenot.com	HTTPS://WWW.RETAILMENOT.COM/VIEW/AVG.COM
AVGDEALS	AVG	retailmenot.com	HTTPS://WWW.RETAILMENOT.COM/VIEW/AVG.COM
AWBRIDAL	AWBRIDAL	retailmenot.com	HTTPS://WWW.RETAILMENOT.COM/VIEW/AWBRIDAL.COM
AWKWARDESSENTIALS	AWKWARDESSENTIALS	retailmenot.com	HTTPS://WWW.RETAILMENOT.COM/VIEW/AWKWARDESSENTIALS.COM
AXIOLOGY	AXIOLOGYBEAUTY	retailmenot.com	HTTPS://WWW.RETAILMENOT.COM/VIEW/AXIOLOGYBEAUTY.COM
AXIOLOGY	AXIOLOGYBEAUTY	retailmenot.com	HTTPS://WWW.RETAILMENOT.COM/VIEW/AXIOLOGYBEAUTY.COM
AZEOIE	AZAZIE	retailmenot.com	HTTPS://WWW.RETAILMENOT.COM/VIEW/AZAZIE.COM
AZEOIE	AZAZIE	retailmenot.com	HTTPS://WWW.RETAILMENOT.COM/VIEW/AZAZIE.COM
AZESTY	AZAZIE	retailmenot.com	HTTPS://WWW.RETAILMENOT.COM/VIEW/AZAZIE.COM
BAABJI	US	retailmenot.com	HTTPS://WWW.RETAILMENOT.COM/VIEW/US.BAABUK.COM
BABEL	BABBEL	retailmenot.com	HTTPS://WWW.RETAILMENOT.COM/VIEW/BABBEL.COM
BABYCE	BUYBUYBABY	retailmenot.com	HTTPS://WWW.RETAILMENOT.COM/VIEW/BUYBUYBABY.COM
BABYELEGANCE	ELEGANTBABY	retailmenot.com	HTTPS://WWW.RETAILMENOT.COM/VIEW/ELEGANTBABY.COM
BABYFIRST	BABYFIRSTTV	retailmenot.com	HTTPS://WWW.RETAILMENOT.COM/VIEW/BABYFIRSTTV.COM
BABYKIDSBARGAINS	BUYBUYBABY	retailmenot.com	HTTPS://WWW.RETAILMENOT.COM/VIEW/BUYBUYBABY.COM
BABYKIDSBARGAINS	BUYBUYBABY	retailmenot.com	HTTPS://WWW.RETAILMENOT.COM/VIEW/BUYBUYBABY.COM
BABYORBIT	ORBITBABYUSA	retailmenot.com	HTTPS://WWW.RETAILMENOT.COM/VIEW/ORBITBABYUSA.COM
BABYPAUSO	BUYBUYBABY	retailmenot.com	HTTPS://WWW.RETAILMENOT.COM/VIEW/BUYBUYBABY.COM
BABYPAUSO	BUYBUYBABY	retailmenot.com	HTTPS://WWW.RETAILMENOT.COM/VIEW/BUYBUYBABY.COM
BADASSBEARDCARE	BADASSBEARDCARE	retailmenot.com	HTTPS://WWW.RETAILMENOT.COM/VIEW/BADASSBEARDCARE.COM
BAGSBOWSBYDELUXE	BAGSANDBOWSONLINE	retailmenot.com	HTTPS://WWW.RETAILMENOT.COM/VIEW/BAGSANDBOWSONLINE.COM
BAIRBRE	BUYBARBER	retailmenot.com	HTTPS://WWW.RETAILMENOT.COM/VIEW/BUYBARBER.COM
BALTESSENTIALS	BALTICESSENTIALS	retailmenot.com	HTTPS://WWW.RETAILMENOT.COM/VIEW/BALTICESSENTIALS.COM
BALTESSENTIALS	BALTICESSENTIALS	retailmenot.com	HTTPS://WWW.RETAILMENOT.COM/VIEW/BALTICESSENTIALS.COM
BANANAREPUBLICFACTORY	BANANAREPUBLICFACTORY	retailmenot.com	HTTPS://WWW.RETAILMENOT.COM/VIEW/BANANAREPUBLICFACTORY.GAPFACTORY.COM
BANDIER	BANDIER	retailmenot.com	HTTPS://WWW.RETAILMENOT.COM/VIEW/BANDIER.COM
BANNERBUZZ	BANNERBUZZ	retailmenot.com	HTTPS://WWW.RETAILMENOT.COM/VIEW/BANNERBUZZ.COM
BANNERBUZZ	BANNERBUZZ	retailmenot.com	HTTPS://WWW.RETAILMENOT.COM/VIEW/BANNERBUZZ.COM
BARCELO	BARCELO	retailmenot.com	HTTPS://WWW.RETAILMENOT.COM/VIEW/BARCELO.COM
BARENECESSITIES	BARENECESSITIES	retailmenot.com	HTTPS://WWW.RETAILMENOT.COM/VIEW/BARENECESSITIES.COM
BASEPAWS	BASEPAWS	retailmenot.com	HTTPS://WWW.RETAILMENOT.COM/VIEW/BASEPAWS.COM
BATHANDBODY	BATHANDBODYWORKS	retailmenot.com	HTTPS://WWW.RETAILMENOT.COM/VIEW/BATHANDBODYWORKS.COM
BATHANDBODY	BATHANDBODYWORKS	retailmenot.com	HTTPS://WWW.RETAILMENOT.COM/VIEW/BATHANDBODYWORKS.COM
BATHANDBODYWORKS	BATHANDBODYWORKS	retailmenot.com	HTTPS://WWW.RETAILMENOT.COM/VIEW/BATHANDBODYWORKS.COM
BATHBEYOND	BEDBATHANDBEYOND	retailmenot.com	HTTPS://WWW.RETAILMENOT.COM/VIEW/BEDBATHANDBEYOND.COM
BATHBEYOND	BEDBATHANDBEYOND	retailmenot.com	HTTPS://WWW.RETAILMENOT.COM/VIEW/BEDBATHANDBEYOND.COM
BATHBODYWORK	BATHANDBODYWORKS	retailmenot.com	HTTPS://WWW.RETAILMENOT.COM/VIEW/BATHANDBODYWORKS.COM
BATHBODYWORKS	BATHANDBODYWORKS	retailmenot.com	HTTPS://WWW.RETAILMENOT.COM/VIEW/BATHANDBODYWORKS.COM
BATHBODYWORKSDISTR	BATHANDBODYWORKS	retailmenot.com	HTTPS://WWW.RETAILMENOT.COM/VIEW/BATHANDBODYWORKS.COM
BATHBODYWORKSDISTR	BATHANDBODYWORKS	retailmenot.com	HTTPS://WWW.RETAILMENOT.COM/VIEW/BATHANDBODYWORKS.COM
BAUDVILLE	BAUDVILLE	retailmenot.com	HTTPS://WWW.RETAILMENOT.COM/VIEW/BAUDVILLE.COM
BAUDVILLE	BAUDVILLE	retailmenot.com	HTTPS://WWW.RETAILMENOT.COM/VIEW/BAUDVILLE.COM
BAXTERBOO	BAXTERBOO	retailmenot.com	HTTPS://WWW.RETAILMENOT.COM/VIEW/BAXTERBOO.COM
BBEAUTYPLANET	PLANETBEAUTY	retailmenot.com	HTTPS://WWW.RETAILMENOT.COM/VIEW/PLANETBEAUTY.COM
BBEAUTYPLANET	PLANETBEAUTY	retailmenot.com	HTTPS://WWW.RETAILMENOT.COM/VIEW/PLANETBEAUTY.COM
BBELK	BELK	retailmenot.com	HTTPS://WWW.RETAILMENOT.COM/VIEW/BELK.COM
BBELK	BELK	retailmenot.com	HTTPS://WWW.RETAILMENOT.COM/VIEW/BELK.COM
BCPBESTCHOICEPRODUCTS	BESTCHOICEPRODUCTS	retailmenot.com	HTTPS://WWW.RETAILMENOT.COM/VIEW/BESTCHOICEPRODUCTS.COM
BCWSUPPLIES	BCWSUPPLIES	retailmenot.com	HTTPS://WWW.RETAILMENOT.COM/VIEW/BCWSUPPLIES.COM
BCWSUPPLIES	BCWSUPPLIES	retailmenot.com	HTTPS://WWW.RETAILMENOT.COM/VIEW/BCWSUPPLIES.COM
BEADAHOLIQUE	BEADAHOLIQUE	retailmenot.com	HTTPS://WWW.RETAILMENOT.COM/VIEW/BEADAHOLIQUE.COM
BEAMLIKE	SHOPBEAM	retailmenot.com	HTTPS://WWW.RETAILMENOT.COM/VIEW/SHOPBEAM.COM
BEARMOOTEK	BEARBOTTOMCLOTHING	retailmenot.com	HTTPS://WWW.RETAILMENOT.COM/VIEW/BEARBOTTOMCLOTHING.COM
BEAUTIFULHALO	BEAUTIFULHALO	retailmenot.com	HTTPS://WWW.RETAILMENOT.COM/VIEW/BEAUTIFULHALO.COM
BEAUTYCITY	CITYBEAUTY	retailmenot.com	HTTPS://WWW.RETAILMENOT.COM/VIEW/CITYBEAUTY.COM
BEAUTYPLANET	PLANETBEAUTY	retailmenot.com	HTTPS://WWW.RETAILMENOT.COM/VIEW/PLANETBEAUTY.COM
BEAUTYPLANET	PLANETBEAUTY	retailmenot.com	HTTPS://WWW.RETAILMENOT.COM/VIEW/PLANETBEAUTY.COM
BECETO	BECKETT	retailmenot.com	HTTPS://WWW.RETAILMENOT.COM/VIEW/BECKETT.COM
BECKERSSCHOOLSUPPLIES	SHOPBECKER	retailmenot.com	HTTPS://WWW.RETAILMENOT.COM/VIEW/SHOPBECKER.COM
BECKERSSCHOOLSUPPLIES	SHOPBECKER	retailmenot.com	HTTPS://WWW.RETAILMENOT.COM/VIEW/SHOPBECKER.COM
BEDBATHANDBEYOND	BEDBATHANDBEYOND	retailmenot.com	HTTPS://WWW.RETAILMENOT.COM/VIEW/BEDBATHANDBEYOND.COM
BEDBATHNBEYOND	BEDBATHANDBEYOND	retailmenot.com	HTTPS://WWW.RETAILMENOT.COM/VIEW/BEDBATHANDBEYOND.COM
BEDLOUNGE	BEDLOUNGE	retailmenot.com	HTTPS://WWW.RETAILMENOT.COM/VIEW/BEDLOUNGE.COM
BEDSUREBEDSUREBEDSURE	BEDSUREHOME	retailmenot.com	HTTPS://WWW.RETAILMENOT.COM/VIEW/BEDSUREHOME.COM
BEENBARKS	BARK	retailmenot.com	HTTPS://WWW.RETAILMENOT.COM/VIEW/BARK.US
BEHANIU	BENIHANA	retailmenot.com	HTTPS://WWW.RETAILMENOT.COM/VIEW/BENIHANA.COM
BEHEART	BYHEART	retailmenot.com	HTTPS://WWW.RETAILMENOT.COM/VIEW/BYHEART.COM
BELK	BELK	retailmenot.com	HTTPS://WWW.RETAILMENOT.COM/VIEW/BELK.COM
BELKCO	BELK	retailmenot.com	HTTPS://WWW.RETAILMENOT.COM/VIEW/BELK.COM
BELKCO	BELK	retailmenot.com	HTTPS://WWW.RETAILMENOT.COM/VIEW/BELK.COM
BELLAMI	BELLAMIHAIR	retailmenot.com	HTTPS://WWW.RETAILMENOT.COM/VIEW/BELLAMIHAIR.COM
BELLEBEING	BELLETIRE	retailmenot.com	HTTPS://WWW.RETAILMENOT.COM/VIEW/BELLETIRE.COM
BELLEBEING	BELLETIRE	retailmenot.com	HTTPS://WWW.RETAILMENOT.COM/VIEW/BELLETIRE.COM
BELLEJUNGE	BELLEWHOLESALE	retailmenot.com	HTTPS://WWW.RETAILMENOT.COM/VIEW/BELLEWHOLESALE.COM
BELLELILY	BELLELILY	retailmenot.com	HTTPS://WWW.RETAILMENOT.COM/VIEW/BELLELILY.COM
BELLEONTHEGO	BELLETIRE	retailmenot.com	HTTPS://WWW.RETAILMENOT.COM/VIEW/BELLETIRE.COM
BELLEONTHEGO	BELLETIRE	retailmenot.com	HTTPS://WWW.RETAILMENOT.COM/VIEW/BELLETIRE.COM
BELLYSLEEP	BELLYSLEEP	retailmenot.com	HTTPS://WWW.RETAILMENOT.COM/VIEW/BELLYSLEEP.COM
BELLYSLEEP	BELLYSLEEP	retailmenot.com	HTTPS://WWW.RETAILMENOT.COM/VIEW/BELLYSLEEP.COM
BEMZ	BEMZ	retailmenot.com	HTTPS://WWW.RETAILMENOT.COM/VIEW/BEMZ.COM
BEMZ	BEMZ	retailmenot.com	HTTPS://WWW.RETAILMENOT.COM/VIEW/BEMZ.COM
BENTIBO	BENTGO	retailmenot.com	HTTPS://WWW.RETAILMENOT.COM/VIEW/BENTGO.COM
BERRESBROTHERSCOFFEEROASTERS	BERRESBROTHERS	retailmenot.com	HTTPS://WWW.RETAILMENOT.COM/VIEW/BERRESBROTHERS.COM
BESTBEEBROTHERS	BESTBEEBROTHERS	retailmenot.com	HTTPS://WWW.RETAILMENOT.COM/VIEW/BESTBEEBROTHERS.COM
BESTCHOICEPROUDUCTS	BESTCHOICEPRODUCTS	retailmenot.com	HTTPS://WWW.RETAILMENOT.COM/VIEW/BESTCHOICEPRODUCTS.COM
BESTCHOICEPROUDUCTS	BESTCHOICEPRODUCTS	retailmenot.com	HTTPS://WWW.RETAILMENOT.COM/VIEW/BESTCHOICEPRODUCTS.COM
BESTCOSTUMEDEALS	HALLOWEENCOSTUMES	retailmenot.com	HTTPS://WWW.RETAILMENOT.COM/VIEW/HALLOWEENCOSTUMES.COM
BESTIMINCUK	BESTBUY	retailmenot.com	HTTPS://WWW.RETAILMENOT.COM/VIEW/BESTBUY.COM
BESTIMINCUK	BESTBUY	retailmenot.com	HTTPS://WWW.RETAILMENOT.COM/VIEW/BESTBUY.COM
BESTNEST	BESTNEST	retailmenot.com	HTTPS://WWW.RETAILMENOT.COM/VIEW/BESTNEST.COM
BESTVITE	BESTVITE	retailmenot.com	HTTPS://WWW.RETAILMENOT.COM/VIEW/BESTVITE.COM
BESTXPRESS	EXPRESS	retailmenot.com	HTTPS://WWW.RETAILMENOT.COM/VIEW/EXPRESS.COM
BETTERHEALTHCOMPANY	THEBETTERHEALTHSTORE	retailmenot.com	HTTPS://WWW.RETAILMENOT.COM/VIEW/THEBETTERHEALTHSTORE.COM
BEVERAGEFACTORY	BEVERAGEFACTORY	retailmenot.com	HTTPS://WWW.RETAILMENOT.COM/VIEW/BEVERAGEFACTORY.COM
BEVERAGEFACTORY	BEVERAGEFACTORY	retailmenot.com	HTTPS://WWW.RETAILMENOT.COM/VIEW/BEVERAGEFACTORY.COM
BIAGGI	BIAGGI	retailmenot.com	HTTPS://WWW.RETAILMENOT.COM/VIEW/BIAGGI.COM
BIG5	BIG5SPORTINGGOODS	retailmenot.com	HTTPS://WWW.RETAILMENOT.COM/VIEW/BIG5SPORTINGGOODS.COM
BIG5	BIG5SPORTINGGOODS	retailmenot.com	HTTPS://WWW.RETAILMENOT.COM/VIEW/BIG5SPORTINGGOODS.COM
BIGD	BIGDWEB	retailmenot.com	HTTPS://WWW.RETAILMENOT.COM/VIEW/BIGDWEB.COM
BIGD	BIGDWEB	retailmenot.com	HTTPS://WWW.RETAILMENOT.COM/VIEW/BIGDWEB.COM
BIGDOTOFHAPPINESS	BIGDOTOFHAPPINESS	retailmenot.com	HTTPS://WWW.RETAILMENOT.COM/VIEW/BIGDOTOFHAPPINESS.COM
BIGFLOORS	BIGFLOORS	retailmenot.com	HTTPS://WWW.RETAILMENOT.COM/VIEW/BIGFLOORS.COM
BIGSKINNY	BIGSKINNY	retailmenot.com	HTTPS://WWW.RETAILMENOT.COM/VIEW/BIGSKINNY.NET
BINXYBABY	BINXYBABY	retailmenot.com	HTTPS://WWW.RETAILMENOT.COM/VIEW/BINXYBABY.COM
BIRCHANDKEY	BIRCHLANE	retailmenot.com	HTTPS://WWW.RETAILMENOT.COM/VIEW/BIRCHLANE.COM
BISSELLINTLTRADINGCOBV	BISSELL	retailmenot.com	HTTPS://WWW.RETAILMENOT.COM/VIEW/BISSELL.COM
BITSANDPIECES	BITSANDPIECES	retailmenot.com	HTTPS://WWW.RETAILMENOT.COM/VIEW/BITSANDPIECES.COM
BIZCHAIR	BIZCHAIR	retailmenot.com	HTTPS://WWW.RETAILMENOT.COM/VIEW/BIZCHAIR.COM
BIZCHAIR	BIZCHAIR	retailmenot.com	HTTPS://WWW.RETAILMENOT.COM/VIEW/BIZCHAIR.COM
BJSDKFF	BJS	retailmenot.com	HTTPS://WWW.RETAILMENOT.COM/VIEW/BJS.COM
BJUPRESS	BJUPRESS	retailmenot.com	HTTPS://WWW.RETAILMENOT.COM/VIEW/BJUPRESS.COM
BJUPRESS	BJUPRESS	retailmenot.com	HTTPS://WWW.RETAILMENOT.COM/VIEW/BJUPRESS.COM
BLAINSFARMFLEET	FARMANDFLEET	retailmenot.com	HTTPS://WWW.RETAILMENOT.COM/VIEW/FARMANDFLEET.COM
BLAINSFARMFLEET	FARMANDFLEET	retailmenot.com	HTTPS://WWW.RETAILMENOT.COM/VIEW/FARMANDFLEET.COM
BLAIR	BLAIR	retailmenot.com	HTTPS://WWW.RETAILMENOT.COM/VIEW/BLAIR.COM
BLAIR	BLAIR	retailmenot.com	HTTPS://WWW.RETAILMENOT.COM/VIEW/BLAIR.COM
BLAIRCANDY	BLAIRCANDY	retailmenot.com	HTTPS://WWW.RETAILMENOT.COM/VIEW/BLAIRCANDY.COM
BLANQI	BLANQI	retailmenot.com	HTTPS://WWW.RETAILMENOT.COM/VIEW/BLANQI.COM
BLAZINGGLASS	BLAZINGGLASS	retailmenot.com	HTTPS://WWW.RETAILMENOT.COM/VIEW/BLAZINGGLASS.COM
BLISSAVA	BLISSY	retailmenot.com	HTTPS://WWW.RETAILMENOT.COM/VIEW/BLISSY.COM
BLISSTIONERY	BLISSY	retailmenot.com	HTTPS://WWW.RETAILMENOT.COM/VIEW/BLISSY.COM
BLISSTIONERY	BLISSY	retailmenot.com	HTTPS://WWW.RETAILMENOT.COM/VIEW/BLISSY.COM
BLISSY	BLISSY	retailmenot.com	HTTPS://WWW.RETAILMENOT.COM/VIEW/BLISSY.COM
BLOOMINBABY	MYBLOOMINGBABY	retailmenot.com	HTTPS://WWW.RETAILMENOT.COM/VIEW/MYBLOOMINGBABY.COM
BLOOMINGBABY	MYBLOOMINGBABY	retailmenot.com	HTTPS://WWW.RETAILMENOT.COM/VIEW/MYBLOOMINGBABY.COM
BLOOMINGBABYTM	MYBLOOMINGBABY	retailmenot.com	HTTPS://WWW.RETAILMENOT.COM/VIEW/MYBLOOMINGBABY.COM
BLOOMITSAGREATSKINDAY	BLOOMSTODAY	retailmenot.com	HTTPS://WWW.RETAILMENOT.COM/VIEW/BLOOMSTODAY.COM
BLOOMITSAGREATSKINDAY	BLOOMNATION	retailmenot.com	HTTPS://WWW.RETAILMENOT.COM/VIEW/BLOOMNATION.COM
BLOOMITSAGREATSKINDAY	BLOOMNATION	retailmenot.com	HTTPS://WWW.RETAILMENOT.COM/VIEW/BLOOMNATION.COM
BLOOMMY	BLOOMMYGMS	retailmenot.com	HTTPS://WWW.RETAILMENOT.COM/VIEW/BLOOMMYGMS.COM
BLOOMMY	BLOOMMYGMS	retailmenot.com	HTTPS://WWW.RETAILMENOT.COM/VIEW/BLOOMMYGMS.COM
BLUDOT	BLUDOT	retailmenot.com	HTTPS://WWW.RETAILMENOT.COM/VIEW/BLUDOT.COM
BLURB	BLURB	retailmenot.com	HTTPS://WWW.RETAILMENOT.COM/VIEW/BLURB.COM
BLURB	BLURB	retailmenot.com	HTTPS://WWW.RETAILMENOT.COM/VIEW/BLURB.COM
BNDJJCONSUMERPRODUCTS	BJS	retailmenot.com	HTTPS://WWW.RETAILMENOT.COM/VIEW/BJS.COM
BNDJJCONSUMERPRODUCTS	BJS	retailmenot.com	HTTPS://WWW.RETAILMENOT.COM/VIEW/BJS.COM
BOBSDISCOUNTFURNITURE	MYBOBS	retailmenot.com	HTTPS://WWW.RETAILMENOT.COM/VIEW/MYBOBS.COM
BOBSDISCOUNTFURNITURE	MYBOBS	retailmenot.com	HTTPS://WWW.RETAILMENOT.COM/VIEW/MYBOBS.COM
BODELY	ITSBODILY	retailmenot.com	HTTPS://WWW.RETAILMENOT.COM/VIEW/ITSBODILY.COM
BODYWORKS	BATHANDBODYWORKS	retailmenot.com	HTTPS://WWW.RETAILMENOT.COM/VIEW/BATHANDBODYWORKS.COM
BOJKXUP	BOKKSU	retailmenot.com	HTTPS://WWW.RETAILMENOT.COM/VIEW/BOKKSU.COM
BOJKXUP	BOKKSU	retailmenot.com	HTTPS://WWW.RETAILMENOT.COM/VIEW/BOKKSU.COM
BOLLBRANCH	BOLLANDBRANCH	retailmenot.com	HTTPS://WWW.RETAILMENOT.COM/VIEW/BOLLANDBRANCH.COM
BONDIBAND	BONDIBAND	retailmenot.com	HTTPS://WWW.RETAILMENOT.COM/VIEW/BONDIBAND.COM
BONDIBOOST	BONDIBOOST	retailmenot.com	HTTPS://WWW.RETAILMENOT.COM/VIEW/BONDIBOOST.COM
BONUSCOVER	COVERSANDALL	retailmenot.com	HTTPS://WWW.RETAILMENOT.COM/VIEW/COVERSANDALL.COM
BONUSCOVER	CARCOVERS	retailmenot.com	HTTPS://WWW.RETAILMENOT.COM/VIEW/CARCOVERS.COM
BONUSCOVER	COVERSTORE	retailmenot.com	HTTPS://WWW.RETAILMENOT.COM/VIEW/COVERSTORE.COM
BONUSUPER	YOURSUPER	retailmenot.com	HTTPS://WWW.RETAILMENOT.COM/VIEW/YOURSUPER.COM
BOOMBAH	BOOMBAH	retailmenot.com	HTTPS://WWW.RETAILMENOT.COM/VIEW/BOOMBAH.COM
BOOOMU	BOOHOOMAN	retailmenot.com	HTTPS://WWW.RETAILMENOT.COM/VIEW/BOOHOOMAN.COM
BOOOMU	BOOHOOMAN	retailmenot.com	HTTPS://WWW.RETAILMENOT.COM/VIEW/BOOHOOMAN.COM
BOPPYSTORE	BOPPY	retailmenot.com	HTTPS://WWW.RETAILMENOT.COM/VIEW/BOPPY.COM
BOSONCALA	BOSON	retailmenot.com	HTTPS://WWW.RETAILMENOT.COM/VIEW/BOSON.COM
BOSTONPROPER	BOSTONPROPER	retailmenot.com	HTTPS://WWW.RETAILMENOT.COM/VIEW/BOSTONPROPER.COM
BOSTONPROPER	BOSTONPROPER	retailmenot.com	HTTPS://WWW.RETAILMENOT.COM/VIEW/BOSTONPROPER.COM
BOXCUMO	BOX	retailmenot.com	HTTPS://WWW.RETAILMENOT.COM/VIEW/BOX.COM
BOYSMELLS	BOYSMELLS	retailmenot.com	HTTPS://WWW.RETAILMENOT.COM/VIEW/BOYSMELLS.COM
BRADFORDEXCHANGE	BRADFORDEXCHANGECHECKS	retailmenot.com	HTTPS://WWW.RETAILMENOT.COM/VIEW/BRADFORDEXCHANGECHECKS.COM
BRAGAORGANICFARMS	BUYORGANICNUTS	retailmenot.com	HTTPS://WWW.RETAILMENOT.COM/VIEW/BUYORGANICNUTS.COM
BRAGAORGANICFARMS	BUYORGANICNUTS	retailmenot.com	HTTPS://WWW.RETAILMENOT.COM/VIEW/BUYORGANICNUTS.COM
BRAKITES	BUYBRAKES	retailmenot.com	HTTPS://WWW.RETAILMENOT.COM/VIEW/BUYBRAKES.COM
BRANDWALSPORT	BRANDSPORT	retailmenot.com	HTTPS://WWW.RETAILMENOT.COM/VIEW/BRANDSPORT.COM
BRAVOITALIA	BRAVOITALIAN	retailmenot.com	HTTPS://WWW.RETAILMENOT.COM/VIEW/BRAVOITALIAN.COM
BRAVOITALIA	BRAVOITALIAN	retailmenot.com	HTTPS://WWW.RETAILMENOT.COM/VIEW/BRAVOITALIAN.COM
BRAZYN	BRAZYNLIFE	retailmenot.com	HTTPS://WWW.RETAILMENOT.COM/VIEW/BRAZYNLIFE.COM
BREKETT	BRECKS	retailmenot.com	HTTPS://WWW.RETAILMENOT.COM/VIEW/BRECKS.COM
BREKETT	BRECKS	retailmenot.com	HTTPS://WWW.RETAILMENOT.COM/VIEW/BRECKS.COM
BREVILLEUSA	BREVILLE	retailmenot.com	HTTPS://WWW.RETAILMENOT.COM/VIEW/BREVILLE.COM
BRIGHTISON	BRIGHTON	retailmenot.com	HTTPS://WWW.RETAILMENOT.COM/VIEW/BRIGHTON.COM
BRILLIANCENY	BRILLIANCE	retailmenot.com	HTTPS://WWW.RETAILMENOT.COM/VIEW/BRILLIANCE.COM
BROOKLINEN	BROOKLINEN	retailmenot.com	HTTPS://WWW.RETAILMENOT.COM/VIEW/BROOKLINEN.COM
BROOKLYNBEDDING	BROOKLYNBEDDING	retailmenot.com	HTTPS://WWW.RETAILMENOT.COM/VIEW/BROOKLYNBEDDING.COM
BROTHERSALLNATURAL	BROTHERSALLNATURAL	retailmenot.com	HTTPS://WWW.RETAILMENOT.COM/VIEW/BROTHERSALLNATURAL.COM
BROWNELL	BROWNELLS	retailmenot.com	HTTPS://WWW.RETAILMENOT.COM/VIEW/BROWNELLS.COM
BROWNELLS	BROWNELLS	retailmenot.com	HTTPS://WWW.RETAILMENOT.COM/VIEW/BROWNELLS.COM
BSSN	BSNSPORTS	retailmenot.com	HTTPS://WWW.RETAILMENOT.COM/VIEW/BSNSPORTS.COM
BSTNASI	BSTN	retailmenot.com	HTTPS://WWW.RETAILMENOT.COM/VIEW/BSTN.COM
BSTNASI	BSTN	retailmenot.com	HTTPS://WWW.RETAILMENOT.COM/VIEW/BSTN.COM
BTHENOV	BSTN	retailmenot.com	HTTPS://WWW.RETAILMENOT.COM/VIEW/BSTN.COM
BUDDHAGROOVE	BUDDHAGROOVE	retailmenot.com	HTTPS://WWW.RETAILMENOT.COM/VIEW/BUDDHAGROOVE.COM
BUDDHAGROOVE	BUDDHAGROOVE	retailmenot.com	HTTPS://WWW.RETAILMENOT.COM/VIEW/BUDDHAGROOVE.COM
BUFFALOWILDWINGS	BUFFALOWILDWINGS	retailmenot.com	HTTPS://WWW.RETAILMENOT.COM/VIEW/BUFFALOWILDWINGS.COM
BUFFERONLYNOHUTCH	LINENSANDHUTCH	retailmenot.com	HTTPS://WWW.RETAILMENOT.COM/VIEW/LINENSANDHUTCH.COM
BUFFERONLYNOHUTCH	LINENSANDHUTCH	retailmenot.com	HTTPS://WWW.RETAILMENOT.COM/VIEW/LINENSANDHUTCH.COM
BUGGIESUNLIMITED	BUGGIESUNLIMITED	retailmenot.com	HTTPS://WWW.RETAILMENOT.COM/VIEW/BUGGIESUNLIMITED.COM
BUGGIESUNLIMITED	BUGGIESUNLIMITED	retailmenot.com	HTTPS://WWW.RETAILMENOT.COM/VIEW/BUGGIESUNLIMITED.COM
BULKSUPPLEMENTSCOM	BULKSUPPLEMENTS	retailmenot.com	HTTPS://WWW.RETAILMENOT.COM/VIEW/BULKSUPPLEMENTS.COM
BURGA	BURGA	retailmenot.com	HTTPS://WWW.RETAILMENOT.COM/VIEW/BURGA.COM
BURGA	BURGA	retailmenot.com	HTTPS://WWW.RETAILMENOT.COM/VIEW/BURGA.COM
BURROW	BURROW	retailmenot.com	HTTPS://WWW.RETAILMENOT.COM/VIEW/BURROW.COM
BURST	BURSTORALCARE	retailmenot.com	HTTPS://WWW.RETAILMENOT.COM/VIEW/BURSTORALCARE.COM
BURST	BURSTORALCARE	retailmenot.com	HTTPS://WWW.RETAILMENOT.COM/VIEW/BURSTORALCARE.COM
BURTSBEESBABYBURTSBEESBABY	BURTSBEESBABY	retailmenot.com	HTTPS://WWW.RETAILMENOT.COM/VIEW/BURTSBEESBABY.COM
BURTSBEESBABYBURTSBEESBABY	BURTSBEESBABY	retailmenot.com	HTTPS://WWW.RETAILMENOT.COM/VIEW/BURTSBEESBABY.COM
BUSCHGARDEN	BUSCHGARDENS	retailmenot.com	HTTPS://WWW.RETAILMENOT.COM/VIEW/BUSCHGARDENS.COM
BYHEART	BYHEART	retailmenot.com	HTTPS://WWW.RETAILMENOT.COM/VIEW/BYHEART.COM
BYHEART	BYHEART	retailmenot.com	HTTPS://WWW.RETAILMENOT.COM/VIEW/BYHEART.COM
C4BELTS	C4BELTS	retailmenot.com	HTTPS://WWW.RETAILMENOT.COM/VIEW/C4BELTS.COM
CACIQUE	CACIQUE	retailmenot.com	HTTPS://WWW.RETAILMENOT.COM/VIEW/CACIQUE.LANEBRYANT.COM
CADENLANE	CADENLANE	retailmenot.com	HTTPS://WWW.RETAILMENOT.COM/VIEW/CADENLANE.COM
CADENLANE	CADENLANE	retailmenot.com	HTTPS://WWW.RETAILMENOT.COM/VIEW/CADENLANE.COM
CAFEPRESS	CAFEPRESS	retailmenot.com	HTTPS://WWW.RETAILMENOT.COM/VIEW/CAFEPRESS.COM
CALIFORNIABEACHCO	THECALIFORNIABEACHCO	retailmenot.com	HTTPS://WWW.RETAILMENOT.COM/VIEW/THECALIFORNIABEACHCO.COM
CALIFORNIABEACHCO	THECALIFORNIABEACHCO	retailmenot.com	HTTPS://WWW.RETAILMENOT.COM/VIEW/THECALIFORNIABEACHCO.COM
CALLITSPRING	CALLITSPRING	retailmenot.com	HTTPS://WWW.RETAILMENOT.COM/VIEW/CALLITSPRING.COM
CALVINKLEINGUCCIDOLCEGABBANN	CALVINKLEIN	retailmenot.com	HTTPS://WWW.RETAILMENOT.COM/VIEW/CALVINKLEIN.COM
CAMBUY	CAMBUY	retailmenot.com	HTTPS://WWW.RETAILMENOT.COM/VIEW/CAMBUY.COM.AU
CAMPERWORLD	CAMPINGWORLD	retailmenot.com	HTTPS://WWW.RETAILMENOT.COM/VIEW/CAMPINGWORLD.COM
CAMPERWORLD	CAMPINGWORLD	retailmenot.com	HTTPS://WWW.RETAILMENOT.COM/VIEW/CAMPINGWORLD.COM
CAMPINGWORLD	CAMPINGWORLD	retailmenot.com	HTTPS://WWW.RETAILMENOT.COM/VIEW/CAMPINGWORLD.COM
CAMPMORE	CAMPMOR	retailmenot.com	HTTPS://WWW.RETAILMENOT.COM/VIEW/CAMPMOR.COM
CAMPMORE	CAMPMOR	retailmenot.com	HTTPS://WWW.RETAILMENOT.COM/VIEW/CAMPMOR.COM
CANEMART	CANEMART	retailmenot.com	HTTPS://WWW.RETAILMENOT.COM/VIEW/CANEMART.COM
CANVASCHAMP	CANVASCHAMP	retailmenot.com	HTTPS://WWW.RETAILMENOT.COM/VIEW/CANVASCHAMP.COM
CANVASCHAMP	CANVASCHAMP	retailmenot.com	HTTPS://WWW.RETAILMENOT.COM/VIEW/CANVASCHAMP.COM
CANVASONDEMAND	CANVASONDEMAND	retailmenot.com	HTTPS://WWW.RETAILMENOT.COM/VIEW/CANVASONDEMAND.COM
CANVASONDEMAND	CANVASONDEMAND	retailmenot.com	HTTPS://WWW.RETAILMENOT.COM/VIEW/CANVASONDEMAND.COM
CARID	CARID	retailmenot.com	HTTPS://WWW.RETAILMENOT.COM/VIEW/CARID.COM
CARID	CARID	retailmenot.com	HTTPS://WWW.RETAILMENOT.COM/VIEW/CARID.COM
CARILOHA	CARILOHA	retailmenot.com	HTTPS://WWW.RETAILMENOT.COM/VIEW/CARILOHA.COM
CARILOHA	CARILOHA	retailmenot.com	HTTPS://WWW.RETAILMENOT.COM/VIEW/CARILOHA.COM
CAROUSELCHECKS	CAROUSELCHECKS	retailmenot.com	HTTPS://WWW.RETAILMENOT.COM/VIEW/CAROUSELCHECKS.COM
CAROUSELCHECKS	CAROUSELCHECKS	retailmenot.com	HTTPS://WWW.RETAILMENOT.COM/VIEW/CAROUSELCHECKS.COM
CARPARTDISCOUNTS	CARPARTS	retailmenot.com	HTTPS://WWW.RETAILMENOT.COM/VIEW/CARPARTS.COM
CARPARTDISCOUNTS	CARPARTS	retailmenot.com	HTTPS://WWW.RETAILMENOT.COM/VIEW/CARPARTS.COM
CARPARTDISCOUNTS	CARPARTSDISCOUNT	retailmenot.com	HTTPS://WWW.RETAILMENOT.COM/VIEW/CARPARTSDISCOUNT.COM
CARPARTDISCOUNTS	BUYAUTOPARTS	retailmenot.com	HTTPS://WWW.RETAILMENOT.COM/VIEW/BUYAUTOPARTS.COM
CARSCOVERCOM	CARCOVERS	retailmenot.com	HTTPS://WWW.RETAILMENOT.COM/VIEW/CARCOVERS.COM
CARSCOVERCOM	CARCOVERS	retailmenot.com	HTTPS://WWW.RETAILMENOT.COM/VIEW/CARCOVERS.COM
CARTERSSIMPLEJOYSPRIVATELABEL	CARTERS	retailmenot.com	HTTPS://WWW.RETAILMENOT.COM/VIEW/CARTERS.COM
CARTERSSIMPLEJOYSPRIVATELABEL	CARTERS	retailmenot.com	HTTPS://WWW.RETAILMENOT.COM/VIEW/CARTERS.COM
CARVE	CARVEDESIGNS	retailmenot.com	HTTPS://WWW.RETAILMENOT.COM/VIEW/CARVEDESIGNS.COM
CARVEDESIGNS	CARVEDESIGNS	retailmenot.com	HTTPS://WWW.RETAILMENOT.COM/VIEW/CARVEDESIGNS.COM
CASELY	GETCASELY	retailmenot.com	HTTPS://WWW.RETAILMENOT.COM/VIEW/GETCASELY.COM
CASEMATE	CASEMATE	retailmenot.com	HTTPS://WWW.RETAILMENOT.COM/VIEW/CASE-MATE.COM
CASENKE	CASECO	retailmenot.com	HTTPS://WWW.RETAILMENOT.COM/VIEW/CASECOINC.COM
CASTREK	CASTLERY	retailmenot.com	HTTPS://WWW.RETAILMENOT.COM/VIEW/CASTLERY.COM
CASUFAY	CASETIFY	retailmenot.com	HTTPS://WWW.RETAILMENOT.COM/VIEW/CASETIFY.COM
CASUFAY	CASETIFY	retailmenot.com	HTTPS://WWW.RETAILMENOT.COM/VIEW/CASETIFY.COM
CATHERINES	CATHERINES	retailmenot.com	HTTPS://WWW.RETAILMENOT.COM/VIEW/CATHERINES.COM
CATO	CATOFASHIONS	retailmenot.com	HTTPS://WWW.RETAILMENOT.COM/VIEW/CATOFASHIONS.COM
CAUDABE	CAUDABE	retailmenot.com	HTTPS://WWW.RETAILMENOT.COM/VIEW/CAUDABE.COM
CB2	CB2	retailmenot.com	HTTPS://WWW.RETAILMENOT.COM/VIEW/CB2.COM
CEATEBBE	CETTIRE	retailmenot.com	HTTPS://WWW.RETAILMENOT.COM/VIEW/CETTIRE.COM
CELEBRATETHEHOME	CELEBRATINGHOMEDIRECT	retailmenot.com	HTTPS://WWW.RETAILMENOT.COM/VIEW/CELEBRATINGHOMEDIRECT.COM
CELEBRATINGHOMEDIRECT	CELEBRATINGHOMEDIRECT	retailmenot.com	HTTPS://WWW.RETAILMENOT.COM/VIEW/CELEBRATINGHOMEDIRECT.COM
CENTURYMARTIALARTS	CENTURYMARTIALARTS	retailmenot.com	HTTPS://WWW.RETAILMENOT.COM/VIEW/CENTURYMARTIALARTS.COM
CESSPON	CBSSTORE	retailmenot.com	HTTPS://WWW.RETAILMENOT.COM/VIEW/CBSSTORE.COM
CETERET	CETTIRE	retailmenot.com	HTTPS://WWW.RETAILMENOT.COM/VIEW/CETTIRE.COM
CGEARSANDFREE	CGEARSANDFREE	retailmenot.com	HTTPS://WWW.RETAILMENOT.COM/VIEW/CGEAR-SANDFREE.COM
CHADWICK	CHADWICKS	retailmenot.com	HTTPS://WWW.RETAILMENOT.COM/VIEW/CHADWICKS.COM
CHALKTALKSPORTS	CHALKTALKSPORTS	retailmenot.com	HTTPS://WWW.RETAILMENOT.COM/VIEW/CHALKTALKSPORTS.COM
CHALKTALKSPORTS	CHALKTALKSPORTS	retailmenot.com	HTTPS://WWW.RETAILMENOT.COM/VIEW/CHALKTALKSPORTS.COM
CHALLENGEBYGNC	GNC	retailmenot.com	HTTPS://WWW.RETAILMENOT.COM/VIEW/GNC.COM
CHAMPCELEBRATIONS	CHAMPSSPORTS	retailmenot.com	HTTPS://WWW.RETAILMENOT.COM/VIEW/CHAMPSSPORTS.COM
CHAMPSCELEBRATIONS	CHAMPSSPORTS	retailmenot.com	HTTPS://WWW.RETAILMENOT.COM/VIEW/CHAMPSSPORTS.COM
CHARLESANDCOLVARD	CHARLESANDCOLVARD	retailmenot.com	HTTPS://WWW.RETAILMENOT.COM/VIEW/CHARLESANDCOLVARD.COM
CHARLESANDCOLVARD	CHARLESANDCOLVARD	retailmenot.com	HTTPS://WWW.RETAILMENOT.COM/VIEW/CHARLESANDCOLVARD.COM
CHARLESCOLVARD	CHARLESANDCOLVARD	retailmenot.com	HTTPS://WWW.RETAILMENOT.COM/VIEW/CHARLESANDCOLVARD.COM
CHARMCODE	SHOPCHARMIT	retailmenot.com	HTTPS://WWW.RETAILMENOT.COM/VIEW/SHOPCHARM-IT.COM
CHECKOUTSTORE	CHECKOUTSTORE	retailmenot.com	HTTPS://WWW.RETAILMENOT.COM/VIEW/CHECKOUTSTORE.COM
CHECKYSDEALS	CHECKSUNLIMITED	retailmenot.com	HTTPS://WWW.RETAILMENOT.COM/VIEW/CHECKSUNLIMITED.COM
CHEFCODE	HOMECHEF	retailmenot.com	HTTPS://WWW.RETAILMENOT.COM/VIEW/HOMECHEF.COM
CHEGOOD	CHEGG	retailmenot.com	HTTPS://WWW.RETAILMENOT.COM/VIEW/CHEGG.COM
CHEGOOD	CHEGG	retailmenot.com	HTTPS://WWW.RETAILMENOT.COM/VIEW/CHEGG.COM
CHERYLANNS	CHERYLS	retailmenot.com	HTTPS://WWW.RETAILMENOT.COM/VIEW/CHERYLS.COM
CHERYLANNS	CHERYLS	retailmenot.com	HTTPS://WWW.RETAILMENOT.COM/VIEW/CHERYLS.COM
CHERYLCO	CHERYLS	retailmenot.com	HTTPS://WWW.RETAILMENOT.COM/VIEW/CHERYLS.COM
CHERYLON	CHERYLS	retailmenot.com	HTTPS://WWW.RETAILMENOT.COM/VIEW/CHERYLS.COM
CHICDEAL	CITYCHICONLINE	retailmenot.com	HTTPS://WWW.RETAILMENOT.COM/VIEW/CITYCHICONLINE.COM
CHOICEPRODUCTS	BESTCHOICEPRODUCTS	retailmenot.com	HTTPS://WWW.RETAILMENOT.COM/VIEW/BESTCHOICEPRODUCTS.COM
CHOICEZORO	ZORO	retailmenot.com	HTTPS://WWW.RETAILMENOT.COM/VIEW/ZORO.COM
CHOIES	CHOIES	retailmenot.com	HTTPS://WWW.RETAILMENOT.COM/VIEW/CHOIES.COM
CHOWERFLY	CHEWY	retailmenot.com	HTTPS://WWW.RETAILMENOT.COM/VIEW/CHEWY.COM
CHOWYEEY	CHEWY	retailmenot.com	HTTPS://WWW.RETAILMENOT.COM/VIEW/CHEWY.COM
CHRISTMASCENTRAL	CHRISASCENTRAL	retailmenot.com	HTTPS://WWW.RETAILMENOT.COM/VIEW/CHRISTMASCENTRAL.COM
CHRISTMASCENTRAL	CHRISASCENTRAL	retailmenot.com	HTTPS://WWW.RETAILMENOT.COM/VIEW/CHRISTMASCENTRAL.COM
CHRISTMASCENTRALEXCLUSIVE	CHRISASCENTRAL	retailmenot.com	HTTPS://WWW.RETAILMENOT.COM/VIEW/CHRISTMASCENTRAL.COM
CHRISTMASCENTRALEXCLUSIVE	CHRISASCENTRAL	retailmenot.com	HTTPS://WWW.RETAILMENOT.COM/VIEW/CHRISTMASCENTRAL.COM
CHRISTYS	CHRISTYSPORTS	retailmenot.com	HTTPS://WWW.RETAILMENOT.COM/VIEW/CHRISTYSPORTS.COM
CHURCHHILLCLASSICS	DIPLOMAFRAME	retailmenot.com	HTTPS://WWW.RETAILMENOT.COM/VIEW/DIPLOMAFRAME.COM
CHURCHHILLCLASSICS	DIPLOMAFRAME	retailmenot.com	HTTPS://WWW.RETAILMENOT.COM/VIEW/DIPLOMAFRAME.COM
CHYNNWAY	CHEWY	retailmenot.com	HTTPS://WWW.RETAILMENOT.COM/VIEW/CHEWY.COM
CICINOESI	CICIS	retailmenot.com	HTTPS://WWW.RETAILMENOT.COM/VIEW/CICIS.COM
CICINOESI	CICIS	retailmenot.com	HTTPS://WWW.RETAILMENOT.COM/VIEW/CICIS.COM
CICISISI	CICIS	retailmenot.com	HTTPS://WWW.RETAILMENOT.COM/VIEW/CICIS.COM
CICISISI	CICIS	retailmenot.com	HTTPS://WWW.RETAILMENOT.COM/VIEW/CICIS.COM
CICIYOURS	CICIS	retailmenot.com	HTTPS://WWW.RETAILMENOT.COM/VIEW/CICIS.COM
CINCO	CINCOSTORE	retailmenot.com	HTTPS://WWW.RETAILMENOT.COM/VIEW/CINCO-STORE.COM
CINCO	CINCOSTORE	retailmenot.com	HTTPS://WWW.RETAILMENOT.COM/VIEW/CINCO-STORE.COM
CIRCUSNYBYSAMEDELMAN	CIRCUSNY	retailmenot.com	HTTPS://WWW.RETAILMENOT.COM/VIEW/CIRCUSNY.COM
CISCOPRESS	CISCOPRESS	retailmenot.com	HTTPS://WWW.RETAILMENOT.COM/VIEW/CISCOPRESS.COM
CITYBEAUTY	CITYBEAUTY	retailmenot.com	HTTPS://WWW.RETAILMENOT.COM/VIEW/CITYBEAUTY.COM
CJPONYPARTS	CJPONYPARTS	retailmenot.com	HTTPS://WWW.RETAILMENOT.COM/VIEW/CJPONYPARTS.COM
CJPONYPARTS	CJPONYPARTS	retailmenot.com	HTTPS://WWW.RETAILMENOT.COM/VIEW/CJPONYPARTS.COM
CKEIBT	KEURIG	retailmenot.com	HTTPS://WWW.RETAILMENOT.COM/VIEW/KEURIG.COM
CLARKTOYS	CLARKTOYS	retailmenot.com	HTTPS://WWW.RETAILMENOT.COM/VIEW/CLARKTOYS.COM
CLARKTOYS	CLARKTOYS	retailmenot.com	HTTPS://WWW.RETAILMENOT.COM/VIEW/CLARKTOYS.COM
CLOSEOUTZONE	CLOSEOUTZONE	retailmenot.com	HTTPS://WWW.RETAILMENOT.COM/VIEW/CLOSEOUTZONE.COM
CLUBMONACO	CLUBMONACO	retailmenot.com	HTTPS://WWW.RETAILMENOT.COM/VIEW/CLUBMONACO.COM
CLUTCHCHAIRZ	CLUTCHCHAIRZ	retailmenot.com	HTTPS://WWW.RETAILMENOT.COM/VIEW/CLUTCHCHAIRZ.COM
CMFRT	COMFRT	retailmenot.com	HTTPS://WWW.RETAILMENOT.COM/VIEW/COMFRT.COM
COCOBULBODYJEWELRY	COCOBULBODYJEWELRY	retailmenot.com	HTTPS://WWW.RETAILMENOT.COM/VIEW/COCOBULBODYJEWELRY.COM
CODEALPHA	ALPHAINDUSTRIES	retailmenot.com	HTTPS://WWW.RETAILMENOT.COM/VIEW/ALPHAINDUSTRIES.COM
CODEALPHA	ALPHAINDUSTRIES	retailmenot.com	HTTPS://WWW.RETAILMENOT.COM/VIEW/ALPHAINDUSTRIES.COM
CODEFLORIST	FLORISTS	retailmenot.com	HTTPS://WWW.RETAILMENOT.COM/VIEW/FLORISTS.COM
CODEFLORIST	FLORISTS	retailmenot.com	HTTPS://WWW.RETAILMENOT.COM/VIEW/FLORISTS.COM
CODEFLORIST	FLOWERDELIVERY	retailmenot.com	HTTPS://WWW.RETAILMENOT.COM/VIEW/FLOWERDELIVERY.COM
CODEHAPPY	THEHAPPYPLANNER	retailmenot.com	HTTPS://WWW.RETAILMENOT.COM/VIEW/THEHAPPYPLANNER.COM
CODEHAPPY	HAPPYV	retailmenot.com	HTTPS://WWW.RETAILMENOT.COM/VIEW/HAPPYV.COM
COFFEEFORLESSCOM	COFFEEFORLESS	retailmenot.com	HTTPS://WWW.RETAILMENOT.COM/VIEW/COFFEEFORLESS.COM
COGUCI	COYUCHI	retailmenot.com	HTTPS://WWW.RETAILMENOT.COM/VIEW/COYUCHI.COM
COLDSTONECREAMERY	COLDSTONECREAMERY	retailmenot.com	HTTPS://WWW.RETAILMENOT.COM/VIEW/COLDSTONECREAMERY.COM
COLDSTONECREAMERY	COLDSTONECREAMERY	retailmenot.com	HTTPS://WWW.RETAILMENOT.COM/VIEW/COLDSTONECREAMERY.COM
COLDWATERCREEK	COLDWATERCREEK	retailmenot.com	HTTPS://WWW.RETAILMENOT.COM/VIEW/COLDWATERCREEK.COM
COLDWATERCREEK	COLDWATERCREEK	retailmenot.com	HTTPS://WWW.RETAILMENOT.COM/VIEW/COLDWATERCREEK.COM
COLEMANS	COLEMANS	retailmenot.com	HTTPS://WWW.RETAILMENOT.COM/VIEW/COLEMANS.COM
COLLECTIONSETC	COLLECTIONSETC	retailmenot.com	HTTPS://WWW.RETAILMENOT.COM/VIEW/COLLECTIONSETC.COM
COLVARD	CHARLESANDCOLVARD	retailmenot.com	HTTPS://WWW.RETAILMENOT.COM/VIEW/CHARLESANDCOLVARD.COM
COMFORMAT	COMFRT	retailmenot.com	HTTPS://WWW.RETAILMENOT.COM/VIEW/COMFRT.COM
COMFORTABLELIVE	LIVECOMFORTABLY	retailmenot.com	HTTPS://WWW.RETAILMENOT.COM/VIEW/LIVECOMFORTABLY.COM
COMFORTABLELIVE	LIVECOMFORTABLY	retailmenot.com	HTTPS://WWW.RETAILMENOT.COM/VIEW/LIVECOMFORTABLY.COM
COMPLY	COMPLYFOAM	retailmenot.com	HTTPS://WWW.RETAILMENOT.COM/VIEW/COMPLYFOAM.COM
COMPUCHECKS	COMPUCHECKS	retailmenot.com	HTTPS://WWW.RETAILMENOT.COM/VIEW/COMPUCHECKS.COM
COMPUCHECKS	COMPUCHECKS	retailmenot.com	HTTPS://WWW.RETAILMENOT.COM/VIEW/COMPUCHECKS.COM
COMSUKI	SUKIUSA	retailmenot.com	HTTPS://WWW.RETAILMENOT.COM/VIEW/SUKIUSA.COM
COMZONEBLINDS	BLINDS	retailmenot.com	HTTPS://WWW.RETAILMENOT.COM/VIEW/BLINDS.COM
CONCORDIASUPPLY	CONCORDIASUPPLY	retailmenot.com	HTTPS://WWW.RETAILMENOT.COM/VIEW/CONCORDIASUPPLY.COM
CONCORDIASUPPLY	CONCORDIASUPPLY	retailmenot.com	HTTPS://WWW.RETAILMENOT.COM/VIEW/CONCORDIASUPPLY.COM
CONDITION1REBEL	FROMREBEL	retailmenot.com	HTTPS://WWW.RETAILMENOT.COM/VIEW/FROMREBEL.COM
CONSOANGELINA	ANGELINOS	retailmenot.com	HTTPS://WWW.RETAILMENOT.COM/VIEW/ANGELINOS.COM
CONSTRUCTIVEPLAYTHINGS	CONSTRUCTIVEPLAYTHINGS	retailmenot.com	HTTPS://WWW.RETAILMENOT.COM/VIEW/CONSTRUCTIVEPLAYTHINGS.COM
CONSTRUCTIVEPLAYTHINGS	CONSTRUCTIVEPLAYTHINGS	retailmenot.com	HTTPS://WWW.RETAILMENOT.COM/VIEW/CONSTRUCTIVEPLAYTHINGS.COM
CONTOURLIVING	CONTOURLIVING	retailmenot.com	HTTPS://WWW.RETAILMENOT.COM/VIEW/CONTOURLIVING.COM
COOBIE	SHOPCOOBIE	retailmenot.com	HTTPS://WWW.RETAILMENOT.COM/VIEW/SHOPCOOBIE.COM
COOFANDY	COOFANDY	retailmenot.com	HTTPS://WWW.RETAILMENOT.COM/VIEW/COOFANDY.COM
COOFANDY	COOFANDY	retailmenot.com	HTTPS://WWW.RETAILMENOT.COM/VIEW/COOFANDY.COM
COOKCODE	COOKFOOD	retailmenot.com	HTTPS://WWW.RETAILMENOT.COM/VIEW/COOKFOOD.NET
COOLAIHAN	COLEHAAN	retailmenot.com	HTTPS://WWW.RETAILMENOT.COM/VIEW/COLEHAAN.COM
COOLOUS	COOLOUS	retailmenot.com	HTTPS://WWW.RETAILMENOT.COM/VIEW/COOLOUS.COM
COOPERSCASKCOFFEE	COOPERSCOFFEECO	retailmenot.com	HTTPS://WWW.RETAILMENOT.COM/VIEW/COOPERSCOFFEECO.COM
COOTONADA	US	retailmenot.com	HTTPS://WWW.RETAILMENOT.COM/VIEW/US.COTTONON.COM
COPPERPEARL	COPPERPEARL	retailmenot.com	HTTPS://WWW.RETAILMENOT.COM/VIEW/COPPERPEARL.COM
COPPERPEARL	COPPERPEARL	retailmenot.com	HTTPS://WWW.RETAILMENOT.COM/VIEW/COPPERPEARL.COM
CORAV	CORAVIN	retailmenot.com	HTTPS://WWW.RETAILMENOT.COM/VIEW/CORAVIN.COM
CORDAROY	CORDAROYS	retailmenot.com	HTTPS://WWW.RETAILMENOT.COM/VIEW/CORDAROYS.COM
CORDAROYS	CORDAROYS	retailmenot.com	HTTPS://WWW.RETAILMENOT.COM/VIEW/CORDAROYS.COM
CORELIFE	CORELIFEEATERY	retailmenot.com	HTTPS://WWW.RETAILMENOT.COM/VIEW/CORELIFEEATERY.COM
COSCORNER	COS	retailmenot.com	HTTPS://WWW.RETAILMENOT.COM/VIEW/COS.COM
COSIBELLA	COSABELLA	retailmenot.com	HTTPS://WWW.RETAILMENOT.COM/VIEW/COSABELLA.COM
COSIBELLA	COSABELLA	retailmenot.com	HTTPS://WWW.RETAILMENOT.COM/VIEW/COSABELLA.COM
COSSYHOME	COSYHOUSECOLLECTION	retailmenot.com	HTTPS://WWW.RETAILMENOT.COM/VIEW/COSYHOUSECOLLECTION.COM
COSTUMEDEALS	BUYCOSTUMES	retailmenot.com	HTTPS://WWW.RETAILMENOT.COM/VIEW/BUYCOSTUMES.COM
COSTUMEDEALS	HALLOWEENCOSTUMES	retailmenot.com	HTTPS://WWW.RETAILMENOT.COM/VIEW/HALLOWEENCOSTUMES.COM
COSYCOLLECTION	COSYHOUSECOLLECTION	retailmenot.com	HTTPS://WWW.RETAILMENOT.COM/VIEW/COSYHOUSECOLLECTION.COM
COSYHOMETEX	COSYHOUSECOLLECTION	retailmenot.com	HTTPS://WWW.RETAILMENOT.COM/VIEW/COSYHOUSECOLLECTION.COM
COSYHOMEUS	COSYHOUSECOLLECTION	retailmenot.com	HTTPS://WWW.RETAILMENOT.COM/VIEW/COSYHOUSECOLLECTION.COM
COSYHOUSECOLLECTION	COSYHOUSECOLLECTION	retailmenot.com	HTTPS://WWW.RETAILMENOT.COM/VIEW/COSYHOUSECOLLECTION.COM
COTATERO	COTERIEPARTY	retailmenot.com	HTTPS://WWW.RETAILMENOT.COM/VIEW/COTERIEPARTY.COM
COTONDEAL	US	retailmenot.com	HTTPS://WWW.RETAILMENOT.COM/VIEW/US.COTTONON.COM
COTONDEAL	US	retailmenot.com	HTTPS://WWW.RETAILMENOT.COM/VIEW/US.COTTONON.COM
COTORI	COTERIEPARTY	retailmenot.com	HTTPS://WWW.RETAILMENOT.COM/VIEW/COTERIEPARTY.COM
COTTONIQUE	COTTONIQUE	retailmenot.com	HTTPS://WWW.RETAILMENOT.COM/VIEW/COTTONIQUE.COM
COTTONIQUE	COTTONIQUE	retailmenot.com	HTTPS://WWW.RETAILMENOT.COM/VIEW/COTTONIQUE.COM
COUNTRYBROOKDESIGN	COUNTRYBROOKDESIGN	retailmenot.com	HTTPS://WWW.RETAILMENOT.COM/VIEW/COUNTRYBROOKDESIGN.COM
COUNTRYOUTFITTER	COUNTRYOUTFITTER	retailmenot.com	HTTPS://WWW.RETAILMENOT.COM/VIEW/COUNTRYOUTFITTER.COM
COVERCENTER	COVERSTORE	retailmenot.com	HTTPS://WWW.RETAILMENOT.COM/VIEW/COVERSTORE.COM
COVERTTRYNE	COVERSTORE	retailmenot.com	HTTPS://WWW.RETAILMENOT.COM/VIEW/COVERSTORE.COM
COVERTTRYNE	COVERSTORE	retailmenot.com	HTTPS://WWW.RETAILMENOT.COM/VIEW/COVERSTORE.COM
COVOCHI	COYUCHI	retailmenot.com	HTTPS://WWW.RETAILMENOT.COM/VIEW/COYUCHI.COM
COVOCHI	COYUCHI	retailmenot.com	HTTPS://WWW.RETAILMENOT.COM/VIEW/COYUCHI.COM
COYUCHI	COYUCHI	retailmenot.com	HTTPS://WWW.RETAILMENOT.COM/VIEW/COYUCHI.COM
COYWORLDBATEMEN	CHEAPBATS	retailmenot.com	HTTPS://WWW.RETAILMENOT.COM/VIEW/CHEAPBATS.COM
COZIDOWN	COSYHOUSECOLLECTION	retailmenot.com	HTTPS://WWW.RETAILMENOT.COM/VIEW/COSYHOUSECOLLECTION.COM
COZIDU	COSYHOUSECOLLECTION	retailmenot.com	HTTPS://WWW.RETAILMENOT.COM/VIEW/COSYHOUSECOLLECTION.COM
COZYDAY	COZYDAYS	retailmenot.com	HTTPS://WWW.RETAILMENOT.COM/VIEW/COZYDAYS.COM
COZYHAUS	COSYHOUSECOLLECTION	retailmenot.com	HTTPS://WWW.RETAILMENOT.COM/VIEW/COSYHOUSECOLLECTION.COM
COZYHAUS	COSYHOUSECOLLECTION	retailmenot.com	HTTPS://WWW.RETAILMENOT.COM/VIEW/COSYHOUSECOLLECTION.COM
COZYHOMECOLLECTION	COSYHOUSECOLLECTION	retailmenot.com	HTTPS://WWW.RETAILMENOT.COM/VIEW/COSYHOUSECOLLECTION.COM
CRANDALLOFFICEFURNITURE	CRANDALLOFFICE	retailmenot.com	HTTPS://WWW.RETAILMENOT.COM/VIEW/CRANDALLOFFICE.COM
CRATEANDBARREL	CRATEANDBARREL	retailmenot.com	HTTPS://WWW.RETAILMENOT.COM/VIEW/CRATEANDBARREL.COM
CRATEBARREL	CRATEANDBARREL	retailmenot.com	HTTPS://WWW.RETAILMENOT.COM/VIEW/CRATEANDBARREL.COM
CRAZYDOGTSHIRTS	CRAZYDOGTSHIRTS	retailmenot.com	HTTPS://WWW.RETAILMENOT.COM/VIEW/CRAZYDOGTSHIRTS.COM
CRAZYOFFERS	CRAZYSHIRTS	retailmenot.com	HTTPS://WWW.RETAILMENOT.COM/VIEW/CRAZYSHIRTS.COM
CRAZYOFFERS	CRAZYSHIRTS	retailmenot.com	HTTPS://WWW.RETAILMENOT.COM/VIEW/CRAZYSHIRTS.COM
CREATIVECOOP	CREATIVEMARKET	retailmenot.com	HTTPS://WWW.RETAILMENOT.COM/VIEW/CREATIVEMARKET.COM
CRENSTONEPARTYSUPPLIES	DISCOUNTPARTYSUPPLIES	retailmenot.com	HTTPS://WWW.RETAILMENOT.COM/VIEW/DISCOUNTPARTYSUPPLIES.COM
CRIQUET	CRIQUETSHIRTS	retailmenot.com	HTTPS://WWW.RETAILMENOT.COM/VIEW/CRIQUETSHIRTS.COM
CROSSBREED	CROSSBREEDHOLSTERS	retailmenot.com	HTTPS://WWW.RETAILMENOT.COM/VIEW/CROSSBREEDHOLSTERS.COM
CROSSBREED	CROSSBREEDHOLSTERS	retailmenot.com	HTTPS://WWW.RETAILMENOT.COM/VIEW/CROSSBREEDHOLSTERS.COM
CROWNAWARDS	CROWNAWARDS	retailmenot.com	HTTPS://WWW.RETAILMENOT.COM/VIEW/CROWNAWARDS.COM
CROWNAWARDS	CROWNAWARDS	retailmenot.com	HTTPS://WWW.RETAILMENOT.COM/VIEW/CROWNAWARDS.COM
CTCARID	CARID	retailmenot.com	HTTPS://WWW.RETAILMENOT.COM/VIEW/CARID.COM
CUDDLEDOWN	CUDDLEDOWN	retailmenot.com	HTTPS://WWW.RETAILMENOT.COM/VIEW/CUDDLEDOWN.COM
CUDDLEDOWN	CUDDLEDOWN	retailmenot.com	HTTPS://WWW.RETAILMENOT.COM/VIEW/CUDDLEDOWN.COM
CUDDOBUDDIES	CUDDLDUDS	retailmenot.com	HTTPS://WWW.RETAILMENOT.COM/VIEW/CUDDLDUDS.COM
CUIJIUSHILV	KUIU	retailmenot.com	HTTPS://WWW.RETAILMENOT.COM/VIEW/KUIU.COM
CUISINARTOXOLUXDECOR	CUISINART	retailmenot.com	HTTPS://WWW.RETAILMENOT.COM/VIEW/CUISINART.COM
CULTUREFLY	CULTUREFLY	retailmenot.com	HTTPS://WWW.RETAILMENOT.COM/VIEW/CULTUREFLY.COM
CUPSH	CUPSHE	retailmenot.com	HTTPS://WWW.RETAILMENOT.COM/VIEW/CUPSHE.COM
CUPSH	CUPSHE	retailmenot.com	HTTPS://WWW.RETAILMENOT.COM/VIEW/CUPSHE.COM
CUPSHE	CUPSHE	retailmenot.com	HTTPS://WWW.RETAILMENOT.COM/VIEW/CUPSHE.COM
CUPSHE	CUPSHE	retailmenot.com	HTTPS://WWW.RETAILMENOT.COM/VIEW/CUPSHE.COM
CURRENTBODY	US	retailmenot.com	HTTPS://WWW.RETAILMENOT.COM/VIEW/US.CURRENTBODY.COM
CUSTOMDYNAMICS	CUSTOMDYNAMICS	retailmenot.com	HTTPS://WWW.RETAILMENOT.COM/VIEW/CUSTOMDYNAMICS.COM
CUSTOMDYNAMICS	CUSTOMDYNAMICS	retailmenot.com	HTTPS://WWW.RETAILMENOT.COM/VIEW/CUSTOMDYNAMICS.COM
CUSTOMIZEDGIRL	CUSTOMIZEDGIRL	retailmenot.com	HTTPS://WWW.RETAILMENOT.COM/VIEW/CUSTOMIZEDGIRL.COM
CUTDOING	CUTSCLOTHING	retailmenot.com	HTTPS://WWW.RETAILMENOT.COM/VIEW/CUTSCLOTHING.COM
CXSBABY	BUYBUYBABY	retailmenot.com	HTTPS://WWW.RETAILMENOT.COM/VIEW/BUYBUYBABY.COM
CYOUZHE	COYUCHI	retailmenot.com	HTTPS://WWW.RETAILMENOT.COM/VIEW/COYUCHI.COM
DADICOOL	DEDCOOL	retailmenot.com	HTTPS://WWW.RETAILMENOT.COM/VIEW/DEDCOOL.COM
DAILYBURN	DAILYBURN	retailmenot.com	HTTPS://WWW.RETAILMENOT.COM/VIEW/DAILYBURN.COM
DAILYDEALS928	THATDAILYDEAL	retailmenot.com	HTTPS://WWW.RETAILMENOT.COM/VIEW/THATDAILYDEAL.COM
DANCEDO	DISCOUNTDANCE	retailmenot.com	HTTPS://WWW.RETAILMENOT.COM/VIEW/DISCOUNTDANCE.COM
DANCEDO	DISCOUNTDANCE	retailmenot.com	HTTPS://WWW.RETAILMENOT.COM/VIEW/DISCOUNTDANCE.COM
DANCOSMARTCHOICEDELTADREAMBAB	DANSKO	retailmenot.com	HTTPS://WWW.RETAILMENOT.COM/VIEW/DANSKO.COM
DANCOSMARTCHOICEDELTADREAMBAB	DANSKO	retailmenot.com	HTTPS://WWW.RETAILMENOT.COM/VIEW/DANSKO.COM
DANNEREUGENEPONDP	DANNER	retailmenot.com	HTTPS://WWW.RETAILMENOT.COM/VIEW/DANNER.COM
DASHINGDIVAFRANCHI	DASHINGDIVA	retailmenot.com	HTTPS://WWW.RETAILMENOT.COM/VIEW/DASHINGDIVA.COM
DAVEK	DAVEKNY	retailmenot.com	HTTPS://WWW.RETAILMENOT.COM/VIEW/DAVEKNY.COM
DAVEK	DAVEKNY	retailmenot.com	HTTPS://WWW.RETAILMENOT.COM/VIEW/DAVEKNY.COM
DAVESCRAPPIEBUSTER	DAVEANDBUSTERS	retailmenot.com	HTTPS://WWW.RETAILMENOT.COM/VIEW/DAVEANDBUSTERS.COM
DAWGS	DAWGSUSA	retailmenot.com	HTTPS://WWW.RETAILMENOT.COM/VIEW/DAWGSUSA.COM
DAWGS	DAWGSUSA	retailmenot.com	HTTPS://WWW.RETAILMENOT.COM/VIEW/DAWGSUSA.COM
DAYSPRING	DAYSPRING	retailmenot.com	HTTPS://WWW.RETAILMENOT.COM/VIEW/DAYSPRING.COM
DAYSPRING	DAYSPRING	retailmenot.com	HTTPS://WWW.RETAILMENOT.COM/VIEW/DAYSPRING.COM
DAYTIMERACCOBRANDS	DAYTIMER	retailmenot.com	HTTPS://WWW.RETAILMENOT.COM/VIEW/DAYTIMER.COM
DDRYCODE	DAZZLEDRY	retailmenot.com	HTTPS://WWW.RETAILMENOT.COM/VIEW/DAZZLEDRY.COM
DEALBEST	BESTBUY	retailmenot.com	HTTPS://WWW.RETAILMENOT.COM/VIEW/BESTBUY.COM
DEALKITS	KITS	retailmenot.com	HTTPS://WWW.RETAILMENOT.COM/VIEW/KITS.COM
DEALSPLAZA	PLAZAPREMIUMLOUNGE	retailmenot.com	HTTPS://WWW.RETAILMENOT.COM/VIEW/PLAZAPREMIUMLOUNGE.COM
DEALSPLAZA	PLAZAPREMIUMLOUNGE	retailmenot.com	HTTPS://WWW.RETAILMENOT.COM/VIEW/PLAZAPREMIUMLOUNGE.COM
DEANGELO	DANGELOS	retailmenot.com	HTTPS://WWW.RETAILMENOT.COM/VIEW/DANGELOS.COM
DECADEAWARDS	DECADEAWARDS	retailmenot.com	HTTPS://WWW.RETAILMENOT.COM/VIEW/DECADEAWARDS.COM
DECORCODE	HOMEDECORHARDWARE	retailmenot.com	HTTPS://WWW.RETAILMENOT.COM/VIEW/HOMEDECORHARDWARE.COM
DECORDEMAND	EVENTDECORDIRECT	retailmenot.com	HTTPS://WWW.RETAILMENOT.COM/VIEW/EVENTDECORDIRECT.COM
DECORLUV	LUXEDECOR	retailmenot.com	HTTPS://WWW.RETAILMENOT.COM/VIEW/LUXEDECOR.COM
DECORLUXES	LUXEDECOR	retailmenot.com	HTTPS://WWW.RETAILMENOT.COM/VIEW/LUXEDECOR.COM
DEERBUSTERS	DEERBUSTERS	retailmenot.com	HTTPS://WWW.RETAILMENOT.COM/VIEW/DEERBUSTERS.COM
DEERBUSTERS	DEERBUSTERS	retailmenot.com	HTTPS://WWW.RETAILMENOT.COM/VIEW/DEERBUSTERS.COM
DEFY	DEFYBAGS	retailmenot.com	HTTPS://WWW.RETAILMENOT.COM/VIEW/DEFYBAGS.COM
DEFYFORGOOD	DEFYBAGS	retailmenot.com	HTTPS://WWW.RETAILMENOT.COM/VIEW/DEFYBAGS.COM
DELCITY	DELCITY	retailmenot.com	HTTPS://WWW.RETAILMENOT.COM/VIEW/DELCITY.NET
DELENOWAO	DELALLO	retailmenot.com	HTTPS://WWW.RETAILMENOT.COM/VIEW/DELALLO.COM
DELTABABYDROPSHIP	DELTACHILDREN	retailmenot.com	HTTPS://WWW.RETAILMENOT.COM/VIEW/DELTACHILDREN.COM
DELTACHILDRENS	DELTACHILDREN	retailmenot.com	HTTPS://WWW.RETAILMENOT.COM/VIEW/DELTACHILDREN.COM
DELUXESMALLBUSINESSSALES	DELUXE	retailmenot.com	HTTPS://WWW.RETAILMENOT.COM/VIEW/DELUXE.COM
DEMCO	DEMCO	retailmenot.com	HTTPS://WWW.RETAILMENOT.COM/VIEW/DEMCO.COM
DEMCO	DEMCO	retailmenot.com	HTTPS://WWW.RETAILMENOT.COM/VIEW/DEMCO.COM
DEMOSMEDICAL	DEMOSMEDICAL	retailmenot.com	HTTPS://WWW.RETAILMENOT.COM/VIEW/DEMOSMEDICAL.COM
DENNISWJCO	DENNYS	retailmenot.com	HTTPS://WWW.RETAILMENOT.COM/VIEW/DENNYS.COM
DEREKLAM	DEREKLAM	retailmenot.com	HTTPS://WWW.RETAILMENOT.COM/VIEW/DEREKLAM.COM
DEREKLAM	DEREKLAM	retailmenot.com	HTTPS://WWW.RETAILMENOT.COM/VIEW/DEREKLAM.COM
DESERETBOOK	DESERETBOOK	retailmenot.com	HTTPS://WWW.RETAILMENOT.COM/VIEW/DESERETBOOK.COM
DESERETBOOK	DESERETBOOK	retailmenot.com	HTTPS://WWW.RETAILMENOT.COM/VIEW/DESERETBOOK.COM
DESERETBOOKCO	DESERETBOOK	retailmenot.com	HTTPS://WWW.RETAILMENOT.COM/VIEW/DESERETBOOK.COM
DGAOTE	DHGATE	retailmenot.com	HTTPS://WWW.RETAILMENOT.COM/VIEW/DHGATE.COM
DHARMASTORE	DHARMASHOP	retailmenot.com	HTTPS://WWW.RETAILMENOT.COM/VIEW/DHARMASHOP.COM
DICKMARTINSPORTS	DICKSSPORTINGGOODS	retailmenot.com	HTTPS://WWW.RETAILMENOT.COM/VIEW/DICKSSPORTINGGOODS.COM
DICKS	DICKSSPORTINGGOODS	retailmenot.com	HTTPS://WWW.RETAILMENOT.COM/VIEW/DICKSSPORTINGGOODS.COM
DICKS	DICKSSPORTINGGOODS	retailmenot.com	HTTPS://WWW.RETAILMENOT.COM/VIEW/DICKSSPORTINGGOODS.COM
DICKSSPORTINGGOODS	DICKSSPORTINGGOODS	retailmenot.com	HTTPS://WWW.RETAILMENOT.COM/VIEW/DICKSSPORTINGGOODS.COM
DICKSSPORTINGGOODS	DICKSSPORTINGGOODS	retailmenot.com	HTTPS://WWW.RETAILMENOT.COM/VIEW/DICKSSPORTINGGOODS.COM
DIOPTICS	DIOPTICSSUNWEAR	retailmenot.com	HTTPS://WWW.RETAILMENOT.COM/VIEW/DIOPTICSSUNWEAR.COM
DIPPINDAISYSSWIMWEAR	DIPPINDAISYSSWIMWEAR	retailmenot.com	HTTPS://WWW.RETAILMENOT.COM/VIEW/DIPPINDAISYSSWIMWEAR.COM
DIRECTHOMEMEDICAL	DIRECTHOMEMEDICAL	retailmenot.com	HTTPS://WWW.RETAILMENOT.COM/VIEW/DIRECTHOMEMEDICAL.COM
DIRECTHOMEMEDICAL	DIRECTHOMEMEDICAL	retailmenot.com	HTTPS://WWW.RETAILMENOT.COM/VIEW/DIRECTHOMEMEDICAL.COM
DISCOUNTDEAN	SHOPATDEAN	retailmenot.com	HTTPS://WWW.RETAILMENOT.COM/VIEW/SHOPATDEAN.COM
DISCOUNTKEYLESS	LOCKSMITHKEYLESS	retailmenot.com	HTTPS://WWW.RETAILMENOT.COM/VIEW/LOCKSMITHKEYLESS.COM
DISCOUNTMEDICALDEPOT	MEDICALSUPPLYDEPOT	retailmenot.com	HTTPS://WWW.RETAILMENOT.COM/VIEW/MEDICALSUPPLYDEPOT.COM
DISCOUNTMEDICALDEPOT	DISCOUNEDICALSUPPLIES	retailmenot.com	HTTPS://WWW.RETAILMENOT.COM/VIEW/DISCOUNTMEDICALSUPPLIES.COM
DISCOUNTRAMPS	DISCOUNTRAMPS	retailmenot.com	HTTPS://WWW.RETAILMENOT.COM/VIEW/DISCOUNTRAMPS.COM
DISCOUNTRAMPS	DISCOUNTRAMPS	retailmenot.com	HTTPS://WWW.RETAILMENOT.COM/VIEW/DISCOUNTRAMPS.COM
DISCOUNTSCHOOLSUPPLY	DISCOUNTSCHOOLSUPPLY	retailmenot.com	HTTPS://WWW.RETAILMENOT.COM/VIEW/DISCOUNTSCHOOLSUPPLY.COM
DISCOUNTSCHOOLSUPPLY	DISCOUNTSCHOOLSUPPLY	retailmenot.com	HTTPS://WWW.RETAILMENOT.COM/VIEW/DISCOUNTSCHOOLSUPPLY.COM
DISCOVERNIGHT	DISCOVERNIGHT	retailmenot.com	HTTPS://WWW.RETAILMENOT.COM/VIEW/DISCOVERNIGHT.COM
DISNEYNOTDISNEYSTORE	DISNEYSTORE	retailmenot.com	HTTPS://WWW.RETAILMENOT.COM/VIEW/DISNEYSTORE.COM
DISPLAY2GO	DISPLAYS2GO	retailmenot.com	HTTPS://WWW.RETAILMENOT.COM/VIEW/DISPLAYS2GO.COM
DISPLAY2GO	DISPLAYS2GO	retailmenot.com	HTTPS://WWW.RETAILMENOT.COM/VIEW/DISPLAYS2GO.COM
DISPLAYS2GO	DISPLAYS2GO	retailmenot.com	HTTPS://WWW.RETAILMENOT.COM/VIEW/DISPLAYS2GO.COM
DISPLAYS2GO	DISPLAYS2GO	retailmenot.com	HTTPS://WWW.RETAILMENOT.COM/VIEW/DISPLAYS2GO.COM
DIVECODE	DIVERSSUPPLY	retailmenot.com	HTTPS://WWW.RETAILMENOT.COM/VIEW/DIVERS-SUPPLY.COM
DIVYAPRINT	VISTAPRINT	retailmenot.com	HTTPS://WWW.RETAILMENOT.COM/VIEW/VISTAPRINT.COM
DIXMSKEQB	DICKSSPORTINGGOODS	retailmenot.com	HTTPS://WWW.RETAILMENOT.COM/VIEW/DICKSSPORTINGGOODS.COM
DKJOCKY	JOCKEY	retailmenot.com	HTTPS://WWW.RETAILMENOT.COM/VIEW/JOCKEY.COM
DLEDAN	LDPRODUCTS	retailmenot.com	HTTPS://WWW.RETAILMENOT.COM/VIEW/LDPRODUCTS.COM
DLEOULY	DRESSLILY	retailmenot.com	HTTPS://WWW.RETAILMENOT.COM/VIEW/DRESSLILY.COM
DOCHBODEN	US	retailmenot.com	HTTPS://WWW.RETAILMENOT.COM/VIEW/US.BODEN.COM
DOHENYS	DOHENY	retailmenot.com	HTTPS://WWW.RETAILMENOT.COM/VIEW/DOHENY.COM
DOISPON	DOPEFACTORY	retailmenot.com	HTTPS://WWW.RETAILMENOT.COM/VIEW/DOPE-FACTORY.COM
DOITB	DOITBEST	retailmenot.com	HTTPS://WWW.RETAILMENOT.COM/VIEW/DOITBEST.COM
DOITBEST	DOITBEST	retailmenot.com	HTTPS://WWW.RETAILMENOT.COM/VIEW/DOITBEST.COM
DOITBESTGS	DOITBEST	retailmenot.com	HTTPS://WWW.RETAILMENOT.COM/VIEW/DOITBEST.COM
DOITBESTGS	DOITBEST	retailmenot.com	HTTPS://WWW.RETAILMENOT.COM/VIEW/DOITBEST.COM
DOITPE	DOITBEST	retailmenot.com	HTTPS://WWW.RETAILMENOT.COM/VIEW/DOITBEST.COM
DOITTENNIS	DOITTENNIS	retailmenot.com	HTTPS://WWW.RETAILMENOT.COM/VIEW/DOITTENNIS.COM
DOITTENNIS	DOITTENNIS	retailmenot.com	HTTPS://WWW.RETAILMENOT.COM/VIEW/DOITTENNIS.COM
DOLCEVIDA	DOLCEVITA	retailmenot.com	HTTPS://WWW.RETAILMENOT.COM/VIEW/DOLCEVITA.COM
DOLCEVITA	DOLCEVITA	retailmenot.com	HTTPS://WWW.RETAILMENOT.COM/VIEW/DOLCEVITA.COM
DOLL10	DOLL10	retailmenot.com	HTTPS://WWW.RETAILMENOT.COM/VIEW/DOLL10.COM
DOLLARDAYS	DOLLARDAYS	retailmenot.com	HTTPS://WWW.RETAILMENOT.COM/VIEW/DOLLARDAYS.COM
DOLLARSTOREPROMO	DOLLARGENERAL	retailmenot.com	HTTPS://WWW.RETAILMENOT.COM/VIEW/DOLLARGENERAL.COM
DOLLARSTOREPROMO	DOLLARTREE	retailmenot.com	HTTPS://WWW.RETAILMENOT.COM/VIEW/DOLLARTREE.COM
DOMESTIFY	DOMESTIFY	retailmenot.com	HTTPS://WWW.RETAILMENOT.COM/VIEW/DOMESTIFY.COM
DONEHOS	DONATOS	retailmenot.com	HTTPS://WWW.RETAILMENOT.COM/VIEW/DONATOS.COM
DONKEYTEES	DONKEYTEES	retailmenot.com	HTTPS://WWW.RETAILMENOT.COM/VIEW/DONKEYTEES.COM
DONNABELLAHAIR	DONNABELLAHAIR	retailmenot.com	HTTPS://WWW.RETAILMENOT.COM/VIEW/DONNABELLAHAIR.COM
DONUTTLE	DOUGHNUTOFFICIAL	retailmenot.com	HTTPS://WWW.RETAILMENOT.COM/VIEW/DOUGHNUTOFFICIAL.US
DONUTTLE	DOUGHNUTOFFICIAL	retailmenot.com	HTTPS://WWW.RETAILMENOT.COM/VIEW/DOUGHNUTOFFICIAL.US
DORMCO	DORMCO	retailmenot.com	HTTPS://WWW.RETAILMENOT.COM/VIEW/DORMCO.COM
DORMCO	DORMCO	retailmenot.com	HTTPS://WWW.RETAILMENOT.COM/VIEW/DORMCO.COM
DORMFYI	DORMIFY	retailmenot.com	HTTPS://WWW.RETAILMENOT.COM/VIEW/DORMIFY.COM
DORMFYI	DORMIFY	retailmenot.com	HTTPS://WWW.RETAILMENOT.COM/VIEW/DORMIFY.COM
DORMIFY	DORMIFY	retailmenot.com	HTTPS://WWW.RETAILMENOT.COM/VIEW/DORMIFY.COM
DOSUARUE	DOSSIER	retailmenot.com	HTTPS://WWW.RETAILMENOT.COM/VIEW/DOSSIER.CO
DOUBLEF	THEDOUBLEF	retailmenot.com	HTTPS://WWW.RETAILMENOT.COM/VIEW/THEDOUBLEF.COM
DOUBLEF	THEDOUBLEF	retailmenot.com	HTTPS://WWW.RETAILMENOT.COM/VIEW/THEDOUBLEF.COM
DOUBLEWOOD	DOUBLEWOODSUPPLEMENTS	retailmenot.com	HTTPS://WWW.RETAILMENOT.COM/VIEW/DOUBLEWOODSUPPLEMENTS.COM
DOUBLEWOOD	DOUBLEWOODSUPPLEMENTS	retailmenot.com	HTTPS://WWW.RETAILMENOT.COM/VIEW/DOUBLEWOODSUPPLEMENTS.COM
DOUNAYEE	DOONEY	retailmenot.com	HTTPS://WWW.RETAILMENOT.COM/VIEW/DOONEY.COM
DOVERSADDLERY	DOVERSADDLERY	retailmenot.com	HTTPS://WWW.RETAILMENOT.COM/VIEW/DOVERSADDLERY.COM
DOVERSADDLERY	DOVERSADDLERY	retailmenot.com	HTTPS://WWW.RETAILMENOT.COM/VIEW/DOVERSADDLERY.COM
DOWNEAST	DOWNEASTBASICS	retailmenot.com	HTTPS://WWW.RETAILMENOT.COM/VIEW/DOWNEASTBASICS.COM
DOYZMWR	DOSSIER	retailmenot.com	HTTPS://WWW.RETAILMENOT.COM/VIEW/DOSSIER.CO
DQCLXL	DXL	retailmenot.com	HTTPS://WWW.RETAILMENOT.COM/VIEW/DXL.COM
DQCLXL	DXL	retailmenot.com	HTTPS://WWW.RETAILMENOT.COM/VIEW/DXL.COM
DRAKEWATERFOWLSYSTEMS	DRAKEWATERFOWL	retailmenot.com	HTTPS://WWW.RETAILMENOT.COM/VIEW/DRAKEWATERFOWL.COM
DREAMESSENTIALS	DREAMESSENTIALS	retailmenot.com	HTTPS://WWW.RETAILMENOT.COM/VIEW/DREAMESSENTIALS.COM
DRESSLILY	DRESSLILY	retailmenot.com	HTTPS://WWW.RETAILMENOT.COM/VIEW/DRESSLILY.COM
DRESSLILY	DRESSLILY	retailmenot.com	HTTPS://WWW.RETAILMENOT.COM/VIEW/DRESSLILY.COM
DRFUHRMAN	DRFUHRMAN	retailmenot.com	HTTPS://WWW.RETAILMENOT.COM/VIEW/DRFUHRMAN.COM
DRHARVEYS	DRHARVEYS	retailmenot.com	HTTPS://WWW.RETAILMENOT.COM/VIEW/DRHARVEYS.COM
DRLEONARDS	DRLEONARDS	retailmenot.com	HTTPS://WWW.RETAILMENOT.COM/VIEW/DRLEONARDS.COM
DRLEONARDS	DRLEONARDS	retailmenot.com	HTTPS://WWW.RETAILMENOT.COM/VIEW/DRLEONARDS.COM
DROPZZA	DROPPS	retailmenot.com	HTTPS://WWW.RETAILMENOT.COM/VIEW/DROPPS.COM
DRSCHOLLSSHOES	DRSCHOLLSSHOES	retailmenot.com	HTTPS://WWW.RETAILMENOT.COM/VIEW/DRSCHOLLSSHOES.COM
DRTISAQUATICS	STORE	retailmenot.com	HTTPS://WWW.RETAILMENOT.COM/VIEW/STORE.DRTIMSAQUATICS.COM
DSOAR	DSOARHAIR	retailmenot.com	HTTPS://WWW.RETAILMENOT.COM/VIEW/DSOARHAIR.COM
DSW	DSW	retailmenot.com	HTTPS://WWW.RETAILMENOT.COM/VIEW/DSW.COM
DSW	DSW	retailmenot.com	HTTPS://WWW.RETAILMENOT.COM/VIEW/DSW.COM
DSWDA	DSW	retailmenot.com	HTTPS://WWW.RETAILMENOT.COM/VIEW/DSW.COM
DSWDA	DSW	retailmenot.com	HTTPS://WWW.RETAILMENOT.COM/VIEW/DSW.COM
DSWJZDW	DSW	retailmenot.com	HTTPS://WWW.RETAILMENOT.COM/VIEW/DSW.COM
DSWJZDW	DSW	retailmenot.com	HTTPS://WWW.RETAILMENOT.COM/VIEW/DSW.COM
DTLPTYLIMITED	LTDCOMMODITIES	retailmenot.com	HTTPS://WWW.RETAILMENOT.COM/VIEW/LTDCOMMODITIES.COM
DUERER	SHOPDUER	retailmenot.com	HTTPS://WWW.RETAILMENOT.COM/VIEW/SHOPDUER.COM
DUHENY	DOHENY	retailmenot.com	HTTPS://WWW.RETAILMENOT.COM/VIEW/DOHENY.COM
DULLESGLASSANDMIRROR	DULLESGLASSANDMIRROR	retailmenot.com	HTTPS://WWW.RETAILMENOT.COM/VIEW/DULLESGLASSANDMIRROR.COM
DULLROUT	DULUTHTRADING	retailmenot.com	HTTPS://WWW.RETAILMENOT.COM/VIEW/DULUTHTRADING.COM
DULUTH	DULUTHTRADING	retailmenot.com	HTTPS://WWW.RETAILMENOT.COM/VIEW/DULUTHTRADING.COM
DVORZUBE	DVOR	retailmenot.com	HTTPS://WWW.RETAILMENOT.COM/VIEW/DVOR.COM
DWHAIR	DWHOME	retailmenot.com	HTTPS://WWW.RETAILMENOT.COM/VIEW/DWHOME.COM
DWHOMEDECOWARE	DWHOME	retailmenot.com	HTTPS://WWW.RETAILMENOT.COM/VIEW/DWHOME.COM
DWHOMEDECOWARE	DWHOME	retailmenot.com	HTTPS://WWW.RETAILMENOT.COM/VIEW/DWHOME.COM
DWLLZAHOM	DWHOME	retailmenot.com	HTTPS://WWW.RETAILMENOT.COM/VIEW/DWHOME.COM
DWLLZAHOM	DWHOME	retailmenot.com	HTTPS://WWW.RETAILMENOT.COM/VIEW/DWHOME.COM
DYLANSCANDYBAR	DYLANSCANDYBAR	retailmenot.com	HTTPS://WWW.RETAILMENOT.COM/VIEW/DYLANSCANDYBAR.COM
DYLANSCANDYBAR	DYLANSCANDYBAR	retailmenot.com	HTTPS://WWW.RETAILMENOT.COM/VIEW/DYLANSCANDYBAR.COM
DYNAMICFRAMES	DYNAMICFRAMES	retailmenot.com	HTTPS://WWW.RETAILMENOT.COM/VIEW/DYNAMICFRAMES.COM
DYPER	DYPER	retailmenot.com	HTTPS://WWW.RETAILMENOT.COM/VIEW/DYPER.COM
DZXLLL	DXL	retailmenot.com	HTTPS://WWW.RETAILMENOT.COM/VIEW/DXL.COM
DZXLLL	DXL	retailmenot.com	HTTPS://WWW.RETAILMENOT.COM/VIEW/DXL.COM
EAADVANCE	SHOP	retailmenot.com	HTTPS://WWW.RETAILMENOT.COM/VIEW/SHOP.ADVANCEAUTOPARTS.COM
EACHAVE	EACHANDEVERY	retailmenot.com	HTTPS://WWW.RETAILMENOT.COM/VIEW/EACHANDEVERY.COM
EACHAVE	EACHANDEVERY	retailmenot.com	HTTPS://WWW.RETAILMENOT.COM/VIEW/EACHANDEVERY.COM
EACHEVERY	EACHANDEVERY	retailmenot.com	HTTPS://WWW.RETAILMENOT.COM/VIEW/EACHANDEVERY.COM
EARTHEASY	EARTHEASY	retailmenot.com	HTTPS://WWW.RETAILMENOT.COM/VIEW/EARTHEASY.COM
EASE2UE	EASEUS	retailmenot.com	HTTPS://WWW.RETAILMENOT.COM/VIEW/EASEUS.COM
EASE2UE	EASEUS	retailmenot.com	HTTPS://WWW.RETAILMENOT.COM/VIEW/EASEUS.COM
EASEVER	EASEUS	retailmenot.com	HTTPS://WWW.RETAILMENOT.COM/VIEW/EASEUS.COM
EASYCANVASPRINTS	EASYCANVASPRINTS	retailmenot.com	HTTPS://WWW.RETAILMENOT.COM/VIEW/EASYCANVASPRINTS.COM
EASYSKINZ	EASYSKINZ	retailmenot.com	HTTPS://WWW.RETAILMENOT.COM/VIEW/EASYSKINZ.COM
EATMEGUILTFREE	EAEGUILTFREE	retailmenot.com	HTTPS://WWW.RETAILMENOT.COM/VIEW/EATMEGUILTFREE.COM
EAZYPZ	EZPZFUN	retailmenot.com	HTTPS://WWW.RETAILMENOT.COM/VIEW/EZPZFUN.COM
EAZYPZ	EZPZFUN	retailmenot.com	HTTPS://WWW.RETAILMENOT.COM/VIEW/EZPZFUN.COM
EBURGGOODS	EBURGESS	retailmenot.com	HTTPS://WWW.RETAILMENOT.COM/VIEW/EBURGESS.COM
EBURGGOODS	BRECKS	retailmenot.com	HTTPS://WWW.RETAILMENOT.COM/VIEW/BRECKS.COM
ECARPETGALLERY	ECARPETGALLERY	retailmenot.com	HTTPS://WWW.RETAILMENOT.COM/VIEW/ECARPETGALLERY.COM
ECHPZED	EZPZFUN	retailmenot.com	HTTPS://WWW.RETAILMENOT.COM/VIEW/EZPZFUN.COM
ECHPZED	EZPZFUN	retailmenot.com	HTTPS://WWW.RETAILMENOT.COM/VIEW/EZPZFUN.COM
ECOKINDPETTREATS	ECOKINDPETTREATS	retailmenot.com	HTTPS://WWW.RETAILMENOT.COM/VIEW/ECOKINDPETTREATS.COM
ECONOLIGHT	ECONOLIGHT	retailmenot.com	HTTPS://WWW.RETAILMENOT.COM/VIEW/E-CONOLIGHT.COM
ECONOLIGHT	ECONOLIGHT	retailmenot.com	HTTPS://WWW.RETAILMENOT.COM/VIEW/E-CONOLIGHT.COM
EDENBROTHERS	EDENBROTHERS	retailmenot.com	HTTPS://WWW.RETAILMENOT.COM/VIEW/EDENBROTHERS.COM
EDENBROTHERS	EDENBROTHERS	retailmenot.com	HTTPS://WWW.RETAILMENOT.COM/VIEW/EDENBROTHERS.COM
EDENSGARDEN	EDENSGARDEN	retailmenot.com	HTTPS://WWW.RETAILMENOT.COM/VIEW/EDENSGARDEN.COM
EDENSGARDEN	EDENSGARDEN	retailmenot.com	HTTPS://WWW.RETAILMENOT.COM/VIEW/EDENSGARDEN.COM
EDIBLEARRANGEMENTS	EDIBLEARRANGEMENTS	retailmenot.com	HTTPS://WWW.RETAILMENOT.COM/VIEW/EDIBLEARRANGEMENTS.COM
EDITORSKEYS	EDITORSKEYS	retailmenot.com	HTTPS://WWW.RETAILMENOT.COM/VIEW/EDITORSKEYS.COM
EDUCATIONALINSIGHTS	EDUCATIONALINSIGHTS	retailmenot.com	HTTPS://WWW.RETAILMENOT.COM/VIEW/EDUCATIONALINSIGHTS.COM
EFAVORMART	EFAVORMART	retailmenot.com	HTTPS://WWW.RETAILMENOT.COM/VIEW/EFAVORMART.COM
EFAVORMART	EFAVORMART	retailmenot.com	HTTPS://WWW.RETAILMENOT.COM/VIEW/EFAVORMART.COM
EFAVORMARTCOM	EFAVORMART	retailmenot.com	HTTPS://WWW.RETAILMENOT.COM/VIEW/EFAVORMART.COM
EINMICHAEL	MICHAELS	retailmenot.com	HTTPS://WWW.RETAILMENOT.COM/VIEW/MICHAELS.COM
ELECTRICCALIFORNIA	ELECTRICCALIFORNIA	retailmenot.com	HTTPS://WWW.RETAILMENOT.COM/VIEW/ELECTRICCALIFORNIA.COM
ELECTROTHREADS	ELECTROTHREADS	retailmenot.com	HTTPS://WWW.RETAILMENOT.COM/VIEW/ELECTROTHREADS.COM
ELEGANTBABY	ELEGANTBABY	retailmenot.com	HTTPS://WWW.RETAILMENOT.COM/VIEW/ELEGANTBABY.COM
ELICOLTD	ELOQUII	retailmenot.com	HTTPS://WWW.RETAILMENOT.COM/VIEW/ELOQUII.COM
ELITESPORTS	ELITESPORTS	retailmenot.com	HTTPS://WWW.RETAILMENOT.COM/VIEW/ELITESPORTS.COM
ELITESPORTS	ELITESPORTS	retailmenot.com	HTTPS://WWW.RETAILMENOT.COM/VIEW/ELITESPORTS.COM
ELLALLO	ELLAOLA	retailmenot.com	HTTPS://WWW.RETAILMENOT.COM/VIEW/ELLAOLA.COM
ELLALLO	ELLAOLA	retailmenot.com	HTTPS://WWW.RETAILMENOT.COM/VIEW/ELLAOLA.COM
ELOTUGOOL	ELEGOO	retailmenot.com	HTTPS://WWW.RETAILMENOT.COM/VIEW/ELEGOO.COM
ELSPET	ELSPET	retailmenot.com	HTTPS://WWW.RETAILMENOT.COM/VIEW/ELSPET.COM
EMCSPORTS	EMCSPORTS	retailmenot.com	HTTPS://WWW.RETAILMENOT.COM/VIEW/EMCSPORTS.COM
EMCSPORTS	EMS	retailmenot.com	HTTPS://WWW.RETAILMENOT.COM/VIEW/EMS.COM
EMEDCO	EMEDCO	retailmenot.com	HTTPS://WWW.RETAILMENOT.COM/VIEW/EMEDCO.COM
EMEDCO	EMEDCO	retailmenot.com	HTTPS://WWW.RETAILMENOT.COM/VIEW/EMEDCO.COM
EMERGENCYESSENTIALS	BEPREPARED	retailmenot.com	HTTPS://WWW.RETAILMENOT.COM/VIEW/BEPREPARED.COM
EMERGENCYESSENTIALS	BEPREPARED	retailmenot.com	HTTPS://WWW.RETAILMENOT.COM/VIEW/BEPREPARED.COM
EMILYDEALS	EMILYLEY	retailmenot.com	HTTPS://WWW.RETAILMENOT.COM/VIEW/EMILYLEY.COM
EMPIRECOVERS	EMPIRECOVERS	retailmenot.com	HTTPS://WWW.RETAILMENOT.COM/VIEW/EMPIRECOVERS.COM
EMPIREPATIO	EMPIREPATIO	retailmenot.com	HTTPS://WWW.RETAILMENOT.COM/VIEW/EMPIREPATIO.COM
ENJOYBETTERCOFFEE	ENJOYBETTERCOFFEE	retailmenot.com	HTTPS://WWW.RETAILMENOT.COM/VIEW/ENJOYBETTERCOFFEE.COM
ENJOYNATIVE	NATIVECOS	retailmenot.com	HTTPS://WWW.RETAILMENOT.COM/VIEW/NATIVECOS.COM
ENJOYTHEWOOD	ENJOYTHEWOOD	retailmenot.com	HTTPS://WWW.RETAILMENOT.COM/VIEW/ENJOYTHEWOOD.COM
ENJOYTHEWOOD	ENJOYTHEWOOD	retailmenot.com	HTTPS://WWW.RETAILMENOT.COM/VIEW/ENJOYTHEWOOD.COM
ENTERTAINMENTEARTH	ENTERTAINMENTEARTH	retailmenot.com	HTTPS://WWW.RETAILMENOT.COM/VIEW/ENTERTAINMENTEARTH.COM
EPICWATER	EPICWATERFILTERS	retailmenot.com	HTTPS://WWW.RETAILMENOT.COM/VIEW/EPICWATERFILTERS.COM
EQUILIFE	EQUI	retailmenot.com	HTTPS://WWW.RETAILMENOT.COM/VIEW/EQUI.LIFE
EQUILIFE	EQUI	retailmenot.com	HTTPS://WWW.RETAILMENOT.COM/VIEW/EQUI.LIFE
ESCADILUCE	ESCAPOLOGY	retailmenot.com	HTTPS://WWW.RETAILMENOT.COM/VIEW/ESCAPOLOGY.COM
ESLETO	ESET	retailmenot.com	HTTPS://WWW.RETAILMENOT.COM/VIEW/ESET.COM
ESPECIALLY	ESPECIALLYYOURS	retailmenot.com	HTTPS://WWW.RETAILMENOT.COM/VIEW/ESPECIALLYYOURS.COM
ESPECIALLY	ESPECIALLYYOURS	retailmenot.com	HTTPS://WWW.RETAILMENOT.COM/VIEW/ESPECIALLYYOURS.COM
ESPECIALLYFORYOU	ESPECIALLYYOURS	retailmenot.com	HTTPS://WWW.RETAILMENOT.COM/VIEW/ESPECIALLYYOURS.COM
ESR7GEARS	ESRGEAR	retailmenot.com	HTTPS://WWW.RETAILMENOT.COM/VIEW/ESRGEAR.COM
ESSENTIALDEPOT	ESSENTIALDEPOT	retailmenot.com	HTTPS://WWW.RETAILMENOT.COM/VIEW/ESSENTIALDEPOT.COM
ESSENTIALDEPOT	ESSENTIALDEPOT	retailmenot.com	HTTPS://WWW.RETAILMENOT.COM/VIEW/ESSENTIALDEPOT.COM
ETEPONE	ETONSHIRTS	retailmenot.com	HTTPS://WWW.RETAILMENOT.COM/VIEW/ETONSHIRTS.COM
ETERNITYMODERN	ETERNITYMODERN	retailmenot.com	HTTPS://WWW.RETAILMENOT.COM/VIEW/ETERNITYMODERN.COM
ETERNITYMODERN	ETERNITYMODERN	retailmenot.com	HTTPS://WWW.RETAILMENOT.COM/VIEW/ETERNITYMODERN.COM
ETHELSHOMEGOODS	ETHELM	retailmenot.com	HTTPS://WWW.RETAILMENOT.COM/VIEW/ETHELM.COM
ETHELSHOMEGOODS	ETHELM	retailmenot.com	HTTPS://WWW.RETAILMENOT.COM/VIEW/ETHELM.COM
ETIFIKON	ETHIKA	retailmenot.com	HTTPS://WWW.RETAILMENOT.COM/VIEW/ETHIKA.COM
ETSAKULA	ETHIKA	retailmenot.com	HTTPS://WWW.RETAILMENOT.COM/VIEW/ETHIKA.COM
ETSAKULA	ETHIKA	retailmenot.com	HTTPS://WWW.RETAILMENOT.COM/VIEW/ETHIKA.COM
EUEHIE	EYEBUYDIRECT	retailmenot.com	HTTPS://WWW.RETAILMENOT.COM/VIEW/EYEBUYDIRECT.COM
EVENFLOCO	EVENFLO	retailmenot.com	HTTPS://WWW.RETAILMENOT.COM/VIEW/EVENFLO.COM
EVENFLOCO	EVENFLO	retailmenot.com	HTTPS://WWW.RETAILMENOT.COM/VIEW/EVENFLO.COM
EVENFLOGOLO	EVENFLO	retailmenot.com	HTTPS://WWW.RETAILMENOT.COM/VIEW/EVENFLO.COM
EVENFLOSTORE	EVENFLO	retailmenot.com	HTTPS://WWW.RETAILMENOT.COM/VIEW/EVENFLO.COM
EVENTDECORDIRECT	EVENTDECORDIRECT	retailmenot.com	HTTPS://WWW.RETAILMENOT.COM/VIEW/EVENTDECORDIRECT.COM
EVENTDECORDIRECT	EVENTDECORDIRECT	retailmenot.com	HTTPS://WWW.RETAILMENOT.COM/VIEW/EVENTDECORDIRECT.COM
EVERE	EVEREVE	retailmenot.com	HTTPS://WWW.RETAILMENOT.COM/VIEW/EVEREVE.COM
EVERE	EVEREVE	retailmenot.com	HTTPS://WWW.RETAILMENOT.COM/VIEW/EVEREVE.COM
EVERWASH	EVERWASH	retailmenot.com	HTTPS://WWW.RETAILMENOT.COM/VIEW/EVERWASH.COM
EVERWASH	EVERWASH	retailmenot.com	HTTPS://WWW.RETAILMENOT.COM/VIEW/EVERWASH.COM
EVERYDECOED	EACHANDEVERY	retailmenot.com	HTTPS://WWW.RETAILMENOT.COM/VIEW/EACHANDEVERY.COM
EVERYDECOED	EACHANDEVERY	retailmenot.com	HTTPS://WWW.RETAILMENOT.COM/VIEW/EACHANDEVERY.COM
EVERYLOFT	LOFT	retailmenot.com	HTTPS://WWW.RETAILMENOT.COM/VIEW/LOFT.COM
EVERYTHINGSUMMERCAMP	EVERYTHINGSUMMERCAMP	retailmenot.com	HTTPS://WWW.RETAILMENOT.COM/VIEW/EVERYTHINGSUMMERCAMP.COM
EVERYWHERECHAIR	EVERYWHERECHAIR	retailmenot.com	HTTPS://WWW.RETAILMENOT.COM/VIEW/EVERYWHERECHAIR.COM
EVIKE	EVIKE	retailmenot.com	HTTPS://WWW.RETAILMENOT.COM/VIEW/EVIKE.COM
EVIKE	EVIKE	retailmenot.com	HTTPS://WWW.RETAILMENOT.COM/VIEW/EVIKE.COM
EVOSUMMER	EVO	retailmenot.com	HTTPS://WWW.RETAILMENOT.COM/VIEW/EVO.COM
EXECUTIVEDEALS	THEEXECUTIVEADVERTISING	retailmenot.com	HTTPS://WWW.RETAILMENOT.COM/VIEW/THEEXECUTIVEADVERTISING.COM
EXECUTIVEDEALS	THEEXECUTIVEADVERTISING	retailmenot.com	HTTPS://WWW.RETAILMENOT.COM/VIEW/THEEXECUTIVEADVERTISING.COM
EXOTICNUTRITION	EXOTICNUTRITION	retailmenot.com	HTTPS://WWW.RETAILMENOT.COM/VIEW/EXOTICNUTRITION.COM
EXOTICNUTRITION	EXOTICNUTRITION	retailmenot.com	HTTPS://WWW.RETAILMENOT.COM/VIEW/EXOTICNUTRITION.COM
EXPRESSINGLYHUBERT	EXPRESSIONSCATALOG	retailmenot.com	HTTPS://WWW.RETAILMENOT.COM/VIEW/EXPRESSIONSCATALOG.COM
EXPRESSION	EXPRESSIONSCATALOG	retailmenot.com	HTTPS://WWW.RETAILMENOT.COM/VIEW/EXPRESSIONSCATALOG.COM
EXPRESSIONS	EXPRESSIONSCATALOG	retailmenot.com	HTTPS://WWW.RETAILMENOT.COM/VIEW/EXPRESSIONSCATALOG.COM
EXPRESSIONS	EXPRESSIONSCATALOG	retailmenot.com	HTTPS://WWW.RETAILMENOT.COM/VIEW/EXPRESSIONSCATALOG.COM
EXPRESSIONSVINYL	EXPRESSIONSVINYL	retailmenot.com	HTTPS://WWW.RETAILMENOT.COM/VIEW/EXPRESSIONSVINYL.COM
EXPRESSIONSVINYL	EXPRESSIONSVINYL	retailmenot.com	HTTPS://WWW.RETAILMENOT.COM/VIEW/EXPRESSIONSVINYL.COM
EXPRESSKASDEALS	EXPRESS	retailmenot.com	HTTPS://WWW.RETAILMENOT.COM/VIEW/EXPRESS.COM
EXPRESSKASDEALS	EXPRESS	retailmenot.com	HTTPS://WWW.RETAILMENOT.COM/VIEW/EXPRESS.COM
EXPRESSWATER	EXPRESSWATER	retailmenot.com	HTTPS://WWW.RETAILMENOT.COM/VIEW/EXPRESSWATER.COM
EYESONIC	EYECONIC	retailmenot.com	HTTPS://WWW.RETAILMENOT.COM/VIEW/EYECONIC.COM
EYESONIC	EYECONIC	retailmenot.com	HTTPS://WWW.RETAILMENOT.COM/VIEW/EYECONIC.COM
EZBREZZYKITES	EZPZFUN	retailmenot.com	HTTPS://WWW.RETAILMENOT.COM/VIEW/EZPZFUN.COM
EZBREZZYKITES	EZPZFUN	retailmenot.com	HTTPS://WWW.RETAILMENOT.COM/VIEW/EZPZFUN.COM
EZPETZ	EZPZFUN	retailmenot.com	HTTPS://WWW.RETAILMENOT.COM/VIEW/EZPZFUN.COM
EZPZ	EZPZFUN	retailmenot.com	HTTPS://WWW.RETAILMENOT.COM/VIEW/EZPZFUN.COM
EZPZBUY	EZPZFUN	retailmenot.com	HTTPS://WWW.RETAILMENOT.COM/VIEW/EZPZFUN.COM
EZPZBUY	EZPZFUN	retailmenot.com	HTTPS://WWW.RETAILMENOT.COM/VIEW/EZPZFUN.COM
FABKIDS	FABKIDS	retailmenot.com	HTTPS://WWW.RETAILMENOT.COM/VIEW/FABKIDS.COM
FACTORYDIRECTCRAFT	FACTORYDIRECTCRAFT	retailmenot.com	HTTPS://WWW.RETAILMENOT.COM/VIEW/FACTORYDIRECTCRAFT.COM
FACTORYDIRECTCRAFT	FACTORYDIRECTCRAFT	retailmenot.com	HTTPS://WWW.RETAILMENOT.COM/VIEW/FACTORYDIRECTCRAFT.COM
FAHERTY	FAHERTYBRAND	retailmenot.com	HTTPS://WWW.RETAILMENOT.COM/VIEW/FAHERTYBRAND.COM
FALICOLI	FAZOLIS	retailmenot.com	HTTPS://WWW.RETAILMENOT.COM/VIEW/FAZOLIS.COM
FALICOLI	FAZOLIS	retailmenot.com	HTTPS://WWW.RETAILMENOT.COM/VIEW/FAZOLIS.COM
FANATAO	FANATICS	retailmenot.com	HTTPS://WWW.RETAILMENOT.COM/VIEW/FANATICS.COM
FANCII	FANCII	retailmenot.com	HTTPS://WWW.RETAILMENOT.COM/VIEW/FANCII.COM
FANCII	FANCII	retailmenot.com	HTTPS://WWW.RETAILMENOT.COM/VIEW/FANCII.COM
FANCYARN	FANCYARNFURNITURE	retailmenot.com	HTTPS://WWW.RETAILMENOT.COM/VIEW/FANCYARNFURNITURE.COM
FANSEDGE	FANSEDGE	retailmenot.com	HTTPS://WWW.RETAILMENOT.COM/VIEW/FANSEDGE.COM
FANSEDGE	FANSEDGE	retailmenot.com	HTTPS://WWW.RETAILMENOT.COM/VIEW/FANSEDGE.COM
FARCADY	FARFETCH	retailmenot.com	HTTPS://WWW.RETAILMENOT.COM/VIEW/FARFETCH.COM
FARUIFETT	FARFETCH	retailmenot.com	HTTPS://WWW.RETAILMENOT.COM/VIEW/FARFETCH.COM
FASGREATMAKEYOUACTIVE	ACTIVATEDYOU	retailmenot.com	HTTPS://WWW.RETAILMENOT.COM/VIEW/ACTIVATEDYOU.COM
FASGREATMAKEYOUACTIVE	ACTIVATEDYOU	retailmenot.com	HTTPS://WWW.RETAILMENOT.COM/VIEW/ACTIVATEDYOU.COM
FASHIONFABRICSCLUB	FASHIONFABRICSCLUB	retailmenot.com	HTTPS://WWW.RETAILMENOT.COM/VIEW/FASHIONFABRICSCLUB.COM
FASTRUGGLE	RUGGABLE	retailmenot.com	HTTPS://WWW.RETAILMENOT.COM/VIEW/RUGGABLE.COM
FAUCETDIRECT	FAUCETDIRECT	retailmenot.com	HTTPS://WWW.RETAILMENOT.COM/VIEW/FAUCETDIRECT.COM
FAUCETDIRECT	FAUCETDIRECT	retailmenot.com	HTTPS://WWW.RETAILMENOT.COM/VIEW/FAUCETDIRECT.COM
FAVORLEO	FAVORDELIVERY	retailmenot.com	HTTPS://WWW.RETAILMENOT.COM/VIEW/FAVORDELIVERY.COM
FAVORLEO	FAVORDELIVERY	retailmenot.com	HTTPS://WWW.RETAILMENOT.COM/VIEW/FAVORDELIVERY.COM
FAVORWE	FAVORDELIVERY	retailmenot.com	HTTPS://WWW.RETAILMENOT.COM/VIEW/FAVORDELIVERY.COM
FAWNDESIGN	FAWNDESIGN	retailmenot.com	HTTPS://WWW.RETAILMENOT.COM/VIEW/FAWNDESIGN.COM
FDTENJOY	FTD	retailmenot.com	HTTPS://WWW.RETAILMENOT.COM/VIEW/FTD.COM
FEEYE	FYE	retailmenot.com	HTTPS://WWW.RETAILMENOT.COM/VIEW/FYE.COM
FEEYE	FYE	retailmenot.com	HTTPS://WWW.RETAILMENOT.COM/VIEW/FYE.COM
FEFELIGHTUP	FEVERUP	retailmenot.com	HTTPS://WWW.RETAILMENOT.COM/VIEW/FEVERUP.COM
FERIDIES	FERIDIES	retailmenot.com	HTTPS://WWW.RETAILMENOT.COM/VIEW/FERIDIES.COM
FERIDIES	FERIDIES	retailmenot.com	HTTPS://WWW.RETAILMENOT.COM/VIEW/FERIDIES.COM
FGFKHALLOWEENCOSTUMESBYHCFS	HALLOWEENCOSTUMES	retailmenot.com	HTTPS://WWW.RETAILMENOT.COM/VIEW/HALLOWEENCOSTUMES.COM
FGFKHALLOWEENCOSTUMESBYHCFS	HALLOWEENCOSTUMES	retailmenot.com	HTTPS://WWW.RETAILMENOT.COM/VIEW/HALLOWEENCOSTUMES.COM
FIESTAFACTORYDIRECT	FIESTAFACTORYDIRECT	retailmenot.com	HTTPS://WWW.RETAILMENOT.COM/VIEW/FIESTAFACTORYDIRECT.COM
FIESTAFACTORYDIRECT	FIESTAFACTORYDIRECT	retailmenot.com	HTTPS://WWW.RETAILMENOT.COM/VIEW/FIESTAFACTORYDIRECT.COM
FIGOPAGE	WEARFIGS	retailmenot.com	HTTPS://WWW.RETAILMENOT.COM/VIEW/WEARFIGS.COM
FINFUN	FINFUNMERMAID	retailmenot.com	HTTPS://WWW.RETAILMENOT.COM/VIEW/FINFUNMERMAID.COM
FINISHLINE	FINISHLINE	retailmenot.com	HTTPS://WWW.RETAILMENOT.COM/VIEW/FINISHLINE.COM
FINISHLINE	FINISHLINE	retailmenot.com	HTTPS://WWW.RETAILMENOT.COM/VIEW/FINISHLINE.COM
FIREMOUNTAIN	FIREMOUNTAINGEMS	retailmenot.com	HTTPS://WWW.RETAILMENOT.COM/VIEW/FIREMOUNTAINGEMS.COM
FIREMOUNTAIN	FIREMOUNTAINGEMS	retailmenot.com	HTTPS://WWW.RETAILMENOT.COM/VIEW/FIREMOUNTAINGEMS.COM
FIRMOO	FIRMOO	retailmenot.com	HTTPS://WWW.RETAILMENOT.COM/VIEW/FIRMOO.COM
FIRMOO	FIRMOO	retailmenot.com	HTTPS://WWW.RETAILMENOT.COM/VIEW/FIRMOO.COM
FIRSTWATCHCO	FIRSTWATCH	retailmenot.com	HTTPS://WWW.RETAILMENOT.COM/VIEW/FIRSTWATCH.COM
FIRSTWATCHCO	FIRSTWATCH	retailmenot.com	HTTPS://WWW.RETAILMENOT.COM/VIEW/FIRSTWATCH.COM
FIRSTYEARS	MY1STYEARS	retailmenot.com	HTTPS://WWW.RETAILMENOT.COM/VIEW/MY1STYEARS.COM
FIVEBELOW	FIVEBELOW	retailmenot.com	HTTPS://WWW.RETAILMENOT.COM/VIEW/FIVEBELOW.COM
FIVEDEALS	FIVEBELOW	retailmenot.com	HTTPS://WWW.RETAILMENOT.COM/VIEW/FIVEBELOW.COM
FIVEGOES	FIVEGUYS	retailmenot.com	HTTPS://WWW.RETAILMENOT.COM/VIEW/FIVEGUYS.COM
FJBICODA	FIOBOC	retailmenot.com	HTTPS://WWW.RETAILMENOT.COM/VIEW/FIOBOC.COM
FLAGCONNECTIONS	FLAGSCONNECTIONS	retailmenot.com	HTTPS://WWW.RETAILMENOT.COM/VIEW/FLAGSCONNECTIONS.COM
FLAGCONNECTIONS	FLAGSCONNECTIONS	retailmenot.com	HTTPS://WWW.RETAILMENOT.COM/VIEW/FLAGSCONNECTIONS.COM
FLAGSCONNECTIONS	FLAGSCONNECTIONS	retailmenot.com	HTTPS://WWW.RETAILMENOT.COM/VIEW/FLAGSCONNECTIONS.COM
FLAGSCONNECTIONS	FLAGSCONNECTIONS	retailmenot.com	HTTPS://WWW.RETAILMENOT.COM/VIEW/FLAGSCONNECTIONS.COM
FLASHARK	FLASHARKRACING	retailmenot.com	HTTPS://WWW.RETAILMENOT.COM/VIEW/FLASHARKRACING.COM
FLASHARK	FLASHARKRACING	retailmenot.com	HTTPS://WWW.RETAILMENOT.COM/VIEW/FLASHARKRACING.COM
FLAVORGOD	FLAVORGOD	retailmenot.com	HTTPS://WWW.RETAILMENOT.COM/VIEW/FLAVORGOD.COM
FLEECYDAY	YOURFLEECE	retailmenot.com	HTTPS://WWW.RETAILMENOT.COM/VIEW/YOURFLEECE.COM
FLEMINGSALE	FLEMINGSSTEAKHOUSE	retailmenot.com	HTTPS://WWW.RETAILMENOT.COM/VIEW/FLEMINGSSTEAKHOUSE.COM
FLEMINGSALES	FLEMINGSSTEAKHOUSE	retailmenot.com	HTTPS://WWW.RETAILMENOT.COM/VIEW/FLEMINGSSTEAKHOUSE.COM
FLEXIMOUNT	FLEXIMOUNTS	retailmenot.com	HTTPS://WWW.RETAILMENOT.COM/VIEW/FLEXIMOUNTS.COM
FLEXIMOUNT	FLEXIMOUNTS	retailmenot.com	HTTPS://WWW.RETAILMENOT.COM/VIEW/FLEXIMOUNTS.COM
FLFULON	GOFLAUS	retailmenot.com	HTTPS://WWW.RETAILMENOT.COM/VIEW/GOFLAUS.COM
FLORENCEBYMILLS	FLORENCEBYMILLS	retailmenot.com	HTTPS://WWW.RETAILMENOT.COM/VIEW/FLORENCEBYMILLS.COM
FLZOAVEUS	GOFLAUS	retailmenot.com	HTTPS://WWW.RETAILMENOT.COM/VIEW/GOFLAUS.COM
FOCCO	FOCO	retailmenot.com	HTTPS://WWW.RETAILMENOT.COM/VIEW/FOCO.COM
FOCCO	FOCO	retailmenot.com	HTTPS://WWW.RETAILMENOT.COM/VIEW/FOCO.COM
FOCO	FOCO	retailmenot.com	HTTPS://WWW.RETAILMENOT.COM/VIEW/FOCO.COM
FOCO	FOCO	retailmenot.com	HTTPS://WWW.RETAILMENOT.COM/VIEW/FOCO.COM
FOCUSCAMERA	FOCUSCAMERA	retailmenot.com	HTTPS://WWW.RETAILMENOT.COM/VIEW/FOCUSCAMERA.COM
FOCUSSOMEI	FOCUSCAMERA	retailmenot.com	HTTPS://WWW.RETAILMENOT.COM/VIEW/FOCUSCAMERA.COM
FOCUSSOMEI	FOCUSCAMERA	retailmenot.com	HTTPS://WWW.RETAILMENOT.COM/VIEW/FOCUSCAMERA.COM
FOMLILY	MODLILY	retailmenot.com	HTTPS://WWW.RETAILMENOT.COM/VIEW/MODLILY.COM
FONDLOVE	FONDLOVE	retailmenot.com	HTTPS://WWW.RETAILMENOT.COM/VIEW/FONDLOVE.COM
FOOD52	FOOD52	retailmenot.com	HTTPS://WWW.RETAILMENOT.COM/VIEW/FOOD52.COM
FOOD52	FOOD52	retailmenot.com	HTTPS://WWW.RETAILMENOT.COM/VIEW/FOOD52.COM
FORCEFLYERS	FORCEFLYERS	retailmenot.com	HTTPS://WWW.RETAILMENOT.COM/VIEW/FORCEFLYERS.COM
FORCHIC	FORCHICS	retailmenot.com	HTTPS://WWW.RETAILMENOT.COM/VIEW/FORCHICS.COM
FOREVER20	FOREVER21	retailmenot.com	HTTPS://WWW.RETAILMENOT.COM/VIEW/FOREVER21.COM
FOREVER21	FOREVER21	retailmenot.com	HTTPS://WWW.RETAILMENOT.COM/VIEW/FOREVER21.COM
FOREVERBAMBOO	FOREVERBAMBOO	retailmenot.com	HTTPS://WWW.RETAILMENOT.COM/VIEW/FOREVERBAMBOO.COM
FOREVERFANATICS	FANATICS	retailmenot.com	HTTPS://WWW.RETAILMENOT.COM/VIEW/FANATICS.COM
FOREVERLANE	FOREVER21	retailmenot.com	HTTPS://WWW.RETAILMENOT.COM/VIEW/FOREVER21.COM
FOREVERLANE	FOREVER21	retailmenot.com	HTTPS://WWW.RETAILMENOT.COM/VIEW/FOREVER21.COM
FORPLAY	FORPLAYCATALOG	retailmenot.com	HTTPS://WWW.RETAILMENOT.COM/VIEW/FORPLAYCATALOG.COM
FORQOQO	FOCO	retailmenot.com	HTTPS://WWW.RETAILMENOT.COM/VIEW/FOCO.COM
FORQOQO	FOREO	retailmenot.com	HTTPS://WWW.RETAILMENOT.COM/VIEW/FOREO.COM
FRAGRANTJEWELS	FRAGRANTJEWELS	retailmenot.com	HTTPS://WWW.RETAILMENOT.COM/VIEW/FRAGRANTJEWELS.COM
FRAGRANTJEWELS	FRAGRANTJEWELS	retailmenot.com	HTTPS://WWW.RETAILMENOT.COM/VIEW/FRAGRANTJEWELS.COM
FRAMEITEASY	FRAMEITEASY	retailmenot.com	HTTPS://WWW.RETAILMENOT.COM/VIEW/FRAMEITEASY.COM
FRAMENOTIONS	FRAMESTORE	retailmenot.com	HTTPS://WWW.RETAILMENOT.COM/VIEW/FRAME-STORE.COM
FRAMENOTIONS	FRAMESTORE	retailmenot.com	HTTPS://WWW.RETAILMENOT.COM/VIEW/FRAME-STORE.COM
FRANCESCA	FRANCESCAS	retailmenot.com	HTTPS://WWW.RETAILMENOT.COM/VIEW/FRANCESCAS.COM
FRANCESCA	FRANCESCAS	retailmenot.com	HTTPS://WWW.RETAILMENOT.COM/VIEW/FRANCESCAS.COM
FREDDYS	FREDDYS	retailmenot.com	HTTPS://WWW.RETAILMENOT.COM/VIEW/FREDDYS.COM
FREDDYS	FREDDYS	retailmenot.com	HTTPS://WWW.RETAILMENOT.COM/VIEW/FREDDYS.COM
FREECOUNTRY	FREECOUNTRY	retailmenot.com	HTTPS://WWW.RETAILMENOT.COM/VIEW/FREECOUNTRY.COM
FREESUNDAY	SUNDAYAFTERNOONS	retailmenot.com	HTTPS://WWW.RETAILMENOT.COM/VIEW/SUNDAYAFTERNOONS.COM
FREESUNDAY	SUNDAYAFTERNOONS	retailmenot.com	HTTPS://WWW.RETAILMENOT.COM/VIEW/SUNDAYAFTERNOONS.COM
FREESUNDAY	GETSUNDAY	retailmenot.com	HTTPS://WWW.RETAILMENOT.COM/VIEW/GETSUNDAY.COM
FRESHCLEAN	FRESHCLEANTEES	retailmenot.com	HTTPS://WWW.RETAILMENOT.COM/VIEW/FRESHCLEANTEES.COM
FRESHCLEANTHREADS	FRESHCLEANTEES	retailmenot.com	HTTPS://WWW.RETAILMENOT.COM/VIEW/FRESHCLEANTEES.COM
FRESHCLEANTHREADS	FRESHCLEANTEES	retailmenot.com	HTTPS://WWW.RETAILMENOT.COM/VIEW/FRESHCLEANTEES.COM
FRESHLYPICKED	FRESHLYPICKED	retailmenot.com	HTTPS://WWW.RETAILMENOT.COM/VIEW/FRESHLYPICKED.COM
FRESHNCLEAN	FRESHCLEANTEES	retailmenot.com	HTTPS://WWW.RETAILMENOT.COM/VIEW/FRESHCLEANTEES.COM
FRESHPATCH	FRESHPATCH	retailmenot.com	HTTPS://WWW.RETAILMENOT.COM/VIEW/FRESHPATCH.COM
FRIDAYDISCOUNT	TGIFRIDAYS	retailmenot.com	HTTPS://WWW.RETAILMENOT.COM/VIEW/TGIFRIDAYS.COM
FRIDAYDISCOUNT	SUMMERFRIDAYS	retailmenot.com	HTTPS://WWW.RETAILMENOT.COM/VIEW/SUMMERFRIDAYS.COM
FRIENDLYS	FRIENDLYS	retailmenot.com	HTTPS://WWW.RETAILMENOT.COM/VIEW/FRIENDLYS.COM
FRIENDLYS	FRIENDLYS	retailmenot.com	HTTPS://WWW.RETAILMENOT.COM/VIEW/FRIENDLYS.COM
FRIGIDAIREMAJORSPREPAID	FRIGIDAIRE	retailmenot.com	HTTPS://WWW.RETAILMENOT.COM/VIEW/FRIGIDAIRE.COM
FROMYOURFEED	THEFEED	retailmenot.com	HTTPS://WWW.RETAILMENOT.COM/VIEW/THEFEED.COM
FRONTGATE	FRONTGATE	retailmenot.com	HTTPS://WWW.RETAILMENOT.COM/VIEW/FRONTGATE.COM
FRWUYU	FROWNIES	retailmenot.com	HTTPS://WWW.RETAILMENOT.COM/VIEW/FROWNIES.COM
FSOEZSO	FSASTORE	retailmenot.com	HTTPS://WWW.RETAILMENOT.COM/VIEW/FSASTORE.COM
FSOEZSO	FSASTORE	retailmenot.com	HTTPS://WWW.RETAILMENOT.COM/VIEW/FSASTORE.COM
FSOEZSO	FOSTERGRANT	retailmenot.com	HTTPS://WWW.RETAILMENOT.COM/VIEW/FOSTERGRANT.COM
FULLY	FULLY	retailmenot.com	HTTPS://WWW.RETAILMENOT.COM/VIEW/FULLY.COM
FULLYY	FULLY	retailmenot.com	HTTPS://WWW.RETAILMENOT.COM/VIEW/FULLY.COM
FUNWATER	FUNWATERBOARD	retailmenot.com	HTTPS://WWW.RETAILMENOT.COM/VIEW/FUNWATERBOARD.COM
FUNWATER	FUNWATERBOARD	retailmenot.com	HTTPS://WWW.RETAILMENOT.COM/VIEW/FUNWATERBOARD.COM
FURHAVENO	FURHAVEN	retailmenot.com	HTTPS://WWW.RETAILMENOT.COM/VIEW/FURHAVEN.COM
FURHAVENPETPRODUCTS	FURHAVEN	retailmenot.com	HTTPS://WWW.RETAILMENOT.COM/VIEW/FURHAVEN.COM
FURNITURECART	FURNITURECART	retailmenot.com	HTTPS://WWW.RETAILMENOT.COM/VIEW/FURNITURECART.COM
FURNITURECART	FURNITURECART	retailmenot.com	HTTPS://WWW.RETAILMENOT.COM/VIEW/FURNITURECART.COM
FURTHERFOOD	FURTHERFOOD	retailmenot.com	HTTPS://WWW.RETAILMENOT.COM/VIEW/FURTHERFOOD.COM
FYE	FYE	retailmenot.com	HTTPS://WWW.RETAILMENOT.COM/VIEW/FYE.COM
FYE	FYE	retailmenot.com	HTTPS://WWW.RETAILMENOT.COM/VIEW/FYE.COM
FYIEAK	FYE	retailmenot.com	HTTPS://WWW.RETAILMENOT.COM/VIEW/FYE.COM
FYTOO	FYTOO	retailmenot.com	HTTPS://WWW.RETAILMENOT.COM/VIEW/FYTOO.COM
FYTOO	FYTOO	retailmenot.com	HTTPS://WWW.RETAILMENOT.COM/VIEW/FYTOO.COM
FYYH	FYE	retailmenot.com	HTTPS://WWW.RETAILMENOT.COM/VIEW/FYE.COM
GADGETGUARD	GADGETGUARD	retailmenot.com	HTTPS://WWW.RETAILMENOT.COM/VIEW/GADGETGUARD.COM
GADSDENANDCULPEPER	GADSDENANDCULPEPER	retailmenot.com	HTTPS://WWW.RETAILMENOT.COM/VIEW/GADSDENANDCULPEPER.COM
GALETON	GALETON	retailmenot.com	HTTPS://WWW.RETAILMENOT.COM/VIEW/GALETON.COM
GALISON	GALISON	retailmenot.com	HTTPS://WWW.RETAILMENOT.COM/VIEW/GALISON.COM
GALLAPLE	GALLS	retailmenot.com	HTTPS://WWW.RETAILMENOT.COM/VIEW/GALLS.COM
GALLAPLE	GALLS	retailmenot.com	HTTPS://WWW.RETAILMENOT.COM/VIEW/GALLS.COM
GALLCORE	GALLS	retailmenot.com	HTTPS://WWW.RETAILMENOT.COM/VIEW/GALLS.COM
GALLDEALS	GALLS	retailmenot.com	HTTPS://WWW.RETAILMENOT.COM/VIEW/GALLS.COM
GALLDEALS	GALLS	retailmenot.com	HTTPS://WWW.RETAILMENOT.COM/VIEW/GALLS.COM
GALLERYLEATHER	GALLERYLEATHER	retailmenot.com	HTTPS://WWW.RETAILMENOT.COM/VIEW/GALLERYLEATHER.COM
GALROSEDEZIGNS	GALLS	retailmenot.com	HTTPS://WWW.RETAILMENOT.COM/VIEW/GALLS.COM
GALROSEDEZIGNS	GALLS	retailmenot.com	HTTPS://WWW.RETAILMENOT.COM/VIEW/GALLS.COM
GAMETIME	GAMETIME	retailmenot.com	HTTPS://WWW.RETAILMENOT.COM/VIEW/GAMETIME.CO
GAPFACTORY	GAPFACTORY	retailmenot.com	HTTPS://WWW.RETAILMENOT.COM/VIEW/GAPFACTORY.COM
GAPFACTORY	GAPFACTORY	retailmenot.com	HTTPS://WWW.RETAILMENOT.COM/VIEW/GAPFACTORY.COM
GAPLSSLUBTEE	GAPFACTORY	retailmenot.com	HTTPS://WWW.RETAILMENOT.COM/VIEW/GAPFACTORY.COM
GARDENER365	GARDENERS	retailmenot.com	HTTPS://WWW.RETAILMENOT.COM/VIEW/GARDENERS.COM
GARDENERSSUPPLYCO	GARDENERS	retailmenot.com	HTTPS://WWW.RETAILMENOT.COM/VIEW/GARDENERS.COM
GARDY	MYGARDYN	retailmenot.com	HTTPS://WWW.RETAILMENOT.COM/VIEW/MYGARDYN.COM
GARDY	MYGARDYN	retailmenot.com	HTTPS://WWW.RETAILMENOT.COM/VIEW/MYGARDYN.COM
GATHRE	GATHRE	retailmenot.com	HTTPS://WWW.RETAILMENOT.COM/VIEW/GATHRE.COM
GATHRE	GATHRE	retailmenot.com	HTTPS://WWW.RETAILMENOT.COM/VIEW/GATHRE.COM
GEIKR	SHOPGEIGERS	retailmenot.com	HTTPS://WWW.RETAILMENOT.COM/VIEW/SHOPGEIGERS.COM
GEILIOO	GIGLIO	retailmenot.com	HTTPS://WWW.RETAILMENOT.COM/VIEW/GIGLIO.COM
GELPRO	GELPRO	retailmenot.com	HTTPS://WWW.RETAILMENOT.COM/VIEW/GELPRO.COM
GELPRO	GELPRO	retailmenot.com	HTTPS://WWW.RETAILMENOT.COM/VIEW/GELPRO.COM
GELZONEPRO	GELPRO	retailmenot.com	HTTPS://WWW.RETAILMENOT.COM/VIEW/GELPRO.COM
GENIUSGOURMET	GENIUSGOURMET	retailmenot.com	HTTPS://WWW.RETAILMENOT.COM/VIEW/GENIUSGOURMET.COM
GENIUSGOURMET	GENIUSGOURMET	retailmenot.com	HTTPS://WWW.RETAILMENOT.COM/VIEW/GENIUSGOURMET.COM
GERBERCHILDRENSWEAR	GERBERCHILDRENSWEAR	retailmenot.com	HTTPS://WWW.RETAILMENOT.COM/VIEW/GERBERCHILDRENSWEAR.COM
GERBERCHILDRENSWEAR	GERBERCHILDRENSWEAR	retailmenot.com	HTTPS://WWW.RETAILMENOT.COM/VIEW/GERBERCHILDRENSWEAR.COM
GFLOR	FLOR	retailmenot.com	HTTPS://WWW.RETAILMENOT.COM/VIEW/FLOR.COM
GFORIT	GFORE	retailmenot.com	HTTPS://WWW.RETAILMENOT.COM/VIEW/GFORE.COM
GIFTEXPRESS	GIFTEXPRESS	retailmenot.com	HTTPS://WWW.RETAILMENOT.COM/VIEW/GIFTEXPRESS.COM
GIFTEXPRESS	GIFTEXPRESS	retailmenot.com	HTTPS://WWW.RETAILMENOT.COM/VIEW/GIFTEXPRESS.COM
GIFTSFORYOUNOW	GIFTSFORYOUNOW	retailmenot.com	HTTPS://WWW.RETAILMENOT.COM/VIEW/GIFTSFORYOUNOW.COM
GIFTSFORYOUNOW	GIFTSFORYOUNOW	retailmenot.com	HTTPS://WWW.RETAILMENOT.COM/VIEW/GIFTSFORYOUNOW.COM
GIGIPIP	GIGIPIP	retailmenot.com	HTTPS://WWW.RETAILMENOT.COM/VIEW/GIGIPIP.COM
GIMMEBEAUTY	GIMMEBEAUTY	retailmenot.com	HTTPS://WWW.RETAILMENOT.COM/VIEW/GIMMEBEAUTY.COM
GIMMEBEAUTY	GIMMEBEAUTY	retailmenot.com	HTTPS://WWW.RETAILMENOT.COM/VIEW/GIMMEBEAUTY.COM
GLACIALPURE	GPFILTER	retailmenot.com	HTTPS://WWW.RETAILMENOT.COM/VIEW/GPFILTER.COM
GLASSESLIT	GLASSESLIT	retailmenot.com	HTTPS://WWW.RETAILMENOT.COM/VIEW/GLASSESLIT.COM
GLIKUR	GLIKS	retailmenot.com	HTTPS://WWW.RETAILMENOT.COM/VIEW/GLIKS.COM
GLIKUR	GLIKS	retailmenot.com	HTTPS://WWW.RETAILMENOT.COM/VIEW/GLIKS.COM
GLIQUE	GLIKS	retailmenot.com	HTTPS://WWW.RETAILMENOT.COM/VIEW/GLIKS.COM
GLOBALINDUSTRIAL	GLOBALINDUSTRIAL	retailmenot.com	HTTPS://WWW.RETAILMENOT.COM/VIEW/GLOBALINDUSTRIAL.COM
GLOBALINDUSTRIAL	GLOBALINDUSTRIAL	retailmenot.com	HTTPS://WWW.RETAILMENOT.COM/VIEW/GLOBALINDUSTRIAL.COM
GLOWSHIFT	GLOWSHIFTDIRECT	retailmenot.com	HTTPS://WWW.RETAILMENOT.COM/VIEW/GLOWSHIFTDIRECT.COM
GLOWSHIFT	GLOWSHIFTDIRECT	retailmenot.com	HTTPS://WWW.RETAILMENOT.COM/VIEW/GLOWSHIFTDIRECT.COM
GLOWSOURCE	GLOWSOURCE	retailmenot.com	HTTPS://WWW.RETAILMENOT.COM/VIEW/GLOWSOURCE.COM
GLOWSOURCE	GLOWSOURCE	retailmenot.com	HTTPS://WWW.RETAILMENOT.COM/VIEW/GLOWSOURCE.COM
GNC33OUHEN	GNC	retailmenot.com	HTTPS://WWW.RETAILMENOT.COM/VIEW/GNC.COM
GODGOQGOP	GOG	retailmenot.com	HTTPS://WWW.RETAILMENOT.COM/VIEW/GOG.COM
GOELIA	GOELIA1995	retailmenot.com	HTTPS://WWW.RETAILMENOT.COM/VIEW/GOELIA1995.COM
GOGOU4U	GOGGLES4U	retailmenot.com	HTTPS://WWW.RETAILMENOT.COM/VIEW/GOGGLES4U.COM
GONEFORARUN	GONEFORARUN	retailmenot.com	HTTPS://WWW.RETAILMENOT.COM/VIEW/GONEFORARUN.COM
GONEFORARUN	GONEFORARUN	retailmenot.com	HTTPS://WWW.RETAILMENOT.COM/VIEW/GONEFORARUN.COM
GOODPOINTAUTOPARTS	BUYAUTOPARTS	retailmenot.com	HTTPS://WWW.RETAILMENOT.COM/VIEW/BUYAUTOPARTS.COM
GOODPOINTAUTOPARTS	BUYAUTOPARTS	retailmenot.com	HTTPS://WWW.RETAILMENOT.COM/VIEW/BUYAUTOPARTS.COM
GOODVIBESMUNCHIES	GOODVIBES	retailmenot.com	HTTPS://WWW.RETAILMENOT.COM/VIEW/GOODVIBES.COM
GOODVIBESMUNCHIES	GOODVIBES	retailmenot.com	HTTPS://WWW.RETAILMENOT.COM/VIEW/GOODVIBES.COM
GOOSECREEK	GOOSECREEKCANDLE	retailmenot.com	HTTPS://WWW.RETAILMENOT.COM/VIEW/GOOSECREEKCANDLE.COM
GOOSECREEKCANDLECO	GOOSECREEKCANDLE	retailmenot.com	HTTPS://WWW.RETAILMENOT.COM/VIEW/GOOSECREEKCANDLE.COM
GOURMESSO	GOURMESSO	retailmenot.com	HTTPS://WWW.RETAILMENOT.COM/VIEW/GOURMESSO.COM
GOYJOY	JOYFOLIE	retailmenot.com	HTTPS://WWW.RETAILMENOT.COM/VIEW/JOYFOLIE.COM
GRADUATIONMALL	GRADUATIONMALL	retailmenot.com	HTTPS://WWW.RETAILMENOT.COM/VIEW/GRADUATIONMALL.COM
GRADUATIONSOURCE	GRADUATIONSOURCE	retailmenot.com	HTTPS://WWW.RETAILMENOT.COM/VIEW/GRADUATIONSOURCE.COM
GRAHAMANDBROWN	GRAHAMBROWN	retailmenot.com	HTTPS://WWW.RETAILMENOT.COM/VIEW/GRAHAMBROWN.COM
GRAHAMANDBROWN	GRAHAMBROWN	retailmenot.com	HTTPS://WWW.RETAILMENOT.COM/VIEW/GRAHAMBROWN.COM
GRAHAMBROWN	GRAHAMBROWN	retailmenot.com	HTTPS://WWW.RETAILMENOT.COM/VIEW/GRAHAMBROWN.COM
GRAHAMBROWN	GRAHAMBROWN	retailmenot.com	HTTPS://WWW.RETAILMENOT.COM/VIEW/GRAHAMBROWN.COM
GRANDDECORWECONNOR	GRANDINROAD	retailmenot.com	HTTPS://WWW.RETAILMENOT.COM/VIEW/GRANDINROAD.COM
GRANDDECORWECONNOR	GRANDINROAD	retailmenot.com	HTTPS://WWW.RETAILMENOT.COM/VIEW/GRANDINROAD.COM
GRANDSIERRA	GRANDSIERRARESORT	retailmenot.com	HTTPS://WWW.RETAILMENOT.COM/VIEW/GRANDSIERRARESORT.COM
GRANROUTO	GRANDINROAD	retailmenot.com	HTTPS://WWW.RETAILMENOT.COM/VIEW/GRANDINROAD.COM
GREATAMERICA	CAGREATAMERICA	retailmenot.com	HTTPS://WWW.RETAILMENOT.COM/VIEW/CAGREATAMERICA.COM
GREATBIGCANVAS	GREATBIGCANVAS	retailmenot.com	HTTPS://WWW.RETAILMENOT.COM/VIEW/GREATBIGCANVAS.COM
GREATBIGCANVAS	GREATBIGCANVAS	retailmenot.com	HTTPS://WWW.RETAILMENOT.COM/VIEW/GREATBIGCANVAS.COM
GREATCICI	GREATS	retailmenot.com	HTTPS://WWW.RETAILMENOT.COM/VIEW/GREATS.COM
GREATCLIPS	GREATCLIPS	retailmenot.com	HTTPS://WWW.RETAILMENOT.COM/VIEW/GREATCLIPS.COM
GREATCLIPS	GREATCLIPS	retailmenot.com	HTTPS://WWW.RETAILMENOT.COM/VIEW/GREATCLIPS.COM
GREATERGOOD	STORE	retailmenot.com	HTTPS://WWW.RETAILMENOT.COM/VIEW/STORE.GREATERGOOD.COM
GREATICO	GREATS	retailmenot.com	HTTPS://WWW.RETAILMENOT.COM/VIEW/GREATS.COM
GREATICO	GREATS	retailmenot.com	HTTPS://WWW.RETAILMENOT.COM/VIEW/GREATS.COM
GREATJONES	GREATJONESGOODS	retailmenot.com	HTTPS://WWW.RETAILMENOT.COM/VIEW/GREATJONESGOODS.COM
GREATS	GREATS	retailmenot.com	HTTPS://WWW.RETAILMENOT.COM/VIEW/GREATS.COM
GREATSUP	GREATS	retailmenot.com	HTTPS://WWW.RETAILMENOT.COM/VIEW/GREATS.COM
GRECEDAY	GREEKGEAR	retailmenot.com	HTTPS://WWW.RETAILMENOT.COM/VIEW/GREEKGEAR.COM
GREENDIGS	SHOPGREENDIGS	retailmenot.com	HTTPS://WWW.RETAILMENOT.COM/VIEW/SHOPGREENDIGS.COM
GROOVEPLUSLIFE	GROOVELIFE	retailmenot.com	HTTPS://WWW.RETAILMENOT.COM/VIEW/GROOVELIFE.COM
GROOVEPLUSLIFE	GROOVELIFE	retailmenot.com	HTTPS://WWW.RETAILMENOT.COM/VIEW/GROOVELIFE.COM
GROOVYGUYGIFTS	GROOVYGUYGIFTS	retailmenot.com	HTTPS://WWW.RETAILMENOT.COM/VIEW/GROOVYGUYGIFTS.COM
GROOVYGUYGIFTS	GROOVYGUYGIFTS	retailmenot.com	HTTPS://WWW.RETAILMENOT.COM/VIEW/GROOVYGUYGIFTS.COM
GROUPON	GROUPON	retailmenot.com	HTTPS://WWW.RETAILMENOT.COM/VIEW/GROUPON.COM
GSSKIME	SKIMS	retailmenot.com	HTTPS://WWW.RETAILMENOT.COM/VIEW/SKIMS.COM
GTOMEGA	GTOMEGA	retailmenot.com	HTTPS://WWW.RETAILMENOT.COM/VIEW/GTOMEGA.COM
GTRACING	GTRACING	retailmenot.com	HTTPS://WWW.RETAILMENOT.COM/VIEW/GTRACING.COM
GUARDIANTECHNOLOGYSTORE	GUARDIANTECHNOLOGIES	retailmenot.com	HTTPS://WWW.RETAILMENOT.COM/VIEW/GUARDIANTECHNOLOGIES.COM
GUZEUS	GUESS	retailmenot.com	HTTPS://WWW.RETAILMENOT.COM/VIEW/GUESS.COM
H2OPLUS	H2OPLUS	retailmenot.com	HTTPS://WWW.RETAILMENOT.COM/VIEW/H2OPLUS.COM
HAHANATROMONY	SHOP	retailmenot.com	HTTPS://WWW.RETAILMENOT.COM/VIEW/SHOP.HANROUSA.COM
HAIRLAVIE	HAIRLAVIE	retailmenot.com	HTTPS://WWW.RETAILMENOT.COM/VIEW/HAIRLAVIE.COM
HALFMOON	HALFMOONOUTFITTERS	retailmenot.com	HTTPS://WWW.RETAILMENOT.COM/VIEW/HALFMOONOUTFITTERS.COM
HALFPRICEDRAPES	HALFPRICEDRAPES	retailmenot.com	HTTPS://WWW.RETAILMENOT.COM/VIEW/HALFPRICEDRAPES.COM
HALLOWEENCOSTUMESBYHCFS	HALLOWEENCOSTUMES	retailmenot.com	HTTPS://WWW.RETAILMENOT.COM/VIEW/HALLOWEENCOSTUMES.COM
HALOSLEEP	HALOSLEEP	retailmenot.com	HTTPS://WWW.RETAILMENOT.COM/VIEW/HALOSLEEP.COM
HAMMACHER	HAMMACHER	retailmenot.com	HTTPS://WWW.RETAILMENOT.COM/VIEW/HAMMACHER.COM
HAMMACHER	HAMMACHER	retailmenot.com	HTTPS://WWW.RETAILMENOT.COM/VIEW/HAMMACHER.COM
HAMMACHERANDSCHLEMMER	HAMMACHER	retailmenot.com	HTTPS://WWW.RETAILMENOT.COM/VIEW/HAMMACHER.COM
HAMMACHERSCHLEMMER	HAMMACHER	retailmenot.com	HTTPS://WWW.RETAILMENOT.COM/VIEW/HAMMACHER.COM
HAMMACHERSCHLEMMER83	HAMMACHER	retailmenot.com	HTTPS://WWW.RETAILMENOT.COM/VIEW/HAMMACHER.COM
HAMMACHERSCHLEMMER83	HAMMACHER	retailmenot.com	HTTPS://WWW.RETAILMENOT.COM/VIEW/HAMMACHER.COM
HAMMACHERSHCLEMMER	HAMMACHER	retailmenot.com	HTTPS://WWW.RETAILMENOT.COM/VIEW/HAMMACHER.COM
HANDYDEALS	HANDY	retailmenot.com	HTTPS://WWW.RETAILMENOT.COM/VIEW/HANDY.COM
HANDYDEALS	HANDY	retailmenot.com	HTTPS://WWW.RETAILMENOT.COM/VIEW/HANDY.COM
HAPFUNG	HAPPSY	retailmenot.com	HTTPS://WWW.RETAILMENOT.COM/VIEW/HAPPSY.COM
HAPPIESTBABY	HAPPIESTBABY	retailmenot.com	HTTPS://WWW.RETAILMENOT.COM/VIEW/HAPPIESTBABY.COM
HAPPLYS	HAPPSY	retailmenot.com	HTTPS://WWW.RETAILMENOT.COM/VIEW/HAPPSY.COM
HAPPSY	HAPPSY	retailmenot.com	HTTPS://WWW.RETAILMENOT.COM/VIEW/HAPPSY.COM
HAPPYFEET	BUYHAPPYFEET	retailmenot.com	HTTPS://WWW.RETAILMENOT.COM/VIEW/BUYHAPPYFEET.COM
HAPYLASTY	HAPPSY	retailmenot.com	HTTPS://WWW.RETAILMENOT.COM/VIEW/HAPPSY.COM
HAPYLASTY	HAPPSY	retailmenot.com	HTTPS://WWW.RETAILMENOT.COM/VIEW/HAPPSY.COM
HAUALELESUPPLIES	WHOLESALESUPPLIESPLUS	retailmenot.com	HTTPS://WWW.RETAILMENOT.COM/VIEW/WHOLESALESUPPLIESPLUS.COM
HAUALELESUPPLIES	WHOLESALESUPPLIESPLUS	retailmenot.com	HTTPS://WWW.RETAILMENOT.COM/VIEW/WHOLESALESUPPLIESPLUS.COM
HAUMENLY	HAVENLY	retailmenot.com	HTTPS://WWW.RETAILMENOT.COM/VIEW/HAVENLY.COM
HAVARTYS	HAVERTYS	retailmenot.com	HTTPS://WWW.RETAILMENOT.COM/VIEW/HAVERTYS.COM
HAVARTYS	HAVERTYS	retailmenot.com	HTTPS://WWW.RETAILMENOT.COM/VIEW/HAVERTYS.COM
HBOWES	PITNEYBOWES	retailmenot.com	HTTPS://WWW.RETAILMENOT.COM/VIEW/PITNEYBOWES.COM
HBOWES	PITNEYBOWES	retailmenot.com	HTTPS://WWW.RETAILMENOT.COM/VIEW/PITNEYBOWES.COM
HBX	HBX	retailmenot.com	HTTPS://WWW.RETAILMENOT.COM/VIEW/HBX.COM
HBX	HBX	retailmenot.com	HTTPS://WWW.RETAILMENOT.COM/VIEW/HBX.COM
HDEALDIRECT	PROMODIRECT	retailmenot.com	HTTPS://WWW.RETAILMENOT.COM/VIEW/PROMODIRECT.COM
HDSUPPLY	HDSUPPLYSOLUTIONS	retailmenot.com	HTTPS://WWW.RETAILMENOT.COM/VIEW/HDSUPPLYSOLUTIONS.COM
HEADKANDY	HEADKANDYPRO	retailmenot.com	HTTPS://WWW.RETAILMENOT.COM/VIEW/HEADKANDYPRO.COM
HEADKANDY	HEADKANDYPRO	retailmenot.com	HTTPS://WWW.RETAILMENOT.COM/VIEW/HEADKANDYPRO.COM
HEADSETBUDDY	HEADSETBUDDY	retailmenot.com	HTTPS://WWW.RETAILMENOT.COM/VIEW/HEADSETBUDDY.COM
HEALTHYBABY	HEALTHYBABY	retailmenot.com	HTTPS://WWW.RETAILMENOT.COM/VIEW/HEALTHYBABY.COM
HEALTHYBABY	HEALTHYBABY	retailmenot.com	HTTPS://WWW.RETAILMENOT.COM/VIEW/HEALTHYBABY.COM
HEALTHYDIRECTIONS	HEALTHYDIRECTIONS	retailmenot.com	HTTPS://WWW.RETAILMENOT.COM/VIEW/HEALTHYDIRECTIONS.COM
HEALTHYDIRECTIONS	HEALTHYDIRECTIONS	retailmenot.com	HTTPS://WWW.RETAILMENOT.COM/VIEW/HEALTHYDIRECTIONS.COM
HELLOHEELINTERNATIONAL	HEELYS	retailmenot.com	HTTPS://WWW.RETAILMENOT.COM/VIEW/HEELYS.COM
