100POINTONE	100POINTONE	sellerratings.com	HTTPS://WWW.SELLERRATINGS.COM/AMAZON/USA/100POINTONE
104RDHOUSE	104RDHOUSE	sellerratings.com	HTTPS://WWW.SELLERRATINGS.COM/AMAZON/USA/104RDHOUSE
13PEAS	13PEAS	sellerratings.com	HTTPS://WWW.SELLERRATINGS.COM/AMAZON/GERMANY/13PEAS
1791SLADY	1791SLADY	sellerratings.com	HTTPS://WWW.SELLERRATINGS.COM/AMAZON/USA/1791S-LADY
1SWORD	1SWORD	sellerratings.com	HTTPS://WWW.SELLERRATINGS.COM/AMAZON/USA/1SWORD
21SUPPLY	21SUPPLY	sellerratings.com	HTTPS://WWW.SELLERRATINGS.COM/AMAZON/USA/21SUPPLY
23GUANYI	23GUANYI	sellerratings.com	HTTPS://WWW.SELLERRATINGS.COM/AMAZON/SPAIN/23GUANYI
2TWENTYTWOSTEELDESIGNS	2TWENTYTWOSTEELDESIGNS	sellerratings.com	HTTPS://WWW.SELLERRATINGS.COM/AMAZON/USA/2TWENTYTWO-STEEL-DESIGNS
3GRACE	3GRACE	sellerratings.com	HTTPS://WWW.SELLERRATINGS.COM/AMAZON/USA/3GRACE
4ZHUZI	4ZHUZI	sellerratings.com	HTTPS://WWW.SELLERRATINGS.COM/AMAZON/USA/4ZHUZI
5STARMOON	5STARMOON	sellerratings.com	HTTPS://WWW.SELLERRATINGS.COM/AMAZON/USA/5-STAR-MOON
7BLACKSMITHS	7BLACKSMITHS	sellerratings.com	HTTPS://WWW.SELLERRATINGS.COM/AMAZON/USA/7BLACKSMITHS
7PMLIGHTING	7PMLIGHTING	sellerratings.com	HTTPS://WWW.SELLERRATINGS.COM/AMAZON/USA/7PM-LIGHTING
7SEVENJOKERS	7SEVENJOKERS	sellerratings.com	HTTPS://WWW.SELLERRATINGS.COM/AMAZON/UK/7SEVENJOKERS
A2Z4KIDS	A2Z4KIDS	sellerratings.com	HTTPS://WWW.SELLERRATINGS.COM/AMAZON/USA/A2Z4KIDS
AAISILAN	AISILANLIGHTING	sellerratings.com	HTTPS://WWW.SELLERRATINGS.COM/AMAZON/USA/AISILAN-LIGHTING
AALIMICE	YITEER	sellerratings.com	HTTPS://WWW.SELLERRATINGS.COM/AMAZON/USA/YITEER
AAMHHM	AAMHHM	sellerratings.com	HTTPS://WWW.SELLERRATINGS.COM/AMAZON/USA/AAMHHM-STORE
AAMPCODECALS	AAMPCODECALS	sellerratings.com	HTTPS://WWW.SELLERRATINGS.COM/AMAZON/USA/AAMPCODECALS
AATRIET	AATRIET	sellerratings.com	HTTPS://WWW.SELLERRATINGS.COM/AMAZON/USA/AATRIET
AAUTOSAVER88	AUTOSAVER88	sellerratings.com	HTTPS://WWW.SELLERRATINGS.COM/AMAZON/USA/AUTOSAVER88
ABAFIP	ABAFIP	sellerratings.com	HTTPS://WWW.SELLERRATINGS.COM/AMAZON/USA/ABAFIP-STORE
ABBIECLEO	ABBIECLEO	sellerratings.com	HTTPS://WWW.SELLERRATINGS.COM/AMAZON/USA/ABBIECLEO
ABDODAR	ABDODAR	sellerratings.com	HTTPS://WWW.SELLERRATINGS.COM/AMAZON/USA/ABDODAR
ABESTOP	ABESTOP	sellerratings.com	HTTPS://WWW.SELLERRATINGS.COM/AMAZON/USA/ABESTOP
ABODHU	ABODHU	sellerratings.com	HTTPS://WWW.SELLERRATINGS.COM/AMAZON/USA/ABODHU-STORE
ABOKNEY	ABOKNEY	sellerratings.com	HTTPS://WWW.SELLERRATINGS.COM/AMAZON/USA/ABOKNEY
ABOUNDLIFESTYLE	ABOUNDLIFESTYLE	sellerratings.com	HTTPS://WWW.SELLERRATINGS.COM/AMAZON/USA/ABOUND-LIFESTYLE
ABRISELUX	ABRISELUX	sellerratings.com	HTTPS://WWW.SELLERRATINGS.COM/AMAZON/USA/ABRISELUX
ABUSVEX	ABUSVEXR	sellerratings.com	HTTPS://WWW.SELLERRATINGS.COM/AMAZON/USA/ABUSVEXR
ABVOT	ABVOTDIRECT	sellerratings.com	HTTPS://WWW.SELLERRATINGS.COM/AMAZON/USA/ABVOT-DIRECT
ACASIER	ACEXIER	sellerratings.com	HTTPS://WWW.SELLERRATINGS.COM/AMAZON/USA/ACEXIER
ACEIRMC	ACEIRMCUS	sellerratings.com	HTTPS://WWW.SELLERRATINGS.COM/AMAZON/USA/ACEIRMC-US
ACEKAR	ACEKAR	sellerratings.com	HTTPS://WWW.SELLERRATINGS.COM/AMAZON/USA/ACEKAR
ACETAKEN	ACETAKENMOUNT	sellerratings.com	HTTPS://WWW.SELLERRATINGS.COM/AMAZON/USA/ACETAKEN-MOUNT
ACETECHCELLULAR	ACETECHCELLULAR	sellerratings.com	HTTPS://WWW.SELLERRATINGS.COM/AMAZON/USA/ACE-TECH-CELLULAR
ACLUMSY	ACLUMSY	sellerratings.com	HTTPS://WWW.SELLERRATINGS.COM/AMAZON/USA/ACLUMSY
ACOQOOS	ACOQOOS	sellerratings.com	HTTPS://WWW.SELLERRATINGS.COM/AMAZON/USA/ACOQOOS-STORE
ACOYER	ACOYERDIRECT	sellerratings.com	HTTPS://WWW.SELLERRATINGS.COM/AMAZON/USA/ACOYER-DIRECT
ACPULSE	ACPULSE	sellerratings.com	HTTPS://WWW.SELLERRATINGS.COM/AMAZON/USA/ACPULSE
ACRYLANDUSA	ACRYLANDUSA	sellerratings.com	HTTPS://WWW.SELLERRATINGS.COM/AMAZON/USA/ACRYLANDUSA
ACTEB	ACTEBUS	sellerratings.com	HTTPS://WWW.SELLERRATINGS.COM/AMAZON/USA/ACTEB-US-STORE
ACTIONTRIBEX	ACTIONTRIBEX	sellerratings.com	HTTPS://WWW.SELLERRATINGS.COM/AMAZON/USA/ACTION-TRIBEX
ACTIVEJOBSITE	ACTIVE	sellerratings.com	HTTPS://WWW.SELLERRATINGS.COM/AMAZON/USA/ACTIVE-INC
ACTLOE	ACTLOE	sellerratings.com	HTTPS://WWW.SELLERRATINGS.COM/AMAZON/USA/ACTLOE
ADAPTERUNIVERSE	ADAPTERUNIVERSE	sellerratings.com	HTTPS://WWW.SELLERRATINGS.COM/AMAZON/USA/ADAPTER-UNIVERSE
ADBEAUTY	ADBEAUTY	sellerratings.com	HTTPS://WWW.SELLERRATINGS.COM/AMAZON/USA/ADBEAUTY-STORE
ADIGARAUTO	ADIGARAUTO	sellerratings.com	HTTPS://WWW.SELLERRATINGS.COM/AMAZON/USA/ADIGARAUTO
ADIOFFROAD	ADIOFFROAD	sellerratings.com	HTTPS://WWW.SELLERRATINGS.COM/AMAZON/USA/ADI-OFF-ROAD
ADOFECT	ADOFECT	sellerratings.com	HTTPS://WWW.SELLERRATINGS.COM/AMAZON/USA/ADOFECT
ADVOKAIR	ADVOKAIR	sellerratings.com	HTTPS://WWW.SELLERRATINGS.COM/AMAZON/USA/ADVOKAIR
AECKTECH	AECKTECH	sellerratings.com	HTTPS://WWW.SELLERRATINGS.COM/AMAZON/USA/AECKTECH
AEDCBAIDE	AEDCBAIDE	sellerratings.com	HTTPS://WWW.SELLERRATINGS.COM/AMAZON/UK/AEDCBAIDE
AEDVOOUER	AEDVOOUER	sellerratings.com	HTTPS://WWW.SELLERRATINGS.COM/AMAZON/USA/AEDVOOUER
AENLLOSI	AENLLOSI	sellerratings.com	HTTPS://WWW.SELLERRATINGS.COM/AMAZON/USA/AENLLOSI
AFRANTI	AFRANTI	sellerratings.com	HTTPS://WWW.SELLERRATINGS.COM/AMAZON/USA/AFRANTI
AGIIMANAGIIMAN	AGIIMAN	sellerratings.com	HTTPS://WWW.SELLERRATINGS.COM/AMAZON/USA/AGIIMAN
AGMITY	AGMITY	sellerratings.com	HTTPS://WWW.SELLERRATINGS.COM/AMAZON/USA/AGMITY
AGUIFLGS	AGUIFLGSFLAG	sellerratings.com	HTTPS://WWW.SELLERRATINGS.COM/AMAZON/USA/AGUIFLGS-FLAG
AIENID	AIENID	sellerratings.com	HTTPS://WWW.SELLERRATINGS.COM/AMAZON/USA/AIENID
AIGYBOBO	AIGYBOBO	sellerratings.com	HTTPS://WWW.SELLERRATINGS.COM/AMAZON/USA/AIGYBOBO
AIHANCH	AIHANCH	sellerratings.com	HTTPS://WWW.SELLERRATINGS.COM/AMAZON/USA/AIHANCH
AIHCCY	AIHCCY	sellerratings.com	HTTPS://WWW.SELLERRATINGS.COM/AMAZON/USA/AIHCCY
AIIKEE	AIIKEE	sellerratings.com	HTTPS://WWW.SELLERRATINGS.COM/AMAZON/USA/AIIKEE
AIKAMEI	AIKAMEIUS	sellerratings.com	HTTPS://WWW.SELLERRATINGS.COM/AMAZON/USA/AIKAMEI-US
AIKELIN	AIKELIN	sellerratings.com	HTTPS://WWW.SELLERRATINGS.COM/AMAZON/USA/AIKELIN
AILANSI	AILANSI	sellerratings.com	HTTPS://WWW.SELLERRATINGS.COM/AMAZON/USA/AILANSI
AILEMON	AILEMON	sellerratings.com	HTTPS://WWW.SELLERRATINGS.COM/AMAZON/USA/AILEMON
AILIWEI	AILIWEI	sellerratings.com	HTTPS://WWW.SELLERRATINGS.COM/AMAZON/FRANCE/AILIWEI
AILUKI	AILUKI	sellerratings.com	HTTPS://WWW.SELLERRATINGS.COM/AMAZON/USA/AILUKI
AIMENT	AIMENT	sellerratings.com	HTTPS://WWW.SELLERRATINGS.COM/AMAZON/USA/AIMENT-STORE
AIMINTSEN	AIMINTSEN	sellerratings.com	HTTPS://WWW.SELLERRATINGS.COM/AMAZON/USA/AIMINTSEN
AINFOXUS	AINFOX	sellerratings.com	HTTPS://WWW.SELLERRATINGS.COM/AMAZON/USA/AINFOX
AINSKO	AINSKO	sellerratings.com	HTTPS://WWW.SELLERRATINGS.COM/AMAZON/USA/AINSKO
AIPSUN	AIPSUN	sellerratings.com	HTTPS://WWW.SELLERRATINGS.COM/AMAZON/USA/AIPSUN
AIPTERTET	AIPTERTET	sellerratings.com	HTTPS://WWW.SELLERRATINGS.COM/AMAZON/USA/AIPTERTET
AIRBAKER	AIRBAKER	sellerratings.com	HTTPS://WWW.SELLERRATINGS.COM/AMAZON/USA/AIRBAKER
AIRMYHOUSE	AIRBUYHOME	sellerratings.com	HTTPS://WWW.SELLERRATINGS.COM/AMAZON/USA/AIRBUYHOME
AIRSKY	AIRSKYUS	sellerratings.com	HTTPS://WWW.SELLERRATINGS.COM/AMAZON/USA/AIRSKY-US
AIRSKYCE	AIRSKYUS	sellerratings.com	HTTPS://WWW.SELLERRATINGS.COM/AMAZON/USA/AIRSKY-US
AIRSUSFAT	AIRSUSFAT	sellerratings.com	HTTPS://WWW.SELLERRATINGS.COM/AMAZON/USA/AIRSUSFAT
AISHENY	AISHNE	sellerratings.com	HTTPS://WWW.SELLERRATINGS.COM/AMAZON/USA/AISHNE
AISHN	AISHNE	sellerratings.com	HTTPS://WWW.SELLERRATINGS.COM/AMAZON/USA/AISHNE
AISIMEE	AISIMEEDIRECT	sellerratings.com	HTTPS://WWW.SELLERRATINGS.COM/AMAZON/USA/AISIMEE-DIRECT
AITCOLLECTIBLES	AITCOLLECTIBLES	sellerratings.com	HTTPS://WWW.SELLERRATINGS.COM/AMAZON/USA/AIT-COLLECTIBLES
AITECHNY	AITECHNYUS	sellerratings.com	HTTPS://WWW.SELLERRATINGS.COM/AMAZON/USA/AITECHNY-US
AIXIANGPAI	AIXIANGPAI	sellerratings.com	HTTPS://WWW.SELLERRATINGS.COM/AMAZON/USA/AIXIANGPAI
AIZICSMINT	AIZICSMINT	sellerratings.com	HTTPS://WWW.SELLERRATINGS.COM/AMAZON/USA/AIZICS-MINT
AJFKOOP	AJFKOOP	sellerratings.com	HTTPS://WWW.SELLERRATINGS.COM/AMAZON/USA/AJFKOOP
AJUMKER	AJUMKER	sellerratings.com	HTTPS://WWW.SELLERRATINGS.COM/AMAZON/UK/AJUMKER
AKBESTORE	AKSTOREDIRECT	sellerratings.com	HTTPS://WWW.SELLERRATINGS.COM/AMAZON/USA/AKSTORE-DIRECT
AKFACE	AKFACE	sellerratings.com	HTTPS://WWW.SELLERRATINGS.COM/AMAZON/USA/AKFACE
AKFIRE	AKFIRE	sellerratings.com	HTTPS://WWW.SELLERRATINGS.COM/AMAZON/USA/AKFIRE
AKIHISA	AKIHISAUS	sellerratings.com	HTTPS://WWW.SELLERRATINGS.COM/AMAZON/USA/AKIHISA-US
AKKSTORE	AKSTOREDIRECT	sellerratings.com	HTTPS://WWW.SELLERRATINGS.COM/AMAZON/USA/AKSTORE-DIRECT
AKUDY	AKUDY	sellerratings.com	HTTPS://WWW.SELLERRATINGS.COM/AMAZON/USA/AKUDY
AKUSAKO	AKUSAKO	sellerratings.com	HTTPS://WWW.SELLERRATINGS.COM/AMAZON/USA/AKUSAKO
ALAZAYHOME	ALAZYHOMEUS	sellerratings.com	HTTPS://WWW.SELLERRATINGS.COM/AMAZON/USA/ALAZYHOME-US
ALBATROSSHEALTHNEWENGLAND	ALBATROSSHEALTHNEWENGLAND	sellerratings.com	HTTPS://WWW.SELLERRATINGS.COM/AMAZON/USA/ALBATROSS-HEALTH-NEW-ENGLAND
ALEMON	ALEMON	sellerratings.com	HTTPS://WWW.SELLERRATINGS.COM/AMAZON/USA/ALEMON-STORE
ALEWDIRECT	ALEWDIRECT	sellerratings.com	HTTPS://WWW.SELLERRATINGS.COM/AMAZON/USA/ALEW-DIRECT
ALIENNANA	ALIENNANAGOLF	sellerratings.com	HTTPS://WWW.SELLERRATINGS.COM/AMAZON/USA/ALIENNANA-GOLF
ALIMATPLUS	ALIMATPLUS	sellerratings.com	HTTPS://WWW.SELLERRATINGS.COM/AMAZON/USA/ALIMAT-PLUS
ALISHOMT	ALISHOMTLL	sellerratings.com	HTTPS://WWW.SELLERRATINGS.COM/AMAZON/USA/ALISHOMTLL
ALIWENDY	ALIWENDY	sellerratings.com	HTTPS://WWW.SELLERRATINGS.COM/AMAZON/USA/ALIWENDY
ALLEASY	BUYALLEASY	sellerratings.com	HTTPS://WWW.SELLERRATINGS.COM/AMAZON/USA/BUYALLEASY
ALLEZOLA	LAMFOCOOK	sellerratings.com	HTTPS://WWW.SELLERRATINGS.COM/AMAZON/USA/ALLEZOLA-INTERNATIONAL
ALLILUYAA	ALLILUYAA	sellerratings.com	HTTPS://WWW.SELLERRATINGS.COM/AMAZON/SPAIN/ALLILUYAA
ALLISABLE	ALLISABLE	sellerratings.com	HTTPS://WWW.SELLERRATINGS.COM/AMAZON/USA/ALLISABLE
ALLLVOCLES	ALLLVOCLESWYL	sellerratings.com	HTTPS://WWW.SELLERRATINGS.COM/AMAZON/USA/ALLLVOCLES-WYL
ALLNESS	ALLNESS	sellerratings.com	HTTPS://WWW.SELLERRATINGS.COM/AMAZON/USA/ALLNESS-INC
ALLNESSGROUP	ALLNESS	sellerratings.com	HTTPS://WWW.SELLERRATINGS.COM/AMAZON/USA/ALLNESS-INC
ALLOIRL	ALLOIRL	sellerratings.com	HTTPS://WWW.SELLERRATINGS.COM/AMAZON/USA/ALLOIRL
ALLTIDYUP	ALLTIDYUPOFFICIAL	sellerratings.com	HTTPS://WWW.SELLERRATINGS.COM/AMAZON/USA/ALLTIDYUP-OFFICIAL
ALLTOHOME	ALOTOFHOME	sellerratings.com	HTTPS://WWW.SELLERRATINGS.COM/AMAZON/USA/ALOTOFHOME
ALLUPAL	ALLUPALUS	sellerratings.com	HTTPS://WWW.SELLERRATINGS.COM/AMAZON/USA/ALLUPAL-US-STORE
ALOFTOPZ	ALOFTOPZ	sellerratings.com	HTTPS://WWW.SELLERRATINGS.COM/AMAZON/USA/ALOFTOPZ
ALPTOY	ALPTOY	sellerratings.com	HTTPS://WWW.SELLERRATINGS.COM/AMAZON/USA/ALPTOY
ALTOSY	ALTOSYCOLTD	sellerratings.com	HTTPS://WWW.SELLERRATINGS.COM/AMAZON/USA/ALTOSY-COLTD
ALUCSET	ALUCSET	sellerratings.com	HTTPS://WWW.SELLERRATINGS.COM/AMAZON/USA/ALUCSET
ALUDEST	ALUDEST	sellerratings.com	HTTPS://WWW.SELLERRATINGS.COM/AMAZON/USA/ALUDEST
ALUSBELL	ALUSBELL	sellerratings.com	HTTPS://WWW.SELLERRATINGS.COM/AMAZON/USA/ALUSBELL
ALWAYS88	ALWAYS88	sellerratings.com	HTTPS://WWW.SELLERRATINGS.COM/AMAZON/USA/ALWAYS88
ALWAYSABARGAIN4U	ALWAYSBARGAINS4U	sellerratings.com	HTTPS://WWW.SELLERRATINGS.COM/AMAZON/USA/ALWAYSBARGAINS4U
ALWAYSQUALITY	ALWAYSQUALITY	sellerratings.com	HTTPS://WWW.SELLERRATINGS.COM/AMAZON/USA/ALWAYS-QUALITY
ALWAYSTECZON	ALWAYZONSALE	sellerratings.com	HTTPS://WWW.SELLERRATINGS.COM/AMAZON/USA/ALWAYZ-ON-SALE
ALZASSBG	ALZASSBG	sellerratings.com	HTTPS://WWW.SELLERRATINGS.COM/AMAZON/USA/ALZASSBG
AMASSLOVE	AMASSLOVE	sellerratings.com	HTTPS://WWW.SELLERRATINGS.COM/AMAZON/USA/AMASSLOVE
AMAZINGCHOOSE	AMAZINGCHOICESNRECORDED	sellerratings.com	HTTPS://WWW.SELLERRATINGS.COM/AMAZON/USA/AMAZING-CHOICE-SN-RECORDED
AMAZINGFORCE	AMAZINGFORCE	sellerratings.com	HTTPS://WWW.SELLERRATINGS.COM/AMAZON/USA/AMAZING-FORCE
AMAZINPURE	AMAZINPURE	sellerratings.com	HTTPS://WWW.SELLERRATINGS.COM/AMAZON/USA/AMAZINPURE
AMAZSHOP247	AMAZ247	sellerratings.com	HTTPS://WWW.SELLERRATINGS.COM/AMAZON/USA/AMAZ247
AMBIENCEO	AMBIENCEO	sellerratings.com	HTTPS://WWW.SELLERRATINGS.COM/AMAZON/USA/AMBIENCEO
AMEIQ	AMEIQAUTOMOTIVE	sellerratings.com	HTTPS://WWW.SELLERRATINGS.COM/AMAZON/USA/AMEIQ-AUTOMOTIVE-PRODUCTS
AMEISTOR	AMEISTOR	sellerratings.com	HTTPS://WWW.SELLERRATINGS.COM/AMAZON/USA/AMEISTOR
AMERICANWELLNESSAUTHORITY	AMERICANWELLNESSAUTHORITY	sellerratings.com	HTTPS://WWW.SELLERRATINGS.COM/AMAZON/USA/AMERICAN-WELLNESS-AUTHORITY
AMERICANWHOLESALESUPERSTORE	AMERICANWHOLESALESUPERSTORE	sellerratings.com	HTTPS://WWW.SELLERRATINGS.COM/AMAZON/USA/AMERICAN-WHOLESALE-SUPERSTORE
AMERIGOODS	AMERIGOODS	sellerratings.com	HTTPS://WWW.SELLERRATINGS.COM/AMAZON/USA/AMERIGOODS
AMEYAHUD	AMEYAHUD	sellerratings.com	HTTPS://WWW.SELLERRATINGS.COM/AMAZON/USA/AMEYAHUD
AMILUOLIFEGARAGELIGHT	AMILUOLIFE	sellerratings.com	HTTPS://WWW.SELLERRATINGS.COM/AMAZON/USA/AMILUO-LIFE
AMLINKER	LHYSFIY	sellerratings.com	HTTPS://WWW.SELLERRATINGS.COM/AMAZON/USA/AMLINKER-INC
AMOOTEK	AMOOTEK	sellerratings.com	HTTPS://WWW.SELLERRATINGS.COM/AMAZON/USA/AMOOTEK
AMOYSTONE	AMOYSTONE	sellerratings.com	HTTPS://WWW.SELLERRATINGS.COM/AMAZON/USA/AMOYSTONE
AMPOULIGHT	AMPOULIGHT	sellerratings.com	HTTPS://WWW.SELLERRATINGS.COM/AMAZON/USA/AMPOULIGHT
AMPRIME	USAMPRIMETECHNOLOGY	sellerratings.com	HTTPS://WWW.SELLERRATINGS.COM/AMAZON/USA/US-AMPRIME-TECHNOLOGY-LLC
AMUNIESUN	AMUNIESUN	sellerratings.com	HTTPS://WWW.SELLERRATINGS.COM/AMAZON/USA/AMUNIESUN
AMUVEC	AMUVEC	sellerratings.com	HTTPS://WWW.SELLERRATINGS.COM/AMAZON/UK/AMUVEC
AMYIPO	AMYIPO	sellerratings.com	HTTPS://WWW.SELLERRATINGS.COM/AMAZON/USA/AMYIPO
AMZTECH	AMZTECH	sellerratings.com	HTTPS://WWW.SELLERRATINGS.COM/AMAZON/USA/AMZTECH-
ANACCI	ANACCISTORE	sellerratings.com	HTTPS://WWW.SELLERRATINGS.COM/AMAZON/USA/ANACCI-STORE
ANBAOCHI	ANBAOCHI	sellerratings.com	HTTPS://WWW.SELLERRATINGS.COM/AMAZON/USA/ANBAOCHI
ANBUY	ANBUY	sellerratings.com	HTTPS://WWW.SELLERRATINGS.COM/AMAZON/USA/ANBUY
ANCOCS	ANCOCS	sellerratings.com	HTTPS://WWW.SELLERRATINGS.COM/AMAZON/FRANCE/ANCOCS
ANCPOP	ANCPOP	sellerratings.com	HTTPS://WWW.SELLERRATINGS.COM/AMAZON/USA/ANC-POP
ANCWZOZ	ANCWZOZ	sellerratings.com	HTTPS://WWW.SELLERRATINGS.COM/AMAZON/USA/ANCWZOZ
ANDALUSBRANDS	ANDALUSBRANDS	sellerratings.com	HTTPS://WWW.SELLERRATINGS.COM/AMAZON/USA/ANDALUS-BRANDS-STORE
ANEDER	ANEDERUS	sellerratings.com	HTTPS://WWW.SELLERRATINGS.COM/AMAZON/USA/ANEDER-US
ANGADONA	ANGADONA	sellerratings.com	HTTPS://WWW.SELLERRATINGS.COM/AMAZON/USA/ANGADONA
ANHENDELER	ANHENDELER	sellerratings.com	HTTPS://WWW.SELLERRATINGS.COM/AMAZON/USA/ANHENDELER
ANJHOME	ANJHOME	sellerratings.com	HTTPS://WWW.SELLERRATINGS.COM/AMAZON/USA/ANJ-HOME-
ANJIONG	ANJIKANG	sellerratings.com	HTTPS://WWW.SELLERRATINGS.COM/AMAZON/USA/ANJIKANG
ANJULL	ANJULLLIGHTING	sellerratings.com	HTTPS://WWW.SELLERRATINGS.COM/AMAZON/USA/ANJULL-LIGHTING
ANKBOY	ANKBOY	sellerratings.com	HTTPS://WWW.SELLERRATINGS.COM/AMAZON/FRANCE/ANKBOY
ANNAKALIGHTING	ANNAKALIGHTING	sellerratings.com	HTTPS://WWW.SELLERRATINGS.COM/AMAZON/USA/ANNAKA-LIGHTING
ANNISITE	AONISITE	sellerratings.com	HTTPS://WWW.SELLERRATINGS.COM/AMAZON/USA/AONISITE
ANOKE	ANOKE	sellerratings.com	HTTPS://WWW.SELLERRATINGS.COM/AMAZON/USA/ANOKE
ANOLYFI	ANOLYFI	sellerratings.com	HTTPS://WWW.SELLERRATINGS.COM/AMAZON/USA/ANOLYFI
ANPVEES	ANPVEESCCTV	sellerratings.com	HTTPS://WWW.SELLERRATINGS.COM/AMAZON/USA/ANPVEES-CCTV
ANRDDO	ANRDDO	sellerratings.com	HTTPS://WWW.SELLERRATINGS.COM/AMAZON/USA/ANRDDO
ANSDMO	ANMLIQUIDATION	sellerratings.com	HTTPS://WWW.SELLERRATINGS.COM/AMAZON/USA/ANM-DEALS
ANSEIP	ANSEIP	sellerratings.com	HTTPS://WWW.SELLERRATINGS.COM/AMAZON/USA/ANSEIP
ANSONSURNS	ANSONSURNS	sellerratings.com	HTTPS://WWW.SELLERRATINGS.COM/AMAZON/USA/ANSONS-URNS
ANTHIWAY	ANTHIWAY	sellerratings.com	HTTPS://WWW.SELLERRATINGS.COM/AMAZON/USA/ANTHIWAY
ANTHSANIA	ANTHSANIAOFFICIAL	sellerratings.com	HTTPS://WWW.SELLERRATINGS.COM/AMAZON/USA/ANTHSANIA-OFFICIAL-STORE
ANTINIVES	ANTINIVES	sellerratings.com	HTTPS://WWW.SELLERRATINGS.COM/AMAZON/USA/ANTINIVES
ANTREEMAG	ANTREEMAG	sellerratings.com	HTTPS://WWW.SELLERRATINGS.COM/AMAZON/USA/ANTREEMAG
ANTROBUT	ANTROBUT	sellerratings.com	HTTPS://WWW.SELLERRATINGS.COM/AMAZON/USA/ANTROBUT
ANUCK	ANUCK	sellerratings.com	HTTPS://WWW.SELLERRATINGS.COM/AMAZON/USA/ANUCK
ANVEVO	ANVEVO	sellerratings.com	HTTPS://WWW.SELLERRATINGS.COM/AMAZON/USA/ANVEVO
ANXINGO	ANXINGO	sellerratings.com	HTTPS://WWW.SELLERRATINGS.COM/AMAZON/USA/ANXINGO~
ANXINGOU	ANXINGO	sellerratings.com	HTTPS://WWW.SELLERRATINGS.COM/AMAZON/USA/ANXINGO~
ANYQOO	ANYQOO	sellerratings.com	HTTPS://WWW.SELLERRATINGS.COM/AMAZON/USA/ANYQOO
ANZERWIN	ANZERWIN	sellerratings.com	HTTPS://WWW.SELLERRATINGS.COM/AMAZON/USA/ANZERWIN
AOCOOM	AOCOOM	sellerratings.com	HTTPS://WWW.SELLERRATINGS.COM/AMAZON/USA/AOCOOM
AOGBRA	AOGBRA	sellerratings.com	HTTPS://WWW.SELLERRATINGS.COM/AMAZON/USA/AOGBRA
AOGLENIC	AOGLENIC	sellerratings.com	HTTPS://WWW.SELLERRATINGS.COM/AMAZON/USA/AOGLENIC
AOJAKI	AOJAKIUS	sellerratings.com	HTTPS://WWW.SELLERRATINGS.COM/AMAZON/USA/AOJAKI-US
AOMEISI	AOMEISISECURITY	sellerratings.com	HTTPS://WWW.SELLERRATINGS.COM/AMAZON/USA/AOMEISI-SECURITY
AONEAR	AONEARDIRECT	sellerratings.com	HTTPS://WWW.SELLERRATINGS.COM/AMAZON/USA/AONEARDIRECT
AONECER	AONECER	sellerratings.com	HTTPS://WWW.SELLERRATINGS.COM/AMAZON/USA/AONECER
AONEREX	AONEREX	sellerratings.com	HTTPS://WWW.SELLERRATINGS.COM/AMAZON/USA/AONEREX
AONTESS	AONTESS	sellerratings.com	HTTPS://WWW.SELLERRATINGS.COM/AMAZON/USA/AONTESS
AOPUTTRIVER	AOPUTTRIVERUS	sellerratings.com	HTTPS://WWW.SELLERRATINGS.COM/AMAZON/USA/AOPUTTRIVER-US
AORAWA	AORAW	sellerratings.com	HTTPS://WWW.SELLERRATINGS.COM/AMAZON/USA/AORAW
AOSINA	AOSINA	sellerratings.com	HTTPS://WWW.SELLERRATINGS.COM/AMAZON/USA/AOSINA
AOTHOD	AOTHOD	sellerratings.com	HTTPS://WWW.SELLERRATINGS.COM/AMAZON/USA/AOTHOD
AOTOLO	AOTOLOHOME	sellerratings.com	HTTPS://WWW.SELLERRATINGS.COM/AMAZON/USA/AOTOLO-HOME
APBEAM	APBEAM	sellerratings.com	HTTPS://WWW.SELLERRATINGS.COM/AMAZON/USA/APBEAM
APESTELLAR	APESTELLAR	sellerratings.com	HTTPS://WWW.SELLERRATINGS.COM/AMAZON/USA/APESTELLAR
APOBOB	APOBOBUS	sellerratings.com	HTTPS://WWW.SELLERRATINGS.COM/AMAZON/USA/APOBOB-US
APOLLOINTECH	APOLLOINTECH	sellerratings.com	HTTPS://WWW.SELLERRATINGS.COM/AMAZON/USA/APOLLOINTECH
APPHOME	APPHOMEUS	sellerratings.com	HTTPS://WWW.SELLERRATINGS.COM/AMAZON/USA/APPHOME-US
APPLIANCEMATE	APPLIANCEMATE	sellerratings.com	HTTPS://WWW.SELLERRATINGS.COM/AMAZON/USA/APPLIANCEMATE
APRILDRESS	APRILDRESS	sellerratings.com	HTTPS://WWW.SELLERRATINGS.COM/AMAZON/USA/APRILDRESS
APSAN	APSAN	sellerratings.com	HTTPS://WWW.SELLERRATINGS.COM/AMAZON/USA/APSAN
APXPF	APXPF	sellerratings.com	HTTPS://WWW.SELLERRATINGS.COM/AMAZON/USA/APXPF
AQIDAP	AQIDAP	sellerratings.com	HTTPS://WWW.SELLERRATINGS.COM/AMAZON/USA/AQIDAP
AQONSIE	AQONSIEUS	sellerratings.com	HTTPS://WWW.SELLERRATINGS.COM/AMAZON/USA/AQONSIE-US
AQUAFAUCET	AQUAFAUCET	sellerratings.com	HTTPS://WWW.SELLERRATINGS.COM/AMAZON/USA/AQUAFAUCET
AQZIILL	AQZIILL	sellerratings.com	HTTPS://WWW.SELLERRATINGS.COM/AMAZON/USA/AQZIILL
ARCHERYSHARLY	ARCHERYSHARLYUS	sellerratings.com	HTTPS://WWW.SELLERRATINGS.COM/AMAZON/USA/ARCHERY-SHARLY-US
ARCOOLOR	ARCOOLOR	sellerratings.com	HTTPS://WWW.SELLERRATINGS.COM/AMAZON/USA/ARCOOLOR
ARESMATA	ARESMATAUS	sellerratings.com	HTTPS://WWW.SELLERRATINGS.COM/AMAZON/USA/ARESMATA-US
ARGEOUSGOR	ARGEOUSGOR	sellerratings.com	HTTPS://WWW.SELLERRATINGS.COM/AMAZON/USA/ARGEOUSGOR
ARGONFORTY	ARGONFORTYSHOP	sellerratings.com	HTTPS://WWW.SELLERRATINGS.COM/AMAZON/USA/ARGONFORTY-SHOP
ARMEDFORCESDEPOT	ARMEDFORCESDEPOT	sellerratings.com	HTTPS://WWW.SELLERRATINGS.COM/AMAZON/USA/ARMED-FORCES-DEPOT
AROPRANK	AROPRANK	sellerratings.com	HTTPS://WWW.SELLERRATINGS.COM/AMAZON/USA/AROPRANK-STORE
ARRUSA	ARRUSA	sellerratings.com	HTTPS://WWW.SELLERRATINGS.COM/AMAZON/USA/ARRUSA
ARSIMAI	ARSIMAI	sellerratings.com	HTTPS://WWW.SELLERRATINGS.COM/AMAZON/USA/ARSIMAI
ARTISANSCRAFTBEYONDMANUFACTURING	ARTISANSCRAFTBEYONDMANUFACTURING	sellerratings.com	HTTPS://WWW.SELLERRATINGS.COM/AMAZON/USA/ARTISANS-CRAFT-BEYOND-MANUFACTURING
ARTRELLO	ARTRELLO	sellerratings.com	HTTPS://WWW.SELLERRATINGS.COM/AMAZON/USA/ARTRELLO
ARTRELLO	GEMGRUDIRECT	sellerratings.com	HTTPS://WWW.SELLERRATINGS.COM/AMAZON/USA/ARTRELLODIRECT
ARTSWISH	ARTSWISHDIRECT	sellerratings.com	HTTPS://WWW.SELLERRATINGS.COM/AMAZON/USA/ARTSWISH-DIRECT
ARTSWITHLY	ARTSWITHLY	sellerratings.com	HTTPS://WWW.SELLERRATINGS.COM/AMAZON/USA/ARTSWITHLY
ARTTRANSON	ARTTRANSON	sellerratings.com	HTTPS://WWW.SELLERRATINGS.COM/AMAZON/JAPAN/ARTTRANSON
ARUKIHAIR	ARUKIHAIR	sellerratings.com	HTTPS://WWW.SELLERRATINGS.COM/AMAZON/USA/ARUKI-HAIR
ARYEE	ARYEE	sellerratings.com	HTTPS://WWW.SELLERRATINGS.COM/AMAZON/USA/ARYEE
ASCENTYER	ASCENTYER	sellerratings.com	HTTPS://WWW.SELLERRATINGS.COM/AMAZON/USA/ASCENTYER
ASERLIN	ASERLINDIRECT	sellerratings.com	HTTPS://WWW.SELLERRATINGS.COM/AMAZON/USA/ASERLIN-DIRECT
ASERSON	ASERSON	sellerratings.com	HTTPS://WWW.SELLERRATINGS.COM/AMAZON/USA/ASERSON
ASHIHOTI	ASHIHOTIOFFICIALSY	sellerratings.com	HTTPS://WWW.SELLERRATINGS.COM/AMAZON/USA/ASHIHOTI-OFFICIAL-SY
ASHIHOTIOFFICIAL	ASHIHOTIOFFICIALSY	sellerratings.com	HTTPS://WWW.SELLERRATINGS.COM/AMAZON/USA/ASHIHOTI-OFFICIAL-SY
ASIEGTOOL	ASIEGTOOL	sellerratings.com	HTTPS://WWW.SELLERRATINGS.COM/AMAZON/USA/ASIEG-TOOL
ASONPAO	ASONPAOUS	sellerratings.com	HTTPS://WWW.SELLERRATINGS.COM/AMAZON/USA/ASONPAO-US
ATICASPORT	ATICASPORT	sellerratings.com	HTTPS://WWW.SELLERRATINGS.COM/AMAZON/USA/ATICASPORT
ATMOMO	ATMOMO	sellerratings.com	HTTPS://WWW.SELLERRATINGS.COM/AMAZON/USA/ATMOMO
ATNEDCVH	ATNEDCVH	sellerratings.com	HTTPS://WWW.SELLERRATINGS.COM/AMAZON/USA/ATNEDCVH
ATOMZING	ATOMZING	sellerratings.com	HTTPS://WWW.SELLERRATINGS.COM/AMAZON/USA/ATOMZING
ATOTALOF	ATOTALOF	sellerratings.com	HTTPS://WWW.SELLERRATINGS.COM/AMAZON/USA/ATOTALOF
ATUDER	ATUDERDIRECT	sellerratings.com	HTTPS://WWW.SELLERRATINGS.COM/AMAZON/USA/ATUDER-DIRECT
AUDHEID	AUDHEID	sellerratings.com	HTTPS://WWW.SELLERRATINGS.COM/AMAZON/USA/AUDHEID
AUKENIEN	AUKENIENOFFICIALUS	sellerratings.com	HTTPS://WWW.SELLERRATINGS.COM/AMAZON/USA/AUKENIEN-OFFICIAL-US
AUKVITE	AUKVITEUS	sellerratings.com	HTTPS://WWW.SELLERRATINGS.COM/AMAZON/USA/AUKVITE-US
AUOKAI	AUOKAI	sellerratings.com	HTTPS://WWW.SELLERRATINGS.COM/AMAZON/UK/AUOKAI
AUOPLUS	AUOPLUSTECHNOLOGY	sellerratings.com	HTTPS://WWW.SELLERRATINGS.COM/AMAZON/USA/AUOPLUS-TECHNOLOGY
AUPERF	AUPERF	sellerratings.com	HTTPS://WWW.SELLERRATINGS.COM/AMAZON/USA/AUPERF
AUPLF	AUPLF	sellerratings.com	HTTPS://WWW.SELLERRATINGS.COM/AMAZON/USA/AUPLF
AURASEASON	AURASEASONDIRECT	sellerratings.com	HTTPS://WWW.SELLERRATINGS.COM/AMAZON/USA/AURASEASON-DIRECT
AURIANI	AURIANIUS	sellerratings.com	HTTPS://WWW.SELLERRATINGS.COM/AMAZON/USA/AURIANI-US
AUSAIL	AUSAIL	sellerratings.com	HTTPS://WWW.SELLERRATINGS.COM/AMAZON/USA/AUSAIL
AUSCOUMER	AUSCOUMER	sellerratings.com	HTTPS://WWW.SELLERRATINGS.COM/AMAZON/USA/AUSCOUMER
AUSPA	AUSPATECH	sellerratings.com	HTTPS://WWW.SELLERRATINGS.COM/AMAZON/USA/AUSPA-TECH
AUTDER	AUTDERUS	sellerratings.com	HTTPS://WWW.SELLERRATINGS.COM/AMAZON/USA/AUTDER-US
AUTELO	AUTELO	sellerratings.com	HTTPS://WWW.SELLERRATINGS.COM/AMAZON/USA/AUTELO
AUTIGERSAFE	AUTIGERSAFE	sellerratings.com	HTTPS://WWW.SELLERRATINGS.COM/AMAZON/USA/AUTIGERSAFE
AUTOBBOX	AFATEBOX	sellerratings.com	HTTPS://WWW.SELLERRATINGS.COM/AMAZON/USA/AFATEBOX
AUTODYNASTY	AUTODYNASTY	sellerratings.com	HTTPS://WWW.SELLERRATINGS.COM/AMAZON/USA/AUTO-DYNASTY
AUTOFITPRO	AUTOFITPRO	sellerratings.com	HTTPS://WWW.SELLERRATINGS.COM/AMAZON/USA/AUTOFITPRO
AUTOFOREVER	AUTOFOREVER	sellerratings.com	HTTPS://WWW.SELLERRATINGS.COM/AMAZON/USA/AUTOFOREVER
AUTOZENSATION	AUTOZENSATION	sellerratings.com	HTTPS://WWW.SELLERRATINGS.COM/AMAZON/USA/AUTOZENSATION
AUTSMILE	AUTSMILE	sellerratings.com	HTTPS://WWW.SELLERRATINGS.COM/AMAZON/USA/AUTSMILE-LLC
AUTSOP	AUTSOP	sellerratings.com	HTTPS://WWW.SELLERRATINGS.COM/AMAZON/USA/AUTSOP
AUXTUN	AUXTUN	sellerratings.com	HTTPS://WWW.SELLERRATINGS.COM/AMAZON/USA/AUXTUN
AUZILAR	AUZILAR	sellerratings.com	HTTPS://WWW.SELLERRATINGS.COM/AMAZON/USA/AUZILAR
AVEYASG	AVEYASUS	sellerratings.com	HTTPS://WWW.SELLERRATINGS.COM/AMAZON/USA/AVEYAS-US
AVEYLUM	AVEYLUMONLINE	sellerratings.com	HTTPS://WWW.SELLERRATINGS.COM/AMAZON/USA/AVEYLUM-ONLINE
AVITAPURE	AVITAPUREOFFICIAL	sellerratings.com	HTTPS://WWW.SELLERRATINGS.COM/AMAZON/USA/AVITAPURE-OFFICIAL-STORE
AWATERWANG	WATERWANG	sellerratings.com	HTTPS://WWW.SELLERRATINGS.COM/AMAZON/USA/WATERWANG
AWEGO	AWEGO	sellerratings.com	HTTPS://WWW.SELLERRATINGS.COM/AMAZON/USA/AWEGO
AWEGO	AWEGOO	sellerratings.com	HTTPS://WWW.SELLERRATINGS.COM/AMAZON/USA/AWEGOO
AWELIFE	AWELIFE	sellerratings.com	HTTPS://WWW.SELLERRATINGS.COM/AMAZON/USA/AWELIFE-INC
AWLSTAR	AWLSTAR	sellerratings.com	HTTPS://WWW.SELLERRATINGS.COM/AMAZON/USA/AWLSTAR
AWONOSO	AWONOSODIRECT	sellerratings.com	HTTPS://WWW.SELLERRATINGS.COM/AMAZON/USA/AWONOSO-DIRECT
AWORLDOFDEALS	WORLDDEALSUSA	sellerratings.com	HTTPS://WWW.SELLERRATINGS.COM/AMAZON/USA/WORLD-DEALS-USA
AWPEYE	AWPEYEDIRECTCO	sellerratings.com	HTTPS://WWW.SELLERRATINGS.COM/AMAZON/USA/AWPEYE-DIRECT-CO
AXCELIGHT	AXCEFANFANUS	sellerratings.com	HTTPS://WWW.SELLERRATINGS.COM/AMAZON/USA/AXCEFANFAN-US
AXIBA	AXIBA	sellerratings.com	HTTPS://WWW.SELLERRATINGS.COM/AMAZON/USA/AXIBA-
AXSHINE	FANGYANMEI	sellerratings.com	HTTPS://WWW.SELLERRATINGS.COM/AMAZON/USA/FANGYANMEI
AXUF	AXUFBEAUTYTECHNOLOGY	sellerratings.com	HTTPS://WWW.SELLERRATINGS.COM/AMAZON/USA/AXUF-BEAUTY-TECHNOLOGY
AYEWAY	AYEWAY	sellerratings.com	HTTPS://WWW.SELLERRATINGS.COM/AMAZON/USA/AYEWAY
AYIAREN	AYIAREN	sellerratings.com	HTTPS://WWW.SELLERRATINGS.COM/AMAZON/USA/AYIAREN
AYQWE	AYQWE	sellerratings.com	HTTPS://WWW.SELLERRATINGS.COM/AMAZON/USA/AYQWE
AZOKOE	AZOKOE	sellerratings.com	HTTPS://WWW.SELLERRATINGS.COM/AMAZON/USA/AZOKOE
AZUNO	AZUNO	sellerratings.com	HTTPS://WWW.SELLERRATINGS.COM/AMAZON/USA/AZUNO
BABAMU	BABAMUUS	sellerratings.com	HTTPS://WWW.SELLERRATINGS.COM/AMAZON/USA/BABAMU-US
BACKKTCL	BACKKTCLUS	sellerratings.com	HTTPS://WWW.SELLERRATINGS.COM/AMAZON/USA/BACK-KTCL-US
BADASHENG	BADASHENG	sellerratings.com	HTTPS://WWW.SELLERRATINGS.COM/AMAZON/USA/BADASHENG
BAGLHER	BAGLHER	sellerratings.com	HTTPS://WWW.SELLERRATINGS.COM/AMAZON/USA/BAGLHER
BALCONYFALCON	BALCONYFALCONFLAGSHIPSTOREUS	sellerratings.com	HTTPS://WWW.SELLERRATINGS.COM/AMAZON/USA/BALCONY-FALCON-FLAGSHIP-STORE-US
BANG4BUCK	BANG4BUCK	sellerratings.com	HTTPS://WWW.SELLERRATINGS.COM/AMAZON/USA/BANG4BUCK
BANLTRE	BANLTRE	sellerratings.com	HTTPS://WWW.SELLERRATINGS.COM/AMAZON/USA/BANLTRE
BANNAD	BANNAD	sellerratings.com	HTTPS://WWW.SELLERRATINGS.COM/AMAZON/USA/BANNAD
BARALIR	BARALIR	sellerratings.com	HTTPS://WWW.SELLERRATINGS.COM/AMAZON/USA/BARALIR
BARCETINE	BARCETINEGROUP	sellerratings.com	HTTPS://WWW.SELLERRATINGS.COM/AMAZON/USA/BARCETINE-GROUP
BARCHIHEAT	BARCHIHEAT	sellerratings.com	HTTPS://WWW.SELLERRATINGS.COM/AMAZON/USA/BARCHI-HEAT-STORE
BARGAINPARADISE	BARGAINPARADISE	sellerratings.com	HTTPS://WWW.SELLERRATINGS.COM/AMAZON/USA/BARGAIN-PARADISE-LLC
BARNERHOME	BARNERHOME	sellerratings.com	HTTPS://WWW.SELLERRATINGS.COM/AMAZON/USA/BARNERHOME
BARUDANGOLF	BARUDANGOLF	sellerratings.com	HTTPS://WWW.SELLERRATINGS.COM/AMAZON/USA/BARUDAN-GOLF
BASESAILOR	BASESAILORDIRECT	sellerratings.com	HTTPS://WWW.SELLERRATINGS.COM/AMAZON/USA/BASESAILOR-DIRECT
BATTIFE	BATTIFE	sellerratings.com	HTTPS://SELLERRATINGS.COM/AMAZON/USA/BATTIFE
BBMHOBBY	BBMHOBBYSTORE	sellerratings.com	HTTPS://WWW.SELLERRATINGS.COM/AMAZON/USA/BBM-HOBBYSTORE
BBQMALL	BBQMALLDIRECT	sellerratings.com	HTTPS://WWW.SELLERRATINGS.COM/AMAZON/USA/BBQMALL-DIRECT
BEARDODECOR	BEARDODECOR	sellerratings.com	HTTPS://WWW.SELLERRATINGS.COM/AMAZON/USA/BEARDO-DECOR
BEARMOOTEK	BEARMOOTEK	sellerratings.com	HTTPS://WWW.SELLERRATINGS.COM/AMAZON/USA/BEARMOOTEK
BEATBASIC	BEATBASICDIRECT	sellerratings.com	HTTPS://WWW.SELLERRATINGS.COM/AMAZON/USA/BEATBASIC-DIRECT
BEAULLNUIT	BEAULLNUITMATTRESS	sellerratings.com	HTTPS://WWW.SELLERRATINGS.COM/AMAZON/USA/BEAULLNUIT-MATTRESS
BEAULLY	BEAULLYUS	sellerratings.com	HTTPS://WWW.SELLERRATINGS.COM/AMAZON/USA/BEAULLY-US
BEBIKIM	BEBIKIM	sellerratings.com	HTTPS://WWW.SELLERRATINGS.COM/AMAZON/USA/BEBIKIM
BECAILYER	BECAILYERSHOP	sellerratings.com	HTTPS://WWW.SELLERRATINGS.COM/AMAZON/USA/BECAILYER-SHOP
BECOLER	BECOLER	sellerratings.com	HTTPS://WWW.SELLERRATINGS.COM/AMAZON/USA/BECOLER-STORE
BEDBAY	BEDBAY	sellerratings.com	HTTPS://WWW.SELLERRATINGS.COM/AMAZON/USA/BEDBAY
BEDIFYBEDDING	BEDIFYBEDDING	sellerratings.com	HTTPS://WWW.SELLERRATINGS.COM/AMAZON/USA/BEDIFY-BEDDING
BEDUFSAR	BEDUFSARBEDDING	sellerratings.com	HTTPS://WWW.SELLERRATINGS.COM/AMAZON/USA/BEDUFSAR-BEDDING
BEEAGLE	BEEAGLEOUTDOOR	sellerratings.com	HTTPS://WWW.SELLERRATINGS.COM/AMAZON/USA/BEEAGLE-OUTDOOR
BEEFIX	BEEFIXDIRECT	sellerratings.com	HTTPS://WWW.SELLERRATINGS.COM/AMAZON/USA/BEEFIX-DIRECT
BEFENYBAY	BEFENYBAY	sellerratings.com	HTTPS://WWW.SELLERRATINGS.COM/AMAZON/USA/BEFENYBAY
BEGINREALLY	BEGINREALLY	sellerratings.com	HTTPS://WWW.SELLERRATINGS.COM/AMAZON/GERMANY/BEGINREALLY
BEHESO	BEHESO	sellerratings.com	HTTPS://WWW.SELLERRATINGS.COM/AMAZON/USA/BEHESO
BEIKALONE	BEIKALONEUS	sellerratings.com	HTTPS://WWW.SELLERRATINGS.COM/AMAZON/USA/BEIKALONE-US
BEKADA	BEKADA	sellerratings.com	HTTPS://WWW.SELLERRATINGS.COM/AMAZON/USA/BEKADA
BEKIZO	BEKIZO	sellerratings.com	HTTPS://WWW.SELLERRATINGS.COM/AMAZON/USA/BEKIZO
BELIEFLUO	BELIEFLUO	sellerratings.com	HTTPS://WWW.SELLERRATINGS.COM/AMAZON/USA/BELIEFLUO
BELLATAVO	BELLATAVORETAILSERVICES	sellerratings.com	HTTPS://WWW.SELLERRATINGS.COM/AMAZON/USA/BELLATAVO-RETAIL-SERVICES
BELLEBOOST	BELLEBOOST	sellerratings.com	HTTPS://WWW.SELLERRATINGS.COM/AMAZON/USA/BELLEBOOST
BELLEMAX	BELLEMAX	sellerratings.com	HTTPS://WWW.SELLERRATINGS.COM/AMAZON/FRANCE/BELLEMAX
BELLEZASUPREMA	BELLEZASUPREMA	sellerratings.com	HTTPS://WWW.SELLERRATINGS.COM/AMAZON/USA/BELLEZA-SUPREMA
BELOAFIE	BELOAFIE	sellerratings.com	HTTPS://WWW.SELLERRATINGS.COM/AMAZON/USA/BELOAFIE
BELOVANCE	BELOVANCE	sellerratings.com	HTTPS://WWW.SELLERRATINGS.COM/AMAZON/USA/BELOVANCE
BEMAYSTAR	BEMAYSTAR	sellerratings.com	HTTPS://WWW.SELLERRATINGS.COM/AMAZON/USA/BEMAYSTAR
BENAIL	BELINLEN	sellerratings.com	HTTPS://SELLERRATINGS.COM/AMAZON/USA/BENAIL-STORE
BENEXMART	BENEXMART	sellerratings.com	HTTPS://WWW.SELLERRATINGS.COM/AMAZON/UK/BENEXMART
BENNTOP	BENNTOP	sellerratings.com	HTTPS://WWW.SELLERRATINGS.COM/AMAZON/GERMANY/BENNTOP
BENTMAX	BENAXDIRECT	sellerratings.com	HTTPS://WWW.SELLERRATINGS.COM/AMAZON/USA/BENTMAX-DIRECT
BENVO	BENVOOFFICIAL	sellerratings.com	HTTPS://WWW.SELLERRATINGS.COM/AMAZON/USA/BENVO-OFFICIAL
BERISSA	BERISSAOFFICIALFLAGSHIP	sellerratings.com	HTTPS://WWW.SELLERRATINGS.COM/AMAZON/USA/BERISSA-OFFICIAL-FLAGSHIP-STORE
BERKINARTS	BERKINARTSWORKS	sellerratings.com	HTTPS://WWW.SELLERRATINGS.COM/AMAZON/USA/BERKIN-ARTS-WORKS
BERKLAN	BERKLAN	sellerratings.com	HTTPS://WWW.SELLERRATINGS.COM/AMAZON/USA/BERKLAN
BERTAPES	BERTAPES	sellerratings.com	HTTPS://WWW.SELLERRATINGS.COM/AMAZON/USA/BERTAPES
BESFAN	USBESFAN	sellerratings.com	HTTPS://WWW.SELLERRATINGS.COM/AMAZON/USA/US-BESFAN
BESLOWE	BESLOWEUSA	sellerratings.com	HTTPS://WWW.SELLERRATINGS.COM/AMAZON/USA/BESLOWE-USA
BESSTOIL	BESSTOILUS	sellerratings.com	HTTPS://WWW.SELLERRATINGS.COM/AMAZON/USA/BESSTOIL-US
BESTBUYDAMASCUS1	BESTBUYDAMASCUS1	sellerratings.com	HTTPS://WWW.SELLERRATINGS.COM/AMAZON/USA/BESTBUYDAMASCUS1
BESTELLIE	BESTELLIE	sellerratings.com	HTTPS://WWW.SELLERRATINGS.COM/AMAZON/UK/BESTELLIE
BESTMAL	BESTMAL	sellerratings.com	HTTPS://WWW.SELLERRATINGS.COM/AMAZON/USA/BESTMAL
BESTOMZ	BESTOMZ	sellerratings.com	HTTPS://WWW.SELLERRATINGS.COM/AMAZON/USA/BESTOMZ
BESTOOLPROFESSIONALGARAGETOOLS	BESTOOLGARAGEEQUIPMENT	sellerratings.com	HTTPS://WWW.SELLERRATINGS.COM/AMAZON/USA/BESTOOL-GARAGE-EQUIPMENT
BESTPARTSCOM	BESTPARTSCOM	sellerratings.com	HTTPS://WWW.SELLERRATINGS.COM/AMAZON/USA/BESTPARTSCOM
BESTSHARED	BESTSHARED	sellerratings.com	HTTPS://WWW.SELLERRATINGS.COM/AMAZON/USA/BESTSHARED
BETESYHARDWARE	BETESYHARDWARE	sellerratings.com	HTTPS://WWW.SELLERRATINGS.COM/AMAZON/USA/BETESY-HARDWARE
BETTERCRAFTS	BETTERCRAFTS	sellerratings.com	HTTPS://WWW.SELLERRATINGS.COM/AMAZON/USA/BETTER-CRAFTS
BETTERFUTUREGLASS	BETTERFUTUREGLASS	sellerratings.com	HTTPS://WWW.SELLERRATINGS.COM/AMAZON/USA/BETTER-FUTURE-GLASS
BETYHOM	BETYHOMART	sellerratings.com	HTTPS://WWW.SELLERRATINGS.COM/AMAZON/USA/BETYHOM-ART
BEVILIU	BEVILIUUS	sellerratings.com	HTTPS://WWW.SELLERRATINGS.COM/AMAZON/USA/BEVILIU-US
BEWAHLY	BEWAHLY	sellerratings.com	HTTPS://WWW.SELLERRATINGS.COM/AMAZON/GERMANY/BEWAHLY
BEWAMF	BEWAMFLIGHTING	sellerratings.com	HTTPS://WWW.SELLERRATINGS.COM/AMAZON/USA/BEWAMF-LIGHTING
BEWAMFLIGHTING	BEWAMFLIGHTING	sellerratings.com	HTTPS://WWW.SELLERRATINGS.COM/AMAZON/USA/BEWAMF-LIGHTING
BEXTOO	BEXTOO	sellerratings.com	HTTPS://WWW.SELLERRATINGS.COM/AMAZON/USA/BEXTOO-STORE
BEYXDU	BEYXDU	sellerratings.com	HTTPS://WWW.SELLERRATINGS.COM/AMAZON/USA/BEYXDU
BHHOMELINEN	BHHOMELINEN	sellerratings.com	HTTPS://WWW.SELLERRATINGS.COM/AMAZON/USA/BH-HOME-LINEN
BICYACO	BICYACO	sellerratings.com	HTTPS://WWW.SELLERRATINGS.COM/AMAZON/USA/BICYACO
BIDIUTOY	BIDIUTOYOFFICIAL	sellerratings.com	HTTPS://WWW.SELLERRATINGS.COM/AMAZON/USA/BIDIUTOY-OFFICIAL-STORE
BIGLIONX	BIGLIONX	sellerratings.com	HTTPS://WWW.SELLERRATINGS.COM/AMAZON/USA/BIGLIONX
BIMASO	BIMASO	sellerratings.com	HTTPS://WWW.SELLERRATINGS.COM/AMAZON/USA/BIMASO
BIMKOLE	BIMKOLE	sellerratings.com	HTTPS://WWW.SELLERRATINGS.COM/AMAZON/USA/BIMKOLE
BINACL	BINACL	sellerratings.com	HTTPS://WWW.SELLERRATINGS.COM/AMAZON/USA/BINACL
BINBATA	BINBATAHOMELIFE	sellerratings.com	HTTPS://WWW.SELLERRATINGS.COM/AMAZON/USA/BINBATA-HOME-LIFE-STORE
BINXIN	BINXINBM	sellerratings.com	HTTPS://WWW.SELLERRATINGS.COM/AMAZON/USA/BINXIN-BM
BIOTERTI	BIOTERTI	sellerratings.com	HTTPS://WWW.SELLERRATINGS.COM/AMAZON/USA/BIOTERTI
BISELONG	BISELONG	sellerratings.com	HTTPS://WWW.SELLERRATINGS.COM/AMAZON/USA/BISELONG
BISEN	BISENTECH	sellerratings.com	HTTPS://WWW.SELLERRATINGS.COM/AMAZON/USA/BISEN-TECH
BISEOAMZ	BISEOAMZ	sellerratings.com	HTTPS://WWW.SELLERRATINGS.COM/AMAZON/UK/BISEOAMZ
BISHUIGE	BISHUIGE	sellerratings.com	HTTPS://WWW.SELLERRATINGS.COM/AMAZON/USA/BISHUIGE
BISLINKS	BISLINKS	sellerratings.com	HTTPS://WWW.SELLERRATINGS.COM/AMAZON/USA/BISLINKS
BIUCLY	BIUCLY	sellerratings.com	HTTPS://WWW.SELLERRATINGS.COM/AMAZON/USA/BIUCLY
BJGXFMQ	BJGXFMQDIRECT	sellerratings.com	HTTPS://WWW.SELLERRATINGS.COM/AMAZON/USA/BJGXFMQ-DIRECT
BJMCOLLECTION	BJMCOLLECTION	sellerratings.com	HTTPS://WWW.SELLERRATINGS.COM/AMAZON/USA/BJM-COLLECTION
BKISY	BKISY	sellerratings.com	HTTPS://WWW.SELLERRATINGS.COM/AMAZON/USA/BKISY
BLACKTIEMERCANTILE	BLACKTIEMERCANTILE	sellerratings.com	HTTPS://WWW.SELLERRATINGS.COM/AMAZON/USA/BLACK-TIE-MERCANTILE
BLAZCO	BLAZECO	sellerratings.com	HTTPS://WWW.SELLERRATINGS.COM/AMAZON/USA/BLAZECO
BLAZINGSTEEL	BLAZINGSTEELSHOP	sellerratings.com	HTTPS://WWW.SELLERRATINGS.COM/AMAZON/USA/BLAZING-STEEL-SHOP
BLESION	BLESION	sellerratings.com	HTTPS://WWW.SELLERRATINGS.COM/AMAZON/FRANCE/BLESION
BLETELEH	BLETELEH	sellerratings.com	HTTPS://WWW.SELLERRATINGS.COM/AMAZON/USA/BLETELEH
BLIIFUU	BLIIFUU	sellerratings.com	HTTPS://WWW.SELLERRATINGS.COM/AMAZON/USA/BLIIFUU
BLINDSEMPORIUMOFGA	BLINDSEMPORIUMOFGA	sellerratings.com	HTTPS://WWW.SELLERRATINGS.COM/AMAZON/USA/BLINDS-EMPORIUM-OF-GA
BLONLIER	BLONLIER	sellerratings.com	HTTPS://WWW.SELLERRATINGS.COM/AMAZON/USA/BLONLIER
BLOOMONDO	BLOOMONDO	sellerratings.com	HTTPS://WWW.SELLERRATINGS.COM/AMAZON/USA/BLOOMONDO
BLSBLUES	BLSBLUES	sellerratings.com	HTTPS://WWW.SELLERRATINGS.COM/AMAZON/USA/BLS-BLUES
BLSCODE	BLSCODE	sellerratings.com	HTTPS://WWW.SELLERRATINGS.COM/AMAZON/USA/BLSCODE-STORE
BLUEHUO	BUEHUO	sellerratings.com	HTTPS://WWW.SELLERRATINGS.COM/AMAZON/USA/BUEHUO
BLUELAKEPERFORMANCE	BLUELAKEPERFORMANCE	sellerratings.com	HTTPS://WWW.SELLERRATINGS.COM/AMAZON/USA/BLUE-LAKE-PERFORMANCE
BMOTORPARTS	BMOTORPARTS	sellerratings.com	HTTPS://WWW.SELLERRATINGS.COM/AMAZON/USA/BMOTORPARTS
BMVINVOL	BMVINVOL	sellerratings.com	HTTPS://WWW.SELLERRATINGS.COM/AMAZON/USA/BMVINVOL
BMXKPO	BMXKPO	sellerratings.com	HTTPS://WWW.SELLERRATINGS.COM/AMAZON/USA/BMXKPO
BNIUT	BNIUT	sellerratings.com	HTTPS://WWW.SELLERRATINGS.COM/AMAZON/USA/BINGHEXIN
BNYWIRELESS	BNYWIRELESS	sellerratings.com	HTTPS://WWW.SELLERRATINGS.COM/AMAZON/USA/BNY-WIRELESS-INC
BOARAINO	BOARAINO	sellerratings.com	HTTPS://WWW.SELLERRATINGS.COM/AMAZON/USA/BOARAINO
BOARDATTACKPAPERCRAFTSTUDIO	BOARDATTACKPAPERCRAFTSTUDIO	sellerratings.com	HTTPS://WWW.SELLERRATINGS.COM/AMAZON/USA/BOARDATTACK-PAPERCRAFT-STUDIO
BOBOPAI	BOBOPAI	sellerratings.com	HTTPS://WWW.SELLERRATINGS.COM/AMAZON/UK/BOBOPAI
BODICAL	BODICAL	sellerratings.com	HTTPS://WWW.SELLERRATINGS.COM/AMAZON/USA/BODICAL
BOETPCR	BOETPCRUS	sellerratings.com	HTTPS://WWW.SELLERRATINGS.COM/AMAZON/USA/BOETPCR-US
BOFELL	BOFELL	sellerratings.com	HTTPS://WWW.SELLERRATINGS.COM/AMAZON/USA/BOFELL
BOHISEN	BOHISENSHOP	sellerratings.com	HTTPS://WWW.SELLERRATINGS.COM/AMAZON/USA/BOHISEN-SHOP
BOIEO	BOIEO	sellerratings.com	HTTPS://WWW.SELLERRATINGS.COM/AMAZON/USA/BOIEO
BOKEER	BOKEER	sellerratings.com	HTTPS://WWW.SELLERRATINGS.COM/AMAZON/USA/BOKEER
BOKELEYCHRISTMAS	BOKELEY	sellerratings.com	HTTPS://WWW.SELLERRATINGS.COM/AMAZON/USA/BOKELEY
BOKYWOX	BOKYWOX	sellerratings.com	HTTPS://WWW.SELLERRATINGS.COM/AMAZON/USA/BOKYWOX
BOLBOVE	BOLBOVE	sellerratings.com	HTTPS://WWW.SELLERRATINGS.COM/AMAZON/USA/BOLBOVE
BOLDDIVINE	BOLDDIVINE	sellerratings.com	HTTPS://WWW.SELLERRATINGS.COM/AMAZON/USA/BOLD-DIVINE
BOLITE	BOLITEUSA	sellerratings.com	HTTPS://WWW.SELLERRATINGS.COM/AMAZON/USA/BOLITE-USA
BOLOSTA	BOLOSTAUS	sellerratings.com	HTTPS://WWW.SELLERRATINGS.COM/AMAZON/USA/BOLOSTA-US
BOMKVIN	BOMKVIN	sellerratings.com	HTTPS://WWW.SELLERRATINGS.COM/AMAZON/USA/BOMKVIN
BOMLY	BOMLY	sellerratings.com	HTTPS://WWW.SELLERRATINGS.COM/AMAZON/USA/BOMLY
BOMYEES	BOMYEES	sellerratings.com	HTTPS://WWW.SELLERRATINGS.COM/AMAZON/USA/BOMYEES
BONNLO	BONNLO	sellerratings.com	HTTPS://WWW.SELLERRATINGS.COM/AMAZON/USA/BONNLO
BONSTATO	BONSTATO	sellerratings.com	HTTPS://WWW.SELLERRATINGS.COM/AMAZON/USA/BONSTATO-INC
BONTEND	BONTENDCOMPANY	sellerratings.com	HTTPS://WWW.SELLERRATINGS.COM/AMAZON/USA/BONTEND-COMPANY
BOOGOSTORE	BOOGOSTOREUS	sellerratings.com	HTTPS://WWW.SELLERRATINGS.COM/AMAZON/USA/BOOGOSTORE-US
BOOQOOL	BOOQOOL	sellerratings.com	HTTPS://WWW.SELLERRATINGS.COM/AMAZON/USA/BOOQOOL
BOOSTEADY	BOOSTEADY	sellerratings.com	HTTPS://WWW.SELLERRATINGS.COM/AMAZON/USA/BOOSTEADY-STORE
BOPRIO	BOPRIO	sellerratings.com	HTTPS://WWW.SELLERRATINGS.COM/AMAZON/USA/BOPRIO
BORACELL	BORACELL	sellerratings.com	HTTPS://WWW.SELLERRATINGS.COM/AMAZON/USA/BORACELL
BORNFEEL	BORNFEELUS	sellerratings.com	HTTPS://WWW.SELLERRATINGS.COM/AMAZON/USA/BORNFEEL-US
BORNKU	BORNKUUS	sellerratings.com	HTTPS://WWW.SELLERRATINGS.COM/AMAZON/USA/BORNKU-US
BORTENG	BORTENG	sellerratings.com	HTTPS://WWW.SELLERRATINGS.COM/AMAZON/USA/BORTENG
BOSENBOWS	BOSENBOWS	sellerratings.com	HTTPS://WWW.SELLERRATINGS.COM/AMAZON/USA/BOSENBOWS
BOTEFEI	BOTEFEI	sellerratings.com	HTTPS://WWW.SELLERRATINGS.COM/AMAZON/USA/BOTEFEI
BOUNHOHE	BOUNHOHE	sellerratings.com	HTTPS://WWW.SELLERRATINGS.COM/AMAZON/UK/BOUNHOHE
BOUTIKPRO	BOUTIKPRO	sellerratings.com	HTTPS://WWW.SELLERRATINGS.COM/AMAZON/FRANCE/BOUTIKPRO
BOXLOOD	BOXLOOD	sellerratings.com	HTTPS://WWW.SELLERRATINGS.COM/AMAZON/USA/BOXLOOD-INC
BPAZVUH	BPAZVUHUS	sellerratings.com	HTTPS://WWW.SELLERRATINGS.COM/AMAZON/USA/BPAZVUH-US
BRAECN	BRAECN	sellerratings.com	HTTPS://WWW.SELLERRATINGS.COM/AMAZON/USA/BRAECN
BRAINYTRADE	BRAINYTRADE	sellerratings.com	HTTPS://WWW.SELLERRATINGS.COM/AMAZON/USA/BRAINYTRADE
BRANDLOUIE	BRANDLOUIE	sellerratings.com	HTTPS://WWW.SELLERRATINGS.COM/AMAZON/USA/BRANDLOUIE
BRANDONSUPER	BRANDONSUPERSHOPUS	sellerratings.com	HTTPS://WWW.SELLERRATINGS.COM/AMAZON/USA/BRANDON-SUPER-SHOP-US
BRAPILOT	BRAPILOT	sellerratings.com	HTTPS://WWW.SELLERRATINGS.COM/AMAZON/USA/BRAPILOT
BREASPEC	BREASPECUS	sellerratings.com	HTTPS://WWW.SELLERRATINGS.COM/AMAZON/USA/BREASPEC-US
BREEPOOT	BREEPOOT	sellerratings.com	HTTPS://WWW.SELLERRATINGS.COM/AMAZON/USA/BREEPOOT
BREERAINZ	BREERAINZ	sellerratings.com	HTTPS://WWW.SELLERRATINGS.COM/AMAZON/FRANCE/BREERAINZ
BREFONAK	BREFONAK	sellerratings.com	HTTPS://WWW.SELLERRATINGS.COM/AMAZON/USA/BREFONAK
BRIGENIUS	BRIGENIUS	sellerratings.com	HTTPS://WWW.SELLERRATINGS.COM/AMAZON/USA/BRIGENIUS
BRIGHTZEALHOMELEDPRODUCTS	BRIGHTZEALHOMELED	sellerratings.com	HTTPS://WWW.SELLERRATINGS.COM/AMAZON/USA/BRIGHT-ZEAL-HOME-LED
BRILENS	BRILENSTECHNOLOGYCOLTD	sellerratings.com	HTTPS://WWW.SELLERRATINGS.COM/AMAZON/USA/BRILENS-TECHNOLOGY-CO-LTD
BRILLIRARE	BRILLIRARE	sellerratings.com	HTTPS://WWW.SELLERRATINGS.COM/AMAZON/USA/BRILLIRARE
BSROZKI	BSROZKIOFFICIALLIFE	sellerratings.com	HTTPS://WWW.SELLERRATINGS.COM/AMAZON/USA/BSROZKI-OFFICIAL-LIFE-STORE
BSTOEM	BSTOEM	sellerratings.com	HTTPS://WWW.SELLERRATINGS.COM/AMAZON/USA/BSTOEM
BTBHIHO	BTBHIHODIRECT	sellerratings.com	HTTPS://WWW.SELLERRATINGS.COM/AMAZON/USA/BTBHIHO-DIRECT
BUCASSO	BUCASSO	sellerratings.com	HTTPS://WWW.SELLERRATINGS.COM/AMAZON/USA/BUCASSO
BUDDINGJOY	BUDDINGJOY	sellerratings.com	HTTPS://WWW.SELLERRATINGS.COM/AMAZON/USA/BUDDING-JOY
BUEHUO	BUEHUO	sellerratings.com	HTTPS://WWW.SELLERRATINGS.COM/AMAZON/USA/BUEHUO
BUHECO	BUHECO	sellerratings.com	HTTPS://WWW.SELLERRATINGS.COM/AMAZON/USA/BUHECO
BUHOET	BUHOETUS	sellerratings.com	HTTPS://WWW.SELLERRATINGS.COM/AMAZON/USA/BUHOET-US
BULATRY	BULATRYUS	sellerratings.com	HTTPS://WWW.SELLERRATINGS.COM/AMAZON/USA/BULATRY-US
BURGINWIN	BURGINWIN	sellerratings.com	HTTPS://WWW.SELLERRATINGS.COM/AMAZON/USA/BURGINWIN
BURLIHOME	BURLIHOME	sellerratings.com	HTTPS://WWW.SELLERRATINGS.COM/AMAZON/USA/BURLIHOME
BUYPLUS	BUYPLUSUS	sellerratings.com	HTTPS://WWW.SELLERRATINGS.COM/AMAZON/USA/BUYPLUS-US
BVCY	BVCY	sellerratings.com	HTTPS://WWW.SELLERRATINGS.COM/AMAZON/USA/BVCY
BVSCY	BVCY	sellerratings.com	HTTPS://WWW.SELLERRATINGS.COM/AMAZON/USA/BVCY
BWOGUE	BWOGUE	sellerratings.com	HTTPS://WWW.SELLERRATINGS.COM/AMAZON/USA/BWOGUE
BWOOPOP	BWOOPOPDIRECT	sellerratings.com	HTTPS://WWW.SELLERRATINGS.COM/AMAZON/USA/BWOOPOP-DIRECT
BY4U	MYVISIONDIRECT	sellerratings.com	HTTPS://WWW.SELLERRATINGS.COM/AMAZON/USA/MYVISION-DIRECT
BYHUME	BYHUMEUS	sellerratings.com	HTTPS://WWW.SELLERRATINGS.COM/AMAZON/USA/BYHUME-US
BYINGO	BYINGO	sellerratings.com	HTTPS://WWW.SELLERRATINGS.COM/AMAZON/USA/BYINGO
BYKCO	BYKCO	sellerratings.com	HTTPS://WWW.SELLERRATINGS.COM/AMAZON/USA/BYKCO
BYONEBYE	BYONEBYE	sellerratings.com	HTTPS://WWW.SELLERRATINGS.COM/AMAZON/USA/BYONEBYE
BYSIMILAI	BYSIMILAI	sellerratings.com	HTTPS://WWW.SELLERRATINGS.COM/AMAZON/USA/BYSIMILAI
CABLEGIA	CABLEGIA	sellerratings.com	HTTPS://WWW.SELLERRATINGS.COM/AMAZON/USA/CABLEGIA
CADITEX	CADITEXDIRECT	sellerratings.com	HTTPS://WWW.SELLERRATINGS.COM/AMAZON/USA/CADITEX-DIRECT
CAFBREWCOLLECTION	CAFEBREWCOLLECTION	sellerratings.com	HTTPS://WWW.SELLERRATINGS.COM/AMAZON/USA/CAFE-BREW-COLLECTION
CAFETASTIQ	CAFETASTIQ	sellerratings.com	HTTPS://WWW.SELLERRATINGS.COM/AMAZON/USA/CAFETASTIQ
CAFZED	CAFZEDUS	sellerratings.com	HTTPS://WWW.SELLERRATINGS.COM/AMAZON/USA/CAFZED-US
CAILOS	CAILOS	sellerratings.com	HTTPS://WWW.SELLERRATINGS.COM/AMAZON/USA/CAILOS-
CAINANEL	CAINANELDIRECT	sellerratings.com	HTTPS://WWW.SELLERRATINGS.COM/AMAZON/USA/CAINANEL-DIRECT
CAIVOV	CAIVOVUS	sellerratings.com	HTTPS://WWW.SELLERRATINGS.COM/AMAZON/USA/CAIVOV-US
CAKUJA	CAKUJA	sellerratings.com	HTTPS://WWW.SELLERRATINGS.COM/AMAZON/USA/CAKUJA
CALBEING	CALBEING	sellerratings.com	HTTPS://WWW.SELLERRATINGS.COM/AMAZON/USA/CALBEING
CALIBONSAI	CALIBONSAI	sellerratings.com	HTTPS://WWW.SELLERRATINGS.COM/AMAZON/USA/CALIBONSAI
CALIHUTT	CALIHUTT	sellerratings.com	HTTPS://WWW.SELLERRATINGS.COM/AMAZON/USA/CALIHUTT
CALPALMYSTORE	CALPALMY	sellerratings.com	HTTPS://WWW.SELLERRATINGS.COM/AMAZON/USA/CALPALMY
CAMDIOS	CAMDIOS	sellerratings.com	HTTPS://WWW.SELLERRATINGS.COM/AMAZON/USA/CAMDIOS
CANMALCHI	CANMALCHI	sellerratings.com	HTTPS://WWW.SELLERRATINGS.COM/AMAZON/UK/CANMALCHI
CANWUPON	CANWUPONUS	sellerratings.com	HTTPS://WWW.SELLERRATINGS.COM/AMAZON/USA/CANWUPON-US
CAPLORD	CAPLORD	sellerratings.com	HTTPS://WWW.SELLERRATINGS.COM/AMAZON/USA/CAPLORD
CAPULINAHANDCRAFTEDTIFFANYSTYLE	CAPULINADIRECT	sellerratings.com	HTTPS://WWW.SELLERRATINGS.COM/AMAZON/USA/CAPULINA-HAND-CRAFTED-TIFFANY-STYLE-MANUFACTURER
CARAPEAK	CARAPEAK	sellerratings.com	HTTPS://WWW.SELLERRATINGS.COM/AMAZON/USA/CARAPEAK
CAREZOE	CAREZOEHEALTHY	sellerratings.com	HTTPS://WWW.SELLERRATINGS.COM/AMAZON/USA/CAREZOE-HEALTHY-STORE
CARFKA	CARFKA	sellerratings.com	HTTPS://WWW.SELLERRATINGS.COM/AMAZON/USA/CARFKA
CARISDER	CARISDER	sellerratings.com	HTTPS://WWW.SELLERRATINGS.COM/AMAZON/USA/CARISDER
CARLITS	CARLITSSHOP	sellerratings.com	HTTPS://WWW.SELLERRATINGS.COM/AMAZON/USA/CARLITS-SHOP
CARMOCAR	CARMOCAR	sellerratings.com	HTTPS://WWW.SELLERRATINGS.COM/AMAZON/USA/CARMOCAR
CARPARTSINNOVATE	CARPARTSINNOVATE	sellerratings.com	HTTPS://WWW.SELLERRATINGS.COM/AMAZON/USA/CARPARTSINNOVATE
CASETANK	CASETANK	sellerratings.com	HTTPS://WWW.SELLERRATINGS.COM/AMAZON/USA/CASETANK
CASILY	CASILY	sellerratings.com	HTTPS://WWW.SELLERRATINGS.COM/AMAZON/USA/CASILY
CATTIEHONEY	LOVECATTIEHONEYUS	sellerratings.com	HTTPS://WWW.SELLERRATINGS.COM/AMAZON/USA/LOVE-CATTIEHONEY-US
CAVAYOMA	CAVAYOMA	sellerratings.com	HTTPS://WWW.SELLERRATINGS.COM/AMAZON/USA/CAVAYOMA
CAZOYEE	CAZOYEE	sellerratings.com	HTTPS://WWW.SELLERRATINGS.COM/AMAZON/USA/CAZOYEE
CBIUMPRO	CBIUMPRODIRECT	sellerratings.com	HTTPS://WWW.SELLERRATINGS.COM/AMAZON/USA/CBIUMPRO-DIRECT
CEDWNUER	CEDWNUER	sellerratings.com	HTTPS://WWW.SELLERRATINGS.COM/AMAZON/USA/CEDWNUER
CEFURISY	CEFURISY	sellerratings.com	HTTPS://WWW.SELLERRATINGS.COM/AMAZON/USA/CEFURISY
CEGSIN	CEGSIN	sellerratings.com	HTTPS://WWW.SELLERRATINGS.COM/AMAZON/USA/CEGSIN
CEKEGON	CEKEGON	sellerratings.com	HTTPS://WWW.SELLERRATINGS.COM/AMAZON/USA/CEKEGON
CELAVY	CELAVY	sellerratings.com	HTTPS://WWW.SELLERRATINGS.COM/AMAZON/USA/CELAVY
CELIWACE	CELIWACE	sellerratings.com	HTTPS://WWW.SELLERRATINGS.COM/AMAZON/USA/CELIWACE
CENKOO	CENKOO	sellerratings.com	HTTPS://WWW.SELLERRATINGS.COM/AMAZON/GERMANY/CENKOO
CENTAURUSAZ	CENTAURUSAZ	sellerratings.com	HTTPS://WWW.SELLERRATINGS.COM/AMAZON/USA/CENTAURUS-AZ
CEOUHEIA	CEOUHEIA	sellerratings.com	HTTPS://WWW.SELLERRATINGS.COM/AMAZON/USA/CEOUHEIA
CERBRU	CERBRU	sellerratings.com	HTTPS://WWW.SELLERRATINGS.COM/AMAZON/USA/CERBRU
CEVIEPT	CEVIEPT	sellerratings.com	HTTPS://WWW.SELLERRATINGS.COM/AMAZON/USA/CEVIEPT-STORE
CFGROW	CFGROWDIRECT	sellerratings.com	HTTPS://WWW.SELLERRATINGS.COM/AMAZON/USA/CFGROW-DIRECT
CHANDELITA	CHANDELITA	sellerratings.com	HTTPS://WWW.SELLERRATINGS.COM/AMAZON/GERMANY/CHANDELITA
CHANGLIAN	CHANGLIANHAIR	sellerratings.com	HTTPS://WWW.SELLERRATINGS.COM/AMAZON/USA/CHANGLIAN-HAIR
CHAOQIANCQIER	CHAOQ	sellerratings.com	HTTPS://WWW.SELLERRATINGS.COM/AMAZON/USA/CHAOQ
CHAORENCR	WUBIANUS	sellerratings.com	HTTPS://SELLERRATINGS.COM/AMAZON/USA/CR-CHAOREN
CHAOXIANGHUI	CHAOXIANGHUIUS	sellerratings.com	HTTPS://WWW.SELLERRATINGS.COM/AMAZON/USA/CHAOXIANGHUI-US
CHARAVECTOR	CHARAVECTOR	sellerratings.com	HTTPS://WWW.SELLERRATINGS.COM/AMAZON/USA/CHARAVECTOR
CHAREADA	CHAREADA	sellerratings.com	HTTPS://WWW.SELLERRATINGS.COM/AMAZON/USA/CHAREADA
CHARKEE	CHARKEEUS	sellerratings.com	HTTPS://WWW.SELLERRATINGS.COM/AMAZON/USA/CHARKEE-US
CHATTHEN	CHATTHEN	sellerratings.com	HTTPS://WWW.SELLERRATINGS.COM/AMAZON/USA/CHATTHEN
CHBKT	CHBKTUS	sellerratings.com	HTTPS://WWW.SELLERRATINGS.COM/AMAZON/USA/CHBKT-US
CHEIGHY	CHEIGHY	sellerratings.com	HTTPS://WWW.SELLERRATINGS.COM/AMAZON/USA/CHEIGHY
CHENBEN	CHENBENLIGHTING	sellerratings.com	HTTPS://WWW.SELLERRATINGS.COM/AMAZON/USA/CHENBEN-LIGHTING-STORE
CHENEDY	CHENEDY	sellerratings.com	HTTPS://WWW.SELLERRATINGS.COM/AMAZON/USA/CHENEDY
CHENGXIANGUANGDIANCX	CHENGXIANGUANGDIANCX	sellerratings.com	HTTPS://SELLERRATINGS.COM/AMAZON/USA/CXGUANGDIAN
CHENPHMC	CHENPHMC	sellerratings.com	HTTPS://WWW.SELLERRATINGS.COM/AMAZON/USA/CHENPHMC
CHERISLPY	CHERISLPY	sellerratings.com	HTTPS://WWW.SELLERRATINGS.COM/AMAZON/USA/CHERISLPY
CHERLAM	CHERLAMOFFICAL	sellerratings.com	HTTPS://WWW.SELLERRATINGS.COM/AMAZON/USA/CHERLAM-OFFICAL
CHILLNCHIC	CHILLNCHIC	sellerratings.com	HTTPS://WWW.SELLERRATINGS.COM/AMAZON/USA/CHILLNCHIC
CHILLYFAR	CHILLYFAR	sellerratings.com	HTTPS://WWW.SELLERRATINGS.COM/AMAZON/USA/CHILLYFAR
CHIMONA	CHIMONA	sellerratings.com	HTTPS://WWW.SELLERRATINGS.COM/AMAZON/USA/CHIMONA-STORE
CHISHEEN	CHISHEEN	sellerratings.com	HTTPS://WWW.SELLERRATINGS.COM/AMAZON/USA/CHISHEEN
CHISIP	ZHENTAO	sellerratings.com	HTTPS://WWW.SELLERRATINGS.COM/AMAZON/USA/CHISIP-OFFICIAL-STORE
CHLOBLOM	CHLOBLOM	sellerratings.com	HTTPS://WWW.SELLERRATINGS.COM/AMAZON/USA/CHLOBLOM
CHOICEHOT	CHOICEHOTUS	sellerratings.com	HTTPS://WWW.SELLERRATINGS.COM/AMAZON/USA/CHOICEHOT-US
CHOLILACOVER	CHOLILACOVERLLCUSA	sellerratings.com	HTTPS://WWW.SELLERRATINGS.COM/AMAZON/USA/CHOLILA-COVER-LLC-USA
CHOOHUE	CHOOHUE	sellerratings.com	HTTPS://WWW.SELLERRATINGS.COM/AMAZON/USA/CHOOHUE
CHUANGDI	CHUANGDI	sellerratings.com	HTTPS://WWW.SELLERRATINGS.COM/AMAZON/USA/CHUANGDI
CICIGLOW	CICIGLOW	sellerratings.com	HTTPS://WWW.SELLERRATINGS.COM/AMAZON/USA/CICIGLOW
CIDETTY	CIDETTYELECTRONICS	sellerratings.com	HTTPS://WWW.SELLERRATINGS.COM/AMAZON/USA/CIDETTY-ELECTRONICS
CINCHDONE	CINCHDONE	sellerratings.com	HTTPS://WWW.SELLERRATINGS.COM/AMAZON/USA/CINCHDONE
CININERY	CININERYUS	sellerratings.com	HTTPS://WWW.SELLERRATINGS.COM/AMAZON/USA/CININERY-US
CINKCO	CINKCO	sellerratings.com	HTTPS://WWW.SELLERRATINGS.COM/AMAZON/USA/CINKCO
CIOEY	UTEEQECIOEY	sellerratings.com	HTTPS://WWW.SELLERRATINGS.COM/AMAZON/USA/UTEEQE-CIOEY
CITYLEDIRECT	CITYLEDIRECT	sellerratings.com	HTTPS://WWW.SELLERRATINGS.COM/AMAZON/USA/CITYLE-DIRECT
CKE	CKEOFFICIAL	sellerratings.com	HTTPS://WWW.SELLERRATINGS.COM/AMAZON/USA/CKE-OFFICIAL-STORE
CKNY	CKNY	sellerratings.com	HTTPS://WWW.SELLERRATINGS.COM/AMAZON/USA/CKNY-
CLAWSCOVER	CLAWSCOVER	sellerratings.com	HTTPS://WWW.SELLERRATINGS.COM/AMAZON/USA/CLAWSCOVER
CLEANTT	CLEANTT	sellerratings.com	HTTPS://WWW.SELLERRATINGS.COM/AMAZON/USA/CLEANTT
CLEASO	CLEASO	sellerratings.com	HTTPS://WWW.SELLERRATINGS.COM/AMAZON/USA/CLEASO
CLEVERDAN	CLEVERDANBRAND	sellerratings.com	HTTPS://WWW.SELLERRATINGS.COM/AMAZON/USA/CLEVERDAN-BRAND
CLEVERSUPPLIES	CLEVERSUPPLIES	sellerratings.com	HTTPS://WWW.SELLERRATINGS.COM/AMAZON/USA/CLEVER-SUPPLIES
CLFINE	CLFINE	sellerratings.com	HTTPS://WWW.SELLERRATINGS.COM/AMAZON/USA/CLFINE
CLIPQUIK	CLIPQUIK	sellerratings.com	HTTPS://WWW.SELLERRATINGS.COM/AMAZON/USA/CLIPQUIK
CLISEVE	CLELIFOVE	sellerratings.com	HTTPS://WWW.SELLERRATINGS.COM/AMAZON/USA/CLELIFOVE-INC
CLOTHGENIUS	CLOTHGENIUS	sellerratings.com	HTTPS://WWW.SELLERRATINGS.COM/AMAZON/USA/CLOTH-GENIUS
CLOTHKNOW	CLOTHKNOW	sellerratings.com	HTTPS://WWW.SELLERRATINGS.COM/AMAZON/USA/CLOTHKNOW
CLOYAN	CLOYAN	sellerratings.com	HTTPS://WWW.SELLERRATINGS.COM/AMAZON/USA/CLOYAN
CMIDY	CMIDYDIRECT	sellerratings.com	HTTPS://WWW.SELLERRATINGS.COM/AMAZON/USA/CMIDY-DIRECT
CNCCANEN	CNCCANEN	sellerratings.com	HTTPS://WWW.SELLERRATINGS.COM/AMAZON/USA/CNCCANEN
CNKAITE	CNKAITEUS	sellerratings.com	HTTPS://WWW.SELLERRATINGS.COM/AMAZON/USA/CNKAITE-US
COARBOR	COARBOR	sellerratings.com	HTTPS://WWW.SELLERRATINGS.COM/AMAZON/USA/COARBOR
COFEND	COFEND	sellerratings.com	HTTPS://WWW.SELLERRATINGS.COM/AMAZON/JAPAN/COFEND
COHERNY	COHERNY	sellerratings.com	HTTPS://WWW.SELLERRATINGS.COM/AMAZON/USA/COHERNY
COLAPOO	COLAPOO	sellerratings.com	HTTPS://WWW.SELLERRATINGS.COM/AMAZON/USA/COLAPOO
COLARLEMO	COLARLEMO	sellerratings.com	HTTPS://WWW.SELLERRATINGS.COM/AMAZON/USA/COLARLEMO
COLDBLING	COLDBLING	sellerratings.com	HTTPS://WWW.SELLERRATINGS.COM/AMAZON/UK/COLDBLING
COLLIFUN	COLLIFUN	sellerratings.com	HTTPS://WWW.SELLERRATINGS.COM/AMAZON/USA/COLLIFUN
COLOFROG	COLOFROG	sellerratings.com	HTTPS://WWW.SELLERRATINGS.COM/AMAZON/USA/COLOFROG
COMAOGO	COMAOGO	sellerratings.com	HTTPS://WWW.SELLERRATINGS.COM/AMAZON/USA/COMAOGO
COMARELECTRIC	COMARELECTRICCOMPANY	sellerratings.com	HTTPS://WWW.SELLERRATINGS.COM/AMAZON/USA/COMAR-ELECTRIC-COMPANY
COMARKIS	ONASAR	sellerratings.com	HTTPS://WWW.SELLERRATINGS.COM/AMAZON/USA/ONASAR
COMFORTBYCONFORMAX	COMFORTBYCONFORMAX	sellerratings.com	HTTPS://WWW.SELLERRATINGS.COM/AMAZON/USA/COMFORT-BY-CONFORMAX
COMFYDEGREE	COMFYDEGREE	sellerratings.com	HTTPS://WWW.SELLERRATINGS.COM/AMAZON/USA/COMFY-DEGREE
COMFYPACKAGE	COMFYPACKAGE	sellerratings.com	HTTPS://WWW.SELLERRATINGS.COM/AMAZON/USA/COMFY-PACKAGE
COMPLOGICS	COMPLOGICS	sellerratings.com	HTTPS://WWW.SELLERRATINGS.COM/AMAZON/USA/COMPLOGICS
COMYAN	COMYAN	sellerratings.com	HTTPS://WWW.SELLERRATINGS.COM/AMAZON/UK/COMYAN
COMZLER	COMZLER	sellerratings.com	HTTPS://WWW.SELLERRATINGS.COM/AMAZON/USA/COMZLER
CONBLOM	CONBLOM	sellerratings.com	HTTPS://WWW.SELLERRATINGS.COM/AMAZON/USA/CONBLOM
CONCESSIONEXPRESS	CONCESSIONEXPRESS	sellerratings.com	HTTPS://WWW.SELLERRATINGS.COM/AMAZON/USA/CONCESSION-EXPRESS
CONNSANN	CONNSANN	sellerratings.com	HTTPS://WWW.SELLERRATINGS.COM/AMAZON/USA/CONNSANN
CONNYAM	CONNYAMHANDICRAFTS	sellerratings.com	HTTPS://WWW.SELLERRATINGS.COM/AMAZON/USA/CONNYAM-HANDICRAFTS
CONRORA	CONRORA	sellerratings.com	HTTPS://WWW.SELLERRATINGS.COM/AMAZON/USA/CONRORA
CONSTORE	CONSTOREUS	sellerratings.com	HTTPS://WWW.SELLERRATINGS.COM/AMAZON/USA/CONSTORE-US
CONWORK	CONWORK	sellerratings.com	HTTPS://WWW.SELLERRATINGS.COM/AMAZON/USA/CONWORK
CONXTRUE	CONXTRUE	sellerratings.com	HTTPS://WWW.SELLERRATINGS.COM/AMAZON/USA/CONXTRUE
COOCOCO	COOCOCO	sellerratings.com	HTTPS://WWW.SELLERRATINGS.COM/AMAZON/USA/COOCOCO
COOLINGDIRECT	COOLINGDIRECT	sellerratings.com	HTTPS://WWW.SELLERRATINGS.COM/AMAZON/USA/COOLING-DIRECT
COOLKA	COOLKA	sellerratings.com	HTTPS://WWW.SELLERRATINGS.COM/AMAZON/USA/COOLKA-STORE
COOLPOW	COOLPOWDIRECT	sellerratings.com	HTTPS://WWW.SELLERRATINGS.COM/AMAZON/USA/COOLPOW-DIRECT
COOZYER	COOZYER	sellerratings.com	HTTPS://WWW.SELLERRATINGS.COM/AMAZON/USA/COOZYER
CORKASKITCHENWARE	CORKASHOUSEWAREUS	sellerratings.com	HTTPS://WWW.SELLERRATINGS.COM/AMAZON/USA/CORKAS-HOUSEWARE-US
COROTC	COROTC	sellerratings.com	HTTPS://WWW.SELLERRATINGS.COM/AMAZON/USA/COROTC
CORTAN360	CORTAN360	sellerratings.com	HTTPS://WWW.SELLERRATINGS.COM/AMAZON/USA/CORTAN360
COSEASY	COSEASY	sellerratings.com	HTTPS://WWW.SELLERRATINGS.COM/AMAZON/USA/COSEASY
COSFANTASY	COSFANTASY	sellerratings.com	HTTPS://WWW.SELLERRATINGS.COM/AMAZON/USA/COSFANTASY
COSFUNMAX	COSFUNMAX	sellerratings.com	HTTPS://WWW.SELLERRATINGS.COM/AMAZON/USA/COSFUNMAX
COSYHOMESTYLE	COSYHOMESTYLE	sellerratings.com	HTTPS://WWW.SELLERRATINGS.COM/AMAZON/USA/COSY-HOMESTYLE
COTANIC	COTANIC	sellerratings.com	HTTPS://WWW.SELLERRATINGS.COM/AMAZON/USA/COTANIC
COTULIN	COTULIN	sellerratings.com	HTTPS://WWW.SELLERRATINGS.COM/AMAZON/USA/COTULIN
COUNTRYCREEKACRES	COUNTRYCREEK	sellerratings.com	HTTPS://WWW.SELLERRATINGS.COM/AMAZON/USA/COUNTRY-CREEK-LLC
COVOART	COVOARTDIRECT	sellerratings.com	HTTPS://WWW.SELLERRATINGS.COM/AMAZON/USA/COVOART-DIRECT
COWINBREWING	COWINBREWING	sellerratings.com	HTTPS://WWW.SELLERRATINGS.COM/AMAZON/USA/COWIN-BREWING
COZAYAH	COZAYH	sellerratings.com	HTTPS://WWW.SELLERRATINGS.COM/AMAZON/USA/COZAYH
CPLID	CPLID	sellerratings.com	HTTPS://WWW.SELLERRATINGS.COM/AMAZON/USA/CPLID
CPLIRIS	CPLIRISUS	sellerratings.com	HTTPS://WWW.SELLERRATINGS.COM/AMAZON/USA/CPLIRIS-US
CPSTOYWORLD	CRAYPROFGDIRECT	sellerratings.com	HTTPS://SELLERRATINGS.COM/AMAZON/USA/CPS-TOYWORLD
CPSTOYWORLD	CPSTOYWORLD	sellerratings.com	HTTPS://SELLERRATINGS.COM/AMAZON/UK/CPSTOYWORLD
CRABTEK	CRABTEK	sellerratings.com	HTTPS://WWW.SELLERRATINGS.COM/AMAZON/USA/CRABTEK
CRAFTHAND	CRAFTHAND	sellerratings.com	HTTPS://WWW.SELLERRATINGS.COM/AMAZON/USA/CRAFTHAND
CRAFTPARTSDIRECT	CRAFTPARTSDIRECT	sellerratings.com	HTTPS://WWW.SELLERRATINGS.COM/AMAZON/USA/CRAFTPARTSDIRECT
CRAFTTHINK	CRAFTTHINK	sellerratings.com	HTTPS://WWW.SELLERRATINGS.COM/AMAZON/USA/CRAFTTHINK
CRATEHILL	CRATEHILL	sellerratings.com	HTTPS://WWW.SELLERRATINGS.COM/AMAZON/USA/CRATEHILL
CREATESTAR	CREATESTARSTORE	sellerratings.com	HTTPS://WWW.SELLERRATINGS.COM/AMAZON/USA/CREATESTAR-STORE
CREATIVELEATHERARTAISLINN	CREATIVELEATHERART	sellerratings.com	HTTPS://WWW.SELLERRATINGS.COM/AMAZON/USA/CREATIVE-LEATHER-ART
CREHORA	CREHORA	sellerratings.com	HTTPS://WWW.SELLERRATINGS.COM/AMAZON/USA/CREHORA
CRENSTONE	CRENSTONE	sellerratings.com	HTTPS://WWW.SELLERRATINGS.COM/AMAZON/USA/CRENSTONE
CRETIFITY	CRETIFITY	sellerratings.com	HTTPS://WWW.SELLERRATINGS.COM/AMAZON/USA/CRETIFITY
CRRXIN	USCRRXIN	sellerratings.com	HTTPS://WWW.SELLERRATINGS.COM/AMAZON/USA/US-CRRXIN
CRUIANAR	CRUIANARAIRSUSPENSIONSTRUTS	sellerratings.com	HTTPS://WWW.SELLERRATINGS.COM/AMAZON/USA/CRUIANAR-AIR-SUSPENSION-STRUTS
CRYFOKT	CRYFOKT	sellerratings.com	HTTPS://WWW.SELLERRATINGS.COM/AMAZON/USA/CRYFOKT
CSCOSDDI	CSCOSDDI	sellerratings.com	HTTPS://WWW.SELLERRATINGS.COM/AMAZON/USA/CS-COSDDI
CSMEN	CSMEN	sellerratings.com	HTTPS://WWW.SELLERRATINGS.COM/AMAZON/USA/CSMEN
CTISMICE	CTISMICE	sellerratings.com	HTTPS://WWW.SELLERRATINGS.COM/AMAZON/USA/CTISMICE
CTKCOM	CTKCOM	sellerratings.com	HTTPS://WWW.SELLERRATINGS.COM/AMAZON/USA/CTKCOM
CTTCREATIONS	CTTCREATIONS	sellerratings.com	HTTPS://WWW.SELLERRATINGS.COM/AMAZON/USA/CTT-CREATIONS
CTTEBRUN	CTTEBRUN	sellerratings.com	HTTPS://WWW.SELLERRATINGS.COM/AMAZON/USA/CT-TEBRUN
CUCUNU	CUCUNU	sellerratings.com	HTTPS://WWW.SELLERRATINGS.COM/AMAZON/USA/CUCUNU
CUDDLECAMPUS	CUDDLECAMPUS	sellerratings.com	HTTPS://WWW.SELLERRATINGS.COM/AMAZON/USA/CUDDLE-CAMPUS
CUILVU	CUILVU	sellerratings.com	HTTPS://WWW.SELLERRATINGS.COM/AMAZON/USA/CUILVU
CUSANGLE	CUSANGEL	sellerratings.com	HTTPS://WWW.SELLERRATINGS.COM/AMAZON/USA/CUSANGEL
CUSPHORN	CUSPHORNDIRECT	sellerratings.com	HTTPS://WWW.SELLERRATINGS.COM/AMAZON/USA/CUSPHORN-DIRECT
CUSTOMAUTOCREW	CUSTOMAUTOCREWS	sellerratings.com	HTTPS://WWW.SELLERRATINGS.COM/AMAZON/USA/CUSTOM-AUTO-CREWS
CUTELEC	CUTELEC	sellerratings.com	HTTPS://WWW.SELLERRATINGS.COM/AMAZON/USA/CUTELEC
CUTEQUEEN	CUTEQUEEN	sellerratings.com	HTTPS://WWW.SELLERRATINGS.COM/AMAZON/USA/CUTEQUEEN
CUTISET	CUTISET	sellerratings.com	HTTPS://WWW.SELLERRATINGS.COM/AMAZON/USA/CUTISET
CUWADA	CUWADA	sellerratings.com	HTTPS://WWW.SELLERRATINGS.COM/AMAZON/USA/CUWADA
CVNDKN	CVNDKN	sellerratings.com	HTTPS://WWW.SELLERRATINGS.COM/AMAZON/USA/CVNDKN
CXGUANGDIAN	CXGUANGDIAN	sellerratings.com	HTTPS://WWW.SELLERRATINGS.COM/AMAZON/USA/CXGUANGDIAN
CYANLUX	CYANLUX	sellerratings.com	HTTPS://WWW.SELLERRATINGS.COM/AMAZON/USA/CYANLUX
CYANTOR	CYANTORUS	sellerratings.com	HTTPS://WWW.SELLERRATINGS.COM/AMAZON/USA/CYANTOR-US
CYCEARTH	CYCEARTH	sellerratings.com	HTTPS://WWW.SELLERRATINGS.COM/AMAZON/USA/CYCEARTH
CYRDER	CYRDERUS	sellerratings.com	HTTPS://WWW.SELLERRATINGS.COM/AMAZON/USA/CYRDER-US
CYTTENGO	CYTTENGO	sellerratings.com	HTTPS://WWW.SELLERRATINGS.COM/AMAZON/USA/CYTTENGO
CYVENSMART	CYVENSMART	sellerratings.com	HTTPS://WWW.SELLERRATINGS.COM/AMAZON/USA/CYVENSMART
CZSMBT	CZSMBT	sellerratings.com	HTTPS://WWW.SELLERRATINGS.COM/AMAZON/USA/CZSMBT
CZXWYST	CZXWYSTPEN	sellerratings.com	HTTPS://WWW.SELLERRATINGS.COM/AMAZON/USA/CZXWYST-PEN-STORE
DABOSHOBO	DABOSHOBO	sellerratings.com	HTTPS://WWW.SELLERRATINGS.COM/AMAZON/USA/DABOSHOBO
DACIMORA	DACIMORA	sellerratings.com	HTTPS://WWW.SELLERRATINGS.COM/AMAZON/USA/DACIMORA
DAFNAGENERALSTORE	THEDAFNAGENERALSTORE	sellerratings.com	HTTPS://WWW.SELLERRATINGS.COM/AMAZON/USA/THE-DAFNA-GENERAL-STORE-LLC
DAFURUI	DAFURUI	sellerratings.com	HTTPS://WWW.SELLERRATINGS.COM/AMAZON/USA/DAFURUI
DAILYDANNY	DAILYDANNY	sellerratings.com	HTTPS://WWW.SELLERRATINGS.COM/AMAZON/USA/DAILYDANNY
DAILYPOWERTIVITY	DAILYPOWERTIVITY	sellerratings.com	HTTPS://WWW.SELLERRATINGS.COM/AMAZON/USA/DAILY-POWER-TIVITY
DAJUNGUO	DAJUNGUO	sellerratings.com	HTTPS://WWW.SELLERRATINGS.COM/AMAZON/USA/DAJUNGUO
DAKAPAL	DAKAPALSPORTS	sellerratings.com	HTTPS://WWW.SELLERRATINGS.COM/AMAZON/USA/DAKAPAL-SPORTS
DANDYDECORBYKOCO	DANDYDECORBYKOCO	sellerratings.com	HTTPS://WWW.SELLERRATINGS.COM/AMAZON/USA/DANDY-DECOR-BY-KO-CO
DANFFLAG	DANFFLAG	sellerratings.com	HTTPS://WWW.SELLERRATINGS.COM/AMAZON/USA/DANF-FLAG
DAPESUOM	DAPESUOMDIRECT	sellerratings.com	HTTPS://WWW.SELLERRATINGS.COM/AMAZON/USA/DAPESUOM-DIRECT
DAPPERLIN	DAPPERLIN	sellerratings.com	HTTPS://WWW.SELLERRATINGS.COM/AMAZON/USA/DAPPERLIN
DARKCOM	DARKCOM	sellerratings.com	HTTPS://WWW.SELLERRATINGS.COM/AMAZON/USA/DARKCOM-STORE
DARKRING	DARKRING	sellerratings.com	HTTPS://WWW.SELLERRATINGS.COM/AMAZON/USA/DARKRING
DASKU	DASKU	sellerratings.com	HTTPS://WWW.SELLERRATINGS.COM/AMAZON/USA/DASKU
DATIANXIA	DATIANXIACOLTD	sellerratings.com	HTTPS://WWW.SELLERRATINGS.COM/AMAZON/USA/DATIANXIA-CO-LTD
DAUPIN	DAUPIN	sellerratings.com	HTTPS://WWW.SELLERRATINGS.COM/AMAZON/USA/DAUPIN
DBROTH	DBROTH	sellerratings.com	HTTPS://WWW.SELLERRATINGS.COM/AMAZON/USA/DBROTH
DBTACDOMOREBEMORE	DBTACDOMOREBEMORE	sellerratings.com	HTTPS://WWW.SELLERRATINGS.COM/AMAZON/USA/DBTAC-DO-MORE-BE-MORE
DCJJY	BUTTONWORLDUS	sellerratings.com	HTTPS://WWW.SELLERRATINGS.COM/AMAZON/USA/BUTTONWORLD-US
DDAILYFUNN	DAILYFUNNTOYS	sellerratings.com	HTTPS://WWW.SELLERRATINGS.COM/AMAZON/USA/DAILYFUNN-TOYS
DDDEDEO	DDDEDEO	sellerratings.com	HTTPS://WWW.SELLERRATINGS.COM/AMAZON/USA/DD-DEDEO
DDLUCK	DDLUCK	sellerratings.com	HTTPS://WWW.SELLERRATINGS.COM/AMAZON/USA/DDLUCK-STORE
DEAGUI	DEAGUIDIRECT	sellerratings.com	HTTPS://WWW.SELLERRATINGS.COM/AMAZON/USA/DEAGUI-DIRECT
DEALBERRY	DEALBERRY	sellerratings.com	HTTPS://WWW.SELLERRATINGS.COM/AMAZON/UK/DEALBERRY
DEAPRULL	DEAPRULLOFFICIAL	sellerratings.com	HTTPS://WWW.SELLERRATINGS.COM/AMAZON/USA/DEAPRULL-OFFICIAL-STORE
DECABUY	DECABUY	sellerratings.com	HTTPS://WWW.SELLERRATINGS.COM/AMAZON/USA/DECABUY
DECALLER	DECALLER	sellerratings.com	HTTPS://WWW.SELLERRATINGS.COM/AMAZON/USA/DECALLER
DECOJOY	DECOJOY	sellerratings.com	HTTPS://WWW.SELLERRATINGS.COM/AMAZON/USA/DECOJOY
DECORATIVEKITCHENANDBATH	DECORATIVEKITCHENANDBATH	sellerratings.com	HTTPS://WWW.SELLERRATINGS.COM/AMAZON/USA/DECORATIVE-KITCHEN-AND-BATH
DECORAVENUE	DECORAVENUE	sellerratings.com	HTTPS://WWW.SELLERRATINGS.COM/AMAZON/USA/DECOR-AVENUE
DEDIAM	DEDIAM	sellerratings.com	HTTPS://WWW.SELLERRATINGS.COM/AMAZON/ITALY/DEDIAM
DEEINN	DEEINN	sellerratings.com	HTTPS://WWW.SELLERRATINGS.COM/AMAZON/GERMANY/DEEINN
DEEKTRION	IPLANTOPDIRECT	sellerratings.com	HTTPS://WWW.SELLERRATINGS.COM/AMAZON/USA/DEEKTRION-DIRECT
DEELF	DEELF	sellerratings.com	HTTPS://WWW.SELLERRATINGS.COM/AMAZON/USA/DEELF
DEEPURO	DEEPURO	sellerratings.com	HTTPS://WWW.SELLERRATINGS.COM/AMAZON/USA/DEEPURO
DEFENCASE	DEFENCASEUS	sellerratings.com	HTTPS://WWW.SELLERRATINGS.COM/AMAZON/USA/DEFENCASE-US
DEFENDY	RICUS	sellerratings.com	HTTPS://SELLERRATINGS.COM/AMAZON/USA/DEFENDY-US
DEKELIY	DEKELIYAWAIYMI	sellerratings.com	HTTPS://WWW.SELLERRATINGS.COM/AMAZON/USA/DEKELIY-AWAIYMI
DELARKUSI	DELARKUSI	sellerratings.com	HTTPS://WWW.SELLERRATINGS.COM/AMAZON/USA/DELARKUSI
DELICAVY	DELICAVY	sellerratings.com	HTTPS://WWW.SELLERRATINGS.COM/AMAZON/USA/DELICAVY
DELOBOLL	DELOBOLLDIRECT	sellerratings.com	HTTPS://WWW.SELLERRATINGS.COM/AMAZON/USA/DELOBOLL-DIRECT
DEMESEX	DEMESEXDIRECT	sellerratings.com	HTTPS://WWW.SELLERRATINGS.COM/AMAZON/USA/DEMESEX-DIRECT-STORE
DENTSING	DENTSING	sellerratings.com	HTTPS://WWW.SELLERRATINGS.COM/AMAZON/USA/DENTSING
DEPENDABLEDIRECT	DEPENDABLEDIRECT	sellerratings.com	HTTPS://WWW.SELLERRATINGS.COM/AMAZON/USA/DEPENDABLE-DIRECT
DESGULLY	DESGULLYDIRECT	sellerratings.com	HTTPS://WWW.SELLERRATINGS.COM/AMAZON/USA/DESGULLYDIRECT
DESIDEAR	DESIDEAR	sellerratings.com	HTTPS://WWW.SELLERRATINGS.COM/AMAZON/USA/DESIDEAR
DEWONCH	DEWONCH	sellerratings.com	HTTPS://WWW.SELLERRATINGS.COM/AMAZON/USA/DEWONCH
DEYAGOO	DEYAGOOUS	sellerratings.com	HTTPS://WWW.SELLERRATINGS.COM/AMAZON/USA/DEYAGOO-US
DEYOOXI	DEYOOXIUS	sellerratings.com	HTTPS://WWW.SELLERRATINGS.COM/AMAZON/USA/DEYOOXI-US
DGCOLLECTIONS	DGCOLLECTIONSGLOBAL	sellerratings.com	HTTPS://WWW.SELLERRATINGS.COM/AMAZON/USA/DG-COLLECTIONS-GLOBAL
DGCOLLECTIONSDGCOLLECTIONS	DGCOLLECTIONSGLOBAL	sellerratings.com	HTTPS://WWW.SELLERRATINGS.COM/AMAZON/USA/DG-COLLECTIONS-GLOBAL
DGDGBABY	DGDGBABY	sellerratings.com	HTTPS://WWW.SELLERRATINGS.COM/AMAZON/USA/DGDGBABY
DHDMDESIGNS	ARKWISDOM	sellerratings.com	HTTPS://SELLERRATINGS.COM/AMAZON/USA/DHDM-DESIGNS
DIAOSNX	DIAOSNX	sellerratings.com	HTTPS://WWW.SELLERRATINGS.COM/AMAZON/USA/DIAOSNX
DICASAL	DICASAL	sellerratings.com	HTTPS://WWW.SELLERRATINGS.COM/AMAZON/USA/DICASAL
DICCEAO	DICCEAO	sellerratings.com	HTTPS://WWW.SELLERRATINGS.COM/AMAZON/USA/DICCEAO-STORE
DIDIEYES	TREEDIX	sellerratings.com	HTTPS://WWW.SELLERRATINGS.COM/AMAZON/USA/TREEDIX
DIIDADA	DIIDADA	sellerratings.com	HTTPS://WWW.SELLERRATINGS.COM/AMAZON/USA/DIIDADA
DIKAYI	DIKAYI	sellerratings.com	HTTPS://WWW.SELLERRATINGS.COM/AMAZON/USA/DIKAYI
DIOCHEYCREATIONS	DIOCHEYCREATIONS	sellerratings.com	HTTPS://WWW.SELLERRATINGS.COM/AMAZON/USA/DIOCHEY-CREATIONS
DISHIBEI	DIONSIBEI	sellerratings.com	HTTPS://WWW.SELLERRATINGS.COM/AMAZON/USA/DIONSIBEI
DISPLAYGIFTSCOM	DISPLAYGIFTS	sellerratings.com	HTTPS://WWW.SELLERRATINGS.COM/AMAZON/USA/DISPLAY-GIFTS-INC
DIVASTORY	DIVASTORY	sellerratings.com	HTTPS://WWW.SELLERRATINGS.COM/AMAZON/USA/DIVASTORY
DIWHYSTORE	DIWHYFACTORY	sellerratings.com	HTTPS://WWW.SELLERRATINGS.COM/AMAZON/USA/DIWHY-FACTORY-STORE
DIYANAIMPEX	DIYANAIMPEX	sellerratings.com	HTTPS://WWW.SELLERRATINGS.COM/AMAZON/USA/DIYANA-IMPEX
DIYLOPO	DIYOLEDIRECT	sellerratings.com	HTTPS://WWW.SELLERRATINGS.COM/AMAZON/USA/DIYOLE-DIRECT
DJSYLIFE	DJSYLIFE	sellerratings.com	HTTPS://WWW.SELLERRATINGS.COM/AMAZON/USA/DJSYLIFE
DJTFASHION	DJTFASHIONSHOP	sellerratings.com	HTTPS://WWW.SELLERRATINGS.COM/AMAZON/USA/DJT-FASHION-SHOP
DKHLYB	DKHLYB	sellerratings.com	HTTPS://WWW.SELLERRATINGS.COM/AMAZON/FRANCE/DKHLYB
DLAIMI	DLAIMI	sellerratings.com	HTTPS://WWW.SELLERRATINGS.COM/AMAZON/GERMANY/DLAIMI
DLAMER	DARLITEDIRECT	sellerratings.com	HTTPS://WWW.SELLERRATINGS.COM/AMAZON/USA/DARLITE-DIRECT
DLANDHOMESTORE	DLANDHOME	sellerratings.com	HTTPS://WWW.SELLERRATINGS.COM/AMAZON/USA/DLANDHOME
DLDIRECT	DLDIRECT	sellerratings.com	HTTPS://WWW.SELLERRATINGS.COM/AMAZON/USA/DLDIRECT-
DMAOS	DMAOS	sellerratings.com	HTTPS://WWW.SELLERRATINGS.COM/AMAZON/USA/DMAOS
DMSEWHOLESALE	DMSEWHOLESALE	sellerratings.com	HTTPS://WWW.SELLERRATINGS.COM/AMAZON/USA/DMSE-WHOLESALE
DNGN	DNGNUS	sellerratings.com	HTTPS://WWW.SELLERRATINGS.COM/AMAZON/USA/DNGN-US
DNHINDUSTRIESLIMITED	DNHINDUSTRIESLIMITED	sellerratings.com	HTTPS://WWW.SELLERRATINGS.COM/AMAZON/USA/DNH-INDUSTRIES-LIMITED
DNYSYSJ	DNYSYSJ	sellerratings.com	HTTPS://WWW.SELLERRATINGS.COM/AMAZON/USA/DNYSYSJ
DOALBUN	ZAGCI	sellerratings.com	HTTPS://WWW.SELLERRATINGS.COM/AMAZON/USA/ZAGCI
DOCOO	DOCOO	sellerratings.com	HTTPS://WWW.SELLERRATINGS.COM/AMAZON/USA/DOCOO%3FT=1761280928
DOERIX	DOERIX	sellerratings.com	HTTPS://WWW.SELLERRATINGS.COM/AMAZON/USA/DOERIX
DOFAOO	DOFAOO	sellerratings.com	HTTPS://WWW.SELLERRATINGS.COM/AMAZON/USA/DOFAOO
DOKKIA	DOKKIA	sellerratings.com	HTTPS://WWW.SELLERRATINGS.COM/AMAZON/USA/DOKKIA
DOLIBEST	DOLIBEST	sellerratings.com	HTTPS://WWW.SELLERRATINGS.COM/AMAZON/USA/DOLIBEST
DOLOBURN	DOLOBURNSHOP	sellerratings.com	HTTPS://WWW.SELLERRATINGS.COM/AMAZON/USA/DOLOBURN-SHOP
DOLOEDY	DOLOEDYOFFICIAL	sellerratings.com	HTTPS://WWW.SELLERRATINGS.COM/AMAZON/USA/DOLOEDY-OFFICIAL-STORE
DOMALLK	DMKAOLLK	sellerratings.com	HTTPS://WWW.SELLERRATINGS.COM/AMAZON/USA/DMKAOLLK-INC
DOMECKA	DOMECKA	sellerratings.com	HTTPS://WWW.SELLERRATINGS.COM/AMAZON/USA/DOMECKA
DOMENDE	LODOR	sellerratings.com	HTTPS://WWW.SELLERRATINGS.COM/AMAZON/USA/LODOR
DONIKS	DONIKS	sellerratings.com	HTTPS://WWW.SELLERRATINGS.COM/AMAZON/USA/DONIKS
DOOSDOLISMA	DOSELIE	sellerratings.com	HTTPS://WWW.SELLERRATINGS.COM/AMAZON/USA/DOSELIE-STORE
DOPPELGANGER33LTD	DOPPELGANGER33LTD	sellerratings.com	HTTPS://WWW.SELLERRATINGS.COM/AMAZON/USA/DOPPELGANGER-33-LTD
DORAMOMOKO	DORAMOMOKO	sellerratings.com	HTTPS://WWW.SELLERRATINGS.COM/AMAZON/USA/DORA-MOMOKO
DOREINK	DOREINK	sellerratings.com	HTTPS://WWW.SELLERRATINGS.COM/AMAZON/GERMANY/DOREINK
DORESSHOP	DORESSHOP	sellerratings.com	HTTPS://WWW.SELLERRATINGS.COM/AMAZON/USA/DORESSHOP
DOSCTT	DOSCTTUS	sellerratings.com	HTTPS://WWW.SELLERRATINGS.COM/AMAZON/USA/DOSCTT-US
DOSSMBOLA	CUANBOZAMHOMECOLLECTION	sellerratings.com	HTTPS://WWW.SELLERRATINGS.COM/AMAZON/USA/CUANBOZAM-HOME-COLLECTION
DOUBLECHECKPRODUCTS	DOUBLECHECK	sellerratings.com	HTTPS://WWW.SELLERRATINGS.COM/AMAZON/USA/DOUBLECHECK-PRODUCTS
DOURARY	VISITTHEDOURARY	sellerratings.com	HTTPS://WWW.SELLERRATINGS.COM/AMAZON/USA/VISIT-THE-DOURARY-STORE
DOUXURY	DOUXURYUS	sellerratings.com	HTTPS://WWW.SELLERRATINGS.COM/AMAZON/USA/DOUXURY-US
DOYOMO	DOYOMO	sellerratings.com	HTTPS://WWW.SELLERRATINGS.COM/AMAZON/USA/DOYOMO-
DPORTICUS	DPORTICUS	sellerratings.com	HTTPS://WWW.SELLERRATINGS.COM/AMAZON/USA/DPORTICUS
DQXY	DQXYUS	sellerratings.com	HTTPS://WWW.SELLERRATINGS.COM/AMAZON/USA/DQXY-US
DRAOZA	DRAOZA	sellerratings.com	HTTPS://WWW.SELLERRATINGS.COM/AMAZON/USA/DRAOZA
DRBETREE	DRBETREEDIRECT	sellerratings.com	HTTPS://WWW.SELLERRATINGS.COM/AMAZON/USA/DRBETREE-DIRECT
DREAMFIELDLINEN	DREAMFIELDLINEN	sellerratings.com	HTTPS://WWW.SELLERRATINGS.COM/AMAZON/USA/DREAMFIELD-LINEN
DREAMLASCAR	DREAMLASCAR	sellerratings.com	HTTPS://WWW.SELLERRATINGS.COM/AMAZON/USA/DREAMLASCAR
DREAMSCAPEFURNITURE	DREAMSCAPEFURNITURE	sellerratings.com	HTTPS://WWW.SELLERRATINGS.COM/AMAZON/USA/DREAMSCAPE-FURNITURE
DREETINO	DREETINO	sellerratings.com	HTTPS://WWW.SELLERRATINGS.COM/AMAZON/USA/DREETINO
DRELD	DRELD	sellerratings.com	HTTPS://WWW.SELLERRATINGS.COM/AMAZON/USA/DRELD
DRETAL	DRETAL	sellerratings.com	HTTPS://WWW.SELLERRATINGS.COM/AMAZON/USA/DRETAL
DRGSKL	DRGSKL	sellerratings.com	HTTPS://WWW.SELLERRATINGS.COM/AMAZON/USA/DRGSKL
DRMOXA	DRMOXA	sellerratings.com	HTTPS://WWW.SELLERRATINGS.COM/AMAZON/USA/DRMOXA
DRNCURN	DRNCURN	sellerratings.com	HTTPS://WWW.SELLERRATINGS.COM/AMAZON/USA/DRNCURN-INC
DROPOFDIVINITI	DROPOFDIVINITI	sellerratings.com	HTTPS://WWW.SELLERRATINGS.COM/AMAZON/USA/DROP-OF-DIVINITI
DRQUALITYDCOR	DRQUALITY	sellerratings.com	HTTPS://WWW.SELLERRATINGS.COM/AMAZON/USA/DR-QUALITY-PRODUCTS
DRWELLAND	DRWELLAND	sellerratings.com	HTTPS://WWW.SELLERRATINGS.COM/AMAZON/USA/DRWELLAND
DUCOMI	DUCOMI	sellerratings.com	HTTPS://WWW.SELLERRATINGS.COM/AMAZON/FRANCE/DUCOMI
DUGSDG	DUGSDGHEALTHCARE	sellerratings.com	HTTPS://WWW.SELLERRATINGS.COM/AMAZON/USA/DUGSDG-HEALTHCARE
DUHU	DUHU	sellerratings.com	HTTPS://WWW.SELLERRATINGS.COM/AMAZON/UK/DUHU
DUMEALAGR	DUMEALAGROFFICIALSTOREUS	sellerratings.com	HTTPS://WWW.SELLERRATINGS.COM/AMAZON/USA/DUMEALAGR-OFFICIAL-STORE-US
DUMILOO	DUMILOO	sellerratings.com	HTTPS://WWW.SELLERRATINGS.COM/AMAZON/USA/DUMILOO
DUMSAMKER	DUMSAMKERUSA	sellerratings.com	HTTPS://WWW.SELLERRATINGS.COM/AMAZON/USA/DUMSAMKER-USA
DUNCANSFAMILYFARMSTORE	DUNCANSFAMILYFARM	sellerratings.com	HTTPS://WWW.SELLERRATINGS.COM/AMAZON/USA/DUNCANS-FAMILY-FARM-STORE
DUORTA	DUORT	sellerratings.com	HTTPS://WWW.SELLERRATINGS.COM/AMAZON/USA/DUORT
DUSHOW	DUSHOWUS	sellerratings.com	HTTPS://WWW.SELLERRATINGS.COM/AMAZON/USA/DUSHOW-US
DUSSAL	DDUSSAL	sellerratings.com	HTTPS://WWW.SELLERRATINGS.COM/AMAZON/USA/D-DUSSAL
DUTYONE	DUTYONEDIRECT	sellerratings.com	HTTPS://WWW.SELLERRATINGS.COM/AMAZON/USA/DUTYONE-DIRECT
DWCN	DWCN	sellerratings.com	HTTPS://WWW.SELLERRATINGS.COM/AMAZON/USA/DWCN
DYVICL	DYVICL	sellerratings.com	HTTPS://WWW.SELLERRATINGS.COM/AMAZON/USA/DYVICL
DYZERYK	DYZERYK	sellerratings.com	HTTPS://WWW.SELLERRATINGS.COM/AMAZON/USA/DYZERYK
EACHPOLE	ECHOZEN	sellerratings.com	HTTPS://WWW.SELLERRATINGS.COM/AMAZON/USA/ECHOZEN
EAGLEGGO	EAGLEGGO	sellerratings.com	HTTPS://WWW.SELLERRATINGS.COM/AMAZON/USA/EAGLEGGO
EAGOUDIARY	EAGOUDIARY	sellerratings.com	HTTPS://WWW.SELLERRATINGS.COM/AMAZON/USA/EAGOU-DIARY
EAILGORL	EAILGORL	sellerratings.com	HTTPS://WWW.SELLERRATINGS.COM/AMAZON/USA/EAILGORL
EARTHSCODE	EARTHSCODEDIRECT	sellerratings.com	HTTPS://WWW.SELLERRATINGS.COM/AMAZON/USA/EARTHSCODE-DIRECT
EARTHWISEAROMATICSFOODTOLIVEF	EARTHWISEAROMATICS	sellerratings.com	HTTPS://WWW.SELLERRATINGS.COM/AMAZON/USA/EARTHWISE-AROMATICS
EARUP	EARUP	sellerratings.com	HTTPS://WWW.SELLERRATINGS.COM/AMAZON/USA/EARUP
EASMA	EASMASHOP	sellerratings.com	HTTPS://WWW.SELLERRATINGS.COM/AMAZON/USA/EASMA-SHOP
EASTCOASTHAMMOCKS	EASTCOASTHAMMOCKS	sellerratings.com	HTTPS://WWW.SELLERRATINGS.COM/AMAZON/USA/EAST-COAST-HAMMOCKS
EASTLAKEMARINEELECTRIC	EASTLAKEMARINEELECTRIC	sellerratings.com	HTTPS://WWW.SELLERRATINGS.COM/AMAZON/USA/EAST-LAKE-MARINE-ELECTRIC
EASTSHINE	EASTSHINE	sellerratings.com	HTTPS://WWW.SELLERRATINGS.COM/AMAZON/USA/EASTSHINE
EASTWESTCONSOLIDATED	EASTWESTCONSOLIDATED	sellerratings.com	HTTPS://WWW.SELLERRATINGS.COM/AMAZON/USA/EAST-WEST-CONSOLIDATED
EASYCOSY	EASYCOSYUS	sellerratings.com	HTTPS://WWW.SELLERRATINGS.COM/AMAZON/USA/EASYCOSY-US
EASYDANCING	EASYDANCINGUS	sellerratings.com	HTTPS://WWW.SELLERRATINGS.COM/AMAZON/USA/EASYDANCING-US
EASYFINE	EASYFINE	sellerratings.com	HTTPS://WWW.SELLERRATINGS.COM/AMAZON/USA/EASYFINE-INC
EASYZON	EASYZON	sellerratings.com	HTTPS://WWW.SELLERRATINGS.COM/AMAZON/USA/EASYZON
EBARGAINWORLD	EBARGAINWORLD	sellerratings.com	HTTPS://WWW.SELLERRATINGS.COM/AMAZON/USA/EBARGAINWORLD
EBBNIVS	EBBNIVSUS	sellerratings.com	HTTPS://WWW.SELLERRATINGS.COM/AMAZON/USA/EBBNIVS-US
EBEET	EBEETDIRECT	sellerratings.com	HTTPS://WWW.SELLERRATINGS.COM/AMAZON/USA/EBEET-DIRECT
EBUNS	EBUNSKITCHEN	sellerratings.com	HTTPS://WWW.SELLERRATINGS.COM/AMAZON/USA/EBUNS-KITCHEN
EBUYFIRE	EBUYFIRE	sellerratings.com	HTTPS://WWW.SELLERRATINGS.COM/AMAZON/USA/EBUYFIRE
ECCBOX	ECCBOX	sellerratings.com	HTTPS://WWW.SELLERRATINGS.COM/AMAZON/USA/ECCBOX
ECHZOVE	ECHZOVE	sellerratings.com	HTTPS://WWW.SELLERRATINGS.COM/AMAZON/USA/ECHZOVE
ECLENYES	ECLENYES	sellerratings.com	HTTPS://WWW.SELLERRATINGS.COM/AMAZON/USA/ECLENYES
ECLV	ECLV	sellerratings.com	HTTPS://WWW.SELLERRATINGS.COM/AMAZON/USA/ECLV
ECO4US	ETORK	sellerratings.com	HTTPS://WWW.SELLERRATINGS.COM/AMAZON/USA/ETORK-INC
ECOIOU	ECOIOU	sellerratings.com	HTTPS://WWW.SELLERRATINGS.COM/AMAZON/USA/ECOIOU
ECOMADEARENA	ECOMADEARENA	sellerratings.com	HTTPS://WWW.SELLERRATINGS.COM/AMAZON/USA/ECOMADE-ARENA
ECOMERR	ECOMERR	sellerratings.com	HTTPS://WWW.SELLERRATINGS.COM/AMAZON/USA/ECOMERR
ECONAVA	ECONAVA	sellerratings.com	HTTPS://WWW.SELLERRATINGS.COM/AMAZON/USA/ECONAVA
ECOPRISO	ECOPRSIO	sellerratings.com	HTTPS://WWW.SELLERRATINGS.COM/AMAZON/USA/ECOPRSIO-STORE
ECOPROVENT	ECOPROVENT	sellerratings.com	HTTPS://WWW.SELLERRATINGS.COM/AMAZON/USA/ECOPRO-VENT
ECOSTCONNECTION	ECOSTCONNECTION	sellerratings.com	HTTPS://WWW.SELLERRATINGS.COM/AMAZON/USA/ECOSTCONNECTION
ECOTIQUEHOME	ECOTIQUEHOME	sellerratings.com	HTTPS://WWW.SELLERRATINGS.COM/AMAZON/USA/ECOTIQUE-HOME
ECOWALSON	ECOWALSON	sellerratings.com	HTTPS://WWW.SELLERRATINGS.COM/AMAZON/USA/ECOWALSON
ECUMFFY	ECUMFYPARTS	sellerratings.com	HTTPS://WWW.SELLERRATINGS.COM/AMAZON/USA/ECUMFY-PARTS
ECUMFY	ECUMFYPARTS	sellerratings.com	HTTPS://WWW.SELLERRATINGS.COM/AMAZON/USA/ECUMFY-PARTS
EDENSDECOR	EDENSDECOR	sellerratings.com	HTTPS://WWW.SELLERRATINGS.COM/AMAZON/USA/EDENS-DECOR
EDISONKING	EDISONKING	sellerratings.com	HTTPS://WWW.SELLERRATINGS.COM/AMAZON/USA/EDISON-KING
EDISUPPLIES	EDISUPPLIES	sellerratings.com	HTTPS://WWW.SELLERRATINGS.COM/AMAZON/USA/EDI-SUPPLIES
EDOSTORY	EDOSTORY	sellerratings.com	HTTPS://WWW.SELLERRATINGS.COM/AMAZON/USA/EDOSTORY
EDOTFISH	EDOTFISH	sellerratings.com	HTTPS://WWW.SELLERRATINGS.COM/AMAZON/USA/EDOTFISH
EEAULD	MODELAUTO	sellerratings.com	HTTPS://WWW.SELLERRATINGS.COM/AMAZON/USA/MODELAUTO
EELIFEE	EELIFE	sellerratings.com	HTTPS://WWW.SELLERRATINGS.COM/AMAZON/USA/EELIFE-
EEOYU	EEOYU	sellerratings.com	HTTPS://WWW.SELLERRATINGS.COM/AMAZON/USA/EEOYU
EEYAD	EEYAD	sellerratings.com	HTTPS://WWW.SELLERRATINGS.COM/AMAZON/USA/EEYAD
EEZEXPREZE	EZEXPREZE	sellerratings.com	HTTPS://WWW.SELLERRATINGS.COM/AMAZON/USA/EZEXPREZE
EFFACERA	EFFACERA	sellerratings.com	HTTPS://WWW.SELLERRATINGS.COM/AMAZON/USA/EFFACERA
EFFLEMOUR	EFFLEMOURDIRECT	sellerratings.com	HTTPS://WWW.SELLERRATINGS.COM/AMAZON/USA/EFFLEMOUR-DIRECT
EFINEHOME	EFINEHOME	sellerratings.com	HTTPS://WWW.SELLERRATINGS.COM/AMAZON/USA/EFINE-HOME
EFOHANA	EFOHANA	sellerratings.com	HTTPS://WWW.SELLERRATINGS.COM/AMAZON/USA/EFOHANA
EGASKY	EGASKY	sellerratings.com	HTTPS://WWW.SELLERRATINGS.COM/AMAZON/USA/EGASKY
EGHUNOOY	EGHUNOOY	sellerratings.com	HTTPS://WWW.SELLERRATINGS.COM/AMAZON/USA/EGHUNOOY
EGIFI	EGIFI	sellerratings.com	HTTPS://WWW.SELLERRATINGS.COM/AMAZON/USA/EGIFI
EGYPTIANCOTTONFACTORYOUTLETSTORE	EGYPTIANCOTTONFACTORYOUTLET	sellerratings.com	HTTPS://WWW.SELLERRATINGS.COM/AMAZON/USA/EGYPTIAN-COTTON-FACTORY-OUTLET-STORE
EHOMEPRODUCTS	EHOMEPRODUCTS	sellerratings.com	HTTPS://WWW.SELLERRATINGS.COM/AMAZON/USA/EHOMEPRODUCTS
EHOYAL	EHOYAL	sellerratings.com	HTTPS://WWW.SELLERRATINGS.COM/AMAZON/USA/EHOYAL
EHUANGTOOLS	EHUANGTOOLS	sellerratings.com	HTTPS://WWW.SELLERRATINGS.COM/AMAZON/USA/EHUANGTOOLS
EILLION	EILLION	sellerratings.com	HTTPS://WWW.SELLERRATINGS.COM/AMAZON/USA/EILLION
EIOUMAX	CHURRUP	sellerratings.com	HTTPS://WWW.SELLERRATINGS.COM/AMAZON/USA/CHURRUP
EISINLY	EISINLY	sellerratings.com	HTTPS://WWW.SELLERRATINGS.COM/AMAZON/USA/EISINLY
EKIRLIN	EKIRLIN	sellerratings.com	HTTPS://WWW.SELLERRATINGS.COM/AMAZON/USA/EKIRLIN
EKLENTSON	EKLENTSON	sellerratings.com	HTTPS://WWW.SELLERRATINGS.COM/AMAZON/USA/EKLENTSON
EKOMX	EKOMX	sellerratings.com	HTTPS://WWW.SELLERRATINGS.COM/AMAZON/USA/EKOMX
EKSAVE	EKSAVE	sellerratings.com	HTTPS://WWW.SELLERRATINGS.COM/AMAZON/FRANCE/EKSAVE
ELANROMAN	ELANROMANENTRYLUXURYFASHIONMENSHOES	sellerratings.com	HTTPS://WWW.SELLERRATINGS.COM/AMAZON/USA/ELANROMAN-ENTRY-LUXURY-FASHION-MEN-SHOES
ELECTRONICSBASKET	ELECTRONICSBASKET	sellerratings.com	HTTPS://WWW.SELLERRATINGS.COM/AMAZON/USA/ELECTRONICS-BASKET
ELELIFE	ELELIFEUS	sellerratings.com	HTTPS://WWW.SELLERRATINGS.COM/AMAZON/USA/ELELIFE-US
ELEPUDE	ELEPUDE	sellerratings.com	HTTPS://WWW.SELLERRATINGS.COM/AMAZON/USA/ELEPUDE
ELFESOUL	ELFESOUL	sellerratings.com	HTTPS://WWW.SELLERRATINGS.COM/AMAZON/USA/ELFESOUL
ELINNEE	ELINNEEDIRECT	sellerratings.com	HTTPS://WWW.SELLERRATINGS.COM/AMAZON/USA/ELINNEEDIRECT
ELLOAPIC	ELLOAPIC	sellerratings.com	HTTPS://WWW.SELLERRATINGS.COM/AMAZON/USA/ELLOAPIC
ELOUNTIK	ELOUNTIK	sellerratings.com	HTTPS://WWW.SELLERRATINGS.COM/AMAZON/USA/ELOUNTIK
ELVESHOME	ELVESHOME	sellerratings.com	HTTPS://WWW.SELLERRATINGS.COM/AMAZON/USA/ELVESHOME
ELYFLAIR	ELYFLAIR	sellerratings.com	HTTPS://WWW.SELLERRATINGS.COM/AMAZON/GERMANY/ELYFLAIR
EMAKS	EMAKSDIRECT	sellerratings.com	HTTPS://WWW.SELLERRATINGS.COM/AMAZON/USA/EMAKS-DIRECT
EMPEROROFGADGETS	EMPEROROFGADGETS	sellerratings.com	HTTPS://WWW.SELLERRATINGS.COM/AMAZON/USA/EMPEROR-OF-GADGETS
EMPSUN	EMPSUNDIRECT	sellerratings.com	HTTPS://WWW.SELLERRATINGS.COM/AMAZON/USA/EMPSUN-DIRECT
ENCHANTEDSPACES	ENCHANTEDSPACES	sellerratings.com	HTTPS://WWW.SELLERRATINGS.COM/AMAZON/USA/ENCHANTED-SPACES
ENDBUG	ENDBUG	sellerratings.com	HTTPS://WWW.SELLERRATINGS.COM/AMAZON/USA/ENDBUG
ENERWOW	ENERWOWUS	sellerratings.com	HTTPS://WWW.SELLERRATINGS.COM/AMAZON/USA/ENERWOW-US
ENERWOW	ENERWOWCHARGING	sellerratings.com	HTTPS://WWW.SELLERRATINGS.COM/AMAZON/USA/ENERWOW-CHARGING
ENGMOLPHY	ENGMOLPHY	sellerratings.com	HTTPS://WWW.SELLERRATINGS.COM/AMAZON/USA/ENGMOLPHY
ENGOOFINE	ENGOOFINESTICKER	sellerratings.com	HTTPS://WWW.SELLERRATINGS.COM/AMAZON/USA/ENGOOFINE-STICKER
ENISUDO	ENUDOOD	sellerratings.com	HTTPS://WWW.SELLERRATINGS.COM/AMAZON/USA/ENUDOOD
ENJOYIELD	ENJOYIELD	sellerratings.com	HTTPS://WWW.SELLERRATINGS.COM/AMAZON/USA/ENJOYIELD
ENOYOO	ENOYOO	sellerratings.com	HTTPS://WWW.SELLERRATINGS.COM/AMAZON/USA/ENOYOO
EOHJAR	EOHJAR	sellerratings.com	HTTPS://WWW.SELLERRATINGS.COM/AMAZON/USA/EOHJAR
EOQO	EOQO	sellerratings.com	HTTPS://SELLERRATINGS.COM/AMAZON/USA/EOQO
EOYEA	EOYEA	sellerratings.com	HTTPS://WWW.SELLERRATINGS.COM/AMAZON/USA/EOYEA
EPARTSGOGOGO	EPARTSGOGOGO	sellerratings.com	HTTPS://WWW.SELLERRATINGS.COM/AMAZON/USA/EPARTS-GOGOGO
EPICGADGET	EPICGADGET	sellerratings.com	HTTPS://WWW.SELLERRATINGS.COM/AMAZON/USA/EPICGADGET
EPRDISTRIBUTION	EPRDISTRIBUTION	sellerratings.com	HTTPS://WWW.SELLERRATINGS.COM/AMAZON/USA/EPR-DISTRIBUTION
EPSKY	EDUP	sellerratings.com	HTTPS://WWW.SELLERRATINGS.COM/AMAZON/USA/EDUP-STORE
ERDIEGLE	ERDIEGLE	sellerratings.com	HTTPS://WWW.SELLERRATINGS.COM/AMAZON/SPAIN/ERDIEGLE
ERONMY	EROMMY	sellerratings.com	HTTPS://WWW.SELLERRATINGS.COM/AMAZON/USA/EROMMY
ERUSHAUTOPARTS	ERUSHAUTOPARTS	sellerratings.com	HTTPS://WWW.SELLERRATINGS.COM/AMAZON/USA/ERUSH-AUTOPARTS
ERWEICET	ERWEICET	sellerratings.com	HTTPS://WWW.SELLERRATINGS.COM/AMAZON/USA/ERWEICET
ESCANU	ESCANUUS	sellerratings.com	HTTPS://WWW.SELLERRATINGS.COM/AMAZON/USA/ESCANU-US
ESEGOI	ESEGOIUS	sellerratings.com	HTTPS://WWW.SELLERRATINGS.COM/AMAZON/USA/E-SEGOI-US
ESELLSIMPLE	ESELLSIMPLE	sellerratings.com	HTTPS://WWW.SELLERRATINGS.COM/AMAZON/USA/ESELLSIMPLE
ESHINESPORT	ESHINESPORT	sellerratings.com	HTTPS://WWW.SELLERRATINGS.COM/AMAZON/USA/ESHINESPORT
ESIMEN	ESIMENDIRECTONLINE	sellerratings.com	HTTPS://WWW.SELLERRATINGS.COM/AMAZON/USA/ESIMEN-DIRECT-ONLINE
ESOVIO	ESOVIO	sellerratings.com	HTTPS://WWW.SELLERRATINGS.COM/AMAZON/USA/ESOVIO
ESPEFY	ESPEFY	sellerratings.com	HTTPS://WWW.SELLERRATINGS.COM/AMAZON/USA/ESPEFY
ETERBIZ	ETERBIZDIRECT	sellerratings.com	HTTPS://WWW.SELLERRATINGS.COM/AMAZON/USA/ETERBIZ-DIRECT
ETERISH	ETERISH	sellerratings.com	HTTPS://WWW.SELLERRATINGS.COM/AMAZON/USA/ETERISH
ETERLUCK	ETERLUCK	sellerratings.com	HTTPS://WWW.SELLERRATINGS.COM/AMAZON/USA/ETERLUCK
ETGUUDS	ETGUUDS	sellerratings.com	HTTPS://WWW.SELLERRATINGS.COM/AMAZON/USA/ETGUUDS
EUARNE	EUARNEUS	sellerratings.com	HTTPS://WWW.SELLERRATINGS.COM/AMAZON/USA/EUARNE-US
EUCOZ	EUCOZ	sellerratings.com	HTTPS://WWW.SELLERRATINGS.COM/AMAZON/USA/EUCOZ
EUDOLAH	EUDOLAHAPPARELCOLTD	sellerratings.com	HTTPS://WWW.SELLERRATINGS.COM/AMAZON/USA/EUDOLAH-APPAREL-CO-LTD
EUICAE	EUICAE	sellerratings.com	HTTPS://WWW.SELLERRATINGS.COM/AMAZON/USA/EUICAE
EUOW	EUOWUS	sellerratings.com	HTTPS://WWW.SELLERRATINGS.COM/AMAZON/USA/EUOW-US
EURCOOL	EURCOOL	sellerratings.com	HTTPS://WWW.SELLERRATINGS.COM/AMAZON/USA/EURCOOL
EUROVICKY	EUROVICKY	sellerratings.com	HTTPS://WWW.SELLERRATINGS.COM/AMAZON/USA/EUROVICKY
EURPMASK	EURPMASKDIRECT	sellerratings.com	HTTPS://WWW.SELLERRATINGS.COM/AMAZON/USA/EURPMASK-DIRECT
EVELIER	EVELIERMAVEUP	sellerratings.com	HTTPS://WWW.SELLERRATINGS.COM/AMAZON/USA/EVELIER-MAVEUP_
EVENNATURALS	EVENNATURALS	sellerratings.com	HTTPS://WWW.SELLERRATINGS.COM/AMAZON/USA/EVEN-NATURALS
EVERLASTINGICERX	EVERLASTINGICERX	sellerratings.com	HTTPS://WWW.SELLERRATINGS.COM/AMAZON/USA/EVERLASTING-ICE-RX
EVFIT	EVFIT	sellerratings.com	HTTPS://WWW.SELLERRATINGS.COM/AMAZON/USA/EVFITUS
EWEASTWATER	EWEASTWATER	sellerratings.com	HTTPS://WWW.SELLERRATINGS.COM/AMAZON/USA/EW-EAST-WATER
EXACTDESIGN	EXACTDESIGNPRODUCT	sellerratings.com	HTTPS://WWW.SELLERRATINGS.COM/AMAZON/USA/EXACT-DESIGN-PRODUCT
EXEMPLARYGARDENS	EXEMPLARYGARDENSSHOP	sellerratings.com	HTTPS://WWW.SELLERRATINGS.COM/AMAZON/USA/EXEMPLARY-GARDENS-SHOP
EXMATE	EXMATE	sellerratings.com	HTTPS://WWW.SELLERRATINGS.COM/AMAZON/USA/EXMATE
EXPLUXCOMMERCIALLIGHTING	EXPLUXCOMMERCIALLIGHTING	sellerratings.com	HTTPS://WWW.SELLERRATINGS.COM/AMAZON/USA/EXPLUX-COMMERCIAL-LIGHTING
EYEYEE	EYEYEEPRESCRIPTIONGLASSESLABORATORY	sellerratings.com	HTTPS://WWW.SELLERRATINGS.COM/AMAZON/USA/EYEYEE-PRESCRIPTION-GLASSES-LABORATORY
EZANDA	EZANDA	sellerratings.com	HTTPS://WWW.SELLERRATINGS.COM/AMAZON/USA/EZANDA
EZETAI	EZETAISECURITYSERVICES	sellerratings.com	HTTPS://WWW.SELLERRATINGS.COM/AMAZON/USA/EZETAI-SECURITY-SERVICES
EZIUSE	EZIUSEONLINE	sellerratings.com	HTTPS://WWW.SELLERRATINGS.COM/AMAZON/USA/EZIUSE-ONLINE
EZTRONICSCORP	EZTRONICSCORP	sellerratings.com	HTTPS://WWW.SELLERRATINGS.COM/AMAZON/USA/EZTRONICS-CORP
EZYOPENTECK	EZYOPENTECK	sellerratings.com	HTTPS://WWW.SELLERRATINGS.COM/AMAZON/USA/EZYOPENTECK
F1RSTLAYER	F1RSTLAYER	sellerratings.com	HTTPS://WWW.SELLERRATINGS.COM/AMAZON/USA/F1RST-LAYER
FACHNUOTOOL	FACHNUOTOOL	sellerratings.com	HTTPS://WWW.SELLERRATINGS.COM/AMAZON/USA/FACHNUO-TOOL
FACILCASA	FACILCASA	sellerratings.com	HTTPS://WWW.SELLERRATINGS.COM/AMAZON/ITALY/FACILCASA
FADHOLE	FADHOLEDIRECT	sellerratings.com	HTTPS://WWW.SELLERRATINGS.COM/AMAZON/USA/FADHOLE-DIRECT
FAGEVERLD	FAGEVERLD	sellerratings.com	HTTPS://WWW.SELLERRATINGS.COM/AMAZON/USA/FAGEVERLD
FAKJANK	FAKJANK	sellerratings.com	HTTPS://WWW.SELLERRATINGS.COM/AMAZON/GERMANY/FAKJANK
FAKUGO	FAKUGO	sellerratings.com	HTTPS://WWW.SELLERRATINGS.COM/AMAZON/USA/FAKUGO
FAMIHOMII	FAMIHOMIIUS	sellerratings.com	HTTPS://WWW.SELLERRATINGS.COM/AMAZON/USA/FAMIHOMII-US
FANCIEST	FANCYBUYING	sellerratings.com	HTTPS://WWW.SELLERRATINGS.COM/AMAZON/USA/FANCY-BUYING
FANCYBANT	FANCYBANTOFFICE	sellerratings.com	HTTPS://WWW.SELLERRATINGS.COM/AMAZON/USA/FANCYBANT-OFFICE
FANCYBUYING	FANCYBUYING	sellerratings.com	HTTPS://WWW.SELLERRATINGS.COM/AMAZON/USA/FANCY-BUYING
FANCYBUYINGCO	FANCYBUYING	sellerratings.com	HTTPS://WWW.SELLERRATINGS.COM/AMAZON/USA/FANCY-BUYING
FANCYLINENLLC	FANCYLINENLLC	sellerratings.com	HTTPS://WWW.SELLERRATINGS.COM/AMAZON/USA/FANCY-LINEN-LLC-INC
FANCYMAY	FANCYMAY	sellerratings.com	HTTPS://WWW.SELLERRATINGS.COM/AMAZON/USA/FANCYMAY
FANCYWING	FANCYWING	sellerratings.com	HTTPS://WWW.SELLERRATINGS.COM/AMAZON/USA/FANCYWING
FANGYANMEI	FANGYANMEI	sellerratings.com	HTTPS://WWW.SELLERRATINGS.COM/AMAZON/USA/FANGYANMEI
FANWAYER	FANWAYER	sellerratings.com	HTTPS://WWW.SELLERRATINGS.COM/AMAZON/USA/FANWAYER
FAPEND	FAPEND	sellerratings.com	HTTPS://WWW.SELLERRATINGS.COM/AMAZON/USA/FAPEND
FARANI	FARANIUS	sellerratings.com	HTTPS://WWW.SELLERRATINGS.COM/AMAZON/USA/FARANI-US
FARKTOP	FARKTOP	sellerratings.com	HTTPS://WWW.SELLERRATINGS.COM/AMAZON/USA/FARKTOP
FASHIONOLIC	FASHIONOLIC	sellerratings.com	HTTPS://WWW.SELLERRATINGS.COM/AMAZON/USA/FASHIONOLIC
FASHIONPIPES	FASHIONPIPES	sellerratings.com	HTTPS://WWW.SELLERRATINGS.COM/AMAZON/USA/FASHION-PIPES
FASKUNOIE	FASKUNOIE	sellerratings.com	HTTPS://WWW.SELLERRATINGS.COM/AMAZON/USA/FASKUNOIE
FASMOV	FASMOV	sellerratings.com	HTTPS://WWW.SELLERRATINGS.COM/AMAZON/USA/FASMOV
FASTINK	FASTINKLTD	sellerratings.com	HTTPS://WWW.SELLERRATINGS.COM/AMAZON/USA/FASTINK-LTD
FATCATWALLGRAPHICS	FATCATWALLGRAPHICS	sellerratings.com	HTTPS://WWW.SELLERRATINGS.COM/AMAZON/USA/FATCAT-WALL-GRAPHICS
FATIVO	FATIVO	sellerratings.com	HTTPS://WWW.SELLERRATINGS.COM/AMAZON/SPAIN/FATIVO
FATUDOZ	FATUXZ	sellerratings.com	HTTPS://WWW.SELLERRATINGS.COM/AMAZON/USA/FATUXZ-STORE
FATUXZ	FATUXZ	sellerratings.com	HTTPS://WWW.SELLERRATINGS.COM/AMAZON/USA/FATUXZ-STORE
FAVBAL	FAVBALUS	sellerratings.com	HTTPS://WWW.SELLERRATINGS.COM/AMAZON/USA/FAVBAL-US
FAVONIUSPOUPEE	FAVONIUSPOUPEE	sellerratings.com	HTTPS://WWW.SELLERRATINGS.COM/AMAZON/USA/FAVONIUS-POUPEE
FAVORGEAR	FAVORGEAR	sellerratings.com	HTTPS://WWW.SELLERRATINGS.COM/AMAZON/USA/FAVORGEAR
FAWNHILLCO	BAREAUGUST	sellerratings.com	HTTPS://WWW.SELLERRATINGS.COM/AMAZON/USA/FAWN-HILL-CO
FBESTEAM	FBESTEAMDIRECT	sellerratings.com	HTTPS://WWW.SELLERRATINGS.COM/AMAZON/USA/FBESTEAM-DIRECT
FBESTEAM	FTHINK	sellerratings.com	HTTPS://SELLERRATINGS.COM/AMAZON/USA/FBESTEAM-US
FBLFOBELI	FBLFOBELI	sellerratings.com	HTTPS://WWW.SELLERRATINGS.COM/AMAZON/USA/FBL-FOBELI
FBTDCHOK	FBTDCHOK	sellerratings.com	HTTPS://WWW.SELLERRATINGS.COM/AMAZON/USA/FBTDCHOK
FCHEN	FCHENARTSTORE	sellerratings.com	HTTPS://WWW.SELLERRATINGS.COM/AMAZON/USA/FCHEN-ARTSTORE
FCHENART	FCHENARTSTORE	sellerratings.com	HTTPS://WWW.SELLERRATINGS.COM/AMAZON/USA/FCHEN-ARTSTORE
FEELFUN	FEELFUNN	sellerratings.com	HTTPS://WWW.SELLERRATINGS.COM/AMAZON/USA/FEELFUNN
FEIPARTS	FEIPARTS	sellerratings.com	HTTPS://WWW.SELLERRATINGS.COM/AMAZON/USA/FEIPARTS
FEITAKE	FEITAKE	sellerratings.com	HTTPS://WWW.SELLERRATINGS.COM/AMAZON/USA/FEITAKE
FEIYABDF	FEIYABDF	sellerratings.com	HTTPS://WWW.SELLERRATINGS.COM/AMAZON/USA/FEIYABDF
FELHOOD	FELHOOD	sellerratings.com	HTTPS://WWW.SELLERRATINGS.COM/AMAZON/USA/FELHOOD
FELIZMAX	FELIZMAX	sellerratings.com	HTTPS://WWW.SELLERRATINGS.COM/AMAZON/USA/FELIZMAX
FEMAGIQUE	FEMAGIQUE	sellerratings.com	HTTPS://WWW.SELLERRATINGS.COM/AMAZON/USA/FEMAGIQUE
FENERGYSHOP	FENERGYSHOP	sellerratings.com	HTTPS://WWW.SELLERRATINGS.COM/AMAZON/USA/FENERGYSHOP-LLC
FENGHUAVIP	FENGHUAVIP	sellerratings.com	HTTPS://WWW.SELLERRATINGS.COM/AMAZON/USA/FENGHUAVIP
FENGWANGLI	FENGWANGLI	sellerratings.com	HTTPS://WWW.SELLERRATINGS.COM/AMAZON/USA/FENGWANGLI
FENJAR	FENJAR	sellerratings.com	HTTPS://WWW.SELLERRATINGS.COM/AMAZON/USA/FENJAR
FENROSLY	FENROSLY	sellerratings.com	HTTPS://WWW.SELLERRATINGS.COM/AMAZON/USA/FENROSLY-STORE
FEOYOHO	FEOYOHODIRECT	sellerratings.com	HTTPS://WWW.SELLERRATINGS.COM/AMAZON/USA/FEOYOHO-DIRECT
FERLORD	FERLORDUS	sellerratings.com	HTTPS://WWW.SELLERRATINGS.COM/AMAZON/USA/FERLORD-US
FESMTEK	FESMTEK	sellerratings.com	HTTPS://WWW.SELLERRATINGS.COM/AMAZON/USA/FESMTEK
FETEULO	FETEULO	sellerratings.com	HTTPS://WWW.SELLERRATINGS.COM/AMAZON/USA/FETEULO
FFINDERSCO	FFINDERSCOUSA	sellerratings.com	HTTPS://WWW.SELLERRATINGS.COM/AMAZON/USA/F-FINDERSCO-USA
FFINDZON	FFINDERSCO	sellerratings.com	HTTPS://WWW.SELLERRATINGS.COM/AMAZON/USA/F-FINDERSCO
FGERT	FGERT	sellerratings.com	HTTPS://WWW.SELLERRATINGS.COM/AMAZON/USA/FGERT
FGERTTS	FGERT	sellerratings.com	HTTPS://WWW.SELLERRATINGS.COM/AMAZON/USA/FGERT
FIBOSTEEL	FIBOSTEELJEWELRY	sellerratings.com	HTTPS://WWW.SELLERRATINGS.COM/AMAZON/USA/FIBO-STEEL-JEWELRY
FICISOG	FICISOGUS	sellerratings.com	HTTPS://WWW.SELLERRATINGS.COM/AMAZON/USA/FICISOG-US
FIDDY898	FIDDY898	sellerratings.com	HTTPS://WWW.SELLERRATINGS.COM/AMAZON/USA/FIDDY898
FIENVO	FIENVO	sellerratings.com	HTTPS://WWW.SELLERRATINGS.COM/AMAZON/USA/FIENVO
FIFADE	FIFADELATEX	sellerratings.com	HTTPS://WWW.SELLERRATINGS.COM/AMAZON/USA/FIFADE-LATEX
FIGURAFASHIONZ	FIGURAFASHIONZ	sellerratings.com	HTTPS://WWW.SELLERRATINGS.COM/AMAZON/USA/FIGURA-FASHIONZ
FILDANCO	FILDANCO	sellerratings.com	HTTPS://WWW.SELLERRATINGS.COM/AMAZON/USA/FILDANCO
FILEBARFACTORY	FILEBARFACTORY	sellerratings.com	HTTPS://WWW.SELLERRATINGS.COM/AMAZON/USA/FILE-BAR-FACTORY
FINDAUTO	FINDAUTO	sellerratings.com	HTTPS://WWW.SELLERRATINGS.COM/AMAZON/USA/FINDAUTO
FINDISCO	FFINDERSCO	sellerratings.com	HTTPS://WWW.SELLERRATINGS.COM/AMAZON/USA/F-FINDERSCO
FINELED	FINELED	sellerratings.com	HTTPS://WWW.SELLERRATINGS.COM/AMAZON/USA/FINELED
FIOZOR	FIOZORUS	sellerratings.com	HTTPS://WWW.SELLERRATINGS.COM/AMAZON/USA/FIOZOR-US
FIR5TSUPPLIES	FIR5TSUPPLIESCORP	sellerratings.com	HTTPS://WWW.SELLERRATINGS.COM/AMAZON/USA/FIR5T-SUPPLIES-CORP
FIRECOLORCHIC	FIRECOLORCHIC	sellerratings.com	HTTPS://WWW.SELLERRATINGS.COM/AMAZON/USA/FIRECOLOR-CHIC
FIRST4SPARES	FIRST4SPARES	sellerratings.com	HTTPS://WWW.SELLERRATINGS.COM/AMAZON/UK/FIRST4SPARES
FIRSTLCD	FIRSTLCD	sellerratings.com	HTTPS://WWW.SELLERRATINGS.COM/AMAZON/USA/FIRSTLCD
FISGONI	FISGONI	sellerratings.com	HTTPS://WWW.SELLERRATINGS.COM/AMAZON/USA/FISGONI
FITOUS	FITOUS	sellerratings.com	HTTPS://WWW.SELLERRATINGS.COM/AMAZON/USA/FITOUS
FITSAI	FITSAI	sellerratings.com	HTTPS://WWW.SELLERRATINGS.COM/AMAZON/USA/FITSAI
FIVESHOPS	FIVESHOPS715DAYSSHIP	sellerratings.com	HTTPS://WWW.SELLERRATINGS.COM/AMAZON/USA/FIVESHOPS-7-15DAYS-SHIP
FIVESHOPSUS	FIVESHOPS715DAYSSHIP	sellerratings.com	HTTPS://WWW.SELLERRATINGS.COM/AMAZON/USA/FIVESHOPS-US
FIWWAT	FIWWAT	sellerratings.com	HTTPS://WWW.SELLERRATINGS.COM/AMAZON/USA/FIWWAT
FIXZILLA	FIXZILLA	sellerratings.com	HTTPS://WWW.SELLERRATINGS.COM/AMAZON/USA/FIXZILLA
FLAMEWELD	FLAMEWELD	sellerratings.com	HTTPS://WWW.SELLERRATINGS.COM/AMAZON/USA/FLAMEWELD-STORE
FLEXIYARD	FLEXIYARD	sellerratings.com	HTTPS://WWW.SELLERRATINGS.COM/AMAZON/USA/FLEXIYARD
FLEXZION	FLEXZION	sellerratings.com	HTTPS://WWW.SELLERRATINGS.COM/AMAZON/USA/FLEXZION
FLOMILAMD	FLOMILAMD	sellerratings.com	HTTPS://WWW.SELLERRATINGS.COM/AMAZON/USA/FLOMILAMD
FLOODWORX	FLOODWORX	sellerratings.com	HTTPS://WWW.SELLERRATINGS.COM/AMAZON/USA/FLOODWORX
FLYAIRTECH	FLYAIRTECH	sellerratings.com	HTTPS://WWW.SELLERRATINGS.COM/AMAZON/USA/FLYAIRTECH
FLYMEI	FLYMEI	sellerratings.com	HTTPS://WWW.SELLERRATINGS.COM/AMAZON/USA/FLYMEI
FLYTEN	FLYTEN	sellerratings.com	HTTPS://WWW.SELLERRATINGS.COM/AMAZON/USA/FLYTEN-INC
FOCAMIA	FOCAMIA	sellerratings.com	HTTPS://WWW.SELLERRATINGS.COM/AMAZON/USA/FOCAMIA
FODDOM	DOOTOOFODDOM	sellerratings.com	HTTPS://WWW.SELLERRATINGS.COM/AMAZON/USA/DOOTOO-FODDOM
FOELRO	FOELROMEDICAL	sellerratings.com	HTTPS://WWW.SELLERRATINGS.COM/AMAZON/USA/FOELRO-MEDICAL
FOIRESOFT	FOIRESOFT	sellerratings.com	HTTPS://WWW.SELLERRATINGS.COM/AMAZON/USA/FOIRESOFT
FOKENZARY	FOKENZARYARTWORKS	sellerratings.com	HTTPS://WWW.SELLERRATINGS.COM/AMAZON/USA/FOKENZARY-ARTWORKS
FOLUU	FOLUUMOBILECOLTD	sellerratings.com	HTTPS://WWW.SELLERRATINGS.COM/AMAZON/USA/FOLUU-MOBILE-COLTD
FONGHOO	FONGHOORADIO	sellerratings.com	HTTPS://WWW.SELLERRATINGS.COM/AMAZON/USA/FONGHOO-RADIO
FONTECHO	FONTECHO	sellerratings.com	HTTPS://WWW.SELLERRATINGS.COM/AMAZON/USA/FONTECHO
FORCITORY	FORCITORY	sellerratings.com	HTTPS://WWW.SELLERRATINGS.COM/AMAZON/USA/FORCITORY
FORENTEK	FORENTEK	sellerratings.com	HTTPS://WWW.SELLERRATINGS.COM/AMAZON/USA/FOREN-TEK
FORESTCITYMODELS	FORESTCITYMODELSANDPATTERNS	sellerratings.com	HTTPS://WWW.SELLERRATINGS.COM/AMAZON/USA/FOREST-CITY-MODELS-AND-PATTERNS
FORETOO	FORETOO	sellerratings.com	HTTPS://WWW.SELLERRATINGS.COM/AMAZON/USA/FORETOO
FOREVERPRO	FOREVERPRO	sellerratings.com	HTTPS://WWW.SELLERRATINGS.COM/AMAZON/USA/FOREVERPRO
FOREVERTRUSTLY	FOREVERTRUSTLY	sellerratings.com	HTTPS://WWW.SELLERRATINGS.COM/AMAZON/USA/FOREVER-TRUSTLY
FORTHAUS	FORTHAUSTECH	sellerratings.com	HTTPS://WWW.SELLERRATINGS.COM/AMAZON/USA/FORTHAUS-TECH
FOTOCREAT	FOTOCREATCOLTD	sellerratings.com	HTTPS://WWW.SELLERRATINGS.COM/AMAZON/USA/FOTOCREAT-COLTD
FOURTHLEVELMANUFACTURING	FOURTHLEVELMANUFACTURING	sellerratings.com	HTTPS://WWW.SELLERRATINGS.COM/AMAZON/USA/FOURTH-LEVEL-MANUFACTURING
FOXEASE	FOXEASE	sellerratings.com	HTTPS://WWW.SELLERRATINGS.COM/AMAZON/USA/FOXEASE-STORE
FOXMM	FOXMM	sellerratings.com	HTTPS://WWW.SELLERRATINGS.COM/AMAZON/USA/FOXMM
FOYUEH	FOYUEE	sellerratings.com	HTTPS://WWW.SELLERRATINGS.COM/AMAZON/USA/FOYUEE
FRAGRATY	FRAGRATY	sellerratings.com	HTTPS://WWW.SELLERRATINGS.COM/AMAZON/GERMANY/FRAGRATY
FRAMERLY	FRAMERLY	sellerratings.com	HTTPS://WWW.SELLERRATINGS.COM/AMAZON/USA/FRAMERLY
FRANKIEZHOU	FRANKIEZHOU	sellerratings.com	HTTPS://WWW.SELLERRATINGS.COM/AMAZON/USA/FRANKIE-ZHOU-STORE
FRANKLINCREATIVESOLUTION	FRANKLINCREATIVESOLUTIONS	sellerratings.com	HTTPS://WWW.SELLERRATINGS.COM/AMAZON/USA/FRANKLIN-CREATIVE-SOLUTIONS-LLC
FRANKLINCREATIVESOLUTIONS	FRANKLINCREATIVESOLUTIONS	sellerratings.com	HTTPS://WWW.SELLERRATINGS.COM/AMAZON/USA/FRANKLIN-CREATIVE-SOLUTIONS-LLC
FRASUKIS	FRASUKIS	sellerratings.com	HTTPS://WWW.SELLERRATINGS.COM/AMAZON/USA/FRASUKIS
FRASUKISFRASUKIS	FRASUKIS	sellerratings.com	HTTPS://WWW.SELLERRATINGS.COM/AMAZON/USA/FRASUKIS
FREETIMEOUTDOOR	FIREGEARUS	sellerratings.com	HTTPS://SELLERRATINGS.COM/AMAZON/USA/FREETIME-OUTDOOR-US
FREIDOO	FREIDOO	sellerratings.com	HTTPS://WWW.SELLERRATINGS.COM/AMAZON/USA/FREIDOO
FRUCASE	FRUCASEDIRECT	sellerratings.com	HTTPS://WWW.SELLERRATINGS.COM/AMAZON/USA/FRUCASE-DIRECT
FTABERNAM	FTABERNAM	sellerratings.com	HTTPS://WWW.SELLERRATINGS.COM/AMAZON/USA/FTABERNAM
FTCAYANZ	FTCAYANZ	sellerratings.com	HTTPS://WWW.SELLERRATINGS.COM/AMAZON/USA/FTCAYANZ
FTFGEAR	FTFGEAR	sellerratings.com	HTTPS://WWW.SELLERRATINGS.COM/AMAZON/USA/FTF-GEAR
FUANKANG	FUANKANG	sellerratings.com	HTTPS://WWW.SELLERRATINGS.COM/AMAZON/USA/FUANKANG
FUGUALIN	FUGUALIN	sellerratings.com	HTTPS://WWW.SELLERRATINGS.COM/AMAZON/UK/FUGUALIN
FUKEIVY	FUKEIVY	sellerratings.com	HTTPS://WWW.SELLERRATINGS.COM/AMAZON/USA/FU-KEIVY
FULAIDA	FULAIDAUS	sellerratings.com	HTTPS://WWW.SELLERRATINGS.COM/AMAZON/USA/FULAIDA-US
FULBEVY	FULBEVYUS	sellerratings.com	HTTPS://WWW.SELLERRATINGS.COM/AMAZON/USA/FULBEVY-US
FULLCOMTECH	FULLCOMTECH	sellerratings.com	HTTPS://WWW.SELLERRATINGS.COM/AMAZON/USA/FULLCOM-TECH
FUNAMILY	FUNAMILYSHOP	sellerratings.com	HTTPS://WWW.SELLERRATINGS.COM/AMAZON/USA/FUNAMILY-SHOP
FUNCEPT	FUNCEPT	sellerratings.com	HTTPS://WWW.SELLERRATINGS.COM/AMAZON/GERMANY/FUNCEPT
FUNIGHT	FUNIGHTMEDICAL	sellerratings.com	HTTPS://WWW.SELLERRATINGS.COM/AMAZON/USA/FUNIGHT-MEDICAL
FUNMIT	FUNMITSUPPLIER	sellerratings.com	HTTPS://WWW.SELLERRATINGS.COM/AMAZON/USA/FUNMIT-SUPPLIER
FUNOONY	FUNOONY	sellerratings.com	HTTPS://WWW.SELLERRATINGS.COM/AMAZON/USA/FUNOONY
FUNSOUND	FUNSOUND	sellerratings.com	HTTPS://WWW.SELLERRATINGS.COM/AMAZON/USA/FUNSOUND-STORE
FURHUA	FURHUAUS	sellerratings.com	HTTPS://WWW.SELLERRATINGS.COM/AMAZON/USA/FURHUA-US
FURNISTAR	FURNISTAR	sellerratings.com	HTTPS://WWW.SELLERRATINGS.COM/AMAZON/USA/FURNISTAR
FUTUREBATT	FUTUREBATT	sellerratings.com	HTTPS://WWW.SELLERRATINGS.COM/AMAZON/USA/FUTUREBATT-INC
FUZMONOERE	FUZMONOERE	sellerratings.com	HTTPS://WWW.SELLERRATINGS.COM/AMAZON/USA/FUZMONOERE
FVANOR	FVANOR	sellerratings.com	HTTPS://WWW.SELLERRATINGS.COM/AMAZON/USA/FVANOR
FWAYTECH	FWAYTECH	sellerratings.com	HTTPS://WWW.SELLERRATINGS.COM/AMAZON/JAPAN/FWAYTECH
GACKOKO	GACKOKO	sellerratings.com	HTTPS://WWW.SELLERRATINGS.COM/AMAZON/USA/GACKOKO
GADE10	GDAE10	sellerratings.com	HTTPS://WWW.SELLERRATINGS.COM/AMAZON/USA/GDAE10
GAFILIE	GAFLY	sellerratings.com	HTTPS://WWW.SELLERRATINGS.COM/AMAZON/USA/GAFLY
GAGBK	GAGBK	sellerratings.com	HTTPS://WWW.SELLERRATINGS.COM/AMAZON/USA/GAGBK
GAGIHOOM	GAGIHOOM	sellerratings.com	HTTPS://WWW.SELLERRATINGS.COM/AMAZON/USA/GAGIHOOM
GAIGAIMALL	GAIGAIMALL	sellerratings.com	HTTPS://WWW.SELLERRATINGS.COM/AMAZON/USA/GAIGAIMALL
GAISTEN	GAISTENOFFICIAL	sellerratings.com	HTTPS://WWW.SELLERRATINGS.COM/AMAZON/USA/GAISTEN-OFFICIAL
GALAGEE	GALAGEE	sellerratings.com	HTTPS://WWW.SELLERRATINGS.COM/AMAZON/USA/GALAGEE
GALVOR	GALVOR	sellerratings.com	HTTPS://WWW.SELLERRATINGS.COM/AMAZON/USA/GALVOR
GAMISOTE	GAMISOTE	sellerratings.com	HTTPS://WWW.SELLERRATINGS.COM/AMAZON/USA/GAMISOTE
GANBARY	GANBARY	sellerratings.com	HTTPS://WWW.SELLERRATINGS.COM/AMAZON/FRANCE/GANBARY
GANEED	GANEEDLIGHTING	sellerratings.com	HTTPS://WWW.SELLERRATINGS.COM/AMAZON/USA/GANEED-LIGHTING-STORE
GAODUCASH	GAODUCASH	sellerratings.com	HTTPS://WWW.SELLERRATINGS.COM/AMAZON/USA/GAODUCASH
GAOFEIYANG	GAOFEIYANG	sellerratings.com	HTTPS://WWW.SELLERRATINGS.COM/AMAZON/SPAIN/GAOFEIYANG
GARDENIENTS	GARDENIENTS	sellerratings.com	HTTPS://WWW.SELLERRATINGS.COM/AMAZON/USA/GARDENIENTS
GARDENINGPRODUCTS4LESS	GARDENINGPRODUCTS4LESS	sellerratings.com	HTTPS://WWW.SELLERRATINGS.COM/AMAZON/USA/GARDENINGPRODUCTS4LESS
GARNIFEX	GARNIFEX	sellerratings.com	HTTPS://WWW.SELLERRATINGS.COM/AMAZON/USA/GARNIFEX
GAROOPION	GAROOPION	sellerratings.com	HTTPS://WWW.SELLERRATINGS.COM/AMAZON/USA/GAROOPION
GATSOWM	GATSOWM	sellerratings.com	HTTPS://WWW.SELLERRATINGS.COM/AMAZON/USA/GATSOWM
GAVINPARTSSHOP	GAVINPARTSSHOP	sellerratings.com	HTTPS://WWW.SELLERRATINGS.COM/AMAZON/USA/GAVIN-PARTS-SHOP
GAYISIC	GAYISIC1	sellerratings.com	HTTPS://WWW.SELLERRATINGS.COM/AMAZON/USA/GAYISIC-1
GAYUSAN	GAYUSAN	sellerratings.com	HTTPS://WWW.SELLERRATINGS.COM/AMAZON/USA/GAYUSAN
GCATACC	GCATACCDIRECT	sellerratings.com	HTTPS://WWW.SELLERRATINGS.COM/AMAZON/USA/GCATACC-DIRECT
GDAE10	GDAE10	sellerratings.com	HTTPS://WWW.SELLERRATINGS.COM/AMAZON/USA/GDAE10
GDRPRO	GDRPRO	sellerratings.com	HTTPS://WWW.SELLERRATINGS.COM/AMAZON/USA/GDR-PRO
GEEKCHEERS	GEEKCHEERS	sellerratings.com	HTTPS://WWW.SELLERRATINGS.COM/AMAZON/USA/GEEK-CHEERS
GEEKHOUSE	GEEKHOUSEUS	sellerratings.com	HTTPS://WWW.SELLERRATINGS.COM/AMAZON/USA/GEEKHOUSE-US
GEEKSTORY	GEEKSTORY	sellerratings.com	HTTPS://WWW.SELLERRATINGS.COM/AMAZON/USA/GEEKSTORY
GEESTA	GEESTA	sellerratings.com	HTTPS://WWW.SELLERRATINGS.COM/AMAZON/USA/GEESTA
GEINDUS	GEINDUS	sellerratings.com	HTTPS://WWW.SELLERRATINGS.COM/AMAZON/USA/GEINDUS
GEJRIO	GEJRIO	sellerratings.com	HTTPS://WWW.SELLERRATINGS.COM/AMAZON/USA/GEJRIO
GELIBO	GELIBO	sellerratings.com	HTTPS://WWW.SELLERRATINGS.COM/AMAZON/USA/GELIBO-
GEMILEO	GEMILEOTOYS	sellerratings.com	HTTPS://WWW.SELLERRATINGS.COM/AMAZON/USA/GEMILEO-TOYS
GENIBOOM	GENIBOOMTOY	sellerratings.com	HTTPS://WWW.SELLERRATINGS.COM/AMAZON/USA/GENIBOOM-TOY-STORE
GENTEACO	GENTEACO	sellerratings.com	HTTPS://WWW.SELLERRATINGS.COM/AMAZON/USA/GENTEACO
GENTLESTACHE	GENTLESTACHE	sellerratings.com	HTTPS://WWW.SELLERRATINGS.COM/AMAZON/USA/GENTLESTACHE
GENUSKIN	GENUSKIN	sellerratings.com	HTTPS://WWW.SELLERRATINGS.COM/AMAZON/USA/GENUSKIN
GEOATON	GEOATON	sellerratings.com	HTTPS://WWW.SELLERRATINGS.COM/AMAZON/USA/GEOATON
GEOINUS	GEOINUS	sellerratings.com	HTTPS://WWW.SELLERRATINGS.COM/AMAZON/USA/GEOINUS
GERRITFANY	GERRITFANY	sellerratings.com	HTTPS://WWW.SELLERRATINGS.COM/AMAZON/USA/GERRITFANY
GESHUPOR	GESIPOR	sellerratings.com	HTTPS://WWW.SELLERRATINGS.COM/AMAZON/USA/GESIPOR
GEWINY	GEWINY	sellerratings.com	HTTPS://WWW.SELLERRATINGS.COM/AMAZON/USA/GEWINY
GEYOGA	GEYOGA	sellerratings.com	HTTPS://WWW.SELLERRATINGS.COM/AMAZON/USA/GEYOGA
GIAOQ	GIAOQ	sellerratings.com	HTTPS://WWW.SELLERRATINGS.COM/AMAZON/USA/GIAOQ
GIEANOO	GIEANOO	sellerratings.com	HTTPS://WWW.SELLERRATINGS.COM/AMAZON/GERMANY/GIEANOO
GIFTBYGIFTY	GIFTBYGIFTY	sellerratings.com	HTTPS://WWW.SELLERRATINGS.COM/AMAZON/USA/GIFTBYGIFTY
GIMANE	GIMANEUS	sellerratings.com	HTTPS://WWW.SELLERRATINGS.COM/AMAZON/USA/GIMANE-US
GIMIBOX	GIMIBOX	sellerratings.com	HTTPS://WWW.SELLERRATINGS.COM/AMAZON/USA/GIMIBOX
GINAJOYFURNO	TECHTROVECOMPUTERS	sellerratings.com	HTTPS://WWW.SELLERRATINGS.COM/AMAZON/USA/GINA-JOYFURNO
GINCHAIN	GINCHAIN	sellerratings.com	HTTPS://WWW.SELLERRATINGS.COM/AMAZON/USA/GINCHAIN
GINIHOMER	GINIHOMER	sellerratings.com	HTTPS://WWW.SELLERRATINGS.COM/AMAZON/USA/GINIHOMER
GIOAMH	GIOAMH	sellerratings.com	HTTPS://WWW.SELLERRATINGS.COM/AMAZON/USA/GIOAMH
GIOSOLAR	GIOSOLARENERGY	sellerratings.com	HTTPS://WWW.SELLERRATINGS.COM/AMAZON/USA/GIOSOLAR-ENERGY
GIRNOOR	GIRNOORUS	sellerratings.com	HTTPS://WWW.SELLERRATINGS.COM/AMAZON/USA/GIRNOOR-US
GIUESYTIC	GIUESYTIC	sellerratings.com	HTTPS://WWW.SELLERRATINGS.COM/AMAZON/USA/GIUESYTIC
GIVEENA	GIVEENA	sellerratings.com	HTTPS://WWW.SELLERRATINGS.COM/AMAZON/USA/GIVEENA
GIVENNI	GIVENNI	sellerratings.com	HTTPS://WWW.SELLERRATINGS.COM/AMAZON/USA/GIVENNI
GIVEORBUY	GIVEORBUY	sellerratings.com	HTTPS://WWW.SELLERRATINGS.COM/AMAZON/USA/GIVEORBUY
GIVEORBUYDECOR	GIVEORBUY	sellerratings.com	HTTPS://WWW.SELLERRATINGS.COM/AMAZON/USA/GIVEORBUY
GJTINTERNATIONAL	CLOTHINTERNATIONAL	sellerratings.com	HTTPS://WWW.SELLERRATINGS.COM/AMAZON/USA/CLOTHINTERNATIONAL
GKOLED	GKOLED	sellerratings.com	HTTPS://WWW.SELLERRATINGS.COM/AMAZON/USA/GKOLED
GLADICER	GLADICER	sellerratings.com	HTTPS://WWW.SELLERRATINGS.COM/AMAZON/USA/GLADICER
GLAMGEN	GLAMGEN	sellerratings.com	HTTPS://WWW.SELLERRATINGS.COM/AMAZON/USA/GLAMGEN
GLAMHOBBY	GLAMHOBBY	sellerratings.com	HTTPS://WWW.SELLERRATINGS.COM/AMAZON/USA/GLAM-HOBBY
GLATCOBERRY	GLATCOBERRY	sellerratings.com	HTTPS://WWW.SELLERRATINGS.COM/AMAZON/USA/GLAT-COBERRY
GLIXAL	GLIXAL	sellerratings.com	HTTPS://WWW.SELLERRATINGS.COM/AMAZON/USA/GLIXAL
GLO24KUNLEASHTHEPOWEROFGOLD	GLO24KUNLEASHTHEPOWEROFGOLD	sellerratings.com	HTTPS://WWW.SELLERRATINGS.COM/AMAZON/USA/GLO24K-UNLEASH-THE-POWER-OF-GOLD
GLOBELIT	GLOBELIT	sellerratings.com	HTTPS://WWW.SELLERRATINGS.COM/AMAZON/USA/GLOBELIT
GLOGEX	GLOGEX	sellerratings.com	HTTPS://WWW.SELLERRATINGS.COM/AMAZON/USA/GLOGEX
GLPE	GLPEUS	sellerratings.com	HTTPS://WWW.SELLERRATINGS.COM/AMAZON/USA/GLPE-US
GMCOZY	GMCOZY	sellerratings.com	HTTPS://WWW.SELLERRATINGS.COM/AMAZON/USA/GMCOZY
GNPOLO	GNPOLO	sellerratings.com	HTTPS://WWW.SELLERRATINGS.COM/AMAZON/USA/GNPOLO
GO2GARDEN	GO2GARDEN	sellerratings.com	HTTPS://WWW.SELLERRATINGS.COM/AMAZON/USA/GO2GARDEN
GOAWEUAO	GOAEO	sellerratings.com	HTTPS://WWW.SELLERRATINGS.COM/AMAZON/USA/GOAEO
GOCOMCOM	GOCOMCOM	sellerratings.com	HTTPS://WWW.SELLERRATINGS.COM/AMAZON/USA/GOCOMCOM
GODORIO	GODORIO	sellerratings.com	HTTPS://WWW.SELLERRATINGS.COM/AMAZON/UK/GODORIO
GOETLAND	GOETLAND	sellerratings.com	HTTPS://WWW.SELLERRATINGS.COM/AMAZON/USA/GOETLAND
GOGOGOODIE	GOGOGOODIE	sellerratings.com	HTTPS://WWW.SELLERRATINGS.COM/AMAZON/USA/GOGOGOODIE
GOHANTEE	GOHANTEE	sellerratings.com	HTTPS://WWW.SELLERRATINGS.COM/AMAZON/USA/GOHANTEE
GOHOMAN	GOHOMANUSBRAND	sellerratings.com	HTTPS://WWW.SELLERRATINGS.COM/AMAZON/USA/GOHOMAN-US-BRAND
GOJAWAY	GOJAWAY	sellerratings.com	HTTPS://WWW.SELLERRATINGS.COM/AMAZON/USA/GOJAWAY
GOKNU	GOKNU	sellerratings.com	HTTPS://WWW.SELLERRATINGS.COM/AMAZON/USA/GOKNU
GOKOTASA	GOKATOSAU	sellerratings.com	HTTPS://WWW.SELLERRATINGS.COM/AMAZON/USA/GOKATOSAU
GOLDENCOASTUNLIMITED	GOLDENCOASTUNLIMITED	sellerratings.com	HTTPS://WWW.SELLERRATINGS.COM/AMAZON/USA/GOLDENCOASTUNLIMITED
GOLDFIREMOTO	GOLDFIREMOTO	sellerratings.com	HTTPS://WWW.SELLERRATINGS.COM/AMAZON/USA/GOLDFIRE-MOTO
GOMARTY	GOMARTY	sellerratings.com	HTTPS://WWW.SELLERRATINGS.COM/AMAZON/USA/GOMARTY-INC
GOMUM	GOMUM	sellerratings.com	HTTPS://WWW.SELLERRATINGS.COM/AMAZON/USA/GOMUM
GOMUST	GOMUST	sellerratings.com	HTTPS://WWW.SELLERRATINGS.COM/AMAZON/USA/GOMUST
GOODAAA	GOODAAAUS	sellerratings.com	HTTPS://WWW.SELLERRATINGS.COM/AMAZON/USA/GOODAAA-US
GOODCUPS	GOODCUPS	sellerratings.com	HTTPS://WWW.SELLERRATINGS.COM/AMAZON/USA/GOODCUPS
GOODLYGHTS	JUMEI	sellerratings.com	HTTPS://WWW.SELLERRATINGS.COM/AMAZON/USA/JU-MEI
GOOTUS	GOOTUSUS	sellerratings.com	HTTPS://WWW.SELLERRATINGS.COM/AMAZON/USA/GOOTUS-US
GOPOZE	GOPOZE	sellerratings.com	HTTPS://WWW.SELLERRATINGS.COM/AMAZON/USA/GOPOZE
GORGEOUSHOMELINEN	GORGEOUSHOMELINEN	sellerratings.com	HTTPS://WWW.SELLERRATINGS.COM/AMAZON/USA/GORGEOUS-HOME-LINEN
GORILLACOMMERCE	GORILLACOMMERCE	sellerratings.com	HTTPS://WWW.SELLERRATINGS.COM/AMAZON/USA/GORILLA-COMMERCE-
GORIXER	GORIXERUS	sellerratings.com	HTTPS://WWW.SELLERRATINGS.COM/AMAZON/USA/GORIXER-US
GOWINTECH	GOWINTECH	sellerratings.com	HTTPS://WWW.SELLERRATINGS.COM/AMAZON/USA/GOWINTECH
GOWQUAS	WIREGEAR	sellerratings.com	HTTPS://WWW.SELLERRATINGS.COM/AMAZON/USA/WIREGEAR
GPAMOTORS	GPAMOTORS	sellerratings.com	HTTPS://WWW.SELLERRATINGS.COM/AMAZON/USA/GPA-MOTORS
GRACEART	GRACEARTOFFICIAL	sellerratings.com	HTTPS://WWW.SELLERRATINGS.COM/AMAZON/USA/GRACEART-OFFICIAL-STORE
GRACELENGTHHAIR	GRACELENGTHHAIR	sellerratings.com	HTTPS://WWW.SELLERRATINGS.COM/AMAZON/USA/GRACE-LENGTH-HAIR
GRANARBOL	GRANARBOL	sellerratings.com	HTTPS://WWW.SELLERRATINGS.COM/AMAZON/USA/GRANARBOL
GRANDFAST	GRANDFAST	sellerratings.com	HTTPS://WWW.SELLERRATINGS.COM/AMAZON/USA/GRANDFAST
GRAVITATIONONLINE	GRAVITATIONONLINE	sellerratings.com	HTTPS://WWW.SELLERRATINGS.COM/AMAZON/USA/GRAVITATIONONLINE
GRAYEAGLEBEDDINGCO	GRAYEAGLEBEDDINGCO	sellerratings.com	HTTPS://WWW.SELLERRATINGS.COM/AMAZON/USA/GRAY-EAGLE-BEDDING-CO
GRAYEAGLEBEDDINGCOMPANY	GRAYEAGLEBEDDINGCO	sellerratings.com	HTTPS://WWW.SELLERRATINGS.COM/AMAZON/USA/GRAY-EAGLE-BEDDING-CO
GREANTECK	GREANTECK	sellerratings.com	HTTPS://WWW.SELLERRATINGS.COM/AMAZON/USA/GREANTECK
GREARDEN	GREARDEN	sellerratings.com	HTTPS://WWW.SELLERRATINGS.COM/AMAZON/USA/GREARDEN
GREATNESSLINE	GREATNESSLINEUSSELLER	sellerratings.com	HTTPS://WWW.SELLERRATINGS.COM/AMAZON/USA/GREATNESS-LINE-US-SELLER
GREENFROM	GREENFROM	sellerratings.com	HTTPS://WWW.SELLERRATINGS.COM/AMAZON/USA/GREENFROM
GRESUR	GRESUR	sellerratings.com	HTTPS://WWW.SELLERRATINGS.COM/AMAZON/USA/GRESUR
GRIADDICT	GRIADDICT	sellerratings.com	HTTPS://WWW.SELLERRATINGS.COM/AMAZON/USA/GRIADDICT
GRIFILZERO	GRIFILZERO	sellerratings.com	HTTPS://WWW.SELLERRATINGS.COM/AMAZON/USA/GRIFIL-ZERO
GRISUN	GRISUN	sellerratings.com	HTTPS://WWW.SELLERRATINGS.COM/AMAZON/USA/GRISUN
GROBELL	GROBELLUS	sellerratings.com	HTTPS://WWW.SELLERRATINGS.COM/AMAZON/USA/GROBELL-US
GROLEOA	GROLEOA	sellerratings.com	HTTPS://WWW.SELLERRATINGS.COM/AMAZON/USA/GROLEOA
GSEGAMESANDSPORTS	THREEWINSIMPORTS	sellerratings.com	HTTPS://SELLERRATINGS.COM/AMAZON/USA/GSE-GAMES-SPORTS-EXPERT
GSPDIRECT	GSPDIRECT	sellerratings.com	HTTPS://WWW.SELLERRATINGS.COM/AMAZON/USA/GSP-DIRECT
GSYIWMK	GSYIWMK	sellerratings.com	HTTPS://WWW.SELLERRATINGS.COM/AMAZON/USA/GSYIWMK
GTGRAPHICSEXPRESS	GTGRAPHICSEXPRESS	sellerratings.com	HTTPS://WWW.SELLERRATINGS.COM/AMAZON/USA/GT-GRAPHICS-EXPRESS
GTHITGX	GTHITGX	sellerratings.com	HTTPS://WWW.SELLERRATINGS.COM/AMAZON/USA/GT-HITGX
GUANJUNX	GUANJUNX	sellerratings.com	HTTPS://WWW.SELLERRATINGS.COM/AMAZON/USA/GUANJUNX
GUDNYCE	GUDNYCEUS	sellerratings.com	HTTPS://WWW.SELLERRATINGS.COM/AMAZON/USA/GUDNYCE-US
GULLOE	GULLOE	sellerratings.com	HTTPS://WWW.SELLERRATINGS.COM/AMAZON/USA/GULLOE
GUOELEPHANT	GUOELEPHANT	sellerratings.com	HTTPS://WWW.SELLERRATINGS.COM/AMAZON/USA/GUOELEPHANT
GUPAMIGA	GUPAMIGA	sellerratings.com	HTTPS://WWW.SELLERRATINGS.COM/AMAZON/USA/GUPAMIGA
GUTEAUTO	GUTEAUTO	sellerratings.com	HTTPS://WWW.SELLERRATINGS.COM/AMAZON/USA/GUTEAUTO
GUVELI	GUVELISAFE	sellerratings.com	HTTPS://WWW.SELLERRATINGS.COM/AMAZON/USA/GUVELI-SAFE
GUWELL	GUWELL	sellerratings.com	HTTPS://WWW.SELLERRATINGS.COM/AMAZON/USA/GUWELL
GXELZK	GXELZK	sellerratings.com	HTTPS://WWW.SELLERRATINGS.COM/AMAZON/USA/GXELZK
GYDZ	GYDZLIGHTING	sellerratings.com	HTTPS://WWW.SELLERRATINGS.COM/AMAZON/USA/GYDZ-LIGHTING
GYMWISE	GYMWISE	sellerratings.com	HTTPS://WWW.SELLERRATINGS.COM/AMAZON/UK/GYMWISE
GYOZOL	GYOZOL	sellerratings.com	HTTPS://WWW.SELLERRATINGS.COM/AMAZON/USA/GYOZOL-STORE
GZDSZD	GZDSST	sellerratings.com	HTTPS://WWW.SELLERRATINGS.COM/AMAZON/USA/GZDSST
GZJH	GZJGSHOP	sellerratings.com	HTTPS://WWW.SELLERRATINGS.COM/AMAZON/USA/GZJG-SHOP
GZXHMY	GZQEMY	sellerratings.com	HTTPS://WWW.SELLERRATINGS.COM/AMAZON/USA/GZQEMY
GZYDR	GZYDR	sellerratings.com	HTTPS://WWW.SELLERRATINGS.COM/AMAZON/USA/GZYDR
HAGESTAD	HAGESTAD	sellerratings.com	HTTPS://WWW.SELLERRATINGS.COM/AMAZON/USA/HAGESTAD
HAHOCO	HAHOCO	sellerratings.com	HTTPS://WWW.SELLERRATINGS.COM/AMAZON/FRANCE/HAHOCO
HAIHUANG	HAIHUANGTECHNOLOGY	sellerratings.com	HTTPS://WWW.SELLERRATINGS.COM/AMAZON/USA/HAIHUANG-TECHNOLOGY
HAITU	HIZPODIRECT	sellerratings.com	HTTPS://SELLERRATINGS.COM/AMAZON/USA/HAITU-TECH
HAKEETA	HAKEETAUS	sellerratings.com	HTTPS://WWW.SELLERRATINGS.COM/AMAZON/USA/HAKEETA-US
HALLYSINKSANDTABLES	HALLYSINKSTABLES	sellerratings.com	HTTPS://WWW.SELLERRATINGS.COM/AMAZON/USA/HALLY-SINKS-TABLES
HAMAOKA	HAMAOKA	sellerratings.com	HTTPS://WWW.SELLERRATINGS.COM/AMAZON/USA/HAMAOKA
HAMBLI	HAMBLI	sellerratings.com	HTTPS://WWW.SELLERRATINGS.COM/AMAZON/UK/HAMBLI
HAMILYLIGHTING	HAMILYLIGHTING	sellerratings.com	HTTPS://WWW.SELLERRATINGS.COM/AMAZON/USA/HAMILY-LIGHTING
HAMOERY	HAMOERYJEWELRY	sellerratings.com	HTTPS://WWW.SELLERRATINGS.COM/AMAZON/USA/HAMOERY-JEWELRY
HAMYODO	HAMYODOSHOP	sellerratings.com	HTTPS://WWW.SELLERRATINGS.COM/AMAZON/USA/HAMYODO-SHOP
HANCHENINSTRUMENT	HANCHENINSTRUMENT	sellerratings.com	HTTPS://WWW.SELLERRATINGS.COM/AMAZON/USA/HANCHEN-INSTRUMENT
HANDBAIGE	HANDBAIGE	sellerratings.com	HTTPS://WWW.SELLERRATINGS.COM/AMAZON/USA/HANDBAIGE
HANEBATH	HANEBATH	sellerratings.com	HTTPS://WWW.SELLERRATINGS.COM/AMAZON/USA/HANEBATH
HANNAHZONE	HANNAHZONE	sellerratings.com	HTTPS://WWW.SELLERRATINGS.COM/AMAZON/USA/HANNAH-ZONE
HANNVIW	HANNVIW	sellerratings.com	HTTPS://WWW.SELLERRATINGS.COM/AMAZON/USA/HANNVIW
HANOTE	HANOTE	sellerratings.com	HTTPS://WWW.SELLERRATINGS.COM/AMAZON/USA/HANOTE
HANSPROU	HANSPROU	sellerratings.com	HTTPS://WWW.SELLERRATINGS.COM/AMAZON/USA/HANSPROU
HAOOAH	HAOOAH	sellerratings.com	HTTPS://WWW.SELLERRATINGS.COM/AMAZON/USA/HAOOAH
HAOZHOU	HAOZHOUTRADING	sellerratings.com	HTTPS://WWW.SELLERRATINGS.COM/AMAZON/USA/HAOZHOU-TRADING
HAPPIBUY	HAPPIBUY	sellerratings.com	HTTPS://WWW.SELLERRATINGS.COM/AMAZON/USA/HAPPIBUY
HAPPYFILLER	HAPPYFILLER	sellerratings.com	HTTPS://WWW.SELLERRATINGS.COM/AMAZON/USA/HAPPYFILLER
HAPPYMATY	HAPPYMATYOFFICAL	sellerratings.com	HTTPS://WWW.SELLERRATINGS.COM/AMAZON/USA/HAPPYMATY-OFFICAL-STORE
HAPTIME	HAPTIMEDIRECT	sellerratings.com	HTTPS://WWW.SELLERRATINGS.COM/AMAZON/USA/HAPTIME-DIRECT
HARESLE	HARESLE	sellerratings.com	HTTPS://WWW.SELLERRATINGS.COM/AMAZON/UK/HARESLE
HARFOOWO	HARFO	sellerratings.com	HTTPS://WWW.SELLERRATINGS.COM/AMAZON/USA/HARFO
HASAKY	HASAKY	sellerratings.com	HTTPS://WWW.SELLERRATINGS.COM/AMAZON/USA/HASAKY-LLC
HASMIKIT	HASMIKIT	sellerratings.com	HTTPS://WWW.SELLERRATINGS.COM/AMAZON/USA/HASMIKIT
HAULONDA	HAULONDADIRECT	sellerratings.com	HTTPS://WWW.SELLERRATINGS.COM/AMAZON/USA/HAULONDA-DIRECT-STORE
HAUTEROW	HAUTEROW	sellerratings.com	HTTPS://WWW.SELLERRATINGS.COM/AMAZON/USA/HAUTEROW
HAVEGET	HAVEGET	sellerratings.com	HTTPS://WWW.SELLERRATINGS.COM/AMAZON/USA/HAVEGET
HAVEGET	HAVEGETOUTLETS	sellerratings.com	HTTPS://WWW.SELLERRATINGS.COM/AMAZON/USA/HAVEGET-OUTLETS
HAVIPRO	BEAUTICHARMS	sellerratings.com	HTTPS://WWW.SELLERRATINGS.COM/AMAZON/USA/HAVIPROUSA
HBEYYTO	HBEYYTO	sellerratings.com	HTTPS://WWW.SELLERRATINGS.COM/AMAZON/USA/HBEYYTO
HCIRJHIE	HCIREQUIPMENT	sellerratings.com	HTTPS://WWW.SELLERRATINGS.COM/AMAZON/USA/HCIR-EQUIPMENT
HCOOKER	HCOOKER	sellerratings.com	HTTPS://WWW.SELLERRATINGS.COM/AMAZON/USA/HCOOKER
HCOOR	HCOORLIGHTING	sellerratings.com	HTTPS://WWW.SELLERRATINGS.COM/AMAZON/USA/HCOOR-LIGHTING
HDCKU	HDCKU	sellerratings.com	HTTPS://WWW.SELLERRATINGS.COM/AMAZON/USA/HDCKU
HDRIDEZ	HDRIDEZ	sellerratings.com	HTTPS://WWW.SELLERRATINGS.COM/AMAZON/USA/HD-RIDEZ
HEABLE	HEABLE	sellerratings.com	HTTPS://WWW.SELLERRATINGS.COM/AMAZON/UK/HEABLE
HEALEXCER	HEALEXCER	sellerratings.com	HTTPS://WWW.SELLERRATINGS.COM/AMAZON/USA/HEALEXCER
HEALTHYDERM	HEALTHYDERM	sellerratings.com	HTTPS://WWW.SELLERRATINGS.COM/AMAZON/USA/HEALTHYDERM-STORE
HEAVENTVCZ	HEAVENSTVCZ	sellerratings.com	HTTPS://WWW.SELLERRATINGS.COM/AMAZON/USA/HEAVENS-TVCZ
HEDAMEILI	HEMLI	sellerratings.com	HTTPS://WWW.SELLERRATINGS.COM/AMAZON/USA/HEMLI-PRODUCTS
HEDOC	HEDOC	sellerratings.com	HTTPS://WWW.SELLERRATINGS.COM/AMAZON/USA/HEDOC-LLC
HEDUMEJ	HEDUME	sellerratings.com	HTTPS://WWW.SELLERRATINGS.COM/AMAZON/USA/HEDUME
HEELOO	HEELOO	sellerratings.com	HTTPS://WWW.SELLERRATINGS.COM/AMAZON/USA/HEELOO%3FT=1765518920
HEGUSUN	HEGUSUN	sellerratings.com	HTTPS://WWW.SELLERRATINGS.COM/AMAZON/USA/HEGUSUN
HEIHUOHUA	HEIHUOHUA	sellerratings.com	HTTPS://WWW.SELLERRATINGS.COM/AMAZON/USA/HEIHUOHUA
HELENCURTAIN	HELENCURTAINART	sellerratings.com	HTTPS://WWW.SELLERRATINGS.COM/AMAZON/USA/HELEN-CURTAIN-ART
HELENSOWNINTERNATIONAL	HELENSOWNINTERNATIONALLTD	sellerratings.com	HTTPS://WWW.SELLERRATINGS.COM/AMAZON/USA/HELENS-OWN-INTERNATIONAL-LTD
HELLOMRLIN	HELLOMRLIN	sellerratings.com	HTTPS://WWW.SELLERRATINGS.COM/AMAZON/USA/HELLO-MRLIN
HEMLI	HEMLI	sellerratings.com	HTTPS://WWW.SELLERRATINGS.COM/AMAZON/USA/HEMLI-PRODUCTS
