100GRAND	100GRAND	target.com	HTTPS://WWW.TARGET.COM/B/100-GRAND/-/N-Q643LEPDFDN
100NORTH	100NORTH	target.com	HTTPS://WWW.TARGET.COM/B/100-NORTH/-/N-Q643LE8YC6W
12THMEDIASERVICES	12THMEDIASERVICES	target.com	HTTPS://WWW.TARGET.COM/B/12TH-MEDIA-SERVICES/-/N-Q643LEDZ52
13FISHING	13FISHING	target.com	HTTPS://WWW.TARGET.COM/B/13-FISHING/-/N-Q643LE11XE4
14KARATHOME	KARATHOME	target.com	HTTPS://WWW.TARGET.COM/B/KARAT-HOME/-/N-Q643LEUEGYT
180COSMETICSBEAUTYISTIMELESS	TIMELESSSKINCARE	target.com	HTTPS://WWW.TARGET.COM/B/TIMELESS-SKIN-CARE/-/N-Q643LE7SSDM
180S	180S	target.com	HTTPS://WWW.TARGET.COM/B/180S/-/N-Q643LE1YL8T
1977DRYGOODS	1977DRYGOODS	target.com	HTTPS://WWW.TARGET.COM/B/1977-DRY-GOODS/-/N-Q643LESAELR
1STBABYSAFETY	SAFETY1ST	target.com	HTTPS://WWW.TARGET.COM/B/SAFETY-1ST/-/N-5Y6ME
1STRESPONSE	FIRSTRESPONSE	target.com	HTTPS://WWW.TARGET.COM/B/FIRST-RESPONSE/-/N-5PU0I
24SEVEN	24SEVENCOMFORTAPPAREL	target.com	HTTPS://WWW.TARGET.COM/B/24SEVEN-COMFORT-APPAREL/-/N-Q643LEOIKWH
24SEVENCOMFORTAPPAREL	24SEVENCOMFORTAPPAREL	target.com	HTTPS://WWW.TARGET.COM/B/24SEVEN-COMFORT-APPAREL/-/N-Q643LEOIKWH
2HOUNDS	2HOUNDSDESIGN	target.com	HTTPS://WWW.TARGET.COM/B/2-HOUNDS-DESIGN/-/N-Q643LE3STTB
2HOUNDSDESIGN	2HOUNDSDESIGN	target.com	HTTPS://WWW.TARGET.COM/B/2-HOUNDS-DESIGN/-/N-Q643LE3STTB
2MAMABEES	2MAMABEES	target.com	HTTPS://WWW.TARGET.COM/B/2MAMABEES/-/N-Q643LEC3DJ6
2SCOOPS	2SCOOPS	target.com	HTTPS://WWW.TARGET.COM/B/2-SCOOPS/-/N-SDKMY
303PRODUCTS	303PRODUCTS	target.com	HTTPS://WWW.TARGET.COM/B/303-PRODUCTS/-/N-66W4Z
32DEGREES	32DEGREES	target.com	HTTPS://WWW.TARGET.COM/B/32-DEGREES/-/N-Q643LEOD6PI
33DEGREES	33DEGREES	target.com	HTTPS://WWW.TARGET.COM/B/33-DEGREES/-/N-G45K7
360ELECTRICAL	360ELECTRICAL	target.com	HTTPS://WWW.TARGET.COM/B/360-ELECTRICAL/-/N-Q643LEPB2R3
360LIGHTING	360LIGHTING	target.com	HTTPS://WWW.TARGET.COM/B/360-LIGHTING/-/N-Q643LE2QM92
360LIGHTINGUNIVERSALLIGHTINGAND	360LIGHTING	target.com	HTTPS://WWW.TARGET.COM/B/360-LIGHTING/-/N-Q643LE2QM92
3DMAXPIDER	3DMAXPIDER	target.com	HTTPS://WWW.TARGET.COM/B/3D-MAXPIDER/-/N-Q643LE55BOI
3DOODLER	3DOODLER	target.com	HTTPS://WWW.TARGET.COM/B/3DOODLER/-/N-CNRGM
3MCLAW	3MCLAW	target.com	HTTPS://WWW.TARGET.COM/B/3M-CLAW/-/N-Q643LEX2KBJ
3MCORP	3MCOMPANY	target.com	HTTPS://WWW.TARGET.COM/B/3M-COMPANY/-/N-5VI55
3MUSKETEERS	3MUSKETEERS	target.com	HTTPS://WWW.TARGET.COM/B/3-MUSKETEERS/-/N-560MQ
3PKSATINBLUSH	PINKBLUSH	target.com	HTTPS://WWW.TARGET.COM/B/PINKBLUSH/-/N-Q643LESL43A
3PLUS	3PLUS	target.com	HTTPS://WWW.TARGET.COM/B/3PLUS/-/N-DEZDO
3RSTUDIOS	3RSTUDIOS	target.com	HTTPS://WWW.TARGET.COM/B/3R-STUDIOS/-/N-P2D70
3SPROUTS	3SPROUTS	target.com	HTTPS://WWW.TARGET.COM/B/3-SPROUTS/-/N-5651V
4ALLFAMILY	4ALLFAMILY	target.com	HTTPS://WWW.TARGET.COM/B/4ALLFAMILY/-/N-Q643LE42WG9
4CFOODS	4CFOODS	target.com	HTTPS://WWW.TARGET.COM/B/4C-FOODS/-/N-TICGR
4CFOODSCORP	4CFOODS	target.com	HTTPS://WWW.TARGET.COM/B/4C-FOODS/-/N-TICGR
4DBUILD	4DBUILD	target.com	HTTPS://WWW.TARGET.COM/B/4D-BUILD/-/N-Q643LE22PFB
4ESNOVELTY	4ESNOVELTY	target.com	HTTPS://WWW.TARGET.COM/B/4E-S-NOVELTY/-/N-Q643LE1CPAZ
4KNINES	4KNINES	target.com	HTTPS://WWW.TARGET.COM/B/4KNINES/-/N-Q643LEW0U21
4MOM	4MOMS	target.com	HTTPS://WWW.TARGET.COM/B/4MOMS/-/N-5Y1Y7
4MOMS	4MOMS	target.com	HTTPS://WWW.TARGET.COM/B/4MOMS/-/N-5Y1Y7
4PAWSSTUFF	FOURPAWS	target.com	HTTPS://WWW.TARGET.COM/B/FOUR-PAWS/-/N-RU1U4
4SNOVELTY	4ESNOVELTY	target.com	HTTPS://WWW.TARGET.COM/B/4E-S-NOVELTY/-/N-Q643LE1CPAZ
4THHEART	4THHEART	target.com	HTTPS://WWW.TARGET.COM/B/4TH-HEART/-/N-378YF
509CREW	509CREW	target.com	HTTPS://WWW.TARGET.COM/B/509CREW/-/N-Q643LEMUOTC
55DOWNINGSTREET	55DOWNINGSTREET	target.com	HTTPS://WWW.TARGET.COM/B/55-DOWNING-STREET/-/N-Q643LEZGCAQ
5GUM	5GUM	target.com	HTTPS://WWW.TARGET.COM/B/5-GUM/-/N-2NYD8
5HOURENERGY	5HOURENERGY	target.com	HTTPS://WWW.TARGET.COM/B/5-HOUR-ENERGY/-/N-4VR5G
5STARSUPERDEAL	5STARSUPERDEALS	target.com	HTTPS://WWW.TARGET.COM/B/5-STAR-SUPER-DEALS/-/N-Q643LE4UOVG
5STARSUPERDEALS	5STARSUPERDEALS	target.com	HTTPS://WWW.TARGET.COM/B/5-STAR-SUPER-DEALS/-/N-Q643LE4UOVG
5SURPRISE	5SURPRISE	target.com	HTTPS://WWW.TARGET.COM/B/5-SURPRISE/-/N-TGAJ0
7AM	7AMENFANT	target.com	HTTPS://WWW.TARGET.COM/B/7AM-ENFANT/-/N-Q643LET7Y4N
7AMENFANT	7AMENFANT	target.com	HTTPS://WWW.TARGET.COM/B/7AM-ENFANT/-/N-Q643LET7Y4N
7BIGSTARSKINGDOM	7BIGSTARSKINGDOM	target.com	HTTPS://WWW.TARGET.COM/B/7BIGSTARS-KINGDOM/-/N-Q643LEJGG0Y
7UP	7UP	target.com	HTTPS://WWW.TARGET.COM/B/7UP/-/N-409KT
88ACRES	88ACRES	target.com	HTTPS://WWW.TARGET.COM/B/88-ACRES/-/N-U9338
88MAIN	88MAIN	target.com	HTTPS://WWW.TARGET.COM/B/88-MAIN/-/N-YBZ9A
8GREENS	8GREENS	target.com	HTTPS://WWW.TARGET.COM/B/8GREENS/-/N-Q643LEPC4OI
90DEGREE	90DEGREEBYREFLEX	target.com	HTTPS://WWW.TARGET.COM/B/90-DEGREE-BY-REFLEX/-/N-Q643LEKEODN
90DEGREEBYREFLEX	90DEGREEBYREFLEX	target.com	HTTPS://WWW.TARGET.COM/B/90-DEGREE-BY-REFLEX/-/N-Q643LEKEODN
9ELEMENTS	9ELEMENTS	target.com	HTTPS://WWW.TARGET.COM/B/9-ELEMENTS/-/N-CL6BP
A1FISHER	FISHERPRICE	target.com	HTTPS://WWW.TARGET.COM/B/FISHER-PRICE/-/N-5Y3J1
A1HC	A1HC	target.com	HTTPS://WWW.TARGET.COM/B/A1HC/-/N-Q643LEQ4HJW
A4TECH	A4TECH	target.com	HTTPS://WWW.TARGET.COM/B/A4TECH/-/N-Q643LE4X9JX
AAFFLANDERS	AAFFLANDERS	target.com	HTTPS://WWW.TARGET.COM/B/AAF-FLANDERS/-/N-Q643LEW1TEZ
AAIWA	AIWA	target.com	HTTPS://WWW.TARGET.COM/B/AIWA/-/N-Q643LE3IJN5
AALKLIA	ALIKAYNATURALS	target.com	HTTPS://WWW.TARGET.COM/B/ALIKAY-NATURALS/-/N-W6JKV
AARON	CRAZYAARONS	target.com	HTTPS://WWW.TARGET.COM/B/CRAZY-AARON-S/-/N-FIOD8
AAROND	CRAZYAARONS	target.com	HTTPS://WWW.TARGET.COM/B/CRAZY-AARON-S/-/N-FIOD8
AARONDY	CRAZYAARONS	target.com	HTTPS://WWW.TARGET.COM/B/CRAZY-AARON-S/-/N-FIOD8
AATLASOLIVEOILS	ATLASOLIVEOILS	target.com	HTTPS://WWW.TARGET.COM/B/ATLAS-OLIVE-OILS/-/N-Q643LEYJ0J4
AAURORA	AURORA	target.com	HTTPS://WWW.TARGET.COM/B/AURORA/-/N-9P9FU
ABBOTTCOLLECTION	ABBOTTCOLLECTION	target.com	HTTPS://WWW.TARGET.COM/B/ABBOTT-COLLECTION/-/N-Q643LEJUM4P
ABBOTTCOLLECTIONS	ABBOTTCOLLECTION	target.com	HTTPS://WWW.TARGET.COM/B/ABBOTT-COLLECTION/-/N-Q643LEJUM4P
ABBYSONLIVING	ABBYSONLIVING	target.com	HTTPS://WWW.TARGET.COM/B/ABBYSON-LIVING/-/N-54UEJ
ABCAUSTINBABYCOLLECTION	AUSTINBABYCOLLECTION	target.com	HTTPS://WWW.TARGET.COM/B/AUSTIN-BABY-COLLECTION/-/N-Q643LE72WS9
ABENA	ABENA	target.com	HTTPS://WWW.TARGET.COM/B/ABENA/-/N-Q643LEWV4IF
ABERCROMBIEFITCH	ABERCROMBIEFITCH	target.com	HTTPS://WWW.TARGET.COM/B/ABERCROMBIE-FITCH/-/N-Q643LERUYOC
ABIB	ABIB	target.com	HTTPS://WWW.TARGET.COM/B/ABIB/-/N-Q643LEWQ1LS
ABINGDONPRESS	ABINGDONPRESS	target.com	HTTPS://WWW.TARGET.COM/B/ABINGDON-PRESS/-/N-Q643LEJ9U60
ABLELIFE	ABLELIFE	target.com	HTTPS://WWW.TARGET.COM/B/ABLE-LIFE/-/N-MU1BG
ABRAMSAPPLESEED	ABRAMSAPPLESEED	target.com	HTTPS://WWW.TARGET.COM/B/ABRAMS-APPLESEED/-/N-Q643LE25AX5
ABRAMSCOMICARTS	ABRAMSCOMICARTS	target.com	HTTPS://WWW.TARGET.COM/B/ABRAMS-COMICARTS/-/N-Q643LEL3O7W
ABRAMSNOTERIE	ABRAMSNOTERIE	target.com	HTTPS://WWW.TARGET.COM/B/ABRAMS-NOTERIE/-/N-Q643LEJ89BN
ABRAMSPRESS	ABRAMSPRESS	target.com	HTTPS://WWW.TARGET.COM/B/ABRAMS-PRESS/-/N-Q643LEO3B5Z
ABREVA	ABREVA	target.com	HTTPS://WWW.TARGET.COM/B/ABREVA/-/N-3DK15
ABSOLUTELYGLUTENFREE	ABSOLUTELYGLUTENFREE	target.com	HTTPS://WWW.TARGET.COM/B/ABSOLUTELY-GLUTEN-FREE/-/N-U4BQK
ABSOLUTEOUTDOOR	ABSOLUTEOUTDOORS	target.com	HTTPS://WWW.TARGET.COM/B/ABSOLUTE-OUTDOORS/-/N-Q643LEOMDVE
ABSOLUTESUPPORT	ABSOLUTESUPPORT	target.com	HTTPS://WWW.TARGET.COM/B/ABSOLUTE-SUPPORT/-/N-Q643LEHJEHV
ABTAKKAT	KITKAT	target.com	HTTPS://WWW.TARGET.COM/B/KIT-KAT/-/N-56090
ABUS	ABUS	target.com	HTTPS://WWW.TARGET.COM/B/ABUS/-/N-EPXBT
ACCENTUATIONSBYMANHATTANCOMFORT	MANHATTANCOMFORT	target.com	HTTPS://WWW.TARGET.COM/B/MANHATTAN-COMFORT/-/N-4UT4U
ACCESSORYINNOVATIONS	ACCESSORYINNOVATIONS	target.com	HTTPS://WWW.TARGET.COM/B/ACCESSORY-INNOVATIONS/-/N-4VQFO
ACCOUTREMENTS	ACCOUTREMENTS	target.com	HTTPS://WWW.TARGET.COM/B/ACCOUTREMENTS/-/N-J0SAN
ACCUBAT	ACCUBAT	target.com	HTTPS://WWW.TARGET.COM/B/ACCUBAT/-/N-Q643LE5QSPJ
ACCUCHECKACTIVE	ACCUCHEK	target.com	HTTPS://WWW.TARGET.COM/B/ACCU-CHEK/-/N-Q643LEJ27ZS
ACCUCHEK	ACCUCHEK	target.com	HTTPS://WWW.TARGET.COM/B/ACCU-CHEK/-/N-Q643LEJ27ZS
ACCUSHARP	ACCUSHARP	target.com	HTTPS://WWW.TARGET.COM/B/ACCUSHARP/-/N-Q6Q0R
ACE	ACECIDER	target.com	HTTPS://WWW.TARGET.COM/B/ACE-CIDER/-/N-BL4H5
ACEDAS	AVEDA	target.com	HTTPS://WWW.TARGET.COM/B/AVEDA/-/N-Q643LE4I0YT
ACEGER	ACER	target.com	HTTPS://WWW.TARGET.COM/B/ACER/-/N-5Y5B4
ACEKOOL	ACEKOOL	target.com	HTTPS://WWW.TARGET.COM/B/ACEKOOL/-/N-Q643LEW1G9K
ACENILEN	ANACIN	target.com	HTTPS://WWW.TARGET.COM/B/ANACIN/-/N-Q643LEZ0Z3E
ACEPLE	APPLE	target.com	HTTPS://WWW.TARGET.COM/B/APPLE/-/N-5Y3EJ
ACER	ACER	target.com	HTTPS://WWW.TARGET.COM/B/ACER/-/N-5Y5B4
ACESSENTIALS	ACESSENTIALS	target.com	HTTPS://WWW.TARGET.COM/B/ACESSENTIALS/-/N-VGL53
ACEWORKBOOTS	ACEWORKBOOTS	target.com	HTTPS://WWW.TARGET.COM/B/ACE-WORK-BOOTS/-/N-Q643LEACDRH
ACEZOE	ACEZOE	target.com	HTTPS://WWW.TARGET.COM/B/ACEZOE/-/N-Q643LES4354
ACHIEVA	ACHIEVA	target.com	HTTPS://WWW.TARGET.COM/B/ACHIEVA/-/N-Q643LEVG9GW
ACHIMPOLARIS	AQUAPHOR	target.com	HTTPS://WWW.TARGET.COM/B/AQUAPHOR/-/N-5FW02
ACHLA	ACHLADESIGNS	target.com	HTTPS://WWW.TARGET.COM/B/ACHLA-DESIGNS/-/N-Q643LEOEAU1
ACHLADESIGNS	ACHLADESIGNS	target.com	HTTPS://WWW.TARGET.COM/B/ACHLA-DESIGNS/-/N-Q643LEOEAU1
ACHRISTMASSTORY	ACHRISASSTORY	target.com	HTTPS://WWW.TARGET.COM/B/A-CHRISTMAS-STORY/-/N-2IJJC
ACMEFURNISHINGS	ACMEFURNITURE	target.com	HTTPS://WWW.TARGET.COM/B/ACME-FURNITURE/-/N-AAA2F
ACMEFURNITURE	ACMEFURNITURE	target.com	HTTPS://WWW.TARGET.COM/B/ACME-FURNITURE/-/N-AAA2F
ACMEFURNITUREINDUSTRY	ACMEFURNITURE	target.com	HTTPS://WWW.TARGET.COM/B/ACME-FURNITURE/-/N-AAA2F
ACNEFREE	ACNEFREE	target.com	HTTPS://WWW.TARGET.COM/B/ACNEFREE/-/N-4UEYB
ACOUSTICAUDIOBYGOLDWOOD	ACOUSTICAUDIOBYGOLDWOOD	target.com	HTTPS://WWW.TARGET.COM/B/ACOUSTIC-AUDIO-BY-GOLDWOOD/-/N-Q643LENVWDA
ACQUAPRIMO	AQUAPHOR	target.com	HTTPS://WWW.TARGET.COM/B/AQUAPHOR/-/N-5FW02
ACROBALL	ACROBALL	target.com	HTTPS://WWW.TARGET.COM/B/ACROBALL/-/N-Q643LEY773W
ACSAFE	PACSAFE	target.com	HTTPS://WWW.TARGET.COM/B/PACSAFE/-/N-2TTAP
ACTINGPRO	ACTINGPRO	target.com	HTTPS://WWW.TARGET.COM/B/ACTING-PRO/-/N-Q643LEFMSV6
ACTIONHEAT	ACTIONHEAT	target.com	HTTPS://WWW.TARGET.COM/B/ACTIONHEAT/-/N-U21NW
ACTIVAPRODUCTS	ACTIVA	target.com	HTTPS://WWW.TARGET.COM/B/ACTIVA/-/N-Q643LEIAEYN
ACTIVEANNIE	ANNIES	target.com	HTTPS://WWW.TARGET.COM/B/ANNIE-S/-/N-56DVW
ACTIVEAQUA	ACTIVEAQUA	target.com	HTTPS://WWW.TARGET.COM/B/ACTIVE-AQUA/-/N-JK7QI
ACTIVEPROZONE	PROACTIV	target.com	HTTPS://WWW.TARGET.COM/B/PROACTIV/-/N-Q643LEAHUWB
ACTIVEWOW	ACTIVEWOW	target.com	HTTPS://WWW.TARGET.COM/B/ACTIVE-WOW/-/N-A86YN
ACTIVISIONPUBLISHING	ACTIVISIONPUBLISHING	target.com	HTTPS://WWW.TARGET.COM/B/ACTIVISION-PUBLISHING-INC/-/N-Q643LE7PT3V
ACTIVITYBOOK	ACTIVITYBOOKS	target.com	HTTPS://WWW.TARGET.COM/B/ACTIVITY-BOOKS/-/N-Q643LE4SPC7
ACTIVITYBOOKS	ACTIVITYBOOKS	target.com	HTTPS://WWW.TARGET.COM/B/ACTIVITY-BOOKS/-/N-Q643LE4SPC7
ACTIVLIFE	ACTIVLIFE	target.com	HTTPS://WWW.TARGET.COM/B/ACTIV-LIFE/-/N-Q643LEVH4VL
ACULIEF	ACULIEF	target.com	HTTPS://WWW.TARGET.COM/B/ACULIEF/-/N-Q643LEWN0SU
ACURE	ACURE	target.com	HTTPS://WWW.TARGET.COM/B/ACURE/-/N-4YNZT
ACUREORGANICS	ACURE	target.com	HTTPS://WWW.TARGET.COM/B/ACURE/-/N-4YNZT
ACURIT	ACURIT	target.com	HTTPS://WWW.TARGET.COM/B/ACURIT/-/N-Q643LELAM7Q
ADAGIOCALIFORNIA	ADAGIOCALIFORNIA	target.com	HTTPS://WWW.TARGET.COM/B/ADAGIO-CALIFORNIA/-/N-Q643LE95212
ADAMS	ADAMSPEANUTBUTTER	target.com	HTTPS://WWW.TARGET.COM/B/ADAMS-PEANUT-BUTTER/-/N-W6IBS
ADAMSMEDIA	ADAMSMEDIACORPORATION	target.com	HTTPS://WWW.TARGET.COM/B/ADAMS-MEDIA-CORPORATION/-/N-Q643LE9E0IW
ADAPTIVESOUNDTECHNOLOGIES	ADAPTIVESOUNDTECHNOLOGIES	target.com	HTTPS://WWW.TARGET.COM/B/ADAPTIVE-SOUND-TECHNOLOGIES/-/N-Q643LE10CEQ
ADCRAFT	ADCRAFT	target.com	HTTPS://WWW.TARGET.COM/B/ADCRAFT/-/N-Q643LEC30QH
ADEN	ADENBYADENANAIS	target.com	HTTPS://WWW.TARGET.COM/B/ADEN-BY-ANAIS/-/N-E81HR
ADJUSTAGATE	ADJUSTAGATE	target.com	HTTPS://WWW.TARGET.COM/B/ADJUST-A-GATE/-/N-DXMUN
ADMIREMYSKIN	ADMIREMYSKIN	target.com	HTTPS://WWW.TARGET.COM/B/ADMIRE-MY-SKIN/-/N-Q643LEHJ0XH
ADMOREPUBLISHING	ADMOREPUBLISHING	target.com	HTTPS://WWW.TARGET.COM/B/ADMORE-PUBLISHING/-/N-Q643LEEEMHS
ADMOREPUBLISHING	ADMOREPUBLISHING	target.com	HTTPS://WWW.TARGET.COM/B/ADMORE-PUBLISHING/-/N-Q643LEEEMHS?NAO=48
ADORA	ADORA	target.com	HTTPS://WWW.TARGET.COM/B/ADORA/-/N-Q643LEFCXH6
ADOREDECOR	ADOREDECOR	target.com	HTTPS://WWW.TARGET.COM/B/ADORE-DECOR/-/N-T488G
ADOREEN	ADORE	target.com	HTTPS://WWW.TARGET.COM/B/ADORE/-/N-JBL13
ADOREEN	ADOREME	target.com	HTTPS://WWW.TARGET.COM/B/ADORE-ME/-/N-Q643LEH98VL
ADOREME	ADOREME	target.com	HTTPS://WWW.TARGET.COM/B/ADORE-ME/-/N-Q643LEH98VL
ADORETEC	ADORE	target.com	HTTPS://WWW.TARGET.COM/B/ADORE/-/N-JBL13
ADOZENCOUSINS	ADOZENCOUSINS	target.com	HTTPS://WWW.TARGET.COM/B/A-DOZEN-COUSINS/-/N-Q643LE53YFU
ADVANCEDCLINICALS	ADVANCEDCLINICALS	target.com	HTTPS://WWW.TARGET.COM/B/ADVANCED-CLINICALS/-/N-Q643LEJ0F2N
ADVANCEDORGANIZINGSYSTEMS	ADVANCEDORGANIZINGSYSTEMS	target.com	HTTPS://WWW.TARGET.COM/B/ADVANCED-ORGANIZING-SYSTEMS/-/N-Q643LECKJYE
ADVIL	ADVIL	target.com	HTTPS://WWW.TARGET.COM/B/ADVIL/-/N-2UX7K
AEITTO	AEITTO	target.com	HTTPS://WWW.TARGET.COM/B/AEITTO/-/N-Q643LEMIM3Y
AEROBIE	AEROBIE	target.com	HTTPS://WWW.TARGET.COM/B/AEROBIE/-/N-X6NT1
AEROGARDEN	AEROGARDEN	target.com	HTTPS://WWW.TARGET.COM/B/AEROGARDEN/-/N-EIXF
AEROLATTE	AEROLATTE	target.com	HTTPS://WWW.TARGET.COM/B/AEROLATTE/-/N-Q643LENE4N
AEROMOOV	AEROMOOV	target.com	HTTPS://WWW.TARGET.COM/B/AEROMOOV/-/N-Q643LEFPQAA
AEROPOSTALE	AEROPOSTALE	target.com	HTTPS://WWW.TARGET.COM/B/AEROPOSTALE/-/N-Q643LENO73
AEROTHOTIC	AEROTHOTIC	target.com	HTTPS://WWW.TARGET.COM/B/AEROTHOTIC/-/N-Q643LE7O2HJ
AETHERIXIS	AETREX	target.com	HTTPS://WWW.TARGET.COM/B/AETREX/-/N-Q643LE8G4YG
AETREX	AETREX	target.com	HTTPS://WWW.TARGET.COM/B/AETREX/-/N-Q643LE8G4YG
AFAMILYGUARD	FAMILYGUARD	target.com	HTTPS://WWW.TARGET.COM/B/FAMILY-GUARD/-/N-Q643LEDRVWY
AFIBI	FITBIT	target.com	HTTPS://WWW.TARGET.COM/B/FITBIT/-/N-55XLP
AFIFURNISHING	AFI	target.com	HTTPS://WWW.TARGET.COM/B/AFI/-/N-Q643LEZ7H9P
AFIFURNITURE	AFI	target.com	HTTPS://WWW.TARGET.COM/B/AFI/-/N-Q643LEZ7H9P
AFLIGHTING	AFLIGHTING	target.com	HTTPS://WWW.TARGET.COM/B/AF-LIGHTING/-/N-Q643LET2KV0
AFRICANPRIDE	AFRICANPRIDE	target.com	HTTPS://WWW.TARGET.COM/B/AFRICAN-PRIDE/-/N-4XR8R
AFRIN	AFRIN	target.com	HTTPS://WWW.TARGET.COM/B/AFRIN/-/N-5NXY2
AFRINE	AFRIN	target.com	HTTPS://WWW.TARGET.COM/B/AFRIN/-/N-5NXY2
AFROUNICORN	AFROUNICORN	target.com	HTTPS://WWW.TARGET.COM/B/AFRO-UNICORN/-/N-Q643LEG1T4X
AFTERBITE	AFTERBITE	target.com	HTTPS://WWW.TARGET.COM/B/AFTER-BITE/-/N-VIJ6Q
AGELESSFOUNDATIONLABORATORIES	AGELESSFOUNDATIONLABORATORIES	target.com	HTTPS://WWW.TARGET.COM/B/AGELESS-FOUNDATION-LABORATORIES/-/N-Q643LEMUY73
AGIMOLI	AGALIMA	target.com	HTTPS://WWW.TARGET.COM/B/AGALIMA/-/N-Q643LETN76L
AGNESORINDA	AGNESORINDA	target.com	HTTPS://WWW.TARGET.COM/B/AGNES-ORINDA/-/N-Q643LE4W5PM
AGTRADE	GATORADE	target.com	HTTPS://WWW.TARGET.COM/B/GATORADE/-/N-1LW8E
AHOLIDAYCOMPANY	AHOLIDAYCOMPANY	target.com	HTTPS://WWW.TARGET.COM/B/A-HOLIDAY-COMPANY/-/N-Q643LEFMBIG
AHONEY	HONEY	target.com	HTTPS://WWW.TARGET.COM/B/-HONEY/-/N-Q643LEY4F78
AHOY	CHIPSAHOY	target.com	HTTPS://WWW.TARGET.COM/B/CHIPS-AHOY/-/N-56F1N
AHS	AMERICANHORRORSTORY	target.com	HTTPS://WWW.TARGET.COM/B/AMERICAN-HORROR-STORY/-/N-Q643LEQG1VI
AICILY	ILLY	target.com	HTTPS://WWW.TARGET.COM/B/ILLY/-/N-54XE0
AID	BANDAID	target.com	HTTPS://WWW.TARGET.COM/B/BAND-AID/-/N-5T8GQ
AIDEL	AIDELLS	target.com	HTTPS://WWW.TARGET.COM/B/AIDELLS/-/N-55BZ6
AIDLOT	BANDAID	target.com	HTTPS://WWW.TARGET.COM/B/BAND-AID/-/N-5T8GQ
AIIBE	AMIIBO	target.com	HTTPS://WWW.TARGET.COM/B/AMIIBO/-/N-Q643LEDZZB6
AILANSNUG	ALANINU	target.com	HTTPS://WWW.TARGET.COM/B/ALANI-NU/-/N-Q643LEVES04
AILICIS	ALLI	target.com	HTTPS://WWW.TARGET.COM/B/ALLI/-/N-4Y2HG
AILINYUWEI	ALANINU	target.com	HTTPS://WWW.TARGET.COM/B/ALANI-NU/-/N-Q643LEVES04
AILLARY	ALLI	target.com	HTTPS://WWW.TARGET.COM/B/ALLI/-/N-4Y2HG
AIMAMA	AIMAMA	target.com	HTTPS://WWW.TARGET.COM/B/AIMAMA/-/N-Q643LE3A9UI
AIPAO	APPLE	target.com	HTTPS://WWW.TARGET.COM/B/APPLE/-/N-5Y3EJ
AIRBORNEORIGINAL	AIRBORNE	target.com	HTTPS://WWW.TARGET.COM/B/AIRBORNE/-/N-5PR3Z
AIRCLOUD	AIRCLOUDCOLLECTION	target.com	HTTPS://WWW.TARGET.COM/B/AIRCLOUD-COLLECTION/-/N-Q643LEG9FZD
AIREOLUX	AIREOLUX	target.com	HTTPS://WWW.TARGET.COM/B/AIREOLUX/-/N-Q643LECFMZT
AIREX	AIREX	target.com	HTTPS://WWW.TARGET.COM/B/AIREX/-/N-Q643LEAHYR6
AIRFIX	AIRFIX	target.com	HTTPS://WWW.TARGET.COM/B/AIRFIX/-/N-Q643LE1L1PP
AIRFORCE	AIRFORCE1	target.com	HTTPS://WWW.TARGET.COM/B/AIR-FORCE-1/-/N-Q643LE1XRXH
AIRFORT	AIRFORT	target.com	HTTPS://WWW.TARGET.COM/B/AIRFORT/-/N-MCBCN
AIRHEAD	AIRHEADS	target.com	HTTPS://WWW.TARGET.COM/B/AIRHEADS/-/N-55I6W
AIRHEADS	AIRHEADS	target.com	HTTPS://WWW.TARGET.COM/B/AIRHEADS/-/N-55I6W
AIRHEADSAIRHEADS	AIRHEADS	target.com	HTTPS://WWW.TARGET.COM/B/AIRHEADS/-/N-55I6W
AIRHOGS	AIRHOGS	target.com	HTTPS://WWW.TARGET.COM/B/AIR-HOGS/-/N-5XVVB
AIRIBO	AMIIBO	target.com	HTTPS://WWW.TARGET.COM/B/AMIIBO/-/N-Q643LEDZZB6
AIRMONSTER	AIRMONSTER	target.com	HTTPS://WWW.TARGET.COM/B/AIR-MONSTER/-/N-Q643LEE20HD
AIRPLUS	AIRPLUS	target.com	HTTPS://WWW.TARGET.COM/B/AIRPLUS/-/N-2PSOH
AIRWICK	AIRWICK	target.com	HTTPS://WWW.TARGET.COM/B/AIR-WICK/-/N-KT8OW
AIRWICKAIRWICK	AIRWICK	target.com	HTTPS://WWW.TARGET.COM/B/AIR-WICK/-/N-KT8OW
AITTITUE	ATTITUDE	target.com	HTTPS://WWW.TARGET.COM/B/ATTITUDE/-/N-Q643LEZFYKA
AIVAVO	EVAAVO	target.com	HTTPS://WWW.TARGET.COM/B/EVA-AVO/-/N-Q643LEW750S
AIVITUVIN	AIVITUVIN	target.com	HTTPS://WWW.TARGET.COM/B/AIVITUVIN/-/N-Q643LEH8EYR
AIWA	AIWA	target.com	HTTPS://WWW.TARGET.COM/B/AIWA/-/N-Q643LE3IJN5
AIYIZELZ	ALLI	target.com	HTTPS://WWW.TARGET.COM/B/ALLI/-/N-4Y2HG
AJAX	AJAX	target.com	HTTPS://WWW.TARGET.COM/B/AJAX/-/N-56DA9
AJIMINYCO	AJINOMOTO	target.com	HTTPS://WWW.TARGET.COM/B/AJINOMOTO/-/N-N9O4O
AJINGKEN	AJINOMOTO	target.com	HTTPS://WWW.TARGET.COM/B/AJINOMOTO/-/N-N9O4O
AJINOMOTO	AJINOMOTO	target.com	HTTPS://WWW.TARGET.COM/B/AJINOMOTO/-/N-N9O4O
AJOHNSCOGNAMIGLIOBOOK	JOHNSCOGNAMIGLIOBOOK	target.com	HTTPS://WWW.TARGET.COM/B/JOHN-SCOGNAMIGLIO-BOOK/-/N-Q643LEZG9UC
AJYCX	AJAX	target.com	HTTPS://WWW.TARGET.COM/B/AJAX/-/N-56DA9
AKARADO	AKEDO	target.com	HTTPS://WWW.TARGET.COM/B/AKEDO/-/N-Q643LETK5PL
AKAVDOU	AKEDO	target.com	HTTPS://WWW.TARGET.COM/B/AKEDO/-/N-Q643LETK5PL
AKEDO	AKEDO	target.com	HTTPS://WWW.TARGET.COM/B/AKEDO/-/N-Q643LETK5PL
AKPRESS	AKPRESS	target.com	HTTPS://WWW.TARGET.COM/B/AK-PRESS/-/N-Q643LEJB6AY
AKRIDINGSPORTSLTD	AKSPORT	target.com	HTTPS://WWW.TARGET.COM/B/AKSPORT/-/N-Q643LEUOLWV
AKSPORT	AKSPORT	target.com	HTTPS://WWW.TARGET.COM/B/AKSPORT/-/N-Q643LEUOLWV
AKSYS	AKSYSGAMES	target.com	HTTPS://WWW.TARGET.COM/B/AKSYS-GAMES/-/N-Q643LEC2P7X
AKUZEDOS	AKEDO	target.com	HTTPS://WWW.TARGET.COM/B/AKEDO/-/N-Q643LETK5PL
ALADDIN	ALADDIN	target.com	HTTPS://WWW.TARGET.COM/B/ALADDIN/-/N-4Y3J2
ALADDING	ALADDIN	target.com	HTTPS://WWW.TARGET.COM/B/ALADDIN/-/N-4Y3J2
ALADDINPAPERBACKS	ALADDINPAPERBACKS	target.com	HTTPS://WWW.TARGET.COM/B/ALADDIN-PAPERBACKS/-/N-Q643LERETZK
ALAFFIA	ALAFFIA	target.com	HTTPS://WWW.TARGET.COM/B/ALAFFIA/-/N-714KK
ALANI	ALANINU	target.com	HTTPS://WWW.TARGET.COM/B/ALANI-NU/-/N-Q643LEVES04
ALANINU	ALANINU	target.com	HTTPS://WWW.TARGET.COM/B/ALANI-NU/-/N-Q643LEVES04
ALANINUTRITION	ALANINU	target.com	HTTPS://WWW.TARGET.COM/B/ALANI-NU/-/N-Q643LEVES04
ALASTIN	ALASTINSKINCARE	target.com	HTTPS://WWW.TARGET.COM/B/ALASTIN-SKINCARE/-/N-Q643LE7Y7W8
ALATERRE	ALATERREFURNITURE	target.com	HTTPS://WWW.TARGET.COM/B/ALATERRE-FURNITURE/-/N-EJZF7
ALATERREFURNITURE	ALATERREFURNITURE	target.com	HTTPS://WWW.TARGET.COM/B/ALATERRE-FURNITURE/-/N-EJZF7
ALATERREOFFICE	ALATERREFURNITURE	target.com	HTTPS://WWW.TARGET.COM/B/ALATERRE-FURNITURE/-/N-EJZF7
ALAVERT	ALAVERT	target.com	HTTPS://WWW.TARGET.COM/B/ALAVERT/-/N-55HQL
ALBABOTANICA	ALBABOTANICA	target.com	HTTPS://WWW.TARGET.COM/B/ALBA-BOTANICA/-/N-VRXCZ
ALBATROSSHEALTHNEWENGLAND	ALBATROSSHEALTH	target.com	HTTPS://WWW.TARGET.COM/B/ALBATROSS-HEALTH/-/N-Q643LE6UJMO
ALBERTWHITMANCOMPANY	ALBERTWHIANCOMPANY	target.com	HTTPS://WWW.TARGET.COM/B/ALBERT-WHITMAN-COMPANY/-/N-Q643LEINR18
ALCENEROSPA	ALKASELTZER	target.com	HTTPS://WWW.TARGET.COM/B/ALKA-SELTZER/-/N-EBUM7
ALCORALIFE	ALKALIFE	target.com	HTTPS://WWW.TARGET.COM/B/ALKALIFE/-/N-Q643LEPZRK1
ALDERCREEKGIFTS	ALDERCREEKGIFTBASKETS	target.com	HTTPS://WWW.TARGET.COM/B/ALDER-CREEK-GIFT-BASKETS/-/N-Q643LEDF9MZ
ALDRIMORELLY	ALMAY	target.com	HTTPS://WWW.TARGET.COM/B/ALMAY/-/N-5Q2TT
ALEANU	ALANINU	target.com	HTTPS://WWW.TARGET.COM/B/ALANI-NU/-/N-Q643LEVES04
ALEC	ALECSICECREAM	target.com	HTTPS://WWW.TARGET.COM/B/ALEC-S-ICE-CREAM/-/N-Q643LEWX9P1
ALEGLLRIATT	ALLI	target.com	HTTPS://WWW.TARGET.COM/B/ALLI/-/N-4Y2HG
ALEGRAK	ALLEGRA	target.com	HTTPS://WWW.TARGET.COM/B/ALLEGRA/-/N-TTX2C
ALEIAS	ALEIAS	target.com	HTTPS://WWW.TARGET.COM/B/ALEIA-S/-/N-Q643LERT3HJ
ALEMONXY	ALMAY	target.com	HTTPS://WWW.TARGET.COM/B/ALMAY/-/N-5Q2TT
ALESSI	ALESSI	target.com	HTTPS://WWW.TARGET.COM/B/ALESSI/-/N-565IT
ALESSIALESSI	ALESSI	target.com	HTTPS://WWW.TARGET.COM/B/ALESSI/-/N-565IT
ALEVANATURALS	ALEVANATURALS	target.com	HTTPS://WWW.TARGET.COM/B/ALEVA-NATURALS/-/N-Q643LEDX0B9
ALEVE	ALEVE	target.com	HTTPS://WWW.TARGET.COM/B/ALEVE/-/N-FJB5B
ALEXANDERDELROSSA	ALEXANDERDELROSSA	target.com	HTTPS://WWW.TARGET.COM/B/ALEXANDER-DEL-ROSSA/-/N-Q643LEMA00E
ALEXANDERSCOSTUMES	ALEXANDERSCOSTUMES	target.com	HTTPS://WWW.TARGET.COM/B/ALEXANDERS-COSTUMES/-/N-Q643LEIG072
ALEXTOYS	ALEXTOYS	target.com	HTTPS://WWW.TARGET.COM/B/ALEX-TOYS/-/N-5X1JC
ALFAGUARA	ALFAGUARA	target.com	HTTPS://WWW.TARGET.COM/B/ALFAGUARA/-/N-Q643LEV0Z9C
ALFAPARF	ALFAPARF	target.com	HTTPS://WWW.TARGET.COM/B/ALFAPARF/-/N-Q643LEYX95Y
ALFAPARFMILANO	ALFAPARFMILANO	target.com	HTTPS://WWW.TARGET.COM/B/ALFAPARF-MILANO/-/N-Q643LE46E04
ALFARO	ALFAROS	target.com	HTTPS://WWW.TARGET.COM/B/ALFARO-S/-/N-N8YZS
ALFREDDUNHILL	ALFREDDUNHILL	target.com	HTTPS://WWW.TARGET.COM/B/ALFRED-DUNHILL/-/N-Q643LEYV5CV
ALFREDDUNNER	ALFREDDUNNER	target.com	HTTPS://WWW.TARGET.COM/B/ALFRED-DUNNER/-/N-Q643LENLLAY
ALGOMANET	ALIGN	target.com	HTTPS://WWW.TARGET.COM/B/ALIGN/-/N-5DOLV
ALGONQUINBOOKS	ALGONQUINBOOKS	target.com	HTTPS://WWW.TARGET.COM/B/ALGONQUIN-BOOKS/-/N-Q643LELAVBT
ALGREEN	ALGREEN	target.com	HTTPS://WWW.TARGET.COM/B/ALGREEN/-/N-9B48D
ALICEINWONDERLAND	ALICEINWONDERLAND	target.com	HTTPS://WWW.TARGET.COM/B/ALICE-IN-WONDERLAND/-/N-KW5K8
ALICEJAMESBOOKS	ALICEJAMESBOOKS	target.com	HTTPS://WWW.TARGET.COM/B/ALICE-JAMES-BOOKS/-/N-Q643LETOZ79
ALICESWONDERLANDBAKERY	ALICESWONDERLANDBAKERY	target.com	HTTPS://WWW.TARGET.COM/B/ALICE-S-WONDERLAND-BAKERY/-/N-Q643LEROLRG
ALICEWONDERLANDBAKERY	ALICESWONDERLANDBAKERY	target.com	HTTPS://WWW.TARGET.COM/B/ALICE-S-WONDERLAND-BAKERY/-/N-Q643LEROLRG
ALIGN	ALIGN	target.com	HTTPS://WWW.TARGET.COM/B/ALIGN/-/N-5DOLV
ALIGNET	ALIGN	target.com	HTTPS://WWW.TARGET.COM/B/ALIGN/-/N-5DOLV
ALIGNRGY	ALIGN	target.com	HTTPS://WWW.TARGET.COM/B/ALIGN/-/N-5DOLV
ALIKAYNATURALS	ALIKAYNATURALS	target.com	HTTPS://WWW.TARGET.COM/B/ALIKAY-NATURALS/-/N-W6JKV
ALILANG	ALILANG	target.com	HTTPS://WWW.TARGET.COM/B/ALILANG/-/N-Q643LEDGAA4
ALINANA	ALANINU	target.com	HTTPS://WWW.TARGET.COM/B/ALANI-NU/-/N-Q643LEVES04
ALINAY	ALANINU	target.com	HTTPS://WWW.TARGET.COM/B/ALANI-NU/-/N-Q643LEVES04
ALINILA	ALANINU	target.com	HTTPS://WWW.TARGET.COM/B/ALANI-NU/-/N-Q643LEVES04
ALKALIFE	ALKALIFE	target.com	HTTPS://WWW.TARGET.COM/B/ALKALIFE/-/N-Q643LEPZRK1
ALKALOL	ALKALOL	target.com	HTTPS://WWW.TARGET.COM/B/ALKALOL/-/N-Q643LE637EF
ALKASELTZER	ALKASELTZER	target.com	HTTPS://WWW.TARGET.COM/B/ALKA-SELTZER/-/N-EBUM7
ALLADINBOX	ALLADINBOX	target.com	HTTPS://WWW.TARGET.COM/B/ALLADINBOX/-/N-Q643LEF9PFP
ALLCURE	ALLCURE	target.com	HTTPS://WWW.TARGET.COM/B/ALLCURE/-/N-Q643LEN946O
ALLEGA	ALLEGRA	target.com	HTTPS://WWW.TARGET.COM/B/ALLEGRA/-/N-TTX2C
ALLEGOO	ALLEGRA	target.com	HTTPS://WWW.TARGET.COM/B/ALLEGRA/-/N-TTX2C
ALLEGRA	ALLEGRA	target.com	HTTPS://WWW.TARGET.COM/B/ALLEGRA/-/N-TTX2C
ALLEGRACE	ALLEGRA	target.com	HTTPS://WWW.TARGET.COM/B/ALLEGRA/-/N-TTX2C
ALLEGRAK	ALLEGRA	target.com	HTTPS://WWW.TARGET.COM/B/ALLEGRA/-/N-TTX2C
ALLEGROCOMPRESSIONHOSIERY	ALLEGROCOMPRESSIONHOSIERY	target.com	HTTPS://WWW.TARGET.COM/B/ALLEGRO-COMPRESSION-HOSIERY/-/N-Q643LESBNQW
ALLENHEATH	ALLENHEATH	target.com	HTTPS://WWW.TARGET.COM/B/ALLEN-HEATH/-/N-45NSQ
ALLERA	ALLEGRA	target.com	HTTPS://WWW.TARGET.COM/B/ALLEGRA/-/N-TTX2C
ALLEREASE	ALLEREASE	target.com	HTTPS://WWW.TARGET.COM/B/ALLEREASE/-/N-5NZFM
ALLEWIE	ALLEWIE	target.com	HTTPS://WWW.TARGET.COM/B/ALLEWIE/-/N-Q643LERJC2S
ALLFORPAWS	ALLFORPAWS	target.com	HTTPS://WWW.TARGET.COM/B/ALL-FOR-PAWS/-/N-Q643LEA4HF2
ALLFORPAWSAFP	ALLFORPAWS	target.com	HTTPS://WWW.TARGET.COM/B/ALL-FOR-PAWS/-/N-Q643LEA4HF2
ALLGALA	ALLEGRA	target.com	HTTPS://WWW.TARGET.COM/B/ALLEGRA/-/N-TTX2C
ALLHERO	HEROCOSMETICS	target.com	HTTPS://WWW.TARGET.COM/B/HERO-COSMETICS/-/N-Q643LEZI83E
ALLIANCEENTERTAINMENT	ALLIANCEENTERTAINMENT	target.com	HTTPS://WWW.TARGET.COM/B/ALLIANCE-ENTERTAINMENT/-/N-WC7QS
ALLIANCERUBBERCO	ALLIANCERUBBERCOMPANY	target.com	HTTPS://WWW.TARGET.COM/B/ALLIANCE-RUBBER-COMPANY/-/N-AJS2B
ALLIANCERUBBERCOMPANY	ALLIANCERUBBERCOMPANY	target.com	HTTPS://WWW.TARGET.COM/B/ALLIANCE-RUBBER-COMPANY/-/N-AJS2B
ALLIEDHOME	ALLIEDHOME	target.com	HTTPS://WWW.TARGET.COM/B/ALLIED-HOME/-/N-4UXSE
ALLIEDPRECISION	ALLIEDPRECISIONINDUSTRIES	target.com	HTTPS://WWW.TARGET.COM/B/ALLIED-PRECISION-INDUSTRIES/-/N-Q643LEGWPBH
ALLIEDPRECISIONINCP	ALLIEDPRECISIONINDUSTRIES	target.com	HTTPS://WWW.TARGET.COM/B/ALLIED-PRECISION-INDUSTRIES/-/N-Q643LEGWPBH
ALLIEDPRECISIONIND	ALLIEDPRECISIONINDUSTRIES	target.com	HTTPS://WWW.TARGET.COM/B/ALLIED-PRECISION-INDUSTRIES/-/N-Q643LEGWPBH
ALLIEDPRECISIONINDUSTRIES	ALLIEDPRECISIONINDUSTRIES	target.com	HTTPS://WWW.TARGET.COM/B/ALLIED-PRECISION-INDUSTRIES/-/N-Q643LEGWPBH
ALLIMAX	ALLIMAX	target.com	HTTPS://WWW.TARGET.COM/B/ALLIMAX/-/N-Q643LE6DLY2
ALLING	ALLI	target.com	HTTPS://WWW.TARGET.COM/B/ALLI/-/N-4Y2HG
ALLINMOTION	ALLINMOTION	target.com	HTTPS://WWW.TARGET.COM/B/ALL-IN-MOTION/-/N-Q643LERBXBQ
ALLLIEDPRECISION	ALLIEDPRECISIONINDUSTRIES	target.com	HTTPS://WWW.TARGET.COM/B/ALLIED-PRECISION-INDUSTRIES/-/N-Q643LEGWPBH
ALLPROPASSER	ALLPROPASSER	target.com	HTTPS://WWW.TARGET.COM/B/ALL-PRO-PASSER/-/N-Q643LEXNJFJ
ALLSBRA	ALLEGRA	target.com	HTTPS://WWW.TARGET.COM/B/ALLEGRA/-/N-TTX2C
ALLSETTHEALTH	ALLSETTHEALTH	target.com	HTTPS://WWW.TARGET.COM/B/ALLSETT-HEALTH/-/N-Q643LE7M2U4
ALLSOP	ALLSOP	target.com	HTTPS://WWW.TARGET.COM/B/ALLSOP/-/N-54XBA
ALLSPACE	ALLSPACE	target.com	HTTPS://WWW.TARGET.COM/B/ALLSPACE/-/N-Q643LE9F48D
ALLSTARPRODUCTS	ALLSTAR	target.com	HTTPS://WWW.TARGET.COM/B/ALL-STAR/-/N-V64II
ALLSTATEFLORAL	ALLSTATEFLORAL	target.com	HTTPS://WWW.TARGET.COM/B/ALLSTATE-FLORAL/-/N-54USS
ALLSTATEFLORALCRAFT	ALLSTATEFLORAL	target.com	HTTPS://WWW.TARGET.COM/B/ALLSTATE-FLORAL/-/N-54USS
ALLTHINGSCEDAR	ALLTHINGSCEDAR	target.com	HTTPS://WWW.TARGET.COM/B/ALL-THINGS-CEDAR/-/N-3AFT5
ALLTHINGSEQUAL	ALLTHINGSEQUAL	target.com	HTTPS://WWW.TARGET.COM/B/ALL-THINGS-EQUAL/-/N-HBLOA
ALLUREHOMECREATION	ALLUREHOMECREATIONS	target.com	HTTPS://WWW.TARGET.COM/B/ALLURE-HOME-CREATIONS/-/N-8IB99
ALLUREHOMECREATIONS	ALLUREHOMECREATIONS	target.com	HTTPS://WWW.TARGET.COM/B/ALLURE-HOME-CREATIONS/-/N-8IB99
ALMANAC	OLDFARMERSALMANAC	target.com	HTTPS://WWW.TARGET.COM/B/OLD-FARMER-S-ALMANAC/-/N-Q643LEGMY68
ALMAY	ALMAY	target.com	HTTPS://WWW.TARGET.COM/B/ALMAY/-/N-5Q2TT
ALMONATURE	ALMONATURE	target.com	HTTPS://WWW.TARGET.COM/B/ALMO-NATURE/-/N-Q643LE26SL2
ALO	ALO	target.com	HTTPS://WWW.TARGET.COM/B/ALO/-/N-JELBB
ALODIA	ALODIA	target.com	HTTPS://WWW.TARGET.COM/B/ALODIA/-/N-Q643LE5FHL8
ALONYI	ALANINU	target.com	HTTPS://WWW.TARGET.COM/B/ALANI-NU/-/N-Q643LEVES04
ALORADECOR	ALORADECOR	target.com	HTTPS://WWW.TARGET.COM/B/ALORA-DECOR/-/N-Q643LEZ68H0
ALOTFS	ALTOIDS	target.com	HTTPS://WWW.TARGET.COM/B/ALTOIDS/-/N-56DGA
ALOTLUCKY	LUCKYBRAND	target.com	HTTPS://WWW.TARGET.COM/B/LUCKY-BRAND/-/N-Q643LE9U2TH
ALPHAWORKS	ALPHAWORKS	target.com	HTTPS://WWW.TARGET.COM/B/ALPHAWORKS/-/N-Q643LE7EDHN
ALPHINEFURNITURE	ALPINEFURNITURE	target.com	HTTPS://WWW.TARGET.COM/B/ALPINE-FURNITURE/-/N-6NQQ6
ALPINECORP	ALPINECORPORATION	target.com	HTTPS://WWW.TARGET.COM/B/ALPINE-CORPORATION/-/N-1VC6X
ALPINECORPORATION	ALPINECORPORATION	target.com	HTTPS://WWW.TARGET.COM/B/ALPINE-CORPORATION/-/N-1VC6X
ALPINEFURNITURE	ALPINEFURNITURE	target.com	HTTPS://WWW.TARGET.COM/B/ALPINE-FURNITURE/-/N-6NQQ6
ALPINEHEARINGPROTECTION	ALPINEHEARINGPROTECTION	target.com	HTTPS://WWW.TARGET.COM/B/ALPINE-HEARING-PROTECTION/-/N-3ESBS
ALPINESWISS	ALPINESWISS	target.com	HTTPS://WWW.TARGET.COM/B/ALPINE-SWISS/-/N-Q643LE18JV5
ALPS	OARSALPS	target.com	HTTPS://WWW.TARGET.COM/B/OARS-ALPS/-/N-4T5X0
ALRINDUSTRIES	ALRINDUSTRIES	target.com	HTTPS://WWW.TARGET.COM/B/ALR-INDUSTRIES/-/N-Q643LE6SN7Z
ALROMAN	ROMAN	target.com	HTTPS://WWW.TARGET.COM/B/ROMAN/-/N-56E5C
ALSSUIE	AUSSIE	target.com	HTTPS://WWW.TARGET.COM/B/AUSSIE/-/N-5667T
ALTAHEALTH	ALTAHEALTHPRODUCTS	target.com	HTTPS://WWW.TARGET.COM/B/ALTA-HEALTH-PRODUCTS/-/N-Q643LETZWSH
ALTECHLANSING	ALTECLANSING	target.com	HTTPS://WWW.TARGET.COM/B/ALTEC-LANSING/-/N-5XMO6
ALTECLANCING	ALTECLANSING	target.com	HTTPS://WWW.TARGET.COM/B/ALTEC-LANSING/-/N-5XMO6
ALTECLANSING	ALTECLANSING	target.com	HTTPS://WWW.TARGET.COM/B/ALTEC-LANSING/-/N-5XMO6
ALTECLANSINGTECHNOLOGIES	ALTECLANSING	target.com	HTTPS://WWW.TARGET.COM/B/ALTEC-LANSING/-/N-5XMO6
ALTERECO	ALTERECO	target.com	HTTPS://WWW.TARGET.COM/B/ALTER-ECO/-/N-HJIQB
ALTERIL	ALTERIL	target.com	HTTPS://WWW.TARGET.COM/B/ALTERIL/-/N-LBHI6
ALTERNA	ALTERNA	target.com	HTTPS://WWW.TARGET.COM/B/ALTERNA/-/N-Q643LE49QA3
ALTIODS	ALTOIDS	target.com	HTTPS://WWW.TARGET.COM/B/ALTOIDS/-/N-56DGA
ALTOIDS	ALTOIDS	target.com	HTTPS://WWW.TARGET.COM/B/ALTOIDS/-/N-56DGA
ALUCSET	ALUCSET	target.com	HTTPS://WWW.TARGET.COM/B/ALUCSET/-/N-Q643LEE9C85
ALVA	ALVA	target.com	HTTPS://WWW.TARGET.COM/B/ALVA/-/N-Q643LEF45WH
ALVANTOR	ALVANTOR	target.com	HTTPS://WWW.TARGET.COM/B/ALVANTOR/-/N-Q643LE8LB4X
ALVANTORA	ALVANTOR	target.com	HTTPS://WWW.TARGET.COM/B/ALVANTOR/-/N-Q643LE8LB4X
ALVITA	ALVITA	target.com	HTTPS://WWW.TARGET.COM/B/ALVITA/-/N-Q643LEL4IN9
ALWAYS	ALWAYS	target.com	HTTPS://WWW.TARGET.COM/B/ALWAYS/-/N-5TCP0
ALWAYSDISCEET	ALWAYSDISCREET	target.com	HTTPS://WWW.TARGET.COM/B/ALWAYS-DISCREET/-/N-54VOA
ALWAYSDISCREE	ALWAYSDISCREET	target.com	HTTPS://WWW.TARGET.COM/B/ALWAYS-DISCREET/-/N-54VOA
ALWAYSDISCREET	ALWAYSDISCREET	target.com	HTTPS://WWW.TARGET.COM/B/ALWAYS-DISCREET/-/N-54VOA
ALWEN	ALWEN	target.com	HTTPS://WWW.TARGET.COM/B/ALWEN/-/N-Q643LE9XISG
AMACIGANA	AMIKA	target.com	HTTPS://WWW.TARGET.COM/B/AMIKA/-/N-Q643LEFPXA8
AMACOOL	AMACOOL	target.com	HTTPS://WWW.TARGET.COM/B/AMACOOL/-/N-Q643LEIXBWC
AMADAHOMEFURNISHING	AMADAHOMEFURNISHING	target.com	HTTPS://WWW.TARGET.COM/B/AMADA-HOMEFURNISHING/-/N-Q643LE9DMGY
AMADAHOUSEFURNISHING	AMADAHOMEFURNISHING	target.com	HTTPS://WWW.TARGET.COM/B/AMADA-HOMEFURNISHING/-/N-Q643LE9DMGY
AMANTIART	AMANTIART	target.com	HTTPS://WWW.TARGET.COM/B/AMANTI-ART/-/N-4Y9QQ
AMARA	AMARA	target.com	HTTPS://WWW.TARGET.COM/B/AMARA/-/N-Q643LEPXPGW
AMARAORGANICS	AMARA	target.com	HTTPS://WWW.TARGET.COM/B/AMARA/-/N-Q643LEPXPGW
AMAV	AMAV	target.com	HTTPS://WWW.TARGET.COM/B/AMAV/-/N-Q643LEX4FRR
AMAVARA	AMAVARA	target.com	HTTPS://WWW.TARGET.COM/B/AMAVARA/-/N-Q643LEHORXB
AMAZECHEF	AMZCHEF	target.com	HTTPS://WWW.TARGET.COM/B/AMZCHEF/-/N-Q643LE6FA8U
AMAZINGFORCE	AMAZINGFORCE	target.com	HTTPS://WWW.TARGET.COM/B/AMAZING-FORCE/-/N-Q643LEH6797
AMAZINGGRASS	AMAZINGGRASS	target.com	HTTPS://WWW.TARGET.COM/B/AMAZING-GRASS/-/N-4UXK1
AMAZINGINDIA	AMAZINGINDIA	target.com	HTTPS://WWW.TARGET.COM/B/AMAZING-INDIA/-/N-Q643LELRBJ4
AMAZINGNUTRITION	AMAZINGNUTRITION	target.com	HTTPS://WWW.TARGET.COM/B/AMAZING-NUTRITION/-/N-Q643LEA73XW
AMAZINGNUTRITIONALS	AMAZINGNUTRITION	target.com	HTTPS://WWW.TARGET.COM/B/AMAZING-NUTRITION/-/N-Q643LEA73XW
AMBERALLENPUBLISHING	AMBERALLENPUBLISHING	target.com	HTTPS://WWW.TARGET.COM/B/AMBER-ALLEN-PUBLISHING/-/N-Q643LE1MBO8
AMBEREN	AMBEREN	target.com	HTTPS://WWW.TARGET.COM/B/AMBEREN/-/N-AOBWK
AMBERLEYPUBLISHING	AMBERLEYPUBLISHING	target.com	HTTPS://WWW.TARGET.COM/B/AMBERLEY-PUBLISHING/-/N-Q643LEB6MVY
AMBIANCEFRAMING	AMBIANCEFRAMING	target.com	HTTPS://WWW.TARGET.COM/B/AMBIANCE-FRAMING/-/N-Q643LEPCWUK
AMBRAN	AMBEREN	target.com	HTTPS://WWW.TARGET.COM/B/AMBEREN/-/N-AOBWK
AMCOHOUSEWORKS	AMCOHOUSEWORKS	target.com	HTTPS://WWW.TARGET.COM/B/AMCO-HOUSEWORKS/-/N-Q643LEWNOCL
AMEIRWOODHOME	AMERIWOODHOME	target.com	HTTPS://WWW.TARGET.COM/B/AMERIWOOD-HOME/-/N-U61W5
AMERCAREROYAL	AMERCAREROYAL	target.com	HTTPS://WWW.TARGET.COM/B/AMERCAREROYAL/-/N-Q643LEK22L9
AMERIBAG	AMERIBAG	target.com	HTTPS://WWW.TARGET.COM/B/AMERIBAG/-/N-Q643LEEVX87
AMERICANARTDCOR	AMERICANARTDECOR	target.com	HTTPS://WWW.TARGET.COM/B/AMERICAN-ART-DECOR/-/N-Q643LEE285
AMERICANARTDECOR	AMERICANARTDECOR	target.com	HTTPS://WWW.TARGET.COM/B/AMERICAN-ART-DECOR/-/N-Q643LEE285
AMERICANATELIER	AMERICANATELIER	target.com	HTTPS://WWW.TARGET.COM/B/AMERICAN-ATELIER/-/N-55NTE
AMERICANBAZI	AMERICANBAZI	target.com	HTTPS://WWW.TARGET.COM/B/AMERICAN-BAZI/-/N-Q643LEOHPRS
AMERICANBIOSCIENCES	AMERICANBIOSCIENCES	target.com	HTTPS://WWW.TARGET.COM/B/AMERICAN-BIOSCIENCES/-/N-Q643LE9VPFN
AMERICANCRAFTS	AMERICANCRAFTS	target.com	HTTPS://WWW.TARGET.COM/B/AMERICAN-CRAFTS/-/N-54Y0X
AMERICANCREW	AMERICANCREW	target.com	HTTPS://WWW.TARGET.COM/B/AMERICAN-CREW/-/N-5RLDP
AMERICANDIORAMA	AMERICANDIORAMA	target.com	HTTPS://WWW.TARGET.COM/B/AMERICAN-DIORAMA/-/N-NBMU4
AMERICANEAGLE	AMERICANEAGLE	target.com	HTTPS://WWW.TARGET.COM/B/AMERICAN-EAGLE/-/N-Q643LEHNPX
AMERICANEAGLEAE	AMERICANEAGLE	target.com	HTTPS://WWW.TARGET.COM/B/AMERICAN-EAGLE/-/N-Q643LEHNPX
AMERICANEDUCATIONPUBLISHING	AMERICANEDUCATIONPUBLISHING	target.com	HTTPS://WWW.TARGET.COM/B/AMERICAN-EDUCATION-PUBLISHING/-/N-Q643LE3KOHD
AMERICANFLAT	AMERICANFLAT	target.com	HTTPS://WWW.TARGET.COM/B/AMERICANFLAT/-/N-Q643LEOWK1X
AMERICANFURNITURECLASSIC	AMERICANFURNITURECLASSICS	target.com	HTTPS://WWW.TARGET.COM/B/AMERICAN-FURNITURE-CLASSICS/-/N-Q643LEY9VEY
AMERICANFURNITURECLASSICS	AMERICANFURNITURECLASSICS	target.com	HTTPS://WWW.TARGET.COM/B/AMERICAN-FURNITURE-CLASSICS/-/N-Q643LEY9VEY
AMERICANGEOGRAPHICS	NATIONALGEOGRAPHIC	target.com	HTTPS://WWW.TARGET.COM/B/NATIONAL-GEOGRAPHIC/-/N-5QE70
AMERICANGREENTRAVEL	AMERICANGREENTRAVEL	target.com	HTTPS://WWW.TARGET.COM/B/AMERICAN-GREEN-TRAVEL/-/N-Q643LECFHBM
AMERICANGREETING	AMERICANGREETINGS	target.com	HTTPS://WWW.TARGET.COM/B/AMERICAN-GREETINGS/-/N-5E34F
AMERICANGREETINGS	AMERICANGREETINGS	target.com	HTTPS://WWW.TARGET.COM/B/AMERICAN-GREETINGS/-/N-5E34F
AMERICANGREETINGSJUSTFORYOU	AMERICANGREETINGS	target.com	HTTPS://WWW.TARGET.COM/B/AMERICAN-GREETINGS/-/N-5E34F
AMERICANLINEN	AMERICANSOFTLINEN	target.com	HTTPS://WWW.TARGET.COM/B/AMERICAN-SOFT-LINEN/-/N-Q643LEOX24S
AMERICANPLASTICTOY	AMERICANPLASTICTOYS	target.com	HTTPS://WWW.TARGET.COM/B/AMERICAN-PLASTIC-TOYS-INC/-/N-RRPFC
AMERICANPLASTICTOYS	AMERICANPLASTICTOYS	target.com	HTTPS://WWW.TARGET.COM/B/AMERICAN-PLASTIC-TOYS-INC/-/N-RRPFC
AMERICANSOFTLINEN	AMERICANSOFTLINEN	target.com	HTTPS://WWW.TARGET.COM/B/AMERICAN-SOFT-LINEN/-/N-Q643LEOX24S
AMERICANTOURIST	AMERICANTOURISTER	target.com	HTTPS://WWW.TARGET.COM/B/AMERICAN-TOURISTER/-/N-56C8Z
AMERICANTOURISTER	AMERICANTOURISTER	target.com	HTTPS://WWW.TARGET.COM/B/AMERICAN-TOURISTER/-/N-56C8Z
AMERICANWHITECROSS	AMERICANWHITECROSS	target.com	HTTPS://WWW.TARGET.COM/B/AMERICAN-WHITE-CROSS/-/N-Q643LE2LCV6
AMERICASTESTKITCHEN	AMERICASTESTKITCHEN	target.com	HTTPS://WWW.TARGET.COM/B/AMERICA-S-TEST-KITCHEN/-/N-Q643LE4LCIB
AMERILEATHER	AMERILEATHER	target.com	HTTPS://WWW.TARGET.COM/B/AMERILEATHER/-/N-Q643LE4BW7N
AMERIWOOD	AMERIWOODHOME	target.com	HTTPS://WWW.TARGET.COM/B/AMERIWOOD-HOME/-/N-U61W5
AMERIWOODBASICSCOLLECTION	AMERIWOODHOME	target.com	HTTPS://WWW.TARGET.COM/B/AMERIWOOD-HOME/-/N-U61W5
AMERIWOODHOM	AMERIWOODHOME	target.com	HTTPS://WWW.TARGET.COM/B/AMERIWOOD-HOME/-/N-U61W5
AMERIWOODHOME	AMERIWOODHOME	target.com	HTTPS://WWW.TARGET.COM/B/AMERIWOOD-HOME/-/N-U61W5
AMERIWOODHOMEA20	AMERIWOODHOME	target.com	HTTPS://WWW.TARGET.COM/B/AMERIWOOD-HOME/-/N-U61W5
AMERIWOODHOMEA21	AMERIWOODHOME	target.com	HTTPS://WWW.TARGET.COM/B/AMERIWOOD-HOME/-/N-U61W5
AMERIWOODHOMELOCATIONB89	AMERIWOODHOME	target.com	HTTPS://WWW.TARGET.COM/B/AMERIWOOD-HOME/-/N-U61W5
AMERIWOODHOMER	AMERIWOODHOME	target.com	HTTPS://WWW.TARGET.COM/B/AMERIWOOD-HOME/-/N-U61W5
AMERIWOODHOMES	AMERIWOODHOME	target.com	HTTPS://WWW.TARGET.COM/B/AMERIWOOD-HOME/-/N-U61W5
AMERIWOODHONE	AMERIWOODHOME	target.com	HTTPS://WWW.TARGET.COM/B/AMERIWOOD-HOME/-/N-U61W5
AMERLIFE	AMERLIFE	target.com	HTTPS://WWW.TARGET.COM/B/AMERLIFE/-/N-Q643LECVR8T
AMESWALKER	AMESWALKER	target.com	HTTPS://WWW.TARGET.COM/B/AMES-WALKER/-/N-Q643LE7ZWV1
AMGCIVE	MAGICTHEGATHERING	target.com	HTTPS://WWW.TARGET.COM/B/MAGIC-THE-GATHERING/-/N-Q7URG
AMGMEDICAL	AMGMEDICAL	target.com	HTTPS://WWW.TARGET.COM/B/AMG-MEDICAL/-/N-Q643LEXRQ3M
AMIAOW	AMIIBO	target.com	HTTPS://WWW.TARGET.COM/B/AMIIBO/-/N-Q643LEDZZB6
AMICCOMUS	AMIKA	target.com	HTTPS://WWW.TARGET.COM/B/AMIKA/-/N-Q643LEFPXA8
AMICIHOME	AMICIHOME	target.com	HTTPS://WWW.TARGET.COM/B/AMICI-HOME/-/N-4S7G6
AMICIHOMEBYGLOBALAMICI	AMICIHOME	target.com	HTTPS://WWW.TARGET.COM/B/AMICI-HOME/-/N-4S7G6
AMIGO	AMIGOGAMES	target.com	HTTPS://WWW.TARGET.COM/B/AMIGO-GAMES/-/N-Q643LEBZB6H
AMIGOGAMES	AMIGOGAMES	target.com	HTTPS://WWW.TARGET.COM/B/AMIGO-GAMES/-/N-Q643LEBZB6H
AMIIBA	AMIIBO	target.com	HTTPS://WWW.TARGET.COM/B/AMIIBO/-/N-Q643LEDZZB6
AMIKA	AMIKA	target.com	HTTPS://WWW.TARGET.COM/B/AMIKA/-/N-Q643LEFPXA8
AMIPEPE	AMOPE	target.com	HTTPS://WWW.TARGET.COM/B/AMOPE/-/N-4YQES
AMITITO	AMIIBO	target.com	HTTPS://WWW.TARGET.COM/B/AMIIBO/-/N-Q643LEDZZB6
AMKA	AMKA	target.com	HTTPS://WWW.TARGET.COM/B/AMKA/-/N-Q643LETZ2M8
AMLACTIN	AMLACTIN	target.com	HTTPS://WWW.TARGET.COM/B/AMLACTIN/-/N-55O47
AMLIEHOME	AMELIEHOME	target.com	HTTPS://WWW.TARGET.COM/B/AMELIE-HOME/-/N-Q643LENZOYU
AMONG	AMONGUS	target.com	HTTPS://WWW.TARGET.COM/B/AMONG-US/-/N-Q643LE4GDM1
AMONTECH	MONTECH	target.com	HTTPS://WWW.TARGET.COM/B/MONTECH/-/N-Q643LEGQEBT
AMOPE	AMOPE	target.com	HTTPS://WWW.TARGET.COM/B/AMOPE/-/N-4YQES
AMORETTIGROCERY	AMORETTI	target.com	HTTPS://WWW.TARGET.COM/B/AMORETTI/-/N-Q643LEN3R1J
AMOS	FAMOUSAMOS	target.com	HTTPS://WWW.TARGET.COM/B/FAMOUS-AMOS/-/N-4YKH8
AMPAD	AMPAD	target.com	HTTPS://WWW.TARGET.COM/B/AMPAD/-/N-553AD
AMPADDIVOFAMERCNPDPPR	AMPAD	target.com	HTTPS://WWW.TARGET.COM/B/AMPAD/-/N-553AD
AMPADDS	AMPAD	target.com	HTTPS://WWW.TARGET.COM/B/AMPAD/-/N-553AD
AMSCAN	AMSCAN	target.com	HTTPS://WWW.TARGET.COM/B/AMSCAN/-/N-S7YGK
AMSCANH	AMSCAN	target.com	HTTPS://WWW.TARGET.COM/B/AMSCAN/-/N-S7YGK
AMSCANINTERNATIONAL	AMSCAN	target.com	HTTPS://WWW.TARGET.COM/B/AMSCAN/-/N-S7YGK
AMSCANUSA	AMSCAN	target.com	HTTPS://WWW.TARGET.COM/B/AMSCAN/-/N-S7YGK
AMSEJOPS	AMOPE	target.com	HTTPS://WWW.TARGET.COM/B/AMOPE/-/N-4YQES
AMY	AMYS	target.com	HTTPS://WWW.TARGET.COM/B/AMY-S/-/N-G3PZ2
AMYAMY	AMYS	target.com	HTTPS://WWW.TARGET.COM/B/AMY-S/-/N-G3PZ2
AMYS	AMYS	target.com	HTTPS://WWW.TARGET.COM/B/AMY-S/-/N-G3PZ2
AMYSORGANIC	AMYS	target.com	HTTPS://WWW.TARGET.COM/B/AMY-S/-/N-G3PZ2
AMZCHEF	AMZCHEF	target.com	HTTPS://WWW.TARGET.COM/B/AMZCHEF/-/N-Q643LE6FA8U
AMZGIRL	AMZGIRL	target.com	HTTPS://WWW.TARGET.COM/B/AMZGIRL/-/N-Q643LEJYYOY
ANASTASIABEVERLYHILLS	ANASTASIABEVERLYHILLS	target.com	HTTPS://WWW.TARGET.COM/B/ANASTASIA-BEVERLY-HILLS/-/N-Q643LEID7MT
ANAYA	ANAYA	target.com	HTTPS://WWW.TARGET.COM/B/ANAYA/-/N-Q643LE1EHVA
ANBOA	ANOVACULINARY	target.com	HTTPS://WWW.TARGET.COM/B/ANOVA-CULINARY/-/N-4UXLZ
ANCESTRYDNA	ANCESTRYDNA	target.com	HTTPS://WWW.TARGET.COM/B/ANCESTRYDNA/-/N-Q643LE1YE66
ANCIENTHARVEST	ANCIENTHARVEST	target.com	HTTPS://WWW.TARGET.COM/B/ANCIENT-HARVEST/-/N-4YLFV
ANCIENTNUTRITION	ANCIENTNUTRITION	target.com	HTTPS://WWW.TARGET.COM/B/ANCIENT-NUTRITION/-/N-D1RD9
ANCKER	ANKER	target.com	HTTPS://WWW.TARGET.COM/B/ANKER/-/N-VK22U
ANDALOUNATURAL	ANDALOUNATURALS	target.com	HTTPS://WWW.TARGET.COM/B/ANDALOU-NATURALS/-/N-4XO9V
ANDALOUNATURALS	ANDALOUNATURALS	target.com	HTTPS://WWW.TARGET.COM/B/ANDALOU-NATURALS/-/N-4XO9V
ANDEANDREAM	ANDEANDREAM	target.com	HTTPS://WWW.TARGET.COM/B/ANDEAN-DREAM/-/N-Q643LENW0JO
ANDES	ANDES	target.com	HTTPS://WWW.TARGET.COM/B/ANDES/-/N-56101
ANDMAKERS	ANDMAKERS	target.com	HTTPS://WWW.TARGET.COM/B/ANDMAKERS/-/N-Q643LERBCXA
ANDMETICS	ANDMETICS	target.com	HTTPS://WWW.TARGET.COM/B/ANDMETICS/-/N-Q643LEPCJD8
ANDOVERAUDIO	ANDOVERAUDIO	target.com	HTTPS://WWW.TARGET.COM/B/ANDOVER-AUDIO/-/N-Q643LEMBVYT
ANDREWSMCMEEL	ANDREWSMCMEELPUBLISHING	target.com	HTTPS://WWW.TARGET.COM/B/ANDREWS-MCMEEL-PUBLISHING-LLC/-/N-Q643LEVTXU3
ANDREWSMCMEELPUBLISHERS	ANDREWSMCMEELPUBLISHING	target.com	HTTPS://WWW.TARGET.COM/B/ANDREWS-MCMEEL-PUBLISHING-LLC/-/N-Q643LEVTXU3
ANDREWSMCMEELPUBLISHERS	ANDREWSMCMEELPUBLISHING	target.com	HTTPS://WWW.TARGET.COM/B/ANDREWS-MCMEEL-PUBLISHING/-/N-Q643LEP337M
ANDREWSMCMEELPUBLISHING	ANDREWSMCMEELPUBLISHING	target.com	HTTPS://WWW.TARGET.COM/B/ANDREWS-MCMEEL-PUBLISHING/-/N-Q643LEP337M
ANDREWSMCMEELPUBLISHING	ANDREWSMCMEELPUBLISHING	target.com	HTTPS://WWW.TARGET.COM/B/ANDREWS-MCMEEL-PUBLISHING-LLC/-/N-Q643LEVTXU3
ANDUOLA	ANDALOUNATURALS	target.com	HTTPS://WWW.TARGET.COM/B/ANDALOU-NATURALS/-/N-4XO9V
ANDYSTAR	ANDYSTAR	target.com	HTTPS://WWW.TARGET.COM/B/ANDY-STAR/-/N-Q643LEWF2ZU
ANDYSTARV	ANDYSTAR	target.com	HTTPS://WWW.TARGET.COM/B/ANDY-STAR/-/N-Q643LEWF2ZU
ANER	ANKER	target.com	HTTPS://WWW.TARGET.COM/B/ANKER/-/N-VK22U
ANESSA	ANESSA	target.com	HTTPS://WWW.TARGET.COM/B/ANESSA/-/N-Q643LE3OMDU
ANEWDAY	ANEWDAY	target.com	HTTPS://WWW.TARGET.COM/B/A-NEW-DAY/-/N-XRYE7
ANEWDAYBYTARGET	ANEWDAY	target.com	HTTPS://WWW.TARGET.COM/B/A-NEW-DAY/-/N-XRYE7
ANGELCARE	ANGELCARE	target.com	HTTPS://WWW.TARGET.COM/B/ANGELCARE/-/N-Q643LE5JB3M
ANGELDEAR	ANGELDEAR	target.com	HTTPS://WWW.TARGET.COM/B/ANGEL-DEAR/-/N-Q643LEPFAFQ
ANGELFASHIONS	FASHIONANGELS	target.com	HTTPS://WWW.TARGET.COM/B/FASHION-ANGELS/-/N-5QDSP
ANGELICOPRESS	ANGELICOPRESS	target.com	HTTPS://WWW.TARGET.COM/B/ANGELICO-PRESS/-/N-Q643LE5MQYG
ANGELOHOME	ANGELOHOME	target.com	HTTPS://WWW.TARGET.COM/B/ANGELO-HOME/-/N-XQSXE
ANGELOHOMEUSA	ANGELOHOME	target.com	HTTPS://WWW.TARGET.COM/B/ANGELO-HOME/-/N-XQSXE
ANGELSFOREVERYOUNG	ANGELSFOREVERYOUNG	target.com	HTTPS://WWW.TARGET.COM/B/ANGELS-FOREVER-YOUNG/-/N-Q643LEGCB2Z
ANGODER	ANGOSTURA	target.com	HTTPS://WWW.TARGET.COM/B/ANGOSTURA/-/N-HBAYE
ANGOSTURA	ANGOSTURA	target.com	HTTPS://WWW.TARGET.COM/B/ANGOSTURA/-/N-HBAYE
ANGRYBIRDS	ANGRYBIRDS	target.com	HTTPS://WWW.TARGET.COM/B/ANGRY-BIRDS/-/N-56HGQ
ANGRYORANGE	ANGRYORANGE	target.com	HTTPS://WWW.TARGET.COM/B/ANGRY-ORANGE/-/N-Q643LEOVTXG
ANIMALADVENTURE	ANIMALADVENTURE	target.com	HTTPS://WWW.TARGET.COM/B/ANIMAL-ADVENTURE/-/N-5XRH6
ANIMALPLANET	ANIMALPLANET	target.com	HTTPS://WWW.TARGET.COM/B/ANIMAL-PLANET/-/N-FDACG
ANIMEHEROES	ANIMEHEROES	target.com	HTTPS://WWW.TARGET.COM/B/ANIME-HEROES/-/N-Q643LENL6LT
ANIROMOTO	AJINOMOTO	target.com	HTTPS://WWW.TARGET.COM/B/AJINOMOTO/-/N-N9O4O
ANJIAQIANMO	AJINOMOTO	target.com	HTTPS://WWW.TARGET.COM/B/AJINOMOTO/-/N-N9O4O
ANJIMOUNTAIN	ANJIMOUNTAIN	target.com	HTTPS://WWW.TARGET.COM/B/ANJI-MOUNTAIN/-/N-54WNV
ANJOJO	JOJOSIWA	target.com	HTTPS://WWW.TARGET.COM/B/JOJO-SIWA/-/N-6J0Q6
ANKEPOWER	ANKER	target.com	HTTPS://WWW.TARGET.COM/B/ANKER/-/N-VK22U
ANKER	ANKER	target.com	HTTPS://WWW.TARGET.COM/B/ANKER/-/N-VK22U
ANKERPLAY	ANKERPLAY	target.com	HTTPS://WWW.TARGET.COM/B/ANKER-PLAY/-/N-VPGJY
ANKERPLAYPLUS	ANKERPLAY	target.com	HTTPS://WWW.TARGET.COM/B/ANKER-PLAY/-/N-VPGJY
ANKIBER	ANKER	target.com	HTTPS://WWW.TARGET.COM/B/ANKER/-/N-VK22U
ANKITA	ANKITASINHA	target.com	HTTPS://WWW.TARGET.COM/B/ANKITA-SINHA/-/N-Q643LEW4XZC
ANKUER	ANKER	target.com	HTTPS://WWW.TARGET.COM/B/ANKER/-/N-VK22U
ANNAANDSARAH	ANNAANDSARAH	target.com	HTTPS://WWW.TARGET.COM/B/ANNA-AND-SARAH/-/N-Q643LEPOJQN
ANNAEVE	ANNAEVE	target.com	HTTPS://WWW.TARGET.COM/B/ANNA-EVE/-/N-Q643LEOJO4H
ANNCHUNNS	ANNIECHUNS	target.com	HTTPS://WWW.TARGET.COM/B/ANNIE-CHUNS/-/N-4YLG1
ANNEKLEIN	ANNEKLEIN	target.com	HTTPS://WWW.TARGET.COM/B/ANNE-KLEIN/-/N-Q643LED10OC
ANNES	AUNTIEANNES	target.com	HTTPS://WWW.TARGET.COM/B/AUNTIE-ANNE-S/-/N-7C9O7
ANNGR	ANGRYORCHARD	target.com	HTTPS://WWW.TARGET.COM/B/ANGRY-ORCHARD/-/N-85E4I
ANNI	ANNIES	target.com	HTTPS://WWW.TARGET.COM/B/ANNIE-S/-/N-56DVW
ANNIE	ANNIES	target.com	HTTPS://WWW.TARGET.COM/B/ANNIE-S/-/N-56DVW
ANNIECHUNS	ANNIECHUNS	target.com	HTTPS://WWW.TARGET.COM/B/ANNIE-CHUNS/-/N-4YLG1
ANNIECHUNSNOODLEBOWL	ANNIECHUNS	target.com	HTTPS://WWW.TARGET.COM/B/ANNIE-CHUNS/-/N-4YLG1
ANNIECHUS	ANNIES	target.com	HTTPS://WWW.TARGET.COM/B/ANNIE-S/-/N-56DVW
ANNIEINTERNATIONAL	ANNIEINTERNATIONAL	target.com	HTTPS://WWW.TARGET.COM/B/ANNIE-INTERNATIONAL/-/N-NNDBM
ANNIES	ANNIES	target.com	HTTPS://WWW.TARGET.COM/B/ANNIE-S/-/N-56DVW
ANNIESHOMEGROWNS	ANNIES	target.com	HTTPS://WWW.TARGET.COM/B/ANNIE-S/-/N-56DVW
ANNIS	ANNIES	target.com	HTTPS://WWW.TARGET.COM/B/ANNIE-S/-/N-56DVW
ANNISHOMEGROWN	ANNIES	target.com	HTTPS://WWW.TARGET.COM/B/ANNIE-S/-/N-56DVW
ANNY	ANNIES	target.com	HTTPS://WWW.TARGET.COM/B/ANNIE-S/-/N-56DVW
ANOER	ANKER	target.com	HTTPS://WWW.TARGET.COM/B/ANKER/-/N-VK22U
ANOVA	ANOVACULINARY	target.com	HTTPS://WWW.TARGET.COM/B/ANOVA-CULINARY/-/N-4UXLZ
ANOVACULINARY	ANOVACULINARY	target.com	HTTPS://WWW.TARGET.COM/B/ANOVA-CULINARY/-/N-4UXLZ
ANOVOS	ANOVOSPRODUCTIONS	target.com	HTTPS://WWW.TARGET.COM/B/ANOVOS-PRODUCTIONS/-/N-YTCKX
ANPABO	ANPABO	target.com	HTTPS://WWW.TARGET.COM/B/ANPABO/-/N-Q643LE4MOF1
ANRITUO	NARUTO	target.com	HTTPS://WWW.TARGET.COM/B/NARUTO/-/N-YSTXL
ANSVENT	PHILIPSAVENT	target.com	HTTPS://WWW.TARGET.COM/B/PHILIPS-AVENT/-/N-Q643LEM8DUY
ANTIMONKEYBUTT	ANTIMONKEYBUTT	target.com	HTTPS://WWW.TARGET.COM/B/ANTI-MONKEY-BUTT/-/N-Q643LEEHFP
ANTRANGO	ARTENGO	target.com	HTTPS://WWW.TARGET.COM/B/ARTENGO/-/N-Q643LENVWEA
ANTSYLABS	ANTSYLABS	target.com	HTTPS://WWW.TARGET.COM/B/ANTSY-LABS/-/N-KYX1X
ANTSYPANTS	ANTSYPANTS	target.com	HTTPS://WWW.TARGET.COM/B/ANTSY-PANTS/-/N-KU9F6
ANUKER	ANKER	target.com	HTTPS://WWW.TARGET.COM/B/ANKER/-/N-VK22U
ANVAKER	ANKER	target.com	HTTPS://WWW.TARGET.COM/B/ANKER/-/N-VK22U
ANW	AW	target.com	HTTPS://WWW.TARGET.COM/B/A-W/-/N-5QFSX
ANYAIR	ANYAIR	target.com	HTTPS://WWW.TARGET.COM/B/ANYAIR/-/N-Q643LEBC3DQ
ANYWEATHER	ANYWEATHER	target.com	HTTPS://WWW.TARGET.COM/B/ANYWEATHER/-/N-Q643LEX7RW8
ANZITINLAN	ANACIN	target.com	HTTPS://WWW.TARGET.COM/B/ANACIN/-/N-Q643LEZ0Z3E
AOBABO	AOBABO	target.com	HTTPS://WWW.TARGET.COM/B/AOBABO/-/N-Q643LECQB5Y
AOBENA	ABENA	target.com	HTTPS://WWW.TARGET.COM/B/ABENA/-/N-Q643LEWV4IF
AOBISI	AOBOSI	target.com	HTTPS://WWW.TARGET.COM/B/AOBOSI/-/N-Q643LEKS53X
AOBOPLE	APPLE	target.com	HTTPS://WWW.TARGET.COM/B/APPLE/-/N-5Y3EJ
AOBOSI	AOBOSI	target.com	HTTPS://WWW.TARGET.COM/B/AOBOSI/-/N-Q643LEKS53X
AOIBOX	AOIBOX	target.com	HTTPS://WWW.TARGET.COM/B/AOIBOX/-/N-Q643LENBVKM
AOLOHOMY	EUHOMY	target.com	HTTPS://WWW.TARGET.COM/B/EUHOMY/-/N-Q643LEVW6R4
AOOBOX	AOIBOX	target.com	HTTPS://WWW.TARGET.COM/B/AOIBOX/-/N-Q643LENBVKM
AOODOR	AOODOR	target.com	HTTPS://WWW.TARGET.COM/B/AOODOR/-/N-Q643LEG5RJQ
AORDOR	ARDOR	target.com	HTTPS://WWW.TARGET.COM/B/ARDOR/-/N-Q643LEBIUBV
AORIXIN	ORIGINS	target.com	HTTPS://WWW.TARGET.COM/B/ORIGINS/-/N-Q643LEBT07G
AOTEKAR	DROETKER	target.com	HTTPS://WWW.TARGET.COM/B/DR-OETKER/-/N-VHT0T
AOTELIDA	ATHLETA	target.com	HTTPS://WWW.TARGET.COM/B/ATHLETA/-/N-Q643LEV0M6Z
AOURCENATURALS	SOURCENATURALS	target.com	HTTPS://WWW.TARGET.COM/B/SOURCE-NATURALS/-/N-Q643LEG9157
AOXO	OXO	target.com	HTTPS://WWW.TARGET.COM/B/OXO/-/N-5Y5D1
APACHEMILLS	APACHEMILLS	target.com	HTTPS://WWW.TARGET.COM/B/APACHE-MILLS/-/N-BFW4W
APECASE	APECASE	target.com	HTTPS://WWW.TARGET.COM/B/APE-CASE/-/N-G9EVQ
APECWATER	APECWATERSYSTEMS	target.com	HTTPS://WWW.TARGET.COM/B/APEC-WATER-SYSTEMS/-/N-Q643LEWF07V
APECWATERSYSTEM	APECWATERSYSTEMS	target.com	HTTPS://WWW.TARGET.COM/B/APEC-WATER-SYSTEMS/-/N-Q643LEWF07V
APECWATERSYSTEMS	APECWATERSYSTEMS	target.com	HTTPS://WWW.TARGET.COM/B/APEC-WATER-SYSTEMS/-/N-Q643LEWF07V
APEPAL	APPLE	target.com	HTTPS://WWW.TARGET.COM/B/APPLE/-/N-5Y3EJ
APETPUP	PETALANDPUP	target.com	HTTPS://WWW.TARGET.COM/B/PETAL-AND-PUP/-/N-Q643LEUXEWG
APEXTESTPREP	APEXTESTPREP	target.com	HTTPS://WWW.TARGET.COM/B/APEX-TEST-PREP/-/N-Q643LES8RPT
APEXTESTPREP	APEXTESTPREP	target.com	HTTPS://WWW.TARGET.COM/B/APEX-TEST-PREP/-/N-Q643LES8RPT?NAO=24
APHMAU	APHMAU	target.com	HTTPS://WWW.TARGET.COM/B/APHMAU/-/N-Q643LEYEHR3
APIELE	APPLE	target.com	HTTPS://WWW.TARGET.COM/B/APPLE/-/N-5Y3EJ
APLRIC	APPLE	target.com	HTTPS://WWW.TARGET.COM/B/APPLE/-/N-5Y3EJ
APOSTROPHEGAMES	APOSTROPHEGAMES	target.com	HTTPS://WWW.TARGET.COM/B/APOSTROPHE-GAMES/-/N-Q643LECNRA4
APOTHECARY	APOTHECARY	target.com	HTTPS://WWW.TARGET.COM/B/APOTHECARY/-/N-Q643LERBEKB
APOTHECARYPRODUCTS	APOTHECARY	target.com	HTTPS://WWW.TARGET.COM/B/APOTHECARY/-/N-Q643LERBEKB
APPECK	APPLE	target.com	HTTPS://WWW.TARGET.COM/B/APPLE/-/N-5Y3EJ
APPETITEBYRANDOMHOUSE	APPETITEBYRANDOMHOUSE	target.com	HTTPS://WWW.TARGET.COM/B/APPETITE-BY-RANDOM-HOUSE/-/N-Q643LE3TIDG
APPETITEBYRANDOMHOUSE	APPETITEBYRANDOMHOUSE	target.com	HTTPS://WWW.TARGET.COM/B/APPETITE-BY-RANDOM-HOUSE/-/N-Q643LE3TIDG?NAO=24
APPLE	APPLE	target.com	HTTPS://WWW.TARGET.COM/B/APPLE/-/N-5Y3EJ
APPLEBRAND	APPLE	target.com	HTTPS://WWW.TARGET.COM/B/APPLE/-/N-5Y3EJ
APPLEEVE	APPLEEVE	target.com	HTTPS://WWW.TARGET.COM/B/APPLE-EVE/-/N-JIFO8
APPLIEDNUTRITION	APPLIEDNUTRITION	target.com	HTTPS://WWW.TARGET.COM/B/APPLIED-NUTRITION/-/N-5T7XT
APPLUS	APPLE	target.com	HTTPS://WWW.TARGET.COM/B/APPLE/-/N-5Y3EJ
APPLYLEE	APPLE	target.com	HTTPS://WWW.TARGET.COM/B/APPLE/-/N-5Y3EJ
APPO	APPLE	target.com	HTTPS://WWW.TARGET.COM/B/APPLE/-/N-5Y3EJ
APRILOLIVE	OLIVEJUNE	target.com	HTTPS://WWW.TARGET.COM/B/OLIVE-JUNE/-/N-UUA5Y
APRILSOUL	APRILSOUL	target.com	HTTPS://WWW.TARGET.COM/B/APRILSOUL/-/N-Q643LE3HER7
APSMILE	APSMILE	target.com	HTTPS://WWW.TARGET.COM/B/APSMILE/-/N-Q643LESV278
APTATIONS	APTATIONS	target.com	HTTPS://WWW.TARGET.COM/B/APTATIONS/-/N-567WB
AQUABEADS	AQUABEADS	target.com	HTTPS://WWW.TARGET.COM/B/AQUABEADS/-/N-14UHB
AQUADANCE	AQUADANCE	target.com	HTTPS://WWW.TARGET.COM/B/AQUADANCE/-/N-Q643LE1V1NX
AQUADANCEAQUADANCE	AQUADANCE	target.com	HTTPS://WWW.TARGET.COM/B/AQUADANCE/-/N-Q643LE1V1NX
AQUAEVA	AQUAVELVA	target.com	HTTPS://WWW.TARGET.COM/B/AQUA-VELVA/-/N-O8PNA
AQUAFRESH	AQUAFRESH	target.com	HTTPS://WWW.TARGET.COM/B/AQUAFRESH/-/N-5T7X6
AQUAGENIX	AQUAGENIX	target.com	HTTPS://WWW.TARGET.COM/B/AQUAGENIX/-/N-9K2V9
AQUAJOE	AQUAJOE	target.com	HTTPS://WWW.TARGET.COM/B/AQUA-JOE/-/N-7HK09
AQUAKIN	SKINAQUA	target.com	HTTPS://WWW.TARGET.COM/B/SKIN-AQUA/-/N-Q643LEBIZIN
AQUALEISURE	AQUALEISURE	target.com	HTTPS://WWW.TARGET.COM/B/AQUA-LEISURE/-/N-4YMQF
AQUALEISUREIND	AQUALEISURE	target.com	HTTPS://WWW.TARGET.COM/B/AQUA-LEISURE/-/N-4YMQF
AQUALEISUREINDUSTRIES	AQUALEISURE	target.com	HTTPS://WWW.TARGET.COM/B/AQUA-LEISURE/-/N-4YMQF
AQUALILY	AQUALILYPAD	target.com	HTTPS://WWW.TARGET.COM/B/AQUA-LILY-PAD/-/N-8D5SH
AQUALILYPAD	AQUALILYPAD	target.com	HTTPS://WWW.TARGET.COM/B/AQUA-LILY-PAD/-/N-8D5SH
AQUAMARINA	AQUAMARINA	target.com	HTTPS://WWW.TARGET.COM/B/AQUA-MARINA/-/N-A4KS5
AQUAPAW	AQUAPAW	target.com	HTTPS://WWW.TARGET.COM/B/AQUAPAW/-/N-Q643LEM0ZFJ
AQUAPHERE	AQUAPHOR	target.com	HTTPS://WWW.TARGET.COM/B/AQUAPHOR/-/N-5FW02
AQUAPHOR	AQUAPHOR	target.com	HTTPS://WWW.TARGET.COM/B/AQUAPHOR/-/N-5FW02
AQUAPLAY	AQUAPLAY	target.com	HTTPS://WWW.TARGET.COM/B/AQUAPLAY/-/N-9231C
AQUAPOD	AQUAPOD	target.com	HTTPS://WWW.TARGET.COM/B/AQUAPOD/-/N-Q643LEQ1TEP
AQUASONIC	AQUASONIC	target.com	HTTPS://WWW.TARGET.COM/B/AQUASONIC/-/N-Q643LEFVEIZ
AQUAVELVA	AQUAVELVA	target.com	HTTPS://WWW.TARGET.COM/B/AQUA-VELVA/-/N-O8PNA
AQUAXIND	AQUASONIC	target.com	HTTPS://WWW.TARGET.COM/B/AQUASONIC/-/N-Q643LEFVEIZ
ARBLUECLEAN	ARBLUECLEAN	target.com	HTTPS://WWW.TARGET.COM/B/AR-BLUE-CLEAN/-/N-2TQ2L
ARBOLVERDE	ARBOLVERDE	target.com	HTTPS://WWW.TARGET.COM/B/ARBOL-VERDE/-/N-Q643LE27OA4
ARCADE1UP	ARCADE1UP	target.com	HTTPS://WWW.TARGET.COM/B/ARCADE1UP/-/N-ZGNSR
ARCADIAPUBLISHING	ARCADIAPUBLISHING	target.com	HTTPS://WWW.TARGET.COM/B/ARCADIA-PUBLISHING/-/N-BA752
ARCANETINMAN	ARCANETINMEN	target.com	HTTPS://WWW.TARGET.COM/B/ARCANE-TINMEN/-/N-HETY8
ARCHAEO	ARCHAEO	target.com	HTTPS://WWW.TARGET.COM/B/ARCHAEO/-/N-WQRAB
ARCHERFARMS	ARCHERFARMS	target.com	HTTPS://WWW.TARGET.COM/B/ARCHER-FARMS/-/N-89AS3
ARCHITEC	ARCHITEC	target.com	HTTPS://WWW.TARGET.COM/B/ARCHITEC/-/N-5UX9Y
ARCTICSLEEP	ARCTICSLEEP	target.com	HTTPS://WWW.TARGET.COM/B/ARCTIC-SLEEP/-/N-Q643LEF1AYI
ARCTICZONE	ARCTICZONE	target.com	HTTPS://WWW.TARGET.COM/B/ARCTIC-ZONE/-/N-KZNNE
ARCTIX	ARCTIX	target.com	HTTPS://WWW.TARGET.COM/B/ARCTIX/-/N-Q643LEMNHQ5
ARDELL	ARDELL	target.com	HTTPS://WWW.TARGET.COM/B/ARDELL/-/N-5XVNO
ARDENCOLLECTION	ARDEN	target.com	HTTPS://WWW.TARGET.COM/B/ARDEN/-/N-SD93D
ARDENSELECTIONS	ARDENSELECTIONS	target.com	HTTPS://WWW.TARGET.COM/B/ARDEN-SELECTIONS/-/N-Q643LEG0SKR
ARDOR	ARDOR	target.com	HTTPS://WWW.TARGET.COM/B/ARDOR/-/N-Q643LEBIUBV
ARDORFUN	ARDOR	target.com	HTTPS://WWW.TARGET.COM/B/ARDOR/-/N-Q643LEBIUBV
ARDORHOME	ARDOR	target.com	HTTPS://WWW.TARGET.COM/B/ARDOR/-/N-Q643LEBIUBV
ARDORTOP	ARDOR	target.com	HTTPS://WWW.TARGET.COM/B/ARDOR/-/N-Q643LEBIUBV
ARDORY	ARDOR	target.com	HTTPS://WWW.TARGET.COM/B/ARDOR/-/N-Q643LEBIUBV
AREBORN	AIRBORNE	target.com	HTTPS://WWW.TARGET.COM/B/AIRBORNE/-/N-5PR3Z
AREYOUGAME	AREYOUGAMECOM	target.com	HTTPS://WWW.TARGET.COM/B/AREYOUGAME-COM/-/N-Q643LEHQIW4
ARIAAIRFRYERS	ARIAAIRFRYERS	target.com	HTTPS://WWW.TARGET.COM/B/ARIA-AIR-FRYERS/-/N-Q643LEFQS7V
ARIEL	ARIELLAUNDRYDETERGENT	target.com	HTTPS://WWW.TARGET.COM/B/ARIEL-LAUNDRY-DETERGENT/-/N-C3HS4
ARIELLAUNDRYDETERGENT	ARIELLAUNDRYDETERGENT	target.com	HTTPS://WWW.TARGET.COM/B/ARIEL-LAUNDRY-DETERGENT/-/N-C3HS4
ARIMINO	ARIMINO	target.com	HTTPS://WWW.TARGET.COM/B/ARIMINO/-/N-Q643LEDIDB8
ARKWRIGHTHOME	ARKWRIGHTHOME	target.com	HTTPS://WWW.TARGET.COM/B/ARKWRIGHT-HOME/-/N-Q643LE20FW0
ARLEE	ARLEEHOMEPET	target.com	HTTPS://WWW.TARGET.COM/B/ARLEE-HOME-PET/-/N-Q643LEDEHQL
ARMAMPHAMMER	ARMHAMMER	target.com	HTTPS://WWW.TARGET.COM/B/ARM-HAMMER/-/N-5XGR2
ARMANLIVING	ARMENLIVING	target.com	HTTPS://WWW.TARGET.COM/B/ARMEN-LIVING/-/N-54ZSK
ARMARKAT	ARMARKAT	target.com	HTTPS://WWW.TARGET.COM/B/ARMARKAT/-/N-Q643LEMO021
ARMARKATPETPRODUCTS	ARMARKAT	target.com	HTTPS://WWW.TARGET.COM/B/ARMARKAT/-/N-Q643LEMO021
ARMEN	ARMENLIVING	target.com	HTTPS://WWW.TARGET.COM/B/ARMEN-LIVING/-/N-54ZSK
ARMENARTFURNITURE	ARMENLIVING	target.com	HTTPS://WWW.TARGET.COM/B/ARMEN-LIVING/-/N-54ZSK
ARMENLIVING	ARMENLIVING	target.com	HTTPS://WWW.TARGET.COM/B/ARMEN-LIVING/-/N-54ZSK
ARMENLIVINGFURNITURE	ARMENLIVING	target.com	HTTPS://WWW.TARGET.COM/B/ARMEN-LIVING/-/N-54ZSK
ARMENLIVNG	ARMENLIVING	target.com	HTTPS://WWW.TARGET.COM/B/ARMEN-LIVING/-/N-54ZSK
ARMHAMMERARMCW	ARMHAMMER	target.com	HTTPS://WWW.TARGET.COM/B/ARM-HAMMER/-/N-5XGR2
ARMHAMMERFRESHNSOFT	ARMHAMMER	target.com	HTTPS://WWW.TARGET.COM/B/ARM-HAMMER/-/N-5XGR2
ARMHAMMERSUAVITEL	ARMHAMMER	target.com	HTTPS://WWW.TARGET.COM/B/ARM-HAMMER/-/N-5XGR2
ARMOR3	ARMOR3	target.com	HTTPS://WWW.TARGET.COM/B/ARMOR-3/-/N-Q643LE7WLEQ
ARMORALL	ARMORALL	target.com	HTTPS://WWW.TARGET.COM/B/ARMOR-ALL/-/N-5E7OQ
ARMRA	ARMRA	target.com	HTTPS://WWW.TARGET.COM/B/ARMRA/-/N-Q643LENCOHE
AROMA360	AROMA360	target.com	HTTPS://WWW.TARGET.COM/B/AROMA360/-/N-Q643LE783UA
ARPHA	ARPHA	target.com	HTTPS://WWW.TARGET.COM/B/ARPHA/-/N-Q643LETFB9J
ARROWHEADMILLS	ARROWHEADMILLS	target.com	HTTPS://WWW.TARGET.COM/B/ARROWHEAD-MILLS/-/N-Q643LE7PHP7
ARROWHEADOUTDOOR	ARROWHEADOUTDOOR	target.com	HTTPS://WWW.TARGET.COM/B/ARROWHEAD-OUTDOOR/-/N-Q643LEX22O8
ARROWORTHY	ARROWORTHY	target.com	HTTPS://WWW.TARGET.COM/B/ARROWORTHY/-/N-Q643LESPQDY
ART101	ART101	target.com	HTTPS://WWW.TARGET.COM/B/ART-101/-/N-54XRS
ARTCLAS	ARTCLASS	target.com	HTTPS://WWW.TARGET.COM/B/ART-CLASS/-/N-HOLUI
ARTCLASS	ARTCLASS	target.com	HTTPS://WWW.TARGET.COM/B/ART-CLASS/-/N-HOLUI
ARTCREATIVITY	ARTCREATIVITY	target.com	HTTPS://WWW.TARGET.COM/B/ARTCREATIVITY/-/N-Q643LEH7S4W
ARTENKRAFT	ARTKRAFT	target.com	HTTPS://WWW.TARGET.COM/B/ARTKRAFT/-/N-C3RVF
ARTFULLIVINGDESIGN	ARTFULLIVINGDESIGN	target.com	HTTPS://WWW.TARGET.COM/B/ARTFUL-LIVING-DESIGN/-/N-Q643LEJ36CU
ARTHURALEVINEBOOKS	ARTHURALEVINEBOOKS	target.com	HTTPS://WWW.TARGET.COM/B/ARTHUR-A-LEVINE-BOOKS/-/N-Q643LEH6CE4
ARTICZONE	ARCTICZONE	target.com	HTTPS://WWW.TARGET.COM/B/ARCTIC-ZONE/-/N-KZNNE
ARTISANA	ARTISANA	target.com	HTTPS://WWW.TARGET.COM/B/ARTISANA/-/N-Q643LEXBMZH
ARTISANTROPIC	ARTISANTROPIC	target.com	HTTPS://WWW.TARGET.COM/B/ARTISAN-TROPIC/-/N-Q643LER9KV
ARTISTICWEAVERS	ARTISTICWEAVERS	target.com	HTTPS://WWW.TARGET.COM/B/ARTISTIC-WEAVERS/-/N-Q643LEJ04KR
ARTKRAFT	ARTKRAFT	target.com	HTTPS://WWW.TARGET.COM/B/ARTKRAFT/-/N-C3RVF
ARTLOGE	ARTLOGE	target.com	HTTPS://WWW.TARGET.COM/B/ARTLOGE/-/N-Q643LEDE4SR
ARTNATURALS	ARTNATURALS	target.com	HTTPS://WWW.TARGET.COM/B/ARTNATURALS/-/N-A6LM7
ARTOFLIVINGDESIGNS	ARTOFLIVINGDESIGNS	target.com	HTTPS://WWW.TARGET.COM/B/ART-OF-LIVING-DESIGNS/-/N-Q643LE6PLDD
ARTOFLIVINGDESIGNS	ARTOFLIVINGDESIGNS	target.com	HTTPS://WWW.TARGET.COM/B/ART-OF-LIVING-DESIGNS/-/N-Q643LEK4N0M
ARTSEA	ARTSEA	target.com	HTTPS://WWW.TARGET.COM/B/ARTSEA/-/N-Q643LEXC51P
ARTSKILLS	ARTSKILLS	target.com	HTTPS://WWW.TARGET.COM/B/ARTSKILLS/-/N-DKTUH
ARTSOUND	ARTSOUND	target.com	HTTPS://WWW.TARGET.COM/B/ART-SOUND/-/N-Q643LENL7BP
ARTTOFRAME	ARTTOFRAMES	target.com	HTTPS://WWW.TARGET.COM/B/ARTTOFRAMES/-/N-Q643LEKE9TK
ARUNDALE	ARUNDALE	target.com	HTTPS://WWW.TARGET.COM/B/ARUNDALE/-/N-Q643LE2RLG8
ARVINOLANO	ARVINOLANO	target.com	HTTPS://WWW.TARGET.COM/B/ARVIN-OLANO/-/N-Q643LED6LH8
ASCENDAERONAUTICS	ASCENDAERONAUTICS	target.com	HTTPS://WWW.TARGET.COM/B/ASCEND-AERONAUTICS/-/N-Q643LEI0MNA
ASCENTIX	ASCENTIX	target.com	HTTPS://WWW.TARGET.COM/B/ASCENTIX/-/N-Q643LEHGIDK
ASELINE	VASELINE	target.com	HTTPS://WWW.TARGET.COM/B/VASELINE/-/N-5Q3QW
ASHAFOODSUSA	ASHAFOODSUSA	target.com	HTTPS://WWW.TARGET.COM/B/A-SHA-FOODS-USA/-/N-Q643LE2J61D
ASHAPOPS	ASHAPOPS	target.com	HTTPS://WWW.TARGET.COM/B/ASHAPOPS/-/N-Q643LEGPA0N
ASHFORDBROOKS	ASHFORDBROOKS	target.com	HTTPS://WWW.TARGET.COM/B/ASHFORD-BROOKS/-/N-Q643LEH73LG
ASHLEYHEARTH	ASHLEYHEARTHPRODUCTS	target.com	HTTPS://WWW.TARGET.COM/B/ASHLEY-HEARTH-PRODUCTS/-/N-Q643LENT97B
ASHLEYHEARTHPRODUCTS	ASHLEYHEARTHPRODUCTS	target.com	HTTPS://WWW.TARGET.COM/B/ASHLEY-HEARTH-PRODUCTS/-/N-Q643LENT97B
ASHLEYPRODUCTIONS	ASHLEYPRODUCTIONS	target.com	HTTPS://WWW.TARGET.COM/B/ASHLEY-PRODUCTIONS-INC/-/N-GZ06M
ASHLWYHEARTH	ASHLEYHEARTHPRODUCTS	target.com	HTTPS://WWW.TARGET.COM/B/ASHLEY-HEARTH-PRODUCTS/-/N-Q643LENT97B
ASIADIRECT	ASIADIRECT	target.com	HTTPS://WWW.TARGET.COM/B/ASIA-DIRECT/-/N-Q643LEVHLL2
ASIADIRECTHOME	ASIADIRECT	target.com	HTTPS://WWW.TARGET.COM/B/ASIA-DIRECT/-/N-Q643LEVHLL2
ASMADIGAMES	ASMADIGAMES	target.com	HTTPS://WWW.TARGET.COM/B/ASMADI-GAMES/-/N-P4400
ASMOCHEF	AMZCHEF	target.com	HTTPS://WWW.TARGET.COM/B/AMZCHEF/-/N-Q643LE6FA8U
ASPENMEDICALPRODUCTS	ASPENMEDICALPRODUCTS	target.com	HTTPS://WWW.TARGET.COM/B/ASPEN-MEDICAL-PRODUCTS/-/N-Q643LEXPBE
ASPENPET	ASPENPET	target.com	HTTPS://WWW.TARGET.COM/B/ASPEN-PET/-/N-4YJ5S
ASPERCREME	ASPERCREME	target.com	HTTPS://WWW.TARGET.COM/B/ASPERCREME/-/N-5O5TX
ASPIREGOLF	ASPIREGOLF	target.com	HTTPS://WWW.TARGET.COM/B/ASPIRE-GOLF/-/N-Q643LEI3SXV
ASSEENONTV	ASSEENONTV	target.com	HTTPS://WWW.TARGET.COM/B/AS-SEEN-ON-TV/-/N-5Y14I
ASSETSBYSPANX	ASSETSBYSPANX	target.com	HTTPS://WWW.TARGET.COM/B/ASSETS-BY-SPANX/-/N-Q643LEM7F2I
ASSORTEDWRIGLEY	WRIGLEYS	target.com	HTTPS://WWW.TARGET.COM/B/WRIGLEY-S/-/N-830ON
ASTELLA	ASTELLA	target.com	HTTPS://WWW.TARGET.COM/B/ASTELLA/-/N-4XWRQ
ASTORCHOCOLATE	ASTORCHOCOLATE	target.com	HTTPS://WWW.TARGET.COM/B/ASTOR-CHOCOLATE/-/N-Q643LEV7UPJ
ASTROAI	ASTROAI	target.com	HTTPS://WWW.TARGET.COM/B/ASTROAI/-/N-Q643LEZ0WAZ
ASTROAIASTROAI	ASTROAI	target.com	HTTPS://WWW.TARGET.COM/B/ASTROAI/-/N-Q643LEZ0WAZ
ASTRODESIGNS	ASTRODESIGNS	target.com	HTTPS://WWW.TARGET.COM/B/ASTRODESIGNS/-/N-Q643LE6KRH0
ASTROGLIDE	ASTROGLIDE	target.com	HTTPS://WWW.TARGET.COM/B/ASTROGLIDE/-/N-55V72
ASTROPNEUMATICTOOL	ASTROPNEUMATICTOOLCOMPANY	target.com	HTTPS://WWW.TARGET.COM/B/ASTRO-PNEUMATIC-TOOL-COMPANY/-/N-Q643LEL9T8S
ASTROPNEUMATICTOOLCO	ASTROPNEUMATICTOOLCOMPANY	target.com	HTTPS://WWW.TARGET.COM/B/ASTRO-PNEUMATIC-TOOL-COMPANY/-/N-Q643LEL9T8S
ASTROPNEUMATICTOOLCOMPANY	ASTROPNEUMATICTOOLCOMPANY	target.com	HTTPS://WWW.TARGET.COM/B/ASTRO-PNEUMATIC-TOOL-COMPANY/-/N-Q643LEL9T8S
ASUTRA	ASUTRA	target.com	HTTPS://WWW.TARGET.COM/B/ASUTRA/-/N-Q643LEIU4UR
ATAGLANCE	ATAGLANCE	target.com	HTTPS://WWW.TARGET.COM/B/AT-A-GLANCE/-/N-4TGKF
ATCATJACK	CATJACK	target.com	HTTPS://WWW.TARGET.COM/B/CAT-JACK/-/N-QQQGM
ATEBOON	BOON	target.com	HTTPS://WWW.TARGET.COM/B/BOON/-/N-5Y55J
ATECY	ETHIQUE	target.com	HTTPS://WWW.TARGET.COM/B/ETHIQUE/-/N-5VUBH
ATEMPOPERCUSSION	ATEMPOPERCUSSION	target.com	HTTPS://WWW.TARGET.COM/B/A-TEMPO-PERCUSSION/-/N-Q643LEXUYOU
ATETION	ATTITUDE	target.com	HTTPS://WWW.TARGET.COM/B/ATTITUDE/-/N-Q643LEZFYKA
ATHENA	ATHENACLUB	target.com	HTTPS://WWW.TARGET.COM/B/ATHENA-CLUB/-/N-Q643LE15D7Y
ATHENACLUB	ATHENACLUB	target.com	HTTPS://WWW.TARGET.COM/B/ATHENA-CLUB/-/N-Q643LE15D7Y
ATHENALYU	ATHENACLUB	target.com	HTTPS://WWW.TARGET.COM/B/ATHENA-CLUB/-/N-Q643LE15D7Y
ATHENEUMBOOKSFORYOUNGREADERS	ATHENEUMBOOKSFORYOUNGREADERS	target.com	HTTPS://WWW.TARGET.COM/B/ATHENEUM-BOOKS-FOR-YOUNG-READERS/-/N-Q643LESRK0D
ATHLETA	ATHLETA	target.com	HTTPS://WWW.TARGET.COM/B/ATHLETA/-/N-Q643LEV0M6Z
ATHLON	ATHLONOPTICS	target.com	HTTPS://WWW.TARGET.COM/B/ATHLON-OPTICS/-/N-3ZXU5
ATHWANA	ATHENACLUB	target.com	HTTPS://WWW.TARGET.COM/B/ATHENA-CLUB/-/N-Q643LE15D7Y
ATILCK	ALTECLANSING	target.com	HTTPS://WWW.TARGET.COM/B/ALTEC-LANSING/-/N-5XMO6
ATKINS	ATKINS	target.com	HTTPS://WWW.TARGET.COM/B/ATKINS/-/N-5EM19
ATKINSNUTRITIONALS	ATKINS	target.com	HTTPS://WWW.TARGET.COM/B/ATKINS/-/N-5EM19
ATKINSSNACKLIGHT	ATKINS	target.com	HTTPS://WWW.TARGET.COM/B/ATKINS/-/N-5EM19
ATLANTICMONTHLYPRESS	ATLANTICMONTHLYPRESS	target.com	HTTPS://WWW.TARGET.COM/B/ATLANTIC-MONTHLY-PRESS/-/N-Q643LESMJNV
ATOECHIE	ETHIQUE	target.com	HTTPS://WWW.TARGET.COM/B/ETHIQUE/-/N-5VUBH
ATOPAL	ATOPALM	target.com	HTTPS://WWW.TARGET.COM/B/ATOPALM/-/N-Q643LENPSQ3
ATRIABOOKS	ATRIABOOKS	target.com	HTTPS://WWW.TARGET.COM/B/ATRIA-BOOKS/-/N-Q643LE8LVSI
ATRIX	ATRIX	target.com	HTTPS://WWW.TARGET.COM/B/ATRIX/-/N-Q643LEFUVRN
ATRIXINTERNATIONALINCMS	ATRIX	target.com	HTTPS://WWW.TARGET.COM/B/ATRIX/-/N-Q643LEFUVRN
ATRULYSOFT	TRULYSOFT	target.com	HTTPS://WWW.TARGET.COM/B/TRULY-SOFT/-/N-LZIKU
ATSHARK	SHARK	target.com	HTTPS://WWW.TARGET.COM/B/SHARK/-/N-5VHVL
ATTATOY	ATTATOY	target.com	HTTPS://WWW.TARGET.COM/B/ATTATOY/-/N-Q643LERPSGK
ATTENDS	ATTENDS	target.com	HTTPS://WWW.TARGET.COM/B/ATTENDS/-/N-Q643LEI966K
ATTHEBUZZER	ATTHEBUZZER	target.com	HTTPS://WWW.TARGET.COM/B/AT-THE-BUZZER/-/N-Q643LEKT9O1
ATTITUDE	ATTITUDE	target.com	HTTPS://WWW.TARGET.COM/B/ATTITUDE/-/N-Q643LEZFYKA
ATTNDS	ATTENDS	target.com	HTTPS://WWW.TARGET.COM/B/ATTENDS/-/N-Q643LEI966K
ATTNGRACE	ATTNGRACE	target.com	HTTPS://WWW.TARGET.COM/B/ATTN-GRACE/-/N-Q643LEA2PDA
ATTRACO	ATTRACO	target.com	HTTPS://WWW.TARGET.COM/B/ATTRACO/-/N-Q643LE5M23J
ATTREX	AETREX	target.com	HTTPS://WWW.TARGET.COM/B/AETREX/-/N-Q643LE8G4YG
ATUHOLA	ATHLETA	target.com	HTTPS://WWW.TARGET.COM/B/ATHLETA/-/N-Q643LEV0M6Z
ATYSKEN	ATKINS	target.com	HTTPS://WWW.TARGET.COM/B/ATKINS/-/N-5EM19
AUCARE	ACURE	target.com	HTTPS://WWW.TARGET.COM/B/ACURE/-/N-4YNZT
AUDEN	AUDEN	target.com	HTTPS://WWW.TARGET.COM/B/AUDEN/-/N-MG0O7
AUDEZE	AUDEZE	target.com	HTTPS://WWW.TARGET.COM/B/AUDEZE/-/N-LU5EQ
AUDIOENGINE	AUDIOENGINE	target.com	HTTPS://WWW.TARGET.COM/B/AUDIOENGINE/-/N-WSO8C
AUDIOTECH	AUDIOTECHNICA	target.com	HTTPS://WWW.TARGET.COM/B/AUDIO-TECHNICA/-/N-5Y1B3
AUDIOTECHNICA	AUDIOTECHNICA	target.com	HTTPS://WWW.TARGET.COM/B/AUDIO-TECHNICA/-/N-5Y1B3
AUDIOTECHNICAUS	AUDIOTECHNICA	target.com	HTTPS://WWW.TARGET.COM/B/AUDIO-TECHNICA/-/N-5Y1B3
AUDIOVOX	AUDIOVOX	target.com	HTTPS://WWW.TARGET.COM/B/AUDIOVOX/-/N-HVBX
AUGASONFARMS	AUGASONFARMS	target.com	HTTPS://WWW.TARGET.COM/B/AUGASON-FARMS/-/N-4YKWJ
AUGSBURGFORTRESSPUBLISHING	AUGSBURGFORTRESSPUBLISHING	target.com	HTTPS://WWW.TARGET.COM/B/AUGSBURG-FORTRESS-PUBLISHING/-/N-Q643LEZXGU5
AUGUSON	AUGASONFARMS	target.com	HTTPS://WWW.TARGET.COM/B/AUGASON-FARMS/-/N-4YKWJ
AUGUST	ITSAUGUST	target.com	HTTPS://WWW.TARGET.COM/B/ITS-AUGUST/-/N-Q643LEHL0ZR
AUGUSTMOND	ITSAUGUST	target.com	HTTPS://WWW.TARGET.COM/B/ITS-AUGUST/-/N-Q643LEHL0ZR
AUIAU	OUAI	target.com	HTTPS://WWW.TARGET.COM/B/OUAI/-/N-Q643LEZFQ65
AUKFA	AUKFA	target.com	HTTPS://WWW.TARGET.COM/B/AUKFA/-/N-Q643LERZGZ3
AUKORA	AURORA	target.com	HTTPS://WWW.TARGET.COM/B/AURORA/-/N-9P9FU
AULDHOMEDESIGN	AULDHOMEDESIGN	target.com	HTTPS://WWW.TARGET.COM/B/AULDHOME-DESIGN/-/N-Q643LE70FP5
AUNROAA	AURORA	target.com	HTTPS://WWW.TARGET.COM/B/AURORA/-/N-9P9FU
AUNTFANNIES	AUNTFANNIES	target.com	HTTPS://WWW.TARGET.COM/B/AUNT-FANNIE-S/-/N-9PV23
AUNTFANNIS	AUNTFANNIES	target.com	HTTPS://WWW.TARGET.COM/B/AUNT-FANNIE-S/-/N-9PV23
AUNTJACKIE	AUNTJACKIES	target.com	HTTPS://WWW.TARGET.COM/B/AUNT-JACKIE-S/-/N-XWWW5
AUNTJACKIES	AUNTJACKIES	target.com	HTTPS://WWW.TARGET.COM/B/AUNT-JACKIE-S/-/N-XWWW5
AUNTJACKIS	AUNTJACKIES	target.com	HTTPS://WWW.TARGET.COM/B/AUNT-JACKIE-S/-/N-XWWW5
AUNTLYDIAS	AUNTLYDIAS	target.com	HTTPS://WWW.TARGET.COM/B/AUNT-LYDIA-S/-/N-Q643LEAY2JE
AUNTMARTHAS	AUNTMARTHAS	target.com	HTTPS://WWW.TARGET.COM/B/AUNT-MARTHA-S/-/N-Q643LE80ABZ
AUNTNELLIES	AUNTNELLIES	target.com	HTTPS://WWW.TARGET.COM/B/AUNT-NELLIE-S/-/N-6KICN
AUNTZYJ	AUNTIEANNES	target.com	HTTPS://WWW.TARGET.COM/B/AUNTIE-ANNE-S/-/N-7C9O7
AURACACIA	AURACACIA	target.com	HTTPS://WWW.TARGET.COM/B/AURA-CACIA/-/N-4YCCQ
AURAHOME	AURAHOME	target.com	HTTPS://WWW.TARGET.COM/B/AURA-HOME/-/N-Q643LEUD6V7
AURBAR	AURORA	target.com	HTTPS://WWW.TARGET.COM/B/AURORA/-/N-9P9FU
AURIO	AURIO	target.com	HTTPS://WWW.TARGET.COM/B/AURIO/-/N-Q643LEVA9H1
AURIOLIGHTING	AURIO	target.com	HTTPS://WWW.TARGET.COM/B/AURIO/-/N-Q643LEVA9H1
AURO	AURORA	target.com	HTTPS://WWW.TARGET.COM/B/AURORA/-/N-9P9FU
AUROAL	AURORA	target.com	HTTPS://WWW.TARGET.COM/B/AURORA/-/N-9P9FU
AUROARC	AURORA	target.com	HTTPS://WWW.TARGET.COM/B/AURORA/-/N-9P9FU
AURODRI	AURORA	target.com	HTTPS://WWW.TARGET.COM/B/AURORA/-/N-9P9FU
AUROKA	AURORA	target.com	HTTPS://WWW.TARGET.COM/B/AURORA/-/N-9P9FU
AUROLA	AURORA	target.com	HTTPS://WWW.TARGET.COM/B/AURORA/-/N-9P9FU
AUROMERE	AUROMERE	target.com	HTTPS://WWW.TARGET.COM/B/AUROMERE/-/N-Q643LE8O1UL
AUROO	AURORA	target.com	HTTPS://WWW.TARGET.COM/B/AURORA/-/N-9P9FU
AURORA	AURORA	target.com	HTTPS://WWW.TARGET.COM/B/AURORA/-/N-9P9FU
AURORAKO	AURORA	target.com	HTTPS://WWW.TARGET.COM/B/AURORA/-/N-9P9FU
AURORANUTRASCIENCE	AURORANUTRASCIENCE	target.com	HTTPS://WWW.TARGET.COM/B/AURORA-NUTRASCIENCE/-/N-Q643LE6WVTA
AURORAO	AURORA	target.com	HTTPS://WWW.TARGET.COM/B/AURORA/-/N-9P9FU
AURORAWORLD	AURORAWORLD	target.com	HTTPS://WWW.TARGET.COM/B/AURORA-WORLD/-/N-E0DPQ
AURORAY	AURORA	target.com	HTTPS://WWW.TARGET.COM/B/AURORA/-/N-9P9FU
AURORIV	AURORA	target.com	HTTPS://WWW.TARGET.COM/B/AURORA/-/N-9P9FU
AURUZA	AURORA	target.com	HTTPS://WWW.TARGET.COM/B/AURORA/-/N-9P9FU
AUSIE	AUSSIE	target.com	HTTPS://WWW.TARGET.COM/B/AUSSIE/-/N-5667T
AUSSIE	AUSSIE	target.com	HTTPS://WWW.TARGET.COM/B/AUSSIE/-/N-5667T
AUSSIEAQUARIUMS	AUSSIEAQUARIUMS	target.com	HTTPS://WWW.TARGET.COM/B/AUSSIE-AQUARIUMS/-/N-Q643LEBUFRB
AUSTINBABYCOLLECTION	AUSTINBABYCOLLECTION	target.com	HTTPS://WWW.TARGET.COM/B/AUSTIN-BABY-COLLECTION/-/N-Q643LE72WS9
AUSTRALIANBITTERSCOMPANY	AUSTRALIANBITTERSCOMPANY	target.com	HTTPS://WWW.TARGET.COM/B/AUSTRALIAN-BITTERS-COMPANY/-/N-Q643LECIW8O
AUSTRALIANDREAM	AUSTRALIANDREAM	target.com	HTTPS://WWW.TARGET.COM/B/AUSTRALIAN-DREAM/-/N-Q643LE6Y7C4
AUSTRALIANGOLD	AUSTRALIANGOLD	target.com	HTTPS://WWW.TARGET.COM/B/AUSTRALIAN-GOLD/-/N-55UD1
AUTHENTICDONUTSHOPBLEND	AUTHENTICDONUTSHOPBLEND	target.com	HTTPS://WWW.TARGET.COM/B/AUTHENTIC-DONUT-SHOP-BLEND/-/N-Q643LENPV9C
AUTOSTICKS	AUTOSTICKS	target.com	HTTPS://WWW.TARGET.COM/B/AUTOSTICKS/-/N-627T2
AUTOWORLD	AUTOWORLD	target.com	HTTPS://WWW.TARGET.COM/B/AUTO-WORLD/-/N-YCBIL
AVAANDVIV	AVAVIV	target.com	HTTPS://WWW.TARGET.COM/B/AVA-VIV/-/N-O267D
AVACOSTUMEU	AVAVIV	target.com	HTTPS://WWW.TARGET.COM/B/AVA-VIV/-/N-O267D
AVAIVY	AVAVIV	target.com	HTTPS://WWW.TARGET.COM/B/AVA-VIV/-/N-O267D
AVALONORGANICS	AVALONORGANICS	target.com	HTTPS://WWW.TARGET.COM/B/AVALON-ORGANICS/-/N-5U1A2
AVALONPRODUCTS	AVALONORGANICS	target.com	HTTPS://WWW.TARGET.COM/B/AVALON-ORGANICS/-/N-5U1A2
AVANLIN	AVALINEWINES	target.com	HTTPS://WWW.TARGET.COM/B/AVALINE-WINES/-/N-Q643LERMO95
AVANTILINENS	AVANTILINENS	target.com	HTTPS://WWW.TARGET.COM/B/AVANTI-LINENS/-/N-Q643LEEL6FT
AVANUVO	AVEENO	target.com	HTTPS://WWW.TARGET.COM/B/AVEENO/-/N-5XVGB
AVARELLE	AVARELLE	target.com	HTTPS://WWW.TARGET.COM/B/AVARELLE/-/N-Q643LEMXT72
AVATARA	AVATARA	target.com	HTTPS://WWW.TARGET.COM/B/AVATARA/-/N-7DBTF
AVAVIV	AVAVIV	target.com	HTTPS://WWW.TARGET.COM/B/AVA-VIV/-/N-O267D
AVCCAVA	AVAVIV	target.com	HTTPS://WWW.TARGET.COM/B/AVA-VIV/-/N-O267D
AVEBYAVENDANO	AVEENO	target.com	HTTPS://WWW.TARGET.COM/B/AVEENO/-/N-5XVGB
AVEDA	AVEDA	target.com	HTTPS://WWW.TARGET.COM/B/AVEDA/-/N-Q643LE4I0YT
AVEEN	AVEENO	target.com	HTTPS://WWW.TARGET.COM/B/AVEENO/-/N-5XVGB
AVEENO	AVEENO	target.com	HTTPS://WWW.TARGET.COM/B/AVEENO/-/N-5XVGB
AVENE	AVENE	target.com	HTTPS://WWW.TARGET.COM/B/AVENE/-/N-Q643LECGSJV
AVENEO	AVEENO	target.com	HTTPS://WWW.TARGET.COM/B/AVEENO/-/N-5XVGB
AVENLI	AVENLI	target.com	HTTPS://WWW.TARGET.COM/B/AVENLI/-/N-Q643LEDY3F9
AVENLUR	AVENLUR	target.com	HTTPS://WWW.TARGET.COM/B/AVENLUR/-/N-Q643LEHQEVE
AVENT	PHILIPSAVENT	target.com	HTTPS://WWW.TARGET.COM/B/PHILIPS-AVENT/-/N-Q643LEM8DUY
AVENTY	PHILIPSAVENT	target.com	HTTPS://WWW.TARGET.COM/B/PHILIPS-AVENT/-/N-Q643LEM8DUY
AVENUE33	AVENUE33	target.com	HTTPS://WWW.TARGET.COM/B/AVENUE33/-/N-Q643LE5J3HK
AVERYAVERY	AVERY	target.com	HTTPS://WWW.TARGET.COM/B/AVERY/-/N-5D7PG
AVERYG	AVERY	target.com	HTTPS://WWW.TARGET.COM/B/AVERY/-/N-5D7PG
AVERYPRODUCTS	AVERY	target.com	HTTPS://WWW.TARGET.COM/B/AVERY/-/N-5D7PG
AVERYSTORE	AVERY	target.com	HTTPS://WWW.TARGET.COM/B/AVERY/-/N-5D7PG
AVFGROUP	AVFGROUP	target.com	HTTPS://WWW.TARGET.COM/B/AVF-GROUP/-/N-Q643LELBGT5
AVIDREADERPRESSSIMONSCHUSTER	AVIDREADERPRESSSIMONSCHUSTER	target.com	HTTPS://WWW.TARGET.COM/B/AVID-READER-PRESS-SIMON-SCHUSTER/-/N-Q643LE8NAS2
AVOCATT	AVOCATT	target.com	HTTPS://WWW.TARGET.COM/B/AVOCATT/-/N-Q643LEC7U02
AVOGEL	AVOGEL	target.com	HTTPS://WWW.TARGET.COM/B/A-VOGEL/-/N-Q643LE26CIJ
AVONDALEMANOR	AVONDALEMANOR	target.com	HTTPS://WWW.TARGET.COM/B/AVONDALE-MANOR/-/N-S2DHV
AWAUTOWORLD	AUTOWORLD	target.com	HTTPS://WWW.TARGET.COM/B/AUTO-WORLD/-/N-YCBIL
AWETMUD	MUDWTR	target.com	HTTPS://WWW.TARGET.COM/B/MUD-WTR/-/N-Q643LEHLYGS
AWIIVEE	AVAVIV	target.com	HTTPS://WWW.TARGET.COM/B/AVA-VIV/-/N-O267D
AWWVVA	AVAVIV	target.com	HTTPS://WWW.TARGET.COM/B/AVA-VIV/-/N-O267D
AXEBAT	AXEBAT	target.com	HTTPS://WWW.TARGET.COM/B/AXE-BAT/-/N-L660R
AXISPLATE	AXISPLATE	target.com	HTTPS://WWW.TARGET.COM/B/AXIS-PLATE/-/N-Q643LEGR810
AYESHACURRY	AYESHACURRY	target.com	HTTPS://WWW.TARGET.COM/B/AYESHA-CURRY/-/N-H27HU
AYMALOY	ALMAY	target.com	HTTPS://WWW.TARGET.COM/B/ALMAY/-/N-5Q2TT
AYOHAHOMEGARDEN	AHOPEGARDEN	target.com	HTTPS://WWW.TARGET.COM/B/AHOPEGARDEN/-/N-Q643LEVC4DC
AYORTMO	YOTO	target.com	HTTPS://WWW.TARGET.COM/B/YOTO/-/N-Q643LENTIF4
AYVEVTA	AVAVIV	target.com	HTTPS://WWW.TARGET.COM/B/AVA-VIV/-/N-O267D
AZACOW	AZO	target.com	HTTPS://WWW.TARGET.COM/B/AZO/-/N-Q643LEIPG8V
AZAR	AZAR	target.com	HTTPS://WWW.TARGET.COM/B/AZAR/-/N-W2CYR
AZEN	AZEN	target.com	HTTPS://WWW.TARGET.COM/B/AZEN/-/N-Q643LETSPB1
AZL1LIFECONCEPT	AZL1LIFECONCEPT	target.com	HTTPS://WWW.TARGET.COM/B/AZL1-LIFE-CONCEPT/-/N-Q643LEY3T1C
AZO	AZO	target.com	HTTPS://WWW.TARGET.COM/B/AZO/-/N-Q643LEIPG8V
AZOFIA	AZO	target.com	HTTPS://WWW.TARGET.COM/B/AZO/-/N-Q643LEIPG8V
AZONSDOP	AZO	target.com	HTTPS://WWW.TARGET.COM/B/AZO/-/N-Q643LEIPG8V
AZOS	AZO	target.com	HTTPS://WWW.TARGET.COM/B/AZO/-/N-Q643LEIPG8V
AZPATIOHEATERS	AZPATIOHEATERS	target.com	HTTPS://WWW.TARGET.COM/B/AZ-PATIO-HEATERS/-/N-5VH65
AZPEN	AZPEN	target.com	HTTPS://WWW.TARGET.COM/B/AZPEN/-/N-8K7VY
AZTECSECRET	AZTECSECRET	target.com	HTTPS://WWW.TARGET.COM/B/AZTEC-SECRET/-/N-XMQOE
AZUREGREEN	AZUREGREEN	target.com	HTTPS://WWW.TARGET.COM/B/AZUREGREEN/-/N-Q643LE2OJ56
AZURESKINCARE	AZURESKINCARE	target.com	HTTPS://WWW.TARGET.COM/B/AZURE-SKINCARE/-/N-Q643LEMLELK
AZVIZANMO	AZO	target.com	HTTPS://WWW.TARGET.COM/B/AZO/-/N-Q643LEIPG8V
B3BIGTHREE	BABYTHREE	target.com	HTTPS://WWW.TARGET.COM/B/BABY-THREE/-/N-Q643LETDRFA
BABALIFE	BABOBOTANICALS	target.com	HTTPS://WWW.TARGET.COM/B/BABO-BOTANICALS/-/N-Q643LEHI1EP
BABBLEROO	BABBLEROO	target.com	HTTPS://WWW.TARGET.COM/B/BABBLEROO/-/N-Q643LEDZJ07
BABECHAMP	BABEORIGINAL	target.com	HTTPS://WWW.TARGET.COM/B/BABE-ORIGINAL/-/N-Q643LEYJRC
BABEEBASE	BABEORIGINAL	target.com	HTTPS://WWW.TARGET.COM/B/BABE-ORIGINAL/-/N-Q643LEYJRC
BABEELOVLY	BABEORIGINAL	target.com	HTTPS://WWW.TARGET.COM/B/BABE-ORIGINAL/-/N-Q643LEYJRC
BABESTELLAR	BABIATORS	target.com	HTTPS://WWW.TARGET.COM/B/BABIATORS/-/N-Q643LEE2HUW
BABIATORS	BABIATORS	target.com	HTTPS://WWW.TARGET.COM/B/BABIATORS/-/N-Q643LEE2HUW
BABIEALIVE	BABYALIVE	target.com	HTTPS://WWW.TARGET.COM/B/BABY-ALIVE/-/N-5P6KQ
BABIHIIOR	BABOBOTANICALS	target.com	HTTPS://WWW.TARGET.COM/B/BABO-BOTANICALS/-/N-Q643LEHI1EP
BABO	BABOBOTANICALS	target.com	HTTPS://WWW.TARGET.COM/B/BABO-BOTANICALS/-/N-Q643LEHI1EP
BABOBOTANICALS	BABOBOTANICALS	target.com	HTTPS://WWW.TARGET.COM/B/BABO-BOTANICALS/-/N-Q643LEHI1EP
BABOCARE	BABOBOTANICALS	target.com	HTTPS://WWW.TARGET.COM/B/BABO-BOTANICALS/-/N-Q643LEHI1EP
BABOIES	BABOBOTANICALS	target.com	HTTPS://WWW.TARGET.COM/B/BABO-BOTANICALS/-/N-Q643LEHI1EP
BABYALIVE	BABYALIVE	target.com	HTTPS://WWW.TARGET.COM/B/BABY-ALIVE/-/N-5P6KQ
BABYALIVETWISTYPETS	BABYALIVE	target.com	HTTPS://WWW.TARGET.COM/B/BABY-ALIVE/-/N-5P6KQ
BABYASPEN	BABYASPEN	target.com	HTTPS://WWW.TARGET.COM/B/BABY-ASPEN/-/N-5Y6WJ
BABYAULAIT	BEBEAULAIT	target.com	HTTPS://WWW.TARGET.COM/B/BEBE-AU-LAIT/-/N-5RM9D
BABYBELLIES	LITTLEBELLIES	target.com	HTTPS://WWW.TARGET.COM/B/LITTLE-BELLIES/-/N-Q643LE1OUNV
BABYBEST	MINIBABYBEL	target.com	HTTPS://WWW.TARGET.COM/B/MINI-BABYBEL/-/N-5RJG
BABYBJORN	BABYBJORN	target.com	HTTPS://WWW.TARGET.COM/B/BABYBJORN/-/N-5Y740
BABYBJRN	BABYBJORN	target.com	HTTPS://WWW.TARGET.COM/B/BABYBJORN/-/N-5Y740
BABYBORN	BABYBORN	target.com	HTTPS://WWW.TARGET.COM/B/BABY-BORN/-/N-FABTL
BABYBRAZZAVILLE	BABYBREZZA	target.com	HTTPS://WWW.TARGET.COM/B/BABY-BREZZA/-/N-594D5
BABYBREEZA	BABYBREZZA	target.com	HTTPS://WWW.TARGET.COM/B/BABY-BREZZA/-/N-594D5
BABYBREZZA	BABYBREZZA	target.com	HTTPS://WWW.TARGET.COM/B/BABY-BREZZA/-/N-594D5
BABYBUDDHA	BABYBUDDHA	target.com	HTTPS://WWW.TARGET.COM/B/BABYBUDDHA/-/N-Q643LEEEEAW
BABYBUM	BABYBUM	target.com	HTTPS://WWW.TARGET.COM/B/BABY-BUM/-/N-J6JQQ
BABYBUMBRUSH	BABYBUMBRUSH	target.com	HTTPS://WWW.TARGET.COM/B/BABY-BUM-BRUSH/-/N-WK61S
BABYCABOODLE	CABOODLES	target.com	HTTPS://WWW.TARGET.COM/B/CABOODLES/-/N-5UZEB
BABYCAKES	BABYCAKES	target.com	HTTPS://WWW.TARGET.COM/B/BABYCAKES/-/N-Q643LEWE187
BABYDAN	BABYDAN	target.com	HTTPS://WWW.TARGET.COM/B/BABYDAN/-/N-UBF1C
BABYDELIGHT	BABYDELIGHT	target.com	HTTPS://WWW.TARGET.COM/B/BABY-DELIGHT/-/N-5Y5W1
BABYDREAMIII	DREAMBABY	target.com	HTTPS://WWW.TARGET.COM/B/DREAMBABY/-/N-557UU
BABYEINSTEIN	BABYEINSTEIN	target.com	HTTPS://WWW.TARGET.COM/B/BABY-EINSTEIN/-/N-5Y3TS
BABYFANATIC	BABYFANATIC	target.com	HTTPS://WWW.TARGET.COM/B/BABY-FANATIC/-/N-57AEP
BABYFOOT	BABYFOOT	target.com	HTTPS://WWW.TARGET.COM/B/BABY-FOOT/-/N-4U9MJ
BABYGANICS	BABYGANICS	target.com	HTTPS://WWW.TARGET.COM/B/BABYGANICS/-/N-4YG53
BABYGENIX	BABYGANICS	target.com	HTTPS://WWW.TARGET.COM/B/BABYGANICS/-/N-4YG53
BABYHEALTHY	HEALTHYBABY	target.com	HTTPS://WWW.TARGET.COM/B/HEALTHYBABY/-/N-Q643LENFU9R
BABYISS	BABYLISSPRO	target.com	HTTPS://WWW.TARGET.COM/B/BABYLISSPRO/-/N-Q643LEFA91Q
BABYJOGGER	BABYJOGGER	target.com	HTTPS://WWW.TARGET.COM/B/BABY-JOGGER/-/N-569Z9
BABYJOGGERFKADYNAMICBRANDS	BABYJOGGER	target.com	HTTPS://WWW.TARGET.COM/B/BABY-JOGGER/-/N-569Z9
BABYJUGGER	BABYJOGGER	target.com	HTTPS://WWW.TARGET.COM/B/BABY-JOGGER/-/N-569Z9
BABYLETTO	BABYLETTO	target.com	HTTPS://WWW.TARGET.COM/B/BABYLETTO/-/N-5X8KS
BABYLICIOUS	BABYLICIOUS	target.com	HTTPS://WWW.TARGET.COM/B/BABYLICIOUS/-/N-Q643LETF1RX
BABYLICIOUSNESS	BABYLICIOUS	target.com	HTTPS://WWW.TARGET.COM/B/BABYLICIOUS/-/N-Q643LETF1RX
BABYLISPRO	BABYLISSPRO	target.com	HTTPS://WWW.TARGET.COM/B/BABYLISSPRO/-/N-Q643LEFA91Q
BABYLISSPRO	BABYLISSPRO	target.com	HTTPS://WWW.TARGET.COM/B/BABYLISSPRO/-/N-Q643LEFA91Q
BABYLISSPROBABYLISSPRO	BABYLISSPRO	target.com	HTTPS://WWW.TARGET.COM/B/BABYLISSPRO/-/N-Q643LEFA91Q
BABYLIVING	BABYALIVE	target.com	HTTPS://WWW.TARGET.COM/B/BABY-ALIVE/-/N-5P6KQ
BABYLOO	BABYLOO	target.com	HTTPS://WWW.TARGET.COM/B/BABYLOO/-/N-UWIKA
BABYLUV	BABYLUV	target.com	HTTPS://WWW.TARGET.COM/B/BABYLUV/-/N-Q643LEUJP0O
BABYMAGIC	BABYMAGIC	target.com	HTTPS://WWW.TARGET.COM/B/BABY-MAGIC/-/N-CDHEC
BABYMERLINS	BABYMERLINSMAGICSLEEPSUIT	target.com	HTTPS://WWW.TARGET.COM/B/BABY-MERLIN-S-MAGIC-SLEEPSUIT/-/N-HR1WC
BABYMERLINSMAGICSLEEPSUIT	BABYMERLINSMAGICSLEEPSUIT	target.com	HTTPS://WWW.TARGET.COM/B/BABY-MERLIN-S-MAGIC-SLEEPSUIT/-/N-HR1WC
BABYMERLISMAGICSLEEPSUIT	BABYMERLINSMAGICSLEEPSUIT	target.com	HTTPS://WWW.TARGET.COM/B/BABY-MERLIN-S-MAGIC-SLEEPSUIT/-/N-HR1WC
BABYMILESTONE	MILESTONEBABY	target.com	HTTPS://WWW.TARGET.COM/B/MILESTONE-BABY/-/N-4UWZ1
BABYMOOV	BABYMOOV	target.com	HTTPS://WWW.TARGET.COM/B/BABYMOOV/-/N-Q643LE40SSY
BABYMOOVBABYMOOV	BABYMOOV	target.com	HTTPS://WWW.TARGET.COM/B/BABYMOOV/-/N-Q643LE40SSY
BABYMOVS	BABYMOOV	target.com	HTTPS://WWW.TARGET.COM/B/BABYMOOV/-/N-Q643LE40SSY
BABYMUMBO	BUMBO	target.com	HTTPS://WWW.TARGET.COM/B/BUMBO/-/N-5Y5RP
BABYPATENT	BABYPATENT	target.com	HTTPS://WWW.TARGET.COM/B/BABY-PATENT/-/N-FAJZY
BABYPRODUCTS	BUSYBABY	target.com	HTTPS://WWW.TARGET.COM/B/BUSY-BABY/-/N-Q643LEEDXS3
BABYRELAX	BABYRELAX	target.com	HTTPS://WWW.TARGET.COM/B/BABY-RELAX/-/N-YRON5
BABYSFIRST	BABYSFIRST	target.com	HTTPS://WWW.TARGET.COM/B/BABY-S-FIRST/-/N-PJNU0
BABYSHARK	BABYSHARK	target.com	HTTPS://WWW.TARGET.COM/B/BABY-SHARK/-/N-XVCLE
BABYSHUSHER	BABYSHUSHER	target.com	HTTPS://WWW.TARGET.COM/B/BABY-SHUSHER/-/N-R6C81
BABYSTARTERS	BABYSTARTERS	target.com	HTTPS://WWW.TARGET.COM/B/BABY-STARTERS/-/N-Q643LEQ3G0V
BABYSTREND	BABYTREND	target.com	HTTPS://WWW.TARGET.COM/B/BABY-TREND/-/N-5Y6ZF
BABYTREND	BABYTREND	target.com	HTTPS://WWW.TARGET.COM/B/BABY-TREND/-/N-5Y6ZF
BABYTRENDS	BABYTREND	target.com	HTTPS://WWW.TARGET.COM/B/BABY-TREND/-/N-5Y6ZF
BACATI	BACATI	target.com	HTTPS://WWW.TARGET.COM/B/BACATI/-/N-5XRIN
BACH	BACH	target.com	HTTPS://WWW.TARGET.COM/B/BACH/-/N-Q643LEGWT0V
BACHMANN	BACHMANNTRAINS	target.com	HTTPS://WWW.TARGET.COM/B/BACHMANN-TRAINS/-/N-5OHP3
BACHMANNTRAINS	BACHMANNTRAINS	target.com	HTTPS://WWW.TARGET.COM/B/BACHMANN-TRAINS/-/N-5OHP3
BACITRAYCINPLUS	BACITRAYCINPLUS	target.com	HTTPS://WWW.TARGET.COM/B/BACITRAYCIN-PLUS/-/N-Q643LETW2FC
BACKBAYBOOKS	BACKBAYBOOKS	target.com	HTTPS://WWW.TARGET.COM/B/BACK-BAY-BOOKS/-/N-Q643LEKQXPK
BACKBONE	BACKBONE	target.com	HTTPS://WWW.TARGET.COM/B/BACKBONE/-/N-Q643LE4GKNW
BACKNATURE	BACKTONATURE	target.com	HTTPS://WWW.TARGET.COM/B/BACK-TO-NATURE/-/N-MJS8C
BACKSTREETBOYS	BACKSTREETBOYS	target.com	HTTPS://WWW.TARGET.COM/B/BACKSTREET-BOYS/-/N-Q643LE4XV2H
BACKTOTHEFUTURE	BACKTOTHEFUTURE	target.com	HTTPS://WWW.TARGET.COM/B/BACK-TO-THE-FUTURE/-/N-YXDPE
BACKTOTHEROOTS	BACKTOTHEROOTS	target.com	HTTPS://WWW.TARGET.COM/B/BACK-TO-THE-ROOTS/-/N-9FXOI
BACKYARDDISCOVERY	BACKYARDDISCOVERY	target.com	HTTPS://WWW.TARGET.COM/B/BACKYARD-DISCOVERY/-/N-Q643LEMNBL5
BADA	BADABEANBADABOOM	target.com	HTTPS://WWW.TARGET.COM/B/BADA-BEAN-BOOM/-/N-Q643LEW45ZE
BADABEANBADABOOM	BADABEANBADABOOM	target.com	HTTPS://WWW.TARGET.COM/B/BADA-BEAN-BOOM/-/N-Q643LEW45ZE
BADASHOP	THEBODYSHOP	target.com	HTTPS://WWW.TARGET.COM/B/THE-BODY-SHOP/-/N-Q643LEDNZLJ
BADEN	BADEN	target.com	HTTPS://WWW.TARGET.COM/B/BADEN/-/N-5K1NW
BADGER	BADGER	target.com	HTTPS://WWW.TARGET.COM/B/BADGER/-/N-X1KOP
BADGERADVANTAGE	BADGER	target.com	HTTPS://WWW.TARGET.COM/B/BADGER/-/N-X1KOP
BADGERBASKET	BADGERBASKET	target.com	HTTPS://WWW.TARGET.COM/B/BADGER-BASKET/-/N-5Y6UD
BADGERBASKETCO	BADGERBASKET	target.com	HTTPS://WWW.TARGET.COM/B/BADGER-BASKET/-/N-5Y6UD
BADGERBASKETCOMPANY	BADGERBASKET	target.com	HTTPS://WWW.TARGET.COM/B/BADGER-BASKET/-/N-5Y6UD
BADGERBASKETS	BADGERBASKET	target.com	HTTPS://WWW.TARGET.COM/B/BADGER-BASKET/-/N-5Y6UD
BADGERTOYS	BADGERTOYS	target.com	HTTPS://WWW.TARGET.COM/B/BADGER-TOYS/-/N-4Y2TJ
BAEBODY	BAEBODY	target.com	HTTPS://WWW.TARGET.COM/B/BAEBODY/-/N-Q643LEPN7L7
BAEN	BAEN	target.com	HTTPS://WWW.TARGET.COM/B/BAEN/-/N-Q643LE27WM4
BAGGALLINI	BAGGALLINI	target.com	HTTPS://WWW.TARGET.COM/B/BAGGALLINI/-/N-Q643LE1HCDB
BAGMARTUSA	BAGSMART	target.com	HTTPS://WWW.TARGET.COM/B/BAGSMART/-/N-Q643LEMD3H5
BAGOKIE	BAGOKIE	target.com	HTTPS://WWW.TARGET.COM/B/BAGOKIE/-/N-Q643LE4J4UV
BAGSMAR	BAGSMART	target.com	HTTPS://WWW.TARGET.COM/B/BAGSMART/-/N-Q643LEMD3H5
BAGSMART	BAGSMART	target.com	HTTPS://WWW.TARGET.COM/B/BAGSMART/-/N-Q643LEMD3H5
BAGSTER	WASTEMANAGEMENTBAGSTER	target.com	HTTPS://WWW.TARGET.COM/B/WASTE-MANAGEMENT-BAGSTER/-/N-Q643LETIYHY
BAIANN	BAI	target.com	HTTPS://WWW.TARGET.COM/B/BAI/-/N-4ULL9
BAIBRANDS	BAI	target.com	HTTPS://WWW.TARGET.COM/B/BAI/-/N-4ULL9
BAIDESIGN	BAI	target.com	HTTPS://WWW.TARGET.COM/B/BAI/-/N-4ULL9
BAIHENS	BAI	target.com	HTTPS://WWW.TARGET.COM/B/BAI/-/N-4ULL9
BAIIBAI	BAI	target.com	HTTPS://WWW.TARGET.COM/B/BAI/-/N-4ULL9
BAILEY44	BAILEY44	target.com	HTTPS://WWW.TARGET.COM/B/BAILEY-44/-/N-Q643LEYBV24
BAILY	BAILEYS	target.com	HTTPS://WWW.TARGET.COM/B/BAILEYS/-/N-54W1K
BAINDETERRE	BAINDETERRE	target.com	HTTPS://WWW.TARGET.COM/B/BAIN-DE-TERRE/-/N-Q643LE9TYZ
BAISAI	BAI	target.com	HTTPS://WWW.TARGET.COM/B/BAI/-/N-4ULL9
BAIWIO	BAI	target.com	HTTPS://WWW.TARGET.COM/B/BAI/-/N-4ULL9
BAIYIDE	BAI	target.com	HTTPS://WWW.TARGET.COM/B/BAI/-/N-4ULL9
BAJNOKOU	BAKUGAN	target.com	HTTPS://WWW.TARGET.COM/B/BAKUGAN/-/N-JB9ZV
BAKERACADEMIC	BAKERACADEMIC	target.com	HTTPS://WWW.TARGET.COM/B/BAKER-ACADEMIC/-/N-Q643LEJZ0GP
BAKERBOOKS	BAKERBOOKS	target.com	HTTPS://WWW.TARGET.COM/B/BAKER-BOOKS/-/N-Q643LEPUKSD
BAKERPUBGROUPBAKERBOOKS	BAKERBOOKS	target.com	HTTPS://WWW.TARGET.COM/B/BAKER-BOOKS/-/N-Q643LEPUKSD
BAKERYCRAFT	BAKERYCRAFTS	target.com	HTTPS://WWW.TARGET.COM/B/BAKERY-CRAFTS/-/N-ITNR
BAKERYONMAIN	BAKERYONMAIN	target.com	HTTPS://WWW.TARGET.COM/B/BAKERY-ON-MAIN/-/N-AY3Q9
BAKKENSWISS	BAKKENSWISS	target.com	HTTPS://WWW.TARGET.COM/B/BAKKEN-SWISS/-/N-Q643LEH4SXP
BAKMIDOT	BAKUGAN	target.com	HTTPS://WWW.TARGET.COM/B/BAKUGAN/-/N-JB9ZV
BAKUGAN	BAKUGAN	target.com	HTTPS://WWW.TARGET.COM/B/BAKUGAN/-/N-JB9ZV
BALA	BALA	target.com	HTTPS://WWW.TARGET.COM/B/BALA/-/N-Q643LEQ5JV5
BALANCEFROMBALANCEFROM	BALANCEFROMFITNESS	target.com	HTTPS://WWW.TARGET.COM/B/BALANCEFROM-FITNESS/-/N-Q643LEUV6ZM
BALANCEFROMFITNESS	BALANCEFROMFITNESS	target.com	HTTPS://WWW.TARGET.COM/B/BALANCEFROM-FITNESS/-/N-Q643LEUV6ZM
BALANCELOVELY	LOVEWELLNESS	target.com	HTTPS://WWW.TARGET.COM/B/LOVE-WELLNESS/-/N-Q643LEC71O3
BALANCEOFNATURE	BALANCEOFNATURE	target.com	HTTPS://WWW.TARGET.COM/B/BALANCE-OF-NATURE/-/N-Q643LEARIYG
BALEC	BALEC	target.com	HTTPS://WWW.TARGET.COM/B/BALEC/-/N-Q643LEUQLE0
BALEINE	LABALEINE	target.com	HTTPS://WWW.TARGET.COM/B/LA-BALEINE/-/N-Q643LELRES8
BALLALUMINUMCUP	BALLALUMINUMCUP	target.com	HTTPS://WWW.TARGET.COM/B/BALL-ALUMINUM-CUP/-/N-Q643LEYEAZN
BALLANTINEBOOKS	BALLANTINEBOOKS	target.com	HTTPS://WWW.TARGET.COM/B/BALLANTINE-BOOKS/-/N-Q643LEMMPG3
BALLYFITNESS	BALLYTOTALFITNESS	target.com	HTTPS://WWW.TARGET.COM/B/BALLY-TOTAL-FITNESS/-/N-Q643LETZYFA
BALLYTOTALFITNESS	BALLYTOTALFITNESS	target.com	HTTPS://WWW.TARGET.COM/B/BALLY-TOTAL-FITNESS/-/N-Q643LETZYFA
BALMEX	BALMEX	target.com	HTTPS://WWW.TARGET.COM/B/BALMEX/-/N-Q643LESI4SB
BALTARUGS	BALTARUGS	target.com	HTTPS://WWW.TARGET.COM/B/BALTA-RUGS/-/N-5WXJ7
BALTIQUE	BALTIQUE	target.com	HTTPS://WWW.TARGET.COM/B/BALTIQUE/-/N-Q643LEICR2A
BALZERBRAYHARPERTEEN	BALZERBRAYHARPERTEEN	target.com	HTTPS://WWW.TARGET.COM/B/BALZER-BRAY-HARPERTEEN/-/N-Q643LE635ZX
BALZERBRAYHARPERTEEN	BALZERBRAYHARPERTEEN	target.com	HTTPS://WWW.TARGET.COM/B/BALZER-BRAY-HARPERTEEN/-/N-Q643LE635ZX?NAO=72
BALZERBRAYHARPERTEEN	BALZERBRAYHARPERTEEN	target.com	HTTPS://WWW.TARGET.COM/B/BALZER-BRAY-HARPERTEEN/-/N-Q643LE635ZX?NAO=48
BAMBONATURE	BAMBONATURE	target.com	HTTPS://WWW.TARGET.COM/B/BAMBO-NATURE/-/N-Q643LECG7OM
BAMBOOBIES	BAMBOOBIES	target.com	HTTPS://WWW.TARGET.COM/B/BAMBOOBIES/-/N-54XAT
BANANABOAT	BANANABOAT	target.com	HTTPS://WWW.TARGET.COM/B/BANANA-BOAT/-/N-5QE5G
BANANAPANDA	BANANAPANDA	target.com	HTTPS://WWW.TARGET.COM/B/BANANA-PANDA/-/N-Q643LEIVHUY
BANDAAUDIOPARTS	BANDAAUDIOPARTS	target.com	HTTPS://WWW.TARGET.COM/B/BANDA-AUDIOPARTS/-/N-Q643LEAJBHQ
BANDAID	BANDAID	target.com	HTTPS://WWW.TARGET.COM/B/BAND-AID/-/N-5T8GQ
BANDAIDBRAND	BANDAID	target.com	HTTPS://WWW.TARGET.COM/B/BAND-AID/-/N-5T8GQ
BANDAIDBRANDOFFIRSTAIDPRODUCTS	BANDAID	target.com	HTTPS://WWW.TARGET.COM/B/BAND-AID/-/N-5T8GQ
BANDAIHOBBY	BANDAIHOBBY	target.com	HTTPS://WWW.TARGET.COM/B/BANDAI-HOBBY/-/N-Q643LEFW3MS
BANDAISPIRITS	BANDAISPIRITS	target.com	HTTPS://WWW.TARGET.COM/B/BANDAI-SPIRITS/-/N-Q643LE4FK2C
BANDAISPIRITS	BANDAI	target.com	HTTPS://WWW.TARGET.COM/B/BANDAI/-/N-5R0QD
BANDAISPIRITSBANDAISPIRITS	BANDAISPIRITS	target.com	HTTPS://WWW.TARGET.COM/B/BANDAI-SPIRITS/-/N-Q643LE4FK2C
BANDAISPIRITSBANDAISPIRITS	BANDAI	target.com	HTTPS://WWW.TARGET.COM/B/BANDAI/-/N-5R0QD
BANDELETTES	BANDELETTES	target.com	HTTPS://WWW.TARGET.COM/B/BANDELETTES/-/N-Q643LE8WVL3
BANDELT	BANDELETTES	target.com	HTTPS://WWW.TARGET.COM/B/BANDELETTES/-/N-Q643LE8WVL3
BANDHAYOGA	BANDHAYOGA	target.com	HTTPS://WWW.TARGET.COM/B/BANDHA-YOGA/-/N-Q643LEOSU1I
BANGERZSUNZ	BANGERZSUNZ	target.com	HTTPS://WWW.TARGET.COM/B/BANGERZ-SUNZ/-/N-Q643LE8FRS6
BANGERZSUNZSUNWEAR	BANGERZSUNZ	target.com	HTTPS://WWW.TARGET.COM/B/BANGERZ-SUNZ/-/N-Q643LE8FRS6
BANKERBOX	BANKERSBOX	target.com	HTTPS://WWW.TARGET.COM/B/BANKERS-BOX/-/N-54XS4
BANKERS	BANKERSBOX	target.com	HTTPS://WWW.TARGET.COM/B/BANKERS-BOX/-/N-54XS4
BANKERSBOX	BANKERSBOX	target.com	HTTPS://WWW.TARGET.COM/B/BANKERS-BOX/-/N-54XS4
BANKERSBOXSYSTEMATIC	BANKERSBOX	target.com	HTTPS://WWW.TARGET.COM/B/BANKERS-BOX/-/N-54XS4
BANPRESTO	BANPRESTO	target.com	HTTPS://WWW.TARGET.COM/B/BANPRESTO/-/N-4SSYJ
BANTOGOGO	BENTGO	target.com	HTTPS://WWW.TARGET.COM/B/BENTGO/-/N-4UANN
BANYTRENDS	BABYTREND	target.com	HTTPS://WWW.TARGET.COM/B/BABY-TREND/-/N-5Y6ZF
BANZ	BABYBANZ	target.com	HTTPS://WWW.TARGET.COM/B/BABY-BANZ/-/N-68QPU
BANZA	BANZA	target.com	HTTPS://WWW.TARGET.COM/B/BANZA/-/N-ULZ3R
BARALONLY	BARLEANS	target.com	HTTPS://WWW.TARGET.COM/B/BARLEAN-S/-/N-Q643LEHB510
BARBICIDE	BARBICIDE	target.com	HTTPS://WWW.TARGET.COM/B/BARBICIDE/-/N-Q643LE8II82
BARBIQ	BARBIEDOLLSDREAMHOUSEANDPLAYSETS	target.com	HTTPS://WWW.TARGET.COM/B/BARBIE/-/N-9IPYF
BARBOURBOOKS	BARBOURPUBLISHING	target.com	HTTPS://WWW.TARGET.COM/B/BARBOUR-PUBLISHING/-/N-Q643LEROJB7
BARBOURPUBLISHING	BARBOURPUBLISHING	target.com	HTTPS://WWW.TARGET.COM/B/BARBOUR-PUBLISHING/-/N-Q643LEROJB7
BARBUZZO	BARBUZZO	target.com	HTTPS://WWW.TARGET.COM/B/BARBUZZO/-/N-Q643LE6BRJR
BARCANA	BARCANA	target.com	HTTPS://WWW.TARGET.COM/B/BARCANA/-/N-GPOPC
BAREBELLS	BAREBELLS	target.com	HTTPS://WWW.TARGET.COM/B/BAREBELLS/-/N-Q643LELQWXH
BAREFOOTBUNGALOW	BAREFOOTBUNGALOW	target.com	HTTPS://WWW.TARGET.COM/B/BAREFOOT-BUNGALOW/-/N-Q643LE14ZM5
BAREFRUIT	BAREFRUIT	target.com	HTTPS://WWW.TARGET.COM/B/BARE-FRUIT/-/N-3SH63
BAREHOME	BAREHOME	target.com	HTTPS://WWW.TARGET.COM/B/BARE-HOME/-/N-Q643LES90KF
BAREMINERAL	BAREMINERALS	target.com	HTTPS://WWW.TARGET.COM/B/BAREMINERALS/-/N-Q643LEFYINR
BAREMINERALS	BAREMINERALS	target.com	HTTPS://WWW.TARGET.COM/B/BAREMINERALS/-/N-Q643LEFYINR
BAREORGANICS	BAREORGANICS	target.com	HTTPS://WWW.TARGET.COM/B/BAREORGANICS/-/N-Q643LELGATH
BAREREPUBLIC	BAREREPUBLIC	target.com	HTTPS://WWW.TARGET.COM/B/BARE-REPUBLIC/-/N-4YIL8
BARESNACKS	BAREFRUIT	target.com	HTTPS://WWW.TARGET.COM/B/BARE-FRUIT/-/N-3SH63
BARGAINS	UNIQUEBARGAINS	target.com	HTTPS://WWW.TARGET.COM/B/UNIQUE-BARGAINS/-/N-Q643LEKXF4W
BARILLA	BARILLA	target.com	HTTPS://WWW.TARGET.COM/B/BARILLA/-/N-56DW9
BARINNA	BARNANA	target.com	HTTPS://WWW.TARGET.COM/B/BARNANA/-/N-K5DC
BARKEEPERSFRIEND	BARKEEPERSFRIEND	target.com	HTTPS://WWW.TARGET.COM/B/BAR-KEEPERS-FRIEND/-/N-1UU20
BARKERCREEK	BARKERCREEK	target.com	HTTPS://WWW.TARGET.COM/B/BARKER-CREEK/-/N-1W4CF
BARKTHINS	BARKTHINS	target.com	HTTPS://WWW.TARGET.COM/B/BARKTHINS/-/N-97UA9
BARLALIN	BARLEANS	target.com	HTTPS://WWW.TARGET.COM/B/BARLEAN-S/-/N-Q643LEHB510
BARLEANS	BARLEANS	target.com	HTTPS://WWW.TARGET.COM/B/BARLEAN-S/-/N-Q643LEHB510
BARNESANDIVY	BARNESANDIVY	target.com	HTTPS://WWW.TARGET.COM/B/BARNES-AND-IVY/-/N-Q643LE7J1MJ
BARNEYBUTTER	BARNEYBUTTER	target.com	HTTPS://WWW.TARGET.COM/B/BARNEY-BUTTER/-/N-Q643LEVUE2B
BARNIESCOFFEETEACO	BARNIESCOFFEETEACO	target.com	HTTPS://WWW.TARGET.COM/B/BARNIE-S-COFFEE-TEA-CO/-/N-Q643LEHYLEB
BARNUMSANIMALS	BARNUMSANIMALS	target.com	HTTPS://WWW.TARGET.COM/B/BARNUM-S-ANIMALS/-/N-Q643LE9L75S
BARRICKS	BARRICKS	target.com	HTTPS://WWW.TARGET.COM/B/BARRICKS/-/N-Q643LEZK2H6
BARRONSEDUCATIONALSERIES	BARRONSEDUCATIONALSERVICES	target.com	HTTPS://WWW.TARGET.COM/B/BARRONS-EDUCATIONAL-SERVICES/-/N-Q643LEY4UJ2
BARSYS	BARSYS	target.com	HTTPS://WWW.TARGET.COM/B/BARSYS/-/N-Q643LEJK74U
BARTENDERSSECRET	BARKEEPERSFRIEND	target.com	HTTPS://WWW.TARGET.COM/B/BAR-KEEPERS-FRIEND/-/N-1UU20
BARTNELLI	BARTNELLI	target.com	HTTPS://WWW.TARGET.COM/B/BARTNELLI/-/N-Q643LENVYYO
BARY3	BARY3	target.com	HTTPS://WWW.TARGET.COM/B/BARY3/-/N-Q643LECMV9L
BASELABORATORIES	BASELABORATORIES	target.com	HTTPS://WWW.TARGET.COM/B/BASE-LABORATORIES/-/N-Q643LEY156Z
BASICBOOKS	BASICBOOKS	target.com	HTTPS://WWW.TARGET.COM/B/BASIC-BOOKS/-/N-Q643LEF34GN
BASICFUN	BASICFUN	target.com	HTTPS://WWW.TARGET.COM/B/BASIC-FUN/-/N-J5MT5
BASICHOME	HOMEBASICS	target.com	HTTPS://WWW.TARGET.COM/B/HOME-BASICS/-/N-CS1IQ
BASICNDAILY	DAILYBASIC	target.com	HTTPS://WWW.TARGET.COM/B/DAILY-BASIC/-/N-Q643LEERDO5
BASICORGANICS	BASICORGANICS	target.com	HTTPS://WWW.TARGET.COM/B/BASIC-ORGANICS/-/N-Q643LETSDDX
BASICVIGOR	BASICVIGOR	target.com	HTTPS://WWW.TARGET.COM/B/BASIC-VIGOR/-/N-Q643LEINX0B
BASICVIGORNUTRACEUTICALS	BASICVIGOR	target.com	HTTPS://WWW.TARGET.COM/B/BASIC-VIGOR/-/N-Q643LEINX0B
BASICWISE	BASICWISE	target.com	HTTPS://WWW.TARGET.COM/B/BASICWISE/-/N-Q643LE5M3A1
BASIS	BASIS	target.com	HTTPS://WWW.TARGET.COM/B/BASIS/-/N-4Y8MB
BASSBRUSHES	BASSBRUSHES	target.com	HTTPS://WWW.TARGET.COM/B/BASS-BRUSHES/-/N-Q643LE75WJI
BASSOUTDOOR	BASSOUTDOOR	target.com	HTTPS://WWW.TARGET.COM/B/BASS-OUTDOOR/-/N-Q643LE148N9
BASSPROSHOPS	BASSPROSHOPS	target.com	HTTPS://WWW.TARGET.COM/B/BASS-PRO-SHOPS/-/N-Q4658
BATHBLISS	BATHBLISS	target.com	HTTPS://WWW.TARGET.COM/B/BATH-BLISS/-/N-UAMKT
BATTAT	BATTAT	target.com	HTTPS://WWW.TARGET.COM/B/BATTAT/-/N-5S5OK
BATTATBATYJ	BATTAT	target.com	HTTPS://WWW.TARGET.COM/B/BATTAT/-/N-5S5OK
BATTATEDUCATION	BATTATEDUCATION	target.com	HTTPS://WWW.TARGET.COM/B/BATTAT-EDUCATION/-/N-Q643LE4WJCH
BATTLEMACHINES	BATTLEMACHINES	target.com	HTTPS://WWW.TARGET.COM/B/BATTLE-MACHINES/-/N-Q643LEXQYBJ
BATTLESHIP	BATTLESHIP	target.com	HTTPS://WWW.TARGET.COM/B/BATTLESHIP/-/N-C4BW2
BATTLESPORTSSCIENCE	BATTLESPORTSSCIENCE	target.com	HTTPS://WWW.TARGET.COM/B/BATTLE-SPORTS-SCIENCE/-/N-4N3Q
BAUBLEBAR	SUGARFIXBYBAUBLEBAR	target.com	HTTPS://WWW.TARGET.COM/B/SUGARFIX-BY-BAUBLEBAR/-/N-XPUTG
BAUBLEBARSUGARFIX	SUGARFIXBYBAUBLEBAR	target.com	HTTPS://WWW.TARGET.COM/B/SUGARFIX-BY-BAUBLEBAR/-/N-XPUTG
BAUDUCCO	BAUDUCCO	target.com	HTTPS://WWW.TARGET.COM/B/BAUDUCCO/-/N-55I4D
BAUMBROS	BAUMBROS	target.com	HTTPS://WWW.TARGET.COM/B/BAUM-BROS/-/N-5XPY6
BAUMBROTHERS	BAUMBROS	target.com	HTTPS://WWW.TARGET.COM/B/BAUM-BROS/-/N-5XPY6
BAUMGARTENS	BAUMGARTENS	target.com	HTTPS://WWW.TARGET.COM/B/BAUMGARTENS/-/N-1AW89
BAUSCHLOMB	BAUSCHLOMB	target.com	HTTPS://WWW.TARGET.COM/B/BAUSCH-LOMB/-/N-5OUJM
BAVIKUNP	BAKUGAN	target.com	HTTPS://WWW.TARGET.COM/B/BAKUGAN/-/N-JB9ZV
BAXEER	BAXTER	target.com	HTTPS://WWW.TARGET.COM/B/BAXTER/-/N-Q643LE1OH3R
BAXSTONSTUDIO	BAXTONSTUDIO	target.com	HTTPS://WWW.TARGET.COM/B/BAXTON-STUDIO/-/N-5D8ZT
BAXTER	BAXTER	target.com	HTTPS://WWW.TARGET.COM/B/BAXTER/-/N-Q643LE1OH3R
BAXTEROFCALIFORNIA	BAXTER	target.com	HTTPS://WWW.TARGET.COM/B/BAXTER/-/N-Q643LE1OH3R
BAXTON	BAXTONSTUDIO	target.com	HTTPS://WWW.TARGET.COM/B/BAXTON-STUDIO/-/N-5D8ZT
BAXTONFURNITURESTUDIOS	BAXTONSTUDIO	target.com	HTTPS://WWW.TARGET.COM/B/BAXTON-STUDIO/-/N-5D8ZT
BAXTONSTUDIO	BAXTONSTUDIO	target.com	HTTPS://WWW.TARGET.COM/B/BAXTON-STUDIO/-/N-5D8ZT
BAXTONSTUDIOS	BAXTONSTUDIO	target.com	HTTPS://WWW.TARGET.COM/B/BAXTON-STUDIO/-/N-5D8ZT
BAXTONSTUDIOSWANSONWOOD2DRAWER	BAXTONSTUDIO	target.com	HTTPS://WWW.TARGET.COM/B/BAXTON-STUDIO/-/N-5D8ZT
BAYBEEPAWS	BEARPAW	target.com	HTTPS://WWW.TARGET.COM/B/BEARPAW/-/N-Q643LEWXFX0
BAYCNIC	PICNICTIME	target.com	HTTPS://WWW.TARGET.COM/B/PICNIC-TIME/-/N-5XIIV
BAYERDESIGN	BAYERDESIGN	target.com	HTTPS://WWW.TARGET.COM/B/BAYER-DESIGN/-/N-Q643LE4CW2I
BAYLISHARDING	BAYLISHARDING	target.com	HTTPS://WWW.TARGET.COM/B/BAYLIS-HARDING/-/N-Q643LEB6JW4
BAYOUCLASSIC	BAYOUCLASSIC	target.com	HTTPS://WWW.TARGET.COM/B/BAYOU-CLASSIC/-/N-C280C
BAYOUCLASSICS	BAYOUCLASSIC	target.com	HTTPS://WWW.TARGET.COM/B/BAYOU-CLASSIC/-/N-C280C
BAYSBAI	BAI	target.com	HTTPS://WWW.TARGET.COM/B/BAI/-/N-4ULL9
BAZIC	BAZICPRODUCTS	target.com	HTTPS://WWW.TARGET.COM/B/BAZIC-PRODUCTS/-/N-Q643LEVO0Q8
BAZICPRODUCTS	BAZICPRODUCTS	target.com	HTTPS://WWW.TARGET.COM/B/BAZIC-PRODUCTS/-/N-Q643LEVO0Q8
BAZZCIYE	BAZICPRODUCTS	target.com	HTTPS://WWW.TARGET.COM/B/BAZIC-PRODUCTS/-/N-Q643LEVO0Q8
BAZZLEBABY	BAZZLEBABY	target.com	HTTPS://WWW.TARGET.COM/B/BAZZLE-BABY/-/N-5PWEP
BBAIY	BAI	target.com	HTTPS://WWW.TARGET.COM/B/BAI/-/N-4ULL9
BBAZICPRODUCTS	BAZICPRODUCTS	target.com	HTTPS://WWW.TARGET.COM/B/BAZIC-PRODUCTS/-/N-Q643LEVO0Q8
BBBRANDONBASICS	BRANCHBASICS	target.com	HTTPS://WWW.TARGET.COM/B/BRANCH-BASICS/-/N-Q643LE8W2FT
BBCPHYSICALAUDIO	BBCPHYSICALAUDIO	target.com	HTTPS://WWW.TARGET.COM/B/BBC-PHYSICAL-AUDIO/-/N-Q643LEBVY2V
BBEAUTYPLANET	LOVEBEAUTYANDPLANET	target.com	HTTPS://WWW.TARGET.COM/B/LOVE-BEAUTY-AND-PLANET/-/N-UUNY4
BBOX	BBOX	target.com	HTTPS://WWW.TARGET.COM/B/B-BOX/-/N-Q643LEBPB3Y
BBQAID	BBQAID	target.com	HTTPS://WWW.TARGET.COM/B/BBQ-AID/-/N-Q643LEKBUKV
BBQDRAGON	BBQDRAGON	target.com	HTTPS://WWW.TARGET.COM/B/BBQ-DRAGON/-/N-WIAQP
BBQGUYSSIGNATURE	BBQGUYSSIGNATURE	target.com	HTTPS://WWW.TARGET.COM/B/BBQGUYS-SIGNATURE/-/N-Q643LE1NB5E
BBURAGO	BBURAGO	target.com	HTTPS://WWW.TARGET.COM/B/BBURAGO/-/N-QUIE3
BCBABYCARE	BCBABYCARE	target.com	HTTPS://WWW.TARGET.COM/B/BC-BABYCARE/-/N-Q643LEQ5ZEB
BCBARECOTTON	BCBARECOTTON	target.com	HTTPS://WWW.TARGET.COM/B/BC-BARE-COTTON/-/N-Q643LELLJ7X
BCPBESTCHOICEPRODUCTS	BESTCHOICEPRODUCTS	target.com	HTTPS://WWW.TARGET.COM/B/BEST-CHOICE-PRODUCTS/-/N-Q643LE2DWGZ
BCRIO	BRIO	target.com	HTTPS://WWW.TARGET.COM/B/BRIO/-/N-68M19
BCW	BCW	target.com	HTTPS://WWW.TARGET.COM/B/BCW/-/N-4VQY2
BCWJNETS	BCW	target.com	HTTPS://WWW.TARGET.COM/B/BCW/-/N-4VQY2
BCWW	BCW	target.com	HTTPS://WWW.TARGET.COM/B/BCW/-/N-4VQY2
BDBUCKLEDOWN	BUCKLEDOWN	target.com	HTTPS://WWW.TARGET.COM/B/BUCKLE-DOWN/-/N-E4MII
BDENIZENS	DENIZENFROMLEVIS	target.com	HTTPS://WWW.TARGET.COM/B/DENIZEN-FROM-LEVI-S/-/N-Q4E5P
BEACHCOMBERS	BEACHCOMBERSCOASTALLIFE	target.com	HTTPS://WWW.TARGET.COM/B/BEACHCOMBERS-COASTAL-LIFE/-/N-Q643LEFRZRZ
BEACONPRESS	BEACONPRESS	target.com	HTTPS://WWW.TARGET.COM/B/BEACON-PRESS/-/N-Q643LE8EK8U
BEACONPUBLISHING	BEACONPUBLISHINGGROUP	target.com	HTTPS://WWW.TARGET.COM/B/BEACON-PUBLISHING-GROUP/-/N-Q643LE9ZZEM
BEACONPUBLISHINGDESIGN	BEACONPUBLISHINGGROUP	target.com	HTTPS://WWW.TARGET.COM/B/BEACON-PUBLISHING-GROUP/-/N-Q643LE9ZZEM
BEADERY	BEADERY	target.com	HTTPS://WWW.TARGET.COM/B/BEADERY/-/N-Q643LEJI360
BEAMAZINGTOYS	BEAMAZINGTOYS	target.com	HTTPS://WWW.TARGET.COM/B/BE-AMAZING-TOYS/-/N-131RZ
BEAMCORN	BEAMORGANICS	target.com	HTTPS://WWW.TARGET.COM/B/BEAM-ORGANICS/-/N-Q643LEOG6CU
BEAMLIKE	BEAMORGANICS	target.com	HTTPS://WWW.TARGET.COM/B/BEAM-ORGANICS/-/N-Q643LEOG6CU
BEANITOS	BEANITOS	target.com	HTTPS://WWW.TARGET.COM/B/BEANITOS/-/N-Q643LE2RIX5
BEARBARK	BARK	target.com	HTTPS://WWW.TARGET.COM/B/BARK/-/N-Q643LEFGJWN
BEARBOYS	BOYDSBEARS	target.com	HTTPS://WWW.TARGET.COM/B/BOYDS-BEARS/-/N-YAPBK
BEARDGUYZ	BEARDGUYZ	target.com	HTTPS://WWW.TARGET.COM/B/BEARD-GUYZ/-/N-4UT4P
BEARINGTONCOLLECTION	BEARINGTONCOLLECTION	target.com	HTTPS://WWW.TARGET.COM/B/BEARINGTON-COLLECTION/-/N-Q643LECFM8R
BEARMOUNTAINBBQ	BEARMOUNTAINBBQ	target.com	HTTPS://WWW.TARGET.COM/B/BEAR-MOUNTAIN-BBQ/-/N-Q643LEDXCEB
BEARNAKED	BEARNAKED	target.com	HTTPS://WWW.TARGET.COM/B/BEAR-NAKED/-/N-55CWM
BEARPAW	BEARPAW	target.com	HTTPS://WWW.TARGET.COM/B/BEARPAW/-/N-Q643LEWXFX0
BEARPAWPRODUCTS	BEARPAW	target.com	HTTPS://WWW.TARGET.COM/B/BEARPAW/-/N-Q643LEWXFX0
BEASTHEALTH	BEASTHEALTH	target.com	HTTPS://WWW.TARGET.COM/B/BEAST-HEALTH/-/N-Q643LE9LEAJ
BEASTKINGDOM	BEASTKINGDOM	target.com	HTTPS://WWW.TARGET.COM/B/BEAST-KINGDOM/-/N-RQ1YZ
BEASTLAB	MRBEASTLAB	target.com	HTTPS://WWW.TARGET.COM/B/MRBEAST-LAB/-/N-Q643LEPLFR8
BEATERBLADE	BEATERBLADE	target.com	HTTPS://WWW.TARGET.COM/B/BEATERBLADE/-/N-5UJ3K
BEATS	BEATS	target.com	HTTPS://WWW.TARGET.COM/B/BEATS/-/N-S64Q0
BEATSBEATSBEATS	BEATSBYDREHEADPHONES	target.com	HTTPS://WWW.TARGET.COM/B/BEATS/-/N-S64Q0
BEATSBYDRDRE	BEATSBYDREHEADPHONES	target.com	HTTPS://WWW.TARGET.COM/B/BEATS/-/N-S64Q0
BEATSELECTRONICS	BEATSBYDREHEADPHONES	target.com	HTTPS://WWW.TARGET.COM/B/BEATS/-/N-S64Q0
BEATSX	BEATSBYDREHEADPHONES	target.com	HTTPS://WWW.TARGET.COM/B/BEATS/-/N-S64Q0
BEAUTIME	BEAUTIMATE	target.com	HTTPS://WWW.TARGET.COM/B/BEAUTIMATE/-/N-Q643LEAIR1A
BEAUTYANDTHEBEAST	BEAUTYANDTHEBEAST	target.com	HTTPS://WWW.TARGET.COM/B/BEAUTY-AND-THE-BEAST/-/N-4SCEK
BEAUTYBAKERIE	BEAUTYBAKERIE	target.com	HTTPS://WWW.TARGET.COM/B/BEAUTY-BAKERIE/-/N-Q643LEGIREJ
BEAUTYBYEARTH	BEAUTYBYEARTH	target.com	HTTPS://WWW.TARGET.COM/B/BEAUTY-BY-EARTH/-/N-Q643LEC2R5V
BEAUTYBYNATURE	BEAUTYBYEARTH	target.com	HTTPS://WWW.TARGET.COM/B/BEAUTY-BY-EARTH/-/N-Q643LEC2R5V
BEAUTYCONCEPTS	AUTHENTICBEAUTYCONCEPT	target.com	HTTPS://WWW.TARGET.COM/B/AUTHENTIC-BEAUTY-CONCEPT/-/N-Q643LEAKQBY
BEAUTYPEAK	BEAUTYPEAK	target.com	HTTPS://WWW.TARGET.COM/B/BEAUTYPEAK/-/N-Q643LE22UIP
BEAUTYPLANET	LOVEBEAUTYANDPLANET	target.com	HTTPS://WWW.TARGET.COM/B/LOVE-BEAUTY-AND-PLANET/-/N-UUNY4
BEBEAULAIT	BEBEAULAIT	target.com	HTTPS://WWW.TARGET.COM/B/BEBE-AU-LAIT/-/N-5RM9D
BEBIRD	BEBIRD	target.com	HTTPS://WWW.TARGET.COM/B/BEBIRD/-/N-Q643LELG209
BEBON	BEBONCOOL	target.com	HTTPS://WWW.TARGET.COM/B/BEBONCOOL/-/N-Q643LEW8TTR
BEBONCOOL	BEBONCOOL	target.com	HTTPS://WWW.TARGET.COM/B/BEBONCOOL/-/N-Q643LEW8TTR
BECHTLE	BECHTLE	target.com	HTTPS://WWW.TARGET.COM/B/BECHTLE/-/N-Q643LEUR9GJ
BECJYCAMERON	BECKYCAMERON	target.com	HTTPS://WWW.TARGET.COM/B/BECKY-CAMERON/-/N-Q643LEE3FG8
BECKYCAMERON	BECKYCAMERON	target.com	HTTPS://WWW.TARGET.COM/B/BECKY-CAMERON/-/N-Q643LEE3FG8
BECOOL	BECOOL	target.com	HTTPS://WWW.TARGET.COM/B/BE-COOL/-/N-Q643LEMTJR7
BECYCAMERON	BECKYCAMERON	target.com	HTTPS://WWW.TARGET.COM/B/BECKY-CAMERON/-/N-Q643LEE3FG8
BEDCURE	BEDSURE	target.com	HTTPS://WWW.TARGET.COM/B/BEDSURE/-/N-Q643LEIBJBV
BEDFORDCLOCKCOLLECTION	BEDFORDCLOCKS	target.com	HTTPS://WWW.TARGET.COM/B/BEDFORD-CLOCKS/-/N-Q643LE8BYFG
BEDFORDCLOCKCOLLECTIONLOCATIONB	BEDFORDCLOCKS	target.com	HTTPS://WWW.TARGET.COM/B/BEDFORD-CLOCKS/-/N-Q643LE8BYFG
BEDFORDCLOCKS	BEDFORDCLOCKS	target.com	HTTPS://WWW.TARGET.COM/B/BEDFORD-CLOCKS/-/N-Q643LE8BYFG
BEDGEAR	BEDGEAR	target.com	HTTPS://WWW.TARGET.COM/B/BEDGEAR/-/N-SZV61
BEDHEADBYTIGI	TIGI	target.com	HTTPS://WWW.TARGET.COM/B/TIGI/-/N-MYU61
BEDOFNAILS	BEDOFNAILS	target.com	HTTPS://WWW.TARGET.COM/B/BED-OF-NAILS/-/N-Q643LEQKL6P
BEDSCRUNCHIE	BEDSCRUNCHIE	target.com	HTTPS://WWW.TARGET.COM/B/BED-SCRUNCHIE/-/N-Q643LERWRES
BEDSURE	BEDSURE	target.com	HTTPS://WWW.TARGET.COM/B/BEDSURE/-/N-Q643LEIBJBV
BEDSURESTORE	BEDSURE	target.com	HTTPS://WWW.TARGET.COM/B/BEDSURE/-/N-Q643LEIBJBV
BEDTIMEORIGINALS	BEDTIMEORIGINALS	target.com	HTTPS://WWW.TARGET.COM/B/BEDTIME-ORIGINALS/-/N-5XP6T
BEDVOYAGE	BEDVOYAGE	target.com	HTTPS://WWW.TARGET.COM/B/BEDVOYAGE/-/N-Q643LEUYZ1
BEEBALD	BEEBALD	target.com	HTTPS://WWW.TARGET.COM/B/BEE-BALD/-/N-U9N18
BEECHNUT	BEECHNUT	target.com	HTTPS://WWW.TARGET.COM/B/BEECH-NUT/-/N-4PPOU
BEEDARLIN	BEEDARLIN	target.com	HTTPS://WWW.TARGET.COM/B/BEE-DARLIN/-/N-Q643LEI2CV9
BEEHARMONY	BEEHARMONY	target.com	HTTPS://WWW.TARGET.COM/B/BEE-HARMONY/-/N-Q643LEHWZF4
BEEKEEPERSNATURALS	BEEKEEPERSNATURALS	target.com	HTTPS://WWW.TARGET.COM/B/BEEKEEPERS-NATURALS/-/N-Q643LELVVFT
BEEKMAN1802	BEEKMAN1802	target.com	HTTPS://WWW.TARGET.COM/B/BEEKMAN-1802/-/N-4YMQL
BEELICIOUS	BEELICIOUS	target.com	HTTPS://WWW.TARGET.COM/B/BEELICIOUS/-/N-Q643LEVAG0R
BEELINECREATIVE	BEELINECREATIVE	target.com	HTTPS://WWW.TARGET.COM/B/BEELINE-CREATIVE-INC/-/N-I3OEI
BEENATURALS	BEEKEEPERSNATURALS	target.com	HTTPS://WWW.TARGET.COM/B/BEEKEEPERS-NATURALS/-/N-Q643LELVVFT
BEEXCELLELLENT	BEEKEEPERSNATURALS	target.com	HTTPS://WWW.TARGET.COM/B/BEEKEEPERS-NATURALS/-/N-Q643LELVVFT
BEGINAGAIN	BEGINAGAIN	target.com	HTTPS://WWW.TARGET.COM/B/BEGINAGAIN/-/N-14I71
BEHRENS	BEHRENS	target.com	HTTPS://WWW.TARGET.COM/B/BEHRENS/-/N-897A8
BEHRENSENGLAND	BEHRENSENGLAND	target.com	HTTPS://WWW.TARGET.COM/B/BEHRENS-ENGLAND/-/N-Q643LEZQCX8
BEHRMANHOUSEPUBLISHING	BEHRMANHOUSEPUBLISHING	target.com	HTTPS://WWW.TARGET.COM/B/BEHRMAN-HOUSE-PUBLISHING/-/N-Q643LEYHT9Z
BEILEFANG	BIENFANG	target.com	HTTPS://WWW.TARGET.COM/B/BIENFANG/-/N-G38OX
BEILOVE	BELOVED	target.com	HTTPS://WWW.TARGET.COM/B/BELOVED/-/N-Q643LE91NWV
BEINGFRENSHE	BEINGFRENSHE	target.com	HTTPS://WWW.TARGET.COM/B/BEING-FRENSHE/-/N-Q643LEYONHF
BEISTLE	BEISTLE	target.com	HTTPS://WWW.TARGET.COM/B/BEISTLE/-/N-RTTPF
BEISTLEBEISTLE	BEISTLE	target.com	HTTPS://WWW.TARGET.COM/B/BEISTLE/-/N-RTTPF
BEITEFIBER	BENEFIBER	target.com	HTTPS://WWW.TARGET.COM/B/BENEFIBER/-/N-5O6DG
BELAIRLIGHTING	BELAIRLIGHTING	target.com	HTTPS://WWW.TARGET.COM/B/BEL-AIR-LIGHTING/-/N-5NKRX
BELAIRLIGHTINGDROPSHIP	BELAIRLIGHTING	target.com	HTTPS://WWW.TARGET.COM/B/BEL-AIR-LIGHTING/-/N-5NKRX
BELCKN	BELKIN	target.com	HTTPS://WWW.TARGET.COM/B/BELKIN/-/N-5Y67P
BELFFIN	BELFFIN	target.com	HTTPS://WWW.TARGET.COM/B/BELFFIN/-/N-Q643LE9Y71P
BELKIN	BELKIN	target.com	HTTPS://WWW.TARGET.COM/B/BELKIN/-/N-5Y67P
BELKINCOMPONENTS	BELKIN	target.com	HTTPS://WWW.TARGET.COM/B/BELKIN/-/N-5Y67P
BELKININTLINCWEMO	BELKIN	target.com	HTTPS://WWW.TARGET.COM/B/BELKIN/-/N-5Y67P
BELKINMOBILE	BELKIN	target.com	HTTPS://WWW.TARGET.COM/B/BELKIN/-/N-5Y67P
BELLADEPOT	BELLADEPOT	target.com	HTTPS://WWW.TARGET.COM/B/BELLA-DEPOT/-/N-Q643LEGKXWZ
BELLAHOUSEWARES	BELLAHOUSEWARES	target.com	HTTPS://WWW.TARGET.COM/B/BELLA-HOUSEWARES/-/N-Q643LEV1SGU
BELLAMOSS	BELLAMOSS	target.com	HTTPS://WWW.TARGET.COM/B/BELLA-MOSS/-/N-Q643LEZUH5Q
BELLANDHOWELL	BELLHOWELL	target.com	HTTPS://WWW.TARGET.COM/B/BELL-HOWELL/-/N-P83O7
BELLARSPORT	SPORTBRELLA	target.com	HTTPS://WWW.TARGET.COM/B/SPORT-BRELLA/-/N-3UIA6
BELLASTORAGESOLUTION	BELLASTORAGESOLUTION	target.com	HTTPS://WWW.TARGET.COM/B/BELLA-STORAGE-SOLUTION/-/N-THBTP
BELLATUNNO	BELLATUNNO	target.com	HTTPS://WWW.TARGET.COM/B/BELLA-TUNNO/-/N-RWXCM
BELLAUNOBELLISSIMA	BELLAUNOBELLISSIMA	target.com	HTTPS://WWW.TARGET.COM/B/BELLA-UNO-BELLISSIMA/-/N-Q643LELZPAI
BELLEANDHOWELL	BELLHOWELL	target.com	HTTPS://WWW.TARGET.COM/B/BELL-HOWELL/-/N-P83O7
BELLEARLY	BELLIWELLI	target.com	HTTPS://WWW.TARGET.COM/B/BELLIWELLI/-/N-Q643LEHFVW5
BELLEMAIN	BELLEMAIN	target.com	HTTPS://WWW.TARGET.COM/B/BELLEMAIN/-/N-Q643LEUZMMC
BELLEMAVE	BELLEMAVE	target.com	HTTPS://WWW.TARGET.COM/B/BELLEMAVE/-/N-Q643LEAKRIM
BELLEMAVESTORE	BELLEMAVE	target.com	HTTPS://WWW.TARGET.COM/B/BELLEMAVE/-/N-Q643LEAKRIM
BELLESANDWHISTLES	BELLESWHISTLES	target.com	HTTPS://WWW.TARGET.COM/B/BELLES-WHISTLES/-/N-A5T9E
BELLESWHISTLES	BELLESWHISTLES	target.com	HTTPS://WWW.TARGET.COM/B/BELLES-WHISTLES/-/N-A5T9E
BELLHOWEL	BELLHOWELL	target.com	HTTPS://WWW.TARGET.COM/B/BELL-HOWELL/-/N-P83O7
BELLHOWELL	BELLHOWELL	target.com	HTTPS://WWW.TARGET.COM/B/BELL-HOWELL/-/N-P83O7
BELLI	BELLIWELLI	target.com	HTTPS://WWW.TARGET.COM/B/BELLIWELLI/-/N-Q643LEHFVW5
BELLIWELLI	BELLIWELLI	target.com	HTTPS://WWW.TARGET.COM/B/BELLIWELLI/-/N-Q643LEHFVW5
BELLLIFESTYLESPRODUCTS	BELLLIFESTYLEPRODUCTS	target.com	HTTPS://WWW.TARGET.COM/B/BELL-LIFESTYLE-PRODUCTS/-/N-Q643LEGU9M
BELLO	HELLOBELLO	target.com	HTTPS://WWW.TARGET.COM/B/HELLO-BELLO/-/N-Q643LE9EFW4
BELLSPORTS	BELLSPORTS	target.com	HTTPS://WWW.TARGET.COM/B/BELL-SPORTS/-/N-5CX4Q
BELLSPORTSCYCLEPRODUCTS	BELLSPORTS	target.com	HTTPS://WWW.TARGET.COM/B/BELL-SPORTS/-/N-5CX4Q
BELLWAY	BELLWAY	target.com	HTTPS://WWW.TARGET.COM/B/BELLWAY/-/N-Q643LE27UV8
BELLYBANDIT	BELLYBANDIT	target.com	HTTPS://WWW.TARGET.COM/B/BELLY-BANDIT/-/N-5SBDY
BELLYBANDITR	BELLYBANDIT	target.com	HTTPS://WWW.TARGET.COM/B/BELLY-BANDIT/-/N-5SBDY
BELMINT	BELMINT	target.com	HTTPS://WWW.TARGET.COM/B/BELMINT/-/N-Q643LEGJF49
BELORD	BELORD	target.com	HTTPS://WWW.TARGET.COM/B/BELORD/-/N-Q643LEBS2T7
BELOVE	BELOVED	target.com	HTTPS://WWW.TARGET.COM/B/BELOVED/-/N-Q643LE91NWV
BELOVED	BELOVED	target.com	HTTPS://WWW.TARGET.COM/B/BELOVED/-/N-Q643LE91NWV
BELOVEDBELONGINGS	BELOVED	target.com	HTTPS://WWW.TARGET.COM/B/BELOVED/-/N-Q643LE91NWV
BELOVEDINSPIRED	BELOVEDINSPIRED	target.com	HTTPS://WWW.TARGET.COM/B/BELOVED-INSPIRED/-/N-Q643LEEPW1C
BELOVING	BELOVED	target.com	HTTPS://WWW.TARGET.COM/B/BELOVED/-/N-Q643LE91NWV
BELVITA	BELVITA	target.com	HTTPS://WWW.TARGET.COM/B/BELVITA/-/N-5510A
BELWARES	BELWARES	target.com	HTTPS://WWW.TARGET.COM/B/BELWARES/-/N-Q643LETTFR0
BELWODLY	BELLIWELLI	target.com	HTTPS://WWW.TARGET.COM/B/BELLIWELLI/-/N-Q643LEHFVW5
BELWODLY	BELLWAY	target.com	HTTPS://WWW.TARGET.COM/B/BELLWAY/-/N-Q643LE27UV8
BEMISMAYFAIR	MAYFAIRBYBEMIS	target.com	HTTPS://WWW.TARGET.COM/B/MAYFAIR-BY-BEMIS/-/N-Q643LEV17G1
BENADRYL	BENADRYL	target.com	HTTPS://WWW.TARGET.COM/B/BENADRYL/-/N-5DWOV
BENBELLABOOKS	BENBELLABOOKS	target.com	HTTPS://WWW.TARGET.COM/B/BENBELLA-BOOKS/-/N-Q643LEB9AD9
BENBELLE	BENBELLABOOKS	target.com	HTTPS://WWW.TARGET.COM/B/BENBELLA-BOOKS/-/N-Q643LEB9AD9
BENDON	BENDON	target.com	HTTPS://WWW.TARGET.COM/B/BENDON/-/N-FZ241
BENEBONE	BENEBONE	target.com	HTTPS://WWW.TARGET.COM/B/BENEBONE/-/N-4VQ86
BENEFIBER	BENEFIBER	target.com	HTTPS://WWW.TARGET.COM/B/BENEFIBER/-/N-5O6DG
BENEFIT	BENEFITCOSMETICS	target.com	HTTPS://WWW.TARGET.COM/B/BENEFIT-COSMETICS/-/N-Q643LEKGN0X
BENEFITCOSMETICS	BENEFITCOSMETICS	target.com	HTTPS://WWW.TARGET.COM/B/BENEFIT-COSMETICS/-/N-Q643LEKGN0X
BENEFITUSA	BENEFITCOSMETICS	target.com	HTTPS://WWW.TARGET.COM/B/BENEFIT-COSMETICS/-/N-Q643LEKGN0X
BENEFREE	BENEFITCOSMETICS	target.com	HTTPS://WWW.TARGET.COM/B/BENEFIT-COSMETICS/-/N-Q643LEKGN0X
BENEFUL	BENEFUL	target.com	HTTPS://WWW.TARGET.COM/B/BENEFUL/-/N-4YJH6
BENEYOND	BEYONDMEAT	target.com	HTTPS://WWW.TARGET.COM/B/BEYOND-MEAT/-/N-TG7QF
BENGAY	BENGAY	target.com	HTTPS://WWW.TARGET.COM/B/BENGAY/-/N-56E6C
BENGENTA	BENGAY	target.com	HTTPS://WWW.TARGET.COM/B/BENGAY/-/N-56E6C
BENGUM	BENGAY	target.com	HTTPS://WWW.TARGET.COM/B/BENGAY/-/N-56E6C
BENIFATE	BENEFITCOSMETICS	target.com	HTTPS://WWW.TARGET.COM/B/BENEFIT-COSMETICS/-/N-Q643LEKGN0X
BENIFITURE	BENEFITCOSMETICS	target.com	HTTPS://WWW.TARGET.COM/B/BENEFIT-COSMETICS/-/N-Q643LEKGN0X
BENJUNC	BENJERRYS	target.com	HTTPS://WWW.TARGET.COM/B/BEN-JERRY-S/-/N-56GHC
BENKAUFMANSALES	BENKAUFMANSALES	target.com	HTTPS://WWW.TARGET.COM/B/BEN-KAUFMAN-SALES/-/N-Q643LEAQ175
BENNIOBRENNY	BENNY	target.com	HTTPS://WWW.TARGET.COM/B/BENNY/-/N-Q643LENX5AP
BENTAGO	BENTGO	target.com	HTTPS://WWW.TARGET.COM/B/BENTGO/-/N-4UANN
BENTCO	BENTGO	target.com	HTTPS://WWW.TARGET.COM/B/BENTGO/-/N-4UANN
BENTIBO	BENTGO	target.com	HTTPS://WWW.TARGET.COM/B/BENTGO/-/N-4UANN
BENTOLOCO	BENTGO	target.com	HTTPS://WWW.TARGET.COM/B/BENTGO/-/N-4UANN
BENTOOOGO	BENTGO	target.com	HTTPS://WWW.TARGET.COM/B/BENTGO/-/N-4UANN
BENZARA	BENZARA	target.com	HTTPS://WWW.TARGET.COM/B/BENZARA/-/N-4KAEA
BENZEDREX	BENZEDREX	target.com	HTTPS://WWW.TARGET.COM/B/BENZEDREX/-/N-Q643LE8IN59
BENZODENT	BENZODENT	target.com	HTTPS://WWW.TARGET.COM/B/BENZODENT/-/N-Q643LE3CW9E
BEPURELIFE	PURELIFE	target.com	HTTPS://WWW.TARGET.COM/B/PURE-LIFE/-/N-Q643LE3H1VR
BEPUZZLED	BEPUZZLED	target.com	HTTPS://WWW.TARGET.COM/B/BEPUZZLED/-/N-4YM75
BEREPO	BEROBREWING	target.com	HTTPS://WWW.TARGET.COM/B/BERO-BREWING/-/N-Q643LE7UO71
BERIWINKLE	BERIWINKLE	target.com	HTTPS://WWW.TARGET.COM/B/BERIWINKLE/-/N-8RRH7
BERKLEYANDJENSEN	BERKLEYJENSEN	target.com	HTTPS://WWW.TARGET.COM/B/BERKLEY-JENSEN/-/N-Q643LECTFFM
BERKLEYANDJENSON	BERKLEYJENSEN	target.com	HTTPS://WWW.TARGET.COM/B/BERKLEY-JENSEN/-/N-Q643LECTFFM
BERKLEYJENSEN	BERKLEYJENSEN	target.com	HTTPS://WWW.TARGET.COM/B/BERKLEY-JENSEN/-/N-Q643LECTFFM
BERKSHIREBLANKET	BERKSHIREBLANKETHOMECO	target.com	HTTPS://WWW.TARGET.COM/B/BERKSHIRE-BLANKET-HOME-CO/-/N-Q643LE1VOZ
BERKSHIREBLANKETHOMECO	BERKSHIREBLANKETHOMECO	target.com	HTTPS://WWW.TARGET.COM/B/BERKSHIRE-BLANKET-HOME-CO/-/N-Q643LE1VOZ
BERKWARE	BERKWARE	target.com	HTTPS://WWW.TARGET.COM/B/BERKWARE/-/N-Q643LEM95KX
BERLANEY	BERLANEY	target.com	HTTPS://WWW.TARGET.COM/B/BERLANEY/-/N-Q643LETF18F
BERO	BEROBREWING	target.com	HTTPS://WWW.TARGET.COM/B/BERO-BREWING/-/N-Q643LE7UO71
BEROSS	BEROBREWING	target.com	HTTPS://WWW.TARGET.COM/B/BERO-BREWING/-/N-Q643LE7UO71
BEROVE	BEROBREWING	target.com	HTTPS://WWW.TARGET.COM/B/BERO-BREWING/-/N-Q643LE7UO71
BERPOR	BEROBREWING	target.com	HTTPS://WWW.TARGET.COM/B/BERO-BREWING/-/N-Q643LE7UO71
BERRYNILLA	BELLIWELLI	target.com	HTTPS://WWW.TARGET.COM/B/BELLIWELLI/-/N-Q643LEHFVW5
BERTOLLI	BERTOLLI	target.com	HTTPS://WWW.TARGET.COM/B/BERTOLLI/-/N-56GHV
BERTOLLI	BERTOLLIFROZEN	target.com	HTTPS://WWW.TARGET.COM/B/BERTOLLI-FROZEN/-/N-Q643LE6XZXP
BERVYOSW	BEROBREWING	target.com	HTTPS://WWW.TARGET.COM/B/BERO-BREWING/-/N-Q643LE7UO71
BESMIRROR	BESMIRROR	target.com	HTTPS://WWW.TARGET.COM/B/BESMIRROR/-/N-Q643LECAOAM
BESPUBLISHING	BESPUBLISHING	target.com	HTTPS://WWW.TARGET.COM/B/B-E-S-PUBLISHING/-/N-Q643LET7B2D
BESTCHO	BESTCHOICEPRODUCTS	target.com	HTTPS://WWW.TARGET.COM/B/BEST-CHOICE-PRODUCTS/-/N-Q643LE2DWGZ
BESTCHOICE	BESTCHOICEPRODUCTS	target.com	HTTPS://WWW.TARGET.COM/B/BEST-CHOICE-PRODUCTS/-/N-Q643LE2DWGZ
BESTCHOICE000	BESTCHOICEPRODUCTS	target.com	HTTPS://WWW.TARGET.COM/B/BEST-CHOICE-PRODUCTS/-/N-Q643LE2DWGZ
BESTCHOICEFESTIVAL	BESTCHOICEPRODUCTS	target.com	HTTPS://WWW.TARGET.COM/B/BEST-CHOICE-PRODUCTS/-/N-Q643LE2DWGZ
BESTCHOICEFORYOU	BESTCHOICEPRODUCTS	target.com	HTTPS://WWW.TARGET.COM/B/BEST-CHOICE-PRODUCTS/-/N-Q643LE2DWGZ
BESTCHOICEPRO	BESTCHOICEPRODUCTS	target.com	HTTPS://WWW.TARGET.COM/B/BEST-CHOICE-PRODUCTS/-/N-Q643LE2DWGZ
BESTCHOICEPRODUCT	BESTCHOICEPRODUCTS	target.com	HTTPS://WWW.TARGET.COM/B/BEST-CHOICE-PRODUCTS/-/N-Q643LE2DWGZ
BESTCHOICEPRODUCTS	BESTCHOICEPRODUCTS	target.com	HTTPS://WWW.TARGET.COM/B/BEST-CHOICE-PRODUCTS/-/N-Q643LE2DWGZ
BESTCHOICEPRODUCTS55QUARTLARGE	BESTCHOICEPRODUCTS	target.com	HTTPS://WWW.TARGET.COM/B/BEST-CHOICE-PRODUCTS/-/N-Q643LE2DWGZ
BESTCHOICEPRODUCTSSTORE	BESTCHOICEPRODUCTS	target.com	HTTPS://WWW.TARGET.COM/B/BEST-CHOICE-PRODUCTS/-/N-Q643LE2DWGZ
BESTCHOICEPROUDUCTS	BESTCHOICEPRODUCTS	target.com	HTTPS://WWW.TARGET.COM/B/BEST-CHOICE-PRODUCTS/-/N-Q643LE2DWGZ
BESTCHOISEPRODUCT	BESTCHOICEPRODUCTS	target.com	HTTPS://WWW.TARGET.COM/B/BEST-CHOICE-PRODUCTS/-/N-Q643LE2DWGZ
BESTFRIENDSBYSHERISTORE	BESTFRIENDSBYSHERI	target.com	HTTPS://WWW.TARGET.COM/B/BEST-FRIENDS-BY-SHERI/-/N-UV5SN
BESTITURE	BESTIER	target.com	HTTPS://WWW.TARGET.COM/B/BESTIER/-/N-Q643LEJK06N
BESTMASTERSFURNITURE	BESTMASTERFURNITURE	target.com	HTTPS://WWW.TARGET.COM/B/BEST-MASTER-FURNITURE/-/N-Q643LEFJ2SP
BESTPAPERGREETINGS	BESTPAPERGREETINGS	target.com	HTTPS://WWW.TARGET.COM/B/BEST-PAPER-GREETINGS/-/N-Q643LEOVBHJ
BESTRIDEONCAR	BESTRIDEONCARS	target.com	HTTPS://WWW.TARGET.COM/B/BEST-RIDE-ON-CARS/-/N-N1VVO
BESTRIDEONCARS	BESTRIDEONCARS	target.com	HTTPS://WWW.TARGET.COM/B/BEST-RIDE-ON-CARS/-/N-N1VVO
BESTS	BEATSBYDREHEADPHONES	target.com	HTTPS://WWW.TARGET.COM/B/BEATS/-/N-S64Q0
BESTTLIEBCO	BESTTLIEBCO	target.com	HTTPS://WWW.TARGET.COM/B/BESTT-LIEBCO/-/N-Q643LESTNZK
BESTWAYTECH	BESTWAY	target.com	HTTPS://WWW.TARGET.COM/B/BESTWAY/-/N-54X9N
BESTYEAREVER	BESTYEAREVER	target.com	HTTPS://WWW.TARGET.COM/B/BEST-YEAR-EVER/-/N-Q643LE5DFK7
BETCKEY	BETCKEY	target.com	HTTPS://WWW.TARGET.COM/B/BETCKEY/-/N-Q643LEW6UJ5
BETERTRENDS	BETTERTRENDS	target.com	HTTPS://WWW.TARGET.COM/B/BETTER-TRENDS/-/N-5MLQ8
BETHANYHOUSEPUBLISHERS	BETHANYHOUSEPUBLISHERS	target.com	HTTPS://WWW.TARGET.COM/B/BETHANY-HOUSE-PUBLISHERS/-/N-Q643LECJE1S
BETHANYLOWE	BETHANYLOWEDESIGNS	target.com	HTTPS://WWW.TARGET.COM/B/BETHANY-LOWE-DESIGNS/-/N-HT7YL
BETHANYLOWEDESIGNS	BETHANYLOWEDESIGNS	target.com	HTTPS://WWW.TARGET.COM/B/BETHANY-LOWE-DESIGNS/-/N-HT7YL
BETSEYJOHNSON	BETSEYJOHNSON	target.com	HTTPS://WWW.TARGET.COM/B/BETSEY-JOHNSON/-/N-Q643LER892H
BETSEYVILLE	BETSEYVILLE	target.com	HTTPS://WWW.TARGET.COM/B/BETSEYVILLE/-/N-4YIMP
BETSYFLAGS	BETSYFLAGS	target.com	HTTPS://WWW.TARGET.COM/B/BETSY-FLAGS/-/N-5UB2J
BETSYJOHNSON	BETSEYJOHNSON	target.com	HTTPS://WWW.TARGET.COM/B/BETSEY-JOHNSON/-/N-Q643LER892H
BETTERBODYFOODS	BETTERBODYFOODS	target.com	HTTPS://WWW.TARGET.COM/B/BETTERBODY-FOODS/-/N-NG24F
BETTERBODYFOODSNUTRITION	BETTERBODYFOODS	target.com	HTTPS://WWW.TARGET.COM/B/BETTERBODY-FOODS/-/N-NG24F
BETTERCHEF	BETTERCHEF	target.com	HTTPS://WWW.TARGET.COM/B/BETTER-CHEF/-/N-Q643LEXDXYL
BETTERCHOICET	BESTCHOICEPRODUCTS	target.com	HTTPS://WWW.TARGET.COM/B/BEST-CHOICE-PRODUCTS/-/N-Q643LE2DWGZ
BETTERHOME	BETTERHOMEPRODUCTS	target.com	HTTPS://WWW.TARGET.COM/B/BETTER-HOME-PRODUCTS/-/N-Q643LE4VDZN
BETTERHOMEBETTERLIFE	BETTERHOMEPRODUCTS	target.com	HTTPS://WWW.TARGET.COM/B/BETTER-HOME-PRODUCTS/-/N-Q643LE4VDZN
BETTERHOMEPRODUCTS	BETTERHOMEPRODUCTS	target.com	HTTPS://WWW.TARGET.COM/B/BETTER-HOME-PRODUCTS/-/N-Q643LE4VDZN
BETTERHOMESANDGARDENSBOOKS	BETTERHOMESANDGARDENSBOOKS	target.com	HTTPS://WWW.TARGET.COM/B/BETTER-HOMES-AND-GARDENS-BOOKS/-/N-Q643LE12WRN
BETTERHOUSEWARE	BETTERHOUSEWARE	target.com	HTTPS://WWW.TARGET.COM/B/BETTER-HOUSEWARE/-/N-Q643LEAZ23E
BETTERHOUSEWAREROVEL	BETTERHOUSEWARE	target.com	HTTPS://WWW.TARGET.COM/B/BETTER-HOUSEWARE/-/N-Q643LEAZ23E
BETTERHOUSEWARES	BETTERHOUSEWARE	target.com	HTTPS://WWW.TARGET.COM/B/BETTER-HOUSEWARE/-/N-Q643LEAZ23E
BETTERLIFE	BETTERLIFE	target.com	HTTPS://WWW.TARGET.COM/B/BETTER-LIFE/-/N-Q643LEQUFJI
BETTERLIVING	BETTERLIVINGPRODUCTS	target.com	HTTPS://WWW.TARGET.COM/B/BETTER-LIVING-PRODUCTS/-/N-KQULI
BETTERLIVINGMAKINGLIFEALITTLEE	BETTERLIVINGPRODUCTS	target.com	HTTPS://WWW.TARGET.COM/B/BETTER-LIVING-PRODUCTS/-/N-KQULI
BETTERLIVINGPRODUCTS	BETTERLIVINGPRODUCTS	target.com	HTTPS://WWW.TARGET.COM/B/BETTER-LIVING-PRODUCTS/-/N-KQULI
BETTERMADE	BETTERMADESNACKFOODS	target.com	HTTPS://WWW.TARGET.COM/B/BETTER-MADE-SNACK-FOODS/-/N-Q643LESBQTW
BETTERNEE	BETTERBONE	target.com	HTTPS://WWW.TARGET.COM/B/BETTERBONE/-/N-Q643LECOI49
BETTEROATS	BETTEROATS	target.com	HTTPS://WWW.TARGET.COM/B/BETTER-OATS/-/N-56DAL
BETTERTHANBOUILLON	BETTERTHANBOUILLON	target.com	HTTPS://WWW.TARGET.COM/B/BETTER-THAN-BOUILLON/-/N-Q643LEL1CTA
BETTERTHINGSHOME	BETTERHOMEPRODUCTS	target.com	HTTPS://WWW.TARGET.COM/B/BETTER-HOME-PRODUCTS/-/N-Q643LE4VDZN
BETTERTRENDS	BETTERTRENDS	target.com	HTTPS://WWW.TARGET.COM/B/BETTER-TRENDS/-/N-5MLQ8
BETTERWOODPRODUCTS	BETTERWOODPRODUCTS	target.com	HTTPS://WWW.TARGET.COM/B/BETTERWOOD-PRODUCTS/-/N-MWDHN
BETTS	BEATSBYDREHEADPHONES	target.com	HTTPS://WWW.TARGET.COM/B/BEATS/-/N-S64Q0
BETTYBOOP	BETTYBOOP	target.com	HTTPS://WWW.TARGET.COM/B/BETTY-BOOP/-/N-Q643LE97L6C
BETTYCROCKER	BETTYCROCKER	target.com	HTTPS://WWW.TARGET.COM/B/BETTY-CROCKER/-/N-5QC1X
BETTYCROCKERBAKING	BETTYCROCKER	target.com	HTTPS://WWW.TARGET.COM/B/BETTY-CROCKER/-/N-5QC1X
BETTYCROCKERL	BETTYCROCKER	target.com	HTTPS://WWW.TARGET.COM/B/BETTY-CROCKER/-/N-5QC1X
BETTYCROCKERLOCATIONB89	BETTYCROCKER	target.com	HTTPS://WWW.TARGET.COM/B/BETTY-CROCKER/-/N-5QC1X
BETTYCROCKERS	BETTYCROCKER	target.com	HTTPS://WWW.TARGET.COM/B/BETTY-CROCKER/-/N-5QC1X
BETTYCROKER	BETTYCROCKER	target.com	HTTPS://WWW.TARGET.COM/B/BETTY-CROCKER/-/N-5QC1X
BEURER	BEURER	target.com	HTTPS://WWW.TARGET.COM/B/BEURER/-/N-Q643LE5XX74
BEVEL	BEVEL	target.com	HTTPS://WWW.TARGET.COM/B/BEVEL/-/N-4UTB7
BEVELENERGY	BEVEL	target.com	HTTPS://WWW.TARGET.COM/B/BEVEL/-/N-4UTB7
BEVERLYHILLPOLOCLUB	BEVERYLYHILLSPOLOCLUB	target.com	HTTPS://WWW.TARGET.COM/B/BEVERYLY-HILLS-POLO-CLUB/-/N-Q643LE9UANJ
BEVERLYHILLSPOLOCLUB	BEVERYLYHILLSPOLOCLUB	target.com	HTTPS://WWW.TARGET.COM/B/BEVERYLY-HILLS-POLO-CLUB/-/N-Q643LE9UANJ
BEVILT	BELVITA	target.com	HTTPS://WWW.TARGET.COM/B/BELVITA/-/N-5510A
BEVRITE	BEV	target.com	HTTPS://WWW.TARGET.COM/B/BEV/-/N-Q643LEUV3X5
BEWLTHY	BELLIWELLI	target.com	HTTPS://WWW.TARGET.COM/B/BELLIWELLI/-/N-Q643LEHFVW5
BEY	BEYBLADE	target.com	HTTPS://WWW.TARGET.COM/B/BEYBLADE/-/N-DORPL
BEYAHELA	BEYBLADE	target.com	HTTPS://WWW.TARGET.COM/B/BEYBLADE/-/N-DORPL
BEYEND	BEYONDMEAT	target.com	HTTPS://WWW.TARGET.COM/B/BEYOND-MEAT/-/N-TG7QF
BEYERDYNAMIC	BEYERDYNAMIC	target.com	HTTPS://WWW.TARGET.COM/B/BEYERDYNAMIC/-/N-WAD1Y
BEYIUS	BEYBLADE	target.com	HTTPS://WWW.TARGET.COM/B/BEYBLADE/-/N-DORPL
BEYOLTD	BEYONDMEAT	target.com	HTTPS://WWW.TARGET.COM/B/BEYOND-MEAT/-/N-TG7QF
BEYOND	BEYONDMEAT	target.com	HTTPS://WWW.TARGET.COM/B/BEYOND-MEAT/-/N-TG7QF
BEYONDA	BEYONDMEAT	target.com	HTTPS://WWW.TARGET.COM/B/BEYOND-MEAT/-/N-TG7QF
BEYONDBREATH	BEYONDBREATH	target.com	HTTPS://WWW.TARGET.COM/B/BEYOND-BREATH/-/N-Q643LEKCW50
BEYONDGOURMET	BEYONDGOURMET	target.com	HTTPS://WWW.TARGET.COM/B/BEYOND-GOURMET/-/N-Q643LEDQ7MY
BEYONDMEAT	BEYONDMEAT	target.com	HTTPS://WWW.TARGET.COM/B/BEYOND-MEAT/-/N-TG7QF
BEYONDOP	BEYONDMEAT	target.com	HTTPS://WWW.TARGET.COM/B/BEYOND-MEAT/-/N-TG7QF
BEYONDPAINT	BEYONDPAINT	target.com	HTTPS://WWW.TARGET.COM/B/BEYOND-PAINT/-/N-Q643LEORJB
BEYONDPUBLISHING	BEYONDPUBLISHING	target.com	HTTPS://WWW.TARGET.COM/B/BEYOND-PUBLISHING/-/N-Q643LEF1UOU
BEYONDS	BEYONDMEAT	target.com	HTTPS://WWW.TARGET.COM/B/BEYOND-MEAT/-/N-TG7QF
BEYONDY	BEYONDMEAT	target.com	HTTPS://WWW.TARGET.COM/B/BEYOND-MEAT/-/N-TG7QF
BEYOODA	BEYOU	target.com	HTTPS://WWW.TARGET.COM/B/BEYOU/-/N-Q643LE5I5SS
BEYOU	BEYOU	target.com	HTTPS://WWW.TARGET.COM/B/BEYOU/-/N-Q643LE5I5SS
BEYRBEST	BEYBLADE	target.com	HTTPS://WWW.TARGET.COM/B/BEYBLADE/-/N-DORPL
BEZRAT	BEZRAT	target.com	HTTPS://WWW.TARGET.COM/B/BEZRAT/-/N-Q643LEWC1KI
BFFBABY	BFFBYCRYBABIES	target.com	HTTPS://WWW.TARGET.COM/B/BFF-BY-CRY-BABIES/-/N-Q643LEXJ73W
BFFBYCRYBABIES	BFFBYCRYBABIES	target.com	HTTPS://WWW.TARGET.COM/B/BFF-BY-CRY-BABIES/-/N-Q643LEXJ73W
BFGSUPPLY	BFGSUPPLYCO	target.com	HTTPS://WWW.TARGET.COM/B/BFG-SUPPLY-CO/-/N-Q643LE8RUOL
BFREEFOODS	BFREEFOODS	target.com	HTTPS://WWW.TARGET.COM/B/BFREE-FOODS/-/N-Q643LEQNT0W
BGSD	BGSD	target.com	HTTPS://WWW.TARGET.COM/B/BGSD/-/N-Q643LE1HVE3
BHAPPY	HAPPY	target.com	HTTPS://WWW.TARGET.COM/B/HAPPY/-/N-Q643LEFS0B6
BHEURIZA	BABYBREZZA	target.com	HTTPS://WWW.TARGET.COM/B/BABY-BREZZA/-/N-594D5
BHPUBLISHING	BHPUBLISHINGGROUP	target.com	HTTPS://WWW.TARGET.COM/B/B-H-PUBLISHING-GROUP/-/N-Q643LEC8EB2
BHUFOODS	BHUFOODS	target.com	HTTPS://WWW.TARGET.COM/B/BHU-FOODS/-/N-Q643LEKIJ3A
BHUJA	BHUJA	target.com	HTTPS://WWW.TARGET.COM/B/BHUJA/-/N-Q643LE87G99
BIAHE	BAI	target.com	HTTPS://WWW.TARGET.COM/B/BAI/-/N-4ULL9
BIALETTI	BIALETTI	target.com	HTTPS://WWW.TARGET.COM/B/BIALETTI/-/N-5VI08
BIALETTIL	BIALETTI	target.com	HTTPS://WWW.TARGET.COM/B/BIALETTI/-/N-5VI08
BIALETTISIMILARDESIGN	BIALETTI	target.com	HTTPS://WWW.TARGET.COM/B/BIALETTI/-/N-5VI08
BIANCODINAPOLI	BIANCODINAPOLI	target.com	HTTPS://WWW.TARGET.COM/B/BIANCO-DINAPOLI/-/N-Q643LE3WQE8
BIBIGO	BIBIGO	target.com	HTTPS://WWW.TARGET.COM/B/BIBIGO/-/N-P71JS
BIBIGOOD	BIBIGO	target.com	HTTPS://WWW.TARGET.COM/B/BIBIGO/-/N-P71JS
BIBISTORE	BIBI	target.com	HTTPS://WWW.TARGET.COM/B/BIBI/-/N-Q643LE5NO0P
BIBLIOASIS	BIBLIOASIS	target.com	HTTPS://WWW.TARGET.COM/B/BIBLIOASIS/-/N-Q643LEJERVW
BIBNGLO	BIBIGO	target.com	HTTPS://WWW.TARGET.COM/B/BIBIGO/-/N-P71JS
BIBOG	BIBIGO	target.com	HTTPS://WWW.TARGET.COM/B/BIBIGO/-/N-P71JS
BICAMERICA	BICAMERICA	target.com	HTTPS://WWW.TARGET.COM/B/BIC-AMERICA/-/N-SY21I
BIDDEFORD	BIDDEFORDBLANKETS	target.com	HTTPS://WWW.TARGET.COM/B/BIDDEFORD-BLANKETS/-/N-5SG2N
BIDDEFORDBLANKETS	BIDDEFORDBLANKETS	target.com	HTTPS://WWW.TARGET.COM/B/BIDDEFORD-BLANKETS/-/N-5SG2N
BIDDERORD	BIDDEFORDBLANKETS	target.com	HTTPS://WWW.TARGET.COM/B/BIDDEFORD-BLANKETS/-/N-5SG2N
BIDDFORD	BIDDEFORDBLANKETS	target.com	HTTPS://WWW.TARGET.COM/B/BIDDEFORD-BLANKETS/-/N-5SG2N
BIDETMASTER	BIDEATE	target.com	HTTPS://WWW.TARGET.COM/B/BIDETMATE/-/N-Q643LES8CI0
BIDETMATE	BIDETMATE	target.com	HTTPS://WWW.TARGET.COM/B/BIDETMATE/-/N-Q643LES8CI0
BIELEBBI	BIALETTI	target.com	HTTPS://WWW.TARGET.COM/B/BIALETTI/-/N-5VI08
BIENA	BIENA	target.com	HTTPS://WWW.TARGET.COM/B/BIENA/-/N-XV41V
BIENFANG	BIENFANG	target.com	HTTPS://WWW.TARGET.COM/B/BIENFANG/-/N-G38OX
BIFBANGPOW	BIFBANGPOW	target.com	HTTPS://WWW.TARGET.COM/B/BIF-BANG-POW/-/N-OPEIK
BIGBARKER	BIGBARKER	target.com	HTTPS://WWW.TARGET.COM/B/BIG-BARKER/-/N-Q643LELZLHG
BIGBARKERDOGBEDS	BIGBARKER	target.com	HTTPS://WWW.TARGET.COM/B/BIG-BARKER/-/N-Q643LELZLHG
BIGCOUNTRYFARMTOYS	BIGCOUNTRYTOYS	target.com	HTTPS://WWW.TARGET.COM/B/BIG-COUNTRY-TOYS/-/N-Q643LEO7UIT
BIGCOUNTRYTOYS	BIGCOUNTRYTOYS	target.com	HTTPS://WWW.TARGET.COM/B/BIG-COUNTRY-TOYS/-/N-Q643LEO7UIT
BIGDITCHBREWING	BIGDITCHBREWINGCOMPANY	target.com	HTTPS://WWW.TARGET.COM/B/BIG-DITCH-BREWING-COMPANY/-/N-Q643LEQW03
BIGDOT	BIGDOTOFHAPPINESS	target.com	HTTPS://WWW.TARGET.COM/B/BIG-DOT-OF-HAPPINESS/-/N-Q643LEZ8VR7
BIGDOTOFHAPPINESS	BIGDOTOFHAPPINESS	target.com	HTTPS://WWW.TARGET.COM/B/BIG-DOT-OF-HAPPINESS/-/N-Q643LEZ8VR7
BIGJIGSRAIL	BIGJIGSRAIL	target.com	HTTPS://WWW.TARGET.COM/B/BIGJIGS-RAIL/-/N-A5ZJK
BIGJIGSTOYS	BIGJIGSTOYS	target.com	HTTPS://WWW.TARGET.COM/B/BIGJIGS-TOYS/-/N-4SSYM
BIGJOE673404	BIGJOE	target.com	HTTPS://WWW.TARGET.COM/B/BIG-JOE/-/N-IEYJV
BIGKITCHEN	BIGKITCHEN	target.com	HTTPS://WWW.TARGET.COM/B/BIGKITCHEN/-/N-Q643LER5TZD
BIGLEAGUECHEW	BIGLEAGUECHEW	target.com	HTTPS://WWW.TARGET.COM/B/BIG-LEAGUE-CHEW/-/N-4YIL0
BIGMOUTH	BIGMOUTH	target.com	HTTPS://WWW.TARGET.COM/B/BIGMOUTH-INC/-/N-NJ4NX
BIGMOUTHGARDENING	BIGMOUTH	target.com	HTTPS://WWW.TARGET.COM/B/BIGMOUTH-INC/-/N-NJ4NX
BIGMOUTHTOYS	BIGMOUTH	target.com	HTTPS://WWW.TARGET.COM/B/BIGMOUTH-INC/-/N-NJ4NX
BIGSOBOXOFSWEDEN	BIGSOBOXOFSWEDEN	target.com	HTTPS://WWW.TARGET.COM/B/BIGSO-BOX-OF-SWEDEN/-/N-O287Z
BIGTIMEMUSCLE	BIGTIMEMUSCLE	target.com	HTTPS://WWW.TARGET.COM/B/BIGTIME-MUSCLE/-/N-4UEXT
BIGTIMESIGNS	BIGTIMESIGNS	target.com	HTTPS://WWW.TARGET.COM/B/BIGTIME-SIGNS/-/N-Q643LEL9V4G
BIGTIMETOYS	BIGTIMETOYS	target.com	HTTPS://WWW.TARGET.COM/B/BIG-TIME-TOYS/-/N-Q643LETWS6O
BIGTREEFARMS	BIGTREEFARMS	target.com	HTTPS://WWW.TARGET.COM/B/BIG-TREE-FARMS/-/N-Q643LETR4JT
BIHOA	BYOMA	target.com	HTTPS://WWW.TARGET.COM/B/BYOMA/-/N-Q643LEJ51W0
BIJORCA	BIJORCA	target.com	HTTPS://WWW.TARGET.COM/B/BIJORCA/-/N-Q643LE4A0YG
BIKAHOM	BIKAHOM	target.com	HTTPS://WWW.TARGET.COM/B/Q643LEVQX0B
BILLIE	BILLIE	target.com	HTTPS://WWW.TARGET.COM/B/BILLIE/-/N-Q643LE3D5CN
BILLIEEILISH	BILLIEEILISH	target.com	HTTPS://WWW.TARGET.COM/B/BILLIE-EILISH/-/N-Q643LETS91V
BILLIONDOLLARBEAUTY	BILLIONDOLLARBEAUTY	target.com	HTTPS://WWW.TARGET.COM/B/BILLION-DOLLAR-BEAUTY/-/N-Q643LEE9JEA
BILLY	BILLYFOOTWEAR	target.com	HTTPS://WWW.TARGET.COM/B/BILLY-FOOTWEAR/-/N-Q643LEELRN8
BILLYFOOTWEAR	BILLYFOOTWEAR	target.com	HTTPS://WWW.TARGET.COM/B/BILLY-FOOTWEAR/-/N-Q643LEELRN8
BILLYFOOTWEARKIDS	BILLYFOOTWEAR	target.com	HTTPS://WWW.TARGET.COM/B/BILLY-FOOTWEAR/-/N-Q643LEELRN8
BILLYJEALOUSY	BILLYJEALOUSY	target.com	HTTPS://WWW.TARGET.COM/B/BILLY-JEALOUSY/-/N-6EKBL
BILOBAN	BILOBAN	target.com	HTTPS://WWW.TARGET.COM/B/BILOBAN/-/N-Q643LE5ILO6
BIMBAMBOM	BIMBAMBOO	target.com	HTTPS://WWW.TARGET.COM/B/BIM-BAM-BOO/-/N-Q643LEVWSMA
BIMBAMBOO	BIMBAMBOO	target.com	HTTPS://WWW.TARGET.COM/B/BIM-BAM-BOO/-/N-Q643LEVWSMA
BIMBO	BIMBO	target.com	HTTPS://WWW.TARGET.COM/B/BIMBO/-/N-5610V
BINDABOO	BINDABOO	target.com	HTTPS://WWW.TARGET.COM/B/BINDABOO/-/N-Q643LECE9QA
BINHC	BIONIC	target.com	HTTPS://WWW.TARGET.COM/B/BIONIC/-/N-Q643LEFN064
BINK	BINK	target.com	HTTPS://WWW.TARGET.COM/B/BINK/-/N-Q643LEQZGQ5
BINKASEN	BINK	target.com	HTTPS://WWW.TARGET.COM/B/BINK/-/N-Q643LEQZGQ5
BINKEN	BINK	target.com	HTTPS://WWW.TARGET.COM/B/BINK/-/N-Q643LEQZGQ5
BINKOOK	BINK	target.com	HTTPS://WWW.TARGET.COM/B/BINK/-/N-Q643LEQZGQ5
BINKS	BINK	target.com	HTTPS://WWW.TARGET.COM/B/BINK/-/N-Q643LEQZGQ5
BINKV0	BINK	target.com	HTTPS://WWW.TARGET.COM/B/BINK/-/N-Q643LEQZGQ5
BINTIVA	BINTIVA	target.com	HTTPS://WWW.TARGET.COM/B/BINTIVA/-/N-Q643LE32GSL
BIOADVANCED	BIOADVANCED	target.com	HTTPS://WWW.TARGET.COM/B/BIOADVANCED/-/N-R65Y9
BIOBIDET	BIOBIDETBYBEMIS	target.com	HTTPS://WWW.TARGET.COM/B/BIO-BIDET-BY-BEMIS/-/N-Q643LE6DGRT
BIOBIDETBYBEMIS	BIOBIDETBYBEMIS	target.com	HTTPS://WWW.TARGET.COM/B/BIO-BIDET-BY-BEMIS/-/N-Q643LE6DGRT
BIOCHEM	BIOCHEM	target.com	HTTPS://WWW.TARGET.COM/B/BIOCHEM/-/N-Q643LEB2BGE
BIODERMA	BIODERMA	target.com	HTTPS://WWW.TARGET.COM/B/BIODERMA/-/N-Q643LEODCCM
BIODERMABIODERMABIODERMA	BIODERMA	target.com	HTTPS://WWW.TARGET.COM/B/BIODERMA/-/N-Q643LEODCCM
BIODERMABURTSBEESSPORT	BIODERMA	target.com	HTTPS://WWW.TARGET.COM/B/BIODERMA/-/N-Q643LEODCCM
BIOEMBLEM	BIOEMBLEM	target.com	HTTPS://WWW.TARGET.COM/B/BIOEMBLEM/-/N-Q643LE9LEMD
BIOFREEZE	BIOFREEZE	target.com	HTTPS://WWW.TARGET.COM/B/BIOFREEZE/-/N-SNY3O
BIOGAIA	BIOGAIA	target.com	HTTPS://WWW.TARGET.COM/B/BIOGAIA/-/N-Q643LEYH4YU
BIOGREENUSA	BIOGREENUSA	target.com	HTTPS://WWW.TARGET.COM/B/BIO-GREEN-USA-INC/-/N-Q643LEA0HRB
BIOHERM	BIOTHERM	target.com	HTTPS://WWW.TARGET.COM/B/BIOTHERM/-/N-Q643LEMDLGR
BIOIONIC	BIOIONIC	target.com	HTTPS://WWW.TARGET.COM/B/BIO-IONIC/-/N-Q643LE2RX0H
BIOKLEEN	BIOKLEEN	target.com	HTTPS://WWW.TARGET.COM/B/BIOKLEEN/-/N-JGZAU
BIOKULT	BIOKULT	target.com	HTTPS://WWW.TARGET.COM/B/BIO-KULT/-/N-Q643LEO9YJM
BIOLORY	BIORAY	target.com	HTTPS://WWW.TARGET.COM/B/BIORAY/-/N-Q643LEX013L
BIONAIRE	BIONAIRE	target.com	HTTPS://WWW.TARGET.COM/B/BIONAIRE/-/N-YVAD0
BIONAIRRE	BIONAIRE	target.com	HTTPS://WWW.TARGET.COM/B/BIONAIRE/-/N-YVAD0
BIONATURAE	BIONATURAE	target.com	HTTPS://WWW.TARGET.COM/B/BIONATURAE/-/N-Q643LEUA71Z
BIONERSSE	BIONAIRE	target.com	HTTPS://WWW.TARGET.COM/B/BIONAIRE/-/N-YVAD0
BIONICBODY	BIONICBODY	target.com	HTTPS://WWW.TARGET.COM/B/BIONIC-BODY/-/N-4YCGH
BIONICGLOVES	BIONICGLOVES	target.com	HTTPS://WWW.TARGET.COM/B/BIONIC-GLOVES/-/N-E2XSI
BIONICPRODUCTS	BIONIC	target.com	HTTPS://WWW.TARGET.COM/B/BIONIC/-/N-Q643LEFN064
BIONIK	BIONIK	target.com	HTTPS://WWW.TARGET.COM/B/BIONIK/-/N-Q643LEBBVLP
BIONUTRITION	BIONUTRITION	target.com	HTTPS://WWW.TARGET.COM/B/BIO-NUTRITION/-/N-Q643LE63980
BIOOIL	BIOOIL	target.com	HTTPS://WWW.TARGET.COM/B/BIO-OIL/-/N-5O6DM
BIOPURE	BIOPURE	target.com	HTTPS://WWW.TARGET.COM/B/BIOPURE/-/N-Q643LES8D3F
BIOR	BIORE	target.com	HTTPS://WWW.TARGET.COM/B/BIORE/-/N-5SCVH
BIORB	BIORB	target.com	HTTPS://WWW.TARGET.COM/B/BIORB/-/N-TD4O9
BIORBBYOASE	BIORB	target.com	HTTPS://WWW.TARGET.COM/B/BIORB/-/N-TD4O9
BIOSIL	BIOSIL	target.com	HTTPS://WWW.TARGET.COM/B/BIOSIL/-/N-Q643LEE4KZR
BIOSILK	BIOSILK	target.com	HTTPS://WWW.TARGET.COM/B/BIOSILK/-/N-5DWW6
BIOTERA	BIOTERA	target.com	HTTPS://WWW.TARGET.COM/B/BIOTERA/-/N-Q643LEWE9MC
BIOTHERM	BIOTHERM	target.com	HTTPS://WWW.TARGET.COM/B/BIOTHERM/-/N-Q643LEMDLGR
BIOTRUST	BIOTRUST	target.com	HTTPS://WWW.TARGET.COM/B/BIOTRUST/-/N-Q643LESDDK9
BIOWORLD	BIOWORLD	target.com	HTTPS://WWW.TARGET.COM/B/BIOWORLD/-/N-UNELL
BIOWORLDMERCHANDISING	BIOWORLD	target.com	HTTPS://WWW.TARGET.COM/B/BIOWORLD/-/N-UNELL
BIOWORLDMERCHANDISINGINDEPENDENT	BIOWORLD	target.com	HTTPS://WWW.TARGET.COM/B/BIOWORLD/-/N-UNELL
BIOWORLDMERCHANDISINGINDEPENDENTS	BIOWORLD	target.com	HTTPS://WWW.TARGET.COM/B/BIOWORLD/-/N-UNELL
BIPILY	BILLYFOOTWEAR	target.com	HTTPS://WWW.TARGET.COM/B/BILLY-FOOTWEAR/-/N-Q643LEELRN8
BIPOPIBO	BIBIBOPASIANGRILL	target.com	HTTPS://WWW.TARGET.COM/B/BIBIBOP-ASIAN-GRILL/-/N-UFBNB
BIRACX	BORAX	target.com	HTTPS://WWW.TARGET.COM/B/BORAX/-/N-55W1Z
BIRCHBENDERS	BIRCHBENDERS	target.com	HTTPS://WWW.TARGET.COM/B/BIRCH-BENDERS/-/N-4Y4FX
BIRDDOG	BIRDDOG	target.com	HTTPS://WWW.TARGET.COM/B/BIRD-DOG/-/N-SWI0K
BIRDROCK	BIRDROCKHOME	target.com	HTTPS://WWW.TARGET.COM/B/BIRDROCK-HOME/-/N-Q643LEC4PLE
BIRDROCKBRANDS	BIRDROCKHOME	target.com	HTTPS://WWW.TARGET.COM/B/BIRDROCK-HOME/-/N-Q643LEC4PLE
BIRDROCKHOME	BIRDROCKHOME	target.com	HTTPS://WWW.TARGET.COM/B/BIRDROCK-HOME/-/N-Q643LEC4PLE
BIRDSCHOICE	BIRDSCHOICE	target.com	HTTPS://WWW.TARGET.COM/B/BIRDS-CHOICE/-/N-Q643LEWGX2L
BIRDWOODGAMESLTD	BIRDWOODGAMES	target.com	HTTPS://WWW.TARGET.COM/B/BIRDWOOD-GAMES/-/N-Q643LEM229H
BIRTHDAYEXPRESS	BIRTHDAYEXPRESS	target.com	HTTPS://WWW.TARGET.COM/B/BIRTHDAY-EXPRESS/-/N-9VKK
BIRTHDAYEXPRESSKITS	BIRTHDAYEXPRESS	target.com	HTTPS://WWW.TARGET.COM/B/BIRTHDAY-EXPRESS/-/N-9VKK
BISBITOYS	BTOYS	target.com	HTTPS://WWW.TARGET.COM/B/B-TOYS/-/N-Q643LEG9GOG
BISCOFF	BISCOFF	target.com	HTTPS://WWW.TARGET.COM/B/BISCOFF/-/N-Y6ZAZ
BISONBOOKS	BISONBOOKS	target.com	HTTPS://WWW.TARGET.COM/B/BISON-BOOKS/-/N-Q643LE2MI7C
BISQUICK	BISQUICK	target.com	HTTPS://WWW.TARGET.COM/B/BISQUICK/-/N-56FBU
BITOHONEY	BITOHONEY	target.com	HTTPS://WWW.TARGET.COM/B/BIT-O-HONEY/-/N-Q643LE39UE9
BITTYBOOMERS	BITTYBOOMERS	target.com	HTTPS://WWW.TARGET.COM/B/BITTY-BOOMERS/-/N-1G4KZ
BITZEE	BITZEE	target.com	HTTPS://WWW.TARGET.COM/B/BITZEE/-/N-Q643LEMCISO
BIXBEE	BIXBEE	target.com	HTTPS://WWW.TARGET.COM/B/BIXBEE/-/N-6X8TC
BIXBI	BIXBI	target.com	HTTPS://WWW.TARGET.COM/B/BIXBI/-/N-Q643LEH2FQ0
BIZZY	BIZZY	target.com	HTTPS://WWW.TARGET.COM/B/BIZZY/-/N-Q643LERY1LV
BJL	JBL	target.com	HTTPS://WWW.TARGET.COM/B/JBL/-/N-5Y5ME
BKCOOKWAREBV	BKCOOKWARE	target.com	HTTPS://WWW.TARGET.COM/B/BK-COOKWARE/-/N-Q643LEGY4H0
BLACKAMPDECKER	BLACKDECKER	target.com	HTTPS://WWW.TARGET.COM/B/BLACK-DECKER/-/N-4VR5N
BLACKARC	BLACKARC	target.com	HTTPS://WWW.TARGET.COM/B/BLACKARC/-/N-Q643LEACUKK
BLACKBOX	BLACKBOX	target.com	HTTPS://WWW.TARGET.COM/B/BLACK-BOX/-/N-SY30D
BLACKDAGGERPUBLISHING	BLACKDAGGERPUBLISHING	target.com	HTTPS://WWW.TARGET.COM/B/BLACK-DAGGER-PUBLISHING/-/N-Q643LEPYTGO
BLACKDECKER	BLACKDECKER	target.com	HTTPS://WWW.TARGET.COM/B/BLACK-DECKER/-/N-4VR5N
BLACKDECKERO	BLACKDECKER	target.com	HTTPS://WWW.TARGET.COM/B/BLACK-DECKER/-/N-4VR5N
BLACKDECKERTM	BLACKDECKER	target.com	HTTPS://WWW.TARGET.COM/B/BLACK-DECKER/-/N-4VR5N
BLACKDEDKER	BLACKDECKER	target.com	HTTPS://WWW.TARGET.COM/B/BLACK-DECKER/-/N-4VR5N
BLACKDOGLEVENTHAL	BLACKDOGLEVENTHALPUBLISHERS	target.com	HTTPS://WWW.TARGET.COM/B/BLACK-DOG-LEVENTHAL-PUBLISHERS/-/N-Q643LEEPMRU
BLACKDOGNLEVENTHALPUBLISHERS	BLACKDOGLEVENTHALPUBLISHERS	target.com	HTTPS://WWW.TARGET.COM/B/BLACK-DOG-LEVENTHAL-PUBLISHERS/-/N-Q643LEEPMRU
BLACKGIRLSUNSCREEN	BLACKGIRLSUNSCREEN	target.com	HTTPS://WWW.TARGET.COM/B/BLACK-GIRL-SUNSCREEN/-/N-U4O5N
BLACKMORE	BLACKMORE	target.com	HTTPS://WWW.TARGET.COM/B/BLACKMORE/-/N-Q643LERWSO7
BLACKMORES	BLACKMORE	target.com	HTTPS://WWW.TARGET.COM/B/BLACKMORE/-/N-Q643LERWSO7
BLACKNDECKER	BLACKDECKER	target.com	HTTPS://WWW.TARGET.COM/B/BLACK-DECKER/-/N-4VR5N
BLACKOUT365	BLACKOUT365	target.com	HTTPS://WWW.TARGET.COM/B/BLACKOUT-365/-/N-Q643LEWDBG9
BLACKRADIANCE	BLACKRADIANCE	target.com	HTTPS://WWW.TARGET.COM/B/BLACK-RADIANCE/-/N-55B6U
BLACKRIFLECOFFEECOMPANY	BLACKRIFLECOFFEECOMPANY	target.com	HTTPS://WWW.TARGET.COM/B/BLACK-RIFLE-COFFEE-COMPANY/-/N-Q643LECUO1N
BLACKRIFLECOFFEECOMPANYIM	BLACKRIFLECOFFEECOMPANY	target.com	HTTPS://WWW.TARGET.COM/B/BLACK-RIFLE-COFFEE-COMPANY/-/N-Q643LECUO1N
BLACKSERIES	STARWARSTHEBLACKSERIES	target.com	HTTPS://WWW.TARGET.COM/B/STAR-WARS-THE-BLACK-SERIES/-/N-XO3D
BLACKSTONEPRODUCTS	BLACKSTONE	target.com	HTTPS://WWW.TARGET.COM/B/BLACKSTONE/-/N-ES7JB
BLACKWOOD	BLACKWOODFORMEN	target.com	HTTPS://WWW.TARGET.COM/B/BLACKWOOD-FOR-MEN/-/N-CFCXH
BLACKWOODFORMEN	BLACKWOODFORMEN	target.com	HTTPS://WWW.TARGET.COM/B/BLACKWOOD-FOR-MEN/-/N-CFCXH
BLAIRCANDY	BLAIRCANDY	target.com	HTTPS://WWW.TARGET.COM/B/BLAIR-CANDY/-/N-Q643LELTOCU
BLAIRCANDYCOMPANY	BLAIRCANDY	target.com	HTTPS://WWW.TARGET.COM/B/BLAIR-CANDY/-/N-Q643LELTOCU
BLAKESSEEDBASED	BLAKESSEEDBASED	target.com	HTTPS://WWW.TARGET.COM/B/BLAKE-S-SEED-BASED/-/N-Q643LEU6435
BLAMIARTS	BLAMIARTS	target.com	HTTPS://WWW.TARGET.COM/B/BLAMI-ARTS/-/N-Q643LEXHKV3
BLANCEFROM	BALANCEFROMFITNESS	target.com	HTTPS://WWW.TARGET.COM/B/BALANCEFROM-FITNESS/-/N-Q643LEUV6ZM
BLCKNDCKR	BLACKDECKER	target.com	HTTPS://WWW.TARGET.COM/B/BLACK-DECKER/-/N-4VR5N
BLEACHERCREATURES	BLEACHERCREATURES	target.com	HTTPS://WWW.TARGET.COM/B/BLEACHER-CREATURES/-/N-Q643LERF0YO
BLELEYLL	BELLIWELLI	target.com	HTTPS://WWW.TARGET.COM/B/BELLIWELLI/-/N-Q643LEHFVW5
BLENDERBOMBS	BLENDERBOMBS	target.com	HTTPS://WWW.TARGET.COM/B/BLENDER-BOMBS/-/N-Q643LE31043
BLENDERBOTTLE	BLENDERBOTTLE	target.com	HTTPS://WWW.TARGET.COM/B/BLENDERBOTTLE/-/N-55U4I
BLESSWELL	BLESSWELL	target.com	HTTPS://WWW.TARGET.COM/B/BLESSWELL/-/N-Q643LEUCHKL
BLINGLEBANDS	BLINGLEBANDS	target.com	HTTPS://WWW.TARGET.COM/B/BLINGLE-BANDS/-/N-Q643LEL4K0P
BLIPPI	BLIPPI	target.com	HTTPS://WWW.TARGET.COM/B/BLIPPI/-/N-TKPM8
BLISS	BLISS	target.com	HTTPS://WWW.TARGET.COM/B/BLISS/-/N-ANM00
BLISSBRANDS	BLISS	target.com	HTTPS://WWW.TARGET.COM/B/BLISS/-/N-ANM00
BLISSCOSY	COZYBLISS	target.com	HTTPS://WWW.TARGET.COM/B/COZY-BLISS/-/N-Q643LET61H4
BLISSCOSY	BLISS	target.com	HTTPS://WWW.TARGET.COM/B/BLISS/-/N-ANM00
BLISSDANE	BLISS	target.com	HTTPS://WWW.TARGET.COM/B/BLISS/-/N-ANM00
BLISSDISTRIBUTION	BLISS	target.com	HTTPS://WWW.TARGET.COM/B/BLISS/-/N-ANM00
BLISSLIGHTS	BLISSLIGHTS	target.com	HTTPS://WWW.TARGET.COM/B/BLISSLIGHTS/-/N-AA5PQ
BLISSLY	BLISS	target.com	HTTPS://WWW.TARGET.COM/B/BLISS/-/N-ANM00
BLISSOURCE	BLISS	target.com	HTTPS://WWW.TARGET.COM/B/BLISS/-/N-ANM00
BLISSUM	BLISS	target.com	HTTPS://WWW.TARGET.COM/B/BLISS/-/N-ANM00
BLISSUN	BLISS	target.com	HTTPS://WWW.TARGET.COM/B/BLISS/-/N-ANM00
BLISSUR	BLISS	target.com	HTTPS://WWW.TARGET.COM/B/BLISS/-/N-ANM00
BLISSVIE	BLISS	target.com	HTTPS://WWW.TARGET.COM/B/BLISS/-/N-ANM00
BLISSWILL	BLISS	target.com	HTTPS://WWW.TARGET.COM/B/BLISS/-/N-ANM00
BLISTEX	BLISTEX	target.com	HTTPS://WWW.TARGET.COM/B/BLISTEX/-/N-55V9H
BLITZBALL	BLITZBALL	target.com	HTTPS://WWW.TARGET.COM/B/BLITZBALL/-/N-HK8L5
BLIVALLEY	BELLIWELLI	target.com	HTTPS://WWW.TARGET.COM/B/BELLIWELLI/-/N-Q643LEHFVW5
BLIZZARDENTERTAINMENT	BLIZZARDENTERTAINMENT	target.com	HTTPS://WWW.TARGET.COM/B/BLIZZARD-ENTERTAINMENT/-/N-Q643LEHUWH9
BLKBOLDSPECIALTYBEVERAGES	BLKBOLDSPECIALTYBEVERAGES	target.com	HTTPS://WWW.TARGET.COM/B/BLK-BOLD-SPECIALTY-BEVERAGES/-/N-S5V20
BLOCKAROO	BLOCKAROO	target.com	HTTPS://WWW.TARGET.COM/B/BLOCKAROO/-/N-Q643LEU4JU3
BLOEM	BLOEM	target.com	HTTPS://WWW.TARGET.COM/B/BLOEM/-/N-4YDIL
BLOEMADP	BLOEM	target.com	HTTPS://WWW.TARGET.COM/B/BLOEM/-/N-4YDIL
BLOEMBYQUN	BLOEM	target.com	HTTPS://WWW.TARGET.COM/B/BLOEM/-/N-4YDIL
BLOEMLCC	BLOEM	target.com	HTTPS://WWW.TARGET.COM/B/BLOEM/-/N-4YDIL
BLOGILATES	BLOGILATES	target.com	HTTPS://WWW.TARGET.COM/B/BLOGILATES/-/N-Q643LER8TRK
BLOOM	BLOOMNUTRITION	target.com	HTTPS://WWW.TARGET.COM/B/BLOOM-NUTRITION/-/N-Q643LEAP7EW
BLOOMAREA	BLOOMNUTRITION	target.com	HTTPS://WWW.TARGET.COM/B/BLOOM-NUTRITION/-/N-Q643LEAP7EW
BLOOMBLOOMME	BLOOMNUTRITION	target.com	HTTPS://WWW.TARGET.COM/B/BLOOM-NUTRITION/-/N-Q643LEAP7EW
BLOOMBOOKS	BLOOMBOOKS	target.com	HTTPS://WWW.TARGET.COM/B/BLOOM-BOOKS/-/N-Q643LE1N7G7
BLOOMED	BLOOMNUTRITION	target.com	HTTPS://WWW.TARGET.COM/B/BLOOM-NUTRITION/-/N-Q643LEAP7EW
BLOOMFLOWER	BLOOMNUTRITION	target.com	HTTPS://WWW.TARGET.COM/B/BLOOM-NUTRITION/-/N-Q643LEAP7EW
BLOOMHOUSE	BLOOMHOUSE	target.com	HTTPS://WWW.TARGET.COM/B/BLOOMHOUSE/-/N-Q643LEGB60Q
BLOOMI	BLOOMI	target.com	HTTPS://WWW.TARGET.COM/B/BLOOMI/-/N-Q643LEBBVKH
BLOOMIDEA	BLOOMNUTRITION	target.com	HTTPS://WWW.TARGET.COM/B/BLOOM-NUTRITION/-/N-Q643LEAP7EW
BLOOMINGBLOP0	BLOOMNUTRITION	target.com	HTTPS://WWW.TARGET.COM/B/BLOOM-NUTRITION/-/N-Q643LEAP7EW
BLOOMINGOODS	BLOOMINGOODS	target.com	HTTPS://WWW.TARGET.COM/B/BLOOMINGOODS/-/N-Q643LEDVX3N
BLOOMIRO	BLOOMNUTRITION	target.com	HTTPS://WWW.TARGET.COM/B/BLOOM-NUTRITION/-/N-Q643LEAP7EW
BLOOMMY	BLOOMNUTRITION	target.com	HTTPS://WWW.TARGET.COM/B/BLOOM-NUTRITION/-/N-Q643LEAP7EW
BLOOMNUTRITION	BLOOMNUTRITION	target.com	HTTPS://WWW.TARGET.COM/B/BLOOM-NUTRITION/-/N-Q643LEAP7EW
BLOOMONDO	BLOOMNUTRITION	target.com	HTTPS://WWW.TARGET.COM/B/BLOOM-NUTRITION/-/N-Q643LEAP7EW
BLOOMSBURYCHILDRENS	BLOOMSBURYUSACHILDRENSBOOKS	target.com	HTTPS://WWW.TARGET.COM/B/BLOOMSBURY-U-S-A-CHILDREN-BOOKS/-/N-Q643LEKY2N0
BLOOMSBURYSIGMA	BLOOMSBURYSIGMA	target.com	HTTPS://WWW.TARGET.COM/B/BLOOMSBURY-SIGMA/-/N-Q643LEDRT3Q
BLOOMSBURYUSACHILDRENS	BLOOMSBURYUSACHILDRENSBOOKS	target.com	HTTPS://WWW.TARGET.COM/B/BLOOMSBURY-U-S-A-CHILDREN-BOOKS/-/N-Q643LEKY2N0
BLOOMSOMEWHERE	BLOOMNUTRITION	target.com	HTTPS://WWW.TARGET.COM/B/BLOOM-NUTRITION/-/N-Q643LEAP7EW
BLOOMVITALITY	BLOOMNUTRITION	target.com	HTTPS://WWW.TARGET.COM/B/BLOOM-NUTRITION/-/N-Q643LEAP7EW
BLOOMWIN	BLOOMNUTRITION	target.com	HTTPS://WWW.TARGET.COM/B/BLOOM-NUTRITION/-/N-Q643LEAP7EW
BLOUNT	BLOUNTFINEFOODS	target.com	HTTPS://WWW.TARGET.COM/B/BLOUNT-FINE-FOODS/-/N-1RAGZ
BLOWFISHMALIBU	BLOWFISHMALIBU	target.com	HTTPS://WWW.TARGET.COM/B/BLOWFISH-MALIBU/-/N-Q643LEGYFEH
BLOWPOP	BLOWPOP	target.com	HTTPS://WWW.TARGET.COM/B/BLOW-POP/-/N-UZ0Z9
BLOXBERRY	BLOXFRUITS	target.com	HTTPS://WWW.TARGET.COM/B/BLOX-FRUITS/-/N-Q643LE2Q60I
BLPICNIC	PICNICTIME	target.com	HTTPS://WWW.TARGET.COM/B/PICNIC-TIME/-/N-5XIIV
BLSS	BLISS	target.com	HTTPS://WWW.TARGET.COM/B/BLISS/-/N-ANM00
BLU	BLU	target.com	HTTPS://WWW.TARGET.COM/B/BLU/-/N-54UDV
BLUEANT	BLUEANT	target.com	HTTPS://WWW.TARGET.COM/B/BLUEANT/-/N-Q643LEKZFGC
BLUEBERRYPET	BLUEBERRYPET	target.com	HTTPS://WWW.TARGET.COM/B/BLUEBERRY-PET/-/N-Q643LEV4SBM
BLUEBONA	BLUEBONNET	target.com	HTTPS://WWW.TARGET.COM/B/BLUEBONNET/-/N-Q643LEZCWT2
BLUEBONNET	BLUEBONNET	target.com	HTTPS://WWW.TARGET.COM/B/BLUEBONNET/-/N-Q643LEZCWT2
BLUEBUFFALO	BLUEBUFFALO	target.com	HTTPS://WWW.TARGET.COM/B/BLUE-BUFFALO/-/N-EWDJ9
BLUEDIAMONDALMOND	BLUEDIAMONDALMONDS	target.com	HTTPS://WWW.TARGET.COM/B/BLUE-DIAMOND-ALMONDS/-/N-CW0SJ
BLUEDIAMONDALMONDS	BLUEDIAMONDALMONDS	target.com	HTTPS://WWW.TARGET.COM/B/BLUE-DIAMOND-ALMONDS/-/N-CW0SJ
BLUEDIAMONDGROWERS	BLUEDIAMONDALMONDS	target.com	HTTPS://WWW.TARGET.COM/B/BLUE-DIAMOND-ALMONDS/-/N-CW0SJ
BLUEJEANCHEF	BLUEJEANCHEF	target.com	HTTPS://WWW.TARGET.COM/B/BLUE-JEAN-CHEF/-/N-Q643LEE7D6J
BLUELEMENT	BLUELEMENT	target.com	HTTPS://WWW.TARGET.COM/B/BLU-ELEMENT/-/N-Q643LE7LQA8
BLUELIZARD	BLUELIZARD	target.com	HTTPS://WWW.TARGET.COM/B/BLUE-LIZARD/-/N-4Y3N0
BLUELOUNGE	BLUELOUNGE	target.com	HTTPS://WWW.TARGET.COM/B/BLUELOUNGE/-/N-Q643LER6FS2
BLUEMAGIC	BLUEMAGIC	target.com	HTTPS://WWW.TARGET.COM/B/BLUE-MAGIC/-/N-KCL72
BLUEMAGICPRODUCTS	BLUEMAGIC	target.com	HTTPS://WWW.TARGET.COM/B/BLUE-MAGIC/-/N-KCL72
BLUEMAGICSAPPHIRECOLLECTION	BLUEMAGIC	target.com	HTTPS://WWW.TARGET.COM/B/BLUE-MAGIC/-/N-KCL72
BLUEMICROPHONE	BLUEMICROPHONES	target.com	HTTPS://WWW.TARGET.COM/B/BLUE-MICROPHONES/-/N-BMV5H
BLUEMICROPHONESENCORE200STUDIOG	BLUEMICROPHONES	target.com	HTTPS://WWW.TARGET.COM/B/BLUE-MICROPHONES/-/N-BMV5H
BLUEMOON	BLUEMOON	target.com	HTTPS://WWW.TARGET.COM/B/BLUE-MOON/-/N-56CBB
BLUEMOONPRODUCTS	BLUEMOON	target.com	HTTPS://WWW.TARGET.COM/B/BLUE-MOON/-/N-56CBB
BLUENILEMILLS	BLUENILEMILLS	target.com	HTTPS://WWW.TARGET.COM/B/BLUE-NILE-MILLS/-/N-Q643LEZKUGR
BLUEPANDA	BLUEPANDA	target.com	HTTPS://WWW.TARGET.COM/B/BLUE-PANDA/-/N-KTY2P
BLUERIBBONPRODUCTS	BLUERIBBON	target.com	HTTPS://WWW.TARGET.COM/B/BLUE-RIBBON/-/N-7T91V
BLUERIDGEHOMEFASHION	BLUERIDGEHOMEFASHIONS	target.com	HTTPS://WWW.TARGET.COM/B/BLUE-RIDGE-HOME-FASHIONS/-/N-8J8JC
BLUERIDGEHOMEFASHIONS	BLUERIDGEHOMEFASHIONS	target.com	HTTPS://WWW.TARGET.COM/B/BLUE-RIDGE-HOME-FASHIONS/-/N-8J8JC
BLUERIDGEHOMEFASHIONSUPREME350	BLUERIDGEHOMEFASHIONS	target.com	HTTPS://WWW.TARGET.COM/B/BLUE-RIDGE-HOME-FASHIONS/-/N-8J8JC
BLUERIDGETOOLS	BLUERIDGETOOLS	target.com	HTTPS://WWW.TARGET.COM/B/BLUE-RIDGE-TOOLS/-/N-WBTM7
BLUEROSEPOTTERY	BLUEROSEPOTTERY	target.com	HTTPS://WWW.TARGET.COM/B/BLUE-ROSE-POTTERY/-/N-Q643LEMQHDA
BLUESKIES	SKIESAREBLUE	target.com	HTTPS://WWW.TARGET.COM/B/SKIES-ARE-BLUE/-/N-Q643LEAFWKA
BLUESKYOUTDOOR	BLUESKYOUTDOORLIVING	target.com	HTTPS://WWW.TARGET.COM/B/BLUE-SKY-OUTDOOR-LIVING/-/N-Q643LE5GL3B
BLUESTARPRESS	BLUESTARPRESS	target.com	HTTPS://WWW.TARGET.COM/B/BLUE-STAR-PRESS/-/N-Q643LEAWNIF
BLUEY	BLUEY	target.com	HTTPS://WWW.TARGET.COM/B/BLUEY/-/N-Q643LE50XDT
BLUEYESCOLLECTION	BLUEY	target.com	HTTPS://WWW.TARGET.COM/B/BLUEY/-/N-Q643LE50XDT
BLUME	BLUME	target.com	HTTPS://WWW.TARGET.COM/B/BLUME/-/N-HDO4O
BLUMONACO	BLUMONACO	target.com	HTTPS://WWW.TARGET.COM/B/BLU-MONACO/-/N-Q643LEWR7HF
BLUZEN	BLUZEN	target.com	HTTPS://WWW.TARGET.COM/B/BLUZEN/-/N-Q643LEDXCFA
BNDSMITHNEPHEWWOUNDCARE	SMITHNEPHEW	target.com	HTTPS://WWW.TARGET.COM/B/SMITH-NEPHEW/-/N-Q643LEDSDGB
BNPUBLISHINGNET	WWWBNPUBLISHINGCOM	target.com	HTTPS://WWW.TARGET.COM/B/WWW-BNPUBLISHING-COM/-/N-Q643LEZQYYJ
BNSIOEIIC	BIONIC	target.com	HTTPS://WWW.TARGET.COM/B/BIONIC/-/N-Q643LEFN064
BNUTRIBULLET	NUTRIBULLET	target.com	HTTPS://WWW.TARGET.COM/B/NUTRIBULLET/-/N-IYTCA
BNUTTY	BNUTTY	target.com	HTTPS://WWW.TARGET.COM/B/B-NUTTY/-/N-Q643LEBJB30
BOAHAUS	BOAHAUS	target.com	HTTPS://WWW.TARGET.COM/B/BOAHAUS/-/N-Q643LERQNTU
BOAINY	BOON	target.com	HTTPS://WWW.TARGET.COM/B/BOON/-/N-5Y55J
BOARSHEAD	BOARSHEAD	target.com	HTTPS://WWW.TARGET.COM/B/BOAR-S-HEAD/-/N-XBW7Q
BOBBIE	BOBBIE	target.com	HTTPS://WWW.TARGET.COM/B/BOBBIE/-/N-Q643LEI0AUY
BOBBYJACK	BOBBYJACK	target.com	HTTPS://WWW.TARGET.COM/B/BOBBY-JACK/-/N-Q643LEASF7Y
BOBECI	BOBI	target.com	HTTPS://WWW.TARGET.COM/B/BOBI/-/N-Q643LEIQRXB
BOBGEAR	BOBGEAR	target.com	HTTPS://WWW.TARGET.COM/B/BOB-GEAR/-/N-Q643LEKPP7J
BOBI	BOBI	target.com	HTTPS://WWW.TARGET.COM/B/BOBI/-/N-Q643LEIQRXB
BOBIQI	BOBI	target.com	HTTPS://WWW.TARGET.COM/B/BOBI/-/N-Q643LEIQRXB
BOBIQII	BOBI	target.com	HTTPS://WWW.TARGET.COM/B/BOBI/-/N-Q643LEIQRXB
BOBOCAWA	BOBA	target.com	HTTPS://WWW.TARGET.COM/B/BOBA/-/N-55IWI
BOBOSOATBARS	BOBOSOATBARS	target.com	HTTPS://WWW.TARGET.COM/B/BOBO-S-OAT-BARS/-/N-6XEEC
BOBOYM	BOBOSOATBARS	target.com	HTTPS://WWW.TARGET.COM/B/BOBO-S-OAT-BARS/-/N-6XEEC
BOBSBURGERS	BOBSBURGERS	target.com	HTTPS://WWW.TARGET.COM/B/BOB-S-BURGERS/-/N-113GD
BOBSREDMILL	BOBSREDMILL	target.com	HTTPS://WWW.TARGET.COM/B/BOB-S-RED-MILL/-/N-I4C91
BOBSWEEP	BOBSWEEP	target.com	HTTPS://WWW.TARGET.COM/B/BOBSWEEP/-/N-BCYDJ
BOBSWEEPUSA	BOBSWEEP	target.com	HTTPS://WWW.TARGET.COM/B/BOBSWEEP/-/N-BCYDJ
BOBZIA	BOBI	target.com	HTTPS://WWW.TARGET.COM/B/BOBI/-/N-Q643LEIQRXB
BODASHOP	THEBODYSHOP	target.com	HTTPS://WWW.TARGET.COM/B/THE-BODY-SHOP/-/N-Q643LEDNZLJ
BODEGACOOLER	BODEGACOOLER	target.com	HTTPS://WWW.TARGET.COM/B/BODEGA-COOLER/-/N-Q643LE80JCR
BODUM	BODUM	target.com	HTTPS://WWW.TARGET.COM/B/BODUM/-/N-5V47X
BODYANDEARTH	BODYEARTH	target.com	HTTPS://WWW.TARGET.COM/B/BODY-EARTH/-/N-Q643LE8NSWT
BODYARMORSUPERDRINKS	BODYARMOR	target.com	HTTPS://WWW.TARGET.COM/B/BODYARMOR/-/N-PYFZN
BODYBIO	BODYBIO	target.com	HTTPS://WWW.TARGET.COM/B/BODYBIO/-/N-Q643LEUFUGQ
BODYDRENCH	BODYDRENCH	target.com	HTTPS://WWW.TARGET.COM/B/BODY-DRENCH/-/N-Q643LEF5TVN
BODYEARTH	BODYEARTH	target.com	HTTPS://WWW.TARGET.COM/B/BODY-EARTH/-/N-Q643LE8NSWT
BODYEARTHLOVE	BODYEARTH	target.com	HTTPS://WWW.TARGET.COM/B/BODY-EARTH/-/N-Q643LE8NSWT
BODYGLOVE	BODYGLOVE	target.com	HTTPS://WWW.TARGET.COM/B/BODY-GLOVE/-/N-5D8WE
BODYGOLD	BODYGOLD	target.com	HTTPS://WWW.TARGET.COM/B/BODY-GOLD/-/N-Q643LEC0MP7
BODYGOLDWELLNESS	BODYGOLD	target.com	HTTPS://WWW.TARGET.COM/B/BODY-GOLD/-/N-Q643LEC0MP7
BODYGUARDZ	BODYGUARDZ	target.com	HTTPS://WWW.TARGET.COM/B/BODYGUARDZ/-/N-ZKC28
BODYMATE	BODYMATE	target.com	HTTPS://WWW.TARGET.COM/B/BODYMATE/-/N-Q643LE6UWPG
BODYSOLIDTOOLS	BODYSOLID	target.com	HTTPS://WWW.TARGET.COM/B/BODY-SOLID/-/N-5D7TK
BODYSPORT	BODYSPORT	target.com	HTTPS://WWW.TARGET.COM/B/BODY-SPORT/-/N-Q643LE9C0LG
BODYSPORTPRODUCTS	BODYSPORT	target.com	HTTPS://WWW.TARGET.COM/B/BODY-SPORT/-/N-Q643LE9C0LG
BOELLEY	BOLEY	target.com	HTTPS://WWW.TARGET.COM/B/BOLEY/-/N-Q643LE8XES4
BOFFINBY	BOBBIE	target.com	HTTPS://WWW.TARGET.COM/B/BOBBIE/-/N-Q643LEI0AUY
BOGG	BOGGBAG	target.com	HTTPS://WWW.TARGET.COM/B/BOGG-BAG/-/N-Q643LED11WO
BOGGBAG	BOGGBAG	target.com	HTTPS://WWW.TARGET.COM/B/BOGG-BAG/-/N-Q643LED11WO
BOGGBAGS	BOGGBAG	target.com	HTTPS://WWW.TARGET.COM/B/BOGG-BAG/-/N-Q643LED11WO
BOGMOUTH	BIGMOUTH	target.com	HTTPS://WWW.TARGET.COM/B/BIGMOUTH-INC/-/N-NJ4NX
BOIE	BOIEUSA	target.com	HTTPS://WWW.TARGET.COM/B/BOIE-USA/-/N-Q643LE4B302
BOIEESEN	BOIEUSA	target.com	HTTPS://WWW.TARGET.COM/B/BOIE-USA/-/N-Q643LE4B302
BOIEUSA	BOIEUSA	target.com	HTTPS://WWW.TARGET.COM/B/BOIE-USA/-/N-Q643LE4B302
BOIRON	BOIRON	target.com	HTTPS://WWW.TARGET.COM/B/BOIRON/-/N-5RCEL
BOJEUX	BOJEUX	target.com	HTTPS://WWW.TARGET.COM/B/BOJEUX/-/N-UR91
BOKA	BOKA	target.com	HTTPS://WWW.TARGET.COM/B/BOKA/-/N-1CPVX
BOKAAW	BOKA	target.com	HTTPS://WWW.TARGET.COM/B/BOKA/-/N-1CPVX
BOKADZI	BOKA	target.com	HTTPS://WWW.TARGET.COM/B/BOKA/-/N-1CPVX
BOKEMAR	BOKA	target.com	HTTPS://WWW.TARGET.COM/B/BOKA/-/N-1CPVX
BOKSERHOME	BOKSERHOME	target.com	HTTPS://WWW.TARGET.COM/B/BOKSER-HOME/-/N-Q643LE7NYV3
BOLABALL	BOLABALL	target.com	HTTPS://WWW.TARGET.COM/B/BOLABALL/-/N-Q643LESDCHX
BOLDCAN	BLKBOLDSPECIALTYBEVERAGES	target.com	HTTPS://WWW.TARGET.COM/B/BLK-BOLD-SPECIALTY-BEVERAGES/-/N-S5V20
BOLEY	BOLEY	target.com	HTTPS://WWW.TARGET.COM/B/BOLEY/-/N-Q643LE8XES4
BOLEYE	BOLEY	target.com	HTTPS://WWW.TARGET.COM/B/BOLEY/-/N-Q643LE8XES4
BOLTONFURNITURE	BOLTONFURNITURE	target.com	HTTPS://WWW.TARGET.COM/B/BOLTON-FURNITURE/-/N-4YNC8
BOMBA	BOMBAS	target.com	HTTPS://WWW.TARGET.COM/B/BOMBAS/-/N-Q643LER8I7E
BOMBANCO	BOMBAS	target.com	HTTPS://WWW.TARGET.COM/B/BOMBAS/-/N-Q643LER8I7E
BOMBAS	BOMBAS	target.com	HTTPS://WWW.TARGET.COM/B/BOMBAS/-/N-Q643LER8I7E
BOMBATA	BOMBATA	target.com	HTTPS://WWW.TARGET.COM/B/BOMBATA/-/N-Q643LEJHYV3
BONA	BONA	target.com	HTTPS://WWW.TARGET.COM/B/BONA/-/N-5ONHO
BONAMI	BONAMI	target.com	HTTPS://WWW.TARGET.COM/B/BON-AMI/-/N-QCL70
BONDI	BONDISANDS	target.com	HTTPS://WWW.TARGET.COM/B/BONDI-SANDS/-/N-QRY1E
BONDIBOOST	BONDIBOOST	target.com	HTTPS://WWW.TARGET.COM/B/BONDI-BOOST/-/N-Q643LE8XLN7
BONDIR	BONDIR	target.com	HTTPS://WWW.TARGET.COM/B/BONDIR/-/N-KCGVV
BONDISANDS	BONDISANDS	target.com	HTTPS://WWW.TARGET.COM/B/BONDI-SANDS/-/N-QRY1E
BONDMANUFACTURING	BONDMANUFACTURING	target.com	HTTPS://WWW.TARGET.COM/B/BOND-MANUFACTURING/-/N-Q643LEBX63N
BONEAFIDE	BONAFIDE	target.com	HTTPS://WWW.TARGET.COM/B/BONAFIDE/-/N-Q643LEKA4KM
BONEAFIDE	BONAFIDEPROVISIONS	target.com	HTTPS://WWW.TARGET.COM/B/BONAFIDE-PROVISIONS/-/N-Q643LEIPRKT
BONECO	BONECO	target.com	HTTPS://WWW.TARGET.COM/B/BONECO/-/N-WI69Z
BONESCOFFEECOMPANY	BONESCOFFEECOMPANY	target.com	HTTPS://WWW.TARGET.COM/B/BONES-COFFEE-COMPANY/-/N-Q643LEGPZTC
BONIDE	BONIDEPRODUCTS	target.com	HTTPS://WWW.TARGET.COM/B/BONIDE-PRODUCTS-INC/-/N-6Q8S3
BONIDEPRODUCTS	BONIDEPRODUCTS	target.com	HTTPS://WWW.TARGET.COM/B/BONIDE-PRODUCTS-INC/-/N-6Q8S3
BONIDEPRODUCTSINCP	BONIDEPRODUCTS	target.com	HTTPS://WWW.TARGET.COM/B/BONIDE-PRODUCTS-INC/-/N-6Q8S3
BONLETTI	BIALETTI	target.com	HTTPS://WWW.TARGET.COM/B/BIALETTI/-/N-5VI08
BONNEMAMA	BONNEMAMAN	target.com	HTTPS://WWW.TARGET.COM/B/BONNE-MAMAN/-/N-560PQ
BONNEMAMAN	BONNEMAMAN	target.com	HTTPS://WWW.TARGET.COM/B/BONNE-MAMAN/-/N-560PQ
BONNIEANDPOP	BONNIEANDPOP	target.com	HTTPS://WWW.TARGET.COM/B/BONNIE-AND-POP/-/N-Q643LEPUCH5
BONNLO	BONNLO	target.com	HTTPS://WWW.TARGET.COM/B/BONNLO/-/N-Q643LE7V7HB
BONRCEA	BONRCEA	target.com	HTTPS://WWW.TARGET.COM/B/BONRCEA/-/N-Q643LEXYOWZ
BONSEN	BONSEN	target.com	HTTPS://WWW.TARGET.COM/B/BONSEN/-/N-Q643LERQ71N
BONSENKITCHEN	BONSENKITCHEN	target.com	HTTPS://WWW.TARGET.COM/B/BONSENKITCHEN/-/N-Q643LEQYYEX
BONTIME	BONTIME	target.com	HTTPS://WWW.TARGET.COM/B/BONTIME/-/N-Q643LES7C10
BONUPAOT	BOON	target.com	HTTPS://WWW.TARGET.COM/B/BOON/-/N-5Y55J
BONVOYAGE	BONVOYAGE	target.com	HTTPS://WWW.TARGET.COM/B/BON-VOYAGE/-/N-Q643LE41ZJ2
BONZA	BONZA	target.com	HTTPS://WWW.TARGET.COM/B/BONZA/-/N-Q643LEMHUVM
BOOBIE	BOOBIE	target.com	HTTPS://WWW.TARGET.COM/B/BOOBIE/-/N-Q643LE7DLZG
BOOBIEBRANDS	BOOBIE	target.com	HTTPS://WWW.TARGET.COM/B/BOOBIE/-/N-Q643LE7DLZG
BOODBOO	NOODLEBOO	target.com	HTTPS://WWW.TARGET.COM/B/NOODLE-BOO/-/N-83WBS
BOOGINHEAD	BOOGINHEAD	target.com	HTTPS://WWW.TARGET.COM/B/BOOGINHEAD/-/N-JAU7R
BOOKERSSOULFOODSTARTERS	BOOKERSSOULFOODSTARTERS	target.com	HTTPS://WWW.TARGET.COM/B/BOOKER-S-SOUL-FOOD-STARTERS/-/N-Q643LE4TLJK
BOOKLOCKERCOM	BOOKLOCKERCOM	target.com	HTTPS://WWW.TARGET.COM/B/BOOKLOCKER-COM/-/N-Q643LEK8NFE
BOOKOUTURE	BOOKOUTURE	target.com	HTTPS://WWW.TARGET.COM/B/BOOKOUTURE/-/N-Q643LEMDKDK
BOOKZON	ZONEBOOKS	target.com	HTTPS://WWW.TARGET.COM/B/ZONE-BOOKS/-/N-Q643LE40XB
BOOMBOOMGIFTS	BOOMBOOM	target.com	HTTPS://WWW.TARGET.COM/B/BOOM/-/N-Q643LEP962R
BOOMHOMEMEDICAL	BOOMHOMEMEDICAL	target.com	HTTPS://WWW.TARGET.COM/B/BOOM-HOME-MEDICAL/-/N-Q643LEM9GAO
BOOMWHACKERS	BOOMWHACKERS	target.com	HTTPS://WWW.TARGET.COM/B/BOOMWHACKERS/-/N-4YM3V
BOON	BOON	target.com	HTTPS://WWW.TARGET.COM/B/BOON/-/N-5Y55J
BOONADE	BOON	target.com	HTTPS://WWW.TARGET.COM/B/BOON/-/N-5Y55J
BOONBLE	BOON	target.com	HTTPS://WWW.TARGET.COM/B/BOON/-/N-5Y55J
BOONBOON	BOON	target.com	HTTPS://WWW.TARGET.COM/B/BOON/-/N-5Y55J
BOONIPET	BOON	target.com	HTTPS://WWW.TARGET.COM/B/BOON/-/N-5Y55J
BOONNAPASHOP	BOON	target.com	HTTPS://WWW.TARGET.COM/B/BOON/-/N-5Y55J
BOONNY	BOON	target.com	HTTPS://WWW.TARGET.COM/B/BOON/-/N-5Y55J
BOORUMPEASE	BOORUMPEASE	target.com	HTTPS://WWW.TARGET.COM/B/BOORUM-PEASE/-/N-FS2Q3
BOOSTAPOOCH	BOOST	target.com	HTTPS://WWW.TARGET.COM/B/BOOST/-/N-56F75
BOOSTMOBILE	BOOSTMOBILE	target.com	HTTPS://WWW.TARGET.COM/B/BOOST-MOBILE/-/N-5XZXI
BOOSTNUTRITIONALDRINKS	BOOST	target.com	HTTPS://WWW.TARGET.COM/B/BOOST/-/N-56F75
BOOSTREE	BOOST	target.com	HTTPS://WWW.TARGET.COM/B/BOOST/-/N-56F75
BOOTLEG	BOOTLEG	target.com	HTTPS://WWW.TARGET.COM/B/BOOTLEG/-/N-Q643LEL6QGW
BOOTSANDBARKLEY	BOOTSBARKLEY	target.com	HTTPS://WWW.TARGET.COM/B/BOOTS-BARKLEY/-/N-VYZCR
BOOTSANDBARLEY	BOOTSBARKLEY	target.com	HTTPS://WWW.TARGET.COM/B/BOOTS-BARKLEY/-/N-VYZCR
BOOTSANDBATKLEY	BOOTSBARKLEY	target.com	HTTPS://WWW.TARGET.COM/B/BOOTS-BARKLEY/-/N-VYZCR
BOOTSBARKLEY	BOOTSBARKLEY	target.com	HTTPS://WWW.TARGET.COM/B/BOOTS-BARKLEY/-/N-VYZCR
BOOTSBARKLEY153	BOOTSBARKLEY	target.com	HTTPS://WWW.TARGET.COM/B/BOOTS-BARKLEY/-/N-VYZCR
BOOX	BOOX	target.com	HTTPS://WWW.TARGET.COM/B/BOOX/-/N-Q643LEN446
BOPICOKOK	BOKA	target.com	HTTPS://WWW.TARGET.COM/B/BOKA/-/N-1CPVX
BOPPYSTORE	BOPPY	target.com	HTTPS://WWW.TARGET.COM/B/BOPPY/-/N-5Y6PA
BOPSTER	BOPSTER	target.com	HTTPS://WWW.TARGET.COM/B/BOPSTER/-/N-Q643LED5OX8
BORAAM	BORAAM	target.com	HTTPS://WWW.TARGET.COM/B/BORAAM/-/N-5VKFZ
BORAAMINDUSTRIES	BORAAM	target.com	HTTPS://WWW.TARGET.COM/B/BORAAM/-/N-5VKFZ
BORAAMMELROSE	AURABORA	target.com	HTTPS://WWW.TARGET.COM/B/AURA-BORA/-/N-Q643LE2JB04
BORAX	BORAX	target.com	HTTPS://WWW.TARGET.COM/B/BORAX/-/N-55W1Z
BORDEN	BORDEN	target.com	HTTPS://WWW.TARGET.COM/B/BORDEN/-/N-P68ZE
BORDERCONCEPTS	BORDERCONCEPTS	target.com	HTTPS://WWW.TARGET.COM/B/BORDER-CONCEPTS/-/N-Q643LE2DLXU
BORMIOLI	BORMIOLIROCCO	target.com	HTTPS://WWW.TARGET.COM/B/BORMIOLI-ROCCO/-/N-5WN0Y
BORMIOLIROCCO	BORMIOLIROCCO	target.com	HTTPS://WWW.TARGET.COM/B/BORMIOLI-ROCCO/-/N-5WN0Y
BORMIOLIROCCOGLASSCO	BORMIOLIROCCO	target.com	HTTPS://WWW.TARGET.COM/B/BORMIOLI-ROCCO/-/N-5WN0Y
BORNIBOKS	BBOX	target.com	HTTPS://WWW.TARGET.COM/B/B-BOX/-/N-Q643LEBPB3Y
BORNTOYS	BORNTOYS	target.com	HTTPS://WWW.TARGET.COM/B/BORN-TOYS/-/N-Q643LE6DLCH
BORNTOYS	BABYBORN	target.com	HTTPS://WWW.TARGET.COM/B/BABY-BORN/-/N-FABTL
BORUISEN	BOURSIN	target.com	HTTPS://WWW.TARGET.COM/B/BOURSIN/-/N-STKP7
BOSE	BOSE	target.com	HTTPS://WWW.TARGET.COM/B/BOSE/-/N-5Y4FI
BOSEBOSE	BOSE	target.com	HTTPS://WWW.TARGET.COM/B/BOSE/-/N-5Y4FI
BOSEE	BOSE	target.com	HTTPS://WWW.TARGET.COM/B/BOSE/-/N-5Y4FI
BOSHEL	BOSHEL	target.com	HTTPS://WWW.TARGET.COM/B/BOSHEL/-/N-Q643LEL3841
BOSLEYMD	BOSLEYMD	target.com	HTTPS://WWW.TARGET.COM/B/BOSLEYMD/-/N-Q643LEW2BFV
BOSMERE	BOSMERE	target.com	HTTPS://WWW.TARGET.COM/B/BOSMERE/-/N-Q643LEEDAXC
BOSOSE	BOSE	target.com	HTTPS://WWW.TARGET.COM/B/BOSE/-/N-5Y4FI
BOSSAUDIO	BOSSAUDIO	target.com	HTTPS://WWW.TARGET.COM/B/BOSS-AUDIO/-/N-9OCTQ
BOSSAUDIOSYSTEM	BOSSAUDIO	target.com	HTTPS://WWW.TARGET.COM/B/BOSS-AUDIO/-/N-9OCTQ
BOSSAUDIOSYSTEMS	BOSSAUDIO	target.com	HTTPS://WWW.TARGET.COM/B/BOSS-AUDIO/-/N-9OCTQ
BOSSBUCK	BOSSBUCK	target.com	HTTPS://WWW.TARGET.COM/B/BOSS-BUCK/-/N-Q643LEAFN8O
BOSSBUCKPRODUCTS	BOSSBUCK	target.com	HTTPS://WWW.TARGET.COM/B/BOSS-BUCK/-/N-Q643LEAFN8O
BOSSFIGHTSTUDIO	BOSSFIGHTSTUDIO	target.com	HTTPS://WWW.TARGET.COM/B/BOSS-FIGHT-STUDIO/-/N-Q643LE7J9VQ
BOSSHUGOBOSS	HUGOBOSS	target.com	HTTPS://WWW.TARGET.COM/B/HUGO-BOSS/-/N-5TCX4
BOSSOFFICE	BOSSOFFICEPRODUCTS	target.com	HTTPS://WWW.TARGET.COM/B/BOSS-OFFICE-PRODUCTS/-/N-54ZUQ
BOSSOFFICEPRODUCTS	BOSSOFFICEPRODUCTS	target.com	HTTPS://WWW.TARGET.COM/B/BOSS-OFFICE-PRODUCTS/-/N-54ZUQ
BOSSOFFICEPRODUCTSA20	BOSSOFFICEPRODUCTS	target.com	HTTPS://WWW.TARGET.COM/B/BOSS-OFFICE-PRODUCTS/-/N-54ZUQ
BOSSOFFICEPRODUCTSBOSXK	BOSSOFFICEPRODUCTS	target.com	HTTPS://WWW.TARGET.COM/B/BOSS-OFFICE-PRODUCTS/-/N-54ZUQ
BOSSOFFICEPRODUCTSSTORE	BOSSOFFICEPRODUCTS	target.com	HTTPS://WWW.TARGET.COM/B/BOSS-OFFICE-PRODUCTS/-/N-54ZUQ
BOSSUDIO	BOSSAUDIO	target.com	HTTPS://WWW.TARGET.COM/B/BOSS-AUDIO/-/N-9OCTQ
BOSTITCHSTANLEY	STANLEYBOSTITCH	target.com	HTTPS://WWW.TARGET.COM/B/STANLEY-BOSTITCH/-/N-RBBBR
BOSTONAMERICA	BOSTONAMERICACORP	target.com	HTTPS://WWW.TARGET.COM/B/BOSTON-AMERICA-CORP/-/N-9W3BG
BOSTONMILLSPRESS	BOSTONMILLSPRESS	target.com	HTTPS://WWW.TARGET.COM/B/BOSTON-MILLS-PRESS/-/N-Q643LEYCR9N
BOSU	BOSU	target.com	HTTPS://WWW.TARGET.COM/B/BOSU/-/N-HDLYE
BOTA	BOTABOX	target.com	HTTPS://WWW.TARGET.COM/B/BOTA-BOX/-/N-VHZTP
BOTABOX	BOTABOX	target.com	HTTPS://WWW.TARGET.COM/B/BOTA-BOX/-/N-VHZTP
BOTANICHEARTH	BOTANICHEARTH	target.com	HTTPS://WWW.TARGET.COM/B/BOTANIC-HEARTH/-/N-Q643LEH5EJI
BOULDERCANYON	BOULDERCANYON	target.com	HTTPS://WWW.TARGET.COM/B/BOULDER-CANYON/-/N-6RMIT
BOULDERTOOLS	BOULDERTOOLS	target.com	HTTPS://WWW.TARGET.COM/B/BOULDER-TOOLS/-/N-Q643LEKS5HS
BOULDERTUFF	BOULDERTUFF	target.com	HTTPS://WWW.TARGET.COM/B/BOULDER-TUFF/-/N-Q643LEKE16J
BOULEVARD	BOULEVARDBREWINGCO	target.com	HTTPS://WWW.TARGET.COM/B/BOULEVARD-BREWING-CO/-/N-91KFU
BOUNCEE	BOUNCE	target.com	HTTPS://WWW.TARGET.COM/B/BOUNCE/-/N-56H78
BOUNCELAND	BOUNCELAND	target.com	HTTPS://WWW.TARGET.COM/B/BOUNCELAND/-/N-5D8NM
BOUNCYBANDS	BOUNCYBANDS	target.com	HTTPS://WWW.TARGET.COM/B/BOUNCY-BANDS/-/N-PFG9X
BOUNCYBANDSBOUNCYBANDS	BOUNCYBANDS	target.com	HTTPS://WWW.TARGET.COM/B/BOUNCY-BANDS/-/N-PFG9X
BOUNTYBITES	BOUNTY	target.com	HTTPS://WWW.TARGET.COM/B/BOUNTY/-/N-56DLL
BOUNTYBUNDLESLTD	BOUNTY	target.com	HTTPS://WWW.TARGET.COM/B/BOUNTY/-/N-56DLL
BOUNTYS	BOUNTY	target.com	HTTPS://WWW.TARGET.COM/B/BOUNTY/-/N-56DLL
BOUNV	BOON	target.com	HTTPS://WWW.TARGET.COM/B/BOON/-/N-5Y55J
BOURSIN	BOURSIN	target.com	HTTPS://WWW.TARGET.COM/B/BOURSIN/-/N-STKP7
BOVVFLEX	BOWFLEX	target.com	HTTPS://WWW.TARGET.COM/B/BOWFLEX/-/N-56CTI
BOWERYHILL	BOWERYHILL	target.com	HTTPS://WWW.TARGET.COM/B/BOWERY-HILL/-/N-8R42
BOWFLEXSTORE	BOWFLEX	target.com	HTTPS://WWW.TARGET.COM/B/BOWFLEX/-/N-56CTI
BOWLFRESH	BOWLFRESH	target.com	HTTPS://WWW.TARGET.COM/B/BOWL-FRESH/-/N-Q643LEYXV6I
BOWWOWLABS	BOWWOWLABS	target.com	HTTPS://WWW.TARGET.COM/B/BOW-WOW-LABS/-/N-Q643LELOZJ5
BOXBANK	BANKERSBOX	target.com	HTTPS://WWW.TARGET.COM/B/BANKERS-BOX/-/N-54XS4
BOXIECAT	BOXIECAT	target.com	HTTPS://WWW.TARGET.COM/B/BOXIECAT/-/N-Q643LE1BF4G
BOXTHINK	THINKBOX	target.com	HTTPS://WWW.TARGET.COM/B/THINK-BOX/-/N-4UXIB
BOXYGIRLS	BOXYGIRLS	target.com	HTTPS://WWW.TARGET.COM/B/BOXY-GIRLS/-/N-AABOV
BOYANBB	BOON	target.com	HTTPS://WWW.TARGET.COM/B/BOON/-/N-5Y55J
BOYDSBEARS	BOYDSBEARS	target.com	HTTPS://WWW.TARGET.COM/B/BOYDS-BEARS/-/N-YAPBK
BOYDSBEARSPLUSH	BOYDSBEARS	target.com	HTTPS://WWW.TARGET.COM/B/BOYDS-BEARS/-/N-YAPBK
BOYLANS	BOYLANBOTTLING	target.com	HTTPS://WWW.TARGET.COM/B/BOYLAN-BOTTLING/-/N-JC8LQ
BPISPORTS	BPISPORTS	target.com	HTTPS://WWW.TARGET.COM/B/BPI-SPORTS/-/N-Q643LE74BSO
BPLAMP	BPLAMPSUPPLY	target.com	HTTPS://WWW.TARGET.COM/B/B-P-LAMP-SUPPLY/-/N-Q643LEHCIRE
BPLAMPSUPPLY	BPLAMPSUPPLY	target.com	HTTPS://WWW.TARGET.COM/B/B-P-LAMP-SUPPLY/-/N-Q643LEHCIRE
BQAUGEN	BAKUGAN	target.com	HTTPS://WWW.TARGET.COM/B/BAKUGAN/-/N-JB9ZV
BRACH	BRACHS	target.com	HTTPS://WWW.TARGET.COM/B/BRACH-S/-/N-55F1F
BRACHS	BRACHS	target.com	HTTPS://WWW.TARGET.COM/B/BRACH-S/-/N-55F1F
BRADLEYSMOKER	BRADLEYSMOKER	target.com	HTTPS://WWW.TARGET.COM/B/BRADLEY-SMOKER/-/N-4VQXX
BRAFAB	BRAFAB	target.com	HTTPS://WWW.TARGET.COM/B/BRAFAB/-/N-Q643LEFYBF2
BRAINBOXES	BRAINBOXES	target.com	HTTPS://WWW.TARGET.COM/B/BRAINBOXES/-/N-8JV5V
BRAINGAMES	BRAINGAMES	target.com	HTTPS://WWW.TARGET.COM/B/BRAIN-GAMES/-/N-I1P9R
BRAINIAC	BRAINIACKIDS	target.com	HTTPS://WWW.TARGET.COM/B/BRAINIAC-KIDS/-/N-Q643LE4KW8Y
BRAINJUICE	BRAINJUICE	target.com	HTTPS://WWW.TARGET.COM/B/BRAINJUICE/-/N-Q643LEYTLMW
BRAINPAD	BRAINPAD	target.com	HTTPS://WWW.TARGET.COM/B/BRAIN-PAD/-/N-Q643LEFIXA0
BRAINSTORMTOYS	BRAINSTORMTOYS	target.com	HTTPS://WWW.TARGET.COM/B/BRAINSTORM-TOYS/-/N-Q643LEVWTTN
BRAINSTREAM	BRAINSTREAM	target.com	HTTPS://WWW.TARGET.COM/B/BRAINSTREAM/-/N-Q643LESPS6U
BRAINWRIGHT	BRAINWRIGHT	target.com	HTTPS://WWW.TARGET.COM/B/BRAINWRIGHT/-/N-Q9O4Y
BRAINYTOYS	PLAYBRAINY	target.com	HTTPS://WWW.TARGET.COM/B/PLAY-BRAINY/-/N-Q643LEBH04P
BRAMI	BRAMI	target.com	HTTPS://WWW.TARGET.COM/B/BRAMI/-/N-Q643LEFZKAT
BRANCH	BRANCHBASICS	target.com	HTTPS://WWW.TARGET.COM/B/BRANCH-BASICS/-/N-Q643LE8W2FT
BRANCHISH	BRANCHBASICS	target.com	HTTPS://WWW.TARGET.COM/B/BRANCH-BASICS/-/N-Q643LE8W2FT
BRAND5GUM	5GUM	target.com	HTTPS://WWW.TARGET.COM/B/5-GUM/-/N-2NYD8
BRANDAMBERALLENPUBLISHING	AMBERALLENPUBLISHING	target.com	HTTPS://WWW.TARGET.COM/B/AMBER-ALLEN-PUBLISHING/-/N-Q643LE1MBO8
BRANDCASTLE	BRANDCASTLE	target.com	HTTPS://WWW.TARGET.COM/B/BRAND-CASTLE/-/N-WU75L
BRANDCHRONICLEBOOKS	CHRONICLEBOOKS	target.com	HTTPS://WWW.TARGET.COM/B/CHRONICLE-BOOKS/-/N-4Y3N4
BRANDNEWROZKITCH	KITSCH	target.com	HTTPS://WWW.TARGET.COM/B/KITSCH/-/N-Q643LEATP7E
BRANDNEWWILDKIN	WILDKIN	target.com	HTTPS://WWW.TARGET.COM/B/WILDKIN/-/N-5XH6X
BRANDOFCLOROX	CLOROX	target.com	HTTPS://WWW.TARGET.COM/B/CLOROX/-/N-5SCSN
BRANDOFCLOROX2	CLOROX2	target.com	HTTPS://WWW.TARGET.COM/B/CLOROX-2/-/N-55TFG
BRANDOFDIAL	DIAL	target.com	HTTPS://WWW.TARGET.COM/B/DIAL/-/N-55QRJ
BRANDOFDOWNY	DOWNY	target.com	HTTPS://WWW.TARGET.COM/B/DOWNY/-/N-5CUSF
BRANDOFECOS	ECOS	target.com	HTTPS://WWW.TARGET.COM/B/ECOS/-/N-JD3VF
BRANDOFKLEENEX	KLEENEX	target.com	HTTPS://WWW.TARGET.COM/B/KLEENEX/-/N-565TD
BRANDOFNATUREVALLEY	NATUREVALLEY	target.com	HTTPS://WWW.TARGET.COM/B/NATURE-VALLEY/-/N-56FCS
BRANDOFPUFFS	PUFFS	target.com	HTTPS://WWW.TARGET.COM/B/PUFFS/-/N-56DLJ
BRANDOFSEVENTHGENERATION	SEVENTHGENERATION	target.com	HTTPS://WWW.TARGET.COM/B/SEVENTH-GENERATION/-/N-5VIDI
BRANDOFSLIMJIM	SLIMJIM	target.com	HTTPS://WWW.TARGET.COM/B/SLIM-JIM/-/N-56DNZ
BRANDTAUNTONPRESS	TAUNTONPRESS	target.com	HTTPS://WWW.TARGET.COM/B/TAUNTON-PRESS/-/N-Q643LESEWYS
BRANDTEXASTECHUNIVERSITYPRESS	TEXASTECHUNIVERSITYPRESS	target.com	HTTPS://WWW.TARGET.COM/B/TEXAS-TECH-UNIVERSITY-PRESS/-/N-Q643LEPPIQ2
BRANDWHITAKERHOUSE	WHITAKERHOUSE	target.com	HTTPS://WWW.TARGET.COM/B/WHITAKER-HOUSE/-/N-Q643LEYT8OR
BRANTHOUSE	BRANTHOUSE	target.com	HTTPS://WWW.TARGET.COM/B/BRANT-HOUSE/-/N-Q643LEPJ515
BRASSMONKEY	BRASSMONKEY	target.com	HTTPS://WWW.TARGET.COM/B/BRASS-MONKEY/-/N-Q643LEMBPDI
BRASWELL	BRASWELLS	target.com	HTTPS://WWW.TARGET.COM/B/BRASWELL-S/-/N-68TP8
BRATZ	BRATZ	target.com	HTTPS://WWW.TARGET.COM/B/BRATZ/-/N-5X9YB
BRAVADOBASICS	BRAVADOBASICS	target.com	HTTPS://WWW.TARGET.COM/B/BRAVADO-BASICS/-/N-10967
BRAVADODESIGNS	BRAVADODESIGNS	target.com	HTTPS://WWW.TARGET.COM/B/BRAVADO-DESIGNS/-/N-C58KU
BRAVADOSPICE	BRAVADOSPICE	target.com	HTTPS://WWW.TARGET.COM/B/BRAVADO-SPICE/-/N-7P909
BRAXTONSTUDIO	BAXTONSTUDIO	target.com	HTTPS://WWW.TARGET.COM/B/BAXTON-STUDIO/-/N-5D8ZT
BRAXTONSTUDIOS	BAXTONSTUDIO	target.com	HTTPS://WWW.TARGET.COM/B/BAXTON-STUDIO/-/N-5D8ZT
BRAZILIANBARE	BRAZILIANBARE	target.com	HTTPS://WWW.TARGET.COM/B/BRAZILIAN-BARE/-/N-D71W1
BRAZILIANBLOWOUT	BRAZILIANBLOWOUT	target.com	HTTPS://WWW.TARGET.COM/B/BRAZILIAN-BLOWOUT/-/N-Q643LE5IL8
BRAZOSPRESS	BAKERACADEMICBRAZOSPRESS	target.com	HTTPS://WWW.TARGET.COM/B/BAKER-ACADEMIC-BRAZOS-PRESS/-/N-Q643LE4NSZL
BRAZOSPRESS	BRAZOSPRESS	target.com	HTTPS://WWW.TARGET.COM/B/BRAZOS-PRESS/-/N-Q643LE5YLIW
BRAZOSWALKINGSTICK	BRAZOSWALKINGSTICKS	target.com	HTTPS://WWW.TARGET.COM/B/BRAZOS-WALKING-STICKS/-/N-8RSFP
BRAZOSWALKINGSTICKS	BRAZOSWALKINGSTICKS	target.com	HTTPS://WWW.TARGET.COM/B/BRAZOS-WALKING-STICKS/-/N-8RSFP
BREAREESE	BREAREESE	target.com	HTTPS://WWW.TARGET.COM/B/BREA-REESE/-/N-C99O8
BREATHABLEBABY	BREATHABLEBABY	target.com	HTTPS://WWW.TARGET.COM/B/BREATHABLEBABY/-/N-5T18H
BREATHABLEBABYBABY	BREATHABLEBABY	target.com	HTTPS://WWW.TARGET.COM/B/BREATHABLEBABY/-/N-5T18H
BREATHERIGHT	BREATHERIGHT	target.com	HTTPS://WWW.TARGET.COM/B/BREATHE-RIGHT/-/N-5XVFG
BRENTWOODAPPLIANCES	BRENTWOODAPPLIANCES	target.com	HTTPS://WWW.TARGET.COM/B/BRENTWOOD-APPLIANCES/-/N-Q643LEYWLNL
BRENTWOODAPPLICANCES	BRENTWOODAPPLIANCES	target.com	HTTPS://WWW.TARGET.COM/B/BRENTWOOD-APPLIANCES/-/N-Q643LEYWLNL
BREVILE	BREVILLE	target.com	HTTPS://WWW.TARGET.COM/B/BREVILLE/-/N-Q643LEYNX5P
BREVILLE	BREVILLE	target.com	HTTPS://WWW.TARGET.COM/B/BREVILLE/-/N-Q643LEYNX5P
BREVILLEDIRECT	BREVILLE	target.com	HTTPS://WWW.TARGET.COM/B/BREVILLE/-/N-Q643LEYNX5P
BREVILLELOCATIONB37	BREVILLE	target.com	HTTPS://WWW.TARGET.COM/B/BREVILLE/-/N-Q643LEYNX5P
BREVILLEUSA	BREVILLE	target.com	HTTPS://WWW.TARGET.COM/B/BREVILLE/-/N-Q643LEYNX5P
BRIANNA	BRIANNAS	target.com	HTTPS://WWW.TARGET.COM/B/BRIANNAS/-/N-560LS
BRIANNAS	BRIANNAS	target.com	HTTPS://WWW.TARGET.COM/B/BRIANNAS/-/N-560LS
BRIARWOODLANE	BRIARWOODLANE	target.com	HTTPS://WWW.TARGET.COM/B/BRIARWOOD-LANE/-/N-Q643LEW5N3P
BRIEOFOOD	BRIEOFOOD	target.com	HTTPS://WWW.TARGET.COM/B/BRIEOFOOD/-/N-Q643LE9HNZI
BRIGHTBULBCREATIONS	BRIGHTCREATIONS	target.com	HTTPS://WWW.TARGET.COM/B/BRIGHT-CREATIONS/-/N-XMUKY
BRIGHTCREATIONS	BRIGHTCREATIONS	target.com	HTTPS://WWW.TARGET.COM/B/BRIGHT-CREATIONS/-/N-XMUKY
BRIGHTECHSHOP	BRIGHTECH	target.com	HTTPS://WWW.TARGET.COM/B/BRIGHTECH/-/N-Q643LE5KMVY
BRIGHTERCHILD	BRIGHTERCHILD	target.com	HTTPS://WWW.TARGET.COM/B/BRIGHTER-CHILD/-/N-Q643LEVLOVO
BRIGHTKINS	BRIGHTKINS	target.com	HTTPS://WWW.TARGET.COM/B/BRIGHTKINS/-/N-Q643LEOLIQJ
BRIGHTLIGHT	BRIGHTLIGHT	target.com	HTTPS://WWW.TARGET.COM/B/BRIGHT-LIGHT/-/N-Q643LEGBR4N
BRIGHTLUX	BRIGHTLUX	target.com	HTTPS://WWW.TARGET.COM/B/BRIGHTLUX/-/N-Q643LEZBVPU
BRIGHTROOM	BRIGHTROOM	target.com	HTTPS://WWW.TARGET.COM/B/BRIGHTROOM/-/N-Q643LE5T6VK
BRIGHTSHOWERS	BRIGHTSHOWERS	target.com	HTTPS://WWW.TARGET.COM/B/BRIGHT-SHOWERS/-/N-Q643LEOUK9
BRIGHTSSTARTS	BRIGHTSTARTS	target.com	HTTPS://WWW.TARGET.COM/B/BRIGHT-STARTS/-/N-5Y6N5
BRIGHTSTARS	BRIGHTSTARTS	target.com	HTTPS://WWW.TARGET.COM/B/BRIGHT-STARTS/-/N-5Y6N5
BRIGHTSTARTS	BRIGHTSTARTS	target.com	HTTPS://WWW.TARGET.COM/B/BRIGHT-STARTS/-/N-5Y6N5
BRIGHTSTARTSTM	BRIGHTSTARTS	target.com	HTTPS://WWW.TARGET.COM/B/BRIGHT-STARTS/-/N-5Y6N5
BRIGHTTECH	BRIGHTECH	target.com	HTTPS://WWW.TARGET.COM/B/BRIGHTECH/-/N-Q643LE5KMVY
BRIGHTZ	BRIGHTZ	target.com	HTTPS://WWW.TARGET.COM/B/BRIGHTZ/-/N-EEGA5
BRILLIANCEAUDIO	BRILLIANCEAUDIO	target.com	HTTPS://WWW.TARGET.COM/B/BRILLIANCE-AUDIO/-/N-Q643LEYVWBV
BRILLIANTBEE	BRILLIANTBEE	target.com	HTTPS://WWW.TARGET.COM/B/BRILLIANT-BEE/-/N-Q643LEVRVCG
BRINJOY	BRINJOY	target.com	HTTPS://WWW.TARGET.COM/B/BRINJOY/-/N-Q643LELAZR7
BRIOGEO	BRIOGEOHAIRCARE	target.com	HTTPS://WWW.TARGET.COM/B/BRIOGEO-HAIR-CARE/-/N-Q643LEP85WG
BRIOGEOHAIRCARE	BRIOGEOHAIRCARE	target.com	HTTPS://WWW.TARGET.COM/B/BRIOGEO-HAIR-CARE/-/N-Q643LEP85WG
BRIOPRODUCTS	BRIO	target.com	HTTPS://WWW.TARGET.COM/B/BRIO/-/N-68M19
BRITA	BRITA	target.com	HTTPS://WWW.TARGET.COM/B/BRITA/-/N-5VGS7
BRITA12	BRITA	target.com	HTTPS://WWW.TARGET.COM/B/BRITA/-/N-5VGS7
BRITAWATERSYSTEMS	BRITA	target.com	HTTPS://WWW.TARGET.COM/B/BRITA/-/N-5VGS7
BRITAXSTORE	BRITAX	target.com	HTTPS://WWW.TARGET.COM/B/BRITAX/-/N-5Y4EY
BRITAXUSA	BRITAX	target.com	HTTPS://WWW.TARGET.COM/B/BRITAX/-/N-5Y4EY
BRITECROWN	BRITECROWN	target.com	HTTPS://WWW.TARGET.COM/B/BRITE-CROWN/-/N-Q643LEXSE4W
BRITELITE	LITEBRITE	target.com	HTTPS://WWW.TARGET.COM/B/LITE-BRITE/-/N-1JVQ6
BRITESTAR	BRITESTAR	target.com	HTTPS://WWW.TARGET.COM/B/BRITE-STAR/-/N-H2390
BRITNEYSPEARS	BRITNEYSPEARS	target.com	HTTPS://WWW.TARGET.COM/B/BRITNEY-SPEARS/-/N-5T8VF
BRITTSKNITS	BRITTSKNITS	target.com	HTTPS://WWW.TARGET.COM/B/BRITT-S-KNITS/-/N-Q643LE8Z03B
BRIXWELL	BRIXWELL	target.com	HTTPS://WWW.TARGET.COM/B/BRIXWELL/-/N-Q643LEXH07C
BROADLEAFBOOKS	BROADLEAFBOOKS	target.com	HTTPS://WWW.TARGET.COM/B/BROADLEAF-BOOKS/-/N-Q643LECG73Z
BROADMANHOLMAN	BROADMANHOLMAN	target.com	HTTPS://WWW.TARGET.COM/B/BROADMAN-HOLMAN/-/N-Q643LECNS18
BROADSTREETPUBLISHING	BROADSTREETPUBLISHING	target.com	HTTPS://WWW.TARGET.COM/B/BROADSTREET-PUBLISHING/-/N-Q643LEX3MC5
BROME	BROMEBIRDCARE	target.com	HTTPS://WWW.TARGET.COM/B/BROME-BIRD-CARE/-/N-Q643LE4TP32
BROMEBIRDCARE	BROMEBIRDCARE	target.com	HTTPS://WWW.TARGET.COM/B/BROME-BIRD-CARE/-/N-Q643LE4TP32
BRONAX	BORAX	target.com	HTTPS://WWW.TARGET.COM/B/BORAX/-/N-55W1Z
BROOKINGSINSTITUTIONPRESS	BROOKINGSINSTITUTIONPRESS	target.com	HTTPS://WWW.TARGET.COM/B/BROOKINGS-INSTITUTION-PRESS/-/N-Q643LER6QFR
BROOKLYNBEANROASTERY	BROOKLYNBEANROASTERY	target.com	HTTPS://WWW.TARGET.COM/B/BROOKLYN-BEAN-ROASTERY/-/N-Q643LE9AJEV
BROOKLYNBEANS	BROOKLYNBEANROASTERY	target.com	HTTPS://WWW.TARGET.COM/B/BROOKLYN-BEAN-ROASTERY/-/N-Q643LE9AJEV
BROOKLYNBEANSROASTERY	BROOKLYNBEANROASTERY	target.com	HTTPS://WWW.TARGET.COM/B/BROOKLYN-BEAN-ROASTERY/-/N-Q643LE9AJEV
BROOKLYNBEDDING	BROOKLYNBEDDING	target.com	HTTPS://WWW.TARGET.COM/B/BROOKLYN-BEDDING/-/N-Q643LEVRQ61
BROOKLYNBREWERY	BROOKLYNBREWERY	target.com	HTTPS://WWW.TARGET.COM/B/BROOKLYN-BREWERY/-/N-JBQ3G
BROOKLYNLOOM	BROOKLYNLOOM	target.com	HTTPS://WWW.TARGET.COM/B/BROOKLYN-LOOM/-/N-Q643LE9DZ0G
BROOKSTON	BROOKSTONE	target.com	HTTPS://WWW.TARGET.COM/B/BROOKSTONE/-/N-55NFV
BROOKSTONE	BROOKSTONE	target.com	HTTPS://WWW.TARGET.COM/B/BROOKSTONE/-/N-55NFV
BROOKSTONEANDOUTLAST	BROOKSTONE	target.com	HTTPS://WWW.TARGET.COM/B/BROOKSTONE/-/N-55NFV
BROOKSTONEOUTLAST	BROOKSTONE	target.com	HTTPS://WWW.TARGET.COM/B/BROOKSTONE/-/N-55NFV
BROOKSTONEUGGWAMSUTTA	BROOKSTONE	target.com	HTTPS://WWW.TARGET.COM/B/BROOKSTONE/-/N-55NFV
BROTHERSALLNATURAL	BROTHERSALLNATURAL	target.com	HTTPS://WWW.TARGET.COM/B/BROTHERS-ALL-NATURAL/-/N-Q643LE6FQ2D
BROTHERWISEGAMES	BROTHERWISEGAMES	target.com	HTTPS://WWW.TARGET.COM/B/BROTHERWISE-GAMES/-/N-ZG1F8
BROWER	BROWER	target.com	HTTPS://WWW.TARGET.COM/B/BROWER/-/N-Q643LETFS4B
BROWNEFOODSERVICE	BROWNEFOODSERVICE	target.com	HTTPS://WWW.TARGET.COM/B/BROWNE-FOODSERVICE/-/N-Q643LEGUQRK
BROWNTOYBOX	BROWNTOYBOX	target.com	HTTPS://WWW.TARGET.COM/B/BROWN-TOY-BOX/-/N-Q643LEGPAO6
BROWNTROUT	BROWNTROUT	target.com	HTTPS://WWW.TARGET.COM/B/BROWNTROUT/-/N-J8D9J
BRUMATE	BRUMATE	target.com	HTTPS://WWW.TARGET.COM/B/BRUMATE/-/N-Q643LEQLC00
BRUMLOW	BRUMLOWMILLS	target.com	HTTPS://WWW.TARGET.COM/B/BRUMLOW-MILLS/-/N-Q643LEU20ET
BRUMLOWMILL	BRUMLOWMILLS	target.com	HTTPS://WWW.TARGET.COM/B/BRUMLOW-MILLS/-/N-Q643LEU20ET
BRUMLOWMILLS	BRUMLOWMILLS	target.com	HTTPS://WWW.TARGET.COM/B/BRUMLOW-MILLS/-/N-Q643LEU20ET
BRUMLOWMILLSEW1019530X46HARPERG	BRUMLOWMILLS	target.com	HTTPS://WWW.TARGET.COM/B/BRUMLOW-MILLS/-/N-Q643LEU20ET
BRUMOSA	BRUMATE	target.com	HTTPS://WWW.TARGET.COM/B/BRUMATE/-/N-Q643LEQLC00
BRUSHEE	BRUSHEE	target.com	HTTPS://WWW.TARGET.COM/B/BRUSHEE/-/N-Q643LEB3TFJ
BRUSHGRUBBER	BRUSHGRUBBER	target.com	HTTPS://WWW.TARGET.COM/B/BRUSH-GRUBBER/-/N-2M2DD
BRUSHONBLOCK	BRUSHONBLOCK	target.com	HTTPS://WWW.TARGET.COM/B/BRUSH-ON-BLOCK/-/N-Q643LEHEJ8G
BRUT	BRUT	target.com	HTTPS://WWW.TARGET.COM/B/BRUT/-/N-5QQI5
BRUTE	BRUT	target.com	HTTPS://WWW.TARGET.COM/B/BRUT/-/N-5QQI5
BRUTIRZI	BRUT	target.com	HTTPS://WWW.TARGET.COM/B/BRUT/-/N-5QQI5
BRUTUSBONEBROTH	BRUTUSBONEBROTH	target.com	HTTPS://WWW.TARGET.COM/B/BRUTUS-BONE-BROTH/-/N-1ZA7W
BRUTUSBONEBROTHS	BRUTUSBONEBROTH	target.com	HTTPS://WWW.TARGET.COM/B/BRUTUS-BONE-BROTH/-/N-1ZA7W
BRYLANEHOME	BRYLANEHOME	target.com	HTTPS://WWW.TARGET.COM/B/BRYLANEHOME/-/N-Q643LEL0GY
BRYLENEHOME	BRYLANEHOME	target.com	HTTPS://WWW.TARGET.COM/B/BRYLANEHOME/-/N-Q643LEL0GY
BSKINNYGLOBAL	SKINNYGIRL	target.com	HTTPS://WWW.TARGET.COM/B/SKINNYGIRL/-/N-55AGZ
BSNJOBST	BSNJOBST	target.com	HTTPS://WWW.TARGET.COM/B/BSN-JOBST/-/N-Q643LEEN5B0
BSPACESBYBATTATSTORE	BSPACES	target.com	HTTPS://WWW.TARGET.COM/B/B-SPACES/-/N-Q643LEXQTRG
BTAN	BTAN	target.com	HTTPS://WWW.TARGET.COM/B/B-TAN/-/N-OABUO
BTARTBOX	BTARTBOXNAILS	target.com	HTTPS://WWW.TARGET.COM/B/BTARTBOX-NAILS/-/N-Q643LEUK12G
BTARTBOXNAILS	BTARTBOXNAILS	target.com	HTTPS://WWW.TARGET.COM/B/BTARTBOX-NAILS/-/N-Q643LEUK12G
BTOYSBYBATTAT	BTOYS	target.com	HTTPS://WWW.TARGET.COM/B/B-TOYS/-/N-Q643LEG9GOG
BUBBA	BUBBA	target.com	HTTPS://WWW.TARGET.COM/B/BUBBA/-/N-55TNK
BUBBA	HUBBABUBBA	target.com	HTTPS://WWW.TARGET.COM/B/HUBBA-BUBBA/-/N-4YLIF
BUBBABRANDS	BUBBA	target.com	HTTPS://WWW.TARGET.COM/B/BUBBA/-/N-55TNK
BUBBASDCOR	BUBBA	target.com	HTTPS://WWW.TARGET.COM/B/BUBBA/-/N-55TNK
BUBBLEBLENDS	BUBBLESKINCARE	target.com	HTTPS://WWW.TARGET.COM/B/BUBBLE-SKINCARE/-/N-Q643LEWSAD6
BUBBLEBUM	BUBBLEBUM	target.com	HTTPS://WWW.TARGET.COM/B/BUBBLEBUM/-/N-56EBV
BUBBLEGUPPIES	BUBBLEGUPPIES	target.com	HTTPS://WWW.TARGET.COM/B/BUBBLE-GUPPIES/-/N-55RHJ
BUBBLEPLEASURE	BUBBLESKINCARE	target.com	HTTPS://WWW.TARGET.COM/B/BUBBLE-SKINCARE/-/N-Q643LEWSAD6
BUBBLESTOILET	SCRUBBINGBUBBLES	target.com	HTTPS://WWW.TARGET.COM/B/SCRUBBING-BUBBLES/-/N-56DD0
BUBBLEY	BUBLY	target.com	HTTPS://WWW.TARGET.COM/B/BUBLY/-/N-Y8TRN
BUBBLEYUM	BUBBLEYUM	target.com	HTTPS://WWW.TARGET.COM/B/BUBBLE-YUM/-/N-N0PDV
BUBBLYTHE	BUBLY	target.com	HTTPS://WWW.TARGET.COM/B/BUBLY/-/N-Y8TRN
BUBFUL	BUBBLR	target.com	HTTPS://WWW.TARGET.COM/B/BUBBL-R/-/N-Q643LE1LV48
BUBIQUER	BUBBLR	target.com	HTTPS://WWW.TARGET.COM/B/BUBBL-R/-/N-Q643LE1LV48
BUBLY	BUBLY	target.com	HTTPS://WWW.TARGET.COM/B/BUBLY/-/N-Y8TRN
BUBOOM	BUBBLEBUM	target.com	HTTPS://WWW.TARGET.COM/B/BUBBLEBUM/-/N-56EBV
BUBUSTAR	BUBBLR	target.com	HTTPS://WWW.TARGET.COM/B/BUBBL-R/-/N-Q643LE1LV48
BUCILLA	BUCILLA	target.com	HTTPS://WWW.TARGET.COM/B/BUCILLA/-/N-Q643LE3OIX1
BUCKEDUP	BUCKEDUP	target.com	HTTPS://WWW.TARGET.COM/B/BUCKED-UP/-/N-Q643LET1IDI
BUCKLEDOWN	BUCKLEDOWN	target.com	HTTPS://WWW.TARGET.COM/B/BUCKLE-DOWN/-/N-E4MII
BUDDHATEAS	BUDDHATEAS	target.com	HTTPS://WWW.TARGET.COM/B/BUDDHA-TEAS/-/N-Q643LEEGXVN
BUDDY4BABY	BABYBUDDY	target.com	HTTPS://WWW.TARGET.COM/B/BABY-BUDDY/-/N-4Y8MM
BUDDYBISCUITS	BUDDYBISCUITS	target.com	HTTPS://WWW.TARGET.COM/B/BUDDY-BISCUITS/-/N-4VQCF
BUDDYPHONES	BUDDYPHONES	target.com	HTTPS://WWW.TARGET.COM/B/BUDDYPHONES/-/N-FZ3EK
BUDWEISER	BUDWEISER	target.com	HTTPS://WWW.TARGET.COM/B/BUDWEISER/-/N-569T2
BUERKEO	BEROBREWING	target.com	HTTPS://WWW.TARGET.COM/B/BERO-BREWING/-/N-Q643LE7UO71
BUFFALOWILDWINGS	BUFFALOWILDWINGS	target.com	HTTPS://WWW.TARGET.COM/B/BUFFALO-WILD-WINGS/-/N-GKKZS
BUGABOO	BUGABOO	target.com	HTTPS://WWW.TARGET.COM/B/BUGABOO/-/N-Q643LE3M7M8
BUGBITETHING	BUGBITETHING	target.com	HTTPS://WWW.TARGET.COM/B/BUG-BITE-THING/-/N-Q643LE8YGB6
BUGGYBEDS	BUGGYBEDS	target.com	HTTPS://WWW.TARGET.COM/B/BUGGYBEDS/-/N-RO4ZR
BUGHULL	BUGHULL	target.com	HTTPS://WWW.TARGET.COM/B/BUG-HULL/-/N-Q643LEYR59M
BUILDABEAR	BUILDABEAR	target.com	HTTPS://WWW.TARGET.COM/B/BUILD-A-BEAR/-/N-3IQ37
BUILTBAR	BUILTBAR	target.com	HTTPS://WWW.TARGET.COM/B/BUILT-BAR/-/N-Q643LEJV7F4
BUILTINDUSTRIAL	BUILTINDUSTRIAL	target.com	HTTPS://WWW.TARGET.COM/B/BUILT-INDUSTRIAL/-/N-Q643LEGCPWV
BULKSUPPLEMENTS	BULKSUPPLEMENTS	target.com	HTTPS://WWW.TARGET.COM/B/BULKSUPPLEMENTS/-/N-Q643LESKU47
BULKSUPPLEMENTSCOM	BULKSUPPLEMENTS	target.com	HTTPS://WWW.TARGET.COM/B/BULKSUPPLEMENTS/-/N-Q643LESKU47
BULLEYESPLAYGROUND	BULLSEYESPLAYGROUND	target.com	HTTPS://WWW.TARGET.COM/B/BULLSEYE-S-PLAYGROUND/-/N-8DPMK
BULLSEYE	BULLSEYE	target.com	HTTPS://WWW.TARGET.COM/B/BULLSEYE/-/N-Q643LEL29W0
BULLSEYEPLAYGROUND	BULLSEYESPLAYGROUND	target.com	HTTPS://WWW.TARGET.COM/B/BULLSEYE-S-PLAYGROUND/-/N-8DPMK
BULLSEYES	BULLSEYESPLAYGROUND	target.com	HTTPS://WWW.TARGET.COM/B/BULLSEYE-S-PLAYGROUND/-/N-8DPMK
BULLSEYESPLAYGROUND	BULLSEYESPLAYGROUND	target.com	HTTPS://WWW.TARGET.COM/B/BULLSEYE-S-PLAYGROUND/-/N-8DPMK
BULLSEYSPLAYGROUND	BULLSEYESPLAYGROUND	target.com	HTTPS://WWW.TARGET.COM/B/BULLSEYE-S-PLAYGROUND/-/N-8DPMK
BULLYMAKE	BULLYMAKE	target.com	HTTPS://WWW.TARGET.COM/B/BULLYMAKE/-/N-Q643LES7C84
BULLYMAX	BULLYMAX	target.com	HTTPS://WWW.TARGET.COM/B/BULLY-MAX/-/N-Q643LETK2WC
BULMAN	BULMAN	target.com	HTTPS://WWW.TARGET.COM/B/BULMAN/-/N-FN0AT
BUMBLEANDBUMBLE	BUMBLEANDBUMBLE	target.com	HTTPS://WWW.TARGET.COM/B/BUMBLE-AND/-/N-Q643LE36QXA
BUMBLEBEEFOODS	BUMBLEBEE	target.com	HTTPS://WWW.TARGET.COM/B/BUMBLE-BEE/-/N-56D4P
BUMBLEROAD	BUMBLEANDBUMBLE	target.com	HTTPS://WWW.TARGET.COM/B/BUMBLE-AND/-/N-Q643LE36QXA
BUMBO	BUMBO	target.com	HTTPS://WWW.TARGET.COM/B/BUMBO/-/N-5Y5RP
BUMKIN	BUMKINS	target.com	HTTPS://WWW.TARGET.COM/B/BUMKINS/-/N-5Y5LG
BUMKINS	BUMKINS	target.com	HTTPS://WWW.TARGET.COM/B/BUMKINS/-/N-5Y5LG
BUMMRXY	BUMBUMZ	target.com	HTTPS://WWW.TARGET.COM/B/BUMBUMZ/-/N-Q643LE2HHKG
BUMNG	BUMBUMZ	target.com	HTTPS://WWW.TARGET.COM/B/BUMBUMZ/-/N-Q643LE2HHKG
BUMPPATROL	BUMPPATROL	target.com	HTTPS://WWW.TARGET.COM/B/BUMP-PATROL/-/N-Q643LEYOG54
BUMSUNE	SUNBUM	target.com	HTTPS://WWW.TARGET.COM/B/SUN-BUM/-/N-4XVJ1
BUMSUNE	BUMBUMZ	target.com	HTTPS://WWW.TARGET.COM/B/BUMBUMZ/-/N-Q643LE2HHKG
BUMTESU	BUMBUMZ	target.com	HTTPS://WWW.TARGET.COM/B/BUMBUMZ/-/N-Q643LE2HHKG
BUNDLEOFDREAMS	BUNDLEOFDREAMS	target.com	HTTPS://WWW.TARGET.COM/B/BUNDLE-OF-DREAMS/-/N-Q643LEVOYKJ
BUNGALOWFLOORING	BUNGALOWFLOORING	target.com	HTTPS://WWW.TARGET.COM/B/BUNGALOW-FLOORING/-/N-4VPIW
BUNKR	BUNKR	target.com	HTTPS://WWW.TARGET.COM/B/BUNKR/-/N-TBDXR
BUNKRBATTLEZONES	BUNKRBATTLEZONES	target.com	HTTPS://WWW.TARGET.COM/B/BUNKR-BATTLE-ZONES/-/N-Q643LER62RC
BUPMUM	BUMBUM	target.com	HTTPS://WWW.TARGET.COM/B/BUMBUM/-/N-Q643LEZZ0CZ
BUPMUM	BUBBLEBUM	target.com	HTTPS://WWW.TARGET.COM/B/BUBBLEBUM/-/N-56EBV
BUPMUM	BUMBLEANDBUMBLE	target.com	HTTPS://WWW.TARGET.COM/B/BUMBLE-AND/-/N-Q643LE36QXA
BUREEBO	BURLEBO	target.com	HTTPS://WWW.TARGET.COM/B/BURLEBO/-/N-Q643LETDLYX
BURELCO	BURLEBO	target.com	HTTPS://WWW.TARGET.COM/B/BURLEBO/-/N-Q643LETDLYX
BURLEY	BURLEY	target.com	HTTPS://WWW.TARGET.COM/B/BURLEY/-/N-7HOIY
BURNSIDE	BURNSIDE	target.com	HTTPS://WWW.TARGET.COM/B/BURNSIDE/-/N-Q643LE9X6AD
BURPEE	BURPEE	target.com	HTTPS://WWW.TARGET.COM/B/BURPEE/-/N-4V1EU
BURSBEES	BURTSBEES	target.com	HTTPS://WWW.TARGET.COM/B/BURT-S-BEES/-/N-5XWCX
BURSBEESBABY	BURTSBEESBABY	target.com	HTTPS://WWW.TARGET.COM/B/BURT-S-BEES-BABY/-/N-55MGJ
BURTONANDBURTON	BURTONBURTON	target.com	HTTPS://WWW.TARGET.COM/B/BURTON/-/N-7BQ81
BURTS	BURTSBEES	target.com	HTTPS://WWW.TARGET.COM/B/BURT-S-BEES/-/N-5XWCX
BURTSBEES	BURTSBEES	target.com	HTTPS://WWW.TARGET.COM/B/BURT-S-BEES/-/N-5XWCX
BURTSBEESBABY	BURTSBEESBABY	target.com	HTTPS://WWW.TARGET.COM/B/BURT-S-BEES-BABY/-/N-55MGJ
BURTSBEESBABYBURTSBEESBABY	BURTSBEESBABY	target.com	HTTPS://WWW.TARGET.COM/B/BURT-S-BEES-BABY/-/N-55MGJ
BURTSSBEESBABY	BURTSBEESBABY	target.com	HTTPS://WWW.TARGET.COM/B/BURT-S-BEES-BABY/-/N-55MGJ
BUSAURUS	BUSAURUS	target.com	HTTPS://WWW.TARGET.COM/B/BUSAURUS/-/N-Q643LE97F39
BUSCHFURNITURE	BUSHFURNITURE	target.com	HTTPS://WWW.TARGET.COM/B/BUSH-FURNITURE/-/N-ZIFOZ
BUSHBALM	BUSHBALM	target.com	HTTPS://WWW.TARGET.COM/B/BUSHBALM/-/N-Q643LEVHKPP
BUSHFURNITURE	BUSHFURNITURE	target.com	HTTPS://WWW.TARGET.COM/B/BUSH-FURNITURE/-/N-ZIFOZ
BUSHFURNITURE2	BUSHFURNITURE	target.com	HTTPS://WWW.TARGET.COM/B/BUSH-FURNITURE/-/N-ZIFOZ
BUSHFURNITUREFURNITURE	BUSHFURNITURE	target.com	HTTPS://WWW.TARGET.COM/B/BUSH-FURNITURE/-/N-ZIFOZ
BUSTEDKNUCKLEGARAGE	THEBUSTEDKNUCKLEGARAGE	target.com	HTTPS://WWW.TARGET.COM/B/THE-BUSTED-KNUCKLE-GARAGE/-/N-Q643LEC6F40
BUSTELO	CAFEBUSTELO	target.com	HTTPS://WWW.TARGET.COM/B/CAFE-BUSTELO/-/N-56692
BUSYBABY	BUSYBABY	target.com	HTTPS://WWW.TARGET.COM/B/BUSY-BABY/-/N-Q643LEEDXS3
BUTCHERBOY	BUTCHERBOX	target.com	HTTPS://WWW.TARGET.COM/B/BUTCHERBOX/-/N-Q643LE6JJWB
BUTCHERSNATURALS	BUTCHERSNATURALS	target.com	HTTPS://WWW.TARGET.COM/B/BUTCHER-S-NATURALS/-/N-Q643LEBB9KI
BUTTERBALL	BUTTERBALL	target.com	HTTPS://WWW.TARGET.COM/B/BUTTERBALL/-/N-5CG0C
BUTTERBREWER	BUTTERBREWER	target.com	HTTPS://WWW.TARGET.COM/B/BUTTER-BREWER/-/N-Q643LERS8VO
BUTTERFINGER	BUTTERFINGER	target.com	HTTPS://WWW.TARGET.COM/B/BUTTERFINGER/-/N-56E83
BUTTERFLYCRAZE	BUTTERFLYCRAZE	target.com	HTTPS://WWW.TARGET.COM/B/BUTTERFLY-CRAZE/-/N-Q643LEO1SNN
BUTTERFLYTABLETENNIS	BUTTERFLYTABLETENNIS	target.com	HTTPS://WWW.TARGET.COM/B/BUTTERFLY-TABLE-TENNIS/-/N-Q643LEC6LN5
BUTTERLONDON	BUTTERLONDON	target.com	HTTPS://WWW.TARGET.COM/B/BUTTER-LONDON/-/N-Q643LEYMMZR
BUTTERWORTHHEINEMANN	BUTTERWORTHHEINEMANN	target.com	HTTPS://WWW.TARGET.COM/B/BUTTERWORTH-HEINEMANN/-/N-Q643LEI5F5L
BUTURE	BUTURE	target.com	HTTPS://WWW.TARGET.COM/B/BUTURE/-/N-Q643LEGEMMI
BUXOM	BUXOM	target.com	HTTPS://WWW.TARGET.COM/B/BUXOM/-/N-Q643LENFLB3
BUXOMCOSMETICS	BUXOM	target.com	HTTPS://WWW.TARGET.COM/B/BUXOM/-/N-Q643LENFLB3
BUXTOM	BUXOM	target.com	HTTPS://WWW.TARGET.COM/B/BUXOM/-/N-Q643LENFLB3
BUYSEASONS	BUYSEASONS	target.com	HTTPS://WWW.TARGET.COM/B/BUYSEASONS/-/N-55C5W
BUZZANDBLOOM	BUZZBLOOM	target.com	HTTPS://WWW.TARGET.COM/B/BUZZ-BLOOM/-/N-Q643LEMEOYF
BUZZPOP	BUZZPOP	target.com	HTTPS://WWW.TARGET.COM/B/BUZZPOP/-/N-Q643LEQK934
BUZZYSEEDS	BUZZYSEEDS	target.com	HTTPS://WWW.TARGET.COM/B/BUZZY-SEEDS/-/N-4UA0N
BVBOX	BBOX	target.com	HTTPS://WWW.TARGET.COM/B/B-BOX/-/N-Q643LEBPB3Y
BYIMAGINATIONGENERATION	IMAGINATIONGENERATION	target.com	HTTPS://WWW.TARGET.COM/B/IMAGINATION-GENERATION/-/N-NW066
BYKWIKSET	KWIKSET	target.com	HTTPS://WWW.TARGET.COM/B/KWIKSET/-/N-225E4
BYNANOBLOCK	NANOBLOCKS	target.com	HTTPS://WWW.TARGET.COM/B/NANOBLOCKS/-/N-54UR3
BYO	BYO	target.com	HTTPS://WWW.TARGET.COM/B/BYO/-/N-2QK2J
BYOMA	BYOMA	target.com	HTTPS://WWW.TARGET.COM/B/BYOMA/-/N-Q643LEJ51W0
BYOOTIQUE	BYOOTIQUE	target.com	HTTPS://WWW.TARGET.COM/B/BYOOTIQUE/-/N-Q643LEFYBHI
BYRDHAIR	BYRDHAIRDOPRODUCTS	target.com	HTTPS://WWW.TARGET.COM/B/BYRD-HAIRDO-PRODUCTS/-/N-WPEMY
BYRDHAIRDOPRODUCTS	BYRDHAIRDOPRODUCTS	target.com	HTTPS://WWW.TARGET.COM/B/BYRD-HAIRDO-PRODUCTS/-/N-WPEMY
BYTECH	BYTECH	target.com	HTTPS://WWW.TARGET.COM/B/BYTECH/-/N-Q643LEZR5RI
BZYBEL	BEYBLADE	target.com	HTTPS://WWW.TARGET.COM/B/BEYBLADE/-/N-DORPL
C2O	C2O	target.com	HTTPS://WWW.TARGET.COM/B/C2O/-/N-79KHH
C4L	CELLUCORC4	target.com	HTTPS://WWW.TARGET.COM/B/CELLUCOR-C4/-/N-TK42Q
CABBAGEPATCH	CABBAGEPATCHKIDS	target.com	HTTPS://WWW.TARGET.COM/B/CABBAGE-PATCH-KIDS/-/N-5XUN4
CABEAU	CABEAU	target.com	HTTPS://WWW.TARGET.COM/B/CABEAU/-/N-4VQPM
CABINETMEDICINES	CABINETHEALTH	target.com	HTTPS://WWW.TARGET.COM/B/CABINET-HEALTH/-/N-Q643LEFEKLC
CABINZERO	CABINZERO	target.com	HTTPS://WWW.TARGET.COM/B/CABINZERO/-/N-9DV4K
CABOO	CABOO	target.com	HTTPS://WWW.TARGET.COM/B/CABOO/-/N-E3N0Y
CABOODLES	CABOODLES	target.com	HTTPS://WWW.TARGET.COM/B/CABOODLES/-/N-5UZEB
CABOODLESSTORE	CABOODLES	target.com	HTTPS://WWW.TARGET.COM/B/CABOODLES/-/N-5UZEB
CACTUSCOOLER	CACTUSCOOLER	target.com	HTTPS://WWW.TARGET.COM/B/CACTUS-COOLER/-/N-5I0HS
CADDISWADINGSYSTEMS	CADDISWADINGSYSTEMS	target.com	HTTPS://WWW.TARGET.COM/B/CADDIS-WADING-SYSTEMS/-/N-Q643LEWVH5T
CADDYMATIC	CADDYMATIC	target.com	HTTPS://WWW.TARGET.COM/B/CADDYMATIC/-/N-Q643LE8W0TK
CAFBUSTELO	CAFEBUSTELO	target.com	HTTPS://WWW.TARGET.COM/B/CAFE-BUSTELO/-/N-56692
CAFEALTURA	CAFEALTURA	target.com	HTTPS://WWW.TARGET.COM/B/CAFE-ALTURA/-/N-Q643LE932PZ
CAFEBUSTELO	CAFEBUSTELO	target.com	HTTPS://WWW.TARGET.COM/B/CAFE-BUSTELO/-/N-56692
CAFEBUSTELOCAFEBUSTELO	CAFEBUSTELO	target.com	HTTPS://WWW.TARGET.COM/B/CAFE-BUSTELO/-/N-56692
CAFEPILON	CAFEPILON	target.com	HTTPS://WWW.TARGET.COM/B/CAFE-PILON/-/N-6Q9BJ
CAFEVERGNANO	CAFFEVERGNANO	target.com	HTTPS://WWW.TARGET.COM/B/CAFFE-VERGNANO/-/N-Q643LEQ3EB0
CAFFCO	CAFFCO	target.com	HTTPS://WWW.TARGET.COM/B/CAFFCO/-/N-LT18H
CAFFCO	CAFFCOINTERNATIONAL	target.com	HTTPS://WWW.TARGET.COM/B/CAFFCO-INTERNATIONAL/-/N-Q643LEL85UQ
CAFFEDVITA	CAFFEDVITA	target.com	HTTPS://WWW.TARGET.COM/B/CAFFE-D-VITA/-/N-Q643LEY5ZU7
CAFFEDVITA	CAFFEVITA	target.com	HTTPS://WWW.TARGET.COM/B/CAFFE-VITA/-/N-Q643LEB1VAS
CAFFEVERGNANO	CAFFEVERGNANO	target.com	HTTPS://WWW.TARGET.COM/B/CAFFE-VERGNANO/-/N-Q643LEQ3EB0
CAGEGAUNTLET	CAGEGAUNTLET	target.com	HTTPS://WWW.TARGET.COM/B/CAGE-GAUNTLET/-/N-Q643LEBAYA2
CAHABA	CAHABABREWINGCO	target.com	HTTPS://WWW.TARGET.COM/B/CAHABA-BREWING-CO/-/N-Q643LEKMXMV
CAITIN	CLARITIN	target.com	HTTPS://WWW.TARGET.COM/B/CLARITIN/-/N-5D6HC
CAKAGABA	KACHAVA	target.com	HTTPS://WWW.TARGET.COM/B/KA-CHAVA/-/N-Q643LENGE2R
CAKEBOSS	CAKEBOSS	target.com	HTTPS://WWW.TARGET.COM/B/CAKE-BOSS/-/N-55DOZ
CAKEPOPCUTIES	CAKEPOPCUTIES	target.com	HTTPS://WWW.TARGET.COM/B/CAKE-POP-CUTIES/-/N-ESNZB
CALA	CALA	target.com	HTTPS://WWW.TARGET.COM/B/CALA/-/N-Q643LE633N3
CALALIFE	CALA	target.com	HTTPS://WWW.TARGET.COM/B/CALA/-/N-Q643LE633N3
CALBEE	CALBEE	target.com	HTTPS://WWW.TARGET.COM/B/CALBEE/-/N-4Y56C
CALEBTREEZEORGANICFARM	CALEBTREEZE	target.com	HTTPS://WWW.TARGET.COM/B/CALEB-TREEZE/-/N-Q643LEUSCXX
CALEDONFARMS	CALEDONFARMS	target.com	HTTPS://WWW.TARGET.COM/B/CALEDON-FARMS/-/N-Q643LEBQ6TW
CALGON	CALGON	target.com	HTTPS://WWW.TARGET.COM/B/CALGON/-/N-Q643LE7H0KA
CALICO	CALICOCRITTERS	target.com	HTTPS://WWW.TARGET.COM/B/CALICO-CRITTERS/-/N-5QGG0
CALIFAFARMS	CALIFIAFARMS	target.com	HTTPS://WWW.TARGET.COM/B/CALIFIA-FARMS/-/N-B5GM6
CALIFIAFARMS	CALIFIAFARMS	target.com	HTTPS://WWW.TARGET.COM/B/CALIFIA-FARMS/-/N-B5GM6
CALIFONIAGOLDEN	CALIFORNIAGOLDNUTRITION	target.com	HTTPS://WWW.TARGET.COM/B/CALIFORNIA-GOLD-NUTRITION/-/N-Q643LEYR12W
CALIFORNIABEACHCO	THECALIFORNIABEACHCO	target.com	HTTPS://WWW.TARGET.COM/B/THE-CALIFORNIA-BEACH-CO/-/N-Q643LERTU4V
CALIFORNIADESIGN	CALIFORNIADESIGNDEN	target.com	HTTPS://WWW.TARGET.COM/B/CALIFORNIA-DESIGN-DEN/-/N-93OCE
CALIFORNIADESIGNDEN	CALIFORNIADESIGNDEN	target.com	HTTPS://WWW.TARGET.COM/B/CALIFORNIA-DESIGN-DEN/-/N-93OCE
CALIFORNIAEXOTIC	CALIFORNIAEXOTIC	target.com	HTTPS://WWW.TARGET.COM/B/CALIFORNIA-EXOTIC/-/N-EQFSB
CALIFORNIAOLIVERANCH	CALIFORNIAOLIVERANCH	target.com	HTTPS://WWW.TARGET.COM/B/CALIFORNIA-OLIVE-RANCH/-/N-IZZSE
CALIGREEN	CALIGREENTOOLS	target.com	HTTPS://WWW.TARGET.COM/B/CALIGREEN-TOOLS/-/N-Q643LEVRPB
CALIGREENTOOLS	CALIGREENTOOLS	target.com	HTTPS://WWW.TARGET.COM/B/CALIGREEN-TOOLS/-/N-Q643LEVRPB
CALISTA	CALISTA	target.com	HTTPS://WWW.TARGET.COM/B/CALISTA/-/N-Q643LE2VR3B
CALLIEDANIELLE	CALLIEDANIELLE	target.com	HTTPS://WWW.TARGET.COM/B/CALLIE-DANIELLE/-/N-Q643LECH8RM
CALLOWAYMILLS	CALLOWAYMILLS	target.com	HTTPS://WWW.TARGET.COM/B/CALLOWAY-MILLS/-/N-Q643LEFRDGR
CALM	NATURALCALM	target.com	HTTPS://WWW.TARGET.COM/B/NATURAL-CALM/-/N-4YJ0N
CALMDOO	NATURALCALM	target.com	HTTPS://WWW.TARGET.COM/B/NATURAL-CALM/-/N-4YJ0N
CALMEARTHCO	NATURALCALM	target.com	HTTPS://WWW.TARGET.COM/B/NATURAL-CALM/-/N-4YJ0N
CALMING	NATURALCALM	target.com	HTTPS://WWW.TARGET.COM/B/NATURAL-CALM/-/N-4YJ0N
CALMOL4	CALMOL4	target.com	HTTPS://WWW.TARGET.COM/B/CALMOL-4/-/N-Q643LE5C360
CALMPER	NATURALCALM	target.com	HTTPS://WWW.TARGET.COM/B/NATURAL-CALM/-/N-4YJ0N
CALMSON	NATURALCALM	target.com	HTTPS://WWW.TARGET.COM/B/NATURAL-CALM/-/N-4YJ0N
CALMYST	NATURALCALM	target.com	HTTPS://WWW.TARGET.COM/B/NATURAL-CALM/-/N-4YJ0N
CALPHALON	CALPHALON	target.com	HTTPS://WWW.TARGET.COM/B/CALPHALON/-/N-5DF1K
CALPICO	CALPICO	target.com	HTTPS://WWW.TARGET.COM/B/CALPICO/-/N-Q643LEFJ1CA
CALVINKLAIN	CALVINKLEIN	target.com	HTTPS://WWW.TARGET.COM/B/CALVIN-KLEIN/-/N-5UVOV
CALVINKLEIN	CALVINKLEIN	target.com	HTTPS://WWW.TARGET.COM/B/CALVIN-KLEIN/-/N-5UVOV
CALVINKLINE	CALVINKLEIN	target.com	HTTPS://WWW.TARGET.COM/B/CALVIN-KLEIN/-/N-5UVOV
CAMANTU	CANTU	target.com	HTTPS://WWW.TARGET.COM/B/CANTU/-/N-5CXM8
CAMBELLS	CAMPBELLS	target.com	HTTPS://WWW.TARGET.COM/B/CAMPBELL-S/-/N-BP1GU
CAMBIOROASTERS	CAMBIOROASTERS	target.com	HTTPS://WWW.TARGET.COM/B/CAMBIO-ROASTERS/-/N-Q643LE4IONP
CAMBRIDGECASUAL	CAMBRIDGECASUAL	target.com	HTTPS://WWW.TARGET.COM/B/CAMBRIDGE-CASUAL/-/N-DDFSZ
CAMCO	CAMCO	target.com	HTTPS://WWW.TARGET.COM/B/CAMCO/-/N-Q643LEDDU3K
CAMCOCAMCO	CAMCO	target.com	HTTPS://WWW.TARGET.COM/B/CAMCO/-/N-Q643LEDDU3K
CAMELBAK	CAMELBAK	target.com	HTTPS://WWW.TARGET.COM/B/CAMELBAK/-/N-GDQEW
CAMELBAKCAMELBAK	CAMELBAK	target.com	HTTPS://WWW.TARGET.COM/B/CAMELBAK/-/N-GDQEW
CAMELBAKPRODUCTS	CAMELBAK	target.com	HTTPS://WWW.TARGET.COM/B/CAMELBAK/-/N-GDQEW
CAMERONCOFFEE	CAMERONSCOFFEE	target.com	HTTPS://WWW.TARGET.COM/B/CAMERON-S-COFFEE/-/N-B4IDW
CAMERONS	CAMERONSPRODUCTS	target.com	HTTPS://WWW.TARGET.COM/B/CAMERONS-PRODUCTS/-/N-Q643LES82ZL
CAMERONSCOFFEE	CAMERONSCOFFEE	target.com	HTTPS://WWW.TARGET.COM/B/CAMERON-S-COFFEE/-/N-B4IDW
CAMILLEPINK	CAMILLEROSE	target.com	HTTPS://WWW.TARGET.COM/B/CAMILLE-ROSE/-/N-Q643LEHPJYY
CAMILLEROSE	CAMILLEROSE	target.com	HTTPS://WWW.TARGET.COM/B/CAMILLE-ROSE/-/N-Q643LEHPJYY
CAMILLEROSENATURAL	CAMILLEROSE	target.com	HTTPS://WWW.TARGET.COM/B/CAMILLE-ROSE/-/N-Q643LEHPJYY
CAMILLEROSENATURALS	CAMILLEROSE	target.com	HTTPS://WWW.TARGET.COM/B/CAMILLE-ROSE/-/N-Q643LEHPJYY
CAMPBEL	CAMPBELLS	target.com	HTTPS://WWW.TARGET.COM/B/CAMPBELL-S/-/N-BP1GU
CAMPBELL	CAMPBELLS	target.com	HTTPS://WWW.TARGET.COM/B/CAMPBELL-S/-/N-BP1GU
CAMPBELLGOODS	CAMPBELLS	target.com	HTTPS://WWW.TARGET.COM/B/CAMPBELL-S/-/N-BP1GU
CAMPBELLS	CAMPBELLS	target.com	HTTPS://WWW.TARGET.COM/B/CAMPBELL-S/-/N-BP1GU
CAMPBELLSOUPCOMPANYGROCERY	CAMPBELLS	target.com	HTTPS://WWW.TARGET.COM/B/CAMPBELL-S/-/N-BP1GU
CAMPBELS	CAMPBELLS	target.com	HTTPS://WWW.TARGET.COM/B/CAMPBELL-S/-/N-BP1GU
CAMRYNSBFF	CAMRYNSBFF	target.com	HTTPS://WWW.TARGET.COM/B/CAMRYN-S-BFF/-/N-PWNOU
CANADADRY	CANADADRY	target.com	HTTPS://WWW.TARGET.COM/B/CANADA-DRY/-/N-560T9
CANADAWEATHERGEAR	CANADAWEATHERGEAR	target.com	HTTPS://WWW.TARGET.COM/B/CANADA-WEATHER-GEAR/-/N-Q643LEA9K53
CANADIANDOWNFEATHERCOMPANY	CANADIANDOWNFEATHERCOMPANY	target.com	HTTPS://WWW.TARGET.COM/B/CANADIAN-DOWN-FEATHER-COMPANY/-/N-Q643LENI1VW
CANALTOYS	CANALTOYS	target.com	HTTPS://WWW.TARGET.COM/B/CANAL-TOYS/-/N-99KQS
CANDIESLIFE	LIFESAVERS	target.com	HTTPS://WWW.TARGET.COM/B/LIFE-SAVERS/-/N-56F71
CANDYCANELANE	CANDYCANELANE	target.com	HTTPS://WWW.TARGET.COM/B/CANDY-CANE-LANE/-/N-Q643LEAAOOF
CANDYLAND	CANDYLAND	target.com	HTTPS://WWW.TARGET.COM/B/CANDY-LAND/-/N-4YNHU
CANDYLANDSASSORTMENTS	CANDYLAND	target.com	HTTPS://WWW.TARGET.COM/B/CANDY-LAND/-/N-4YNHU
CANINECHEWS	CANINECHEWS	target.com	HTTPS://WWW.TARGET.COM/B/CANINE-CHEWS/-/N-Q643LEYDRWN
CANINECRAVERS	CANINECRAVERS	target.com	HTTPS://WWW.TARGET.COM/B/CANINE-CRAVERS/-/N-Q643LEITX2H
CANINECREATIONS	CANINECREATIONS	target.com	HTTPS://WWW.TARGET.COM/B/CANINE-CREATIONS/-/N-Q643LEHTZQR
CANOPYCARAVAN	CARAVANCANOPY	target.com	HTTPS://WWW.TARGET.COM/B/CARAVAN-CANOPY/-/N-Q643LEPHYHV
CANOPYSTREET	CANOPYSTREET	target.com	HTTPS://WWW.TARGET.COM/B/CANOPY-STREET/-/N-T3Z2O
CANTERBURYCLASSICS	CANTERBURYCLASSICS	target.com	HTTPS://WWW.TARGET.COM/B/CANTERBURY-CLASSICS/-/N-Q643LEP45IQ
CANTU	CANTU	target.com	HTTPS://WWW.TARGET.COM/B/CANTU/-/N-5CXM8
CANVASBEAUTY	CANVAS	target.com	HTTPS://WWW.TARGET.COM/B/CANVAS/-/N-Q643LECIXHC
CAPELLO	CAPELLO	target.com	HTTPS://WWW.TARGET.COM/B/CAPELLO/-/N-562Z2
CAPEZIO	CAPEZIO	target.com	HTTPS://WWW.TARGET.COM/B/CAPEZIO/-/N-Q643LE8GSYA
CAPNCRUNCH	CAPNCRUNCH	target.com	HTTPS://WWW.TARGET.COM/B/CAP-N-CRUNCH/-/N-56F2L
CAPNCRUNCHS	CAPNCRUNCH	target.com	HTTPS://WWW.TARGET.COM/B/CAP-N-CRUNCH/-/N-56F2L
CAPPELLETTO	CAPPELLETTO	target.com	HTTPS://WWW.TARGET.COM/B/CAPPELLETTO/-/N-Q643LE84D65
CAPRISUN	CAPRISUN	target.com	HTTPS://WWW.TARGET.COM/B/CAPRI-SUN/-/N-560X7
CAPSTONEPRESS	CAPSTONEPRESS	target.com	HTTPS://WWW.TARGET.COM/B/CAPSTONE-PRESS/-/N-OWLLC
CAPSTRENGTH	CAPSTRENGTH	target.com	HTTPS://WWW.TARGET.COM/B/CAP-STRENGTH/-/N-Q643LEJGIQJ
CAPSULECHIX	CAPSULECHIX	target.com	HTTPS://WWW.TARGET.COM/B/CAPSULE-CHIX/-/N-EEK3E
CAPTAINUNDERPANTS	CAPTAINUNDERPANTS	target.com	HTTPS://WWW.TARGET.COM/B/CAPTAIN-UNDERPANTS/-/N-YPZPU
CAPTIVADESIGNS	CAPTIVADESIGNS	target.com	HTTPS://WWW.TARGET.COM/B/CAPTIVA-DESIGNS/-/N-PIR8U
CARAPELLI	CARAPELLI	target.com	HTTPS://WWW.TARGET.COM/B/CARAPELLI/-/N-SBZF4
CARAVANCANOPY	CARAVANCANOPY	target.com	HTTPS://WWW.TARGET.COM/B/CARAVAN-CANOPY/-/N-Q643LEPHYHV
CARAVANSPORTS	CARAVANSPORTS	target.com	HTTPS://WWW.TARGET.COM/B/CARAVAN-SPORTS/-/N-Q643LEEEN5C
CARAVONCANOPY	CARAVANCANOPY	target.com	HTTPS://WWW.TARGET.COM/B/CARAVAN-CANOPY/-/N-Q643LEPHYHV
CARBONA	CARBONA	target.com	HTTPS://WWW.TARGET.COM/B/CARBONA/-/N-Q643LE8BX33
CARDBOARDGOLD	CARDBOARDGOLD	target.com	HTTPS://WWW.TARGET.COM/B/CARDBOARD-GOLD/-/N-Q643LERP1ZR
CARDGUARD	CARDGUARD	target.com	HTTPS://WWW.TARGET.COM/B/CARDGUARD/-/N-Q643LEQ3ZXW
CARDINALGATES	CARDINALGATES	target.com	HTTPS://WWW.TARGET.COM/B/CARDINAL-GATES/-/N-ZFMF2
CAREBEAR	CAREBEARS	target.com	HTTPS://WWW.TARGET.COM/B/CARE-BEARS/-/N-55I5M
CAREBEARFORPETS	CAREBEARS	target.com	HTTPS://WWW.TARGET.COM/B/CARE-BEARS/-/N-55I5M
CAREBEARS	CAREBEARS	target.com	HTTPS://WWW.TARGET.COM/B/CARE-BEARS/-/N-55I5M
CAREFREE	CAREFREE	target.com	HTTPS://WWW.TARGET.COM/B/CAREFREE/-/N-5Q44Q
CAREFREECO	CAREFREE	target.com	HTTPS://WWW.TARGET.COM/B/CAREFREE/-/N-5Q44Q
CAREFREESTUFF	CAREFREE	target.com	HTTPS://WWW.TARGET.COM/B/CAREFREE/-/N-5Q44Q
CARELAV	CERAVE	target.com	HTTPS://WWW.TARGET.COM/B/CERAVE/-/N-55V99
CARERSPARK	CARERSPARK	target.com	HTTPS://WWW.TARGET.COM/B/CARER-SPARK/-/N-Q643LENVCLG
CARESKIDSFLYSAFE	CARESKIDSFLYSAFE	target.com	HTTPS://WWW.TARGET.COM/B/CARES-KIDS-FLY-SAFE/-/N-Q643LEQTH8
CARESS	CARESS	target.com	HTTPS://WWW.TARGET.COM/B/CARESS/-/N-58PB6
CARIBBEANFOODDELIGHTS	CARIBBEANFOODDELIGHTS	target.com	HTTPS://WWW.TARGET.COM/B/CARIBBEAN-FOOD-DELIGHTS/-/N-S733P
CARIBBEANJOE	CARIBBEANJOE	target.com	HTTPS://WWW.TARGET.COM/B/CARIBBEAN-JOE/-/N-5UYVE
CARIBBENJOE	CARIBBEANJOE	target.com	HTTPS://WWW.TARGET.COM/B/CARIBBEAN-JOE/-/N-5UYVE
CARIBOU	CARIBOUCOFFEE	target.com	HTTPS://WWW.TARGET.COM/B/CARIBOU-COFFEE/-/N-55ECS
CARIBOUCOFFEE	CARIBOUCOFFEE	target.com	HTTPS://WWW.TARGET.COM/B/CARIBOU-COFFEE/-/N-55ECS
CARIBOUCOFFEECOMPANY	CARIBOUCOFFEE	target.com	HTTPS://WWW.TARGET.COM/B/CARIBOU-COFFEE/-/N-55ECS
CARKEYSEXPRESS	CARKEYSEXPRESS	target.com	HTTPS://WWW.TARGET.COM/B/CAR-KEYS-EXPRESS/-/N-Q643LEOYZY5
CARLBRANDS	CARLBRANDS	target.com	HTTPS://WWW.TARGET.COM/B/CARL-BRANDS/-/N-Q643LEVWH8T
CARLSON	CARLSONNUTRITIONALSUPPLEMENTS	target.com	HTTPS://WWW.TARGET.COM/B/CARLSON-NUTRITIONAL-SUPPLEMENTS/-/N-Q643LEXMV4B
CARLSON9	CARLSONNUTRITIONALSUPPLEMENTS	target.com	HTTPS://WWW.TARGET.COM/B/CARLSON-NUTRITIONAL-SUPPLEMENTS/-/N-Q643LEXMV4B
CARLSONS	CARLSONNUTRITIONALSUPPLEMENTS	target.com	HTTPS://WWW.TARGET.COM/B/CARLSON-NUTRITIONAL-SUPPLEMENTS/-/N-Q643LEXMV4B
CARLSONSON	CARLSONNUTRITIONALSUPPLEMENTS	target.com	HTTPS://WWW.TARGET.COM/B/CARLSON-NUTRITIONAL-SUPPLEMENTS/-/N-Q643LEXMV4B
CARLTONCARDS	CARLTONCARDS	target.com	HTTPS://WWW.TARGET.COM/B/CARLTON-CARDS/-/N-BCLNH
CARMELINA	CARMELINABRANDS	target.com	HTTPS://WWW.TARGET.COM/B/CARMELINA-BRANDS/-/N-Q643LEZGYGL
CARMELINABRANDS	CARMELINABRANDS	target.com	HTTPS://WWW.TARGET.COM/B/CARMELINA-BRANDS/-/N-Q643LEZGYGL
CARMENMARCVALVO	CARMENMARCVALVO	target.com	HTTPS://WWW.TARGET.COM/B/CARMEN-MARC-VALVO/-/N-Q643LE9I20Z
CARMEX	CARMEX	target.com	HTTPS://WWW.TARGET.COM/B/CARMEX/-/N-5SBZF
CARMHRA	ARMRA	target.com	HTTPS://WWW.TARGET.COM/B/ARMRA/-/N-Q643LENCOHE
CARNATIONHOMEFASHIONS	CARNATIONHOMEFASHIONS	target.com	HTTPS://WWW.TARGET.COM/B/CARNATION-HOME-FASHIONS/-/N-Q643LEM28RZ
CAROLBRAND	CAROLSDAUGHTER	target.com	HTTPS://WWW.TARGET.COM/B/CAROL-S-DAUGHTER/-/N-55M2H
CAROLETOWNCOLLECTION	CAROLETOWNECOLLECTION	target.com	HTTPS://WWW.TARGET.COM/B/CAROLE-TOWNE-COLLECTION/-/N-Q643LEVTPOH
CAROLETOWNE	CAROLETOWNECOLLECTION	target.com	HTTPS://WWW.TARGET.COM/B/CAROLE-TOWNE-COLLECTION/-/N-Q643LEVTPOH
CAROLETOWNECOLLECTION	CAROLETOWNECOLLECTION	target.com	HTTPS://WWW.TARGET.COM/B/CAROLE-TOWNE-COLLECTION/-/N-Q643LEVTPOH
CAROLETOWNES	CAROLETOWNECOLLECTION	target.com	HTTPS://WWW.TARGET.COM/B/CAROLE-TOWNE-COLLECTION/-/N-Q643LEVTPOH
CAROLFRANK	CAROLFRANK	target.com	HTTPS://WWW.TARGET.COM/B/CAROL-FRANK/-/N-Q643LEPPZER
CAROLINACHAIR	CAROLINACHAIRTABLE	target.com	HTTPS://WWW.TARGET.COM/B/CAROLINA-CHAIR-TABLE/-/N-GNK2B
CAROLINACHAIRANDTABLECO	CAROLINACHAIRTABLE	target.com	HTTPS://WWW.TARGET.COM/B/CAROLINA-CHAIR-TABLE/-/N-GNK2B
CAROLINACHAIRTABLE	CAROLINACHAIRTABLE	target.com	HTTPS://WWW.TARGET.COM/B/CAROLINA-CHAIR-TABLE/-/N-GNK2B
CAROLINACHAIRTABLECOMPANY	CAROLINACHAIRTABLE	target.com	HTTPS://WWW.TARGET.COM/B/CAROLINA-CHAIR-TABLE/-/N-GNK2B
CAROLINAHERRERA	CAROLINAHERRERA	target.com	HTTPS://WWW.TARGET.COM/B/CAROLINA-HERRERA/-/N-Q643LE64FGF
CAROLINAPET	CAROLINAPETCOMPANY	target.com	HTTPS://WWW.TARGET.COM/B/CAROLINA-PET-COMPANY/-/N-Q643LE9HBPB
CAROLINAPETCOMPANY	CAROLINAPETCOMPANY	target.com	HTTPS://WWW.TARGET.COM/B/CAROLINA-PET-COMPANY/-/N-Q643LE9HBPB
CAROLINATABLECHAIRCOMPANY	CAROLINACHAIRTABLE	target.com	HTTPS://WWW.TARGET.COM/B/CAROLINA-CHAIR-TABLE/-/N-GNK2B
CAROLSDAUGHTER	CAROLSDAUGHTER	target.com	HTTPS://WWW.TARGET.COM/B/CAROL-S-DAUGHTER/-/N-55M2H
CAROSDAUGHTER	CAROLSDAUGHTER	target.com	HTTPS://WWW.TARGET.COM/B/CAROL-S-DAUGHTER/-/N-55M2H
CAROTE	CAROTE	target.com	HTTPS://WWW.TARGET.COM/B/CAROTE/-/N-Q643LENMADW
CARPETFRESH	CARPETFRESH	target.com	HTTPS://WWW.TARGET.COM/B/CARPET-FRESH/-/N-Q643LEREKJ1
CARRERA	CARRERAEYEWEAR	target.com	HTTPS://WWW.TARGET.COM/B/CARRERA-EYEWEAR/-/N-KDQZN
CARRERAUSA	CARRERAEYEWEAR	target.com	HTTPS://WWW.TARGET.COM/B/CARRERA-EYEWEAR/-/N-KDQZN
CARRIBEANJOE	CARIBBEANJOE	target.com	HTTPS://WWW.TARGET.COM/B/CARIBBEAN-JOE/-/N-5UYVE
CARRIBIANJOE	CARIBBEANJOE	target.com	HTTPS://WWW.TARGET.COM/B/CARIBBEAN-JOE/-/N-5UYVE
CARSONDELLOSA	CARSONDELLOSA	target.com	HTTPS://WWW.TARGET.COM/B/CARSON-DELLOSA/-/N-A1GH2
CARSONHOMEACCENT	CARSONHOMEACCENTS	target.com	HTTPS://WWW.TARGET.COM/B/CARSON-HOME-ACCENTS/-/N-13K6Q
CARSONHOMEACCENTS	CARSONHOMEACCENTS	target.com	HTTPS://WWW.TARGET.COM/B/CARSON-HOME-ACCENTS/-/N-13K6Q
CARTER	CARTERSJUSTONEYOU	target.com	HTTPS://WWW.TARGET.COM/B/CARTER-S-JUST-ONE-YOU/-/N-Q643LELZZQW
CARTERBYDAVINCI	CARTERSBYDAVINCI	target.com	HTTPS://WWW.TARGET.COM/B/CARTER-S-BY-DAVINCI/-/N-Q643LE6WJ3V
CARTERGOODS	CARTERSJUSTONEYOU	target.com	HTTPS://WWW.TARGET.COM/B/CARTER-S-JUST-ONE-YOU/-/N-Q643LELZZQW
CARTERS	CARTERSJUSTONEYOU	target.com	HTTPS://WWW.TARGET.COM/B/CARTER-S-JUST-ONE-YOU/-/N-Q643LELZZQW
CARTERSBMYOCEAN	CARTERSJUSTONEYOU	target.com	HTTPS://WWW.TARGET.COM/B/CARTER-S-JUST-ONE-YOU/-/N-Q643LELZZQW
CARTERSBYDAVINCI	CARTERSBYDAVINCI	target.com	HTTPS://WWW.TARGET.COM/B/CARTER-S-BY-DAVINCI/-/N-Q643LE6WJ3V
CARTERSJUSTONEYOU	CARTERSJUSTONEYOU	target.com	HTTPS://WWW.TARGET.COM/B/CARTER-S-JUST-ONE-YOU/-/N-Q643LELZZQW
CARTERSSIMPLEJOYSPRIVATELABEL	CARTERSJUSTONEYOU	target.com	HTTPS://WWW.TARGET.COM/B/CARTER-S-JUST-ONE-YOU/-/N-Q643LELZZQW
CARTERTM	CARTERSJUSTONEYOU	target.com	HTTPS://WWW.TARGET.COM/B/CARTER-S-JUST-ONE-YOU/-/N-Q643LELZZQW
CARTERWOVEN	CARTERSJUSTONEYOU	target.com	HTTPS://WWW.TARGET.COM/B/CARTER-S-JUST-ONE-YOU/-/N-Q643LELZZQW
CARTOONNETWORK	CARTOONNETWORK	target.com	HTTPS://WWW.TARGET.COM/B/CARTOON-NETWORK/-/N-4YDAI
CARTWHEELBOOKS	CARTWHEELBOOKS	target.com	HTTPS://WWW.TARGET.COM/B/CARTWHEEL-BOOKS/-/N-Q643LENQVMF
CARVEDESIGNS	CARVEDESIGNS	target.com	HTTPS://WWW.TARGET.COM/B/CARVE-DESIGNS/-/N-Q643LEAPC5K
CARYBEAR	CAREBEARS	target.com	HTTPS://WWW.TARGET.COM/B/CARE-BEARS/-/N-55I5M
CASABELLA	CASABELLA	target.com	HTTPS://WWW.TARGET.COM/B/CASABELLA/-/N-5QXON
CASABREWS	CASABREWS	target.com	HTTPS://WWW.TARGET.COM/B/CASABREWS/-/N-Q643LETBSMC
CASAFIELD	CASAFIELD	target.com	HTTPS://WWW.TARGET.COM/B/CASAFIELD/-/N-Q643LEDZ2X1
CASALUNA	CASALUNA	target.com	HTTPS://WWW.TARGET.COM/B/CASALUNA/-/N-7RHH9
CASAWARE	CASAWARE	target.com	HTTPS://WWW.TARGET.COM/B/CASAWARE/-/N-Q643LE89Q8L
CASCAD	CASCADE	target.com	HTTPS://WWW.TARGET.COM/B/CASCADE/-/N-56DLB
CASCADE	CASCADE	target.com	HTTPS://WWW.TARGET.COM/B/CASCADE/-/N-56DLB
CASCADEGOODS	CASCADE	target.com	HTTPS://WWW.TARGET.COM/B/CASCADE/-/N-56DLB
CASCADEMOUNTAINTECH	CASCADEMOUNTAINTECH	target.com	HTTPS://WWW.TARGET.COM/B/CASCADE-MOUNTAIN-TECH/-/N-Q643LERMMDY
CASCADEPERSONAL	CASCADE	target.com	HTTPS://WWW.TARGET.COM/B/CASCADE/-/N-56DLB
CASCADES	CASCADE	target.com	HTTPS://WWW.TARGET.COM/B/CASCADE/-/N-56DLB
CASCADEWILDBIRDFEEDERS	CASCADEWILDBIRDFEEDERS	target.com	HTTPS://WWW.TARGET.COM/B/CASCADE-WILD-BIRD-FEEDERS/-/N-Q643LERNSFC
CASCADIANFARM	CASCADIANFARM	target.com	HTTPS://WWW.TARGET.COM/B/CASCADIAN-FARM/-/N-56FC6
CASCADING	CASCADE	target.com	HTTPS://WWW.TARGET.COM/B/CASCADE/-/N-56DLB
CASDON	CASDONTOYS	target.com	HTTPS://WWW.TARGET.COM/B/CASDON-TOYS/-/N-54XE9
CASDONCASDON	CASDONTOYS	target.com	HTTPS://WWW.TARGET.COM/B/CASDON-TOYS/-/N-54XE9
CASDONTOYS	CASDONTOYS	target.com	HTTPS://WWW.TARGET.COM/B/CASDON-TOYS/-/N-54XE9
CASEIT	CASEIT	target.com	HTTPS://WWW.TARGET.COM/B/CASE-IT/-/N-4ULJV
CASEMASTER	CASEMASTER	target.com	HTTPS://WWW.TARGET.COM/B/CASEMASTER/-/N-N82N2
CASEMATE	CASEMATE	target.com	HTTPS://WWW.TARGET.COM/B/CASE-MATE/-/N-4YLQR
CASEMATER	CASEMASTER	target.com	HTTPS://WWW.TARGET.COM/B/CASEMASTER/-/N-N82N2
CASLBRANDS	CASLBRANDS	target.com	HTTPS://WWW.TARGET.COM/B/CASL-BRANDS/-/N-5OKZS
CASPERSLEEP	CASPERSLEEP	target.com	HTTPS://WWW.TARGET.COM/B/CASPER-SLEEP/-/N-DODBY
CASSADECOR	CASSADECOR	target.com	HTTPS://WWW.TARGET.COM/B/CASSADECOR/-/N-18PCJ
CASSUALHOME	CASUALHOME	target.com	HTTPS://WWW.TARGET.COM/B/CASUAL-HOME/-/N-KB8QK
CASTLEPOINTBOOKS	CASTLEPOINTBOOKS	target.com	HTTPS://WWW.TARGET.COM/B/CASTLE-POINT-BOOKS/-/N-Q643LEX3QZK
CASTORRIVERFARMS	CASTORRIVERFARMS	target.com	HTTPS://WWW.TARGET.COM/B/CASTOR-RIVER-FARMS/-/N-Q643LEJ13X6
CASUAHOME	CASUALHOME	target.com	HTTPS://WWW.TARGET.COM/B/CASUAL-HOME/-/N-KB8QK
CASUALCANINE	CASUALCANINE	target.com	HTTPS://WWW.TARGET.COM/B/CASUAL-CANINE/-/N-Q643LEO0HIW
CASUALCUSHION	CASUALCUSHION	target.com	HTTPS://WWW.TARGET.COM/B/CASUAL-CUSHION/-/N-Q643LEDHO48
CASUALHOME	CASUALHOME	target.com	HTTPS://WWW.TARGET.COM/B/CASUAL-HOME/-/N-KB8QK
CASUALNIGHTS	CASUALNIGHTS	target.com	HTTPS://WWW.TARGET.COM/B/CASUAL-NIGHTS/-/N-Q643LEQ477O
CATADOG	CATDOG	target.com	HTTPS://WWW.TARGET.COM/B/CATDOG/-/N-Q643LEE3IK0
CATALINA	CATALINACRUNCH	target.com	HTTPS://WWW.TARGET.COM/B/CATALINA-CRUNCH/-/N-Q643LEXN8Q5
CATALINACRUNCH	CATALINACRUNCH	target.com	HTTPS://WWW.TARGET.COM/B/CATALINA-CRUNCH/-/N-Q643LEXN8Q5
CATANDJACK	CATJACK	target.com	HTTPS://WWW.TARGET.COM/B/CAT-JACK/-/N-QQQGM
CATANSTUDIO	CATANSTUDIO	target.com	HTTPS://WWW.TARGET.COM/B/CATAN-STUDIO/-/N-16HSJ
CATANSTUDIOS	CATANSTUDIO	target.com	HTTPS://WWW.TARGET.COM/B/CATAN-STUDIO/-/N-16HSJ
CATDANCER	CATDANCER	target.com	HTTPS://WWW.TARGET.COM/B/CAT-DANCER/-/N-Q643LEEV433
CATDANCERPRODUCTS	CATDANCER	target.com	HTTPS://WWW.TARGET.COM/B/CAT-DANCER/-/N-Q643LEEV433
CATERPY	CATERPY	target.com	HTTPS://WWW.TARGET.COM/B/CATERPY/-/N-Q643LEKG2GL
CATGURU	CATGURU	target.com	HTTPS://WWW.TARGET.COM/B/CATGURU/-/N-Q643LERJS7E
CATHERINES	CATHERINES	target.com	HTTPS://WWW.TARGET.COM/B/CATHERINES/-/N-Q643LE11RJZ
CATHOLICBIBLEPRESS	CATHOLICBIBLEPRESS	target.com	HTTPS://WWW.TARGET.COM/B/CATHOLIC-BIBLE-PRESS/-/N-Q643LEZHZ35
CATHOLICBOOKPUBLISHING	CATHOLICBOOKPUBLISHING	target.com	HTTPS://WWW.TARGET.COM/B/CATHOLIC-BOOK-PUBLISHING/-/N-Q643LEB7CK7
CATHOLICBOOKPUBLISHINGCORP	CATHOLICBOOKPUBLISHING	target.com	HTTPS://WWW.TARGET.COM/B/CATHOLIC-BOOK-PUBLISHING/-/N-Q643LEB7CK7
CATIKAT	KITKAT	target.com	HTTPS://WWW.TARGET.COM/B/KIT-KAT/-/N-56090
CATJACK	CATJACK	target.com	HTTPS://WWW.TARGET.COM/B/CAT-JACK/-/N-QQQGM
CATLINK	CATLINK	target.com	HTTPS://WWW.TARGET.COM/B/CATLINK/-/N-Q643LEVI3EU
CATMATE	CATMATE	target.com	HTTPS://WWW.TARGET.COM/B/CAT-MATE/-/N-PK528
CATPRIDE	CATSPRIDE	target.com	HTTPS://WWW.TARGET.COM/B/CAT-S-PRIDE/-/N-CZ10F
CATSJACK	CATJACK	target.com	HTTPS://WWW.TARGET.COM/B/CAT-JACK/-/N-QQQGM
CATSKILLCRAFTSMEN	CATSKILLCRAFTSMEN	target.com	HTTPS://WWW.TARGET.COM/B/CATSKILL-CRAFTSMEN/-/N-43ZYN
CATSMEOW	CATSMEOWVILLAGE	target.com	HTTPS://WWW.TARGET.COM/B/CAT-S-MEOW-VILLAGE/-/N-ASSD7
CATSPRIDE	CATSPRIDE	target.com	HTTPS://WWW.TARGET.COM/B/CAT-S-PRIDE/-/N-CZ10F
CATSTAGES	CATSTAGES	target.com	HTTPS://WWW.TARGET.COM/B/CATSTAGES/-/N-Q643LE6TN73
CATSVSPICKLES	CATSVSPICKLES	target.com	HTTPS://WWW.TARGET.COM/B/CATS-VS-PICKLES/-/N-Q643LEHRHGH
CATVSPICKLES	CATSVSPICKLES	target.com	HTTPS://WWW.TARGET.COM/B/CATS-VS-PICKLES/-/N-Q643LEHRHGH
CATZ	MADCATZ	target.com	HTTPS://WWW.TARGET.COM/B/MAD-CATZ/-/N-6R4VN
CAULDHAM	CAULDHAM	target.com	HTTPS://WWW.TARGET.COM/B/CAULDHAM/-/N-Q643LE7JT76
CAULIPOWER	CAULIPOWER	target.com	HTTPS://WWW.TARGET.COM/B/CAULIPOWER/-/N-AOM3S
CAVENDISHHARVEY	CAVENDISHANDHARVEY	target.com	HTTPS://WWW.TARGET.COM/B/CAVENDISH-AND-HARVEY/-/N-Q643LEIBNT4
CBUK	CBUK	target.com	HTTPS://WWW.TARGET.COM/B/CBUK/-/N-Q643LEV5BHI
CCAINTERNATIONAL	CCAINTERNATIONAL	target.com	HTTPS://WWW.TARGET.COM/B/C-A-INTERNATIONAL/-/N-A3OV4
CCCOPPERCOMPRESSION	COPPERCOMPRESSION	target.com	HTTPS://WWW.TARGET.COM/B/COPPER-COMPRESSION/-/N-Q643LE87GMG
CCREST	CREST	target.com	HTTPS://WWW.TARGET.COM/B/CREST/-/N-5TCPN
CCUT	CRICUT	target.com	HTTPS://WWW.TARGET.COM/B/CRICUT/-/N-V8AGU
CEARUGYOVE	CERAVE	target.com	HTTPS://WWW.TARGET.COM/B/CERAVE/-/N-55V99
CEAVER	CERAVE	target.com	HTTPS://WWW.TARGET.COM/B/CERAVE/-/N-55V99
CEDARCRAFT	CEDARCRAFT	target.com	HTTPS://WWW.TARGET.COM/B/CEDARCRAFT/-/N-9FWDV
CEDERBERGTEACOMPANY	CEDERBERGTEACOMPANY	target.com	HTTPS://WWW.TARGET.COM/B/CEDERBERG-TEA-COMPANY/-/N-Q643LE1ZB9V
CELEBLUXURY	CELEBLUXURY	target.com	HTTPS://WWW.TARGET.COM/B/CELEB-LUXURY/-/N-Q643LE4WQXW
CELESTIAL	CELESTIALSEASONINGS	target.com	HTTPS://WWW.TARGET.COM/B/CELESTIAL-SEASONINGS/-/N-4YQUN
CELESTIALPRODUCTS	CELESTIALSEASONINGS	target.com	HTTPS://WWW.TARGET.COM/B/CELESTIAL-SEASONINGS/-/N-4YQUN
CELESTIALSEASONINGS	CELESTIALSEASONINGS	target.com	HTTPS://WWW.TARGET.COM/B/CELESTIAL-SEASONINGS/-/N-4YQUN
CELESTRIAL	CELESTIALSEASONINGS	target.com	HTTPS://WWW.TARGET.COM/B/CELESTIAL-SEASONINGS/-/N-4YQUN
CELEUS	CELSIUS	target.com	HTTPS://WWW.TARGET.COM/B/CELSIUS/-/N-GHNFD
CELIUS	CELSIUS	target.com	HTTPS://WWW.TARGET.COM/B/CELSIUS/-/N-GHNFD
CELKUSER	CELSIUS	target.com	HTTPS://WWW.TARGET.COM/B/CELSIUS/-/N-GHNFD
CELLHELMET	CELLHELMET	target.com	HTTPS://WWW.TARGET.COM/B/CELLHELMET/-/N-Q643LEN4FKZ
CELLUCOR	CELLUCOR	target.com	HTTPS://WWW.TARGET.COM/B/CELLUCOR/-/N-4UT26
CELLUCOR	CELLUCORC4	target.com	HTTPS://WWW.TARGET.COM/B/CELLUCOR-C4/-/N-TK42Q
CELSIUS	CELSIUS	target.com	HTTPS://WWW.TARGET.COM/B/CELSIUS/-/N-GHNFD
CELTICSEASALT	CELTICSEASALT	target.com	HTTPS://WWW.TARGET.COM/B/CELTIC-SEA-SALT/-/N-Q643LEBRVRF
CELUSC	CELSIUS	target.com	HTTPS://WWW.TARGET.COM/B/CELSIUS/-/N-GHNFD
CENJOY	ZENJOY	target.com	HTTPS://WWW.TARGET.COM/B/ZENJOY/-/N-Q643LESIDBB
CENTERENTERPRISES	CENTERENTERPRISES	target.com	HTTPS://WWW.TARGET.COM/B/CENTER-ENTERPRISES/-/N-Y4WK5
CENTO	CENTO	target.com	HTTPS://WWW.TARGET.COM/B/CENTO/-/N-5AFSG
CENTOCO	CENTOCO	target.com	HTTPS://WWW.TARGET.COM/B/CENTOCO/-/N-Q643LE4TYXA
CENTRALRECOVERYPRESS	CENTRALRECOVERYPRESS	target.com	HTTPS://WWW.TARGET.COM/B/CENTRAL-RECOVERY-PRESS/-/N-Q643LEUDNNC
CENTRALRECOVERYPRESS	CENTRALRECOVERYPRESS	target.com	HTTPS://WWW.TARGET.COM/B/CENTRAL-RECOVERY-PRESS/-/N-Q643LEUDNNC?NAO=24
CENTRICBEAUTY	CENTRICBEAUTY	target.com	HTTPS://WWW.TARGET.COM/B/CENTRIC-BEAUTY-LLC/-/N-KWZ5E
CENTRUM	CENTRUM	target.com	HTTPS://WWW.TARGET.COM/B/CENTRUM/-/N-5QOE9
CEOSINER	CUISINART	target.com	HTTPS://WWW.TARGET.COM/B/CUISINART/-/N-4YRHB
CEPACOL	CEPACOL	target.com	HTTPS://WWW.TARGET.COM/B/CEPACOL/-/N-FEH7U
CEPCOMPRESSION	CEPCOMPRESSION	target.com	HTTPS://WWW.TARGET.COM/B/CEP-COMPRESSION/-/N-Q643LEH9JP2
CERAMABRYTE	CERAMABRYTE	target.com	HTTPS://WWW.TARGET.COM/B/CERAMA-BRYTE/-/N-Q643LEAD87I
CERAVE	CERAVE	target.com	HTTPS://WWW.TARGET.COM/B/CERAVE/-/N-55V99
CEREBELLY	CEREBELLY	target.com	HTTPS://WWW.TARGET.COM/B/CEREBELLY/-/N-Q643LE5RYLK
CERFESS	CERAVE	target.com	HTTPS://WWW.TARGET.COM/B/CERAVE/-/N-55V99
CERTAINDRI	CERTAINDRI	target.com	HTTPS://WWW.TARGET.COM/B/CERTAIN-DRI/-/N-54XTS
CERTIFIEDAPPLIANCEACCESSORIES	CERTIFIEDAPPLIANCEACCESSORIES	target.com	HTTPS://WWW.TARGET.COM/B/CERTIFIED-APPLIANCE-ACCESSORIES/-/N-Q643LEUXI18
CERTIFIEDAPPLIANCES	CERTIFIEDAPPLIANCEACCESSORIES	target.com	HTTPS://WWW.TARGET.COM/B/CERTIFIED-APPLIANCE-ACCESSORIES/-/N-Q643LEUXI18
CERTIFIEDINTERNATIONAL	CERTIFIEDINTERNATIONAL	target.com	HTTPS://WWW.TARGET.COM/B/CERTIFIED-INTERNATIONAL/-/N-IEZCW
CERTIFIEDINTL	CERTIFIEDINTERNATIONAL	target.com	HTTPS://WWW.TARGET.COM/B/CERTIFIED-INTERNATIONAL/-/N-IEZCW
CERWINVEGA	CERWINVEGA	target.com	HTTPS://WWW.TARGET.COM/B/CERWIN-VEGA/-/N-JMWXC
CERWINVEGAMOBILE	CERWINVEGA	target.com	HTTPS://WWW.TARGET.COM/B/CERWIN-VEGA/-/N-JMWXC
CESICERSI	CESICIA	target.com	HTTPS://WWW.TARGET.COM/B/CESICIA/-/N-Q643LEXIFRJ
CESICIA	CESICIA	target.com	HTTPS://WWW.TARGET.COM/B/CESICIA/-/N-Q643LEXIFRJ
CESLIE	CELSIUS	target.com	HTTPS://WWW.TARGET.COM/B/CELSIUS/-/N-GHNFD
CESTTOI	CESTTOI	target.com	HTTPS://WWW.TARGET.COM/B/C-EST-TOI/-/N-Q643LEK85E3
CETAPHIL	CETAPHIL	target.com	HTTPS://WWW.TARGET.COM/B/CETAPHIL/-/N-5CX4J
CGGCREATIVEGADGETS	CREATIVEPRODUCTS	target.com	HTTPS://WWW.TARGET.COM/B/CREATIVE-PRODUCTS/-/N-Q643LELARH9
CGKUNLIMITED	CGKUNLIMITED	target.com	HTTPS://WWW.TARGET.COM/B/CGK-UNLIMITED/-/N-Q643LEK7I8S
CHACO	CHACO	target.com	HTTPS://WWW.TARGET.COM/B/CHACO/-/N-Q643LE8PLX6
CHALKNESSMONSTER	CHALKNESSMONSTER	target.com	HTTPS://WWW.TARGET.COM/B/CHALKNESS-MONSTER/-/N-Q643LEGKYNK
CHAMBERLAIN	CHAMBERLAINCOFFEE	target.com	HTTPS://WWW.TARGET.COM/B/CHAMBERLAIN-COFFEE/-/N-Q643LE784FA
CHAMELEONCOLDBREW	CHAMELEONCOLDBREW	target.com	HTTPS://WWW.TARGET.COM/B/CHAMELEON-COLD-BREW/-/N-9UFN1
CHAMPIO	CHAMPION	target.com	HTTPS://WWW.TARGET.COM/B/CHAMPION/-/N-AWMA1
CHAMPION	CHAMPION	target.com	HTTPS://WWW.TARGET.COM/B/CHAMPION/-/N-AWMA1
CHAMPIONCHAMPION	CHAMPION	target.com	HTTPS://WWW.TARGET.COM/B/CHAMPION/-/N-AWMA1
CHAMPIONPLUS	CHAMPION	target.com	HTTPS://WWW.TARGET.COM/B/CHAMPION/-/N-AWMA1
CHAMPIONRANGEANDTARGET	CHAMPION	target.com	HTTPS://WWW.TARGET.COM/B/CHAMPION/-/N-AWMA1
CHAMPIONWOOWEXX	CHAMPION	target.com	HTTPS://WWW.TARGET.COM/B/CHAMPION/-/N-AWMA1
CHAMPKOMCHAMPIONHAIRCARE	CHAMPKOMCHAMPIONHAIRCARE	target.com	HTTPS://WWW.TARGET.COM/B/CHAMPKOM-CHAMPION-HAIR-CARE/-/N-Q643LEKXKKJ
CHANASYA	CHANASYA	target.com	HTTPS://WWW.TARGET.COM/B/CHANASYA/-/N-Q643LEW6R14
CHANBERLAIN	CHAMBERLAINCOFFEE	target.com	HTTPS://WWW.TARGET.COM/B/CHAMBERLAIN-COFFEE/-/N-Q643LE784FA
CHANNELMASTER	CHANNELMASTER	target.com	HTTPS://WWW.TARGET.COM/B/CHANNEL-MASTER/-/N-Q643LEROS4B
CHANPION	CHAMPION	target.com	HTTPS://WWW.TARGET.COM/B/CHAMPION/-/N-AWMA1
CHANTEUR	CHANTEUR	target.com	HTTPS://WWW.TARGET.COM/B/CHANTEUR/-/N-Q643LEIA09A
CHAPSTICK	CHAPSTICK	target.com	HTTPS://WWW.TARGET.COM/B/CHAPSTICK/-/N-55WIE
CHARACTEROPTIONS	CHARACTEROPTIONS	target.com	HTTPS://WWW.TARGET.COM/B/CHARACTER-OPTIONS/-/N-V3A0E
CHARADESCOSTUMES	CHARADESCOSTUMES	target.com	HTTPS://WWW.TARGET.COM/B/CHARADES-COSTUMES/-/N-FEDM3
CHARCOALCOMPANION	CHARCOALCOMPANION	target.com	HTTPS://WWW.TARGET.COM/B/CHARCOAL-COMPANION/-/N-5EGHZ
CHARDPRODUCTS	CHARD	target.com	HTTPS://WWW.TARGET.COM/B/CHARD/-/N-TRFGE
CHARGEWORX	CHARGEWORX	target.com	HTTPS://WWW.TARGET.COM/B/CHARGEWORX/-/N-Q643LENU5OF
CHARIOTTRAVELWARE	CHARIOTTRAVELWARE	target.com	HTTPS://WWW.TARGET.COM/B/CHARIOT-TRAVELWARE/-/N-QG2T4
CHARISMA	CHARISMA	target.com	HTTPS://WWW.TARGET.COM/B/CHARISMA/-/N-22J2
CHARISMAHOUSE	CHARISMAHOUSE	target.com	HTTPS://WWW.TARGET.COM/B/CHARISMA-HOUSE/-/N-Q643LE61INS
CHARLEEBEAR	CHARLEEBEAR	target.com	HTTPS://WWW.TARGET.COM/B/CHARLEE-BEAR/-/N-Q643LEEXCNN
CHARLESBRIDGE	CHARLESBRIDGEPUBLISHING	target.com	HTTPS://WWW.TARGET.COM/B/CHARLESBRIDGE-PUBLISHING/-/N-Q643LEF9WVJ
CHARLESLEONARD	CHARLESLEONARD	target.com	HTTPS://WWW.TARGET.COM/B/CHARLES-LEONARD-INC/-/N-PH3UV
CHARLESTONCHEW	CHARLESTONCHEW	target.com	HTTPS://WWW.TARGET.COM/B/CHARLESTON-CHEW/-/N-4YIW1
CHARLESTONCOFFEEROASTERS	CHARLESTONCOFFEEROASTERS	target.com	HTTPS://WWW.TARGET.COM/B/CHARLESTON-COFFEE-ROASTERS/-/N-Q643LEMZKGC
CHARLIEBANANA	CHARLIEBANANA	target.com	HTTPS://WWW.TARGET.COM/B/CHARLIE-BANANA/-/N-5XGPZ
CHARLIESSOAP	CHARLIESSOAP	target.com	HTTPS://WWW.TARGET.COM/B/CHARLIE-S-SOAP/-/N-FADKN
CHARLISSOAP	CHARLIESSOAP	target.com	HTTPS://WWW.TARGET.COM/B/CHARLIE-S-SOAP/-/N-FADKN
CHARMEEN	CHARMIN	target.com	HTTPS://WWW.TARGET.COM/B/CHARMIN/-/N-5CUSD
CHARMIN	CHARMIN	target.com	HTTPS://WWW.TARGET.COM/B/CHARMIN/-/N-5CUSD
CHARMINGPETPRODUCTS	CHARMINGPET	target.com	HTTPS://WWW.TARGET.COM/B/CHARMING-PET/-/N-55BE5
CHARMINREG	CHARMIN	target.com	HTTPS://WWW.TARGET.COM/B/CHARMIN/-/N-5CUSD
CHARTWELLBOOKS	CHARTWELLBOOKS	target.com	HTTPS://WWW.TARGET.COM/B/CHARTWELL-BOOKS/-/N-Q643LE9S9UA
CHATEAUFINETABLEWARE	CHATEAUFINETABLEWARE	target.com	HTTPS://WWW.TARGET.COM/B/CHATEAU-FINE-TABLEWARE/-/N-Q643LEBIV9D
CHATFIELDS	CHATFIELDS	target.com	HTTPS://WWW.TARGET.COM/B/CHATFIELDS/-/N-Q643LEP7NSZ
CHAUVET	CHAUVETDJ	target.com	HTTPS://WWW.TARGET.COM/B/CHAUVET-DJ/-/N-KSEBU
CHAUVETDJCHDDJ	CHAUVETDJ	target.com	HTTPS://WWW.TARGET.COM/B/CHAUVET-DJ/-/N-KSEBU
CHEEERRRS	CHEERS	target.com	HTTPS://WWW.TARGET.COM/B/CHEERS/-/N-Q643LEYC5YF
CHEEKYBONSAI	CHEEKYBONSAI	target.com	HTTPS://WWW.TARGET.COM/B/CHEEKY-BONSAI/-/N-Q643LEVKX69
CHEERCOLLECTION	CHEERCOLLECTION	target.com	HTTPS://WWW.TARGET.COM/B/CHEER-COLLECTION/-/N-Q643LE8H9T1
CHEERICO	CHEERIOS	target.com	HTTPS://WWW.TARGET.COM/B/CHEERIOS/-/N-56FCM
CHEERIO	CHEERIOS	target.com	HTTPS://WWW.TARGET.COM/B/CHEERIOS/-/N-56FCM
CHEERIOS	CHEERIOS	target.com	HTTPS://WWW.TARGET.COM/B/CHEERIOS/-/N-56FCM
CHEEROU	CHEERIOS	target.com	HTTPS://WWW.TARGET.COM/B/CHEERIOS/-/N-56FCM
CHEERSDEVICES	CHEERS	target.com	HTTPS://WWW.TARGET.COM/B/CHEERS/-/N-Q643LEYC5YF
CHEERSOON	CHEERIOS	target.com	HTTPS://WWW.TARGET.COM/B/CHEERIOS/-/N-56FCM
CHEETO	CHEETOS	target.com	HTTPS://WWW.TARGET.COM/B/CHEETOS/-/N-56DG8
CHEETOS	CHEETOS	target.com	HTTPS://WWW.TARGET.COM/B/CHEETOS/-/N-56DG8
CHEETOYS	CHEETOS	target.com	HTTPS://WWW.TARGET.COM/B/CHEETOS/-/N-56DG8
CHEEZEIT	CHEEZIT	target.com	HTTPS://WWW.TARGET.COM/B/CHEEZ-IT/-/N-56GRF
CHEEZIT	CHEEZIT	target.com	HTTPS://WWW.TARGET.COM/B/CHEEZ-IT/-/N-56GRF
CHEFBOYARDEE	CHEFBOYARDEE	target.com	HTTPS://WWW.TARGET.COM/B/CHEF-BOYARDEE/-/N-56DP3
CHEFCODE	CHEFCODE	target.com	HTTPS://WWW.TARGET.COM/B/CHEF-CODE/-/N-Q643LEOICH8
CHEFCRAFT	CHEFCRAFT	target.com	HTTPS://WWW.TARGET.COM/B/CHEF-CRAFT/-/N-Q643LECOD0
CHEFCURIOUS	CURIOUSCHEF	target.com	HTTPS://WWW.TARGET.COM/B/CURIOUS-CHEF/-/N-5VH6I
CHEFHANDY	CHEFHANDY	target.com	HTTPS://WWW.TARGET.COM/B/CHEFHANDY/-/N-Q643LE25785
CHEFIQ	CHEFIQ	target.com	HTTPS://WWW.TARGET.COM/B/CHEF-IQ/-/N-Q643LETU9BF
CHEFMAN	CHEFMAN	target.com	HTTPS://WWW.TARGET.COM/B/CHEFMAN/-/N-54VNT
CHEFMANSTORE	CHEFMAN	target.com	HTTPS://WWW.TARGET.COM/B/CHEFMAN/-/N-54VNT
CHEFSCHOICE	CHEFSCHOICE	target.com	HTTPS://WWW.TARGET.COM/B/CHEF-S-CHOICE/-/N-5V56D
CHEFSCUT	CHEFSCUT	target.com	HTTPS://WWW.TARGET.COM/B/CHEF-S-CUT/-/N-IZOZF
CHEFSMA	CHEFMAN	target.com	HTTPS://WWW.TARGET.COM/B/CHEFMAN/-/N-54VNT
CHEFWAVE	CHEFWAVE	target.com	HTTPS://WWW.TARGET.COM/B/CHEFWAVE/-/N-Q643LEBLF08
CHELSEAGREENPUBLISHING	CHELSEAGREENPUBLISHINGCOMPANY	target.com	HTTPS://WWW.TARGET.COM/B/CHELSEA-GREEN-PUBLISHING-COMPANY/-/N-Q643LE7V3G0
CHELSEAHOMEIMPORTS	CHELSEAHOMEIMPORTS	target.com	HTTPS://WWW.TARGET.COM/B/CHELSEA-HOME-IMPORTS/-/N-Q643LEXIA8I
CHEMEX	CHEMEX	target.com	HTTPS://WWW.TARGET.COM/B/CHEMEX/-/N-Q643LEW62U8
CHEMICALGUY	CHEMICALGUYS	target.com	HTTPS://WWW.TARGET.COM/B/CHEMICAL-GUYS/-/N-Q643LEDZDSZ
CHEMICALGUYS	CHEMICALGUYS	target.com	HTTPS://WWW.TARGET.COM/B/CHEMICAL-GUYS/-/N-Q643LEDZDSZ
CHERISHEDTEDDIES	CHERISHEDTEDDIES	target.com	HTTPS://WWW.TARGET.COM/B/CHERISHED-TEDDIES/-/N-NXO4M
CHERRIENUTE	CHEERIOS	target.com	HTTPS://WWW.TARGET.COM/B/CHEERIOS/-/N-56FCM
CHERRYBAYORCHARDS	CHERRYBAYORCHARDS	target.com	HTTPS://WWW.TARGET.COM/B/CHERRY-BAY-ORCHARDS/-/N-Q643LEMA300
CHERRYVALLEYFEEDERS	CHERRYVALLEYFEEDERS	target.com	HTTPS://WWW.TARGET.COM/B/CHERRY-VALLEY-FEEDERS/-/N-Q643LEIFTLX
CHESAPEAKEBAY	CHESAPEAKEBAYCANDLE	target.com	HTTPS://WWW.TARGET.COM/B/CHESAPEAKE-BAY-CANDLE/-/N-DLHD3
CHESAPEAKEBAYCANDLE	CHESAPEAKEBAYCANDLE	target.com	HTTPS://WWW.TARGET.COM/B/CHESAPEAKE-BAY-CANDLE/-/N-DLHD3
CHESAPEAKEMERCHANDISING	CHESAPEAKEMERCHANDISING	target.com	HTTPS://WWW.TARGET.COM/B/CHESAPEAKE-MERCHANDISING/-/N-6MQCN
CHETOGIN	CHEETOS	target.com	HTTPS://WWW.TARGET.COM/B/CHEETOS/-/N-56DG8
CHEWHEALLABS	CHEWHEAL	target.com	HTTPS://WWW.TARGET.COM/B/CHEW-HEAL/-/N-Q643LEJFGD7
CHEWMETER	CHEWMETER	target.com	HTTPS://WWW.TARGET.COM/B/CHEWMETER/-/N-Q643LEJIWQH
CHEWSSOR	CHARLESTONCHEW	target.com	HTTPS://WWW.TARGET.COM/B/CHARLESTON-CHEW/-/N-4YIW1
CHEX	CHEX	target.com	HTTPS://WWW.TARGET.COM/B/CHEX/-/N-56FC0
CHEXMIX	CHEXMIX	target.com	HTTPS://WWW.TARGET.COM/B/CHEX-MIX/-/N-54XL2
CHEXMIXREG	CHEXMIX	target.com	HTTPS://WWW.TARGET.COM/B/CHEX-MIX/-/N-54XL2
CHEYENNEPRODUCTS	CHEYENNEPRODUCTS	target.com	HTTPS://WWW.TARGET.COM/B/CHEYENNE-PRODUCTS/-/N-1YOSK
CHFINDUSTRIES	CHFINDUSTRIES	target.com	HTTPS://WWW.TARGET.COM/B/CHF-INDUSTRIES/-/N-1XJ14
CHICAGOCUTLERY	CHICAGOCUTLERY	target.com	HTTPS://WWW.TARGET.COM/B/CHICAGO-CUTLERY/-/N-5VI6K
CHICAGOSKATE	CHICAGOSKATES	target.com	HTTPS://WWW.TARGET.COM/B/CHICAGO-SKATES/-/N-4Y8JZ
CHICAGOSKATES	CHICAGOSKATES	target.com	HTTPS://WWW.TARGET.COM/B/CHICAGO-SKATES/-/N-4Y8JZ
CHICAGOSKATESCHICAGOSKATES	CHICAGOSKATES	target.com	HTTPS://WWW.TARGET.COM/B/CHICAGO-SKATES/-/N-4Y8JZ
CHICBUTSHABBY	SIMPLYSHABBYCHIC	target.com	HTTPS://WWW.TARGET.COM/B/SIMPLY-SHABBY-CHIC/-/N-5Y6NY
CHICCO	CHICCO	target.com	HTTPS://WWW.TARGET.COM/B/CHICCO/-/N-5Y6LN
CHICCOZY	CHICCO	target.com	HTTPS://WWW.TARGET.COM/B/CHICCO/-/N-5Y6LN
CHICHIS	CHICHIS	target.com	HTTPS://WWW.TARGET.COM/B/CHI-S/-/N-UYJXT
CHICHOMEDESIGN	CHICHOMEDESIGN	target.com	HTTPS://WWW.TARGET.COM/B/CHIC-HOME-DESIGN/-/N-WY2YQ
CHICHOMEDESIGNP	CHICHOMEDESIGN	target.com	HTTPS://WWW.TARGET.COM/B/CHIC-HOME-DESIGN/-/N-WY2YQ
CHICHOMEDESIGNS	CHICHOMEDESIGN	target.com	HTTPS://WWW.TARGET.COM/B/CHIC-HOME-DESIGN/-/N-WY2YQ
CHICKENOFTHESEA	CHICKENOFTHESEA	target.com	HTTPS://WWW.TARGET.COM/B/CHICKEN-OF-THE-SEA/-/N-56E7Q
CHICKENSOUPFORTHESOUL	CHICKENSOUPFORTHESOUL	target.com	HTTPS://WWW.TARGET.COM/B/CHICKEN-SOUP-FOR-THE-SOUL/-/N-Q643LEFR34N
CHICOCO	CHICCO	target.com	HTTPS://WWW.TARGET.COM/B/CHICCO/-/N-5Y6LN
CHICOLOGY	CHICOLOGY	target.com	HTTPS://WWW.TARGET.COM/B/CHICOLOGY/-/N-2V2Q
CHICOLOGYBINO	CHICOLOGY	target.com	HTTPS://WWW.TARGET.COM/B/CHICOLOGY/-/N-2V2Q
CHICWRAP	CHICWRAP	target.com	HTTPS://WWW.TARGET.COM/B/CHICWRAP/-/N-Q643LEWK4CR
CHIFLES	CHIFLES	target.com	HTTPS://WWW.TARGET.COM/B/CHIFLES/-/N-99H82
CHIIRAKU	SHIRAKIKU	target.com	HTTPS://WWW.TARGET.COM/B/SHIRAKIKU/-/N-N56CL
CHILDBOT	KIDROBOT	target.com	HTTPS://WWW.TARGET.COM/B/KIDROBOT/-/N-GX610
CHILDCRAFT	CHILDCRAFT	target.com	HTTPS://WWW.TARGET.COM/B/CHILD-CRAFT/-/N-77NU5
CHILDCRAFTBLOSSOM	CHILDCRAFT	target.com	HTTPS://WWW.TARGET.COM/B/CHILDCRAFT/-/N-4YBJD
CHILDLIFE	CHILDLIFE	target.com	HTTPS://WWW.TARGET.COM/B/CHILDLIFE/-/N-Q643LE20Z3C
CHILDRENOFDESIGN	CHILDRENOFDESIGN	target.com	HTTPS://WWW.TARGET.COM/B/CHILDREN-OF-DESIGN/-/N-Q643LE4KMJR
CHILDRENSASTEPRO	CHILDRENSASTEPRO	target.com	HTTPS://WWW.TARGET.COM/B/CHILDREN-S-ASTEPRO/-/N-Q643LE7SH5U
CHILDRENSFACTORY	CHILDRENSFACTORY	target.com	HTTPS://WWW.TARGET.COM/B/CHILDREN-S-FACTORY/-/N-96AJN
CHILDRESFACTORY	CHILDRENSFACTORY	target.com	HTTPS://WWW.TARGET.COM/B/CHILDREN-S-FACTORY/-/N-96AJN
CHILDSPLAYCANDY	CHILDSPLAYCANDY	target.com	HTTPS://WWW.TARGET.COM/B/CHILD-S-PLAY-CANDY/-/N-96EMJ
CHILDTOCHERISH	CHILDTOCHERISH	target.com	HTTPS://WWW.TARGET.COM/B/CHILD-TO-CHERISH/-/N-L86NZ
CHILLAFISH	CHILLAFISH	target.com	HTTPS://WWW.TARGET.COM/B/CHILLAFISH/-/N-4VQPK
CHILLHOUSE	CHILLHOUSE	target.com	HTTPS://WWW.TARGET.COM/B/CHILLHOUSE/-/N-Q643LEG05VN
CHINESELAUNDRY	CHINESELAUNDRY	target.com	HTTPS://WWW.TARGET.COM/B/CHINESE-LAUNDRY/-/N-Q643LENO79I
CHINESELAUNDY	CHINESELAUNDRY	target.com	HTTPS://WWW.TARGET.COM/B/CHINESE-LAUNDRY/-/N-Q643LENO79I
CHIPSAHOY	CHIPSAHOY	target.com	HTTPS://WWW.TARGET.COM/B/CHIPS-AHOY/-/N-56F1N
CHIPSAHOYCHIPSAHOY	CHIPSAHOY	target.com	HTTPS://WWW.TARGET.COM/B/CHIPS-AHOY/-/N-56F1N
CHIVALZ	CHIVALZ	target.com	HTTPS://WWW.TARGET.COM/B/CHIVALZ/-/N-Q643LEV6IIT
CHLOELIGHTING	CHLOELIGHTING	target.com	HTTPS://WWW.TARGET.COM/B/CHLOE-LIGHTING/-/N-Q643LELEFPL
CHOBANI	CHOBANI	target.com	HTTPS://WWW.TARGET.COM/B/CHOBANI/-/N-56DOV
CHOCZERO	CHOCZERO	target.com	HTTPS://WWW.TARGET.COM/B/CHOCZERO/-/N-Q643LEXWU7H
CHOICARE	CHOCZERO	target.com	HTTPS://WWW.TARGET.COM/B/CHOCZERO/-/N-Q643LEXWU7H
CHOICEMMED	CHOICEMMED	target.com	HTTPS://WWW.TARGET.COM/B/CHOICEMMED/-/N-Q643LE6TJBX
CHOICEPRODUCTS	BESTCHOICEPRODUCTS	target.com	HTTPS://WWW.TARGET.COM/B/BEST-CHOICE-PRODUCTS/-/N-Q643LE2DWGZ
CHOLELIGHTING	CHLOELIGHTING	target.com	HTTPS://WWW.TARGET.COM/B/CHLOE-LIGHTING/-/N-Q643LELEFPL
CHOMPER	CHOMPER	target.com	HTTPS://WWW.TARGET.COM/B/CHOMPER/-/N-Q643LE2HO43
CHOMPSSNACKSTICKS	CHOMPSSNACKSTICKS	target.com	HTTPS://WWW.TARGET.COM/B/CHOMPS-SNACK-STICKS/-/N-UCFI
CHOSENFOODS	CHOSENFOODS	target.com	HTTPS://WWW.TARGET.COM/B/CHOSEN-FOODS/-/N-3FSIR
CHOUSZA	CHUZA	target.com	HTTPS://WWW.TARGET.COM/B/CHUZA/-/N-Q643LEDSOZ
CHOYZARL	CHOCZERO	target.com	HTTPS://WWW.TARGET.COM/B/CHOCZERO/-/N-Q643LEXWU7H
CHRISLZ	SASSYBYSAVANNAHCHRISLEY	target.com	HTTPS://WWW.TARGET.COM/B/SASSY-BY-SAVANNAH-CHRISLEY/-/N-Q643LEJ5B5R
CHRISTIANARTGIFT	CHRISTIANARTGIFTS	target.com	HTTPS://WWW.TARGET.COM/B/CHRISTIAN-ART-GIFTS/-/N-Q643LEGFL5U
CHRISTIANARTGIFT	CHRISTIANARTGIFTS	target.com	HTTPS://WWW.TARGET.COM/B/CHRISTIAN-ART-GIFTS-INC/-/N-Q643LEPODQX
CHRISTIANARTGIFTS	CHRISTIANARTGIFTS	target.com	HTTPS://WWW.TARGET.COM/B/CHRISTIAN-ART-GIFTS/-/N-Q643LEGFL5U
CHRISTIANARTGIFTS	CHRISTIANARTGIFTS	target.com	HTTPS://WWW.TARGET.COM/B/CHRISTIAN-ART-GIFTS-INC/-/N-Q643LEPODQX
CHRISTIANARTPUBLISHERS	CHRISTIANARTPUBLISHERS	target.com	HTTPS://WWW.TARGET.COM/B/CHRISTIAN-ART-PUBLISHERS/-/N-Q643LETWPHJ
CHRISTIANSIRIANO	CHRISTIANSIRIANO	target.com	HTTPS://WWW.TARGET.COM/B/CHRISTIAN-SIRIANO/-/N-GAN9S
CHRISTIANSIRIANONY	CHRISTIANSIRIANO	target.com	HTTPS://WWW.TARGET.COM/B/CHRISTIAN-SIRIANO/-/N-GAN9S
CHRISTMASCENTRAL	CHRISASCENTRAL	target.com	HTTPS://WWW.TARGET.COM/B/CHRISTMAS-CENTRAL/-/N-HM1G9
CHRISTOPHERKIGHT	CHRISTOPHERKNIGHTHOME	target.com	HTTPS://WWW.TARGET.COM/B/CHRISTOPHER-KNIGHT-HOME/-/N-4YHZT
CHRISTOPHERKNIGHT	CHRISTOPHERKNIGHTHOME	target.com	HTTPS://WWW.TARGET.COM/B/CHRISTOPHER-KNIGHT-HOME/-/N-4YHZT
CHRISTOPHERKNIGHTCOLLECTION	CHRISTOPHERKNIGHTHOME	target.com	HTTPS://WWW.TARGET.COM/B/CHRISTOPHER-KNIGHT-HOME/-/N-4YHZT
CHRISTOPHERKNIGHTHOM	CHRISTOPHERKNIGHTHOME	target.com	HTTPS://WWW.TARGET.COM/B/CHRISTOPHER-KNIGHT-HOME/-/N-4YHZT
CHRISTOPHERKNIGHTHOME	CHRISTOPHERKNIGHTHOME	target.com	HTTPS://WWW.TARGET.COM/B/CHRISTOPHER-KNIGHT-HOME/-/N-4YHZT
CHRISTOPHERKNIGHTHOME296928CKHO	CHRISTOPHERKNIGHTHOME	target.com	HTTPS://WWW.TARGET.COM/B/CHRISTOPHER-KNIGHT-HOME/-/N-4YHZT
CHRISTOPHERKNIGHTHOMESTORE	CHRISTOPHERKNIGHTHOME	target.com	HTTPS://WWW.TARGET.COM/B/CHRISTOPHER-KNIGHT-HOME/-/N-4YHZT
CHRISTOPHERKNIGHTPATIOHOME	CHRISTOPHERKNIGHTHOME	target.com	HTTPS://WWW.TARGET.COM/B/CHRISTOPHER-KNIGHT-HOME/-/N-4YHZT
CHRISTOPHERKNIGHTSHOME	CHRISTOPHERKNIGHTHOME	target.com	HTTPS://WWW.TARGET.COM/B/CHRISTOPHER-KNIGHT-HOME/-/N-4YHZT
CHRISTOPHERNIGHTHOME	CHRISTOPHERKNIGHTHOME	target.com	HTTPS://WWW.TARGET.COM/B/CHRISTOPHER-KNIGHT-HOME/-/N-4YHZT
CHRISTOPHERRADKO	CHRISTOPHERRADKO	target.com	HTTPS://WWW.TARGET.COM/B/CHRISTOPHER-RADKO/-/N-7J1HR
CHRISTPHRKNIGHTHM	CHRISTOPHERKNIGHTHOME	target.com	HTTPS://WWW.TARGET.COM/B/CHRISTOPHER-KNIGHT-HOME/-/N-4YHZT
CHROMACASTLOCATIONB37	CHROMACAST	target.com	HTTPS://WWW.TARGET.COM/B/CHROMACAST/-/N-Q643LEXCVR9
CHROMEX	CHROMEX	target.com	HTTPS://WWW.TARGET.COM/B/CHROMEX/-/N-Q643LEJJCX3
CHRONICLE	CHRONICLEBOOKS	target.com	HTTPS://WWW.TARGET.COM/B/CHRONICLE-BOOKS/-/N-4Y3N4
CHRONICLEBOOKS	CHRONICLEBOOKS	target.com	HTTPS://WWW.TARGET.COM/B/CHRONICLE-BOOKS/-/N-4Y3N4
CHRONICLEPRISM	CHRONICLEPRISM	target.com	HTTPS://WWW.TARGET.COM/B/CHRONICLE-PRISM/-/N-Q643LEZECT9
CHUCHUPUFF	CHUPACHUPS	target.com	HTTPS://WWW.TARGET.COM/B/CHUPA-CHUPS/-/N-TD6EY
CHUCKIT	CHUCKIT	target.com	HTTPS://WWW.TARGET.COM/B/CHUCKIT/-/N-55OPB
CHUCKLEANDROAR	CHUCKLEROAR	target.com	HTTPS://WWW.TARGET.COM/B/CHUCKLE-ROAR/-/N-67CM9
CHUCKLEROAR	CHUCKLEROAR	target.com	HTTPS://WWW.TARGET.COM/B/CHUCKLE-ROAR/-/N-67CM9
CHUM	CHUMS	target.com	HTTPS://WWW.TARGET.COM/B/CHUMS/-/N-V6X9
CHUMS	CHUMS	target.com	HTTPS://WWW.TARGET.COM/B/CHUMS/-/N-V6X9
CIAYS	CIAYS	target.com	HTTPS://WWW.TARGET.COM/B/CIAYS/-/N-Q643LEYGAUO
CICATRICURE	CICATRICURE	target.com	HTTPS://WWW.TARGET.COM/B/CICATRICURE/-/N-55QWH
CIDERMILLPRESS	CIDERMILLPRESS	target.com	HTTPS://WWW.TARGET.COM/B/CIDER-MILL-PRESS/-/N-Q643LEY9797
CIJOKA	JOJOKA	target.com	HTTPS://WWW.TARGET.COM/B/JOJOKA/-/N-Q643LEHGJAS
CILINWEGA	CLINIQUE	target.com	HTTPS://WWW.TARGET.COM/B/CLINIQUE/-/N-Q643LEY1WDS
CINDERELLA	CINDERELLA	target.com	HTTPS://WWW.TARGET.COM/B/8FVJS
CINEDIGM	CINEDIGM	target.com	HTTPS://WWW.TARGET.COM/B/CINEDIGM/-/N-QIB1I
CINNABON	CINNABON	target.com	HTTPS://WWW.TARGET.COM/B/CINNABON/-/N-U68T
CINSA	CINSA	target.com	HTTPS://WWW.TARGET.COM/B/CINSA/-/N-GCIBT
CINTAS	CINTAS	target.com	HTTPS://WWW.TARGET.COM/B/CINTAS/-/N-Q643LE5HGZY
CIRCADIANOPTICS	CIRCADIANOPTICS	target.com	HTTPS://WWW.TARGET.COM/B/CIRCADIAN-OPTICS/-/N-Q643LEEBQXB
CIRCLESHOME	CIRCLESHOME	target.com	HTTPS://WWW.TARGET.COM/B/CIRCLES-HOME/-/N-Q643LEOJ1V8
CIRCUL	CIRKUL	target.com	HTTPS://WWW.TARGET.COM/B/CIRKUL/-/N-Q643LEKEX3V
CIRKUL	CIRKUL	target.com	HTTPS://WWW.TARGET.COM/B/CIRKUL/-/N-Q643LEKEX3V
CIRLIFE	FAIRLIFE	target.com	HTTPS://WWW.TARGET.COM/B/FAIRLIFE/-/N-2PIUY
CIROC	CIROC	target.com	HTTPS://WWW.TARGET.COM/B/CIROC/-/N-B8T8Y
CISTWAY	COSTWAY	target.com	HTTPS://WWW.TARGET.COM/B/COSTWAY/-/N-Q643LEFE4E4
CITADELPRESS	CITADELPRESS	target.com	HTTPS://WWW.TARGET.COM/B/CITADEL-PRESS/-/N-Q643LEJGF7W
CITRUCEL	CITRUCEL	target.com	HTTPS://WWW.TARGET.COM/B/CITRUCEL/-/N-5D6QH
CITRUSMAGIC	CITRUSMAGIC	target.com	HTTPS://WWW.TARGET.COM/B/CITRUS-MAGIC/-/N-55UFF
CITYCHIC	CITYCHIC	target.com	HTTPS://WWW.TARGET.COM/B/CITY-CHIC/-/N-Q643LEKB0F4
CITYGLIDE	CITYGLIDE	target.com	HTTPS://WWW.TARGET.COM/B/CITYGLIDE/-/N-Q643LEC0I17
CITYTHREADS	CITYTHREADS	target.com	HTTPS://WWW.TARGET.COM/B/CITY-THREADS/-/N-Q643LET9PW8
CIZOACKLE	CALICOCRITTERS	target.com	HTTPS://WWW.TARGET.COM/B/CALICO-CRITTERS/-/N-5QGG0
CLAASICO	CLAASICO	target.com	HTTPS://WWW.TARGET.COM/B/CLAASICO/-/N-Q643LEHCDNI
CLABBERGIRL	CLABBERGIRL	target.com	HTTPS://WWW.TARGET.COM/B/CLABBER-GIRL/-/N-NOD61
CLAEYS	CLAEYSCANDY	target.com	HTTPS://WWW.TARGET.COM/B/CLAEYS-CANDY/-/N-Q643LEXM10C
CLAIROLNATURALINSTINCTS	NATURALINSTINCTS	target.com	HTTPS://WWW.TARGET.COM/B/NATURAL-INSTINCTS/-/N-56HMH
CLAMOUTDOORS	CLAMOUTDOORS	target.com	HTTPS://WWW.TARGET.COM/B/CLAM-OUTDOORS/-/N-DMC6
CLARINS	CLARINS	target.com	HTTPS://WWW.TARGET.COM/B/CLARINS/-/N-Q643LEE49WQ
CLARIONBOOKS	CLARIONBOOKS	target.com	HTTPS://WWW.TARGET.COM/B/CLARION-BOOKS/-/N-Q643LE1QWGN
CLARIRIN	CLARITIN	target.com	HTTPS://WWW.TARGET.COM/B/CLARITIN/-/N-5D6HC
CLARITAN	CLARITIN	target.com	HTTPS://WWW.TARGET.COM/B/CLARITIN/-/N-5D6HC
CLARITIN	CLARITIN	target.com	HTTPS://WWW.TARGET.COM/B/CLARITIN/-/N-5D6HC
CLARITYRX	CLARITYRX	target.com	HTTPS://WWW.TARGET.COM/B/CLARITYRX/-/N-Q643LEUS623
CLARKSONPOTTER	CLARKSONPOTTERPUBLISHERS	target.com	HTTPS://WWW.TARGET.COM/B/CLARKSON-POTTER-PUBLISHERS/-/N-Q643LE4AQ47
CLASSICACCESSORIES	CLASSICACCESSORIES	target.com	HTTPS://WWW.TARGET.COM/B/CLASSIC-ACCESSORIES/-/N-5WQ7P
CLASSICCUISINE	CLASSICCUISINE	target.com	HTTPS://WWW.TARGET.COM/B/CLASSIC-CUISINE/-/N-Q643LE1KMFI
CLASSICCUISINECLB7C	CLASSICCUISINE	target.com	HTTPS://WWW.TARGET.COM/B/CLASSIC-CUISINE/-/N-Q643LE1KMFI
CLASSICHOMEANDGARDEN	CLASSICHOMEANDGARDEN	target.com	HTTPS://WWW.TARGET.COM/B/CLASSIC-HOME-AND-GARDEN/-/N-Q643LE8ME8U
CLASSICO	CLASSICO	target.com	HTTPS://WWW.TARGET.COM/B/CLASSICO/-/N-5605O
CLASSICTOUCH	CLASSICTOUCH	target.com	HTTPS://WWW.TARGET.COM/B/CLASSIC-TOUCH/-/N-Q643LE5TNVO
CLASSICTOUCHDECOR	CLASSICTOUCH	target.com	HTTPS://WWW.TARGET.COM/B/CLASSIC-TOUCH/-/N-Q643LE5TNVO
CLASSROOMKEEPERS	CLASSROOMKEEPERS	target.com	HTTPS://WWW.TARGET.COM/B/CLASSROOM-KEEPERS/-/N-VBFFI
CLASSROONKEEPERS	CLASSROOMKEEPERS	target.com	HTTPS://WWW.TARGET.COM/B/CLASSROOM-KEEPERS/-/N-VBFFI
CLEANANDCLEAR	CLEANCLEAR	target.com	HTTPS://WWW.TARGET.COM/B/CLEAN-CLEAR/-/N-5T3FG
CLEANCAUSE	CLEANCAUSE	target.com	HTTPS://WWW.TARGET.COM/B/CLEAN-CAUSE/-/N-XT2VX
CLEANCLEAR	CLEANCLEAR	target.com	HTTPS://WWW.TARGET.COM/B/CLEAN-CLEAR/-/N-5T3FG
CLEANCLUE	CLEANCULT	target.com	HTTPS://WWW.TARGET.COM/B/CLEANCULT/-/N-Q643LED9B0A
CLEANCULT	CLEANCULT	target.com	HTTPS://WWW.TARGET.COM/B/CLEANCULT/-/N-Q643LED9B0A
CLEANERLY	CLEARLYCANADIAN	target.com	HTTPS://WWW.TARGET.COM/B/CLEARLY-CANADIAN/-/N-Q643LEBLSKL
CLEANLOGIC	CLEANLOGIC	target.com	HTTPS://WWW.TARGET.COM/B/CLEANLOGIC/-/N-Q643LETETZC
CLEANSKINCLUB	CLEANSKINCLUB	target.com	HTTPS://WWW.TARGET.COM/B/CLEAN-SKIN-CLUB/-/N-Q643LEL7PH8
CLEANSPACES	CLEANSPACES	target.com	HTTPS://WWW.TARGET.COM/B/CLEAN-SPACES/-/N-Q643LELVQW8
CLEARBLUE	CLEARBLUE	target.com	HTTPS://WWW.TARGET.COM/B/CLEARBLUE/-/N-5FW9U
CLEARBLUECLEARBLUE	CLEARBLUE	target.com	HTTPS://WWW.TARGET.COM/B/CLEARBLUE/-/N-5FW9U
CLEARCARE	CLEARCARE	target.com	HTTPS://WWW.TARGET.COM/B/CLEAR-CARE/-/N-55JTP
CLEARDROP	CLEARDROP	target.com	HTTPS://WWW.TARGET.COM/B/CLEAR-DROP/-/N-Q643LEYAIIS
CLEAREYES	CLEAREYES	target.com	HTTPS://WWW.TARGET.COM/B/CLEAR-EYES/-/N-4YMVH
CLEARLOVE	CLEARLOVE	target.com	HTTPS://WWW.TARGET.COM/B/CLEARLOVE/-/N-Q643LEMWM48
CLEARLYCANADIAN	CLEARLYCANADIAN	target.com	HTTPS://WWW.TARGET.COM/B/CLEARLY-CANADIAN/-/N-Q643LEBLSKL
CLEARLYHERBAL	HERBALCLEARNATURALLY	target.com	HTTPS://WWW.TARGET.COM/B/HERBAL-CLEAR-NATURALLY/-/N-Q643LEFXT3
CLEARLYNATURAL	CLEARLYNATURAL	target.com	HTTPS://WWW.TARGET.COM/B/CLEARLY-NATURAL/-/N-Q643LEPFRFK
CLEFAUDIOLABS	CLEFAUDIOLABS	target.com	HTTPS://WWW.TARGET.COM/B/CLEF-AUDIO-LABS/-/N-Q643LES8G5U
CLEMENTINEKIDS	CLEMENTINEKIDS	target.com	HTTPS://WWW.TARGET.COM/B/CLEMENTINE-KIDS/-/N-Q643LE3OTTF
CLEO	CLEOCOCO	target.com	HTTPS://WWW.TARGET.COM/B/CLEO-COCO/-/N-Q643LE71H6P
CLEVAST	CLEVAST	target.com	HTTPS://WWW.TARGET.COM/B/CLEVAST/-/N-Q643LEGGX9Y
CLEVERBRAND	CLEVRBLENDS	target.com	HTTPS://WWW.TARGET.COM/B/CLEVR-BLENDS/-/N-Q643LEXVXJR
CLEVERIDIOTS	CLEVERIDIOTS	target.com	HTTPS://WWW.TARGET.COM/B/CLEVER-IDIOTS-INC/-/N-Q643LEJAHCE
CLEVERMADE	CLEVERMADE	target.com	HTTPS://WWW.TARGET.COM/B/CLEVERMADE/-/N-UARAO
CLEVERNADE	CLEVERMADE	target.com	HTTPS://WWW.TARGET.COM/B/CLEVERMADE/-/N-UARAO
CLEVERPUBLISHING	CLEVERPUBLISHING	target.com	HTTPS://WWW.TARGET.COM/B/CLEVER-PUBLISHING/-/N-Q643LE9RTZD
CLEVR	CLEVRBLENDS	target.com	HTTPS://WWW.TARGET.COM/B/CLEVR-BLENDS/-/N-Q643LEXVXJR
CLEVRPLUS	CLEVRPLUS	target.com	HTTPS://WWW.TARGET.COM/B/CLEVRPLUS/-/N-Q643LEW3QK8
CLICKCLACK	CLICKCLACK	target.com	HTTPS://WWW.TARGET.COM/B/CLICK-CLACK/-/N-Q643LE9W0KS
CLICKDCOR	CLICKDECOR	target.com	HTTPS://WWW.TARGET.COM/B/CLICKDECOR/-/N-NX14D
CLICKDECOR	CLICKDECOR	target.com	HTTPS://WWW.TARGET.COM/B/CLICKDECOR/-/N-NX14D
CLICKGROW	CLICKANDGROW	target.com	HTTPS://WWW.TARGET.COM/B/CLICK-AND-GROW/-/N-UPTZ3
CLIF	CLIFBAR	target.com	HTTPS://WWW.TARGET.COM/B/CLIF-BAR/-/N-4TG8T
CLIFBAR	CLIFBAR	target.com	HTTPS://WWW.TARGET.COM/B/CLIF-BAR/-/N-4TG8T
CLIFBARANDCOMPANY	CLIFBAR	target.com	HTTPS://WWW.TARGET.COM/B/CLIF-BAR/-/N-4TG8T
CLIFBARCOMPANY	CLIFBAR	target.com	HTTPS://WWW.TARGET.COM/B/CLIF-BAR/-/N-4TG8T
CLIFBARS	CLIFBAR	target.com	HTTPS://WWW.TARGET.COM/B/CLIF-BAR/-/N-4TG8T
CLIFBUILDERS	CLIFBUILDERS	target.com	HTTPS://WWW.TARGET.COM/B/CLIF-BUILDER-S/-/N-Q643LE768HG
CLIFKIDZBAR	CLIFBAR	target.com	HTTPS://WWW.TARGET.COM/B/CLIF-BAR/-/N-4TG8T
CLIFZBAR	CLIFBAR	target.com	HTTPS://WWW.TARGET.COM/B/CLIF-BAR/-/N-4TG8T
CLIGANIC	CLIGANIC	target.com	HTTPS://WWW.TARGET.COM/B/CLIGANIC/-/N-Q643LEQB4M1
CLIHOME	CLIHOME	target.com	HTTPS://WWW.TARGET.COM/B/CLIHOME/-/N-Q643LE8AZ7V
CLIMAPLEX	CLIMAPLEX	target.com	HTTPS://WWW.TARGET.COM/B/CLIMAPLEX/-/N-Q643LEP8XS4
CLIMATEX	CLIMATEX	target.com	HTTPS://WWW.TARGET.COM/B/CLIMATEX/-/N-EH6Z6
CLINGERS	CLINGERS	target.com	HTTPS://WWW.TARGET.COM/B/CLINGERS/-/N-Q643LEHF8EK
CLINGSTRAPS	CLING	target.com	HTTPS://WWW.TARGET.COM/B/CLING/-/N-Q643LE1BL0B
CLINIANS	CLINIQUE	target.com	HTTPS://WWW.TARGET.COM/B/CLINIQUE/-/N-Q643LEY1WDS
CLINIC	CLINIQUE	target.com	HTTPS://WWW.TARGET.COM/B/CLINIQUE/-/N-Q643LEY1WDS
CLINIQUE	CLINIQUE	target.com	HTTPS://WWW.TARGET.COM/B/CLINIQUE/-/N-Q643LEY1WDS
CLINIX	CLINIQUE	target.com	HTTPS://WWW.TARGET.COM/B/CLINIQUE/-/N-Q643LEY1WDS
CLINV	CLINIQUE	target.com	HTTPS://WWW.TARGET.COM/B/CLINIQUE/-/N-Q643LEY1WDS
CLITENK	CLINIQUE	target.com	HTTPS://WWW.TARGET.COM/B/CLINIQUE/-/N-Q643LEY1WDS
CLN	CLN	target.com	HTTPS://WWW.TARGET.COM/B/CLN/-/N-Q643LEXUIJT
CLOROX	CLOROX	target.com	HTTPS://WWW.TARGET.COM/B/CLOROX/-/N-5SCSN
CLOROX2	CLOROX2	target.com	HTTPS://WWW.TARGET.COM/B/CLOROX-2/-/N-55TFG
CLOROXCO	CLOROX	target.com	HTTPS://WWW.TARGET.COM/B/CLOROX/-/N-5SCSN
CLOROXCOMPANYTHE	CLOROX	target.com	HTTPS://WWW.TARGET.COM/B/CLOROX/-/N-5SCSN
CLOROXFRESH	CLOROX	target.com	HTTPS://WWW.TARGET.COM/B/CLOROX/-/N-5SCSN
CLOROXSALESCO	CLOROX	target.com	HTTPS://WWW.TARGET.COM/B/CLOROX/-/N-5SCSN
CLOROXSALESCOBRITADIV	CLOROX	target.com	HTTPS://WWW.TARGET.COM/B/CLOROX/-/N-5SCSN
CLOSERMAID	CLOSEAID	target.com	HTTPS://WWW.TARGET.COM/B/CLOSETMAID/-/N-5VKQ7
CLOSESTMAID	CLOSEAID	target.com	HTTPS://WWW.TARGET.COM/B/CLOSETMAID/-/N-5VKQ7
CLOSETMADE	CLOSEAID	target.com	HTTPS://WWW.TARGET.COM/B/CLOSETMAID/-/N-5VKQ7
CLOSETMAID	CLOSETMAID	target.com	HTTPS://WWW.TARGET.COM/B/CLOSETMAID/-/N-5VKQ7
CLOSETMAID1315RECTANGULARWOODCOF	CLOSEAID	target.com	HTTPS://WWW.TARGET.COM/B/CLOSETMAID/-/N-5VKQ7
CLOSETMAIDCORPDIVOFEMERSON	CLOSEAID	target.com	HTTPS://WWW.TARGET.COM/B/CLOSETMAID/-/N-5VKQ7
CLOSETMAIDSTORE	CLOSEAID	target.com	HTTPS://WWW.TARGET.COM/B/CLOSETMAID/-/N-5VKQ7
CLOUDCO	CLOUDCO	target.com	HTTPS://WWW.TARGET.COM/B/CLOUDCO/-/N-Q643LE6YB3L
CLOUDISLAND	CLOUDISLAND	target.com	HTTPS://WWW.TARGET.COM/B/CLOUD-ISLAND/-/N-9NE7Y
CLOUDNINESHEEPSKIN	CLOUDNINESHEEPSKIN	target.com	HTTPS://WWW.TARGET.COM/B/CLOUD-NINE-SHEEPSKIN/-/N-Q643LE59GF5
CLOUDSTYLE	CLOUDSTYLE	target.com	HTTPS://WWW.TARGET.COM/B/CLOUDSTYLE/-/N-Q643LEV44UQ
CLOVERCAT	CLOVERCAT	target.com	HTTPS://WWW.TARGET.COM/B/CLOVERCAT/-/N-Q643LE1IT5Z
CLUBCLEAN	CLEANSKINCLUB	target.com	HTTPS://WWW.TARGET.COM/B/CLEAN-SKIN-CLUB/-/N-Q643LEL7PH8
CLUBMOCCHIMOCCHI	CLUBMOCCHIMOCCHI	target.com	HTTPS://WWW.TARGET.COM/B/CLUB-MOCCHI/-/N-Q643LE5LG2W
CLUE	CLUE	target.com	HTTPS://WWW.TARGET.COM/B/CLUE/-/N-5D7UO
CLUTCHNAILS	CLUTCHNAILS	target.com	HTTPS://WWW.TARGET.COM/B/CLUTCH-NAILS/-/N-C6KSA
CLVINKLIN	CALVINKLEIN	target.com	HTTPS://WWW.TARGET.COM/B/CALVIN-KLEIN/-/N-5UVOV
CLYDEBANKMEDIA	CLYDEBANKMEDIA	target.com	HTTPS://WWW.TARGET.COM/B/CLYDEBANK-MEDIA-LLC/-/N-Q643LEV65OK
CNYIYECI	KINNIKINNICK	target.com	HTTPS://WWW.TARGET.COM/B/KINNIKINNICK/-/N-Q643LE4E1KJ
COACH	COACH	target.com	HTTPS://WWW.TARGET.COM/B/COACH/-/N-Q643LEZF5NF
COACHEF	COACH	target.com	HTTPS://WWW.TARGET.COM/B/COACH/-/N-Q643LEZF5NF
COAHOLA	COCACOLA	target.com	HTTPS://WWW.TARGET.COM/B/COCA-COLA/-/N-5S793
COASTCUTLERY	COASTCUTLERY	target.com	HTTPS://WWW.TARGET.COM/B/COAST-CUTLERY/-/N-978KV
COASTERSTONE	COASTERSTONE	target.com	HTTPS://WWW.TARGET.COM/B/COASTERSTONE/-/N-Q643LEK1TKK
COASTOFMAINE	COASTOFMAINE	target.com	HTTPS://WWW.TARGET.COM/B/COAST-OF-MAINE/-/N-Q643LEQW1XJ
COASTPRODUCTS	COASTPRODUCTS	target.com	HTTPS://WWW.TARGET.COM/B/COAST-PRODUCTS/-/N-Q643LEEX5VD
COASTWAY	COSTWAY	target.com	HTTPS://WWW.TARGET.COM/B/COSTWAY/-/N-Q643LEFE4E4
COATSCLARK	COATSCLARK	target.com	HTTPS://WWW.TARGET.COM/B/COATS-CLARK/-/N-Q643LE9Q94P
COBITOYS	COBI	target.com	HTTPS://WWW.TARGET.COM/B/COBI/-/N-B4HTH
COBRAMESTATE	COBRAMESTATE	target.com	HTTPS://WWW.TARGET.COM/B/COBRAM-ESTATE/-/N-AN7II
COBRAMESTATES	COBRAMESTATE	target.com	HTTPS://WWW.TARGET.COM/B/COBRAM-ESTATE/-/N-AN7II
COCACOLA	COCACOLA	target.com	HTTPS://WWW.TARGET.COM/B/COCA-COLA/-/N-5S793
COCACOLACO	COCACOLA	target.com	HTTPS://WWW.TARGET.COM/B/COCA-COLA/-/N-5S793
COCACOLAUSA	COCACOLA	target.com	HTTPS://WWW.TARGET.COM/B/COCA-COLA/-/N-5S793
COCACOLAZERO	COCACOLAZERO	target.com	HTTPS://WWW.TARGET.COM/B/COCA-COLA-ZERO/-/N-YHN4H
COCALO	COCACOLA	target.com	HTTPS://WWW.TARGET.COM/B/COCA-COLA/-/N-5S793
COCO5	COCO5	target.com	HTTPS://WWW.TARGET.COM/B/COCO5/-/N-Q643LEUMHKR
COCOALA	COCACOLA	target.com	HTTPS://WWW.TARGET.COM/B/COCA-COLA/-/N-5S793
COCOAPUFFS	COCOAPUFFS	target.com	HTTPS://WWW.TARGET.COM/B/COCOA-PUFFS/-/N-56FCG
COCOCARE	COCOCARE	target.com	HTTPS://WWW.TARGET.COM/B/COCOCARE/-/N-Q643LE25DFS
COCOCARMEN	COCOCARMEN	target.com	HTTPS://WWW.TARGET.COM/B/COCO-CARMEN/-/N-Q643LE9NLZZ
COCOEVE	COCOEVE	target.com	HTTPS://WWW.TARGET.COM/B/COCO-EVE/-/N-Q643LE5F4LN
COCOKIND	COCOKIND	target.com	HTTPS://WWW.TARGET.COM/B/COCOKIND/-/N-OB4DR
COCOLIMON	COCOMELON	target.com	HTTPS://WWW.TARGET.COM/B/COCOMELON/-/N-Q643LEOFOZ6
COCOMELON	COCOMELON	target.com	HTTPS://WWW.TARGET.COM/B/COCOMELON/-/N-Q643LEOFOZ6
COCOMELS	COCOMELS	target.com	HTTPS://WWW.TARGET.COM/B/COCOMELS/-/N-Q643LECG2NE
COCONUTFLOAT	COCONUTFLOAT	target.com	HTTPS://WWW.TARGET.COM/B/COCONUT-FLOAT/-/N-Q643LESJT5F
COCOWIND	COCOKIND	target.com	HTTPS://WWW.TARGET.COM/B/COCOKIND/-/N-OB4DR
CODEAGE	CODEAGE	target.com	HTTPS://WWW.TARGET.COM/B/CODEAGE/-/N-Q643LEKTY03
CODYFOSTERCO	CODYFOSTER	target.com	HTTPS://WWW.TARGET.COM/B/CODY-FOSTER/-/N-GBVFT
COFFEEBEANTEALEAF	THECOFFEEBEANTEALEAF	target.com	HTTPS://WWW.TARGET.COM/B/THE-COFFEE-BEAN-TEA-LEAF/-/N-Q2SVC
COFFEEMATE	COFFEEMATE	target.com	HTTPS://WWW.TARGET.COM/B/COFFEE-MATE/-/N-QWNW2
COFFINCASE	COFFINCASE	target.com	HTTPS://WWW.TARGET.COM/B/COFFIN-CASE/-/N-LBFLI
COFFINCASES	COFFINCASE	target.com	HTTPS://WWW.TARGET.COM/B/COFFIN-CASE/-/N-LBFLI
COFLEX	COFLEX	target.com	HTTPS://WWW.TARGET.COM/B/COFLEX/-/N-Q643LEUNTHG
COGHLANS	COGHLANS	target.com	HTTPS://WWW.TARGET.COM/B/COGHLAN-S/-/N-Q643LEBOJZ8
COGHLAS	COGHLANS	target.com	HTTPS://WWW.TARGET.COM/B/COGHLAN-S/-/N-Q643LEBOJZ8
COGNELLAACADEMICPUBLISHING	COGNELLAACADEMICPUBLISHING	target.com	HTTPS://WWW.TARGET.COM/B/COGNELLA-ACADEMIC-PUBLISHING/-/N-Q643LEDQQZO
COGOOD	COOPHOMEGOODS	target.com	HTTPS://WWW.TARGET.COM/B/COOP-HOME-GOODS/-/N-Q643LE74FX2
COHOMA	COMHOMA	target.com	HTTPS://WWW.TARGET.COM/B/COMHOMA/-/N-Q643LE6EUL6
COHOOHOME	COOPHOMEGOODS	target.com	HTTPS://WWW.TARGET.COM/B/COOP-HOME-GOODS/-/N-Q643LE74FX2
COHOOP	COOPHOMEGOODS	target.com	HTTPS://WWW.TARGET.COM/B/COOP-HOME-GOODS/-/N-Q643LE74FX2
COK	COCACOLA	target.com	HTTPS://WWW.TARGET.COM/B/COCA-COLA/-/N-5S793
COKACO	COCACOLA	target.com	HTTPS://WWW.TARGET.COM/B/COCA-COLA/-/N-5S793
COKECOLA	COCACOLA	target.com	HTTPS://WWW.TARGET.COM/B/COCA-COLA/-/N-5S793
COKEKORA	COCACOLA	target.com	HTTPS://WWW.TARGET.COM/B/COCA-COLA/-/N-5S793
COKEM	COKEM	target.com	HTTPS://WWW.TARGET.COM/B/COKEM/-/N-OWB39
COKEZERO	COCACOLAZERO	target.com	HTTPS://WWW.TARGET.COM/B/COCA-COLA-ZERO/-/N-YHN4H
COLAB	COLAB	target.com	HTTPS://WWW.TARGET.COM/B/COLAB/-/N-2MTL4
COLAMY	COLAMY	target.com	HTTPS://WWW.TARGET.COM/B/COLAMY/-/N-Q643LE1CV7
COLDCALM	BOIRONCOLDCALM	target.com	HTTPS://WWW.TARGET.COM/B/BOIRON-COLDCALM/-/N-Q643LEK08G1
COLDEEZE	COLDEEZE	target.com	HTTPS://WWW.TARGET.COM/B/COLD-EEZE/-/N-4YKP5
COLDSTONECREAMERY	COLDSTONECREAMERY	target.com	HTTPS://WWW.TARGET.COM/B/COLD-STONE-CREAMERY/-/N-2OUGQ
COLEANDMASON	COLEMASON	target.com	HTTPS://WWW.TARGET.COM/B/COLE-MASON/-/N-4XO4R
COLEMANPRODUCT	COLEMAN	target.com	HTTPS://WWW.TARGET.COM/B/COLEMAN/-/N-5XWY5
COLEMANS	COLEMAN	target.com	HTTPS://WWW.TARGET.COM/B/COLEMAN/-/N-5XWY5
COLEMANSTORE	COLEMAN	target.com	HTTPS://WWW.TARGET.COM/B/COLEMAN/-/N-5XWY5
COLEMASON	COLEMASON	target.com	HTTPS://WWW.TARGET.COM/B/COLE-MASON/-/N-4XO4R
COLGATES	COLGATE	target.com	HTTPS://WWW.TARGET.COM/B/COLGATE/-/N-5TCPV
COLICCALM	COLICCALM	target.com	HTTPS://WWW.TARGET.COM/B/COLIC-CALM/-/N-3QO8N
COLJOY	COLAMY	target.com	HTTPS://WWW.TARGET.COM/B/COLAMY/-/N-Q643LE1CV7
COLLECTABLESIGNANDCLOCK	COLLECTABLESIGNCLOCK	target.com	HTTPS://WWW.TARGET.COM/B/COLLECTABLE-SIGN-CLOCK/-/N-Q643LER11RI
COLLECTBEAUTY	ULTABEAUTYCOLLECTION	target.com	HTTPS://WWW.TARGET.COM/B/ULTA-BEAUTY-COLLECTION/-/N-Q643LE97DQ4
COLLECTIONSETC	COLLECTIONSETC	target.com	HTTPS://WWW.TARGET.COM/B/COLLECTIONS-ETC/-/N-Q643LEV6OXZ
COLONIALBAG	COLONIALBAG	target.com	HTTPS://WWW.TARGET.COM/B/COLONIAL-BAG/-/N-Q643LE9WCF2
COLONIALMILLS	COLONIALMILLS	target.com	HTTPS://WWW.TARGET.COM/B/COLONIAL-MILLS/-/N-1F2XK
COLONIALNEEDLE	COLONIALNEEDLE	target.com	HTTPS://WWW.TARGET.COM/B/COLONIAL-NEEDLE/-/N-KCXJ5
COLORA	COLORA	target.com	HTTPS://WWW.TARGET.COM/B/COLORA/-/N-Q643LE3BUH0
COLORA	LACOLORS	target.com	HTTPS://WWW.TARGET.COM/B/L-A-COLORS/-/N-Q643LE8UJTZ
COLORBOK	COLORBOK	target.com	HTTPS://WWW.TARGET.COM/B/COLORBOK/-/N-VMIAD
COLOREDORGANICS	COLOREDORGANICS	target.com	HTTPS://WWW.TARGET.COM/B/COLORED-ORGANICS/-/N-Q643LEI29U2
COLORENE	COLORESCIENCE	target.com	HTTPS://WWW.TARGET.COM/B/COLORESCIENCE/-/N-Q643LEEM953
COLORESCIENCE	COLORESCIENCE	target.com	HTTPS://WWW.TARGET.COM/B/COLORESCIENCE/-/N-Q643LEEM953
COLORESCIENCER	COLORESCIENCE	target.com	HTTPS://WWW.TARGET.COM/B/COLORESCIENCE/-/N-Q643LEEM953
COLOREV	COLORESCIENCE	target.com	HTTPS://WWW.TARGET.COM/B/COLORESCIENCE/-/N-Q643LEEM953
COLORFORMS	COLORFORMS	target.com	HTTPS://WWW.TARGET.COM/B/COLORFORMS/-/N-LZUJ
COLORMECOURTNEY	COLORMECOURTNEY	target.com	HTTPS://WWW.TARGET.COM/B/COLOR-ME-COURTNEY/-/N-Q643LETRR8K
COLOROOPS	COLOROOPS	target.com	HTTPS://WWW.TARGET.COM/B/COLOR-OOPS/-/N-55TF1
COLORUSCHINA	COLORESCIENCE	target.com	HTTPS://WWW.TARGET.COM/B/COLORESCIENCE/-/N-Q643LEEM953
COLORYTRADICIN	COLORESCIENCE	target.com	HTTPS://WWW.TARGET.COM/B/COLORESCIENCE/-/N-Q643LEEM953
COLOURBLOCK	COLOURBLOCK	target.com	HTTPS://WWW.TARGET.COM/B/COLOUR-BLOCK/-/N-Q643LEVSMME
COLOURMILL	COLOURMILL	target.com	HTTPS://WWW.TARGET.COM/B/COLOUR-MILL/-/N-Q643LEUTLZA
COLSIE	COLSIE	target.com	HTTPS://WWW.TARGET.COM/B/COLSIE/-/N-GK29M
COLUGO	COLUGO	target.com	HTTPS://WWW.TARGET.COM/B/COLUGO/-/N-Q643LEBWX3B
COMBAT	COMBAT	target.com	HTTPS://WWW.TARGET.COM/B/COMBAT/-/N-JEFU1
COMEHAPPY	HAPPY	target.com	HTTPS://WWW.TARGET.COM/B/HAPPY/-/N-Q643LEFS0B6
COMEWONKA	WONKA	target.com	HTTPS://WWW.TARGET.COM/B/WONKA/-/N-560IL
COMFEE	COMFEE	target.com	HTTPS://WWW.TARGET.COM/B/COMFEE/-/N-Q643LE7W14N
COMFEEP	COMFEE	target.com	HTTPS://WWW.TARGET.COM/B/COMFEE/-/N-Q643LE7W14N
COMFEES	COMFEES	target.com	HTTPS://WWW.TARGET.COM/B/COMFEES/-/N-Q643LESHUPN
COMFEETIE	COMFEES	target.com	HTTPS://WWW.TARGET.COM/B/COMFEES/-/N-Q643LESHUPN
COMFEEZY	COMFEE	target.com	HTTPS://WWW.TARGET.COM/B/COMFEE/-/N-Q643LE7W14N
COMFEZ	COMFEZ	target.com	HTTPS://WWW.TARGET.COM/B/COMFEZ/-/N-Q643LEBSGWU
COMFIBABY	COMFYCUBS	target.com	HTTPS://WWW.TARGET.COM/B/COMFY-CUBS/-/N-Q643LEPPMPU
COMFORANCE	COMFOR	target.com	HTTPS://WWW.TARGET.COM/B/COMFOR/-/N-Q643LE70L9G
COMFORFEEL	COMFOR	target.com	HTTPS://WWW.TARGET.COM/B/COMFOR/-/N-Q643LE70L9G
COMFORING	COMFOR	target.com	HTTPS://WWW.TARGET.COM/B/COMFOR/-/N-Q643LE70L9G
COMFORTBYCONFORMAX	COMFORTCOMPANY	target.com	HTTPS://WWW.TARGET.COM/B/COMFORT-COMPANY/-/N-Q643LEI2BB8
COMFORTCHOICE	COMFORTCHOICE	target.com	HTTPS://WWW.TARGET.COM/B/COMFORT-CHOICE/-/N-Q643LEH1BW
COMFORTFIRM	COMFORTCOMPANY	target.com	HTTPS://WWW.TARGET.COM/B/COMFORT-COMPANY/-/N-Q643LEI2BB8
COMFORTINTHEUSA	COMFORTCOMPANY	target.com	HTTPS://WWW.TARGET.COM/B/COMFORT-COMPANY/-/N-Q643LEI2BB8
COMFORTION	COMFORTCOMPANY	target.com	HTTPS://WWW.TARGET.COM/B/COMFORT-COMPANY/-/N-Q643LEI2BB8
COMFORTME	COMFORTCOMPANY	target.com	HTTPS://WWW.TARGET.COM/B/COMFORT-COMPANY/-/N-Q643LEI2BB8
COMFORTNESS	COMFORTCOMPANY	target.com	HTTPS://WWW.TARGET.COM/B/COMFORT-COMPANY/-/N-Q643LEI2BB8
COMFORTOPIA	COMFORTCOMPANY	target.com	HTTPS://WWW.TARGET.COM/B/COMFORT-COMPANY/-/N-Q643LEI2BB8
COMFORTPOINTE	COMFORTPOINTE	target.com	HTTPS://WWW.TARGET.COM/B/COMFORT-POINTE/-/N-E2EMA
COMFORTUSA	COMFORTCOMPANY	target.com	HTTPS://WWW.TARGET.COM/B/COMFORT-COMPANY/-/N-Q643LEI2BB8
COMFORTVIEW	COMFORTVIEW	target.com	HTTPS://WWW.TARGET.COM/B/COMFORTVIEW/-/N-Q643LEUWG2A
COMFYBUMPY	COMFYBUMPY	target.com	HTTPS://WWW.TARGET.COM/B/COMFYBUMPY/-/N-Q643LEQPOK
COMFYCUBS	COMFYCUBS	target.com	HTTPS://WWW.TARGET.COM/B/COMFY-CUBS/-/N-Q643LEPPMPU
COMFYDOWN	COMFYDOWN	target.com	HTTPS://WWW.TARGET.COM/B/COMFYDOWN/-/N-Q643LES09C
COMFYFLOATS	COMFYFLOATS	target.com	HTTPS://WWW.TARGET.COM/B/COMFY-FLOATS/-/N-Q643LEP86FX
COMHOMA	COMHOMA	target.com	HTTPS://WWW.TARGET.COM/B/COMHOMA/-/N-Q643LE6EUL6
COMMANDCOMMAND	COMMAND	target.com	HTTPS://WWW.TARGET.COM/B/COMMAND/-/N-4YK5P
COMMANDPETPRODUCTS	COMMANDPETPRODUCTS	target.com	HTTPS://WWW.TARGET.COM/B/COMMAND-PET-PRODUCTS/-/N-Q643LEUA38S
COMMERCIALCARE	COMMERCIALCARE	target.com	HTTPS://WWW.TARGET.COM/B/COMMERCIAL-CARE/-/N-Q643LERI2BD
COMMERCIALCHEF	COMMERCIALCHEF	target.com	HTTPS://WWW.TARGET.COM/B/COMMERCIAL-CHEF/-/N-QR7CM
COMMERCIALSEATINGPRODUCTS	COMMERCIALSEATINGPRODUCTS	target.com	HTTPS://WWW.TARGET.COM/B/COMMERCIAL-SEATING-PRODUCTS/-/N-Q643LEOT8HS
COMMERICALCHEF	COMMERCIALCHEF	target.com	HTTPS://WWW.TARGET.COM/B/COMMERCIAL-CHEF/-/N-QR7CM
COMMERICALSEATINGPRODUCTS	COMMERCIALSEATINGPRODUCTS	target.com	HTTPS://WWW.TARGET.COM/B/COMMERCIAL-SEATING-PRODUCTS/-/N-Q643LEOT8HS
COMMONWEALTHHOMEFASHIONS	COMMONWEALTHHOMEFASHIONS	target.com	HTTPS://WWW.TARGET.COM/B/COMMONWEALTH-HOME-FASHIONS/-/N-Q643LE98WLO
COMMUNITYCOFFEE	COMMUNITYCOFFEE	target.com	HTTPS://WWW.TARGET.COM/B/COMMUNITY-COFFEE/-/N-56CIN
COMMUNITYCOFFEECOMPANY	COMMUNITYCOFFEE	target.com	HTTPS://WWW.TARGET.COM/B/COMMUNITY-COFFEE/-/N-56CIN
COMPASSPOINTBOOKS	COMPASSPOINTBOOKS	target.com	HTTPS://WWW.TARGET.COM/B/COMPASS-POINT-BOOKS/-/N-Q643LEB638R
COMPLETEHOME	HOMECOMPLETE	target.com	HTTPS://WWW.TARGET.COM/B/HOME-COMPLETE/-/N-Q643LE8WUDG
COMPLETELYBARE	COMPLETELYBARE	target.com	HTTPS://WWW.TARGET.COM/B/COMPLETELY-BARE/-/N-55KSK
COMPLETENATURALPRODUCTS	COMPLETENATURALPRODUCTS	target.com	HTTPS://WWW.TARGET.COM/B/COMPLETE-NATURAL-PRODUCTS/-/N-Q643LEH2PE3
COMPLYRIGHT	COMPLYRIGHT	target.com	HTTPS://WWW.TARGET.COM/B/COMPLYRIGHT/-/N-Q643LEI3MBV
COMPOUNDKING	COMPOUNDKINGS	target.com	HTTPS://WWW.TARGET.COM/B/COMPOUND-KINGS/-/N-58U3Y
COMPOUNDKINGS	COMPOUNDKINGS	target.com	HTTPS://WWW.TARGET.COM/B/COMPOUND-KINGS/-/N-58U3Y
COMPOUNDW	COMPOUNDW	target.com	HTTPS://WWW.TARGET.COM/B/COMPOUND-W/-/N-5QNS8
CONAIR	CONAIR	target.com	HTTPS://WWW.TARGET.COM/B/CONAIR/-/N-5XB58
CONAIRINFINITIPRO	INFINITIPROBYCONAIR	target.com	HTTPS://WWW.TARGET.COM/B/INFINITIPRO-BY-CONAIR/-/N-Q643LESACNX
CONAIRINFINITIPROPROFESSIONALTOU	INFINITIPROBYCONAIR	target.com	HTTPS://WWW.TARGET.COM/B/INFINITIPRO-BY-CONAIR/-/N-Q643LESACNX
CONBOMIO	CONTIGO	target.com	HTTPS://WWW.TARGET.COM/B/CONTIGO/-/N-5V3GB
CONCEIVEPLUS	CONCEIVEPLUS	target.com	HTTPS://WWW.TARGET.COM/B/CONCEIVE-PLUS/-/N-Q643LEZYVAP
CONCEPTONE	CONCEPTONE	target.com	HTTPS://WWW.TARGET.COM/B/CONCEPT-ONE/-/N-5UVKI
CONCORDFOODS	CONCORDFOODS	target.com	HTTPS://WWW.TARGET.COM/B/CONCORD-FOODS/-/N-560JL
CONFTO	CONTIGO	target.com	HTTPS://WWW.TARGET.COM/B/CONTIGO/-/N-5V3GB
CONNETIX	CONNETIX	target.com	HTTPS://WWW.TARGET.COM/B/CONNETIX/-/N-Q643LEJ7NX
CONNETMAX	CONNETIX	target.com	HTTPS://WWW.TARGET.COM/B/CONNETIX/-/N-Q643LEJ7NX
CONSCIOUSCAN	LIVECONSCIOUS	target.com	HTTPS://WWW.TARGET.COM/B/LIVE-CONSCIOUS/-/N-Q643LEZC6A9
CONSTANCY	CONSTANCY	target.com	HTTPS://WWW.TARGET.COM/B/CONSTANCY-INC/-/N-Q643LEH01PQ
CONTEXTLITERARYAGENCY	CONTEXTLITERARYAGENCY	target.com	HTTPS://WWW.TARGET.COM/B/CONTEXT-LITERARY-AGENCY-LLC/-/N-Q643LEAYGEZ
CONTID	CONTIGO	target.com	HTTPS://WWW.TARGET.COM/B/CONTIGO/-/N-5V3GB
CONTIGO	CONTIGO	target.com	HTTPS://WWW.TARGET.COM/B/CONTIGO/-/N-5V3GB
CONTINENTALBEDDING	CONTINENTALBEDDING	target.com	HTTPS://WWW.TARGET.COM/B/CONTINENTAL-BEDDING/-/N-Q643LEYHGO0
CONTINENTALSLEEP	CONTINENTALSLEEP	target.com	HTTPS://WWW.TARGET.COM/B/CONTINENTAL-SLEEP/-/N-Q643LEHICFZ
CONTINENTALSLEEPSTORE	CONTINENTALSLEEP	target.com	HTTPS://WWW.TARGET.COM/B/CONTINENTAL-SLEEP/-/N-Q643LEHICFZ
CONTINUUMGAMES	CONTINUUMGAMES	target.com	HTTPS://WWW.TARGET.COM/B/CONTINUUM-GAMES/-/N-Q643LED8LK8
CONTONELLE	COTTONELLE	target.com	HTTPS://WWW.TARGET.COM/B/COTTONELLE/-/N-560TL
CONTOURCOMFORT	CONTOURCOMFORT	target.com	HTTPS://WWW.TARGET.COM/B/CONTOUR-COMFORT/-/N-Q643LEJ4RHQ
CONTOURDESIGN	CONTOURDESIGN	target.com	HTTPS://WWW.TARGET.COM/B/CONTOUR-DESIGN/-/N-YK0I5
CONVATEC	CONVATEC	target.com	HTTPS://WWW.TARGET.COM/B/CONVATEC/-/N-Q643LEDLFAQ
CONVENIENCEKITSINTERNATIONAL	CONVENIENCEKITSINTERNATIONAL	target.com	HTTPS://WWW.TARGET.COM/B/CONVENIENCE-KITS-INTERNATIONAL/-/N-VW9AM
CONVENIENTLYGREEN	SIMPLEGREEN	target.com	HTTPS://WWW.TARGET.COM/B/SIMPLE-GREEN/-/N-Q643LE5AO7O
COOERA	COERA	target.com	HTTPS://WWW.TARGET.COM/B/COERA/-/N-Q643LEL1T4H
COOFANDY	COOFANDY	target.com	HTTPS://WWW.TARGET.COM/B/COOFANDY/-/N-Q643LEXQMIK
COOGGALAN	COGHLANS	target.com	HTTPS://WWW.TARGET.COM/B/COGHLAN-S/-/N-Q643LEBOJZ8
COOKEEZI	COOKEEZMAKERY	target.com	HTTPS://WWW.TARGET.COM/B/COOKEEZ-MAKERY/-/N-Q643LE4VC84
COOKEEZMAKERY	COOKEEZMAKERY	target.com	HTTPS://WWW.TARGET.COM/B/COOKEEZ-MAKERY/-/N-Q643LE4VC84
COOKERKING	KINGKOOKER	target.com	HTTPS://WWW.TARGET.COM/B/KING-KOOKER/-/N-5VHEV
COOKESSENTIALS	COOKSESSENTIALS	target.com	HTTPS://WWW.TARGET.COM/B/COOKS-ESSENTIALS/-/N-Q643LE3O4RP
COOKINGLAB	COOKINGLAB	target.com	HTTPS://WWW.TARGET.COM/B/COOKING-LAB/-/N-Q643LEWY7FQ
COOKPRO	COOKPRO	target.com	HTTPS://WWW.TARGET.COM/B/COOK-PRO/-/N-Q643LEC4MJB
COOKSCHOICE	COOKSCHOICE	target.com	HTTPS://WWW.TARGET.COM/B/COOK-S-CHOICE/-/N-Q643LE6SKKE
COOKSESSENTIAL	COOKSESSENTIALS	target.com	HTTPS://WWW.TARGET.COM/B/COOKS-ESSENTIALS/-/N-Q643LE3O4RP
COOKSESSENTIALS	COOKSESSENTIALS	target.com	HTTPS://WWW.TARGET.COM/B/COOKS-ESSENTIALS/-/N-Q643LE3O4RP
COOKTRON	COOKTRON	target.com	HTTPS://WWW.TARGET.COM/B/COOKTRON/-/N-Q643LEJMX3J
COOKWITHCOLOR	COOKWITHCOLOR	target.com	HTTPS://WWW.TARGET.COM/B/COOK-WITH-COLOR/-/N-Q643LE92E0
COOLA	COOLA	target.com	HTTPS://WWW.TARGET.COM/B/COOLA/-/N-Q643LE5IGSU
COOLERMASTER	COOLERMASTER	target.com	HTTPS://WWW.TARGET.COM/B/COOLER-MASTER/-/N-I1ZF5
COOLIFE	COOLIFE	target.com	HTTPS://WWW.TARGET.COM/B/COOLIFE/-/N-Q643LEXEX5V
COOLINGMASTER	COOLERMASTER	target.com	HTTPS://WWW.TARGET.COM/B/COOLER-MASTER/-/N-I1ZF5
COOLLEYA	COOLA	target.com	HTTPS://WWW.TARGET.COM/B/COOLA/-/N-Q643LE5IGSU
COOLMAKER	COOLMAKER	target.com	HTTPS://WWW.TARGET.COM/B/COOL-MAKER/-/N-B2EX1
COOLSPRINGSPRESS	COOLSPRINGSPRESS	target.com	HTTPS://WWW.TARGET.COM/B/COOL-SPRINGS-PRESS/-/N-Q643LE6H1BR
COOMBSFAMILYFARMS	COOMBSFAMILYFARMS	target.com	HTTPS://WWW.TARGET.COM/B/COOMBS-FAMILY-FARMS/-/N-Q643LE7ORQ5
COOPHOMEGOODS	COOPHOMEGOODS	target.com	HTTPS://WWW.TARGET.COM/B/COOP-HOME-GOODS/-/N-Q643LE74FX2
COOPUPET	COOPHOMEGOODS	target.com	HTTPS://WWW.TARGET.COM/B/COOP-HOME-GOODS/-/N-Q643LE74FX2
COORHEIX	COSRX	target.com	HTTPS://WWW.TARGET.COM/B/COSRX/-/N-6MLXC
COPCO	COPCO	target.com	HTTPS://WWW.TARGET.COM/B/COPCO/-/N-5Y188
COPERNICUSTOYS	COPERNICUSTOYS	target.com	HTTPS://WWW.TARGET.COM/B/COPERNICUS-TOYS/-/N-41H1I
COPPERCOMPRESSION	COPPERCOMPRESSION	target.com	HTTPS://WWW.TARGET.COM/B/COPPER-COMPRESSION/-/N-Q643LE87GMG
COPPERCOWCOFFEE	COPPERCOWCOFFEE	target.com	HTTPS://WWW.TARGET.COM/B/COPPER-COW-COFFEE/-/N-Q643LEHP8QP
COPPERFIT	COPPERFIT	target.com	HTTPS://WWW.TARGET.COM/B/COPPER-FIT/-/N-JBB89
COPPERFITCOPPERFIT	COPPERFIT	target.com	HTTPS://WWW.TARGET.COM/B/COPPER-FIT/-/N-JBB89
COPPERJOE	COPPERJOE	target.com	HTTPS://WWW.TARGET.COM/B/COPPER-JOE/-/N-Q643LEO2P45
COPPERMOON	COPPERMOON	target.com	HTTPS://WWW.TARGET.COM/B/COPPER-MOON/-/N-JFCI7
COPPERPEARL	COPPERPEARL	target.com	HTTPS://WWW.TARGET.COM/B/COPPER-PEARL/-/N-Q643LESL3GQ
COPPERTONE	COPPERTONE	target.com	HTTPS://WWW.TARGET.COM/B/COPPERTONE/-/N-5CZ4P
CORA	CORA	target.com	HTTPS://WWW.TARGET.COM/B/CORA/-/N-YFTH
CORALENHOME	CORALINE	target.com	HTTPS://WWW.TARGET.COM/B/CORALINE/-/N-Q643LE3XS6I
CORDOVA	CORDOVASAFETYPRODUCTS	target.com	HTTPS://WWW.TARGET.COM/B/CORDOVA-SAFETY-PRODUCTS/-/N-C20NP
CORDOVASAFETY	CORDOVASAFETYPRODUCTS	target.com	HTTPS://WWW.TARGET.COM/B/CORDOVA-SAFETY-PRODUCTS/-/N-C20NP
CORDOVASAFETYPRODUCTS	CORDOVASAFETYPRODUCTS	target.com	HTTPS://WWW.TARGET.COM/B/CORDOVA-SAFETY-PRODUCTS/-/N-C20NP
COREEQUIPMENT	COREEQUIPMENT	target.com	HTTPS://WWW.TARGET.COM/B/CORE-EQUIPMENT/-/N-KYRYJ
COREHOME	COREHOME	target.com	HTTPS://WWW.TARGET.COM/B/CORE-HOME/-/N-Q643LERYZO7
COREINNOVATIONS	COREINNOVATIONS	target.com	HTTPS://WWW.TARGET.COM/B/CORE-INNOVATIONS/-/N-Q643LEDCFT6
COREKITCHEN	COREKITCHEN	target.com	HTTPS://WWW.TARGET.COM/B/CORE-KITCHEN/-/N-Q643LER1CZV
CORELLE	CORELLE	target.com	HTTPS://WWW.TARGET.COM/B/CORELLE/-/N-5Y2I5
CORELLEBRANDS	CORELLE	target.com	HTTPS://WWW.TARGET.COM/B/CORELLE/-/N-5Y2I5
COREPRODUCTS	COREPRODUCTS	target.com	HTTPS://WWW.TARGET.COM/B/COREPRODUCTS/-/N-Q643LEM1DES
CORICIDIN	CORICIDIN	target.com	HTTPS://WWW.TARGET.COM/B/CORICIDIN/-/N-94AQ4
CORKCICLE	CORKCICLE	target.com	HTTPS://WWW.TARGET.COM/B/CORKCICLE/-/N-559YW
CORKCICLEOFORLANDOFL	CORKCICLE	target.com	HTTPS://WWW.TARGET.COM/B/CORKCICLE/-/N-559YW
CORKGENIUS	CORKGENIUS	target.com	HTTPS://WWW.TARGET.COM/B/CORK-GENIUS/-/N-Q643LEGUBOX
CORLIVING	CORLIVING	target.com	HTTPS://WWW.TARGET.COM/B/CORLIVING/-/N-4XPO1
CORNEACARE	CORNEACARE	target.com	HTTPS://WWW.TARGET.COM/B/CORNEACARE/-/N-Q643LELK4D9
CORNELIUSMCCANNS	MCCANNS	target.com	HTTPS://WWW.TARGET.COM/B/MCCANN-S/-/N-MN8PV
CORNUCOPIABRANDS	CORNUCOPIABRANDS	target.com	HTTPS://WWW.TARGET.COM/B/CORNUCOPIA-BRANDS/-/N-Q643LEMM1GI
COROBUFF	COROBUFF	target.com	HTTPS://WWW.TARGET.COM/B/COROBUFF/-/N-RPDAC
CORTAS	CORTAS	target.com	HTTPS://WWW.TARGET.COM/B/CORTAS/-/N-Q643LE412VA
CORTIZONE10	CORTIZONE10	target.com	HTTPS://WWW.TARGET.COM/B/CORTIZONE-10/-/N-5D7V2
CORWORX	COSRX	target.com	HTTPS://WWW.TARGET.COM/B/COSRX/-/N-6MLXC
COSGRINCH	THEGRINCH	target.com	HTTPS://WWW.TARGET.COM/B/THE-GRINCH/-/N-19IOK
COSMALIVING	COSMOLIVINGBYCOSMOPOLITAN	target.com	HTTPS://WWW.TARGET.COM/B/COSMOLIVING-BY-COSMOPOLITAN/-/N-O8VJ9
COSMEDICA	COSMEDICASKINCARE	target.com	HTTPS://WWW.TARGET.COM/B/COSMEDICA-SKINCARE/-/N-Q643LEK6P06
COSMEDICASKINCARE	COSMEDICASKINCARE	target.com	HTTPS://WWW.TARGET.COM/B/COSMEDICA-SKINCARE/-/N-Q643LEK6P06
COSMEDIX	COSMEDIX	target.com	HTTPS://WWW.TARGET.COM/B/COSMEDIX/-/N-Q643LEASPSZ
COSMIRROR	COSMIRROR	target.com	HTTPS://WWW.TARGET.COM/B/COSMIRROR/-/N-Q643LE4OFT6
COSMOLIVING	COSMOLIVINGBYCOSMOPOLITAN	target.com	HTTPS://WWW.TARGET.COM/B/COSMOLIVING-BY-COSMOPOLITAN/-/N-O8VJ9
COSMOLIVINGBYCOSMOPOLITAN	COSMOLIVINGBYCOSMOPOLITAN	target.com	HTTPS://WWW.TARGET.COM/B/COSMOLIVING-BY-COSMOPOLITAN/-/N-O8VJ9
COSMOPOLITAN	COSMOPOLITAN	target.com	HTTPS://WWW.TARGET.COM/B/COSMOPOLITAN/-/N-Q643LE1WI0L
COSMOPOLITANCOSMOLIVING	COSMOLIVINGBYCOSMOPOLITAN	target.com	HTTPS://WWW.TARGET.COM/B/COSMOLIVING-BY-COSMOPOLITAN/-/N-O8VJ9
COSMOSGIFTS	COSMOSGIFTSCORP	target.com	HTTPS://WWW.TARGET.COM/B/COSMOS-GIFTS-CORP/-/N-S6G44
COSMOSGIFTSCORP	COSMOSGIFTSCORP	target.com	HTTPS://WWW.TARGET.COM/B/COSMOS-GIFTS-CORP/-/N-S6G44
COSOWAY	COSTWAY	target.com	HTTPS://WWW.TARGET.COM/B/COSTWAY/-/N-Q643LEFE4E4
COSRK	COSRX	target.com	HTTPS://WWW.TARGET.COM/B/COSRX/-/N-6MLXC
COSRX	COSRX	target.com	HTTPS://WWW.TARGET.COM/B/COSRX/-/N-6MLXC
COSSYHOME	COSYHOUSECOLLECTION	target.com	HTTPS://WWW.TARGET.COM/B/COSY-HOUSE-COLLECTION/-/N-Q643LEXG6S5
COSTAWAY	COSTWAY	target.com	HTTPS://WWW.TARGET.COM/B/COSTWAY/-/N-Q643LEFE4E4
COSTUMEAGENT	COSTUMEAGENT	target.com	HTTPS://WWW.TARGET.COM/B/COSTUME-AGENT/-/N-ZN0GG
COSTUMECULTUREBYFRANCO	COSTUMECULTUREBYFRANCO	target.com	HTTPS://WWW.TARGET.COM/B/COSTUME-CULTURE-BY-FRANCO-LLC/-/N-PNPAF
COSTWAY	COSTWAY	target.com	HTTPS://WWW.TARGET.COM/B/COSTWAY/-/N-Q643LEFE4E4
COSTWAYUS	COSTWAY	target.com	HTTPS://WWW.TARGET.COM/B/COSTWAY/-/N-Q643LEFE4E4
COSWAY	COSTWAY	target.com	HTTPS://WWW.TARGET.COM/B/COSTWAY/-/N-Q643LEFE4E4
COSYCO	COZYCO	target.com	HTTPS://WWW.TARGET.COM/B/COZY-CO/-/N-Q643LEZ2O5F
COSYCOLLECTION	COSYHOUSECOLLECTION	target.com	HTTPS://WWW.TARGET.COM/B/COSY-HOUSE-COLLECTION/-/N-Q643LEXG6S5
COSYHOMESTYLE	COSYHOUSECOLLECTION	target.com	HTTPS://WWW.TARGET.COM/B/COSY-HOUSE-COLLECTION/-/N-Q643LEXG6S5
COSYHOUSECOLLECTION	COSYHOUSECOLLECTION	target.com	HTTPS://WWW.TARGET.COM/B/COSY-HOUSE-COLLECTION/-/N-Q643LEXG6S5
COTERIE	COTERIE	target.com	HTTPS://WWW.TARGET.COM/B/COTERIE/-/N-Q643LEH04XM
COTIERBRAND	COTIERBRAND	target.com	HTTPS://WWW.TARGET.COM/B/COTIER-BRAND/-/N-Q643LE1F8PQ
COTTAGECLASSICS	COTTAGECLASSICS	target.com	HTTPS://WWW.TARGET.COM/B/COTTAGE-CLASSICS/-/N-Q643LEHY6ZM
COTTAGEDOORPRESS	COTTAGEDOORPRESS	target.com	HTTPS://WWW.TARGET.COM/B/COTTAGE-DOOR-PRESS/-/N-Q643LEH3KA5
COTTONELLE	COTTONELLE	target.com	HTTPS://WWW.TARGET.COM/B/COTTONELLE/-/N-560TL
COTTONNELLE	COTTONELLE	target.com	HTTPS://WWW.TARGET.COM/B/COTTONELLE/-/N-560TL
COTTONPASSION	COTTONPASSION	target.com	HTTPS://WWW.TARGET.COM/B/COTTON-PASSION/-/N-Q643LENOQGT
COTTONPLUS	COTTONPLUS	target.com	HTTPS://WWW.TARGET.COM/B/COTTON-PLUS/-/N-Q643LE2YORY
COUNTERASSAULT	COUNTERASSAULT	target.com	HTTPS://WWW.TARGET.COM/B/COUNTER-ASSAULT/-/N-Q643LE6N0I0
COUNTERCULTURECOFFEE	COUNTERCULTURECOFFEE	target.com	HTTPS://WWW.TARGET.COM/B/COUNTER-CULTURE-COFFEE/-/N-2UEEN
COUNTERPOINT	COUNTERPOINT	target.com	HTTPS://WWW.TARGET.COM/B/COUNTERPOINT-LLC/-/N-Q643LE9ZOXF
COUNTGO	CONTIGO	target.com	HTTPS://WWW.TARGET.COM/B/CONTIGO/-/N-5V3GB
COUNTRYFARMS	COUNTRYFARMS	target.com	HTTPS://WWW.TARGET.COM/B/COUNTRY-FARMS/-/N-Q643LEY1JSO
COUNTRYLIFE	COUNTRYLIFE	target.com	HTTPS://WWW.TARGET.COM/B/COUNTRY-LIFE/-/N-Q643LEOMKXS
COUNTRYLIVING	COUNTRYLIVING	target.com	HTTPS://WWW.TARGET.COM/B/COUNTRY-LIVING/-/N-Q643LE1845F
COUNTRYTIME	COUNTRYTIME	target.com	HTTPS://WWW.TARGET.COM/B/COUNTRY-TIME/-/N-560VV
COURANT	COURANT	target.com	HTTPS://WWW.TARGET.COM/B/COURANT/-/N-58PG9
COURTSIDEMARKET	COURTSIDEMARKET	target.com	HTTPS://WWW.TARGET.COM/B/COURTSIDE-MARKET/-/N-Q643LE8S01T
COURTYARDCASUAL	COURTYARDCASUAL	target.com	HTTPS://WWW.TARGET.COM/B/COURTYARD-CASUAL/-/N-6PZ03
COVEPRODUCTS	COVE	target.com	HTTPS://WWW.TARGET.COM/B/COVE/-/N-Q643LE6Z3JX
COVERGIRL	COVERGIRL	target.com	HTTPS://WWW.TARGET.COM/B/COVERGIRL/-/N-55L6G
COVERGIRLPROCTOR	COVERGIRL	target.com	HTTPS://WWW.TARGET.COM/B/COVERGIRL/-/N-55L6G
COVICREEN	COVIDIEN	target.com	HTTPS://WWW.TARGET.COM/B/COVIDIEN/-/N-Q643LEXZFZW
COVIDIEN	COVIDIEN	target.com	HTTPS://WWW.TARGET.COM/B/COVIDIEN/-/N-Q643LEXZFZW
COWIN	COWIN	target.com	HTTPS://WWW.TARGET.COM/B/COWIN/-/N-Q643LE4RIP9
COWINSTORE	COWIN	target.com	HTTPS://WWW.TARGET.COM/B/COWIN/-/N-Q643LE4RIP9
COWQEORP	COPPERCOWCOFFEE	target.com	HTTPS://WWW.TARGET.COM/B/COPPER-COW-COFFEE/-/N-Q643LEHP8QP
COWTALES	COWTALES	target.com	HTTPS://WWW.TARGET.COM/B/COW-TALES/-/N-BGKVD
COZAYAH	COZAYHHOME	target.com	HTTPS://WWW.TARGET.COM/B/COZAYH-HOME/-/N-Q643LE5NWGD
COZAYH	COZAYHHOME	target.com	HTTPS://WWW.TARGET.COM/B/COZAYH-HOME/-/N-Q643LE5NWGD
COZIWOW	COZIWOW	target.com	HTTPS://WWW.TARGET.COM/B/COZIWOW/-/N-Q643LE52EQK
COZONY	COZONY	target.com	HTTPS://WWW.TARGET.COM/B/COZONY/-/N-Q643LEIIJ7C
COZYBLISS	COZYBLISS	target.com	HTTPS://WWW.TARGET.COM/B/COZY-BLISS/-/N-Q643LET61H4
COZYCOLLECTION	COSYHOUSECOLLECTION	target.com	HTTPS://WWW.TARGET.COM/B/COSY-HOUSE-COLLECTION/-/N-Q643LEXG6S5
COZYHAUS	COSYHOUSECOLLECTION	target.com	HTTPS://WWW.TARGET.COM/B/COSY-HOUSE-COLLECTION/-/N-Q643LEXG6S5
COZYHOMECOLLECTION	COSYHOUSECOLLECTION	target.com	HTTPS://WWW.TARGET.COM/B/COSY-HOUSE-COLLECTION/-/N-Q643LEXG6S5
COZYINBABY	COZYBABY	target.com	HTTPS://WWW.TARGET.COM/B/COZY-BABY/-/N-Q643LE6UJ9Y
COZYKISS	COZYKISS	target.com	HTTPS://WWW.TARGET.COM/B/COZY-KISS/-/N-Q643LEQX1DL
COZYONE	COZYONE	target.com	HTTPS://WWW.TARGET.COM/B/COZYONE/-/N-Q643LEF7NZU
COZYPRODUCTS	COZYPRODUCTS	target.com	HTTPS://WWW.TARGET.COM/B/COZY-PRODUCTS/-/N-SEK5T
CPPSLEE	CPPSLEE	target.com	HTTPS://WWW.TARGET.COM/B/CPPSLEE/-/N-Q643LEVO479
CQYY	CQY	target.com	HTTPS://WWW.TARGET.COM/B/CQY/-/N-Q643LE9U5JG
CRACKERBARREL	CRACKERBARREL	target.com	HTTPS://WWW.TARGET.COM/B/CRACKER-BARREL/-/N-560UD
CRAFTCHIEF	CHEFCRAFT	target.com	HTTPS://WWW.TARGET.COM/B/CHEF-CRAFT/-/N-Q643LECOD0
CRAFTESCOMPANION	CRAFTERSCOMPANION	target.com	HTTPS://WWW.TARGET.COM/B/CRAFTER-S-COMPANION/-/N-CX948
CRAFTMIX	CRAFTMIX	target.com	HTTPS://WWW.TARGET.COM/B/CRAFTMIX/-/N-Q643LE1WZXR
CRAFTOUTLET	CRAFTOUTLETCOM	target.com	HTTPS://WWW.TARGET.COM/B/CRAFTOUTLET-COM/-/N-Q643LEJZ6ST
CRAFTOXO	DELXO	target.com	HTTPS://WWW.TARGET.COM/B/DELXO/-/N-Q643LETM0OH
CRAFTTASTIC	CRAFTTASTIC	target.com	HTTPS://WWW.TARGET.COM/B/CRAFT-TASTIC/-/N-Q643LEUB49C
CRANEBABY	CRANEBABY	target.com	HTTPS://WWW.TARGET.COM/B/CRANE-BABY/-/N-Q643LEHH6O1
CRANIOCREATIONS	CRANIOCREATIONS	target.com	HTTPS://WWW.TARGET.COM/B/CRANIO-CREATIONS/-/N-SHG5J
CRANIUM	CRANIUM	target.com	HTTPS://WWW.TARGET.COM/B/CRANIUM/-/N-Q643LEBGVKC
CRAVEBEVERAGES	CRAVEBEVERAGES	target.com	HTTPS://WWW.TARGET.COM/B/CRAVE-BEVERAGES/-/N-Q643LEXUV8O
CRAVECOFFEE	CRAVEBEVERAGES	target.com	HTTPS://WWW.TARGET.COM/B/CRAVE-BEVERAGES/-/N-Q643LEXUV8O
CRAVEFAME	CRAVEFAME	target.com	HTTPS://WWW.TARGET.COM/B/CRAVE-FAME/-/N-Q643LELQ0R3
CRAVENATURALS	CRAVENATURALS	target.com	HTTPS://WWW.TARGET.COM/B/CRAVE-NATURALS/-/N-Q643LEBLHK
CRAVINGCHRISSY	CRAVINGSBYCHRISSYTEIGEN	target.com	HTTPS://WWW.TARGET.COM/B/CRAVINGS-BY-CHRISSY-TEIGEN/-/N-EN2EK
CRAVINGS	CRAVINGSBYCHRISSYTEIGEN	target.com	HTTPS://WWW.TARGET.COM/B/CRAVINGS-BY-CHRISSY-TEIGEN/-/N-EN2EK
CRAVINGSBYCHRISSYTEIGEN	CRAVINGSBYCHRISSYTEIGEN	target.com	HTTPS://WWW.TARGET.COM/B/CRAVINGS-BY-CHRISSY-TEIGEN/-/N-EN2EK
CRAVINGSBYCHRISSYTIEGEN	CRAVINGSBYCHRISSYTEIGEN	target.com	HTTPS://WWW.TARGET.COM/B/CRAVINGS-BY-CHRISSY-TEIGEN/-/N-EN2EK
CRAWLIGATOR	CRAWLIGATOR	target.com	HTTPS://WWW.TARGET.COM/B/CRAWLIGATOR/-/N-Q643LEDBIHT
CRAYOLA	CRAYOLA	target.com	HTTPS://WWW.TARGET.COM/B/CRAYOLA/-/N-5XOY2
CRAZAART	CRAZART	target.com	HTTPS://WWW.TARGET.COM/B/CRA-Z-ART/-/N-UD9TQ
CRAZART	CRAZART	target.com	HTTPS://WWW.TARGET.COM/B/CRA-Z-ART/-/N-UD9TQ
CRAZLOOM	CRAZLOOM	target.com	HTTPS://WWW.TARGET.COM/B/CRA-Z-LOOM/-/N-Q643LECZA0X
CRAZSLIME	CRAZSLIMY	target.com	HTTPS://WWW.TARGET.COM/B/CRA-Z-SLIMY/-/N-Q643LEXHIC8
CRAZSLIMY	CRAZSLIMY	target.com	HTTPS://WWW.TARGET.COM/B/CRA-Z-SLIMY/-/N-Q643LEXHIC8
CRAZYAARON	CRAZYAARONS	target.com	HTTPS://WWW.TARGET.COM/B/CRAZY-AARON-S/-/N-FIOD8
CRAZYAARONSTHINKINGPUTTY	CRAZYAARONS	target.com	HTTPS://WWW.TARGET.COM/B/CRAZY-AARON-S/-/N-FIOD8
CRAZYAAROS	CRAZYAARONS	target.com	HTTPS://WWW.TARGET.COM/B/CRAZY-AARON-S/-/N-FIOD8
CRAZYART	CRAZART	target.com	HTTPS://WWW.TARGET.COM/B/CRA-Z-ART/-/N-UD9TQ
CRAZYCATCH	CRAZYCATCH	target.com	HTTPS://WWW.TARGET.COM/B/CRAZY-CATCH/-/N-Q643LE4CPKT
CRAZYCUPS	CRAZYCUPS	target.com	HTTPS://WWW.TARGET.COM/B/CRAZY-CUPS/-/N-Q643LEDS5I1
CRAZYCUPSCRAZYCUPS	CRAZYCUPS	target.com	HTTPS://WWW.TARGET.COM/B/CRAZY-CUPS/-/N-Q643LEDS5I1
CRAZYDOG	CRAZYDOGTSHIRTS	target.com	HTTPS://WWW.TARGET.COM/B/CRAZY-DOG-T-SHIRTS-INC/-/N-Q643LESM7BR
CRAZYDOGTSHIRTS	CRAZYDOGTSHIRTS	target.com	HTTPS://WWW.TARGET.COM/B/CRAZY-DOG-T-SHIRTS-INC/-/N-Q643LESM7BR
CRAZYICEBUBBLES	CRAZYICEBUBBLES	target.com	HTTPS://WWW.TARGET.COM/B/CRAZY-ICE-BUBBLES/-/N-Q643LEIC3WX
CRAZYSKATES	CRAZYSKATES	target.com	HTTPS://WWW.TARGET.COM/B/CRAZY-SKATES/-/N-Q643LEO4IB0
CRCKT	CRCKT	target.com	HTTPS://WWW.TARGET.COM/B/CRCKT/-/N-558JC
CRE8AUDIO	CRE8AUDIO	target.com	HTTPS://WWW.TARGET.COM/B/CRE8AUDIO/-/N-Q643LEYY2IC
CRE8TIVEMINDS	CREATIVEMINDS	target.com	HTTPS://WWW.TARGET.COM/B/CREATIVE-MINDS/-/N-2EO4S
CREAMOFWHEAT	CREAMOFWHEAT	target.com	HTTPS://WWW.TARGET.COM/B/CREAM-OF-WHEAT/-/N-55ECZ
CREATEACASTLE	CREATEACASTLE	target.com	HTTPS://WWW.TARGET.COM/B/CREATE-A-CASTLE/-/N-Q643LERJZEU
CREATEBRIGHT	BRIGHTCREATIONS	target.com	HTTPS://WWW.TARGET.COM/B/BRIGHT-CREATIONS/-/N-XMUKY
CREATEVER	CREATIVEPRODUCTS	target.com	HTTPS://WWW.TARGET.COM/B/CREATIVE-PRODUCTS/-/N-Q643LELARH9
CREATIF	CREATIVEPRODUCTS	target.com	HTTPS://WWW.TARGET.COM/B/CREATIVE-PRODUCTS/-/N-Q643LELARH9
CREATIVE	CREATIVEPRODUCTS	target.com	HTTPS://WWW.TARGET.COM/B/CREATIVE-PRODUCTS/-/N-Q643LELARH9
CREATIVEANDNEW	CREATIVEPRODUCTS	target.com	HTTPS://WWW.TARGET.COM/B/CREATIVE-PRODUCTS/-/N-Q643LELARH9
CREATIVEAPPARELCONCEPTS	CREATIVEAPPARELCONCEPTS	target.com	HTTPS://WWW.TARGET.COM/B/CREATIVE-APPAREL-CONCEPTS/-/N-HFT3Q
CREATIVEBABY	CREATIVEBABY	target.com	HTTPS://WWW.TARGET.COM/B/CREATIVE-BABY/-/N-Q643LEOWUIZ
CREATIVEBATH	CREATIVEBATH	target.com	HTTPS://WWW.TARGET.COM/B/CREATIVE-BATH/-/N-5WRDL
CREATIVEBATHPRODUCTS	CREATIVEBATH	target.com	HTTPS://WWW.TARGET.COM/B/CREATIVE-BATH/-/N-5WRDL
CREATIVEC	CREATIVEPRODUCTS	target.com	HTTPS://WWW.TARGET.COM/B/CREATIVE-PRODUCTS/-/N-Q643LELARH9
CREATIVECONVERTING	CREATIVECONVERTING	target.com	HTTPS://WWW.TARGET.COM/B/CREATIVE-CONVERTING/-/N-PT3IG
CREATIVECONVERTINGB110149	CREATIVECONVERTING	target.com	HTTPS://WWW.TARGET.COM/B/CREATIVE-CONVERTING/-/N-PT3IG
CREATIVECONVERTINGTOYS	CREATIVECONVERTING	target.com	HTTPS://WWW.TARGET.COM/B/CREATIVE-CONVERTING/-/N-PT3IG
CREATIVEINSPIRATIONS	CREATIVEINSPIRATIONS	target.com	HTTPS://WWW.TARGET.COM/B/CREATIVE-INSPIRATIONS/-/N-Q643LELWOD0
CREATIVEINSPIRATIONS	CREATIVEINSPIRATIONS	target.com	HTTPS://WWW.TARGET.COM/B/Q643LELWOD0
CREATIVEKIDS	CREATIVEKIDS	target.com	HTTPS://WWW.TARGET.COM/B/CREATIVE-KIDS/-/N-V1FXZ
CREATIVEKIDS	CREATIVITYFORKIDS	target.com	HTTPS://WWW.TARGET.COM/B/CREATIVITY-FOR-KIDS/-/N-5S4TU
CREATIVEMINDS	CREATIVEMINDS	target.com	HTTPS://WWW.TARGET.COM/B/CREATIVE-MINDS/-/N-2EO4S
CREATIVEOP	CREATIVEPRODUCTS	target.com	HTTPS://WWW.TARGET.COM/B/CREATIVE-PRODUCTS/-/N-Q643LELARH9
CREATIVEPAPERBACKS	CREATIVEPAPERBACKS	target.com	HTTPS://WWW.TARGET.COM/B/CREATIVE-PAPERBACKS/-/N-Q643LETOL5Z
CREATIVEPRESENCE	CREATIVEPRODUCTS	target.com	HTTPS://WWW.TARGET.COM/B/CREATIVE-PRODUCTS/-/N-Q643LELARH9
CREATIVEPRODUCTS	CREATIVEPRODUCTS	target.com	HTTPS://WWW.TARGET.COM/B/CREATIVE-PRODUCTS/-/N-Q643LELARH9
CREATIVEPRODUCTSGROUP	CREATIVEPRODUCTS	target.com	HTTPS://WWW.TARGET.COM/B/CREATIVE-PRODUCTS/-/N-Q643LELARH9
CREATIVETEACHINGPRESS	CREATIVETEACHINGPRESS	target.com	HTTPS://WWW.TARGET.COM/B/CREATIVE-TEACHING-PRESS/-/N-169PE
CREATIVITY	CREATIVEPRODUCTS	target.com	HTTPS://WWW.TARGET.COM/B/CREATIVE-PRODUCTS/-/N-Q643LELARH9
CREATIVITYFORKIDS	CREATIVITYFORKIDS	target.com	HTTPS://WWW.TARGET.COM/B/CREATIVITY-FOR-KIDS/-/N-5S4TU
CREATIVITYSTREET	CREATIVITYSTREET	target.com	HTTPS://WWW.TARGET.COM/B/CREATIVITY-STREET/-/N-4YJZX
CREATURECOMMFORTS	CREATURECOMFORTSBREWINGCO	target.com	HTTPS://WWW.TARGET.COM/B/CREATURE-COMFORTS-BREWING-CO/-/N-CX31B
CREEKKOOLER	CREEKKOOLER	target.com	HTTPS://WWW.TARGET.COM/B/CREEKKOOLER/-/N-40SU4
CREEKSIDENATURALTHERAPEUTICS	CREEKSIDENATURALTHERAPEUTICS	target.com	HTTPS://WWW.TARGET.COM/B/CREEKSIDE-NATURAL-THERAPEUTICS/-/N-Q643LEIPGLJ
CREEKWOODHOME	CREEKWOODHOME	target.com	HTTPS://WWW.TARGET.COM/B/CREEKWOOD-HOME/-/N-Q643LE8JS8P
CREEV	CERAVE	target.com	HTTPS://WWW.TARGET.COM/B/CERAVE/-/N-55V99
CREMACOFFEEPRODUCTS	CREMACOFFEEPRODUCTS	target.com	HTTPS://WWW.TARGET.COM/B/CREMA-COFFEE-PRODUCTS/-/N-Q643LE9KHVI
CREMEOFNATURE	CREMEOFNATURE	target.com	HTTPS://WWW.TARGET.COM/B/CREME-OF-NATURE/-/N-COEKX
CREMICLE	CREMO	target.com	HTTPS://WWW.TARGET.COM/B/CREMO/-/N-54UQP
CREMINELLI	CREMINELLIFINEMEATS	target.com	HTTPS://WWW.TARGET.COM/B/CREMINELLI-FINE-MEATS/-/N-Q643LEYEE48
CREMO	CREMO	target.com	HTTPS://WWW.TARGET.COM/B/CREMO/-/N-54UQP
CREMOCREMO	CREMO	target.com	HTTPS://WWW.TARGET.COM/B/CREMO/-/N-54UQP
CRENOVA	CRENOVA	target.com	HTTPS://WWW.TARGET.COM/B/CRENOVA/-/N-Q643LEDMWWH
CREOLEFEAST	CREOLEFEAST	target.com	HTTPS://WWW.TARGET.COM/B/CREOLE-FEAST/-/N-Q643LEWC4TF
CREP	CREPPROTECT	target.com	HTTPS://WWW.TARGET.COM/B/CREP-PROTECT/-/N-Q643LEALNWS
CREPPROTECT	CREPPROTECT	target.com	HTTPS://WWW.TARGET.COM/B/CREP-PROTECT/-/N-Q643LEALNWS
CRESCENTENTERPRISE	CRESCENT	target.com	HTTPS://WWW.TARGET.COM/B/CRESCENT/-/N-HM6FV
CRESCENTENTERPRISES	CRESCENT	target.com	HTTPS://WWW.TARGET.COM/B/CRESCENT/-/N-HM6FV
CRESCENTSTARLIGHT	CRESCENTSTARLIGHT	target.com	HTTPS://WWW.TARGET.COM/B/CRESCENT-STARLIGHT/-/N-Q643LE24Z3P
CRESSI	CRESSI	target.com	HTTPS://WWW.TARGET.COM/B/CRESSI/-/N-Q643LECGNJ5
CRESSWELLLIGHTING	CRESSWELLLIGHTING	target.com	HTTPS://WWW.TARGET.COM/B/CRESSWELL-LIGHTING/-/N-Q643LEES5N0
CREST	CREST	target.com	HTTPS://WWW.TARGET.COM/B/CREST/-/N-5TCPN
CRESTLIVE	CRESTLIVEPRODUCTS	target.com	HTTPS://WWW.TARGET.COM/B/CRESTLIVE-PRODUCTS/-/N-Q643LEAQ2N9
CRESTLIVEPRODUCTS	CRESTLIVEPRODUCTS	target.com	HTTPS://WWW.TARGET.COM/B/CRESTLIVE-PRODUCTS/-/N-Q643LEAQ2N9
CRESTONBOOKS	CRESTONBOOKS	target.com	HTTPS://WWW.TARGET.COM/B/CRESTON-BOOKS/-/N-Q643LEQNTRL
CRETIVECONVERTING	CREATIVECONVERTING	target.com	HTTPS://WWW.TARGET.COM/B/CREATIVE-CONVERTING/-/N-PT3IG
CREWFURNITURE	THECREWFURNITURE	target.com	HTTPS://WWW.TARGET.COM/B/THE-CREW-FURNITURE/-/N-KHOI2
CREWS	SHOESFORCREWS	target.com	HTTPS://WWW.TARGET.COM/B/SHOES-FOR-CREWS/-/N-Q643LEO5217
CREWSAFE	CREWSAFE	target.com	HTTPS://WWW.TARGET.COM/B/CREWSAFE/-/N-Q643LET2YL8
CRFEP	CREPPROTECT	target.com	HTTPS://WWW.TARGET.COM/B/CREP-PROTECT/-/N-Q643LEALNWS
CRICETUL	CRICUT	target.com	HTTPS://WWW.TARGET.COM/B/CRICUT/-/N-V8AGU
CRICUT	CRICUT	target.com	HTTPS://WWW.TARGET.COM/B/CRICUT/-/N-V8AGU
CRIKOR	CIRKUL	target.com	HTTPS://WWW.TARGET.COM/B/CIRKUL/-/N-Q643LEKEX3V
CRISCO	CRISCO	target.com	HTTPS://WWW.TARGET.COM/B/CRISCO/-/N-56DGH
CRISLEX	CRISPIX	target.com	HTTPS://WWW.TARGET.COM/B/CRISPIX/-/N-JCFN4
CRISPIX	CRISPIX	target.com	HTTPS://WWW.TARGET.COM/B/CRISPIX/-/N-JCFN4
CRISPYGREEN	CRISPYGREEN	target.com	HTTPS://WWW.TARGET.COM/B/CRISPY-GREEN/-/N-Q643LEB8VW6
CRITIVESHOP	CREATIVEPRODUCTS	target.com	HTTPS://WWW.TARGET.COM/B/CREATIVE-PRODUCTS/-/N-Q643LELARH9
CROC	CROCS	target.com	HTTPS://WWW.TARGET.COM/B/CROCS/-/N-Q643LE9WRSR
CROCI	CROCS	target.com	HTTPS://WWW.TARGET.COM/B/CROCS/-/N-Q643LE9WRSR
CROCKERBETTYEDT	BETTYCROCKER	target.com	HTTPS://WWW.TARGET.COM/B/BETTY-CROCKER/-/N-5QC1X
CROCKPOT	CROCKPOT	target.com	HTTPS://WWW.TARGET.COM/B/CROCK-POT/-/N-4YNPH
CROCKPOTCROCKPOT	CROCKPOT	target.com	HTTPS://WWW.TARGET.COM/B/CROCK-POT/-/N-4YNPH
CROCODILECREEK	CROCODILECREEK	target.com	HTTPS://WWW.TARGET.COM/B/CROCODILE-CREEK/-/N-5S4TY
CROCRI	CROCS	target.com	HTTPS://WWW.TARGET.COM/B/CROCS/-/N-Q643LE9WRSR
CROCS	CROCS	target.com	HTTPS://WWW.TARGET.COM/B/CROCS/-/N-Q643LE9WRSR
CROCSEE	CROCS	target.com	HTTPS://WWW.TARGET.COM/B/CROCS/-/N-Q643LE9WRSR
CROCSFOOTWEAR	CROCS	target.com	HTTPS://WWW.TARGET.COM/B/CROCS/-/N-Q643LE9WRSR
CROCSS	CROCS	target.com	HTTPS://WWW.TARGET.COM/B/CROCS/-/N-Q643LE9WRSR
CROCSTM	CROCS	target.com	HTTPS://WWW.TARGET.COM/B/CROCS/-/N-Q643LE9WRSR
CROIX	LACROIX	target.com	HTTPS://WWW.TARGET.COM/B/LACROIX/-/N-560OU
CROKZ	CROCS	target.com	HTTPS://WWW.TARGET.COM/B/CROCS/-/N-Q643LE9WRSR
CROOKEDLANEBOOKS	CROOKEDLANEBOOKS	target.com	HTTPS://WWW.TARGET.COM/B/CROOKED-LANE-BOOKS/-/N-Q643LEO8XTI
CROS	CROCS	target.com	HTTPS://WWW.TARGET.COM/B/CROCS/-/N-Q643LE9WRSR
CROSSNET	CROSSNET	target.com	HTTPS://WWW.TARGET.COM/B/CROSSNET/-/N-6DVL
CROWDEDCOOP	CROWDEDCOOP	target.com	HTTPS://WWW.TARGET.COM/B/CROWDED-COOP/-/N-9VCME
CROWNBOOKSFORYOUNGREADERS	CROWNBOOKSFORYOUNGREADERS	target.com	HTTPS://WWW.TARGET.COM/B/CROWN-BOOKS-FOR-YOUNG-READERS/-/N-Q643LE2Q5ZO
CROWNDISPLAY	CROWNDISPLAY	target.com	HTTPS://WWW.TARGET.COM/B/CROWN-DISPLAY/-/N-Q643LEG2ACQ
CROWNMAPLE	CROWNMAPLE	target.com	HTTPS://WWW.TARGET.COM/B/CROWN-MAPLE/-/N-Q643LEAEW0K
CROWNPUBLISHINGGROUPNY	CROWNPUBLISHINGGROUPNY	target.com	HTTPS://WWW.TARGET.COM/B/CROWN-PUBLISHING-GROUP-NY/-/N-Q643LERW02K
CROWNSHADE	CROWNSHADES	target.com	HTTPS://WWW.TARGET.COM/B/CROWN-SHADES/-/N-B2P5F
CROWNSHADES	CROWNSHADES	target.com	HTTPS://WWW.TARGET.COM/B/CROWN-SHADES/-/N-B2P5F
CRST	CREST	target.com	HTTPS://WWW.TARGET.COM/B/CREST/-/N-5TCPN
CRUISERCANDY	CRUISERCANDY	target.com	HTTPS://WWW.TARGET.COM/B/CRUISER-CANDY/-/N-Q643LEDDW2I
CRUISINGCOMPANION	CRUISINGCOMPANION	target.com	HTTPS://WWW.TARGET.COM/B/CRUISING-COMPANION/-/N-Q643LEDBKU3
CRUXGG	CRUXGG	target.com	HTTPS://WWW.TARGET.COM/B/CRUXGG/-/N-Q643LEO3YDF
CRYBABIES	CRYBABIES	target.com	HTTPS://WWW.TARGET.COM/B/CRY-BABIES/-/N-X3FL2
CRYBABIES	CRYBABIESMAGICTEARS	target.com	HTTPS://WWW.TARGET.COM/B/CRY-BABIES-MAGIC-TEARS/-/N-Q643LETNDET
CRYBABIESMAGICTEARS	CRYBABIESMAGICTEARS	target.com	HTTPS://WWW.TARGET.COM/B/CRY-BABIES-MAGIC-TEARS/-/N-Q643LETNDET
CRYODERM	CRYODERM	target.com	HTTPS://WWW.TARGET.COM/B/CRYODERM/-/N-Q643LELBFA2
CRYSTALGEYSER	CRYSTALGEYSER	target.com	HTTPS://WWW.TARGET.COM/B/CRYSTAL-GEYSER/-/N-4N0NV
CRYSTALLIGHT	CRYSTALLIGHT	target.com	HTTPS://WWW.TARGET.COM/B/CRYSTAL-LIGHT/-/N-56F04
CRYSTALLIGHTPRODUCTS	CRYSTALLIGHT	target.com	HTTPS://WWW.TARGET.COM/B/CRYSTAL-LIGHT/-/N-56F04
CRYSTLEGEYSER	CRYSTALGEYSER	target.com	HTTPS://WWW.TARGET.COM/B/CRYSTAL-GEYSER/-/N-4N0NV
CTWHOMECOLLECTIONS	CTWHOMECOLLECTION	target.com	HTTPS://WWW.TARGET.COM/B/CTW-HOME-COLLECTION/-/N-Q643LE63M6U
CUAEIBEY	CUBII	target.com	HTTPS://WWW.TARGET.COM/B/CUBII/-/N-Q643LE1NQ70
CUCCIO	CUCCIO	target.com	HTTPS://WWW.TARGET.COM/B/CUCCIO/-/N-Q643LEBBIXP
CUCINAPRO	CUCINAPRO	target.com	HTTPS://WWW.TARGET.COM/B/CUCINAPRO/-/N-Q643LE3QRCG
CUDDEBACK	CUDDEBACK	target.com	HTTPS://WWW.TARGET.COM/B/CUDDEBACK/-/N-Q643LE2QCHN
CUDDLEBABY	LOTSTOCUDDLEBABIES	target.com	HTTPS://WWW.TARGET.COM/B/LOTS-TO-CUDDLE-BABIES/-/N-K09EK
CUDDLEBACK	CUDDEBACK	target.com	HTTPS://WWW.TARGET.COM/B/CUDDEBACK/-/N-Q643LE2QCHN
CUDDLEEBABY	LOTSTOCUDDLEBABIES	target.com	HTTPS://WWW.TARGET.COM/B/LOTS-TO-CUDDLE-BABIES/-/N-K09EK
CUDLIE	CUDLIE	target.com	HTTPS://WWW.TARGET.COM/B/CUDLIE/-/N-Q643LE9PFGX
CUISENSE	CUISINESOLUTIONS	target.com	HTTPS://WWW.TARGET.COM/B/CUISINE-SOLUTIONS/-/N-HE5C5
CUISINART	CUISINART	target.com	HTTPS://WWW.TARGET.COM/B/CUISINART/-/N-4YRHB
CUISINARTCUIT8	CUISINART	target.com	HTTPS://WWW.TARGET.COM/B/CUISINART/-/N-4YRHB
CUISINARTOXOLUXDECOR	CUISINART	target.com	HTTPS://WWW.TARGET.COM/B/CUISINART/-/N-4YRHB
CUISINARTSCORP	CUISINART	target.com	HTTPS://WWW.TARGET.COM/B/CUISINART/-/N-4YRHB
CUISINARTSTORE	CUISINART	target.com	HTTPS://WWW.TARGET.COM/B/CUISINART/-/N-4YRHB
CUISINE	CUISINESOLUTIONS	target.com	HTTPS://WWW.TARGET.COM/B/CUISINE-SOLUTIONS/-/N-HE5C5
CUISINEART	CUISINART	target.com	HTTPS://WWW.TARGET.COM/B/CUISINART/-/N-4YRHB
CUISINEELITE	ELITECUISINE	target.com	HTTPS://WWW.TARGET.COM/B/ELITE-CUISINE/-/N-936H
CUISINEL	CUISINEL	target.com	HTTPS://WWW.TARGET.COM/B/CUISINEL/-/N-Q643LERGV6F
CUISINEREADY	CUISINESOLUTIONS	target.com	HTTPS://WWW.TARGET.COM/B/CUISINE-SOLUTIONS/-/N-HE5C5
CUISINESELECT	CUISINESOLUTIONS	target.com	HTTPS://WWW.TARGET.COM/B/CUISINE-SOLUTIONS/-/N-HE5C5
CUISINSMART	CUISINSMART	target.com	HTTPS://WWW.TARGET.COM/B/CUISINSMART/-/N-Q643LEG6WC1
CUISIPRO	CUISIPRO	target.com	HTTPS://WWW.TARGET.COM/B/CUISIPRO/-/N-Q643LE2CYEB
CUISNART	CUISINART	target.com	HTTPS://WWW.TARGET.COM/B/CUISINART/-/N-4YRHB
CUITXI	CUTEX	target.com	HTTPS://WWW.TARGET.COM/B/CUTEX/-/N-4V1DA
CULTUREFLY	CULTUREFLY	target.com	HTTPS://WWW.TARGET.COM/B/CULTUREFLY/-/N-LYDSO
CULTUREFLYBETHESDA	CULTUREFLY	target.com	HTTPS://WWW.TARGET.COM/B/CULTUREFLY/-/N-LYDSO
CULTURELLE	CULTURELLE	target.com	HTTPS://WWW.TARGET.COM/B/CULTURELLE/-/N-5ON84
CUP4CUP	CUP4CUP	target.com	HTTPS://WWW.TARGET.COM/B/CUP4CUP/-/N-QNLC3
CUPOFFASHION	CUPSHE	target.com	HTTPS://WWW.TARGET.COM/B/CUPSHE/-/N-Q643LEVESWL
CUPPOW	CUPPOW	target.com	HTTPS://WWW.TARGET.COM/B/CUPPOW/-/N-Q643LE4XUI6
CUPSH	CUPSHE	target.com	HTTPS://WWW.TARGET.COM/B/CUPSHE/-/N-Q643LEVESWL
CUPSHE	CUPSHE	target.com	HTTPS://WWW.TARGET.COM/B/CUPSHE/-/N-Q643LEVESWL
CURAPROX	CURAPROX	target.com	HTTPS://WWW.TARGET.COM/B/CURAPROX/-/N-Q643LE4L6BJ
CUREL	CUREL	target.com	HTTPS://WWW.TARGET.COM/B/CUREL/-/N-5O3PE
CUREOLOGY	CUROLOGY	target.com	HTTPS://WWW.TARGET.COM/B/CUROLOGY/-/N-Q643LEJKK3V
CURIOUSBABY	CURIOUSBABY	target.com	HTTPS://WWW.TARGET.COM/B/CURIOUS-BABY/-/N-Q643LEE6TBM
CURIOUSCHEF	CURIOUSCHEF	target.com	HTTPS://WWW.TARGET.COM/B/CURIOUS-CHEF/-/N-5VH6I
CURIST	CURIST	target.com	HTTPS://WWW.TARGET.COM/B/CURIST/-/N-Q643LE7NOE9
CURLDAZE	CURLDAZE	target.com	HTTPS://WWW.TARGET.COM/B/CURLDAZE/-/N-Q643LEZ42H6
CURLSMITH	CURLSMITH	target.com	HTTPS://WWW.TARGET.COM/B/CURLSMITH/-/N-Q643LEM0BO6
CUROLOGY	CUROLOGY	target.com	HTTPS://WWW.TARGET.COM/B/CUROLOGY/-/N-Q643LEJKK3V
CURTISWAGNER	CURTISWAGNER	target.com	HTTPS://WWW.TARGET.COM/B/CURTIS-WAGNER/-/N-Q643LEGBUJC
CURVER	CURVER	target.com	HTTPS://WWW.TARGET.COM/B/CURVER/-/N-55A86
CURVYCOUTURE	CURVYCOUTURE	target.com	HTTPS://WWW.TARGET.COM/B/CURVY-COUTURE/-/N-Q643LEC2DCR
CUSHIONAIRE	CUSHIONAIRE	target.com	HTTPS://WWW.TARGET.COM/B/CUSHIONAIRE/-/N-Q643LET187L
CUSHIONGRIP	CUSHIONGRIP	target.com	HTTPS://WWW.TARGET.COM/B/CUSHION-GRIP/-/N-Q643LEWIX2Y
CUSINAD	CUISINART	target.com	HTTPS://WWW.TARGET.COM/B/CUISINART/-/N-4YRHB
CUSININE	CUISINESOLUTIONS	target.com	HTTPS://WWW.TARGET.COM/B/CUISINE-SOLUTIONS/-/N-HE5C5
CUSTOMBUILDINGPROD	CUSTOMBUILDINGPRODUCTS	target.com	HTTPS://WWW.TARGET.COM/B/CUSTOM-BUILDING-PRODUCTS/-/N-Q643LEGEHFX
CUSTOMBUILDINGPRODUCT	CUSTOMBUILDINGPRODUCTS	target.com	HTTPS://WWW.TARGET.COM/B/CUSTOM-BUILDING-PRODUCTS/-/N-Q643LEGEHFX
CUSTOMBUILDINGPRODUCTS	CUSTOMBUILDINGPRODUCTS	target.com	HTTPS://WWW.TARGET.COM/B/CUSTOM-BUILDING-PRODUCTS/-/N-Q643LEGEHFX
CUSTOMDCOR	CUSTOMDECOR	target.com	HTTPS://WWW.TARGET.COM/B/CUSTOM-DECOR/-/N-Q643LE7IHBV
CUSTOMDECOR	CUSTOMDECOR	target.com	HTTPS://WWW.TARGET.COM/B/CUSTOM-DECOR/-/N-Q643LE7IHBV
CUTECATSHOUSETIGERMEOWCATLOVER	CATSMEOWVILLAGE	target.com	HTTPS://WWW.TARGET.COM/B/CAT-S-MEOW-VILLAGE/-/N-ASSD7
CUTEHAPPYBABY	HAPPYBABY	target.com	HTTPS://WWW.TARGET.COM/B/HAPPY-BABY/-/N-Q643LELO2QB
CUTETITOS	CUTETITOS	target.com	HTTPS://WWW.TARGET.COM/B/CUTETITOS/-/N-T6Q1O
CUTEX	CUTEX	target.com	HTTPS://WWW.TARGET.COM/B/CUTEX/-/N-4V1DA
CUTTERBUCK	CUTTERBUCK	target.com	HTTPS://WWW.TARGET.COM/B/CUTTER-BUCK/-/N-5Z5IQ
CUTTINGEDGEPRODUCTS	THECUTTINGEDGE	target.com	HTTPS://WWW.TARGET.COM/B/THE-CUTTING-EDGE/-/N-Q643LEJQP54
CUURTKE	CIRKUL	target.com	HTTPS://WWW.TARGET.COM/B/CIRKUL/-/N-Q643LEKEX3V
CWIKU	KIWICO	target.com	HTTPS://WWW.TARGET.COM/B/KIWICO/-/N-Q643LE17IBH
CYGNETT	CYGNETT	target.com	HTTPS://WWW.TARGET.COM/B/CYGNETT/-/N-DULQC
CYMBIOTIKA	CYMBIOTIKA	target.com	HTTPS://WWW.TARGET.COM/B/CYMBIOTIKA/-/N-Q643LEXR8VQ
CYMINSIST	CYMBIOTIKA	target.com	HTTPS://WWW.TARGET.COM/B/CYMBIOTIKA/-/N-Q643LEXR8VQ
CYPERIE	HYPERICE	target.com	HTTPS://WWW.TARGET.COM/B/HYPERICE/-/N-Q643LE7RXPY
CYPRESSALABASTER	CYPRESSALABASTER	target.com	HTTPS://WWW.TARGET.COM/B/CYPRESS-ALABASTER/-/N-Q643LEKHWLE
CZECHGAMES	CZECHGAMESEDITION	target.com	HTTPS://WWW.TARGET.COM/B/CZECH-GAMES-EDITION/-/N-4V1LD
CZECHGAMESEDITION	CZECHGAMESEDITION	target.com	HTTPS://WWW.TARGET.COM/B/CZECH-GAMES-EDITION/-/N-4V1LD
CZIMENG	ZICAM	target.com	HTTPS://WWW.TARGET.COM/B/ZICAM/-/N-5RD28
DAADA	DADADABABY	target.com	HTTPS://WWW.TARGET.COM/B/DADADA-BABY/-/N-Q643LEV0T5P
DABNEYLEE	DABNEYLEE	target.com	HTTPS://WWW.TARGET.COM/B/DABNEY-LEE/-/N-4Y9IG
DABOMB	DABOMBBATHFIZZERS	target.com	HTTPS://WWW.TARGET.COM/B/DA-BOMB-BATH-FIZZERS/-/N-XAU70
DABOMBBATHFIZZERS	DABOMBBATHFIZZERS	target.com	HTTPS://WWW.TARGET.COM/B/DA-BOMB-BATH-FIZZERS/-/N-XAU70
DACAPOPRESS	DACAPOPRESS	target.com	HTTPS://WWW.TARGET.COM/B/DA-CAPO-PRESS/-/N-Q643LEUBIHZ
DADADA	DADADABABY	target.com	HTTPS://WWW.TARGET.COM/B/DADADA-BABY/-/N-Q643LEV0T5P
DADDARIOWOODWINDS	DADDARIOWOODWINDS	target.com	HTTPS://WWW.TARGET.COM/B/D-ADDARIO-WOODWINDS/-/N-7YHL6
DAHLIASTUDIOS	DAHLIASTUDIOS	target.com	HTTPS://WWW.TARGET.COM/B/DAHLIA-STUDIOS/-/N-Q643LEIL9KZ
DAILYCONCEPTS	DAILYCONCEPTS	target.com	HTTPS://WWW.TARGET.COM/B/DAILY-CONCEPTS/-/N-Q643LEMELIB
DAILYCRUNCH	DAILYCRUNCH	target.com	HTTPS://WWW.TARGET.COM/B/DAILY-CRUNCH/-/N-Q643LE6DCNB
DAILYDOSE	EVERYDAYDOSE	target.com	HTTPS://WWW.TARGET.COM/B/EVERYDAY-DOSE/-/N-Q643LEYL61J
DAILYESSENTIALS	EVERYDAYESSENTIALS	target.com	HTTPS://WWW.TARGET.COM/B/EVERYDAY-ESSENTIALS/-/N-Q643LEK24BO
DAILYSCOCKTAILS	DAILYSCOCKTAILS	target.com	HTTPS://WWW.TARGET.COM/B/DAILY-S-COCKTAILS/-/N-J0BT7
DAIVINES	DAVINES	target.com	HTTPS://WWW.TARGET.COM/B/DAVINES/-/N-Q643LEGCBI7
DAIYA	DAIYA	target.com	HTTPS://WWW.TARGET.COM/B/DAIYA/-/N-NT82Y
DAKAFUL	DAKAFUL	target.com	HTTPS://WWW.TARGET.COM/B/DAKAFUL/-/N-Q643LEW8XVY
DALBAPIEDMONT	DALBAPIEDMONT	target.com	HTTPS://WWW.TARGET.COM/B/D-ALBA-PIEDMONT/-/N-Q643LERT8GV
DALEAHOMEPRODUCTS	DELILAHHOME	target.com	HTTPS://WWW.TARGET.COM/B/DELILAH-HOME/-/N-Q643LESOCIO
DALEN	DALENPRODUCTS	target.com	HTTPS://WWW.TARGET.COM/B/DALEN-PRODUCTS-INC/-/N-QC73W
DALESSEASONING	DALESSEASONING	target.com	HTTPS://WWW.TARGET.COM/B/DALE-S-SEASONING/-/N-Q643LEQV024
DALIX	DALIX	target.com	HTTPS://WWW.TARGET.COM/B/DALIX/-/N-Q643LEJWUET
DALKEYARCHIVEPRESS	DALKEYARCHIVEPRESS	target.com	HTTPS://WWW.TARGET.COM/B/DALKEY-ARCHIVE-PRESS/-/N-Q643LEP8FO4
DALLMAYR	DALLMAYR	target.com	HTTPS://WWW.TARGET.COM/B/DALLMAYR/-/N-Q643LEDY0RZ
DALOKIZ	DULCOLAX	target.com	HTTPS://WWW.TARGET.COM/B/DULCOLAX/-/N-5OU1S
DAME	DAME	target.com	HTTPS://WWW.TARGET.COM/B/DAME/-/N-Q643LEHEZCB
DAMEIJULE	DAME	target.com	HTTPS://WWW.TARGET.COM/B/DAME/-/N-Q643LEHEZCB
DAMEPRODUCTS	DAME	target.com	HTTPS://WWW.TARGET.COM/B/DAME/-/N-Q643LEHEZCB
DAMMANNFRERES	DAMMANNFRERES	target.com	HTTPS://WWW.TARGET.COM/B/DAMMANN-FRERES/-/N-Q643LEWXEVT
DAMPRID	DAMPRID	target.com	HTTPS://WWW.TARGET.COM/B/DAMPRID/-/N-MR3XG
DANDARCI	DANDARCI	target.com	HTTPS://WWW.TARGET.COM/B/DAN-DARCI/-/N-Q643LEWEI6I
DANDYBLEND	DANDYBLEND	target.com	HTTPS://WWW.TARGET.COM/B/DANDY-BLEND/-/N-Q643LE969S8
DANG	DANG	target.com	HTTPS://WWW.TARGET.COM/B/DANG/-/N-4YDBH
DANIELLECREATIONS	DANIELLECREATIONS	target.com	HTTPS://WWW.TARGET.COM/B/DANIELLE-CREATIONS/-/N-Q643LEABMTV
DANNERMANUFACTURING	DANNERMANUFACTURING	target.com	HTTPS://WWW.TARGET.COM/B/DANNER-MANUFACTURING-INC/-/N-73S0J
DANSKIN	DANSKIN	target.com	HTTPS://WWW.TARGET.COM/B/DANSKIN/-/N-Q643LE5U11H
DANTOY	DANTOY	target.com	HTTPS://WWW.TARGET.COM/B/DANTOY/-/N-LX011
DANYAB	DANYAB	target.com	HTTPS://WWW.TARGET.COM/B/DANYA-B/-/N-4XWBQ
DAPPLE	DAPPLE	target.com	HTTPS://WWW.TARGET.COM/B/DAPPLE/-/N-4Y50M
DARDOO	DARDOO	target.com	HTTPS://WWW.TARGET.COM/B/DARDOO/-/N-Q643LE6HVWM
DAREFOODS	DAREFOODS	target.com	HTTPS://WWW.TARGET.COM/B/DARE-FOODS/-/N-Q643LEZGANI
DARESAY	DARESAY	target.com	HTTPS://WWW.TARGET.COM/B/DARESAY/-/N-Q643LE3AR5L
DARKANDLOVELY	DARKANDLOVELY	target.com	HTTPS://WWW.TARGET.COM/B/DARK-AND-LOVELY/-/N-55OO4
DARKHORSEBOOKS	DARKHORSEBOOKS	target.com	HTTPS://WWW.TARGET.COM/B/DARK-HORSE-BOOKS/-/N-Q643LENO0MZ
DARKHORSEDELUXE	DARKHORSEDELUXE	target.com	HTTPS://WWW.TARGET.COM/B/DARK-HORSE-DELUXE/-/N-Q643LE9XBER
DARKLOVELY	DARKANDLOVELY	target.com	HTTPS://WWW.TARGET.COM/B/DARK-AND-LOVELY/-/N-55OO4
DARON	DARONWORLDWIDETRADING	target.com	HTTPS://WWW.TARGET.COM/B/DARON-WORLDWIDE-TRADING-INC/-/N-Q643LE1TK5F
DARONWORLDTRADING	DARONWORLDWIDETRADING	target.com	HTTPS://WWW.TARGET.COM/B/DARON-WORLDWIDE-TRADING-INC/-/N-Q643LE1TK5F
DARONWORLDWIDETRADING	DARONWORLDWIDETRADING	target.com	HTTPS://WWW.TARGET.COM/B/DARON-WORLDWIDE-TRADING-INC/-/N-Q643LE1TK5F
DARRELLLEA	DARRELLLEA	target.com	HTTPS://WWW.TARGET.COM/B/DARRELL-LEA/-/N-Q643LE8C64T
DARTZONE	DARTZONECOVERTOPS	target.com	HTTPS://WWW.TARGET.COM/B/DART-ZONE-COVERT-OPS/-/N-KYALW
DARTZONECOVERTOPS	DARTZONECOVERTOPS	target.com	HTTPS://WWW.TARGET.COM/B/DART-ZONE-COVERT-OPS/-/N-KYALW
DARWARE	DARWARE	target.com	HTTPS://WWW.TARGET.COM/B/DARWARE/-/N-Q643LEEPHZ4
DASEEY	DAISE	target.com	HTTPS://WWW.TARGET.COM/B/DAISE/-/N-Q643LEEHR98
DASEIS	DAISE	target.com	HTTPS://WWW.TARGET.COM/B/DAISE/-/N-Q643LEEHR98
DASHING	DASHINGDIVA	target.com	HTTPS://WWW.TARGET.COM/B/DASHING-DIVA/-/N-Y3WJB
DASHINGDIVA	DASHINGDIVA	target.com	HTTPS://WWW.TARGET.COM/B/DASHING-DIVA/-/N-Y3WJB
DASHINGDIVAFRANCHI	DASHINGDIVA	target.com	HTTPS://WWW.TARGET.COM/B/DASHING-DIVA/-/N-Y3WJB
DASHOFTHAT	DASH	target.com	HTTPS://WWW.TARGET.COM/B/DASH/-/N-566ZH
DATACOMMELECTRONICS	DATACOMMELECTRONICS	target.com	HTTPS://WWW.TARGET.COM/B/DATACOMM-ELECTRONICS/-/N-BEIMV
DATANGPET	PETKIT	target.com	HTTPS://WWW.TARGET.COM/B/PETKIT/-/N-Q643LELB8TO
DATELADY	DATELADY	target.com	HTTPS://WWW.TARGET.COM/B/DATE-LADY/-/N-L72ZN
DATEWORKS	DATEWORKS	target.com	HTTPS://WWW.TARGET.COM/B/DATEWORKS/-/N-Q643LEEGBS6
DAVEBURGESSCONSULTING	DAVEBURGESSCONSULTING	target.com	HTTPS://WWW.TARGET.COM/B/DAVE-BURGESS-CONSULTING/-/N-Q643LEEAV48
DAVEBURGESSCONSULTING	DAVEBURGESSCONSULTING	target.com	HTTPS://WWW.TARGET.COM/B/DAVE-BURGESS-CONSULTING/-/N-Q643LEEAV48?NAO=48
DAVESGOURMET	DAVESGOURMET	target.com	HTTPS://WWW.TARGET.COM/B/DAVE-S-GOURMET/-/N-JZ2Q
DAVEZONE	DAVESKILLERBREAD	target.com	HTTPS://WWW.TARGET.COM/B/DAVE-S-KILLER-BREAD/-/N-N54EX
DAVI	DAVIDANI	target.com	HTTPS://WWW.TARGET.COM/B/DAVI-DANI/-/N-Q643LEIK31B
DAVIATELIER	DAVIDANI	target.com	HTTPS://WWW.TARGET.COM/B/DAVI-DANI/-/N-Q643LEIK31B
DAVINCICARTERS	CARTERSBYDAVINCI	target.com	HTTPS://WWW.TARGET.COM/B/CARTER-S-BY-DAVINCI/-/N-Q643LE6WJ3V
DAVINES	DAVINES	target.com	HTTPS://WWW.TARGET.COM/B/DAVINES/-/N-Q643LEGCBI7
DAVISONGUITARS	DAVISONGUITARS	target.com	HTTPS://WWW.TARGET.COM/B/DAVISON-GUITARS/-/N-Q643LEYYDCD
DAWBOOKS	DAWBOOKS	target.com	HTTPS://WWW.TARGET.COM/B/DAW-BOOKS/-/N-Q643LE4C56
DAWNFRESH	DAWNFRESH	target.com	HTTPS://WWW.TARGET.COM/B/DAWN-FRESH/-/N-Q643LEWHFOY
DAYFULI	DAYQUIL	target.com	HTTPS://WWW.TARGET.COM/B/DAYQUIL/-/N-55V7K
DAYQUIL	DAYQUIL	target.com	HTTPS://WWW.TARGET.COM/B/DAYQUIL/-/N-55V7K
DAYSEN	DYSONPRODUCTS	target.com	HTTPS://WWW.TARGET.COM/B/DYSON/-/N-5VGWM
DAYSOFWONDER	DAYSOFWONDER	target.com	HTTPS://WWW.TARGET.COM/B/DAYS-OF-WONDER/-/N-5WQO7
DAYSOFWONDERTICKETTORIDE	DAYSOFWONDER	target.com	HTTPS://WWW.TARGET.COM/B/DAYS-OF-WONDER/-/N-5WQO7
DAZBOG	DAZBOGCOFFEE	target.com	HTTPS://WWW.TARGET.COM/B/DAZBOG-COFFEE/-/N-U83TA
DAZZ	DAZZ	target.com	HTTPS://WWW.TARGET.COM/B/DAZZ/-/N-Q643LEH4WFU
DAZZLEBRIGHT	DAZZLEBRIGHT	target.com	HTTPS://WWW.TARGET.COM/B/DAZZLE-BRIGHT/-/N-Q643LESDIPC
DBMETHOD	METHOD	target.com	HTTPS://WWW.TARGET.COM/B/METHOD/-/N-5O69B
DBTECH	DBTECH	target.com	HTTPS://WWW.TARGET.COM/B/DB-TECH/-/N-Q643LEXMM22
DCCOMICSSUPERHEROGIRLS	DCSUPERHEROGIRLS	target.com	HTTPS://WWW.TARGET.COM/B/DC-SUPER-HERO-GIRLS/-/N-4UT77
DCON	DCON	target.com	HTTPS://WWW.TARGET.COM/B/D-CON/-/N-Q643LETX7KN
DCSUPERHEROGIRLS	DCSUPERHEROGIRLS	target.com	HTTPS://WWW.TARGET.COM/B/DC-SUPER-HERO-GIRLS/-/N-4UT77
DDRAUY	DURADRY	target.com	HTTPS://WWW.TARGET.COM/B/DURADRY/-/N-Q643LE3REWE
DDYOOKE	DREO	target.com	HTTPS://WWW.TARGET.COM/B/DREO/-/N-Q643LE2CP5W
DEALMED	DEALMED	target.com	HTTPS://WWW.TARGET.COM/B/DEALMED/-/N-Q643LEBN5D9
DEALONGHI	DELONGHI	target.com	HTTPS://WWW.TARGET.COM/B/DELONGHI/-/N-5UYBO
DEALWORTHY	DEALWORTHY	target.com	HTTPS://WWW.TARGET.COM/B/DEALWORTHY/-/N-Q643LE5DZNW
DEAPEICK	DIPTYQUE	target.com	HTTPS://WWW.TARGET.COM/B/DIPTYQUE/-/N-Q643LESFUVY
DEATHWISHCOFFEE	DEATHWISHCOFFEECO	target.com	HTTPS://WWW.TARGET.COM/B/DEATH-WISH-COFFEE-CO/-/N-Q643LEAFKEO
DEATHWISHCOFFEECO	DEATHWISHCOFFEECO	target.com	HTTPS://WWW.TARGET.COM/B/DEATH-WISH-COFFEE-CO/-/N-Q643LEAFKEO
DEATHWISHCOFFEECOMPANY	DEATHWISHCOFFEECO	target.com	HTTPS://WWW.TARGET.COM/B/DEATH-WISH-COFFEE-CO/-/N-Q643LEAFKEO
DEBIEW	LITTLEDEBBIE	target.com	HTTPS://WWW.TARGET.COM/B/LITTLE-DEBBIE/-/N-560GV
DEBROX	DEBROX	target.com	HTTPS://WWW.TARGET.COM/B/DEBROX/-/N-YFP3Z
DECALCOMANIA	DECALCOMANIA	target.com	HTTPS://WWW.TARGET.COM/B/DECALCOMANIA/-/N-Q643LEAN6LT
DECECCO	DECECCO	target.com	HTTPS://WWW.TARGET.COM/B/DE-CECCO/-/N-NWTB6
DECOCO	DECECCO	target.com	HTTPS://WWW.TARGET.COM/B/DE-CECCO/-/N-NWTB6
DECOCOOKIES	DECOCOOKIES	target.com	HTTPS://WWW.TARGET.COM/B/DECOCOOKIES/-/N-QGME1
DECOMPOSITION	DECOMPOSITIONBOOK	target.com	HTTPS://WWW.TARGET.COM/B/DECOMPOSITION-BOOK/-/N-3YK9X
DECORLINE	DECORLINE	target.com	HTTPS://WWW.TARGET.COM/B/DECORLINE/-/N-466G1
DECORNBEYOND	ESSENTIALDECORBEYOND	target.com	HTTPS://WWW.TARGET.COM/B/ESSENTIAL-DECOR-BEYOND-INC/-/N-Q643LE121IU
DECORTHERAPY	DECORTHERAPY	target.com	HTTPS://WWW.TARGET.COM/B/DECOR-THERAPY/-/N-83O1P
DECOTVFRAMES	DECOTVFRAMES	target.com	HTTPS://WWW.TARGET.COM/B/DECO-TV-FRAMES/-/N-Q643LEKAGIO
DEEIG	DEERING	target.com	HTTPS://WWW.TARGET.COM/B/DEERING/-/N-8H0A2
DEENITS	BENEFITCOSMETICS	target.com	HTTPS://WWW.TARGET.COM/B/BENEFIT-COSMETICS/-/N-Q643LEKGN0X
DEEPSTEEP	DEEPSTEEP	target.com	HTTPS://WWW.TARGET.COM/B/DEEP-STEEP/-/N-CYYPJ
DEERDUN	DEERRUN	target.com	HTTPS://WWW.TARGET.COM/B/DEERRUN/-/N-Q643LE4UF0D
DEERING	DEERING	target.com	HTTPS://WWW.TARGET.COM/B/DEERING/-/N-8H0A2
DEERLORD	DEERLORD	target.com	HTTPS://WWW.TARGET.COM/B/DEER-LORD/-/N-9SDFE
DEERRUN	DEERRUN	target.com	HTTPS://WWW.TARGET.COM/B/DEERRUN/-/N-Q643LE4UF0D
DEERSTAGS	DEERSTAGS	target.com	HTTPS://WWW.TARGET.COM/B/DEER-STAGS/-/N-Q643LEPG3WK
DEERUN	DEERRUN	target.com	HTTPS://WWW.TARGET.COM/B/DEERRUN/-/N-Q643LE4UF0D
DEEZYROOLER	EZYROLLER	target.com	HTTPS://WWW.TARGET.COM/B/EZYROLLER/-/N-4VQKN
DEFEICCO	DECECCO	target.com	HTTPS://WWW.TARGET.COM/B/DE-CECCO/-/N-NWTB6
DEFENSESOAP	DEFENSESOAP	target.com	HTTPS://WWW.TARGET.COM/B/DEFENSE-SOAP/-/N-Q643LE4OFTN
DEFLECTO	DEFLECTO	target.com	HTTPS://WWW.TARGET.COM/B/DEFLECTO/-/N-55TWD
DEHA	DEHA	target.com	HTTPS://WWW.TARGET.COM/B/DEHA/-/N-Q643LEYKVCF
DEHOMY	EUHOMY	target.com	HTTPS://WWW.TARGET.COM/B/EUHOMY/-/N-Q643LEVW6R4
DEILSY	DEILSY	target.com	HTTPS://WWW.TARGET.COM/B/DEILSY/-/N-Q643LEPO3IQ
DELACORTEPRESS	DELACORTEPRESS	target.com	HTTPS://WWW.TARGET.COM/B/DELACORTE-PRESS/-/N-Q643LEBMEFS
DELACRUZ	DELACRUZ	target.com	HTTPS://WWW.TARGET.COM/B/DE-LA-CRUZ/-/N-55L5M
DELACRUZV	DELACRUZ	target.com	HTTPS://WWW.TARGET.COM/B/DE-LA-CRUZ/-/N-55L5M
DELALLO	DELALLO	target.com	HTTPS://WWW.TARGET.COM/B/DELALLO/-/N-1VS4E
DELANSHI	DELONGHI	target.com	HTTPS://WWW.TARGET.COM/B/DELONGHI/-/N-5UYBO
DELARAGOODS	DEALWORTHY	target.com	HTTPS://WWW.TARGET.COM/B/DEALWORTHY/-/N-Q643LE5DZNW
DELAROSA	DELAROSA	target.com	HTTPS://WWW.TARGET.COM/B/DE-LA-ROSA/-/N-Q643LEEU9QW
DELDUOERLA	DELALLO	target.com	HTTPS://WWW.TARGET.COM/B/DELALLO/-/N-1VS4E
DELECTABLES	DELECTABLES	target.com	HTTPS://WWW.TARGET.COM/B/DELECTABLES/-/N-Q643LE59WL5
DELEMONTE	DELMONTE	target.com	HTTPS://WWW.TARGET.COM/B/DEL-MONTE/-/N-56F77
DELENOWAO	DELALLO	target.com	HTTPS://WWW.TARGET.COM/B/DELALLO/-/N-1VS4E
DELHUTSON	DELHUTSONDESIGNS	target.com	HTTPS://WWW.TARGET.COM/B/DEL-HUTSON-DESIGNS/-/N-Q643LEV38F
DELHUTSONDESIGNS	DELHUTSONDESIGNS	target.com	HTTPS://WWW.TARGET.COM/B/DEL-HUTSON-DESIGNS/-/N-Q643LEV38F
DELHUTSONSDESIGNS	DELHUTSONDESIGNS	target.com	HTTPS://WWW.TARGET.COM/B/DEL-HUTSON-DESIGNS/-/N-Q643LEV38F
DELICIOUS	SODELICIOUS	target.com	HTTPS://WWW.TARGET.COM/B/SO-DELICIOUS/-/N-4UJAQ
DELIGHTSPRODUCTS	INTERNATIONALDELIGHT	target.com	HTTPS://WWW.TARGET.COM/B/INTERNATIONAL-DELIGHT/-/N-4Y5E1
DELIMUX	DELIMEX	target.com	HTTPS://WWW.TARGET.COM/B/DELIMEX/-/N-562FG
DELINGHI	DELONGHI	target.com	HTTPS://WWW.TARGET.COM/B/DELONGHI/-/N-5UYBO
DELLONO	DELONGHI	target.com	HTTPS://WWW.TARGET.COM/B/DELONGHI/-/N-5UYBO
DELMIS	DELSYM	target.com	HTTPS://WWW.TARGET.COM/B/DELSYM/-/N-55WKM
DELMONTE	DELMONTE	target.com	HTTPS://WWW.TARGET.COM/B/DEL-MONTE/-/N-56F77
DELMONTEFOODS	DELMONTE	target.com	HTTPS://WWW.TARGET.COM/B/DEL-MONTE/-/N-56F77
DELONG	DELONGHI	target.com	HTTPS://WWW.TARGET.COM/B/DELONGHI/-/N-5UYBO
DELONGHI	DELONGHI	target.com	HTTPS://WWW.TARGET.COM/B/DELONGHI/-/N-5UYBO
DELONGHIAMERICA	DELONGHI	target.com	HTTPS://WWW.TARGET.COM/B/DELONGHI/-/N-5UYBO
DELONGHIB15	DELONGHI	target.com	HTTPS://WWW.TARGET.COM/B/DELONGHI/-/N-5UYBO
DELONGHINESPRESSO	DELONGHI	target.com	HTTPS://WWW.TARGET.COM/B/DELONGHI/-/N-5UYBO
DELONGKE	DELONGHI	target.com	HTTPS://WWW.TARGET.COM/B/DELONGHI/-/N-5UYBO
DELONI	DELONGHI	target.com	HTTPS://WWW.TARGET.COM/B/DELONGHI/-/N-5UYBO
DELREYBOOKS	DELREYBOOKS	target.com	HTTPS://WWW.TARGET.COM/B/DEL-REY-BOOKS/-/N-Q643LERCINZ
DELROSSA	ALEXANDERDELROSSA	target.com	HTTPS://WWW.TARGET.COM/B/ALEXANDER-DEL-ROSSA/-/N-Q643LEMA00E
DELSEYPARIS	DELSEYPARIS	target.com	HTTPS://WWW.TARGET.COM/B/DELSEY-PARIS/-/N-Q643LE8WUEP
DELSYM	DELSYM	target.com	HTTPS://WWW.TARGET.COM/B/DELSYM/-/N-55WKM
DELTACHILDREN	DELTACHILDREN	target.com	HTTPS://WWW.TARGET.COM/B/DELTA-CHILDREN/-/N-556SR
DELTACHILDRENP	DELTACHILDREN	target.com	HTTPS://WWW.TARGET.COM/B/DELTA-CHILDREN/-/N-556SR
DELTACHILDRENS	DELTACHILDREN	target.com	HTTPS://WWW.TARGET.COM/B/DELTA-CHILDREN/-/N-556SR
DELTACHILDRENSPRODUCTS	DELTACHILDREN	target.com	HTTPS://WWW.TARGET.COM/B/DELTA-CHILDREN/-/N-556SR
DELTACYCLE	DELTACYCLE	target.com	HTTPS://WWW.TARGET.COM/B/DELTA-CYCLE/-/N-QDHBE
DELTAEDUCATION	DELTAEDUCATION	target.com	HTTPS://WWW.TARGET.COM/B/DELTA-EDUCATION/-/N-Q643LEAC1K5
DELTAFAUCET79646BNWINDEMERETOWE	DELTAFAUCET	target.com	HTTPS://WWW.TARGET.COM/B/DELTA-FAUCET/-/N-YCNS1
DEMDACO	DEMDACO	target.com	HTTPS://WWW.TARGET.COM/B/DEMDACO/-/N-S8UV4
DEMDACOHOME	DEMDACO	target.com	HTTPS://WWW.TARGET.COM/B/DEMDACO/-/N-S8UV4
DEMONSLAYER	DEMONSLAYER	target.com	HTTPS://WWW.TARGET.COM/B/DEMON-SLAYER/-/N-Q643LE6E979
DEMOOCCI	DEMDACO	target.com	HTTPS://WWW.TARGET.COM/B/DEMDACO/-/N-S8UV4
DEMOSMEDICAL	DEMOSMEDICALPUBLISHING	target.com	HTTPS://WWW.TARGET.COM/B/DEMOS-MEDICAL-PUBLISHING/-/N-Q643LEXVBBE
DENAQ	DENAQ	target.com	HTTPS://WWW.TARGET.COM/B/DENAQ/-/N-KJ19H
DENIK	DENIK	target.com	HTTPS://WWW.TARGET.COM/B/DENIK/-/N-4TH00
DENIZENFROMLEVIS	DENIZENFROMLEVIS	target.com	HTTPS://WWW.TARGET.COM/B/DENIZEN-FROM-LEVI-S/-/N-Q4E5P
DENIZENFROMLEVS	DENIZENFROMLEVIS	target.com	HTTPS://WWW.TARGET.COM/B/DENIZEN-FROM-LEVI-S/-/N-Q4E5P
DENJACO	DEMDACO	target.com	HTTPS://WWW.TARGET.COM/B/DEMDACO/-/N-S8UV4
DENKEE	DENKEE	target.com	HTTPS://WWW.TARGET.COM/B/DENKEE/-/N-Q643LE8PFVS
DENTEK	DENTEK	target.com	HTTPS://WWW.TARGET.COM/B/DENTEK/-/N-5TD3W
DENY	DENYDESIGNS	target.com	HTTPS://WWW.TARGET.COM/B/DENY-DESIGNS/-/N-ZA1N3
DENYDESIGNS	DENYDESIGNS	target.com	HTTPS://WWW.TARGET.COM/B/DENY-DESIGNS/-/N-ZA1N3
DENYDESIGNSBABY	DENYDESIGNS	target.com	HTTPS://WWW.TARGET.COM/B/DENY-DESIGNS/-/N-ZA1N3
DEPARTMENT56	DEPARENT56	target.com	HTTPS://WWW.TARGET.COM/B/DEPARTMENT-56/-/N-MFGPG
DEPARTMENT56HOUSE	DEPARENT56	target.com	HTTPS://WWW.TARGET.COM/B/DEPARTMENT-56/-/N-MFGPG
DEPEND	DEPEND	target.com	HTTPS://WWW.TARGET.COM/B/DEPEND/-/N-4Y446
DEPENDNIGHTDEFENSE	DEPENDNIGHTDEFENSE	target.com	HTTPS://WWW.TARGET.COM/B/DEPEND-NIGHT-DEFENSE/-/N-Q643LESKX4X
DEPENDS	DEPEND	target.com	HTTPS://WWW.TARGET.COM/B/DEPEND/-/N-4Y446
DEPENDU	DEPEND	target.com	HTTPS://WWW.TARGET.COM/B/DEPEND/-/N-4Y446
DEPOTESHOP	DEPOTESHOP	target.com	HTTPS://WWW.TARGET.COM/B/DEPOT-E-SHOP/-/N-Q643LE9RTQP
DEPOTESHOP	HOMEDEPOT	target.com	HTTPS://WWW.TARGET.COM/B/HOME-DEPOT/-/N-Q643LEA1V4B
DEPT56	DEPARENT56	target.com	HTTPS://WWW.TARGET.COM/B/DEPARTMENT-56/-/N-MFGPG
DEPT67	DEPARENT56	target.com	HTTPS://WWW.TARGET.COM/B/DEPARTMENT-56/-/N-MFGPG
DERAITO	DORITOS	target.com	HTTPS://WWW.TARGET.COM/B/DORITOS/-/N-56DGL
DEREKHEART	DEREKHEART	target.com	HTTPS://WWW.TARGET.COM/B/DEREK-HEART/-/N-Q643LE40KI7
DERMADOCTOR	DERMADOCTOR	target.com	HTTPS://WWW.TARGET.COM/B/DERMADOCTOR/-/N-Q643LEKU756
DERMARITE	DERMARITE	target.com	HTTPS://WWW.TARGET.COM/B/DERMARITE/-/N-Q643LERMFLU
DERMARITEINDUSTRIES	DERMARITE	target.com	HTTPS://WWW.TARGET.COM/B/DERMARITE/-/N-Q643LERMFLU
DERMASCIENCES	DERMASCIENCES	target.com	HTTPS://WWW.TARGET.COM/B/DERMA-SCIENCES/-/N-Q643LE1RRUZ
DERMASIL	DERMASIL	target.com	HTTPS://WWW.TARGET.COM/B/DERMASIL/-/N-9V0YP
DERMASURI	DERMASURI	target.com	HTTPS://WWW.TARGET.COM/B/DERMASURI/-/N-Q643LE4KVIF
DERMATOUCH	DERMATOUCH	target.com	HTTPS://WWW.TARGET.COM/B/DERMATOUCH/-/N-Q643LEOHIHE
DERMOPLAST	DERMOPLAST	target.com	HTTPS://WWW.TARGET.COM/B/DERMOPLAST/-/N-Q643LE3TASH
DERMORGANIC	DERMORGANIC	target.com	HTTPS://WWW.TARGET.COM/B/DERMORGANIC/-/N-Q643LEY8D5U
DEROMA	DEROMA	target.com	HTTPS://WWW.TARGET.COM/B/DEROMA/-/N-Q643LEKLQ31
DERRUN	DEERRUN	target.com	HTTPS://WWW.TARGET.COM/B/DEERRUN/-/N-Q643LE4UF0D
DESAINOPH	DENYDESIGNS	target.com	HTTPS://WWW.TARGET.COM/B/DENY-DESIGNS/-/N-ZA1N3
DESERTESSENCE	DESERTESSENCE	target.com	HTTPS://WWW.TARGET.COM/B/DESERT-ESSENCE/-/N-Q643LEYN2M7
DESERTFOXGOLF	DESERTFOXGOLF	target.com	HTTPS://WWW.TARGET.COM/B/DESERT-FOX-GOLF/-/N-Q643LELOANH
DESETIN	DESITIN	target.com	HTTPS://WWW.TARGET.COM/B/DESITIN/-/N-5T8AA
DESIGNERFOUNTAIN	DESIGNERSFOUNTAIN	target.com	HTTPS://WWW.TARGET.COM/B/DESIGNERS-FOUNTAIN/-/N-Q643LE3H69Z
DESIGNERPROTEIN	DESIGNERPROTEIN	target.com	HTTPS://WWW.TARGET.COM/B/DESIGNER-PROTEIN/-/N-Q643LEIAZ4O
DESIGNESSENTIALS	DESIGNESSENTIALS	target.com	HTTPS://WWW.TARGET.COM/B/DESIGN-ESSENTIALS/-/N-4YJ43
DESIGNIMPORT	DESIGNIMPORTS	target.com	HTTPS://WWW.TARGET.COM/B/DESIGN-IMPORTS/-/N-4UF1H
DESIGNIMPORTS	DESIGNIMPORTS	target.com	HTTPS://WWW.TARGET.COM/B/DESIGN-IMPORTS/-/N-4UF1H
DESIGNIMPORTSINDIA	DESIGNIMPORTS	target.com	HTTPS://WWW.TARGET.COM/B/DESIGN-IMPORTS/-/N-4UF1H
DESIGNMAYDIFFER	MADEBYDESIGN	target.com	HTTPS://WWW.TARGET.COM/B/MADE-BY-DESIGN/-/N-C12RR
DESIGNME	DESIGNME	target.com	HTTPS://WWW.TARGET.COM/B/DESIGNME/-/N-Q643LEHZ8YP
DESIGNOVATION	DESIGNOVATION	target.com	HTTPS://WWW.TARGET.COM/B/DESIGNOVATION/-/N-7WH0W
DESIGNPAC	DESIGNPAC	target.com	HTTPS://WWW.TARGET.COM/B/DESIGNPAC/-/N-64VG
DESIGNSBYDAKE	MADEBYDESIGN	target.com	HTTPS://WWW.TARGET.COM/B/MADE-BY-DESIGN/-/N-C12RR
DESIGNSBYDEVINDFGO8	MADEBYDESIGN	target.com	HTTPS://WWW.TARGET.COM/B/MADE-BY-DESIGN/-/N-C12RR
DESIGNTASCANO	DESIGNTOSCANO	target.com	HTTPS://WWW.TARGET.COM/B/DESIGN-TOSCANO/-/N-15JQA
DESIGNTOSCANO	DESIGNTOSCANO	target.com	HTTPS://WWW.TARGET.COM/B/DESIGN-TOSCANO/-/N-15JQA
DESIGNWORKS	DESIGNWORKSINK	target.com	HTTPS://WWW.TARGET.COM/B/DESIGNWORKS-INK/-/N-L0LJ7
DESIGNWORKSINK	DESIGNWORKSINK	target.com	HTTPS://WWW.TARGET.COM/B/DESIGNWORKS-INK/-/N-L0LJ7
DESITIN	DESITIN	target.com	HTTPS://WWW.TARGET.COM/B/DESITIN/-/N-5T8AA
DESPERATEENTERPRISES	DESPERATEENTERPRISES	target.com	HTTPS://WWW.TARGET.COM/B/DESPERATE-ENTERPRISES/-/N-Q643LEW8GZH
DESSIE	DESSIE	target.com	HTTPS://WWW.TARGET.COM/B/DESSIE/-/N-Q643LENBV6Z
DESTINYIMAGEINCORPORATED	DESTINYIMAGEINCORPORATED	target.com	HTTPS://WWW.TARGET.COM/B/DESTINY-IMAGE-INCORPORATED/-/N-Q643LED0KN4
DEUNIK	DENIK	target.com	HTTPS://WWW.TARGET.COM/B/DENIK/-/N-4TH00
DEVACURL	DEVACURL	target.com	HTTPS://WWW.TARGET.COM/B/DEVACURL/-/N-55LOQ
DEVINECOLOR	DEVINECOLOR	target.com	HTTPS://WWW.TARGET.COM/B/DEVINE-COLOR/-/N-559OV
DEVOAC	DEVOAC	target.com	HTTPS://WWW.TARGET.COM/B/DEVOAC/-/N-Q643LE548M5
DEVORSSCOMPANY	DEVORSSCOMPANY	target.com	HTTPS://WWW.TARGET.COM/B/DEVORSS-COMPANY/-/N-Q643LE8E2YJ
DEVORSSCOMPANY	DEVORSSCOMPANY	target.com	HTTPS://WWW.TARGET.COM/B/DEVORSS-COMPANY/-/N-Q643LE8E2YJ?NAO=48
DEVORSSCOMPANY	DEVORSSCOMPANY	target.com	HTTPS://WWW.TARGET.COM/B/DEVORSS-COMPANY/-/N-Q643LE8E2YJ?NAO=72
DEW	MTNDEW	target.com	HTTPS://WWW.TARGET.COM/B/MTN-DEW/-/N-JV6YW
DEWAY	DEWAY	target.com	HTTPS://WWW.TARGET.COM/B/DEWAY/-/N-Q643LEUSPVV
DEXAS	DEXAS	target.com	HTTPS://WWW.TARGET.COM/B/DEXAS/-/N-5XH4J
DEXNOR	DEXNOR	target.com	HTTPS://WWW.TARGET.COM/B/DEXNOR/-/N-Q643LE908T0
DEYICHILDRENPRODUCTSCOLTD	DELTACHILDREN	target.com	HTTPS://WWW.TARGET.COM/B/DELTA-CHILDREN/-/N-556SR
DEYSTREETBOOKS	DEYSTREETBOOKS	target.com	HTTPS://WWW.TARGET.COM/B/DEY-STREET-BOOKS/-/N-Q643LEUCAIU
DGBOOKSPUBLISHING	DGBOOKSPUBLISHING	target.com	HTTPS://WWW.TARGET.COM/B/DG-BOOKS-PUBLISHING/-/N-Q643LEMY2OY
DGDREAMGEAR	DREAMGEAR	target.com	HTTPS://WWW.TARGET.COM/B/DREAMGEAR/-/N-4Y8KH
DGHVIN	DAVINES	target.com	HTTPS://WWW.TARGET.COM/B/DAVINES/-/N-Q643LEGCBI7
DHC	DHC	target.com	HTTPS://WWW.TARGET.COM/B/DHC/-/N-JGCIC
DHDISTRIBUTING	DHDISTRIBUTING	target.com	HTTPS://WWW.TARGET.COM/B/D-H-DISTRIBUTING/-/N-Q643LEG1GK
DHDISTRIBUTINGCO	DHDISTRIBUTING	target.com	HTTPS://WWW.TARGET.COM/B/D-H-DISTRIBUTING/-/N-Q643LEG1GK
DIAINENA	DAIYA	target.com	HTTPS://WWW.TARGET.COM/B/DAIYA/-/N-NT82Y
DIALPRESS	DIALPRESS	target.com	HTTPS://WWW.TARGET.COM/B/DIAL-PRESS/-/N-Q643LEXO9TY
DIAMONDDOTZ	DIAMONDDOTZ	target.com	HTTPS://WWW.TARGET.COM/B/DIAMOND-DOTZ/-/N-Q643LE9NZRE
DIAMONDSELECT	DIAMONDSELECTTOYS	target.com	HTTPS://WWW.TARGET.COM/B/DIAMOND-SELECT-TOYS/-/N-4VQPI
DIAMONDSELECTTOYS	DIAMONDSELECTTOYS	target.com	HTTPS://WWW.TARGET.COM/B/DIAMOND-SELECT-TOYS/-/N-4VQPI
DIAMONDTECH	DIAMONDTECH	target.com	HTTPS://WWW.TARGET.COM/B/DIAMOND-TECH/-/N-MLUSQ
DIANEVONFURSTENBERGFORTARGET	DIANEVONFURSTENBERGFORTARGET	target.com	HTTPS://WWW.TARGET.COM/B/DIANE-VON-FURSTENBERG-FOR-TARGET/-/N-Q643LEGKB0J
DIAPERDEKOR	DIAPERDEKOR	target.com	HTTPS://WWW.TARGET.COM/B/DIAPER-DEKOR/-/N-5X7VQ
DIAPERGENIE	DIAPERGENIE	target.com	HTTPS://WWW.TARGET.COM/B/DIAPER-GENIE/-/N-56D0D
DIARESQ	DIARESQ	target.com	HTTPS://WWW.TARGET.COM/B/DIARESQ/-/N-Q643LEBU1YX
DICKIE	DICKIES	target.com	HTTPS://WWW.TARGET.COM/B/DICKIES/-/N-5E838
DICKIES	DICKIES	target.com	HTTPS://WWW.TARGET.COM/B/DICKIES/-/N-5E838
DICKIETOYS	DICKIETOYS	target.com	HTTPS://WWW.TARGET.COM/B/DICKIE-TOYS/-/N-HVM19
DICKIETOYSHKLTD	DICKIETOYS	target.com	HTTPS://WWW.TARGET.COM/B/DICKIE-TOYS/-/N-HVM19
DICKIETOYSQQ	DICKIETOYS	target.com	HTTPS://WWW.TARGET.COM/B/DICKIE-TOYS/-/N-HVM19
DICKINSONBRANDS	DICKINSONS	target.com	HTTPS://WWW.TARGET.COM/B/DICKINSON-S/-/N-DLJ6D
DICKMARTINSPORTS	DICKSSPORTINGGOODS	target.com	HTTPS://WWW.TARGET.COM/B/DICK-S-SPORTING-GOODS/-/N-Q643LE2RGC7
DICKS	DICKSSPORTINGGOODS	target.com	HTTPS://WWW.TARGET.COM/B/DICK-S-SPORTING-GOODS/-/N-Q643LE2RGC7
DICKSONS	DICKSONS	target.com	HTTPS://WWW.TARGET.COM/B/DICKSONS/-/N-Q643LEZ928J
DIDAX	DIDAX	target.com	HTTPS://WWW.TARGET.COM/B/DIDAX/-/N-YW30R
DIDIEYES	DICKIES	target.com	HTTPS://WWW.TARGET.COM/B/DICKIES/-/N-5E838
DIEAIYA	DAIYA	target.com	HTTPS://WWW.TARGET.COM/B/DAIYA/-/N-NT82Y
DIECASTMASTERS	DIECASTMASTERS	target.com	HTTPS://WWW.TARGET.COM/B/DIECAST-MASTERS/-/N-70NDS
DIETMOUNTAINDEW	DIETMTNDEW	target.com	HTTPS://WWW.TARGET.COM/B/DIET-MTN-DEW/-/N-9H9JX
DIETMTNDEW	DIETMTNDEW	target.com	HTTPS://WWW.TARGET.COM/B/DIET-MTN-DEW/-/N-9H9JX
DIETPEPSI	DIETPEPSI	target.com	HTTPS://WWW.TARGET.COM/B/DIET-PEPSI/-/N-55AKB
DIFFERIN	DIFFERIN	target.com	HTTPS://WWW.TARGET.COM/B/DIFFERIN/-/N-NIKV8
DIFFERMORE	DIFFERIN	target.com	HTTPS://WWW.TARGET.COM/B/DIFFERIN/-/N-NIKV8
DIFRINE	DIFFERIN	target.com	HTTPS://WWW.TARGET.COM/B/DIFFERIN/-/N-NIKV8
DIGIREADSCOM	DIGIREADSCOM	target.com	HTTPS://WWW.TARGET.COM/B/DIGIREADS-COM/-/N-Q643LE5YNHR
DIGUISE	DISGUISE	target.com	HTTPS://WWW.TARGET.COM/B/DISGUISE/-/N-DGTBU
DII	DII	target.com	HTTPS://WWW.TARGET.COM/B/DII/-/N-Q643LE10DFN
DIIDESIGNIMPORTS	DESIGNIMPORTS	target.com	HTTPS://WWW.TARGET.COM/B/DESIGN-IMPORTS/-/N-4UF1H
DIKALADY	DICKIES	target.com	HTTPS://WWW.TARGET.COM/B/DICKIES/-/N-5E838
DIKASLON	DIKASLON	target.com	HTTPS://WWW.TARGET.COM/B/DIKASLON/-/N-Q643LE85Q6V
DIKAYI	DICKIES	target.com	HTTPS://WWW.TARGET.COM/B/DICKIES/-/N-5E838
DIKEDON	DICKIES	target.com	HTTPS://WWW.TARGET.COM/B/DICKIES/-/N-5E838
DIKETIGEEY	DICKIES	target.com	HTTPS://WWW.TARGET.COM/B/DICKIES/-/N-5E838
DIKEWEN	DICKIES	target.com	HTTPS://WWW.TARGET.COM/B/DICKIES/-/N-5E838
DIMETAPP	DIMETAPP	target.com	HTTPS://WWW.TARGET.COM/B/DIMETAPP/-/N-4YM42
DINORANCH	DINORANCH	target.com	HTTPS://WWW.TARGET.COM/B/DINO-RANCH/-/N-Q643LEW9314
DINTYMOORE	DINTYMOORE	target.com	HTTPS://WWW.TARGET.COM/B/DINTY-MOORE/-/N-560DX
DIONIS	DIONISGOATMILKSKINCARE	target.com	HTTPS://WWW.TARGET.COM/B/DIONIS-GOAT-MILK-SKINCARE/-/N-Q643LE4XVA2
DIPDESIGN	DIPDESIGNISPERSONAL	target.com	HTTPS://WWW.TARGET.COM/B/DIP-DESIGN-IS-PERSONAL/-/N-3OXXB
DIPDESIGNISPERSONAL	DIPDESIGNISPERSONAL	target.com	HTTPS://WWW.TARGET.COM/B/DIP-DESIGN-IS-PERSONAL/-/N-3OXXB
DIPTYQUE	DIPTYQUE	target.com	HTTPS://WWW.TARGET.COM/B/DIPTYQUE/-/N-Q643LESFUVY
DIRECTAFTERMARKET	DIRECTAFTERMARKET	target.com	HTTPS://WWW.TARGET.COM/B/DIRECT-AFTERMARKET/-/N-Q643LE9PHCK
DIRERSEZA	DIARESQ	target.com	HTTPS://WWW.TARGET.COM/B/DIARESQ/-/N-Q643LEBU1YX
DIRTDEVIL	DIRTDEVIL	target.com	HTTPS://WWW.TARGET.COM/B/DIRT-DEVIL/-/N-5XVKS
DIRTDEVIL2IN1	DIRTDEVIL	target.com	HTTPS://WWW.TARGET.COM/B/DIRT-DEVIL/-/N-5XVKS
DIRTDEVILED	DIRTDEVIL	target.com	HTTPS://WWW.TARGET.COM/B/DIRT-DEVIL/-/N-5XVKS
DIRTYPOTAOCHIPS	DIRTYPOTATOCHIPS	target.com	HTTPS://WWW.TARGET.COM/B/DIRTY-POTATO-CHIPS/-/N-Q643LE7PSU5
DIRTYPOTATOCHIPS	DIRTYPOTATOCHIPS	target.com	HTTPS://WWW.TARGET.COM/B/DIRTY-POTATO-CHIPS/-/N-Q643LE7PSU5
DIRTYSUE	DIPTYQUE	target.com	HTTPS://WWW.TARGET.COM/B/DIPTYQUE/-/N-Q643LESFUVY
DISCOUNTRAMPS	DISCOUNTRAMPS	target.com	HTTPS://WWW.TARGET.COM/B/DISCOUNT-RAMPS/-/N-Q643LEU1PGH
DISCOVERYBAYGAMES	DISCOVERYBAYGAMES	target.com	HTTPS://WWW.TARGET.COM/B/DISCOVERY-BAY-GAMES/-/N-4KFKQ
DISCOVERYKIDS	DISCOVERYKIDS	target.com	HTTPS://WWW.TARGET.COM/B/DISCOVERY-KIDS/-/N-5WZDK
DISGUISE	DISGUISE	target.com	HTTPS://WWW.TARGET.COM/B/DISGUISE/-/N-DGTBU
DISNEYDESCENDANTS	DESCENDANTS	target.com	HTTPS://WWW.TARGET.COM/B/DESCENDANTS/-/N-4Y8N2
DISNEYDOORABLES	DISNEYDOORABLES	target.com	HTTPS://WWW.TARGET.COM/B/DISNEY-DOORABLES/-/N-TTOWU
DISNEYEDITIONS	DISNEYEDITIONS	target.com	HTTPS://WWW.TARGET.COM/B/DISNEY-EDITIONS/-/N-Q643LEDLPMT
DISNEYHYPERION	DISNEYHYPERION	target.com	HTTPS://WWW.TARGET.COM/B/DISNEY-HYPERION/-/N-Q643LEMBFEV
DISNEYILY4EVER	DISNEYILY4EVER	target.com	HTTPS://WWW.TARGET.COM/B/DISNEY-ILY-4EVER/-/N-Q643LESC58T
DISNEYILY4EVERDOLLS	DISNEYILY4EVER	target.com	HTTPS://WWW.TARGET.COM/B/DISNEY-ILY-4EVER/-/N-Q643LESC58T
DISNEYJUNIORFIREBUDS	DISNEYJUNIORFIREBUDS	target.com	HTTPS://WWW.TARGET.COM/B/DISNEY-JUNIOR-FIREBUDS/-/N-Q643LE8UAPA
DISNEYPRESS	DISNEYPRESS	target.com	HTTPS://WWW.TARGET.COM/B/DISNEY-PRESS/-/N-Q643LEA1OOS
DISON	DYSONPRODUCTS	target.com	HTTPS://WWW.TARGET.COM/B/DYSON/-/N-5VGWM
DISPGUISE	DISGUISE	target.com	HTTPS://WWW.TARGET.COM/B/DISGUISE/-/N-DGTBU
DISQUISE	DISGUISE	target.com	HTTPS://WWW.TARGET.COM/B/DISGUISE/-/N-DGTBU
DISSONANTHUM	DISSONANTHUM	target.com	HTTPS://WWW.TARGET.COM/B/DISSONANT-HUM/-/N-Q643LEG4ICV
DISTRIBUTEDBYTARGET	ALL	target.com	HTTPS://WWW.TARGET.COM/B/ALL/-/N-5FWD2
DITTYBIRD	DITTYBIRD	target.com	HTTPS://WWW.TARGET.COM/B/DITTY-BIRD/-/N-Q643LEX5B8
DIUREX	DUREX	target.com	HTTPS://WWW.TARGET.COM/B/DUREX/-/N-5T89X
DIVERSEY	DIVERSEY	target.com	HTTPS://WWW.TARGET.COM/B/DIVERSEY/-/N-Q643LEYZEV1
DIVERSITECH	DIVERSITECH	target.com	HTTPS://WWW.TARGET.COM/B/DIVERSITECH/-/N-Q643LE88ES3
DIVI	DIVI	target.com	HTTPS://WWW.TARGET.COM/B/DIVI/-/N-Q643LE8TXLX
DIVINECHOCOLATE	DIVINECHOCOLATE	target.com	HTTPS://WWW.TARGET.COM/B/DIVINE-CHOCOLATE/-/N-P9FOH
DIVSRSEY	DIVERSEY	target.com	HTTPS://WWW.TARGET.COM/B/DIVERSEY/-/N-Q643LEYZEV1
DIXIE	DIXIE	target.com	HTTPS://WWW.TARGET.COM/B/DIXIE/-/N-56D9E
DIXIEEMS	DIXIEEMS	target.com	HTTPS://WWW.TARGET.COM/B/DIXIE-EMS/-/N-Q643LEIVISV
DIXIEINTERNATIONAL	DIXIE	target.com	HTTPS://WWW.TARGET.COM/B/DIXIE/-/N-56D9E
DIXIEUSA	DIXIE	target.com	HTTPS://WWW.TARGET.COM/B/DIXIE/-/N-56D9E
DIXIS	DIXIE	target.com	HTTPS://WWW.TARGET.COM/B/DIXIE/-/N-56D9E
DIYGIFTKITS	DIYGIFTKITS	target.com	HTTPS://WWW.TARGET.COM/B/DIY-GIFT-KITS/-/N-Q643LEB6N3X
DJGINRO	DIGIORNO	target.com	HTTPS://WWW.TARGET.COM/B/DIGIORNO/-/N-4Y7GL
DKPUBLISHINGDORLINGKINDERSLEY	DKPUBLISHINGDORLINGKINDERSLEY	target.com	HTTPS://WWW.TARGET.COM/B/DK-PUBLISHING-DORLING-KINDERSLEY/-/N-Q643LED32NO
DLECTABLES	DELECTABLES	target.com	HTTPS://WWW.TARGET.COM/B/DELECTABLES/-/N-Q643LE59WL5
DLONGHI	DELONGHI	target.com	HTTPS://WWW.TARGET.COM/B/DELONGHI/-/N-5UYBO
DLUXE	DLUXEBYDEARFOAMS	target.com	HTTPS://WWW.TARGET.COM/B/DLUXE-BY-DEARFOAMS/-/N-Q643LEALGIL
DLUXEBYDEARFOAMS	DLUXEBYDEARFOAMS	target.com	HTTPS://WWW.TARGET.COM/B/DLUXE-BY-DEARFOAMS/-/N-Q643LEALGIL
DMCPRODUCTS	DMC	target.com	HTTPS://WWW.TARGET.COM/B/DMC/-/N-Q643LEUW6SU
DMISPORTS	DMISPORTS	target.com	HTTPS://WWW.TARGET.COM/B/DMI-SPORTS/-/N-5CX4F
DNFAF	FIVENIGHTSATFREDDYS	target.com	HTTPS://WWW.TARGET.COM/B/FIVE-NIGHTS-AT-FREDDY-S/-/N-4UAUS
DOADOT	DOADOTART	target.com	HTTPS://WWW.TARGET.COM/B/DO-A-DOT-ART/-/N-C14KJ
DOADOTART	DOADOTART	target.com	HTTPS://WWW.TARGET.COM/B/DO-A-DOT-ART/-/N-C14KJ
DOCKERS	DOCKERS	target.com	HTTPS://WWW.TARGET.COM/B/DOCKERS/-/N-Q643LEYZJ2I
DOCMCSTUFFINS	DOCMCSTUFFINS	target.com	HTTPS://WWW.TARGET.COM/B/DOC-MCSTUFFINS/-/N-55LR0
DOCPHOEBE	DOCPHOEBESCATCO	target.com	HTTPS://WWW.TARGET.COM/B/DOC-PHOEBE-S-CAT-CO/-/N-Q643LEYBVDP
DOCPHOEBES	DOCPHOEBESCATCO	target.com	HTTPS://WWW.TARGET.COM/B/DOC-PHOEBE-S-CAT-CO/-/N-Q643LEYBVDP
DOCPHOEBESCATCO	DOCPHOEBESCATCO	target.com	HTTPS://WWW.TARGET.COM/B/DOC-PHOEBE-S-CAT-CO/-/N-Q643LEYBVDP
DOCTORBUTLERS	DOCTORBUTLERS	target.com	HTTPS://WWW.TARGET.COM/B/DOCTOR-BUTLER-S/-/N-Q643LEXE3IP
DOCTORSBEST	DOCTORSBEST	target.com	HTTPS://WWW.TARGET.COM/B/DOCTOR-S-BEST/-/N-Q643LE10RVU
DOCTORSCHOICEUVSTERILIZER	PHYSICIANSCHOICE	target.com	HTTPS://WWW.TARGET.COM/B/PHYSICIAN-S-CHOICE/-/N-Q643LEKEZS5
DOCTOSBEST	DOCTORSBEST	target.com	HTTPS://WWW.TARGET.COM/B/DOCTOR-S-BEST/-/N-Q643LE10RVU
DOCUGARD	DOCUGARD	target.com	HTTPS://WWW.TARGET.COM/B/DOCUGARD/-/N-54XEH
DOCUGUARD	DOCUGARD	target.com	HTTPS://WWW.TARGET.COM/B/DOCUGARD/-/N-54XEH
DODARK	DOCKERS	target.com	HTTPS://WWW.TARGET.COM/B/DOCKERS/-/N-Q643LEYZJ2I
DODOBABIES	DODOBABIES	target.com	HTTPS://WWW.TARGET.COM/B/DODO-BABIES/-/N-Q643LEHRRVP
DOGBUDDY	DOGBUDDY	target.com	HTTPS://WWW.TARGET.COM/B/DOGBUDDY/-/N-Q643LEBZCQP
DOGCHOW	DOGCHOW	target.com	HTTPS://WWW.TARGET.COM/B/DOG-CHOW/-/N-4YR95
DOGGIEDESIGN	DOGGIEDESIGN	target.com	HTTPS://WWW.TARGET.COM/B/DOGGIE-DESIGN/-/N-Q643LE1P021
DOGGONESMART	DOGGONESMART	target.com	HTTPS://WWW.TARGET.COM/B/DOG-GONE-SMART/-/N-Q643LEHQWZJ
DOGNAPPERSCOM	HAPPYNAPPERS	target.com	HTTPS://WWW.TARGET.COM/B/HAPPY-NAPPERS/-/N-Q643LEFMYRE
DOHUMP	DUMDUMS	target.com	HTTPS://WWW.TARGET.COM/B/DUM-DUMS/-/N-55G1O
DOKERS	DOCKERS	target.com	HTTPS://WWW.TARGET.COM/B/DOCKERS/-/N-Q643LEYZJ2I
DOLLARSHAVECLUB	DOLLARSHAVECLUB	target.com	HTTPS://WWW.TARGET.COM/B/DOLLAR-SHAVE-CLUB/-/N-YLXA7
DOLPHINAUDIO	DOLPHINAUDIO	target.com	HTTPS://WWW.TARGET.COM/B/DOLPHIN-AUDIO/-/N-Q643LEELZYT
DOLPHINHATGAMES	DOLPHINHATGAMES	target.com	HTTPS://WWW.TARGET.COM/B/DOLPHIN-HAT-GAMES/-/N-Q643LE6LMMT
DOLU	DOLU	target.com	HTTPS://WWW.TARGET.COM/B/DOLU/-/N-Q643LEVYE87
DOMAINCYCLING	DOMAINCYCLING	target.com	HTTPS://WWW.TARGET.COM/B/DOMAIN-CYCLING/-/N-Q643LEU2PGM
DOMESTICCORNER	DOMESTICCORNER	target.com	HTTPS://WWW.TARGET.COM/B/DOMESTIC-CORNER/-/N-Q643LEW4N8Y
DOMEZO	DOMO	target.com	HTTPS://WWW.TARGET.COM/B/DOMO/-/N-BMT76
DOMO	DOMO	target.com	HTTPS://WWW.TARGET.COM/B/DOMO/-/N-BMT76
DOMOBRANDS	DOMO	target.com	HTTPS://WWW.TARGET.COM/B/DOMO/-/N-BMT76
DOMOEY	DOMO	target.com	HTTPS://WWW.TARGET.COM/B/DOMO/-/N-BMT76
DOMOOS	DOMO	target.com	HTTPS://WWW.TARGET.COM/B/DOMO/-/N-BMT76
DONCOKIDS	DONCOKIDS	target.com	HTTPS://WWW.TARGET.COM/B/DONCO-KIDS/-/N-IUYJG
DONFRANCISCOS	DONFRANCISCOS	target.com	HTTPS://WWW.TARGET.COM/B/DON-FRANCISCO-S/-/N-55ZL1
DONGOKIDS	DONCOKIDS	target.com	HTTPS://WWW.TARGET.COM/B/DONCO-KIDS/-/N-IUYJG
DONIVI	DIVI	target.com	HTTPS://WWW.TARGET.COM/B/DIVI/-/N-Q643LE8TXLX
DONNASRECIPE	DONNASRECIPE	target.com	HTTPS://WWW.TARGET.COM/B/DONNA-S-RECIPE/-/N-Q643LEIGJMP
DONNASRECIPEBYTABITHABROWN	DONNASRECIPE	target.com	HTTPS://WWW.TARGET.COM/B/DONNA-S-RECIPE/-/N-Q643LEIGJMP
DONNYOSMONDHOME	DONNYOSMONDHOME	target.com	HTTPS://WWW.TARGET.COM/B/DONNY-OSMOND-HOME/-/N-Q643LEM0CL6
DONSCHUCKWAGON	DONSCHUCKWAGON	target.com	HTTPS://WWW.TARGET.COM/B/DON-S-CHUCK-WAGON/-/N-Q643LEWYQPU
DOODLEANDPECKPUBLISHING	DOODLEANDPECKPUBLISHING	target.com	HTTPS://WWW.TARGET.COM/B/DOODLE-AND-PECK-PUBLISHING/-/N-Q643LE9JJXC
DOOMLINGS	DOOMLINGS	target.com	HTTPS://WWW.TARGET.COM/B/DOOMLINGS/-/N-Q643LERWP6S
DOONA	DOONA	target.com	HTTPS://WWW.TARGET.COM/B/DOONA/-/N-Q643LE9FJZG
DOORABLES	DISNEYDOORABLES	target.com	HTTPS://WWW.TARGET.COM/B/DISNEY-DOORABLES/-/N-TTOWU
DOOVEE	DOVE	target.com	HTTPS://WWW.TARGET.COM/B/DOVE/-/N-P2D5P
DOPRO	GOPRO	target.com	HTTPS://WWW.TARGET.COM/B/GOPRO/-/N-5CLLI
DOPSSIE	DOSSIER	target.com	HTTPS://WWW.TARGET.COM/B/DOSSIER/-/N-Q643LE446IV
DORA	DORATHEEXPLORER	target.com	HTTPS://WWW.TARGET.COM/B/DORA-THE-EXPLORER/-/N-5XY70
DORATHEEXPLORER	DORATHEEXPLORER	target.com	HTTPS://WWW.TARGET.COM/B/DORA-THE-EXPLORER/-/N-5XY70
DORESSHOP	DORESSHOP	target.com	HTTPS://WWW.TARGET.COM/B/DORESSHOP/-/N-Q643LESMIC1
DORISO	DORITOS	target.com	HTTPS://WWW.TARGET.COM/B/DORITOS/-/N-56DGL
DORITO	DORITOS	target.com	HTTPS://WWW.TARGET.COM/B/DORITOS/-/N-56DGL
DORITOS	DORITOS	target.com	HTTPS://WWW.TARGET.COM/B/DORITOS/-/N-56DGL
DORLINGKINDERSLEY	DORLINGKINDERSLEY	target.com	HTTPS://WWW.TARGET.COM/B/DORLING-KINDERSLEY/-/N-Q643LEUZLAC
DORRANCEPUBLISHINGCO	DORRANCEPUBLISHINGCO	target.com	HTTPS://WWW.TARGET.COM/B/DORRANCE-PUBLISHING-CO/-/N-Q643LE7TW6F
DOSHOMESTYLEPRETZELS	DOTSHOMESTYLEPRETZELS	target.com	HTTPS://WWW.TARGET.COM/B/DOT-S-HOMESTYLE-PRETZELS/-/N-JDJL5
DOSSUEOS	DOSSIER	target.com	HTTPS://WWW.TARGET.COM/B/DOSSIER/-/N-Q643LE446IV
DOTANDDOT	DOADOTART	target.com	HTTPS://WWW.TARGET.COM/B/DO-A-DOT-ART/-/N-C14KJ
DOTPAINT	DOADOTART	target.com	HTTPS://WWW.TARGET.COM/B/DO-A-DOT-ART/-/N-C14KJ
DOTSHOMESTYLEPRETZELS	DOTSHOMESTYLEPRETZELS	target.com	HTTPS://WWW.TARGET.COM/B/DOT-S-HOMESTYLE-PRETZELS/-/N-JDJL5
DOTSPRETZELS	DOTSHOMESTYLEPRETZELS	target.com	HTTPS://WWW.TARGET.COM/B/DOT-S-HOMESTYLE-PRETZELS/-/N-JDJL5
DOTTARTS	DOADOTART	target.com	HTTPS://WWW.TARGET.COM/B/DO-A-DOT-ART/-/N-C14KJ
DOTTIRPRESS	DOTTIRPRESS	target.com	HTTPS://WWW.TARGET.COM/B/DOTTIR-PRESS/-/N-Q643LEVZ8NP
DOUBLEDONUT	DOUBLEDONUTCOFFEE	target.com	HTTPS://WWW.TARGET.COM/B/DOUBLE-DONUT-COFFEE/-/N-Q643LEIPVXN
DOUBLEMINT	DOUBLEMINT	target.com	HTTPS://WWW.TARGET.COM/B/DOUBLEMINT/-/N-S5PHF
DOUBLESTITCHBYBEDSURE	DOUBLESTITCHBYBEDSURE	target.com	HTTPS://WWW.TARGET.COM/B/DOUBLE-STITCH-BY-BEDSURE/-/N-Q643LEV97FF
DOUBLEWOOD	DOUBLEWOODSUPPLEMENTS	target.com	HTTPS://WWW.TARGET.COM/B/DOUBLE-WOOD-SUPPLEMENTS/-/N-Q643LE187XV
DOUBLEWOODSUPPLEMENTS	DOUBLEWOODSUPPLEMENTS	target.com	HTTPS://WWW.TARGET.COM/B/DOUBLE-WOOD-SUPPLEMENTS/-/N-Q643LE187XV
DOUGHMAKERS	DOUGHMAKERS	target.com	HTTPS://WWW.TARGET.COM/B/DOUGHMAKERS/-/N-4WA7G
DOUGMELISSA	MELISSADOUG	target.com	HTTPS://WWW.TARGET.COM/B/MELISSA-DOUG/-/N-5XXIU
DOUMISING	DOOMLINGS	target.com	HTTPS://WWW.TARGET.COM/B/DOOMLINGS/-/N-Q643LERWP6S
DOUWEEGBERTS	DOUWEEGBERTS	target.com	HTTPS://WWW.TARGET.COM/B/DOUWE-EGBERTS/-/N-Q643LEIQXQW
DOUX	THEDOUX	target.com	HTTPS://WWW.TARGET.COM/B/THE-DOUX/-/N-PMP9M
DOUXAGE	THEDOUX	target.com	HTTPS://WWW.TARGET.COM/B/THE-DOUX/-/N-PMP9M
DOVE	DOVE	target.com	HTTPS://WWW.TARGET.COM/B/DOVE/-/N-P2D5P
DOVEAID	DOVE	target.com	HTTPS://WWW.TARGET.COM/B/DOVE/-/N-P2D5P
DOVEBEAUTY	DOVE	target.com	HTTPS://WWW.TARGET.COM/B/DOVE/-/N-P2D5P
DOVECHOCOLATE	DOVECHOCOLATE	target.com	HTTPS://WWW.TARGET.COM/B/DOVE-CHOCOLATE/-/N-560N2
DOVEEDOSA	DOVE	target.com	HTTPS://WWW.TARGET.COM/B/DOVE/-/N-P2D5P
DOVEET	DOVE	target.com	HTTPS://WWW.TARGET.COM/B/DOVE/-/N-P2D5P
DOVEMENCARE	DOVEMENCARE	target.com	HTTPS://WWW.TARGET.COM/B/DOVE-MEN-CARE/-/N-558L2
DOVEMENPLUSCARE	DOVEMENCARE	target.com	HTTPS://WWW.TARGET.COM/B/DOVE-MEN-CARE/-/N-558L2
DOVERPUBLICATIONS	DOVERPUBLICATIONS	target.com	HTTPS://WWW.TARGET.COM/B/DOVER-PUBLICATIONS/-/N-Q643LE4BZUH
DOVEULTIMATE	DOVE	target.com	HTTPS://WWW.TARGET.COM/B/DOVE/-/N-P2D5P
DOWE	DOVE	target.com	HTTPS://WWW.TARGET.COM/B/DOVE/-/N-P2D5P
DOWINX	DOWINX	target.com	HTTPS://WWW.TARGET.COM/B/DOWINX/-/N-Q643LE8UT7W
DOWLINGMAGNETS	DOWLINGMAGNETS	target.com	HTTPS://WWW.TARGET.COM/B/DOWLING-MAGNETS/-/N-4VQJW
DOWNLITE	DOWNLITE	target.com	HTTPS://WWW.TARGET.COM/B/DOWNLITE/-/N-9D1P8
DOWNY	DOWNY	target.com	HTTPS://WWW.TARGET.COM/B/DOWNY/-/N-5CUSF
DOZBYSIJO	DOZBYSIJO	target.com	HTTPS://WWW.TARGET.COM/B/DOZ-BY-SIJO/-/N-Q643LEAHH4E
DRAGONBALLZ	DRAGONBALLZ	target.com	HTTPS://WWW.TARGET.COM/B/DRAGON-BALL-Z/-/N-M4NCC
DRAGONGLASSWARE	DRAGONGLASSWARE	target.com	HTTPS://WWW.TARGET.COM/B/DRAGON-GLASSWARE/-/N-Q643LE6NJE2
DRAGONSHIELD	DRAGONSHIELD	target.com	HTTPS://WWW.TARGET.COM/B/DRAGON-SHIELD/-/N-AY9S9
DRAGONTARGETS	DRAGON	target.com	HTTPS://WWW.TARGET.COM/B/DRAGON/-/N-QFASD
DRAMAMINE	DRAMAMINE	target.com	HTTPS://WWW.TARGET.COM/B/DRAMAMINE/-/N-7ZJB3
DRAMM	DRAMM	target.com	HTTPS://WWW.TARGET.COM/B/DRAMM/-/N-E2X0C
DRANISON	DRANO	target.com	HTTPS://WWW.TARGET.COM/B/DRANO/-/N-56AA5
DRANO	DRANO	target.com	HTTPS://WWW.TARGET.COM/B/DRANO/-/N-56AA5
DRBECKERS	DRBECKERSBITES	target.com	HTTPS://WWW.TARGET.COM/B/DR-BECKER-S-BITES/-/N-Q643LEU3Y1P
DRBONNERS	DRBRONNERS	target.com	HTTPS://WWW.TARGET.COM/B/DR-BRONNER-S/-/N-5TD3Q
DRBRACE	DRBRACE	target.com	HTTPS://WWW.TARGET.COM/B/DR-BRACE/-/N-Q643LE4VVJN
DRBRANDT	DRBRANDTSKINCARE	target.com	HTTPS://WWW.TARGET.COM/B/DR-BRANDT-SKINCARE/-/N-Q643LEI892H
DRBRANDTSKINCARE	DRBRANDTSKINCARE	target.com	HTTPS://WWW.TARGET.COM/B/DR-BRANDT-SKINCARE/-/N-Q643LEI892H
DRBRITE	DRBRITE	target.com	HTTPS://WWW.TARGET.COM/B/DR-BRITE/-/N-5RX8I
DRBRONNER	DRBRONNERS	target.com	HTTPS://WWW.TARGET.COM/B/DR-BRONNER-S/-/N-5TD3Q
DRBRONNERS	DRBRONNERS	target.com	HTTPS://WWW.TARGET.COM/B/DR-BRONNER-S/-/N-5TD3Q
DRBRONNERSMAGIC	DRBRONNERS	target.com	HTTPS://WWW.TARGET.COM/B/DR-BRONNER-S/-/N-5TD3Q
DRBRONNES	DRBRONNERS	target.com	HTTPS://WWW.TARGET.COM/B/DR-BRONNER-S/-/N-5TD3Q
DRBROWNS	DRBROWNS	target.com	HTTPS://WWW.TARGET.COM/B/DR-BROWN-S/-/N-5Y54X
DRCATCIH	DRSQUATCH	target.com	HTTPS://WWW.TARGET.COM/B/DR-SQUATCH/-/N-Q643LESUGJF
DRCHRISTOPHERS	DRCHRISTOPHERS	target.com	HTTPS://WWW.TARGET.COM/B/DR-CHRISTOPHER-S/-/N-Q643LETQTOP
DRDINGRUI	DURADRY	target.com	HTTPS://WWW.TARGET.COM/B/DURADRY/-/N-Q643LE3REWE
DRDRE	BEATSBYDREHEADPHONES	target.com	HTTPS://WWW.TARGET.COM/B/BEATS/-/N-S64Q0
DREACOM	DREO	target.com	HTTPS://WWW.TARGET.COM/B/DREO/-/N-Q643LE2CP5W
DREAMBABY	DREAMBABY	target.com	HTTPS://WWW.TARGET.COM/B/DREAMBABY/-/N-557UU
DREAMBABYNORTHSTATES	DREAMBABY	target.com	HTTPS://WWW.TARGET.COM/B/DREAMBABY/-/N-557UU
DREAMBABYPARTY	DREAMBABY	target.com	HTTPS://WWW.TARGET.COM/B/DREAMBABY/-/N-557UU
DREAMBONE	DREAMBONE	target.com	HTTPS://WWW.TARGET.COM/B/DREAMBONE/-/N-A3L11
DREAMCATCHER	DREAMCATCHER	target.com	HTTPS://WWW.TARGET.COM/B/DREAMCATCHER/-/N-Q643LEY4S8O
DREAMCATCHERCO	DREAMCATCHER	target.com	HTTPS://WWW.TARGET.COM/B/DREAMCATCHER/-/N-Q643LEY4S8O
DREAMCOLLECTION	DREAMCOLLECTION	target.com	HTTPS://WWW.TARGET.COM/B/DREAM-COLLECTION/-/N-Q643LEYWB9E
DREAME	DREAME	target.com	HTTPS://WWW.TARGET.COM/B/DREAME/-/N-Q643LEXFJDP
DREAMESNEST	DREAMNEST	target.com	HTTPS://WWW.TARGET.COM/B/DREAMNEST/-/N-Q643LEICJI9
DREAMGEAR	DREAMGEAR	target.com	HTTPS://WWW.TARGET.COM/B/DREAMGEAR/-/N-4Y8KH
DREAMGEARCE	DREAMGEAR	target.com	HTTPS://WWW.TARGET.COM/B/DREAMGEAR/-/N-4Y8KH
DREAMGEARDRKJ0	DREAMGEAR	target.com	HTTPS://WWW.TARGET.COM/B/DREAMGEAR/-/N-4Y8KH
DREAMOFME	DREAMONME	target.com	HTTPS://WWW.TARGET.COM/B/DREAM-ON-ME/-/N-QZ8H3
DREAMON	DREAMONME	target.com	HTTPS://WWW.TARGET.COM/B/DREAM-ON-ME/-/N-QZ8H3
DREAMONME	DREAMONME	target.com	HTTPS://WWW.TARGET.COM/B/DREAM-ON-ME/-/N-QZ8H3
DREAMONMEA20	DREAMONME	target.com	HTTPS://WWW.TARGET.COM/B/DREAM-ON-ME/-/N-QZ8H3
DREAMONMEL	DREAMONME	target.com	HTTPS://WWW.TARGET.COM/B/DREAM-ON-ME/-/N-QZ8H3
DREAMONMEOK	DREAMONME	target.com	HTTPS://WWW.TARGET.COM/B/DREAM-ON-ME/-/N-QZ8H3
DREAMONMESTORE	DREAMONME	target.com	HTTPS://WWW.TARGET.COM/B/DREAM-ON-ME/-/N-QZ8H3
DREAMSERENITY	DREAMSERENITY	target.com	HTTPS://WWW.TARGET.COM/B/DREAM-SERENITY/-/N-Q643LE15V6I
DREAMTIVITY	DREAMTIVITY	target.com	HTTPS://WWW.TARGET.COM/B/DREAMTIVITY/-/N-16I2B
DREAMWATER	DREAMWATER	target.com	HTTPS://WWW.TARGET.COM/B/DREAM-WATER/-/N-Q643LEP2M7B
DREAMWORKS	DREAMWORKS	target.com	HTTPS://WWW.TARGET.COM/B/DREAMWORKS/-/N-55BEV
DREARTH	DREARTH	target.com	HTTPS://WWW.TARGET.COM/B/DR-EARTH/-/N-Q643LE5NZ7B
DREMBUILDERTOY	DREMEL	target.com	HTTPS://WWW.TARGET.COM/B/DREMEL/-/N-5QSJ9
DREMEL	DREMEL	target.com	HTTPS://WWW.TARGET.COM/B/DREMEL/-/N-5QSJ9
DREMEL2900102AMP7200STROKEP	DREMEL	target.com	HTTPS://WWW.TARGET.COM/B/DREMEL/-/N-5QSJ9
DREMELDREMEL	DREMEL	target.com	HTTPS://WWW.TARGET.COM/B/DREMEL/-/N-5QSJ9
DREMELMFGCO	DREMEL	target.com	HTTPS://WWW.TARGET.COM/B/DREMEL/-/N-5QSJ9
DREMTOY	DREMEL	target.com	HTTPS://WWW.TARGET.COM/B/DREMEL/-/N-5QSJ9
DREMZLY	DREMEL	target.com	HTTPS://WWW.TARGET.COM/B/DREMEL/-/N-5QSJ9
DREO	DREO	target.com	HTTPS://WWW.TARGET.COM/B/DREO/-/N-Q643LE2CP5W
DRESSALONGDOLLY	DRESSALONGDOLLY	target.com	HTTPS://WWW.TARGET.COM/B/DRESS-ALONG-DOLLY/-/N-Q643LE2MN8O
DRESSITUP	DRESSITUP	target.com	HTTPS://WWW.TARGET.COM/B/DRESS-IT-UP/-/N-Q643LERCK3W
DRESSUPAMERICA	DRESSUPAMERICA	target.com	HTTPS://WWW.TARGET.COM/B/DRESS-UP-AMERICA/-/N-6FYN2
DREWCOLE	DREWCOLE	target.com	HTTPS://WWW.TARGET.COM/B/DREW-COLE/-/N-Q643LEG8NNI
DRFIY	DRIFTCO	target.com	HTTPS://WWW.TARGET.COM/B/DRIFT-CO/-/N-Q643LE95H0D
DRFORHAIR	DRFORHAIR	target.com	HTTPS://WWW.TARGET.COM/B/DR-FORHAIR/-/N-Q643LE3GEBX
DRGINGERS	DRGINGERS	target.com	HTTPS://WWW.TARGET.COM/B/DR-GINGER-S/-/N-AU7PM
DRHAUSCHKA	DRHAUSCHKA	target.com	HTTPS://WWW.TARGET.COM/B/DR-HAUSCHKA/-/N-Q643LE1LVVR
DRHEMPSTER	DRHEMPSTER	target.com	HTTPS://WWW.TARGET.COM/B/DR-HEMPSTER/-/N-Q643LE8NZ6T
DRI	CERTAINDRI	target.com	HTTPS://WWW.TARGET.COM/B/CERTAIN-DRI/-/N-54XTS
DRIFT	DRIFTCO	target.com	HTTPS://WWW.TARGET.COM/B/DRIFT-CO/-/N-Q643LE95H0D
DRIFTCREEK	DRIFTCREEKOUTDOORS	target.com	HTTPS://WWW.TARGET.COM/B/DRIFT-CREEK-OUTDOORS/-/N-Q643LE8BX40
DRIFTSUN	DRIFTSUN	target.com	HTTPS://WWW.TARGET.COM/B/DRIFTSUN/-/N-Q643LEP7QS6
DRIMILER	DREMEL	target.com	HTTPS://WWW.TARGET.COM/B/DREMEL/-/N-5QSJ9
DRIPDROP	DRIPDROP	target.com	HTTPS://WWW.TARGET.COM/B/DRIPDROP/-/N-Q643LEITFM3
DRITZ	DRITZ	target.com	HTTPS://WWW.TARGET.COM/B/DRITZ/-/N-Q643LEFB2LI
DRIVENBYBATTAT	DRIVENBYBATTAT	target.com	HTTPS://WWW.TARGET.COM/B/DRIVEN-BY-BATTAT/-/N-8VUL1
DRIVERRECOVERYPRODUCTS	DRIVERRECOVERYPRODUCTS	target.com	HTTPS://WWW.TARGET.COM/B/DRIVER-RECOVERY-PRODUCTS/-/N-Q643LE3PS4G
DRIVEWAYGAMES	DRIVEWAYGAMES	target.com	HTTPS://WWW.TARGET.COM/B/DRIVEWAY-GAMES/-/N-Q643LELWPJZ
DRJOHNSHEALTHYSWEETS	DRJOHNSHEALTHYSWEETS	target.com	HTTPS://WWW.TARGET.COM/B/DR-JOHN-S-HEALTHY-SWEETS/-/N-Q643LEFKVPM
DRJONY	DRJOHNSHEALTHYSWEETS	target.com	HTTPS://WWW.TARGET.COM/B/DR-JOHN-S-HEALTHY-SWEETS/-/N-Q643LEFKVPM
DRKELLYANN	DRKELLYANN	target.com	HTTPS://WWW.TARGET.COM/B/DR-KELLYANN/-/N-Q643LEQMV6Z
DRMCDOUGALLS	DRMCDOUGALLS	target.com	HTTPS://WWW.TARGET.COM/B/DR-MCDOUGALLS/-/N-Q643LEFC1VR
DRMCDOUGALS	DRMCDOUGALLS	target.com	HTTPS://WWW.TARGET.COM/B/DR-MCDOUGALLS/-/N-Q643LEFC1VR
DRME	DREMEL	target.com	HTTPS://WWW.TARGET.COM/B/DREMEL/-/N-5QSJ9
DRMERCOLA	DRMERCOLA	target.com	HTTPS://WWW.TARGET.COM/B/DR-MERCOLA/-/N-Q643LEWMGO7
DRNATURAL	DRNATURAL	target.com	HTTPS://WWW.TARGET.COM/B/DR-NATURAL/-/N-Q643LEH119H
DRNATURE	DRNATURAL	target.com	HTTPS://WWW.TARGET.COM/B/DR-NATURAL/-/N-Q643LEH119H
DRNOZEBEST	DRNOZEBEST	target.com	HTTPS://WWW.TARGET.COM/B/DR-NOZE-BEST/-/N-Q643LEERNCK
DROETKER	DROETKER	target.com	HTTPS://WWW.TARGET.COM/B/DR-OETKER/-/N-VHT0T
DROLLYANKEES	DROLLYANKEES	target.com	HTTPS://WWW.TARGET.COM/B/DROLL-YANKEES/-/N-4YCHM
DROPPRODUCTS	DROP	target.com	HTTPS://WWW.TARGET.COM/B/DROP/-/N-Q643LE2J0YZ
DROPSTOP	DROPSTOP	target.com	HTTPS://WWW.TARGET.COM/B/DROP-STOP/-/N-Q643LEV9BIF
DROPWATER	WATERDROPMICRODRINKS	target.com	HTTPS://WWW.TARGET.COM/B/WATERDROP-MICRODRINKS/-/N-Q643LE1AJX0
DROPWATER	WATERDROP	target.com	HTTPS://WWW.TARGET.COM/B/WATERDROP/-/N-Q643LENUF6X
DROSSBACH	DROSSBACH	target.com	HTTPS://WWW.TARGET.COM/B/DROSSBACH/-/N-Q643LEXO5B8
DROYD	DROYD	target.com	HTTPS://WWW.TARGET.COM/B/DROYD/-/N-Q643LEM0KJQ
DRPERFECTDIFFERENTBRANDTHANINS	DRBRANDTSKINCARE	target.com	HTTPS://WWW.TARGET.COM/B/DR-BRANDT-SKINCARE/-/N-Q643LEI892H
DRPILLOW	DRPILLOW	target.com	HTTPS://WWW.TARGET.COM/B/DR-PILLOW/-/N-Q643LEXB0ER
DRPLANZEN	DRPLANZEN	target.com	HTTPS://WWW.TARGET.COM/B/DR-PLANZEN/-/N-Q643LEWNAOJ
DRQUARK	QUARK	target.com	HTTPS://WWW.TARGET.COM/B/QUARK/-/N-Q643LEGFNDJ
DRSCHOLL	DRSCHOLLS	target.com	HTTPS://WWW.TARGET.COM/B/DR-SCHOLL-S/-/N-5D6AH
DRSCHOLLS	DRSCHOLLS	target.com	HTTPS://WWW.TARGET.COM/B/DR-SCHOLL-S/-/N-5D6AH
DRSCHOLLSWORK	DRSCHOLLS	target.com	HTTPS://WWW.TARGET.COM/B/DR-SCHOLL-S/-/N-5D6AH
DRSCHOLS	DRSCHOLLS	target.com	HTTPS://WWW.TARGET.COM/B/DR-SCHOLL-S/-/N-5D6AH
DRSHEFFIELDS	DRSHEFFIELDS	target.com	HTTPS://WWW.TARGET.COM/B/DR-SHEFFIELD-S/-/N-Q643LEPO84
DRSHEFFIELDSDRSHEFFIELDS	DRSHEFFIELDS	target.com	HTTPS://WWW.TARGET.COM/B/DR-SHEFFIELD-S/-/N-Q643LEPO84
DRSQUATCH	DRSQUATCH	target.com	HTTPS://WWW.TARGET.COM/B/DR-SQUATCH/-/N-Q643LESUGJF
DRSQUATCHDRSQUATCH	DRSQUATCH	target.com	HTTPS://WWW.TARGET.COM/B/DR-SQUATCH/-/N-Q643LESUGJF
DRSQUATCHSOAPCO	DRSQUATCH	target.com	HTTPS://WWW.TARGET.COM/B/DR-SQUATCH/-/N-Q643LESUGJF
DRSTEMTOYS	DRSTEMTOYS	target.com	HTTPS://WWW.TARGET.COM/B/DR-STEM-TOYS/-/N-Q643LEW76HR
DRTAKEPEAK	HYDRAPEAK	target.com	HTTPS://WWW.TARGET.COM/B/HYDRAPEAK/-/N-Q643LE4B6IW
DRTALBOS	DRTALBOTS	target.com	HTTPS://WWW.TARGET.COM/B/DR-TALBOT-S/-/N-WF8VL
DRTALBOTS	DRTALBOTS	target.com	HTTPS://WWW.TARGET.COM/B/DR-TALBOT-S/-/N-WF8VL
DRTEAL	DRTEALS	target.com	HTTPS://WWW.TARGET.COM/B/DR-TEAL-S/-/N-4U9FY
DRTUNGS	DRTUNGS	target.com	HTTPS://WWW.TARGET.COM/B/DRTUNG-S/-/N-Q643LEIP9X2
DRWOODS	DRWOODS	target.com	HTTPS://WWW.TARGET.COM/B/DR-WOODS/-/N-Q643LEBP99P
DRYBAR	DRYBAR	target.com	HTTPS://WWW.TARGET.COM/B/DRYBAR/-/N-Q643LEGMOJJ
DRYEL	DRYEL	target.com	HTTPS://WWW.TARGET.COM/B/DRYEL/-/N-55BTQ
DRYGUY	DRYGUY	target.com	HTTPS://WWW.TARGET.COM/B/DRYGUY/-/N-Q643LEYOO34
DRYMATE	DRYMATE	target.com	HTTPS://WWW.TARGET.COM/B/DRYMATE/-/N-4UAE4
DRYMOAYT	DRYMATE	target.com	HTTPS://WWW.TARGET.COM/B/DRYMATE/-/N-4UAE4
DSANE	DSANE	target.com	HTTPS://WWW.TARGET.COM/B/DSANE/-/N-Q643LEEA5D4
DSLABORATORIES	DSLABORATORIES	target.com	HTTPS://WWW.TARGET.COM/B/DS-LABORATORIES/-/N-Q643LESXVPX
DSMILE	DSMILE	target.com	HTTPS://WWW.TARGET.COM/B/DSMILE/-/N-Q643LEPUJYF
DSOON	DYSONPRODUCTS	target.com	HTTPS://WWW.TARGET.COM/B/DYSON/-/N-5VGWM
DSPICNIC	PICNICTIME	target.com	HTTPS://WWW.TARGET.COM/B/PICNIC-TIME/-/N-5XIIV
DSYIN	DYSONPRODUCTS	target.com	HTTPS://WWW.TARGET.COM/B/DYSON/-/N-5VGWM
DSYON	DYSONPRODUCTS	target.com	HTTPS://WWW.TARGET.COM/B/DYSON/-/N-5VGWM
DTI	DTI	target.com	HTTPS://WWW.TARGET.COM/B/DTI/-/N-Q643LEFSOHW
DTXINTERNATIONAL	DTXINTL	target.com	HTTPS://WWW.TARGET.COM/B/DTX-INTL/-/N-Q643LEJGH7W
DUALIT	DUALIT	target.com	HTTPS://WWW.TARGET.COM/B/DUALIT/-/N-5V352
DUBBLEBLA	DUBBLEBUBBLE	target.com	HTTPS://WWW.TARGET.COM/B/DUBBLE-BUBBLE/-/N-4YIVW
DUBBLEBUBBLE	DUBBLEBUBBLE	target.com	HTTPS://WWW.TARGET.COM/B/DUBBLE-BUBBLE/-/N-4YIVW
DUBBLETRUBBLE	DUBBLEBUBBLE	target.com	HTTPS://WWW.TARGET.COM/B/DUBBLE-BUBBLE/-/N-4YIVW
DUCKCOVERS	DUCKCOVERS	target.com	HTTPS://WWW.TARGET.COM/B/DUCK-COVERS/-/N-FDD15
DUCKDYNASTY	DUCKDYNASTY	target.com	HTTPS://WWW.TARGET.COM/B/DUCK-DYNASTY/-/N-553HG
DUCKYWORLD	DUCKYWORLDPRODUCTS	target.com	HTTPS://WWW.TARGET.COM/B/DUCKYWORLD-PRODUCTS-INC/-/N-Q643LECYCD3
DUDE	HEYDUDE	target.com	HTTPS://WWW.TARGET.COM/B/HEY-DUDE/-/N-Q643LEM7IPC
DUDEPRODUCTS	DUDEWIPES	target.com	HTTPS://WWW.TARGET.COM/B/DUDE-WIPES/-/N-CM8T1
DUDEPRODUCTS	HEYDUDE	target.com	HTTPS://WWW.TARGET.COM/B/HEY-DUDE/-/N-Q643LEM7IPC
DUDEWIPES	DUDEWIPES	target.com	HTTPS://WWW.TARGET.COM/B/DUDE-WIPES/-/N-CM8T1
DUDIETRY	DURADRY	target.com	HTTPS://WWW.TARGET.COM/B/DURADRY/-/N-Q643LE3REWE
DUINEX	NUGENIX	target.com	HTTPS://WWW.TARGET.COM/B/NUGENIX/-/N-Q643LEGSV9K
DUKAP	DUKAP	target.com	HTTPS://WWW.TARGET.COM/B/DUKAP/-/N-Q643LE3E4EZ
DUKECANNON	DUKECANNONSUPPLYCO	target.com	HTTPS://WWW.TARGET.COM/B/DUKE-CANNON-SUPPLY-CO/-/N-18ADZ
DUKECANNONSUPPLY	DUKECANNONSUPPLYCO	target.com	HTTPS://WWW.TARGET.COM/B/DUKE-CANNON-SUPPLY-CO/-/N-18ADZ
DUKECANNONSUPPLYCO	DUKECANNONSUPPLYCO	target.com	HTTPS://WWW.TARGET.COM/B/DUKE-CANNON-SUPPLY-CO/-/N-18ADZ
DUKECANNONSUPPLYCOMPANY	DUKECANNONSUPPLYCO	target.com	HTTPS://WWW.TARGET.COM/B/DUKE-CANNON-SUPPLY-CO/-/N-18ADZ
DUKEMCCANNS	MCCANNS	target.com	HTTPS://WWW.TARGET.COM/B/MCCANN-S/-/N-MN8PV
DULCOLAX	DULCOLAX	target.com	HTTPS://WWW.TARGET.COM/B/DULCOLAX/-/N-5OU1S
DULUTH	DULUTHPACK	target.com	HTTPS://WWW.TARGET.COM/B/DULUTH-PACK/-/N-Q643LET7L4V
DULUTHPACK	DULUTHPACK	target.com	HTTPS://WWW.TARGET.COM/B/DULUTH-PACK/-/N-Q643LET7L4V
DUMCONDY	DUMDUMS	target.com	HTTPS://WWW.TARGET.COM/B/DUM-DUMS/-/N-55G1O
DUMDUMS	DUMDUMS	target.com	HTTPS://WWW.TARGET.COM/B/DUM-DUMS/-/N-55G1O
DUMFOIN	DUMDUMS	target.com	HTTPS://WWW.TARGET.COM/B/DUM-DUMS/-/N-55G1O
DUMFURC	DUMDUMS	target.com	HTTPS://WWW.TARGET.COM/B/DUM-DUMS/-/N-55G1O
DUMINGIN	DUMDUMS	target.com	HTTPS://WWW.TARGET.COM/B/DUM-DUMS/-/N-55G1O
DUMMUP	DUMDUMS	target.com	HTTPS://WWW.TARGET.COM/B/DUM-DUMS/-/N-55G1O
DUMSUD	DUMDUMS	target.com	HTTPS://WWW.TARGET.COM/B/DUM-DUMS/-/N-55G1O
DUNCANHINES	DUNCANHINES	target.com	HTTPS://WWW.TARGET.COM/B/DUNCAN-HINES/-/N-569RN
DUNHAOCOS	DUNKAROOS	target.com	HTTPS://WWW.TARGET.COM/B/DUNKAROOS/-/N-Q643LE3WBL5
DUODERM	DUODERM	target.com	HTTPS://WWW.TARGET.COM/B/DUODERM/-/N-Q643LEOGJ1W
DUORTA	DURADRY	target.com	HTTPS://WWW.TARGET.COM/B/DURADRY/-/N-Q643LE3REWE
DUPRAY	DUPRAY	target.com	HTTPS://WWW.TARGET.COM/B/DUPRAY/-/N-Q643LE2W0IR
DURADRY	DURADRY	target.com	HTTPS://WWW.TARGET.COM/B/DURADRY/-/N-Q643LE3REWE
DURAFLAME	DURAFLAME	target.com	HTTPS://WWW.TARGET.COM/B/DURAFLAME/-/N-5D4YY
DURAHEAT	DURAHEAT	target.com	HTTPS://WWW.TARGET.COM/B/DURA-HEAT/-/N-Q643LETWI66
DURAKNIVES	DURALIVING	target.com	HTTPS://WWW.TARGET.COM/B/DURA-LIVING/-/N-Q643LEJNCZO
DURALEX	DURALEX	target.com	HTTPS://WWW.TARGET.COM/B/DURALEX/-/N-5TX1B
DURALEXUSA	DURALEX	target.com	HTTPS://WWW.TARGET.COM/B/DURALEX/-/N-5TX1B
DURATREL	DURATREL	target.com	HTTPS://WWW.TARGET.COM/B/DURA-TREL/-/N-IY4L1
DURELIFE	DURELIFE	target.com	HTTPS://WWW.TARGET.COM/B/DURELIFE/-/N-Q643LE994XR
DUREX	DUREX	target.com	HTTPS://WWW.TARGET.COM/B/DUREX/-/N-5T89X
DUREXY	DUREX	target.com	HTTPS://WWW.TARGET.COM/B/DUREX/-/N-5T89X
DURFLAME	DURAFLAME	target.com	HTTPS://WWW.TARGET.COM/B/DURAFLAME/-/N-5D4YY
DURHAND	DURHAND	target.com	HTTPS://WWW.TARGET.COM/B/DURHAND/-/N-Q643LEFI2B3
DUTCHBLITZ	DUTCHBLITZ	target.com	HTTPS://WWW.TARGET.COM/B/DUTCH-BLITZ/-/N-Q643LE2MNIO
DUTTONBOOKSFORYOUNGREADERS	DUTTONBOOKSFORYOUNGREADERS	target.com	HTTPS://WWW.TARGET.COM/B/DUTTON-BOOKS-FOR-YOUNG-READERS/-/N-Q643LESBDM7
DUTTONJUVENILE	DUTTONBOOKSFORYOUNGREADERS	target.com	HTTPS://WWW.TARGET.COM/B/DUTTON-BOOKS-FOR-YOUNG-READERS/-/N-Q643LESBDM7
DWELLZA	DWELLZAKITCHEN	target.com	HTTPS://WWW.TARGET.COM/B/DWELLZA-KITCHEN/-/N-Q643LEFS5T7
DWVO	DWVO	target.com	HTTPS://WWW.TARGET.COM/B/DWVO/-/N-Q643LE7WXHE
DYASYAHYA	DAIYA	target.com	HTTPS://WWW.TARGET.COM/B/DAIYA/-/N-NT82Y
DYCEGAMES	DYCEGAMES	target.com	HTTPS://WWW.TARGET.COM/B/DYCE-GAMES/-/N-Q643LEZ688S
DYCIN	DYSONPRODUCTS	target.com	HTTPS://WWW.TARGET.COM/B/DYSON/-/N-5VGWM
DYCSIN	DYSONPRODUCTS	target.com	HTTPS://WWW.TARGET.COM/B/DYSON/-/N-5VGWM
DYISIO	DYSONPRODUCTS	target.com	HTTPS://WWW.TARGET.COM/B/DYSON/-/N-5VGWM
DYMATIZE	DYMATIZE	target.com	HTTPS://WWW.TARGET.COM/B/DYMATIZE/-/N-Q643LEF5J34
DYMATIZENUTRITION	DYMATIZE	target.com	HTTPS://WWW.TARGET.COM/B/DYMATIZE/-/N-Q643LEF5J34
DYMO	DYMO	target.com	HTTPS://WWW.TARGET.COM/B/DYMO/-/N-54XMU
DYMOCORPORATION	DYMO	target.com	HTTPS://WWW.TARGET.COM/B/DYMO/-/N-54XMU
DYMODYMO	DYMO	target.com	HTTPS://WWW.TARGET.COM/B/DYMO/-/N-54XMU
DYMON	DYMON	target.com	HTTPS://WWW.TARGET.COM/B/DYMON/-/N-Q643LE3N4Q
DYNAMICACCENTS	DYNAMICACCENTSLTD	target.com	HTTPS://WWW.TARGET.COM/B/DYNAMIC-ACCENTS-LTD/-/N-Q643LEK1QU6
DYNAMICHEALTH	DYNAMICHEALTH	target.com	HTTPS://WWW.TARGET.COM/B/DYNAMIC-HEALTH/-/N-Q643LE9PDB1
DYNAMICHEALTHTECH	DYNAMICHEALTH	target.com	HTTPS://WWW.TARGET.COM/B/DYNAMIC-HEALTH/-/N-Q643LE9PDB1
DYNAREX	DYNAREX	target.com	HTTPS://WWW.TARGET.COM/B/DYNAREX/-/N-Q643LEJ1ALD
DYNASTYMATTRESS	DYNASTYMATTRESS	target.com	HTTPS://WWW.TARGET.COM/B/DYNASTY-MATTRESS/-/N-Q643LEIF54W
DYNASTYTOYS	DUCKDYNASTY	target.com	HTTPS://WWW.TARGET.COM/B/DUCK-DYNASTY/-/N-553HG
DYNOSEASONAL	DYNOSEASONALSOLUTIONS	target.com	HTTPS://WWW.TARGET.COM/B/DYNO-SEASONAL-SOLUTIONS/-/N-7COVN
DYNOSEASONALSOLUTIONS	DYNOSEASONALSOLUTIONS	target.com	HTTPS://WWW.TARGET.COM/B/DYNO-SEASONAL-SOLUTIONS/-/N-7COVN
DYNOSON	DYSONPRODUCTS	target.com	HTTPS://WWW.TARGET.COM/B/DYSON/-/N-5VGWM
DYPER	DYPER	target.com	HTTPS://WWW.TARGET.COM/B/DYPER/-/N-Q643LEKVBAH
DYSIN	DYSONPRODUCTS	target.com	HTTPS://WWW.TARGET.COM/B/DYSON/-/N-5VGWM
DYSOME	DYSONPRODUCTS	target.com	HTTPS://WWW.TARGET.COM/B/DYSON/-/N-5VGWM
DYSON	DYSON	target.com	HTTPS://WWW.TARGET.COM/B/DYSON/-/N-5VGWM
DYSONGO	DYSONPRODUCTS	target.com	HTTPS://WWW.TARGET.COM/B/DYSON/-/N-5VGWM
DYTECUE	DIPTYQUE	target.com	HTTPS://WWW.TARGET.COM/B/DIPTYQUE/-/N-Q643LESFUVY
DZERADS	ZADRO	target.com	HTTPS://WWW.TARGET.COM/B/ZADRO/-/N-5WOPU
E6000	E6000	target.com	HTTPS://WWW.TARGET.COM/B/E6000/-/N-Q643LE983IE
EADEN	EDENFOODS	target.com	HTTPS://WWW.TARGET.COM/B/EDEN-FOODS/-/N-RYOQ6
EAGLEASPEN	EAGLEASPEN	target.com	HTTPS://WWW.TARGET.COM/B/EAGLE-ASPEN/-/N-Q643LEV8TY6
EAGLECREEK	EAGLECREEK	target.com	HTTPS://WWW.TARGET.COM/B/EAGLE-CREEK/-/N-Q643LEBE0SW
EAGLEGRYPHONGAMES	EAGLEGRYPHONGAMES	target.com	HTTPS://WWW.TARGET.COM/B/EAGLE-GRYPHON-GAMES/-/N-MOFF6
EAGLEMOSS	EAGLEMOSSCOLLECTIONS	target.com	HTTPS://WWW.TARGET.COM/B/EAGLEMOSS-COLLECTIONS/-/N-RWG8U
EAGLEMOSSEAGLEMOSS	EAGLEMOSSCOLLECTIONS	target.com	HTTPS://WWW.TARGET.COM/B/EAGLEMOSS-COLLECTIONS/-/N-RWG8U
EAGLESNESTOUTFITTERS	EAGLESNESTOUTFITTERS	target.com	HTTPS://WWW.TARGET.COM/B/EAGLES-NEST-OUTFITTERS/-/N-Q643LE9M6SA
EAGLESNESTOUTFITTERSNOON	EAGLESNESTOUTFITTERS	target.com	HTTPS://WWW.TARGET.COM/B/EAGLES-NEST-OUTFITTERS/-/N-Q643LE9M6SA
EAGOTRON	ERGOTRON	target.com	HTTPS://WWW.TARGET.COM/B/ERGOTRON/-/N-J9GL3
EAHOMY	EUHOMY	target.com	HTTPS://WWW.TARGET.COM/B/EUHOMY/-/N-Q643LEVW6R4
EARHWISE	EARTHWISE	target.com	HTTPS://WWW.TARGET.COM/B/EARTHWISE/-/N-5UYT8
EARPLANES	EARPLANES	target.com	HTTPS://WWW.TARGET.COM/B/EARPLANES/-/N-XYQZJ
EARTHANDBODY	BODYEARTH	target.com	HTTPS://WWW.TARGET.COM/B/BODY-EARTH/-/N-Q643LE8NSWT
EARTHAWAREEDITIONS	EARTHAWAREEDITIONS	target.com	HTTPS://WWW.TARGET.COM/B/EARTH-AWARE-EDITIONS/-/N-Q643LEM6X4W
EARTHBALANCE	EARTHBALANCE	target.com	HTTPS://WWW.TARGET.COM/B/EARTH-BALANCE/-/N-4Y5XW
EARTHBORNHOLISTIC	EARTHBORNHOLISTIC	target.com	HTTPS://WWW.TARGET.COM/B/EARTHBORN-HOLISTIC/-/N-Q643LEIGFMO
EARTHCIRCLEORGANICS	EARTHCIRCLEORGANICS	target.com	HTTPS://WWW.TARGET.COM/B/EARTH-CIRCLE-ORGANICS/-/N-Q643LETSIZ2
EARTHKINDSTAYAWAY	EARTHKINDSTAYAWAY	target.com	HTTPS://WWW.TARGET.COM/B/EARTHKIND-STAY-AWAY/-/N-Q643LEONDTW
EARTHRUGS	EARTHRUGS	target.com	HTTPS://WWW.TARGET.COM/B/EARTH-RUGS/-/N-Q643LEOP337
EARTHSCIENCE	EARTHSCIENCE	target.com	HTTPS://WWW.TARGET.COM/B/EARTH-SCIENCE/-/N-4VPDZ
EARTHSKYWATER	EARTHSKYWATER	target.com	HTTPS://WWW.TARGET.COM/B/EARTH-SKY-WATER/-/N-Q643LEZQKZ7
EARTHTHERAPEUTICS	EARTHTHERAPEUTICS	target.com	HTTPS://WWW.TARGET.COM/B/EARTH-THERAPEUTICS/-/N-55FHK
EARTHTHERAPY	EARTHTHERAPEUTICS	target.com	HTTPS://WWW.TARGET.COM/B/EARTH-THERAPEUTICS/-/N-55FHK
EARTHWISE	EARTHWISE	target.com	HTTPS://WWW.TARGET.COM/B/EARTHWISE/-/N-5UYT8
EARTWISE	EARTHWISE	target.com	HTTPS://WWW.TARGET.COM/B/EARTHWISE/-/N-5UYT8
EASELINE	VASELINE	target.com	HTTPS://WWW.TARGET.COM/B/VASELINE/-/N-5Q3QW
EASTATMAIN	EASTATMAIN	target.com	HTTPS://WWW.TARGET.COM/B/EAST-AT-MAIN/-/N-W16ST
EASTCOASTBEDDING	EASTCOASTBEDDING	target.com	HTTPS://WWW.TARGET.COM/B/EAST-COAST-BEDDING/-/N-Q643LE2S42V
EASTMANOUTDOORS	EASANOUTDOORS	target.com	HTTPS://WWW.TARGET.COM/B/EASTMAN-OUTDOORS/-/N-Q643LEEPOH8
EASTMANOUTDOORSSPORTS	EASANOUTDOORS	target.com	HTTPS://WWW.TARGET.COM/B/EASTMAN-OUTDOORS/-/N-Q643LEEPOH8
EASTOAK	EASTOAK	target.com	HTTPS://WWW.TARGET.COM/B/EAST-OAK/-/N-Q643LEX2YCI
EASTPAKHANDBAGSPURSES	EASTPAK	target.com	HTTPS://WWW.TARGET.COM/B/EASTPAK/-/N-Q643LEVB26F
EASTSUNPAPERPRODUCTSMAGICCABIN	PAPERMAGIC	target.com	HTTPS://WWW.TARGET.COM/B/PAPER-MAGIC/-/N-GG6EM
EASYCHEESE	EASYCHEESE	target.com	HTTPS://WWW.TARGET.COM/B/EASY-CHEESE/-/N-Q643LEHONMV
EASYGLEAM	EASYGLEAM	target.com	HTTPS://WWW.TARGET.COM/B/EASY-GLEAM/-/N-Q643LEMP0C0
EASYHOME	EASYHOME	target.com	HTTPS://WWW.TARGET.COM/B/EASY-HOME/-/N-Q643LE46U5L
EASYNICE	NICENEASY	target.com	HTTPS://WWW.TARGET.COM/B/NICE-N-EASY/-/N-DWXYS
EASYOFF	EASYOFF	target.com	HTTPS://WWW.TARGET.COM/B/EASY-OFF/-/N-56DL7
EASYPLAYHOUSE	EASYPLAYHOUSE	target.com	HTTPS://WWW.TARGET.COM/B/EASY-PLAYHOUSE/-/N-Q643LEM4LTJ
EASYTOUSEPRODUCTS	EASYTOUSEPRODUCTS	target.com	HTTPS://WWW.TARGET.COM/B/EASY-TO-USE-PRODUCTS/-/N-Q643LE4TSKW
EASYTRACK	EASYTRACK	target.com	HTTPS://WWW.TARGET.COM/B/EASY-TRACK/-/N-Q643LE3FGRR
EASYUSA	EASYUSA	target.com	HTTPS://WWW.TARGET.COM/B/EASY-USA/-/N-Q643LEKOQ0T
EASYVIEW	EASYVIEW	target.com	HTTPS://WWW.TARGET.COM/B/EASYVIEW/-/N-Q643LEZEV44
EAZYPOWER	EAZYPOWER	target.com	HTTPS://WWW.TARGET.COM/B/EAZYPOWER/-/N-42Y9F
EAZYPZ	EZPZ	target.com	HTTPS://WWW.TARGET.COM/B/EZPZ/-/N-3NUBH
EBBA	EBBA	target.com	HTTPS://WWW.TARGET.COM/B/EBBA/-/N-Q643LE9RPYF
EBEDDIEBAUER	EDDIEBAUER	target.com	HTTPS://WWW.TARGET.COM/B/EDDIE-BAUER/-/N-F7ZZR
EBEMATE	EBEMATE	target.com	HTTPS://WWW.TARGET.COM/B/EBEMATE/-/N-Q643LER4H5R
ECCOLO	ECCOLO	target.com	HTTPS://WWW.TARGET.COM/B/ECCOLO/-/N-95VG
ECCOPRESS	ECCOPRESS	target.com	HTTPS://WWW.TARGET.COM/B/ECCO-PRESS/-/N-Q643LEMXKKV
ECHOSMILE	ECHOSMILE	target.com	HTTPS://WWW.TARGET.COM/B/ECHOSMILE/-/N-Q643LE56CXL
ECHOVALLEYPRODUCTS	ECHOVALLEY	target.com	HTTPS://WWW.TARGET.COM/B/ECHO-VALLEY/-/N-JNBRJ
ECKOHOUSEWARDS	ECKOUNLTD	target.com	HTTPS://WWW.TARGET.COM/B/ECKO-UNLTD/-/N-Q643LEQ53W1
ECKOPET	ECKOUNLTD	target.com	HTTPS://WWW.TARGET.COM/B/ECKO-UNLTD/-/N-Q643LEQ53W1
ECKOUNLTD	ECKOUNLTD	target.com	HTTPS://WWW.TARGET.COM/B/ECKO-UNLTD/-/N-Q643LEQ53W1
ECOAMENITIES	ECOAMENITIES	target.com	HTTPS://WWW.TARGET.COM/B/ECO-AMENITIES/-/N-Q643LEZ0P4L
ECOCO	ECOCO	target.com	HTTPS://WWW.TARGET.COM/B/ECOCO/-/N-4YJ40
ECODECORS	ECODECORS	target.com	HTTPS://WWW.TARGET.COM/B/ECODECORS/-/N-Q643LEJY9CJ
ECODENT	ECODENT	target.com	HTTPS://WWW.TARGET.COM/B/ECO-DENT/-/N-Q643LE6QXT4
ECOHINY	ECOHINY	target.com	HTTPS://WWW.TARGET.COM/B/ECOHINY/-/N-Q643LEJ26NZ
ECOKINDPETTREATS	ECOKINDPETTREATS	target.com	HTTPS://WWW.TARGET.COM/B/ECOKIND-PET-TREATS/-/N-Q643LEYMV3U
ECOLABRUBBERMAID	RUBBERMAID	target.com	HTTPS://WWW.TARGET.COM/B/RUBBERMAID/-/N-5Y3TK
ECOLOGICALFORMULAS	ECOLOGICALFORMULAS	target.com	HTTPS://WWW.TARGET.COM/B/ECOLOGICAL-FORMULAS/-/N-Q643LEDUHFY
ECOPOTS	ECOPOTS	target.com	HTTPS://WWW.TARGET.COM/B/ECOPOTS/-/N-Q643LEDZ6
ECOS	ECOS	target.com	HTTPS://WWW.TARGET.COM/B/ECOS/-/N-JD3VF
ECOSELF	ECOSELF	target.com	HTTPS://WWW.TARGET.COM/B/ECOSELF/-/N-Q643LEMAUMF
ECOSENESTROV	ESTROVEN	target.com	HTTPS://WWW.TARGET.COM/B/ESTROVEN/-/N-5DZVT
ECOSMAR	ECOSMART	target.com	HTTPS://WWW.TARGET.COM/B/ECOSMART/-/N-Q643LEIBPXM
ECOSMART	ECOSMART	target.com	HTTPS://WWW.TARGET.COM/B/ECOSMART/-/N-Q643LEIBPXM
ECOSOULHOME	ECOSOULHOME	target.com	HTTPS://WWW.TARGET.COM/B/ECOSOUL-HOME/-/N-Q643LEUTBP
ECOSSENTIALS	ECOSSENTIALS	target.com	HTTPS://WWW.TARGET.COM/B/ECOSSENTIALS/-/N-Q643LEWTFY5
ECOSTRONG	ECOSTRONG	target.com	HTTPS://WWW.TARGET.COM/B/ECOSTRONG/-/N-Q643LE8WWLT
ECOSTYLE	ECOSTYLE	target.com	HTTPS://WWW.TARGET.COM/B/ECO-STYLE/-/N-8WEWM
ECOTEAS	ECOTEAS	target.com	HTTPS://WWW.TARGET.COM/B/ECOTEAS/-/N-Q643LE278KY
ECOTOOLS	ECOTOOLS	target.com	HTTPS://WWW.TARGET.COM/B/ECOTOOLS/-/N-1W4X5
ECOVICA	ECOVIVA	target.com	HTTPS://WWW.TARGET.COM/B/ECOVIVA/-/N-Q643LEVHA2K
ECOVIVA	ECOVIVA	target.com	HTTPS://WWW.TARGET.COM/B/ECOVIVA/-/N-Q643LEVHA2K
ECOWELL	ECOWELL	target.com	HTTPS://WWW.TARGET.COM/B/ECOWELL/-/N-Q643LEHRK3G
ECR4	ECR4KIDS	target.com	HTTPS://WWW.TARGET.COM/B/ECR4KIDS/-/N-56EDL
ECR4KIDS	ECR4KIDS	target.com	HTTPS://WWW.TARGET.COM/B/ECR4KIDS/-/N-56EDL
ECR4KIDSLP	ECR4KIDS	target.com	HTTPS://WWW.TARGET.COM/B/ECR4KIDS/-/N-56EDL
ECRKIDS	ECR4KIDS	target.com	HTTPS://WWW.TARGET.COM/B/ECR4KIDS/-/N-56EDL
ECZEMAHONEY	ECZEMAHONEY	target.com	HTTPS://WWW.TARGET.COM/B/ECZEMA-HONEY/-/N-Q643LE5L9FE
EDBYELLENDEGENERES	EDELLENDEGENERES	target.com	HTTPS://WWW.TARGET.COM/B/ED-ELLEN-DEGENERES/-/N-OQYZJ
EDDEBAUER	EDDIEBAUER	target.com	HTTPS://WWW.TARGET.COM/B/EDDIE-BAUER/-/N-F7ZZR
EDDIEBAUER	EDDIEBAUER	target.com	HTTPS://WWW.TARGET.COM/B/EDDIE-BAUER/-/N-F7ZZR
EDDIEBOWER	EDDIEBAUER	target.com	HTTPS://WWW.TARGET.COM/B/EDDIE-BAUER/-/N-F7ZZR
EDDIEBOWERS	EDDIEBAUER	target.com	HTTPS://WWW.TARGET.COM/B/EDDIE-BAUER/-/N-F7ZZR
EDDIRBAUER	EDDIEBAUER	target.com	HTTPS://WWW.TARGET.COM/B/EDDIE-BAUER/-/N-F7ZZR
EDEN	EDENFOODS	target.com	HTTPS://WWW.TARGET.COM/B/EDEN-FOODS/-/N-RYOQ6
EDENBODYWORKS	EDENBODYWORKS	target.com	HTTPS://WWW.TARGET.COM/B/EDEN-BODY-WORKS/-/N-4YPI6
EDENBRANCH	EDENBRANCH	target.com	HTTPS://WWW.TARGET.COM/B/EDENBRANCH/-/N-Q643LERXMFJ
EDENFOODS	EDENFOODS	target.com	HTTPS://WWW.TARGET.COM/B/EDEN-FOODS/-/N-RYOQ6
EDENMS	EDENFOODS	target.com	HTTPS://WWW.TARGET.COM/B/EDEN-FOODS/-/N-RYOQ6
EDENPRODUCTS	EDENFOODS	target.com	HTTPS://WWW.TARGET.COM/B/EDEN-FOODS/-/N-RYOQ6
EDGEEYEWEAR	EDGEEYEWEAR	target.com	HTTPS://WWW.TARGET.COM/B/EDGE-EYEWEAR/-/N-Q643LEES0QY
EDGEMOD	EDGEMOD	target.com	HTTPS://WWW.TARGET.COM/B/EDGEMOD/-/N-9IHI6
EDIEATHOME	EDIEHOME	target.com	HTTPS://WWW.TARGET.COM/B/EDIE-HOME/-/N-AT54G
EDIEHOME	EDIEHOME	target.com	HTTPS://WWW.TARGET.COM/B/EDIE-HOME/-/N-AT54G
EDIFER	EDIFIER	target.com	HTTPS://WWW.TARGET.COM/B/EDIFIER/-/N-Q643LEOL65
EDINNODA	EDENFOODS	target.com	HTTPS://WWW.TARGET.COM/B/EDEN-FOODS/-/N-RYOQ6
EDITORIALOCEANODEMEXICO	EDITORIALOCEANODEMEXICO	target.com	HTTPS://WWW.TARGET.COM/B/EDITORIAL-OCEANO-DE-MEXICO/-/N-Q643LEMUSQY
EDUCATIONALADVANTAGE	EDUCATIONALADVANTAGE	target.com	HTTPS://WWW.TARGET.COM/B/EDUCATIONAL-ADVANTAGE/-/N-N2G89
EDUCATIONALINSIGHTS	EDUCATIONALINSIGHTS	target.com	HTTPS://WWW.TARGET.COM/B/EDUCATIONAL-INSIGHTS/-/N-5XXNQ
EDUPET	EDUPET	target.com	HTTPS://WWW.TARGET.COM/B/EDUPET/-/N-Q643LEXKPCO
EDUSHAPE	EDUSHAPE	target.com	HTTPS://WWW.TARGET.COM/B/EDUSHAPE/-/N-5XCZD
EDUTOYS	EDUTOYS	target.com	HTTPS://WWW.TARGET.COM/B/EDU-TOYS/-/N-Q643LEMACDE
EDWARDSONS	EDWARDSONS	target.com	HTTPS://WWW.TARGET.COM/B/EDWARD-SONS/-/N-Q643LERVMNO
EDYOLIVING	EDYOLIVING	target.com	HTTPS://WWW.TARGET.COM/B/EDYO-LIVING/-/N-Q643LEG3NXF
EEDENELAN	EDENFOODS	target.com	HTTPS://WWW.TARGET.COM/B/EDEN-FOODS/-/N-RYOQ6
EEEUREKAERGONOMIC	EUREKAERGONOMIC	target.com	HTTPS://WWW.TARGET.COM/B/EUREKA-ERGONOMIC/-/N-Q643LECD8MG
EEGOWAY	SEGWAY	target.com	HTTPS://WWW.TARGET.COM/B/SEGWAY/-/N-GFT3L
EEK	HYDEANDEEKBOUTIQUE	target.com	HTTPS://WWW.TARGET.COM/B/HYDE-AND-EEK-BOUTIQUE/-/N-Q643LEO4U2A
EEKBRAND	HYDEANDEEKBOUTIQUE	target.com	HTTPS://WWW.TARGET.COM/B/HYDE-AND-EEK-BOUTIQUE/-/N-Q643LEO4U2A
EEKKII	HYDEANDEEKBOUTIQUE	target.com	HTTPS://WWW.TARGET.COM/B/HYDE-AND-EEK-BOUTIQUE/-/N-Q643LEO4U2A
EERO	EERO	target.com	HTTPS://WWW.TARGET.COM/B/EERO/-/N-Q643LEDYK8W
EEUHOMY	EUHOMY	target.com	HTTPS://WWW.TARGET.COM/B/EUHOMY/-/N-Q643LEVW6R4
EEVELLE	EEVELLE	target.com	HTTPS://WWW.TARGET.COM/B/EEVELLE/-/N-Q643LEHJHRW
EEZY	EEZYPEEZY	target.com	HTTPS://WWW.TARGET.COM/B/EEZY-PEEZY/-/N-Q643LET3MSJ
EEZYPEEZY	EEZYPEEZY	target.com	HTTPS://WWW.TARGET.COM/B/EEZY-PEEZY/-/N-Q643LET3MSJ
EFPRODUCTSLP	ELFMAKEUPSKINCARE	target.com	HTTPS://WWW.TARGET.COM/B/E-L-F/-/N-5OAJG
EGGO	EGGO	target.com	HTTPS://WWW.TARGET.COM/B/EGGO/-/N-56GPP
EGGOLO	EGGO	target.com	HTTPS://WWW.TARGET.COM/B/EGGO/-/N-56GPP
EGGWEIGHTS	EGGWEIGHTS	target.com	HTTPS://WWW.TARGET.COM/B/EGG-WEIGHTS/-/N-Q643LEXBPFH
EGOFIT	EGOFIT	target.com	HTTPS://WWW.TARGET.COM/B/EGOFIT/-/N-Q643LEZTIDN
EHHYSON	HEYSON	target.com	HTTPS://WWW.TARGET.COM/B/HEYSON/-/N-Q643LE5FQFD
EHONESTBUY	THEHONESTCOMPANY	target.com	HTTPS://WWW.TARGET.COM/B/THE-HONEST-COMPANY/-/N-EBPDF
EHP	EHPLABS	target.com	HTTPS://WWW.TARGET.COM/B/EHPLABS-LLC/-/N-Q643LE2CJ5Z
EHPLABS	EHPLABS	target.com	HTTPS://WWW.TARGET.COM/B/EHPLABS-LLC/-/N-Q643LE2CJ5Z
EIGHTBALL	MAGIC8BALL	target.com	HTTPS://WWW.TARGET.COM/B/MAGIC-8-BALL/-/N-XGPWT
EIGHTEENTEK	EIGHTEENTEK	target.com	HTTPS://WWW.TARGET.COM/B/EIGHTEENTEK/-/N-Q643LEU88UX
EILAYSYUM	ELYSIUMSUPPLEMENTS	target.com	HTTPS://WWW.TARGET.COM/B/ELYSIUM-SUPPLEMENTS/-/N-Q643LEJ04M9
EIMMIE	PLAYTIMEBYEIMMIE	target.com	HTTPS://WWW.TARGET.COM/B/PLAYTIME-BY-EIMMIE/-/N-Q643LEK597U
EINOVA	EINOVA	target.com	HTTPS://WWW.TARGET.COM/B/EINOVA/-/N-Q643LEXM305
EINSTEINKIDS	BABYEINSTEIN	target.com	HTTPS://WWW.TARGET.COM/B/BABY-EINSTEIN/-/N-5Y3TS
EITECH	EITECH	target.com	HTTPS://WWW.TARGET.COM/B/EITECH/-/N-Q643LE2VW68
EIXJA	NINJA	target.com	HTTPS://WWW.TARGET.COM/B/NINJA/-/N-5EM1P
EJETSPORT	EJETSPORT	target.com	HTTPS://WWW.TARGET.COM/B/E-JET-SPORT/-/N-Q643LE7BEHT
EKIDS	EKIDS	target.com	HTTPS://WWW.TARGET.COM/B/EKIDS/-/N-D669G
EKOBO	KOBO	target.com	HTTPS://WWW.TARGET.COM/B/KOBO/-/N-Q643LE19SA6
EKTELON	EKTELON	target.com	HTTPS://WWW.TARGET.COM/B/EKTELON/-/N-Q643LEP18BK
ELAISJ	ELYSCO	target.com	HTTPS://WWW.TARGET.COM/B/ELY-S-CO/-/N-Q643LEDBDNS
ELAMA	ELAMA	target.com	HTTPS://WWW.TARGET.COM/B/ELAMA/-/N-Q643LEAB03R
ELAMAS	ELAMA	target.com	HTTPS://WWW.TARGET.COM/B/ELAMA/-/N-Q643LEAB03R
ELANBABY	ELANBABY	target.com	HTTPS://WWW.TARGET.COM/B/ELAN-BABY/-/N-Q643LEZVISY
ELANPUBLISHINGCOMPANY	ELANPUBLISHINGCOMPANY	target.com	HTTPS://WWW.TARGET.COM/B/ELAN-PUBLISHING-COMPANY/-/N-Q643LEKQZU
ELANZEDESIGNS	ELANZEDESIGNS	target.com	HTTPS://WWW.TARGET.COM/B/ELANZE-DESIGNS/-/N-Q643LEQF9V9
ELEAMY	ELEMIS	target.com	HTTPS://WWW.TARGET.COM/B/ELEMIS/-/N-Q643LEDL0EM
ELECTROHOME	ELECTROHOME	target.com	HTTPS://WWW.TARGET.COM/B/ELECTROHOME/-/N-Q643LEEAUEE
ELECWISH	ELECWISH	target.com	HTTPS://WWW.TARGET.COM/B/ELECWISH/-/N-Q643LELIDGZ
ELEGANTDESIGNSHOMECOLLECTION	ELEGANTHOMEFASHIONS	target.com	HTTPS://WWW.TARGET.COM/B/ELEGANT-HOME-FASHIONS/-/N-OR4IV
ELEGANTHOME	ELEGANTHOMEFASHIONS	target.com	HTTPS://WWW.TARGET.COM/B/ELEGANT-HOME-FASHIONS/-/N-OR4IV
ELEGANTHOMEFASHION	ELEGANTHOMEFASHIONS	target.com	HTTPS://WWW.TARGET.COM/B/ELEGANT-HOME-FASHIONS/-/N-OR4IV
ELEGANTHOMEFASHIONS	ELEGANTHOMEFASHIONS	target.com	HTTPS://WWW.TARGET.COM/B/ELEGANT-HOME-FASHIONS/-/N-OR4IV
ELEGANTHOMEPRODUCTS	ELEGANTHOMEFASHIONS	target.com	HTTPS://WWW.TARGET.COM/B/ELEGANT-HOME-FASHIONS/-/N-OR4IV
ELEMENT	ELEMENT	target.com	HTTPS://WWW.TARGET.COM/B/ELEMENT/-/N-Q643LEMZQ26
ELEMENTALS	ELEMENTAL	target.com	HTTPS://WWW.TARGET.COM/B/ELEMENTAL/-/N-Q643LEQF36F
ELEMENTCASE	ELEMENTCASE	target.com	HTTPS://WWW.TARGET.COM/B/ELEMENT-CASE/-/N-RJ30L
ELEMINIKIN	ELEMIS	target.com	HTTPS://WWW.TARGET.COM/B/ELEMIS/-/N-Q643LEDL0EM
ELEMIS	ELEMIS	target.com	HTTPS://WWW.TARGET.COM/B/ELEMIS/-/N-Q643LEDL0EM
ELEMSY	ELEMIS	target.com	HTTPS://WWW.TARGET.COM/B/ELEMIS/-/N-Q643LEDL0EM
ELEMVOCABCITY	ELEMIS	target.com	HTTPS://WWW.TARGET.COM/B/ELEMIS/-/N-Q643LEDL0EM
ELENCO	ELENCO	target.com	HTTPS://WWW.TARGET.COM/B/ELENCO/-/N-5XXKF
ELENJOYLIFE	ENJOYLIFE	target.com	HTTPS://WWW.TARGET.COM/B/ENJOY-LIFE/-/N-55BTM
ELEPHAS	ELEPHAS	target.com	HTTPS://WWW.TARGET.COM/B/ELEPHAS/-/N-Q643LE8137V
ELEPHO	ELEPHO	target.com	HTTPS://WWW.TARGET.COM/B/ELEPHO/-/N-Q643LE1PQVA
ELF	ELFMAKEUPSKINCARE	target.com	HTTPS://WWW.TARGET.COM/B/E-L-F/-/N-5OAJG
ELFAPOLLO	ELFMAKEUPSKINCARE	target.com	HTTPS://WWW.TARGET.COM/B/E-L-F/-/N-5OAJG
ELFBEAUTY	ELFMAKEUPSKINCARE	target.com	HTTPS://WWW.TARGET.COM/B/E-L-F/-/N-5OAJG
ELFBEE	ELFMAKEUPSKINCARE	target.com	HTTPS://WWW.TARGET.COM/B/E-L-F/-/N-5OAJG
ELFC	ELFMAKEUPSKINCARE	target.com	HTTPS://WWW.TARGET.COM/B/E-L-F/-/N-5OAJG
ELFCOOL	ELFMAKEUPSKINCARE	target.com	HTTPS://WWW.TARGET.COM/B/E-L-F/-/N-5OAJG
ELFCOSMETICS	ELFMAKEUPSKINCARE	target.com	HTTPS://WWW.TARGET.COM/B/E-L-F/-/N-5OAJG
ELFENSATLL	ELFMAKEUPSKINCARE	target.com	HTTPS://WWW.TARGET.COM/B/E-L-F/-/N-5OAJG
ELFII	ELFMAKEUPSKINCARE	target.com	HTTPS://WWW.TARGET.COM/B/E-L-F/-/N-5OAJG
ELFONTHESHELF	ELFONTHESHELF	target.com	HTTPS://WWW.TARGET.COM/B/ELF-ON-THE-SHELF/-/N-4YK8J
ELFPLAZA	ELFMAKEUPSKINCARE	target.com	HTTPS://WWW.TARGET.COM/B/E-L-F/-/N-5OAJG
ELFSKY	ELFONTHESHELF	target.com	HTTPS://WWW.TARGET.COM/B/ELF-ON-THE-SHELF/-/N-4YK8J
ELFSOUL	ELFMAKEUPSKINCARE	target.com	HTTPS://WWW.TARGET.COM/B/E-L-F/-/N-5OAJG
ELFTOYER	ELFMAKEUPSKINCARE	target.com	HTTPS://WWW.TARGET.COM/B/E-L-F/-/N-5OAJG
ELFWILL	ELFMAKEUPSKINCARE	target.com	HTTPS://WWW.TARGET.COM/B/E-L-F/-/N-5OAJG
ELIJAHSXTREME	ELIJAHSXTREME	target.com	HTTPS://WWW.TARGET.COM/B/ELIJAH-S-XTREME/-/N-Q643LEIUJKH
ELIMINATORLIGHTING	ELIMINATORLIGHTING	target.com	HTTPS://WWW.TARGET.COM/B/ELIMINATOR-LIGHTING/-/N-78WUY
ELITECUISINE	ELITECUISINE	target.com	HTTPS://WWW.TARGET.COM/B/ELITE-CUISINE/-/N-936H
ELITEGOURMET	ELITEGOURMET	target.com	HTTPS://WWW.TARGET.COM/B/ELITE-GOURMET/-/N-4YR86
ELITEHOMEPRODUCTS	ELITEHOMEPRODUCTS	target.com	HTTPS://WWW.TARGET.COM/B/ELITE-HOME-PRODUCTS/-/N-E5VDK
ELITRAHOME	ELITRAHOME	target.com	HTTPS://WWW.TARGET.COM/B/ELITRA-HOME/-/N-Q643LEZ90BL
ELITRAHOME	ELITEHOMEPRODUCTS	target.com	HTTPS://WWW.TARGET.COM/B/ELITE-HOME-PRODUCTS/-/N-E5VDK
ELIZABETHARDEN	ELIZABETHARDEN	target.com	HTTPS://WWW.TARGET.COM/B/ELIZABETH-ARDEN/-/N-5T954
ELIZABETHMOTT	ELIZABETHMOTT	target.com	HTTPS://WWW.TARGET.COM/B/ELIZABETH-MOTT/-/N-Q643LE5NKCW
ELIZAVECCA	ELIZAVECCA	target.com	HTTPS://WWW.TARGET.COM/B/ELIZAVECCA/-/N-Q643LEAB68U
ELKOUTDOORS	ELKOUTDOORS	target.com	HTTPS://WWW.TARGET.COM/B/ELK-OUTDOORS/-/N-YV0YX
ELLAJAYNE	ELLAJAYNE	target.com	HTTPS://WWW.TARGET.COM/B/ELLA-JAYNE/-/N-Q643LER9349
ELLALLO	ELLO	target.com	HTTPS://WWW.TARGET.COM/B/ELLO/-/N-4UJGG
ELLAMILA	ELLAMILA	target.com	HTTPS://WWW.TARGET.COM/B/ELLA-MILA/-/N-UUFG8
ELLE	ELLE	target.com	HTTPS://WWW.TARGET.COM/B/ELLE/-/N-Q643LE603L8
ELLEDECOR	ELLEDECOR	target.com	HTTPS://WWW.TARGET.COM/B/ELLE-DECOR/-/N-Q643LE1JC3O
ELLIESHOES	ELLIESHOES	target.com	HTTPS://WWW.TARGET.COM/B/ELLIE-SHOES/-/N-JD3A9
ELLIEWORX	ELLIESHOES	target.com	HTTPS://WWW.TARGET.COM/B/ELLIE-SHOES/-/N-JD3A9
ELLISCURTAIN	ELLISCURTAIN	target.com	HTTPS://WWW.TARGET.COM/B/ELLIS-CURTAIN/-/N-Q643LEHVV2V
ELLISCURTAINS	ELLISCURTAIN	target.com	HTTPS://WWW.TARGET.COM/B/ELLIS-CURTAIN/-/N-Q643LEHVV2V
ELLITEGOURMET	ELITEGOURMET	target.com	HTTPS://WWW.TARGET.COM/B/ELITE-GOURMET/-/N-4YR86
ELLO	ELLO	target.com	HTTPS://WWW.TARGET.COM/B/ELLO/-/N-4UJGG
ELLOALLEO	ELLO	target.com	HTTPS://WWW.TARGET.COM/B/ELLO/-/N-4UJGG
ELLOELLI	ELLO	target.com	HTTPS://WWW.TARGET.COM/B/ELLO/-/N-4UJGG
ELLOS	ELLOS	target.com	HTTPS://WWW.TARGET.COM/B/ELLOS/-/N-Q643LEXYUMX
ELLY	ELYSCO	target.com	HTTPS://WWW.TARGET.COM/B/ELY-S-CO/-/N-Q643LEDBDNS
ELLYSILY	ELYSCO	target.com	HTTPS://WWW.TARGET.COM/B/ELY-S-CO/-/N-Q643LEDBDNS
ELMER	ELMERS	target.com	HTTPS://WWW.TARGET.COM/B/ELMER-S/-/N-5WVDK
ELMERAPOSSPRODUCTS	ELMERS	target.com	HTTPS://WWW.TARGET.COM/B/ELMER-S/-/N-5WVDK
ELMERCHOCOLATE	ELMERCHOCOLATE	target.com	HTTPS://WWW.TARGET.COM/B/ELMER-CHOCOLATE/-/N-BTE4Q
ELMERS	ELMERS	target.com	HTTPS://WWW.TARGET.COM/B/ELMER-S/-/N-5WVDK
ELMERSENCORE	ELMERS	target.com	HTTPS://WWW.TARGET.COM/B/ELMER-S/-/N-5WVDK
ELMERSPRODUCTS	ELMERS	target.com	HTTPS://WWW.TARGET.COM/B/ELMER-S/-/N-5WVDK
ELMEXICANO	ELMEXICANO	target.com	HTTPS://WWW.TARGET.COM/B/EL-MEXICANO/-/N-OFNIS
ELMLANE	ELMLANE	target.com	HTTPS://WWW.TARGET.COM/B/ELM-LANE/-/N-Q643LE9MRQ7
ELMODAM	ELTAMD	target.com	HTTPS://WWW.TARGET.COM/B/ELTAMD/-/N-Q643LELFZ31
ELONGDI	DELONGHI	target.com	HTTPS://WWW.TARGET.COM/B/DELONGHI/-/N-5UYBO
ELOOK	ELOOK	target.com	HTTPS://WWW.TARGET.COM/B/ELOOK/-/N-Q643LE1RMKS
ELOTUGOOL	ELLO	target.com	HTTPS://WWW.TARGET.COM/B/ELLO/-/N-4UJGG
ELRENE	ELRENEHOMEFASHIONS	target.com	HTTPS://WWW.TARGET.COM/B/ELRENE-HOME-FASHIONS/-/N-CXLK1
ELRENEHOME	ELRENEHOMEFASHIONS	target.com	HTTPS://WWW.TARGET.COM/B/ELRENE-HOME-FASHIONS/-/N-CXLK1
ELRENEHOMEFASHION	ELRENEHOMEFASHIONS	target.com	HTTPS://WWW.TARGET.COM/B/ELRENE-HOME-FASHIONS/-/N-CXLK1
ELRENEHOMEFASHIONS	ELRENEHOMEFASHIONS	target.com	HTTPS://WWW.TARGET.COM/B/ELRENE-HOME-FASHIONS/-/N-CXLK1
ELSIEMI	ELEMIS	target.com	HTTPS://WWW.TARGET.COM/B/ELEMIS/-/N-Q643LEDL0EM
ELTAMD	ELTAMD	target.com	HTTPS://WWW.TARGET.COM/B/ELTAMD/-/N-Q643LELFZ31
ELUHITO	ELLO	target.com	HTTPS://WWW.TARGET.COM/B/ELLO/-/N-4UJGG
ELVIS	ELVISPRESLEY	target.com	HTTPS://WWW.TARGET.COM/B/ELVIS-PRESLEY/-/N-32BLK
ELWF	ELFMAKEUPSKINCARE	target.com	HTTPS://WWW.TARGET.COM/B/E-L-F/-/N-5OAJG
ELYASPEDY	ELYSCO	target.com	HTTPS://WWW.TARGET.COM/B/ELY-S-CO/-/N-Q643LEDBDNS
ELYPADDYE	ELYSCO	target.com	HTTPS://WWW.TARGET.COM/B/ELY-S-CO/-/N-Q643LEDBDNS
ELYSIAN	ELYSIANBREWING	target.com	HTTPS://WWW.TARGET.COM/B/ELYSIAN-BREWING/-/N-AE3HC
ELYSOLPLUV	ELYSCO	target.com	HTTPS://WWW.TARGET.COM/B/ELY-S-CO/-/N-Q643LEDBDNS
ELYSS	ELYSCO	target.com	HTTPS://WWW.TARGET.COM/B/ELY-S-CO/-/N-Q643LEDBDNS
ELYUCATECO	ELYUCATECO	target.com	HTTPS://WWW.TARGET.COM/B/EL-YUCATECO/-/N-U8JQ9
ELYXIAN	ELYSIANBREWING	target.com	HTTPS://WWW.TARGET.COM/B/ELYSIAN-BREWING/-/N-AE3HC
EMBARK	EMBARK	target.com	HTTPS://WWW.TARGET.COM/B/EMBARK/-/N-AAP7Z
EMBE	EMBE	target.com	HTTPS://WWW.TARGET.COM/B/EMBE/-/N-25UY8
EMBERS	EMBER	target.com	HTTPS://WWW.TARGET.COM/B/EMBER/-/N-Q643LEYEXCP
EMBRACE	EMBRACE	target.com	HTTPS://WWW.TARGET.COM/B/EMBRACE/-/N-Q643LEQD5E7
EMBRYOLISSE	EMBRYOLISSE	target.com	HTTPS://WWW.TARGET.COM/B/EMBRYOLISSE/-/N-Q643LEHW1D9
EMERGEN	EMERGENC	target.com	HTTPS://WWW.TARGET.COM/B/EMERGEN-C/-/N-559RG
EMERGENC	EMERGENC	target.com	HTTPS://WWW.TARGET.COM/B/EMERGEN-C/-/N-559RG
EMERITA	EMERITA	target.com	HTTPS://WWW.TARGET.COM/B/EMERITA/-/N-Q643LENIZPZ
EMILEHENR	EMILEHENRY	target.com	HTTPS://WWW.TARGET.COM/B/EMILE-HENRY/-/N-Q643LEVGZA0
EMILEHENRY	EMILEHENRY	target.com	HTTPS://WWW.TARGET.COM/B/EMILE-HENRY/-/N-Q643LEVGZA0
EMMAOLIVER	EMMAANDOLIVER	target.com	HTTPS://WWW.TARGET.COM/B/EMMA-AND-OLIVER/-/N-Q643LETVZ71
EMOLLIANDLINENSPA	LINENSPA	target.com	HTTPS://WWW.TARGET.COM/B/LINENSPA/-/N-VF8LP
EMRAW	EMRAW	target.com	HTTPS://WWW.TARGET.COM/B/EMRAW/-/N-Q643LEXI5PZ
ENAUD	AUDEN	target.com	HTTPS://WWW.TARGET.COM/B/AUDEN/-/N-MG0O7
ENBRIGHTEN	ENBRIGHTEN	target.com	HTTPS://WWW.TARGET.COM/B/ENBRIGHTEN/-/N-O0UZO
ENCHANTEHOME	ENCHANTEHOME	target.com	HTTPS://WWW.TARGET.COM/B/ENCHANTE-HOME/-/N-Q643LEMTW60
ENCOUNTERBOOKS	ENCOUNTERBOOKS	target.com	HTTPS://WWW.TARGET.COM/B/ENCOUNTER-BOOKS/-/N-Q643LE8QQY0
ENDANGEREDSPECIESCHOCOLATE	ENDANGEREDSPECIESCHOCOLATE	target.com	HTTPS://WWW.TARGET.COM/B/ENDANGERED-SPECIES-CHOCOLATE/-/N-D1BAW
ENDAY	ENDAY	target.com	HTTPS://WWW.TARGET.COM/B/ENDAY/-/N-Q643LEGR8WF
ENDUST	ENDUST	target.com	HTTPS://WWW.TARGET.COM/B/ENDUST/-/N-62L4O
ENDUSTFORELECTRONICS	ENDUSTFORELECTRONICS	target.com	HTTPS://WWW.TARGET.COM/B/ENDUST-FOR-ELECTRONICS/-/N-Q643LE9850N
ENFAMIL	ENFAMIL	target.com	HTTPS://WWW.TARGET.COM/B/ENFAMIL/-/N-55MJG
ENFAMILAR	ENFAMIL	target.com	HTTPS://WWW.TARGET.COM/B/ENFAMIL/-/N-55MJG
ENFAMILINFANT	ENFAMIL	target.com	HTTPS://WWW.TARGET.COM/B/ENFAMIL/-/N-55MJG
ENFSMIL	ENFAMIL	target.com	HTTPS://WWW.TARGET.COM/B/ENFAMIL/-/N-55MJG
ENGELCOOLERS	ENGEL	target.com	HTTPS://WWW.TARGET.COM/B/ENGEL/-/N-ILO6Q
ENGINEEREDNOW	ENGINEEREDNOW	target.com	HTTPS://WWW.TARGET.COM/B/ENGINEERED-NOW/-/N-Q643LEAFG9R
ENGLISHLAUNDRY	ENGLISHLAUNDRY	target.com	HTTPS://WWW.TARGET.COM/B/ENGLISH-LAUNDRY/-/N-Q643LEW2YKR
ENIDMIL	ENFAMIL	target.com	HTTPS://WWW.TARGET.COM/B/ENFAMIL/-/N-55MJG
ENJOYACTIVE	ENJOYLIFE	target.com	HTTPS://WWW.TARGET.COM/B/ENJOY-LIFE/-/N-55BTM
ENJOYLIFE	ENJOYLIFE	target.com	HTTPS://WWW.TARGET.COM/B/ENJOY-LIFE/-/N-55BTM
ENJOYLIFEFOODS	ENJOYLIFE	target.com	HTTPS://WWW.TARGET.COM/B/ENJOY-LIFE/-/N-55BTM
ENJOYLIFENATURALBRANDS	ENJOYLIFE	target.com	HTTPS://WWW.TARGET.COM/B/ENJOY-LIFE/-/N-55BTM
ENJOYNATIVE	NATIVE	target.com	HTTPS://WWW.TARGET.COM/B/NATIVE/-/N-HKCEB
ENJOYULIFE	ENJOYLIFE	target.com	HTTPS://WWW.TARGET.COM/B/ENJOY-LIFE/-/N-55BTM
ENLUXHOME	LUXENHOME	target.com	HTTPS://WWW.TARGET.COM/B/LUXENHOME/-/N-Q643LE2XDCR
ENOBAR	ANABAR	target.com	HTTPS://WWW.TARGET.COM/B/ANABAR/-/N-Q643LEGWX8V
ENPAC	ENPAC	target.com	HTTPS://WWW.TARGET.COM/B/ENPAC/-/N-Q643LEYDK48
ENSKY	ENSKY	target.com	HTTPS://WWW.TARGET.COM/B/ENSKY/-/N-MIW2K
ENSO	ENSORINGS	target.com	HTTPS://WWW.TARGET.COM/B/ENSO-RINGS/-/N-FJRNN
ENSORINGS	ENSORINGS	target.com	HTTPS://WWW.TARGET.COM/B/ENSO-RINGS/-/N-FJRNN
ENSUE	ENSURE	target.com	HTTPS://WWW.TARGET.COM/B/ENSURE/-/N-559YY
ENSUR	ENSURE	target.com	HTTPS://WWW.TARGET.COM/B/ENSURE/-/N-559YY
ENSURE	ENSURE	target.com	HTTPS://WWW.TARGET.COM/B/ENSURE/-/N-559YY
ENSURECHILD	ENSURE	target.com	HTTPS://WWW.TARGET.COM/B/ENSURE/-/N-559YY
ENSUREMAXBRAND	ENSURE	target.com	HTTPS://WWW.TARGET.COM/B/ENSURE/-/N-559YY
ENSUREORIGINAL	ENSURE	target.com	HTTPS://WWW.TARGET.COM/B/ENSURE/-/N-559YY
ENTENMANNS	ENTENMANNS	target.com	HTTPS://WWW.TARGET.COM/B/ENTENMANN-S/-/N-56DGT
ENTHUSIASTGEAR	ENTHUSIASTGEAR	target.com	HTTPS://WWW.TARGET.COM/B/ENTHUSIAST-GEAR/-/N-Q643LECOYNU
ENTRONIX	ENTRONIX	target.com	HTTPS://WWW.TARGET.COM/B/ENTRONIX/-/N-Q643LEFNUYZ
ENVELOR	ENVELOR	target.com	HTTPS://WWW.TARGET.COM/B/ENVELOR/-/N-Q643LE4RDNV
ENVIROKIDZ	ENVIROKIDZ	target.com	HTTPS://WWW.TARGET.COM/B/ENVIROKIDZ/-/N-Q643LE4EWWD
ENVIROSCENT	ENVIROSCENT	target.com	HTTPS://WWW.TARGET.COM/B/ENVIROSCENT/-/N-Q643LEWEMXH
ENXIEM	NEXIUM24HR	target.com	HTTPS://WWW.TARGET.COM/B/NEXIUM-24HR/-/N-556UL
ENZYMEDICA	ENZYMEDICA	target.com	HTTPS://WWW.TARGET.COM/B/ENZYMEDICA/-/N-Q643LEWYFKC
EO	EOPRODUCTS	target.com	HTTPS://WWW.TARGET.COM/B/EO-PRODUCTS/-/N-Q643LEU0GHA
EOEXN	EOPRODUCTS	target.com	HTTPS://WWW.TARGET.COM/B/EO-PRODUCTS/-/N-Q643LEU0GHA
EOHMAY	EUHOMY	target.com	HTTPS://WWW.TARGET.COM/B/EUHOMY/-/N-Q643LEVW6R4
EOIS	EOS	target.com	HTTPS://WWW.TARGET.COM/B/EOS/-/N-T73CK
EOLO	EOLOTOYS	target.com	HTTPS://WWW.TARGET.COM/B/EOLO-TOYS/-/N-E3DNR
EOPRO	GOPRO	target.com	HTTPS://WWW.TARGET.COM/B/GOPRO/-/N-5CLLI
EOS	EOS	target.com	HTTPS://WWW.TARGET.COM/B/EOS/-/N-T73CK
EOSCITY	EOS	target.com	HTTPS://WWW.TARGET.COM/B/EOS/-/N-T73CK
EOSPRODUCTS	EOS	target.com	HTTPS://WWW.TARGET.COM/B/EOS/-/N-T73CK
EOSSHINY	EOS	target.com	HTTPS://WWW.TARGET.COM/B/EOS/-/N-T73CK
EPIQUEONE	EPIQUEONE	target.com	HTTPS://WWW.TARGET.COM/B/EPIQUEONE/-/N-Q643LE48IMS
EPOCHEVERLASTINGPLAY	EPOCHEVERLASTINGPLAY	target.com	HTTPS://WWW.TARGET.COM/B/EPOCH-EVERLASTING-PLAY/-/N-CFNEX
EPOSAUDIO	EPOSAUDIO	target.com	HTTPS://WWW.TARGET.COM/B/EPOS-AUDIO/-/N-Q643LEQGZ5U
EPREC	EPRES	target.com	HTTPS://WWW.TARGET.COM/B/EPRES/-/N-Q643LEQ6PC8
EPRESINART	EPRES	target.com	HTTPS://WWW.TARGET.COM/B/EPRES/-/N-Q643LEQ6PC8
EQUADOSE	EQUADOSE	target.com	HTTPS://WWW.TARGET.COM/B/EQUADOSE/-/N-Q643LETR6S6
EQUAL	EQUALEXCHANGE	target.com	HTTPS://WWW.TARGET.COM/B/EQUAL-EXCHANGE/-/N-CXQ2S
EQUALEXCHANGE	EQUALEXCHANGE	target.com	HTTPS://WWW.TARGET.COM/B/EQUAL-EXCHANGE/-/N-CXQ2S
EQUALLY	EQUALEXCHANGE	target.com	HTTPS://WWW.TARGET.COM/B/EQUAL-EXCHANGE/-/N-CXQ2S
ERGATRON	ERGOTRON	target.com	HTTPS://WWW.TARGET.COM/B/ERGOTRON/-/N-J9GL3
ERGOBABY	ERGOBABY	target.com	HTTPS://WWW.TARGET.COM/B/ERGOBABY/-/N-TBRO7
ERGOBABYSTORE	ERGOBABY	target.com	HTTPS://WWW.TARGET.COM/B/ERGOBABY/-/N-TBRO7
ERGODYNE	ERGODYNE	target.com	HTTPS://WWW.TARGET.COM/B/ERGODYNE/-/N-4MMRR
ERGOGUYS	ERGOGUYS	target.com	HTTPS://WWW.TARGET.COM/B/ERGOGUYS/-/N-IX0YB
ERGOPOUCH	ERGOPOUCH	target.com	HTTPS://WWW.TARGET.COM/B/ERGOPOUCH/-/N-Q643LEWD685
ERGOTRON	ERGOTRON	target.com	HTTPS://WWW.TARGET.COM/B/ERGOTRON/-/N-J9GL3
ERICCARLE	ERICCARLE	target.com	HTTPS://WWW.TARGET.COM/B/ERIC-CARLE/-/N-55EL7
ERIKA	ERIKA	target.com	HTTPS://WWW.TARGET.COM/B/ERIKA/-/N-Q643LECQ4W0
ERINCONDREN	ERINCONDREN	target.com	HTTPS://WWW.TARGET.COM/B/ERIN-CONDREN/-/N-Q643LEV2VYG
ERNHDS	NERDS	target.com	HTTPS://WWW.TARGET.COM/B/NERDS/-/N-560ID
ERNIEBALL	ERNIEBALL	target.com	HTTPS://WWW.TARGET.COM/B/ERNIE-BALL/-/N-NWESK
EROMMY	EROMMY	target.com	HTTPS://WWW.TARGET.COM/B/EROMMY/-/N-Q643LENY28H
ESCCOMPANY	ESCCOMPANY	target.com	HTTPS://WWW.TARGET.COM/B/ESC-COMPANY/-/N-Z95AT
ESCORT	ESCORT	target.com	HTTPS://WWW.TARGET.COM/B/ESCORT/-/N-Q643LEPPYOY
ESEMBLY	ESEMBLY	target.com	HTTPS://WWW.TARGET.COM/B/ESEMBLY/-/N-Q643LEHA0EZ
ESPALMA	ESPALMA	target.com	HTTPS://WWW.TARGET.COM/B/ESPALMA/-/N-Q643LEBYQID
ESPANOLA	LAESPANOLA	target.com	HTTPS://WWW.TARGET.COM/B/LA-ESPANOLA/-/N-9GLYL
ESPEZZ	EZPZ	target.com	HTTPS://WWW.TARGET.COM/B/EZPZ/-/N-3NUBH
ESPOMACOMPANY	ESPOMACOMPANY	target.com	HTTPS://WWW.TARGET.COM/B/ESPOMA-COMPANY/-/N-Q643LEJMZTX
ESPRESSIONE	ESPRESSIONE	target.com	HTTPS://WWW.TARGET.COM/B/ESPRESSIONE/-/N-5VGOA
ESQUKI	NESQUIK	target.com	HTTPS://WWW.TARGET.COM/B/NESQUIK/-/N-56D3Z
ESR	ESR	target.com	HTTPS://WWW.TARGET.COM/B/ESR/-/N-Q643LEMJQQN
ESRIPRESS	ESRIPRESS	target.com	HTTPS://WWW.TARGET.COM/B/ESRI-PRESS/-/N-Q643LEZDY70
ESROBBINSPRODUCTS	ESROBBINS	target.com	HTTPS://WWW.TARGET.COM/B/ES-ROBBINS/-/N-Q643LEOT1S
ESSENTIA	ESSENTIA	target.com	HTTPS://WWW.TARGET.COM/B/ESSENTIA/-/N-UIGE9
ESSENTIALDCOR	ESSENTIALDECORBEYOND	target.com	HTTPS://WWW.TARGET.COM/B/ESSENTIAL-DECOR-BEYOND-INC/-/N-Q643LE121IU
ESSENTIALDECOR	ESSENTIALDECORBEYOND	target.com	HTTPS://WWW.TARGET.COM/B/ESSENTIAL-DECOR-BEYOND-INC/-/N-Q643LE121IU
ESSENTIALDECORBEYOND	ESSENTIALDECORBEYOND	target.com	HTTPS://WWW.TARGET.COM/B/ESSENTIAL-DECOR-BEYOND-INC/-/N-Q643LE121IU
ESSENTIALEVERYDAY	EVERYDAYESSENTIALS	target.com	HTTPS://WWW.TARGET.COM/B/EVERYDAY-ESSENTIALS/-/N-Q643LEK24BO
ESSENTIALHOME	HOMEESSENTIALS	target.com	HTTPS://WWW.TARGET.COM/B/HOME-ESSENTIALS/-/N-Q643LEEYNVZ
ESSENTIALLOUNGER	ESSENTIALLOUNGER	target.com	HTTPS://WWW.TARGET.COM/B/ESSENTIAL-LOUNGER/-/N-Q643LEJ8ZEK
ESSENTIALROOM	ROOMESSENTIALS	target.com	HTTPS://WWW.TARGET.COM/B/ROOM-ESSENTIALS/-/N-5Y3A8
ESSENTIALSBYMUKLUKS	ESSENTIALSBYMUKLUKS	target.com	HTTPS://WWW.TARGET.COM/B/ESSENTIALS-BY-MUK-LUKS/-/N-Q643LE469ZQ
ESSIE	ESSIE	target.com	HTTPS://WWW.TARGET.COM/B/ESSIE/-/N-78JVL
EST2015MISSIONMEATS	MISSIONMEATS	target.com	HTTPS://WWW.TARGET.COM/B/MISSION-MEATS/-/N-Q643LEXPFHX
ESTELAUDER	ESTEELAUDER	target.com	HTTPS://WWW.TARGET.COM/B/ESTEE-LAUDER/-/N-Q643LEEKJKN
ESTERNO	ESTERNO	target.com	HTTPS://WWW.TARGET.COM/B/ESTERNO/-/N-Q643LET3IJ0
ESTHOLOGY	ESTHOLOGY	target.com	HTTPS://WWW.TARGET.COM/B/ESTHOLOGY/-/N-Q643LEY14J0
ESTROVEN	ESTROVEN	target.com	HTTPS://WWW.TARGET.COM/B/ESTROVEN/-/N-5DZVT
ETHANELLENBERGLITERARYAGENCY	ETHANELLENBERGLITERARYAGENCY	target.com	HTTPS://WWW.TARGET.COM/B/ETHAN-ELLENBERG-LITERARY-AGENCY/-/N-Q643LESAARV
ETHENTIC	ETHIQUE	target.com	HTTPS://WWW.TARGET.COM/B/ETHIQUE/-/N-5VUBH
ETHENTIC	ETHICGOODS	target.com	HTTPS://WWW.TARGET.COM/B/ETHIC-GOODS/-/N-Q643LEPUGSO
ETHIC	ETHICGOODS	target.com	HTTPS://WWW.TARGET.COM/B/ETHIC-GOODS/-/N-Q643LEPUGSO
ETHICALPET	ETHICALPET	target.com	HTTPS://WWW.TARGET.COM/B/ETHICAL-PET/-/N-Q643LEPYW77
ETHICALPETPRODUCTS	ETHICALPET	target.com	HTTPS://WWW.TARGET.COM/B/ETHICAL-PET/-/N-Q643LEPYW77
ETHICALPETS	ETHICALPET	target.com	HTTPS://WWW.TARGET.COM/B/ETHICAL-PET/-/N-Q643LEPYW77
ETHICASE	ETHIQUE	target.com	HTTPS://WWW.TARGET.COM/B/ETHIQUE/-/N-5VUBH
ETICA	ETICA	target.com	HTTPS://WWW.TARGET.COM/B/ETICA/-/N-Q643LE94MJL
ETICIAN	ETHIQUE	target.com	HTTPS://WWW.TARGET.COM/B/ETHIQUE/-/N-5VUBH
ETIFIKON	ETHIQUE	target.com	HTTPS://WWW.TARGET.COM/B/ETHIQUE/-/N-5VUBH
ETUDE	ETUDE	target.com	HTTPS://WWW.TARGET.COM/B/ETUDE/-/N-Q8KSO
EUCERIN	EUCERIN	target.com	HTTPS://WWW.TARGET.COM/B/EUCERIN/-/N-5T89K
EUFY	EUFY	target.com	HTTPS://WWW.TARGET.COM/B/EUFY/-/N-Q643LEIMXHY
EUHOMY	EUHOMY	target.com	HTTPS://WWW.TARGET.COM/B/EUHOMY/-/N-Q643LEVW6R4
EUREKAERGONOMIC	EUREKAERGONOMIC	target.com	HTTPS://WWW.TARGET.COM/B/EUREKA-ERGONOMIC/-/N-Q643LECD8MG
EUREKAERGONOMICS	EUREKAERGONOMIC	target.com	HTTPS://WWW.TARGET.COM/B/EUREKA-ERGONOMIC/-/N-Q643LECD8MG
EURIGO	KEURIG	target.com	HTTPS://WWW.TARGET.COM/B/KEURIG/-/N-5UVM4
EURIZEN	EUCERIN	target.com	HTTPS://WWW.TARGET.COM/B/EUCERIN/-/N-5T89K
EUROFLEX	EUROFLEX	target.com	HTTPS://WWW.TARGET.COM/B/EUROFLEX/-/N-Q643LEYT7B7
EUROHOME	EUROHOME	target.com	HTTPS://WWW.TARGET.COM/B/EUROHOME/-/N-Q643LEDBSGV
EUROPAEDITIONS	EUROPAEDITIONS	target.com	HTTPS://WWW.TARGET.COM/B/EUROPA-EDITIONS/-/N-Q643LEPL8LK
EURORA	AURORA	target.com	HTTPS://WWW.TARGET.COM/B/AURORA/-/N-9P9FU
EUROTOOL	EUROTOOL	target.com	HTTPS://WWW.TARGET.COM/B/EURO-TOOL/-/N-6O60R
EVAAVO	EVAAVO	target.com	HTTPS://WWW.TARGET.COM/B/EVA-AVO/-/N-Q643LEW750S
EVAEVE	EVANYC	target.com	HTTPS://WWW.TARGET.COM/B/EVA-NYC/-/N-4UT9U
EVANMOOR	EVANMOOR	target.com	HTTPS://WWW.TARGET.COM/B/EVAN-MOOR/-/N-GN20G
EVANMOOR	EVANMOOREDUCATIONALPUBLISHERS	target.com	HTTPS://WWW.TARGET.COM/B/EVAN-MOOR-EDUCATIONAL-PUBLISHERS/-/N-Q643LEKF9IO
EVANMOOREDUCATIONALPUBLISHERS	EVANMOOREDUCATIONALPUBLISHERS	target.com	HTTPS://WWW.TARGET.COM/B/EVAN-MOOR-EDUCATIONAL-PUBLISHERS/-/N-Q643LEQZFRM
EVANMOOREDUCATIONALPUBLISHERS	EVANMOOR	target.com	HTTPS://WWW.TARGET.COM/B/EVAN-MOOR/-/N-GN20G
EVAPOLAR	EVAPOLAR	target.com	HTTPS://WWW.TARGET.COM/B/EVAPOLAR/-/N-7Z3FH
EVEANRO	AVEENO	target.com	HTTPS://WWW.TARGET.COM/B/AVEENO/-/N-5XVGB
EVENFLO	EVENFLO	target.com	HTTPS://WWW.TARGET.COM/B/EVENFLO/-/N-5Y63G
EVENFLOANDSAFETY1ST	EVENFLO	target.com	HTTPS://WWW.TARGET.COM/B/EVENFLO/-/N-5Y63G
EVENFLOCO	EVENFLO	target.com	HTTPS://WWW.TARGET.COM/B/EVENFLO/-/N-5Y63G
EVENFLOGOLO	EVENFLO	target.com	HTTPS://WWW.TARGET.COM/B/EVENFLO/-/N-5Y63G
EVENFLOSTORE	EVENFLO	target.com	HTTPS://WWW.TARGET.COM/B/EVENFLO/-/N-5Y63G
EVENFLOV	EVENFLO	target.com	HTTPS://WWW.TARGET.COM/B/EVENFLO/-/N-5Y63G
EVERADVANCE	EVERADVANCED	target.com	HTTPS://WWW.TARGET.COM/B/EVER-ADVANCED/-/N-Q643LEJCOG9
EVERCARE	EVERCARE	target.com	HTTPS://WWW.TARGET.COM/B/EVERCARE/-/N-5CX1H
EVERCROSS	EVERCROSS	target.com	HTTPS://WWW.TARGET.COM/B/EVERCROSS/-/N-Q643LEQW32K
EVERGIRL	THEEVERYGIRL	target.com	HTTPS://WWW.TARGET.COM/B/THE-EVERYGIRL/-/N-Q643LE527JW
EVERGOLF	EVERGOLF	target.com	HTTPS://WWW.TARGET.COM/B/EVERGOLF/-/N-Q643LEQ7V4J
EVERGRACE	EVERGRACE	target.com	HTTPS://WWW.TARGET.COM/B/EVERGRACE/-/N-Q643LEAZJFK
EVERGREENENTERPRI	EVERGREENENTERPRISES	target.com	HTTPS://WWW.TARGET.COM/B/EVERGREEN-ENTERPRISES-INC/-/N-74UY5
EVERGREENENTERPRISES	EVERGREENENTERPRISES	target.com	HTTPS://WWW.TARGET.COM/B/EVERGREEN-ENTERPRISES-INC/-/N-74UY5
EVERGREENPETSUPPLIES	EVERGREENPETSUPPLIES	target.com	HTTPS://WWW.TARGET.COM/B/EVERGREEN-PET-SUPPLIES/-/N-Q643LE65B5J
EVERGREENPRODUCTS	EVERGREEN	target.com	HTTPS://WWW.TARGET.COM/B/EVERGREEN/-/N-5XGY6
EVERLANDS	EVERLANDS	target.com	HTTPS://WWW.TARGET.COM/B/EVERLANDS/-/N-Q643LE3CIKH
EVERLAST	EVERLAST	target.com	HTTPS://WWW.TARGET.COM/B/EVERLAST/-/N-5QS6H
EVERLASTWORLDWIDE	EVERLAST	target.com	HTTPS://WWW.TARGET.COM/B/EVERLAST/-/N-5QS6H
EVERPRO	EVERPRO	target.com	HTTPS://WWW.TARGET.COM/B/EVERPRO/-/N-4Y5P9
EVERREADYFIRSTAID	EVERREADYFIRSTAID	target.com	HTTPS://WWW.TARGET.COM/B/EVERREADY-FIRST-AID/-/N-Q643LEJU9R3
EVERSPRING	EVERSPRING	target.com	HTTPS://WWW.TARGET.COM/B/EVERSPRING/-/N-GL7N0
EVERSTARLTD	EVERSTAR	target.com	HTTPS://WWW.TARGET.COM/B/EVERSTAR/-/N-Q643LEXM51E
EVERTONE	EVERTONE	target.com	HTTPS://WWW.TARGET.COM/B/EVERTONE/-/N-Q643LE1E39Y
EVERYDAYESSENTIAL	EVERYDAYESSENTIALS	target.com	HTTPS://WWW.TARGET.COM/B/EVERYDAY-ESSENTIALS/-/N-Q643LEK24BO
EVERYDAYESSENTIALS	EVERYDAYESSENTIALS	target.com	HTTPS://WWW.TARGET.COM/B/EVERYDAY-ESSENTIALS/-/N-Q643LEK24BO
EVERYDAYHOME	EVERYDAYHOME	target.com	HTTPS://WWW.TARGET.COM/B/EVERYDAY-HOME/-/N-Q643LECIFL9
EVERYDAYHOMEESSENTIALS	HOMEESSENTIALS	target.com	HTTPS://WWW.TARGET.COM/B/HOME-ESSENTIALS/-/N-Q643LEEYNVZ
EVERYDAYHUMANS	EVERYDAYHUMANS	target.com	HTTPS://WWW.TARGET.COM/B/EVERYDAY-HUMANS/-/N-Q643LEQ3TF2
EVERYDAYKIDS	EVERYDAYKIDS	target.com	HTTPS://WWW.TARGET.COM/B/EVERYDAY-KIDS/-/N-Q643LEZ77BC
EVERYMAN	EVERYMANPAPERBACKS	target.com	HTTPS://WWW.TARGET.COM/B/EVERYMAN-PAPERBACKS/-/N-Q643LENBTAZ
EVERYMANJACK	EVERYMANJACK	target.com	HTTPS://WWW.TARGET.COM/B/EVERY-MAN-JACK/-/N-5TD0Z
EVERYMANSLIBRARY	EVERYMANSLIBRARY	target.com	HTTPS://WWW.TARGET.COM/B/EVERYMAN-S-LIBRARY/-/N-Q643LEOVF10
EVERYONE	EVERYONE	target.com	HTTPS://WWW.TARGET.COM/B/EVERYONE/-/N-559QB
EVERYONEFOREVERYBODY	EVERYONE	target.com	HTTPS://WWW.TARGET.COM/B/EVERYONE/-/N-559QB
EVERYONEGAINDH	EVERYONE	target.com	HTTPS://WWW.TARGET.COM/B/EVERYONE/-/N-559QB
EVERYONG	EVERYONE	target.com	HTTPS://WWW.TARGET.COM/B/EVERYONE/-/N-559QB
EVERYROOM	EVERYROOM	target.com	HTTPS://WWW.TARGET.COM/B/EVERYROOM/-/N-VWKU1
EVERYTHINGKIDS	EVERYTHINGKIDS	target.com	HTTPS://WWW.TARGET.COM/B/EVERYTHING-KIDS/-/N-Q643LEZYV4K
EVERYTHINGMARY	EVERYTHINGMARY	target.com	HTTPS://WWW.TARGET.COM/B/EVERYTHING-MARY/-/N-Q643LEIA88C
EVERYYAYESSENTIALS	EVERYDAYESSENTIALS	target.com	HTTPS://WWW.TARGET.COM/B/EVERYDAY-ESSENTIALS/-/N-Q643LEK24BO
EVIANFACIALSPRAY	EVIANFACIALSPRAY	target.com	HTTPS://WWW.TARGET.COM/B/EVIAN-FACIAL-SPRAY/-/N-Q643LEU30MP
EVIDECO	EVIDECOFRENCHHOMEGOODS	target.com	HTTPS://WWW.TARGET.COM/B/EVIDECO-FRENCH-HOME-GOODS/-/N-Q643LE2V9FB
EVIDECOFRENCHHOMEGOODS	EVIDECOFRENCHHOMEGOODS	target.com	HTTPS://WWW.TARGET.COM/B/EVIDECO-FRENCH-HOME-GOODS/-/N-Q643LE2V9FB
EVILHATPRODUCTIONS	EVILHATPRODUCTIONS	target.com	HTTPS://WWW.TARGET.COM/B/EVIL-HAT-PRODUCTIONS/-/N-T6VVZ
EVLA	EVLAS	target.com	HTTPS://WWW.TARGET.COM/B/EVLAS/-/N-Q643LEJJ1CO
EVLAS	EVLAS	target.com	HTTPS://WWW.TARGET.COM/B/EVLAS/-/N-Q643LEJJ1CO
EVLUTION	EVLUTIONNUTRITION	target.com	HTTPS://WWW.TARGET.COM/B/EVLUTION-NUTRITION/-/N-Q643LEHNAF4
EVLUTIONNUTRITION	EVLUTIONNUTRITION	target.com	HTTPS://WWW.TARGET.COM/B/EVLUTION-NUTRITION/-/N-Q643LEHNAF4
EVOLUR	EVOLUR	target.com	HTTPS://WWW.TARGET.COM/B/EVOLUR/-/N-PWRJ3
EVOLUTIONSALT	EVOLUTIONSALT	target.com	HTTPS://WWW.TARGET.COM/B/EVOLUTION-SALT/-/N-Q643LEEZ37Y
EVOLVEPRODUCTS	EVOLVEPRODUCTS	target.com	HTTPS://WWW.TARGET.COM/B/EVOLVE-PRODUCTS/-/N-A89CI
EWATCHFACTORY	EWATCHFACTORY	target.com	HTTPS://WWW.TARGET.COM/B/EWATCHFACTORY/-/N-W9DO
EWBANK	EWBANK	target.com	HTTPS://WWW.TARGET.COM/B/EWBANK/-/N-3H8Z8
EXCEDRIN	EXCEDRIN	target.com	HTTPS://WWW.TARGET.COM/B/EXCEDRIN/-/N-55C3U
EXCELLANTE	EXCELLANTE	target.com	HTTPS://WWW.TARGET.COM/B/EXCELLANTE/-/N-Q643LEK02LH
EXCELLOGLOBALPRODUCTS	EXCELLOGLOBALPRODUCTS	target.com	HTTPS://WWW.TARGET.COM/B/EXCELLO-GLOBAL-PRODUCTS/-/N-Q643LEDRUT
EXCELSTEEL	EXCELSTEEL	target.com	HTTPS://WWW.TARGET.COM/B/EXCELSTEEL/-/N-J7GKL
EXCLUSIVEHOME	EXCLUSIVEHOME	target.com	HTTPS://WWW.TARGET.COM/B/EXCLUSIVE-HOME/-/N-XGUUU
EXCULSIVEHOME	EXCLUSIVEHOME	target.com	HTTPS://WWW.TARGET.COM/B/EXCLUSIVE-HOME/-/N-XGUUU
EXEDERM	EXEDERM	target.com	HTTPS://WWW.TARGET.COM/B/EXEDERM/-/N-5OZKZ
EXHOSMILE	ECHOSMILE	target.com	HTTPS://WWW.TARGET.COM/B/ECHOSMILE/-/N-Q643LE56CXL
EXITTOYSUSA	EXITTOYS	target.com	HTTPS://WWW.TARGET.COM/B/EXIT-TOYS/-/N-Q643LEL25V5
EXOFFICIO	EXOFFICIO	target.com	HTTPS://WWW.TARGET.COM/B/EXOFFICIO/-/N-Q643LERX4H0
EXPLODINGKITTENS	EXPLODINGKITTENS	target.com	HTTPS://WWW.TARGET.COM/B/EXPLODING-KITTENS/-/N-UW5D1
EXPLORECUISINE	EXPLORECUISINE	target.com	HTTPS://WWW.TARGET.COM/B/EXPLORE-CUISINE/-/N-Q643LE6BTW0
EXPLOREICE	EXPLOREICE	target.com	HTTPS://WWW.TARGET.COM/B/EXPLORE-ICE/-/N-Q643LEOV695
EXPRESSIVEDESIGNGROUP	EXPRESSIVEDESIGNGROUP	target.com	HTTPS://WWW.TARGET.COM/B/EXPRESSIVE-DESIGN-GROUP/-/N-Q643LEIIEJ8
EXQUISITEGAMING	EXQUISITEGAMING	target.com	HTTPS://WWW.TARGET.COM/B/EXQUISITE-GAMING/-/N-GAIDG
EXQUISITESELEBRITY	CELEBLUXURY	target.com	HTTPS://WWW.TARGET.COM/B/CELEB-LUXURY/-/N-Q643LE4WQXW
EXTASTICKS	EXTASTICKS	target.com	HTTPS://WWW.TARGET.COM/B/EXTASTICKS/-/N-Q643LEQD813
EXTERMINATORSCHOICE	EXTERMINATORSCHOICE	target.com	HTTPS://WWW.TARGET.COM/B/EXTERMINATORS-CHOICE/-/N-Q643LE1AYBX
EXTRA	EXTRA	target.com	HTTPS://WWW.TARGET.COM/B/EXTRA/-/N-55FZJ
EXTREMEFIT	EXTREMEFIT	target.com	HTTPS://WWW.TARGET.COM/B/EXTREME-FIT/-/N-Q643LESYMTH
EYHOMY	EUHOMY	target.com	HTTPS://WWW.TARGET.COM/B/EUHOMY/-/N-Q643LEVW6R4
EYLAR	EYLAR	target.com	HTTPS://WWW.TARGET.COM/B/EYLAR/-/N-Q643LETV9LC
EYLEER	EYLAR	target.com	HTTPS://WWW.TARGET.COM/B/EYLAR/-/N-Q643LETV9LC
EYLURE	EYLURE	target.com	HTTPS://WWW.TARGET.COM/B/EYLURE/-/N-559IG
EYUMOI	YUMI	target.com	HTTPS://WWW.TARGET.COM/B/YUMI/-/N-Q643LEUDAOY
EZBREZZYKITES	EZPZ	target.com	HTTPS://WWW.TARGET.COM/B/EZPZ/-/N-3NUBH
EZDUZIT	EZDUZIT	target.com	HTTPS://WWW.TARGET.COM/B/EZ-DUZ-IT/-/N-Q643LE6T96Q
EZFOIL	EZFOIL	target.com	HTTPS://WWW.TARGET.COM/B/EZ-FOIL/-/N-55B8F
EZGOAL	EZGOAL	target.com	HTTPS://WWW.TARGET.COM/B/EZGOAL/-/N-TTZ5O
EZKOCNIZ	IZZE	target.com	HTTPS://WWW.TARGET.COM/B/IZZE/-/N-55F40
EZPZ	EZPZ	target.com	HTTPS://WWW.TARGET.COM/B/EZPZ/-/N-3NUBH
EZREAD	EZREAD	target.com	HTTPS://WWW.TARGET.COM/B/EZREAD/-/N-Q643LE1LFPK
EZVALO	EZVALO	target.com	HTTPS://WWW.TARGET.COM/B/EZVALO/-/N-Q643LEPW2PC
EZWHELP	EZWHELP	target.com	HTTPS://WWW.TARGET.COM/B/EZWHELP/-/N-Q643LEDWFGK
EZY	EZYSTORAGE	target.com	HTTPS://WWW.TARGET.COM/B/EZY-STORAGE/-/N-KEFUB
EZYDOSE	EZYDOSE	target.com	HTTPS://WWW.TARGET.COM/B/EZY-DOSE/-/N-Q643LE337JY
EZYROLLER	EZYROLLER	target.com	HTTPS://WWW.TARGET.COM/B/EZYROLLER/-/N-4VQKN
EZYSTORAGE	EZYSTORAGE	target.com	HTTPS://WWW.TARGET.COM/B/EZY-STORAGE/-/N-KEFUB
FAAYFIAN	FAAYFIAN	target.com	HTTPS://WWW.TARGET.COM/B/FAAYFIAN/-/N-Q643LE5RUKM
FABATO	FABATO	target.com	HTTPS://WWW.TARGET.COM/B/FABATO/-/N-Q643LEZK8ZJ
FABDOG	FABDOG	target.com	HTTPS://WWW.TARGET.COM/B/FABDOG/-/N-Q643LE3SHDE
FABDREAMS	FABDREAMS	target.com	HTTPS://WWW.TARGET.COM/B/FABDREAMS/-/N-Q643LEDBCCK
FABERANDCASTELL	FABERCASTELL	target.com	HTTPS://WWW.TARGET.COM/B/FABER-CASTELL/-/N-5S4TO
FABERCASTELL	FABERCASTELL	target.com	HTTPS://WWW.TARGET.COM/B/FABER-CASTELL/-/N-5S4TO
FABERWARE	FARBERWARE	target.com	HTTPS://WWW.TARGET.COM/B/FARBERWARE/-/N-5VI6X
FABFEET	FABFEET	target.com	HTTPS://WWW.TARGET.COM/B/FAB-FEET/-/N-5UV7R
FABHABITAT	FABHABITAT	target.com	HTTPS://WWW.TARGET.COM/B/FAB-HABITAT/-/N-4UJ6T
FABLON	FABLON	target.com	HTTPS://WWW.TARGET.COM/B/FABLON/-/N-Q643LEAHFVH
FABLUDO	FABULOSO	target.com	HTTPS://WWW.TARGET.COM/B/FABULOSO/-/N-55VY3
FABORWARE	FARBERWARE	target.com	HTTPS://WWW.TARGET.COM/B/FARBERWARE/-/N-5VI6X
FABULOSO	FABULOSO	target.com	HTTPS://WWW.TARGET.COM/B/FABULOSO/-/N-55VY3
FACESOFT	FACESOFT	target.com	HTTPS://WWW.TARGET.COM/B/FACESOFT/-/N-Q643LED7G0U
FACESPYA	THEFACESHOP	target.com	HTTPS://WWW.TARGET.COM/B/THE-FACE-SHOP/-/N-Q643LEO78HZ
FACETORY	FACETORY	target.com	HTTPS://WWW.TARGET.COM/B/FACETORY/-/N-Q643LEG4X6T
FACILIFE	FAIRLIFE	target.com	HTTPS://WWW.TARGET.COM/B/FAIRLIFE/-/N-2PIUY
FACTORYDIRECTPARTNERS	FACTORYDIRECTPARTNERS	target.com	HTTPS://WWW.TARGET.COM/B/FACTORY-DIRECT-PARTNERS/-/N-Q643LESZEKO
FAIRCHILDBOOKS	FAIRCHILDBOOKS	target.com	HTTPS://WWW.TARGET.COM/B/FAIRCHILD-BOOKS/-/N-Q643LEME44C
FAIRLIFE	FAIRLIFE	target.com	HTTPS://WWW.TARGET.COM/B/FAIRLIFE/-/N-2PIUY
FAIRWINDSPRESS	FAIRWINDSPRESSMA	target.com	HTTPS://WWW.TARGET.COM/B/FAIR-WINDS-PRESS-MA/-/N-Q643LETFWOW
FAITHFULFINDS	FAITHFULFINDS	target.com	HTTPS://WWW.TARGET.COM/B/FAITHFUL-FINDS/-/N-Q643LE9HIGO
FAITHFULGIFTS	FAITHFULFINDS	target.com	HTTPS://WWW.TARGET.COM/B/FAITHFUL-FINDS/-/N-Q643LE9HIGO
FAITHWORDS	FAITHWORDS	target.com	HTTPS://WWW.TARGET.COM/B/FAITHWORDS/-/N-Q643LE4VMHI
FAMAPY	FAMAPY	target.com	HTTPS://WWW.TARGET.COM/B/FAMAPY/-/N-Q643LE1ZBRX
FAMICOOP	COOPHOMEGOODS	target.com	HTTPS://WWW.TARGET.COM/B/COOP-HOME-GOODS/-/N-Q643LE74FX2
FAMILIUS	FAMILIUS	target.com	HTTPS://WWW.TARGET.COM/B/FAMILIUS/-/N-Q643LED2CN5
FAMILYGUARD	FAMILYGUARD	target.com	HTTPS://WWW.TARGET.COM/B/FAMILY-GUARD/-/N-Q643LEDRVWY
FAMOUSAMOS	FAMOUSAMOS	target.com	HTTPS://WWW.TARGET.COM/B/FAMOUS-AMOS/-/N-4YKH8
FAMOUSDAVES	FAMOUSDAVES	target.com	HTTPS://WWW.TARGET.COM/B/FAMOUS-DAVE-S/-/N-5QF20
FAMOUSHOMEFASHIONSINCDD	HOMEFASHIONSINTERNATIONAL	target.com	HTTPS://WWW.TARGET.COM/B/HOME-FASHIONS-INTERNATIONAL/-/N-Q643LEC33YR
FANATTIK	FANATTIK	target.com	HTTPS://WWW.TARGET.COM/B/FANATTIK/-/N-Q643LESXPT0
FANCYFEAST	FANCYFEAST	target.com	HTTPS://WWW.TARGET.COM/B/FANCY-FEAST/-/N-4TGRK
FANCYNANCY	FANCYNANCY	target.com	HTTPS://WWW.TARGET.COM/B/FANCY-NANCY/-/N-TS6NY
FANCYPANTSBAKINGCO	FANCYPANTSBAKINGCO	target.com	HTTPS://WWW.TARGET.COM/B/FANCYPANTS-BAKING-CO/-/N-9P2SI
FANILIFE	FAIRLIFE	target.com	HTTPS://WWW.TARGET.COM/B/FAIRLIFE/-/N-2PIUY
FANMATS	FANMATS	target.com	HTTPS://WWW.TARGET.COM/B/FANMATS/-/N-5SFXQ
FANNIEMAY	FANNIEMAY	target.com	HTTPS://WWW.TARGET.COM/B/FANNIE-MAY/-/N-YYBDD
FANOLA	FANOLA	target.com	HTTPS://WWW.TARGET.COM/B/FANOLA/-/N-Q643LEIVZ7A
FANOLO	FANOLA	target.com	HTTPS://WWW.TARGET.COM/B/FANOLA/-/N-Q643LEIVZ7A
FANOYOL	FANOLA	target.com	HTTPS://WWW.TARGET.COM/B/FANOLA/-/N-Q643LEIVZ7A
FANPANS	FANPAN	target.com	HTTPS://WWW.TARGET.COM/B/FAN-PAN/-/N-Q643LE7XVV2
FANTAPAK	FANTAPAK	target.com	HTTPS://WWW.TARGET.COM/B/FANTAPAK/-/N-Q643LEOFH5J
FANTASTIC	FANTASTIK	target.com	HTTPS://WWW.TARGET.COM/B/FANTASTIK/-/N-Q643LEBZ8QI
FANTASTIK	FANTASTIK	target.com	HTTPS://WWW.TARGET.COM/B/FANTASTIK/-/N-Q643LEBZ8QI
FANTASYBYMASQUEBAR	FANTASYBYMASQUEBAR	target.com	HTTPS://WWW.TARGET.COM/B/FANTASY-BY-MASQUE-BAR/-/N-Q643LEL027G
FANTASYFIELDS	FANTASYFIELDSBYTEAMSONKIDS	target.com	HTTPS://WWW.TARGET.COM/B/FANTASY-FIELDS-BY-TEAMSON-KIDS/-/N-Q643LEU3BYP
FANTASYFIELDSBYTEAMSON	FANTASYFIELDSBYTEAMSONKIDS	target.com	HTTPS://WWW.TARGET.COM/B/FANTASY-FIELDS-BY-TEAMSON-KIDS/-/N-Q643LEU3BYP
FANTASYFLIGHTGAMES	FANTASYFLIGHTGAMES	target.com	HTTPS://WWW.TARGET.COM/B/FANTASY-FLIGHT-GAMES/-/N-RCIV8
FANWRAPS	FANWRAPS	target.com	HTTPS://WWW.TARGET.COM/B/FANWRAPS/-/N-HTV33
FAOSCHWARZ	FAOSCHWARZ	target.com	HTTPS://WWW.TARGET.COM/B/FAO-SCHWARZ/-/N-Q643LEPHETD
FAOSCHWARZMERCHSOURCE	FAOSCHWARZ	target.com	HTTPS://WWW.TARGET.COM/B/FAO-SCHWARZ/-/N-Q643LEPHETD
FAOSCWARZ	FAOSCHWARZ	target.com	HTTPS://WWW.TARGET.COM/B/FAO-SCHWARZ/-/N-Q643LEPHETD
FAPO	FAPO	target.com	HTTPS://WWW.TARGET.COM/B/FAPO/-/N-Q643LELM4J0
FARATI	FARATI	target.com	HTTPS://WWW.TARGET.COM/B/FARATI/-/N-Q643LEQ5P12
FARBARWARE	FARBERWARE	target.com	HTTPS://WWW.TARGET.COM/B/FARBERWARE/-/N-5VI6X
FARBERWARE	FARBERWARE	target.com	HTTPS://WWW.TARGET.COM/B/FARBERWARE/-/N-5VI6X
FARIBAULTFORTARGET	FARIBAULTFORTARGET	target.com	HTTPS://WWW.TARGET.COM/B/FARIBAULT-FOR-TARGET/-/N-Q643LEIV6G
FARMHOPPERS	FARMHOPPERS	target.com	HTTPS://WWW.TARGET.COM/B/FARM-HOPPERS/-/N-AOQMO
FARMIN	GARMIN	target.com	HTTPS://WWW.TARGET.COM/B/GARMIN/-/N-5Y6E8
FARMINNOVATORS	FARMINNOVATORS	target.com	HTTPS://WWW.TARGET.COM/B/FARM-INNOVATORS-INC/-/N-Q643LEPBK79
FARMINNOVATORSFARM	FARMINNOVATORS	target.com	HTTPS://WWW.TARGET.COM/B/FARM-INNOVATORS-INC/-/N-Q643LEPBK79
FARMLYNCREEK	FARMLYNCREEK	target.com	HTTPS://WWW.TARGET.COM/B/FARMLYN-CREEK/-/N-Q643LE75OZ6
FARMTUFF	FARMTUFF	target.com	HTTPS://WWW.TARGET.COM/B/FARM-TUFF/-/N-Q643LE332RQ
FAROUTTOYS	FAROUTTOYS	target.com	HTTPS://WWW.TARGET.COM/B/FAR-OUT-TOYS/-/N-Q643LENMFGX
FARRARSTRAUSANDGIROUX	FARRARSTRAUSANDGIROUX	target.com	HTTPS://WWW.TARGET.COM/B/FARRAR-STRAUS-AND-GIROUX/-/N-Q643LEM4GV2
FARRARSTRAUSANDGIROUX	FARRARSTRAUSANDGIROUXBYR	target.com	HTTPS://WWW.TARGET.COM/B/FARRAR-STRAUS-AND-GIROUX-BYR/-/N-Q643LEPELUG
FARRARSTRAUSANDGIROUXBYR	FARRARSTRAUSANDGIROUXBYR	target.com	HTTPS://WWW.TARGET.COM/B/FARRAR-STRAUS-AND-GIROUX-BYR/-/N-Q643LEPELUG
FARRARSTRAUSGIROUX	FARRARSTRAUSANDGIROUX	target.com	HTTPS://WWW.TARGET.COM/B/FARRAR-STRAUS-AND-GIROUX/-/N-Q643LEM4GV2
FASCINATIONS	FASCINATIONS	target.com	HTTPS://WWW.TARGET.COM/B/FASCINATIONS/-/N-9JMDB
FASCINATIONSHOMEDCOR	FASCINATION	target.com	HTTPS://WWW.TARGET.COM/B/FASCINATION/-/N-Q643LEKOKAC
FASHFACE	FATFACE	target.com	HTTPS://WWW.TARGET.COM/B/FATFACE/-/N-Q643LEEBRZE
FASHIONANGELS	FASHIONANGELS	target.com	HTTPS://WWW.TARGET.COM/B/FASHION-ANGELS/-/N-5QDSP
FASHIONANGELSDISNEY	FASHIONANGELS	target.com	HTTPS://WWW.TARGET.COM/B/FASHION-ANGELS/-/N-5QDSP
FASHIONANGELSENTERPRISES	FASHIONANGELS	target.com	HTTPS://WWW.TARGET.COM/B/FASHION-ANGELS/-/N-5QDSP
FASHIONFORMS	FASHIONFORMS	target.com	HTTPS://WWW.TARGET.COM/B/FASHION-FORMS/-/N-5O3SZ
FASHIONPET	FASHIONPET	target.com	HTTPS://WWW.TARGET.COM/B/FASHION-PET/-/N-Q643LEA6OVK
FASTAPASTA	FASTAPASTA	target.com	HTTPS://WWW.TARGET.COM/B/FASTA-PASTA/-/N-Q643LEW3V1S
FASTENMASTEN	FASTENMASTER	target.com	HTTPS://WWW.TARGET.COM/B/FASTENMASTER/-/N-Q643LE7Q572
FASTENMASTER	FASTENMASTER	target.com	HTTPS://WWW.TARGET.COM/B/FASTENMASTER/-/N-Q643LE7Q572
FASTERNMASTER	FASTENMASTER	target.com	HTTPS://WWW.TARGET.COM/B/FASTENMASTER/-/N-Q643LE7Q572
FASTORANGE	FASTORANGE	target.com	HTTPS://WWW.TARGET.COM/B/FAST-ORANGE/-/N-Q643LEYMC74
FATABAFC	FATFACE	target.com	HTTPS://WWW.TARGET.COM/B/FATFACE/-/N-Q643LEEBRZE
FATAPAESE	FATFACE	target.com	HTTPS://WWW.TARGET.COM/B/FATFACE/-/N-Q643LEEBRZE
FATBRAIN	FATBRAINTOYS	target.com	HTTPS://WWW.TARGET.COM/B/FAT-BRAIN-TOYS/-/N-1D9SX
FATBRAINTOY	FATBRAINTOYS	target.com	HTTPS://WWW.TARGET.COM/B/FAT-BRAIN-TOYS/-/N-1D9SX
FATBRAINTOYCO	FATBRAINTOYS	target.com	HTTPS://WWW.TARGET.COM/B/FAT-BRAIN-TOYS/-/N-1D9SX
FATBRAINTOYS	FATBRAINTOYS	target.com	HTTPS://WWW.TARGET.COM/B/FAT-BRAIN-TOYS/-/N-1D9SX
FATCAT	FATCAT	target.com	HTTPS://WWW.TARGET.COM/B/FAT-CAT-INC/-/N-4KT2J
FATDADDIOS	FATDADDIOS	target.com	HTTPS://WWW.TARGET.COM/B/FAT-DADDIO-S/-/N-R7TLX
FATFREEZER	FATFREEZER	target.com	HTTPS://WWW.TARGET.COM/B/FAT-FREEZER/-/N-Q643LE1DB3U
FATSNAX	FATSNAX	target.com	HTTPS://WWW.TARGET.COM/B/FAT-SNAX/-/N-Q643LEB4FCO
FAULTLESSSTARCH	FAULTLESSSTARCH	target.com	HTTPS://WWW.TARGET.COM/B/FAULTLESS-STARCH/-/N-Q643LEUXY11
FAVORITEDAY	FAVORITEDAY	target.com	HTTPS://WWW.TARGET.COM/B/FAVORITE-DAY/-/N-Q643LEWLZPU
FAYBLESS	FLAWLESS	target.com	HTTPS://WWW.TARGET.COM/B/FLAWLESS/-/N-Q643LEK8V5W
FCDECOR	FCDESIGN	target.com	HTTPS://WWW.TARGET.COM/B/FC-DESIGN/-/N-Q643LE7PHDF
FCDESIGN	FCDESIGN	target.com	HTTPS://WWW.TARGET.COM/B/FC-DESIGN/-/N-Q643LE7PHDF
FCDESIGNS	FCDESIGN	target.com	HTTPS://WWW.TARGET.COM/B/FC-DESIGN/-/N-Q643LE7PHDF
FCMP	FCMPOUTDOOR	target.com	HTTPS://WWW.TARGET.COM/B/FCMP-OUTDOOR/-/N-GXZ5L
FCMPOUTDOOR	FCMPOUTDOOR	target.com	HTTPS://WWW.TARGET.COM/B/FCMP-OUTDOOR/-/N-GXZ5L
FCMPOUTDOORS	FCMPOUTDOOR	target.com	HTTPS://WWW.TARGET.COM/B/FCMP-OUTDOOR/-/N-GXZ5L
FCYOUNG	FCYOUNG	target.com	HTTPS://WWW.TARGET.COM/B/F-C-YOUNG/-/N-U7305
FDW	FDW	target.com	HTTPS://WWW.TARGET.COM/B/FDW/-/N-Q643LEM8LIJ
FEANDREA	FEANDREA	target.com	HTTPS://WWW.TARGET.COM/B/FEANDREA/-/N-Q643LE6SRT2
FEATHERLYFRIENDS	FEATHERLYFRIENDS	target.com	HTTPS://WWW.TARGET.COM/B/FEATHERLY-FRIENDS/-/N-Q643LE4IQAX
FEBREEZE	FEBREZE	target.com	HTTPS://WWW.TARGET.COM/B/FEBREZE/-/N-5Y1QI
FEBREZE	FEBREZE	target.com	HTTPS://WWW.TARGET.COM/B/FEBREZE/-/N-5Y1QI
FEBREZEE	FEBREZE	target.com	HTTPS://WWW.TARGET.COM/B/FEBREZE/-/N-5Y1QI
FEBSEV	FEBREZE	target.com	HTTPS://WWW.TARGET.COM/B/FEBREZE/-/N-5Y1QI
FEDERALSTREETPRESS	FEDERALSTREETPRESS	target.com	HTTPS://WWW.TARGET.COM/B/FEDERAL-STREET-PRESS/-/N-Q643LEUE5P4
FEELGOOD	FEELGOODFOODS	target.com	HTTPS://WWW.TARGET.COM/B/FEEL-GOOD-FOODS/-/N-O2E2D
FEELGOODSUPERFOODS	FEELGOODSUPERFOODS	target.com	HTTPS://WWW.TARGET.COM/B/FEELGOOD-SUPERFOODS/-/N-Q643LE5T1OS
FEETURES	FEETURES	target.com	HTTPS://WWW.TARGET.COM/B/FEETURES/-/N-Q643LE411H4
FEIERDUN	FEIERDUN	target.com	HTTPS://WWW.TARGET.COM/B/FEIERDUN/-/N-Q643LESCJHM
FEISTEY	FEISTYPETS	target.com	HTTPS://WWW.TARGET.COM/B/FEISTY-PETS/-/N-ZGHGW
FEISTYPET	FEISTYPETS	target.com	HTTPS://WWW.TARGET.COM/B/FEISTY-PETS/-/N-ZGHGW
FEISTYPETS	FEISTYPETS	target.com	HTTPS://WWW.TARGET.COM/B/FEISTY-PETS/-/N-ZGHGW
FEIWELFRIENDS	FEIWELFRIENDS	target.com	HTTPS://WWW.TARGET.COM/B/FEIWEL-FRIENDS/-/N-Q643LEB3AR5
FEIYABDF	FEIYABDF	target.com	HTTPS://WWW.TARGET.COM/B/FEIYABDF/-/N-Q643LE64LNP
FELINA	FELINA	target.com	HTTPS://WWW.TARGET.COM/B/FELINA/-/N-Q643LE9YSL2
FELINEPINE	FELINEPINE	target.com	HTTPS://WWW.TARGET.COM/B/FELINE-PINE/-/N-GZJE9
FELLOW	FELLOW	target.com	HTTPS://WWW.TARGET.COM/B/FELLOW/-/N-Q643LEKF54G
FELLOWS	FELLOW	target.com	HTTPS://WWW.TARGET.COM/B/FELLOW/-/N-Q643LEKF54G
FELOOW	FELLOW	target.com	HTTPS://WWW.TARGET.COM/B/FELLOW/-/N-Q643LEKF54G
FENTIMANS	FENTIMANS	target.com	HTTPS://WWW.TARGET.COM/B/FENTIMANS/-/N-N75I
FENTIMANSNORTHAMERICA	FENTIMANS	target.com	HTTPS://WWW.TARGET.COM/B/FENTIMANS/-/N-N75I
FENTY	FENTYBEAUTY	target.com	HTTPS://WWW.TARGET.COM/B/FENTY-BEAUTY/-/N-Q643LEUKU73
FENTYBEAUTY	FENTYBEAUTY	target.com	HTTPS://WWW.TARGET.COM/B/FENTY-BEAUTY/-/N-Q643LEUKU73
FEOLKENG	FELLOW	target.com	HTTPS://WWW.TARGET.COM/B/FELLOW/-/N-Q643LEKF54G
FEOYDS	FODY	target.com	HTTPS://WWW.TARGET.COM/B/FODY/-/N-Q643LE6BYS2
FERDY	FERDY	target.com	HTTPS://WWW.TARGET.COM/B/FERDY/-/N-Q643LELL3YY
FERPLAST	FERPLAST	target.com	HTTPS://WWW.TARGET.COM/B/FERPLAST/-/N-Q643LEG5TVZ
FERRERO	FERREROROCHER	target.com	HTTPS://WWW.TARGET.COM/B/FERRERO-ROCHER/-/N-4Y39Q
FERREROCHOCOLATE	FERREROROCHER	target.com	HTTPS://WWW.TARGET.COM/B/FERRERO-ROCHER/-/N-4Y39Q
FERREROCOLLECTION	FERREROCOLLECTION	target.com	HTTPS://WWW.TARGET.COM/B/FERRERO-COLLECTION/-/N-LFDWV
FERRERORETAIL	FERREROROCHER	target.com	HTTPS://WWW.TARGET.COM/B/FERRERO-ROCHER/-/N-4Y39Q
FERREROROCHER	FERREROROCHER	target.com	HTTPS://WWW.TARGET.COM/B/FERRERO-ROCHER/-/N-4Y39Q
FERREROUSA	FERREROROCHER	target.com	HTTPS://WWW.TARGET.COM/B/FERRERO-ROCHER/-/N-4Y39Q
FERRETTS	FERRETTS	target.com	HTTPS://WWW.TARGET.COM/B/FERRETTS/-/N-Q643LEMO58D
FESHIR	FISHERPRICE	target.com	HTTPS://WWW.TARGET.COM/B/FISHER-PRICE/-/N-5Y3J1
FESTIVO	FESTIVO	target.com	HTTPS://WWW.TARGET.COM/B/FESTIVO/-/N-Q643LEL0LHF
FEVERTREE	FEVERTREE	target.com	HTTPS://WWW.TARGET.COM/B/FEVER-TREE/-/N-2X5SS
FEWLOE	FELLOW	target.com	HTTPS://WWW.TARGET.COM/B/FELLOW/-/N-Q643LEKF54G
FEYEJADE	FEBREZE	target.com	HTTPS://WWW.TARGET.COM/B/FEBREZE/-/N-5Y1QI
FHI	FHIHEAT	target.com	HTTPS://WWW.TARGET.COM/B/FHI-HEAT/-/N-Q643LEYFSA0
FHIHEAT	FHIHEAT	target.com	HTTPS://WWW.TARGET.COM/B/FHI-HEAT/-/N-Q643LEYFSA0
FHIHEATFHIHEAT	FHIHEAT	target.com	HTTPS://WWW.TARGET.COM/B/FHI-HEAT/-/N-Q643LEYFSA0
FHOMHAIRGREINE	BEINGFRENSHE	target.com	HTTPS://WWW.TARGET.COM/B/BEING-FRENSHE/-/N-Q643LEYONHF
FIBERGOURMET	FIBERGOURMET	target.com	HTTPS://WWW.TARGET.COM/B/FIBER-GOURMET/-/N-Q643LEGCSAU
FIBERONE	FIBERONE	target.com	HTTPS://WWW.TARGET.COM/B/FIBER-ONE/-/N-CZJY1
FIELDCRESTFARMS	FIELDCRESTFARMS	target.com	HTTPS://WWW.TARGET.COM/B/FIELDCREST-FARMS/-/N-Q643LEFD8EU
FIELDTUFF	FIELDTUFF	target.com	HTTPS://WWW.TARGET.COM/B/FIELD-TUFF/-/N-Q643LEOFMUF
FIERYRED	FIERYRED	target.com	HTTPS://WWW.TARGET.COM/B/FIERYRED/-/N-Q643LE62KW3
FIESTATOYS	FIESTATOYS	target.com	HTTPS://WWW.TARGET.COM/B/FIESTA-TOYS/-/N-Q643LE9K69Y
FIFTHPULSE	FIFTHPULSE	target.com	HTTPS://WWW.TARGET.COM/B/FIFTHPULSE/-/N-Q643LEX23TS
FIFTHSUN	FIFTHSUN	target.com	HTTPS://WWW.TARGET.COM/B/FIFTH-SUN/-/N-5TLWT
FIFTYSHADESOFGREY	FIFTYSHADESOFGREY	target.com	HTTPS://WWW.TARGET.COM/B/FIFTY-SHADES-OF-GREY/-/N-HT499
FIGMINT	FIGMINT	target.com	HTTPS://WWW.TARGET.COM/B/FIGMINT/-/N-Q643LER3ZA4
FIGPIN	FIGPIN	target.com	HTTPS://WWW.TARGET.COM/B/FIGPIN/-/N-I7R5C
FIGURAFASHIONZ	FASHIONTOFIGURE	target.com	HTTPS://WWW.TARGET.COM/B/FASHION-TO-FIGURE/-/N-Q643LEXVA8W
FIGURESTOYCOMPANY	FIGURESTOYCOMPANY	target.com	HTTPS://WWW.TARGET.COM/B/FIGURES-TOY-COMPANY/-/N-Q643LEB5X50
FIHOII	FIIO	target.com	HTTPS://WWW.TARGET.COM/B/FIIO/-/N-6BW3C
FIIO	FIIO	target.com	HTTPS://WWW.TARGET.COM/B/FIIO/-/N-6BW3C
FILTERETE	FILTRETE	target.com	HTTPS://WWW.TARGET.COM/B/FILTRETE/-/N-5S06Z
FILTERKING	FILTERKING	target.com	HTTPS://WWW.TARGET.COM/B/FILTER-KING/-/N-Q643LE9HDPT
FILTI	FILTI	target.com	HTTPS://WWW.TARGET.COM/B/FILTI/-/N-Q643LEMU7LT
FILTRATE	FILTRETE	target.com	HTTPS://WWW.TARGET.COM/B/FILTRETE/-/N-5S06Z
FILTREN	FILTREN	target.com	HTTPS://WWW.TARGET.COM/B/FILTREN/-/N-Q643LE37O3R
FILTRETE	FILTRETE	target.com	HTTPS://WWW.TARGET.COM/B/FILTRETE/-/N-5S06Z
FILTRETE1	FILTRETE	target.com	HTTPS://WWW.TARGET.COM/B/FILTRETE/-/N-5S06Z
FINALTOUCH	FINALTOUCH	target.com	HTTPS://WWW.TARGET.COM/B/FINAL-TOUCH/-/N-Q643LE5NX4D
FINEERA	FINERY	target.com	HTTPS://WWW.TARGET.COM/B/FINE-RY/-/N-Q643LERCFDZ
FINEFIXTURES	FINEFIXTURES	target.com	HTTPS://WWW.TARGET.COM/B/FINE-FIXTURES/-/N-Q643LEQ7PRC
FINEGO	FINO	target.com	HTTPS://WWW.TARGET.COM/B/FINO/-/N-Q643LEX7TQU
FINEINNO	FINO	target.com	HTTPS://WWW.TARGET.COM/B/FINO/-/N-Q643LEX7TQU
FINELECHO	FINO	target.com	HTTPS://WWW.TARGET.COM/B/FINO/-/N-Q643LEX7TQU
FINERY	FINERY	target.com	HTTPS://WWW.TARGET.COM/B/FINE-RY/-/N-Q643LERCFDZ
FINGERLING	FINGERLINGS	target.com	HTTPS://WWW.TARGET.COM/B/FINGERLINGS/-/N-LSNOH
FINGERLINGS	FINGERLINGS	target.com	HTTPS://WWW.TARGET.COM/B/FINGERLINGS/-/N-LSNOH
FINICARECO	FINO	target.com	HTTPS://WWW.TARGET.COM/B/FINO/-/N-Q643LEX7TQU
FINISG	FINISH	target.com	HTTPS://WWW.TARGET.COM/B/FINISH/-/N-4TFXS
FINISH	FINISH	target.com	HTTPS://WWW.TARGET.COM/B/FINISH/-/N-4TFXS
FINISHINGTOUCH	FINISHINGTOUCH	target.com	HTTPS://WWW.TARGET.COM/B/FINISHING-TOUCH/-/N-G22BF
FINITEX	FINITEX	target.com	HTTPS://WWW.TARGET.COM/B/FINITEX/-/N-Q643LE52AJ9
FINO	FINO	target.com	HTTPS://WWW.TARGET.COM/B/FINO/-/N-Q643LEX7TQU
FINOHOME	FINO	target.com	HTTPS://WWW.TARGET.COM/B/FINO/-/N-Q643LEX7TQU
FINOHOPE	FINO	target.com	HTTPS://WWW.TARGET.COM/B/FINO/-/N-Q643LEX7TQU
FINOSEN	FINO	target.com	HTTPS://WWW.TARGET.COM/B/FINO/-/N-Q643LEX7TQU
FINOUOMO	FINO	target.com	HTTPS://WWW.TARGET.COM/B/FINO/-/N-Q643LEX7TQU
FINRRAY	FINERY	target.com	HTTPS://WWW.TARGET.COM/B/FINE-RY/-/N-Q643LERCFDZ
FIOYIML	FIIO	target.com	HTTPS://WWW.TARGET.COM/B/FIIO/-/N-6BW3C
FIREANDFLAVOR	FIREFLAVOR	target.com	HTTPS://WWW.TARGET.COM/B/FIRE-FLAVOR/-/N-4YLBV
FIREBUDS	DISNEYJUNIORFIREBUDS	target.com	HTTPS://WWW.TARGET.COM/B/DISNEY-JUNIOR-FIREBUDS/-/N-Q643LE8UAPA
FIREFLAVOR	FIREFLAVOR	target.com	HTTPS://WWW.TARGET.COM/B/FIRE-FLAVOR/-/N-4YLBV
FIRESIDEGAMES	FIRESIDEGAMES	target.com	HTTPS://WWW.TARGET.COM/B/FIRESIDE-GAMES/-/N-4Y5W8
FIRESTIX	FIRESTIX	target.com	HTTPS://WWW.TARGET.COM/B/FIRESTIX/-/N-2GEBP
FIRNEWST	FIRNEWST	target.com	HTTPS://WWW.TARGET.COM/B/FIRNEWST/-/N-Q643LEWTME0
FIRSTAIDBEAUTY	FIRSTAIDBEAUTY	target.com	HTTPS://WWW.TARGET.COM/B/FIRST-AID-BEAUTY/-/N-Q643LE76I9B
FIRSTESSENTIALS	FIRSTESSENTIALS	target.com	HTTPS://WWW.TARGET.COM/B/FIRST-ESSENTIALS/-/N-Q643LEIOEHJ
FIRSTLOVE	FIRSTLOVE	target.com	HTTPS://WWW.TARGET.COM/B/FIRST-LOVE/-/N-Q643LEVKULE
FIRSTSAFETY	SAFETY1ST	target.com	HTTPS://WWW.TARGET.COM/B/SAFETY-1ST/-/N-5Y6ME
FIRSTYEARS	THEFIRSTYEARS	target.com	HTTPS://WWW.TARGET.COM/B/THE-FIRST-YEARS/-/N-5Y6RB
FISCHERPRICE	FISHERPRICE	target.com	HTTPS://WWW.TARGET.COM/B/FISHER-PRICE/-/N-5Y3J1
FISCHERTECHNIK	FISCHERTECHNIK	target.com	HTTPS://WWW.TARGET.COM/B/FISCHERTECHNIK/-/N-Q643LE12BJB
FISHER	FISHERPRICE	target.com	HTTPS://WWW.TARGET.COM/B/FISHER-PRICE/-/N-5Y3J1
FISHERPRICE	FISHERPRICE	target.com	HTTPS://WWW.TARGET.COM/B/FISHER-PRICE/-/N-5Y3J1
FISHERPRICEBYHAUCK	FISHERPRICE	target.com	HTTPS://WWW.TARGET.COM/B/FISHER-PRICE/-/N-5Y3J1
FISHERPRICEE	FISHERPRICE	target.com	HTTPS://WWW.TARGET.COM/B/FISHER-PRICE/-/N-5Y3J1
FISHERPRICEFISHERPRICE	FISHERPRICE	target.com	HTTPS://WWW.TARGET.COM/B/FISHER-PRICE/-/N-5Y3J1
FISHERPRICEFISHERPRICEFISHERP	FISHERPRICE	target.com	HTTPS://WWW.TARGET.COM/B/FISHER-PRICE/-/N-5Y3J1
FISHERPRICEIMPORT	FISHERPRICE	target.com	HTTPS://WWW.TARGET.COM/B/FISHER-PRICE/-/N-5Y3J1
FISHERS	FISHERPRICE	target.com	HTTPS://WWW.TARGET.COM/B/FISHER-PRICE/-/N-5Y3J1
FISHERTRACTION	FISHERTRACTION	target.com	HTTPS://WWW.TARGET.COM/B/FISHER-TRACTION/-/N-Q643LEUXJ92
FISHMATE	FISHMATE	target.com	HTTPS://WWW.TARGET.COM/B/FISH-MATE/-/N-Q643LELB4YQ
FISKAR	FISKARS	target.com	HTTPS://WWW.TARGET.COM/B/FISKARS/-/N-5VI4P
FISKARS	FISKARS	target.com	HTTPS://WWW.TARGET.COM/B/FISKARS/-/N-5VI4P
FISKARS634INTITANIUMANVILRAT	FISKARS	target.com	HTTPS://WWW.TARGET.COM/B/FISKARS/-/N-5VI4P
FISKARSBRANDS	FISKARS	target.com	HTTPS://WWW.TARGET.COM/B/FISKARS/-/N-5VI4P
FISKARSINCORPORATED	FISKARS	target.com	HTTPS://WWW.TARGET.COM/B/FISKARS/-/N-5VI4P
FISKAS	FISKARS	target.com	HTTPS://WWW.TARGET.COM/B/FISKARS/-/N-5VI4P
FISOEW	FISHERPRICE	target.com	HTTPS://WWW.TARGET.COM/B/FISHER-PRICE/-/N-5Y3J1
FISQUEEN	FISHERPRICE	target.com	HTTPS://WWW.TARGET.COM/B/FISHER-PRICE/-/N-5Y3J1
FISTRAGEFR	FISHERPRICE	target.com	HTTPS://WWW.TARGET.COM/B/FISHER-PRICE/-/N-5Y3J1
FIT2ENJOY	FITJOY	target.com	HTTPS://WWW.TARGET.COM/B/FITJOY/-/N-Q643LEGKQK3
FITANDFRESH	FITFRESH	target.com	HTTPS://WWW.TARGET.COM/B/FIT-FRESH/-/N-5VGO1
FITBEST	FITBIT	target.com	HTTPS://WWW.TARGET.COM/B/FITBIT/-/N-55XLP
FITBIT	FITBIT	target.com	HTTPS://WWW.TARGET.COM/B/FITBIT/-/N-55XLP
FITBITS	FITBIT	target.com	HTTPS://WWW.TARGET.COM/B/FITBIT/-/N-55XLP
FITBOTFITNESSGOODS	FITBIT	target.com	HTTPS://WWW.TARGET.COM/B/FITBIT/-/N-55XLP
FITBUTER	FITBIT	target.com	HTTPS://WWW.TARGET.COM/B/FITBIT/-/N-55XLP
FITBYK	FITBIT	target.com	HTTPS://WWW.TARGET.COM/B/FITBIT/-/N-55XLP
FITCODE	FITCODE	target.com	HTTPS://WWW.TARGET.COM/B/FITCODE/-/N-Q643LE8E7R6
FITCRUNCH	FITCRUNCH	target.com	HTTPS://WWW.TARGET.COM/B/FITCRUNCH/-/N-BO73A
FITFORMEBYFRUITOFTHELOOM	FITFORMEBYFRUITOFTHELOOM	target.com	HTTPS://WWW.TARGET.COM/B/FIT-FOR-ME-BY-FRUIT-OF-THE-LOOM/-/N-J1TDU
FITFRESH	FITFRESH	target.com	HTTPS://WWW.TARGET.COM/B/FIT-FRESH/-/N-5VGO1
FITJOY	FITJOY	target.com	HTTPS://WWW.TARGET.COM/B/FITJOY/-/N-Q643LEGKQK3
FITKICKS	FITKICKS	target.com	HTTPS://WWW.TARGET.COM/B/FITKICKS/-/N-Q643LEHLK2J
FITNESSLABS	FITNESSLABS	target.com	HTTPS://WWW.TARGET.COM/B/FITNESS-LABS/-/N-Q643LESBZFR
FITUNIT	FITBIT	target.com	HTTPS://WWW.TARGET.COM/B/FITBIT/-/N-55XLP
FITVIDS	FITVIDS	target.com	HTTPS://WWW.TARGET.COM/B/FITVIDS/-/N-Q643LEY00UZ
FITWHIX	FITKICKS	target.com	HTTPS://WWW.TARGET.COM/B/FITKICKS/-/N-Q643LEHLK2J
FITZANDFLOYD	FITZANDFLOYD	target.com	HTTPS://WWW.TARGET.COM/B/FITZ-AND-FLOYD/-/N-HWGQZ
FIVENIGHTSATFREDDY	FIVENIGHTSATFREDDYS	target.com	HTTPS://WWW.TARGET.COM/B/FIVE-NIGHTS-AT-FREDDY-S/-/N-4UAUS
FIVENIGHTSATFREDDYS	FIVENIGHTSATFREDDYS	target.com	HTTPS://WWW.TARGET.COM/B/FIVE-NIGHTS-AT-FREDDY-S/-/N-4UAUS
FIVESUN	FIFTHSUN	target.com	HTTPS://WWW.TARGET.COM/B/FIFTH-SUN/-/N-5TLWT
FIXAFLAT	FIXAFLAT	target.com	HTTPS://WWW.TARGET.COM/B/FIX-A-FLAT/-/N-5UEO8
FIXELAT	FIXAFLAT	target.com	HTTPS://WWW.TARGET.COM/B/FIX-A-FLAT/-/N-5UEO8
FIXODENT	FIXODENT	target.com	HTTPS://WWW.TARGET.COM/B/FIXODENT/-/N-3J0K2
FIXYOURLID	FIXYOURLID	target.com	HTTPS://WWW.TARGET.COM/B/FIX-YOUR-LID/-/N-5GZP5
FJINFLY	FLYBYJING	target.com	HTTPS://WWW.TARGET.COM/B/FLY-BY-JING/-/N-Q643LEICQZE
FLAGSHIPCARPET	FLAGSHIPCARPETS	target.com	HTTPS://WWW.TARGET.COM/B/FLAGSHIP-CARPETS/-/N-6DDHY
FLAGSHIPCARPETS	FLAGSHIPCARPETS	target.com	HTTPS://WWW.TARGET.COM/B/FLAGSHIP-CARPETS/-/N-6DDHY
FLAGZONE	FLAGZONE	target.com	HTTPS://WWW.TARGET.COM/B/FLAGZONE/-/N-Q643LEXVQV0
FLAMINGOPTRICIA	FLAMINGO	target.com	HTTPS://WWW.TARGET.COM/B/FLAMINGO/-/N-R2G38
FLANAX	FLANAX	target.com	HTTPS://WWW.TARGET.COM/B/FLANAX/-/N-4Y3UW
FLAPJACKED	FLAPJACKED	target.com	HTTPS://WWW.TARGET.COM/B/FLAPJACKED/-/N-Q643LEHFH8R
FLASHFURNITUREA20	FLASHFURNITURE	target.com	HTTPS://WWW.TARGET.COM/B/FLASH-FURNITURE/-/N-SRF1N
FLASHFURNITUREA21	FLASHFURNITURE	target.com	HTTPS://WWW.TARGET.COM/B/FLASH-FURNITURE/-/N-SRF1N
FLASHFURNITUREB16	FLASHFURNITURE	target.com	HTTPS://WWW.TARGET.COM/B/FLASH-FURNITURE/-/N-SRF1N
FLASHKIDS	FLASHKIDS	target.com	HTTPS://WWW.TARGET.COM/B/FLASH-KIDS/-/N-Q643LEYSDHG
FLATTUMMY	FLATTUMMY	target.com	HTTPS://WWW.TARGET.COM/B/FLAT-TUMMY/-/N-Q643LE1ZL4R
FLATTUMMYTEA	FLATTUMMY	target.com	HTTPS://WWW.TARGET.COM/B/FLAT-TUMMY/-/N-Q643LE1ZL4R
FLAVADELUCE	FLAVCITY	target.com	HTTPS://WWW.TARGET.COM/B/FLAVCITY/-/N-Q643LE82Y3C
FLAVCITY	FLAVCITY	target.com	HTTPS://WWW.TARGET.COM/B/FLAVCITY/-/N-Q643LE82Y3C
FLAVORICE	FLAVORICE	target.com	HTTPS://WWW.TARGET.COM/B/FLA-VOR-ICE/-/N-Q643LE2B5G9
FLAWLESS	FLAWLESS	target.com	HTTPS://WWW.TARGET.COM/B/FLAWLESS/-/N-Q643LEK8V5W
FLAWLESSBATHROOM	FLAWLESS	target.com	HTTPS://WWW.TARGET.COM/B/FLAWLESS/-/N-Q643LEK8V5W
FLCITY	FLAVCITY	target.com	HTTPS://WWW.TARGET.COM/B/FLAVCITY/-/N-Q643LE82Y3C
FLEMINGHREVELLCOMPANY	FLEMINGHREVELLCOMPANY	target.com	HTTPS://WWW.TARGET.COM/B/FLEMING-H-REVELL-COMPANY/-/N-Q643LE1JVKP
FLEMINGSUPPLY	FLEMINGSUPPLY	target.com	HTTPS://WWW.TARGET.COM/B/FLEMING-SUPPLY/-/N-Q643LEVDJTR
FLENTS	FLENTS	target.com	HTTPS://WWW.TARGET.COM/B/FLENTS/-/N-Q643LE9Y5P1
FLETCHERSMILL	FLETCHERSMILL	target.com	HTTPS://WWW.TARGET.COM/B/FLETCHERS-MILL/-/N-Q643LEJBU76
FLEXGARD	FLEXGARD	target.com	HTTPS://WWW.TARGET.COM/B/FLEXGARD/-/N-Q643LEC2UM9
FLEXIBLEFLYER	FLEXIBLEFLYER	target.com	HTTPS://WWW.TARGET.COM/B/FLEXIBLE-FLYER/-/N-5WTK2
FLEXIMOUNTS	FLEXIMOUNTS	target.com	HTTPS://WWW.TARGET.COM/B/FLEXIMOUNTS/-/N-Q643LEIPSKN
FLEXSEAL	FLEXSEAL	target.com	HTTPS://WWW.TARGET.COM/B/FLEX-SEAL/-/N-Q643LEHL8EP
FLEXTAPE	FLEXTAPE	target.com	HTTPS://WWW.TARGET.COM/B/FLEX-TAPE/-/N-Q643LE64T27
FLEXTAPEGORILLATAPEGATORWHIZ	FLEXTAPE	target.com	HTTPS://WWW.TARGET.COM/B/FLEX-TAPE/-/N-Q643LE64T27
FLI	FLIPRODUCTS	target.com	HTTPS://WWW.TARGET.COM/B/FLI-PRODUCTS/-/N-Q643LE3T5FS
FLINGARING	FLINGS	target.com	HTTPS://WWW.TARGET.COM/B/FLINGS/-/N-Q643LEPKFVH
FLINGS	FLINGS	target.com	HTTPS://WWW.TARGET.COM/B/FLINGS/-/N-Q643LEPKFVH
FLINTSTONES	THEFLINTSTONES	target.com	HTTPS://WWW.TARGET.COM/B/THE-FLINTSTONES/-/N-4BU76
FLIPAZOO	FLIPAZOO	target.com	HTTPS://WWW.TARGET.COM/B/FLIPAZOO/-/N-Q643LEDWFG7
FLIPO	FLIPO	target.com	HTTPS://WWW.TARGET.COM/B/FLIPO/-/N-Q643LEBW98V
FLIPPINGHOLDER	FLIPPINGHOLDER	target.com	HTTPS://WWW.TARGET.COM/B/FLIPPING-HOLDER/-/N-Q643LEJDX01
FLIPPY	FLIPPY	target.com	HTTPS://WWW.TARGET.COM/B/FLIPPY/-/N-Q643LE76CHS
FLIPSIDEPRODUCTS	FLIPSIDEPRODUCTS	target.com	HTTPS://WWW.TARGET.COM/B/FLIPSIDE-PRODUCTS/-/N-3KCSO
FLOATATIONIQ	FLOATATIONIQ	target.com	HTTPS://WWW.TARGET.COM/B/FLOATATION-IQ/-/N-Q643LE13IZU
FLOATINGLEAF	FLOATINGLEAF	target.com	HTTPS://WWW.TARGET.COM/B/FLOATING-LEAF/-/N-Q643LEP46UD
FLOCK	FLOCKFOODS	target.com	HTTPS://WWW.TARGET.COM/B/FLOCK-FOODS/-/N-Q643LEQUX2M
FLOIDATILE	FLORADIX	target.com	HTTPS://WWW.TARGET.COM/B/FLORADIX/-/N-Q643LE7EVJY
FLOLEOPA	FLOOPI	target.com	HTTPS://WWW.TARGET.COM/B/FLOOPI/-/N-Q643LEAI4XF
FLOMYNSE	FLONASE	target.com	HTTPS://WWW.TARGET.COM/B/FLONASE/-/N-4YLFE
FLOOPI	FLOOPI	target.com	HTTPS://WWW.TARGET.COM/B/FLOOPI/-/N-Q643LEAI4XF
FLOORPOPS	FLOORPOPS	target.com	HTTPS://WWW.TARGET.COM/B/FLOORPOPS/-/N-Q643LETYJP4
FLOORTEX	FLOORTEX	target.com	HTTPS://WWW.TARGET.COM/B/FLOORTEX/-/N-Q643LECAW9N
FLOORTEXAFSTEX	FLOORTEX	target.com	HTTPS://WWW.TARGET.COM/B/FLOORTEX/-/N-Q643LECAW9N
FLOPHOP	FLOOPI	target.com	HTTPS://WWW.TARGET.COM/B/FLOOPI/-/N-Q643LEAI4XF
FLORADIX	FLORADIX	target.com	HTTPS://WWW.TARGET.COM/B/FLORADIX/-/N-Q643LE7EVJY
FLORAHOME	FLORAHOME	target.com	HTTPS://WWW.TARGET.COM/B/FLORA-HOME/-/N-S4REB
FLORENCE	FLORENCEBYMILLS	target.com	HTTPS://WWW.TARGET.COM/B/FLORENCE-BY-MILLS/-/N-Q643LEGZQT4
FLORENCEBYMILLS	FLORENCEBYMILLS	target.com	HTTPS://WWW.TARGET.COM/B/FLORENCE-BY-MILLS/-/N-Q643LEGZQT4
FLORENSI	FLORENSI	target.com	HTTPS://WWW.TARGET.COM/B/FLORENSI/-/N-Q643LEW2DN
FLORIK	FLORICAL	target.com	HTTPS://WWW.TARGET.COM/B/FLORICAL/-/N-Q643LEWQJ4Y
FLOTATIONIQ	FLOATATIONIQ	target.com	HTTPS://WWW.TARGET.COM/B/FLOATATION-IQ/-/N-Q643LE13IZU
FLOWTOYS	FLOWTOYS	target.com	HTTPS://WWW.TARGET.COM/B/FLOWTOYS/-/N-591IU
FLOWTRON	FLOWTRON	target.com	HTTPS://WWW.TARGET.COM/B/FLOWTRON/-/N-Q643LELORC8
FLTRETE	FILTRETE	target.com	HTTPS://WWW.TARGET.COM/B/FILTRETE/-/N-5S06Z
FLUFFANDTUFF	FLUFFANDTUFF	target.com	HTTPS://WWW.TARGET.COM/B/FLUFF-AND-TUFF/-/N-Q643LEQKSJP
FLUFFIESTUFFIEZ	FLUFFIESTUFFIEZ	target.com	HTTPS://WWW.TARGET.COM/B/FLUFFIE-STUFFIEZ/-/N-Q643LENTG67
FLUFFTUFF	FLUFFANDTUFF	target.com	HTTPS://WWW.TARGET.COM/B/FLUFF-AND-TUFF/-/N-Q643LEQKSJP
FLUFFYSMILEER	FLUFFIESTUFFIEZ	target.com	HTTPS://WWW.TARGET.COM/B/FLUFFIE-STUFFIEZ/-/N-Q643LENTG67
FLYBAR	FLYBAR	target.com	HTTPS://WWW.TARGET.COM/B/FLYBAR/-/N-56GZI
FLYBIRD	FLYBIRD	target.com	HTTPS://WWW.TARGET.COM/B/FLYBIRD/-/N-Q643LESBPOR
FLYBOLD	FLYBOLD	target.com	HTTPS://WWW.TARGET.COM/B/FLYBOLD/-/N-Q643LEUDU2L
FLYBYJING	FLYBYJING	target.com	HTTPS://WWW.TARGET.COM/B/FLY-BY-JING/-/N-Q643LEICQZE
FNAF	FIVENIGHTSATFREDDYS	target.com	HTTPS://WWW.TARGET.COM/B/FIVE-NIGHTS-AT-FREDDY-S/-/N-4UAUS
FOAMNASIUM	FOAMNASIUM	target.com	HTTPS://WWW.TARGET.COM/B/FOAMNASIUM/-/N-LEZGK
FOCUSFACTOR	FOCUSFACTOR	target.com	HTTPS://WWW.TARGET.COM/B/FOCUS-FACTOR/-/N-Q643LE3BHFT
FOCUSHOMEINTERACTIVE	FOCUSHOMEINTERACTIVE	target.com	HTTPS://WWW.TARGET.COM/B/FOCUS-HOME-INTERACTIVE/-/N-Q643LEEXDNJ
FODDOM	FODY	target.com	HTTPS://WWW.TARGET.COM/B/FODY/-/N-Q643LE6BYS2
FODENN	FODY	target.com	HTTPS://WWW.TARGET.COM/B/FODY/-/N-Q643LE6BYS2
FODETYFF	FODY	target.com	HTTPS://WWW.TARGET.COM/B/FODY/-/N-Q643LE6BYS2
FODIENS	FODY	target.com	HTTPS://WWW.TARGET.COM/B/FODY/-/N-Q643LE6BYS2
FODISU	FODY	target.com	HTTPS://WWW.TARGET.COM/B/FODY/-/N-Q643LE6BYS2
FODOSON	FODY	target.com	HTTPS://WWW.TARGET.COM/B/FODY/-/N-Q643LE6BYS2
FODOSS	FODOSS	target.com	HTTPS://WWW.TARGET.COM/B/FODOSS/-/N-Q643LE8WTHJ
FODUE	FODY	target.com	HTTPS://WWW.TARGET.COM/B/FODY/-/N-Q643LE6BYS2
FODY	FODY	target.com	HTTPS://WWW.TARGET.COM/B/FODY/-/N-Q643LE6BYS2
FODYNE	FODY	target.com	HTTPS://WWW.TARGET.COM/B/FODY/-/N-Q643LE6BYS2
FOLGERS	FOLGERS	target.com	HTTPS://WWW.TARGET.COM/B/FOLGERS/-/N-56DFY
FOLGERSREG	FOLGERS	target.com	HTTPS://WWW.TARGET.COM/B/FOLGERS/-/N-56DFY
FOLGERSS	FOLGERS	target.com	HTTPS://WWW.TARGET.COM/B/FOLGERS/-/N-56DFY
FOLKMANIS	FOLKMANIS	target.com	HTTPS://WWW.TARGET.COM/B/FOLKMANIS/-/N-4Y3M3
FOLKULTURE	FOLKULTURE	target.com	HTTPS://WWW.TARGET.COM/B/FOLKULTURE/-/N-Q643LE5RO7M
FOLLOWME	FOLLOWME	target.com	HTTPS://WWW.TARGET.COM/B/-FOLLOWME/-/N-Q643LE96AH
FOMI	FOMI	target.com	HTTPS://WWW.TARGET.COM/B/FOMI/-/N-Q643LEHOEGV
FOODFORLIFE	FOODFORLIFE	target.com	HTTPS://WWW.TARGET.COM/B/FOOD-FOR-LIFE/-/N-CQ4EK
FOODSALIVE	FOODSALIVE	target.com	HTTPS://WWW.TARGET.COM/B/FOODS-ALIVE/-/N-Q643LE13YX7
FOODSAVER	FOODSAVER	target.com	HTTPS://WWW.TARGET.COM/B/FOODSAVER/-/N-3UIYB
FOODSHOULDTASTEGOOD	FOODSHOULDTASTEGOOD	target.com	HTTPS://WWW.TARGET.COM/B/FOOD-SHOULD-TASTE-GOOD/-/N-JWHJV
FOODSTIKS	FOODSTIKS	target.com	HTTPS://WWW.TARGET.COM/B/FOODSTIKS/-/N-Q643LEOBATQ
FOODTOLIVE	FOODTOLIVE	target.com	HTTPS://WWW.TARGET.COM/B/FOOD-TO-LIVE/-/N-Q643LEM4XTY
FOPIIS	FLOOPI	target.com	HTTPS://WWW.TARGET.COM/B/FLOOPI/-/N-Q643LEAI4XF
FORBIDDENGAMES	FORBIDDENGAMES	target.com	HTTPS://WWW.TARGET.COM/B/FORBIDDEN-GAMES/-/N-JEVAS
FORCEFACTOR	FORCEFACTOR	target.com	HTTPS://WWW.TARGET.COM/B/FORCE-FACTOR/-/N-Q643LEO3EXM
FORCEOFNATURE	FORCESOFNATURE	target.com	HTTPS://WWW.TARGET.COM/B/FORCES-OF-NATURE/-/N-Q643LEJEXQU
FORCESOFNATURE	FORCESOFNATURE	target.com	HTTPS://WWW.TARGET.COM/B/FORCES-OF-NATURE/-/N-Q643LEJEXQU
FOREFRONTBOOKS	FOREFRONTBOOKS	target.com	HTTPS://WWW.TARGET.COM/B/FOREFRONT-BOOKS/-/N-Q643LEOSGLL
FOREO	FOREO	target.com	HTTPS://WWW.TARGET.COM/B/FOREO/-/N-Q643LEBA5JS
FORESIDE	FORESIDEHOMEGARDEN	target.com	HTTPS://WWW.TARGET.COM/B/FORESIDE-HOME-GARDEN/-/N-W1HP0
FORESIDEHOMEANDGARDEN	FORESIDEHOMEGARDEN	target.com	HTTPS://WWW.TARGET.COM/B/FORESIDE-HOME-GARDEN/-/N-W1HP0
FORESIDEHOMEGARDEN	FORESIDEHOMEGARDEN	target.com	HTTPS://WWW.TARGET.COM/B/FORESIDE-HOME-GARDEN/-/N-W1HP0
FORESTCITYMODELS	FORESTCITYMODELS	target.com	HTTPS://WWW.TARGET.COM/B/FOREST-CITY-MODELS/-/N-3KP7M
FORESTLEAF	FORESTLEAF	target.com	HTTPS://WWW.TARGET.COM/B/FOREST-LEAF/-/N-Q643LERITBT
FOREVERCLEVER	FOREVERCLEVER	target.com	HTTPS://WWW.TARGET.COM/B/FOREVER-CLEVER/-/N-Q643LEFC73Z
FOREVERCOLLECTABLES	FOREVERCOLLECTIBLES	target.com	HTTPS://WWW.TARGET.COM/B/FOREVER-COLLECTIBLES/-/N-5X5B5
FOREVERLEAF	FOREVERLEAF	target.com	HTTPS://WWW.TARGET.COM/B/FOREVER-LEAF/-/N-Q643LE5VM4L
FORTEPRODUCTS	FORTESERIES	target.com	HTTPS://WWW.TARGET.COM/B/FORTE-SERIES/-/N-Q643LELX1FT
FORTESSATABLEWARESOLUTIONS	FORTESSATABLEWARESOLUTIONS	target.com	HTTPS://WWW.TARGET.COM/B/FORTESSA-TABLEWARE-SOLUTIONS/-/N-Q643LE65JCF
FORTUNECANDY	FORTUNECANDY	target.com	HTTPS://WWW.TARGET.COM/B/FORTUNE-CANDY/-/N-Q643LEX8DI9
FORTUNEFASHIONS	FORTUNEFASHIONS	target.com	HTTPS://WWW.TARGET.COM/B/FORTUNE-FASHIONS/-/N-Q643LEY4OZA
FORUGREEN	UGREEN	target.com	HTTPS://WWW.TARGET.COM/B/UGREEN/-/N-Q643LEEZ01L
FORUMNOVELTIES	FORUMNOVELTIES	target.com	HTTPS://WWW.TARGET.COM/B/FORUM-NOVELTIES/-/N-82H95
FORUMNOVELTIESFORUMNOVELTIES	FORUMNOVELTIES	target.com	HTTPS://WWW.TARGET.COM/B/FORUM-NOVELTIES/-/N-82H95
FOSMON	FOSMON	target.com	HTTPS://WWW.TARGET.COM/B/FOSMON/-/N-Q643LE4J1LO
FOSPOWER	FOSPOWER	target.com	HTTPS://WWW.TARGET.COM/B/FOSPOWER/-/N-Q643LECE3FV
FOSSFLOORS	FOSSFLOORS	target.com	HTTPS://WWW.TARGET.COM/B/FOSS-FLOORS/-/N-B3ZB3
FOSTERRYE	FOSTERRYE	target.com	HTTPS://WWW.TARGET.COM/B/FOSTER-RYE/-/N-Q643LEHHE1J
FOUFOUDOG	FOUFOUDOG	target.com	HTTPS://WWW.TARGET.COM/B/FOUFOU-DOG/-/N-Q643LEX0VKB
FOURPAWSPRODUCTS	FOURPAWS	target.com	HTTPS://WWW.TARGET.COM/B/FOUR-PAWS/-/N-RU1U4
FOURSIGMAFOODS	FOURSIGMATIC	target.com	HTTPS://WWW.TARGET.COM/B/FOUR-SIGMATIC/-/N-Q643LE2XIDK
FOURSIGMATIC	FOURSIGMATIC	target.com	HTTPS://WWW.TARGET.COM/B/FOUR-SIGMATIC/-/N-Q643LE2XIDK
FOXFARM	FOXFARM	target.com	HTTPS://WWW.TARGET.COM/B/FOXFARM/-/N-YXCBE
FOXFARMS	FOXFARM	target.com	HTTPS://WWW.TARGET.COM/B/FOXFARM/-/N-YXCBE
FOXMIND	FOXMIND	target.com	HTTPS://WWW.TARGET.COM/B/FOXMIND/-/N-4VQPG
FOXMINDGAMES	FOXMIND	target.com	HTTPS://WWW.TARGET.COM/B/FOXMIND/-/N-4VQPG
FRAMESI	FRAMESI	target.com	HTTPS://WWW.TARGET.COM/B/FRAMESI/-/N-Q643LERDEY4
FRAMICS	FRAMESI	target.com	HTTPS://WWW.TARGET.COM/B/FRAMESI/-/N-Q643LERDEY4
FRANCESLINCOLN	FRANCESLINCOLNLTD	target.com	HTTPS://WWW.TARGET.COM/B/FRANCES-LINCOLN-LTD/-/N-Q643LEJ62DJ
FRANKAEDMUNDS	FRANKAEDMUNDSCO	target.com	HTTPS://WWW.TARGET.COM/B/FRANK-A-EDMUNDS-CO/-/N-Q643LELF0M6
FRANKBODY	FRANKBODY	target.com	HTTPS://WWW.TARGET.COM/B/FRANK-BODY/-/N-Q643LE8NZ79
FRANKLINFOXPUBLISHING	FRANKLINFOXPUBLISHING	target.com	HTTPS://WWW.TARGET.COM/B/FRANKLIN-FOX-PUBLISHING-LLC/-/N-Q643LEEK6H6
FRANKLINIRONWORKS	FRANKLINIRONWORKS	target.com	HTTPS://WWW.TARGET.COM/B/FRANKLIN-IRON-WORKS/-/N-Q643LERJX00
FRANKLINSPORTS	FRANKLINSPORTS	target.com	HTTPS://WWW.TARGET.COM/B/FRANKLIN-SPORTS/-/N-54UPS
FRANKLINSPORTS9	FRANKLINSPORTS	target.com	HTTPS://WWW.TARGET.COM/B/FRANKLIN-SPORTS/-/N-54UPS
FRANKLINSPORTSA2829	FRANKLINSPORTS	target.com	HTTPS://WWW.TARGET.COM/B/FRANKLIN-SPORTS/-/N-54UPS
FRANKLINSPORTSMAN	FRANKLINSPORTS	target.com	HTTPS://WWW.TARGET.COM/B/FRANKLIN-SPORTS/-/N-54UPS
FREDANDFRIENDS	FREDFRIENDS	target.com	HTTPS://WWW.TARGET.COM/B/FRED-FRIENDS/-/N-55EBV
FREDFRIENDS	FREDFRIENDS	target.com	HTTPS://WWW.TARGET.COM/B/FRED-FRIENDS/-/N-55EBV
FREDHAYMAN	FREDHAYMAN	target.com	HTTPS://WWW.TARGET.COM/B/FRED-HAYMAN/-/N-Q643LEJK248
FREDKELLYPICKS	FREDKELLYPICKS	target.com	HTTPS://WWW.TARGET.COM/B/FRED-KELLY-PICKS/-/N-ECLLY
FREDSSWIMACADEMY	FREDSSWIMACADEMY	target.com	HTTPS://WWW.TARGET.COM/B/FREDS-SWIM-ACADEMY/-/N-Q643LEDMAIR
FREE2B	FREE2B	target.com	HTTPS://WWW.TARGET.COM/B/FREE2B/-/N-Q643LEH3J43
FREEFISHER	FISHERPRICE	target.com	HTTPS://WWW.TARGET.COM/B/FISHER-PRICE/-/N-5Y3J1
FREENP	OWALA	target.com	HTTPS://WWW.TARGET.COM/B/OWALA/-/N-Q643LEE2UW7
FREESTYLEBYDANSKIN	FREESTYLEBYDANSKIN	target.com	HTTPS://WWW.TARGET.COM/B/FREESTYLE-BY-DANSKIN/-/N-5UTG4
FREIDAANDJOE	FREIDAANDJOE	target.com	HTTPS://WWW.TARGET.COM/B/FREIDA-AND-JOE/-/N-Q643LERV3VQ
FREIDAJOE	FREIDAANDJOE	target.com	HTTPS://WWW.TARGET.COM/B/FREIDA-AND-JOE/-/N-Q643LERV3VQ
FRERESBRANCHIAUX	FRERESBRANCHIAUX	target.com	HTTPS://WWW.TARGET.COM/B/FRERES-BRANCHIAUX/-/N-Q643LESIELA
FRESCARES	FRESCA	target.com	HTTPS://WWW.TARGET.COM/B/FRESCA/-/N-560WV
FRESHBELLIES	FRESHBELLIES	target.com	HTTPS://WWW.TARGET.COM/B/FRESH-BELLIES/-/N-Q643LEDDPVS
FRESHCUTPAPER	FRESHCUTPAPER	target.com	HTTPS://WWW.TARGET.COM/B/FRESHCUT-PAPER/-/N-Q643LE4GDP9
FRESHDOLL	FRESHDOLLS	target.com	HTTPS://WWW.TARGET.COM/B/FRESH-DOLLS/-/N-Q643LEH3IS2
FRESHDOLLS	FRESHDOLLS	target.com	HTTPS://WWW.TARGET.COM/B/FRESH-DOLLS/-/N-Q643LEH3IS2
FRESHEE	FRESHEE	target.com	HTTPS://WWW.TARGET.COM/B/FRESHEE/-/N-I5O1E
FRESHFINEST	FRESHFINEST	target.com	HTTPS://WWW.TARGET.COM/B/FRESH-FINEST/-/N-Q643LEJCMIT
FRESHGOURMET	FRESHGOURMET	target.com	HTTPS://WWW.TARGET.COM/B/FRESH-GOURMET/-/N-P9Z7U
FRESHIDEAS	FRESHIDEAS	target.com	HTTPS://WWW.TARGET.COM/B/FRESH-IDEAS/-/N-ALS5
FRESHKEEPER	FRESHKEEPER	target.com	HTTPS://WWW.TARGET.COM/B/FRESH-KEEPER/-/N-Q643LE7FKXQ
FRESHLYPICKED	FRESHLYPICKED	target.com	HTTPS://WWW.TARGET.COM/B/FRESHLY-PICKED/-/N-Q643LE26EXM
FRESHMINT	FRESHMINT	target.com	HTTPS://WWW.TARGET.COM/B/FRESHMINT/-/N-Q643LES3N9
FRESHPICKLEJUICE	PICKLEJUICE	target.com	HTTPS://WWW.TARGET.COM/B/PICKLE-JUICE/-/N-Q643LEIGZBR
FRESHSTEP	FRESHSTEP	target.com	HTTPS://WWW.TARGET.COM/B/FRESH-STEP/-/N-HHMTT
FRESNWEL	BEINGFRENSHE	target.com	HTTPS://WWW.TARGET.COM/B/BEING-FRENSHE/-/N-Q643LEYONHF
FRETRG	FRE	target.com	HTTPS://WWW.TARGET.COM/B/FRE/-/N-55BEQ
FRIBCK	FRICKSQUALITYMEAT	target.com	HTTPS://WWW.TARGET.COM/B/FRICK-S-QUALITY-MEAT/-/N-Q643LEN8QA3
FRIDA	FRIDABABY	target.com	HTTPS://WWW.TARGET.COM/B/FRIDA-BABY/-/N-Q643LE2PNHD
FRIDABABY	FRIDABABY	target.com	HTTPS://WWW.TARGET.COM/B/FRIDA-BABY/-/N-Q643LE2PNHD
FRIDABABYFRIDABABY	FRIDABABY	target.com	HTTPS://WWW.TARGET.COM/B/FRIDA-BABY/-/N-Q643LE2PNHD
FRIDAFERTILITY	FRIDAFERTILITY	target.com	HTTPS://WWW.TARGET.COM/B/FRIDA-FERTILITY/-/N-Q643LEP0ZND
FRIDAMOM	FRIDAMOM	target.com	HTTPS://WWW.TARGET.COM/B/FRIDA-MOM/-/N-NM5W3
FRIDAYCOLLECTIVE	FRIDAYCOLLECTIVE	target.com	HTTPS://WWW.TARGET.COM/B/FRIDAY-COLLECTIVE/-/N-Q643LEPRLU9
FRIDGEMATE	FRIDGEMATE	target.com	HTTPS://WWW.TARGET.COM/B/FRIDGEMATE/-/N-Q643LE4SPNB
FRIDNAE	FRIDABABY	target.com	HTTPS://WWW.TARGET.COM/B/FRIDA-BABY/-/N-Q643LE2PNHD
FRIELING	FRIELING	target.com	HTTPS://WWW.TARGET.COM/B/FRIELING/-/N-Q643LETY0PI
FRIENDLY	FRIENDLYS	target.com	HTTPS://WWW.TARGET.COM/B/FRIENDLY-S/-/N-JKRUI
FRIENDLY4EST	FRIENDLYS	target.com	HTTPS://WWW.TARGET.COM/B/FRIENDLY-S/-/N-JKRUI
FRIENDLYGRAINS	FRIENDLYGRAINS	target.com	HTTPS://WWW.TARGET.COM/B/FRIENDLY-GRAINS/-/N-Q643LEM28ZX
FRIENDLYS	FRIENDLYS	target.com	HTTPS://WWW.TARGET.COM/B/FRIENDLY-S/-/N-JKRUI
FRIENDSBYSHERISTORE	BESTFRIENDSBYSHERI	target.com	HTTPS://WWW.TARGET.COM/B/BEST-FRIENDS-BY-SHERI/-/N-UV5SN
FRIENDSWITHYOU	FRIENDSWITHYOU	target.com	HTTPS://WWW.TARGET.COM/B/FRIENDS-WITH-YOU/-/N-Q643LEDW6O
FRIESENPRESS	FRIESENPRESS	target.com	HTTPS://WWW.TARGET.COM/B/FRIESENPRESS/-/N-Q643LEKBUDU
FRIGG	FRIGG	target.com	HTTPS://WWW.TARGET.COM/B/FRIGG/-/N-Q643LEYTBXF
FRIOTLAY	FRITOLAY	target.com	HTTPS://WWW.TARGET.COM/B/FRITO-LAY/-/N-55IMH
FRISKARS	FISKARS	target.com	HTTPS://WWW.TARGET.COM/B/FISKARS/-/N-5VI4P
FRISKIES	FRISKIES	target.com	HTTPS://WWW.TARGET.COM/B/FRISKIES/-/N-4TFXR
FRISKY	FRISKIES	target.com	HTTPS://WWW.TARGET.COM/B/FRISKIES/-/N-4TFXR
FRITO	FRITOS	target.com	HTTPS://WWW.TARGET.COM/B/FRITOS/-/N-560S2
FRITO	FRITOLAY	target.com	HTTPS://WWW.TARGET.COM/B/FRITO-LAY/-/N-55IMH
FRITOLAY	FRITOLAY	target.com	HTTPS://WWW.TARGET.COM/B/FRITO-LAY/-/N-55IMH
FRITOLAY2GO	FRITOLAY	target.com	HTTPS://WWW.TARGET.COM/B/FRITO-LAY/-/N-55IMH
FRITOLAYCOMPANY	FRITOLAY	target.com	HTTPS://WWW.TARGET.COM/B/FRITO-LAY/-/N-55IMH
FRITOLAYPRODUCTS	FRITOLAY	target.com	HTTPS://WWW.TARGET.COM/B/FRITO-LAY/-/N-55IMH
FRITOLAYRETAILSELECTION	FRITOLAY	target.com	HTTPS://WWW.TARGET.COM/B/FRITO-LAY/-/N-55IMH
FRITOLAYS	FRITOLAY	target.com	HTTPS://WWW.TARGET.COM/B/FRITO-LAY/-/N-55IMH
FRITOS	FRITOS	target.com	HTTPS://WWW.TARGET.COM/B/FRITOS/-/N-560S2
FRITOSLAYS	FRITOLAY	target.com	HTTPS://WWW.TARGET.COM/B/FRITO-LAY/-/N-55IMH
FROGANDTOAD	FROGANDTOAD	target.com	HTTPS://WWW.TARGET.COM/B/FROG-AND-TOAD/-/N-Q643LE9IEPM
FROMTHEGROUNDUP	REALFOODFROMTHEGROUNDUP	target.com	HTTPS://WWW.TARGET.COM/B/REAL-FOOD-FROM-THE-GROUND-UP/-/N-Q643LEW9V4R
FRONTERA	FRONTERA	target.com	HTTPS://WWW.TARGET.COM/B/FRONTERA/-/N-560J5
FRONTERAFOODS	FRONTERAFOODS	target.com	HTTPS://WWW.TARGET.COM/B/FRONTERA-FOODS/-/N-Z08NQ
FRONTERAFOODS	FRONTERA	target.com	HTTPS://WWW.TARGET.COM/B/FRONTERA/-/N-560J5
FRONTIERCOOP	FRONTIERCOOP	target.com	HTTPS://WWW.TARGET.COM/B/FRONTIER-CO-OP/-/N-Q643LEPFU07
FRONTPET	FRONTPET	target.com	HTTPS://WWW.TARGET.COM/B/FRONTPET/-/N-Q643LE2PY5C
FRONTPORCHCLASSICS	FRONTPORCHCLASSICS	target.com	HTTPS://WWW.TARGET.COM/B/FRONT-PORCH-CLASSICS/-/N-5WQON
FROOTLOOPS	FROOTLOOPS	target.com	HTTPS://WWW.TARGET.COM/B/FROOT-LOOPS/-/N-56GQD
FROST	FROSTBUDDY	target.com	HTTPS://WWW.TARGET.COM/B/FROST-BUDDY/-/N-Q643LEAW3TT
FROSTBUDDY	FROSTBUDDY	target.com	HTTPS://WWW.TARGET.COM/B/FROST-BUDDY/-/N-Q643LEAW3TT
FROSTEDFLAKES	FROSTEDFLAKES	target.com	HTTPS://WWW.TARGET.COM/B/FROSTED-FLAKES/-/N-BV70I
FROSTEDMINIWHEATS	FROSTEDMINIWHEATS	target.com	HTTPS://WWW.TARGET.COM/B/FROSTED-MINI-WHEATS/-/N-7V4JJ
FROSTGUARD	FROSTGUARD	target.com	HTTPS://WWW.TARGET.COM/B/FROSTGUARD/-/N-AKFTJ
FROSTKING	FROSTKING	target.com	HTTPS://WWW.TARGET.COM/B/FROST-KING/-/N-Q643LE8WBIE
FROSTPRODUCTS	FROSTBUDDY	target.com	HTTPS://WWW.TARGET.COM/B/FROST-BUDDY/-/N-Q643LEAW3TT
FRPRIMO	PRIMO	target.com	HTTPS://WWW.TARGET.COM/B/PRIMO/-/N-QFWSK
FRUITABLES	FRUITABLES	target.com	HTTPS://WWW.TARGET.COM/B/FRUITABLES/-/N-SBOIN
FRUITBLISS	FRUITBLISS	target.com	HTTPS://WWW.TARGET.COM/B/FRUIT-BLISS/-/N-Q643LEAJ5XC
FRUITBYTHEFOOT	FRUITBYTHEFOOT	target.com	HTTPS://WWW.TARGET.COM/B/FRUIT-BY-THE-FOOT/-/N-4YP35
FRUITGUSHERS	FRUITGUSHERS	target.com	HTTPS://WWW.TARGET.COM/B/FRUIT-GUSHERS/-/N-56FBY
FRUITOFLOOM	FRUITOFTHELOOM	target.com	HTTPS://WWW.TARGET.COM/B/FRUIT-OF-THE-LOOM/-/N-5TWCU
FRUITOFTHEEARTH	FRUITOFTHEEARTH	target.com	HTTPS://WWW.TARGET.COM/B/FRUIT-OF-THE-EARTH/-/N-Q643LEBT8XI
FRUITOFTHELOOM	FRUITOFTHELOOM	target.com	HTTPS://WWW.TARGET.COM/B/FRUIT-OF-THE-LOOM/-/N-5TWCU
FRUITOFTHELOOMSELECT	FRUITOFTHELOOM	target.com	HTTPS://WWW.TARGET.COM/B/FRUIT-OF-THE-LOOM/-/N-5TWCU
FRUITOFTHELOOMWOMENSIA	FRUITOFTHELOOM	target.com	HTTPS://WWW.TARGET.COM/B/FRUIT-OF-THE-LOOM/-/N-5TWCU
FRUITROLL	FRUITROLLUPS	target.com	HTTPS://WWW.TARGET.COM/B/FRUIT-ROLL-UPS/-/N-H8R4G
FRUITROLLUPS	FRUITROLLUPS	target.com	HTTPS://WWW.TARGET.COM/B/FRUIT-ROLL-UPS/-/N-H8R4G
FSTOPLABS	FSTOPLABS	target.com	HTTPS://WWW.TARGET.COM/B/FSTOP-LABS/-/N-Q643LEPM077
FUBGRLY	FUGGLER	target.com	HTTPS://WWW.TARGET.COM/B/FUGGLER/-/N-E1VS0
FUELPUREFORMANCE	FUELPUREFORMANCE	target.com	HTTPS://WWW.TARGET.COM/B/FUEL-PUREFORMANCE/-/N-Q643LEDRYO3
FUELWORKS	FUELWORKS	target.com	HTTPS://WWW.TARGET.COM/B/FUELWORKS/-/N-Q643LE5SS26
FUFUANDGAGA	FUFUGAGA	target.com	HTTPS://WWW.TARGET.COM/B/FUFU-GAGA/-/N-Q643LEWV8HK
FUFUGAGA	FUFUGAGA	target.com	HTTPS://WWW.TARGET.COM/B/FUFU-GAGA/-/N-Q643LEWV8HK
FUFUGAGGA	FUFUGAGA	target.com	HTTPS://WWW.TARGET.COM/B/FUFU-GAGA/-/N-Q643LEWV8HK
FUGGLER	FUGGLER	target.com	HTTPS://WWW.TARGET.COM/B/FUGGLER/-/N-E1VS0
FUGGLERS	FUGGLER	target.com	HTTPS://WWW.TARGET.COM/B/FUGGLER/-/N-E1VS0
FUGGUI	FUGGLER	target.com	HTTPS://WWW.TARGET.COM/B/FUGGLER/-/N-E1VS0
FUGKUOM	FUGGLER	target.com	HTTPS://WWW.TARGET.COM/B/FUGGLER/-/N-E1VS0
FUIJI	FUJIFILM	target.com	HTTPS://WWW.TARGET.COM/B/FUJIFILM/-/N-5Y4R1
FUJ	FUJIFILM	target.com	HTTPS://WWW.TARGET.COM/B/FUJIFILM/-/N-5Y4R1
FUJGYLGL	FUGGLER	target.com	HTTPS://WWW.TARGET.COM/B/FUGGLER/-/N-E1VS0
FUJI	FUJIFILM	target.com	HTTPS://WWW.TARGET.COM/B/FUJIFILM/-/N-5Y4R1
FUJIADA	FUJIFILM	target.com	HTTPS://WWW.TARGET.COM/B/FUJIFILM/-/N-5Y4R1
FUJIFILM	FUJIFILM	target.com	HTTPS://WWW.TARGET.COM/B/FUJIFILM/-/N-5Y4R1
FUJIFILMUSA	FUJIFILM	target.com	HTTPS://WWW.TARGET.COM/B/FUJIFILM/-/N-5Y4R1
FUJIFUN	FUJIFILM	target.com	HTTPS://WWW.TARGET.COM/B/FUJIFILM/-/N-5Y4R1
FUJIPRODUCTS	FUJIFILM	target.com	HTTPS://WWW.TARGET.COM/B/FUJIFILM/-/N-5Y4R1
FUL	FUL	target.com	HTTPS://WWW.TARGET.COM/B/FUL/-/N-7IXJ5
FULFIL	FULFIL	target.com	HTTPS://WWW.TARGET.COM/B/FULFIL/-/N-Q643LE2AMUI
FULLCIRCLE	FULLCIRCLE	target.com	HTTPS://WWW.TARGET.COM/B/FULL-CIRCLE/-/N-4U9UA
FULLCIRCLEHOME	FULLCIRCLE	target.com	HTTPS://WWW.TARGET.COM/B/FULL-CIRCLE/-/N-4U9UA
FULLMOON	FULLMOON	target.com	HTTPS://WWW.TARGET.COM/B/FULL-MOON/-/N-4UJE2
FULLTHROTTLE	FULLTHROTTLE	target.com	HTTPS://WWW.TARGET.COM/B/FULL-THROTTLE/-/N-3FO88
FULTONBAG	FULTONBAGCO	target.com	HTTPS://WWW.TARGET.COM/B/FULTON-BAG-CO/-/N-ULY48
FULTONBAGCO	FULTONBAGCO	target.com	HTTPS://WWW.TARGET.COM/B/FULTON-BAG-CO/-/N-ULY48
FULTONBOOKS	FULTONBOOKS	target.com	HTTPS://WWW.TARGET.COM/B/FULTON-BOOKS/-/N-Q643LE6GFWW
FULVARI	FULVARI	target.com	HTTPS://WWW.TARGET.COM/B/FULVARI/-/N-Q643LEPP83I
FUN2GIVE	FUN2GIVE	target.com	HTTPS://WWW.TARGET.COM/B/FUN2GIVE/-/N-4Y5F4
FUNADAMS	FUNYUNS	target.com	HTTPS://WWW.TARGET.COM/B/FUNYUNS/-/N-560B2
FUNANDFITNESSFORKIDS	FUNFITNESSFORKIDS	target.com	HTTPS://WWW.TARGET.COM/B/FUN-FITNESS-FOR-KIDS/-/N-Q643LE4RSU2
FUNBINY	FUNYUNS	target.com	HTTPS://WWW.TARGET.COM/B/FUNYUNS/-/N-560B2
FUNCTIONOFBEAUTY	FUNCTIONOFBEAUTY	target.com	HTTPS://WWW.TARGET.COM/B/FUNCTION-OF-BEAUTY/-/N-Q643LEATTF0
FUNDIP	LIKMAIDFUNDIP	target.com	HTTPS://WWW.TARGET.COM/B/LIK-M-AID-FUN-DIP/-/N-H9Z0N
FUNESPRESS	FUNEXPRESS	target.com	HTTPS://WWW.TARGET.COM/B/FUN-EXPRESS/-/N-Q643LEZLQPR
FUNESS	FUNYUNS	target.com	HTTPS://WWW.TARGET.COM/B/FUNYUNS/-/N-560B2
FUNEXPRESS	FUNEXPRESS	target.com	HTTPS://WWW.TARGET.COM/B/FUN-EXPRESS/-/N-Q643LEZLQPR
FUNFLUFF	MARSHMALLOWFLUFF	target.com	HTTPS://WWW.TARGET.COM/B/MARSHMALLOW-FLUFF/-/N-O7KKC
FUNKAWAY	FUNKAWAY	target.com	HTTPS://WWW.TARGET.COM/B/FUNKAWAY/-/N-Q643LECUOJT
FUNKKY	JUSTFUNKY	target.com	HTTPS://WWW.TARGET.COM/B/JUST-FUNKY/-/N-LG53Q
FUNKOHOMEVIDEO	FUNKO	target.com	HTTPS://WWW.TARGET.COM/B/FUNKO/-/N-4YNJC
FUNKOPOP	FUNKO	target.com	HTTPS://WWW.TARGET.COM/B/FUNKO/-/N-4YNJC
FUNKOPOPBUNDLE	FUNKO	target.com	HTTPS://WWW.TARGET.COM/B/FUNKO/-/N-4YNJC
FUNKPOP	FUNKO	target.com	HTTPS://WWW.TARGET.COM/B/FUNKO/-/N-4YNJC
FUNKY	JUSTFUNKY	target.com	HTTPS://WWW.TARGET.COM/B/JUST-FUNKY/-/N-LG53Q
FUNKYSTORE	JUSTFUNKY	target.com	HTTPS://WWW.TARGET.COM/B/JUST-FUNKY/-/N-LG53Q
FUNLITTLETOY	FUNLITTLETOYS	target.com	HTTPS://WWW.TARGET.COM/B/FUN-LITTLE-TOYS/-/N-Q643LE50D46
FUNLITTLETOYS	FUNLITTLETOYS	target.com	HTTPS://WWW.TARGET.COM/B/FUN-LITTLE-TOYS/-/N-Q643LE50D46
FUNLITTLETOYVALUEBRANDS	FUNLITTLETOYS	target.com	HTTPS://WWW.TARGET.COM/B/FUN-LITTLE-TOYS/-/N-Q643LE50D46
FUNMAYPOON	FUNYUNS	target.com	HTTPS://WWW.TARGET.COM/B/FUNYUNS/-/N-560B2
FUNNANS	FUNYUNS	target.com	HTTPS://WWW.TARGET.COM/B/FUNYUNS/-/N-560B2
FUNNAPS	FUNYUNS	target.com	HTTPS://WWW.TARGET.COM/B/FUNYUNS/-/N-560B2
FUNNGO	FUNYUNS	target.com	HTTPS://WWW.TARGET.COM/B/FUNYUNS/-/N-560B2
FUNNINJA	NINJA	target.com	HTTPS://WWW.TARGET.COM/B/NINJA/-/N-5EM1P
FUNNIU	FUNYUNS	target.com	HTTPS://WWW.TARGET.COM/B/FUNYUNS/-/N-560B2
FUNNUF	FUNYUNS	target.com	HTTPS://WWW.TARGET.COM/B/FUNYUNS/-/N-560B2
FUNNYBONEPRODUCTS	FUNNYBONETOYS	target.com	HTTPS://WWW.TARGET.COM/B/FUNNYBONE-TOYS/-/N-Q643LE5J824
FUNNYPOP	FUNKO	target.com	HTTPS://WWW.TARGET.COM/B/FUNKO/-/N-4YNJC
FUNORMOUS	FUNORMOUS	target.com	HTTPS://WWW.TARGET.COM/B/FUNORMOUS/-/N-Q643LE8SR5U
FUNOWN	FUNYUNS	target.com	HTTPS://WWW.TARGET.COM/B/FUNYUNS/-/N-560B2
FUNPHIX	FUNPHIX	target.com	HTTPS://WWW.TARGET.COM/B/FUNPHIX/-/N-Q643LENBMPK
FUNPLAY	FUNPLAY	target.com	HTTPS://WWW.TARGET.COM/B/FUNPLAY/-/N-Q643LELCPVQ
FUNSICLE	FUNSICLE	target.com	HTTPS://WWW.TARGET.COM/B/FUNSICLE/-/N-Q643LEOWZUE
FUNSTUDIO	STUDIOFUN	target.com	HTTPS://WWW.TARGET.COM/B/STUDIO-FUN/-/N-Q643LED3I2V
FUNSTUDIOINTERNATIONAL	STUDIOFUNINTERNATIONAL	target.com	HTTPS://WWW.TARGET.COM/B/STUDIO-FUN-INTERNATIONAL/-/N-Q643LEGKY9K
FUNSTUDIOS	STUDIOFUN	target.com	HTTPS://WWW.TARGET.COM/B/STUDIO-FUN/-/N-Q643LED3I2V
FUNSTUFF	FUNSTUFF	target.com	HTTPS://WWW.TARGET.COM/B/FUNSTUFF/-/N-Q643LE37P3V
FUNTASTY	FUNTASTY	target.com	HTTPS://WWW.TARGET.COM/B/FUNTASTY/-/N-Q643LEHY1NA
FUNTOUCH	FUNTOUCH	target.com	HTTPS://WWW.TARGET.COM/B/FUNTOUCH/-/N-Q643LEVMTMB
FUNWARES	FUNWARES	target.com	HTTPS://WWW.TARGET.COM/B/FUNWARES/-/N-Q643LEATJJE
FUNWORLD	FUNWORLD	target.com	HTTPS://WWW.TARGET.COM/B/FUN-WORLD/-/N-OOVRC
FUNWORLDG	FUNWORLD	target.com	HTTPS://WWW.TARGET.COM/B/FUN-WORLD/-/N-OOVRC
FUNY	FUNYUNS	target.com	HTTPS://WWW.TARGET.COM/B/FUNYUNS/-/N-560B2
FUNYAN	FUNYUNS	target.com	HTTPS://WWW.TARGET.COM/B/FUNYUNS/-/N-560B2
FUNYAUNG	FUNYUNS	target.com	HTTPS://WWW.TARGET.COM/B/FUNYUNS/-/N-560B2
FUNYI	FUNYUNS	target.com	HTTPS://WWW.TARGET.COM/B/FUNYUNS/-/N-560B2
FUNYOUNG	FUNYUNS	target.com	HTTPS://WWW.TARGET.COM/B/FUNYUNS/-/N-560B2
FUNYU	FUNYUNS	target.com	HTTPS://WWW.TARGET.COM/B/FUNYUNS/-/N-560B2
FUNYUNS	FUNYUNS	target.com	HTTPS://WWW.TARGET.COM/B/FUNYUNS/-/N-560B2
FUNZIEZ	FUNZIEZ	target.com	HTTPS://WWW.TARGET.COM/B/FUNZIEZ/-/N-Q643LEVWJX
FURBB	FURBY	target.com	HTTPS://WWW.TARGET.COM/B/FURBY/-/N-Q643LEHA7D6
FURBULOUS	FURBULOUS	target.com	HTTPS://WWW.TARGET.COM/B/FURBULOUS/-/N-Q643LEHP8M8
FURBY	FURBY	target.com	HTTPS://WWW.TARGET.COM/B/FURBY/-/N-Q643LEHA7D6
FURBYTHEFOOT	FRUITBYTHEFOOT	target.com	HTTPS://WWW.TARGET.COM/B/FRUIT-BY-THE-FOOT/-/N-4YP35
FUREHAVEN	FURHAVEN	target.com	HTTPS://WWW.TARGET.COM/B/FURHAVEN/-/N-L1EN7
FURFRIENDS	FURREALFRIENDS	target.com	HTTPS://WWW.TARGET.COM/B/FURREAL-FRIENDS/-/N-5OWU0
FURHAVEN	FURHAVEN	target.com	HTTPS://WWW.TARGET.COM/B/FURHAVEN/-/N-L1EN7
FURHAVENO	FURHAVEN	target.com	HTTPS://WWW.TARGET.COM/B/FURHAVEN/-/N-L1EN7
FURHAVENSTORE	FURHAVEN	target.com	HTTPS://WWW.TARGET.COM/B/FURHAVEN/-/N-L1EN7
FURHEAVEN	FURHAVEN	target.com	HTTPS://WWW.TARGET.COM/B/FURHAVEN/-/N-L1EN7
FURINNO	FURINNO	target.com	HTTPS://WWW.TARGET.COM/B/FURINNO/-/N-Q643LEREEM6
FURINNOSTORE	FURINNO	target.com	HTTPS://WWW.TARGET.COM/B/FURINNO/-/N-Q643LEREEM6
FURMINATOR	FURMINATOR	target.com	HTTPS://WWW.TARGET.COM/B/FURMINATOR/-/N-OWFBZ
FURNITUREOFAMERICA	FURNITUREOFAMERICA	target.com	HTTPS://WWW.TARGET.COM/B/FURNITURE-OF-AMERICA/-/N-55006
FURNITUREORAMERICA	FURNITUREOFAMERICA	target.com	HTTPS://WWW.TARGET.COM/B/FURNITURE-OF-AMERICA/-/N-55006
FUROBES	FURBY	target.com	HTTPS://WWW.TARGET.COM/B/FURBY/-/N-Q643LEHA7D6
FURREAL	FURREALFRIENDS	target.com	HTTPS://WWW.TARGET.COM/B/FURREAL-FRIENDS/-/N-5OWU0
FURREALFRIENDS	FURREALFRIENDS	target.com	HTTPS://WWW.TARGET.COM/B/FURREAL-FRIENDS/-/N-5OWU0
FURRINNO	FURINNO	target.com	HTTPS://WWW.TARGET.COM/B/FURINNO/-/N-Q643LEREEM6
FURRYREPUBLIC	FURRYREPUBLIC	target.com	HTTPS://WWW.TARGET.COM/B/FURRY-REPUBLIC/-/N-LU62W
FURTHERFOOD	FURTHERFOOD	target.com	HTTPS://WWW.TARGET.COM/B/FURTHER-FOOD/-/N-Q643LEPFFDC
FUSIONBRANDS	FUSIONBRANDS	target.com	HTTPS://WWW.TARGET.COM/B/FUSIONBRANDS/-/N-Q643LEQ6A5U
FUTUREBIOTICS	FUTUREBIOTICS	target.com	HTTPS://WWW.TARGET.COM/B/FUTUREBIOTICS/-/N-Q643LEJ9RXY
FUTUREFOAM	FUTUREFOAM	target.com	HTTPS://WWW.TARGET.COM/B/FUTURE-FOAM/-/N-XB0X0
FUTURIOL	FUTURO	target.com	HTTPS://WWW.TARGET.COM/B/FUTURO/-/N-YALLH
FUTURO	FUTURO	target.com	HTTPS://WWW.TARGET.COM/B/FUTURO/-/N-YALLH
FUTUROFUTURO	FUTURO	target.com	HTTPS://WWW.TARGET.COM/B/FUTURO/-/N-YALLH
FUZZU	FUZZU	target.com	HTTPS://WWW.TARGET.COM/B/FUZZU/-/N-Q643LE3TESY
FUZZYFRIENDS	MYFUZZYFRIEND	target.com	HTTPS://WWW.TARGET.COM/B/MY-FUZZY-FRIEND/-/N-Q643LE9HB34
GABBSDOLLHOUSE	GABBYSDOLLHOUSE	target.com	HTTPS://WWW.TARGET.COM/B/GABBY-S-DOLLHOUSE/-/N-Q643LE5TULV
GABBYAPOSSDOLLHOUSE	GABBYSDOLLHOUSE	target.com	HTTPS://WWW.TARGET.COM/B/GABBY-S-DOLLHOUSE/-/N-Q643LE5TULV
GABBYDOLLHOUSE	GABBYSDOLLHOUSE	target.com	HTTPS://WWW.TARGET.COM/B/GABBY-S-DOLLHOUSE/-/N-Q643LE5TULV
GABBYGROVE	GABBYSDOLLHOUSE	target.com	HTTPS://WWW.TARGET.COM/B/GABBY-S-DOLLHOUSE/-/N-Q643LE5TULV
GABBYHOME	GABBYSDOLLHOUSE	target.com	HTTPS://WWW.TARGET.COM/B/GABBY-S-DOLLHOUSE/-/N-Q643LE5TULV
GABBYSDOLLHOUSE	GABBYSDOLLHOUSE	target.com	HTTPS://WWW.TARGET.COM/B/GABBY-S-DOLLHOUSE/-/N-Q643LE5TULV
GADGETGUARD	GADGETGUARD	target.com	HTTPS://WWW.TARGET.COM/B/GADGET-GUARD/-/N-Q643LE7STTI
GAGAMO	GAMAGO	target.com	HTTPS://WWW.TARGET.COM/B/GAMAGO/-/N-DSDCS
GAIA	GAIAHERBS	target.com	HTTPS://WWW.TARGET.COM/B/GAIA-HERBS/-/N-Q643LE7W6C3
GAIAHERBS	GAIAHERBS	target.com	HTTPS://WWW.TARGET.COM/B/GAIA-HERBS/-/N-Q643LE7W6C3
GAIAHERBSGAIB6	GAIAHERBS	target.com	HTTPS://WWW.TARGET.COM/B/GAIA-HERBS/-/N-Q643LE7W6C3
GAIAM	GAIAM	target.com	HTTPS://WWW.TARGET.COM/B/GAIAM/-/N-5XUKA
GAIAMADE	GAIAM	target.com	HTTPS://WWW.TARGET.COM/B/GAIAM/-/N-5XUKA
GAIAMAMERICAS	GAIAM	target.com	HTTPS://WWW.TARGET.COM/B/GAIAM/-/N-5XUKA
GAIAMESSENTIALS	GAIAM	target.com	HTTPS://WWW.TARGET.COM/B/GAIAM/-/N-5XUKA
GAIAMFITNESS	GAIAM	target.com	HTTPS://WWW.TARGET.COM/B/GAIAM/-/N-5XUKA
GAIAMINTERNATIONAL	GAIAM	target.com	HTTPS://WWW.TARGET.COM/B/GAIAM/-/N-5XUKA
GAIAMYOGA	GAIAM	target.com	HTTPS://WWW.TARGET.COM/B/GAIAM/-/N-5XUKA
GAIN	GAIN	target.com	HTTPS://WWW.TARGET.COM/B/GAIN/-/N-56DBB
GAINS	GAIN	target.com	HTTPS://WWW.TARGET.COM/B/GAIN/-/N-56DBB
GALANO	GALANO	target.com	HTTPS://WWW.TARGET.COM/B/GALANO/-/N-Q643LEO856R
GALAXHERO	GALAXHERO	target.com	HTTPS://WWW.TARGET.COM/B/GALAXHERO/-/N-Q643LESVWEE
GALAXYBYHARVIC	GALAXYBYHARVIC	target.com	HTTPS://WWW.TARGET.COM/B/GALAXY-BY-HARVIC/-/N-Q643LERKATA
GALAXYSPIRE	SPIREBYGALAXY	target.com	HTTPS://WWW.TARGET.COM/B/SPIRE-BY-GALAXY/-/N-Q643LERL7A7
GALERYPERFECT	GALLERYPERFECT	target.com	HTTPS://WWW.TARGET.COM/B/GALLERY-PERFECT/-/N-4XUWU
GALLERIAENTERPRISES	GALLERIAENTERPRISES	target.com	HTTPS://WWW.TARGET.COM/B/GALLERIA-ENTERPRISES-INC/-/N-Q643LECB9AI
GALLERIEII	GALLERIEII	target.com	HTTPS://WWW.TARGET.COM/B/GALLERIE-II/-/N-99TVD
GALLERY57	GALLERY57	target.com	HTTPS://WWW.TARGET.COM/B/GALLERY-57/-/N-Q643LE351X3
GALLERYBOOKS	GALLERYBOOKS	target.com	HTTPS://WWW.TARGET.COM/B/GALLERY-BOOKS/-/N-Q643LE8VX2U
GALLERYPERFECT	GALLERYPERFECT	target.com	HTTPS://WWW.TARGET.COM/B/GALLERY-PERFECT/-/N-4XUWU
GALLERYSEVEN	GALLERYSEVEN	target.com	HTTPS://WWW.TARGET.COM/B/GALLERY-SEVEN/-/N-Q643LEFYVF1
GALLERYSOLUTIONS	GALLERYSOLUTIONS	target.com	HTTPS://WWW.TARGET.COM/B/GALLERY-SOLUTIONS/-/N-4XUYM
GALLOPADE	GALLOPADEINTERNATIONAL	target.com	HTTPS://WWW.TARGET.COM/B/GALLOPADE-INTERNATIONAL/-/N-Q643LEXAU1E
GALLUPPRESS	GALLUPPRESS	target.com	HTTPS://WWW.TARGET.COM/B/GALLUP-PRESS/-/N-Q643LEP7YYZ
GALTTOYS	GALTTOYS	target.com	HTTPS://WWW.TARGET.COM/B/GALT-TOYS/-/N-4VQHM
GAMAGO	GAMAGO	target.com	HTTPS://WWW.TARGET.COM/B/GAMAGO/-/N-DSDCS
GAMEGENIC	GAMEGENIC	target.com	HTTPS://WWW.TARGET.COM/B/GAMEGENIC/-/N-Q643LE92UO1
GAMELYNGAMES	GAMELYNGAMES	target.com	HTTPS://WWW.TARGET.COM/B/GAMELYN-GAMES/-/N-Q643LE5JV2R
GAMESADULTSPLAY	GAMESADULTSPLAY	target.com	HTTPS://WWW.TARGET.COM/B/GAMES-ADULTS-PLAY/-/N-DJ88S
GAMESWORKSHOP	GAMESWORKSHOP	target.com	HTTPS://WWW.TARGET.COM/B/GAMES-WORKSHOP/-/N-LJ9QA
GAMEZONE	GAMEZONE	target.com	HTTPS://WWW.TARGET.COM/B/GAME-ZONE/-/N-BY9YG
GAMMASPORTS	GAMMASPORTS	target.com	HTTPS://WWW.TARGET.COM/B/GAMMA-SPORTS/-/N-CCQL4
GAMMONPERCUSSION	GAMMONPERCUSSION	target.com	HTTPS://WWW.TARGET.COM/B/GAMMON-PERCUSSION/-/N-Q643LEARGRF
GANACISER	GAIN	target.com	HTTPS://WWW.TARGET.COM/B/GAIN/-/N-56DBB
GANCAOXING	GANZ	target.com	HTTPS://WWW.TARGET.COM/B/GANZ/-/N-E6M15
GANZ	GANZ	target.com	HTTPS://WWW.TARGET.COM/B/GANZ/-/N-E6M15
GANZUSA	GANZ	target.com	HTTPS://WWW.TARGET.COM/B/GANZ/-/N-E6M15
GAORMII	GARMIN	target.com	HTTPS://WWW.TARGET.COM/B/GARMIN/-/N-5Y6E8
GAOYMSYM	GAIAM	target.com	HTTPS://WWW.TARGET.COM/B/GAIAM/-/N-5XUKA
GAPHOME	GAPHOME	target.com	HTTPS://WWW.TARGET.COM/B/GAP-HOME/-/N-Q643LECCFS8
GARDEIN	GARDEIN	target.com	HTTPS://WWW.TARGET.COM/B/GARDEIN/-/N-EOS6G
GARDENA	GARDENA	target.com	HTTPS://WWW.TARGET.COM/B/GARDENA/-/N-Z26TC
GARDENEERBYDALEN	DALENPRODUCTS	target.com	HTTPS://WWW.TARGET.COM/B/DALEN-PRODUCTS-INC/-/N-QC73W
GARDENER365	GARDENERSSUPPLYCOMPANY	target.com	HTTPS://WWW.TARGET.COM/B/GARDENER-S-SUPPLY-COMPANY/-/N-HJMR5
GARDENERS	GARDENERSSUPPLYCOMPANY	target.com	HTTPS://WWW.TARGET.COM/B/GARDENER-S-SUPPLY-COMPANY/-/N-HJMR5
GARDENERSSUPPLYCO	GARDENERSSUPPLYCOMPANY	target.com	HTTPS://WWW.TARGET.COM/B/GARDENER-S-SUPPLY-COMPANY/-/N-HJMR5
GARDENERSSUPPLYCOMPANY	GARDENERSSUPPLYCOMPANY	target.com	HTTPS://WWW.TARGET.COM/B/GARDENER-S-SUPPLY-COMPANY/-/N-HJMR5
GARDENESSUPPLYCOMPANY	GARDENERSSUPPLYCOMPANY	target.com	HTTPS://WWW.TARGET.COM/B/GARDENER-S-SUPPLY-COMPANY/-/N-HJMR5
GARDENGREENS	GARDENGREENS	target.com	HTTPS://WWW.TARGET.COM/B/GARDEN-GREENS/-/N-Q643LE4GSHG
GARDENLIFE	GARDENOFLIFE	target.com	HTTPS://WWW.TARGET.COM/B/GARDEN-OF-LIFE/-/N-MS9W5
GARDENLIFESUPPLEMENTS	GARDENOFLIFE	target.com	HTTPS://WWW.TARGET.COM/B/GARDEN-OF-LIFE/-/N-MS9W5
GARDENOFEATI	GARDENOFEATIN	target.com	HTTPS://WWW.TARGET.COM/B/GARDEN-OF-EATIN/-/N-L20A2
GARDENOFEATIN	GARDENOFEATIN	target.com	HTTPS://WWW.TARGET.COM/B/GARDEN-OF-EATIN/-/N-L20A2
GARDENOFLIFE	GARDENOFLIFE	target.com	HTTPS://WWW.TARGET.COM/B/GARDEN-OF-LIFE/-/N-MS9W5
GARDENREPUBLIC	GARDENREPUBLIC	target.com	HTTPS://WWW.TARGET.COM/B/GARDEN-REPUBLIC/-/N-Q643LETZYD0
GARDENTECH	GARDENTECH	target.com	HTTPS://WWW.TARGET.COM/B/GARDEN-TECH/-/N-Q643LED15ZO
GARDETTOS	GARDETTOS	target.com	HTTPS://WWW.TARGET.COM/B/GARDETTO-S/-/N-56EQ5
GARDIAN	GARDEIN	target.com	HTTPS://WWW.TARGET.COM/B/GARDEIN/-/N-EOS6G
GARDIEN	GARDEIN	target.com	HTTPS://WWW.TARGET.COM/B/GARDEIN/-/N-EOS6G
GARDWENS	GARDEIN	target.com	HTTPS://WWW.TARGET.COM/B/GARDEIN/-/N-EOS6G
GARDWIN	GARDEIN	target.com	HTTPS://WWW.TARGET.COM/B/GARDEIN/-/N-EOS6G
GARDYUE	GARDEIN	target.com	HTTPS://WWW.TARGET.COM/B/GARDEIN/-/N-EOS6G
GARINOM	GARMIN	target.com	HTTPS://WWW.TARGET.COM/B/GARMIN/-/N-5Y6E8
GARLANDCARPETRUG	GARLANDRUG	target.com	HTTPS://WWW.TARGET.COM/B/GARLAND-RUG/-/N-4YCQE
GARLANDRUG	GARLANDRUG	target.com	HTTPS://WWW.TARGET.COM/B/GARLAND-RUG/-/N-4YCQE
GARLANDRUGS	GARLANDRUG	target.com	HTTPS://WWW.TARGET.COM/B/GARLAND-RUG/-/N-4YCQE
GARLICEXPRESSIONS	GARLICEXPRESSIONS	target.com	HTTPS://WWW.TARGET.COM/B/GARLIC-EXPRESSIONS/-/N-Q643LEMB7MT
GARMAR	GARMIN	target.com	HTTPS://WWW.TARGET.COM/B/GARMIN/-/N-5Y6E8
GARMEINEA	GARMIN	target.com	HTTPS://WWW.TARGET.COM/B/GARMIN/-/N-5Y6E8
GARMELON	GARMIN	target.com	HTTPS://WWW.TARGET.COM/B/GARMIN/-/N-5Y6E8
GARMERA	GARMIN	target.com	HTTPS://WWW.TARGET.COM/B/GARMIN/-/N-5Y6E8
GARMIN	GARMIN	target.com	HTTPS://WWW.TARGET.COM/B/GARMIN/-/N-5Y6E8
GARMININTERNATIONAL	GARMIN	target.com	HTTPS://WWW.TARGET.COM/B/GARMIN/-/N-5Y6E8
GARMINUSA	GARMIN	target.com	HTTPS://WWW.TARGET.COM/B/GARMIN/-/N-5Y6E8
GARNERSUPPLY	GARDENERSSUPPLYCOMPANY	target.com	HTTPS://WWW.TARGET.COM/B/GARDENER-S-SUPPLY-COMPANY/-/N-HJMR5
GARNIER	GARNIER	target.com	HTTPS://WWW.TARGET.COM/B/GARNIER/-/N-5XVJY
GARTNERSTUDIOS	GARTNERSTUDIOS	target.com	HTTPS://WWW.TARGET.COM/B/GARTNER-STUDIOS/-/N-5R3TZ
GARVEE	GARVEE	target.com	HTTPS://WWW.TARGET.COM/B/GARVEE/-/N-Q643LE968NZ
GARVEN	GARVEN	target.com	HTTPS://WWW.TARGET.COM/B/GARVEN/-/N-GUE9X
GARVEYPRODUCTS	GARVEY	target.com	HTTPS://WWW.TARGET.COM/B/GARVEY/-/N-Q643LEI393Y
GASPRO	GASPRO	target.com	HTTPS://WWW.TARGET.COM/B/GASPRO/-/N-Q643LECVFWG
GASTAPPER	GASTAPPER	target.com	HTTPS://WWW.TARGET.COM/B/GASTAPPER/-/N-Q643LETBF6
GATEKEEPERGAMES	GATEKEEPERGAMES	target.com	HTTPS://WWW.TARGET.COM/B/GATE-KEEPER-GAMES/-/N-BS1CH
GATERDA	GATORADE	target.com	HTTPS://WWW.TARGET.COM/B/GATORADE/-/N-1LW8E
GATEWAYGIFTEDRESOURCES	GATEWAYGIFTEDRESOURES	target.com	HTTPS://WWW.TARGET.COM/B/GATEWAY-GIFTED-RESOURES/-/N-Q643LEXHC91
GATHERERSTAVERN	GATHERERSTAVERN	target.com	HTTPS://WWW.TARGET.COM/B/GATHERERS-TAVERN/-/N-Q643LEH4H4X
GATHRE	GATHRE	target.com	HTTPS://WWW.TARGET.COM/B/GATHRE/-/N-Q643LEHD96M
GATOMAL	GATORADE	target.com	HTTPS://WWW.TARGET.COM/B/GATORADE/-/N-1LW8E
GATORADE	GATORADE	target.com	HTTPS://WWW.TARGET.COM/B/GATORADE/-/N-1LW8E
GATORADERTD	GATORADE	target.com	HTTPS://WWW.TARGET.COM/B/GATORADE/-/N-1LW8E
GATORADES	GATORADE	target.com	HTTPS://WWW.TARGET.COM/B/GATORADE/-/N-1LW8E
GATORMAGNETICS	GATORMAGNETICS	target.com	HTTPS://WWW.TARGET.COM/B/GATOR-MAGNETICS/-/N-Q643LE4KA1W
GATORWADERS	GATORWADERS	target.com	HTTPS://WWW.TARGET.COM/B/GATOR-WADERS/-/N-Q643LEQXIS3
GATROTY	GATORADE	target.com	HTTPS://WWW.TARGET.COM/B/GATORADE/-/N-1LW8E
GATWICKGAMES	GATWICKGAMES	target.com	HTTPS://WWW.TARGET.COM/B/GATWICK-GAMES/-/N-Q643LEBYYOQ
GAZELLETENTS	GAZELLETENTS	target.com	HTTPS://WWW.TARGET.COM/B/GAZELLE-TENTS/-/N-Q643LEQ6Z7Y
GCIOUTDOOR	GCIOUTDOOR	target.com	HTTPS://WWW.TARGET.COM/B/GCI-OUTDOOR/-/N-Q643LEPSWSH
GCIOUTDOORS	GCIOUTDOOR	target.com	HTTPS://WWW.TARGET.COM/B/GCI-OUTDOOR/-/N-Q643LEPSWSH
GCSHOES	GCSHOES	target.com	HTTPS://WWW.TARGET.COM/B/GC-SHOES/-/N-Q643LE4OJ4V
GDFSTUDIO	GDFSTUDIO	target.com	HTTPS://WWW.TARGET.COM/B/GDFSTUDIO/-/N-Q643LEEM9AU
GDFSTUDIOS	GDFSTUDIO	target.com	HTTPS://WWW.TARGET.COM/B/GDFSTUDIO/-/N-Q643LEEM9AU
GEARAID	GEARAID	target.com	HTTPS://WWW.TARGET.COM/B/GEAR-AID/-/N-BNNUS
GEARBOXPUBLISHING	GEARBOXPUBLISHING	target.com	HTTPS://WWW.TARGET.COM/B/GEARBOX-PUBLISHING/-/N-Q643LET689A
GEARONIC	GEARONIC	target.com	HTTPS://WWW.TARGET.COM/B/GEARONIC/-/N-Q643LEVPPAO
GEARONICTM	GEARONIC	target.com	HTTPS://WWW.TARGET.COM/B/GEARONIC/-/N-Q643LEVPPAO
GECKOBRANDS	GECKOBRANDS	target.com	HTTPS://WWW.TARGET.COM/B/GECKOBRANDS/-/N-Q643LE1D33S
GEEKIPRO	GEEKITIKIS	target.com	HTTPS://WWW.TARGET.COM/B/GEEKI-TIKIS/-/N-IWX8
GEEMAX	GEEMAX	target.com	HTTPS://WWW.TARGET.COM/B/GEEMAX/-/N-Q643LETPOY2
GEFEN	GEFEN	target.com	HTTPS://WWW.TARGET.COM/B/GEFEN/-/N-X5V5L
GELBLASTER	GELBLASTER	target.com	HTTPS://WWW.TARGET.COM/B/GEL-BLASTER/-/N-Q643LEW40EG
GELIAL	GELUSIL	target.com	HTTPS://WWW.TARGET.COM/B/GELUSIL/-/N-Q643LE33C95
GELPRO	GELPRO	target.com	HTTPS://WWW.TARGET.COM/B/GELPRO/-/N-5D53C
GELUOXI	GELUOXI	target.com	HTTPS://WWW.TARGET.COM/B/GELUOXI/-/N-Q643LE4H1OL
GELUSIL	GELUSIL	target.com	HTTPS://WWW.TARGET.COM/B/GELUSIL/-/N-Q643LE33C95
GELZONEPRO	GELZONEPRO	target.com	HTTPS://WWW.TARGET.COM/B/GEL-ZONE-PRO/-/N-Q643LEX57XT
GEMELLIHOME	GEMELLIHOME	target.com	HTTPS://WWW.TARGET.COM/B/GEMELLI-HOME/-/N-Q643LEN89D6
GEMITTO	GEMITTO	target.com	HTTPS://WWW.TARGET.COM/B/GEMITTO/-/N-Q643LEP33RA
GEMMY	GEMMY	target.com	HTTPS://WWW.TARGET.COM/B/GEMMY/-/N-GOLF8
GEMMYAIRBLOWN	GEMMY	target.com	HTTPS://WWW.TARGET.COM/B/GEMMY/-/N-GOLF8
GEMMYAIRBLOWNINFLATABLES	GEMMY	target.com	HTTPS://WWW.TARGET.COM/B/GEMMY/-/N-GOLF8
GEMMYINFLATABLE	GEMMY	target.com	HTTPS://WWW.TARGET.COM/B/GEMMY/-/N-GOLF8
GEMMYINFLATEABLESHOLIDAY	GEMMY	target.com	HTTPS://WWW.TARGET.COM/B/GEMMY/-/N-GOLF8
GENCEUTICNATURALS	GENCEUTICNATURALS	target.com	HTTPS://WWW.TARGET.COM/B/GENCEUTIC-NATURALS/-/N-Q643LEWPA93
GENEALOGICALPUBLISHINGCOMPANY	GENEALOGICALPUBLISHINGCOMPANY	target.com	HTTPS://WWW.TARGET.COM/B/GENEALOGICAL-PUBLISHING-COMPANY/-/N-Q643LEOPGVP
GENERALELECTRICGE	GENERALELECTRIC	target.com	HTTPS://WWW.TARGET.COM/B/GENERAL-ELECTRIC/-/N-503TZ
GENERATION	OURGENERATION	target.com	HTTPS://WWW.TARGET.COM/B/OUR-GENERATION/-/N-5R27N
GENERATIONS	OURGENERATION	target.com	HTTPS://WWW.TARGET.COM/B/OUR-GENERATION/-/N-5R27N
GENERATIONY	OURGENERATION	target.com	HTTPS://WWW.TARGET.COM/B/OUR-GENERATION/-/N-5R27N
GENERATON	OURGENERATION	target.com	HTTPS://WWW.TARGET.COM/B/OUR-GENERATION/-/N-5R27N
GENESISKATALINA	CATALINACRUNCH	target.com	HTTPS://WWW.TARGET.COM/B/CATALINA-CRUNCH/-/N-Q643LEXN8Q5
GENETICLOSANGELES	GENETICLOSANGELES	target.com	HTTPS://WWW.TARGET.COM/B/GENETIC-LOS-ANGELES/-/N-Q643LEIX0CD
GENEVAHOMEFASHION	GENEVAHOMEFASHION	target.com	HTTPS://WWW.TARGET.COM/B/GENEVA-HOME-FASHION/-/N-GW1JS
GENEVAHOMEFASHIONS	GENEVAHOMEFASHION	target.com	HTTPS://WWW.TARGET.COM/B/GENEVA-HOME-FASHION/-/N-GW1JS
GENEXA	GENEXA	target.com	HTTPS://WWW.TARGET.COM/B/GENEXA/-/N-Q643LEL65IR
GENIECRAFTS	GENIECRAFTS	target.com	HTTPS://WWW.TARGET.COM/B/GENIE-CRAFTS/-/N-7SPP
GENIEUS	THEGENIUSBRAND	target.com	HTTPS://WWW.TARGET.COM/B/THE-GENIUS-BRAND/-/N-Q643LE3N67J
GENIUA	THEGENIUSBRAND	target.com	HTTPS://WWW.TARGET.COM/B/THE-GENIUS-BRAND/-/N-Q643LE3N67J
GENIUS	THEGENIUSBRAND	target.com	HTTPS://WWW.TARGET.COM/B/THE-GENIUS-BRAND/-/N-Q643LE3N67J
GENIUSDCOR	THEGENIUSBRAND	target.com	HTTPS://WWW.TARGET.COM/B/THE-GENIUS-BRAND/-/N-Q643LE3N67J
GENIUSGOURMET	GENIUSGOURMET	target.com	HTTPS://WWW.TARGET.COM/B/GENIUS-GOURMET/-/N-Q643LESCCGD
GENIUSHO	THEGENIUSBRAND	target.com	HTTPS://WWW.TARGET.COM/B/THE-GENIUS-BRAND/-/N-Q643LE3N67J
GENIUSNN	THEGENIUSBRAND	target.com	HTTPS://WWW.TARGET.COM/B/THE-GENIUS-BRAND/-/N-Q643LE3N67J
GENIUSPACK	GENIUSPACK	target.com	HTTPS://WWW.TARGET.COM/B/GENIUS-PACK/-/N-Q643LE51L48
GENME	GENME	target.com	HTTPS://WWW.TARGET.COM/B/GENME/-/N-Q643LEQ8BCB
GENTLEGIANTS	GENTLEGIANTS	target.com	HTTPS://WWW.TARGET.COM/B/GENTLE-GIANTS/-/N-ODB8V
GENUINEJOEPRODUCTS	GENUINEJOE	target.com	HTTPS://WWW.TARGET.COM/B/GENUINE-JOE/-/N-Q643LE2QNPZ
GEOCENTRAL	GEOCENTRAL	target.com	HTTPS://WWW.TARGET.COM/B/GEOCENTRAL/-/N-CVM8H
GEOFFREYBEENE	GEOFFREYBEENE	target.com	HTTPS://WWW.TARGET.COM/B/GEOFFREY-BEENE/-/N-Q643LEBEL10
GEOGRAPHICS	NATIONALGEOGRAPHIC	target.com	HTTPS://WWW.TARGET.COM/B/NATIONAL-GEOGRAPHIC/-/N-5QE70
GEOMAG	GEOMAG	target.com	HTTPS://WWW.TARGET.COM/B/GEOMAG/-/N-1S7VX
GEORGE	GEORGES	target.com	HTTPS://WWW.TARGET.COM/B/GEORGE-S/-/N-70XM
GEORGECLOTHING	GEORGES	target.com	HTTPS://WWW.TARGET.COM/B/GEORGE-S/-/N-70XM
GEORGECOMPANY	GEORGES	target.com	HTTPS://WWW.TARGET.COM/B/GEORGE-S/-/N-70XM
GEORGEFOREMAN	GEORGEFOREMAN	target.com	HTTPS://WWW.TARGET.COM/B/GEORGE-FOREMAN/-/N-5XVJC
GEORGELS	GEORGES	target.com	HTTPS://WWW.TARGET.COM/B/GEORGE-S/-/N-70XM
GEORGES	GEORGES	target.com	HTTPS://WWW.TARGET.COM/B/GEORGE-S/-/N-70XM
GEORGIABOOT	GEORGIABOOT	target.com	HTTPS://WWW.TARGET.COM/B/GEORGIA-BOOT/-/N-Q643LEHO4DK
GEOSMART	GEOSMART	target.com	HTTPS://WWW.TARGET.COM/B/GEOSMART/-/N-Q643LEFUC0T
GERARDCOSMETICS	GERARDCOSMETICS	target.com	HTTPS://WWW.TARGET.COM/B/GERARD-COSMETICS/-/N-Q643LE4JEGP
GERIBOO	HARIBO	target.com	HTTPS://WWW.TARGET.COM/B/HARIBO/-/N-5612J
GERICARE	GERICARE	target.com	HTTPS://WWW.TARGET.COM/B/GERICARE/-/N-Q643LEFAQXB
GERMERROAR	GERMGUARDIAN	target.com	HTTPS://WWW.TARGET.COM/B/GERM-GUARDIAN/-/N-5VHNC
GERMGUARD	GERMGUARDIAN	target.com	HTTPS://WWW.TARGET.COM/B/GERM-GUARDIAN/-/N-5VHNC
GESKE	GESKE	target.com	HTTPS://WWW.TARGET.COM/B/GESKE/-/N-Q643LE3ZOT0
GETREADYKIDS	GETREADYKIDS	target.com	HTTPS://WWW.TARGET.COM/B/GET-READY-KIDS/-/N-BCRCJ
GETSEASON	BUYSEASONS	target.com	HTTPS://WWW.TARGET.COM/B/BUYSEASONS/-/N-55C5W
GEVALIAKAFFE	GEVALIA	target.com	HTTPS://WWW.TARGET.COM/B/GEVALIA/-/N-55BTI
GEYERINSTRUCTIONALPRODUCTS	GEYERINSTRUCTIONAL	target.com	HTTPS://WWW.TARGET.COM/B/GEYER-INSTRUCTIONAL/-/N-Q643LEU50B9
GFGARDEN	GFGARDEN	target.com	HTTPS://WWW.TARGET.COM/B/GF-GARDEN/-/N-3LQZM
GFPET	GFPET	target.com	HTTPS://WWW.TARGET.COM/B/GF-PET/-/N-Q643LELQBJK
GFUEL	GFUEL	target.com	HTTPS://WWW.TARGET.COM/B/G-FUEL/-/N-Q643LEJQC4K
GGANZ	GANZ	target.com	HTTPS://WWW.TARGET.COM/B/GANZ/-/N-E6M15
GGOJ	GOJO	target.com	HTTPS://WWW.TARGET.COM/B/GOJO/-/N-Q643LE9PYIX
GGROSMIMI	GROSMIMI	target.com	HTTPS://WWW.TARGET.COM/B/GROSMIMI/-/N-Q643LE4RYPX
GHD	GHD	target.com	HTTPS://WWW.TARGET.COM/B/GHD/-/N-Q643LE4PK3X
GHDPROFESSIONAL	GHD	target.com	HTTPS://WWW.TARGET.COM/B/GHD/-/N-Q643LE4PK3X
GHIMS	HIMS	target.com	HTTPS://WWW.TARGET.COM/B/HIMS/-/N-LQ5OA
GHIRARDELLI	GHIRARDELLI	target.com	HTTPS://WWW.TARGET.COM/B/GHIRARDELLI/-/N-5B52V
GHIRARDELLICHOCOLATE	GHIRARDELLI	target.com	HTTPS://WWW.TARGET.COM/B/GHIRARDELLI/-/N-5B52V
GHIRARDELLICHOCOLATECOMPANY	GHIRARDELLI	target.com	HTTPS://WWW.TARGET.COM/B/GHIRARDELLI/-/N-5B52V
GHOSTCO	GHOST	target.com	HTTPS://WWW.TARGET.COM/B/GHOST/-/N-Q643LEVUASG
GHOSTFIRST	GHOST	target.com	HTTPS://WWW.TARGET.COM/B/GHOST/-/N-Q643LEVUASG
GHOSTLINE	GHOSTLINE	target.com	HTTPS://WWW.TARGET.COM/B/GHOSTLINE/-/N-Q643LE8JR2
GHOULISHPRODUCTIONS	GHOULISHPRODUCTIONS	target.com	HTTPS://WWW.TARGET.COM/B/GHOULISH-PRODUCTIONS/-/N-Q643LE93R0L
GHUBBLE	HUBBLECONNECTED	target.com	HTTPS://WWW.TARGET.COM/B/HUBBLE-CONNECTED/-/N-C4QN8
GHUGHES	GHUGHES	target.com	HTTPS://WWW.TARGET.COM/B/G-HUGHES/-/N-55N9J
GIAGNIVERNON	GIOVANNI	target.com	HTTPS://WWW.TARGET.COM/B/GIOVANNI/-/N-5T9AF
GIANTMICROBES	GIANTMICROBES	target.com	HTTPS://WWW.TARGET.COM/B/GIANTMICROBES/-/N-S9KWQ
GIANTSSOFTWARE	GIANTSSOFTWARE	target.com	HTTPS://WWW.TARGET.COM/B/GIANTS-SOFTWARE/-/N-Q643LEDQ2U9
GIANTVILLE	GIANTVILLE	target.com	HTTPS://WWW.TARGET.COM/B/GIANTVILLE/-/N-Q643LEDGSVL
GIARUSSA	GIARUSSA	target.com	HTTPS://WWW.TARGET.COM/B/GIA-RUSSA/-/N-Q643LEPHOV9
GIBBSSMITH	GIBBSSMITH	target.com	HTTPS://WWW.TARGET.COM/B/GIBBS-SMITH/-/N-Q643LERXQYC
GIBRALTARMAILBOXES	GIBRALTARMAILBOXES	target.com	HTTPS://WWW.TARGET.COM/B/GIBRALTAR-MAILBOXES/-/N-YBUJ0
GIBSONELITE	GIBSONELITE	target.com	HTTPS://WWW.TARGET.COM/B/GIBSON-ELITE/-/N-1A4H4
GIBSONHOME	GIBSONHOME	target.com	HTTPS://WWW.TARGET.COM/B/GIBSON-HOME/-/N-SNR0Z
GIBSONHOME9288816RMOGALLA16PIE	GIBSONHOME	target.com	HTTPS://WWW.TARGET.COM/B/GIBSON-HOME/-/N-SNR0Z
GIDYGO	GIGIO	target.com	HTTPS://WWW.TARGET.COM/B/GIGIO/-/N-Q643LEEBWXK
GIEAAO	GIGIO	target.com	HTTPS://WWW.TARGET.COM/B/GIGIO/-/N-Q643LEEBWXK
GIEEU	GUENERGY	target.com	HTTPS://WWW.TARGET.COM/B/GU-ENERGY/-/N-L310T
GIERGT	GEORGES	target.com	HTTPS://WWW.TARGET.COM/B/GEORGE-S/-/N-70XM
GIESIOE	GIJOE	target.com	HTTPS://WWW.TARGET.COM/B/G-I-JOE/-/N-Z69DD
GIFTGIANT	GIFTGIANT	target.com	HTTPS://WWW.TARGET.COM/B/GIFT-GIANT/-/N-Q643LEX330B
GIFTMARK	GIFTMARK	target.com	HTTPS://WWW.TARGET.COM/B/GIFT-MARK/-/N-5VLMK
GIGANTOSAURUS	GIGANTOSAURUS	target.com	HTTPS://WWW.TARGET.COM/B/GIGANTOSAURUS/-/N-Q643LEGGM42
GIGGEAR	GIGGEAR	target.com	HTTPS://WWW.TARGET.COM/B/GIG-GEAR/-/N-Q643LE5F1ZZ
GIGGLEBUZZ	GIGGLESCAPE	target.com	HTTPS://WWW.TARGET.COM/B/GIGGLESCAPE/-/N-Q643LEG227Q
GIGGLEGOODS	GIGGLESCAPE	target.com	HTTPS://WWW.TARGET.COM/B/GIGGLESCAPE/-/N-Q643LEG227Q
GIGGLESCAPE	GIGGLESCAPE	target.com	HTTPS://WWW.TARGET.COM/B/GIGGLESCAPE/-/N-Q643LEG227Q
GIGI	GIGI	target.com	HTTPS://WWW.TARGET.COM/B/GIGI/-/N-Q643LEPAICH
GIGIPET	GIGAPETS	target.com	HTTPS://WWW.TARGET.COM/B/GIGAPETS/-/N-Q643LESK4DY
GIGIWAX	GIGI	target.com	HTTPS://WWW.TARGET.COM/B/GIGI/-/N-Q643LEPAICH
GIGO	GIGO	target.com	HTTPS://WWW.TARGET.COM/B/GIGO/-/N-Q643LEL47IW
GIIO	GIGIO	target.com	HTTPS://WWW.TARGET.COM/B/GIGIO/-/N-Q643LEEBWXK
GIITOOA	GIGIO	target.com	HTTPS://WWW.TARGET.COM/B/GIGIO/-/N-Q643LEEBWXK
GILDAN	GILDAN	target.com	HTTPS://WWW.TARGET.COM/B/GILDAN/-/N-4Y6US
GILDANUSA	GILDAN	target.com	HTTPS://WWW.TARGET.COM/B/GILDAN/-/N-4Y6US
GILIDAN	GILDAN	target.com	HTTPS://WWW.TARGET.COM/B/GILDAN/-/N-4Y6US
GILLETTE	GILLETTE	target.com	HTTPS://WWW.TARGET.COM/B/GILLETTE/-/N-5R3XI
GILLYGRO	GILLYGRO	target.com	HTTPS://WWW.TARGET.COM/B/GILLYGRO/-/N-Q643LEMSI9Z
GILMOREGIRLS	GILMOREGIRLS	target.com	HTTPS://WWW.TARGET.COM/B/GILMORE-GIRLS/-/N-Q643LEPQHVG
GIMARS	GIMARS	target.com	HTTPS://WWW.TARGET.COM/B/GIMARS/-/N-Q643LES9MHS
GIMERS	GIMARS	target.com	HTTPS://WWW.TARGET.COM/B/GIMARS/-/N-Q643LES9MHS
GIMME	GIMMEBEAUTY	target.com	HTTPS://WWW.TARGET.COM/B/GIMME-BEAUTY/-/N-Q643LEMIM1H
GIMMEBEAUTY	GIMMEBEAUTY	target.com	HTTPS://WWW.TARGET.COM/B/GIMME-BEAUTY/-/N-Q643LEMIM1H
GIMMECLIPS	GIMMEBEAUTY	target.com	HTTPS://WWW.TARGET.COM/B/GIMME-BEAUTY/-/N-Q643LEMIM1H
GIMMEF	GIMMEBEAUTY	target.com	HTTPS://WWW.TARGET.COM/B/GIMME-BEAUTY/-/N-Q643LEMIM1H
GINGERPEOPLES	THEGINGERPEOPLE	target.com	HTTPS://WWW.TARGET.COM/B/THE-GINGER-PEOPLE/-/N-Q643LE1WVVR
GINGERRAY	GINGERRAY	target.com	HTTPS://WWW.TARGET.COM/B/GINGER-RAY/-/N-8G7SY
GINGERRAYGINGERRAYGINGERRAY	GINGERRAY	target.com	HTTPS://WWW.TARGET.COM/B/GINGER-RAY/-/N-8G7SY
GINSEY	GINSEY	target.com	HTTPS://WWW.TARGET.COM/B/GINSEY/-/N-5Y6AH
GIOBERTI	GIOBERTI	target.com	HTTPS://WWW.TARGET.COM/B/GIOBERTI/-/N-XN7U6
GIOUIEE	GIJOE	target.com	HTTPS://WWW.TARGET.COM/B/G-I-JOE/-/N-Z69DD
GIOVANNI	GIOVANNI	target.com	HTTPS://WWW.TARGET.COM/B/GIOVANNI/-/N-5T9AF
GIPHOJO	GIJOE	target.com	HTTPS://WWW.TARGET.COM/B/G-I-JOE/-/N-Z69DD
GIPOR	GOPRO	target.com	HTTPS://WWW.TARGET.COM/B/GOPRO/-/N-5CLLI
GIRGETITRIGHT	GIRGETITRIGHT	target.com	HTTPS://WWW.TARGET.COM/B/GIR-GET-IT-RIGHT/-/N-Q643LEHAL7U
GIRLZONE	GIRLZONE	target.com	HTTPS://WWW.TARGET.COM/B/GIRLZONE/-/N-Q643LEWRIT1
GITETE	GILLETTE	target.com	HTTPS://WWW.TARGET.COM/B/GILLETTE/-/N-5R3XI
GIUSTOSVITAGRAIN	GIUSTOSVITAGRAIN	target.com	HTTPS://WWW.TARGET.COM/B/GIUSTO-S-VITA-GRAIN/-/N-Q643LEH8F55
GIYOPS	GIJOE	target.com	HTTPS://WWW.TARGET.COM/B/G-I-JOE/-/N-Z69DD
GKELITE	GKELITE	target.com	HTTPS://WWW.TARGET.COM/B/GK-ELITE/-/N-Q643LEFE89J
GLACEAU	GLACEAU	target.com	HTTPS://WWW.TARGET.COM/B/GLACEAU/-/N-560VZ
GLACIERBAYWATERPIK	WATERPIK	target.com	HTTPS://WWW.TARGET.COM/B/WATERPIK/-/N-5XWBD
GLAD	GLAD	target.com	HTTPS://WWW.TARGET.COM/B/GLAD/-/N-5O3XY
GLADE	GLADE	target.com	HTTPS://WWW.TARGET.COM/B/GLADE/-/N-5XQ9Z
GLADEE	GLADE	target.com	HTTPS://WWW.TARGET.COM/B/GLADE/-/N-5XQ9Z
GLADEFRAGRANCE	GLADE	target.com	HTTPS://WWW.TARGET.COM/B/GLADE/-/N-5XQ9Z
GLADSPILL	GLAD	target.com	HTTPS://WWW.TARGET.COM/B/GLAD/-/N-5O3XY
GLAMGEN	GLAMNETIC	target.com	HTTPS://WWW.TARGET.COM/B/GLAMNETIC/-/N-Q643LEKWOOU
GLAMIST	GLAMNETIC	target.com	HTTPS://WWW.TARGET.COM/B/GLAMNETIC/-/N-Q643LEKWOOU
GLAMLILY	GLAMLILY	target.com	HTTPS://WWW.TARGET.COM/B/GLAMLILY/-/N-Q643LED45OL
GLAMNETIC	GLAMNETIC	target.com	HTTPS://WWW.TARGET.COM/B/GLAMNETIC/-/N-Q643LEKWOOU
GLAREWHEEL	GLAREWHEEL	target.com	HTTPS://WWW.TARGET.COM/B/GLAREWHEEL/-/N-Q643LEJPFA5
GLASFLENGTH	GLASFLENGTH	target.com	HTTPS://WWW.TARGET.COM/B/GLASFLENGTH/-/N-Q643LEXY0CO
GLASSLOCK	GLASSLOCK	target.com	HTTPS://WWW.TARGET.COM/B/GLASSLOCK/-/N-8IC1V
GLASSPLUS	GLASSPLUS	target.com	HTTPS://WWW.TARGET.COM/B/GLASS-PLUS/-/N-Q643LESLSLN
GLEEPET	GLEEPET	target.com	HTTPS://WWW.TARGET.COM/B/GLEEPET/-/N-Q643LEAQ45E
GLENWILLOW	GLENWILLOWHOME	target.com	HTTPS://WWW.TARGET.COM/B/GLENWILLOW-HOME/-/N-Q643LEBSRP5
GLENWILLOWHOME	GLENWILLOWHOME	target.com	HTTPS://WWW.TARGET.COM/B/GLENWILLOW-HOME/-/N-Q643LEBSRP5
GLITTERBABYZ	GLITTERBABYZ	target.com	HTTPS://WWW.TARGET.COM/B/GLITTER-BABYZ/-/N-Q643LEFH1PN
GLITTERGIRLS	GLITTERGIRLS	target.com	HTTPS://WWW.TARGET.COM/B/GLITTER-GIRLS/-/N-LCYN4
GLITZHOME	GLITZHOME	target.com	HTTPS://WWW.TARGET.COM/B/GLITZHOME/-/N-AKKI0
GLITZHOMECORPORATION	GLITZHOME	target.com	HTTPS://WWW.TARGET.COM/B/GLITZHOME/-/N-AKKI0
GLITZNOME	GLITZHOME	target.com	HTTPS://WWW.TARGET.COM/B/GLITZHOME/-/N-AKKI0
GLOBALHEALINGCENTER	GLOBALHEALING	target.com	HTTPS://WWW.TARGET.COM/B/GLOBAL-HEALING/-/N-Q643LEE5BPA
GLOBALPRINTEDPRODUCTS	GLOBALPRINTEDPRODUCTS	target.com	HTTPS://WWW.TARGET.COM/B/GLOBAL-PRINTED-PRODUCTS/-/N-Q643LE7WT4O
GLOBALVISIONEYEWEAR	GLOBALVISIONEYEWEAR	target.com	HTTPS://WWW.TARGET.COM/B/GLOBAL-VISION-EYEWEAR/-/N-Q643LEGS259
GLOBEELECTRIC	GLOBEELECTRIC	target.com	HTTPS://WWW.TARGET.COM/B/GLOBE-ELECTRIC/-/N-UWPU7
GLOBEELECTRICSTORE	GLOBEELECTRIC	target.com	HTTPS://WWW.TARGET.COM/B/GLOBE-ELECTRIC/-/N-UWPU7
GLOPALS	GLOPALS	target.com	HTTPS://WWW.TARGET.COM/B/GLO-PALS/-/N-V9ITN
GLORIAVANDERBILT	GLORIAVANDERBILT	target.com	HTTPS://WWW.TARGET.COM/B/GLORIA-VANDERBILT/-/N-Q643LE5GOB2
GLORIAVANDERBUILT	GLORIAVANDERBILT	target.com	HTTPS://WWW.TARGET.COM/B/GLORIA-VANDERBILT/-/N-Q643LE5GOB2
GLOSKINBEAUTY	GLOSKINBEAUTY	target.com	HTTPS://WWW.TARGET.COM/B/GLO-SKIN-BEAUTY/-/N-Q643LEOPFLN
GLOWGAMES	GLOWGAMES	target.com	HTTPS://WWW.TARGET.COM/B/GLOW-GAMES/-/N-Q643LE5VDIX
GLOWRXSKINCARE	GLOWRXSKINCARE	target.com	HTTPS://WWW.TARGET.COM/B/GLOWRX-SKINCARE/-/N-Q643LELSV0M
GLUCERNA	GLUCERNA	target.com	HTTPS://WWW.TARGET.COM/B/GLUCERNA/-/N-55FZP
GLUTENFREEPALACE	GLUTENFREEPALACE	target.com	HTTPS://WWW.TARGET.COM/B/GLUTEN-FREE-PALACE/-/N-Q643LEN05OL
GLUTINO	GLUTINO	target.com	HTTPS://WWW.TARGET.COM/B/GLUTINO/-/N-AXKVZ
GLYCERNA	GLUCERNA	target.com	HTTPS://WWW.TARGET.COM/B/GLUCERNA/-/N-55FZP
GMTGAMES	GMTGAMES	target.com	HTTPS://WWW.TARGET.COM/B/GMT-GAMES/-/N-2717A
GOAHOLIC	GOLINUTRITION	target.com	HTTPS://WWW.TARGET.COM/B/GOLI-NUTRITION/-/N-NCAK0
GOAROY	GOPRO	target.com	HTTPS://WWW.TARGET.COM/B/GOPRO/-/N-5CLLI
GOBE	GOBE	target.com	HTTPS://WWW.TARGET.COM/B/GOBE/-/N-Q643LEMU36P
GOBLIES	GOBLIES	target.com	HTTPS://WWW.TARGET.COM/B/GOBLIES/-/N-Q643LEB4XCA
GOBULB	GOVEE	target.com	HTTPS://WWW.TARGET.COM/B/GOVEE/-/N-Q643LEETFA9
GOCAPTAIN	GOCAPTAIN	target.com	HTTPS://WWW.TARGET.COM/B/GOCAPTAIN/-/N-Q643LECRSUE
GODDESSEY	GODDESSEY	target.com	HTTPS://WWW.TARGET.COM/B/GODDESSEY/-/N-Q643LEN9294
GODEER	GODEER	target.com	HTTPS://WWW.TARGET.COM/B/GODEER/-/N-Q643LEM3BR3
GODINGER	GODINGERSILVER	target.com	HTTPS://WWW.TARGET.COM/B/GODINGER-SILVER/-/N-Q643LEAFOXF
GODIVA	GODIVA	target.com	HTTPS://WWW.TARGET.COM/B/GODIVA/-/N-55TVB
GODIVACHOCOLATIER	GODIVA	target.com	HTTPS://WWW.TARGET.COM/B/GODIVA/-/N-55TVB
GOETZES	GOETZES	target.com	HTTPS://WWW.TARGET.COM/B/GOETZE-S/-/N-UNUHS
GOFIT	GOFIT	target.com	HTTPS://WWW.TARGET.COM/B/GOFIT/-/N-5E7X5
GOFLOATS	GOFLOATS	target.com	HTTPS://WWW.TARGET.COM/B/GOFLOATS/-/N-9A4FH
GOGAGA	GOGAGA	target.com	HTTPS://WWW.TARGET.COM/B/GO-GAGA/-/N-Q643LEO28TY
GOGOLDBUG	GOLDBUG	target.com	HTTPS://WWW.TARGET.COM/B/GOLDBUG/-/N-Q643LETXNTJ
GOGOSQUEEZ	GOGOSQUEEZ	target.com	HTTPS://WWW.TARGET.COM/B/GOGO-SQUEEZ/-/N-55MII
GOGOSQUEEZE	GOGOSQUEEZ	target.com	HTTPS://WWW.TARGET.COM/B/GOGO-SQUEEZ/-/N-55MII
GOGREENPOWER	GOGREENPOWER	target.com	HTTPS://WWW.TARGET.COM/B/GO-GREEN-POWER/-/N-Q643LEHT9VA
GOGREENPOWERINCORPORATED	GOGREENPOWER	target.com	HTTPS://WWW.TARGET.COM/B/GO-GREEN-POWER/-/N-Q643LEHT9VA
GOGRILLOS	GRILLOSPICKLES	target.com	HTTPS://WWW.TARGET.COM/B/GRILLO-S-PICKLES/-/N-249GR
GOGROOVE	GOGROOVE	target.com	HTTPS://WWW.TARGET.COM/B/GOGROOVE/-/N-Q643LEKSIX2
GOGROVE	GROVECO	target.com	HTTPS://WWW.TARGET.COM/B/GROVE-CO/-/N-Q643LE5SPLS
GOHERO	GOPRO	target.com	HTTPS://WWW.TARGET.COM/B/GOPRO/-/N-5CLLI
GOICOECHEA	GOICOECHEA	target.com	HTTPS://WWW.TARGET.COM/B/GOICOECHEA/-/N-Q643LE7Q2U9
GOJ	GOJO	target.com	HTTPS://WWW.TARGET.COM/B/GOJO/-/N-Q643LE9PYIX
GOJO	GOJO	target.com	HTTPS://WWW.TARGET.COM/B/GOJO/-/N-Q643LE9PYIX
GOLDBERGER	GOLDBERGER	target.com	HTTPS://WWW.TARGET.COM/B/GOLDBERGER/-/N-Q643LEVN1ET
GOLDBOND	GOLDBOND	target.com	HTTPS://WWW.TARGET.COM/B/GOLD-BOND/-/N-5QLUQ
GOLDBUG	GOLDBUG	target.com	HTTPS://WWW.TARGET.COM/B/GOLDBUG/-/N-Q643LETXNTJ
GOLDENBELL	GOLDENBELLCOLLECTION	target.com	HTTPS://WWW.TARGET.COM/B/GOLDEN-BELL-COLLECTION/-/N-V9HJV
GOLDENCOASTCUTLERY	COASTCUTLERY	target.com	HTTPS://WWW.TARGET.COM/B/COAST-CUTLERY/-/N-978KV
GOLDENEGGGAMES	GOLDENEGGGAMES	target.com	HTTPS://WWW.TARGET.COM/B/GOLDEN-EGG-GAMES/-/N-NZ55Y
GOLDENFARMSPRODUCTS	GOLDENFARMS	target.com	HTTPS://WWW.TARGET.COM/B/GOLDEN-FARMS/-/N-Q643LESQ4ZG
GOLDENFLAKE	GOLDENFLAKE	target.com	HTTPS://WWW.TARGET.COM/B/GOLDEN-FLAKE/-/N-CPDP2
GOLDENGIRLS	THEGOLDENGIRLS	target.com	HTTPS://WWW.TARGET.COM/B/THE-GOLDEN-GIRLS/-/N-IZP3L
GOLDENGRAHAM	GOLDENGRAHAMS	target.com	HTTPS://WWW.TARGET.COM/B/GOLDEN-GRAHAMS/-/N-3Q6XM
GOLDENGRAHAMS	GOLDENGRAHAMS	target.com	HTTPS://WWW.TARGET.COM/B/GOLDEN-GRAHAMS/-/N-3Q6XM
GOLDENISLAND	GOLDENISLAND	target.com	HTTPS://WWW.TARGET.COM/B/GOLDEN-ISLAND/-/N-Q643LEGI1G4
GOLDHARPMEDIA	GOLDHARPMEDIALTD	target.com	HTTPS://WWW.TARGET.COM/B/GOLD-HARP-MEDIA-LTD/-/N-Q643LESK0KR
GOLDIEBLOX	GOLDIEBLOX	target.com	HTTPS://WWW.TARGET.COM/B/GOLDIEBLOX/-/N-Q643LE9BP4N
GOLDLIONGEAR	GOLDLIONGEAR	target.com	HTTPS://WWW.TARGET.COM/B/GOLD-LION-GEAR/-/N-Q643LETVUEL
GOLDMINDSPUBLISHING	GOLDMINDSPUBLISHING	target.com	HTTPS://WWW.TARGET.COM/B/GOLDMINDS-PUBLISHING/-/N-Q643LEM8J43
GOLDPEAK	GOLDPEAK	target.com	HTTPS://WWW.TARGET.COM/B/GOLD-PEAK/-/N-560WR
GOLDSUN	GOLDSUN	target.com	HTTPS://WWW.TARGET.COM/B/GOLDSUN/-/N-Q643LEXIF07
GOLDSUNPRODUCTS	GOLDSUN	target.com	HTTPS://WWW.TARGET.COM/B/GOLDSUN/-/N-Q643LEXIF07
GOLDTOE	GOLDTOE	target.com	HTTPS://WWW.TARGET.COM/B/GOLDTOE/-/N-Q643LEWF7OM
GOLDTOEGOLDTOEGOLDTOE	GOLDTOE	target.com	HTTPS://WWW.TARGET.COM/B/GOLDTOE/-/N-Q643LEWF7OM
GOLDWORLD	GOLDWORLD	target.com	HTTPS://WWW.TARGET.COM/B/GOLDWORLD/-/N-Q643LEYV0I3
GOLETICS	GOSPORTS	target.com	HTTPS://WWW.TARGET.COM/B/GOSPORTS/-/N-Q643LE4K3OD
GOLFGIFTSGALLERY	GOLFGIFTSANDGALLERY	target.com	HTTPS://WWW.TARGET.COM/B/GOLF-GIFTS-AND-GALLERY/-/N-Q643LEEYQ4C
GOLINUTRITION	GOLINUTRITION	target.com	HTTPS://WWW.TARGET.COM/B/GOLI-NUTRITION/-/N-NCAK0
GOLIOKLSY	GOLINUTRITION	target.com	HTTPS://WWW.TARGET.COM/B/GOLI-NUTRITION/-/N-NCAK0
GOLLANCZ	GOLLANCZ	target.com	HTTPS://WWW.TARGET.COM/B/GOLLANCZ/-/N-Q643LE7VHLW
GOLONDY	GOLINUTRITION	target.com	HTTPS://WWW.TARGET.COM/B/GOLI-NUTRITION/-/N-NCAK0
GOLUFOMI	GOLINUTRITION	target.com	HTTPS://WWW.TARGET.COM/B/GOLI-NUTRITION/-/N-NCAK0
GOLUODCK	GOLINUTRITION	target.com	HTTPS://WWW.TARGET.COM/B/GOLI-NUTRITION/-/N-NCAK0
GOMACRO	GOMACRO	target.com	HTTPS://WWW.TARGET.COM/B/GOMACRO/-/N-ZHP6R
GONE	GOOGONE	target.com	HTTPS://WWW.TARGET.COM/B/GOO-GONE/-/N-55DCA
GONGE	GONGE	target.com	HTTPS://WWW.TARGET.COM/B/GONGE/-/N-1DNO9
GOOD2GROW	GOOD2GROW	target.com	HTTPS://WWW.TARGET.COM/B/GOOD2GROW/-/N-I1WZD
GOODANDGATHE	GOODGATHER	target.com	HTTPS://WWW.TARGET.COM/B/GOOD-GATHER/-/N-YFQZK
GOODBABY	GOODBABY	target.com	HTTPS://WWW.TARGET.COM/B/GOODBABY/-/N-1DUXR
GOODBABYGOODBABY	GOODBABY	target.com	HTTPS://WWW.TARGET.COM/B/GOODBABY/-/N-1DUXR
GOODBEAN	THEGOODBEAN	target.com	HTTPS://WWW.TARGET.COM/B/THE-GOOD-BEAN/-/N-V5KE5
GOODBOOKCO	GOODBOOKCO	target.com	HTTPS://WWW.TARGET.COM/B/GOOD-BOOK-CO/-/N-Q643LEKRVKD
GOODCHEMISTRY	GOODCHEMISTRY	target.com	HTTPS://WWW.TARGET.COM/B/GOOD-CHEMISTRY/-/N-A79HS
GOODCHOICE	BESTCHOICEPRODUCTS	target.com	HTTPS://WWW.TARGET.COM/B/BEST-CHOICE-PRODUCTS/-/N-Q643LE2DWGZ
GOODCLEAN	GOODCLEANLOVE	target.com	HTTPS://WWW.TARGET.COM/B/GOOD-CLEAN-LOVE/-/N-4Y4DS
GOODCLEANLOVE	GOODCLEANLOVE	target.com	HTTPS://WWW.TARGET.COM/B/GOOD-CLEAN-LOVE/-/N-4Y4DS
GOODCOOK	GOODCOOK	target.com	HTTPS://WWW.TARGET.COM/B/GOODCOOK/-/N-Q643LER3LE8
GOODCOOKING	GOODCOOK	target.com	HTTPS://WWW.TARGET.COM/B/GOODCOOK/-/N-Q643LER3LE8
GOODDIRECTIONS	GOODDIRECTIONS	target.com	HTTPS://WWW.TARGET.COM/B/GOOD-DIRECTIONS/-/N-Q643LE25FQN
GOODDIRECTIONSSTORE	GOODDIRECTIONS	target.com	HTTPS://WWW.TARGET.COM/B/GOOD-DIRECTIONS/-/N-Q643LE25FQN
GOODEE	GOODEE	target.com	HTTPS://WWW.TARGET.COM/B/GOODEE/-/N-Q643LE7QKVD
GOODFELLOW	GOODFELLOWCO	target.com	HTTPS://WWW.TARGET.COM/B/GOODFELLOW-CO/-/N-RCV2G
GOODFELLOWANDCOMPANY	GOODFELLOWCO	target.com	HTTPS://WWW.TARGET.COM/B/GOODFELLOW-CO/-/N-RCV2G
GOODFELLOWCO	GOODFELLOWCO	target.com	HTTPS://WWW.TARGET.COM/B/GOODFELLOW-CO/-/N-RCV2G
GOODFUL	GOODFUL	target.com	HTTPS://WWW.TARGET.COM/B/GOODFUL/-/N-Q643LE3GPQJ
GOODGATHER	GOODGATHER	target.com	HTTPS://WWW.TARGET.COM/B/GOOD-GATHER/-/N-YFQZK
GOODGOJO	GOJO	target.com	HTTPS://WWW.TARGET.COM/B/GOJO/-/N-Q643LE9PYIX
GOODGRAM	GOODGRAM	target.com	HTTPS://WWW.TARGET.COM/B/GOODGRAM/-/N-Q643LEHQ1GH
GOODHEALTH	GOODHEALTH	target.com	HTTPS://WWW.TARGET.COM/B/GOOD-HEALTH/-/N-4Y9HK
GOODHOUSEKEEPING	GOODHOUSEKEEPING	target.com	HTTPS://WWW.TARGET.COM/B/GOOD-HOUSEKEEPING/-/N-Q643LELIE9R
GOODIDEA	GOODIDEAS	target.com	HTTPS://WWW.TARGET.COM/B/GOOD-IDEAS/-/N-54UJ2
GOODIELLOWCO	GOODFELLOWCO	target.com	HTTPS://WWW.TARGET.COM/B/GOODFELLOW-CO/-/N-RCV2G
GOODIETWOSLEEVES	GOODIETWOSLEEVES	target.com	HTTPS://WWW.TARGET.COM/B/GOODIE-TWO-SLEEVES/-/N-Q643LEMX1JD
GOODLES	GOODLES	target.com	HTTPS://WWW.TARGET.COM/B/GOODLES/-/N-Q643LEKZPNM
GOODMANS	GOODMANS	target.com	HTTPS://WWW.TARGET.COM/B/GOODMANS/-/N-Q643LESCXNI
GOODMOLECULES	GOODMOLECULES	target.com	HTTPS://WWW.TARGET.COM/B/GOOD-MOLECULES/-/N-Q643LEUIP29
GOODNATURED	GOODNATUREDPRODUCTS	target.com	HTTPS://WWW.TARGET.COM/B/GOOD-NATURED-PRODUCTS/-/N-Q643LEXX7IQ
GOODNATUREDPRODUCTS	GOODNATUREDPRODUCTS	target.com	HTTPS://WWW.TARGET.COM/B/GOOD-NATURED-PRODUCTS/-/N-Q643LEXX7IQ
GOODNEST	GOODNEST	target.com	HTTPS://WWW.TARGET.COM/B/GOODNEST/-/N-Q643LE7VTFG
GOODNEWSMEDITATIONS	GOODNEWSMEDITATIONSKIDS	target.com	HTTPS://WWW.TARGET.COM/B/GOOD-NEWS-MEDITATIONS-KIDS/-/N-Q643LEJYR9J
GOODNFUN	GOODNFUN	target.com	HTTPS://WWW.TARGET.COM/B/GOOD-N-FUN/-/N-Q643LEBSLPT
GOODNIGHTBOOKS	GOODNIGHTBOOKS	target.com	HTTPS://WWW.TARGET.COM/B/GOOD-NIGHT-BOOKS/-/N-Q643LETWDF7
GOODNITES	GOODNITES	target.com	HTTPS://WWW.TARGET.COM/B/GOODNITES/-/N-4ST0N
GOODNITESDRIVE	GOODNITES	target.com	HTTPS://WWW.TARGET.COM/B/GOODNITES/-/N-4ST0N
GOODOFFICEDAY	GOODOFFICEDAY	target.com	HTTPS://WWW.TARGET.COM/B/GOOD-OFFICE-DAY/-/N-Q643LES79KR
GOODPLENTY	GOODPLENTY	target.com	HTTPS://WWW.TARGET.COM/B/GOOD-PLENTY/-/N-YPB1X
GOODPOWSUP	GOODPOP	target.com	HTTPS://WWW.TARGET.COM/B/GOODPOP/-/N-Q643LEPOGG3
GOODR	GOODR	target.com	HTTPS://WWW.TARGET.COM/B/GOODR/-/N-Q643LEC6BBD
GOODSEASONS	GOODSEASONS	target.com	HTTPS://WWW.TARGET.COM/B/GOOD-SEASONS/-/N-560VF
GOODSENSE	GOODSENSE	target.com	HTTPS://WWW.TARGET.COM/B/GOOD-SENSE/-/N-4Y54B
GOODSENSESECURITY	GOODSENSE	target.com	HTTPS://WWW.TARGET.COM/B/GOOD-SENSE/-/N-4Y54B
GOODSMILECOMPANY	GOODSMILECOMPANY	target.com	HTTPS://WWW.TARGET.COM/B/GOOD-SMILE-COMPANY/-/N-4XV2P
GOODWIPES	GOODWIPES	target.com	HTTPS://WWW.TARGET.COM/B/GOODWIPES/-/N-UXEU4
GOODXEN	GOODSENSE	target.com	HTTPS://WWW.TARGET.COM/B/GOOD-SENSE/-/N-4Y54B
GOODXEN	GOODCENTS	target.com	HTTPS://WWW.TARGET.COM/B/GOODCENTS/-/N-H8B1O
GOODY	GOODY	target.com	HTTPS://WWW.TARGET.COM/B/GOODY/-/N-5SBZ1
GOODYH	GOODY	target.com	HTTPS://WWW.TARGET.COM/B/GOODY/-/N-5SBZ1
GOODYPRODUCTS	GOODY	target.com	HTTPS://WWW.TARGET.COM/B/GOODY/-/N-5SBZ1
GOODYPRODUCTS	GOODYS	target.com	HTTPS://WWW.TARGET.COM/B/GOODY-S/-/N-Q643LEX12XE
GOODYS	GOODYS	target.com	HTTPS://WWW.TARGET.COM/B/GOODY-S/-/N-Q643LEX12XE
GOODYU	GOODY	target.com	HTTPS://WWW.TARGET.COM/B/GOODY/-/N-5SBZ1
GOOFFY	GOOFY	target.com	HTTPS://WWW.TARGET.COM/B/GOOFY/-/N-E6S3P
GOOGONEGORILLAELMERS	GOOGLE	target.com	HTTPS://WWW.TARGET.COM/B/GOOGLE/-/N-565GG
GOOGONEGORILLAELMERS	GOOGONE	target.com	HTTPS://WWW.TARGET.COM/B/GOO-GONE/-/N-55DCA
GOOJITZU	GOOJITZU	target.com	HTTPS://WWW.TARGET.COM/B/GOO-JIT-ZU/-/N-K4IRT
GOOSEISLAND	GOOSEISLANDBEERCO	target.com	HTTPS://WWW.TARGET.COM/B/GOOSE-ISLAND-BEER-CO/-/N-X0BKY
GOPETCLUB	GOPETCLUB	target.com	HTTPS://WWW.TARGET.COM/B/GO-PET-CLUB/-/N-Q643LEU5O34
GOPHERHAWK	GOPHERHAWK	target.com	HTTPS://WWW.TARGET.COM/B/GOPHERHAWK/-/N-Q643LE4QY0O
GOPONG	GOPONG	target.com	HTTPS://WWW.TARGET.COM/B/GOPONG/-/N-Q643LEGTMVH
GOPOP	GOPRO	target.com	HTTPS://WWW.TARGET.COM/B/GOPRO/-/N-5CLLI
GOPOWERBIKE	GOPOWERBIKE	target.com	HTTPS://WWW.TARGET.COM/B/GOPOWERBIKE/-/N-Q643LETA9KT
GOPRO	GOPRO	target.com	HTTPS://WWW.TARGET.COM/B/GOPRO/-/N-5CLLI
GOPROCAMERA	GOPRO	target.com	HTTPS://WWW.TARGET.COM/B/GOPRO/-/N-5CLLI
GOPROVER	GOPRO	target.com	HTTPS://WWW.TARGET.COM/B/GOPRO/-/N-5CLLI
GORILLA	GORILLA	target.com	HTTPS://WWW.TARGET.COM/B/GORILLA/-/N-55XXF
GORILLACART	GORILLACARTS	target.com	HTTPS://WWW.TARGET.COM/B/GORILLA-CARTS/-/N-4TGYI
GORILLACARTS	GORILLACARTS	target.com	HTTPS://WWW.TARGET.COM/B/GORILLA-CARTS/-/N-4TGYI
GORILLAGLU	GORILLA	target.com	HTTPS://WWW.TARGET.COM/B/GORILLA/-/N-55XXF
GORILLAGLUE	GORILLA	target.com	HTTPS://WWW.TARGET.COM/B/GORILLA/-/N-55XXF
GOROPO	GOPRO	target.com	HTTPS://WWW.TARGET.COM/B/GOPRO/-/N-5CLLI
GORPORE	GOPRO	target.com	HTTPS://WWW.TARGET.COM/B/GOPRO/-/N-5CLLI
GORRILLACART	GORILLACARTS	target.com	HTTPS://WWW.TARGET.COM/B/GORILLA-CARTS/-/N-4TGYI
GOSHI	GOSHI	target.com	HTTPS://WWW.TARGET.COM/B/GOSHI/-/N-Q643LE7CHGN
GOSMILE	GOSMILE	target.com	HTTPS://WWW.TARGET.COM/B/GO-SMILE/-/N-K968
GOSPORT	GOSPORTS	target.com	HTTPS://WWW.TARGET.COM/B/GOSPORTS/-/N-Q643LE4K3OD
GOSPORTS	GOSPORTS	target.com	HTTPS://WWW.TARGET.COM/B/GOSPORTS/-/N-Q643LE4K3OD
GOSPORTSVL	GOSPORTS	target.com	HTTPS://WWW.TARGET.COM/B/GOSPORTS/-/N-Q643LE4K3OD
GOT	GAMEOFTHRONES	target.com	HTTPS://WWW.TARGET.COM/B/GAME-OF-THRONES/-/N-Q45Q6
GOT2B	GOT2B	target.com	HTTPS://WWW.TARGET.COM/B/GOT2B/-/N-55REK
GOTGELIF	GOTGELIF	target.com	HTTPS://WWW.TARGET.COM/B/GOTGELIF/-/N-Q643LE1KAXI
GOTIMEGEAR	GOTIMEGEAR	target.com	HTTPS://WWW.TARGET.COM/B/GO-TIME-GEAR/-/N-Q643LEOQVJ3
GOTRAX	GOTRAX	target.com	HTTPS://WWW.TARGET.COM/B/GOTRAX/-/N-Q643LERJRH5
GOUMIKIDS	GOUMIKIDS	target.com	HTTPS://WWW.TARGET.COM/B/GOUMIKIDS/-/N-AHIFT
GOUNULI	GOLINUTRITION	target.com	HTTPS://WWW.TARGET.COM/B/GOLI-NUTRITION/-/N-NCAK0
GOURMAC	GOURMAC	target.com	HTTPS://WWW.TARGET.COM/B/GOURMAC/-/N-Q643LE85R9M
GOURMANITY	GOURMANITY	target.com	HTTPS://WWW.TARGET.COM/B/GOURMANITY/-/N-Q643LE2D7PS
GOURMETBASICS	GOURMETBASICS	target.com	HTTPS://WWW.TARGET.COM/B/GOURMET-BASICS/-/N-Q643LE4ZQOR
GOURMETDUVILLAGE	GOURMETDUVILLAGE	target.com	HTTPS://WWW.TARGET.COM/B/GOURMET-DU-VILLAGE/-/N-Q643LEZGISU
GOURMIA	GOURMIA	target.com	HTTPS://WWW.TARGET.COM/B/GOURMIA/-/N-QHFWE
GOVEE	GOVEE	target.com	HTTPS://WWW.TARGET.COM/B/GOVEE/-/N-Q643LEETFA9
GOVEEGOVEE	GOVEE	target.com	HTTPS://WWW.TARGET.COM/B/GOVEE/-/N-Q643LEETFA9
GOXT	GOXT	target.com	HTTPS://WWW.TARGET.COM/B/GOXT/-/N-Q643LE3LQU0
GOYA	GOYA	target.com	HTTPS://WWW.TARGET.COM/B/GOYA/-/N-GMBM6
GOYHA	GOYA	target.com	HTTPS://WWW.TARGET.COM/B/GOYA/-/N-GMBM6
GPCT	GPCT	target.com	HTTPS://WWW.TARGET.COM/B/GPCT/-/N-Q643LEX9N6U
GPPUTNAMSSONS	GPPUTNAMSSONS	target.com	HTTPS://WWW.TARGET.COM/B/G-P-PUTNAM-S-SONS/-/N-Q643LE3LLW9
GRAATEHEARRT	GRAETERS	target.com	HTTPS://WWW.TARGET.COM/B/GRAETER-S/-/N-J6FJQ
GRABBIT	GRABBIT	target.com	HTTPS://WWW.TARGET.COM/B/GRABBIT/-/N-Q643LEHDU2A
GRABEASE	GRABEASE	target.com	HTTPS://WWW.TARGET.COM/B/GRABEASE/-/N-Q643LEC3BOX
GRACEANDSTELLA	GRACESTELLA	target.com	HTTPS://WWW.TARGET.COM/B/GRACE-STELLA/-/N-Q643LERVEVC
GRACEGRACE	GRACESTELLA	target.com	HTTPS://WWW.TARGET.COM/B/GRACE-STELLA/-/N-Q643LERVEVC
GRACESTELLA	GRACESTELLA	target.com	HTTPS://WWW.TARGET.COM/B/GRACE-STELLA/-/N-Q643LERVEVC
GRACESTELLACO	GRACESTELLA	target.com	HTTPS://WWW.TARGET.COM/B/GRACE-STELLA/-/N-Q643LERVEVC
GRACIALUXLIVING	GRACIOUSLIVING	target.com	HTTPS://WWW.TARGET.COM/B/GRACIOUS-LIVING/-/N-9AMRN
GRACIEMILLS	GRACIEMILLS	target.com	HTTPS://WWW.TARGET.COM/B/GRACIE-MILLS/-/N-Q643LE16R0N
GRACIOUSLIVING	GRACIOUSLIVING	target.com	HTTPS://WWW.TARGET.COM/B/GRACIOUS-LIVING/-/N-9AMRN
GRACIOUSLIVINGCORP	GRACIOUSLIVING	target.com	HTTPS://WWW.TARGET.COM/B/GRACIOUS-LIVING/-/N-9AMRN
GRACIOUSLIVINGCORPORA	GRACIOUSLIVING	target.com	HTTPS://WWW.TARGET.COM/B/GRACIOUS-LIVING/-/N-9AMRN
GRACIOUSLIVINGCORPORATION	GRACIOUSLIVING	target.com	HTTPS://WWW.TARGET.COM/B/GRACIOUS-LIVING/-/N-9AMRN
GRACIOUSLIVINGINNOVATIONS	GRACIOUSLIVING	target.com	HTTPS://WWW.TARGET.COM/B/GRACIOUS-LIVING/-/N-9AMRN
GRACO	GRACO	target.com	HTTPS://WWW.TARGET.COM/B/GRACO/-/N-5Y6UA
GRACO0	GRACO	target.com	HTTPS://WWW.TARGET.COM/B/GRACO/-/N-5Y6UA
GRACOBABY	GRACO	target.com	HTTPS://WWW.TARGET.COM/B/GRACO/-/N-5Y6UA
GRACOLED	GRACO	target.com	HTTPS://WWW.TARGET.COM/B/GRACO/-/N-5Y6UA
GRACOS	GRACO	target.com	HTTPS://WWW.TARGET.COM/B/GRACO/-/N-5Y6UA
GRAFIX	GRAFIX	target.com	HTTPS://WWW.TARGET.COM/B/GRAFIX/-/N-5DP4E
GRAHAMANDBROWN	GRAHAMBROWN	target.com	HTTPS://WWW.TARGET.COM/B/GRAHAM-BROWN/-/N-54XGI
GRAHAMBROWN	GRAHAMBROWN	target.com	HTTPS://WWW.TARGET.COM/B/GRAHAM-BROWN/-/N-54XGI
GRAHAMFIELD	GRAHAMFIELD	target.com	HTTPS://WWW.TARGET.COM/B/GRAHAM-FIELD/-/N-Q643LEHZ8J
GRAINPLACEFOODS	GRAINPLACEFOODS	target.com	HTTPS://WWW.TARGET.COM/B/GRAIN-PLACE-FOODS/-/N-Q643LECW18X
GRANANDROSI	GRANROSI	target.com	HTTPS://WWW.TARGET.COM/B/GRANROSI/-/N-Q643LE6269F
GRANDCENTRALLIFESTYLE	GRANDCENTRALLIFESTYLE	target.com	HTTPS://WWW.TARGET.COM/B/GRAND-CENTRAL-LIFE-STYLE/-/N-Q643LER08TA
GRANDFUSION	GRANDFUSION	target.com	HTTPS://WWW.TARGET.COM/B/GRAND-FUSION/-/N-Q643LEJ3ONI
GRANDHOMECRAFTS	HOMECRAFT	target.com	HTTPS://WWW.TARGET.COM/B/HOMECRAFT/-/N-Q643LELF75D
GRANDPABECKSGAMES	GRANDPABECKSGAMES	target.com	HTTPS://WWW.TARGET.COM/B/GRANDPA-BECK-S-GAMES/-/N-3BQ3V
GRANDPASBEST	GRANDPASBEST	target.com	HTTPS://WWW.TARGET.COM/B/GRANDPA-S-BEST/-/N-Q643LE9WSV9
GRANDPATIO	GRANDPATIO	target.com	HTTPS://WWW.TARGET.COM/B/GRAND-PATIO/-/N-Q643LE16WUQ
GRANDPRODUCTS	100GRAND	target.com	HTTPS://WWW.TARGET.COM/B/100-GRAND/-/N-Q643LEPDFDN
GRANITEGOLD	GRANITEGOLD	target.com	HTTPS://WWW.TARGET.COM/B/GRANITE-GOLD/-/N-Q643LEAV4DF
GRANITESTONE	GRANITESTONE	target.com	HTTPS://WWW.TARGET.COM/B/GRANITESTONE/-/N-Q643LE9P4DS
GRANITEWARE	GRANITEWARE	target.com	HTTPS://WWW.TARGET.COM/B/GRANITE-WARE/-/N-Q643LEIQLDJ
GRANROSI	GRANROSI	target.com	HTTPS://WWW.TARGET.COM/B/GRANROSI/-/N-Q643LE6269F
GRASSHOLE	GRASSHOLE	target.com	HTTPS://WWW.TARGET.COM/B/GRASSHOLE/-/N-Q643LEXC6HO
GRATEFULDEAD	GRATEFULDEAD	target.com	HTTPS://WWW.TARGET.COM/B/GRATEFUL-DEAD/-/N-4YK8R
GRAVELTUFF	GRAVELTUFF	target.com	HTTPS://WWW.TARGET.COM/B/GRAVEL-TUFF/-/N-Q643LEC636Y
GRAVITYDEFYER	GRAVITYDEFYER	target.com	HTTPS://WWW.TARGET.COM/B/GRAVITY-DEFYER/-/N-Q643LEC1I1J
GRAVITYSTANDS	GRAVITYSTANDS	target.com	HTTPS://WWW.TARGET.COM/B/GRAVITY-STANDS/-/N-Q643LETGAH5
GRAYSONCOLLECTIVE	GRAYSONCOLLECTIVE	target.com	HTTPS://WWW.TARGET.COM/B/GRAYSON-COLLECTIVE/-/N-Q643LEO1S9J
GRAYSONMINI	GRAYSONMINI	target.com	HTTPS://WWW.TARGET.COM/B/GRAYSON-MINI/-/N-ZCYS6
GRAYSONTHREADS	GRAYSONTHREADS	target.com	HTTPS://WWW.TARGET.COM/B/GRAYSON-THREADS/-/N-IMTXG
GRAYSONTHREADSKIDS	GRAYSONTHREADSKIDS	target.com	HTTPS://WWW.TARGET.COM/B/GRAYSON-THREADS-KIDS/-/N-Q643LEL1MEI
GRAYSONTHREADSKIDS	GRAYSONTHREADS	target.com	HTTPS://WWW.TARGET.COM/B/GRAYSON-THREADS/-/N-IMTXG
GRAYWOLFPRESS	GRAYWOLFPRESS	target.com	HTTPS://WWW.TARGET.COM/B/GRAYWOLF-PRESS/-/N-Q643LEVIAJM
GREATBAY	GREATBAYHOME	target.com	HTTPS://WWW.TARGET.COM/B/GREAT-BAY-HOME/-/N-PTOA4
GREATBAYHOME	GREATBAYHOME	target.com	HTTPS://WWW.TARGET.COM/B/GREAT-BAY-HOME/-/N-PTOA4
GREATBAYHOMEFASHIONS	GREATBAYHOME	target.com	HTTPS://WWW.TARGET.COM/B/GREAT-BAY-HOME/-/N-PTOA4
GREATCHOICE	BESTCHOICEPRODUCTS	target.com	HTTPS://WWW.TARGET.COM/B/BEST-CHOICE-PRODUCTS/-/N-Q643LE2DWGZ
GREATCIRCLEUSA	GREATCIRCLEUSA	target.com	HTTPS://WWW.TARGET.COM/B/GREATCIRCLEUSA/-/N-Q643LE2JC9V
GREATEASTERN	GREATEASTERNENTERTAINMENTCO	target.com	HTTPS://WWW.TARGET.COM/B/GREAT-EASTERN-ENTERTAINMENT-CO-INC/-/N-F29WK
GREATEASTERNENTERTAINMENT	GREATEASTERNENTERTAINMENTCO	target.com	HTTPS://WWW.TARGET.COM/B/GREAT-EASTERN-ENTERTAINMENT-CO-INC/-/N-F29WK
GREATERTHANGAMES	GREATERTHANGAMES	target.com	HTTPS://WWW.TARGET.COM/B/GREATER-THAN-GAMES/-/N-9Z8NU
GREATGRAINS	GREATGRAINS	target.com	HTTPS://WWW.TARGET.COM/B/GREAT-GRAINS/-/N-55CAA
GREATLUCKY	LUCKYBRAND	target.com	HTTPS://WWW.TARGET.COM/B/LUCKY-BRAND/-/N-Q643LE9U2TH
GREATNORTHENPOPCORN	GREATNORTHERNPOPCORN	target.com	HTTPS://WWW.TARGET.COM/B/GREAT-NORTHERN-POPCORN/-/N-Q643LELSDCA
GREATNORTHERNPOPCORN	GREATNORTHERNPOPCORN	target.com	HTTPS://WWW.TARGET.COM/B/GREAT-NORTHERN-POPCORN/-/N-Q643LELSDCA
GREATNORTHERNPOPCORNCOMPANY	GREATNORTHERNPOPCORN	target.com	HTTPS://WWW.TARGET.COM/B/GREAT-NORTHERN-POPCORN/-/N-Q643LELSDCA
GREATPAPERS	GREATPAPERS	target.com	HTTPS://WWW.TARGET.COM/B/GREAT-PAPERS/-/N-VS34Z
GREATSHIELD	GREATSHIELD	target.com	HTTPS://WWW.TARGET.COM/B/GREAT-SHIELD/-/N-Q643LE2IOO3
GREATSMILE	GOODSMILECOMPANY	target.com	HTTPS://WWW.TARGET.COM/B/GOOD-SMILE-COMPANY/-/N-4XV2P
GREATTIDE	TIDE	target.com	HTTPS://WWW.TARGET.COM/B/TIDE/-/N-5D8Y6
GRECUTE	CRICUT	target.com	HTTPS://WWW.TARGET.COM/B/CRICUT/-/N-V8AGU
GREELIFE	GREENLIFE	target.com	HTTPS://WWW.TARGET.COM/B/GREENLIFE/-/N-6IZA4
GREEMOTION	GREEMOTIONUSA	target.com	HTTPS://WWW.TARGET.COM/B/GREEMOTION-USA/-/N-Q643LEMVEUT
GREEN2	GREEN2	target.com	HTTPS://WWW.TARGET.COM/B/GREEN2/-/N-Q643LEAVMEA
GREEN2	GREEN2	target.com	HTTPS://WWW.TARGET.COM/B/GREEN-2/-/N-Q643LEEV2Q0
GREENBAMBOOPUBLISHING	GREENBAMBOOPUBLISHING	target.com	HTTPS://WWW.TARGET.COM/B/GREEN-BAMBOO-PUBLISHING/-/N-Q643LE3RFSS
GREENBISCUIT	GREENBISCUIT	target.com	HTTPS://WWW.TARGET.COM/B/GREEN-BISCUIT/-/N-Q643LEN091C
GREENCOLA	GREENCOLA	target.com	HTTPS://WWW.TARGET.COM/B/GREEN-COLA/-/N-Q643LEXNMN2
GREENDAY	GREENDAY	target.com	HTTPS://WWW.TARGET.COM/B/GREEN-DAY/-/N-Q643LER2T34
GREENDAYCP	GREENDAY	target.com	HTTPS://WWW.TARGET.COM/B/GREEN-DAY/-/N-Q643LER2T34
GREENEOS	EOS	target.com	HTTPS://WWW.TARGET.COM/B/EOS/-/N-T73CK
GREENEVER	GREENEVER	target.com	HTTPS://WWW.TARGET.COM/B/GREENEVER/-/N-Q643LEM9K5H
GREENGOBBLER	GREENGOBBLER	target.com	HTTPS://WWW.TARGET.COM/B/GREEN-GOBBLER/-/N-Q643LE3AE9U
GREENIES	GREENIES	target.com	HTTPS://WWW.TARGET.COM/B/GREENIES/-/N-Q643LENNQGB
GREENINSPIRED	GREENINSPIRED	target.com	HTTPS://WWW.TARGET.COM/B/GREEN-INSPIRED/-/N-4TGN0
GREENLANDFASHION	GREENLANDHOMEFASHIONS	target.com	HTTPS://WWW.TARGET.COM/B/GREENLAND-HOME-FASHIONS/-/N-Q643LEA8ETK
GREENLANDHOMEFASHIONS	GREENLANDHOMEFASHIONS	target.com	HTTPS://WWW.TARGET.COM/B/GREENLAND-HOME-FASHIONS/-/N-Q643LEA8ETK
GREENLEAFBOOKGROUP	GREENLEAFBOOKGROUPPRESS	target.com	HTTPS://WWW.TARGET.COM/B/GREENLEAF-BOOK-GROUP-PRESS/-/N-Q643LEN4RVW
GREENLEAFBOOKGROUPPRESS	GREENLEAFBOOKGROUPPRESS	target.com	HTTPS://WWW.TARGET.COM/B/GREENLEAF-BOOK-GROUP-PRESS/-/N-Q643LEN4RVW
GREENLID	GREENLID	target.com	HTTPS://WWW.TARGET.COM/B/GREENLID/-/N-Q643LEY17OR
GREENLIFE	GREENLIFE	target.com	HTTPS://WWW.TARGET.COM/B/GREENLIFE/-/N-6IZA4
GREENLIGHTCOLLECTIBLE	GREENLIGHTCOLLECTIBLES	target.com	HTTPS://WWW.TARGET.COM/B/GREENLIGHT-COLLECTIBLES/-/N-Q643LEOBFV0
GREENLIGHTCOLLECTIBLES	GREENLIGHTCOLLECTIBLES	target.com	HTTPS://WWW.TARGET.COM/B/GREENLIGHT-COLLECTIBLES/-/N-Q643LEOBFV0
GREENMADE	GREENMADE	target.com	HTTPS://WWW.TARGET.COM/B/GREENMADE/-/N-Q643LEAWH54
GREENMOUNTAINPRODUCTS	GREENMOUNTAIN	target.com	HTTPS://WWW.TARGET.COM/B/GREEN-MOUNTAIN/-/N-4YZ0W
GREENPAN	GREENPAN	target.com	HTTPS://WWW.TARGET.COM/B/GREENPAN/-/N-EKIY1
GREENROOM	GREENROOM	target.com	HTTPS://WWW.TARGET.COM/B/GREENROOM/-/N-4TGMX
GREENSCAPES	GREENSCAPES	target.com	HTTPS://WWW.TARGET.COM/B/GREENSCAPES/-/N-ZHXPC
GREENSFIRST	GREENSFIRST	target.com	HTTPS://WWW.TARGET.COM/B/GREENS-FIRST/-/N-Q643LE5CT29
GREENSMARTDCOR	GREENSMARTDEKOR	target.com	HTTPS://WWW.TARGET.COM/B/GREENSMART-DEKOR/-/N-Q643LEYALTG
GREENSMARTDEKOR	GREENSMARTDEKOR	target.com	HTTPS://WWW.TARGET.COM/B/GREENSMART-DEKOR/-/N-Q643LEYALTG
GREENSPROUTS	GREENSPROUTS	target.com	HTTPS://WWW.TARGET.COM/B/GREEN-SPROUTS/-/N-5PUBC
GREENSTELL	GREENSTELL	target.com	HTTPS://WWW.TARGET.COM/B/GREENSTELL/-/N-Q643LEMMSFK
GREENTOUC	GREENTOUCHINDUSTRIES	target.com	HTTPS://WWW.TARGET.COM/B/GREEN-TOUCH-INDUSTRIES/-/N-Q643LEI9NCN
GREENTOUCH	GREENTOUCHINDUSTRIES	target.com	HTTPS://WWW.TARGET.COM/B/GREEN-TOUCH-INDUSTRIES/-/N-Q643LEI9NCN
GREENTOY	GREENTOYS	target.com	HTTPS://WWW.TARGET.COM/B/GREEN-TOYS/-/N-55VZE
GREENTOYS	GREENTOYS	target.com	HTTPS://WWW.TARGET.COM/B/GREEN-TOYS/-/N-55VZE
GREENWILLOWBOOKS	GREENWILLOWBOOKS	target.com	HTTPS://WWW.TARGET.COM/B/GREENWILLOW-BOOKS/-/N-Q643LEHX5F6
GREENWORK	GREENWORKS	target.com	HTTPS://WWW.TARGET.COM/B/GREENWORKS/-/N-Q643LEEL81Y
GREENYLIFE	GREENLIFE	target.com	HTTPS://WWW.TARGET.COM/B/GREENLIFE/-/N-6IZA4
GRETANORTHERNPOPCORNCOMPANY	GREATNORTHERNPOPCORN	target.com	HTTPS://WWW.TARGET.COM/B/GREAT-NORTHERN-POPCORN/-/N-Q643LELSDCA
GREYPOUPON	GREYPOUPON	target.com	HTTPS://WWW.TARGET.COM/B/GREY-POUPON/-/N-560Y5
GREYSANATOMY	GREYSANATOMY	target.com	HTTPS://WWW.TARGET.COM/B/GREY-S-ANATOMY/-/N-Q643LEAWWJI
GREYSTONEBOOKS	GREYSTONEBOOKS	target.com	HTTPS://WWW.TARGET.COM/B/GREYSTONE-BOOKS/-/N-Q643LE4LGDG
GRIDMANN	GRIDMANN	target.com	HTTPS://WWW.TARGET.COM/B/GRIDMANN/-/N-Q643LEJOTA2
GRILLBOSS	GRILLBOSS	target.com	HTTPS://WWW.TARGET.COM/B/GRILL-BOSS/-/N-PNXZP
GRILLTRADE	GRILLTRADE	target.com	HTTPS://WWW.TARGET.COM/B/GRILL-TRADE/-/N-Q643LE574KF
GRINCH	THEGRINCH	target.com	HTTPS://WWW.TARGET.COM/B/THE-GRINCH/-/N-19IOK
GRINORALCARE	GRINORALCARE	target.com	HTTPS://WWW.TARGET.COM/B/GRIN-ORAL-CARE/-/N-Q643LE4VT7H
GRINSTUDIO	GRINSTUDIOIMPULSE	target.com	HTTPS://WWW.TARGET.COM/B/GRIN-STUDIO-IMPULSE/-/N-FSKSR
GRINSTUDIOIMPULSE	GRINSTUDIOIMPULSE	target.com	HTTPS://WWW.TARGET.COM/B/GRIN-STUDIO-IMPULSE/-/N-FSKSR
GRINSTUDIOS	GRINSTUDIOIMPULSE	target.com	HTTPS://WWW.TARGET.COM/B/GRIN-STUDIO-IMPULSE/-/N-FSKSR
GRIPNRIP	GRIPNRIP	target.com	HTTPS://WWW.TARGET.COM/B/GRIP-N-RIP/-/N-E3TMZ
GRIPRITEFAS	GRIPRITE	target.com	HTTPS://WWW.TARGET.COM/B/GRIP-RITE/-/N-Q643LEC6G0
GRIPTRICKS	GRIPTRICKS	target.com	HTTPS://WWW.TARGET.COM/B/GRIP-TRICKS/-/N-Q643LEMXVCB
GRISI	GRISI	target.com	HTTPS://WWW.TARGET.COM/B/GRISI/-/N-4YDRQ
GRIZZLYGEAR	GRIZZLYGEAR	target.com	HTTPS://WWW.TARGET.COM/B/GRIZZLY-GEAR/-/N-Q643LEIHTN4
GROPRO	GOPRO	target.com	HTTPS://WWW.TARGET.COM/B/GOPRO/-/N-5CLLI
GROSCHE	GROSCHE	target.com	HTTPS://WWW.TARGET.COM/B/GROSCHE/-/N-Q643LEG2I5U
GROSMIMI	GROSMIMI	target.com	HTTPS://WWW.TARGET.COM/B/GROSMIMI/-/N-Q643LE4RYPX
GROSSETTDUNLAP	GROSSETDUNLAP	target.com	HTTPS://WWW.TARGET.COM/B/GROSSET-DUNLAP/-/N-Q643LEV5D0V
GROUNDSHOUNDSCOFFEE	GROUNDSHOUNDSCOFFEE	target.com	HTTPS://WWW.TARGET.COM/B/GROUNDS-HOUNDS-COFFEE/-/N-Q643LEP5KH6
GROUNDUPCREATIONS	REALFOODFROMTHEGROUNDUP	target.com	HTTPS://WWW.TARGET.COM/B/REAL-FOOD-FROM-THE-GROUND-UP/-/N-Q643LEW9V4R
GROUNDWOODBOOKS	GROUNDWOODBOOKS	target.com	HTTPS://WWW.TARGET.COM/B/GROUNDWOOD-BOOKS/-/N-Q643LEDBVFV
GROVE	GROVECO	target.com	HTTPS://WWW.TARGET.COM/B/GROVE-CO/-/N-Q643LE5SPLS
GROVECO	GROVECO	target.com	HTTPS://WWW.TARGET.COM/B/GROVE-CO/-/N-Q643LE5SPLS
GROVEGE	GROVECO	target.com	HTTPS://WWW.TARGET.COM/B/GROVE-CO/-/N-Q643LE5SPLS
GROVES	GROVECO	target.com	HTTPS://WWW.TARGET.COM/B/GROVE-CO/-/N-Q643LE5SPLS
GROWGIRL	GROWGIRL	target.com	HTTPS://WWW.TARGET.COM/B/GROW-GIRL/-/N-DEPWS
GROWGRITPRESS	GROWGRITPRESS	target.com	HTTPS://WWW.TARGET.COM/B/GROW-GRIT-PRESS-LLC/-/N-Q643LEOTIGZ
GROWNALCHEMIST	GROWNALCHEMIST	target.com	HTTPS://WWW.TARGET.COM/B/GROWN-ALCHEMIST/-/N-Q643LEB4AS0
GROWNSY	GROWNSY	target.com	HTTPS://WWW.TARGET.COM/B/GROWNSY/-/N-Q643LEW2O3H
GROWNSYGROWNSY	GROWNSY	target.com	HTTPS://WWW.TARGET.COM/B/GROWNSY/-/N-Q643LEW2O3H
GRREATCHOICE	BESTCHOICEPRODUCTS	target.com	HTTPS://WWW.TARGET.COM/B/BEST-CHOICE-PRODUCTS/-/N-Q643LE2DWGZ
GRUN	GRUNS	target.com	HTTPS://WWW.TARGET.COM/B/GRUNS/-/N-Q643LEBT3VJ
GRUPER	GRUPER	target.com	HTTPS://WWW.TARGET.COM/B/GRUPER/-/N-Q643LE3KT9W
GRYPHONHOUSE	GRYPHONHOUSE	target.com	HTTPS://WWW.TARGET.COM/B/GRYPHON-HOUSE/-/N-Q643LE3SI5F
GS2GAMES	GS2GAMES	target.com	HTTPS://WWW.TARGET.COM/B/GS2-GAMES/-/N-Q643LE8BSIL
GSEAT	GSEAT	target.com	HTTPS://WWW.TARGET.COM/B/G-SEAT/-/N-Q643LEL6FAZ
GSHUBB	GHUGHES	target.com	HTTPS://WWW.TARGET.COM/B/G-HUGHES/-/N-55N9J
GSPOWER	GSPOWER	target.com	HTTPS://WWW.TARGET.COM/B/GS-POWER/-/N-Q643LEVCV21
GSUPERPO	SUPERGOOP	target.com	HTTPS://WWW.TARGET.COM/B/SUPERGOOP/-/N-Q643LEH4BFG
GTOPRO	GOPRO	target.com	HTTPS://WWW.TARGET.COM/B/GOPRO/-/N-5CLLI
GTPLAYER	GTPLAYER	target.com	HTTPS://WWW.TARGET.COM/B/GTPLAYER/-/N-Q643LEA1C49
GTWATER	GTWATERPRODUCTS	target.com	HTTPS://WWW.TARGET.COM/B/GT-WATER-PRODUCTS-INC/-/N-Q643LEREUBV
GTWATERPRODUCTS	GTWATERPRODUCTS	target.com	HTTPS://WWW.TARGET.COM/B/GT-WATER-PRODUCTS-INC/-/N-Q643LEREUBV
GU	GUENERGY	target.com	HTTPS://WWW.TARGET.COM/B/GU-ENERGY/-/N-L310T
GU6UESA8N	GUENERGY	target.com	HTTPS://WWW.TARGET.COM/B/GU-ENERGY/-/N-L310T
GUAFAEWT	GUENERGY	target.com	HTTPS://WWW.TARGET.COM/B/GU-ENERGY/-/N-L310T
GUAGB	GUENERGY	target.com	HTTPS://WWW.TARGET.COM/B/GU-ENERGY/-/N-L310T
GUAIKEAI	GUAYAKI	target.com	HTTPS://WWW.TARGET.COM/B/GUAYAKI/-/N-GJ8VH
GUARDDOGSECURITY	GUARDDOGSECURITY	target.com	HTTPS://WWW.TARGET.COM/B/GUARD-DOG-SECURITY/-/N-VBKX2
GUARDIANFLOORPROTECTION	GUARDIANFLOORPROTECTION	target.com	HTTPS://WWW.TARGET.COM/B/GUARDIAN-FLOOR-PROTECTION/-/N-Q643LEYUZWL
GUARDMAN	GUARDSMAN	target.com	HTTPS://WWW.TARGET.COM/B/GUARDSMAN/-/N-Q643LETL4NK
GUARDMANGUARDMAN	GUARDSMAN	target.com	HTTPS://WWW.TARGET.COM/B/GUARDSMAN/-/N-Q643LETL4NK
GUARDMAX	GUARDMAX	target.com	HTTPS://WWW.TARGET.COM/B/GUARDMAX/-/N-Q643LEF356M
GUARDSMAN	GUARDSMAN	target.com	HTTPS://WWW.TARGET.COM/B/GUARDSMAN/-/N-Q643LETL4NK
GUARDSMANPRODUCTS	GUARDSMAN	target.com	HTTPS://WWW.TARGET.COM/B/GUARDSMAN/-/N-Q643LETL4NK
GUAYAKI	GUAYAKI	target.com	HTTPS://WWW.TARGET.COM/B/GUAYAKI/-/N-GJ8VH
GUCED	GUENERGY	target.com	HTTPS://WWW.TARGET.COM/B/GU-ENERGY/-/N-L310T
GUCGRES	GUENERGY	target.com	HTTPS://WWW.TARGET.COM/B/GU-ENERGY/-/N-L310T
GUCOOL	GUENERGY	target.com	HTTPS://WWW.TARGET.COM/B/GU-ENERGY/-/N-L310T
GUCVBLICT	GUENERGY	target.com	HTTPS://WWW.TARGET.COM/B/GU-ENERGY/-/N-L310T
GUDELAA	GUDETAMA	target.com	HTTPS://WWW.TARGET.COM/B/GUDETAMA/-/N-6YJD4
GUDETAMA	GUDETAMA	target.com	HTTPS://WWW.TARGET.COM/B/GUDETAMA/-/N-6YJD4
GUEBB	GUENERGY	target.com	HTTPS://WWW.TARGET.COM/B/GU-ENERGY/-/N-L310T
GUENERGY	GUENERGY	target.com	HTTPS://WWW.TARGET.COM/B/GU-ENERGY/-/N-L310T
GUESSWHO	GUESSWHO	target.com	HTTPS://WWW.TARGET.COM/B/GUESS-WHO/-/N-4YNL0
GUETE	GUENERGY	target.com	HTTPS://WWW.TARGET.COM/B/GU-ENERGY/-/N-L310T
GUG	GUENERGY	target.com	HTTPS://WWW.TARGET.COM/B/GU-ENERGY/-/N-L310T
GUH	GUENERGY	target.com	HTTPS://WWW.TARGET.COM/B/GU-ENERGY/-/N-L310T
GUIDECRAFT	GUIDECRAFT	target.com	HTTPS://WWW.TARGET.COM/B/GUIDECRAFT/-/N-5XXP5
GUIDEGEAR	GUIDEGEAR	target.com	HTTPS://WWW.TARGET.COM/B/GUIDE-GEAR/-/N-Q643LEA4PND
GUILLOWS	GUILLOWS	target.com	HTTPS://WWW.TARGET.COM/B/GUILLOW-S/-/N-Q643LEM4DW4
GUIN	GUENERGY	target.com	HTTPS://WWW.TARGET.COM/B/GU-ENERGY/-/N-L310T
GUING	GUENERGY	target.com	HTTPS://WWW.TARGET.COM/B/GU-ENERGY/-/N-L310T
GUINNESS	GUINNESS	target.com	HTTPS://WWW.TARGET.COM/B/GUINNESS/-/N-56CIZ
GUIQU	GUENERGY	target.com	HTTPS://WWW.TARGET.COM/B/GU-ENERGY/-/N-L310T
GUIYL	GUIGUI	target.com	HTTPS://WWW.TARGET.COM/B/GUI/-/N-Q643LE5RPPA
GUNAMUNA	GUNAMUNA	target.com	HTTPS://WWW.TARGET.COM/B/GUNAMUNA/-/N-Q643LE9MSDQ
GUNDIGESTBOOKS	GUNDIGESTBOOKS	target.com	HTTPS://WWW.TARGET.COM/B/GUN-DIGEST-BOOKS/-/N-Q643LEZR0R6
GUNSNROSES	GUNSNROSES	target.com	HTTPS://WWW.TARGET.COM/B/GUNS-N-ROSES/-/N-Q643LEQ6VCP
GUNSROSES	GUNSNROSES	target.com	HTTPS://WWW.TARGET.COM/B/GUNS-N-ROSES/-/N-Q643LEQ6VCP
GUOSURELLY	GUENERGY	target.com	HTTPS://WWW.TARGET.COM/B/GU-ENERGY/-/N-L310T
GUOTY	GUENERGY	target.com	HTTPS://WWW.TARGET.COM/B/GU-ENERGY/-/N-L310T
GUQE	GUENERGY	target.com	HTTPS://WWW.TARGET.COM/B/GU-ENERGY/-/N-L310T
GUREEIO	GUERRERO	target.com	HTTPS://WWW.TARGET.COM/B/GUERRERO/-/N-L44HL
GURTICE	GOGURT	target.com	HTTPS://WWW.TARGET.COM/B/GO-GURT/-/N-VZHAU
GURUANDA	GURUNANDA	target.com	HTTPS://WWW.TARGET.COM/B/GURUNANDA/-/N-S95EH
GURUN	GURUNANDA	target.com	HTTPS://WWW.TARGET.COM/B/GURUNANDA/-/N-S95EH
GURUNANDA	GURUNANDA	target.com	HTTPS://WWW.TARGET.COM/B/GURUNANDA/-/N-S95EH
GUSHERS	FRUITGUSHERS	target.com	HTTPS://WWW.TARGET.COM/B/FRUIT-GUSHERS/-/N-56FBY
GUSTUSVITAE	GUSTUSVITAE	target.com	HTTPS://WWW.TARGET.COM/B/GUSTUS-VITAE/-/N-Q643LESKD7U
GUTENLITER	GOODNITES	target.com	HTTPS://WWW.TARGET.COM/B/GOODNITES/-/N-4ST0N
GUUEIG	GUENERGY	target.com	HTTPS://WWW.TARGET.COM/B/GU-ENERGY/-/N-L310T
GUVCYO	GUENERGY	target.com	HTTPS://WWW.TARGET.COM/B/GU-ENERGY/-/N-L310T
GUYFIERI	GUYFIERI	target.com	HTTPS://WWW.TARGET.COM/B/GUY-FIERI/-/N-Q643LET2CT8
GUYHARVEY	GUYHARVEY	target.com	HTTPS://WWW.TARGET.COM/B/GUY-HARVEY/-/N-Q643LEN9LGW
GUZEX	GUENERGY	target.com	HTTPS://WWW.TARGET.COM/B/GU-ENERGY/-/N-L310T
GUZHUXISHE	GHUGHES	target.com	HTTPS://WWW.TARGET.COM/B/G-HUGHES/-/N-55N9J
GUZZINI	GUZZINI	target.com	HTTPS://WWW.TARGET.COM/B/GUZZINI/-/N-Q643LE2BYUZ
GYALABS	GYALABS	target.com	HTTPS://WWW.TARGET.COM/B/GYA-LABS/-/N-Q643LE6U468
GYMNIC	GYMNIC	target.com	HTTPS://WWW.TARGET.COM/B/GYMNIC/-/N-FALMX
GYMOJOY	GYMOJOY	target.com	HTTPS://WWW.TARGET.COM/B/GYMOJOY/-/N-Q643LEAYQYV
H2OAUDIO	H2OAUDIO	target.com	HTTPS://WWW.TARGET.COM/B/H2O-AUDIO/-/N-Q643LEWYZD3
H2OGO	H2OGO	target.com	HTTPS://WWW.TARGET.COM/B/H2OGO/-/N-1P6LN
HAAKAA	HAAKAA	target.com	HTTPS://WWW.TARGET.COM/B/HAAKAA/-/N-DB5KQ
HAAKLUX	HAAKAA	target.com	HTTPS://WWW.TARGET.COM/B/HAAKAA/-/N-DB5KQ
HABA	HABA	target.com	HTTPS://WWW.TARGET.COM/B/HABA/-/N-4Y5VV
HABIT	HABIT	target.com	HTTPS://WWW.TARGET.COM/B/HABIT/-/N-Q643LEYWT1B
HABITOTES	HABIT	target.com	HTTPS://WWW.TARGET.COM/B/HABIT/-/N-Q643LEYWT1B
HABITU	HABITU	target.com	HTTPS://WWW.TARGET.COM/B/HABITU/-/N-Q643LEH0HPY
HABITU	HABIT	target.com	HTTPS://WWW.TARGET.COM/B/HABIT/-/N-Q643LEYWT1B
HACHETTEBOOKGROUP	HACHETTEBOOKGROUP	target.com	HTTPS://WWW.TARGET.COM/B/HACHETTE-BOOK-GROUP/-/N-832YJ
HACHETTEBOOKS	HACHETTEBOOKGROUP	target.com	HTTPS://WWW.TARGET.COM/B/HACHETTE-BOOK-GROUP/-/N-832YJ
HACHIKIKO	HACHIKIKO	target.com	HTTPS://WWW.TARGET.COM/B/HACHIKIKO/-/N-Q643LEENFGO
HADALABOTOKYO	HADALABOTOKYO	target.com	HTTPS://WWW.TARGET.COM/B/HADA-LABO-TOKYO/-/N-4YPG0
HADEN	HADEN	target.com	HTTPS://WWW.TARGET.COM/B/HADEN/-/N-UPCYV
HADLEYDESIGNS	HADLEYDESIGNS	target.com	HTTPS://WWW.TARGET.COM/B/HADLEY-DESIGNS/-/N-Q643LEHZC33
HADLEYWREN	HADLEYWREN	target.com	HTTPS://WWW.TARGET.COM/B/HADLEY-WREN/-/N-Q643LEI713M
HAERBAO	HARIBO	target.com	HTTPS://WWW.TARGET.COM/B/HARIBO/-/N-5612J
HAGGARH26	HAGGARH26	target.com	HTTPS://WWW.TARGET.COM/B/HAGGAR-H26/-/N-4YJWT
HAILTONBEACH	HAMILTONBEACH	target.com	HTTPS://WWW.TARGET.COM/B/HAMILTON-BEACH/-/N-5XZPD
HAIMAX	HAIRMAX	target.com	HTTPS://WWW.TARGET.COM/B/HAIRMAX/-/N-Q643LE16F2W
HAIMAYA	HIMALAYA	target.com	HTTPS://WWW.TARGET.COM/B/HIMALAYA/-/N-Q643LEKO022
HAIRCREDIBLE	HAIRCREDIBLE	target.com	HTTPS://WWW.TARGET.COM/B/HAIRCREDIBLE/-/N-4R4UJ
HAIRMAX	HAIRMAX	target.com	HTTPS://WWW.TARGET.COM/B/HAIRMAX/-/N-Q643LE16F2W
HAKJHAA	HAAKAA	target.com	HTTPS://WWW.TARGET.COM/B/HAAKAA/-/N-DB5KQ
HAKOBABY	HAAKAA	target.com	HTTPS://WWW.TARGET.COM/B/HAAKAA/-/N-DB5KQ
HALDIRAMS	HALDIRAMS	target.com	HTTPS://WWW.TARGET.COM/B/HALDIRAMS/-/N-Q643LEO1BYS
HALLEONARD	HALLEONARD	target.com	HTTPS://WWW.TARGET.COM/B/HAL-LEONARD/-/N-56HGT
HALLMARK	HALLMARK	target.com	HTTPS://WWW.TARGET.COM/B/HALLMARK/-/N-704KU
HALLMARKS	HALLMARK	target.com	HTTPS://WWW.TARGET.COM/B/HALLMARK/-/N-704KU
HALLMART	HALLMARK	target.com	HTTPS://WWW.TARGET.COM/B/HALLMARK/-/N-704KU
HALLOFGAMES	HALLOFGAMES	target.com	HTTPS://WWW.TARGET.COM/B/HALL-OF-GAMES/-/N-3XILT
HALLOGGAMES	HALLOFGAMES	target.com	HTTPS://WWW.TARGET.COM/B/HALL-OF-GAMES/-/N-3XILT
HALLOPS	HALLOPS	target.com	HTTPS://WWW.TARGET.COM/B/HALLOPS/-/N-Q643LEJZJMR
HALLS	HALLS	target.com	HTTPS://WWW.TARGET.COM/B/HALLS/-/N-55BR4
HALLY	HALLY	target.com	HTTPS://WWW.TARGET.COM/B/HALLY/-/N-Q643LEEUKQ
HALOINNOVATIONS	HALOINNOVATIONS	target.com	HTTPS://WWW.TARGET.COM/B/HALO-INNOVATIONS/-/N-4Y7I1
HALOPURELYFORPETS	HALOPURELYFORPETS	target.com	HTTPS://WWW.TARGET.COM/B/HALO-PURELY-FOR-PETS/-/N-Q643LE6LM3G
HAMBURGERHELPER	HAMBURGERHELPER	target.com	HTTPS://WWW.TARGET.COM/B/HAMBURGER-HELPER/-/N-4ST01
HAMILCO	HAMILCO	target.com	HTTPS://WWW.TARGET.COM/B/HAMILCO/-/N-Q643LEN2WWJ
HAMILTONBEACH	HAMILTONBEACH	target.com	HTTPS://WWW.TARGET.COM/B/HAMILTON-BEACH/-/N-5XZPD
HAMILTONBEACHANDFARBERWARE	HAMILTONBEACH	target.com	HTTPS://WWW.TARGET.COM/B/HAMILTON-BEACH/-/N-5XZPD
HAMILTONBEACHBRANDS	HAMILTONBEACH	target.com	HTTPS://WWW.TARGET.COM/B/HAMILTON-BEACH/-/N-5XZPD
HAMILTONBEACHBRNDS	HAMILTONBEACH	target.com	HTTPS://WWW.TARGET.COM/B/HAMILTON-BEACH/-/N-5XZPD
HAMILTONBEACHHAMILTONBEACH	HAMILTONBEACH	target.com	HTTPS://WWW.TARGET.COM/B/HAMILTON-BEACH/-/N-5XZPD
HAMILTONBEACHHOME	HAMILTONBEACH	target.com	HTTPS://WWW.TARGET.COM/B/HAMILTON-BEACH/-/N-5XZPD
HAMILTONBEECH	HAMILTONBEACH	target.com	HTTPS://WWW.TARGET.COM/B/HAMILTON-BEACH/-/N-5XZPD
HAMILTONBUHL	HAMILTONBUHL	target.com	HTTPS://WWW.TARGET.COM/B/HAMILTONBUHL/-/N-Q643LE292W0
HAMILTONEACH	HAMILTONBEACH	target.com	HTTPS://WWW.TARGET.COM/B/HAMILTON-BEACH/-/N-5XZPD
HAMITONBEACH	HAMILTONBEACH	target.com	HTTPS://WWW.TARGET.COM/B/HAMILTON-BEACH/-/N-5XZPD
HAMMERANDAXE	HAMMERAXE	target.com	HTTPS://WWW.TARGET.COM/B/HAMMER-AXE/-/N-Q643LEU670N
HAMMOND	HAMMONDSCANDIES	target.com	HTTPS://WWW.TARGET.COM/B/HAMMOND-S-CANDIES/-/N-QIOC1
HAMMONDS	HAMMONDSCANDIES	target.com	HTTPS://WWW.TARGET.COM/B/HAMMOND-S-CANDIES/-/N-QIOC1
HAMMONDSCANDIES	HAMMONDSCANDIES	target.com	HTTPS://WWW.TARGET.COM/B/HAMMOND-S-CANDIES/-/N-QIOC1
HAMMONDSTEPHENS	HAMMONDSTEPHENS	target.com	HTTPS://WWW.TARGET.COM/B/HAMMOND-STEPHENS/-/N-GK6MF
HAMPION	CHAMPION	target.com	HTTPS://WWW.TARGET.COM/B/CHAMPION/-/N-AWMA1
HAMPTONBAYBESTGOODSFORYOU	HAMPTONBAY	target.com	HTTPS://WWW.TARGET.COM/B/HAMPTON-BAY/-/N-Q643LEBMV2M
HAMPTONSIGNATURE	HAMPTONSIGNATURE	target.com	HTTPS://WWW.TARGET.COM/B/HAMPTON-SIGNATURE/-/N-Q643LEECL77
HANASS	HANES	target.com	HTTPS://WWW.TARGET.COM/B/HANES/-/N-5XL5Q
HANCY	HANCY	target.com	HTTPS://WWW.TARGET.COM/B/HANCY/-/N-Q643LEABXBC
HAND2MIND	HAND2MIND	target.com	HTTPS://WWW.TARGET.COM/B/HAND2MIND/-/N-Q643LELY2NC
HANDAIYAN	HANDAIYAN	target.com	HTTPS://WWW.TARGET.COM/B/HANDAIYAN/-/N-Q643LEJXTDM
HANDANDHEARTH	HEARTHHANDWITHMAGNOLIA	target.com	HTTPS://WWW.TARGET.COM/B/HEARTH-HAND-WITH-MAGNOLIA/-/N-2L26W
HANDCRAFT	HANDCRAFT	target.com	HTTPS://WWW.TARGET.COM/B/HANDCRAFT/-/N-DZB12
HANDISNACKS	HANDISNACKS	target.com	HTTPS://WWW.TARGET.COM/B/HANDI-SNACKS/-/N-55CAS
HANDSCRAFT	HANDSCRAFT	target.com	HTTPS://WWW.TARGET.COM/B/HANDS-CRAFT/-/N-Q643LEE7PRD
HANDSTANDKITCHEN	HANDSTANDKITCHEN	target.com	HTTPS://WWW.TARGET.COM/B/HANDSTAND-KITCHEN/-/N-74IXY
HANDY	HANDY	target.com	HTTPS://WWW.TARGET.COM/B/HANDY/-/N-Q643LETSSOZ
HANDYAY	HANDY	target.com	HTTPS://WWW.TARGET.COM/B/HANDY/-/N-Q643LETSSOZ
HANDYBRITE	HANDYBRITE	target.com	HTTPS://WWW.TARGET.COM/B/HANDY-BRITE/-/N-Q643LERVJB1
HANDYHANDS	HANDYHANDS	target.com	HTTPS://WWW.TARGET.COM/B/HANDY-HANDS/-/N-Q643LEF9QG6
HANDYLIVING	HANDYLIVING	target.com	HTTPS://WWW.TARGET.COM/B/HANDY-LIVING/-/N-54ZXM
HANE	HANES	target.com	HTTPS://WWW.TARGET.COM/B/HANES/-/N-5XL5Q
HANES	HANES	target.com	HTTPS://WWW.TARGET.COM/B/HANES/-/N-5XL5Q
HANESBEST	HANES	target.com	HTTPS://WWW.TARGET.COM/B/HANES/-/N-5XL5Q
HANESBRANDS	HANES	target.com	HTTPS://WWW.TARGET.COM/B/HANES/-/N-5XL5Q
HANESBRANDSDUOFOLD	HANES	target.com	HTTPS://WWW.TARGET.COM/B/HANES/-/N-5XL5Q
HANESHANES	HANES	target.com	HTTPS://WWW.TARGET.COM/B/HANES/-/N-5XL5Q
HANESPREMIUM	HANESPREMIUM	target.com	HTTPS://WWW.TARGET.COM/B/HANES-PREMIUM/-/N-55F3L
HANESPREMIUM	HANES	target.com	HTTPS://WWW.TARGET.COM/B/HANES/-/N-5XL5Q
HANESSPORT	HANES	target.com	HTTPS://WWW.TARGET.COM/B/HANES/-/N-5XL5Q
HANGITDANGIT	HANGITDANGIT	target.com	HTTPS://WWW.TARGET.COM/B/HANG-IT-DANG/-/N-Q643LEKAZ7W
HANGTEN	HANGTEN	target.com	HTTPS://WWW.TARGET.COM/B/HANG-TEN/-/N-Q643LES9E8P
HANIENCE	HANIENCE	target.com	HTTPS://WWW.TARGET.COM/B/HANIENCE/-/N-Q643LENXV0C
HANKSAUCE	HANKSAUCE	target.com	HTTPS://WWW.TARGET.COM/B/HANK-SAUCE/-/N-Q643LEA707H
HANKUKE	HANKYPANKY	target.com	HTTPS://WWW.TARGET.COM/B/HANKY-PANKY/-/N-Q643LE9EY69
HANKYKY	HANKYPANKY	target.com	HTTPS://WWW.TARGET.COM/B/HANKY-PANKY/-/N-Q643LE9EY69
HANKYPANKY	HANKYPANKY	target.com	HTTPS://WWW.TARGET.COM/B/HANKY-PANKY/-/N-Q643LE9EY69
HANLESS	HANES	target.com	HTTPS://WWW.TARGET.COM/B/HANES/-/N-5XL5Q
HANNA	HANNA	target.com	HTTPS://WWW.TARGET.COM/B/HANNA/-/N-Q643LEACJ76
HANNADEPOT	THEHONEYPOTCOMPANY	target.com	HTTPS://WWW.TARGET.COM/B/THE-HONEY-POT-COMPANY/-/N-Q643LELZ3M5
HANNAHLINEN	HANNAHLINEN	target.com	HTTPS://WWW.TARGET.COM/B/HANNAH-LINEN/-/N-Q643LEY1ZB0
HANNAIER	HANNA	target.com	HTTPS://WWW.TARGET.COM/B/HANNA/-/N-Q643LEACJ76
HANPURE	HANPURE	target.com	HTTPS://WWW.TARGET.COM/B/HANPURE/-/N-Q643LEN8G0W
HANSILK	HANSILK	target.com	HTTPS://WWW.TARGET.COM/B/HANSILK/-/N-Q643LEBIP3K
HAPE	HAPE	target.com	HTTPS://WWW.TARGET.COM/B/HAPE/-/N-54UT6
HAPEE	HAPE	target.com	HTTPS://WWW.TARGET.COM/B/HAPE/-/N-54UT6
HAPEPER	HAPE	target.com	HTTPS://WWW.TARGET.COM/B/HAPE/-/N-54UT6
HAPERBRIGHTDESIGNS	HARPERBRIGHTDESIGNS	target.com	HTTPS://WWW.TARGET.COM/B/HARPER-BRIGHT-DESIGNS/-/N-Q643LEJJPPD
HAPPATIO	HAPPATIO	target.com	HTTPS://WWW.TARGET.COM/B/HAPPATIO/-/N-Q643LEMBEOF
HAPPIESTBABY	HAPPIESTBABY	target.com	HTTPS://WWW.TARGET.COM/B/HAPPIEST-BABY/-/N-Q643LEDM5VX
HAPPITUMMI	HAPPITUMMI	target.com	HTTPS://WWW.TARGET.COM/B/HAPPI-TUMMI/-/N-Q643LER8LYP
HAPPLEE	APPLE	target.com	HTTPS://WWW.TARGET.COM/B/APPLE/-/N-5Y3EJ
HAPPLR	APPLE	target.com	HTTPS://WWW.TARGET.COM/B/APPLE/-/N-5Y3EJ
HAPPY	HAPPY	target.com	HTTPS://WWW.TARGET.COM/B/HAPPY/-/N-Q643LEFS0B6
HAPPYBABY	HAPPYBABY	target.com	HTTPS://WWW.TARGET.COM/B/HAPPY-BABY/-/N-Q643LELO2QB
HAPPYBLEPS	HAPPY	target.com	HTTPS://WWW.TARGET.COM/B/HAPPY/-/N-Q643LEFS0B6
HAPPYCC	HAPPY	target.com	HTTPS://WWW.TARGET.COM/B/HAPPY/-/N-Q643LEFS0B6
HAPPYDAYSTORE	HAPPYDAYS	target.com	HTTPS://WWW.TARGET.COM/B/HAPPY-DAYS/-/N-Q643LE7BWGS
HAPPYFAMILY	HAPPYFAMILY	target.com	HTTPS://WWW.TARGET.COM/B/HAPPY-FAMILY/-/N-4YIEX
HAPPYHEALTH	HAPPYHEALTHY	target.com	HTTPS://WWW.TARGET.COM/B/HAPPY-HEALTHY/-/N-Q643LE294QW
HAPPYHEALTHYSMART	HAPPYHEALTHY	target.com	HTTPS://WWW.TARGET.COM/B/HAPPY-HEALTHY/-/N-Q643LE294QW
HAPPYISONE	HAPPY	target.com	HTTPS://WWW.TARGET.COM/B/HAPPY/-/N-Q643LEFS0B6
HAPPYL	HAPPY	target.com	HTTPS://WWW.TARGET.COM/B/HAPPY/-/N-Q643LEFS0B6
HAPPYNAPPERS	HAPPYNAPPERS	target.com	HTTPS://WWW.TARGET.COM/B/HAPPY-NAPPERS/-/N-Q643LEFMYRE
HAPPYNUTS	HAPPYNUTS	target.com	HTTPS://WWW.TARGET.COM/B/HAPPY-NUTS/-/N-Q643LEVIRNB
HAPPYNUTSBROTHERS	HAPPYNUTS	target.com	HTTPS://WWW.TARGET.COM/B/HAPPY-NUTS/-/N-Q643LEVIRNB
HAPPYPLANNER	THEHAPPYPLANNER	target.com	HTTPS://WWW.TARGET.COM/B/THE-HAPPY-PLANNER/-/N-Q7YL9
HAPPYPO	HAPPY	target.com	HTTPS://WWW.TARGET.COM/B/HAPPY/-/N-Q643LEFS0B6
HAPPYSOCKS	HAPPYSOCKS	target.com	HTTPS://WWW.TARGET.COM/B/HAPPY-SOCKS/-/N-Q643LEUU8P1
HAPPYTHREADS	HAPPYTHREADS	target.com	HTTPS://WWW.TARGET.COM/B/HAPPY-THREADS/-/N-Q643LEJ2ZKL
HAPTHER	NEWCHAPTER	target.com	HTTPS://WWW.TARGET.COM/B/NEW-CHAPTER/-/N-Q643LEBRMEV
HARBINGER	HARBINGER	target.com	HTTPS://WWW.TARGET.COM/B/HARBINGER/-/N-TWNYH
HARCOURTCHILDRENSBOOKSJ	HARCOURTCHILDRENSBOOKS	target.com	HTTPS://WWW.TARGET.COM/B/HARCOURT-CHILDREN-S-BOOKS/-/N-Q643LE57J5Y
HARDCOREWATERSPORTS	HARDCOREWATERSPORTS	target.com	HTTPS://WWW.TARGET.COM/B/HARDCORE-WATER-SPORTS/-/N-Q643LE60997
HARDIEGRANT	HARDIEGRANTBOOKS	target.com	HTTPS://WWW.TARGET.COM/B/HARDIE-GRANT-BOOKS/-/N-Q643LE9QAKM
HARDIEGRANTBOOKS	HARDIEGRANTBOOKS	target.com	HTTPS://WWW.TARGET.COM/B/HARDIE-GRANT-BOOKS/-/N-Q643LE9QAKM
HARIBO	HARIBO	target.com	HTTPS://WWW.TARGET.COM/B/HARIBO/-/N-5612J
HARIBOOFAMERICA	HARIBO	target.com	HTTPS://WWW.TARGET.COM/B/HARIBO/-/N-5612J
HARMONYJUVENILE	HARMONYJUVENILE	target.com	HTTPS://WWW.TARGET.COM/B/HARMONY-JUVENILE/-/N-Q643LE82YCY
HARNEYANDSONS	HARNEYSONS	target.com	HTTPS://WWW.TARGET.COM/B/HARNEY-SONS/-/N-4YJXK
HARNEYSONS	HARNEYSONS	target.com	HTTPS://WWW.TARGET.COM/B/HARNEY-SONS/-/N-4YJXK
HAROBEY	HARIBO	target.com	HTTPS://WWW.TARGET.COM/B/HARIBO/-/N-5612J
HAROLDIMPORT	HAROLDIMPORTS	target.com	HTTPS://WWW.TARGET.COM/B/HAROLD-IMPORTS/-/N-Q643LE7CXM
HAROLDIMPORTCO	HAROLDIMPORTS	target.com	HTTPS://WWW.TARGET.COM/B/HAROLD-IMPORTS/-/N-Q643LE7CXM
HAROLDIMPORTS	HAROLDIMPORTS	target.com	HTTPS://WWW.TARGET.COM/B/HAROLD-IMPORTS/-/N-Q643LE7CXM
HARPERANDBRIGHT	HARPERBRIGHTDESIGNS	target.com	HTTPS://WWW.TARGET.COM/B/HARPER-BRIGHT-DESIGNS/-/N-Q643LEJJPPD
HARPERANDBRIGHTDESIGNS	HARPERBRIGHTDESIGNS	target.com	HTTPS://WWW.TARGET.COM/B/HARPER-BRIGHT-DESIGNS/-/N-Q643LEJJPPD
HARPERANDBRIGHTLIVING	HARPERBRIGHTDESIGNS	target.com	HTTPS://WWW.TARGET.COM/B/HARPER-BRIGHT-DESIGNS/-/N-Q643LEJJPPD
HARPERBRIGHT	HARPERBRIGHTDESIGNS	target.com	HTTPS://WWW.TARGET.COM/B/HARPER-BRIGHT-DESIGNS/-/N-Q643LEJJPPD
HARPERBRIGHTDESIGN	HARPERBRIGHTDESIGNS	target.com	HTTPS://WWW.TARGET.COM/B/HARPER-BRIGHT-DESIGNS/-/N-Q643LEJJPPD
HARPERBRIGHTDESIGNS	HARPERBRIGHTDESIGNS	target.com	HTTPS://WWW.TARGET.COM/B/HARPER-BRIGHT-DESIGNS/-/N-Q643LEJJPPD
HARPERBUSINESS	HARPERBUSINESS	target.com	HTTPS://WWW.TARGET.COM/B/HARPERBUSINESS/-/N-Q643LEBCOD4
HARPERCOLLINSLEADERSHIP	HARPERCOLLINSLEADERSHIP	target.com	HTTPS://WWW.TARGET.COM/B/HARPERCOLLINS-LEADERSHIP/-/N-Q643LEM9JGT
HARPERCOLLINSPUBLISHERS	HARPERCOLLINSPUBLISHERS	target.com	HTTPS://WWW.TARGET.COM/B/HARPERCOLLINS-PUBLISHERS/-/N-Q643LEY3JQV
HARPERDESIGN	HARPERBRIGHTDESIGNS	target.com	HTTPS://WWW.TARGET.COM/B/HARPER-BRIGHT-DESIGNS/-/N-Q643LEJJPPD
HARPERFESTIVAL	HARPERFESTIVAL	target.com	HTTPS://WWW.TARGET.COM/B/HARPERFESTIVAL/-/N-Q643LEQFYME
HARPERIMAN	HARPERIMAN	target.com	HTTPS://WWW.TARGET.COM/B/HARPERIMAN/-/N-Q643LE2ASTM
HARPERLUXE	HARPERLUXE	target.com	HTTPS://WWW.TARGET.COM/B/HARPERLUXE/-/N-Q643LEAXYLA
HARPERONE	HARPERONE	target.com	HTTPS://WWW.TARGET.COM/B/HARPERONE/-/N-Q643LEZO0DD
HARPERPAPERBACKS	HARPERPAPERBACKS	target.com	HTTPS://WWW.TARGET.COM/B/HARPER-PAPERBACKS/-/N-Q643LE3D7JY
HARPERPERENNIAL	HARPERPERENNIAL	target.com	HTTPS://WWW.TARGET.COM/B/HARPER-PERENNIAL/-/N-Q643LEZ1LYG
HARPERTEEN	HARPERTEEN	target.com	HTTPS://WWW.TARGET.COM/B/HARPERTEEN/-/N-Q643LEPM3ON
HARPERVOYAGER	HARPERVOYAGER	target.com	HTTPS://WWW.TARGET.COM/B/HARPER-VOYAGER/-/N-Q643LEM4T4Y
HARPERWAVE	HARPERWAVE	target.com	HTTPS://WWW.TARGET.COM/B/HARPER-WAVE/-/N-Q643LEER9ZO
HARRISTERRY	HARRYS	target.com	HTTPS://WWW.TARGET.COM/B/HARRY-S/-/N-O66WK
HARRYDAVID	HARRYDAVID	target.com	HTTPS://WWW.TARGET.COM/B/HARRY-DAVID/-/N-Q643LEUU70X
HARRYKWONGPUBLICATIONS	HARRYKWONGPUBLICATIONS	target.com	HTTPS://WWW.TARGET.COM/B/HARRY-K-WONG-PUBLICATIONS/-/N-Q643LEHERBL
HARRYS	HARRYS	target.com	HTTPS://WWW.TARGET.COM/B/HARRY-S/-/N-O66WK
HARVARDBUSINESSREVIEWPRESS	HARVARDBUSINESSREVIEWPRESS	target.com	HTTPS://WWW.TARGET.COM/B/HARVARD-BUSINESS-REVIEW-PRESS/-/N-Q643LESS47W
HARVARDCOMMONPRESS	HARVARDCOMMONPRESS	target.com	HTTPS://WWW.TARGET.COM/B/HARVARD-COMMON-PRESS/-/N-Q643LEP7OZM
HARVESTHOUSEPUBLISHERS	HARVESTHOUSEPUBLISHERS	target.com	HTTPS://WWW.TARGET.COM/B/HARVEST-HOUSE-PUBLISHERS/-/N-Q643LEK0BJN
HARVESTSNAPS	HARVESTSNAPS	target.com	HTTPS://WWW.TARGET.COM/B/HARVEST-SNAPS/-/N-CO0PD
HARVEYJOE	GUYHARVEY	target.com	HTTPS://WWW.TARGET.COM/B/GUY-HARVEY/-/N-Q643LEN9LGW
HARVICGALAXY	GALAXYBYHARVIC	target.com	HTTPS://WWW.TARGET.COM/B/GALAXY-BY-HARVIC/-/N-Q643LERKATA
HASBROGAMING	HASBRO	target.com	HTTPS://WWW.TARGET.COM/B/HASBRO/-/N-5XVYQ
HASBROTOYGROUP	HASBRO	target.com	HTTPS://WWW.TARGET.COM/B/HASBRO/-/N-5XVYQ
HATBIT	HABIT	target.com	HTTPS://WWW.TARGET.COM/B/HABIT/-/N-Q643LEYWT1B
HATCH	HATCH	target.com	HTTPS://WWW.TARGET.COM/B/HATCH/-/N-IGZEU
HATCHIMAL	HATCHIMALS	target.com	HTTPS://WWW.TARGET.COM/B/HATCHIMALS/-/N-74SWR
HATCHIMALS	HATCHIMALS	target.com	HTTPS://WWW.TARGET.COM/B/HATCHIMALS/-/N-74SWR
HATCHLET	HATCH	target.com	HTTPS://WWW.TARGET.COM/B/HATCH/-/N-IGZEU
HATCHMATIC	HATCH	target.com	HTTPS://WWW.TARGET.COM/B/HATCH/-/N-IGZEU
HATRAKY	SHARPIE	target.com	HTTPS://WWW.TARGET.COM/B/SHARPIE/-/N-56CAK
HAUCK	HAUCK	target.com	HTTPS://WWW.TARGET.COM/B/HAUCK/-/N-Q643LEF9T72
HAUSANDHUES	HAUSANDHUES	target.com	HTTPS://WWW.TARGET.COM/B/HAUS-AND-HUES/-/N-Q643LEFRRMA
HAUSOURCE	HAUSOURCE	target.com	HTTPS://WWW.TARGET.COM/B/HAUSOURCE/-/N-Q643LEXGVA8
HAUTEDECOR	HAUTEDECOR	target.com	HTTPS://WWW.TARGET.COM/B/HAUTE-DECOR/-/N-WSP8K
HAUTEEDITION	HAUTEEDITION	target.com	HTTPS://WWW.TARGET.COM/B/HAUTE-EDITION/-/N-Q643LEGBMCP
HAUTELOOM	HAUTELOOM	target.com	HTTPS://WWW.TARGET.COM/B/HAUTELOOM/-/N-Q643LE1XJN
HAVASUNUTRITION	HAVASUNUTRITION	target.com	HTTPS://WWW.TARGET.COM/B/HAVASU-NUTRITION/-/N-Q643LED4UPO
HAWAIANTROPIC	HAWAIIANTROPIC	target.com	HTTPS://WWW.TARGET.COM/B/HAWAIIAN-TROPIC/-/N-5QE5E
HAWAIIANPUNCH	HAWAIIANPUNCH	target.com	HTTPS://WWW.TARGET.COM/B/HAWAIIAN-PUNCH/-/N-55AND
HAWAIIANSUN	HAWAIIANSUN	target.com	HTTPS://WWW.TARGET.COM/B/HAWAIIAN-SUN/-/N-T2R8Z
HAWAIIANTROPIC	HAWAIIANTROPIC	target.com	HTTPS://WWW.TARGET.COM/B/HAWAIIAN-TROPIC/-/N-5QE5E
HAWAIIIANPUNCH	HAWAIIANPUNCH	target.com	HTTPS://WWW.TARGET.COM/B/HAWAIIAN-PUNCH/-/N-55AND
HAWKHUNTING	HAWK	target.com	HTTPS://WWW.TARGET.COM/B/HAWK/-/N-Q643LE6N99Y
HAWMAMLINEN	HAWMAMLINEN	target.com	HTTPS://WWW.TARGET.COM/B/HAWMAM-LINEN/-/N-Q643LE70DL2
HAWTHORNE	HAWTHORNE	target.com	HTTPS://WWW.TARGET.COM/B/HAWTHORNE/-/N-Q643LENY4WM
HAYHOUSEUK	HAYHOUSEUKLTD	target.com	HTTPS://WWW.TARGET.COM/B/HAY-HOUSE-UK-LTD/-/N-Q643LETCEG4
HAYNES	HANES	target.com	HTTPS://WWW.TARGET.COM/B/HANES/-/N-5XL5Q
HAYNESPUBLISHINGUK	HAYNESPUBLISHINGUK	target.com	HTTPS://WWW.TARGET.COM/B/HAYNES-PUBLISHING-UK/-/N-Q643LEJ9391
HAZELDENPUBLISHING	HAZELDENPUBLISHINGEDUCATIONALSERVICES	target.com	HTTPS://WWW.TARGET.COM/B/HAZELDEN-PUBLISHING-EDUCATIONAL-SERVICES/-/N-Q643LE9NMHG
HBCYOU	HBCYOU	target.com	HTTPS://WWW.TARGET.COM/B/HBCYOU/-/N-Q643LEI47AP
HBEZON	HBEZON	target.com	HTTPS://WWW.TARGET.COM/B/HBEZON/-/N-Q643LERS0MW
HEADLINESIGN	HEADLINESIGN	target.com	HTTPS://WWW.TARGET.COM/B/HEADLINE-SIGN/-/N-Q643LEKXTQF
HEADNSHOULDERS	HEADSHOULDERS	target.com	HTTPS://WWW.TARGET.COM/B/HEAD-SHOULDERS/-/N-56H0D
HEADSHOULDERS	HEADSHOULDERS	target.com	HTTPS://WWW.TARGET.COM/B/HEAD-SHOULDERS/-/N-56H0D
HEALINGSOLUTIONS	HEALINGSOLUTIONS	target.com	HTTPS://WWW.TARGET.COM/B/HEALING-SOLUTIONS/-/N-Q643LE6QGFT
HEALTHA2Z	HEALTHA2Z	target.com	HTTPS://WWW.TARGET.COM/B/HEALTHA2Z/-/N-Q643LEZLFOH
HEALTHFORCESUPERFOODS	HEALTHFORCESUPERFOODS	target.com	HTTPS://WWW.TARGET.COM/B/HEALTHFORCE-SUPERFOODS/-/N-Q643LE8K22Y
HEALTHGARDEN	HEALTHGARDEN	target.com	HTTPS://WWW.TARGET.COM/B/HEALTH-GARDEN/-/N-Q643LEY111T
HEALTHKING	HEALTHKINGMEDICINALTEAS	target.com	HTTPS://WWW.TARGET.COM/B/HEALTH-KING-MEDICINAL-TEAS/-/N-Q643LEMFWYB
HEALTHSHARMONY	HEALTHSHARMONY	target.com	HTTPS://WWW.TARGET.COM/B/HEALTH-S-HARMONY/-/N-Q643LE1BABL
HEALTHSMART	HEALTHSMART	target.com	HTTPS://WWW.TARGET.COM/B/HEALTHSMART/-/N-Q643LEKG0KT
HEALTHVALLEY	HEALTHVALLEY	target.com	HTTPS://WWW.TARGET.COM/B/HEALTH-VALLEY/-/N-4K75Z
HEALTHWISE	HEALTHWISE	target.com	HTTPS://WWW.TARGET.COM/B/HEALTHWISE/-/N-Q643LEGL0MG
HEALTHYBABY	HEALTHYBABY	target.com	HTTPS://WWW.TARGET.COM/B/HEALTHYBABY/-/N-Q643LENFU9R
HEALTHYBELLS	BELLLIFESTYLEPRODUCTS	target.com	HTTPS://WWW.TARGET.COM/B/BELL-LIFESTYLE-PRODUCTS/-/N-Q643LEGU9M
HEALTHYBREEDS	HEALTHYBREEDS	target.com	HTTPS://WWW.TARGET.COM/B/HEALTHY-BREEDS/-/N-Q643LE405CQ
HEALTHYCHOICE	HEALTHYCHOICE	target.com	HTTPS://WWW.TARGET.COM/B/HEALTHY-CHOICE/-/N-56DQ9
HEALTHYCHOICES	HEALTHYCHOICE	target.com	HTTPS://WWW.TARGET.COM/B/HEALTHY-CHOICE/-/N-56DQ9
HEALTHYCLEAR	HERBALCLEARNATURALLY	target.com	HTTPS://WWW.TARGET.COM/B/HERBAL-CLEAR-NATURALLY/-/N-Q643LEFXT3
HEALTHYHUMAN	HEALTHYHUMAN	target.com	HTTPS://WWW.TARGET.COM/B/HEALTHY-HUMAN/-/N-Q643LEXMCN1
HEALTHYORIGINS	HEALTHYORIGINS	target.com	HTTPS://WWW.TARGET.COM/B/HEALTHY-ORIGINS/-/N-Q643LEB20EI
HEALTHYROOTSDOLLS	HEALTHYROOTSDOLLS	target.com	HTTPS://WWW.TARGET.COM/B/HEALTHY-ROOTS-DOLLS/-/N-Q643LE2DPYC
HEANDY	HANDY	target.com	HTTPS://WWW.TARGET.COM/B/HANDY/-/N-Q643LETSSOZ
HEAO	HEAO	target.com	HTTPS://WWW.TARGET.COM/B/HEAO/-/N-Q643LEE44L3
HEAROS	HEAROS	target.com	HTTPS://WWW.TARGET.COM/B/HEAROS/-/N-YYLAG
HEAROSEARPLUGS	HEAROS	target.com	HTTPS://WWW.TARGET.COM/B/HEAROS/-/N-YYLAG
HEARSMILE	HISMILE	target.com	HTTPS://WWW.TARGET.COM/B/HISMILE/-/N-Q643LEV96YY
HEARTHANDHAND	HEARTHHANDWITHMAGNOLIA	target.com	HTTPS://WWW.TARGET.COM/B/HEARTH-HAND-WITH-MAGNOLIA/-/N-2L26W
HEARTHANDHANDMAGNOLIA	HEARTHHANDWITHMAGNOLIA	target.com	HTTPS://WWW.TARGET.COM/B/HEARTH-HAND-WITH-MAGNOLIA/-/N-2L26W
HEARTHANDHANDWITHMAGNOLIA	HEARTHHANDWITHMAGNOLIA	target.com	HTTPS://WWW.TARGET.COM/B/HEARTH-HAND-WITH-MAGNOLIA/-/N-2L26W
HEARTHANDHANDWITMAGNOLIA	HEARTHHANDWITHMAGNOLIA	target.com	HTTPS://WWW.TARGET.COM/B/HEARTH-HAND-WITH-MAGNOLIA/-/N-2L26W
HEARTHANDWITHMAGNOLIA	HEARTHHANDWITHMAGNOLIA	target.com	HTTPS://WWW.TARGET.COM/B/HEARTH-HAND-WITH-MAGNOLIA/-/N-2L26W
HEARTHBRANDS	HEARTHBRANDS	target.com	HTTPS://WWW.TARGET.COM/B/HEARTH-BRANDS/-/N-Q643LEUYFH5
HEARTHHAND	HEARTHHANDWITHMAGNOLIA	target.com	HTTPS://WWW.TARGET.COM/B/HEARTH-HAND-WITH-MAGNOLIA/-/N-2L26W
HEARTHHANDTMWITHMAGNOLIA	HEARTHHANDWITHMAGNOLIA	target.com	HTTPS://WWW.TARGET.COM/B/HEARTH-HAND-WITH-MAGNOLIA/-/N-2L26W
HEARTHHANDWITHMAGNOLIA	HEARTHHANDWITHMAGNOLIA	target.com	HTTPS://WWW.TARGET.COM/B/HEARTH-HAND-WITH-MAGNOLIA/-/N-2L26W
HEARTHHANDWMAGNOLIAFURNITURE	HEARTHHANDWMAGNOLIAFURNITURE	target.com	HTTPS://WWW.TARGET.COM/B/HEARTH-HAND-W-MAGNOLIA-FURNITURE/-/N-Q643LEDEXP
HEARTHHARBOR	HEARTHHARBOR	target.com	HTTPS://WWW.TARGET.COM/B/HEARTH-HARBOR/-/N-Q643LE4EW5L
HEARTHPRO	HEARTHPRO	target.com	HTTPS://WWW.TARGET.COM/B/HEARTHPRO/-/N-Q643LEMLYIJ
HEATAK	HEATTECH	target.com	HTTPS://WWW.TARGET.COM/B/HEATTECH/-/N-Q643LE5HI1L
HEATAPPLY	THERMACARE	target.com	HTTPS://WWW.TARGET.COM/B/THERMACARE/-/N-55U3Y
HEATERSPORTS	HEATERSPORTS	target.com	HTTPS://WWW.TARGET.COM/B/HEATER-SPORTS/-/N-Q643LE8TH2P
HEATHANDHANDWITHMAGNOLIA	HEARTHHANDWITHMAGNOLIA	target.com	HTTPS://WWW.TARGET.COM/B/HEARTH-HAND-WITH-MAGNOLIA/-/N-2L26W
HEATHOLDERS	HEATHOLDERS	target.com	HTTPS://WWW.TARGET.COM/B/HEAT-HOLDERS/-/N-AI8HH
HEATHOUTDOORPRODUCTS	HEATHOUTDOORPRODUCTS	target.com	HTTPS://WWW.TARGET.COM/B/HEATH-OUTDOOR-PRODUCTS/-/N-Q643LE5XQRW
HEATHYBABY	HEALTHYBABY	target.com	HTTPS://WWW.TARGET.COM/B/HEALTHYBABY/-/N-Q643LENFU9R
HEATNBOND	HEATNBOND	target.com	HTTPS://WWW.TARGET.COM/B/HEATNBOND/-/N-Q643LEE8QOP
HEATNBONDHEATNBOND	HEATNBOND	target.com	HTTPS://WWW.TARGET.COM/B/HEATNBOND/-/N-Q643LEE8QOP
HEATSISTENCE	HEATTECH	target.com	HTTPS://WWW.TARGET.COM/B/HEATTECH/-/N-Q643LE5HI1L
HEATTECH	HEATTECH	target.com	HTTPS://WWW.TARGET.COM/B/HEATTECH/-/N-Q643LE5HI1L
HEATTRENDZ	HEATTRENDZ	target.com	HTTPS://WWW.TARGET.COM/B/HEAT-TRENDZ/-/N-Q643LE9QO3V
HEATTRENDZ	HEATTECH	target.com	HTTPS://WWW.TARGET.COM/B/HEATTECH/-/N-Q643LE5HI1L
HEAVENLYHUNKS	HEAVENLYHUNKS	target.com	HTTPS://WWW.TARGET.COM/B/HEAVENLY-HUNKS/-/N-Q643LE5QZHC
HEAYO	HEAO	target.com	HTTPS://WWW.TARGET.COM/B/HEAO/-/N-Q643LEE44L3
HEDSTROMTOYS	HEDSTROM	target.com	HTTPS://WWW.TARGET.COM/B/HEDSTROM/-/N-4XUO9
HEELBO	HEELBO	target.com	HTTPS://WWW.TARGET.COM/B/HEELBO/-/N-Q643LEKOQ55
HEEWTOS	CHEETOS	target.com	HTTPS://WWW.TARGET.COM/B/CHEETOS/-/N-56DG8
HEFTY	HEFTY	target.com	HTTPS://WWW.TARGET.COM/B/HEFTY/-/N-5Q242
HEFTYFOOD	HEFTY	target.com	HTTPS://WWW.TARGET.COM/B/HEFTY/-/N-5Q242
HEGOS	LEGO	target.com	HTTPS://WWW.TARGET.COM/B/LEGO/-/N-56H5N
HEIDISWAPP	HEIDISWAPP	target.com	HTTPS://WWW.TARGET.COM/B/HEIDI-SWAPP/-/N-Q643LE3PRVV
HEIDISWAPPWRMK	HEIDISWAPP	target.com	HTTPS://WWW.TARGET.COM/B/HEIDI-SWAPP/-/N-Q643LE3PRVV
HEIFULEY	HICHEW	target.com	HTTPS://WWW.TARGET.COM/B/HI-CHEW/-/N-IRK30
HEIMCONCEPT	HEIMCONCEPT	target.com	HTTPS://WWW.TARGET.COM/B/HEIM-CONCEPT/-/N-Q643LEPAH5B
HEIMISH	HEIMISHUSA	target.com	HTTPS://WWW.TARGET.COM/B/HEIMISH-USA/-/N-Q643LEAP56W
HEINEMANN	HEINEMANNEDUCATIONALBOOKS	target.com	HTTPS://WWW.TARGET.COM/B/HEINEMANN-EDUCATIONAL-BOOKS/-/N-Q643LEU8J19
HEINEMANNEDUCATIONALBOOKS	HEINEMANNEDUCATIONALBOOKS	target.com	HTTPS://WWW.TARGET.COM/B/HEINEMANN-EDUCATIONAL-BOOKS/-/N-Q643LEU8J19
HEINZ	HEINZ	target.com	HTTPS://WWW.TARGET.COM/B/HEINZ/-/N-56DJ5
HEKMAN	HEKMAN	target.com	HTTPS://WWW.TARGET.COM/B/HEKMAN/-/N-N6F4P
HELLACOCKTAILCO	HELLACOCKTAILCO	target.com	HTTPS://WWW.TARGET.COM/B/HELLA-COCKTAIL-CO/-/N-Q643LEWY92N
HELLMANNS	HELLMANNS	target.com	HTTPS://WWW.TARGET.COM/B/HELLMANN-S/-/N-NV2N2
HELLMANS	HELLMANNS	target.com	HTTPS://WWW.TARGET.COM/B/HELLMANN-S/-/N-NV2N2
HELLO	HELLO	target.com	HTTPS://WWW.TARGET.COM/B/HELLO/-/N-4UEY8
HELLOB	HELLO	target.com	HTTPS://WWW.TARGET.COM/B/HELLO/-/N-4UEY8
HELLOBELLO	HELLOBELLO	target.com	HTTPS://WWW.TARGET.COM/B/HELLO-BELLO/-/N-Q643LE9EFW4
HELLOCAKE	HELLOCAKE	target.com	HTTPS://WWW.TARGET.COM/B/HELLO-CAKE/-/N-Q643LEYU4ML
HELLODR	HELLO	target.com	HTTPS://WWW.TARGET.COM/B/HELLO/-/N-4UEY8
HELLOMELLO	HELLOMELLO	target.com	HTTPS://WWW.TARGET.COM/B/HELLO-MELLO/-/N-Q643LEXAVGB
HELLOPRODUCTS	HELLO	target.com	HTTPS://WWW.TARGET.COM/B/HELLO/-/N-4UEY8
HELLOTODAY	HELLO	target.com	HTTPS://WWW.TARGET.COM/B/HELLO/-/N-4UEY8
HELLSKITCHEN	HELLSKITCHEN	target.com	HTTPS://WWW.TARGET.COM/B/HELL-S-KITCHEN/-/N-XJZNT
HELMANS	HELLMANNS	target.com	HTTPS://WWW.TARGET.COM/B/HELLMANN-S/-/N-NV2N2
HEMANI	HEMANI	target.com	HTTPS://WWW.TARGET.COM/B/HEMANI/-/N-Q643LEQO6E9
HEMPANA	HEMPVANA	target.com	HTTPS://WWW.TARGET.COM/B/HEMPVANA/-/N-Q643LEZYOTA
HEMPVANA	HEMPVANA	target.com	HTTPS://WWW.TARGET.COM/B/HEMPVANA/-/N-Q643LEZYOTA
HEMPZ	HEMPZ	target.com	HTTPS://WWW.TARGET.COM/B/HEMPZ/-/N-9KL5L
HENBRANDT	HENBRANDT	target.com	HTTPS://WWW.TARGET.COM/B/HENBRANDT/-/N-Q643LEASWH2
HENCKELS	HENCKELS	target.com	HTTPS://WWW.TARGET.COM/B/HENCKELS/-/N-Q643LEMUBDC
