10STRAWBERRYSTREET	TENSTRAWBERRYSTREET	wayfair.com	HTTPS://WWW.WAYFAIR.COM/BRAND/BND/TEN-STRAWBERRY-STREET-B2454.HTML
123CREATIONS	123CREATIONS	wayfair.com	HTTPS://WWW.WAYFAIR.COM/BRAND/BND/123-CREATIONS-B17966.HTML
14KARAT	14KARATHOME	wayfair.com	HTTPS://WWW.WAYFAIR.COM/BRAND/BND/14-KARAT-HOME-INC-B38329.HTML
14KARATHOME	14KARATHOME	wayfair.com	HTTPS://WWW.WAYFAIR.COM/BRAND/BND/14-KARAT-HOME-INC-B38329.HTML
17STORIES	17STORIES	wayfair.com	HTTPS://WWW.WAYFAIR.COM/BRAND/BND/17-STORIES-B44315.HTML
1888MILLS	1888MILLS	wayfair.com	HTTPS://WWW.WAYFAIR.COM/BRAND/BND/1888-MILLS-B37760.HTML
18KARAT	18KARAT	wayfair.com	HTTPS://WWW.WAYFAIR.COM/BRAND/BND/18KARAT-B42777.HTML
1977DRYGOODS	1977DRYGOODS	wayfair.com	HTTPS://WWW.WAYFAIR.COM/BRAND/BND/1977-DRY-GOODS-B41240.HTML
1EASTURBAN	EASTURBANHOME	wayfair.com	HTTPS://WWW.WAYFAIR.COM/BRAND/BND/EAST-URBAN-HOME-B40001.HTML
1EASYLIFE	1EASYLIFE	wayfair.com	HTTPS://WWW.WAYFAIR.COM/BRAND/BND/1EASYLIFE-B59550.HTML
1INCHOME	1INCHOME	wayfair.com	HTTPS://WWW.WAYFAIR.COM/BRAND/BND/1INCHOME-B61417.HTML
222FIFTH	222FIFTH	wayfair.com	HTTPS://WWW.WAYFAIR.COM/BRAND/BND/222-FIFTH-B22984.HTML
222FIFTHELIZATEALTURQUOISE	222FIFTH	wayfair.com	HTTPS://WWW.WAYFAIR.COM/BRAND/BND/222-FIFTH-B22984.HTML
222FIFTHGAIA	222FIFTH	wayfair.com	HTTPS://WWW.WAYFAIR.COM/BRAND/BND/222-FIFTH-B22984.HTML
2MAMABEES	2MAMABEES	wayfair.com	HTTPS://WWW.WAYFAIR.COM/BRAND/BND/2MAMABEES-B69144.HTML
2X4BASICS	2X4BASICS	wayfair.com	HTTPS://WWW.WAYFAIR.COM/BRAND/BND/2X4-BASICS-B35894.HTML
2XHOME	2XHOME	wayfair.com	HTTPS://WWW.WAYFAIR.COM/BRAND/BND/2XHOME-B52261.HTML
39FINCLIVING	39F	wayfair.com	HTTPS://WWW.WAYFAIR.COM/BRAND/BND/39F-INC-B45094.HTML
3SPROUTS	3SPROUTS	wayfair.com	HTTPS://WWW.WAYFAIR.COM/BRAND/BND/3-SPROUTS-B6898.HTML
4DCONCEPTS	4DCONCEPTS	wayfair.com	HTTPS://WWW.WAYFAIR.COM/BRAND/BND/4D-CONCEPTS-B2688.HTML
4EVERPRODUCTS	4EVERPRODUCTS	wayfair.com	HTTPS://WWW.WAYFAIR.COM/BRAND/BND/4EVERPRODUCTS-B40174.HTML
510DESIGN	510DESIGN	wayfair.com	HTTPS://WWW.WAYFAIR.COM/BRAND/BND/510-DESIGN-B46977.HTML
59S	59S	wayfair.com	HTTPS://WWW.WAYFAIR.COM/BRAND/BND/59S-B59392.HTML
8NET	8NET	wayfair.com	HTTPS://WWW.WAYFAIR.COM/BRAND/BND/8-NET-INC-B81020.HTML
8OAKLANE	8OAKLANE	wayfair.com	HTTPS://WWW.WAYFAIR.COM/BRAND/BND/8-OAK-LANE-B42693.HTML
9BYNOVOGRATZ	NOVOGRATZ	wayfair.com	HTTPS://WWW.WAYFAIR.COM/BRAND/BND/NOVOGRATZ-B44169.HTML
A1HCA1HOMECOLLECTIONS	A1HOMECOLLECTIONS	wayfair.com	HTTPS://WWW.WAYFAIR.COM/BRAND/BND/A1-HOME-COLLECTIONS-LLC-B34250.HTML
A1HOMECOLLECTION	A1HOMECOLLECTIONS	wayfair.com	HTTPS://WWW.WAYFAIR.COM/BRAND/BND/A1-HOME-COLLECTIONS-LLC-B34250.HTML
A1HOMECOLLECTIONS	A1HOMECOLLECTIONS	wayfair.com	HTTPS://WWW.WAYFAIR.COM/BRAND/BND/A1-HOME-COLLECTIONS-LLC-B34250.HTML
AAOBOSI	AAOBOSI	wayfair.com	HTTPS://WWW.WAYFAIR.COM/BRAND/BND/AAOBOSI-B91670.HTML
AARCO	AARCO	wayfair.com	HTTPS://WWW.WAYFAIR.COM/BRAND/BND/AARCO-B2133.HTML
AAWAREHOUSING	AAWAREHOUSING	wayfair.com	HTTPS://WWW.WAYFAIR.COM/BRAND/BND/AA-WAREHOUSING-B51906.HTML
ABACASA	ABACASA	wayfair.com	HTTPS://WWW.WAYFAIR.COM/BRAND/BND/ABACASA-B21210.HTML
ABAQCASA	ABACASA	wayfair.com	HTTPS://WWW.WAYFAIR.COM/BRAND/BND/ABACASA-B21210.HTML
ABBAPATIO	ABBAPATIO	wayfair.com	HTTPS://WWW.WAYFAIR.COM/BRAND/BND/ABBA-PATIO-B37632.HTML
ABBAPATIOSTORE	ABBAPATIO	wayfair.com	HTTPS://WWW.WAYFAIR.COM/BRAND/BND/ABBA-PATIO-B37632.HTML
ABBEYSON	ABBYSONHOME	wayfair.com	HTTPS://WWW.WAYFAIR.COM/BRAND/BND/ABBYSON-HOME-B7550.HTML
ABBIEHOME	ABBIEHOME	wayfair.com	HTTPS://WWW.WAYFAIR.COM/BRAND/BND/ABBIE-HOME-B60464.HTML
ABBYSON	ABBYSONHOME	wayfair.com	HTTPS://WWW.WAYFAIR.COM/BRAND/BND/ABBYSON-HOME-B7550.HTML
ABBYSONFURNITURE	ABBYSONHOME	wayfair.com	HTTPS://WWW.WAYFAIR.COM/BRAND/BND/ABBYSON-HOME-B7550.HTML
ABBYSONLIVING	ABBYSONHOME	wayfair.com	HTTPS://WWW.WAYFAIR.COM/BRAND/BND/ABBYSON-HOME-B7550.HTML
ABBYSONLIVINGDROPSHIP	ABBYSONHOME	wayfair.com	HTTPS://WWW.WAYFAIR.COM/BRAND/BND/ABBYSON-HOME-B7550.HTML
ABBYSONRUSSELL	ABBYSONHOME	wayfair.com	HTTPS://WWW.WAYFAIR.COM/BRAND/BND/ABBYSON-HOME-B7550.HTML
ABCANOPY	ABCCANOPY	wayfair.com	HTTPS://WWW.WAYFAIR.COM/BRAND/BND/ABCCANOPY-B54266.HTML
ABCCANOPY	ABCCANOPY	wayfair.com	HTTPS://WWW.WAYFAIR.COM/BRAND/BND/ABCCANOPY-B54266.HTML
ABCCANOPYLOCATIONB89	ABCCANOPY	wayfair.com	HTTPS://WWW.WAYFAIR.COM/BRAND/BND/ABCCANOPY-B54266.HTML
ABCCANOPYMASTERCANOPY	ABCCANOPY	wayfair.com	HTTPS://WWW.WAYFAIR.COM/BRAND/BND/ABCCANOPY-B54266.HTML
ABCCANOPYSTORE	ABCCANOPY	wayfair.com	HTTPS://WWW.WAYFAIR.COM/BRAND/BND/ABCCANOPY-B54266.HTML
ABCHOMECOLLECTION	ABCHOMECOLLECTIONB40606	wayfair.com	HTTPS://WWW.WAYFAIR.COM/BRAND/BND/ABCHOMECOLLECTION-B40606-MASTERCLID~3780.HTML
ABETTERBLIND	ABETTERBLIND	wayfair.com	HTTPS://WWW.WAYFAIR.COM/BRAND/BND/A-BETTER-BLIND-B48508.HTML
ABHOME	ABHOME	wayfair.com	HTTPS://WWW.WAYFAIR.COM/BRAND/BND/A-B-HOME-B13844.HTML
ABHOMEABHAF	ABHOME	wayfair.com	HTTPS://WWW.WAYFAIR.COM/BRAND/BND/A-B-HOME-B13844.HTML
ABHOMEGROUP	ABHOME	wayfair.com	HTTPS://WWW.WAYFAIR.COM/BRAND/BND/A-B-HOME-B13844.HTML
ABIGAILS	ABIGAILS	wayfair.com	HTTPS://WWW.WAYFAIR.COM/BRAND/BND/ABIGAILS-B18184.HTML
ABOLOS	ABOLOS	wayfair.com	HTTPS://WWW.WAYFAIR.COM/BRAND/BND/ABOLOS-B37511.HTML
ABOSI	AOBOSI	wayfair.com	HTTPS://WWW.WAYFAIR.COM/BRAND/BND/AOBOSI-B62317.HTML
ABOUTABED	BYOURBED	wayfair.com	HTTPS://WWW.WAYFAIR.COM/BRAND/BND/BYOURBED-B44151.HTML
ABOXOO	ABOXOO	wayfair.com	HTTPS://WWW.WAYFAIR.COM/BRAND/BND/ABOXOO-B62370.HTML
ABYYSONOUTDOORS	ABBYSONHOME	wayfair.com	HTTPS://WWW.WAYFAIR.COM/BRAND/BND/ABBYSON-HOME-B7550.HTML
ACCENTPLUS	ACCENTPLUS	wayfair.com	HTTPS://WWW.WAYFAIR.COM/BRAND/BND/ACCENT-PLUS-B64259.HTML
ACCENTSBYJAY	ACCENTSBYJAY	wayfair.com	HTTPS://WWW.WAYFAIR.COM/BRAND/BND/ACCENTS-BY-JAY-B17587.HTML
ACCENTSDEPOTABOVEBOARDLIFESTYLES	LIVINGACCENTS	wayfair.com	HTTPS://WWW.WAYFAIR.COM/BRAND/BND/LIVINGACCENTS-B41667.HTML
ACCENTUATIONSBYMANHATTANCOMFORT	ABMC	wayfair.com	HTTPS://WWW.WAYFAIR.COM/BRAND/BND/ABMC-B42619.HTML
ACCESSLIGHTINGHI	ACCESSLIGHTING	wayfair.com	HTTPS://WWW.WAYFAIR.COM/BRAND/BND/ACCESS-LIGHTING-B429.HTML
ACCLAIMLIGHTING	ACCLAIMLIGHTING	wayfair.com	HTTPS://WWW.WAYFAIR.COM/BRAND/BND/ACCLAIM-LIGHTING-B18876.HTML
ACCUDART	ACCUDART	wayfair.com	HTTPS://WWW.WAYFAIR.COM/BRAND/BND/ACCUDART-B1408.HTML
ACCURATEX	ACCURATEX	wayfair.com	HTTPS://WWW.WAYFAIR.COM/BRAND/BND/ACCURATEX-B102747.HTML
ACCUTIME	ACCUTIMEWATCHCORP	wayfair.com	HTTPS://WWW.WAYFAIR.COM/BRAND/BND/ACCUTIME-WATCH-CORP-B70429.HTML
ACECASUAL	ACECASUALFURNITURE	wayfair.com	HTTPS://WWW.WAYFAIR.COM/BRAND/BND/ACE-CASUAL-FURNITURE-B43863.HTML
ACECASUALFURNITURE	ACECASUALFURNITURE	wayfair.com	HTTPS://WWW.WAYFAIR.COM/BRAND/BND/ACE-CASUAL-FURNITURE-B43863.HTML
ACEOJOY	AECOJOY	wayfair.com	HTTPS://WWW.WAYFAIR.COM/BRAND/BND/AECOJOY-B65060.HTML
ACHHIMHOMEFURNISHING	ACHIMIMPORTINGCO	wayfair.com	HTTPS://WWW.WAYFAIR.COM/BRAND/BND/ACHIM-IMPORTING-CO-B20854.HTML
ACHILDSUPPLY	ACHILDSUPPLY	wayfair.com	HTTPS://WWW.WAYFAIR.COM/BRAND/BND/A-CHILD-SUPPLY-B7637.HTML
ACHIM	ACHIMIMPORTINGCO	wayfair.com	HTTPS://WWW.WAYFAIR.COM/BRAND/BND/ACHIM-IMPORTING-CO-B20854.HTML
ACHIMHOMEFURNISHINGS	ACHIMIMPORTINGCO	wayfair.com	HTTPS://WWW.WAYFAIR.COM/BRAND/BND/ACHIM-IMPORTING-CO-B20854.HTML
ACHIMHOMEFURNISHINGSCHIC	ACHIMIMPORTINGCO	wayfair.com	HTTPS://WWW.WAYFAIR.COM/BRAND/BND/ACHIM-IMPORTING-CO-B20854.HTML
ACHIMHOMEFURNISHINGSL	ACHIMIMPORTINGCO	wayfair.com	HTTPS://WWW.WAYFAIR.COM/BRAND/BND/ACHIM-IMPORTING-CO-B20854.HTML
ACHIMIMPORTING	ACHIMIMPORTINGCO	wayfair.com	HTTPS://WWW.WAYFAIR.COM/BRAND/BND/ACHIM-IMPORTING-CO-B20854.HTML
ACHIMIMPORTINGCO	ACHIMIMPORTINGCO	wayfair.com	HTTPS://WWW.WAYFAIR.COM/BRAND/BND/ACHIM-IMPORTING-CO-B20854.HTML
ACHIMIMPORTS	ACHIMIMPORTINGCO	wayfair.com	HTTPS://WWW.WAYFAIR.COM/BRAND/BND/ACHIM-IMPORTING-CO-B20854.HTML
ACHLA	ACHLA	wayfair.com	HTTPS://WWW.WAYFAIR.COM/BRAND/BND/ACHLA-B1887.HTML
ACHLADESIGNS	ACHLADESIGNS	wayfair.com	HTTPS://WWW.WAYFAIR.COM/BRAND/BND/ACHLA-DESIGNS-B75436.HTML
ACHLAOUTDOOR	ACHLA	wayfair.com	HTTPS://WWW.WAYFAIR.COM/BRAND/BND/ACHLA-B1887.HTML
ACMEFURNITURE	ACMEFURNITURE	wayfair.com	HTTPS://WWW.WAYFAIR.COM/BRAND/BND/ACME-FURNITURE-B8165.HTML
ACMEFURNITUREINDUSTRY	ACMEFURNITURE	wayfair.com	HTTPS://WWW.WAYFAIR.COM/BRAND/BND/ACME-FURNITURE-B8165.HTML
ACPACIFICBILL	ACPACIFIC	wayfair.com	HTTPS://WWW.WAYFAIR.COM/BRAND/BND/AC-PACIFIC-B15520.HTML
ACRIMET	ACRIMET	wayfair.com	HTTPS://WWW.WAYFAIR.COM/BRAND/BND/ACRIMET-B59381.HTML
ACROMA	ACROMA	wayfair.com	HTTPS://WWW.WAYFAIR.COM/BRAND/BND/ACROMA-B58999.HTML
ACTIVPLAY	ACTIVPLAY	wayfair.com	HTTPS://WWW.WAYFAIR.COM/BRAND/BND/ACTIVPLAY-B56630.HTML
ACURARUGS	ACURARUGS	wayfair.com	HTTPS://WWW.WAYFAIR.COM/BRAND/BND/ACURA-RUGS-B8125.HTML
ACWARMHOME	WARMHOMEDESIGNS	wayfair.com	HTTPS://WWW.WAYFAIR.COM/BRAND/BND/WARM-HOME-DESIGNS-B60272.HTML
ADAMSTOWNATHOME	THOMASVILLEATHOME	wayfair.com	HTTPS://WWW.WAYFAIR.COM/BRAND/BND/THOMASVILLE-AT-HOME-B41985.HTML
ADARL	ADARL	wayfair.com	HTTPS://WWW.WAYFAIR.COM/BRAND/BND/ADARL-B64943.HTML
ADDINGTONPARK	ADDINGTONPARK	wayfair.com	HTTPS://WWW.WAYFAIR.COM/BRAND/BND/ADDINGTON-PARK-B52395.HTML
ADDOK	ADDOK	wayfair.com	HTTPS://WWW.WAYFAIR.COM/BRAND/BND/ADDOK-B66877.HTML
ADDRESSESOFDISTINCTION	ADDRESSESOFDISTINCTION	wayfair.com	HTTPS://WWW.WAYFAIR.COM/BRAND/BND/ADDRESSES-OF-DISTINCTION-B48493.HTML
ADECO	ADECOTRADING	wayfair.com	HTTPS://WWW.WAYFAIR.COM/BRAND/BND/ADECOTRADING-B35640.HTML
ADECOK	ADECOTRADING	wayfair.com	HTTPS://WWW.WAYFAIR.COM/BRAND/BND/ADECOTRADING-B35640.HTML
ADECOTRADING	ADECOTRADING	wayfair.com	HTTPS://WWW.WAYFAIR.COM/BRAND/BND/ADECOTRADING-B35640.HTML
ADENGL	ADENGL	wayfair.com	HTTPS://WWW.WAYFAIR.COM/BRAND/BND/ADENGL-B111551.HTML
ADHOC	ADHOC	wayfair.com	HTTPS://WWW.WAYFAIR.COM/BRAND/BND/ADHOC-B55170.HTML
ADIRCOPORATION	ADIRCORP	wayfair.com	HTTPS://WWW.WAYFAIR.COM/BRAND/BND/ADIR-CORP-B10412.HTML
ADIRHOME	ADIRHOME	wayfair.com	HTTPS://WWW.WAYFAIR.COM/BRAND/BND/ADIRHOME-B45757.HTML
ADIROFFICE	ADIROFFICE	wayfair.com	HTTPS://WWW.WAYFAIR.COM/BRAND/BND/ADIROFFICE-B45108.HTML
ADLMIREDBYNATURE	ADMIREDBYNATURE	wayfair.com	HTTPS://WWW.WAYFAIR.COM/BRAND/BND/ADMIREDBYNATURE-B38419.HTML
ADMIREDBYNATURE	ADMIREDBYNATURE	wayfair.com	HTTPS://WWW.WAYFAIR.COM/BRAND/BND/ADMIREDBYNATURE-B38419.HTML
ADNART	ADNART	wayfair.com	HTTPS://WWW.WAYFAIR.COM/BRAND/BND/ADNART-B24727.HTML
ADOREDECOR	ADOREDECOR	wayfair.com	HTTPS://WWW.WAYFAIR.COM/BRAND/BND/ADORE-DECOR-B51367.HTML
ADORIC	ADORIC	wayfair.com	HTTPS://WWW.WAYFAIR.COM/BRAND/BND/ADORIC-B57126.HTML
ADORNEVE	ADORNEVE	wayfair.com	HTTPS://WWW.WAYFAIR.COM/BRAND/BND/ADORNEVE-B64958.HTML
ADUDUMAX	ADAMAX	wayfair.com	HTTPS://WWW.WAYFAIR.COM/BRAND/BND/ADAMAX-B40573.HTML
ADVANCEDGRAPHICS	ADVANCEDGRAPHICS	wayfair.com	HTTPS://WWW.WAYFAIR.COM/BRAND/BND/ADVANCED-GRAPHICS-B2706.HTML
ADVANCEDORGANIZINGSYSTEMS	ADVANCEDORGANIZINGSYSTEMS	wayfair.com	HTTPS://WWW.WAYFAIR.COM/BRAND/BND/ADVANCED-ORGANIZING-SYSTEMS-B22658.HTML
ADVANCEDPUREAIR	ADVANCEDPUREAIR	wayfair.com	HTTPS://WWW.WAYFAIR.COM/BRAND/BND/ADVANCED-PURE-AIR-B68574.HTML
ADVANCING	ADVANING	wayfair.com	HTTPS://WWW.WAYFAIR.COM/BRAND/BND/ADVANING-B36405.HTML
ADVANING	ADVANING	wayfair.com	HTTPS://WWW.WAYFAIR.COM/BRAND/BND/ADVANING-B36405.HTML
ADVWIN	ADVWIN	wayfair.com	HTTPS://WWW.WAYFAIR.COM/BRAND/BND/ADVWIN-B102045.HTML
ADZIF	ADZIF	wayfair.com	HTTPS://WWW.WAYFAIR.COM/BRAND/BND/ADZIF-B9929.HTML
AECOJOY	AECOJOY	wayfair.com	HTTPS://WWW.WAYFAIR.COM/BRAND/BND/AECOJOY-B65060.HTML
AELGA	AELGA	wayfair.com	HTTPS://WWW.WAYFAIR.COM/BRAND/BND/AELGA-B59618.HTML
AEONFURNITURE	AEONFURNITURE	wayfair.com	HTTPS://WWW.WAYFAIR.COM/BRAND/BND/AEON-FURNITURE-B20168.HTML
AEONFURNITUREA20	AEONFURNITURE	wayfair.com	HTTPS://WWW.WAYFAIR.COM/BRAND/BND/AEON-FURNITURE-B20168.HTML
AEOUTDOORAEOUA	AEOUTDOOR	wayfair.com	HTTPS://WWW.WAYFAIR.COM/BRAND/BND/AE-OUTDOOR-B30674.HTML
AFASTAINLESS	AFASTAINLESS	wayfair.com	HTTPS://WWW.WAYFAIR.COM/BRAND/BND/AFA-STAINLESS-B54257.HTML
AFDHOME	AFDHOME	wayfair.com	HTTPS://WWW.WAYFAIR.COM/BRAND/BND/AFD-HOME-B52117.HTML
AFDQB	AFDHOME	wayfair.com	HTTPS://WWW.WAYFAIR.COM/BRAND/BND/AFD-HOME-B52117.HTML
AFFINITYLINENS	AFFINITYLINENS	wayfair.com	HTTPS://WWW.WAYFAIR.COM/BRAND/BND/AFFINITY-LINENS-B36366.HTML
AFGBABY	AFGINTERNATIONALFURNITURE	wayfair.com	HTTPS://WWW.WAYFAIR.COM/BRAND/BND/AFG-INTERNATIONAL-FURNITURE-B5125.HTML
AFGBABYFURNITURE	AFGINTERNATIONALFURNITURE	wayfair.com	HTTPS://WWW.WAYFAIR.COM/BRAND/BND/AFG-INTERNATIONAL-FURNITURE-B5125.HTML
AFGINTERNATIONALPRODUCTS	AFGINTERNATIONALFURNITURE	wayfair.com	HTTPS://WWW.WAYFAIR.COM/BRAND/BND/AFG-INTERNATIONAL-FURNITURE-B5125.HTML
AFIFURNISHING	AFIFURNISHINGS	wayfair.com	HTTPS://WWW.WAYFAIR.COM/BRAND/BND/AFI-FURNISHINGS-B443.HTML
AFIFURNISHINGS	AFIFURNISHINGS	wayfair.com	HTTPS://WWW.WAYFAIR.COM/BRAND/BND/AFI-FURNISHINGS-B443.HTML
AFIFURNITURE	AFIFURNISHINGS	wayfair.com	HTTPS://WWW.WAYFAIR.COM/BRAND/BND/AFI-FURNISHINGS-B443.HTML
AFLIGHTING	AFLIGHTING	wayfair.com	HTTPS://WWW.WAYFAIR.COM/BRAND/BND/AF-LIGHTING-B7000.HTML
AFOXOS	AFOXSOS	wayfair.com	HTTPS://WWW.WAYFAIR.COM/BRAND/BND/AFOXSOS-B71610.HTML
AFOXSOS	AFOXSOS	wayfair.com	HTTPS://WWW.WAYFAIR.COM/BRAND/BND/AFOXSOS-B71610.HTML
AFTMKRPLMFORKITCHENAID	KITCHENAID	wayfair.com	HTTPS://WWW.WAYFAIR.COM/BRAND/BND/KITCHENAID-B1112.HTML
AFULAENTERPRISES	AFULAENTERPRISES	wayfair.com	HTTPS://WWW.WAYFAIR.COM/BRAND/BND/AFULAENTERPRISES-B48615.HTML
AFULAI	AFULAENTERPRISES	wayfair.com	HTTPS://WWW.WAYFAIR.COM/BRAND/BND/AFULAENTERPRISES-B48615.HTML
AGELESSIRON	AGELESSIRON	wayfair.com	HTTPS://WWW.WAYFAIR.COM/BRAND/BND/AGELESS-IRON-B53293.HTML
AGIMOLI	AMAGABELI	wayfair.com	HTTPS://WWW.WAYFAIR.COM/BRAND/BND/AMAGABELI-B58692.HTML
AHCCOHDER	HOOKERFURNITURE	wayfair.com	HTTPS://WWW.WAYFAIR.COM/BRAND/BND/HOOKER-FURNITURE-B1513.HTML
AHEAPLUS	AHEAPLUS	wayfair.com	HTTPS://WWW.WAYFAIR.COM/BRAND/BND/AHEAPLUS-B93271.HTML
AHEYHOM	AHHPRODUCTS	wayfair.com	HTTPS://WWW.WAYFAIR.COM/BRAND/BND/AHH-PRODUCTS-B24087.HTML
AHF	AHFPRODUCTS	wayfair.com	HTTPS://WWW.WAYFAIR.COM/BRAND/BND/AHF-PRODUCTS-B51507.HTML
AHFWPM	AHFPRODUCTS	wayfair.com	HTTPS://WWW.WAYFAIR.COM/BRAND/BND/AHF-PRODUCTS-B51507.HTML
AHOUFHER	HOOKERFURNITURE	wayfair.com	HTTPS://WWW.WAYFAIR.COM/BRAND/BND/HOOKER-FURNITURE-B1513.HTML
AHSLIGHTING	AHSLIGHTING	wayfair.com	HTTPS://WWW.WAYFAIR.COM/BRAND/BND/AHS-LIGHTING-B23829.HTML
AIANGU	AIANGU	wayfair.com	HTTPS://WWW.WAYFAIR.COM/BRAND/BND/AIANGU-B106146.HTML
AIBOO	AIBOO	wayfair.com	HTTPS://WWW.WAYFAIR.COM/BRAND/BND/AIBOO-B60072.HTML
AICASE	AICASE	wayfair.com	HTTPS://WWW.WAYFAIR.COM/BRAND/BND/AICASE-B64852.HTML
AICASEAICASE	AICASE	wayfair.com	HTTPS://WWW.WAYFAIR.COM/BRAND/BND/AICASE-B64852.HTML
AIDANGRAY	AIDANGRAY	wayfair.com	HTTPS://WWW.WAYFAIR.COM/BRAND/BND/AIDAN-GRAY-B30152.HTML
AIDATA	AIDATAUSA	wayfair.com	HTTPS://WWW.WAYFAIR.COM/BRAND/BND/AIDATA-USA-B24866.HTML
AIDATAUSA	AIDATAUSA	wayfair.com	HTTPS://WWW.WAYFAIR.COM/BRAND/BND/AIDATA-USA-B24866.HTML
AIEVE	AIEVE	wayfair.com	HTTPS://WWW.WAYFAIR.COM/BRAND/BND/AIEVE-B62772.HTML
AIHO	AIHO	wayfair.com	HTTPS://WWW.WAYFAIR.COM/BRAND/BND/AIHO-B70304.HTML
AIKEHOME	AIKEHOME	wayfair.com	HTTPS://WWW.WAYFAIR.COM/BRAND/BND/AIKE-HOME-B61976.HTML
AILESSOM	AILESSOM	wayfair.com	HTTPS://WWW.WAYFAIR.COM/BRAND/BND/AILESSOM-B84963.HTML
AINEHOME	AINEHOMEFURNITURE	wayfair.com	HTTPS://WWW.WAYFAIR.COM/BRAND/BND/AINEHOME-FURNITURE-B56173.HTML
AINFOX	AINFOX	wayfair.com	HTTPS://WWW.WAYFAIR.COM/BRAND/BND/AINFOX-B52946.HTML
AINFOXUS	AINFOX	wayfair.com	HTTPS://WWW.WAYFAIR.COM/BRAND/BND/AINFOX-B52946.HTML
AINGOO	AINGOO	wayfair.com	HTTPS://WWW.WAYFAIR.COM/BRAND/BND/AINGOO-B52370.HTML
AIRCHARACTERS	AIRCHARACTERS	wayfair.com	HTTPS://WWW.WAYFAIR.COM/BRAND/BND/AIR-CHARACTERS-B55484.HTML
AIRDREAM	AIRDREAM	wayfair.com	HTTPS://WWW.WAYFAIR.COM/BRAND/BND/AIR-DREAM-B83044.HTML
AIREOLUX	AIREOLUX	wayfair.com	HTTPS://WWW.WAYFAIR.COM/BRAND/BND/AIREOLUX-B86794.HTML
AIRFLOWZ	AIRFLOWZ	wayfair.com	HTTPS://WWW.WAYFAIR.COM/BRAND/BND/AIRFLOWZ-B45705.HTML
AIRGJOB	AIRGJOB	wayfair.com	HTTPS://WWW.WAYFAIR.COM/BRAND/BND/AIRGJOB-B72211.HTML
AIROASIS	AIROASIS	wayfair.com	HTTPS://WWW.WAYFAIR.COM/BRAND/BND/AIR-OASIS-B13719.HTML
AIROCOMFORT	AIROCOMFORT	wayfair.com	HTTPS://WWW.WAYFAIR.COM/BRAND/BND/AIRO-COMFORT-B80804.HTML
AIRTHEREAL	AIRTHEREAL	wayfair.com	HTTPS://WWW.WAYFAIR.COM/BRAND/BND/AIRTHEREAL-B49557.HTML
AIRZONEPLAY	AIRZONEPLAY	wayfair.com	HTTPS://WWW.WAYFAIR.COM/BRAND/BND/AIRZONE-PLAY-B46543.HTML
AIVITUVIN	AIVITUVIN	wayfair.com	HTTPS://WWW.WAYFAIR.COM/BRAND/BND/AIVITUVIN-B55412.HTML
AIWEN	AIWEN	wayfair.com	HTTPS://WWW.WAYFAIR.COM/BRAND/BND/AIWEN-B52916.HTML
AJENJOY	AJENJOY	wayfair.com	HTTPS://WWW.WAYFAIR.COM/BRAND/BND/AJ-ENJOY-B72646.HTML
AJHOMESTUDIO	AJHOMESSTUDIO	wayfair.com	HTTPS://WWW.WAYFAIR.COM/BRAND/BND/A-J-HOMES-STUDIO-B40579.HTML
AKDY	AKDY	wayfair.com	HTTPS://WWW.WAYFAIR.COM/BRAND/BND/AKDY-B31154.HTML
AKEJUCOMFORT	AECOJOY	wayfair.com	HTTPS://WWW.WAYFAIR.COM/BRAND/BND/AECOJOY-B65060.HTML
AKERUEINDUSTRIES	AKERUE	wayfair.com	HTTPS://WWW.WAYFAIR.COM/BRAND/BND/AKERUE-B6845.HTML
AKICON	AKICON	wayfair.com	HTTPS://WWW.WAYFAIR.COM/BRAND/BND/AKICON-B51952.HTML
AKIHE	AKIHE	wayfair.com	HTTPS://WWW.WAYFAIR.COM/BRAND/BND/AKIHE-B93728.HTML
AKOYAOUTDOORESSENTIALS	AKOYAOUTDOORESSENTIALS	wayfair.com	HTTPS://WWW.WAYFAIR.COM/BRAND/BND/AKOYA-OUTDOOR-ESSENTIALS-B68423.HTML
ALATERRE	ALATERRE	wayfair.com	HTTPS://WWW.WAYFAIR.COM/BRAND/BND/ALATERRE-B8386.HTML
ALATERREFURNITURE	ALATERRE	wayfair.com	HTTPS://WWW.WAYFAIR.COM/BRAND/BND/ALATERRE-B8386.HTML
ALATERREOFFICE	ALATERRE	wayfair.com	HTTPS://WWW.WAYFAIR.COM/BRAND/BND/ALATERRE-B8386.HTML
ALAZAYHOME	ALAZYHOME	wayfair.com	HTTPS://WWW.WAYFAIR.COM/BRAND/BND/ALAZYHOME-B55912.HTML
ALAZYHOM	ALAZYHOME	wayfair.com	HTTPS://WWW.WAYFAIR.COM/BRAND/BND/ALAZYHOME-B55912.HTML
ALBANYPARK	ALP	wayfair.com	HTTPS://WWW.WAYFAIR.COM/BRAND/BND/ALP-B53449.HTML
ALBOTT	ALBOTT	wayfair.com	HTTPS://WWW.WAYFAIR.COM/BRAND/BND/ALBOTT-B71582.HTML
ALBRILLO	ALBRILLO	wayfair.com	HTTPS://WWW.WAYFAIR.COM/BRAND/BND/ALBRILLO-B63369.HTML
ALCHEMADE	ALCHEMADE	wayfair.com	HTTPS://WWW.WAYFAIR.COM/BRAND/BND/ALCHEMADE-B39851.HTML
ALCOTHILL	ALCOTTHILL	wayfair.com	HTTPS://WWW.WAYFAIR.COM/BRAND/BND/ALCOTT-HILL-B36985.HTML
ALCOTTHILL	ALCOTTHILL	wayfair.com	HTTPS://WWW.WAYFAIR.COM/BRAND/BND/ALCOTT-HILL-B36985.HTML
ALCOTTHILLHENLEY	ALCOTTHILL	wayfair.com	HTTPS://WWW.WAYFAIR.COM/BRAND/BND/ALCOTT-HILL-B36985.HTML
ALEASHA	ALEASHA	wayfair.com	HTTPS://WWW.WAYFAIR.COM/BRAND/BND/ALEASHA-B76893.HTML
ALEKO	ALEKO	wayfair.com	HTTPS://WWW.WAYFAIR.COM/BRAND/BND/ALEKO-B38593.HTML
ALEKOA	ALEKO	wayfair.com	HTTPS://WWW.WAYFAIR.COM/BRAND/BND/ALEKO-B38593.HTML
ALELLIS	ALELLIS	wayfair.com	HTTPS://WWW.WAYFAIR.COM/BRAND/BND/AL-ELLIS-INC-B11063.HTML
ALENARTWATER	ALENARTWATER	wayfair.com	HTTPS://WWW.WAYFAIR.COM/BRAND/BND/ALENARTWATER-B81385.HTML
ALEXANDERSHERIDAN	ALEXANDERSHERIDAN	wayfair.com	HTTPS://WWW.WAYFAIR.COM/BRAND/BND/ALEXANDERSHERIDAN-B42004.HTML
ALEXANDERTARON	ALEXANDERTARON	wayfair.com	HTTPS://WWW.WAYFAIR.COM/BRAND/BND/ALEXANDER-TARON-B2248.HTML
ALEXBELLA	ALEXBELLA	wayfair.com	HTTPS://WWW.WAYFAIR.COM/BRAND/BND/ALEX-BELLA-B77495.HTML
ALEXENT	ALEXENT	wayfair.com	HTTPS://WWW.WAYFAIR.COM/BRAND/BND/ALEXENT-B66467.HTML
ALFAFURNISHING	ALFAFURNISHING	wayfair.com	HTTPS://WWW.WAYFAIR.COM/BRAND/BND/ALFA-FURNISHING-B72714.HTML
ALFORDLYNCH	ALFORDLYNCH	wayfair.com	HTTPS://WWW.WAYFAIR.COM/BRAND/BND/ALFORD-LYNCH-B61916.HTML
ALFRESCOHOME	ALFRESCOHOME	wayfair.com	HTTPS://WWW.WAYFAIR.COM/BRAND/BND/ALFRESCO-HOME-B1251.HTML
ALGOMANETCOMPANY	ALGOMANETCOMPANY	wayfair.com	HTTPS://WWW.WAYFAIR.COM/BRAND/BND/ALGOMA-NET-COMPANY-B281.HTML
ALLAMERICANTAILGATE	ALLAMERICANTAILGATE	wayfair.com	HTTPS://WWW.WAYFAIR.COM/BRAND/BND/ALL-AMERICAN-TAILGATE-B35955.HTML
ALLCLADMETALCRAFTERS	ALLCLAD	wayfair.com	HTTPS://WWW.WAYFAIR.COM/BRAND/BND/ALL-CLAD-B4990.HTML
ALLENROTHSIMPLEHUMAN	SIMPLEHUMAN	wayfair.com	HTTPS://WWW.WAYFAIR.COM/BRAND/BND/SIMPLEHUMAN-B1474.HTML
ALLENTIAN	ALLENTIAN	wayfair.com	HTTPS://WWW.WAYFAIR.COM/BRAND/BND/ALLENTIAN-B59450.HTML
ALLEREASE	ALLEREASE	wayfair.com	HTTPS://WWW.WAYFAIR.COM/BRAND/BND/ALLEREASE-B25503.HTML
ALLEWIE	ALLEWIE	wayfair.com	HTTPS://WWW.WAYFAIR.COM/BRAND/BND/ALLEWIE-B69265.HTML
ALLFENZ	ALLFENZ	wayfair.com	HTTPS://WWW.WAYFAIR.COM/BRAND/BND/ALLFENZ-B53637.HTML
ALLIEDBRASS	ALLIEDBRASS	wayfair.com	HTTPS://WWW.WAYFAIR.COM/BRAND/BND/ALLIED-BRASS-B17253.HTML
ALLIEDHOME	ALLIEDHOME	wayfair.com	HTTPS://WWW.WAYFAIR.COM/BRAND/BND/ALLIED-HOME-B36241.HTML
ALLIEDPRECISION	ALLIEDPRECISIONINDUSTRIES	wayfair.com	HTTPS://WWW.WAYFAIR.COM/BRAND/BND/ALLIED-PRECISION-INDUSTRIES-B3657.HTML
ALLIEDPRECISIONINCP	ALLIEDPRECISIONINDUSTRIES	wayfair.com	HTTPS://WWW.WAYFAIR.COM/BRAND/BND/ALLIED-PRECISION-INDUSTRIES-B3657.HTML
ALLIEDPRECISIONIND	ALLIEDPRECISIONINDUSTRIES	wayfair.com	HTTPS://WWW.WAYFAIR.COM/BRAND/BND/ALLIED-PRECISION-INDUSTRIES-B3657.HTML
ALLIEDPRECISIONINDUSTRIES	ALLIEDPRECISIONINDUSTRIES	wayfair.com	HTTPS://WWW.WAYFAIR.COM/BRAND/BND/ALLIED-PRECISION-INDUSTRIES-B3657.HTML
ALLLIEDPRECISION	ALLIEDPRECISIONINDUSTRIES	wayfair.com	HTTPS://WWW.WAYFAIR.COM/BRAND/BND/ALLIED-PRECISION-INDUSTRIES-B3657.HTML
ALLMODERN	ALLMODERN	wayfair.com	HTTPS://WWW.WAYFAIR.COM/BRAND/BND/ALLMODERN-B56298.HTML
ALLOMN	ALLOMN	wayfair.com	HTTPS://WWW.WAYFAIR.COM/BRAND/BND/ALLOMN-B65970.HTML
ALLORAUSA	ALLORAUSA	wayfair.com	HTTPS://WWW.WAYFAIR.COM/BRAND/BND/ALLORA-USA-B49988.HTML
ALLOSWELL	ALLOSWELL	wayfair.com	HTTPS://WWW.WAYFAIR.COM/BRAND/BND/ALLOSWELL-B66779.HTML
ALLSETTHEALTH	ALLSETTHEALTH	wayfair.com	HTTPS://WWW.WAYFAIR.COM/BRAND/BND/ALLSETT-HEALTH-B83142.HTML
ALLSOPHOMEANDGARDEN	ALLSOPHOMEANDGARDEN	wayfair.com	HTTPS://WWW.WAYFAIR.COM/BRAND/BND/ALLSOP-HOME-AND-GARDEN-B12063.HTML
ALLSTEEL	ALLSTEEL	wayfair.com	HTTPS://WWW.WAYFAIR.COM/BRAND/BND/ALLSTEEL-B61075.HTML
ALLTHINGSCEDAR	ALLTHINGSCEDAR	wayfair.com	HTTPS://WWW.WAYFAIR.COM/BRAND/BND/ALL-THINGS-CEDAR-B24688.HTML
ALLTROLITE	ALLTROLITE	wayfair.com	HTTPS://WWW.WAYFAIR.COM/BRAND/BND/ALLTROLITE-B64274.HTML
ALLUREHOMECREATION	ALLUREHOMECREATIONS	wayfair.com	HTTPS://WWW.WAYFAIR.COM/BRAND/BND/ALLURE-HOME-CREATIONS-B53016.HTML
ALLUREHOMECREATIONS	ALLUREHOMECREATIONS	wayfair.com	HTTPS://WWW.WAYFAIR.COM/BRAND/BND/ALLURE-HOME-CREATIONS-B53016.HTML
ALLWEX	ALLWEX	wayfair.com	HTTPS://WWW.WAYFAIR.COM/BRAND/BND/ALLWEX-B60607.HTML
ALNBO	ALNO	wayfair.com	HTTPS://WWW.WAYFAIR.COM/BRAND/BND/ALNO-B8343.HTML
ALNINTTE	ALNO	wayfair.com	HTTPS://WWW.WAYFAIR.COM/BRAND/BND/ALNO-B8343.HTML
ALNO	ALNO	wayfair.com	HTTPS://WWW.WAYFAIR.COM/BRAND/BND/ALNO-B8343.HTML
ALORAMOOD	ALORAMOOD	wayfair.com	HTTPS://WWW.WAYFAIR.COM/BRAND/BND/ALORA-MOOD-B87812.HTML
ALPCOUR	ALPCOUR	wayfair.com	HTTPS://WWW.WAYFAIR.COM/BRAND/BND/ALPCOUR-B86320.HTML
ALPHABIDET	ALPHABIDET	wayfair.com	HTTPS://WWW.WAYFAIR.COM/BRAND/BND/ALPHA-BIDET-B52025.HTML
ALPHAFURNISHINGS	ALFAFURNISHING	wayfair.com	HTTPS://WWW.WAYFAIR.COM/BRAND/BND/ALFA-FURNISHING-B72714.HTML
ALPHAHOME	ALPHAHOME	wayfair.com	HTTPS://WWW.WAYFAIR.COM/BRAND/BND/ALPHA-HOME-B52964.HTML
ALPHAMARTS	ALPHAMARTS	wayfair.com	HTTPS://WWW.WAYFAIR.COM/BRAND/BND/ALPHAMARTS-B82007.HTML
ALPHASHUTTERS	ALPHASHUTTERS	wayfair.com	HTTPS://WWW.WAYFAIR.COM/BRAND/BND/ALPHA-SHUTTERS-B23529.HTML
ALPINECUISINE	ALPINECUISINE	wayfair.com	HTTPS://WWW.WAYFAIR.COM/BRAND/BND/ALPINE-CUISINE-B31472.HTML
ALPINECUSINE	ALPINECUISINE	wayfair.com	HTTPS://WWW.WAYFAIR.COM/BRAND/BND/ALPINE-CUISINE-B31472.HTML
ALPINEIDUSTRIES	ALPINEINDUSTRIES	wayfair.com	HTTPS://WWW.WAYFAIR.COM/BRAND/BND/ALPINE-INDUSTRIES-B38806.HTML
ALPINEINDUSTRIES	ALPINEINDUSTRIES	wayfair.com	HTTPS://WWW.WAYFAIR.COM/BRAND/BND/ALPINE-INDUSTRIES-B38806.HTML
ALTRAFURNITURE	ALTRA	wayfair.com	HTTPS://WWW.WAYFAIR.COM/BRAND/BND/ALTRA-B16704.HTML
ALVANTOR	ALVANTOR	wayfair.com	HTTPS://WWW.WAYFAIR.COM/BRAND/BND/ALVANTOR-B49603.HTML
ALVANTORA	ALVANTOR	wayfair.com	HTTPS://WWW.WAYFAIR.COM/BRAND/BND/ALVANTOR-B49603.HTML
ALVHNTR	ALVANTOR	wayfair.com	HTTPS://WWW.WAYFAIR.COM/BRAND/BND/ALVANTOR-B49603.HTML
ALWEN	ALWEN	wayfair.com	HTTPS://WWW.WAYFAIR.COM/BRAND/BND/ALWEN-B56218.HTML
ALWYN	ALWYNHOME	wayfair.com	HTTPS://WWW.WAYFAIR.COM/BRAND/BND/ALWYN-HOME-B44074.HTML
ALWYNHOME	ALWYNHOME	wayfair.com	HTTPS://WWW.WAYFAIR.COM/BRAND/BND/ALWYN-HOME-B44074.HTML
AMAGABEL	AMAGABELI	wayfair.com	HTTPS://WWW.WAYFAIR.COM/BRAND/BND/AMAGABELI-B58692.HTML
AMAGABELI	AMAGABELI	wayfair.com	HTTPS://WWW.WAYFAIR.COM/BRAND/BND/AMAGABELI-B58692.HTML
AMAGABELIGARDENANDHOME	AMAGABELI	wayfair.com	HTTPS://WWW.WAYFAIR.COM/BRAND/BND/AMAGABELI-B58692.HTML
AMAGABELIGARDENHOME	AMAGABELIGARDENHOME	wayfair.com	HTTPS://WWW.WAYFAIR.COM/BRAND/BND/AMAGABELI-GARDEN-HOME-B91661.HTML
AMAGAMATEDTEXTILES	AMALGAMATEDTEXTILES	wayfair.com	HTTPS://WWW.WAYFAIR.COM/BRAND/BND/AMALGAMATED-TEXTILES-B32228.HTML
AMAGEBELLI	AMAGABELI	wayfair.com	HTTPS://WWW.WAYFAIR.COM/BRAND/BND/AMAGABELI-B58692.HTML
AMALFIDCOR	AMALFIDECOR	wayfair.com	HTTPS://WWW.WAYFAIR.COM/BRAND/BND/AMALFIDECOR-B42177.HTML
AMALGAMATEDTEXTILES	AMALGAMATEDTEXTILES	wayfair.com	HTTPS://WWW.WAYFAIR.COM/BRAND/BND/AMALGAMATED-TEXTILES-B32228.HTML
AMANTIART	AMANTIART	wayfair.com	HTTPS://WWW.WAYFAIR.COM/BRAND/BND/AMANTI-ART-B11831.HTML
AMATRIX	AMATRIX	wayfair.com	HTTPS://WWW.WAYFAIR.COM/BRAND/BND/AMATRIX-B47369.HTML
AMAURIOUTDOORLIVING	AMAURIOUTDOORLIVING	wayfair.com	HTTPS://WWW.WAYFAIR.COM/BRAND/BND/AMAURI-OUTDOOR-LIVING-INC-B41957.HTML
AMAV	AMAV	wayfair.com	HTTPS://WWW.WAYFAIR.COM/BRAND/BND/AMAV-B13631.HTML
AMAVOVPET	AMAV	wayfair.com	HTTPS://WWW.WAYFAIR.COM/BRAND/BND/AMAV-B13631.HTML
AMAXLIGHTING	AMAXLIGHTING	wayfair.com	HTTPS://WWW.WAYFAIR.COM/BRAND/BND/AMAX-LIGHTING-B48419.HTML
AMAZINGFORLESS	AMAZINGFORLESS	wayfair.com	HTTPS://WWW.WAYFAIR.COM/BRAND/BND/AMAZINGFORLESS-B58228.HTML
AMBELLAHOME	AMBELLAHOMECOLLECTION	wayfair.com	HTTPS://WWW.WAYFAIR.COM/BRAND/BND/AMBELLA-HOME-COLLECTION-B43848.HTML
AMBELLAHOMECOLLECTIONS	AMBELLAHOMECOLLECTION	wayfair.com	HTTPS://WWW.WAYFAIR.COM/BRAND/BND/AMBELLA-HOME-COLLECTION-B43848.HTML
AMBERHOMEGOODS	AMBERHOMEGOODS	wayfair.com	HTTPS://WWW.WAYFAIR.COM/BRAND/BND/AMBERHOMEGOODS-B44615.HTML
AMBESONNE	AMBESONNE	wayfair.com	HTTPS://WWW.WAYFAIR.COM/BRAND/BND/AMBESONNE-B37625.HTML
AMBIATE	AMBIATE	wayfair.com	HTTPS://WWW.WAYFAIR.COM/BRAND/BND/AMBIATE-B78995.HTML
AMBIENTRUGS	AMBIENTRUGS	wayfair.com	HTTPS://WWW.WAYFAIR.COM/BRAND/BND/AMBIENT-RUGS-B54665.HTML
AMBIENTWEATHER	AMBIENTWEATHER	wayfair.com	HTTPS://WWW.WAYFAIR.COM/BRAND/BND/AMBIENT-WEATHER-B59390.HTML
AMBOTHER	AMBOTHER	wayfair.com	HTTPS://WWW.WAYFAIR.COM/BRAND/BND/AMBOTHER-B72041.HTML
AMCOHOUSEWORKS	AMCOHOUSEWORKS	wayfair.com	HTTPS://WWW.WAYFAIR.COM/BRAND/BND/AMCO-HOUSEWORKS-B8184.HTML
AMEDEODESIGN	AMEDEODESIGN	wayfair.com	HTTPS://WWW.WAYFAIR.COM/BRAND/BND/AMEDEO-DESIGN-B19443.HTML
AMEGABELI	AMAGABELI	wayfair.com	HTTPS://WWW.WAYFAIR.COM/BRAND/BND/AMAGABELI-B58692.HTML
AMEICANSTANDARD	AMERICANSTANDARD	wayfair.com	HTTPS://WWW.WAYFAIR.COM/BRAND/BND/AMERICAN-STANDARD-B903.HTML
AMEIRWOODHOME	AMERIWOOD	wayfair.com	HTTPS://WWW.WAYFAIR.COM/BRAND/BND/AMERIWOOD-B91.HTML
AMERICANAMASONCRAFTMORE	MASONCRAFTMORE	wayfair.com	HTTPS://WWW.WAYFAIR.COM/BRAND/BND/MASON-CRAFT-MORE-B48249.HTML
AMERICANATELIER	AMERICANATELIER	wayfair.com	HTTPS://WWW.WAYFAIR.COM/BRAND/BND/AMERICAN-ATELIER-B11321.HTML
AMERICANATELIERLIVING	AMERICANATELIER	wayfair.com	HTTPS://WWW.WAYFAIR.COM/BRAND/BND/AMERICAN-ATELIER-B11321.HTML
AMERICANCENTURYHOME	AMERICANCENTURYHOME	wayfair.com	HTTPS://WWW.WAYFAIR.COM/BRAND/BND/AMERICAN-CENTURY-HOME-B11129.HTML
AMERICANCHEST	AMERICANCHEST	wayfair.com	HTTPS://WWW.WAYFAIR.COM/BRAND/BND/AMERICAN-CHEST-B30628.HTML
AMERICANCOINTREASURES	AMERICANCOINTREASURE	wayfair.com	HTTPS://WWW.WAYFAIR.COM/BRAND/BND/AMERICAN-COIN-TREASURE-B20600.HTML
AMERICANCORNHOLELEAGUE	AMERICANCORNHOLELEAGUE	wayfair.com	HTTPS://WWW.WAYFAIR.COM/BRAND/BND/AMERICAN-CORNHOLE-LEAGUE-B88340.HTML
AMERICANDAKOTA	AMERICANDAKOTA	wayfair.com	HTTPS://WWW.WAYFAIR.COM/BRAND/BND/AMERICAN-DAKOTA-B44087.HTML
AMERICANDAWN	AMERICANDAWN	wayfair.com	HTTPS://WWW.WAYFAIR.COM/BRAND/BND/AMERICAN-DAWN-INC-B41875.HTML
AMERICANEXPEDITION	AMERICANEXPEDITIONB13537	wayfair.com	HTTPS://WWW.WAYFAIR.COM/BRAND/BND/AMERICAN-EXPEDITION-B13537-MASTERCLID~187.HTML
AMERICANFIREGLASS	AMERICANFIREGLASS	wayfair.com	HTTPS://WWW.WAYFAIR.COM/BRAND/BND/AMERICAN-FIREGLASS-B19268.HTML
AMERICANFLAT	AMERICANFLAT	wayfair.com	HTTPS://WWW.WAYFAIR.COM/BRAND/BND/AMERICANFLAT-B17831.HTML
AMERICANFLATCORP	AMERICANFLAT	wayfair.com	HTTPS://WWW.WAYFAIR.COM/BRAND/BND/AMERICANFLAT-B17831.HTML
AMERICANFURNITURECLASSIC	AMERICANFURNITURECLASSICS	wayfair.com	HTTPS://WWW.WAYFAIR.COM/BRAND/BND/AMERICAN-FURNITURE-CLASSICS-B6265.HTML
AMERICANFURNITURECLASSICS	AMERICANFURNITURECLASSICS	wayfair.com	HTTPS://WWW.WAYFAIR.COM/BRAND/BND/AMERICAN-FURNITURE-CLASSICS-B6265.HTML
AMERICANGASLOGS	AMERICANGASLOG	wayfair.com	HTTPS://WWW.WAYFAIR.COM/BRAND/BND/AMERICAN-GAS-LOG-B52491.HTML
AMERICANHEARTLAND	AMERICANHEARTLAND	wayfair.com	HTTPS://WWW.WAYFAIR.COM/BRAND/BND/AMERICANHEARTLAND-B41937.HTML
AMERICANHEARTLANDFURNITURE	AMERICANHEARTLAND	wayfair.com	HTTPS://WWW.WAYFAIR.COM/BRAND/BND/AMERICANHEARTLAND-B41937.HTML
AMERICANHEARTLANDMANUFACTUAR	AMERICANHEARTLAND	wayfair.com	HTTPS://WWW.WAYFAIR.COM/BRAND/BND/AMERICANHEARTLAND-B41937.HTML
AMERICANHERITAGEFURNITURE	AMERICANHERITAGE	wayfair.com	HTTPS://WWW.WAYFAIR.COM/BRAND/BND/AMERICAN-HERITAGE-B3110.HTML
AMERICANHOMECOLLECTION	AMERICANHOMECOLLECTION	wayfair.com	HTTPS://WWW.WAYFAIR.COM/BRAND/BND/AMERICAN-HOME-COLLECTION-B68746.HTML
AMERICANIMAGINATIONS	AMERICANIMAGINATIONS	wayfair.com	HTTPS://WWW.WAYFAIR.COM/BRAND/BND/AMERICAN-IMAGINATIONS-B35496.HTML
AMERICANLEGEND	AMERICANLEGEND	wayfair.com	HTTPS://WWW.WAYFAIR.COM/BRAND/BND/AMERICAN-LEGEND-B38277.HTML
AMERICANMERCANTILE	AMERICANMERCANTILE	wayfair.com	HTTPS://WWW.WAYFAIR.COM/BRAND/BND/AMERICAN-MERCANTILE-B36513.HTML
AMERICANPLANTEXCHANGE	AMERICANPLANTEXCHANGE	wayfair.com	HTTPS://WWW.WAYFAIR.COM/BRAND/BND/AMERICAN-PLANT-EXCHANGE-B68691.HTML
AMERICANPLASTIC	AMERICANPLASTICTOYS	wayfair.com	HTTPS://WWW.WAYFAIR.COM/BRAND/BND/AMERICAN-PLASTIC-TOYS-B6609.HTML
AMERICANPLASTICTOY	AMERICANPLASTICTOYS	wayfair.com	HTTPS://WWW.WAYFAIR.COM/BRAND/BND/AMERICAN-PLASTIC-TOYS-B6609.HTML
AMERICANPLASTICTOYS	AMERICANPLASTICTOYS	wayfair.com	HTTPS://WWW.WAYFAIR.COM/BRAND/BND/AMERICAN-PLASTIC-TOYS-B6609.HTML
AMERICANPRODECOR	AMERICANPRODECOR	wayfair.com	HTTPS://WWW.WAYFAIR.COM/BRAND/BND/AMERICAN-PRO-DECOR-B50778.HTML
AMERICANSDANDARD	AMERICANSTANDARD	wayfair.com	HTTPS://WWW.WAYFAIR.COM/BRAND/BND/AMERICAN-STANDARD-B903.HTML
AMERICANSOFTLINEN	AMERICANSOFTLINEN	wayfair.com	HTTPS://WWW.WAYFAIR.COM/BRAND/BND/AMERICAN-SOFT-LINEN-B55493.HTML
AMERICANSPA	AMERICANSPAS	wayfair.com	HTTPS://WWW.WAYFAIR.COM/BRAND/BND/AMERICAN-SPAS-B30806.HTML
AMERICANSPAS	AMERICANSPAS	wayfair.com	HTTPS://WWW.WAYFAIR.COM/BRAND/BND/AMERICAN-SPAS-B30806.HTML
AMERICANSRANDARD	AMERICANSTANDARD	wayfair.com	HTTPS://WWW.WAYFAIR.COM/BRAND/BND/AMERICAN-STANDARD-B903.HTML
AMERICANSTABDARD	AMERICANSTANDARD	wayfair.com	HTTPS://WWW.WAYFAIR.COM/BRAND/BND/AMERICAN-STANDARD-B903.HTML
AMERICANSTANDARDAMERICANSTANDARD	AMERICANSTANDARD	wayfair.com	HTTPS://WWW.WAYFAIR.COM/BRAND/BND/AMERICAN-STANDARD-B903.HTML
AMERICANSTANDARDOO	AMERICANSTANDARD	wayfair.com	HTTPS://WWW.WAYFAIR.COM/BRAND/BND/AMERICAN-STANDARD-B903.HTML
AMERICANSTANDARND	AMERICANSTANDARD	wayfair.com	HTTPS://WWW.WAYFAIR.COM/BRAND/BND/AMERICAN-STANDARD-B903.HTML
AMERICANSTOVECOMPANY	USSTOVE	wayfair.com	HTTPS://WWW.WAYFAIR.COM/BRAND/BND/US-STOVE-B9913.HTML
AMERICANTINCEILINGS	AMERICANTINCEILINGS	wayfair.com	HTTPS://WWW.WAYFAIR.COM/BRAND/BND/AMERICAN-TIN-CEILINGS-B36942.HTML
AMERICASTOYS	AMERICASTOYSPROJECT	wayfair.com	HTTPS://WWW.WAYFAIR.COM/BRAND/BND/AMERICASTOYSPROJECT-B43372.HTML
AMERIHOME	AMERIHOME	wayfair.com	HTTPS://WWW.WAYFAIR.COM/BRAND/BND/AMERIHOME-B36477.HTML
AMERILUCK	AMERILUCK	wayfair.com	HTTPS://WWW.WAYFAIR.COM/BRAND/BND/AMERILUCK-B70126.HTML
AMERIWOOD	AMERIWOOD	wayfair.com	HTTPS://WWW.WAYFAIR.COM/BRAND/BND/AMERIWOOD-B91.HTML
AMERIWOODBASICSCOLLECTION	AMERIWOOD	wayfair.com	HTTPS://WWW.WAYFAIR.COM/BRAND/BND/AMERIWOOD-B91.HTML
AMERIWOODHOM	AMERIWOOD	wayfair.com	HTTPS://WWW.WAYFAIR.COM/BRAND/BND/AMERIWOOD-B91.HTML
AMERIWOODHOME	AMERIWOOD	wayfair.com	HTTPS://WWW.WAYFAIR.COM/BRAND/BND/AMERIWOOD-B91.HTML
AMERIWOODHOMEA20	AMERIWOOD	wayfair.com	HTTPS://WWW.WAYFAIR.COM/BRAND/BND/AMERIWOOD-B91.HTML
AMERIWOODHOMER	AMERIWOOD	wayfair.com	HTTPS://WWW.WAYFAIR.COM/BRAND/BND/AMERIWOOD-B91.HTML
AMERIWOODHOMES	AMERIWOOD	wayfair.com	HTTPS://WWW.WAYFAIR.COM/BRAND/BND/AMERIWOOD-B91.HTML
AMERIWOODHONE	AMERIWOOD	wayfair.com	HTTPS://WWW.WAYFAIR.COM/BRAND/BND/AMERIWOOD-B91.HTML
AMERLIFE	AMERLIFE	wayfair.com	HTTPS://WWW.WAYFAIR.COM/BRAND/BND/AMERLIFE-B68248.HTML
AMEROCK	AMEROCK	wayfair.com	HTTPS://WWW.WAYFAIR.COM/BRAND/BND/AMEROCK-B24215.HTML
AMEROCKAMEROCK	AMEROCK	wayfair.com	HTTPS://WWW.WAYFAIR.COM/BRAND/BND/AMEROCK-B24215.HTML
AMEROCKAMEROCKAMEROCK	AMEROCK	wayfair.com	HTTPS://WWW.WAYFAIR.COM/BRAND/BND/AMEROCK-B24215.HTML
AMEROCKCORP	AMEROCK	wayfair.com	HTTPS://WWW.WAYFAIR.COM/BRAND/BND/AMEROCK-B24215.HTML
AMEROCKCORPORATION	AMEROCK	wayfair.com	HTTPS://WWW.WAYFAIR.COM/BRAND/BND/AMEROCK-B24215.HTML
AMERROBIL	AMERROBIL	wayfair.com	HTTPS://WWW.WAYFAIR.COM/BRAND/BND/AMERROBIL-B63128.HTML
AMGABEL	AMAGABELI	wayfair.com	HTTPS://WWW.WAYFAIR.COM/BRAND/BND/AMAGABELI-B58692.HTML
AMGOOD	AMGOOD	wayfair.com	HTTPS://WWW.WAYFAIR.COM/BRAND/BND/AMGOOD-B55384.HTML
AMHOMEFASHION	AMERICANHOMEFASHION	wayfair.com	HTTPS://WWW.WAYFAIR.COM/BRAND/BND/AMERICAN-HOME-FASHION-B35997.HTML
AMHOMETEXTILES	AMHOMETEXTILES	wayfair.com	HTTPS://WWW.WAYFAIR.COM/BRAND/BND/AM-HOME-TEXTILES-B38195.HTML
AMICIHOMEBYGLOBALAMICI	GLOBALAMICI	wayfair.com	HTTPS://WWW.WAYFAIR.COM/BRAND/BND/GLOBAL-AMICI-B8034.HTML
AMINI	MICHAELAMINI	wayfair.com	HTTPS://WWW.WAYFAIR.COM/BRAND/BND/MICHAEL-AMINI-B2112.HTML
AMINIUNIU	MICHAELAMINI	wayfair.com	HTTPS://WWW.WAYFAIR.COM/BRAND/BND/MICHAEL-AMINI-B2112.HTML
AMIRABEAUTY	AMIRABEAUTY	wayfair.com	HTTPS://WWW.WAYFAIR.COM/BRAND/BND/AMIRA-BEAUTY-B86836.HTML
AMISHCASUAL	AMISHCASUAL	wayfair.com	HTTPS://WWW.WAYFAIR.COM/BRAND/BND/AMISH-CASUAL-B79540.HTML
AMITYHOME	AMITYHOME	wayfair.com	HTTPS://WWW.WAYFAIR.COM/BRAND/BND/AMITY-HOME-B4589.HTML
AMLIEHOME	AMELIEHOME	wayfair.com	HTTPS://WWW.WAYFAIR.COM/BRAND/BND/AMELIE-HOME-B62053.HTML
AMOLIFE	AMOLIFE	wayfair.com	HTTPS://WWW.WAYFAIR.COM/BRAND/BND/AMOLIFE-B58831.HTML
AMORALIGHTING	AMORALIGHTING	wayfair.com	HTTPS://WWW.WAYFAIR.COM/BRAND/BND/AMORALIGHTING-B40750.HTML
AMORIX	AMORIX	wayfair.com	HTTPS://WWW.WAYFAIR.COM/BRAND/BND/AMORIX-B70206.HTML
AMOSIC	AMOSICB73928	wayfair.com	HTTPS://WWW.WAYFAIR.COM/BRAND/BND/AMOSIC-B73928-MASTERCLID~57.HTML
AMPADCORPORATION	AMPAD	wayfair.com	HTTPS://WWW.WAYFAIR.COM/BRAND/BND/AMPAD-B5196.HTML
AMRADIELD	AMRADIELD	wayfair.com	HTTPS://WWW.WAYFAIR.COM/BRAND/BND/AMRADIELD-B70897.HTML
AMRAPUR	AMRAPUR	wayfair.com	HTTPS://WWW.WAYFAIR.COM/BRAND/BND/AMRAPUR-B25235.HTML
AMRAPUROVERASEAS	AMRAPUR	wayfair.com	HTTPS://WWW.WAYFAIR.COM/BRAND/BND/AMRAPUR-B25235.HTML
AMRAPUROVERSEAS	AMRAPUR	wayfair.com	HTTPS://WWW.WAYFAIR.COM/BRAND/BND/AMRAPUR-B25235.HTML
AMTAB	AMTABMANUFACTURINGCORPORATION	wayfair.com	HTTPS://WWW.WAYFAIR.COM/BRAND/BND/AMTAB-MANUFACTURING-CORPORATION-B25262.HTML
AMZDEAL	AMZDEAL	wayfair.com	HTTPS://WWW.WAYFAIR.COM/BRAND/BND/AMZDEAL-B61338.HTML
ANCASTERFOODEQUIPMENT	ANCASTERFOODEQUIPMENT	wayfair.com	HTTPS://WWW.WAYFAIR.COM/BRAND/BND/ANCASTER-FOOD-EQUIPMENT-B58149.HTML
ANCERREDESIGNS	ANCERREDESIGNS	wayfair.com	HTTPS://WWW.WAYFAIR.COM/BRAND/BND/ANCERRE-DESIGNS-B38275.HTML
ANCHORHOCKING	ANCHORHOCKING	wayfair.com	HTTPS://WWW.WAYFAIR.COM/BRAND/BND/ANCHOR-HOCKING-B8035.HTML
ANCHORHOCKINGCORP	ANCHORHOCKING	wayfair.com	HTTPS://WWW.WAYFAIR.COM/BRAND/BND/ANCHOR-HOCKING-B8035.HTML
ANCIENTCOOKWARE	ANCIENTCOOKWARE	wayfair.com	HTTPS://WWW.WAYFAIR.COM/BRAND/BND/ANCIENT-COOKWARE-B53150.HTML
ANCIENTGRAFFITI	ANCIENTGRAFFITI	wayfair.com	HTTPS://WWW.WAYFAIR.COM/BRAND/BND/ANCIENT-GRAFFITI-B13539.HTML
ANCONA	ANCONA	wayfair.com	HTTPS://WWW.WAYFAIR.COM/BRAND/BND/ANCONA-B40130.HTML
ANDALUCA	ANDALUCA	wayfair.com	HTTPS://WWW.WAYFAIR.COM/BRAND/BND/ANDALUCA-B49449.HTML
ANDERSONTEAK	ANDERSONTEAK	wayfair.com	HTTPS://WWW.WAYFAIR.COM/BRAND/BND/ANDERSON-TEAK-B11469.HTML
ANDESFURNISHING	ANDESFURNITURE	wayfair.com	HTTPS://WWW.WAYFAIR.COM/BRAND/BND/ANDES-FURNITURE-B54606.HTML
ANDEWORLD	ANDEWORLD	wayfair.com	HTTPS://WWW.WAYFAIR.COM/BRAND/BND/ANDEWORLD-B49181.HTML
ANDEWORLDDECORATIVE	ANDEWORLD	wayfair.com	HTTPS://WWW.WAYFAIR.COM/BRAND/BND/ANDEWORLD-B49181.HTML
ANDMAKERS	ANDMAKERS	wayfair.com	HTTPS://WWW.WAYFAIR.COM/BRAND/BND/ANDMAKERS-B59368.HTML
ANDOVERMILLS	ANDOVERMILLS	wayfair.com	HTTPS://WWW.WAYFAIR.COM/BRAND/BND/ANDOVER-MILLS-B30808.HTML
ANDREWHOMESTUDIO	ANDREWHOMESTUDIO	wayfair.com	HTTPS://WWW.WAYFAIR.COM/BRAND/BND/ANDREWHOMESTUDIO-B45482.HTML
ANERICANLEGEND	AMERICANLEGEND	wayfair.com	HTTPS://WWW.WAYFAIR.COM/BRAND/BND/AMERICAN-LEGEND-B38277.HTML
ANGELLINE	ANGELLINE	wayfair.com	HTTPS://WWW.WAYFAIR.COM/BRAND/BND/ANGEL-LINE-B11866.HTML?RTYPE=12&REDIR=ANGEL+LINE
ANGELOHOME	ANGELOHOME	wayfair.com	HTTPS://WWW.WAYFAIR.COM/BRAND/BND/ANGELOHOME-B5147.HTML
ANGELOHOMEUSA	ANGELOHOME	wayfair.com	HTTPS://WWW.WAYFAIR.COM/BRAND/BND/ANGELOHOME-B5147.HTML
ANGELQUEEN	ANGELQUEEN	wayfair.com	HTTPS://WWW.WAYFAIR.COM/BRAND/BND/ANGEL-QUEEN-B53801.HTML
ANGELSAR	ANGELSAR	wayfair.com	HTTPS://WWW.WAYFAIR.COM/BRAND/BND/ANGEL-SAR-B79822.HTML
ANGELSHORN	ANGELSHORN	wayfair.com	HTTPS://WWW.WAYFAIR.COM/BRAND/BND/ANGELSHORN-B59620.HTML
ANGLESIMPLE	ANGLESIMPLE	wayfair.com	HTTPS://WWW.WAYFAIR.COM/BRAND/BND/ANGLESIMPLE-B50987.HTML
ANGLESIMPLY	ANGLESIMPLE	wayfair.com	HTTPS://WWW.WAYFAIR.COM/BRAND/BND/ANGLESIMPLE-B50987.HTML
ANGOHOME	ANGOHOME	wayfair.com	HTTPS://WWW.WAYFAIR.COM/BRAND/BND/ANGO-HOME-B63492.HTML
ANJIMOUNTAIN	ANJIMOUNTAIN	wayfair.com	HTTPS://WWW.WAYFAIR.COM/BRAND/BND/ANJI-MOUNTAIN-B339.HTML
ANKEE	ANKEE	wayfair.com	HTTPS://WWW.WAYFAIR.COM/BRAND/BND/ANKEE-B51352.HTML
ANKOLANKO	ANKOLA	wayfair.com	HTTPS://WWW.WAYFAIR.COM/BRAND/BND/ANKOLA-B60217.HTML
ANKWAY	ANKWAY	wayfair.com	HTTPS://WWW.WAYFAIR.COM/BRAND/BND/ANKWAY-B59415.HTML
ANLEY	ANLEY	wayfair.com	HTTPS://WWW.WAYFAIR.COM/BRAND/BND/ANLEY-B49918.HTML
ANMAN	ANMAN	wayfair.com	HTTPS://WWW.WAYFAIR.COM/BRAND/BND/ANMAN-B72243.HTML
ANMINY	ANMINY	wayfair.com	HTTPS://WWW.WAYFAIR.COM/BRAND/BND/ANMINY-B58271.HTML
ANMYTEK	ANMYTEK	wayfair.com	HTTPS://WWW.WAYFAIR.COM/BRAND/BND/ANMYTEK-B56875.HTML
ANNINFLAGMAKERS	ANNINFLAGMAKERS	wayfair.com	HTTPS://WWW.WAYFAIR.COM/BRAND/BND/ANNIN-FLAGMAKERS-B9315.HTML
ANNOVA	ANNOVA	wayfair.com	HTTPS://WWW.WAYFAIR.COM/BRAND/BND/ANNOVA-B59455.HTML
ANOWLO	ANLOWO	wayfair.com	HTTPS://WWW.WAYFAIR.COM/BRAND/BND/ANLOWO-B77229.HTML
ANPABO	ANPABO	wayfair.com	HTTPS://WWW.WAYFAIR.COM/BRAND/BND/ANPABO-B67462.HTML
ANPUCE	ANPUCE	wayfair.com	HTTPS://WWW.WAYFAIR.COM/BRAND/BND/ANPUCE-B92993.HTML
ANTARCTICSTAR	ANTARCTICSTAR	wayfair.com	HTTPS://WWW.WAYFAIR.COM/BRAND/BND/ANTARCTIC-STAR-B81147.HTML
ANTHONYCALIFORNIA	ANTHONYCALIFORNIA	wayfair.com	HTTPS://WWW.WAYFAIR.COM/BRAND/BND/ANTHONY-CALIFORNIA-B6613.HTML
ANTIQUEREVIVAL	ANTIQUEREVIVAL	wayfair.com	HTTPS://WWW.WAYFAIR.COM/BRAND/BND/ANTIQUE-REVIVAL-B11311.HTML
ANTONSTUDIODESIGNS	ANTONSTUDIODESIGNS	wayfair.com	HTTPS://WWW.WAYFAIR.COM/BRAND/BND/ANTON-STUDIO-DESIGNS-B86504.HTML
ANTREE	ANTREE	wayfair.com	HTTPS://WWW.WAYFAIR.COM/BRAND/BND/ANTREE-B67457.HTML
ANTTREEPRODUCTS	ANTREE	wayfair.com	HTTPS://WWW.WAYFAIR.COM/BRAND/BND/ANTREE-B67457.HTML
ANYPET	ANYPET	wayfair.com	HTTPS://WWW.WAYFAIR.COM/BRAND/BND/ANYPET-B85934.HTML
ANYWHEREFIREPLACE	ANYWHEREFIREPLACE	wayfair.com	HTTPS://WWW.WAYFAIR.COM/BRAND/BND/ANYWHERE-FIREPLACE-B16267.HTML
ANYZIP	ANYZIP	wayfair.com	HTTPS://WWW.WAYFAIR.COM/BRAND/BND/ANYZIP-B82133.HTML
AOBABO	AOBABO	wayfair.com	HTTPS://WWW.WAYFAIR.COM/BRAND/BND/AOBABO-B78667.HTML
AOBISI	AOBOSI	wayfair.com	HTTPS://WWW.WAYFAIR.COM/BRAND/BND/AOBOSI-B62317.HTML
AOBOSI	AOBOSI	wayfair.com	HTTPS://WWW.WAYFAIR.COM/BRAND/BND/AOBOSI-B62317.HTML
AOCHE	AOCHE	wayfair.com	HTTPS://WWW.WAYFAIR.COM/BRAND/BND/AOCHE-B62548.HTML
AOFEIGA	AOFEINA	wayfair.com	HTTPS://WWW.WAYFAIR.COM/BRAND/BND/AOFEINA-B61894.HTML
AOJIE	AOJIETOYS	wayfair.com	HTTPS://WWW.WAYFAIR.COM/BRAND/BND/AOJIE-TOYS-B53760.HTML
AOKGARDEN	AOKGARDEN	wayfair.com	HTTPS://WWW.WAYFAIR.COM/BRAND/BND/AOK-GARDEN-B50151.HTML
AOLOHOMY	OIAHOMY	wayfair.com	HTTPS://WWW.WAYFAIR.COM/BRAND/BND/OIAHOMY-B59625.HTML
AOMAS	AOMAS	wayfair.com	HTTPS://WWW.WAYFAIR.COM/BRAND/BND/AOMAS-B54610.HTML
AOODOR	AOODOR	wayfair.com	HTTPS://WWW.WAYFAIR.COM/BRAND/BND/AOODOR-B61787.HTML
AOOLIVE	AOOLIVE	wayfair.com	HTTPS://WWW.WAYFAIR.COM/BRAND/BND/AOOLIVE-B51970.HTML
AORDA	AORDA	wayfair.com	HTTPS://WWW.WAYFAIR.COM/BRAND/BND/AORDA-B55148.HTML
AOTHIA	AOTHIA	wayfair.com	HTTPS://WWW.WAYFAIR.COM/BRAND/BND/AOTHIA-B68359.HTML
AOXION	AOXUN	wayfair.com	HTTPS://WWW.WAYFAIR.COM/BRAND/BND/AOXUN-B63082.HTML
AOXUANTEC	AOXUN	wayfair.com	HTTPS://WWW.WAYFAIR.COM/BRAND/BND/AOXUN-B63082.HTML
AOXUN	AOXUN	wayfair.com	HTTPS://WWW.WAYFAIR.COM/BRAND/BND/AOXUN-B63082.HTML
AOXUNPATIO	AOXUN	wayfair.com	HTTPS://WWW.WAYFAIR.COM/BRAND/BND/AOXUN-B63082.HTML
AOZHIJIA	OYAJIA	wayfair.com	HTTPS://WWW.WAYFAIR.COM/BRAND/BND/OYAJIA-B100797.HTML
APEXGARDEN	APEXGARDEN	wayfair.com	HTTPS://WWW.WAYFAIR.COM/BRAND/BND/APEX-GARDEN-B50175.HTML
APLUSEE	APLUSEE	wayfair.com	HTTPS://WWW.WAYFAIR.COM/BRAND/BND/APLUSEE-B58484.HTML/
APOLLOENCLOSURES	APLE	wayfair.com	HTTPS://WWW.WAYFAIR.COM/BRAND/BND/APLE-B43056.HTML
APOLLOEXPORTS	APOLLOEXPORTSINTERNATIONAL	wayfair.com	HTTPS://WWW.WAYFAIR.COM/BRAND/BND/APOLLOEXPORTSINTERNATIONALINC-B43764.HTML
APOLLOEXPORTSINTERNATIONAL	APOLLOEXPORTSINTERNATIONAL	wayfair.com	HTTPS://WWW.WAYFAIR.COM/BRAND/BND/APOLLOEXPORTSINTERNATIONALINC-B43764.HTML
APOLLOHARDWARE	APOLLOHARDWARE	wayfair.com	HTTPS://WWW.WAYFAIR.COM/BRAND/BND/APOLLO-HARDWARE-B48551.HTML
APOODR	APOODR	wayfair.com	HTTPS://WWW.WAYFAIR.COM/BRAND/BND/APOODR-B102888.HTML
APPASO	APPASO	wayfair.com	HTTPS://WWW.WAYFAIR.COM/BRAND/BND/APPASO-B59986.HTML
APPLICACONSUMERPROD	APPLICACONSUMERPROD	wayfair.com	HTTPS://WWW.WAYFAIR.COM/BRAND/BND/APPLICA-CONSUMER-PROD-B38688.HTML
APPLICACONSUMERPRODUCTS	APPLICACONSUMERPROD	wayfair.com	HTTPS://WWW.WAYFAIR.COM/BRAND/BND/APPLICA-CONSUMER-PROD-B38688.HTML
APTOCO	APTOCO	wayfair.com	HTTPS://WWW.WAYFAIR.COM/BRAND/BND/APTOCO-B64517.HTML
AQCSS	AXCSS	wayfair.com	HTTPS://WWW.WAYFAIR.COM/BRAND/BND/AXCSS-INC-B55382.HTML
AQERIMIT	ACRIMET	wayfair.com	HTTPS://WWW.WAYFAIR.COM/BRAND/BND/ACRIMET-B59381.HTML
AQUACREST	AQUACREST	wayfair.com	HTTPS://WWW.WAYFAIR.COM/BRAND/BND/AQUA-CREST-B66503.HTML
AQUADREAM	AQUADREAM	wayfair.com	HTTPS://WWW.WAYFAIR.COM/BRAND/BND/AQUA-DREAM-B65413.HTML
AQUAFAUCET	AQUAFAUCET	wayfair.com	HTTPS://WWW.WAYFAIR.COM/BRAND/BND/AQUAFAUCET-B47941.HTML
AQUAJOE	AQUAJOE	wayfair.com	HTTPS://WWW.WAYFAIR.COM/BRAND/BND/AQUA-JOE-B70130.HTML
AQUAMOON	AQUAMOON	wayfair.com	HTTPS://WWW.WAYFAIR.COM/BRAND/BND/AQUAMOON-B49795.HTML
AQUAPLUMB	AQUAPLUMB	wayfair.com	HTTPS://WWW.WAYFAIR.COM/BRAND/BND/AQUA-PLUMB-B41876.HTML
AQUAREST	AQUARESTSPASPOWEREDBYJACUZZIPUMPS	wayfair.com	HTTPS://WWW.WAYFAIR.COM/BRAND/BND/AQUAREST-SPAS-POWERED-BY-JACUZZI-PUMPS-B21313.HTML
AQUARESTSPAS	AQUARESTSPASPOWEREDBYJACUZZIPUMPS	wayfair.com	HTTPS://WWW.WAYFAIR.COM/BRAND/BND/AQUAREST-SPAS-POWERED-BY-JACUZZI-PUMPS-B21313.HTML
AQUARESTSPASPOWEREDBYJACUZZI	AQUARESTSPASPOWEREDBYJACUZZIPUMPS	wayfair.com	HTTPS://WWW.WAYFAIR.COM/BRAND/BND/AQUAREST-SPAS-POWERED-BY-JACUZZI-PUMPS-B21313.HTML
AQUARESTSPASPOWEREDBYJACUZZIPU	AQUARESTSPASPOWEREDBYJACUZZIPUMPS	wayfair.com	HTTPS://WWW.WAYFAIR.COM/BRAND/BND/AQUAREST-SPAS-POWERED-BY-JACUZZI-PUMPS-B21313.HTML
AQUATEAK	AQUATEAK	wayfair.com	HTTPS://WWW.WAYFAIR.COM/BRAND/BND/AQUA-TEAK-B17216.HTML
AQUO	AQUO	wayfair.com	HTTPS://WWW.WAYFAIR.COM/BRAND/BND/AQUO-B76992.HTML
ARAMITH	ARAMITH	wayfair.com	HTTPS://WWW.WAYFAIR.COM/BRAND/BND/ARAMITH-B1910.HTML
ARASMO	ARSUMO	wayfair.com	HTTPS://WWW.WAYFAIR.COM/BRAND/BND/ARSUMO-B43795.HTML
ARBELI	ARBELI	wayfair.com	HTTPS://WWW.WAYFAIR.COM/BRAND/BND/ARBELI-B87315.HTML
ARBORIA	ARBORIA	wayfair.com	HTTPS://WWW.WAYFAIR.COM/BRAND/BND/ARBORIA-B3670.HTML
ARBTEAKANDSPECIALTIES	ARBTEAKSPECIALTIES	wayfair.com	HTTPS://WWW.WAYFAIR.COM/BRAND/BND/ARB-TEAK-SPECIALTIES-B19543.HTML
ARBTEAKSPECIALTIES	ARBTEAKSPECIALTIES	wayfair.com	HTTPS://WWW.WAYFAIR.COM/BRAND/BND/ARB-TEAK-SPECIALTIES-B19543.HTML
ARCADE1UP	ARCADE1UP	wayfair.com	HTTPS://WWW.WAYFAIR.COM/BRAND/BND/ARCADE-1UP-B52611.HTML
ARCADIAGARDEN	ARCADIAGARDENPRODUCTS	wayfair.com	HTTPS://WWW.WAYFAIR.COM/BRAND/BND/ARCADIA-GARDEN-PRODUCTS-B21163.HTML
ARCADIAGARDENPRODUCTS	ARCADIAGARDENPRODUCTS	wayfair.com	HTTPS://WWW.WAYFAIR.COM/BRAND/BND/ARCADIA-GARDEN-PRODUCTS-B21163.HTML
ARCHIEOSCAR	ARCHIEOSCAR	wayfair.com	HTTPS://WWW.WAYFAIR.COM/BRAND/BND/ARCHIE-OSCAR-B47413.HTML
ARCHIOLOGY	ARCHIOLOGY	wayfair.com	HTTPS://WWW.WAYFAIR.COM/BRAND/BND/ARCHIOLOGY-B49415.HTML
ARCHIOLOGYDESIGN	ARCHIOLOGY	wayfair.com	HTTPS://WWW.WAYFAIR.COM/BRAND/BND/ARCHIOLOGY-B49415.HTML
ARCHITEC	ARCHITEC	wayfair.com	HTTPS://WWW.WAYFAIR.COM/BRAND/BND/ARCHITEC-B10491.HTML
ARCHITECHOUSEWARES	ARCHITEC	wayfair.com	HTTPS://WWW.WAYFAIR.COM/BRAND/BND/ARCHITEC-B10491.HTML
ARCHITECTRUALPRODUCTSBYOUTWATER	ARCHITECTURALPRODUCTSBYOUTWATER	wayfair.com	HTTPS://WWW.WAYFAIR.COM/BRAND/BND/ARCHITECTURAL-PRODUCTS-BY-OUTWATER-LLC-B56909.HTML
ARCHITECTURALGRILLE	ARCHITECTURALGRILLE	wayfair.com	HTTPS://WWW.WAYFAIR.COM/BRAND/BND/ARCHITECTURAL-GRILLE-B64727.HTML
ARCHITECTURALMAILBOXE	ARCHITECTURALMAILBOXES	wayfair.com	HTTPS://WWW.WAYFAIR.COM/BRAND/BND/ARCHITECTURAL-MAILBOXES-B782.HTML
ARCHITECTURALMAILBOXES	ARCHITECTURALMAILBOXES	wayfair.com	HTTPS://WWW.WAYFAIR.COM/BRAND/BND/ARCHITECTURAL-MAILBOXES-B782.HTML
ARCHITECTURALMAILBOXES2417PS10MA	ARCHITECTURALMAILBOXES	wayfair.com	HTTPS://WWW.WAYFAIR.COM/BRAND/BND/ARCHITECTURAL-MAILBOXES-B782.HTML
ARCHITECTURALMAILBOXES2689B10MAI	ARCHITECTURALMAILBOXES	wayfair.com	HTTPS://WWW.WAYFAIR.COM/BRAND/BND/ARCHITECTURAL-MAILBOXES-B782.HTML
ARCHITECTURALMAILBOXES6300B10OAS	ARCHITECTURALMAILBOXES	wayfair.com	HTTPS://WWW.WAYFAIR.COM/BRAND/BND/ARCHITECTURAL-MAILBOXES-B782.HTML
ARCHITECTURALMAILBOXES79005RZCG	ARCHITECTURALMAILBOXES	wayfair.com	HTTPS://WWW.WAYFAIR.COM/BRAND/BND/ARCHITECTURAL-MAILBOXES-B782.HTML
ARCHITECTURALMAILBOXES79007BSR1	ARCHITECTURALMAILBOXES	wayfair.com	HTTPS://WWW.WAYFAIR.COM/BRAND/BND/ARCHITECTURAL-MAILBOXES-B782.HTML
ARCHITECTURALMAILBOXESHAMILTON751	ARCHITECTURALMAILBOXES	wayfair.com	HTTPS://WWW.WAYFAIR.COM/BRAND/BND/ARCHITECTURAL-MAILBOXES-B782.HTML
ARCHITECTURALMAILBOXESSARATOGAWAL	ARCHITECTURALMAILBOXES	wayfair.com	HTTPS://WWW.WAYFAIR.COM/BRAND/BND/ARCHITECTURAL-MAILBOXES-B782.HTML
ARCHITECTURALPRODUCTSBYOUTWATER	ARCHITECTURALPRODUCTSBYOUTWATER	wayfair.com	HTTPS://WWW.WAYFAIR.COM/BRAND/BND/ARCHITECTURAL-PRODUCTS-BY-OUTWATER-LLC-B56909.HTML
ARCORA	ARCORA	wayfair.com	HTTPS://WWW.WAYFAIR.COM/BRAND/BND/ARCORA-B76070.HTML
ARCTICPRO	ARCTICPRO	wayfair.com	HTTPS://WWW.WAYFAIR.COM/BRAND/BND/ARCTIC-PRO-B41526.HTML
ARCTICSLEEP	ARCTICSLEEP	wayfair.com	HTTPS://WWW.WAYFAIR.COM/BRAND/BND/ARCTIC-SLEEP-B97589.HTML
ARCTICWIND	ARCTICWIND	wayfair.com	HTTPS://WWW.WAYFAIR.COM/BRAND/BND/ARCTIC-WIND-B41821.HTML
ARDISAM	ARDISAM	wayfair.com	HTTPS://WWW.WAYFAIR.COM/BRAND/BND/ARDISAM-INC-B61536.HTML
AREOHOME	AREOHOME	wayfair.com	HTTPS://WWW.WAYFAIR.COM/BRAND/BND/AREOHOME-B50770.HTML
ARESWING	ARESWING	wayfair.com	HTTPS://WWW.WAYFAIR.COM/BRAND/BND/ARES-WING-B98928.HTML
ARGENTORFEVRES	ARGENTORFEVRES	wayfair.com	HTTPS://WWW.WAYFAIR.COM/BRAND/BND/ARGENT-ORFEVRES-B52153.HTML
ARGOFURNITURE	ARGOFURNITURE	wayfair.com	HTTPS://WWW.WAYFAIR.COM/BRAND/BND/ARGO-FURNITURE-B36906.HTML
ARIAAIRFRYERS	ARIAAIRFRYERS	wayfair.com	HTTPS://WWW.WAYFAIR.COM/BRAND/BND/ARIA-AIR-FRYERS-B54672.HTML
ARIELBATH	ARIELBATH	wayfair.com	HTTPS://WWW.WAYFAIR.COM/BRAND/BND/ARIEL-BATH-B7697.HTML
ARIKITCHEN	ARIKITCHENBATH	wayfair.com	HTTPS://WWW.WAYFAIR.COM/BRAND/BND/ARI-KITCHEN-BATH-B37141.HTML
ARIKITCHENANDBATH	ARIKITCHENBATH	wayfair.com	HTTPS://WWW.WAYFAIR.COM/BRAND/BND/ARI-KITCHEN-BATH-B37141.HTML
ARIKITCHENBATH	ARIKITCHENBATH	wayfair.com	HTTPS://WWW.WAYFAIR.COM/BRAND/BND/ARI-KITCHEN-BATH-B37141.HTML
ARIZONASHOWERDOOR	ARIZONASHOWERDOOR	wayfair.com	HTTPS://WWW.WAYFAIR.COM/BRAND/BND/ARIZONA-SHOWER-DOOR-B47184.HTML
ARKDESIGN	ARKDESIGN	wayfair.com	HTTPS://WWW.WAYFAIR.COM/BRAND/BND/ARK-DESIGN-B64518.HTML
ARKSHOWERS	ARKSHOWERS	wayfair.com	HTTPS://WWW.WAYFAIR.COM/BRAND/BND/ARK-SHOWERS-B37279.HTML
ARKTECDECOR	ARKDESIGN	wayfair.com	HTTPS://WWW.WAYFAIR.COM/BRAND/BND/ARK-DESIGN-B64518.HTML
ARLMONT	ARLMONTCO	wayfair.com	HTTPS://WWW.WAYFAIR.COM/BRAND/BND/ARLMONT-CO-B44323.HTML
ARLMONTCO	ARLMONTCO	wayfair.com	HTTPS://WWW.WAYFAIR.COM/BRAND/BND/ARLMONT-CO-B44323.HTML
ARLOBLINDS	TOPBLINDS	wayfair.com	HTTPS://WWW.WAYFAIR.COM/BRAND/BND/TOP-BLINDS-B22115.HTML
ARLOINTERIORS	WILLAARLOINTERIORS	wayfair.com	HTTPS://WWW.WAYFAIR.COM/BRAND/BND/WILLA-ARLO-INTERIORS-B44357.HTML
ARMANAPRODUCTIONS	ARMANAPRODUCTIONS	wayfair.com	HTTPS://WWW.WAYFAIR.COM/BRAND/BND/ARMANA-PRODUCTIONS-B65022.HTML
ARMANLIVING	ARMENLIVING	wayfair.com	HTTPS://WWW.WAYFAIR.COM/BRAND/BND/ARMEN-LIVING-B3790.HTML
ARMARKAT	ARMARKAT	wayfair.com	HTTPS://WWW.WAYFAIR.COM/BRAND/BND/ARMARKAT-B2981.HTML
ARMARKATPETPRODUCTS	ARMARKAT	wayfair.com	HTTPS://WWW.WAYFAIR.COM/BRAND/BND/ARMARKAT-B2981.HTML
ARMENARTFURNITURE	ARMENLIVING	wayfair.com	HTTPS://WWW.WAYFAIR.COM/BRAND/BND/ARMEN-LIVING-B3790.HTML
ARMENLIVING	ARMENLIVING	wayfair.com	HTTPS://WWW.WAYFAIR.COM/BRAND/BND/ARMEN-LIVING-B3790.HTML
ARMENLIVINGFURNITURE	ARMENLIVING	wayfair.com	HTTPS://WWW.WAYFAIR.COM/BRAND/BND/ARMEN-LIVING-B3790.HTML
ARMENLIVNG	ARMENLIVING	wayfair.com	HTTPS://WWW.WAYFAIR.COM/BRAND/BND/ARMEN-LIVING-B3790.HTML
ARMSTRONGFLOORING	ARMSTRONGFLOORING	wayfair.com	HTTPS://WWW.WAYFAIR.COM/BRAND/BND/ARMSTRONG-FLOORING-B3517.HTML
AROAN	AROAN	wayfair.com	HTTPS://WWW.WAYFAIR.COM/BRAND/BND/AROAN-B81458.HTML
AROEVE	AROEVE	wayfair.com	HTTPS://WWW.WAYFAIR.COM/BRAND/BND/AROEVE-B89557.HTML
AROMART	AROMART	wayfair.com	HTTPS://WWW.WAYFAIR.COM/BRAND/BND/AROMART-B59157.HTML
ARONICA	ARONICA	wayfair.com	HTTPS://WWW.WAYFAIR.COM/BRAND/BND/ARONICA-B48160.HTML
AROSPA	AROSPA	wayfair.com	HTTPS://WWW.WAYFAIR.COM/BRAND/BND/AROSPA-B45813.HTML
ARPSTAR	ARPSTAR	wayfair.com	HTTPS://WWW.WAYFAIR.COM/BRAND/BND/ARPSTAR-B61339.HTML
ARRANGEASPACE	ARRANGEASPACE	wayfair.com	HTTPS://WWW.WAYFAIR.COM/BRAND/BND/ARRANGE-A-SPACE-B105880.HTML
ARRANGERASPACE	ARRANGEASPACE	wayfair.com	HTTPS://WWW.WAYFAIR.COM/BRAND/BND/ARRANGE-A-SPACE-B105880.HTML
ARRISEA	ARRISEA	wayfair.com	HTTPS://WWW.WAYFAIR.COM/BRAND/BND/ARRISEA-B72971.HTML
ARROWHEADOUTDOOR	ARROWHEADOUTDOOR	wayfair.com	HTTPS://WWW.WAYFAIR.COM/BRAND/BND/ARROWHEAD-OUTDOOR-B55692.HTML
ARROWPLASTIC	ARROWPLASTICMFGCO	wayfair.com	HTTPS://WWW.WAYFAIR.COM/BRAND/BND/ARROW-PLASTIC-MFG-CO-B10493.HTML
ARROWPLASTICMANUFACTURINGCOMPANY	ARROWPLASTICMFGCO	wayfair.com	HTTPS://WWW.WAYFAIR.COM/BRAND/BND/ARROW-PLASTIC-MFG-CO-B10493.HTML
ARROWPLASTICMFGCO	ARROWPLASTICMFGCO	wayfair.com	HTTPS://WWW.WAYFAIR.COM/BRAND/BND/ARROW-PLASTIC-MFG-CO-B10493.HTML
ARROWPLASTICSMANUFACTURINGCOMPANY	ARROWPLASTICMFGCO	wayfair.com	HTTPS://WWW.WAYFAIR.COM/BRAND/BND/ARROW-PLASTIC-MFG-CO-B10493.HTML
ARSNY	ARSNY	wayfair.com	HTTPS://WWW.WAYFAIR.COM/BRAND/BND/ARSNY-B102802.HTML
ARSUITE	ARSUITE	wayfair.com	HTTPS://WWW.WAYFAIR.COM/BRAND/BND/ARSUITE-B52755.HTML
ART3D	ART3D	wayfair.com	HTTPS://WWW.WAYFAIR.COM/BRAND/BND/ART3D-B47166.HTML
ARTAMPCOOK	ARTANDCOOK	wayfair.com	HTTPS://WWW.WAYFAIR.COM/BRAND/BND/ART-AND-COOK-B2068.HTML
ARTANDCOOK	ARTANDCOOK	wayfair.com	HTTPS://WWW.WAYFAIR.COM/BRAND/BND/ART-AND-COOK-B2068.HTML
ARTCOOK	ARTANDCOOK	wayfair.com	HTTPS://WWW.WAYFAIR.COM/BRAND/BND/ART-AND-COOK-B2068.HTML
ARTEFAMA	ARTEFAMA	wayfair.com	HTTPS://WWW.WAYFAIR.COM/BRAND/BND/ARTEFAMA-B35690.HTML
ARTEFAMAFURNITURE	ARTEFAMA	wayfair.com	HTTPS://WWW.WAYFAIR.COM/BRAND/BND/ARTEFAMA-B35690.HTML
ARTEFFECTS	ARTEFFECTS	wayfair.com	HTTPS://WWW.WAYFAIR.COM/BRAND/BND/ART-EFFECTS-B2581.HTML
ARTEITALICA	ARTEITALICA	wayfair.com	HTTPS://WWW.WAYFAIR.COM/BRAND/BND/ARTE-ITALICA-B31347.HTML
ARTEMOB	ARTEMOB	wayfair.com	HTTPS://WWW.WAYFAIR.COM/BRAND/BND/ARTEMOB-B44208.HTML
ARTENSUENO	ARTESANOHOMEDECOR	wayfair.com	HTTPS://WWW.WAYFAIR.COM/BRAND/BND/ARTESANO-HOME-DECOR-B20435.HTML
ARTESANO	ARTESANOHOMEDECOR	wayfair.com	HTTPS://WWW.WAYFAIR.COM/BRAND/BND/ARTESANO-HOME-DECOR-B20435.HTML
ARTFULLIVINGDESIGN	ARTFULLIVINGDESIGN	wayfair.com	HTTPS://WWW.WAYFAIR.COM/BRAND/BND/ARTFUL-LIVING-DESIGN-B59919.HTML
ARTGEIST	ARTGEISTUSA	wayfair.com	HTTPS://WWW.WAYFAIR.COM/BRAND/BND/ARTGEIST-USA-B86628.HTML
ARTHURCOURT	ARTHURCOURT	wayfair.com	HTTPS://WWW.WAYFAIR.COM/BRAND/BND/ARTHUR-COURT-B25136.HTML
ARTHURCOURTDESIGNS	ARTHURCOURT	wayfair.com	HTTPS://WWW.WAYFAIR.COM/BRAND/BND/ARTHUR-COURT-B25136.HTML
ARTICPRO	ARCTICPRO	wayfair.com	HTTPS://WWW.WAYFAIR.COM/BRAND/BND/ARCTIC-PRO-B41526.HTML
ARTICWIND	ARCTICWIND	wayfair.com	HTTPS://WWW.WAYFAIR.COM/BRAND/BND/ARCTIC-WIND-B41821.HTML
ARTIFACTSTRADING	ARTIFACTSTRADING	wayfair.com	HTTPS://WWW.WAYFAIR.COM/BRAND/BND/ARTIFACTS-TRADING-B39854.HTML
ARTIFACTSTRADINGCOMPANY	ARTIFACTSTRADING	wayfair.com	HTTPS://WWW.WAYFAIR.COM/BRAND/BND/ARTIFACTS-TRADING-B39854.HTML
ARTIKAVANRIVNC	ARTIKA	wayfair.com	HTTPS://WWW.WAYFAIR.COM/BRAND/BND/ARTIKA-B42749.HTML
ARTISANALCREATIONS	ARTISANALCREATIONS	wayfair.com	HTTPS://WWW.WAYFAIR.COM/BRAND/BND/ARTISANALCREATIONS-B40547.HTML
ARTISANFURNITURE	ARTISANHOMEFURNITURE	wayfair.com	HTTPS://WWW.WAYFAIR.COM/BRAND/BND/ARTISAN-HOME-FURNITURE-B451.HTML
ARTISANHOMEFURNISHING	ARTISANHOMEFURNITURE	wayfair.com	HTTPS://WWW.WAYFAIR.COM/BRAND/BND/ARTISAN-HOME-FURNITURE-B451.HTML
ARTISTHAND	ARTISTHAND	wayfair.com	HTTPS://WWW.WAYFAIR.COM/BRAND/BND/ARTIST-HAND-B55250.HTML
ARTISTICAHOME	ARTISTICA	wayfair.com	HTTPS://WWW.WAYFAIR.COM/BRAND/BND/ARTISTICA-B41370.HTML
ARTISTICFINISHES	ARTISTICFINISHES	wayfair.com	HTTPS://WWW.WAYFAIR.COM/BRAND/BND/ARTISTIC-FINISHES-B46763.HTML
ARTISTICHOME	ARTISTICHOMEGALLERY	wayfair.com	HTTPS://WWW.WAYFAIR.COM/BRAND/BND/ARTISTIC-HOME-GALLERY-B38039.HTML
ARTISTICHOMEGALLERY	ARTISTICHOMEGALLERY	wayfair.com	HTTPS://WWW.WAYFAIR.COM/BRAND/BND/ARTISTIC-HOME-GALLERY-B38039.HTML
ARTISTICREFLECTIONS	ARTISTICREFLECTIONS	wayfair.com	HTTPS://WWW.WAYFAIR.COM/BRAND/BND/ARTISTIC-REFLECTIONS-B20518.HTML
ARTIVA	ARTIVAUSA	wayfair.com	HTTPS://WWW.WAYFAIR.COM/BRAND/BND/ARTIVA-USA-B36466.HTML
ARTIVASPACE	ARTIVAUSA	wayfair.com	HTTPS://WWW.WAYFAIR.COM/BRAND/BND/ARTIVA-USA-B36466.HTML
ARTIVAUSA	ARTIVAUSA	wayfair.com	HTTPS://WWW.WAYFAIR.COM/BRAND/BND/ARTIVA-USA-B36466.HTML
ARTIVEA	ARTIVAUSA	wayfair.com	HTTPS://WWW.WAYFAIR.COM/BRAND/BND/ARTIVA-USA-B36466.HTML
ARTLII	ARTLII	wayfair.com	HTTPS://WWW.WAYFAIR.COM/BRAND/BND/ARTLII-B62354.HTML
ARTMAX	ARAX	wayfair.com	HTTPS://WWW.WAYFAIR.COM/BRAND/BND/ARTMAX-B5028.HTML
ARTMEER	AREER	wayfair.com	HTTPS://WWW.WAYFAIR.COM/BRAND/BND/ARTMEER-B55212.HTML
ARTOFLIVINGDESIGNS	ARTFULLIVINGDESIGN	wayfair.com	HTTPS://WWW.WAYFAIR.COM/BRAND/BND/ARTFUL-LIVING-DESIGN-B59919.HTML
ARTOS	ARTOS	wayfair.com	HTTPS://WWW.WAYFAIR.COM/BRAND/BND/ARTOS-B67466.HTML
ARTPUCH	ARTPUCH	wayfair.com	HTTPS://WWW.WAYFAIR.COM/BRAND/BND/ARTPUCH-B62997.HTML
ARTTOREAL	ATRARTTOREAL	wayfair.com	HTTPS://WWW.WAYFAIR.COM/BRAND/BND/ATR-ARTTOREAL-B68249.HTML
ARTUDATECH	ARTUDATECH	wayfair.com	HTTPS://WWW.WAYFAIR.COM/BRAND/BND/ARTUDATECH-B60174.HTML
ARTVIRTUOSO	ARTVIRTUOSO	wayfair.com	HTTPS://WWW.WAYFAIR.COM/BRAND/BND/ART-VIRTUOSO-B40111.HTML
ARTWALLZ	ARTWALL	wayfair.com	HTTPS://WWW.WAYFAIR.COM/BRAND/BND/ARTWALL-B22296.HTML
ARUS	ARUS	wayfair.com	HTTPS://WWW.WAYFAIR.COM/BRAND/BND/ARUS-B40802.HTML
ARZUM	ARZUM	wayfair.com	HTTPS://WWW.WAYFAIR.COM/BRAND/BND/ARZUM-B43786.HTML
ASHCROFTFURNITURE	ASHCROFTIMPORTS	wayfair.com	HTTPS://WWW.WAYFAIR.COM/BRAND/BND/ASHCROFT-IMPORTS-B41784.HTML
ASHCROFTFURNITURECO	ASHCROFTIMPORTS	wayfair.com	HTTPS://WWW.WAYFAIR.COM/BRAND/BND/ASHCROFT-IMPORTS-B41784.HTML
ASHELYSIGANTURE	SIGNATUREDESIGNBYASHLEY	wayfair.com	HTTPS://WWW.WAYFAIR.COM/BRAND/BND/SIGNATURE-DESIGN-BY-ASHLEY-B2668.HTML
ASHELYSIGNATURE	SIGNATUREDESIGNBYASHLEY	wayfair.com	HTTPS://WWW.WAYFAIR.COM/BRAND/BND/SIGNATURE-DESIGN-BY-ASHLEY-B2668.HTML
ASHLEYBYDESIGN	SIGNATUREDESIGNBYASHLEY	wayfair.com	HTTPS://WWW.WAYFAIR.COM/BRAND/BND/SIGNATURE-DESIGN-BY-ASHLEY-B2668.HTML
ASHLEYDESIGN	SIGNATUREDESIGNBYASHLEY	wayfair.com	HTTPS://WWW.WAYFAIR.COM/BRAND/BND/SIGNATURE-DESIGN-BY-ASHLEY-B2668.HTML
ASHLEYFURNITURESIGNATUREDESIGN	SIGNATUREDESIGNBYASHLEY	wayfair.com	HTTPS://WWW.WAYFAIR.COM/BRAND/BND/SIGNATURE-DESIGN-BY-ASHLEY-B2668.HTML
ASHLEYHEARTH	ASHLEYHEARTH	wayfair.com	HTTPS://WWW.WAYFAIR.COM/BRAND/BND/ASHLEY-HEARTH-B38922.HTML
ASHLEYHEARTHPRODUCTS	ASHLEYHEARTH	wayfair.com	HTTPS://WWW.WAYFAIR.COM/BRAND/BND/ASHLEY-HEARTH-B38922.HTML
ASHLEYPRODUCTIONS	ASHLEYPRODUCTIONS	wayfair.com	HTTPS://WWW.WAYFAIR.COM/BRAND/BND/ASHLEY-PRODUCTIONS-INC-B9317.HTML
ASHLEYSIGNATURE	SIGNATUREDESIGNBYASHLEY	wayfair.com	HTTPS://WWW.WAYFAIR.COM/BRAND/BND/SIGNATURE-DESIGN-BY-ASHLEY-B2668.HTML
ASHLEYSIGNATUREBYDESIGN	SIGNATUREDESIGNBYASHLEY	wayfair.com	HTTPS://WWW.WAYFAIR.COM/BRAND/BND/SIGNATURE-DESIGN-BY-ASHLEY-B2668.HTML
ASHLEYSIGNATUREBYDESIGNZAC	SIGNATUREDESIGNBYASHLEY	wayfair.com	HTTPS://WWW.WAYFAIR.COM/BRAND/BND/SIGNATURE-DESIGN-BY-ASHLEY-B2668.HTML
ASHLEYSIGNATUREDESIGN	SIGNATUREDESIGNBYASHLEY	wayfair.com	HTTPS://WWW.WAYFAIR.COM/BRAND/BND/SIGNATURE-DESIGN-BY-ASHLEY-B2668.HTML
ASHLEYSIGNATUREHOME	SIGNATUREDESIGNBYASHLEY	wayfair.com	HTTPS://WWW.WAYFAIR.COM/BRAND/BND/SIGNATURE-DESIGN-BY-ASHLEY-B2668.HTML
ASHLUX	ASHLUXE	wayfair.com	HTTPS://WWW.WAYFAIR.COM/BRAND/BND/ASHLUXE-B52902.HTML
ASHLWYHEARTH	ASHLEYHEARTH	wayfair.com	HTTPS://WWW.WAYFAIR.COM/BRAND/BND/ASHLEY-HEARTH-B38922.HTML
ASHTONSUTTON	ASHTONSUTTON	wayfair.com	HTTPS://WWW.WAYFAIR.COM/BRAND/BND/ASHTON-SUTTON-B1809.HTML
ASIADIRECT	ASIADIRECTHOMEPRODUCTS	wayfair.com	HTTPS://WWW.WAYFAIR.COM/BRAND/BND/ASIA-DIRECT-HOME-PRODUCTS-B43567.HTML
ASIADIRECTHOME	ASIADIRECTHOMEPRODUCTS	wayfair.com	HTTPS://WWW.WAYFAIR.COM/BRAND/BND/ASIA-DIRECT-HOME-PRODUCTS-B43567.HTML
ASIADIRECTHOMEPRODUCTS	ASIADIRECTHOMEPRODUCTS	wayfair.com	HTTPS://WWW.WAYFAIR.COM/BRAND/BND/ASIA-DIRECT-HOME-PRODUCTS-B43567.HTML
ASJMR	ASJMR	wayfair.com	HTTPS://WWW.WAYFAIR.COM/BRAND/BND/ASJMR-B69902.HTML
ASLSOLUTIONS	ASLSOLUTIONS	wayfair.com	HTTPS://WWW.WAYFAIR.COM/BRAND/BND/ASL-SOLUTIONS-B20211.HTML
ASPECTS	ASPECTS	wayfair.com	HTTPS://WWW.WAYFAIR.COM/BRAND/BND/ASPECTS-INC-B9576.HTML
ASPENCREATIVE	ASPENCREATIVECORPORATION	wayfair.com	HTTPS://WWW.WAYFAIR.COM/BRAND/BND/ASPEN-CREATIVE-CORPORATION-B42507.HTML
ASPENCREATIVECORPORATION	ASPENCREATIVECORPORATION	wayfair.com	HTTPS://WWW.WAYFAIR.COM/BRAND/BND/ASPEN-CREATIVE-CORPORATION-B42507.HTML
ASQUALITYIMPORTERS	QUALITYIMPORTERS	wayfair.com	HTTPS://WWW.WAYFAIR.COM/BRAND/BND/QUALITY-IMPORTERS-B36192.HTML
ASSEENONTV	ASSEENONTV	wayfair.com	HTTPS://WWW.WAYFAIR.COM/BRAND/BND/ASSEENONTV-B12187.HTML
ASTAFURNITURE	ASTAFURNITURE	wayfair.com	HTTPS://WWW.WAYFAIR.COM/BRAND/BND/ASTA-FURNITURE-INC-B38564.HTML
ASTAHOMEFURNISHING	ASTAFURNITURE	wayfair.com	HTTPS://WWW.WAYFAIR.COM/BRAND/BND/ASTA-FURNITURE-INC-B38564.HTML
ASTELLA	ASTELLA	wayfair.com	HTTPS://WWW.WAYFAIR.COM/BRAND/BND/ASTELLA-B30017.HTML
ASTOMI	ASTOMI	wayfair.com	HTTPS://WWW.WAYFAIR.COM/BRAND/BND/ASTOMI-B71782.HTML
ASTONSUTTON	ASHTONSUTTON	wayfair.com	HTTPS://WWW.WAYFAIR.COM/BRAND/BND/ASHTON-SUTTON-B1809.HTML
ASTORIAGRAND	ASTORIAGRAND	wayfair.com	HTTPS://WWW.WAYFAIR.COM/BRAND/BND/ASTORIA-GRAND-B39339.HTML
ASTORIAHOMEWARE	ASTORIAGRAND	wayfair.com	HTTPS://WWW.WAYFAIR.COM/BRAND/BND/ASTORIA-GRAND-B39339.HTML
ATEKEN	ATEKEN	wayfair.com	HTTPS://WWW.WAYFAIR.COM/BRAND/BND/ATEKEN-B72508.HTML
ATELERIX	ATELERIX	wayfair.com	HTTPS://WWW.WAYFAIR.COM/BRAND/BND/ATELERIX-B58150.HTML
ATHENEEHOME	ATHENEEHOME	wayfair.com	HTTPS://WWW.WAYFAIR.COM/BRAND/BND/ATHENEE-HOME-B73050.HTML
ATIPICO	ATIPICO	wayfair.com	HTTPS://WWW.WAYFAIR.COM/BRAND/BND/ATIPICO-B33879.HTML
ATIPICOUSA	ATIPICO	wayfair.com	HTTPS://WWW.WAYFAIR.COM/BRAND/BND/ATIPICO-B33879.HTML
ATLANTATEAKFURNITURE	ATLANTATEAKFURNITURE	wayfair.com	HTTPS://WWW.WAYFAIR.COM/BRAND/BND/ATLANTA-TEAK-FURNITURE-B99712.HTML
ATLASHOMEWARES	ATLASHOMEWARES	wayfair.com	HTTPS://WWW.WAYFAIR.COM/BRAND/BND/ATLAS-HOMEWARES-B8516.HTML
ATOUCHOFDESIGN	ATOUCHOFDESIGN	wayfair.com	HTTPS://WWW.WAYFAIR.COM/BRAND/BND/ATOUCHOFDESIGN-B45618.HTML
ATRARTTOREAL	ATRARTTOREAL	wayfair.com	HTTPS://WWW.WAYFAIR.COM/BRAND/BND/ATR-ARTTOREAL-B68249.HTML
ATRIXINTERNATIONAL	ATRIXINTERNATIONAL	wayfair.com	HTTPS://WWW.WAYFAIR.COM/BRAND/BND/ATRIX-INTERNATIONAL-B7056.HTML
ATRULYSOFT	TRULYSOFT	wayfair.com	HTTPS://WWW.WAYFAIR.COM/BRAND/BND/TRULY-SOFT-B43218.HTML
ATTRACTIONDESIGN	ATTRACTIONDESIGNHOME	wayfair.com	HTTPS://WWW.WAYFAIR.COM/BRAND/BND/ATTRACTIONDESIGNHOME-B39086.HTML
ATTRACTIONDESIGNATTRG	ATTRACTIONDESIGNHOME	wayfair.com	HTTPS://WWW.WAYFAIR.COM/BRAND/BND/ATTRACTIONDESIGNHOME-B39086.HTML
ATTRACTIONDESIGNHOME	ATTRACTIONDESIGNHOME	wayfair.com	HTTPS://WWW.WAYFAIR.COM/BRAND/BND/ATTRACTIONDESIGNHOME-B39086.HTML
AUCHEN	AUCHEN	wayfair.com	HTTPS://WWW.WAYFAIR.COM/BRAND/BND/AUCHEN-B53600.HTML
AUDEW	AUDEW	wayfair.com	HTTPS://WWW.WAYFAIR.COM/BRAND/BND/AUDEW-B61895.HTML
AUDIOVISUALDIRECT	AUDIOVISUALDIRECT	wayfair.com	HTTPS://WWW.WAYFAIR.COM/BRAND/BND/AUDIO-VISUAL-DIRECT-B41227.HTML
AUFIND	AUFIND	wayfair.com	HTTPS://WWW.WAYFAIR.COM/BRAND/BND/AUFIND-B55641.HTML
AUGENSTERNCHEN	AUGENSTERNCHEN	wayfair.com	HTTPS://WWW.WAYFAIR.COM/BRAND/BND/AUGENSTERNCHEN-B54894.HTML
AUGUSTGROVE	AUGUSTGROVE	wayfair.com	HTTPS://WWW.WAYFAIR.COM/BRAND/BND/AUGUST-GROVE-B37306.HTML
AULLEY	AUXLEY	wayfair.com	HTTPS://WWW.WAYFAIR.COM/BRAND/BND/AUXLEY-B51294.HTML
AUNCLEY	ANLEY	wayfair.com	HTTPS://WWW.WAYFAIR.COM/BRAND/BND/ANLEY-B49918.HTML
AUQALIGHTING	AQLIGHTING	wayfair.com	HTTPS://WWW.WAYFAIR.COM/BRAND/BND/AQLIGHTING-B48969.HTML
AURAOUTDOOR	AURAOUTDOOR	wayfair.com	HTTPS://WWW.WAYFAIR.COM/BRAND/BND/AURA-OUTDOOR-B63491.HTML
AURAOUTDOORPRODUCTS	AURAOUTDOOR	wayfair.com	HTTPS://WWW.WAYFAIR.COM/BRAND/BND/AURA-OUTDOOR-B63491.HTML
AURIOLIGHTING	AURIOLIGHTING	wayfair.com	HTTPS://WWW.WAYFAIR.COM/BRAND/BND/AURIO-LIGHTING-B48599.HTML
AUROFURNITURE	AUROFURNITURE	wayfair.com	HTTPS://WWW.WAYFAIR.COM/BRAND/BND/AUROFURNITURE-B42175.HTML
AUSDINLOFTSTYLE	MODLOFT	wayfair.com	HTTPS://WWW.WAYFAIR.COM/BRAND/BND/MODLOFT-B2896.HTML
AUSTINHORNCLASSICS	AUSTINHORNCLASSICS	wayfair.com	HTTPS://WWW.WAYFAIR.COM/BRAND/BND/AUSTIN-HORN-CLASSICS-B19043.HTML
AUTHENTICMODELS	AUTHENTICMODELS	wayfair.com	HTTPS://WWW.WAYFAIR.COM/BRAND/BND/AUTHENTIC-MODELS-B1096.HTML
AUTHENTICSTREETSIGNS	AUTHENTICSTREETSIGNS	wayfair.com	HTTPS://WWW.WAYFAIR.COM/BRAND/BND/AUTHENTICSTREETSIGNS-B37694.HTML
AUTOFULL	AUTOFULL	wayfair.com	HTTPS://WWW.WAYFAIR.COM/BRAND/BND/AUTOFULL-B67981.HTML
AUTOJOY	AUTOJOYCLUB	wayfair.com	HTTPS://WWW.WAYFAIR.COM/BRAND/BND/AUTOJOY-CLUB-B66281.HTML
AUXIWA	AUXIWA	wayfair.com	HTTPS://WWW.WAYFAIR.COM/BRAND/BND/AUXIWA-B57190.HTML
AUXLEY	AUXLEY	wayfair.com	HTTPS://WWW.WAYFAIR.COM/BRAND/BND/AUXLEY-B51294.HTML
AVABAY	AVABAY	wayfair.com	HTTPS://WWW.WAYFAIR.COM/BRAND/BND/AVABAY-B69898.HTML
AVALLON	AVALLON	wayfair.com	HTTPS://WWW.WAYFAIR.COM/BRAND/BND/AVALLON-B24799.HTML
AVALONFURNITURE	AVALONFURNITURE	wayfair.com	HTTPS://WWW.WAYFAIR.COM/BRAND/BND/AVALON-FURNITURE-B35987.HTML
AVANA	AVANA	wayfair.com	HTTPS://WWW.WAYFAIR.COM/BRAND/BND/AVANA-B37319.HTML
AVANTICREATION	AVANTI	wayfair.com	HTTPS://WWW.WAYFAIR.COM/BRAND/BND/AVANTI-B1541.HTML
AVANTILINENS	AVANTILINENS	wayfair.com	HTTPS://WWW.WAYFAIR.COM/BRAND/BND/AVANTI-LINENS-B7698.HTML
AVANTIPRODUCTS	AVANTI	wayfair.com	HTTPS://WWW.WAYFAIR.COM/BRAND/BND/AVANTI-B1541.HTML
AVATARCONTROLS	AVATARCONTROLS	wayfair.com	HTTPS://WWW.WAYFAIR.COM/BRAND/BND/AVATAR-CONTROLS-B57489.HTML
AVAWING	AVAWING	wayfair.com	HTTPS://WWW.WAYFAIR.COM/BRAND/BND/AVAWING-B75647.HTML
AVENCO	AVENCO	wayfair.com	HTTPS://WWW.WAYFAIR.COM/BRAND/BND/AVENCO-B57791.HTML
AVENLUR	AVENLUR	wayfair.com	HTTPS://WWW.WAYFAIR.COM/BRAND/BND/AVENLUR-B65613.HTML
AVERLYQUINN	EVERLYQUINN	wayfair.com	HTTPS://WWW.WAYFAIR.COM/BRAND/BND/EVERLY-QUINN-B44311.HTML
AVIANOHARDWARE	AVIANOHARDWARE	wayfair.com	HTTPS://WWW.WAYFAIR.COM/BRAND/BND/AVIANO-HARDWARE-B53624.HTML
AVONDALEMANOR	AVONDALEMANOR	wayfair.com	HTTPS://WWW.WAYFAIR.COM/BRAND/BND/AVONDALE-MANOR-B39103.HTML
AVRSFURNITURE	AVRSFURNITURE	wayfair.com	HTTPS://WWW.WAYFAIR.COM/BRAND/BND/AVRS-FURNITURE-B60943.HTML
AVV	AVV	wayfair.com	HTTPS://WWW.WAYFAIR.COM/BRAND/BND/AVV-B62951.HTML
AVVECKEL	AVV	wayfair.com	HTTPS://WWW.WAYFAIR.COM/BRAND/BND/AVV-B62951.HTML
AWBYCO	AWOCO	wayfair.com	HTTPS://WWW.WAYFAIR.COM/BRAND/BND/AWOCO-B53195.HTML
AWFURNITURE	AWFURNITURE	wayfair.com	HTTPS://WWW.WAYFAIR.COM/BRAND/BND/AW-FURNITURE-B36111.HTML
AWNTECH	AWNTECH	wayfair.com	HTTPS://WWW.WAYFAIR.COM/BRAND/BND/AWNTECH-B24124.HTML
AWNTECHCORP	AWNTECH	wayfair.com	HTTPS://WWW.WAYFAIR.COM/BRAND/BND/AWNTECH-B24124.HTML
AWOCO	AWOCO	wayfair.com	HTTPS://WWW.WAYFAIR.COM/BRAND/BND/AWOCO-B53195.HTML
AXISINTERNATIONAL	AXISINTERNATIONAL	wayfair.com	HTTPS://WWW.WAYFAIR.COM/BRAND/BND/AXIS-INTERNATIONAL-B34600.HTML
AXISINTERNATIONALMARKETING	AXISINTERNATIONAL	wayfair.com	HTTPS://WWW.WAYFAIR.COM/BRAND/BND/AXIS-INTERNATIONAL-B34600.HTML
AYAMAYA	AYAMAYA	wayfair.com	HTTPS://WWW.WAYFAIR.COM/BRAND/BND/AYAMAYA-B64492.HTML
AYCPFURNITURE	AYCPFURNITURE	wayfair.com	HTTPS://WWW.WAYFAIR.COM/BRAND/BND/AYCP-FURNITURE-B48337.HTML
AYESHACURRY	AYESHACURRY	wayfair.com	HTTPS://WWW.WAYFAIR.COM/BRAND/BND/AYESHA-CURRY-B45736.HTML
AYESHACURRYKITCHENWARE	AYESHACURRY	wayfair.com	HTTPS://WWW.WAYFAIR.COM/BRAND/BND/AYESHA-CURRY-B45736.HTML
AYLABATH	ALYABATH	wayfair.com	HTTPS://WWW.WAYFAIR.COM/BRAND/BND/ALYA-BATH-B38174.HTML
AYNADECORS	AYNADECORS	wayfair.com	HTTPS://WWW.WAYFAIR.COM/BRAND/BND/AYNA-DECORS-B84309.HTML
AYOUJIA	OYAJIA	wayfair.com	HTTPS://WWW.WAYFAIR.COM/BRAND/BND/OYAJIA-B100797.HTML
AZARDISPLAYS	AZARDISPLAYS	wayfair.com	HTTPS://WWW.WAYFAIR.COM/BRAND/BND/AZAR-DISPLAYS-B54246.HTML
AZPATIOHEATERS	AZPATIOHEATERS	wayfair.com	HTTPS://WWW.WAYFAIR.COM/BRAND/BND/AZ-PATIO-HEATERS-B9892.HTML
AZUNI	AZUNI	wayfair.com	HTTPS://WWW.WAYFAIR.COM/BRAND/BND/AZUNI-B53124.HTML
AZZURI	AZZURI	wayfair.com	HTTPS://WWW.WAYFAIR.COM/BRAND/BND/AZZURI-B44172.HTML
BABAN	BABAN	wayfair.com	HTTPS://WWW.WAYFAIR.COM/BRAND/BND/BABAN-B68537.HTML
BABYAPPLESEED	BABYAPPLESEED	wayfair.com	HTTPS://WWW.WAYFAIR.COM/BRAND/BND/BABYAPPLESEED-B46417.HTML
BABYASPEN	BABYASPEN	wayfair.com	HTTPS://WWW.WAYFAIR.COM/BRAND/BND/BABY-ASPEN-B2984.HTML
BABYBRIELLE	BABYBRIELLE	wayfair.com	HTTPS://WWW.WAYFAIR.COM/BRAND/BND/BABY-BRIELLE-B57968.HTML
BABYCACHE	BABYCACHE	wayfair.com	HTTPS://WWW.WAYFAIR.COM/BRAND/BND/BABY-CACHE-B43759.HTML
BABYCRAFT	CHILDCRAFT	wayfair.com	HTTPS://WWW.WAYFAIR.COM/BRAND/BND/CHILD-CRAFT-B661.HTML
BABYDAN	BABYDAN	wayfair.com	HTTPS://WWW.WAYFAIR.COM/BRAND/BND/BABY-DAN-B47462.HTML
BABYDOLLBEDDING	BABYDOLLBEDDING	wayfair.com	HTTPS://WWW.WAYFAIR.COM/BRAND/BND/BABYDOLL-BEDDING-B11297.HTML
BABYDOLLBEDDINGMINKYCHEVRONROCK	BABYDOLLBEDDING	wayfair.com	HTTPS://WWW.WAYFAIR.COM/BRAND/BND/BABYDOLL-BEDDING-B11297.HTML
BABYLETTO	BABYLETTO	wayfair.com	HTTPS://WWW.WAYFAIR.COM/BRAND/BND/BABYLETTO-B2122.HTML
BABYRELAX	BABYRELAX	wayfair.com	HTTPS://WWW.WAYFAIR.COM/BRAND/BND/BABY-RELAX-B37173.HTML
BABYTIMEINTL	BABYTIMEINTERNATIONAL	wayfair.com	HTTPS://WWW.WAYFAIR.COM/BRAND/BND/BABY-TIME-INTERNATIONAL-B30893.HTML
BACKYARDDISCOVERY	BACKYARDDISCOVERY	wayfair.com	HTTPS://WWW.WAYFAIR.COM/BRAND/BND/BACKYARD-DISCOVERY-B10637.HTML
BACKYARDEXPRESSIONS	BACKYARDEXPRESSIONS	wayfair.com	HTTPS://WWW.WAYFAIR.COM/BRAND/BND/BACKYARD-EXPRESSIONS-B46630.HTML
BACKYARDHERO	BACKYARDHERO	wayfair.com	HTTPS://WWW.WAYFAIR.COM/BRAND/BND/BACKYARD-HERO-B66509.HTML
BACKYARDNATUREPRODUCTS	BACKYARDNATUREPRODUCTS	wayfair.com	HTTPS://WWW.WAYFAIR.COM/BRAND/BND/BACKYARD-NATURE-PRODUCTS-B17670.HTML
BACKYARDXSCAPES	BACKYARDXSCAPES	wayfair.com	HTTPS://WWW.WAYFAIR.COM/BRAND/BND/BACKYARD-X-SCAPES-B9248.HTML
BACKYARDXSCAPESNATURALROLLEDBAM	BACKYARDXSCAPES	wayfair.com	HTTPS://WWW.WAYFAIR.COM/BRAND/BND/BACKYARD-X-SCAPES-B9248.HTML
BADASHCRYSTAL	BADASHCRYSTAL	wayfair.com	HTTPS://WWW.WAYFAIR.COM/BRAND/BND/BADASH-CRYSTAL-B24871.HTML
BADELOFT	BADELOFT	wayfair.com	HTTPS://WWW.WAYFAIR.COM/BRAND/BND/BADELOFT-B49275.HTML
BADGERBASKET	BADGERBASKET	wayfair.com	HTTPS://WWW.WAYFAIR.COM/BRAND/BND/BADGER-BASKET-B532.HTML
BADGERBASKETCO	BADGERBASKET	wayfair.com	HTTPS://WWW.WAYFAIR.COM/BRAND/BND/BADGER-BASKET-B532.HTML
BADGERBASKETCOMPANY	BADGERBASKET	wayfair.com	HTTPS://WWW.WAYFAIR.COM/BRAND/BND/BADGER-BASKET-B532.HTML
BADGERBASKETS	BADGERBASKET	wayfair.com	HTTPS://WWW.WAYFAIR.COM/BRAND/BND/BADGER-BASKET-B532.HTML
BAIDEHOME	BAIDEHOME	wayfair.com	HTTPS://WWW.WAYFAIR.COM/BRAND/BND/BAIDE-HOME-B72554.HTML
BAIDESIGN	BAIDESIGN	wayfair.com	HTTPS://WWW.WAYFAIR.COM/BRAND/BND/BAI-DESIGN-B1619.HTML
BAIHTHOME	BAIDEHOME	wayfair.com	HTTPS://WWW.WAYFAIR.COM/BRAND/BND/BAIDE-HOME-B72554.HTML
BAITEYOU	BAITEYOU	wayfair.com	HTTPS://WWW.WAYFAIR.COM/BRAND/BND/BAITEYOU-B113549.HTML
BAKERSADVANTAGE	BAKERSADVANTAGE	wayfair.com	HTTPS://WWW.WAYFAIR.COM/BRAND/BND/BAKERS-ADVANTAGE-B41164.HTML
BAKERSSECRET	BAKERSSECRET	wayfair.com	HTTPS://WWW.WAYFAIR.COM/BRAND/BND/BAKERS-SECRET-B1610.HTML
BALANBO	BALANBO	wayfair.com	HTTPS://WWW.WAYFAIR.COM/BRAND/BND/BALANBO-B63897.HTML
BALCONYFALCON	BALCONYFALCON	wayfair.com	HTTPS://WWW.WAYFAIR.COM/BRAND/BND/BALCONY-FALCON-B71097.HTML
BALDWIN	BALDWIN	wayfair.com	HTTPS://WWW.WAYFAIR.COM/BRAND/BND/BALDWIN-B6240.HTML
BALEMS	BALEMS	wayfair.com	HTTPS://WWW.WAYFAIR.COM/BRAND/BND/BALEMS-B78904.HTML
BALIAA	BALIAA	wayfair.com	HTTPS://WWW.WAYFAIR.COM/BRAND/BND/BALIAA-INC-B53248.HTML
BALIGHT	BALIGHT	wayfair.com	HTTPS://WWW.WAYFAIR.COM/BRAND/BND/BALIGHT-B61004.HTML
BALKENEHOME	BALKENEHOME	wayfair.com	HTTPS://WWW.WAYFAIR.COM/BRAND/BND/BALKENE-HOME-B53102.HTML
BALLARINI	BALLARINI	wayfair.com	HTTPS://WWW.WAYFAIR.COM/BRAND/BND/BALLARINI-B36849.HTML
BALLUCCI	BALLUCCI	wayfair.com	HTTPS://WWW.WAYFAIR.COM/BRAND/BND/BALLUCCI-B51642.HTML
BALOO	BALOOLIVING	wayfair.com	HTTPS://WWW.WAYFAIR.COM/BRAND/BND/BALOO-LIVING-B101828.HTML
BALORAY	BALORAY	wayfair.com	HTTPS://WWW.WAYFAIR.COM/BRAND/BND/BALORAY-B89754.HTML
BALTARUGS	BALTA	wayfair.com	HTTPS://WWW.WAYFAIR.COM/BRAND/BND/BALTA-B334.HTML
BALUS	BALUS	wayfair.com	HTTPS://WWW.WAYFAIR.COM/BRAND/BND/BALUS-B85790.HTML
BAMBOOCOMFORT	BAMBOOCOMFORT	wayfair.com	HTTPS://WWW.WAYFAIR.COM/BRAND/BND/BAMBOOCOMFORT-B44849.HTML
BANASUPER	BANASUPER	wayfair.com	HTTPS://WWW.WAYFAIR.COM/BRAND/BND/BANASUPER-B80334.HTML
BANERGARDEN	BANERGARDEN	wayfair.com	HTTPS://WWW.WAYFAIR.COM/BRAND/BND/BANER-GARDEN-B39344.HTML
BANGSON	BANGSON	wayfair.com	HTTPS://WWW.WAYFAIR.COM/BRAND/BND/BANGSON-B106213.HTML
BANKKY	BANKKY	wayfair.com	HTTPS://WWW.WAYFAIR.COM/BRAND/BND/BANKKY-B68638.HTML
BANQUETTABLESPRO	BANQUETTABLESPRO	wayfair.com	HTTPS://WWW.WAYFAIR.COM/BRAND/BND/BANQUET-TABLES-PRO-B81674.HTML
BANSAROSE	BANSAROSE	wayfair.com	HTTPS://WWW.WAYFAIR.COM/BRAND/BND/BANSA-ROSE-LLC-B59948.HTML
BANZAI	BANZAI	wayfair.com	HTTPS://WWW.WAYFAIR.COM/BRAND/BND/BANZAI-B55873.HTML
BANZI	BANZAI	wayfair.com	HTTPS://WWW.WAYFAIR.COM/BRAND/BND/BANZAI-B55873.HTML
BAOBABWORKSHOP	BAOBABWORKSHOP	wayfair.com	HTTPS://WWW.WAYFAIR.COM/BRAND/BND/BAOBAB-WORKSHOP-B82056.HTML
BAODAN	BAODAN	wayfair.com	HTTPS://WWW.WAYFAIR.COM/BRAND/BND/BAODAN-B65656.HTML
BAODANBA	BAODAN	wayfair.com	HTTPS://WWW.WAYFAIR.COM/BRAND/BND/BAODAN-B65656.HTML
BAODAOTIEHE	BAODAN	wayfair.com	HTTPS://WWW.WAYFAIR.COM/BRAND/BND/BAODAN-B65656.HTML
BAODUU	BAODAN	wayfair.com	HTTPS://WWW.WAYFAIR.COM/BRAND/BND/BAODAN-B65656.HTML
BARBANTIA	BRABANTIA	wayfair.com	HTTPS://WWW.WAYFAIR.COM/BRAND/BND/BRABANTIA-B642.HTML
BARBARIANBYBARBRAIGNATIEV	BARBARIANBYBARBRAIGNATIEV	wayfair.com	HTTPS://WWW.WAYFAIR.COM/BRAND/BND/BARBARIANBYBARBRAIGNATIEV-B53468.HTML
BARBERPUB	BARBERPUB	wayfair.com	HTTPS://WWW.WAYFAIR.COM/BRAND/BND/BARBERPUB-B59818.HTML
BARCALOUNGER	BARCALOUNGER	wayfair.com	HTTPS://WWW.WAYFAIR.COM/BRAND/BND/BARCALOUNGER-B2549.HTML
BARCLAY	BARCLAY	wayfair.com	HTTPS://WWW.WAYFAIR.COM/BRAND/BND/BARCLAY-B4585.HTML
BARCLAYPRODUCTS	BARCLAY	wayfair.com	HTTPS://WWW.WAYFAIR.COM/BRAND/BND/BARCLAY-B4585.HTML
BARCLAYSBUYSBETTERHOMEGOODS	BARCLAY	wayfair.com	HTTPS://WWW.WAYFAIR.COM/BRAND/BND/BARCLAY-B4585.HTML
BAREDECOR	BAREDECOR	wayfair.com	HTTPS://WWW.WAYFAIR.COM/BRAND/BND/BAREDECOR-B40084.HTML
BAREFOOTBUNGALOW	BAREFOOTBUNGALOW	wayfair.com	HTTPS://WWW.WAYFAIR.COM/BRAND/BND/BAREFOOT-BUNGALOW-B43142.HTML
BAREHOME	BAREHOME	wayfair.com	HTTPS://WWW.WAYFAIR.COM/BRAND/BND/BARE-HOME-B36810.HTML
BARGOOSEHOMETEXTILES	BARGOOSEHOMETEXTILES	wayfair.com	HTTPS://WWW.WAYFAIR.COM/BRAND/BND/BARGOOSEHOMETEXTILES-B10853.HTML
BARINGTON	BARRINGTONBILLIARDSCOMPANY	wayfair.com	HTTPS://WWW.WAYFAIR.COM/BRAND/BND/BARRINGTON-BILLIARDS-COMPANY-B42250.HTML
BARNSMITH	BARNSMITH	wayfair.com	HTTPS://WWW.WAYFAIR.COM/BRAND/BND/BARNSMITH-B68579.HTML
BARNWOODTOYSMORE	BARNWOODUSA	wayfair.com	HTTPS://WWW.WAYFAIR.COM/BRAND/BND/BARNWOODUSA-B44070.HTML
BARNWOODUSA	BARNWOODUSA	wayfair.com	HTTPS://WWW.WAYFAIR.COM/BRAND/BND/BARNWOODUSA-B44070.HTML
BARNYARDDESIGN	BARNYARDDESIGNS	wayfair.com	HTTPS://WWW.WAYFAIR.COM/BRAND/BND/BARNYARD-DESIGNS-B49315.HTML
BARNYARDDESIGNS	BARNYARDDESIGNS	wayfair.com	HTTPS://WWW.WAYFAIR.COM/BRAND/BND/BARNYARD-DESIGNS-B49315.HTML
BARNYARDDESING	BARNYARDDESIGNS	wayfair.com	HTTPS://WWW.WAYFAIR.COM/BRAND/BND/BARNYARD-DESIGNS-B49315.HTML
BARRETTEOUTDOORLIVING	BARRETTEOUTDOORLIVING	wayfair.com	HTTPS://WWW.WAYFAIR.COM/BRAND/BND/BARRETTE-OUTDOOR-LIVING-B61009.HTML
BARRETTOUTDOORLIVING	BARRETTEOUTDOORLIVING	wayfair.com	HTTPS://WWW.WAYFAIR.COM/BRAND/BND/BARRETTE-OUTDOOR-LIVING-B61009.HTML
BARRICKS	BARRICKSMANUFACTURINGCO	wayfair.com	HTTPS://WWW.WAYFAIR.COM/BRAND/BND/BARRICKS-MANUFACTURING-CO-B5204.HTML
BARRICKSMFGCO	BARRICKSMANUFACTURINGCO	wayfair.com	HTTPS://WWW.WAYFAIR.COM/BRAND/BND/BARRICKS-MANUFACTURING-CO-B5204.HTML
BARRINGTONBILLARDS	BARRINGTONBILLIARDSCOMPANY	wayfair.com	HTTPS://WWW.WAYFAIR.COM/BRAND/BND/BARRINGTON-BILLIARDS-COMPANY-B42250.HTML
BARRINGTONBILLARDSCOMPANY	BARRINGTONBILLIARDSCOMPANY	wayfair.com	HTTPS://WWW.WAYFAIR.COM/BRAND/BND/BARRINGTON-BILLIARDS-COMPANY-B42250.HTML
BARRINGTONBILLIARDCOMPANY	BARRINGTONBILLIARDSCOMPANY	wayfair.com	HTTPS://WWW.WAYFAIR.COM/BRAND/BND/BARRINGTON-BILLIARDS-COMPANY-B42250.HTML
BARRINGTONBILLIARDS	BARRINGTONBILLIARDSCOMPANY	wayfair.com	HTTPS://WWW.WAYFAIR.COM/BRAND/BND/BARRINGTON-BILLIARDS-COMPANY-B42250.HTML
BARRINGTONBILLIARDSCO	BARRINGTONBILLIARDSCOMPANY	wayfair.com	HTTPS://WWW.WAYFAIR.COM/BRAND/BND/BARRINGTON-BILLIARDS-COMPANY-B42250.HTML
BARRINGTONFOLDING	BARRINGTONBILLIARDSCOMPANY	wayfair.com	HTTPS://WWW.WAYFAIR.COM/BRAND/BND/BARRINGTON-BILLIARDS-COMPANY-B42250.HTML
BARRINGTONSTACKING	BARRINGTONBILLIARDSCOMPANY	wayfair.com	HTTPS://WWW.WAYFAIR.COM/BRAND/BND/BARRINGTON-BILLIARDS-COMPANY-B42250.HTML
BARSKI	BARSKI	wayfair.com	HTTPS://WWW.WAYFAIR.COM/BRAND/BND/BARSKI-B45124.HTML
BARUDECOR	BAREDECOR	wayfair.com	HTTPS://WWW.WAYFAIR.COM/BRAND/BND/BAREDECOR-B40084.HTML
BASHIAN	BASHIANRUGS	wayfair.com	HTTPS://WWW.WAYFAIR.COM/BRAND/BND/BASHIAN-RUGS-B13153.HTML
BASHIANRUGS	BASHIANRUGS	wayfair.com	HTTPS://WWW.WAYFAIR.COM/BRAND/BND/BASHIAN-RUGS-B13153.HTML
BASICESSENTIAL	BASICESSENTIALS	wayfair.com	HTTPS://WWW.WAYFAIR.COM/BRAND/BND/BASIC-ESSENTIALS-B30374.HTML
BASICESSENTIALS	BASICESSENTIALS	wayfair.com	HTTPS://WWW.WAYFAIR.COM/BRAND/BND/BASIC-ESSENTIALS-B30374.HTML
BASSETMIRROR	BASSETTMIRROR	wayfair.com	HTTPS://WWW.WAYFAIR.COM/BRAND/BND/BASSETT-MIRROR-B1812.HTML
BASSETTMIRORCO	BASSETTMIRROR	wayfair.com	HTTPS://WWW.WAYFAIR.COM/BRAND/BND/BASSETT-MIRROR-B1812.HTML
BASSETTMIRROR	BASSETTMIRROR	wayfair.com	HTTPS://WWW.WAYFAIR.COM/BRAND/BND/BASSETT-MIRROR-B1812.HTML
BASSETTMIRRORCO	BASSETTMIRROR	wayfair.com	HTTPS://WWW.WAYFAIR.COM/BRAND/BND/BASSETT-MIRROR-B1812.HTML
BASSETTMIRRORCOMPANY	BASSETTMIRROR	wayfair.com	HTTPS://WWW.WAYFAIR.COM/BRAND/BND/BASSETT-MIRROR-B1812.HTML
BASYX	BASYX	wayfair.com	HTTPS://WWW.WAYFAIR.COM/BRAND/BND/BASYX-B2180.HTML
BASYXBYHON	BASYX	wayfair.com	HTTPS://WWW.WAYFAIR.COM/BRAND/BND/BASYX-B2180.HTML
BASYXHON	BASYX	wayfair.com	HTTPS://WWW.WAYFAIR.COM/BRAND/BND/BASYX-B2180.HTML
BATHBLISS	BATHBLISS	wayfair.com	HTTPS://WWW.WAYFAIR.COM/BRAND/BND/BATH-BLISS-B33941.HTML
BATHEQUIPMENTFIXSEN	BATHEQUIPMENTFIXSEN	wayfair.com	HTTPS://WWW.WAYFAIR.COM/BRAND/BND/BATH-EQUIPMENT-FIXSEN-B61572.HTML
BATHFUSION	BATHFUSION	wayfair.com	HTTPS://WWW.WAYFAIR.COM/BRAND/BND/BATH-FUSION-B30956.HTML
BATHSTUDIO	BATHSTUDIO	wayfair.com	HTTPS://WWW.WAYFAIR.COM/BRAND/BND/BATH-STUDIO-B30957.HTML
BATTILOHOME	BATTILOHOME	wayfair.com	HTTPS://WWW.WAYFAIR.COM/BRAND/BND/BATTILO-HOME-B45968.HTML
BAUHAUS	BAUHAUS	wayfair.com	HTTPS://WWW.WAYFAIR.COM/BRAND/BND/BAUHAUS-B19294.HTML
BAULIA	BAULIA	wayfair.com	HTTPS://WWW.WAYFAIR.COM/BRAND/BND/BAULIA-B57112.HTML
BAXTON	BAXTON	wayfair.com	HTTPS://WWW.WAYFAIR.COM/BRAND/BND/BAXTON-B53877.HTML
BAYACCENTS	BAYACCENTS	wayfair.com	HTTPS://WWW.WAYFAIR.COM/BRAND/BND/BAYACCENTS-B38396.HTML
BAYISLE	BAYISLEHOME	wayfair.com	HTTPS://WWW.WAYFAIR.COM/BRAND/BND/BAY-ISLE-HOME-B39299.HTML
BAYISLEHOME	BAYISLEHOME	wayfair.com	HTTPS://WWW.WAYFAIR.COM/BRAND/BND/BAY-ISLE-HOME-B39299.HTML
BAYOUBREEZE	BAYOUBREEZE	wayfair.com	HTTPS://WWW.WAYFAIR.COM/BRAND/BND/BAYOU-BREEZE-B44309.HTML
BAYWELL	BAYWELL	wayfair.com	HTTPS://WWW.WAYFAIR.COM/BRAND/BND/BAYWELL-B61805.HTML
BAZOONGI	BAZOONGIKIDS	wayfair.com	HTTPS://WWW.WAYFAIR.COM/BRAND/BND/BAZOONGI-KIDS-B1672.HTML
BAZZ	BAZZ	wayfair.com	HTTPS://WWW.WAYFAIR.COM/BRAND/BND/BAZZ-B22288.HTML
BAZZCIYE	BAZZ	wayfair.com	HTTPS://WWW.WAYFAIR.COM/BRAND/BND/BAZZ-B22288.HTML
BAZZLIGHTING	BAZZ	wayfair.com	HTTPS://WWW.WAYFAIR.COM/BRAND/BND/BAZZ-B22288.HTML
BAZZSMARTHOME	BAZZSMARTHOME	wayfair.com	HTTPS://WWW.WAYFAIR.COM/BRAND/BND/BAZZ-SMART-HOME-B50752.HTML
BBDAY	BBDAY	wayfair.com	HTTPS://WWW.WAYFAIR.COM/BRAND/BND/BBDAY-B79581.HTML
BBERLINGERHAUSBERLINGERHAUSPROFE	BERLINGERHAUS	wayfair.com	HTTPS://WWW.WAYFAIR.COM/BRAND/BND/BERLINGER-HAUS-B60466.HTML
BBQDRAGON	BBQDRAGON	wayfair.com	HTTPS://WWW.WAYFAIR.COM/BRAND/BND/BBQ-DRAGON-B42240.HTML
BBRILLIBRILLIANT	BRILLIWELLNESS	wayfair.com	HTTPS://WWW.WAYFAIR.COM/BRAND/BND/BRILLI-WELLNESS-B58609.HTML
BCPBESTCHOICEPRODUCTS	BESTCHOICEPRODUCTS	wayfair.com	HTTPS://WWW.WAYFAIR.COM/BRAND/BND/BEST-CHOICE-PRODUCTS-B56222.HTML
BDI	BDIUSA	wayfair.com	HTTPS://WWW.WAYFAIR.COM/BRAND/BND/BDI-USA-B1364.HTML
BDIFURNITURE	BDIUSA	wayfair.com	HTTPS://WWW.WAYFAIR.COM/BRAND/BND/BDI-USA-B1364.HTML
BDIIMPORTS	BDIUSA	wayfair.com	HTTPS://WWW.WAYFAIR.COM/BRAND/BND/BDI-USA-B1364.HTML
BEACHCHRESTHOME	BEACHCRESTHOME	wayfair.com	HTTPS://WWW.WAYFAIR.COM/BRAND/BND/BEACHCREST-HOME-B37308.HTML
BEACHCREST	BEACHCRESTHOME	wayfair.com	HTTPS://WWW.WAYFAIR.COM/BRAND/BND/BEACHCREST-HOME-B37308.HTML
BEACHCRESTCREST	BEACHCRESTHOME	wayfair.com	HTTPS://WWW.WAYFAIR.COM/BRAND/BND/BEACHCREST-HOME-B37308.HTML
BEACHCRESTHOME	BEACHCRESTHOME	wayfair.com	HTTPS://WWW.WAYFAIR.COM/BRAND/BND/BEACHCREST-HOME-B37308.HTML
BEACHCRESTHOMES	BEACHCRESTHOME	wayfair.com	HTTPS://WWW.WAYFAIR.COM/BRAND/BND/BEACHCREST-HOME-B37308.HTML
BEALIFE	BEALIFE	wayfair.com	HTTPS://WWW.WAYFAIR.COM/BRAND/BND/BEALIFE-B84990.HTML
BEANPRODUCTS	BEANPRODUCTS	wayfair.com	HTTPS://WWW.WAYFAIR.COM/BRAND/BND/BEAN-PRODUCTS-B47173.HTML
BEASHINY	BESY	wayfair.com	HTTPS://WWW.WAYFAIR.COM/BRAND/BND/BESY-B71323.HTML
BEATRICEHOMEFASHIONS	BEATRICE	wayfair.com	HTTPS://WWW.WAYFAIR.COM/BRAND/BND/BEATRICE-B35720.HTML
BEATRICEHOMEFASHONA	BEATRICE	wayfair.com	HTTPS://WWW.WAYFAIR.COM/BRAND/BND/BEATRICE-B35720.HTML
BEAUGARDEN	BEAUJARDIN	wayfair.com	HTTPS://WWW.WAYFAIR.COM/BRAND/BND/BEAU-JARDIN-B61915.HTML
BEAUJARDIN	BEAUJARDIN	wayfair.com	HTTPS://WWW.WAYFAIR.COM/BRAND/BND/BEAU-JARDIN-B61915.HTML
BEAUTME	BEAUE	wayfair.com	HTTPS://WWW.WAYFAIR.COM/BRAND/BND/BEAUTME-B56788.HTML
BEBASIA	BEBASIA	wayfair.com	HTTPS://WWW.WAYFAIR.COM/BRAND/BND/BEBASIA-B65999.HTML
BEBEJAN	BEBEJAN	wayfair.com	HTTPS://WWW.WAYFAIR.COM/BRAND/BND/BEBEJAN-B69148.HTML
BECJYCAMERON	BECKYCAMERON	wayfair.com	HTTPS://WWW.WAYFAIR.COM/BRAND/BND/BECKY-CAMERON-B82324.HTML
BECKHAMLUXURYLINENS	BECKHAMLUXURYLINENS	wayfair.com	HTTPS://WWW.WAYFAIR.COM/BRAND/BND/BECKHAM-LUXURY-LINENS-B82325.HTML
BECKIOWENSXLIVABLISS	BECKIOWENSXLIVABLISS	wayfair.com	HTTPS://WWW.WAYFAIR.COM/BRAND/BND/BECKI-OWENS-X-LIVABLISS-B82387.HTML
BECKYCAMERON	BECKYCAMERON	wayfair.com	HTTPS://WWW.WAYFAIR.COM/BRAND/BND/BECKY-CAMERON-B82324.HTML
BECOHOME	BECOHOME	wayfair.com	HTTPS://WWW.WAYFAIR.COM/BRAND/BND/BECO-HOME-B40061.HTML
BECYCAMERON	BECKYCAMERON	wayfair.com	HTTPS://WWW.WAYFAIR.COM/BRAND/BND/BECKY-CAMERON-B82324.HTML
BEDCLAW	BEDCLAW	wayfair.com	HTTPS://WWW.WAYFAIR.COM/BRAND/BND/BEDCLAW-B71452.HTML
BEDCURE	BEDSURE	wayfair.com	HTTPS://WWW.WAYFAIR.COM/BRAND/BND/BEDSURE-B50015.HTML
BEDFASHIONGROUP	FASHIONBEDGROUP	wayfair.com	HTTPS://WWW.WAYFAIR.COM/BRAND/BND/FASHION-BED-GROUP-B183.HTML
BEDFORDCLOCKS	BEDFORDCLOCK	wayfair.com	HTTPS://WWW.WAYFAIR.COM/BRAND/BND/BEDFORD-CLOCK-B42007.HTML
BEDHOG	BEDHOG	wayfair.com	HTTPS://WWW.WAYFAIR.COM/BRAND/BND/BED-HOG-INC-B34414.HTML
BEDLORE	BEDLORE	wayfair.com	HTTPS://WWW.WAYFAIR.COM/BRAND/BND/BEDLORE-B103148.HTML
BEDMADEEZ	BEDMADEEZ	wayfair.com	HTTPS://WWW.WAYFAIR.COM/BRAND/BND/BED-MADEEZ-B76938.HTML
BEDROSIANS	BEDROSIANS	wayfair.com	HTTPS://WWW.WAYFAIR.COM/BRAND/BND/BEDROSIANS-B24018.HTML
BEDSURE	BEDSURE	wayfair.com	HTTPS://WWW.WAYFAIR.COM/BRAND/BND/BEDSURE-B50015.HTML
BEDSUREBEDSUREBEDSURE	BEDSURE	wayfair.com	HTTPS://WWW.WAYFAIR.COM/BRAND/BND/BEDSURE-B50015.HTML
BEDSUREHOME	BEDSURE	wayfair.com	HTTPS://WWW.WAYFAIR.COM/BRAND/BND/BEDSURE-B50015.HTML
BEDSURESTORE	BEDSURE	wayfair.com	HTTPS://WWW.WAYFAIR.COM/BRAND/BND/BEDSURE-B50015.HTML
BEDTIMEORIGINALS	BEDTIMEORIGINALS	wayfair.com	HTTPS://WWW.WAYFAIR.COM/BRAND/BND/BEDTIME-ORIGINALS-B2887.HTML
BEDVOYAGE	BEDVOYAGE	wayfair.com	HTTPS://WWW.WAYFAIR.COM/BRAND/BND/BEDVOYAGE-B7773.HTML
BEEBDAN	BEBEJAN	wayfair.com	HTTPS://WWW.WAYFAIR.COM/BRAND/BND/BEBEJAN-B69148.HTML
BEECHCRESTHOME	BEACHCRESTHOME	wayfair.com	HTTPS://WWW.WAYFAIR.COM/BRAND/BND/BEACHCREST-HOME-B37308.HTML
BEEFURNI	BEEFURNI	wayfair.com	HTTPS://WWW.WAYFAIR.COM/BRAND/BND/BEEFURNI-B68300.HTML
BEESPOKE	BEESPOKE	wayfair.com	HTTPS://WWW.WAYFAIR.COM/BRAND/BND/BEESPOKE-B52143.HTML
BEEZOK	BEEZOK	wayfair.com	HTTPS://WWW.WAYFAIR.COM/BRAND/BND/BEEZOK-B58180.HTML
BEFOKA	BEFOKA	wayfair.com	HTTPS://WWW.WAYFAIR.COM/BRAND/BND/BEFOKA-B62397.HTML
BEHRENS	BEHRENS	wayfair.com	HTTPS://WWW.WAYFAIR.COM/BRAND/BND/BEHRENS-B39998.HTML
BEHRENSENGLAND	BEHRENSENGLAND	wayfair.com	HTTPS://WWW.WAYFAIR.COM/BRAND/BND/BEHRENS-ENGLAND-B29956.HTML
BEISTLE	THEBEISTLECOMPANY	wayfair.com	HTTPS://WWW.WAYFAIR.COM/BRAND/BND/THE-BEISTLE-COMPANY-B43875.HTML
BEISTLEBEISTLE	THEBEISTLECOMPANY	wayfair.com	HTTPS://WWW.WAYFAIR.COM/BRAND/BND/THE-BEISTLE-COMPANY-B43875.HTML
BEISTLECO	THEBEISTLECOMPANY	wayfair.com	HTTPS://WWW.WAYFAIR.COM/BRAND/BND/THE-BEISTLE-COMPANY-B43875.HTML
BEISTLECOMPANY	THEBEISTLECOMPANY	wayfair.com	HTTPS://WWW.WAYFAIR.COM/BRAND/BND/THE-BEISTLE-COMPANY-B43875.HTML
BEJICAN	BEBEJAN	wayfair.com	HTTPS://WWW.WAYFAIR.COM/BRAND/BND/BEBEJAN-B69148.HTML
BEKRVIO	BEKRVIO	wayfair.com	HTTPS://WWW.WAYFAIR.COM/BRAND/BND/BEKRVIO-B94174.HTML
BELAGIO	BELAGIOENTERPRISES	wayfair.com	HTTPS://WWW.WAYFAIR.COM/BRAND/BND/BELAGIO-ENTERPRISES-INC-B83616.HTML
BELAGIOENTERPRISES	BELAGIOENTERPRISES	wayfair.com	HTTPS://WWW.WAYFAIR.COM/BRAND/BND/BELAGIO-ENTERPRISES-INC-B83616.HTML
BELAIRLIGHTING	BELAIRELIGHTING	wayfair.com	HTTPS://WWW.WAYFAIR.COM/BRAND/BND/BEL-AIRE-LIGHTING-B5846.HTML
BELAIRLIGHTINGDROPSHIP	BELAIRELIGHTING	wayfair.com	HTTPS://WWW.WAYFAIR.COM/BRAND/BND/BEL-AIRE-LIGHTING-B5846.HTML
BELARDO	BELARDOHOME	wayfair.com	HTTPS://WWW.WAYFAIR.COM/BRAND/BND/BELARDO-HOME-B54715.HTML
BELARDOHOME	BELARDOHOME	wayfair.com	HTTPS://WWW.WAYFAIR.COM/BRAND/BND/BELARDO-HOME-B54715.HTML
BELARI	BELARI	wayfair.com	HTTPS://WWW.WAYFAIR.COM/BRAND/BND/BELARI-B70759.HTML
BELAROLA	BELARI	wayfair.com	HTTPS://WWW.WAYFAIR.COM/BRAND/BND/BELARI-B70759.HTML
BELFFIN	BELFFIN	wayfair.com	HTTPS://WWW.WAYFAIR.COM/BRAND/BND/BELFFIN-B66891.HTML
BELGOFF	BELFFIN	wayfair.com	HTTPS://WWW.WAYFAIR.COM/BRAND/BND/BELFFIN-B66891.HTML
BELIANI	BELIANI	wayfair.com	HTTPS://WWW.WAYFAIR.COM/BRAND/BND/BELIANI-B24345.HTML
BELLACORE	BELLACORE	wayfair.com	HTTPS://WWW.WAYFAIR.COM/BRAND/BND/BELLA-CORE-B51813.HTML
BELLADEPOT	BELLADEPOT	wayfair.com	HTTPS://WWW.WAYFAIR.COM/BRAND/BND/BELLA-DEPOT-B48803.HTML
BELLAESPIRIT	BELLAESPRIT	wayfair.com	HTTPS://WWW.WAYFAIR.COM/BRAND/BND/BELLA-ESPRIT-B32406.HTML
BELLAESPRIT	BELLAESPRIT	wayfair.com	HTTPS://WWW.WAYFAIR.COM/BRAND/BND/BELLA-ESPRIT-B32406.HTML
BELLAHOUSEWARES	BELLAHOUSEWARES	wayfair.com	HTTPS://WWW.WAYFAIR.COM/BRAND/BND/BELLA-HOUSEWARES-B58131.HTML
BELLANDHOWELL	BELLHOWELL	wayfair.com	HTTPS://WWW.WAYFAIR.COM/BRAND/BND/BELL-HOWELL-B1820.HTML
BELLATERRAHOME	BELLATERRAHOME	wayfair.com	HTTPS://WWW.WAYFAIR.COM/BRAND/BND/BELLATERRA-HOME-B15650.HTML
BELLEANDHOWELL	BELLHOWELL	wayfair.com	HTTPS://WWW.WAYFAIR.COM/BRAND/BND/BELL-HOWELL-B1820.HTML
BELLEAROMA	BELLEAROMA	wayfair.com	HTTPS://WWW.WAYFAIR.COM/BRAND/BND/BELLE-AROMA-B58877.HTML
BELLEONE	BELLEONE	wayfair.com	HTTPS://WWW.WAYFAIR.COM/BRAND/BND/BELLEONE-B29248.HTML
BELLEZE	BELLEZE	wayfair.com	HTTPS://WWW.WAYFAIR.COM/BRAND/BND/BELLEZE-B42251.HTML
BELLEZEWHEREMODERNAFFORDABLEME	BELLEZE	wayfair.com	HTTPS://WWW.WAYFAIR.COM/BRAND/BND/BELLEZE-B42251.HTML
BELLHOWEL	BELLHOWELL	wayfair.com	HTTPS://WWW.WAYFAIR.COM/BRAND/BND/BELL-HOWELL-B1820.HTML
BELLHOWELL	BELLHOWELL	wayfair.com	HTTPS://WWW.WAYFAIR.COM/BRAND/BND/BELL-HOWELL-B1820.HTML
BELLINIMODERNLIVING	BELLINIMODERNLIVING	wayfair.com	HTTPS://WWW.WAYFAIR.COM/BRAND/BND/BELLINI-MODERN-LIVING-B7552.HTML
BELLINO	BELLINOFINELINENS	wayfair.com	HTTPS://WWW.WAYFAIR.COM/BRAND/BND/BELLINO-FINE-LINENS-B7902.HTML
BELMINT	BELMINT	wayfair.com	HTTPS://WWW.WAYFAIR.COM/BRAND/BND/BELMINT-B45186.HTML
BELNICKINCDBAFLASHFURNITURE	FLASHFURNITURE	wayfair.com	HTTPS://WWW.WAYFAIR.COM/BRAND/BND/FLASH-FURNITURE-B11201.HTML
BELVEDEREBATH	BELVEDEREBATH	wayfair.com	HTTPS://WWW.WAYFAIR.COM/BRAND/BND/BELVEDEREBATH-B42654.HTML
BELWARES	BELWARES	wayfair.com	HTTPS://WWW.WAYFAIR.COM/BRAND/BND/BELWARES-B59298.HTML
BELWITH	BELWITHKEELER	wayfair.com	HTTPS://WWW.WAYFAIR.COM/BRAND/BND/BELWITHKEELER-B45034.HTML
BELWITHKEELER	BELWITHKEELER	wayfair.com	HTTPS://WWW.WAYFAIR.COM/BRAND/BND/BELWITHKEELER-B45034.HTML
BEMEINTERNATIONAL	BEMEINTERNATIONAL	wayfair.com	HTTPS://WWW.WAYFAIR.COM/BRAND/BND/BEME-INTERNATIONAL-B23629.HTML
BEMMA	BEMMA	wayfair.com	HTTPS://WWW.WAYFAIR.COM/BRAND/BND/BEMMA-B59119.HTML
BEMODERN	ALLMODERN	wayfair.com	HTTPS://WWW.WAYFAIR.COM/BRAND/BND/ALLMODERN-B56298.HTML
BENARITA	BENARITA	wayfair.com	HTTPS://WWW.WAYFAIR.COM/BRAND/BND/BENARITA-B86912.HTML
BENASSE	BENASSE	wayfair.com	HTTPS://WWW.WAYFAIR.COM/BRAND/BND/BENASSE-B30507.HTML
BENCHCRAFT	BENCHCRAFT	wayfair.com	HTTPS://WWW.WAYFAIR.COM/BRAND/BND/BENCHCRAFT-B33765.HTML
BENCHMARKUSA	BENCHMARKUSA	wayfair.com	HTTPS://WWW.WAYFAIR.COM/BRAND/BND/BENCHMARK-USA-B51321.HTML
BENEOUYA	BENEOUYA	wayfair.com	HTTPS://WWW.WAYFAIR.COM/BRAND/BND/BENEOUYA-B105473.HTML
BENJARA	BENJARA	wayfair.com	HTTPS://WWW.WAYFAIR.COM/BRAND/BND/BENJARA-B50827.HTML
BENNARA	BENZARA	wayfair.com	HTTPS://WWW.WAYFAIR.COM/BRAND/BND/BENZARA-B42328.HTML
BENOSS	BENOSS	wayfair.com	HTTPS://WWW.WAYFAIR.COM/BRAND/BND/BENOSS-B59039.HTML
BENTONCOLLECTION	BENTONCOLLECTION	wayfair.com	HTTPS://WWW.WAYFAIR.COM/BRAND/BND/BENTON-COLLECTION-B47028.HTML
BENZARA	BENZARA	wayfair.com	HTTPS://WWW.WAYFAIR.COM/BRAND/BND/BENZARA-B42328.HTML
BENZARAIMPORTS	BENZARA	wayfair.com	HTTPS://WWW.WAYFAIR.COM/BRAND/BND/BENZARA-B42328.HTML
BENZARAWOODLANDIMPORTSDROPSHIP	BENZARA	wayfair.com	HTTPS://WWW.WAYFAIR.COM/BRAND/BND/BENZARA-B42328.HTML
BENZHARA	BENZARA	wayfair.com	HTTPS://WWW.WAYFAIR.COM/BRAND/BND/BENZARA-B42328.HTML
BERGHOFFINTERNATIONAL	BERGHOFF	wayfair.com	HTTPS://WWW.WAYFAIR.COM/BRAND/BND/BERGHOFF-B3612.HTML
BERKSHIREBLANKETHOMECO	BERKSHIREBLANKET	wayfair.com	HTTPS://WWW.WAYFAIR.COM/BRAND/BND/BERKSHIRE-BLANKET-B19424.HTML
BERLINGERHAUS	BERLINGERHAUS	wayfair.com	HTTPS://WWW.WAYFAIR.COM/BRAND/BND/BERLINGER-HAUS-B60466.HTML
BERNHARDT	BERNHARDT	wayfair.com	HTTPS://WWW.WAYFAIR.COM/BRAND/BND/BERNHARDT-B2253.HTML
BERNHARDTDESIGN	BERNHARDT	wayfair.com	HTTPS://WWW.WAYFAIR.COM/BRAND/BND/BERNHARDT-B2253.HTML
BERNHARDTFURNITURECOMPANY	BERNHARDT	wayfair.com	HTTPS://WWW.WAYFAIR.COM/BRAND/BND/BERNHARDT-B2253.HTML
BERNHARDTINTERIORS	BERNHARDT	wayfair.com	HTTPS://WWW.WAYFAIR.COM/BRAND/BND/BERNHARDT-B2253.HTML
BERTINI	BERTINI	wayfair.com	HTTPS://WWW.WAYFAIR.COM/BRAND/BND/BERTINI-B571.HTML
BERYHOME	BAREHOME	wayfair.com	HTTPS://WWW.WAYFAIR.COM/BRAND/BND/BARE-HOME-B36810.HTML
BESAYY	BESY	wayfair.com	HTTPS://WWW.WAYFAIR.COM/BRAND/BND/BESY-B71323.HTML
BESILE	BESILE	wayfair.com	HTTPS://WWW.WAYFAIR.COM/BRAND/BND/BESILE-B68521.HTML
BESLEND	BESLEND	wayfair.com	HTTPS://WWW.WAYFAIR.COM/BRAND/BND/BESLEND-B69884.HTML
BESNEY	BESY	wayfair.com	HTTPS://WWW.WAYFAIR.COM/BRAND/BND/BESY-B71323.HTML
BESSIEANDBARNIE	BESSIEBARNIE	wayfair.com	HTTPS://WWW.WAYFAIR.COM/BRAND/BND/BESSIEBARNIE-B41497.HTML
BESTAR	BESTAR	wayfair.com	HTTPS://WWW.WAYFAIR.COM/BRAND/BND/BESTAR-B157.HTML
BESTCHOICE	BESTCHOICEPRODUCTS	wayfair.com	HTTPS://WWW.WAYFAIR.COM/BRAND/BND/BEST-CHOICE-PRODUCTS-B56222.HTML
BESTCHOICE000	BESTCHOICEPRODUCTS	wayfair.com	HTTPS://WWW.WAYFAIR.COM/BRAND/BND/BEST-CHOICE-PRODUCTS-B56222.HTML
BESTCHOICECHAIRS	BESTCHOICEPRODUCTS	wayfair.com	HTTPS://WWW.WAYFAIR.COM/BRAND/BND/BEST-CHOICE-PRODUCTS-B56222.HTML
BESTCHOICEFESTIVAL	BESTCHOICEPRODUCTS	wayfair.com	HTTPS://WWW.WAYFAIR.COM/BRAND/BND/BEST-CHOICE-PRODUCTS-B56222.HTML
BESTCHOICEPRO	BESTCHOICEPRODUCTS	wayfair.com	HTTPS://WWW.WAYFAIR.COM/BRAND/BND/BEST-CHOICE-PRODUCTS-B56222.HTML
BESTCHOICEPRODUCT	BESTCHOICEPRODUCTS	wayfair.com	HTTPS://WWW.WAYFAIR.COM/BRAND/BND/BEST-CHOICE-PRODUCTS-B56222.HTML
BESTCHOICEPRODUCTS	BESTCHOICEPRODUCTS	wayfair.com	HTTPS://WWW.WAYFAIR.COM/BRAND/BND/BEST-CHOICE-PRODUCTS-B56222.HTML
BESTCHOICEPRODUCTS55QUARTLARGE	BESTCHOICEPRODUCTS	wayfair.com	HTTPS://WWW.WAYFAIR.COM/BRAND/BND/BEST-CHOICE-PRODUCTS-B56222.HTML
BESTCHOICEPRODUCTSSTORE	BESTCHOICEPRODUCTS	wayfair.com	HTTPS://WWW.WAYFAIR.COM/BRAND/BND/BEST-CHOICE-PRODUCTS-B56222.HTML
BESTCHOICEPROUDUCTS	BESTCHOICEPRODUCTS	wayfair.com	HTTPS://WWW.WAYFAIR.COM/BRAND/BND/BEST-CHOICE-PRODUCTS-B56222.HTML
BESTCHOISEPRODUCT	BESTCHOICEPRODUCTS	wayfair.com	HTTPS://WWW.WAYFAIR.COM/BRAND/BND/BEST-CHOICE-PRODUCTS-B56222.HTML
BESTFRIENDSBYSHERI	BESTFRIENDSBYSHERI	wayfair.com	HTTPS://WWW.WAYFAIR.COM/BRAND/BND/BEST-FRIENDS-BY-SHERI-B21230.HTML
BESTFRIENDSBYSHERILUX	BESTFRIENDSBYSHERI	wayfair.com	HTTPS://WWW.WAYFAIR.COM/BRAND/BND/BEST-FRIENDS-BY-SHERI-B21230.HTML
BESTFRIENDSBYSHERIOO	BESTFRIENDSBYSHERI	wayfair.com	HTTPS://WWW.WAYFAIR.COM/BRAND/BND/BEST-FRIENDS-BY-SHERI-B21230.HTML
BESTHLS	BESTHLS	wayfair.com	HTTPS://WWW.WAYFAIR.COM/BRAND/BND/BESTHLS-B66331.HTML
BESTHOMEFASHION	BESTHOMEFASHION	wayfair.com	HTTPS://WWW.WAYFAIR.COM/BRAND/BND/BEST-HOME-FASHION-INC-B33873.HTML
BESTIER	BESTIER	wayfair.com	HTTPS://WWW.WAYFAIR.COM/BRAND/BND/BESTIER-B53516.HTML
BESTITURE	BESTIER	wayfair.com	HTTPS://WWW.WAYFAIR.COM/BRAND/BND/BESTIER-B53516.HTML
BESTOFFICEFDW	BESTOFFICE	wayfair.com	HTTPS://WWW.WAYFAIR.COM/BRAND/BND/BESTOFFICE-B55877.HTML
BESTQAULITYFURNITURE	BESTQUALITYFURNITURE	wayfair.com	HTTPS://WWW.WAYFAIR.COM/BRAND/BND/BEST-QUALITY-FURNITURE-B41139.HTML
BESTQUALITYFURNITURE	BESTQUALITYFURNITURE	wayfair.com	HTTPS://WWW.WAYFAIR.COM/BRAND/BND/BEST-QUALITY-FURNITURE-B41139.HTML
BESTWAYS	BESTWAY	wayfair.com	HTTPS://WWW.WAYFAIR.COM/BRAND/BND/BESTWAY-B37543.HTML
BESUNYST	BESUNYST	wayfair.com	HTTPS://WWW.WAYFAIR.COM/BRAND/BND/BESUNYST-B61187.HTML
BESYOUSEL	BESY	wayfair.com	HTTPS://WWW.WAYFAIR.COM/BRAND/BND/BESY-B71323.HTML
BETENSHUS	BETUS	wayfair.com	HTTPS://WWW.WAYFAIR.COM/BRAND/BND/BETUS-B52493.HTML
BETERTRENDS	BETTERTRENDS	wayfair.com	HTTPS://WWW.WAYFAIR.COM/BRAND/BND/BETTER-TRENDS-B33809.HTML
BETHELINTERNATIONAL	BETHELINTERNATIONAL	wayfair.com	HTTPS://WWW.WAYFAIR.COM/BRAND/BND/BETHEL-INTERNATIONAL-B18319.HTML
BETHELLIGHTING	BETHELINTERNATIONAL	wayfair.com	HTTPS://WWW.WAYFAIR.COM/BRAND/BND/BETHEL-INTERNATIONAL-B18319.HTML
BETLIGHT	BETLIGHT	wayfair.com	HTTPS://WWW.WAYFAIR.COM/BRAND/BND/BETLIGHT-B59661.HTML
BETSYFURNITURE	BETSYFURNITURE	wayfair.com	HTTPS://WWW.WAYFAIR.COM/BRAND/BND/BETSY-FURNITURE-B54626.HTML
BETTERBEVEL	BETTERBEVEL	wayfair.com	HTTPS://WWW.WAYFAIR.COM/BRAND/BND/BETTER-BEVEL-B55994.HTML
BETTERCHEF	BETTERCHEF	wayfair.com	HTTPS://WWW.WAYFAIR.COM/BRAND/BND/BETTER-CHEF-B32320.HTML
BETTERCHOICET	BESTCHOICEPRODUCTS	wayfair.com	HTTPS://WWW.WAYFAIR.COM/BRAND/BND/BEST-CHOICE-PRODUCTS-B56222.HTML
BETTERHABITAT	BETTERHABITAT	wayfair.com	HTTPS://WWW.WAYFAIR.COM/BRAND/BND/BETTER-HABITAT-B75671.HTML
BETTERHOME	BETTERHOMEPRODUCTS	wayfair.com	HTTPS://WWW.WAYFAIR.COM/BRAND/BND/BETTERHOMEPRODUCTS-B39101.HTML
BETTERHOMEANDGARDEN	BETTERHOMESGARDENS	wayfair.com	HTTPS://WWW.WAYFAIR.COM/BRAND/BND/BETTER-HOMES-GARDENS-B7031.HTML
BETTERHOMEANDGARDENS	BETTERHOMESGARDENS	wayfair.com	HTTPS://WWW.WAYFAIR.COM/BRAND/BND/BETTER-HOMES-GARDENS-B7031.HTML
BETTERHOMEBETTERLIFE	BETTERHOMEPRODUCTS	wayfair.com	HTTPS://WWW.WAYFAIR.COM/BRAND/BND/BETTERHOMEPRODUCTS-B39101.HTML
BETTERHOMEGARDEN	BETTERHOMESGARDENS	wayfair.com	HTTPS://WWW.WAYFAIR.COM/BRAND/BND/BETTER-HOMES-GARDENS-B7031.HTML
BETTERHOMEGARDENS	BETTERHOMESGARDENS	wayfair.com	HTTPS://WWW.WAYFAIR.COM/BRAND/BND/BETTER-HOMES-GARDENS-B7031.HTML
BETTERHOMEPRODUCTS	BETTERHOMEPRODUCTS	wayfair.com	HTTPS://WWW.WAYFAIR.COM/BRAND/BND/BETTERHOMEPRODUCTS-B39101.HTML
BETTERHOMESAND	BETTERHOMESGARDENS	wayfair.com	HTTPS://WWW.WAYFAIR.COM/BRAND/BND/BETTER-HOMES-GARDENS-B7031.HTML
BETTERHOMESANDGARDEN	BETTERHOMESGARDENS	wayfair.com	HTTPS://WWW.WAYFAIR.COM/BRAND/BND/BETTER-HOMES-GARDENS-B7031.HTML
BETTERHOMESANDGARDENE	BETTERHOMESGARDENS	wayfair.com	HTTPS://WWW.WAYFAIR.COM/BRAND/BND/BETTER-HOMES-GARDENS-B7031.HTML
BETTERHOMESANDGARDENS	BETTERHOMESGARDENS	wayfair.com	HTTPS://WWW.WAYFAIR.COM/BRAND/BND/BETTER-HOMES-GARDENS-B7031.HTML
BETTERHOMESANDGARDENSAZALEARIDG	BETTERHOMESGARDENS	wayfair.com	HTTPS://WWW.WAYFAIR.COM/BRAND/BND/BETTER-HOMES-GARDENS-B7031.HTML
BETTERHOMESANDGARDENSWM3921GDC	BETTERHOMESGARDENS	wayfair.com	HTTPS://WWW.WAYFAIR.COM/BRAND/BND/BETTER-HOMES-GARDENS-B7031.HTML
BETTERHOMESGARDENS	BETTERHOMESGARDENS	wayfair.com	HTTPS://WWW.WAYFAIR.COM/BRAND/BND/BETTER-HOMES-GARDENS-B7031.HTML
BETTERHOMESGAURDENS	BETTERHOMESGARDENS	wayfair.com	HTTPS://WWW.WAYFAIR.COM/BRAND/BND/BETTER-HOMES-GARDENS-B7031.HTML
BETTERHOMESTYLE	BETTERHOMEPRODUCTS	wayfair.com	HTTPS://WWW.WAYFAIR.COM/BRAND/BND/BETTERHOMEPRODUCTS-B39101.HTML
BETTERHOMSANDGARDENS	BETTERHOMESGARDENS	wayfair.com	HTTPS://WWW.WAYFAIR.COM/BRAND/BND/BETTER-HOMES-GARDENS-B7031.HTML
BETTERHONESANDGARDENS	BETTERHOMESGARDENS	wayfair.com	HTTPS://WWW.WAYFAIR.COM/BRAND/BND/BETTER-HOMES-GARDENS-B7031.HTML
BETTERHOOD	BETTERHOOD	wayfair.com	HTTPS://WWW.WAYFAIR.COM/BRAND/BND/BETTERHOOD-B73425.HTML
BETTERHOUSEWARE	BETTERHOUSEWARE	wayfair.com	HTTPS://WWW.WAYFAIR.COM/BRAND/BND/BETTER-HOUSEWARE-B37463.HTML
BETTERHOUSEWARES	BETTERHOUSEWARE	wayfair.com	HTTPS://WWW.WAYFAIR.COM/BRAND/BND/BETTER-HOUSEWARE-B37463.HTML
BETTERLIVING	BETTERLIVINGPRODUCTS	wayfair.com	HTTPS://WWW.WAYFAIR.COM/BRAND/BND/BETTER-LIVING-PRODUCTS-B18160.HTML
BETTERLIVINGMAKINGLIFEALITTLEE	BETTERLIVINGPRODUCTS	wayfair.com	HTTPS://WWW.WAYFAIR.COM/BRAND/BND/BETTER-LIVING-PRODUCTS-B18160.HTML
BETTERLIVINGPRODUCTS	BETTERLIVINGPRODUCTS	wayfair.com	HTTPS://WWW.WAYFAIR.COM/BRAND/BND/BETTER-LIVING-PRODUCTS-B18160.HTML
BETTERSELECTION	BESTCHOICEPRODUCTS	wayfair.com	HTTPS://WWW.WAYFAIR.COM/BRAND/BND/BEST-CHOICE-PRODUCTS-B56222.HTML
BETTERSHOMESGARDENS	BETTERHOMESGARDENS	wayfair.com	HTTPS://WWW.WAYFAIR.COM/BRAND/BND/BETTER-HOMES-GARDENS-B7031.HTML
BETTERTHINGSHOME	BETTERHOMEPRODUCTS	wayfair.com	HTTPS://WWW.WAYFAIR.COM/BRAND/BND/BETTERHOMEPRODUCTS-B39101.HTML
BETTERTRENDS	BETTERTRENDS	wayfair.com	HTTPS://WWW.WAYFAIR.COM/BRAND/BND/BETTER-TRENDS-B33809.HTML
BEVERLYFINEFUNITURE	BEVERLYFINEFURNITURE	wayfair.com	HTTPS://WWW.WAYFAIR.COM/BRAND/BND/BEVERLY-FINE-FURNITURE-B32171.HTML
BEVERLYFINEFURNISHING	BEVERLYFINEFURNITURE	wayfair.com	HTTPS://WWW.WAYFAIR.COM/BRAND/BND/BEVERLY-FINE-FURNITURE-B32171.HTML
BEVERLYFINEFURNITURE	BEVERLYFINEFURNITURE	wayfair.com	HTTPS://WWW.WAYFAIR.COM/BRAND/BND/BEVERLY-FINE-FURNITURE-B32171.HTML
BEVERLYHILLSFURNITURE	BEVERLYHILLSFURNITURE	wayfair.com	HTTPS://WWW.WAYFAIR.COM/BRAND/BND/BEVERLY-HILLS-FURNITURE-B6480.HTML
BEWISHOME	BEWISHOME	wayfair.com	HTTPS://WWW.WAYFAIR.COM/BRAND/BND/BEWISHOME-B57747.HTML
BEYAN	BEYAN	wayfair.com	HTTPS://WWW.WAYFAIR.COM/BRAND/BND/BEYAN-B23061.HTML
BEYANSIGNATURE	BEYAN	wayfair.com	HTTPS://WWW.WAYFAIR.COM/BRAND/BND/BEYAN-B23061.HTML
BEYONDDECOR	ESSENTIALDECORBEYOND	wayfair.com	HTTPS://WWW.WAYFAIR.COM/BRAND/BND/ESSENTIAL-DECOR-BEYOND-B20180.HTML
BEYONDHOME	HOMEBEYOND	wayfair.com	HTTPS://WWW.WAYFAIR.COM/BRAND/BND/HOME-BEYOND-B52005.HTML
BEYONG	BEYONG	wayfair.com	HTTPS://WWW.WAYFAIR.COM/BRAND/BND/BEYONG-B87042.HTML
BEZRAT	BEZRAT	wayfair.com	HTTPS://WWW.WAYFAIR.COM/BRAND/BND/BEZRAT-B47327.HTML
BFMSEATING	BFMSEATING	wayfair.com	HTTPS://WWW.WAYFAIR.COM/BRAND/BND/BFMSEATING-B30097.HTML
BIACORDONBLEU	BIACORDONBLEU	wayfair.com	HTTPS://WWW.WAYFAIR.COM/BRAND/BND/BIA-CORDON-BLEU-B1615.HTML
BIBBHOME	BIBBHOME	wayfair.com	HTTPS://WWW.WAYFAIR.COM/BRAND/BND/BIBB-HOME-B40862.HTML
BIDETMASTER	BIDEATE	wayfair.com	HTTPS://WWW.WAYFAIR.COM/BRAND/BND/BIDETMATE-B59830.HTML
BIDETMATE	BIDEATE	wayfair.com	HTTPS://WWW.WAYFAIR.COM/BRAND/BND/BIDETMATE-B59830.HTML
BIDIHOME	BIDKHOME	wayfair.com	HTTPS://WWW.WAYFAIR.COM/BRAND/BND/BIDKHOME-B10986.HTML
BIDKHOME	BIDKHOME	wayfair.com	HTTPS://WWW.WAYFAIR.COM/BRAND/BND/BIDKHOME-B10986.HTML
BIEDERMANNSONS	BIEDERMANNANDSONS	wayfair.com	HTTPS://WWW.WAYFAIR.COM/BRAND/BND/BIEDERMANN-AND-SONS-B18432.HTML
BIGFLOORS	BIGFLOORS	wayfair.com	HTTPS://WWW.WAYFAIR.COM/BRAND/BND/BIGFLOORS-B82703.HTML
BIGGOBLOCKS	BIGGOBLOCKS	wayfair.com	HTTPS://WWW.WAYFAIR.COM/BRAND/BND/BIGGOBLOCKS-B103447.HTML
BIGHORNOUTDOORS	BIGHORNOUTDOORS	wayfair.com	HTTPS://WWW.WAYFAIR.COM/BRAND/BND/BIG-HORN-OUTDOORS-B57789.HTML
BIGJOEPIURPLE	COMFORTRESEARCH	wayfair.com	HTTPS://WWW.WAYFAIR.COM/BRAND/BND/COMFORT-RESEARCH-B250.HTML
BIGREDROOSTER	BIGREDROOSTER	wayfair.com	HTTPS://WWW.WAYFAIR.COM/BRAND/BND/BIG-RED-ROOSTER-B50455.HTML
BIGSO	BIGSO	wayfair.com	HTTPS://WWW.WAYFAIR.COM/BRAND/BND/BIGSO-B37102.HTML
BIKAHOM	BIKAHOM	wayfair.com	HTTPS://WWW.WAYFAIR.COM/BRAND/BND/BIKAHOM-B58564.HTML
BIKAHOMEFURNITURE	BIKAHOME	wayfair.com	HTTPS://WWW.WAYFAIR.COM/BRAND/BND/BIKAHOME-B52708.HTML
BILITOK	BILITOK	wayfair.com	HTTPS://WWW.WAYFAIR.COM/BRAND/BND/BILITOK-B67619.HTML
BINGOPAW	BINGOPAW	wayfair.com	HTTPS://WWW.WAYFAIR.COM/BRAND/BND/BINGOPAW-B63726.HTML
BIOFLAME	BIOFLAME	wayfair.com	HTTPS://WWW.WAYFAIR.COM/BRAND/BND/BIOFLAME-B36976.HTML
BIOHORT	BIOHORT	wayfair.com	HTTPS://WWW.WAYFAIR.COM/BRAND/BND/BIOHORT-B73705.HTML
BIOPEDIC	BIOPEDIC	wayfair.com	HTTPS://WWW.WAYFAIR.COM/BRAND/BND/BIOPEDIC-B16820.HTML
BIOSHIELDANTIMICROBIALPROTECTION	BIOSHIELDANTIMICROBIALPROTECTION	wayfair.com	HTTPS://WWW.WAYFAIR.COM/BRAND/BND/BIO-SHIELD-ANTIMICROBIAL-PROTECTION-B76391.HTML
BIRCHANDKEY	BIRCHLANE	wayfair.com	HTTPS://WWW.WAYFAIR.COM/BRAND/BND/BIRCH-LANE-B25006.HTML
BIRCHANDLANE	BIRCHLANE	wayfair.com	HTTPS://WWW.WAYFAIR.COM/BRAND/BND/BIRCH-LANE-B25006.HTML
BIRCHCITY	BIRCHCITY	wayfair.com	HTTPS://WWW.WAYFAIR.COM/BRAND/BND/BIRCHCITY-B79565.HTML
BIRCHLAND	BIRCHLANE	wayfair.com	HTTPS://WWW.WAYFAIR.COM/BRAND/BND/BIRCH-LANE-B25006.HTML
BIRCHLANE	BIRCHLANE	wayfair.com	HTTPS://WWW.WAYFAIR.COM/BRAND/BND/BIRCH-LANE-B25006.HTML
BIRCHLANEHERITAGE	BIRCHLANEHERITAGE	wayfair.com	HTTPS://WWW.WAYFAIR.COM/BRAND/BND/BIRCH-LANE-HERITAGE-B25006.HTML
BIRDROCK	BIRDROCKHOME	wayfair.com	HTTPS://WWW.WAYFAIR.COM/BRAND/BND/BIRDROCK-HOME-B29316.HTML
BIRDROCKBRANDS	BIRDROCKHOME	wayfair.com	HTTPS://WWW.WAYFAIR.COM/BRAND/BND/BIRDROCK-HOME-B29316.HTML
BIRDROCKHOME	BIRDROCKHOME	wayfair.com	HTTPS://WWW.WAYFAIR.COM/BRAND/BND/BIRDROCK-HOME-B29316.HTML
BIRDSCHOICE	BIRDSCHOICE	wayfair.com	HTTPS://WWW.WAYFAIR.COM/BRAND/BND/BIRDS-CHOICE-B35535.HTML
BISELINA	BISELINA	wayfair.com	HTTPS://WWW.WAYFAIR.COM/BRAND/BND/BISELINA-B60681.HTML
BISILQUEVISUALCOMMUNICATION	BISILQUEVISUALCOMMUNICATIONPRODUCT	wayfair.com	HTTPS://WWW.WAYFAIR.COM/BRAND/BND/BI-SILQUE-VISUAL-COMMUNICATION-PRODUCT-INC-B9680.HTML
BISILQUEVISUALCOMMUNICATIONPRODU	BISILQUEVISUALCOMMUNICATIONPRODUCT	wayfair.com	HTTPS://WWW.WAYFAIR.COM/BRAND/BND/BI-SILQUE-VISUAL-COMMUNICATION-PRODUCT-INC-B9680.HTML
BISLEY	BISLEY	wayfair.com	HTTPS://WWW.WAYFAIR.COM/BRAND/BND/BISLEY-B17615.HTML
BISSEL	BISSELL	wayfair.com	HTTPS://WWW.WAYFAIR.COM/BRAND/BND/BISSELL-B4678.HTML
BISSELL	BISSELL	wayfair.com	HTTPS://WWW.WAYFAIR.COM/BRAND/BND/BISSELL-B4678.HTML
BISSELLBISSELL	BISSELL	wayfair.com	HTTPS://WWW.WAYFAIR.COM/BRAND/BND/BISSELL-B4678.HTML
BISSELLDANEDITEDBRAND	BISSELL	wayfair.com	HTTPS://WWW.WAYFAIR.COM/BRAND/BND/BISSELL-B4678.HTML
BISSELLI	BISSELL	wayfair.com	HTTPS://WWW.WAYFAIR.COM/BRAND/BND/BISSELL-B4678.HTML
BISSELLLOCATIONB37	BISSELL	wayfair.com	HTTPS://WWW.WAYFAIR.COM/BRAND/BND/BISSELL-B4678.HTML
BITPOTT	BITPOTT	wayfair.com	HTTPS://WWW.WAYFAIR.COM/BRAND/BND/BITPOTT-B112207.HTML
BIZANZZIO	BIZOE	wayfair.com	HTTPS://WWW.WAYFAIR.COM/BRAND/BND/BIZOE-B96091.HTML
BJORNWOODWORKS	BJORNWOODWOORKS	wayfair.com	HTTPS://WWW.WAYFAIR.COM/BRAND/BND/BJORN-WOODWOORKS-B51904.HTML
BLACKDECKER	BLACKDECKER	wayfair.com	HTTPS://WWW.WAYFAIR.COM/BRAND/BND/BLACK-DECKER-B1192.HTML
BLACKDECKERO	BLACKDECKER	wayfair.com	HTTPS://WWW.WAYFAIR.COM/BRAND/BND/BLACK-DECKER-B1192.HTML
BLACKDECKERTM	BLACKDECKER	wayfair.com	HTTPS://WWW.WAYFAIR.COM/BRAND/BND/BLACK-DECKER-B1192.HTML
BLACKDECKERUSINC14	BLACKDECKER	wayfair.com	HTTPS://WWW.WAYFAIR.COM/BRAND/BND/BLACK-DECKER-B1192.HTML
BLACKDEDKER	BLACKDECKER	wayfair.com	HTTPS://WWW.WAYFAIR.COM/BRAND/BND/BLACK-DECKER-B1192.HTML
BLACKNDECKER	BLACKDECKER	wayfair.com	HTTPS://WWW.WAYFAIR.COM/BRAND/BND/BLACK-DECKER-B1192.HTML
BLACKSTONE	BLACKSTONE	wayfair.com	HTTPS://WWW.WAYFAIR.COM/BRAND/BND/BLACKSTONE-B30477.HTML
BLACKSTONEPRODUCTS	BLACKSTONE	wayfair.com	HTTPS://WWW.WAYFAIR.COM/BRAND/BND/BLACKSTONE-B30477.HTML
BLAKEWAYWORLDWIDEPANORAMAS	BLAKEWAYPANORAMAS	wayfair.com	HTTPS://WWW.WAYFAIR.COM/BRAND/BND/BLAKEWAYPANORAMAS-B11283.HTML
BLANTEX	BLANTEX	wayfair.com	HTTPS://WWW.WAYFAIR.COM/BRAND/BND/BLANTEX-INC-B66950.HTML
BLAZINGNEEDLE	BLAZINGNEEDLES	wayfair.com	HTTPS://WWW.WAYFAIR.COM/BRAND/BND/BLAZING-NEEDLES-B2953.HTML
BLAZINGNEEDLEDESIGNS	BLAZINGNEEDLES	wayfair.com	HTTPS://WWW.WAYFAIR.COM/BRAND/BND/BLAZING-NEEDLES-B2953.HTML
BLAZINGNEEDLES	BLAZINGNEEDLES	wayfair.com	HTTPS://WWW.WAYFAIR.COM/BRAND/BND/BLAZING-NEEDLES-B2953.HTML
BLAZINGNEEDLESLP	BLAZINGNEEDLES	wayfair.com	HTTPS://WWW.WAYFAIR.COM/BRAND/BND/BLAZING-NEEDLES-B2953.HTML
BLCKNDCKR	BLACKDECKER	wayfair.com	HTTPS://WWW.WAYFAIR.COM/BRAND/BND/BLACK-DECKER-B1192.HTML
BLESSINTERNATIONAL	BLESSINTERNATIONAL	wayfair.com	HTTPS://WWW.WAYFAIR.COM/BRAND/BND/BLESS-INTERNATIONAL-B80411.HTML
BLINDSAVENUE	BLINDSAVENUE	wayfair.com	HTTPS://WWW.WAYFAIR.COM/BRAND/BND/BLINDS-AVENUE-B63719.HTML
BLISSFULLIVING	BLISSFULLIVING	wayfair.com	HTTPS://WWW.WAYFAIR.COM/BRAND/BND/BLISSFUL-LIVING-B42963.HTML
BLISSFULNIGHTS	BLISSFULNIGHTS	wayfair.com	HTTPS://WWW.WAYFAIR.COM/BRAND/BND/BLISSFULNIGHTS-B37993.HTML
BLOMUS	BLOMUS	wayfair.com	HTTPS://WWW.WAYFAIR.COM/BRAND/BND/BLOMUS-B689.HTML
BLOOMSBURYMARKET	BLOOMSBURYMARKET	wayfair.com	HTTPS://WWW.WAYFAIR.COM/BRAND/BND/BLOOMSBURY-MARKET-B44312.HTML
BLUDOT	BLUDOT	wayfair.com	HTTPS://WWW.WAYFAIR.COM/BRAND/BND/BLU-DOT-B2334.HTML
BLUEBLOWER	BLUEBLOWER	wayfair.com	HTTPS://WWW.WAYFAIR.COM/BRAND/BND/BLUE-BLOWER-B69676.HTML
BLUEDONUTS	BLUEDONUTS	wayfair.com	HTTPS://WWW.WAYFAIR.COM/BRAND/BND/BLUE-DONUTS-B52375.HTML
BLUEGRANDPATIOSEEPICTURES	GRANDPATIO	wayfair.com	HTTPS://WWW.WAYFAIR.COM/BRAND/BND/GRAND-PATIO-B44217.HTML
BLUEGRASSLIVING	BLUEGRASSLIVING	wayfair.com	HTTPS://WWW.WAYFAIR.COM/BRAND/BND/BLUEGRASS-LIVING-B58086.HTML
BLUERIDGEBRAND	BLUERIDGEBRAND	wayfair.com	HTTPS://WWW.WAYFAIR.COM/BRAND/BND/BLUE-RIDGE-BRAND-B70946.HTML
BLUERIDGEHOMEFASHION	BLUERIDGEHOMEFASHION	wayfair.com	HTTPS://WWW.WAYFAIR.COM/BRAND/BND/BLUE-RIDGE-HOME-FASHION-B24952.HTML
BLUERIDGEHOMEFASHIONS	BLUERIDGEHOMEFASHION	wayfair.com	HTTPS://WWW.WAYFAIR.COM/BRAND/BND/BLUE-RIDGE-HOME-FASHION-B24952.HTML
BLUERIDGETRADING	BLUERIDGETRADING	wayfair.com	HTTPS://WWW.WAYFAIR.COM/BRAND/BND/BLUE-RIDGE-TRADING-B12097.HTML
BLUESKYOUTDOOR	BLUESKYOUTDOORLIVING	wayfair.com	HTTPS://WWW.WAYFAIR.COM/BRAND/BND/BLUE-SKY-OUTDOOR-LIVING-B52339.HTML
BLUESNAIL	BLUESNAIL	wayfair.com	HTTPS://WWW.WAYFAIR.COM/BRAND/BND/BLUESNAIL-B86056.HTML
BLUEVUE	BLUEVUE	wayfair.com	HTTPS://WWW.WAYFAIR.COM/BRAND/BND/BLUEVUE-INC-B53155.HTML
BLUEWAVE	BLUEWAVE	wayfair.com	HTTPS://WWW.WAYFAIR.COM/BRAND/BND/BLUE-WAVE-B7805.HTML
BLUEWAVECHEMICALS	BLUEWAVE	wayfair.com	HTTPS://WWW.WAYFAIR.COM/BRAND/BND/BLUE-WAVE-B7805.HTML
BLUEWAVEPRODUCTS	BLUEWAVE	wayfair.com	HTTPS://WWW.WAYFAIR.COM/BRAND/BND/BLUE-WAVE-B7805.HTML
BLUEWAVEPRODUCTSDROPSHIP	BLUEWAVE	wayfair.com	HTTPS://WWW.WAYFAIR.COM/BRAND/BND/BLUE-WAVE-B7805.HTML
BLUEWAVEPRODUCTSSPORTINGGOODS	BLUEWAVE	wayfair.com	HTTPS://WWW.WAYFAIR.COM/BRAND/BND/BLUE-WAVE-B7805.HTML
BLUEWAVES	BLUEWAVE	wayfair.com	HTTPS://WWW.WAYFAIR.COM/BRAND/BND/BLUE-WAVE-B7805.HTML
BLUEWAVESPORTS	BLUEWAVE	wayfair.com	HTTPS://WWW.WAYFAIR.COM/BRAND/BND/BLUE-WAVE-B7805.HTML
BLUFFCITYBEDDING	BLUFFCITYBEDDING	wayfair.com	HTTPS://WWW.WAYFAIR.COM/BRAND/BND/BLUFF-CITY-BEDDING-B43981.HTML
BNDWEBSTERINDUSTRIES	WEBSTERINDUSTRIES	wayfair.com	HTTPS://WWW.WAYFAIR.COM/BRAND/BND/WEBSTER-INDUSTRIES-B5443.HTML
BNJ	BNJ	wayfair.com	HTTPS://WWW.WAYFAIR.COM/BRAND/BND/BNJ-B56850.HTML
BOAHAUS	BOAHAUS	wayfair.com	HTTPS://WWW.WAYFAIR.COM/BRAND/BND/BOAHAUS-B42064.HTML
BOANN	BOANN	wayfair.com	HTTPS://WWW.WAYFAIR.COM/BRAND/BND/BOANN-B24667.HTML
BOBBYBERKFORARTFURNITURE	BOBBYBERKHOME	wayfair.com	HTTPS://WWW.WAYFAIR.COM/BRAND/BND/BOBBY-BERK-HOME-B25549.HTML
BOELTERBRANDS	BOELTERBRANDS	wayfair.com	HTTPS://WWW.WAYFAIR.COM/BRAND/BND/BOELTER-BRANDS-B38852.HTML
BOFFINBY	FOBBY	wayfair.com	HTTPS://WWW.WAYFAIR.COM/BRAND/BND/FOBBY-B83130.HTML
BOFON	BOFON	wayfair.com	HTTPS://WWW.WAYFAIR.COM/BRAND/BND/BOFON-B81563.HTML
BOKERTOVSHALOM	BOKERTOVSHALOM	wayfair.com	HTTPS://WWW.WAYFAIR.COM/BRAND/BND/BOKER-TOV-SHALOM-B77234.HTML
BOKNAITMK	BOKNAITMK	wayfair.com	HTTPS://WWW.WAYFAIR.COM/BRAND/BND/BOKNAIT-MK-B68745.HTML
BOKSERHOME	BOKSERHOME	wayfair.com	HTTPS://WWW.WAYFAIR.COM/BRAND/BND/BOKSER-HOME-B102383.HTML
BOLABALL	BOLABALL	wayfair.com	HTTPS://WWW.WAYFAIR.COM/BRAND/BND/BOLABALL-B32402.HTML
BOLBOMS	BOLBOM	wayfair.com	HTTPS://WWW.WAYFAIR.COM/BRAND/BND/BOLBOM-B43823.HTML
BOLDTONES	BOLDTONES	wayfair.com	HTTPS://WWW.WAYFAIR.COM/BRAND/BND/BOLD-TONES-B51905.HTML
BOLTFURNITURE	BOLTFURNITURE	wayfair.com	HTTPS://WWW.WAYFAIR.COM/BRAND/BND/BOLT-FURNITURE-B45235.HTML
BOLTONFURNITURE	BOLTONFURNITURE	wayfair.com	HTTPS://WWW.WAYFAIR.COM/BRAND/BND/BOLTON-FURNITURE-B1723.HTML
BOMAKER	BOMAKER	wayfair.com	HTTPS://WWW.WAYFAIR.COM/BRAND/BND/BOMAKER-B69460.HTML
BONCHEF	BONCHEF	wayfair.com	HTTPS://WWW.WAYFAIR.COM/BRAND/BND/BON-CHEF-B34410.HTML
BONECO	BONECO	wayfair.com	HTTPS://WWW.WAYFAIR.COM/BRAND/BND/BONECO-B42645.HTML
BONLICHT	BONLICHT	wayfair.com	HTTPS://WWW.WAYFAIR.COM/BRAND/BND/BONLICHT-B54622.HTML
BONLIGHT	BONLICHT	wayfair.com	HTTPS://WWW.WAYFAIR.COM/BRAND/BND/BONLICHT-B54622.HTML
BONLITCH	BONLICHT	wayfair.com	HTTPS://WWW.WAYFAIR.COM/BRAND/BND/BONLICHT-B54622.HTML
BONNLO	BONNLO	wayfair.com	HTTPS://WWW.WAYFAIR.COM/BRAND/BND/BONNLO-B59476.HTML
BONSEN	BONSEN	wayfair.com	HTTPS://WWW.WAYFAIR.COM/BRAND/BND/BONSEN-B62702.HTML
BONSENKITCHEN	BONSENKITCHEN	wayfair.com	HTTPS://WWW.WAYFAIR.COM/BRAND/BND/BONSENKITCHEN-B60759.HTML
BONVIVO	BONVIVO	wayfair.com	HTTPS://WWW.WAYFAIR.COM/BRAND/BND/BONVIVO-B59822.HTML
BONZY	BONZYHOME	wayfair.com	HTTPS://WWW.WAYFAIR.COM/BRAND/BND/BONZY-HOME-B57342.HTML
BONZYHOME	BONZYHOME	wayfair.com	HTTPS://WWW.WAYFAIR.COM/BRAND/BND/BONZY-HOME-B57342.HTML
BOOKAHOLIC	BOOKAHOLIC	wayfair.com	HTTPS://WWW.WAYFAIR.COM/BRAND/BND/BOOKAHOLIC-B62817.HTML
BOOSINY	BOOSINY	wayfair.com	HTTPS://WWW.WAYFAIR.COM/BRAND/BND/BOOSINY-B70763.HTML
BOOSTERBATH	BOOSTERBATH	wayfair.com	HTTPS://WWW.WAYFAIR.COM/BRAND/BND/BOOSTER-BATH-B12974.HTML
BOOTHWILLIAMS	BOOTHWILLIAMS	wayfair.com	HTTPS://WWW.WAYFAIR.COM/BRAND/BND/BOOTH-WILLIAMS-B47562.HTML
BOOTTIQUE	BOOTTIQUE	wayfair.com	HTTPS://WWW.WAYFAIR.COM/BRAND/BND/BOOTTIQUE-INC-B25563.HTML
BOOTZ	BOOTZ	wayfair.com	HTTPS://WWW.WAYFAIR.COM/BRAND/BND/BOOTZ-B8106.HTML
BORAAM	BORAAM	wayfair.com	HTTPS://WWW.WAYFAIR.COM/BRAND/BND/BORAAM-B4396.HTML
BORAAMINDUSTRIES	BORAAM	wayfair.com	HTTPS://WWW.WAYFAIR.COM/BRAND/BND/BORAAM-B4396.HTML
BORDERSUNLIMITED	BORDERSUNLIMITED	wayfair.com	HTTPS://WWW.WAYFAIR.COM/BRAND/BND/BORDERS-UNLIMITED-B39721.HTML
BORMIOLIROCCO	BORMIOLIROCCO	wayfair.com	HTTPS://WWW.WAYFAIR.COM/BRAND/BND/BORMIOLI-ROCCO-B7744.HTML
BOSCEOS	BOSCEOS	wayfair.com	HTTPS://WWW.WAYFAIR.COM/BRAND/BND/BOSCEOS-B84698.HTML
BOSECOSE	BOSCEOS	wayfair.com	HTTPS://WWW.WAYFAIR.COM/BRAND/BND/BOSCEOS-B84698.HTML
BOSFORI	BOSFORI	wayfair.com	HTTPS://WWW.WAYFAIR.COM/BRAND/BND/BOSFORI-B59568.HTML
BOSHEN	BOSHEN	wayfair.com	HTTPS://WWW.WAYFAIR.COM/BRAND/BND/BOSHEN-B58395.HTML
BOSIXTY	BOSIXTY	wayfair.com	HTTPS://WWW.WAYFAIR.COM/BRAND/BND/BOSIXTY-B62373.HTML
BOSMILLER	BOSMILLER	wayfair.com	HTTPS://WWW.WAYFAIR.COM/BRAND/BND/BOSMILLER-B67491.HTML
BOSSIN	BOSSIN	wayfair.com	HTTPS://WWW.WAYFAIR.COM/BRAND/BND/BOSSIN-B62049.HTML
BOSTONINTERNATIONAL	BOSTONINTERNATIONAL	wayfair.com	HTTPS://WWW.WAYFAIR.COM/BRAND/BND/BOSTON-INTERNATIONAL-B34744.HTML
BOSTONLINENCOMPANY	BOSTONLINENCOMPANY	wayfair.com	HTTPS://WWW.WAYFAIR.COM/BRAND/BND/BOSTON-LINEN-COMPANY-B64919.HTML
BOSTONWAREHOUSE	BOSTONWAREHOUSETRADINGCORP	wayfair.com	HTTPS://WWW.WAYFAIR.COM/BRAND/BND/BOSTON-WAREHOUSE-TRADING-CORP-B16187.HTML
BOSTONWAREHOUSETRADINGCORP	BOSTONWAREHOUSETRADINGCORP	wayfair.com	HTTPS://WWW.WAYFAIR.COM/BRAND/BND/BOSTON-WAREHOUSE-TRADING-CORP-B16187.HTML
BOULDERINNOVATIONS	BOULDERINNOVATIONS	wayfair.com	HTTPS://WWW.WAYFAIR.COM/BRAND/BND/BOULDER-INNOVATIONS-B33806.HTML
BOULEVARDEIGHT	BOULEVARDEIGHT	wayfair.com	HTTPS://WWW.WAYFAIR.COM/BRAND/BND/BOULEVARD-EIGHT-B50920.HTML
BOUNCECOMFORT	BOUNCECOMFORT	wayfair.com	HTTPS://WWW.WAYFAIR.COM/BRAND/BND/BOUNCE-COMFORT-B30950.HTML
BOUNCELAND	BOUNCELAND	wayfair.com	HTTPS://WWW.WAYFAIR.COM/BRAND/BND/BOUNCELAND-B10575.HTML
BOUNCYBANDS	BOUNCYBANDS	wayfair.com	HTTPS://WWW.WAYFAIR.COM/BRAND/BND/BOUNCYBANDS-B42813.HTML
BOUNCYBANDSBOUNCYBANDS	BOUNCYBANDS	wayfair.com	HTTPS://WWW.WAYFAIR.COM/BRAND/BND/BOUNCYBANDS-B42813.HTML
BOURGEAT	MATFERBOURGEAT	wayfair.com	HTTPS://WWW.WAYFAIR.COM/BRAND/BND/MATFERBOURGEAT-B53278.HTML
BOYDSLEEP	BOYDSLEEP	wayfair.com	HTTPS://WWW.WAYFAIR.COM/BRAND/BND/BOYD-SLEEP-B64651.HTML
BOYEL	BOYELLIVING	wayfair.com	HTTPS://WWW.WAYFAIR.COM/BRAND/BND/BOYEL-LIVING-B52201.HTML
BOYILITD	BOYELLIVING	wayfair.com	HTTPS://WWW.WAYFAIR.COM/BRAND/BND/BOYEL-LIVING-B52201.HTML
BOYLELIVING	BOYELLIVING	wayfair.com	HTTPS://WWW.WAYFAIR.COM/BRAND/BND/BOYEL-LIVING-B52201.HTML
BRABANITA	BRABANTIA	wayfair.com	HTTPS://WWW.WAYFAIR.COM/BRAND/BND/BRABANTIA-B642.HTML
BRABANTIA	BRABANTIA	wayfair.com	HTTPS://WWW.WAYFAIR.COM/BRAND/BND/BRABANTIA-B642.HTML
BRABANTIAUSA	BRABANTIA	wayfair.com	HTTPS://WWW.WAYFAIR.COM/BRAND/BND/BRABANTIA-B642.HTML
BRADINGTONYOUNG	BRADINGTONYOUNG	wayfair.com	HTTPS://WWW.WAYFAIR.COM/BRAND/BND/BRADINGTON-YOUNG-B2229.HTML
BRAFAB	BRAFAB	wayfair.com	HTTPS://WWW.WAYFAIR.COM/BRAND/BND/BRAFAB-B57787.HTML
BRANDBETTERHOMESANDGARDENS	BETTERHOMESGARDENS	wayfair.com	HTTPS://WWW.WAYFAIR.COM/BRAND/BND/BETTER-HOMES-GARDENS-B7031.HTML
BRANDMAYDIFFER	MAYFAIR	wayfair.com	HTTPS://WWW.WAYFAIR.COM/BRAND/BND/MAYFAIR-B12518.HTML
BRANDNEWWILDKIN	WILDKIN	wayfair.com	HTTPS://WWW.WAYFAIR.COM/BRAND/BND/WILDKIN-B1142.HTML
BRANDREAM	BRANDREAM	wayfair.com	HTTPS://WWW.WAYFAIR.COM/BRAND/BND/BRANDREAM-B60154.HTML
BRANDTWORKS	BRANDTWORKS	wayfair.com	HTTPS://WWW.WAYFAIR.COM/BRAND/BND/BRANDTWORKSLLC-B36381.HTML
BRANDWALSPORT	WALSPORT	wayfair.com	HTTPS://WWW.WAYFAIR.COM/BRAND/BND/WALSPORT-B52689.HTML
BRANO	BRANO	wayfair.com	HTTPS://WWW.WAYFAIR.COM/BRAND/BND/BRANO-B101858.HTML
BRASSEX	BRASSEX	wayfair.com	HTTPS://WWW.WAYFAIR.COM/BRAND/BND/BRASSEX-B40640.HTML
BRAXTON	BRAXTONCULLER	wayfair.com	HTTPS://WWW.WAYFAIR.COM/BRAND/BND/BRAXTON-CULLER-B22641.HTML
BRAXTONCULLER	BRAXTONCULLER	wayfair.com	HTTPS://WWW.WAYFAIR.COM/BRAND/BND/BRAXTON-CULLER-B22641.HTML
BRAXTONFURNITURE	BRAXTONCULLER	wayfair.com	HTTPS://WWW.WAYFAIR.COM/BRAND/BND/BRAXTON-CULLER-B22641.HTML
BRAYDENSTUDIO	BRAYDENSTUDIO	wayfair.com	HTTPS://WWW.WAYFAIR.COM/BRAND/BND/BRAYDEN-STUDIO-B36988.HTML
BRAYDENSTUDIOS	BRAYDENSTUDIO	wayfair.com	HTTPS://WWW.WAYFAIR.COM/BRAND/BND/BRAYDEN-STUDIO-B36988.HTML
BRAYDONSTUDIO	BRAYDENSTUDIO	wayfair.com	HTTPS://WWW.WAYFAIR.COM/BRAND/BND/BRAYDEN-STUDIO-B36988.HTML
BRAZILFURNITURE	BRAZILFURNITURE	wayfair.com	HTTPS://WWW.WAYFAIR.COM/BRAND/BND/BRAZIL-FURNITURE-B2069.HTML
BREAKTIME	BREAKTIME	wayfair.com	HTTPS://WWW.WAYFAIR.COM/BRAND/BND/BREAKTIME-B40846.HTML
BREAKWATERBAY	BREAKWATERBAY	wayfair.com	HTTPS://WWW.WAYFAIR.COM/BRAND/BND/BREAKWATER-BAY-B38454.HTML
BREEZEDECOR	BREEZEDECOR	wayfair.com	HTTPS://WWW.WAYFAIR.COM/BRAND/BND/BREEZE-DECOR-B42433.HTML
BRENTWOODAPPLIANCES	BRENTWOOD	wayfair.com	HTTPS://WWW.WAYFAIR.COM/BRAND/BND/BRENTWOOD-B23027.HTML
BRENTWOODAPPLIANCESTS117SELECTRI	BRENTWOOD	wayfair.com	HTTPS://WWW.WAYFAIR.COM/BRAND/BND/BRENTWOOD-B23027.HTML
BRENTWOODAPPLICANCES	BRENTWOOD	wayfair.com	HTTPS://WWW.WAYFAIR.COM/BRAND/BND/BRENTWOOD-B23027.HTML
BRENTWOODSELECT	BRENTWOODSELECT	wayfair.com	HTTPS://WWW.WAYFAIR.COM/BRAND/BND/BRENTWOOD-SELECT-B97622.HTML
BREUERCHAIRCOMPANY	BREUERCHAIRCOMPANY	wayfair.com	HTTPS://WWW.WAYFAIR.COM/BRAND/BND/BREUER-CHAIR-COMPANY-B42330.HTML
BREWSIE	BREWSIE	wayfair.com	HTTPS://WWW.WAYFAIR.COM/BRAND/BND/BREWSIE-B50240.HTML
BREWSTERHOMEFASHIONS	BREWSTERHOMEFASHIONS	wayfair.com	HTTPS://WWW.WAYFAIR.COM/BRAND/BND/BREWSTER-HOME-FASHIONS-B11989.HTML
BRIDGEPORTDESIGNS	BRIDGEPORTDESIGNS	wayfair.com	HTTPS://WWW.WAYFAIR.COM/BRAND/BND/BRIDGEPORT-DESIGNS-B76421.HTML
BRIENZA	BRIENZA	wayfair.com	HTTPS://WWW.WAYFAIR.COM/BRAND/BND/BRIENZA-B52625.HTML
BRIGHTBEGINNINGS	BRIGHTBEGINNINGS	wayfair.com	HTTPS://WWW.WAYFAIR.COM/BRAND/BND/BRIGHT-BEGINNINGS-B83119.HTML
BRIGHTECHSHOP	BRIGHTECH	wayfair.com	HTTPS://WWW.WAYFAIR.COM/BRAND/BND/BRIGHTECH-B39926.HTML
BRIGHTSHOWERS	BRIGHTSHOWERS	wayfair.com	HTTPS://WWW.WAYFAIR.COM/BRAND/BND/BRIGHT-SHOWERS-B47129.HTML
BRIGHTSSTARTS	BRIGHTSTARTS	wayfair.com	HTTPS://WWW.WAYFAIR.COM/BRAND/BND/BRIGHT-STARTS-B69217.HTML
BRIGHTSTARS	BRIGHTSTARTS	wayfair.com	HTTPS://WWW.WAYFAIR.COM/BRAND/BND/BRIGHT-STARTS-B69217.HTML
BRIGHTSTARTS	BRIGHTSTARTS	wayfair.com	HTTPS://WWW.WAYFAIR.COM/BRAND/BND/BRIGHT-STARTS-B69217.HTML
BRIGHTSTARTSTM	BRIGHTSTARTS	wayfair.com	HTTPS://WWW.WAYFAIR.COM/BRAND/BND/BRIGHT-STARTS-B69217.HTML
BRIGHTTECH	BRIGHTECH	wayfair.com	HTTPS://WWW.WAYFAIR.COM/BRAND/BND/BRIGHTECH-B39926.HTML
BRILLI	BRILLIWELLNESS	wayfair.com	HTTPS://WWW.WAYFAIR.COM/BRAND/BND/BRILLI-WELLNESS-B58609.HTML
BRILLIANTEVOLUTION	BRILLIANTEVOLUTION	wayfair.com	HTTPS://WWW.WAYFAIR.COM/BRAND/BND/BRILLIANT-EVOLUTION-B49496.HTML
BRILLIWELLNESSLIGHTING	BRILLIWELLNESS	wayfair.com	HTTPS://WWW.WAYFAIR.COM/BRAND/BND/BRILLI-WELLNESS-B58609.HTML
BRINGHOMEFURNITURE	BRINGHOMEFURNITURE	wayfair.com	HTTPS://WWW.WAYFAIR.COM/BRAND/BND/BRING-HOME-FURNITURE-B50563.HTML
BRINJOY	BRINJOY	wayfair.com	HTTPS://WWW.WAYFAIR.COM/BRAND/BND/BRINJOY-B109950.HTML
BRINSEAPRODUCTS	BRINSEA	wayfair.com	HTTPS://WWW.WAYFAIR.COM/BRAND/BND/BRINSEA-B24905.HTML
BRIXWELL	BRIXWELL	wayfair.com	HTTPS://WWW.WAYFAIR.COM/BRAND/BND/BRIXWELL-B103593.HTML
BRIZOLL	BRIZOLL	wayfair.com	HTTPS://WWW.WAYFAIR.COM/BRAND/BND/BRIZOLL-B85472.HTML
BRIZOO	BRIZOLL	wayfair.com	HTTPS://WWW.WAYFAIR.COM/BRAND/BND/BRIZOLL-B85472.HTML
BROAGE	BROAGE	wayfair.com	HTTPS://WWW.WAYFAIR.COM/BRAND/BND/BROAGE-B65005.HTML
BROAN	BROAN	wayfair.com	HTTPS://WWW.WAYFAIR.COM/BRAND/BND/BROAN-B49553.HTML
BRODAN	BRODAN	wayfair.com	HTTPS://WWW.WAYFAIR.COM/BRAND/BND/BRODAN-B62713.HTML
BROILKING	BROILKING	wayfair.com	HTTPS://WWW.WAYFAIR.COM/BRAND/BND/BROIL-KING-B1433.HTML
BROILKINGCORP	BROILKING	wayfair.com	HTTPS://WWW.WAYFAIR.COM/BRAND/BND/BROIL-KING-B1433.HTML
BROMIDESIGN	BROMIDESIGN	wayfair.com	HTTPS://WWW.WAYFAIR.COM/BRAND/BND/BROMI-DESIGN-B24981.HTML
BRONCOHARDWARE	BRONCOHARDWARE	wayfair.com	HTTPS://WWW.WAYFAIR.COM/BRAND/BND/BRONCO-HARDWARE-B58838.HTML
BRONSENKITCHEN	BONSENKITCHEN	wayfair.com	HTTPS://WWW.WAYFAIR.COM/BRAND/BND/BONSENKITCHEN-B60759.HTML
BROOKLYNBEDDING	BROOKLYNBEDDING	wayfair.com	HTTPS://WWW.WAYFAIR.COM/BRAND/BND/BROOKLYN-BEDDING-B25570.HTML
BROOKLYNLOOM	BROOKLYNLOOM	wayfair.com	HTTPS://WWW.WAYFAIR.COM/BRAND/BND/BROOKLYN-LOOM-B39202.HTML
BROOKSIDEDESIGN	BROOKSIDEDESIGN	wayfair.com	HTTPS://WWW.WAYFAIR.COM/BRAND/BND/BROOKSIDE-DESIGN-B17247.HTML
BROSISINCORP	BROSISINCORP	wayfair.com	HTTPS://WWW.WAYFAIR.COM/BRAND/BND/BROSISINCORP-B104006.HTML
BROYERK	BROYERK	wayfair.com	HTTPS://WWW.WAYFAIR.COM/BRAND/BND/BROYERK-B46099.HTML
BRUCEFLOORING	BRUCEFLOORING	wayfair.com	HTTPS://WWW.WAYFAIR.COM/BRAND/BND/BRUCE-FLOORING-B3518.HTML
BRUMLOWMILL	BRUMLOWMILLS	wayfair.com	HTTPS://WWW.WAYFAIR.COM/BRAND/BND/BRUMLOW-MILLS-B20941.HTML
BRUMLOWMILLS	BRUMLOWMILLS	wayfair.com	HTTPS://WWW.WAYFAIR.COM/BRAND/BND/BRUMLOW-MILLS-B20941.HTML
BRUMLOWMILLSEW1019530X46HARPERG	BRUMLOWMILLS	wayfair.com	HTTPS://WWW.WAYFAIR.COM/BRAND/BND/BRUMLOW-MILLS-B20941.HTML
BRUNTMOR	BRUNOR	wayfair.com	HTTPS://WWW.WAYFAIR.COM/BRAND/BND/BRUNTMOR-B46454.HTML
BRUSHBUSINESSFURNITURE	BUSHBUSINESSFURNITURE	wayfair.com	HTTPS://WWW.WAYFAIR.COM/BRAND/BND/BUSH-BUSINESS-FURNITURE-B34679.HTML
BSIPRODUCTS	BSIPRODUCTS	wayfair.com	HTTPS://WWW.WAYFAIR.COM/BRAND/BND/BSI-PRODUCTS-B10203.HTML
BSTOKCAM	BSTOKCAM	wayfair.com	HTTPS://WWW.WAYFAIR.COM/BRAND/BND/BSTOKCAM-B100590.HTML
BUCASA	BUCASA	wayfair.com	HTTPS://WWW.WAYFAIR.COM/BRAND/BND/BUCASA-B64136.HTML
BUENHOMINO	BUENHOMINO	wayfair.com	HTTPS://WWW.WAYFAIR.COM/BRAND/BND/BUENHOMINO-B98156.HTML
BUFFALOBATTFELT	BUFFALOBATTFELT	wayfair.com	HTTPS://WWW.WAYFAIR.COM/BRAND/BND/BUFFALO-BATT-FELT-B53717.HTML
BUILDERSBEST	BUILDERSBEST	wayfair.com	HTTPS://WWW.WAYFAIR.COM/BRAND/BND/BUILDERSBEST-B12219.HTML
BUILDMART	TEXASBUILDMART	wayfair.com	HTTPS://WWW.WAYFAIR.COM/BRAND/BND/TEXAS-BUILDMART-B84066.HTML
BULBRITEINDUSTRIES	BULBRITEINDUSTRIES	wayfair.com	HTTPS://WWW.WAYFAIR.COM/BRAND/BND/BULBRITE-INDUSTRIES-B9085.HTML
BUMBO	BUMBO	wayfair.com	HTTPS://WWW.WAYFAIR.COM/BRAND/BND/BUMBO-B2310.HTML
BUNGALOROSE	BUNGALOWROSE	wayfair.com	HTTPS://WWW.WAYFAIR.COM/BRAND/BND/BUNGALOW-ROSE-B37700.HTML
BUNGALOWFLOORING	BUNGALOWFLOORING	wayfair.com	HTTPS://WWW.WAYFAIR.COM/BRAND/BND/BUNGALOW-FLOORING-B17906.HTML
BUNGALOWROSE	BUNGALOWROSE	wayfair.com	HTTPS://WWW.WAYFAIR.COM/BRAND/BND/BUNGALOW-ROSE-B37700.HTML
BUNNYCHORUS	BUNNYCHORUS	wayfair.com	HTTPS://WWW.WAYFAIR.COM/BRAND/BND/BUNNY-CHORUS-B63881.HTML
BURLEYCLAY	BURLEYCLAY	wayfair.com	HTTPS://WWW.WAYFAIR.COM/BRAND/BND/BURLEYCLAY-B47355.HTML
BURLEYCLAYPRODUCTS	BURLEYCLAY	wayfair.com	HTTPS://WWW.WAYFAIR.COM/BRAND/BND/BURLEYCLAY-B47355.HTML
BURNABYMANUFACTURINGLTD	BURNABYMANUFACTURINGLTD	wayfair.com	HTTPS://WWW.WAYFAIR.COM/BRAND/BND/BURNABY-MANUFACTURING-LTD-B73287.HTML
BURNHAMHOMEDESIGN	BURNHAMHOMEDESIGNS	wayfair.com	HTTPS://WWW.WAYFAIR.COM/BRAND/BND/BURNHAM-HOME-DESIGNS-B42222.HTML
BURNSGLASS	BURNSGLASS	wayfair.com	HTTPS://WWW.WAYFAIR.COM/BRAND/BND/BURNS-GLASS-B78716.HTML
BURTINI	BERTINI	wayfair.com	HTTPS://WWW.WAYFAIR.COM/BRAND/BND/BERTINI-B571.HTML
BUSAURUS	BUSAURUS	wayfair.com	HTTPS://WWW.WAYFAIR.COM/BRAND/BND/BUSAURUS-INC-B102576.HTML
BUSCHFURNITURE	BUSHBUSINESSFURNITURE	wayfair.com	HTTPS://WWW.WAYFAIR.COM/BRAND/BND/BUSH-BUSINESS-FURNITURE-B34679.HTML
BUSHBUSINESS	BUSHBUSINESSFURNITURE	wayfair.com	HTTPS://WWW.WAYFAIR.COM/BRAND/BND/BUSH-BUSINESS-FURNITURE-B34679.HTML
BUSHBUSINESSFURNITURE	BUSHBUSINESSFURNITURE	wayfair.com	HTTPS://WWW.WAYFAIR.COM/BRAND/BND/BUSH-BUSINESS-FURNITURE-B34679.HTML
BUSHBUSINESSFURNITUREPROPANELS	BUSHBUSINESSFURNITURE	wayfair.com	HTTPS://WWW.WAYFAIR.COM/BRAND/BND/BUSH-BUSINESS-FURNITURE-B34679.HTML
BUSHBUSINESSSERIES	BUSHBUSINESSFURNITURE	wayfair.com	HTTPS://WWW.WAYFAIR.COM/BRAND/BND/BUSH-BUSINESS-FURNITURE-B34679.HTML
BUSHFURNITURE	BUSHBUSINESSFURNITURE	wayfair.com	HTTPS://WWW.WAYFAIR.COM/BRAND/BND/BUSH-BUSINESS-FURNITURE-B34679.HTML
BUSHFURNITURE2	BUSHBUSINESSFURNITURE	wayfair.com	HTTPS://WWW.WAYFAIR.COM/BRAND/BND/BUSH-BUSINESS-FURNITURE-B34679.HTML
BUSHFURNITUREFURNITURE	BUSHBUSINESSFURNITURE	wayfair.com	HTTPS://WWW.WAYFAIR.COM/BRAND/BND/BUSH-BUSINESS-FURNITURE-B34679.HTML
BUSHFURNITUREKATHYIRELAND	KATHYIRELANDHOMEBYBUSHFURNITURE	wayfair.com	HTTPS://WWW.WAYFAIR.COM/BRAND/BND/KATHY-IRELAND-HOME-BY-BUSH-FURNITURE-B51127.HTML
BUSHINDUSTRIES	BUSHBUSINESSFURNITURE	wayfair.com	HTTPS://WWW.WAYFAIR.COM/BRAND/BND/BUSH-BUSINESS-FURNITURE-B34679.HTML
BUSHOFFICESOLUTIONS	BUSHBUSINESSFURNITURE	wayfair.com	HTTPS://WWW.WAYFAIR.COM/BRAND/BND/BUSH-BUSINESS-FURNITURE-B34679.HTML
BUSHYBOX	BUSHYBOX	wayfair.com	HTTPS://WWW.WAYFAIR.COM/BRAND/BND/BUSHY-BOX-B59195.HTML
BUSINESSPLEASURE	BUSINESSANDPLEASURECO	wayfair.com	HTTPS://WWW.WAYFAIR.COM/BRAND/BND/BUSINESS-AND-PLEASURE-CO-B81265.HTML
BUTENY	BUTENY	wayfair.com	HTTPS://WWW.WAYFAIR.COM/BRAND/BND/BUTENY-B57197.HTML
BUTIZONE	BUTIZONE	wayfair.com	HTTPS://WWW.WAYFAIR.COM/BRAND/BND/BUTIZONE-B62010.HTML
BUYARTFORLESS	BUYARTFORLESS	wayfair.com	HTTPS://WWW.WAYFAIR.COM/BRAND/BND/BUY-ART-FOR-LESS-B38409.HTML
BUYDEEM	BUYDEEM	wayfair.com	HTTPS://WWW.WAYFAIR.COM/BRAND/BND/BUYDEEM-B65037.HTML
BUYDIRECTSIGN	BUYDIRECTSIGN	wayfair.com	HTTPS://WWW.WAYFAIR.COM/BRAND/BND/BUYDIRECTSIGN-B48965.HTML
BUYENLARGE	BUYENLARGE	wayfair.com	HTTPS://WWW.WAYFAIR.COM/BRAND/BND/BUYENLARGE-B18923.HTML
BVHDIA	BDIUSA	wayfair.com	HTTPS://WWW.WAYFAIR.COM/BRAND/BND/BDI-USA-B1364.HTML
BWINTERNATIONAL	BWINTERNATIONAL	wayfair.com	HTTPS://WWW.WAYFAIR.COM/BRAND/BND/B-W-INTERNATIONAL-B88424.HTML
BYINLAND	INLAND	wayfair.com	HTTPS://WWW.WAYFAIR.COM/BRAND/BND/INLAND-B42153.HTML
BYOOTIQUE	BYOOTIQUE	wayfair.com	HTTPS://WWW.WAYFAIR.COM/BRAND/BND/BYOOTIQUE-B64647.HTML
BYOURBED	BYOURBED	wayfair.com	HTTPS://WWW.WAYFAIR.COM/BRAND/BND/BYOURBED-B44151.HTML
BZB	BZBGOODS	wayfair.com	HTTPS://WWW.WAYFAIR.COM/BRAND/BND/BZB-GOODS-B19452.HTML
BZSEED	BZSEED	wayfair.com	HTTPS://WWW.WAYFAIR.COM/BRAND/BND/BZSEED-B63983.HTML
BZSSY	BESY	wayfair.com	HTTPS://WWW.WAYFAIR.COM/BRAND/BND/BESY-B71323.HTML
CAANNASWEIS	CAANNASWEIS	wayfair.com	HTTPS://WWW.WAYFAIR.COM/BRAND/BND/CAANNASWEIS-B77515.HTML
CABERRYNE	CABERRYNE	wayfair.com	HTTPS://WWW.WAYFAIR.COM/BRAND/BND/CABERRYNE-B87415.HTML
CABOTCARLYLE	CABOTCARLYLE	wayfair.com	HTTPS://WWW.WAYFAIR.COM/BRAND/BND/CABOT-CARLYLE-B56781.HTML
CAEKAIGTA	CASKATA	wayfair.com	HTTPS://WWW.WAYFAIR.COM/BRAND/BND/CASKATA-B85932.HTML
CAESARHARDWARE	CAESARHARDWAREINTERNATIONALLIMITED	wayfair.com	HTTPS://WWW.WAYFAIR.COM/BRAND/BND/CAESAR-HARDWARE-INTERNATIONAL-LIMITED-B39585.HTML
CAESARSAFE	CAESARSAFE	wayfair.com	HTTPS://WWW.WAYFAIR.COM/BRAND/BND/CAESAR-SAFE-B40024.HTML
CALHOME	CALHOME	wayfair.com	HTTPS://WWW.WAYFAIR.COM/BRAND/BND/CALHOME-B43402.HTML
CALIFORNIAHOMEGOODS	CALIFORNIAHOMEGOODS	wayfair.com	HTTPS://WWW.WAYFAIR.COM/BRAND/BND/CALIFORNIA-HOME-GOODS-B51509.HTML
CALIFORNIAPICNI	CALIFORNIAPICNIC	wayfair.com	HTTPS://WWW.WAYFAIR.COM/BRAND/BND/CALIFORNIA-PICNIC-B49340.HTML
CALIFORNIAPICNIC	CALIFORNIAPICNIC	wayfair.com	HTTPS://WWW.WAYFAIR.COM/BRAND/BND/CALIFORNIA-PICNIC-B49340.HTML
CALIFORNIAUMBRELLA	CALIFORNIAUMBRELLA	wayfair.com	HTTPS://WWW.WAYFAIR.COM/BRAND/BND/CALIFORNIA-UMBRELLA-B861.HTML
CALIFORNIAUMBRELLADROPSHIP	CALIFORNIAUMBRELLA	wayfair.com	HTTPS://WWW.WAYFAIR.COM/BRAND/BND/CALIFORNIA-UMBRELLA-B861.HTML
CALIFORNIAUMBRELLAS	CALIFORNIAUMBRELLA	wayfair.com	HTTPS://WWW.WAYFAIR.COM/BRAND/BND/CALIFORNIA-UMBRELLA-B861.HTML
CALIFORNIAUMBRELLASTORE	CALIFORNIAUMBRELLA	wayfair.com	HTTPS://WWW.WAYFAIR.COM/BRAND/BND/CALIFORNIA-UMBRELLA-B861.HTML
CALIGREEN	CALIGREENTOOLS	wayfair.com	HTTPS://WWW.WAYFAIR.COM/BRAND/BND/CALIGREEN-TOOLS-B83691.HTML
CALIGREENTOOLS	CALIGREENTOOLS	wayfair.com	HTTPS://WWW.WAYFAIR.COM/BRAND/BND/CALIGREEN-TOOLS-B83691.HTML
CALLAANGEL	CALLAANGEL	wayfair.com	HTTPS://WWW.WAYFAIR.COM/BRAND/BND/CALLA-ANGEL-B35958.HTML
CALLIGARIS	CALLIGARIS	wayfair.com	HTTPS://WWW.WAYFAIR.COM/BRAND/BND/CALLIGARIS-B518.HTML
CALLOWAYMILLS	CALLOWAYMILLS	wayfair.com	HTTPS://WWW.WAYFAIR.COM/BRAND/BND/CALLOWAY-MILLS-B63906.HTML
CALMDO	CALMDO	wayfair.com	HTTPS://WWW.WAYFAIR.COM/BRAND/BND/CALMDO-B70148.HTML
CALMETRO	CALMETRO	wayfair.com	HTTPS://WWW.WAYFAIR.COM/BRAND/BND/CAL-METRO-B43865.HTML
CALMIL	CALMIL	wayfair.com	HTTPS://WWW.WAYFAIR.COM/BRAND/BND/CAL-MIL-B33813.HTML
CALYXINTERIORS	CALYXINTERIORS	wayfair.com	HTTPS://WWW.WAYFAIR.COM/BRAND/BND/CALYX-INTERIORS-B53882.HTML
CAMABEL	CAMABEL	wayfair.com	HTTPS://WWW.WAYFAIR.COM/BRAND/BND/CAMABEL-B62126.HTML
CAMAFLEXI	CAMAFLEXI	wayfair.com	HTTPS://WWW.WAYFAIR.COM/BRAND/BND/CAMAFLEXI-B23761.HTML
CAMBRIDGECASUAL	CAMBRIDGECASUAL	wayfair.com	HTTPS://WWW.WAYFAIR.COM/BRAND/BND/CAMBRIDGE-CASUAL-B34623.HTML
CAMBRIDGESILVERSMITHS	CAMBRIDGE	wayfair.com	HTTPS://WWW.WAYFAIR.COM/BRAND/BND/CAMBRIDGE-B30051.HTML
CAMBRIDGESILVERSMITHSLTD	CAMBRIDGE	wayfair.com	HTTPS://WWW.WAYFAIR.COM/BRAND/BND/CAMBRIDGE-B30051.HTML
CAMMOO	CAMMOO	wayfair.com	HTTPS://WWW.WAYFAIR.COM/BRAND/BND/CAMMOO-B111324.HTML
CAMMPO	CAMMOO	wayfair.com	HTTPS://WWW.WAYFAIR.COM/BRAND/BND/CAMMOO-B111324.HTML
CAMOOM	CAMMOO	wayfair.com	HTTPS://WWW.WAYFAIR.COM/BRAND/BND/CAMMOO-B111324.HTML
CAMPANIA	CAMPANIAINTERNATIONAL	wayfair.com	HTTPS://WWW.WAYFAIR.COM/BRAND/BND/CAMPANIA-INTERNATIONAL-INC-B34571.HTML
CAMPANIAINTERNATIONAL	CAMPANIAINTERNATIONAL	wayfair.com	HTTPS://WWW.WAYFAIR.COM/BRAND/BND/CAMPANIA-INTERNATIONAL-INC-B34571.HTML
CAMPCASUAL	CAMPCASUAL	wayfair.com	HTTPS://WWW.WAYFAIR.COM/BRAND/BND/CAMPCASUAL-B45826.HTML
CAMSOON	CAMSAN	wayfair.com	HTTPS://WWW.WAYFAIR.COM/BRAND/BND/CAMSAN-B89731.HTML
CANADIANDOWNFEATHERCOMPANY	CANADIANDOWNFEATHERCOMPANY	wayfair.com	HTTPS://WWW.WAYFAIR.COM/BRAND/BND/CANADIAN-DOWN-FEATHER-COMPANY-B42232.HTML
CANARYPRODUCTS	CANARYPRODUCTS	wayfair.com	HTTPS://WWW.WAYFAIR.COM/BRAND/BND/CANARY-PRODUCTS-B31330.HTML
CANDLEBYTHEHOUR	CANDLEBYTHEHOUR	wayfair.com	HTTPS://WWW.WAYFAIR.COM/BRAND/BND/CANDLE-BY-THE-HOUR-B32391.HTML
CANGLONG	CANGLONG	wayfair.com	HTTPS://WWW.WAYFAIR.COM/BRAND/BND/CANGLONG-B89737.HTML
CANLONG	CANGLONG	wayfair.com	HTTPS://WWW.WAYFAIR.COM/BRAND/BND/CANGLONG-B89737.HTML
CANMOV	CANMOV	wayfair.com	HTTPS://WWW.WAYFAIR.COM/BRAND/BND/CANMOV-B49240.HTML
CANOPIA	PALRAM	wayfair.com	HTTPS://WWW.WAYFAIR.COM/BRAND/BND/PALRAM-B30127.HTML
CANOPIABYPALRAM	PALRAM	wayfair.com	HTTPS://WWW.WAYFAIR.COM/BRAND/BND/PALRAM-B30127.HTML
CANORAGREY	CANORAGREY	wayfair.com	HTTPS://WWW.WAYFAIR.COM/BRAND/BND/CANORA-GREY-B39952.HTML
CANTRIO	CANTRIOKONCEPTS	wayfair.com	HTTPS://WWW.WAYFAIR.COM/BRAND/BND/CANTRIO-KONCEPTS-B44007.HTML
CANTRIOKONCEPTS	CANTRIOKONCEPTS	wayfair.com	HTTPS://WWW.WAYFAIR.COM/BRAND/BND/CANTRIO-KONCEPTS-B44007.HTML
CANVASHOMELTD	CANVASHOME	wayfair.com	HTTPS://WWW.WAYFAIR.COM/BRAND/BND/CANVAS-HOME-B24057.HTML
CANVASLAB	CANVASLAB	wayfair.com	HTTPS://WWW.WAYFAIR.COM/BRAND/BND/CANVAS-LAB-B66271.HTML
CANWOODFURNITURE	CANWOODFURNITURE	wayfair.com	HTTPS://WWW.WAYFAIR.COM/BRAND/BND/CANWOOD-FURNITURE-B1650.HTML
CAODOC	CAODOC	wayfair.com	HTTPS://WWW.WAYFAIR.COM/BRAND/BND/CAODOC-B62476.HTML
CAPECODDOORMATS	CAPECODDOORMATS	wayfair.com	HTTPS://WWW.WAYFAIR.COM/BRAND/BND/CAPE-COD-DOORMATS-B8232.HTML
CAPECRAFTSMAN	CAPECRAFTSMEN	wayfair.com	HTTPS://WWW.WAYFAIR.COM/BRAND/BND/CAPE-CRAFTSMEN-B2368.HTML
CAPECRAFTSMEN	CAPECRAFTSMEN	wayfair.com	HTTPS://WWW.WAYFAIR.COM/BRAND/BND/CAPE-CRAFTSMEN-B2368.HTML
CAPEL	CAPEL	wayfair.com	HTTPS://WWW.WAYFAIR.COM/BRAND/BND/CAPEL-B332.HTML
CAPELRUGS	CAPEL	wayfair.com	HTTPS://WWW.WAYFAIR.COM/BRAND/BND/CAPEL-B332.HTML
CAPHAUS	CAPHAUS	wayfair.com	HTTPS://WWW.WAYFAIR.COM/BRAND/BND/CAPHAUS-B76442.HTML
CAPITALLIGHTCOMPANY	CAPITALLIGHTING	wayfair.com	HTTPS://WWW.WAYFAIR.COM/BRAND/BND/CAPITAL-LIGHTING-B10016.HTML
CAPITALLIGHTING	CAPITALLIGHTING	wayfair.com	HTTPS://WWW.WAYFAIR.COM/BRAND/BND/CAPITAL-LIGHTING-B10016.HTML
CAPITALLIGHTING1231MN451WALLSCO	CAPITALLIGHTING	wayfair.com	HTTPS://WWW.WAYFAIR.COM/BRAND/BND/CAPITAL-LIGHTING-B10016.HTML
CAPITALLIGHTING4644PN143ONELIGH	CAPITALLIGHTING	wayfair.com	HTTPS://WWW.WAYFAIR.COM/BRAND/BND/CAPITAL-LIGHTING-B10016.HTML
CAPITALLIGHTINGFIXTURE	CAPITALLIGHTING	wayfair.com	HTTPS://WWW.WAYFAIR.COM/BRAND/BND/CAPITAL-LIGHTING-B10016.HTML
CAPITALLIGHTINGFIXTURECO	CAPITALLIGHTING	wayfair.com	HTTPS://WWW.WAYFAIR.COM/BRAND/BND/CAPITAL-LIGHTING-B10016.HTML
CAPITALLIGHTINGFIXTURECOMPANY	CAPITALLIGHTING	wayfair.com	HTTPS://WWW.WAYFAIR.COM/BRAND/BND/CAPITAL-LIGHTING-B10016.HTML
CAPITALLIGHTINGFIXTURES	CAPITALLIGHTING	wayfair.com	HTTPS://WWW.WAYFAIR.COM/BRAND/BND/CAPITAL-LIGHTING-B10016.HTML
CAPITALLIGHTINGINCANDESCENTTRADIT	CAPITALLIGHTING	wayfair.com	HTTPS://WWW.WAYFAIR.COM/BRAND/BND/CAPITAL-LIGHTING-B10016.HTML
CAPITALLIGHTINIGFIXTURECOMPANY	CAPITALLIGHTING	wayfair.com	HTTPS://WWW.WAYFAIR.COM/BRAND/BND/CAPITAL-LIGHTING-B10016.HTML
CAPITALLIHJTING	CAPITALLIGHTING	wayfair.com	HTTPS://WWW.WAYFAIR.COM/BRAND/BND/CAPITAL-LIGHTING-B10016.HTML
CAPITOLFIXTURECOMPANY	CAPITALLIGHTING	wayfair.com	HTTPS://WWW.WAYFAIR.COM/BRAND/BND/CAPITAL-LIGHTING-B10016.HTML
CAPITOLLIGHTING	CAPITALLIGHTING	wayfair.com	HTTPS://WWW.WAYFAIR.COM/BRAND/BND/CAPITAL-LIGHTING-B10016.HTML
CARACOLE	CARACOLECLASSICS	wayfair.com	HTTPS://WWW.WAYFAIR.COM/BRAND/BND/CARACOLE-CLASSICS-B44287.HTML
CARACOLECLASSIC	CARACOLECLASSICS	wayfair.com	HTTPS://WWW.WAYFAIR.COM/BRAND/BND/CARACOLE-CLASSICS-B44287.HTML
CARAVANGLOBAL	CARAVANGLOBAL	wayfair.com	HTTPS://WWW.WAYFAIR.COM/BRAND/BND/CARAVAN-GLOBAL-B75808.HTML
CARAVANGLOBALSPORTS	CARAVANGLOBAL	wayfair.com	HTTPS://WWW.WAYFAIR.COM/BRAND/BND/CARAVAN-GLOBAL-B75808.HTML
CARDBOARDSAFARI	CARDBOARDSAFARI	wayfair.com	HTTPS://WWW.WAYFAIR.COM/BRAND/BND/CARDBOARD-SAFARI-B13657.HTML
CARLISLEFOODSERVICE	CARLISLEFOODSERVICEPRODUCTS	wayfair.com	HTTPS://WWW.WAYFAIR.COM/BRAND/BND/CARLISLE-FOOD-SERVICE-PRODUCTS-B23238.HTML
CARLISLEFOODSERVICEPRODUCTS	CARLISLEFOODSERVICEPRODUCTS	wayfair.com	HTTPS://WWW.WAYFAIR.COM/BRAND/BND/CARLISLE-FOOD-SERVICE-PRODUCTS-B23238.HTML
CARNATIONHOMEFASHIONS	CARNATIONHOMEFASHIONS	wayfair.com	HTTPS://WWW.WAYFAIR.COM/BRAND/BND/CARNATION-HOME-FASHIONS-B16841.HTML
CAROLINACOTTAGE	CAROLINACOTTAGE	wayfair.com	HTTPS://WWW.WAYFAIR.COM/BRAND/BND/CAROLINA-COTTAGE-B233.HTML
CAROLINAPET	CAROLINAPETCOMPANY	wayfair.com	HTTPS://WWW.WAYFAIR.COM/BRAND/BND/CAROLINA-PET-COMPANY-B31092.HTML
CAROLINAPETCOMPANY	CAROLINAPETCOMPANY	wayfair.com	HTTPS://WWW.WAYFAIR.COM/BRAND/BND/CAROLINA-PET-COMPANY-B31092.HTML
CAROLINEETBETTINA	CAROLINEETBETTINA	wayfair.com	HTTPS://WWW.WAYFAIR.COM/BRAND/BND/CAROLINE-ET-BETTINA-B73063.HTML
CAROLINESTREASURES	CAROLINESTREASURES	wayfair.com	HTTPS://WWW.WAYFAIR.COM/BRAND/BND/CAROLINES-TREASURES-B36944.HTML
CAROTE	CAROTE	wayfair.com	HTTPS://WWW.WAYFAIR.COM/BRAND/BND/CAROTE-B61852.HTML
CARSONHOMEACCENT	CARSONHOMEACCENTS	wayfair.com	HTTPS://WWW.WAYFAIR.COM/BRAND/BND/CARSON-HOME-ACCENTS-B44235.HTML
CARSONHOMEACCENTS	CARSONHOMEACCENTS	wayfair.com	HTTPS://WWW.WAYFAIR.COM/BRAND/BND/CARSON-HOME-ACCENTS-B44235.HTML
CARSTENS	CARSTENS	wayfair.com	HTTPS://WWW.WAYFAIR.COM/BRAND/BND/CARSTENS-INC-B39260.HTML
CARSTENSINC	CARSTENS	wayfair.com	HTTPS://WWW.WAYFAIR.COM/BRAND/BND/CARSTENS-INC-B39260.HTML
CARTERBYDAVINCI	CARTERSBYDAVINCI	wayfair.com	HTTPS://WWW.WAYFAIR.COM/BRAND/BND/CARTERS-BY-DAVINCI-B44425.HTML
CARTERSBYDAVINCI	CARTERSBYDAVINCI	wayfair.com	HTTPS://WWW.WAYFAIR.COM/BRAND/BND/CARTERS-BY-DAVINCI-B44425.HTML
CARTHAGECO	CARTHAGECO	wayfair.com	HTTPS://WWW.WAYFAIR.COM/BRAND/BND/CARTHAGECO-B52150.HTML
CARVERTUBS	CARVERTUBS	wayfair.com	HTTPS://WWW.WAYFAIR.COM/BRAND/BND/CARVER-TUBS-B36959.HTML
CARVERWOODPRODUCTS	CARVER	wayfair.com	HTTPS://WWW.WAYFAIR.COM/BRAND/BND/CARVER-B7312.HTML
CASABIANCA	CASABIANCAFURNITURE	wayfair.com	HTTPS://WWW.WAYFAIR.COM/BRAND/BND/CASABIANCA-FURNITURE-B19377.HTML
CASABIANCAFURNITURE	CASABIANCAFURNITURE	wayfair.com	HTTPS://WWW.WAYFAIR.COM/BRAND/BND/CASABIANCA-FURNITURE-B19377.HTML
CASABIANCAHOMEFURNITURE	CASABIANCAFURNITURE	wayfair.com	HTTPS://WWW.WAYFAIR.COM/BRAND/BND/CASABIANCA-FURNITURE-B19377.HTML
CASABLANCAKIDS	CASABLANCAKIDS	wayfair.com	HTTPS://WWW.WAYFAIR.COM/BRAND/BND/CASABLANCA-KIDS-B41110.HTML
CASABLANCAMARKET	CASABLANCAMARKET	wayfair.com	HTTPS://WWW.WAYFAIR.COM/BRAND/BND/CASABLANCA-MARKET-B30869.HTML
CASACREACIN	CASA	wayfair.com	HTTPS://WWW.WAYFAIR.COM/BRAND/BND/CASAINC-B54053.HTML
CASADAYATILE	CASA	wayfair.com	HTTPS://WWW.WAYFAIR.COM/BRAND/BND/CASAINC-B54053.HTML
CASAFIELD	CASAFIELD	wayfair.com	HTTPS://WWW.WAYFAIR.COM/BRAND/BND/CASAFIELD-B59927.HTML
CASAFINEARTS	CASAFINEARTS	wayfair.com	HTTPS://WWW.WAYFAIR.COM/BRAND/BND/CASAFINEARTS-B47239.HTML
CASAFLAIR	CASAFIELD	wayfair.com	HTTPS://WWW.WAYFAIR.COM/BRAND/BND/CASAFIELD-B59927.HTML
CASALUXE	LUXECASA	wayfair.com	HTTPS://WWW.WAYFAIR.COM/BRAND/BND/LUXE-CASA-B73176.HTML/
CASAMODE	CASAMODEFUNCTIONALFURNITURE	wayfair.com	HTTPS://WWW.WAYFAIR.COM/BRAND/BND/CASAMODE-FUNCTIONAL-FURNITURE-B30168.HTML
CASAMODEFUNCTIONALFURNITURE	CASAMODEFUNCTIONALFURNITURE	wayfair.com	HTTPS://WWW.WAYFAIR.COM/BRAND/BND/CASAMODE-FUNCTIONAL-FURNITURE-B30168.HTML
CASAMOTION	CASAMOTION	wayfair.com	HTTPS://WWW.WAYFAIR.COM/BRAND/BND/CASAMOTION-B45629.HTML
CASAORIGIN	CASA	wayfair.com	HTTPS://WWW.WAYFAIR.COM/BRAND/BND/CASAINC-B54053.HTML
CASAWARE	CASAWARE	wayfair.com	HTTPS://WWW.WAYFAIR.COM/BRAND/BND/CASAWARE-B30643.HTML
CASODESIGN	CASODESIGN	wayfair.com	HTTPS://WWW.WAYFAIR.COM/BRAND/BND/CASODESIGN-B49091.HTML
CASPERSLEEP	CASPERSLEEP	wayfair.com	HTTPS://WWW.WAYFAIR.COM/BRAND/BND/CASPER-SLEEP-B53457.HTML
CASPERSLEEPS	CASPERSLEEP	wayfair.com	HTTPS://WWW.WAYFAIR.COM/BRAND/BND/CASPER-SLEEP-B53457.HTML
CASSUALHOME	CASUALHOME	wayfair.com	HTTPS://WWW.WAYFAIR.COM/BRAND/BND/CASUAL-HOME-B20969.HTML
CASTELLOUSA	CASTELLOUSA	wayfair.com	HTTPS://WWW.WAYFAIR.COM/BRAND/BND/CASTELLOUSA-B44756.HTML
CASTERCHAIRCOMPANY	CASTERCHAIRCOMPANY	wayfair.com	HTTPS://WWW.WAYFAIR.COM/BRAND/BND/CASTERCHAIRCOMPANY-B42065.HTML
CASUAHOME	CASUALHOME	wayfair.com	HTTPS://WWW.WAYFAIR.COM/BRAND/BND/CASUAL-HOME-B20969.HTML
CASUALCONTEMPORARYLIVING	CASUALCONTEMPORARYLIVINGECCOSTYLE	wayfair.com	HTTPS://WWW.WAYFAIR.COM/BRAND/BND/CASUAL-CONTEMPORARY-LIVINGECCOSTYLE-B47720.HTML
CASUALELEMENTA	CASUALELEMENTS	wayfair.com	HTTPS://WWW.WAYFAIR.COM/BRAND/BND/CASUAL-ELEMENTS-B7553.HTML
CASUALELEMENTS	CASUALELEMENTS	wayfair.com	HTTPS://WWW.WAYFAIR.COM/BRAND/BND/CASUAL-ELEMENTS-B7553.HTML
CASUALHOME	CASUALHOME	wayfair.com	HTTPS://WWW.WAYFAIR.COM/BRAND/BND/CASUAL-HOME-B20969.HTML
CASUALHOMELIVING	CASUALHOME	wayfair.com	HTTPS://WWW.WAYFAIR.COM/BRAND/BND/CASUAL-HOME-B20969.HTML
CASUALLIVING	CASUALLIVING	wayfair.com	HTTPS://WWW.WAYFAIR.COM/BRAND/BND/CASUAL-LIVING-B64003.HTML
CASUNGARDEN	CASA	wayfair.com	HTTPS://WWW.WAYFAIR.COM/BRAND/BND/CASAINC-B54053.HTML
CATALINALIGHTING	CATALINALIGHTING	wayfair.com	HTTPS://WWW.WAYFAIR.COM/BRAND/BND/CATALINA-LIGHTING-B10170.HTML
CATASTROPHICREATIONS	CATASTROPHICREATIONS	wayfair.com	HTTPS://WWW.WAYFAIR.COM/BRAND/BND/CATASTROPHICREATIONS-B41671.HTML
CATCONDOS	NEWCATCONDOS	wayfair.com	HTTPS://WWW.WAYFAIR.COM/BRAND/BND/NEW-CAT-CONDOS-B18964.HTML
CATERECO	CATERECO	wayfair.com	HTTPS://WWW.WAYFAIR.COM/BRAND/BND/CATERECO-B46019.HTML
CATHAYHOME	CATHAYHOME	wayfair.com	HTTPS://WWW.WAYFAIR.COM/BRAND/BND/CATHAY-HOME-INC-B30101.HTML
CATHAYHOMEFASHIONS	CATHAYHOME	wayfair.com	HTTPS://WWW.WAYFAIR.COM/BRAND/BND/CATHAY-HOME-INC-B30101.HTML
CATHEYHOME	CATHAYHOME	wayfair.com	HTTPS://WWW.WAYFAIR.COM/BRAND/BND/CATHAY-HOME-INC-B30101.HTML
CATLEZA	CATLEZA	wayfair.com	HTTPS://WWW.WAYFAIR.COM/BRAND/BND/CATLEZA-B71722.HTML
CATLINK	CATLINK	wayfair.com	HTTPS://WWW.WAYFAIR.COM/BRAND/BND/CATLINK-B104902.HTML
CATNAPPER	CATNAPPER	wayfair.com	HTTPS://WWW.WAYFAIR.COM/BRAND/BND/CATNAPPER-B454.HTML
CATRY	CATRY	wayfair.com	HTTPS://WWW.WAYFAIR.COM/BRAND/BND/CATRY-B44839.HTML
CAVEPOP	CAVEPOP	wayfair.com	HTTPS://WWW.WAYFAIR.COM/BRAND/BND/CAVEPOP-B53440.HTML
CAWBING	CAWBING	wayfair.com	HTTPS://WWW.WAYFAIR.COM/BRAND/BND/CAWBING-B62412.HTML
CAYNEL	CAYNEL	wayfair.com	HTTPS://WWW.WAYFAIR.COM/BRAND/BND/CAYNEL-B54226.HTML
CAYVO	CAYVO	wayfair.com	HTTPS://WWW.WAYFAIR.COM/BRAND/BND/CAYVO-B55867.HTML
CBK	CBK	wayfair.com	HTTPS://WWW.WAYFAIR.COM/BRAND/BND/CBK-B22203.HTML
CCHARLOTTEHOMEFURNISHINGS	CHARLOTTEHOMEFURNISHINGS	wayfair.com	HTTPS://WWW.WAYFAIR.COM/BRAND/BND/CHARLOTTE-HOME-FURNISHINGS-B43768.HTML
CCJH	CCJH	wayfair.com	HTTPS://WWW.WAYFAIR.COM/BRAND/BND/CCJH-B68523.HTML
CDIFURNITURE	CDIINTERNATIONAL	wayfair.com	HTTPS://WWW.WAYFAIR.COM/BRAND/BND/CDI-INTERNATIONAL-B31746.HTML
CDIGGS	DIGGS	wayfair.com	HTTPS://WWW.WAYFAIR.COM/BRAND/BND/DIGGS-B57011.HTML
CECAROL	CECAROL	wayfair.com	HTTPS://WWW.WAYFAIR.COM/BRAND/BND/CECAROL-B76394.HTML
CEDARFRESH	CEDARFRESH	wayfair.com	HTTPS://WWW.WAYFAIR.COM/BRAND/BND/CEDAR-FRESH-B10499.HTML
CEILIO	CEILIO	wayfair.com	HTTPS://WWW.WAYFAIR.COM/BRAND/BND/CEILIO-B53810.HTML
CELESTEHOME	CELESTEHOME	wayfair.com	HTTPS://WWW.WAYFAIR.COM/BRAND/BND/CELESTE-HOME-B23495.HTML
CELESTIALFIREGLASS	CELESTIALFIREGLASS	wayfair.com	HTTPS://WWW.WAYFAIR.COM/BRAND/BND/CELESTIAL-FIRE-GLASS-B78690.HTML
CELINELINEN	CELINELINEN	wayfair.com	HTTPS://WWW.WAYFAIR.COM/BRAND/BND/CELINE-LINEN-B42728.HTML
CENTERENTERPRISES	CENTERENTERPRISES	wayfair.com	HTTPS://WWW.WAYFAIR.COM/BRAND/BND/CENTER-ENTERPRISES-INC-B9325.HTML
CENTRALSPECIALTIES	CENTRALSPECIALTIESLTD	wayfair.com	HTTPS://WWW.WAYFAIR.COM/BRAND/BND/CENTRAL-SPECIALTIES-LTD-B38297.HTML
CENTURYHARDWARE	CENTURYHARDWARE	wayfair.com	HTTPS://WWW.WAYFAIR.COM/BRAND/BND/CENTURY-HARDWARE-B23407.HTML
CEOSINER	CUISINART	wayfair.com	HTTPS://WWW.WAYFAIR.COM/BRAND/BND/CUISINART-B2358.HTML
CERASTYLE	CERASTYLEBYNAMEEKS	wayfair.com	HTTPS://WWW.WAYFAIR.COM/BRAND/BND/CERASTYLE-BY-NAMEEKS-B25427.HTML
CERTIFIEDINTERNATIONAL	CERTIFIEDINTERNATIONAL	wayfair.com	HTTPS://WWW.WAYFAIR.COM/BRAND/BND/CERTIFIED-INTERNATIONAL-B4878.HTML
CERTIFIEDINTL	CERTIFIEDINTERNATIONAL	wayfair.com	HTTPS://WWW.WAYFAIR.COM/BRAND/BND/CERTIFIED-INTERNATIONAL-B4878.HTML
CFADESIGNGROUP	CFADESIGNGROUP	wayfair.com	HTTPS://WWW.WAYFAIR.COM/BRAND/BND/CFADESIGNGROUP-B45869.HTML
CFHOME	CFHOME	wayfair.com	HTTPS://WWW.WAYFAIR.COM/BRAND/BND/C-F-HOME-B17792.HTML
CHADKO	CHADKO	wayfair.com	HTTPS://WWW.WAYFAIR.COM/BRAND/BND/CHADKO-LLC-B87553.HTML
CHANASYA	CHANASYA	wayfair.com	HTTPS://WWW.WAYFAIR.COM/BRAND/BND/CHANASYA-B41017.HTML
CHANDRA	CHANDRA	wayfair.com	HTTPS://WWW.WAYFAIR.COM/BRAND/BND/CHANDRA-B2880.HTML
CHANDRARUGS	CHANDRA	wayfair.com	HTTPS://WWW.WAYFAIR.COM/BRAND/BND/CHANDRA-B2880.HTML
CHANGIE	CHANGIE	wayfair.com	HTTPS://WWW.WAYFAIR.COM/BRAND/BND/CHANGIE-B64551.HTML
CHARBOIL	CHARBROIL	wayfair.com	HTTPS://WWW.WAYFAIR.COM/BRAND/BND/CHARBROIL-B8128.HTML
CHARBROIL	CHARBROIL	wayfair.com	HTTPS://WWW.WAYFAIR.COM/BRAND/BND/CHARBROIL-B8128.HTML
CHARBROILSTANDARDPORTABLELIQUID	CHARBROIL	wayfair.com	HTTPS://WWW.WAYFAIR.COM/BRAND/BND/CHARBROIL-B8128.HTML
CHARBROILSTORE	CHARBROIL	wayfair.com	HTTPS://WWW.WAYFAIR.COM/BRAND/BND/CHARBROIL-B8128.HTML
CHARDINHOME	CHARDINHOME	wayfair.com	HTTPS://WWW.WAYFAIR.COM/BRAND/BND/CHARDIN-HOME-B52462.HTML
CHARGERITBYJAY	CHARGEIT	wayfair.com	HTTPS://WWW.WAYFAIR.COM/BRAND/BND/CHARGEIT-B11323.HTML
CHARGRILLIN	CHARGRILLER	wayfair.com	HTTPS://WWW.WAYFAIR.COM/BRAND/BND/CHAR-GRILLER-B17746.HTML
CHARLESTONKNOBCOMPANY	CHARLESTONKNOBCOMPANY	wayfair.com	HTTPS://WWW.WAYFAIR.COM/BRAND/BND/CHARLESTON-KNOB-COMPANY-B24513.HTML
CHARLETONHOME	CHARLTONHOME	wayfair.com	HTTPS://WWW.WAYFAIR.COM/BRAND/BND/CHARLTON-HOME-B36986.HTML
CHARLOTTEHOMEFURNISHINGS	CHARLOTTEHOMEFURNISHINGS	wayfair.com	HTTPS://WWW.WAYFAIR.COM/BRAND/BND/CHARLOTTE-HOME-FURNISHINGS-B43768.HTML
CHARLTON	CHARLTONHOME	wayfair.com	HTTPS://WWW.WAYFAIR.COM/BRAND/BND/CHARLTON-HOME-B36986.HTML
CHARLTONHOME	CHARLTONHOME	wayfair.com	HTTPS://WWW.WAYFAIR.COM/BRAND/BND/CHARLTON-HOME-B36986.HTML
CHARLTONVINTAGE	CHARLTONHOME	wayfair.com	HTTPS://WWW.WAYFAIR.COM/BRAND/BND/CHARLTON-HOME-B36986.HTML
CHARMONT	CHARMONT	wayfair.com	HTTPS://WWW.WAYFAIR.COM/BRAND/BND/CHARMONT-B80664.HTML
CHARNSTROM	CHARNSTROM	wayfair.com	HTTPS://WWW.WAYFAIR.COM/BRAND/BND/CHARNSTROM-B32259.HTML
CHEERCOLLECTION	CHEERCOLLECTION	wayfair.com	HTTPS://WWW.WAYFAIR.COM/BRAND/BND/CHEER-COLLECTION-B47624.HTML
CHEFANDSOMMELIER	CHEFSOMMELIER	wayfair.com	HTTPS://WWW.WAYFAIR.COM/BRAND/BND/CHEF-SOMMELIER-B44187.HTML
CHEFBUDDY	CHEFBUDDY	wayfair.com	HTTPS://WWW.WAYFAIR.COM/BRAND/BND/CHEF-BUDDY-B10600.HTML
CHEFCRAFT	CHEFCRAFT	wayfair.com	HTTPS://WWW.WAYFAIR.COM/BRAND/BND/CHEF-CRAFT-B38883.HTML
CHEFFANO	CHEFFANO	wayfair.com	HTTPS://WWW.WAYFAIR.COM/BRAND/BND/CHEFFANO-B105712.HTML
CHEFGIANT	CHEFGIANT	wayfair.com	HTTPS://WWW.WAYFAIR.COM/BRAND/BND/CHEFGIANT-B58051.HTML
CHEFLAUD	CHEFLAUD	wayfair.com	HTTPS://WWW.WAYFAIR.COM/BRAND/BND/CHEFLAUD-B58784.HTML
CHEFPRO	CHEFPRO	wayfair.com	HTTPS://WWW.WAYFAIR.COM/BRAND/BND/CHEFPRO-B45354.HTML
CHEFQ	CHEFQ	wayfair.com	HTTPS://WWW.WAYFAIR.COM/BRAND/BND/CHEFQ-B73420.HTML
CHEFSEASON	CHEFSEASON	wayfair.com	HTTPS://WWW.WAYFAIR.COM/BRAND/BND/CHEFSEASON-B81198.HTML
CHEFSOMMELIER	CHEFSOMMELIER	wayfair.com	HTTPS://WWW.WAYFAIR.COM/BRAND/BND/CHEF-SOMMELIER-B44187.HTML
CHEFSSECRET	CHEFSSECRET	wayfair.com	HTTPS://WWW.WAYFAIR.COM/BRAND/BND/CHEFS-SECRET-B38488.HTML
CHEFVENTIONS	CHEFVENTIONS	wayfair.com	HTTPS://WWW.WAYFAIR.COM/BRAND/BND/CHEFVENTIONS-B51327.HTML
CHELSEAARTSTUDIO	CHELSEAARTSTUDIO	wayfair.com	HTTPS://WWW.WAYFAIR.COM/BRAND/BND/CHELSEA-ART-STUDIO-B50626.HTML
CHELSEAHOMEFURNITURE	CHELSEAHOMEFURNITURE	wayfair.com	HTTPS://WWW.WAYFAIR.COM/BRAND/BND/CHELSEA-HOME-FURNITURE-B11386.HTML
CHENCO	CHENCO	wayfair.com	HTTPS://WWW.WAYFAIR.COM/BRAND/BND/CHENCO-INC-B31186.HTML
CHENILLEKRAFT	CHENILLEKRAFT	wayfair.com	HTTPS://WWW.WAYFAIR.COM/BRAND/BND/CHENILLE-KRAFT-B6558.HTML
CHENILLEKRAFTCOMPANY	CHENILLEKRAFT	wayfair.com	HTTPS://WWW.WAYFAIR.COM/BRAND/BND/CHENILLE-KRAFT-B6558.HTML
CHERYINDUSTRIALCOM	CHERYINDUSTRIALCOM	wayfair.com	HTTPS://WWW.WAYFAIR.COM/BRAND/BND/CHERY-INDUSTRIALCOM-B87025.HTML
CHESAPEAKEMERCHANDISING	CHESAPEAKE	wayfair.com	HTTPS://WWW.WAYFAIR.COM/BRAND/BND/CHESAPEAKE-B10172.HTML
CHEUNGS	CHEUNGS	wayfair.com	HTTPS://WWW.WAYFAIR.COM/BRAND/BND/CHEUNGS-B7633.HTML
CHEVINGTON	CHEVINGTON	wayfair.com	HTTPS://WWW.WAYFAIR.COM/BRAND/BND/CHEVINGTON-B49511.HTML
CHEVIOT	CHEVIOTPRODUCTS	wayfair.com	HTTPS://WWW.WAYFAIR.COM/BRAND/BND/CHEVIOTPRODUCTS-B40451.HTML
CHEVIOTPRODUCTS	CHEVIOTPRODUCTS	wayfair.com	HTTPS://WWW.WAYFAIR.COM/BRAND/BND/CHEVIOTPRODUCTS-B40451.HTML
CHEYENNEPRODUCTS	CHEYENNEPRODUCTS	wayfair.com	HTTPS://WWW.WAYFAIR.COM/BRAND/BND/CHEYENNEPRODUCTS-B44592.HTML
CHEZMOI	CHEZMOICOLLECTION	wayfair.com	HTTPS://WWW.WAYFAIR.COM/BRAND/BND/CHEZMOI-COLLECTION-B61910.HTML
CHEZMOICOLLECTION	CHEZMOICOLLECTION	wayfair.com	HTTPS://WWW.WAYFAIR.COM/BRAND/BND/CHEZMOI-COLLECTION-B61910.HTML
CHEZMOICOLLECTIONSTORE	CHEZMOICOLLECTION	wayfair.com	HTTPS://WWW.WAYFAIR.COM/BRAND/BND/CHEZMOI-COLLECTION-B61910.HTML
CHGJHH	CCJH	wayfair.com	HTTPS://WWW.WAYFAIR.COM/BRAND/BND/CCJH-B68523.HTML
CHIARAROSE	CHIARAROSE	wayfair.com	HTTPS://WWW.WAYFAIR.COM/BRAND/BND/CHIARAROSE-B44793.HTML
CHICAGOFOODMACHINERY	CHICAGOFOODMACHINERY	wayfair.com	HTTPS://WWW.WAYFAIR.COM/BRAND/BND/CHICAGO-FOOD-MACHINERY-B46663.HTML
CHICBUTSHABBY	SHABBYCHIC	wayfair.com	HTTPS://WWW.WAYFAIR.COM/BRAND/BND/SHABBYCHIC-B47397.HTML
CHICGROWTH	CHICGROWTH	wayfair.com	HTTPS://WWW.WAYFAIR.COM/BRAND/BND/CHICGROWTH-B82664.HTML
CHICHOME	CHICHOME	wayfair.com	HTTPS://WWW.WAYFAIR.COM/BRAND/BND/CHIC-HOME-B23709.HTML
CHICHOMEFURNISHINGS	CHICHOMEFURNITURE	wayfair.com	HTTPS://WWW.WAYFAIR.COM/BRAND/BND/CHIC-HOME-FURNITURE-B43739.HTML
CHICHOMES	CHICHOME	wayfair.com	HTTPS://WWW.WAYFAIR.COM/BRAND/BND/CHIC-HOME-B23709.HTML
CHICHOUSE	CHICHOUSE	wayfair.com	HTTPS://WWW.WAYFAIR.COM/BRAND/BND/CHIC-HOUSE-B92736.HTML
CHICMODE	CHICMODE	wayfair.com	HTTPS://WWW.WAYFAIR.COM/BRAND/BND/CHIC-MODE-B64086.HTML
CHICOLOGYBINO	CHICOLOGY	wayfair.com	HTTPS://WWW.WAYFAIR.COM/BRAND/BND/CHICOLOGY-B18278.HTML
CHICTEAK	CHICTEAK	wayfair.com	HTTPS://WWW.WAYFAIR.COM/BRAND/BND/CHICTEAK-B42577.HTML
CHILDCRAFT	CHILDCRAFT	wayfair.com	HTTPS://WWW.WAYFAIR.COM/BRAND/BND/CHILDCRAFT-B31350.HTML
CHILDCRAFTBLOSSOM	CHILDCRAFT	wayfair.com	HTTPS://WWW.WAYFAIR.COM/BRAND/BND/CHILDCRAFT-B31350.HTML
CHILDRENSFACTORY	CHILDRENSFACTORY	wayfair.com	HTTPS://WWW.WAYFAIR.COM/BRAND/BND/CHILDRENS-FACTORY-B9329.HTML
CHILDRENSFACTOY	CHILDRENSFACTORY	wayfair.com	HTTPS://WWW.WAYFAIR.COM/BRAND/BND/CHILDRENS-FACTORY-B9329.HTML
CHILDRESFACTORY	CHILDRENSFACTORY	wayfair.com	HTTPS://WWW.WAYFAIR.COM/BRAND/BND/CHILDRENS-FACTORY-B9329.HTML
CHILEWICH	CHILEWICH	wayfair.com	HTTPS://WWW.WAYFAIR.COM/BRAND/BND/CHILEWICH-B2996.HTML
CHILEWICK	CHILEWICH	wayfair.com	HTTPS://WWW.WAYFAIR.COM/BRAND/BND/CHILEWICH-B2996.HTML
CHILIHOM	CHILIHOM	wayfair.com	HTTPS://WWW.WAYFAIR.COM/BRAND/BND/CHILIHOM-B98053.HTML
CHILLSACK	CHILLSACK	wayfair.com	HTTPS://WWW.WAYFAIR.COM/BRAND/BND/CHILL-SACK-B64122.HTML
CHILLSAK	CHILLSACK	wayfair.com	HTTPS://WWW.WAYFAIR.COM/BRAND/BND/CHILL-SACK-B64122.HTML
CHIMNEYFREE	CHIMNEYFREE	wayfair.com	HTTPS://WWW.WAYFAIR.COM/BRAND/BND/CHIMNEYFREE-B83214.HTML
CHINGBOR	KINBOR	wayfair.com	HTTPS://WWW.WAYFAIR.COM/BRAND/BND/KINBOR-B56217.HTML
CHINGOO	CHINGOO	wayfair.com	HTTPS://WWW.WAYFAIR.COM/BRAND/BND/CHINGOO-B60025.HTML
CHINTALY	CHINTALY	wayfair.com	HTTPS://WWW.WAYFAIR.COM/BRAND/BND/CHINTALY-B5060.HTML
CHINTALYFURNITURE	CHINTALY	wayfair.com	HTTPS://WWW.WAYFAIR.COM/BRAND/BND/CHINTALY-B5060.HTML
CHINTALYIMPORTS	CHINTALY	wayfair.com	HTTPS://WWW.WAYFAIR.COM/BRAND/BND/CHINTALY-B5060.HTML
CHITACOLA	CHITA	wayfair.com	HTTPS://WWW.WAYFAIR.COM/BRAND/BND/CHITA-B61078.HTML
CHIXIN	CHIXIN	wayfair.com	HTTPS://WWW.WAYFAIR.COM/BRAND/BND/CHIXIN-B68141.HTML
CHLOEANDCOTTON	CHLOEANDCOTTON	wayfair.com	HTTPS://WWW.WAYFAIR.COM/BRAND/BND/CHLOE-AND-COTTON-B58129.HTML
CHLOELIGHTING	CHLOELIGHTING	wayfair.com	HTTPS://WWW.WAYFAIR.COM/BRAND/BND/CHLOE-LIGHTING-B11857.HTML
CHOICEOAK87INX476INLUXURY	BESTCHOICEPRODUCTS	wayfair.com	HTTPS://WWW.WAYFAIR.COM/BRAND/BND/BEST-CHOICE-PRODUCTS-B56222.HTML
CHOICEPRODUCTS	BESTCHOICEPRODUCTS	wayfair.com	HTTPS://WWW.WAYFAIR.COM/BRAND/BND/BEST-CHOICE-PRODUCTS-B56222.HTML
CHOLELIGHTING	CHLOELIGHTING	wayfair.com	HTTPS://WWW.WAYFAIR.COM/BRAND/BND/CHLOE-LIGHTING-B11857.HTML
CHORTEX	CHORTEX	wayfair.com	HTTPS://WWW.WAYFAIR.COM/BRAND/BND/CHORTEX-B16735.HTML
CHOSHOME	CHOSHOME	wayfair.com	HTTPS://WWW.WAYFAIR.COM/BRAND/BND/CHOSHOME-B73887.HTML
CHOUCHOUTOUCH	CHOUCHOUTOUCH	wayfair.com	HTTPS://WWW.WAYFAIR.COM/BRAND/BND/CHOUCHOU-TOUCH-B79384.HTML
CHRISANDCHRIS	CHRISCHRIS	wayfair.com	HTTPS://WWW.WAYFAIR.COM/BRAND/BND/CHRIS-CHRIS-B658.HTML
CHRISLOVESJULIA	CHRISLOVESJULIAXLOLOI	wayfair.com	HTTPS://WWW.WAYFAIR.COM/BRAND/BND/CHRIS-LOVES-JULIA-X-LOLOI-B59840.HTML
CHRISLOVESJULIAXLOLOI	CHRISLOVESJULIAXLOLOI	wayfair.com	HTTPS://WWW.WAYFAIR.COM/BRAND/BND/CHRIS-LOVES-JULIA-X-LOLOI-B59840.HTML
CHRISTIANULBRICHT	CHRISTIANULBRICHT	wayfair.com	HTTPS://WWW.WAYFAIR.COM/BRAND/BND/CHRISTIAN-ULBRICHT-B2245.HTML
CHRISTMASCENTRALCOLONIALMILLS	COLONIALMILLS	wayfair.com	HTTPS://WWW.WAYFAIR.COM/BRAND/BND/COLONIAL-MILLS-B324.HTML
CHRISTMASQUEEN	QUEENSOFCHRISAS	wayfair.com	HTTPS://WWW.WAYFAIR.COM/BRAND/BND/QUEENS-OF-CHRISTMAS-B24349.HTML
CHRISTOPHERKNIGHTHOM	CHRISTOPHERKNIGHTHOME	wayfair.com	HTTPS://WWW.WAYFAIR.COM/BRAND/BND/CHRISTOPHER-KNIGHT-HOME-B31058.HTML
CHRISTOPHERKNIGHTHOME	CHRISTOPHERKNIGHTHOME	wayfair.com	HTTPS://WWW.WAYFAIR.COM/BRAND/BND/CHRISTOPHER-KNIGHT-HOME-B31058.HTML
CHRISTOPHERKNIGHTHOMESTORE	CHRISTOPHERKNIGHTHOME	wayfair.com	HTTPS://WWW.WAYFAIR.COM/BRAND/BND/CHRISTOPHER-KNIGHT-HOME-B31058.HTML
CHRISTOPHERKNIGHTSHOME	CHRISTOPHERKNIGHTHOME	wayfair.com	HTTPS://WWW.WAYFAIR.COM/BRAND/BND/CHRISTOPHER-KNIGHT-HOME-B31058.HTML
CHRISTOPHERNIGHTHOME	CHRISTOPHERKNIGHTHOME	wayfair.com	HTTPS://WWW.WAYFAIR.COM/BRAND/BND/CHRISTOPHER-KNIGHT-HOME-B31058.HTML
CHUNYI	CHUNYI	wayfair.com	HTTPS://WWW.WAYFAIR.COM/BRAND/BND/CHUN-YI-B51854.HTML
CHUSHIHOME	CHOSHOME	wayfair.com	HTTPS://WWW.WAYFAIR.COM/BRAND/BND/CHOSHOME-B73887.HTML
CIATA	CIATALIGHTING	wayfair.com	HTTPS://WWW.WAYFAIR.COM/BRAND/BND/CIATA-LIGHTING-B54218.HTML
CIATALIGHTING	CIATALIGHTING	wayfair.com	HTTPS://WWW.WAYFAIR.COM/BRAND/BND/CIATA-LIGHTING-B54218.HTML
CIEYAN	CYANDESIGN	wayfair.com	HTTPS://WWW.WAYFAIR.COM/BRAND/BND/CYAN-DESIGN-B11071.HTML
CINCOPLASTICS	CINCOPLASTICS	wayfair.com	HTTPS://WWW.WAYFAIR.COM/BRAND/BND/CINCO-PLASTICS-INC-B20570.HTML
CIRAGO	CIRAGO	wayfair.com	HTTPS://WWW.WAYFAIR.COM/BRAND/BND/CIRAGO-B58438.HTML
CIRCLEGLASS	CIRCLEGLASS	wayfair.com	HTTPS://WWW.WAYFAIR.COM/BRAND/BND/CIRCLE-GLASS-B36904.HTML
CISTWAY	COSTWAY	wayfair.com	HTTPS://WWW.WAYFAIR.COM/BRAND/BND/COSTWAY-B47022.HTML
CITTA	CITTA	wayfair.com	HTTPS://WWW.WAYFAIR.COM/BRAND/BND/CITTA-B101540.HTML
CITYPOST	CITYPOST	wayfair.com	HTTPS://WWW.WAYFAIR.COM/BRAND/BND/CITYPOST-B70255.HTML
CKKHOMEDECOR	CKKHOMEDECORLPB21311	wayfair.com	HTTPS://WWW.WAYFAIR.COM/BRAND/BND/CKK-HOME-DECOR-LP-B21311-MASTERCLID~1191.HTML
CLAIREBELLA	CLAIREBELLA	wayfair.com	HTTPS://WWW.WAYFAIR.COM/BRAND/BND/CLAIREBELLA-B12960.HTML
CLARACLARK	CLARACLARK	wayfair.com	HTTPS://WWW.WAYFAIR.COM/BRAND/BND/CLARA-CLARK-B30311.HTML
CLARKSON	KELLYCLARKSONHOME	wayfair.com	HTTPS://WWW.WAYFAIR.COM/BRAND/BND/KELLY-CLARKSON-HOME-B53111.HTML
CLARKSONHOME	KELLYCLARKSONHOME	wayfair.com	HTTPS://WWW.WAYFAIR.COM/BRAND/BND/KELLY-CLARKSON-HOME-B53111.HTML
CLASINHOME	CLASSICHOME	wayfair.com	HTTPS://WWW.WAYFAIR.COM/BRAND/BND/CLASSIC-HOME-B839.HTML
CLASSDESIGNHOME	CLASSDESIGNHOME	wayfair.com	HTTPS://WWW.WAYFAIR.COM/BRAND/BND/CLASS-DESIGN-HOME-B58230.HTML
CLASSICABRANDS	CLASSICBRANDS	wayfair.com	HTTPS://WWW.WAYFAIR.COM/BRAND/BND/CLASSIC-BRANDS-B1084.HTML
CLASSICACCESSORIES	CLASSICACCESSORIES	wayfair.com	HTTPS://WWW.WAYFAIR.COM/BRAND/BND/CLASSIC-ACCESSORIES-B930.HTML
CLASSICBRAND	CLASSICBRANDS	wayfair.com	HTTPS://WWW.WAYFAIR.COM/BRAND/BND/CLASSIC-BRANDS-B1084.HTML
CLASSICBRANDS	CLASSICBRANDS	wayfair.com	HTTPS://WWW.WAYFAIR.COM/BRAND/BND/CLASSIC-BRANDS-B1084.HTML
CLASSICBRANDSA21	CLASSICBRANDS	wayfair.com	HTTPS://WWW.WAYFAIR.COM/BRAND/BND/CLASSIC-BRANDS-B1084.HTML
CLASSICBRANDSDECOROCOVENTRYUPHOL	CLASSICHOME	wayfair.com	HTTPS://WWW.WAYFAIR.COM/BRAND/BND/CLASSIC-HOME-B839.HTML
CLASSICBRANDSLLCWB	CLASSICBRANDS	wayfair.com	HTTPS://WWW.WAYFAIR.COM/BRAND/BND/CLASSIC-BRANDS-B1084.HTML
CLASSICBRANDSO	CLASSICBRANDS	wayfair.com	HTTPS://WWW.WAYFAIR.COM/BRAND/BND/CLASSIC-BRANDS-B1084.HTML
CLASSICCOMFORTCOZY	COMFORTCLASSICS	wayfair.com	HTTPS://WWW.WAYFAIR.COM/BRAND/BND/COMFORT-CLASSICS-B36221.HTML
CLASSICCUISINE	CLASSICCUISINE	wayfair.com	HTTPS://WWW.WAYFAIR.COM/BRAND/BND/CLASSIC-CUISINE-B37704.HTML
CLASSICCUISINECLB7C	CLASSICCUISINE	wayfair.com	HTTPS://WWW.WAYFAIR.COM/BRAND/BND/CLASSIC-CUISINE-B37704.HTML
CLASSICFLAME	CLASSICFLAME	wayfair.com	HTTPS://WWW.WAYFAIR.COM/BRAND/BND/CLASSICFLAME-B83177.HTML
CLASSICFURNITURE	FURNITURECLASSICS	wayfair.com	HTTPS://WWW.WAYFAIR.COM/BRAND/BND/FURNITURE-CLASSICS-B17708.HTML
CLASSICHOME	CLASSICHOME	wayfair.com	HTTPS://WWW.WAYFAIR.COM/BRAND/BND/CLASSIC-HOME-B839.HTML
CLASSICHOMEANDGARDEN	CLASSICHOMEANDGARDEN	wayfair.com	HTTPS://WWW.WAYFAIR.COM/BRAND/BND/CLASSIC-HOME-AND-GARDEN-B48074.HTML
CLASSICHOMEFURNITURE	CLASSICHOME	wayfair.com	HTTPS://WWW.WAYFAIR.COM/BRAND/BND/CLASSIC-HOME-B839.HTML
CLASSICHOMEGARDEN	CLASSICHOMEANDGARDEN	wayfair.com	HTTPS://WWW.WAYFAIR.COM/BRAND/BND/CLASSIC-HOME-AND-GARDEN-B48074.HTML
CLASSICHOMEJADEN	CLASSICHOME	wayfair.com	HTTPS://WWW.WAYFAIR.COM/BRAND/BND/CLASSIC-HOME-B839.HTML
CLASSICLIGHTING	CLASSICLIGHTING	wayfair.com	HTTPS://WWW.WAYFAIR.COM/BRAND/BND/CLASSIC-LIGHTING-B17996.HTML
CLASSICSBRAND	CLASSICBRANDS	wayfair.com	HTTPS://WWW.WAYFAIR.COM/BRAND/BND/CLASSIC-BRANDS-B1084.HTML
CLASSICSLEEP	CLASSICBRANDS	wayfair.com	HTTPS://WWW.WAYFAIR.COM/BRAND/BND/CLASSIC-BRANDS-B1084.HTML
CLASSICSLIPCOVERS	CLASSICSLIPCOVERS	wayfair.com	HTTPS://WWW.WAYFAIR.COM/BRAND/BND/CLASSIC-SLIPCOVERS-B19311.HTML
CLASSICTOUCH	CLASSICTOUCH	wayfair.com	HTTPS://WWW.WAYFAIR.COM/BRAND/BND/CLASSICTOUCH-B38569.HTML
CLASSROOMSELECT	CLASSROOMSELECT	wayfair.com	HTTPS://WWW.WAYFAIR.COM/BRAND/BND/CLASSROOM-SELECT-B31348.HTML
CLASSYART	CLASSYARTWHOLESALERS	wayfair.com	HTTPS://WWW.WAYFAIR.COM/BRAND/BND/CLASSYARTWHOLESALERS-B36360.HTML
CLASSYARTWHOLESALERS	CLASSYARTWHOLESALERS	wayfair.com	HTTPS://WWW.WAYFAIR.COM/BRAND/BND/CLASSYARTWHOLESALERS-B36360.HTML
CLASSYKITTY	CLASSYKITTY	wayfair.com	HTTPS://WWW.WAYFAIR.COM/BRAND/BND/CLASSY-KITTY-B8396.HTML
CLAWGUARD	CLAWGUARD	wayfair.com	HTTPS://WWW.WAYFAIR.COM/BRAND/BND/CLAWGUARD-B45478.HTML
CLAWSABLE	CLAWSABLE	wayfair.com	HTTPS://WWW.WAYFAIR.COM/BRAND/BND/CLAWSABLE-B107941.HTML
CLAXY	CLAXY	wayfair.com	HTTPS://WWW.WAYFAIR.COM/BRAND/BND/CLAXY-B44102.HTML
CLAYBARNUSA	CLAYBARN	wayfair.com	HTTPS://WWW.WAYFAIR.COM/BRAND/BND/CLAYBARN-B46718.HTML
CLAYPRO	CLAYPRO	wayfair.com	HTTPS://WWW.WAYFAIR.COM/BRAND/BND/CLAYPRO-B55087.HTML
CLCTK	CLCTK	wayfair.com	HTTPS://WWW.WAYFAIR.COM/BRAND/BND/CLCTK-B61971.HTML
CLEANZOOM	CLEANZOOM	wayfair.com	HTTPS://WWW.WAYFAIR.COM/BRAND/BND/CLEANZOOM-B63219.HTML
CLEARANCEHOMEDYNAMIX	HOMEDYNAMIX	wayfair.com	HTTPS://WWW.WAYFAIR.COM/BRAND/BND/HOME-DYNAMIX-B1234.HTML
CLEVERCREATIONS	CLEVERCREATIONS	wayfair.com	HTTPS://WWW.WAYFAIR.COM/BRAND/BND/CLEVER-CREATIONS-B38581.HTML
CLIHOME	CLIHOME	wayfair.com	HTTPS://WWW.WAYFAIR.COM/BRAND/BND/CLIHOME-B52596.HTML
CLIXXHOME	CLIHOME	wayfair.com	HTTPS://WWW.WAYFAIR.COM/BRAND/BND/CLIHOME-B52596.HTML
CLOCKSWISE	CLOCKSWISE	wayfair.com	HTTPS://WWW.WAYFAIR.COM/BRAND/BND/CLOCKSWISE-B77328.HTML
CLOSERMAID	CLOSEAID	wayfair.com	HTTPS://WWW.WAYFAIR.COM/BRAND/BND/CLOSETMAID-B36069.HTML
CLOSESTMAID	CLOSEAID	wayfair.com	HTTPS://WWW.WAYFAIR.COM/BRAND/BND/CLOSETMAID-B36069.HTML
CLOSETMADE	CLOSEAID	wayfair.com	HTTPS://WWW.WAYFAIR.COM/BRAND/BND/CLOSETMAID-B36069.HTML
CLOSETMAID	CLOSEAID	wayfair.com	HTTPS://WWW.WAYFAIR.COM/BRAND/BND/CLOSETMAID-B36069.HTML
CLOSETMAID1315RECTANGULARWOODCOF	CLOSEAID	wayfair.com	HTTPS://WWW.WAYFAIR.COM/BRAND/BND/CLOSETMAID-B36069.HTML
CLOSETMAIDCORPDIVOFEMERSON	CLOSEAID	wayfair.com	HTTPS://WWW.WAYFAIR.COM/BRAND/BND/CLOSETMAID-B36069.HTML
CLOSETMAIDSTORE	CLOSEAID	wayfair.com	HTTPS://WWW.WAYFAIR.COM/BRAND/BND/CLOSETMAID-B36069.HTML
CLOUDMOUNTAIN	CLOUDMOUNTAIN	wayfair.com	HTTPS://WWW.WAYFAIR.COM/BRAND/BND/CLOUD-MOUNTAIN-INC-B47293.HTML
CLUBNINEPETS	CLUBNINEPETS	wayfair.com	HTTPS://WWW.WAYFAIR.COM/BRAND/BND/CLUB-NINE-PETS-B54806.HTML
CLYAHOME	CLIHOME	wayfair.com	HTTPS://WWW.WAYFAIR.COM/BRAND/BND/CLIHOME-B52596.HTML
CNCCABINETRY	CNCCABINETRY	wayfair.com	HTTPS://WWW.WAYFAIR.COM/BRAND/BND/CNC-CABINETRY-B48377.HTML
CNCEST	CNCEST	wayfair.com	HTTPS://WWW.WAYFAIR.COM/BRAND/BND/CNCEST-B67591.HTML
CNKTILE	CNKTILE	wayfair.com	HTTPS://WWW.WAYFAIR.COM/BRAND/BND/CNKTILE-B47557.HTML
COACHSCLOSET	COACHSCLOSET	wayfair.com	HTTPS://WWW.WAYFAIR.COM/BRAND/BND/COACHS-CLOSET-B49451.HTML
COASTALLIVINGBYUNIVERSALFURNI	COASTALLIVINGBYUNIVERSALFURNITURE	wayfair.com	HTTPS://WWW.WAYFAIR.COM/BRAND/BND/COASTAL-LIVING-BY-UNIVERSAL-FURNITURE-B2847.HTML
COASTALSHOWERDOORS	COASTALINDUSTRIES	wayfair.com	HTTPS://WWW.WAYFAIR.COM/BRAND/BND/COASTAL-INDUSTRIES-B19069.HTML
COASTALVOGUE	COASTALVOGUE	wayfair.com	HTTPS://WWW.WAYFAIR.COM/BRAND/BND/COASTALVOGUE-B51016.HTML
COASTERSCOTTLIVING	SCOTTLIVING	wayfair.com	HTTPS://WWW.WAYFAIR.COM/BRAND/BND/SCOTT-LIVING-B45123.HTML
COASTLAMP	COASTLAMPMFG	wayfair.com	HTTPS://WWW.WAYFAIR.COM/BRAND/BND/COAST-LAMP-MFG-B18190.HTML
COASTLAMPMFG	COASTLAMPMFG	wayfair.com	HTTPS://WWW.WAYFAIR.COM/BRAND/BND/COAST-LAMP-MFG-B18190.HTML
COASTRAIL	COASTRAILOUTDOOR	wayfair.com	HTTPS://WWW.WAYFAIR.COM/BRAND/BND/COASTRAIL-OUTDOOR-B57059.HTML
COASTRAILOUTDOOR	COASTRAILOUTDOOR	wayfair.com	HTTPS://WWW.WAYFAIR.COM/BRAND/BND/COASTRAIL-OUTDOOR-B57059.HTML
COASTSEQUOIA	COASTSEQUOIA	wayfair.com	HTTPS://WWW.WAYFAIR.COM/BRAND/BND/COAST-SEQUOIA-B57195.HTML
COASTSHADE	COASTSHADE	wayfair.com	HTTPS://WWW.WAYFAIR.COM/BRAND/BND/COASTSHADE-B67448.HTML
COASTTOCOAST	COASTTOCOASTACCENTS	wayfair.com	HTTPS://WWW.WAYFAIR.COM/BRAND/BND/COAST-TO-COAST-ACCENTS-B20358.HTML
COASTTOCOASTACCENTS	COASTTOCOASTACCENTS	wayfair.com	HTTPS://WWW.WAYFAIR.COM/BRAND/BND/COAST-TO-COAST-ACCENTS-B20358.HTML
COASTTOCOASTBEYMILL	COASTTOCOASTACCENTS	wayfair.com	HTTPS://WWW.WAYFAIR.COM/BRAND/BND/COAST-TO-COAST-ACCENTS-B20358.HTML
COASTTOCOASTC2C	COASTTOCOASTACCENTS	wayfair.com	HTTPS://WWW.WAYFAIR.COM/BRAND/BND/COAST-TO-COAST-ACCENTS-B20358.HTML
COASTTOCOASTIMPORTS	COASTTOCOASTACCENTS	wayfair.com	HTTPS://WWW.WAYFAIR.COM/BRAND/BND/COAST-TO-COAST-ACCENTS-B20358.HTML
COASTWAY	COSTWAY	wayfair.com	HTTPS://WWW.WAYFAIR.COM/BRAND/BND/COSTWAY-B47022.HTML
COBBE	COBBE	wayfair.com	HTTPS://WWW.WAYFAIR.COM/BRAND/BND/COBBE-B58462.HTML
COBIZI	COBIZI	wayfair.com	HTTPS://WWW.WAYFAIR.COM/BRAND/BND/COBIZI-B98114.HTML
COBRACO	COBRACO	wayfair.com	HTTPS://WWW.WAYFAIR.COM/BRAND/BND/COBRACO-B1789.HTML
COCOBOO	COCOBOO	wayfair.com	HTTPS://WWW.WAYFAIR.COM/BRAND/BND/COCOBOO-B51557.HTML
COCOROSSI	COSORI	wayfair.com	HTTPS://WWW.WAYFAIR.COM/BRAND/BND/COSORI-B51307.HTML
COCOWEB	COCOWEB	wayfair.com	HTTPS://WWW.WAYFAIR.COM/BRAND/BND/COCOWEB-B37165.HTML
COHAJA	COAHAHA	wayfair.com	HTTPS://WWW.WAYFAIR.COM/BRAND/BND/COAHAHA-B103895.HTML
COHASSETGIFTS	COHASSETGIFTSGARDEN	wayfair.com	HTTPS://WWW.WAYFAIR.COM/BRAND/BND/COHASSET-GIFTS-GARDEN-B13195.HTML
COISIENHOME	COZYHOME	wayfair.com	HTTPS://WWW.WAYFAIR.COM/BRAND/BND/COZYHOME-B45251.HTML
COJA	COJA	wayfair.com	HTTPS://WWW.WAYFAIR.COM/BRAND/BND/COJA-B416.HTML
COLEANDGREY	COLEGREY	wayfair.com	HTTPS://WWW.WAYFAIR.COM/BRAND/BND/COLE-GREY-B32225.HTML
COLEGREY	COLEGREY	wayfair.com	HTTPS://WWW.WAYFAIR.COM/BRAND/BND/COLE-GREY-B32225.HTML
COLERLINE	COLERLINE	wayfair.com	HTTPS://WWW.WAYFAIR.COM/BRAND/BND/COLERLINE-B81499.HTML
COLLEGECOVERS	COLLEGECOVERS	wayfair.com	HTTPS://WWW.WAYFAIR.COM/BRAND/BND/COLLEGE-COVERS-B4379.HTML
COLLIERCAMPBELL	COLLIERCAMPBELL	wayfair.com	HTTPS://WWW.WAYFAIR.COM/BRAND/BND/COLLIER-CAMPBELL-B25206.HTML
COLONIALCANDLE	COLONIALCANDLE	wayfair.com	HTTPS://WWW.WAYFAIR.COM/BRAND/BND/COLONIAL-CANDLE-B22070.HTML
COLONIALELEGANCE	COLONIALELEGANCE	wayfair.com	HTTPS://WWW.WAYFAIR.COM/BRAND/BND/COLONIAL-ELEGANCE-B50220.HTML
COLONIALMILLS	COLONIALMILLS	wayfair.com	HTTPS://WWW.WAYFAIR.COM/BRAND/BND/COLONIAL-MILLS-B324.HTML
COLONIALMILLSDROPSHIP	COLONIALMILLS	wayfair.com	HTTPS://WWW.WAYFAIR.COM/BRAND/BND/COLONIAL-MILLS-B324.HTML
COLONIAMILLS	COLONIALMILLS	wayfair.com	HTTPS://WWW.WAYFAIR.COM/BRAND/BND/COLONIAL-MILLS-B324.HTML
COLORJOY	COLORJOY	wayfair.com	HTTPS://WWW.WAYFAIR.COM/BRAND/BND/COLORJOY-B57454.HTML/
COLORLIFE	COLORLIFE	wayfair.com	HTTPS://WWW.WAYFAIR.COM/BRAND/BND/COLORLIFE-B81331.HTML
COLORTREE	COLOURTREE	wayfair.com	HTTPS://WWW.WAYFAIR.COM/BRAND/BND/COLOURTREE-B48870.HTML
COLORTREEDESIGN	COLOURTREE	wayfair.com	HTTPS://WWW.WAYFAIR.COM/BRAND/BND/COLOURTREE-B48870.HTML
COLORUSCHINA	COLORUSCHINA	wayfair.com	HTTPS://WWW.WAYFAIR.COM/BRAND/BND/COLORUS-CHINA-B41949.HTML
COLOSUS	COLOSUS	wayfair.com	HTTPS://WWW.WAYFAIR.COM/BRAND/BND/COLOSUS-B59910.HTML
COLOURTREE	COLOURTREE	wayfair.com	HTTPS://WWW.WAYFAIR.COM/BRAND/BND/COLOURTREE-B48870.HTML
COLOZO	COLOZO	wayfair.com	HTTPS://WWW.WAYFAIR.COM/BRAND/BND/COLOZO-B95993.HTML
COLSEN	COLSEN	wayfair.com	HTTPS://WWW.WAYFAIR.COM/BRAND/BND/COLSEN-B73986.HTML
COLUMBIANHOMEPRODUCTS	COLUMBIANHOMEPRODUCTS	wayfair.com	HTTPS://WWW.WAYFAIR.COM/BRAND/BND/COLUMBIAN-HOME-PRODUCTS-B24318.HTML
COLZER	COLZER	wayfair.com	HTTPS://WWW.WAYFAIR.COM/BRAND/BND/COLZER-B53846.HTML
COMFEE	COMFEE	wayfair.com	HTTPS://WWW.WAYFAIR.COM/BRAND/BND/COMFEE-B58597.HTML
COMFEEP	COMFEE	wayfair.com	HTTPS://WWW.WAYFAIR.COM/BRAND/BND/COMFEE-B58597.HTML
COMFEEZY	COMFEE	wayfair.com	HTTPS://WWW.WAYFAIR.COM/BRAND/BND/COMFEE-B58597.HTML
COMFIER	COMFIER	wayfair.com	HTTPS://WWW.WAYFAIR.COM/BRAND/BND/COMFIER-B103080.HTML
COMFORPEDIC	COMFORPEDICLOFTFROMBEAUTYREST	wayfair.com	HTTPS://WWW.WAYFAIR.COM/BRAND/BND/COMFORPEDIC-LOFT-FROM-BEAUTYREST-B45018.HTML
COMFORPEDICLOFT	COMFORPEDICLOFTFROMBEAUTYREST	wayfair.com	HTTPS://WWW.WAYFAIR.COM/BRAND/BND/COMFORPEDIC-LOFT-FROM-BEAUTYREST-B45018.HTML
COMFORPEDICLOFTFROMBEAUTYREST	COMFORPEDICLOFTFROMBEAUTYREST	wayfair.com	HTTPS://WWW.WAYFAIR.COM/BRAND/BND/COMFORPEDIC-LOFT-FROM-BEAUTYREST-B45018.HTML
COMFORTBILT	COMFORTBILTPELLETSTOVES	wayfair.com	HTTPS://WWW.WAYFAIR.COM/BRAND/BND/COMFORTBILT-PELLET-STOVES-B48729.HTML
COMFORTCLASSICS	COMFORTCLASSICS	wayfair.com	HTTPS://WWW.WAYFAIR.COM/BRAND/BND/COMFORT-CLASSICS-B36221.HTML
COMFORTDESIGNMATS	COMFORTDESIGNMATS	wayfair.com	HTTPS://WWW.WAYFAIR.COM/BRAND/BND/COMFORT-DESIGN-MATS-B51869.HTML
COMFORTGLOW	COMFORTGLOW	wayfair.com	HTTPS://WWW.WAYFAIR.COM/BRAND/BND/COMFORT-GLOW-B1498.HTML
COMFORTLINEPRODUCTS	COMFORTLINEPRODUCTS	wayfair.com	HTTPS://WWW.WAYFAIR.COM/BRAND/BND/COMFORT-LINE-PRODUCTS-B17785.HTML
COMFORTPEDIC	COMFORPEDICLOFTFROMBEAUTYREST	wayfair.com	HTTPS://WWW.WAYFAIR.COM/BRAND/BND/COMFORPEDIC-LOFT-FROM-BEAUTYREST-B45018.HTML
COMFORTREVOLUTION	COMFORTREVOLUTION	wayfair.com	HTTPS://WWW.WAYFAIR.COM/BRAND/BND/COMFORT-REVOLUTION-B22340.HTML
COMFORTTECH	CMFRTTCH	wayfair.com	HTTPS://WWW.WAYFAIR.COM/BRAND/BND/CMFRT-TCH-B99628.HTML
COMFYCUBS	COMFYCUBS	wayfair.com	HTTPS://WWW.WAYFAIR.COM/BRAND/BND/COMFY-CUBS-B84432.HTML
COMFYDESIGN	THECOMFY	wayfair.com	HTTPS://WWW.WAYFAIR.COM/BRAND/BND/THE-COMFY-B82504.HTML
COMFYDOWN	COMFYDOWN	wayfair.com	HTTPS://WWW.WAYFAIR.COM/BRAND/BND/COMFYDOWN-B49752.HTML
COMFYLIFE	COMFYLIFE	wayfair.com	HTTPS://WWW.WAYFAIR.COM/BRAND/BND/COMFYLIFE-B57110.HTML
COMFYMEE	THECOMFY	wayfair.com	HTTPS://WWW.WAYFAIR.COM/BRAND/BND/THE-COMFY-B82504.HTML
COMFYNEW	THECOMFY	wayfair.com	HTTPS://WWW.WAYFAIR.COM/BRAND/BND/THE-COMFY-B82504.HTML
COMHOMA	COMHOMA	wayfair.com	HTTPS://WWW.WAYFAIR.COM/BRAND/BND/COMHOMA-B59839.HTML
COMIARTCREATECOLORLIFE	COLORLIFE	wayfair.com	HTTPS://WWW.WAYFAIR.COM/BRAND/BND/COLORLIFE-B81331.HTML
COMMANDPET	COMMANDPETPRODUCTS	wayfair.com	HTTPS://WWW.WAYFAIR.COM/BRAND/BND/COMMAND-PET-PRODUCTS-B36414.HTML
COMMCLAD	COMMCLAD	wayfair.com	HTTPS://WWW.WAYFAIR.COM/BRAND/BND/COMMCLAD-B6122.HTML
COMMCLADS	COMMCLAD	wayfair.com	HTTPS://WWW.WAYFAIR.COM/BRAND/BND/COMMCLAD-B6122.HTML
COMMERCIALCHEF	COMMERCIALCHEF	wayfair.com	HTTPS://WWW.WAYFAIR.COM/BRAND/BND/COMMERCIAL-CHEF-B50173.HTML
COMMERCIALCOOL	COMMERCIALCOOL	wayfair.com	HTTPS://WWW.WAYFAIR.COM/BRAND/BND/COMMERCIAL-COOL-B39814.HTML
COMMERCIALELECTRICANDGLOBE	GLOBEELECTRICCOMPANY	wayfair.com	HTTPS://WWW.WAYFAIR.COM/BRAND/BND/GLOBE-ELECTRIC-COMPANY-B22913.HTML
COMMERCIALELECTRICGLOBE	GLOBEELECTRICCOMPANY	wayfair.com	HTTPS://WWW.WAYFAIR.COM/BRAND/BND/GLOBE-ELECTRIC-COMPANY-B22913.HTML
COMMERCIALSEATINGPRODUCTS	COMMERCIALSEATINGPRODUCTS	wayfair.com	HTTPS://WWW.WAYFAIR.COM/BRAND/BND/COMMERCIAL-SEATING-PRODUCTS-B19871.HTML
COMMERCIALZONEPRODUCTS	COMMERCIALZONE	wayfair.com	HTTPS://WWW.WAYFAIR.COM/BRAND/BND/COMMERCIAL-ZONE-B4313.HTML
COMMERICALCHEF	COMMERCIALCHEF	wayfair.com	HTTPS://WWW.WAYFAIR.COM/BRAND/BND/COMMERCIAL-CHEF-B50173.HTML
COMMERICALSEATINGPRODUCTS	COMMERCIALSEATINGPRODUCTS	wayfair.com	HTTPS://WWW.WAYFAIR.COM/BRAND/BND/COMMERCIAL-SEATING-PRODUCTS-B19871.HTML
COMMERICIALCOOL	COMMERCIALCOOL	wayfair.com	HTTPS://WWW.WAYFAIR.COM/BRAND/BND/COMMERCIAL-COOL-B39814.HTML
COMMODA	COMMODA	wayfair.com	HTTPS://WWW.WAYFAIR.COM/BRAND/BND/COMMODA-B63092.HTML
COMOMY	CY	wayfair.com	HTTPS://WWW.WAYFAIR.COM/BRAND/BND/CY-B73321.HTML
COMPELOFFICEFURNITURE	COMPELOFFICEFURNITURE	wayfair.com	HTTPS://WWW.WAYFAIR.COM/BRAND/BND/COMPEL-OFFICE-FURNITURE-B29613.HTML
COMPLETEAQUATICS	COMPLETEAQUATICS	wayfair.com	HTTPS://WWW.WAYFAIR.COM/BRAND/BND/COMPLETE-AQUATICS-B19357.HTML
COMPLETEHOME	HOMECOMPLETE	wayfair.com	HTTPS://WWW.WAYFAIR.COM/BRAND/BND/HOME-COMPLETE-B48073.HTML
COMPOSITIONCARACOLE	CARACOLECOMPOSITIONS	wayfair.com	HTTPS://WWW.WAYFAIR.COM/BRAND/BND/CARACOLE-COMPOSITIONS-B48282.HTML
COMPOSTGENIE	COMPOSTGENIE	wayfair.com	HTTPS://WWW.WAYFAIR.COM/BRAND/BND/COMPOST-GENIE-B97779.HTML
CONCEPTFUSION	CONCEPTFUSION	wayfair.com	HTTPS://WWW.WAYFAIR.COM/BRAND/BND/CONCEPT-FUSION-B82116.HTML
CONCEPTSINTIME	CONCEPTSINTIME	wayfair.com	HTTPS://WWW.WAYFAIR.COM/BRAND/BND/CONCEPTSINTIME-B20053.HTML
CONCESSIONEXPRESS	CONCESSIONEXPRESS	wayfair.com	HTTPS://WWW.WAYFAIR.COM/BRAND/BND/CONCESSION-EXPRESS-B40491.HTML
CONCORDCOOKWARE	CONCORD	wayfair.com	HTTPS://WWW.WAYFAIR.COM/BRAND/BND/CONCORD-B32247.HTML
CONCORDFANS	CONCORDFANS	wayfair.com	HTTPS://WWW.WAYFAIR.COM/BRAND/BND/CONCORD-FANS-B11503.HTML
CONCORDIMPORT	CONCORD	wayfair.com	HTTPS://WWW.WAYFAIR.COM/BRAND/BND/CONCORD-B1231.HTML
CONCORDWALLCOVERING	CONCORDWALLCOVERINGS	wayfair.com	HTTPS://WWW.WAYFAIR.COM/BRAND/BND/CONCORD-WALLCOVERINGS--B66497.HTML
CONCORDWALLCOVERINGS	CONCORDWALLCOVERINGS	wayfair.com	HTTPS://WWW.WAYFAIR.COM/BRAND/BND/CONCORD-WALLCOVERINGS--B66497.HTML
CONDOMOUNTS	CONDOMOUNTS	wayfair.com	HTTPS://WWW.WAYFAIR.COM/BRAND/BND/CONDO-MOUNTS-B75525.HTML
CONFERPLASTICS	CONFERPLASTICS	wayfair.com	HTTPS://WWW.WAYFAIR.COM/BRAND/BND/CONFER-PLASTICS-B17153.HTML
CONFOTE	CONFOTE	wayfair.com	HTTPS://WWW.WAYFAIR.COM/BRAND/BND/CONFOTE-B58435.HTML
CONNSANN	CONNSANN	wayfair.com	HTTPS://WWW.WAYFAIR.COM/BRAND/BND/CONNSANN-B80844.HTML
CONNUBIA	CONNUBIA	wayfair.com	HTTPS://WWW.WAYFAIR.COM/BRAND/BND/CONNUBIA-B43930.HTML
CONPSXC	CONPSXC	wayfair.com	HTTPS://WWW.WAYFAIR.COM/BRAND/BND/CONPSXC-B65600.HTML
CONSDAN	CONSDAN	wayfair.com	HTTPS://WWW.WAYFAIR.COM/BRAND/BND/CONSDAN-B68077.HTML
CONSERVCO	CONSERVCO	wayfair.com	HTTPS://WWW.WAYFAIR.COM/BRAND/BND/CONSERVCO-B20636.HTML
CONTAINERFURNITUREDIRECT	CONTAINERFURNITUREDIRECT	wayfair.com	HTTPS://WWW.WAYFAIR.COM/BRAND/BND/CONTAINER-FURNITURE-DIRECT-B64212.HTML
CONTEMPOLIGHTS	CONTEMPOLIGHTS	wayfair.com	HTTPS://WWW.WAYFAIR.COM/BRAND/BND/CONTEMPO-LIGHTS-B24114.HTML
CONTIENTALELECTRIC	CONTINENTALELECTRIC	wayfair.com	HTTPS://WWW.WAYFAIR.COM/BRAND/BND/CONTINENTALELECTRIC-B48625.HTML
CONTINENTALART	CONTINENTALARTCENTER	wayfair.com	HTTPS://WWW.WAYFAIR.COM/BRAND/BND/CONTINENTAL-ART-CENTER-B38296.HTML
CONTINENTALARTCENTER	CONTINENTALARTCENTER	wayfair.com	HTTPS://WWW.WAYFAIR.COM/BRAND/BND/CONTINENTAL-ART-CENTER-B38296.HTML
CONTINENTALELECTRIC	CONTINENTALELECTRIC	wayfair.com	HTTPS://WWW.WAYFAIR.COM/BRAND/BND/CONTINENTALELECTRIC-B48625.HTML
CONTINENTALELECTRICS	CONTINENTALELECTRIC	wayfair.com	HTTPS://WWW.WAYFAIR.COM/BRAND/BND/CONTINENTALELECTRIC-B48625.HTML
CONTINENTALMFGCOMPANY	CONTINENTALMFGCO	wayfair.com	HTTPS://WWW.WAYFAIR.COM/BRAND/BND/CONTINENTAL-MFG-CO-B9689.HTML
CONTINENTALRUGCOMPANY	CONTINENTALRUGCOMPANY	wayfair.com	HTTPS://WWW.WAYFAIR.COM/BRAND/BND/CONTINENTAL-RUG-COMPANY-B9090.HTML
CONTROLBRAND	CONTROLBRAND	wayfair.com	HTTPS://WWW.WAYFAIR.COM/BRAND/BND/CONTROL-BRAND-B15807.HTML
CONTROLBRANDS	CONTROLBRAND	wayfair.com	HTTPS://WWW.WAYFAIR.COM/BRAND/BND/CONTROL-BRAND-B15807.HTML
CONVENIENCECONCEPT	CONVENIENCECONCEPTS	wayfair.com	HTTPS://WWW.WAYFAIR.COM/BRAND/BND/CONVENIENCE-CONCEPTS-B2445.HTML
CONVENIENTCOMCEPTS	CONVENIENCECONCEPTS	wayfair.com	HTTPS://WWW.WAYFAIR.COM/BRAND/BND/CONVENIENCE-CONCEPTS-B2445.HTML
CONVIENTCONCEPTS	CONVENIENCECONCEPTS	wayfair.com	HTTPS://WWW.WAYFAIR.COM/BRAND/BND/CONVENIENCE-CONCEPTS-B2445.HTML
COOFEL	COOFEL	wayfair.com	HTTPS://WWW.WAYFAIR.COM/BRAND/BND/COOFEL-B59269.HTML
COOKCRAFT	COOKCRAFTORIGINAL	wayfair.com	HTTPS://WWW.WAYFAIR.COM/BRAND/BND/COOKCRAFT-ORIGINAL-B56025.HTML
COOKERKING	KINGKOOKER	wayfair.com	HTTPS://WWW.WAYFAIR.COM/BRAND/BND/KING-KOOKER-B19565.HTML
COOKIT	COOKIT	wayfair.com	HTTPS://WWW.WAYFAIR.COM/BRAND/BND/COOKIT-B64687.HTML
COOKPRO	COOKPRO	wayfair.com	HTTPS://WWW.WAYFAIR.COM/BRAND/BND/COOK-PRO-B17167.HTML
COOKSCHOICE	COOKSCHOICE	wayfair.com	HTTPS://WWW.WAYFAIR.COM/BRAND/BND/COOKS-CHOICE-B36584.HTML
COOKSINNOVATIONS	COOKSINNOVATIONS	wayfair.com	HTTPS://WWW.WAYFAIR.COM/BRAND/BND/COOKS-INNOVATIONS-B45106.HTML
COOKSSTANDARD	COOKSSTANDARD	wayfair.com	HTTPS://WWW.WAYFAIR.COM/BRAND/BND/COOKS-STANDARD-B17761.HTML
COOLAKE	COOLAKE	wayfair.com	HTTPS://WWW.WAYFAIR.COM/BRAND/BND/COOLAKE-B102537.HTML
COOLARAOO	COOLAROO	wayfair.com	HTTPS://WWW.WAYFAIR.COM/BRAND/BND/COOLAROO-B1273.HTML
COOLAROO	COOLAROO	wayfair.com	HTTPS://WWW.WAYFAIR.COM/BRAND/BND/COOLAROO-B1273.HTML
COOLAROOANDLEVOLOR	COOLAROO	wayfair.com	HTTPS://WWW.WAYFAIR.COM/BRAND/BND/COOLAROO-B1273.HTML
COOLERDEPOT	COOLERDEPOT	wayfair.com	HTTPS://WWW.WAYFAIR.COM/BRAND/BND/COOLER-DEPOT-B65226.HTML
COOLERDEPOTUSA	COOLERDEPOT	wayfair.com	HTTPS://WWW.WAYFAIR.COM/BRAND/BND/COOLER-DEPOT-B65226.HTML
COOLNEWS	COOLNEWS	wayfair.com	HTTPS://WWW.WAYFAIR.COM/BRAND/BND/COOLNEWS-B60076.HTML
COOLOAROO	COOLAROO	wayfair.com	HTTPS://WWW.WAYFAIR.COM/BRAND/BND/COOLAROO-B1273.HTML
COOLOUS	COOLOUS	wayfair.com	HTTPS://WWW.WAYFAIR.COM/BRAND/BND/COOLOUS-B67569.HTML
COOMAMMY	CY	wayfair.com	HTTPS://WWW.WAYFAIR.COM/BRAND/BND/CY-B73321.HTML
COOPERCLASSICS	COOPERCLASSICS	wayfair.com	HTTPS://WWW.WAYFAIR.COM/BRAND/BND/COOPER-CLASSICS-B237.HTML
COOPERHUNTER	COOPERHUNTER	wayfair.com	HTTPS://WWW.WAYFAIR.COM/BRAND/BND/COOPER-HUNTER-B39946.HTML
COOPSFEATHERS	COOPSFEATHERS	wayfair.com	HTTPS://WWW.WAYFAIR.COM/BRAND/BND/COOPS-FEATHERS-B47820.HTML
COOSEON	COOSEON	wayfair.com	HTTPS://WWW.WAYFAIR.COM/BRAND/BND/COOSEON-B64840.HTML
COOSION	COOSEON	wayfair.com	HTTPS://WWW.WAYFAIR.COM/BRAND/BND/COOSEON-B64840.HTML
COOSOAR	COWSAR	wayfair.com	HTTPS://WWW.WAYFAIR.COM/BRAND/BND/COWSAR-B85712.HTML
COPELAND	COPELANDFURNITURE	wayfair.com	HTTPS://WWW.WAYFAIR.COM/BRAND/BND/COPELAND-FURNITURE-B18001.HTML
COPELANDFURNITURE	COPELANDFURNITURE	wayfair.com	HTTPS://WWW.WAYFAIR.COM/BRAND/BND/COPELAND-FURNITURE-B18001.HTML
COPPERSPADE	COPPERSPADE	wayfair.com	HTTPS://WWW.WAYFAIR.COM/BRAND/BND/COPPER-SPADE-B50544.HTML
CORBELLCO	CORBELLSILVERCOMPANY	wayfair.com	HTTPS://WWW.WAYFAIR.COM/BRAND/BND/CORBELL-SILVER-COMPANY-B37988.HTML
CORBETTLIGHTING	CORBETTLIGHTING	wayfair.com	HTTPS://WWW.WAYFAIR.COM/BRAND/BND/CORBETT-LIGHTING-B4917.HTML
CORDALI	CORDELIO	wayfair.com	HTTPS://WWW.WAYFAIR.COM/BRAND/BND/CORDELIO-B43681.HTML
CORDAROS	CORDAROYS	wayfair.com	HTTPS://WWW.WAYFAIR.COM/BRAND/BND/CORDAROYS-B4598.HTML
CORDAROY	CORDAROYS	wayfair.com	HTTPS://WWW.WAYFAIR.COM/BRAND/BND/CORDAROYS-B4598.HTML
CORDAROYS	CORDAROYS	wayfair.com	HTTPS://WWW.WAYFAIR.COM/BRAND/BND/CORDAROYS-B4598.HTML
CORDINATE	CORDINATE	wayfair.com	HTTPS://WWW.WAYFAIR.COM/BRAND/BND/CORDINATE-B44867.HTML
COREBAMBOO	COREBAMBOO	wayfair.com	HTTPS://WWW.WAYFAIR.COM/BRAND/BND/CORE-BAMBOO-B16361.HTML
COREKITCHEN	COREKITCHEN	wayfair.com	HTTPS://WWW.WAYFAIR.COM/BRAND/BND/CORE-KITCHEN-B40249.HTML
CORELLE	CORELLE	wayfair.com	HTTPS://WWW.WAYFAIR.COM/BRAND/BND/CORELLE-B1604.HTML
CORELLEBRANDS	CORELLE	wayfair.com	HTTPS://WWW.WAYFAIR.COM/BRAND/BND/CORELLE-B1604.HTML
CORELLELIVINGWARE	CORELLE	wayfair.com	HTTPS://WWW.WAYFAIR.COM/BRAND/BND/CORELLE-B1604.HTML
CORIGANSTUDIO	CORRIGANSTUDIO	wayfair.com	HTTPS://WWW.WAYFAIR.COM/BRAND/BND/CORRIGAN-STUDIO-B36990.HTML
CORNHOLECREW	THECORNHOLECREW	wayfair.com	HTTPS://WWW.WAYFAIR.COM/BRAND/BND/THECORNHOLECREW-B43002.HTML
CORNINGWARE	CORNINGWARE	wayfair.com	HTTPS://WWW.WAYFAIR.COM/BRAND/BND/CORNINGWARE-B1398.HTML
CORRIGAN	CORRIGANSTUDIO	wayfair.com	HTTPS://WWW.WAYFAIR.COM/BRAND/BND/CORRIGAN-STUDIO-B36990.HTML
CORRIGANSTUDIO	CORRIGANSTUDIO	wayfair.com	HTTPS://WWW.WAYFAIR.COM/BRAND/BND/CORRIGAN-STUDIO-B36990.HTML
CORRIGANSTUDIOS	CORRIGANSTUDIO	wayfair.com	HTTPS://WWW.WAYFAIR.COM/BRAND/BND/CORRIGAN-STUDIO-B36990.HTML
CORSOITALIA	CORSOITALIA	wayfair.com	HTTPS://WWW.WAYFAIR.COM/BRAND/BND/CORSO-ITALIA-B98949.HTML
CORTESIHOME	CORTESIHOME	wayfair.com	HTTPS://WWW.WAYFAIR.COM/BRAND/BND/CORTESI-HOME-B24954.HTML
COSIEST	COSIEST	wayfair.com	HTTPS://WWW.WAYFAIR.COM/BRAND/BND/COSIEST-B52827.HTML
COSIRULNTA	COSORI	wayfair.com	HTTPS://WWW.WAYFAIR.COM/BRAND/BND/COSORI-B51307.HTML
COSMALIVING	COSMOLIVINGBYCOSMOPOLITAN	wayfair.com	HTTPS://WWW.WAYFAIR.COM/BRAND/BND/COSMOLIVING-BY-COSMOPOLITAN-B47515.HTML
COSMOAPPLIANCES	COSMO	wayfair.com	HTTPS://WWW.WAYFAIR.COM/BRAND/BND/COSMO-B30898.HTML
COSMOFURNITURE	COSMOSFURNITURE	wayfair.com	HTTPS://WWW.WAYFAIR.COM/BRAND/BND/COSMOS-FURNITURE-B104076.HTML
COSMOLIVING	COSMOLIVINGBYCOSMOPOLITAN	wayfair.com	HTTPS://WWW.WAYFAIR.COM/BRAND/BND/COSMOLIVING-BY-COSMOPOLITAN-B47515.HTML
COSMOLIVINGBYCOSMOPOLITAN	COSMOLIVINGBYCOSMOPOLITAN	wayfair.com	HTTPS://WWW.WAYFAIR.COM/BRAND/BND/COSMOLIVING-BY-COSMOPOLITAN-B47515.HTML
COSMOLOVING	COSMOLIVINGBYCOSMOPOLITAN	wayfair.com	HTTPS://WWW.WAYFAIR.COM/BRAND/BND/COSMOLIVING-BY-COSMOPOLITAN-B47515.HTML
COSMOPOLITANCOSMOLIVING	COSMOLIVINGBYCOSMOPOLITAN	wayfair.com	HTTPS://WWW.WAYFAIR.COM/BRAND/BND/COSMOLIVING-BY-COSMOPOLITAN-B47515.HTML
COSMOSGIFTS	COSMOSGIFTS	wayfair.com	HTTPS://WWW.WAYFAIR.COM/BRAND/BND/COSMOSGIFTS-B36964.HTML
COSMOSGIFTSCORP	COSMOSGIFTS	wayfair.com	HTTPS://WWW.WAYFAIR.COM/BRAND/BND/COSMOSGIFTS-B36964.HTML
COSORI	COSORI	wayfair.com	HTTPS://WWW.WAYFAIR.COM/BRAND/BND/COSORI-B51307.HTML
COSORIP	COSORI	wayfair.com	HTTPS://WWW.WAYFAIR.COM/BRAND/BND/COSORI-B51307.HTML
COSOWAY	COSTWAY	wayfair.com	HTTPS://WWW.WAYFAIR.COM/BRAND/BND/COSTWAY-B47022.HTML
COSTAFARMS	COSTAFARMS	wayfair.com	HTTPS://WWW.WAYFAIR.COM/BRAND/BND/COSTA-FARMS-B54002.HTML
COSTALVOGUE	COASTALVOGUE	wayfair.com	HTTPS://WWW.WAYFAIR.COM/BRAND/BND/COASTALVOGUE-B51016.HTML
COSTAWAY	COSTWAY	wayfair.com	HTTPS://WWW.WAYFAIR.COM/BRAND/BND/COSTWAY-B47022.HTML
COSTWAY	COSTWAY	wayfair.com	HTTPS://WWW.WAYFAIR.COM/BRAND/BND/COSTWAY-B47022.HTML
COSTWAYUS	COSTWAY	wayfair.com	HTTPS://WWW.WAYFAIR.COM/BRAND/BND/COSTWAY-B47022.HTML
COSTYLE	COSTYLE	wayfair.com	HTTPS://WWW.WAYFAIR.COM/BRAND/BND/COSTYLE-B82266.HTML
COSVALVE	COSVALVE	wayfair.com	HTTPS://WWW.WAYFAIR.COM/BRAND/BND/COSVALVE-B56697.HTML
COSWAY	COSTWAY	wayfair.com	HTTPS://WWW.WAYFAIR.COM/BRAND/BND/COSTWAY-B47022.HTML
COSYHOUSECOLLECTION	COSYHOUSECOLLECTION	wayfair.com	HTTPS://WWW.WAYFAIR.COM/BRAND/BND/COSY-HOUSE-COLLECTION-B77384.HTML
COSYLAND	COSYLAND	wayfair.com	HTTPS://WWW.WAYFAIR.COM/BRAND/BND/COSYLAND-B96181.HTML
COSYSTORA	COSORI	wayfair.com	HTTPS://WWW.WAYFAIR.COM/BRAND/BND/COSORI-B51307.HTML
COTAGLOBAL	COTAGLOBAL	wayfair.com	HTTPS://WWW.WAYFAIR.COM/BRAND/BND/COTA-GLOBAL-B50939.HTML
COTONCOLORS	COTONCOLORS	wayfair.com	HTTPS://WWW.WAYFAIR.COM/BRAND/BND/COTON-COLORS-B34235.HTML
COTTAGECREEK	COTTAGECREEK	wayfair.com	HTTPS://WWW.WAYFAIR.COM/BRAND/BND/COTTAGECREEK-B44785.HTML
COTTAGECREEKFURNITURE	COTTAGECREEK	wayfair.com	HTTPS://WWW.WAYFAIR.COM/BRAND/BND/COTTAGECREEK-B44785.HTML
COTTONCOLORS	COTONCOLORS	wayfair.com	HTTPS://WWW.WAYFAIR.COM/BRAND/BND/COTON-COLORS-B34235.HTML
COTTONLOFT	COTTONLOFT	wayfair.com	HTTPS://WWW.WAYFAIR.COM/BRAND/BND/COTTON-LOFT-B19858.HTML
COTYTECH	COTYTECH	wayfair.com	HTTPS://WWW.WAYFAIR.COM/BRAND/BND/COTYTECH-B17213.HTML
COUNTERART	COUNTERART	wayfair.com	HTTPS://WWW.WAYFAIR.COM/BRAND/BND/COUNTERART-B36666.HTML
COUNTRYLIVING	COUNTRYLIVING	wayfair.com	HTTPS://WWW.WAYFAIR.COM/BRAND/BND/COUNTRY-LIVING-B57740.HTML
COURTSIDEMARKET	COURTSIDEMARKET	wayfair.com	HTTPS://WWW.WAYFAIR.COM/BRAND/BND/COURTSIDE-MARKET-B22594.HTML
COURTYARDCASUAL	COURTYARDCASUALFURNITURE	wayfair.com	HTTPS://WWW.WAYFAIR.COM/BRAND/BND/COURTYARDCASUALFURNITURE-B44656.HTML
COUTUREDREAMS	COUTUREDREAMS	wayfair.com	HTTPS://WWW.WAYFAIR.COM/BRAND/BND/COUTURE-DREAMS-B18240.HTML
COUTURELAMPS	COUTURE	wayfair.com	HTTPS://WWW.WAYFAIR.COM/BRAND/BND/COUTURE-INC-B18191.HTML
COVEREDLIVING	COVEREDLIVING	wayfair.com	HTTPS://WWW.WAYFAIR.COM/BRAND/BND/COVERED-LIVING-B55583.HTML
COVERONICS	COVERONICS	wayfair.com	HTTPS://WWW.WAYFAIR.COM/BRAND/BND/COVERONICS-B75668.HTML
COVOCHI	COYUCHI	wayfair.com	HTTPS://WWW.WAYFAIR.COM/BRAND/BND/COYUCHI-B3200.HTML
COWARCA	COWSAR	wayfair.com	HTTPS://WWW.WAYFAIR.COM/BRAND/BND/COWSAR-B85712.HTML
COWBRANDFURNITURE	SELLACOWFURNITURE	wayfair.com	HTTPS://WWW.WAYFAIR.COM/BRAND/BND/SELL-A-COW-FURNITURE-B58318.HTML
COWSAR	COWSAR	wayfair.com	HTTPS://WWW.WAYFAIR.COM/BRAND/BND/COWSAR-B85712.HTML
COYAVIC	COYUCHI	wayfair.com	HTTPS://WWW.WAYFAIR.COM/BRAND/BND/COYUCHI-B3200.HTML
COYUCHI	COYUCHI	wayfair.com	HTTPS://WWW.WAYFAIR.COM/BRAND/BND/COYUCHI-B3200.HTML
COZAYAH	COZAYH	wayfair.com	HTTPS://WWW.WAYFAIR.COM/BRAND/BND/COZAYH-B55168.HTML
COZAYH	COZAYH	wayfair.com	HTTPS://WWW.WAYFAIR.COM/BRAND/BND/COZAYH-B55168.HTML
COZIDOWN	COZYDOWN	wayfair.com	HTTPS://WWW.WAYFAIR.COM/BRAND/BND/COZY-DOWN-B11341.HTML
COZIWOW	COZIWOW	wayfair.com	HTTPS://WWW.WAYFAIR.COM/BRAND/BND/COZIWOW-B55166.HTML
COZYBLISS	COZYBLISS	wayfair.com	HTTPS://WWW.WAYFAIR.COM/BRAND/BND/COZY-BLISS-B62953.HTML
COZYCASTLE	COZYCASTLE	wayfair.com	HTTPS://WWW.WAYFAIR.COM/BRAND/BND/COZY-CASTLE-B59693.HTML
COZYFLAIR	FLAIR	wayfair.com	HTTPS://WWW.WAYFAIR.COM/BRAND/BND/FLAIR-B30662.HTML
COZYKISS	COZYKISS	wayfair.com	HTTPS://WWW.WAYFAIR.COM/BRAND/BND/COZY-KISS-B106892.HTML
COZYLINE	COZYLINEHOMEFASHION	wayfair.com	HTTPS://WWW.WAYFAIR.COM/BRAND/BND/COZY-LINE-HOME-FASHION-B38613.HTML
COZYLINEHOMEFASHIONS	COZYLINEHOMEFASHION	wayfair.com	HTTPS://WWW.WAYFAIR.COM/BRAND/BND/COZY-LINE-HOME-FASHION-B38613.HTML
COZYMAN	COZYMAN	wayfair.com	HTTPS://WWW.WAYFAIR.COM/BRAND/BND/COZYMAN-B84060.HTML
COZYMOOD	COZYMOOD	wayfair.com	HTTPS://WWW.WAYFAIR.COM/BRAND/BND/COZYMOOD-B65230.HTML
COZZYWARE	COZZYDESIGN	wayfair.com	HTTPS://WWW.WAYFAIR.COM/BRAND/BND/COZZY-DESIGN-B53065.HTML
CPINGAO	CPINGAO	wayfair.com	HTTPS://WWW.WAYFAIR.COM/BRAND/BND/CPINGAO-B73511.HTML
CPINGAU	CPINGAO	wayfair.com	HTTPS://WWW.WAYFAIR.COM/BRAND/BND/CPINGAO-B73511.HTML
CPSYUB	CPSYUB	wayfair.com	HTTPS://WWW.WAYFAIR.COM/BRAND/BND/CPSYUB-B64223.HTML
CRAFTANDMAIN	CRAFAIN	wayfair.com	HTTPS://WWW.WAYFAIR.COM/BRAND/BND/CRAFTMAIN-B40569.HTML
CRAFTBUD	CRAFTBUD	wayfair.com	HTTPS://WWW.WAYFAIR.COM/BRAND/BND/CRAFTBUD-B71412.HTML
CRAFTCHIEF	CHEFCRAFT	wayfair.com	HTTPS://WWW.WAYFAIR.COM/BRAND/BND/CHEF-CRAFT-B38883.HTML
CRAFTERSANDWEAVERS	CRAFTERSANDWEAVERS	wayfair.com	HTTPS://WWW.WAYFAIR.COM/BRAND/BND/CRAFTERS-AND-WEAVERS-B84559.HTML
CRAFTLINE	CRAFTLINE	wayfair.com	HTTPS://WWW.WAYFAIR.COM/BRAND/BND/CRAFTLINE-B34711.HTML
CRAFTMAINBYFOREMOST	CRAFAIN	wayfair.com	HTTPS://WWW.WAYFAIR.COM/BRAND/BND/CRAFTMAIN-B40569.HTML
CRAFTMASTER	CRAFASTER	wayfair.com	HTTPS://WWW.WAYFAIR.COM/BRAND/BND/CRAFTMASTER-B2230.HTML
CRAFTMASTERCO	CRAFASTER	wayfair.com	HTTPS://WWW.WAYFAIR.COM/BRAND/BND/CRAFTMASTER-B2230.HTML
CRAFTMASTERMD	CRAFASTER	wayfair.com	HTTPS://WWW.WAYFAIR.COM/BRAND/BND/CRAFTMASTER-B2230.HTML
CRAFTMASTERS	CRAFASTER	wayfair.com	HTTPS://WWW.WAYFAIR.COM/BRAND/BND/CRAFTMASTER-B2230.HTML
CRAFTOUTLET	CRAFTOUTLET	wayfair.com	HTTPS://WWW.WAYFAIR.COM/BRAND/BND/CRAFT-OUTLET-B29700.HTML
CRAFTTRADE	CRAFTTRADE	wayfair.com	HTTPS://WWW.WAYFAIR.COM/BRAND/BND/CRAFT-TRADE-B83534.HTML
CRAFTWAREEST2018QUALITYKITCHEN	CRAFTKITCHEN	wayfair.com	HTTPS://WWW.WAYFAIR.COM/BRAND/BND/CRAFT-KITCHEN-B47570.HTML
CRAIGFRAME	CRAIGFRAMES	wayfair.com	HTTPS://WWW.WAYFAIR.COM/BRAND/BND/CRAIG-FRAMES-INC-B18519.HTML
CRAIGFRAMES	CRAIGFRAMES	wayfair.com	HTTPS://WWW.WAYFAIR.COM/BRAND/BND/CRAIG-FRAMES-INC-B18519.HTML
CRAIGFRMAES	CRAIGFRAMES	wayfair.com	HTTPS://WWW.WAYFAIR.COM/BRAND/BND/CRAIG-FRAMES-INC-B18519.HTML
CRAWDFORDANDBURKE	CRAWFORDBURKE	wayfair.com	HTTPS://WWW.WAYFAIR.COM/BRAND/BND/CRAWFORD-BURKE-B36499.HTML
CRAWFORDANDBURKECOMPANYLIMITED	CRAWFORDBURKE	wayfair.com	HTTPS://WWW.WAYFAIR.COM/BRAND/BND/CRAWFORD-BURKE-B36499.HTML
CRAWFORDBURKE	CRAWFORDBURKE	wayfair.com	HTTPS://WWW.WAYFAIR.COM/BRAND/BND/CRAWFORD-BURKE-B36499.HTML
CRAWFORDBURKEHUNTINGTON	CRAWFORDBURKE	wayfair.com	HTTPS://WWW.WAYFAIR.COM/BRAND/BND/CRAWFORD-BURKE-B36499.HTML
CRAZARTCORPORATION	CRAZARTCORPORATION	wayfair.com	HTTPS://WWW.WAYFAIR.COM/BRAND/BND/CRA-Z-ART-CORPORATION-B24431.HTML
CRAZYMAT	MADMATS	wayfair.com	HTTPS://WWW.WAYFAIR.COM/BRAND/BND/MAD-MATS-B22481.HTML
CRE8TIVEHARDWARE	CRE8TIVEHARDWARE	wayfair.com	HTTPS://WWW.WAYFAIR.COM/BRAND/BND/CRE8TIVE-HARDWARE-B40930.HTML
CREATECH	CREATECH	wayfair.com	HTTPS://WWW.WAYFAIR.COM/BRAND/BND/CREATECH-B2126.HTML
CREATECHY	CREATECH	wayfair.com	HTTPS://WWW.WAYFAIR.COM/BRAND/BND/CREATECH-B2126.HTML
CREATECOMFORT	CREATECOMFORT	wayfair.com	HTTPS://WWW.WAYFAIR.COM/BRAND/BND/CREATE-COMFORT-B81600.HTML
CREATIVEBABY	CREATIVEBABY	wayfair.com	HTTPS://WWW.WAYFAIR.COM/BRAND/BND/CREATIVE-BABY-B19138.HTML
CREATIVEBATH	CREATIVEBATH	wayfair.com	HTTPS://WWW.WAYFAIR.COM/BRAND/BND/CREATIVE-BATH-B20722.HTML
CREATIVEBATHPRODUCTS	CREATIVEBATH	wayfair.com	HTTPS://WWW.WAYFAIR.COM/BRAND/BND/CREATIVE-BATH-B20722.HTML
CREATIVECEDAR	CREATIVECEDARDESIGNS	wayfair.com	HTTPS://WWW.WAYFAIR.COM/BRAND/BND/CREATIVECEDARDESIGNS-B42605.HTML
CREATIVECEDARDESIGN	CREATIVECEDARDESIGNS	wayfair.com	HTTPS://WWW.WAYFAIR.COM/BRAND/BND/CREATIVECEDARDESIGNS-B42605.HTML
CREATIVECEDARDESIGNS	CREATIVECEDARDESIGNS	wayfair.com	HTTPS://WWW.WAYFAIR.COM/BRAND/BND/CREATIVECEDARDESIGNS-B42605.HTML
CREATIVECO	CREATIVECOOP	wayfair.com	HTTPS://WWW.WAYFAIR.COM/BRAND/BND/CREATIVE-CO-OP-B15623.HTML
CREATIVECONVERTING	CREATIVECONVERTING	wayfair.com	HTTPS://WWW.WAYFAIR.COM/BRAND/BND/CREATIVE-CONVERTING-B36604.HTML
CREATIVECONVERTINGB110149	CREATIVECONVERTING	wayfair.com	HTTPS://WWW.WAYFAIR.COM/BRAND/BND/CREATIVE-CONVERTING-B36604.HTML
CREATIVECONVERTINGPARTYCREATIONS	CREATIVECONVERTING	wayfair.com	HTTPS://WWW.WAYFAIR.COM/BRAND/BND/CREATIVE-CONVERTING-B36604.HTML
CREATIVECONVERTINGTOYS	CREATIVECONVERTING	wayfair.com	HTTPS://WWW.WAYFAIR.COM/BRAND/BND/CREATIVE-CONVERTING-B36604.HTML
CREATIVECOOPMETALFRAMEDMIRRORS	CREATIVECOOP	wayfair.com	HTTPS://WWW.WAYFAIR.COM/BRAND/BND/CREATIVE-CO-OP-B15623.HTML
CREATIVEDISPLAYS	CREATIVEDISPLAYS	wayfair.com	HTTPS://WWW.WAYFAIR.COM/BRAND/BND/CREATIVE-DISPLAYS-INC-B21097.HTML
CREATIVEENTRYWAYS	CREATIVEENTRYWAYS	wayfair.com	HTTPS://WWW.WAYFAIR.COM/BRAND/BND/CREATIVEENTRYWAYS-B46309.HTML
CREATIVEFURNITURE	CREATIVEFURNITURE	wayfair.com	HTTPS://WWW.WAYFAIR.COM/BRAND/BND/CREATIVE-FURNITURE-B29311.HTML
CREATIVEGIFTSINTERNATIONAL	CREATIVEGIFTSINTERNATIONAL	wayfair.com	HTTPS://WWW.WAYFAIR.COM/BRAND/BND/CREATIVE-GIFTS-INTERNATIONAL-B35585.HTML
CREATIVEHARDWARE	CRE8TIVEHARDWARE	wayfair.com	HTTPS://WWW.WAYFAIR.COM/BRAND/BND/CRE8TIVE-HARDWARE-B40930.HTML
CREATIVEHARDWOODS	CREATIVEHARDWOODS	wayfair.com	HTTPS://WWW.WAYFAIR.COM/BRAND/BND/CREATIVE-HARDWOODS-B43877.HTML
CREATIVEHOM	CREATIVEHOME	wayfair.com	HTTPS://WWW.WAYFAIR.COM/BRAND/BND/CREATIVE-HOME-B1374.HTML
CREATIVEHOME	CREATIVEHOME	wayfair.com	HTTPS://WWW.WAYFAIR.COM/BRAND/BND/CREATIVE-HOME-B1374.HTML
CREATIVEHOMEANDKITCHEN	CREATIVEHOME	wayfair.com	HTTPS://WWW.WAYFAIR.COM/BRAND/BND/CREATIVE-HOME-B1374.HTML
CREATIVEHOMEIDEAS	CREATIVEHOMEIDEAS	wayfair.com	HTTPS://WWW.WAYFAIR.COM/BRAND/BND/CREATIVE-HOME-IDEAS-B33886.HTML
CREATIVEHOMEKITCHEN	CREATIVEHOME	wayfair.com	HTTPS://WWW.WAYFAIR.COM/BRAND/BND/CREATIVE-HOME-B1374.HTML
CREATIVEOUTDDORDISTRIBUTOR	CREATIVEOUTDOORDISTRIBUTOR	wayfair.com	HTTPS://WWW.WAYFAIR.COM/BRAND/BND/CREATIVE-OUTDOOR-DISTRIBUTOR-B48087.HTML
CREATIVEOUTDOOR	CREATIVEOUTDOORDISTRIBUTOR	wayfair.com	HTTPS://WWW.WAYFAIR.COM/BRAND/BND/CREATIVE-OUTDOOR-DISTRIBUTOR-B48087.HTML
CREATIVEOUTDOORDISTRIBUTEROUTDOO	CREATIVEOUTDOORDISTRIBUTOR	wayfair.com	HTTPS://WWW.WAYFAIR.COM/BRAND/BND/CREATIVE-OUTDOOR-DISTRIBUTOR-B48087.HTML
CREATIVEOUTDOORDISTRIBUTOR	CREATIVEOUTDOORDISTRIBUTOR	wayfair.com	HTTPS://WWW.WAYFAIR.COM/BRAND/BND/CREATIVE-OUTDOOR-DISTRIBUTOR-B48087.HTML
CREATIVEOUTDOORSOLUTIONS	CREATIVEOUTDOORDISTRIBUTOR	wayfair.com	HTTPS://WWW.WAYFAIR.COM/BRAND/BND/CREATIVE-OUTDOOR-DISTRIBUTOR-B48087.HTML
CREATIVEPLAYTHINGS	CREATIVEPLAYTHINGS	wayfair.com	HTTPS://WWW.WAYFAIR.COM/BRAND/BND/CREATIVE-PLAYTHINGS-B1246.HTML
CREATIVESCENTS	CREATIVESCENTS	wayfair.com	HTTPS://WWW.WAYFAIR.COM/BRAND/BND/CREATIVE-SCENTS-B23068.HTML
CREATIVITYHOME	CREATIVEHOME	wayfair.com	HTTPS://WWW.WAYFAIR.COM/BRAND/BND/CREATIVE-HOME-B1374.HTML
CREEKVINEDESIGNS	CREEKVINEDESIGNS	wayfair.com	HTTPS://WWW.WAYFAIR.COM/BRAND/BND/CREEKVINE-DESIGNS-B16264.HTML
CREOLEFEAST	CREOLEFEAST	wayfair.com	HTTPS://WWW.WAYFAIR.COM/BRAND/BND/CREOLE-FEAST-B54910.HTML
CRESCENTGARDEN	CRESCENTGARDEN	wayfair.com	HTTPS://WWW.WAYFAIR.COM/BRAND/BND/CRESCENT-GARDEN-B36321.HTML
CRESTLIVEPRODUCTS	CRESTLIVEPRODUCTS	wayfair.com	HTTPS://WWW.WAYFAIR.COM/BRAND/BND/CRESTLIVE-PRODUCTS-B53696.HTML
CRESTVEIWCOLLECTION	CRESTVIEW	wayfair.com	HTTPS://WWW.WAYFAIR.COM/BRAND/BND/CRESTVIEW-B6974.HTML
CRESTVIEW	CRESTVIEW	wayfair.com	HTTPS://WWW.WAYFAIR.COM/BRAND/BND/CRESTVIEW-B6974.HTML
CRESTVIEWCOLLECTION	CRESTVIEW	wayfair.com	HTTPS://WWW.WAYFAIR.COM/BRAND/BND/CRESTVIEW-B6974.HTML
CRETIVECONVERTING	CREATIVECONVERTING	wayfair.com	HTTPS://WWW.WAYFAIR.COM/BRAND/BND/CREATIVE-CONVERTING-B36604.HTML
CREULT	LECREUSET	wayfair.com	HTTPS://WWW.WAYFAIR.COM/BRAND/BND/LE-CREUSET-B2343.HTML
CREWAXEL	CREWAXEL	wayfair.com	HTTPS://WWW.WAYFAIR.COM/BRAND/BND/CREW-AXEL-B58668.HTML
CRISINANT	LECREUSET	wayfair.com	HTTPS://WWW.WAYFAIR.COM/BRAND/BND/LE-CREUSET-B2343.HTML
CROFY	CROFY	wayfair.com	HTTPS://WWW.WAYFAIR.COM/BRAND/BND/CROFY-B68020.HTML
CROSCILL	CROSCILL	wayfair.com	HTTPS://WWW.WAYFAIR.COM/BRAND/BND/CROSCILL-B84353.HTML
CROSCILLHOME	CROSCILL	wayfair.com	HTTPS://WWW.WAYFAIR.COM/BRAND/BND/CROSCILL-B639.HTML
CROSELYFURNITURE	CROSLEY	wayfair.com	HTTPS://WWW.WAYFAIR.COM/BRAND/BND/CROSLEY-B959.HTML
CROSLEYELECTRONICS	CROSLEYELECTRONICS	wayfair.com	HTTPS://WWW.WAYFAIR.COM/BRAND/BND/CROSLEY-ELECTRONICS-B44211.HTML
CROSLEYFURNITU	CROSLEY	wayfair.com	HTTPS://WWW.WAYFAIR.COM/BRAND/BND/CROSLEY-B959.HTML
CROSLEYFURNITURE	CROSLEY	wayfair.com	HTTPS://WWW.WAYFAIR.COM/BRAND/BND/CROSLEY-B959.HTML
CROSLEYFURNITUREADJUSTABLEHEIGHT	CROSLEY	wayfair.com	HTTPS://WWW.WAYFAIR.COM/BRAND/BND/CROSLEY-B959.HTML
CROSLYFURNITURE	CROSLEY	wayfair.com	HTTPS://WWW.WAYFAIR.COM/BRAND/BND/CROSLEY-B959.HTML
CROWCANYON	CROWCANYONHOME	wayfair.com	HTTPS://WWW.WAYFAIR.COM/BRAND/BND/CROW-CANYON-HOME-B40833.HTML
CROWCANYONHOME	CROWCANYONHOME	wayfair.com	HTTPS://WWW.WAYFAIR.COM/BRAND/BND/CROW-CANYON-HOME-B40833.HTML
CROWNCRAFTSNOJO	CROWNCRAFTS	wayfair.com	HTTPS://WWW.WAYFAIR.COM/BRAND/BND/CROWN-CRAFTS-B2678.HTML
CROWNSHADE	CROWNSHADES	wayfair.com	HTTPS://WWW.WAYFAIR.COM/BRAND/BND/CROWN-SHADES-B76854.HTML
CROWNSHADES	CROWNSHADES	wayfair.com	HTTPS://WWW.WAYFAIR.COM/BRAND/BND/CROWN-SHADES-B76854.HTML
CROWNWALL	CROWNWALL	wayfair.com	HTTPS://WWW.WAYFAIR.COM/BRAND/BND/CROWNWALL-B59453.HTML
CROYDEX	CROYDEX	wayfair.com	HTTPS://WWW.WAYFAIR.COM/BRAND/BND/CROYDEX-B11373.HTML
CRPLASTICPRODUCTS	CRPLASTICPRODUCTS	wayfair.com	HTTPS://WWW.WAYFAIR.COM/BRAND/BND/CR-PLASTIC-PRODUCTS-B24104.HTML
CRYSTALARTGALLERY	CYRG	wayfair.com	HTTPS://WWW.WAYFAIR.COM/BRAND/BND/CYRG-B43898.HTML
CRYSTALIA	CRYSTALIAUSA	wayfair.com	HTTPS://WWW.WAYFAIR.COM/BRAND/BND/CRYSTALIA-USA-B70067.HTML
CRYSTORAMA	CRYSTORAMA	wayfair.com	HTTPS://WWW.WAYFAIR.COM/BRAND/BND/CRYSTORAMA-B2023.HTML
CRYSTORAMALIGHTING	CRYSTORAMA	wayfair.com	HTTPS://WWW.WAYFAIR.COM/BRAND/BND/CRYSTORAMA-B2023.HTML
CSIBATHWARE	CSIBATHWARE	wayfair.com	HTTPS://WWW.WAYFAIR.COM/BRAND/BND/CSI-BATHWARE-B21713.HTML
CSKOCHSYSTEME	CSKOCHSYSTEME	wayfair.com	HTTPS://WWW.WAYFAIR.COM/BRAND/BND/CS-KOCHSYSTEME-B62201.HTML
CSPCOMMERCIALSEATINGPRODUCTS	COMMERCIALSEATINGPRODUCTS	wayfair.com	HTTPS://WWW.WAYFAIR.COM/BRAND/BND/COMMERCIAL-SEATING-PRODUCTS-B19871.HTML
CUBIXOUTDOORS	CUBIXOUTDOORS	wayfair.com	HTTPS://WWW.WAYFAIR.COM/BRAND/BND/CUBIX-OUTDOORS-B85844.HTML
CUCINAPRO	CUCINAPRO	wayfair.com	HTTPS://WWW.WAYFAIR.COM/BRAND/BND/CUCINAPRO-B1079.HTML
CUCINAPROPAVLYSH	CUCINAPRO	wayfair.com	HTTPS://WWW.WAYFAIR.COM/BRAND/BND/CUCINAPRO-B1079.HTML
CUCKOOELECTRONICS	CUCKOOELECTRONICS	wayfair.com	HTTPS://WWW.WAYFAIR.COM/BRAND/BND/CUCKOO-ELECTRONICS-B38210.HTML
CUDDLESCRIBS	CUDDLESCRIBS	wayfair.com	HTTPS://WWW.WAYFAIR.COM/BRAND/BND/CUDDLES-CRIBS-B49726.HTML
CUESTIX	CUESTIX	wayfair.com	HTTPS://WWW.WAYFAIR.COM/BRAND/BND/CUESTIX-B6150.HTML
CUISILAND	CUISILAND	wayfair.com	HTTPS://WWW.WAYFAIR.COM/BRAND/BND/CUISILAND-B47256.HTML
CUISINAID	CUISINART	wayfair.com	HTTPS://WWW.WAYFAIR.COM/BRAND/BND/CUISINART-B2358.HTML
CUISINARTCUIT8	CUISINART	wayfair.com	HTTPS://WWW.WAYFAIR.COM/BRAND/BND/CUISINART-B2358.HTML
CUISINARTOXOLUXDECOR	CUISINART	wayfair.com	HTTPS://WWW.WAYFAIR.COM/BRAND/BND/CUISINART-B2358.HTML
CUISINARTSCORP	CUISINART	wayfair.com	HTTPS://WWW.WAYFAIR.COM/BRAND/BND/CUISINART-B2358.HTML
CUISINARTSTORE	CUISINART	wayfair.com	HTTPS://WWW.WAYFAIR.COM/BRAND/BND/CUISINART-B2358.HTML
CUISINEDGE	CULINARYEDGE	wayfair.com	HTTPS://WWW.WAYFAIR.COM/BRAND/BND/CULINARY-EDGE-B34522.HTML
CUISINOX	CUISINOX	wayfair.com	HTTPS://WWW.WAYFAIR.COM/BRAND/BND/CUISINOX-B2148.HTML
CUISINOXIMPORT	CUISINOX	wayfair.com	HTTPS://WWW.WAYFAIR.COM/BRAND/BND/CUISINOX-B2148.HTML
CUISINSTAR	CUISINART	wayfair.com	HTTPS://WWW.WAYFAIR.COM/BRAND/BND/CUISINART-B2358.HTML
CULDISTRIBUTORS	CULDISTRIBUTORS	wayfair.com	HTTPS://WWW.WAYFAIR.COM/BRAND/BND/CUL-DISTRIBUTORS-B37244.HTML
CULINARYEDGE	CULINARYEDGE	wayfair.com	HTTPS://WWW.WAYFAIR.COM/BRAND/BND/CULINARY-EDGE-B34522.HTML
CUPTURE	CUPTURE	wayfair.com	HTTPS://WWW.WAYFAIR.COM/BRAND/BND/CUPTURE-B56801.HTML
CURONIAN	CURONIAN	wayfair.com	HTTPS://WWW.WAYFAIR.COM/BRAND/BND/CURONIAN-B43320.HTML
CUSIMAX	CUSIMAX	wayfair.com	HTTPS://WWW.WAYFAIR.COM/BRAND/BND/CUSIMAX-B53981.HTML
CUSIMAXCORDIAL	CUSIMAX	wayfair.com	HTTPS://WWW.WAYFAIR.COM/BRAND/BND/CUSIMAX-B53981.HTML
CUSTOMSERVICEHARDWARE	CUSTOMSERVICEHARDWARE	wayfair.com	HTTPS://WWW.WAYFAIR.COM/BRAND/BND/CUSTOM-SERVICE-HARDWARE-B44626.HTML
CUSTOMXEASYWAYPRODUCTS	EASYWAYPRODUCTS	wayfair.com	HTTPS://WWW.WAYFAIR.COM/BRAND/BND/EASY-WAY-PRODUCTS-B36907.HTML
CUZNWATERSYSTEMS	CUZN	wayfair.com	HTTPS://WWW.WAYFAIR.COM/BRAND/BND/CUZN-B16346.HTML
CWIGIFTS	CWIGIFTS	wayfair.com	HTTPS://WWW.WAYFAIR.COM/BRAND/BND/CWI-GIFTS-B46254.HTML
CWIIM	CWIIM	wayfair.com	HTTPS://WWW.WAYFAIR.COM/BRAND/BND/CWIIM-B69593.HTML
CWILIGHTING	CWILIGHTING	wayfair.com	HTTPS://WWW.WAYFAIR.COM/BRAND/BND/CWILIGHTING-B36612.HTML
CYADECOR	CYADECOR	wayfair.com	HTTPS://WWW.WAYFAIR.COM/BRAND/BND/CYA-DECOR-B59174.HTML
CYAN	CYANDESIGN	wayfair.com	HTTPS://WWW.WAYFAIR.COM/BRAND/BND/CYAN-DESIGN-B11071.HTML
CYANDESIGN	CYANDESIGN	wayfair.com	HTTPS://WWW.WAYFAIR.COM/BRAND/BND/CYAN-DESIGN-B11071.HTML
CYANLIGHTING	CYANDESIGN	wayfair.com	HTTPS://WWW.WAYFAIR.COM/BRAND/BND/CYAN-DESIGN-B11071.HTML
CYANLOOPS	CYANDESIGN	wayfair.com	HTTPS://WWW.WAYFAIR.COM/BRAND/BND/CYAN-DESIGN-B11071.HTML
CYANN	CYANDESIGN	wayfair.com	HTTPS://WWW.WAYFAIR.COM/BRAND/BND/CYAN-DESIGN-B11071.HTML
CYANPHOEBE	CYANDESIGN	wayfair.com	HTTPS://WWW.WAYFAIR.COM/BRAND/BND/CYAN-DESIGN-B11071.HTML
CYANRAINTEKITSFUN	CYANDESIGN	wayfair.com	HTTPS://WWW.WAYFAIR.COM/BRAND/BND/CYAN-DESIGN-B11071.HTML
CYOUZHE	COYUCHI	wayfair.com	HTTPS://WWW.WAYFAIR.COM/BRAND/BND/COYUCHI-B3200.HTML
CYPRESSALABASTER	CYPRESSALABASTER	wayfair.com	HTTPS://WWW.WAYFAIR.COM/BRAND/BND/CYPRESS-ALABASTER-B80482.HTML
DABAODAN	BAODAN	wayfair.com	HTTPS://WWW.WAYFAIR.COM/BRAND/BND/BAODAN-B65656.HTML
DACASSO	DACASSO	wayfair.com	HTTPS://WWW.WAYFAIR.COM/BRAND/BND/DACASSO-B2533.HTML
DADABEDDING	DADABEDDING	wayfair.com	HTTPS://WWW.WAYFAIR.COM/BRAND/BND/DADA-BEDDING-B34471.HTML
DADABEDDINGCOLLECTION	DADABEDDING	wayfair.com	HTTPS://WWW.WAYFAIR.COM/BRAND/BND/DADA-BEDDING-B34471.HTML
DAIFEER	DAWEIER	wayfair.com	HTTPS://WWW.WAYFAIR.COM/BRAND/BND/DAWEIER-B42711.HTML
DAINTYHOME	DAINTYHOME	wayfair.com	HTTPS://WWW.WAYFAIR.COM/BRAND/BND/DAINTY-HOME-B24507.HTML
DAINTYHOMES	DAINTYHOME	wayfair.com	HTTPS://WWW.WAYFAIR.COM/BRAND/BND/DAINTY-HOME-B24507.HTML
DAIVACASA	DAIVACASA	wayfair.com	HTTPS://WWW.WAYFAIR.COM/BRAND/BND/DAIVA-CASA-B71600.HTML
DAKODALOVE	DAKODALOVE	wayfair.com	HTTPS://WWW.WAYFAIR.COM/BRAND/BND/DAKODA-LOVE-B51421.HTML
DAKOTA283	DAKOTA283	wayfair.com	HTTPS://WWW.WAYFAIR.COM/BRAND/BND/DAKOTA-283-B43122.HTML
DAKOTAFIELDS	DAKOTAFIELDS	wayfair.com	HTTPS://WWW.WAYFAIR.COM/BRAND/BND/DAKOTA-FIELDS-B55650.HTML
DAKOTATIN	DAKOTATIN	wayfair.com	HTTPS://WWW.WAYFAIR.COM/BRAND/BND/DAKOTA-TIN-B55090.HTML
DALEN	DALENPRODUCTS	wayfair.com	HTTPS://WWW.WAYFAIR.COM/BRAND/BND/DALEN-PRODUCTS-B8970.HTML
DALENPRODUCTS	DALENPRODUCTS	wayfair.com	HTTPS://WWW.WAYFAIR.COM/BRAND/BND/DALEN-PRODUCTS-B8970.HTML
DALISE	DALTILE	wayfair.com	HTTPS://WWW.WAYFAIR.COM/BRAND/BND/DALTILE-B10232.HTML
DALMO	DALMO	wayfair.com	HTTPS://WWW.WAYFAIR.COM/BRAND/BND/DALMO-B84777.HTML/
DALSLIGHTING	DALSLIGHTING	wayfair.com	HTTPS://WWW.WAYFAIR.COM/BRAND/BND/DALSLIGHTING-B42402.HTML
DALTILE	DALTILE	wayfair.com	HTTPS://WWW.WAYFAIR.COM/BRAND/BND/DALTILE-B10232.HTML
DALTILEQEPGEL	DALTILE	wayfair.com	HTTPS://WWW.WAYFAIR.COM/BRAND/BND/DALTILE-B10232.HTML
DANGVIVI	DANGVIVI	wayfair.com	HTTPS://WWW.WAYFAIR.COM/BRAND/BND/DANGVIVI-B86162.HTML
DANIELSBATH	DANIELSBATH	wayfair.com	HTTPS://WWW.WAYFAIR.COM/BRAND/BND/DANIELS-BATH-B37169.HTML
DANIELSBATHBEYOND	DANIELSBATH	wayfair.com	HTTPS://WWW.WAYFAIR.COM/BRAND/BND/DANIELS-BATH-B37169.HTML
DANIELSSBATHANDBEYOND	DANIELSBATH	wayfair.com	HTTPS://WWW.WAYFAIR.COM/BRAND/BND/DANIELS-BATH-B37169.HTML
DANRELAX	DANRELAX	wayfair.com	HTTPS://WWW.WAYFAIR.COM/BRAND/BND/DANRELAX-B97797.HTML
DANSEER	DANSEER	wayfair.com	HTTPS://WWW.WAYFAIR.COM/BRAND/BND/DANSEER-B61386.HTML
DANSK	DANSK	wayfair.com	HTTPS://WWW.WAYFAIR.COM/BRAND/BND/DANSK-B1113.HTML
DARBIEANGELL	DARBIEANGELL	wayfair.com	HTTPS://WWW.WAYFAIR.COM/BRAND/BND/DARBIE-ANGELL-B30291.HTML
DARBY	DARBYHOMECO	wayfair.com	HTTPS://WWW.WAYFAIR.COM/BRAND/BND/DARBY-HOME-CO-B36984.HTML
DARBYCO	DARBYHOMECO	wayfair.com	HTTPS://WWW.WAYFAIR.COM/BRAND/BND/DARBY-HOME-CO-B36984.HTML
DARBYHOME	DARBYHOMECO	wayfair.com	HTTPS://WWW.WAYFAIR.COM/BRAND/BND/DARBY-HOME-CO-B36984.HTML
DARBYHOMECO	DARBYHOMECO	wayfair.com	HTTPS://WWW.WAYFAIR.COM/BRAND/BND/DARBY-HOME-CO-B36984.HTML
DARBYHOMECOMPANY	DARBYHOMECO	wayfair.com	HTTPS://WWW.WAYFAIR.COM/BRAND/BND/DARBY-HOME-CO-B36984.HTML
DARBYMIDCENTURY	DARBYHOMECO	wayfair.com	HTTPS://WWW.WAYFAIR.COM/BRAND/BND/DARBY-HOME-CO-B36984.HTML
DARLASTUDIO66	DARLASSTUDIO66	wayfair.com	HTTPS://WWW.WAYFAIR.COM/BRAND/BND/DARLAS-STUDIO-66-B60721.HTML
DARLEE	DARLEE	wayfair.com	HTTPS://WWW.WAYFAIR.COM/BRAND/BND/DARLEE-B31356.HTML
DARNBALY	DARBYHOMECO	wayfair.com	HTTPS://WWW.WAYFAIR.COM/BRAND/BND/DARBY-HOME-CO-B36984.HTML
DAROMA	DAROMA	wayfair.com	HTTPS://WWW.WAYFAIR.COM/BRAND/BND/DAROMA-B58629.HTML
DARTEFAX	DARTEFAX	wayfair.com	HTTPS://WWW.WAYFAIR.COM/BRAND/BND/DARTEFAX-B37841.HTML
DARTWOOD	DARTWOOD	wayfair.com	HTTPS://WWW.WAYFAIR.COM/BRAND/BND/DARTWOOD-B71325.HTML
DASHALBERT	DASHANDALBERTRUGS	wayfair.com	HTTPS://WWW.WAYFAIR.COM/BRAND/BND/DASH-AND-ALBERT-RUGS-B7582.HTML
DASHANDALBERTRUGCOMPANY	DASHANDALBERTRUGS	wayfair.com	HTTPS://WWW.WAYFAIR.COM/BRAND/BND/DASH-AND-ALBERT-RUGS-B7582.HTML
DATILE	DALTILE	wayfair.com	HTTPS://WWW.WAYFAIR.COM/BRAND/BND/DALTILE-B10232.HTML
DATUMSTORAGE	DATUMSTORAGE	wayfair.com	HTTPS://WWW.WAYFAIR.COM/BRAND/BND/DATUM-STORAGE-B29745.HTML
DAVIDFRANCISALDEN	DAVIDFRANCISFURNITURE	wayfair.com	HTTPS://WWW.WAYFAIR.COM/BRAND/BND/DAVID-FRANCIS-FURNITURE-B16880.HTML
DAVIDFRANCISFURNITURE	DAVIDFRANCISFURNITURE	wayfair.com	HTTPS://WWW.WAYFAIR.COM/BRAND/BND/DAVID-FRANCIS-FURNITURE-B16880.HTML
DAVIDSHAWSILVERWARE	DAVIDSHAWSILVERWARE	wayfair.com	HTTPS://WWW.WAYFAIR.COM/BRAND/BND/DAVID-SHAW-SILVERWARE-B10176.HTML
DAVIDSHAWSILVERWARENALTD	DAVIDSHAWSILVERWARE	wayfair.com	HTTPS://WWW.WAYFAIR.COM/BRAND/BND/DAVID-SHAW-SILVERWARE-B10176.HTML
DAVIDSHAWTABLEWAREANDSILVERWARE	DAVIDSHAWSILVERWARE	wayfair.com	HTTPS://WWW.WAYFAIR.COM/BRAND/BND/DAVID-SHAW-SILVERWARE-B10176.HTML
DAVINCIARLOCARTERS	CARTERSBYDAVINCI	wayfair.com	HTTPS://WWW.WAYFAIR.COM/BRAND/BND/CARTERS-BY-DAVINCI-B44425.HTML
DAVINCICARTERS	CARTERSBYDAVINCI	wayfair.com	HTTPS://WWW.WAYFAIR.COM/BRAND/BND/CARTERS-BY-DAVINCI-B44425.HTML
DAVIVY	DAVIVY	wayfair.com	HTTPS://WWW.WAYFAIR.COM/BRAND/BND/DAVIVY-B68287.HTML
DAWEIER	DAWEIER	wayfair.com	HTTPS://WWW.WAYFAIR.COM/BRAND/BND/DAWEIER-B42711.HTML
DAWNKITCHENBATHPRODUCTS	DAWNUSA	wayfair.com	HTTPS://WWW.WAYFAIR.COM/BRAND/BND/DAWN-USA-B36409.HTML
DAWNUSA	DAWNUSA	wayfair.com	HTTPS://WWW.WAYFAIR.COM/BRAND/BND/DAWN-USA-B36409.HTML
DAYAGO	DAYAGO	wayfair.com	HTTPS://WWW.WAYFAIR.COM/BRAND/BND/DAYAGO-B101077.HTML
DAYLIGHTCOMPANY	DAYLIGHTCOMPANY	wayfair.com	HTTPS://WWW.WAYFAIR.COM/BRAND/BND/DAYLIGHT-COMPANY-B18428.HTML
DAYMOONDESIGNS	DAYMOONDESIGNS	wayfair.com	HTTPS://WWW.WAYFAIR.COM/BRAND/BND/DAY-MOON-DESIGNS-B69642.HTML
DAYTEK	DAYTEK	wayfair.com	HTTPS://WWW.WAYFAIR.COM/BRAND/BND/DAYTEK-B67076.HTML
DAYYET	DAYYET	wayfair.com	HTTPS://WWW.WAYFAIR.COM/BRAND/BND/DAYYET-B59371.HTML
DAZONE	DAZONE	wayfair.com	HTTPS://WWW.WAYFAIR.COM/BRAND/BND/DAZONE-B49972.HTML
DBTECH	DBTECH	wayfair.com	HTTPS://WWW.WAYFAIR.COM/BRAND/BND/DBTECH-B58446.HTML
DCAMERICAWHSE	DCAMERICA	wayfair.com	HTTPS://WWW.WAYFAIR.COM/BRAND/BND/DC-AMERICA-B10809.HTML
DCFIX	DCFIX	wayfair.com	HTTPS://WWW.WAYFAIR.COM/BRAND/BND/D-C-FIX-B45411.HTML
DCOR	DCORDESIGN	wayfair.com	HTTPS://WWW.WAYFAIR.COM/BRAND/BND/DCOR-DESIGN-B33800.HTML
DCORDESIGN	DCORDESIGN	wayfair.com	HTTPS://WWW.WAYFAIR.COM/BRAND/BND/DCOR-DESIGN-B33800.HTML
DCORGRATES	DCORDESIGN	wayfair.com	HTTPS://WWW.WAYFAIR.COM/BRAND/BND/DCOR-DESIGN-B33800.HTML
DCORWOW	DCORDESIGN	wayfair.com	HTTPS://WWW.WAYFAIR.COM/BRAND/BND/DCOR-DESIGN-B33800.HTML
DEABEVN	DEBUYER	wayfair.com	HTTPS://WWW.WAYFAIR.COM/BRAND/BND/DE-BUYER-B38196.HTML
DEABUY	DEBUYER	wayfair.com	HTTPS://WWW.WAYFAIR.COM/BRAND/BND/DE-BUYER-B38196.HTML
DEAGO	DEAGO	wayfair.com	HTTPS://WWW.WAYFAIR.COM/BRAND/BND/DEAGO-B82857.HTML
DEARLOMOM	DEARLOMUM	wayfair.com	HTTPS://WWW.WAYFAIR.COM/BRAND/BND/DEARLOMUM-B97293.HTML
DEARLOMUM	DEARLOMUM	wayfair.com	HTTPS://WWW.WAYFAIR.COM/BRAND/BND/DEARLOMUM-B97293.HTML
DECASSO	DACASSO	wayfair.com	HTTPS://WWW.WAYFAIR.COM/BRAND/BND/DACASSO-B2533.HTML
DECKIMPRESSIONS	DECKIMPRESSIONS	wayfair.com	HTTPS://WWW.WAYFAIR.COM/BRAND/BND/DECKIMPRESSIONS-B45701.HTML
DECKTHEDOORDECOR	DECKTHEDOORDECOR	wayfair.com	HTTPS://WWW.WAYFAIR.COM/BRAND/BND/DECK-THE-DOOR-DECOR-B83163.HTML
DECLOV	DECOLAV	wayfair.com	HTTPS://WWW.WAYFAIR.COM/BRAND/BND/DECOLAV-B973.HTML
DECOCHEF	DECOCHEF	wayfair.com	HTTPS://WWW.WAYFAIR.COM/BRAND/BND/DECO-CHEF-B54399.HTML
DECOESSENTIALS	DECOESSENTIALS	wayfair.com	HTTPS://WWW.WAYFAIR.COM/BRAND/BND/DECO-ESSENTIALS-B87466.HTML
DECOFY	DECOFY	wayfair.com	HTTPS://WWW.WAYFAIR.COM/BRAND/BND/DECOFY-B101000.HTML
DECOHOME	DECOHOME	wayfair.com	HTTPS://WWW.WAYFAIR.COM/BRAND/BND/DECO-HOME-B58880.HTML
DECOLAV	DECOLAV	wayfair.com	HTTPS://WWW.WAYFAIR.COM/BRAND/BND/DECOLAV-B973.HTML
DECOLUSH	DECOLAV	wayfair.com	HTTPS://WWW.WAYFAIR.COM/BRAND/BND/DECOLAV-B973.HTML
DECOMALL	DECOMALL	wayfair.com	HTTPS://WWW.WAYFAIR.COM/BRAND/BND/DECOMALL-B80787.HTML
DECOMFY	DECOFY	wayfair.com	HTTPS://WWW.WAYFAIR.COM/BRAND/BND/DECOFY-B101000.HTML
DECOMIL	DECOMIL	wayfair.com	HTTPS://WWW.WAYFAIR.COM/BRAND/BND/DECOMIL-B52856.HTML
DECOMOMO	DECOMOMO	wayfair.com	HTTPS://WWW.WAYFAIR.COM/BRAND/BND/DECOMOMO-B60797.HTML
DECOMUST	DECOMUST	wayfair.com	HTTPS://WWW.WAYFAIR.COM/BRAND/BND/DECOMUST-B43287.HTML
DECOPOM	DECOPOM	wayfair.com	HTTPS://WWW.WAYFAIR.COM/BRAND/BND/DECOPOM-B87774.HTML
DECORAPORT	DECORAPORT	wayfair.com	HTTPS://WWW.WAYFAIR.COM/BRAND/BND/DECORAPORT-B47878.HTML
DECORIS	DECORIS	wayfair.com	HTTPS://WWW.WAYFAIR.COM/BRAND/BND/DECORIS-B53713.HTML
DECORMAN	DEKORMAN	wayfair.com	HTTPS://WWW.WAYFAIR.COM/BRAND/BND/DEKORMAN-B44963.HTML
DECORNBEYOND	ESSENTIALDECORBEYOND	wayfair.com	HTTPS://WWW.WAYFAIR.COM/BRAND/BND/ESSENTIAL-DECOR-BEYOND-B20180.HTML
DECOROTIKA	DECOROTIKA	wayfair.com	HTTPS://WWW.WAYFAIR.COM/BRAND/BND/DECOROTIKA-B45743.HTML
DECOROTIKAUSA	DECOROTIKA	wayfair.com	HTTPS://WWW.WAYFAIR.COM/BRAND/BND/DECOROTIKA-B45743.HTML
DECORSHORE	DECORSHORE	wayfair.com	HTTPS://WWW.WAYFAIR.COM/BRAND/BND/DECORSHORE-B42336.HTML
DECORTHERAPY	DECORTHERAPY	wayfair.com	HTTPS://WWW.WAYFAIR.COM/BRAND/BND/DECOR-THERAPY-B21072.HTML
DECORTILES	DECORTILES	wayfair.com	HTTPS://WWW.WAYFAIR.COM/BRAND/BND/DECORTILES-B53207.HTML
DECORWONDERLAND	DECORWONDERLAND	wayfair.com	HTTPS://WWW.WAYFAIR.COM/BRAND/BND/DECOR-WONDERLAND-B6244.HTML
DECORWORKS	DECORWORKS	wayfair.com	HTTPS://WWW.WAYFAIR.COM/BRAND/BND/DECOR-WORKS-B98039.HTML
DECOTEAK	DECOTEAK	wayfair.com	HTTPS://WWW.WAYFAIR.COM/BRAND/BND/DECOTEAK-B20390.HTML
DECOWAY	DECOWAY	wayfair.com	HTTPS://WWW.WAYFAIR.COM/BRAND/BND/DECOWAY-B66678.HTML
DECOWINDOW	DECOWINDOW	wayfair.com	HTTPS://WWW.WAYFAIR.COM/BRAND/BND/DECO-WINDOW-B54983.HTML
DECOWINDOWCOMPLETEWINDOWSOLUTION	DECOWINDOW	wayfair.com	HTTPS://WWW.WAYFAIR.COM/BRAND/BND/DECO-WINDOW-B54983.HTML
DECOZEN	DECOZEN	wayfair.com	HTTPS://WWW.WAYFAIR.COM/BRAND/BND/DECOZEN-B54927.HTML
DECOZION	DECOZEN	wayfair.com	HTTPS://WWW.WAYFAIR.COM/BRAND/BND/DECOZEN-B54927.HTML
DEEBRENY	DEBUYER	wayfair.com	HTTPS://WWW.WAYFAIR.COM/BRAND/BND/DE-BUYER-B38196.HTML
DEECOCONSUMERPRODUCTS	DEECO	wayfair.com	HTTPS://WWW.WAYFAIR.COM/BRAND/BND/DEECO-B1766.HTML
DEEDEAR	DEBUYER	wayfair.com	HTTPS://WWW.WAYFAIR.COM/BRAND/BND/DE-BUYER-B38196.HTML
DEEMARR	BUYDEEM	wayfair.com	HTTPS://WWW.WAYFAIR.COM/BRAND/BND/BUYDEEM-B65037.HTML
DEERINGMOMENTS	DEERINGMOMENTS	wayfair.com	HTTPS://WWW.WAYFAIR.COM/BRAND/BND/DEERING-MOMENTS-B58549.HTML
DEERPARKIRONWORKS	DEERPARKIRONWORKS	wayfair.com	HTTPS://WWW.WAYFAIR.COM/BRAND/BND/DEER-PARK-IRONWORKS-B3683.HTML
DEERTALK	DEERTALK	wayfair.com	HTTPS://WWW.WAYFAIR.COM/BRAND/BND/DEERTALK-B110312.HTML
DEFUAUKE	DEBUYER	wayfair.com	HTTPS://WWW.WAYFAIR.COM/BRAND/BND/DE-BUYER-B38196.HTML
DEGOL	DEGOL	wayfair.com	HTTPS://WWW.WAYFAIR.COM/BRAND/BND/DEGOL-B58247.HTML
DEHAEFL	DEBUYER	wayfair.com	HTTPS://WWW.WAYFAIR.COM/BRAND/BND/DE-BUYER-B38196.HTML
DEHYBER	DEBUYER	wayfair.com	HTTPS://WWW.WAYFAIR.COM/BRAND/BND/DE-BUYER-B38196.HTML
DEIMIT	BUYDEEM	wayfair.com	HTTPS://WWW.WAYFAIR.COM/BRAND/BND/BUYDEEM-B65037.HTML
DEISS	DEISS	wayfair.com	HTTPS://WWW.WAYFAIR.COM/BRAND/BND/DEISS-B71400.HTML
DEKOLIVING	DEKOLIVING	wayfair.com	HTTPS://WWW.WAYFAIR.COM/BRAND/BND/DEKO-LIVING-B82832.HTML
DEKORMAN	DEKORMAN	wayfair.com	HTTPS://WWW.WAYFAIR.COM/BRAND/BND/DEKORMAN-B44963.HTML
DEKORRA	DEKORRAPRODUCTS	wayfair.com	HTTPS://WWW.WAYFAIR.COM/BRAND/BND/DEKORRA-PRODUCTS-B39816.HTML
DEKORRAPRODUCTS	DEKORRAPRODUCTS	wayfair.com	HTTPS://WWW.WAYFAIR.COM/BRAND/BND/DEKORRA-PRODUCTS-B39816.HTML
DEKYHOME	DECOHOME	wayfair.com	HTTPS://WWW.WAYFAIR.COM/BRAND/BND/DECO-HOME-B58880.HTML
DELANEYDESIGNERSERIES	DELANEYHARDWARE	wayfair.com	HTTPS://WWW.WAYFAIR.COM/BRAND/BND/DELANEY-HARDWARE-B38543.HTML
DELANEYHARDWARE	DELANEYHARDWARE	wayfair.com	HTTPS://WWW.WAYFAIR.COM/BRAND/BND/DELANEY-HARDWARE-B38543.HTML
DELANSHI	DELONGHI	wayfair.com	HTTPS://WWW.WAYFAIR.COM/BRAND/BND/DELONGHI-B1108.HTML
DELARA	DELARA	wayfair.com	HTTPS://WWW.WAYFAIR.COM/BRAND/BND/DELARA-B68292.HTML
DELEONCOLLECTION	DELEONCOLLECTIONS	wayfair.com	HTTPS://WWW.WAYFAIR.COM/BRAND/BND/DE-LEON-COLLECTIONS-B43580.HTML
DELEONCOLLECTIONS	DELEONCOLLECTIONS	wayfair.com	HTTPS://WWW.WAYFAIR.COM/BRAND/BND/DE-LEON-COLLECTIONS-B43580.HTML
DELHUTSON	DELHUTSONDESIGNS	wayfair.com	HTTPS://WWW.WAYFAIR.COM/BRAND/BND/DELHUTSONDESIGNS-B42494.HTML
DELHUTSONDESIGNS	DELHUTSONDESIGNS	wayfair.com	HTTPS://WWW.WAYFAIR.COM/BRAND/BND/DELHUTSONDESIGNS-B42494.HTML
DELHUTSONSDESIGNS	DELHUTSONDESIGNS	wayfair.com	HTTPS://WWW.WAYFAIR.COM/BRAND/BND/DELHUTSONDESIGNS-B42494.HTML
DELLONO	DELONGHI	wayfair.com	HTTPS://WWW.WAYFAIR.COM/BRAND/BND/DELONGHI-B1108.HTML
DELONI	DELONGHI	wayfair.com	HTTPS://WWW.WAYFAIR.COM/BRAND/BND/DELONGHI-B1108.HTML
DELTA2CHILDREN	DELTACHILDREN	wayfair.com	HTTPS://WWW.WAYFAIR.COM/BRAND/BND/DELTA-CHILDREN-B815.HTML
DELTABATHING	DELTA	wayfair.com	HTTPS://WWW.WAYFAIR.COM/BRAND/BND/DELTA-B818.HTML
DELTABATHINGSYSTEM	DELTA	wayfair.com	HTTPS://WWW.WAYFAIR.COM/BRAND/BND/DELTA-B818.HTML
DELTACHILDREN	DELTACHILDREN	wayfair.com	HTTPS://WWW.WAYFAIR.COM/BRAND/BND/DELTA-CHILDREN-B815.HTML
DELTACHILDRENP	DELTACHILDREN	wayfair.com	HTTPS://WWW.WAYFAIR.COM/BRAND/BND/DELTA-CHILDREN-B815.HTML
DELTACHILDRENS	DELTACHILDREN	wayfair.com	HTTPS://WWW.WAYFAIR.COM/BRAND/BND/DELTA-CHILDREN-B815.HTML
DELTACHILDRENSPRODUCTS	DELTACHILDREN	wayfair.com	HTTPS://WWW.WAYFAIR.COM/BRAND/BND/DELTA-CHILDREN-B815.HTML
DELTAFAUCET	DELTA	wayfair.com	HTTPS://WWW.WAYFAIR.COM/BRAND/BND/DELTA-B818.HTML
DELTAFAUCETCO	DELTA	wayfair.com	HTTPS://WWW.WAYFAIR.COM/BRAND/BND/DELTA-B818.HTML
DELTAFAUCETCOMPANY	DELTA	wayfair.com	HTTPS://WWW.WAYFAIR.COM/BRAND/BND/DELTA-B818.HTML
DELTAFAUCETCOQ	DELTA	wayfair.com	HTTPS://WWW.WAYFAIR.COM/BRAND/BND/DELTA-B818.HTML
DELTAFAUCETS	DELTA	wayfair.com	HTTPS://WWW.WAYFAIR.COM/BRAND/BND/DELTA-B818.HTML
DELTAHOUSEWARE	DELTA	wayfair.com	HTTPS://WWW.WAYFAIR.COM/BRAND/BND/DELTA-B818.HTML
DELUXECOMFORT	DELUXECOMFORT	wayfair.com	HTTPS://WWW.WAYFAIR.COM/BRAND/BND/DELUXE-COMFORT-B8518.HTML
DELUXELIVING	DELUXELIVING	wayfair.com	HTTPS://WWW.WAYFAIR.COM/BRAND/BND/DELUXE-LIVING-B86121.HTML
DEMDACO	DEMDACO	wayfair.com	HTTPS://WWW.WAYFAIR.COM/BRAND/BND/DEMDACO-B30984.HTML
DEMDACOHOME	DEMDACO	wayfair.com	HTTPS://WWW.WAYFAIR.COM/BRAND/BND/DEMDACO-B30984.HTML
DEMEYERE	DEMEYERE	wayfair.com	HTTPS://WWW.WAYFAIR.COM/BRAND/BND/DEMEYERE-B814.HTML
DEMULLER	DEMULLER	wayfair.com	HTTPS://WWW.WAYFAIR.COM/BRAND/BND/DEMULLER-B97930.HTML
DENALIHOMECOLLECTION	DENALI	wayfair.com	HTTPS://WWW.WAYFAIR.COM/BRAND/BND/DENALI-B23455.HTML
DENBY	DENBY	wayfair.com	HTTPS://WWW.WAYFAIR.COM/BRAND/BND/DENBY-B1515.HTML
DENJACO	DEMDACO	wayfair.com	HTTPS://WWW.WAYFAIR.COM/BRAND/BND/DEMDACO-B30984.HTML
DENY	DENYDESIGNS	wayfair.com	HTTPS://WWW.WAYFAIR.COM/BRAND/BND/DENY-DESIGNS-B18917.HTML
DENYDESIGNS	DENYDESIGNS	wayfair.com	HTTPS://WWW.WAYFAIR.COM/BRAND/BND/DENY-DESIGNS-B18917.HTML
DENYDESIGNSBABY	DENYDESIGNS	wayfair.com	HTTPS://WWW.WAYFAIR.COM/BRAND/BND/DENY-DESIGNS-B18917.HTML
DERENGGE	DERENGGE	wayfair.com	HTTPS://WWW.WAYFAIR.COM/BRAND/BND/DERENGGE-B60507.HTML
DESERTSTEEL	DESERTSTEEL	wayfair.com	HTTPS://WWW.WAYFAIR.COM/BRAND/BND/DESERT-STEEL-B24703.HTML
DESIGNADARTS	DESIGNART	wayfair.com	HTTPS://WWW.WAYFAIR.COM/BRAND/BND/DESIGNART-B38030.HTML
DESIGNBYAKRO	DESIGNBYAKRO	wayfair.com	HTTPS://WWW.WAYFAIR.COM/BRAND/BND/DESIGN-BY-AKRO-B6824.HTML
DESIGNBYASHLEY	SIGNATUREDESIGNBYASHLEY	wayfair.com	HTTPS://WWW.WAYFAIR.COM/BRAND/BND/SIGNATURE-DESIGN-BY-ASHLEY-B2668.HTML
DESIGNDUA	DESIGNDUA	wayfair.com	HTTPS://WWW.WAYFAIR.COM/BRAND/BND/DESIGN-DUA-B67363.HTML
DESIGNEGALLERIE	DESIGNGALLERIE	wayfair.com	HTTPS://WWW.WAYFAIR.COM/BRAND/BND/DESIGN-GALLERIE-B49489.HTML
DESIGNELEMENTS	ELEMENTSOFDESIGN	wayfair.com	HTTPS://WWW.WAYFAIR.COM/BRAND/BND/ELEMENTS-OF-DESIGN-B4780.HTML
DESIGNERFOUNTAIN	DESIGNERSFOUNTAIN	wayfair.com	HTTPS://WWW.WAYFAIR.COM/BRAND/BND/DESIGNERS-FOUNTAIN-B6286.HTML
DESIGNERSEDGE	DESIGNERSEDGE	wayfair.com	HTTPS://WWW.WAYFAIR.COM/BRAND/BND/DESIGNERS-EDGE-B12288.HTML
DESIGNERSFOUNTAIN	DESIGNERSFOUNTAIN	wayfair.com	HTTPS://WWW.WAYFAIR.COM/BRAND/BND/DESIGNERS-FOUNTAIN-B6286.HTML
DESIGNGUILD	DESIGNGUILD	wayfair.com	HTTPS://WWW.WAYFAIR.COM/BRAND/BND/DESIGN-GUILD-B41241.HTML
DESIGNHOUSE531723WYNDHAMREADYTO	DESIGNHOUSE	wayfair.com	HTTPS://WWW.WAYFAIR.COM/BRAND/BND/DESIGN-HOUSE-B17218.HTML
DESIGNHOUSE531988CLAREMONTREADY	DESIGNHOUSE	wayfair.com	HTTPS://WWW.WAYFAIR.COM/BRAND/BND/DESIGN-HOUSE-B17218.HTML
DESIGNHOUSEDHI	DESIGNHOUSE	wayfair.com	HTTPS://WWW.WAYFAIR.COM/BRAND/BND/DESIGN-HOUSE-B17218.HTML
DESIGNIMPORT	DESIGNIMPORTS	wayfair.com	HTTPS://WWW.WAYFAIR.COM/BRAND/BND/DESIGN-IMPORTS-B11901.HTML
DESIGNIMPORTS	DESIGNIMPORTS	wayfair.com	HTTPS://WWW.WAYFAIR.COM/BRAND/BND/DESIGN-IMPORTS-B11901.HTML
DESIGNIMPORTSINDIA	DESIGNIMPORTS	wayfair.com	HTTPS://WWW.WAYFAIR.COM/BRAND/BND/DESIGN-IMPORTS-B11901.HTML
DESIGNOCRACY	DESIGNOCRACY	wayfair.com	HTTPS://WWW.WAYFAIR.COM/BRAND/BND/DESIGNOCRACY-B47228.HTML
DESIGNOVATION	DSOV	wayfair.com	HTTPS://WWW.WAYFAIR.COM/BRAND/BND/DSOV-B43279.HTML
DESIGNSBYMARBLECRAFTERS	DESIGNSBYMARBLECRAFTERS	wayfair.com	HTTPS://WWW.WAYFAIR.COM/BRAND/BND/DESIGNS-BY-MARBLE-CRAFTERS-B20430.HTML
DESIGNSDIRECT	DESIGNSDIRECTCREATIVEGROUP	wayfair.com	HTTPS://WWW.WAYFAIR.COM/BRAND/BND/DESIGNS-DIRECT-CREATIVE-GROUP-B44377.HTML
DESIGNSOFDISTINCTION	DESIGNSOFDISTINCTIONFURNITUREFINDINGS	wayfair.com	HTTPS://WWW.WAYFAIR.COM/BRAND/BND/DESIGNS-OF-DISTINCTION-FURNITURE-FINDINGS-B66335.HTML
DESIGNTASCANO	DESIGNTOSCANO	wayfair.com	HTTPS://WWW.WAYFAIR.COM/BRAND/BND/DESIGN-TOSCANO-B10626.HTML
DESIGNTOSCANO	DESIGNTOSCANO	wayfair.com	HTTPS://WWW.WAYFAIR.COM/BRAND/BND/DESIGN-TOSCANO-B10626.HTML
DESIGNTREEHOME	DESIGNTREEHOME	wayfair.com	HTTPS://WWW.WAYFAIR.COM/BRAND/BND/DESIGN-TREE-HOME-B36404.HTML
DESMAGROUP	DESMAGROUP	wayfair.com	HTTPS://WWW.WAYFAIR.COM/BRAND/BND/DESMA-GROUP-INC-B54961.HTML
DESWAN	DESWAN	wayfair.com	HTTPS://WWW.WAYFAIR.COM/BRAND/BND/DESWAN-B50293.HTML
DEVAISE	DEVAISE	wayfair.com	HTTPS://WWW.WAYFAIR.COM/BRAND/BND/DEVAISE-B49114.HTML
DEVION	DEVIONFURNITURE	wayfair.com	HTTPS://WWW.WAYFAIR.COM/BRAND/BND/DEVION-FURNITURE-B54773.HTML
DEVIONFURNITURE	DEVIONFURNITURE	wayfair.com	HTTPS://WWW.WAYFAIR.COM/BRAND/BND/DEVION-FURNITURE-B54773.HTML
DEVOKO	DEVOKO	wayfair.com	HTTPS://WWW.WAYFAIR.COM/BRAND/BND/DEVOKO-B54110.HTML
DEWENEILS	DEWENWILS	wayfair.com	HTTPS://WWW.WAYFAIR.COM/BRAND/BND/DEWENWILS-B56686.HTML
DEWENWILS	DEWENWILS	wayfair.com	HTTPS://WWW.WAYFAIR.COM/BRAND/BND/DEWENWILS-B56686.HTML
DEWITTCOMPANY	DEWITTCOMPANY	wayfair.com	HTTPS://WWW.WAYFAIR.COM/BRAND/BND/DEWITT-COMPANY-INC-B70120.HTML
DEWITTCOMPANYP	DEWITTCOMPANY	wayfair.com	HTTPS://WWW.WAYFAIR.COM/BRAND/BND/DEWITT-COMPANY-INC-B70120.HTML
DEXSA	DEXSA	wayfair.com	HTTPS://WWW.WAYFAIR.COM/BRAND/BND/DEXSA-B40270.HTML
DEXTRA	DEXTRA	wayfair.com	HTTPS://WWW.WAYFAIR.COM/BRAND/BND/DEXTRA-B80514.HTML
DEZHIER	DEBUYER	wayfair.com	HTTPS://WWW.WAYFAIR.COM/BRAND/BND/DE-BUYER-B38196.HTML
DFOMER	DFOMER	wayfair.com	HTTPS://WWW.WAYFAIR.COM/BRAND/BND/DFOMER-B40349.HTML
DGCASA	DGCASA	wayfair.com	HTTPS://WWW.WAYFAIR.COM/BRAND/BND/DG-CASA-B7992.HTML
DHP	DHP	wayfair.com	HTTPS://WWW.WAYFAIR.COM/BRAND/BND/DHP-B7652.HTML
DIAGONADESIGNS	DIAGONADESIGNS	wayfair.com	HTTPS://WWW.WAYFAIR.COM/BRAND/BND/DIAGONA-DESIGNS-B36122.HTML
DIALCORP	LIQUIDDIAL	wayfair.com	HTTPS://WWW.WAYFAIR.COM/BRAND/BND/LIQUID-DIAL-B7508.HTML
DIAMONDSOFA	DIAMONDSOFA	wayfair.com	HTTPS://WWW.WAYFAIR.COM/BRAND/BND/DIAMOND-SOFA-B5882.HTML
DIANJOYHOME	IENJOYHOME	wayfair.com	HTTPS://WWW.WAYFAIR.COM/BRAND/BND/IENJOY-HOME-B31745.HTML
DIANOCHE	DIANOCHEDESIGNS	wayfair.com	HTTPS://WWW.WAYFAIR.COM/BRAND/BND/DIANOCHEDESIGNS-B39357.HTML
DIANOCHEDESIGNS	DIANOCHEDESIGNS	wayfair.com	HTTPS://WWW.WAYFAIR.COM/BRAND/BND/DIANOCHEDESIGNS-B39357.HTML
DIAPERGENIE	DIAPERGENIE	wayfair.com	HTTPS://WWW.WAYFAIR.COM/BRAND/BND/DIAPER-GENIE-B97775.HTML
DICKMARTINSPORTS	DICKMARTINSPORTS	wayfair.com	HTTPS://WWW.WAYFAIR.COM/BRAND/BND/DICK-MARTIN-SPORTS-B9345.HTML
DICOFUN	DICOFUN	wayfair.com	HTTPS://WWW.WAYFAIR.COM/BRAND/BND/DICOFUN-B73244.HTML
DICOYA	DICOYA	wayfair.com	HTTPS://WWW.WAYFAIR.COM/BRAND/BND/DICOYA-B59666.HTML
DICTAC	DICTAC	wayfair.com	HTTPS://WWW.WAYFAIR.COM/BRAND/BND/DICTAC-B64539.HTML
DIGGIN	DIGGIN	wayfair.com	HTTPS://WWW.WAYFAIR.COM/BRAND/BND/DIGGIN-B39586.HTML
DIIDESIGNIMPORTS	DESIGNIMPORTS	wayfair.com	HTTPS://WWW.WAYFAIR.COM/BRAND/BND/DESIGN-IMPORTS-B11901.HTML
DIMARGARDEN	DIMARGARDEN	wayfair.com	HTTPS://WWW.WAYFAIR.COM/BRAND/BND/DIMAR-GARDEN-B56119.HTML
DIMEX	DIMEX	wayfair.com	HTTPS://WWW.WAYFAIR.COM/BRAND/BND/DIMEX-B30762.HTML
DIMEXCORP	DIMEXCORPORATION	wayfair.com	HTTPS://WWW.WAYFAIR.COM/BRAND/BND/DIMEX-CORPORATION-B73575.HTML
DIMLEX	DIMPLEX	wayfair.com	HTTPS://WWW.WAYFAIR.COM/BRAND/BND/DIMPLEX-B458.HTML
DIMPLEX	DIMPLEX	wayfair.com	HTTPS://WWW.WAYFAIR.COM/BRAND/BND/DIMPLEX-B458.HTML
DINDIRI	DINDIRI	wayfair.com	HTTPS://WWW.WAYFAIR.COM/BRAND/BND/DINDIRI-B95556.HTML
DIRECTEXPORT	DIRECTEXPORTCOMPANY	wayfair.com	HTTPS://WWW.WAYFAIR.COM/BRAND/BND/DIRECT-EXPORT-COMPANY-B48480.HTML
DIRECTWICKER	DIRECTWICKER	wayfair.com	HTTPS://WWW.WAYFAIR.COM/BRAND/BND/DIRECTWICKER-B39995.HTML
DIRTDEVIL	DIRTDEVIL	wayfair.com	HTTPS://WWW.WAYFAIR.COM/BRAND/BND/DIRT-DEVIL-B6397.HTML
DIRTDEVILED	DIRTDEVIL	wayfair.com	HTTPS://WWW.WAYFAIR.COM/BRAND/BND/DIRT-DEVIL-B6397.HTML
DISAR	DISAR	wayfair.com	HTTPS://WWW.WAYFAIR.COM/BRAND/BND/DISAR-B65118.HTML
DISCOUNTRAMPS	DISCOUNTRAMPS	wayfair.com	HTTPS://WWW.WAYFAIR.COM/BRAND/BND/DISCOUNT-RAMPS-B61829.HTML
DISCOVERPATIOS	BACKYARDDISCOVERY	wayfair.com	HTTPS://WWW.WAYFAIR.COM/BRAND/BND/BACKYARD-DISCOVERY-B10637.HTML
DISCOVERYFURNITURE	DISCOVERYWORLDFURNITURE	wayfair.com	HTTPS://WWW.WAYFAIR.COM/BRAND/BND/DISCOVERY-WORLD-FURNITURE-B6125.HTML
DISCOVERYLOFT	DISCOVERYWORLDFURNITURE	wayfair.com	HTTPS://WWW.WAYFAIR.COM/BRAND/BND/DISCOVERY-WORLD-FURNITURE-B6125.HTML
DISCOVERYWORKDFURNITURE	DISCOVERYWORLDFURNITURE	wayfair.com	HTTPS://WWW.WAYFAIR.COM/BRAND/BND/DISCOVERY-WORLD-FURNITURE-B6125.HTML
DISCOVERYWORLD	DISCOVERYWORLDFURNITURE	wayfair.com	HTTPS://WWW.WAYFAIR.COM/BRAND/BND/DISCOVERY-WORLD-FURNITURE-B6125.HTML
DISCOVERYWORLDFURNITURE	DISCOVERYWORLDFURNITURE	wayfair.com	HTTPS://WWW.WAYFAIR.COM/BRAND/BND/DISCOVERY-WORLD-FURNITURE-B6125.HTML
DISCOVERYWORLDWIDEFURNITURE	DISCOVERYWORLDFURNITURE	wayfair.com	HTTPS://WWW.WAYFAIR.COM/BRAND/BND/DISCOVERY-WORLD-FURNITURE-B6125.HTML
DISRA	DISAR	wayfair.com	HTTPS://WWW.WAYFAIR.COM/BRAND/BND/DISAR-B65118.HTML
DISTINCTIVEDESIGNS	DISTINCTIVEDESIGNS	wayfair.com	HTTPS://WWW.WAYFAIR.COM/BRAND/BND/DISTINCTIVE-DESIGNS-B10581.HTML
DIUS	DIUS	wayfair.com	HTTPS://WWW.WAYFAIR.COM/BRAND/BND/DIUS-B90892.HTML
DIVERSIFIEDCERAMICS	DIVERSIFIEDCERAMICS	wayfair.com	HTTPS://WWW.WAYFAIR.COM/BRAND/BND/DIVERSIFIED-CERAMICS-B50989.HTML
DIVERSIFIEDCERAMICSCORPORATION	DIVERSIFIEDCERAMICS	wayfair.com	HTTPS://WWW.WAYFAIR.COM/BRAND/BND/DIVERSIFIED-CERAMICS-B50989.HTML
DIVERSIFIEDWOODCRAFTS	DIVERSIFIEDWOODCRAFTS	wayfair.com	HTTPS://WWW.WAYFAIR.COM/BRAND/BND/DIVERSIFIED-WOODCRAFTS-B401.HTML
DIVERSIFIEDWOODWORKS	DIVERSIFIEDWOODCRAFTS	wayfair.com	HTTPS://WWW.WAYFAIR.COM/BRAND/BND/DIVERSIFIED-WOODCRAFTS-B401.HTML
DIWHY	DIWHY	wayfair.com	HTTPS://WWW.WAYFAIR.COM/BRAND/BND/DIWHY-B67384.HTML
DIWHYSTORE	DIWHY	wayfair.com	HTTPS://WWW.WAYFAIR.COM/BRAND/BND/DIWHY-B67384.HTML
DIXIESEATINGCOMPANY	DIXIESEATING	wayfair.com	HTTPS://WWW.WAYFAIR.COM/BRAND/BND/DIXIE-SEATING-B3832.HTML
DKLGG	DKLGG	wayfair.com	HTTPS://WWW.WAYFAIR.COM/BRAND/BND/DKLGG-B55674.HTML
DKNYPURE	DKNYPURE	wayfair.com	HTTPS://WWW.WAYFAIR.COM/BRAND/BND/DKNY-PURE-B49133.HTML
DLANDHOME	DLANDHOME	wayfair.com	HTTPS://WWW.WAYFAIR.COM/BRAND/BND/DLANDHOME-B59095.HTML
DLANDHOMESTORE	DLANDHOME	wayfair.com	HTTPS://WWW.WAYFAIR.COM/BRAND/BND/DLANDHOME-B59095.HTML
DLFDONGLINFENG	DONGLIN	wayfair.com	HTTPS://WWW.WAYFAIR.COM/BRAND/BND/DONGLIN-B50702.HTML
DMISPORTS	DMI	wayfair.com	HTTPS://WWW.WAYFAIR.COM/BRAND/BND/DMI-B24918.HTML
DMTDIAMONDMACHINETECHNOLOGY	DMT	wayfair.com	HTTPS://WWW.WAYFAIR.COM/BRAND/BND/DMT-B15560.HTML
DNAMOTORING	DNAMOTORING	wayfair.com	HTTPS://WWW.WAYFAIR.COM/BRAND/BND/DNA-MOTORING-B78909.HTML
DOCKORIO	DOCKORIO	wayfair.com	HTTPS://WWW.WAYFAIR.COM/BRAND/BND/DOCKORIO-B87550.HTML
DOCTORDOLPHIN	DOCTORDOLPHIN	wayfair.com	HTTPS://WWW.WAYFAIR.COM/BRAND/BND/DOCTOR-DOLPHIN-B81657.HTML
DOEEHOME	DOMYHOME	wayfair.com	HTTPS://WWW.WAYFAIR.COM/BRAND/BND/DOMYHOME-B57588.HTML
DOEWORKS	DOEWORKS	wayfair.com	HTTPS://WWW.WAYFAIR.COM/BRAND/BND/DOEWORKS-B58092.HTML
DOGBEDFORLESSCON	DOGBED4LESS	wayfair.com	HTTPS://WWW.WAYFAIR.COM/BRAND/BND/DOGBED4LESS-B106241.HTML
DOGBERRY	DOGBERRYCOLLECTIONS	wayfair.com	HTTPS://WWW.WAYFAIR.COM/BRAND/BND/DOGBERRY-COLLECTIONS-B31659.HTML
DOGBERRYCOLLECTIONS	DOGBERRYCOLLECTIONS	wayfair.com	HTTPS://WWW.WAYFAIR.COM/BRAND/BND/DOGBERRY-COLLECTIONS-B31659.HTML
DOGPALACE	DOGPALACE	wayfair.com	HTTPS://WWW.WAYFAIR.COM/BRAND/BND/DOG-PALACE-B50211.HTML
DOGPROOFER	DOGPROOFER	wayfair.com	HTTPS://WWW.WAYFAIR.COM/BRAND/BND/DOG-PROOFER-B54172.HTML
DOLANDESIGNS	DOLANDESIGNS	wayfair.com	HTTPS://WWW.WAYFAIR.COM/BRAND/BND/DOLAN-DESIGNS-B2632.HTML
DOLONM	DOLONM	wayfair.com	HTTPS://WWW.WAYFAIR.COM/BRAND/BND/DOLONM-B59786.HTML
DOMAXARTS	DOMAX	wayfair.com	HTTPS://WWW.WAYFAIR.COM/BRAND/BND/DOMAX-B67369.HTML
DOMCCY	DOMCCY	wayfair.com	HTTPS://WWW.WAYFAIR.COM/BRAND/BND/DOMCCY-B77378.HTML
DOMINTY	DOMINTY	wayfair.com	HTTPS://WWW.WAYFAIR.COM/BRAND/BND/DOMINTY-B64639.HTML
DOMIOUTDOORLIVING	DOMIOUTDOORLIVING	wayfair.com	HTTPS://WWW.WAYFAIR.COM/BRAND/BND/DOMI-OUTDOOR-LIVING-B68510.HTML
DOMITALIA	DOMITALIA	wayfair.com	HTTPS://WWW.WAYFAIR.COM/BRAND/BND/DOMITALIA-B7764.HTML
DOMUSVITADESIGN	DOMUSVITADESIGN	wayfair.com	HTTPS://WWW.WAYFAIR.COM/BRAND/BND/DOMUS-VITA-DESIGN-B36893.HTML
DOMYHOME	DOMYHOME	wayfair.com	HTTPS://WWW.WAYFAIR.COM/BRAND/BND/DOMYHOME-B57588.HTML
DONCO	DONCOKIDS	wayfair.com	HTTPS://WWW.WAYFAIR.COM/BRAND/BND/DONCO-KIDS-B22916.HTML
DONCOKIDS	DONCOKIDS	wayfair.com	HTTPS://WWW.WAYFAIR.COM/BRAND/BND/DONCO-KIDS-B22916.HTML
DONEUS	DONEUS	wayfair.com	HTTPS://WWW.WAYFAIR.COM/BRAND/BND/DONEUS-B108685.HTML
DONGOKIDS	DONCOKIDS	wayfair.com	HTTPS://WWW.WAYFAIR.COM/BRAND/BND/DONCO-KIDS-B22916.HTML
DONHIERRO	DONHIERRO	wayfair.com	HTTPS://WWW.WAYFAIR.COM/BRAND/BND/DON-HIERRO-B47463.HTML
DONNASHARP	DONNASHARP	wayfair.com	HTTPS://WWW.WAYFAIR.COM/BRAND/BND/DONNA-SHARP-B29974.HTML
DONNYOSMONDHOME	DONNYOSMOND	wayfair.com	HTTPS://WWW.WAYFAIR.COM/BRAND/BND/DONNY-OSMOND-B24882.HTML
DOORS22	DOORS22	wayfair.com	HTTPS://WWW.WAYFAIR.COM/BRAND/BND/DOORS22-B55080.HTML
DOQUHOME	DOQUHOME	wayfair.com	HTTPS://WWW.WAYFAIR.COM/BRAND/BND/DOQU-HOME-B83252.HTML
DORAFAIR	DORAFAIR	wayfair.com	HTTPS://WWW.WAYFAIR.COM/BRAND/BND/DORAFAIR-B56820.HTML
DORELLIVIMG	DORELLIVING	wayfair.com	HTTPS://WWW.WAYFAIR.COM/BRAND/BND/DOREL-LIVING-B23138.HTML
DORELLIVING	DORELLIVING	wayfair.com	HTTPS://WWW.WAYFAIR.COM/BRAND/BND/DOREL-LIVING-B23138.HTML
DORELLIVINGA21	DORELLIVING	wayfair.com	HTTPS://WWW.WAYFAIR.COM/BRAND/BND/DOREL-LIVING-B23138.HTML
DORENCE	DORENCE	wayfair.com	HTTPS://WWW.WAYFAIR.COM/BRAND/BND/DORENCE-B56348.HTML
DORIPOLEPENNANTSYSTEM	DORIPOLEPENNANTSYSTEM	wayfair.com	HTTPS://WWW.WAYFAIR.COM/BRAND/BND/DORI-POLE-PENNANT-SYSTEM-B37591.HTML
DORMCO	DORMCO	wayfair.com	HTTPS://WWW.WAYFAIR.COM/BRAND/BND/DORMCO-B49311.HTML
DORNBERG	DORNBERG	wayfair.com	HTTPS://WWW.WAYFAIR.COM/BRAND/BND/DORNBERG-B57518.HTML
DOSLYHOME	DOMYHOME	wayfair.com	HTTPS://WWW.WAYFAIR.COM/BRAND/BND/DOMYHOME-B57588.HTML
DOTSOG	DOTSOG	wayfair.com	HTTPS://WWW.WAYFAIR.COM/BRAND/BND/DOTSOG-B67339.HTML
DOTTEDLINE	DOTTEDLINE	wayfair.com	HTTPS://WWW.WAYFAIR.COM/BRAND/BND/DOTTED-LINE-B52372.HTML
DOUBLESTITCHBYBEDSURE	DOUBLESTITCH	wayfair.com	HTTPS://WWW.WAYFAIR.COM/BRAND/BND/DOUBLE-STITCH-B106707.HTML
DOUGANDCRISTYDESIGNS	DOUGANDCRISTYDESIGNS	wayfair.com	HTTPS://WWW.WAYFAIR.COM/BRAND/BND/DOUGANDCRISTYDESIGNS-B48997.HTML
DOUGCRISTYDESIGNS	DOUGANDCRISTYDESIGNS	wayfair.com	HTTPS://WWW.WAYFAIR.COM/BRAND/BND/DOUGANDCRISTYDESIGNS-B48997.HTML
DOUGHMAKERS	DOUGHMAKERS	wayfair.com	HTTPS://WWW.WAYFAIR.COM/BRAND/BND/DOUGHMAKERS-B9884.HTML
DOUGLASNANCE	DOUGLASNANCE	wayfair.com	HTTPS://WWW.WAYFAIR.COM/BRAND/BND/DOUGLAS-NANCE-B33756.HTML
DOUGMELISSA	MELISSADOUG	wayfair.com	HTTPS://WWW.WAYFAIR.COM/BRAND/BND/MELISSA-DOUG-B621.HTML
DOVECOVE	DOVECOVE	wayfair.com	HTTPS://WWW.WAYFAIR.COM/BRAND/BND/DOVECOVE-B55649.HTML
DOVERRUGS	DOVERRUGHOME	wayfair.com	HTTPS://WWW.WAYFAIR.COM/BRAND/BND/DOVER-RUG-HOME-B103854.HTML
DOWINX	DOWINX	wayfair.com	HTTPS://WWW.WAYFAIR.COM/BRAND/BND/DOWINX-B64836.HTML
DOWLINGMAGNETS	DOWLINGMAGNETS	wayfair.com	HTTPS://WWW.WAYFAIR.COM/BRAND/BND/DOWLING-MAGNETS-B9350.HTML
DOWNRIGHTLTD	DOWNRIGHT	wayfair.com	HTTPS://WWW.WAYFAIR.COM/BRAND/BND/DOWNRIGHT-B7260.HTML
DOWNTOWNCOMPANY	DOWNTOWNCOMPANY	wayfair.com	HTTPS://WWW.WAYFAIR.COM/BRAND/BND/DOWNTOWN-COMPANY-B15540.HTML
DQB	DQBINDUSTRIES	wayfair.com	HTTPS://WWW.WAYFAIR.COM/BRAND/BND/DQB-INDUSTRIES-B24207.HTML
DRAINX	DRAINX	wayfair.com	HTTPS://WWW.WAYFAIR.COM/BRAND/BND/DRAINX-B86364.HTML
DRAIZEE	DRAIZEE	wayfair.com	HTTPS://WWW.WAYFAIR.COM/BRAND/BND/DRAIZEE-B49465.HTML
DRAKESTONEDESIGNS	DRAKESTONEDESIGNS	wayfair.com	HTTPS://WWW.WAYFAIR.COM/BRAND/BND/DRAKESTONEDESIGNS-B45590.HTML
DRAMLOR	DRAMLOR	wayfair.com	HTTPS://WWW.WAYFAIR.COM/BRAND/BND/DRAMLOR-B75680.HTML
DRAWERDYNASTY	DYNASTYHARDWARE	wayfair.com	HTTPS://WWW.WAYFAIR.COM/BRAND/BND/DYNASTY-HARDWARE-B23831.HTML
DREAMBABY	DREAMBABY	wayfair.com	HTTPS://WWW.WAYFAIR.COM/BRAND/BND/DREAMBABY-B866.HTML
DREAMBABYPARTY	DREAMBABY	wayfair.com	HTTPS://WWW.WAYFAIR.COM/BRAND/BND/DREAMBABY-B866.HTML
DREAMCASTLELINENS	DREAMLINE	wayfair.com	HTTPS://WWW.WAYFAIR.COM/BRAND/BND/DREAMLINE-B1049.HTML
DREAMFARM	DREAMFARM	wayfair.com	HTTPS://WWW.WAYFAIR.COM/BRAND/BND/DREAMFARM-B8167.HTML
DREAMFARN	DREAMFARM	wayfair.com	HTTPS://WWW.WAYFAIR.COM/BRAND/BND/DREAMFARM-B8167.HTML
DREAMLIN	DREAMLINE	wayfair.com	HTTPS://WWW.WAYFAIR.COM/BRAND/BND/DREAMLINE-B1049.HTML
DREAMLINE	DREAMLINE	wayfair.com	HTTPS://WWW.WAYFAIR.COM/BRAND/BND/DREAMLINE-B1049.HTML
DREAMLINEDROPSHIP	DREAMLINE	wayfair.com	HTTPS://WWW.WAYFAIR.COM/BRAND/BND/DREAMLINE-B1049.HTML
DREAMLINEPRODUCTS	DREAMLINE	wayfair.com	HTTPS://WWW.WAYFAIR.COM/BRAND/BND/DREAMLINE-B1049.HTML
DREAMLOGIXHEALTHYSLEEPSOLUTIONS	DREAMLOGIXHEALTHYSLEEPSOLUTIONS	wayfair.com	HTTPS://WWW.WAYFAIR.COM/BRAND/BND/DREAM-LOGIX-HEALTHY-SLEEP-SOLUTIONS-B88452.HTML
DREAMONME	DREAMONME	wayfair.com	HTTPS://WWW.WAYFAIR.COM/BRAND/BND/DREAM-ON-ME-B1929.HTML
DREAMONMEA20	DREAMONME	wayfair.com	HTTPS://WWW.WAYFAIR.COM/BRAND/BND/DREAM-ON-ME-B1929.HTML
DREAMONMEL	DREAMONME	wayfair.com	HTTPS://WWW.WAYFAIR.COM/BRAND/BND/DREAM-ON-ME-B1929.HTML
DREAMONMEOK	DREAMONME	wayfair.com	HTTPS://WWW.WAYFAIR.COM/BRAND/BND/DREAM-ON-ME-B1929.HTML
DREAMONMESTORE	DREAMONME	wayfair.com	HTTPS://WWW.WAYFAIR.COM/BRAND/BND/DREAM-ON-ME-B1929.HTML
DREAMONSOLUTIONS	DREAMSOLUTIONSUSA	wayfair.com	HTTPS://WWW.WAYFAIR.COM/BRAND/BND/DREAM-SOLUTIONS-USA-B70747.HTML
DREAMSOLUTIONS	DREAMSOLUTIONSUSA	wayfair.com	HTTPS://WWW.WAYFAIR.COM/BRAND/BND/DREAM-SOLUTIONS-USA-B70747.HTML
DREAMSOLUTIONSUSA	DREAMSOLUTIONSUSA	wayfair.com	HTTPS://WWW.WAYFAIR.COM/BRAND/BND/DREAM-SOLUTIONS-USA-B70747.HTML
DREAMWATER	DREAMWATER	wayfair.com	HTTPS://WWW.WAYFAIR.COM/BRAND/BND/DREAM-WATER-B95524.HTML
DREAMWERKS	DREAMWERKS	wayfair.com	HTTPS://WWW.WAYFAIR.COM/BRAND/BND/DREAMWERKS-B50651.HTML
DREAMWERKSBATHSHOWER	DREAMWERKS	wayfair.com	HTTPS://WWW.WAYFAIR.COM/BRAND/BND/DREAMWERKS-B50651.HTML
DREATIVECO	CREATIVECOOP	wayfair.com	HTTPS://WWW.WAYFAIR.COM/BRAND/BND/CREATIVE-CO-OP-B15623.HTML
DREWDEROSE	DREWDEROSEDESIGNS	wayfair.com	HTTPS://WWW.WAYFAIR.COM/BRAND/BND/DREWDEROSEDESIGNS-B40452.HTML
DREWDEROSEDESIGNS	DREWDEROSEDESIGNS	wayfair.com	HTTPS://WWW.WAYFAIR.COM/BRAND/BND/DREWDEROSEDESIGNS-B40452.HTML
DRILLPRO	DRILLPRO	wayfair.com	HTTPS://WWW.WAYFAIR.COM/BRAND/BND/DRILLPRO-B102333.HTML
DRINKPOD	DRINKPOD	wayfair.com	HTTPS://WWW.WAYFAIR.COM/BRAND/BND/DRINKPOD-LLC-B35540.HTML
DRINKPODUSA	DRINKPOD	wayfair.com	HTTPS://WWW.WAYFAIR.COM/BRAND/BND/DRINKPOD-LLC-B35540.HTML
DRINTERNATIONAL	DRINTERNATIONAL	wayfair.com	HTTPS://WWW.WAYFAIR.COM/BRAND/BND/DR-INTERNATIONAL-B13022.HTML
DRIPEX	DRIPEX	wayfair.com	HTTPS://WWW.WAYFAIR.COM/BRAND/BND/DRIPEX-B59998.HTML
DRIVEWAYGAMES	DRIVEWAYGAMESCOMPANY	wayfair.com	HTTPS://WWW.WAYFAIR.COM/BRAND/BND/DRIVEWAY-GAMES-COMPANY-B11086.HTML
DRNCURN	DRNCURN	wayfair.com	HTTPS://WWW.WAYFAIR.COM/BRAND/BND/DRNCURN-B63198.HTML
DRPLANZEN	DRPLANZEN	wayfair.com	HTTPS://WWW.WAYFAIR.COM/BRAND/BND/DRPLANZEN-B66112.HTML
DRURASTEEL	DURASTEEL	wayfair.com	HTTPS://WWW.WAYFAIR.COM/BRAND/BND/DURASTEEL-B56852.HTML
DRYMATE	DRYMATE	wayfair.com	HTTPS://WWW.WAYFAIR.COM/BRAND/BND/DRYMATE-B10378.HTML
DRYMOAYT	DRYMATE	wayfair.com	HTTPS://WWW.WAYFAIR.COM/BRAND/BND/DRYMATE-B10378.HTML
DTYINDOORLIVING	DTYOUTDOORLIVING	wayfair.com	HTTPS://WWW.WAYFAIR.COM/BRAND/BND/DTY-OUTDOOR-LIVING-B47250.HTML
DTYOUTDOORLIVING	DTYOUTDOORLIVING	wayfair.com	HTTPS://WWW.WAYFAIR.COM/BRAND/BND/DTY-OUTDOOR-LIVING-B47250.HTML
DUCKCOVERS	DUCKCOVERS	wayfair.com	HTTPS://WWW.WAYFAIR.COM/BRAND/BND/DUCK-COVERS-B16122.HTML
DUERLIKA	DURALEE	wayfair.com	HTTPS://WWW.WAYFAIR.COM/BRAND/BND/DURALEE-B39738.HTML
DUHOME	DUHOME	wayfair.com	HTTPS://WWW.WAYFAIR.COM/BRAND/BND/DUHOME-B56075.HTML
DUKEBABY	DUKEBABY	wayfair.com	HTTPS://WWW.WAYFAIR.COM/BRAND/BND/DUKE-BABY-B76878.HTML
DUKERSAPPLIANCEUSA	DUKERSAPPLIANCECOUSALTD	wayfair.com	HTTPS://WWW.WAYFAIR.COM/BRAND/BND/DUKERS-APPLIANCE-CO-USA-LTD-B81641.HTML
DULUTHFORGE	DULUTHFORGE	wayfair.com	HTTPS://WWW.WAYFAIR.COM/BRAND/BND/DULUTH-FORGE-B44042.HTML
DUMEE	DUMEE	wayfair.com	HTTPS://WWW.WAYFAIR.COM/BRAND/BND/DUMEE-B58448.HTML
DUMETEISEN	DUMEE	wayfair.com	HTTPS://WWW.WAYFAIR.COM/BRAND/BND/DUMEE-B58448.HTML
DUNDEEDECO	DUNDEEDECO	wayfair.com	HTTPS://WWW.WAYFAIR.COM/BRAND/BND/DUNDEE-DECO-B52862.HTML
DUOHONG	DUOHONG	wayfair.com	HTTPS://WWW.WAYFAIR.COM/BRAND/BND/DUOHONG-B103871.HTML
DURABLEOFFICE	DURABLEOFFICEPRODUCTSCORP	wayfair.com	HTTPS://WWW.WAYFAIR.COM/BRAND/BND/DURABLE-OFFICE-PRODUCTS-CORP-B5243.HTML
DURABLEOFFICEPRODUCTS	DURABLEOFFICEPRODUCTSCORP	wayfair.com	HTTPS://WWW.WAYFAIR.COM/BRAND/BND/DURABLE-OFFICE-PRODUCTS-CORP-B5243.HTML
DURABLEOFFICEPRODUCTSCORP	DURABLEOFFICEPRODUCTSCORP	wayfair.com	HTTPS://WWW.WAYFAIR.COM/BRAND/BND/DURABLE-OFFICE-PRODUCTS-CORP-B5243.HTML
DURACART	DURACART	wayfair.com	HTTPS://WWW.WAYFAIR.COM/BRAND/BND/DURACART-B38964.HTML
DURADECOR	DURADECOR	wayfair.com	HTTPS://WWW.WAYFAIR.COM/BRAND/BND/DURADECOR-B87928.HTML
DURAFLAMEELECTRIC	DURAFLAMEELECTRIC	wayfair.com	HTTPS://WWW.WAYFAIR.COM/BRAND/BND/DURAFLAME-ELECTRIC-B47518.HTML
DURAGRID	DURAGRID	wayfair.com	HTTPS://WWW.WAYFAIR.COM/BRAND/BND/DURAGRID-B48190.HTML
DURALEX	DURALEX	wayfair.com	HTTPS://WWW.WAYFAIR.COM/BRAND/BND/DURALEX-B35779.HTML
DURALEXFRANCE	DURALEX	wayfair.com	HTTPS://WWW.WAYFAIR.COM/BRAND/BND/DURALEX-B35779.HTML
DURALEXUSA	DURALEX	wayfair.com	HTTPS://WWW.WAYFAIR.COM/BRAND/BND/DURALEX-B35779.HTML
DURAMAXBUILDINGPRODUCTS	DURAMAX	wayfair.com	HTTPS://WWW.WAYFAIR.COM/BRAND/BND/DURAMAX-B785.HTML
DURASHELT	DURASTEEL	wayfair.com	HTTPS://WWW.WAYFAIR.COM/BRAND/BND/DURASTEEL-B56852.HTML
DURASPACE	DURASPACE	wayfair.com	HTTPS://WWW.WAYFAIR.COM/BRAND/BND/DURASPACE-B69685.HTML
DURASTEEL	DURASTEEL	wayfair.com	HTTPS://WWW.WAYFAIR.COM/BRAND/BND/DURASTEEL-B56852.HTML
DURATREL	DURATREL	wayfair.com	HTTPS://WWW.WAYFAIR.COM/BRAND/BND/DURA-TREL-INC-B85424.HTML
DURAVIT	DURAVIT	wayfair.com	HTTPS://WWW.WAYFAIR.COM/BRAND/BND/DURAVIT-B974.HTML
DURAVITUSA	DURAVIT	wayfair.com	HTTPS://WWW.WAYFAIR.COM/BRAND/BND/DURAVIT-B974.HTML
DURHAMMANUFACTURING	DURHAMMANUFACTURING	wayfair.com	HTTPS://WWW.WAYFAIR.COM/BRAND/BND/DURHAM-MANUFACTURING-B29594.HTML
DURHAND	DURHAND	wayfair.com	HTTPS://WWW.WAYFAIR.COM/BRAND/BND/DURHAND-B52020.HTML
DUTAILER	DUTAILIER	wayfair.com	HTTPS://WWW.WAYFAIR.COM/BRAND/BND/DUTAILIER-B817.HTML
DUTAILIER	DUTAILIER	wayfair.com	HTTPS://WWW.WAYFAIR.COM/BRAND/BND/DUTAILIER-B817.HTML
DUTAILIERGROUP	DUTAILIER	wayfair.com	HTTPS://WWW.WAYFAIR.COM/BRAND/BND/DUTAILIER-B817.HTML
DUVERREHARDWARE	DUVERREHARDWARE	wayfair.com	HTTPS://WWW.WAYFAIR.COM/BRAND/BND/DU-VERRE-HARDWARE-B23452.HTML
DVBYFORTESSA	FORTESSA	wayfair.com	HTTPS://WWW.WAYFAIR.COM/BRAND/BND/FORTESSA-B31076.HTML
DWBABATHCOLLECTION	WSBATHCOLLECTIONS	wayfair.com	HTTPS://WWW.WAYFAIR.COM/BRAND/BND/WS-BATH-COLLECTIONS-B6799.HTML
DWELED	DWELED	wayfair.com	HTTPS://WWW.WAYFAIR.COM/BRAND/BND/DWELED-B43815.HTML
DWELLINGWITHPRIDE	DWELLINGWITHPRIDE	wayfair.com	HTTPS://WWW.WAYFAIR.COM/BRAND/BND/DWELLING-WITH-PRIDE-B55449.HTML
DWELLZA	DWELLZAKITCHEN	wayfair.com	HTTPS://WWW.WAYFAIR.COM/BRAND/BND/DWELLZA-KITCHEN-B50168.HTML
DWHOMEDECOWARE	DWHOME	wayfair.com	HTTPS://WWW.WAYFAIR.COM/BRAND/BND/DWHOME-B50673.HTML
DWINGULER	DWINGULER	wayfair.com	HTTPS://WWW.WAYFAIR.COM/BRAND/BND/DWINGULER-B23381.HTML
DWLLZAKITCHEN	DWELLZAKITCHEN	wayfair.com	HTTPS://WWW.WAYFAIR.COM/BRAND/BND/DWELLZA-KITCHEN-B50168.HTML
DWSILKS	DWSILKS	wayfair.com	HTTPS://WWW.WAYFAIR.COM/BRAND/BND/D-W-SILKS-B2638.HTML
DYCONN	DYCONN	wayfair.com	HTTPS://WWW.WAYFAIR.COM/BRAND/BND/DYCONN-B16715.HTML
DYFUN	DYFUN	wayfair.com	HTTPS://WWW.WAYFAIR.COM/BRAND/BND/DYFUN-B59793.HTML
DYFURN	DYFUN	wayfair.com	HTTPS://WWW.WAYFAIR.COM/BRAND/BND/DYFUN-B59793.HTML
DYNAMICINFRARED	DYNAMICINFRARED	wayfair.com	HTTPS://WWW.WAYFAIR.COM/BRAND/BND/DYNAMIC-INFRARED-B22631.HTML
DYNAMICRUGS	DYNAMICRUGS	wayfair.com	HTTPS://WWW.WAYFAIR.COM/BRAND/BND/DYNAMIC-RUGS-B337.HTML
DYNAMIXRUGS	DYNAMICRUGS	wayfair.com	HTTPS://WWW.WAYFAIR.COM/BRAND/BND/DYNAMIC-RUGS-B337.HTML
DYNASTYFIREPLACES	DYNASTY	wayfair.com	HTTPS://WWW.WAYFAIR.COM/BRAND/BND/DYNASTY-B24876.HTML
DYNASTYHARDWARE	DYNASTYHARDWARE	wayfair.com	HTTPS://WWW.WAYFAIR.COM/BRAND/BND/DYNASTY-HARDWARE-B23831.HTML
DYNASTYMATTRESS	DYNASTYMATTRESS	wayfair.com	HTTPS://WWW.WAYFAIR.COM/BRAND/BND/DYNASTY-MATTRESS-B77531.HTML
DYNOSEASONAL	DYNOSEASONALSOLUTIONS	wayfair.com	HTTPS://WWW.WAYFAIR.COM/BRAND/BND/DYNO-SEASONAL-SOLUTIONS-B20260.HTML
DYNOSEASONALSOLUTIONS	DYNOSEASONALSOLUTIONS	wayfair.com	HTTPS://WWW.WAYFAIR.COM/BRAND/BND/DYNO-SEASONAL-SOLUTIONS-B20260.HTML
EAGLEFURNITURE	EAGLEFURNITUREMANUFACTURING	wayfair.com	HTTPS://WWW.WAYFAIR.COM/BRAND/BND/EAGLE-FURNITURE-MANUFACTURING-B24980.HTML
EAGLEFURNITUREMANUFACTURERS	EAGLEFURNITUREMANUFACTURING	wayfair.com	HTTPS://WWW.WAYFAIR.COM/BRAND/BND/EAGLE-FURNITURE-MANUFACTURING-B24980.HTML
EAGLEFURNITUREMANUFACTURING	EAGLEFURNITUREMANUFACTURING	wayfair.com	HTTPS://WWW.WAYFAIR.COM/BRAND/BND/EAGLE-FURNITURE-MANUFACTURING-B24980.HTML
EAGLEMETALFURNITUREWAYLAND	EAGLEFURNITUREMANUFACTURING	wayfair.com	HTTPS://WWW.WAYFAIR.COM/BRAND/BND/EAGLE-FURNITURE-MANUFACTURING-B24980.HTML
EAHOMY	EUHOMY	wayfair.com	HTTPS://WWW.WAYFAIR.COM/BRAND/BND/EUHOMY-B53950.HTML
EALGA	AELGA	wayfair.com	HTTPS://WWW.WAYFAIR.COM/BRAND/BND/AELGA-B59618.HTML
EANGEE	EANGEEHOMEDESIGN	wayfair.com	HTTPS://WWW.WAYFAIR.COM/BRAND/BND/EANGEE-HOME-DESIGN-B10464.HTML
EANGEEHOMEDESIGN	EANGEEHOMEDESIGN	wayfair.com	HTTPS://WWW.WAYFAIR.COM/BRAND/BND/EANGEE-HOME-DESIGN-B10464.HTML
EARTHMINDED	EARTHMINDED	wayfair.com	HTTPS://WWW.WAYFAIR.COM/BRAND/BND/EARTHMINDED-B17438.HTML
EARTHRUGS	EARTHRUGS	wayfair.com	HTTPS://WWW.WAYFAIR.COM/BRAND/BND/EARTHRUGS-B7580.HTML
EARTHSNATURALALTERNATIVE	EARTHSNATURALALTERNATIVE	wayfair.com	HTTPS://WWW.WAYFAIR.COM/BRAND/BND/EARTHS-NATURAL-ALTERNATIVE-B84968.HTML
EASELIFE	EASELIFE	wayfair.com	HTTPS://WWW.WAYFAIR.COM/BRAND/BND/EASELIFE-B64100.HTML
EASTCOASTBEDDING	EASTCOASTBEDDING	wayfair.com	HTTPS://WWW.WAYFAIR.COM/BRAND/BND/EAST-COAST-BEDDING-B63532.HTML
EASTENTERPRISES	EASTENTERPRISES	wayfair.com	HTTPS://WWW.WAYFAIR.COM/BRAND/BND/EAST-ENTERPRISES-INC-B30831.HTML
EASTERN	EASTERNACCENTS	wayfair.com	HTTPS://WWW.WAYFAIR.COM/BRAND/BND/EASTERN-ACCENTS-B2772.HTML
EASTERNACCENT	EASTERNACCENTS	wayfair.com	HTTPS://WWW.WAYFAIR.COM/BRAND/BND/EASTERN-ACCENTS-B2772.HTML
EASTERNACCENTS	EASTERNACCENTS	wayfair.com	HTTPS://WWW.WAYFAIR.COM/BRAND/BND/EASTERN-ACCENTS-B2772.HTML
EASTERNJUNGLEGYM	EASTERNJUNGLEGYM	wayfair.com	HTTPS://WWW.WAYFAIR.COM/BRAND/BND/EASTERN-JUNGLE-GYM-B20527.HTML
EASTERNJUNGLEGYMDROPSHIP	EASTERNJUNGLEGYM	wayfair.com	HTTPS://WWW.WAYFAIR.COM/BRAND/BND/EASTERN-JUNGLE-GYM-B20527.HTML
EASTFLAME	EFLAME	wayfair.com	HTTPS://WWW.WAYFAIR.COM/BRAND/BND/E-FLAME-B35672.HTML
EASTFURNITURE	EASTWEST	wayfair.com	HTTPS://WWW.WAYFAIR.COM/BRAND/BND/EAST-WEST-B22976.HTML
EASTHOME	EASTURBANHOME	wayfair.com	HTTPS://WWW.WAYFAIR.COM/BRAND/BND/EAST-URBAN-HOME-B40001.HTML
EASTPOINTSPORTS	EASTPOINTSPORTS	wayfair.com	HTTPS://WWW.WAYFAIR.COM/BRAND/BND/EASTPOINT-SPORTS-B56367.HTML
EASTPOINTSPORTSMEN	EASTPOINTSPORTS	wayfair.com	HTTPS://WWW.WAYFAIR.COM/BRAND/BND/EASTPOINT-SPORTS-B56367.HTML
EASTURBAN	EASTURBANHOME	wayfair.com	HTTPS://WWW.WAYFAIR.COM/BRAND/BND/EAST-URBAN-HOME-B40001.HTML
EASTURBANHOME	EASTURBANHOME	wayfair.com	HTTPS://WWW.WAYFAIR.COM/BRAND/BND/EAST-URBAN-HOME-B40001.HTML
EASTWEAT	EASTWEST	wayfair.com	HTTPS://WWW.WAYFAIR.COM/BRAND/BND/EAST-WEST-B22976.HTML
EASTWESTFURNITURE	EASTWEST	wayfair.com	HTTPS://WWW.WAYFAIR.COM/BRAND/BND/EAST-WEST-B22976.HTML
EASTWESTFURNITUREDROPSHIP	EASTWEST	wayfair.com	HTTPS://WWW.WAYFAIR.COM/BRAND/BND/EAST-WEST-B22976.HTML
EASTWESTFURNITUREOXTOAKTOXFORD	EASTWEST	wayfair.com	HTTPS://WWW.WAYFAIR.COM/BRAND/BND/EAST-WEST-B22976.HTML
EASTWESTFURNITURESTORE	EASTWEST	wayfair.com	HTTPS://WWW.WAYFAIR.COM/BRAND/BND/EAST-WEST-B22976.HTML
EASYKLIP	EASYKLIP	wayfair.com	HTTPS://WWW.WAYFAIR.COM/BRAND/BND/EASYKLIP-B64306.HTML
EASYPLANKING	EASYPLANKING	wayfair.com	HTTPS://WWW.WAYFAIR.COM/BRAND/BND/EASY-PLANKING-B51656.HTML
EASYPLAYHOUSE	EASYPLAYHOUSE	wayfair.com	HTTPS://WWW.WAYFAIR.COM/BRAND/BND/EASY-PLAYHOUSE-B16207.HTML
EASYTRACKCLOSET	EASYTRACK	wayfair.com	HTTPS://WWW.WAYFAIR.COM/BRAND/BND/EASY-TRACK-B18171.HTML
EASYWAY	EASYWAYPRODUCTS	wayfair.com	HTTPS://WWW.WAYFAIR.COM/BRAND/BND/EASY-WAY-PRODUCTS-B36907.HTML
EASYWAYPRODUCTS	EASYWAYPRODUCTS	wayfair.com	HTTPS://WWW.WAYFAIR.COM/BRAND/BND/EASY-WAY-PRODUCTS-B36907.HTML
EATNEAT	EATNEAT	wayfair.com	HTTPS://WWW.WAYFAIR.COM/BRAND/BND/EATNEAT-B48973.HTML
EATWESTFURNITURE	EASTWEST	wayfair.com	HTTPS://WWW.WAYFAIR.COM/BRAND/BND/EAST-WEST-B22976.HTML
EAZYMEALZ	EAZYMEALZ	wayfair.com	HTTPS://WWW.WAYFAIR.COM/BRAND/BND/EAZY-MEALZ-B52829.HTML
EBERN	EBERNDESIGNS	wayfair.com	HTTPS://WWW.WAYFAIR.COM/BRAND/BND/EBERN-DESIGNS-B44308.HTML
EBERNDESIGN	EBERNDESIGNS	wayfair.com	HTTPS://WWW.WAYFAIR.COM/BRAND/BND/EBERN-DESIGNS-B44308.HTML
EBERNDESIGNS	EBERNDESIGNS	wayfair.com	HTTPS://WWW.WAYFAIR.COM/BRAND/BND/EBERN-DESIGNS-B44308.HTML
EBERTDESIGNS	EBERNDESIGNS	wayfair.com	HTTPS://WWW.WAYFAIR.COM/BRAND/BND/EBERN-DESIGNS-B44308.HTML
EBNER	EBERNDESIGNS	wayfair.com	HTTPS://WWW.WAYFAIR.COM/BRAND/BND/EBERN-DESIGNS-B44308.HTML
EBUN	EBUN	wayfair.com	HTTPS://WWW.WAYFAIR.COM/BRAND/BND/EBUN-B66569.HTML
EBUNS	EBUN	wayfair.com	HTTPS://WWW.WAYFAIR.COM/BRAND/BND/EBUN-B66569.HTML
ECARPETGALLERY	ECARPETGALLERY	wayfair.com	HTTPS://WWW.WAYFAIR.COM/BRAND/BND/ECARPETGALLERY-B2090.HTML
ECCOTEMPSYSTEMS	ECCOTEMP	wayfair.com	HTTPS://WWW.WAYFAIR.COM/BRAND/BND/ECCOTEMP-B16395.HTML
ECHOVALLEYPRODUCTS	ECHOVALLEY	wayfair.com	HTTPS://WWW.WAYFAIR.COM/BRAND/BND/ECHO-VALLEY-B5021.HTML
ECIFURNITURE	ECIFURNITURE	wayfair.com	HTTPS://WWW.WAYFAIR.COM/BRAND/BND/ECI-FURNITURE-B2086.HTML
ECLATBYCRISTALDARQUES	ECLATBYCRISTALDARQUES	wayfair.com	HTTPS://WWW.WAYFAIR.COM/BRAND/BND/ECLATBYCRISTALDARQUES-B47489.HTML
ECLATCRISTALDARQUES	ECLATBYCRISTALDARQUES	wayfair.com	HTTPS://WWW.WAYFAIR.COM/BRAND/BND/ECLATBYCRISTALDARQUES-B47489.HTML
ECLIFE	ECLIFE	wayfair.com	HTTPS://WWW.WAYFAIR.COM/BRAND/BND/ECLIFE-B55262.HTML
ECLIPSECURTAINS	ECLIPSECURTAINS	wayfair.com	HTTPS://WWW.WAYFAIR.COM/BRAND/BND/ECLIPSE-CURTAINS-B11512.HTML
ECO4LIFE	ECO4LIFE	wayfair.com	HTTPS://WWW.WAYFAIR.COM/BRAND/BND/ECO4LIFE-B59400.HTML
ECOCANDLES	ECOCANDLECO	wayfair.com	HTTPS://WWW.WAYFAIR.COM/BRAND/BND/ECOCANDLECO-B40857.HTML
ECOCORKFOAM	ECOCORKFOAM	wayfair.com	HTTPS://WWW.WAYFAIR.COM/BRAND/BND/ECO-CORK-FOAM-B82397.HTML
ECODECOR	ECODECORS	wayfair.com	HTTPS://WWW.WAYFAIR.COM/BRAND/BND/ECODECORS-B39727.HTML
ECODECORS	ECODECORS	wayfair.com	HTTPS://WWW.WAYFAIR.COM/BRAND/BND/ECODECORS-B39727.HTML
ECOLUTION	ECOLUTION	wayfair.com	HTTPS://WWW.WAYFAIR.COM/BRAND/BND/ECOLUTION-B10502.HTML
ECOMEX	ECOMEX	wayfair.com	HTTPS://WWW.WAYFAIR.COM/BRAND/BND/ECOMEX-B84915.HTML
ECONAT	ECONAT	wayfair.com	HTTPS://WWW.WAYFAIR.COM/BRAND/BND/ECONAT-B47128.HTML
ECONOCO	ECONOCO	wayfair.com	HTTPS://WWW.WAYFAIR.COM/BRAND/BND/ECONOCO-B47721.HTML
ECONOCOCORP	ECONOCO	wayfair.com	HTTPS://WWW.WAYFAIR.COM/BRAND/BND/ECONOCO-B47721.HTML
ECOPOTS	ECOPOTS	wayfair.com	HTTPS://WWW.WAYFAIR.COM/BRAND/BND/ECOPOTS-B81163.HTML
ECOQUE	ECOQUE	wayfair.com	HTTPS://WWW.WAYFAIR.COM/BRAND/BND/ECOQUE-B16120.HTML
ECOSELF	ECOSELF	wayfair.com	HTTPS://WWW.WAYFAIR.COM/BRAND/BND/ECOSELF-B106066.HTML
ECOTOUGE	ECOTOUGE	wayfair.com	HTTPS://WWW.WAYFAIR.COM/BRAND/BND/ECOTOUGE-B94344.HTML
ECOVIVA	ECOVIVA	wayfair.com	HTTPS://WWW.WAYFAIR.COM/BRAND/BND/ECOVIVA-B104291.HTML
ECR4	ECR4KIDS	wayfair.com	HTTPS://WWW.WAYFAIR.COM/BRAND/BND/ECR4KIDS-B617.HTML
ECR4KIDS	ECR4KIDS	wayfair.com	HTTPS://WWW.WAYFAIR.COM/BRAND/BND/ECR4KIDS-B617.HTML
ECR4KIDSLP	ECR4KIDS	wayfair.com	HTTPS://WWW.WAYFAIR.COM/BRAND/BND/ECR4KIDS-B617.HTML
ECRKIDS	ECR4KIDS	wayfair.com	HTTPS://WWW.WAYFAIR.COM/BRAND/BND/ECR4KIDS-B617.HTML
ECUTEE	ECUTEE	wayfair.com	HTTPS://WWW.WAYFAIR.COM/BRAND/BND/ECUTEE-B62944.HTML
EDBYELLENDEGENERES	EDELLENDEGENERES	wayfair.com	HTTPS://WWW.WAYFAIR.COM/BRAND/BND/ED-ELLEN-DEGENERES-B49206.HTML
EDDIEBAUERHOME	EDDIEBAUER	wayfair.com	HTTPS://WWW.WAYFAIR.COM/BRAND/BND/EDDIE-BAUER-B894.HTML
EDENBATH	EDENBATH	wayfair.com	HTTPS://WWW.WAYFAIR.COM/BRAND/BND/EDENBATH-B45943.HTML
EDEVIONFURNITURE	DEVIONFURNITURE	wayfair.com	HTTPS://WWW.WAYFAIR.COM/BRAND/BND/DEVION-FURNITURE-B54773.HTML
EDGEMOD	EDGEMOD	wayfair.com	HTTPS://WWW.WAYFAIR.COM/BRAND/BND/EDGEMOD-B38610.HTML
EDGEMODFURNITURE	EDGEMOD	wayfair.com	HTTPS://WWW.WAYFAIR.COM/BRAND/BND/EDGEMOD-B38610.HTML
EDGEOFBELGRAVIA	EDGEOFBELGRAVIA	wayfair.com	HTTPS://WWW.WAYFAIR.COM/BRAND/BND/EDGE-OF-BELGRAVIA-B51998.HTML
EDISHINE	EDISHINE	wayfair.com	HTTPS://WWW.WAYFAIR.COM/BRAND/BND/EDISHINE-B62221.HTML
EDOSTORY	EDOSTORY	wayfair.com	HTTPS://WWW.WAYFAIR.COM/BRAND/BND/EDOSTORY-B66633.HTML
EDVIVI	EDVIVI	wayfair.com	HTTPS://WWW.WAYFAIR.COM/BRAND/BND/EDVIVI-B42156.HTML
EDWELL	EDWELL	wayfair.com	HTTPS://WWW.WAYFAIR.COM/BRAND/BND/EDWELL-B67091.HTML
EEASIECOM	EASCOM	wayfair.com	HTTPS://WWW.WAYFAIR.COM/BRAND/BND/EASCOM-B86440.HTML
EECLIFE	ECLIFE	wayfair.com	HTTPS://WWW.WAYFAIR.COM/BRAND/BND/ECLIFE-B55262.HTML
EELIFEE	EELIFE	wayfair.com	HTTPS://WWW.WAYFAIR.COM/BRAND/BND/EELIFE-B70349.HTML
EENERGETICLIGHTING	ENERGETICLIGHTING	wayfair.com	HTTPS://WWW.WAYFAIR.COM/BRAND/BND/ENERGETIC-LIGHTING-B13868.HTML
EEUHOMY	EUHOMY	wayfair.com	HTTPS://WWW.WAYFAIR.COM/BRAND/BND/EUHOMY-B53950.HTML
EEVELLE	EEVELLE	wayfair.com	HTTPS://WWW.WAYFAIR.COM/BRAND/BND/EEVELLE-B23467.HTML
EFLAME	EFLAME	wayfair.com	HTTPS://WWW.WAYFAIR.COM/BRAND/BND/E-FLAME-B35672.HTML
EFLAMEUSA	EFLAME	wayfair.com	HTTPS://WWW.WAYFAIR.COM/BRAND/BND/E-FLAME-B35672.HTML
EFPERFECT	EFPERFECT	wayfair.com	HTTPS://WWW.WAYFAIR.COM/BRAND/BND/EFPERFECT-B53460.HTML
EGOHOME	EGOHOME	wayfair.com	HTTPS://WWW.WAYFAIR.COM/BRAND/BND/EGO-HOME-B97713.HTML
EGOUHOME	EGOHOME	wayfair.com	HTTPS://WWW.WAYFAIR.COM/BRAND/BND/EGO-HOME-B97713.HTML
EHEMCO	EHEMCO	wayfair.com	HTTPS://WWW.WAYFAIR.COM/BRAND/BND/EHEMCO-B37572.HTML
EHOLDER	EVRIHOLDER	wayfair.com	HTTPS://WWW.WAYFAIR.COM/BRAND/BND/EVRIHOLDER-B10857.HTML
EIDERANDIVORY	EIDERIVORY	wayfair.com	HTTPS://WWW.WAYFAIR.COM/BRAND/BND/EIDER-IVORY-B48079.HTML
EIDERIVORY	EIDERIVORY	wayfair.com	HTTPS://WWW.WAYFAIR.COM/BRAND/BND/EIDER-IVORY-B48079.HTML
EIDISUNY	EIDISUNY	wayfair.com	HTTPS://WWW.WAYFAIR.COM/BRAND/BND/EIDISUNY-B72590.HTML
EIDUPONTDENEMOURS	DEBUYER	wayfair.com	HTTPS://WWW.WAYFAIR.COM/BRAND/BND/DE-BUYER-B38196.HTML
EIGHTDOORS	EIGHTDOORS	wayfair.com	HTTPS://WWW.WAYFAIR.COM/BRAND/BND/EIGHTDOORS-B53046.HTML
EIGHTEENTEK	EIGHTEENTEK	wayfair.com	HTTPS://WWW.WAYFAIR.COM/BRAND/BND/EIGHTEENTEK-B72457.HTML
EISEN	EISENHOME	wayfair.com	HTTPS://WWW.WAYFAIR.COM/BRAND/BND/EISEN-HOME-B46479.HTML
EISENHOME	EISENHOME	wayfair.com	HTTPS://WWW.WAYFAIR.COM/BRAND/BND/EISEN-HOME-B46479.HTML
EJETGAMES	EJETGAMES	wayfair.com	HTTPS://WWW.WAYFAIR.COM/BRAND/BND/E-JET-GAMES-B77510.HTML
EKENAMILLWORK	PCIENTERPRISES	wayfair.com	HTTPS://WWW.WAYFAIR.COM/BRAND/BND/PCI-ENTERPRISES-B24484.HTML
EKENAMILLWORKDROPSHIP	PCIENTERPRISES	wayfair.com	HTTPS://WWW.WAYFAIR.COM/BRAND/BND/PCI-ENTERPRISES-B24484.HTML
EKQ	EKQ	wayfair.com	HTTPS://WWW.WAYFAIR.COM/BRAND/BND/EKQ-B62987.HTML
EKWQ	EKQ	wayfair.com	HTTPS://WWW.WAYFAIR.COM/BRAND/BND/EKQ-B62987.HTML
ELAINEKAREN	ELAINEKAREN	wayfair.com	HTTPS://WWW.WAYFAIR.COM/BRAND/BND/ELAINEKAREN-B46551.HTML
ELAMA	ELAMA	wayfair.com	HTTPS://WWW.WAYFAIR.COM/BRAND/BND/ELAMA-B42916.HTML
ELANLIGHTING	ELAN	wayfair.com	HTTPS://WWW.WAYFAIR.COM/BRAND/BND/ELAN-B31470.HTML
ELBEEHOME	ELBEEHOME	wayfair.com	HTTPS://WWW.WAYFAIR.COM/BRAND/BND/ELBEE-HOME-B43424.HTML
ELCO	ELCOLIGHTING	wayfair.com	HTTPS://WWW.WAYFAIR.COM/BRAND/BND/ELCOLIGHTING-B42490.HTML
ELCOLIGHTING	ELCOLIGHTING	wayfair.com	HTTPS://WWW.WAYFAIR.COM/BRAND/BND/ELCOLIGHTING-B42490.HTML
ELCTRTICI	ELECTACTIC	wayfair.com	HTTPS://WWW.WAYFAIR.COM/BRAND/BND/ELECTACTIC-B109021.HTML
ELEATTRUN	ELEOPTION	wayfair.com	HTTPS://WWW.WAYFAIR.COM/BRAND/BND/ELEOPTION-B59000.HTML
ELECTACTIC	ELECTACTIC	wayfair.com	HTTPS://WWW.WAYFAIR.COM/BRAND/BND/ELECTACTIC-B109021.HTML
ELECTROBOSS	ELECTROBOSS	wayfair.com	HTTPS://WWW.WAYFAIR.COM/BRAND/BND/ELECTRO-BOSS-B48603.HTML
ELECWISH	ELECWISH	wayfair.com	HTTPS://WWW.WAYFAIR.COM/BRAND/BND/ELECWISH-B51770.HTML
ELEDING	ELEDING	wayfair.com	HTTPS://WWW.WAYFAIR.COM/BRAND/BND/ELEDING-B58275.HTML
ELEELEOPTION	ELEOPTION	wayfair.com	HTTPS://WWW.WAYFAIR.COM/BRAND/BND/ELEOPTION-B59000.HTML
ELEGANCEBYLEEBER	ELEGANCEBYLEEBER	wayfair.com	HTTPS://WWW.WAYFAIR.COM/BRAND/BND/ELEGANCE-BY-LEEBER-B36746.HTML
ELEGANTCOMFORT	ELEGANTCOMFORT	wayfair.com	HTTPS://WWW.WAYFAIR.COM/BRAND/BND/ELEGANT-COMFORT-B37992.HTML
ELEGANTCOMFORTSTORE	ELEGANTCOMFORT	wayfair.com	HTTPS://WWW.WAYFAIR.COM/BRAND/BND/ELEGANT-COMFORT-B37992.HTML
ELEGANTDESIGNSHOMECOLLECTION	ELEGANTHOMEFASHIONS	wayfair.com	HTTPS://WWW.WAYFAIR.COM/BRAND/BND/ELEGANT-HOME-FASHIONS-B1847.HTML
ELEGANTFURNITURELIGHTING	ELEGANTLIGHTING	wayfair.com	HTTPS://WWW.WAYFAIR.COM/BRAND/BND/ELEGANT-LIGHTING-B16099.HTML
ELEGANTFURNITURELIGHTS	ELEGANTLIGHTING	wayfair.com	HTTPS://WWW.WAYFAIR.COM/BRAND/BND/ELEGANT-LIGHTING-B16099.HTML
ELEGANTHOME	ELEGANTHOMEFORYOU	wayfair.com	HTTPS://WWW.WAYFAIR.COM/BRAND/BND/ELEGANT-HOME-FOR-YOU-B61942.HTML
ELEGANTHOMEFASHION	ELEGANTHOMEFASHIONS	wayfair.com	HTTPS://WWW.WAYFAIR.COM/BRAND/BND/ELEGANT-HOME-FASHIONS-B1847.HTML
ELEGANTHOMEFASHIONS	ELEGANTHOMEFASHIONS	wayfair.com	HTTPS://WWW.WAYFAIR.COM/BRAND/BND/ELEGANT-HOME-FASHIONS-B1847.HTML
ELEGANTHOMEPRODUCTS	ELEGANTHOMEFASHIONS	wayfair.com	HTTPS://WWW.WAYFAIR.COM/BRAND/BND/ELEGANT-HOME-FASHIONS-B1847.HTML
ELEGANTLIGHTING	ELEGANTLIGHTING	wayfair.com	HTTPS://WWW.WAYFAIR.COM/BRAND/BND/ELEGANT-LIGHTING-B16099.HTML
ELEGANTLIGHTINGFURNITURE	ELEGANTLIGHTING	wayfair.com	HTTPS://WWW.WAYFAIR.COM/BRAND/BND/ELEGANT-LIGHTING-B16099.HTML
ELEGANTLIGHTINGVALUE	ELEGANTLIGHTING	wayfair.com	HTTPS://WWW.WAYFAIR.COM/BRAND/BND/ELEGANT-LIGHTING-B16099.HTML
ELEGANTLIGHTNING	ELEGANTLIGHTING	wayfair.com	HTTPS://WWW.WAYFAIR.COM/BRAND/BND/ELEGANT-LIGHTING-B16099.HTML
ELEGANTLIGHTNINGCOMPANY	ELEGANTLIGHTING	wayfair.com	HTTPS://WWW.WAYFAIR.COM/BRAND/BND/ELEGANT-LIGHTING-B16099.HTML
ELEGIANT	ELEGIANT	wayfair.com	HTTPS://WWW.WAYFAIR.COM/BRAND/BND/ELEGIANT-B68721.HTML
ELELEN	EDELLENDEGENERES	wayfair.com	HTTPS://WWW.WAYFAIR.COM/BRAND/BND/ED-ELLEN-DEGENERES-B49206.HTML
ELEMENTSFINEHOMEFURNISHINGS	ELEMENTSFINEHOMEFURNISHINGS	wayfair.com	HTTPS://WWW.WAYFAIR.COM/BRAND/BND/ELEMENTS-FINE-HOME-FURNISHINGS-B13030.HTML
ELEMENTSOFDESIGN	ELEMENTSOFDESIGN	wayfair.com	HTTPS://WWW.WAYFAIR.COM/BRAND/BND/ELEMENTS-OF-DESIGN-B4780.HTML
ELEMUSE	ELEMUSE	wayfair.com	HTTPS://WWW.WAYFAIR.COM/BRAND/BND/ELEMUSE-B95361.HTML
ELENAMILLWORK	PCIENTERPRISES	wayfair.com	HTTPS://WWW.WAYFAIR.COM/BRAND/BND/PCI-ENTERPRISES-B24484.HTML
ELEOPTION	ELEOPTION	wayfair.com	HTTPS://WWW.WAYFAIR.COM/BRAND/BND/ELEOPTION-B59000.HTML
ELEPHANCE	ELEPHANCE	wayfair.com	HTTPS://WWW.WAYFAIR.COM/BRAND/BND/ELEPHANCE-B55494.HTML
ELEPHANTSTOCK	ELEPHANTSTOCK	wayfair.com	HTTPS://WWW.WAYFAIR.COM/BRAND/BND/ELEPHANT-STOCK-B86196.HTML
ELFEASYLIGHTFEEDER	ELFEASYLIGHTFEEDER	wayfair.com	HTTPS://WWW.WAYFAIR.COM/BRAND/BND/ELF-EASY-LIGHT-FEEDER-B58625.HTML
ELFELAND	ELFELAND	wayfair.com	HTTPS://WWW.WAYFAIR.COM/BRAND/BND/ELFELAND-B68839.HTML
ELG	ELG	wayfair.com	HTTPS://WWW.WAYFAIR.COM/BRAND/BND/ELG-B105503.HTML
ELIANE	ELIANE	wayfair.com	HTTPS://WWW.WAYFAIR.COM/BRAND/BND/ELIANE-B56715.HTML
ELIBBREN	ELIBBREN	wayfair.com	HTTPS://WWW.WAYFAIR.COM/BRAND/BND/ELIBBREN-B70435.HTML
ELIFIEDEAL	ELEOPTION	wayfair.com	HTTPS://WWW.WAYFAIR.COM/BRAND/BND/ELEOPTION-B59000.HTML
ELIGHTHOME	ELIGHTHOME	wayfair.com	HTTPS://WWW.WAYFAIR.COM/BRAND/BND/ELIGHTHOME-B39704.HTML
ELISABETHYORK	ELISABETHYORK	wayfair.com	HTTPS://WWW.WAYFAIR.COM/BRAND/BND/ELISABETH-YORK-B41713.HTML
ELITEGLOBALSOLUTIONS	ELITEGLOBALSOLUTIONS	wayfair.com	HTTPS://WWW.WAYFAIR.COM/BRAND/BND/ELITE-GLOBAL-SOLUTIONS-B51464.HTML
ELITEHOMEPRODUCTS	ELITEHOMEPRODUCTS	wayfair.com	HTTPS://WWW.WAYFAIR.COM/BRAND/BND/ELITE-HOME-PRODUCTS-B25003.HTML
ELITEHOMEPRODUCTSBEDDING	ELITEHOMEPRODUCTSBEDDING	wayfair.com	HTTPS://WWW.WAYFAIR.COM/BRAND/BND/ELITE-HOME-PRODUCTS-BEDDING-B19239.HTML
ELITELIVING	ELITELIVING	wayfair.com	HTTPS://WWW.WAYFAIR.COM/BRAND/BND/ELITELIVING-B40298.HTML
ELITESCEENS	ELITESCREENS	wayfair.com	HTTPS://WWW.WAYFAIR.COM/BRAND/BND/ELITE-SCREENS-B3060.HTML
ELITESCREEN	ELITESCREENS	wayfair.com	HTTPS://WWW.WAYFAIR.COM/BRAND/BND/ELITE-SCREENS-B3060.HTML
ELITESCREENS	ELITESCREENS	wayfair.com	HTTPS://WWW.WAYFAIR.COM/BRAND/BND/ELITE-SCREENS-B3060.HTML
ELITESHADE	ELITESHADE	wayfair.com	HTTPS://WWW.WAYFAIR.COM/BRAND/BND/ELITESHADE-B57949.HTML
ELIVE	ELIV	wayfair.com	HTTPS://WWW.WAYFAIR.COM/BRAND/BND/ELIV-B44990.HTML
ELLAI	ELLAI	wayfair.com	HTTPS://WWW.WAYFAIR.COM/BRAND/BND/ELLAI-B56050.HTML
ELLAJAYNE	ELLAJAYNEHOME	wayfair.com	HTTPS://WWW.WAYFAIR.COM/BRAND/BND/ELLA-JAYNE-HOME-B43563.HTML
ELLAJAYNEHOME	ELLAJAYNEHOME	wayfair.com	HTTPS://WWW.WAYFAIR.COM/BRAND/BND/ELLA-JAYNE-HOME-B43563.HTML
ELLEDECOR	ELLEDECOR	wayfair.com	HTTPS://WWW.WAYFAIR.COM/BRAND/BND/ELLE-DECOR-B42765.HTML
ELLENDEE	EDELLENDEGENERES	wayfair.com	HTTPS://WWW.WAYFAIR.COM/BRAND/BND/ED-ELLEN-DEGENERES-B49206.HTML
ELLENDEGENERESCARFETDBYROYALDOU	EDELLENDEGENERES	wayfair.com	HTTPS://WWW.WAYFAIR.COM/BRAND/BND/ED-ELLEN-DEGENERES-B49206.HTML
ELLISCURTAIN	ELLISCURTAIN	wayfair.com	HTTPS://WWW.WAYFAIR.COM/BRAND/BND/ELLIS-CURTAIN-B12083.HTML
ELLISCURTAINS	ALELLIS	wayfair.com	HTTPS://WWW.WAYFAIR.COM/BRAND/BND/AL-ELLIS-INC-B11063.HTML
ELLYDECOR	ELLEDECOR	wayfair.com	HTTPS://WWW.WAYFAIR.COM/BRAND/BND/ELLE-DECOR-B42765.HTML
ELMUSTEEANDSON	ELMUSTEESON	wayfair.com	HTTPS://WWW.WAYFAIR.COM/BRAND/BND/EL-MUSTEE-SON-B38710.HTML
ELMUSTEESON	ELMUSTEESON	wayfair.com	HTTPS://WWW.WAYFAIR.COM/BRAND/BND/EL-MUSTEE-SON-B38710.HTML
ELMUSTEESONS	ELMUSTEESON	wayfair.com	HTTPS://WWW.WAYFAIR.COM/BRAND/BND/EL-MUSTEE-SON-B38710.HTML
ELONGHOME	ELONGHOME	wayfair.com	HTTPS://WWW.WAYFAIR.COM/BRAND/BND/ELONG-HOME-B68703.HTML
ELRENEHOMEFASHION	ELRENEHOMEFASHIONS	wayfair.com	HTTPS://WWW.WAYFAIR.COM/BRAND/BND/ELRENE-HOME-FASHIONS-B37189.HTML
ELRENEHOMEFASHIONS	ELRENEHOMEFASHIONS	wayfair.com	HTTPS://WWW.WAYFAIR.COM/BRAND/BND/ELRENE-HOME-FASHIONS-B37189.HTML
ELUXURYSUPPLY	ELUXURYSUPPLY	wayfair.com	HTTPS://WWW.WAYFAIR.COM/BRAND/BND/ELUXURYSUPPLY-B43068.HTML
ELUZE	ELUZE	wayfair.com	HTTPS://WWW.WAYFAIR.COM/BRAND/BND/ELUZE-B56162.HTML
ELVIROS	ELVIROS	wayfair.com	HTTPS://WWW.WAYFAIR.COM/BRAND/BND/ELVIROS-B68844.HTML
ELWISH	ELECWISH	wayfair.com	HTTPS://WWW.WAYFAIR.COM/BRAND/BND/ELECWISH-B51770.HTML
ELYSSIADECORHOME	ELLEHOME	wayfair.com	HTTPS://WWW.WAYFAIR.COM/BRAND/BND/ELLE-HOME-B48711.HTML
EMAXEE	EMAXEE	wayfair.com	HTTPS://WWW.WAYFAIR.COM/BRAND/BND/EMAXEE-B101015.HTML
EMERALDFURNISHING	EMERALDHOMEFURNISHINGS	wayfair.com	HTTPS://WWW.WAYFAIR.COM/BRAND/BND/EMERALD-HOME-FURNISHINGS-B11306.HTML
EMERALDFURNISHINGS	EMERALDHOMEFURNISHINGS	wayfair.com	HTTPS://WWW.WAYFAIR.COM/BRAND/BND/EMERALD-HOME-FURNISHINGS-B11306.HTML
EMERALDHOME	EMERALDHOMEFURNISHINGS	wayfair.com	HTTPS://WWW.WAYFAIR.COM/BRAND/BND/EMERALD-HOME-FURNISHINGS-B11306.HTML
EMERALDHOMEFURNISHING	EMERALDHOMEFURNISHINGS	wayfair.com	HTTPS://WWW.WAYFAIR.COM/BRAND/BND/EMERALD-HOME-FURNISHINGS-B11306.HTML
EMERALDHOMEFURNISHINGS	EMERALDHOMEFURNISHINGS	wayfair.com	HTTPS://WWW.WAYFAIR.COM/BRAND/BND/EMERALD-HOME-FURNISHINGS-B11306.HTML
EMERALDHOMEFURNITURE	EMERALDHOMEFURNISHINGS	wayfair.com	HTTPS://WWW.WAYFAIR.COM/BRAND/BND/EMERALD-HOME-FURNISHINGS-B11306.HTML
EMERSONFANS	EMERSONFANS	wayfair.com	HTTPS://WWW.WAYFAIR.COM/BRAND/BND/EMERSON-FANS-B684.HTML
EMISSARYHOMEANDGARDEN	EMISSARY	wayfair.com	HTTPS://WWW.WAYFAIR.COM/BRAND/BND/EMISSARY-B9650.HTML
EMLIVIAR	EMLIVIAR	wayfair.com	HTTPS://WWW.WAYFAIR.COM/BRAND/BND/EMLIVIAR-B52073.HTML
EMODERNDECOR	ARIEL	wayfair.com	HTTPS://WWW.WAYFAIR.COM/BRAND/BND/ARIEL-B46365.HTML
EMPAVA	EMPAVA	wayfair.com	HTTPS://WWW.WAYFAIR.COM/BRAND/BND/EMPAVA-B43079.HTML
EMPIREART	EMPIREARTDIRECT	wayfair.com	HTTPS://WWW.WAYFAIR.COM/BRAND/BND/EMPIRE-ART-DIRECT-B34548.HTML
EMPIREARTDIRECT	EMPIREARTDIRECT	wayfair.com	HTTPS://WWW.WAYFAIR.COM/BRAND/BND/EMPIRE-ART-DIRECT-B34548.HTML
EMPIREUSA	EMPIREUSA	wayfair.com	HTTPS://WWW.WAYFAIR.COM/BRAND/BND/EMPIRE-USA-B103161.HTML
EMSCOGROUP	EMSCOGROUP	wayfair.com	HTTPS://WWW.WAYFAIR.COM/BRAND/BND/EMSCO-GROUP-B20552.HTML
EMSERTILE	EMSERTILE	wayfair.com	HTTPS://WWW.WAYFAIR.COM/BRAND/BND/EMSER-TILE-B11853.HTML
EMTEK	EMTEK	wayfair.com	HTTPS://WWW.WAYFAIR.COM/BRAND/BND/EMTEK-B41161.HTML
EMTEKHARDWARE	EMTEK	wayfair.com	HTTPS://WWW.WAYFAIR.COM/BRAND/BND/EMTEK-B41161.HTML
ENCHANTEACCESSORIES	ENCHANTEACCESSORIES	wayfair.com	HTTPS://WWW.WAYFAIR.COM/BRAND/BND/ENCHANTE-ACCESSORIES-B66381.HTML
ENCHANTEDHOME	THEENCHANTEDHOME	wayfair.com	HTTPS://WWW.WAYFAIR.COM/BRAND/BND/THE-ENCHANTED-HOME-B62752.HTML
ENCHANTEDHOMELET	THEENCHANTEDHOME	wayfair.com	HTTPS://WWW.WAYFAIR.COM/BRAND/BND/THE-ENCHANTED-HOME-B62752.HTML
ENCHANTEDTALAVERA	ENCHANTEDTALAVERA	wayfair.com	HTTPS://WWW.WAYFAIR.COM/BRAND/BND/ENCHANTED-TALAVERA-B80837.HTML
ENCLO	ENCLO	wayfair.com	HTTPS://WWW.WAYFAIR.COM/BRAND/BND/ENCLO-B66900.HTML
ENCLUME	ENCLUME	wayfair.com	HTTPS://WWW.WAYFAIR.COM/BRAND/BND/ENCLUME-B214.HTML
ENCLUMEDESIGN	ENCLUME	wayfair.com	HTTPS://WWW.WAYFAIR.COM/BRAND/BND/ENCLUME-B214.HTML
ENCLUMEDESIGNPRODUCTS	ENCLUME	wayfair.com	HTTPS://WWW.WAYFAIR.COM/BRAND/BND/ENCLUME-B214.HTML
ENDURAFLAP	ENDURAFLAP	wayfair.com	HTTPS://WWW.WAYFAIR.COM/BRAND/BND/ENDURAFLAP-B41554.HTML
ENENE	ENENE	wayfair.com	HTTPS://WWW.WAYFAIR.COM/BRAND/BND/ENENE-B66454.HTML
ENERGETICLIGHTING	ENERGETICLIGHTING	wayfair.com	HTTPS://WWW.WAYFAIR.COM/BRAND/BND/ENERGETIC-LIGHTING-B13868.HTML
ENERGETICSMARTERLIGHTING	ENERGETICLIGHTING	wayfair.com	HTTPS://WWW.WAYFAIR.COM/BRAND/BND/ENERGETIC-LIGHTING-B13868.HTML
ENGINEEREDNOW	ENGINEEREDNOW	wayfair.com	HTTPS://WWW.WAYFAIR.COM/BRAND/BND/ENGINEERED-NOW-B78685.HTML
ENHOMEE	ENHOMEE	wayfair.com	HTTPS://WWW.WAYFAIR.COM/BRAND/BND/ENHOMEE-B86420.HTML
ENITIALLAB	ENITIALLAB	wayfair.com	HTTPS://WWW.WAYFAIR.COM/BRAND/BND/ENITIALLAB-B10387.HTML
ENJOYARTSHOME	HOMEART	wayfair.com	HTTPS://WWW.WAYFAIR.COM/BRAND/BND/HOMEART-B87437.HTML
ENJOYHOME	IENJOYHOME	wayfair.com	HTTPS://WWW.WAYFAIR.COM/BRAND/BND/IENJOY-HOME-B31745.HTML
ENLUXHOME	LUXENHOME	wayfair.com	HTTPS://WWW.WAYFAIR.COM/BRAND/BND/LUXEN-HOME-B52001.HTML
ENOVAHOME	ENOVAHOME	wayfair.com	HTTPS://WWW.WAYFAIR.COM/BRAND/BND/ENOVA-HOME-B50388.HTML
ENTRYWAYSBASICS	ENTRYWAYS	wayfair.com	HTTPS://WWW.WAYFAIR.COM/BRAND/BND/ENTRYWAYS-B22522.HTML
ENVELOR	ENVELORHOME	wayfair.com	HTTPS://WWW.WAYFAIR.COM/BRAND/BND/ENVELOR-HOME-B39806.HTML
ENVELORHOME	ENVELORHOME	wayfair.com	HTTPS://WWW.WAYFAIR.COM/BRAND/BND/ENVELOR-HOME-B39806.HTML
ENVELORHOMEANDGAR	ENVELORHOME	wayfair.com	HTTPS://WWW.WAYFAIR.COM/BRAND/BND/ENVELOR-HOME-B39806.HTML
ENVELORHOMEANDGARDEN	ENVELOR	wayfair.com	HTTPS://WWW.WAYFAIR.COM/BRAND/BND/ENVELOR-B50756.HTML
ENVIOHOME	ENVIOHOME	wayfair.com	HTTPS://WWW.WAYFAIR.COM/BRAND/BND/ENVIOHOME-B49729.HTML
EOHMAY	EUHOMY	wayfair.com	HTTPS://WWW.WAYFAIR.COM/BRAND/BND/EUHOMY-B53950.HTML
EONPET	ANYPET	wayfair.com	HTTPS://WWW.WAYFAIR.COM/BRAND/BND/ANYPET-B85934.HTML
EPDESIGNLAB	EPDESIGNLAB	wayfair.com	HTTPS://WWW.WAYFAIR.COM/BRAND/BND/EP-DESIGNLAB-LLC-B61464.HTML
EPICADVENTUREMAPS	EPICADVENTUREMAPS	wayfair.com	HTTPS://WWW.WAYFAIR.COM/BRAND/BND/EPIC-ADVENTURE-MAPS-B50148.HTML
EPICFURNISHINGS	EPICFURNISHINGS	wayfair.com	HTTPS://WWW.WAYFAIR.COM/BRAND/BND/EPIC-FURNISHINGS-LLC-B36211.HTML
EPICGRAFFITI	EPICGRAFFITI	wayfair.com	HTTPS://WWW.WAYFAIR.COM/BRAND/BND/EPIC-GRAFFITI-B41165.HTML
EPICGRAFFITIS	EPICGRAFFITI	wayfair.com	HTTPS://WWW.WAYFAIR.COM/BRAND/BND/EPIC-GRAFFITI-B41165.HTML
EPICHOMEFURNISHING	EPICFURNISHINGS	wayfair.com	HTTPS://WWW.WAYFAIR.COM/BRAND/BND/EPIC-FURNISHINGS-LLC-B36211.HTML
EPICINTERNATIONAL	EPICINTERNATIONAL	wayfair.com	HTTPS://WWW.WAYFAIR.COM/BRAND/BND/EPIC-INTERNATIONAL-B53484.HTML
EPICUREANIST	EPICUREANIST	wayfair.com	HTTPS://WWW.WAYFAIR.COM/BRAND/BND/EPICUREANIST-B9940.HTML
EPOCHDESIGN	EPOCHDESIGN	wayfair.com	HTTPS://WWW.WAYFAIR.COM/BRAND/BND/EPOCH-DESIGN-B25384.HTML
EPROSMIN	EPROSMIN	wayfair.com	HTTPS://WWW.WAYFAIR.COM/BRAND/BND/EPROSMIN-B62763.HTML
EQ3	EQ3	wayfair.com	HTTPS://WWW.WAYFAIR.COM/BRAND/BND/EQ3-B24731.HTML
EQKITCHENLINE	EQKITCHENLINE	wayfair.com	HTTPS://WWW.WAYFAIR.COM/BRAND/BND/EQ-KITCHEN-LINE-B48090.HTML
EQLOO	EQLOO	wayfair.com	HTTPS://WWW.WAYFAIR.COM/BRAND/BND/EQLOO-B58218.HTML
EQUATORADVANCEDAPPLIANCES	EQUATORADVANCEDAPPLIANCES	wayfair.com	HTTPS://WWW.WAYFAIR.COM/BRAND/BND/EQUATOR-ADVANCED-APPLIANCES-B54879.HTML
EQUIPECERAMICS	EQUIPECERAMICAS	wayfair.com	HTTPS://WWW.WAYFAIR.COM/BRAND/BND/EQUIPE-CERAMICAS-B50767.HTML
ERBENDESIGNS	EBERNDESIGNS	wayfair.com	HTTPS://WWW.WAYFAIR.COM/BRAND/BND/EBERN-DESIGNS-B44308.HTML
ERF	ERF	wayfair.com	HTTPS://WWW.WAYFAIR.COM/BRAND/BND/ERF-INC-B54480.HTML
ERGOCHEF	ERGOCHEF	wayfair.com	HTTPS://WWW.WAYFAIR.COM/BRAND/BND/ERGO-CHEF-B2877.HTML
ERGODESIGN	ERGODESIGN	wayfair.com	HTTPS://WWW.WAYFAIR.COM/BRAND/BND/ERGODESIGN-B65763.HTML
ERGOERGO	ERGOERGO	wayfair.com	HTTPS://WWW.WAYFAIR.COM/BRAND/BND/ERGOERGO-B20410.HTML
ERIDANUS	ERIDANUS	wayfair.com	HTTPS://WWW.WAYFAIR.COM/BRAND/BND/ERIDANUS-B58656.HTML
ERINBENCO	ERINBENCO	wayfair.com	HTTPS://WWW.WAYFAIR.COM/BRAND/BND/ERIN-BEN-CO-B85161.HTML
ERINGATESBYMOMENIRUGS	ERINGATESBYMOMENI	wayfair.com	HTTPS://WWW.WAYFAIR.COM/BRAND/BND/ERIN-GATES-BY-MOMENI-B46791.HTML
ERIVESS	ERIVESS	wayfair.com	HTTPS://WWW.WAYFAIR.COM/BRAND/BND/ERIVESS-B101146.HTML
EROMMY	EROMMY	wayfair.com	HTTPS://WWW.WAYFAIR.COM/BRAND/BND/EROMMY-B57142.HTML
EROMY	EROMMY	wayfair.com	HTTPS://WWW.WAYFAIR.COM/BRAND/BND/EROMMY-B57142.HTML
ERONMY	EROMMY	wayfair.com	HTTPS://WWW.WAYFAIR.COM/BRAND/BND/EROMMY-B57142.HTML
ERUOSTYLE	EUROSTYLE	wayfair.com	HTTPS://WWW.WAYFAIR.COM/BRAND/BND/EUROSTYLE-B408.HTML
ESCEST	ESCEST	wayfair.com	HTTPS://WWW.WAYFAIR.COM/BRAND/BND/ESCEST-B70746.HTML
ESELITESCREENS	ELITESCREENS	wayfair.com	HTTPS://WWW.WAYFAIR.COM/BRAND/BND/ELITE-SCREENS-B3060.HTML
ESELLTOTAL	ESELL	wayfair.com	HTTPS://WWW.WAYFAIR.COM/BRAND/BND/ESELL-B70104.HTML
ESENLITE	ESENLITE	wayfair.com	HTTPS://WWW.WAYFAIR.COM/BRAND/BND/ESENLITE-B58276.HTML
ESHINE	ESHINE	wayfair.com	HTTPS://WWW.WAYFAIR.COM/BRAND/BND/ESHINE-B76229.HTML
ESHINELEISURE	ESHINE	wayfair.com	HTTPS://WWW.WAYFAIR.COM/BRAND/BND/ESHINE-B76229.HTML
ESHOO	ESHOO	wayfair.com	HTTPS://WWW.WAYFAIR.COM/BRAND/BND/ESHOO-B64411.HTML
ESMERTILE	EMSERTILE	wayfair.com	HTTPS://WWW.WAYFAIR.COM/BRAND/BND/EMSER-TILE-B11853.HTML
ESOFASTORE	ESOFASTORE	wayfair.com	HTTPS://WWW.WAYFAIR.COM/BRAND/BND/ESOFASTORE-B49905.HTML
ESONMUS	ESONMUS	wayfair.com	HTTPS://WWW.WAYFAIR.COM/BRAND/BND/ESONMUS-B60275.HTML
ESPALMA	ESPALMA	wayfair.com	HTTPS://WWW.WAYFAIR.COM/BRAND/BND/ESPALMA-B30656.HTML
ESROBBINSCORP	ESROBBINS	wayfair.com	HTTPS://WWW.WAYFAIR.COM/BRAND/BND/ES-ROBBINS-B6463.HTML
ESSCHERTDESIGN	ESSCHERTDESIGN	wayfair.com	HTTPS://WWW.WAYFAIR.COM/BRAND/BND/ESSCHERTDESIGN-B20224.HTML
ESSCHERTDESIGNAM68ROUNDAGEDMETA	ESSCHERTDESIGN	wayfair.com	HTTPS://WWW.WAYFAIR.COM/BRAND/BND/ESSCHERTDESIGN-B20224.HTML
ESSCHERTDESIGNUSA	ESSCHERTDESIGN	wayfair.com	HTTPS://WWW.WAYFAIR.COM/BRAND/BND/ESSCHERTDESIGN-B20224.HTML
ESSCHERTS	ESSCHERTDESIGN	wayfair.com	HTTPS://WWW.WAYFAIR.COM/BRAND/BND/ESSCHERTDESIGN-B20224.HTML
ESSCHERTSDESIGN	ESSCHERTDESIGN	wayfair.com	HTTPS://WWW.WAYFAIR.COM/BRAND/BND/ESSCHERTDESIGN-B20224.HTML
ESSELTEPENDAFLEXCORPORATION	ESSELTE	wayfair.com	HTTPS://WWW.WAYFAIR.COM/BRAND/BND/ESSELTE-B5257.HTML
ESSENTIALDCOR	ESSENTIALDECORBEYOND	wayfair.com	HTTPS://WWW.WAYFAIR.COM/BRAND/BND/ESSENTIAL-DECOR-BEYOND-B20180.HTML
ESSENTIALDECOR	ESSENTIALDECORBEYOND	wayfair.com	HTTPS://WWW.WAYFAIR.COM/BRAND/BND/ESSENTIAL-DECOR-BEYOND-B20180.HTML
ESSENTIALDECORBEYOND	ESSENTIALDECORBEYOND	wayfair.com	HTTPS://WWW.WAYFAIR.COM/BRAND/BND/ESSENTIAL-DECOR-BEYOND-B20180.HTML
ESSENTIALLOUNGER	ESSENTIALLOUNGER	wayfair.com	HTTPS://WWW.WAYFAIR.COM/BRAND/BND/ESSENTIAL-LOUNGER-B66097.HTML
ESSENTIALLYYOURS	ESSENTIALLYYOURS	wayfair.com	HTTPS://WWW.WAYFAIR.COM/BRAND/BND/ESSENTIALLY-YOURS-B65676.HTML
ETHANPETS	ETHANPETS	wayfair.com	HTTPS://WWW.WAYFAIR.COM/BRAND/BND/ETHAN-PETS-B24033.HTML
ETISOLIDSTATELIGHTING	ETISOLIDSTATELIGHTING	wayfair.com	HTTPS://WWW.WAYFAIR.COM/BRAND/BND/ETI-SOLID-STATE-LIGHTING-B56141.HTML
ETOSELL	ETOSELL	wayfair.com	HTTPS://WWW.WAYFAIR.COM/BRAND/BND/ETOSELL-B64905.HTML
ETTAAVENUE	ETTAAVENUE	wayfair.com	HTTPS://WWW.WAYFAIR.COM/BRAND/BND/ETTA-AVENUE-B59930.HTML
ETTAAVENUETEEN	ETTAAVENUETEEN	wayfair.com	HTTPS://WWW.WAYFAIR.COM/BRAND/BND/ETTA-AVENUE-TEEN-B59931.HTML
ETUHOME	ETUHOME	wayfair.com	HTTPS://WWW.WAYFAIR.COM/BRAND/BND/ETUHOME-B18586.HTML
EUGLIGHTCO	EGLO	wayfair.com	HTTPS://WWW.WAYFAIR.COM/BRAND/BND/EGLO-B17774.HTML
EUHOMY	EUHOMY	wayfair.com	HTTPS://WWW.WAYFAIR.COM/BRAND/BND/EUHOMY-B53950.HTML
EUKER	EUKER	wayfair.com	HTTPS://WWW.WAYFAIR.COM/BRAND/BND/EUKER-B92435.HTML
EUREKAERGONOMICS	EUREKAERGONOMIC	wayfair.com	HTTPS://WWW.WAYFAIR.COM/BRAND/BND/EUREKA-ERGONOMIC-B48744.HTML
EUROCERAMIC	EUROCERAMICA	wayfair.com	HTTPS://WWW.WAYFAIR.COM/BRAND/BND/EURO-CERAMICA-B18903.HTML
EUROCERAMICA	EUROCERAMICA	wayfair.com	HTTPS://WWW.WAYFAIR.COM/BRAND/BND/EURO-CERAMICA-B18903.HTML
EUROCUISINE	EUROCUISINE	wayfair.com	HTTPS://WWW.WAYFAIR.COM/BRAND/BND/EURO-CUISINE-B8221.HTML
EUROHOME	EUROHOMELIGHTING	wayfair.com	HTTPS://WWW.WAYFAIR.COM/BRAND/BND/EUROHOME-LIGHTING-B47666.HTML
EUROPATEX	EUROPATEX	wayfair.com	HTTPS://WWW.WAYFAIR.COM/BRAND/BND/EUROPATEX-B24062.HTML
EUROSTYL	EUROSTYLE	wayfair.com	HTTPS://WWW.WAYFAIR.COM/BRAND/BND/EUROSTYLE-B408.HTML
EUROSTYLE	EUROSTYLE	wayfair.com	HTTPS://WWW.WAYFAIR.COM/BRAND/BND/EUROSTYLE-B408.HTML
EUROSTYLECOLLECTION	EUROSTYLE	wayfair.com	HTTPS://WWW.WAYFAIR.COM/BRAND/BND/EUROSTYLE-B408.HTML
EUROTECHSEATING	EUROTECHSEATING	wayfair.com	HTTPS://WWW.WAYFAIR.COM/BRAND/BND/EUROTECH-SEATING-B30579.HTML
EUROTREND	EUROTREND	wayfair.com	HTTPS://WWW.WAYFAIR.COM/BRAND/BND/EUROTREND-B82759.HTML
EUROTRENDUS	EUROTREND	wayfair.com	HTTPS://WWW.WAYFAIR.COM/BRAND/BND/EUROTREND-B82759.HTML
EURUSHOME	EURUSHOME	wayfair.com	HTTPS://WWW.WAYFAIR.COM/BRAND/BND/EURUSHOME-B45560.HTML
EVANSSPORTS	EVANSSPORTS	wayfair.com	HTTPS://WWW.WAYFAIR.COM/BRAND/BND/EVANS-SPORTS-B17562.HTML
EVASOLO	EVASOLONORTHAMERICA	wayfair.com	HTTPS://WWW.WAYFAIR.COM/BRAND/BND/EVA-SOLO-NORTH-AMERICA-B43319.HTML
EVELLSTOR	EVOLUR	wayfair.com	HTTPS://WWW.WAYFAIR.COM/BRAND/BND/EVOLUR-B40236.HTML
EVELOTS	EVELOTS	wayfair.com	HTTPS://WWW.WAYFAIR.COM/BRAND/BND/EVELOTS-B42959.HTML
EVELYNQUINN	EVERLYQUINN	wayfair.com	HTTPS://WWW.WAYFAIR.COM/BRAND/BND/EVERLY-QUINN-B44311.HTML
EVENHUG	EVENHUG	wayfair.com	HTTPS://WWW.WAYFAIR.COM/BRAND/BND/EVENHUG-B86302.HTML
EVERADVANCE	EVERADVANCED	wayfair.com	HTTPS://WWW.WAYFAIR.COM/BRAND/BND/EVER-ADVANCED-B60016.HTML
EVERADVANCED	EVERADVANCED	wayfair.com	HTTPS://WWW.WAYFAIR.COM/BRAND/BND/EVER-ADVANCED-B60016.HTML
EVERCUT	EVERCUT	wayfair.com	HTTPS://WWW.WAYFAIR.COM/BRAND/BND/EVERCUT-B53818.HTML
EVEREZE	EVEREZE	wayfair.com	HTTPS://WWW.WAYFAIR.COM/BRAND/BND/EVEREZE-B63114.HTML
EVERGRACE	EVERGRACE	wayfair.com	HTTPS://WWW.WAYFAIR.COM/BRAND/BND/EVERGRACE-B54198.HTML
EVERGREENCLASSICS	EVERGREENCLASSIC	wayfair.com	HTTPS://WWW.WAYFAIR.COM/BRAND/BND/EVERGREEN-CLASSIC-B70317.HTML
EVERGREENENTERPRI	EVERGREENENTERPRISES	wayfair.com	HTTPS://WWW.WAYFAIR.COM/BRAND/BND/EVERGREEN-ENTERPRISES-INC-B13210.HTML
EVERGREENENTERPRISES	EVERGREENENTERPRISES	wayfair.com	HTTPS://WWW.WAYFAIR.COM/BRAND/BND/EVERGREEN-ENTERPRISES-INC-B13210.HTML
EVERGREENFLAG	EVERGREENFLAGGARDEN	wayfair.com	HTTPS://WWW.WAYFAIR.COM/BRAND/BND/EVERGREEN-FLAG-GARDEN-B22993.HTML
EVERGREENFLAGANDGARDEN	EVERGREENFLAGGARDEN	wayfair.com	HTTPS://WWW.WAYFAIR.COM/BRAND/BND/EVERGREEN-FLAG-GARDEN-B22993.HTML
EVERGREENFLAGGARDEN	EVERGREENFLAGGARDEN	wayfair.com	HTTPS://WWW.WAYFAIR.COM/BRAND/BND/EVERGREEN-FLAG-GARDEN-B22993.HTML
EVERKITCH	EVERKITCH	wayfair.com	HTTPS://WWW.WAYFAIR.COM/BRAND/BND/EVERKITCH-B93424.HTML
EVERLASTINGGLOW	EVERLASTINGGLOW	wayfair.com	HTTPS://WWW.WAYFAIR.COM/BRAND/BND/EVERLASTING-GLOW-B54881.HTML
EVERLY60INACRYLICFLATBOTTOMBAT	EVERLYQUINN	wayfair.com	HTTPS://WWW.WAYFAIR.COM/BRAND/BND/EVERLY-QUINN-B44311.HTML
EVERLYQUEEN	EVERLYQUINN	wayfair.com	HTTPS://WWW.WAYFAIR.COM/BRAND/BND/EVERLY-QUINN-B44311.HTML
EVERLYQUIN	EVERLYQUINN	wayfair.com	HTTPS://WWW.WAYFAIR.COM/BRAND/BND/EVERLY-QUINN-B44311.HTML
EVERLYQUINN	EVERLYQUINN	wayfair.com	HTTPS://WWW.WAYFAIR.COM/BRAND/BND/EVERLY-QUINN-B44311.HTML
EVERPLUSH	EVERPLUSH	wayfair.com	HTTPS://WWW.WAYFAIR.COM/BRAND/BND/EVERPLUSH-B43082.HTML
EVERSTEIN	EVERSTEIN	wayfair.com	HTTPS://WWW.WAYFAIR.COM/BRAND/BND/EVERSTEIN-B80388.HTML
EVERYDAYHOME	EVERYDAYHOME	wayfair.com	HTTPS://WWW.WAYFAIR.COM/BRAND/BND/EVERYDAY-HOME-B39310.HTML
EVERYLOFT	MODLOFT	wayfair.com	HTTPS://WWW.WAYFAIR.COM/BRAND/BND/MODLOFT-B2896.HTML
EVGTTI	EVGTTI	wayfair.com	HTTPS://WWW.WAYFAIR.COM/BRAND/BND/EVGTTI-B98022.HTML
EVIDECO	EVIDECO	wayfair.com	HTTPS://WWW.WAYFAIR.COM/BRAND/BND/EVIDECO-B39537.HTML
EVIRHOLDER	EVRIHOLDER	wayfair.com	HTTPS://WWW.WAYFAIR.COM/BRAND/BND/EVRIHOLDER-B10857.HTML
EVIRIHOLDER	EVRIHOLDER	wayfair.com	HTTPS://WWW.WAYFAIR.COM/BRAND/BND/EVRIHOLDER-B10857.HTML
EVLA	EVLAS	wayfair.com	HTTPS://WWW.WAYFAIR.COM/BRAND/BND/EVLAS-B87122.HTML
EVLAS	EVLAS	wayfair.com	HTTPS://WWW.WAYFAIR.COM/BRAND/BND/EVLAS-B87122.HTML
EVLATTE	EVELOTS	wayfair.com	HTTPS://WWW.WAYFAIR.COM/BRAND/BND/EVELOTS-B42959.HTML
EVOIO	EVOIO	wayfair.com	HTTPS://WWW.WAYFAIR.COM/BRAND/BND/EVOIO-B65453.HTML
EVOLIVE	EVOLIVE	wayfair.com	HTTPS://WWW.WAYFAIR.COM/BRAND/BND/EVOLIVE-B49413.HTML
EVOLIVEHOMECOLLECTION	EVOLIVE	wayfair.com	HTTPS://WWW.WAYFAIR.COM/BRAND/BND/EVOLIVE-B49413.HTML
EVOLUR	EVOLUR	wayfair.com	HTTPS://WWW.WAYFAIR.COM/BRAND/BND/EVOLUR-B40236.HTML
EVOLURPARKER5IN1CONVERTIBLECRI	EVOLUR	wayfair.com	HTTPS://WWW.WAYFAIR.COM/BRAND/BND/EVOLUR-B40236.HTML
EVRIHOLDER	EVRIHOLDER	wayfair.com	HTTPS://WWW.WAYFAIR.COM/BRAND/BND/EVRIHOLDER-B10857.HTML
EVRIHOLDERPRODUCTS	EVRIHOLDER	wayfair.com	HTTPS://WWW.WAYFAIR.COM/BRAND/BND/EVRIHOLDER-B10857.HTML
EWBANK	EWBANK	wayfair.com	HTTPS://WWW.WAYFAIR.COM/BRAND/BND/EWBANK-B30335.HTML
EXACME	EXACME	wayfair.com	HTTPS://WWW.WAYFAIR.COM/BRAND/BND/EXACME-B41990.HTML
EXBRIGHT	EXBRITE	wayfair.com	HTTPS://WWW.WAYFAIR.COM/BRAND/BND/EXBRITE-B53576.HTML
EXBRITE	EXBRITE	wayfair.com	HTTPS://WWW.WAYFAIR.COM/BRAND/BND/EXBRITE-B53576.HTML
EXCELLOGLOBALPRODUCTS	EXCELLOGLOBALPRODUCTS	wayfair.com	HTTPS://WWW.WAYFAIR.COM/BRAND/BND/EXCELLO-GLOBAL-PRODUCTS-B64329.HTML
EXCLUSIVEFABRICSFURNISHINGS	HALFPRICEDRAPES	wayfair.com	HTTPS://WWW.WAYFAIR.COM/BRAND/BND/HALF-PRICE-DRAPES-B17819.HTML
EXERZ	EXERZ	wayfair.com	HTTPS://WWW.WAYFAIR.COM/BRAND/BND/EXERZ-B53898.HTML
EXOTICINDIA	EXOTICINDIA	wayfair.com	HTTPS://WWW.WAYFAIR.COM/BRAND/BND/EXOTIC-INDIA-B61939.HTML
EXOTICPEBBLES	EXOTICPEBBLESGLASS	wayfair.com	HTTPS://WWW.WAYFAIR.COM/BRAND/BND/EXOTIC-PEBBLES-GLASS-B55006.HTML
EXPANDEDTECHNOLOGIES	EXPANDEDTECHNOLOGIES	wayfair.com	HTTPS://WWW.WAYFAIR.COM/BRAND/BND/EXPANDED-TECHNOLOGIES-B59163.HTML
EXPLOREHARDWARE	EXPLOREHARDWARE	wayfair.com	HTTPS://WWW.WAYFAIR.COM/BRAND/BND/EXPLORE-HARDWARE-B66887.HTML
EXQUISITEGAMING	EXQUISITEGAMING	wayfair.com	HTTPS://WWW.WAYFAIR.COM/BRAND/BND/EXQUISITE-GAMING-B77141.HTML
EXQUISITERUGS	EXQUISITERUGS	wayfair.com	HTTPS://WWW.WAYFAIR.COM/BRAND/BND/EXQUISITE-RUGS-B45721.HTML
EYHOMY	EUHOMY	wayfair.com	HTTPS://WWW.WAYFAIR.COM/BRAND/BND/EUHOMY-B53950.HTML
EYILAI	ELLAI	wayfair.com	HTTPS://WWW.WAYFAIR.COM/BRAND/BND/ELLAI-B56050.HTML
EZDRINKER	EZDRINKER	wayfair.com	HTTPS://WWW.WAYFAIR.COM/BRAND/BND/EZ-DRINKER-B24852.HTML
EZEKIELANDSTEARNS	EZEKIELANDSTEARNS	wayfair.com	HTTPS://WWW.WAYFAIR.COM/BRAND/BND/EZEKIEL-AND-STEARNS-B41884.HTML
EZETEK	EZETEK	wayfair.com	HTTPS://WWW.WAYFAIR.COM/BRAND/BND/EZETEK-B81239.HTML
EZHANDYHELPER	EZWHELP	wayfair.com	HTTPS://WWW.WAYFAIR.COM/BRAND/BND/EZWHELP-B86586.HTML
EZKUT	EZKUTPRODUCTS	wayfair.com	HTTPS://WWW.WAYFAIR.COM/BRAND/BND/EZ-KUT-PRODUCTS-B82915.HTML
EZLIFE	EZLIFE	wayfair.com	HTTPS://WWW.WAYFAIR.COM/BRAND/BND/EZLIFE-B106598.HTML
EZLIFEPRODUCTS	EZLIFE	wayfair.com	HTTPS://WWW.WAYFAIR.COM/BRAND/BND/EZLIFE-B106598.HTML
EZLIFESDESIGN	EZLIFE	wayfair.com	HTTPS://WWW.WAYFAIR.COM/BRAND/BND/EZLIFE-B106598.HTML
EZPROGEAR	EZPROGEAR	wayfair.com	HTTPS://WWW.WAYFAIR.COM/BRAND/BND/EZPROGEAR-B68542.HTML
EZRLIFE	EZLIFE	wayfair.com	HTTPS://WWW.WAYFAIR.COM/BRAND/BND/EZLIFE-B106598.HTML
EZSPORTEZ	EZSPORT	wayfair.com	HTTPS://WWW.WAYFAIR.COM/BRAND/BND/EZSPORT-B73073.HTML
EZVALO	EZVALO	wayfair.com	HTTPS://WWW.WAYFAIR.COM/BRAND/BND/EZVALO-B104962.HTML
EZWHELP	EZWHELP	wayfair.com	HTTPS://WWW.WAYFAIR.COM/BRAND/BND/EZWHELP-B86586.HTML
F2C	F2CGLOBALLIMITED	wayfair.com	HTTPS://WWW.WAYFAIR.COM/BRAND/BND/F2C-GLOBAL-LIMITED-B87845.HTML
FABATO	FABATO	wayfair.com	HTTPS://WWW.WAYFAIR.COM/BRAND/BND/FABATO-B72335.HTML
FABGLASS	FABGLASSANDMIRROR	wayfair.com	HTTPS://WWW.WAYFAIR.COM/BRAND/BND/FAB-GLASS-AND-MIRROR-B41174.HTML
FABGLASSANDMIRROR	FABGLASSANDMIRROR	wayfair.com	HTTPS://WWW.WAYFAIR.COM/BRAND/BND/FAB-GLASS-AND-MIRROR-B41174.HTML
FABGLASSMIRROR	FABGLASSANDMIRROR	wayfair.com	HTTPS://WWW.WAYFAIR.COM/BRAND/BND/FAB-GLASS-AND-MIRROR-B41174.HTML
FABMIRROR	FABGLASSANDMIRROR	wayfair.com	HTTPS://WWW.WAYFAIR.COM/BRAND/BND/FAB-GLASS-AND-MIRROR-B41174.HTML
FABRIQUEINNOVATIONS	FABRIQUE	wayfair.com	HTTPS://WWW.WAYFAIR.COM/BRAND/BND/FABRIQUE-B52628.HTML
FABRIQUEINNOVATIONSUSPETS	FABRIQUE	wayfair.com	HTTPS://WWW.WAYFAIR.COM/BRAND/BND/FABRIQUE-B52628.HTML
FABSTYLES	FABSTYLES	wayfair.com	HTTPS://WWW.WAYFAIR.COM/BRAND/BND/FABSTYLES-B37363.HTML
FACELLE	FACELLE	wayfair.com	HTTPS://WWW.WAYFAIR.COM/BRAND/BND/FACELLE-B104279.HTML
FACILEHOME	FACILEHOME	wayfair.com	HTTPS://WWW.WAYFAIR.COM/BRAND/BND/FACILEHOME-B60097.HTML
FACTORYDIRECT	FACTORYDIRECTPARTNERS	wayfair.com	HTTPS://WWW.WAYFAIR.COM/BRAND/BND/FACTORY-DIRECT-PARTNERS-B51009.HTML
FACTORYDIRECTPARTNERS	FACTORYDIRECTPARTNERS	wayfair.com	HTTPS://WWW.WAYFAIR.COM/BRAND/BND/FACTORY-DIRECT-PARTNERS-B51009.HTML
FACTORYDIRECTWHOLESALE	FACTORYDIRECTWHOLESALESNN	wayfair.com	HTTPS://WWW.WAYFAIR.COM/BRAND/BND/FACTORY-DIRECT-WHOLESALES-NN-B104584.HTML
FAIRFAXCOLLECTION	FAIRFAXHOMECOLLECTIONS	wayfair.com	HTTPS://WWW.WAYFAIR.COM/BRAND/BND/FAIRFAX-HOME-COLLECTIONS-B37795.HTML
FAIRFAXHOMECOLLECTIONS	FAIRFAXHOMECOLLECTIONS	wayfair.com	HTTPS://WWW.WAYFAIR.COM/BRAND/BND/FAIRFAX-HOME-COLLECTIONS-B37795.HTML
FAITUCOS	FIESTA	wayfair.com	HTTPS://WWW.WAYFAIR.COM/BRAND/BND/FIESTA-B1200.HTML
FAMIWARE	FAMIWARE	wayfair.com	HTTPS://WWW.WAYFAIR.COM/BRAND/BND/FAMIWARE-B77392.HTML
FAMOUSHOMEFASHIONS	FAMOUSHOMEFASHIONS	wayfair.com	HTTPS://WWW.WAYFAIR.COM/BRAND/BND/FAMOUS-HOME-FASHIONS-B23570.HTML
FANCREATIONS	FANCREATIONS	wayfair.com	HTTPS://WWW.WAYFAIR.COM/BRAND/BND/FAN-CREATIONS-B2412.HTML
FANFAIR	FANFAIR	wayfair.com	HTTPS://WWW.WAYFAIR.COM/BRAND/BND/FANFAIR-B30963.HTML
FANGIOLIGHTING	FANGIO	wayfair.com	HTTPS://WWW.WAYFAIR.COM/BRAND/BND/FANGIO-B375.HTML
FANMATS	FANMATS	wayfair.com	HTTPS://WWW.WAYFAIR.COM/BRAND/BND/FANMATS-B2338.HTML
FANTASTICCRAFT	FANTASTICCRAFT	wayfair.com	HTTPS://WWW.WAYFAIR.COM/BRAND/BND/FANTASTIC-CRAFT-B31732.HTML
FANTASYFIELDS	FANTASYFIELDSBYTEAMSONKIDS	wayfair.com	HTTPS://WWW.WAYFAIR.COM/BRAND/BND/FANTASY-FIELDS-BY-TEAMSON-KIDS-B71577.HTML
FANTASYFIELDSBYTEAMSON	FANTASYFIELDSBYTEAMSONKIDS	wayfair.com	HTTPS://WWW.WAYFAIR.COM/BRAND/BND/FANTASY-FIELDS-BY-TEAMSON-KIDS-B71577.HTML
FANWER	FANWER	wayfair.com	HTTPS://WWW.WAYFAIR.COM/BRAND/BND/FANWER-B64574.HTML
FANWER2019	FANWER	wayfair.com	HTTPS://WWW.WAYFAIR.COM/BRAND/BND/FANWER-B64574.HTML
FANWINSTAR	FANWINSTAR	wayfair.com	HTTPS://WWW.WAYFAIR.COM/BRAND/BND/FANWIN-STAR-B72111.HTML
FARMHOUSEBYRACHELASHWELL	THEFARMHOUSEBYRACHELASHWELL	wayfair.com	HTTPS://WWW.WAYFAIR.COM/BRAND/BND/THE-FARMHOUSE-BY-RACHEL-ASHWELL-B71921.HTML
FARSAW	FARSAW	wayfair.com	HTTPS://WWW.WAYFAIR.COM/BRAND/BND/FARSAW-B62884.HTML
FASCINATING	FASHIONANDFASCINATING	wayfair.com	HTTPS://WWW.WAYFAIR.COM/BRAND/BND/FASHION-AND-FASCINATING-B72014.HTML
FASDE	FASADE	wayfair.com	HTTPS://WWW.WAYFAIR.COM/BRAND/BND/FASADE-B36112.HTML
FASESH	FASESH	wayfair.com	HTTPS://WWW.WAYFAIR.COM/BRAND/BND/FASESH-B59097.HTML
FASHIONANDFASCINATIN	FASHIONANDFASCINATING	wayfair.com	HTTPS://WWW.WAYFAIR.COM/BRAND/BND/FASHION-AND-FASCINATING-B72014.HTML
FASHIONANDFASCINATING	FASHIONANDFASCINATING	wayfair.com	HTTPS://WWW.WAYFAIR.COM/BRAND/BND/FASHION-AND-FASCINATING-B72014.HTML
FASHIONBEDGROUP	FASHIONBEDGROUP	wayfair.com	HTTPS://WWW.WAYFAIR.COM/BRAND/BND/FASHION-BED-GROUP-B183.HTML
FASHIONBEDGROUPFASJ2	FASHIONBEDGROUP	wayfair.com	HTTPS://WWW.WAYFAIR.COM/BRAND/BND/FASHION-BED-GROUP-B183.HTML
FASHIONNYOUBYHORIZONINTERSEAS	FASHIONNYOU	wayfair.com	HTTPS://WWW.WAYFAIR.COM/BRAND/BND/FASHION-N-YOU-B21127.HTML
FASTAPASTA	FASTAPASTA	wayfair.com	HTTPS://WWW.WAYFAIR.COM/BRAND/BND/FASTA-PASTA-B66145.HTML
FAVFURISH	FAVFURISH	wayfair.com	HTTPS://WWW.WAYFAIR.COM/BRAND/BND/FAVFURISH-B100316.HTML
FAVORITEMONKEY	FAVORITEMONKEY	wayfair.com	HTTPS://WWW.WAYFAIR.COM/BRAND/BND/FAVORITE-MONKEY-B62988.HTML
FAYMARTLIGHTING	FAYMART	wayfair.com	HTTPS://WWW.WAYFAIR.COM/BRAND/BND/FAYMART-B63692.HTML
FCD	FCD	wayfair.com	HTTPS://WWW.WAYFAIR.COM/BRAND/BND/FCD-B46123.HTML
FCDECOR	FCDESIGN	wayfair.com	HTTPS://WWW.WAYFAIR.COM/BRAND/BND/FC-DESIGN-B53080.HTML
FCDESIGN	FCDESIGN	wayfair.com	HTTPS://WWW.WAYFAIR.COM/BRAND/BND/FC-DESIGN-B53080.HTML
FCDESIGNS	FCDESIGN	wayfair.com	HTTPS://WWW.WAYFAIR.COM/BRAND/BND/FC-DESIGN-B53080.HTML
FCDYLBD	FCD	wayfair.com	HTTPS://WWW.WAYFAIR.COM/BRAND/BND/FCD-B46123.HTML
FCMP	FCMPOUTDOOR	wayfair.com	HTTPS://WWW.WAYFAIR.COM/BRAND/BND/FCMP-OUTDOOR-B52346.HTML
FCMPOUTDOOR	FCMPOUTDOOR	wayfair.com	HTTPS://WWW.WAYFAIR.COM/BRAND/BND/FCMP-OUTDOOR-B52346.HTML
FCMPOUTDOORS	FCMPOUTDOOR	wayfair.com	HTTPS://WWW.WAYFAIR.COM/BRAND/BND/FCMP-OUTDOOR-B52346.HTML
FDFK	FDFK	wayfair.com	HTTPS://WWW.WAYFAIR.COM/BRAND/BND/FDFK-B59406.HTML
FDW	FDW	wayfair.com	HTTPS://WWW.WAYFAIR.COM/BRAND/BND/FDW-B58844.HTML
FEANCH	FEANCH	wayfair.com	HTTPS://WWW.WAYFAIR.COM/BRAND/BND/FEANCH-B87561.HTML
FEANDREA	FEANDREA	wayfair.com	HTTPS://WWW.WAYFAIR.COM/BRAND/BND/FEANDREA-B50206.HTML
FEASTO	FEASTO	wayfair.com	HTTPS://WWW.WAYFAIR.COM/BRAND/BND/FEASTO-B75501.HTML
FEBTECH	FEBTECH	wayfair.com	HTTPS://WWW.WAYFAIR.COM/BRAND/BND/FEBTECH-B83759.HTML
FEDMAX	FEDMAX	wayfair.com	HTTPS://WWW.WAYFAIR.COM/BRAND/BND/FEDMAX-B66102.HTML
FEIBEBO	FEZIBO	wayfair.com	HTTPS://WWW.WAYFAIR.COM/BRAND/BND/FEZIBO-B60140.HTML
FEIDAGUOJI	FEIDIGELUO	wayfair.com	HTTPS://WWW.WAYFAIR.COM/BRAND/BND/FEIDIGELUO-B66207.HTML
FEISATE	FIESTA	wayfair.com	HTTPS://WWW.WAYFAIR.COM/BRAND/BND/FIESTA-B1200.HTML
FEIZLINDAO	FEZIBO	wayfair.com	HTTPS://WWW.WAYFAIR.COM/BRAND/BND/FEZIBO-B60140.HTML
FELLOWESMANUFACTURINGCOMPANY	FELLOWESMANUFACTURING	wayfair.com	HTTPS://WWW.WAYFAIR.COM/BRAND/BND/FELLOWES-MANUFACTURING-B5260.HTML
FELLOWESMFGCO	FELLOWESMANUFACTURING	wayfair.com	HTTPS://WWW.WAYFAIR.COM/BRAND/BND/FELLOWES-MANUFACTURING-B5260.HTML
FENCARCIO	FENCY	wayfair.com	HTTPS://WWW.WAYFAIR.COM/BRAND/BND/FENCY-B62687.HTML
FENCY	FENCY	wayfair.com	HTTPS://WWW.WAYFAIR.COM/BRAND/BND/FENCY-B62687.HTML
FENGHUAGLASSHOME	FENGHUAGLASSHOME	wayfair.com	HTTPS://WWW.WAYFAIR.COM/BRAND/BND/FENGHUA-GLASS-HOME-B57121.HTML
FENGSHUIIMPORT	FENGSHUIIMPORT	wayfair.com	HTTPS://WWW.WAYFAIR.COM/BRAND/BND/FENG-SHUI-IMPORT-B60968.HTML
FENNCOSTYLE	FENNCOSTYLES	wayfair.com	HTTPS://WWW.WAYFAIR.COM/BRAND/BND/FENNCO-STYLES-B73837.HTML
FENNCOSTYLES	FENNCOSTYLES	wayfair.com	HTTPS://WWW.WAYFAIR.COM/BRAND/BND/FENNCO-STYLES-B73837.HTML
FENNCOSTYLESCOM	FENNCOSTYLES	wayfair.com	HTTPS://WWW.WAYFAIR.COM/BRAND/BND/FENNCO-STYLES-B73837.HTML
FERRINO	FERRINO	wayfair.com	HTTPS://WWW.WAYFAIR.COM/BRAND/BND/FERRINO-B52239.HTML
FESIBO	FEZIBO	wayfair.com	HTTPS://WWW.WAYFAIR.COM/BRAND/BND/FEZIBO-B60140.HTML
FESTIVALDEPOT	FESTIVALDEPOT	wayfair.com	HTTPS://WWW.WAYFAIR.COM/BRAND/BND/FESTIVALDEPOT-B41716.HTML
FETCOHOMEDCOR	FETCOHOMEDECOR	wayfair.com	HTTPS://WWW.WAYFAIR.COM/BRAND/BND/FETCO-HOME-DECOR-B18902.HTML
FETCOHOMEDECOR	FETCOHOMEDECOR	wayfair.com	HTTPS://WWW.WAYFAIR.COM/BRAND/BND/FETCO-HOME-DECOR-B18902.HTML
FEZIBOSTORE	FEZIBO	wayfair.com	HTTPS://WWW.WAYFAIR.COM/BRAND/BND/FEZIBO-B60140.HTML
FIBREBYAUSKIN	FIBREBYAUSKIN	wayfair.com	HTTPS://WWW.WAYFAIR.COM/BRAND/BND/FIBRE-BY-AUSKIN-B36838.HTML
FIDGETDICE	FIDGETDICE	wayfair.com	HTTPS://WWW.WAYFAIR.COM/BRAND/BND/FIDGET-DICE-B97566.HTML
FIESTA	FIESTA	wayfair.com	HTTPS://WWW.WAYFAIR.COM/BRAND/BND/FIESTA-B1200.HTML
FIESTABRANDS	FIESTA	wayfair.com	HTTPS://WWW.WAYFAIR.COM/BRAND/BND/FIESTA-B1200.HTML
FIESTACELEBRATION	FIESTA	wayfair.com	HTTPS://WWW.WAYFAIR.COM/BRAND/BND/FIESTA-B1200.HTML
FIESTAFIRST	FIESTA	wayfair.com	HTTPS://WWW.WAYFAIR.COM/BRAND/BND/FIESTA-B1200.HTML
FIESTANOVA	FIESTA	wayfair.com	HTTPS://WWW.WAYFAIR.COM/BRAND/BND/FIESTA-B1200.HTML
FIETREXA	FIESTA	wayfair.com	HTTPS://WWW.WAYFAIR.COM/BRAND/BND/FIESTA-B1200.HTML
FIFTHAVENUECRYSTAL	FIFTHAVENUECRYSTAL	wayfair.com	HTTPS://WWW.WAYFAIR.COM/BRAND/BND/FIFTH-AVENUE-CRYSTAL-B11325.HTML
FIKAGO	FIKAGO	wayfair.com	HTTPS://WWW.WAYFAIR.COM/BRAND/BND/FIKAGO-B104965.HTML
FILTERBUY	FILTERBUY	wayfair.com	HTTPS://WWW.WAYFAIR.COM/BRAND/BND/FILTERBUY-B76943.HTML
FIMEI	FIMEI	wayfair.com	HTTPS://WWW.WAYFAIR.COM/BRAND/BND/FIMEI-B85300.HTML
FINEARTHANDCRAFTEDLIGHTING	FINEARTLAMPS	wayfair.com	HTTPS://WWW.WAYFAIR.COM/BRAND/BND/FINE-ART-LAMPS-B8236.HTML
FINEARTLAMPS	FINEARTLAMPS	wayfair.com	HTTPS://WWW.WAYFAIR.COM/BRAND/BND/FINE-ART-LAMPS-B8236.HTML
FINEARTLIGHTING	FINEARTLAMPS	wayfair.com	HTTPS://WWW.WAYFAIR.COM/BRAND/BND/FINE-ART-LAMPS-B8236.HTML
FINEARTTAPESTRIES	FINEARTTAPESTRIES	wayfair.com	HTTPS://WWW.WAYFAIR.COM/BRAND/BND/FINE-ART-TAPESTRIES-B1052.HTML
FINECASA	FINECASA	wayfair.com	HTTPS://WWW.WAYFAIR.COM/BRAND/BND/FINECASA-B58392.HTML
FINEFIXTURES	FINEFIXTURES	wayfair.com	HTTPS://WWW.WAYFAIR.COM/BRAND/BND/FINE-FIXTURES-B38322.HTML
FINELIFE	FINELIFEPRODUCTS	wayfair.com	HTTPS://WWW.WAYFAIR.COM/BRAND/BND/FINE-LIFE-PRODUCTS-B59724.HTML
FINELIFEPRODUCTS	FINELIFEPRODUCTS	wayfair.com	HTTPS://WWW.WAYFAIR.COM/BRAND/BND/FINE-LIFE-PRODUCTS-B59724.HTML
FINEMOD	FINEMODIMPORTS	wayfair.com	HTTPS://WWW.WAYFAIR.COM/BRAND/BND/FINE-MOD-IMPORTS-B34759.HTML
FINEMODIMPORTS	FINEMODIMPORTS	wayfair.com	HTTPS://WWW.WAYFAIR.COM/BRAND/BND/FINE-MOD-IMPORTS-B34759.HTML
FINESCASA	FINECASA	wayfair.com	HTTPS://WWW.WAYFAIR.COM/BRAND/BND/FINECASA-B58392.HTML
FINESSEDECOR	FINESSEDECOR	wayfair.com	HTTPS://WWW.WAYFAIR.COM/BRAND/BND/FINESSE-DECOR-B37575.HTML
FINESSEFLOORS	FINESSEFLOOR	wayfair.com	HTTPS://WWW.WAYFAIR.COM/BRAND/BND/FINESSE-FLOOR-B50411.HTML
FINESSELIGHTING	FINESSEDECOR	wayfair.com	HTTPS://WWW.WAYFAIR.COM/BRAND/BND/FINESSE-DECOR-B37575.HTML
FINHOMMY	FINNHOMY	wayfair.com	HTTPS://WWW.WAYFAIR.COM/BRAND/BND/FINNHOMY-B80621.HTML
FINHOMY	FINNHOMY	wayfair.com	HTTPS://WWW.WAYFAIR.COM/BRAND/BND/FINNHOMY-B80621.HTML
FINNHOMY	FINNHOMY	wayfair.com	HTTPS://WWW.WAYFAIR.COM/BRAND/BND/FINNHOMY-B80621.HTML
FINXIN	FINXIN	wayfair.com	HTTPS://WWW.WAYFAIR.COM/BRAND/BND/FINXIN-B58094.HTML
FIREBUGGZ	FIREBUGGZ	wayfair.com	HTTPS://WWW.WAYFAIR.COM/BRAND/BND/FIREBUGGZ-B38507.HTML
FIREKING	FIREKING	wayfair.com	HTTPS://WWW.WAYFAIR.COM/BRAND/BND/FIREKING-B206.HTML
FIREPITART	FIREPITART	wayfair.com	HTTPS://WWW.WAYFAIR.COM/BRAND/BND/FIRE-PIT-ART-B31568.HTML
FIREPITESSENTIALS	FIREPITESSENTIALS	wayfair.com	HTTPS://WWW.WAYFAIR.COM/BRAND/BND/FIRE-PIT-ESSENTIALS-B42690.HTML
FIRESIDELODGEFURNITURE	FIRESIDELODGE	wayfair.com	HTTPS://WWW.WAYFAIR.COM/BRAND/BND/FIRESIDE-LODGE-B4844.HTML
FIRLAR	FIRLAR	wayfair.com	HTTPS://WWW.WAYFAIR.COM/BRAND/BND/FIRLAR-B62448.HTML
FIRSTCONCEPT	FIRSTCONCEPT	wayfair.com	HTTPS://WWW.WAYFAIR.COM/BRAND/BND/FIRST-CONCEPT-INC-B46242.HTML
FIRSTDESIGNGLOBAL	FIRSTDESIGNGLOBAL	wayfair.com	HTTPS://WWW.WAYFAIR.COM/BRAND/BND/FIRST-DESIGN-GLOBAL-B46842.HTML
FIRSTIME	FIRSTIMECO	wayfair.com	HTTPS://WWW.WAYFAIR.COM/BRAND/BND/FIRSTIME-CO-B69014.HTML
FIRSTIMEAMPCO	FIRSTIMECO	wayfair.com	HTTPS://WWW.WAYFAIR.COM/BRAND/BND/FIRSTIME-CO-B69014.HTML
FIRSTIMEANDCO	FIRSTIMECO	wayfair.com	HTTPS://WWW.WAYFAIR.COM/BRAND/BND/FIRSTIME-CO-B69014.HTML
FIRSTIMECO	FIRSTIME	wayfair.com	HTTPS://WWW.WAYFAIR.COM/BRAND/BND/FIRSTIME-B34204.HTML
FIRSTIMECOMPANY	FIRSTIMECO	wayfair.com	HTTPS://WWW.WAYFAIR.COM/BRAND/BND/FIRSTIME-CO-B69014.HTML
FIRSTRATEBLINDS	FIRSTRATEBLINDS	wayfair.com	HTTPS://WWW.WAYFAIR.COM/BRAND/BND/FIRST-RATE-BLINDS-B44337.HTML
FIRSTTIMEANDCO	FIRSTIMECO	wayfair.com	HTTPS://WWW.WAYFAIR.COM/BRAND/BND/FIRSTIME-CO-B69014.HTML
FIRSTTIMECO	FIRSTIMECO	wayfair.com	HTTPS://WWW.WAYFAIR.COM/BRAND/BND/FIRSTIME-CO-B69014.HTML
FIRSTWATCHSECURITY	FIRSTWATCHSECURITY	wayfair.com	HTTPS://WWW.WAYFAIR.COM/BRAND/BND/FIRST-WATCH-SECURITY-B85088.HTML
FISSLER	FISSLER	wayfair.com	HTTPS://WWW.WAYFAIR.COM/BRAND/BND/FISSLER-B2905.HTML
FITNATE	FITNATE	wayfair.com	HTTPS://WWW.WAYFAIR.COM/BRAND/BND/FITNATE-B61506.HTML
FITUEYES	FITUEYES	wayfair.com	HTTPS://WWW.WAYFAIR.COM/BRAND/BND/FITUEYES-B49734.HTML
FITYOU	FITYOU	wayfair.com	HTTPS://WWW.WAYFAIR.COM/BRAND/BND/FITYOU-B65639.HTML
FITZANDFLOYD	FITZANDFLOYD	wayfair.com	HTTPS://WWW.WAYFAIR.COM/BRAND/BND/FITZ-AND-FLOYD-B2370.HTML
FITZFLOYD	FITZANDFLOYD	wayfair.com	HTTPS://WWW.WAYFAIR.COM/BRAND/BND/FITZ-AND-FLOYD-B2370.HTML
FIVEQUEENSCOURT	FIVEQUEENSCOURT	wayfair.com	HTTPS://WWW.WAYFAIR.COM/BRAND/BND/FIVE-QUEENS-COURT-B41942.HTML
FIXTUREDISPLAYS	FIXTUREDISPLAYS	wayfair.com	HTTPS://WWW.WAYFAIR.COM/BRAND/BND/FIXTUREDISPLAYS-B60619.HTML
FIZITI	FIZITI	wayfair.com	HTTPS://WWW.WAYFAIR.COM/BRAND/BND/FIZITI-B82732.HTML
FJOUTDOORS	FJOUTDOORS	wayfair.com	HTTPS://WWW.WAYFAIR.COM/BRAND/BND/F-J-OUTDOORS-B56363.HTML
FKWIN	FKWIN	wayfair.com	HTTPS://WWW.WAYFAIR.COM/BRAND/BND/FKWIN-B93672.HTML
FLAGSHIPCARPET	FLAGSHIPCARPETS	wayfair.com	HTTPS://WWW.WAYFAIR.COM/BRAND/BND/FLAGSHIP-CARPETS-B3170.HTML
FLAGSIMPORTER	FLAGSIMPORTER	wayfair.com	HTTPS://WWW.WAYFAIR.COM/BRAND/BND/FLAGSIMPORTER-B42957.HTML
FLAHFURNITURE	FLASHFURNITURE	wayfair.com	HTTPS://WWW.WAYFAIR.COM/BRAND/BND/FLASH-FURNITURE-B11201.HTML
FLAIRWOODDECOR	FLAIRWOODDECOR	wayfair.com	HTTPS://WWW.WAYFAIR.COM/BRAND/BND/FLAIRWOOD-DECOR-B44852.HTML
FLAMEGENIE	FLAMEGENIE	wayfair.com	HTTPS://WWW.WAYFAIR.COM/BRAND/BND/FLAME-GENIE-B36787.HTML
FLAMEKISS	FLAMEKISS	wayfair.com	HTTPS://WWW.WAYFAIR.COM/BRAND/BND/FLAMEKISS-B39741.HTML
FLANTOR	FLANTOR	wayfair.com	HTTPS://WWW.WAYFAIR.COM/BRAND/BND/FLANTOR-B66323.HTML
FLASHFUNITURE	FLASHFURNITURE	wayfair.com	HTTPS://WWW.WAYFAIR.COM/BRAND/BND/FLASH-FURNITURE-B11201.HTML
FLASHFURNITURE	FLASHFURNITURE	wayfair.com	HTTPS://WWW.WAYFAIR.COM/BRAND/BND/FLASH-FURNITURE-B11201.HTML
FLASHFURNITUREA20	FLASHFURNITURE	wayfair.com	HTTPS://WWW.WAYFAIR.COM/BRAND/BND/FLASH-FURNITURE-B11201.HTML
FLASHFURNITUREA21	FLASHFURNITURE	wayfair.com	HTTPS://WWW.WAYFAIR.COM/BRAND/BND/FLASH-FURNITURE-B11201.HTML
FLASHFURNITUREB16	FLASHFURNITURE	wayfair.com	HTTPS://WWW.WAYFAIR.COM/BRAND/BND/FLASH-FURNITURE-B11201.HTML
FLASHFURNITURECLEARCHAIR	FLASHFURNITURE	wayfair.com	HTTPS://WWW.WAYFAIR.COM/BRAND/BND/FLASH-FURNITURE-B11201.HTML
FLASHFURNITUREDIFFERSINCOLOR	FLASHFURNITURE	wayfair.com	HTTPS://WWW.WAYFAIR.COM/BRAND/BND/FLASH-FURNITURE-B11201.HTML
FLASHFURNTURE	FLASHFURNITURE	wayfair.com	HTTPS://WWW.WAYFAIR.COM/BRAND/BND/FLASH-FURNITURE-B11201.HTML
FLATO	FLATOHOME	wayfair.com	HTTPS://WWW.WAYFAIR.COM/BRAND/BND/FLATO-HOME-B34666.HTML
FLEMINGSUPPLY	FLEMINGSUPPLY	wayfair.com	HTTPS://WWW.WAYFAIR.COM/BRAND/BND/FLEMING-SUPPLY-B55075.HTML
FLEURDELESLIVING	FLEURDELISLIVING	wayfair.com	HTTPS://WWW.WAYFAIR.COM/BRAND/BND/FLEUR-DE-LIS-LIVING-B44264.HTML
FLEURDELISLIVING	FLEURDELISLIVING	wayfair.com	HTTPS://WWW.WAYFAIR.COM/BRAND/BND/FLEUR-DE-LIS-LIVING-B44264.HTML
FLEURDILISLIVING	FLEURDELISLIVING	wayfair.com	HTTPS://WWW.WAYFAIR.COM/BRAND/BND/FLEUR-DE-LIS-LIVING-B44264.HTML
FLEXSTEEL	FLEXSTEEL	wayfair.com	HTTPS://WWW.WAYFAIR.COM/BRAND/BND/FLEXSTEEL-B56698.HTML
FLEXSTO	FLEXSTONE	wayfair.com	HTTPS://WWW.WAYFAIR.COM/BRAND/BND/FLEXSTONE-B48743.HTML
FLEXSTONE	FLEXSTONE	wayfair.com	HTTPS://WWW.WAYFAIR.COM/BRAND/BND/FLEXSTONE-B48743.HTML
FLIPO	FLIPO	wayfair.com	HTTPS://WWW.WAYFAIR.COM/BRAND/BND/FLIPO-B2429.HTML
FLIPOGROUPLTD	FLIPO	wayfair.com	HTTPS://WWW.WAYFAIR.COM/BRAND/BND/FLIPO-B2429.HTML
FLIPSIDEPRODUCTS	FLIPSIDEPRODUCTS	wayfair.com	HTTPS://WWW.WAYFAIR.COM/BRAND/BND/FLIPSIDE-PRODUCTS-B29983.HTML
FLOOR9	FLOOR9	wayfair.com	HTTPS://WWW.WAYFAIR.COM/BRAND/BND/FLOOR-9-B44698.HTML
FLOORINGINCS	FLOORING	wayfair.com	HTTPS://WWW.WAYFAIR.COM/BRAND/BND/FLOORINGINC-B49226.HTML
FLOORPOPS	FLOORPOPS	wayfair.com	HTTPS://WWW.WAYFAIR.COM/BRAND/BND/FLOORPOPS-B54448.HTML
FLOORTEXAFSTEX	FLOORTEX	wayfair.com	HTTPS://WWW.WAYFAIR.COM/BRAND/BND/FLOORTEX-B5483.HTML
FLORADECOR	FLORADECOR	wayfair.com	HTTPS://WWW.WAYFAIR.COM/BRAND/BND/FLORA-DECOR-B42025.HTML
FLORALHOMEDECOR	FLORALHOMEDECOR	wayfair.com	HTTPS://WWW.WAYFAIR.COM/BRAND/BND/FLORAL-HOME-DECOR-B32405.HTML
FLORALTREASURE	FLORALTREASURE	wayfair.com	HTTPS://WWW.WAYFAIR.COM/BRAND/BND/FLORAL-TREASURE-B17383.HTML
FLOVEA	FLOVERY	wayfair.com	HTTPS://WWW.WAYFAIR.COM/BRAND/BND/FLOVERY-B55316.HTML
FLOWERHOUSE	FLOWERHOUSE	wayfair.com	HTTPS://WWW.WAYFAIR.COM/BRAND/BND/FLOWERHOUSE-B611.HTML
FLOWRHOUSE	FLOWERHOUSE	wayfair.com	HTTPS://WWW.WAYFAIR.COM/BRAND/BND/FLOWERHOUSE-B611.HTML
FLOWWALL	FLOWWALL	wayfair.com	HTTPS://WWW.WAYFAIR.COM/BRAND/BND/FLOW-WALL-B3227.HTML
FLOWWALLSYSTEM	FLOWWALL	wayfair.com	HTTPS://WWW.WAYFAIR.COM/BRAND/BND/FLOW-WALL-B3227.HTML
FLSHFURNITUR	FLASHFURNITURE	wayfair.com	HTTPS://WWW.WAYFAIR.COM/BRAND/BND/FLASH-FURNITURE-B11201.HTML
FLUOROLITEPLASTICS	FLUOROLITEPLASTICS	wayfair.com	HTTPS://WWW.WAYFAIR.COM/BRAND/BND/FLUOROLITE-PLASTICS-B101107.HTML
FLYBULL	FLYBULL	wayfair.com	HTTPS://WWW.WAYFAIR.COM/BRAND/BND/FLYBULL-B84898.HTML
FOAMNASIUM	FOAMNASIUM	wayfair.com	HTTPS://WWW.WAYFAIR.COM/BRAND/BND/FOAMNASIUM-B24335.HTML
FOCALUPRIGHT	FOCALUPRIGHTFURNITURE	wayfair.com	HTTPS://WWW.WAYFAIR.COM/BRAND/BND/FOCAL-UPRIGHT-FURNITURE-B24340.HTML
FOHFURNITURE	FOHFURNITURE	wayfair.com	HTTPS://WWW.WAYFAIR.COM/BRAND/BND/FOH-FURNITURE-B58870.HTML
FOHO	FOHO	wayfair.com	HTTPS://WWW.WAYFAIR.COM/BRAND/BND/FOHO-B57145.HTML
FOHOA	FOHO	wayfair.com	HTTPS://WWW.WAYFAIR.COM/BRAND/BND/FOHO-B57145.HTML
FOIARE	FOHERE	wayfair.com	HTTPS://WWW.WAYFAIR.COM/BRAND/BND/FOHERE-B109919.HTML
FOLLURE	FOLLURE	wayfair.com	HTTPS://WWW.WAYFAIR.COM/BRAND/BND/FOLLURE-B65145.HTML
FOMI	FOMI	wayfair.com	HTTPS://WWW.WAYFAIR.COM/BRAND/BND/FOMI-B57596.HTML
FONTAINEBYITALIA	FONTAINEBYITALIA	wayfair.com	HTTPS://WWW.WAYFAIR.COM/BRAND/BND/FONTAINEBYITALIA-B45655.HTML
FOODSAVER	FOODSAVER	wayfair.com	HTTPS://WWW.WAYFAIR.COM/BRAND/BND/FOODSAVER-B1165.HTML
FOOWIN	FOOWIN	wayfair.com	HTTPS://WWW.WAYFAIR.COM/BRAND/BND/FOOWIN-B69110.HTML
FORCLOVER	FORCLOVER	wayfair.com	HTTPS://WWW.WAYFAIR.COM/BRAND/BND/FORCLOVER-B56851.HTML
FOREIGNAFFAIRSHOMEDECOR	FOREIGNAFFAIRSHOMEDECOR	wayfair.com	HTTPS://WWW.WAYFAIR.COM/BRAND/BND/FOREIGN-AFFAIRS-HOME-DECOR-B21234.HTML
FOREMAN	GEORGEFOREMAN	wayfair.com	HTTPS://WWW.WAYFAIR.COM/BRAND/BND/GEORGE-FOREMAN-B1127.HTML
FORESIDE	FORESIDEHOMEGARDEN	wayfair.com	HTTPS://WWW.WAYFAIR.COM/BRAND/BND/FORESIDE-HOME-GARDEN-B22926.HTML
FORESIDEHOMEANDGARDEN	FORESIDEHOMEGARDEN	wayfair.com	HTTPS://WWW.WAYFAIR.COM/BRAND/BND/FORESIDE-HOME-GARDEN-B22926.HTML
FORESIDEHOMEGARDEN	FORESIDEHOMEGARDEN	wayfair.com	HTTPS://WWW.WAYFAIR.COM/BRAND/BND/FORESIDE-HOME-GARDEN-B22926.HTML
FORESTDESIGNS	FORESTDESIGNS	wayfair.com	HTTPS://WWW.WAYFAIR.COM/BRAND/BND/FOREST-DESIGNS-B30878.HTML
FOREVERBAMBOO	FOREVERBAMBOO	wayfair.com	HTTPS://WWW.WAYFAIR.COM/BRAND/BND/FOREVER-BAMBOO-B105650.HTML
FOREVERJOINTTOPS	FOREVERJOINTTOPS	wayfair.com	HTTPS://WWW.WAYFAIR.COM/BRAND/BND/FOREVER-JOINT-TOPS-B69109.HTML
FOREVERPATIO	FOREVERPATIO	wayfair.com	HTTPS://WWW.WAYFAIR.COM/BRAND/BND/FOREVER-PATIO-B23450.HTML
FORIOUS	FORIOUS	wayfair.com	HTTPS://WWW.WAYFAIR.COM/BRAND/BND/FORIOUS-B59142.HTML
FORISUN	FORIOUS	wayfair.com	HTTPS://WWW.WAYFAIR.COM/BRAND/BND/FORIOUS-B59142.HTML
FORMOSALIVINGPRODUCTS	FORMOSALIVINGPRODUCTS	wayfair.com	HTTPS://WWW.WAYFAIR.COM/BRAND/BND/FORMOSALIVINGPRODUCTS-B47345.HTML
FORNETTO	FRNT	wayfair.com	HTTPS://WWW.WAYFAIR.COM/BRAND/BND/FRNT-B41280.HTML
FORTELIGHTING	FORTELIGHTING	wayfair.com	HTTPS://WWW.WAYFAIR.COM/BRAND/BND/FORTE-LIGHTING-B8171.HTML
FORTESSA	FORTESSA	wayfair.com	HTTPS://WWW.WAYFAIR.COM/BRAND/BND/FORTESSA-B31076.HTML
FORTESSATABLEWARESOLUTIONS	FORTESSA	wayfair.com	HTTPS://WWW.WAYFAIR.COM/BRAND/BND/FORTESSA-B31076.HTML
FORTESSSA	FORTESSA	wayfair.com	HTTPS://WWW.WAYFAIR.COM/BRAND/BND/FORTESSA-B31076.HTML
FORTRESS	FORTRESSBUILDINGPRODUCTS	wayfair.com	HTTPS://WWW.WAYFAIR.COM/BRAND/BND/FORTRESS-BUILDING-PRODUCTS-B56071.HTML
FORTRESSBUILDINGPRODUCTS	FORTRESSBUILDINGPRODUCTS	wayfair.com	HTTPS://WWW.WAYFAIR.COM/BRAND/BND/FORTRESS-BUILDING-PRODUCTS-B56071.HTML
FORTRESSRAILINGPRODUCTS	FORTRESSBUILDINGPRODUCTS	wayfair.com	HTTPS://WWW.WAYFAIR.COM/BRAND/BND/FORTRESS-BUILDING-PRODUCTS-B56071.HTML
FORTUNECANDY	FORTUNECANDY	wayfair.com	HTTPS://WWW.WAYFAIR.COM/BRAND/BND/FORTUNE-CANDY-B76179.HTML
FORTUNECANDYTM	FORTUNECANDY	wayfair.com	HTTPS://WWW.WAYFAIR.COM/BRAND/BND/FORTUNE-CANDY-B76179.HTML
FORTUNEPRODUCTS	FORTUNEPRODUCTS	wayfair.com	HTTPS://WWW.WAYFAIR.COM/BRAND/BND/FORTUNE-PRODUCTS-B10504.HTML
FORTYWEST	FORTYWEST	wayfair.com	HTTPS://WWW.WAYFAIR.COM/BRAND/BND/FORTY-WEST-B33821.HTML
FORUP	FORUP	wayfair.com	HTTPS://WWW.WAYFAIR.COM/BRAND/BND/FORUP-B63580.HTML
FOSTERRYE	FOSTERRYE	wayfair.com	HTTPS://WWW.WAYFAIR.COM/BRAND/BND/FOSTER-RYE-B41505.HTML
FOUNDATIONARMOR	FOUNDATIONARMOR	wayfair.com	HTTPS://WWW.WAYFAIR.COM/BRAND/BND/FOUNDATION-ARMOR-B63699.HTML
FOUNDRYSELECT	FOUNDRYSELECT	wayfair.com	HTTPS://WWW.WAYFAIR.COM/BRAND/BND/FOUNDRY-SELECT-B44314.HTML
FOUNDSTONE	FOUNDSTONE	wayfair.com	HTTPS://WWW.WAYFAIR.COM/BRAND/BND/FOUNDSTONE-B51714.HTML
FOURHANDS	FOURHANDS	wayfair.com	HTTPS://WWW.WAYFAIR.COM/BRAND/BND/FOUR-HANDS-B50592.HTML
FOURSEASONSCOURTYARD	FOURSEASONSCOURTYARD	wayfair.com	HTTPS://WWW.WAYFAIR.COM/BRAND/BND/FOUR-SEASONS-COURTYARD-B81340.HTML
FOURUNCLES	FOURUNCLES	wayfair.com	HTTPS://WWW.WAYFAIR.COM/BRAND/BND/FOUR-UNCLES-B59587.HTML
FOWLING	FOWLING	wayfair.com	HTTPS://WWW.WAYFAIR.COM/BRAND/BND/FOWLING-B76066.HTML
FOXHILLTRADING	FOXHILLTRADING	wayfair.com	HTTPS://WWW.WAYFAIR.COM/BRAND/BND/FOX-HILL-TRADING-B21349.HTML
FOXHOLLOWFURNISHINGS	FOXHOLLOWFURNISHINGS	wayfair.com	HTTPS://WWW.WAYFAIR.COM/BRAND/BND/FOX-HOLLOW-FURNISHINGS-B41232.HTML
FOXNOVO	FOXNOVO	wayfair.com	HTTPS://WWW.WAYFAIR.COM/BRAND/BND/FOXNOVO-B67440.HTML
FOXRUNBRANDS	FOXRUNBRANDS	wayfair.com	HTTPS://WWW.WAYFAIR.COM/BRAND/BND/FOX-RUN-BRANDS-B7585.HTML
FPFLUOROLITEPLASTICSWEVEGOTYOU	FLUOROLITEPLASTICS	wayfair.com	HTTPS://WWW.WAYFAIR.COM/BRAND/BND/FLUOROLITE-PLASTICS-B101107.HTML
FRALIMK	FRALIMK	wayfair.com	HTTPS://WWW.WAYFAIR.COM/BRAND/BND/FRALIMK-B69412.HTML
FRAMATICBYMCS	FRAMATIC	wayfair.com	HTTPS://WWW.WAYFAIR.COM/BRAND/BND/FRAMATIC-B23074.HTML
FRAMBURG	FRAMBURG	wayfair.com	HTTPS://WWW.WAYFAIR.COM/BRAND/BND/FRAMBURG-B6779.HTML
FRAMEITALL	FRAMEITALL	wayfair.com	HTTPS://WWW.WAYFAIR.COM/BRAND/BND/FRAME-IT-ALL-B5901.HTML
FRAMEPORT	FRAMEPORT	wayfair.com	HTTPS://WWW.WAYFAIR.COM/BRAND/BND/FRAMEPORT-B48916.HTML
FRAMEUSA	FRAMEUSA	wayfair.com	HTTPS://WWW.WAYFAIR.COM/BRAND/BND/FRAME-USA-B7798.HTML
FRANCISFURNITURE	DAVIDFRANCISFURNITURE	wayfair.com	HTTPS://WWW.WAYFAIR.COM/BRAND/BND/DAVID-FRANCIS-FURNITURE-B16880.HTML
FRANCOMANUFACTURING	FRANCOMANUFACTURINGCO	wayfair.com	HTTPS://WWW.WAYFAIR.COM/BRAND/BND/FRANCO-MANUFACTURING-CO-B81783.HTML
FRANCOMANUFACTURINGCO	FRANCOMANUFACTURINGCO	wayfair.com	HTTPS://WWW.WAYFAIR.COM/BRAND/BND/FRANCO-MANUFACTURING-CO-B81783.HTML
FRANCOMANUFACTURINGCOMPANY	FRANCOMANUFACTURINGCO	wayfair.com	HTTPS://WWW.WAYFAIR.COM/BRAND/BND/FRANCO-MANUFACTURING-CO-B81783.HTML
FRANCOMFG	FRANCOMANUFACTURINGCO	wayfair.com	HTTPS://WWW.WAYFAIR.COM/BRAND/BND/FRANCO-MANUFACTURING-CO-B81783.HTML
FRANKLINBRASS	FRANKLINBRASS	wayfair.com	HTTPS://WWW.WAYFAIR.COM/BRAND/BND/FRANKLIN-BRASS-B9761.HTML
FRANKLINFURNITURE	FRANKLIN	wayfair.com	HTTPS://WWW.WAYFAIR.COM/BRAND/BND/FRANKLIN-B411.HTML
FRANKLULU	FRANKLULU	wayfair.com	HTTPS://WWW.WAYFAIR.COM/BRAND/BND/FRANK-LULU-B42390.HTML
FRANKSCHAFFERPUBLICATIONSCARSONDE	CARSONDELLOSAPUBLICATIONS	wayfair.com	HTTPS://WWW.WAYFAIR.COM/BRAND/BND/CARSON-DELLOSA-PUBLICATIONS-B9368.HTML
FRAPOW	FRAPOW	wayfair.com	HTTPS://WWW.WAYFAIR.COM/BRAND/BND/FRAPOW-B72532.HTML
FRASERFARMHILL	FRASERHILLFARM	wayfair.com	HTTPS://WWW.WAYFAIR.COM/BRAND/BND/FRASER-HILL-FARM-B38017.HTML
FRASERHILLFARM	FRASERHILLFARM	wayfair.com	HTTPS://WWW.WAYFAIR.COM/BRAND/BND/FRASER-HILL-FARM-B38017.HTML
FREDANDFRIENDS	FREDFRIENDS	wayfair.com	HTTPS://WWW.WAYFAIR.COM/BRAND/BND/FRED-FRIENDS-B32344.HTML
FREDFRIENDS	FREDFRIENDS	wayfair.com	HTTPS://WWW.WAYFAIR.COM/BRAND/BND/FRED-FRIENDS-B32344.HTML
FREEJUMPTRAMPOLINE	FREEJUMPTRAMPOLINE	wayfair.com	HTTPS://WWW.WAYFAIR.COM/BRAND/BND/FREE-JUMP-TRAMPOLINE-B59056.HTML
FREELICHT	FREELICHT	wayfair.com	HTTPS://WWW.WAYFAIR.COM/BRAND/BND/FREELICHT-B64861.HTML
FREEPORTPARK	FREEPORTPARK	wayfair.com	HTTPS://WWW.WAYFAIR.COM/BRAND/BND/FREEPORT-PARK-B41234.HTML
FREMONTDIE	FREMONTDIE	wayfair.com	HTTPS://WWW.WAYFAIR.COM/BRAND/BND/FREMONT-DIE-B10204.HTML
FRENCHCONNECTIONHOME	FRENCHCONNECTION	wayfair.com	HTTPS://WWW.WAYFAIR.COM/BRAND/BND/FRENCH-CONNECTION-B49670.HTML
FRESHEE	FRESHEE	wayfair.com	HTTPS://WWW.WAYFAIR.COM/BRAND/BND/FRESHEE-B50164.HTML
FRESHEEP	FRESHEE	wayfair.com	HTTPS://WWW.WAYFAIR.COM/BRAND/BND/FRESHEE-B50164.HTML
FRESHHOMEELEMENTS	FHE	wayfair.com	HTTPS://WWW.WAYFAIR.COM/BRAND/BND/FHE-B44600.HTML
FRESHWARE	FRESHWARE	wayfair.com	HTTPS://WWW.WAYFAIR.COM/BRAND/BND/FRESHWARE-B36707.HTML
FRESTEC	FRESTEC	wayfair.com	HTTPS://WWW.WAYFAIR.COM/BRAND/BND/FRESTEC-B69651.HTML
FRIANT	FRIANT	wayfair.com	HTTPS://WWW.WAYFAIR.COM/BRAND/BND/FRIANT-B54523.HTML
FRIDEKOHOME	FRIDEKOHOME	wayfair.com	HTTPS://WWW.WAYFAIR.COM/BRAND/BND/FRIDEKO-HOME-B57617.HTML
FRIELING	FRIELING	wayfair.com	HTTPS://WWW.WAYFAIR.COM/BRAND/BND/FRIELING-B872.HTML
FRIENDSFOREVERA20	FRIENDSFOREVER	wayfair.com	HTTPS://WWW.WAYFAIR.COM/BRAND/BND/FRIENDS-FOREVER-B23498.HTML
FRIFER	FRIFER	wayfair.com	HTTPS://WWW.WAYFAIR.COM/BRAND/BND/FRIFER-B63176.HTML
FRIHO	FRIHO	wayfair.com	HTTPS://WWW.WAYFAIR.COM/BRAND/BND/FRIHO-B53077.HTML
FROMPLAINTOBEAUTIFULINHOURS	FROMPLAINTOBEAUTIFULINHOURS	wayfair.com	HTTPS://WWW.WAYFAIR.COM/BRAND/BND/FROMPLAINTOBEAUTIFULINHOURS-B49534.HTML
FROMTHETREEFURNITURE	FROMTHETREEFURNITURE	wayfair.com	HTTPS://WWW.WAYFAIR.COM/BRAND/BND/FROM-THE-TREE-FURNITURE-B54066.HTML
FRONTERAFURNITURE	FRONTERA	wayfair.com	HTTPS://WWW.WAYFAIR.COM/BRAND/BND/FRONTERA-B55218.HTML
FRONTOFTHEHOUSE	FRONTOFTHEHOUSE	wayfair.com	HTTPS://WWW.WAYFAIR.COM/BRAND/BND/FRONT-OF-THE-HOUSE-B7610.HTML
FRONTPET	FRONTPET	wayfair.com	HTTPS://WWW.WAYFAIR.COM/BRAND/BND/FRONTPET-B43962.HTML
FRONTPORCHCLASSICS	FRONTPORCHCLASSICS	wayfair.com	HTTPS://WWW.WAYFAIR.COM/BRAND/BND/FRONT-PORCH-CLASSICS-B68257.HTML
FRSTEM	FRSTEM	wayfair.com	HTTPS://WWW.WAYFAIR.COM/BRAND/BND/FRSTEM-B102331.HTML
FRUITEAM	FRUITEAM	wayfair.com	HTTPS://WWW.WAYFAIR.COM/BRAND/BND/FRUITEAM-B69816.HTML
FTOYIN	FTOYIN	wayfair.com	HTTPS://WWW.WAYFAIR.COM/BRAND/BND/FTOYIN-B76549.HTML
FUEGOLIVING	FUEGOLIVING	wayfair.com	HTTPS://WWW.WAYFAIR.COM/BRAND/BND/FUEGO-LIVING-B42395.HTML
FUFUANDGAGA	FUFUGAGA	wayfair.com	HTTPS://WWW.WAYFAIR.COM/BRAND/BND/FUFU-GAGA-B83057.HTML
FUFUGAGA	FUFUGAGA	wayfair.com	HTTPS://WWW.WAYFAIR.COM/BRAND/BND/FUFU-GAGA-B83057.HTML
FUFUGAGGA	FUFUGAGA	wayfair.com	HTTPS://WWW.WAYFAIR.COM/BRAND/BND/FUFU-GAGA-B83057.HTML
FULENYI	FULOCSENY	wayfair.com	HTTPS://WWW.WAYFAIR.COM/BRAND/BND/FULOCSENY-B73625.HTML
FULLRICHINDUSTRIESCO	FULLRICH	wayfair.com	HTTPS://WWW.WAYFAIR.COM/BRAND/BND/FULLRICH-B23465.HTML
FULOCSENY	FULOCSENY	wayfair.com	HTTPS://WWW.WAYFAIR.COM/BRAND/BND/FULOCSENY-B73625.HTML
FULOON	FULOON	wayfair.com	HTTPS://WWW.WAYFAIR.COM/BRAND/BND/FULOON-B71779.HTML
FUNCTIONHOME	FUNCTIONHOME	wayfair.com	HTTPS://WWW.WAYFAIR.COM/BRAND/BND/FUNCTION-HOME-B53062.HTML
FUNDECO	FUNDECO	wayfair.com	HTTPS://WWW.WAYFAIR.COM/BRAND/BND/FUNDECO-B37328.HTML
FUNDIX	FUNDIX	wayfair.com	HTTPS://WWW.WAYFAIR.COM/BRAND/BND/FUNDIX-B24036.HTML
FUNGENIX	FUNPHIX	wayfair.com	HTTPS://WWW.WAYFAIR.COM/BRAND/BND/FUNPHIX-B51653.HTML
FUNLIFE	FUNLIFE	wayfair.com	HTTPS://WWW.WAYFAIR.COM/BRAND/BND/FUNLIFE-B75756.HTML
FUNMAS	FUNMAS	wayfair.com	HTTPS://WWW.WAYFAIR.COM/BRAND/BND/FUNMAS-B72558.HTML
FUNPHIX	FUNPHIX	wayfair.com	HTTPS://WWW.WAYFAIR.COM/BRAND/BND/FUNPHIX-B51653.HTML
FUNRUGS	FUNRUGS	wayfair.com	HTTPS://WWW.WAYFAIR.COM/BRAND/BND/FUN-RUGS-B1644.HTML
FUNSAILLE	FUNSICLE	wayfair.com	HTTPS://WWW.WAYFAIR.COM/BRAND/BND/FUNSICLE-B83989.HTML
FUNSICLE	FUNSICLE	wayfair.com	HTTPS://WWW.WAYFAIR.COM/BRAND/BND/FUNSICLE-B83989.HTML
FUNTEN	FUNTEN	wayfair.com	HTTPS://WWW.WAYFAIR.COM/BRAND/BND/FUNTEN-B66827.HTML
FUREHAVEN	FURHAVEN	wayfair.com	HTTPS://WWW.WAYFAIR.COM/BRAND/BND/FURHAVEN-B8426.HTML
FURGLE	FURGLE	wayfair.com	HTTPS://WWW.WAYFAIR.COM/BRAND/BND/FURGLE-B56679.HTML
FURHAVEB	FURHAVEN	wayfair.com	HTTPS://WWW.WAYFAIR.COM/BRAND/BND/FURHAVEN-B8426.HTML
FURHAVEN	FURHAVEN	wayfair.com	HTTPS://WWW.WAYFAIR.COM/BRAND/BND/FURHAVEN-B8426.HTML
FURHAVENCAT	FURHAVEN	wayfair.com	HTTPS://WWW.WAYFAIR.COM/BRAND/BND/FURHAVEN-B8426.HTML
FURHAVENO	FURHAVEN	wayfair.com	HTTPS://WWW.WAYFAIR.COM/BRAND/BND/FURHAVEN-B8426.HTML
FURHAVENPET	FURHAVEN	wayfair.com	HTTPS://WWW.WAYFAIR.COM/BRAND/BND/FURHAVEN-B8426.HTML
FURHAVENPETPRODUCTS	FURHAVEN	wayfair.com	HTTPS://WWW.WAYFAIR.COM/BRAND/BND/FURHAVEN-B8426.HTML
FURHAVENSTORE	FURHAVEN	wayfair.com	HTTPS://WWW.WAYFAIR.COM/BRAND/BND/FURHAVEN-B8426.HTML
FURHEAVEN	FURHAVEN	wayfair.com	HTTPS://WWW.WAYFAIR.COM/BRAND/BND/FURHAVEN-B8426.HTML
FURINN	FURINNO	wayfair.com	HTTPS://WWW.WAYFAIR.COM/BRAND/BND/FURINNO-B18669.HTML
FURINNO	FURINNO	wayfair.com	HTTPS://WWW.WAYFAIR.COM/BRAND/BND/FURINNO-B18669.HTML
FURMAWARE	FURMAWARE	wayfair.com	HTTPS://WWW.WAYFAIR.COM/BRAND/BND/FURMAWARE-B80012.HTML
FURMAX	FURMAX	wayfair.com	HTTPS://WWW.WAYFAIR.COM/BRAND/BND/FURMAX-B49448.HTML
FURNIMART	FURNIMART	wayfair.com	HTTPS://WWW.WAYFAIR.COM/BRAND/BND/FURNIMART-B77221.HTML
FURNIMICS	FURNIMICS	wayfair.com	HTTPS://WWW.WAYFAIR.COM/BRAND/BND/FURNIMICS-B58998.HTML
FURNINNO	FURINNO	wayfair.com	HTTPS://WWW.WAYFAIR.COM/BRAND/BND/FURINNO-B18669.HTML
FURNITECH	FURNITECH	wayfair.com	HTTPS://WWW.WAYFAIR.COM/BRAND/BND/FURNITECH-B741.HTML
FURNITUREAGENCY	FURNITUREAGENCY	wayfair.com	HTTPS://WWW.WAYFAIR.COM/BRAND/BND/FURNITUREAGENCY-B48823.HTML
FURNITURECLASSICS	FURNITURECLASSICS	wayfair.com	HTTPS://WWW.WAYFAIR.COM/BRAND/BND/FURNITURE-CLASSICS-B17708.HTML
FURNITUREDASH	FURNITUREDASH	wayfair.com	HTTPS://WWW.WAYFAIR.COM/BRAND/BND/FURNITURE-DASH-B53400.HTML
FURNITUREOFAMERICA	FURNITUREOFAMERICA	wayfair.com	HTTPS://WWW.WAYFAIR.COM/BRAND/BND/FURNITURE-OF-AMERICA-B76759.HTML
FURNITUREORAMERICA	FURNITUREOFAMERICA	wayfair.com	HTTPS://WWW.WAYFAIR.COM/BRAND/BND/FURNITURE-OF-AMERICA-B76759.HTML
FURNIWAY	FURNIWAY	wayfair.com	HTTPS://WWW.WAYFAIR.COM/BRAND/BND/FURNIWAY-B94686.HTML
FURNNIO	FURINNO	wayfair.com	HTTPS://WWW.WAYFAIR.COM/BRAND/BND/FURINNO-B18669.HTML
FURNXITUREOFAMERICA	FURNITUREOFAMERICA	wayfair.com	HTTPS://WWW.WAYFAIR.COM/BRAND/BND/FURNITURE-OF-AMERICA-B76759.HTML
FURRINNO	FURINNO	wayfair.com	HTTPS://WWW.WAYFAIR.COM/BRAND/BND/FURINNO-B18669.HTML
FUSTONE	FUSTONE	wayfair.com	HTTPS://WWW.WAYFAIR.COM/BRAND/BND/FUSTONE-B47069.HTML
FV	FV	wayfair.com	HTTPS://WWW.WAYFAIR.COM/BRAND/BND/FV-B66224.HTML
FYFIBERHOUSE	FYFIBERHOUSE	wayfair.com	HTTPS://WWW.WAYFAIR.COM/BRAND/BND/FY-FIBER-HOUSE-B68323.HTML
FYJENNICC	FYJENNICC	wayfair.com	HTTPS://WWW.WAYFAIR.COM/BRAND/BND/FYJENNICC-B68065.HTML
GABBY	GABBY	wayfair.com	HTTPS://WWW.WAYFAIR.COM/BRAND/BND/GABBY-B42448.HTML
GABBYFUNCOROP	GABBY	wayfair.com	HTTPS://WWW.WAYFAIR.COM/BRAND/BND/GABBY-B42448.HTML
GABBYHOME	GABBY	wayfair.com	HTTPS://WWW.WAYFAIR.COM/BRAND/BND/GABBY-B42448.HTML
GABIGALEFAIRY	GABBY	wayfair.com	HTTPS://WWW.WAYFAIR.COM/BRAND/BND/GABBY-B42448.HTML
GAGALIFE	GAGALIFE	wayfair.com	HTTPS://WWW.WAYFAIR.COM/BRAND/BND/GAGALIFE-B86201.HTML
GAHOMEFAVOR	GAHOMEFAVOR	wayfair.com	HTTPS://WWW.WAYFAIR.COM/BRAND/BND/GA-HOMEFAVOR-B63263.HTML
GAINESHARDWARE	GAINESMANUFACTURING	wayfair.com	HTTPS://WWW.WAYFAIR.COM/BRAND/BND/GAINES-MANUFACTURING-INC-B105606.HTML
GAINESMANUFACTURING	GAINESMANUFACTURING	wayfair.com	HTTPS://WWW.WAYFAIR.COM/BRAND/BND/GAINES-MANUFACTURING-INC-B105606.HTML
GALANZ	GALANZ	wayfair.com	HTTPS://WWW.WAYFAIR.COM/BRAND/BND/GALANZ-B46750.HTML
GALEPACIFIC	GALEPACIFIC	wayfair.com	HTTPS://WWW.WAYFAIR.COM/BRAND/BND/GALE-PACIFIC-B24234.HTML
GALEPACIFICUSA	GALEPACIFIC	wayfair.com	HTTPS://WWW.WAYFAIR.COM/BRAND/BND/GALE-PACIFIC-B24234.HTML
GALERIEWALLCOVERINGS	GALERIEWALLCOVERINGS	wayfair.com	HTTPS://WWW.WAYFAIR.COM/BRAND/BND/GALERIE-WALLCOVERINGS-B46912.HTML
GALERYPERFECT	GALLERYPERFECT	wayfair.com	HTTPS://WWW.WAYFAIR.COM/BRAND/BND/GALLERY-PERFECT-B100801.HTML
GALLERIEDCOR	GALLERIEDECOR	wayfair.com	HTTPS://WWW.WAYFAIR.COM/BRAND/BND/GALLERIE-DECOR-B24040.HTML
GALLERIEDECO	GALLERIEDECOR	wayfair.com	HTTPS://WWW.WAYFAIR.COM/BRAND/BND/GALLERIE-DECOR-B24040.HTML
GALLERYPERFECT	GALLERYPERFECT	wayfair.com	HTTPS://WWW.WAYFAIR.COM/BRAND/BND/GALLERY-PERFECT-B100801.HTML
GALLERYSOLUTIONS	GALLERYSOLUTIONS	wayfair.com	HTTPS://WWW.WAYFAIR.COM/BRAND/BND/GALLERY-SOLUTIONS-B100802.HTML
GALLITYLIGHTS	GALILEELIGHTING	wayfair.com	HTTPS://WWW.WAYFAIR.COM/BRAND/BND/GALILEE-LIGHTING-B56740.HTML
GALOREHOME	GALOREHOME	wayfair.com	HTTPS://WWW.WAYFAIR.COM/BRAND/BND/GALORE-HOME-B52801.HTML
GANEED	GANEED	wayfair.com	HTTPS://WWW.WAYFAIR.COM/BRAND/BND/GANEED-B67458.HTML
GANGMEI	GANGMEI	wayfair.com	HTTPS://WWW.WAYFAIR.COM/BRAND/BND/GANGMEI-B62177.HTML
GANGOHOMEDCOR	GANGOHOMEDECOR	wayfair.com	HTTPS://WWW.WAYFAIR.COM/BRAND/BND/GANGO-HOME-DECOR-B46355.HTML
GARDENERSELECT	GARDENERSELECT	wayfair.com	HTTPS://WWW.WAYFAIR.COM/BRAND/BND/GARDENER-SELECT-B40696.HTML
GARDENERSSELECT	GARDENERSELECT	wayfair.com	HTTPS://WWW.WAYFAIR.COM/BRAND/BND/GARDENER-SELECT-B40696.HTML
GARDENESSUPPLYCOMPANY	GARDENERSSUPPLYCOMPANY	wayfair.com	HTTPS://WWW.WAYFAIR.COM/BRAND/BND/GARDENERS-SUPPLY-COMPANY-B99864.HTML
GARDENIQUE	GARDENIQUE	wayfair.com	HTTPS://WWW.WAYFAIR.COM/BRAND/BND/GARDENIQUE-B36379.HTML
GARDENISED	GARDENISED	wayfair.com	HTTPS://WWW.WAYFAIR.COM/BRAND/BND/GARDENISED-B46899.HTML
GARDENISEDH	GARDENISED	wayfair.com	HTTPS://WWW.WAYFAIR.COM/BRAND/BND/GARDENISED-B46899.HTML
GARDENIXDECOR	GARDENIXDECOR	wayfair.com	HTTPS://WWW.WAYFAIR.COM/BRAND/BND/GARDENIX-DECOR-B71800.HTML
GARDENWINDS	GARDENWINDS	wayfair.com	HTTPS://WWW.WAYFAIR.COM/BRAND/BND/GARDEN-WINDS-B50656.HTML
GARDESOL	GARDESOL	wayfair.com	HTTPS://WWW.WAYFAIR.COM/BRAND/BND/GARDESOL-B75980.HTML
GARDMANUSA	GARDMAN	wayfair.com	HTTPS://WWW.WAYFAIR.COM/BRAND/BND/GARDMAN-B3714.HTML
GARILDLVE	GARVEELIFE	wayfair.com	HTTPS://WWW.WAYFAIR.COM/BRAND/BND/GARVEELIFE-B108619.HTML
GARLANDCARPETRUG	GARLANDRUG	wayfair.com	HTTPS://WWW.WAYFAIR.COM/BRAND/BND/GARLAND-RUG-B21549.HTML
GARLANDRUG	GARLANDRUG	wayfair.com	HTTPS://WWW.WAYFAIR.COM/BRAND/BND/GARLAND-RUG-B21549.HTML
GARLANDRUGS	GARLANDRUG	wayfair.com	HTTPS://WWW.WAYFAIR.COM/BRAND/BND/GARLAND-RUG-B21549.HTML
GARPRODUCTS	GAR	wayfair.com	HTTPS://WWW.WAYFAIR.COM/BRAND/BND/GAR-B807.HTML
GARSINGOUTDOORLEISURE	OUTDOORLEISUREPRODUCTS	wayfair.com	HTTPS://WWW.WAYFAIR.COM/BRAND/BND/OUTDOOR-LEISURE-PRODUCTS-B21169.HTML
GARTENKRAFT	GARTENKRAFT	wayfair.com	HTTPS://WWW.WAYFAIR.COM/BRAND/BND/GARTENKRAFT-B43612.HTML
GARTOO	GARTOO	wayfair.com	HTTPS://WWW.WAYFAIR.COM/BRAND/BND/GARTOO-B84413.HTML
GARVEELIFE	GARVEELIFE	wayfair.com	HTTPS://WWW.WAYFAIR.COM/BRAND/BND/GARVEELIFE-B108619.HTML
GASHARDWARE	GASHARDWARE	wayfair.com	HTTPS://WWW.WAYFAIR.COM/BRAND/BND/GAS-HARDWARE-B85519.HTML
GATCO	GATCO	wayfair.com	HTTPS://WWW.WAYFAIR.COM/BRAND/BND/GATCO-B1271.HTML
GATCOFINEBATHWARE	GATCO	wayfair.com	HTTPS://WWW.WAYFAIR.COM/BRAND/BND/GATCO-B1271.HTML
GATCOLOCATIONB37	GATCO	wayfair.com	HTTPS://WWW.WAYFAIR.COM/BRAND/BND/GATCO-B1271.HTML
GATEHOUSEFURNITURE	GATEHOUSEFURNITURE	wayfair.com	HTTPS://WWW.WAYFAIR.COM/BRAND/BND/GATE-HOUSE-FURNITURE-B22772.HTML
GATHERCRAFT	GATHERCRAFT	wayfair.com	HTTPS://WWW.WAYFAIR.COM/BRAND/BND/GATHERCRAFT-B41589.HTML
GATHEREDTRADITIONS	GATHEREDTRADITIONS	wayfair.com	HTTPS://WWW.WAYFAIR.COM/BRAND/BND/GATHERED-TRADITIONS-B50805.HTML
GAUYEBY	GABBY	wayfair.com	HTTPS://WWW.WAYFAIR.COM/BRAND/BND/GABBY-B42448.HTML
GAYAFORES	GAYAFORES	wayfair.com	HTTPS://WWW.WAYFAIR.COM/BRAND/BND/GAYAFORES-B51727.HTML
GAZEBOPENGUIN	GAZEBOPENGUIN	wayfair.com	HTTPS://WWW.WAYFAIR.COM/BRAND/BND/GAZEBO-PENGUIN-B8926.HTML
GAZEBOPENGUIN432004SEASONGAZEBO	GAZEBOPENGUIN	wayfair.com	HTTPS://WWW.WAYFAIR.COM/BRAND/BND/GAZEBO-PENGUIN-B8926.HTML
GAZEBOPENGUINW161012ADDAROOM	GAZEBOPENGUIN	wayfair.com	HTTPS://WWW.WAYFAIR.COM/BRAND/BND/GAZEBO-PENGUIN-B8926.HTML
GBITILESTONE	GRANITESTONE	wayfair.com	HTTPS://WWW.WAYFAIR.COM/BRAND/BND/GRANITESTONE-B51015.HTML
GDLHOME	GDL	wayfair.com	HTTPS://WWW.WAYFAIR.COM/BRAND/BND/GDL-B63399.HTML
GDY	GDY	wayfair.com	HTTPS://WWW.WAYFAIR.COM/BRAND/BND/GDY-B58520.HTML
GDYDI	GDY	wayfair.com	HTTPS://WWW.WAYFAIR.COM/BRAND/BND/GDY-B58520.HTML
GDYHOME	GDY	wayfair.com	HTTPS://WWW.WAYFAIR.COM/BRAND/BND/GDY-B58520.HTML
GEAPPLIANCE	GEAPPLIANCES	wayfair.com	HTTPS://WWW.WAYFAIR.COM/BRAND/BND/GE-APPLIANCES-B45067.HTML
GEAPPLIANCES	GEAPPLIANCES	wayfair.com	HTTPS://WWW.WAYFAIR.COM/BRAND/BND/GE-APPLIANCES-B45067.HTML
GEAPPLIANES	GEAPPLIANCES	wayfair.com	HTTPS://WWW.WAYFAIR.COM/BRAND/BND/GE-APPLIANCES-B45067.HTML
GEARONIC	GEARONIC	wayfair.com	HTTPS://WWW.WAYFAIR.COM/BRAND/BND/GEARONIC-B61849.HTML
GEARONICTM	GEARONIC	wayfair.com	HTTPS://WWW.WAYFAIR.COM/BRAND/BND/GEARONIC-B61849.HTML
GEHE	GEAPPLIANCES	wayfair.com	HTTPS://WWW.WAYFAIR.COM/BRAND/BND/GE-APPLIANCES-B45067.HTML
GEMMARTUSACHIPANDRONDELLE	GEMMARTUSA	wayfair.com	HTTPS://WWW.WAYFAIR.COM/BRAND/BND/GEMMART-USA-B84808.HTML
GEMMY	GEMMYINDUSTRIES	wayfair.com	HTTPS://WWW.WAYFAIR.COM/BRAND/BND/GEMMY-INDUSTRIES-B20262.HTML
GEMMYCORPORATION	GEMMYINDUSTRIES	wayfair.com	HTTPS://WWW.WAYFAIR.COM/BRAND/BND/GEMMY-INDUSTRIES-B20262.HTML
GEMMYINDUSTERIESANDHOLIDAYTIME	GEMMYINDUSTRIES	wayfair.com	HTTPS://WWW.WAYFAIR.COM/BRAND/BND/GEMMY-INDUSTRIES-B20262.HTML
GEMMYINDUSTRIES	GEMMYINDUSTRIES	wayfair.com	HTTPS://WWW.WAYFAIR.COM/BRAND/BND/GEMMY-INDUSTRIES-B20262.HTML
GEN7PET	GEN7PETS	wayfair.com	HTTPS://WWW.WAYFAIR.COM/BRAND/BND/GEN7PETS-B22286.HTML
GEN7PETS	GEN7PETS	wayfair.com	HTTPS://WWW.WAYFAIR.COM/BRAND/BND/GEN7PETS-B22286.HTML
GENBONS	GENBONS	wayfair.com	HTTPS://WWW.WAYFAIR.COM/BRAND/BND/GENBONS-B91300.HTML
GENEVAHOMEFASHION	GENEVAHOME	wayfair.com	HTTPS://WWW.WAYFAIR.COM/BRAND/BND/GENEVA-HOME-B34545.HTML
GENEVAHOMEFASHIONS	GENEVAHOME	wayfair.com	HTTPS://WWW.WAYFAIR.COM/BRAND/BND/GENEVA-HOME-B34545.HTML
GENIQUA	GENIQUA	wayfair.com	HTTPS://WWW.WAYFAIR.COM/BRAND/BND/GENIQUA-B55944.HTML
GENKENT	GENKENT	wayfair.com	HTTPS://WWW.WAYFAIR.COM/BRAND/BND/GENKENT-B59802.HTML
GENMOUSCO	GENMOUSCO	wayfair.com	HTTPS://WWW.WAYFAIR.COM/BRAND/BND/GENMOUS-CO-B58916.HTML
GENOVAVANITYTOP	GENOVAPRODUCTS	wayfair.com	HTTPS://WWW.WAYFAIR.COM/BRAND/BND/GENOVAPRODUCTS-B12370.HTML
GENTLEBOOMS	GENTLEBOOMSSPORTS	wayfair.com	HTTPS://WWW.WAYFAIR.COM/BRAND/BND/GENTLE-BOOMS-SPORTS-B67396.HTML
GENTLEBOOMSSPORTS	GENTLEBOOMSSPORTS	wayfair.com	HTTPS://WWW.WAYFAIR.COM/BRAND/BND/GENTLE-BOOMS-SPORTS-B67396.HTML
GENTLEDEER	GENTLEDEER	wayfair.com	HTTPS://WWW.WAYFAIR.COM/BRAND/BND/GENTLE-DEER-B65857.HTML
GEOCRAFTS	GEOCRAFTS	wayfair.com	HTTPS://WWW.WAYFAIR.COM/BRAND/BND/GEO-CRAFTS-B10755.HTML
GEORGEFOREMAN	GEORGEFOREMAN	wayfair.com	HTTPS://WWW.WAYFAIR.COM/BRAND/BND/GEORGE-FOREMAN-B1127.HTML
GEORGEFOREMANGRILLS	GEORGEFOREMAN	wayfair.com	HTTPS://WWW.WAYFAIR.COM/BRAND/BND/GEORGE-FOREMAN-B1127.HTML
GEORGEKOVACS	GEORGEKOVACS	wayfair.com	HTTPS://WWW.WAYFAIR.COM/BRAND/BND/GEORGE-KOVACS-B851.HTML
GEORGEKOVACSBYMINKA	GEORGEKOVACS	wayfair.com	HTTPS://WWW.WAYFAIR.COM/BRAND/BND/GEORGE-KOVACS-B851.HTML
GEORGEOLIVER	GEORGEOLIVER	wayfair.com	HTTPS://WWW.WAYFAIR.COM/BRAND/BND/GEORGE-OLIVER-B44316.HTML
GEORGEOLIVERWULFF	GEORGEOLIVER	wayfair.com	HTTPS://WWW.WAYFAIR.COM/BRAND/BND/GEORGE-OLIVER-B44316.HTML
GEOSPORTSBOTTLES	GEOSPORTSBOTTLES	wayfair.com	HTTPS://WWW.WAYFAIR.COM/BRAND/BND/GEO-SPORTS-BOTTLES-B66149.HTML
GEOUSY	GEAPPLIANCES	wayfair.com	HTTPS://WWW.WAYFAIR.COM/BRAND/BND/GE-APPLIANCES-B45067.HTML
GERBIT	GERBIT	wayfair.com	HTTPS://WWW.WAYFAIR.COM/BRAND/BND/GERBIT-B104525.HTML
GERSONINTERNATIONAL	GEIN	wayfair.com	HTTPS://WWW.WAYFAIR.COM/BRAND/BND/GEIN-B42316.HTML
GESIPOR	GESIPOR	wayfair.com	HTTPS://WWW.WAYFAIR.COM/BRAND/BND/GESIPOR-B95680.HTML
GETPRO	GETPRO	wayfair.com	HTTPS://WWW.WAYFAIR.COM/BRAND/BND/GETPRO-B58929.HTML
GETREADYKIDS	GETREADYKIDS	wayfair.com	HTTPS://WWW.WAYFAIR.COM/BRAND/BND/GET-READY-KIDS-B9225.HTML
GEYERINSTRUCTIONALPRODUCTS	GEYERINSTRUCTIONALPRODUCTS	wayfair.com	HTTPS://WWW.WAYFAIR.COM/BRAND/BND/GEYER-INSTRUCTIONAL-PRODUCTS-B57920.HTML
GEZMR	GZMR	wayfair.com	HTTPS://WWW.WAYFAIR.COM/BRAND/BND/GZMR-B65618.HTML
GGCOLLECTION	TGGC	wayfair.com	HTTPS://WWW.WAYFAIR.COM/BRAND/BND/TGGC-B42317.HTML
GGEZEN	GEESEN	wayfair.com	HTTPS://WWW.WAYFAIR.COM/BRAND/BND/GEESEN-B108903.HTML
GGI	GGIINTERNATIONAL	wayfair.com	HTTPS://WWW.WAYFAIR.COM/BRAND/BND/GGI-INTERNATIONAL-B21241.HTML
GGIINTERNATIONAL	GGIINTERNATIONAL	wayfair.com	HTTPS://WWW.WAYFAIR.COM/BRAND/BND/GGI-INTERNATIONAL-B21241.HTML
GHOMECOLLECTION	GHOMECOLLECTION	wayfair.com	HTTPS://WWW.WAYFAIR.COM/BRAND/BND/G-HOME-COLLECTION-B42444.HTML
GHOMEG	GHOMEG	wayfair.com	HTTPS://WWW.WAYFAIR.COM/BRAND/BND/GHOMEG-B57883.HTML
GIANTEX	GIANTEX	wayfair.com	HTTPS://WWW.WAYFAIR.COM/BRAND/BND/GIANTEX-B59580.HTML
GIANTEX58FTFEMALEMANNEQUINEGGH	GIANTEX	wayfair.com	HTTPS://WWW.WAYFAIR.COM/BRAND/BND/GIANTEX-B59580.HTML
GIANTEXSTORE	GIANTEX	wayfair.com	HTTPS://WWW.WAYFAIR.COM/BRAND/BND/GIANTEX-B59580.HTML
GIBSONHOME9288816RMOGALLA16PIE	GIBSONHOME	wayfair.com	HTTPS://WWW.WAYFAIR.COM/BRAND/BND/GIBSON-HOME-B47681.HTML
GIFTCRAFT	GIFTCRAFT	wayfair.com	HTTPS://WWW.WAYFAIR.COM/BRAND/BND/GIFTCRAFT-B24539.HTML
GIFTMARK	GIFTMARK	wayfair.com	HTTPS://WWW.WAYFAIR.COM/BRAND/BND/GIFT-MARK-B541.HTML
GIGALUMI	GIGALUMI	wayfair.com	HTTPS://WWW.WAYFAIR.COM/BRAND/BND/GIGALUMI-B58519.HTML
GIGATENT	GIGATENT	wayfair.com	HTTPS://WWW.WAYFAIR.COM/BRAND/BND/GIGATENT-B11146.HTML
GIGATENTS	GIGATENT	wayfair.com	HTTPS://WWW.WAYFAIR.COM/BRAND/BND/GIGATENT-B11146.HTML
GIGICLOUD	GIGACLOUDTECHNOLOGY	wayfair.com	HTTPS://WWW.WAYFAIR.COM/BRAND/BND/GIGACLOUD-TECHNOLOGY-B85226.HTML
GIIKIN	GIIKIN	wayfair.com	HTTPS://WWW.WAYFAIR.COM/BRAND/BND/GIIKIN-B75373.HTML
GILLYGRO	GILLYGRO	wayfair.com	HTTPS://WWW.WAYFAIR.COM/BRAND/BND/GILLYGRO-B96064.HTML
GIMFY	GIMIFY	wayfair.com	HTTPS://WWW.WAYFAIR.COM/BRAND/BND/GIMIFY-B61198.HTML
GIMIFY	GIMIFY	wayfair.com	HTTPS://WWW.WAYFAIR.COM/BRAND/BND/GIMIFY-B61198.HTML
GINGERRAY	GINGERRAY	wayfair.com	HTTPS://WWW.WAYFAIR.COM/BRAND/BND/GINGER-RAY-B50482.HTML
GINGERRAYGINGERRAYGINGERRAY	GINGERRAY	wayfair.com	HTTPS://WWW.WAYFAIR.COM/BRAND/BND/GINGER-RAY-B50482.HTML
GINGKOFURNITURE	GINGKOHOMEFURNISHINGS	wayfair.com	HTTPS://WWW.WAYFAIR.COM/BRAND/BND/GINGKO-HOME-FURNISHINGS-B41681.HTML
GINGKOHOMEFURNISHINGS	GINGKOHOMEFURNISHINGS	wayfair.com	HTTPS://WWW.WAYFAIR.COM/BRAND/BND/GINGKO-HOME-FURNISHINGS-B41681.HTML
GINSEY	GINSEY	wayfair.com	HTTPS://WWW.WAYFAIR.COM/BRAND/BND/GINSEY-B8370.HTML
GIODIR	GIODIR	wayfair.com	HTTPS://WWW.WAYFAIR.COM/BRAND/BND/GIODIR-B61188.HTML
GIORBELLO	GIORBELLO	wayfair.com	HTTPS://WWW.WAYFAIR.COM/BRAND/BND/GIORBELLO-B22952.HTML
GIZAUNART	GIZAUNART	wayfair.com	HTTPS://WWW.WAYFAIR.COM/BRAND/BND/GIZAUN-ART-B19569.HTML
GLADLE	GLADLE	wayfair.com	HTTPS://WWW.WAYFAIR.COM/BRAND/BND/GLADLE-B67832.HTML
GLAF	GLAF	wayfair.com	HTTPS://WWW.WAYFAIR.COM/BRAND/BND/GLAF-B102068.HTML
GLARO	GLARO	wayfair.com	HTTPS://WWW.WAYFAIR.COM/BRAND/BND/GLARO-INC-B1909.HTML
GLAROS	GLAROS	wayfair.com	HTTPS://WWW.WAYFAIR.COM/BRAND/BND/GLAROS-B44393.HTML
GLASSLOCK	GLASSLOCK	wayfair.com	HTTPS://WWW.WAYFAIR.COM/BRAND/BND/GLASSLOCK-B36972.HTML
GLASSWAREHOUSE	GLASSWAREHOUSE	wayfair.com	HTTPS://WWW.WAYFAIR.COM/BRAND/BND/GLASS-WAREHOUSE-B39730.HTML
GLENCREAG	GLENCREAG	wayfair.com	HTTPS://WWW.WAYFAIR.COM/BRAND/BND/GLENCREAG-B99913.HTML
GLENNAJEANCOTTAGECOLLECTION	GLENNAJEAN	wayfair.com	HTTPS://WWW.WAYFAIR.COM/BRAND/BND/GLENNA-JEAN-B533.HTML
GLENWILLOWHOME	GLENWILLOWHOME	wayfair.com	HTTPS://WWW.WAYFAIR.COM/BRAND/BND/GLENWILLOW-HOME-B64197.HTML
GLIDERIGHT	GLIDERITEHARDWARE	wayfair.com	HTTPS://WWW.WAYFAIR.COM/BRAND/BND/GLIDERITE-HARDWARE-B32222.HTML
GLIDERITE	GLIDERITEHARDWARE	wayfair.com	HTTPS://WWW.WAYFAIR.COM/BRAND/BND/GLIDERITE-HARDWARE-B32222.HTML
GLIDERITEHARDWARE	GLIDERITEHARDWARE	wayfair.com	HTTPS://WWW.WAYFAIR.COM/BRAND/BND/GLIDERITE-HARDWARE-B32222.HTML
GLITZHOME	GLITZHOME	wayfair.com	HTTPS://WWW.WAYFAIR.COM/BRAND/BND/GLITZHOME-B37022.HTML
GLITZHOMECORPORATION	GLITZHOME	wayfair.com	HTTPS://WWW.WAYFAIR.COM/BRAND/BND/GLITZHOME-B37022.HTML
GLNRUGS	GLNRUGS	wayfair.com	HTTPS://WWW.WAYFAIR.COM/BRAND/BND/GLN-RUGS-B73421.HTML/
GLOBALAMICI	GLOBALAMICI	wayfair.com	HTTPS://WWW.WAYFAIR.COM/BRAND/BND/GLOBAL-AMICI-B8034.HTML
GLOBALCARAVAN	CARAVANGLOBAL	wayfair.com	HTTPS://WWW.WAYFAIR.COM/BRAND/BND/CARAVAN-GLOBAL-B75808.HTML
GLOBALCUTLERY	GLOBAL	wayfair.com	HTTPS://WWW.WAYFAIR.COM/BRAND/BND/GLOBAL-B37439.HTML
GLOBALDESIGN	GLOBALDESIGNS	wayfair.com	HTTPS://WWW.WAYFAIR.COM/BRAND/BND/GLOBALDESIGNS-B38629.HTML
GLOBALDOORCONTROLS	GLOBALDOORCONTROLS	wayfair.com	HTTPS://WWW.WAYFAIR.COM/BRAND/BND/GLOBAL-DOOR-CONTROLS-B35806.HTML
GLOBALFURNITURE	GLOBALFURNITUREUSA	wayfair.com	HTTPS://WWW.WAYFAIR.COM/BRAND/BND/GLOBAL-FURNITURE-USA-B466.HTML
GLOBALFURNITUREUNITED	GLOBALUNITED	wayfair.com	HTTPS://WWW.WAYFAIR.COM/BRAND/BND/GLOBAL-UNITED-B46304.HTML
GLOBALFURNITUREUSA	GLOBALFURNITUREUSA	wayfair.com	HTTPS://WWW.WAYFAIR.COM/BRAND/BND/GLOBAL-FURNITURE-USA-B466.HTML
GLOBALGALLERY	GLOBALGALLERY	wayfair.com	HTTPS://WWW.WAYFAIR.COM/BRAND/BND/GLOBAL-GALLERY-B13348.HTML
GLOBALOUTDOOR	GLOBALOUTDOORS	wayfair.com	HTTPS://WWW.WAYFAIR.COM/BRAND/BND/GLOBAL-OUTDOORS-INC-B71450.HTML
GLOBALOUTDOORS	GLOBALOUTDOORS	wayfair.com	HTTPS://WWW.WAYFAIR.COM/BRAND/BND/GLOBAL-OUTDOORS-INC-B71450.HTML
GLOBALSPECIALTIES	GLOBALSPECIALTYPRODUCTS	wayfair.com	HTTPS://WWW.WAYFAIR.COM/BRAND/BND/GLOBAL-SPECIALTY-PRODUCTS-B35956.HTML
GLOBALSPECIALTYPRODUCTS	GLOBALSPECIALTYPRODUCTS	wayfair.com	HTTPS://WWW.WAYFAIR.COM/BRAND/BND/GLOBAL-SPECIALTY-PRODUCTS-B35956.HTML
GLOBALUNITED	GLOBALUNITED	wayfair.com	HTTPS://WWW.WAYFAIR.COM/BRAND/BND/GLOBAL-UNITED-B46304.HTML
GLOBALUNITEDFURNITURE	GLOBALUNITED	wayfair.com	HTTPS://WWW.WAYFAIR.COM/BRAND/BND/GLOBAL-UNITED-B46304.HTML
GLOBALVIEWS	GLOBALVIEWS	wayfair.com	HTTPS://WWW.WAYFAIR.COM/BRAND/BND/GLOBAL-VIEWS-B2240.HTML
GLOBEELECTRIC	GLOBEELECTRICCOMPANY	wayfair.com	HTTPS://WWW.WAYFAIR.COM/BRAND/BND/GLOBE-ELECTRIC-COMPANY-B22913.HTML
GLOBEELECTRICCOMPANY	GLOBEELECTRICCOMPANY	wayfair.com	HTTPS://WWW.WAYFAIR.COM/BRAND/BND/GLOBE-ELECTRIC-COMPANY-B22913.HTML
GLOBEELECTRICCOMPANYUSA	GLOBEELECTRICCOMPANY	wayfair.com	HTTPS://WWW.WAYFAIR.COM/BRAND/BND/GLOBE-ELECTRIC-COMPANY-B22913.HTML
GLOBEELECTRICSTORE	GLOBEELECTRICCOMPANY	wayfair.com	HTTPS://WWW.WAYFAIR.COM/BRAND/BND/GLOBE-ELECTRIC-COMPANY-B22913.HTML
GLOBEELECTRICVINTAGESEMIFLUSHMO	GLOBEELECTRICCOMPANY	wayfair.com	HTTPS://WWW.WAYFAIR.COM/BRAND/BND/GLOBE-ELECTRIC-COMPANY-B22913.HTML
GLOBEFURNITURE	GLOBALFURNITUREUSA	wayfair.com	HTTPS://WWW.WAYFAIR.COM/BRAND/BND/GLOBAL-FURNITURE-USA-B466.HTML
GLOMERY	GLOMERYGOODS	wayfair.com	HTTPS://WWW.WAYFAIR.COM/BRAND/BND/GLOMERY-GOODS-B45115.HTML
GLORIY	GLORIAY	wayfair.com	HTTPS://WWW.WAYFAIR.COM/BRAND/BND/GLORIAY-B104116.HTML
GLORY168	GLORYFURNITURE	wayfair.com	HTTPS://WWW.WAYFAIR.COM/BRAND/BND/GLORY-FURNITURE-B32382.HTML
GLORYESTD1962	GLORYFURNITURE	wayfair.com	HTTPS://WWW.WAYFAIR.COM/BRAND/BND/GLORY-FURNITURE-B32382.HTML
GLORYFURNITURE	GLORYFURNITURE	wayfair.com	HTTPS://WWW.WAYFAIR.COM/BRAND/BND/GLORY-FURNITURE-B32382.HTML
GLORYFURNITUREDISTRIBUTORS	GLORYFURNITURE	wayfair.com	HTTPS://WWW.WAYFAIR.COM/BRAND/BND/GLORY-FURNITURE-B32382.HTML
GLORYFURNITUREOTTOMAN	GLORYFURNITURE	wayfair.com	HTTPS://WWW.WAYFAIR.COM/BRAND/BND/GLORY-FURNITURE-B32382.HTML
GLORYHAUS	GLORYHAUS	wayfair.com	HTTPS://WWW.WAYFAIR.COM/BRAND/BND/GLORY-HAUS-B19864.HTML
GLORYHOME	GLORYHOMEDESIGN	wayfair.com	HTTPS://WWW.WAYFAIR.COM/BRAND/BND/GLORY-HOME-DESIGN-B39583.HTML
GLORYHOMEDESIGN	GLORYHOMEDESIGN	wayfair.com	HTTPS://WWW.WAYFAIR.COM/BRAND/BND/GLORY-HOME-DESIGN-B39583.HTML
GLORYINTEREST	GLORYFURNITURE	wayfair.com	HTTPS://WWW.WAYFAIR.COM/BRAND/BND/GLORY-FURNITURE-B32382.HTML
GLOWDECOR	GLOWDECOR	wayfair.com	HTTPS://WWW.WAYFAIR.COM/BRAND/BND/GLOW-DECOR-B64356.HTML
GLOWLIGHTING	GLOWLIGHTING	wayfair.com	HTTPS://WWW.WAYFAIR.COM/BRAND/BND/GLOW-LIGHTING-B23973.HTML
GMAMASIMHOME	GMHOME	wayfair.com	HTTPS://WWW.WAYFAIR.COM/BRAND/BND/GMHOME-B64880.HTML
GMHOMEKITCHEN	GEAPPLIANCES	wayfair.com	HTTPS://WWW.WAYFAIR.COM/BRAND/BND/GE-APPLIANCES-B45067.HTML
GN109	GN109	wayfair.com	HTTPS://WWW.WAYFAIR.COM/BRAND/BND/GN109-B81683.HTML
GNGXEFACA	GONGXIFACAI	wayfair.com	HTTPS://WWW.WAYFAIR.COM/BRAND/BND/GONGXIFACAI-B57332.HTML
GOCONFIGURE	GOCONFIGURE	wayfair.com	HTTPS://WWW.WAYFAIR.COM/BRAND/BND/GO-CONFIGURE-B54699.HTML
GODINGER	GODINGERSILVERARTCO	wayfair.com	HTTPS://WWW.WAYFAIR.COM/BRAND/BND/GODINGER-SILVER-ART-CO-B16035.HTML
GODINGERSILVERART	GODINGERSILVERARTCO	wayfair.com	HTTPS://WWW.WAYFAIR.COM/BRAND/BND/GODINGER-SILVER-ART-CO-B16035.HTML
GODINGERSILVERARTCO	GODINGERSILVERARTCO	wayfair.com	HTTPS://WWW.WAYFAIR.COM/BRAND/BND/GODINGER-SILVER-ART-CO-B16035.HTML
GOHYO	GOHYO	wayfair.com	HTTPS://WWW.WAYFAIR.COM/BRAND/BND/GOHYO-B71180.HTML
GOJOOASIS	GOJOOASIS	wayfair.com	HTTPS://WWW.WAYFAIR.COM/BRAND/BND/GOJOOASIS-B55345.HTML
GOJUHANLIN	GOJIN	wayfair.com	HTTPS://WWW.WAYFAIR.COM/BRAND/BND/GOJIN-B63622.HTML
GOLDENBRIGHT	GOLDENBRIGHT	wayfair.com	HTTPS://WWW.WAYFAIR.COM/BRAND/BND/GOLDEN-BRIGHT-B6491.HTML
GOLDENHILLSTUDIO	GOLDENHILLSTUDIO	wayfair.com	HTTPS://WWW.WAYFAIR.COM/BRAND/BND/GOLDEN-HILL-STUDIO-B31314.HTML
GOLDENLIGHTING	GOLDENLIGHTING	wayfair.com	HTTPS://WWW.WAYFAIR.COM/BRAND/BND/GOLDEN-LIGHTING-B5136.HTML
GOLDENRABBIT	GOLDENRABBIT	wayfair.com	HTTPS://WWW.WAYFAIR.COM/BRAND/BND/GOLDEN-RABBIT-B29698.HTML
GOLDENSTATEART	GOLDENSTATEART	wayfair.com	HTTPS://WWW.WAYFAIR.COM/BRAND/BND/GOLDEN-STATE-ART-B46532.HTML
GOLDENSTATEART12X12SQUAREWOODP	GOLDENSTATEART	wayfair.com	HTTPS://WWW.WAYFAIR.COM/BRAND/BND/GOLDEN-STATE-ART-B46532.HTML
GOLDENVANTAGE	GOLDENVANTAGE	wayfair.com	HTTPS://WWW.WAYFAIR.COM/BRAND/BND/GOLDENVANTAGE-B31737.HTML
GOLDENWARM	GOLDENWARM	wayfair.com	HTTPS://WWW.WAYFAIR.COM/BRAND/BND/GOLDENWARM-B54579.HTML
GOLDMEDALBEANBAGS	GOLDMEDALBEANBAGS	wayfair.com	HTTPS://WWW.WAYFAIR.COM/BRAND/BND/GOLD-MEDAL-BEAN-BAGS-B21077.HTML
GOLDSPARROW	GOLDSPARROW	wayfair.com	HTTPS://WWW.WAYFAIR.COM/BRAND/BND/GOLD-SPARROW-B12895.HTML
GOLDSPARROWLUCASWOODGRAINACCENT	GOLDSPARROW	wayfair.com	HTTPS://WWW.WAYFAIR.COM/BRAND/BND/GOLD-SPARROW-B12895.HTML
GOMAMAGO	GOMAMAGO	wayfair.com	HTTPS://WWW.WAYFAIR.COM/BRAND/BND/GO-MAMA-GO-B8275.HTML
GONBETEXTI	GONGE	wayfair.com	HTTPS://WWW.WAYFAIR.COM/BRAND/BND/GONGE-B66439.HTML
GONGE	GONGE	wayfair.com	HTTPS://WWW.WAYFAIR.COM/BRAND/BND/GONGE-B66439.HTML
GOODBANANA	GOODBANANA	wayfair.com	HTTPS://WWW.WAYFAIR.COM/BRAND/BND/GOOD-BANANA-B68188.HTML
GOODCHOICE	BESTCHOICEPRODUCTS	wayfair.com	HTTPS://WWW.WAYFAIR.COM/BRAND/BND/BEST-CHOICE-PRODUCTS-B56222.HTML
GOODCOOK	GOODCOOK	wayfair.com	HTTPS://WWW.WAYFAIR.COM/BRAND/BND/GOOD-COOK-B40352.HTML
GOODEARTHLIGHTING	GOODEARTHLIGHTING	wayfair.com	HTTPS://WWW.WAYFAIR.COM/BRAND/BND/GOOD-EARTH-LIGHTING-B38718.HTML
GOODEARTHLIGHTINGSTYLESELECTION	GOODEARTHLIGHTING	wayfair.com	HTTPS://WWW.WAYFAIR.COM/BRAND/BND/GOOD-EARTH-LIGHTING-B38718.HTML
GOODEARTHLIGHTINGTACOMA52INWP	GOODEARTHLIGHTING	wayfair.com	HTTPS://WWW.WAYFAIR.COM/BRAND/BND/GOOD-EARTH-LIGHTING-B38718.HTML
GOODEARTHLIGHTINGUC1138WH130LF0	GOODEARTHLIGHTING	wayfair.com	HTTPS://WWW.WAYFAIR.COM/BRAND/BND/GOOD-EARTH-LIGHTING-B38718.HTML
GOODLITE	GOODLITE	wayfair.com	HTTPS://WWW.WAYFAIR.COM/BRAND/BND/GOODLITE-B82174.HTML
GOODMANANDWIFE	GOODMANANDWIFE	wayfair.com	HTTPS://WWW.WAYFAIR.COM/BRAND/BND/GOODMANANDWIFE-B45848.HTML
GOODPICK	GOODPICK	wayfair.com	HTTPS://WWW.WAYFAIR.COM/BRAND/BND/GOODPICK-B58508.HTML
GOODVAC	GOODVAC	wayfair.com	HTTPS://WWW.WAYFAIR.COM/BRAND/BND/GOODVAC-B65124.HTML
GOOOVI	GOOVI	wayfair.com	HTTPS://WWW.WAYFAIR.COM/BRAND/BND/GOOVI-B69948.HTML
GOOSH	GOOSH	wayfair.com	HTTPS://WWW.WAYFAIR.COM/BRAND/BND/GOOSH-B69397.HTML
GOOSHINFLATABLE	GOOSH	wayfair.com	HTTPS://WWW.WAYFAIR.COM/BRAND/BND/GOOSH-B69397.HTML
GOOTOOSH	GOOTOOSH	wayfair.com	HTTPS://WWW.WAYFAIR.COM/BRAND/BND/GOOTOOSH-B47847.HTML
GOOVI	GOOVI	wayfair.com	HTTPS://WWW.WAYFAIR.COM/BRAND/BND/GOOVI-B69948.HTML
GOOVII	GOOVI	wayfair.com	HTTPS://WWW.WAYFAIR.COM/BRAND/BND/GOOVI-B69948.HTML
GOPETCLUB	GOPETCLUB	wayfair.com	HTTPS://WWW.WAYFAIR.COM/BRAND/BND/GO-PET-CLUB-B7934.HTML
GOPONG	GOPONG	wayfair.com	HTTPS://WWW.WAYFAIR.COM/BRAND/BND/GOPONG-B14010.HTML
GORDONRAMSAYBYROYALDOULTON	GORDONRAMSAY	wayfair.com	HTTPS://WWW.WAYFAIR.COM/BRAND/BND/GORDON-RAMSAY-B2459.HTML
GORDONRAMSAYROYALDOULTON	GORDONRAMSAY	wayfair.com	HTTPS://WWW.WAYFAIR.COM/BRAND/BND/GORDON-RAMSAY-B2459.HTML
GORGEOUSGABBY	GABBY	wayfair.com	HTTPS://WWW.WAYFAIR.COM/BRAND/BND/GABBY-B42448.HTML
GORILLACARTS	GORILLACARTS	wayfair.com	HTTPS://WWW.WAYFAIR.COM/BRAND/BND/GORILLA-CARTS-B30875.HTML
GORILLAOUTINGS	GORILLAPLAYSETS	wayfair.com	HTTPS://WWW.WAYFAIR.COM/BRAND/BND/GORILLA-PLAYSETS-B949.HTML
GORILLAPLAYSETS	GORILLAPLAYSETS	wayfair.com	HTTPS://WWW.WAYFAIR.COM/BRAND/BND/GORILLA-PLAYSETS-B949.HTML
GORILLAPLAYSETS1507	GORILLAPLAYSETS	wayfair.com	HTTPS://WWW.WAYFAIR.COM/BRAND/BND/GORILLA-PLAYSETS-B949.HTML
GOSPORTS	GOSPORTS	wayfair.com	HTTPS://WWW.WAYFAIR.COM/BRAND/BND/GOSPORTS-B25399.HTML
GOSPORTSOUTDOORS	GOSPORTS	wayfair.com	HTTPS://WWW.WAYFAIR.COM/BRAND/BND/GOSPORTS-B25399.HTML
GOSPORTSVL	GOSPORTS	wayfair.com	HTTPS://WWW.WAYFAIR.COM/BRAND/BND/GOSPORTS-B25399.HTML
GOTEN	GOTEN	wayfair.com	HTTPS://WWW.WAYFAIR.COM/BRAND/BND/GOTEN-B62006.HTML
GOTHAMSTEEL	GOTHAMSTEEL	wayfair.com	HTTPS://WWW.WAYFAIR.COM/BRAND/BND/GOTHAM-STEEL-B41720.HTML
GOTHAMSTEELCORPORATIONS	GOTHAMSTEEL	wayfair.com	HTTPS://WWW.WAYFAIR.COM/BRAND/BND/GOTHAM-STEEL-B41720.HTML
GOTILING	GOTILING	wayfair.com	HTTPS://WWW.WAYFAIR.COM/BRAND/BND/GOTILING-B105475.HTML
GOUCHEEHOME	GOUCHEEHOME	wayfair.com	HTTPS://WWW.WAYFAIR.COM/BRAND/BND/GOUCHEE-HOME-B42841.HTML
GOURMETBASICSBYMIKASA	GOURMETBASICSBYMIKASA	wayfair.com	HTTPS://WWW.WAYFAIR.COM/BRAND/BND/GOURMET-BASICS-BY-MIKASA-B38020.HTML
GOURMETBYSTARFRIT	GOURMETBYSTARFRIT	wayfair.com	HTTPS://WWW.WAYFAIR.COM/BRAND/BND/GOURMET-BY-STARFRIT-B53961.HTML
GOURMETEASY	GOURMETEASY	wayfair.com	HTTPS://WWW.WAYFAIR.COM/BRAND/BND/GOURMET-EASY-B85095.HTML
GOURMETEDGE	GOURMETEDGE	wayfair.com	HTTPS://WWW.WAYFAIR.COM/BRAND/BND/GOURMET-EDGE-B66241.HTML
GOURMETHOME	GOURMETHOMEPRODUCTS	wayfair.com	HTTPS://WWW.WAYFAIR.COM/BRAND/BND/GOURMET-HOME-PRODUCTS-B40346.HTML
GOURMETHOMEPRODUCTS	GOURMETHOMEPRODUCTS	wayfair.com	HTTPS://WWW.WAYFAIR.COM/BRAND/BND/GOURMET-HOME-PRODUCTS-B40346.HTML
GOURMETSETTINGS	GOURMETSETTINGS	wayfair.com	HTTPS://WWW.WAYFAIR.COM/BRAND/BND/GOURMET-SETTINGS-B4497.HTML
GOURMIA	GOURMIA	wayfair.com	HTTPS://WWW.WAYFAIR.COM/BRAND/BND/GOURMIA-B87067.HTML
GOWOODHUT	GOWOODHUT	wayfair.com	HTTPS://WWW.WAYFAIR.COM/BRAND/BND/GOWOODHUT-B103165.HTML
GPROMISE	GPROMISE	wayfair.com	HTTPS://WWW.WAYFAIR.COM/BRAND/BND/G-PROMISE-B54750.HTML
GRACEDSOFTLUXURIES	GRACEDSOFTLUXURIES	wayfair.com	HTTPS://WWW.WAYFAIR.COM/BRAND/BND/GRACED-SOFT-LUXURIES-B80206.HTML
GRACETEAWARE	COASTLINEIMPORTS	wayfair.com	HTTPS://WWW.WAYFAIR.COM/BRAND/BND/COASTLINE-IMPORTS-B37051.HTML
GRACIEBONECHINABYCOASTLINEIMPOR	COASTLINEIMPORTS	wayfair.com	HTTPS://WWW.WAYFAIR.COM/BRAND/BND/COASTLINE-IMPORTS-B37051.HTML
GRACIEMILLS	GRACIEMILLS	wayfair.com	HTTPS://WWW.WAYFAIR.COM/BRAND/BND/GRACIE-MILLS-B82148.HTML
GRACIEOAKS	GRACIEOAKS	wayfair.com	HTTPS://WWW.WAYFAIR.COM/BRAND/BND/GRACIE-OAKS-B44304.HTML
GRACIOUSLIVING	GRACIOUSLIVING	wayfair.com	HTTPS://WWW.WAYFAIR.COM/BRAND/BND/GRACIOUS-LIVING-B17200.HTML
GRAHOE	GROHE	wayfair.com	HTTPS://WWW.WAYFAIR.COM/BRAND/BND/GROHE-B967.HTML
GRAINWOOD	GRAINWOODFURNITURE	wayfair.com	HTTPS://WWW.WAYFAIR.COM/BRAND/BND/GRAIN-WOOD-FURNITURE-B36861.HTML
GRAINWOODFURNITURE	GRAINWOODFURNITURE	wayfair.com	HTTPS://WWW.WAYFAIR.COM/BRAND/BND/GRAIN-WOOD-FURNITURE-B36861.HTML
GRAMERCYKITCHENCOMPANY	GRAMERCYKITCHENCOMPANY	wayfair.com	HTTPS://WWW.WAYFAIR.COM/BRAND/BND/GRAMERCY-KITCHEN-COMPANY-B65343.HTML/
GRANDASPIRATIONS	GRANDASPIRATIONS	wayfair.com	HTTPS://WWW.WAYFAIR.COM/BRAND/BND/GRAND-ASPIRATIONS-B2405.HTML
GRANDEURHARDWARE	GRANDEUR	wayfair.com	HTTPS://WWW.WAYFAIR.COM/BRAND/BND/GRANDEUR-B38033.HTML
GRANDFUSION	GRANDFUSIONHOUSEWARES	wayfair.com	HTTPS://WWW.WAYFAIR.COM/BRAND/BND/GRAND-FUSION-HOUSEWARES-INC-B56817.HTML
GRANDFUSIONHOUSEWARES	GRANDFUSIONHOUSEWARES	wayfair.com	HTTPS://WWW.WAYFAIR.COM/BRAND/BND/GRAND-FUSION-HOUSEWARES-INC-B56817.HTML
GRANDIPITY	GRANDIPITY	wayfair.com	HTTPS://WWW.WAYFAIR.COM/BRAND/BND/GRANDIPITY-B71046.HTML
GRANDPATIO	GRANDPATIO	wayfair.com	HTTPS://WWW.WAYFAIR.COM/BRAND/BND/GRAND-PATIO-B44217.HTML
GRANDPATIOFURNITURECOM	GRANDPATIO	wayfair.com	HTTPS://WWW.WAYFAIR.COM/BRAND/BND/GRAND-PATIO-B44217.HTML
GRANDPATRICIAN	GRANDPATRICIAN	wayfair.com	HTTPS://WWW.WAYFAIR.COM/BRAND/BND/GRAND-PATRICIAN-B25511.HTML
GRANDTIES	GRANDTIES	wayfair.com	HTTPS://WWW.WAYFAIR.COM/BRAND/BND/GRANDTIES-B63165.HTML
GRANDVIEWGALLERY	GRANDVIEWGALLERY	wayfair.com	HTTPS://WWW.WAYFAIR.COM/BRAND/BND/GRANDVIEW-GALLERY-B42994.HTML
GRANDVIEWGALLEY	GRANDVIEWGALLERY	wayfair.com	HTTPS://WWW.WAYFAIR.COM/BRAND/BND/GRANDVIEW-GALLERY-B42994.HTML
GRANITESTONE	GRANITESTONE	wayfair.com	HTTPS://WWW.WAYFAIR.COM/BRAND/BND/GRANITESTONE-B51015.HTML
GRANTEC	GRANTECINTERNATIONAL	wayfair.com	HTTPS://WWW.WAYFAIR.COM/BRAND/BND/GRANTECINTERNATIONALINC-B44064.HTML
GRANTECLTD	GRANTECINTERNATIONAL	wayfair.com	HTTPS://WWW.WAYFAIR.COM/BRAND/BND/GRANTECINTERNATIONALINC-B44064.HTML
GRAPRODUCTS	GROPRODUCTS	wayfair.com	HTTPS://WWW.WAYFAIR.COM/BRAND/BND/GRO-PRODUCTS-B34231.HTML
GRAYELL	GREYLEIGH	wayfair.com	HTTPS://WWW.WAYFAIR.COM/BRAND/BND/GREYLEIGH-B47920.HTML
GRAYLEIGH	GREYLEIGH	wayfair.com	HTTPS://WWW.WAYFAIR.COM/BRAND/BND/GREYLEIGH-B47920.HTML
GRAYWIND	GRAYWIND	wayfair.com	HTTPS://WWW.WAYFAIR.COM/BRAND/BND/GRAYWIND-B88122.HTML
GREATAMERICANHANGERCOMPANY	THEGREATAMERICANHANGERCOMPANY	wayfair.com	HTTPS://WWW.WAYFAIR.COM/BRAND/BND/THEGREATAMERICANHANGERCOMPANY-B30684.HTML
GREATAMERICANRAINBARRELCOMPANY	GREATAMERICANRAINBARREL	wayfair.com	HTTPS://WWW.WAYFAIR.COM/BRAND/BND/GREATAMERICANRAINBARREL-B37644.HTML
GREATBAYHOME	GREATBAYHOME	wayfair.com	HTTPS://WWW.WAYFAIR.COM/BRAND/BND/GREAT-BAY-HOME-B53800.HTML
GREATBIGCANVAS	GREATBIGCANVAS	wayfair.com	HTTPS://WWW.WAYFAIR.COM/BRAND/BND/GREAT-BIG-CANVAS-B30746.HTML
GREATBIGPHOTOS	GREATBIGCANVAS	wayfair.com	HTTPS://WWW.WAYFAIR.COM/BRAND/BND/GREAT-BIG-CANVAS-B30746.HTML
GREATCHOICE	BESTCHOICEPRODUCTS	wayfair.com	HTTPS://WWW.WAYFAIR.COM/BRAND/BND/BEST-CHOICE-PRODUCTS-B56222.HTML
GREATIME	GREATIME	wayfair.com	HTTPS://WWW.WAYFAIR.COM/BRAND/BND/GREATIME-B38981.HTML
GREATLAKESTIN	GREATLAKESTIN	wayfair.com	HTTPS://WWW.WAYFAIR.COM/BRAND/BND/GREATLAKESTIN-B45934.HTML
GREATMATSCOM	GREAATSCOM	wayfair.com	HTTPS://WWW.WAYFAIR.COM/BRAND/BND/GREATMATSCOM-B49109.HTML
GREATNORTHERNPOPCORNCOMPANY	GREATNORTHERNPOPCORN	wayfair.com	HTTPS://WWW.WAYFAIR.COM/BRAND/BND/GREAT-NORTHERN-POPCORN-B48604.HTML
GREATOPENINGS	GREATOPENINGS	wayfair.com	HTTPS://WWW.WAYFAIR.COM/BRAND/BND/GREAT-OPENINGS-B1833.HTML
GREATUSEFULSTUFF	GREATUSEFULSTUFF	wayfair.com	HTTPS://WWW.WAYFAIR.COM/BRAND/BND/GREAT-USEFUL-STUFF-B31010.HTML
GREEMOTION	GREEMOTION	wayfair.com	HTTPS://WWW.WAYFAIR.COM/BRAND/BND/GREEMOTION-B83739.HTML
GREEN4EVER	GREEN4EVER	wayfair.com	HTTPS://WWW.WAYFAIR.COM/BRAND/BND/GREEN4EVER-B54592.HTML
GREENARA	GREENARA	wayfair.com	HTTPS://WWW.WAYFAIR.COM/BRAND/BND/GREENARA-B80357.HTML
GREENBOXART	GREENBOXART	wayfair.com	HTTPS://WWW.WAYFAIR.COM/BRAND/BND/GREENBOX-ART-B23622.HTML
GREENBOXARTCULTURE	GREENBOXART	wayfair.com	HTTPS://WWW.WAYFAIR.COM/BRAND/BND/GREENBOX-ART-B23622.HTML
GREENDECORE	GREENDECORE	wayfair.com	HTTPS://WWW.WAYFAIR.COM/BRAND/BND/GREEN-DECORE-B42027.HTML
GREENEREVER	GREEN4EVER	wayfair.com	HTTPS://WWW.WAYFAIR.COM/BRAND/BND/GREEN4EVER-B54592.HTML
GREENESFENCE	GREENESFENCE	wayfair.com	HTTPS://WWW.WAYFAIR.COM/BRAND/BND/GREENES-FENCE-B37676.HTML
GREENEVER	GREENEVER	wayfair.com	HTTPS://WWW.WAYFAIR.COM/BRAND/BND/GREENEVER-B102379.HTML
GREENFOREST	GREENFOREST	wayfair.com	HTTPS://WWW.WAYFAIR.COM/BRAND/BND/GREENFOREST-B66406.HTML
GREENLANDFASHION	GREENLANDHOMEFASHIONS	wayfair.com	HTTPS://WWW.WAYFAIR.COM/BRAND/BND/GREENLAND-HOME-FASHIONS-B4532.HTML
GREENLANDHOMEFASHIONS	GREENLANDHOMEFASHIONS	wayfair.com	HTTPS://WWW.WAYFAIR.COM/BRAND/BND/GREENLAND-HOME-FASHIONS-B4532.HTML
GREENLIGHTDEPOT	GREENLIGHTDEPOT	wayfair.com	HTTPS://WWW.WAYFAIR.COM/BRAND/BND/GREEN-LIGHT-DEPOT-B85193.HTML
GREENPAN	GREENPAN	wayfair.com	HTTPS://WWW.WAYFAIR.COM/BRAND/BND/GREENPAN-B23375.HTML
GREENSMARTDCOR	GREENSMARTDEKOR	wayfair.com	HTTPS://WWW.WAYFAIR.COM/BRAND/BND/GREENSMART-DEKOR-B39763.HTML
GREENSMARTDECOR	GREENSMARTDEKOR	wayfair.com	HTTPS://WWW.WAYFAIR.COM/BRAND/BND/GREENSMART-DEKOR-B39763.HTML
GREENSMARTDEKOR	GREENSMARTDEKOR	wayfair.com	HTTPS://WWW.WAYFAIR.COM/BRAND/BND/GREENSMART-DEKOR-B39763.HTML
GREENTOUCHHOME	GREENTOUCH	wayfair.com	HTTPS://WWW.WAYFAIR.COM/BRAND/BND/GREENTOUCH-B42341.HTML
GREHOME	GREHOME	wayfair.com	HTTPS://WWW.WAYFAIR.COM/BRAND/BND/GREHOME-B59413.HTML
GRELOHOME	GREHOME	wayfair.com	HTTPS://WWW.WAYFAIR.COM/BRAND/BND/GREHOME-B59413.HTML
GREPATIO	GREPATIO	wayfair.com	HTTPS://WWW.WAYFAIR.COM/BRAND/BND/GREPATIO-B59166.HTML
GRETANORTHERNPOPCORNCOMPANY	GREATNORTHERNPOPCORN	wayfair.com	HTTPS://WWW.WAYFAIR.COM/BRAND/BND/GREAT-NORTHERN-POPCORN-B48604.HTML
GREYLEIGH	GREYLEIGH	wayfair.com	HTTPS://WWW.WAYFAIR.COM/BRAND/BND/GREYLEIGH-B47920.HTML
GREYLEIGHBABYKIDS	GREYLEIGHBABYKIDSB55548	wayfair.com	HTTPS://WWW.WAYFAIR.COM/BRAND/BND/GREYLEIGH-BABY-KIDS-B55548-MASTERCLID~7332.HTML
GREYLEIGHBABYKIDS	SHOPALLGREYLEIGHBABYKIDS	wayfair.com	HTTPS://WWW.WAYFAIR.COM/BRAND/BND/SHOP-ALL-GREYLEIGH-BABY-KIDS-C1874975.HTML
GRICOL	GRICOL	wayfair.com	HTTPS://WWW.WAYFAIR.COM/BRAND/BND/GRICOL-B68786.HTML
GRIDMANN	GRIDMANN	wayfair.com	HTTPS://WWW.WAYFAIR.COM/BRAND/BND/GRIDMANN-B59933.HTML
GRIDMANNNSF	GRIDMANN	wayfair.com	HTTPS://WWW.WAYFAIR.COM/BRAND/BND/GRIDMANN-B59933.HTML
GRILLBOSS	GRILLBOSS	wayfair.com	HTTPS://WWW.WAYFAIR.COM/BRAND/BND/GRILL-BOSS-B73129.HTML
GRILLHOGS	GRILLHOGS	wayfair.com	HTTPS://WWW.WAYFAIR.COM/BRAND/BND/GRILLHOGS-B81969.HTML
GRILLMARK	GRILLMARK	wayfair.com	HTTPS://WWW.WAYFAIR.COM/BRAND/BND/GRILLMARK-B41666.HTML
GRISHAMWHITE	GRISHAM	wayfair.com	HTTPS://WWW.WAYFAIR.COM/BRAND/BND/GRISHAM-B95147.HTML
GROHE	GROHE	wayfair.com	HTTPS://WWW.WAYFAIR.COM/BRAND/BND/GROHE-B967.HTML
GROPRODUCTS	GROPRODUCTS	wayfair.com	HTTPS://WWW.WAYFAIR.COM/BRAND/BND/GRO-PRODUCTS-B34231.HTML
GROSCHE	GROSCHE	wayfair.com	HTTPS://WWW.WAYFAIR.COM/BRAND/BND/GROSCHE-B30716.HTML
GROSCHEINTERNATIONAL	GROSCHE	wayfair.com	HTTPS://WWW.WAYFAIR.COM/BRAND/BND/GROSCHE-B30716.HTML
GROSFILLEX	GROSFILLEXCOMMERCIALRESINFURNITURE	wayfair.com	HTTPS://WWW.WAYFAIR.COM/BRAND/BND/GROSFILLEX-COMMERCIAL-RESIN-FURNITURE-B25339.HTML
GROUCHYGOOSE	GROUCHYGOOSE	wayfair.com	HTTPS://WWW.WAYFAIR.COM/BRAND/BND/GROUCHY-GOOSE-B40499.HTML
GROWERSELECT	GROWERSELECT	wayfair.com	HTTPS://WWW.WAYFAIR.COM/BRAND/BND/GROWER-SELECT-B40697.HTML
GRREATCHOICE	BESTCHOICEPRODUCTS	wayfair.com	HTTPS://WWW.WAYFAIR.COM/BRAND/BND/BEST-CHOICE-PRODUCTS-B56222.HTML
GRUND	GRUND	wayfair.com	HTTPS://WWW.WAYFAIR.COM/BRAND/BND/GRUND-B32205.HTML
GSEGAMESANDSPORTS	GSEGAMESSPORTSEXPERT	wayfair.com	HTTPS://WWW.WAYFAIR.COM/BRAND/BND/GSE-GAMES-SPORTS-EXPERT-B64072.HTML
GSEGAMESSPORTS	GSEGAMESSPORTSEXPERT	wayfair.com	HTTPS://WWW.WAYFAIR.COM/BRAND/BND/GSE-GAMES-SPORTS-EXPERT-B64072.HTML
GSEGAMESSPORTSEXPERT	GSEGAMESSPORTSEXPERT	wayfair.com	HTTPS://WWW.WAYFAIR.COM/BRAND/BND/GSE-GAMES-SPORTS-EXPERT-B64072.HTML
GSENYE	GEESEN	wayfair.com	HTTPS://WWW.WAYFAIR.COM/BRAND/BND/GEESEN-B108903.HTML
GTPLAYER	GTPLAYER	wayfair.com	HTTPS://WWW.WAYFAIR.COM/BRAND/BND/GTPLAYER-B82220.HTML
GUARDEN	GUARDEN	wayfair.com	HTTPS://WWW.WAYFAIR.COM/BRAND/BND/GUARDEN-B18133.HTML
GUARDIANTECHNOLOGIES	GUARDIANTECHNOLOGIES	wayfair.com	HTTPS://WWW.WAYFAIR.COM/BRAND/BND/GUARDIAN-TECHNOLOGIES-B20999.HTML
GUARDIANTECHNOLOGYSTORE	GUARDIANTECHNOLOGIES	wayfair.com	HTTPS://WWW.WAYFAIR.COM/BRAND/BND/GUARDIAN-TECHNOLOGIES-B20999.HTML
GUHEAKE	GOUCHEEHOME	wayfair.com	HTTPS://WWW.WAYFAIR.COM/BRAND/BND/GOUCHEE-HOME-B42841.HTML
GUIDECRAFT	GUIDECRAFT	wayfair.com	HTTPS://WWW.WAYFAIR.COM/BRAND/BND/GUIDECRAFT-B593.HTML
GUNJI	GUNJI	wayfair.com	HTTPS://WWW.WAYFAIR.COM/BRAND/BND/GUNJI-B62813.HTML
GUPAMIGA	GUPAMIGA	wayfair.com	HTTPS://WWW.WAYFAIR.COM/BRAND/BND/GUPAMIGA-B62084.HTML
GUSMODERN	GUSMODERN	wayfair.com	HTTPS://WWW.WAYFAIR.COM/BRAND/BND/GUS-MODERN-B1764.HTML
GUZZINI	GUZZINI	wayfair.com	HTTPS://WWW.WAYFAIR.COM/BRAND/BND/GUZZINI-B7688.HTML
GVODE	GVODE	wayfair.com	HTTPS://WWW.WAYFAIR.COM/BRAND/BND/GVODE-B87291.HTML
GYBER	GYBER	wayfair.com	HTTPS://WWW.WAYFAIR.COM/BRAND/BND/GYBER-B52575.HTML
GYBOHO	YOGIBO	wayfair.com	HTTPS://WWW.WAYFAIR.COM/BRAND/BND/YOGIBO-B16635.HTML
GYBYW	YIGOBUY	wayfair.com	HTTPS://WWW.WAYFAIR.COM/BRAND/BND/YIGOBUY-B57157.HTML
GYCHEE	GOUCHEEHOME	wayfair.com	HTTPS://WWW.WAYFAIR.COM/BRAND/BND/GOUCHEE-HOME-B42841.HTML
GYMAOYI	YANYUB62161	wayfair.com	HTTPS://WWW.WAYFAIR.COM/BRAND/BND/YANYU-B62161-MASTERCLID~6275.HTML
GYMAX	GYMAX	wayfair.com	HTTPS://WWW.WAYFAIR.COM/BRAND/BND/GYMAX-B56654.HTML
GYMDANDY	GYMDANDY	wayfair.com	HTTPS://WWW.WAYFAIR.COM/BRAND/BND/GYM-DANDY-B13550.HTML
GZAMBER	GZMR	wayfair.com	HTTPS://WWW.WAYFAIR.COM/BRAND/BND/GZMR-B65618.HTML
GZKM	GZMR	wayfair.com	HTTPS://WWW.WAYFAIR.COM/BRAND/BND/GZMR-B65618.HTML
GZMR	GZMR	wayfair.com	HTTPS://WWW.WAYFAIR.COM/BRAND/BND/GZMR-B65618.HTML
GZMSQR	GZMR	wayfair.com	HTTPS://WWW.WAYFAIR.COM/BRAND/BND/GZMR-B65618.HTML
GZNMHWA	GZMR	wayfair.com	HTTPS://WWW.WAYFAIR.COM/BRAND/BND/GZMR-B65618.HTML
H2OFURNISHINGS	H2OFURNISHINGS	wayfair.com	HTTPS://WWW.WAYFAIR.COM/BRAND/BND/H2O-FURNISHINGS-B58268.HTML
H2OGO	H2OGO	wayfair.com	HTTPS://WWW.WAYFAIR.COM/BRAND/BND/H2OGO-B72430.HTML
H4HOME	MADE4HOME	wayfair.com	HTTPS://WWW.WAYFAIR.COM/BRAND/BND/MADE4HOME-B52747.HTML
HAAKENFURNITURE	HAAKENFURNITURE	wayfair.com	HTTPS://WWW.WAYFAIR.COM/BRAND/BND/HAAKEN-FURNITURE-B6644.HTML
HAANRATTAN	HANNRTT	wayfair.com	HTTPS://WWW.WAYFAIR.COM/BRAND/BND/HANNRTT-B75494.HTML
HABELIGLOBAL	HGGLOBAL	wayfair.com	HTTPS://WWW.WAYFAIR.COM/BRAND/BND/HG-GLOBAL-B38416.HTML
HADEN	HADEN	wayfair.com	HTTPS://WWW.WAYFAIR.COM/BRAND/BND/HADEN-B72429.HTML
HADTRILY	HAITRAL	wayfair.com	HTTPS://WWW.WAYFAIR.COM/BRAND/BND/HAITRAL-B51274.HTML
HAILO	HAILOUSA	wayfair.com	HTTPS://WWW.WAYFAIR.COM/BRAND/BND/HAILO-USA-INC-B24960.HTML
HAILOUSA	HAILOUSA	wayfair.com	HTTPS://WWW.WAYFAIR.COM/BRAND/BND/HAILO-USA-INC-B24960.HTML
HAILTONBEACH	HAMILTONBEACH	wayfair.com	HTTPS://WWW.WAYFAIR.COM/BRAND/BND/HAMILTON-BEACH-B1194.HTML
HAISHEN80	HUASHEN	wayfair.com	HTTPS://WWW.WAYFAIR.COM/BRAND/BND/HUASHEN-B56687.HTML
HAITANG	HAITANG	wayfair.com	HTTPS://WWW.WAYFAIR.COM/BRAND/BND/HAITANG-B69261.HTML
HAITOUXIARTS	HAITRAL	wayfair.com	HTTPS://WWW.WAYFAIR.COM/BRAND/BND/HAITRAL-B51274.HTML
HAITRAL	HAITRAL	wayfair.com	HTTPS://WWW.WAYFAIR.COM/BRAND/BND/HAITRAL-B51274.HTML
HAKKAFOODPROCESSING	HAKKAFOODPROCESSING	wayfair.com	HTTPS://WWW.WAYFAIR.COM/BRAND/BND/HAKKA-FOOD-PROCESSING-B57209.HTML
HAKUNAPETS	HAKUNAPETS	wayfair.com	HTTPS://WWW.WAYFAIR.COM/BRAND/BND/HAKUNA-PETS-B54673.HTML
HALENCE	HALENCE	wayfair.com	HTTPS://WWW.WAYFAIR.COM/BRAND/BND/HALENCE-B88354.HTML
HALLOFFAMEMEMORABILIA	HOFSMCOMHALLOFFAMESPORTSMEMORABILIA	wayfair.com	HTTPS://WWW.WAYFAIR.COM/BRAND/BND/HOFSMCOM-HALL-OF-FAME-SPORTS-MEMORABILIA-B98525.HTML
HALLOFFAMESPORTSMEMORABILIA	HOFSMCOMHALLOFFAMESPORTSMEMORABILIA	wayfair.com	HTTPS://WWW.WAYFAIR.COM/BRAND/BND/HOFSMCOM-HALL-OF-FAME-SPORTS-MEMORABILIA-B98525.HTML
HALLOFGAMES	HALLOFGAMES	wayfair.com	HTTPS://WWW.WAYFAIR.COM/BRAND/BND/HALL-OF-GAMES-B53622.HTML
HALLOGGAMES	HALLOFGAMES	wayfair.com	HTTPS://WWW.WAYFAIR.COM/BRAND/BND/HALL-OF-GAMES-B53622.HTML
HALLOLURE	HALLOLURE	wayfair.com	HTTPS://WWW.WAYFAIR.COM/BRAND/BND/HALLOLURE-B61555.HTML/
HALLOWELLSHELVING	HALLOWELL	wayfair.com	HTTPS://WWW.WAYFAIR.COM/BRAND/BND/HALLOWELL-B193.HTML
HALOINNOVATIONS	HALOINNOVATIONS	wayfair.com	HTTPS://WWW.WAYFAIR.COM/BRAND/BND/HALO-INNOVATIONS-INC-B1584.HTML
HALSTED	HALSTED	wayfair.com	HTTPS://WWW.WAYFAIR.COM/BRAND/BND/HALSTED-B58530.HTML
HAMILTONBEACH	HAMILTONBEACH	wayfair.com	HTTPS://WWW.WAYFAIR.COM/BRAND/BND/HAMILTON-BEACH-B1194.HTML
HAMILTONBEACHANDFARBERWARE	HAMILTONBEACH	wayfair.com	HTTPS://WWW.WAYFAIR.COM/BRAND/BND/HAMILTON-BEACH-B1194.HTML
HAMILTONBEACHBRANDS	HAMILTONBEACH	wayfair.com	HTTPS://WWW.WAYFAIR.COM/BRAND/BND/HAMILTON-BEACH-B1194.HTML
HAMILTONBEACHHAMILTONBEACH	HAMILTONBEACH	wayfair.com	HTTPS://WWW.WAYFAIR.COM/BRAND/BND/HAMILTON-BEACH-B1194.HTML
HAMILTONBEACHMODERNCHROME4SLICE	HAMILTONBEACH	wayfair.com	HTTPS://WWW.WAYFAIR.COM/BRAND/BND/HAMILTON-BEACH-B1194.HTML
HAMILTONBEECH	HAMILTONBEACH	wayfair.com	HTTPS://WWW.WAYFAIR.COM/BRAND/BND/HAMILTON-BEACH-B1194.HTML
HAMILTONBOWES	HAMILTONBOWES	wayfair.com	HTTPS://WWW.WAYFAIR.COM/BRAND/BND/HAMILTON-BOWES-B51652.HTML
HAMILTONEACH	HAMILTONBEACH	wayfair.com	HTTPS://WWW.WAYFAIR.COM/BRAND/BND/HAMILTON-BEACH-B1194.HTML
HAMITONBEACH	HAMILTONBEACH	wayfair.com	HTTPS://WWW.WAYFAIR.COM/BRAND/BND/HAMILTON-BEACH-B1194.HTML
HAMMAKA	HAMMAKA	wayfair.com	HTTPS://WWW.WAYFAIR.COM/BRAND/BND/HAMMAKA-B771.HTML
HAMMAMLINEN	HAMMAMLINEN	wayfair.com	HTTPS://WWW.WAYFAIR.COM/BRAND/BND/HAMMAM-LINEN-B62392.HTML
HAMMARY	HAMMARY	wayfair.com	HTTPS://WWW.WAYFAIR.COM/BRAND/BND/HAMMARY-B2447.HTML
HAMPTONFORGE	HAMPTONFORGE	wayfair.com	HTTPS://WWW.WAYFAIR.COM/BRAND/BND/HAMPTON-FORGE-B10982.HTML
HAMPTONHILL	HAMPTONHILL	wayfair.com	HTTPS://WWW.WAYFAIR.COM/BRAND/BND/HAMPTON-HILL-B9067.HTML
HAMPTONPRODUCTSINTERNATIONAL	HAMPTONPRODUCTSINTERNATIONAL	wayfair.com	HTTPS://WWW.WAYFAIR.COM/BRAND/BND/HAMPTON-PRODUCTS-INTERNATIONAL-B12387.HTML
HAMPTONPRODUCTSINTERNATIONALCORPO	HAMPTONPRODUCTSINTERNATIONAL	wayfair.com	HTTPS://WWW.WAYFAIR.COM/BRAND/BND/HAMPTON-PRODUCTS-INTERNATIONAL-B12387.HTML
HANAMYA	HANAMYA	wayfair.com	HTTPS://WWW.WAYFAIR.COM/BRAND/BND/HANAMYA-B61463.HTML
HANDCRAFTEDNAUTICALDECOR	HANDCRAFTEDNAUTICALDECOR	wayfair.com	HTTPS://WWW.WAYFAIR.COM/BRAND/BND/HANDCRAFTED-NAUTICAL-DECOR-B24766.HTML
HANDYHOME	HANDYHOME	wayfair.com	HTTPS://WWW.WAYFAIR.COM/BRAND/BND/HANDY-HOME-B3126.HTML
HANDYHOMECONCEPTS	HANDYHOME	wayfair.com	HTTPS://WWW.WAYFAIR.COM/BRAND/BND/HANDY-HOME-B3126.HTML
HANDYHOMEPRODUCTS	HANDYHOME	wayfair.com	HTTPS://WWW.WAYFAIR.COM/BRAND/BND/HANDY-HOME-B3126.HTML
HANDYLIVING	HANDYLIVING	wayfair.com	HTTPS://WWW.WAYFAIR.COM/BRAND/BND/HANDY-LIVING-B918.HTML
HANFAIRS	HONBAY	wayfair.com	HTTPS://WWW.WAYFAIR.COM/BRAND/BND/HONBAY-B55030.HTML
HANGERCENTRAL	HANGERCENTRAL	wayfair.com	HTTPS://WWW.WAYFAIR.COM/BRAND/BND/HANGER-CENTRAL-B56084.HTML
HANGOUTPOD	HANGOUTPOD	wayfair.com	HTTPS://WWW.WAYFAIR.COM/BRAND/BND/HANGOUT-POD-B51308.HTML
HANKOOKCHINAWARE	HANKOOKCHINAWARE	wayfair.com	HTTPS://WWW.WAYFAIR.COM/BRAND/BND/HANKOOK-CHINAWARE-B56632.HTML
HANSBURG	HANSBURG	wayfair.com	HTTPS://WWW.WAYFAIR.COM/BRAND/BND/HANSBURG-B102403.HTML
HANVIICB	HONBAY	wayfair.com	HTTPS://WWW.WAYFAIR.COM/BRAND/BND/HONBAY-B55030.HTML
HAOK	HAOK	wayfair.com	HTTPS://WWW.WAYFAIR.COM/BRAND/BND/HAOK-B61357.HTML
HAOKER	HOOKERFURNITURE	wayfair.com	HTTPS://WWW.WAYFAIR.COM/BRAND/BND/HOOKER-FURNITURE-B1513.HTML
HAOKHOME	HAOKHOME	wayfair.com	HTTPS://WWW.WAYFAIR.COM/BRAND/BND/HAOKHOME-B57465.HTML
HAOTIAN	HAOTIAN	wayfair.com	HTTPS://WWW.WAYFAIR.COM/BRAND/BND/HAOTIAN-B61603.HTML
HAPERBRIGHTDESIGNS	HARPERBRIGHTDESIGNS	wayfair.com	HTTPS://WWW.WAYFAIR.COM/BRAND/BND/HARPER-BRIGHT-DESIGNS-B45248.HTML
HAPFAN	HAPFAN	wayfair.com	HTTPS://WWW.WAYFAIR.COM/BRAND/BND/HAPFAN-B106091.HTML
HAPPATIO	HAPPATIO	wayfair.com	HTTPS://WWW.WAYFAIR.COM/BRAND/BND/HAPPATIO-B75479.HTML
HAPPHOM	HAPPHOM	wayfair.com	HTTPS://WWW.WAYFAIR.COM/BRAND/BND/HAPPHOM-B85682.HTML
HAPPLYS	HAPPSY	wayfair.com	HTTPS://WWW.WAYFAIR.COM/BRAND/BND/HAPPSY-B81420.HTML
HAPPSY	HAPPSY	wayfair.com	HTTPS://WWW.WAYFAIR.COM/BRAND/BND/HAPPSY-B81420.HTML
HAPPYCALL	HAPPYCALL	wayfair.com	HTTPS://WWW.WAYFAIR.COM/BRAND/BND/HAPPYCALL-B36728.HTML
HAPPYPLANTER	HAPPYPLANTER	wayfair.com	HTTPS://WWW.WAYFAIR.COM/BRAND/BND/HAPPY-PLANTER-B37612.HTML
HAPPYPOLLY	HAPPYPOLLY	wayfair.com	HTTPS://WWW.WAYFAIR.COM/BRAND/BND/HAPPY-POLLY-B82526.HTML
HAPYFURN	HYPEFURNITURE	wayfair.com	HTTPS://WWW.WAYFAIR.COM/BRAND/BND/HYPEFURNITURE-B60153.HTML
HARBORHOUSEBEDDING	HARBORHOUSE	wayfair.com	HTTPS://WWW.WAYFAIR.COM/BRAND/BND/HARBOR-HOUSE-B2601.HTML
HARDWAREHOUSE	HARDWAREHOUSE	wayfair.com	HTTPS://WWW.WAYFAIR.COM/BRAND/BND/HARDWARE-HOUSE-B10252.HTML
HARDWARERESOURCES	HARDWARERESOURCES	wayfair.com	HTTPS://WWW.WAYFAIR.COM/BRAND/BND/HARDWARE-RESOURCES-B42458.HTML
HARDWARERESOURFES	HARDWARERESOURCES	wayfair.com	HTTPS://WWW.WAYFAIR.COM/BRAND/BND/HARDWARE-RESOURCES-B42458.HTML
HARIETTBEE	HARRIETBEE	wayfair.com	HTTPS://WWW.WAYFAIR.COM/BRAND/BND/HARRIET-BEE-B44328.HTML
HARLIEANDSTONE	HARLIESTONE	wayfair.com	HTTPS://WWW.WAYFAIR.COM/BRAND/BND/HARLIE-STONE-B80666.HTML
HARMONIALIVING	HARMONIALIVING	wayfair.com	HTTPS://WWW.WAYFAIR.COM/BRAND/BND/HARMONIA-LIVING-B35867.HTML
HARMONYMODERN	HARMONYMODERN	wayfair.com	HTTPS://WWW.WAYFAIR.COM/BRAND/BND/HARMONY-MODERN-B52047.HTML
HARPANDFINIAL	HARPANDFINIAL	wayfair.com	HTTPS://WWW.WAYFAIR.COM/BRAND/BND/HARP-AND-FINIAL-B38477.HTML
HARPERANDBRIGHT	HARPERBRIGHTDESIGNS	wayfair.com	HTTPS://WWW.WAYFAIR.COM/BRAND/BND/HARPER-BRIGHT-DESIGNS-B45248.HTML
HARPERANDBRIGHTDESIGNS	HARPERBRIGHTDESIGNS	wayfair.com	HTTPS://WWW.WAYFAIR.COM/BRAND/BND/HARPER-BRIGHT-DESIGNS-B45248.HTML
HARPERANDBRIGHTLIVING	HARPERBRIGHTDESIGNS	wayfair.com	HTTPS://WWW.WAYFAIR.COM/BRAND/BND/HARPER-BRIGHT-DESIGNS-B45248.HTML
HARPERBRIGHT	HARPERBRIGHTDESIGNS	wayfair.com	HTTPS://WWW.WAYFAIR.COM/BRAND/BND/HARPER-BRIGHT-DESIGNS-B45248.HTML
HARPERBRIGHTDESIGN	HARPERBRIGHTDESIGNS	wayfair.com	HTTPS://WWW.WAYFAIR.COM/BRAND/BND/HARPER-BRIGHT-DESIGNS-B45248.HTML
HARPERBRIGHTDESIGNS	HARPERBRIGHTDESIGNS	wayfair.com	HTTPS://WWW.WAYFAIR.COM/BRAND/BND/HARPER-BRIGHT-DESIGNS-B45248.HTML
HARPERORCHARD	HARPERORCHARD	wayfair.com	HTTPS://WWW.WAYFAIR.COM/BRAND/BND/HARPER-ORCHARD-B44307.HTML
HARPFINIAL	HARPANDFINIAL	wayfair.com	HTTPS://WWW.WAYFAIR.COM/BRAND/BND/HARP-AND-FINIAL-B38477.HTML
HARRIETBEE	HARRIETBEE	wayfair.com	HTTPS://WWW.WAYFAIR.COM/BRAND/BND/HARRIET-BEE-B44328.HTML
HARRIETTBEE	HARRIETBEE	wayfair.com	HTTPS://WWW.WAYFAIR.COM/BRAND/BND/HARRIET-BEE-B44328.HTML
HARRYBARKER	HARRYBARKER	wayfair.com	HTTPS://WWW.WAYFAIR.COM/BRAND/BND/HARRY-BARKER-B2425.HTML
HASEGAWALADDERS	LUCANO	wayfair.com	HTTPS://WWW.WAYFAIR.COM/BRAND/BND/LUCANO-B37807.HTML
HASHTAGHOME	HASHTAGHOME	wayfair.com	HTTPS://WWW.WAYFAIR.COM/BRAND/BND/HASHTAG-HOME-B50028.HTML
HATHAWAYGAMES	HATHAWAYGAMES	wayfair.com	HTTPS://WWW.WAYFAIR.COM/BRAND/BND/HATHAWAY-GAMES-B15552.HTML
HAUNTEDHILLFARM	HAUNTEDHILLFARM	wayfair.com	HTTPS://WWW.WAYFAIR.COM/BRAND/BND/HAUNTED-HILL-FARM-B52569.HTML
HAUNTEDHILLFARMHAUNTEDHILLFARM	HAUNTEDHILLFARM	wayfair.com	HTTPS://WWW.WAYFAIR.COM/BRAND/BND/HAUNTED-HILL-FARM-B52569.HTML
HAUSANDHUES	HAUSANDHUES	wayfair.com	HTTPS://WWW.WAYFAIR.COM/BRAND/BND/HAUS-AND-HUES-B69362.HTML
HAUSHOF	HAUSHOF	wayfair.com	HTTPS://WWW.WAYFAIR.COM/BRAND/BND/HAUSHOF-B70974.HTML
HAUSROLAND	HAUSROLAND	wayfair.com	HTTPS://WWW.WAYFAIR.COM/BRAND/BND/HAUS-ROLAND-B98936.HTML
HAUTEDECOR	HAUTEDECOR	wayfair.com	HTTPS://WWW.WAYFAIR.COM/BRAND/BND/HAUTE-DECOR-B47227.HTML
HAWOK	HAWOK	wayfair.com	HTTPS://WWW.WAYFAIR.COM/BRAND/BND/HAWOK-B57894.HTML
HAWOO	HAWOO	wayfair.com	HTTPS://WWW.WAYFAIR.COM/BRAND/BND/HAWOO-B57631.HTML
HAWSWATERINGCANS	HAWSWATERINGCANS	wayfair.com	HTTPS://WWW.WAYFAIR.COM/BRAND/BND/HAWS-WATERING-CANS-B44589.HTML
HAZLI	HAZLI	wayfair.com	HTTPS://WWW.WAYFAIR.COM/BRAND/BND/HAZLI-B60321.HTML
HBEZON	HBEZON	wayfair.com	HTTPS://WWW.WAYFAIR.COM/BRAND/BND/HBEZON-B86798.HTML
HBHOME	HBHOME	wayfair.com	HTTPS://WWW.WAYFAIR.COM/BRAND/BND/HB-HOME-B63188.HTML
HBLUXURIES	HBLUXURIES	wayfair.com	HTTPS://WWW.WAYFAIR.COM/BRAND/BND/H-B-LUXURIES-B72954.HTML
HCALORY	HCALORY	wayfair.com	HTTPS://WWW.WAYFAIR.COM/BRAND/BND/HCALORY-B103551.HTML
HCK	HCK	wayfair.com	HTTPS://WWW.WAYFAIR.COM/BRAND/BND/HCK-B58133.HTML
HCORE	HCORE	wayfair.com	HTTPS://WWW.WAYFAIR.COM/BRAND/BND/HCORE-B75509.HTML
HDSTRADING	HDSTRADINGCORP	wayfair.com	HTTPS://WWW.WAYFAIR.COM/BRAND/BND/HDS-TRADING-CORP-B30694.HTML
HDSTRADINGCORP	HDSTRADINGCORP	wayfair.com	HTTPS://WWW.WAYFAIR.COM/BRAND/BND/HDS-TRADING-CORP-B30694.HTML
HEADLINESIGN	HEADLINESIGN	wayfair.com	HTTPS://WWW.WAYFAIR.COM/BRAND/BND/HEADLINE-SIGN-B7360.HTML
HEALTHOMSE	HEALTHOMSE	wayfair.com	HTTPS://WWW.WAYFAIR.COM/BRAND/BND/HEALTHOMSE-B60038.HTML
HEARTHBRANDS	HEARTHBRANDS	wayfair.com	HTTPS://WWW.WAYFAIR.COM/BRAND/BND/HEARTH-BRANDS-B83312.HTML
HEARTHHARBOR	HEARTHHARBOR	wayfair.com	HTTPS://WWW.WAYFAIR.COM/BRAND/BND/HEARTH-HARBOR-B59811.HTML
HEARTHMARK	HEARTHMARK	wayfair.com	HTTPS://WWW.WAYFAIR.COM/BRAND/BND/HEARTHMARK-B24279.HTML
HEARTHSENSE	HEARTHSENSE	wayfair.com	HTTPS://WWW.WAYFAIR.COM/BRAND/BND/HEARTHSENSE-B103357.HTML
HEARTHSIDE	THEHEARTHSIDECOLLECTION	wayfair.com	HTTPS://WWW.WAYFAIR.COM/BRAND/BND/THEHEARTHSIDECOLLECTION-B40605.HTML
HEARTHSIDECOLLECTION	THEHEARTHSIDECOLLECTION	wayfair.com	HTTPS://WWW.WAYFAIR.COM/BRAND/BND/THEHEARTHSIDECOLLECTION-B40605.HTML
HEARTHSIDECOLLECTIONTHE	THEHEARTHSIDECOLLECTION	wayfair.com	HTTPS://WWW.WAYFAIR.COM/BRAND/BND/THEHEARTHSIDECOLLECTION-B40605.HTML
HEATERSTORM	HEATSTORM	wayfair.com	HTTPS://WWW.WAYFAIR.COM/BRAND/BND/HEAT-STORM-B15711.HTML
HEATGENE	HEATGENE	wayfair.com	HTTPS://WWW.WAYFAIR.COM/BRAND/BND/HEATGENE-B49985.HTML
HEATHCO	HEATHCO	wayfair.com	HTTPS://WWW.WAYFAIR.COM/BRAND/BND/HEATHCO-B12394.HTML
HEATHOUTDOORPRODUCTS	HEATHOUTDOORPRODUCTS	wayfair.com	HTTPS://WWW.WAYFAIR.COM/BRAND/BND/HEATH-OUTDOOR-PRODUCTS-B17676.HTML
HEATHZENITH	HEATHZENITH	wayfair.com	HTTPS://WWW.WAYFAIR.COM/BRAND/BND/HEATH-ZENITH-B9639.HTML
HEATIZON	HEATWAVEBYHEATIZONSYSTEMS	wayfair.com	HTTPS://WWW.WAYFAIR.COM/BRAND/BND/HEATWAVE-BY-HEATIZON-SYSTEMS-B84002.HTML
HEATMAXX	HEAAXX	wayfair.com	HTTPS://WWW.WAYFAIR.COM/BRAND/BND/HEATMAXX-B58863.HTML
HEATSTORM	HEATSTORM	wayfair.com	HTTPS://WWW.WAYFAIR.COM/BRAND/BND/HEAT-STORM-B15711.HTML
HEATZONE	HEATZONE	wayfair.com	HTTPS://WWW.WAYFAIR.COM/BRAND/BND/HEATZONE-B62150.HTML
HEAVENFRESH	HEAVENFRESH	wayfair.com	HTTPS://WWW.WAYFAIR.COM/BRAND/BND/HEAVEN-FRESH-B31044.HTML
HECKMANFURNITURE	HEKMAN	wayfair.com	HTTPS://WWW.WAYFAIR.COM/BRAND/BND/HEKMAN-B11543.HTML
HEEMLI	HEEMLI	wayfair.com	HTTPS://WWW.WAYFAIR.COM/BRAND/BND/HEEMLI-B71368.HTML
HEIMAIBRO	HOMEIBRO	wayfair.com	HTTPS://WWW.WAYFAIR.COM/BRAND/BND/HOMEIBRO-B85513.HTML
HEIMCONCEPT	HEIMCONCEPT	wayfair.com	HTTPS://WWW.WAYFAIR.COM/BRAND/BND/HEIM-CONCEPT-B41061.HTML
HEININGERHOLDINGS	HEININGER	wayfair.com	HTTPS://WWW.WAYFAIR.COM/BRAND/BND/HEININGER-B16488.HTML
HEIRLOUM	HEIRLOUM	wayfair.com	HTTPS://WWW.WAYFAIR.COM/BRAND/BND/HEIRLOUMTM-B54617.HTML
HEITOK	HEITOK	wayfair.com	HTTPS://WWW.WAYFAIR.COM/BRAND/BND/HEITOK-B93507.HTML
HEKMAN	HEKMAN	wayfair.com	HTTPS://WWW.WAYFAIR.COM/BRAND/BND/HEKMAN-B11543.HTML
HEKMANFURNITURE	HEKMAN	wayfair.com	HTTPS://WWW.WAYFAIR.COM/BRAND/BND/HEKMAN-B11543.HTML
HELCEE	HELCEE	wayfair.com	HTTPS://WWW.WAYFAIR.COM/BRAND/BND/HELCEE-B57282.HTML
HELLOCUCINA	HELLOCUCINA	wayfair.com	HTTPS://WWW.WAYFAIR.COM/BRAND/BND/HELLO-CUCINA-B59904.HTML
HEMSLY	HEMSLY	wayfair.com	HTTPS://WWW.WAYFAIR.COM/BRAND/BND/HEMSLY-B60017.HTML
HENCELY	HENCELY	wayfair.com	HTTPS://WWW.WAYFAIR.COM/BRAND/BND/HENCELY-B58236.HTML
HENCKELS	HENCKELS	wayfair.com	HTTPS://WWW.WAYFAIR.COM/BRAND/BND/HENCKELS-B40673.HTML
